T = 1.0	 step = 1
115.91000000000003
10.74028409090909
[20.0, 20.0, 8.0, 30.0, 8.0, 20.0, 8.0, 30.0]
[7.0, 19.0, 19.0, 19.0, 7.0, 31.0, 29.0, 7.0]
[8.0, 8.0, 9.0, 8.0, 9.0, 9.0, 9.0, 9.0]
[9.0, 9.0, 8.0, 9.0, 9.0, 9.0, 9.0, 9.0]
T = 1.0	 step = 2
115.91000000000003
10.796988636363636
[20.0, 20.0, 8.0, 30.0, 8.0, 19.0, 8.0, 30.0]
[7.0, 19.0, 19.0, 19.0, 7.0, 31.0, 29.0, 7.0]
[8.0, 8.0, 9.0, 8.0, 9.0, 9.0, 9.0, 9.0]
[9.0, 9.0, 8.0, 9.0, 9.0, 9.0, 9.0, 9.0]
T = 1.0	 step = 3
115.88
10.963655303030302
[20.0, 20.0, 8.0, 30.0, 7.0, 19.0, 8.0, 30.0]
[7.0, 19.0, 19.0, 19.0, 7.0, 31.0, 29.0, 7.0]
[8.0, 8.0, 9.0, 8.0, 9.0, 9.0, 9.0, 9.0]
[9.0, 9.0, 8.0, 9.0, 9.0, 9.0, 9.0, 9.0]
T = 1.0	 step = 4
115.84000000000003
11.130321969696968
[20.0, 20.0, 8.0, 30.0, 7.0, 19.0, 8.0, 30.0]
[7.0, 19.0, 19.0, 19.0, 7.0, 31.0, 30.0, 7.0]
[8.0, 8.0, 9.0, 8.0, 9.0, 9.0, 9.0, 9.0]
[9.0, 9.0, 8.0, 9.0, 9.0, 9.0, 9.0, 9.0]
T = 1.0	 step = 5
115.85000000000002
11.073617424242425
[20.0, 20.0, 8.0, 30.0, 7.0, 20.0, 8.0, 30.0]
[7.0, 19.0, 19.0, 19.0, 7.0, 31.0, 30.0, 7.0]
[8.0, 8.0, 9.0, 8.0, 9.0, 9.0, 9.0, 9.0]
[9.0, 9.0, 8.0, 9.0, 9.0, 9.0, 9.0, 9.0]
T = 1.0	 step = 6
115.88
10.906950757575757
[20.0, 20.0, 8.0, 30.0, 7.0, 20.0, 8.0, 30.0]
[7.0, 19.0, 19.0, 19.0, 7.0, 31.0, 29.0, 7.0]
[8.0, 8.0, 9.0, 8.0, 9.0, 9.0, 9.0, 9.0]
[9.0, 9.0, 8.0, 9.0, 9.0, 9.0, 9.0, 9.0]
T = 1.0	 step = 7
115.28000000000003
11.240284090909093
[20.0, 20.0, 8.0, 30.0, 7.0, 20.0, 8.0, 30.0]
[6.0, 19.0, 19.0, 19.0, 7.0, 31.0, 29.0, 7.0]
[8.0, 8.0, 9.0, 8.0, 9.0, 9.0, 9.0, 9.0]
[9.0, 9.0, 8.0, 9.0, 9.0, 9.0, 9.0, 9.0]
T = 1.0	 step = 8
115.21000000000004
14.876950757575758
[20.0, 20.0, 8.0, 30.0, 33.0, 20.0, 8.0, 30.0]
[6.0, 19.0, 19.0, 19.0, 33.0, 31.0, 29.0, 7.0]
[8.0, 8.0, 9.0, 8.0, 9.0, 9.0, 9.0, 9.0]
[9.0, 9.0, 8.0, 9.0, 9.0, 9.0, 9.0, 9.0]
T = 1.0	 step = 9
115.11000000000001
15.140378787878788
[20.0, 19.0, 8.0, 30.0, 33.0, 20.0, 8.0, 30.0]
[6.0, 19.0, 19.0, 19.0, 33.0, 31.0, 29.0, 7.0]
[8.0, 8.0, 9.0, 8.0, 9.0, 9.0, 9.0, 9.0]
[9.0, 9.0, 8.0, 9.0, 9.0, 9.0, 9.0, 9.0]
T = 1.0	 step = 10
114.77000000000004
14.990994318181817
[20.0, 19.0, 8.0, 30.0, 33.0, 20.0, 8.0, 30.0]
[6.0, 20.0, 19.0, 19.0, 33.0, 31.0, 29.0, 7.0]
[8.0, 8.0, 9.0, 8.0, 9.0, 9.0, 9.0, 9.0]
[9.0, 9.0, 8.0, 9.0, 9.0, 9.0, 9.0, 9.0]
T = 1.0	 step = 11
114.73000000000002
15.157660984848485
[20.0, 19.0, 8.0, 30.0, 33.0, 20.0, 8.0, 30.0]
[6.0, 20.0, 18.0, 19.0, 33.0, 31.0, 29.0, 7.0]
[8.0, 8.0, 9.0, 8.0, 9.0, 9.0, 9.0, 9.0]
[9.0, 9.0, 8.0, 9.0, 9.0, 9.0, 9.0, 9.0]
T = 1.0	 step = 12
114.70000000000005
15.807045454545452
[20.0, 19.0, 8.0, 30.0, 33.0, 20.0, 8.0, 30.0]
[6.0, 20.0, 18.0, 21.0, 33.0, 31.0, 29.0, 7.0]
[8.0, 8.0, 9.0, 8.0, 9.0, 9.0, 9.0, 9.0]
[9.0, 9.0, 8.0, 9.0, 9.0, 9.0, 9.0, 9.0]
T = 1.0	 step = 13
115.01000000000005
15.973712121212118
[20.0, 19.0, 8.0, 30.0, 33.0, 20.0, 8.0, 30.0]
[6.0, 19.0, 18.0, 21.0, 33.0, 31.0, 29.0, 7.0]
[8.0, 8.0, 9.0, 8.0, 9.0, 9.0, 9.0, 9.0]
[9.0, 9.0, 8.0, 9.0, 9.0, 9.0, 9.0, 9.0]
T = 1.0	 step = 14
114.98000000000002
16.019943181818178
[20.0, 19.0, 8.0, 30.0, 33.0, 20.0, 7.0, 30.0]
[6.0, 19.0, 18.0, 21.0, 33.0, 31.0, 29.0, 7.0]
[8.0, 8.0, 9.0, 8.0, 9.0, 9.0, 9.0, 9.0]
[9.0, 9.0, 8.0, 9.0, 9.0, 9.0, 9.0, 9.0]
T = 1.0	 step = 15
114.80000000000001
16.353276515151514
[20.0, 19.0, 8.0, 30.0, 33.0, 20.0, 7.0, 30.0]
[6.0, 19.0, 18.0, 22.0, 33.0, 31.0, 29.0, 7.0]
[8.0, 8.0, 9.0, 8.0, 9.0, 9.0, 9.0, 9.0]
[9.0, 9.0, 8.0, 9.0, 9.0, 9.0, 9.0, 9.0]
T = 1.0	 step = 16
114.27000000000004
16.647007575757577
[20.0, 19.0, 8.0, 31.0, 33.0, 20.0, 7.0, 30.0]
[6.0, 19.0, 18.0, 22.0, 33.0, 31.0, 29.0, 7.0]
[8.0, 8.0, 9.0, 8.0, 9.0, 9.0, 9.0, 9.0]
[9.0, 9.0, 8.0, 9.0, 9.0, 9.0, 9.0, 9.0]
T = 1.0	 step = 17
114.94
16.527689393939394
[20.0, 19.0, 9.0, 31.0, 33.0, 20.0, 7.0, 30.0]
[6.0, 19.0, 18.0, 22.0, 33.0, 31.0, 29.0, 7.0]
[8.0, 8.0, 9.0, 8.0, 9.0, 9.0, 9.0, 9.0]
[9.0, 9.0, 8.0, 9.0, 9.0, 9.0, 9.0, 9.0]
T = 1.0	 step = 18
114.29000000000002
16.480340909090906
[20.0, 19.0, 8.0, 31.0, 33.0, 20.0, 7.0, 30.0]
[6.0, 19.0, 19.0, 22.0, 33.0, 31.0, 29.0, 7.0]
[8.0, 8.0, 9.0, 8.0, 9.0, 9.0, 9.0, 9.0]
[9.0, 9.0, 8.0, 9.0, 9.0, 9.0, 9.0, 9.0]
T = 1.0	 step = 19
114.34000000000003
17.057926136363633
[12.0, 19.0, 8.0, 31.0, 33.0, 20.0, 7.0, 30.0]
[8.0, 19.0, 19.0, 22.0, 33.0, 31.0, 29.0, 7.0]
[9.0, 8.0, 9.0, 8.0, 9.0, 9.0, 9.0, 9.0]
[8.0, 9.0, 8.0, 9.0, 9.0, 9.0, 9.0, 9.0]
T = 1.0	 step = 20
114.29000000000002
17.105274621212118
[12.0, 19.0, 8.0, 31.0, 33.0, 20.0, 6.0, 30.0]
[8.0, 19.0, 19.0, 22.0, 33.0, 31.0, 29.0, 7.0]
[9.0, 8.0, 9.0, 8.0, 9.0, 9.0, 9.0, 9.0]
[8.0, 9.0, 8.0, 9.0, 9.0, 9.0, 9.0, 9.0]
T = 1.0	 step = 21
114.33000000000004
16.938607954545454
[12.0, 19.0, 8.0, 31.0, 32.0, 20.0, 6.0, 30.0]
[8.0, 19.0, 19.0, 22.0, 33.0, 31.0, 29.0, 7.0]
[9.0, 8.0, 9.0, 8.0, 9.0, 9.0, 9.0, 9.0]
[8.0, 9.0, 8.0, 9.0, 9.0, 9.0, 9.0, 9.0]
T = 1.0	 step = 22
114.37
16.771941287878786
[12.0, 19.0, 8.0, 31.0, 32.0, 20.0, 6.0, 30.0]
[8.0, 19.0, 19.0, 22.0, 33.0, 31.0, 29.0, 8.0]
[9.0, 8.0, 9.0, 8.0, 9.0, 9.0, 9.0, 9.0]
[8.0, 9.0, 8.0, 9.0, 9.0, 9.0, 9.0, 9.0]
T = 1.0	 step = 23
114.43
16.605274621212118
[12.0, 19.0, 8.0, 31.0, 32.0, 20.0, 6.0, 30.0]
[8.0, 19.0, 19.0, 22.0, 33.0, 30.0, 29.0, 8.0]
[9.0, 8.0, 9.0, 8.0, 9.0, 9.0, 9.0, 9.0]
[8.0, 9.0, 8.0, 9.0, 9.0, 9.0, 9.0, 9.0]
T = 1.0	 step = 24
114.96000000000004
16.311543560606058
[12.0, 19.0, 8.0, 30.0, 32.0, 20.0, 6.0, 30.0]
[8.0, 19.0, 19.0, 22.0, 33.0, 30.0, 29.0, 8.0]
[9.0, 8.0, 9.0, 8.0, 9.0, 9.0, 9.0, 9.0]
[8.0, 9.0, 8.0, 9.0, 9.0, 9.0, 9.0, 9.0]
T = 1.0	 step = 25
114.93
16.478210227272726
[12.0, 19.0, 8.0, 30.0, 32.0, 20.0, 6.0, 30.0]
[8.0, 19.0, 19.0, 22.0, 33.0, 30.0, 30.0, 8.0]
[9.0, 8.0, 9.0, 8.0, 9.0, 9.0, 9.0, 9.0]
[8.0, 9.0, 8.0, 9.0, 9.0, 9.0, 9.0, 9.0]
T = 1.0	 step = 26
115.14000000000004
16.644876893939394
[12.0, 19.0, 8.0, 30.0, 32.0, 20.0, 6.0, 30.0]
[8.0, 18.0, 19.0, 22.0, 33.0, 30.0, 30.0, 8.0]
[9.0, 8.0, 9.0, 8.0, 9.0, 9.0, 9.0, 9.0]
[8.0, 9.0, 8.0, 9.0, 9.0, 9.0, 9.0, 9.0]
T = 1.0	 step = 27
114.97000000000003
16.43086174242424
[12.0, 19.0, 8.0, 30.0, 32.0, 20.0, 7.0, 30.0]
[8.0, 19.0, 19.0, 22.0, 33.0, 30.0, 30.0, 8.0]
[9.0, 8.0, 9.0, 8.0, 9.0, 9.0, 9.0, 9.0]
[8.0, 9.0, 8.0, 9.0, 9.0, 9.0, 9.0, 9.0]
T = 1.0	 step = 28
114.93
16.478210227272726
[12.0, 19.0, 8.0, 30.0, 32.0, 20.0, 6.0, 30.0]
[8.0, 19.0, 19.0, 22.0, 33.0, 30.0, 30.0, 8.0]
[9.0, 8.0, 9.0, 8.0, 9.0, 9.0, 9.0, 9.0]
[8.0, 9.0, 8.0, 9.0, 9.0, 9.0, 9.0, 9.0]
T = 1.0	 step = 29
115.14000000000004
16.644876893939394
[12.0, 19.0, 8.0, 30.0, 32.0, 20.0, 6.0, 30.0]
[8.0, 18.0, 19.0, 22.0, 33.0, 30.0, 30.0, 8.0]
[9.0, 8.0, 9.0, 8.0, 9.0, 9.0, 9.0, 9.0]
[8.0, 9.0, 8.0, 9.0, 9.0, 9.0, 9.0, 9.0]
T = 1.0	 step = 30
113.47000000000003
18.294261363636362
[9.0, 19.0, 8.0, 30.0, 32.0, 20.0, 6.0, 30.0]
[6.0, 18.0, 19.0, 22.0, 33.0, 30.0, 30.0, 8.0]
[8.0, 8.0, 9.0, 8.0, 9.0, 9.0, 9.0, 9.0]
[9.0, 9.0, 8.0, 9.0, 9.0, 9.0, 9.0, 9.0]
T = 1.0	 step = 31
113.21000000000004
18.627594696969695
[8.0, 19.0, 8.0, 30.0, 32.0, 20.0, 6.0, 30.0]
[6.0, 18.0, 19.0, 22.0, 33.0, 30.0, 30.0, 8.0]
[8.0, 8.0, 9.0, 8.0, 9.0, 9.0, 9.0, 9.0]
[9.0, 9.0, 8.0, 9.0, 9.0, 9.0, 9.0, 9.0]
T = 1.0	 step = 32
113.15000000000003
18.460928030303027
[8.0, 19.0, 8.0, 30.0, 32.0, 20.0, 6.0, 30.0]
[6.0, 19.0, 19.0, 22.0, 33.0, 30.0, 30.0, 8.0]
[8.0, 8.0, 9.0, 8.0, 9.0, 9.0, 9.0, 9.0]
[9.0, 9.0, 8.0, 9.0, 9.0, 9.0, 9.0, 9.0]
T = 1.0	 step = 33
113.32000000000005
18.127594696969695
[8.0, 19.0, 8.0, 30.0, 32.0, 20.0, 6.0, 30.0]
[6.0, 19.0, 19.0, 21.0, 33.0, 30.0, 30.0, 8.0]
[8.0, 8.0, 9.0, 8.0, 9.0, 9.0, 9.0, 9.0]
[9.0, 9.0, 8.0, 9.0, 9.0, 9.0, 9.0, 9.0]
T = 1.0	 step = 34
113.28000000000003
18.11836174242424
[8.0, 19.0, 8.0, 30.0, 32.0, 20.0, 6.0, 31.0]
[6.0, 19.0, 19.0, 21.0, 33.0, 30.0, 30.0, 8.0]
[8.0, 8.0, 9.0, 8.0, 9.0, 9.0, 9.0, 9.0]
[9.0, 9.0, 8.0, 9.0, 9.0, 9.0, 9.0, 9.0]
T = 1.0	 step = 35
113.26000000000005
18.285028409090906
[8.0, 19.0, 8.0, 30.0, 32.0, 20.0, 6.0, 31.0]
[6.0, 19.0, 19.0, 21.0, 33.0, 30.0, 31.0, 8.0]
[8.0, 8.0, 9.0, 8.0, 9.0, 9.0, 9.0, 9.0]
[9.0, 9.0, 8.0, 9.0, 9.0, 9.0, 9.0, 9.0]
T = 1.0	 step = 36
111.71000000000004
19.087992424242422
[8.0, 19.0, 8.0, 33.0, 32.0, 20.0, 6.0, 31.0]
[6.0, 19.0, 19.0, 21.0, 33.0, 30.0, 31.0, 8.0]
[8.0, 8.0, 9.0, 9.0, 9.0, 9.0, 9.0, 9.0]
[9.0, 9.0, 8.0, 8.0, 9.0, 9.0, 9.0, 9.0]
T = 1.0	 step = 37
111.73000000000002
18.921325757575755
[8.0, 19.0, 8.0, 33.0, 31.0, 20.0, 6.0, 31.0]
[6.0, 19.0, 19.0, 21.0, 33.0, 30.0, 31.0, 8.0]
[8.0, 8.0, 9.0, 9.0, 9.0, 9.0, 9.0, 9.0]
[9.0, 9.0, 8.0, 8.0, 9.0, 9.0, 9.0, 9.0]
T = 1.0	 step = 38
113.90000000000003
16.32527462121212
[17.0, 19.0, 8.0, 33.0, 31.0, 20.0, 6.0, 31.0]
[7.0, 19.0, 19.0, 21.0, 33.0, 30.0, 31.0, 8.0]
[9.0, 8.0, 9.0, 9.0, 9.0, 9.0, 9.0, 9.0]
[8.0, 9.0, 8.0, 8.0, 9.0, 9.0, 9.0, 9.0]
T = 1.0	 step = 39
114.56
16.19393939393939
[17.0, 19.0, 9.0, 33.0, 31.0, 20.0, 6.0, 31.0]
[7.0, 19.0, 19.0, 21.0, 33.0, 30.0, 31.0, 8.0]
[9.0, 8.0, 9.0, 9.0, 9.0, 9.0, 9.0, 9.0]
[8.0, 9.0, 8.0, 8.0, 9.0, 9.0, 9.0, 9.0]
T = 1.0	 step = 40
114.5
16.36060606060606
[17.0, 19.0, 9.0, 33.0, 31.0, 20.0, 6.0, 31.0]
[7.0, 19.0, 19.0, 21.0, 33.0, 31.0, 31.0, 8.0]
[9.0, 8.0, 9.0, 9.0, 9.0, 9.0, 9.0, 9.0]
[8.0, 9.0, 8.0, 8.0, 9.0, 9.0, 9.0, 9.0]
T = 0.8	 step = 41
114.45000000000005
16.19393939393939
[17.0, 19.0, 9.0, 33.0, 31.0, 20.0, 6.0, 31.0]
[7.0, 19.0, 20.0, 21.0, 33.0, 31.0, 31.0, 8.0]
[9.0, 8.0, 9.0, 9.0, 9.0, 9.0, 9.0, 9.0]
[8.0, 9.0, 8.0, 8.0, 9.0, 9.0, 9.0, 9.0]
T = 0.8	 step = 42
114.78000000000003
16.36060606060606
[17.0, 19.0, 9.0, 33.0, 31.0, 20.0, 6.0, 31.0]
[7.0, 18.0, 20.0, 21.0, 33.0, 31.0, 31.0, 8.0]
[9.0, 8.0, 9.0, 9.0, 9.0, 9.0, 9.0, 9.0]
[8.0, 9.0, 8.0, 8.0, 9.0, 9.0, 9.0, 9.0]
T = 0.8	 step = 43
114.89000000000004
16.527272727272727
[17.0, 19.0, 9.0, 33.0, 31.0, 20.0, 6.0, 31.0]
[7.0, 18.0, 19.0, 21.0, 33.0, 31.0, 31.0, 8.0]
[9.0, 8.0, 9.0, 9.0, 9.0, 9.0, 9.0, 9.0]
[8.0, 9.0, 8.0, 8.0, 9.0, 9.0, 9.0, 9.0]
T = 0.8	 step = 44
114.30000000000001
16.86060606060606
[17.0, 19.0, 9.0, 33.0, 31.0, 20.0, 6.0, 31.0]
[6.0, 18.0, 19.0, 21.0, 33.0, 31.0, 31.0, 8.0]
[9.0, 8.0, 9.0, 9.0, 9.0, 9.0, 9.0, 9.0]
[8.0, 9.0, 8.0, 8.0, 9.0, 9.0, 9.0, 9.0]
T = 0.8	 step = 45
114.37
16.527272727272724
[17.0, 19.0, 9.0, 33.0, 31.0, 20.0, 6.0, 31.0]
[6.0, 18.0, 19.0, 20.0, 33.0, 31.0, 31.0, 8.0]
[9.0, 8.0, 9.0, 9.0, 9.0, 9.0, 9.0, 9.0]
[8.0, 9.0, 8.0, 8.0, 9.0, 9.0, 9.0, 9.0]
T = 0.8	 step = 46
114.09000000000003
16.40020833333333
[17.0, 20.0, 9.0, 33.0, 31.0, 20.0, 6.0, 31.0]
[6.0, 18.0, 19.0, 20.0, 33.0, 31.0, 31.0, 8.0]
[9.0, 8.0, 9.0, 9.0, 9.0, 9.0, 9.0, 9.0]
[8.0, 9.0, 8.0, 8.0, 9.0, 9.0, 9.0, 9.0]
T = 0.8	 step = 47
113.5
16.531543560606057
[17.0, 20.0, 8.0, 33.0, 31.0, 20.0, 6.0, 31.0]
[6.0, 18.0, 19.0, 20.0, 33.0, 31.0, 31.0, 8.0]
[9.0, 8.0, 9.0, 9.0, 9.0, 9.0, 9.0, 9.0]
[8.0, 9.0, 8.0, 8.0, 9.0, 9.0, 9.0, 9.0]
T = 0.8	 step = 48
112.16000000000003
18.337054924242423
[17.0, 20.0, 8.0, 5.0, 31.0, 20.0, 6.0, 31.0]
[6.0, 18.0, 19.0, 8.0, 33.0, 31.0, 31.0, 8.0]
[9.0, 8.0, 9.0, 8.0, 9.0, 9.0, 9.0, 9.0]
[8.0, 9.0, 8.0, 9.0, 9.0, 9.0, 9.0, 9.0]
T = 0.8	 step = 49
112.13
18.50372159090909
[17.0, 20.0, 8.0, 5.0, 31.0, 20.0, 6.0, 31.0]
[6.0, 18.0, 19.0, 8.0, 33.0, 32.0, 31.0, 8.0]
[9.0, 8.0, 9.0, 8.0, 9.0, 9.0, 9.0, 9.0]
[8.0, 9.0, 8.0, 9.0, 9.0, 9.0, 9.0, 9.0]
T = 0.8	 step = 50
111.58000000000004
18.837054924242423
[17.0, 20.0, 8.0, 5.0, 31.0, 20.0, 6.0, 31.0]
[6.0, 18.0, 19.0, 7.0, 33.0, 32.0, 31.0, 8.0]
[9.0, 8.0, 9.0, 8.0, 9.0, 9.0, 9.0, 9.0]
[8.0, 9.0, 8.0, 9.0, 9.0, 9.0, 9.0, 9.0]
T = 0.8	 step = 51
112.28000000000003
18.740643939393934
[17.0, 19.0, 8.0, 5.0, 31.0, 20.0, 6.0, 31.0]
[6.0, 18.0, 19.0, 7.0, 33.0, 32.0, 31.0, 8.0]
[9.0, 8.0, 9.0, 8.0, 9.0, 9.0, 9.0, 9.0]
[8.0, 9.0, 8.0, 9.0, 9.0, 9.0, 9.0, 9.0]
T = 0.8	 step = 52
112.56
18.407310606060605
[17.0, 19.0, 8.0, 6.0, 31.0, 20.0, 6.0, 31.0]
[6.0, 18.0, 19.0, 7.0, 33.0, 32.0, 31.0, 8.0]
[9.0, 8.0, 9.0, 8.0, 9.0, 9.0, 9.0, 9.0]
[8.0, 9.0, 8.0, 9.0, 9.0, 9.0, 9.0, 9.0]
T = 0.8	 step = 53
113.48000000000002
18.32681818181818
[17.0, 18.0, 8.0, 6.0, 31.0, 20.0, 6.0, 31.0]
[6.0, 18.0, 19.0, 7.0, 33.0, 32.0, 31.0, 8.0]
[9.0, 8.0, 9.0, 8.0, 9.0, 9.0, 9.0, 9.0]
[8.0, 9.0, 8.0, 9.0, 9.0, 9.0, 9.0, 9.0]
T = 0.8	 step = 54
112.29000000000002
18.740643939393937
[17.0, 19.0, 8.0, 6.0, 31.0, 20.0, 6.0, 31.0]
[6.0, 18.0, 19.0, 6.0, 33.0, 32.0, 31.0, 8.0]
[9.0, 8.0, 9.0, 8.0, 9.0, 9.0, 9.0, 9.0]
[8.0, 9.0, 8.0, 9.0, 9.0, 9.0, 9.0, 9.0]
T = 0.8	 step = 55
112.27000000000004
18.907310606060605
[17.0, 19.0, 8.0, 6.0, 32.0, 20.0, 6.0, 31.0]
[6.0, 18.0, 19.0, 6.0, 33.0, 32.0, 31.0, 8.0]
[9.0, 8.0, 9.0, 8.0, 9.0, 9.0, 9.0, 9.0]
[8.0, 9.0, 8.0, 9.0, 9.0, 9.0, 9.0, 9.0]
T = 0.8	 step = 56
112.31
18.79746212121212
[17.0, 19.0, 8.0, 6.0, 32.0, 20.0, 7.0, 31.0]
[6.0, 18.0, 19.0, 6.0, 33.0, 32.0, 31.0, 8.0]
[9.0, 8.0, 9.0, 8.0, 9.0, 9.0, 9.0, 9.0]
[8.0, 9.0, 8.0, 9.0, 9.0, 9.0, 9.0, 9.0]
T = 0.8	 step = 57
112.34000000000003
18.630795454545453
[17.0, 19.0, 8.0, 6.0, 32.0, 20.0, 7.0, 31.0]
[6.0, 18.0, 19.0, 6.0, 33.0, 32.0, 30.0, 8.0]
[9.0, 8.0, 9.0, 8.0, 9.0, 9.0, 9.0, 9.0]
[8.0, 9.0, 8.0, 9.0, 9.0, 9.0, 9.0, 9.0]
T = 0.8	 step = 58
112.30000000000001
18.740643939393937
[17.0, 19.0, 8.0, 6.0, 32.0, 20.0, 6.0, 31.0]
[6.0, 18.0, 19.0, 6.0, 33.0, 32.0, 30.0, 8.0]
[9.0, 8.0, 9.0, 8.0, 9.0, 9.0, 9.0, 9.0]
[8.0, 9.0, 8.0, 9.0, 9.0, 9.0, 9.0, 9.0]
T = 0.8	 step = 59
112.45000000000005
18.740643939393937
[17.0, 19.0, 8.0, 6.0, 32.0, 20.0, 6.0, 31.0]
[6.0, 18.0, 18.0, 6.0, 33.0, 32.0, 30.0, 8.0]
[9.0, 8.0, 9.0, 8.0, 9.0, 9.0, 9.0, 9.0]
[8.0, 9.0, 8.0, 9.0, 9.0, 9.0, 9.0, 9.0]
T = 0.8	 step = 60
112.42000000000002
18.826818181818183
[17.0, 19.0, 8.0, 6.0, 32.0, 21.0, 6.0, 31.0]
[6.0, 18.0, 18.0, 6.0, 33.0, 32.0, 30.0, 8.0]
[9.0, 8.0, 9.0, 8.0, 9.0, 9.0, 9.0, 9.0]
[8.0, 9.0, 8.0, 9.0, 9.0, 9.0, 9.0, 9.0]
T = 0.8	 step = 61
112.67000000000002
18.493484848484847
[17.0, 19.0, 8.0, 7.0, 32.0, 21.0, 6.0, 31.0]
[6.0, 18.0, 18.0, 6.0, 33.0, 32.0, 30.0, 8.0]
[9.0, 8.0, 9.0, 8.0, 9.0, 9.0, 9.0, 9.0]
[8.0, 9.0, 8.0, 9.0, 9.0, 9.0, 9.0, 9.0]
T = 0.8	 step = 62
112.65000000000003
18.660151515151515
[17.0, 19.0, 8.0, 7.0, 32.0, 21.0, 6.0, 31.0]
[6.0, 18.0, 18.0, 6.0, 33.0, 32.0, 31.0, 8.0]
[9.0, 8.0, 9.0, 8.0, 9.0, 9.0, 9.0, 9.0]
[8.0, 9.0, 8.0, 9.0, 9.0, 9.0, 9.0, 9.0]
T = 0.8	 step = 63
112.64000000000004
18.716969696969695
[17.0, 19.0, 8.0, 7.0, 32.0, 21.0, 7.0, 31.0]
[6.0, 18.0, 18.0, 6.0, 33.0, 32.0, 32.0, 8.0]
[9.0, 8.0, 9.0, 8.0, 9.0, 9.0, 9.0, 9.0]
[8.0, 9.0, 8.0, 9.0, 9.0, 9.0, 9.0, 9.0]
T = 0.8	 step = 64
112.66000000000003
18.550303030303027
[17.0, 19.0, 8.0, 7.0, 32.0, 21.0, 7.0, 31.0]
[6.0, 18.0, 18.0, 6.0, 32.0, 32.0, 32.0, 8.0]
[9.0, 8.0, 9.0, 8.0, 9.0, 9.0, 9.0, 9.0]
[8.0, 9.0, 8.0, 9.0, 9.0, 9.0, 9.0, 9.0]
T = 0.8	 step = 65
110.77000000000004
20.0209375
[17.0, 25.0, 8.0, 7.0, 32.0, 21.0, 7.0, 31.0]
[6.0, 20.0, 18.0, 6.0, 32.0, 32.0, 32.0, 8.0]
[9.0, 8.0, 9.0, 8.0, 9.0, 9.0, 9.0, 9.0]
[8.0, 9.0, 8.0, 9.0, 9.0, 9.0, 9.0, 9.0]
T = 0.8	 step = 66
110.74000000000001
20.187604166666663
[17.0, 25.0, 8.0, 7.0, 32.0, 21.0, 7.0, 31.0]
[6.0, 20.0, 18.0, 6.0, 32.0, 33.0, 32.0, 8.0]
[9.0, 8.0, 9.0, 8.0, 9.0, 9.0, 9.0, 9.0]
[8.0, 9.0, 8.0, 9.0, 9.0, 9.0, 9.0, 9.0]
T = 0.8	 step = 67
110.72000000000003
20.354270833333334
[17.0, 25.0, 8.0, 7.0, 32.0, 21.0, 7.0, 31.0]
[6.0, 20.0, 18.0, 6.0, 33.0, 33.0, 32.0, 8.0]
[9.0, 8.0, 9.0, 8.0, 9.0, 9.0, 9.0, 9.0]
[8.0, 9.0, 8.0, 9.0, 9.0, 9.0, 9.0, 9.0]
T = 0.8	 step = 68
110.39000000000004
20.354270833333334
[17.0, 25.0, 8.0, 7.0, 32.0, 21.0, 7.0, 31.0]
[6.0, 21.0, 18.0, 6.0, 33.0, 33.0, 32.0, 8.0]
[9.0, 8.0, 9.0, 8.0, 9.0, 9.0, 9.0, 9.0]
[8.0, 9.0, 8.0, 9.0, 9.0, 9.0, 9.0, 9.0]
T = 0.8	 step = 69
110.42000000000002
20.187604166666667
[17.0, 25.0, 8.0, 7.0, 32.0, 21.0, 7.0, 31.0]
[6.0, 21.0, 18.0, 6.0, 33.0, 32.0, 32.0, 8.0]
[9.0, 8.0, 9.0, 8.0, 9.0, 9.0, 9.0, 9.0]
[8.0, 9.0, 8.0, 9.0, 9.0, 9.0, 9.0, 9.0]
T = 0.8	 step = 70
110.57000000000005
19.854270833333334
[17.0, 24.0, 8.0, 7.0, 32.0, 21.0, 7.0, 31.0]
[6.0, 21.0, 18.0, 6.0, 33.0, 32.0, 32.0, 8.0]
[9.0, 8.0, 9.0, 8.0, 9.0, 9.0, 9.0, 9.0]
[8.0, 9.0, 8.0, 9.0, 9.0, 9.0, 9.0, 9.0]
T = 0.8	 step = 71
110.07000000000005
19.647395833333334
[18.0, 24.0, 8.0, 7.0, 32.0, 21.0, 7.0, 31.0]
[6.0, 21.0, 18.0, 6.0, 33.0, 32.0, 32.0, 8.0]
[9.0, 8.0, 9.0, 8.0, 9.0, 9.0, 9.0, 9.0]
[8.0, 9.0, 8.0, 9.0, 9.0, 9.0, 9.0, 9.0]
T = 0.8	 step = 72
110.06
19.814062500000002
[18.0, 24.0, 8.0, 7.0, 33.0, 21.0, 7.0, 31.0]
[6.0, 21.0, 18.0, 6.0, 33.0, 32.0, 32.0, 8.0]
[9.0, 8.0, 9.0, 8.0, 9.0, 9.0, 9.0, 9.0]
[8.0, 9.0, 8.0, 9.0, 9.0, 9.0, 9.0, 9.0]
T = 0.8	 step = 73
109.51000000000005
20.14739583333333
[18.0, 24.0, 8.0, 6.0, 33.0, 21.0, 7.0, 31.0]
[6.0, 21.0, 18.0, 6.0, 33.0, 32.0, 32.0, 8.0]
[9.0, 8.0, 9.0, 8.0, 9.0, 9.0, 9.0, 9.0]
[8.0, 9.0, 8.0, 9.0, 9.0, 9.0, 9.0, 9.0]
T = 0.8	 step = 74
109.40000000000003
20.480729166666663
[18.0, 24.0, 8.0, 5.0, 33.0, 21.0, 7.0, 31.0]
[6.0, 21.0, 18.0, 6.0, 33.0, 32.0, 32.0, 8.0]
[9.0, 8.0, 9.0, 8.0, 9.0, 9.0, 9.0, 9.0]
[8.0, 9.0, 8.0, 9.0, 9.0, 9.0, 9.0, 9.0]
T = 0.8	 step = 75
109.42000000000002
20.3140625
[18.0, 24.0, 8.0, 5.0, 33.0, 21.0, 7.0, 30.0]
[6.0, 21.0, 18.0, 6.0, 33.0, 32.0, 32.0, 8.0]
[9.0, 8.0, 9.0, 8.0, 9.0, 9.0, 9.0, 9.0]
[8.0, 9.0, 8.0, 9.0, 9.0, 9.0, 9.0, 9.0]
T = 0.8	 step = 76
109.07000000000005
20.647395833333334
[18.0, 25.0, 8.0, 5.0, 33.0, 21.0, 7.0, 30.0]
[6.0, 21.0, 18.0, 6.0, 33.0, 32.0, 32.0, 8.0]
[9.0, 8.0, 9.0, 8.0, 9.0, 9.0, 9.0, 9.0]
[8.0, 9.0, 8.0, 9.0, 9.0, 9.0, 9.0, 9.0]
T = 0.8	 step = 77
108.71000000000004
20.980729166666666
[18.0, 26.0, 8.0, 5.0, 33.0, 21.0, 7.0, 30.0]
[6.0, 21.0, 18.0, 6.0, 33.0, 32.0, 32.0, 8.0]
[9.0, 8.0, 9.0, 8.0, 9.0, 9.0, 9.0, 9.0]
[8.0, 9.0, 8.0, 9.0, 9.0, 9.0, 9.0, 9.0]
T = 0.8	 step = 78
108.74000000000001
20.814062500000002
[18.0, 26.0, 8.0, 5.0, 33.0, 21.0, 7.0, 29.0]
[6.0, 21.0, 18.0, 6.0, 33.0, 32.0, 32.0, 8.0]
[9.0, 8.0, 9.0, 8.0, 9.0, 9.0, 9.0, 9.0]
[8.0, 9.0, 8.0, 9.0, 9.0, 9.0, 9.0, 9.0]
T = 0.8	 step = 79
108.76000000000005
20.647395833333334
[18.0, 26.0, 8.0, 5.0, 32.0, 21.0, 7.0, 29.0]
[6.0, 21.0, 18.0, 6.0, 33.0, 32.0, 32.0, 8.0]
[9.0, 8.0, 9.0, 8.0, 9.0, 9.0, 9.0, 9.0]
[8.0, 9.0, 8.0, 9.0, 9.0, 9.0, 9.0, 9.0]
T = 0.6400000000000001	 step = 80
109.07000000000005
20.854270833333334
[17.0, 26.0, 8.0, 5.0, 32.0, 21.0, 7.0, 29.0]
[6.0, 21.0, 18.0, 6.0, 33.0, 32.0, 32.0, 8.0]
[9.0, 8.0, 9.0, 8.0, 9.0, 9.0, 9.0, 9.0]
[8.0, 9.0, 8.0, 9.0, 9.0, 9.0, 9.0, 9.0]
T = 0.6400000000000001	 step = 81
108.76000000000005
20.647395833333334
[18.0, 26.0, 8.0, 5.0, 32.0, 21.0, 7.0, 29.0]
[6.0, 21.0, 18.0, 6.0, 33.0, 32.0, 32.0, 8.0]
[9.0, 8.0, 9.0, 8.0, 9.0, 9.0, 9.0, 9.0]
[8.0, 9.0, 8.0, 9.0, 9.0, 9.0, 9.0, 9.0]
T = 0.6400000000000001	 step = 82
109.38
20.314062500000002
[18.0, 26.0, 8.0, 5.0, 32.0, 21.0, 7.0, 29.0]
[6.0, 21.0, 18.0, 7.0, 33.0, 32.0, 32.0, 8.0]
[9.0, 8.0, 9.0, 8.0, 9.0, 9.0, 9.0, 9.0]
[8.0, 9.0, 8.0, 9.0, 9.0, 9.0, 9.0, 9.0]
T = 0.6400000000000001	 step = 83
109.99000000000001
19.980729166666666
[18.0, 26.0, 8.0, 5.0, 32.0, 21.0, 7.0, 29.0]
[6.0, 21.0, 18.0, 8.0, 33.0, 32.0, 32.0, 8.0]
[9.0, 8.0, 9.0, 8.0, 9.0, 9.0, 9.0, 9.0]
[8.0, 9.0, 8.0, 9.0, 9.0, 9.0, 9.0, 9.0]
T = 0.6400000000000001	 step = 84
109.75
19.980729166666666
[18.0, 25.0, 8.0, 5.0, 32.0, 21.0, 7.0, 29.0]
[6.0, 21.0, 18.0, 7.0, 33.0, 32.0, 32.0, 8.0]
[9.0, 8.0, 9.0, 8.0, 9.0, 9.0, 9.0, 9.0]
[8.0, 9.0, 8.0, 9.0, 9.0, 9.0, 9.0, 9.0]
T = 0.6400000000000001	 step = 85
110.42000000000002
19.980729166666666
[18.0, 25.0, 8.0, 5.0, 32.0, 21.0, 7.0, 29.0]
[6.0, 21.0, 17.0, 7.0, 33.0, 32.0, 32.0, 8.0]
[9.0, 8.0, 9.0, 8.0, 9.0, 9.0, 9.0, 9.0]
[8.0, 9.0, 8.0, 9.0, 9.0, 9.0, 9.0, 9.0]
T = 0.6400000000000001	 step = 86
110.39000000000004
20.147395833333334
[18.0, 25.0, 8.0, 5.0, 33.0, 21.0, 7.0, 29.0]
[6.0, 21.0, 17.0, 7.0, 33.0, 32.0, 32.0, 8.0]
[9.0, 8.0, 9.0, 8.0, 9.0, 9.0, 9.0, 9.0]
[8.0, 9.0, 8.0, 9.0, 9.0, 9.0, 9.0, 9.0]
T = 0.6400000000000001	 step = 87
110.41000000000003
19.980729166666666
[18.0, 25.0, 8.0, 5.0, 33.0, 21.0, 7.0, 29.0]
[6.0, 21.0, 17.0, 7.0, 32.0, 32.0, 32.0, 8.0]
[9.0, 8.0, 9.0, 8.0, 9.0, 9.0, 9.0, 9.0]
[8.0, 9.0, 8.0, 9.0, 9.0, 9.0, 9.0, 9.0]
T = 0.6400000000000001	 step = 88
110.38
20.147395833333334
[18.0, 25.0, 8.0, 5.0, 33.0, 21.0, 7.0, 30.0]
[6.0, 21.0, 17.0, 7.0, 32.0, 32.0, 32.0, 8.0]
[9.0, 8.0, 9.0, 8.0, 9.0, 9.0, 9.0, 9.0]
[8.0, 9.0, 8.0, 9.0, 9.0, 9.0, 9.0, 9.0]
T = 0.6400000000000001	 step = 89
110.07000000000005
19.980729166666666
[19.0, 25.0, 8.0, 5.0, 33.0, 21.0, 7.0, 30.0]
[6.0, 21.0, 17.0, 7.0, 32.0, 32.0, 32.0, 8.0]
[9.0, 8.0, 9.0, 8.0, 9.0, 9.0, 9.0, 9.0]
[8.0, 9.0, 8.0, 9.0, 9.0, 9.0, 9.0, 9.0]
T = 0.6400000000000001	 step = 90
110.23000000000002
19.647395833333334
[19.0, 25.0, 8.0, 6.0, 33.0, 21.0, 7.0, 30.0]
[6.0, 21.0, 17.0, 7.0, 32.0, 32.0, 32.0, 8.0]
[9.0, 8.0, 9.0, 8.0, 9.0, 9.0, 9.0, 9.0]
[8.0, 9.0, 8.0, 9.0, 9.0, 9.0, 9.0, 9.0]
T = 0.6400000000000001	 step = 91
110.17000000000002
19.814062500000002
[19.0, 25.0, 8.0, 6.0, 33.0, 21.0, 7.0, 30.0]
[6.0, 21.0, 17.0, 7.0, 32.0, 32.0, 33.0, 8.0]
[9.0, 8.0, 9.0, 8.0, 9.0, 9.0, 9.0, 9.0]
[8.0, 9.0, 8.0, 9.0, 9.0, 9.0, 9.0, 9.0]
T = 0.6400000000000001	 step = 92
110.51000000000005
19.480729166666666
[19.0, 24.0, 8.0, 6.0, 33.0, 21.0, 7.0, 30.0]
[6.0, 21.0, 17.0, 7.0, 32.0, 32.0, 33.0, 8.0]
[9.0, 8.0, 9.0, 8.0, 9.0, 9.0, 9.0, 9.0]
[8.0, 9.0, 8.0, 9.0, 9.0, 9.0, 9.0, 9.0]
T = 0.6400000000000001	 step = 93
110.90000000000003
19.147395833333334
[19.0, 23.0, 8.0, 6.0, 33.0, 21.0, 7.0, 30.0]
[6.0, 21.0, 17.0, 7.0, 32.0, 32.0, 33.0, 8.0]
[9.0, 8.0, 9.0, 8.0, 9.0, 9.0, 9.0, 9.0]
[8.0, 9.0, 8.0, 9.0, 9.0, 9.0, 9.0, 9.0]
T = 0.6400000000000001	 step = 94
111.21000000000004
19.314062500000002
[18.0, 23.0, 8.0, 6.0, 33.0, 21.0, 7.0, 30.0]
[6.0, 21.0, 17.0, 7.0, 32.0, 32.0, 33.0, 8.0]
[9.0, 8.0, 9.0, 8.0, 9.0, 9.0, 9.0, 9.0]
[8.0, 9.0, 8.0, 9.0, 9.0, 9.0, 9.0, 9.0]
T = 0.6400000000000001	 step = 95
111.20000000000005
19.212907196969695
[18.0, 23.0, 8.0, 6.0, 33.0, 21.0, 8.0, 30.0]
[6.0, 21.0, 17.0, 7.0, 32.0, 32.0, 33.0, 8.0]
[9.0, 8.0, 9.0, 8.0, 9.0, 9.0, 9.0, 9.0]
[8.0, 9.0, 8.0, 9.0, 9.0, 9.0, 9.0, 9.0]
T = 0.6400000000000001	 step = 96
112.02000000000004
19.354270833333334
[18.0, 23.0, 9.0, 6.0, 33.0, 21.0, 8.0, 30.0]
[6.0, 21.0, 17.0, 7.0, 32.0, 32.0, 33.0, 8.0]
[9.0, 8.0, 9.0, 8.0, 9.0, 9.0, 9.0, 9.0]
[8.0, 9.0, 8.0, 9.0, 9.0, 9.0, 9.0, 9.0]
T = 0.6400000000000001	 step = 97
112.20000000000005
19.0209375
[18.0, 23.0, 9.0, 7.0, 33.0, 21.0, 8.0, 30.0]
[6.0, 21.0, 17.0, 7.0, 32.0, 32.0, 33.0, 8.0]
[9.0, 8.0, 9.0, 8.0, 9.0, 9.0, 9.0, 9.0]
[8.0, 9.0, 8.0, 9.0, 9.0, 9.0, 9.0, 9.0]
T = 0.6400000000000001	 step = 98
112.17000000000002
19.187604166666663
[18.0, 23.0, 9.0, 7.0, 33.0, 21.0, 8.0, 31.0]
[6.0, 21.0, 17.0, 7.0, 32.0, 32.0, 33.0, 8.0]
[9.0, 8.0, 9.0, 8.0, 9.0, 9.0, 9.0, 9.0]
[8.0, 9.0, 8.0, 9.0, 9.0, 9.0, 9.0, 9.0]
T = 0.6400000000000001	 step = 99
112.18
19.0209375
[18.0, 23.0, 9.0, 7.0, 33.0, 21.0, 8.0, 31.0]
[6.0, 21.0, 17.0, 7.0, 31.0, 32.0, 33.0, 8.0]
[9.0, 8.0, 9.0, 8.0, 9.0, 9.0, 9.0, 9.0]
[8.0, 9.0, 8.0, 9.0, 9.0, 9.0, 9.0, 9.0]
T = 0.6400000000000001	 step = 100
112.27000000000004
19.0209375
[18.0, 23.0, 9.0, 7.0, 33.0, 21.0, 8.0, 31.0]
[6.0, 20.0, 17.0, 7.0, 31.0, 32.0, 33.0, 8.0]
[9.0, 8.0, 9.0, 8.0, 9.0, 9.0, 9.0, 9.0]
[8.0, 9.0, 8.0, 9.0, 9.0, 9.0, 9.0, 9.0]
T = 0.6400000000000001	 step = 101
112.09000000000003
19.354270833333334
[18.0, 23.0, 9.0, 6.0, 33.0, 21.0, 8.0, 31.0]
[6.0, 20.0, 17.0, 7.0, 31.0, 32.0, 33.0, 8.0]
[9.0, 8.0, 9.0, 8.0, 9.0, 9.0, 9.0, 9.0]
[8.0, 9.0, 8.0, 9.0, 9.0, 9.0, 9.0, 9.0]
T = 0.6400000000000001	 step = 102
111.26000000000005
19.212907196969695
[18.0, 23.0, 8.0, 6.0, 33.0, 21.0, 8.0, 31.0]
[6.0, 20.0, 17.0, 7.0, 31.0, 32.0, 33.0, 8.0]
[9.0, 8.0, 9.0, 8.0, 9.0, 9.0, 9.0, 9.0]
[8.0, 9.0, 8.0, 9.0, 9.0, 9.0, 9.0, 9.0]
T = 0.6400000000000001	 step = 103
111.22000000000003
19.379573863636367
[18.0, 23.0, 8.0, 6.0, 33.0, 21.0, 8.0, 31.0]
[6.0, 20.0, 17.0, 7.0, 31.0, 33.0, 33.0, 8.0]
[9.0, 8.0, 9.0, 8.0, 9.0, 9.0, 9.0, 9.0]
[8.0, 9.0, 8.0, 9.0, 9.0, 9.0, 9.0, 9.0]
T = 0.6400000000000001	 step = 104
111.26000000000005
19.212907196969695
[18.0, 23.0, 8.0, 6.0, 33.0, 21.0, 8.0, 31.0]
[6.0, 20.0, 17.0, 7.0, 31.0, 32.0, 33.0, 8.0]
[9.0, 8.0, 9.0, 8.0, 9.0, 9.0, 9.0, 9.0]
[8.0, 9.0, 8.0, 9.0, 9.0, 9.0, 9.0, 9.0]
T = 0.6400000000000001	 step = 105
111.51000000000005
19.39932765151515
[17.0, 23.0, 8.0, 6.0, 33.0, 21.0, 8.0, 31.0]
[6.0, 20.0, 17.0, 7.0, 31.0, 32.0, 33.0, 8.0]
[9.0, 8.0, 9.0, 8.0, 9.0, 9.0, 9.0, 9.0]
[8.0, 9.0, 8.0, 9.0, 9.0, 9.0, 9.0, 9.0]
T = 0.6400000000000001	 step = 106
111.25
19.379573863636363
[18.0, 23.0, 8.0, 6.0, 33.0, 21.0, 8.0, 31.0]
[6.0, 20.0, 17.0, 7.0, 32.0, 32.0, 33.0, 8.0]
[9.0, 8.0, 9.0, 8.0, 9.0, 9.0, 9.0, 9.0]
[8.0, 9.0, 8.0, 9.0, 9.0, 9.0, 9.0, 9.0]
T = 0.6400000000000001	 step = 107
111.36000000000001
19.046240530303027
[18.0, 23.0, 8.0, 7.0, 33.0, 21.0, 8.0, 31.0]
[6.0, 20.0, 17.0, 7.0, 32.0, 32.0, 33.0, 8.0]
[9.0, 8.0, 9.0, 8.0, 9.0, 9.0, 9.0, 9.0]
[8.0, 9.0, 8.0, 9.0, 9.0, 9.0, 9.0, 9.0]
T = 0.6400000000000001	 step = 108
111.38
18.879573863636363
[18.0, 23.0, 8.0, 7.0, 33.0, 21.0, 8.0, 30.0]
[6.0, 20.0, 17.0, 7.0, 32.0, 32.0, 33.0, 8.0]
[9.0, 8.0, 9.0, 8.0, 9.0, 9.0, 9.0, 9.0]
[8.0, 9.0, 8.0, 9.0, 9.0, 9.0, 9.0, 9.0]
T = 0.6400000000000001	 step = 109
111.40000000000003
18.712907196969695
[18.0, 23.0, 8.0, 7.0, 33.0, 21.0, 8.0, 30.0]
[6.0, 20.0, 17.0, 7.0, 32.0, 31.0, 33.0, 8.0]
[9.0, 8.0, 9.0, 8.0, 9.0, 9.0, 9.0, 9.0]
[8.0, 9.0, 8.0, 9.0, 9.0, 9.0, 9.0, 9.0]
T = 0.6400000000000001	 step = 110
111.06
19.046240530303027
[18.0, 23.0, 8.0, 7.0, 33.0, 21.0, 8.0, 30.0]
[5.0, 20.0, 17.0, 7.0, 32.0, 31.0, 33.0, 8.0]
[9.0, 8.0, 9.0, 8.0, 9.0, 9.0, 9.0, 9.0]
[8.0, 9.0, 8.0, 9.0, 9.0, 9.0, 9.0, 9.0]
T = 0.6400000000000001	 step = 111
111.05000000000001
19.2129071969697
[18.0, 23.0, 8.0, 7.0, 33.0, 21.0, 8.0, 30.0]
[5.0, 20.0, 17.0, 7.0, 33.0, 31.0, 33.0, 8.0]
[9.0, 8.0, 9.0, 8.0, 9.0, 9.0, 9.0, 9.0]
[8.0, 9.0, 8.0, 9.0, 9.0, 9.0, 9.0, 9.0]
T = 0.6400000000000001	 step = 112
111.01000000000005
19.04624053030303
[18.0, 23.0, 8.0, 7.0, 33.0, 22.0, 8.0, 30.0]
[5.0, 20.0, 17.0, 7.0, 33.0, 31.0, 33.0, 8.0]
[9.0, 8.0, 9.0, 8.0, 9.0, 9.0, 9.0, 9.0]
[8.0, 9.0, 8.0, 9.0, 9.0, 9.0, 9.0, 9.0]
T = 0.6400000000000001	 step = 113
111.03000000000003
18.879573863636363
[18.0, 23.0, 8.0, 7.0, 33.0, 22.0, 8.0, 30.0]
[5.0, 20.0, 17.0, 7.0, 32.0, 31.0, 33.0, 8.0]
[9.0, 8.0, 9.0, 8.0, 9.0, 9.0, 9.0, 9.0]
[8.0, 9.0, 8.0, 9.0, 9.0, 9.0, 9.0, 9.0]
T = 0.6400000000000001	 step = 114
110.97000000000003
19.879573863636367
[18.0, 23.0, 8.0, 7.0, 33.0, 22.0, 8.0, 33.0]
[5.0, 20.0, 17.0, 7.0, 32.0, 31.0, 33.0, 11.0]
[9.0, 8.0, 9.0, 8.0, 9.0, 9.0, 9.0, 9.0]
[8.0, 9.0, 8.0, 9.0, 9.0, 9.0, 9.0, 9.0]
T = 0.6400000000000001	 step = 115
111.41000000000003
19.5858428030303
[18.0, 22.0, 8.0, 7.0, 33.0, 22.0, 8.0, 33.0]
[5.0, 20.0, 17.0, 7.0, 32.0, 31.0, 33.0, 11.0]
[9.0, 8.0, 9.0, 8.0, 9.0, 9.0, 9.0, 9.0]
[8.0, 9.0, 8.0, 9.0, 9.0, 9.0, 9.0, 9.0]
T = 0.6400000000000001	 step = 116
111.39000000000004
19.752509469696967
[18.0, 22.0, 8.0, 7.0, 33.0, 22.0, 8.0, 33.0]
[5.0, 20.0, 17.0, 7.0, 32.0, 32.0, 33.0, 11.0]
[9.0, 8.0, 9.0, 8.0, 9.0, 9.0, 9.0, 9.0]
[8.0, 9.0, 8.0, 9.0, 9.0, 9.0, 9.0, 9.0]
T = 0.6400000000000001	 step = 117
111.64000000000004
19.29684659090909
[18.0, 22.0, 8.0, 7.0, 33.0, 22.0, 10.0, 33.0]
[5.0, 20.0, 17.0, 7.0, 32.0, 32.0, 29.0, 11.0]
[9.0, 8.0, 9.0, 8.0, 9.0, 9.0, 9.0, 9.0]
[8.0, 9.0, 8.0, 9.0, 9.0, 9.0, 9.0, 9.0]
T = 0.6400000000000001	 step = 118
111.66000000000003
19.130179924242427
[18.0, 22.0, 8.0, 7.0, 33.0, 22.0, 10.0, 33.0]
[5.0, 20.0, 17.0, 7.0, 32.0, 31.0, 29.0, 11.0]
[9.0, 8.0, 9.0, 8.0, 9.0, 9.0, 9.0, 9.0]
[8.0, 9.0, 8.0, 9.0, 9.0, 9.0, 9.0, 9.0]
T = 0.5120000000000001	 step = 119
111.67000000000002
19.29684659090909
[18.0, 22.0, 8.0, 7.0, 33.0, 22.0, 10.0, 33.0]
[5.0, 20.0, 17.0, 7.0, 32.0, 31.0, 29.0, 12.0]
[9.0, 8.0, 9.0, 8.0, 9.0, 9.0, 9.0, 9.0]
[8.0, 9.0, 8.0, 9.0, 9.0, 9.0, 9.0, 9.0]
T = 0.5120000000000001	 step = 120
111.70000000000005
19.130179924242427
[18.0, 22.0, 8.0, 7.0, 33.0, 22.0, 10.0, 32.0]
[5.0, 20.0, 17.0, 7.0, 32.0, 31.0, 29.0, 12.0]
[9.0, 8.0, 9.0, 8.0, 9.0, 9.0, 9.0, 9.0]
[8.0, 9.0, 8.0, 9.0, 9.0, 9.0, 9.0, 9.0]
T = 0.5120000000000001	 step = 121
111.70000000000005
19.020331439393942
[18.0, 22.0, 8.0, 7.0, 33.0, 22.0, 9.0, 32.0]
[5.0, 20.0, 17.0, 7.0, 32.0, 31.0, 29.0, 12.0]
[9.0, 8.0, 9.0, 8.0, 9.0, 9.0, 9.0, 9.0]
[8.0, 9.0, 8.0, 9.0, 9.0, 9.0, 9.0, 9.0]
T = 0.5120000000000001	 step = 122
111.71000000000004
18.91917613636364
[18.0, 22.0, 8.0, 7.0, 33.0, 22.0, 8.0, 32.0]
[5.0, 20.0, 17.0, 7.0, 32.0, 31.0, 29.0, 12.0]
[9.0, 8.0, 9.0, 8.0, 9.0, 9.0, 9.0, 9.0]
[8.0, 9.0, 8.0, 9.0, 9.0, 9.0, 9.0, 9.0]
T = 0.5120000000000001	 step = 123
112.73000000000002
17.985227272727272
[18.0, 22.0, 8.0, 7.0, 33.0, 22.0, 8.0, 32.0]
[8.0, 20.0, 17.0, 7.0, 32.0, 31.0, 29.0, 12.0]
[8.0, 8.0, 9.0, 8.0, 9.0, 9.0, 9.0, 9.0]
[9.0, 9.0, 8.0, 9.0, 9.0, 9.0, 9.0, 9.0]
T = 0.5120000000000001	 step = 124
111.69
19.085842803030303
[18.0, 22.0, 8.0, 7.0, 33.0, 22.0, 8.0, 32.0]
[5.0, 20.0, 17.0, 7.0, 33.0, 31.0, 29.0, 12.0]
[9.0, 8.0, 9.0, 8.0, 9.0, 9.0, 9.0, 9.0]
[8.0, 9.0, 8.0, 9.0, 9.0, 9.0, 9.0, 9.0]
T = 0.5120000000000001	 step = 125
111.67000000000002
19.25250946969697
[18.0, 22.0, 8.0, 7.0, 33.0, 22.0, 8.0, 32.0]
[5.0, 20.0, 17.0, 7.0, 33.0, 32.0, 29.0, 12.0]
[9.0, 8.0, 9.0, 8.0, 9.0, 9.0, 9.0, 9.0]
[8.0, 9.0, 8.0, 9.0, 9.0, 9.0, 9.0, 9.0]
T = 0.5120000000000001	 step = 126
111.64000000000004
19.41917613636364
[18.0, 22.0, 8.0, 7.0, 33.0, 22.0, 8.0, 32.0]
[5.0, 20.0, 17.0, 7.0, 33.0, 33.0, 29.0, 12.0]
[9.0, 8.0, 9.0, 8.0, 9.0, 9.0, 9.0, 9.0]
[8.0, 9.0, 8.0, 9.0, 9.0, 9.0, 9.0, 9.0]
T = 0.5120000000000001	 step = 127
111.61000000000001
19.585842803030303
[18.0, 22.0, 8.0, 7.0, 33.0, 22.0, 8.0, 33.0]
[5.0, 20.0, 17.0, 7.0, 33.0, 33.0, 29.0, 12.0]
[9.0, 8.0, 9.0, 8.0, 9.0, 9.0, 9.0, 9.0]
[8.0, 9.0, 8.0, 9.0, 9.0, 9.0, 9.0, 9.0]
T = 0.5120000000000001	 step = 128
111.52000000000004
19.585842803030303
[18.0, 22.0, 8.0, 7.0, 33.0, 22.0, 8.0, 33.0]
[5.0, 21.0, 17.0, 7.0, 33.0, 33.0, 29.0, 12.0]
[9.0, 8.0, 9.0, 8.0, 9.0, 9.0, 9.0, 9.0]
[8.0, 9.0, 8.0, 9.0, 9.0, 9.0, 9.0, 9.0]
T = 0.5120000000000001	 step = 129
111.55000000000001
19.272395833333334
[18.0, 22.0, 8.0, 8.0, 33.0, 22.0, 8.0, 33.0]
[5.0, 21.0, 17.0, 7.0, 33.0, 33.0, 29.0, 12.0]
[9.0, 8.0, 9.0, 8.0, 9.0, 9.0, 9.0, 9.0]
[8.0, 9.0, 8.0, 9.0, 9.0, 9.0, 9.0, 9.0]
T = 0.5120000000000001	 step = 130
112.18
19.272395833333334
[18.0, 22.0, 8.0, 8.0, 33.0, 22.0, 8.0, 33.0]
[5.0, 18.0, 17.0, 7.0, 33.0, 33.0, 29.0, 12.0]
[9.0, 8.0, 9.0, 8.0, 9.0, 9.0, 9.0, 9.0]
[8.0, 9.0, 8.0, 9.0, 9.0, 9.0, 9.0, 9.0]
T = 0.5120000000000001	 step = 131
111.43
19.605729166666666
[18.0, 22.0, 8.0, 8.0, 33.0, 22.0, 8.0, 33.0]
[5.0, 18.0, 17.0, 6.0, 33.0, 33.0, 29.0, 12.0]
[9.0, 8.0, 9.0, 8.0, 9.0, 9.0, 9.0, 9.0]
[8.0, 9.0, 8.0, 9.0, 9.0, 9.0, 9.0, 9.0]
T = 0.5120000000000001	 step = 132
111.11000000000001
19.605729166666666
[18.0, 22.0, 8.0, 8.0, 33.0, 22.0, 8.0, 33.0]
[5.0, 18.0, 18.0, 6.0, 33.0, 33.0, 29.0, 12.0]
[9.0, 8.0, 9.0, 8.0, 9.0, 9.0, 9.0, 9.0]
[8.0, 9.0, 8.0, 9.0, 9.0, 9.0, 9.0, 9.0]
T = 0.5120000000000001	 step = 133
111.57000000000005
19.605729166666666
[18.0, 22.0, 8.0, 8.0, 33.0, 22.0, 8.0, 33.0]
[5.0, 17.0, 18.0, 6.0, 33.0, 33.0, 29.0, 12.0]
[9.0, 8.0, 9.0, 8.0, 9.0, 9.0, 9.0, 9.0]
[8.0, 9.0, 8.0, 9.0, 9.0, 9.0, 9.0, 9.0]
T = 0.5120000000000001	 step = 134
111.14000000000004
19.439062500000002
[18.0, 22.0, 8.0, 8.0, 33.0, 22.0, 8.0, 33.0]
[5.0, 18.0, 18.0, 6.0, 33.0, 32.0, 29.0, 12.0]
[9.0, 8.0, 9.0, 8.0, 9.0, 9.0, 9.0, 9.0]
[8.0, 9.0, 8.0, 9.0, 9.0, 9.0, 9.0, 9.0]
T = 0.5120000000000001	 step = 135
110.46000000000004
19.75250946969697
[18.0, 22.0, 8.0, 7.0, 33.0, 22.0, 8.0, 33.0]
[5.0, 18.0, 18.0, 6.0, 33.0, 32.0, 29.0, 12.0]
[9.0, 8.0, 9.0, 8.0, 9.0, 9.0, 9.0, 9.0]
[8.0, 9.0, 8.0, 9.0, 9.0, 9.0, 9.0, 9.0]
T = 0.5120000000000001	 step = 136
110.51000000000005
19.585842803030303
[18.0, 22.0, 8.0, 7.0, 33.0, 22.0, 8.0, 32.0]
[5.0, 18.0, 18.0, 6.0, 33.0, 32.0, 29.0, 12.0]
[9.0, 8.0, 9.0, 8.0, 9.0, 9.0, 9.0, 9.0]
[8.0, 9.0, 8.0, 9.0, 9.0, 9.0, 9.0, 9.0]
T = 0.5120000000000001	 step = 137
111.36000000000001
19.72720643939394
[18.0, 22.0, 9.0, 7.0, 33.0, 22.0, 8.0, 32.0]
[5.0, 18.0, 18.0, 6.0, 33.0, 32.0, 29.0, 12.0]
[9.0, 8.0, 9.0, 8.0, 9.0, 9.0, 9.0, 9.0]
[8.0, 9.0, 8.0, 9.0, 9.0, 9.0, 9.0, 9.0]
T = 0.5120000000000001	 step = 138
112.09000000000003
19.894820075757575
[18.0, 22.0, 10.0, 7.0, 33.0, 22.0, 8.0, 32.0]
[5.0, 18.0, 18.0, 6.0, 33.0, 32.0, 29.0, 12.0]
[9.0, 8.0, 9.0, 8.0, 9.0, 9.0, 9.0, 9.0]
[8.0, 9.0, 8.0, 9.0, 9.0, 9.0, 9.0, 9.0]
T = 0.5120000000000001	 step = 139
112.05000000000001
19.72720643939394
[18.0, 22.0, 9.0, 7.0, 33.0, 22.0, 8.0, 32.0]
[5.0, 18.0, 17.0, 6.0, 33.0, 32.0, 29.0, 12.0]
[9.0, 8.0, 9.0, 8.0, 9.0, 9.0, 9.0, 9.0]
[8.0, 9.0, 8.0, 9.0, 9.0, 9.0, 9.0, 9.0]
T = 0.5120000000000001	 step = 140
112.05000000000001
19.837054924242423
[18.0, 22.0, 9.0, 7.0, 33.0, 22.0, 7.0, 32.0]
[5.0, 18.0, 17.0, 6.0, 33.0, 32.0, 29.0, 12.0]
[9.0, 8.0, 9.0, 8.0, 9.0, 9.0, 9.0, 9.0]
[8.0, 9.0, 8.0, 9.0, 9.0, 9.0, 9.0, 9.0]
T = 0.5120000000000001	 step = 141
112.57000000000005
19.740643939393937
[18.0, 21.0, 9.0, 7.0, 33.0, 22.0, 7.0, 32.0]
[5.0, 18.0, 17.0, 6.0, 33.0, 32.0, 29.0, 12.0]
[9.0, 8.0, 9.0, 8.0, 9.0, 9.0, 9.0, 9.0]
[8.0, 9.0, 8.0, 9.0, 9.0, 9.0, 9.0, 9.0]
T = 0.5120000000000001	 step = 142
110.07000000000005
19.816344696969693
[18.0, 21.0, 5.0, 7.0, 33.0, 22.0, 7.0, 32.0]
[5.0, 18.0, 18.0, 6.0, 33.0, 32.0, 29.0, 12.0]
[9.0, 8.0, 8.0, 8.0, 9.0, 9.0, 9.0, 9.0]
[8.0, 9.0, 9.0, 9.0, 9.0, 9.0, 9.0, 9.0]
T = 0.5120000000000001	 step = 143
110.09000000000003
19.649678030303033
[18.0, 21.0, 5.0, 7.0, 33.0, 22.0, 7.0, 32.0]
[5.0, 18.0, 18.0, 6.0, 32.0, 32.0, 29.0, 12.0]
[9.0, 8.0, 8.0, 8.0, 9.0, 9.0, 9.0, 9.0]
[8.0, 9.0, 9.0, 9.0, 9.0, 9.0, 9.0, 9.0]
T = 0.5120000000000001	 step = 144
110.05000000000001
19.98301136363636
[18.0, 21.0, 5.0, 7.0, 33.0, 22.0, 7.0, 33.0]
[5.0, 18.0, 18.0, 6.0, 32.0, 32.0, 29.0, 13.0]
[9.0, 8.0, 8.0, 8.0, 9.0, 9.0, 9.0, 9.0]
[8.0, 9.0, 9.0, 9.0, 9.0, 9.0, 9.0, 9.0]
T = 0.5120000000000001	 step = 145
110.04000000000002
20.14967803030303
[18.0, 21.0, 5.0, 7.0, 33.0, 22.0, 7.0, 33.0]
[5.0, 18.0, 18.0, 6.0, 32.0, 32.0, 29.0, 14.0]
[9.0, 8.0, 8.0, 8.0, 9.0, 9.0, 9.0, 9.0]
[8.0, 9.0, 9.0, 9.0, 9.0, 9.0, 9.0, 9.0]
T = 0.5120000000000001	 step = 146
110.89000000000004
19.816344696969697
[18.0, 21.0, 5.0, 7.0, 33.0, 22.0, 7.0, 33.0]
[6.0, 18.0, 18.0, 6.0, 32.0, 32.0, 29.0, 14.0]
[9.0, 8.0, 8.0, 8.0, 9.0, 9.0, 9.0, 9.0]
[8.0, 9.0, 9.0, 9.0, 9.0, 9.0, 9.0, 9.0]
T = 0.5120000000000001	 step = 147
109.44
19.983011363636365
[19.0, 21.0, 5.0, 7.0, 33.0, 22.0, 7.0, 33.0]
[5.0, 18.0, 18.0, 6.0, 32.0, 32.0, 29.0, 14.0]
[9.0, 8.0, 8.0, 8.0, 9.0, 9.0, 9.0, 9.0]
[8.0, 9.0, 9.0, 9.0, 9.0, 9.0, 9.0, 9.0]
T = 0.5120000000000001	 step = 148
109.41000000000003
20.149678030303033
[19.0, 21.0, 5.0, 7.0, 33.0, 22.0, 7.0, 33.0]
[5.0, 18.0, 18.0, 6.0, 32.0, 32.0, 30.0, 14.0]
[9.0, 8.0, 8.0, 8.0, 9.0, 9.0, 9.0, 9.0]
[8.0, 9.0, 9.0, 9.0, 9.0, 9.0, 9.0, 9.0]
T = 0.5120000000000001	 step = 149
109.42000000000002
19.983011363636365
[19.0, 21.0, 5.0, 7.0, 33.0, 22.0, 7.0, 33.0]
[5.0, 18.0, 18.0, 6.0, 32.0, 31.0, 30.0, 14.0]
[9.0, 8.0, 8.0, 8.0, 9.0, 9.0, 9.0, 9.0]
[8.0, 9.0, 9.0, 9.0, 9.0, 9.0, 9.0, 9.0]
T = 0.5120000000000001	 step = 150
109.41000000000003
20.12900568181818
[19.0, 21.0, 5.0, 7.0, 33.0, 22.0, 8.0, 33.0]
[5.0, 18.0, 18.0, 6.0, 32.0, 31.0, 30.0, 14.0]
[9.0, 8.0, 8.0, 8.0, 9.0, 9.0, 9.0, 9.0]
[8.0, 9.0, 9.0, 9.0, 9.0, 9.0, 9.0, 9.0]
T = 0.5120000000000001	 step = 151
110.25
19.79567234848485
[19.0, 21.0, 5.0, 7.0, 33.0, 22.0, 8.0, 33.0]
[5.0, 18.0, 18.0, 7.0, 32.0, 31.0, 30.0, 14.0]
[9.0, 8.0, 8.0, 8.0, 9.0, 9.0, 9.0, 9.0]
[8.0, 9.0, 9.0, 9.0, 9.0, 9.0, 9.0, 9.0]
T = 0.5120000000000001	 step = 152
109.48000000000002
20.046003787878785
[19.0, 21.0, 5.0, 6.0, 33.0, 22.0, 8.0, 33.0]
[5.0, 18.0, 18.0, 7.0, 32.0, 31.0, 30.0, 14.0]
[9.0, 8.0, 8.0, 8.0, 9.0, 9.0, 9.0, 9.0]
[8.0, 9.0, 9.0, 9.0, 9.0, 9.0, 9.0, 9.0]
T = 0.5120000000000001	 step = 153
109.49000000000001
19.879337121212124
[19.0, 21.0, 5.0, 6.0, 33.0, 22.0, 8.0, 33.0]
[5.0, 18.0, 18.0, 7.0, 31.0, 31.0, 30.0, 14.0]
[9.0, 8.0, 8.0, 8.0, 9.0, 9.0, 9.0, 9.0]
[8.0, 9.0, 9.0, 9.0, 9.0, 9.0, 9.0, 9.0]
T = 0.5120000000000001	 step = 154
109.80000000000001
19.379337121212124
[20.0, 21.0, 5.0, 6.0, 33.0, 22.0, 8.0, 33.0]
[6.0, 18.0, 18.0, 7.0, 31.0, 31.0, 30.0, 14.0]
[9.0, 8.0, 8.0, 8.0, 9.0, 9.0, 9.0, 9.0]
[8.0, 9.0, 9.0, 9.0, 9.0, 9.0, 9.0, 9.0]
T = 0.5120000000000001	 step = 155
109.95000000000005
19.48645833333333
[20.0, 21.0, 5.0, 6.0, 33.0, 22.0, 11.0, 33.0]
[6.0, 18.0, 18.0, 7.0, 31.0, 31.0, 29.0, 14.0]
[9.0, 8.0, 8.0, 8.0, 9.0, 9.0, 9.0, 9.0]
[8.0, 9.0, 9.0, 9.0, 9.0, 9.0, 9.0, 9.0]
T = 0.5120000000000001	 step = 156
109.32000000000005
19.48645833333333
[20.0, 21.0, 5.0, 6.0, 33.0, 22.0, 11.0, 33.0]
[6.0, 19.0, 18.0, 7.0, 31.0, 31.0, 29.0, 14.0]
[9.0, 8.0, 8.0, 8.0, 9.0, 9.0, 9.0, 9.0]
[8.0, 9.0, 9.0, 9.0, 9.0, 9.0, 9.0, 9.0]
T = 0.5120000000000001	 step = 157
109.08000000000004
19.700473484848484
[20.0, 21.0, 5.0, 5.0, 33.0, 22.0, 11.0, 33.0]
[6.0, 19.0, 18.0, 7.0, 31.0, 31.0, 29.0, 14.0]
[9.0, 8.0, 8.0, 8.0, 9.0, 9.0, 9.0, 9.0]
[8.0, 9.0, 9.0, 9.0, 9.0, 9.0, 9.0, 9.0]
T = 0.40960000000000013	 step = 158
108.88
20.033806818181816
[20.0, 21.0, 5.0, 5.0, 33.0, 22.0, 11.0, 33.0]
[6.0, 19.0, 18.0, 6.0, 31.0, 31.0, 29.0, 14.0]
[9.0, 8.0, 8.0, 8.0, 9.0, 9.0, 9.0, 9.0]
[8.0, 9.0, 9.0, 9.0, 9.0, 9.0, 9.0, 9.0]
T = 0.40960000000000013	 step = 159
108.83000000000004
20.200473484848484
[20.0, 21.0, 5.0, 5.0, 33.0, 22.0, 11.0, 33.0]
[6.0, 19.0, 18.0, 6.0, 31.0, 31.0, 30.0, 14.0]
[9.0, 8.0, 8.0, 8.0, 9.0, 9.0, 9.0, 9.0]
[8.0, 9.0, 9.0, 9.0, 9.0, 9.0, 9.0, 9.0]
T = 0.40960000000000013	 step = 160
109.06
19.98645833333333
[20.0, 21.0, 5.0, 6.0, 33.0, 22.0, 11.0, 33.0]
[6.0, 19.0, 18.0, 6.0, 31.0, 31.0, 30.0, 14.0]
[9.0, 8.0, 8.0, 8.0, 9.0, 9.0, 9.0, 9.0]
[8.0, 9.0, 9.0, 9.0, 9.0, 9.0, 9.0, 9.0]
T = 0.40960000000000013	 step = 161
109.09000000000003
19.819791666666664
[20.0, 21.0, 5.0, 6.0, 33.0, 22.0, 11.0, 33.0]
[6.0, 19.0, 18.0, 6.0, 30.0, 31.0, 30.0, 14.0]
[9.0, 8.0, 8.0, 8.0, 9.0, 9.0, 9.0, 9.0]
[8.0, 9.0, 9.0, 9.0, 9.0, 9.0, 9.0, 9.0]
T = 0.40960000000000013	 step = 162
109.16000000000003
19.653124999999996
[20.0, 21.0, 5.0, 6.0, 33.0, 22.0, 11.0, 33.0]
[6.0, 19.0, 18.0, 6.0, 30.0, 30.0, 30.0, 14.0]
[9.0, 8.0, 8.0, 8.0, 9.0, 9.0, 9.0, 9.0]
[8.0, 9.0, 9.0, 9.0, 9.0, 9.0, 9.0, 9.0]
T = 0.40960000000000013	 step = 163
109.21000000000004
19.48645833333333
[21.0, 21.0, 5.0, 6.0, 33.0, 22.0, 11.0, 33.0]
[6.0, 19.0, 18.0, 6.0, 30.0, 30.0, 30.0, 14.0]
[9.0, 8.0, 8.0, 8.0, 9.0, 9.0, 9.0, 9.0]
[8.0, 9.0, 9.0, 9.0, 9.0, 9.0, 9.0, 9.0]
T = 0.40960000000000013	 step = 164
109.14000000000004
19.48645833333333
[21.0, 21.0, 5.0, 6.0, 33.0, 22.0, 11.0, 33.0]
[6.0, 19.0, 17.0, 6.0, 30.0, 30.0, 30.0, 14.0]
[9.0, 8.0, 8.0, 8.0, 9.0, 9.0, 9.0, 9.0]
[8.0, 9.0, 9.0, 9.0, 9.0, 9.0, 9.0, 9.0]
T = 0.40960000000000013	 step = 165
109.60000000000002
19.566240530303027
[21.0, 20.0, 5.0, 6.0, 33.0, 22.0, 11.0, 33.0]
[6.0, 19.0, 17.0, 6.0, 30.0, 30.0, 30.0, 14.0]
[9.0, 8.0, 8.0, 8.0, 9.0, 9.0, 9.0, 9.0]
[8.0, 9.0, 9.0, 9.0, 9.0, 9.0, 9.0, 9.0]
T = 0.40960000000000013	 step = 166
110.04000000000002
19.28025568181818
[21.0, 20.0, 6.0, 6.0, 33.0, 22.0, 11.0, 33.0]
[6.0, 19.0, 17.0, 6.0, 30.0, 30.0, 30.0, 14.0]
[9.0, 8.0, 8.0, 8.0, 9.0, 9.0, 9.0, 9.0]
[8.0, 9.0, 9.0, 9.0, 9.0, 9.0, 9.0, 9.0]
T = 0.40960000000000013	 step = 167
109.97000000000003
19.446922348484847
[21.0, 20.0, 6.0, 6.0, 33.0, 22.0, 11.0, 33.0]
[6.0, 19.0, 17.0, 6.0, 30.0, 31.0, 30.0, 14.0]
[9.0, 8.0, 8.0, 8.0, 9.0, 9.0, 9.0, 9.0]
[8.0, 9.0, 9.0, 9.0, 9.0, 9.0, 9.0, 9.0]
T = 0.40960000000000013	 step = 168
115.13
19.722907196969697
[21.0, 16.0, 6.0, 6.0, 33.0, 22.0, 11.0, 33.0]
[6.0, 15.0, 17.0, 6.0, 30.0, 31.0, 30.0, 14.0]
[9.0, 9.0, 8.0, 8.0, 9.0, 9.0, 9.0, 9.0]
[8.0, 8.0, 9.0, 9.0, 9.0, 9.0, 9.0, 9.0]
T = 0.40960000000000013	 step = 169
115.13
19.55624053030303
[21.0, 16.0, 6.0, 6.0, 33.0, 22.0, 11.0, 33.0]
[6.0, 15.0, 17.0, 6.0, 30.0, 31.0, 30.0, 13.0]
[9.0, 9.0, 8.0, 8.0, 9.0, 9.0, 9.0, 9.0]
[8.0, 8.0, 9.0, 9.0, 9.0, 9.0, 9.0, 9.0]
T = 0.40960000000000013	 step = 170
115.17000000000002
19.389573863636365
[21.0, 16.0, 6.0, 6.0, 33.0, 22.0, 11.0, 33.0]
[6.0, 15.0, 17.0, 6.0, 30.0, 30.0, 30.0, 13.0]
[9.0, 9.0, 8.0, 8.0, 9.0, 9.0, 9.0, 9.0]
[8.0, 8.0, 9.0, 9.0, 9.0, 9.0, 9.0, 9.0]
T = 0.40960000000000013	 step = 171
115.23000000000002
19.222907196969697
[21.0, 16.0, 6.0, 6.0, 33.0, 22.0, 11.0, 33.0]
[6.0, 15.0, 17.0, 6.0, 30.0, 30.0, 29.0, 13.0]
[9.0, 9.0, 8.0, 8.0, 9.0, 9.0, 9.0, 9.0]
[8.0, 8.0, 9.0, 9.0, 9.0, 9.0, 9.0, 9.0]
T = 0.40960000000000013	 step = 172
114.87
19.55624053030303
[21.0, 16.0, 6.0, 5.0, 33.0, 22.0, 11.0, 33.0]
[6.0, 15.0, 17.0, 6.0, 30.0, 30.0, 29.0, 13.0]
[9.0, 9.0, 8.0, 8.0, 9.0, 9.0, 9.0, 9.0]
[8.0, 8.0, 9.0, 9.0, 9.0, 9.0, 9.0, 9.0]
T = 0.40960000000000013	 step = 173
115.23000000000002
19.222907196969697
[21.0, 16.0, 6.0, 6.0, 33.0, 22.0, 11.0, 33.0]
[6.0, 15.0, 17.0, 6.0, 30.0, 30.0, 29.0, 13.0]
[9.0, 9.0, 8.0, 8.0, 9.0, 9.0, 9.0, 9.0]
[8.0, 8.0, 9.0, 9.0, 9.0, 9.0, 9.0, 9.0]
T = 0.40960000000000013	 step = 174
114.82000000000005
19.222907196969697
[21.0, 16.0, 6.0, 6.0, 33.0, 22.0, 11.0, 33.0]
[6.0, 16.0, 17.0, 6.0, 30.0, 30.0, 29.0, 13.0]
[9.0, 9.0, 8.0, 8.0, 9.0, 9.0, 9.0, 9.0]
[8.0, 8.0, 9.0, 9.0, 9.0, 9.0, 9.0, 9.0]
T = 0.40960000000000013	 step = 175
114.80000000000001
19.124308712121213
[21.0, 16.0, 6.0, 6.0, 33.0, 22.0, 10.0, 33.0]
[6.0, 16.0, 17.0, 6.0, 30.0, 30.0, 29.0, 13.0]
[9.0, 9.0, 8.0, 8.0, 9.0, 9.0, 9.0, 9.0]
[8.0, 8.0, 9.0, 9.0, 9.0, 9.0, 9.0, 9.0]
T = 0.40960000000000013	 step = 176
115.16000000000003
18.91029356060606
[21.0, 16.0, 6.0, 7.0, 33.0, 22.0, 10.0, 33.0]
[6.0, 16.0, 17.0, 6.0, 30.0, 30.0, 29.0, 13.0]
[9.0, 9.0, 8.0, 8.0, 9.0, 9.0, 9.0, 9.0]
[8.0, 8.0, 9.0, 9.0, 9.0, 9.0, 9.0, 9.0]
T = 0.40960000000000013	 step = 177
114.83000000000004
18.91029356060606
[22.0, 16.0, 6.0, 7.0, 33.0, 22.0, 10.0, 33.0]
[6.0, 16.0, 17.0, 6.0, 30.0, 30.0, 29.0, 13.0]
[9.0, 9.0, 8.0, 8.0, 9.0, 9.0, 9.0, 9.0]
[8.0, 8.0, 9.0, 9.0, 9.0, 9.0, 9.0, 9.0]
T = 0.40960000000000013	 step = 178
115.17000000000002
18.696278409090908
[22.0, 16.0, 6.0, 8.0, 33.0, 22.0, 10.0, 33.0]
[6.0, 16.0, 17.0, 6.0, 30.0, 30.0, 29.0, 13.0]
[9.0, 9.0, 8.0, 8.0, 9.0, 9.0, 9.0, 9.0]
[8.0, 8.0, 9.0, 9.0, 9.0, 9.0, 9.0, 9.0]
T = 0.40960000000000013	 step = 179
115.5
18.482263257575756
[22.0, 16.0, 6.0, 9.0, 33.0, 22.0, 10.0, 33.0]
[6.0, 16.0, 17.0, 6.0, 30.0, 30.0, 29.0, 13.0]
[9.0, 9.0, 8.0, 8.0, 9.0, 9.0, 9.0, 9.0]
[8.0, 8.0, 9.0, 9.0, 9.0, 9.0, 9.0, 9.0]
T = 0.40960000000000013	 step = 180
115.55000000000001
18.315596590909088
[22.0, 16.0, 6.0, 9.0, 33.0, 22.0, 10.0, 33.0]
[6.0, 16.0, 17.0, 6.0, 30.0, 29.0, 29.0, 13.0]
[9.0, 9.0, 8.0, 8.0, 9.0, 9.0, 9.0, 9.0]
[8.0, 8.0, 9.0, 9.0, 9.0, 9.0, 9.0, 9.0]
T = 0.40960000000000013	 step = 181
115.56
18.482263257575756
[22.0, 16.0, 6.0, 9.0, 33.0, 22.0, 10.0, 33.0]
[6.0, 16.0, 17.0, 6.0, 30.0, 29.0, 29.0, 14.0]
[9.0, 9.0, 8.0, 8.0, 9.0, 9.0, 9.0, 9.0]
[8.0, 8.0, 9.0, 9.0, 9.0, 9.0, 9.0, 9.0]
T = 0.40960000000000013	 step = 182
115.55000000000001
18.315596590909088
[22.0, 16.0, 6.0, 9.0, 33.0, 22.0, 10.0, 33.0]
[6.0, 16.0, 17.0, 6.0, 30.0, 29.0, 29.0, 13.0]
[9.0, 9.0, 8.0, 8.0, 9.0, 9.0, 9.0, 9.0]
[8.0, 8.0, 9.0, 9.0, 9.0, 9.0, 9.0, 9.0]
T = 0.40960000000000013	 step = 183
115.53000000000003
18.482263257575756
[22.0, 16.0, 6.0, 9.0, 33.0, 22.0, 10.0, 33.0]
[6.0, 16.0, 17.0, 6.0, 31.0, 29.0, 29.0, 13.0]
[9.0, 9.0, 8.0, 8.0, 9.0, 9.0, 9.0, 9.0]
[8.0, 8.0, 9.0, 9.0, 9.0, 9.0, 9.0, 9.0]
T = 0.40960000000000013	 step = 184
115.52000000000004
18.64892992424242
[22.0, 16.0, 6.0, 9.0, 33.0, 22.0, 10.0, 33.0]
[6.0, 16.0, 17.0, 6.0, 32.0, 29.0, 29.0, 13.0]
[9.0, 9.0, 8.0, 8.0, 9.0, 9.0, 9.0, 9.0]
[8.0, 8.0, 9.0, 9.0, 9.0, 9.0, 9.0, 9.0]
T = 0.40960000000000013	 step = 185
115.85000000000002
18.384232954545453
[22.0, 16.0, 6.0, 10.0, 33.0, 22.0, 10.0, 33.0]
[6.0, 16.0, 17.0, 6.0, 32.0, 29.0, 29.0, 13.0]
[9.0, 9.0, 8.0, 8.0, 9.0, 9.0, 9.0, 9.0]
[8.0, 8.0, 9.0, 9.0, 9.0, 9.0, 9.0, 9.0]
T = 0.40960000000000013	 step = 186
115.55000000000001
18.482263257575756
[22.0, 16.0, 6.0, 9.0, 33.0, 21.0, 10.0, 33.0]
[6.0, 16.0, 17.0, 6.0, 32.0, 29.0, 29.0, 13.0]
[9.0, 9.0, 8.0, 8.0, 9.0, 9.0, 9.0, 9.0]
[8.0, 8.0, 9.0, 9.0, 9.0, 9.0, 9.0, 9.0]
T = 0.40960000000000013	 step = 187
115.22000000000003
18.696278409090908
[22.0, 16.0, 6.0, 8.0, 33.0, 21.0, 10.0, 33.0]
[6.0, 16.0, 17.0, 6.0, 32.0, 29.0, 29.0, 13.0]
[9.0, 9.0, 8.0, 8.0, 9.0, 9.0, 9.0, 9.0]
[8.0, 8.0, 9.0, 9.0, 9.0, 9.0, 9.0, 9.0]
T = 0.40960000000000013	 step = 188
114.38
18.696278409090908
[22.0, 16.0, 6.0, 8.0, 33.0, 21.0, 10.0, 33.0]
[6.0, 17.0, 17.0, 6.0, 32.0, 29.0, 29.0, 13.0]
[9.0, 9.0, 8.0, 8.0, 9.0, 9.0, 9.0, 9.0]
[8.0, 8.0, 9.0, 9.0, 9.0, 9.0, 9.0, 9.0]
T = 0.40960000000000013	 step = 189
113.74000000000001
18.914195075757576
[22.0, 16.0, 5.0, 8.0, 33.0, 21.0, 10.0, 33.0]
[6.0, 17.0, 17.0, 6.0, 32.0, 29.0, 29.0, 13.0]
[9.0, 9.0, 8.0, 8.0, 9.0, 9.0, 9.0, 9.0]
[8.0, 8.0, 9.0, 9.0, 9.0, 9.0, 9.0, 9.0]
T = 0.40960000000000013	 step = 190
114.01000000000005
18.700179924242423
[22.0, 16.0, 5.0, 9.0, 33.0, 21.0, 10.0, 33.0]
[6.0, 17.0, 17.0, 6.0, 32.0, 29.0, 29.0, 13.0]
[9.0, 9.0, 8.0, 8.0, 9.0, 9.0, 9.0, 9.0]
[8.0, 8.0, 9.0, 9.0, 9.0, 9.0, 9.0, 9.0]
T = 0.40960000000000013	 step = 191
114.29000000000002
18.700179924242423
[21.0, 16.0, 5.0, 9.0, 33.0, 21.0, 10.0, 33.0]
[6.0, 17.0, 17.0, 6.0, 32.0, 29.0, 29.0, 13.0]
[9.0, 9.0, 8.0, 8.0, 9.0, 9.0, 9.0, 9.0]
[8.0, 8.0, 9.0, 9.0, 9.0, 9.0, 9.0, 9.0]
T = 0.40960000000000013	 step = 192
114.83000000000004
18.36684659090909
[21.0, 16.0, 5.0, 9.0, 33.0, 21.0, 10.0, 33.0]
[7.0, 17.0, 17.0, 6.0, 32.0, 29.0, 29.0, 13.0]
[9.0, 9.0, 8.0, 8.0, 9.0, 9.0, 9.0, 9.0]
[8.0, 8.0, 9.0, 9.0, 9.0, 9.0, 9.0, 9.0]
T = 0.40960000000000013	 step = 193
114.34000000000003
18.533513257575756
[21.0, 16.0, 5.0, 9.0, 33.0, 21.0, 10.0, 33.0]
[6.0, 17.0, 17.0, 6.0, 32.0, 28.0, 29.0, 13.0]
[9.0, 9.0, 8.0, 8.0, 9.0, 9.0, 9.0, 9.0]
[8.0, 8.0, 9.0, 9.0, 9.0, 9.0, 9.0, 9.0]
T = 0.40960000000000013	 step = 194
114.36000000000001
18.36684659090909
[21.0, 16.0, 5.0, 9.0, 33.0, 21.0, 10.0, 33.0]
[6.0, 17.0, 17.0, 6.0, 31.0, 28.0, 29.0, 13.0]
[9.0, 9.0, 8.0, 8.0, 9.0, 9.0, 9.0, 9.0]
[8.0, 8.0, 9.0, 9.0, 9.0, 9.0, 9.0, 9.0]
T = 0.40960000000000013	 step = 195
114.32000000000005
18.533513257575756
[21.0, 16.0, 5.0, 9.0, 33.0, 22.0, 10.0, 33.0]
[6.0, 17.0, 17.0, 6.0, 31.0, 28.0, 29.0, 13.0]
[9.0, 9.0, 8.0, 8.0, 9.0, 9.0, 9.0, 9.0]
[8.0, 8.0, 9.0, 9.0, 9.0, 9.0, 9.0, 9.0]
T = 0.40960000000000013	 step = 196
113.58000000000004
18.372642045454544
[21.0, 17.0, 5.0, 9.0, 33.0, 22.0, 10.0, 33.0]
[6.0, 17.0, 17.0, 6.0, 31.0, 28.0, 29.0, 13.0]
[9.0, 9.0, 8.0, 8.0, 9.0, 9.0, 9.0, 9.0]
[8.0, 8.0, 9.0, 9.0, 9.0, 9.0, 9.0, 9.0]
T = 0.32768000000000014	 step = 197
113.60000000000002
18.539308712121212
[21.0, 17.0, 5.0, 9.0, 33.0, 22.0, 11.0, 33.0]
[6.0, 17.0, 17.0, 6.0, 31.0, 28.0, 29.0, 13.0]
[9.0, 9.0, 8.0, 8.0, 9.0, 9.0, 9.0, 9.0]
[8.0, 8.0, 9.0, 9.0, 9.0, 9.0, 9.0, 9.0]
T = 0.32768000000000014	 step = 198
113.74000000000001
18.872642045454544
[21.0, 17.0, 5.0, 9.0, 33.0, 22.0, 11.0, 31.0]
[6.0, 17.0, 17.0, 6.0, 31.0, 28.0, 29.0, 17.0]
[9.0, 9.0, 8.0, 8.0, 9.0, 9.0, 9.0, 9.0]
[8.0, 8.0, 9.0, 9.0, 9.0, 9.0, 9.0, 9.0]
T = 0.32768000000000014	 step = 199
113.74000000000001
18.70597537878788
[21.0, 17.0, 5.0, 9.0, 33.0, 22.0, 11.0, 31.0]
[6.0, 17.0, 17.0, 6.0, 31.0, 28.0, 29.0, 16.0]
[9.0, 9.0, 8.0, 8.0, 9.0, 9.0, 9.0, 9.0]
[8.0, 8.0, 9.0, 9.0, 9.0, 9.0, 9.0, 9.0]
T = 0.32768000000000014	 step = 200
113.45000000000005
18.91999053030303
[21.0, 17.0, 5.0, 8.0, 33.0, 22.0, 11.0, 31.0]
[6.0, 17.0, 17.0, 6.0, 31.0, 28.0, 29.0, 16.0]
[9.0, 9.0, 8.0, 8.0, 9.0, 9.0, 9.0, 9.0]
[8.0, 8.0, 9.0, 9.0, 9.0, 9.0, 9.0, 9.0]
T = 0.32768000000000014	 step = 201
113.74000000000001
18.70597537878788
[21.0, 17.0, 5.0, 9.0, 33.0, 22.0, 11.0, 31.0]
[6.0, 17.0, 17.0, 6.0, 31.0, 28.0, 29.0, 16.0]
[9.0, 9.0, 8.0, 8.0, 9.0, 9.0, 9.0, 9.0]
[8.0, 8.0, 9.0, 9.0, 9.0, 9.0, 9.0, 9.0]
T = 0.32768000000000014	 step = 202
113.80000000000001
18.539308712121212
[21.0, 17.0, 5.0, 9.0, 33.0, 22.0, 11.0, 30.0]
[6.0, 17.0, 17.0, 6.0, 31.0, 28.0, 29.0, 16.0]
[9.0, 9.0, 8.0, 8.0, 9.0, 9.0, 9.0, 9.0]
[8.0, 8.0, 9.0, 9.0, 9.0, 9.0, 9.0, 9.0]
T = 0.32768000000000014	 step = 203
113.78000000000003
18.372642045454544
[21.0, 17.0, 5.0, 9.0, 33.0, 22.0, 10.0, 30.0]
[6.0, 17.0, 17.0, 6.0, 31.0, 28.0, 29.0, 16.0]
[9.0, 9.0, 8.0, 8.0, 9.0, 9.0, 9.0, 9.0]
[8.0, 8.0, 9.0, 9.0, 9.0, 9.0, 9.0, 9.0]
T = 0.32768000000000014	 step = 204
113.54000000000002
18.36684659090909
[22.0, 17.0, 5.0, 9.0, 33.0, 22.0, 10.0, 30.0]
[6.0, 17.0, 17.0, 6.0, 31.0, 28.0, 29.0, 16.0]
[9.0, 9.0, 8.0, 8.0, 9.0, 9.0, 9.0, 9.0]
[8.0, 8.0, 9.0, 9.0, 9.0, 9.0, 9.0, 9.0]
T = 0.32768000000000014	 step = 205
114.44
18.36684659090909
[22.0, 17.0, 5.0, 9.0, 33.0, 22.0, 10.0, 30.0]
[6.0, 16.0, 17.0, 6.0, 31.0, 28.0, 29.0, 16.0]
[9.0, 9.0, 8.0, 8.0, 9.0, 9.0, 9.0, 9.0]
[8.0, 8.0, 9.0, 9.0, 9.0, 9.0, 9.0, 9.0]
T = 0.32768000000000014	 step = 206
114.72000000000003
18.372642045454544
[21.0, 17.0, 5.0, 9.0, 33.0, 22.0, 10.0, 30.0]
[6.0, 16.0, 17.0, 6.0, 31.0, 28.0, 29.0, 16.0]
[9.0, 9.0, 8.0, 8.0, 9.0, 9.0, 9.0, 9.0]
[8.0, 8.0, 9.0, 9.0, 9.0, 9.0, 9.0, 9.0]
T = 0.32768000000000014	 step = 207
115.01000000000005
18.148929924242424
[22.0, 17.0, 6.0, 9.0, 33.0, 22.0, 10.0, 30.0]
[6.0, 16.0, 17.0, 6.0, 31.0, 28.0, 29.0, 16.0]
[9.0, 9.0, 8.0, 8.0, 9.0, 9.0, 9.0, 9.0]
[8.0, 8.0, 9.0, 9.0, 9.0, 9.0, 9.0, 9.0]
T = 0.32768000000000014	 step = 208
115.66000000000003
17.984772727272727
[22.0, 17.0, 7.0, 9.0, 33.0, 22.0, 10.0, 30.0]
[6.0, 16.0, 17.0, 6.0, 31.0, 28.0, 29.0, 16.0]
[9.0, 9.0, 8.0, 8.0, 9.0, 9.0, 9.0, 9.0]
[8.0, 8.0, 9.0, 9.0, 9.0, 9.0, 9.0, 9.0]
T = 0.32768000000000014	 step = 209
115.01000000000005
18.148929924242424
[22.0, 17.0, 6.0, 9.0, 33.0, 22.0, 10.0, 30.0]
[6.0, 16.0, 17.0, 6.0, 31.0, 28.0, 29.0, 16.0]
[9.0, 9.0, 8.0, 8.0, 9.0, 9.0, 9.0, 9.0]
[8.0, 8.0, 9.0, 9.0, 9.0, 9.0, 9.0, 9.0]
T = 0.32768000000000014	 step = 210
115.01000000000005
18.315596590909088
[22.0, 17.0, 6.0, 9.0, 33.0, 22.0, 10.0, 30.0]
[6.0, 16.0, 17.0, 6.0, 31.0, 28.0, 29.0, 17.0]
[9.0, 9.0, 8.0, 8.0, 9.0, 9.0, 9.0, 9.0]
[8.0, 8.0, 9.0, 9.0, 9.0, 9.0, 9.0, 9.0]
T = 0.32768000000000014	 step = 211
114.80000000000001
22.658797348484846
[22.0, 17.0, 6.0, 9.0, 33.0, 22.0, 33.0, 30.0]
[6.0, 16.0, 17.0, 6.0, 31.0, 28.0, 6.0, 17.0]
[9.0, 9.0, 8.0, 8.0, 9.0, 9.0, 9.0, 9.0]
[8.0, 8.0, 9.0, 9.0, 9.0, 9.0, 9.0, 9.0]
T = 0.32768000000000014	 step = 212
114.27000000000004
22.992130681818182
[22.0, 17.0, 6.0, 9.0, 33.0, 22.0, 33.0, 30.0]
[5.0, 16.0, 17.0, 6.0, 31.0, 28.0, 6.0, 17.0]
[9.0, 9.0, 8.0, 8.0, 9.0, 9.0, 9.0, 9.0]
[8.0, 8.0, 9.0, 9.0, 9.0, 9.0, 9.0, 9.0]
T = 0.32768000000000014	 step = 213
114.80000000000001
22.658797348484846
[22.0, 17.0, 6.0, 9.0, 33.0, 22.0, 33.0, 30.0]
[6.0, 16.0, 17.0, 6.0, 31.0, 28.0, 6.0, 17.0]
[9.0, 9.0, 8.0, 8.0, 9.0, 9.0, 9.0, 9.0]
[8.0, 8.0, 9.0, 9.0, 9.0, 9.0, 9.0, 9.0]
T = 0.32768000000000014	 step = 214
114.27000000000004
22.992130681818182
[22.0, 17.0, 6.0, 9.0, 33.0, 22.0, 33.0, 30.0]
[5.0, 16.0, 17.0, 6.0, 31.0, 28.0, 6.0, 17.0]
[9.0, 9.0, 8.0, 8.0, 9.0, 9.0, 9.0, 9.0]
[8.0, 8.0, 9.0, 9.0, 9.0, 9.0, 9.0, 9.0]
T = 0.32768000000000014	 step = 215
114.92000000000002
22.658797348484846
[22.0, 17.0, 7.0, 9.0, 33.0, 22.0, 33.0, 30.0]
[5.0, 16.0, 17.0, 6.0, 31.0, 28.0, 6.0, 17.0]
[9.0, 9.0, 8.0, 8.0, 9.0, 9.0, 9.0, 9.0]
[8.0, 8.0, 9.0, 9.0, 9.0, 9.0, 9.0, 9.0]
T = 0.32768000000000014	 step = 216
113.93
23.158797348484846
[22.0, 17.0, 6.0, 8.0, 33.0, 22.0, 33.0, 30.0]
[5.0, 16.0, 17.0, 6.0, 31.0, 28.0, 6.0, 17.0]
[9.0, 9.0, 8.0, 8.0, 9.0, 9.0, 9.0, 9.0]
[8.0, 8.0, 9.0, 9.0, 9.0, 9.0, 9.0, 9.0]
T = 0.32768000000000014	 step = 217
113.87
23.325464015151514
[22.0, 17.0, 6.0, 8.0, 33.0, 22.0, 33.0, 31.0]
[5.0, 16.0, 17.0, 6.0, 31.0, 28.0, 6.0, 17.0]
[9.0, 9.0, 8.0, 8.0, 9.0, 9.0, 9.0, 9.0]
[8.0, 8.0, 9.0, 9.0, 9.0, 9.0, 9.0, 9.0]
T = 0.32768000000000014	 step = 218
113.84000000000003
23.658797348484846
[22.0, 17.0, 6.0, 8.0, 33.0, 22.0, 33.0, 31.0]
[5.0, 16.0, 18.0, 6.0, 31.0, 28.0, 6.0, 17.0]
[9.0, 9.0, 8.0, 8.0, 9.0, 9.0, 9.0, 9.0]
[8.0, 8.0, 9.0, 9.0, 9.0, 9.0, 9.0, 9.0]
T = 0.32768000000000014	 step = 219
113.79000000000002
23.825464015151514
[22.0, 17.0, 6.0, 8.0, 33.0, 22.0, 33.0, 31.0]
[5.0, 16.0, 18.0, 6.0, 31.0, 29.0, 6.0, 17.0]
[9.0, 9.0, 8.0, 8.0, 9.0, 9.0, 9.0, 9.0]
[8.0, 8.0, 9.0, 9.0, 9.0, 9.0, 9.0, 9.0]
T = 0.32768000000000014	 step = 220
113.45000000000005
23.992130681818182
[22.0, 17.0, 6.0, 7.0, 33.0, 22.0, 33.0, 31.0]
[5.0, 16.0, 18.0, 6.0, 31.0, 29.0, 6.0, 17.0]
[9.0, 9.0, 8.0, 8.0, 9.0, 9.0, 9.0, 9.0]
[8.0, 8.0, 9.0, 9.0, 9.0, 9.0, 9.0, 9.0]
T = 0.32768000000000014	 step = 221
113.47000000000003
23.909498106060607
[22.0, 17.0, 6.0, 7.0, 33.0, 21.0, 33.0, 31.0]
[5.0, 16.0, 18.0, 6.0, 31.0, 29.0, 6.0, 17.0]
[9.0, 9.0, 8.0, 8.0, 9.0, 9.0, 9.0, 9.0]
[8.0, 8.0, 9.0, 9.0, 9.0, 9.0, 9.0, 9.0]
T = 0.32768000000000014	 step = 222
113.73000000000002
23.925
[21.0, 17.0, 6.0, 7.0, 33.0, 21.0, 33.0, 31.0]
[5.0, 16.0, 18.0, 6.0, 31.0, 29.0, 6.0, 17.0]
[9.0, 9.0, 8.0, 8.0, 9.0, 9.0, 9.0, 9.0]
[8.0, 8.0, 9.0, 9.0, 9.0, 9.0, 9.0, 9.0]
T = 0.32768000000000014	 step = 223
114.49000000000001
23.992130681818182
[21.0, 16.0, 6.0, 7.0, 33.0, 21.0, 33.0, 31.0]
[5.0, 16.0, 18.0, 6.0, 31.0, 29.0, 6.0, 17.0]
[9.0, 9.0, 8.0, 8.0, 9.0, 9.0, 9.0, 9.0]
[8.0, 8.0, 9.0, 9.0, 9.0, 9.0, 9.0, 9.0]
T = 0.32768000000000014	 step = 224
112.71000000000004
23.866107954545452
[21.0, 19.0, 6.0, 7.0, 33.0, 21.0, 33.0, 31.0]
[5.0, 16.0, 18.0, 6.0, 31.0, 29.0, 6.0, 17.0]
[9.0, 9.0, 8.0, 8.0, 9.0, 9.0, 9.0, 9.0]
[8.0, 8.0, 9.0, 9.0, 9.0, 9.0, 9.0, 9.0]
T = 0.32768000000000014	 step = 225
112.74000000000001
23.699441287878784
[21.0, 19.0, 6.0, 7.0, 33.0, 21.0, 33.0, 31.0]
[5.0, 16.0, 18.0, 6.0, 30.0, 29.0, 6.0, 17.0]
[9.0, 9.0, 8.0, 8.0, 9.0, 9.0, 9.0, 9.0]
[8.0, 8.0, 9.0, 9.0, 9.0, 9.0, 9.0, 9.0]
T = 0.32768000000000014	 step = 226
112.56
23.69091856060606
[22.0, 19.0, 6.0, 7.0, 33.0, 21.0, 33.0, 31.0]
[5.0, 16.0, 18.0, 6.0, 30.0, 29.0, 6.0, 17.0]
[9.0, 9.0, 8.0, 8.0, 9.0, 9.0, 9.0, 9.0]
[8.0, 8.0, 9.0, 9.0, 9.0, 9.0, 9.0, 9.0]
T = 0.32768000000000014	 step = 227
112.53000000000003
23.85758522727273
[22.0, 19.0, 6.0, 7.0, 33.0, 21.0, 33.0, 31.0]
[5.0, 16.0, 18.0, 6.0, 31.0, 29.0, 6.0, 17.0]
[9.0, 9.0, 8.0, 8.0, 9.0, 9.0, 9.0, 9.0]
[8.0, 8.0, 9.0, 9.0, 9.0, 9.0, 9.0, 9.0]
T = 0.32768000000000014	 step = 228
112.51000000000005
23.903219696969696
[22.0, 19.0, 6.0, 7.0, 33.0, 22.0, 33.0, 31.0]
[5.0, 16.0, 18.0, 6.0, 31.0, 29.0, 6.0, 17.0]
[9.0, 9.0, 8.0, 8.0, 9.0, 9.0, 9.0, 9.0]
[8.0, 8.0, 9.0, 9.0, 9.0, 9.0, 9.0, 9.0]
T = 0.32768000000000014	 step = 229
112.70000000000005
24.513001893939393
[22.0, 19.0, 6.0, 7.0, 11.0, 22.0, 33.0, 31.0]
[5.0, 16.0, 18.0, 6.0, 30.0, 29.0, 6.0, 17.0]
[9.0, 9.0, 8.0, 8.0, 9.0, 9.0, 9.0, 9.0]
[8.0, 8.0, 9.0, 9.0, 9.0, 9.0, 9.0, 9.0]
T = 0.32768000000000014	 step = 230
112.64000000000004
24.67966856060606
[22.0, 19.0, 6.0, 7.0, 11.0, 22.0, 33.0, 31.0]
[5.0, 16.0, 18.0, 6.0, 30.0, 30.0, 6.0, 17.0]
[9.0, 9.0, 8.0, 8.0, 9.0, 9.0, 9.0, 9.0]
[8.0, 8.0, 9.0, 9.0, 9.0, 9.0, 9.0, 9.0]
T = 0.32768000000000014	 step = 231
111.94
24.62376893939394
[22.0, 20.0, 6.0, 7.0, 11.0, 22.0, 33.0, 31.0]
[5.0, 16.0, 18.0, 6.0, 30.0, 30.0, 6.0, 17.0]
[9.0, 9.0, 8.0, 8.0, 9.0, 9.0, 9.0, 9.0]
[8.0, 8.0, 9.0, 9.0, 9.0, 9.0, 9.0, 9.0]
T = 0.32768000000000014	 step = 232
112.06
24.290435606060605
[21.0, 20.0, 6.0, 7.0, 11.0, 22.0, 33.0, 31.0]
[5.0, 16.0, 18.0, 6.0, 30.0, 30.0, 6.0, 17.0]
[9.0, 9.0, 8.0, 8.0, 9.0, 9.0, 9.0, 9.0]
[8.0, 8.0, 9.0, 9.0, 9.0, 9.0, 9.0, 9.0]
T = 0.32768000000000014	 step = 233
112.56
23.95710227272727
[21.0, 20.0, 7.0, 7.0, 11.0, 22.0, 33.0, 31.0]
[5.0, 16.0, 18.0, 6.0, 30.0, 30.0, 6.0, 17.0]
[9.0, 9.0, 8.0, 8.0, 9.0, 9.0, 9.0, 9.0]
[8.0, 8.0, 9.0, 9.0, 9.0, 9.0, 9.0, 9.0]
T = 0.32768000000000014	 step = 234
112.52000000000004
24.123768939393937
[21.0, 20.0, 7.0, 7.0, 11.0, 22.0, 33.0, 31.0]
[5.0, 16.0, 18.0, 6.0, 31.0, 30.0, 6.0, 17.0]
[9.0, 9.0, 8.0, 8.0, 9.0, 9.0, 9.0, 9.0]
[8.0, 8.0, 9.0, 9.0, 9.0, 9.0, 9.0, 9.0]
T = 0.32768000000000014	 step = 235
112.49000000000001
24.290435606060605
[21.0, 20.0, 7.0, 7.0, 11.0, 22.0, 33.0, 31.0]
[5.0, 16.0, 18.0, 6.0, 32.0, 30.0, 6.0, 17.0]
[9.0, 9.0, 8.0, 8.0, 9.0, 9.0, 9.0, 9.0]
[8.0, 8.0, 9.0, 9.0, 9.0, 9.0, 9.0, 9.0]
T = 0.2621440000000001	 step = 236
112.03000000000003
26.790435606060605
[21.0, 20.0, 7.0, 7.0, 11.0, 22.0, 33.0, 33.0]
[5.0, 16.0, 18.0, 6.0, 32.0, 30.0, 6.0, 30.0]
[9.0, 9.0, 8.0, 8.0, 9.0, 9.0, 9.0, 9.0]
[8.0, 8.0, 9.0, 9.0, 9.0, 9.0, 9.0, 9.0]
T = 0.2621440000000001	 step = 237
111.91000000000003
27.123768939393937
[22.0, 20.0, 7.0, 7.0, 11.0, 22.0, 33.0, 33.0]
[5.0, 16.0, 18.0, 6.0, 32.0, 30.0, 6.0, 30.0]
[9.0, 9.0, 8.0, 8.0, 9.0, 9.0, 9.0, 9.0]
[8.0, 8.0, 9.0, 9.0, 9.0, 9.0, 9.0, 9.0]
T = 0.2621440000000001	 step = 238
111.98000000000002
26.95710227272727
[22.0, 20.0, 7.0, 7.0, 11.0, 22.0, 33.0, 33.0]
[5.0, 16.0, 18.0, 6.0, 32.0, 29.0, 6.0, 30.0]
[9.0, 9.0, 8.0, 8.0, 9.0, 9.0, 9.0, 9.0]
[8.0, 8.0, 9.0, 9.0, 9.0, 9.0, 9.0, 9.0]
T = 0.2621440000000001	 step = 239
107.70000000000005
27.44455492424242
[22.0, 26.0, 7.0, 7.0, 11.0, 22.0, 33.0, 33.0]
[5.0, 18.0, 18.0, 6.0, 32.0, 29.0, 6.0, 30.0]
[9.0, 9.0, 8.0, 8.0, 9.0, 9.0, 9.0, 9.0]
[8.0, 8.0, 9.0, 9.0, 9.0, 9.0, 9.0, 9.0]
T = 0.2621440000000001	 step = 240
107.70000000000005
27.277888257575754
[22.0, 26.0, 7.0, 7.0, 11.0, 22.0, 33.0, 33.0]
[5.0, 18.0, 18.0, 6.0, 32.0, 29.0, 7.0, 30.0]
[9.0, 9.0, 8.0, 8.0, 9.0, 9.0, 9.0, 9.0]
[8.0, 8.0, 9.0, 9.0, 9.0, 9.0, 9.0, 9.0]
T = 0.2621440000000001	 step = 241
107.72000000000003
27.11122159090909
[22.0, 26.0, 7.0, 7.0, 11.0, 22.0, 33.0, 33.0]
[5.0, 18.0, 18.0, 6.0, 32.0, 28.0, 7.0, 30.0]
[9.0, 9.0, 8.0, 8.0, 9.0, 9.0, 9.0, 9.0]
[8.0, 8.0, 9.0, 9.0, 9.0, 9.0, 9.0, 9.0]
T = 0.2621440000000001	 step = 242
107.72000000000003
27.277888257575754
[22.0, 26.0, 7.0, 7.0, 10.0, 22.0, 33.0, 33.0]
[5.0, 18.0, 18.0, 6.0, 32.0, 28.0, 7.0, 30.0]
[9.0, 9.0, 8.0, 8.0, 9.0, 9.0, 9.0, 9.0]
[8.0, 8.0, 9.0, 9.0, 9.0, 9.0, 9.0, 9.0]
T = 0.2621440000000001	 step = 243
108.22000000000003
27.277888257575754
[22.0, 26.0, 7.0, 7.0, 10.0, 22.0, 33.0, 33.0]
[5.0, 17.0, 18.0, 6.0, 32.0, 28.0, 7.0, 30.0]
[9.0, 9.0, 8.0, 8.0, 9.0, 9.0, 9.0, 9.0]
[8.0, 8.0, 9.0, 9.0, 9.0, 9.0, 9.0, 9.0]
T = 0.2621440000000001	 step = 244
108.22000000000003
27.11122159090909
[22.0, 26.0, 7.0, 7.0, 11.0, 22.0, 33.0, 33.0]
[5.0, 17.0, 18.0, 6.0, 32.0, 28.0, 7.0, 30.0]
[9.0, 9.0, 8.0, 8.0, 9.0, 9.0, 9.0, 9.0]
[8.0, 8.0, 9.0, 9.0, 9.0, 9.0, 9.0, 9.0]
T = 0.2621440000000001	 step = 245
108.03000000000003
27.336979166666666
[22.0, 27.0, 7.0, 7.0, 11.0, 22.0, 33.0, 33.0]
[5.0, 17.0, 18.0, 6.0, 32.0, 28.0, 7.0, 30.0]
[9.0, 9.0, 8.0, 8.0, 9.0, 9.0, 9.0, 9.0]
[8.0, 8.0, 9.0, 9.0, 9.0, 9.0, 9.0, 9.0]
T = 0.2621440000000001	 step = 246
108.02000000000004
27.503645833333334
[22.0, 27.0, 7.0, 7.0, 10.0, 22.0, 33.0, 33.0]
[5.0, 17.0, 18.0, 6.0, 32.0, 28.0, 7.0, 30.0]
[9.0, 9.0, 8.0, 8.0, 9.0, 9.0, 9.0, 9.0]
[8.0, 8.0, 9.0, 9.0, 9.0, 9.0, 9.0, 9.0]
T = 0.2621440000000001	 step = 247
108.01000000000005
27.670312499999998
[22.0, 27.0, 7.0, 7.0, 9.0, 22.0, 33.0, 33.0]
[5.0, 17.0, 18.0, 6.0, 32.0, 28.0, 7.0, 30.0]
[9.0, 9.0, 8.0, 8.0, 9.0, 9.0, 9.0, 9.0]
[8.0, 8.0, 9.0, 9.0, 9.0, 9.0, 9.0, 9.0]
T = 0.2621440000000001	 step = 248
108.01000000000005
27.836979166666666
[22.0, 27.0, 7.0, 7.0, 9.0, 22.0, 33.0, 33.0]
[5.0, 17.0, 18.0, 6.0, 32.0, 28.0, 6.0, 30.0]
[9.0, 9.0, 8.0, 8.0, 9.0, 9.0, 9.0, 9.0]
[8.0, 8.0, 9.0, 9.0, 9.0, 9.0, 9.0, 9.0]
T = 0.2621440000000001	 step = 249
107.80000000000001
28.170312499999998
[22.0, 27.0, 7.0, 7.0, 9.0, 22.0, 33.0, 33.0]
[5.0, 17.0, 19.0, 6.0, 32.0, 28.0, 6.0, 30.0]
[9.0, 9.0, 8.0, 8.0, 9.0, 9.0, 9.0, 9.0]
[8.0, 8.0, 9.0, 9.0, 9.0, 9.0, 9.0, 9.0]
T = 0.2621440000000001	 step = 250
107.62
28.503645833333334
[22.0, 27.0, 7.0, 7.0, 9.0, 22.0, 33.0, 33.0]
[5.0, 17.0, 20.0, 6.0, 32.0, 28.0, 6.0, 30.0]
[9.0, 9.0, 8.0, 8.0, 9.0, 9.0, 9.0, 9.0]
[8.0, 8.0, 9.0, 9.0, 9.0, 9.0, 9.0, 9.0]
T = 0.2621440000000001	 step = 251
107.35000000000002
28.836979166666666
[22.0, 28.0, 7.0, 7.0, 9.0, 22.0, 33.0, 33.0]
[5.0, 17.0, 20.0, 6.0, 32.0, 28.0, 6.0, 30.0]
[9.0, 9.0, 8.0, 8.0, 9.0, 9.0, 9.0, 9.0]
[8.0, 8.0, 9.0, 9.0, 9.0, 9.0, 9.0, 9.0]
T = 0.2621440000000001	 step = 252
107.33000000000004
29.003645833333334
[22.0, 28.0, 7.0, 7.0, 9.0, 22.0, 33.0, 33.0]
[5.0, 17.0, 20.0, 6.0, 32.0, 28.0, 6.0, 31.0]
[9.0, 9.0, 8.0, 8.0, 9.0, 9.0, 9.0, 9.0]
[8.0, 8.0, 9.0, 9.0, 9.0, 9.0, 9.0, 9.0]
T = 0.2621440000000001	 step = 253
107.33000000000004
28.836979166666666
[22.0, 28.0, 7.0, 7.0, 9.0, 22.0, 33.0, 33.0]
[5.0, 17.0, 20.0, 6.0, 32.0, 28.0, 7.0, 31.0]
[9.0, 9.0, 8.0, 8.0, 9.0, 9.0, 9.0, 9.0]
[8.0, 8.0, 9.0, 9.0, 9.0, 9.0, 9.0, 9.0]
T = 0.2621440000000001	 step = 254
105.22000000000003
30.52650568181818
[22.0, 33.0, 7.0, 7.0, 9.0, 22.0, 33.0, 33.0]
[5.0, 20.0, 20.0, 6.0, 32.0, 28.0, 7.0, 31.0]
[9.0, 8.0, 8.0, 8.0, 9.0, 9.0, 9.0, 9.0]
[8.0, 9.0, 9.0, 9.0, 9.0, 9.0, 9.0, 9.0]
T = 0.2621440000000001	 step = 255
105.20000000000005
30.693172348484847
[22.0, 33.0, 7.0, 7.0, 9.0, 22.0, 33.0, 33.0]
[5.0, 20.0, 20.0, 6.0, 32.0, 28.0, 7.0, 32.0]
[9.0, 8.0, 8.0, 8.0, 9.0, 9.0, 9.0, 9.0]
[8.0, 9.0, 9.0, 9.0, 9.0, 9.0, 9.0, 9.0]
T = 0.2621440000000001	 step = 256
105.66000000000003
30.52650568181818
[22.0, 33.0, 7.0, 8.0, 9.0, 22.0, 33.0, 33.0]
[5.0, 20.0, 20.0, 6.0, 32.0, 28.0, 7.0, 32.0]
[9.0, 8.0, 8.0, 8.0, 9.0, 9.0, 9.0, 9.0]
[8.0, 9.0, 9.0, 9.0, 9.0, 9.0, 9.0, 9.0]
T = 0.2621440000000001	 step = 257
105.66000000000003
30.693172348484847
[22.0, 33.0, 7.0, 8.0, 9.0, 22.0, 33.0, 33.0]
[5.0, 20.0, 20.0, 6.0, 32.0, 28.0, 6.0, 32.0]
[9.0, 8.0, 8.0, 8.0, 9.0, 9.0, 9.0, 9.0]
[8.0, 9.0, 9.0, 9.0, 9.0, 9.0, 9.0, 9.0]
T = 0.2621440000000001	 step = 258
105.69
30.52650568181818
[22.0, 33.0, 7.0, 8.0, 9.0, 22.0, 33.0, 33.0]
[5.0, 20.0, 20.0, 6.0, 32.0, 27.0, 6.0, 32.0]
[9.0, 8.0, 8.0, 8.0, 9.0, 9.0, 9.0, 9.0]
[8.0, 9.0, 9.0, 9.0, 9.0, 9.0, 9.0, 9.0]
T = 0.2621440000000001	 step = 259
105.71000000000004
30.359839015151515
[22.0, 33.0, 7.0, 8.0, 9.0, 22.0, 33.0, 33.0]
[5.0, 20.0, 20.0, 6.0, 31.0, 27.0, 6.0, 32.0]
[9.0, 8.0, 8.0, 8.0, 9.0, 9.0, 9.0, 9.0]
[8.0, 9.0, 9.0, 9.0, 9.0, 9.0, 9.0, 9.0]
T = 0.2621440000000001	 step = 260
105.71000000000004
30.52650568181818
[22.0, 33.0, 7.0, 8.0, 9.0, 21.0, 33.0, 33.0]
[5.0, 20.0, 20.0, 6.0, 31.0, 27.0, 6.0, 32.0]
[9.0, 8.0, 8.0, 8.0, 9.0, 9.0, 9.0, 9.0]
[8.0, 9.0, 9.0, 9.0, 9.0, 9.0, 9.0, 9.0]
T = 0.2621440000000001	 step = 261
105.70000000000005
30.693172348484847
[22.0, 33.0, 7.0, 8.0, 8.0, 21.0, 33.0, 33.0]
[5.0, 20.0, 20.0, 6.0, 31.0, 27.0, 6.0, 32.0]
[9.0, 8.0, 8.0, 8.0, 9.0, 9.0, 9.0, 9.0]
[8.0, 9.0, 9.0, 9.0, 9.0, 9.0, 9.0, 9.0]
T = 0.2621440000000001	 step = 262
105.81
27.02650568181818
[22.0, 33.0, 7.0, 8.0, 8.0, 21.0, 20.0, 33.0]
[5.0, 20.0, 20.0, 6.0, 31.0, 27.0, 15.0, 32.0]
[9.0, 8.0, 8.0, 8.0, 9.0, 9.0, 9.0, 9.0]
[8.0, 9.0, 9.0, 9.0, 9.0, 9.0, 9.0, 9.0]
T = 0.2621440000000001	 step = 263
105.32000000000005
27.193172348484847
[23.0, 33.0, 7.0, 8.0, 8.0, 21.0, 20.0, 33.0]
[5.0, 20.0, 20.0, 6.0, 31.0, 27.0, 15.0, 32.0]
[9.0, 8.0, 8.0, 8.0, 9.0, 9.0, 9.0, 9.0]
[8.0, 9.0, 9.0, 9.0, 9.0, 9.0, 9.0, 9.0]
T = 0.2621440000000001	 step = 264
105.81
27.02650568181818
[22.0, 33.0, 7.0, 8.0, 8.0, 21.0, 20.0, 33.0]
[5.0, 20.0, 20.0, 6.0, 31.0, 27.0, 15.0, 32.0]
[9.0, 8.0, 8.0, 8.0, 9.0, 9.0, 9.0, 9.0]
[8.0, 9.0, 9.0, 9.0, 9.0, 9.0, 9.0, 9.0]
T = 0.2621440000000001	 step = 265
105.83000000000004
27.193172348484847
[22.0, 33.0, 7.0, 8.0, 8.0, 21.0, 21.0, 33.0]
[5.0, 20.0, 20.0, 6.0, 31.0, 27.0, 15.0, 32.0]
[9.0, 8.0, 8.0, 8.0, 9.0, 9.0, 9.0, 9.0]
[8.0, 9.0, 9.0, 9.0, 9.0, 9.0, 9.0, 9.0]
T = 0.2621440000000001	 step = 266
105.83000000000004
27.210454545454546
[22.0, 33.0, 8.0, 8.0, 8.0, 21.0, 21.0, 33.0]
[5.0, 20.0, 21.0, 6.0, 31.0, 27.0, 15.0, 32.0]
[9.0, 8.0, 9.0, 8.0, 9.0, 9.0, 9.0, 9.0]
[8.0, 9.0, 8.0, 9.0, 9.0, 9.0, 9.0, 9.0]
T = 0.2621440000000001	 step = 267
105.59000000000003
27.210454545454546
[22.0, 33.0, 8.0, 8.0, 8.0, 21.0, 21.0, 33.0]
[5.0, 21.0, 21.0, 6.0, 31.0, 27.0, 15.0, 32.0]
[9.0, 8.0, 9.0, 8.0, 9.0, 9.0, 9.0, 9.0]
[8.0, 9.0, 8.0, 9.0, 9.0, 9.0, 9.0, 9.0]
T = 0.2621440000000001	 step = 268
109.65000000000003
26.695416666666663
[22.0, 33.0, 33.0, 8.0, 8.0, 21.0, 21.0, 33.0]
[5.0, 21.0, 6.0, 6.0, 31.0, 27.0, 15.0, 32.0]
[9.0, 8.0, 9.0, 8.0, 9.0, 9.0, 9.0, 9.0]
[8.0, 9.0, 8.0, 9.0, 9.0, 9.0, 9.0, 9.0]
T = 0.2621440000000001	 step = 269
110.12
26.36208333333333
[22.0, 33.0, 33.0, 9.0, 8.0, 21.0, 21.0, 33.0]
[5.0, 21.0, 6.0, 6.0, 31.0, 27.0, 15.0, 32.0]
[9.0, 8.0, 9.0, 8.0, 9.0, 9.0, 9.0, 9.0]
[8.0, 9.0, 8.0, 9.0, 9.0, 9.0, 9.0, 9.0]
T = 0.2621440000000001	 step = 270
110.14000000000004
26.195416666666663
[22.0, 33.0, 33.0, 9.0, 8.0, 21.0, 21.0, 33.0]
[5.0, 21.0, 6.0, 6.0, 30.0, 27.0, 15.0, 32.0]
[9.0, 8.0, 9.0, 8.0, 9.0, 9.0, 9.0, 9.0]
[8.0, 9.0, 8.0, 9.0, 9.0, 9.0, 9.0, 9.0]
T = 0.2621440000000001	 step = 271
110.68
25.86208333333333
[22.0, 33.0, 33.0, 10.0, 8.0, 21.0, 21.0, 33.0]
[5.0, 21.0, 6.0, 6.0, 30.0, 27.0, 15.0, 32.0]
[9.0, 8.0, 9.0, 8.0, 9.0, 9.0, 9.0, 9.0]
[8.0, 9.0, 8.0, 9.0, 9.0, 9.0, 9.0, 9.0]
T = 0.2621440000000001	 step = 272
110.66000000000003
26.02875
[22.0, 33.0, 33.0, 10.0, 8.0, 21.0, 21.0, 33.0]
[5.0, 21.0, 6.0, 6.0, 30.0, 27.0, 15.0, 33.0]
[9.0, 8.0, 9.0, 8.0, 9.0, 9.0, 9.0, 9.0]
[8.0, 9.0, 8.0, 9.0, 9.0, 9.0, 9.0, 9.0]
T = 0.2621440000000001	 step = 273
110.12
26.36208333333333
[22.0, 33.0, 33.0, 9.0, 8.0, 21.0, 21.0, 33.0]
[5.0, 21.0, 6.0, 6.0, 30.0, 27.0, 15.0, 33.0]
[9.0, 8.0, 9.0, 8.0, 9.0, 9.0, 9.0, 9.0]
[8.0, 9.0, 8.0, 9.0, 9.0, 9.0, 9.0, 9.0]
T = 0.2621440000000001	 step = 274
110.11000000000001
26.52875
[22.0, 33.0, 33.0, 9.0, 7.0, 21.0, 21.0, 33.0]
[5.0, 21.0, 6.0, 6.0, 30.0, 27.0, 15.0, 33.0]
[9.0, 8.0, 9.0, 8.0, 9.0, 9.0, 9.0, 9.0]
[8.0, 9.0, 8.0, 9.0, 9.0, 9.0, 9.0, 9.0]
T = 0.2097152000000001	 step = 275
110.13
26.36208333333333
[22.0, 33.0, 33.0, 9.0, 7.0, 21.0, 21.0, 33.0]
[5.0, 21.0, 6.0, 6.0, 30.0, 27.0, 15.0, 32.0]
[9.0, 8.0, 9.0, 8.0, 9.0, 9.0, 9.0, 9.0]
[8.0, 9.0, 8.0, 9.0, 9.0, 9.0, 9.0, 9.0]
T = 0.2097152000000001	 step = 276
110.05000000000001
26.362083333333334
[22.0, 33.0, 33.0, 9.0, 7.0, 21.0, 21.0, 33.0]
[5.0, 21.0, 7.0, 6.0, 30.0, 27.0, 15.0, 32.0]
[9.0, 8.0, 9.0, 8.0, 9.0, 9.0, 9.0, 9.0]
[8.0, 9.0, 8.0, 9.0, 9.0, 9.0, 9.0, 9.0]
T = 0.2097152000000001	 step = 277
110.06
26.195416666666667
[22.0, 33.0, 33.0, 9.0, 7.0, 21.0, 21.0, 32.0]
[5.0, 21.0, 7.0, 6.0, 30.0, 27.0, 15.0, 32.0]
[9.0, 8.0, 9.0, 8.0, 9.0, 9.0, 9.0, 9.0]
[8.0, 9.0, 8.0, 9.0, 9.0, 9.0, 9.0, 9.0]
T = 0.2097152000000001	 step = 278
109.44
25.918191287878788
[22.0, 33.0, 33.0, 8.0, 7.0, 21.0, 21.0, 32.0]
[5.0, 21.0, 7.0, 8.0, 30.0, 27.0, 15.0, 32.0]
[9.0, 8.0, 9.0, 8.0, 9.0, 9.0, 9.0, 9.0]
[8.0, 9.0, 8.0, 9.0, 9.0, 9.0, 9.0, 9.0]
T = 0.2097152000000001	 step = 279
109.43
26.084857954545456
[22.0, 33.0, 33.0, 8.0, 7.0, 21.0, 21.0, 33.0]
[5.0, 21.0, 7.0, 8.0, 30.0, 27.0, 15.0, 32.0]
[9.0, 8.0, 9.0, 8.0, 9.0, 9.0, 9.0, 9.0]
[8.0, 9.0, 8.0, 9.0, 9.0, 9.0, 9.0, 9.0]
T = 0.2097152000000001	 step = 280
109.51000000000005
26.162509469696968
[22.0, 33.0, 33.0, 8.0, 7.0, 21.0, 21.0, 33.0]
[5.0, 21.0, 6.0, 8.0, 30.0, 27.0, 15.0, 32.0]
[9.0, 8.0, 9.0, 8.0, 9.0, 9.0, 9.0, 9.0]
[8.0, 9.0, 8.0, 9.0, 9.0, 9.0, 9.0, 9.0]
T = 0.2097152000000001	 step = 281
109.97000000000003
25.829176136363632
[22.0, 33.0, 33.0, 9.0, 7.0, 21.0, 21.0, 33.0]
[5.0, 21.0, 6.0, 8.0, 30.0, 27.0, 15.0, 32.0]
[9.0, 8.0, 9.0, 8.0, 9.0, 9.0, 9.0, 9.0]
[8.0, 9.0, 8.0, 9.0, 9.0, 9.0, 9.0, 9.0]
T = 0.2097152000000001	 step = 282
109.84000000000003
25.829176136363632
[21.0, 33.0, 33.0, 9.0, 7.0, 21.0, 21.0, 33.0]
[5.0, 21.0, 6.0, 8.0, 30.0, 27.0, 15.0, 32.0]
[9.0, 8.0, 9.0, 8.0, 9.0, 9.0, 9.0, 9.0]
[8.0, 9.0, 8.0, 9.0, 9.0, 9.0, 9.0, 9.0]
T = 0.2097152000000001	 step = 283
109.77000000000004
25.751524621212123
[21.0, 33.0, 33.0, 9.0, 7.0, 21.0, 21.0, 33.0]
[5.0, 21.0, 7.0, 8.0, 30.0, 27.0, 15.0, 32.0]
[9.0, 8.0, 9.0, 8.0, 9.0, 9.0, 9.0, 9.0]
[8.0, 9.0, 8.0, 9.0, 9.0, 9.0, 9.0, 9.0]
T = 0.2097152000000001	 step = 284
109.79000000000002
25.584857954545456
[21.0, 33.0, 33.0, 9.0, 7.0, 21.0, 21.0, 33.0]
[5.0, 21.0, 7.0, 8.0, 29.0, 27.0, 15.0, 32.0]
[9.0, 8.0, 9.0, 8.0, 9.0, 9.0, 9.0, 9.0]
[8.0, 9.0, 8.0, 9.0, 9.0, 9.0, 9.0, 9.0]
T = 0.2097152000000001	 step = 285
109.81
25.418191287878788
[21.0, 33.0, 33.0, 9.0, 7.0, 21.0, 21.0, 33.0]
[5.0, 21.0, 7.0, 8.0, 28.0, 27.0, 15.0, 32.0]
[9.0, 8.0, 9.0, 8.0, 9.0, 9.0, 9.0, 9.0]
[8.0, 9.0, 8.0, 9.0, 9.0, 9.0, 9.0, 9.0]
T = 0.2097152000000001	 step = 286
110.38
25.084857954545456
[21.0, 33.0, 33.0, 10.0, 7.0, 21.0, 21.0, 33.0]
[5.0, 21.0, 7.0, 8.0, 28.0, 27.0, 15.0, 32.0]
[9.0, 8.0, 9.0, 8.0, 9.0, 9.0, 9.0, 9.0]
[8.0, 9.0, 8.0, 9.0, 9.0, 9.0, 9.0, 9.0]
T = 0.2097152000000001	 step = 287
110.18
25.418191287878788
[21.0, 34.0, 33.0, 10.0, 7.0, 21.0, 21.0, 33.0]
[5.0, 21.0, 7.0, 8.0, 28.0, 27.0, 15.0, 32.0]
[9.0, 8.0, 9.0, 8.0, 9.0, 9.0, 9.0, 9.0]
[8.0, 9.0, 8.0, 9.0, 9.0, 9.0, 9.0, 9.0]
T = 0.2097152000000001	 step = 288
110.11000000000001
25.584857954545456
[21.0, 34.0, 33.0, 10.0, 7.0, 22.0, 21.0, 33.0]
[5.0, 21.0, 7.0, 8.0, 28.0, 29.0, 15.0, 32.0]
[9.0, 8.0, 9.0, 8.0, 9.0, 9.0, 9.0, 9.0]
[8.0, 9.0, 8.0, 9.0, 9.0, 9.0, 9.0, 9.0]
T = 0.2097152000000001	 step = 289
109.98000000000002
25.528750000000002
[21.0, 34.0, 33.0, 10.0, 7.0, 22.0, 21.0, 33.0]
[5.0, 21.0, 8.0, 8.0, 28.0, 29.0, 15.0, 32.0]
[9.0, 8.0, 9.0, 8.0, 9.0, 9.0, 9.0, 9.0]
[8.0, 9.0, 8.0, 9.0, 9.0, 9.0, 9.0, 9.0]
T = 0.2097152000000001	 step = 290
109.84000000000003
25.528750000000002
[20.0, 34.0, 33.0, 10.0, 7.0, 22.0, 21.0, 33.0]
[5.0, 21.0, 8.0, 8.0, 28.0, 29.0, 15.0, 32.0]
[9.0, 8.0, 9.0, 8.0, 9.0, 9.0, 9.0, 9.0]
[8.0, 9.0, 8.0, 9.0, 9.0, 9.0, 9.0, 9.0]
T = 0.2097152000000001	 step = 291
109.98000000000002
25.528750000000002
[21.0, 34.0, 33.0, 10.0, 7.0, 22.0, 21.0, 33.0]
[5.0, 21.0, 8.0, 8.0, 28.0, 29.0, 15.0, 32.0]
[9.0, 8.0, 9.0, 8.0, 9.0, 9.0, 9.0, 9.0]
[8.0, 9.0, 8.0, 9.0, 9.0, 9.0, 9.0, 9.0]
T = 0.2097152000000001	 step = 292
110.11000000000001
25.584857954545456
[21.0, 34.0, 33.0, 10.0, 7.0, 22.0, 21.0, 33.0]
[5.0, 21.0, 7.0, 8.0, 28.0, 29.0, 15.0, 32.0]
[9.0, 8.0, 9.0, 8.0, 9.0, 9.0, 9.0, 9.0]
[8.0, 9.0, 8.0, 9.0, 9.0, 9.0, 9.0, 9.0]
T = 0.2097152000000001	 step = 293
110.14000000000004
25.418191287878788
[21.0, 34.0, 33.0, 10.0, 7.0, 22.0, 21.0, 33.0]
[5.0, 21.0, 7.0, 8.0, 28.0, 28.0, 15.0, 32.0]
[9.0, 8.0, 9.0, 8.0, 9.0, 9.0, 9.0, 9.0]
[8.0, 9.0, 8.0, 9.0, 9.0, 9.0, 9.0, 9.0]
T = 0.2097152000000001	 step = 294
109.98000000000002
25.16250946969697
[21.0, 34.0, 33.0, 10.0, 7.0, 22.0, 21.0, 33.0]
[5.0, 21.0, 7.0, 9.0, 28.0, 28.0, 15.0, 32.0]
[9.0, 8.0, 9.0, 8.0, 9.0, 9.0, 9.0, 9.0]
[8.0, 9.0, 8.0, 9.0, 9.0, 9.0, 9.0, 9.0]
T = 0.2097152000000001	 step = 295
109.44
25.495842803030303
[21.0, 34.0, 33.0, 9.0, 7.0, 22.0, 21.0, 33.0]
[5.0, 21.0, 7.0, 9.0, 28.0, 28.0, 15.0, 32.0]
[9.0, 8.0, 9.0, 8.0, 9.0, 9.0, 9.0, 9.0]
[8.0, 9.0, 8.0, 9.0, 9.0, 9.0, 9.0, 9.0]
T = 0.2097152000000001	 step = 296
108.96000000000004
25.829176136363635
[21.0, 34.0, 33.0, 8.0, 7.0, 22.0, 21.0, 33.0]
[5.0, 21.0, 7.0, 9.0, 28.0, 28.0, 15.0, 32.0]
[9.0, 8.0, 9.0, 8.0, 9.0, 9.0, 9.0, 9.0]
[8.0, 9.0, 8.0, 9.0, 9.0, 9.0, 9.0, 9.0]
T = 0.2097152000000001	 step = 297
108.94
25.995842803030303
[21.0, 34.0, 33.0, 8.0, 7.0, 22.0, 21.0, 33.0]
[5.0, 21.0, 7.0, 9.0, 29.0, 28.0, 15.0, 32.0]
[9.0, 8.0, 9.0, 8.0, 9.0, 9.0, 9.0, 9.0]
[8.0, 9.0, 8.0, 9.0, 9.0, 9.0, 9.0, 9.0]
T = 0.2097152000000001	 step = 298
107.21000000000004
25.49591856060606
[21.0, 34.0, 33.0, 6.0, 7.0, 22.0, 21.0, 33.0]
[5.0, 21.0, 7.0, 14.0, 29.0, 28.0, 15.0, 32.0]
[9.0, 8.0, 9.0, 8.0, 9.0, 9.0, 9.0, 9.0]
[8.0, 9.0, 8.0, 9.0, 9.0, 9.0, 9.0, 9.0]
T = 0.2097152000000001	 step = 299
107.41000000000003
25.49591856060606
[21.0, 34.0, 33.0, 6.0, 7.0, 22.0, 21.0, 33.0]
[5.0, 20.0, 7.0, 14.0, 29.0, 28.0, 15.0, 32.0]
[9.0, 8.0, 9.0, 8.0, 9.0, 9.0, 9.0, 9.0]
[8.0, 9.0, 8.0, 9.0, 9.0, 9.0, 9.0, 9.0]
T = 0.2097152000000001	 step = 300
107.74000000000001
25.49591856060606
[22.0, 34.0, 33.0, 6.0, 7.0, 22.0, 21.0, 33.0]
[5.0, 20.0, 7.0, 14.0, 29.0, 28.0, 15.0, 32.0]
[9.0, 8.0, 9.0, 8.0, 9.0, 9.0, 9.0, 9.0]
[8.0, 9.0, 8.0, 9.0, 9.0, 9.0, 9.0, 9.0]
T = 0.2097152000000001	 step = 301
107.71000000000004
25.662585227272725
[22.0, 34.0, 33.0, 6.0, 7.0, 22.0, 21.0, 33.0]
[5.0, 20.0, 7.0, 14.0, 29.0, 28.0, 15.0, 33.0]
[9.0, 8.0, 9.0, 8.0, 9.0, 9.0, 9.0, 9.0]
[8.0, 9.0, 8.0, 9.0, 9.0, 9.0, 9.0, 9.0]
T = 0.2097152000000001	 step = 302
107.39000000000004
25.662585227272725
[21.0, 34.0, 33.0, 6.0, 7.0, 22.0, 21.0, 33.0]
[5.0, 20.0, 7.0, 14.0, 29.0, 28.0, 15.0, 33.0]
[9.0, 8.0, 9.0, 8.0, 9.0, 9.0, 9.0, 9.0]
[8.0, 9.0, 8.0, 9.0, 9.0, 9.0, 9.0, 9.0]
T = 0.2097152000000001	 step = 303
107.60000000000002
25.329251893939393
[21.0, 33.0, 33.0, 6.0, 7.0, 22.0, 21.0, 33.0]
[5.0, 20.0, 7.0, 14.0, 29.0, 28.0, 15.0, 33.0]
[9.0, 8.0, 9.0, 8.0, 9.0, 9.0, 9.0, 9.0]
[8.0, 9.0, 8.0, 9.0, 9.0, 9.0, 9.0, 9.0]
T = 0.2097152000000001	 step = 304
107.83000000000004
25.329251893939393
[21.0, 33.0, 33.0, 6.0, 7.0, 22.0, 21.0, 33.0]
[5.0, 19.0, 7.0, 14.0, 29.0, 28.0, 15.0, 33.0]
[9.0, 8.0, 9.0, 8.0, 9.0, 9.0, 9.0, 9.0]
[8.0, 9.0, 8.0, 9.0, 9.0, 9.0, 9.0, 9.0]
T = 0.2097152000000001	 step = 305
108.05000000000001
25.49591856060606
[21.0, 33.0, 33.0, 6.0, 7.0, 22.0, 21.0, 33.0]
[5.0, 19.0, 7.0, 13.0, 29.0, 28.0, 15.0, 33.0]
[9.0, 8.0, 9.0, 8.0, 9.0, 9.0, 9.0, 9.0]
[8.0, 9.0, 8.0, 9.0, 9.0, 9.0, 9.0, 9.0]
T = 0.2097152000000001	 step = 306
107.82000000000005
25.829251893939393
[21.0, 34.0, 33.0, 6.0, 7.0, 22.0, 21.0, 33.0]
[5.0, 19.0, 7.0, 13.0, 29.0, 28.0, 15.0, 33.0]
[9.0, 8.0, 9.0, 8.0, 9.0, 9.0, 9.0, 9.0]
[8.0, 9.0, 8.0, 9.0, 9.0, 9.0, 9.0, 9.0]
T = 0.2097152000000001	 step = 307
107.80000000000001
25.99591856060606
[21.0, 34.0, 33.0, 6.0, 6.0, 22.0, 21.0, 33.0]
[5.0, 19.0, 7.0, 13.0, 29.0, 28.0, 15.0, 33.0]
[9.0, 8.0, 9.0, 8.0, 9.0, 9.0, 9.0, 9.0]
[8.0, 9.0, 8.0, 9.0, 9.0, 9.0, 9.0, 9.0]
T = 0.2097152000000001	 step = 308
107.83000000000004
25.829251893939393
[21.0, 34.0, 33.0, 6.0, 6.0, 22.0, 21.0, 33.0]
[5.0, 19.0, 7.0, 13.0, 29.0, 27.0, 15.0, 33.0]
[9.0, 8.0, 9.0, 8.0, 9.0, 9.0, 9.0, 9.0]
[8.0, 9.0, 8.0, 9.0, 9.0, 9.0, 9.0, 9.0]
T = 0.2097152000000001	 step = 309
107.85000000000002
25.662585227272725
[21.0, 34.0, 33.0, 6.0, 6.0, 22.0, 21.0, 33.0]
[5.0, 19.0, 7.0, 13.0, 28.0, 27.0, 15.0, 33.0]
[9.0, 8.0, 9.0, 8.0, 9.0, 9.0, 9.0, 9.0]
[8.0, 9.0, 8.0, 9.0, 9.0, 9.0, 9.0, 9.0]
T = 0.2097152000000001	 step = 310
108.30000000000001
25.448570075757573
[21.0, 34.0, 33.0, 6.0, 6.0, 22.0, 21.0, 33.0]
[5.0, 19.0, 8.0, 13.0, 28.0, 27.0, 15.0, 33.0]
[9.0, 8.0, 9.0, 8.0, 9.0, 9.0, 9.0, 9.0]
[8.0, 9.0, 8.0, 9.0, 9.0, 9.0, 9.0, 9.0]
T = 0.2097152000000001	 step = 311
108.34000000000003
25.28190340909091
[21.0, 34.0, 33.0, 6.0, 6.0, 22.0, 22.0, 33.0]
[5.0, 19.0, 8.0, 13.0, 28.0, 27.0, 15.0, 33.0]
[9.0, 8.0, 9.0, 8.0, 9.0, 9.0, 9.0, 9.0]
[8.0, 9.0, 8.0, 9.0, 9.0, 9.0, 9.0, 9.0]
T = 0.2097152000000001	 step = 312
108.35000000000002
25.11523674242424
[21.0, 34.0, 33.0, 6.0, 6.0, 22.0, 22.0, 33.0]
[5.0, 19.0, 8.0, 13.0, 27.0, 27.0, 15.0, 33.0]
[9.0, 8.0, 9.0, 8.0, 9.0, 9.0, 9.0, 9.0]
[8.0, 9.0, 8.0, 9.0, 9.0, 9.0, 9.0, 9.0]
T = 0.2097152000000001	 step = 313
108.32000000000005
25.28190340909091
[21.0, 34.0, 33.0, 6.0, 6.0, 22.0, 22.0, 33.0]
[5.0, 19.0, 8.0, 13.0, 27.0, 27.0, 16.0, 33.0]
[9.0, 8.0, 9.0, 8.0, 9.0, 9.0, 9.0, 9.0]
[8.0, 9.0, 8.0, 9.0, 9.0, 9.0, 9.0, 9.0]
T = 0.1677721600000001	 step = 314
108.28000000000003
25.448570075757573
[21.0, 34.0, 33.0, 6.0, 6.0, 22.0, 21.0, 33.0]
[5.0, 19.0, 8.0, 13.0, 27.0, 27.0, 16.0, 33.0]
[9.0, 8.0, 9.0, 8.0, 9.0, 9.0, 9.0, 9.0]
[8.0, 9.0, 8.0, 9.0, 9.0, 9.0, 9.0, 9.0]
T = 0.1677721600000001	 step = 315
108.27000000000004
25.61523674242424
[21.0, 34.0, 33.0, 6.0, 6.0, 21.0, 21.0, 33.0]
[5.0, 19.0, 8.0, 13.0, 27.0, 27.0, 16.0, 33.0]
[9.0, 8.0, 9.0, 8.0, 9.0, 9.0, 9.0, 9.0]
[8.0, 9.0, 8.0, 9.0, 9.0, 9.0, 9.0, 9.0]
T = 0.1677721600000001	 step = 316
107.79000000000002
25.829251893939393
[21.0, 34.0, 33.0, 6.0, 6.0, 21.0, 21.0, 33.0]
[5.0, 19.0, 7.0, 13.0, 27.0, 27.0, 16.0, 33.0]
[9.0, 8.0, 9.0, 8.0, 9.0, 9.0, 9.0, 9.0]
[8.0, 9.0, 8.0, 9.0, 9.0, 9.0, 9.0, 9.0]
T = 0.1677721600000001	 step = 317
108.34000000000003
25.829251893939396
[21.0, 34.0, 33.0, 6.0, 6.0, 21.0, 21.0, 33.0]
[5.0, 18.0, 7.0, 13.0, 27.0, 27.0, 16.0, 33.0]
[9.0, 8.0, 9.0, 8.0, 9.0, 9.0, 9.0, 9.0]
[8.0, 9.0, 8.0, 9.0, 9.0, 9.0, 9.0, 9.0]
T = 0.1677721600000001	 step = 318
108.15000000000003
26.16258522727273
[21.0, 34.0, 33.0, 5.0, 6.0, 21.0, 21.0, 33.0]
[5.0, 18.0, 7.0, 13.0, 27.0, 27.0, 16.0, 33.0]
[9.0, 8.0, 9.0, 8.0, 9.0, 9.0, 9.0, 9.0]
[8.0, 9.0, 8.0, 9.0, 9.0, 9.0, 9.0, 9.0]
T = 0.1677721600000001	 step = 319
108.15000000000003
26.329251893939393
[21.0, 34.0, 33.0, 5.0, 8.0, 21.0, 21.0, 33.0]
[5.0, 18.0, 7.0, 13.0, 30.0, 27.0, 16.0, 33.0]
[9.0, 8.0, 9.0, 8.0, 9.0, 9.0, 9.0, 9.0]
[8.0, 9.0, 8.0, 9.0, 9.0, 9.0, 9.0, 9.0]
T = 0.1677721600000001	 step = 320
108.18
26.162585227272725
[21.0, 34.0, 33.0, 5.0, 8.0, 21.0, 22.0, 33.0]
[5.0, 18.0, 7.0, 13.0, 30.0, 27.0, 16.0, 33.0]
[9.0, 8.0, 9.0, 8.0, 9.0, 9.0, 9.0, 9.0]
[8.0, 9.0, 8.0, 9.0, 9.0, 9.0, 9.0, 9.0]
T = 0.1677721600000001	 step = 321
108.22000000000003
25.995918560606057
[21.0, 34.0, 33.0, 5.0, 8.0, 21.0, 22.0, 33.0]
[5.0, 18.0, 7.0, 13.0, 30.0, 27.0, 15.0, 33.0]
[9.0, 8.0, 9.0, 8.0, 9.0, 9.0, 9.0, 9.0]
[8.0, 9.0, 8.0, 9.0, 9.0, 9.0, 9.0, 9.0]
T = 0.1677721600000001	 step = 322
108.81
25.78190340909091
[21.0, 34.0, 33.0, 5.0, 8.0, 21.0, 22.0, 33.0]
[5.0, 18.0, 8.0, 13.0, 30.0, 27.0, 15.0, 33.0]
[9.0, 8.0, 9.0, 8.0, 9.0, 9.0, 9.0, 9.0]
[8.0, 9.0, 8.0, 9.0, 9.0, 9.0, 9.0, 9.0]
T = 0.1677721600000001	 step = 323
108.82000000000005
25.61523674242424
[21.0, 34.0, 33.0, 5.0, 8.0, 21.0, 22.0, 33.0]
[5.0, 18.0, 8.0, 13.0, 29.0, 27.0, 15.0, 33.0]
[9.0, 8.0, 9.0, 8.0, 9.0, 9.0, 9.0, 9.0]
[8.0, 9.0, 8.0, 9.0, 9.0, 9.0, 9.0, 9.0]
T = 0.1677721600000001	 step = 324
108.23000000000002
25.82925189393939
[21.0, 34.0, 33.0, 5.0, 8.0, 21.0, 22.0, 33.0]
[5.0, 18.0, 7.0, 13.0, 29.0, 27.0, 15.0, 33.0]
[9.0, 8.0, 9.0, 8.0, 9.0, 9.0, 9.0, 9.0]
[8.0, 9.0, 8.0, 9.0, 9.0, 9.0, 9.0, 9.0]
T = 0.1677721600000001	 step = 325
108.31
25.495918560606057
[21.0, 33.0, 33.0, 5.0, 8.0, 21.0, 22.0, 33.0]
[5.0, 18.0, 7.0, 13.0, 29.0, 27.0, 15.0, 33.0]
[9.0, 8.0, 9.0, 8.0, 9.0, 9.0, 9.0, 9.0]
[8.0, 9.0, 8.0, 9.0, 9.0, 9.0, 9.0, 9.0]
T = 0.1677721600000001	 step = 326
108.90000000000003
25.28190340909091
[21.0, 33.0, 33.0, 5.0, 8.0, 21.0, 22.0, 33.0]
[5.0, 18.0, 8.0, 13.0, 29.0, 27.0, 15.0, 33.0]
[9.0, 8.0, 9.0, 8.0, 9.0, 9.0, 9.0, 9.0]
[8.0, 9.0, 8.0, 9.0, 9.0, 9.0, 9.0, 9.0]
T = 0.1677721600000001	 step = 327
108.89000000000004
25.448570075757573
[21.0, 33.0, 33.0, 5.0, 7.0, 21.0, 22.0, 33.0]
[5.0, 18.0, 8.0, 13.0, 29.0, 27.0, 15.0, 33.0]
[9.0, 8.0, 9.0, 8.0, 9.0, 9.0, 9.0, 9.0]
[8.0, 9.0, 8.0, 9.0, 9.0, 9.0, 9.0, 9.0]
T = 0.1677721600000001	 step = 328
109.39000000000004
25.448570075757573
[22.0, 33.0, 33.0, 5.0, 7.0, 21.0, 22.0, 33.0]
[5.0, 18.0, 8.0, 13.0, 29.0, 27.0, 15.0, 33.0]
[9.0, 8.0, 9.0, 8.0, 9.0, 9.0, 9.0, 9.0]
[8.0, 9.0, 8.0, 9.0, 9.0, 9.0, 9.0, 9.0]
T = 0.1677721600000001	 step = 329
109.39000000000004
25.11523674242424
[22.0, 32.0, 33.0, 5.0, 7.0, 21.0, 22.0, 33.0]
[5.0, 18.0, 8.0, 13.0, 29.0, 27.0, 15.0, 33.0]
[9.0, 8.0, 9.0, 8.0, 9.0, 9.0, 9.0, 9.0]
[8.0, 9.0, 8.0, 9.0, 9.0, 9.0, 9.0, 9.0]
T = 0.1677721600000001	 step = 330
108.83000000000004
25.32925189393939
[22.0, 32.0, 33.0, 5.0, 7.0, 21.0, 22.0, 33.0]
[5.0, 18.0, 7.0, 13.0, 29.0, 27.0, 15.0, 33.0]
[9.0, 8.0, 9.0, 8.0, 9.0, 9.0, 9.0, 9.0]
[8.0, 9.0, 8.0, 9.0, 9.0, 9.0, 9.0, 9.0]
T = 0.1677721600000001	 step = 331
108.86000000000001
25.16258522727272
[22.0, 32.0, 33.0, 5.0, 7.0, 21.0, 22.0, 33.0]
[5.0, 18.0, 7.0, 13.0, 29.0, 27.0, 15.0, 32.0]
[9.0, 8.0, 9.0, 8.0, 9.0, 9.0, 9.0, 9.0]
[8.0, 9.0, 8.0, 9.0, 9.0, 9.0, 9.0, 9.0]
T = 0.1677721600000001	 step = 332
109.60000000000002
26.084857954545452
[22.0, 32.0, 33.0, 6.0, 7.0, 21.0, 22.0, 33.0]
[5.0, 18.0, 7.0, 8.0, 29.0, 27.0, 15.0, 32.0]
[9.0, 8.0, 9.0, 8.0, 9.0, 9.0, 9.0, 9.0]
[8.0, 9.0, 8.0, 9.0, 9.0, 9.0, 9.0, 9.0]
T = 0.1677721600000001	 step = 333
110.02000000000004
25.75152462121212
[22.0, 32.0, 33.0, 7.0, 7.0, 21.0, 22.0, 33.0]
[5.0, 18.0, 7.0, 8.0, 29.0, 27.0, 15.0, 32.0]
[9.0, 8.0, 9.0, 8.0, 9.0, 9.0, 9.0, 9.0]
[8.0, 9.0, 8.0, 9.0, 9.0, 9.0, 9.0, 9.0]
T = 0.1677721600000001	 step = 334
109.77000000000004
25.75152462121212
[21.0, 32.0, 33.0, 7.0, 7.0, 21.0, 22.0, 33.0]
[5.0, 18.0, 7.0, 8.0, 29.0, 27.0, 15.0, 32.0]
[9.0, 8.0, 9.0, 8.0, 9.0, 9.0, 9.0, 9.0]
[8.0, 9.0, 8.0, 9.0, 9.0, 9.0, 9.0, 9.0]
T = 0.1677721600000001	 step = 335
109.79000000000002
25.584857954545452
[21.0, 32.0, 33.0, 7.0, 7.0, 21.0, 22.0, 33.0]
[5.0, 18.0, 7.0, 8.0, 28.0, 27.0, 15.0, 32.0]
[9.0, 8.0, 9.0, 8.0, 9.0, 9.0, 9.0, 9.0]
[8.0, 9.0, 8.0, 9.0, 9.0, 9.0, 9.0, 9.0]
T = 0.1677721600000001	 step = 336
109.69
25.329176136363635
[21.0, 32.0, 33.0, 7.0, 7.0, 21.0, 22.0, 33.0]
[5.0, 18.0, 7.0, 9.0, 28.0, 27.0, 15.0, 32.0]
[9.0, 8.0, 9.0, 8.0, 9.0, 9.0, 9.0, 9.0]
[8.0, 9.0, 8.0, 9.0, 9.0, 9.0, 9.0, 9.0]
T = 0.1677721600000001	 step = 337
109.24000000000001
25.66250946969697
[21.0, 32.0, 33.0, 6.0, 7.0, 21.0, 22.0, 33.0]
[5.0, 18.0, 7.0, 9.0, 28.0, 27.0, 15.0, 32.0]
[9.0, 8.0, 9.0, 8.0, 9.0, 9.0, 9.0, 9.0]
[8.0, 9.0, 8.0, 9.0, 9.0, 9.0, 9.0, 9.0]
T = 0.1677721600000001	 step = 338
108.83000000000004
25.995842803030303
[21.0, 32.0, 33.0, 5.0, 7.0, 21.0, 22.0, 33.0]
[5.0, 18.0, 7.0, 9.0, 28.0, 27.0, 15.0, 32.0]
[9.0, 8.0, 9.0, 8.0, 9.0, 9.0, 9.0, 9.0]
[8.0, 9.0, 8.0, 9.0, 9.0, 9.0, 9.0, 9.0]
T = 0.1677721600000001	 step = 339
108.88
25.495842803030303
[21.0, 32.0, 33.0, 5.0, 7.0, 21.0, 22.0, 32.0]
[5.0, 18.0, 7.0, 9.0, 28.0, 27.0, 15.0, 30.0]
[9.0, 8.0, 9.0, 8.0, 9.0, 9.0, 9.0, 9.0]
[8.0, 9.0, 8.0, 9.0, 9.0, 9.0, 9.0, 9.0]
T = 0.1677721600000001	 step = 340
108.61000000000001
25.829176136363635
[21.0, 33.0, 33.0, 5.0, 7.0, 21.0, 22.0, 32.0]
[5.0, 18.0, 7.0, 9.0, 28.0, 27.0, 15.0, 30.0]
[9.0, 8.0, 9.0, 8.0, 9.0, 9.0, 9.0, 9.0]
[8.0, 9.0, 8.0, 9.0, 9.0, 9.0, 9.0, 9.0]
T = 0.1677721600000001	 step = 341
108.60000000000002
25.995842803030303
[21.0, 33.0, 33.0, 5.0, 7.0, 21.0, 22.0, 32.0]
[5.0, 18.0, 7.0, 9.0, 29.0, 27.0, 15.0, 30.0]
[9.0, 8.0, 9.0, 8.0, 9.0, 9.0, 9.0, 9.0]
[8.0, 9.0, 8.0, 9.0, 9.0, 9.0, 9.0, 9.0]
T = 0.1677721600000001	 step = 342
108.68
26.25152462121212
[21.0, 33.0, 33.0, 5.0, 7.0, 21.0, 22.0, 32.0]
[5.0, 18.0, 7.0, 8.0, 29.0, 27.0, 15.0, 30.0]
[9.0, 8.0, 9.0, 8.0, 9.0, 9.0, 9.0, 9.0]
[8.0, 9.0, 8.0, 9.0, 9.0, 9.0, 9.0, 9.0]
T = 0.1677721600000001	 step = 343
108.67000000000002
26.418191287878784
[21.0, 33.0, 33.0, 5.0, 7.0, 20.0, 22.0, 32.0]
[5.0, 18.0, 7.0, 8.0, 29.0, 27.0, 15.0, 30.0]
[9.0, 8.0, 9.0, 8.0, 9.0, 9.0, 9.0, 9.0]
[8.0, 9.0, 8.0, 9.0, 9.0, 9.0, 9.0, 9.0]
T = 0.1677721600000001	 step = 344
108.67000000000002
26.584857954545452
[21.0, 33.0, 33.0, 5.0, 7.0, 19.0, 22.0, 32.0]
[5.0, 18.0, 7.0, 8.0, 29.0, 27.0, 15.0, 30.0]
[9.0, 8.0, 9.0, 8.0, 9.0, 9.0, 9.0, 9.0]
[8.0, 9.0, 8.0, 9.0, 9.0, 9.0, 9.0, 9.0]
T = 0.1677721600000001	 step = 345
108.70000000000005
26.418191287878784
[21.0, 33.0, 33.0, 5.0, 7.0, 19.0, 22.0, 32.0]
[5.0, 18.0, 7.0, 8.0, 29.0, 27.0, 15.0, 29.0]
[9.0, 8.0, 9.0, 8.0, 9.0, 9.0, 9.0, 9.0]
[8.0, 9.0, 8.0, 9.0, 9.0, 9.0, 9.0, 9.0]
T = 0.1677721600000001	 step = 346
108.83000000000004
25.418191287878788
[21.0, 33.0, 33.0, 5.0, 7.0, 19.0, 22.0, 32.0]
[5.0, 18.0, 7.0, 8.0, 23.0, 27.0, 15.0, 29.0]
[9.0, 8.0, 9.0, 8.0, 9.0, 9.0, 9.0, 9.0]
[8.0, 9.0, 8.0, 9.0, 9.0, 9.0, 9.0, 9.0]
T = 0.1677721600000001	 step = 347
108.80000000000001
25.584857954545456
[21.0, 33.0, 33.0, 5.0, 6.0, 19.0, 22.0, 32.0]
[5.0, 18.0, 7.0, 8.0, 23.0, 27.0, 15.0, 29.0]
[9.0, 8.0, 9.0, 8.0, 9.0, 9.0, 9.0, 9.0]
[8.0, 9.0, 8.0, 9.0, 9.0, 9.0, 9.0, 9.0]
T = 0.1677721600000001	 step = 348
108.82000000000005
25.418191287878788
[21.0, 33.0, 33.0, 5.0, 6.0, 19.0, 22.0, 32.0]
[5.0, 18.0, 7.0, 8.0, 22.0, 27.0, 15.0, 29.0]
[9.0, 8.0, 9.0, 8.0, 9.0, 9.0, 9.0, 9.0]
[8.0, 9.0, 8.0, 9.0, 9.0, 9.0, 9.0, 9.0]
T = 0.1677721600000001	 step = 349
109.09000000000003
25.084857954545456
[21.0, 32.0, 33.0, 5.0, 6.0, 19.0, 22.0, 32.0]
[5.0, 18.0, 7.0, 8.0, 22.0, 27.0, 15.0, 29.0]
[9.0, 8.0, 9.0, 8.0, 9.0, 9.0, 9.0, 9.0]
[8.0, 9.0, 8.0, 9.0, 9.0, 9.0, 9.0, 9.0]
T = 0.1677721600000001	 step = 350
108.82000000000005
25.418191287878788
[21.0, 33.0, 33.0, 5.0, 6.0, 19.0, 22.0, 32.0]
[5.0, 18.0, 7.0, 8.0, 22.0, 27.0, 15.0, 29.0]
[9.0, 8.0, 9.0, 8.0, 9.0, 9.0, 9.0, 9.0]
[8.0, 9.0, 8.0, 9.0, 9.0, 9.0, 9.0, 9.0]
T = 0.1677721600000001	 step = 351
108.82000000000005
25.251524621212123
[21.0, 33.0, 33.0, 5.0, 6.0, 20.0, 22.0, 32.0]
[5.0, 18.0, 7.0, 8.0, 22.0, 27.0, 15.0, 29.0]
[9.0, 8.0, 9.0, 8.0, 9.0, 9.0, 9.0, 9.0]
[8.0, 9.0, 8.0, 9.0, 9.0, 9.0, 9.0, 9.0]
T = 0.1677721600000001	 step = 352
108.80000000000001
25.418191287878788
[21.0, 33.0, 33.0, 5.0, 6.0, 20.0, 22.0, 32.0]
[5.0, 18.0, 7.0, 8.0, 23.0, 27.0, 15.0, 29.0]
[9.0, 8.0, 9.0, 8.0, 9.0, 9.0, 9.0, 9.0]
[8.0, 9.0, 8.0, 9.0, 9.0, 9.0, 9.0, 9.0]
T = 0.13421772800000006	 step = 353
108.82000000000005
25.584857954545456
[21.0, 33.0, 33.0, 5.0, 6.0, 20.0, 21.0, 32.0]
[5.0, 18.0, 7.0, 8.0, 23.0, 27.0, 15.0, 29.0]
[9.0, 8.0, 9.0, 8.0, 9.0, 9.0, 9.0, 9.0]
[8.0, 9.0, 8.0, 9.0, 9.0, 9.0, 9.0, 9.0]
T = 0.13421772800000006	 step = 354
108.74000000000001
25.329176136363635
[21.0, 33.0, 33.0, 5.0, 6.0, 20.0, 21.0, 32.0]
[5.0, 18.0, 7.0, 9.0, 23.0, 27.0, 15.0, 29.0]
[9.0, 8.0, 9.0, 8.0, 9.0, 9.0, 9.0, 9.0]
[8.0, 9.0, 8.0, 9.0, 9.0, 9.0, 9.0, 9.0]
T = 0.13421772800000006	 step = 355
108.76000000000005
25.16250946969697
[21.0, 33.0, 33.0, 5.0, 6.0, 20.0, 21.0, 32.0]
[5.0, 18.0, 7.0, 9.0, 22.0, 27.0, 15.0, 29.0]
[9.0, 8.0, 9.0, 8.0, 9.0, 9.0, 9.0, 9.0]
[8.0, 9.0, 8.0, 9.0, 9.0, 9.0, 9.0, 9.0]
T = 0.13421772800000006	 step = 356
108.37
25.16250946969697
[20.0, 33.0, 33.0, 5.0, 6.0, 20.0, 21.0, 32.0]
[5.0, 18.0, 7.0, 9.0, 22.0, 27.0, 15.0, 29.0]
[9.0, 8.0, 9.0, 8.0, 9.0, 9.0, 9.0, 9.0]
[8.0, 9.0, 8.0, 9.0, 9.0, 9.0, 9.0, 9.0]
T = 0.13421772800000006	 step = 357
108.01000000000005
25.16250946969697
[19.0, 33.0, 33.0, 5.0, 6.0, 20.0, 21.0, 32.0]
[5.0, 18.0, 7.0, 9.0, 22.0, 27.0, 15.0, 29.0]
[9.0, 8.0, 9.0, 8.0, 9.0, 9.0, 9.0, 9.0]
[8.0, 9.0, 8.0, 9.0, 9.0, 9.0, 9.0, 9.0]
T = 0.13421772800000006	 step = 358
107.88
24.891676136363635
[19.0, 33.0, 33.0, 5.0, 6.0, 20.0, 21.0, 32.0]
[5.0, 18.0, 7.0, 10.0, 22.0, 27.0, 15.0, 29.0]
[9.0, 8.0, 9.0, 8.0, 9.0, 9.0, 9.0, 9.0]
[8.0, 9.0, 8.0, 9.0, 9.0, 9.0, 9.0, 9.0]
T = 0.13421772800000006	 step = 359
107.66000000000003
26.22500946969697
[19.0, 33.0, 33.0, 5.0, 9.0, 20.0, 21.0, 32.0]
[5.0, 18.0, 7.0, 10.0, 33.0, 27.0, 15.0, 29.0]
[9.0, 8.0, 9.0, 8.0, 9.0, 9.0, 9.0, 9.0]
[8.0, 9.0, 8.0, 9.0, 9.0, 9.0, 9.0, 9.0]
T = 0.13421772800000006	 step = 360
107.92000000000002
25.891676136363635
[19.0, 32.0, 33.0, 5.0, 9.0, 20.0, 21.0, 32.0]
[5.0, 18.0, 7.0, 10.0, 33.0, 27.0, 15.0, 29.0]
[9.0, 8.0, 9.0, 8.0, 9.0, 9.0, 9.0, 9.0]
[8.0, 9.0, 8.0, 9.0, 9.0, 9.0, 9.0, 9.0]
T = 0.13421772800000006	 step = 361
107.92000000000002
25.72500946969697
[19.0, 32.0, 33.0, 5.0, 9.0, 21.0, 21.0, 32.0]
[5.0, 18.0, 7.0, 10.0, 33.0, 27.0, 15.0, 29.0]
[9.0, 8.0, 9.0, 8.0, 9.0, 9.0, 9.0, 9.0]
[8.0, 9.0, 8.0, 9.0, 9.0, 9.0, 9.0, 9.0]
T = 0.13421772800000006	 step = 362
108.31
25.72500946969697
[20.0, 32.0, 33.0, 5.0, 9.0, 21.0, 21.0, 32.0]
[5.0, 18.0, 7.0, 10.0, 33.0, 27.0, 15.0, 29.0]
[9.0, 8.0, 9.0, 8.0, 9.0, 9.0, 9.0, 9.0]
[8.0, 9.0, 8.0, 9.0, 9.0, 9.0, 9.0, 9.0]
T = 0.13421772800000006	 step = 363
108.71000000000004
22.49804924242424
[20.0, 32.0, 33.0, 10.0, 9.0, 21.0, 21.0, 32.0]
[5.0, 18.0, 7.0, 18.0, 33.0, 27.0, 15.0, 29.0]
[9.0, 8.0, 9.0, 8.0, 9.0, 9.0, 9.0, 9.0]
[8.0, 9.0, 8.0, 9.0, 9.0, 9.0, 9.0, 9.0]
T = 0.13421772800000006	 step = 364
109.31
22.66471590909091
[20.0, 32.0, 33.0, 10.0, 9.0, 21.0, 21.0, 32.0]
[5.0, 17.0, 7.0, 18.0, 33.0, 27.0, 15.0, 29.0]
[9.0, 8.0, 9.0, 8.0, 9.0, 9.0, 9.0, 9.0]
[8.0, 9.0, 8.0, 9.0, 9.0, 9.0, 9.0, 9.0]
T = 0.13421772800000006	 step = 365
109.27000000000004
22.831382575757573
[20.0, 32.0, 33.0, 10.0, 9.0, 21.0, 21.0, 32.0]
[5.0, 17.0, 7.0, 18.0, 33.0, 28.0, 15.0, 29.0]
[9.0, 8.0, 9.0, 8.0, 9.0, 9.0, 9.0, 9.0]
[8.0, 9.0, 8.0, 9.0, 9.0, 9.0, 9.0, 9.0]
T = 0.13421772800000006	 step = 366
109.25
22.831382575757573
[20.0, 32.0, 33.0, 10.0, 9.0, 21.0, 21.0, 32.0]
[5.0, 17.0, 7.0, 17.0, 33.0, 28.0, 15.0, 29.0]
[9.0, 8.0, 9.0, 8.0, 9.0, 9.0, 9.0, 9.0]
[8.0, 9.0, 8.0, 9.0, 9.0, 9.0, 9.0, 9.0]
T = 0.13421772800000006	 step = 367
109.08000000000004
23.164715909090905
[20.0, 33.0, 33.0, 10.0, 9.0, 21.0, 21.0, 32.0]
[5.0, 17.0, 7.0, 17.0, 33.0, 28.0, 15.0, 29.0]
[9.0, 8.0, 9.0, 8.0, 9.0, 9.0, 9.0, 9.0]
[8.0, 9.0, 8.0, 9.0, 9.0, 9.0, 9.0, 9.0]
T = 0.13421772800000006	 step = 368
109.18
23.331382575757573
[20.0, 33.0, 33.0, 10.0, 9.0, 21.0, 21.0, 32.0]
[5.0, 17.0, 7.0, 16.0, 33.0, 28.0, 15.0, 29.0]
[9.0, 8.0, 9.0, 8.0, 9.0, 9.0, 9.0, 9.0]
[8.0, 9.0, 8.0, 9.0, 9.0, 9.0, 9.0, 9.0]
T = 0.13421772800000006	 step = 369
109.20000000000005
23.16471590909091
[20.0, 33.0, 33.0, 10.0, 9.0, 21.0, 21.0, 32.0]
[5.0, 17.0, 7.0, 16.0, 33.0, 28.0, 15.0, 28.0]
[9.0, 8.0, 9.0, 8.0, 9.0, 9.0, 9.0, 9.0]
[8.0, 9.0, 8.0, 9.0, 9.0, 9.0, 9.0, 9.0]
T = 0.13421772800000006	 step = 370
109.32000000000005
22.831382575757573
[20.0, 32.0, 33.0, 10.0, 9.0, 21.0, 21.0, 32.0]
[5.0, 17.0, 7.0, 16.0, 33.0, 28.0, 15.0, 28.0]
[9.0, 8.0, 9.0, 8.0, 9.0, 9.0, 9.0, 9.0]
[8.0, 9.0, 8.0, 9.0, 9.0, 9.0, 9.0, 9.0]
T = 0.13421772800000006	 step = 371
107.01000000000005
23.529403409090904
[9.0, 32.0, 33.0, 10.0, 9.0, 21.0, 21.0, 32.0]
[5.0, 17.0, 7.0, 16.0, 33.0, 28.0, 15.0, 28.0]
[9.0, 8.0, 9.0, 8.0, 9.0, 9.0, 9.0, 9.0]
[8.0, 9.0, 8.0, 9.0, 9.0, 9.0, 9.0, 9.0]
T = 0.13421772800000006	 step = 372
106.95000000000005
23.69607007575758
[9.0, 32.0, 33.0, 10.0, 9.0, 21.0, 21.0, 32.0]
[5.0, 17.0, 7.0, 16.0, 33.0, 28.0, 15.0, 29.0]
[9.0, 8.0, 9.0, 8.0, 9.0, 9.0, 9.0, 9.0]
[8.0, 9.0, 8.0, 9.0, 9.0, 9.0, 9.0, 9.0]
T = 0.13421772800000006	 step = 373
106.27000000000004
23.862736742424246
[9.0, 32.0, 33.0, 10.0, 9.0, 21.0, 21.0, 32.0]
[5.0, 17.0, 6.0, 16.0, 33.0, 28.0, 15.0, 29.0]
[9.0, 8.0, 9.0, 8.0, 9.0, 9.0, 9.0, 9.0]
[8.0, 9.0, 8.0, 9.0, 9.0, 9.0, 9.0, 9.0]
T = 0.13421772800000006	 step = 374
106.26000000000005
24.02940340909091
[9.0, 32.0, 33.0, 10.0, 9.0, 21.0, 21.0, 33.0]
[5.0, 17.0, 6.0, 16.0, 33.0, 28.0, 15.0, 29.0]
[9.0, 8.0, 9.0, 8.0, 9.0, 9.0, 9.0, 9.0]
[8.0, 9.0, 8.0, 9.0, 9.0, 9.0, 9.0, 9.0]
T = 0.13421772800000006	 step = 375
107.04000000000002
24.029403409090904
[9.0, 32.0, 33.0, 10.0, 9.0, 21.0, 21.0, 33.0]
[5.0, 16.0, 6.0, 16.0, 33.0, 28.0, 15.0, 29.0]
[9.0, 8.0, 9.0, 8.0, 9.0, 9.0, 9.0, 9.0]
[8.0, 9.0, 8.0, 9.0, 9.0, 9.0, 9.0, 9.0]
T = 0.13421772800000006	 step = 376
106.22000000000003
24.19607007575758
[9.0, 32.0, 33.0, 10.0, 9.0, 20.0, 21.0, 33.0]
[5.0, 17.0, 6.0, 16.0, 33.0, 28.0, 15.0, 29.0]
[9.0, 8.0, 9.0, 8.0, 9.0, 9.0, 9.0, 9.0]
[8.0, 9.0, 8.0, 9.0, 9.0, 9.0, 9.0, 9.0]
T = 0.13421772800000006	 step = 377
106.28000000000003
24.029403409090904
[9.0, 32.0, 33.0, 10.0, 9.0, 20.0, 21.0, 33.0]
[5.0, 17.0, 6.0, 16.0, 33.0, 28.0, 15.0, 28.0]
[9.0, 8.0, 9.0, 8.0, 9.0, 9.0, 9.0, 9.0]
[8.0, 9.0, 8.0, 9.0, 9.0, 9.0, 9.0, 9.0]
T = 0.13421772800000006	 step = 378
106.16000000000003
24.52940340909091
[9.0, 32.0, 33.0, 10.0, 9.0, 20.0, 21.0, 33.0]
[5.0, 17.0, 6.0, 16.0, 33.0, 28.0, 15.0, 31.0]
[9.0, 8.0, 9.0, 8.0, 9.0, 9.0, 9.0, 9.0]
[8.0, 9.0, 8.0, 9.0, 9.0, 9.0, 9.0, 9.0]
T = 0.13421772800000006	 step = 379
106.13
24.362736742424246
[9.0, 32.0, 33.0, 10.0, 9.0, 21.0, 21.0, 33.0]
[5.0, 17.0, 6.0, 16.0, 33.0, 28.0, 15.0, 31.0]
[9.0, 8.0, 9.0, 8.0, 9.0, 9.0, 9.0, 9.0]
[8.0, 9.0, 8.0, 9.0, 9.0, 9.0, 9.0, 9.0]
T = 0.13421772800000006	 step = 380
106.19
24.19607007575758
[9.0, 32.0, 33.0, 10.0, 9.0, 21.0, 21.0, 33.0]
[5.0, 17.0, 6.0, 16.0, 33.0, 28.0, 15.0, 30.0]
[9.0, 8.0, 9.0, 8.0, 9.0, 9.0, 9.0, 9.0]
[8.0, 9.0, 8.0, 9.0, 9.0, 9.0, 9.0, 9.0]
T = 0.13421772800000006	 step = 381
106.23000000000002
24.029403409090907
[9.0, 32.0, 33.0, 10.0, 9.0, 21.0, 21.0, 33.0]
[5.0, 17.0, 6.0, 16.0, 33.0, 27.0, 15.0, 30.0]
[9.0, 8.0, 9.0, 8.0, 9.0, 9.0, 9.0, 9.0]
[8.0, 9.0, 8.0, 9.0, 9.0, 9.0, 9.0, 9.0]
T = 0.13421772800000006	 step = 382
106.41000000000003
23.696070075757575
[9.0, 32.0, 32.0, 10.0, 9.0, 21.0, 21.0, 33.0]
[5.0, 17.0, 6.0, 16.0, 33.0, 27.0, 15.0, 30.0]
[9.0, 8.0, 9.0, 8.0, 9.0, 9.0, 9.0, 9.0]
[8.0, 9.0, 8.0, 9.0, 9.0, 9.0, 9.0, 9.0]
T = 0.13421772800000006	 step = 383
106.39000000000004
23.862736742424243
[9.0, 32.0, 32.0, 10.0, 9.0, 21.0, 21.0, 33.0]
[5.0, 17.0, 6.0, 16.0, 33.0, 27.0, 15.0, 31.0]
[9.0, 8.0, 9.0, 8.0, 9.0, 9.0, 9.0, 9.0]
[8.0, 9.0, 8.0, 9.0, 9.0, 9.0, 9.0, 9.0]
T = 0.13421772800000006	 step = 384
106.43
24.029403409090907
[9.0, 32.0, 32.0, 10.0, 9.0, 20.0, 21.0, 33.0]
[5.0, 17.0, 6.0, 16.0, 33.0, 27.0, 15.0, 31.0]
[9.0, 8.0, 9.0, 8.0, 9.0, 9.0, 9.0, 9.0]
[8.0, 9.0, 8.0, 9.0, 9.0, 9.0, 9.0, 9.0]
T = 0.13421772800000006	 step = 385
106.20000000000005
24.362736742424243
[9.0, 32.0, 33.0, 10.0, 9.0, 20.0, 21.0, 33.0]
[5.0, 17.0, 6.0, 16.0, 33.0, 27.0, 15.0, 31.0]
[9.0, 8.0, 9.0, 8.0, 9.0, 9.0, 9.0, 9.0]
[8.0, 9.0, 8.0, 9.0, 9.0, 9.0, 9.0, 9.0]
T = 0.13421772800000006	 step = 386
106.26000000000005
24.529403409090907
[9.0, 32.0, 33.0, 10.0, 9.0, 20.0, 20.0, 33.0]
[5.0, 17.0, 6.0, 16.0, 33.0, 27.0, 15.0, 31.0]
[9.0, 8.0, 9.0, 8.0, 9.0, 9.0, 9.0, 9.0]
[8.0, 9.0, 8.0, 9.0, 9.0, 9.0, 9.0, 9.0]
T = 0.13421772800000006	 step = 387
106.27000000000004
24.362736742424243
[9.0, 32.0, 33.0, 10.0, 9.0, 20.0, 20.0, 33.0]
[5.0, 17.0, 6.0, 16.0, 33.0, 27.0, 15.0, 30.0]
[9.0, 8.0, 9.0, 8.0, 9.0, 9.0, 9.0, 9.0]
[8.0, 9.0, 8.0, 9.0, 9.0, 9.0, 9.0, 9.0]
T = 0.13421772800000006	 step = 388
106.31
24.24230113636364
[10.0, 32.0, 33.0, 10.0, 9.0, 20.0, 20.0, 33.0]
[5.0, 17.0, 6.0, 16.0, 33.0, 27.0, 15.0, 30.0]
[9.0, 8.0, 9.0, 8.0, 9.0, 9.0, 9.0, 9.0]
[8.0, 9.0, 8.0, 9.0, 9.0, 9.0, 9.0, 9.0]
T = 0.13421772800000006	 step = 389
107.08000000000004
24.24230113636364
[10.0, 32.0, 33.0, 10.0, 9.0, 20.0, 20.0, 33.0]
[5.0, 16.0, 6.0, 16.0, 33.0, 27.0, 15.0, 30.0]
[9.0, 8.0, 9.0, 8.0, 9.0, 9.0, 9.0, 9.0]
[8.0, 9.0, 8.0, 9.0, 9.0, 9.0, 9.0, 9.0]
T = 0.13421772800000006	 step = 390
107.06
24.284024621212122
[10.0, 32.0, 33.0, 10.0, 8.0, 20.0, 20.0, 33.0]
[5.0, 16.0, 6.0, 16.0, 33.0, 27.0, 15.0, 30.0]
[9.0, 8.0, 9.0, 8.0, 9.0, 9.0, 9.0, 9.0]
[8.0, 9.0, 8.0, 9.0, 9.0, 9.0, 9.0, 9.0]
T = 0.13421772800000006	 step = 391
106.5
24.617357954545454
[10.0, 33.0, 33.0, 10.0, 8.0, 20.0, 20.0, 33.0]
[5.0, 16.0, 6.0, 16.0, 33.0, 27.0, 15.0, 30.0]
[9.0, 8.0, 9.0, 8.0, 9.0, 9.0, 9.0, 9.0]
[8.0, 9.0, 8.0, 9.0, 9.0, 9.0, 9.0, 9.0]
T = 0.10737418240000006	 step = 392
106.58000000000004
23.57563446969697
[10.0, 33.0, 33.0, 10.0, 9.0, 20.0, 20.0, 33.0]
[5.0, 16.0, 6.0, 16.0, 27.0, 27.0, 15.0, 30.0]
[9.0, 8.0, 9.0, 8.0, 9.0, 9.0, 9.0, 9.0]
[8.0, 9.0, 8.0, 9.0, 9.0, 9.0, 9.0, 9.0]
T = 0.10737418240000006	 step = 393
106.63
23.408967803030297
[10.0, 33.0, 33.0, 10.0, 9.0, 21.0, 20.0, 33.0]
[5.0, 16.0, 6.0, 16.0, 27.0, 27.0, 15.0, 30.0]
[9.0, 8.0, 9.0, 8.0, 9.0, 9.0, 9.0, 9.0]
[8.0, 9.0, 8.0, 9.0, 9.0, 9.0, 9.0, 9.0]
T = 0.10737418240000006	 step = 394
106.65000000000003
23.07563446969697
[10.0, 33.0, 32.0, 10.0, 9.0, 21.0, 20.0, 33.0]
[5.0, 16.0, 6.0, 16.0, 27.0, 27.0, 15.0, 30.0]
[9.0, 8.0, 9.0, 8.0, 9.0, 9.0, 9.0, 9.0]
[8.0, 9.0, 8.0, 9.0, 9.0, 9.0, 9.0, 9.0]
T = 0.10737418240000006	 step = 395
106.80000000000001
22.950691287878787
[11.0, 33.0, 32.0, 10.0, 9.0, 21.0, 20.0, 33.0]
[5.0, 16.0, 6.0, 16.0, 27.0, 27.0, 15.0, 30.0]
[9.0, 8.0, 9.0, 8.0, 9.0, 9.0, 9.0, 9.0]
[8.0, 9.0, 8.0, 9.0, 9.0, 9.0, 9.0, 9.0]
T = 0.10737418240000006	 step = 396
106.87
22.784024621212122
[11.0, 33.0, 32.0, 10.0, 9.0, 21.0, 20.0, 33.0]
[5.0, 16.0, 6.0, 16.0, 27.0, 27.0, 15.0, 29.0]
[9.0, 8.0, 9.0, 8.0, 9.0, 9.0, 9.0, 9.0]
[8.0, 9.0, 8.0, 9.0, 9.0, 9.0, 9.0, 9.0]
T = 0.10737418240000006	 step = 397
106.86000000000001
22.950691287878787
[11.0, 33.0, 32.0, 10.0, 9.0, 21.0, 20.0, 33.0]
[5.0, 16.0, 6.0, 16.0, 27.0, 27.0, 16.0, 29.0]
[9.0, 8.0, 9.0, 8.0, 9.0, 9.0, 9.0, 9.0]
[8.0, 9.0, 8.0, 9.0, 9.0, 9.0, 9.0, 9.0]
T = 0.10737418240000006	 step = 398
106.93
22.617357954545454
[11.0, 33.0, 32.0, 10.0, 9.0, 21.0, 20.0, 33.0]
[5.0, 16.0, 6.0, 16.0, 27.0, 27.0, 15.0, 28.0]
[9.0, 8.0, 9.0, 8.0, 9.0, 9.0, 9.0, 9.0]
[8.0, 9.0, 8.0, 9.0, 9.0, 9.0, 9.0, 9.0]
T = 0.10737418240000006	 step = 399
106.56
22.950691287878787
[11.0, 34.0, 32.0, 10.0, 9.0, 21.0, 20.0, 33.0]
[5.0, 16.0, 6.0, 16.0, 27.0, 27.0, 15.0, 28.0]
[9.0, 8.0, 9.0, 8.0, 9.0, 9.0, 9.0, 9.0]
[8.0, 9.0, 8.0, 9.0, 9.0, 9.0, 9.0, 9.0]
T = 0.10737418240000006	 step = 400
106.21000000000004
23.122982954545456
[11.0, 34.0, 32.0, 10.0, 9.0, 21.0, 20.0, 33.0]
[5.0, 16.0, 5.0, 16.0, 27.0, 27.0, 15.0, 28.0]
[9.0, 8.0, 9.0, 8.0, 9.0, 9.0, 9.0, 9.0]
[8.0, 9.0, 8.0, 9.0, 9.0, 9.0, 9.0, 9.0]
T = 0.10737418240000006	 step = 401
106.19
23.122982954545453
[11.0, 34.0, 32.0, 10.0, 9.0, 21.0, 20.0, 33.0]
[5.0, 17.0, 5.0, 16.0, 27.0, 27.0, 15.0, 28.0]
[9.0, 8.0, 9.0, 8.0, 9.0, 9.0, 9.0, 9.0]
[8.0, 9.0, 8.0, 9.0, 9.0, 9.0, 9.0, 9.0]
T = 0.10737418240000006	 step = 402
105.79000000000002
23.45631628787879
[11.0, 34.0, 32.0, 9.0, 9.0, 21.0, 20.0, 33.0]
[5.0, 17.0, 5.0, 16.0, 27.0, 27.0, 15.0, 28.0]
[9.0, 8.0, 9.0, 8.0, 9.0, 9.0, 9.0, 9.0]
[8.0, 9.0, 8.0, 9.0, 9.0, 9.0, 9.0, 9.0]
T = 0.10737418240000006	 step = 403
105.75
23.28964962121212
[11.0, 34.0, 32.0, 9.0, 9.0, 22.0, 20.0, 33.0]
[5.0, 17.0, 5.0, 16.0, 27.0, 27.0, 15.0, 28.0]
[9.0, 8.0, 9.0, 8.0, 9.0, 9.0, 9.0, 9.0]
[8.0, 9.0, 8.0, 9.0, 9.0, 9.0, 9.0, 9.0]
T = 0.10737418240000006	 step = 404
105.74000000000001
23.45631628787879
[11.0, 34.0, 32.0, 9.0, 9.0, 22.0, 20.0, 33.0]
[5.0, 17.0, 5.0, 16.0, 27.0, 27.0, 15.0, 29.0]
[9.0, 8.0, 9.0, 8.0, 9.0, 9.0, 9.0, 9.0]
[8.0, 9.0, 8.0, 9.0, 9.0, 9.0, 9.0, 9.0]
T = 0.10737418240000006	 step = 405
105.32000000000005
23.78964962121212
[11.0, 34.0, 32.0, 8.0, 9.0, 22.0, 20.0, 33.0]
[5.0, 17.0, 5.0, 16.0, 27.0, 27.0, 15.0, 29.0]
[9.0, 8.0, 9.0, 8.0, 9.0, 9.0, 9.0, 9.0]
[8.0, 9.0, 8.0, 9.0, 9.0, 9.0, 9.0, 9.0]
T = 0.10737418240000006	 step = 406
105.74000000000001
23.45631628787879
[11.0, 34.0, 32.0, 9.0, 9.0, 22.0, 20.0, 33.0]
[5.0, 17.0, 5.0, 16.0, 27.0, 27.0, 15.0, 29.0]
[9.0, 8.0, 9.0, 8.0, 9.0, 9.0, 9.0, 9.0]
[8.0, 9.0, 8.0, 9.0, 9.0, 9.0, 9.0, 9.0]
T = 0.10737418240000006	 step = 407
105.76000000000005
23.456316287878785
[11.0, 34.0, 32.0, 9.0, 9.0, 22.0, 20.0, 33.0]
[5.0, 16.0, 5.0, 16.0, 27.0, 27.0, 15.0, 29.0]
[9.0, 8.0, 9.0, 8.0, 9.0, 9.0, 9.0, 9.0]
[8.0, 9.0, 8.0, 9.0, 9.0, 9.0, 9.0, 9.0]
T = 0.10737418240000006	 step = 408
105.43
23.789649621212117
[11.0, 34.0, 32.0, 8.0, 9.0, 22.0, 20.0, 33.0]
[5.0, 16.0, 5.0, 16.0, 27.0, 27.0, 15.0, 29.0]
[9.0, 8.0, 9.0, 8.0, 9.0, 9.0, 9.0, 9.0]
[8.0, 9.0, 8.0, 9.0, 9.0, 9.0, 9.0, 9.0]
T = 0.10737418240000006	 step = 409
105.68
23.456316287878785
[11.0, 34.0, 31.0, 8.0, 9.0, 22.0, 20.0, 33.0]
[5.0, 16.0, 5.0, 16.0, 27.0, 27.0, 15.0, 29.0]
[9.0, 8.0, 9.0, 8.0, 9.0, 9.0, 9.0, 9.0]
[8.0, 9.0, 8.0, 9.0, 9.0, 9.0, 9.0, 9.0]
T = 0.10737418240000006	 step = 410
106.14000000000004
23.617357954545454
[11.0, 34.0, 32.0, 8.0, 9.0, 22.0, 20.0, 33.0]
[5.0, 16.0, 6.0, 16.0, 27.0, 27.0, 15.0, 29.0]
[9.0, 8.0, 9.0, 8.0, 9.0, 9.0, 9.0, 9.0]
[8.0, 9.0, 8.0, 9.0, 9.0, 9.0, 9.0, 9.0]
T = 0.10737418240000006	 step = 411
106.41000000000003
23.284024621212122
[11.0, 34.0, 31.0, 8.0, 9.0, 22.0, 20.0, 33.0]
[5.0, 16.0, 6.0, 16.0, 27.0, 27.0, 15.0, 29.0]
[9.0, 8.0, 9.0, 8.0, 9.0, 9.0, 9.0, 9.0]
[8.0, 9.0, 8.0, 9.0, 9.0, 9.0, 9.0, 9.0]
T = 0.10737418240000006	 step = 412
106.36000000000001
23.617357954545454
[11.0, 34.0, 31.0, 8.0, 9.0, 22.0, 20.0, 33.0]
[5.0, 16.0, 6.0, 16.0, 27.0, 29.0, 15.0, 29.0]
[9.0, 8.0, 9.0, 8.0, 9.0, 9.0, 9.0, 9.0]
[8.0, 9.0, 8.0, 9.0, 9.0, 9.0, 9.0, 9.0]
T = 0.10737418240000006	 step = 413
106.38
23.450691287878787
[11.0, 34.0, 31.0, 8.0, 9.0, 22.0, 20.0, 33.0]
[5.0, 16.0, 6.0, 16.0, 27.0, 29.0, 15.0, 28.0]
[9.0, 8.0, 9.0, 8.0, 9.0, 9.0, 9.0, 9.0]
[8.0, 9.0, 8.0, 9.0, 9.0, 9.0, 9.0, 9.0]
T = 0.10737418240000006	 step = 414
106.40000000000003
23.4089678030303
[11.0, 34.0, 31.0, 8.0, 10.0, 22.0, 20.0, 33.0]
[5.0, 16.0, 6.0, 16.0, 27.0, 29.0, 15.0, 28.0]
[9.0, 8.0, 9.0, 8.0, 9.0, 9.0, 9.0, 9.0]
[8.0, 9.0, 8.0, 9.0, 9.0, 9.0, 9.0, 9.0]
T = 0.10737418240000006	 step = 415
106.71000000000004
23.284024621212122
[12.0, 34.0, 31.0, 8.0, 10.0, 22.0, 20.0, 33.0]
[5.0, 16.0, 6.0, 16.0, 27.0, 29.0, 15.0, 28.0]
[9.0, 8.0, 9.0, 8.0, 9.0, 9.0, 9.0, 9.0]
[8.0, 9.0, 8.0, 9.0, 9.0, 9.0, 9.0, 9.0]
T = 0.10737418240000006	 step = 416
106.73000000000002
23.117357954545454
[12.0, 34.0, 31.0, 8.0, 10.0, 22.0, 20.0, 33.0]
[5.0, 16.0, 6.0, 16.0, 27.0, 28.0, 15.0, 28.0]
[9.0, 8.0, 9.0, 8.0, 9.0, 9.0, 9.0, 9.0]
[8.0, 9.0, 8.0, 9.0, 9.0, 9.0, 9.0, 9.0]
T = 0.10737418240000006	 step = 417
106.69
23.284024621212122
[12.0, 34.0, 31.0, 8.0, 10.0, 22.0, 20.0, 33.0]
[5.0, 16.0, 6.0, 16.0, 27.0, 28.0, 16.0, 28.0]
[9.0, 8.0, 9.0, 8.0, 9.0, 9.0, 9.0, 9.0]
[8.0, 9.0, 8.0, 9.0, 9.0, 9.0, 9.0, 9.0]
T = 0.10737418240000006	 step = 418
106.08000000000004
23.284024621212122
[12.0, 34.0, 31.0, 8.0, 10.0, 22.0, 20.0, 33.0]
[5.0, 17.0, 6.0, 16.0, 27.0, 28.0, 16.0, 28.0]
[9.0, 8.0, 9.0, 8.0, 9.0, 9.0, 9.0, 9.0]
[8.0, 9.0, 8.0, 9.0, 9.0, 9.0, 9.0, 9.0]
T = 0.10737418240000006	 step = 419
106.56
23.450691287878787
[12.0, 34.0, 31.0, 8.0, 10.0, 22.0, 20.0, 33.0]
[5.0, 17.0, 6.0, 15.0, 27.0, 28.0, 16.0, 28.0]
[9.0, 8.0, 9.0, 8.0, 9.0, 9.0, 9.0, 9.0]
[8.0, 9.0, 8.0, 9.0, 9.0, 9.0, 9.0, 9.0]
T = 0.10737418240000006	 step = 420
105.99000000000001
24.045397727272725
[12.0, 34.0, 31.0, 8.0, 6.0, 22.0, 20.0, 33.0]
[5.0, 17.0, 6.0, 16.0, 30.0, 28.0, 16.0, 28.0]
[9.0, 8.0, 9.0, 8.0, 9.0, 9.0, 9.0, 9.0]
[8.0, 9.0, 8.0, 9.0, 9.0, 9.0, 9.0, 9.0]
T = 0.10737418240000006	 step = 421
105.68
24.045397727272725
[11.0, 34.0, 31.0, 8.0, 6.0, 22.0, 20.0, 33.0]
[5.0, 17.0, 6.0, 16.0, 30.0, 28.0, 16.0, 28.0]
[9.0, 8.0, 9.0, 8.0, 9.0, 9.0, 9.0, 9.0]
[8.0, 9.0, 8.0, 9.0, 9.0, 9.0, 9.0, 9.0]
T = 0.10737418240000006	 step = 422
105.85000000000002
23.712064393939393
[11.0, 33.0, 31.0, 8.0, 6.0, 22.0, 20.0, 33.0]
[5.0, 17.0, 6.0, 16.0, 30.0, 28.0, 16.0, 28.0]
[9.0, 8.0, 9.0, 8.0, 9.0, 9.0, 9.0, 9.0]
[8.0, 9.0, 8.0, 9.0, 9.0, 9.0, 9.0, 9.0]
T = 0.10737418240000006	 step = 423
105.64000000000004
23.8225
[10.0, 33.0, 31.0, 8.0, 6.0, 22.0, 20.0, 33.0]
[5.0, 17.0, 6.0, 16.0, 30.0, 28.0, 16.0, 28.0]
[9.0, 8.0, 9.0, 8.0, 9.0, 9.0, 9.0, 9.0]
[8.0, 9.0, 8.0, 9.0, 9.0, 9.0, 9.0, 9.0]
T = 0.10737418240000006	 step = 424
106.41000000000003
23.60848484848485
[10.0, 33.0, 31.0, 8.0, 6.0, 22.0, 20.0, 33.0]
[5.0, 17.0, 7.0, 16.0, 30.0, 28.0, 16.0, 28.0]
[9.0, 8.0, 9.0, 8.0, 9.0, 9.0, 9.0, 9.0]
[8.0, 9.0, 8.0, 9.0, 9.0, 9.0, 9.0, 9.0]
T = 0.10737418240000006	 step = 425
106.32000000000005
23.519820075757575
[10.0, 33.0, 31.0, 8.0, 6.0, 22.0, 20.0, 33.0]
[6.0, 17.0, 6.0, 16.0, 30.0, 28.0, 16.0, 28.0]
[9.0, 8.0, 9.0, 8.0, 9.0, 9.0, 9.0, 9.0]
[8.0, 9.0, 8.0, 9.0, 9.0, 9.0, 9.0, 9.0]
T = 0.10737418240000006	 step = 426
105.39000000000004
23.980994318181818
[9.0, 33.0, 31.0, 8.0, 6.0, 22.0, 20.0, 33.0]
[5.0, 17.0, 6.0, 16.0, 30.0, 28.0, 16.0, 28.0]
[9.0, 8.0, 9.0, 8.0, 9.0, 9.0, 9.0, 9.0]
[8.0, 9.0, 8.0, 9.0, 9.0, 9.0, 9.0, 9.0]
T = 0.10737418240000006	 step = 427
105.43
24.117357954545454
[8.0, 33.0, 31.0, 8.0, 6.0, 22.0, 20.0, 33.0]
[5.0, 17.0, 6.0, 16.0, 30.0, 28.0, 16.0, 28.0]
[9.0, 8.0, 9.0, 8.0, 9.0, 9.0, 9.0, 9.0]
[8.0, 9.0, 8.0, 9.0, 9.0, 9.0, 9.0, 9.0]
T = 0.10737418240000006	 step = 428
105.46000000000004
23.950691287878787
[8.0, 33.0, 31.0, 8.0, 6.0, 22.0, 20.0, 33.0]
[5.0, 17.0, 6.0, 16.0, 30.0, 27.0, 16.0, 28.0]
[9.0, 8.0, 9.0, 8.0, 9.0, 9.0, 9.0, 9.0]
[8.0, 9.0, 8.0, 9.0, 9.0, 9.0, 9.0, 9.0]
T = 0.10737418240000006	 step = 429
105.45000000000005
24.117357954545454
[8.0, 33.0, 31.0, 8.0, 6.0, 22.0, 20.0, 33.0]
[5.0, 17.0, 6.0, 16.0, 30.0, 27.0, 16.0, 29.0]
[9.0, 8.0, 9.0, 8.0, 9.0, 9.0, 9.0, 9.0]
[8.0, 9.0, 8.0, 9.0, 9.0, 9.0, 9.0, 9.0]
T = 0.10737418240000006	 step = 430
105.80000000000001
24.117357954545454
[8.0, 33.0, 31.0, 8.0, 6.0, 22.0, 20.0, 33.0]
[5.0, 16.0, 6.0, 16.0, 30.0, 27.0, 16.0, 29.0]
[9.0, 8.0, 9.0, 8.0, 9.0, 9.0, 9.0, 9.0]
[8.0, 9.0, 8.0, 9.0, 9.0, 9.0, 9.0, 9.0]
T = 0.08589934592000005	 step = 431
105.79000000000002
24.284024621212122
[8.0, 33.0, 31.0, 8.0, 6.0, 21.0, 20.0, 33.0]
[5.0, 16.0, 6.0, 16.0, 30.0, 27.0, 16.0, 29.0]
[9.0, 8.0, 9.0, 8.0, 9.0, 9.0, 9.0, 9.0]
[8.0, 9.0, 8.0, 9.0, 9.0, 9.0, 9.0, 9.0]
T = 0.08589934592000005	 step = 432
105.5
24.284024621212122
[8.0, 33.0, 31.0, 8.0, 6.0, 21.0, 20.0, 33.0]
[5.0, 17.0, 6.0, 16.0, 30.0, 27.0, 16.0, 29.0]
[9.0, 8.0, 9.0, 8.0, 9.0, 9.0, 9.0, 9.0]
[8.0, 9.0, 8.0, 9.0, 9.0, 9.0, 9.0, 9.0]
T = 0.08589934592000005	 step = 433
106.09000000000003
24.450691287878787
[8.0, 33.0, 31.0, 8.0, 6.0, 21.0, 20.0, 33.0]
[5.0, 17.0, 6.0, 15.0, 30.0, 27.0, 16.0, 29.0]
[9.0, 8.0, 9.0, 8.0, 9.0, 9.0, 9.0, 9.0]
[8.0, 9.0, 8.0, 9.0, 9.0, 9.0, 9.0, 9.0]
T = 0.08589934592000005	 step = 434
105.51000000000005
24.24230113636364
[8.0, 33.0, 31.0, 8.0, 7.0, 21.0, 20.0, 33.0]
[5.0, 17.0, 6.0, 16.0, 30.0, 27.0, 16.0, 29.0]
[9.0, 8.0, 9.0, 8.0, 9.0, 9.0, 9.0, 9.0]
[8.0, 9.0, 8.0, 9.0, 9.0, 9.0, 9.0, 9.0]
T = 0.08589934592000005	 step = 435
105.51000000000005
24.075634469696972
[8.0, 33.0, 31.0, 8.0, 7.0, 21.0, 20.0, 33.0]
[5.0, 17.0, 6.0, 16.0, 30.0, 27.0, 16.0, 28.0]
[9.0, 8.0, 9.0, 8.0, 9.0, 9.0, 9.0, 9.0]
[8.0, 9.0, 8.0, 9.0, 9.0, 9.0, 9.0, 9.0]
T = 0.08589934592000005	 step = 436
105.45000000000005
23.908967803030304
[8.0, 33.0, 31.0, 8.0, 7.0, 21.0, 21.0, 33.0]
[5.0, 17.0, 6.0, 16.0, 30.0, 27.0, 16.0, 28.0]
[9.0, 8.0, 9.0, 8.0, 9.0, 9.0, 9.0, 9.0]
[8.0, 9.0, 8.0, 9.0, 9.0, 9.0, 9.0, 9.0]
T = 0.08589934592000005	 step = 437
106.05000000000001
24.075634469696972
[8.0, 33.0, 31.0, 8.0, 7.0, 21.0, 21.0, 33.0]
[5.0, 17.0, 6.0, 15.0, 30.0, 27.0, 16.0, 28.0]
[9.0, 8.0, 9.0, 8.0, 9.0, 9.0, 9.0, 9.0]
[8.0, 9.0, 8.0, 9.0, 9.0, 9.0, 9.0, 9.0]
T = 0.08589934592000005	 step = 438
106.07000000000005
24.075634469696972
[8.0, 33.0, 31.0, 8.0, 7.0, 21.0, 21.0, 33.0]
[5.0, 16.0, 6.0, 15.0, 30.0, 27.0, 16.0, 28.0]
[9.0, 8.0, 9.0, 8.0, 9.0, 9.0, 9.0, 9.0]
[8.0, 9.0, 8.0, 9.0, 9.0, 9.0, 9.0, 9.0]
T = 0.08589934592000005	 step = 439
106.05000000000001
24.075634469696972
[8.0, 33.0, 31.0, 8.0, 7.0, 21.0, 21.0, 33.0]
[5.0, 17.0, 6.0, 15.0, 30.0, 27.0, 16.0, 28.0]
[9.0, 8.0, 9.0, 8.0, 9.0, 9.0, 9.0, 9.0]
[8.0, 9.0, 8.0, 9.0, 9.0, 9.0, 9.0, 9.0]
T = 0.08589934592000005	 step = 440
105.83000000000004
24.408967803030304
[8.0, 34.0, 31.0, 8.0, 7.0, 21.0, 21.0, 33.0]
[5.0, 17.0, 6.0, 15.0, 30.0, 27.0, 16.0, 28.0]
[9.0, 8.0, 9.0, 8.0, 9.0, 9.0, 9.0, 9.0]
[8.0, 9.0, 8.0, 9.0, 9.0, 9.0, 9.0, 9.0]
T = 0.08589934592000005	 step = 441
105.86000000000001
24.24230113636364
[8.0, 34.0, 31.0, 8.0, 7.0, 21.0, 21.0, 32.0]
[5.0, 17.0, 6.0, 15.0, 30.0, 27.0, 16.0, 28.0]
[9.0, 8.0, 9.0, 8.0, 9.0, 9.0, 9.0, 9.0]
[8.0, 9.0, 8.0, 9.0, 9.0, 9.0, 9.0, 9.0]
T = 0.08589934592000005	 step = 442
105.83000000000004
24.408967803030304
[8.0, 34.0, 31.0, 8.0, 7.0, 21.0, 21.0, 33.0]
[5.0, 17.0, 6.0, 15.0, 30.0, 27.0, 16.0, 28.0]
[9.0, 8.0, 9.0, 8.0, 9.0, 9.0, 9.0, 9.0]
[8.0, 9.0, 8.0, 9.0, 9.0, 9.0, 9.0, 9.0]
T = 0.08589934592000005	 step = 443
105.86000000000001
24.24230113636364
[8.0, 34.0, 31.0, 8.0, 7.0, 21.0, 21.0, 32.0]
[5.0, 17.0, 6.0, 15.0, 30.0, 27.0, 16.0, 28.0]
[9.0, 8.0, 9.0, 8.0, 9.0, 9.0, 9.0, 9.0]
[8.0, 9.0, 8.0, 9.0, 9.0, 9.0, 9.0, 9.0]
T = 0.08589934592000005	 step = 444
105.89000000000004
24.408967803030297
[8.0, 34.0, 31.0, 8.0, 7.0, 20.0, 21.0, 32.0]
[5.0, 17.0, 6.0, 15.0, 30.0, 27.0, 16.0, 28.0]
[9.0, 8.0, 9.0, 8.0, 9.0, 9.0, 9.0, 9.0]
[8.0, 9.0, 8.0, 9.0, 9.0, 9.0, 9.0, 9.0]
T = 0.08589934592000005	 step = 445
106.52000000000004
24.075634469696965
[8.0, 34.0, 31.0, 9.0, 7.0, 20.0, 21.0, 32.0]
[5.0, 17.0, 6.0, 15.0, 30.0, 27.0, 16.0, 28.0]
[9.0, 8.0, 9.0, 8.0, 9.0, 9.0, 9.0, 9.0]
[8.0, 9.0, 8.0, 9.0, 9.0, 9.0, 9.0, 9.0]
T = 0.08589934592000005	 step = 446
106.52000000000004
24.029403409090907
[8.0, 34.0, 31.0, 9.0, 8.0, 20.0, 21.0, 32.0]
[5.0, 17.0, 6.0, 15.0, 30.0, 27.0, 16.0, 28.0]
[9.0, 8.0, 9.0, 8.0, 9.0, 9.0, 9.0, 9.0]
[8.0, 9.0, 8.0, 9.0, 9.0, 9.0, 9.0, 9.0]
T = 0.08589934592000005	 step = 447
106.54000000000002
24.029403409090907
[8.0, 34.0, 31.0, 9.0, 8.0, 20.0, 21.0, 32.0]
[5.0, 16.0, 6.0, 15.0, 30.0, 27.0, 16.0, 28.0]
[9.0, 8.0, 9.0, 8.0, 9.0, 9.0, 9.0, 9.0]
[8.0, 9.0, 8.0, 9.0, 9.0, 9.0, 9.0, 9.0]
T = 0.08589934592000005	 step = 448
106.60000000000002
23.9089678030303
[9.0, 34.0, 31.0, 9.0, 8.0, 20.0, 21.0, 32.0]
[5.0, 16.0, 6.0, 15.0, 30.0, 27.0, 16.0, 28.0]
[9.0, 8.0, 9.0, 8.0, 9.0, 9.0, 9.0, 9.0]
[8.0, 9.0, 8.0, 9.0, 9.0, 9.0, 9.0, 9.0]
T = 0.08589934592000005	 step = 449
106.0
24.242301136363636
[9.0, 34.0, 31.0, 8.0, 8.0, 20.0, 21.0, 32.0]
[5.0, 16.0, 6.0, 15.0, 30.0, 27.0, 16.0, 28.0]
[9.0, 8.0, 9.0, 8.0, 9.0, 9.0, 9.0, 9.0]
[8.0, 9.0, 8.0, 9.0, 9.0, 9.0, 9.0, 9.0]
T = 0.08589934592000005	 step = 450
106.04000000000002
24.07563446969697
[9.0, 34.0, 31.0, 8.0, 8.0, 20.0, 22.0, 32.0]
[5.0, 16.0, 6.0, 15.0, 30.0, 27.0, 16.0, 28.0]
[9.0, 8.0, 9.0, 8.0, 9.0, 9.0, 9.0, 9.0]
[8.0, 9.0, 8.0, 9.0, 9.0, 9.0, 9.0, 9.0]
T = 0.08589934592000005	 step = 451
106.02000000000004
24.242301136363636
[9.0, 34.0, 31.0, 8.0, 8.0, 20.0, 22.0, 32.0]
[5.0, 16.0, 6.0, 15.0, 31.0, 27.0, 16.0, 28.0]
[9.0, 8.0, 9.0, 8.0, 9.0, 9.0, 9.0, 9.0]
[8.0, 9.0, 8.0, 9.0, 9.0, 9.0, 9.0, 9.0]
T = 0.08589934592000005	 step = 452
106.0
24.4089678030303
[9.0, 34.0, 31.0, 8.0, 8.0, 20.0, 22.0, 32.0]
[5.0, 16.0, 6.0, 15.0, 31.0, 27.0, 16.0, 29.0]
[9.0, 8.0, 9.0, 8.0, 9.0, 9.0, 9.0, 9.0]
[8.0, 9.0, 8.0, 9.0, 9.0, 9.0, 9.0, 9.0]
T = 0.08589934592000005	 step = 453
106.26000000000005
24.284024621212122
[10.0, 34.0, 31.0, 8.0, 8.0, 20.0, 22.0, 32.0]
[5.0, 16.0, 6.0, 15.0, 31.0, 27.0, 16.0, 29.0]
[9.0, 8.0, 9.0, 8.0, 9.0, 9.0, 9.0, 9.0]
[8.0, 9.0, 8.0, 9.0, 9.0, 9.0, 9.0, 9.0]
T = 0.08589934592000005	 step = 454
106.46000000000004
23.950691287878787
[10.0, 34.0, 31.0, 9.0, 8.0, 20.0, 22.0, 32.0]
[5.0, 16.0, 6.0, 15.0, 31.0, 27.0, 16.0, 29.0]
[9.0, 8.0, 9.0, 8.0, 9.0, 9.0, 9.0, 9.0]
[8.0, 9.0, 8.0, 9.0, 9.0, 9.0, 9.0, 9.0]
T = 0.08589934592000005	 step = 455
106.43
24.117357954545454
[10.0, 34.0, 31.0, 9.0, 8.0, 20.0, 22.0, 32.0]
[5.0, 16.0, 6.0, 15.0, 31.0, 28.0, 16.0, 29.0]
[9.0, 8.0, 9.0, 8.0, 9.0, 9.0, 9.0, 9.0]
[8.0, 9.0, 8.0, 9.0, 9.0, 9.0, 9.0, 9.0]
T = 0.08589934592000005	 step = 456
106.43
24.147660984848486
[10.0, 34.0, 31.0, 9.0, 7.0, 20.0, 22.0, 32.0]
[5.0, 16.0, 6.0, 15.0, 31.0, 28.0, 16.0, 29.0]
[9.0, 8.0, 9.0, 8.0, 9.0, 9.0, 9.0, 9.0]
[8.0, 9.0, 8.0, 9.0, 9.0, 9.0, 9.0, 9.0]
T = 0.08589934592000005	 step = 457
106.41000000000003
24.15583333333333
[10.0, 34.0, 31.0, 9.0, 6.0, 20.0, 22.0, 32.0]
[5.0, 16.0, 6.0, 15.0, 31.0, 28.0, 16.0, 29.0]
[9.0, 8.0, 9.0, 8.0, 9.0, 9.0, 9.0, 9.0]
[8.0, 9.0, 8.0, 9.0, 9.0, 9.0, 9.0, 9.0]
T = 0.08589934592000005	 step = 458
106.20000000000005
24.489166666666666
[10.0, 34.0, 31.0, 8.0, 6.0, 20.0, 22.0, 32.0]
[5.0, 16.0, 6.0, 15.0, 31.0, 28.0, 16.0, 29.0]
[9.0, 8.0, 9.0, 8.0, 9.0, 9.0, 9.0, 9.0]
[8.0, 9.0, 8.0, 9.0, 9.0, 9.0, 9.0, 9.0]
T = 0.08589934592000005	 step = 459
105.94
24.647660984848486
[9.0, 34.0, 31.0, 8.0, 6.0, 20.0, 22.0, 32.0]
[5.0, 16.0, 6.0, 15.0, 31.0, 28.0, 16.0, 29.0]
[9.0, 8.0, 9.0, 8.0, 9.0, 9.0, 9.0, 9.0]
[8.0, 9.0, 8.0, 9.0, 9.0, 9.0, 9.0, 9.0]
T = 0.08589934592000005	 step = 460
105.97000000000003
24.480994318181818
[9.0, 34.0, 31.0, 8.0, 6.0, 20.0, 22.0, 32.0]
[5.0, 16.0, 6.0, 15.0, 31.0, 27.0, 16.0, 29.0]
[9.0, 8.0, 9.0, 8.0, 9.0, 9.0, 9.0, 9.0]
[8.0, 9.0, 8.0, 9.0, 9.0, 9.0, 9.0, 9.0]
T = 0.08589934592000005	 step = 461
105.88
24.314327651515153
[9.0, 34.0, 31.0, 8.0, 6.0, 20.0, 22.0, 32.0]
[5.0, 16.0, 6.0, 16.0, 31.0, 27.0, 16.0, 29.0]
[9.0, 8.0, 9.0, 8.0, 9.0, 9.0, 9.0, 9.0]
[8.0, 9.0, 8.0, 9.0, 9.0, 9.0, 9.0, 9.0]
T = 0.08589934592000005	 step = 462
105.87
24.147660984848486
[9.0, 34.0, 31.0, 8.0, 6.0, 20.0, 22.0, 31.0]
[5.0, 16.0, 6.0, 16.0, 31.0, 27.0, 16.0, 29.0]
[9.0, 8.0, 9.0, 8.0, 9.0, 9.0, 9.0, 9.0]
[8.0, 9.0, 8.0, 9.0, 9.0, 9.0, 9.0, 9.0]
T = 0.08589934592000005	 step = 463
105.88
24.314327651515153
[9.0, 34.0, 31.0, 8.0, 6.0, 20.0, 22.0, 32.0]
[5.0, 16.0, 6.0, 16.0, 31.0, 27.0, 16.0, 29.0]
[9.0, 8.0, 9.0, 8.0, 9.0, 9.0, 9.0, 9.0]
[8.0, 9.0, 8.0, 9.0, 9.0, 9.0, 9.0, 9.0]
T = 0.08589934592000005	 step = 464
105.92000000000002
24.147660984848486
[9.0, 34.0, 31.0, 8.0, 6.0, 20.0, 23.0, 32.0]
[5.0, 16.0, 6.0, 16.0, 31.0, 27.0, 16.0, 29.0]
[9.0, 8.0, 9.0, 8.0, 9.0, 9.0, 9.0, 9.0]
[8.0, 9.0, 8.0, 9.0, 9.0, 9.0, 9.0, 9.0]
T = 0.08589934592000005	 step = 465
105.91000000000003
23.980994318181818
[9.0, 34.0, 31.0, 8.0, 6.0, 20.0, 23.0, 31.0]
[5.0, 16.0, 6.0, 16.0, 31.0, 27.0, 16.0, 29.0]
[9.0, 8.0, 9.0, 8.0, 9.0, 9.0, 9.0, 9.0]
[8.0, 9.0, 8.0, 9.0, 9.0, 9.0, 9.0, 9.0]
T = 0.08589934592000005	 step = 466
106.11000000000001
23.647660984848486
[9.0, 34.0, 31.0, 9.0, 6.0, 20.0, 23.0, 31.0]
[5.0, 16.0, 6.0, 16.0, 31.0, 27.0, 16.0, 29.0]
[9.0, 8.0, 9.0, 8.0, 9.0, 9.0, 9.0, 9.0]
[8.0, 9.0, 8.0, 9.0, 9.0, 9.0, 9.0, 9.0]
T = 0.08589934592000005	 step = 467
106.12
23.814327651515153
[9.0, 34.0, 31.0, 9.0, 6.0, 20.0, 23.0, 32.0]
[5.0, 16.0, 6.0, 16.0, 31.0, 27.0, 16.0, 29.0]
[9.0, 8.0, 9.0, 8.0, 9.0, 9.0, 9.0, 9.0]
[8.0, 9.0, 8.0, 9.0, 9.0, 9.0, 9.0, 9.0]
T = 0.08589934592000005	 step = 468
106.34000000000003
23.480994318181818
[9.0, 34.0, 31.0, 10.0, 6.0, 20.0, 23.0, 32.0]
[5.0, 16.0, 6.0, 16.0, 31.0, 27.0, 16.0, 29.0]
[9.0, 8.0, 9.0, 8.0, 9.0, 9.0, 9.0, 9.0]
[8.0, 9.0, 8.0, 9.0, 9.0, 9.0, 9.0, 9.0]
T = 0.08589934592000005	 step = 469
106.37
22.980994318181818
[9.0, 34.0, 31.0, 10.0, 6.0, 20.0, 23.0, 32.0]
[5.0, 16.0, 6.0, 16.0, 28.0, 27.0, 16.0, 29.0]
[9.0, 8.0, 9.0, 8.0, 9.0, 9.0, 9.0, 9.0]
[8.0, 9.0, 8.0, 9.0, 9.0, 9.0, 9.0, 9.0]
T = 0.06871947673600004	 step = 470
106.27000000000004
22.980994318181818
[9.0, 34.0, 31.0, 10.0, 6.0, 20.0, 23.0, 32.0]
[5.0, 17.0, 6.0, 16.0, 28.0, 27.0, 16.0, 29.0]
[9.0, 8.0, 9.0, 8.0, 9.0, 9.0, 9.0, 9.0]
[8.0, 9.0, 8.0, 9.0, 9.0, 9.0, 9.0, 9.0]
T = 0.06871947673600004	 step = 471
106.27000000000004
22.980994318181818
[9.0, 34.0, 31.0, 10.0, 6.0, 20.0, 23.0, 32.0]
[5.0, 17.0, 6.0, 16.0, 28.0, 27.0, 16.0, 29.0]
[9.0, 8.0, 9.0, 8.0, 9.0, 9.0, 9.0, 9.0]
[8.0, 9.0, 8.0, 9.0, 9.0, 9.0, 9.0, 9.0]
T = 0.06871947673600004	 step = 472
106.22000000000003
23.480994318181818
[9.0, 34.0, 31.0, 10.0, 6.0, 19.0, 23.0, 32.0]
[5.0, 17.0, 6.0, 16.0, 28.0, 29.0, 16.0, 29.0]
[9.0, 8.0, 9.0, 8.0, 9.0, 9.0, 9.0, 9.0]
[8.0, 9.0, 8.0, 9.0, 9.0, 9.0, 9.0, 9.0]
T = 0.06871947673600004	 step = 473
106.17000000000002
23.647660984848486
[9.0, 34.0, 31.0, 10.0, 6.0, 19.0, 23.0, 32.0]
[5.0, 17.0, 6.0, 16.0, 29.0, 29.0, 16.0, 29.0]
[9.0, 8.0, 9.0, 8.0, 9.0, 9.0, 9.0, 9.0]
[8.0, 9.0, 8.0, 9.0, 9.0, 9.0, 9.0, 9.0]
T = 0.06871947673600004	 step = 474
106.11000000000001
23.480994318181818
[9.0, 34.0, 31.0, 10.0, 6.0, 19.0, 24.0, 32.0]
[5.0, 17.0, 6.0, 16.0, 29.0, 29.0, 16.0, 29.0]
[9.0, 8.0, 9.0, 8.0, 9.0, 9.0, 9.0, 9.0]
[8.0, 9.0, 8.0, 9.0, 9.0, 9.0, 9.0, 9.0]
T = 0.06871947673600004	 step = 475
105.78000000000003
23.814327651515153
[9.0, 34.0, 31.0, 9.0, 6.0, 19.0, 24.0, 32.0]
[5.0, 17.0, 6.0, 16.0, 29.0, 29.0, 16.0, 29.0]
[9.0, 8.0, 9.0, 8.0, 9.0, 9.0, 9.0, 9.0]
[8.0, 9.0, 8.0, 9.0, 9.0, 9.0, 9.0, 9.0]
T = 0.06871947673600004	 step = 476
105.75
23.647660984848486
[9.0, 34.0, 31.0, 9.0, 6.0, 20.0, 24.0, 32.0]
[5.0, 17.0, 6.0, 16.0, 29.0, 29.0, 16.0, 29.0]
[9.0, 8.0, 9.0, 8.0, 9.0, 9.0, 9.0, 9.0]
[8.0, 9.0, 8.0, 9.0, 9.0, 9.0, 9.0, 9.0]
T = 0.06871947673600004	 step = 477
105.76000000000005
23.647660984848486
[9.0, 34.0, 31.0, 9.0, 6.0, 20.0, 24.0, 32.0]
[5.0, 18.0, 6.0, 16.0, 29.0, 29.0, 16.0, 29.0]
[9.0, 8.0, 9.0, 8.0, 9.0, 9.0, 9.0, 9.0]
[8.0, 9.0, 8.0, 9.0, 9.0, 9.0, 9.0, 9.0]
T = 0.06871947673600004	 step = 478
105.81
23.814327651515153
[9.0, 34.0, 31.0, 9.0, 6.0, 20.0, 23.0, 32.0]
[5.0, 18.0, 6.0, 16.0, 29.0, 29.0, 16.0, 29.0]
[9.0, 8.0, 9.0, 8.0, 9.0, 9.0, 9.0, 9.0]
[8.0, 9.0, 8.0, 9.0, 9.0, 9.0, 9.0, 9.0]
T = 0.06871947673600004	 step = 479
106.14000000000004
23.480994318181818
[9.0, 34.0, 31.0, 10.0, 6.0, 20.0, 23.0, 32.0]
[5.0, 18.0, 6.0, 16.0, 29.0, 29.0, 16.0, 29.0]
[9.0, 8.0, 9.0, 8.0, 9.0, 9.0, 9.0, 9.0]
[8.0, 9.0, 8.0, 9.0, 9.0, 9.0, 9.0, 9.0]
T = 0.06871947673600004	 step = 480
105.83000000000004
23.647660984848486
[9.0, 34.0, 31.0, 9.0, 6.0, 20.0, 23.0, 31.0]
[5.0, 18.0, 6.0, 16.0, 29.0, 29.0, 16.0, 29.0]
[9.0, 8.0, 9.0, 8.0, 9.0, 9.0, 9.0, 9.0]
[8.0, 9.0, 8.0, 9.0, 9.0, 9.0, 9.0, 9.0]
T = 0.06871947673600004	 step = 481
105.86000000000001
23.814327651515153
[9.0, 34.0, 31.0, 9.0, 6.0, 19.0, 23.0, 31.0]
[5.0, 18.0, 6.0, 16.0, 29.0, 29.0, 16.0, 29.0]
[9.0, 8.0, 9.0, 8.0, 9.0, 9.0, 9.0, 9.0]
[8.0, 9.0, 8.0, 9.0, 9.0, 9.0, 9.0, 9.0]
T = 0.06871947673600004	 step = 482
105.86000000000001
23.65583333333333
[10.0, 34.0, 31.0, 9.0, 6.0, 19.0, 23.0, 31.0]
[5.0, 18.0, 6.0, 16.0, 29.0, 29.0, 16.0, 29.0]
[9.0, 8.0, 9.0, 8.0, 9.0, 9.0, 9.0, 9.0]
[8.0, 9.0, 8.0, 9.0, 9.0, 9.0, 9.0, 9.0]
T = 0.06871947673600004	 step = 483
105.81
24.15583333333333
[10.0, 34.0, 31.0, 9.0, 6.0, 18.0, 23.0, 31.0]
[5.0, 18.0, 6.0, 16.0, 29.0, 31.0, 16.0, 29.0]
[9.0, 8.0, 9.0, 8.0, 9.0, 9.0, 9.0, 9.0]
[8.0, 9.0, 8.0, 9.0, 9.0, 9.0, 9.0, 9.0]
T = 0.06871947673600004	 step = 484
105.87
24.65583333333333
[10.0, 34.0, 31.0, 9.0, 6.0, 18.0, 22.0, 31.0]
[5.0, 18.0, 6.0, 16.0, 29.0, 31.0, 18.0, 29.0]
[9.0, 8.0, 9.0, 8.0, 9.0, 9.0, 9.0, 9.0]
[8.0, 9.0, 8.0, 9.0, 9.0, 9.0, 9.0, 9.0]
T = 0.06871947673600004	 step = 485
105.85000000000002
24.822499999999998
[10.0, 34.0, 31.0, 9.0, 6.0, 18.0, 22.0, 31.0]
[5.0, 18.0, 6.0, 16.0, 29.0, 31.0, 18.0, 30.0]
[9.0, 8.0, 9.0, 8.0, 9.0, 9.0, 9.0, 9.0]
[8.0, 9.0, 8.0, 9.0, 9.0, 9.0, 9.0, 9.0]
T = 0.06871947673600004	 step = 486
105.85000000000002
24.822499999999998
[10.0, 34.0, 31.0, 9.0, 6.0, 18.0, 22.0, 31.0]
[5.0, 17.0, 6.0, 16.0, 29.0, 31.0, 18.0, 30.0]
[9.0, 8.0, 9.0, 8.0, 9.0, 9.0, 9.0, 9.0]
[8.0, 9.0, 8.0, 9.0, 9.0, 9.0, 9.0, 9.0]
T = 0.06871947673600004	 step = 487
105.83000000000004
24.989166666666666
[10.0, 34.0, 31.0, 9.0, 6.0, 18.0, 22.0, 32.0]
[5.0, 17.0, 6.0, 16.0, 29.0, 31.0, 18.0, 30.0]
[9.0, 8.0, 9.0, 8.0, 9.0, 9.0, 9.0, 9.0]
[8.0, 9.0, 8.0, 9.0, 9.0, 9.0, 9.0, 9.0]
T = 0.06871947673600004	 step = 488
106.41000000000003
25.15583333333333
[10.0, 34.0, 31.0, 9.0, 6.0, 18.0, 22.0, 32.0]
[5.0, 17.0, 6.0, 15.0, 29.0, 31.0, 18.0, 30.0]
[9.0, 8.0, 9.0, 8.0, 9.0, 9.0, 9.0, 9.0]
[8.0, 9.0, 8.0, 9.0, 9.0, 9.0, 9.0, 9.0]
T = 0.06871947673600004	 step = 489
105.84000000000003
24.822499999999998
[10.0, 34.0, 31.0, 9.0, 6.0, 18.0, 22.0, 32.0]
[5.0, 17.0, 6.0, 16.0, 29.0, 31.0, 18.0, 29.0]
[9.0, 8.0, 9.0, 8.0, 9.0, 9.0, 9.0, 9.0]
[8.0, 9.0, 8.0, 9.0, 9.0, 9.0, 9.0, 9.0]
T = 0.06871947673600004	 step = 490
105.85000000000002
24.822499999999998
[10.0, 34.0, 31.0, 9.0, 6.0, 18.0, 22.0, 32.0]
[5.0, 18.0, 6.0, 16.0, 29.0, 31.0, 18.0, 29.0]
[9.0, 8.0, 9.0, 8.0, 9.0, 9.0, 9.0, 9.0]
[8.0, 9.0, 8.0, 9.0, 9.0, 9.0, 9.0, 9.0]
T = 0.06871947673600004	 step = 491
107.44
22.686486742424243
[10.0, 34.0, 24.0, 9.0, 6.0, 18.0, 22.0, 32.0]
[5.0, 18.0, 5.0, 16.0, 29.0, 31.0, 18.0, 29.0]
[9.0, 8.0, 9.0, 8.0, 9.0, 9.0, 9.0, 9.0]
[8.0, 9.0, 8.0, 9.0, 9.0, 9.0, 9.0, 9.0]
T = 0.06871947673600004	 step = 492
105.81
24.989166666666666
[10.0, 34.0, 31.0, 9.0, 6.0, 18.0, 22.0, 32.0]
[5.0, 18.0, 6.0, 16.0, 29.0, 32.0, 18.0, 29.0]
[9.0, 8.0, 9.0, 8.0, 9.0, 9.0, 9.0, 9.0]
[8.0, 9.0, 8.0, 9.0, 9.0, 9.0, 9.0, 9.0]
T = 0.06871947673600004	 step = 493
105.81
25.147660984848486
[9.0, 34.0, 31.0, 9.0, 6.0, 18.0, 22.0, 32.0]
[5.0, 18.0, 6.0, 16.0, 29.0, 32.0, 18.0, 29.0]
[9.0, 8.0, 9.0, 8.0, 9.0, 9.0, 9.0, 9.0]
[8.0, 9.0, 8.0, 9.0, 9.0, 9.0, 9.0, 9.0]
T = 0.06871947673600004	 step = 494
105.13
25.480994318181818
[9.0, 34.0, 31.0, 8.0, 6.0, 18.0, 22.0, 32.0]
[5.0, 18.0, 6.0, 16.0, 29.0, 32.0, 18.0, 29.0]
[9.0, 8.0, 9.0, 8.0, 9.0, 9.0, 9.0, 9.0]
[8.0, 9.0, 8.0, 9.0, 9.0, 9.0, 9.0, 9.0]
T = 0.06871947673600004	 step = 495
105.05000000000001
25.656183712121212
[9.0, 34.0, 31.0, 8.0, 6.0, 18.0, 22.0, 32.0]
[5.0, 18.0, 5.0, 16.0, 29.0, 32.0, 18.0, 29.0]
[9.0, 8.0, 9.0, 8.0, 9.0, 9.0, 9.0, 9.0]
[8.0, 9.0, 8.0, 9.0, 9.0, 9.0, 9.0, 9.0]
T = 0.06871947673600004	 step = 496
105.26000000000005
25.32285037878788
[9.0, 33.0, 31.0, 8.0, 6.0, 18.0, 22.0, 32.0]
[5.0, 18.0, 5.0, 16.0, 29.0, 32.0, 18.0, 29.0]
[9.0, 8.0, 9.0, 8.0, 9.0, 9.0, 9.0, 9.0]
[8.0, 9.0, 8.0, 9.0, 9.0, 9.0, 9.0, 9.0]
T = 0.06871947673600004	 step = 497
105.07000000000005
25.622982954545453
[9.0, 34.0, 31.0, 8.0, 7.0, 18.0, 22.0, 32.0]
[5.0, 18.0, 5.0, 16.0, 29.0, 32.0, 18.0, 29.0]
[9.0, 8.0, 9.0, 8.0, 9.0, 9.0, 9.0, 9.0]
[8.0, 9.0, 8.0, 9.0, 9.0, 9.0, 9.0, 9.0]
T = 0.06871947673600004	 step = 498
105.72000000000003
25.456316287878792
[9.0, 34.0, 31.0, 8.0, 7.0, 18.0, 22.0, 32.0]
[6.0, 18.0, 5.0, 16.0, 29.0, 32.0, 18.0, 29.0]
[9.0, 8.0, 9.0, 8.0, 9.0, 9.0, 9.0, 9.0]
[8.0, 9.0, 8.0, 9.0, 9.0, 9.0, 9.0, 9.0]
T = 0.06871947673600004	 step = 499
105.06
25.622982954545453
[9.0, 34.0, 31.0, 8.0, 7.0, 18.0, 22.0, 32.0]
[5.0, 17.0, 5.0, 16.0, 29.0, 32.0, 18.0, 29.0]
[9.0, 8.0, 9.0, 8.0, 9.0, 9.0, 9.0, 9.0]
[8.0, 9.0, 8.0, 9.0, 9.0, 9.0, 9.0, 9.0]
T = 0.06871947673600004	 step = 500
105.0
25.45631628787879
[9.0, 34.0, 31.0, 8.0, 7.0, 18.0, 23.0, 32.0]
[5.0, 17.0, 5.0, 16.0, 29.0, 32.0, 18.0, 29.0]
[9.0, 8.0, 9.0, 8.0, 9.0, 9.0, 9.0, 9.0]
[8.0, 9.0, 8.0, 9.0, 9.0, 9.0, 9.0, 9.0]
T = 0.06871947673600004	 step = 501
105.06
25.28964962121212
[9.0, 34.0, 31.0, 8.0, 7.0, 18.0, 23.0, 32.0]
[5.0, 17.0, 5.0, 16.0, 28.0, 32.0, 18.0, 29.0]
[9.0, 8.0, 9.0, 8.0, 9.0, 9.0, 9.0, 9.0]
[8.0, 9.0, 8.0, 9.0, 9.0, 9.0, 9.0, 9.0]
T = 0.06871947673600004	 step = 502
104.57000000000005
25.622982954545453
[9.0, 34.0, 31.0, 7.0, 7.0, 18.0, 23.0, 32.0]
[5.0, 17.0, 5.0, 16.0, 28.0, 32.0, 18.0, 29.0]
[9.0, 8.0, 9.0, 8.0, 9.0, 9.0, 9.0, 9.0]
[8.0, 9.0, 8.0, 9.0, 9.0, 9.0, 9.0, 9.0]
T = 0.06871947673600004	 step = 503
104.92000000000002
25.450691287878787
[9.0, 34.0, 31.0, 7.0, 7.0, 18.0, 23.0, 32.0]
[5.0, 17.0, 6.0, 16.0, 28.0, 32.0, 18.0, 29.0]
[9.0, 8.0, 9.0, 8.0, 9.0, 9.0, 9.0, 9.0]
[8.0, 9.0, 8.0, 9.0, 9.0, 9.0, 9.0, 9.0]
T = 0.06871947673600004	 step = 504
104.56
25.656183712121212
[9.0, 34.0, 31.0, 7.0, 6.0, 18.0, 23.0, 32.0]
[5.0, 17.0, 5.0, 16.0, 28.0, 32.0, 18.0, 29.0]
[9.0, 8.0, 9.0, 8.0, 9.0, 9.0, 9.0, 9.0]
[8.0, 9.0, 8.0, 9.0, 9.0, 9.0, 9.0, 9.0]
T = 0.06871947673600004	 step = 505
104.53000000000003
25.489517045454544
[9.0, 34.0, 31.0, 7.0, 6.0, 19.0, 23.0, 32.0]
[5.0, 17.0, 5.0, 16.0, 28.0, 32.0, 18.0, 29.0]
[9.0, 8.0, 9.0, 8.0, 9.0, 9.0, 9.0, 9.0]
[8.0, 9.0, 8.0, 9.0, 9.0, 9.0, 9.0, 9.0]
T = 0.06871947673600004	 step = 506
104.54000000000002
25.489517045454544
[9.0, 34.0, 31.0, 7.0, 6.0, 19.0, 23.0, 32.0]
[5.0, 18.0, 5.0, 16.0, 28.0, 32.0, 18.0, 29.0]
[9.0, 8.0, 9.0, 8.0, 9.0, 9.0, 9.0, 9.0]
[8.0, 9.0, 8.0, 9.0, 9.0, 9.0, 9.0, 9.0]
T = 0.06871947673600004	 step = 507
104.79000000000002
25.353153409090908
[10.0, 34.0, 31.0, 7.0, 6.0, 19.0, 23.0, 32.0]
[5.0, 18.0, 5.0, 16.0, 28.0, 32.0, 18.0, 29.0]
[9.0, 8.0, 9.0, 8.0, 9.0, 9.0, 9.0, 9.0]
[8.0, 9.0, 8.0, 9.0, 9.0, 9.0, 9.0, 9.0]
T = 0.06871947673600004	 step = 508
104.82000000000005
25.186486742424243
[10.0, 34.0, 31.0, 7.0, 6.0, 19.0, 23.0, 32.0]
[5.0, 18.0, 5.0, 16.0, 28.0, 32.0, 17.0, 29.0]
[9.0, 8.0, 9.0, 8.0, 9.0, 9.0, 9.0, 9.0]
[8.0, 9.0, 8.0, 9.0, 9.0, 9.0, 9.0, 9.0]
T = 0.054975581388800036	 step = 509
104.81
25.019820075757575
[10.0, 34.0, 31.0, 7.0, 6.0, 20.0, 23.0, 32.0]
[5.0, 18.0, 5.0, 16.0, 28.0, 32.0, 17.0, 29.0]
[9.0, 8.0, 9.0, 8.0, 9.0, 9.0, 9.0, 9.0]
[8.0, 9.0, 8.0, 9.0, 9.0, 9.0, 9.0, 9.0]
T = 0.054975581388800036	 step = 510
104.84000000000003
24.853153409090908
[10.0, 34.0, 31.0, 7.0, 6.0, 20.0, 23.0, 32.0]
[5.0, 18.0, 5.0, 16.0, 28.0, 32.0, 16.0, 29.0]
[9.0, 8.0, 9.0, 8.0, 9.0, 9.0, 9.0, 9.0]
[8.0, 9.0, 8.0, 9.0, 9.0, 9.0, 9.0, 9.0]
T = 0.054975581388800036	 step = 511
104.83000000000004
25.019820075757575
[10.0, 34.0, 31.0, 7.0, 6.0, 20.0, 23.0, 32.0]
[5.0, 18.0, 5.0, 16.0, 28.0, 32.0, 16.0, 30.0]
[9.0, 8.0, 9.0, 8.0, 9.0, 9.0, 9.0, 9.0]
[8.0, 9.0, 8.0, 9.0, 9.0, 9.0, 9.0, 9.0]
T = 0.054975581388800036	 step = 512
105.74000000000001
24.853153409090908
[10.0, 34.0, 31.0, 7.0, 6.0, 20.0, 23.0, 32.0]
[6.0, 18.0, 5.0, 16.0, 28.0, 32.0, 16.0, 30.0]
[9.0, 8.0, 9.0, 8.0, 9.0, 9.0, 9.0, 9.0]
[8.0, 9.0, 8.0, 9.0, 9.0, 9.0, 9.0, 9.0]
T = 0.054975581388800036	 step = 513
105.72000000000003
25.353153409090908
[10.0, 34.0, 31.0, 7.0, 6.0, 20.0, 22.0, 32.0]
[6.0, 18.0, 5.0, 16.0, 28.0, 32.0, 18.0, 30.0]
[9.0, 8.0, 9.0, 8.0, 9.0, 9.0, 9.0, 9.0]
[8.0, 9.0, 8.0, 9.0, 9.0, 9.0, 9.0, 9.0]
T = 0.054975581388800036	 step = 514
105.73000000000002
25.186486742424243
[10.0, 34.0, 31.0, 7.0, 6.0, 20.0, 22.0, 31.0]
[6.0, 18.0, 5.0, 16.0, 28.0, 32.0, 18.0, 30.0]
[9.0, 8.0, 9.0, 8.0, 9.0, 9.0, 9.0, 9.0]
[8.0, 9.0, 8.0, 9.0, 9.0, 9.0, 9.0, 9.0]
T = 0.054975581388800036	 step = 515
105.75
25.019820075757575
[10.0, 34.0, 31.0, 7.0, 6.0, 20.0, 22.0, 31.0]
[6.0, 18.0, 5.0, 16.0, 28.0, 31.0, 18.0, 30.0]
[9.0, 8.0, 9.0, 8.0, 9.0, 9.0, 9.0, 9.0]
[8.0, 9.0, 8.0, 9.0, 9.0, 9.0, 9.0, 9.0]
T = 0.054975581388800036	 step = 516
106.93
23.15583333333333
[10.0, 34.0, 27.0, 7.0, 6.0, 20.0, 22.0, 31.0]
[6.0, 18.0, 7.0, 16.0, 28.0, 31.0, 18.0, 30.0]
[9.0, 8.0, 9.0, 8.0, 9.0, 9.0, 9.0, 9.0]
[8.0, 9.0, 8.0, 9.0, 9.0, 9.0, 9.0, 9.0]
T = 0.054975581388800036	 step = 517
107.28000000000003
23.15583333333333
[10.0, 34.0, 27.0, 7.0, 6.0, 20.0, 22.0, 31.0]
[6.0, 17.0, 7.0, 16.0, 28.0, 31.0, 18.0, 30.0]
[9.0, 8.0, 9.0, 8.0, 9.0, 9.0, 9.0, 9.0]
[8.0, 9.0, 8.0, 9.0, 9.0, 9.0, 9.0, 9.0]
T = 0.054975581388800036	 step = 518
106.80000000000001
23.489166666666666
[10.0, 34.0, 28.0, 7.0, 6.0, 20.0, 22.0, 31.0]
[6.0, 17.0, 7.0, 16.0, 28.0, 31.0, 18.0, 30.0]
[9.0, 8.0, 9.0, 8.0, 9.0, 9.0, 9.0, 9.0]
[8.0, 9.0, 8.0, 9.0, 9.0, 9.0, 9.0, 9.0]
T = 0.054975581388800036	 step = 519
106.65000000000003
23.686486742424243
[10.0, 34.0, 28.0, 7.0, 6.0, 20.0, 22.0, 31.0]
[6.0, 17.0, 6.0, 16.0, 28.0, 31.0, 18.0, 30.0]
[9.0, 8.0, 9.0, 8.0, 9.0, 9.0, 9.0, 9.0]
[8.0, 9.0, 8.0, 9.0, 9.0, 9.0, 9.0, 9.0]
T = 0.054975581388800036	 step = 520
106.73000000000002
23.853153409090908
[10.0, 34.0, 28.0, 7.0, 6.0, 17.0, 22.0, 31.0]
[6.0, 17.0, 6.0, 16.0, 28.0, 29.0, 18.0, 30.0]
[9.0, 8.0, 9.0, 8.0, 9.0, 9.0, 9.0, 9.0]
[8.0, 9.0, 8.0, 9.0, 9.0, 9.0, 9.0, 9.0]
T = 0.054975581388800036	 step = 521
106.70000000000005
23.686486742424243
[10.0, 34.0, 28.0, 7.0, 6.0, 17.0, 23.0, 31.0]
[6.0, 17.0, 6.0, 16.0, 28.0, 29.0, 18.0, 30.0]
[9.0, 8.0, 9.0, 8.0, 9.0, 9.0, 9.0, 9.0]
[8.0, 9.0, 8.0, 9.0, 9.0, 9.0, 9.0, 9.0]
T = 0.054975581388800036	 step = 522
106.73000000000002
23.853153409090908
[10.0, 34.0, 28.0, 7.0, 6.0, 17.0, 22.0, 31.0]
[6.0, 17.0, 6.0, 16.0, 28.0, 29.0, 18.0, 30.0]
[9.0, 8.0, 9.0, 8.0, 9.0, 9.0, 9.0, 9.0]
[8.0, 9.0, 8.0, 9.0, 9.0, 9.0, 9.0, 9.0]
T = 0.054975581388800036	 step = 523
106.72000000000003
24.019820075757575
[10.0, 34.0, 28.0, 7.0, 6.0, 17.0, 22.0, 31.0]
[6.0, 17.0, 6.0, 16.0, 28.0, 29.0, 18.0, 31.0]
[9.0, 8.0, 9.0, 8.0, 9.0, 9.0, 9.0, 9.0]
[8.0, 9.0, 8.0, 9.0, 9.0, 9.0, 9.0, 9.0]
T = 0.054975581388800036	 step = 524
106.71000000000004
24.186486742424243
[10.0, 34.0, 28.0, 7.0, 6.0, 17.0, 22.0, 31.0]
[6.0, 17.0, 6.0, 16.0, 28.0, 29.0, 18.0, 32.0]
[9.0, 8.0, 9.0, 8.0, 9.0, 9.0, 9.0, 9.0]
[8.0, 9.0, 8.0, 9.0, 9.0, 9.0, 9.0, 9.0]
T = 0.054975581388800036	 step = 525
106.64000000000004
24.186486742424243
[10.0, 34.0, 28.0, 7.0, 6.0, 17.0, 22.0, 31.0]
[6.0, 18.0, 6.0, 16.0, 28.0, 29.0, 18.0, 32.0]
[9.0, 8.0, 9.0, 8.0, 9.0, 9.0, 9.0, 9.0]
[8.0, 9.0, 8.0, 9.0, 9.0, 9.0, 9.0, 9.0]
T = 0.054975581388800036	 step = 526
106.64000000000004
24.186486742424243
[10.0, 34.0, 28.0, 7.0, 6.0, 17.0, 22.0, 31.0]
[6.0, 18.0, 6.0, 16.0, 28.0, 29.0, 18.0, 32.0]
[9.0, 8.0, 9.0, 8.0, 9.0, 9.0, 9.0, 9.0]
[8.0, 9.0, 8.0, 9.0, 9.0, 9.0, 9.0, 9.0]
T = 0.054975581388800036	 step = 527
106.65000000000003
24.019820075757575
[10.0, 34.0, 28.0, 7.0, 6.0, 17.0, 22.0, 31.0]
[6.0, 18.0, 6.0, 16.0, 28.0, 29.0, 18.0, 31.0]
[9.0, 8.0, 9.0, 8.0, 9.0, 9.0, 9.0, 9.0]
[8.0, 9.0, 8.0, 9.0, 9.0, 9.0, 9.0, 9.0]
T = 0.054975581388800036	 step = 528
106.64000000000004
24.186486742424243
[10.0, 34.0, 28.0, 7.0, 6.0, 17.0, 22.0, 32.0]
[6.0, 18.0, 6.0, 16.0, 28.0, 29.0, 18.0, 31.0]
[9.0, 8.0, 9.0, 8.0, 9.0, 9.0, 9.0, 9.0]
[8.0, 9.0, 8.0, 9.0, 9.0, 9.0, 9.0, 9.0]
T = 0.054975581388800036	 step = 529
106.67000000000002
24.019820075757575
[10.0, 34.0, 28.0, 7.0, 6.0, 17.0, 22.0, 32.0]
[6.0, 18.0, 6.0, 16.0, 27.0, 29.0, 18.0, 31.0]
[9.0, 8.0, 9.0, 8.0, 9.0, 9.0, 9.0, 9.0]
[8.0, 9.0, 8.0, 9.0, 9.0, 9.0, 9.0, 9.0]
T = 0.054975581388800036	 step = 530
106.64000000000004
24.186486742424243
[10.0, 34.0, 28.0, 7.0, 6.0, 17.0, 22.0, 32.0]
[6.0, 18.0, 6.0, 16.0, 28.0, 29.0, 18.0, 31.0]
[9.0, 8.0, 9.0, 8.0, 9.0, 9.0, 9.0, 9.0]
[8.0, 9.0, 8.0, 9.0, 9.0, 9.0, 9.0, 9.0]
T = 0.054975581388800036	 step = 531
106.61000000000001
24.019820075757575
[10.0, 34.0, 28.0, 7.0, 6.0, 17.0, 23.0, 32.0]
[6.0, 18.0, 6.0, 16.0, 28.0, 29.0, 18.0, 31.0]
[9.0, 8.0, 9.0, 8.0, 9.0, 9.0, 9.0, 9.0]
[8.0, 9.0, 8.0, 9.0, 9.0, 9.0, 9.0, 9.0]
T = 0.054975581388800036	 step = 532
106.62
23.853153409090908
[10.0, 34.0, 28.0, 7.0, 6.0, 17.0, 23.0, 32.0]
[6.0, 18.0, 6.0, 16.0, 28.0, 29.0, 18.0, 30.0]
[9.0, 8.0, 9.0, 8.0, 9.0, 9.0, 9.0, 9.0]
[8.0, 9.0, 8.0, 9.0, 9.0, 9.0, 9.0, 9.0]
T = 0.054975581388800036	 step = 533
106.35000000000002
24.186486742424243
[10.0, 34.0, 29.0, 7.0, 6.0, 17.0, 23.0, 32.0]
[6.0, 18.0, 6.0, 16.0, 28.0, 29.0, 18.0, 30.0]
[9.0, 8.0, 9.0, 8.0, 9.0, 9.0, 9.0, 9.0]
[8.0, 9.0, 8.0, 9.0, 9.0, 9.0, 9.0, 9.0]
T = 0.054975581388800036	 step = 534
106.09000000000003
24.519820075757575
[10.0, 34.0, 29.0, 6.0, 6.0, 17.0, 23.0, 32.0]
[6.0, 18.0, 6.0, 16.0, 28.0, 29.0, 18.0, 30.0]
[9.0, 8.0, 9.0, 8.0, 9.0, 9.0, 9.0, 9.0]
[8.0, 9.0, 8.0, 9.0, 9.0, 9.0, 9.0, 9.0]
T = 0.054975581388800036	 step = 535
106.05000000000001
24.353153409090908
[10.0, 34.0, 29.0, 6.0, 6.0, 17.0, 24.0, 32.0]
[6.0, 18.0, 6.0, 16.0, 28.0, 29.0, 18.0, 30.0]
[9.0, 8.0, 9.0, 8.0, 9.0, 9.0, 9.0, 9.0]
[8.0, 9.0, 8.0, 9.0, 9.0, 9.0, 9.0, 9.0]
T = 0.054975581388800036	 step = 536
105.95000000000005
24.353153409090908
[10.0, 34.0, 29.0, 6.0, 6.0, 17.0, 24.0, 32.0]
[6.0, 19.0, 6.0, 16.0, 28.0, 29.0, 18.0, 30.0]
[9.0, 8.0, 9.0, 8.0, 9.0, 9.0, 9.0, 9.0]
[8.0, 9.0, 8.0, 9.0, 9.0, 9.0, 9.0, 9.0]
T = 0.054975581388800036	 step = 537
105.92000000000002
24.15583333333333
[10.0, 34.0, 29.0, 6.0, 6.0, 17.0, 24.0, 32.0]
[6.0, 19.0, 7.0, 16.0, 28.0, 29.0, 18.0, 30.0]
[9.0, 8.0, 9.0, 8.0, 9.0, 9.0, 9.0, 9.0]
[8.0, 9.0, 8.0, 9.0, 9.0, 9.0, 9.0, 9.0]
T = 0.054975581388800036	 step = 538
105.41000000000003
23.989166666666666
[10.0, 34.0, 29.0, 6.0, 6.0, 17.0, 24.0, 32.0]
[6.0, 19.0, 7.0, 17.0, 28.0, 29.0, 18.0, 30.0]
[9.0, 8.0, 9.0, 8.0, 9.0, 9.0, 9.0, 9.0]
[8.0, 9.0, 8.0, 9.0, 9.0, 9.0, 9.0, 9.0]
T = 0.054975581388800036	 step = 539
105.03000000000003
24.322499999999998
[10.0, 34.0, 30.0, 6.0, 6.0, 17.0, 24.0, 32.0]
[6.0, 19.0, 7.0, 17.0, 28.0, 29.0, 18.0, 30.0]
[9.0, 8.0, 9.0, 8.0, 9.0, 9.0, 9.0, 9.0]
[8.0, 9.0, 8.0, 9.0, 9.0, 9.0, 9.0, 9.0]
T = 0.054975581388800036	 step = 540
105.01000000000005
24.489166666666666
[10.0, 34.0, 30.0, 6.0, 6.0, 17.0, 24.0, 32.0]
[6.0, 19.0, 7.0, 17.0, 29.0, 29.0, 18.0, 30.0]
[9.0, 8.0, 9.0, 8.0, 9.0, 9.0, 9.0, 9.0]
[8.0, 9.0, 8.0, 9.0, 9.0, 9.0, 9.0, 9.0]
T = 0.054975581388800036	 step = 541
105.24000000000001
24.15583333333333
[10.0, 34.0, 30.0, 7.0, 6.0, 17.0, 24.0, 32.0]
[6.0, 19.0, 7.0, 17.0, 29.0, 29.0, 18.0, 30.0]
[9.0, 8.0, 9.0, 8.0, 9.0, 9.0, 9.0, 9.0]
[8.0, 9.0, 8.0, 9.0, 9.0, 9.0, 9.0, 9.0]
T = 0.054975581388800036	 step = 542
105.27000000000004
24.353153409090908
[10.0, 34.0, 30.0, 7.0, 6.0, 17.0, 24.0, 32.0]
[6.0, 19.0, 6.0, 17.0, 29.0, 29.0, 18.0, 30.0]
[9.0, 8.0, 9.0, 8.0, 9.0, 9.0, 9.0, 9.0]
[8.0, 9.0, 8.0, 9.0, 9.0, 9.0, 9.0, 9.0]
T = 0.054975581388800036	 step = 543
105.30000000000001
24.186486742424243
[10.0, 34.0, 30.0, 7.0, 6.0, 17.0, 24.0, 32.0]
[6.0, 19.0, 6.0, 17.0, 28.0, 29.0, 18.0, 30.0]
[9.0, 8.0, 9.0, 8.0, 9.0, 9.0, 9.0, 9.0]
[8.0, 9.0, 8.0, 9.0, 9.0, 9.0, 9.0, 9.0]
T = 0.054975581388800036	 step = 544
105.27000000000004
24.353153409090908
[10.0, 34.0, 30.0, 7.0, 6.0, 17.0, 24.0, 32.0]
[6.0, 19.0, 6.0, 17.0, 29.0, 29.0, 18.0, 30.0]
[9.0, 8.0, 9.0, 8.0, 9.0, 9.0, 9.0, 9.0]
[8.0, 9.0, 8.0, 9.0, 9.0, 9.0, 9.0, 9.0]
T = 0.054975581388800036	 step = 545
105.30000000000001
24.186486742424243
[10.0, 34.0, 30.0, 7.0, 6.0, 17.0, 24.0, 32.0]
[6.0, 19.0, 6.0, 17.0, 29.0, 29.0, 17.0, 30.0]
[9.0, 8.0, 9.0, 8.0, 9.0, 9.0, 9.0, 9.0]
[8.0, 9.0, 8.0, 9.0, 9.0, 9.0, 9.0, 9.0]
T = 0.054975581388800036	 step = 546
106.96000000000004
22.519820075757575
[10.0, 34.0, 25.0, 7.0, 6.0, 17.0, 24.0, 32.0]
[6.0, 19.0, 6.0, 17.0, 29.0, 29.0, 17.0, 30.0]
[9.0, 8.0, 9.0, 8.0, 9.0, 9.0, 9.0, 9.0]
[8.0, 9.0, 8.0, 9.0, 9.0, 9.0, 9.0, 9.0]
T = 0.054975581388800036	 step = 547
105.27000000000004
24.353153409090908
[10.0, 34.0, 30.0, 7.0, 6.0, 17.0, 24.0, 32.0]
[6.0, 19.0, 6.0, 17.0, 29.0, 29.0, 18.0, 30.0]
[9.0, 8.0, 9.0, 8.0, 9.0, 9.0, 9.0, 9.0]
[8.0, 9.0, 8.0, 9.0, 9.0, 9.0, 9.0, 9.0]
T = 0.043980465111040035	 step = 548
105.38
24.353153409090908
[10.0, 34.0, 30.0, 7.0, 6.0, 17.0, 24.0, 32.0]
[6.0, 18.0, 6.0, 17.0, 29.0, 29.0, 18.0, 30.0]
[9.0, 8.0, 9.0, 8.0, 9.0, 9.0, 9.0, 9.0]
[8.0, 9.0, 8.0, 9.0, 9.0, 9.0, 9.0, 9.0]
T = 0.043980465111040035	 step = 549
105.40000000000003
24.686486742424243
[10.0, 34.0, 30.0, 7.0, 6.0, 17.0, 24.0, 32.0]
[6.0, 18.0, 5.0, 17.0, 29.0, 29.0, 18.0, 30.0]
[9.0, 8.0, 9.0, 8.0, 9.0, 9.0, 9.0, 9.0]
[8.0, 9.0, 8.0, 9.0, 9.0, 9.0, 9.0, 9.0]
T = 0.043980465111040035	 step = 550
105.38
24.353153409090908
[10.0, 34.0, 30.0, 7.0, 6.0, 17.0, 24.0, 32.0]
[6.0, 18.0, 6.0, 17.0, 29.0, 29.0, 18.0, 30.0]
[9.0, 8.0, 9.0, 8.0, 9.0, 9.0, 9.0, 9.0]
[8.0, 9.0, 8.0, 9.0, 9.0, 9.0, 9.0, 9.0]
T = 0.043980465111040035	 step = 551
105.07000000000005
24.65583333333333
[10.0, 34.0, 30.0, 7.0, 6.0, 17.0, 24.0, 32.0]
[5.0, 18.0, 6.0, 17.0, 29.0, 29.0, 18.0, 30.0]
[9.0, 8.0, 9.0, 8.0, 9.0, 9.0, 9.0, 9.0]
[8.0, 9.0, 8.0, 9.0, 9.0, 9.0, 9.0, 9.0]
T = 0.043980465111040035	 step = 552
105.76000000000005
24.441818181818178
[10.0, 34.0, 30.0, 7.0, 6.0, 17.0, 24.0, 32.0]
[5.0, 18.0, 7.0, 17.0, 29.0, 29.0, 18.0, 30.0]
[9.0, 8.0, 9.0, 8.0, 9.0, 9.0, 9.0, 9.0]
[8.0, 9.0, 8.0, 9.0, 9.0, 9.0, 9.0, 9.0]
T = 0.043980465111040035	 step = 553
105.77000000000004
24.275151515151514
[10.0, 34.0, 30.0, 7.0, 6.0, 17.0, 24.0, 32.0]
[5.0, 18.0, 7.0, 17.0, 28.0, 29.0, 18.0, 30.0]
[9.0, 8.0, 9.0, 8.0, 9.0, 9.0, 9.0, 9.0]
[8.0, 9.0, 8.0, 9.0, 9.0, 9.0, 9.0, 9.0]
T = 0.043980465111040035	 step = 554
105.73000000000002
24.441818181818178
[10.0, 34.0, 30.0, 7.0, 6.0, 17.0, 23.0, 32.0]
[5.0, 18.0, 7.0, 17.0, 28.0, 29.0, 18.0, 30.0]
[9.0, 8.0, 9.0, 8.0, 9.0, 9.0, 9.0, 9.0]
[8.0, 9.0, 8.0, 9.0, 9.0, 9.0, 9.0, 9.0]
T = 0.043980465111040035	 step = 555
105.95000000000005
24.108484848484846
[10.0, 34.0, 30.0, 8.0, 6.0, 17.0, 23.0, 32.0]
[5.0, 18.0, 7.0, 17.0, 28.0, 29.0, 18.0, 30.0]
[9.0, 8.0, 9.0, 8.0, 9.0, 9.0, 9.0, 9.0]
[8.0, 9.0, 8.0, 9.0, 9.0, 9.0, 9.0, 9.0]
T = 0.043980465111040035	 step = 556
105.92000000000002
24.275151515151514
[10.0, 34.0, 30.0, 8.0, 6.0, 17.0, 23.0, 32.0]
[5.0, 18.0, 7.0, 17.0, 28.0, 30.0, 18.0, 30.0]
[9.0, 8.0, 9.0, 8.0, 9.0, 9.0, 9.0, 9.0]
[8.0, 9.0, 8.0, 9.0, 9.0, 9.0, 9.0, 9.0]
T = 0.043980465111040035	 step = 557
105.91000000000003
24.441818181818178
[10.0, 34.0, 30.0, 8.0, 6.0, 17.0, 23.0, 32.0]
[5.0, 18.0, 7.0, 17.0, 29.0, 30.0, 18.0, 30.0]
[9.0, 8.0, 9.0, 8.0, 9.0, 9.0, 9.0, 9.0]
[8.0, 9.0, 8.0, 9.0, 9.0, 9.0, 9.0, 9.0]
T = 0.043980465111040035	 step = 558
105.88
24.608484848484846
[10.0, 34.0, 30.0, 8.0, 6.0, 17.0, 23.0, 32.0]
[5.0, 18.0, 7.0, 17.0, 29.0, 30.0, 18.0, 31.0]
[9.0, 8.0, 9.0, 8.0, 9.0, 9.0, 9.0, 9.0]
[8.0, 9.0, 8.0, 9.0, 9.0, 9.0, 9.0, 9.0]
T = 0.043980465111040035	 step = 559
105.93
24.441818181818178
[10.0, 34.0, 30.0, 8.0, 6.0, 17.0, 23.0, 32.0]
[5.0, 18.0, 7.0, 17.0, 29.0, 30.0, 17.0, 31.0]
[9.0, 8.0, 9.0, 8.0, 9.0, 9.0, 9.0, 9.0]
[8.0, 9.0, 8.0, 9.0, 9.0, 9.0, 9.0, 9.0]
T = 0.043980465111040035	 step = 560
105.65000000000003
24.617007575757572
[9.0, 34.0, 30.0, 8.0, 6.0, 17.0, 23.0, 32.0]
[5.0, 18.0, 7.0, 17.0, 29.0, 30.0, 17.0, 31.0]
[9.0, 8.0, 9.0, 8.0, 9.0, 9.0, 9.0, 9.0]
[8.0, 9.0, 8.0, 9.0, 9.0, 9.0, 9.0, 9.0]
T = 0.043980465111040035	 step = 561
105.40000000000003
24.775501893939396
[8.0, 34.0, 30.0, 8.0, 6.0, 17.0, 23.0, 32.0]
[5.0, 18.0, 7.0, 17.0, 29.0, 30.0, 17.0, 31.0]
[9.0, 8.0, 9.0, 8.0, 9.0, 9.0, 9.0, 9.0]
[8.0, 9.0, 8.0, 9.0, 9.0, 9.0, 9.0, 9.0]
T = 0.043980465111040035	 step = 562
104.97000000000003
25.108835227272728
[8.0, 34.0, 31.0, 8.0, 6.0, 17.0, 23.0, 32.0]
[5.0, 18.0, 7.0, 17.0, 29.0, 30.0, 17.0, 31.0]
[9.0, 8.0, 9.0, 8.0, 9.0, 9.0, 9.0, 9.0]
[8.0, 9.0, 8.0, 9.0, 9.0, 9.0, 9.0, 9.0]
T = 0.043980465111040035	 step = 563
104.96000000000004
24.94216856060606
[8.0, 34.0, 31.0, 8.0, 6.0, 17.0, 23.0, 31.0]
[5.0, 18.0, 7.0, 17.0, 29.0, 30.0, 17.0, 31.0]
[9.0, 8.0, 9.0, 8.0, 9.0, 9.0, 9.0, 9.0]
[8.0, 9.0, 8.0, 9.0, 9.0, 9.0, 9.0, 9.0]
T = 0.043980465111040035	 step = 564
105.20000000000005
24.608835227272728
[8.0, 34.0, 31.0, 9.0, 6.0, 17.0, 23.0, 31.0]
[5.0, 18.0, 7.0, 17.0, 29.0, 30.0, 17.0, 31.0]
[9.0, 8.0, 9.0, 8.0, 9.0, 9.0, 9.0, 9.0]
[8.0, 9.0, 8.0, 9.0, 9.0, 9.0, 9.0, 9.0]
T = 0.043980465111040035	 step = 565
105.19
24.775501893939396
[8.0, 34.0, 31.0, 9.0, 6.0, 17.0, 23.0, 31.0]
[5.0, 18.0, 7.0, 17.0, 29.0, 30.0, 17.0, 32.0]
[9.0, 8.0, 9.0, 8.0, 9.0, 9.0, 9.0, 9.0]
[8.0, 9.0, 8.0, 9.0, 9.0, 9.0, 9.0, 9.0]
T = 0.043980465111040035	 step = 566
105.24000000000001
24.608835227272728
[8.0, 34.0, 31.0, 9.0, 6.0, 17.0, 23.0, 31.0]
[5.0, 18.0, 7.0, 17.0, 29.0, 29.0, 17.0, 32.0]
[9.0, 8.0, 9.0, 8.0, 9.0, 9.0, 9.0, 9.0]
[8.0, 9.0, 8.0, 9.0, 9.0, 9.0, 9.0, 9.0]
T = 0.043980465111040035	 step = 567
105.20000000000005
24.74230113636364
[7.0, 34.0, 31.0, 9.0, 6.0, 17.0, 23.0, 31.0]
[5.0, 18.0, 7.0, 17.0, 29.0, 29.0, 17.0, 32.0]
[9.0, 8.0, 9.0, 8.0, 9.0, 9.0, 9.0, 9.0]
[8.0, 9.0, 8.0, 9.0, 9.0, 9.0, 9.0, 9.0]
T = 0.043980465111040035	 step = 568
105.05000000000001
24.862736742424243
[6.0, 34.0, 31.0, 9.0, 6.0, 17.0, 23.0, 31.0]
[5.0, 18.0, 7.0, 17.0, 29.0, 29.0, 17.0, 32.0]
[9.0, 8.0, 9.0, 8.0, 9.0, 9.0, 9.0, 9.0]
[8.0, 9.0, 8.0, 9.0, 9.0, 9.0, 9.0, 9.0]
T = 0.043980465111040035	 step = 569
105.03000000000003
24.696070075757575
[6.0, 34.0, 31.0, 9.0, 6.0, 18.0, 23.0, 31.0]
[5.0, 18.0, 7.0, 17.0, 29.0, 29.0, 17.0, 32.0]
[9.0, 8.0, 9.0, 8.0, 9.0, 9.0, 9.0, 9.0]
[8.0, 9.0, 8.0, 9.0, 9.0, 9.0, 9.0, 9.0]
T = 0.043980465111040035	 step = 570
105.01000000000005
24.862736742424243
[6.0, 34.0, 31.0, 9.0, 6.0, 18.0, 23.0, 32.0]
[5.0, 18.0, 7.0, 17.0, 29.0, 29.0, 17.0, 32.0]
[9.0, 8.0, 9.0, 8.0, 9.0, 9.0, 9.0, 9.0]
[8.0, 9.0, 8.0, 9.0, 9.0, 9.0, 9.0, 9.0]
T = 0.043980465111040035	 step = 571
104.92000000000002
25.029403409090904
[6.0, 34.0, 31.0, 9.0, 6.0, 18.0, 23.0, 32.0]
[5.0, 18.0, 6.0, 17.0, 29.0, 29.0, 17.0, 32.0]
[9.0, 8.0, 9.0, 8.0, 9.0, 9.0, 9.0, 9.0]
[8.0, 9.0, 8.0, 9.0, 9.0, 9.0, 9.0, 9.0]
T = 0.043980465111040035	 step = 572
104.98000000000002
25.19607007575757
[6.0, 34.0, 31.0, 9.0, 6.0, 18.0, 22.0, 32.0]
[5.0, 18.0, 6.0, 17.0, 29.0, 29.0, 17.0, 32.0]
[9.0, 8.0, 9.0, 8.0, 9.0, 9.0, 9.0, 9.0]
[8.0, 9.0, 8.0, 9.0, 9.0, 9.0, 9.0, 9.0]
T = 0.043980465111040035	 step = 573
105.01000000000005
25.361969696969695
[6.0, 34.0, 31.0, 9.0, 7.0, 18.0, 22.0, 32.0]
[5.0, 18.0, 6.0, 17.0, 29.0, 29.0, 17.0, 32.0]
[9.0, 8.0, 9.0, 8.0, 9.0, 9.0, 9.0, 9.0]
[8.0, 9.0, 8.0, 9.0, 9.0, 9.0, 9.0, 9.0]
T = 0.043980465111040035	 step = 574
105.24000000000001
25.028636363636362
[6.0, 33.0, 31.0, 9.0, 7.0, 18.0, 22.0, 32.0]
[5.0, 18.0, 6.0, 17.0, 29.0, 29.0, 17.0, 32.0]
[9.0, 8.0, 9.0, 8.0, 9.0, 9.0, 9.0, 9.0]
[8.0, 9.0, 8.0, 9.0, 9.0, 9.0, 9.0, 9.0]
T = 0.043980465111040035	 step = 575
104.69
25.361969696969695
[6.0, 33.0, 31.0, 8.0, 7.0, 18.0, 22.0, 32.0]
[5.0, 18.0, 6.0, 17.0, 29.0, 29.0, 17.0, 32.0]
[9.0, 8.0, 9.0, 8.0, 9.0, 9.0, 9.0, 9.0]
[8.0, 9.0, 8.0, 9.0, 9.0, 9.0, 9.0, 9.0]
T = 0.043980465111040035	 step = 576
105.27000000000004
25.028636363636362
[6.0, 33.0, 31.0, 8.0, 7.0, 18.0, 22.0, 32.0]
[6.0, 18.0, 6.0, 17.0, 29.0, 29.0, 17.0, 32.0]
[9.0, 8.0, 9.0, 8.0, 9.0, 9.0, 9.0, 9.0]
[8.0, 9.0, 8.0, 9.0, 9.0, 9.0, 9.0, 9.0]
T = 0.043980465111040035	 step = 577
105.23000000000002
24.861969696969695
[6.0, 33.0, 31.0, 8.0, 7.0, 19.0, 22.0, 32.0]
[6.0, 18.0, 6.0, 17.0, 29.0, 29.0, 17.0, 32.0]
[9.0, 8.0, 9.0, 8.0, 9.0, 9.0, 9.0, 9.0]
[8.0, 9.0, 8.0, 9.0, 9.0, 9.0, 9.0, 9.0]
T = 0.043980465111040035	 step = 578
104.65000000000003
25.195303030303027
[6.0, 33.0, 31.0, 8.0, 7.0, 19.0, 22.0, 32.0]
[5.0, 18.0, 6.0, 17.0, 29.0, 29.0, 17.0, 32.0]
[9.0, 8.0, 9.0, 8.0, 9.0, 9.0, 9.0, 9.0]
[8.0, 9.0, 8.0, 9.0, 9.0, 9.0, 9.0, 9.0]
T = 0.043980465111040035	 step = 579
104.58000000000004
25.361969696969695
[6.0, 33.0, 31.0, 8.0, 7.0, 19.0, 22.0, 32.0]
[5.0, 18.0, 6.0, 17.0, 30.0, 29.0, 17.0, 32.0]
[9.0, 8.0, 9.0, 8.0, 9.0, 9.0, 9.0, 9.0]
[8.0, 9.0, 8.0, 9.0, 9.0, 9.0, 9.0, 9.0]
T = 0.043980465111040035	 step = 580
104.56
25.528636363636362
[6.0, 33.0, 31.0, 8.0, 7.0, 19.0, 22.0, 32.0]
[5.0, 18.0, 6.0, 17.0, 30.0, 29.0, 17.0, 33.0]
[9.0, 8.0, 9.0, 8.0, 9.0, 9.0, 9.0, 9.0]
[8.0, 9.0, 8.0, 9.0, 9.0, 9.0, 9.0, 9.0]
T = 0.043980465111040035	 step = 581
105.13
25.195303030303027
[6.0, 33.0, 31.0, 8.0, 7.0, 19.0, 22.0, 32.0]
[6.0, 18.0, 6.0, 17.0, 30.0, 29.0, 17.0, 33.0]
[9.0, 8.0, 9.0, 8.0, 9.0, 9.0, 9.0, 9.0]
[8.0, 9.0, 8.0, 9.0, 9.0, 9.0, 9.0, 9.0]
T = 0.043980465111040035	 step = 582
104.57000000000005
25.695303030303027
[6.0, 33.0, 31.0, 8.0, 7.0, 19.0, 22.0, 32.0]
[5.0, 18.0, 6.0, 17.0, 30.0, 29.0, 18.0, 33.0]
[9.0, 8.0, 9.0, 8.0, 9.0, 9.0, 9.0, 9.0]
[8.0, 9.0, 8.0, 9.0, 9.0, 9.0, 9.0, 9.0]
T = 0.043980465111040035	 step = 583
104.58000000000004
25.861969696969695
[6.0, 33.0, 31.0, 8.0, 8.0, 19.0, 22.0, 32.0]
[5.0, 18.0, 6.0, 17.0, 30.0, 29.0, 18.0, 33.0]
[9.0, 8.0, 9.0, 8.0, 9.0, 9.0, 9.0, 9.0]
[8.0, 9.0, 8.0, 9.0, 9.0, 9.0, 9.0, 9.0]
T = 0.043980465111040035	 step = 584
104.65000000000003
26.028636363636362
[6.0, 33.0, 31.0, 8.0, 8.0, 19.0, 21.0, 32.0]
[5.0, 18.0, 6.0, 17.0, 30.0, 29.0, 18.0, 33.0]
[9.0, 8.0, 9.0, 8.0, 9.0, 9.0, 9.0, 9.0]
[8.0, 9.0, 8.0, 9.0, 9.0, 9.0, 9.0, 9.0]
T = 0.043980465111040035	 step = 585
104.63
26.195303030303027
[6.0, 33.0, 31.0, 8.0, 8.0, 19.0, 21.0, 33.0]
[5.0, 18.0, 6.0, 17.0, 30.0, 29.0, 18.0, 33.0]
[9.0, 8.0, 9.0, 8.0, 9.0, 9.0, 9.0, 9.0]
[8.0, 9.0, 8.0, 9.0, 9.0, 9.0, 9.0, 9.0]
T = 0.043980465111040035	 step = 586
104.65000000000003
26.028636363636362
[6.0, 33.0, 31.0, 8.0, 8.0, 19.0, 21.0, 32.0]
[5.0, 18.0, 6.0, 17.0, 30.0, 29.0, 18.0, 33.0]
[9.0, 8.0, 9.0, 8.0, 9.0, 9.0, 9.0, 9.0]
[8.0, 9.0, 8.0, 9.0, 9.0, 9.0, 9.0, 9.0]
T = 0.03518437208883203	 step = 587
104.67000000000002
25.861969696969695
[6.0, 33.0, 31.0, 8.0, 8.0, 19.0, 21.0, 32.0]
[5.0, 18.0, 6.0, 17.0, 30.0, 29.0, 18.0, 32.0]
[9.0, 8.0, 9.0, 8.0, 9.0, 9.0, 9.0, 9.0]
[8.0, 9.0, 8.0, 9.0, 9.0, 9.0, 9.0, 9.0]
T = 0.03518437208883203	 step = 588
104.68
25.695303030303027
[6.0, 33.0, 31.0, 8.0, 8.0, 19.0, 21.0, 32.0]
[5.0, 18.0, 6.0, 17.0, 30.0, 29.0, 18.0, 31.0]
[9.0, 8.0, 9.0, 8.0, 9.0, 9.0, 9.0, 9.0]
[8.0, 9.0, 8.0, 9.0, 9.0, 9.0, 9.0, 9.0]
T = 0.03518437208883203	 step = 589
104.74000000000001
25.861969696969695
[6.0, 33.0, 31.0, 8.0, 8.0, 19.0, 20.0, 32.0]
[5.0, 18.0, 6.0, 17.0, 30.0, 29.0, 18.0, 31.0]
[9.0, 8.0, 9.0, 8.0, 9.0, 9.0, 9.0, 9.0]
[8.0, 9.0, 8.0, 9.0, 9.0, 9.0, 9.0, 9.0]
T = 0.03518437208883203	 step = 590
104.68
26.028636363636362
[6.0, 33.0, 31.0, 8.0, 8.0, 19.0, 20.0, 32.0]
[5.0, 18.0, 6.0, 17.0, 31.0, 29.0, 18.0, 31.0]
[9.0, 8.0, 9.0, 8.0, 9.0, 9.0, 9.0, 9.0]
[8.0, 9.0, 8.0, 9.0, 9.0, 9.0, 9.0, 9.0]
T = 0.03518437208883203	 step = 591
104.62
26.195303030303027
[6.0, 33.0, 31.0, 8.0, 8.0, 19.0, 20.0, 32.0]
[5.0, 18.0, 6.0, 17.0, 32.0, 29.0, 18.0, 31.0]
[9.0, 8.0, 9.0, 8.0, 9.0, 9.0, 9.0, 9.0]
[8.0, 9.0, 8.0, 9.0, 9.0, 9.0, 9.0, 9.0]
T = 0.03518437208883203	 step = 592
104.59000000000003
26.028636363636362
[6.0, 33.0, 31.0, 8.0, 8.0, 20.0, 20.0, 32.0]
[5.0, 18.0, 6.0, 17.0, 32.0, 29.0, 18.0, 31.0]
[9.0, 8.0, 9.0, 8.0, 9.0, 9.0, 9.0, 9.0]
[8.0, 9.0, 8.0, 9.0, 9.0, 9.0, 9.0, 9.0]
T = 0.03518437208883203	 step = 593
104.58000000000004
26.195303030303027
[6.0, 33.0, 31.0, 8.0, 8.0, 20.0, 20.0, 32.0]
[5.0, 18.0, 6.0, 17.0, 32.0, 29.0, 18.0, 32.0]
[9.0, 8.0, 9.0, 8.0, 9.0, 9.0, 9.0, 9.0]
[8.0, 9.0, 8.0, 9.0, 9.0, 9.0, 9.0, 9.0]
T = 0.03518437208883203	 step = 594
104.64000000000004
25.861969696969695
[6.0, 33.0, 31.0, 8.0, 8.0, 20.0, 20.0, 32.0]
[5.0, 18.0, 6.0, 17.0, 31.0, 29.0, 18.0, 31.0]
[9.0, 8.0, 9.0, 8.0, 9.0, 9.0, 9.0, 9.0]
[8.0, 9.0, 8.0, 9.0, 9.0, 9.0, 9.0, 9.0]
T = 0.03518437208883203	 step = 595
104.74000000000001
25.695303030303027
[6.0, 33.0, 30.0, 8.0, 8.0, 20.0, 20.0, 32.0]
[5.0, 18.0, 5.0, 17.0, 31.0, 29.0, 18.0, 31.0]
[9.0, 8.0, 9.0, 8.0, 9.0, 9.0, 9.0, 9.0]
[8.0, 9.0, 8.0, 9.0, 9.0, 9.0, 9.0, 9.0]
T = 0.03518437208883203	 step = 596
108.91000000000003
21.9089678030303
[6.0, 33.0, 19.0, 8.0, 8.0, 20.0, 20.0, 32.0]
[5.0, 18.0, 7.0, 17.0, 31.0, 29.0, 18.0, 31.0]
[9.0, 8.0, 9.0, 8.0, 9.0, 9.0, 9.0, 9.0]
[8.0, 9.0, 8.0, 9.0, 9.0, 9.0, 9.0, 9.0]
T = 0.03518437208883203	 step = 597
105.31
25.528636363636362
[6.0, 33.0, 30.0, 8.0, 8.0, 20.0, 20.0, 32.0]
[6.0, 18.0, 5.0, 17.0, 31.0, 29.0, 18.0, 31.0]
[9.0, 8.0, 9.0, 8.0, 9.0, 9.0, 9.0, 9.0]
[8.0, 9.0, 8.0, 9.0, 9.0, 9.0, 9.0, 9.0]
T = 0.03518437208883203	 step = 598
105.31
25.528636363636362
[6.0, 33.0, 30.0, 8.0, 8.0, 20.0, 20.0, 32.0]
[6.0, 18.0, 5.0, 17.0, 31.0, 29.0, 18.0, 31.0]
[9.0, 8.0, 9.0, 8.0, 9.0, 9.0, 9.0, 9.0]
[8.0, 9.0, 8.0, 9.0, 9.0, 9.0, 9.0, 9.0]
T = 0.03518437208883203	 step = 599
104.71000000000004
25.695303030303027
[6.0, 33.0, 30.0, 8.0, 8.0, 20.0, 20.0, 32.0]
[5.0, 19.0, 5.0, 17.0, 31.0, 29.0, 18.0, 31.0]
[9.0, 8.0, 9.0, 8.0, 9.0, 9.0, 9.0, 9.0]
[8.0, 9.0, 8.0, 9.0, 9.0, 9.0, 9.0, 9.0]
T = 0.03518437208883203	 step = 600
106.01000000000005
24.487755681818182
[11.0, 33.0, 30.0, 8.0, 8.0, 20.0, 20.0, 32.0]
[6.0, 19.0, 5.0, 17.0, 31.0, 29.0, 18.0, 31.0]
[8.0, 8.0, 9.0, 8.0, 9.0, 9.0, 9.0, 9.0]
[9.0, 9.0, 8.0, 9.0, 9.0, 9.0, 9.0, 9.0]
T = 0.03518437208883203	 step = 601
105.99000000000001
24.230179924242425
[11.0, 33.0, 30.0, 8.0, 8.0, 20.0, 20.0, 32.0]
[6.0, 19.0, 6.0, 17.0, 31.0, 29.0, 18.0, 31.0]
[8.0, 8.0, 9.0, 8.0, 9.0, 9.0, 9.0, 9.0]
[9.0, 9.0, 8.0, 9.0, 9.0, 9.0, 9.0, 9.0]
T = 0.03518437208883203	 step = 602
106.11000000000001
24.230179924242425
[11.0, 33.0, 30.0, 8.0, 8.0, 20.0, 20.0, 32.0]
[6.0, 18.0, 6.0, 17.0, 31.0, 29.0, 18.0, 31.0]
[8.0, 8.0, 9.0, 8.0, 9.0, 9.0, 9.0, 9.0]
[9.0, 9.0, 8.0, 9.0, 9.0, 9.0, 9.0, 9.0]
T = 0.03518437208883203	 step = 603
105.91000000000003
24.563513257575757
[11.0, 34.0, 30.0, 8.0, 8.0, 20.0, 20.0, 32.0]
[6.0, 18.0, 6.0, 17.0, 31.0, 29.0, 18.0, 31.0]
[8.0, 8.0, 9.0, 8.0, 9.0, 9.0, 9.0, 9.0]
[9.0, 9.0, 8.0, 9.0, 9.0, 9.0, 9.0, 9.0]
T = 0.03518437208883203	 step = 604
105.80000000000001
24.563513257575757
[11.0, 34.0, 30.0, 8.0, 8.0, 20.0, 20.0, 32.0]
[6.0, 19.0, 6.0, 17.0, 31.0, 29.0, 18.0, 31.0]
[8.0, 8.0, 9.0, 8.0, 9.0, 9.0, 9.0, 9.0]
[9.0, 9.0, 8.0, 9.0, 9.0, 9.0, 9.0, 9.0]
T = 0.03518437208883203	 step = 605
106.14000000000004
24.230179924242425
[11.0, 34.0, 29.0, 8.0, 8.0, 20.0, 20.0, 32.0]
[6.0, 19.0, 6.0, 17.0, 31.0, 29.0, 18.0, 31.0]
[8.0, 8.0, 9.0, 8.0, 9.0, 9.0, 9.0, 9.0]
[9.0, 9.0, 8.0, 9.0, 9.0, 9.0, 9.0, 9.0]
T = 0.03518437208883203	 step = 606
106.15000000000003
24.396846590909092
[11.0, 34.0, 29.0, 8.0, 8.0, 19.0, 20.0, 32.0]
[6.0, 19.0, 6.0, 17.0, 31.0, 29.0, 18.0, 31.0]
[8.0, 8.0, 9.0, 8.0, 9.0, 9.0, 9.0, 9.0]
[9.0, 9.0, 8.0, 9.0, 9.0, 9.0, 9.0, 9.0]
T = 0.03518437208883203	 step = 607
106.14000000000004
24.230179924242425
[11.0, 34.0, 29.0, 8.0, 8.0, 20.0, 20.0, 32.0]
[6.0, 19.0, 6.0, 17.0, 31.0, 29.0, 18.0, 31.0]
[8.0, 8.0, 9.0, 8.0, 9.0, 9.0, 9.0, 9.0]
[9.0, 9.0, 8.0, 9.0, 9.0, 9.0, 9.0, 9.0]
T = 0.03518437208883203	 step = 608
106.13
24.063513257575757
[11.0, 34.0, 29.0, 8.0, 8.0, 21.0, 20.0, 32.0]
[6.0, 19.0, 6.0, 17.0, 31.0, 29.0, 18.0, 31.0]
[8.0, 8.0, 9.0, 8.0, 9.0, 9.0, 9.0, 9.0]
[9.0, 9.0, 8.0, 9.0, 9.0, 9.0, 9.0, 9.0]
T = 0.03518437208883203	 step = 609
105.59000000000003
24.21135416666667
[10.0, 34.0, 29.0, 8.0, 8.0, 21.0, 20.0, 32.0]
[6.0, 19.0, 6.0, 17.0, 31.0, 29.0, 18.0, 31.0]
[8.0, 8.0, 9.0, 8.0, 9.0, 9.0, 9.0, 9.0]
[9.0, 9.0, 8.0, 9.0, 9.0, 9.0, 9.0, 9.0]
T = 0.03518437208883203	 step = 610
105.62
24.37802083333333
[10.0, 34.0, 29.0, 8.0, 8.0, 21.0, 19.0, 32.0]
[6.0, 19.0, 6.0, 17.0, 31.0, 29.0, 18.0, 31.0]
[8.0, 8.0, 9.0, 8.0, 9.0, 9.0, 9.0, 9.0]
[9.0, 9.0, 8.0, 9.0, 9.0, 9.0, 9.0, 9.0]
T = 0.03518437208883203	 step = 611
105.73000000000002
24.15583333333333
[12.0, 34.0, 29.0, 8.0, 8.0, 21.0, 20.0, 32.0]
[5.0, 19.0, 6.0, 17.0, 31.0, 29.0, 18.0, 31.0]
[9.0, 8.0, 9.0, 8.0, 9.0, 9.0, 9.0, 9.0]
[8.0, 9.0, 8.0, 9.0, 9.0, 9.0, 9.0, 9.0]
T = 0.03518437208883203	 step = 612
105.73000000000002
24.147660984848486
[12.0, 34.0, 29.0, 8.0, 9.0, 21.0, 20.0, 32.0]
[5.0, 19.0, 6.0, 17.0, 31.0, 29.0, 18.0, 31.0]
[9.0, 8.0, 9.0, 8.0, 9.0, 9.0, 9.0, 9.0]
[8.0, 9.0, 8.0, 9.0, 9.0, 9.0, 9.0, 9.0]
T = 0.03518437208883203	 step = 613
105.77000000000004
23.980994318181818
[12.0, 34.0, 29.0, 8.0, 9.0, 21.0, 20.0, 32.0]
[5.0, 19.0, 6.0, 17.0, 31.0, 29.0, 17.0, 31.0]
[9.0, 8.0, 9.0, 8.0, 9.0, 9.0, 9.0, 9.0]
[8.0, 9.0, 8.0, 9.0, 9.0, 9.0, 9.0, 9.0]
T = 0.03518437208883203	 step = 614
105.71000000000004
24.314327651515153
[12.0, 34.0, 29.0, 8.0, 9.0, 21.0, 20.0, 32.0]
[5.0, 19.0, 6.0, 17.0, 31.0, 31.0, 17.0, 31.0]
[9.0, 8.0, 9.0, 8.0, 9.0, 9.0, 9.0, 9.0]
[8.0, 9.0, 8.0, 9.0, 9.0, 9.0, 9.0, 9.0]
T = 0.03518437208883203	 step = 615
105.70000000000005
24.480994318181818
[12.0, 34.0, 29.0, 8.0, 9.0, 21.0, 20.0, 32.0]
[5.0, 19.0, 6.0, 17.0, 32.0, 31.0, 17.0, 31.0]
[9.0, 8.0, 9.0, 8.0, 9.0, 9.0, 9.0, 9.0]
[8.0, 9.0, 8.0, 9.0, 9.0, 9.0, 9.0, 9.0]
T = 0.03518437208883203	 step = 616
105.73000000000002
24.284024621212122
[12.0, 34.0, 29.0, 8.0, 10.0, 21.0, 20.0, 32.0]
[5.0, 19.0, 6.0, 17.0, 31.0, 31.0, 17.0, 31.0]
[9.0, 8.0, 9.0, 8.0, 9.0, 9.0, 9.0, 9.0]
[8.0, 9.0, 8.0, 9.0, 9.0, 9.0, 9.0, 9.0]
T = 0.03518437208883203	 step = 617
105.74000000000001
24.117357954545454
[12.0, 34.0, 29.0, 8.0, 10.0, 21.0, 20.0, 32.0]
[5.0, 19.0, 6.0, 17.0, 30.0, 31.0, 17.0, 31.0]
[9.0, 8.0, 9.0, 8.0, 9.0, 9.0, 9.0, 9.0]
[8.0, 9.0, 8.0, 9.0, 9.0, 9.0, 9.0, 9.0]
T = 0.03518437208883203	 step = 618
105.35000000000002
24.450691287878787
[12.0, 34.0, 30.0, 8.0, 10.0, 21.0, 20.0, 32.0]
[5.0, 19.0, 6.0, 17.0, 30.0, 31.0, 17.0, 31.0]
[9.0, 8.0, 9.0, 8.0, 9.0, 9.0, 9.0, 9.0]
[8.0, 9.0, 8.0, 9.0, 9.0, 9.0, 9.0, 9.0]
T = 0.03518437208883203	 step = 619
105.52000000000004
24.117357954545454
[12.0, 34.0, 30.0, 9.0, 10.0, 21.0, 20.0, 32.0]
[5.0, 19.0, 6.0, 17.0, 30.0, 31.0, 17.0, 31.0]
[9.0, 8.0, 9.0, 8.0, 9.0, 9.0, 9.0, 9.0]
[8.0, 9.0, 8.0, 9.0, 9.0, 9.0, 9.0, 9.0]
T = 0.03518437208883203	 step = 620
105.70000000000005
23.784024621212122
[12.0, 34.0, 30.0, 10.0, 10.0, 21.0, 20.0, 32.0]
[5.0, 19.0, 6.0, 17.0, 30.0, 31.0, 17.0, 31.0]
[9.0, 8.0, 9.0, 8.0, 9.0, 9.0, 9.0, 9.0]
[8.0, 9.0, 8.0, 9.0, 9.0, 9.0, 9.0, 9.0]
T = 0.03518437208883203	 step = 621
105.75
23.617357954545454
[12.0, 34.0, 30.0, 10.0, 10.0, 21.0, 21.0, 32.0]
[5.0, 19.0, 6.0, 17.0, 30.0, 31.0, 17.0, 31.0]
[9.0, 8.0, 9.0, 8.0, 9.0, 9.0, 9.0, 9.0]
[8.0, 9.0, 8.0, 9.0, 9.0, 9.0, 9.0, 9.0]
T = 0.03518437208883203	 step = 622
105.73000000000002
23.784024621212122
[12.0, 34.0, 30.0, 10.0, 10.0, 21.0, 21.0, 32.0]
[5.0, 19.0, 6.0, 17.0, 31.0, 31.0, 17.0, 31.0]
[9.0, 8.0, 9.0, 8.0, 9.0, 9.0, 9.0, 9.0]
[8.0, 9.0, 8.0, 9.0, 9.0, 9.0, 9.0, 9.0]
T = 0.03518437208883203	 step = 623
105.29000000000002
24.117357954545454
[12.0, 34.0, 31.0, 10.0, 10.0, 21.0, 21.0, 32.0]
[5.0, 19.0, 6.0, 17.0, 31.0, 31.0, 17.0, 31.0]
[9.0, 8.0, 9.0, 8.0, 9.0, 9.0, 9.0, 9.0]
[8.0, 9.0, 8.0, 9.0, 9.0, 9.0, 9.0, 9.0]
T = 0.03518437208883203	 step = 624
105.25
23.950691287878787
[12.0, 34.0, 31.0, 10.0, 10.0, 21.0, 22.0, 32.0]
[5.0, 19.0, 6.0, 17.0, 31.0, 31.0, 17.0, 31.0]
[9.0, 8.0, 9.0, 8.0, 9.0, 9.0, 9.0, 9.0]
[8.0, 9.0, 8.0, 9.0, 9.0, 9.0, 9.0, 9.0]
T = 0.03518437208883203	 step = 625
105.52000000000004
23.814327651515153
[13.0, 34.0, 31.0, 10.0, 10.0, 21.0, 22.0, 32.0]
[5.0, 19.0, 6.0, 17.0, 31.0, 31.0, 17.0, 31.0]
[9.0, 8.0, 9.0, 8.0, 9.0, 9.0, 9.0, 9.0]
[8.0, 9.0, 8.0, 9.0, 9.0, 9.0, 9.0, 9.0]
T = 0.028147497671065627	 step = 626
105.28000000000003
23.784024621212122
[12.0, 34.0, 31.0, 10.0, 10.0, 21.0, 22.0, 32.0]
[5.0, 19.0, 6.0, 17.0, 31.0, 30.0, 17.0, 31.0]
[9.0, 8.0, 9.0, 8.0, 9.0, 9.0, 9.0, 9.0]
[8.0, 9.0, 8.0, 9.0, 9.0, 9.0, 9.0, 9.0]
T = 0.028147497671065627	 step = 627
105.79000000000002
23.450691287878787
[12.0, 34.0, 30.0, 10.0, 10.0, 21.0, 22.0, 32.0]
[5.0, 19.0, 6.0, 17.0, 31.0, 30.0, 17.0, 31.0]
[9.0, 8.0, 9.0, 8.0, 9.0, 9.0, 9.0, 9.0]
[8.0, 9.0, 8.0, 9.0, 9.0, 9.0, 9.0, 9.0]
T = 0.028147497671065627	 step = 628
105.32000000000005
23.950691287878787
[12.0, 34.0, 31.0, 10.0, 10.0, 21.0, 21.0, 32.0]
[5.0, 19.0, 6.0, 17.0, 31.0, 30.0, 17.0, 31.0]
[9.0, 8.0, 9.0, 8.0, 9.0, 9.0, 9.0, 9.0]
[8.0, 9.0, 8.0, 9.0, 9.0, 9.0, 9.0, 9.0]
T = 0.028147497671065627	 step = 629
105.28000000000003
24.117357954545454
[12.0, 34.0, 31.0, 10.0, 10.0, 21.0, 21.0, 32.0]
[5.0, 19.0, 6.0, 17.0, 31.0, 30.0, 18.0, 31.0]
[9.0, 8.0, 9.0, 8.0, 9.0, 9.0, 9.0, 9.0]
[8.0, 9.0, 8.0, 9.0, 9.0, 9.0, 9.0, 9.0]
T = 0.028147497671065627	 step = 630
105.27000000000004
24.147660984848486
[12.0, 34.0, 31.0, 10.0, 9.0, 21.0, 21.0, 32.0]
[5.0, 19.0, 6.0, 17.0, 31.0, 30.0, 18.0, 31.0]
[9.0, 8.0, 9.0, 8.0, 9.0, 9.0, 9.0, 9.0]
[8.0, 9.0, 8.0, 9.0, 9.0, 9.0, 9.0, 9.0]
T = 0.028147497671065627	 step = 631
105.54000000000002
23.989166666666666
[13.0, 34.0, 31.0, 10.0, 9.0, 21.0, 21.0, 32.0]
[5.0, 19.0, 6.0, 17.0, 31.0, 30.0, 18.0, 31.0]
[9.0, 8.0, 9.0, 8.0, 9.0, 9.0, 9.0, 9.0]
[8.0, 9.0, 8.0, 9.0, 9.0, 9.0, 9.0, 9.0]
T = 0.028147497671065627	 step = 632
105.27000000000004
24.314327651515153
[12.0, 34.0, 31.0, 10.0, 9.0, 21.0, 21.0, 32.0]
[5.0, 19.0, 6.0, 17.0, 31.0, 30.0, 18.0, 32.0]
[9.0, 8.0, 9.0, 8.0, 9.0, 9.0, 9.0, 9.0]
[8.0, 9.0, 8.0, 9.0, 9.0, 9.0, 9.0, 9.0]
T = 0.028147497671065627	 step = 633
105.25
24.480994318181818
[12.0, 34.0, 31.0, 10.0, 9.0, 21.0, 21.0, 33.0]
[5.0, 19.0, 6.0, 17.0, 31.0, 30.0, 18.0, 32.0]
[9.0, 8.0, 9.0, 8.0, 9.0, 9.0, 9.0, 9.0]
[8.0, 9.0, 8.0, 9.0, 9.0, 9.0, 9.0, 9.0]
T = 0.028147497671065627	 step = 634
105.27000000000004
24.617357954545454
[11.0, 34.0, 31.0, 10.0, 9.0, 21.0, 21.0, 33.0]
[5.0, 19.0, 6.0, 17.0, 31.0, 30.0, 18.0, 32.0]
[9.0, 8.0, 9.0, 8.0, 9.0, 9.0, 9.0, 9.0]
[8.0, 9.0, 8.0, 9.0, 9.0, 9.0, 9.0, 9.0]
T = 0.028147497671065627	 step = 635
105.85000000000002
24.28964962121212
[11.0, 34.0, 31.0, 10.0, 9.0, 21.0, 21.0, 33.0]
[6.0, 19.0, 6.0, 17.0, 31.0, 30.0, 18.0, 32.0]
[9.0, 8.0, 9.0, 8.0, 9.0, 9.0, 9.0, 9.0]
[8.0, 9.0, 8.0, 9.0, 9.0, 9.0, 9.0, 9.0]
T = 0.028147497671065627	 step = 636
105.32000000000005
24.617357954545454
[11.0, 34.0, 31.0, 10.0, 9.0, 21.0, 21.0, 33.0]
[5.0, 18.0, 6.0, 17.0, 31.0, 30.0, 18.0, 32.0]
[9.0, 8.0, 9.0, 8.0, 9.0, 9.0, 9.0, 9.0]
[8.0, 9.0, 8.0, 9.0, 9.0, 9.0, 9.0, 9.0]
T = 0.028147497671065627	 step = 637
105.20000000000005
24.789649621212117
[11.0, 34.0, 31.0, 10.0, 9.0, 21.0, 21.0, 33.0]
[5.0, 18.0, 5.0, 17.0, 31.0, 30.0, 18.0, 32.0]
[9.0, 8.0, 9.0, 8.0, 9.0, 9.0, 9.0, 9.0]
[8.0, 9.0, 8.0, 9.0, 9.0, 9.0, 9.0, 9.0]
T = 0.028147497671065627	 step = 638
105.41000000000003
24.656183712121212
[12.0, 34.0, 31.0, 10.0, 9.0, 21.0, 21.0, 33.0]
[5.0, 18.0, 5.0, 17.0, 31.0, 30.0, 18.0, 32.0]
[9.0, 8.0, 9.0, 8.0, 9.0, 9.0, 9.0, 9.0]
[8.0, 9.0, 8.0, 9.0, 9.0, 9.0, 9.0, 9.0]
T = 0.028147497671065627	 step = 639
105.44
24.489517045454544
[12.0, 34.0, 31.0, 10.0, 9.0, 21.0, 21.0, 33.0]
[5.0, 18.0, 5.0, 17.0, 31.0, 29.0, 18.0, 32.0]
[9.0, 8.0, 9.0, 8.0, 9.0, 9.0, 9.0, 9.0]
[8.0, 9.0, 8.0, 9.0, 9.0, 9.0, 9.0, 9.0]
T = 0.028147497671065627	 step = 640
105.42000000000002
24.656183712121212
[12.0, 34.0, 31.0, 10.0, 9.0, 21.0, 21.0, 33.0]
[5.0, 18.0, 5.0, 17.0, 32.0, 29.0, 18.0, 32.0]
[9.0, 8.0, 9.0, 8.0, 9.0, 9.0, 9.0, 9.0]
[8.0, 9.0, 8.0, 9.0, 9.0, 9.0, 9.0, 9.0]
T = 0.028147497671065627	 step = 641
105.33000000000004
24.156183712121212
[12.0, 34.0, 31.0, 10.0, 9.0, 21.0, 24.0, 33.0]
[5.0, 18.0, 5.0, 17.0, 32.0, 29.0, 18.0, 32.0]
[9.0, 8.0, 9.0, 8.0, 9.0, 9.0, 9.0, 9.0]
[8.0, 9.0, 8.0, 9.0, 9.0, 9.0, 9.0, 9.0]
T = 0.028147497671065627	 step = 642
104.98000000000002
24.28964962121212
[11.0, 34.0, 31.0, 10.0, 9.0, 21.0, 24.0, 33.0]
[5.0, 18.0, 5.0, 17.0, 32.0, 29.0, 18.0, 32.0]
[9.0, 8.0, 9.0, 8.0, 9.0, 9.0, 9.0, 9.0]
[8.0, 9.0, 8.0, 9.0, 9.0, 9.0, 9.0, 9.0]
T = 0.028147497671065627	 step = 643
105.06
24.4089678030303
[10.0, 34.0, 31.0, 10.0, 9.0, 21.0, 24.0, 33.0]
[5.0, 18.0, 5.0, 17.0, 32.0, 29.0, 18.0, 32.0]
[9.0, 8.0, 9.0, 8.0, 9.0, 9.0, 9.0, 9.0]
[8.0, 9.0, 8.0, 9.0, 9.0, 9.0, 9.0, 9.0]
T = 0.028147497671065627	 step = 644
105.21000000000004
24.242301136363636
[10.0, 34.0, 31.0, 10.0, 9.0, 21.0, 24.0, 33.0]
[5.0, 18.0, 6.0, 17.0, 32.0, 29.0, 18.0, 32.0]
[9.0, 8.0, 9.0, 8.0, 9.0, 9.0, 9.0, 9.0]
[8.0, 9.0, 8.0, 9.0, 9.0, 9.0, 9.0, 9.0]
T = 0.028147497671065627	 step = 645
105.05000000000001
24.57563446969697
[10.0, 34.0, 31.0, 10.0, 9.0, 21.0, 24.0, 33.0]
[5.0, 18.0, 5.0, 17.0, 32.0, 29.0, 18.0, 33.0]
[9.0, 8.0, 9.0, 8.0, 9.0, 9.0, 9.0, 9.0]
[8.0, 9.0, 8.0, 9.0, 9.0, 9.0, 9.0, 9.0]
T = 0.028147497671065627	 step = 646
105.03000000000003
24.57563446969697
[10.0, 34.0, 31.0, 10.0, 9.0, 21.0, 24.0, 33.0]
[5.0, 17.0, 5.0, 17.0, 32.0, 29.0, 18.0, 33.0]
[9.0, 8.0, 9.0, 8.0, 9.0, 9.0, 9.0, 9.0]
[8.0, 9.0, 8.0, 9.0, 9.0, 9.0, 9.0, 9.0]
T = 0.028147497671065627	 step = 647
105.03000000000003
24.622982954545453
[10.0, 34.0, 31.0, 10.0, 8.0, 21.0, 24.0, 33.0]
[5.0, 17.0, 5.0, 17.0, 32.0, 29.0, 18.0, 33.0]
[9.0, 8.0, 9.0, 8.0, 9.0, 9.0, 9.0, 9.0]
[8.0, 9.0, 8.0, 9.0, 9.0, 9.0, 9.0, 9.0]
T = 0.028147497671065627	 step = 648
105.77000000000004
24.78964962121212
[10.0, 34.0, 31.0, 10.0, 8.0, 21.0, 24.0, 33.0]
[5.0, 17.0, 5.0, 16.0, 32.0, 29.0, 18.0, 33.0]
[9.0, 8.0, 9.0, 8.0, 9.0, 9.0, 9.0, 9.0]
[8.0, 9.0, 8.0, 9.0, 9.0, 9.0, 9.0, 9.0]
T = 0.028147497671065627	 step = 649
105.62
24.45631628787879
[10.0, 34.0, 31.0, 10.0, 8.0, 21.0, 24.0, 33.0]
[6.0, 17.0, 5.0, 17.0, 32.0, 29.0, 18.0, 33.0]
[9.0, 8.0, 9.0, 8.0, 9.0, 9.0, 9.0, 9.0]
[8.0, 9.0, 8.0, 9.0, 9.0, 9.0, 9.0, 9.0]
T = 0.028147497671065627	 step = 650
105.61000000000001
24.289649621212117
[10.0, 34.0, 31.0, 10.0, 8.0, 21.0, 24.0, 33.0]
[6.0, 17.0, 5.0, 17.0, 32.0, 29.0, 17.0, 33.0]
[9.0, 8.0, 9.0, 8.0, 9.0, 9.0, 9.0, 9.0]
[8.0, 9.0, 8.0, 9.0, 9.0, 9.0, 9.0, 9.0]
T = 0.028147497671065627	 step = 651
105.57000000000005
24.456316287878785
[10.0, 34.0, 31.0, 10.0, 8.0, 21.0, 24.0, 33.0]
[6.0, 17.0, 5.0, 17.0, 32.0, 30.0, 17.0, 33.0]
[9.0, 8.0, 9.0, 8.0, 9.0, 9.0, 9.0, 9.0]
[8.0, 9.0, 8.0, 9.0, 9.0, 9.0, 9.0, 9.0]
T = 0.028147497671065627	 step = 652
105.61000000000001
24.289649621212117
[10.0, 34.0, 31.0, 10.0, 8.0, 21.0, 24.0, 33.0]
[6.0, 17.0, 5.0, 17.0, 32.0, 29.0, 17.0, 33.0]
[9.0, 8.0, 9.0, 8.0, 9.0, 9.0, 9.0, 9.0]
[8.0, 9.0, 8.0, 9.0, 9.0, 9.0, 9.0, 9.0]
T = 0.028147497671065627	 step = 653
105.64000000000004
24.456316287878785
[10.0, 34.0, 31.0, 10.0, 8.0, 20.0, 24.0, 33.0]
[6.0, 17.0, 5.0, 17.0, 32.0, 29.0, 17.0, 33.0]
[9.0, 8.0, 9.0, 8.0, 9.0, 9.0, 9.0, 9.0]
[8.0, 9.0, 8.0, 9.0, 9.0, 9.0, 9.0, 9.0]
T = 0.028147497671065627	 step = 654
105.65000000000003
24.289649621212117
[10.0, 34.0, 31.0, 10.0, 8.0, 20.0, 24.0, 33.0]
[6.0, 17.0, 5.0, 17.0, 32.0, 29.0, 17.0, 32.0]
[9.0, 8.0, 9.0, 8.0, 9.0, 9.0, 9.0, 9.0]
[8.0, 9.0, 8.0, 9.0, 9.0, 9.0, 9.0, 9.0]
T = 0.028147497671065627	 step = 655
105.66000000000003
24.456316287878792
[10.0, 34.0, 31.0, 10.0, 8.0, 20.0, 24.0, 33.0]
[6.0, 16.0, 5.0, 17.0, 32.0, 29.0, 17.0, 32.0]
[9.0, 8.0, 9.0, 8.0, 9.0, 9.0, 9.0, 9.0]
[8.0, 9.0, 8.0, 9.0, 9.0, 9.0, 9.0, 9.0]
T = 0.028147497671065627	 step = 656
105.95000000000005
24.622982954545453
[10.0, 34.0, 31.0, 10.0, 8.0, 20.0, 24.0, 33.0]
[6.0, 15.0, 5.0, 17.0, 32.0, 29.0, 17.0, 32.0]
[9.0, 8.0, 9.0, 8.0, 9.0, 9.0, 9.0, 9.0]
[8.0, 9.0, 8.0, 9.0, 9.0, 9.0, 9.0, 9.0]
T = 0.028147497671065627	 step = 657
105.95000000000005
24.622982954545453
[10.0, 34.0, 31.0, 10.0, 8.0, 20.0, 24.0, 33.0]
[6.0, 15.0, 5.0, 17.0, 32.0, 29.0, 17.0, 32.0]
[9.0, 8.0, 9.0, 8.0, 9.0, 9.0, 9.0, 9.0]
[8.0, 9.0, 8.0, 9.0, 9.0, 9.0, 9.0, 9.0]
T = 0.028147497671065627	 step = 658
105.93
24.78964962121212
[10.0, 34.0, 31.0, 10.0, 8.0, 19.0, 24.0, 33.0]
[6.0, 15.0, 5.0, 17.0, 32.0, 29.0, 17.0, 32.0]
[9.0, 8.0, 9.0, 8.0, 9.0, 9.0, 9.0, 9.0]
[8.0, 9.0, 8.0, 9.0, 9.0, 9.0, 9.0, 9.0]
T = 0.028147497671065627	 step = 659
105.92000000000002
24.95631628787879
[10.0, 34.0, 31.0, 10.0, 8.0, 19.0, 24.0, 33.0]
[6.0, 15.0, 5.0, 17.0, 33.0, 29.0, 17.0, 32.0]
[9.0, 8.0, 9.0, 8.0, 9.0, 9.0, 9.0, 9.0]
[8.0, 9.0, 8.0, 9.0, 9.0, 9.0, 9.0, 9.0]
T = 0.028147497671065627	 step = 660
105.84000000000003
25.45631628787879
[10.0, 34.0, 31.0, 10.0, 8.0, 20.0, 24.0, 33.0]
[6.0, 15.0, 5.0, 17.0, 33.0, 33.0, 17.0, 32.0]
[9.0, 8.0, 9.0, 8.0, 9.0, 9.0, 9.0, 9.0]
[8.0, 9.0, 8.0, 9.0, 9.0, 9.0, 9.0, 9.0]
T = 0.028147497671065627	 step = 661
105.86000000000001
25.28964962121212
[10.0, 34.0, 31.0, 10.0, 8.0, 20.0, 24.0, 33.0]
[6.0, 15.0, 5.0, 17.0, 33.0, 33.0, 17.0, 31.0]
[9.0, 8.0, 9.0, 8.0, 9.0, 9.0, 9.0, 9.0]
[8.0, 9.0, 8.0, 9.0, 9.0, 9.0, 9.0, 9.0]
T = 0.028147497671065627	 step = 662
105.91000000000003
25.122982954545453
[10.0, 34.0, 31.0, 10.0, 8.0, 20.0, 24.0, 33.0]
[6.0, 15.0, 5.0, 17.0, 33.0, 33.0, 16.0, 31.0]
[9.0, 8.0, 9.0, 8.0, 9.0, 9.0, 9.0, 9.0]
[8.0, 9.0, 8.0, 9.0, 9.0, 9.0, 9.0, 9.0]
T = 0.028147497671065627	 step = 663
105.90000000000003
25.156183712121212
[10.0, 34.0, 31.0, 10.0, 7.0, 20.0, 24.0, 33.0]
[6.0, 15.0, 5.0, 17.0, 33.0, 33.0, 16.0, 31.0]
[9.0, 8.0, 9.0, 8.0, 9.0, 9.0, 9.0, 9.0]
[8.0, 9.0, 8.0, 9.0, 9.0, 9.0, 9.0, 9.0]
T = 0.028147497671065627	 step = 664
105.89000000000004
25.489517045454544
[10.0, 34.0, 31.0, 10.0, 7.0, 18.0, 24.0, 33.0]
[6.0, 15.0, 5.0, 17.0, 33.0, 33.0, 16.0, 31.0]
[9.0, 8.0, 9.0, 8.0, 9.0, 9.0, 9.0, 9.0]
[8.0, 9.0, 8.0, 9.0, 9.0, 9.0, 9.0, 9.0]
T = 0.022517998136852502	 step = 665
105.49000000000001
25.322850378787876
[10.0, 34.0, 31.0, 10.0, 7.0, 18.0, 24.0, 33.0]
[6.0, 16.0, 5.0, 17.0, 33.0, 33.0, 16.0, 31.0]
[9.0, 8.0, 9.0, 8.0, 9.0, 9.0, 9.0, 9.0]
[8.0, 9.0, 8.0, 9.0, 9.0, 9.0, 9.0, 9.0]
T = 0.022517998136852502	 step = 666
105.48000000000002
25.156183712121212
[10.0, 34.0, 31.0, 10.0, 7.0, 18.0, 24.0, 33.0]
[6.0, 17.0, 5.0, 17.0, 33.0, 33.0, 16.0, 31.0]
[9.0, 8.0, 9.0, 8.0, 9.0, 9.0, 9.0, 9.0]
[8.0, 9.0, 8.0, 9.0, 9.0, 9.0, 9.0, 9.0]
T = 0.022517998136852502	 step = 667
105.45000000000005
24.989517045454544
[10.0, 34.0, 31.0, 10.0, 7.0, 19.0, 24.0, 33.0]
[6.0, 17.0, 5.0, 17.0, 33.0, 33.0, 16.0, 31.0]
[9.0, 8.0, 9.0, 8.0, 9.0, 9.0, 9.0, 9.0]
[8.0, 9.0, 8.0, 9.0, 9.0, 9.0, 9.0, 9.0]
T = 0.022517998136852502	 step = 668
106.14000000000004
24.656183712121212
[10.0, 34.0, 31.0, 11.0, 7.0, 19.0, 24.0, 33.0]
[6.0, 17.0, 5.0, 17.0, 33.0, 33.0, 16.0, 31.0]
[9.0, 8.0, 9.0, 8.0, 9.0, 9.0, 9.0, 9.0]
[8.0, 9.0, 8.0, 9.0, 9.0, 9.0, 9.0, 9.0]
T = 0.022517998136852502	 step = 669
105.45000000000005
25.156183712121212
[10.0, 34.0, 31.0, 10.0, 7.0, 19.0, 24.0, 33.0]
[6.0, 17.0, 5.0, 17.0, 33.0, 33.0, 16.0, 32.0]
[9.0, 8.0, 9.0, 8.0, 9.0, 9.0, 9.0, 9.0]
[8.0, 9.0, 8.0, 9.0, 9.0, 9.0, 9.0, 9.0]
T = 0.022517998136852502	 step = 670
105.44
24.989517045454544
[10.0, 34.0, 31.0, 10.0, 7.0, 19.0, 24.0, 33.0]
[6.0, 17.0, 5.0, 17.0, 33.0, 33.0, 15.0, 32.0]
[9.0, 8.0, 9.0, 8.0, 9.0, 9.0, 9.0, 9.0]
[8.0, 9.0, 8.0, 9.0, 9.0, 9.0, 9.0, 9.0]
T = 0.022517998136852502	 step = 671
105.06
25.69530303030303
[6.0, 34.0, 31.0, 10.0, 7.0, 19.0, 24.0, 33.0]
[6.0, 17.0, 5.0, 17.0, 33.0, 33.0, 15.0, 32.0]
[9.0, 8.0, 9.0, 8.0, 9.0, 9.0, 9.0, 9.0]
[8.0, 9.0, 8.0, 9.0, 9.0, 9.0, 9.0, 9.0]
T = 0.022517998136852502	 step = 672
105.04000000000002
25.529403409090907
[6.0, 34.0, 31.0, 10.0, 6.0, 19.0, 24.0, 33.0]
[6.0, 17.0, 5.0, 17.0, 33.0, 33.0, 15.0, 32.0]
[9.0, 8.0, 9.0, 8.0, 9.0, 9.0, 9.0, 9.0]
[8.0, 9.0, 8.0, 9.0, 9.0, 9.0, 9.0, 9.0]
T = 0.022517998136852502	 step = 673
105.04000000000002
25.696070075757575
[6.0, 34.0, 31.0, 10.0, 6.0, 19.0, 24.0, 33.0]
[6.0, 17.0, 5.0, 17.0, 33.0, 33.0, 16.0, 32.0]
[9.0, 8.0, 9.0, 8.0, 9.0, 9.0, 9.0, 9.0]
[8.0, 9.0, 8.0, 9.0, 9.0, 9.0, 9.0, 9.0]
T = 0.022517998136852502	 step = 674
104.87
26.029403409090907
[6.0, 34.0, 32.0, 10.0, 6.0, 19.0, 24.0, 33.0]
[6.0, 17.0, 5.0, 17.0, 33.0, 33.0, 16.0, 32.0]
[9.0, 8.0, 9.0, 8.0, 9.0, 9.0, 9.0, 9.0]
[8.0, 9.0, 8.0, 9.0, 9.0, 9.0, 9.0, 9.0]
T = 0.022517998136852502	 step = 675
104.85000000000002
26.196070075757575
[6.0, 34.0, 32.0, 10.0, 6.0, 19.0, 24.0, 33.0]
[6.0, 17.0, 5.0, 17.0, 33.0, 33.0, 16.0, 33.0]
[9.0, 8.0, 9.0, 8.0, 9.0, 9.0, 9.0, 9.0]
[8.0, 9.0, 8.0, 9.0, 9.0, 9.0, 9.0, 9.0]
T = 0.022517998136852502	 step = 676
105.02000000000004
25.862736742424243
[6.0, 34.0, 31.0, 10.0, 6.0, 19.0, 24.0, 33.0]
[6.0, 17.0, 5.0, 17.0, 33.0, 33.0, 16.0, 33.0]
[9.0, 8.0, 9.0, 8.0, 9.0, 9.0, 9.0, 9.0]
[8.0, 9.0, 8.0, 9.0, 9.0, 9.0, 9.0, 9.0]
T = 0.022517998136852502	 step = 677
105.13
25.529403409090907
[6.0, 34.0, 31.0, 10.0, 6.0, 19.0, 24.0, 33.0]
[6.0, 17.0, 5.0, 17.0, 31.0, 33.0, 16.0, 33.0]
[9.0, 8.0, 9.0, 8.0, 9.0, 9.0, 9.0, 9.0]
[8.0, 9.0, 8.0, 9.0, 9.0, 9.0, 9.0, 9.0]
T = 0.022517998136852502	 step = 678
105.18
25.362736742424243
[6.0, 34.0, 31.0, 10.0, 6.0, 19.0, 24.0, 33.0]
[6.0, 17.0, 5.0, 17.0, 31.0, 32.0, 16.0, 33.0]
[9.0, 8.0, 9.0, 8.0, 9.0, 9.0, 9.0, 9.0]
[8.0, 9.0, 8.0, 9.0, 9.0, 9.0, 9.0, 9.0]
T = 0.022517998136852502	 step = 679
104.65000000000003
25.529403409090907
[6.0, 34.0, 31.0, 10.0, 6.0, 19.0, 24.0, 33.0]
[5.0, 17.0, 5.0, 17.0, 31.0, 32.0, 16.0, 33.0]
[9.0, 8.0, 9.0, 8.0, 9.0, 9.0, 9.0, 9.0]
[8.0, 9.0, 8.0, 9.0, 9.0, 9.0, 9.0, 9.0]
T = 0.022517998136852502	 step = 680
105.14000000000004
25.196070075757575
[6.0, 34.0, 31.0, 11.0, 6.0, 19.0, 24.0, 33.0]
[5.0, 17.0, 5.0, 17.0, 31.0, 32.0, 16.0, 33.0]
[9.0, 8.0, 9.0, 8.0, 9.0, 9.0, 9.0, 9.0]
[8.0, 9.0, 8.0, 9.0, 9.0, 9.0, 9.0, 9.0]
T = 0.022517998136852502	 step = 681
104.30000000000001
25.529403409090907
[6.0, 34.0, 31.0, 10.0, 6.0, 19.0, 24.0, 33.0]
[5.0, 17.0, 5.0, 18.0, 31.0, 32.0, 16.0, 33.0]
[9.0, 8.0, 9.0, 8.0, 9.0, 9.0, 9.0, 9.0]
[8.0, 9.0, 8.0, 9.0, 9.0, 9.0, 9.0, 9.0]
T = 0.022517998136852502	 step = 682
104.24000000000001
25.696070075757575
[6.0, 34.0, 31.0, 10.0, 6.0, 19.0, 24.0, 33.0]
[5.0, 17.0, 5.0, 18.0, 32.0, 32.0, 16.0, 33.0]
[9.0, 8.0, 9.0, 8.0, 9.0, 9.0, 9.0, 9.0]
[8.0, 9.0, 8.0, 9.0, 9.0, 9.0, 9.0, 9.0]
T = 0.022517998136852502	 step = 683
104.27000000000004
25.529403409090907
[6.0, 34.0, 31.0, 10.0, 6.0, 19.0, 24.0, 33.0]
[5.0, 18.0, 5.0, 18.0, 32.0, 32.0, 16.0, 33.0]
[9.0, 8.0, 9.0, 8.0, 9.0, 9.0, 9.0, 9.0]
[8.0, 9.0, 8.0, 9.0, 9.0, 9.0, 9.0, 9.0]
T = 0.022517998136852502	 step = 684
104.33000000000004
25.696070075757575
[6.0, 34.0, 31.0, 10.0, 6.0, 19.0, 23.0, 33.0]
[5.0, 18.0, 5.0, 18.0, 32.0, 32.0, 16.0, 33.0]
[9.0, 8.0, 9.0, 8.0, 9.0, 9.0, 9.0, 9.0]
[8.0, 9.0, 8.0, 9.0, 9.0, 9.0, 9.0, 9.0]
T = 0.022517998136852502	 step = 685
104.28000000000003
25.862736742424243
[6.0, 34.0, 31.0, 10.0, 6.0, 19.0, 23.0, 33.0]
[5.0, 18.0, 5.0, 18.0, 32.0, 33.0, 16.0, 33.0]
[9.0, 8.0, 9.0, 8.0, 9.0, 9.0, 9.0, 9.0]
[8.0, 9.0, 8.0, 9.0, 9.0, 9.0, 9.0, 9.0]
T = 0.022517998136852502	 step = 686
104.22000000000003
25.696070075757575
[6.0, 34.0, 31.0, 10.0, 6.0, 19.0, 24.0, 33.0]
[5.0, 18.0, 5.0, 18.0, 32.0, 33.0, 16.0, 33.0]
[9.0, 8.0, 9.0, 8.0, 9.0, 9.0, 9.0, 9.0]
[8.0, 9.0, 8.0, 9.0, 9.0, 9.0, 9.0, 9.0]
T = 0.022517998136852502	 step = 687
104.24000000000001
25.529403409090907
[6.0, 34.0, 31.0, 10.0, 6.0, 19.0, 24.0, 32.0]
[5.0, 18.0, 5.0, 18.0, 32.0, 33.0, 16.0, 33.0]
[9.0, 8.0, 9.0, 8.0, 9.0, 9.0, 9.0, 9.0]
[8.0, 9.0, 8.0, 9.0, 9.0, 9.0, 9.0, 9.0]
T = 0.022517998136852502	 step = 688
104.26000000000005
25.695303030303027
[6.0, 34.0, 31.0, 10.0, 7.0, 19.0, 24.0, 32.0]
[5.0, 18.0, 5.0, 18.0, 32.0, 33.0, 16.0, 33.0]
[9.0, 8.0, 9.0, 8.0, 9.0, 9.0, 9.0, 9.0]
[8.0, 9.0, 8.0, 9.0, 9.0, 9.0, 9.0, 9.0]
T = 0.022517998136852502	 step = 689
103.01000000000005
26.028636363636362
[6.0, 34.0, 31.0, 9.0, 7.0, 19.0, 24.0, 32.0]
[5.0, 18.0, 5.0, 20.0, 32.0, 33.0, 16.0, 33.0]
[9.0, 8.0, 9.0, 8.0, 9.0, 9.0, 9.0, 9.0]
[8.0, 9.0, 8.0, 9.0, 9.0, 9.0, 9.0, 9.0]
T = 0.022517998136852502	 step = 690
102.99000000000001
26.195303030303027
[6.0, 34.0, 31.0, 9.0, 7.0, 19.0, 24.0, 33.0]
[5.0, 18.0, 5.0, 20.0, 32.0, 33.0, 16.0, 33.0]
[9.0, 8.0, 9.0, 8.0, 9.0, 9.0, 9.0, 9.0]
[8.0, 9.0, 8.0, 9.0, 9.0, 9.0, 9.0, 9.0]
T = 0.022517998136852502	 step = 691
103.51000000000005
26.195303030303027
[6.0, 34.0, 31.0, 9.0, 7.0, 19.0, 24.0, 33.0]
[5.0, 18.0, 5.0, 19.0, 32.0, 33.0, 16.0, 33.0]
[9.0, 8.0, 9.0, 8.0, 9.0, 9.0, 9.0, 9.0]
[8.0, 9.0, 8.0, 9.0, 9.0, 9.0, 9.0, 9.0]
T = 0.022517998136852502	 step = 692
103.0
26.361969696969695
[6.0, 34.0, 31.0, 9.0, 7.0, 19.0, 24.0, 33.0]
[5.0, 18.0, 5.0, 20.0, 32.0, 33.0, 17.0, 33.0]
[9.0, 8.0, 9.0, 8.0, 9.0, 9.0, 9.0, 9.0]
[8.0, 9.0, 8.0, 9.0, 9.0, 9.0, 9.0, 9.0]
T = 0.022517998136852502	 step = 693
102.99000000000001
26.195303030303027
[6.0, 34.0, 31.0, 9.0, 7.0, 19.0, 24.0, 33.0]
[5.0, 18.0, 5.0, 20.0, 32.0, 33.0, 16.0, 33.0]
[9.0, 8.0, 9.0, 8.0, 9.0, 9.0, 9.0, 9.0]
[8.0, 9.0, 8.0, 9.0, 9.0, 9.0, 9.0, 9.0]
T = 0.022517998136852502	 step = 694
103.0
26.028636363636362
[6.0, 34.0, 31.0, 9.0, 7.0, 19.0, 24.0, 33.0]
[5.0, 18.0, 5.0, 20.0, 32.0, 33.0, 16.0, 32.0]
[9.0, 8.0, 9.0, 8.0, 9.0, 9.0, 9.0, 9.0]
[8.0, 9.0, 8.0, 9.0, 9.0, 9.0, 9.0, 9.0]
T = 0.022517998136852502	 step = 695
102.99000000000001
26.028636363636362
[6.0, 34.0, 31.0, 9.0, 7.0, 19.0, 24.0, 33.0]
[5.0, 18.0, 5.0, 21.0, 32.0, 33.0, 16.0, 32.0]
[9.0, 8.0, 9.0, 8.0, 9.0, 9.0, 9.0, 9.0]
[8.0, 9.0, 8.0, 9.0, 9.0, 9.0, 9.0, 9.0]
T = 0.022517998136852502	 step = 696
103.10000000000002
25.861969696969695
[6.0, 34.0, 31.0, 9.0, 7.0, 19.0, 24.0, 33.0]
[6.0, 18.0, 5.0, 21.0, 32.0, 33.0, 16.0, 32.0]
[9.0, 8.0, 9.0, 8.0, 9.0, 9.0, 9.0, 9.0]
[8.0, 9.0, 8.0, 9.0, 9.0, 9.0, 9.0, 9.0]
T = 0.022517998136852502	 step = 697
103.10000000000002
26.028636363636362
[6.0, 34.0, 31.0, 9.0, 8.0, 19.0, 24.0, 33.0]
[6.0, 18.0, 5.0, 21.0, 32.0, 33.0, 16.0, 32.0]
[9.0, 8.0, 9.0, 8.0, 9.0, 9.0, 9.0, 9.0]
[8.0, 9.0, 8.0, 9.0, 9.0, 9.0, 9.0, 9.0]
T = 0.022517998136852502	 step = 698
103.06
25.695303030303027
[6.0, 34.0, 31.0, 9.0, 7.0, 20.0, 24.0, 33.0]
[6.0, 18.0, 5.0, 21.0, 32.0, 33.0, 16.0, 32.0]
[9.0, 8.0, 9.0, 8.0, 9.0, 9.0, 9.0, 9.0]
[8.0, 9.0, 8.0, 9.0, 9.0, 9.0, 9.0, 9.0]
T = 0.022517998136852502	 step = 699
103.05000000000001
25.861969696969695
[6.0, 34.0, 31.0, 9.0, 7.0, 20.0, 24.0, 33.0]
[6.0, 18.0, 5.0, 21.0, 33.0, 33.0, 16.0, 32.0]
[9.0, 8.0, 9.0, 8.0, 9.0, 9.0, 9.0, 9.0]
[8.0, 9.0, 8.0, 9.0, 9.0, 9.0, 9.0, 9.0]
T = 0.022517998136852502	 step = 700
103.14000000000004
25.528636363636362
[6.0, 34.0, 30.0, 9.0, 7.0, 20.0, 24.0, 33.0]
[6.0, 18.0, 5.0, 21.0, 33.0, 33.0, 16.0, 32.0]
[9.0, 8.0, 9.0, 8.0, 9.0, 9.0, 9.0, 9.0]
[8.0, 9.0, 8.0, 9.0, 9.0, 9.0, 9.0, 9.0]
T = 0.022517998136852502	 step = 701
102.90000000000003
25.861969696969695
[6.0, 34.0, 30.0, 8.0, 7.0, 20.0, 24.0, 33.0]
[6.0, 18.0, 5.0, 21.0, 33.0, 33.0, 16.0, 32.0]
[9.0, 8.0, 9.0, 8.0, 9.0, 9.0, 9.0, 9.0]
[8.0, 9.0, 8.0, 9.0, 9.0, 9.0, 9.0, 9.0]
T = 0.022517998136852502	 step = 702
103.33000000000004
26.028636363636362
[6.0, 34.0, 30.0, 8.0, 7.0, 20.0, 24.0, 33.0]
[6.0, 17.0, 5.0, 21.0, 33.0, 33.0, 16.0, 32.0]
[9.0, 8.0, 9.0, 8.0, 9.0, 9.0, 9.0, 9.0]
[8.0, 9.0, 8.0, 9.0, 9.0, 9.0, 9.0, 9.0]
T = 0.022517998136852502	 step = 703
103.33000000000004
26.028636363636362
[6.0, 34.0, 30.0, 8.0, 7.0, 20.0, 24.0, 33.0]
[6.0, 17.0, 5.0, 21.0, 33.0, 33.0, 16.0, 32.0]
[9.0, 8.0, 9.0, 8.0, 9.0, 9.0, 9.0, 9.0]
[8.0, 9.0, 8.0, 9.0, 9.0, 9.0, 9.0, 9.0]
T = 0.018014398509482003	 step = 704
103.34000000000003
25.861969696969695
[6.0, 34.0, 30.0, 8.0, 7.0, 20.0, 24.0, 33.0]
[6.0, 17.0, 5.0, 21.0, 32.0, 33.0, 16.0, 32.0]
[9.0, 8.0, 9.0, 8.0, 9.0, 9.0, 9.0, 9.0]
[8.0, 9.0, 8.0, 9.0, 9.0, 9.0, 9.0, 9.0]
T = 0.018014398509482003	 step = 705
103.15000000000003
26.195303030303027
[6.0, 34.0, 31.0, 8.0, 7.0, 20.0, 24.0, 33.0]
[6.0, 17.0, 5.0, 21.0, 32.0, 33.0, 16.0, 32.0]
[9.0, 8.0, 9.0, 8.0, 9.0, 9.0, 9.0, 9.0]
[8.0, 9.0, 8.0, 9.0, 9.0, 9.0, 9.0, 9.0]
T = 0.018014398509482003	 step = 706
103.33000000000004
25.862736742424243
[7.0, 34.0, 31.0, 8.0, 7.0, 20.0, 24.0, 33.0]
[6.0, 17.0, 5.0, 21.0, 32.0, 33.0, 16.0, 32.0]
[9.0, 8.0, 9.0, 8.0, 9.0, 9.0, 9.0, 9.0]
[8.0, 9.0, 8.0, 9.0, 9.0, 9.0, 9.0, 9.0]
T = 0.018014398509482003	 step = 707
103.35000000000002
25.86273674242424
[7.0, 34.0, 31.0, 8.0, 7.0, 20.0, 24.0, 33.0]
[6.0, 17.0, 5.0, 20.0, 32.0, 33.0, 16.0, 32.0]
[9.0, 8.0, 9.0, 8.0, 9.0, 9.0, 9.0, 9.0]
[8.0, 9.0, 8.0, 9.0, 9.0, 9.0, 9.0, 9.0]
T = 0.018014398509482003	 step = 708
103.33000000000004
25.908967803030304
[7.0, 34.0, 31.0, 8.0, 6.0, 20.0, 24.0, 33.0]
[6.0, 17.0, 5.0, 20.0, 32.0, 33.0, 16.0, 32.0]
[9.0, 8.0, 9.0, 8.0, 9.0, 9.0, 9.0, 9.0]
[8.0, 9.0, 8.0, 9.0, 9.0, 9.0, 9.0, 9.0]
T = 0.018014398509482003	 step = 709
103.70000000000005
25.575634469696965
[7.0, 34.0, 30.0, 8.0, 6.0, 20.0, 24.0, 33.0]
[6.0, 17.0, 5.0, 20.0, 32.0, 33.0, 16.0, 32.0]
[9.0, 8.0, 9.0, 8.0, 9.0, 9.0, 9.0, 9.0]
[8.0, 9.0, 8.0, 9.0, 9.0, 9.0, 9.0, 9.0]
T = 0.018014398509482003	 step = 710
103.35000000000002
25.445937499999996
[7.0, 34.0, 31.0, 8.0, 6.0, 20.0, 18.0, 33.0]
[6.0, 17.0, 5.0, 20.0, 32.0, 33.0, 6.0, 32.0]
[9.0, 8.0, 9.0, 8.0, 9.0, 9.0, 9.0, 9.0]
[8.0, 9.0, 8.0, 9.0, 9.0, 9.0, 9.0, 9.0]
T = 0.018014398509482003	 step = 711
112.03000000000003
23.686666666666664
[25.0, 34.0, 31.0, 8.0, 6.0, 20.0, 18.0, 33.0]
[19.0, 17.0, 5.0, 20.0, 32.0, 33.0, 6.0, 32.0]
[8.0, 8.0, 9.0, 8.0, 9.0, 9.0, 9.0, 9.0]
[9.0, 9.0, 8.0, 9.0, 9.0, 9.0, 9.0, 9.0]
T = 0.018014398509482003	 step = 712
103.40000000000003
25.630075757575757
[7.0, 34.0, 31.0, 8.0, 6.0, 20.0, 18.0, 33.0]
[5.0, 17.0, 5.0, 20.0, 32.0, 33.0, 6.0, 32.0]
[9.0, 8.0, 9.0, 8.0, 9.0, 9.0, 9.0, 9.0]
[8.0, 9.0, 8.0, 9.0, 9.0, 9.0, 9.0, 9.0]
T = 0.018014398509482003	 step = 713
103.43
25.463409090909092
[7.0, 34.0, 31.0, 8.0, 6.0, 20.0, 18.0, 33.0]
[5.0, 17.0, 5.0, 20.0, 32.0, 32.0, 6.0, 32.0]
[9.0, 8.0, 9.0, 8.0, 9.0, 9.0, 9.0, 9.0]
[8.0, 9.0, 8.0, 9.0, 9.0, 9.0, 9.0, 9.0]
T = 0.018014398509482003	 step = 714
103.43
25.296742424242424
[7.0, 34.0, 31.0, 8.0, 6.0, 20.0, 18.0, 32.0]
[5.0, 17.0, 5.0, 20.0, 32.0, 32.0, 6.0, 32.0]
[9.0, 8.0, 9.0, 8.0, 9.0, 9.0, 9.0, 9.0]
[8.0, 9.0, 8.0, 9.0, 9.0, 9.0, 9.0, 9.0]
T = 0.018014398509482003	 step = 715
103.33000000000004
25.296742424242424
[7.0, 34.0, 31.0, 8.0, 6.0, 20.0, 18.0, 32.0]
[5.0, 17.0, 5.0, 21.0, 32.0, 32.0, 6.0, 32.0]
[9.0, 8.0, 9.0, 8.0, 9.0, 9.0, 9.0, 9.0]
[8.0, 9.0, 8.0, 9.0, 9.0, 9.0, 9.0, 9.0]
T = 0.018014398509482003	 step = 716
103.35000000000002
25.267376893939392
[7.0, 34.0, 31.0, 8.0, 7.0, 20.0, 18.0, 32.0]
[5.0, 17.0, 5.0, 21.0, 32.0, 32.0, 6.0, 32.0]
[9.0, 8.0, 9.0, 8.0, 9.0, 9.0, 9.0, 9.0]
[8.0, 9.0, 8.0, 9.0, 9.0, 9.0, 9.0, 9.0]
T = 0.018014398509482003	 step = 717
103.35000000000002
25.43404356060606
[7.0, 34.0, 31.0, 8.0, 7.0, 20.0, 18.0, 33.0]
[5.0, 17.0, 5.0, 21.0, 32.0, 32.0, 6.0, 32.0]
[9.0, 8.0, 9.0, 8.0, 9.0, 9.0, 9.0, 9.0]
[8.0, 9.0, 8.0, 9.0, 9.0, 9.0, 9.0, 9.0]
T = 0.018014398509482003	 step = 718
103.5
25.100710227272724
[7.0, 34.0, 31.0, 9.0, 7.0, 20.0, 18.0, 33.0]
[5.0, 17.0, 5.0, 21.0, 32.0, 32.0, 6.0, 32.0]
[9.0, 8.0, 9.0, 8.0, 9.0, 9.0, 9.0, 9.0]
[8.0, 9.0, 8.0, 9.0, 9.0, 9.0, 9.0, 9.0]
T = 0.018014398509482003	 step = 719
103.26000000000005
25.433276515151512
[6.0, 34.0, 31.0, 9.0, 7.0, 20.0, 18.0, 33.0]
[5.0, 17.0, 5.0, 21.0, 32.0, 32.0, 6.0, 32.0]
[9.0, 8.0, 9.0, 8.0, 9.0, 9.0, 9.0, 9.0]
[8.0, 9.0, 8.0, 9.0, 9.0, 9.0, 9.0, 9.0]
T = 0.018014398509482003	 step = 720
103.36000000000001
25.433276515151512
[6.0, 34.0, 31.0, 9.0, 7.0, 20.0, 18.0, 33.0]
[5.0, 17.0, 5.0, 20.0, 32.0, 32.0, 6.0, 32.0]
[9.0, 8.0, 9.0, 8.0, 9.0, 9.0, 9.0, 9.0]
[8.0, 9.0, 8.0, 9.0, 9.0, 9.0, 9.0, 9.0]
T = 0.018014398509482003	 step = 721
103.25
25.59994318181818
[6.0, 34.0, 31.0, 9.0, 7.0, 19.0, 18.0, 33.0]
[5.0, 17.0, 5.0, 21.0, 32.0, 32.0, 6.0, 32.0]
[9.0, 8.0, 9.0, 8.0, 9.0, 9.0, 9.0, 9.0]
[8.0, 9.0, 8.0, 9.0, 9.0, 9.0, 9.0, 9.0]
T = 0.018014398509482003	 step = 722
103.24000000000001
25.766609848484848
[6.0, 34.0, 31.0, 9.0, 7.0, 18.0, 18.0, 33.0]
[5.0, 17.0, 5.0, 21.0, 32.0, 32.0, 6.0, 32.0]
[9.0, 8.0, 9.0, 8.0, 9.0, 9.0, 9.0, 9.0]
[8.0, 9.0, 8.0, 9.0, 9.0, 9.0, 9.0, 9.0]
T = 0.018014398509482003	 step = 723
103.09000000000003
25.933276515151512
[6.0, 34.0, 31.0, 8.0, 7.0, 19.0, 18.0, 33.0]
[5.0, 17.0, 5.0, 21.0, 32.0, 32.0, 6.0, 32.0]
[9.0, 8.0, 9.0, 8.0, 9.0, 9.0, 9.0, 9.0]
[8.0, 9.0, 8.0, 9.0, 9.0, 9.0, 9.0, 9.0]
T = 0.018014398509482003	 step = 724
103.19
25.933276515151512
[6.0, 34.0, 31.0, 8.0, 7.0, 19.0, 18.0, 33.0]
[5.0, 17.0, 5.0, 20.0, 32.0, 32.0, 6.0, 32.0]
[9.0, 8.0, 9.0, 8.0, 9.0, 9.0, 9.0, 9.0]
[8.0, 9.0, 8.0, 9.0, 9.0, 9.0, 9.0, 9.0]
T = 0.018014398509482003	 step = 725
106.5
23.330530303030304
[6.0, 26.0, 31.0, 8.0, 7.0, 19.0, 18.0, 33.0]
[5.0, 17.0, 5.0, 21.0, 32.0, 32.0, 6.0, 32.0]
[9.0, 9.0, 9.0, 8.0, 9.0, 9.0, 9.0, 9.0]
[8.0, 8.0, 8.0, 9.0, 9.0, 9.0, 9.0, 9.0]
T = 0.018014398509482003	 step = 726
102.89000000000004
26.266609848484848
[6.0, 34.0, 32.0, 8.0, 7.0, 19.0, 18.0, 33.0]
[5.0, 17.0, 5.0, 21.0, 32.0, 32.0, 6.0, 32.0]
[9.0, 8.0, 9.0, 8.0, 9.0, 9.0, 9.0, 9.0]
[8.0, 9.0, 8.0, 9.0, 9.0, 9.0, 9.0, 9.0]
T = 0.018014398509482003	 step = 727
103.12
25.93404356060606
[7.0, 34.0, 32.0, 8.0, 7.0, 19.0, 18.0, 33.0]
[5.0, 17.0, 5.0, 21.0, 32.0, 32.0, 6.0, 32.0]
[9.0, 8.0, 9.0, 8.0, 9.0, 9.0, 9.0, 9.0]
[8.0, 9.0, 8.0, 9.0, 9.0, 9.0, 9.0, 9.0]
T = 0.018014398509482003	 step = 728
103.09000000000003
26.100710227272724
[7.0, 34.0, 32.0, 8.0, 7.0, 19.0, 18.0, 33.0]
[5.0, 17.0, 5.0, 21.0, 32.0, 32.0, 6.0, 33.0]
[9.0, 8.0, 9.0, 8.0, 9.0, 9.0, 9.0, 9.0]
[8.0, 9.0, 8.0, 9.0, 9.0, 9.0, 9.0, 9.0]
T = 0.018014398509482003	 step = 729
103.14000000000004
25.93404356060606
[7.0, 34.0, 32.0, 8.0, 7.0, 19.0, 19.0, 33.0]
[5.0, 17.0, 5.0, 21.0, 32.0, 32.0, 6.0, 33.0]
[9.0, 8.0, 9.0, 8.0, 9.0, 9.0, 9.0, 9.0]
[8.0, 9.0, 8.0, 9.0, 9.0, 9.0, 9.0, 9.0]
T = 0.018014398509482003	 step = 730
103.36000000000001
25.600710227272724
[7.0, 34.0, 31.0, 8.0, 7.0, 19.0, 19.0, 33.0]
[5.0, 17.0, 5.0, 21.0, 32.0, 32.0, 6.0, 33.0]
[9.0, 8.0, 9.0, 8.0, 9.0, 9.0, 9.0, 9.0]
[8.0, 9.0, 8.0, 9.0, 9.0, 9.0, 9.0, 9.0]
T = 0.018014398509482003	 step = 731
103.34000000000003
25.767376893939392
[7.0, 34.0, 31.0, 8.0, 7.0, 19.0, 19.0, 33.0]
[5.0, 17.0, 5.0, 21.0, 32.0, 33.0, 6.0, 33.0]
[9.0, 8.0, 9.0, 8.0, 9.0, 9.0, 9.0, 9.0]
[8.0, 9.0, 8.0, 9.0, 9.0, 9.0, 9.0, 9.0]
T = 0.018014398509482003	 step = 732
103.19
26.100710227272724
[7.0, 34.0, 31.0, 7.0, 7.0, 19.0, 19.0, 33.0]
[5.0, 17.0, 5.0, 21.0, 32.0, 33.0, 6.0, 33.0]
[9.0, 8.0, 9.0, 8.0, 9.0, 9.0, 9.0, 9.0]
[8.0, 9.0, 8.0, 9.0, 9.0, 9.0, 9.0, 9.0]
T = 0.018014398509482003	 step = 733
103.25
25.93404356060606
[7.0, 34.0, 31.0, 7.0, 7.0, 19.0, 20.0, 33.0]
[5.0, 17.0, 5.0, 21.0, 32.0, 33.0, 6.0, 33.0]
[9.0, 8.0, 9.0, 8.0, 9.0, 9.0, 9.0, 9.0]
[8.0, 9.0, 8.0, 9.0, 9.0, 9.0, 9.0, 9.0]
T = 0.018014398509482003	 step = 734
103.03000000000003
26.267376893939392
[7.0, 34.0, 32.0, 7.0, 7.0, 19.0, 20.0, 33.0]
[5.0, 17.0, 5.0, 21.0, 32.0, 33.0, 6.0, 33.0]
[9.0, 8.0, 9.0, 8.0, 9.0, 9.0, 9.0, 9.0]
[8.0, 9.0, 8.0, 9.0, 9.0, 9.0, 9.0, 9.0]
T = 0.018014398509482003	 step = 735
102.80000000000001
26.59994318181818
[6.0, 34.0, 32.0, 7.0, 7.0, 19.0, 20.0, 33.0]
[5.0, 17.0, 5.0, 21.0, 32.0, 33.0, 6.0, 33.0]
[9.0, 8.0, 9.0, 8.0, 9.0, 9.0, 9.0, 9.0]
[8.0, 9.0, 8.0, 9.0, 9.0, 9.0, 9.0, 9.0]
T = 0.018014398509482003	 step = 736
102.79000000000002
26.766609848484848
[6.0, 34.0, 32.0, 7.0, 7.0, 19.0, 20.0, 33.0]
[5.0, 17.0, 5.0, 21.0, 33.0, 33.0, 6.0, 33.0]
[9.0, 8.0, 9.0, 8.0, 9.0, 9.0, 9.0, 9.0]
[8.0, 9.0, 8.0, 9.0, 9.0, 9.0, 9.0, 9.0]
T = 0.018014398509482003	 step = 737
102.79000000000002
26.59994318181818
[6.0, 34.0, 32.0, 7.0, 7.0, 19.0, 20.0, 32.0]
[5.0, 17.0, 5.0, 21.0, 33.0, 33.0, 6.0, 33.0]
[9.0, 8.0, 9.0, 8.0, 9.0, 9.0, 9.0, 9.0]
[8.0, 9.0, 8.0, 9.0, 9.0, 9.0, 9.0, 9.0]
T = 0.018014398509482003	 step = 738
102.79000000000002
26.766609848484848
[6.0, 34.0, 32.0, 7.0, 8.0, 19.0, 20.0, 32.0]
[5.0, 17.0, 5.0, 21.0, 33.0, 33.0, 6.0, 33.0]
[9.0, 8.0, 9.0, 8.0, 9.0, 9.0, 9.0, 9.0]
[8.0, 9.0, 8.0, 9.0, 9.0, 9.0, 9.0, 9.0]
T = 0.018014398509482003	 step = 739
103.02000000000004
26.267376893939392
[7.0, 34.0, 32.0, 7.0, 7.0, 19.0, 20.0, 32.0]
[5.0, 17.0, 5.0, 21.0, 33.0, 33.0, 6.0, 33.0]
[9.0, 8.0, 9.0, 8.0, 9.0, 9.0, 9.0, 9.0]
[8.0, 9.0, 8.0, 9.0, 9.0, 9.0, 9.0, 9.0]
T = 0.018014398509482003	 step = 740
102.87
26.600710227272724
[7.0, 34.0, 32.0, 6.0, 7.0, 19.0, 20.0, 32.0]
[5.0, 17.0, 5.0, 21.0, 33.0, 33.0, 6.0, 33.0]
[9.0, 8.0, 9.0, 8.0, 9.0, 9.0, 9.0, 9.0]
[8.0, 9.0, 8.0, 9.0, 9.0, 9.0, 9.0, 9.0]
T = 0.018014398509482003	 step = 741
102.87
26.767376893939392
[7.0, 34.0, 32.0, 6.0, 7.0, 19.0, 20.0, 33.0]
[5.0, 17.0, 5.0, 21.0, 33.0, 33.0, 6.0, 33.0]
[9.0, 8.0, 9.0, 8.0, 9.0, 9.0, 9.0, 9.0]
[8.0, 9.0, 8.0, 9.0, 9.0, 9.0, 9.0, 9.0]
T = 0.018014398509482003	 step = 742
102.86000000000001
26.796742424242424
[7.0, 34.0, 32.0, 6.0, 6.0, 19.0, 20.0, 33.0]
[5.0, 17.0, 5.0, 21.0, 33.0, 33.0, 6.0, 33.0]
[9.0, 8.0, 9.0, 8.0, 9.0, 9.0, 9.0, 9.0]
[8.0, 9.0, 8.0, 9.0, 9.0, 9.0, 9.0, 9.0]
T = 0.014411518807585602	 step = 743
103.07000000000005
26.463409090909092
[7.0, 34.0, 31.0, 6.0, 6.0, 19.0, 20.0, 33.0]
[5.0, 17.0, 5.0, 21.0, 33.0, 33.0, 6.0, 33.0]
[9.0, 8.0, 9.0, 8.0, 9.0, 9.0, 9.0, 9.0]
[8.0, 9.0, 8.0, 9.0, 9.0, 9.0, 9.0, 9.0]
T = 0.014411518807585602	 step = 744
103.05000000000001
26.62155303030303
[8.0, 34.0, 32.0, 6.0, 6.0, 19.0, 20.0, 33.0]
[5.0, 17.0, 5.0, 21.0, 33.0, 33.0, 6.0, 33.0]
[9.0, 8.0, 9.0, 8.0, 9.0, 9.0, 9.0, 9.0]
[8.0, 9.0, 8.0, 9.0, 9.0, 9.0, 9.0, 9.0]
T = 0.014411518807585602	 step = 745
103.07000000000005
26.463409090909092
[7.0, 34.0, 31.0, 6.0, 6.0, 19.0, 20.0, 33.0]
[5.0, 17.0, 5.0, 21.0, 33.0, 33.0, 6.0, 33.0]
[9.0, 8.0, 9.0, 8.0, 9.0, 9.0, 9.0, 9.0]
[8.0, 9.0, 8.0, 9.0, 9.0, 9.0, 9.0, 9.0]
T = 0.014411518807585602	 step = 746
103.08000000000004
26.578522727272727
[7.0, 34.0, 31.0, 6.0, 6.0, 19.0, 20.0, 33.0]
[5.0, 17.0, 5.0, 21.0, 33.0, 33.0, 7.0, 33.0]
[9.0, 8.0, 9.0, 8.0, 9.0, 9.0, 9.0, 9.0]
[8.0, 9.0, 8.0, 9.0, 9.0, 9.0, 9.0, 9.0]
T = 0.014411518807585602	 step = 747
103.28000000000003
26.43594696969697
[8.0, 34.0, 31.0, 6.0, 6.0, 19.0, 20.0, 33.0]
[5.0, 17.0, 5.0, 21.0, 33.0, 33.0, 7.0, 33.0]
[9.0, 8.0, 9.0, 8.0, 9.0, 9.0, 9.0, 9.0]
[8.0, 9.0, 8.0, 9.0, 9.0, 9.0, 9.0, 9.0]
T = 0.014411518807585602	 step = 748
103.51000000000005
26.260757575757577
[9.0, 34.0, 31.0, 6.0, 6.0, 19.0, 20.0, 33.0]
[5.0, 17.0, 5.0, 21.0, 33.0, 33.0, 7.0, 33.0]
[9.0, 8.0, 9.0, 8.0, 9.0, 9.0, 9.0, 9.0]
[8.0, 9.0, 8.0, 9.0, 9.0, 9.0, 9.0, 9.0]
T = 0.014411518807585602	 step = 749
103.51000000000005
26.09409090909091
[9.0, 34.0, 31.0, 6.0, 6.0, 19.0, 20.0, 32.0]
[5.0, 17.0, 5.0, 21.0, 33.0, 33.0, 7.0, 33.0]
[9.0, 8.0, 9.0, 8.0, 9.0, 9.0, 9.0, 9.0]
[8.0, 9.0, 8.0, 9.0, 9.0, 9.0, 9.0, 9.0]
T = 0.014411518807585602	 step = 750
103.66000000000003
25.760757575757577
[9.0, 33.0, 31.0, 6.0, 6.0, 19.0, 20.0, 32.0]
[5.0, 17.0, 5.0, 21.0, 33.0, 33.0, 7.0, 33.0]
[9.0, 8.0, 9.0, 8.0, 9.0, 9.0, 9.0, 9.0]
[8.0, 9.0, 8.0, 9.0, 9.0, 9.0, 9.0, 9.0]
T = 0.014411518807585602	 step = 751
103.68
25.769280303030303
[9.0, 33.0, 31.0, 6.0, 7.0, 19.0, 20.0, 32.0]
[5.0, 17.0, 5.0, 21.0, 33.0, 33.0, 7.0, 33.0]
[9.0, 8.0, 9.0, 8.0, 9.0, 9.0, 9.0, 9.0]
[8.0, 9.0, 8.0, 9.0, 9.0, 9.0, 9.0, 9.0]
T = 0.014411518807585602	 step = 752
103.21000000000004
25.602613636363635
[9.0, 33.0, 31.0, 6.0, 7.0, 19.0, 20.0, 32.0]
[5.0, 18.0, 5.0, 21.0, 33.0, 33.0, 7.0, 33.0]
[9.0, 8.0, 9.0, 8.0, 9.0, 9.0, 9.0, 9.0]
[8.0, 9.0, 8.0, 9.0, 9.0, 9.0, 9.0, 9.0]
T = 0.014411518807585602	 step = 753
103.98000000000002
25.454886363636366
[9.0, 33.0, 31.0, 6.0, 7.0, 19.0, 20.0, 32.0]
[5.0, 18.0, 6.0, 21.0, 33.0, 33.0, 7.0, 33.0]
[9.0, 8.0, 9.0, 8.0, 9.0, 9.0, 9.0, 9.0]
[8.0, 9.0, 8.0, 9.0, 9.0, 9.0, 9.0, 9.0]
T = 0.014411518807585602	 step = 754
103.01000000000005
25.93594696969697
[9.0, 33.0, 32.0, 6.0, 7.0, 19.0, 20.0, 32.0]
[5.0, 18.0, 5.0, 21.0, 33.0, 33.0, 7.0, 33.0]
[9.0, 8.0, 9.0, 8.0, 9.0, 9.0, 9.0, 9.0]
[8.0, 9.0, 8.0, 9.0, 9.0, 9.0, 9.0, 9.0]
T = 0.014411518807585602	 step = 755
102.99000000000001
25.769280303030303
[9.0, 33.0, 32.0, 6.0, 7.0, 19.0, 20.0, 31.0]
[5.0, 18.0, 5.0, 21.0, 33.0, 33.0, 7.0, 33.0]
[9.0, 8.0, 9.0, 8.0, 9.0, 9.0, 9.0, 9.0]
[8.0, 9.0, 8.0, 9.0, 9.0, 9.0, 9.0, 9.0]
T = 0.014411518807585602	 step = 756
103.02000000000004
25.884393939393938
[9.0, 33.0, 32.0, 6.0, 7.0, 19.0, 20.0, 31.0]
[5.0, 18.0, 5.0, 21.0, 33.0, 33.0, 8.0, 33.0]
[9.0, 8.0, 9.0, 8.0, 9.0, 9.0, 9.0, 9.0]
[8.0, 9.0, 8.0, 9.0, 9.0, 9.0, 9.0, 9.0]
T = 0.014411518807585602	 step = 757
103.03000000000003
25.847698863636364
[9.0, 33.0, 32.0, 6.0, 8.0, 19.0, 20.0, 31.0]
[5.0, 18.0, 5.0, 21.0, 33.0, 33.0, 8.0, 33.0]
[9.0, 8.0, 9.0, 8.0, 9.0, 9.0, 9.0, 9.0]
[8.0, 9.0, 8.0, 9.0, 9.0, 9.0, 9.0, 9.0]
T = 0.014411518807585602	 step = 758
103.41000000000003
26.014365530303028
[9.0, 33.0, 32.0, 6.0, 8.0, 19.0, 20.0, 31.0]
[5.0, 17.0, 5.0, 21.0, 33.0, 33.0, 8.0, 33.0]
[9.0, 8.0, 9.0, 8.0, 9.0, 9.0, 9.0, 9.0]
[8.0, 9.0, 8.0, 9.0, 9.0, 9.0, 9.0, 9.0]
T = 0.014411518807585602	 step = 759
103.02000000000004
25.681032196969696
[9.0, 33.0, 32.0, 6.0, 8.0, 19.0, 20.0, 30.0]
[5.0, 18.0, 5.0, 21.0, 33.0, 33.0, 8.0, 33.0]
[9.0, 8.0, 9.0, 8.0, 9.0, 9.0, 9.0, 9.0]
[8.0, 9.0, 8.0, 9.0, 9.0, 9.0, 9.0, 9.0]
T = 0.014411518807585602	 step = 760
102.87
25.801467803030302
[8.0, 33.0, 32.0, 6.0, 8.0, 19.0, 20.0, 30.0]
[5.0, 18.0, 5.0, 21.0, 33.0, 33.0, 8.0, 33.0]
[9.0, 8.0, 9.0, 8.0, 9.0, 9.0, 9.0, 9.0]
[8.0, 9.0, 8.0, 9.0, 9.0, 9.0, 9.0, 9.0]
T = 0.014411518807585602	 step = 761
102.85000000000002
25.847698863636364
[8.0, 33.0, 32.0, 6.0, 7.0, 19.0, 20.0, 30.0]
[5.0, 18.0, 5.0, 21.0, 33.0, 33.0, 8.0, 33.0]
[9.0, 8.0, 9.0, 8.0, 9.0, 9.0, 9.0, 9.0]
[8.0, 9.0, 8.0, 9.0, 9.0, 9.0, 9.0, 9.0]
T = 0.014411518807585602	 step = 762
102.95000000000005
27.9089678030303
[8.0, 33.0, 32.0, 6.0, 7.0, 19.0, 18.0, 30.0]
[5.0, 18.0, 5.0, 21.0, 33.0, 33.0, 19.0, 33.0]
[9.0, 8.0, 9.0, 8.0, 9.0, 9.0, 9.0, 9.0]
[8.0, 9.0, 8.0, 9.0, 9.0, 9.0, 9.0, 9.0]
T = 0.014411518807585602	 step = 763
103.23000000000002
26.014365530303028
[8.0, 33.0, 32.0, 6.0, 7.0, 19.0, 20.0, 30.0]
[5.0, 17.0, 5.0, 21.0, 33.0, 33.0, 8.0, 33.0]
[9.0, 8.0, 9.0, 8.0, 9.0, 9.0, 9.0, 9.0]
[8.0, 9.0, 8.0, 9.0, 9.0, 9.0, 9.0, 9.0]
T = 0.014411518807585602	 step = 764
102.83000000000004
26.014365530303028
[8.0, 33.0, 32.0, 6.0, 7.0, 18.0, 20.0, 30.0]
[5.0, 18.0, 5.0, 21.0, 33.0, 33.0, 8.0, 33.0]
[9.0, 8.0, 9.0, 8.0, 9.0, 9.0, 9.0, 9.0]
[8.0, 9.0, 8.0, 9.0, 9.0, 9.0, 9.0, 9.0]
T = 0.014411518807585602	 step = 765
102.90000000000003
25.847698863636364
[8.0, 33.0, 32.0, 6.0, 7.0, 18.0, 20.0, 30.0]
[5.0, 18.0, 5.0, 21.0, 33.0, 33.0, 8.0, 32.0]
[9.0, 8.0, 9.0, 8.0, 9.0, 9.0, 9.0, 9.0]
[8.0, 9.0, 8.0, 9.0, 9.0, 9.0, 9.0, 9.0]
T = 0.014411518807585602	 step = 766
110.17000000000002
23.85333333333333
[20.0, 33.0, 32.0, 6.0, 7.0, 18.0, 20.0, 30.0]
[19.0, 18.0, 5.0, 21.0, 33.0, 33.0, 8.0, 32.0]
[8.0, 8.0, 9.0, 8.0, 9.0, 9.0, 9.0, 9.0]
[9.0, 9.0, 8.0, 9.0, 9.0, 9.0, 9.0, 9.0]
T = 0.014411518807585602	 step = 767
103.06
25.71772727272727
[9.0, 33.0, 32.0, 6.0, 7.0, 18.0, 20.0, 30.0]
[5.0, 18.0, 5.0, 21.0, 33.0, 33.0, 8.0, 32.0]
[9.0, 8.0, 9.0, 8.0, 9.0, 9.0, 9.0, 9.0]
[8.0, 9.0, 8.0, 9.0, 9.0, 9.0, 9.0, 9.0]
T = 0.014411518807585602	 step = 768
103.10000000000002
25.551060606060606
[9.0, 33.0, 32.0, 6.0, 7.0, 18.0, 21.0, 30.0]
[5.0, 18.0, 5.0, 21.0, 33.0, 33.0, 8.0, 32.0]
[9.0, 8.0, 9.0, 8.0, 9.0, 9.0, 9.0, 9.0]
[8.0, 9.0, 8.0, 9.0, 9.0, 9.0, 9.0, 9.0]
T = 0.014411518807585602	 step = 769
103.12
25.384393939393938
[9.0, 33.0, 32.0, 6.0, 7.0, 18.0, 21.0, 30.0]
[5.0, 18.0, 5.0, 21.0, 32.0, 33.0, 8.0, 32.0]
[9.0, 8.0, 9.0, 8.0, 9.0, 9.0, 9.0, 9.0]
[8.0, 9.0, 8.0, 9.0, 9.0, 9.0, 9.0, 9.0]
T = 0.014411518807585602	 step = 770
103.07000000000005
25.551060606060606
[9.0, 33.0, 32.0, 6.0, 7.0, 18.0, 20.0, 30.0]
[5.0, 18.0, 5.0, 21.0, 32.0, 33.0, 8.0, 32.0]
[9.0, 8.0, 9.0, 8.0, 9.0, 9.0, 9.0, 9.0]
[8.0, 9.0, 8.0, 9.0, 9.0, 9.0, 9.0, 9.0]
T = 0.014411518807585602	 step = 771
103.15000000000003
25.384393939393938
[9.0, 33.0, 32.0, 6.0, 7.0, 18.0, 20.0, 30.0]
[6.0, 18.0, 5.0, 21.0, 32.0, 33.0, 8.0, 32.0]
[9.0, 8.0, 9.0, 8.0, 9.0, 9.0, 9.0, 9.0]
[8.0, 9.0, 8.0, 9.0, 9.0, 9.0, 9.0, 9.0]
T = 0.014411518807585602	 step = 772
103.31
25.384393939393938
[9.0, 33.0, 32.0, 6.0, 7.0, 18.0, 20.0, 30.0]
[6.0, 18.0, 5.0, 20.0, 32.0, 33.0, 8.0, 32.0]
[9.0, 8.0, 9.0, 8.0, 9.0, 9.0, 9.0, 9.0]
[8.0, 9.0, 8.0, 9.0, 9.0, 9.0, 9.0, 9.0]
T = 0.014411518807585602	 step = 773
103.31
25.384393939393938
[9.0, 33.0, 32.0, 6.0, 7.0, 18.0, 20.0, 30.0]
[6.0, 18.0, 5.0, 20.0, 32.0, 33.0, 8.0, 32.0]
[9.0, 8.0, 9.0, 8.0, 9.0, 9.0, 9.0, 9.0]
[8.0, 9.0, 8.0, 9.0, 9.0, 9.0, 9.0, 9.0]
T = 0.014411518807585602	 step = 774
103.19
25.21772727272727
[9.0, 33.0, 32.0, 6.0, 7.0, 18.0, 20.0, 30.0]
[6.0, 18.0, 5.0, 21.0, 32.0, 32.0, 8.0, 32.0]
[9.0, 8.0, 9.0, 8.0, 9.0, 9.0, 9.0, 9.0]
[8.0, 9.0, 8.0, 9.0, 9.0, 9.0, 9.0, 9.0]
T = 0.014411518807585602	 step = 775
103.70000000000005
24.884393939393938
[9.0, 32.0, 32.0, 6.0, 7.0, 18.0, 20.0, 30.0]
[6.0, 18.0, 5.0, 21.0, 32.0, 32.0, 8.0, 32.0]
[9.0, 8.0, 9.0, 8.0, 9.0, 9.0, 9.0, 9.0]
[8.0, 9.0, 8.0, 9.0, 9.0, 9.0, 9.0, 9.0]
T = 0.014411518807585602	 step = 776
103.18
25.051060606060606
[9.0, 33.0, 32.0, 6.0, 7.0, 18.0, 20.0, 29.0]
[6.0, 18.0, 5.0, 21.0, 32.0, 32.0, 8.0, 32.0]
[9.0, 8.0, 9.0, 8.0, 9.0, 9.0, 9.0, 9.0]
[8.0, 9.0, 8.0, 9.0, 9.0, 9.0, 9.0, 9.0]
T = 0.014411518807585602	 step = 777
103.22000000000003
24.884393939393938
[9.0, 33.0, 32.0, 6.0, 7.0, 18.0, 21.0, 29.0]
[6.0, 18.0, 5.0, 21.0, 32.0, 32.0, 8.0, 32.0]
[9.0, 8.0, 9.0, 8.0, 9.0, 9.0, 9.0, 9.0]
[8.0, 9.0, 8.0, 9.0, 9.0, 9.0, 9.0, 9.0]
T = 0.014411518807585602	 step = 778
103.28000000000003
24.71772727272727
[9.0, 33.0, 32.0, 6.0, 7.0, 18.0, 21.0, 29.0]
[6.0, 18.0, 5.0, 21.0, 32.0, 32.0, 8.0, 31.0]
[9.0, 8.0, 9.0, 8.0, 9.0, 9.0, 9.0, 9.0]
[8.0, 9.0, 8.0, 9.0, 9.0, 9.0, 9.0, 9.0]
T = 0.014411518807585602	 step = 779
103.26000000000005
24.741818181818182
[9.0, 33.0, 32.0, 6.0, 6.0, 18.0, 21.0, 29.0]
[6.0, 18.0, 5.0, 21.0, 32.0, 32.0, 8.0, 31.0]
[9.0, 8.0, 9.0, 8.0, 9.0, 9.0, 9.0, 9.0]
[8.0, 9.0, 8.0, 9.0, 9.0, 9.0, 9.0, 9.0]
T = 0.014411518807585602	 step = 780
103.78000000000003
24.40848484848485
[9.0, 32.0, 32.0, 6.0, 6.0, 18.0, 21.0, 29.0]
[6.0, 18.0, 5.0, 21.0, 32.0, 32.0, 8.0, 31.0]
[9.0, 8.0, 9.0, 8.0, 9.0, 9.0, 9.0, 9.0]
[8.0, 9.0, 8.0, 9.0, 9.0, 9.0, 9.0, 9.0]
T = 0.014411518807585602	 step = 781
103.22000000000003
24.90848484848485
[9.0, 33.0, 32.0, 6.0, 6.0, 17.0, 21.0, 29.0]
[6.0, 18.0, 5.0, 21.0, 32.0, 32.0, 8.0, 31.0]
[9.0, 8.0, 9.0, 8.0, 9.0, 9.0, 9.0, 9.0]
[8.0, 9.0, 8.0, 9.0, 9.0, 9.0, 9.0, 9.0]
T = 0.011529215046068483	 step = 782
103.60000000000002
25.07515151515151
[9.0, 33.0, 32.0, 6.0, 6.0, 17.0, 21.0, 29.0]
[6.0, 17.0, 5.0, 21.0, 32.0, 32.0, 8.0, 31.0]
[9.0, 8.0, 9.0, 8.0, 9.0, 9.0, 9.0, 9.0]
[8.0, 9.0, 8.0, 9.0, 9.0, 9.0, 9.0, 9.0]
T = 0.011529215046068483	 step = 783
103.57000000000005
24.927424242424244
[9.0, 33.0, 32.0, 6.0, 6.0, 17.0, 21.0, 29.0]
[6.0, 17.0, 5.0, 21.0, 32.0, 32.0, 7.0, 31.0]
[9.0, 8.0, 9.0, 8.0, 9.0, 9.0, 9.0, 9.0]
[8.0, 9.0, 8.0, 9.0, 9.0, 9.0, 9.0, 9.0]
T = 0.011529215046068483	 step = 784
103.60000000000002
24.760757575757577
[9.0, 33.0, 32.0, 6.0, 6.0, 18.0, 21.0, 29.0]
[6.0, 17.0, 5.0, 21.0, 32.0, 32.0, 7.0, 31.0]
[9.0, 8.0, 9.0, 8.0, 9.0, 9.0, 9.0, 9.0]
[8.0, 9.0, 8.0, 9.0, 9.0, 9.0, 9.0, 9.0]
T = 0.011529215046068483	 step = 785
103.55000000000001
24.927424242424244
[9.0, 33.0, 32.0, 6.0, 6.0, 18.0, 20.0, 29.0]
[6.0, 17.0, 5.0, 21.0, 32.0, 32.0, 7.0, 31.0]
[9.0, 8.0, 9.0, 8.0, 9.0, 9.0, 9.0, 9.0]
[8.0, 9.0, 8.0, 9.0, 9.0, 9.0, 9.0, 9.0]
T = 0.011529215046068483	 step = 786
103.61000000000001
24.760757575757577
[9.0, 33.0, 32.0, 6.0, 6.0, 18.0, 20.0, 29.0]
[6.0, 17.0, 5.0, 21.0, 32.0, 32.0, 7.0, 30.0]
[9.0, 8.0, 9.0, 8.0, 9.0, 9.0, 9.0, 9.0]
[8.0, 9.0, 8.0, 9.0, 9.0, 9.0, 9.0, 9.0]
T = 0.011529215046068483	 step = 787
103.60000000000002
24.927424242424244
[9.0, 33.0, 32.0, 6.0, 6.0, 18.0, 20.0, 29.0]
[6.0, 17.0, 5.0, 21.0, 33.0, 32.0, 7.0, 30.0]
[9.0, 8.0, 9.0, 8.0, 9.0, 9.0, 9.0, 9.0]
[8.0, 9.0, 8.0, 9.0, 9.0, 9.0, 9.0, 9.0]
T = 0.011529215046068483	 step = 788
103.64000000000004
24.59409090909091
[9.0, 33.0, 32.0, 6.0, 6.0, 18.0, 20.0, 29.0]
[6.0, 17.0, 5.0, 21.0, 32.0, 31.0, 7.0, 30.0]
[9.0, 8.0, 9.0, 8.0, 9.0, 9.0, 9.0, 9.0]
[8.0, 9.0, 8.0, 9.0, 9.0, 9.0, 9.0, 9.0]
T = 0.011529215046068483	 step = 789
103.85000000000002
24.260757575757577
[9.0, 33.0, 32.0, 7.0, 6.0, 18.0, 20.0, 29.0]
[6.0, 17.0, 5.0, 21.0, 32.0, 31.0, 7.0, 30.0]
[9.0, 8.0, 9.0, 8.0, 9.0, 9.0, 9.0, 9.0]
[8.0, 9.0, 8.0, 9.0, 9.0, 9.0, 9.0, 9.0]
T = 0.011529215046068483	 step = 790
104.19
23.866988636363637
[9.0, 33.0, 32.0, 6.0, 18.0, 18.0, 20.0, 29.0]
[6.0, 17.0, 5.0, 21.0, 19.0, 31.0, 7.0, 30.0]
[9.0, 8.0, 9.0, 8.0, 9.0, 9.0, 9.0, 9.0]
[8.0, 9.0, 8.0, 9.0, 9.0, 9.0, 9.0, 9.0]
T = 0.011529215046068483	 step = 791
104.35000000000002
24.758626893939393
[9.0, 33.0, 32.0, 6.0, 6.0, 18.0, 20.0, 29.0]
[6.0, 16.0, 5.0, 21.0, 32.0, 31.0, 7.0, 30.0]
[9.0, 8.0, 9.0, 8.0, 9.0, 9.0, 9.0, 9.0]
[8.0, 9.0, 8.0, 9.0, 9.0, 9.0, 9.0, 9.0]
T = 0.011529215046068483	 step = 792
103.62
24.927424242424244
[9.0, 33.0, 33.0, 6.0, 6.0, 18.0, 20.0, 29.0]
[6.0, 17.0, 5.0, 21.0, 32.0, 31.0, 7.0, 30.0]
[9.0, 8.0, 9.0, 8.0, 9.0, 9.0, 9.0, 9.0]
[8.0, 9.0, 8.0, 9.0, 9.0, 9.0, 9.0, 9.0]
T = 0.011529215046068483	 step = 793
103.63
24.927424242424244
[9.0, 33.0, 33.0, 6.0, 6.0, 18.0, 20.0, 29.0]
[6.0, 17.0, 5.0, 20.0, 32.0, 31.0, 7.0, 30.0]
[9.0, 8.0, 9.0, 8.0, 9.0, 9.0, 9.0, 9.0]
[8.0, 9.0, 8.0, 9.0, 9.0, 9.0, 9.0, 9.0]
T = 0.011529215046068483	 step = 794
103.66000000000003
25.075151515151514
[9.0, 33.0, 33.0, 6.0, 6.0, 18.0, 20.0, 29.0]
[6.0, 17.0, 5.0, 20.0, 32.0, 31.0, 8.0, 30.0]
[9.0, 8.0, 9.0, 8.0, 9.0, 9.0, 9.0, 9.0]
[8.0, 9.0, 8.0, 9.0, 9.0, 9.0, 9.0, 9.0]
T = 0.011529215046068483	 step = 795
104.37
25.241818181818182
[9.0, 33.0, 33.0, 6.0, 6.0, 18.0, 20.0, 29.0]
[6.0, 16.0, 5.0, 20.0, 32.0, 31.0, 8.0, 30.0]
[9.0, 8.0, 9.0, 8.0, 9.0, 9.0, 9.0, 9.0]
[8.0, 9.0, 8.0, 9.0, 9.0, 9.0, 9.0, 9.0]
T = 0.011529215046068483	 step = 796
103.63
25.241818181818182
[9.0, 33.0, 33.0, 6.0, 6.0, 18.0, 20.0, 29.0]
[6.0, 17.0, 5.0, 20.0, 32.0, 32.0, 8.0, 30.0]
[9.0, 8.0, 9.0, 8.0, 9.0, 9.0, 9.0, 9.0]
[8.0, 9.0, 8.0, 9.0, 9.0, 9.0, 9.0, 9.0]
T = 0.011529215046068483	 step = 797
104.23000000000002
24.92742424242424
[9.0, 33.0, 33.0, 6.0, 6.0, 18.0, 20.0, 29.0]
[6.0, 17.0, 6.0, 20.0, 32.0, 32.0, 8.0, 30.0]
[9.0, 8.0, 9.0, 8.0, 9.0, 9.0, 9.0, 9.0]
[8.0, 9.0, 8.0, 9.0, 9.0, 9.0, 9.0, 9.0]
T = 0.011529215046068483	 step = 798
104.23000000000002
24.760757575757573
[9.0, 33.0, 33.0, 6.0, 6.0, 18.0, 20.0, 29.0]
[6.0, 17.0, 6.0, 20.0, 31.0, 32.0, 8.0, 30.0]
[9.0, 8.0, 9.0, 8.0, 9.0, 9.0, 9.0, 9.0]
[8.0, 9.0, 8.0, 9.0, 9.0, 9.0, 9.0, 9.0]
T = 0.011529215046068483	 step = 799
104.25
24.769280303030303
[9.0, 33.0, 33.0, 6.0, 7.0, 18.0, 20.0, 29.0]
[6.0, 17.0, 6.0, 20.0, 31.0, 32.0, 8.0, 30.0]
[9.0, 8.0, 9.0, 8.0, 9.0, 9.0, 9.0, 9.0]
[8.0, 9.0, 8.0, 9.0, 9.0, 9.0, 9.0, 9.0]
T = 0.011529215046068483	 step = 800
104.32000000000005
24.602613636363635
[9.0, 33.0, 33.0, 6.0, 7.0, 18.0, 20.0, 29.0]
[6.0, 17.0, 6.0, 20.0, 31.0, 32.0, 8.0, 29.0]
[9.0, 8.0, 9.0, 8.0, 9.0, 9.0, 9.0, 9.0]
[8.0, 9.0, 8.0, 9.0, 9.0, 9.0, 9.0, 9.0]
T = 0.011529215046068483	 step = 801
104.34000000000003
24.769280303030303
[9.0, 33.0, 33.0, 6.0, 7.0, 18.0, 20.0, 30.0]
[6.0, 17.0, 6.0, 20.0, 31.0, 32.0, 8.0, 29.0]
[9.0, 8.0, 9.0, 8.0, 9.0, 9.0, 9.0, 9.0]
[8.0, 9.0, 8.0, 9.0, 9.0, 9.0, 9.0, 9.0]
T = 0.011529215046068483	 step = 802
104.36000000000001
24.769280303030303
[9.0, 33.0, 33.0, 6.0, 7.0, 18.0, 20.0, 30.0]
[6.0, 17.0, 6.0, 19.0, 31.0, 32.0, 8.0, 29.0]
[9.0, 8.0, 9.0, 8.0, 9.0, 9.0, 9.0, 9.0]
[8.0, 9.0, 8.0, 9.0, 9.0, 9.0, 9.0, 9.0]
T = 0.011529215046068483	 step = 803
104.16000000000003
25.102613636363635
[9.0, 33.0, 33.0, 5.0, 7.0, 18.0, 20.0, 30.0]
[6.0, 17.0, 6.0, 19.0, 31.0, 32.0, 8.0, 29.0]
[9.0, 8.0, 9.0, 8.0, 9.0, 9.0, 9.0, 9.0]
[8.0, 9.0, 8.0, 9.0, 9.0, 9.0, 9.0, 9.0]
T = 0.011529215046068483	 step = 804
104.19
25.21772727272727
[9.0, 33.0, 33.0, 5.0, 7.0, 18.0, 20.0, 30.0]
[6.0, 17.0, 6.0, 19.0, 31.0, 32.0, 9.0, 29.0]
[9.0, 8.0, 9.0, 8.0, 9.0, 9.0, 9.0, 9.0]
[8.0, 9.0, 8.0, 9.0, 9.0, 9.0, 9.0, 9.0]
T = 0.011529215046068483	 step = 805
104.11000000000001
26.95631628787879
[9.0, 33.0, 33.0, 5.0, 7.0, 18.0, 16.0, 30.0]
[6.0, 17.0, 6.0, 19.0, 31.0, 32.0, 16.0, 29.0]
[9.0, 8.0, 9.0, 8.0, 9.0, 9.0, 9.0, 9.0]
[8.0, 9.0, 8.0, 9.0, 9.0, 9.0, 9.0, 9.0]
T = 0.011529215046068483	 step = 806
104.21000000000004
25.051060606060606
[9.0, 33.0, 33.0, 5.0, 7.0, 19.0, 20.0, 30.0]
[6.0, 17.0, 6.0, 19.0, 31.0, 32.0, 9.0, 29.0]
[9.0, 8.0, 9.0, 8.0, 9.0, 9.0, 9.0, 9.0]
[8.0, 9.0, 8.0, 9.0, 9.0, 9.0, 9.0, 9.0]
T = 0.011529215046068483	 step = 807
103.76000000000005
24.94831439393939
[9.0, 33.0, 33.0, 5.0, 7.0, 19.0, 20.0, 30.0]
[6.0, 18.0, 6.0, 19.0, 31.0, 32.0, 9.0, 29.0]
[9.0, 9.0, 9.0, 8.0, 9.0, 9.0, 9.0, 9.0]
[8.0, 8.0, 8.0, 9.0, 9.0, 9.0, 9.0, 9.0]
T = 0.011529215046068483	 step = 808
103.75
24.94831439393939
[9.0, 33.0, 33.0, 5.0, 7.0, 19.0, 20.0, 30.0]
[6.0, 18.0, 6.0, 20.0, 31.0, 32.0, 9.0, 29.0]
[9.0, 9.0, 9.0, 8.0, 9.0, 9.0, 9.0, 9.0]
[8.0, 8.0, 8.0, 9.0, 9.0, 9.0, 9.0, 9.0]
T = 0.011529215046068483	 step = 809
103.20000000000005
25.223882575757575
[9.0, 33.0, 33.0, 5.0, 7.0, 19.0, 20.0, 30.0]
[6.0, 18.0, 5.0, 20.0, 31.0, 32.0, 9.0, 29.0]
[9.0, 9.0, 9.0, 8.0, 9.0, 9.0, 9.0, 9.0]
[8.0, 8.0, 8.0, 9.0, 9.0, 9.0, 9.0, 9.0]
T = 0.011529215046068483	 step = 810
103.12
25.390549242424242
[9.0, 33.0, 33.0, 5.0, 7.0, 19.0, 20.0, 30.0]
[5.0, 18.0, 5.0, 20.0, 31.0, 32.0, 9.0, 29.0]
[9.0, 9.0, 9.0, 8.0, 9.0, 9.0, 9.0, 9.0]
[8.0, 8.0, 8.0, 9.0, 9.0, 9.0, 9.0, 9.0]
T = 0.011529215046068483	 step = 811
102.65000000000003
25.223882575757575
[9.0, 33.0, 33.0, 5.0, 7.0, 19.0, 20.0, 30.0]
[5.0, 19.0, 5.0, 20.0, 31.0, 32.0, 9.0, 29.0]
[9.0, 9.0, 9.0, 8.0, 9.0, 9.0, 9.0, 9.0]
[8.0, 8.0, 8.0, 9.0, 9.0, 9.0, 9.0, 9.0]
T = 0.011529215046068483	 step = 812
102.65000000000003
25.223882575757575
[9.0, 33.0, 33.0, 5.0, 7.0, 19.0, 20.0, 30.0]
[5.0, 19.0, 5.0, 20.0, 31.0, 32.0, 9.0, 29.0]
[9.0, 9.0, 9.0, 8.0, 9.0, 9.0, 9.0, 9.0]
[8.0, 8.0, 8.0, 9.0, 9.0, 9.0, 9.0, 9.0]
T = 0.011529215046068483	 step = 813
103.16000000000003
24.890549242424242
[9.0, 32.0, 33.0, 5.0, 7.0, 19.0, 20.0, 30.0]
[5.0, 19.0, 5.0, 20.0, 31.0, 32.0, 9.0, 29.0]
[9.0, 9.0, 9.0, 8.0, 9.0, 9.0, 9.0, 9.0]
[8.0, 8.0, 8.0, 9.0, 9.0, 9.0, 9.0, 9.0]
T = 0.011529215046068483	 step = 814
102.67000000000002
25.17866477272727
[9.0, 33.0, 33.0, 5.0, 8.0, 19.0, 20.0, 30.0]
[5.0, 19.0, 5.0, 20.0, 31.0, 32.0, 9.0, 29.0]
[9.0, 9.0, 9.0, 8.0, 9.0, 9.0, 9.0, 9.0]
[8.0, 8.0, 8.0, 9.0, 9.0, 9.0, 9.0, 9.0]
T = 0.011529215046068483	 step = 815
102.68
24.845331439393938
[9.0, 33.0, 32.0, 5.0, 8.0, 19.0, 20.0, 30.0]
[5.0, 19.0, 5.0, 20.0, 31.0, 32.0, 9.0, 29.0]
[9.0, 9.0, 9.0, 8.0, 9.0, 9.0, 9.0, 9.0]
[8.0, 8.0, 8.0, 9.0, 9.0, 9.0, 9.0, 9.0]
T = 0.011529215046068483	 step = 816
102.82000000000005
24.8495928030303
[9.0, 33.0, 32.0, 5.0, 8.0, 19.0, 20.0, 30.0]
[5.0, 19.0, 5.0, 19.0, 31.0, 32.0, 9.0, 29.0]
[9.0, 9.0, 9.0, 8.0, 9.0, 9.0, 9.0, 9.0]
[8.0, 8.0, 8.0, 9.0, 9.0, 9.0, 9.0, 9.0]
T = 0.011529215046068483	 step = 817
102.68
25.011998106060606
[9.0, 33.0, 32.0, 5.0, 8.0, 19.0, 20.0, 30.0]
[5.0, 19.0, 5.0, 20.0, 32.0, 32.0, 9.0, 29.0]
[9.0, 9.0, 9.0, 8.0, 9.0, 9.0, 9.0, 9.0]
[8.0, 8.0, 8.0, 9.0, 9.0, 9.0, 9.0, 9.0]
T = 0.011529215046068483	 step = 818
102.68
25.011998106060606
[9.0, 33.0, 32.0, 5.0, 8.0, 19.0, 20.0, 30.0]
[5.0, 19.0, 5.0, 20.0, 32.0, 32.0, 9.0, 29.0]
[9.0, 9.0, 9.0, 8.0, 9.0, 9.0, 9.0, 9.0]
[8.0, 8.0, 8.0, 9.0, 9.0, 9.0, 9.0, 9.0]
T = 0.011529215046068483	 step = 819
103.22000000000003
24.67866477272727
[9.0, 32.0, 32.0, 5.0, 8.0, 19.0, 20.0, 30.0]
[5.0, 19.0, 5.0, 20.0, 32.0, 32.0, 9.0, 29.0]
[9.0, 9.0, 9.0, 8.0, 9.0, 9.0, 9.0, 9.0]
[8.0, 8.0, 8.0, 9.0, 9.0, 9.0, 9.0, 9.0]
T = 0.011529215046068483	 step = 820
103.19
24.91161931818182
[9.0, 33.0, 32.0, 5.0, 8.0, 19.0, 20.0, 30.0]
[5.0, 19.0, 6.0, 20.0, 32.0, 32.0, 9.0, 29.0]
[9.0, 9.0, 9.0, 8.0, 9.0, 9.0, 9.0, 9.0]
[8.0, 8.0, 8.0, 9.0, 9.0, 9.0, 9.0, 9.0]
