T = 1.0	 step = 1
103.43
16.433603515625
[20.0, 4.0, 28.0, 12.0, 48.0, 36.0, 28.0, 44.0, 18.0, 34.0, 38.0, 18.0, 8.0, 22.0, 44.0, 8.0, 6.0, 6.0, 30.0, 42.0]
[25.0, 25.0, 15.0, 25.0, 3.0, 27.0, 23.0, 27.0, 35.0, 5.0, 17.0, 15.0, 47.0, 5.0, 37.0, 5.0, 35.0, 15.0, 37.0, 47.0]
[5.0, 5.0, 5.0, 5.0, 5.0, 5.0, 5.0, 5.0, 9.0, 9.0, 9.0, 9.0, 12.0, 12.0, 12.0, 12.0, 9.0, 9.0, 9.0, 9.0]
[5.0, 5.0, 5.0, 5.0, 5.0, 5.0, 5.0, 5.0, 9.0, 9.0, 9.0, 9.0, 8.0, 8.0, 8.0, 8.0, 9.0, 9.0, 9.0, 9.0]
T = 1.0	 step = 2
103.47000000000003
16.371103515625
[20.0, 4.0, 28.0, 12.0, 48.0, 36.0, 28.0, 44.0, 18.0, 34.0, 38.0, 18.0, 8.0, 22.0, 44.0, 9.0, 6.0, 6.0, 30.0, 42.0]
[25.0, 25.0, 15.0, 25.0, 3.0, 27.0, 23.0, 27.0, 35.0, 5.0, 17.0, 15.0, 47.0, 5.0, 37.0, 5.0, 35.0, 15.0, 37.0, 47.0]
[5.0, 5.0, 5.0, 5.0, 5.0, 5.0, 5.0, 5.0, 9.0, 9.0, 9.0, 9.0, 12.0, 12.0, 12.0, 12.0, 9.0, 9.0, 9.0, 9.0]
[5.0, 5.0, 5.0, 5.0, 5.0, 5.0, 5.0, 5.0, 9.0, 9.0, 9.0, 9.0, 8.0, 8.0, 8.0, 8.0, 9.0, 9.0, 9.0, 9.0]
T = 1.0	 step = 3
103.39000000000004
16.496103515625
[20.0, 4.0, 28.0, 12.0, 48.0, 36.0, 28.0, 44.0, 18.0, 34.0, 38.0, 18.0, 8.0, 21.0, 44.0, 8.0, 6.0, 6.0, 30.0, 42.0]
[25.0, 25.0, 15.0, 25.0, 3.0, 27.0, 23.0, 27.0, 35.0, 5.0, 17.0, 15.0, 47.0, 5.0, 37.0, 5.0, 35.0, 15.0, 37.0, 47.0]
[5.0, 5.0, 5.0, 5.0, 5.0, 5.0, 5.0, 5.0, 9.0, 9.0, 9.0, 9.0, 12.0, 12.0, 12.0, 12.0, 9.0, 9.0, 9.0, 9.0]
[5.0, 5.0, 5.0, 5.0, 5.0, 5.0, 5.0, 5.0, 9.0, 9.0, 9.0, 9.0, 8.0, 8.0, 8.0, 8.0, 9.0, 9.0, 9.0, 9.0]
T = 1.0	 step = 4
102.07000000000005
18.36881125710227
[25.0, 4.0, 28.0, 12.0, 48.0, 36.0, 28.0, 44.0, 18.0, 34.0, 38.0, 18.0, 8.0, 21.0, 44.0, 8.0, 6.0, 6.0, 30.0, 42.0]
[48.0, 25.0, 15.0, 25.0, 3.0, 27.0, 23.0, 27.0, 35.0, 5.0, 17.0, 15.0, 47.0, 5.0, 37.0, 5.0, 35.0, 15.0, 37.0, 47.0]
[5.0, 5.0, 5.0, 5.0, 5.0, 5.0, 5.0, 5.0, 9.0, 9.0, 9.0, 9.0, 12.0, 12.0, 12.0, 12.0, 9.0, 9.0, 9.0, 9.0]
[5.0, 5.0, 5.0, 5.0, 5.0, 5.0, 5.0, 5.0, 9.0, 9.0, 9.0, 9.0, 8.0, 8.0, 8.0, 8.0, 9.0, 9.0, 9.0, 9.0]
T = 1.0	 step = 5
101.99000000000001
18.36881125710227
[25.0, 4.0, 28.0, 12.0, 48.0, 36.0, 28.0, 44.0, 18.0, 34.0, 38.0, 18.0, 8.0, 21.0, 44.0, 8.0, 6.0, 6.0, 30.0, 42.0]
[48.0, 25.0, 15.0, 25.0, 3.0, 28.0, 23.0, 27.0, 35.0, 5.0, 17.0, 15.0, 47.0, 5.0, 37.0, 5.0, 35.0, 15.0, 37.0, 47.0]
[5.0, 5.0, 5.0, 5.0, 5.0, 5.0, 5.0, 5.0, 9.0, 9.0, 9.0, 9.0, 12.0, 12.0, 12.0, 12.0, 9.0, 9.0, 9.0, 9.0]
[5.0, 5.0, 5.0, 5.0, 5.0, 5.0, 5.0, 5.0, 9.0, 9.0, 9.0, 9.0, 8.0, 8.0, 8.0, 8.0, 9.0, 9.0, 9.0, 9.0]
T = 1.0	 step = 6
102.05000000000001
18.277870205965908
[25.0, 5.0, 28.0, 12.0, 48.0, 36.0, 28.0, 44.0, 18.0, 34.0, 38.0, 18.0, 8.0, 21.0, 44.0, 8.0, 6.0, 6.0, 30.0, 42.0]
[48.0, 25.0, 15.0, 25.0, 3.0, 28.0, 23.0, 27.0, 35.0, 5.0, 17.0, 15.0, 47.0, 5.0, 37.0, 5.0, 35.0, 15.0, 37.0, 47.0]
[5.0, 5.0, 5.0, 5.0, 5.0, 5.0, 5.0, 5.0, 9.0, 9.0, 9.0, 9.0, 12.0, 12.0, 12.0, 12.0, 9.0, 9.0, 9.0, 9.0]
[5.0, 5.0, 5.0, 5.0, 5.0, 5.0, 5.0, 5.0, 9.0, 9.0, 9.0, 9.0, 8.0, 8.0, 8.0, 8.0, 9.0, 9.0, 9.0, 9.0]
T = 1.0	 step = 7
102.03000000000003
18.277870205965908
[25.0, 5.0, 28.0, 12.0, 48.0, 36.0, 27.0, 44.0, 18.0, 34.0, 38.0, 18.0, 8.0, 21.0, 44.0, 8.0, 6.0, 6.0, 30.0, 42.0]
[48.0, 25.0, 15.0, 25.0, 3.0, 28.0, 23.0, 27.0, 35.0, 5.0, 17.0, 15.0, 47.0, 5.0, 37.0, 5.0, 35.0, 15.0, 37.0, 47.0]
[5.0, 5.0, 5.0, 5.0, 5.0, 5.0, 5.0, 5.0, 9.0, 9.0, 9.0, 9.0, 12.0, 12.0, 12.0, 12.0, 9.0, 9.0, 9.0, 9.0]
[5.0, 5.0, 5.0, 5.0, 5.0, 5.0, 5.0, 5.0, 9.0, 9.0, 9.0, 9.0, 8.0, 8.0, 8.0, 8.0, 9.0, 9.0, 9.0, 9.0]
T = 1.0	 step = 8
102.07000000000005
18.152870205965908
[25.0, 5.0, 28.0, 12.0, 48.0, 36.0, 27.0, 44.0, 18.0, 34.0, 38.0, 18.0, 8.0, 21.0, 44.0, 8.0, 6.0, 6.0, 30.0, 42.0]
[48.0, 25.0, 15.0, 25.0, 4.0, 28.0, 23.0, 27.0, 35.0, 5.0, 17.0, 15.0, 47.0, 5.0, 37.0, 5.0, 35.0, 15.0, 37.0, 47.0]
[5.0, 5.0, 5.0, 5.0, 5.0, 5.0, 5.0, 5.0, 9.0, 9.0, 9.0, 9.0, 12.0, 12.0, 12.0, 12.0, 9.0, 9.0, 9.0, 9.0]
[5.0, 5.0, 5.0, 5.0, 5.0, 5.0, 5.0, 5.0, 9.0, 9.0, 9.0, 9.0, 8.0, 8.0, 8.0, 8.0, 9.0, 9.0, 9.0, 9.0]
T = 1.0	 step = 9
102.07000000000005
18.12409357244318
[25.0, 5.0, 28.0, 12.0, 48.0, 36.0, 27.0, 44.0, 18.0, 34.0, 38.0, 18.0, 8.0, 21.0, 44.0, 8.0, 6.0, 6.0, 30.0, 43.0]
[48.0, 25.0, 15.0, 25.0, 4.0, 28.0, 23.0, 27.0, 35.0, 5.0, 17.0, 15.0, 47.0, 5.0, 37.0, 5.0, 35.0, 15.0, 37.0, 47.0]
[5.0, 5.0, 5.0, 5.0, 5.0, 5.0, 5.0, 5.0, 9.0, 9.0, 9.0, 9.0, 12.0, 12.0, 12.0, 12.0, 9.0, 9.0, 9.0, 9.0]
[5.0, 5.0, 5.0, 5.0, 5.0, 5.0, 5.0, 5.0, 9.0, 9.0, 9.0, 9.0, 8.0, 8.0, 8.0, 8.0, 9.0, 9.0, 9.0, 9.0]
T = 1.0	 step = 10
102.12
18.034782492897726
[25.0, 5.0, 28.0, 12.0, 48.0, 36.0, 27.0, 43.0, 18.0, 34.0, 38.0, 18.0, 8.0, 21.0, 44.0, 8.0, 6.0, 6.0, 30.0, 43.0]
[48.0, 25.0, 15.0, 25.0, 4.0, 28.0, 23.0, 27.0, 35.0, 5.0, 17.0, 15.0, 47.0, 5.0, 37.0, 5.0, 35.0, 15.0, 37.0, 47.0]
[5.0, 5.0, 5.0, 5.0, 5.0, 5.0, 5.0, 5.0, 9.0, 9.0, 9.0, 9.0, 12.0, 12.0, 12.0, 12.0, 9.0, 9.0, 9.0, 9.0]
[5.0, 5.0, 5.0, 5.0, 5.0, 5.0, 5.0, 5.0, 9.0, 9.0, 9.0, 9.0, 8.0, 8.0, 8.0, 8.0, 9.0, 9.0, 9.0, 9.0]
T = 1.0	 step = 11
102.20000000000005
18.034782492897726
[25.0, 5.0, 28.0, 12.0, 48.0, 36.0, 27.0, 43.0, 18.0, 34.0, 38.0, 18.0, 8.0, 21.0, 44.0, 8.0, 6.0, 6.0, 30.0, 43.0]
[48.0, 25.0, 15.0, 25.0, 4.0, 27.0, 23.0, 27.0, 35.0, 5.0, 17.0, 15.0, 47.0, 5.0, 37.0, 5.0, 35.0, 15.0, 37.0, 47.0]
[5.0, 5.0, 5.0, 5.0, 5.0, 5.0, 5.0, 5.0, 9.0, 9.0, 9.0, 9.0, 12.0, 12.0, 12.0, 12.0, 9.0, 9.0, 9.0, 9.0]
[5.0, 5.0, 5.0, 5.0, 5.0, 5.0, 5.0, 5.0, 9.0, 9.0, 9.0, 9.0, 8.0, 8.0, 8.0, 8.0, 9.0, 9.0, 9.0, 9.0]
T = 1.0	 step = 12
99.90000000000003
17.32828302556818
[25.0, 5.0, 28.0, 12.0, 48.0, 36.0, 27.0, 43.0, 18.0, 34.0, 45.0, 18.0, 8.0, 21.0, 44.0, 8.0, 6.0, 6.0, 30.0, 43.0]
[48.0, 25.0, 15.0, 25.0, 4.0, 27.0, 23.0, 27.0, 35.0, 5.0, 14.0, 15.0, 47.0, 5.0, 37.0, 5.0, 35.0, 15.0, 37.0, 47.0]
[5.0, 5.0, 5.0, 5.0, 5.0, 5.0, 5.0, 5.0, 9.0, 9.0, 9.0, 9.0, 12.0, 12.0, 12.0, 12.0, 9.0, 9.0, 9.0, 9.0]
[5.0, 5.0, 5.0, 5.0, 5.0, 5.0, 5.0, 5.0, 9.0, 9.0, 9.0, 9.0, 8.0, 8.0, 8.0, 8.0, 9.0, 9.0, 9.0, 9.0]
T = 1.0	 step = 13
99.84000000000003
17.419224076704545
[25.0, 4.0, 28.0, 12.0, 48.0, 36.0, 27.0, 43.0, 18.0, 34.0, 45.0, 18.0, 8.0, 21.0, 44.0, 8.0, 6.0, 6.0, 30.0, 43.0]
[48.0, 25.0, 15.0, 25.0, 4.0, 27.0, 23.0, 27.0, 35.0, 5.0, 14.0, 15.0, 47.0, 5.0, 37.0, 5.0, 35.0, 15.0, 37.0, 47.0]
[5.0, 5.0, 5.0, 5.0, 5.0, 5.0, 5.0, 5.0, 9.0, 9.0, 9.0, 9.0, 12.0, 12.0, 12.0, 12.0, 9.0, 9.0, 9.0, 9.0]
[5.0, 5.0, 5.0, 5.0, 5.0, 5.0, 5.0, 5.0, 9.0, 9.0, 9.0, 9.0, 8.0, 8.0, 8.0, 8.0, 9.0, 9.0, 9.0, 9.0]
T = 1.0	 step = 14
99.77000000000004
17.419224076704545
[25.0, 4.0, 28.0, 12.0, 48.0, 36.0, 27.0, 43.0, 17.0, 34.0, 45.0, 18.0, 8.0, 21.0, 44.0, 8.0, 6.0, 6.0, 30.0, 43.0]
[48.0, 25.0, 15.0, 25.0, 4.0, 27.0, 23.0, 27.0, 35.0, 5.0, 14.0, 15.0, 47.0, 5.0, 37.0, 5.0, 35.0, 15.0, 37.0, 47.0]
[5.0, 5.0, 5.0, 5.0, 5.0, 5.0, 5.0, 5.0, 9.0, 9.0, 9.0, 9.0, 12.0, 12.0, 12.0, 12.0, 9.0, 9.0, 9.0, 9.0]
[5.0, 5.0, 5.0, 5.0, 5.0, 5.0, 5.0, 5.0, 9.0, 9.0, 9.0, 9.0, 8.0, 8.0, 8.0, 8.0, 9.0, 9.0, 9.0, 9.0]
T = 1.0	 step = 15
99.75
17.481724076704545
[25.0, 4.0, 28.0, 12.0, 48.0, 36.0, 27.0, 43.0, 17.0, 34.0, 45.0, 18.0, 8.0, 21.0, 44.0, 8.0, 6.0, 6.0, 30.0, 43.0]
[48.0, 25.0, 15.0, 25.0, 4.0, 27.0, 23.0, 27.0, 35.0, 5.0, 14.0, 15.0, 48.0, 5.0, 37.0, 5.0, 35.0, 15.0, 37.0, 47.0]
[5.0, 5.0, 5.0, 5.0, 5.0, 5.0, 5.0, 5.0, 9.0, 9.0, 9.0, 9.0, 12.0, 12.0, 12.0, 12.0, 9.0, 9.0, 9.0, 9.0]
[5.0, 5.0, 5.0, 5.0, 5.0, 5.0, 5.0, 5.0, 9.0, 9.0, 9.0, 9.0, 8.0, 8.0, 8.0, 8.0, 9.0, 9.0, 9.0, 9.0]
T = 1.0	 step = 16
99.72000000000003
17.544224076704545
[25.0, 4.0, 28.0, 12.0, 48.0, 36.0, 27.0, 43.0, 17.0, 34.0, 45.0, 18.0, 8.0, 21.0, 44.0, 7.0, 6.0, 6.0, 30.0, 43.0]
[48.0, 25.0, 15.0, 25.0, 4.0, 27.0, 23.0, 27.0, 35.0, 5.0, 14.0, 15.0, 48.0, 5.0, 37.0, 5.0, 35.0, 15.0, 37.0, 47.0]
[5.0, 5.0, 5.0, 5.0, 5.0, 5.0, 5.0, 5.0, 9.0, 9.0, 9.0, 9.0, 12.0, 12.0, 12.0, 12.0, 9.0, 9.0, 9.0, 9.0]
[5.0, 5.0, 5.0, 5.0, 5.0, 5.0, 5.0, 5.0, 9.0, 9.0, 9.0, 9.0, 8.0, 8.0, 8.0, 8.0, 9.0, 9.0, 9.0, 9.0]
T = 1.0	 step = 17
99.75
17.481724076704545
[25.0, 4.0, 28.0, 12.0, 48.0, 36.0, 27.0, 43.0, 17.0, 34.0, 45.0, 18.0, 8.0, 21.0, 44.0, 7.0, 6.0, 7.0, 30.0, 43.0]
[48.0, 25.0, 15.0, 25.0, 4.0, 27.0, 23.0, 27.0, 35.0, 5.0, 14.0, 15.0, 48.0, 5.0, 37.0, 5.0, 35.0, 15.0, 37.0, 47.0]
[5.0, 5.0, 5.0, 5.0, 5.0, 5.0, 5.0, 5.0, 9.0, 9.0, 9.0, 9.0, 12.0, 12.0, 12.0, 12.0, 9.0, 9.0, 9.0, 9.0]
[5.0, 5.0, 5.0, 5.0, 5.0, 5.0, 5.0, 5.0, 9.0, 9.0, 9.0, 9.0, 8.0, 8.0, 8.0, 8.0, 9.0, 9.0, 9.0, 9.0]
T = 1.0	 step = 18
99.76000000000005
17.481724076704545
[25.0, 4.0, 28.0, 12.0, 48.0, 36.0, 27.0, 43.0, 17.0, 34.0, 45.0, 18.0, 8.0, 21.0, 44.0, 7.0, 6.0, 7.0, 30.0, 43.0]
[48.0, 25.0, 15.0, 25.0, 4.0, 27.0, 23.0, 27.0, 35.0, 5.0, 14.0, 16.0, 48.0, 5.0, 37.0, 5.0, 35.0, 15.0, 37.0, 47.0]
[5.0, 5.0, 5.0, 5.0, 5.0, 5.0, 5.0, 5.0, 9.0, 9.0, 9.0, 9.0, 12.0, 12.0, 12.0, 12.0, 9.0, 9.0, 9.0, 9.0]
[5.0, 5.0, 5.0, 5.0, 5.0, 5.0, 5.0, 5.0, 9.0, 9.0, 9.0, 9.0, 8.0, 8.0, 8.0, 8.0, 9.0, 9.0, 9.0, 9.0]
T = 1.0	 step = 19
99.58000000000004
17.481724076704545
[25.0, 4.0, 28.0, 12.0, 48.0, 36.0, 27.0, 43.0, 17.0, 34.0, 45.0, 18.0, 8.0, 21.0, 44.0, 7.0, 6.0, 7.0, 30.0, 43.0]
[48.0, 25.0, 15.0, 25.0, 4.0, 27.0, 24.0, 27.0, 35.0, 5.0, 14.0, 16.0, 48.0, 5.0, 37.0, 5.0, 35.0, 15.0, 37.0, 47.0]
[5.0, 5.0, 5.0, 5.0, 5.0, 5.0, 5.0, 5.0, 9.0, 9.0, 9.0, 9.0, 12.0, 12.0, 12.0, 12.0, 9.0, 9.0, 9.0, 9.0]
[5.0, 5.0, 5.0, 5.0, 5.0, 5.0, 5.0, 5.0, 9.0, 9.0, 9.0, 9.0, 8.0, 8.0, 8.0, 8.0, 9.0, 9.0, 9.0, 9.0]
T = 1.0	 step = 20
99.55000000000001
17.606724076704545
[25.0, 4.0, 28.0, 12.0, 48.0, 36.0, 27.0, 43.0, 17.0, 34.0, 45.0, 18.0, 8.0, 21.0, 44.0, 7.0, 6.0, 7.0, 30.0, 43.0]
[49.0, 25.0, 15.0, 25.0, 4.0, 27.0, 24.0, 27.0, 35.0, 5.0, 14.0, 16.0, 48.0, 5.0, 37.0, 5.0, 35.0, 15.0, 37.0, 47.0]
[5.0, 5.0, 5.0, 5.0, 5.0, 5.0, 5.0, 5.0, 9.0, 9.0, 9.0, 9.0, 12.0, 12.0, 12.0, 12.0, 9.0, 9.0, 9.0, 9.0]
[5.0, 5.0, 5.0, 5.0, 5.0, 5.0, 5.0, 5.0, 9.0, 9.0, 9.0, 9.0, 8.0, 8.0, 8.0, 8.0, 9.0, 9.0, 9.0, 9.0]
T = 1.0	 step = 21
99.63
17.639723011363635
[25.0, 4.0, 28.0, 12.0, 48.0, 36.0, 27.0, 43.0, 17.0, 34.0, 45.0, 18.0, 8.0, 21.0, 44.0, 7.0, 6.0, 7.0, 30.0, 43.0]
[49.0, 25.0, 15.0, 25.0, 4.0, 26.0, 24.0, 27.0, 35.0, 5.0, 14.0, 16.0, 48.0, 5.0, 37.0, 5.0, 35.0, 15.0, 37.0, 47.0]
[5.0, 5.0, 5.0, 5.0, 5.0, 5.0, 5.0, 5.0, 9.0, 9.0, 9.0, 9.0, 12.0, 12.0, 12.0, 12.0, 9.0, 9.0, 9.0, 9.0]
[5.0, 5.0, 5.0, 5.0, 5.0, 5.0, 5.0, 5.0, 9.0, 9.0, 9.0, 9.0, 8.0, 8.0, 8.0, 8.0, 9.0, 9.0, 9.0, 9.0]
T = 1.0	 step = 22
99.58000000000004
17.764723011363632
[25.0, 4.0, 28.0, 12.0, 49.0, 36.0, 27.0, 43.0, 17.0, 34.0, 45.0, 18.0, 8.0, 21.0, 44.0, 7.0, 6.0, 7.0, 30.0, 43.0]
[49.0, 25.0, 15.0, 25.0, 4.0, 26.0, 24.0, 27.0, 35.0, 5.0, 14.0, 16.0, 48.0, 5.0, 37.0, 5.0, 35.0, 15.0, 37.0, 47.0]
[5.0, 5.0, 5.0, 5.0, 5.0, 5.0, 5.0, 5.0, 9.0, 9.0, 9.0, 9.0, 12.0, 12.0, 12.0, 12.0, 9.0, 9.0, 9.0, 9.0]
[5.0, 5.0, 5.0, 5.0, 5.0, 5.0, 5.0, 5.0, 9.0, 9.0, 9.0, 9.0, 8.0, 8.0, 8.0, 8.0, 9.0, 9.0, 9.0, 9.0]
T = 1.0	 step = 23
100.36000000000001
18.41926669034091
[25.0, 4.0, 28.0, 12.0, 49.0, 36.0, 27.0, 43.0, 17.0, 34.0, 45.0, 18.0, 8.0, 21.0, 44.0, 7.0, 6.0, 7.0, 30.0, 43.0]
[49.0, 25.0, 15.0, 25.0, 4.0, 14.0, 24.0, 27.0, 35.0, 5.0, 14.0, 16.0, 48.0, 5.0, 37.0, 5.0, 35.0, 15.0, 37.0, 47.0]
[5.0, 5.0, 5.0, 5.0, 5.0, 5.0, 5.0, 5.0, 9.0, 9.0, 9.0, 9.0, 12.0, 12.0, 12.0, 12.0, 9.0, 9.0, 9.0, 9.0]
[5.0, 5.0, 5.0, 5.0, 5.0, 5.0, 5.0, 5.0, 9.0, 9.0, 9.0, 9.0, 8.0, 8.0, 8.0, 8.0, 9.0, 9.0, 9.0, 9.0]
T = 1.0	 step = 24
100.41000000000003
18.29426669034091
[25.0, 4.0, 28.0, 12.0, 48.0, 36.0, 27.0, 43.0, 17.0, 34.0, 45.0, 18.0, 8.0, 21.0, 44.0, 7.0, 6.0, 7.0, 30.0, 43.0]
[49.0, 25.0, 15.0, 25.0, 4.0, 14.0, 24.0, 27.0, 35.0, 5.0, 14.0, 16.0, 48.0, 5.0, 37.0, 5.0, 35.0, 15.0, 37.0, 47.0]
[5.0, 5.0, 5.0, 5.0, 5.0, 5.0, 5.0, 5.0, 9.0, 9.0, 9.0, 9.0, 12.0, 12.0, 12.0, 12.0, 9.0, 9.0, 9.0, 9.0]
[5.0, 5.0, 5.0, 5.0, 5.0, 5.0, 5.0, 5.0, 9.0, 9.0, 9.0, 9.0, 8.0, 8.0, 8.0, 8.0, 9.0, 9.0, 9.0, 9.0]
T = 1.0	 step = 25
100.37
18.23176669034091
[25.0, 4.0, 28.0, 12.0, 48.0, 36.0, 27.0, 43.0, 17.0, 34.0, 45.0, 18.0, 8.0, 21.0, 44.0, 7.0, 6.0, 7.0, 30.0, 43.0]
[49.0, 25.0, 15.0, 25.0, 4.0, 14.0, 24.0, 28.0, 35.0, 5.0, 14.0, 16.0, 48.0, 5.0, 37.0, 5.0, 35.0, 15.0, 37.0, 47.0]
[5.0, 5.0, 5.0, 5.0, 5.0, 5.0, 5.0, 5.0, 9.0, 9.0, 9.0, 9.0, 12.0, 12.0, 12.0, 12.0, 9.0, 9.0, 9.0, 9.0]
[5.0, 5.0, 5.0, 5.0, 5.0, 5.0, 5.0, 5.0, 9.0, 9.0, 9.0, 9.0, 8.0, 8.0, 8.0, 8.0, 9.0, 9.0, 9.0, 9.0]
T = 1.0	 step = 26
100.39000000000004
18.23176669034091
[25.0, 4.0, 28.0, 12.0, 48.0, 36.0, 28.0, 43.0, 17.0, 34.0, 45.0, 18.0, 8.0, 21.0, 44.0, 7.0, 6.0, 7.0, 30.0, 43.0]
[49.0, 25.0, 15.0, 25.0, 4.0, 14.0, 24.0, 28.0, 35.0, 5.0, 14.0, 16.0, 48.0, 5.0, 37.0, 5.0, 35.0, 15.0, 37.0, 47.0]
[5.0, 5.0, 5.0, 5.0, 5.0, 5.0, 5.0, 5.0, 9.0, 9.0, 9.0, 9.0, 12.0, 12.0, 12.0, 12.0, 9.0, 9.0, 9.0, 9.0]
[5.0, 5.0, 5.0, 5.0, 5.0, 5.0, 5.0, 5.0, 9.0, 9.0, 9.0, 9.0, 8.0, 8.0, 8.0, 8.0, 9.0, 9.0, 9.0, 9.0]
T = 1.0	 step = 27
100.61000000000001
18.16926669034091
[25.0, 4.0, 28.0, 12.0, 48.0, 35.0, 28.0, 43.0, 17.0, 34.0, 45.0, 18.0, 8.0, 21.0, 44.0, 7.0, 6.0, 7.0, 30.0, 43.0]
[49.0, 25.0, 15.0, 25.0, 4.0, 14.0, 24.0, 28.0, 35.0, 5.0, 14.0, 16.0, 48.0, 5.0, 37.0, 5.0, 35.0, 15.0, 37.0, 47.0]
[5.0, 5.0, 5.0, 5.0, 5.0, 5.0, 5.0, 5.0, 9.0, 9.0, 9.0, 9.0, 12.0, 12.0, 12.0, 12.0, 9.0, 9.0, 9.0, 9.0]
[5.0, 5.0, 5.0, 5.0, 5.0, 5.0, 5.0, 5.0, 9.0, 9.0, 9.0, 9.0, 8.0, 8.0, 8.0, 8.0, 9.0, 9.0, 9.0, 9.0]
T = 1.0	 step = 28
100.65000000000003
18.13357776988636
[25.0, 4.0, 28.0, 12.0, 48.0, 35.0, 28.0, 42.0, 17.0, 34.0, 45.0, 18.0, 8.0, 21.0, 44.0, 7.0, 6.0, 7.0, 30.0, 43.0]
[49.0, 25.0, 15.0, 25.0, 4.0, 14.0, 24.0, 28.0, 35.0, 5.0, 14.0, 16.0, 48.0, 5.0, 37.0, 5.0, 35.0, 15.0, 37.0, 47.0]
[5.0, 5.0, 5.0, 5.0, 5.0, 5.0, 5.0, 5.0, 9.0, 9.0, 9.0, 9.0, 12.0, 12.0, 12.0, 12.0, 9.0, 9.0, 9.0, 9.0]
[5.0, 5.0, 5.0, 5.0, 5.0, 5.0, 5.0, 5.0, 9.0, 9.0, 9.0, 9.0, 8.0, 8.0, 8.0, 8.0, 9.0, 9.0, 9.0, 9.0]
T = 1.0	 step = 29
100.66000000000003
18.07107776988636
[25.0, 4.0, 28.0, 12.0, 48.0, 35.0, 28.0, 42.0, 17.0, 34.0, 45.0, 18.0, 9.0, 21.0, 44.0, 7.0, 6.0, 7.0, 30.0, 43.0]
[49.0, 25.0, 15.0, 25.0, 4.0, 14.0, 24.0, 28.0, 35.0, 5.0, 14.0, 16.0, 48.0, 5.0, 37.0, 5.0, 35.0, 15.0, 37.0, 47.0]
[5.0, 5.0, 5.0, 5.0, 5.0, 5.0, 5.0, 5.0, 9.0, 9.0, 9.0, 9.0, 12.0, 12.0, 12.0, 12.0, 9.0, 9.0, 9.0, 9.0]
[5.0, 5.0, 5.0, 5.0, 5.0, 5.0, 5.0, 5.0, 9.0, 9.0, 9.0, 9.0, 8.0, 8.0, 8.0, 8.0, 9.0, 9.0, 9.0, 9.0]
T = 1.0	 step = 30
100.84000000000003
18.00857776988636
[25.0, 4.0, 28.0, 12.0, 48.0, 35.0, 28.0, 42.0, 17.0, 34.0, 45.0, 18.0, 9.0, 21.0, 44.0, 7.0, 6.0, 7.0, 30.0, 43.0]
[49.0, 25.0, 15.0, 25.0, 4.0, 14.0, 23.0, 28.0, 35.0, 5.0, 14.0, 16.0, 48.0, 5.0, 37.0, 5.0, 35.0, 15.0, 37.0, 47.0]
[5.0, 5.0, 5.0, 5.0, 5.0, 5.0, 5.0, 5.0, 9.0, 9.0, 9.0, 9.0, 12.0, 12.0, 12.0, 12.0, 9.0, 9.0, 9.0, 9.0]
[5.0, 5.0, 5.0, 5.0, 5.0, 5.0, 5.0, 5.0, 9.0, 9.0, 9.0, 9.0, 8.0, 8.0, 8.0, 8.0, 9.0, 9.0, 9.0, 9.0]
T = 1.0	 step = 31
100.87
17.88357776988636
[25.0, 4.0, 28.0, 12.0, 48.0, 35.0, 28.0, 42.0, 17.0, 34.0, 45.0, 18.0, 9.0, 21.0, 44.0, 7.0, 6.0, 7.0, 30.0, 43.0]
[48.0, 25.0, 15.0, 25.0, 4.0, 14.0, 23.0, 28.0, 35.0, 5.0, 14.0, 16.0, 48.0, 5.0, 37.0, 5.0, 35.0, 15.0, 37.0, 47.0]
[5.0, 5.0, 5.0, 5.0, 5.0, 5.0, 5.0, 5.0, 9.0, 9.0, 9.0, 9.0, 12.0, 12.0, 12.0, 12.0, 9.0, 9.0, 9.0, 9.0]
[5.0, 5.0, 5.0, 5.0, 5.0, 5.0, 5.0, 5.0, 9.0, 9.0, 9.0, 9.0, 8.0, 8.0, 8.0, 8.0, 9.0, 9.0, 9.0, 9.0]
T = 1.0	 step = 32
100.82000000000005
18.00857776988636
[25.0, 4.0, 28.0, 12.0, 49.0, 35.0, 28.0, 42.0, 17.0, 34.0, 45.0, 18.0, 9.0, 21.0, 44.0, 7.0, 6.0, 7.0, 30.0, 43.0]
[48.0, 25.0, 15.0, 25.0, 4.0, 14.0, 23.0, 28.0, 35.0, 5.0, 14.0, 16.0, 48.0, 5.0, 37.0, 5.0, 35.0, 15.0, 37.0, 47.0]
[5.0, 5.0, 5.0, 5.0, 5.0, 5.0, 5.0, 5.0, 9.0, 9.0, 9.0, 9.0, 12.0, 12.0, 12.0, 12.0, 9.0, 9.0, 9.0, 9.0]
[5.0, 5.0, 5.0, 5.0, 5.0, 5.0, 5.0, 5.0, 9.0, 9.0, 9.0, 9.0, 8.0, 8.0, 8.0, 8.0, 9.0, 9.0, 9.0, 9.0]
T = 1.0	 step = 33
100.78000000000003
18.04426669034091
[25.0, 4.0, 28.0, 12.0, 49.0, 35.0, 28.0, 43.0, 17.0, 34.0, 45.0, 18.0, 9.0, 21.0, 44.0, 7.0, 6.0, 7.0, 30.0, 43.0]
[48.0, 25.0, 15.0, 25.0, 4.0, 14.0, 23.0, 28.0, 35.0, 5.0, 14.0, 16.0, 48.0, 5.0, 37.0, 5.0, 35.0, 15.0, 37.0, 47.0]
[5.0, 5.0, 5.0, 5.0, 5.0, 5.0, 5.0, 5.0, 9.0, 9.0, 9.0, 9.0, 12.0, 12.0, 12.0, 12.0, 9.0, 9.0, 9.0, 9.0]
[5.0, 5.0, 5.0, 5.0, 5.0, 5.0, 5.0, 5.0, 9.0, 9.0, 9.0, 9.0, 8.0, 8.0, 8.0, 8.0, 9.0, 9.0, 9.0, 9.0]
T = 1.0	 step = 34
101.01000000000005
17.98176669034091
[25.0, 4.0, 28.0, 12.0, 49.0, 35.0, 28.0, 43.0, 17.0, 34.0, 45.0, 18.0, 9.0, 21.0, 44.0, 7.0, 6.0, 7.0, 30.0, 43.0]
[48.0, 25.0, 15.0, 25.0, 4.0, 14.0, 22.0, 28.0, 35.0, 5.0, 14.0, 16.0, 48.0, 5.0, 37.0, 5.0, 35.0, 15.0, 37.0, 47.0]
[5.0, 5.0, 5.0, 5.0, 5.0, 5.0, 5.0, 5.0, 9.0, 9.0, 9.0, 9.0, 12.0, 12.0, 12.0, 12.0, 9.0, 9.0, 9.0, 9.0]
[5.0, 5.0, 5.0, 5.0, 5.0, 5.0, 5.0, 5.0, 9.0, 9.0, 9.0, 9.0, 8.0, 8.0, 8.0, 8.0, 9.0, 9.0, 9.0, 9.0]
T = 1.0	 step = 35
101.06
17.85676669034091
[25.0, 4.0, 28.0, 12.0, 48.0, 35.0, 28.0, 43.0, 17.0, 34.0, 45.0, 18.0, 9.0, 21.0, 44.0, 7.0, 6.0, 7.0, 30.0, 43.0]
[48.0, 25.0, 15.0, 25.0, 4.0, 14.0, 22.0, 28.0, 35.0, 5.0, 14.0, 16.0, 48.0, 5.0, 37.0, 5.0, 35.0, 15.0, 37.0, 47.0]
[5.0, 5.0, 5.0, 5.0, 5.0, 5.0, 5.0, 5.0, 9.0, 9.0, 9.0, 9.0, 12.0, 12.0, 12.0, 12.0, 9.0, 9.0, 9.0, 9.0]
[5.0, 5.0, 5.0, 5.0, 5.0, 5.0, 5.0, 5.0, 9.0, 9.0, 9.0, 9.0, 8.0, 8.0, 8.0, 8.0, 9.0, 9.0, 9.0, 9.0]
T = 1.0	 step = 36
101.06
17.85676669034091
[25.0, 4.0, 28.0, 12.0, 48.0, 35.0, 29.0, 43.0, 17.0, 34.0, 45.0, 18.0, 9.0, 21.0, 44.0, 7.0, 6.0, 7.0, 30.0, 43.0]
[48.0, 25.0, 15.0, 25.0, 4.0, 14.0, 22.0, 28.0, 35.0, 5.0, 14.0, 16.0, 48.0, 5.0, 37.0, 5.0, 35.0, 15.0, 37.0, 47.0]
[5.0, 5.0, 5.0, 5.0, 5.0, 5.0, 5.0, 5.0, 9.0, 9.0, 9.0, 9.0, 12.0, 12.0, 12.0, 12.0, 9.0, 9.0, 9.0, 9.0]
[5.0, 5.0, 5.0, 5.0, 5.0, 5.0, 5.0, 5.0, 9.0, 9.0, 9.0, 9.0, 8.0, 8.0, 8.0, 8.0, 9.0, 9.0, 9.0, 9.0]
T = 1.0	 step = 37
100.92000000000002
17.73176669034091
[25.0, 4.0, 28.0, 12.0, 48.0, 35.0, 29.0, 43.0, 17.0, 34.0, 45.0, 18.0, 9.0, 21.0, 44.0, 7.0, 6.0, 7.0, 30.0, 43.0]
[48.0, 25.0, 15.0, 25.0, 4.0, 14.0, 22.0, 28.0, 36.0, 5.0, 14.0, 16.0, 48.0, 5.0, 37.0, 5.0, 35.0, 15.0, 37.0, 47.0]
[5.0, 5.0, 5.0, 5.0, 5.0, 5.0, 5.0, 5.0, 9.0, 9.0, 9.0, 9.0, 12.0, 12.0, 12.0, 12.0, 9.0, 9.0, 9.0, 9.0]
[5.0, 5.0, 5.0, 5.0, 5.0, 5.0, 5.0, 5.0, 9.0, 9.0, 9.0, 9.0, 8.0, 8.0, 8.0, 8.0, 9.0, 9.0, 9.0, 9.0]
T = 1.0	 step = 38
100.92000000000002
17.675296963778408
[25.0, 4.0, 28.0, 12.0, 48.0, 35.0, 29.0, 43.0, 17.0, 34.0, 45.0, 18.0, 9.0, 21.0, 44.0, 7.0, 6.0, 7.0, 31.0, 43.0]
[48.0, 25.0, 15.0, 25.0, 4.0, 14.0, 22.0, 28.0, 36.0, 5.0, 14.0, 16.0, 48.0, 5.0, 37.0, 5.0, 35.0, 15.0, 37.0, 47.0]
[5.0, 5.0, 5.0, 5.0, 5.0, 5.0, 5.0, 5.0, 9.0, 9.0, 9.0, 9.0, 12.0, 12.0, 12.0, 12.0, 9.0, 9.0, 9.0, 9.0]
[5.0, 5.0, 5.0, 5.0, 5.0, 5.0, 5.0, 5.0, 9.0, 9.0, 9.0, 9.0, 8.0, 8.0, 8.0, 8.0, 9.0, 9.0, 9.0, 9.0]
T = 1.0	 step = 39
100.88
17.737796963778408
[25.0, 4.0, 28.0, 12.0, 48.0, 35.0, 29.0, 43.0, 17.0, 34.0, 45.0, 18.0, 9.0, 21.0, 44.0, 7.0, 6.0, 6.0, 31.0, 43.0]
[48.0, 25.0, 15.0, 25.0, 4.0, 14.0, 22.0, 28.0, 36.0, 5.0, 14.0, 16.0, 48.0, 5.0, 37.0, 5.0, 35.0, 15.0, 37.0, 47.0]
[5.0, 5.0, 5.0, 5.0, 5.0, 5.0, 5.0, 5.0, 9.0, 9.0, 9.0, 9.0, 12.0, 12.0, 12.0, 12.0, 9.0, 9.0, 9.0, 9.0]
[5.0, 5.0, 5.0, 5.0, 5.0, 5.0, 5.0, 5.0, 9.0, 9.0, 9.0, 9.0, 8.0, 8.0, 8.0, 8.0, 9.0, 9.0, 9.0, 9.0]
T = 1.0	 step = 40
100.91000000000003
17.675296963778408
[25.0, 4.0, 28.0, 12.0, 48.0, 35.0, 29.0, 43.0, 17.0, 34.0, 45.0, 18.0, 9.0, 21.0, 44.0, 7.0, 6.0, 6.0, 31.0, 43.0]
[48.0, 25.0, 15.0, 25.0, 4.0, 15.0, 22.0, 28.0, 36.0, 5.0, 14.0, 16.0, 48.0, 5.0, 37.0, 5.0, 35.0, 15.0, 37.0, 47.0]
[5.0, 5.0, 5.0, 5.0, 5.0, 5.0, 5.0, 5.0, 9.0, 9.0, 9.0, 9.0, 12.0, 12.0, 12.0, 12.0, 9.0, 9.0, 9.0, 9.0]
[5.0, 5.0, 5.0, 5.0, 5.0, 5.0, 5.0, 5.0, 9.0, 9.0, 9.0, 9.0, 8.0, 8.0, 8.0, 8.0, 9.0, 9.0, 9.0, 9.0]
T = 1.0	 step = 41
100.30000000000001
17.862796963778408
[25.0, 4.0, 28.0, 12.0, 48.0, 35.0, 28.0, 43.0, 17.0, 34.0, 45.0, 18.0, 9.0, 21.0, 44.0, 7.0, 6.0, 6.0, 31.0, 43.0]
[48.0, 25.0, 15.0, 25.0, 4.0, 15.0, 25.0, 28.0, 36.0, 5.0, 14.0, 16.0, 48.0, 5.0, 37.0, 5.0, 35.0, 15.0, 37.0, 47.0]
[5.0, 5.0, 5.0, 5.0, 5.0, 5.0, 5.0, 5.0, 9.0, 9.0, 9.0, 9.0, 12.0, 12.0, 12.0, 12.0, 9.0, 9.0, 9.0, 9.0]
[5.0, 5.0, 5.0, 5.0, 5.0, 5.0, 5.0, 5.0, 9.0, 9.0, 9.0, 9.0, 8.0, 8.0, 8.0, 8.0, 9.0, 9.0, 9.0, 9.0]
T = 1.0	 step = 42
100.92000000000002
19.275229048295454
[25.0, 4.0, 28.0, 12.0, 48.0, 35.0, 28.0, 19.0, 17.0, 34.0, 45.0, 18.0, 9.0, 21.0, 44.0, 7.0, 6.0, 6.0, 31.0, 43.0]
[48.0, 25.0, 15.0, 25.0, 4.0, 15.0, 25.0, 25.0, 36.0, 5.0, 14.0, 16.0, 48.0, 5.0, 37.0, 5.0, 35.0, 15.0, 37.0, 47.0]
[5.0, 5.0, 5.0, 5.0, 5.0, 5.0, 5.0, 5.0, 9.0, 9.0, 9.0, 9.0, 12.0, 12.0, 12.0, 12.0, 9.0, 9.0, 9.0, 9.0]
[5.0, 5.0, 5.0, 5.0, 5.0, 5.0, 5.0, 5.0, 9.0, 9.0, 9.0, 9.0, 8.0, 8.0, 8.0, 8.0, 9.0, 9.0, 9.0, 9.0]
T = 1.0	 step = 43
100.93
19.31257634943182
[25.0, 4.0, 28.0, 12.0, 48.0, 35.0, 28.0, 19.0, 17.0, 34.0, 45.0, 18.0, 9.0, 21.0, 43.0, 7.0, 6.0, 6.0, 31.0, 43.0]
[48.0, 25.0, 15.0, 25.0, 4.0, 15.0, 25.0, 25.0, 36.0, 5.0, 14.0, 16.0, 48.0, 5.0, 37.0, 5.0, 35.0, 15.0, 37.0, 47.0]
[5.0, 5.0, 5.0, 5.0, 5.0, 5.0, 5.0, 5.0, 9.0, 9.0, 9.0, 9.0, 12.0, 12.0, 12.0, 12.0, 9.0, 9.0, 9.0, 9.0]
[5.0, 5.0, 5.0, 5.0, 5.0, 5.0, 5.0, 5.0, 9.0, 9.0, 9.0, 9.0, 8.0, 8.0, 8.0, 8.0, 9.0, 9.0, 9.0, 9.0]
T = 1.0	 step = 44
100.95000000000005
19.37507634943182
[25.0, 4.0, 28.0, 12.0, 48.0, 35.0, 29.0, 19.0, 17.0, 34.0, 45.0, 18.0, 9.0, 21.0, 43.0, 7.0, 6.0, 6.0, 31.0, 43.0]
[48.0, 25.0, 15.0, 25.0, 4.0, 15.0, 25.0, 25.0, 36.0, 5.0, 14.0, 16.0, 48.0, 5.0, 37.0, 5.0, 35.0, 15.0, 37.0, 47.0]
[5.0, 5.0, 5.0, 5.0, 5.0, 5.0, 5.0, 5.0, 9.0, 9.0, 9.0, 9.0, 12.0, 12.0, 12.0, 12.0, 9.0, 9.0, 9.0, 9.0]
[5.0, 5.0, 5.0, 5.0, 5.0, 5.0, 5.0, 5.0, 9.0, 9.0, 9.0, 9.0, 8.0, 8.0, 8.0, 8.0, 9.0, 9.0, 9.0, 9.0]
T = 1.0	 step = 45
101.03000000000003
19.43757634943182
[25.0, 4.0, 28.0, 12.0, 48.0, 35.0, 29.0, 19.0, 17.0, 34.0, 45.0, 18.0, 9.0, 21.0, 43.0, 7.0, 6.0, 6.0, 31.0, 43.0]
[48.0, 25.0, 15.0, 25.0, 4.0, 15.0, 25.0, 25.0, 36.0, 5.0, 14.0, 16.0, 48.0, 6.0, 37.0, 5.0, 35.0, 15.0, 37.0, 47.0]
[5.0, 5.0, 5.0, 5.0, 5.0, 5.0, 5.0, 5.0, 9.0, 9.0, 9.0, 9.0, 12.0, 12.0, 12.0, 12.0, 9.0, 9.0, 9.0, 9.0]
[5.0, 5.0, 5.0, 5.0, 5.0, 5.0, 5.0, 5.0, 9.0, 9.0, 9.0, 9.0, 8.0, 8.0, 8.0, 8.0, 9.0, 9.0, 9.0, 9.0]
T = 1.0	 step = 46
100.99000000000001
19.56257634943182
[25.0, 4.0, 28.0, 12.0, 48.0, 35.0, 29.0, 19.0, 17.0, 34.0, 45.0, 18.0, 9.0, 21.0, 43.0, 7.0, 6.0, 6.0, 31.0, 43.0]
[49.0, 25.0, 15.0, 25.0, 4.0, 15.0, 25.0, 25.0, 36.0, 5.0, 14.0, 16.0, 48.0, 6.0, 37.0, 5.0, 35.0, 15.0, 37.0, 47.0]
[5.0, 5.0, 5.0, 5.0, 5.0, 5.0, 5.0, 5.0, 9.0, 9.0, 9.0, 9.0, 12.0, 12.0, 12.0, 12.0, 9.0, 9.0, 9.0, 9.0]
[5.0, 5.0, 5.0, 5.0, 5.0, 5.0, 5.0, 5.0, 9.0, 9.0, 9.0, 9.0, 8.0, 8.0, 8.0, 8.0, 9.0, 9.0, 9.0, 9.0]
T = 1.0	 step = 47
101.06
19.43757634943182
[25.0, 4.0, 28.0, 12.0, 48.0, 35.0, 29.0, 20.0, 17.0, 34.0, 45.0, 18.0, 9.0, 21.0, 43.0, 7.0, 6.0, 6.0, 31.0, 43.0]
[49.0, 25.0, 15.0, 25.0, 4.0, 15.0, 25.0, 25.0, 36.0, 5.0, 14.0, 16.0, 48.0, 6.0, 37.0, 5.0, 35.0, 15.0, 37.0, 47.0]
[5.0, 5.0, 5.0, 5.0, 5.0, 5.0, 5.0, 5.0, 9.0, 9.0, 9.0, 9.0, 12.0, 12.0, 12.0, 12.0, 9.0, 9.0, 9.0, 9.0]
[5.0, 5.0, 5.0, 5.0, 5.0, 5.0, 5.0, 5.0, 9.0, 9.0, 9.0, 9.0, 8.0, 8.0, 8.0, 8.0, 9.0, 9.0, 9.0, 9.0]
T = 1.0	 step = 48
101.13
19.438024236505683
[25.0, 4.0, 28.0, 13.0, 48.0, 35.0, 29.0, 20.0, 17.0, 34.0, 45.0, 18.0, 9.0, 21.0, 43.0, 7.0, 6.0, 6.0, 31.0, 43.0]
[49.0, 25.0, 15.0, 25.0, 4.0, 15.0, 25.0, 25.0, 36.0, 5.0, 14.0, 16.0, 48.0, 6.0, 37.0, 5.0, 35.0, 15.0, 37.0, 47.0]
[5.0, 5.0, 5.0, 5.0, 5.0, 5.0, 5.0, 5.0, 9.0, 9.0, 9.0, 9.0, 12.0, 12.0, 12.0, 12.0, 9.0, 9.0, 9.0, 9.0]
[5.0, 5.0, 5.0, 5.0, 5.0, 5.0, 5.0, 5.0, 9.0, 9.0, 9.0, 9.0, 8.0, 8.0, 8.0, 8.0, 9.0, 9.0, 9.0, 9.0]
T = 1.0	 step = 49
101.24000000000001
19.438024236505683
[25.0, 4.0, 27.0, 13.0, 48.0, 35.0, 29.0, 20.0, 17.0, 34.0, 45.0, 18.0, 9.0, 21.0, 43.0, 7.0, 6.0, 6.0, 31.0, 43.0]
[49.0, 25.0, 15.0, 25.0, 4.0, 15.0, 25.0, 25.0, 36.0, 5.0, 14.0, 16.0, 48.0, 6.0, 37.0, 5.0, 35.0, 15.0, 37.0, 47.0]
[5.0, 5.0, 5.0, 5.0, 5.0, 5.0, 5.0, 5.0, 9.0, 9.0, 9.0, 9.0, 12.0, 12.0, 12.0, 12.0, 9.0, 9.0, 9.0, 9.0]
[5.0, 5.0, 5.0, 5.0, 5.0, 5.0, 5.0, 5.0, 9.0, 9.0, 9.0, 9.0, 8.0, 8.0, 8.0, 8.0, 9.0, 9.0, 9.0, 9.0]
T = 1.0	 step = 50
101.23000000000002
19.500524236505683
[25.0, 4.0, 27.0, 13.0, 48.0, 35.0, 29.0, 20.0, 17.0, 34.0, 45.0, 18.0, 8.0, 21.0, 43.0, 7.0, 6.0, 6.0, 31.0, 43.0]
[49.0, 25.0, 15.0, 25.0, 4.0, 15.0, 25.0, 25.0, 36.0, 5.0, 14.0, 16.0, 48.0, 6.0, 37.0, 5.0, 35.0, 15.0, 37.0, 47.0]
[5.0, 5.0, 5.0, 5.0, 5.0, 5.0, 5.0, 5.0, 9.0, 9.0, 9.0, 9.0, 12.0, 12.0, 12.0, 12.0, 9.0, 9.0, 9.0, 9.0]
[5.0, 5.0, 5.0, 5.0, 5.0, 5.0, 5.0, 5.0, 9.0, 9.0, 9.0, 9.0, 8.0, 8.0, 8.0, 8.0, 9.0, 9.0, 9.0, 9.0]
T = 1.0	 step = 51
101.49000000000001
19.4495654296875
[25.0, 4.0, 27.0, 13.0, 48.0, 34.0, 29.0, 20.0, 17.0, 34.0, 45.0, 18.0, 8.0, 21.0, 43.0, 7.0, 6.0, 6.0, 31.0, 43.0]
[49.0, 25.0, 15.0, 25.0, 4.0, 15.0, 25.0, 25.0, 36.0, 5.0, 14.0, 16.0, 48.0, 6.0, 37.0, 5.0, 35.0, 15.0, 37.0, 47.0]
[5.0, 5.0, 5.0, 5.0, 5.0, 5.0, 5.0, 5.0, 9.0, 9.0, 9.0, 9.0, 12.0, 12.0, 12.0, 12.0, 9.0, 9.0, 9.0, 9.0]
[5.0, 5.0, 5.0, 5.0, 5.0, 5.0, 5.0, 5.0, 9.0, 9.0, 9.0, 9.0, 8.0, 8.0, 8.0, 8.0, 9.0, 9.0, 9.0, 9.0]
T = 1.0	 step = 52
101.53000000000003
19.387065429687496
[25.0, 4.0, 27.0, 13.0, 48.0, 34.0, 29.0, 20.0, 17.0, 34.0, 45.0, 18.0, 8.0, 21.0, 43.0, 8.0, 6.0, 6.0, 31.0, 43.0]
[49.0, 25.0, 15.0, 25.0, 4.0, 15.0, 25.0, 25.0, 36.0, 5.0, 14.0, 16.0, 48.0, 6.0, 37.0, 5.0, 35.0, 15.0, 37.0, 47.0]
[5.0, 5.0, 5.0, 5.0, 5.0, 5.0, 5.0, 5.0, 9.0, 9.0, 9.0, 9.0, 12.0, 12.0, 12.0, 12.0, 9.0, 9.0, 9.0, 9.0]
[5.0, 5.0, 5.0, 5.0, 5.0, 5.0, 5.0, 5.0, 9.0, 9.0, 9.0, 9.0, 8.0, 8.0, 8.0, 8.0, 9.0, 9.0, 9.0, 9.0]
T = 1.0	 step = 53
101.59000000000003
19.295676491477273
[25.0, 5.0, 27.0, 13.0, 48.0, 34.0, 29.0, 20.0, 17.0, 34.0, 45.0, 18.0, 8.0, 21.0, 43.0, 8.0, 6.0, 6.0, 31.0, 43.0]
[49.0, 25.0, 15.0, 25.0, 4.0, 15.0, 25.0, 25.0, 36.0, 5.0, 14.0, 16.0, 48.0, 6.0, 37.0, 5.0, 35.0, 15.0, 37.0, 47.0]
[5.0, 5.0, 5.0, 5.0, 5.0, 5.0, 5.0, 5.0, 9.0, 9.0, 9.0, 9.0, 12.0, 12.0, 12.0, 12.0, 9.0, 9.0, 9.0, 9.0]
[5.0, 5.0, 5.0, 5.0, 5.0, 5.0, 5.0, 5.0, 9.0, 9.0, 9.0, 9.0, 8.0, 8.0, 8.0, 8.0, 9.0, 9.0, 9.0, 9.0]
T = 1.0	 step = 54
101.92000000000002
18.605109197443184
[25.0, 5.0, 27.0, 13.0, 42.0, 34.0, 29.0, 20.0, 17.0, 34.0, 45.0, 18.0, 8.0, 21.0, 43.0, 8.0, 6.0, 6.0, 31.0, 43.0]
[49.0, 25.0, 15.0, 25.0, 26.0, 15.0, 25.0, 25.0, 36.0, 5.0, 14.0, 16.0, 48.0, 6.0, 37.0, 5.0, 35.0, 15.0, 37.0, 47.0]
[5.0, 5.0, 5.0, 5.0, 5.0, 5.0, 5.0, 5.0, 9.0, 9.0, 9.0, 9.0, 12.0, 12.0, 12.0, 12.0, 9.0, 9.0, 9.0, 9.0]
[5.0, 5.0, 5.0, 5.0, 5.0, 5.0, 5.0, 5.0, 9.0, 9.0, 9.0, 9.0, 8.0, 8.0, 8.0, 8.0, 9.0, 9.0, 9.0, 9.0]
T = 0.8	 step = 55
101.96000000000004
18.480109197443184
[25.0, 5.0, 27.0, 13.0, 42.0, 34.0, 29.0, 20.0, 17.0, 34.0, 45.0, 18.0, 8.0, 21.0, 43.0, 8.0, 6.0, 6.0, 31.0, 43.0]
[48.0, 25.0, 15.0, 25.0, 26.0, 15.0, 25.0, 25.0, 36.0, 5.0, 14.0, 16.0, 48.0, 6.0, 37.0, 5.0, 35.0, 15.0, 37.0, 47.0]
[5.0, 5.0, 5.0, 5.0, 5.0, 5.0, 5.0, 5.0, 9.0, 9.0, 9.0, 9.0, 12.0, 12.0, 12.0, 12.0, 9.0, 9.0, 9.0, 9.0]
[5.0, 5.0, 5.0, 5.0, 5.0, 5.0, 5.0, 5.0, 9.0, 9.0, 9.0, 9.0, 8.0, 8.0, 8.0, 8.0, 9.0, 9.0, 9.0, 9.0]
T = 0.8	 step = 56
101.86000000000001
18.35510919744318
[25.0, 5.0, 27.0, 13.0, 42.0, 34.0, 29.0, 20.0, 17.0, 34.0, 45.0, 18.0, 8.0, 21.0, 43.0, 8.0, 6.0, 6.0, 31.0, 43.0]
[48.0, 25.0, 15.0, 25.0, 26.0, 15.0, 25.0, 26.0, 36.0, 5.0, 14.0, 16.0, 48.0, 6.0, 37.0, 5.0, 35.0, 15.0, 37.0, 47.0]
[5.0, 5.0, 5.0, 5.0, 5.0, 5.0, 5.0, 5.0, 9.0, 9.0, 9.0, 9.0, 12.0, 12.0, 12.0, 12.0, 9.0, 9.0, 9.0, 9.0]
[5.0, 5.0, 5.0, 5.0, 5.0, 5.0, 5.0, 5.0, 9.0, 9.0, 9.0, 9.0, 8.0, 8.0, 8.0, 8.0, 9.0, 9.0, 9.0, 9.0]
T = 0.8	 step = 57
101.70000000000005
18.23010919744318
[25.0, 5.0, 27.0, 13.0, 42.0, 34.0, 29.0, 20.0, 17.0, 34.0, 45.0, 18.0, 8.0, 21.0, 43.0, 8.0, 6.0, 6.0, 31.0, 43.0]
[48.0, 25.0, 15.0, 25.0, 26.0, 15.0, 25.0, 26.0, 37.0, 5.0, 14.0, 16.0, 48.0, 6.0, 37.0, 5.0, 35.0, 15.0, 37.0, 47.0]
[5.0, 5.0, 5.0, 5.0, 5.0, 5.0, 5.0, 5.0, 9.0, 9.0, 9.0, 9.0, 12.0, 12.0, 12.0, 12.0, 9.0, 9.0, 9.0, 9.0]
[5.0, 5.0, 5.0, 5.0, 5.0, 5.0, 5.0, 5.0, 9.0, 9.0, 9.0, 9.0, 8.0, 8.0, 8.0, 8.0, 9.0, 9.0, 9.0, 9.0]
T = 0.8	 step = 58
101.65000000000003
18.29260919744318
[25.0, 5.0, 27.0, 13.0, 42.0, 34.0, 29.0, 20.0, 17.0, 34.0, 45.0, 18.0, 8.0, 21.0, 43.0, 8.0, 6.0, 6.0, 31.0, 43.0]
[48.0, 25.0, 15.0, 26.0, 26.0, 15.0, 25.0, 26.0, 37.0, 5.0, 14.0, 16.0, 48.0, 6.0, 37.0, 5.0, 35.0, 15.0, 37.0, 47.0]
[5.0, 5.0, 5.0, 5.0, 5.0, 5.0, 5.0, 5.0, 9.0, 9.0, 9.0, 9.0, 12.0, 12.0, 12.0, 12.0, 9.0, 9.0, 9.0, 9.0]
[5.0, 5.0, 5.0, 5.0, 5.0, 5.0, 5.0, 5.0, 9.0, 9.0, 9.0, 9.0, 8.0, 8.0, 8.0, 8.0, 9.0, 9.0, 9.0, 9.0]
T = 0.8	 step = 59
101.64000000000004
18.29278675426136
[25.0, 5.0, 27.0, 13.0, 42.0, 34.0, 29.0, 20.0, 17.0, 34.0, 45.0, 18.0, 8.0, 21.0, 43.0, 8.0, 6.0, 6.0, 31.0, 43.0]
[48.0, 25.0, 15.0, 26.0, 26.0, 15.0, 25.0, 26.0, 37.0, 5.0, 14.0, 17.0, 48.0, 6.0, 37.0, 5.0, 35.0, 15.0, 37.0, 47.0]
[5.0, 5.0, 5.0, 5.0, 5.0, 5.0, 5.0, 5.0, 9.0, 9.0, 9.0, 9.0, 12.0, 12.0, 12.0, 12.0, 9.0, 9.0, 9.0, 9.0]
[5.0, 5.0, 5.0, 5.0, 5.0, 5.0, 5.0, 5.0, 9.0, 9.0, 9.0, 9.0, 8.0, 8.0, 8.0, 8.0, 9.0, 9.0, 9.0, 9.0]
T = 0.8	 step = 60
101.62
18.355286754261364
[25.0, 5.0, 27.0, 13.0, 42.0, 34.0, 29.0, 20.0, 17.0, 34.0, 45.0, 18.0, 8.0, 21.0, 43.0, 7.0, 6.0, 6.0, 31.0, 43.0]
[48.0, 25.0, 15.0, 26.0, 26.0, 15.0, 25.0, 26.0, 37.0, 5.0, 14.0, 17.0, 48.0, 6.0, 37.0, 5.0, 35.0, 15.0, 37.0, 47.0]
[5.0, 5.0, 5.0, 5.0, 5.0, 5.0, 5.0, 5.0, 9.0, 9.0, 9.0, 9.0, 12.0, 12.0, 12.0, 12.0, 9.0, 9.0, 9.0, 9.0]
[5.0, 5.0, 5.0, 5.0, 5.0, 5.0, 5.0, 5.0, 9.0, 9.0, 9.0, 9.0, 8.0, 8.0, 8.0, 8.0, 9.0, 9.0, 9.0, 9.0]
T = 0.8	 step = 61
101.63
18.292786754261364
[25.0, 5.0, 27.0, 13.0, 42.0, 34.0, 29.0, 20.0, 17.0, 34.0, 45.0, 18.0, 8.0, 21.0, 43.0, 7.0, 6.0, 6.0, 31.0, 42.0]
[48.0, 25.0, 15.0, 26.0, 26.0, 15.0, 25.0, 26.0, 37.0, 5.0, 14.0, 17.0, 48.0, 6.0, 37.0, 5.0, 35.0, 15.0, 37.0, 47.0]
[5.0, 5.0, 5.0, 5.0, 5.0, 5.0, 5.0, 5.0, 9.0, 9.0, 9.0, 9.0, 12.0, 12.0, 12.0, 12.0, 9.0, 9.0, 9.0, 9.0]
[5.0, 5.0, 5.0, 5.0, 5.0, 5.0, 5.0, 5.0, 9.0, 9.0, 9.0, 9.0, 8.0, 8.0, 8.0, 8.0, 9.0, 9.0, 9.0, 9.0]
T = 0.8	 step = 62
101.64000000000004
18.23028675426136
[25.0, 5.0, 27.0, 13.0, 42.0, 34.0, 29.0, 20.0, 17.0, 34.0, 45.0, 18.0, 8.0, 21.0, 43.0, 7.0, 6.0, 6.0, 31.0, 42.0]
[48.0, 25.0, 15.0, 26.0, 25.0, 15.0, 25.0, 26.0, 37.0, 5.0, 14.0, 17.0, 48.0, 6.0, 37.0, 5.0, 35.0, 15.0, 37.0, 47.0]
[5.0, 5.0, 5.0, 5.0, 5.0, 5.0, 5.0, 5.0, 9.0, 9.0, 9.0, 9.0, 12.0, 12.0, 12.0, 12.0, 9.0, 9.0, 9.0, 9.0]
[5.0, 5.0, 5.0, 5.0, 5.0, 5.0, 5.0, 5.0, 9.0, 9.0, 9.0, 9.0, 8.0, 8.0, 8.0, 8.0, 9.0, 9.0, 9.0, 9.0]
T = 0.8	 step = 63
101.67000000000002
18.23028675426136
[25.0, 5.0, 27.0, 13.0, 42.0, 34.0, 29.0, 20.0, 17.0, 34.0, 45.0, 18.0, 8.0, 21.0, 43.0, 7.0, 6.0, 6.0, 31.0, 42.0]
[48.0, 25.0, 15.0, 26.0, 25.0, 15.0, 25.0, 26.0, 37.0, 5.0, 14.0, 16.0, 48.0, 6.0, 37.0, 5.0, 35.0, 15.0, 37.0, 47.0]
[5.0, 5.0, 5.0, 5.0, 5.0, 5.0, 5.0, 5.0, 9.0, 9.0, 9.0, 9.0, 12.0, 12.0, 12.0, 12.0, 9.0, 9.0, 9.0, 9.0]
[5.0, 5.0, 5.0, 5.0, 5.0, 5.0, 5.0, 5.0, 9.0, 9.0, 9.0, 9.0, 8.0, 8.0, 8.0, 8.0, 9.0, 9.0, 9.0, 9.0]
T = 0.8	 step = 64
101.82000000000005
18.355109197443184
[25.0, 5.0, 27.0, 13.0, 42.0, 34.0, 29.0, 20.0, 17.0, 34.0, 45.0, 18.0, 8.0, 21.0, 43.0, 7.0, 6.0, 6.0, 31.0, 42.0]
[48.0, 25.0, 15.0, 26.0, 25.0, 15.0, 25.0, 26.0, 36.0, 5.0, 14.0, 16.0, 48.0, 6.0, 37.0, 5.0, 35.0, 15.0, 37.0, 47.0]
[5.0, 5.0, 5.0, 5.0, 5.0, 5.0, 5.0, 5.0, 9.0, 9.0, 9.0, 9.0, 12.0, 12.0, 12.0, 12.0, 9.0, 9.0, 9.0, 9.0]
[5.0, 5.0, 5.0, 5.0, 5.0, 5.0, 5.0, 5.0, 9.0, 9.0, 9.0, 9.0, 8.0, 8.0, 8.0, 8.0, 9.0, 9.0, 9.0, 9.0]
T = 0.8	 step = 65
101.80000000000001
18.307878196022724
[25.0, 5.0, 27.0, 13.0, 42.0, 34.0, 29.0, 20.0, 17.0, 34.0, 45.0, 18.0, 8.0, 21.0, 44.0, 7.0, 6.0, 6.0, 31.0, 42.0]
[48.0, 25.0, 15.0, 26.0, 25.0, 15.0, 25.0, 26.0, 36.0, 5.0, 14.0, 16.0, 48.0, 6.0, 37.0, 5.0, 35.0, 15.0, 37.0, 47.0]
[5.0, 5.0, 5.0, 5.0, 5.0, 5.0, 5.0, 5.0, 9.0, 9.0, 9.0, 9.0, 12.0, 12.0, 12.0, 12.0, 9.0, 9.0, 9.0, 9.0]
[5.0, 5.0, 5.0, 5.0, 5.0, 5.0, 5.0, 5.0, 9.0, 9.0, 9.0, 9.0, 8.0, 8.0, 8.0, 8.0, 9.0, 9.0, 9.0, 9.0]
T = 0.8	 step = 66
101.79000000000002
18.370378196022724
[25.0, 5.0, 27.0, 13.0, 42.0, 34.0, 29.0, 20.0, 17.0, 34.0, 45.0, 18.0, 8.0, 21.0, 44.0, 7.0, 6.0, 6.0, 31.0, 42.0]
[48.0, 25.0, 15.0, 26.0, 25.0, 15.0, 25.0, 26.0, 36.0, 5.0, 14.0, 16.0, 48.0, 6.0, 37.0, 5.0, 36.0, 15.0, 37.0, 47.0]
[5.0, 5.0, 5.0, 5.0, 5.0, 5.0, 5.0, 5.0, 9.0, 9.0, 9.0, 9.0, 12.0, 12.0, 12.0, 12.0, 9.0, 9.0, 9.0, 9.0]
[5.0, 5.0, 5.0, 5.0, 5.0, 5.0, 5.0, 5.0, 9.0, 9.0, 9.0, 9.0, 8.0, 8.0, 8.0, 8.0, 9.0, 9.0, 9.0, 9.0]
T = 0.8	 step = 67
101.62
18.495200639204544
[25.0, 5.0, 27.0, 13.0, 42.0, 34.0, 29.0, 20.0, 17.0, 34.0, 45.0, 18.0, 8.0, 21.0, 44.0, 7.0, 6.0, 6.0, 31.0, 42.0]
[48.0, 25.0, 15.0, 26.0, 25.0, 15.0, 26.0, 26.0, 36.0, 5.0, 14.0, 16.0, 48.0, 6.0, 37.0, 5.0, 36.0, 15.0, 37.0, 47.0]
[5.0, 5.0, 5.0, 5.0, 5.0, 5.0, 5.0, 5.0, 9.0, 9.0, 9.0, 9.0, 12.0, 12.0, 12.0, 12.0, 9.0, 9.0, 9.0, 9.0]
[5.0, 5.0, 5.0, 5.0, 5.0, 5.0, 5.0, 5.0, 9.0, 9.0, 9.0, 9.0, 8.0, 8.0, 8.0, 8.0, 9.0, 9.0, 9.0, 9.0]
T = 0.8	 step = 68
101.78000000000003
18.495200639204544
[25.0, 5.0, 27.0, 13.0, 42.0, 34.0, 29.0, 20.0, 17.0, 34.0, 45.0, 18.0, 8.0, 21.0, 44.0, 7.0, 6.0, 6.0, 31.0, 42.0]
[48.0, 25.0, 16.0, 26.0, 25.0, 15.0, 26.0, 26.0, 36.0, 5.0, 14.0, 16.0, 48.0, 6.0, 37.0, 5.0, 36.0, 15.0, 37.0, 47.0]
[5.0, 5.0, 5.0, 5.0, 5.0, 5.0, 5.0, 5.0, 9.0, 9.0, 9.0, 9.0, 12.0, 12.0, 12.0, 12.0, 9.0, 9.0, 9.0, 9.0]
[5.0, 5.0, 5.0, 5.0, 5.0, 5.0, 5.0, 5.0, 9.0, 9.0, 9.0, 9.0, 8.0, 8.0, 8.0, 8.0, 9.0, 9.0, 9.0, 9.0]
T = 0.8	 step = 69
102.0
18.370200639204544
[25.0, 5.0, 27.0, 13.0, 42.0, 34.0, 27.0, 20.0, 17.0, 34.0, 45.0, 18.0, 8.0, 21.0, 44.0, 7.0, 6.0, 6.0, 31.0, 42.0]
[48.0, 25.0, 16.0, 26.0, 25.0, 15.0, 26.0, 26.0, 36.0, 5.0, 14.0, 16.0, 48.0, 6.0, 37.0, 5.0, 36.0, 15.0, 37.0, 47.0]
[5.0, 5.0, 5.0, 5.0, 5.0, 5.0, 5.0, 5.0, 9.0, 9.0, 9.0, 9.0, 12.0, 12.0, 12.0, 12.0, 9.0, 9.0, 9.0, 9.0]
[5.0, 5.0, 5.0, 5.0, 5.0, 5.0, 5.0, 5.0, 9.0, 9.0, 9.0, 9.0, 8.0, 8.0, 8.0, 8.0, 9.0, 9.0, 9.0, 9.0]
T = 0.8	 step = 70
101.79000000000002
18.370200639204544
[25.0, 5.0, 27.0, 12.0, 42.0, 34.0, 27.0, 20.0, 17.0, 34.0, 45.0, 18.0, 8.0, 21.0, 44.0, 7.0, 6.0, 6.0, 31.0, 42.0]
[48.0, 25.0, 16.0, 26.0, 25.0, 15.0, 26.0, 26.0, 36.0, 5.0, 14.0, 16.0, 48.0, 6.0, 37.0, 5.0, 36.0, 15.0, 37.0, 47.0]
[5.0, 5.0, 5.0, 5.0, 5.0, 5.0, 5.0, 5.0, 9.0, 9.0, 9.0, 9.0, 12.0, 12.0, 12.0, 12.0, 9.0, 9.0, 9.0, 9.0]
[5.0, 5.0, 5.0, 5.0, 5.0, 5.0, 5.0, 5.0, 9.0, 9.0, 9.0, 9.0, 8.0, 8.0, 8.0, 8.0, 9.0, 9.0, 9.0, 9.0]
T = 0.8	 step = 71
102.02000000000004
18.245200639204544
[25.0, 5.0, 27.0, 12.0, 42.0, 34.0, 27.0, 20.0, 17.0, 34.0, 45.0, 18.0, 8.0, 21.0, 44.0, 7.0, 6.0, 6.0, 31.0, 42.0]
[48.0, 25.0, 16.0, 26.0, 25.0, 15.0, 26.0, 26.0, 36.0, 6.0, 14.0, 16.0, 48.0, 6.0, 37.0, 5.0, 36.0, 15.0, 37.0, 47.0]
[5.0, 5.0, 5.0, 5.0, 5.0, 5.0, 5.0, 5.0, 9.0, 9.0, 9.0, 9.0, 12.0, 12.0, 12.0, 12.0, 9.0, 9.0, 9.0, 9.0]
[5.0, 5.0, 5.0, 5.0, 5.0, 5.0, 5.0, 5.0, 9.0, 9.0, 9.0, 9.0, 8.0, 8.0, 8.0, 8.0, 9.0, 9.0, 9.0, 9.0]
T = 0.8	 step = 72
101.90000000000003
18.370200639204544
[25.0, 5.0, 27.0, 12.0, 42.0, 34.0, 27.0, 20.0, 17.0, 34.0, 45.0, 18.0, 8.0, 21.0, 44.0, 7.0, 6.0, 6.0, 31.0, 42.0]
[48.0, 25.0, 16.0, 26.0, 25.0, 15.0, 27.0, 26.0, 36.0, 6.0, 14.0, 16.0, 48.0, 6.0, 37.0, 5.0, 36.0, 15.0, 37.0, 47.0]
[5.0, 5.0, 5.0, 5.0, 5.0, 5.0, 5.0, 5.0, 9.0, 9.0, 9.0, 9.0, 12.0, 12.0, 12.0, 12.0, 9.0, 9.0, 9.0, 9.0]
[5.0, 5.0, 5.0, 5.0, 5.0, 5.0, 5.0, 5.0, 9.0, 9.0, 9.0, 9.0, 8.0, 8.0, 8.0, 8.0, 9.0, 9.0, 9.0, 9.0]
T = 0.8	 step = 73
101.71000000000004
18.245200639204544
[25.0, 5.0, 27.0, 12.0, 42.0, 34.0, 27.0, 20.0, 17.0, 34.0, 45.0, 18.0, 8.0, 21.0, 44.0, 7.0, 6.0, 6.0, 31.0, 42.0]
[48.0, 25.0, 16.0, 26.0, 25.0, 15.0, 27.0, 26.0, 37.0, 6.0, 14.0, 16.0, 48.0, 6.0, 37.0, 5.0, 36.0, 15.0, 37.0, 47.0]
[5.0, 5.0, 5.0, 5.0, 5.0, 5.0, 5.0, 5.0, 9.0, 9.0, 9.0, 9.0, 12.0, 12.0, 12.0, 12.0, 9.0, 9.0, 9.0, 9.0]
[5.0, 5.0, 5.0, 5.0, 5.0, 5.0, 5.0, 5.0, 9.0, 9.0, 9.0, 9.0, 8.0, 8.0, 8.0, 8.0, 9.0, 9.0, 9.0, 9.0]
T = 0.8	 step = 74
101.74000000000001
18.182700639204544
[25.0, 5.0, 27.0, 12.0, 42.0, 34.0, 27.0, 20.0, 17.0, 34.0, 45.0, 18.0, 8.0, 21.0, 44.0, 7.0, 6.0, 7.0, 31.0, 42.0]
[48.0, 25.0, 16.0, 26.0, 25.0, 15.0, 27.0, 26.0, 37.0, 6.0, 14.0, 16.0, 48.0, 6.0, 37.0, 5.0, 36.0, 15.0, 37.0, 47.0]
[5.0, 5.0, 5.0, 5.0, 5.0, 5.0, 5.0, 5.0, 9.0, 9.0, 9.0, 9.0, 12.0, 12.0, 12.0, 12.0, 9.0, 9.0, 9.0, 9.0]
[5.0, 5.0, 5.0, 5.0, 5.0, 5.0, 5.0, 5.0, 9.0, 9.0, 9.0, 9.0, 8.0, 8.0, 8.0, 8.0, 9.0, 9.0, 9.0, 9.0]
T = 0.8	 step = 75
101.71000000000004
18.245200639204544
[25.0, 5.0, 27.0, 12.0, 42.0, 34.0, 27.0, 20.0, 17.0, 34.0, 45.0, 18.0, 8.0, 21.0, 44.0, 7.0, 6.0, 7.0, 31.0, 42.0]
[48.0, 25.0, 16.0, 26.0, 25.0, 15.0, 27.0, 26.0, 37.0, 6.0, 14.0, 16.0, 48.0, 6.0, 37.0, 5.0, 36.0, 15.0, 38.0, 47.0]
[5.0, 5.0, 5.0, 5.0, 5.0, 5.0, 5.0, 5.0, 9.0, 9.0, 9.0, 9.0, 12.0, 12.0, 12.0, 12.0, 9.0, 9.0, 9.0, 9.0]
[5.0, 5.0, 5.0, 5.0, 5.0, 5.0, 5.0, 5.0, 9.0, 9.0, 9.0, 9.0, 8.0, 8.0, 8.0, 8.0, 9.0, 9.0, 9.0, 9.0]
T = 0.8	 step = 76
101.70000000000005
18.370200639204544
[26.0, 5.0, 27.0, 12.0, 42.0, 34.0, 27.0, 20.0, 17.0, 34.0, 45.0, 18.0, 8.0, 21.0, 44.0, 7.0, 6.0, 7.0, 31.0, 42.0]
[48.0, 25.0, 16.0, 26.0, 25.0, 15.0, 27.0, 26.0, 37.0, 6.0, 14.0, 16.0, 48.0, 6.0, 37.0, 5.0, 36.0, 15.0, 38.0, 47.0]
[5.0, 5.0, 5.0, 5.0, 5.0, 5.0, 5.0, 5.0, 9.0, 9.0, 9.0, 9.0, 12.0, 12.0, 12.0, 12.0, 9.0, 9.0, 9.0, 9.0]
[5.0, 5.0, 5.0, 5.0, 5.0, 5.0, 5.0, 5.0, 9.0, 9.0, 9.0, 9.0, 8.0, 8.0, 8.0, 8.0, 9.0, 9.0, 9.0, 9.0]
T = 0.8	 step = 77
101.94
18.370200639204544
[26.0, 5.0, 27.0, 12.0, 42.0, 34.0, 27.0, 20.0, 17.0, 34.0, 45.0, 18.0, 8.0, 21.0, 44.0, 7.0, 6.0, 7.0, 31.0, 42.0]
[48.0, 25.0, 16.0, 26.0, 25.0, 15.0, 27.0, 26.0, 37.0, 6.0, 14.0, 17.0, 48.0, 6.0, 37.0, 5.0, 36.0, 15.0, 38.0, 47.0]
[5.0, 5.0, 5.0, 5.0, 5.0, 5.0, 5.0, 5.0, 9.0, 9.0, 9.0, 9.0, 12.0, 12.0, 12.0, 12.0, 9.0, 9.0, 9.0, 9.0]
[5.0, 5.0, 5.0, 5.0, 5.0, 5.0, 5.0, 5.0, 9.0, 9.0, 9.0, 9.0, 8.0, 8.0, 8.0, 8.0, 9.0, 9.0, 9.0, 9.0]
T = 0.8	 step = 78
101.94
18.307700639204544
[26.0, 5.0, 27.0, 12.0, 42.0, 34.0, 27.0, 20.0, 17.0, 34.0, 45.0, 18.0, 8.0, 21.0, 44.0, 7.0, 6.0, 7.0, 31.0, 42.0]
[48.0, 26.0, 16.0, 26.0, 25.0, 15.0, 27.0, 26.0, 37.0, 6.0, 14.0, 17.0, 48.0, 6.0, 37.0, 5.0, 36.0, 15.0, 38.0, 47.0]
[5.0, 5.0, 5.0, 5.0, 5.0, 5.0, 5.0, 5.0, 9.0, 9.0, 9.0, 9.0, 12.0, 12.0, 12.0, 12.0, 9.0, 9.0, 9.0, 9.0]
[5.0, 5.0, 5.0, 5.0, 5.0, 5.0, 5.0, 5.0, 9.0, 9.0, 9.0, 9.0, 8.0, 8.0, 8.0, 8.0, 9.0, 9.0, 9.0, 9.0]
T = 0.8	 step = 79
101.97000000000003
18.245200639204544
[26.0, 5.0, 27.0, 12.0, 42.0, 34.0, 27.0, 20.0, 17.0, 34.0, 45.0, 18.0, 8.0, 21.0, 44.0, 7.0, 6.0, 7.0, 31.0, 42.0]
[48.0, 26.0, 16.0, 26.0, 25.0, 15.0, 27.0, 26.0, 37.0, 6.0, 14.0, 17.0, 48.0, 6.0, 37.0, 5.0, 35.0, 15.0, 38.0, 47.0]
[5.0, 5.0, 5.0, 5.0, 5.0, 5.0, 5.0, 5.0, 9.0, 9.0, 9.0, 9.0, 12.0, 12.0, 12.0, 12.0, 9.0, 9.0, 9.0, 9.0]
[5.0, 5.0, 5.0, 5.0, 5.0, 5.0, 5.0, 5.0, 9.0, 9.0, 9.0, 9.0, 8.0, 8.0, 8.0, 8.0, 9.0, 9.0, 9.0, 9.0]
T = 0.8	 step = 80
101.70000000000005
18.245200639204544
[26.0, 5.0, 27.0, 12.0, 42.0, 34.0, 27.0, 20.0, 17.0, 34.0, 45.0, 18.0, 8.0, 21.0, 44.0, 7.0, 6.0, 7.0, 31.0, 42.0]
[48.0, 26.0, 16.0, 26.0, 25.0, 15.0, 27.0, 26.0, 37.0, 6.0, 14.0, 16.0, 48.0, 6.0, 37.0, 5.0, 35.0, 15.0, 38.0, 47.0]
[5.0, 5.0, 5.0, 5.0, 5.0, 5.0, 5.0, 5.0, 9.0, 9.0, 9.0, 9.0, 12.0, 12.0, 12.0, 12.0, 9.0, 9.0, 9.0, 9.0]
[5.0, 5.0, 5.0, 5.0, 5.0, 5.0, 5.0, 5.0, 9.0, 9.0, 9.0, 9.0, 8.0, 8.0, 8.0, 8.0, 9.0, 9.0, 9.0, 9.0]
T = 0.8	 step = 81
101.97000000000003
18.245200639204544
[26.0, 5.0, 27.0, 12.0, 42.0, 34.0, 27.0, 20.0, 17.0, 34.0, 45.0, 18.0, 8.0, 21.0, 44.0, 7.0, 6.0, 7.0, 31.0, 42.0]
[48.0, 26.0, 16.0, 26.0, 25.0, 15.0, 27.0, 26.0, 37.0, 6.0, 14.0, 17.0, 48.0, 6.0, 37.0, 5.0, 35.0, 15.0, 38.0, 47.0]
[5.0, 5.0, 5.0, 5.0, 5.0, 5.0, 5.0, 5.0, 9.0, 9.0, 9.0, 9.0, 12.0, 12.0, 12.0, 12.0, 9.0, 9.0, 9.0, 9.0]
[5.0, 5.0, 5.0, 5.0, 5.0, 5.0, 5.0, 5.0, 9.0, 9.0, 9.0, 9.0, 8.0, 8.0, 8.0, 8.0, 9.0, 9.0, 9.0, 9.0]
T = 0.8	 step = 82
102.0
18.291187855113634
[26.0, 5.0, 27.0, 12.0, 42.0, 34.0, 27.0, 20.0, 17.0, 34.0, 45.0, 18.0, 8.0, 21.0, 44.0, 7.0, 6.0, 7.0, 30.0, 42.0]
[48.0, 26.0, 16.0, 26.0, 25.0, 15.0, 27.0, 26.0, 37.0, 6.0, 14.0, 17.0, 48.0, 6.0, 37.0, 5.0, 35.0, 15.0, 38.0, 47.0]
[5.0, 5.0, 5.0, 5.0, 5.0, 5.0, 5.0, 5.0, 9.0, 9.0, 9.0, 9.0, 12.0, 12.0, 12.0, 12.0, 9.0, 9.0, 9.0, 9.0]
[5.0, 5.0, 5.0, 5.0, 5.0, 5.0, 5.0, 5.0, 9.0, 9.0, 9.0, 9.0, 8.0, 8.0, 8.0, 8.0, 9.0, 9.0, 9.0, 9.0]
T = 0.8	 step = 83
101.92000000000002
18.34505992542614
[26.0, 5.0, 27.0, 12.0, 42.0, 35.0, 27.0, 20.0, 17.0, 34.0, 45.0, 18.0, 8.0, 21.0, 44.0, 7.0, 6.0, 7.0, 30.0, 42.0]
[48.0, 26.0, 16.0, 26.0, 25.0, 15.0, 27.0, 26.0, 37.0, 6.0, 14.0, 17.0, 48.0, 6.0, 37.0, 5.0, 35.0, 15.0, 38.0, 47.0]
[5.0, 5.0, 5.0, 5.0, 5.0, 5.0, 5.0, 5.0, 9.0, 9.0, 9.0, 9.0, 12.0, 12.0, 12.0, 12.0, 9.0, 9.0, 9.0, 9.0]
[5.0, 5.0, 5.0, 5.0, 5.0, 5.0, 5.0, 5.0, 9.0, 9.0, 9.0, 9.0, 8.0, 8.0, 8.0, 8.0, 9.0, 9.0, 9.0, 9.0]
T = 0.8	 step = 84
101.45000000000005
18.345059925426135
[26.0, 5.0, 27.0, 12.0, 42.0, 35.0, 27.0, 20.0, 17.0, 34.0, 45.0, 18.0, 8.0, 21.0, 44.0, 7.0, 6.0, 7.0, 30.0, 42.0]
[48.0, 26.0, 16.0, 26.0, 25.0, 15.0, 27.0, 26.0, 37.0, 6.0, 14.0, 16.0, 48.0, 6.0, 37.0, 5.0, 35.0, 15.0, 38.0, 47.0]
[5.0, 5.0, 5.0, 5.0, 5.0, 5.0, 5.0, 5.0, 9.0, 9.0, 9.0, 9.0, 12.0, 12.0, 12.0, 12.0, 9.0, 9.0, 9.0, 9.0]
[5.0, 5.0, 5.0, 5.0, 5.0, 5.0, 5.0, 5.0, 9.0, 9.0, 9.0, 9.0, 8.0, 8.0, 8.0, 8.0, 9.0, 9.0, 9.0, 9.0]
T = 0.8	 step = 85
101.47000000000003
18.407559925426135
[26.0, 5.0, 27.0, 12.0, 42.0, 35.0, 27.0, 20.0, 17.0, 34.0, 45.0, 18.0, 8.0, 21.0, 44.0, 7.0, 6.0, 7.0, 29.0, 42.0]
[48.0, 26.0, 16.0, 26.0, 25.0, 15.0, 27.0, 26.0, 37.0, 6.0, 14.0, 16.0, 48.0, 6.0, 37.0, 5.0, 35.0, 15.0, 38.0, 47.0]
[5.0, 5.0, 5.0, 5.0, 5.0, 5.0, 5.0, 5.0, 9.0, 9.0, 9.0, 9.0, 12.0, 12.0, 12.0, 12.0, 9.0, 9.0, 9.0, 9.0]
[5.0, 5.0, 5.0, 5.0, 5.0, 5.0, 5.0, 5.0, 9.0, 9.0, 9.0, 9.0, 8.0, 8.0, 8.0, 8.0, 9.0, 9.0, 9.0, 9.0]
T = 0.8	 step = 86
101.49000000000001
18.345059925426135
[26.0, 5.0, 27.0, 12.0, 42.0, 35.0, 27.0, 20.0, 17.0, 34.0, 45.0, 18.0, 8.0, 22.0, 44.0, 7.0, 6.0, 7.0, 29.0, 42.0]
[48.0, 26.0, 16.0, 26.0, 25.0, 15.0, 27.0, 26.0, 37.0, 6.0, 14.0, 16.0, 48.0, 6.0, 37.0, 5.0, 35.0, 15.0, 38.0, 47.0]
[5.0, 5.0, 5.0, 5.0, 5.0, 5.0, 5.0, 5.0, 9.0, 9.0, 9.0, 9.0, 12.0, 12.0, 12.0, 12.0, 9.0, 9.0, 9.0, 9.0]
[5.0, 5.0, 5.0, 5.0, 5.0, 5.0, 5.0, 5.0, 9.0, 9.0, 9.0, 9.0, 8.0, 8.0, 8.0, 8.0, 9.0, 9.0, 9.0, 9.0]
T = 0.8	 step = 87
101.74000000000001
18.282559925426135
[26.0, 5.0, 27.0, 12.0, 42.0, 34.0, 27.0, 20.0, 17.0, 34.0, 45.0, 18.0, 8.0, 22.0, 44.0, 7.0, 6.0, 7.0, 29.0, 42.0]
[48.0, 26.0, 16.0, 26.0, 25.0, 15.0, 27.0, 26.0, 37.0, 6.0, 14.0, 16.0, 48.0, 6.0, 37.0, 5.0, 35.0, 15.0, 38.0, 47.0]
[5.0, 5.0, 5.0, 5.0, 5.0, 5.0, 5.0, 5.0, 9.0, 9.0, 9.0, 9.0, 12.0, 12.0, 12.0, 12.0, 9.0, 9.0, 9.0, 9.0]
[5.0, 5.0, 5.0, 5.0, 5.0, 5.0, 5.0, 5.0, 9.0, 9.0, 9.0, 9.0, 8.0, 8.0, 8.0, 8.0, 9.0, 9.0, 9.0, 9.0]
T = 0.8	 step = 88
101.65000000000003
18.249976917613633
[26.0, 5.0, 27.0, 12.0, 42.0, 34.0, 27.0, 20.0, 17.0, 34.0, 45.0, 18.0, 8.0, 22.0, 44.0, 7.0, 6.0, 7.0, 29.0, 42.0]
[48.0, 26.0, 16.0, 26.0, 25.0, 15.0, 27.0, 26.0, 37.0, 6.0, 14.0, 16.0, 48.0, 5.0, 37.0, 5.0, 35.0, 15.0, 38.0, 47.0]
[5.0, 5.0, 5.0, 5.0, 5.0, 5.0, 5.0, 5.0, 9.0, 9.0, 9.0, 9.0, 12.0, 12.0, 12.0, 12.0, 9.0, 9.0, 9.0, 9.0]
[5.0, 5.0, 5.0, 5.0, 5.0, 5.0, 5.0, 5.0, 9.0, 9.0, 9.0, 9.0, 8.0, 8.0, 8.0, 8.0, 9.0, 9.0, 9.0, 9.0]
T = 0.8	 step = 89
101.70000000000005
18.124976917613637
[26.0, 5.0, 27.0, 12.0, 42.0, 34.0, 27.0, 20.0, 17.0, 34.0, 45.0, 18.0, 8.0, 22.0, 44.0, 7.0, 6.0, 7.0, 29.0, 42.0]
[48.0, 26.0, 16.0, 25.0, 25.0, 15.0, 27.0, 26.0, 37.0, 6.0, 14.0, 16.0, 48.0, 5.0, 37.0, 5.0, 35.0, 15.0, 38.0, 47.0]
[5.0, 5.0, 5.0, 5.0, 5.0, 5.0, 5.0, 5.0, 9.0, 9.0, 9.0, 9.0, 12.0, 12.0, 12.0, 12.0, 9.0, 9.0, 9.0, 9.0]
[5.0, 5.0, 5.0, 5.0, 5.0, 5.0, 5.0, 5.0, 9.0, 9.0, 9.0, 9.0, 8.0, 8.0, 8.0, 8.0, 9.0, 9.0, 9.0, 9.0]
T = 0.8	 step = 90
101.68
18.187476917613637
[26.0, 5.0, 27.0, 12.0, 42.0, 34.0, 27.0, 20.0, 17.0, 34.0, 45.0, 18.0, 8.0, 22.0, 44.0, 7.0, 6.0, 7.0, 29.0, 42.0]
[48.0, 26.0, 16.0, 25.0, 25.0, 15.0, 27.0, 26.0, 37.0, 6.0, 14.0, 16.0, 48.0, 5.0, 37.0, 5.0, 36.0, 15.0, 38.0, 47.0]
[5.0, 5.0, 5.0, 5.0, 5.0, 5.0, 5.0, 5.0, 9.0, 9.0, 9.0, 9.0, 12.0, 12.0, 12.0, 12.0, 9.0, 9.0, 9.0, 9.0]
[5.0, 5.0, 5.0, 5.0, 5.0, 5.0, 5.0, 5.0, 9.0, 9.0, 9.0, 9.0, 8.0, 8.0, 8.0, 8.0, 9.0, 9.0, 9.0, 9.0]
T = 0.8	 step = 91
101.56
18.187476917613637
[26.0, 5.0, 27.0, 12.0, 42.0, 34.0, 27.0, 20.0, 17.0, 34.0, 45.0, 18.0, 8.0, 22.0, 44.0, 7.0, 6.0, 7.0, 29.0, 42.0]
[48.0, 26.0, 15.0, 25.0, 25.0, 15.0, 27.0, 26.0, 37.0, 6.0, 14.0, 16.0, 48.0, 5.0, 37.0, 5.0, 36.0, 15.0, 38.0, 47.0]
[5.0, 5.0, 5.0, 5.0, 5.0, 5.0, 5.0, 5.0, 9.0, 9.0, 9.0, 9.0, 12.0, 12.0, 12.0, 12.0, 9.0, 9.0, 9.0, 9.0]
[5.0, 5.0, 5.0, 5.0, 5.0, 5.0, 5.0, 5.0, 9.0, 9.0, 9.0, 9.0, 8.0, 8.0, 8.0, 8.0, 9.0, 9.0, 9.0, 9.0]
T = 0.8	 step = 92
101.51000000000005
18.27841796875
[26.0, 4.0, 27.0, 12.0, 42.0, 34.0, 27.0, 20.0, 17.0, 34.0, 45.0, 18.0, 8.0, 22.0, 44.0, 7.0, 6.0, 7.0, 29.0, 42.0]
[48.0, 26.0, 15.0, 25.0, 25.0, 15.0, 27.0, 26.0, 37.0, 6.0, 14.0, 16.0, 48.0, 5.0, 37.0, 5.0, 36.0, 15.0, 38.0, 47.0]
[5.0, 5.0, 5.0, 5.0, 5.0, 5.0, 5.0, 5.0, 9.0, 9.0, 9.0, 9.0, 12.0, 12.0, 12.0, 12.0, 9.0, 9.0, 9.0, 9.0]
[5.0, 5.0, 5.0, 5.0, 5.0, 5.0, 5.0, 5.0, 9.0, 9.0, 9.0, 9.0, 8.0, 8.0, 8.0, 8.0, 9.0, 9.0, 9.0, 9.0]
T = 0.8	 step = 93
101.5
18.34091796875
[26.0, 4.0, 27.0, 12.0, 42.0, 34.0, 27.0, 20.0, 17.0, 34.0, 45.0, 18.0, 8.0, 22.0, 44.0, 7.0, 6.0, 7.0, 29.0, 42.0]
[48.0, 26.0, 15.0, 25.0, 25.0, 15.0, 27.0, 26.0, 37.0, 6.0, 14.0, 16.0, 48.0, 5.0, 37.0, 5.0, 37.0, 15.0, 38.0, 47.0]
[5.0, 5.0, 5.0, 5.0, 5.0, 5.0, 5.0, 5.0, 9.0, 9.0, 9.0, 9.0, 12.0, 12.0, 12.0, 12.0, 9.0, 9.0, 9.0, 9.0]
[5.0, 5.0, 5.0, 5.0, 5.0, 5.0, 5.0, 5.0, 9.0, 9.0, 9.0, 9.0, 8.0, 8.0, 8.0, 8.0, 9.0, 9.0, 9.0, 9.0]
T = 0.8	 step = 94
101.56
18.209501065340906
[26.0, 4.0, 27.0, 12.0, 42.0, 34.0, 27.0, 20.0, 17.0, 34.0, 45.0, 18.0, 8.0, 22.0, 43.0, 7.0, 6.0, 7.0, 29.0, 42.0]
[48.0, 26.0, 15.0, 25.0, 25.0, 15.0, 27.0, 26.0, 37.0, 6.0, 14.0, 16.0, 48.0, 5.0, 35.0, 5.0, 37.0, 15.0, 38.0, 47.0]
[5.0, 5.0, 5.0, 5.0, 5.0, 5.0, 5.0, 5.0, 9.0, 9.0, 9.0, 9.0, 12.0, 12.0, 8.0, 12.0, 9.0, 9.0, 9.0, 9.0]
[5.0, 5.0, 5.0, 5.0, 5.0, 5.0, 5.0, 5.0, 9.0, 9.0, 9.0, 9.0, 8.0, 8.0, 12.0, 8.0, 9.0, 9.0, 9.0, 9.0]
T = 0.8	 step = 95
101.68
18.209501065340906
[26.0, 4.0, 27.0, 12.0, 42.0, 34.0, 27.0, 20.0, 17.0, 34.0, 45.0, 18.0, 8.0, 22.0, 43.0, 7.0, 6.0, 7.0, 29.0, 42.0]
[48.0, 26.0, 16.0, 25.0, 25.0, 15.0, 27.0, 26.0, 37.0, 6.0, 14.0, 16.0, 48.0, 5.0, 35.0, 5.0, 37.0, 15.0, 38.0, 47.0]
[5.0, 5.0, 5.0, 5.0, 5.0, 5.0, 5.0, 5.0, 9.0, 9.0, 9.0, 9.0, 12.0, 12.0, 8.0, 12.0, 9.0, 9.0, 9.0, 9.0]
[5.0, 5.0, 5.0, 5.0, 5.0, 5.0, 5.0, 5.0, 9.0, 9.0, 9.0, 9.0, 8.0, 8.0, 12.0, 8.0, 9.0, 9.0, 9.0, 9.0]
T = 0.8	 step = 96
101.71000000000004
18.272001065340906
[26.0, 4.0, 27.0, 12.0, 42.0, 34.0, 27.0, 20.0, 17.0, 34.0, 45.0, 18.0, 8.0, 22.0, 42.0, 7.0, 6.0, 7.0, 29.0, 42.0]
[48.0, 26.0, 16.0, 25.0, 25.0, 15.0, 27.0, 26.0, 37.0, 6.0, 14.0, 16.0, 48.0, 5.0, 35.0, 5.0, 37.0, 15.0, 38.0, 47.0]
[5.0, 5.0, 5.0, 5.0, 5.0, 5.0, 5.0, 5.0, 9.0, 9.0, 9.0, 9.0, 12.0, 12.0, 8.0, 12.0, 9.0, 9.0, 9.0, 9.0]
[5.0, 5.0, 5.0, 5.0, 5.0, 5.0, 5.0, 5.0, 9.0, 9.0, 9.0, 9.0, 8.0, 8.0, 12.0, 8.0, 9.0, 9.0, 9.0, 9.0]
T = 0.8	 step = 97
101.71000000000004
18.147001065340906
[26.0, 4.0, 27.0, 12.0, 42.0, 34.0, 27.0, 20.0, 17.0, 34.0, 45.0, 18.0, 8.0, 22.0, 42.0, 7.0, 6.0, 7.0, 29.0, 42.0]
[48.0, 26.0, 16.0, 25.0, 25.0, 16.0, 27.0, 26.0, 37.0, 6.0, 14.0, 16.0, 48.0, 5.0, 35.0, 5.0, 37.0, 15.0, 38.0, 47.0]
[5.0, 5.0, 5.0, 5.0, 5.0, 5.0, 5.0, 5.0, 9.0, 9.0, 9.0, 9.0, 12.0, 12.0, 8.0, 12.0, 9.0, 9.0, 9.0, 9.0]
[5.0, 5.0, 5.0, 5.0, 5.0, 5.0, 5.0, 5.0, 9.0, 9.0, 9.0, 9.0, 8.0, 8.0, 12.0, 8.0, 9.0, 9.0, 9.0, 9.0]
T = 0.8	 step = 98
101.72000000000003
18.084501065340906
[26.0, 4.0, 27.0, 12.0, 42.0, 34.0, 27.0, 20.0, 17.0, 34.0, 45.0, 18.0, 8.0, 22.0, 42.0, 7.0, 6.0, 7.0, 29.0, 42.0]
[48.0, 26.0, 16.0, 25.0, 25.0, 16.0, 27.0, 26.0, 37.0, 6.0, 14.0, 16.0, 48.0, 5.0, 35.0, 5.0, 36.0, 15.0, 38.0, 47.0]
[5.0, 5.0, 5.0, 5.0, 5.0, 5.0, 5.0, 5.0, 9.0, 9.0, 9.0, 9.0, 12.0, 12.0, 8.0, 12.0, 9.0, 9.0, 9.0, 9.0]
[5.0, 5.0, 5.0, 5.0, 5.0, 5.0, 5.0, 5.0, 9.0, 9.0, 9.0, 9.0, 8.0, 8.0, 12.0, 8.0, 9.0, 9.0, 9.0, 9.0]
T = 0.8	 step = 99
101.69
18.147001065340906
[26.0, 4.0, 27.0, 12.0, 42.0, 34.0, 27.0, 20.0, 17.0, 34.0, 45.0, 18.0, 8.0, 22.0, 42.0, 7.0, 6.0, 7.0, 29.0, 42.0]
[48.0, 26.0, 16.0, 25.0, 25.0, 16.0, 27.0, 26.0, 37.0, 6.0, 14.0, 16.0, 48.0, 5.0, 35.0, 5.0, 36.0, 15.0, 39.0, 47.0]
[5.0, 5.0, 5.0, 5.0, 5.0, 5.0, 5.0, 5.0, 9.0, 9.0, 9.0, 9.0, 12.0, 12.0, 8.0, 12.0, 9.0, 9.0, 9.0, 9.0]
[5.0, 5.0, 5.0, 5.0, 5.0, 5.0, 5.0, 5.0, 9.0, 9.0, 9.0, 9.0, 8.0, 8.0, 12.0, 8.0, 9.0, 9.0, 9.0, 9.0]
T = 0.8	 step = 100
101.63
18.147001065340906
[26.0, 4.0, 27.0, 12.0, 42.0, 34.0, 27.0, 20.0, 17.0, 34.0, 45.0, 18.0, 8.0, 22.0, 42.0, 7.0, 6.0, 7.0, 29.0, 42.0]
[48.0, 26.0, 16.0, 25.0, 25.0, 16.0, 27.0, 26.0, 37.0, 6.0, 14.0, 15.0, 48.0, 5.0, 35.0, 5.0, 36.0, 15.0, 39.0, 47.0]
[5.0, 5.0, 5.0, 5.0, 5.0, 5.0, 5.0, 5.0, 9.0, 9.0, 9.0, 9.0, 12.0, 12.0, 8.0, 12.0, 9.0, 9.0, 9.0, 9.0]
[5.0, 5.0, 5.0, 5.0, 5.0, 5.0, 5.0, 5.0, 9.0, 9.0, 9.0, 9.0, 8.0, 8.0, 12.0, 8.0, 9.0, 9.0, 9.0, 9.0]
T = 0.8	 step = 101
100.86000000000001
19.232223899147723
[26.0, 4.0, 27.0, 12.0, 42.0, 34.0, 27.0, 20.0, 17.0, 34.0, 47.0, 18.0, 8.0, 22.0, 42.0, 7.0, 6.0, 7.0, 29.0, 42.0]
[48.0, 26.0, 16.0, 25.0, 25.0, 16.0, 27.0, 26.0, 37.0, 6.0, 7.0, 15.0, 48.0, 5.0, 35.0, 5.0, 36.0, 15.0, 39.0, 47.0]
[5.0, 5.0, 5.0, 5.0, 5.0, 5.0, 5.0, 5.0, 9.0, 9.0, 9.0, 9.0, 12.0, 12.0, 8.0, 12.0, 9.0, 9.0, 9.0, 9.0]
[5.0, 5.0, 5.0, 5.0, 5.0, 5.0, 5.0, 5.0, 9.0, 9.0, 9.0, 9.0, 8.0, 8.0, 12.0, 8.0, 9.0, 9.0, 9.0, 9.0]
T = 0.8	 step = 102
100.83000000000004
19.294723899147723
[26.0, 4.0, 27.0, 12.0, 42.0, 34.0, 27.0, 20.0, 17.0, 34.0, 47.0, 18.0, 8.0, 21.0, 42.0, 7.0, 6.0, 7.0, 29.0, 42.0]
[48.0, 26.0, 16.0, 25.0, 25.0, 16.0, 27.0, 26.0, 37.0, 6.0, 7.0, 15.0, 48.0, 5.0, 35.0, 5.0, 36.0, 15.0, 39.0, 47.0]
[5.0, 5.0, 5.0, 5.0, 5.0, 5.0, 5.0, 5.0, 9.0, 9.0, 9.0, 9.0, 12.0, 12.0, 8.0, 12.0, 9.0, 9.0, 9.0, 9.0]
[5.0, 5.0, 5.0, 5.0, 5.0, 5.0, 5.0, 5.0, 9.0, 9.0, 9.0, 9.0, 8.0, 8.0, 12.0, 8.0, 9.0, 9.0, 9.0, 9.0]
T = 0.8	 step = 103
100.14000000000004
20.270913529829542
[26.0, 4.0, 27.0, 12.0, 42.0, 34.0, 44.0, 20.0, 17.0, 34.0, 47.0, 18.0, 8.0, 21.0, 42.0, 7.0, 6.0, 7.0, 29.0, 42.0]
[48.0, 26.0, 16.0, 25.0, 25.0, 16.0, 16.0, 26.0, 37.0, 6.0, 7.0, 15.0, 48.0, 5.0, 35.0, 5.0, 36.0, 15.0, 39.0, 47.0]
[5.0, 5.0, 5.0, 5.0, 5.0, 5.0, 5.0, 5.0, 9.0, 9.0, 9.0, 9.0, 12.0, 12.0, 8.0, 12.0, 9.0, 9.0, 9.0, 9.0]
[5.0, 5.0, 5.0, 5.0, 5.0, 5.0, 5.0, 5.0, 9.0, 9.0, 9.0, 9.0, 8.0, 8.0, 12.0, 8.0, 9.0, 9.0, 9.0, 9.0]
T = 0.8	 step = 104
100.19
20.208413529829546
[26.0, 4.0, 27.0, 12.0, 42.0, 34.0, 44.0, 20.0, 17.0, 34.0, 47.0, 18.0, 8.0, 21.0, 42.0, 7.0, 6.0, 7.0, 29.0, 42.0]
[48.0, 26.0, 16.0, 24.0, 25.0, 16.0, 16.0, 26.0, 37.0, 6.0, 7.0, 15.0, 48.0, 5.0, 35.0, 5.0, 36.0, 15.0, 39.0, 47.0]
[5.0, 5.0, 5.0, 5.0, 5.0, 5.0, 5.0, 5.0, 9.0, 9.0, 9.0, 9.0, 12.0, 12.0, 8.0, 12.0, 9.0, 9.0, 9.0, 9.0]
[5.0, 5.0, 5.0, 5.0, 5.0, 5.0, 5.0, 5.0, 9.0, 9.0, 9.0, 9.0, 8.0, 8.0, 12.0, 8.0, 9.0, 9.0, 9.0, 9.0]
T = 0.8	 step = 105
100.29000000000002
20.083413529829546
[26.0, 4.0, 27.0, 12.0, 42.0, 34.0, 43.0, 20.0, 17.0, 34.0, 47.0, 18.0, 8.0, 21.0, 42.0, 7.0, 6.0, 7.0, 29.0, 42.0]
[48.0, 26.0, 16.0, 24.0, 25.0, 16.0, 16.0, 26.0, 37.0, 6.0, 7.0, 15.0, 48.0, 5.0, 35.0, 5.0, 36.0, 15.0, 39.0, 47.0]
[5.0, 5.0, 5.0, 5.0, 5.0, 5.0, 5.0, 5.0, 9.0, 9.0, 9.0, 9.0, 12.0, 12.0, 8.0, 12.0, 9.0, 9.0, 9.0, 9.0]
[5.0, 5.0, 5.0, 5.0, 5.0, 5.0, 5.0, 5.0, 9.0, 9.0, 9.0, 9.0, 8.0, 8.0, 12.0, 8.0, 9.0, 9.0, 9.0, 9.0]
T = 0.8	 step = 106
100.36000000000001
20.083413529829546
[26.0, 4.0, 27.0, 12.0, 41.0, 34.0, 43.0, 20.0, 17.0, 34.0, 47.0, 18.0, 8.0, 21.0, 42.0, 7.0, 6.0, 7.0, 29.0, 42.0]
[48.0, 26.0, 16.0, 24.0, 25.0, 16.0, 16.0, 26.0, 37.0, 6.0, 7.0, 15.0, 48.0, 5.0, 35.0, 5.0, 36.0, 15.0, 39.0, 47.0]
[5.0, 5.0, 5.0, 5.0, 5.0, 5.0, 5.0, 5.0, 9.0, 9.0, 9.0, 9.0, 12.0, 12.0, 8.0, 12.0, 9.0, 9.0, 9.0, 9.0]
[5.0, 5.0, 5.0, 5.0, 5.0, 5.0, 5.0, 5.0, 9.0, 9.0, 9.0, 9.0, 8.0, 8.0, 12.0, 8.0, 9.0, 9.0, 9.0, 9.0]
T = 0.8	 step = 107
100.39000000000004
20.020913529829546
[26.0, 4.0, 27.0, 12.0, 41.0, 34.0, 43.0, 20.0, 17.0, 34.0, 47.0, 18.0, 8.0, 21.0, 42.0, 8.0, 6.0, 7.0, 29.0, 42.0]
[48.0, 26.0, 16.0, 24.0, 25.0, 16.0, 16.0, 26.0, 37.0, 6.0, 7.0, 15.0, 48.0, 5.0, 35.0, 5.0, 36.0, 15.0, 39.0, 47.0]
[5.0, 5.0, 5.0, 5.0, 5.0, 5.0, 5.0, 5.0, 9.0, 9.0, 9.0, 9.0, 12.0, 12.0, 8.0, 12.0, 9.0, 9.0, 9.0, 9.0]
[5.0, 5.0, 5.0, 5.0, 5.0, 5.0, 5.0, 5.0, 9.0, 9.0, 9.0, 9.0, 8.0, 8.0, 12.0, 8.0, 9.0, 9.0, 9.0, 9.0]
T = 0.6400000000000001	 step = 108
100.36000000000001
20.083413529829546
[26.0, 4.0, 27.0, 12.0, 41.0, 34.0, 43.0, 20.0, 17.0, 34.0, 47.0, 18.0, 8.0, 21.0, 42.0, 8.0, 6.0, 6.0, 29.0, 42.0]
[48.0, 26.0, 16.0, 24.0, 25.0, 16.0, 16.0, 26.0, 37.0, 6.0, 7.0, 15.0, 48.0, 5.0, 35.0, 5.0, 36.0, 15.0, 39.0, 47.0]
[5.0, 5.0, 5.0, 5.0, 5.0, 5.0, 5.0, 5.0, 9.0, 9.0, 9.0, 9.0, 12.0, 12.0, 8.0, 12.0, 9.0, 9.0, 9.0, 9.0]
[5.0, 5.0, 5.0, 5.0, 5.0, 5.0, 5.0, 5.0, 9.0, 9.0, 9.0, 9.0, 8.0, 8.0, 12.0, 8.0, 9.0, 9.0, 9.0, 9.0]
T = 0.6400000000000001	 step = 109
100.44
20.083413529829546
[26.0, 4.0, 27.0, 12.0, 40.0, 34.0, 43.0, 20.0, 17.0, 34.0, 47.0, 18.0, 8.0, 21.0, 42.0, 8.0, 6.0, 6.0, 29.0, 42.0]
[48.0, 26.0, 16.0, 24.0, 25.0, 16.0, 16.0, 26.0, 37.0, 6.0, 7.0, 15.0, 48.0, 5.0, 35.0, 5.0, 36.0, 15.0, 39.0, 47.0]
[5.0, 5.0, 5.0, 5.0, 5.0, 5.0, 5.0, 5.0, 9.0, 9.0, 9.0, 9.0, 12.0, 12.0, 8.0, 12.0, 9.0, 9.0, 9.0, 9.0]
[5.0, 5.0, 5.0, 5.0, 5.0, 5.0, 5.0, 5.0, 9.0, 9.0, 9.0, 9.0, 8.0, 8.0, 12.0, 8.0, 9.0, 9.0, 9.0, 9.0]
T = 0.6400000000000001	 step = 110
101.43
19.215043501420453
[33.0, 4.0, 27.0, 12.0, 40.0, 34.0, 43.0, 20.0, 17.0, 34.0, 47.0, 18.0, 8.0, 21.0, 42.0, 8.0, 6.0, 6.0, 29.0, 42.0]
[30.0, 26.0, 16.0, 24.0, 25.0, 16.0, 16.0, 26.0, 37.0, 6.0, 7.0, 15.0, 48.0, 5.0, 35.0, 5.0, 36.0, 15.0, 39.0, 47.0]
[5.0, 5.0, 5.0, 5.0, 5.0, 5.0, 5.0, 5.0, 9.0, 9.0, 9.0, 9.0, 12.0, 12.0, 8.0, 12.0, 9.0, 9.0, 9.0, 9.0]
[5.0, 5.0, 5.0, 5.0, 5.0, 5.0, 5.0, 5.0, 9.0, 9.0, 9.0, 9.0, 8.0, 8.0, 12.0, 8.0, 9.0, 9.0, 9.0, 9.0]
T = 0.6400000000000001	 step = 111
100.42000000000002
20.020913529829546
[26.0, 4.0, 27.0, 12.0, 40.0, 34.0, 43.0, 20.0, 17.0, 34.0, 47.0, 18.0, 8.0, 21.0, 42.0, 8.0, 6.0, 6.0, 29.0, 42.0]
[48.0, 27.0, 16.0, 24.0, 25.0, 16.0, 16.0, 26.0, 37.0, 6.0, 7.0, 15.0, 48.0, 5.0, 35.0, 5.0, 36.0, 15.0, 39.0, 47.0]
[5.0, 5.0, 5.0, 5.0, 5.0, 5.0, 5.0, 5.0, 9.0, 9.0, 9.0, 9.0, 12.0, 12.0, 8.0, 12.0, 9.0, 9.0, 9.0, 9.0]
[5.0, 5.0, 5.0, 5.0, 5.0, 5.0, 5.0, 5.0, 9.0, 9.0, 9.0, 9.0, 8.0, 8.0, 12.0, 8.0, 9.0, 9.0, 9.0, 9.0]
T = 0.6400000000000001	 step = 112
100.34000000000003
20.020913529829546
[26.0, 4.0, 27.0, 11.0, 40.0, 34.0, 43.0, 20.0, 17.0, 34.0, 47.0, 18.0, 8.0, 21.0, 42.0, 8.0, 6.0, 6.0, 29.0, 42.0]
[48.0, 27.0, 16.0, 24.0, 25.0, 16.0, 16.0, 26.0, 37.0, 6.0, 7.0, 15.0, 48.0, 5.0, 35.0, 5.0, 36.0, 15.0, 39.0, 47.0]
[5.0, 5.0, 5.0, 5.0, 5.0, 5.0, 5.0, 5.0, 9.0, 9.0, 9.0, 9.0, 12.0, 12.0, 8.0, 12.0, 9.0, 9.0, 9.0, 9.0]
[5.0, 5.0, 5.0, 5.0, 5.0, 5.0, 5.0, 5.0, 9.0, 9.0, 9.0, 9.0, 8.0, 8.0, 12.0, 8.0, 9.0, 9.0, 9.0, 9.0]
T = 0.6400000000000001	 step = 113
100.34000000000003
19.977060990767043
[26.0, 4.0, 27.0, 11.0, 40.0, 34.0, 43.0, 20.0, 17.0, 34.0, 47.0, 18.0, 8.0, 21.0, 42.0, 8.0, 6.0, 6.0, 30.0, 42.0]
[48.0, 27.0, 16.0, 24.0, 25.0, 16.0, 16.0, 26.0, 37.0, 6.0, 7.0, 15.0, 48.0, 5.0, 35.0, 5.0, 36.0, 15.0, 39.0, 47.0]
[5.0, 5.0, 5.0, 5.0, 5.0, 5.0, 5.0, 5.0, 9.0, 9.0, 9.0, 9.0, 12.0, 12.0, 8.0, 12.0, 9.0, 9.0, 9.0, 9.0]
[5.0, 5.0, 5.0, 5.0, 5.0, 5.0, 5.0, 5.0, 9.0, 9.0, 9.0, 9.0, 8.0, 8.0, 12.0, 8.0, 9.0, 9.0, 9.0, 9.0]
T = 0.6400000000000001	 step = 114
100.35000000000002
20.102060990767043
[26.0, 4.0, 27.0, 11.0, 40.0, 34.0, 43.0, 20.0, 17.0, 34.0, 47.0, 18.0, 8.0, 21.0, 42.0, 8.0, 6.0, 6.0, 30.0, 42.0]
[48.0, 27.0, 16.0, 24.0, 25.0, 15.0, 16.0, 26.0, 37.0, 6.0, 7.0, 15.0, 48.0, 5.0, 35.0, 5.0, 36.0, 15.0, 39.0, 47.0]
[5.0, 5.0, 5.0, 5.0, 5.0, 5.0, 5.0, 5.0, 9.0, 9.0, 9.0, 9.0, 12.0, 12.0, 8.0, 12.0, 9.0, 9.0, 9.0, 9.0]
[5.0, 5.0, 5.0, 5.0, 5.0, 5.0, 5.0, 5.0, 9.0, 9.0, 9.0, 9.0, 8.0, 8.0, 12.0, 8.0, 9.0, 9.0, 9.0, 9.0]
T = 0.6400000000000001	 step = 115
100.34000000000003
20.07524991122159
[26.0, 4.0, 27.0, 11.0, 40.0, 34.0, 43.0, 20.0, 17.0, 34.0, 47.0, 18.0, 8.0, 21.0, 42.0, 8.0, 6.0, 6.0, 31.0, 42.0]
[48.0, 27.0, 16.0, 24.0, 25.0, 15.0, 16.0, 26.0, 37.0, 6.0, 7.0, 15.0, 48.0, 5.0, 35.0, 5.0, 36.0, 15.0, 39.0, 47.0]
[5.0, 5.0, 5.0, 5.0, 5.0, 5.0, 5.0, 5.0, 9.0, 9.0, 9.0, 9.0, 12.0, 12.0, 8.0, 12.0, 9.0, 9.0, 9.0, 9.0]
[5.0, 5.0, 5.0, 5.0, 5.0, 5.0, 5.0, 5.0, 9.0, 9.0, 9.0, 9.0, 8.0, 8.0, 12.0, 8.0, 9.0, 9.0, 9.0, 9.0]
T = 0.6400000000000001	 step = 116
100.36000000000001
20.13774991122159
[26.0, 4.0, 27.0, 11.0, 40.0, 34.0, 43.0, 20.0, 17.0, 34.0, 47.0, 18.0, 8.0, 21.0, 42.0, 8.0, 6.0, 6.0, 31.0, 42.0]
[48.0, 26.0, 16.0, 24.0, 25.0, 15.0, 16.0, 26.0, 37.0, 6.0, 7.0, 15.0, 48.0, 5.0, 35.0, 5.0, 36.0, 15.0, 39.0, 47.0]
[5.0, 5.0, 5.0, 5.0, 5.0, 5.0, 5.0, 5.0, 9.0, 9.0, 9.0, 9.0, 12.0, 12.0, 8.0, 12.0, 9.0, 9.0, 9.0, 9.0]
[5.0, 5.0, 5.0, 5.0, 5.0, 5.0, 5.0, 5.0, 9.0, 9.0, 9.0, 9.0, 8.0, 8.0, 12.0, 8.0, 9.0, 9.0, 9.0, 9.0]
T = 0.6400000000000001	 step = 117
100.48000000000002
20.20024991122159
[26.0, 4.0, 27.0, 11.0, 40.0, 34.0, 43.0, 20.0, 17.0, 34.0, 47.0, 18.0, 8.0, 21.0, 42.0, 8.0, 6.0, 6.0, 31.0, 42.0]
[48.0, 26.0, 16.0, 24.0, 25.0, 15.0, 16.0, 25.0, 37.0, 6.0, 7.0, 15.0, 48.0, 5.0, 35.0, 5.0, 36.0, 15.0, 39.0, 47.0]
[5.0, 5.0, 5.0, 5.0, 5.0, 5.0, 5.0, 5.0, 9.0, 9.0, 9.0, 9.0, 12.0, 12.0, 8.0, 12.0, 9.0, 9.0, 9.0, 9.0]
[5.0, 5.0, 5.0, 5.0, 5.0, 5.0, 5.0, 5.0, 9.0, 9.0, 9.0, 9.0, 8.0, 8.0, 12.0, 8.0, 9.0, 9.0, 9.0, 9.0]
T = 0.6400000000000001	 step = 118
100.55000000000001
20.07524991122159
[26.0, 4.0, 27.0, 11.0, 40.0, 34.0, 43.0, 21.0, 17.0, 34.0, 47.0, 18.0, 8.0, 21.0, 42.0, 8.0, 6.0, 6.0, 31.0, 42.0]
[48.0, 26.0, 16.0, 24.0, 25.0, 15.0, 16.0, 25.0, 37.0, 6.0, 7.0, 15.0, 48.0, 5.0, 35.0, 5.0, 36.0, 15.0, 39.0, 47.0]
[5.0, 5.0, 5.0, 5.0, 5.0, 5.0, 5.0, 5.0, 9.0, 9.0, 9.0, 9.0, 12.0, 12.0, 8.0, 12.0, 9.0, 9.0, 9.0, 9.0]
[5.0, 5.0, 5.0, 5.0, 5.0, 5.0, 5.0, 5.0, 9.0, 9.0, 9.0, 9.0, 8.0, 8.0, 12.0, 8.0, 9.0, 9.0, 9.0, 9.0]
T = 0.6400000000000001	 step = 119
100.58000000000004
20.01274991122159
[26.0, 4.0, 27.0, 11.0, 40.0, 34.0, 43.0, 21.0, 17.0, 34.0, 47.0, 18.0, 8.0, 21.0, 42.0, 8.0, 6.0, 6.0, 31.0, 42.0]
[48.0, 26.0, 16.0, 24.0, 25.0, 15.0, 16.0, 25.0, 37.0, 6.0, 7.0, 15.0, 48.0, 5.0, 35.0, 5.0, 36.0, 15.0, 38.0, 47.0]
[5.0, 5.0, 5.0, 5.0, 5.0, 5.0, 5.0, 5.0, 9.0, 9.0, 9.0, 9.0, 12.0, 12.0, 8.0, 12.0, 9.0, 9.0, 9.0, 9.0]
[5.0, 5.0, 5.0, 5.0, 5.0, 5.0, 5.0, 5.0, 9.0, 9.0, 9.0, 9.0, 8.0, 8.0, 12.0, 8.0, 9.0, 9.0, 9.0, 9.0]
T = 0.6400000000000001	 step = 120
100.54000000000002
20.07524991122159
[26.0, 4.0, 27.0, 11.0, 40.0, 34.0, 43.0, 21.0, 17.0, 34.0, 47.0, 18.0, 8.0, 21.0, 42.0, 7.0, 6.0, 6.0, 31.0, 42.0]
[48.0, 26.0, 16.0, 24.0, 25.0, 15.0, 16.0, 25.0, 37.0, 6.0, 7.0, 15.0, 48.0, 5.0, 35.0, 5.0, 36.0, 15.0, 38.0, 47.0]
[5.0, 5.0, 5.0, 5.0, 5.0, 5.0, 5.0, 5.0, 9.0, 9.0, 9.0, 9.0, 12.0, 12.0, 8.0, 12.0, 9.0, 9.0, 9.0, 9.0]
[5.0, 5.0, 5.0, 5.0, 5.0, 5.0, 5.0, 5.0, 9.0, 9.0, 9.0, 9.0, 8.0, 8.0, 12.0, 8.0, 9.0, 9.0, 9.0, 9.0]
T = 0.6400000000000001	 step = 121
100.51000000000005
20.13774991122159
[26.0, 4.0, 27.0, 11.0, 40.0, 34.0, 43.0, 21.0, 17.0, 34.0, 47.0, 18.0, 8.0, 20.0, 42.0, 7.0, 6.0, 6.0, 31.0, 42.0]
[48.0, 26.0, 16.0, 24.0, 25.0, 15.0, 16.0, 25.0, 37.0, 6.0, 7.0, 15.0, 48.0, 5.0, 35.0, 5.0, 36.0, 15.0, 38.0, 47.0]
[5.0, 5.0, 5.0, 5.0, 5.0, 5.0, 5.0, 5.0, 9.0, 9.0, 9.0, 9.0, 12.0, 12.0, 8.0, 12.0, 9.0, 9.0, 9.0, 9.0]
[5.0, 5.0, 5.0, 5.0, 5.0, 5.0, 5.0, 5.0, 9.0, 9.0, 9.0, 9.0, 8.0, 8.0, 12.0, 8.0, 9.0, 9.0, 9.0, 9.0]
T = 0.6400000000000001	 step = 122
100.54000000000002
20.07524991122159
[26.0, 4.0, 27.0, 11.0, 40.0, 34.0, 43.0, 21.0, 17.0, 34.0, 47.0, 18.0, 8.0, 21.0, 42.0, 7.0, 6.0, 6.0, 31.0, 42.0]
[48.0, 26.0, 16.0, 24.0, 25.0, 15.0, 16.0, 25.0, 37.0, 6.0, 7.0, 15.0, 48.0, 5.0, 35.0, 5.0, 36.0, 15.0, 38.0, 47.0]
[5.0, 5.0, 5.0, 5.0, 5.0, 5.0, 5.0, 5.0, 9.0, 9.0, 9.0, 9.0, 12.0, 12.0, 8.0, 12.0, 9.0, 9.0, 9.0, 9.0]
[5.0, 5.0, 5.0, 5.0, 5.0, 5.0, 5.0, 5.0, 9.0, 9.0, 9.0, 9.0, 8.0, 8.0, 12.0, 8.0, 9.0, 9.0, 9.0, 9.0]
T = 0.6400000000000001	 step = 123
100.04000000000002
21.086341885653408
[26.0, 4.0, 27.0, 11.0, 40.0, 34.0, 49.0, 21.0, 17.0, 34.0, 47.0, 18.0, 8.0, 21.0, 42.0, 7.0, 6.0, 6.0, 31.0, 42.0]
[48.0, 26.0, 16.0, 24.0, 25.0, 15.0, 22.0, 25.0, 37.0, 6.0, 7.0, 15.0, 48.0, 5.0, 35.0, 5.0, 36.0, 15.0, 38.0, 47.0]
[5.0, 5.0, 5.0, 5.0, 5.0, 5.0, 5.0, 5.0, 9.0, 9.0, 9.0, 9.0, 12.0, 12.0, 8.0, 12.0, 9.0, 9.0, 9.0, 9.0]
[5.0, 5.0, 5.0, 5.0, 5.0, 5.0, 5.0, 5.0, 9.0, 9.0, 9.0, 9.0, 8.0, 8.0, 12.0, 8.0, 9.0, 9.0, 9.0, 9.0]
T = 0.6400000000000001	 step = 124
99.66000000000003
22.23044522372159
[26.0, 4.0, 27.0, 11.0, 40.0, 34.0, 33.0, 21.0, 17.0, 34.0, 47.0, 18.0, 8.0, 21.0, 42.0, 7.0, 6.0, 6.0, 31.0, 42.0]
[48.0, 26.0, 16.0, 24.0, 25.0, 15.0, 47.0, 25.0, 37.0, 6.0, 7.0, 15.0, 48.0, 5.0, 35.0, 5.0, 36.0, 15.0, 38.0, 47.0]
[5.0, 5.0, 5.0, 5.0, 5.0, 5.0, 5.0, 5.0, 9.0, 9.0, 9.0, 9.0, 12.0, 12.0, 8.0, 12.0, 9.0, 9.0, 9.0, 9.0]
[5.0, 5.0, 5.0, 5.0, 5.0, 5.0, 5.0, 5.0, 9.0, 9.0, 9.0, 9.0, 8.0, 8.0, 12.0, 8.0, 9.0, 9.0, 9.0, 9.0]
T = 0.6400000000000001	 step = 125
99.17000000000002
22.23044522372159
[26.0, 4.0, 27.0, 11.0, 40.0, 34.0, 33.0, 21.0, 17.0, 34.0, 47.0, 17.0, 8.0, 21.0, 42.0, 7.0, 6.0, 6.0, 31.0, 42.0]
[48.0, 26.0, 16.0, 24.0, 25.0, 15.0, 47.0, 25.0, 37.0, 6.0, 7.0, 15.0, 48.0, 5.0, 35.0, 5.0, 36.0, 15.0, 38.0, 47.0]
[5.0, 5.0, 5.0, 5.0, 5.0, 5.0, 5.0, 5.0, 9.0, 9.0, 9.0, 9.0, 12.0, 12.0, 8.0, 12.0, 9.0, 9.0, 9.0, 9.0]
[5.0, 5.0, 5.0, 5.0, 5.0, 5.0, 5.0, 5.0, 9.0, 9.0, 9.0, 9.0, 8.0, 8.0, 12.0, 8.0, 9.0, 9.0, 9.0, 9.0]
T = 0.6400000000000001	 step = 126
99.66000000000003
22.23044522372159
[26.0, 4.0, 27.0, 11.0, 40.0, 34.0, 33.0, 21.0, 17.0, 34.0, 47.0, 18.0, 8.0, 21.0, 42.0, 7.0, 6.0, 6.0, 31.0, 42.0]
[48.0, 26.0, 16.0, 24.0, 25.0, 15.0, 47.0, 25.0, 37.0, 6.0, 7.0, 15.0, 48.0, 5.0, 35.0, 5.0, 36.0, 15.0, 38.0, 47.0]
[5.0, 5.0, 5.0, 5.0, 5.0, 5.0, 5.0, 5.0, 9.0, 9.0, 9.0, 9.0, 12.0, 12.0, 8.0, 12.0, 9.0, 9.0, 9.0, 9.0]
[5.0, 5.0, 5.0, 5.0, 5.0, 5.0, 5.0, 5.0, 9.0, 9.0, 9.0, 9.0, 8.0, 8.0, 12.0, 8.0, 9.0, 9.0, 9.0, 9.0]
T = 0.6400000000000001	 step = 127
99.69
22.18659268465909
[26.0, 4.0, 27.0, 11.0, 40.0, 34.0, 33.0, 21.0, 17.0, 34.0, 47.0, 18.0, 8.0, 21.0, 42.0, 7.0, 6.0, 7.0, 31.0, 42.0]
[48.0, 26.0, 16.0, 24.0, 25.0, 15.0, 47.0, 25.0, 37.0, 6.0, 7.0, 15.0, 48.0, 5.0, 35.0, 5.0, 36.0, 15.0, 38.0, 47.0]
[5.0, 5.0, 5.0, 5.0, 5.0, 5.0, 5.0, 5.0, 9.0, 9.0, 9.0, 9.0, 12.0, 12.0, 8.0, 12.0, 9.0, 9.0, 9.0, 9.0]
[5.0, 5.0, 5.0, 5.0, 5.0, 5.0, 5.0, 5.0, 9.0, 9.0, 9.0, 9.0, 8.0, 8.0, 12.0, 8.0, 9.0, 9.0, 9.0, 9.0]
T = 0.6400000000000001	 step = 128
99.67000000000002
22.12409268465909
[26.0, 4.0, 27.0, 11.0, 40.0, 34.0, 33.0, 21.0, 17.0, 34.0, 47.0, 18.0, 8.0, 21.0, 42.0, 7.0, 6.0, 7.0, 31.0, 42.0]
[48.0, 27.0, 16.0, 24.0, 25.0, 15.0, 47.0, 25.0, 37.0, 6.0, 7.0, 15.0, 48.0, 5.0, 35.0, 5.0, 36.0, 15.0, 38.0, 47.0]
[5.0, 5.0, 5.0, 5.0, 5.0, 5.0, 5.0, 5.0, 9.0, 9.0, 9.0, 9.0, 12.0, 12.0, 8.0, 12.0, 9.0, 9.0, 9.0, 9.0]
[5.0, 5.0, 5.0, 5.0, 5.0, 5.0, 5.0, 5.0, 9.0, 9.0, 9.0, 9.0, 8.0, 8.0, 12.0, 8.0, 9.0, 9.0, 9.0, 9.0]
T = 0.6400000000000001	 step = 129
99.68
22.06159268465909
[26.0, 4.0, 27.0, 11.0, 40.0, 34.0, 33.0, 21.0, 17.0, 34.0, 47.0, 18.0, 9.0, 21.0, 42.0, 7.0, 6.0, 7.0, 31.0, 42.0]
[48.0, 27.0, 16.0, 24.0, 25.0, 15.0, 47.0, 25.0, 37.0, 6.0, 7.0, 15.0, 48.0, 5.0, 35.0, 5.0, 36.0, 15.0, 38.0, 47.0]
[5.0, 5.0, 5.0, 5.0, 5.0, 5.0, 5.0, 5.0, 9.0, 9.0, 9.0, 9.0, 12.0, 12.0, 8.0, 12.0, 9.0, 9.0, 9.0, 9.0]
[5.0, 5.0, 5.0, 5.0, 5.0, 5.0, 5.0, 5.0, 9.0, 9.0, 9.0, 9.0, 8.0, 8.0, 12.0, 8.0, 9.0, 9.0, 9.0, 9.0]
T = 0.6400000000000001	 step = 130
99.48000000000002
22.18659268465909
[26.0, 4.0, 27.0, 11.0, 40.0, 34.0, 33.0, 21.0, 17.0, 35.0, 47.0, 18.0, 9.0, 21.0, 42.0, 7.0, 6.0, 7.0, 31.0, 42.0]
[48.0, 27.0, 16.0, 24.0, 25.0, 15.0, 47.0, 25.0, 37.0, 6.0, 7.0, 15.0, 48.0, 5.0, 35.0, 5.0, 36.0, 15.0, 38.0, 47.0]
[5.0, 5.0, 5.0, 5.0, 5.0, 5.0, 5.0, 5.0, 9.0, 9.0, 9.0, 9.0, 12.0, 12.0, 8.0, 12.0, 9.0, 9.0, 9.0, 9.0]
[5.0, 5.0, 5.0, 5.0, 5.0, 5.0, 5.0, 5.0, 9.0, 9.0, 9.0, 9.0, 8.0, 8.0, 12.0, 8.0, 9.0, 9.0, 9.0, 9.0]
T = 0.6400000000000001	 step = 131
99.23000000000002
22.17442649147727
[26.0, 4.0, 27.0, 11.0, 40.0, 35.0, 33.0, 21.0, 17.0, 35.0, 47.0, 18.0, 9.0, 21.0, 42.0, 7.0, 6.0, 7.0, 31.0, 42.0]
[48.0, 27.0, 16.0, 24.0, 25.0, 15.0, 47.0, 25.0, 37.0, 6.0, 7.0, 15.0, 48.0, 5.0, 35.0, 5.0, 36.0, 15.0, 38.0, 47.0]
[5.0, 5.0, 5.0, 5.0, 5.0, 5.0, 5.0, 5.0, 9.0, 9.0, 9.0, 9.0, 12.0, 12.0, 8.0, 12.0, 9.0, 9.0, 9.0, 9.0]
[5.0, 5.0, 5.0, 5.0, 5.0, 5.0, 5.0, 5.0, 9.0, 9.0, 9.0, 9.0, 8.0, 8.0, 12.0, 8.0, 9.0, 9.0, 9.0, 9.0]
T = 0.6400000000000001	 step = 132
99.19
22.236926491477274
[26.0, 4.0, 27.0, 11.0, 40.0, 35.0, 33.0, 21.0, 17.0, 35.0, 47.0, 18.0, 9.0, 20.0, 42.0, 7.0, 6.0, 7.0, 31.0, 42.0]
[48.0, 27.0, 16.0, 24.0, 25.0, 15.0, 47.0, 25.0, 37.0, 6.0, 7.0, 15.0, 48.0, 5.0, 35.0, 5.0, 36.0, 15.0, 38.0, 47.0]
[5.0, 5.0, 5.0, 5.0, 5.0, 5.0, 5.0, 5.0, 9.0, 9.0, 9.0, 9.0, 12.0, 12.0, 8.0, 12.0, 9.0, 9.0, 9.0, 9.0]
[5.0, 5.0, 5.0, 5.0, 5.0, 5.0, 5.0, 5.0, 9.0, 9.0, 9.0, 9.0, 8.0, 8.0, 12.0, 8.0, 9.0, 9.0, 9.0, 9.0]
T = 0.6400000000000001	 step = 133
99.11000000000001
22.361926491477274
[26.0, 4.0, 27.0, 11.0, 40.0, 35.0, 33.0, 21.0, 17.0, 35.0, 47.0, 18.0, 9.0, 20.0, 42.0, 7.0, 6.0, 7.0, 31.0, 42.0]
[48.0, 27.0, 16.0, 24.0, 25.0, 15.0, 47.0, 25.0, 37.0, 6.0, 6.0, 15.0, 48.0, 5.0, 35.0, 5.0, 36.0, 15.0, 38.0, 47.0]
[5.0, 5.0, 5.0, 5.0, 5.0, 5.0, 5.0, 5.0, 9.0, 9.0, 9.0, 9.0, 12.0, 12.0, 8.0, 12.0, 9.0, 9.0, 9.0, 9.0]
[5.0, 5.0, 5.0, 5.0, 5.0, 5.0, 5.0, 5.0, 9.0, 9.0, 9.0, 9.0, 8.0, 8.0, 12.0, 8.0, 9.0, 9.0, 9.0, 9.0]
T = 0.6400000000000001	 step = 134
99.18
22.34327903053977
[26.0, 4.0, 27.0, 12.0, 40.0, 35.0, 33.0, 21.0, 17.0, 35.0, 47.0, 18.0, 9.0, 20.0, 42.0, 7.0, 6.0, 7.0, 31.0, 42.0]
[48.0, 27.0, 16.0, 24.0, 25.0, 15.0, 47.0, 25.0, 37.0, 6.0, 6.0, 15.0, 48.0, 5.0, 35.0, 5.0, 36.0, 15.0, 38.0, 47.0]
[5.0, 5.0, 5.0, 5.0, 5.0, 5.0, 5.0, 5.0, 9.0, 9.0, 9.0, 9.0, 12.0, 12.0, 8.0, 12.0, 9.0, 9.0, 9.0, 9.0]
[5.0, 5.0, 5.0, 5.0, 5.0, 5.0, 5.0, 5.0, 9.0, 9.0, 9.0, 9.0, 8.0, 8.0, 12.0, 8.0, 9.0, 9.0, 9.0, 9.0]
T = 0.6400000000000001	 step = 135
99.27000000000004
22.486926491477274
[26.0, 4.0, 27.0, 11.0, 40.0, 35.0, 33.0, 21.0, 17.0, 35.0, 47.0, 18.0, 9.0, 20.0, 42.0, 7.0, 6.0, 7.0, 31.0, 42.0]
[48.0, 27.0, 16.0, 24.0, 25.0, 15.0, 47.0, 25.0, 36.0, 6.0, 6.0, 15.0, 48.0, 5.0, 35.0, 5.0, 36.0, 15.0, 38.0, 47.0]
[5.0, 5.0, 5.0, 5.0, 5.0, 5.0, 5.0, 5.0, 9.0, 9.0, 9.0, 9.0, 12.0, 12.0, 8.0, 12.0, 9.0, 9.0, 9.0, 9.0]
[5.0, 5.0, 5.0, 5.0, 5.0, 5.0, 5.0, 5.0, 9.0, 9.0, 9.0, 9.0, 8.0, 8.0, 12.0, 8.0, 9.0, 9.0, 9.0, 9.0]
T = 0.6400000000000001	 step = 136
99.24000000000001
22.611926491477274
[26.0, 4.0, 27.0, 11.0, 40.0, 35.0, 33.0, 21.0, 17.0, 35.0, 47.0, 18.0, 9.0, 20.0, 42.0, 7.0, 6.0, 7.0, 31.0, 42.0]
[48.0, 27.0, 16.0, 24.0, 25.0, 15.0, 48.0, 25.0, 36.0, 6.0, 6.0, 15.0, 48.0, 5.0, 35.0, 5.0, 36.0, 15.0, 38.0, 47.0]
[5.0, 5.0, 5.0, 5.0, 5.0, 5.0, 5.0, 5.0, 9.0, 9.0, 9.0, 9.0, 12.0, 12.0, 8.0, 12.0, 9.0, 9.0, 9.0, 9.0]
[5.0, 5.0, 5.0, 5.0, 5.0, 5.0, 5.0, 5.0, 9.0, 9.0, 9.0, 9.0, 8.0, 8.0, 12.0, 8.0, 9.0, 9.0, 9.0, 9.0]
T = 0.6400000000000001	 step = 137
99.20000000000005
22.674426491477274
[26.0, 4.0, 27.0, 11.0, 40.0, 35.0, 33.0, 21.0, 17.0, 35.0, 47.0, 18.0, 9.0, 20.0, 42.0, 7.0, 6.0, 7.0, 31.0, 42.0]
[48.0, 27.0, 16.0, 24.0, 25.0, 15.0, 48.0, 25.0, 36.0, 6.0, 6.0, 15.0, 48.0, 5.0, 35.0, 5.0, 36.0, 15.0, 39.0, 47.0]
[5.0, 5.0, 5.0, 5.0, 5.0, 5.0, 5.0, 5.0, 9.0, 9.0, 9.0, 9.0, 12.0, 12.0, 8.0, 12.0, 9.0, 9.0, 9.0, 9.0]
[5.0, 5.0, 5.0, 5.0, 5.0, 5.0, 5.0, 5.0, 9.0, 9.0, 9.0, 9.0, 8.0, 8.0, 12.0, 8.0, 9.0, 9.0, 9.0, 9.0]
T = 0.6400000000000001	 step = 138
99.18
22.611926491477274
[26.0, 4.0, 27.0, 11.0, 40.0, 35.0, 33.0, 21.0, 17.0, 35.0, 47.0, 18.0, 9.0, 20.0, 43.0, 7.0, 6.0, 7.0, 31.0, 42.0]
[48.0, 27.0, 16.0, 24.0, 25.0, 15.0, 48.0, 25.0, 36.0, 6.0, 6.0, 15.0, 48.0, 5.0, 35.0, 5.0, 36.0, 15.0, 39.0, 47.0]
[5.0, 5.0, 5.0, 5.0, 5.0, 5.0, 5.0, 5.0, 9.0, 9.0, 9.0, 9.0, 12.0, 12.0, 8.0, 12.0, 9.0, 9.0, 9.0, 9.0]
[5.0, 5.0, 5.0, 5.0, 5.0, 5.0, 5.0, 5.0, 9.0, 9.0, 9.0, 9.0, 8.0, 8.0, 12.0, 8.0, 9.0, 9.0, 9.0, 9.0]
T = 0.6400000000000001	 step = 139
99.34000000000003
22.48692649147727
[26.0, 4.0, 27.0, 11.0, 40.0, 35.0, 33.0, 21.0, 17.0, 35.0, 46.0, 18.0, 9.0, 20.0, 43.0, 7.0, 6.0, 7.0, 31.0, 42.0]
[48.0, 27.0, 16.0, 24.0, 25.0, 15.0, 48.0, 25.0, 36.0, 6.0, 6.0, 15.0, 48.0, 5.0, 35.0, 5.0, 36.0, 15.0, 39.0, 47.0]
[5.0, 5.0, 5.0, 5.0, 5.0, 5.0, 5.0, 5.0, 9.0, 9.0, 9.0, 9.0, 12.0, 12.0, 8.0, 12.0, 9.0, 9.0, 9.0, 9.0]
[5.0, 5.0, 5.0, 5.0, 5.0, 5.0, 5.0, 5.0, 9.0, 9.0, 9.0, 9.0, 8.0, 8.0, 12.0, 8.0, 9.0, 9.0, 9.0, 9.0]
T = 0.6400000000000001	 step = 140
99.38
22.42442649147727
[26.0, 4.0, 27.0, 11.0, 40.0, 35.0, 33.0, 21.0, 17.0, 35.0, 46.0, 18.0, 9.0, 21.0, 43.0, 7.0, 6.0, 7.0, 31.0, 42.0]
[48.0, 27.0, 16.0, 24.0, 25.0, 15.0, 48.0, 25.0, 36.0, 6.0, 6.0, 15.0, 48.0, 5.0, 35.0, 5.0, 36.0, 15.0, 39.0, 47.0]
[5.0, 5.0, 5.0, 5.0, 5.0, 5.0, 5.0, 5.0, 9.0, 9.0, 9.0, 9.0, 12.0, 12.0, 8.0, 12.0, 9.0, 9.0, 9.0, 9.0]
[5.0, 5.0, 5.0, 5.0, 5.0, 5.0, 5.0, 5.0, 9.0, 9.0, 9.0, 9.0, 8.0, 8.0, 12.0, 8.0, 9.0, 9.0, 9.0, 9.0]
T = 0.6400000000000001	 step = 141
99.37
22.48692649147727
[26.0, 4.0, 27.0, 11.0, 40.0, 35.0, 33.0, 21.0, 17.0, 35.0, 46.0, 18.0, 9.0, 21.0, 43.0, 7.0, 6.0, 7.0, 31.0, 43.0]
[48.0, 27.0, 16.0, 24.0, 25.0, 15.0, 48.0, 25.0, 36.0, 6.0, 6.0, 15.0, 48.0, 5.0, 35.0, 5.0, 36.0, 15.0, 39.0, 47.0]
[5.0, 5.0, 5.0, 5.0, 5.0, 5.0, 5.0, 5.0, 9.0, 9.0, 9.0, 9.0, 12.0, 12.0, 8.0, 12.0, 9.0, 9.0, 9.0, 9.0]
[5.0, 5.0, 5.0, 5.0, 5.0, 5.0, 5.0, 5.0, 9.0, 9.0, 9.0, 9.0, 8.0, 8.0, 12.0, 8.0, 9.0, 9.0, 9.0, 9.0]
T = 0.6400000000000001	 step = 142
99.32000000000005
22.54942649147727
[26.0, 4.0, 27.0, 11.0, 40.0, 35.0, 33.0, 21.0, 17.0, 35.0, 46.0, 18.0, 9.0, 21.0, 43.0, 7.0, 6.0, 7.0, 31.0, 43.0]
[48.0, 27.0, 16.0, 25.0, 25.0, 15.0, 48.0, 25.0, 36.0, 6.0, 6.0, 15.0, 48.0, 5.0, 35.0, 5.0, 36.0, 15.0, 39.0, 47.0]
[5.0, 5.0, 5.0, 5.0, 5.0, 5.0, 5.0, 5.0, 9.0, 9.0, 9.0, 9.0, 12.0, 12.0, 8.0, 12.0, 9.0, 9.0, 9.0, 9.0]
[5.0, 5.0, 5.0, 5.0, 5.0, 5.0, 5.0, 5.0, 9.0, 9.0, 9.0, 9.0, 8.0, 8.0, 12.0, 8.0, 9.0, 9.0, 9.0, 9.0]
T = 0.6400000000000001	 step = 143
99.36000000000001
22.48692649147727
[26.0, 4.0, 27.0, 11.0, 40.0, 35.0, 33.0, 21.0, 17.0, 35.0, 46.0, 18.0, 9.0, 21.0, 43.0, 8.0, 6.0, 7.0, 31.0, 43.0]
[48.0, 27.0, 16.0, 25.0, 25.0, 15.0, 48.0, 25.0, 36.0, 6.0, 6.0, 15.0, 48.0, 5.0, 35.0, 5.0, 36.0, 15.0, 39.0, 47.0]
[5.0, 5.0, 5.0, 5.0, 5.0, 5.0, 5.0, 5.0, 9.0, 9.0, 9.0, 9.0, 12.0, 12.0, 8.0, 12.0, 9.0, 9.0, 9.0, 9.0]
[5.0, 5.0, 5.0, 5.0, 5.0, 5.0, 5.0, 5.0, 9.0, 9.0, 9.0, 9.0, 8.0, 8.0, 12.0, 8.0, 9.0, 9.0, 9.0, 9.0]
T = 0.6400000000000001	 step = 144
99.36000000000001
22.48692649147727
[26.0, 4.0, 27.0, 11.0, 40.0, 35.0, 33.0, 21.0, 17.0, 35.0, 46.0, 18.0, 9.0, 21.0, 43.0, 8.0, 6.0, 7.0, 31.0, 43.0]
[48.0, 27.0, 17.0, 25.0, 25.0, 15.0, 48.0, 25.0, 36.0, 6.0, 6.0, 15.0, 48.0, 5.0, 35.0, 5.0, 36.0, 15.0, 39.0, 47.0]
[5.0, 5.0, 5.0, 5.0, 5.0, 5.0, 5.0, 5.0, 9.0, 9.0, 9.0, 9.0, 12.0, 12.0, 8.0, 12.0, 9.0, 9.0, 9.0, 9.0]
[5.0, 5.0, 5.0, 5.0, 5.0, 5.0, 5.0, 5.0, 9.0, 9.0, 9.0, 9.0, 8.0, 8.0, 12.0, 8.0, 9.0, 9.0, 9.0, 9.0]
T = 0.6400000000000001	 step = 145
100.14000000000004
24.16576571377841
[44.0, 4.0, 27.0, 11.0, 40.0, 35.0, 33.0, 21.0, 17.0, 35.0, 46.0, 18.0, 9.0, 21.0, 43.0, 8.0, 6.0, 7.0, 31.0, 43.0]
[16.0, 27.0, 17.0, 25.0, 25.0, 15.0, 48.0, 25.0, 36.0, 6.0, 6.0, 15.0, 48.0, 5.0, 35.0, 5.0, 36.0, 15.0, 39.0, 47.0]
[5.0, 5.0, 5.0, 5.0, 5.0, 5.0, 5.0, 5.0, 9.0, 9.0, 9.0, 9.0, 12.0, 12.0, 8.0, 12.0, 9.0, 9.0, 9.0, 9.0]
[5.0, 5.0, 5.0, 5.0, 5.0, 5.0, 5.0, 5.0, 9.0, 9.0, 9.0, 9.0, 8.0, 8.0, 12.0, 8.0, 9.0, 9.0, 9.0, 9.0]
T = 0.6400000000000001	 step = 146
100.11000000000001
24.104080699573863
[44.0, 4.0, 27.0, 11.0, 40.0, 35.0, 33.0, 21.0, 17.0, 35.0, 46.0, 18.0, 9.0, 21.0, 44.0, 8.0, 6.0, 7.0, 31.0, 43.0]
[16.0, 27.0, 17.0, 25.0, 25.0, 15.0, 48.0, 25.0, 36.0, 6.0, 6.0, 15.0, 48.0, 5.0, 35.0, 5.0, 36.0, 15.0, 39.0, 47.0]
[5.0, 5.0, 5.0, 5.0, 5.0, 5.0, 5.0, 5.0, 9.0, 9.0, 9.0, 9.0, 12.0, 12.0, 8.0, 12.0, 9.0, 9.0, 9.0, 9.0]
[5.0, 5.0, 5.0, 5.0, 5.0, 5.0, 5.0, 5.0, 9.0, 9.0, 9.0, 9.0, 8.0, 8.0, 12.0, 8.0, 9.0, 9.0, 9.0, 9.0]
T = 0.6400000000000001	 step = 147
100.13
24.104080699573863
[44.0, 4.0, 27.0, 11.0, 40.0, 35.0, 33.0, 21.0, 17.0, 35.0, 46.0, 18.0, 9.0, 21.0, 44.0, 8.0, 6.0, 7.0, 31.0, 43.0]
[16.0, 26.0, 17.0, 25.0, 25.0, 15.0, 48.0, 25.0, 36.0, 6.0, 6.0, 15.0, 48.0, 5.0, 35.0, 5.0, 36.0, 15.0, 39.0, 47.0]
[5.0, 5.0, 5.0, 5.0, 5.0, 5.0, 5.0, 5.0, 9.0, 9.0, 9.0, 9.0, 12.0, 12.0, 8.0, 12.0, 9.0, 9.0, 9.0, 9.0]
[5.0, 5.0, 5.0, 5.0, 5.0, 5.0, 5.0, 5.0, 9.0, 9.0, 9.0, 9.0, 8.0, 8.0, 12.0, 8.0, 9.0, 9.0, 9.0, 9.0]
T = 0.6400000000000001	 step = 148
100.18
24.04076571377841
[44.0, 4.0, 27.0, 11.0, 40.0, 35.0, 33.0, 21.0, 17.0, 35.0, 46.0, 18.0, 9.0, 21.0, 44.0, 8.0, 6.0, 7.0, 31.0, 43.0]
[16.0, 26.0, 17.0, 24.0, 25.0, 15.0, 48.0, 25.0, 36.0, 6.0, 6.0, 15.0, 48.0, 5.0, 35.0, 5.0, 36.0, 15.0, 39.0, 47.0]
[5.0, 5.0, 5.0, 5.0, 5.0, 5.0, 5.0, 5.0, 9.0, 9.0, 9.0, 9.0, 12.0, 12.0, 8.0, 12.0, 9.0, 9.0, 9.0, 9.0]
[5.0, 5.0, 5.0, 5.0, 5.0, 5.0, 5.0, 5.0, 9.0, 9.0, 9.0, 9.0, 8.0, 8.0, 12.0, 8.0, 9.0, 9.0, 9.0, 9.0]
T = 0.6400000000000001	 step = 149
100.20000000000005
24.04076571377841
[44.0, 4.0, 27.0, 11.0, 40.0, 35.0, 33.0, 21.0, 17.0, 35.0, 46.0, 18.0, 9.0, 21.0, 44.0, 8.0, 6.0, 7.0, 31.0, 43.0]
[16.0, 25.0, 17.0, 24.0, 25.0, 15.0, 48.0, 25.0, 36.0, 6.0, 6.0, 15.0, 48.0, 5.0, 35.0, 5.0, 36.0, 15.0, 39.0, 47.0]
[5.0, 5.0, 5.0, 5.0, 5.0, 5.0, 5.0, 5.0, 9.0, 9.0, 9.0, 9.0, 12.0, 12.0, 8.0, 12.0, 9.0, 9.0, 9.0, 9.0]
[5.0, 5.0, 5.0, 5.0, 5.0, 5.0, 5.0, 5.0, 9.0, 9.0, 9.0, 9.0, 8.0, 8.0, 12.0, 8.0, 9.0, 9.0, 9.0, 9.0]
T = 0.6400000000000001	 step = 150
100.29000000000002
23.91576571377841
[44.0, 4.0, 27.0, 11.0, 40.0, 35.0, 33.0, 21.0, 17.0, 35.0, 46.0, 18.0, 9.0, 21.0, 44.0, 8.0, 6.0, 7.0, 31.0, 43.0]
[16.0, 25.0, 17.0, 24.0, 25.0, 15.0, 48.0, 25.0, 36.0, 6.0, 7.0, 15.0, 48.0, 5.0, 35.0, 5.0, 36.0, 15.0, 39.0, 47.0]
[5.0, 5.0, 5.0, 5.0, 5.0, 5.0, 5.0, 5.0, 9.0, 9.0, 9.0, 9.0, 12.0, 12.0, 8.0, 12.0, 9.0, 9.0, 9.0, 9.0]
[5.0, 5.0, 5.0, 5.0, 5.0, 5.0, 5.0, 5.0, 9.0, 9.0, 9.0, 9.0, 8.0, 8.0, 12.0, 8.0, 9.0, 9.0, 9.0, 9.0]
T = 0.6400000000000001	 step = 151
100.48000000000002
23.791580699573863
[44.0, 4.0, 27.0, 11.0, 40.0, 35.0, 33.0, 21.0, 17.0, 34.0, 46.0, 18.0, 9.0, 21.0, 44.0, 8.0, 6.0, 7.0, 31.0, 43.0]
[16.0, 25.0, 17.0, 24.0, 25.0, 15.0, 48.0, 25.0, 36.0, 6.0, 7.0, 15.0, 48.0, 5.0, 35.0, 5.0, 36.0, 15.0, 39.0, 47.0]
[5.0, 5.0, 5.0, 5.0, 5.0, 5.0, 5.0, 5.0, 9.0, 9.0, 9.0, 9.0, 12.0, 12.0, 8.0, 12.0, 9.0, 9.0, 9.0, 9.0]
[5.0, 5.0, 5.0, 5.0, 5.0, 5.0, 5.0, 5.0, 9.0, 9.0, 9.0, 9.0, 8.0, 8.0, 12.0, 8.0, 9.0, 9.0, 9.0, 9.0]
T = 0.6400000000000001	 step = 152
100.46000000000004
23.791580699573863
[44.0, 4.0, 27.0, 11.0, 40.0, 35.0, 33.0, 21.0, 17.0, 34.0, 46.0, 18.0, 9.0, 21.0, 44.0, 8.0, 6.0, 7.0, 31.0, 43.0]
[16.0, 26.0, 17.0, 24.0, 25.0, 15.0, 48.0, 25.0, 36.0, 6.0, 7.0, 15.0, 48.0, 5.0, 35.0, 5.0, 36.0, 15.0, 39.0, 47.0]
[5.0, 5.0, 5.0, 5.0, 5.0, 5.0, 5.0, 5.0, 9.0, 9.0, 9.0, 9.0, 12.0, 12.0, 8.0, 12.0, 9.0, 9.0, 9.0, 9.0]
[5.0, 5.0, 5.0, 5.0, 5.0, 5.0, 5.0, 5.0, 9.0, 9.0, 9.0, 9.0, 8.0, 8.0, 12.0, 8.0, 9.0, 9.0, 9.0, 9.0]
T = 0.6400000000000001	 step = 153
100.42000000000002
23.853265713778402
[44.0, 4.0, 27.0, 11.0, 40.0, 35.0, 33.0, 21.0, 17.0, 34.0, 46.0, 18.0, 9.0, 21.0, 44.0, 7.0, 6.0, 7.0, 31.0, 43.0]
[16.0, 26.0, 17.0, 24.0, 25.0, 15.0, 48.0, 25.0, 36.0, 6.0, 7.0, 15.0, 48.0, 5.0, 35.0, 5.0, 36.0, 15.0, 39.0, 47.0]
[5.0, 5.0, 5.0, 5.0, 5.0, 5.0, 5.0, 5.0, 9.0, 9.0, 9.0, 9.0, 12.0, 12.0, 8.0, 12.0, 9.0, 9.0, 9.0, 9.0]
[5.0, 5.0, 5.0, 5.0, 5.0, 5.0, 5.0, 5.0, 9.0, 9.0, 9.0, 9.0, 8.0, 8.0, 12.0, 8.0, 9.0, 9.0, 9.0, 9.0]
T = 0.6400000000000001	 step = 154
100.25
23.97826571377841
[44.0, 4.0, 27.0, 11.0, 40.0, 35.0, 33.0, 21.0, 17.0, 34.0, 47.0, 18.0, 9.0, 21.0, 44.0, 7.0, 6.0, 7.0, 31.0, 43.0]
[16.0, 26.0, 17.0, 24.0, 25.0, 15.0, 48.0, 25.0, 36.0, 6.0, 7.0, 15.0, 48.0, 5.0, 35.0, 5.0, 36.0, 15.0, 39.0, 47.0]
[5.0, 5.0, 5.0, 5.0, 5.0, 5.0, 5.0, 5.0, 9.0, 9.0, 9.0, 9.0, 12.0, 12.0, 8.0, 12.0, 9.0, 9.0, 9.0, 9.0]
[5.0, 5.0, 5.0, 5.0, 5.0, 5.0, 5.0, 5.0, 9.0, 9.0, 9.0, 9.0, 8.0, 8.0, 12.0, 8.0, 9.0, 9.0, 9.0, 9.0]
T = 0.6400000000000001	 step = 155
100.28000000000003
23.97826571377841
[44.0, 4.0, 27.0, 11.0, 40.0, 35.0, 33.0, 21.0, 17.0, 34.0, 47.0, 18.0, 9.0, 21.0, 44.0, 7.0, 6.0, 7.0, 31.0, 43.0]
[16.0, 25.0, 17.0, 24.0, 25.0, 15.0, 48.0, 25.0, 36.0, 6.0, 7.0, 15.0, 48.0, 5.0, 35.0, 5.0, 36.0, 15.0, 39.0, 47.0]
[5.0, 5.0, 5.0, 5.0, 5.0, 5.0, 5.0, 5.0, 9.0, 9.0, 9.0, 9.0, 12.0, 12.0, 8.0, 12.0, 9.0, 9.0, 9.0, 9.0]
[5.0, 5.0, 5.0, 5.0, 5.0, 5.0, 5.0, 5.0, 9.0, 9.0, 9.0, 9.0, 8.0, 8.0, 12.0, 8.0, 9.0, 9.0, 9.0, 9.0]
T = 0.6400000000000001	 step = 156
100.31
23.91576571377841
[44.0, 4.0, 27.0, 11.0, 40.0, 35.0, 33.0, 21.0, 17.0, 34.0, 47.0, 18.0, 9.0, 21.0, 44.0, 7.0, 6.0, 7.0, 31.0, 43.0]
[16.0, 25.0, 17.0, 24.0, 25.0, 15.0, 48.0, 25.0, 36.0, 6.0, 7.0, 15.0, 48.0, 5.0, 35.0, 5.0, 36.0, 15.0, 38.0, 47.0]
[5.0, 5.0, 5.0, 5.0, 5.0, 5.0, 5.0, 5.0, 9.0, 9.0, 9.0, 9.0, 12.0, 12.0, 8.0, 12.0, 9.0, 9.0, 9.0, 9.0]
[5.0, 5.0, 5.0, 5.0, 5.0, 5.0, 5.0, 5.0, 9.0, 9.0, 9.0, 9.0, 8.0, 8.0, 12.0, 8.0, 9.0, 9.0, 9.0, 9.0]
T = 0.6400000000000001	 step = 157
100.40000000000003
23.79076571377841
[43.0, 4.0, 27.0, 11.0, 40.0, 35.0, 33.0, 21.0, 17.0, 34.0, 47.0, 18.0, 9.0, 21.0, 44.0, 7.0, 6.0, 7.0, 31.0, 43.0]
[16.0, 25.0, 17.0, 24.0, 25.0, 15.0, 48.0, 25.0, 36.0, 6.0, 7.0, 15.0, 48.0, 5.0, 35.0, 5.0, 36.0, 15.0, 38.0, 47.0]
[5.0, 5.0, 5.0, 5.0, 5.0, 5.0, 5.0, 5.0, 9.0, 9.0, 9.0, 9.0, 12.0, 12.0, 8.0, 12.0, 9.0, 9.0, 9.0, 9.0]
[5.0, 5.0, 5.0, 5.0, 5.0, 5.0, 5.0, 5.0, 9.0, 9.0, 9.0, 9.0, 8.0, 8.0, 12.0, 8.0, 9.0, 9.0, 9.0, 9.0]
T = 0.6400000000000001	 step = 158
100.44
23.728265713778402
[43.0, 4.0, 27.0, 11.0, 40.0, 35.0, 33.0, 21.0, 17.0, 34.0, 47.0, 18.0, 9.0, 21.0, 44.0, 8.0, 6.0, 7.0, 31.0, 43.0]
[16.0, 25.0, 17.0, 24.0, 25.0, 15.0, 48.0, 25.0, 36.0, 6.0, 7.0, 15.0, 48.0, 5.0, 35.0, 5.0, 36.0, 15.0, 38.0, 47.0]
[5.0, 5.0, 5.0, 5.0, 5.0, 5.0, 5.0, 5.0, 9.0, 9.0, 9.0, 9.0, 12.0, 12.0, 8.0, 12.0, 9.0, 9.0, 9.0, 9.0]
[5.0, 5.0, 5.0, 5.0, 5.0, 5.0, 5.0, 5.0, 9.0, 9.0, 9.0, 9.0, 8.0, 8.0, 12.0, 8.0, 9.0, 9.0, 9.0, 9.0]
T = 0.6400000000000001	 step = 159
100.62
23.603265713778402
[43.0, 4.0, 27.0, 11.0, 40.0, 35.0, 33.0, 21.0, 17.0, 33.0, 47.0, 18.0, 9.0, 21.0, 44.0, 8.0, 6.0, 7.0, 31.0, 43.0]
[16.0, 25.0, 17.0, 24.0, 25.0, 15.0, 48.0, 25.0, 36.0, 6.0, 7.0, 15.0, 48.0, 5.0, 35.0, 5.0, 36.0, 15.0, 38.0, 47.0]
[5.0, 5.0, 5.0, 5.0, 5.0, 5.0, 5.0, 5.0, 9.0, 9.0, 9.0, 9.0, 12.0, 12.0, 8.0, 12.0, 9.0, 9.0, 9.0, 9.0]
[5.0, 5.0, 5.0, 5.0, 5.0, 5.0, 5.0, 5.0, 9.0, 9.0, 9.0, 9.0, 8.0, 8.0, 12.0, 8.0, 9.0, 9.0, 9.0, 9.0]
T = 0.6400000000000001	 step = 160
100.65000000000003
23.603265713778402
[43.0, 4.0, 27.0, 11.0, 40.0, 35.0, 33.0, 21.0, 17.0, 33.0, 47.0, 18.0, 9.0, 21.0, 44.0, 8.0, 6.0, 7.0, 31.0, 43.0]
[16.0, 24.0, 17.0, 24.0, 25.0, 15.0, 48.0, 25.0, 36.0, 6.0, 7.0, 15.0, 48.0, 5.0, 35.0, 5.0, 36.0, 15.0, 38.0, 47.0]
[5.0, 5.0, 5.0, 5.0, 5.0, 5.0, 5.0, 5.0, 9.0, 9.0, 9.0, 9.0, 12.0, 12.0, 8.0, 12.0, 9.0, 9.0, 9.0, 9.0]
[5.0, 5.0, 5.0, 5.0, 5.0, 5.0, 5.0, 5.0, 9.0, 9.0, 9.0, 9.0, 8.0, 8.0, 12.0, 8.0, 9.0, 9.0, 9.0, 9.0]
T = 0.5120000000000001	 step = 161
100.62
23.603265713778402
[43.0, 4.0, 27.0, 11.0, 40.0, 35.0, 33.0, 21.0, 17.0, 33.0, 47.0, 18.0, 9.0, 21.0, 44.0, 8.0, 6.0, 7.0, 31.0, 43.0]
[16.0, 25.0, 17.0, 24.0, 25.0, 15.0, 48.0, 25.0, 36.0, 6.0, 7.0, 15.0, 48.0, 5.0, 35.0, 5.0, 36.0, 15.0, 38.0, 47.0]
[5.0, 5.0, 5.0, 5.0, 5.0, 5.0, 5.0, 5.0, 9.0, 9.0, 9.0, 9.0, 12.0, 12.0, 8.0, 12.0, 9.0, 9.0, 9.0, 9.0]
[5.0, 5.0, 5.0, 5.0, 5.0, 5.0, 5.0, 5.0, 9.0, 9.0, 9.0, 9.0, 8.0, 8.0, 12.0, 8.0, 9.0, 9.0, 9.0, 9.0]
T = 0.5120000000000001	 step = 162
100.84000000000003
23.603265713778402
[43.0, 4.0, 27.0, 11.0, 40.0, 35.0, 33.0, 21.0, 20.0, 33.0, 47.0, 18.0, 9.0, 21.0, 44.0, 8.0, 6.0, 7.0, 31.0, 43.0]
[16.0, 25.0, 17.0, 24.0, 25.0, 15.0, 48.0, 25.0, 36.0, 6.0, 7.0, 15.0, 48.0, 5.0, 35.0, 5.0, 36.0, 15.0, 38.0, 47.0]
[5.0, 5.0, 5.0, 5.0, 5.0, 5.0, 5.0, 5.0, 9.0, 9.0, 9.0, 9.0, 12.0, 12.0, 8.0, 12.0, 9.0, 9.0, 9.0, 9.0]
[5.0, 5.0, 5.0, 5.0, 5.0, 5.0, 5.0, 5.0, 9.0, 9.0, 9.0, 9.0, 8.0, 8.0, 12.0, 8.0, 9.0, 9.0, 9.0, 9.0]
T = 0.5120000000000001	 step = 163
100.80000000000001
23.64711825284091
[43.0, 4.0, 27.0, 11.0, 40.0, 35.0, 33.0, 21.0, 20.0, 33.0, 47.0, 18.0, 9.0, 21.0, 44.0, 8.0, 6.0, 6.0, 31.0, 43.0]
[16.0, 25.0, 17.0, 24.0, 25.0, 15.0, 48.0, 25.0, 36.0, 6.0, 7.0, 15.0, 48.0, 5.0, 35.0, 5.0, 36.0, 15.0, 38.0, 47.0]
[5.0, 5.0, 5.0, 5.0, 5.0, 5.0, 5.0, 5.0, 9.0, 9.0, 9.0, 9.0, 12.0, 12.0, 8.0, 12.0, 9.0, 9.0, 9.0, 9.0]
[5.0, 5.0, 5.0, 5.0, 5.0, 5.0, 5.0, 5.0, 9.0, 9.0, 9.0, 9.0, 8.0, 8.0, 12.0, 8.0, 9.0, 9.0, 9.0, 9.0]
T = 0.5120000000000001	 step = 164
100.84000000000003
23.603265713778402
[43.0, 4.0, 27.0, 11.0, 40.0, 35.0, 33.0, 21.0, 20.0, 33.0, 47.0, 18.0, 9.0, 21.0, 44.0, 8.0, 6.0, 7.0, 31.0, 43.0]
[16.0, 25.0, 17.0, 24.0, 25.0, 15.0, 48.0, 25.0, 36.0, 6.0, 7.0, 15.0, 48.0, 5.0, 35.0, 5.0, 36.0, 15.0, 38.0, 47.0]
[5.0, 5.0, 5.0, 5.0, 5.0, 5.0, 5.0, 5.0, 9.0, 9.0, 9.0, 9.0, 12.0, 12.0, 8.0, 12.0, 9.0, 9.0, 9.0, 9.0]
[5.0, 5.0, 5.0, 5.0, 5.0, 5.0, 5.0, 5.0, 9.0, 9.0, 9.0, 9.0, 8.0, 8.0, 12.0, 8.0, 9.0, 9.0, 9.0, 9.0]
T = 0.5120000000000001	 step = 165
100.93
22.55756436434659
[43.0, 4.0, 27.0, 11.0, 40.0, 35.0, 20.0, 21.0, 20.0, 33.0, 47.0, 18.0, 9.0, 21.0, 44.0, 8.0, 6.0, 7.0, 31.0, 43.0]
[16.0, 25.0, 17.0, 24.0, 25.0, 15.0, 45.0, 25.0, 36.0, 6.0, 7.0, 15.0, 48.0, 5.0, 35.0, 5.0, 36.0, 15.0, 38.0, 47.0]
[5.0, 5.0, 5.0, 5.0, 5.0, 5.0, 5.0, 5.0, 9.0, 9.0, 9.0, 9.0, 12.0, 12.0, 8.0, 12.0, 9.0, 9.0, 9.0, 9.0]
[5.0, 5.0, 5.0, 5.0, 5.0, 5.0, 5.0, 5.0, 9.0, 9.0, 9.0, 9.0, 8.0, 8.0, 12.0, 8.0, 9.0, 9.0, 9.0, 9.0]
T = 0.5120000000000001	 step = 166
100.81
22.55756436434659
[43.0, 4.0, 28.0, 11.0, 40.0, 35.0, 20.0, 21.0, 20.0, 33.0, 47.0, 18.0, 9.0, 21.0, 44.0, 8.0, 6.0, 7.0, 31.0, 43.0]
[16.0, 25.0, 17.0, 24.0, 25.0, 15.0, 45.0, 25.0, 36.0, 6.0, 7.0, 15.0, 48.0, 5.0, 35.0, 5.0, 36.0, 15.0, 38.0, 47.0]
[5.0, 5.0, 5.0, 5.0, 5.0, 5.0, 5.0, 5.0, 9.0, 9.0, 9.0, 9.0, 12.0, 12.0, 8.0, 12.0, 9.0, 9.0, 9.0, 9.0]
[5.0, 5.0, 5.0, 5.0, 5.0, 5.0, 5.0, 5.0, 9.0, 9.0, 9.0, 9.0, 8.0, 8.0, 12.0, 8.0, 9.0, 9.0, 9.0, 9.0]
T = 0.5120000000000001	 step = 167
100.76000000000005
22.62006436434659
[43.0, 4.0, 28.0, 11.0, 40.0, 35.0, 20.0, 21.0, 20.0, 33.0, 47.0, 18.0, 9.0, 21.0, 44.0, 8.0, 6.0, 7.0, 31.0, 43.0]
[16.0, 25.0, 17.0, 25.0, 25.0, 15.0, 45.0, 25.0, 36.0, 6.0, 7.0, 15.0, 48.0, 5.0, 35.0, 5.0, 36.0, 15.0, 38.0, 47.0]
[5.0, 5.0, 5.0, 5.0, 5.0, 5.0, 5.0, 5.0, 9.0, 9.0, 9.0, 9.0, 12.0, 12.0, 8.0, 12.0, 9.0, 9.0, 9.0, 9.0]
[5.0, 5.0, 5.0, 5.0, 5.0, 5.0, 5.0, 5.0, 9.0, 9.0, 9.0, 9.0, 8.0, 8.0, 12.0, 8.0, 9.0, 9.0, 9.0, 9.0]
T = 0.5120000000000001	 step = 168
100.68
22.62006436434659
[43.0, 4.0, 28.0, 11.0, 40.0, 35.0, 20.0, 21.0, 20.0, 33.0, 47.0, 18.0, 9.0, 21.0, 44.0, 8.0, 6.0, 7.0, 31.0, 43.0]
[16.0, 25.0, 18.0, 25.0, 25.0, 15.0, 45.0, 25.0, 36.0, 6.0, 7.0, 15.0, 48.0, 5.0, 35.0, 5.0, 36.0, 15.0, 38.0, 47.0]
[5.0, 5.0, 5.0, 5.0, 5.0, 5.0, 5.0, 5.0, 9.0, 9.0, 9.0, 9.0, 12.0, 12.0, 8.0, 12.0, 9.0, 9.0, 9.0, 9.0]
[5.0, 5.0, 5.0, 5.0, 5.0, 5.0, 5.0, 5.0, 9.0, 9.0, 9.0, 9.0, 8.0, 8.0, 12.0, 8.0, 9.0, 9.0, 9.0, 9.0]
T = 0.5120000000000001	 step = 169
100.79000000000002
22.543359818892043
[43.0, 4.0, 28.0, 11.0, 40.0, 35.0, 20.0, 22.0, 20.0, 33.0, 47.0, 18.0, 9.0, 21.0, 44.0, 8.0, 6.0, 7.0, 31.0, 43.0]
[16.0, 25.0, 18.0, 25.0, 25.0, 15.0, 45.0, 25.0, 36.0, 6.0, 7.0, 15.0, 48.0, 5.0, 35.0, 5.0, 36.0, 15.0, 38.0, 47.0]
[5.0, 5.0, 5.0, 5.0, 5.0, 5.0, 5.0, 5.0, 9.0, 9.0, 9.0, 9.0, 12.0, 12.0, 8.0, 12.0, 9.0, 9.0, 9.0, 9.0]
[5.0, 5.0, 5.0, 5.0, 5.0, 5.0, 5.0, 5.0, 9.0, 9.0, 9.0, 9.0, 8.0, 8.0, 12.0, 8.0, 9.0, 9.0, 9.0, 9.0]
T = 0.5120000000000001	 step = 170
100.71000000000004
22.543359818892043
[43.0, 4.0, 28.0, 11.0, 40.0, 35.0, 20.0, 22.0, 19.0, 33.0, 47.0, 18.0, 9.0, 21.0, 44.0, 8.0, 6.0, 7.0, 31.0, 43.0]
[16.0, 25.0, 18.0, 25.0, 25.0, 15.0, 45.0, 25.0, 36.0, 6.0, 7.0, 15.0, 48.0, 5.0, 35.0, 5.0, 36.0, 15.0, 38.0, 47.0]
[5.0, 5.0, 5.0, 5.0, 5.0, 5.0, 5.0, 5.0, 9.0, 9.0, 9.0, 9.0, 12.0, 12.0, 8.0, 12.0, 9.0, 9.0, 9.0, 9.0]
[5.0, 5.0, 5.0, 5.0, 5.0, 5.0, 5.0, 5.0, 9.0, 9.0, 9.0, 9.0, 8.0, 8.0, 12.0, 8.0, 9.0, 9.0, 9.0, 9.0]
T = 0.5120000000000001	 step = 171
100.70000000000005
22.605859818892043
[43.0, 4.0, 28.0, 11.0, 40.0, 35.0, 20.0, 22.0, 19.0, 33.0, 47.0, 18.0, 8.0, 21.0, 44.0, 8.0, 6.0, 7.0, 31.0, 43.0]
[16.0, 25.0, 18.0, 25.0, 25.0, 15.0, 45.0, 25.0, 36.0, 6.0, 7.0, 15.0, 48.0, 5.0, 35.0, 5.0, 36.0, 15.0, 38.0, 47.0]
[5.0, 5.0, 5.0, 5.0, 5.0, 5.0, 5.0, 5.0, 9.0, 9.0, 9.0, 9.0, 12.0, 12.0, 8.0, 12.0, 9.0, 9.0, 9.0, 9.0]
[5.0, 5.0, 5.0, 5.0, 5.0, 5.0, 5.0, 5.0, 9.0, 9.0, 9.0, 9.0, 8.0, 8.0, 12.0, 8.0, 9.0, 9.0, 9.0, 9.0]
T = 0.5120000000000001	 step = 172
100.72000000000003
22.543359818892043
[43.0, 4.0, 28.0, 11.0, 40.0, 35.0, 20.0, 22.0, 19.0, 33.0, 47.0, 18.0, 8.0, 21.0, 44.0, 8.0, 6.0, 7.0, 31.0, 43.0]
[16.0, 25.0, 18.0, 25.0, 25.0, 15.0, 45.0, 25.0, 36.0, 6.0, 7.0, 15.0, 47.0, 5.0, 35.0, 5.0, 36.0, 15.0, 38.0, 47.0]
[5.0, 5.0, 5.0, 5.0, 5.0, 5.0, 5.0, 5.0, 9.0, 9.0, 9.0, 9.0, 12.0, 12.0, 8.0, 12.0, 9.0, 9.0, 9.0, 9.0]
[5.0, 5.0, 5.0, 5.0, 5.0, 5.0, 5.0, 5.0, 9.0, 9.0, 9.0, 9.0, 8.0, 8.0, 12.0, 8.0, 9.0, 9.0, 9.0, 9.0]
T = 0.5120000000000001	 step = 173
100.76000000000005
22.480859818892043
[43.0, 4.0, 28.0, 11.0, 40.0, 35.0, 20.0, 22.0, 19.0, 33.0, 47.0, 18.0, 8.0, 21.0, 44.0, 8.0, 6.0, 7.0, 31.0, 43.0]
[16.0, 25.0, 18.0, 25.0, 25.0, 15.0, 45.0, 25.0, 36.0, 6.0, 7.0, 15.0, 47.0, 5.0, 35.0, 5.0, 36.0, 15.0, 37.0, 47.0]
[5.0, 5.0, 5.0, 5.0, 5.0, 5.0, 5.0, 5.0, 9.0, 9.0, 9.0, 9.0, 12.0, 12.0, 8.0, 12.0, 9.0, 9.0, 9.0, 9.0]
[5.0, 5.0, 5.0, 5.0, 5.0, 5.0, 5.0, 5.0, 9.0, 9.0, 9.0, 9.0, 8.0, 8.0, 12.0, 8.0, 9.0, 9.0, 9.0, 9.0]
T = 0.5120000000000001	 step = 174
100.91000000000003
22.480859818892043
[43.0, 4.0, 27.0, 11.0, 40.0, 35.0, 20.0, 22.0, 19.0, 33.0, 47.0, 18.0, 8.0, 21.0, 44.0, 8.0, 6.0, 7.0, 31.0, 43.0]
[16.0, 25.0, 18.0, 25.0, 25.0, 15.0, 45.0, 25.0, 36.0, 6.0, 7.0, 15.0, 47.0, 5.0, 35.0, 5.0, 36.0, 15.0, 37.0, 47.0]
[5.0, 5.0, 5.0, 5.0, 5.0, 5.0, 5.0, 5.0, 9.0, 9.0, 9.0, 9.0, 12.0, 12.0, 8.0, 12.0, 9.0, 9.0, 9.0, 9.0]
[5.0, 5.0, 5.0, 5.0, 5.0, 5.0, 5.0, 5.0, 9.0, 9.0, 9.0, 9.0, 8.0, 8.0, 12.0, 8.0, 9.0, 9.0, 9.0, 9.0]
T = 0.5120000000000001	 step = 175
100.88
22.543359818892043
[43.0, 4.0, 27.0, 11.0, 40.0, 35.0, 20.0, 22.0, 19.0, 33.0, 47.0, 18.0, 8.0, 21.0, 44.0, 7.0, 6.0, 7.0, 31.0, 43.0]
[16.0, 25.0, 18.0, 25.0, 25.0, 15.0, 45.0, 25.0, 36.0, 6.0, 7.0, 15.0, 47.0, 5.0, 35.0, 5.0, 36.0, 15.0, 37.0, 47.0]
[5.0, 5.0, 5.0, 5.0, 5.0, 5.0, 5.0, 5.0, 9.0, 9.0, 9.0, 9.0, 12.0, 12.0, 8.0, 12.0, 9.0, 9.0, 9.0, 9.0]
[5.0, 5.0, 5.0, 5.0, 5.0, 5.0, 5.0, 5.0, 9.0, 9.0, 9.0, 9.0, 8.0, 8.0, 12.0, 8.0, 9.0, 9.0, 9.0, 9.0]
T = 0.5120000000000001	 step = 176
100.84000000000003
22.668359818892046
[43.0, 4.0, 27.0, 11.0, 40.0, 35.0, 20.0, 22.0, 19.0, 33.0, 47.0, 18.0, 8.0, 21.0, 44.0, 7.0, 6.0, 7.0, 31.0, 43.0]
[16.0, 25.0, 18.0, 26.0, 25.0, 15.0, 45.0, 25.0, 36.0, 6.0, 7.0, 15.0, 47.0, 5.0, 35.0, 5.0, 36.0, 15.0, 37.0, 47.0]
[5.0, 5.0, 5.0, 5.0, 5.0, 5.0, 5.0, 5.0, 9.0, 9.0, 9.0, 9.0, 12.0, 12.0, 8.0, 12.0, 9.0, 9.0, 9.0, 9.0]
[5.0, 5.0, 5.0, 5.0, 5.0, 5.0, 5.0, 5.0, 9.0, 9.0, 9.0, 9.0, 8.0, 8.0, 12.0, 8.0, 9.0, 9.0, 9.0, 9.0]
T = 0.5120000000000001	 step = 177
101.0
22.543359818892046
[43.0, 4.0, 27.0, 11.0, 40.0, 35.0, 20.0, 22.0, 19.0, 33.0, 46.0, 18.0, 8.0, 21.0, 44.0, 7.0, 6.0, 7.0, 31.0, 43.0]
[16.0, 25.0, 18.0, 26.0, 25.0, 15.0, 45.0, 25.0, 36.0, 6.0, 7.0, 15.0, 47.0, 5.0, 35.0, 5.0, 36.0, 15.0, 37.0, 47.0]
[5.0, 5.0, 5.0, 5.0, 5.0, 5.0, 5.0, 5.0, 9.0, 9.0, 9.0, 9.0, 12.0, 12.0, 8.0, 12.0, 9.0, 9.0, 9.0, 9.0]
[5.0, 5.0, 5.0, 5.0, 5.0, 5.0, 5.0, 5.0, 9.0, 9.0, 9.0, 9.0, 8.0, 8.0, 12.0, 8.0, 9.0, 9.0, 9.0, 9.0]
T = 0.5120000000000001	 step = 178
100.89000000000004
22.62006436434659
[43.0, 4.0, 27.0, 11.0, 40.0, 35.0, 20.0, 21.0, 19.0, 33.0, 46.0, 18.0, 8.0, 21.0, 44.0, 7.0, 6.0, 7.0, 31.0, 43.0]
[16.0, 25.0, 18.0, 26.0, 25.0, 15.0, 45.0, 25.0, 36.0, 6.0, 7.0, 15.0, 47.0, 5.0, 35.0, 5.0, 36.0, 15.0, 37.0, 47.0]
[5.0, 5.0, 5.0, 5.0, 5.0, 5.0, 5.0, 5.0, 9.0, 9.0, 9.0, 9.0, 12.0, 12.0, 8.0, 12.0, 9.0, 9.0, 9.0, 9.0]
[5.0, 5.0, 5.0, 5.0, 5.0, 5.0, 5.0, 5.0, 9.0, 9.0, 9.0, 9.0, 8.0, 8.0, 12.0, 8.0, 9.0, 9.0, 9.0, 9.0]
T = 0.5120000000000001	 step = 179
100.89000000000004
22.674364346590906
[43.0, 4.0, 27.0, 11.0, 40.0, 35.0, 20.0, 21.0, 19.0, 33.0, 46.0, 18.0, 8.0, 21.0, 44.0, 7.0, 6.0, 7.0, 30.0, 43.0]
[16.0, 25.0, 18.0, 26.0, 25.0, 15.0, 45.0, 25.0, 36.0, 6.0, 7.0, 15.0, 47.0, 5.0, 35.0, 5.0, 36.0, 15.0, 37.0, 47.0]
[5.0, 5.0, 5.0, 5.0, 5.0, 5.0, 5.0, 5.0, 9.0, 9.0, 9.0, 9.0, 12.0, 12.0, 8.0, 12.0, 9.0, 9.0, 9.0, 9.0]
[5.0, 5.0, 5.0, 5.0, 5.0, 5.0, 5.0, 5.0, 9.0, 9.0, 9.0, 9.0, 8.0, 8.0, 12.0, 8.0, 9.0, 9.0, 9.0, 9.0]
T = 0.5120000000000001	 step = 180
100.90000000000003
22.611727627840907
[43.0, 4.0, 27.0, 11.0, 40.0, 35.0, 21.0, 21.0, 19.0, 33.0, 46.0, 18.0, 8.0, 21.0, 44.0, 7.0, 6.0, 7.0, 30.0, 43.0]
[16.0, 25.0, 18.0, 26.0, 25.0, 15.0, 45.0, 25.0, 36.0, 6.0, 7.0, 15.0, 47.0, 5.0, 35.0, 5.0, 36.0, 15.0, 37.0, 47.0]
[5.0, 5.0, 5.0, 5.0, 5.0, 5.0, 5.0, 5.0, 9.0, 9.0, 9.0, 9.0, 12.0, 12.0, 8.0, 12.0, 9.0, 9.0, 9.0, 9.0]
[5.0, 5.0, 5.0, 5.0, 5.0, 5.0, 5.0, 5.0, 9.0, 9.0, 9.0, 9.0, 8.0, 8.0, 12.0, 8.0, 9.0, 9.0, 9.0, 9.0]
T = 0.5120000000000001	 step = 181
100.89000000000004
22.557855557528406
[43.0, 4.0, 27.0, 11.0, 40.0, 35.0, 21.0, 21.0, 19.0, 33.0, 46.0, 18.0, 8.0, 21.0, 44.0, 7.0, 6.0, 7.0, 31.0, 43.0]
[16.0, 25.0, 18.0, 26.0, 25.0, 15.0, 45.0, 25.0, 36.0, 6.0, 7.0, 15.0, 47.0, 5.0, 35.0, 5.0, 36.0, 15.0, 37.0, 47.0]
[5.0, 5.0, 5.0, 5.0, 5.0, 5.0, 5.0, 5.0, 9.0, 9.0, 9.0, 9.0, 12.0, 12.0, 8.0, 12.0, 9.0, 9.0, 9.0, 9.0]
[5.0, 5.0, 5.0, 5.0, 5.0, 5.0, 5.0, 5.0, 9.0, 9.0, 9.0, 9.0, 8.0, 8.0, 12.0, 8.0, 9.0, 9.0, 9.0, 9.0]
T = 0.5120000000000001	 step = 182
100.80000000000001
22.682855557528406
[43.0, 4.0, 27.0, 11.0, 40.0, 35.0, 21.0, 21.0, 19.0, 33.0, 46.0, 18.0, 8.0, 21.0, 44.0, 7.0, 6.0, 7.0, 31.0, 43.0]
[16.0, 25.0, 18.0, 26.0, 25.0, 15.0, 45.0, 25.0, 36.0, 6.0, 6.0, 15.0, 47.0, 5.0, 35.0, 5.0, 36.0, 15.0, 37.0, 47.0]
[5.0, 5.0, 5.0, 5.0, 5.0, 5.0, 5.0, 5.0, 9.0, 9.0, 9.0, 9.0, 12.0, 12.0, 8.0, 12.0, 9.0, 9.0, 9.0, 9.0]
[5.0, 5.0, 5.0, 5.0, 5.0, 5.0, 5.0, 5.0, 9.0, 9.0, 9.0, 9.0, 8.0, 8.0, 12.0, 8.0, 9.0, 9.0, 9.0, 9.0]
T = 0.5120000000000001	 step = 183
100.83000000000004
22.620355557528406
[43.0, 4.0, 27.0, 11.0, 40.0, 35.0, 21.0, 21.0, 19.0, 33.0, 46.0, 18.0, 8.0, 21.0, 44.0, 8.0, 6.0, 7.0, 31.0, 43.0]
[16.0, 25.0, 18.0, 26.0, 25.0, 15.0, 45.0, 25.0, 36.0, 6.0, 6.0, 15.0, 47.0, 5.0, 35.0, 5.0, 36.0, 15.0, 37.0, 47.0]
[5.0, 5.0, 5.0, 5.0, 5.0, 5.0, 5.0, 5.0, 9.0, 9.0, 9.0, 9.0, 12.0, 12.0, 8.0, 12.0, 9.0, 9.0, 9.0, 9.0]
[5.0, 5.0, 5.0, 5.0, 5.0, 5.0, 5.0, 5.0, 9.0, 9.0, 9.0, 9.0, 8.0, 8.0, 12.0, 8.0, 9.0, 9.0, 9.0, 9.0]
T = 0.5120000000000001	 step = 184
101.06
22.570021750710225
[43.0, 4.0, 27.0, 11.0, 40.0, 34.0, 21.0, 21.0, 19.0, 33.0, 46.0, 18.0, 8.0, 21.0, 44.0, 8.0, 6.0, 7.0, 31.0, 43.0]
[16.0, 25.0, 18.0, 26.0, 25.0, 15.0, 45.0, 25.0, 36.0, 6.0, 6.0, 15.0, 47.0, 5.0, 35.0, 5.0, 36.0, 15.0, 37.0, 47.0]
[5.0, 5.0, 5.0, 5.0, 5.0, 5.0, 5.0, 5.0, 9.0, 9.0, 9.0, 9.0, 12.0, 12.0, 8.0, 12.0, 9.0, 9.0, 9.0, 9.0]
[5.0, 5.0, 5.0, 5.0, 5.0, 5.0, 5.0, 5.0, 9.0, 9.0, 9.0, 9.0, 8.0, 8.0, 12.0, 8.0, 9.0, 9.0, 9.0, 9.0]
T = 0.5120000000000001	 step = 185
101.08000000000004
22.60162464488636
[43.0, 4.0, 27.0, 11.0, 40.0, 34.0, 21.0, 21.0, 19.0, 33.0, 46.0, 18.0, 8.0, 21.0, 44.0, 8.0, 7.0, 7.0, 31.0, 43.0]
[16.0, 25.0, 18.0, 26.0, 25.0, 15.0, 45.0, 25.0, 36.0, 6.0, 6.0, 15.0, 47.0, 5.0, 35.0, 5.0, 36.0, 15.0, 37.0, 47.0]
[5.0, 5.0, 5.0, 5.0, 5.0, 5.0, 5.0, 5.0, 9.0, 9.0, 9.0, 9.0, 12.0, 12.0, 8.0, 12.0, 9.0, 9.0, 9.0, 9.0]
[5.0, 5.0, 5.0, 5.0, 5.0, 5.0, 5.0, 5.0, 9.0, 9.0, 9.0, 9.0, 8.0, 8.0, 12.0, 8.0, 9.0, 9.0, 9.0, 9.0]
T = 0.5120000000000001	 step = 186
101.10000000000002
22.66412464488636
[43.0, 4.0, 27.0, 11.0, 40.0, 34.0, 21.0, 21.0, 19.0, 33.0, 46.0, 18.0, 8.0, 21.0, 43.0, 8.0, 7.0, 7.0, 31.0, 43.0]
[16.0, 25.0, 18.0, 26.0, 25.0, 15.0, 45.0, 25.0, 36.0, 6.0, 6.0, 15.0, 47.0, 5.0, 35.0, 5.0, 36.0, 15.0, 37.0, 47.0]
[5.0, 5.0, 5.0, 5.0, 5.0, 5.0, 5.0, 5.0, 9.0, 9.0, 9.0, 9.0, 12.0, 12.0, 8.0, 12.0, 9.0, 9.0, 9.0, 9.0]
[5.0, 5.0, 5.0, 5.0, 5.0, 5.0, 5.0, 5.0, 9.0, 9.0, 9.0, 9.0, 8.0, 8.0, 12.0, 8.0, 9.0, 9.0, 9.0, 9.0]
T = 0.5120000000000001	 step = 187
101.16000000000003
22.60162464488636
[43.0, 4.0, 27.0, 11.0, 40.0, 34.0, 21.0, 21.0, 19.0, 33.0, 46.0, 18.0, 8.0, 21.0, 44.0, 8.0, 7.0, 7.0, 31.0, 43.0]
[16.0, 25.0, 17.0, 26.0, 25.0, 15.0, 45.0, 25.0, 36.0, 6.0, 6.0, 15.0, 47.0, 5.0, 35.0, 5.0, 36.0, 15.0, 37.0, 47.0]
[5.0, 5.0, 5.0, 5.0, 5.0, 5.0, 5.0, 5.0, 9.0, 9.0, 9.0, 9.0, 12.0, 12.0, 8.0, 12.0, 9.0, 9.0, 9.0, 9.0]
[5.0, 5.0, 5.0, 5.0, 5.0, 5.0, 5.0, 5.0, 9.0, 9.0, 9.0, 9.0, 8.0, 8.0, 12.0, 8.0, 9.0, 9.0, 9.0, 9.0]
T = 0.5120000000000001	 step = 188
101.12
22.66412464488636
[43.0, 4.0, 27.0, 11.0, 40.0, 34.0, 21.0, 21.0, 19.0, 33.0, 46.0, 18.0, 8.0, 21.0, 44.0, 7.0, 7.0, 7.0, 31.0, 43.0]
[16.0, 25.0, 17.0, 26.0, 25.0, 15.0, 45.0, 25.0, 36.0, 6.0, 6.0, 15.0, 47.0, 5.0, 35.0, 5.0, 36.0, 15.0, 37.0, 47.0]
[5.0, 5.0, 5.0, 5.0, 5.0, 5.0, 5.0, 5.0, 9.0, 9.0, 9.0, 9.0, 12.0, 12.0, 8.0, 12.0, 9.0, 9.0, 9.0, 9.0]
[5.0, 5.0, 5.0, 5.0, 5.0, 5.0, 5.0, 5.0, 9.0, 9.0, 9.0, 9.0, 8.0, 8.0, 12.0, 8.0, 9.0, 9.0, 9.0, 9.0]
T = 0.5120000000000001	 step = 189
101.08000000000004
22.78912464488636
[43.0, 4.0, 27.0, 11.0, 40.0, 34.0, 21.0, 21.0, 19.0, 33.0, 46.0, 18.0, 8.0, 21.0, 44.0, 7.0, 7.0, 7.0, 31.0, 43.0]
[16.0, 25.0, 17.0, 27.0, 25.0, 15.0, 45.0, 25.0, 36.0, 6.0, 6.0, 15.0, 47.0, 5.0, 35.0, 5.0, 36.0, 15.0, 37.0, 47.0]
[5.0, 5.0, 5.0, 5.0, 5.0, 5.0, 5.0, 5.0, 9.0, 9.0, 9.0, 9.0, 12.0, 12.0, 8.0, 12.0, 9.0, 9.0, 9.0, 9.0]
[5.0, 5.0, 5.0, 5.0, 5.0, 5.0, 5.0, 5.0, 9.0, 9.0, 9.0, 9.0, 8.0, 8.0, 12.0, 8.0, 9.0, 9.0, 9.0, 9.0]
T = 0.5120000000000001	 step = 190
101.15000000000003
22.78912464488636
[43.0, 4.0, 27.0, 11.0, 40.0, 34.0, 21.0, 21.0, 19.0, 33.0, 46.0, 18.0, 8.0, 21.0, 44.0, 7.0, 7.0, 7.0, 31.0, 43.0]
[16.0, 25.0, 16.0, 27.0, 25.0, 15.0, 45.0, 25.0, 36.0, 6.0, 6.0, 15.0, 47.0, 5.0, 35.0, 5.0, 36.0, 15.0, 37.0, 47.0]
[5.0, 5.0, 5.0, 5.0, 5.0, 5.0, 5.0, 5.0, 9.0, 9.0, 9.0, 9.0, 12.0, 12.0, 8.0, 12.0, 9.0, 9.0, 9.0, 9.0]
[5.0, 5.0, 5.0, 5.0, 5.0, 5.0, 5.0, 5.0, 9.0, 9.0, 9.0, 9.0, 8.0, 8.0, 12.0, 8.0, 9.0, 9.0, 9.0, 9.0]
T = 0.5120000000000001	 step = 191
101.19
22.72662464488636
[43.0, 4.0, 27.0, 11.0, 40.0, 34.0, 21.0, 21.0, 19.0, 33.0, 46.0, 18.0, 8.0, 21.0, 44.0, 8.0, 7.0, 7.0, 31.0, 43.0]
[16.0, 25.0, 16.0, 27.0, 25.0, 15.0, 45.0, 25.0, 36.0, 6.0, 6.0, 15.0, 47.0, 5.0, 35.0, 5.0, 36.0, 15.0, 37.0, 47.0]
[5.0, 5.0, 5.0, 5.0, 5.0, 5.0, 5.0, 5.0, 9.0, 9.0, 9.0, 9.0, 12.0, 12.0, 8.0, 12.0, 9.0, 9.0, 9.0, 9.0]
[5.0, 5.0, 5.0, 5.0, 5.0, 5.0, 5.0, 5.0, 9.0, 9.0, 9.0, 9.0, 8.0, 8.0, 12.0, 8.0, 9.0, 9.0, 9.0, 9.0]
T = 0.5120000000000001	 step = 192
102.15000000000003
22.828048206676133
[43.0, 4.0, 27.0, 30.0, 40.0, 34.0, 21.0, 21.0, 19.0, 33.0, 46.0, 18.0, 8.0, 21.0, 44.0, 8.0, 7.0, 7.0, 31.0, 43.0]
[16.0, 25.0, 16.0, 26.0, 25.0, 15.0, 45.0, 25.0, 36.0, 6.0, 6.0, 15.0, 47.0, 5.0, 35.0, 5.0, 36.0, 15.0, 37.0, 47.0]
[5.0, 5.0, 5.0, 5.0, 5.0, 5.0, 5.0, 5.0, 9.0, 9.0, 9.0, 9.0, 12.0, 12.0, 8.0, 12.0, 9.0, 9.0, 9.0, 9.0]
[5.0, 5.0, 5.0, 5.0, 5.0, 5.0, 5.0, 5.0, 9.0, 9.0, 9.0, 9.0, 8.0, 8.0, 12.0, 8.0, 9.0, 9.0, 9.0, 9.0]
T = 0.5120000000000001	 step = 193
102.14000000000004
22.703048206676133
[43.0, 4.0, 27.0, 30.0, 40.0, 34.0, 21.0, 21.0, 19.0, 33.0, 46.0, 18.0, 8.0, 21.0, 44.0, 8.0, 7.0, 7.0, 31.0, 43.0]
[17.0, 25.0, 16.0, 26.0, 25.0, 15.0, 45.0, 25.0, 36.0, 6.0, 6.0, 15.0, 47.0, 5.0, 35.0, 5.0, 36.0, 15.0, 37.0, 47.0]
[5.0, 5.0, 5.0, 5.0, 5.0, 5.0, 5.0, 5.0, 9.0, 9.0, 9.0, 9.0, 12.0, 12.0, 8.0, 12.0, 9.0, 9.0, 9.0, 9.0]
[5.0, 5.0, 5.0, 5.0, 5.0, 5.0, 5.0, 5.0, 9.0, 9.0, 9.0, 9.0, 8.0, 8.0, 12.0, 8.0, 9.0, 9.0, 9.0, 9.0]
T = 0.5120000000000001	 step = 194
101.89000000000004
22.753382013494317
[43.0, 4.0, 27.0, 30.0, 40.0, 35.0, 21.0, 21.0, 19.0, 33.0, 46.0, 18.0, 8.0, 21.0, 44.0, 8.0, 7.0, 7.0, 31.0, 43.0]
[17.0, 25.0, 16.0, 26.0, 25.0, 15.0, 45.0, 25.0, 36.0, 6.0, 6.0, 15.0, 47.0, 5.0, 35.0, 5.0, 36.0, 15.0, 37.0, 47.0]
[5.0, 5.0, 5.0, 5.0, 5.0, 5.0, 5.0, 5.0, 9.0, 9.0, 9.0, 9.0, 12.0, 12.0, 8.0, 12.0, 9.0, 9.0, 9.0, 9.0]
[5.0, 5.0, 5.0, 5.0, 5.0, 5.0, 5.0, 5.0, 9.0, 9.0, 9.0, 9.0, 8.0, 8.0, 12.0, 8.0, 9.0, 9.0, 9.0, 9.0]
T = 0.5120000000000001	 step = 195
101.89000000000004
22.690882013494313
[43.0, 4.0, 27.0, 30.0, 40.0, 35.0, 21.0, 21.0, 19.0, 33.0, 46.0, 18.0, 8.0, 21.0, 44.0, 8.0, 7.0, 7.0, 31.0, 43.0]
[17.0, 25.0, 16.0, 26.0, 25.0, 15.0, 45.0, 25.0, 36.0, 6.0, 6.0, 15.0, 47.0, 5.0, 35.0, 5.0, 36.0, 16.0, 37.0, 47.0]
[5.0, 5.0, 5.0, 5.0, 5.0, 5.0, 5.0, 5.0, 9.0, 9.0, 9.0, 9.0, 12.0, 12.0, 8.0, 12.0, 9.0, 9.0, 9.0, 9.0]
[5.0, 5.0, 5.0, 5.0, 5.0, 5.0, 5.0, 5.0, 9.0, 9.0, 9.0, 9.0, 8.0, 8.0, 12.0, 8.0, 9.0, 9.0, 9.0, 9.0]
T = 0.5120000000000001	 step = 196
102.06
22.569958718039768
[43.0, 4.0, 27.0, 30.0, 40.0, 35.0, 21.0, 21.0, 19.0, 33.0, 46.0, 18.0, 8.0, 21.0, 44.0, 8.0, 7.0, 7.0, 31.0, 43.0]
[17.0, 25.0, 16.0, 25.0, 25.0, 15.0, 45.0, 25.0, 36.0, 6.0, 6.0, 15.0, 47.0, 5.0, 35.0, 5.0, 36.0, 16.0, 37.0, 47.0]
[5.0, 5.0, 5.0, 5.0, 5.0, 5.0, 5.0, 5.0, 9.0, 9.0, 9.0, 9.0, 12.0, 12.0, 8.0, 12.0, 9.0, 9.0, 9.0, 9.0]
[5.0, 5.0, 5.0, 5.0, 5.0, 5.0, 5.0, 5.0, 9.0, 9.0, 9.0, 9.0, 8.0, 8.0, 12.0, 8.0, 9.0, 9.0, 9.0, 9.0]
T = 0.5120000000000001	 step = 197
101.89000000000004
22.694958718039768
[43.0, 4.0, 27.0, 30.0, 40.0, 35.0, 21.0, 21.0, 19.0, 33.0, 47.0, 18.0, 8.0, 21.0, 44.0, 8.0, 7.0, 7.0, 31.0, 43.0]
[17.0, 25.0, 16.0, 25.0, 25.0, 15.0, 45.0, 25.0, 36.0, 6.0, 6.0, 15.0, 47.0, 5.0, 35.0, 5.0, 36.0, 16.0, 37.0, 47.0]
[5.0, 5.0, 5.0, 5.0, 5.0, 5.0, 5.0, 5.0, 9.0, 9.0, 9.0, 9.0, 12.0, 12.0, 8.0, 12.0, 9.0, 9.0, 9.0, 9.0]
[5.0, 5.0, 5.0, 5.0, 5.0, 5.0, 5.0, 5.0, 9.0, 9.0, 9.0, 9.0, 8.0, 8.0, 12.0, 8.0, 9.0, 9.0, 9.0, 9.0]
T = 0.5120000000000001	 step = 198
101.99000000000001
22.714134854403408
[43.0, 4.0, 27.0, 30.0, 39.0, 35.0, 21.0, 21.0, 19.0, 33.0, 47.0, 18.0, 8.0, 21.0, 44.0, 8.0, 7.0, 7.0, 31.0, 43.0]
[17.0, 25.0, 16.0, 25.0, 25.0, 15.0, 45.0, 25.0, 36.0, 6.0, 6.0, 15.0, 47.0, 5.0, 35.0, 5.0, 36.0, 16.0, 37.0, 47.0]
[5.0, 5.0, 5.0, 5.0, 5.0, 5.0, 5.0, 5.0, 9.0, 9.0, 9.0, 9.0, 12.0, 12.0, 8.0, 12.0, 9.0, 9.0, 9.0, 9.0]
[5.0, 5.0, 5.0, 5.0, 5.0, 5.0, 5.0, 5.0, 9.0, 9.0, 9.0, 9.0, 8.0, 8.0, 12.0, 8.0, 9.0, 9.0, 9.0, 9.0]
T = 0.5120000000000001	 step = 199
101.95000000000005
22.776634854403405
[43.0, 4.0, 27.0, 30.0, 39.0, 35.0, 21.0, 21.0, 19.0, 33.0, 47.0, 18.0, 8.0, 21.0, 44.0, 7.0, 7.0, 7.0, 31.0, 43.0]
[17.0, 25.0, 16.0, 25.0, 25.0, 15.0, 45.0, 25.0, 36.0, 6.0, 6.0, 15.0, 47.0, 5.0, 35.0, 5.0, 36.0, 16.0, 37.0, 47.0]
[5.0, 5.0, 5.0, 5.0, 5.0, 5.0, 5.0, 5.0, 9.0, 9.0, 9.0, 9.0, 12.0, 12.0, 8.0, 12.0, 9.0, 9.0, 9.0, 9.0]
[5.0, 5.0, 5.0, 5.0, 5.0, 5.0, 5.0, 5.0, 9.0, 9.0, 9.0, 9.0, 8.0, 8.0, 12.0, 8.0, 9.0, 9.0, 9.0, 9.0]
T = 0.5120000000000001	 step = 200
101.82000000000005
23.080506924715905
[43.0, 4.0, 27.0, 30.0, 39.0, 35.0, 21.0, 21.0, 19.0, 33.0, 47.0, 18.0, 8.0, 21.0, 44.0, 7.0, 7.0, 7.0, 30.0, 43.0]
[17.0, 25.0, 16.0, 25.0, 25.0, 15.0, 45.0, 25.0, 36.0, 6.0, 6.0, 15.0, 47.0, 5.0, 35.0, 5.0, 36.0, 16.0, 41.0, 47.0]
[5.0, 5.0, 5.0, 5.0, 5.0, 5.0, 5.0, 5.0, 9.0, 9.0, 9.0, 9.0, 12.0, 12.0, 8.0, 12.0, 9.0, 9.0, 9.0, 9.0]
[5.0, 5.0, 5.0, 5.0, 5.0, 5.0, 5.0, 5.0, 9.0, 9.0, 9.0, 9.0, 8.0, 8.0, 12.0, 8.0, 9.0, 9.0, 9.0, 9.0]
T = 0.5120000000000001	 step = 201
101.82000000000005
23.018006924715905
[43.0, 4.0, 28.0, 30.0, 39.0, 35.0, 21.0, 21.0, 19.0, 33.0, 47.0, 18.0, 8.0, 21.0, 44.0, 7.0, 7.0, 7.0, 30.0, 43.0]
[17.0, 25.0, 16.0, 25.0, 25.0, 15.0, 45.0, 25.0, 36.0, 6.0, 6.0, 15.0, 47.0, 5.0, 35.0, 5.0, 36.0, 16.0, 41.0, 47.0]
[5.0, 5.0, 5.0, 5.0, 5.0, 5.0, 5.0, 5.0, 9.0, 9.0, 9.0, 9.0, 12.0, 12.0, 8.0, 12.0, 9.0, 9.0, 9.0, 9.0]
[5.0, 5.0, 5.0, 5.0, 5.0, 5.0, 5.0, 5.0, 9.0, 9.0, 9.0, 9.0, 8.0, 8.0, 12.0, 8.0, 9.0, 9.0, 9.0, 9.0]
T = 0.5120000000000001	 step = 202
101.91000000000003
22.893006924715905
[43.0, 4.0, 28.0, 30.0, 39.0, 35.0, 21.0, 21.0, 19.0, 33.0, 47.0, 18.0, 8.0, 21.0, 44.0, 7.0, 7.0, 7.0, 30.0, 43.0]
[17.0, 25.0, 16.0, 25.0, 25.0, 15.0, 45.0, 25.0, 36.0, 6.0, 7.0, 15.0, 47.0, 5.0, 35.0, 5.0, 36.0, 16.0, 41.0, 47.0]
[5.0, 5.0, 5.0, 5.0, 5.0, 5.0, 5.0, 5.0, 9.0, 9.0, 9.0, 9.0, 12.0, 12.0, 8.0, 12.0, 9.0, 9.0, 9.0, 9.0]
[5.0, 5.0, 5.0, 5.0, 5.0, 5.0, 5.0, 5.0, 9.0, 9.0, 9.0, 9.0, 8.0, 8.0, 12.0, 8.0, 9.0, 9.0, 9.0, 9.0]
T = 0.5120000000000001	 step = 203
102.05000000000001
22.955506924715905
[43.0, 4.0, 28.0, 30.0, 39.0, 35.0, 21.0, 21.0, 19.0, 33.0, 47.0, 18.0, 8.0, 21.0, 44.0, 7.0, 7.0, 7.0, 30.0, 43.0]
[17.0, 25.0, 16.0, 25.0, 25.0, 15.0, 45.0, 24.0, 36.0, 6.0, 7.0, 15.0, 47.0, 5.0, 35.0, 5.0, 36.0, 16.0, 41.0, 47.0]
[5.0, 5.0, 5.0, 5.0, 5.0, 5.0, 5.0, 5.0, 9.0, 9.0, 9.0, 9.0, 12.0, 12.0, 8.0, 12.0, 9.0, 9.0, 9.0, 9.0]
[5.0, 5.0, 5.0, 5.0, 5.0, 5.0, 5.0, 5.0, 9.0, 9.0, 9.0, 9.0, 8.0, 8.0, 12.0, 8.0, 9.0, 9.0, 9.0, 9.0]
T = 0.5120000000000001	 step = 204
102.10000000000002
22.955506924715905
[43.0, 4.0, 28.0, 30.0, 39.0, 35.0, 21.0, 21.0, 19.0, 33.0, 47.0, 18.0, 8.0, 21.0, 44.0, 7.0, 7.0, 7.0, 30.0, 43.0]
[17.0, 25.0, 17.0, 25.0, 25.0, 15.0, 45.0, 24.0, 36.0, 6.0, 7.0, 15.0, 47.0, 5.0, 35.0, 5.0, 36.0, 16.0, 41.0, 47.0]
[5.0, 5.0, 5.0, 5.0, 5.0, 5.0, 5.0, 5.0, 9.0, 9.0, 9.0, 9.0, 12.0, 12.0, 8.0, 12.0, 9.0, 9.0, 9.0, 9.0]
[5.0, 5.0, 5.0, 5.0, 5.0, 5.0, 5.0, 5.0, 9.0, 9.0, 9.0, 9.0, 8.0, 8.0, 12.0, 8.0, 9.0, 9.0, 9.0, 9.0]
T = 0.5120000000000001	 step = 205
102.07000000000005
22.893006924715905
[43.0, 4.0, 28.0, 30.0, 39.0, 35.0, 21.0, 21.0, 19.0, 33.0, 47.0, 18.0, 8.0, 21.0, 45.0, 7.0, 7.0, 7.0, 30.0, 43.0]
[17.0, 25.0, 17.0, 25.0, 25.0, 15.0, 45.0, 24.0, 36.0, 6.0, 7.0, 15.0, 47.0, 5.0, 35.0, 5.0, 36.0, 16.0, 41.0, 47.0]
[5.0, 5.0, 5.0, 5.0, 5.0, 5.0, 5.0, 5.0, 9.0, 9.0, 9.0, 9.0, 12.0, 12.0, 8.0, 12.0, 9.0, 9.0, 9.0, 9.0]
[5.0, 5.0, 5.0, 5.0, 5.0, 5.0, 5.0, 5.0, 9.0, 9.0, 9.0, 9.0, 8.0, 8.0, 12.0, 8.0, 9.0, 9.0, 9.0, 9.0]
T = 0.5120000000000001	 step = 206
102.08000000000004
22.830506924715905
[43.0, 4.0, 28.0, 30.0, 39.0, 35.0, 21.0, 21.0, 19.0, 33.0, 47.0, 18.0, 9.0, 21.0, 45.0, 7.0, 7.0, 7.0, 30.0, 43.0]
[17.0, 25.0, 17.0, 25.0, 25.0, 15.0, 45.0, 24.0, 36.0, 6.0, 7.0, 15.0, 47.0, 5.0, 35.0, 5.0, 36.0, 16.0, 41.0, 47.0]
[5.0, 5.0, 5.0, 5.0, 5.0, 5.0, 5.0, 5.0, 9.0, 9.0, 9.0, 9.0, 12.0, 12.0, 8.0, 12.0, 9.0, 9.0, 9.0, 9.0]
[5.0, 5.0, 5.0, 5.0, 5.0, 5.0, 5.0, 5.0, 9.0, 9.0, 9.0, 9.0, 8.0, 8.0, 12.0, 8.0, 9.0, 9.0, 9.0, 9.0]
T = 0.5120000000000001	 step = 207
102.11000000000001
22.893006924715905
[43.0, 4.0, 27.0, 30.0, 39.0, 35.0, 21.0, 21.0, 19.0, 33.0, 47.0, 18.0, 9.0, 21.0, 45.0, 7.0, 7.0, 7.0, 30.0, 43.0]
[17.0, 25.0, 17.0, 25.0, 25.0, 15.0, 45.0, 24.0, 36.0, 6.0, 7.0, 15.0, 47.0, 5.0, 35.0, 5.0, 36.0, 16.0, 41.0, 47.0]
[5.0, 5.0, 5.0, 5.0, 5.0, 5.0, 5.0, 5.0, 9.0, 9.0, 9.0, 9.0, 12.0, 12.0, 8.0, 12.0, 9.0, 9.0, 9.0, 9.0]
[5.0, 5.0, 5.0, 5.0, 5.0, 5.0, 5.0, 5.0, 9.0, 9.0, 9.0, 9.0, 8.0, 8.0, 12.0, 8.0, 9.0, 9.0, 9.0, 9.0]
T = 0.5120000000000001	 step = 208
102.11000000000001
22.95521573153409
[43.0, 4.0, 27.0, 30.0, 39.0, 35.0, 20.0, 21.0, 19.0, 33.0, 47.0, 18.0, 9.0, 21.0, 45.0, 7.0, 7.0, 7.0, 30.0, 43.0]
[17.0, 25.0, 17.0, 25.0, 25.0, 15.0, 45.0, 24.0, 36.0, 6.0, 7.0, 15.0, 47.0, 5.0, 35.0, 5.0, 36.0, 16.0, 41.0, 47.0]
[5.0, 5.0, 5.0, 5.0, 5.0, 5.0, 5.0, 5.0, 9.0, 9.0, 9.0, 9.0, 12.0, 12.0, 8.0, 12.0, 9.0, 9.0, 9.0, 9.0]
[5.0, 5.0, 5.0, 5.0, 5.0, 5.0, 5.0, 5.0, 9.0, 9.0, 9.0, 9.0, 8.0, 8.0, 12.0, 8.0, 9.0, 9.0, 9.0, 9.0]
T = 0.5120000000000001	 step = 209
102.12
22.89271573153409
[43.0, 4.0, 27.0, 30.0, 39.0, 35.0, 20.0, 21.0, 19.0, 33.0, 47.0, 18.0, 10.0, 21.0, 45.0, 7.0, 7.0, 7.0, 30.0, 43.0]
[17.0, 25.0, 17.0, 25.0, 25.0, 15.0, 45.0, 24.0, 36.0, 6.0, 7.0, 15.0, 47.0, 5.0, 35.0, 5.0, 36.0, 16.0, 41.0, 47.0]
[5.0, 5.0, 5.0, 5.0, 5.0, 5.0, 5.0, 5.0, 9.0, 9.0, 9.0, 9.0, 12.0, 12.0, 8.0, 12.0, 9.0, 9.0, 9.0, 9.0]
[5.0, 5.0, 5.0, 5.0, 5.0, 5.0, 5.0, 5.0, 9.0, 9.0, 9.0, 9.0, 8.0, 8.0, 12.0, 8.0, 9.0, 9.0, 9.0, 9.0]
T = 0.5120000000000001	 step = 210
102.03000000000003
23.01771573153409
[43.0, 4.0, 27.0, 30.0, 39.0, 35.0, 20.0, 21.0, 19.0, 33.0, 47.0, 18.0, 10.0, 21.0, 45.0, 7.0, 7.0, 7.0, 30.0, 43.0]
[17.0, 25.0, 17.0, 25.0, 25.0, 15.0, 45.0, 24.0, 36.0, 6.0, 6.0, 15.0, 47.0, 5.0, 35.0, 5.0, 36.0, 16.0, 41.0, 47.0]
[5.0, 5.0, 5.0, 5.0, 5.0, 5.0, 5.0, 5.0, 9.0, 9.0, 9.0, 9.0, 12.0, 12.0, 8.0, 12.0, 9.0, 9.0, 9.0, 9.0]
[5.0, 5.0, 5.0, 5.0, 5.0, 5.0, 5.0, 5.0, 9.0, 9.0, 9.0, 9.0, 8.0, 8.0, 12.0, 8.0, 9.0, 9.0, 9.0, 9.0]
T = 0.5120000000000001	 step = 211
102.07000000000005
22.95521573153409
[43.0, 4.0, 27.0, 30.0, 39.0, 35.0, 20.0, 21.0, 19.0, 33.0, 47.0, 18.0, 10.0, 21.0, 45.0, 8.0, 7.0, 7.0, 30.0, 43.0]
[17.0, 25.0, 17.0, 25.0, 25.0, 15.0, 45.0, 24.0, 36.0, 6.0, 6.0, 15.0, 47.0, 5.0, 35.0, 5.0, 36.0, 16.0, 41.0, 47.0]
[5.0, 5.0, 5.0, 5.0, 5.0, 5.0, 5.0, 5.0, 9.0, 9.0, 9.0, 9.0, 12.0, 12.0, 8.0, 12.0, 9.0, 9.0, 9.0, 9.0]
[5.0, 5.0, 5.0, 5.0, 5.0, 5.0, 5.0, 5.0, 9.0, 9.0, 9.0, 9.0, 8.0, 8.0, 12.0, 8.0, 9.0, 9.0, 9.0, 9.0]
T = 0.5120000000000001	 step = 212
101.68
23.26363902698864
[43.0, 4.0, 27.0, 31.0, 39.0, 35.0, 20.0, 21.0, 19.0, 33.0, 47.0, 18.0, 10.0, 21.0, 45.0, 8.0, 7.0, 7.0, 30.0, 43.0]
[17.0, 25.0, 17.0, 27.0, 25.0, 15.0, 45.0, 24.0, 36.0, 6.0, 6.0, 15.0, 47.0, 5.0, 35.0, 5.0, 36.0, 16.0, 41.0, 47.0]
[5.0, 5.0, 5.0, 5.0, 5.0, 5.0, 5.0, 5.0, 9.0, 9.0, 9.0, 9.0, 12.0, 12.0, 8.0, 12.0, 9.0, 9.0, 9.0, 9.0]
[5.0, 5.0, 5.0, 5.0, 5.0, 5.0, 5.0, 5.0, 9.0, 9.0, 9.0, 9.0, 8.0, 8.0, 12.0, 8.0, 9.0, 9.0, 9.0, 9.0]
T = 0.5120000000000001	 step = 213
101.77000000000004
23.286891867897726
[43.0, 4.0, 27.0, 31.0, 38.0, 35.0, 20.0, 21.0, 19.0, 33.0, 47.0, 18.0, 10.0, 21.0, 45.0, 8.0, 7.0, 7.0, 30.0, 43.0]
[17.0, 25.0, 17.0, 27.0, 25.0, 15.0, 45.0, 24.0, 36.0, 6.0, 6.0, 15.0, 47.0, 5.0, 35.0, 5.0, 36.0, 16.0, 41.0, 47.0]
[5.0, 5.0, 5.0, 5.0, 5.0, 5.0, 5.0, 5.0, 9.0, 9.0, 9.0, 9.0, 12.0, 12.0, 8.0, 12.0, 9.0, 9.0, 9.0, 9.0]
[5.0, 5.0, 5.0, 5.0, 5.0, 5.0, 5.0, 5.0, 9.0, 9.0, 9.0, 9.0, 8.0, 8.0, 12.0, 8.0, 9.0, 9.0, 9.0, 9.0]
T = 0.40960000000000013	 step = 214
101.85000000000002
23.161891867897726
[43.0, 4.0, 27.0, 31.0, 38.0, 35.0, 20.0, 21.0, 19.0, 33.0, 47.0, 18.0, 10.0, 21.0, 45.0, 8.0, 7.0, 7.0, 30.0, 43.0]
[17.0, 25.0, 17.0, 27.0, 25.0, 15.0, 45.0, 24.0, 36.0, 6.0, 7.0, 15.0, 47.0, 5.0, 35.0, 5.0, 36.0, 16.0, 41.0, 47.0]
[5.0, 5.0, 5.0, 5.0, 5.0, 5.0, 5.0, 5.0, 9.0, 9.0, 9.0, 9.0, 12.0, 12.0, 8.0, 12.0, 9.0, 9.0, 9.0, 9.0]
[5.0, 5.0, 5.0, 5.0, 5.0, 5.0, 5.0, 5.0, 9.0, 9.0, 9.0, 9.0, 8.0, 8.0, 12.0, 8.0, 9.0, 9.0, 9.0, 9.0]
T = 0.40960000000000013	 step = 215
101.82000000000005
23.224391867897726
[43.0, 4.0, 27.0, 31.0, 38.0, 35.0, 20.0, 21.0, 19.0, 33.0, 47.0, 18.0, 10.0, 21.0, 45.0, 8.0, 7.0, 6.0, 30.0, 43.0]
[17.0, 25.0, 17.0, 27.0, 25.0, 15.0, 45.0, 24.0, 36.0, 6.0, 7.0, 15.0, 47.0, 5.0, 35.0, 5.0, 36.0, 16.0, 41.0, 47.0]
[5.0, 5.0, 5.0, 5.0, 5.0, 5.0, 5.0, 5.0, 9.0, 9.0, 9.0, 9.0, 12.0, 12.0, 8.0, 12.0, 9.0, 9.0, 9.0, 9.0]
[5.0, 5.0, 5.0, 5.0, 5.0, 5.0, 5.0, 5.0, 9.0, 9.0, 9.0, 9.0, 8.0, 8.0, 12.0, 8.0, 9.0, 9.0, 9.0, 9.0]
T = 0.40960000000000013	 step = 216
101.64000000000004
23.349391867897726
[43.0, 4.0, 27.0, 31.0, 38.0, 35.0, 20.0, 21.0, 19.0, 34.0, 47.0, 18.0, 10.0, 21.0, 45.0, 8.0, 7.0, 6.0, 30.0, 43.0]
[17.0, 25.0, 17.0, 27.0, 25.0, 15.0, 45.0, 24.0, 36.0, 6.0, 7.0, 15.0, 47.0, 5.0, 35.0, 5.0, 36.0, 16.0, 41.0, 47.0]
[5.0, 5.0, 5.0, 5.0, 5.0, 5.0, 5.0, 5.0, 9.0, 9.0, 9.0, 9.0, 12.0, 12.0, 8.0, 12.0, 9.0, 9.0, 9.0, 9.0]
[5.0, 5.0, 5.0, 5.0, 5.0, 5.0, 5.0, 5.0, 9.0, 9.0, 9.0, 9.0, 8.0, 8.0, 12.0, 8.0, 9.0, 9.0, 9.0, 9.0]
T = 0.40960000000000013	 step = 217
101.60000000000002
23.411891867897726
[43.0, 4.0, 27.0, 31.0, 38.0, 35.0, 20.0, 21.0, 19.0, 34.0, 47.0, 18.0, 10.0, 21.0, 45.0, 7.0, 7.0, 6.0, 30.0, 43.0]
[17.0, 25.0, 17.0, 27.0, 25.0, 15.0, 45.0, 24.0, 36.0, 6.0, 7.0, 15.0, 47.0, 5.0, 35.0, 5.0, 36.0, 16.0, 41.0, 47.0]
[5.0, 5.0, 5.0, 5.0, 5.0, 5.0, 5.0, 5.0, 9.0, 9.0, 9.0, 9.0, 12.0, 12.0, 8.0, 12.0, 9.0, 9.0, 9.0, 9.0]
[5.0, 5.0, 5.0, 5.0, 5.0, 5.0, 5.0, 5.0, 9.0, 9.0, 9.0, 9.0, 8.0, 8.0, 12.0, 8.0, 9.0, 9.0, 9.0, 9.0]
T = 0.40960000000000013	 step = 218
101.68
23.286891867897726
[42.0, 4.0, 27.0, 31.0, 38.0, 35.0, 20.0, 21.0, 19.0, 34.0, 47.0, 18.0, 10.0, 21.0, 45.0, 7.0, 7.0, 6.0, 30.0, 43.0]
[17.0, 25.0, 17.0, 27.0, 25.0, 15.0, 45.0, 24.0, 36.0, 6.0, 7.0, 15.0, 47.0, 5.0, 35.0, 5.0, 36.0, 16.0, 41.0, 47.0]
[5.0, 5.0, 5.0, 5.0, 5.0, 5.0, 5.0, 5.0, 9.0, 9.0, 9.0, 9.0, 12.0, 12.0, 8.0, 12.0, 9.0, 9.0, 9.0, 9.0]
[5.0, 5.0, 5.0, 5.0, 5.0, 5.0, 5.0, 5.0, 9.0, 9.0, 9.0, 9.0, 8.0, 8.0, 12.0, 8.0, 9.0, 9.0, 9.0, 9.0]
T = 0.40960000000000013	 step = 219
101.84000000000003
23.334766956676138
[43.0, 4.0, 27.0, 31.0, 38.0, 34.0, 20.0, 21.0, 19.0, 34.0, 47.0, 18.0, 10.0, 21.0, 45.0, 7.0, 7.0, 6.0, 30.0, 43.0]
[17.0, 25.0, 17.0, 27.0, 25.0, 15.0, 45.0, 24.0, 36.0, 6.0, 7.0, 15.0, 47.0, 5.0, 35.0, 5.0, 36.0, 16.0, 41.0, 47.0]
[5.0, 5.0, 5.0, 5.0, 5.0, 5.0, 5.0, 5.0, 9.0, 9.0, 9.0, 9.0, 12.0, 12.0, 8.0, 12.0, 9.0, 9.0, 9.0, 9.0]
[5.0, 5.0, 5.0, 5.0, 5.0, 5.0, 5.0, 5.0, 9.0, 9.0, 9.0, 9.0, 8.0, 8.0, 12.0, 8.0, 9.0, 9.0, 9.0, 9.0]
T = 0.40960000000000013	 step = 220
101.60000000000002
23.411891867897726
[43.0, 4.0, 27.0, 31.0, 38.0, 35.0, 20.0, 21.0, 19.0, 34.0, 47.0, 18.0, 10.0, 21.0, 45.0, 7.0, 7.0, 6.0, 30.0, 43.0]
[17.0, 25.0, 17.0, 27.0, 25.0, 15.0, 45.0, 24.0, 36.0, 6.0, 7.0, 15.0, 47.0, 5.0, 35.0, 5.0, 36.0, 16.0, 41.0, 47.0]
[5.0, 5.0, 5.0, 5.0, 5.0, 5.0, 5.0, 5.0, 9.0, 9.0, 9.0, 9.0, 12.0, 12.0, 8.0, 12.0, 9.0, 9.0, 9.0, 9.0]
[5.0, 5.0, 5.0, 5.0, 5.0, 5.0, 5.0, 5.0, 9.0, 9.0, 9.0, 9.0, 8.0, 8.0, 12.0, 8.0, 9.0, 9.0, 9.0, 9.0]
T = 0.40960000000000013	 step = 221
101.78000000000003
23.411891867897726
[43.0, 4.0, 27.0, 31.0, 38.0, 35.0, 20.0, 21.0, 19.0, 34.0, 47.0, 18.0, 10.0, 21.0, 45.0, 7.0, 7.0, 6.0, 30.0, 43.0]
[17.0, 25.0, 17.0, 27.0, 25.0, 15.0, 45.0, 24.0, 35.0, 6.0, 7.0, 15.0, 47.0, 5.0, 35.0, 5.0, 36.0, 16.0, 41.0, 47.0]
[5.0, 5.0, 5.0, 5.0, 5.0, 5.0, 5.0, 5.0, 9.0, 9.0, 9.0, 9.0, 12.0, 12.0, 8.0, 12.0, 9.0, 9.0, 9.0, 9.0]
[5.0, 5.0, 5.0, 5.0, 5.0, 5.0, 5.0, 5.0, 9.0, 9.0, 9.0, 9.0, 8.0, 8.0, 12.0, 8.0, 9.0, 9.0, 9.0, 9.0]
T = 0.40960000000000013	 step = 222
101.75
23.474391867897726
[43.0, 4.0, 27.0, 31.0, 38.0, 35.0, 20.0, 21.0, 19.0, 34.0, 47.0, 18.0, 10.0, 20.0, 45.0, 7.0, 7.0, 6.0, 30.0, 43.0]
[17.0, 25.0, 17.0, 27.0, 25.0, 15.0, 45.0, 24.0, 35.0, 6.0, 7.0, 15.0, 47.0, 5.0, 35.0, 5.0, 36.0, 16.0, 41.0, 47.0]
[5.0, 5.0, 5.0, 5.0, 5.0, 5.0, 5.0, 5.0, 9.0, 9.0, 9.0, 9.0, 12.0, 12.0, 8.0, 12.0, 9.0, 9.0, 9.0, 9.0]
[5.0, 5.0, 5.0, 5.0, 5.0, 5.0, 5.0, 5.0, 9.0, 9.0, 9.0, 9.0, 8.0, 8.0, 12.0, 8.0, 9.0, 9.0, 9.0, 9.0]
T = 0.40960000000000013	 step = 223
101.76000000000005
23.411891867897726
[43.0, 4.0, 27.0, 31.0, 38.0, 35.0, 20.0, 21.0, 19.0, 34.0, 47.0, 18.0, 10.0, 20.0, 45.0, 7.0, 7.0, 6.0, 30.0, 42.0]
[17.0, 25.0, 17.0, 27.0, 25.0, 15.0, 45.0, 24.0, 35.0, 6.0, 7.0, 15.0, 47.0, 5.0, 35.0, 5.0, 36.0, 16.0, 41.0, 47.0]
[5.0, 5.0, 5.0, 5.0, 5.0, 5.0, 5.0, 5.0, 9.0, 9.0, 9.0, 9.0, 12.0, 12.0, 8.0, 12.0, 9.0, 9.0, 9.0, 9.0]
[5.0, 5.0, 5.0, 5.0, 5.0, 5.0, 5.0, 5.0, 9.0, 9.0, 9.0, 9.0, 8.0, 8.0, 12.0, 8.0, 9.0, 9.0, 9.0, 9.0]
T = 0.40960000000000013	 step = 224
101.58000000000004
23.411891867897726
[43.0, 4.0, 27.0, 31.0, 38.0, 35.0, 20.0, 21.0, 19.0, 34.0, 47.0, 18.0, 10.0, 20.0, 45.0, 7.0, 7.0, 6.0, 30.0, 42.0]
[17.0, 25.0, 17.0, 27.0, 25.0, 15.0, 45.0, 24.0, 36.0, 6.0, 7.0, 15.0, 47.0, 5.0, 35.0, 5.0, 36.0, 16.0, 41.0, 47.0]
[5.0, 5.0, 5.0, 5.0, 5.0, 5.0, 5.0, 5.0, 9.0, 9.0, 9.0, 9.0, 12.0, 12.0, 8.0, 12.0, 9.0, 9.0, 9.0, 9.0]
[5.0, 5.0, 5.0, 5.0, 5.0, 5.0, 5.0, 5.0, 9.0, 9.0, 9.0, 9.0, 8.0, 8.0, 12.0, 8.0, 9.0, 9.0, 9.0, 9.0]
T = 0.40960000000000013	 step = 225
101.69
23.33518732244318
[43.0, 4.0, 27.0, 31.0, 38.0, 35.0, 20.0, 22.0, 19.0, 34.0, 47.0, 18.0, 10.0, 20.0, 45.0, 7.0, 7.0, 6.0, 30.0, 42.0]
[17.0, 25.0, 17.0, 27.0, 25.0, 15.0, 45.0, 24.0, 36.0, 6.0, 7.0, 15.0, 47.0, 5.0, 35.0, 5.0, 36.0, 16.0, 41.0, 47.0]
[5.0, 5.0, 5.0, 5.0, 5.0, 5.0, 5.0, 5.0, 9.0, 9.0, 9.0, 9.0, 12.0, 12.0, 8.0, 12.0, 9.0, 9.0, 9.0, 9.0]
[5.0, 5.0, 5.0, 5.0, 5.0, 5.0, 5.0, 5.0, 9.0, 9.0, 9.0, 9.0, 8.0, 8.0, 12.0, 8.0, 9.0, 9.0, 9.0, 9.0]
T = 0.40960000000000013	 step = 226
101.65000000000003
23.46018732244318
[43.0, 4.0, 27.0, 31.0, 38.0, 35.0, 20.0, 22.0, 19.0, 34.0, 47.0, 18.0, 10.0, 20.0, 45.0, 7.0, 7.0, 6.0, 30.0, 42.0]
[17.0, 25.0, 17.0, 27.0, 25.0, 15.0, 46.0, 24.0, 36.0, 6.0, 7.0, 15.0, 47.0, 5.0, 35.0, 5.0, 36.0, 16.0, 41.0, 47.0]
[5.0, 5.0, 5.0, 5.0, 5.0, 5.0, 5.0, 5.0, 9.0, 9.0, 9.0, 9.0, 12.0, 12.0, 8.0, 12.0, 9.0, 9.0, 9.0, 9.0]
[5.0, 5.0, 5.0, 5.0, 5.0, 5.0, 5.0, 5.0, 9.0, 9.0, 9.0, 9.0, 8.0, 8.0, 12.0, 8.0, 9.0, 9.0, 9.0, 9.0]
T = 0.40960000000000013	 step = 227
101.46000000000004
23.56742453835227
[43.0, 4.0, 27.0, 31.0, 38.0, 36.0, 20.0, 22.0, 19.0, 34.0, 47.0, 18.0, 10.0, 20.0, 45.0, 7.0, 7.0, 6.0, 30.0, 42.0]
[17.0, 25.0, 17.0, 27.0, 25.0, 15.0, 46.0, 24.0, 36.0, 6.0, 7.0, 15.0, 47.0, 5.0, 35.0, 5.0, 36.0, 16.0, 41.0, 47.0]
[5.0, 5.0, 5.0, 5.0, 5.0, 5.0, 5.0, 5.0, 9.0, 9.0, 9.0, 9.0, 12.0, 12.0, 8.0, 12.0, 9.0, 9.0, 9.0, 9.0]
[5.0, 5.0, 5.0, 5.0, 5.0, 5.0, 5.0, 5.0, 9.0, 9.0, 9.0, 9.0, 8.0, 8.0, 12.0, 8.0, 9.0, 9.0, 9.0, 9.0]
T = 0.40960000000000013	 step = 228
101.47000000000003
23.50521573153409
[43.0, 4.0, 27.0, 31.0, 38.0, 36.0, 21.0, 22.0, 19.0, 34.0, 47.0, 18.0, 10.0, 20.0, 45.0, 7.0, 7.0, 6.0, 30.0, 42.0]
[17.0, 25.0, 17.0, 27.0, 25.0, 15.0, 46.0, 24.0, 36.0, 6.0, 7.0, 15.0, 47.0, 5.0, 35.0, 5.0, 36.0, 16.0, 41.0, 47.0]
[5.0, 5.0, 5.0, 5.0, 5.0, 5.0, 5.0, 5.0, 9.0, 9.0, 9.0, 9.0, 12.0, 12.0, 8.0, 12.0, 9.0, 9.0, 9.0, 9.0]
[5.0, 5.0, 5.0, 5.0, 5.0, 5.0, 5.0, 5.0, 9.0, 9.0, 9.0, 9.0, 8.0, 8.0, 12.0, 8.0, 9.0, 9.0, 9.0, 9.0]
T = 0.40960000000000013	 step = 229
101.5
23.44271573153409
[43.0, 4.0, 27.0, 31.0, 38.0, 36.0, 21.0, 22.0, 19.0, 34.0, 47.0, 18.0, 10.0, 21.0, 45.0, 7.0, 7.0, 6.0, 30.0, 42.0]
[17.0, 25.0, 17.0, 27.0, 25.0, 15.0, 46.0, 24.0, 36.0, 6.0, 7.0, 15.0, 47.0, 5.0, 35.0, 5.0, 36.0, 16.0, 41.0, 47.0]
[5.0, 5.0, 5.0, 5.0, 5.0, 5.0, 5.0, 5.0, 9.0, 9.0, 9.0, 9.0, 12.0, 12.0, 8.0, 12.0, 9.0, 9.0, 9.0, 9.0]
[5.0, 5.0, 5.0, 5.0, 5.0, 5.0, 5.0, 5.0, 9.0, 9.0, 9.0, 9.0, 8.0, 8.0, 12.0, 8.0, 9.0, 9.0, 9.0, 9.0]
T = 0.40960000000000013	 step = 230
101.48000000000002
23.50521573153409
[43.0, 4.0, 27.0, 31.0, 38.0, 36.0, 21.0, 22.0, 19.0, 34.0, 47.0, 18.0, 10.0, 21.0, 45.0, 7.0, 7.0, 6.0, 30.0, 42.0]
[17.0, 25.0, 17.0, 27.0, 25.0, 15.0, 46.0, 24.0, 36.0, 6.0, 7.0, 15.0, 47.0, 5.0, 35.0, 5.0, 37.0, 16.0, 41.0, 47.0]
[5.0, 5.0, 5.0, 5.0, 5.0, 5.0, 5.0, 5.0, 9.0, 9.0, 9.0, 9.0, 12.0, 12.0, 8.0, 12.0, 9.0, 9.0, 9.0, 9.0]
[5.0, 5.0, 5.0, 5.0, 5.0, 5.0, 5.0, 5.0, 9.0, 9.0, 9.0, 9.0, 8.0, 8.0, 12.0, 8.0, 9.0, 9.0, 9.0, 9.0]
T = 0.40960000000000013	 step = 231
101.5
23.44271573153409
[43.0, 4.0, 27.0, 31.0, 38.0, 36.0, 21.0, 22.0, 19.0, 34.0, 47.0, 18.0, 10.0, 21.0, 45.0, 7.0, 7.0, 6.0, 30.0, 42.0]
[17.0, 25.0, 17.0, 27.0, 25.0, 15.0, 46.0, 24.0, 36.0, 6.0, 7.0, 15.0, 47.0, 5.0, 35.0, 5.0, 36.0, 16.0, 41.0, 47.0]
[5.0, 5.0, 5.0, 5.0, 5.0, 5.0, 5.0, 5.0, 9.0, 9.0, 9.0, 9.0, 12.0, 12.0, 8.0, 12.0, 9.0, 9.0, 9.0, 9.0]
[5.0, 5.0, 5.0, 5.0, 5.0, 5.0, 5.0, 5.0, 9.0, 9.0, 9.0, 9.0, 8.0, 8.0, 12.0, 8.0, 9.0, 9.0, 9.0, 9.0]
T = 0.40960000000000013	 step = 232
101.49000000000001
23.38021573153409
[43.0, 4.0, 27.0, 31.0, 38.0, 36.0, 21.0, 22.0, 19.0, 34.0, 47.0, 18.0, 10.0, 21.0, 45.0, 7.0, 7.0, 6.0, 31.0, 42.0]
[17.0, 25.0, 17.0, 27.0, 25.0, 15.0, 46.0, 24.0, 36.0, 6.0, 7.0, 15.0, 47.0, 5.0, 35.0, 5.0, 36.0, 16.0, 41.0, 47.0]
[5.0, 5.0, 5.0, 5.0, 5.0, 5.0, 5.0, 5.0, 9.0, 9.0, 9.0, 9.0, 12.0, 12.0, 8.0, 12.0, 9.0, 9.0, 9.0, 9.0]
[5.0, 5.0, 5.0, 5.0, 5.0, 5.0, 5.0, 5.0, 9.0, 9.0, 9.0, 9.0, 8.0, 8.0, 12.0, 8.0, 9.0, 9.0, 9.0, 9.0]
T = 0.40960000000000013	 step = 233
101.58000000000004
23.31771573153409
[43.0, 4.0, 27.0, 31.0, 38.0, 36.0, 21.0, 22.0, 19.0, 34.0, 47.0, 18.0, 10.0, 21.0, 45.0, 7.0, 7.0, 6.0, 31.0, 42.0]
[17.0, 25.0, 17.0, 27.0, 24.0, 15.0, 46.0, 24.0, 36.0, 6.0, 7.0, 15.0, 47.0, 5.0, 35.0, 5.0, 36.0, 16.0, 41.0, 47.0]
[5.0, 5.0, 5.0, 5.0, 5.0, 5.0, 5.0, 5.0, 9.0, 9.0, 9.0, 9.0, 12.0, 12.0, 8.0, 12.0, 9.0, 9.0, 9.0, 9.0]
[5.0, 5.0, 5.0, 5.0, 5.0, 5.0, 5.0, 5.0, 9.0, 9.0, 9.0, 9.0, 8.0, 8.0, 12.0, 8.0, 9.0, 9.0, 9.0, 9.0]
T = 0.40960000000000013	 step = 234
101.49000000000001
23.31771573153409
[43.0, 4.0, 27.0, 31.0, 38.0, 36.0, 21.0, 22.0, 19.0, 34.0, 47.0, 18.0, 10.0, 21.0, 45.0, 7.0, 7.0, 6.0, 31.0, 42.0]
[17.0, 25.0, 16.0, 27.0, 24.0, 15.0, 46.0, 24.0, 36.0, 6.0, 7.0, 15.0, 47.0, 5.0, 35.0, 5.0, 36.0, 16.0, 41.0, 47.0]
[5.0, 5.0, 5.0, 5.0, 5.0, 5.0, 5.0, 5.0, 9.0, 9.0, 9.0, 9.0, 12.0, 12.0, 8.0, 12.0, 9.0, 9.0, 9.0, 9.0]
[5.0, 5.0, 5.0, 5.0, 5.0, 5.0, 5.0, 5.0, 9.0, 9.0, 9.0, 9.0, 8.0, 8.0, 12.0, 8.0, 9.0, 9.0, 9.0, 9.0]
T = 0.40960000000000013	 step = 235
101.52000000000004
23.19271573153409
[43.0, 4.0, 27.0, 31.0, 38.0, 36.0, 21.0, 22.0, 19.0, 34.0, 47.0, 18.0, 10.0, 21.0, 45.0, 7.0, 7.0, 6.0, 31.0, 42.0]
[17.0, 25.0, 16.0, 27.0, 24.0, 15.0, 45.0, 24.0, 36.0, 6.0, 7.0, 15.0, 47.0, 5.0, 35.0, 5.0, 36.0, 16.0, 41.0, 47.0]
[5.0, 5.0, 5.0, 5.0, 5.0, 5.0, 5.0, 5.0, 9.0, 9.0, 9.0, 9.0, 12.0, 12.0, 8.0, 12.0, 9.0, 9.0, 9.0, 9.0]
[5.0, 5.0, 5.0, 5.0, 5.0, 5.0, 5.0, 5.0, 9.0, 9.0, 9.0, 9.0, 8.0, 8.0, 12.0, 8.0, 9.0, 9.0, 9.0, 9.0]
T = 0.40960000000000013	 step = 236
101.52000000000004
23.25521573153409
[43.0, 4.0, 27.0, 31.0, 38.0, 36.0, 21.0, 22.0, 19.0, 34.0, 47.0, 18.0, 9.0, 21.0, 45.0, 7.0, 7.0, 6.0, 31.0, 42.0]
[17.0, 25.0, 16.0, 27.0, 24.0, 15.0, 45.0, 24.0, 36.0, 6.0, 7.0, 15.0, 47.0, 5.0, 35.0, 5.0, 36.0, 16.0, 41.0, 47.0]
[5.0, 5.0, 5.0, 5.0, 5.0, 5.0, 5.0, 5.0, 9.0, 9.0, 9.0, 9.0, 12.0, 12.0, 8.0, 12.0, 9.0, 9.0, 9.0, 9.0]
[5.0, 5.0, 5.0, 5.0, 5.0, 5.0, 5.0, 5.0, 9.0, 9.0, 9.0, 9.0, 8.0, 8.0, 12.0, 8.0, 9.0, 9.0, 9.0, 9.0]
T = 0.40960000000000013	 step = 237
101.03000000000003
23.212399680397724
[43.0, 4.0, 27.0, 31.0, 38.0, 36.0, 21.0, 22.0, 19.0, 34.0, 47.0, 17.0, 9.0, 21.0, 45.0, 7.0, 7.0, 6.0, 31.0, 42.0]
[17.0, 25.0, 16.0, 27.0, 24.0, 15.0, 45.0, 24.0, 36.0, 6.0, 7.0, 15.0, 47.0, 5.0, 35.0, 5.0, 36.0, 16.0, 41.0, 47.0]
[5.0, 5.0, 5.0, 5.0, 5.0, 5.0, 5.0, 5.0, 9.0, 9.0, 9.0, 9.0, 12.0, 12.0, 8.0, 12.0, 9.0, 9.0, 9.0, 9.0]
[5.0, 5.0, 5.0, 5.0, 5.0, 5.0, 5.0, 5.0, 9.0, 9.0, 9.0, 9.0, 8.0, 8.0, 12.0, 8.0, 9.0, 9.0, 9.0, 9.0]
T = 0.40960000000000013	 step = 238
101.16000000000003
23.087399680397724
[43.0, 4.0, 27.0, 31.0, 38.0, 36.0, 21.0, 22.0, 19.0, 34.0, 47.0, 17.0, 9.0, 21.0, 45.0, 7.0, 7.0, 6.0, 31.0, 42.0]
[17.0, 25.0, 16.0, 26.0, 24.0, 15.0, 45.0, 24.0, 36.0, 6.0, 7.0, 15.0, 47.0, 5.0, 35.0, 5.0, 36.0, 16.0, 41.0, 47.0]
[5.0, 5.0, 5.0, 5.0, 5.0, 5.0, 5.0, 5.0, 9.0, 9.0, 9.0, 9.0, 12.0, 12.0, 8.0, 12.0, 9.0, 9.0, 9.0, 9.0]
[5.0, 5.0, 5.0, 5.0, 5.0, 5.0, 5.0, 5.0, 9.0, 9.0, 9.0, 9.0, 8.0, 8.0, 12.0, 8.0, 9.0, 9.0, 9.0, 9.0]
T = 0.40960000000000013	 step = 239
100.99000000000001
23.024899680397724
[43.0, 4.0, 27.0, 31.0, 38.0, 36.0, 21.0, 22.0, 19.0, 34.0, 47.0, 17.0, 9.0, 21.0, 45.0, 7.0, 7.0, 6.0, 31.0, 42.0]
[17.0, 25.0, 16.0, 26.0, 24.0, 15.0, 45.0, 25.0, 36.0, 6.0, 7.0, 15.0, 47.0, 5.0, 35.0, 5.0, 36.0, 16.0, 41.0, 47.0]
[5.0, 5.0, 5.0, 5.0, 5.0, 5.0, 5.0, 5.0, 9.0, 9.0, 9.0, 9.0, 12.0, 12.0, 8.0, 12.0, 9.0, 9.0, 9.0, 9.0]
[5.0, 5.0, 5.0, 5.0, 5.0, 5.0, 5.0, 5.0, 9.0, 9.0, 9.0, 9.0, 8.0, 8.0, 12.0, 8.0, 9.0, 9.0, 9.0, 9.0]
T = 0.40960000000000013	 step = 240
100.98000000000002
22.899899680397724
[43.0, 4.0, 27.0, 31.0, 38.0, 36.0, 21.0, 22.0, 19.0, 34.0, 47.0, 17.0, 9.0, 21.0, 45.0, 7.0, 7.0, 6.0, 31.0, 42.0]
[17.0, 25.0, 16.0, 26.0, 24.0, 16.0, 45.0, 25.0, 36.0, 6.0, 7.0, 15.0, 47.0, 5.0, 35.0, 5.0, 36.0, 16.0, 41.0, 47.0]
[5.0, 5.0, 5.0, 5.0, 5.0, 5.0, 5.0, 5.0, 9.0, 9.0, 9.0, 9.0, 12.0, 12.0, 8.0, 12.0, 9.0, 9.0, 9.0, 9.0]
[5.0, 5.0, 5.0, 5.0, 5.0, 5.0, 5.0, 5.0, 9.0, 9.0, 9.0, 9.0, 8.0, 8.0, 12.0, 8.0, 9.0, 9.0, 9.0, 9.0]
T = 0.40960000000000013	 step = 241
101.01000000000005
22.962399680397724
[43.0, 4.0, 27.0, 31.0, 38.0, 36.0, 21.0, 22.0, 19.0, 34.0, 47.0, 17.0, 9.0, 21.0, 44.0, 7.0, 7.0, 6.0, 31.0, 42.0]
[17.0, 25.0, 16.0, 26.0, 24.0, 16.0, 45.0, 25.0, 36.0, 6.0, 7.0, 15.0, 47.0, 5.0, 35.0, 5.0, 36.0, 16.0, 41.0, 47.0]
[5.0, 5.0, 5.0, 5.0, 5.0, 5.0, 5.0, 5.0, 9.0, 9.0, 9.0, 9.0, 12.0, 12.0, 8.0, 12.0, 9.0, 9.0, 9.0, 9.0]
[5.0, 5.0, 5.0, 5.0, 5.0, 5.0, 5.0, 5.0, 9.0, 9.0, 9.0, 9.0, 8.0, 8.0, 12.0, 8.0, 9.0, 9.0, 9.0, 9.0]
T = 0.40960000000000013	 step = 242
101.04000000000002
22.899899680397724
[43.0, 4.0, 27.0, 31.0, 38.0, 36.0, 21.0, 22.0, 19.0, 34.0, 47.0, 17.0, 9.0, 21.0, 44.0, 7.0, 7.0, 6.0, 31.0, 42.0]
[17.0, 25.0, 16.0, 26.0, 24.0, 16.0, 45.0, 25.0, 36.0, 6.0, 7.0, 15.0, 47.0, 5.0, 35.0, 5.0, 36.0, 16.0, 40.0, 47.0]
[5.0, 5.0, 5.0, 5.0, 5.0, 5.0, 5.0, 5.0, 9.0, 9.0, 9.0, 9.0, 12.0, 12.0, 8.0, 12.0, 9.0, 9.0, 9.0, 9.0]
[5.0, 5.0, 5.0, 5.0, 5.0, 5.0, 5.0, 5.0, 9.0, 9.0, 9.0, 9.0, 8.0, 8.0, 12.0, 8.0, 9.0, 9.0, 9.0, 9.0]
T = 0.40960000000000013	 step = 243
101.03000000000003
22.962399680397724
[43.0, 4.0, 27.0, 31.0, 38.0, 36.0, 21.0, 22.0, 19.0, 34.0, 47.0, 17.0, 9.0, 21.0, 44.0, 7.0, 7.0, 6.0, 31.0, 43.0]
[17.0, 25.0, 16.0, 26.0, 24.0, 16.0, 45.0, 25.0, 36.0, 6.0, 7.0, 15.0, 47.0, 5.0, 35.0, 5.0, 36.0, 16.0, 40.0, 47.0]
[5.0, 5.0, 5.0, 5.0, 5.0, 5.0, 5.0, 5.0, 9.0, 9.0, 9.0, 9.0, 12.0, 12.0, 8.0, 12.0, 9.0, 9.0, 9.0, 9.0]
[5.0, 5.0, 5.0, 5.0, 5.0, 5.0, 5.0, 5.0, 9.0, 9.0, 9.0, 9.0, 8.0, 8.0, 12.0, 8.0, 9.0, 9.0, 9.0, 9.0]
T = 0.40960000000000013	 step = 244
101.01000000000005
22.962399680397724
[43.0, 4.0, 27.0, 31.0, 38.0, 36.0, 21.0, 22.0, 19.0, 34.0, 47.0, 17.0, 9.0, 21.0, 44.0, 7.0, 7.0, 6.0, 31.0, 43.0]
[17.0, 26.0, 16.0, 26.0, 24.0, 16.0, 45.0, 25.0, 36.0, 6.0, 7.0, 15.0, 47.0, 5.0, 35.0, 5.0, 36.0, 16.0, 40.0, 47.0]
[5.0, 5.0, 5.0, 5.0, 5.0, 5.0, 5.0, 5.0, 9.0, 9.0, 9.0, 9.0, 12.0, 12.0, 8.0, 12.0, 9.0, 9.0, 9.0, 9.0]
[5.0, 5.0, 5.0, 5.0, 5.0, 5.0, 5.0, 5.0, 9.0, 9.0, 9.0, 9.0, 8.0, 8.0, 12.0, 8.0, 9.0, 9.0, 9.0, 9.0]
T = 0.40960000000000013	 step = 245
100.92000000000002
23.024899680397724
[43.0, 4.0, 27.0, 31.0, 38.0, 36.0, 21.0, 22.0, 19.0, 34.0, 47.0, 17.0, 9.0, 21.0, 44.0, 7.0, 7.0, 6.0, 31.0, 43.0]
[17.0, 26.0, 16.0, 26.0, 25.0, 16.0, 45.0, 25.0, 36.0, 6.0, 7.0, 15.0, 47.0, 5.0, 35.0, 5.0, 36.0, 16.0, 40.0, 47.0]
[5.0, 5.0, 5.0, 5.0, 5.0, 5.0, 5.0, 5.0, 9.0, 9.0, 9.0, 9.0, 12.0, 12.0, 8.0, 12.0, 9.0, 9.0, 9.0, 9.0]
[5.0, 5.0, 5.0, 5.0, 5.0, 5.0, 5.0, 5.0, 9.0, 9.0, 9.0, 9.0, 8.0, 8.0, 12.0, 8.0, 9.0, 9.0, 9.0, 9.0]
T = 0.40960000000000013	 step = 246
100.96000000000004
22.962399680397724
[43.0, 4.0, 27.0, 31.0, 38.0, 36.0, 21.0, 22.0, 19.0, 34.0, 47.0, 17.0, 9.0, 21.0, 44.0, 8.0, 7.0, 6.0, 31.0, 43.0]
[17.0, 26.0, 16.0, 26.0, 25.0, 16.0, 45.0, 25.0, 36.0, 6.0, 7.0, 15.0, 47.0, 5.0, 35.0, 5.0, 36.0, 16.0, 40.0, 47.0]
[5.0, 5.0, 5.0, 5.0, 5.0, 5.0, 5.0, 5.0, 9.0, 9.0, 9.0, 9.0, 12.0, 12.0, 8.0, 12.0, 9.0, 9.0, 9.0, 9.0]
[5.0, 5.0, 5.0, 5.0, 5.0, 5.0, 5.0, 5.0, 9.0, 9.0, 9.0, 9.0, 8.0, 8.0, 12.0, 8.0, 9.0, 9.0, 9.0, 9.0]
T = 0.40960000000000013	 step = 247
100.97000000000003
22.96674982244318
[43.0, 4.0, 27.0, 31.0, 38.0, 36.0, 22.0, 22.0, 19.0, 34.0, 47.0, 17.0, 9.0, 21.0, 44.0, 8.0, 7.0, 6.0, 31.0, 43.0]
[17.0, 26.0, 16.0, 26.0, 25.0, 16.0, 45.0, 25.0, 36.0, 6.0, 7.0, 15.0, 47.0, 5.0, 35.0, 5.0, 36.0, 16.0, 40.0, 47.0]
[5.0, 5.0, 5.0, 5.0, 5.0, 5.0, 5.0, 5.0, 9.0, 9.0, 9.0, 9.0, 12.0, 12.0, 8.0, 12.0, 9.0, 9.0, 9.0, 9.0]
[5.0, 5.0, 5.0, 5.0, 5.0, 5.0, 5.0, 5.0, 9.0, 9.0, 9.0, 9.0, 8.0, 8.0, 12.0, 8.0, 9.0, 9.0, 9.0, 9.0]
T = 0.40960000000000013	 step = 248
100.42000000000002
22.71674982244318
[49.0, 4.0, 27.0, 31.0, 38.0, 36.0, 22.0, 22.0, 19.0, 34.0, 47.0, 17.0, 9.0, 21.0, 44.0, 8.0, 7.0, 6.0, 31.0, 43.0]
[25.0, 26.0, 16.0, 26.0, 25.0, 16.0, 45.0, 25.0, 36.0, 6.0, 7.0, 15.0, 47.0, 5.0, 35.0, 5.0, 36.0, 16.0, 40.0, 47.0]
[5.0, 5.0, 5.0, 5.0, 5.0, 5.0, 5.0, 5.0, 9.0, 9.0, 9.0, 9.0, 12.0, 12.0, 8.0, 12.0, 9.0, 9.0, 9.0, 9.0]
[5.0, 5.0, 5.0, 5.0, 5.0, 5.0, 5.0, 5.0, 9.0, 9.0, 9.0, 9.0, 8.0, 8.0, 12.0, 8.0, 9.0, 9.0, 9.0, 9.0]
T = 0.40960000000000013	 step = 249
100.45000000000005
22.65424982244318
[49.0, 4.0, 27.0, 31.0, 38.0, 36.0, 22.0, 22.0, 19.0, 34.0, 47.0, 17.0, 9.0, 22.0, 44.0, 8.0, 7.0, 6.0, 31.0, 43.0]
[25.0, 26.0, 16.0, 26.0, 25.0, 16.0, 45.0, 25.0, 36.0, 6.0, 7.0, 15.0, 47.0, 5.0, 35.0, 5.0, 36.0, 16.0, 40.0, 47.0]
[5.0, 5.0, 5.0, 5.0, 5.0, 5.0, 5.0, 5.0, 9.0, 9.0, 9.0, 9.0, 12.0, 12.0, 8.0, 12.0, 9.0, 9.0, 9.0, 9.0]
[5.0, 5.0, 5.0, 5.0, 5.0, 5.0, 5.0, 5.0, 9.0, 9.0, 9.0, 9.0, 8.0, 8.0, 12.0, 8.0, 9.0, 9.0, 9.0, 9.0]
T = 0.40960000000000013	 step = 250
100.43
22.71674982244318
[49.0, 4.0, 27.0, 31.0, 38.0, 36.0, 22.0, 22.0, 19.0, 34.0, 47.0, 17.0, 9.0, 22.0, 44.0, 8.0, 7.0, 6.0, 31.0, 43.0]
[25.0, 26.0, 16.0, 26.0, 25.0, 16.0, 45.0, 25.0, 36.0, 6.0, 7.0, 15.0, 47.0, 5.0, 35.0, 5.0, 37.0, 16.0, 40.0, 47.0]
[5.0, 5.0, 5.0, 5.0, 5.0, 5.0, 5.0, 5.0, 9.0, 9.0, 9.0, 9.0, 12.0, 12.0, 8.0, 12.0, 9.0, 9.0, 9.0, 9.0]
[5.0, 5.0, 5.0, 5.0, 5.0, 5.0, 5.0, 5.0, 9.0, 9.0, 9.0, 9.0, 8.0, 8.0, 12.0, 8.0, 9.0, 9.0, 9.0, 9.0]
T = 0.40960000000000013	 step = 251
100.44
22.84174982244318
[49.0, 4.0, 27.0, 31.0, 38.0, 36.0, 22.0, 22.0, 19.0, 34.0, 47.0, 17.0, 9.0, 22.0, 44.0, 8.0, 7.0, 6.0, 31.0, 43.0]
[25.0, 26.0, 16.0, 26.0, 25.0, 15.0, 45.0, 25.0, 36.0, 6.0, 7.0, 15.0, 47.0, 5.0, 35.0, 5.0, 37.0, 16.0, 40.0, 47.0]
[5.0, 5.0, 5.0, 5.0, 5.0, 5.0, 5.0, 5.0, 9.0, 9.0, 9.0, 9.0, 12.0, 12.0, 8.0, 12.0, 9.0, 9.0, 9.0, 9.0]
[5.0, 5.0, 5.0, 5.0, 5.0, 5.0, 5.0, 5.0, 9.0, 9.0, 9.0, 9.0, 8.0, 8.0, 12.0, 8.0, 9.0, 9.0, 9.0, 9.0]
T = 0.40960000000000013	 step = 252
100.43
22.77924982244318
[49.0, 4.0, 27.0, 31.0, 38.0, 36.0, 22.0, 22.0, 19.0, 34.0, 47.0, 17.0, 9.0, 22.0, 44.0, 8.0, 7.0, 6.0, 31.0, 44.0]
[25.0, 26.0, 16.0, 26.0, 25.0, 16.0, 45.0, 25.0, 36.0, 6.0, 7.0, 15.0, 47.0, 5.0, 35.0, 5.0, 37.0, 16.0, 40.0, 47.0]
[5.0, 5.0, 5.0, 5.0, 5.0, 5.0, 5.0, 5.0, 9.0, 9.0, 9.0, 9.0, 12.0, 12.0, 8.0, 12.0, 9.0, 9.0, 9.0, 9.0]
[5.0, 5.0, 5.0, 5.0, 5.0, 5.0, 5.0, 5.0, 9.0, 9.0, 9.0, 9.0, 8.0, 8.0, 12.0, 8.0, 9.0, 9.0, 9.0, 9.0]
T = 0.40960000000000013	 step = 253
100.49000000000001
22.65424982244318
[48.0, 4.0, 27.0, 31.0, 38.0, 36.0, 22.0, 22.0, 19.0, 34.0, 47.0, 17.0, 9.0, 22.0, 44.0, 8.0, 7.0, 6.0, 31.0, 44.0]
[25.0, 26.0, 16.0, 26.0, 25.0, 16.0, 45.0, 25.0, 36.0, 6.0, 7.0, 15.0, 47.0, 5.0, 35.0, 5.0, 37.0, 16.0, 40.0, 47.0]
[5.0, 5.0, 5.0, 5.0, 5.0, 5.0, 5.0, 5.0, 9.0, 9.0, 9.0, 9.0, 12.0, 12.0, 8.0, 12.0, 9.0, 9.0, 9.0, 9.0]
[5.0, 5.0, 5.0, 5.0, 5.0, 5.0, 5.0, 5.0, 9.0, 9.0, 9.0, 9.0, 8.0, 8.0, 12.0, 8.0, 9.0, 9.0, 9.0, 9.0]
T = 0.40960000000000013	 step = 254
100.49000000000001
22.59174982244318
[48.0, 4.0, 27.0, 31.0, 38.0, 36.0, 22.0, 22.0, 19.0, 34.0, 47.0, 17.0, 9.0, 22.0, 44.0, 8.0, 7.0, 6.0, 31.0, 43.0]
[25.0, 26.0, 16.0, 26.0, 25.0, 16.0, 45.0, 25.0, 36.0, 6.0, 7.0, 15.0, 47.0, 5.0, 35.0, 5.0, 37.0, 16.0, 40.0, 47.0]
[5.0, 5.0, 5.0, 5.0, 5.0, 5.0, 5.0, 5.0, 9.0, 9.0, 9.0, 9.0, 12.0, 12.0, 8.0, 12.0, 9.0, 9.0, 9.0, 9.0]
[5.0, 5.0, 5.0, 5.0, 5.0, 5.0, 5.0, 5.0, 9.0, 9.0, 9.0, 9.0, 8.0, 8.0, 12.0, 8.0, 9.0, 9.0, 9.0, 9.0]
T = 0.40960000000000013	 step = 255
100.46000000000004
22.65424982244318
[48.0, 4.0, 27.0, 31.0, 38.0, 36.0, 22.0, 22.0, 19.0, 34.0, 47.0, 17.0, 9.0, 21.0, 44.0, 8.0, 7.0, 6.0, 31.0, 43.0]
[25.0, 26.0, 16.0, 26.0, 25.0, 16.0, 45.0, 25.0, 36.0, 6.0, 7.0, 15.0, 47.0, 5.0, 35.0, 5.0, 37.0, 16.0, 40.0, 47.0]
[5.0, 5.0, 5.0, 5.0, 5.0, 5.0, 5.0, 5.0, 9.0, 9.0, 9.0, 9.0, 12.0, 12.0, 8.0, 12.0, 9.0, 9.0, 9.0, 9.0]
[5.0, 5.0, 5.0, 5.0, 5.0, 5.0, 5.0, 5.0, 9.0, 9.0, 9.0, 9.0, 8.0, 8.0, 12.0, 8.0, 9.0, 9.0, 9.0, 9.0]
T = 0.40960000000000013	 step = 256
100.95000000000005
22.672829367897723
[48.0, 4.0, 27.0, 31.0, 38.0, 36.0, 22.0, 22.0, 19.0, 34.0, 47.0, 18.0, 9.0, 21.0, 44.0, 8.0, 7.0, 6.0, 31.0, 43.0]
[25.0, 26.0, 16.0, 26.0, 25.0, 16.0, 45.0, 25.0, 36.0, 6.0, 7.0, 15.0, 47.0, 5.0, 35.0, 5.0, 37.0, 16.0, 40.0, 47.0]
[5.0, 5.0, 5.0, 5.0, 5.0, 5.0, 5.0, 5.0, 9.0, 9.0, 9.0, 9.0, 12.0, 12.0, 8.0, 12.0, 9.0, 9.0, 9.0, 9.0]
[5.0, 5.0, 5.0, 5.0, 5.0, 5.0, 5.0, 5.0, 9.0, 9.0, 9.0, 9.0, 8.0, 8.0, 12.0, 8.0, 9.0, 9.0, 9.0, 9.0]
T = 0.40960000000000013	 step = 257
100.91000000000003
22.735329367897727
[48.0, 4.0, 27.0, 31.0, 38.0, 36.0, 22.0, 22.0, 19.0, 34.0, 47.0, 18.0, 9.0, 21.0, 44.0, 7.0, 7.0, 6.0, 31.0, 43.0]
[25.0, 26.0, 16.0, 26.0, 25.0, 16.0, 45.0, 25.0, 36.0, 6.0, 7.0, 15.0, 47.0, 5.0, 35.0, 5.0, 37.0, 16.0, 40.0, 47.0]
[5.0, 5.0, 5.0, 5.0, 5.0, 5.0, 5.0, 5.0, 9.0, 9.0, 9.0, 9.0, 12.0, 12.0, 8.0, 12.0, 9.0, 9.0, 9.0, 9.0]
[5.0, 5.0, 5.0, 5.0, 5.0, 5.0, 5.0, 5.0, 9.0, 9.0, 9.0, 9.0, 8.0, 8.0, 12.0, 8.0, 9.0, 9.0, 9.0, 9.0]
T = 0.40960000000000013	 step = 258
100.94
22.672829367897727
[48.0, 4.0, 27.0, 31.0, 38.0, 36.0, 22.0, 22.0, 19.0, 34.0, 47.0, 18.0, 9.0, 22.0, 44.0, 7.0, 7.0, 6.0, 31.0, 43.0]
[25.0, 26.0, 16.0, 26.0, 25.0, 16.0, 45.0, 25.0, 36.0, 6.0, 7.0, 15.0, 47.0, 5.0, 35.0, 5.0, 37.0, 16.0, 40.0, 47.0]
[5.0, 5.0, 5.0, 5.0, 5.0, 5.0, 5.0, 5.0, 9.0, 9.0, 9.0, 9.0, 12.0, 12.0, 8.0, 12.0, 9.0, 9.0, 9.0, 9.0]
[5.0, 5.0, 5.0, 5.0, 5.0, 5.0, 5.0, 5.0, 9.0, 9.0, 9.0, 9.0, 8.0, 8.0, 12.0, 8.0, 9.0, 9.0, 9.0, 9.0]
T = 0.40960000000000013	 step = 259
100.90000000000003
22.797829367897727
[48.0, 4.0, 27.0, 31.0, 38.0, 36.0, 22.0, 22.0, 19.0, 34.0, 47.0, 18.0, 9.0, 22.0, 44.0, 7.0, 7.0, 6.0, 31.0, 43.0]
[25.0, 26.0, 16.0, 26.0, 25.0, 16.0, 46.0, 25.0, 36.0, 6.0, 7.0, 15.0, 47.0, 5.0, 35.0, 5.0, 37.0, 16.0, 40.0, 47.0]
[5.0, 5.0, 5.0, 5.0, 5.0, 5.0, 5.0, 5.0, 9.0, 9.0, 9.0, 9.0, 12.0, 12.0, 8.0, 12.0, 9.0, 9.0, 9.0, 9.0]
[5.0, 5.0, 5.0, 5.0, 5.0, 5.0, 5.0, 5.0, 9.0, 9.0, 9.0, 9.0, 8.0, 8.0, 12.0, 8.0, 9.0, 9.0, 9.0, 9.0]
T = 0.40960000000000013	 step = 260
100.92000000000002
22.735329367897727
[48.0, 4.0, 27.0, 31.0, 38.0, 36.0, 22.0, 22.0, 19.0, 34.0, 47.0, 18.0, 9.0, 22.0, 44.0, 7.0, 7.0, 6.0, 31.0, 43.0]
[25.0, 26.0, 16.0, 26.0, 25.0, 16.0, 46.0, 25.0, 36.0, 6.0, 7.0, 15.0, 47.0, 5.0, 35.0, 5.0, 36.0, 16.0, 40.0, 47.0]
[5.0, 5.0, 5.0, 5.0, 5.0, 5.0, 5.0, 5.0, 9.0, 9.0, 9.0, 9.0, 12.0, 12.0, 8.0, 12.0, 9.0, 9.0, 9.0, 9.0]
[5.0, 5.0, 5.0, 5.0, 5.0, 5.0, 5.0, 5.0, 9.0, 9.0, 9.0, 9.0, 8.0, 8.0, 12.0, 8.0, 9.0, 9.0, 9.0, 9.0]
T = 0.40960000000000013	 step = 261
100.84000000000003
22.860329367897727
[48.0, 4.0, 27.0, 31.0, 38.0, 36.0, 22.0, 21.0, 19.0, 34.0, 47.0, 18.0, 9.0, 22.0, 44.0, 7.0, 7.0, 6.0, 31.0, 43.0]
[25.0, 26.0, 16.0, 26.0, 25.0, 16.0, 46.0, 25.0, 36.0, 6.0, 7.0, 15.0, 47.0, 5.0, 35.0, 5.0, 36.0, 16.0, 40.0, 47.0]
[5.0, 5.0, 5.0, 5.0, 5.0, 5.0, 5.0, 5.0, 9.0, 9.0, 9.0, 9.0, 12.0, 12.0, 8.0, 12.0, 9.0, 9.0, 9.0, 9.0]
[5.0, 5.0, 5.0, 5.0, 5.0, 5.0, 5.0, 5.0, 9.0, 9.0, 9.0, 9.0, 8.0, 8.0, 12.0, 8.0, 9.0, 9.0, 9.0, 9.0]
T = 0.40960000000000013	 step = 262
101.34000000000003
22.425685813210226
[48.0, 12.0, 27.0, 31.0, 38.0, 36.0, 22.0, 21.0, 19.0, 34.0, 47.0, 18.0, 9.0, 22.0, 44.0, 7.0, 7.0, 6.0, 31.0, 43.0]
[25.0, 25.0, 16.0, 26.0, 25.0, 16.0, 46.0, 25.0, 36.0, 6.0, 7.0, 15.0, 47.0, 5.0, 35.0, 5.0, 36.0, 16.0, 40.0, 47.0]
[5.0, 5.0, 5.0, 5.0, 5.0, 5.0, 5.0, 5.0, 9.0, 9.0, 9.0, 9.0, 12.0, 12.0, 8.0, 12.0, 9.0, 9.0, 9.0, 9.0]
[5.0, 5.0, 5.0, 5.0, 5.0, 5.0, 5.0, 5.0, 9.0, 9.0, 9.0, 9.0, 8.0, 8.0, 12.0, 8.0, 9.0, 9.0, 9.0, 9.0]
T = 0.40960000000000013	 step = 263
101.38
22.550685813210226
[48.0, 12.0, 27.0, 31.0, 38.0, 36.0, 22.0, 21.0, 19.0, 34.0, 47.0, 18.0, 9.0, 22.0, 44.0, 7.0, 7.0, 6.0, 31.0, 43.0]
[24.0, 25.0, 16.0, 26.0, 25.0, 16.0, 46.0, 25.0, 36.0, 6.0, 7.0, 15.0, 47.0, 5.0, 35.0, 5.0, 36.0, 16.0, 40.0, 47.0]
[5.0, 5.0, 5.0, 5.0, 5.0, 5.0, 5.0, 5.0, 9.0, 9.0, 9.0, 9.0, 12.0, 12.0, 8.0, 12.0, 9.0, 9.0, 9.0, 9.0]
[5.0, 5.0, 5.0, 5.0, 5.0, 5.0, 5.0, 5.0, 9.0, 9.0, 9.0, 9.0, 8.0, 8.0, 12.0, 8.0, 9.0, 9.0, 9.0, 9.0]
T = 0.40960000000000013	 step = 264
101.25
22.675685813210226
[48.0, 12.0, 27.0, 31.0, 38.0, 36.0, 22.0, 21.0, 19.0, 34.0, 47.0, 18.0, 9.0, 22.0, 44.0, 7.0, 7.0, 6.0, 31.0, 43.0]
[24.0, 25.0, 16.0, 27.0, 25.0, 16.0, 46.0, 25.0, 36.0, 6.0, 7.0, 15.0, 47.0, 5.0, 35.0, 5.0, 36.0, 16.0, 40.0, 47.0]
[5.0, 5.0, 5.0, 5.0, 5.0, 5.0, 5.0, 5.0, 9.0, 9.0, 9.0, 9.0, 12.0, 12.0, 8.0, 12.0, 9.0, 9.0, 9.0, 9.0]
[5.0, 5.0, 5.0, 5.0, 5.0, 5.0, 5.0, 5.0, 9.0, 9.0, 9.0, 9.0, 8.0, 8.0, 12.0, 8.0, 9.0, 9.0, 9.0, 9.0]
T = 0.40960000000000013	 step = 265
101.38
22.550685813210226
[48.0, 12.0, 27.0, 31.0, 38.0, 36.0, 22.0, 21.0, 19.0, 34.0, 47.0, 18.0, 9.0, 22.0, 44.0, 7.0, 7.0, 6.0, 31.0, 43.0]
[24.0, 25.0, 16.0, 26.0, 25.0, 16.0, 46.0, 25.0, 36.0, 6.0, 7.0, 15.0, 47.0, 5.0, 35.0, 5.0, 36.0, 16.0, 40.0, 47.0]
[5.0, 5.0, 5.0, 5.0, 5.0, 5.0, 5.0, 5.0, 9.0, 9.0, 9.0, 9.0, 12.0, 12.0, 8.0, 12.0, 9.0, 9.0, 9.0, 9.0]
[5.0, 5.0, 5.0, 5.0, 5.0, 5.0, 5.0, 5.0, 9.0, 9.0, 9.0, 9.0, 8.0, 8.0, 12.0, 8.0, 9.0, 9.0, 9.0, 9.0]
T = 0.40960000000000013	 step = 266
101.39000000000004
22.488185813210226
[48.0, 12.0, 27.0, 31.0, 38.0, 36.0, 22.0, 21.0, 19.0, 34.0, 47.0, 18.0, 9.0, 22.0, 44.0, 7.0, 7.0, 6.0, 31.0, 42.0]
[24.0, 25.0, 16.0, 26.0, 25.0, 16.0, 46.0, 25.0, 36.0, 6.0, 7.0, 15.0, 47.0, 5.0, 35.0, 5.0, 36.0, 16.0, 40.0, 47.0]
[5.0, 5.0, 5.0, 5.0, 5.0, 5.0, 5.0, 5.0, 9.0, 9.0, 9.0, 9.0, 12.0, 12.0, 8.0, 12.0, 9.0, 9.0, 9.0, 9.0]
[5.0, 5.0, 5.0, 5.0, 5.0, 5.0, 5.0, 5.0, 9.0, 9.0, 9.0, 9.0, 8.0, 8.0, 12.0, 8.0, 9.0, 9.0, 9.0, 9.0]
T = 0.32768000000000014	 step = 267
101.58000000000004
22.387718838778408
[48.0, 12.0, 27.0, 31.0, 38.0, 35.0, 22.0, 21.0, 19.0, 34.0, 47.0, 18.0, 9.0, 22.0, 44.0, 7.0, 7.0, 6.0, 31.0, 42.0]
[24.0, 25.0, 16.0, 26.0, 25.0, 16.0, 46.0, 25.0, 36.0, 6.0, 7.0, 15.0, 47.0, 5.0, 35.0, 5.0, 36.0, 16.0, 40.0, 47.0]
[5.0, 5.0, 5.0, 5.0, 5.0, 5.0, 5.0, 5.0, 9.0, 9.0, 9.0, 9.0, 12.0, 12.0, 8.0, 12.0, 9.0, 9.0, 9.0, 9.0]
[5.0, 5.0, 5.0, 5.0, 5.0, 5.0, 5.0, 5.0, 9.0, 9.0, 9.0, 9.0, 8.0, 8.0, 12.0, 8.0, 9.0, 9.0, 9.0, 9.0]
T = 0.32768000000000014	 step = 268
102.08000000000004
21.559397194602273
[48.0, 12.0, 27.0, 31.0, 38.0, 35.0, 47.0, 21.0, 19.0, 34.0, 47.0, 18.0, 9.0, 22.0, 44.0, 7.0, 7.0, 6.0, 31.0, 42.0]
[24.0, 25.0, 16.0, 26.0, 25.0, 16.0, 17.0, 25.0, 36.0, 6.0, 7.0, 15.0, 47.0, 5.0, 35.0, 5.0, 36.0, 16.0, 40.0, 47.0]
[5.0, 5.0, 5.0, 5.0, 5.0, 5.0, 5.0, 5.0, 9.0, 9.0, 9.0, 9.0, 12.0, 12.0, 8.0, 12.0, 9.0, 9.0, 9.0, 9.0]
[5.0, 5.0, 5.0, 5.0, 5.0, 5.0, 5.0, 5.0, 9.0, 9.0, 9.0, 9.0, 8.0, 8.0, 12.0, 8.0, 9.0, 9.0, 9.0, 9.0]
T = 0.32768000000000014	 step = 269
102.05000000000001
21.434397194602273
[48.0, 12.0, 27.0, 31.0, 38.0, 35.0, 47.0, 21.0, 19.0, 34.0, 47.0, 18.0, 9.0, 22.0, 44.0, 7.0, 7.0, 6.0, 31.0, 42.0]
[25.0, 25.0, 16.0, 26.0, 25.0, 16.0, 17.0, 25.0, 36.0, 6.0, 7.0, 15.0, 47.0, 5.0, 35.0, 5.0, 36.0, 16.0, 40.0, 47.0]
[5.0, 5.0, 5.0, 5.0, 5.0, 5.0, 5.0, 5.0, 9.0, 9.0, 9.0, 9.0, 12.0, 12.0, 8.0, 12.0, 9.0, 9.0, 9.0, 9.0]
[5.0, 5.0, 5.0, 5.0, 5.0, 5.0, 5.0, 5.0, 9.0, 9.0, 9.0, 9.0, 8.0, 8.0, 12.0, 8.0, 9.0, 9.0, 9.0, 9.0]
T = 0.32768000000000014	 step = 270
101.56
21.434397194602273
[48.0, 12.0, 27.0, 31.0, 38.0, 35.0, 47.0, 21.0, 19.0, 34.0, 47.0, 17.0, 9.0, 22.0, 44.0, 7.0, 7.0, 6.0, 31.0, 42.0]
[25.0, 25.0, 16.0, 26.0, 25.0, 16.0, 17.0, 25.0, 36.0, 6.0, 7.0, 15.0, 47.0, 5.0, 35.0, 5.0, 36.0, 16.0, 40.0, 47.0]
[5.0, 5.0, 5.0, 5.0, 5.0, 5.0, 5.0, 5.0, 9.0, 9.0, 9.0, 9.0, 12.0, 12.0, 8.0, 12.0, 9.0, 9.0, 9.0, 9.0]
[5.0, 5.0, 5.0, 5.0, 5.0, 5.0, 5.0, 5.0, 9.0, 9.0, 9.0, 9.0, 8.0, 8.0, 12.0, 8.0, 9.0, 9.0, 9.0, 9.0]
T = 0.32768000000000014	 step = 271
102.05000000000001
21.434397194602273
[48.0, 12.0, 27.0, 31.0, 38.0, 35.0, 47.0, 21.0, 19.0, 34.0, 47.0, 18.0, 9.0, 22.0, 44.0, 7.0, 7.0, 6.0, 31.0, 42.0]
[25.0, 25.0, 16.0, 26.0, 25.0, 16.0, 17.0, 25.0, 36.0, 6.0, 7.0, 15.0, 47.0, 5.0, 35.0, 5.0, 36.0, 16.0, 40.0, 47.0]
[5.0, 5.0, 5.0, 5.0, 5.0, 5.0, 5.0, 5.0, 9.0, 9.0, 9.0, 9.0, 12.0, 12.0, 8.0, 12.0, 9.0, 9.0, 9.0, 9.0]
[5.0, 5.0, 5.0, 5.0, 5.0, 5.0, 5.0, 5.0, 9.0, 9.0, 9.0, 9.0, 8.0, 8.0, 12.0, 8.0, 9.0, 9.0, 9.0, 9.0]
T = 0.32768000000000014	 step = 272
101.39000000000004
21.434397194602273
[48.0, 12.0, 27.0, 31.0, 40.0, 35.0, 47.0, 21.0, 19.0, 34.0, 47.0, 17.0, 9.0, 22.0, 44.0, 7.0, 7.0, 6.0, 31.0, 42.0]
[25.0, 25.0, 16.0, 26.0, 25.0, 16.0, 17.0, 25.0, 36.0, 6.0, 7.0, 15.0, 47.0, 5.0, 35.0, 5.0, 36.0, 16.0, 40.0, 47.0]
[5.0, 5.0, 5.0, 5.0, 5.0, 5.0, 5.0, 5.0, 9.0, 9.0, 9.0, 9.0, 12.0, 12.0, 8.0, 12.0, 9.0, 9.0, 9.0, 9.0]
[5.0, 5.0, 5.0, 5.0, 5.0, 5.0, 5.0, 5.0, 9.0, 9.0, 9.0, 9.0, 8.0, 8.0, 12.0, 8.0, 9.0, 9.0, 9.0, 9.0]
T = 0.32768000000000014	 step = 273
101.64000000000004
21.470086115056816
[48.0, 12.0, 27.0, 31.0, 40.0, 34.0, 47.0, 21.0, 19.0, 34.0, 47.0, 17.0, 9.0, 22.0, 44.0, 7.0, 7.0, 6.0, 31.0, 42.0]
[25.0, 25.0, 16.0, 26.0, 25.0, 16.0, 17.0, 25.0, 36.0, 6.0, 7.0, 15.0, 47.0, 5.0, 35.0, 5.0, 36.0, 16.0, 40.0, 47.0]
[5.0, 5.0, 5.0, 5.0, 5.0, 5.0, 5.0, 5.0, 9.0, 9.0, 9.0, 9.0, 12.0, 12.0, 8.0, 12.0, 9.0, 9.0, 9.0, 9.0]
[5.0, 5.0, 5.0, 5.0, 5.0, 5.0, 5.0, 5.0, 9.0, 9.0, 9.0, 9.0, 8.0, 8.0, 12.0, 8.0, 9.0, 9.0, 9.0, 9.0]
T = 0.32768000000000014	 step = 274
101.46000000000004
21.36692560369318
[48.0, 12.0, 27.0, 31.0, 40.0, 35.0, 47.0, 21.0, 19.0, 34.0, 47.0, 17.0, 9.0, 22.0, 44.0, 7.0, 7.0, 6.0, 31.0, 42.0]
[25.0, 25.0, 16.0, 26.0, 24.0, 16.0, 17.0, 25.0, 36.0, 6.0, 7.0, 15.0, 47.0, 5.0, 35.0, 5.0, 36.0, 16.0, 40.0, 47.0]
[5.0, 5.0, 5.0, 5.0, 5.0, 5.0, 5.0, 5.0, 9.0, 9.0, 9.0, 9.0, 12.0, 12.0, 8.0, 12.0, 9.0, 9.0, 9.0, 9.0]
[5.0, 5.0, 5.0, 5.0, 5.0, 5.0, 5.0, 5.0, 9.0, 9.0, 9.0, 9.0, 8.0, 8.0, 12.0, 8.0, 9.0, 9.0, 9.0, 9.0]
T = 0.32768000000000014	 step = 275
100.85000000000002
22.48706232244318
[48.0, 12.0, 27.0, 31.0, 40.0, 35.0, 20.0, 21.0, 19.0, 34.0, 47.0, 17.0, 9.0, 22.0, 44.0, 7.0, 7.0, 6.0, 31.0, 42.0]
[25.0, 25.0, 16.0, 26.0, 24.0, 16.0, 49.0, 25.0, 36.0, 6.0, 7.0, 15.0, 47.0, 5.0, 35.0, 5.0, 36.0, 16.0, 40.0, 47.0]
[5.0, 5.0, 5.0, 5.0, 5.0, 5.0, 5.0, 5.0, 9.0, 9.0, 9.0, 9.0, 12.0, 12.0, 8.0, 12.0, 9.0, 9.0, 9.0, 9.0]
[5.0, 5.0, 5.0, 5.0, 5.0, 5.0, 5.0, 5.0, 9.0, 9.0, 9.0, 9.0, 8.0, 8.0, 12.0, 8.0, 9.0, 9.0, 9.0, 9.0]
T = 0.32768000000000014	 step = 276
100.88
22.42456232244318
[48.0, 12.0, 27.0, 31.0, 40.0, 35.0, 20.0, 21.0, 19.0, 34.0, 47.0, 17.0, 9.0, 22.0, 44.0, 8.0, 7.0, 6.0, 31.0, 42.0]
[25.0, 25.0, 16.0, 26.0, 24.0, 16.0, 49.0, 25.0, 36.0, 6.0, 7.0, 15.0, 47.0, 5.0, 35.0, 5.0, 36.0, 16.0, 40.0, 47.0]
[5.0, 5.0, 5.0, 5.0, 5.0, 5.0, 5.0, 5.0, 9.0, 9.0, 9.0, 9.0, 12.0, 12.0, 8.0, 12.0, 9.0, 9.0, 9.0, 9.0]
[5.0, 5.0, 5.0, 5.0, 5.0, 5.0, 5.0, 5.0, 9.0, 9.0, 9.0, 9.0, 8.0, 8.0, 12.0, 8.0, 9.0, 9.0, 9.0, 9.0]
T = 0.32768000000000014	 step = 277
100.85000000000002
22.48706232244318
[48.0, 12.0, 27.0, 31.0, 40.0, 35.0, 20.0, 21.0, 19.0, 34.0, 47.0, 17.0, 9.0, 21.0, 44.0, 8.0, 7.0, 6.0, 31.0, 42.0]
[25.0, 25.0, 16.0, 26.0, 24.0, 16.0, 49.0, 25.0, 36.0, 6.0, 7.0, 15.0, 47.0, 5.0, 35.0, 5.0, 36.0, 16.0, 40.0, 47.0]
[5.0, 5.0, 5.0, 5.0, 5.0, 5.0, 5.0, 5.0, 9.0, 9.0, 9.0, 9.0, 12.0, 12.0, 8.0, 12.0, 9.0, 9.0, 9.0, 9.0]
[5.0, 5.0, 5.0, 5.0, 5.0, 5.0, 5.0, 5.0, 9.0, 9.0, 9.0, 9.0, 8.0, 8.0, 12.0, 8.0, 9.0, 9.0, 9.0, 9.0]
T = 0.32768000000000014	 step = 278
100.66000000000003
22.565082120028407
[48.0, 12.0, 27.0, 31.0, 40.0, 36.0, 20.0, 21.0, 19.0, 34.0, 47.0, 17.0, 9.0, 21.0, 44.0, 8.0, 7.0, 6.0, 31.0, 42.0]
[25.0, 25.0, 16.0, 26.0, 24.0, 16.0, 49.0, 25.0, 36.0, 6.0, 7.0, 15.0, 47.0, 5.0, 35.0, 5.0, 36.0, 16.0, 40.0, 47.0]
[5.0, 5.0, 5.0, 5.0, 5.0, 5.0, 5.0, 5.0, 9.0, 9.0, 9.0, 9.0, 12.0, 12.0, 8.0, 12.0, 9.0, 9.0, 9.0, 9.0]
[5.0, 5.0, 5.0, 5.0, 5.0, 5.0, 5.0, 5.0, 9.0, 9.0, 9.0, 9.0, 8.0, 8.0, 12.0, 8.0, 9.0, 9.0, 9.0, 9.0]
T = 0.32768000000000014	 step = 279
100.81
22.44415882457386
[48.0, 12.0, 27.0, 31.0, 40.0, 36.0, 20.0, 21.0, 19.0, 34.0, 47.0, 17.0, 9.0, 21.0, 44.0, 8.0, 7.0, 6.0, 31.0, 42.0]
[25.0, 25.0, 16.0, 25.0, 24.0, 16.0, 49.0, 25.0, 36.0, 6.0, 7.0, 15.0, 47.0, 5.0, 35.0, 5.0, 36.0, 16.0, 40.0, 47.0]
[5.0, 5.0, 5.0, 5.0, 5.0, 5.0, 5.0, 5.0, 9.0, 9.0, 9.0, 9.0, 12.0, 12.0, 8.0, 12.0, 9.0, 9.0, 9.0, 9.0]
[5.0, 5.0, 5.0, 5.0, 5.0, 5.0, 5.0, 5.0, 9.0, 9.0, 9.0, 9.0, 8.0, 8.0, 12.0, 8.0, 9.0, 9.0, 9.0, 9.0]
T = 0.32768000000000014	 step = 280
100.87
22.319158824573858
[48.0, 12.0, 27.0, 31.0, 40.0, 36.0, 20.0, 21.0, 19.0, 34.0, 47.0, 17.0, 9.0, 21.0, 44.0, 8.0, 7.0, 6.0, 31.0, 42.0]
[25.0, 25.0, 16.0, 25.0, 24.0, 16.0, 49.0, 25.0, 36.0, 6.0, 8.0, 15.0, 47.0, 5.0, 35.0, 5.0, 36.0, 16.0, 40.0, 47.0]
[5.0, 5.0, 5.0, 5.0, 5.0, 5.0, 5.0, 5.0, 9.0, 9.0, 9.0, 9.0, 12.0, 12.0, 8.0, 12.0, 9.0, 9.0, 9.0, 9.0]
[5.0, 5.0, 5.0, 5.0, 5.0, 5.0, 5.0, 5.0, 9.0, 9.0, 9.0, 9.0, 8.0, 8.0, 12.0, 8.0, 9.0, 9.0, 9.0, 9.0]
T = 0.32768000000000014	 step = 281
100.91000000000003
22.19415882457386
[48.0, 12.0, 27.0, 31.0, 40.0, 36.0, 20.0, 21.0, 19.0, 34.0, 47.0, 17.0, 9.0, 21.0, 44.0, 8.0, 7.0, 6.0, 31.0, 42.0]
[25.0, 25.0, 16.0, 25.0, 24.0, 16.0, 48.0, 25.0, 36.0, 6.0, 8.0, 15.0, 47.0, 5.0, 35.0, 5.0, 36.0, 16.0, 40.0, 47.0]
[5.0, 5.0, 5.0, 5.0, 5.0, 5.0, 5.0, 5.0, 9.0, 9.0, 9.0, 9.0, 12.0, 12.0, 8.0, 12.0, 9.0, 9.0, 9.0, 9.0]
[5.0, 5.0, 5.0, 5.0, 5.0, 5.0, 5.0, 5.0, 9.0, 9.0, 9.0, 9.0, 8.0, 8.0, 12.0, 8.0, 9.0, 9.0, 9.0, 9.0]
T = 0.32768000000000014	 step = 282
100.99000000000001
22.19415882457386
[48.0, 13.0, 27.0, 31.0, 40.0, 36.0, 20.0, 21.0, 19.0, 34.0, 47.0, 17.0, 9.0, 21.0, 44.0, 8.0, 7.0, 6.0, 31.0, 42.0]
[25.0, 25.0, 16.0, 25.0, 24.0, 16.0, 48.0, 25.0, 36.0, 6.0, 8.0, 15.0, 47.0, 5.0, 35.0, 5.0, 36.0, 16.0, 40.0, 47.0]
[5.0, 5.0, 5.0, 5.0, 5.0, 5.0, 5.0, 5.0, 9.0, 9.0, 9.0, 9.0, 12.0, 12.0, 8.0, 12.0, 9.0, 9.0, 9.0, 9.0]
[5.0, 5.0, 5.0, 5.0, 5.0, 5.0, 5.0, 5.0, 9.0, 9.0, 9.0, 9.0, 8.0, 8.0, 12.0, 8.0, 9.0, 9.0, 9.0, 9.0]
T = 0.32768000000000014	 step = 283
101.01000000000005
22.049272460937495
[48.0, 13.0, 27.0, 31.0, 40.0, 36.0, 21.0, 21.0, 19.0, 34.0, 47.0, 17.0, 9.0, 21.0, 44.0, 8.0, 7.0, 6.0, 31.0, 42.0]
[25.0, 25.0, 16.0, 25.0, 24.0, 16.0, 47.0, 25.0, 36.0, 6.0, 8.0, 15.0, 47.0, 5.0, 35.0, 5.0, 36.0, 16.0, 40.0, 47.0]
[5.0, 5.0, 5.0, 5.0, 5.0, 5.0, 5.0, 5.0, 9.0, 9.0, 9.0, 9.0, 12.0, 12.0, 8.0, 12.0, 9.0, 9.0, 9.0, 9.0]
[5.0, 5.0, 5.0, 5.0, 5.0, 5.0, 5.0, 5.0, 9.0, 9.0, 9.0, 9.0, 8.0, 8.0, 12.0, 8.0, 9.0, 9.0, 9.0, 9.0]
T = 0.32768000000000014	 step = 284
100.99000000000001
21.986772460937495
[48.0, 13.0, 27.0, 31.0, 40.0, 36.0, 21.0, 21.0, 19.0, 34.0, 47.0, 17.0, 9.0, 21.0, 45.0, 8.0, 7.0, 6.0, 31.0, 42.0]
[25.0, 25.0, 16.0, 25.0, 24.0, 16.0, 47.0, 25.0, 36.0, 6.0, 8.0, 15.0, 47.0, 5.0, 35.0, 5.0, 36.0, 16.0, 40.0, 47.0]
[5.0, 5.0, 5.0, 5.0, 5.0, 5.0, 5.0, 5.0, 9.0, 9.0, 9.0, 9.0, 12.0, 12.0, 8.0, 12.0, 9.0, 9.0, 9.0, 9.0]
[5.0, 5.0, 5.0, 5.0, 5.0, 5.0, 5.0, 5.0, 9.0, 9.0, 9.0, 9.0, 8.0, 8.0, 12.0, 8.0, 9.0, 9.0, 9.0, 9.0]
T = 0.32768000000000014	 step = 285
100.82000000000005
21.9867724609375
[48.0, 13.0, 27.0, 31.0, 40.0, 36.0, 21.0, 21.0, 19.0, 34.0, 47.0, 17.0, 9.0, 21.0, 45.0, 8.0, 7.0, 6.0, 31.0, 42.0]
[25.0, 25.0, 16.0, 25.0, 24.0, 16.0, 47.0, 25.0, 37.0, 6.0, 8.0, 15.0, 47.0, 5.0, 35.0, 5.0, 36.0, 16.0, 40.0, 47.0]
[5.0, 5.0, 5.0, 5.0, 5.0, 5.0, 5.0, 5.0, 9.0, 9.0, 9.0, 9.0, 12.0, 12.0, 8.0, 12.0, 9.0, 9.0, 9.0, 9.0]
[5.0, 5.0, 5.0, 5.0, 5.0, 5.0, 5.0, 5.0, 9.0, 9.0, 9.0, 9.0, 8.0, 8.0, 12.0, 8.0, 9.0, 9.0, 9.0, 9.0]
T = 0.32768000000000014	 step = 286
100.74000000000001
21.986772460937498
[48.0, 12.0, 27.0, 31.0, 40.0, 36.0, 21.0, 21.0, 19.0, 34.0, 47.0, 17.0, 9.0, 21.0, 45.0, 8.0, 7.0, 6.0, 31.0, 42.0]
[25.0, 25.0, 16.0, 25.0, 24.0, 16.0, 47.0, 25.0, 37.0, 6.0, 8.0, 15.0, 47.0, 5.0, 35.0, 5.0, 36.0, 16.0, 40.0, 47.0]
[5.0, 5.0, 5.0, 5.0, 5.0, 5.0, 5.0, 5.0, 9.0, 9.0, 9.0, 9.0, 12.0, 12.0, 8.0, 12.0, 9.0, 9.0, 9.0, 9.0]
[5.0, 5.0, 5.0, 5.0, 5.0, 5.0, 5.0, 5.0, 9.0, 9.0, 9.0, 9.0, 8.0, 8.0, 12.0, 8.0, 9.0, 9.0, 9.0, 9.0]
T = 0.32768000000000014	 step = 287
100.74000000000001
22.049272460937498
[48.0, 12.0, 27.0, 31.0, 40.0, 36.0, 21.0, 21.0, 19.0, 34.0, 47.0, 17.0, 9.0, 21.0, 45.0, 8.0, 7.0, 6.0, 31.0, 43.0]
[25.0, 25.0, 16.0, 25.0, 24.0, 16.0, 47.0, 25.0, 37.0, 6.0, 8.0, 15.0, 47.0, 5.0, 35.0, 5.0, 36.0, 16.0, 40.0, 47.0]
[5.0, 5.0, 5.0, 5.0, 5.0, 5.0, 5.0, 5.0, 9.0, 9.0, 9.0, 9.0, 12.0, 12.0, 8.0, 12.0, 9.0, 9.0, 9.0, 9.0]
[5.0, 5.0, 5.0, 5.0, 5.0, 5.0, 5.0, 5.0, 9.0, 9.0, 9.0, 9.0, 8.0, 8.0, 12.0, 8.0, 9.0, 9.0, 9.0, 9.0]
T = 0.32768000000000014	 step = 288
100.73000000000002
21.995400390624994
[48.0, 12.0, 27.0, 31.0, 40.0, 36.0, 21.0, 21.0, 19.0, 34.0, 47.0, 17.0, 9.0, 21.0, 45.0, 8.0, 7.0, 6.0, 32.0, 43.0]
[25.0, 25.0, 16.0, 25.0, 24.0, 16.0, 47.0, 25.0, 37.0, 6.0, 8.0, 15.0, 47.0, 5.0, 35.0, 5.0, 36.0, 16.0, 40.0, 47.0]
[5.0, 5.0, 5.0, 5.0, 5.0, 5.0, 5.0, 5.0, 9.0, 9.0, 9.0, 9.0, 12.0, 12.0, 8.0, 12.0, 9.0, 9.0, 9.0, 9.0]
[5.0, 5.0, 5.0, 5.0, 5.0, 5.0, 5.0, 5.0, 9.0, 9.0, 9.0, 9.0, 8.0, 8.0, 12.0, 8.0, 9.0, 9.0, 9.0, 9.0]
T = 0.32768000000000014	 step = 289
100.91000000000003
21.870400390625
[48.0, 12.0, 27.0, 31.0, 40.0, 36.0, 21.0, 21.0, 19.0, 34.0, 46.0, 17.0, 9.0, 21.0, 45.0, 8.0, 7.0, 6.0, 32.0, 43.0]
[25.0, 25.0, 16.0, 25.0, 24.0, 16.0, 47.0, 25.0, 37.0, 6.0, 8.0, 15.0, 47.0, 5.0, 35.0, 5.0, 36.0, 16.0, 40.0, 47.0]
[5.0, 5.0, 5.0, 5.0, 5.0, 5.0, 5.0, 5.0, 9.0, 9.0, 9.0, 9.0, 12.0, 12.0, 8.0, 12.0, 9.0, 9.0, 9.0, 9.0]
[5.0, 5.0, 5.0, 5.0, 5.0, 5.0, 5.0, 5.0, 9.0, 9.0, 9.0, 9.0, 8.0, 8.0, 12.0, 8.0, 9.0, 9.0, 9.0, 9.0]
T = 0.32768000000000014	 step = 290
100.76000000000005
21.91372425426136
[48.0, 12.0, 27.0, 31.0, 41.0, 36.0, 21.0, 21.0, 19.0, 34.0, 46.0, 17.0, 9.0, 21.0, 45.0, 8.0, 7.0, 6.0, 32.0, 43.0]
[25.0, 25.0, 16.0, 25.0, 25.0, 16.0, 47.0, 25.0, 37.0, 6.0, 8.0, 15.0, 47.0, 5.0, 35.0, 5.0, 36.0, 16.0, 40.0, 47.0]
[5.0, 5.0, 5.0, 5.0, 5.0, 5.0, 5.0, 5.0, 9.0, 9.0, 9.0, 9.0, 12.0, 12.0, 8.0, 12.0, 9.0, 9.0, 9.0, 9.0]
[5.0, 5.0, 5.0, 5.0, 5.0, 5.0, 5.0, 5.0, 9.0, 9.0, 9.0, 9.0, 8.0, 8.0, 12.0, 8.0, 9.0, 9.0, 9.0, 9.0]
T = 0.32768000000000014	 step = 291
100.70000000000005
22.03872425426136
[49.0, 12.0, 27.0, 31.0, 41.0, 36.0, 21.0, 21.0, 19.0, 34.0, 46.0, 17.0, 9.0, 21.0, 45.0, 8.0, 7.0, 6.0, 32.0, 43.0]
[25.0, 25.0, 16.0, 25.0, 25.0, 16.0, 47.0, 25.0, 37.0, 6.0, 8.0, 15.0, 47.0, 5.0, 35.0, 5.0, 36.0, 16.0, 40.0, 47.0]
[5.0, 5.0, 5.0, 5.0, 5.0, 5.0, 5.0, 5.0, 9.0, 9.0, 9.0, 9.0, 12.0, 12.0, 8.0, 12.0, 9.0, 9.0, 9.0, 9.0]
[5.0, 5.0, 5.0, 5.0, 5.0, 5.0, 5.0, 5.0, 9.0, 9.0, 9.0, 9.0, 8.0, 8.0, 12.0, 8.0, 9.0, 9.0, 9.0, 9.0]
T = 0.32768000000000014	 step = 292
100.70000000000005
22.10122425426136
[49.0, 12.0, 27.0, 31.0, 41.0, 36.0, 21.0, 21.0, 19.0, 34.0, 46.0, 17.0, 9.0, 21.0, 45.0, 8.0, 7.0, 6.0, 32.0, 44.0]
[25.0, 25.0, 16.0, 25.0, 25.0, 16.0, 47.0, 25.0, 37.0, 6.0, 8.0, 15.0, 47.0, 5.0, 35.0, 5.0, 36.0, 16.0, 40.0, 47.0]
[5.0, 5.0, 5.0, 5.0, 5.0, 5.0, 5.0, 5.0, 9.0, 9.0, 9.0, 9.0, 12.0, 12.0, 8.0, 12.0, 9.0, 9.0, 9.0, 9.0]
[5.0, 5.0, 5.0, 5.0, 5.0, 5.0, 5.0, 5.0, 9.0, 9.0, 9.0, 9.0, 8.0, 8.0, 12.0, 8.0, 9.0, 9.0, 9.0, 9.0]
T = 0.32768000000000014	 step = 293
100.66000000000003
22.16372425426136
[49.0, 12.0, 27.0, 31.0, 41.0, 36.0, 21.0, 21.0, 19.0, 34.0, 46.0, 17.0, 9.0, 21.0, 45.0, 7.0, 7.0, 6.0, 32.0, 44.0]
[25.0, 25.0, 16.0, 25.0, 25.0, 16.0, 47.0, 25.0, 37.0, 6.0, 8.0, 15.0, 47.0, 5.0, 35.0, 5.0, 36.0, 16.0, 40.0, 47.0]
[5.0, 5.0, 5.0, 5.0, 5.0, 5.0, 5.0, 5.0, 9.0, 9.0, 9.0, 9.0, 12.0, 12.0, 8.0, 12.0, 9.0, 9.0, 9.0, 9.0]
[5.0, 5.0, 5.0, 5.0, 5.0, 5.0, 5.0, 5.0, 9.0, 9.0, 9.0, 9.0, 8.0, 8.0, 12.0, 8.0, 9.0, 9.0, 9.0, 9.0]
T = 0.32768000000000014	 step = 294
100.67000000000002
22.207644708806814
[49.0, 12.0, 27.0, 31.0, 41.0, 36.0, 22.0, 21.0, 19.0, 34.0, 46.0, 17.0, 9.0, 21.0, 45.0, 7.0, 7.0, 6.0, 32.0, 44.0]
[25.0, 25.0, 16.0, 25.0, 25.0, 16.0, 47.0, 25.0, 37.0, 6.0, 8.0, 15.0, 47.0, 5.0, 35.0, 5.0, 36.0, 16.0, 40.0, 47.0]
[5.0, 5.0, 5.0, 5.0, 5.0, 5.0, 5.0, 5.0, 9.0, 9.0, 9.0, 9.0, 12.0, 12.0, 8.0, 12.0, 9.0, 9.0, 9.0, 9.0]
[5.0, 5.0, 5.0, 5.0, 5.0, 5.0, 5.0, 5.0, 9.0, 9.0, 9.0, 9.0, 8.0, 8.0, 12.0, 8.0, 9.0, 9.0, 9.0, 9.0]
T = 0.32768000000000014	 step = 295
100.70000000000005
22.145144708806814
[49.0, 12.0, 27.0, 31.0, 41.0, 36.0, 22.0, 21.0, 19.0, 34.0, 46.0, 17.0, 9.0, 22.0, 45.0, 7.0, 7.0, 6.0, 32.0, 44.0]
[25.0, 25.0, 16.0, 25.0, 25.0, 16.0, 47.0, 25.0, 37.0, 6.0, 8.0, 15.0, 47.0, 5.0, 35.0, 5.0, 36.0, 16.0, 40.0, 47.0]
[5.0, 5.0, 5.0, 5.0, 5.0, 5.0, 5.0, 5.0, 9.0, 9.0, 9.0, 9.0, 12.0, 12.0, 8.0, 12.0, 9.0, 9.0, 9.0, 9.0]
[5.0, 5.0, 5.0, 5.0, 5.0, 5.0, 5.0, 5.0, 9.0, 9.0, 9.0, 9.0, 8.0, 8.0, 12.0, 8.0, 9.0, 9.0, 9.0, 9.0]
T = 0.32768000000000014	 step = 296
100.67000000000002
22.270144708806814
[49.0, 12.0, 27.0, 31.0, 41.0, 36.0, 22.0, 21.0, 19.0, 34.0, 46.0, 17.0, 9.0, 22.0, 45.0, 7.0, 7.0, 6.0, 32.0, 44.0]
[25.0, 25.0, 16.0, 25.0, 25.0, 16.0, 48.0, 25.0, 37.0, 6.0, 8.0, 15.0, 47.0, 5.0, 35.0, 5.0, 36.0, 16.0, 40.0, 47.0]
[5.0, 5.0, 5.0, 5.0, 5.0, 5.0, 5.0, 5.0, 9.0, 9.0, 9.0, 9.0, 12.0, 12.0, 8.0, 12.0, 9.0, 9.0, 9.0, 9.0]
[5.0, 5.0, 5.0, 5.0, 5.0, 5.0, 5.0, 5.0, 9.0, 9.0, 9.0, 9.0, 8.0, 8.0, 12.0, 8.0, 9.0, 9.0, 9.0, 9.0]
T = 0.32768000000000014	 step = 297
100.74000000000001
22.145144708806814
[49.0, 12.0, 27.0, 31.0, 41.0, 36.0, 22.0, 21.0, 19.0, 34.0, 46.0, 17.0, 9.0, 22.0, 45.0, 7.0, 7.0, 6.0, 32.0, 44.0]
[25.0, 25.0, 16.0, 25.0, 25.0, 16.0, 48.0, 25.0, 37.0, 6.0, 9.0, 15.0, 47.0, 5.0, 35.0, 5.0, 36.0, 16.0, 40.0, 47.0]
[5.0, 5.0, 5.0, 5.0, 5.0, 5.0, 5.0, 5.0, 9.0, 9.0, 9.0, 9.0, 12.0, 12.0, 8.0, 12.0, 9.0, 9.0, 9.0, 9.0]
[5.0, 5.0, 5.0, 5.0, 5.0, 5.0, 5.0, 5.0, 9.0, 9.0, 9.0, 9.0, 8.0, 8.0, 12.0, 8.0, 9.0, 9.0, 9.0, 9.0]
T = 0.32768000000000014	 step = 298
100.64000000000004
22.145144708806814
[49.0, 12.0, 27.0, 31.0, 41.0, 36.0, 22.0, 21.0, 19.0, 34.0, 46.0, 17.0, 9.0, 22.0, 45.0, 7.0, 7.0, 6.0, 32.0, 44.0]
[25.0, 25.0, 15.0, 25.0, 25.0, 16.0, 48.0, 25.0, 37.0, 6.0, 9.0, 15.0, 47.0, 5.0, 35.0, 5.0, 36.0, 16.0, 40.0, 47.0]
[5.0, 5.0, 5.0, 5.0, 5.0, 5.0, 5.0, 5.0, 9.0, 9.0, 9.0, 9.0, 12.0, 12.0, 8.0, 12.0, 9.0, 9.0, 9.0, 9.0]
[5.0, 5.0, 5.0, 5.0, 5.0, 5.0, 5.0, 5.0, 9.0, 9.0, 9.0, 9.0, 8.0, 8.0, 12.0, 8.0, 9.0, 9.0, 9.0, 9.0]
T = 0.32768000000000014	 step = 299
100.47000000000003
22.218192915482952
[49.0, 12.0, 27.0, 31.0, 41.0, 37.0, 22.0, 21.0, 19.0, 34.0, 46.0, 17.0, 9.0, 22.0, 45.0, 7.0, 7.0, 6.0, 32.0, 44.0]
[25.0, 25.0, 15.0, 25.0, 25.0, 16.0, 48.0, 25.0, 37.0, 6.0, 9.0, 15.0, 47.0, 5.0, 35.0, 5.0, 36.0, 16.0, 40.0, 47.0]
[5.0, 5.0, 5.0, 5.0, 5.0, 5.0, 5.0, 5.0, 9.0, 9.0, 9.0, 9.0, 12.0, 12.0, 8.0, 12.0, 9.0, 9.0, 9.0, 9.0]
[5.0, 5.0, 5.0, 5.0, 5.0, 5.0, 5.0, 5.0, 9.0, 9.0, 9.0, 9.0, 8.0, 8.0, 12.0, 8.0, 9.0, 9.0, 9.0, 9.0]
T = 0.32768000000000014	 step = 300
100.41000000000003
22.23684037642045
[49.0, 11.0, 27.0, 31.0, 41.0, 37.0, 22.0, 21.0, 19.0, 34.0, 46.0, 17.0, 9.0, 22.0, 45.0, 7.0, 7.0, 6.0, 32.0, 44.0]
[25.0, 25.0, 15.0, 25.0, 25.0, 16.0, 48.0, 25.0, 37.0, 6.0, 9.0, 15.0, 47.0, 5.0, 35.0, 5.0, 36.0, 16.0, 40.0, 47.0]
[5.0, 5.0, 5.0, 5.0, 5.0, 5.0, 5.0, 5.0, 9.0, 9.0, 9.0, 9.0, 12.0, 12.0, 8.0, 12.0, 9.0, 9.0, 9.0, 9.0]
[5.0, 5.0, 5.0, 5.0, 5.0, 5.0, 5.0, 5.0, 9.0, 9.0, 9.0, 9.0, 8.0, 8.0, 12.0, 8.0, 9.0, 9.0, 9.0, 9.0]
T = 0.32768000000000014	 step = 301
100.37
22.29934037642045
[49.0, 11.0, 27.0, 31.0, 41.0, 37.0, 22.0, 21.0, 19.0, 34.0, 46.0, 17.0, 9.0, 21.0, 45.0, 7.0, 7.0, 6.0, 32.0, 44.0]
[25.0, 25.0, 15.0, 25.0, 25.0, 16.0, 48.0, 25.0, 37.0, 6.0, 9.0, 15.0, 47.0, 5.0, 35.0, 5.0, 36.0, 16.0, 40.0, 47.0]
[5.0, 5.0, 5.0, 5.0, 5.0, 5.0, 5.0, 5.0, 9.0, 9.0, 9.0, 9.0, 12.0, 12.0, 8.0, 12.0, 9.0, 9.0, 9.0, 9.0]
[5.0, 5.0, 5.0, 5.0, 5.0, 5.0, 5.0, 5.0, 9.0, 9.0, 9.0, 9.0, 8.0, 8.0, 12.0, 8.0, 9.0, 9.0, 9.0, 9.0]
T = 0.32768000000000014	 step = 302
100.38
22.36184037642045
[49.0, 11.0, 27.0, 31.0, 41.0, 37.0, 22.0, 21.0, 19.0, 34.0, 46.0, 17.0, 9.0, 21.0, 45.0, 7.0, 7.0, 6.0, 31.0, 44.0]
[25.0, 25.0, 15.0, 25.0, 25.0, 16.0, 48.0, 25.0, 37.0, 6.0, 9.0, 15.0, 47.0, 5.0, 35.0, 5.0, 36.0, 16.0, 40.0, 47.0]
[5.0, 5.0, 5.0, 5.0, 5.0, 5.0, 5.0, 5.0, 9.0, 9.0, 9.0, 9.0, 12.0, 12.0, 8.0, 12.0, 9.0, 9.0, 9.0, 9.0]
[5.0, 5.0, 5.0, 5.0, 5.0, 5.0, 5.0, 5.0, 9.0, 9.0, 9.0, 9.0, 8.0, 8.0, 12.0, 8.0, 9.0, 9.0, 9.0, 9.0]
T = 0.32768000000000014	 step = 303
100.13
22.42434037642045
[49.0, 11.0, 27.0, 31.0, 41.0, 37.0, 22.0, 21.0, 19.0, 35.0, 46.0, 17.0, 9.0, 21.0, 45.0, 7.0, 7.0, 6.0, 32.0, 44.0]
[25.0, 25.0, 15.0, 25.0, 25.0, 16.0, 48.0, 25.0, 37.0, 6.0, 9.0, 15.0, 47.0, 5.0, 35.0, 5.0, 36.0, 16.0, 40.0, 47.0]
[5.0, 5.0, 5.0, 5.0, 5.0, 5.0, 5.0, 5.0, 9.0, 9.0, 9.0, 9.0, 12.0, 12.0, 8.0, 12.0, 9.0, 9.0, 9.0, 9.0]
[5.0, 5.0, 5.0, 5.0, 5.0, 5.0, 5.0, 5.0, 9.0, 9.0, 9.0, 9.0, 8.0, 8.0, 12.0, 8.0, 9.0, 9.0, 9.0, 9.0]
T = 0.32768000000000014	 step = 304
100.20000000000005
22.36212269176136
[49.0, 11.0, 27.0, 30.0, 41.0, 37.0, 22.0, 21.0, 19.0, 35.0, 46.0, 17.0, 9.0, 21.0, 45.0, 7.0, 7.0, 6.0, 32.0, 44.0]
[25.0, 25.0, 15.0, 25.0, 25.0, 16.0, 48.0, 25.0, 37.0, 6.0, 9.0, 15.0, 47.0, 5.0, 35.0, 5.0, 36.0, 16.0, 40.0, 47.0]
[5.0, 5.0, 5.0, 5.0, 5.0, 5.0, 5.0, 5.0, 9.0, 9.0, 9.0, 9.0, 12.0, 12.0, 8.0, 12.0, 9.0, 9.0, 9.0, 9.0]
[5.0, 5.0, 5.0, 5.0, 5.0, 5.0, 5.0, 5.0, 9.0, 9.0, 9.0, 9.0, 8.0, 8.0, 12.0, 8.0, 9.0, 9.0, 9.0, 9.0]
T = 0.32768000000000014	 step = 305
100.08000000000004
22.29934037642045
[49.0, 11.0, 27.0, 30.0, 41.0, 37.0, 22.0, 21.0, 19.0, 35.0, 46.0, 17.0, 9.0, 21.0, 45.0, 7.0, 7.0, 6.0, 32.0, 44.0]
[25.0, 25.0, 15.0, 25.0, 25.0, 16.0, 48.0, 26.0, 37.0, 6.0, 9.0, 15.0, 47.0, 5.0, 35.0, 5.0, 36.0, 16.0, 40.0, 47.0]
[5.0, 5.0, 5.0, 5.0, 5.0, 5.0, 5.0, 5.0, 9.0, 9.0, 9.0, 9.0, 12.0, 12.0, 8.0, 12.0, 9.0, 9.0, 9.0, 9.0]
[5.0, 5.0, 5.0, 5.0, 5.0, 5.0, 5.0, 5.0, 9.0, 9.0, 9.0, 9.0, 8.0, 8.0, 12.0, 8.0, 9.0, 9.0, 9.0, 9.0]
T = 0.32768000000000014	 step = 306
100.08000000000004
22.23684037642045
[49.0, 11.0, 27.0, 30.0, 41.0, 37.0, 22.0, 21.0, 19.0, 35.0, 46.0, 17.0, 9.0, 21.0, 45.0, 7.0, 7.0, 6.0, 32.0, 43.0]
[25.0, 25.0, 15.0, 25.0, 25.0, 16.0, 48.0, 26.0, 37.0, 6.0, 9.0, 15.0, 47.0, 5.0, 35.0, 5.0, 36.0, 16.0, 40.0, 47.0]
[5.0, 5.0, 5.0, 5.0, 5.0, 5.0, 5.0, 5.0, 9.0, 9.0, 9.0, 9.0, 12.0, 12.0, 8.0, 12.0, 9.0, 9.0, 9.0, 9.0]
[5.0, 5.0, 5.0, 5.0, 5.0, 5.0, 5.0, 5.0, 9.0, 9.0, 9.0, 9.0, 8.0, 8.0, 12.0, 8.0, 9.0, 9.0, 9.0, 9.0]
T = 0.32768000000000014	 step = 307
100.53000000000003
22.301036044034092
[49.0, 11.0, 27.0, 30.0, 37.0, 37.0, 22.0, 21.0, 19.0, 35.0, 46.0, 17.0, 9.0, 21.0, 45.0, 7.0, 7.0, 6.0, 32.0, 43.0]
[25.0, 25.0, 15.0, 25.0, 23.0, 16.0, 48.0, 26.0, 37.0, 6.0, 9.0, 15.0, 47.0, 5.0, 35.0, 5.0, 36.0, 16.0, 40.0, 47.0]
[5.0, 5.0, 5.0, 5.0, 5.0, 5.0, 5.0, 5.0, 9.0, 9.0, 9.0, 9.0, 12.0, 12.0, 8.0, 12.0, 9.0, 9.0, 9.0, 9.0]
[5.0, 5.0, 5.0, 5.0, 5.0, 5.0, 5.0, 5.0, 9.0, 9.0, 9.0, 9.0, 8.0, 8.0, 12.0, 8.0, 9.0, 9.0, 9.0, 9.0]
T = 0.32768000000000014	 step = 308
100.03000000000003
22.36184037642045
[49.0, 11.0, 27.0, 30.0, 41.0, 37.0, 22.0, 21.0, 19.0, 35.0, 46.0, 17.0, 9.0, 21.0, 45.0, 7.0, 7.0, 6.0, 32.0, 43.0]
[25.0, 25.0, 15.0, 25.0, 25.0, 16.0, 48.0, 26.0, 37.0, 6.0, 8.0, 15.0, 47.0, 5.0, 35.0, 5.0, 36.0, 16.0, 40.0, 47.0]
[5.0, 5.0, 5.0, 5.0, 5.0, 5.0, 5.0, 5.0, 9.0, 9.0, 9.0, 9.0, 12.0, 12.0, 8.0, 12.0, 9.0, 9.0, 9.0, 9.0]
[5.0, 5.0, 5.0, 5.0, 5.0, 5.0, 5.0, 5.0, 9.0, 9.0, 9.0, 9.0, 8.0, 8.0, 12.0, 8.0, 9.0, 9.0, 9.0, 9.0]
T = 0.32768000000000014	 step = 309
99.97000000000003
22.36184037642045
[49.0, 11.0, 27.0, 30.0, 41.0, 37.0, 22.0, 21.0, 18.0, 35.0, 46.0, 17.0, 9.0, 21.0, 45.0, 7.0, 7.0, 6.0, 32.0, 43.0]
[25.0, 25.0, 15.0, 25.0, 25.0, 16.0, 48.0, 26.0, 37.0, 6.0, 8.0, 15.0, 47.0, 5.0, 35.0, 5.0, 36.0, 16.0, 40.0, 47.0]
[5.0, 5.0, 5.0, 5.0, 5.0, 5.0, 5.0, 5.0, 9.0, 9.0, 9.0, 9.0, 12.0, 12.0, 8.0, 12.0, 9.0, 9.0, 9.0, 9.0]
[5.0, 5.0, 5.0, 5.0, 5.0, 5.0, 5.0, 5.0, 9.0, 9.0, 9.0, 9.0, 8.0, 8.0, 12.0, 8.0, 9.0, 9.0, 9.0, 9.0]
T = 0.32768000000000014	 step = 310
100.08000000000004
22.36184037642045
[49.0, 11.0, 27.0, 31.0, 41.0, 37.0, 22.0, 21.0, 18.0, 35.0, 46.0, 17.0, 9.0, 21.0, 45.0, 7.0, 7.0, 6.0, 32.0, 43.0]
[25.0, 25.0, 15.0, 24.0, 25.0, 16.0, 48.0, 26.0, 37.0, 6.0, 8.0, 15.0, 47.0, 5.0, 35.0, 5.0, 36.0, 16.0, 40.0, 47.0]
[5.0, 5.0, 5.0, 5.0, 5.0, 5.0, 5.0, 5.0, 9.0, 9.0, 9.0, 9.0, 12.0, 12.0, 8.0, 12.0, 9.0, 9.0, 9.0, 9.0]
[5.0, 5.0, 5.0, 5.0, 5.0, 5.0, 5.0, 5.0, 9.0, 9.0, 9.0, 9.0, 8.0, 8.0, 12.0, 8.0, 9.0, 9.0, 9.0, 9.0]
T = 0.32768000000000014	 step = 311
100.05000000000001
22.314184126420454
[49.0, 11.0, 27.0, 31.0, 41.0, 37.0, 22.0, 21.0, 18.0, 35.0, 46.0, 17.0, 9.0, 21.0, 46.0, 7.0, 7.0, 6.0, 32.0, 43.0]
[25.0, 25.0, 15.0, 24.0, 25.0, 16.0, 48.0, 26.0, 37.0, 6.0, 8.0, 15.0, 47.0, 5.0, 35.0, 5.0, 36.0, 16.0, 40.0, 47.0]
[5.0, 5.0, 5.0, 5.0, 5.0, 5.0, 5.0, 5.0, 9.0, 9.0, 9.0, 9.0, 12.0, 12.0, 8.0, 12.0, 9.0, 9.0, 9.0, 9.0]
[5.0, 5.0, 5.0, 5.0, 5.0, 5.0, 5.0, 5.0, 9.0, 9.0, 9.0, 9.0, 8.0, 8.0, 12.0, 8.0, 9.0, 9.0, 9.0, 9.0]
T = 0.32768000000000014	 step = 312
100.05000000000001
22.27063876065341
[49.0, 11.0, 27.0, 31.0, 41.0, 37.0, 21.0, 21.0, 18.0, 35.0, 46.0, 17.0, 9.0, 21.0, 46.0, 7.0, 7.0, 6.0, 32.0, 43.0]
[25.0, 25.0, 15.0, 24.0, 25.0, 16.0, 48.0, 26.0, 37.0, 6.0, 8.0, 15.0, 47.0, 5.0, 35.0, 5.0, 36.0, 16.0, 40.0, 47.0]
[5.0, 5.0, 5.0, 5.0, 5.0, 5.0, 5.0, 5.0, 9.0, 9.0, 9.0, 9.0, 12.0, 12.0, 8.0, 12.0, 9.0, 9.0, 9.0, 9.0]
[5.0, 5.0, 5.0, 5.0, 5.0, 5.0, 5.0, 5.0, 9.0, 9.0, 9.0, 9.0, 8.0, 8.0, 12.0, 8.0, 9.0, 9.0, 9.0, 9.0]
T = 0.32768000000000014	 step = 313
100.09000000000003
22.20813876065341
[49.0, 11.0, 27.0, 31.0, 41.0, 37.0, 21.0, 21.0, 18.0, 35.0, 46.0, 17.0, 9.0, 22.0, 46.0, 7.0, 7.0, 6.0, 32.0, 43.0]
[25.0, 25.0, 15.0, 24.0, 25.0, 16.0, 48.0, 26.0, 37.0, 6.0, 8.0, 15.0, 47.0, 5.0, 35.0, 5.0, 36.0, 16.0, 40.0, 47.0]
[5.0, 5.0, 5.0, 5.0, 5.0, 5.0, 5.0, 5.0, 9.0, 9.0, 9.0, 9.0, 12.0, 12.0, 8.0, 12.0, 9.0, 9.0, 9.0, 9.0]
[5.0, 5.0, 5.0, 5.0, 5.0, 5.0, 5.0, 5.0, 9.0, 9.0, 9.0, 9.0, 8.0, 8.0, 12.0, 8.0, 9.0, 9.0, 9.0, 9.0]
T = 0.32768000000000014	 step = 314
100.08000000000004
22.27063876065341
[49.0, 11.0, 27.0, 31.0, 41.0, 37.0, 21.0, 21.0, 18.0, 35.0, 46.0, 17.0, 9.0, 22.0, 46.0, 7.0, 7.0, 6.0, 32.0, 44.0]
[25.0, 25.0, 15.0, 24.0, 25.0, 16.0, 48.0, 26.0, 37.0, 6.0, 8.0, 15.0, 47.0, 5.0, 35.0, 5.0, 36.0, 16.0, 40.0, 47.0]
[5.0, 5.0, 5.0, 5.0, 5.0, 5.0, 5.0, 5.0, 9.0, 9.0, 9.0, 9.0, 12.0, 12.0, 8.0, 12.0, 9.0, 9.0, 9.0, 9.0]
[5.0, 5.0, 5.0, 5.0, 5.0, 5.0, 5.0, 5.0, 9.0, 9.0, 9.0, 9.0, 8.0, 8.0, 12.0, 8.0, 9.0, 9.0, 9.0, 9.0]
T = 0.32768000000000014	 step = 315
100.10000000000002
22.20813876065341
[49.0, 11.0, 27.0, 31.0, 41.0, 37.0, 21.0, 21.0, 18.0, 35.0, 46.0, 17.0, 9.0, 22.0, 46.0, 7.0, 7.0, 6.0, 32.0, 44.0]
[25.0, 25.0, 15.0, 24.0, 25.0, 16.0, 48.0, 26.0, 37.0, 6.0, 8.0, 15.0, 47.0, 5.0, 35.0, 5.0, 35.0, 16.0, 40.0, 47.0]
[5.0, 5.0, 5.0, 5.0, 5.0, 5.0, 5.0, 5.0, 9.0, 9.0, 9.0, 9.0, 12.0, 12.0, 8.0, 12.0, 9.0, 9.0, 9.0, 9.0]
[5.0, 5.0, 5.0, 5.0, 5.0, 5.0, 5.0, 5.0, 9.0, 9.0, 9.0, 9.0, 8.0, 8.0, 12.0, 8.0, 9.0, 9.0, 9.0, 9.0]
T = 0.32768000000000014	 step = 316
100.09000000000003
22.27063876065341
[49.0, 11.0, 27.0, 31.0, 41.0, 37.0, 21.0, 21.0, 18.0, 35.0, 46.0, 17.0, 9.0, 22.0, 46.0, 7.0, 7.0, 6.0, 32.0, 45.0]
[25.0, 25.0, 15.0, 24.0, 25.0, 16.0, 48.0, 26.0, 37.0, 6.0, 8.0, 15.0, 47.0, 5.0, 35.0, 5.0, 35.0, 16.0, 40.0, 47.0]
[5.0, 5.0, 5.0, 5.0, 5.0, 5.0, 5.0, 5.0, 9.0, 9.0, 9.0, 9.0, 12.0, 12.0, 8.0, 12.0, 9.0, 9.0, 9.0, 9.0]
[5.0, 5.0, 5.0, 5.0, 5.0, 5.0, 5.0, 5.0, 9.0, 9.0, 9.0, 9.0, 8.0, 8.0, 12.0, 8.0, 9.0, 9.0, 9.0, 9.0]
T = 0.32768000000000014	 step = 317
100.12
22.318170276988635
[49.0, 11.0, 27.0, 31.0, 41.0, 37.0, 21.0, 21.0, 18.0, 35.0, 46.0, 17.0, 9.0, 22.0, 45.0, 7.0, 7.0, 6.0, 32.0, 45.0]
[25.0, 25.0, 15.0, 24.0, 25.0, 16.0, 48.0, 26.0, 37.0, 6.0, 8.0, 15.0, 47.0, 5.0, 35.0, 5.0, 35.0, 16.0, 40.0, 47.0]
[5.0, 5.0, 5.0, 5.0, 5.0, 5.0, 5.0, 5.0, 9.0, 9.0, 9.0, 9.0, 12.0, 12.0, 8.0, 12.0, 9.0, 9.0, 9.0, 9.0]
[5.0, 5.0, 5.0, 5.0, 5.0, 5.0, 5.0, 5.0, 9.0, 9.0, 9.0, 9.0, 8.0, 8.0, 12.0, 8.0, 9.0, 9.0, 9.0, 9.0]
T = 0.32768000000000014	 step = 318
100.18
22.299522816051134
[49.0, 12.0, 27.0, 31.0, 41.0, 37.0, 21.0, 21.0, 18.0, 35.0, 46.0, 17.0, 9.0, 22.0, 45.0, 7.0, 7.0, 6.0, 32.0, 45.0]
[25.0, 25.0, 15.0, 24.0, 25.0, 16.0, 48.0, 26.0, 37.0, 6.0, 8.0, 15.0, 47.0, 5.0, 35.0, 5.0, 35.0, 16.0, 40.0, 47.0]
[5.0, 5.0, 5.0, 5.0, 5.0, 5.0, 5.0, 5.0, 9.0, 9.0, 9.0, 9.0, 12.0, 12.0, 8.0, 12.0, 9.0, 9.0, 9.0, 9.0]
[5.0, 5.0, 5.0, 5.0, 5.0, 5.0, 5.0, 5.0, 9.0, 9.0, 9.0, 9.0, 8.0, 8.0, 12.0, 8.0, 9.0, 9.0, 9.0, 9.0]
T = 0.32768000000000014	 step = 319
100.16000000000003
22.362022816051134
[49.0, 12.0, 27.0, 31.0, 41.0, 37.0, 21.0, 21.0, 18.0, 35.0, 46.0, 17.0, 9.0, 22.0, 45.0, 7.0, 6.0, 6.0, 32.0, 45.0]
[25.0, 25.0, 15.0, 24.0, 25.0, 16.0, 48.0, 26.0, 37.0, 6.0, 8.0, 15.0, 47.0, 5.0, 35.0, 5.0, 35.0, 16.0, 40.0, 47.0]
[5.0, 5.0, 5.0, 5.0, 5.0, 5.0, 5.0, 5.0, 9.0, 9.0, 9.0, 9.0, 12.0, 12.0, 8.0, 12.0, 9.0, 9.0, 9.0, 9.0]
[5.0, 5.0, 5.0, 5.0, 5.0, 5.0, 5.0, 5.0, 9.0, 9.0, 9.0, 9.0, 8.0, 8.0, 12.0, 8.0, 9.0, 9.0, 9.0, 9.0]
T = 0.2621440000000001	 step = 320
100.17000000000002
22.362022816051134
[49.0, 12.0, 27.0, 31.0, 41.0, 37.0, 21.0, 21.0, 18.0, 35.0, 46.0, 17.0, 9.0, 22.0, 45.0, 7.0, 6.0, 6.0, 32.0, 45.0]
[25.0, 25.0, 15.0, 24.0, 25.0, 16.0, 48.0, 26.0, 37.0, 6.0, 8.0, 16.0, 47.0, 5.0, 35.0, 5.0, 35.0, 16.0, 40.0, 47.0]
[5.0, 5.0, 5.0, 5.0, 5.0, 5.0, 5.0, 5.0, 9.0, 9.0, 9.0, 9.0, 12.0, 12.0, 8.0, 12.0, 9.0, 9.0, 9.0, 9.0]
[5.0, 5.0, 5.0, 5.0, 5.0, 5.0, 5.0, 5.0, 9.0, 9.0, 9.0, 9.0, 8.0, 8.0, 12.0, 8.0, 9.0, 9.0, 9.0, 9.0]
T = 0.2621440000000001	 step = 321
100.41000000000003
22.237022816051134
[49.0, 12.0, 27.0, 31.0, 41.0, 37.0, 21.0, 21.0, 18.0, 34.0, 46.0, 17.0, 9.0, 22.0, 45.0, 7.0, 6.0, 6.0, 32.0, 45.0]
[25.0, 25.0, 15.0, 24.0, 25.0, 16.0, 48.0, 26.0, 37.0, 6.0, 8.0, 16.0, 47.0, 5.0, 35.0, 5.0, 35.0, 16.0, 40.0, 47.0]
[5.0, 5.0, 5.0, 5.0, 5.0, 5.0, 5.0, 5.0, 9.0, 9.0, 9.0, 9.0, 12.0, 12.0, 8.0, 12.0, 9.0, 9.0, 9.0, 9.0]
[5.0, 5.0, 5.0, 5.0, 5.0, 5.0, 5.0, 5.0, 9.0, 9.0, 9.0, 9.0, 8.0, 8.0, 12.0, 8.0, 9.0, 9.0, 9.0, 9.0]
T = 0.2621440000000001	 step = 322
100.43
22.299522816051134
[49.0, 12.0, 26.0, 31.0, 41.0, 37.0, 21.0, 21.0, 18.0, 34.0, 46.0, 17.0, 9.0, 22.0, 45.0, 7.0, 6.0, 6.0, 32.0, 45.0]
[25.0, 25.0, 15.0, 24.0, 25.0, 16.0, 48.0, 26.0, 37.0, 6.0, 8.0, 16.0, 47.0, 5.0, 35.0, 5.0, 35.0, 16.0, 40.0, 47.0]
[5.0, 5.0, 5.0, 5.0, 5.0, 5.0, 5.0, 5.0, 9.0, 9.0, 9.0, 9.0, 12.0, 12.0, 8.0, 12.0, 9.0, 9.0, 9.0, 9.0]
[5.0, 5.0, 5.0, 5.0, 5.0, 5.0, 5.0, 5.0, 9.0, 9.0, 9.0, 9.0, 8.0, 8.0, 12.0, 8.0, 9.0, 9.0, 9.0, 9.0]
T = 0.2621440000000001	 step = 323
100.48000000000002
22.174272460937498
[49.0, 12.0, 26.0, 31.0, 41.0, 37.0, 21.0, 21.0, 18.0, 34.0, 46.0, 17.0, 9.0, 22.0, 45.0, 7.0, 6.0, 6.0, 32.0, 45.0]
[25.0, 25.0, 15.0, 24.0, 25.0, 16.0, 48.0, 26.0, 37.0, 6.0, 9.0, 16.0, 47.0, 5.0, 35.0, 5.0, 35.0, 16.0, 40.0, 47.0]
[5.0, 5.0, 5.0, 5.0, 5.0, 5.0, 5.0, 5.0, 9.0, 9.0, 9.0, 9.0, 12.0, 12.0, 8.0, 12.0, 9.0, 9.0, 9.0, 9.0]
[5.0, 5.0, 5.0, 5.0, 5.0, 5.0, 5.0, 5.0, 9.0, 9.0, 9.0, 9.0, 8.0, 8.0, 12.0, 8.0, 9.0, 9.0, 9.0, 9.0]
T = 0.2621440000000001	 step = 324
100.42000000000002
22.174272460937498
[49.0, 12.0, 26.0, 31.0, 41.0, 37.0, 21.0, 21.0, 17.0, 34.0, 46.0, 17.0, 9.0, 22.0, 45.0, 7.0, 6.0, 6.0, 32.0, 45.0]
[25.0, 25.0, 15.0, 24.0, 25.0, 16.0, 48.0, 26.0, 37.0, 6.0, 9.0, 16.0, 47.0, 5.0, 35.0, 5.0, 35.0, 16.0, 40.0, 47.0]
[5.0, 5.0, 5.0, 5.0, 5.0, 5.0, 5.0, 5.0, 9.0, 9.0, 9.0, 9.0, 12.0, 12.0, 8.0, 12.0, 9.0, 9.0, 9.0, 9.0]
[5.0, 5.0, 5.0, 5.0, 5.0, 5.0, 5.0, 5.0, 9.0, 9.0, 9.0, 9.0, 8.0, 8.0, 12.0, 8.0, 9.0, 9.0, 9.0, 9.0]
T = 0.2621440000000001	 step = 325
100.42000000000002
22.236772460937498
[49.0, 12.0, 26.0, 31.0, 41.0, 37.0, 21.0, 21.0, 17.0, 34.0, 46.0, 17.0, 9.0, 22.0, 45.0, 7.0, 6.0, 6.0, 32.0, 46.0]
[25.0, 25.0, 15.0, 24.0, 25.0, 16.0, 48.0, 26.0, 37.0, 6.0, 9.0, 16.0, 47.0, 5.0, 35.0, 5.0, 35.0, 16.0, 40.0, 47.0]
[5.0, 5.0, 5.0, 5.0, 5.0, 5.0, 5.0, 5.0, 9.0, 9.0, 9.0, 9.0, 12.0, 12.0, 8.0, 12.0, 9.0, 9.0, 9.0, 9.0]
[5.0, 5.0, 5.0, 5.0, 5.0, 5.0, 5.0, 5.0, 9.0, 9.0, 9.0, 9.0, 8.0, 8.0, 12.0, 8.0, 9.0, 9.0, 9.0, 9.0]
T = 0.2621440000000001	 step = 326
100.54000000000002
22.174272460937495
[49.0, 12.0, 26.0, 31.0, 41.0, 37.0, 21.0, 21.0, 17.0, 34.0, 46.0, 17.0, 9.0, 22.0, 45.0, 7.0, 6.0, 6.0, 32.0, 46.0]
[25.0, 25.0, 15.0, 23.0, 25.0, 16.0, 48.0, 26.0, 37.0, 6.0, 9.0, 16.0, 47.0, 5.0, 35.0, 5.0, 35.0, 16.0, 40.0, 47.0]
[5.0, 5.0, 5.0, 5.0, 5.0, 5.0, 5.0, 5.0, 9.0, 9.0, 9.0, 9.0, 12.0, 12.0, 8.0, 12.0, 9.0, 9.0, 9.0, 9.0]
[5.0, 5.0, 5.0, 5.0, 5.0, 5.0, 5.0, 5.0, 9.0, 9.0, 9.0, 9.0, 8.0, 8.0, 12.0, 8.0, 9.0, 9.0, 9.0, 9.0]
T = 0.2621440000000001	 step = 327
100.61000000000001
22.193448597301135
[49.0, 12.0, 26.0, 31.0, 40.0, 37.0, 21.0, 21.0, 17.0, 34.0, 46.0, 17.0, 9.0, 22.0, 45.0, 7.0, 6.0, 6.0, 32.0, 46.0]
[25.0, 25.0, 15.0, 23.0, 25.0, 16.0, 48.0, 26.0, 37.0, 6.0, 9.0, 16.0, 47.0, 5.0, 35.0, 5.0, 35.0, 16.0, 40.0, 47.0]
[5.0, 5.0, 5.0, 5.0, 5.0, 5.0, 5.0, 5.0, 9.0, 9.0, 9.0, 9.0, 12.0, 12.0, 8.0, 12.0, 9.0, 9.0, 9.0, 9.0]
[5.0, 5.0, 5.0, 5.0, 5.0, 5.0, 5.0, 5.0, 9.0, 9.0, 9.0, 9.0, 8.0, 8.0, 12.0, 8.0, 9.0, 9.0, 9.0, 9.0]
T = 0.2621440000000001	 step = 328
100.56
22.19352139559659
[49.0, 12.0, 26.0, 31.0, 40.0, 37.0, 21.0, 21.0, 17.0, 34.0, 46.0, 17.0, 9.0, 22.0, 45.0, 7.0, 6.0, 6.0, 32.0, 46.0]
[25.0, 26.0, 15.0, 23.0, 25.0, 16.0, 48.0, 26.0, 37.0, 6.0, 9.0, 16.0, 47.0, 5.0, 35.0, 5.0, 35.0, 16.0, 40.0, 47.0]
[5.0, 5.0, 5.0, 5.0, 5.0, 5.0, 5.0, 5.0, 9.0, 9.0, 9.0, 9.0, 12.0, 12.0, 8.0, 12.0, 9.0, 9.0, 9.0, 9.0]
[5.0, 5.0, 5.0, 5.0, 5.0, 5.0, 5.0, 5.0, 9.0, 9.0, 9.0, 9.0, 8.0, 8.0, 12.0, 8.0, 9.0, 9.0, 9.0, 9.0]
T = 0.2621440000000001	 step = 329
100.58000000000004
22.255948597301135
[49.0, 12.0, 26.0, 31.0, 40.0, 37.0, 21.0, 21.0, 17.0, 34.0, 46.0, 17.0, 9.0, 22.0, 44.0, 7.0, 6.0, 6.0, 32.0, 46.0]
[25.0, 26.0, 15.0, 23.0, 25.0, 16.0, 48.0, 26.0, 37.0, 6.0, 9.0, 16.0, 47.0, 5.0, 35.0, 5.0, 35.0, 16.0, 40.0, 47.0]
[5.0, 5.0, 5.0, 5.0, 5.0, 5.0, 5.0, 5.0, 9.0, 9.0, 9.0, 9.0, 12.0, 12.0, 8.0, 12.0, 9.0, 9.0, 9.0, 9.0]
[5.0, 5.0, 5.0, 5.0, 5.0, 5.0, 5.0, 5.0, 9.0, 9.0, 9.0, 9.0, 8.0, 8.0, 12.0, 8.0, 9.0, 9.0, 9.0, 9.0]
T = 0.2621440000000001	 step = 330
100.15000000000003
21.49251642400568
[49.0, 12.0, 26.0, 31.0, 40.0, 37.0, 21.0, 27.0, 17.0, 34.0, 46.0, 17.0, 9.0, 22.0, 44.0, 7.0, 6.0, 6.0, 32.0, 46.0]
[25.0, 26.0, 15.0, 23.0, 25.0, 16.0, 48.0, 31.0, 37.0, 6.0, 9.0, 16.0, 47.0, 5.0, 35.0, 5.0, 35.0, 16.0, 40.0, 47.0]
[5.0, 5.0, 5.0, 5.0, 5.0, 5.0, 5.0, 5.0, 9.0, 9.0, 9.0, 9.0, 12.0, 12.0, 8.0, 12.0, 9.0, 9.0, 9.0, 9.0]
[5.0, 5.0, 5.0, 5.0, 5.0, 5.0, 5.0, 5.0, 9.0, 9.0, 9.0, 9.0, 8.0, 8.0, 12.0, 8.0, 9.0, 9.0, 9.0, 9.0]
T = 0.2621440000000001	 step = 331
100.17000000000002
21.36751642400568
[49.0, 12.0, 26.0, 31.0, 40.0, 37.0, 21.0, 27.0, 17.0, 34.0, 46.0, 17.0, 9.0, 22.0, 44.0, 7.0, 6.0, 6.0, 32.0, 46.0]
[25.0, 26.0, 15.0, 23.0, 25.0, 16.0, 47.0, 31.0, 37.0, 6.0, 9.0, 16.0, 47.0, 5.0, 35.0, 5.0, 35.0, 16.0, 40.0, 47.0]
[5.0, 5.0, 5.0, 5.0, 5.0, 5.0, 5.0, 5.0, 9.0, 9.0, 9.0, 9.0, 12.0, 12.0, 8.0, 12.0, 9.0, 9.0, 9.0, 9.0]
[5.0, 5.0, 5.0, 5.0, 5.0, 5.0, 5.0, 5.0, 9.0, 9.0, 9.0, 9.0, 8.0, 8.0, 12.0, 8.0, 9.0, 9.0, 9.0, 9.0]
T = 0.2621440000000001	 step = 332
100.16000000000003
21.43001642400568
[49.0, 12.0, 26.0, 31.0, 40.0, 37.0, 21.0, 27.0, 17.0, 34.0, 46.0, 17.0, 9.0, 22.0, 44.0, 7.0, 6.0, 6.0, 32.0, 46.0]
[25.0, 26.0, 15.0, 23.0, 25.0, 16.0, 47.0, 31.0, 37.0, 6.0, 9.0, 16.0, 47.0, 5.0, 35.0, 5.0, 36.0, 16.0, 40.0, 47.0]
[5.0, 5.0, 5.0, 5.0, 5.0, 5.0, 5.0, 5.0, 9.0, 9.0, 9.0, 9.0, 12.0, 12.0, 8.0, 12.0, 9.0, 9.0, 9.0, 9.0]
[5.0, 5.0, 5.0, 5.0, 5.0, 5.0, 5.0, 5.0, 9.0, 9.0, 9.0, 9.0, 8.0, 8.0, 12.0, 8.0, 9.0, 9.0, 9.0, 9.0]
T = 0.2621440000000001	 step = 333
101.42000000000002
19.200458540482952
[49.0, 12.0, 26.0, 31.0, 40.0, 37.0, 19.0, 27.0, 17.0, 34.0, 46.0, 17.0, 9.0, 22.0, 44.0, 7.0, 6.0, 6.0, 32.0, 46.0]
[25.0, 26.0, 15.0, 23.0, 25.0, 16.0, 26.0, 31.0, 37.0, 6.0, 9.0, 16.0, 47.0, 5.0, 35.0, 5.0, 36.0, 16.0, 40.0, 47.0]
[5.0, 5.0, 5.0, 5.0, 5.0, 5.0, 5.0, 5.0, 9.0, 9.0, 9.0, 9.0, 12.0, 12.0, 8.0, 12.0, 9.0, 9.0, 9.0, 9.0]
[5.0, 5.0, 5.0, 5.0, 5.0, 5.0, 5.0, 5.0, 9.0, 9.0, 9.0, 9.0, 8.0, 8.0, 12.0, 8.0, 9.0, 9.0, 9.0, 9.0]
T = 0.2621440000000001	 step = 334
101.62
19.200458540482952
[49.0, 12.0, 26.0, 31.0, 40.0, 37.0, 19.0, 27.0, 17.0, 34.0, 46.0, 17.0, 9.0, 22.0, 44.0, 7.0, 6.0, 6.0, 32.0, 46.0]
[25.0, 26.0, 16.0, 23.0, 25.0, 16.0, 26.0, 31.0, 37.0, 6.0, 9.0, 16.0, 47.0, 5.0, 35.0, 5.0, 36.0, 16.0, 40.0, 47.0]
[5.0, 5.0, 5.0, 5.0, 5.0, 5.0, 5.0, 5.0, 9.0, 9.0, 9.0, 9.0, 12.0, 12.0, 8.0, 12.0, 9.0, 9.0, 9.0, 9.0]
[5.0, 5.0, 5.0, 5.0, 5.0, 5.0, 5.0, 5.0, 9.0, 9.0, 9.0, 9.0, 8.0, 8.0, 12.0, 8.0, 9.0, 9.0, 9.0, 9.0]
T = 0.2621440000000001	 step = 335
101.57000000000005
19.090302290482953
[49.0, 12.0, 26.0, 31.0, 40.0, 37.0, 19.0, 27.0, 17.0, 34.0, 46.0, 17.0, 9.0, 22.0, 46.0, 7.0, 6.0, 6.0, 32.0, 46.0]
[25.0, 26.0, 16.0, 23.0, 25.0, 16.0, 26.0, 31.0, 37.0, 6.0, 9.0, 16.0, 47.0, 5.0, 35.0, 5.0, 36.0, 16.0, 40.0, 47.0]
[5.0, 5.0, 5.0, 5.0, 5.0, 5.0, 5.0, 5.0, 9.0, 9.0, 9.0, 9.0, 12.0, 12.0, 8.0, 12.0, 9.0, 9.0, 9.0, 9.0]
[5.0, 5.0, 5.0, 5.0, 5.0, 5.0, 5.0, 5.0, 9.0, 9.0, 9.0, 9.0, 8.0, 8.0, 12.0, 8.0, 9.0, 9.0, 9.0, 9.0]
T = 0.2621440000000001	 step = 336
99.55000000000001
22.09030229048295
[49.0, 12.0, 21.0, 31.0, 40.0, 37.0, 19.0, 27.0, 17.0, 34.0, 46.0, 17.0, 9.0, 22.0, 46.0, 7.0, 6.0, 6.0, 32.0, 46.0]
[25.0, 26.0, 46.0, 23.0, 25.0, 16.0, 26.0, 31.0, 37.0, 6.0, 9.0, 16.0, 47.0, 5.0, 35.0, 5.0, 36.0, 16.0, 40.0, 47.0]
[5.0, 5.0, 5.0, 5.0, 5.0, 5.0, 5.0, 5.0, 9.0, 9.0, 9.0, 9.0, 12.0, 12.0, 8.0, 12.0, 9.0, 9.0, 9.0, 9.0]
[5.0, 5.0, 5.0, 5.0, 5.0, 5.0, 5.0, 5.0, 9.0, 9.0, 9.0, 9.0, 8.0, 8.0, 12.0, 8.0, 9.0, 9.0, 9.0, 9.0]
T = 0.2621440000000001	 step = 337
99.60000000000002
22.017254083806815
[49.0, 12.0, 21.0, 31.0, 40.0, 36.0, 19.0, 27.0, 17.0, 34.0, 46.0, 17.0, 9.0, 22.0, 46.0, 7.0, 6.0, 6.0, 32.0, 46.0]
[25.0, 26.0, 46.0, 23.0, 25.0, 16.0, 26.0, 31.0, 37.0, 6.0, 9.0, 16.0, 47.0, 5.0, 35.0, 5.0, 36.0, 16.0, 40.0, 47.0]
[5.0, 5.0, 5.0, 5.0, 5.0, 5.0, 5.0, 5.0, 9.0, 9.0, 9.0, 9.0, 12.0, 12.0, 8.0, 12.0, 9.0, 9.0, 9.0, 9.0]
[5.0, 5.0, 5.0, 5.0, 5.0, 5.0, 5.0, 5.0, 9.0, 9.0, 9.0, 9.0, 8.0, 8.0, 12.0, 8.0, 9.0, 9.0, 9.0, 9.0]
T = 0.2621440000000001	 step = 338
99.63
22.071126154119312
[49.0, 12.0, 21.0, 31.0, 40.0, 36.0, 19.0, 27.0, 17.0, 34.0, 46.0, 17.0, 9.0, 22.0, 46.0, 7.0, 6.0, 6.0, 31.0, 46.0]
[25.0, 26.0, 46.0, 23.0, 25.0, 16.0, 26.0, 31.0, 37.0, 6.0, 9.0, 16.0, 47.0, 5.0, 35.0, 5.0, 36.0, 16.0, 40.0, 47.0]
[5.0, 5.0, 5.0, 5.0, 5.0, 5.0, 5.0, 5.0, 9.0, 9.0, 9.0, 9.0, 12.0, 12.0, 8.0, 12.0, 9.0, 9.0, 9.0, 9.0]
[5.0, 5.0, 5.0, 5.0, 5.0, 5.0, 5.0, 5.0, 9.0, 9.0, 9.0, 9.0, 8.0, 8.0, 12.0, 8.0, 9.0, 9.0, 9.0, 9.0]
T = 0.2621440000000001	 step = 339
99.67000000000002
21.946126154119316
[48.0, 12.0, 21.0, 31.0, 40.0, 36.0, 19.0, 27.0, 17.0, 34.0, 46.0, 17.0, 9.0, 22.0, 46.0, 7.0, 6.0, 6.0, 31.0, 46.0]
[25.0, 26.0, 46.0, 23.0, 25.0, 16.0, 26.0, 31.0, 37.0, 6.0, 9.0, 16.0, 47.0, 5.0, 35.0, 5.0, 36.0, 16.0, 40.0, 47.0]
[5.0, 5.0, 5.0, 5.0, 5.0, 5.0, 5.0, 5.0, 9.0, 9.0, 9.0, 9.0, 12.0, 12.0, 8.0, 12.0, 9.0, 9.0, 9.0, 9.0]
[5.0, 5.0, 5.0, 5.0, 5.0, 5.0, 5.0, 5.0, 9.0, 9.0, 9.0, 9.0, 8.0, 8.0, 12.0, 8.0, 9.0, 9.0, 9.0, 9.0]
T = 0.2621440000000001	 step = 340
98.57000000000005
23.876616210937495
[48.0, 12.0, 21.0, 35.0, 40.0, 36.0, 19.0, 27.0, 17.0, 34.0, 46.0, 17.0, 9.0, 22.0, 46.0, 7.0, 6.0, 6.0, 31.0, 46.0]
[25.0, 26.0, 46.0, 49.0, 25.0, 16.0, 26.0, 31.0, 37.0, 6.0, 9.0, 16.0, 47.0, 5.0, 35.0, 5.0, 36.0, 16.0, 40.0, 47.0]
[5.0, 5.0, 5.0, 5.0, 5.0, 5.0, 5.0, 5.0, 9.0, 9.0, 9.0, 9.0, 12.0, 12.0, 8.0, 12.0, 9.0, 9.0, 9.0, 9.0]
[5.0, 5.0, 5.0, 5.0, 5.0, 5.0, 5.0, 5.0, 9.0, 9.0, 9.0, 9.0, 8.0, 8.0, 12.0, 8.0, 9.0, 9.0, 9.0, 9.0]
T = 0.2621440000000001	 step = 341
98.53000000000003
23.939116210937495
[48.0, 12.0, 21.0, 35.0, 40.0, 36.0, 19.0, 27.0, 17.0, 34.0, 46.0, 17.0, 9.0, 22.0, 46.0, 7.0, 6.0, 6.0, 31.0, 46.0]
[25.0, 26.0, 46.0, 49.0, 25.0, 16.0, 26.0, 31.0, 37.0, 6.0, 9.0, 16.0, 47.0, 5.0, 35.0, 5.0, 36.0, 15.0, 40.0, 47.0]
[5.0, 5.0, 5.0, 5.0, 5.0, 5.0, 5.0, 5.0, 9.0, 9.0, 9.0, 9.0, 12.0, 12.0, 8.0, 12.0, 9.0, 9.0, 9.0, 9.0]
[5.0, 5.0, 5.0, 5.0, 5.0, 5.0, 5.0, 5.0, 9.0, 9.0, 9.0, 9.0, 8.0, 8.0, 12.0, 8.0, 9.0, 9.0, 9.0, 9.0]
T = 0.2621440000000001	 step = 342
98.55000000000001
23.876616210937495
[48.0, 12.0, 21.0, 35.0, 40.0, 36.0, 19.0, 27.0, 17.0, 34.0, 46.0, 17.0, 10.0, 22.0, 46.0, 7.0, 6.0, 6.0, 31.0, 46.0]
[25.0, 26.0, 46.0, 49.0, 25.0, 16.0, 26.0, 31.0, 37.0, 6.0, 9.0, 16.0, 47.0, 5.0, 35.0, 5.0, 36.0, 15.0, 40.0, 47.0]
[5.0, 5.0, 5.0, 5.0, 5.0, 5.0, 5.0, 5.0, 9.0, 9.0, 9.0, 9.0, 12.0, 12.0, 8.0, 12.0, 9.0, 9.0, 9.0, 9.0]
[5.0, 5.0, 5.0, 5.0, 5.0, 5.0, 5.0, 5.0, 9.0, 9.0, 9.0, 9.0, 8.0, 8.0, 12.0, 8.0, 9.0, 9.0, 9.0, 9.0]
T = 0.2621440000000001	 step = 343
98.58000000000004
23.924272460937495
[48.0, 12.0, 21.0, 35.0, 40.0, 36.0, 19.0, 27.0, 17.0, 34.0, 46.0, 17.0, 10.0, 22.0, 45.0, 7.0, 6.0, 6.0, 31.0, 46.0]
[25.0, 26.0, 46.0, 49.0, 25.0, 16.0, 26.0, 31.0, 37.0, 6.0, 9.0, 16.0, 47.0, 5.0, 35.0, 5.0, 36.0, 15.0, 40.0, 47.0]
[5.0, 5.0, 5.0, 5.0, 5.0, 5.0, 5.0, 5.0, 9.0, 9.0, 9.0, 9.0, 12.0, 12.0, 8.0, 12.0, 9.0, 9.0, 9.0, 9.0]
[5.0, 5.0, 5.0, 5.0, 5.0, 5.0, 5.0, 5.0, 9.0, 9.0, 9.0, 9.0, 8.0, 8.0, 12.0, 8.0, 9.0, 9.0, 9.0, 9.0]
T = 0.2621440000000001	 step = 344
99.35000000000002
24.699982688210227
[48.0, 27.0, 21.0, 35.0, 40.0, 36.0, 19.0, 27.0, 17.0, 34.0, 46.0, 17.0, 10.0, 22.0, 45.0, 7.0, 6.0, 6.0, 31.0, 46.0]
[25.0, 22.0, 46.0, 49.0, 25.0, 16.0, 26.0, 31.0, 37.0, 6.0, 9.0, 16.0, 47.0, 5.0, 35.0, 5.0, 36.0, 15.0, 40.0, 47.0]
[5.0, 5.0, 5.0, 5.0, 5.0, 5.0, 5.0, 5.0, 9.0, 9.0, 9.0, 9.0, 12.0, 12.0, 8.0, 12.0, 9.0, 9.0, 9.0, 9.0]
[5.0, 5.0, 5.0, 5.0, 5.0, 5.0, 5.0, 5.0, 9.0, 9.0, 9.0, 9.0, 8.0, 8.0, 12.0, 8.0, 9.0, 9.0, 9.0, 9.0]
T = 0.2621440000000001	 step = 345
98.61000000000001
23.861772460937495
[48.0, 12.0, 21.0, 35.0, 40.0, 36.0, 19.0, 27.0, 17.0, 34.0, 46.0, 17.0, 10.0, 22.0, 45.0, 7.0, 6.0, 6.0, 31.0, 46.0]
[25.0, 26.0, 46.0, 49.0, 25.0, 16.0, 26.0, 31.0, 37.0, 6.0, 9.0, 16.0, 47.0, 5.0, 35.0, 5.0, 36.0, 16.0, 40.0, 47.0]
[5.0, 5.0, 5.0, 5.0, 5.0, 5.0, 5.0, 5.0, 9.0, 9.0, 9.0, 9.0, 12.0, 12.0, 8.0, 12.0, 9.0, 9.0, 9.0, 9.0]
[5.0, 5.0, 5.0, 5.0, 5.0, 5.0, 5.0, 5.0, 9.0, 9.0, 9.0, 9.0, 8.0, 8.0, 12.0, 8.0, 9.0, 9.0, 9.0, 9.0]
T = 0.2621440000000001	 step = 346
98.62
23.799272460937495
[48.0, 12.0, 21.0, 35.0, 40.0, 36.0, 19.0, 27.0, 17.0, 34.0, 46.0, 17.0, 10.0, 22.0, 45.0, 7.0, 6.0, 6.0, 31.0, 46.0]
[25.0, 26.0, 46.0, 49.0, 24.0, 16.0, 26.0, 31.0, 37.0, 6.0, 9.0, 16.0, 47.0, 5.0, 35.0, 5.0, 36.0, 16.0, 40.0, 47.0]
[5.0, 5.0, 5.0, 5.0, 5.0, 5.0, 5.0, 5.0, 9.0, 9.0, 9.0, 9.0, 12.0, 12.0, 8.0, 12.0, 9.0, 9.0, 9.0, 9.0]
[5.0, 5.0, 5.0, 5.0, 5.0, 5.0, 5.0, 5.0, 9.0, 9.0, 9.0, 9.0, 8.0, 8.0, 12.0, 8.0, 9.0, 9.0, 9.0, 9.0]
T = 0.2621440000000001	 step = 347
98.38
23.799272460937495
[48.0, 11.0, 21.0, 35.0, 40.0, 36.0, 19.0, 27.0, 17.0, 34.0, 46.0, 17.0, 10.0, 22.0, 45.0, 7.0, 6.0, 6.0, 31.0, 46.0]
[25.0, 26.0, 46.0, 49.0, 24.0, 16.0, 26.0, 31.0, 37.0, 6.0, 9.0, 16.0, 47.0, 5.0, 35.0, 5.0, 36.0, 16.0, 40.0, 47.0]
[5.0, 5.0, 5.0, 5.0, 5.0, 5.0, 5.0, 5.0, 9.0, 9.0, 9.0, 9.0, 12.0, 12.0, 8.0, 12.0, 9.0, 9.0, 9.0, 9.0]
[5.0, 5.0, 5.0, 5.0, 5.0, 5.0, 5.0, 5.0, 9.0, 9.0, 9.0, 9.0, 8.0, 8.0, 12.0, 8.0, 9.0, 9.0, 9.0, 9.0]
T = 0.2621440000000001	 step = 348
99.98000000000002
22.174272460937498
[48.0, 11.0, 27.0, 35.0, 40.0, 36.0, 19.0, 27.0, 17.0, 34.0, 46.0, 17.0, 10.0, 22.0, 45.0, 7.0, 6.0, 6.0, 31.0, 46.0]
[25.0, 26.0, 21.0, 49.0, 24.0, 16.0, 26.0, 31.0, 37.0, 6.0, 9.0, 16.0, 47.0, 5.0, 35.0, 5.0, 36.0, 16.0, 40.0, 47.0]
[5.0, 5.0, 5.0, 5.0, 5.0, 5.0, 5.0, 5.0, 9.0, 9.0, 9.0, 9.0, 12.0, 12.0, 8.0, 12.0, 9.0, 9.0, 9.0, 9.0]
[5.0, 5.0, 5.0, 5.0, 5.0, 5.0, 5.0, 5.0, 9.0, 9.0, 9.0, 9.0, 8.0, 8.0, 12.0, 8.0, 9.0, 9.0, 9.0, 9.0]
T = 0.2621440000000001	 step = 349
98.36000000000001
23.8617724609375
[48.0, 11.0, 21.0, 36.0, 40.0, 36.0, 19.0, 27.0, 17.0, 34.0, 46.0, 17.0, 10.0, 22.0, 45.0, 7.0, 6.0, 6.0, 31.0, 46.0]
[25.0, 26.0, 46.0, 49.0, 24.0, 16.0, 26.0, 31.0, 37.0, 6.0, 9.0, 16.0, 47.0, 5.0, 35.0, 5.0, 36.0, 16.0, 40.0, 47.0]
[5.0, 5.0, 5.0, 5.0, 5.0, 5.0, 5.0, 5.0, 9.0, 9.0, 9.0, 9.0, 12.0, 12.0, 8.0, 12.0, 9.0, 9.0, 9.0, 9.0]
[5.0, 5.0, 5.0, 5.0, 5.0, 5.0, 5.0, 5.0, 9.0, 9.0, 9.0, 9.0, 8.0, 8.0, 12.0, 8.0, 9.0, 9.0, 9.0, 9.0]
T = 0.2621440000000001	 step = 350
98.41000000000003
23.894355468750003
[48.0, 11.0, 21.0, 36.0, 40.0, 36.0, 19.0, 27.0, 17.0, 34.0, 46.0, 17.0, 10.0, 22.0, 45.0, 7.0, 6.0, 6.0, 31.0, 46.0]
[25.0, 26.0, 46.0, 49.0, 24.0, 16.0, 26.0, 31.0, 37.0, 6.0, 9.0, 16.0, 47.0, 6.0, 35.0, 5.0, 36.0, 16.0, 40.0, 47.0]
[5.0, 5.0, 5.0, 5.0, 5.0, 5.0, 5.0, 5.0, 9.0, 9.0, 9.0, 9.0, 12.0, 12.0, 8.0, 12.0, 9.0, 9.0, 9.0, 9.0]
[5.0, 5.0, 5.0, 5.0, 5.0, 5.0, 5.0, 5.0, 9.0, 9.0, 9.0, 9.0, 8.0, 8.0, 12.0, 8.0, 9.0, 9.0, 9.0, 9.0]
T = 0.2621440000000001	 step = 351
98.44
23.894355468750003
[48.0, 11.0, 21.0, 36.0, 40.0, 36.0, 19.0, 27.0, 18.0, 34.0, 46.0, 17.0, 10.0, 22.0, 45.0, 7.0, 6.0, 6.0, 31.0, 46.0]
[25.0, 26.0, 46.0, 49.0, 24.0, 16.0, 26.0, 31.0, 37.0, 6.0, 9.0, 16.0, 47.0, 6.0, 35.0, 5.0, 36.0, 16.0, 40.0, 47.0]
[5.0, 5.0, 5.0, 5.0, 5.0, 5.0, 5.0, 5.0, 9.0, 9.0, 9.0, 9.0, 12.0, 12.0, 8.0, 12.0, 9.0, 9.0, 9.0, 9.0]
[5.0, 5.0, 5.0, 5.0, 5.0, 5.0, 5.0, 5.0, 9.0, 9.0, 9.0, 9.0, 8.0, 8.0, 12.0, 8.0, 9.0, 9.0, 9.0, 9.0]
T = 0.2621440000000001	 step = 352
98.41000000000003
24.019355468750003
[48.0, 11.0, 21.0, 36.0, 40.0, 36.0, 19.0, 27.0, 18.0, 34.0, 46.0, 17.0, 10.0, 22.0, 45.0, 7.0, 6.0, 6.0, 31.0, 46.0]
[25.0, 26.0, 46.0, 49.0, 24.0, 15.0, 26.0, 31.0, 37.0, 6.0, 9.0, 16.0, 47.0, 6.0, 35.0, 5.0, 36.0, 16.0, 40.0, 47.0]
[5.0, 5.0, 5.0, 5.0, 5.0, 5.0, 5.0, 5.0, 9.0, 9.0, 9.0, 9.0, 12.0, 12.0, 8.0, 12.0, 9.0, 9.0, 9.0, 9.0]
[5.0, 5.0, 5.0, 5.0, 5.0, 5.0, 5.0, 5.0, 9.0, 9.0, 9.0, 9.0, 8.0, 8.0, 12.0, 8.0, 9.0, 9.0, 9.0, 9.0]
T = 0.2621440000000001	 step = 353
98.44
24.081855468749996
[48.0, 11.0, 21.0, 36.0, 40.0, 36.0, 19.0, 27.0, 18.0, 34.0, 46.0, 17.0, 10.0, 22.0, 44.0, 7.0, 6.0, 6.0, 31.0, 46.0]
[25.0, 26.0, 46.0, 49.0, 24.0, 15.0, 26.0, 31.0, 37.0, 6.0, 9.0, 16.0, 47.0, 6.0, 35.0, 5.0, 36.0, 16.0, 40.0, 47.0]
[5.0, 5.0, 5.0, 5.0, 5.0, 5.0, 5.0, 5.0, 9.0, 9.0, 9.0, 9.0, 12.0, 12.0, 8.0, 12.0, 9.0, 9.0, 9.0, 9.0]
[5.0, 5.0, 5.0, 5.0, 5.0, 5.0, 5.0, 5.0, 9.0, 9.0, 9.0, 9.0, 8.0, 8.0, 12.0, 8.0, 9.0, 9.0, 9.0, 9.0]
T = 0.2621440000000001	 step = 354
98.43
24.144355468749996
[48.0, 11.0, 21.0, 36.0, 40.0, 36.0, 19.0, 27.0, 18.0, 34.0, 46.0, 17.0, 9.0, 22.0, 44.0, 7.0, 6.0, 6.0, 31.0, 46.0]
[25.0, 26.0, 46.0, 49.0, 24.0, 15.0, 26.0, 31.0, 37.0, 6.0, 9.0, 16.0, 47.0, 6.0, 35.0, 5.0, 36.0, 16.0, 40.0, 47.0]
[5.0, 5.0, 5.0, 5.0, 5.0, 5.0, 5.0, 5.0, 9.0, 9.0, 9.0, 9.0, 12.0, 12.0, 8.0, 12.0, 9.0, 9.0, 9.0, 9.0]
[5.0, 5.0, 5.0, 5.0, 5.0, 5.0, 5.0, 5.0, 9.0, 9.0, 9.0, 9.0, 8.0, 8.0, 12.0, 8.0, 9.0, 9.0, 9.0, 9.0]
T = 0.2621440000000001	 step = 355
98.42000000000002
24.206855468749996
[48.0, 11.0, 21.0, 36.0, 40.0, 36.0, 19.0, 27.0, 18.0, 34.0, 46.0, 17.0, 9.0, 22.0, 44.0, 7.0, 6.0, 6.0, 31.0, 47.0]
[25.0, 26.0, 46.0, 49.0, 24.0, 15.0, 26.0, 31.0, 37.0, 6.0, 9.0, 16.0, 47.0, 6.0, 35.0, 5.0, 36.0, 16.0, 40.0, 47.0]
[5.0, 5.0, 5.0, 5.0, 5.0, 5.0, 5.0, 5.0, 9.0, 9.0, 9.0, 9.0, 12.0, 12.0, 8.0, 12.0, 9.0, 9.0, 9.0, 9.0]
[5.0, 5.0, 5.0, 5.0, 5.0, 5.0, 5.0, 5.0, 9.0, 9.0, 9.0, 9.0, 8.0, 8.0, 12.0, 8.0, 9.0, 9.0, 9.0, 9.0]
T = 0.2621440000000001	 step = 356
98.37
24.331855468750003
[48.0, 11.0, 21.0, 36.0, 40.0, 36.0, 19.0, 27.0, 18.0, 34.0, 46.0, 17.0, 9.0, 22.0, 44.0, 7.0, 6.0, 6.0, 31.0, 47.0]
[25.0, 26.0, 46.0, 49.0, 24.0, 15.0, 26.0, 31.0, 37.0, 6.0, 8.0, 16.0, 47.0, 6.0, 35.0, 5.0, 36.0, 16.0, 40.0, 47.0]
[5.0, 5.0, 5.0, 5.0, 5.0, 5.0, 5.0, 5.0, 9.0, 9.0, 9.0, 9.0, 12.0, 12.0, 8.0, 12.0, 9.0, 9.0, 9.0, 9.0]
[5.0, 5.0, 5.0, 5.0, 5.0, 5.0, 5.0, 5.0, 9.0, 9.0, 9.0, 9.0, 8.0, 8.0, 12.0, 8.0, 9.0, 9.0, 9.0, 9.0]
T = 0.2621440000000001	 step = 357
98.5
24.00383567116477
[48.0, 11.0, 21.0, 36.0, 40.0, 35.0, 19.0, 27.0, 18.0, 34.0, 46.0, 17.0, 9.0, 22.0, 44.0, 7.0, 6.0, 6.0, 31.0, 47.0]
[25.0, 26.0, 46.0, 49.0, 24.0, 17.0, 26.0, 31.0, 37.0, 6.0, 8.0, 16.0, 47.0, 6.0, 35.0, 5.0, 36.0, 16.0, 40.0, 47.0]
[5.0, 5.0, 5.0, 5.0, 5.0, 5.0, 5.0, 5.0, 9.0, 9.0, 9.0, 9.0, 12.0, 12.0, 8.0, 12.0, 9.0, 9.0, 9.0, 9.0]
[5.0, 5.0, 5.0, 5.0, 5.0, 5.0, 5.0, 5.0, 9.0, 9.0, 9.0, 9.0, 8.0, 8.0, 12.0, 8.0, 9.0, 9.0, 9.0, 9.0]
T = 0.2621440000000001	 step = 358
98.43
24.06633567116477
[48.0, 11.0, 21.0, 36.0, 40.0, 35.0, 19.0, 27.0, 18.0, 34.0, 46.0, 17.0, 9.0, 22.0, 44.0, 7.0, 6.0, 6.0, 31.0, 47.0]
[25.0, 26.0, 47.0, 49.0, 24.0, 17.0, 26.0, 31.0, 37.0, 6.0, 8.0, 16.0, 47.0, 6.0, 35.0, 5.0, 36.0, 16.0, 40.0, 47.0]
[5.0, 5.0, 5.0, 5.0, 5.0, 5.0, 5.0, 5.0, 9.0, 9.0, 9.0, 9.0, 12.0, 12.0, 8.0, 12.0, 9.0, 9.0, 9.0, 9.0]
[5.0, 5.0, 5.0, 5.0, 5.0, 5.0, 5.0, 5.0, 9.0, 9.0, 9.0, 9.0, 8.0, 8.0, 12.0, 8.0, 9.0, 9.0, 9.0, 9.0]
T = 0.2621440000000001	 step = 359
98.46000000000004
24.120207741477273
[48.0, 11.0, 21.0, 36.0, 40.0, 35.0, 19.0, 27.0, 18.0, 34.0, 46.0, 17.0, 9.0, 22.0, 44.0, 7.0, 6.0, 6.0, 30.0, 47.0]
[25.0, 26.0, 47.0, 49.0, 24.0, 17.0, 26.0, 31.0, 37.0, 6.0, 8.0, 16.0, 47.0, 6.0, 35.0, 5.0, 36.0, 16.0, 40.0, 47.0]
[5.0, 5.0, 5.0, 5.0, 5.0, 5.0, 5.0, 5.0, 9.0, 9.0, 9.0, 9.0, 12.0, 12.0, 8.0, 12.0, 9.0, 9.0, 9.0, 9.0]
[5.0, 5.0, 5.0, 5.0, 5.0, 5.0, 5.0, 5.0, 9.0, 9.0, 9.0, 9.0, 8.0, 8.0, 12.0, 8.0, 9.0, 9.0, 9.0, 9.0]
T = 0.2621440000000001	 step = 360
98.59000000000003
24.025124733664768
[48.0, 11.0, 21.0, 36.0, 40.0, 35.0, 19.0, 27.0, 18.0, 34.0, 46.0, 17.0, 9.0, 22.0, 44.0, 7.0, 6.0, 6.0, 30.0, 47.0]
[25.0, 26.0, 47.0, 49.0, 24.0, 17.0, 26.0, 31.0, 37.0, 7.0, 8.0, 16.0, 47.0, 6.0, 35.0, 5.0, 36.0, 16.0, 40.0, 47.0]
[5.0, 5.0, 5.0, 5.0, 5.0, 5.0, 5.0, 5.0, 9.0, 9.0, 9.0, 9.0, 12.0, 12.0, 8.0, 12.0, 9.0, 9.0, 9.0, 9.0]
[5.0, 5.0, 5.0, 5.0, 5.0, 5.0, 5.0, 5.0, 9.0, 9.0, 9.0, 9.0, 8.0, 8.0, 12.0, 8.0, 9.0, 9.0, 9.0, 9.0]
T = 0.2621440000000001	 step = 361
98.67000000000002
24.049272460937495
[48.0, 11.0, 21.0, 36.0, 39.0, 35.0, 19.0, 27.0, 18.0, 34.0, 46.0, 17.0, 9.0, 22.0, 44.0, 7.0, 6.0, 6.0, 30.0, 47.0]
[25.0, 26.0, 47.0, 49.0, 24.0, 17.0, 26.0, 31.0, 37.0, 7.0, 8.0, 16.0, 47.0, 6.0, 35.0, 5.0, 36.0, 16.0, 40.0, 47.0]
[5.0, 5.0, 5.0, 5.0, 5.0, 5.0, 5.0, 5.0, 9.0, 9.0, 9.0, 9.0, 12.0, 12.0, 8.0, 12.0, 9.0, 9.0, 9.0, 9.0]
[5.0, 5.0, 5.0, 5.0, 5.0, 5.0, 5.0, 5.0, 9.0, 9.0, 9.0, 9.0, 8.0, 8.0, 12.0, 8.0, 9.0, 9.0, 9.0, 9.0]
T = 0.2621440000000001	 step = 362
99.26000000000005
24.09190607244318
[48.0, 11.0, 21.0, 36.0, 39.0, 26.0, 19.0, 27.0, 18.0, 34.0, 46.0, 17.0, 9.0, 22.0, 44.0, 7.0, 6.0, 6.0, 30.0, 47.0]
[25.0, 26.0, 47.0, 49.0, 24.0, 16.0, 26.0, 31.0, 37.0, 7.0, 8.0, 16.0, 47.0, 6.0, 35.0, 5.0, 36.0, 16.0, 40.0, 47.0]
[5.0, 5.0, 5.0, 5.0, 5.0, 5.0, 5.0, 5.0, 9.0, 9.0, 9.0, 9.0, 12.0, 12.0, 8.0, 12.0, 9.0, 9.0, 9.0, 9.0]
[5.0, 5.0, 5.0, 5.0, 5.0, 5.0, 5.0, 5.0, 9.0, 9.0, 9.0, 9.0, 8.0, 8.0, 12.0, 8.0, 9.0, 9.0, 9.0, 9.0]
T = 0.2621440000000001	 step = 363
99.23000000000002
24.15440607244318
[48.0, 11.0, 21.0, 36.0, 39.0, 26.0, 19.0, 27.0, 18.0, 34.0, 46.0, 17.0, 9.0, 22.0, 44.0, 7.0, 6.0, 6.0, 30.0, 47.0]
[25.0, 26.0, 47.0, 49.0, 24.0, 16.0, 26.0, 31.0, 37.0, 7.0, 8.0, 16.0, 47.0, 6.0, 35.0, 5.0, 36.0, 15.0, 40.0, 47.0]
[5.0, 5.0, 5.0, 5.0, 5.0, 5.0, 5.0, 5.0, 9.0, 9.0, 9.0, 9.0, 12.0, 12.0, 8.0, 12.0, 9.0, 9.0, 9.0, 9.0]
[5.0, 5.0, 5.0, 5.0, 5.0, 5.0, 5.0, 5.0, 9.0, 9.0, 9.0, 9.0, 8.0, 8.0, 12.0, 8.0, 9.0, 9.0, 9.0, 9.0]
T = 0.2621440000000001	 step = 364
99.24000000000001
24.21690607244318
[48.0, 11.0, 21.0, 36.0, 39.0, 26.0, 19.0, 27.0, 18.0, 34.0, 46.0, 17.0, 9.0, 21.0, 44.0, 7.0, 6.0, 6.0, 30.0, 47.0]
[25.0, 26.0, 47.0, 49.0, 24.0, 16.0, 26.0, 31.0, 37.0, 7.0, 8.0, 16.0, 47.0, 6.0, 35.0, 5.0, 36.0, 15.0, 40.0, 47.0]
[5.0, 5.0, 5.0, 5.0, 5.0, 5.0, 5.0, 5.0, 9.0, 9.0, 9.0, 9.0, 12.0, 12.0, 8.0, 12.0, 9.0, 9.0, 9.0, 9.0]
[5.0, 5.0, 5.0, 5.0, 5.0, 5.0, 5.0, 5.0, 9.0, 9.0, 9.0, 9.0, 8.0, 8.0, 12.0, 8.0, 9.0, 9.0, 9.0, 9.0]
T = 0.2621440000000001	 step = 365
99.33000000000004
24.21690607244318
[48.0, 11.0, 21.0, 36.0, 39.0, 26.0, 19.0, 27.0, 18.0, 34.0, 46.0, 17.0, 9.0, 21.0, 44.0, 7.0, 6.0, 6.0, 30.0, 47.0]
[25.0, 26.0, 47.0, 49.0, 24.0, 16.0, 26.0, 30.0, 37.0, 7.0, 8.0, 16.0, 47.0, 6.0, 35.0, 5.0, 36.0, 15.0, 40.0, 47.0]
[5.0, 5.0, 5.0, 5.0, 5.0, 5.0, 5.0, 5.0, 9.0, 9.0, 9.0, 9.0, 12.0, 12.0, 8.0, 12.0, 9.0, 9.0, 9.0, 9.0]
[5.0, 5.0, 5.0, 5.0, 5.0, 5.0, 5.0, 5.0, 9.0, 9.0, 9.0, 9.0, 8.0, 8.0, 12.0, 8.0, 9.0, 9.0, 9.0, 9.0]
T = 0.2621440000000001	 step = 366
99.30000000000001
24.31628107244318
[48.0, 11.0, 21.0, 37.0, 39.0, 26.0, 19.0, 27.0, 18.0, 34.0, 46.0, 17.0, 9.0, 21.0, 44.0, 7.0, 6.0, 6.0, 30.0, 47.0]
[25.0, 26.0, 47.0, 49.0, 24.0, 16.0, 26.0, 30.0, 37.0, 7.0, 8.0, 16.0, 47.0, 6.0, 35.0, 5.0, 36.0, 15.0, 40.0, 47.0]
[5.0, 5.0, 5.0, 5.0, 5.0, 5.0, 5.0, 5.0, 9.0, 9.0, 9.0, 9.0, 12.0, 12.0, 8.0, 12.0, 9.0, 9.0, 9.0, 9.0]
[5.0, 5.0, 5.0, 5.0, 5.0, 5.0, 5.0, 5.0, 9.0, 9.0, 9.0, 9.0, 8.0, 8.0, 12.0, 8.0, 9.0, 9.0, 9.0, 9.0]
T = 0.2621440000000001	 step = 367
99.26000000000005
24.30846857244318
[48.0, 11.0, 21.0, 37.0, 39.0, 26.0, 19.0, 27.0, 18.0, 34.0, 46.0, 17.0, 9.0, 21.0, 44.0, 7.0, 6.0, 6.0, 30.0, 47.0]
[25.0, 26.0, 47.0, 49.0, 24.0, 16.0, 26.0, 30.0, 37.0, 7.0, 8.0, 16.0, 47.0, 5.0, 35.0, 5.0, 36.0, 15.0, 40.0, 47.0]
[5.0, 5.0, 5.0, 5.0, 5.0, 5.0, 5.0, 5.0, 9.0, 9.0, 9.0, 9.0, 12.0, 12.0, 8.0, 12.0, 9.0, 9.0, 9.0, 9.0]
[5.0, 5.0, 5.0, 5.0, 5.0, 5.0, 5.0, 5.0, 9.0, 9.0, 9.0, 9.0, 8.0, 8.0, 12.0, 8.0, 9.0, 9.0, 9.0, 9.0]
T = 0.2621440000000001	 step = 368
99.02000000000004
24.37412553267045
[48.0, 11.0, 21.0, 37.0, 39.0, 26.0, 18.0, 27.0, 18.0, 34.0, 46.0, 17.0, 9.0, 21.0, 44.0, 7.0, 6.0, 6.0, 30.0, 47.0]
[25.0, 26.0, 47.0, 49.0, 24.0, 16.0, 26.0, 30.0, 37.0, 7.0, 8.0, 16.0, 47.0, 5.0, 35.0, 5.0, 36.0, 15.0, 40.0, 47.0]
[5.0, 5.0, 5.0, 5.0, 5.0, 5.0, 5.0, 5.0, 9.0, 9.0, 9.0, 9.0, 12.0, 12.0, 8.0, 12.0, 9.0, 9.0, 9.0, 9.0]
[5.0, 5.0, 5.0, 5.0, 5.0, 5.0, 5.0, 5.0, 9.0, 9.0, 9.0, 9.0, 8.0, 8.0, 12.0, 8.0, 9.0, 9.0, 9.0, 9.0]
T = 0.2621440000000001	 step = 369
98.94
24.49912553267045
[48.0, 11.0, 21.0, 37.0, 39.0, 26.0, 18.0, 27.0, 18.0, 34.0, 47.0, 17.0, 9.0, 21.0, 44.0, 7.0, 6.0, 6.0, 30.0, 47.0]
[25.0, 26.0, 47.0, 49.0, 24.0, 16.0, 26.0, 30.0, 37.0, 7.0, 8.0, 16.0, 47.0, 5.0, 35.0, 5.0, 36.0, 15.0, 40.0, 47.0]
[5.0, 5.0, 5.0, 5.0, 5.0, 5.0, 5.0, 5.0, 9.0, 9.0, 9.0, 9.0, 12.0, 12.0, 8.0, 12.0, 9.0, 9.0, 9.0, 9.0]
[5.0, 5.0, 5.0, 5.0, 5.0, 5.0, 5.0, 5.0, 9.0, 9.0, 9.0, 9.0, 8.0, 8.0, 12.0, 8.0, 9.0, 9.0, 9.0, 9.0]
T = 0.2621440000000001	 step = 370
99.0
24.56162553267045
[48.0, 11.0, 21.0, 37.0, 38.0, 26.0, 18.0, 27.0, 18.0, 34.0, 47.0, 17.0, 9.0, 21.0, 44.0, 7.0, 6.0, 6.0, 30.0, 47.0]
[25.0, 26.0, 47.0, 49.0, 24.0, 16.0, 26.0, 30.0, 37.0, 7.0, 8.0, 16.0, 47.0, 5.0, 35.0, 5.0, 36.0, 15.0, 40.0, 47.0]
[5.0, 5.0, 5.0, 5.0, 5.0, 5.0, 5.0, 5.0, 9.0, 9.0, 9.0, 9.0, 12.0, 12.0, 8.0, 12.0, 9.0, 9.0, 9.0, 9.0]
[5.0, 5.0, 5.0, 5.0, 5.0, 5.0, 5.0, 5.0, 9.0, 9.0, 9.0, 9.0, 8.0, 8.0, 12.0, 8.0, 9.0, 9.0, 9.0, 9.0]
T = 0.2621440000000001	 step = 371
98.80000000000001
24.580272993607956
[48.0, 10.0, 21.0, 37.0, 38.0, 26.0, 18.0, 27.0, 18.0, 34.0, 47.0, 17.0, 9.0, 21.0, 44.0, 7.0, 6.0, 6.0, 30.0, 47.0]
[25.0, 26.0, 47.0, 49.0, 24.0, 16.0, 26.0, 30.0, 37.0, 7.0, 8.0, 16.0, 47.0, 5.0, 35.0, 5.0, 36.0, 15.0, 40.0, 47.0]
[5.0, 5.0, 5.0, 5.0, 5.0, 5.0, 5.0, 5.0, 9.0, 9.0, 9.0, 9.0, 12.0, 12.0, 8.0, 12.0, 9.0, 9.0, 9.0, 9.0]
[5.0, 5.0, 5.0, 5.0, 5.0, 5.0, 5.0, 5.0, 9.0, 9.0, 9.0, 9.0, 8.0, 8.0, 12.0, 8.0, 9.0, 9.0, 9.0, 9.0]
T = 0.2621440000000001	 step = 372
98.86000000000001
24.517772993607956
[48.0, 10.0, 21.0, 37.0, 38.0, 26.0, 18.0, 27.0, 18.0, 34.0, 47.0, 17.0, 9.0, 21.0, 44.0, 7.0, 6.0, 6.0, 30.0, 47.0]
[25.0, 26.0, 46.0, 49.0, 24.0, 16.0, 26.0, 30.0, 37.0, 7.0, 8.0, 16.0, 47.0, 5.0, 35.0, 5.0, 36.0, 15.0, 40.0, 47.0]
[5.0, 5.0, 5.0, 5.0, 5.0, 5.0, 5.0, 5.0, 9.0, 9.0, 9.0, 9.0, 12.0, 12.0, 8.0, 12.0, 9.0, 9.0, 9.0, 9.0]
[5.0, 5.0, 5.0, 5.0, 5.0, 5.0, 5.0, 5.0, 9.0, 9.0, 9.0, 9.0, 8.0, 8.0, 12.0, 8.0, 9.0, 9.0, 9.0, 9.0]
T = 0.2097152000000001	 step = 373
98.79000000000002
24.471785777698866
[48.0, 10.0, 21.0, 37.0, 38.0, 27.0, 18.0, 27.0, 18.0, 34.0, 47.0, 17.0, 9.0, 21.0, 44.0, 7.0, 6.0, 6.0, 30.0, 47.0]
[25.0, 26.0, 46.0, 49.0, 24.0, 16.0, 26.0, 30.0, 37.0, 7.0, 8.0, 16.0, 47.0, 5.0, 35.0, 5.0, 36.0, 15.0, 40.0, 47.0]
[5.0, 5.0, 5.0, 5.0, 5.0, 5.0, 5.0, 5.0, 9.0, 9.0, 9.0, 9.0, 12.0, 12.0, 8.0, 12.0, 9.0, 9.0, 9.0, 9.0]
[5.0, 5.0, 5.0, 5.0, 5.0, 5.0, 5.0, 5.0, 9.0, 9.0, 9.0, 9.0, 8.0, 8.0, 12.0, 8.0, 9.0, 9.0, 9.0, 9.0]
T = 0.2097152000000001	 step = 374
98.23000000000002
24.578852539062495
[48.0, 7.0, 21.0, 37.0, 38.0, 27.0, 18.0, 27.0, 18.0, 34.0, 47.0, 17.0, 9.0, 21.0, 44.0, 7.0, 6.0, 6.0, 30.0, 47.0]
[25.0, 26.0, 46.0, 49.0, 24.0, 16.0, 26.0, 30.0, 37.0, 7.0, 8.0, 16.0, 47.0, 5.0, 35.0, 5.0, 36.0, 15.0, 40.0, 47.0]
[5.0, 5.0, 5.0, 5.0, 5.0, 5.0, 5.0, 5.0, 9.0, 9.0, 9.0, 9.0, 12.0, 12.0, 8.0, 12.0, 9.0, 9.0, 9.0, 9.0]
[5.0, 5.0, 5.0, 5.0, 5.0, 5.0, 5.0, 5.0, 9.0, 9.0, 9.0, 9.0, 8.0, 8.0, 12.0, 8.0, 9.0, 9.0, 9.0, 9.0]
T = 0.2097152000000001	 step = 375
98.20000000000005
24.516352539062495
[48.0, 7.0, 21.0, 37.0, 38.0, 27.0, 18.0, 27.0, 18.0, 34.0, 47.0, 17.0, 9.0, 21.0, 45.0, 7.0, 6.0, 6.0, 30.0, 47.0]
[25.0, 26.0, 46.0, 49.0, 24.0, 16.0, 26.0, 30.0, 37.0, 7.0, 8.0, 16.0, 47.0, 5.0, 35.0, 5.0, 36.0, 15.0, 40.0, 47.0]
[5.0, 5.0, 5.0, 5.0, 5.0, 5.0, 5.0, 5.0, 9.0, 9.0, 9.0, 9.0, 12.0, 12.0, 8.0, 12.0, 9.0, 9.0, 9.0, 9.0]
[5.0, 5.0, 5.0, 5.0, 5.0, 5.0, 5.0, 5.0, 9.0, 9.0, 9.0, 9.0, 8.0, 8.0, 12.0, 8.0, 9.0, 9.0, 9.0, 9.0]
T = 0.2097152000000001	 step = 376
98.16000000000003
24.641352539062495
[49.0, 7.0, 21.0, 37.0, 38.0, 27.0, 18.0, 27.0, 18.0, 34.0, 47.0, 17.0, 9.0, 21.0, 45.0, 7.0, 6.0, 6.0, 30.0, 47.0]
[25.0, 26.0, 46.0, 49.0, 24.0, 16.0, 26.0, 30.0, 37.0, 7.0, 8.0, 16.0, 47.0, 5.0, 35.0, 5.0, 36.0, 15.0, 40.0, 47.0]
[5.0, 5.0, 5.0, 5.0, 5.0, 5.0, 5.0, 5.0, 9.0, 9.0, 9.0, 9.0, 12.0, 12.0, 8.0, 12.0, 9.0, 9.0, 9.0, 9.0]
[5.0, 5.0, 5.0, 5.0, 5.0, 5.0, 5.0, 5.0, 9.0, 9.0, 9.0, 9.0, 8.0, 8.0, 12.0, 8.0, 9.0, 9.0, 9.0, 9.0]
T = 0.2097152000000001	 step = 377
98.63
24.641352539062495
[49.0, 7.0, 21.0, 37.0, 38.0, 27.0, 18.0, 27.0, 18.0, 34.0, 47.0, 17.0, 9.0, 21.0, 45.0, 7.0, 6.0, 6.0, 30.0, 47.0]
[25.0, 26.0, 46.0, 49.0, 24.0, 16.0, 26.0, 30.0, 36.0, 7.0, 8.0, 16.0, 47.0, 5.0, 35.0, 5.0, 36.0, 15.0, 40.0, 47.0]
[5.0, 5.0, 5.0, 5.0, 5.0, 5.0, 5.0, 5.0, 9.0, 9.0, 9.0, 9.0, 12.0, 12.0, 8.0, 12.0, 9.0, 9.0, 9.0, 9.0]
[5.0, 5.0, 5.0, 5.0, 5.0, 5.0, 5.0, 5.0, 9.0, 9.0, 9.0, 9.0, 8.0, 8.0, 12.0, 8.0, 9.0, 9.0, 9.0, 9.0]
T = 0.2097152000000001	 step = 378
99.14000000000004
24.641352539062495
[49.0, 7.0, 21.0, 37.0, 38.0, 27.0, 18.0, 27.0, 18.0, 34.0, 47.0, 17.0, 9.0, 21.0, 45.0, 7.0, 6.0, 6.0, 30.0, 47.0]
[25.0, 26.0, 46.0, 49.0, 24.0, 16.0, 26.0, 30.0, 36.0, 7.0, 8.0, 17.0, 47.0, 5.0, 35.0, 5.0, 36.0, 15.0, 40.0, 47.0]
[5.0, 5.0, 5.0, 5.0, 5.0, 5.0, 5.0, 5.0, 9.0, 9.0, 9.0, 9.0, 12.0, 12.0, 8.0, 12.0, 9.0, 9.0, 9.0, 9.0]
[5.0, 5.0, 5.0, 5.0, 5.0, 5.0, 5.0, 5.0, 9.0, 9.0, 9.0, 9.0, 8.0, 8.0, 12.0, 8.0, 9.0, 9.0, 9.0, 9.0]
T = 0.2097152000000001	 step = 379
99.10000000000002
24.703852539062495
[49.0, 7.0, 21.0, 37.0, 38.0, 27.0, 18.0, 27.0, 18.0, 34.0, 47.0, 17.0, 9.0, 21.0, 45.0, 7.0, 6.0, 6.0, 30.0, 47.0]
[25.0, 26.0, 46.0, 49.0, 24.0, 16.0, 26.0, 30.0, 36.0, 7.0, 8.0, 17.0, 47.0, 5.0, 35.0, 5.0, 37.0, 15.0, 40.0, 47.0]
[5.0, 5.0, 5.0, 5.0, 5.0, 5.0, 5.0, 5.0, 9.0, 9.0, 9.0, 9.0, 12.0, 12.0, 8.0, 12.0, 9.0, 9.0, 9.0, 9.0]
[5.0, 5.0, 5.0, 5.0, 5.0, 5.0, 5.0, 5.0, 9.0, 9.0, 9.0, 9.0, 8.0, 8.0, 12.0, 8.0, 9.0, 9.0, 9.0, 9.0]
T = 0.2097152000000001	 step = 380
99.09000000000003
24.828852539062495
[49.0, 7.0, 21.0, 38.0, 38.0, 27.0, 18.0, 27.0, 18.0, 34.0, 47.0, 17.0, 9.0, 21.0, 45.0, 7.0, 6.0, 6.0, 30.0, 47.0]
[25.0, 26.0, 46.0, 49.0, 24.0, 16.0, 26.0, 30.0, 36.0, 7.0, 8.0, 17.0, 47.0, 5.0, 35.0, 5.0, 37.0, 15.0, 40.0, 47.0]
[5.0, 5.0, 5.0, 5.0, 5.0, 5.0, 5.0, 5.0, 9.0, 9.0, 9.0, 9.0, 12.0, 12.0, 8.0, 12.0, 9.0, 9.0, 9.0, 9.0]
[5.0, 5.0, 5.0, 5.0, 5.0, 5.0, 5.0, 5.0, 9.0, 9.0, 9.0, 9.0, 8.0, 8.0, 12.0, 8.0, 9.0, 9.0, 9.0, 9.0]
T = 0.2097152000000001	 step = 381
99.21000000000004
24.453852539062495
[49.0, 7.0, 21.0, 38.0, 38.0, 27.0, 18.0, 27.0, 18.0, 34.0, 47.0, 17.0, 9.0, 21.0, 45.0, 7.0, 6.0, 6.0, 30.0, 47.0]
[25.0, 26.0, 46.0, 49.0, 24.0, 16.0, 26.0, 30.0, 36.0, 7.0, 11.0, 17.0, 47.0, 5.0, 35.0, 5.0, 37.0, 15.0, 40.0, 47.0]
[5.0, 5.0, 5.0, 5.0, 5.0, 5.0, 5.0, 5.0, 9.0, 9.0, 9.0, 9.0, 12.0, 12.0, 8.0, 12.0, 9.0, 9.0, 9.0, 9.0]
[5.0, 5.0, 5.0, 5.0, 5.0, 5.0, 5.0, 5.0, 9.0, 9.0, 9.0, 9.0, 8.0, 8.0, 12.0, 8.0, 9.0, 9.0, 9.0, 9.0]
T = 0.2097152000000001	 step = 382
99.13
24.453852539062495
[49.0, 7.0, 21.0, 38.0, 38.0, 27.0, 18.0, 27.0, 18.0, 34.0, 47.0, 17.0, 9.0, 21.0, 45.0, 7.0, 6.0, 6.0, 30.0, 47.0]
[25.0, 26.0, 46.0, 49.0, 24.0, 16.0, 26.0, 31.0, 36.0, 7.0, 11.0, 17.0, 47.0, 5.0, 35.0, 5.0, 37.0, 15.0, 40.0, 47.0]
[5.0, 5.0, 5.0, 5.0, 5.0, 5.0, 5.0, 5.0, 9.0, 9.0, 9.0, 9.0, 12.0, 12.0, 8.0, 12.0, 9.0, 9.0, 9.0, 9.0]
[5.0, 5.0, 5.0, 5.0, 5.0, 5.0, 5.0, 5.0, 9.0, 9.0, 9.0, 9.0, 8.0, 8.0, 12.0, 8.0, 9.0, 9.0, 9.0, 9.0]
T = 0.2097152000000001	 step = 383
99.17000000000002
24.391352539062495
[49.0, 7.0, 21.0, 38.0, 38.0, 27.0, 18.0, 27.0, 18.0, 34.0, 47.0, 17.0, 9.0, 21.0, 45.0, 7.0, 6.0, 6.0, 30.0, 47.0]
[25.0, 26.0, 46.0, 49.0, 24.0, 16.0, 26.0, 31.0, 36.0, 7.0, 11.0, 17.0, 47.0, 5.0, 35.0, 5.0, 37.0, 16.0, 40.0, 47.0]
[5.0, 5.0, 5.0, 5.0, 5.0, 5.0, 5.0, 5.0, 9.0, 9.0, 9.0, 9.0, 12.0, 12.0, 8.0, 12.0, 9.0, 9.0, 9.0, 9.0]
[5.0, 5.0, 5.0, 5.0, 5.0, 5.0, 5.0, 5.0, 9.0, 9.0, 9.0, 9.0, 8.0, 8.0, 12.0, 8.0, 9.0, 9.0, 9.0, 9.0]
T = 0.2097152000000001	 step = 384
99.18
24.328852539062495
[49.0, 7.0, 21.0, 38.0, 38.0, 27.0, 18.0, 27.0, 18.0, 34.0, 47.0, 17.0, 9.0, 21.0, 45.0, 8.0, 6.0, 6.0, 30.0, 47.0]
[25.0, 26.0, 46.0, 49.0, 24.0, 16.0, 26.0, 31.0, 36.0, 7.0, 11.0, 17.0, 47.0, 5.0, 35.0, 5.0, 37.0, 16.0, 40.0, 47.0]
[5.0, 5.0, 5.0, 5.0, 5.0, 5.0, 5.0, 5.0, 9.0, 9.0, 9.0, 9.0, 12.0, 12.0, 8.0, 12.0, 9.0, 9.0, 9.0, 9.0]
[5.0, 5.0, 5.0, 5.0, 5.0, 5.0, 5.0, 5.0, 9.0, 9.0, 9.0, 9.0, 8.0, 8.0, 12.0, 8.0, 9.0, 9.0, 9.0, 9.0]
T = 0.2097152000000001	 step = 385
99.12
24.3913525390625
[49.0, 7.0, 21.0, 38.0, 38.0, 27.0, 18.0, 27.0, 18.0, 34.0, 47.0, 17.0, 9.0, 21.0, 45.0, 8.0, 6.0, 6.0, 30.0, 47.0]
[25.0, 26.0, 47.0, 49.0, 24.0, 16.0, 26.0, 31.0, 36.0, 7.0, 11.0, 17.0, 47.0, 5.0, 35.0, 5.0, 37.0, 16.0, 40.0, 47.0]
[5.0, 5.0, 5.0, 5.0, 5.0, 5.0, 5.0, 5.0, 9.0, 9.0, 9.0, 9.0, 12.0, 12.0, 8.0, 12.0, 9.0, 9.0, 9.0, 9.0]
[5.0, 5.0, 5.0, 5.0, 5.0, 5.0, 5.0, 5.0, 9.0, 9.0, 9.0, 9.0, 8.0, 8.0, 12.0, 8.0, 9.0, 9.0, 9.0, 9.0]
T = 0.2097152000000001	 step = 386
99.47000000000003
23.595365323153406
[49.0, 7.0, 21.0, 38.0, 38.0, 28.0, 18.0, 27.0, 18.0, 34.0, 47.0, 17.0, 9.0, 21.0, 45.0, 8.0, 6.0, 6.0, 30.0, 47.0]
[25.0, 26.0, 47.0, 49.0, 24.0, 22.0, 26.0, 31.0, 36.0, 7.0, 11.0, 17.0, 47.0, 5.0, 35.0, 5.0, 37.0, 16.0, 40.0, 47.0]
[5.0, 5.0, 5.0, 5.0, 5.0, 5.0, 5.0, 5.0, 9.0, 9.0, 9.0, 9.0, 12.0, 12.0, 8.0, 12.0, 9.0, 9.0, 9.0, 9.0]
[5.0, 5.0, 5.0, 5.0, 5.0, 5.0, 5.0, 5.0, 9.0, 9.0, 9.0, 9.0, 8.0, 8.0, 12.0, 8.0, 9.0, 9.0, 9.0, 9.0]
T = 0.2097152000000001	 step = 387
99.36000000000001
23.532865323153406
[49.0, 7.0, 21.0, 38.0, 38.0, 28.0, 18.0, 28.0, 18.0, 34.0, 47.0, 17.0, 9.0, 21.0, 45.0, 8.0, 6.0, 6.0, 30.0, 47.0]
[25.0, 26.0, 47.0, 49.0, 24.0, 22.0, 26.0, 31.0, 36.0, 7.0, 11.0, 17.0, 47.0, 5.0, 35.0, 5.0, 37.0, 16.0, 40.0, 47.0]
[5.0, 5.0, 5.0, 5.0, 5.0, 5.0, 5.0, 5.0, 9.0, 9.0, 9.0, 9.0, 12.0, 12.0, 8.0, 12.0, 9.0, 9.0, 9.0, 9.0]
[5.0, 5.0, 5.0, 5.0, 5.0, 5.0, 5.0, 5.0, 9.0, 9.0, 9.0, 9.0, 8.0, 8.0, 12.0, 8.0, 9.0, 9.0, 9.0, 9.0]
T = 0.2097152000000001	 step = 388
99.40000000000003
23.532865323153406
[49.0, 7.0, 21.0, 38.0, 38.0, 28.0, 18.0, 28.0, 18.0, 34.0, 47.0, 17.0, 9.0, 21.0, 44.0, 8.0, 6.0, 6.0, 30.0, 47.0]
[25.0, 26.0, 47.0, 49.0, 24.0, 22.0, 26.0, 31.0, 36.0, 7.0, 11.0, 17.0, 47.0, 5.0, 34.0, 5.0, 37.0, 16.0, 40.0, 47.0]
[5.0, 5.0, 5.0, 5.0, 5.0, 5.0, 5.0, 5.0, 9.0, 9.0, 9.0, 9.0, 12.0, 12.0, 12.0, 12.0, 9.0, 9.0, 9.0, 9.0]
[5.0, 5.0, 5.0, 5.0, 5.0, 5.0, 5.0, 5.0, 9.0, 9.0, 9.0, 9.0, 8.0, 8.0, 8.0, 8.0, 9.0, 9.0, 9.0, 9.0]
T = 0.2097152000000001	 step = 389
99.44
23.407865323153406
[49.0, 7.0, 21.0, 38.0, 38.0, 28.0, 18.0, 28.0, 18.0, 34.0, 47.0, 17.0, 9.0, 21.0, 44.0, 8.0, 6.0, 6.0, 30.0, 47.0]
[25.0, 26.0, 47.0, 49.0, 24.0, 22.0, 26.0, 31.0, 36.0, 7.0, 12.0, 17.0, 47.0, 5.0, 34.0, 5.0, 37.0, 16.0, 40.0, 47.0]
[5.0, 5.0, 5.0, 5.0, 5.0, 5.0, 5.0, 5.0, 9.0, 9.0, 9.0, 9.0, 12.0, 12.0, 12.0, 12.0, 9.0, 9.0, 9.0, 9.0]
[5.0, 5.0, 5.0, 5.0, 5.0, 5.0, 5.0, 5.0, 9.0, 9.0, 9.0, 9.0, 8.0, 8.0, 8.0, 8.0, 9.0, 9.0, 9.0, 9.0]
T = 0.2097152000000001	 step = 390
99.46000000000004
23.470365323153406
[49.0, 7.0, 20.0, 38.0, 38.0, 28.0, 18.0, 28.0, 18.0, 34.0, 47.0, 17.0, 9.0, 21.0, 44.0, 8.0, 6.0, 6.0, 30.0, 47.0]
[25.0, 26.0, 47.0, 49.0, 24.0, 22.0, 26.0, 31.0, 36.0, 7.0, 12.0, 17.0, 47.0, 5.0, 34.0, 5.0, 37.0, 16.0, 40.0, 47.0]
[5.0, 5.0, 5.0, 5.0, 5.0, 5.0, 5.0, 5.0, 9.0, 9.0, 9.0, 9.0, 12.0, 12.0, 12.0, 12.0, 9.0, 9.0, 9.0, 9.0]
[5.0, 5.0, 5.0, 5.0, 5.0, 5.0, 5.0, 5.0, 9.0, 9.0, 9.0, 9.0, 8.0, 8.0, 8.0, 8.0, 9.0, 9.0, 9.0, 9.0]
T = 0.2097152000000001	 step = 391
99.41000000000003
23.595470081676137
[49.0, 7.0, 20.0, 38.0, 38.0, 28.0, 18.0, 28.0, 18.0, 34.0, 47.0, 17.0, 9.0, 21.0, 44.0, 8.0, 6.0, 6.0, 30.0, 47.0]
[25.0, 26.0, 47.0, 49.0, 24.0, 21.0, 26.0, 31.0, 36.0, 7.0, 12.0, 17.0, 47.0, 5.0, 34.0, 5.0, 37.0, 16.0, 40.0, 47.0]
[5.0, 5.0, 5.0, 5.0, 5.0, 5.0, 5.0, 5.0, 9.0, 9.0, 9.0, 9.0, 12.0, 12.0, 12.0, 12.0, 9.0, 9.0, 9.0, 9.0]
[5.0, 5.0, 5.0, 5.0, 5.0, 5.0, 5.0, 5.0, 9.0, 9.0, 9.0, 9.0, 8.0, 8.0, 8.0, 8.0, 9.0, 9.0, 9.0, 9.0]
T = 0.2097152000000001	 step = 392
99.43
23.567259854403407
[49.0, 7.0, 20.0, 38.0, 38.0, 28.0, 18.0, 28.0, 18.0, 34.0, 47.0, 17.0, 9.0, 21.0, 44.0, 8.0, 6.0, 6.0, 29.0, 47.0]
[25.0, 26.0, 47.0, 49.0, 24.0, 21.0, 26.0, 31.0, 36.0, 7.0, 12.0, 17.0, 47.0, 5.0, 34.0, 5.0, 37.0, 16.0, 40.0, 47.0]
[5.0, 5.0, 5.0, 5.0, 5.0, 5.0, 5.0, 5.0, 9.0, 9.0, 9.0, 9.0, 12.0, 12.0, 12.0, 12.0, 9.0, 9.0, 9.0, 9.0]
[5.0, 5.0, 5.0, 5.0, 5.0, 5.0, 5.0, 5.0, 9.0, 9.0, 9.0, 9.0, 8.0, 8.0, 8.0, 8.0, 9.0, 9.0, 9.0, 9.0]
T = 0.2097152000000001	 step = 393
99.30000000000001
23.602948774857953
[49.0, 6.0, 20.0, 38.0, 38.0, 28.0, 18.0, 28.0, 18.0, 34.0, 47.0, 17.0, 9.0, 21.0, 44.0, 8.0, 6.0, 6.0, 29.0, 47.0]
[25.0, 26.0, 47.0, 49.0, 24.0, 21.0, 26.0, 31.0, 36.0, 7.0, 12.0, 17.0, 47.0, 5.0, 34.0, 5.0, 37.0, 16.0, 40.0, 47.0]
[5.0, 5.0, 5.0, 5.0, 5.0, 5.0, 5.0, 5.0, 9.0, 9.0, 9.0, 9.0, 12.0, 12.0, 12.0, 12.0, 9.0, 9.0, 9.0, 9.0]
[5.0, 5.0, 5.0, 5.0, 5.0, 5.0, 5.0, 5.0, 9.0, 9.0, 9.0, 9.0, 8.0, 8.0, 8.0, 8.0, 9.0, 9.0, 9.0, 9.0]
T = 0.2097152000000001	 step = 394
99.24000000000001
23.665448774857953
[49.0, 6.0, 20.0, 38.0, 38.0, 28.0, 18.0, 28.0, 18.0, 34.0, 47.0, 17.0, 9.0, 21.0, 44.0, 8.0, 6.0, 6.0, 29.0, 47.0]
[25.0, 26.0, 48.0, 49.0, 24.0, 21.0, 26.0, 31.0, 36.0, 7.0, 12.0, 17.0, 47.0, 5.0, 34.0, 5.0, 37.0, 16.0, 40.0, 47.0]
[5.0, 5.0, 5.0, 5.0, 5.0, 5.0, 5.0, 5.0, 9.0, 9.0, 9.0, 9.0, 12.0, 12.0, 12.0, 12.0, 9.0, 9.0, 9.0, 9.0]
[5.0, 5.0, 5.0, 5.0, 5.0, 5.0, 5.0, 5.0, 9.0, 9.0, 9.0, 9.0, 8.0, 8.0, 8.0, 8.0, 9.0, 9.0, 9.0, 9.0]
T = 0.2097152000000001	 step = 395
99.30000000000001
23.673261274857953
[49.0, 6.0, 20.0, 38.0, 38.0, 28.0, 18.0, 28.0, 18.0, 34.0, 47.0, 17.0, 9.0, 21.0, 44.0, 8.0, 6.0, 6.0, 29.0, 47.0]
[25.0, 26.0, 48.0, 49.0, 24.0, 21.0, 26.0, 31.0, 36.0, 7.0, 12.0, 17.0, 47.0, 6.0, 34.0, 5.0, 37.0, 16.0, 40.0, 47.0]
[5.0, 5.0, 5.0, 5.0, 5.0, 5.0, 5.0, 5.0, 9.0, 9.0, 9.0, 9.0, 12.0, 12.0, 12.0, 12.0, 9.0, 9.0, 9.0, 9.0]
[5.0, 5.0, 5.0, 5.0, 5.0, 5.0, 5.0, 5.0, 9.0, 9.0, 9.0, 9.0, 8.0, 8.0, 8.0, 8.0, 9.0, 9.0, 9.0, 9.0]
T = 0.2097152000000001	 step = 396
99.29000000000002
23.735761274857953
[49.0, 6.0, 20.0, 38.0, 38.0, 28.0, 18.0, 28.0, 18.0, 34.0, 47.0, 17.0, 9.0, 21.0, 44.0, 8.0, 6.0, 6.0, 29.0, 47.0]
[25.0, 26.0, 48.0, 49.0, 25.0, 21.0, 26.0, 31.0, 36.0, 7.0, 12.0, 17.0, 47.0, 6.0, 34.0, 5.0, 37.0, 16.0, 40.0, 47.0]
[5.0, 5.0, 5.0, 5.0, 5.0, 5.0, 5.0, 5.0, 9.0, 9.0, 9.0, 9.0, 12.0, 12.0, 12.0, 12.0, 9.0, 9.0, 9.0, 9.0]
[5.0, 5.0, 5.0, 5.0, 5.0, 5.0, 5.0, 5.0, 9.0, 9.0, 9.0, 9.0, 8.0, 8.0, 8.0, 8.0, 9.0, 9.0, 9.0, 9.0]
T = 0.2097152000000001	 step = 397
99.48000000000002
23.500852716619317
[49.0, 6.0, 20.0, 38.0, 38.0, 28.0, 18.0, 28.0, 18.0, 34.0, 45.0, 17.0, 9.0, 21.0, 44.0, 8.0, 6.0, 6.0, 29.0, 47.0]
[25.0, 26.0, 48.0, 49.0, 25.0, 21.0, 26.0, 31.0, 36.0, 7.0, 12.0, 17.0, 47.0, 6.0, 34.0, 5.0, 37.0, 16.0, 40.0, 47.0]
[5.0, 5.0, 5.0, 5.0, 5.0, 5.0, 5.0, 5.0, 9.0, 9.0, 9.0, 9.0, 12.0, 12.0, 12.0, 12.0, 9.0, 9.0, 9.0, 9.0]
[5.0, 5.0, 5.0, 5.0, 5.0, 5.0, 5.0, 5.0, 9.0, 9.0, 9.0, 9.0, 8.0, 8.0, 8.0, 8.0, 9.0, 9.0, 9.0, 9.0]
T = 0.2097152000000001	 step = 398
99.47000000000003
23.56363503196023
[49.0, 6.0, 20.0, 38.0, 38.0, 28.0, 18.0, 28.0, 18.0, 34.0, 45.0, 17.0, 9.0, 21.0, 44.0, 7.0, 6.0, 6.0, 29.0, 47.0]
[25.0, 26.0, 48.0, 49.0, 25.0, 21.0, 26.0, 31.0, 36.0, 7.0, 12.0, 17.0, 47.0, 6.0, 34.0, 5.0, 37.0, 16.0, 40.0, 47.0]
[5.0, 5.0, 5.0, 5.0, 5.0, 5.0, 5.0, 5.0, 9.0, 9.0, 9.0, 9.0, 12.0, 12.0, 12.0, 12.0, 9.0, 9.0, 9.0, 9.0]
[5.0, 5.0, 5.0, 5.0, 5.0, 5.0, 5.0, 5.0, 9.0, 9.0, 9.0, 9.0, 8.0, 8.0, 8.0, 8.0, 9.0, 9.0, 9.0, 9.0]
T = 0.2097152000000001	 step = 399
99.5
23.50113503196023
[49.0, 6.0, 20.0, 38.0, 38.0, 28.0, 18.0, 28.0, 18.0, 34.0, 45.0, 17.0, 9.0, 21.0, 44.0, 7.0, 6.0, 6.0, 29.0, 47.0]
[25.0, 26.0, 48.0, 49.0, 25.0, 21.0, 26.0, 31.0, 36.0, 7.0, 12.0, 17.0, 47.0, 6.0, 34.0, 5.0, 37.0, 17.0, 40.0, 47.0]
[5.0, 5.0, 5.0, 5.0, 5.0, 5.0, 5.0, 5.0, 9.0, 9.0, 9.0, 9.0, 12.0, 12.0, 12.0, 12.0, 9.0, 9.0, 9.0, 9.0]
[5.0, 5.0, 5.0, 5.0, 5.0, 5.0, 5.0, 5.0, 9.0, 9.0, 9.0, 9.0, 8.0, 8.0, 8.0, 8.0, 9.0, 9.0, 9.0, 9.0]
T = 0.2097152000000001	 step = 400
99.53000000000003
24.1814013671875
[49.0, 6.0, 20.0, 38.0, 38.0, 28.0, 18.0, 35.0, 18.0, 34.0, 45.0, 17.0, 9.0, 21.0, 44.0, 7.0, 6.0, 6.0, 29.0, 47.0]
[25.0, 26.0, 48.0, 49.0, 25.0, 21.0, 26.0, 17.0, 36.0, 7.0, 12.0, 17.0, 47.0, 6.0, 34.0, 5.0, 37.0, 17.0, 40.0, 47.0]
[5.0, 5.0, 5.0, 5.0, 5.0, 5.0, 5.0, 5.0, 9.0, 9.0, 9.0, 9.0, 12.0, 12.0, 12.0, 12.0, 9.0, 9.0, 9.0, 9.0]
[5.0, 5.0, 5.0, 5.0, 5.0, 5.0, 5.0, 5.0, 9.0, 9.0, 9.0, 9.0, 8.0, 8.0, 8.0, 8.0, 9.0, 9.0, 9.0, 9.0]
T = 0.2097152000000001	 step = 401
99.54000000000002
24.1189013671875
[49.0, 6.0, 20.0, 38.0, 38.0, 28.0, 18.0, 35.0, 18.0, 34.0, 45.0, 17.0, 9.0, 21.0, 44.0, 7.0, 6.0, 6.0, 29.0, 47.0]
[25.0, 26.0, 48.0, 49.0, 25.0, 21.0, 26.0, 17.0, 36.0, 7.0, 12.0, 17.0, 47.0, 6.0, 34.0, 6.0, 37.0, 17.0, 40.0, 47.0]
[5.0, 5.0, 5.0, 5.0, 5.0, 5.0, 5.0, 5.0, 9.0, 9.0, 9.0, 9.0, 12.0, 12.0, 12.0, 12.0, 9.0, 9.0, 9.0, 9.0]
[5.0, 5.0, 5.0, 5.0, 5.0, 5.0, 5.0, 5.0, 9.0, 9.0, 9.0, 9.0, 8.0, 8.0, 8.0, 8.0, 9.0, 9.0, 9.0, 9.0]
T = 0.2097152000000001	 step = 402
99.53000000000003
24.1814013671875
[49.0, 6.0, 19.0, 38.0, 38.0, 28.0, 18.0, 35.0, 18.0, 34.0, 45.0, 17.0, 9.0, 21.0, 44.0, 7.0, 6.0, 6.0, 29.0, 47.0]
[25.0, 26.0, 48.0, 49.0, 25.0, 21.0, 26.0, 17.0, 36.0, 7.0, 12.0, 17.0, 47.0, 6.0, 34.0, 6.0, 37.0, 17.0, 40.0, 47.0]
[5.0, 5.0, 5.0, 5.0, 5.0, 5.0, 5.0, 5.0, 9.0, 9.0, 9.0, 9.0, 12.0, 12.0, 12.0, 12.0, 9.0, 9.0, 9.0, 9.0]
[5.0, 5.0, 5.0, 5.0, 5.0, 5.0, 5.0, 5.0, 9.0, 9.0, 9.0, 9.0, 8.0, 8.0, 8.0, 8.0, 9.0, 9.0, 9.0, 9.0]
T = 0.2097152000000001	 step = 403
99.52000000000004
24.244002130681817
[49.0, 6.0, 19.0, 38.0, 38.0, 28.0, 18.0, 35.0, 18.0, 34.0, 45.0, 17.0, 8.0, 21.0, 44.0, 7.0, 6.0, 6.0, 29.0, 47.0]
[25.0, 26.0, 48.0, 49.0, 25.0, 21.0, 26.0, 17.0, 36.0, 7.0, 12.0, 17.0, 47.0, 6.0, 34.0, 6.0, 37.0, 17.0, 40.0, 47.0]
[5.0, 5.0, 5.0, 5.0, 5.0, 5.0, 5.0, 5.0, 9.0, 9.0, 9.0, 9.0, 12.0, 12.0, 12.0, 12.0, 9.0, 9.0, 9.0, 9.0]
[5.0, 5.0, 5.0, 5.0, 5.0, 5.0, 5.0, 5.0, 9.0, 9.0, 9.0, 9.0, 8.0, 8.0, 8.0, 8.0, 9.0, 9.0, 9.0, 9.0]
T = 0.2097152000000001	 step = 404
99.34000000000003
24.35380992542613
[49.0, 6.0, 19.0, 38.0, 38.0, 28.0, 18.0, 35.0, 18.0, 34.0, 46.0, 17.0, 8.0, 21.0, 44.0, 7.0, 6.0, 6.0, 29.0, 47.0]
[25.0, 26.0, 48.0, 49.0, 25.0, 21.0, 26.0, 17.0, 36.0, 7.0, 12.0, 17.0, 47.0, 6.0, 34.0, 6.0, 37.0, 17.0, 40.0, 47.0]
[5.0, 5.0, 5.0, 5.0, 5.0, 5.0, 5.0, 5.0, 9.0, 9.0, 9.0, 9.0, 12.0, 12.0, 12.0, 12.0, 9.0, 9.0, 9.0, 9.0]
[5.0, 5.0, 5.0, 5.0, 5.0, 5.0, 5.0, 5.0, 9.0, 9.0, 9.0, 9.0, 8.0, 8.0, 8.0, 8.0, 9.0, 9.0, 9.0, 9.0]
T = 0.2097152000000001	 step = 405
99.45000000000005
24.22880992542613
[49.0, 6.0, 19.0, 38.0, 38.0, 28.0, 18.0, 35.0, 18.0, 33.0, 46.0, 17.0, 8.0, 21.0, 44.0, 7.0, 6.0, 6.0, 29.0, 47.0]
[25.0, 26.0, 48.0, 49.0, 25.0, 21.0, 26.0, 17.0, 36.0, 7.0, 12.0, 17.0, 47.0, 6.0, 34.0, 6.0, 37.0, 17.0, 40.0, 47.0]
[5.0, 5.0, 5.0, 5.0, 5.0, 5.0, 5.0, 5.0, 9.0, 9.0, 9.0, 9.0, 12.0, 12.0, 12.0, 12.0, 9.0, 9.0, 9.0, 9.0]
[5.0, 5.0, 5.0, 5.0, 5.0, 5.0, 5.0, 5.0, 9.0, 9.0, 9.0, 9.0, 8.0, 8.0, 8.0, 8.0, 9.0, 9.0, 9.0, 9.0]
T = 0.2097152000000001	 step = 406
99.77000000000004
23.881915394176136
[49.0, 6.0, 19.0, 38.0, 38.0, 28.0, 18.0, 35.0, 18.0, 33.0, 46.0, 17.0, 8.0, 21.0, 44.0, 7.0, 6.0, 6.0, 30.0, 47.0]
[25.0, 26.0, 48.0, 49.0, 25.0, 21.0, 26.0, 17.0, 36.0, 7.0, 12.0, 17.0, 47.0, 6.0, 34.0, 6.0, 37.0, 17.0, 34.0, 47.0]
[5.0, 5.0, 5.0, 5.0, 5.0, 5.0, 5.0, 5.0, 9.0, 9.0, 9.0, 9.0, 12.0, 12.0, 12.0, 12.0, 9.0, 9.0, 9.0, 9.0]
[5.0, 5.0, 5.0, 5.0, 5.0, 5.0, 5.0, 5.0, 9.0, 9.0, 9.0, 9.0, 8.0, 8.0, 8.0, 8.0, 9.0, 9.0, 9.0, 9.0]
T = 0.2097152000000001	 step = 407
99.78000000000003
23.819415394176136
[49.0, 6.0, 19.0, 38.0, 38.0, 28.0, 18.0, 35.0, 18.0, 33.0, 46.0, 17.0, 8.0, 21.0, 44.0, 7.0, 6.0, 6.0, 30.0, 47.0]
[25.0, 26.0, 48.0, 49.0, 25.0, 21.0, 26.0, 17.0, 36.0, 7.0, 12.0, 17.0, 47.0, 6.0, 34.0, 6.0, 37.0, 17.0, 34.0, 46.0]
[5.0, 5.0, 5.0, 5.0, 5.0, 5.0, 5.0, 5.0, 9.0, 9.0, 9.0, 9.0, 12.0, 12.0, 12.0, 12.0, 9.0, 9.0, 9.0, 9.0]
[5.0, 5.0, 5.0, 5.0, 5.0, 5.0, 5.0, 5.0, 9.0, 9.0, 9.0, 9.0, 8.0, 8.0, 8.0, 8.0, 9.0, 9.0, 9.0, 9.0]
T = 0.2097152000000001	 step = 408
99.80000000000001
23.756915394176136
[49.0, 6.0, 19.0, 38.0, 38.0, 28.0, 18.0, 35.0, 18.0, 33.0, 46.0, 17.0, 8.0, 21.0, 44.0, 7.0, 6.0, 6.0, 30.0, 47.0]
[25.0, 26.0, 48.0, 49.0, 25.0, 21.0, 26.0, 17.0, 36.0, 7.0, 12.0, 17.0, 47.0, 6.0, 34.0, 6.0, 37.0, 17.0, 34.0, 45.0]
[5.0, 5.0, 5.0, 5.0, 5.0, 5.0, 5.0, 5.0, 9.0, 9.0, 9.0, 9.0, 12.0, 12.0, 12.0, 12.0, 9.0, 9.0, 9.0, 9.0]
[5.0, 5.0, 5.0, 5.0, 5.0, 5.0, 5.0, 5.0, 9.0, 9.0, 9.0, 9.0, 8.0, 8.0, 8.0, 8.0, 9.0, 9.0, 9.0, 9.0]
T = 0.2097152000000001	 step = 409
99.69
23.631915394176136
[49.0, 6.0, 19.0, 38.0, 38.0, 28.0, 18.0, 35.0, 18.0, 33.0, 46.0, 17.0, 8.0, 21.0, 44.0, 7.0, 6.0, 6.0, 30.0, 47.0]
[25.0, 26.0, 48.0, 49.0, 25.0, 22.0, 26.0, 17.0, 36.0, 7.0, 12.0, 17.0, 47.0, 6.0, 34.0, 6.0, 37.0, 17.0, 34.0, 45.0]
[5.0, 5.0, 5.0, 5.0, 5.0, 5.0, 5.0, 5.0, 9.0, 9.0, 9.0, 9.0, 12.0, 12.0, 12.0, 12.0, 9.0, 9.0, 9.0, 9.0]
[5.0, 5.0, 5.0, 5.0, 5.0, 5.0, 5.0, 5.0, 9.0, 9.0, 9.0, 9.0, 8.0, 8.0, 8.0, 8.0, 9.0, 9.0, 9.0, 9.0]
T = 0.2097152000000001	 step = 410
99.70000000000005
23.569415394176136
[49.0, 6.0, 19.0, 38.0, 38.0, 28.0, 18.0, 35.0, 18.0, 33.0, 46.0, 17.0, 8.0, 21.0, 44.0, 7.0, 6.0, 6.0, 30.0, 47.0]
[25.0, 26.0, 48.0, 49.0, 25.0, 22.0, 26.0, 17.0, 36.0, 7.0, 12.0, 17.0, 47.0, 6.0, 34.0, 6.0, 36.0, 17.0, 34.0, 45.0]
[5.0, 5.0, 5.0, 5.0, 5.0, 5.0, 5.0, 5.0, 9.0, 9.0, 9.0, 9.0, 12.0, 12.0, 12.0, 12.0, 9.0, 9.0, 9.0, 9.0]
[5.0, 5.0, 5.0, 5.0, 5.0, 5.0, 5.0, 5.0, 9.0, 9.0, 9.0, 9.0, 8.0, 8.0, 8.0, 8.0, 9.0, 9.0, 9.0, 9.0]
T = 0.2097152000000001	 step = 411
99.61000000000001
23.694415394176136
[49.0, 6.0, 19.0, 38.0, 38.0, 28.0, 18.0, 35.0, 18.0, 34.0, 46.0, 17.0, 8.0, 21.0, 44.0, 7.0, 6.0, 6.0, 30.0, 47.0]
[25.0, 26.0, 48.0, 49.0, 25.0, 22.0, 26.0, 17.0, 36.0, 7.0, 12.0, 17.0, 47.0, 6.0, 34.0, 6.0, 36.0, 17.0, 34.0, 45.0]
[5.0, 5.0, 5.0, 5.0, 5.0, 5.0, 5.0, 5.0, 9.0, 9.0, 9.0, 9.0, 12.0, 12.0, 12.0, 12.0, 9.0, 9.0, 9.0, 9.0]
[5.0, 5.0, 5.0, 5.0, 5.0, 5.0, 5.0, 5.0, 9.0, 9.0, 9.0, 9.0, 8.0, 8.0, 8.0, 8.0, 9.0, 9.0, 9.0, 9.0]
T = 0.2097152000000001	 step = 412
99.62
23.631915394176136
[49.0, 6.0, 19.0, 38.0, 38.0, 28.0, 18.0, 35.0, 18.0, 34.0, 46.0, 17.0, 8.0, 21.0, 44.0, 7.0, 6.0, 6.0, 30.0, 47.0]
[25.0, 26.0, 48.0, 49.0, 25.0, 22.0, 26.0, 17.0, 36.0, 7.0, 12.0, 17.0, 47.0, 6.0, 34.0, 6.0, 35.0, 17.0, 34.0, 45.0]
[5.0, 5.0, 5.0, 5.0, 5.0, 5.0, 5.0, 5.0, 9.0, 9.0, 9.0, 9.0, 12.0, 12.0, 12.0, 12.0, 9.0, 9.0, 9.0, 9.0]
[5.0, 5.0, 5.0, 5.0, 5.0, 5.0, 5.0, 5.0, 9.0, 9.0, 9.0, 9.0, 8.0, 8.0, 8.0, 8.0, 9.0, 9.0, 9.0, 9.0]
T = 0.2097152000000001	 step = 413
99.49000000000001
23.729926757812496
[49.0, 6.0, 19.0, 38.0, 38.0, 28.0, 17.0, 35.0, 18.0, 34.0, 46.0, 17.0, 8.0, 21.0, 44.0, 7.0, 6.0, 6.0, 30.0, 47.0]
[25.0, 26.0, 48.0, 49.0, 25.0, 22.0, 26.0, 17.0, 36.0, 7.0, 12.0, 17.0, 47.0, 6.0, 34.0, 6.0, 35.0, 17.0, 34.0, 45.0]
[5.0, 5.0, 5.0, 5.0, 5.0, 5.0, 5.0, 5.0, 9.0, 9.0, 9.0, 9.0, 12.0, 12.0, 12.0, 12.0, 9.0, 9.0, 9.0, 9.0]
[5.0, 5.0, 5.0, 5.0, 5.0, 5.0, 5.0, 5.0, 9.0, 9.0, 9.0, 9.0, 8.0, 8.0, 8.0, 8.0, 9.0, 9.0, 9.0, 9.0]
T = 0.2097152000000001	 step = 414
99.51000000000005
23.75673783735795
[49.0, 6.0, 19.0, 38.0, 38.0, 28.0, 17.0, 35.0, 18.0, 34.0, 46.0, 17.0, 8.0, 21.0, 44.0, 7.0, 7.0, 6.0, 30.0, 47.0]
[25.0, 26.0, 48.0, 49.0, 25.0, 22.0, 26.0, 17.0, 36.0, 7.0, 12.0, 17.0, 47.0, 6.0, 34.0, 6.0, 35.0, 17.0, 34.0, 45.0]
[5.0, 5.0, 5.0, 5.0, 5.0, 5.0, 5.0, 5.0, 9.0, 9.0, 9.0, 9.0, 12.0, 12.0, 12.0, 12.0, 9.0, 9.0, 9.0, 9.0]
[5.0, 5.0, 5.0, 5.0, 5.0, 5.0, 5.0, 5.0, 9.0, 9.0, 9.0, 9.0, 8.0, 8.0, 8.0, 8.0, 9.0, 9.0, 9.0, 9.0]
T = 0.2097152000000001	 step = 415
99.54000000000002
23.69423783735795
[49.0, 6.0, 19.0, 38.0, 38.0, 28.0, 17.0, 35.0, 18.0, 34.0, 46.0, 17.0, 8.0, 21.0, 44.0, 8.0, 7.0, 6.0, 30.0, 47.0]
[25.0, 26.0, 48.0, 49.0, 25.0, 22.0, 26.0, 17.0, 36.0, 7.0, 12.0, 17.0, 47.0, 6.0, 34.0, 6.0, 35.0, 17.0, 34.0, 45.0]
[5.0, 5.0, 5.0, 5.0, 5.0, 5.0, 5.0, 5.0, 9.0, 9.0, 9.0, 9.0, 12.0, 12.0, 12.0, 12.0, 9.0, 9.0, 9.0, 9.0]
[5.0, 5.0, 5.0, 5.0, 5.0, 5.0, 5.0, 5.0, 9.0, 9.0, 9.0, 9.0, 8.0, 8.0, 8.0, 8.0, 9.0, 9.0, 9.0, 9.0]
T = 0.2097152000000001	 step = 416
99.52000000000004
23.75673783735795
[49.0, 6.0, 19.0, 38.0, 38.0, 28.0, 17.0, 35.0, 18.0, 34.0, 46.0, 17.0, 7.0, 21.0, 44.0, 8.0, 7.0, 6.0, 30.0, 47.0]
[25.0, 26.0, 48.0, 49.0, 25.0, 22.0, 26.0, 17.0, 36.0, 7.0, 12.0, 17.0, 47.0, 6.0, 34.0, 6.0, 35.0, 17.0, 34.0, 45.0]
[5.0, 5.0, 5.0, 5.0, 5.0, 5.0, 5.0, 5.0, 9.0, 9.0, 9.0, 9.0, 12.0, 12.0, 12.0, 12.0, 9.0, 9.0, 9.0, 9.0]
[5.0, 5.0, 5.0, 5.0, 5.0, 5.0, 5.0, 5.0, 9.0, 9.0, 9.0, 9.0, 8.0, 8.0, 8.0, 8.0, 9.0, 9.0, 9.0, 9.0]
T = 0.2097152000000001	 step = 417
99.45000000000005
23.819237837357957
[49.0, 6.0, 19.0, 38.0, 38.0, 28.0, 17.0, 35.0, 18.0, 34.0, 46.0, 17.0, 7.0, 21.0, 44.0, 8.0, 7.0, 6.0, 30.0, 47.0]
[25.0, 26.0, 48.0, 49.0, 25.0, 22.0, 26.0, 17.0, 36.0, 7.0, 12.0, 17.0, 47.0, 6.0, 34.0, 6.0, 35.0, 17.0, 35.0, 45.0]
[5.0, 5.0, 5.0, 5.0, 5.0, 5.0, 5.0, 5.0, 9.0, 9.0, 9.0, 9.0, 12.0, 12.0, 12.0, 12.0, 9.0, 9.0, 9.0, 9.0]
[5.0, 5.0, 5.0, 5.0, 5.0, 5.0, 5.0, 5.0, 9.0, 9.0, 9.0, 9.0, 8.0, 8.0, 8.0, 8.0, 9.0, 9.0, 9.0, 9.0]
T = 0.2097152000000001	 step = 418
99.35000000000002
23.69423783735795
[49.0, 6.0, 19.0, 38.0, 38.0, 28.0, 17.0, 35.0, 18.0, 34.0, 46.0, 17.0, 7.0, 21.0, 44.0, 8.0, 7.0, 6.0, 30.0, 47.0]
[25.0, 26.0, 48.0, 49.0, 25.0, 23.0, 26.0, 17.0, 36.0, 7.0, 12.0, 17.0, 47.0, 6.0, 34.0, 6.0, 35.0, 17.0, 35.0, 45.0]
[5.0, 5.0, 5.0, 5.0, 5.0, 5.0, 5.0, 5.0, 9.0, 9.0, 9.0, 9.0, 12.0, 12.0, 12.0, 12.0, 9.0, 9.0, 9.0, 9.0]
[5.0, 5.0, 5.0, 5.0, 5.0, 5.0, 5.0, 5.0, 9.0, 9.0, 9.0, 9.0, 8.0, 8.0, 8.0, 8.0, 9.0, 9.0, 9.0, 9.0]
T = 0.2097152000000001	 step = 419
99.30000000000001
23.785957919034093
[49.0, 5.0, 19.0, 38.0, 38.0, 28.0, 17.0, 35.0, 18.0, 34.0, 46.0, 17.0, 7.0, 21.0, 44.0, 8.0, 7.0, 6.0, 30.0, 47.0]
[25.0, 26.0, 48.0, 49.0, 25.0, 23.0, 26.0, 17.0, 36.0, 7.0, 12.0, 17.0, 47.0, 6.0, 34.0, 6.0, 35.0, 17.0, 35.0, 45.0]
[5.0, 5.0, 5.0, 5.0, 5.0, 5.0, 5.0, 5.0, 9.0, 9.0, 9.0, 9.0, 12.0, 12.0, 12.0, 12.0, 9.0, 9.0, 9.0, 9.0]
[5.0, 5.0, 5.0, 5.0, 5.0, 5.0, 5.0, 5.0, 9.0, 9.0, 9.0, 9.0, 8.0, 8.0, 8.0, 8.0, 9.0, 9.0, 9.0, 9.0]
T = 0.2097152000000001	 step = 420
99.28000000000003
23.848457919034093
[49.0, 5.0, 18.0, 38.0, 38.0, 28.0, 17.0, 35.0, 18.0, 34.0, 46.0, 17.0, 7.0, 21.0, 44.0, 8.0, 7.0, 6.0, 30.0, 47.0]
[25.0, 26.0, 48.0, 49.0, 25.0, 23.0, 26.0, 17.0, 36.0, 7.0, 12.0, 17.0, 47.0, 6.0, 34.0, 6.0, 35.0, 17.0, 35.0, 45.0]
[5.0, 5.0, 5.0, 5.0, 5.0, 5.0, 5.0, 5.0, 9.0, 9.0, 9.0, 9.0, 12.0, 12.0, 12.0, 12.0, 9.0, 9.0, 9.0, 9.0]
[5.0, 5.0, 5.0, 5.0, 5.0, 5.0, 5.0, 5.0, 9.0, 9.0, 9.0, 9.0, 8.0, 8.0, 8.0, 8.0, 9.0, 9.0, 9.0, 9.0]
T = 0.2097152000000001	 step = 421
99.27000000000004
23.910957919034093
[49.0, 5.0, 18.0, 38.0, 38.0, 28.0, 17.0, 35.0, 18.0, 34.0, 46.0, 17.0, 7.0, 21.0, 44.0, 8.0, 7.0, 6.0, 30.0, 47.0]
[25.0, 26.0, 48.0, 49.0, 25.0, 23.0, 26.0, 17.0, 36.0, 7.0, 12.0, 17.0, 47.0, 6.0, 34.0, 6.0, 35.0, 16.0, 35.0, 45.0]
[5.0, 5.0, 5.0, 5.0, 5.0, 5.0, 5.0, 5.0, 9.0, 9.0, 9.0, 9.0, 12.0, 12.0, 12.0, 12.0, 9.0, 9.0, 9.0, 9.0]
[5.0, 5.0, 5.0, 5.0, 5.0, 5.0, 5.0, 5.0, 9.0, 9.0, 9.0, 9.0, 8.0, 8.0, 8.0, 8.0, 9.0, 9.0, 9.0, 9.0]
T = 0.2097152000000001	 step = 422
99.22000000000003
23.97345791903409
[49.0, 5.0, 18.0, 38.0, 38.0, 28.0, 17.0, 35.0, 18.0, 34.0, 46.0, 17.0, 7.0, 21.0, 44.0, 8.0, 7.0, 6.0, 30.0, 47.0]
[25.0, 26.0, 48.0, 49.0, 26.0, 23.0, 26.0, 17.0, 36.0, 7.0, 12.0, 17.0, 47.0, 6.0, 34.0, 6.0, 35.0, 16.0, 35.0, 45.0]
[5.0, 5.0, 5.0, 5.0, 5.0, 5.0, 5.0, 5.0, 9.0, 9.0, 9.0, 9.0, 12.0, 12.0, 12.0, 12.0, 9.0, 9.0, 9.0, 9.0]
[5.0, 5.0, 5.0, 5.0, 5.0, 5.0, 5.0, 5.0, 9.0, 9.0, 9.0, 9.0, 8.0, 8.0, 8.0, 8.0, 9.0, 9.0, 9.0, 9.0]
T = 0.2097152000000001	 step = 423
99.20000000000005
24.03595791903409
[49.0, 5.0, 18.0, 38.0, 38.0, 28.0, 17.0, 35.0, 18.0, 34.0, 46.0, 17.0, 7.0, 21.0, 44.0, 8.0, 7.0, 6.0, 30.0, 47.0]
[25.0, 26.0, 48.0, 49.0, 26.0, 23.0, 26.0, 17.0, 36.0, 7.0, 12.0, 17.0, 47.0, 6.0, 34.0, 6.0, 35.0, 16.0, 35.0, 46.0]
[5.0, 5.0, 5.0, 5.0, 5.0, 5.0, 5.0, 5.0, 9.0, 9.0, 9.0, 9.0, 12.0, 12.0, 12.0, 12.0, 9.0, 9.0, 9.0, 9.0]
[5.0, 5.0, 5.0, 5.0, 5.0, 5.0, 5.0, 5.0, 9.0, 9.0, 9.0, 9.0, 8.0, 8.0, 8.0, 8.0, 9.0, 9.0, 9.0, 9.0]
T = 0.2097152000000001	 step = 424
99.54000000000002
24.142492009943183
[49.0, 5.0, 18.0, 38.0, 38.0, 28.0, 17.0, 35.0, 18.0, 34.0, 46.0, 18.0, 7.0, 21.0, 44.0, 8.0, 7.0, 6.0, 30.0, 47.0]
[25.0, 26.0, 48.0, 49.0, 26.0, 23.0, 26.0, 17.0, 36.0, 7.0, 12.0, 17.0, 47.0, 6.0, 34.0, 6.0, 35.0, 16.0, 35.0, 46.0]
[5.0, 5.0, 5.0, 5.0, 5.0, 5.0, 5.0, 5.0, 9.0, 9.0, 9.0, 9.0, 12.0, 12.0, 12.0, 12.0, 9.0, 9.0, 9.0, 9.0]
[5.0, 5.0, 5.0, 5.0, 5.0, 5.0, 5.0, 5.0, 9.0, 9.0, 9.0, 9.0, 8.0, 8.0, 8.0, 8.0, 9.0, 9.0, 9.0, 9.0]
T = 0.2097152000000001	 step = 425
99.55000000000001
24.079992009943183
[49.0, 5.0, 18.0, 38.0, 38.0, 28.0, 17.0, 35.0, 18.0, 34.0, 46.0, 18.0, 7.0, 21.0, 44.0, 8.0, 7.0, 6.0, 30.0, 47.0]
[25.0, 26.0, 48.0, 49.0, 26.0, 23.0, 26.0, 17.0, 36.0, 7.0, 12.0, 17.0, 47.0, 6.0, 34.0, 6.0, 35.0, 17.0, 35.0, 46.0]
[5.0, 5.0, 5.0, 5.0, 5.0, 5.0, 5.0, 5.0, 9.0, 9.0, 9.0, 9.0, 12.0, 12.0, 12.0, 12.0, 9.0, 9.0, 9.0, 9.0]
[5.0, 5.0, 5.0, 5.0, 5.0, 5.0, 5.0, 5.0, 9.0, 9.0, 9.0, 9.0, 8.0, 8.0, 8.0, 8.0, 9.0, 9.0, 9.0, 9.0]
T = 0.1677721600000001	 step = 426
99.41000000000003
24.017492009943183
[49.0, 5.0, 18.0, 38.0, 39.0, 28.0, 17.0, 35.0, 18.0, 34.0, 46.0, 18.0, 7.0, 21.0, 44.0, 8.0, 7.0, 6.0, 30.0, 47.0]
[25.0, 26.0, 48.0, 49.0, 26.0, 23.0, 26.0, 17.0, 36.0, 7.0, 12.0, 17.0, 47.0, 6.0, 34.0, 6.0, 35.0, 17.0, 35.0, 46.0]
[5.0, 5.0, 5.0, 5.0, 5.0, 5.0, 5.0, 5.0, 9.0, 9.0, 9.0, 9.0, 12.0, 12.0, 12.0, 12.0, 9.0, 9.0, 9.0, 9.0]
[5.0, 5.0, 5.0, 5.0, 5.0, 5.0, 5.0, 5.0, 9.0, 9.0, 9.0, 9.0, 8.0, 8.0, 8.0, 8.0, 9.0, 9.0, 9.0, 9.0]
T = 0.1677721600000001	 step = 427
99.55000000000001
24.06347922585227
[49.0, 5.0, 18.0, 38.0, 39.0, 27.0, 17.0, 35.0, 18.0, 34.0, 46.0, 18.0, 7.0, 21.0, 44.0, 8.0, 7.0, 6.0, 30.0, 47.0]
[25.0, 26.0, 48.0, 49.0, 26.0, 23.0, 26.0, 17.0, 36.0, 7.0, 12.0, 17.0, 47.0, 6.0, 34.0, 6.0, 35.0, 17.0, 35.0, 46.0]
[5.0, 5.0, 5.0, 5.0, 5.0, 5.0, 5.0, 5.0, 9.0, 9.0, 9.0, 9.0, 12.0, 12.0, 12.0, 12.0, 9.0, 9.0, 9.0, 9.0]
[5.0, 5.0, 5.0, 5.0, 5.0, 5.0, 5.0, 5.0, 9.0, 9.0, 9.0, 9.0, 8.0, 8.0, 8.0, 8.0, 9.0, 9.0, 9.0, 9.0]
T = 0.1677721600000001	 step = 428
99.78000000000003
23.99316672585227
[49.0, 5.0, 18.0, 38.0, 39.0, 27.0, 17.0, 35.0, 18.0, 34.0, 46.0, 18.0, 7.0, 21.0, 44.0, 8.0, 7.0, 6.0, 30.0, 47.0]
[25.0, 26.0, 48.0, 49.0, 26.0, 23.0, 26.0, 17.0, 36.0, 8.0, 12.0, 17.0, 47.0, 6.0, 34.0, 6.0, 35.0, 17.0, 35.0, 46.0]
[5.0, 5.0, 5.0, 5.0, 5.0, 5.0, 5.0, 5.0, 9.0, 9.0, 9.0, 9.0, 12.0, 12.0, 12.0, 12.0, 9.0, 9.0, 9.0, 9.0]
[5.0, 5.0, 5.0, 5.0, 5.0, 5.0, 5.0, 5.0, 9.0, 9.0, 9.0, 9.0, 8.0, 8.0, 8.0, 8.0, 9.0, 9.0, 9.0, 9.0]
T = 0.1677721600000001	 step = 429
99.76000000000005
24.05566672585227
[49.0, 5.0, 17.0, 38.0, 39.0, 27.0, 17.0, 35.0, 18.0, 34.0, 46.0, 18.0, 7.0, 21.0, 44.0, 8.0, 7.0, 6.0, 30.0, 47.0]
[25.0, 26.0, 48.0, 49.0, 26.0, 23.0, 26.0, 17.0, 36.0, 8.0, 12.0, 17.0, 47.0, 6.0, 34.0, 6.0, 35.0, 17.0, 35.0, 46.0]
[5.0, 5.0, 5.0, 5.0, 5.0, 5.0, 5.0, 5.0, 9.0, 9.0, 9.0, 9.0, 12.0, 12.0, 12.0, 12.0, 9.0, 9.0, 9.0, 9.0]
[5.0, 5.0, 5.0, 5.0, 5.0, 5.0, 5.0, 5.0, 9.0, 9.0, 9.0, 9.0, 8.0, 8.0, 8.0, 8.0, 9.0, 9.0, 9.0, 9.0]
T = 0.1677721600000001	 step = 430
99.74000000000001
24.118267489346582
[49.0, 5.0, 17.0, 38.0, 39.0, 27.0, 17.0, 35.0, 18.0, 34.0, 46.0, 18.0, 7.0, 21.0, 44.0, 8.0, 7.0, 6.0, 30.0, 47.0]
[25.0, 26.0, 48.0, 49.0, 26.0, 23.0, 26.0, 17.0, 36.0, 8.0, 12.0, 17.0, 47.0, 6.0, 34.0, 5.0, 35.0, 17.0, 35.0, 46.0]
[5.0, 5.0, 5.0, 5.0, 5.0, 5.0, 5.0, 5.0, 9.0, 9.0, 9.0, 9.0, 12.0, 12.0, 12.0, 12.0, 9.0, 9.0, 9.0, 9.0]
[5.0, 5.0, 5.0, 5.0, 5.0, 5.0, 5.0, 5.0, 9.0, 9.0, 9.0, 9.0, 8.0, 8.0, 8.0, 8.0, 9.0, 9.0, 9.0, 9.0]
T = 0.1677721600000001	 step = 431
99.72000000000003
24.180767489346582
[49.0, 5.0, 17.0, 38.0, 39.0, 27.0, 17.0, 35.0, 18.0, 34.0, 46.0, 18.0, 7.0, 21.0, 44.0, 8.0, 7.0, 6.0, 30.0, 47.0]
[25.0, 26.0, 48.0, 49.0, 26.0, 23.0, 26.0, 17.0, 36.0, 8.0, 12.0, 17.0, 47.0, 6.0, 34.0, 5.0, 35.0, 17.0, 35.0, 47.0]
[5.0, 5.0, 5.0, 5.0, 5.0, 5.0, 5.0, 5.0, 9.0, 9.0, 9.0, 9.0, 12.0, 12.0, 12.0, 12.0, 9.0, 9.0, 9.0, 9.0]
[5.0, 5.0, 5.0, 5.0, 5.0, 5.0, 5.0, 5.0, 9.0, 9.0, 9.0, 9.0, 8.0, 8.0, 8.0, 8.0, 9.0, 9.0, 9.0, 9.0]
T = 0.1677721600000001	 step = 432
99.88
24.243267489346582
[49.0, 5.0, 17.0, 38.0, 39.0, 27.0, 17.0, 34.0, 18.0, 34.0, 46.0, 18.0, 7.0, 21.0, 44.0, 8.0, 7.0, 6.0, 30.0, 47.0]
[25.0, 26.0, 48.0, 49.0, 26.0, 23.0, 26.0, 17.0, 36.0, 8.0, 12.0, 17.0, 47.0, 6.0, 34.0, 5.0, 35.0, 17.0, 35.0, 47.0]
[5.0, 5.0, 5.0, 5.0, 5.0, 5.0, 5.0, 5.0, 9.0, 9.0, 9.0, 9.0, 12.0, 12.0, 12.0, 12.0, 9.0, 9.0, 9.0, 9.0]
[5.0, 5.0, 5.0, 5.0, 5.0, 5.0, 5.0, 5.0, 9.0, 9.0, 9.0, 9.0, 8.0, 8.0, 8.0, 8.0, 9.0, 9.0, 9.0, 9.0]
T = 0.1677721600000001	 step = 433
99.89000000000004
24.118166725852276
[49.0, 5.0, 17.0, 37.0, 39.0, 27.0, 17.0, 34.0, 18.0, 34.0, 46.0, 18.0, 7.0, 21.0, 44.0, 8.0, 7.0, 6.0, 30.0, 47.0]
[25.0, 26.0, 48.0, 49.0, 26.0, 23.0, 26.0, 17.0, 36.0, 8.0, 12.0, 17.0, 47.0, 6.0, 34.0, 5.0, 35.0, 17.0, 35.0, 47.0]
[5.0, 5.0, 5.0, 5.0, 5.0, 5.0, 5.0, 5.0, 9.0, 9.0, 9.0, 9.0, 12.0, 12.0, 12.0, 12.0, 9.0, 9.0, 9.0, 9.0]
[5.0, 5.0, 5.0, 5.0, 5.0, 5.0, 5.0, 5.0, 9.0, 9.0, 9.0, 9.0, 8.0, 8.0, 8.0, 8.0, 9.0, 9.0, 9.0, 9.0]
T = 0.1677721600000001	 step = 434
99.87
24.180666725852276
[49.0, 5.0, 17.0, 37.0, 39.0, 27.0, 17.0, 34.0, 18.0, 34.0, 46.0, 18.0, 7.0, 21.0, 44.0, 8.0, 7.0, 6.0, 30.0, 47.0]
[25.0, 26.0, 48.0, 49.0, 26.0, 23.0, 26.0, 17.0, 36.0, 8.0, 12.0, 17.0, 47.0, 6.0, 34.0, 5.0, 36.0, 17.0, 35.0, 47.0]
[5.0, 5.0, 5.0, 5.0, 5.0, 5.0, 5.0, 5.0, 9.0, 9.0, 9.0, 9.0, 12.0, 12.0, 12.0, 12.0, 9.0, 9.0, 9.0, 9.0]
[5.0, 5.0, 5.0, 5.0, 5.0, 5.0, 5.0, 5.0, 9.0, 9.0, 9.0, 9.0, 8.0, 8.0, 8.0, 8.0, 9.0, 9.0, 9.0, 9.0]
T = 0.1677721600000001	 step = 435
99.59000000000003
24.538031782670455
[49.0, 5.0, 17.0, 37.0, 39.0, 27.0, 15.0, 34.0, 18.0, 34.0, 46.0, 18.0, 7.0, 21.0, 44.0, 8.0, 7.0, 6.0, 30.0, 47.0]
[25.0, 26.0, 48.0, 49.0, 26.0, 23.0, 27.0, 17.0, 36.0, 8.0, 12.0, 17.0, 47.0, 6.0, 34.0, 5.0, 36.0, 17.0, 35.0, 47.0]
[5.0, 5.0, 5.0, 5.0, 5.0, 5.0, 5.0, 5.0, 9.0, 9.0, 9.0, 9.0, 12.0, 12.0, 12.0, 12.0, 9.0, 9.0, 9.0, 9.0]
[5.0, 5.0, 5.0, 5.0, 5.0, 5.0, 5.0, 5.0, 9.0, 9.0, 9.0, 9.0, 8.0, 8.0, 8.0, 8.0, 9.0, 9.0, 9.0, 9.0]
T = 0.1677721600000001	 step = 436
99.43
24.47553178267045
[49.0, 5.0, 17.0, 37.0, 39.0, 27.0, 15.0, 35.0, 18.0, 34.0, 46.0, 18.0, 7.0, 21.0, 44.0, 8.0, 7.0, 6.0, 30.0, 47.0]
[25.0, 26.0, 48.0, 49.0, 26.0, 23.0, 27.0, 17.0, 36.0, 8.0, 12.0, 17.0, 47.0, 6.0, 34.0, 5.0, 36.0, 17.0, 35.0, 47.0]
[5.0, 5.0, 5.0, 5.0, 5.0, 5.0, 5.0, 5.0, 9.0, 9.0, 9.0, 9.0, 12.0, 12.0, 12.0, 12.0, 9.0, 9.0, 9.0, 9.0]
[5.0, 5.0, 5.0, 5.0, 5.0, 5.0, 5.0, 5.0, 9.0, 9.0, 9.0, 9.0, 8.0, 8.0, 8.0, 8.0, 9.0, 9.0, 9.0, 9.0]
T = 0.1677721600000001	 step = 437
99.44
24.376156782670453
[49.0, 5.0, 17.0, 36.0, 39.0, 27.0, 15.0, 35.0, 18.0, 34.0, 46.0, 18.0, 7.0, 21.0, 44.0, 8.0, 7.0, 6.0, 30.0, 47.0]
[25.0, 26.0, 48.0, 49.0, 26.0, 23.0, 27.0, 17.0, 36.0, 8.0, 12.0, 17.0, 47.0, 6.0, 34.0, 5.0, 36.0, 17.0, 35.0, 47.0]
[5.0, 5.0, 5.0, 5.0, 5.0, 5.0, 5.0, 5.0, 9.0, 9.0, 9.0, 9.0, 12.0, 12.0, 12.0, 12.0, 9.0, 9.0, 9.0, 9.0]
[5.0, 5.0, 5.0, 5.0, 5.0, 5.0, 5.0, 5.0, 9.0, 9.0, 9.0, 9.0, 8.0, 8.0, 8.0, 8.0, 9.0, 9.0, 9.0, 9.0]
T = 0.1677721600000001	 step = 438
99.33000000000004
24.501156782670453
[49.0, 5.0, 17.0, 36.0, 39.0, 27.0, 15.0, 35.0, 18.0, 35.0, 46.0, 18.0, 7.0, 21.0, 44.0, 8.0, 7.0, 6.0, 30.0, 47.0]
[25.0, 26.0, 48.0, 49.0, 26.0, 23.0, 27.0, 17.0, 36.0, 8.0, 12.0, 17.0, 47.0, 6.0, 34.0, 5.0, 36.0, 17.0, 35.0, 47.0]
[5.0, 5.0, 5.0, 5.0, 5.0, 5.0, 5.0, 5.0, 9.0, 9.0, 9.0, 9.0, 12.0, 12.0, 12.0, 12.0, 9.0, 9.0, 9.0, 9.0]
[5.0, 5.0, 5.0, 5.0, 5.0, 5.0, 5.0, 5.0, 9.0, 9.0, 9.0, 9.0, 8.0, 8.0, 8.0, 8.0, 9.0, 9.0, 9.0, 9.0]
T = 0.1677721600000001	 step = 439
99.07000000000005
24.501156782670453
[49.0, 5.0, 17.0, 36.0, 39.0, 27.0, 15.0, 35.0, 18.0, 35.0, 46.0, 18.0, 7.0, 21.0, 44.0, 8.0, 7.0, 6.0, 30.0, 47.0]
[25.0, 26.0, 48.0, 49.0, 26.0, 23.0, 27.0, 17.0, 36.0, 8.0, 12.0, 16.0, 47.0, 6.0, 34.0, 5.0, 36.0, 17.0, 35.0, 47.0]
[5.0, 5.0, 5.0, 5.0, 5.0, 5.0, 5.0, 5.0, 9.0, 9.0, 9.0, 9.0, 12.0, 12.0, 12.0, 12.0, 9.0, 9.0, 9.0, 9.0]
[5.0, 5.0, 5.0, 5.0, 5.0, 5.0, 5.0, 5.0, 9.0, 9.0, 9.0, 9.0, 8.0, 8.0, 8.0, 8.0, 9.0, 9.0, 9.0, 9.0]
T = 0.1677721600000001	 step = 440
99.01000000000005
24.491277521306817
[49.0, 5.0, 17.0, 36.0, 39.0, 27.0, 15.0, 35.0, 18.0, 35.0, 46.0, 18.0, 7.0, 21.0, 44.0, 8.0, 7.0, 6.0, 30.0, 47.0]
[25.0, 26.0, 48.0, 49.0, 26.0, 23.0, 27.0, 17.0, 36.0, 8.0, 12.0, 16.0, 47.0, 5.0, 34.0, 5.0, 36.0, 17.0, 35.0, 47.0]
[5.0, 5.0, 5.0, 5.0, 5.0, 5.0, 5.0, 5.0, 9.0, 9.0, 9.0, 9.0, 12.0, 12.0, 12.0, 12.0, 9.0, 9.0, 9.0, 9.0]
[5.0, 5.0, 5.0, 5.0, 5.0, 5.0, 5.0, 5.0, 9.0, 9.0, 9.0, 9.0, 8.0, 8.0, 8.0, 8.0, 9.0, 9.0, 9.0, 9.0]
T = 0.1677721600000001	 step = 441
99.05000000000001
24.428777521306813
[49.0, 5.0, 17.0, 36.0, 39.0, 27.0, 15.0, 35.0, 18.0, 35.0, 46.0, 18.0, 7.0, 21.0, 44.0, 8.0, 7.0, 6.0, 30.0, 47.0]
[25.0, 26.0, 47.0, 49.0, 26.0, 23.0, 27.0, 17.0, 36.0, 8.0, 12.0, 16.0, 47.0, 5.0, 34.0, 5.0, 36.0, 17.0, 35.0, 47.0]
[5.0, 5.0, 5.0, 5.0, 5.0, 5.0, 5.0, 5.0, 9.0, 9.0, 9.0, 9.0, 12.0, 12.0, 12.0, 12.0, 9.0, 9.0, 9.0, 9.0]
[5.0, 5.0, 5.0, 5.0, 5.0, 5.0, 5.0, 5.0, 9.0, 9.0, 9.0, 9.0, 8.0, 8.0, 8.0, 8.0, 9.0, 9.0, 9.0, 9.0]
T = 0.1677721600000001	 step = 442
99.10000000000002
24.33705743963068
[49.0, 6.0, 17.0, 36.0, 39.0, 27.0, 15.0, 35.0, 18.0, 35.0, 46.0, 18.0, 7.0, 21.0, 44.0, 8.0, 7.0, 6.0, 30.0, 47.0]
[25.0, 26.0, 47.0, 49.0, 26.0, 23.0, 27.0, 17.0, 36.0, 8.0, 12.0, 16.0, 47.0, 5.0, 34.0, 5.0, 36.0, 17.0, 35.0, 47.0]
[5.0, 5.0, 5.0, 5.0, 5.0, 5.0, 5.0, 5.0, 9.0, 9.0, 9.0, 9.0, 12.0, 12.0, 12.0, 12.0, 9.0, 9.0, 9.0, 9.0]
[5.0, 5.0, 5.0, 5.0, 5.0, 5.0, 5.0, 5.0, 9.0, 9.0, 9.0, 9.0, 8.0, 8.0, 8.0, 8.0, 9.0, 9.0, 9.0, 9.0]
T = 0.1677721600000001	 step = 443
99.14000000000004
24.21205743963068
[49.0, 6.0, 17.0, 36.0, 39.0, 27.0, 15.0, 35.0, 18.0, 35.0, 46.0, 18.0, 7.0, 21.0, 44.0, 8.0, 7.0, 6.0, 30.0, 47.0]
[25.0, 26.0, 47.0, 48.0, 26.0, 23.0, 27.0, 17.0, 36.0, 8.0, 12.0, 16.0, 47.0, 5.0, 34.0, 5.0, 36.0, 17.0, 35.0, 47.0]
[5.0, 5.0, 5.0, 5.0, 5.0, 5.0, 5.0, 5.0, 9.0, 9.0, 9.0, 9.0, 12.0, 12.0, 12.0, 12.0, 9.0, 9.0, 9.0, 9.0]
[5.0, 5.0, 5.0, 5.0, 5.0, 5.0, 5.0, 5.0, 9.0, 9.0, 9.0, 9.0, 8.0, 8.0, 8.0, 8.0, 9.0, 9.0, 9.0, 9.0]
T = 0.1677721600000001	 step = 444
99.20000000000005
24.221936700994316
[49.0, 6.0, 17.0, 36.0, 39.0, 27.0, 15.0, 35.0, 18.0, 35.0, 46.0, 18.0, 7.0, 21.0, 44.0, 8.0, 7.0, 6.0, 30.0, 47.0]
[25.0, 26.0, 47.0, 48.0, 26.0, 23.0, 27.0, 17.0, 36.0, 8.0, 12.0, 16.0, 47.0, 6.0, 34.0, 5.0, 36.0, 17.0, 35.0, 47.0]
[5.0, 5.0, 5.0, 5.0, 5.0, 5.0, 5.0, 5.0, 9.0, 9.0, 9.0, 9.0, 12.0, 12.0, 12.0, 12.0, 9.0, 9.0, 9.0, 9.0]
[5.0, 5.0, 5.0, 5.0, 5.0, 5.0, 5.0, 5.0, 9.0, 9.0, 9.0, 9.0, 8.0, 8.0, 8.0, 8.0, 9.0, 9.0, 9.0, 9.0]
T = 0.1677721600000001	 step = 445
99.32000000000005
24.25881170099432
[49.0, 6.0, 17.0, 36.0, 38.0, 27.0, 15.0, 35.0, 18.0, 35.0, 46.0, 18.0, 7.0, 21.0, 44.0, 8.0, 7.0, 6.0, 30.0, 47.0]
[25.0, 26.0, 47.0, 48.0, 26.0, 23.0, 27.0, 17.0, 36.0, 8.0, 12.0, 16.0, 47.0, 6.0, 34.0, 5.0, 36.0, 17.0, 35.0, 47.0]
[5.0, 5.0, 5.0, 5.0, 5.0, 5.0, 5.0, 5.0, 9.0, 9.0, 9.0, 9.0, 12.0, 12.0, 12.0, 12.0, 9.0, 9.0, 9.0, 9.0]
[5.0, 5.0, 5.0, 5.0, 5.0, 5.0, 5.0, 5.0, 9.0, 9.0, 9.0, 9.0, 8.0, 8.0, 8.0, 8.0, 9.0, 9.0, 9.0, 9.0]
T = 0.1677721600000001	 step = 446
99.34000000000003
24.19631170099432
[49.0, 6.0, 17.0, 36.0, 38.0, 27.0, 15.0, 35.0, 18.0, 35.0, 46.0, 18.0, 7.0, 21.0, 44.0, 8.0, 7.0, 6.0, 30.0, 46.0]
[25.0, 26.0, 47.0, 48.0, 26.0, 23.0, 27.0, 17.0, 36.0, 8.0, 12.0, 16.0, 47.0, 6.0, 34.0, 5.0, 36.0, 17.0, 35.0, 47.0]
[5.0, 5.0, 5.0, 5.0, 5.0, 5.0, 5.0, 5.0, 9.0, 9.0, 9.0, 9.0, 12.0, 12.0, 12.0, 12.0, 9.0, 9.0, 9.0, 9.0]
[5.0, 5.0, 5.0, 5.0, 5.0, 5.0, 5.0, 5.0, 9.0, 9.0, 9.0, 9.0, 8.0, 8.0, 8.0, 8.0, 9.0, 9.0, 9.0, 9.0]
T = 0.1677721600000001	 step = 447
98.31
26.264342151988636
[49.0, 6.0, 17.0, 36.0, 38.0, 27.0, 25.0, 35.0, 18.0, 35.0, 46.0, 18.0, 7.0, 21.0, 44.0, 8.0, 7.0, 6.0, 30.0, 46.0]
[25.0, 26.0, 47.0, 48.0, 26.0, 23.0, 49.0, 17.0, 36.0, 8.0, 12.0, 16.0, 47.0, 6.0, 34.0, 5.0, 36.0, 17.0, 35.0, 47.0]
[5.0, 5.0, 5.0, 5.0, 5.0, 5.0, 5.0, 5.0, 9.0, 9.0, 9.0, 9.0, 12.0, 12.0, 12.0, 12.0, 9.0, 9.0, 9.0, 9.0]
[5.0, 5.0, 5.0, 5.0, 5.0, 5.0, 5.0, 5.0, 9.0, 9.0, 9.0, 9.0, 8.0, 8.0, 8.0, 8.0, 9.0, 9.0, 9.0, 9.0]
T = 0.1677721600000001	 step = 448
98.49000000000001
26.326842151988636
[49.0, 6.0, 17.0, 36.0, 38.0, 27.0, 25.0, 34.0, 18.0, 35.0, 46.0, 18.0, 7.0, 21.0, 44.0, 8.0, 7.0, 6.0, 30.0, 46.0]
[25.0, 26.0, 47.0, 48.0, 26.0, 23.0, 49.0, 17.0, 36.0, 8.0, 12.0, 16.0, 47.0, 6.0, 34.0, 5.0, 36.0, 17.0, 35.0, 47.0]
[5.0, 5.0, 5.0, 5.0, 5.0, 5.0, 5.0, 5.0, 9.0, 9.0, 9.0, 9.0, 12.0, 12.0, 12.0, 12.0, 9.0, 9.0, 9.0, 9.0]
[5.0, 5.0, 5.0, 5.0, 5.0, 5.0, 5.0, 5.0, 9.0, 9.0, 9.0, 9.0, 8.0, 8.0, 8.0, 8.0, 9.0, 9.0, 9.0, 9.0]
T = 0.1677721600000001	 step = 449
98.49000000000001
26.22746715198863
[49.0, 6.0, 17.0, 35.0, 38.0, 27.0, 25.0, 34.0, 18.0, 35.0, 46.0, 18.0, 7.0, 21.0, 44.0, 8.0, 7.0, 6.0, 30.0, 46.0]
[25.0, 26.0, 47.0, 48.0, 26.0, 23.0, 49.0, 17.0, 36.0, 8.0, 12.0, 16.0, 47.0, 6.0, 34.0, 5.0, 36.0, 17.0, 35.0, 47.0]
[5.0, 5.0, 5.0, 5.0, 5.0, 5.0, 5.0, 5.0, 9.0, 9.0, 9.0, 9.0, 12.0, 12.0, 12.0, 12.0, 9.0, 9.0, 9.0, 9.0]
[5.0, 5.0, 5.0, 5.0, 5.0, 5.0, 5.0, 5.0, 9.0, 9.0, 9.0, 9.0, 8.0, 8.0, 8.0, 8.0, 9.0, 9.0, 9.0, 9.0]
T = 0.1677721600000001	 step = 450
98.51000000000005
26.16496715198863
[49.0, 6.0, 17.0, 35.0, 38.0, 27.0, 25.0, 34.0, 18.0, 35.0, 46.0, 18.0, 7.0, 21.0, 44.0, 8.0, 7.0, 7.0, 30.0, 46.0]
[25.0, 26.0, 47.0, 48.0, 26.0, 23.0, 49.0, 17.0, 36.0, 8.0, 12.0, 16.0, 47.0, 6.0, 34.0, 5.0, 36.0, 17.0, 35.0, 47.0]
[5.0, 5.0, 5.0, 5.0, 5.0, 5.0, 5.0, 5.0, 9.0, 9.0, 9.0, 9.0, 12.0, 12.0, 12.0, 12.0, 9.0, 9.0, 9.0, 9.0]
[5.0, 5.0, 5.0, 5.0, 5.0, 5.0, 5.0, 5.0, 9.0, 9.0, 9.0, 9.0, 8.0, 8.0, 8.0, 8.0, 9.0, 9.0, 9.0, 9.0]
T = 0.1677721600000001	 step = 451
98.5
26.22746715198863
[49.0, 6.0, 17.0, 35.0, 38.0, 27.0, 25.0, 34.0, 18.0, 35.0, 46.0, 18.0, 7.0, 21.0, 44.0, 8.0, 7.0, 7.0, 30.0, 46.0]
[25.0, 26.0, 47.0, 48.0, 26.0, 23.0, 49.0, 17.0, 36.0, 8.0, 12.0, 16.0, 48.0, 6.0, 34.0, 5.0, 36.0, 17.0, 35.0, 47.0]
[5.0, 5.0, 5.0, 5.0, 5.0, 5.0, 5.0, 5.0, 9.0, 9.0, 9.0, 9.0, 12.0, 12.0, 12.0, 12.0, 9.0, 9.0, 9.0, 9.0]
[5.0, 5.0, 5.0, 5.0, 5.0, 5.0, 5.0, 5.0, 9.0, 9.0, 9.0, 9.0, 8.0, 8.0, 8.0, 8.0, 9.0, 9.0, 9.0, 9.0]
T = 0.1677721600000001	 step = 452
98.53000000000003
26.10246715198863
[49.0, 6.0, 17.0, 35.0, 38.0, 27.0, 25.0, 34.0, 18.0, 35.0, 46.0, 18.0, 7.0, 21.0, 44.0, 8.0, 7.0, 7.0, 30.0, 46.0]
[25.0, 26.0, 47.0, 47.0, 26.0, 23.0, 49.0, 17.0, 36.0, 8.0, 12.0, 16.0, 48.0, 6.0, 34.0, 5.0, 36.0, 17.0, 35.0, 47.0]
[5.0, 5.0, 5.0, 5.0, 5.0, 5.0, 5.0, 5.0, 9.0, 9.0, 9.0, 9.0, 12.0, 12.0, 12.0, 12.0, 9.0, 9.0, 9.0, 9.0]
[5.0, 5.0, 5.0, 5.0, 5.0, 5.0, 5.0, 5.0, 9.0, 9.0, 9.0, 9.0, 8.0, 8.0, 8.0, 8.0, 9.0, 9.0, 9.0, 9.0]
T = 0.1677721600000001	 step = 453
98.79000000000002
26.10246715198863
[49.0, 6.0, 17.0, 35.0, 38.0, 27.0, 25.0, 34.0, 18.0, 35.0, 46.0, 18.0, 7.0, 21.0, 44.0, 8.0, 7.0, 7.0, 30.0, 46.0]
[25.0, 26.0, 47.0, 47.0, 26.0, 23.0, 49.0, 17.0, 36.0, 8.0, 12.0, 17.0, 48.0, 6.0, 34.0, 5.0, 36.0, 17.0, 35.0, 47.0]
[5.0, 5.0, 5.0, 5.0, 5.0, 5.0, 5.0, 5.0, 9.0, 9.0, 9.0, 9.0, 12.0, 12.0, 12.0, 12.0, 9.0, 9.0, 9.0, 9.0]
[5.0, 5.0, 5.0, 5.0, 5.0, 5.0, 5.0, 5.0, 9.0, 9.0, 9.0, 9.0, 8.0, 8.0, 8.0, 8.0, 9.0, 9.0, 9.0, 9.0]
T = 0.1677721600000001	 step = 454
100.02000000000004
23.73537198153409
[49.0, 6.0, 17.0, 17.0, 38.0, 27.0, 25.0, 34.0, 18.0, 35.0, 46.0, 18.0, 7.0, 21.0, 44.0, 8.0, 7.0, 7.0, 30.0, 46.0]
[25.0, 26.0, 47.0, 27.0, 26.0, 23.0, 49.0, 17.0, 36.0, 8.0, 12.0, 17.0, 48.0, 6.0, 34.0, 5.0, 36.0, 17.0, 35.0, 47.0]
[5.0, 5.0, 5.0, 5.0, 5.0, 5.0, 5.0, 5.0, 9.0, 9.0, 9.0, 9.0, 12.0, 12.0, 12.0, 12.0, 9.0, 9.0, 9.0, 9.0]
[5.0, 5.0, 5.0, 5.0, 5.0, 5.0, 5.0, 5.0, 9.0, 9.0, 9.0, 9.0, 8.0, 8.0, 8.0, 8.0, 9.0, 9.0, 9.0, 9.0]
T = 0.1677721600000001	 step = 455
100.0
23.708560901988633
[49.0, 6.0, 17.0, 17.0, 38.0, 27.0, 25.0, 34.0, 18.0, 35.0, 46.0, 18.0, 7.0, 21.0, 44.0, 8.0, 6.0, 7.0, 30.0, 46.0]
[25.0, 26.0, 47.0, 27.0, 26.0, 23.0, 49.0, 17.0, 36.0, 8.0, 12.0, 17.0, 48.0, 6.0, 34.0, 5.0, 36.0, 17.0, 35.0, 47.0]
[5.0, 5.0, 5.0, 5.0, 5.0, 5.0, 5.0, 5.0, 9.0, 9.0, 9.0, 9.0, 12.0, 12.0, 12.0, 12.0, 9.0, 9.0, 9.0, 9.0]
[5.0, 5.0, 5.0, 5.0, 5.0, 5.0, 5.0, 5.0, 9.0, 9.0, 9.0, 9.0, 8.0, 8.0, 8.0, 8.0, 9.0, 9.0, 9.0, 9.0]
T = 0.1677721600000001	 step = 456
100.02000000000004
23.646060901988633
[49.0, 6.0, 17.0, 17.0, 38.0, 27.0, 25.0, 34.0, 18.0, 35.0, 46.0, 18.0, 7.0, 21.0, 44.0, 8.0, 6.0, 7.0, 30.0, 46.0]
[25.0, 26.0, 47.0, 27.0, 26.0, 23.0, 49.0, 17.0, 36.0, 8.0, 12.0, 17.0, 48.0, 6.0, 34.0, 6.0, 36.0, 17.0, 35.0, 47.0]
[5.0, 5.0, 5.0, 5.0, 5.0, 5.0, 5.0, 5.0, 9.0, 9.0, 9.0, 9.0, 12.0, 12.0, 12.0, 12.0, 9.0, 9.0, 9.0, 9.0]
[5.0, 5.0, 5.0, 5.0, 5.0, 5.0, 5.0, 5.0, 9.0, 9.0, 9.0, 9.0, 8.0, 8.0, 8.0, 8.0, 9.0, 9.0, 9.0, 9.0]
T = 0.1677721600000001	 step = 457
100.14000000000004
23.521060901988633
[49.0, 6.0, 17.0, 17.0, 38.0, 27.0, 25.0, 34.0, 18.0, 35.0, 46.0, 18.0, 7.0, 21.0, 44.0, 8.0, 6.0, 7.0, 30.0, 46.0]
[25.0, 26.0, 47.0, 27.0, 26.0, 23.0, 49.0, 18.0, 36.0, 8.0, 12.0, 17.0, 48.0, 6.0, 34.0, 6.0, 36.0, 17.0, 35.0, 47.0]
[5.0, 5.0, 5.0, 5.0, 5.0, 5.0, 5.0, 5.0, 9.0, 9.0, 9.0, 9.0, 12.0, 12.0, 12.0, 12.0, 9.0, 9.0, 9.0, 9.0]
[5.0, 5.0, 5.0, 5.0, 5.0, 5.0, 5.0, 5.0, 9.0, 9.0, 9.0, 9.0, 8.0, 8.0, 8.0, 8.0, 9.0, 9.0, 9.0, 9.0]
T = 0.1677721600000001	 step = 458
100.13
23.583560901988633
[49.0, 6.0, 17.0, 17.0, 38.0, 27.0, 25.0, 34.0, 18.0, 35.0, 46.0, 18.0, 7.0, 21.0, 44.0, 8.0, 6.0, 7.0, 30.0, 47.0]
[25.0, 26.0, 47.0, 27.0, 26.0, 23.0, 49.0, 18.0, 36.0, 8.0, 12.0, 17.0, 48.0, 6.0, 34.0, 6.0, 36.0, 17.0, 35.0, 47.0]
[5.0, 5.0, 5.0, 5.0, 5.0, 5.0, 5.0, 5.0, 9.0, 9.0, 9.0, 9.0, 12.0, 12.0, 12.0, 12.0, 9.0, 9.0, 9.0, 9.0]
[5.0, 5.0, 5.0, 5.0, 5.0, 5.0, 5.0, 5.0, 9.0, 9.0, 9.0, 9.0, 8.0, 8.0, 8.0, 8.0, 9.0, 9.0, 9.0, 9.0]
T = 0.1677721600000001	 step = 459
100.07000000000005
23.573681640624997
[49.0, 6.0, 17.0, 17.0, 38.0, 27.0, 25.0, 34.0, 18.0, 35.0, 46.0, 18.0, 7.0, 21.0, 44.0, 8.0, 6.0, 7.0, 30.0, 47.0]
[25.0, 26.0, 47.0, 27.0, 26.0, 23.0, 49.0, 18.0, 36.0, 8.0, 12.0, 17.0, 48.0, 5.0, 34.0, 6.0, 36.0, 17.0, 35.0, 47.0]
[5.0, 5.0, 5.0, 5.0, 5.0, 5.0, 5.0, 5.0, 9.0, 9.0, 9.0, 9.0, 12.0, 12.0, 12.0, 12.0, 9.0, 9.0, 9.0, 9.0]
[5.0, 5.0, 5.0, 5.0, 5.0, 5.0, 5.0, 5.0, 9.0, 9.0, 9.0, 9.0, 8.0, 8.0, 8.0, 8.0, 9.0, 9.0, 9.0, 9.0]
T = 0.1677721600000001	 step = 460
99.91000000000003
23.698681640624997
[49.0, 6.0, 17.0, 17.0, 38.0, 27.0, 25.0, 34.0, 18.0, 35.0, 47.0, 18.0, 7.0, 21.0, 44.0, 8.0, 6.0, 7.0, 30.0, 47.0]
[25.0, 26.0, 47.0, 27.0, 26.0, 23.0, 49.0, 18.0, 36.0, 8.0, 12.0, 17.0, 48.0, 5.0, 34.0, 6.0, 36.0, 17.0, 35.0, 47.0]
[5.0, 5.0, 5.0, 5.0, 5.0, 5.0, 5.0, 5.0, 9.0, 9.0, 9.0, 9.0, 12.0, 12.0, 12.0, 12.0, 9.0, 9.0, 9.0, 9.0]
[5.0, 5.0, 5.0, 5.0, 5.0, 5.0, 5.0, 5.0, 9.0, 9.0, 9.0, 9.0, 8.0, 8.0, 8.0, 8.0, 9.0, 9.0, 9.0, 9.0]
T = 0.1677721600000001	 step = 461
99.95000000000005
23.76222700639204
[49.0, 6.0, 17.0, 17.0, 38.0, 27.0, 25.0, 34.0, 18.0, 35.0, 47.0, 18.0, 7.0, 21.0, 43.0, 8.0, 6.0, 7.0, 30.0, 47.0]
[25.0, 26.0, 47.0, 27.0, 26.0, 23.0, 49.0, 18.0, 36.0, 8.0, 12.0, 17.0, 48.0, 5.0, 34.0, 6.0, 36.0, 17.0, 35.0, 47.0]
[5.0, 5.0, 5.0, 5.0, 5.0, 5.0, 5.0, 5.0, 9.0, 9.0, 9.0, 9.0, 12.0, 12.0, 12.0, 12.0, 9.0, 9.0, 9.0, 9.0]
[5.0, 5.0, 5.0, 5.0, 5.0, 5.0, 5.0, 5.0, 9.0, 9.0, 9.0, 9.0, 8.0, 8.0, 8.0, 8.0, 9.0, 9.0, 9.0, 9.0]
T = 0.1677721600000001	 step = 462
100.0
23.704698597301135
[49.0, 6.0, 17.0, 17.0, 38.0, 27.0, 25.0, 34.0, 18.0, 35.0, 47.0, 18.0, 7.0, 21.0, 43.0, 8.0, 6.0, 7.0, 30.0, 47.0]
[25.0, 26.0, 47.0, 26.0, 26.0, 23.0, 49.0, 18.0, 36.0, 8.0, 12.0, 17.0, 48.0, 5.0, 34.0, 6.0, 36.0, 17.0, 35.0, 47.0]
[5.0, 5.0, 5.0, 5.0, 5.0, 5.0, 5.0, 5.0, 9.0, 9.0, 9.0, 9.0, 12.0, 12.0, 12.0, 12.0, 9.0, 9.0, 9.0, 9.0]
[5.0, 5.0, 5.0, 5.0, 5.0, 5.0, 5.0, 5.0, 9.0, 9.0, 9.0, 9.0, 8.0, 8.0, 8.0, 8.0, 9.0, 9.0, 9.0, 9.0]
T = 0.1677721600000001	 step = 463
99.94
23.767867986505678
[49.0, 6.0, 17.0, 17.0, 38.0, 27.0, 25.0, 34.0, 18.0, 35.0, 47.0, 18.0, 7.0, 21.0, 43.0, 8.0, 6.0, 7.0, 30.0, 47.0]
[25.0, 26.0, 47.0, 26.0, 26.0, 23.0, 49.0, 18.0, 36.0, 8.0, 12.0, 17.0, 48.0, 5.0, 34.0, 6.0, 36.0, 17.0, 36.0, 47.0]
[5.0, 5.0, 5.0, 5.0, 5.0, 5.0, 5.0, 5.0, 9.0, 9.0, 9.0, 9.0, 12.0, 12.0, 12.0, 12.0, 9.0, 9.0, 9.0, 9.0]
[5.0, 5.0, 5.0, 5.0, 5.0, 5.0, 5.0, 5.0, 9.0, 9.0, 9.0, 9.0, 8.0, 8.0, 8.0, 8.0, 9.0, 9.0, 9.0, 9.0]
T = 0.1677721600000001	 step = 464
99.91000000000003
23.828653231534087
[49.0, 6.0, 17.0, 17.0, 38.0, 27.0, 25.0, 34.0, 18.0, 35.0, 47.0, 18.0, 7.0, 21.0, 43.0, 8.0, 6.0, 7.0, 30.0, 47.0]
[25.0, 26.0, 47.0, 26.0, 26.0, 23.0, 49.0, 18.0, 36.0, 8.0, 12.0, 17.0, 48.0, 5.0, 34.0, 5.0, 36.0, 17.0, 36.0, 47.0]
[5.0, 5.0, 5.0, 5.0, 5.0, 5.0, 5.0, 5.0, 9.0, 9.0, 9.0, 9.0, 12.0, 12.0, 12.0, 12.0, 9.0, 9.0, 9.0, 9.0]
[5.0, 5.0, 5.0, 5.0, 5.0, 5.0, 5.0, 5.0, 9.0, 9.0, 9.0, 9.0, 8.0, 8.0, 8.0, 8.0, 9.0, 9.0, 9.0, 9.0]
T = 0.1677721600000001	 step = 465
99.73000000000002
23.766153231534087
[49.0, 6.0, 17.0, 17.0, 38.0, 27.0, 25.0, 35.0, 18.0, 35.0, 47.0, 18.0, 7.0, 21.0, 43.0, 8.0, 6.0, 7.0, 30.0, 47.0]
[25.0, 26.0, 47.0, 26.0, 26.0, 23.0, 49.0, 18.0, 36.0, 8.0, 12.0, 17.0, 48.0, 5.0, 34.0, 5.0, 36.0, 17.0, 36.0, 47.0]
[5.0, 5.0, 5.0, 5.0, 5.0, 5.0, 5.0, 5.0, 9.0, 9.0, 9.0, 9.0, 12.0, 12.0, 12.0, 12.0, 9.0, 9.0, 9.0, 9.0]
[5.0, 5.0, 5.0, 5.0, 5.0, 5.0, 5.0, 5.0, 9.0, 9.0, 9.0, 9.0, 8.0, 8.0, 8.0, 8.0, 9.0, 9.0, 9.0, 9.0]
T = 0.1677721600000001	 step = 466
99.73000000000002
23.827310901988632
[49.0, 6.0, 17.0, 17.0, 38.0, 27.0, 26.0, 35.0, 18.0, 35.0, 47.0, 18.0, 7.0, 21.0, 43.0, 8.0, 6.0, 7.0, 30.0, 47.0]
[25.0, 26.0, 47.0, 26.0, 26.0, 23.0, 49.0, 18.0, 36.0, 8.0, 12.0, 17.0, 48.0, 5.0, 34.0, 5.0, 36.0, 17.0, 36.0, 47.0]
[5.0, 5.0, 5.0, 5.0, 5.0, 5.0, 5.0, 5.0, 9.0, 9.0, 9.0, 9.0, 12.0, 12.0, 12.0, 12.0, 9.0, 9.0, 9.0, 9.0]
[5.0, 5.0, 5.0, 5.0, 5.0, 5.0, 5.0, 5.0, 9.0, 9.0, 9.0, 9.0, 8.0, 8.0, 8.0, 8.0, 9.0, 9.0, 9.0, 9.0]
T = 0.1677721600000001	 step = 467
99.89000000000004
23.702488458806815
[49.0, 6.0, 17.0, 17.0, 38.0, 27.0, 26.0, 35.0, 18.0, 35.0, 46.0, 18.0, 7.0, 21.0, 43.0, 8.0, 6.0, 7.0, 30.0, 47.0]
[25.0, 26.0, 47.0, 26.0, 26.0, 23.0, 49.0, 18.0, 36.0, 8.0, 12.0, 17.0, 48.0, 5.0, 34.0, 5.0, 36.0, 17.0, 36.0, 47.0]
[5.0, 5.0, 5.0, 5.0, 5.0, 5.0, 5.0, 5.0, 9.0, 9.0, 9.0, 9.0, 12.0, 12.0, 12.0, 12.0, 9.0, 9.0, 9.0, 9.0]
[5.0, 5.0, 5.0, 5.0, 5.0, 5.0, 5.0, 5.0, 9.0, 9.0, 9.0, 9.0, 8.0, 8.0, 8.0, 8.0, 9.0, 9.0, 9.0, 9.0]
T = 0.1677721600000001	 step = 468
99.94
23.577488458806815
[49.0, 6.0, 17.0, 17.0, 38.0, 27.0, 26.0, 35.0, 18.0, 35.0, 46.0, 18.0, 7.0, 21.0, 43.0, 8.0, 6.0, 7.0, 30.0, 47.0]
[25.0, 26.0, 47.0, 26.0, 26.0, 23.0, 48.0, 18.0, 36.0, 8.0, 12.0, 17.0, 48.0, 5.0, 34.0, 5.0, 36.0, 17.0, 36.0, 47.0]
[5.0, 5.0, 5.0, 5.0, 5.0, 5.0, 5.0, 5.0, 9.0, 9.0, 9.0, 9.0, 12.0, 12.0, 12.0, 12.0, 9.0, 9.0, 9.0, 9.0]
[5.0, 5.0, 5.0, 5.0, 5.0, 5.0, 5.0, 5.0, 9.0, 9.0, 9.0, 9.0, 8.0, 8.0, 8.0, 8.0, 9.0, 9.0, 9.0, 9.0]
T = 0.1677721600000001	 step = 469
99.85000000000002
23.702310901988632
[49.0, 6.0, 17.0, 17.0, 38.0, 27.0, 26.0, 35.0, 18.0, 35.0, 46.0, 18.0, 7.0, 21.0, 43.0, 8.0, 6.0, 7.0, 30.0, 47.0]
[25.0, 26.0, 47.0, 26.0, 26.0, 23.0, 48.0, 18.0, 36.0, 8.0, 11.0, 17.0, 48.0, 5.0, 34.0, 5.0, 36.0, 17.0, 36.0, 47.0]
[5.0, 5.0, 5.0, 5.0, 5.0, 5.0, 5.0, 5.0, 9.0, 9.0, 9.0, 9.0, 12.0, 12.0, 12.0, 12.0, 9.0, 9.0, 9.0, 9.0]
[5.0, 5.0, 5.0, 5.0, 5.0, 5.0, 5.0, 5.0, 9.0, 9.0, 9.0, 9.0, 8.0, 8.0, 8.0, 8.0, 9.0, 9.0, 9.0, 9.0]
T = 0.1677721600000001	 step = 470
99.85000000000002
23.64115323153409
[49.0, 6.0, 17.0, 17.0, 38.0, 27.0, 25.0, 35.0, 18.0, 35.0, 46.0, 18.0, 7.0, 21.0, 43.0, 8.0, 6.0, 7.0, 30.0, 47.0]
[25.0, 26.0, 47.0, 26.0, 26.0, 23.0, 48.0, 18.0, 36.0, 8.0, 11.0, 17.0, 48.0, 5.0, 34.0, 5.0, 36.0, 17.0, 36.0, 47.0]
[5.0, 5.0, 5.0, 5.0, 5.0, 5.0, 5.0, 5.0, 9.0, 9.0, 9.0, 9.0, 12.0, 12.0, 12.0, 12.0, 9.0, 9.0, 9.0, 9.0]
[5.0, 5.0, 5.0, 5.0, 5.0, 5.0, 5.0, 5.0, 9.0, 9.0, 9.0, 9.0, 8.0, 8.0, 8.0, 8.0, 9.0, 9.0, 9.0, 9.0]
T = 0.1677721600000001	 step = 471
99.85000000000002
23.702310901988632
[49.0, 6.0, 17.0, 17.0, 38.0, 27.0, 26.0, 35.0, 18.0, 35.0, 46.0, 18.0, 7.0, 21.0, 43.0, 8.0, 6.0, 7.0, 30.0, 47.0]
[25.0, 26.0, 47.0, 26.0, 26.0, 23.0, 48.0, 18.0, 36.0, 8.0, 11.0, 17.0, 48.0, 5.0, 34.0, 5.0, 36.0, 17.0, 36.0, 47.0]
[5.0, 5.0, 5.0, 5.0, 5.0, 5.0, 5.0, 5.0, 9.0, 9.0, 9.0, 9.0, 12.0, 12.0, 12.0, 12.0, 9.0, 9.0, 9.0, 9.0]
[5.0, 5.0, 5.0, 5.0, 5.0, 5.0, 5.0, 5.0, 9.0, 9.0, 9.0, 9.0, 8.0, 8.0, 8.0, 8.0, 9.0, 9.0, 9.0, 9.0]
T = 0.1677721600000001	 step = 472
99.90000000000003
23.65296253551136
[49.0, 6.0, 17.0, 17.0, 38.0, 27.0, 26.0, 35.0, 18.0, 35.0, 46.0, 18.0, 7.0, 21.0, 43.0, 8.0, 6.0, 7.0, 30.0, 47.0]
[25.0, 26.0, 47.0, 26.0, 25.0, 23.0, 48.0, 18.0, 36.0, 8.0, 11.0, 17.0, 48.0, 5.0, 34.0, 5.0, 36.0, 17.0, 36.0, 47.0]
[5.0, 5.0, 5.0, 5.0, 5.0, 5.0, 5.0, 5.0, 9.0, 9.0, 9.0, 9.0, 12.0, 12.0, 12.0, 12.0, 9.0, 9.0, 9.0, 9.0]
[5.0, 5.0, 5.0, 5.0, 5.0, 5.0, 5.0, 5.0, 9.0, 9.0, 9.0, 9.0, 8.0, 8.0, 8.0, 8.0, 9.0, 9.0, 9.0, 9.0]
T = 0.1677721600000001	 step = 473
99.91000000000003
23.633786399147724
[49.0, 6.0, 18.0, 17.0, 38.0, 27.0, 26.0, 35.0, 18.0, 35.0, 46.0, 18.0, 7.0, 21.0, 43.0, 8.0, 6.0, 7.0, 30.0, 47.0]
[25.0, 26.0, 47.0, 26.0, 25.0, 23.0, 48.0, 18.0, 36.0, 8.0, 11.0, 17.0, 48.0, 5.0, 34.0, 5.0, 36.0, 17.0, 36.0, 47.0]
[5.0, 5.0, 5.0, 5.0, 5.0, 5.0, 5.0, 5.0, 9.0, 9.0, 9.0, 9.0, 12.0, 12.0, 12.0, 12.0, 9.0, 9.0, 9.0, 9.0]
[5.0, 5.0, 5.0, 5.0, 5.0, 5.0, 5.0, 5.0, 9.0, 9.0, 9.0, 9.0, 8.0, 8.0, 8.0, 8.0, 9.0, 9.0, 9.0, 9.0]
T = 0.1677721600000001	 step = 474
99.78000000000003
23.614610262784087
[49.0, 6.0, 18.0, 16.0, 38.0, 27.0, 26.0, 35.0, 18.0, 35.0, 46.0, 18.0, 7.0, 21.0, 43.0, 8.0, 6.0, 7.0, 30.0, 47.0]
[25.0, 26.0, 47.0, 26.0, 25.0, 23.0, 48.0, 18.0, 36.0, 8.0, 11.0, 17.0, 48.0, 5.0, 34.0, 5.0, 36.0, 17.0, 36.0, 47.0]
[5.0, 5.0, 5.0, 5.0, 5.0, 5.0, 5.0, 5.0, 9.0, 9.0, 9.0, 9.0, 12.0, 12.0, 12.0, 12.0, 9.0, 9.0, 9.0, 9.0]
[5.0, 5.0, 5.0, 5.0, 5.0, 5.0, 5.0, 5.0, 9.0, 9.0, 9.0, 9.0, 8.0, 8.0, 8.0, 8.0, 9.0, 9.0, 9.0, 9.0]
T = 0.1677721600000001	 step = 475
99.99000000000001
23.54145685369318
[49.0, 6.0, 18.0, 16.0, 38.0, 27.0, 26.0, 35.0, 18.0, 35.0, 46.0, 18.0, 7.0, 21.0, 43.0, 8.0, 6.0, 7.0, 30.0, 47.0]
[25.0, 26.0, 47.0, 26.0, 25.0, 23.0, 48.0, 18.0, 36.0, 9.0, 11.0, 17.0, 48.0, 5.0, 34.0, 5.0, 36.0, 17.0, 36.0, 47.0]
[5.0, 5.0, 5.0, 5.0, 5.0, 5.0, 5.0, 5.0, 9.0, 9.0, 9.0, 9.0, 12.0, 12.0, 12.0, 12.0, 9.0, 9.0, 9.0, 9.0]
[5.0, 5.0, 5.0, 5.0, 5.0, 5.0, 5.0, 5.0, 9.0, 9.0, 9.0, 9.0, 8.0, 8.0, 8.0, 8.0, 9.0, 9.0, 9.0, 9.0]
T = 0.1677721600000001	 step = 476
99.99000000000001
23.678422407670453
[49.0, 6.0, 18.0, 16.0, 38.0, 27.0, 26.0, 35.0, 18.0, 35.0, 46.0, 18.0, 7.0, 21.0, 43.0, 8.0, 6.0, 7.0, 30.0, 47.0]
[22.0, 26.0, 47.0, 26.0, 25.0, 23.0, 48.0, 18.0, 36.0, 9.0, 11.0, 17.0, 48.0, 5.0, 34.0, 5.0, 36.0, 17.0, 36.0, 47.0]
[5.0, 5.0, 5.0, 5.0, 5.0, 5.0, 5.0, 5.0, 9.0, 9.0, 9.0, 9.0, 12.0, 12.0, 12.0, 12.0, 9.0, 9.0, 9.0, 9.0]
[5.0, 5.0, 5.0, 5.0, 5.0, 5.0, 5.0, 5.0, 9.0, 9.0, 9.0, 9.0, 8.0, 8.0, 8.0, 8.0, 9.0, 9.0, 9.0, 9.0]
T = 0.1677721600000001	 step = 477
99.76000000000005
23.678422407670453
[49.0, 6.0, 18.0, 16.0, 38.0, 27.0, 26.0, 35.0, 18.0, 35.0, 46.0, 18.0, 7.0, 21.0, 43.0, 8.0, 6.0, 7.0, 30.0, 47.0]
[22.0, 26.0, 47.0, 26.0, 25.0, 23.0, 48.0, 18.0, 37.0, 9.0, 11.0, 17.0, 48.0, 5.0, 34.0, 5.0, 36.0, 17.0, 36.0, 47.0]
[5.0, 5.0, 5.0, 5.0, 5.0, 5.0, 5.0, 5.0, 9.0, 9.0, 9.0, 9.0, 12.0, 12.0, 12.0, 12.0, 9.0, 9.0, 9.0, 9.0]
[5.0, 5.0, 5.0, 5.0, 5.0, 5.0, 5.0, 5.0, 9.0, 9.0, 9.0, 9.0, 8.0, 8.0, 8.0, 8.0, 9.0, 9.0, 9.0, 9.0]
T = 0.1677721600000001	 step = 478
99.51000000000005
23.678422407670453
[49.0, 6.0, 18.0, 16.0, 38.0, 27.0, 26.0, 35.0, 18.0, 35.0, 46.0, 18.0, 7.0, 21.0, 43.0, 8.0, 6.0, 7.0, 30.0, 47.0]
[22.0, 26.0, 47.0, 26.0, 25.0, 23.0, 48.0, 18.0, 37.0, 9.0, 11.0, 16.0, 48.0, 5.0, 34.0, 5.0, 36.0, 17.0, 36.0, 47.0]
[5.0, 5.0, 5.0, 5.0, 5.0, 5.0, 5.0, 5.0, 9.0, 9.0, 9.0, 9.0, 12.0, 12.0, 12.0, 12.0, 9.0, 9.0, 9.0, 9.0]
[5.0, 5.0, 5.0, 5.0, 5.0, 5.0, 5.0, 5.0, 9.0, 9.0, 9.0, 9.0, 8.0, 8.0, 8.0, 8.0, 9.0, 9.0, 9.0, 9.0]
T = 0.13421772800000006	 step = 479
99.52000000000004
23.615922407670453
[49.0, 6.0, 18.0, 16.0, 38.0, 27.0, 26.0, 35.0, 18.0, 35.0, 46.0, 18.0, 7.0, 21.0, 43.0, 8.0, 6.0, 7.0, 30.0, 46.0]
[22.0, 26.0, 47.0, 26.0, 25.0, 23.0, 48.0, 18.0, 37.0, 9.0, 11.0, 16.0, 48.0, 5.0, 34.0, 5.0, 36.0, 17.0, 36.0, 47.0]
[5.0, 5.0, 5.0, 5.0, 5.0, 5.0, 5.0, 5.0, 9.0, 9.0, 9.0, 9.0, 12.0, 12.0, 12.0, 12.0, 9.0, 9.0, 9.0, 9.0]
[5.0, 5.0, 5.0, 5.0, 5.0, 5.0, 5.0, 5.0, 9.0, 9.0, 9.0, 9.0, 8.0, 8.0, 8.0, 8.0, 9.0, 9.0, 9.0, 9.0]
T = 0.13421772800000006	 step = 480
99.48000000000002
23.665270774147725
[49.0, 6.0, 18.0, 16.0, 38.0, 27.0, 26.0, 35.0, 18.0, 35.0, 46.0, 18.0, 7.0, 21.0, 43.0, 8.0, 6.0, 7.0, 30.0, 46.0]
[22.0, 26.0, 47.0, 26.0, 26.0, 23.0, 48.0, 18.0, 37.0, 9.0, 11.0, 16.0, 48.0, 5.0, 34.0, 5.0, 36.0, 17.0, 36.0, 47.0]
[5.0, 5.0, 5.0, 5.0, 5.0, 5.0, 5.0, 5.0, 9.0, 9.0, 9.0, 9.0, 12.0, 12.0, 12.0, 12.0, 9.0, 9.0, 9.0, 9.0]
[5.0, 5.0, 5.0, 5.0, 5.0, 5.0, 5.0, 5.0, 9.0, 9.0, 9.0, 9.0, 8.0, 8.0, 8.0, 8.0, 9.0, 9.0, 9.0, 9.0]
T = 0.13421772800000006	 step = 481
99.60000000000002
23.540270774147725
[49.0, 6.0, 18.0, 16.0, 38.0, 27.0, 26.0, 35.0, 18.0, 34.0, 46.0, 18.0, 7.0, 21.0, 43.0, 8.0, 6.0, 7.0, 30.0, 46.0]
[22.0, 26.0, 47.0, 26.0, 26.0, 23.0, 48.0, 18.0, 37.0, 9.0, 11.0, 16.0, 48.0, 5.0, 34.0, 5.0, 36.0, 17.0, 36.0, 47.0]
[5.0, 5.0, 5.0, 5.0, 5.0, 5.0, 5.0, 5.0, 9.0, 9.0, 9.0, 9.0, 12.0, 12.0, 12.0, 12.0, 9.0, 9.0, 9.0, 9.0]
[5.0, 5.0, 5.0, 5.0, 5.0, 5.0, 5.0, 5.0, 9.0, 9.0, 9.0, 9.0, 8.0, 8.0, 8.0, 8.0, 9.0, 9.0, 9.0, 9.0]
T = 0.13421772800000006	 step = 482
99.65000000000003
23.540270774147725
[49.0, 6.0, 18.0, 16.0, 38.0, 27.0, 26.0, 35.0, 18.0, 34.0, 46.0, 18.0, 7.0, 21.0, 43.0, 8.0, 6.0, 7.0, 30.0, 46.0]
[22.0, 26.0, 47.0, 25.0, 26.0, 23.0, 48.0, 18.0, 37.0, 9.0, 11.0, 16.0, 48.0, 5.0, 34.0, 5.0, 36.0, 17.0, 36.0, 47.0]
[5.0, 5.0, 5.0, 5.0, 5.0, 5.0, 5.0, 5.0, 9.0, 9.0, 9.0, 9.0, 12.0, 12.0, 12.0, 12.0, 9.0, 9.0, 9.0, 9.0]
[5.0, 5.0, 5.0, 5.0, 5.0, 5.0, 5.0, 5.0, 9.0, 9.0, 9.0, 9.0, 8.0, 8.0, 8.0, 8.0, 9.0, 9.0, 9.0, 9.0]
T = 0.13421772800000006	 step = 483
99.42000000000002
23.540270774147725
[49.0, 6.0, 18.0, 16.0, 38.0, 27.0, 26.0, 35.0, 18.0, 34.0, 46.0, 18.0, 7.0, 21.0, 43.0, 8.0, 6.0, 7.0, 30.0, 46.0]
[22.0, 26.0, 47.0, 25.0, 26.0, 23.0, 48.0, 18.0, 38.0, 9.0, 11.0, 16.0, 48.0, 5.0, 34.0, 5.0, 36.0, 17.0, 36.0, 47.0]
[5.0, 5.0, 5.0, 5.0, 5.0, 5.0, 5.0, 5.0, 9.0, 9.0, 9.0, 9.0, 12.0, 12.0, 12.0, 12.0, 9.0, 9.0, 9.0, 9.0]
[5.0, 5.0, 5.0, 5.0, 5.0, 5.0, 5.0, 5.0, 9.0, 9.0, 9.0, 9.0, 8.0, 8.0, 8.0, 8.0, 9.0, 9.0, 9.0, 9.0]
T = 0.13421772800000006	 step = 484
99.44
23.477770774147725
[49.0, 6.0, 18.0, 16.0, 38.0, 27.0, 26.0, 35.0, 18.0, 34.0, 46.0, 18.0, 8.0, 21.0, 43.0, 8.0, 6.0, 7.0, 30.0, 46.0]
[22.0, 26.0, 47.0, 25.0, 26.0, 23.0, 48.0, 18.0, 38.0, 9.0, 11.0, 16.0, 48.0, 5.0, 34.0, 5.0, 36.0, 17.0, 36.0, 47.0]
[5.0, 5.0, 5.0, 5.0, 5.0, 5.0, 5.0, 5.0, 9.0, 9.0, 9.0, 9.0, 12.0, 12.0, 12.0, 12.0, 9.0, 9.0, 9.0, 9.0]
[5.0, 5.0, 5.0, 5.0, 5.0, 5.0, 5.0, 5.0, 9.0, 9.0, 9.0, 9.0, 8.0, 8.0, 8.0, 8.0, 9.0, 9.0, 9.0, 9.0]
T = 0.13421772800000006	 step = 485
99.40000000000003
23.602770774147725
[49.0, 6.0, 18.0, 16.0, 38.0, 27.0, 26.0, 35.0, 18.0, 34.0, 46.0, 18.0, 8.0, 21.0, 43.0, 8.0, 6.0, 7.0, 30.0, 46.0]
[22.0, 26.0, 48.0, 25.0, 26.0, 23.0, 48.0, 18.0, 38.0, 9.0, 11.0, 16.0, 48.0, 5.0, 34.0, 5.0, 36.0, 17.0, 36.0, 47.0]
[5.0, 5.0, 5.0, 5.0, 5.0, 5.0, 5.0, 5.0, 9.0, 9.0, 9.0, 9.0, 12.0, 12.0, 12.0, 12.0, 9.0, 9.0, 9.0, 9.0]
[5.0, 5.0, 5.0, 5.0, 5.0, 5.0, 5.0, 5.0, 9.0, 9.0, 9.0, 9.0, 8.0, 8.0, 8.0, 8.0, 9.0, 9.0, 9.0, 9.0]
T = 0.13421772800000006	 step = 486
99.37
23.665270774147725
[49.0, 6.0, 18.0, 16.0, 38.0, 27.0, 26.0, 35.0, 18.0, 34.0, 46.0, 18.0, 8.0, 21.0, 43.0, 8.0, 6.0, 6.0, 30.0, 46.0]
[22.0, 26.0, 48.0, 25.0, 26.0, 23.0, 48.0, 18.0, 38.0, 9.0, 11.0, 16.0, 48.0, 5.0, 34.0, 5.0, 36.0, 17.0, 36.0, 47.0]
[5.0, 5.0, 5.0, 5.0, 5.0, 5.0, 5.0, 5.0, 9.0, 9.0, 9.0, 9.0, 12.0, 12.0, 12.0, 12.0, 9.0, 9.0, 9.0, 9.0]
[5.0, 5.0, 5.0, 5.0, 5.0, 5.0, 5.0, 5.0, 9.0, 9.0, 9.0, 9.0, 8.0, 8.0, 8.0, 8.0, 9.0, 9.0, 9.0, 9.0]
T = 0.13421772800000006	 step = 487
99.40000000000003
23.602770774147725
[49.0, 6.0, 18.0, 16.0, 38.0, 27.0, 26.0, 35.0, 18.0, 34.0, 46.0, 18.0, 8.0, 21.0, 43.0, 8.0, 6.0, 7.0, 30.0, 46.0]
[22.0, 26.0, 48.0, 25.0, 26.0, 23.0, 48.0, 18.0, 38.0, 9.0, 11.0, 16.0, 48.0, 5.0, 34.0, 5.0, 36.0, 17.0, 36.0, 47.0]
[5.0, 5.0, 5.0, 5.0, 5.0, 5.0, 5.0, 5.0, 9.0, 9.0, 9.0, 9.0, 12.0, 12.0, 12.0, 12.0, 9.0, 9.0, 9.0, 9.0]
[5.0, 5.0, 5.0, 5.0, 5.0, 5.0, 5.0, 5.0, 9.0, 9.0, 9.0, 9.0, 8.0, 8.0, 8.0, 8.0, 9.0, 9.0, 9.0, 9.0]
T = 0.13421772800000006	 step = 488
99.34000000000003
23.665270774147725
[49.0, 6.0, 18.0, 16.0, 38.0, 27.0, 26.0, 35.0, 18.0, 34.0, 46.0, 18.0, 8.0, 21.0, 43.0, 8.0, 6.0, 7.0, 30.0, 46.0]
[22.0, 26.0, 48.0, 25.0, 26.0, 23.0, 48.0, 18.0, 38.0, 9.0, 11.0, 16.0, 48.0, 5.0, 34.0, 5.0, 36.0, 17.0, 37.0, 47.0]
[5.0, 5.0, 5.0, 5.0, 5.0, 5.0, 5.0, 5.0, 9.0, 9.0, 9.0, 9.0, 12.0, 12.0, 12.0, 12.0, 9.0, 9.0, 9.0, 9.0]
[5.0, 5.0, 5.0, 5.0, 5.0, 5.0, 5.0, 5.0, 9.0, 9.0, 9.0, 9.0, 8.0, 8.0, 8.0, 8.0, 9.0, 9.0, 9.0, 9.0]
T = 0.13421772800000006	 step = 489
99.40000000000003
23.602770774147725
[49.0, 6.0, 18.0, 16.0, 38.0, 27.0, 26.0, 35.0, 18.0, 34.0, 46.0, 18.0, 8.0, 21.0, 43.0, 8.0, 6.0, 7.0, 30.0, 46.0]
[22.0, 26.0, 48.0, 25.0, 26.0, 23.0, 48.0, 18.0, 38.0, 9.0, 11.0, 16.0, 48.0, 5.0, 34.0, 5.0, 36.0, 17.0, 36.0, 47.0]
[5.0, 5.0, 5.0, 5.0, 5.0, 5.0, 5.0, 5.0, 9.0, 9.0, 9.0, 9.0, 12.0, 12.0, 12.0, 12.0, 9.0, 9.0, 9.0, 9.0]
[5.0, 5.0, 5.0, 5.0, 5.0, 5.0, 5.0, 5.0, 9.0, 9.0, 9.0, 9.0, 8.0, 8.0, 8.0, 8.0, 9.0, 9.0, 9.0, 9.0]
T = 0.13421772800000006	 step = 490
99.58000000000004
23.727770774147725
[49.0, 6.0, 18.0, 16.0, 38.0, 27.0, 26.0, 35.0, 18.0, 34.0, 46.0, 18.0, 8.0, 21.0, 43.0, 8.0, 6.0, 7.0, 30.0, 46.0]
[22.0, 26.0, 48.0, 25.0, 26.0, 22.0, 48.0, 18.0, 38.0, 9.0, 11.0, 16.0, 48.0, 5.0, 34.0, 5.0, 36.0, 17.0, 36.0, 47.0]
[5.0, 5.0, 5.0, 5.0, 5.0, 5.0, 5.0, 5.0, 9.0, 9.0, 9.0, 9.0, 12.0, 12.0, 12.0, 12.0, 9.0, 9.0, 9.0, 9.0]
[5.0, 5.0, 5.0, 5.0, 5.0, 5.0, 5.0, 5.0, 9.0, 9.0, 9.0, 9.0, 8.0, 8.0, 8.0, 8.0, 9.0, 9.0, 9.0, 9.0]
T = 0.13421772800000006	 step = 491
99.59000000000003
23.665270774147725
[49.0, 6.0, 18.0, 16.0, 38.0, 27.0, 26.0, 34.0, 18.0, 34.0, 46.0, 18.0, 8.0, 21.0, 43.0, 8.0, 6.0, 7.0, 30.0, 46.0]
[22.0, 26.0, 48.0, 25.0, 26.0, 23.0, 48.0, 18.0, 38.0, 9.0, 11.0, 16.0, 48.0, 5.0, 34.0, 5.0, 36.0, 17.0, 36.0, 47.0]
[5.0, 5.0, 5.0, 5.0, 5.0, 5.0, 5.0, 5.0, 9.0, 9.0, 9.0, 9.0, 12.0, 12.0, 12.0, 12.0, 9.0, 9.0, 9.0, 9.0]
[5.0, 5.0, 5.0, 5.0, 5.0, 5.0, 5.0, 5.0, 9.0, 9.0, 9.0, 9.0, 8.0, 8.0, 8.0, 8.0, 9.0, 9.0, 9.0, 9.0]
T = 0.13421772800000006	 step = 492
99.74000000000001
23.544106001420456
[49.0, 6.0, 18.0, 16.0, 38.0, 27.0, 26.0, 34.0, 18.0, 34.0, 45.0, 18.0, 8.0, 21.0, 43.0, 8.0, 6.0, 7.0, 30.0, 46.0]
[22.0, 26.0, 48.0, 25.0, 26.0, 23.0, 48.0, 18.0, 38.0, 9.0, 11.0, 16.0, 48.0, 5.0, 34.0, 5.0, 36.0, 17.0, 36.0, 47.0]
[5.0, 5.0, 5.0, 5.0, 5.0, 5.0, 5.0, 5.0, 9.0, 9.0, 9.0, 9.0, 12.0, 12.0, 12.0, 12.0, 9.0, 9.0, 9.0, 9.0]
[5.0, 5.0, 5.0, 5.0, 5.0, 5.0, 5.0, 5.0, 9.0, 9.0, 9.0, 9.0, 8.0, 8.0, 8.0, 8.0, 9.0, 9.0, 9.0, 9.0]
T = 0.13421772800000006	 step = 493
99.76000000000005
23.481606001420456
[49.0, 6.0, 18.0, 16.0, 38.0, 27.0, 26.0, 34.0, 18.0, 34.0, 45.0, 18.0, 8.0, 21.0, 43.0, 8.0, 6.0, 7.0, 30.0, 46.0]
[22.0, 26.0, 48.0, 25.0, 26.0, 23.0, 48.0, 18.0, 38.0, 9.0, 11.0, 16.0, 48.0, 5.0, 34.0, 6.0, 36.0, 17.0, 36.0, 47.0]
[5.0, 5.0, 5.0, 5.0, 5.0, 5.0, 5.0, 5.0, 9.0, 9.0, 9.0, 9.0, 12.0, 12.0, 12.0, 12.0, 9.0, 9.0, 9.0, 9.0]
[5.0, 5.0, 5.0, 5.0, 5.0, 5.0, 5.0, 5.0, 9.0, 9.0, 9.0, 9.0, 8.0, 8.0, 8.0, 8.0, 9.0, 9.0, 9.0, 9.0]
T = 0.13421772800000006	 step = 494
99.71000000000004
23.57091708096591
[49.0, 5.0, 18.0, 16.0, 38.0, 27.0, 26.0, 34.0, 18.0, 34.0, 45.0, 18.0, 8.0, 21.0, 43.0, 8.0, 6.0, 7.0, 30.0, 46.0]
[22.0, 26.0, 48.0, 25.0, 26.0, 23.0, 48.0, 18.0, 38.0, 9.0, 11.0, 16.0, 48.0, 5.0, 34.0, 6.0, 36.0, 17.0, 36.0, 47.0]
[5.0, 5.0, 5.0, 5.0, 5.0, 5.0, 5.0, 5.0, 9.0, 9.0, 9.0, 9.0, 12.0, 12.0, 12.0, 12.0, 9.0, 9.0, 9.0, 9.0]
[5.0, 5.0, 5.0, 5.0, 5.0, 5.0, 5.0, 5.0, 9.0, 9.0, 9.0, 9.0, 8.0, 8.0, 8.0, 8.0, 9.0, 9.0, 9.0, 9.0]
T = 0.13421772800000006	 step = 495
99.67000000000002
23.57091708096591
[49.0, 5.0, 18.0, 16.0, 38.0, 27.0, 26.0, 34.0, 18.0, 34.0, 45.0, 18.0, 8.0, 21.0, 43.0, 8.0, 6.0, 7.0, 30.0, 46.0]
[22.0, 26.0, 48.0, 26.0, 26.0, 23.0, 48.0, 18.0, 38.0, 9.0, 11.0, 16.0, 48.0, 5.0, 34.0, 6.0, 36.0, 17.0, 36.0, 47.0]
[5.0, 5.0, 5.0, 5.0, 5.0, 5.0, 5.0, 5.0, 9.0, 9.0, 9.0, 9.0, 12.0, 12.0, 12.0, 12.0, 9.0, 9.0, 9.0, 9.0]
[5.0, 5.0, 5.0, 5.0, 5.0, 5.0, 5.0, 5.0, 9.0, 9.0, 9.0, 9.0, 8.0, 8.0, 8.0, 8.0, 9.0, 9.0, 9.0, 9.0]
T = 0.13421772800000006	 step = 496
99.64000000000004
23.63341708096591
[49.0, 5.0, 18.0, 16.0, 38.0, 27.0, 26.0, 34.0, 18.0, 34.0, 45.0, 18.0, 8.0, 21.0, 43.0, 8.0, 6.0, 6.0, 30.0, 46.0]
[22.0, 26.0, 48.0, 26.0, 26.0, 23.0, 48.0, 18.0, 38.0, 9.0, 11.0, 16.0, 48.0, 5.0, 34.0, 6.0, 36.0, 17.0, 36.0, 47.0]
[5.0, 5.0, 5.0, 5.0, 5.0, 5.0, 5.0, 5.0, 9.0, 9.0, 9.0, 9.0, 12.0, 12.0, 12.0, 12.0, 9.0, 9.0, 9.0, 9.0]
[5.0, 5.0, 5.0, 5.0, 5.0, 5.0, 5.0, 5.0, 9.0, 9.0, 9.0, 9.0, 8.0, 8.0, 8.0, 8.0, 9.0, 9.0, 9.0, 9.0]
T = 0.13421772800000006	 step = 497
99.63
23.570917080965902
[49.0, 5.0, 18.0, 16.0, 38.0, 27.0, 26.0, 34.0, 18.0, 34.0, 45.0, 18.0, 8.0, 21.0, 43.0, 8.0, 6.0, 6.0, 30.0, 46.0]
[22.0, 27.0, 48.0, 26.0, 26.0, 23.0, 48.0, 18.0, 38.0, 9.0, 11.0, 16.0, 48.0, 5.0, 34.0, 6.0, 36.0, 17.0, 36.0, 47.0]
[5.0, 5.0, 5.0, 5.0, 5.0, 5.0, 5.0, 5.0, 9.0, 9.0, 9.0, 9.0, 12.0, 12.0, 12.0, 12.0, 9.0, 9.0, 9.0, 9.0]
[5.0, 5.0, 5.0, 5.0, 5.0, 5.0, 5.0, 5.0, 9.0, 9.0, 9.0, 9.0, 8.0, 8.0, 8.0, 8.0, 9.0, 9.0, 9.0, 9.0]
T = 0.13421772800000006	 step = 498
99.31
23.570917080965902
[49.0, 5.0, 18.0, 16.0, 38.0, 27.0, 26.0, 34.0, 18.0, 34.0, 45.0, 17.0, 8.0, 21.0, 43.0, 8.0, 6.0, 6.0, 30.0, 46.0]
[22.0, 27.0, 48.0, 26.0, 26.0, 23.0, 48.0, 18.0, 38.0, 9.0, 11.0, 16.0, 48.0, 5.0, 34.0, 6.0, 36.0, 17.0, 36.0, 47.0]
[5.0, 5.0, 5.0, 5.0, 5.0, 5.0, 5.0, 5.0, 9.0, 9.0, 9.0, 9.0, 12.0, 12.0, 12.0, 12.0, 9.0, 9.0, 9.0, 9.0]
[5.0, 5.0, 5.0, 5.0, 5.0, 5.0, 5.0, 5.0, 9.0, 9.0, 9.0, 9.0, 8.0, 8.0, 8.0, 8.0, 9.0, 9.0, 9.0, 9.0]
T = 0.13421772800000006	 step = 499
99.13
23.508417080965902
[49.0, 5.0, 18.0, 16.0, 38.0, 27.0, 26.0, 35.0, 18.0, 34.0, 45.0, 17.0, 8.0, 21.0, 43.0, 8.0, 6.0, 6.0, 30.0, 46.0]
[22.0, 27.0, 48.0, 26.0, 26.0, 23.0, 48.0, 18.0, 38.0, 9.0, 11.0, 16.0, 48.0, 5.0, 34.0, 6.0, 36.0, 17.0, 36.0, 47.0]
[5.0, 5.0, 5.0, 5.0, 5.0, 5.0, 5.0, 5.0, 9.0, 9.0, 9.0, 9.0, 12.0, 12.0, 12.0, 12.0, 9.0, 9.0, 9.0, 9.0]
[5.0, 5.0, 5.0, 5.0, 5.0, 5.0, 5.0, 5.0, 9.0, 9.0, 9.0, 9.0, 8.0, 8.0, 8.0, 8.0, 9.0, 9.0, 9.0, 9.0]
T = 0.13421772800000006	 step = 500
98.98000000000002
23.445917080965902
[49.0, 5.0, 18.0, 16.0, 38.0, 27.0, 26.0, 36.0, 18.0, 34.0, 45.0, 17.0, 8.0, 21.0, 43.0, 8.0, 6.0, 6.0, 30.0, 46.0]
[22.0, 27.0, 48.0, 26.0, 26.0, 23.0, 48.0, 18.0, 38.0, 9.0, 11.0, 16.0, 48.0, 5.0, 34.0, 6.0, 36.0, 17.0, 36.0, 47.0]
[5.0, 5.0, 5.0, 5.0, 5.0, 5.0, 5.0, 5.0, 9.0, 9.0, 9.0, 9.0, 12.0, 12.0, 12.0, 12.0, 9.0, 9.0, 9.0, 9.0]
[5.0, 5.0, 5.0, 5.0, 5.0, 5.0, 5.0, 5.0, 9.0, 9.0, 9.0, 9.0, 8.0, 8.0, 8.0, 8.0, 9.0, 9.0, 9.0, 9.0]
T = 0.13421772800000006	 step = 501
98.96000000000004
23.508417080965902
[49.0, 5.0, 18.0, 16.0, 38.0, 27.0, 26.0, 36.0, 18.0, 34.0, 45.0, 17.0, 7.0, 21.0, 43.0, 8.0, 6.0, 6.0, 30.0, 46.0]
[22.0, 27.0, 48.0, 26.0, 26.0, 23.0, 48.0, 18.0, 38.0, 9.0, 11.0, 16.0, 48.0, 5.0, 34.0, 6.0, 36.0, 17.0, 36.0, 47.0]
[5.0, 5.0, 5.0, 5.0, 5.0, 5.0, 5.0, 5.0, 9.0, 9.0, 9.0, 9.0, 12.0, 12.0, 12.0, 12.0, 9.0, 9.0, 9.0, 9.0]
[5.0, 5.0, 5.0, 5.0, 5.0, 5.0, 5.0, 5.0, 9.0, 9.0, 9.0, 9.0, 8.0, 8.0, 8.0, 8.0, 9.0, 9.0, 9.0, 9.0]
T = 0.13421772800000006	 step = 502
98.96000000000004
23.570917080965902
[49.0, 5.0, 18.0, 16.0, 38.0, 27.0, 26.0, 36.0, 18.0, 34.0, 45.0, 17.0, 7.0, 21.0, 43.0, 8.0, 6.0, 6.0, 30.0, 46.0]
[22.0, 27.0, 48.0, 26.0, 26.0, 23.0, 48.0, 18.0, 38.0, 9.0, 11.0, 16.0, 48.0, 5.0, 34.0, 6.0, 36.0, 16.0, 36.0, 47.0]
[5.0, 5.0, 5.0, 5.0, 5.0, 5.0, 5.0, 5.0, 9.0, 9.0, 9.0, 9.0, 12.0, 12.0, 12.0, 12.0, 9.0, 9.0, 9.0, 9.0]
[5.0, 5.0, 5.0, 5.0, 5.0, 5.0, 5.0, 5.0, 9.0, 9.0, 9.0, 9.0, 8.0, 8.0, 8.0, 8.0, 9.0, 9.0, 9.0, 9.0]
T = 0.13421772800000006	 step = 503
99.18
23.570917080965902
[49.0, 5.0, 18.0, 16.0, 38.0, 27.0, 26.0, 36.0, 18.0, 34.0, 45.0, 17.0, 7.0, 21.0, 43.0, 8.0, 6.0, 6.0, 30.0, 46.0]
[22.0, 27.0, 48.0, 26.0, 26.0, 23.0, 48.0, 18.0, 38.0, 9.0, 11.0, 17.0, 48.0, 5.0, 34.0, 6.0, 36.0, 16.0, 36.0, 47.0]
[5.0, 5.0, 5.0, 5.0, 5.0, 5.0, 5.0, 5.0, 9.0, 9.0, 9.0, 9.0, 12.0, 12.0, 12.0, 12.0, 9.0, 9.0, 9.0, 9.0]
[5.0, 5.0, 5.0, 5.0, 5.0, 5.0, 5.0, 5.0, 9.0, 9.0, 9.0, 9.0, 8.0, 8.0, 8.0, 8.0, 9.0, 9.0, 9.0, 9.0]
T = 0.13421772800000006	 step = 504
99.19
23.508417080965902
[49.0, 5.0, 18.0, 16.0, 38.0, 27.0, 26.0, 36.0, 18.0, 34.0, 45.0, 17.0, 7.0, 22.0, 43.0, 8.0, 6.0, 6.0, 30.0, 46.0]
[22.0, 27.0, 48.0, 26.0, 26.0, 23.0, 48.0, 18.0, 38.0, 9.0, 11.0, 17.0, 48.0, 5.0, 34.0, 6.0, 36.0, 16.0, 36.0, 47.0]
[5.0, 5.0, 5.0, 5.0, 5.0, 5.0, 5.0, 5.0, 9.0, 9.0, 9.0, 9.0, 12.0, 12.0, 12.0, 12.0, 9.0, 9.0, 9.0, 9.0]
[5.0, 5.0, 5.0, 5.0, 5.0, 5.0, 5.0, 5.0, 9.0, 9.0, 9.0, 9.0, 8.0, 8.0, 8.0, 8.0, 9.0, 9.0, 9.0, 9.0]
T = 0.13421772800000006	 step = 505
99.14000000000004
23.63341708096591
[49.0, 5.0, 18.0, 16.0, 38.0, 27.0, 26.0, 36.0, 18.0, 34.0, 45.0, 17.0, 7.0, 22.0, 43.0, 8.0, 6.0, 6.0, 30.0, 46.0]
[22.0, 27.0, 49.0, 26.0, 26.0, 23.0, 48.0, 18.0, 38.0, 9.0, 11.0, 17.0, 48.0, 5.0, 34.0, 6.0, 36.0, 16.0, 36.0, 47.0]
[5.0, 5.0, 5.0, 5.0, 5.0, 5.0, 5.0, 5.0, 9.0, 9.0, 9.0, 9.0, 12.0, 12.0, 12.0, 12.0, 9.0, 9.0, 9.0, 9.0]
[5.0, 5.0, 5.0, 5.0, 5.0, 5.0, 5.0, 5.0, 9.0, 9.0, 9.0, 9.0, 8.0, 8.0, 8.0, 8.0, 9.0, 9.0, 9.0, 9.0]
T = 0.13421772800000006	 step = 506
99.03000000000003
23.633417080965902
[49.0, 5.0, 18.0, 16.0, 38.0, 27.0, 26.0, 36.0, 17.0, 34.0, 45.0, 17.0, 7.0, 22.0, 43.0, 8.0, 6.0, 6.0, 30.0, 46.0]
[22.0, 27.0, 49.0, 26.0, 26.0, 23.0, 48.0, 18.0, 38.0, 9.0, 11.0, 17.0, 48.0, 5.0, 34.0, 6.0, 36.0, 16.0, 36.0, 47.0]
[5.0, 5.0, 5.0, 5.0, 5.0, 5.0, 5.0, 5.0, 9.0, 9.0, 9.0, 9.0, 12.0, 12.0, 12.0, 12.0, 9.0, 9.0, 9.0, 9.0]
[5.0, 5.0, 5.0, 5.0, 5.0, 5.0, 5.0, 5.0, 9.0, 9.0, 9.0, 9.0, 8.0, 8.0, 8.0, 8.0, 9.0, 9.0, 9.0, 9.0]
T = 0.13421772800000006	 step = 507
98.84000000000003
23.395642311789768
[49.0, 5.0, 18.0, 16.0, 38.0, 27.0, 26.0, 36.0, 17.0, 34.0, 45.0, 17.0, 7.0, 22.0, 48.0, 8.0, 6.0, 6.0, 30.0, 46.0]
[22.0, 27.0, 49.0, 26.0, 26.0, 23.0, 48.0, 18.0, 38.0, 9.0, 11.0, 17.0, 48.0, 5.0, 33.0, 6.0, 36.0, 16.0, 36.0, 47.0]
[5.0, 5.0, 5.0, 5.0, 5.0, 5.0, 5.0, 5.0, 9.0, 9.0, 9.0, 9.0, 12.0, 12.0, 8.0, 12.0, 9.0, 9.0, 9.0, 9.0]
[5.0, 5.0, 5.0, 5.0, 5.0, 5.0, 5.0, 5.0, 9.0, 9.0, 9.0, 9.0, 8.0, 8.0, 12.0, 8.0, 9.0, 9.0, 9.0, 9.0]
T = 0.13421772800000006	 step = 508
97.52000000000004
21.80818892045454
[49.0, 5.0, 18.0, 16.0, 38.0, 27.0, 26.0, 33.0, 17.0, 34.0, 45.0, 17.0, 7.0, 22.0, 48.0, 8.0, 6.0, 6.0, 30.0, 46.0]
[22.0, 27.0, 49.0, 26.0, 26.0, 23.0, 48.0, 48.0, 38.0, 9.0, 11.0, 17.0, 48.0, 5.0, 33.0, 6.0, 36.0, 16.0, 36.0, 47.0]
[5.0, 5.0, 5.0, 5.0, 5.0, 5.0, 5.0, 5.0, 9.0, 9.0, 9.0, 9.0, 12.0, 12.0, 8.0, 12.0, 9.0, 9.0, 9.0, 9.0]
[5.0, 5.0, 5.0, 5.0, 5.0, 5.0, 5.0, 5.0, 9.0, 9.0, 9.0, 9.0, 8.0, 8.0, 12.0, 8.0, 9.0, 9.0, 9.0, 9.0]
T = 0.13421772800000006	 step = 509
97.54000000000002
21.796874999999996
[49.0, 5.0, 19.0, 16.0, 38.0, 27.0, 26.0, 33.0, 17.0, 34.0, 45.0, 17.0, 7.0, 22.0, 48.0, 8.0, 6.0, 6.0, 30.0, 46.0]
[22.0, 27.0, 49.0, 26.0, 26.0, 23.0, 48.0, 48.0, 38.0, 9.0, 11.0, 17.0, 48.0, 5.0, 33.0, 6.0, 36.0, 16.0, 36.0, 47.0]
[5.0, 5.0, 5.0, 5.0, 5.0, 5.0, 5.0, 5.0, 9.0, 9.0, 9.0, 9.0, 12.0, 12.0, 8.0, 12.0, 9.0, 9.0, 9.0, 9.0]
[5.0, 5.0, 5.0, 5.0, 5.0, 5.0, 5.0, 5.0, 9.0, 9.0, 9.0, 9.0, 8.0, 8.0, 12.0, 8.0, 9.0, 9.0, 9.0, 9.0]
T = 0.13421772800000006	 step = 510
97.58000000000004
21.734374999999996
[49.0, 5.0, 19.0, 16.0, 38.0, 27.0, 26.0, 33.0, 17.0, 34.0, 45.0, 17.0, 7.0, 22.0, 48.0, 8.0, 6.0, 6.0, 30.0, 46.0]
[22.0, 27.0, 49.0, 26.0, 26.0, 23.0, 47.0, 48.0, 38.0, 9.0, 11.0, 17.0, 48.0, 5.0, 33.0, 6.0, 36.0, 16.0, 36.0, 47.0]
[5.0, 5.0, 5.0, 5.0, 5.0, 5.0, 5.0, 5.0, 9.0, 9.0, 9.0, 9.0, 12.0, 12.0, 8.0, 12.0, 9.0, 9.0, 9.0, 9.0]
[5.0, 5.0, 5.0, 5.0, 5.0, 5.0, 5.0, 5.0, 9.0, 9.0, 9.0, 9.0, 8.0, 8.0, 12.0, 8.0, 9.0, 9.0, 9.0, 9.0]
T = 0.13421772800000006	 step = 511
97.57000000000005
21.796874999999996
[49.0, 5.0, 19.0, 16.0, 38.0, 27.0, 26.0, 33.0, 17.0, 34.0, 45.0, 17.0, 7.0, 22.0, 48.0, 8.0, 6.0, 6.0, 30.0, 46.0]
[22.0, 27.0, 49.0, 26.0, 26.0, 23.0, 47.0, 48.0, 38.0, 9.0, 11.0, 17.0, 48.0, 5.0, 33.0, 6.0, 37.0, 16.0, 36.0, 47.0]
[5.0, 5.0, 5.0, 5.0, 5.0, 5.0, 5.0, 5.0, 9.0, 9.0, 9.0, 9.0, 12.0, 12.0, 8.0, 12.0, 9.0, 9.0, 9.0, 9.0]
[5.0, 5.0, 5.0, 5.0, 5.0, 5.0, 5.0, 5.0, 9.0, 9.0, 9.0, 9.0, 8.0, 8.0, 12.0, 8.0, 9.0, 9.0, 9.0, 9.0]
T = 0.13421772800000006	 step = 512
97.93
21.796874999999996
[49.0, 5.0, 19.0, 16.0, 38.0, 27.0, 26.0, 33.0, 17.0, 34.0, 45.0, 18.0, 7.0, 22.0, 48.0, 8.0, 6.0, 6.0, 30.0, 46.0]
[22.0, 27.0, 49.0, 26.0, 26.0, 23.0, 47.0, 48.0, 38.0, 9.0, 11.0, 17.0, 48.0, 5.0, 33.0, 6.0, 37.0, 16.0, 36.0, 47.0]
[5.0, 5.0, 5.0, 5.0, 5.0, 5.0, 5.0, 5.0, 9.0, 9.0, 9.0, 9.0, 12.0, 12.0, 8.0, 12.0, 9.0, 9.0, 9.0, 9.0]
[5.0, 5.0, 5.0, 5.0, 5.0, 5.0, 5.0, 5.0, 9.0, 9.0, 9.0, 9.0, 8.0, 8.0, 12.0, 8.0, 9.0, 9.0, 9.0, 9.0]
T = 0.13421772800000006	 step = 513
97.94
21.734374999999996
[49.0, 5.0, 19.0, 16.0, 38.0, 27.0, 26.0, 33.0, 17.0, 34.0, 45.0, 18.0, 8.0, 22.0, 48.0, 8.0, 6.0, 6.0, 30.0, 46.0]
[22.0, 27.0, 49.0, 26.0, 26.0, 23.0, 47.0, 48.0, 38.0, 9.0, 11.0, 17.0, 48.0, 5.0, 33.0, 6.0, 37.0, 16.0, 36.0, 47.0]
[5.0, 5.0, 5.0, 5.0, 5.0, 5.0, 5.0, 5.0, 9.0, 9.0, 9.0, 9.0, 12.0, 12.0, 8.0, 12.0, 9.0, 9.0, 9.0, 9.0]
[5.0, 5.0, 5.0, 5.0, 5.0, 5.0, 5.0, 5.0, 9.0, 9.0, 9.0, 9.0, 8.0, 8.0, 12.0, 8.0, 9.0, 9.0, 9.0, 9.0]
T = 0.13421772800000006	 step = 514
97.95000000000005
21.671874999999996
[49.0, 5.0, 19.0, 16.0, 38.0, 27.0, 26.0, 33.0, 17.0, 34.0, 45.0, 18.0, 8.0, 22.0, 48.0, 8.0, 6.0, 6.0, 29.0, 46.0]
[22.0, 27.0, 49.0, 26.0, 26.0, 23.0, 47.0, 48.0, 38.0, 9.0, 11.0, 17.0, 48.0, 5.0, 33.0, 6.0, 37.0, 16.0, 36.0, 47.0]
[5.0, 5.0, 5.0, 5.0, 5.0, 5.0, 5.0, 5.0, 9.0, 9.0, 9.0, 9.0, 12.0, 12.0, 8.0, 12.0, 9.0, 9.0, 9.0, 9.0]
[5.0, 5.0, 5.0, 5.0, 5.0, 5.0, 5.0, 5.0, 9.0, 9.0, 9.0, 9.0, 8.0, 8.0, 12.0, 8.0, 9.0, 9.0, 9.0, 9.0]
T = 0.13421772800000006	 step = 515
98.09000000000003
21.68318892045454
[49.0, 5.0, 19.0, 17.0, 38.0, 27.0, 26.0, 33.0, 17.0, 34.0, 45.0, 18.0, 8.0, 22.0, 48.0, 8.0, 6.0, 6.0, 29.0, 46.0]
[22.0, 27.0, 49.0, 26.0, 26.0, 23.0, 47.0, 48.0, 38.0, 9.0, 11.0, 17.0, 48.0, 5.0, 33.0, 6.0, 37.0, 16.0, 36.0, 47.0]
[5.0, 5.0, 5.0, 5.0, 5.0, 5.0, 5.0, 5.0, 9.0, 9.0, 9.0, 9.0, 12.0, 12.0, 8.0, 12.0, 9.0, 9.0, 9.0, 9.0]
[5.0, 5.0, 5.0, 5.0, 5.0, 5.0, 5.0, 5.0, 9.0, 9.0, 9.0, 9.0, 8.0, 8.0, 12.0, 8.0, 9.0, 9.0, 9.0, 9.0]
T = 0.13421772800000006	 step = 516
98.14000000000004
21.62068892045454
[49.0, 5.0, 19.0, 17.0, 38.0, 27.0, 26.0, 33.0, 17.0, 34.0, 45.0, 18.0, 8.0, 22.0, 48.0, 8.0, 6.0, 6.0, 29.0, 46.0]
[22.0, 27.0, 49.0, 26.0, 26.0, 23.0, 46.0, 48.0, 38.0, 9.0, 11.0, 17.0, 48.0, 5.0, 33.0, 6.0, 37.0, 16.0, 36.0, 47.0]
[5.0, 5.0, 5.0, 5.0, 5.0, 5.0, 5.0, 5.0, 9.0, 9.0, 9.0, 9.0, 12.0, 12.0, 8.0, 12.0, 9.0, 9.0, 9.0, 9.0]
[5.0, 5.0, 5.0, 5.0, 5.0, 5.0, 5.0, 5.0, 9.0, 9.0, 9.0, 9.0, 8.0, 8.0, 12.0, 8.0, 9.0, 9.0, 9.0, 9.0]
T = 0.13421772800000006	 step = 517
98.04000000000002
21.74568892045454
[49.0, 5.0, 19.0, 17.0, 38.0, 27.0, 26.0, 33.0, 17.0, 34.0, 45.0, 18.0, 8.0, 22.0, 48.0, 8.0, 6.0, 6.0, 29.0, 46.0]
[22.0, 27.0, 49.0, 26.0, 26.0, 23.0, 46.0, 48.0, 38.0, 9.0, 10.0, 17.0, 48.0, 5.0, 33.0, 6.0, 37.0, 16.0, 36.0, 47.0]
[5.0, 5.0, 5.0, 5.0, 5.0, 5.0, 5.0, 5.0, 9.0, 9.0, 9.0, 9.0, 12.0, 12.0, 8.0, 12.0, 9.0, 9.0, 9.0, 9.0]
[5.0, 5.0, 5.0, 5.0, 5.0, 5.0, 5.0, 5.0, 9.0, 9.0, 9.0, 9.0, 8.0, 8.0, 12.0, 8.0, 9.0, 9.0, 9.0, 9.0]
T = 0.13421772800000006	 step = 518
98.08000000000004
21.69634055397727
[49.0, 5.0, 19.0, 17.0, 38.0, 27.0, 26.0, 33.0, 17.0, 34.0, 45.0, 18.0, 8.0, 22.0, 48.0, 8.0, 6.0, 6.0, 29.0, 46.0]
[22.0, 27.0, 49.0, 26.0, 25.0, 23.0, 46.0, 48.0, 38.0, 9.0, 10.0, 17.0, 48.0, 5.0, 33.0, 6.0, 37.0, 16.0, 36.0, 47.0]
[5.0, 5.0, 5.0, 5.0, 5.0, 5.0, 5.0, 5.0, 9.0, 9.0, 9.0, 9.0, 12.0, 12.0, 8.0, 12.0, 9.0, 9.0, 9.0, 9.0]
[5.0, 5.0, 5.0, 5.0, 5.0, 5.0, 5.0, 5.0, 9.0, 9.0, 9.0, 9.0, 8.0, 8.0, 12.0, 8.0, 9.0, 9.0, 9.0, 9.0]
T = 0.13421772800000006	 step = 519
98.15000000000003
21.571340553977272
[48.0, 5.0, 19.0, 17.0, 38.0, 27.0, 26.0, 33.0, 17.0, 34.0, 45.0, 18.0, 8.0, 22.0, 48.0, 8.0, 6.0, 6.0, 29.0, 46.0]
[22.0, 27.0, 49.0, 26.0, 25.0, 23.0, 46.0, 48.0, 38.0, 9.0, 10.0, 17.0, 48.0, 5.0, 33.0, 6.0, 37.0, 16.0, 36.0, 47.0]
[5.0, 5.0, 5.0, 5.0, 5.0, 5.0, 5.0, 5.0, 9.0, 9.0, 9.0, 9.0, 12.0, 12.0, 8.0, 12.0, 9.0, 9.0, 9.0, 9.0]
[5.0, 5.0, 5.0, 5.0, 5.0, 5.0, 5.0, 5.0, 9.0, 9.0, 9.0, 9.0, 8.0, 8.0, 12.0, 8.0, 9.0, 9.0, 9.0, 9.0]
T = 0.13421772800000006	 step = 520
98.14000000000004
21.508840553977272
[48.0, 5.0, 19.0, 17.0, 38.0, 27.0, 26.0, 34.0, 17.0, 34.0, 45.0, 18.0, 8.0, 22.0, 48.0, 8.0, 6.0, 6.0, 29.0, 46.0]
[22.0, 27.0, 49.0, 26.0, 25.0, 23.0, 46.0, 48.0, 38.0, 9.0, 10.0, 17.0, 48.0, 5.0, 33.0, 6.0, 37.0, 16.0, 36.0, 47.0]
[5.0, 5.0, 5.0, 5.0, 5.0, 5.0, 5.0, 5.0, 9.0, 9.0, 9.0, 9.0, 12.0, 12.0, 8.0, 12.0, 9.0, 9.0, 9.0, 9.0]
[5.0, 5.0, 5.0, 5.0, 5.0, 5.0, 5.0, 5.0, 9.0, 9.0, 9.0, 9.0, 8.0, 8.0, 12.0, 8.0, 9.0, 9.0, 9.0, 9.0]
T = 0.13421772800000006	 step = 521
98.04000000000002
21.633840553977272
[48.0, 5.0, 19.0, 17.0, 38.0, 27.0, 26.0, 34.0, 17.0, 34.0, 45.0, 18.0, 8.0, 22.0, 48.0, 8.0, 6.0, 6.0, 29.0, 46.0]
[22.0, 27.0, 49.0, 26.0, 25.0, 23.0, 46.0, 48.0, 38.0, 9.0, 9.0, 17.0, 48.0, 5.0, 33.0, 6.0, 37.0, 16.0, 36.0, 47.0]
[5.0, 5.0, 5.0, 5.0, 5.0, 5.0, 5.0, 5.0, 9.0, 9.0, 9.0, 9.0, 12.0, 12.0, 8.0, 12.0, 9.0, 9.0, 9.0, 9.0]
[5.0, 5.0, 5.0, 5.0, 5.0, 5.0, 5.0, 5.0, 9.0, 9.0, 9.0, 9.0, 8.0, 8.0, 12.0, 8.0, 9.0, 9.0, 9.0, 9.0]
T = 0.13421772800000006	 step = 522
98.17000000000002
21.571340553977272
[48.0, 7.0, 19.0, 17.0, 38.0, 27.0, 26.0, 34.0, 17.0, 34.0, 45.0, 18.0, 8.0, 22.0, 48.0, 8.0, 6.0, 6.0, 29.0, 46.0]
[22.0, 26.0, 49.0, 26.0, 25.0, 23.0, 46.0, 48.0, 38.0, 9.0, 9.0, 17.0, 48.0, 5.0, 33.0, 6.0, 37.0, 16.0, 36.0, 47.0]
[5.0, 5.0, 5.0, 5.0, 5.0, 5.0, 5.0, 5.0, 9.0, 9.0, 9.0, 9.0, 12.0, 12.0, 8.0, 12.0, 9.0, 9.0, 9.0, 9.0]
[5.0, 5.0, 5.0, 5.0, 5.0, 5.0, 5.0, 5.0, 9.0, 9.0, 9.0, 9.0, 8.0, 8.0, 12.0, 8.0, 9.0, 9.0, 9.0, 9.0]
T = 0.13421772800000006	 step = 523
97.91000000000003
21.571340553977272
[48.0, 7.0, 19.0, 17.0, 38.0, 27.0, 26.0, 34.0, 17.0, 34.0, 45.0, 18.0, 8.0, 22.0, 48.0, 8.0, 6.0, 6.0, 29.0, 46.0]
[22.0, 26.0, 49.0, 26.0, 25.0, 23.0, 46.0, 48.0, 38.0, 9.0, 9.0, 16.0, 48.0, 5.0, 33.0, 6.0, 37.0, 16.0, 36.0, 47.0]
[5.0, 5.0, 5.0, 5.0, 5.0, 5.0, 5.0, 5.0, 9.0, 9.0, 9.0, 9.0, 12.0, 12.0, 8.0, 12.0, 9.0, 9.0, 9.0, 9.0]
[5.0, 5.0, 5.0, 5.0, 5.0, 5.0, 5.0, 5.0, 9.0, 9.0, 9.0, 9.0, 8.0, 8.0, 12.0, 8.0, 9.0, 9.0, 9.0, 9.0]
T = 0.13421772800000006	 step = 524
97.91000000000003
21.69634055397727
[48.0, 7.0, 19.0, 17.0, 38.0, 27.0, 26.0, 34.0, 17.0, 34.0, 45.0, 18.0, 8.0, 22.0, 48.0, 8.0, 6.0, 6.0, 29.0, 46.0]
[21.0, 26.0, 49.0, 26.0, 25.0, 23.0, 46.0, 48.0, 38.0, 9.0, 9.0, 16.0, 48.0, 5.0, 33.0, 6.0, 37.0, 16.0, 36.0, 47.0]
[5.0, 5.0, 5.0, 5.0, 5.0, 5.0, 5.0, 5.0, 9.0, 9.0, 9.0, 9.0, 12.0, 12.0, 8.0, 12.0, 9.0, 9.0, 9.0, 9.0]
[5.0, 5.0, 5.0, 5.0, 5.0, 5.0, 5.0, 5.0, 9.0, 9.0, 9.0, 9.0, 8.0, 8.0, 12.0, 8.0, 9.0, 9.0, 9.0, 9.0]
T = 0.13421772800000006	 step = 525
97.91000000000003
21.63384055397727
[48.0, 7.0, 19.0, 17.0, 38.0, 27.0, 26.0, 34.0, 17.0, 34.0, 45.0, 18.0, 8.0, 22.0, 48.0, 8.0, 6.0, 6.0, 29.0, 46.0]
[21.0, 26.0, 49.0, 26.0, 25.0, 23.0, 46.0, 48.0, 38.0, 9.0, 9.0, 16.0, 48.0, 5.0, 33.0, 6.0, 37.0, 17.0, 36.0, 47.0]
[5.0, 5.0, 5.0, 5.0, 5.0, 5.0, 5.0, 5.0, 9.0, 9.0, 9.0, 9.0, 12.0, 12.0, 8.0, 12.0, 9.0, 9.0, 9.0, 9.0]
[5.0, 5.0, 5.0, 5.0, 5.0, 5.0, 5.0, 5.0, 9.0, 9.0, 9.0, 9.0, 8.0, 8.0, 12.0, 8.0, 9.0, 9.0, 9.0, 9.0]
T = 0.13421772800000006	 step = 526
97.90000000000003
21.69634055397727
[48.0, 7.0, 19.0, 17.0, 38.0, 27.0, 26.0, 34.0, 17.0, 34.0, 45.0, 18.0, 8.0, 22.0, 48.0, 8.0, 6.0, 6.0, 29.0, 46.0]
[21.0, 26.0, 49.0, 26.0, 25.0, 23.0, 46.0, 48.0, 38.0, 9.0, 9.0, 16.0, 48.0, 5.0, 34.0, 6.0, 37.0, 17.0, 36.0, 47.0]
[5.0, 5.0, 5.0, 5.0, 5.0, 5.0, 5.0, 5.0, 9.0, 9.0, 9.0, 9.0, 12.0, 12.0, 8.0, 12.0, 9.0, 9.0, 9.0, 9.0]
[5.0, 5.0, 5.0, 5.0, 5.0, 5.0, 5.0, 5.0, 9.0, 9.0, 9.0, 9.0, 8.0, 8.0, 12.0, 8.0, 9.0, 9.0, 9.0, 9.0]
T = 0.13421772800000006	 step = 527
97.02000000000004
23.829872159090904
[48.0, 7.0, 19.0, 40.0, 38.0, 27.0, 26.0, 34.0, 17.0, 34.0, 45.0, 18.0, 8.0, 22.0, 48.0, 8.0, 6.0, 6.0, 29.0, 46.0]
[21.0, 26.0, 49.0, 36.0, 25.0, 23.0, 46.0, 48.0, 38.0, 9.0, 9.0, 16.0, 48.0, 5.0, 34.0, 6.0, 37.0, 17.0, 36.0, 47.0]
[5.0, 5.0, 5.0, 5.0, 5.0, 5.0, 5.0, 5.0, 9.0, 9.0, 9.0, 9.0, 12.0, 12.0, 8.0, 12.0, 9.0, 9.0, 9.0, 9.0]
[5.0, 5.0, 5.0, 5.0, 5.0, 5.0, 5.0, 5.0, 9.0, 9.0, 9.0, 9.0, 8.0, 8.0, 12.0, 8.0, 9.0, 9.0, 9.0, 9.0]
T = 0.13421772800000006	 step = 528
97.06
23.741020951704545
[48.0, 7.0, 19.0, 40.0, 38.0, 27.0, 26.0, 34.0, 17.0, 34.0, 45.0, 18.0, 8.0, 22.0, 48.0, 8.0, 6.0, 6.0, 29.0, 46.0]
[21.0, 26.0, 49.0, 36.0, 25.0, 23.0, 46.0, 47.0, 38.0, 9.0, 9.0, 16.0, 48.0, 5.0, 34.0, 6.0, 37.0, 17.0, 36.0, 47.0]
[5.0, 5.0, 5.0, 5.0, 5.0, 5.0, 5.0, 5.0, 9.0, 9.0, 9.0, 9.0, 12.0, 12.0, 8.0, 12.0, 9.0, 9.0, 9.0, 9.0]
[5.0, 5.0, 5.0, 5.0, 5.0, 5.0, 5.0, 5.0, 9.0, 9.0, 9.0, 9.0, 8.0, 8.0, 12.0, 8.0, 9.0, 9.0, 9.0, 9.0]
T = 0.13421772800000006	 step = 529
97.07000000000005
23.767372159090904
[48.0, 7.0, 19.0, 40.0, 38.0, 27.0, 26.0, 34.0, 17.0, 34.0, 45.0, 18.0, 8.0, 22.0, 48.0, 8.0, 6.0, 6.0, 29.0, 46.0]
[21.0, 26.0, 49.0, 36.0, 25.0, 23.0, 46.0, 47.0, 38.0, 9.0, 9.0, 16.0, 48.0, 5.0, 34.0, 6.0, 37.0, 17.0, 36.0, 46.0]
[5.0, 5.0, 5.0, 5.0, 5.0, 5.0, 5.0, 5.0, 9.0, 9.0, 9.0, 9.0, 12.0, 12.0, 8.0, 12.0, 9.0, 9.0, 9.0, 9.0]
[5.0, 5.0, 5.0, 5.0, 5.0, 5.0, 5.0, 5.0, 9.0, 9.0, 9.0, 9.0, 8.0, 8.0, 12.0, 8.0, 9.0, 9.0, 9.0, 9.0]
T = 0.13421772800000006	 step = 530
97.06
23.829872159090908
[48.0, 7.0, 19.0, 40.0, 38.0, 27.0, 26.0, 34.0, 17.0, 34.0, 45.0, 18.0, 8.0, 21.0, 48.0, 8.0, 6.0, 6.0, 29.0, 46.0]
[21.0, 26.0, 49.0, 36.0, 25.0, 23.0, 46.0, 47.0, 38.0, 9.0, 9.0, 16.0, 48.0, 5.0, 34.0, 6.0, 37.0, 17.0, 36.0, 46.0]
[5.0, 5.0, 5.0, 5.0, 5.0, 5.0, 5.0, 5.0, 9.0, 9.0, 9.0, 9.0, 12.0, 12.0, 8.0, 12.0, 9.0, 9.0, 9.0, 9.0]
[5.0, 5.0, 5.0, 5.0, 5.0, 5.0, 5.0, 5.0, 9.0, 9.0, 9.0, 9.0, 8.0, 8.0, 12.0, 8.0, 9.0, 9.0, 9.0, 9.0]
T = 0.13421772800000006	 step = 531
97.01000000000005
23.892372159090908
[48.0, 7.0, 19.0, 40.0, 38.0, 27.0, 26.0, 34.0, 17.0, 34.0, 45.0, 18.0, 8.0, 21.0, 48.0, 8.0, 6.0, 6.0, 29.0, 46.0]
[21.0, 26.0, 49.0, 37.0, 25.0, 23.0, 46.0, 47.0, 38.0, 9.0, 9.0, 16.0, 48.0, 5.0, 34.0, 6.0, 37.0, 17.0, 36.0, 46.0]
[5.0, 5.0, 5.0, 5.0, 5.0, 5.0, 5.0, 5.0, 9.0, 9.0, 9.0, 9.0, 12.0, 12.0, 8.0, 12.0, 9.0, 9.0, 9.0, 9.0]
[5.0, 5.0, 5.0, 5.0, 5.0, 5.0, 5.0, 5.0, 9.0, 9.0, 9.0, 9.0, 8.0, 8.0, 12.0, 8.0, 9.0, 9.0, 9.0, 9.0]
T = 0.10737418240000006	 step = 532
97.13
23.767372159090904
[48.0, 7.0, 19.0, 40.0, 38.0, 27.0, 26.0, 34.0, 17.0, 33.0, 45.0, 18.0, 8.0, 21.0, 48.0, 8.0, 6.0, 6.0, 29.0, 46.0]
[21.0, 26.0, 49.0, 37.0, 25.0, 23.0, 46.0, 47.0, 38.0, 9.0, 9.0, 16.0, 48.0, 5.0, 34.0, 6.0, 37.0, 17.0, 36.0, 46.0]
[5.0, 5.0, 5.0, 5.0, 5.0, 5.0, 5.0, 5.0, 9.0, 9.0, 9.0, 9.0, 12.0, 12.0, 8.0, 12.0, 9.0, 9.0, 9.0, 9.0]
[5.0, 5.0, 5.0, 5.0, 5.0, 5.0, 5.0, 5.0, 9.0, 9.0, 9.0, 9.0, 8.0, 8.0, 12.0, 8.0, 9.0, 9.0, 9.0, 9.0]
T = 0.10737418240000006	 step = 533
97.20000000000005
23.642372159090904
[48.0, 7.0, 19.0, 39.0, 38.0, 27.0, 26.0, 34.0, 17.0, 33.0, 45.0, 18.0, 8.0, 21.0, 48.0, 8.0, 6.0, 6.0, 29.0, 46.0]
[21.0, 26.0, 49.0, 37.0, 25.0, 23.0, 46.0, 47.0, 38.0, 9.0, 9.0, 16.0, 48.0, 5.0, 34.0, 6.0, 37.0, 17.0, 36.0, 46.0]
[5.0, 5.0, 5.0, 5.0, 5.0, 5.0, 5.0, 5.0, 9.0, 9.0, 9.0, 9.0, 12.0, 12.0, 8.0, 12.0, 9.0, 9.0, 9.0, 9.0]
[5.0, 5.0, 5.0, 5.0, 5.0, 5.0, 5.0, 5.0, 9.0, 9.0, 9.0, 9.0, 8.0, 8.0, 12.0, 8.0, 9.0, 9.0, 9.0, 9.0]
T = 0.10737418240000006	 step = 534
97.26000000000005
23.579872159090904
[48.0, 7.0, 19.0, 39.0, 38.0, 27.0, 26.0, 34.0, 17.0, 33.0, 45.0, 18.0, 8.0, 21.0, 48.0, 8.0, 6.0, 6.0, 29.0, 46.0]
[21.0, 26.0, 49.0, 36.0, 25.0, 23.0, 46.0, 47.0, 38.0, 9.0, 9.0, 16.0, 48.0, 5.0, 34.0, 6.0, 37.0, 17.0, 36.0, 46.0]
[5.0, 5.0, 5.0, 5.0, 5.0, 5.0, 5.0, 5.0, 9.0, 9.0, 9.0, 9.0, 12.0, 12.0, 8.0, 12.0, 9.0, 9.0, 9.0, 9.0]
[5.0, 5.0, 5.0, 5.0, 5.0, 5.0, 5.0, 5.0, 9.0, 9.0, 9.0, 9.0, 8.0, 8.0, 12.0, 8.0, 9.0, 9.0, 9.0, 9.0]
T = 0.10737418240000006	 step = 535
97.12
23.652251420454544
[48.0, 7.0, 19.0, 39.0, 38.0, 27.0, 26.0, 34.0, 17.0, 33.0, 46.0, 18.0, 8.0, 21.0, 48.0, 8.0, 6.0, 6.0, 29.0, 46.0]
[21.0, 26.0, 49.0, 36.0, 25.0, 23.0, 46.0, 47.0, 38.0, 9.0, 9.0, 16.0, 48.0, 5.0, 34.0, 6.0, 37.0, 17.0, 36.0, 46.0]
[5.0, 5.0, 5.0, 5.0, 5.0, 5.0, 5.0, 5.0, 9.0, 9.0, 9.0, 9.0, 12.0, 12.0, 8.0, 12.0, 9.0, 9.0, 9.0, 9.0]
[5.0, 5.0, 5.0, 5.0, 5.0, 5.0, 5.0, 5.0, 9.0, 9.0, 9.0, 9.0, 8.0, 8.0, 12.0, 8.0, 9.0, 9.0, 9.0, 9.0]
T = 0.10737418240000006	 step = 536
97.34000000000003
24.339232954545455
[48.0, 7.0, 19.0, 39.0, 38.0, 34.0, 26.0, 34.0, 17.0, 33.0, 46.0, 18.0, 8.0, 21.0, 48.0, 8.0, 6.0, 6.0, 29.0, 46.0]
[21.0, 26.0, 49.0, 36.0, 25.0, 18.0, 46.0, 47.0, 38.0, 9.0, 9.0, 16.0, 48.0, 5.0, 34.0, 6.0, 37.0, 17.0, 36.0, 46.0]
[5.0, 5.0, 5.0, 5.0, 5.0, 5.0, 5.0, 5.0, 9.0, 9.0, 9.0, 9.0, 12.0, 12.0, 8.0, 12.0, 9.0, 9.0, 9.0, 9.0]
[5.0, 5.0, 5.0, 5.0, 5.0, 5.0, 5.0, 5.0, 9.0, 9.0, 9.0, 9.0, 8.0, 8.0, 12.0, 8.0, 9.0, 9.0, 9.0, 9.0]
T = 0.10737418240000006	 step = 537
97.33000000000004
23.652251420454544
[48.0, 7.0, 19.0, 39.0, 38.0, 27.0, 26.0, 34.0, 17.0, 33.0, 46.0, 18.0, 8.0, 21.0, 48.0, 8.0, 6.0, 6.0, 29.0, 46.0]
[21.0, 26.0, 49.0, 36.0, 25.0, 23.0, 46.0, 47.0, 37.0, 9.0, 9.0, 16.0, 48.0, 5.0, 34.0, 6.0, 37.0, 17.0, 36.0, 46.0]
[5.0, 5.0, 5.0, 5.0, 5.0, 5.0, 5.0, 5.0, 9.0, 9.0, 9.0, 9.0, 12.0, 12.0, 8.0, 12.0, 9.0, 9.0, 9.0, 9.0]
[5.0, 5.0, 5.0, 5.0, 5.0, 5.0, 5.0, 5.0, 9.0, 9.0, 9.0, 9.0, 8.0, 8.0, 12.0, 8.0, 9.0, 9.0, 9.0, 9.0]
T = 0.10737418240000006	 step = 538
97.31
23.714751420454544
[48.0, 7.0, 19.0, 39.0, 38.0, 27.0, 26.0, 34.0, 17.0, 33.0, 46.0, 18.0, 8.0, 21.0, 48.0, 7.0, 6.0, 6.0, 29.0, 46.0]
[21.0, 26.0, 49.0, 36.0, 25.0, 23.0, 46.0, 47.0, 37.0, 9.0, 9.0, 16.0, 48.0, 5.0, 34.0, 6.0, 37.0, 17.0, 36.0, 46.0]
[5.0, 5.0, 5.0, 5.0, 5.0, 5.0, 5.0, 5.0, 9.0, 9.0, 9.0, 9.0, 12.0, 12.0, 8.0, 12.0, 9.0, 9.0, 9.0, 9.0]
[5.0, 5.0, 5.0, 5.0, 5.0, 5.0, 5.0, 5.0, 9.0, 9.0, 9.0, 9.0, 8.0, 8.0, 12.0, 8.0, 9.0, 9.0, 9.0, 9.0]
T = 0.10737418240000006	 step = 539
97.17000000000002
23.785063920454544
[48.0, 7.0, 19.0, 39.0, 38.0, 27.0, 26.0, 34.0, 17.0, 33.0, 47.0, 18.0, 8.0, 21.0, 48.0, 7.0, 6.0, 6.0, 29.0, 46.0]
[21.0, 26.0, 49.0, 36.0, 25.0, 23.0, 46.0, 47.0, 37.0, 9.0, 9.0, 16.0, 48.0, 5.0, 34.0, 6.0, 37.0, 17.0, 36.0, 46.0]
[5.0, 5.0, 5.0, 5.0, 5.0, 5.0, 5.0, 5.0, 9.0, 9.0, 9.0, 9.0, 12.0, 12.0, 8.0, 12.0, 9.0, 9.0, 9.0, 9.0]
[5.0, 5.0, 5.0, 5.0, 5.0, 5.0, 5.0, 5.0, 9.0, 9.0, 9.0, 9.0, 8.0, 8.0, 12.0, 8.0, 9.0, 9.0, 9.0, 9.0]
T = 0.10737418240000006	 step = 540
97.17000000000002
23.660063920454544
[48.0, 7.0, 19.0, 39.0, 38.0, 27.0, 26.0, 34.0, 17.0, 33.0, 47.0, 18.0, 8.0, 21.0, 48.0, 7.0, 6.0, 6.0, 29.0, 46.0]
[22.0, 26.0, 49.0, 36.0, 25.0, 23.0, 46.0, 47.0, 37.0, 9.0, 9.0, 16.0, 48.0, 5.0, 34.0, 6.0, 37.0, 17.0, 36.0, 46.0]
[5.0, 5.0, 5.0, 5.0, 5.0, 5.0, 5.0, 5.0, 9.0, 9.0, 9.0, 9.0, 12.0, 12.0, 8.0, 12.0, 9.0, 9.0, 9.0, 9.0]
[5.0, 5.0, 5.0, 5.0, 5.0, 5.0, 5.0, 5.0, 9.0, 9.0, 9.0, 9.0, 8.0, 8.0, 12.0, 8.0, 9.0, 9.0, 9.0, 9.0]
T = 0.10737418240000006	 step = 541
97.23000000000002
23.597563920454544
[48.0, 7.0, 19.0, 39.0, 38.0, 27.0, 26.0, 34.0, 17.0, 33.0, 47.0, 18.0, 8.0, 21.0, 48.0, 7.0, 6.0, 6.0, 29.0, 46.0]
[22.0, 26.0, 49.0, 36.0, 25.0, 23.0, 45.0, 47.0, 37.0, 9.0, 9.0, 16.0, 48.0, 5.0, 34.0, 6.0, 37.0, 17.0, 36.0, 46.0]
[5.0, 5.0, 5.0, 5.0, 5.0, 5.0, 5.0, 5.0, 9.0, 9.0, 9.0, 9.0, 12.0, 12.0, 8.0, 12.0, 9.0, 9.0, 9.0, 9.0]
[5.0, 5.0, 5.0, 5.0, 5.0, 5.0, 5.0, 5.0, 9.0, 9.0, 9.0, 9.0, 8.0, 8.0, 12.0, 8.0, 9.0, 9.0, 9.0, 9.0]
T = 0.10737418240000006	 step = 542
97.16000000000003
23.633252840909087
[48.0, 6.0, 19.0, 39.0, 38.0, 27.0, 26.0, 34.0, 17.0, 33.0, 47.0, 18.0, 8.0, 21.0, 48.0, 7.0, 6.0, 6.0, 29.0, 46.0]
[22.0, 26.0, 49.0, 36.0, 25.0, 23.0, 45.0, 47.0, 37.0, 9.0, 9.0, 16.0, 48.0, 5.0, 34.0, 6.0, 37.0, 17.0, 36.0, 46.0]
[5.0, 5.0, 5.0, 5.0, 5.0, 5.0, 5.0, 5.0, 9.0, 9.0, 9.0, 9.0, 12.0, 12.0, 8.0, 12.0, 9.0, 9.0, 9.0, 9.0]
[5.0, 5.0, 5.0, 5.0, 5.0, 5.0, 5.0, 5.0, 9.0, 9.0, 9.0, 9.0, 8.0, 8.0, 12.0, 8.0, 9.0, 9.0, 9.0, 9.0]
T = 0.10737418240000006	 step = 543
97.15000000000003
23.695752840909087
[48.0, 6.0, 19.0, 39.0, 38.0, 27.0, 26.0, 34.0, 17.0, 33.0, 47.0, 18.0, 8.0, 21.0, 48.0, 7.0, 6.0, 6.0, 29.0, 46.0]
[22.0, 26.0, 49.0, 36.0, 25.0, 23.0, 45.0, 47.0, 37.0, 9.0, 9.0, 16.0, 48.0, 5.0, 34.0, 6.0, 38.0, 17.0, 36.0, 46.0]
[5.0, 5.0, 5.0, 5.0, 5.0, 5.0, 5.0, 5.0, 9.0, 9.0, 9.0, 9.0, 12.0, 12.0, 8.0, 12.0, 9.0, 9.0, 9.0, 9.0]
[5.0, 5.0, 5.0, 5.0, 5.0, 5.0, 5.0, 5.0, 9.0, 9.0, 9.0, 9.0, 8.0, 8.0, 12.0, 8.0, 9.0, 9.0, 9.0, 9.0]
T = 0.10737418240000006	 step = 544
97.19
23.633252840909087
[48.0, 6.0, 19.0, 39.0, 38.0, 27.0, 26.0, 34.0, 17.0, 33.0, 47.0, 18.0, 8.0, 21.0, 48.0, 7.0, 6.0, 6.0, 29.0, 46.0]
[22.0, 26.0, 49.0, 36.0, 24.0, 23.0, 45.0, 47.0, 37.0, 9.0, 9.0, 16.0, 48.0, 5.0, 34.0, 6.0, 38.0, 17.0, 36.0, 46.0]
[5.0, 5.0, 5.0, 5.0, 5.0, 5.0, 5.0, 5.0, 9.0, 9.0, 9.0, 9.0, 12.0, 12.0, 8.0, 12.0, 9.0, 9.0, 9.0, 9.0]
[5.0, 5.0, 5.0, 5.0, 5.0, 5.0, 5.0, 5.0, 9.0, 9.0, 9.0, 9.0, 8.0, 8.0, 12.0, 8.0, 9.0, 9.0, 9.0, 9.0]
T = 0.10737418240000006	 step = 545
97.12
23.758252840909087
[49.0, 6.0, 19.0, 39.0, 38.0, 27.0, 26.0, 34.0, 17.0, 33.0, 47.0, 18.0, 8.0, 21.0, 48.0, 7.0, 6.0, 6.0, 29.0, 46.0]
[22.0, 26.0, 49.0, 36.0, 24.0, 23.0, 45.0, 47.0, 37.0, 9.0, 9.0, 16.0, 48.0, 5.0, 34.0, 6.0, 38.0, 17.0, 36.0, 46.0]
[5.0, 5.0, 5.0, 5.0, 5.0, 5.0, 5.0, 5.0, 9.0, 9.0, 9.0, 9.0, 12.0, 12.0, 8.0, 12.0, 9.0, 9.0, 9.0, 9.0]
[5.0, 5.0, 5.0, 5.0, 5.0, 5.0, 5.0, 5.0, 9.0, 9.0, 9.0, 9.0, 8.0, 8.0, 12.0, 8.0, 9.0, 9.0, 9.0, 9.0]
T = 0.10737418240000006	 step = 546
97.07000000000005
23.847563920454544
[49.0, 5.0, 19.0, 39.0, 38.0, 27.0, 26.0, 34.0, 17.0, 33.0, 47.0, 18.0, 8.0, 21.0, 48.0, 7.0, 6.0, 6.0, 29.0, 46.0]
[22.0, 26.0, 49.0, 36.0, 24.0, 23.0, 45.0, 47.0, 37.0, 9.0, 9.0, 16.0, 48.0, 5.0, 34.0, 6.0, 38.0, 17.0, 36.0, 46.0]
[5.0, 5.0, 5.0, 5.0, 5.0, 5.0, 5.0, 5.0, 9.0, 9.0, 9.0, 9.0, 12.0, 12.0, 8.0, 12.0, 9.0, 9.0, 9.0, 9.0]
[5.0, 5.0, 5.0, 5.0, 5.0, 5.0, 5.0, 5.0, 9.0, 9.0, 9.0, 9.0, 8.0, 8.0, 12.0, 8.0, 9.0, 9.0, 9.0, 9.0]
T = 0.10737418240000006	 step = 547
98.13
24.207465820312496
[49.0, 5.0, 19.0, 39.0, 38.0, 27.0, 26.0, 34.0, 17.0, 36.0, 47.0, 18.0, 8.0, 21.0, 48.0, 7.0, 6.0, 6.0, 29.0, 46.0]
[22.0, 26.0, 49.0, 36.0, 24.0, 23.0, 45.0, 47.0, 37.0, 15.0, 9.0, 16.0, 48.0, 5.0, 34.0, 6.0, 38.0, 17.0, 36.0, 46.0]
[5.0, 5.0, 5.0, 5.0, 5.0, 5.0, 5.0, 5.0, 9.0, 9.0, 9.0, 9.0, 12.0, 12.0, 8.0, 12.0, 9.0, 9.0, 9.0, 9.0]
[5.0, 5.0, 5.0, 5.0, 5.0, 5.0, 5.0, 5.0, 9.0, 9.0, 9.0, 9.0, 8.0, 8.0, 12.0, 8.0, 9.0, 9.0, 9.0, 9.0]
T = 0.10737418240000006	 step = 548
97.99000000000001
23.765609463778404
[49.0, 5.0, 19.0, 39.0, 38.0, 31.0, 26.0, 34.0, 17.0, 36.0, 47.0, 18.0, 8.0, 21.0, 48.0, 7.0, 6.0, 6.0, 29.0, 46.0]
[22.0, 26.0, 49.0, 36.0, 24.0, 27.0, 45.0, 47.0, 37.0, 15.0, 9.0, 16.0, 48.0, 5.0, 34.0, 6.0, 38.0, 17.0, 36.0, 46.0]
[5.0, 5.0, 5.0, 5.0, 5.0, 5.0, 5.0, 5.0, 9.0, 9.0, 9.0, 9.0, 12.0, 12.0, 8.0, 12.0, 9.0, 9.0, 9.0, 9.0]
[5.0, 5.0, 5.0, 5.0, 5.0, 5.0, 5.0, 5.0, 9.0, 9.0, 9.0, 9.0, 8.0, 8.0, 12.0, 8.0, 9.0, 9.0, 9.0, 9.0]
T = 0.10737418240000006	 step = 549
98.09000000000003
23.703109463778404
[49.0, 5.0, 19.0, 39.0, 38.0, 31.0, 26.0, 34.0, 17.0, 36.0, 47.0, 18.0, 8.0, 21.0, 48.0, 7.0, 6.0, 6.0, 29.0, 46.0]
[22.0, 26.0, 49.0, 35.0, 24.0, 27.0, 45.0, 47.0, 37.0, 15.0, 9.0, 16.0, 48.0, 5.0, 34.0, 6.0, 38.0, 17.0, 36.0, 46.0]
[5.0, 5.0, 5.0, 5.0, 5.0, 5.0, 5.0, 5.0, 9.0, 9.0, 9.0, 9.0, 12.0, 12.0, 8.0, 12.0, 9.0, 9.0, 9.0, 9.0]
[5.0, 5.0, 5.0, 5.0, 5.0, 5.0, 5.0, 5.0, 9.0, 9.0, 9.0, 9.0, 8.0, 8.0, 12.0, 8.0, 9.0, 9.0, 9.0, 9.0]
T = 0.10737418240000006	 step = 550
98.07000000000005
23.765609463778404
[49.0, 5.0, 19.0, 39.0, 38.0, 31.0, 26.0, 34.0, 17.0, 36.0, 47.0, 18.0, 8.0, 21.0, 48.0, 7.0, 6.0, 6.0, 29.0, 47.0]
[22.0, 26.0, 49.0, 35.0, 24.0, 27.0, 45.0, 47.0, 37.0, 15.0, 9.0, 16.0, 48.0, 5.0, 34.0, 6.0, 38.0, 17.0, 36.0, 46.0]
[5.0, 5.0, 5.0, 5.0, 5.0, 5.0, 5.0, 5.0, 9.0, 9.0, 9.0, 9.0, 12.0, 12.0, 8.0, 12.0, 9.0, 9.0, 9.0, 9.0]
[5.0, 5.0, 5.0, 5.0, 5.0, 5.0, 5.0, 5.0, 9.0, 9.0, 9.0, 9.0, 8.0, 8.0, 12.0, 8.0, 9.0, 9.0, 9.0, 9.0]
T = 0.10737418240000006	 step = 551
98.19
23.640609463778404
[49.0, 5.0, 19.0, 39.0, 38.0, 31.0, 26.0, 34.0, 17.0, 35.0, 47.0, 18.0, 8.0, 21.0, 48.0, 7.0, 6.0, 6.0, 29.0, 47.0]
[22.0, 26.0, 49.0, 35.0, 24.0, 27.0, 45.0, 47.0, 37.0, 15.0, 9.0, 16.0, 48.0, 5.0, 34.0, 6.0, 38.0, 17.0, 36.0, 46.0]
[5.0, 5.0, 5.0, 5.0, 5.0, 5.0, 5.0, 5.0, 9.0, 9.0, 9.0, 9.0, 12.0, 12.0, 8.0, 12.0, 9.0, 9.0, 9.0, 9.0]
[5.0, 5.0, 5.0, 5.0, 5.0, 5.0, 5.0, 5.0, 9.0, 9.0, 9.0, 9.0, 8.0, 8.0, 12.0, 8.0, 9.0, 9.0, 9.0, 9.0]
T = 0.10737418240000006	 step = 552
98.0
23.640609463778404
[49.0, 5.0, 19.0, 39.0, 38.0, 31.0, 26.0, 34.0, 17.0, 35.0, 47.0, 17.0, 8.0, 21.0, 48.0, 7.0, 6.0, 6.0, 29.0, 47.0]
[22.0, 26.0, 49.0, 35.0, 24.0, 27.0, 45.0, 47.0, 37.0, 15.0, 9.0, 16.0, 48.0, 5.0, 34.0, 6.0, 38.0, 17.0, 36.0, 46.0]
[5.0, 5.0, 5.0, 5.0, 5.0, 5.0, 5.0, 5.0, 9.0, 9.0, 9.0, 9.0, 12.0, 12.0, 8.0, 12.0, 9.0, 9.0, 9.0, 9.0]
[5.0, 5.0, 5.0, 5.0, 5.0, 5.0, 5.0, 5.0, 9.0, 9.0, 9.0, 9.0, 8.0, 8.0, 12.0, 8.0, 9.0, 9.0, 9.0, 9.0]
T = 0.10737418240000006	 step = 553
98.02000000000004
23.578109463778404
[49.0, 5.0, 19.0, 39.0, 38.0, 31.0, 26.0, 34.0, 17.0, 35.0, 47.0, 17.0, 8.0, 21.0, 48.0, 7.0, 6.0, 6.0, 29.0, 47.0]
[22.0, 26.0, 49.0, 35.0, 24.0, 27.0, 45.0, 47.0, 37.0, 15.0, 9.0, 16.0, 48.0, 5.0, 33.0, 6.0, 38.0, 17.0, 36.0, 46.0]
[5.0, 5.0, 5.0, 5.0, 5.0, 5.0, 5.0, 5.0, 9.0, 9.0, 9.0, 9.0, 12.0, 12.0, 8.0, 12.0, 9.0, 9.0, 9.0, 9.0]
[5.0, 5.0, 5.0, 5.0, 5.0, 5.0, 5.0, 5.0, 9.0, 9.0, 9.0, 9.0, 8.0, 8.0, 12.0, 8.0, 9.0, 9.0, 9.0, 9.0]
T = 0.10737418240000006	 step = 554
98.12
23.453109463778404
[49.0, 5.0, 19.0, 39.0, 38.0, 31.0, 26.0, 34.0, 17.0, 34.0, 47.0, 17.0, 8.0, 21.0, 48.0, 7.0, 6.0, 6.0, 29.0, 47.0]
[22.0, 26.0, 49.0, 35.0, 24.0, 27.0, 45.0, 47.0, 37.0, 15.0, 9.0, 16.0, 48.0, 5.0, 33.0, 6.0, 38.0, 17.0, 36.0, 46.0]
[5.0, 5.0, 5.0, 5.0, 5.0, 5.0, 5.0, 5.0, 9.0, 9.0, 9.0, 9.0, 12.0, 12.0, 8.0, 12.0, 9.0, 9.0, 9.0, 9.0]
[5.0, 5.0, 5.0, 5.0, 5.0, 5.0, 5.0, 5.0, 9.0, 9.0, 9.0, 9.0, 8.0, 8.0, 12.0, 8.0, 9.0, 9.0, 9.0, 9.0]
T = 0.10737418240000006	 step = 555
98.04000000000002
23.54915305397727
[49.0, 5.0, 19.0, 39.0, 38.0, 31.0, 26.0, 34.0, 17.0, 35.0, 47.0, 17.0, 8.0, 21.0, 48.0, 7.0, 6.0, 6.0, 30.0, 47.0]
[22.0, 26.0, 49.0, 35.0, 24.0, 27.0, 45.0, 47.0, 37.0, 15.0, 9.0, 16.0, 48.0, 5.0, 33.0, 6.0, 38.0, 17.0, 36.0, 46.0]
[5.0, 5.0, 5.0, 5.0, 5.0, 5.0, 5.0, 5.0, 9.0, 9.0, 9.0, 9.0, 12.0, 12.0, 8.0, 12.0, 9.0, 9.0, 9.0, 9.0]
[5.0, 5.0, 5.0, 5.0, 5.0, 5.0, 5.0, 5.0, 9.0, 9.0, 9.0, 9.0, 8.0, 8.0, 12.0, 8.0, 9.0, 9.0, 9.0, 9.0]
T = 0.10737418240000006	 step = 556
98.13
23.42415305397727
[48.0, 5.0, 19.0, 39.0, 38.0, 31.0, 26.0, 34.0, 17.0, 35.0, 47.0, 17.0, 8.0, 21.0, 48.0, 7.0, 6.0, 6.0, 30.0, 47.0]
[22.0, 26.0, 49.0, 35.0, 24.0, 27.0, 45.0, 47.0, 37.0, 15.0, 9.0, 16.0, 48.0, 5.0, 33.0, 6.0, 38.0, 17.0, 36.0, 46.0]
[5.0, 5.0, 5.0, 5.0, 5.0, 5.0, 5.0, 5.0, 9.0, 9.0, 9.0, 9.0, 12.0, 12.0, 8.0, 12.0, 9.0, 9.0, 9.0, 9.0]
[5.0, 5.0, 5.0, 5.0, 5.0, 5.0, 5.0, 5.0, 9.0, 9.0, 9.0, 9.0, 8.0, 8.0, 12.0, 8.0, 9.0, 9.0, 9.0, 9.0]
T = 0.10737418240000006	 step = 557
98.24000000000001
23.29915305397727
[48.0, 5.0, 19.0, 39.0, 38.0, 31.0, 26.0, 34.0, 17.0, 35.0, 47.0, 17.0, 8.0, 21.0, 48.0, 7.0, 6.0, 6.0, 30.0, 47.0]
[22.0, 26.0, 49.0, 35.0, 24.0, 27.0, 45.0, 47.0, 37.0, 15.0, 10.0, 16.0, 48.0, 5.0, 33.0, 6.0, 38.0, 17.0, 36.0, 46.0]
[5.0, 5.0, 5.0, 5.0, 5.0, 5.0, 5.0, 5.0, 9.0, 9.0, 9.0, 9.0, 12.0, 12.0, 8.0, 12.0, 9.0, 9.0, 9.0, 9.0]
[5.0, 5.0, 5.0, 5.0, 5.0, 5.0, 5.0, 5.0, 9.0, 9.0, 9.0, 9.0, 8.0, 8.0, 12.0, 8.0, 9.0, 9.0, 9.0, 9.0]
T = 0.10737418240000006	 step = 558
98.09000000000003
23.29915305397727
[48.0, 5.0, 19.0, 39.0, 38.0, 31.0, 26.0, 34.0, 17.0, 35.0, 47.0, 17.0, 8.0, 21.0, 48.0, 7.0, 6.0, 6.0, 30.0, 47.0]
[22.0, 26.0, 49.0, 35.0, 24.0, 27.0, 45.0, 47.0, 38.0, 15.0, 10.0, 16.0, 48.0, 5.0, 33.0, 6.0, 38.0, 17.0, 36.0, 46.0]
[5.0, 5.0, 5.0, 5.0, 5.0, 5.0, 5.0, 5.0, 9.0, 9.0, 9.0, 9.0, 12.0, 12.0, 8.0, 12.0, 9.0, 9.0, 9.0, 9.0]
[5.0, 5.0, 5.0, 5.0, 5.0, 5.0, 5.0, 5.0, 9.0, 9.0, 9.0, 9.0, 8.0, 8.0, 12.0, 8.0, 9.0, 9.0, 9.0, 9.0]
T = 0.10737418240000006	 step = 559
98.10000000000002
23.23665305397727
[48.0, 5.0, 19.0, 39.0, 38.0, 31.0, 26.0, 34.0, 17.0, 35.0, 47.0, 17.0, 8.0, 21.0, 48.0, 7.0, 6.0, 6.0, 30.0, 47.0]
[22.0, 26.0, 49.0, 35.0, 24.0, 27.0, 45.0, 47.0, 38.0, 15.0, 10.0, 16.0, 48.0, 5.0, 32.0, 6.0, 38.0, 17.0, 36.0, 46.0]
[5.0, 5.0, 5.0, 5.0, 5.0, 5.0, 5.0, 5.0, 9.0, 9.0, 9.0, 9.0, 12.0, 12.0, 8.0, 12.0, 9.0, 9.0, 9.0, 9.0]
[5.0, 5.0, 5.0, 5.0, 5.0, 5.0, 5.0, 5.0, 9.0, 9.0, 9.0, 9.0, 8.0, 8.0, 12.0, 8.0, 9.0, 9.0, 9.0, 9.0]
T = 0.10737418240000006	 step = 560
98.08000000000004
23.265609463778404
[48.0, 5.0, 19.0, 39.0, 38.0, 31.0, 26.0, 34.0, 17.0, 35.0, 47.0, 17.0, 8.0, 21.0, 48.0, 7.0, 6.0, 6.0, 29.0, 47.0]
[22.0, 26.0, 49.0, 35.0, 24.0, 27.0, 45.0, 47.0, 38.0, 15.0, 10.0, 16.0, 48.0, 5.0, 32.0, 6.0, 38.0, 17.0, 36.0, 46.0]
[5.0, 5.0, 5.0, 5.0, 5.0, 5.0, 5.0, 5.0, 9.0, 9.0, 9.0, 9.0, 12.0, 12.0, 8.0, 12.0, 9.0, 9.0, 9.0, 9.0]
[5.0, 5.0, 5.0, 5.0, 5.0, 5.0, 5.0, 5.0, 9.0, 9.0, 9.0, 9.0, 8.0, 8.0, 12.0, 8.0, 9.0, 9.0, 9.0, 9.0]
T = 0.10737418240000006	 step = 561
98.10000000000002
23.203109463778404
[48.0, 5.0, 19.0, 39.0, 38.0, 31.0, 26.0, 34.0, 17.0, 35.0, 47.0, 17.0, 9.0, 21.0, 48.0, 7.0, 6.0, 6.0, 29.0, 47.0]
[22.0, 26.0, 49.0, 35.0, 24.0, 27.0, 45.0, 47.0, 38.0, 15.0, 10.0, 16.0, 48.0, 5.0, 32.0, 6.0, 38.0, 17.0, 36.0, 46.0]
[5.0, 5.0, 5.0, 5.0, 5.0, 5.0, 5.0, 5.0, 9.0, 9.0, 9.0, 9.0, 12.0, 12.0, 8.0, 12.0, 9.0, 9.0, 9.0, 9.0]
[5.0, 5.0, 5.0, 5.0, 5.0, 5.0, 5.0, 5.0, 9.0, 9.0, 9.0, 9.0, 8.0, 8.0, 12.0, 8.0, 9.0, 9.0, 9.0, 9.0]
T = 0.10737418240000006	 step = 562
98.26000000000005
23.269401633522726
[48.0, 5.0, 19.0, 39.0, 38.0, 31.0, 26.0, 34.0, 17.0, 35.0, 47.0, 17.0, 9.0, 21.0, 48.0, 7.0, 6.0, 6.0, 29.0, 47.0]
[22.0, 26.0, 49.0, 35.0, 24.0, 26.0, 45.0, 47.0, 38.0, 15.0, 10.0, 16.0, 48.0, 5.0, 32.0, 6.0, 38.0, 17.0, 36.0, 46.0]
[5.0, 5.0, 5.0, 5.0, 5.0, 5.0, 5.0, 5.0, 9.0, 9.0, 9.0, 9.0, 12.0, 12.0, 8.0, 12.0, 9.0, 9.0, 9.0, 9.0]
[5.0, 5.0, 5.0, 5.0, 5.0, 5.0, 5.0, 5.0, 9.0, 9.0, 9.0, 9.0, 8.0, 8.0, 12.0, 8.0, 9.0, 9.0, 9.0, 9.0]
T = 0.10737418240000006	 step = 563
98.42000000000002
23.269401633522726
[48.0, 5.0, 19.0, 39.0, 38.0, 31.0, 26.0, 34.0, 17.0, 35.0, 47.0, 17.0, 9.0, 21.0, 48.0, 7.0, 6.0, 6.0, 29.0, 47.0]
[22.0, 26.0, 49.0, 35.0, 24.0, 26.0, 45.0, 47.0, 37.0, 15.0, 10.0, 16.0, 48.0, 5.0, 32.0, 6.0, 38.0, 17.0, 36.0, 46.0]
[5.0, 5.0, 5.0, 5.0, 5.0, 5.0, 5.0, 5.0, 9.0, 9.0, 9.0, 9.0, 12.0, 12.0, 8.0, 12.0, 9.0, 9.0, 9.0, 9.0]
[5.0, 5.0, 5.0, 5.0, 5.0, 5.0, 5.0, 5.0, 9.0, 9.0, 9.0, 9.0, 8.0, 8.0, 12.0, 8.0, 9.0, 9.0, 9.0, 9.0]
T = 0.10737418240000006	 step = 564
98.25
23.203109463778404
[48.0, 5.0, 19.0, 39.0, 38.0, 31.0, 26.0, 34.0, 17.0, 35.0, 47.0, 17.0, 9.0, 21.0, 48.0, 7.0, 6.0, 6.0, 29.0, 47.0]
[22.0, 26.0, 49.0, 35.0, 24.0, 27.0, 45.0, 47.0, 37.0, 15.0, 10.0, 16.0, 48.0, 5.0, 32.0, 6.0, 38.0, 17.0, 36.0, 46.0]
[5.0, 5.0, 5.0, 5.0, 5.0, 5.0, 5.0, 5.0, 9.0, 9.0, 9.0, 9.0, 12.0, 12.0, 8.0, 12.0, 9.0, 9.0, 9.0, 9.0]
[5.0, 5.0, 5.0, 5.0, 5.0, 5.0, 5.0, 5.0, 9.0, 9.0, 9.0, 9.0, 8.0, 8.0, 12.0, 8.0, 9.0, 9.0, 9.0, 9.0]
T = 0.10737418240000006	 step = 565
98.25
23.265609463778404
[48.0, 5.0, 19.0, 39.0, 38.0, 31.0, 26.0, 34.0, 17.0, 35.0, 47.0, 17.0, 9.0, 21.0, 48.0, 7.0, 6.0, 6.0, 29.0, 47.0]
[22.0, 26.0, 49.0, 35.0, 24.0, 27.0, 45.0, 47.0, 37.0, 15.0, 10.0, 16.0, 48.0, 5.0, 32.0, 6.0, 38.0, 16.0, 36.0, 46.0]
[5.0, 5.0, 5.0, 5.0, 5.0, 5.0, 5.0, 5.0, 9.0, 9.0, 9.0, 9.0, 12.0, 12.0, 8.0, 12.0, 9.0, 9.0, 9.0, 9.0]
[5.0, 5.0, 5.0, 5.0, 5.0, 5.0, 5.0, 5.0, 9.0, 9.0, 9.0, 9.0, 8.0, 8.0, 12.0, 8.0, 9.0, 9.0, 9.0, 9.0]
T = 0.10737418240000006	 step = 566
98.25
23.203109463778404
[48.0, 5.0, 19.0, 39.0, 38.0, 31.0, 26.0, 34.0, 17.0, 35.0, 47.0, 17.0, 9.0, 21.0, 48.0, 7.0, 6.0, 6.0, 29.0, 47.0]
[22.0, 26.0, 49.0, 35.0, 24.0, 27.0, 45.0, 47.0, 37.0, 15.0, 10.0, 16.0, 48.0, 5.0, 32.0, 6.0, 38.0, 17.0, 36.0, 46.0]
[5.0, 5.0, 5.0, 5.0, 5.0, 5.0, 5.0, 5.0, 9.0, 9.0, 9.0, 9.0, 12.0, 12.0, 8.0, 12.0, 9.0, 9.0, 9.0, 9.0]
[5.0, 5.0, 5.0, 5.0, 5.0, 5.0, 5.0, 5.0, 9.0, 9.0, 9.0, 9.0, 8.0, 8.0, 12.0, 8.0, 9.0, 9.0, 9.0, 9.0]
T = 0.10737418240000006	 step = 567
96.63
24.769965820312503
[48.0, 5.0, 19.0, 39.0, 38.0, 16.0, 26.0, 34.0, 17.0, 35.0, 47.0, 17.0, 9.0, 21.0, 48.0, 7.0, 6.0, 6.0, 29.0, 47.0]
[22.0, 26.0, 49.0, 35.0, 24.0, 25.0, 45.0, 47.0, 37.0, 15.0, 10.0, 16.0, 48.0, 5.0, 32.0, 6.0, 38.0, 17.0, 36.0, 46.0]
[5.0, 5.0, 5.0, 5.0, 5.0, 5.0, 5.0, 5.0, 9.0, 9.0, 9.0, 9.0, 12.0, 12.0, 8.0, 12.0, 9.0, 9.0, 9.0, 9.0]
[5.0, 5.0, 5.0, 5.0, 5.0, 5.0, 5.0, 5.0, 9.0, 9.0, 9.0, 9.0, 8.0, 8.0, 12.0, 8.0, 9.0, 9.0, 9.0, 9.0]
T = 0.10737418240000006	 step = 568
96.59000000000003
24.832465820312503
[48.0, 5.0, 19.0, 39.0, 38.0, 16.0, 26.0, 34.0, 17.0, 35.0, 47.0, 17.0, 9.0, 21.0, 48.0, 7.0, 6.0, 6.0, 29.0, 47.0]
[22.0, 26.0, 49.0, 35.0, 24.0, 25.0, 45.0, 47.0, 37.0, 15.0, 10.0, 16.0, 48.0, 5.0, 32.0, 6.0, 38.0, 16.0, 36.0, 46.0]
[5.0, 5.0, 5.0, 5.0, 5.0, 5.0, 5.0, 5.0, 9.0, 9.0, 9.0, 9.0, 12.0, 12.0, 8.0, 12.0, 9.0, 9.0, 9.0, 9.0]
[5.0, 5.0, 5.0, 5.0, 5.0, 5.0, 5.0, 5.0, 9.0, 9.0, 9.0, 9.0, 8.0, 8.0, 12.0, 8.0, 9.0, 9.0, 9.0, 9.0]
T = 0.10737418240000006	 step = 569
96.60000000000002
24.894965820312503
[48.0, 5.0, 19.0, 39.0, 38.0, 16.0, 26.0, 34.0, 17.0, 35.0, 47.0, 17.0, 9.0, 20.0, 48.0, 7.0, 6.0, 6.0, 29.0, 47.0]
[22.0, 26.0, 49.0, 35.0, 24.0, 25.0, 45.0, 47.0, 37.0, 15.0, 10.0, 16.0, 48.0, 5.0, 32.0, 6.0, 38.0, 16.0, 36.0, 46.0]
[5.0, 5.0, 5.0, 5.0, 5.0, 5.0, 5.0, 5.0, 9.0, 9.0, 9.0, 9.0, 12.0, 12.0, 8.0, 12.0, 9.0, 9.0, 9.0, 9.0]
[5.0, 5.0, 5.0, 5.0, 5.0, 5.0, 5.0, 5.0, 9.0, 9.0, 9.0, 9.0, 8.0, 8.0, 12.0, 8.0, 9.0, 9.0, 9.0, 9.0]
T = 0.10737418240000006	 step = 570
96.64000000000004
24.832465820312503
[48.0, 5.0, 19.0, 39.0, 38.0, 16.0, 26.0, 34.0, 17.0, 35.0, 47.0, 17.0, 9.0, 20.0, 48.0, 7.0, 6.0, 6.0, 28.0, 47.0]
[22.0, 26.0, 49.0, 35.0, 24.0, 25.0, 45.0, 47.0, 37.0, 15.0, 10.0, 16.0, 48.0, 5.0, 32.0, 6.0, 38.0, 16.0, 36.0, 46.0]
[5.0, 5.0, 5.0, 5.0, 5.0, 5.0, 5.0, 5.0, 9.0, 9.0, 9.0, 9.0, 12.0, 12.0, 8.0, 12.0, 9.0, 9.0, 9.0, 9.0]
[5.0, 5.0, 5.0, 5.0, 5.0, 5.0, 5.0, 5.0, 9.0, 9.0, 9.0, 9.0, 8.0, 8.0, 12.0, 8.0, 9.0, 9.0, 9.0, 9.0]
T = 0.10737418240000006	 step = 571
96.87
24.762153320312503
[48.0, 5.0, 19.0, 39.0, 38.0, 16.0, 26.0, 34.0, 17.0, 35.0, 46.0, 17.0, 9.0, 20.0, 48.0, 7.0, 6.0, 6.0, 28.0, 47.0]
[22.0, 26.0, 49.0, 35.0, 24.0, 25.0, 45.0, 47.0, 37.0, 15.0, 10.0, 16.0, 48.0, 5.0, 32.0, 6.0, 38.0, 16.0, 36.0, 46.0]
[5.0, 5.0, 5.0, 5.0, 5.0, 5.0, 5.0, 5.0, 9.0, 9.0, 9.0, 9.0, 12.0, 12.0, 8.0, 12.0, 9.0, 9.0, 9.0, 9.0]
[5.0, 5.0, 5.0, 5.0, 5.0, 5.0, 5.0, 5.0, 9.0, 9.0, 9.0, 9.0, 8.0, 8.0, 12.0, 8.0, 9.0, 9.0, 9.0, 9.0]
T = 0.10737418240000006	 step = 572
96.86000000000001
24.824653320312503
[48.0, 5.0, 19.0, 39.0, 38.0, 16.0, 26.0, 34.0, 17.0, 35.0, 46.0, 17.0, 8.0, 20.0, 48.0, 7.0, 6.0, 6.0, 28.0, 47.0]
[22.0, 26.0, 49.0, 35.0, 24.0, 25.0, 45.0, 47.0, 37.0, 15.0, 10.0, 16.0, 48.0, 5.0, 32.0, 6.0, 38.0, 16.0, 36.0, 46.0]
[5.0, 5.0, 5.0, 5.0, 5.0, 5.0, 5.0, 5.0, 9.0, 9.0, 9.0, 9.0, 12.0, 12.0, 8.0, 12.0, 9.0, 9.0, 9.0, 9.0]
[5.0, 5.0, 5.0, 5.0, 5.0, 5.0, 5.0, 5.0, 9.0, 9.0, 9.0, 9.0, 8.0, 8.0, 12.0, 8.0, 9.0, 9.0, 9.0, 9.0]
T = 0.10737418240000006	 step = 573
96.87
24.887153320312503
[48.0, 5.0, 19.0, 39.0, 38.0, 16.0, 26.0, 34.0, 17.0, 35.0, 46.0, 17.0, 8.0, 20.0, 48.0, 7.0, 6.0, 6.0, 29.0, 47.0]
[22.0, 26.0, 49.0, 35.0, 24.0, 25.0, 45.0, 47.0, 37.0, 15.0, 10.0, 16.0, 48.0, 5.0, 32.0, 6.0, 38.0, 16.0, 36.0, 46.0]
[5.0, 5.0, 5.0, 5.0, 5.0, 5.0, 5.0, 5.0, 9.0, 9.0, 9.0, 9.0, 12.0, 12.0, 8.0, 12.0, 9.0, 9.0, 9.0, 9.0]
[5.0, 5.0, 5.0, 5.0, 5.0, 5.0, 5.0, 5.0, 9.0, 9.0, 9.0, 9.0, 8.0, 8.0, 12.0, 8.0, 9.0, 9.0, 9.0, 9.0]
T = 0.10737418240000006	 step = 574
96.86000000000001
24.824653320312503
[48.0, 5.0, 19.0, 39.0, 38.0, 16.0, 26.0, 34.0, 17.0, 35.0, 46.0, 17.0, 8.0, 20.0, 48.0, 7.0, 6.0, 6.0, 29.0, 47.0]
[22.0, 26.0, 49.0, 35.0, 24.0, 25.0, 45.0, 47.0, 37.0, 15.0, 10.0, 16.0, 48.0, 5.0, 32.0, 6.0, 38.0, 17.0, 36.0, 46.0]
[5.0, 5.0, 5.0, 5.0, 5.0, 5.0, 5.0, 5.0, 9.0, 9.0, 9.0, 9.0, 12.0, 12.0, 8.0, 12.0, 9.0, 9.0, 9.0, 9.0]
[5.0, 5.0, 5.0, 5.0, 5.0, 5.0, 5.0, 5.0, 9.0, 9.0, 9.0, 9.0, 8.0, 8.0, 12.0, 8.0, 9.0, 9.0, 9.0, 9.0]
T = 0.10737418240000006	 step = 575
96.90000000000003
24.762153320312496
[48.0, 5.0, 19.0, 39.0, 38.0, 16.0, 26.0, 34.0, 17.0, 35.0, 46.0, 17.0, 8.0, 20.0, 48.0, 7.0, 6.0, 6.0, 29.0, 47.0]
[22.0, 26.0, 49.0, 35.0, 24.0, 25.0, 45.0, 47.0, 37.0, 15.0, 10.0, 16.0, 48.0, 6.0, 32.0, 6.0, 38.0, 17.0, 36.0, 46.0]
[5.0, 5.0, 5.0, 5.0, 5.0, 5.0, 5.0, 5.0, 9.0, 9.0, 9.0, 9.0, 12.0, 12.0, 8.0, 12.0, 9.0, 9.0, 9.0, 9.0]
[5.0, 5.0, 5.0, 5.0, 5.0, 5.0, 5.0, 5.0, 9.0, 9.0, 9.0, 9.0, 8.0, 8.0, 12.0, 8.0, 9.0, 9.0, 9.0, 9.0]
T = 0.10737418240000006	 step = 576
96.98000000000002
24.699653320312496
[48.0, 5.0, 19.0, 39.0, 38.0, 16.0, 26.0, 34.0, 17.0, 35.0, 46.0, 17.0, 8.0, 20.0, 48.0, 7.0, 6.0, 6.0, 29.0, 47.0]
[22.0, 26.0, 49.0, 34.0, 24.0, 25.0, 45.0, 47.0, 37.0, 15.0, 10.0, 16.0, 48.0, 6.0, 32.0, 6.0, 38.0, 17.0, 36.0, 46.0]
[5.0, 5.0, 5.0, 5.0, 5.0, 5.0, 5.0, 5.0, 9.0, 9.0, 9.0, 9.0, 12.0, 12.0, 8.0, 12.0, 9.0, 9.0, 9.0, 9.0]
[5.0, 5.0, 5.0, 5.0, 5.0, 5.0, 5.0, 5.0, 9.0, 9.0, 9.0, 9.0, 8.0, 8.0, 12.0, 8.0, 9.0, 9.0, 9.0, 9.0]
T = 0.10737418240000006	 step = 577
96.91000000000003
24.699653320312496
[48.0, 5.0, 19.0, 39.0, 38.0, 16.0, 26.0, 34.0, 17.0, 35.0, 46.0, 17.0, 8.0, 20.0, 48.0, 7.0, 6.0, 6.0, 29.0, 47.0]
[22.0, 26.0, 49.0, 35.0, 24.0, 25.0, 45.0, 47.0, 37.0, 15.0, 10.0, 16.0, 48.0, 6.0, 32.0, 6.0, 37.0, 17.0, 36.0, 46.0]
[5.0, 5.0, 5.0, 5.0, 5.0, 5.0, 5.0, 5.0, 9.0, 9.0, 9.0, 9.0, 12.0, 12.0, 8.0, 12.0, 9.0, 9.0, 9.0, 9.0]
[5.0, 5.0, 5.0, 5.0, 5.0, 5.0, 5.0, 5.0, 9.0, 9.0, 9.0, 9.0, 8.0, 8.0, 12.0, 8.0, 9.0, 9.0, 9.0, 9.0]
T = 0.10737418240000006	 step = 578
96.87
24.790594371448865
[48.0, 4.0, 19.0, 39.0, 38.0, 16.0, 26.0, 34.0, 17.0, 35.0, 46.0, 17.0, 8.0, 20.0, 48.0, 7.0, 6.0, 6.0, 29.0, 47.0]
[22.0, 26.0, 49.0, 35.0, 24.0, 25.0, 45.0, 47.0, 37.0, 15.0, 10.0, 16.0, 48.0, 6.0, 32.0, 6.0, 37.0, 17.0, 36.0, 46.0]
[5.0, 5.0, 5.0, 5.0, 5.0, 5.0, 5.0, 5.0, 9.0, 9.0, 9.0, 9.0, 12.0, 12.0, 8.0, 12.0, 9.0, 9.0, 9.0, 9.0]
[5.0, 5.0, 5.0, 5.0, 5.0, 5.0, 5.0, 5.0, 9.0, 9.0, 9.0, 9.0, 8.0, 8.0, 12.0, 8.0, 9.0, 9.0, 9.0, 9.0]
T = 0.10737418240000006	 step = 579
96.88
24.665594371448865
[48.0, 4.0, 19.0, 38.0, 38.0, 16.0, 26.0, 34.0, 17.0, 35.0, 46.0, 17.0, 8.0, 20.0, 48.0, 7.0, 6.0, 6.0, 29.0, 47.0]
[22.0, 26.0, 49.0, 35.0, 24.0, 25.0, 45.0, 47.0, 37.0, 15.0, 10.0, 16.0, 48.0, 6.0, 32.0, 6.0, 37.0, 17.0, 36.0, 46.0]
[5.0, 5.0, 5.0, 5.0, 5.0, 5.0, 5.0, 5.0, 9.0, 9.0, 9.0, 9.0, 12.0, 12.0, 8.0, 12.0, 9.0, 9.0, 9.0, 9.0]
[5.0, 5.0, 5.0, 5.0, 5.0, 5.0, 5.0, 5.0, 9.0, 9.0, 9.0, 9.0, 8.0, 8.0, 12.0, 8.0, 9.0, 9.0, 9.0, 9.0]
T = 0.10737418240000006	 step = 580
96.89000000000004
24.603094371448865
[48.0, 4.0, 19.0, 38.0, 38.0, 16.0, 26.0, 34.0, 17.0, 35.0, 46.0, 17.0, 8.0, 20.0, 48.0, 7.0, 6.0, 6.0, 29.0, 47.0]
[22.0, 26.0, 49.0, 35.0, 24.0, 25.0, 45.0, 47.0, 37.0, 15.0, 10.0, 16.0, 47.0, 6.0, 32.0, 6.0, 37.0, 17.0, 36.0, 46.0]
[5.0, 5.0, 5.0, 5.0, 5.0, 5.0, 5.0, 5.0, 9.0, 9.0, 9.0, 9.0, 12.0, 12.0, 8.0, 12.0, 9.0, 9.0, 9.0, 9.0]
[5.0, 5.0, 5.0, 5.0, 5.0, 5.0, 5.0, 5.0, 9.0, 9.0, 9.0, 9.0, 8.0, 8.0, 12.0, 8.0, 9.0, 9.0, 9.0, 9.0]
T = 0.10737418240000006	 step = 581
96.88
24.576283291903408
[48.0, 4.0, 19.0, 38.0, 38.0, 16.0, 26.0, 34.0, 17.0, 35.0, 46.0, 17.0, 8.0, 20.0, 48.0, 7.0, 6.0, 6.0, 29.0, 47.0]
[22.0, 26.0, 49.0, 35.0, 24.0, 25.0, 45.0, 47.0, 37.0, 15.0, 10.0, 16.0, 47.0, 6.0, 32.0, 6.0, 37.0, 17.0, 36.0, 47.0]
[5.0, 5.0, 5.0, 5.0, 5.0, 5.0, 5.0, 5.0, 9.0, 9.0, 9.0, 9.0, 12.0, 12.0, 8.0, 12.0, 9.0, 9.0, 9.0, 9.0]
[5.0, 5.0, 5.0, 5.0, 5.0, 5.0, 5.0, 5.0, 9.0, 9.0, 9.0, 9.0, 8.0, 8.0, 12.0, 8.0, 9.0, 9.0, 9.0, 9.0]
T = 0.10737418240000006	 step = 582
97.16000000000003
24.576283291903405
[48.0, 4.0, 19.0, 38.0, 38.0, 16.0, 26.0, 34.0, 17.0, 35.0, 46.0, 17.0, 8.0, 20.0, 48.0, 7.0, 6.0, 6.0, 29.0, 47.0]
[22.0, 26.0, 49.0, 35.0, 24.0, 25.0, 45.0, 47.0, 36.0, 15.0, 10.0, 16.0, 47.0, 6.0, 32.0, 6.0, 37.0, 17.0, 36.0, 47.0]
[5.0, 5.0, 5.0, 5.0, 5.0, 5.0, 5.0, 5.0, 9.0, 9.0, 9.0, 9.0, 12.0, 12.0, 8.0, 12.0, 9.0, 9.0, 9.0, 9.0]
[5.0, 5.0, 5.0, 5.0, 5.0, 5.0, 5.0, 5.0, 9.0, 9.0, 9.0, 9.0, 8.0, 8.0, 12.0, 8.0, 9.0, 9.0, 9.0, 9.0]
T = 0.10737418240000006	 step = 583
97.14000000000004
24.638783291903405
[48.0, 4.0, 19.0, 38.0, 38.0, 16.0, 27.0, 34.0, 17.0, 35.0, 46.0, 17.0, 8.0, 20.0, 48.0, 7.0, 6.0, 6.0, 29.0, 47.0]
[22.0, 26.0, 49.0, 35.0, 24.0, 25.0, 45.0, 47.0, 36.0, 15.0, 10.0, 16.0, 47.0, 6.0, 32.0, 6.0, 37.0, 17.0, 36.0, 47.0]
[5.0, 5.0, 5.0, 5.0, 5.0, 5.0, 5.0, 5.0, 9.0, 9.0, 9.0, 9.0, 12.0, 12.0, 8.0, 12.0, 9.0, 9.0, 9.0, 9.0]
[5.0, 5.0, 5.0, 5.0, 5.0, 5.0, 5.0, 5.0, 9.0, 9.0, 9.0, 9.0, 8.0, 8.0, 12.0, 8.0, 9.0, 9.0, 9.0, 9.0]
T = 0.10737418240000006	 step = 584
97.08000000000004
24.61463556463068
[48.0, 4.0, 19.0, 38.0, 39.0, 16.0, 27.0, 34.0, 17.0, 35.0, 46.0, 17.0, 8.0, 20.0, 48.0, 7.0, 6.0, 6.0, 29.0, 47.0]
[22.0, 26.0, 49.0, 35.0, 24.0, 25.0, 45.0, 47.0, 36.0, 15.0, 10.0, 16.0, 47.0, 6.0, 32.0, 6.0, 37.0, 17.0, 36.0, 47.0]
[5.0, 5.0, 5.0, 5.0, 5.0, 5.0, 5.0, 5.0, 9.0, 9.0, 9.0, 9.0, 12.0, 12.0, 8.0, 12.0, 9.0, 9.0, 9.0, 9.0]
[5.0, 5.0, 5.0, 5.0, 5.0, 5.0, 5.0, 5.0, 9.0, 9.0, 9.0, 9.0, 8.0, 8.0, 12.0, 8.0, 9.0, 9.0, 9.0, 9.0]
T = 0.08589934592000005	 step = 585
97.14000000000004
24.48963556463068
[48.0, 4.0, 19.0, 38.0, 39.0, 16.0, 27.0, 34.0, 17.0, 35.0, 46.0, 17.0, 8.0, 20.0, 48.0, 7.0, 6.0, 6.0, 29.0, 47.0]
[22.0, 26.0, 48.0, 35.0, 24.0, 25.0, 45.0, 47.0, 36.0, 15.0, 10.0, 16.0, 47.0, 6.0, 32.0, 6.0, 37.0, 17.0, 36.0, 47.0]
[5.0, 5.0, 5.0, 5.0, 5.0, 5.0, 5.0, 5.0, 9.0, 9.0, 9.0, 9.0, 12.0, 12.0, 8.0, 12.0, 9.0, 9.0, 9.0, 9.0]
[5.0, 5.0, 5.0, 5.0, 5.0, 5.0, 5.0, 5.0, 9.0, 9.0, 9.0, 9.0, 8.0, 8.0, 12.0, 8.0, 9.0, 9.0, 9.0, 9.0]
T = 0.08589934592000005	 step = 586
97.11000000000001
24.365345791903408
[48.0, 4.0, 19.0, 38.0, 39.0, 16.0, 27.0, 34.0, 17.0, 35.0, 46.0, 17.0, 8.0, 20.0, 48.0, 7.0, 6.0, 6.0, 29.0, 47.0]
[22.0, 26.0, 48.0, 35.0, 24.0, 26.0, 45.0, 47.0, 36.0, 15.0, 10.0, 16.0, 47.0, 6.0, 32.0, 6.0, 37.0, 17.0, 36.0, 47.0]
[5.0, 5.0, 5.0, 5.0, 5.0, 5.0, 5.0, 5.0, 9.0, 9.0, 9.0, 9.0, 12.0, 12.0, 8.0, 12.0, 9.0, 9.0, 9.0, 9.0]
[5.0, 5.0, 5.0, 5.0, 5.0, 5.0, 5.0, 5.0, 9.0, 9.0, 9.0, 9.0, 8.0, 8.0, 12.0, 8.0, 9.0, 9.0, 9.0, 9.0]
T = 0.08589934592000005	 step = 587
97.05000000000001
24.34119806463068
[48.0, 4.0, 19.0, 38.0, 40.0, 16.0, 27.0, 34.0, 17.0, 35.0, 46.0, 17.0, 8.0, 20.0, 48.0, 7.0, 6.0, 6.0, 29.0, 47.0]
[22.0, 26.0, 48.0, 35.0, 24.0, 26.0, 45.0, 47.0, 36.0, 15.0, 10.0, 16.0, 47.0, 6.0, 32.0, 6.0, 37.0, 17.0, 36.0, 47.0]
[5.0, 5.0, 5.0, 5.0, 5.0, 5.0, 5.0, 5.0, 9.0, 9.0, 9.0, 9.0, 12.0, 12.0, 8.0, 12.0, 9.0, 9.0, 9.0, 9.0]
[5.0, 5.0, 5.0, 5.0, 5.0, 5.0, 5.0, 5.0, 9.0, 9.0, 9.0, 9.0, 8.0, 8.0, 12.0, 8.0, 9.0, 9.0, 9.0, 9.0]
T = 0.08589934592000005	 step = 588
97.01000000000005
24.40369806463068
[48.0, 4.0, 19.0, 38.0, 40.0, 16.0, 27.0, 34.0, 17.0, 35.0, 46.0, 17.0, 8.0, 20.0, 48.0, 7.0, 6.0, 6.0, 29.0, 47.0]
[22.0, 26.0, 48.0, 35.0, 24.0, 26.0, 45.0, 47.0, 36.0, 15.0, 10.0, 16.0, 47.0, 6.0, 32.0, 6.0, 37.0, 16.0, 36.0, 47.0]
[5.0, 5.0, 5.0, 5.0, 5.0, 5.0, 5.0, 5.0, 9.0, 9.0, 9.0, 9.0, 12.0, 12.0, 8.0, 12.0, 9.0, 9.0, 9.0, 9.0]
[5.0, 5.0, 5.0, 5.0, 5.0, 5.0, 5.0, 5.0, 9.0, 9.0, 9.0, 9.0, 8.0, 8.0, 12.0, 8.0, 9.0, 9.0, 9.0, 9.0]
T = 0.08589934592000005	 step = 589
96.96000000000004
24.46619806463068
[48.0, 4.0, 19.0, 38.0, 40.0, 16.0, 27.0, 34.0, 17.0, 35.0, 46.0, 17.0, 8.0, 20.0, 48.0, 7.0, 6.0, 6.0, 29.0, 47.0]
[22.0, 26.0, 48.0, 35.0, 24.0, 26.0, 45.0, 47.0, 36.0, 15.0, 10.0, 16.0, 47.0, 5.0, 32.0, 6.0, 37.0, 16.0, 36.0, 47.0]
[5.0, 5.0, 5.0, 5.0, 5.0, 5.0, 5.0, 5.0, 9.0, 9.0, 9.0, 9.0, 12.0, 12.0, 8.0, 12.0, 9.0, 9.0, 9.0, 9.0]
[5.0, 5.0, 5.0, 5.0, 5.0, 5.0, 5.0, 5.0, 9.0, 9.0, 9.0, 9.0, 8.0, 8.0, 12.0, 8.0, 9.0, 9.0, 9.0, 9.0]
T = 0.08589934592000005	 step = 590
96.75
24.590487837357955
[48.0, 4.0, 19.0, 38.0, 40.0, 15.0, 27.0, 34.0, 17.0, 35.0, 46.0, 17.0, 8.0, 20.0, 48.0, 7.0, 6.0, 6.0, 29.0, 47.0]
[22.0, 26.0, 48.0, 35.0, 24.0, 26.0, 45.0, 47.0, 36.0, 15.0, 10.0, 16.0, 47.0, 5.0, 32.0, 6.0, 37.0, 16.0, 36.0, 47.0]
[5.0, 5.0, 5.0, 5.0, 5.0, 5.0, 5.0, 5.0, 9.0, 9.0, 9.0, 9.0, 12.0, 12.0, 8.0, 12.0, 9.0, 9.0, 9.0, 9.0]
[5.0, 5.0, 5.0, 5.0, 5.0, 5.0, 5.0, 5.0, 9.0, 9.0, 9.0, 9.0, 8.0, 8.0, 12.0, 8.0, 9.0, 9.0, 9.0, 9.0]
T = 0.08589934592000005	 step = 591
99.68
21.6416455078125
[48.0, 4.0, 32.0, 38.0, 40.0, 15.0, 27.0, 34.0, 17.0, 35.0, 46.0, 17.0, 8.0, 20.0, 48.0, 7.0, 6.0, 6.0, 29.0, 47.0]
[22.0, 26.0, 24.0, 35.0, 24.0, 26.0, 45.0, 47.0, 36.0, 15.0, 10.0, 16.0, 47.0, 5.0, 32.0, 6.0, 37.0, 16.0, 36.0, 47.0]
[5.0, 5.0, 5.0, 5.0, 5.0, 5.0, 5.0, 5.0, 9.0, 9.0, 9.0, 9.0, 12.0, 12.0, 8.0, 12.0, 9.0, 9.0, 9.0, 9.0]
[5.0, 5.0, 5.0, 5.0, 5.0, 5.0, 5.0, 5.0, 9.0, 9.0, 9.0, 9.0, 8.0, 8.0, 12.0, 8.0, 9.0, 9.0, 9.0, 9.0]
T = 0.08589934592000005	 step = 592
96.74000000000001
24.652987837357955
[48.0, 4.0, 19.0, 38.0, 40.0, 15.0, 27.0, 34.0, 17.0, 35.0, 46.0, 17.0, 7.0, 20.0, 48.0, 7.0, 6.0, 6.0, 29.0, 47.0]
[22.0, 26.0, 48.0, 35.0, 24.0, 26.0, 45.0, 47.0, 36.0, 15.0, 10.0, 16.0, 47.0, 5.0, 32.0, 6.0, 37.0, 16.0, 36.0, 47.0]
[5.0, 5.0, 5.0, 5.0, 5.0, 5.0, 5.0, 5.0, 9.0, 9.0, 9.0, 9.0, 12.0, 12.0, 8.0, 12.0, 9.0, 9.0, 9.0, 9.0]
[5.0, 5.0, 5.0, 5.0, 5.0, 5.0, 5.0, 5.0, 9.0, 9.0, 9.0, 9.0, 8.0, 8.0, 12.0, 8.0, 9.0, 9.0, 9.0, 9.0]
T = 0.08589934592000005	 step = 593
96.71000000000004
24.715487837357955
[48.0, 4.0, 19.0, 38.0, 40.0, 15.0, 27.0, 34.0, 17.0, 35.0, 46.0, 17.0, 7.0, 20.0, 48.0, 7.0, 6.0, 6.0, 29.0, 47.0]
[22.0, 26.0, 48.0, 35.0, 24.0, 26.0, 45.0, 47.0, 36.0, 15.0, 10.0, 16.0, 47.0, 5.0, 33.0, 6.0, 37.0, 16.0, 36.0, 47.0]
[5.0, 5.0, 5.0, 5.0, 5.0, 5.0, 5.0, 5.0, 9.0, 9.0, 9.0, 9.0, 12.0, 12.0, 8.0, 12.0, 9.0, 9.0, 9.0, 9.0]
[5.0, 5.0, 5.0, 5.0, 5.0, 5.0, 5.0, 5.0, 9.0, 9.0, 9.0, 9.0, 8.0, 8.0, 12.0, 8.0, 9.0, 9.0, 9.0, 9.0]
T = 0.08589934592000005	 step = 594
97.18
24.715487837357955
[48.0, 4.0, 19.0, 38.0, 40.0, 15.0, 27.0, 34.0, 17.0, 35.0, 46.0, 17.0, 7.0, 20.0, 48.0, 7.0, 6.0, 6.0, 29.0, 47.0]
[22.0, 26.0, 48.0, 35.0, 24.0, 26.0, 45.0, 47.0, 36.0, 15.0, 10.0, 17.0, 47.0, 5.0, 33.0, 6.0, 37.0, 16.0, 36.0, 47.0]
[5.0, 5.0, 5.0, 5.0, 5.0, 5.0, 5.0, 5.0, 9.0, 9.0, 9.0, 9.0, 12.0, 12.0, 8.0, 12.0, 9.0, 9.0, 9.0, 9.0]
[5.0, 5.0, 5.0, 5.0, 5.0, 5.0, 5.0, 5.0, 9.0, 9.0, 9.0, 9.0, 8.0, 8.0, 12.0, 8.0, 9.0, 9.0, 9.0, 9.0]
T = 0.08589934592000005	 step = 595
96.75
24.84066539417614
[48.0, 4.0, 19.0, 38.0, 40.0, 15.0, 27.0, 34.0, 17.0, 35.0, 46.0, 17.0, 7.0, 20.0, 48.0, 7.0, 6.0, 6.0, 29.0, 47.0]
[22.0, 26.0, 48.0, 35.0, 24.0, 25.0, 45.0, 47.0, 36.0, 15.0, 10.0, 16.0, 47.0, 5.0, 33.0, 6.0, 37.0, 16.0, 36.0, 47.0]
[5.0, 5.0, 5.0, 5.0, 5.0, 5.0, 5.0, 5.0, 9.0, 9.0, 9.0, 9.0, 12.0, 12.0, 8.0, 12.0, 9.0, 9.0, 9.0, 9.0]
[5.0, 5.0, 5.0, 5.0, 5.0, 5.0, 5.0, 5.0, 9.0, 9.0, 9.0, 9.0, 8.0, 8.0, 12.0, 8.0, 9.0, 9.0, 9.0, 9.0]
T = 0.08589934592000005	 step = 596
96.74000000000001
24.90316539417614
[48.0, 4.0, 19.0, 38.0, 40.0, 15.0, 27.0, 34.0, 17.0, 35.0, 46.0, 17.0, 7.0, 20.0, 48.0, 7.0, 6.0, 6.0, 29.0, 47.0]
[22.0, 26.0, 48.0, 35.0, 24.0, 25.0, 45.0, 47.0, 36.0, 15.0, 10.0, 16.0, 47.0, 5.0, 33.0, 5.0, 37.0, 16.0, 36.0, 47.0]
[5.0, 5.0, 5.0, 5.0, 5.0, 5.0, 5.0, 5.0, 9.0, 9.0, 9.0, 9.0, 12.0, 12.0, 8.0, 12.0, 9.0, 9.0, 9.0, 9.0]
[5.0, 5.0, 5.0, 5.0, 5.0, 5.0, 5.0, 5.0, 9.0, 9.0, 9.0, 9.0, 8.0, 8.0, 12.0, 8.0, 9.0, 9.0, 9.0, 9.0]
T = 0.08589934592000005	 step = 597
96.62
25.02816539417614
[48.0, 4.0, 19.0, 38.0, 40.0, 15.0, 27.0, 34.0, 17.0, 35.0, 46.0, 17.0, 7.0, 20.0, 48.0, 7.0, 6.0, 6.0, 29.0, 47.0]
[22.0, 26.0, 48.0, 35.0, 24.0, 25.0, 45.0, 47.0, 36.0, 15.0, 9.0, 16.0, 47.0, 5.0, 33.0, 5.0, 37.0, 16.0, 36.0, 47.0]
[5.0, 5.0, 5.0, 5.0, 5.0, 5.0, 5.0, 5.0, 9.0, 9.0, 9.0, 9.0, 12.0, 12.0, 8.0, 12.0, 9.0, 9.0, 9.0, 9.0]
[5.0, 5.0, 5.0, 5.0, 5.0, 5.0, 5.0, 5.0, 9.0, 9.0, 9.0, 9.0, 8.0, 8.0, 12.0, 8.0, 9.0, 9.0, 9.0, 9.0]
T = 0.08589934592000005	 step = 598
96.63
25.09066539417614
[48.0, 4.0, 19.0, 38.0, 40.0, 15.0, 27.0, 34.0, 17.0, 35.0, 46.0, 17.0, 7.0, 20.0, 48.0, 7.0, 6.0, 6.0, 29.0, 47.0]
[22.0, 25.0, 48.0, 35.0, 24.0, 25.0, 45.0, 47.0, 36.0, 15.0, 9.0, 16.0, 47.0, 5.0, 33.0, 5.0, 37.0, 16.0, 36.0, 47.0]
[5.0, 5.0, 5.0, 5.0, 5.0, 5.0, 5.0, 5.0, 9.0, 9.0, 9.0, 9.0, 12.0, 12.0, 8.0, 12.0, 9.0, 9.0, 9.0, 9.0]
[5.0, 5.0, 5.0, 5.0, 5.0, 5.0, 5.0, 5.0, 9.0, 9.0, 9.0, 9.0, 8.0, 8.0, 12.0, 8.0, 9.0, 9.0, 9.0, 9.0]
T = 0.08589934592000005	 step = 599
96.64000000000004
25.02816539417614
[48.0, 4.0, 19.0, 38.0, 40.0, 15.0, 27.0, 34.0, 17.0, 35.0, 46.0, 17.0, 7.0, 20.0, 48.0, 7.0, 6.0, 6.0, 29.0, 46.0]
[22.0, 25.0, 48.0, 35.0, 24.0, 25.0, 45.0, 47.0, 36.0, 15.0, 9.0, 16.0, 47.0, 5.0, 33.0, 5.0, 37.0, 16.0, 36.0, 47.0]
[5.0, 5.0, 5.0, 5.0, 5.0, 5.0, 5.0, 5.0, 9.0, 9.0, 9.0, 9.0, 12.0, 12.0, 8.0, 12.0, 9.0, 9.0, 9.0, 9.0]
[5.0, 5.0, 5.0, 5.0, 5.0, 5.0, 5.0, 5.0, 9.0, 9.0, 9.0, 9.0, 8.0, 8.0, 12.0, 8.0, 9.0, 9.0, 9.0, 9.0]
T = 0.08589934592000005	 step = 600
96.67000000000002
24.965487837357955
[48.0, 4.0, 19.0, 38.0, 40.0, 15.0, 27.0, 34.0, 17.0, 35.0, 46.0, 17.0, 7.0, 20.0, 48.0, 7.0, 6.0, 6.0, 28.0, 46.0]
[22.0, 25.0, 48.0, 35.0, 24.0, 25.0, 45.0, 47.0, 36.0, 15.0, 9.0, 16.0, 47.0, 5.0, 33.0, 5.0, 37.0, 16.0, 36.0, 47.0]
[5.0, 5.0, 5.0, 5.0, 5.0, 5.0, 5.0, 5.0, 9.0, 9.0, 9.0, 9.0, 12.0, 12.0, 8.0, 12.0, 9.0, 9.0, 9.0, 9.0]
[5.0, 5.0, 5.0, 5.0, 5.0, 5.0, 5.0, 5.0, 9.0, 9.0, 9.0, 9.0, 8.0, 8.0, 12.0, 8.0, 9.0, 9.0, 9.0, 9.0]
T = 0.08589934592000005	 step = 601
96.67000000000002
25.027987837357955
[48.0, 4.0, 19.0, 38.0, 40.0, 15.0, 27.0, 34.0, 17.0, 35.0, 46.0, 17.0, 7.0, 20.0, 48.0, 7.0, 6.0, 6.0, 28.0, 46.0]
[22.0, 25.0, 48.0, 35.0, 24.0, 25.0, 45.0, 47.0, 36.0, 15.0, 9.0, 16.0, 47.0, 5.0, 34.0, 5.0, 37.0, 16.0, 36.0, 47.0]
[5.0, 5.0, 5.0, 5.0, 5.0, 5.0, 5.0, 5.0, 9.0, 9.0, 9.0, 9.0, 12.0, 12.0, 8.0, 12.0, 9.0, 9.0, 9.0, 9.0]
[5.0, 5.0, 5.0, 5.0, 5.0, 5.0, 5.0, 5.0, 9.0, 9.0, 9.0, 9.0, 8.0, 8.0, 12.0, 8.0, 9.0, 9.0, 9.0, 9.0]
T = 0.08589934592000005	 step = 602
96.64000000000004
25.090487837357955
[48.0, 4.0, 19.0, 38.0, 40.0, 15.0, 27.0, 34.0, 17.0, 35.0, 46.0, 17.0, 7.0, 20.0, 48.0, 7.0, 6.0, 6.0, 28.0, 46.0]
[22.0, 25.0, 48.0, 35.0, 24.0, 25.0, 45.0, 47.0, 36.0, 15.0, 9.0, 16.0, 47.0, 5.0, 34.0, 5.0, 37.0, 15.0, 36.0, 47.0]
[5.0, 5.0, 5.0, 5.0, 5.0, 5.0, 5.0, 5.0, 9.0, 9.0, 9.0, 9.0, 12.0, 12.0, 8.0, 12.0, 9.0, 9.0, 9.0, 9.0]
[5.0, 5.0, 5.0, 5.0, 5.0, 5.0, 5.0, 5.0, 9.0, 9.0, 9.0, 9.0, 8.0, 8.0, 12.0, 8.0, 9.0, 9.0, 9.0, 9.0]
T = 0.08589934592000005	 step = 603
96.33000000000004
25.465487837357955
[48.0, 4.0, 19.0, 38.0, 40.0, 11.0, 27.0, 34.0, 17.0, 35.0, 46.0, 17.0, 7.0, 20.0, 48.0, 7.0, 6.0, 6.0, 28.0, 46.0]
[22.0, 25.0, 48.0, 35.0, 24.0, 26.0, 45.0, 47.0, 36.0, 15.0, 9.0, 16.0, 47.0, 5.0, 34.0, 5.0, 37.0, 15.0, 36.0, 47.0]
[5.0, 5.0, 5.0, 5.0, 5.0, 5.0, 5.0, 5.0, 9.0, 9.0, 9.0, 9.0, 12.0, 12.0, 8.0, 12.0, 9.0, 9.0, 9.0, 9.0]
[5.0, 5.0, 5.0, 5.0, 5.0, 5.0, 5.0, 5.0, 9.0, 9.0, 9.0, 9.0, 8.0, 8.0, 12.0, 8.0, 9.0, 9.0, 9.0, 9.0]
T = 0.08589934592000005	 step = 604
96.36000000000001
25.402987837357955
[48.0, 4.0, 19.0, 38.0, 40.0, 11.0, 27.0, 34.0, 17.0, 35.0, 46.0, 17.0, 7.0, 20.0, 48.0, 7.0, 6.0, 6.0, 28.0, 46.0]
[22.0, 25.0, 48.0, 35.0, 24.0, 26.0, 45.0, 47.0, 36.0, 15.0, 9.0, 16.0, 47.0, 5.0, 33.0, 5.0, 37.0, 15.0, 36.0, 47.0]
[5.0, 5.0, 5.0, 5.0, 5.0, 5.0, 5.0, 5.0, 9.0, 9.0, 9.0, 9.0, 12.0, 12.0, 8.0, 12.0, 9.0, 9.0, 9.0, 9.0]
[5.0, 5.0, 5.0, 5.0, 5.0, 5.0, 5.0, 5.0, 9.0, 9.0, 9.0, 9.0, 8.0, 8.0, 12.0, 8.0, 9.0, 9.0, 9.0, 9.0]
T = 0.08589934592000005	 step = 605
96.33000000000004
25.465487837357955
[48.0, 4.0, 19.0, 38.0, 40.0, 11.0, 27.0, 34.0, 17.0, 35.0, 46.0, 17.0, 7.0, 20.0, 48.0, 7.0, 6.0, 6.0, 28.0, 46.0]
[22.0, 25.0, 48.0, 35.0, 24.0, 26.0, 45.0, 47.0, 36.0, 15.0, 9.0, 16.0, 47.0, 5.0, 34.0, 5.0, 37.0, 15.0, 36.0, 47.0]
[5.0, 5.0, 5.0, 5.0, 5.0, 5.0, 5.0, 5.0, 9.0, 9.0, 9.0, 9.0, 12.0, 12.0, 8.0, 12.0, 9.0, 9.0, 9.0, 9.0]
[5.0, 5.0, 5.0, 5.0, 5.0, 5.0, 5.0, 5.0, 9.0, 9.0, 9.0, 9.0, 8.0, 8.0, 12.0, 8.0, 9.0, 9.0, 9.0, 9.0]
T = 0.08589934592000005	 step = 606
96.43
25.48963556463068
[48.0, 4.0, 19.0, 38.0, 39.0, 11.0, 27.0, 34.0, 17.0, 35.0, 46.0, 17.0, 7.0, 20.0, 48.0, 7.0, 6.0, 6.0, 28.0, 46.0]
[22.0, 25.0, 48.0, 35.0, 24.0, 26.0, 45.0, 47.0, 36.0, 15.0, 9.0, 16.0, 47.0, 5.0, 34.0, 5.0, 37.0, 15.0, 36.0, 47.0]
[5.0, 5.0, 5.0, 5.0, 5.0, 5.0, 5.0, 5.0, 9.0, 9.0, 9.0, 9.0, 12.0, 12.0, 8.0, 12.0, 9.0, 9.0, 9.0, 9.0]
[5.0, 5.0, 5.0, 5.0, 5.0, 5.0, 5.0, 5.0, 9.0, 9.0, 9.0, 9.0, 8.0, 8.0, 12.0, 8.0, 9.0, 9.0, 9.0, 9.0]
T = 0.08589934592000005	 step = 607
96.37
25.340487837357955
[48.0, 4.0, 19.0, 38.0, 40.0, 12.0, 27.0, 34.0, 17.0, 35.0, 46.0, 17.0, 7.0, 20.0, 48.0, 7.0, 6.0, 6.0, 28.0, 46.0]
[22.0, 25.0, 48.0, 35.0, 24.0, 26.0, 45.0, 47.0, 36.0, 15.0, 9.0, 16.0, 47.0, 5.0, 34.0, 5.0, 37.0, 15.0, 36.0, 47.0]
[5.0, 5.0, 5.0, 5.0, 5.0, 5.0, 5.0, 5.0, 9.0, 9.0, 9.0, 9.0, 12.0, 12.0, 8.0, 12.0, 9.0, 9.0, 9.0, 9.0]
[5.0, 5.0, 5.0, 5.0, 5.0, 5.0, 5.0, 5.0, 9.0, 9.0, 9.0, 9.0, 8.0, 8.0, 12.0, 8.0, 9.0, 9.0, 9.0, 9.0]
T = 0.08589934592000005	 step = 608
96.27000000000004
25.465487837357955
[49.0, 4.0, 19.0, 38.0, 40.0, 12.0, 27.0, 34.0, 17.0, 35.0, 46.0, 17.0, 7.0, 20.0, 48.0, 7.0, 6.0, 6.0, 28.0, 46.0]
[22.0, 25.0, 48.0, 35.0, 24.0, 26.0, 45.0, 47.0, 36.0, 15.0, 9.0, 16.0, 47.0, 5.0, 34.0, 5.0, 37.0, 15.0, 36.0, 47.0]
[5.0, 5.0, 5.0, 5.0, 5.0, 5.0, 5.0, 5.0, 9.0, 9.0, 9.0, 9.0, 12.0, 12.0, 8.0, 12.0, 9.0, 9.0, 9.0, 9.0]
[5.0, 5.0, 5.0, 5.0, 5.0, 5.0, 5.0, 5.0, 9.0, 9.0, 9.0, 9.0, 8.0, 8.0, 12.0, 8.0, 9.0, 9.0, 9.0, 9.0]
T = 0.08589934592000005	 step = 609
96.26000000000005
25.402987837357955
[49.0, 4.0, 19.0, 38.0, 40.0, 12.0, 27.0, 34.0, 17.0, 35.0, 46.0, 17.0, 7.0, 20.0, 48.0, 7.0, 6.0, 6.0, 28.0, 46.0]
[22.0, 26.0, 48.0, 35.0, 24.0, 26.0, 45.0, 47.0, 36.0, 15.0, 9.0, 16.0, 47.0, 5.0, 34.0, 5.0, 37.0, 15.0, 36.0, 47.0]
[5.0, 5.0, 5.0, 5.0, 5.0, 5.0, 5.0, 5.0, 9.0, 9.0, 9.0, 9.0, 12.0, 12.0, 8.0, 12.0, 9.0, 9.0, 9.0, 9.0]
[5.0, 5.0, 5.0, 5.0, 5.0, 5.0, 5.0, 5.0, 9.0, 9.0, 9.0, 9.0, 8.0, 8.0, 12.0, 8.0, 9.0, 9.0, 9.0, 9.0]
T = 0.08589934592000005	 step = 610
96.28000000000003
25.465487837357955
[49.0, 4.0, 19.0, 38.0, 40.0, 12.0, 27.0, 34.0, 17.0, 35.0, 46.0, 17.0, 7.0, 20.0, 48.0, 7.0, 6.0, 6.0, 28.0, 46.0]
[22.0, 26.0, 48.0, 35.0, 25.0, 26.0, 45.0, 47.0, 36.0, 15.0, 9.0, 16.0, 47.0, 5.0, 34.0, 5.0, 37.0, 15.0, 36.0, 47.0]
[5.0, 5.0, 5.0, 5.0, 5.0, 5.0, 5.0, 5.0, 9.0, 9.0, 9.0, 9.0, 12.0, 12.0, 8.0, 12.0, 9.0, 9.0, 9.0, 9.0]
[5.0, 5.0, 5.0, 5.0, 5.0, 5.0, 5.0, 5.0, 9.0, 9.0, 9.0, 9.0, 8.0, 8.0, 12.0, 8.0, 9.0, 9.0, 9.0, 9.0]
T = 0.08589934592000005	 step = 611
96.28000000000003
25.402987837357955
[49.0, 4.0, 19.0, 38.0, 40.0, 12.0, 27.0, 34.0, 17.0, 35.0, 46.0, 17.0, 7.0, 20.0, 48.0, 7.0, 6.0, 6.0, 28.0, 46.0]
[22.0, 26.0, 48.0, 34.0, 25.0, 26.0, 45.0, 47.0, 36.0, 15.0, 9.0, 16.0, 47.0, 5.0, 34.0, 5.0, 37.0, 15.0, 36.0, 47.0]
[5.0, 5.0, 5.0, 5.0, 5.0, 5.0, 5.0, 5.0, 9.0, 9.0, 9.0, 9.0, 12.0, 12.0, 8.0, 12.0, 9.0, 9.0, 9.0, 9.0]
[5.0, 5.0, 5.0, 5.0, 5.0, 5.0, 5.0, 5.0, 9.0, 9.0, 9.0, 9.0, 8.0, 8.0, 12.0, 8.0, 9.0, 9.0, 9.0, 9.0]
T = 0.08589934592000005	 step = 612
96.26000000000005
25.465487837357955
[49.0, 4.0, 19.0, 38.0, 40.0, 12.0, 27.0, 34.0, 17.0, 35.0, 46.0, 17.0, 7.0, 20.0, 48.0, 7.0, 6.0, 6.0, 28.0, 47.0]
[22.0, 26.0, 48.0, 34.0, 25.0, 26.0, 45.0, 47.0, 36.0, 15.0, 9.0, 16.0, 47.0, 5.0, 34.0, 5.0, 37.0, 15.0, 36.0, 47.0]
[5.0, 5.0, 5.0, 5.0, 5.0, 5.0, 5.0, 5.0, 9.0, 9.0, 9.0, 9.0, 12.0, 12.0, 8.0, 12.0, 9.0, 9.0, 9.0, 9.0]
[5.0, 5.0, 5.0, 5.0, 5.0, 5.0, 5.0, 5.0, 9.0, 9.0, 9.0, 9.0, 8.0, 8.0, 12.0, 8.0, 9.0, 9.0, 9.0, 9.0]
T = 0.08589934592000005	 step = 613
98.83000000000004
24.07413130326705
[49.0, 4.0, 19.0, 38.0, 40.0, 12.0, 26.0, 34.0, 17.0, 35.0, 46.0, 17.0, 7.0, 20.0, 48.0, 7.0, 6.0, 6.0, 28.0, 47.0]
[22.0, 26.0, 48.0, 34.0, 25.0, 26.0, 23.0, 47.0, 36.0, 15.0, 9.0, 16.0, 47.0, 5.0, 34.0, 5.0, 37.0, 15.0, 36.0, 47.0]
[5.0, 5.0, 5.0, 5.0, 5.0, 5.0, 5.0, 5.0, 9.0, 9.0, 9.0, 9.0, 12.0, 12.0, 8.0, 12.0, 9.0, 9.0, 9.0, 9.0]
[5.0, 5.0, 5.0, 5.0, 5.0, 5.0, 5.0, 5.0, 9.0, 9.0, 9.0, 9.0, 8.0, 8.0, 12.0, 8.0, 9.0, 9.0, 9.0, 9.0]
T = 0.08589934592000005	 step = 614
96.29000000000002
25.402987837357955
[49.0, 4.0, 19.0, 38.0, 40.0, 12.0, 27.0, 34.0, 17.0, 35.0, 46.0, 17.0, 7.0, 20.0, 48.0, 7.0, 6.0, 6.0, 28.0, 47.0]
[22.0, 26.0, 48.0, 34.0, 25.0, 26.0, 45.0, 47.0, 36.0, 15.0, 9.0, 16.0, 47.0, 5.0, 34.0, 5.0, 37.0, 16.0, 36.0, 47.0]
[5.0, 5.0, 5.0, 5.0, 5.0, 5.0, 5.0, 5.0, 9.0, 9.0, 9.0, 9.0, 12.0, 12.0, 8.0, 12.0, 9.0, 9.0, 9.0, 9.0]
[5.0, 5.0, 5.0, 5.0, 5.0, 5.0, 5.0, 5.0, 9.0, 9.0, 9.0, 9.0, 8.0, 8.0, 12.0, 8.0, 9.0, 9.0, 9.0, 9.0]
T = 0.08589934592000005	 step = 615
96.38
25.340487837357955
[49.0, 4.0, 19.0, 38.0, 40.0, 12.0, 26.0, 34.0, 17.0, 35.0, 46.0, 17.0, 7.0, 20.0, 48.0, 7.0, 6.0, 6.0, 28.0, 47.0]
[22.0, 26.0, 48.0, 34.0, 25.0, 26.0, 45.0, 47.0, 36.0, 15.0, 9.0, 16.0, 47.0, 5.0, 34.0, 5.0, 37.0, 16.0, 36.0, 47.0]
[5.0, 5.0, 5.0, 5.0, 5.0, 5.0, 5.0, 5.0, 9.0, 9.0, 9.0, 9.0, 12.0, 12.0, 8.0, 12.0, 9.0, 9.0, 9.0, 9.0]
[5.0, 5.0, 5.0, 5.0, 5.0, 5.0, 5.0, 5.0, 9.0, 9.0, 9.0, 9.0, 8.0, 8.0, 12.0, 8.0, 9.0, 9.0, 9.0, 9.0]
T = 0.08589934592000005	 step = 616
96.32000000000005
25.402987837357955
[49.0, 4.0, 19.0, 38.0, 40.0, 12.0, 26.0, 34.0, 17.0, 35.0, 46.0, 17.0, 7.0, 20.0, 48.0, 7.0, 6.0, 6.0, 28.0, 47.0]
[22.0, 26.0, 48.0, 34.0, 25.0, 26.0, 45.0, 47.0, 36.0, 15.0, 9.0, 16.0, 48.0, 5.0, 34.0, 5.0, 37.0, 16.0, 36.0, 47.0]
[5.0, 5.0, 5.0, 5.0, 5.0, 5.0, 5.0, 5.0, 9.0, 9.0, 9.0, 9.0, 12.0, 12.0, 8.0, 12.0, 9.0, 9.0, 9.0, 9.0]
[5.0, 5.0, 5.0, 5.0, 5.0, 5.0, 5.0, 5.0, 9.0, 9.0, 9.0, 9.0, 8.0, 8.0, 12.0, 8.0, 9.0, 9.0, 9.0, 9.0]
T = 0.08589934592000005	 step = 617
96.25
25.527987837357955
[49.0, 4.0, 19.0, 38.0, 40.0, 11.0, 26.0, 34.0, 17.0, 35.0, 46.0, 17.0, 7.0, 20.0, 48.0, 7.0, 6.0, 6.0, 28.0, 47.0]
[22.0, 26.0, 48.0, 34.0, 25.0, 26.0, 45.0, 47.0, 36.0, 15.0, 9.0, 16.0, 48.0, 5.0, 34.0, 5.0, 37.0, 16.0, 36.0, 47.0]
[5.0, 5.0, 5.0, 5.0, 5.0, 5.0, 5.0, 5.0, 9.0, 9.0, 9.0, 9.0, 12.0, 12.0, 8.0, 12.0, 9.0, 9.0, 9.0, 9.0]
[5.0, 5.0, 5.0, 5.0, 5.0, 5.0, 5.0, 5.0, 9.0, 9.0, 9.0, 9.0, 8.0, 8.0, 12.0, 8.0, 9.0, 9.0, 9.0, 9.0]
T = 0.08589934592000005	 step = 618
96.28000000000003
25.465487837357955
[49.0, 4.0, 19.0, 38.0, 40.0, 11.0, 26.0, 34.0, 17.0, 35.0, 46.0, 17.0, 7.0, 20.0, 48.0, 7.0, 6.0, 6.0, 28.0, 47.0]
[22.0, 26.0, 48.0, 34.0, 25.0, 26.0, 45.0, 47.0, 36.0, 15.0, 9.0, 16.0, 48.0, 6.0, 34.0, 5.0, 37.0, 16.0, 36.0, 47.0]
[5.0, 5.0, 5.0, 5.0, 5.0, 5.0, 5.0, 5.0, 9.0, 9.0, 9.0, 9.0, 12.0, 12.0, 8.0, 12.0, 9.0, 9.0, 9.0, 9.0]
[5.0, 5.0, 5.0, 5.0, 5.0, 5.0, 5.0, 5.0, 9.0, 9.0, 9.0, 9.0, 8.0, 8.0, 12.0, 8.0, 9.0, 9.0, 9.0, 9.0]
T = 0.08589934592000005	 step = 619
96.27000000000004
25.402987837357955
[49.0, 4.0, 19.0, 38.0, 40.0, 11.0, 26.0, 34.0, 17.0, 35.0, 46.0, 17.0, 7.0, 20.0, 48.0, 7.0, 6.0, 6.0, 28.0, 47.0]
[22.0, 26.0, 48.0, 33.0, 25.0, 26.0, 45.0, 47.0, 36.0, 15.0, 9.0, 16.0, 48.0, 6.0, 34.0, 5.0, 37.0, 16.0, 36.0, 47.0]
[5.0, 5.0, 5.0, 5.0, 5.0, 5.0, 5.0, 5.0, 9.0, 9.0, 9.0, 9.0, 12.0, 12.0, 8.0, 12.0, 9.0, 9.0, 9.0, 9.0]
[5.0, 5.0, 5.0, 5.0, 5.0, 5.0, 5.0, 5.0, 9.0, 9.0, 9.0, 9.0, 8.0, 8.0, 12.0, 8.0, 9.0, 9.0, 9.0, 9.0]
T = 0.08589934592000005	 step = 620
96.20000000000005
25.465487837357955
[49.0, 4.0, 19.0, 38.0, 40.0, 11.0, 26.0, 34.0, 17.0, 35.0, 46.0, 17.0, 7.0, 20.0, 48.0, 7.0, 6.0, 6.0, 28.0, 47.0]
[22.0, 26.0, 48.0, 33.0, 25.0, 26.0, 46.0, 47.0, 36.0, 15.0, 9.0, 16.0, 48.0, 6.0, 34.0, 5.0, 37.0, 16.0, 36.0, 47.0]
[5.0, 5.0, 5.0, 5.0, 5.0, 5.0, 5.0, 5.0, 9.0, 9.0, 9.0, 9.0, 12.0, 12.0, 8.0, 12.0, 9.0, 9.0, 9.0, 9.0]
[5.0, 5.0, 5.0, 5.0, 5.0, 5.0, 5.0, 5.0, 9.0, 9.0, 9.0, 9.0, 8.0, 8.0, 12.0, 8.0, 9.0, 9.0, 9.0, 9.0]
T = 0.08589934592000005	 step = 621
96.21000000000004
25.527987837357955
[49.0, 4.0, 19.0, 38.0, 40.0, 11.0, 26.0, 34.0, 17.0, 35.0, 46.0, 17.0, 7.0, 20.0, 48.0, 7.0, 6.0, 6.0, 29.0, 47.0]
[22.0, 26.0, 48.0, 33.0, 25.0, 26.0, 46.0, 47.0, 36.0, 15.0, 9.0, 16.0, 48.0, 6.0, 34.0, 5.0, 37.0, 16.0, 36.0, 47.0]
[5.0, 5.0, 5.0, 5.0, 5.0, 5.0, 5.0, 5.0, 9.0, 9.0, 9.0, 9.0, 12.0, 12.0, 8.0, 12.0, 9.0, 9.0, 9.0, 9.0]
[5.0, 5.0, 5.0, 5.0, 5.0, 5.0, 5.0, 5.0, 9.0, 9.0, 9.0, 9.0, 8.0, 8.0, 12.0, 8.0, 9.0, 9.0, 9.0, 9.0]
T = 0.08589934592000005	 step = 622
96.24000000000001
25.465487837357955
[49.0, 4.0, 19.0, 38.0, 40.0, 11.0, 26.0, 34.0, 17.0, 35.0, 46.0, 17.0, 7.0, 20.0, 48.0, 7.0, 6.0, 6.0, 29.0, 47.0]
[22.0, 26.0, 48.0, 33.0, 25.0, 26.0, 45.0, 47.0, 36.0, 15.0, 9.0, 16.0, 48.0, 6.0, 34.0, 5.0, 37.0, 16.0, 36.0, 47.0]
[5.0, 5.0, 5.0, 5.0, 5.0, 5.0, 5.0, 5.0, 9.0, 9.0, 9.0, 9.0, 12.0, 12.0, 8.0, 12.0, 9.0, 9.0, 9.0, 9.0]
[5.0, 5.0, 5.0, 5.0, 5.0, 5.0, 5.0, 5.0, 9.0, 9.0, 9.0, 9.0, 8.0, 8.0, 12.0, 8.0, 9.0, 9.0, 9.0, 9.0]
T = 0.08589934592000005	 step = 623
96.24000000000001
25.527987837357955
[49.0, 4.0, 19.0, 38.0, 40.0, 11.0, 26.0, 34.0, 17.0, 35.0, 46.0, 17.0, 7.0, 20.0, 48.0, 7.0, 6.0, 6.0, 29.0, 47.0]
[22.0, 26.0, 48.0, 33.0, 25.0, 26.0, 45.0, 47.0, 36.0, 15.0, 9.0, 16.0, 48.0, 6.0, 34.0, 5.0, 37.0, 15.0, 36.0, 47.0]
[5.0, 5.0, 5.0, 5.0, 5.0, 5.0, 5.0, 5.0, 9.0, 9.0, 9.0, 9.0, 12.0, 12.0, 8.0, 12.0, 9.0, 9.0, 9.0, 9.0]
[5.0, 5.0, 5.0, 5.0, 5.0, 5.0, 5.0, 5.0, 9.0, 9.0, 9.0, 9.0, 8.0, 8.0, 12.0, 8.0, 9.0, 9.0, 9.0, 9.0]
T = 0.08589934592000005	 step = 624
96.23000000000002
25.590487837357955
[49.0, 4.0, 19.0, 38.0, 40.0, 11.0, 26.0, 34.0, 17.0, 35.0, 46.0, 17.0, 7.0, 20.0, 48.0, 7.0, 6.0, 6.0, 29.0, 47.0]
[22.0, 26.0, 48.0, 33.0, 25.0, 26.0, 45.0, 47.0, 36.0, 15.0, 9.0, 16.0, 48.0, 6.0, 34.0, 5.0, 38.0, 15.0, 36.0, 47.0]
[5.0, 5.0, 5.0, 5.0, 5.0, 5.0, 5.0, 5.0, 9.0, 9.0, 9.0, 9.0, 12.0, 12.0, 8.0, 12.0, 9.0, 9.0, 9.0, 9.0]
[5.0, 5.0, 5.0, 5.0, 5.0, 5.0, 5.0, 5.0, 9.0, 9.0, 9.0, 9.0, 8.0, 8.0, 12.0, 8.0, 9.0, 9.0, 9.0, 9.0]
T = 0.08589934592000005	 step = 625
96.39000000000004
25.465487837357955
[49.0, 4.0, 19.0, 38.0, 40.0, 11.0, 26.0, 34.0, 17.0, 35.0, 46.0, 17.0, 7.0, 20.0, 48.0, 7.0, 6.0, 6.0, 29.0, 47.0]
[22.0, 26.0, 48.0, 33.0, 25.0, 26.0, 45.0, 47.0, 36.0, 15.0, 10.0, 16.0, 48.0, 6.0, 34.0, 5.0, 38.0, 15.0, 36.0, 47.0]
[5.0, 5.0, 5.0, 5.0, 5.0, 5.0, 5.0, 5.0, 9.0, 9.0, 9.0, 9.0, 12.0, 12.0, 8.0, 12.0, 9.0, 9.0, 9.0, 9.0]
[5.0, 5.0, 5.0, 5.0, 5.0, 5.0, 5.0, 5.0, 9.0, 9.0, 9.0, 9.0, 8.0, 8.0, 12.0, 8.0, 9.0, 9.0, 9.0, 9.0]
T = 0.08589934592000005	 step = 626
96.35000000000002
25.527987837357955
[49.0, 4.0, 19.0, 38.0, 40.0, 11.0, 26.0, 34.0, 17.0, 35.0, 46.0, 17.0, 7.0, 20.0, 48.0, 7.0, 6.0, 6.0, 29.0, 47.0]
[22.0, 26.0, 48.0, 33.0, 25.0, 26.0, 45.0, 47.0, 36.0, 15.0, 10.0, 16.0, 48.0, 5.0, 34.0, 5.0, 38.0, 15.0, 36.0, 47.0]
[5.0, 5.0, 5.0, 5.0, 5.0, 5.0, 5.0, 5.0, 9.0, 9.0, 9.0, 9.0, 12.0, 12.0, 8.0, 12.0, 9.0, 9.0, 9.0, 9.0]
[5.0, 5.0, 5.0, 5.0, 5.0, 5.0, 5.0, 5.0, 9.0, 9.0, 9.0, 9.0, 8.0, 8.0, 12.0, 8.0, 9.0, 9.0, 9.0, 9.0]
T = 0.08589934592000005	 step = 627
96.36000000000001
25.590487837357955
[49.0, 4.0, 19.0, 38.0, 40.0, 11.0, 26.0, 34.0, 17.0, 35.0, 46.0, 17.0, 7.0, 20.0, 48.0, 7.0, 6.0, 6.0, 29.0, 47.0]
[22.0, 25.0, 48.0, 33.0, 25.0, 26.0, 45.0, 47.0, 36.0, 15.0, 10.0, 16.0, 48.0, 5.0, 34.0, 5.0, 38.0, 15.0, 36.0, 47.0]
[5.0, 5.0, 5.0, 5.0, 5.0, 5.0, 5.0, 5.0, 9.0, 9.0, 9.0, 9.0, 12.0, 12.0, 8.0, 12.0, 9.0, 9.0, 9.0, 9.0]
[5.0, 5.0, 5.0, 5.0, 5.0, 5.0, 5.0, 5.0, 9.0, 9.0, 9.0, 9.0, 8.0, 8.0, 12.0, 8.0, 9.0, 9.0, 9.0, 9.0]
T = 0.08589934592000005	 step = 628
96.24000000000001
25.652987837357955
[49.0, 4.0, 19.0, 38.0, 40.0, 11.0, 26.0, 34.0, 17.0, 35.0, 46.0, 17.0, 7.0, 20.0, 48.0, 7.0, 6.0, 6.0, 29.0, 47.0]
[22.0, 25.0, 48.0, 33.0, 26.0, 26.0, 45.0, 47.0, 36.0, 15.0, 10.0, 16.0, 48.0, 5.0, 34.0, 5.0, 38.0, 15.0, 36.0, 47.0]
[5.0, 5.0, 5.0, 5.0, 5.0, 5.0, 5.0, 5.0, 9.0, 9.0, 9.0, 9.0, 12.0, 12.0, 8.0, 12.0, 9.0, 9.0, 9.0, 9.0]
[5.0, 5.0, 5.0, 5.0, 5.0, 5.0, 5.0, 5.0, 9.0, 9.0, 9.0, 9.0, 8.0, 8.0, 12.0, 8.0, 9.0, 9.0, 9.0, 9.0]
T = 0.08589934592000005	 step = 629
96.23000000000002
25.590487837357955
[49.0, 4.0, 19.0, 38.0, 40.0, 11.0, 26.0, 35.0, 17.0, 35.0, 46.0, 17.0, 7.0, 20.0, 48.0, 7.0, 6.0, 6.0, 29.0, 47.0]
[22.0, 25.0, 48.0, 33.0, 26.0, 26.0, 45.0, 47.0, 36.0, 15.0, 10.0, 16.0, 48.0, 5.0, 34.0, 5.0, 38.0, 15.0, 36.0, 47.0]
[5.0, 5.0, 5.0, 5.0, 5.0, 5.0, 5.0, 5.0, 9.0, 9.0, 9.0, 9.0, 12.0, 12.0, 8.0, 12.0, 9.0, 9.0, 9.0, 9.0]
[5.0, 5.0, 5.0, 5.0, 5.0, 5.0, 5.0, 5.0, 9.0, 9.0, 9.0, 9.0, 8.0, 8.0, 12.0, 8.0, 9.0, 9.0, 9.0, 9.0]
T = 0.08589934592000005	 step = 630
96.28000000000003
25.527987837357955
[49.0, 4.0, 19.0, 38.0, 40.0, 11.0, 26.0, 35.0, 17.0, 35.0, 46.0, 17.0, 7.0, 21.0, 48.0, 7.0, 6.0, 6.0, 29.0, 47.0]
[22.0, 25.0, 48.0, 33.0, 26.0, 26.0, 45.0, 47.0, 36.0, 15.0, 10.0, 16.0, 48.0, 5.0, 34.0, 5.0, 38.0, 15.0, 36.0, 47.0]
[5.0, 5.0, 5.0, 5.0, 5.0, 5.0, 5.0, 5.0, 9.0, 9.0, 9.0, 9.0, 12.0, 12.0, 8.0, 12.0, 9.0, 9.0, 9.0, 9.0]
[5.0, 5.0, 5.0, 5.0, 5.0, 5.0, 5.0, 5.0, 9.0, 9.0, 9.0, 9.0, 8.0, 8.0, 12.0, 8.0, 9.0, 9.0, 9.0, 9.0]
T = 0.08589934592000005	 step = 631
96.30000000000001
25.465487837357955
[49.0, 4.0, 19.0, 38.0, 40.0, 11.0, 26.0, 35.0, 17.0, 35.0, 46.0, 17.0, 7.0, 21.0, 48.0, 8.0, 6.0, 6.0, 29.0, 47.0]
[22.0, 25.0, 48.0, 33.0, 26.0, 26.0, 45.0, 47.0, 36.0, 15.0, 10.0, 16.0, 48.0, 5.0, 34.0, 5.0, 38.0, 15.0, 36.0, 47.0]
[5.0, 5.0, 5.0, 5.0, 5.0, 5.0, 5.0, 5.0, 9.0, 9.0, 9.0, 9.0, 12.0, 12.0, 8.0, 12.0, 9.0, 9.0, 9.0, 9.0]
[5.0, 5.0, 5.0, 5.0, 5.0, 5.0, 5.0, 5.0, 9.0, 9.0, 9.0, 9.0, 8.0, 8.0, 12.0, 8.0, 9.0, 9.0, 9.0, 9.0]
T = 0.08589934592000005	 step = 632
96.30000000000001
25.402987837357955
[49.0, 4.0, 19.0, 38.0, 40.0, 11.0, 26.0, 35.0, 17.0, 35.0, 46.0, 17.0, 7.0, 21.0, 48.0, 8.0, 6.0, 6.0, 29.0, 47.0]
[22.0, 25.0, 48.0, 33.0, 26.0, 26.0, 45.0, 47.0, 36.0, 15.0, 10.0, 16.0, 48.0, 5.0, 34.0, 5.0, 38.0, 16.0, 36.0, 47.0]
[5.0, 5.0, 5.0, 5.0, 5.0, 5.0, 5.0, 5.0, 9.0, 9.0, 9.0, 9.0, 12.0, 12.0, 8.0, 12.0, 9.0, 9.0, 9.0, 9.0]
[5.0, 5.0, 5.0, 5.0, 5.0, 5.0, 5.0, 5.0, 9.0, 9.0, 9.0, 9.0, 8.0, 8.0, 12.0, 8.0, 9.0, 9.0, 9.0, 9.0]
T = 0.08589934592000005	 step = 633
96.27000000000004
25.465487837357955
[49.0, 4.0, 19.0, 38.0, 40.0, 11.0, 26.0, 35.0, 17.0, 35.0, 46.0, 17.0, 7.0, 21.0, 48.0, 8.0, 6.0, 6.0, 29.0, 47.0]
[22.0, 25.0, 48.0, 33.0, 26.0, 26.0, 45.0, 47.0, 36.0, 15.0, 10.0, 16.0, 48.0, 5.0, 35.0, 5.0, 38.0, 16.0, 36.0, 47.0]
[5.0, 5.0, 5.0, 5.0, 5.0, 5.0, 5.0, 5.0, 9.0, 9.0, 9.0, 9.0, 12.0, 12.0, 8.0, 12.0, 9.0, 9.0, 9.0, 9.0]
[5.0, 5.0, 5.0, 5.0, 5.0, 5.0, 5.0, 5.0, 9.0, 9.0, 9.0, 9.0, 8.0, 8.0, 12.0, 8.0, 9.0, 9.0, 9.0, 9.0]
T = 0.08589934592000005	 step = 634
98.44
22.811332563920452
[29.0, 4.0, 19.0, 38.0, 40.0, 11.0, 26.0, 35.0, 17.0, 35.0, 46.0, 17.0, 7.0, 21.0, 48.0, 8.0, 6.0, 6.0, 29.0, 47.0]
[26.0, 25.0, 48.0, 33.0, 26.0, 26.0, 45.0, 47.0, 36.0, 15.0, 10.0, 16.0, 48.0, 5.0, 35.0, 5.0, 38.0, 16.0, 36.0, 47.0]
[5.0, 5.0, 5.0, 5.0, 5.0, 5.0, 5.0, 5.0, 9.0, 9.0, 9.0, 9.0, 12.0, 12.0, 8.0, 12.0, 9.0, 9.0, 9.0, 9.0]
[5.0, 5.0, 5.0, 5.0, 5.0, 5.0, 5.0, 5.0, 9.0, 9.0, 9.0, 9.0, 8.0, 8.0, 12.0, 8.0, 9.0, 9.0, 9.0, 9.0]
T = 0.08589934592000005	 step = 635
96.12
25.590487837357955
[49.0, 4.0, 19.0, 38.0, 40.0, 11.0, 26.0, 35.0, 17.0, 35.0, 46.0, 17.0, 7.0, 21.0, 48.0, 8.0, 6.0, 6.0, 29.0, 47.0]
[22.0, 25.0, 48.0, 33.0, 26.0, 26.0, 45.0, 47.0, 36.0, 15.0, 9.0, 16.0, 48.0, 5.0, 35.0, 5.0, 38.0, 16.0, 36.0, 47.0]
[5.0, 5.0, 5.0, 5.0, 5.0, 5.0, 5.0, 5.0, 9.0, 9.0, 9.0, 9.0, 12.0, 12.0, 8.0, 12.0, 9.0, 9.0, 9.0, 9.0]
[5.0, 5.0, 5.0, 5.0, 5.0, 5.0, 5.0, 5.0, 9.0, 9.0, 9.0, 9.0, 8.0, 8.0, 12.0, 8.0, 9.0, 9.0, 9.0, 9.0]
T = 0.08589934592000005	 step = 636
96.12
25.527987837357955
[49.0, 4.0, 19.0, 38.0, 40.0, 11.0, 26.0, 35.0, 17.0, 35.0, 46.0, 17.0, 8.0, 21.0, 48.0, 8.0, 6.0, 6.0, 29.0, 47.0]
[22.0, 25.0, 48.0, 33.0, 26.0, 26.0, 45.0, 47.0, 36.0, 15.0, 9.0, 16.0, 48.0, 5.0, 35.0, 5.0, 38.0, 16.0, 36.0, 47.0]
[5.0, 5.0, 5.0, 5.0, 5.0, 5.0, 5.0, 5.0, 9.0, 9.0, 9.0, 9.0, 12.0, 12.0, 8.0, 12.0, 9.0, 9.0, 9.0, 9.0]
[5.0, 5.0, 5.0, 5.0, 5.0, 5.0, 5.0, 5.0, 9.0, 9.0, 9.0, 9.0, 8.0, 8.0, 12.0, 8.0, 9.0, 9.0, 9.0, 9.0]
T = 0.08589934592000005	 step = 637
96.15000000000003
25.465487837357955
[49.0, 4.0, 19.0, 38.0, 40.0, 11.0, 26.0, 35.0, 17.0, 35.0, 46.0, 17.0, 8.0, 21.0, 48.0, 8.0, 6.0, 6.0, 29.0, 47.0]
[22.0, 25.0, 48.0, 33.0, 26.0, 26.0, 45.0, 47.0, 36.0, 15.0, 9.0, 16.0, 48.0, 5.0, 34.0, 5.0, 38.0, 16.0, 36.0, 47.0]
[5.0, 5.0, 5.0, 5.0, 5.0, 5.0, 5.0, 5.0, 9.0, 9.0, 9.0, 9.0, 12.0, 12.0, 8.0, 12.0, 9.0, 9.0, 9.0, 9.0]
[5.0, 5.0, 5.0, 5.0, 5.0, 5.0, 5.0, 5.0, 9.0, 9.0, 9.0, 9.0, 8.0, 8.0, 12.0, 8.0, 9.0, 9.0, 9.0, 9.0]
T = 0.06871947673600004	 step = 638
96.39000000000004
25.465487837357955
[49.0, 4.0, 19.0, 38.0, 40.0, 11.0, 26.0, 35.0, 17.0, 35.0, 46.0, 18.0, 8.0, 21.0, 48.0, 8.0, 6.0, 6.0, 29.0, 47.0]
[22.0, 25.0, 48.0, 33.0, 26.0, 26.0, 45.0, 47.0, 36.0, 15.0, 9.0, 16.0, 48.0, 5.0, 34.0, 5.0, 38.0, 16.0, 36.0, 47.0]
[5.0, 5.0, 5.0, 5.0, 5.0, 5.0, 5.0, 5.0, 9.0, 9.0, 9.0, 9.0, 12.0, 12.0, 8.0, 12.0, 9.0, 9.0, 9.0, 9.0]
[5.0, 5.0, 5.0, 5.0, 5.0, 5.0, 5.0, 5.0, 9.0, 9.0, 9.0, 9.0, 8.0, 8.0, 12.0, 8.0, 9.0, 9.0, 9.0, 9.0]
T = 0.06871947673600004	 step = 639
96.39000000000004
25.527987837357955
[49.0, 4.0, 19.0, 38.0, 40.0, 11.0, 26.0, 35.0, 17.0, 35.0, 46.0, 18.0, 8.0, 21.0, 48.0, 8.0, 6.0, 6.0, 29.0, 47.0]
[22.0, 25.0, 48.0, 33.0, 26.0, 26.0, 45.0, 47.0, 36.0, 15.0, 9.0, 16.0, 48.0, 5.0, 34.0, 5.0, 38.0, 15.0, 36.0, 47.0]
[5.0, 5.0, 5.0, 5.0, 5.0, 5.0, 5.0, 5.0, 9.0, 9.0, 9.0, 9.0, 12.0, 12.0, 8.0, 12.0, 9.0, 9.0, 9.0, 9.0]
[5.0, 5.0, 5.0, 5.0, 5.0, 5.0, 5.0, 5.0, 9.0, 9.0, 9.0, 9.0, 8.0, 8.0, 12.0, 8.0, 9.0, 9.0, 9.0, 9.0]
T = 0.06871947673600004	 step = 640
96.65000000000003
25.527987837357955
[49.0, 4.0, 19.0, 38.0, 40.0, 11.0, 26.0, 35.0, 17.0, 35.0, 46.0, 19.0, 8.0, 21.0, 48.0, 8.0, 6.0, 6.0, 29.0, 47.0]
[22.0, 25.0, 48.0, 33.0, 26.0, 26.0, 45.0, 47.0, 36.0, 15.0, 9.0, 16.0, 48.0, 5.0, 34.0, 5.0, 38.0, 15.0, 36.0, 47.0]
[5.0, 5.0, 5.0, 5.0, 5.0, 5.0, 5.0, 5.0, 9.0, 9.0, 9.0, 9.0, 12.0, 12.0, 8.0, 12.0, 9.0, 9.0, 9.0, 9.0]
[5.0, 5.0, 5.0, 5.0, 5.0, 5.0, 5.0, 5.0, 9.0, 9.0, 9.0, 9.0, 8.0, 8.0, 12.0, 8.0, 9.0, 9.0, 9.0, 9.0]
T = 0.06871947673600004	 step = 641
96.62
25.652987837357955
[49.0, 4.0, 19.0, 38.0, 40.0, 11.0, 26.0, 35.0, 17.0, 35.0, 46.0, 19.0, 8.0, 21.0, 48.0, 8.0, 6.0, 6.0, 29.0, 47.0]
[22.0, 25.0, 49.0, 33.0, 26.0, 26.0, 45.0, 47.0, 36.0, 15.0, 9.0, 16.0, 48.0, 5.0, 34.0, 5.0, 38.0, 15.0, 36.0, 47.0]
[5.0, 5.0, 5.0, 5.0, 5.0, 5.0, 5.0, 5.0, 9.0, 9.0, 9.0, 9.0, 12.0, 12.0, 8.0, 12.0, 9.0, 9.0, 9.0, 9.0]
[5.0, 5.0, 5.0, 5.0, 5.0, 5.0, 5.0, 5.0, 9.0, 9.0, 9.0, 9.0, 8.0, 8.0, 12.0, 8.0, 9.0, 9.0, 9.0, 9.0]
T = 0.06871947673600004	 step = 642
96.65000000000003
25.527987837357955
[49.0, 4.0, 19.0, 38.0, 40.0, 11.0, 26.0, 35.0, 17.0, 35.0, 46.0, 19.0, 8.0, 21.0, 48.0, 8.0, 6.0, 6.0, 29.0, 47.0]
[22.0, 25.0, 48.0, 33.0, 26.0, 26.0, 45.0, 47.0, 36.0, 15.0, 9.0, 16.0, 48.0, 5.0, 34.0, 5.0, 38.0, 15.0, 36.0, 47.0]
[5.0, 5.0, 5.0, 5.0, 5.0, 5.0, 5.0, 5.0, 9.0, 9.0, 9.0, 9.0, 12.0, 12.0, 8.0, 12.0, 9.0, 9.0, 9.0, 9.0]
[5.0, 5.0, 5.0, 5.0, 5.0, 5.0, 5.0, 5.0, 9.0, 9.0, 9.0, 9.0, 8.0, 8.0, 12.0, 8.0, 9.0, 9.0, 9.0, 9.0]
T = 0.06871947673600004	 step = 643
96.73000000000002
25.527987837357955
[49.0, 4.0, 19.0, 38.0, 40.0, 11.0, 26.0, 35.0, 18.0, 35.0, 46.0, 19.0, 8.0, 21.0, 48.0, 8.0, 6.0, 6.0, 29.0, 47.0]
[22.0, 25.0, 48.0, 33.0, 26.0, 26.0, 45.0, 47.0, 36.0, 15.0, 9.0, 16.0, 48.0, 5.0, 34.0, 5.0, 38.0, 15.0, 36.0, 47.0]
[5.0, 5.0, 5.0, 5.0, 5.0, 5.0, 5.0, 5.0, 9.0, 9.0, 9.0, 9.0, 12.0, 12.0, 8.0, 12.0, 9.0, 9.0, 9.0, 9.0]
[5.0, 5.0, 5.0, 5.0, 5.0, 5.0, 5.0, 5.0, 9.0, 9.0, 9.0, 9.0, 8.0, 8.0, 12.0, 8.0, 9.0, 9.0, 9.0, 9.0]
T = 0.06871947673600004	 step = 644
96.75
25.652987837357955
[49.0, 4.0, 19.0, 38.0, 40.0, 11.0, 26.0, 35.0, 18.0, 35.0, 46.0, 19.0, 8.0, 21.0, 48.0, 8.0, 6.0, 6.0, 29.0, 47.0]
[22.0, 25.0, 48.0, 33.0, 26.0, 25.0, 45.0, 47.0, 36.0, 15.0, 9.0, 16.0, 48.0, 5.0, 34.0, 5.0, 38.0, 15.0, 36.0, 47.0]
[5.0, 5.0, 5.0, 5.0, 5.0, 5.0, 5.0, 5.0, 9.0, 9.0, 9.0, 9.0, 12.0, 12.0, 8.0, 12.0, 9.0, 9.0, 9.0, 9.0]
[5.0, 5.0, 5.0, 5.0, 5.0, 5.0, 5.0, 5.0, 9.0, 9.0, 9.0, 9.0, 8.0, 8.0, 12.0, 8.0, 9.0, 9.0, 9.0, 9.0]
T = 0.06871947673600004	 step = 645
96.80000000000001
25.590487837357955
[49.0, 4.0, 19.0, 38.0, 40.0, 11.0, 26.0, 35.0, 18.0, 35.0, 46.0, 19.0, 8.0, 22.0, 48.0, 8.0, 6.0, 6.0, 29.0, 47.0]
[22.0, 25.0, 48.0, 33.0, 26.0, 25.0, 45.0, 47.0, 36.0, 15.0, 9.0, 16.0, 48.0, 5.0, 34.0, 5.0, 38.0, 15.0, 36.0, 47.0]
[5.0, 5.0, 5.0, 5.0, 5.0, 5.0, 5.0, 5.0, 9.0, 9.0, 9.0, 9.0, 12.0, 12.0, 8.0, 12.0, 9.0, 9.0, 9.0, 9.0]
[5.0, 5.0, 5.0, 5.0, 5.0, 5.0, 5.0, 5.0, 9.0, 9.0, 9.0, 9.0, 8.0, 8.0, 12.0, 8.0, 9.0, 9.0, 9.0, 9.0]
T = 0.06871947673600004	 step = 646
96.77000000000004
25.652987837357955
[49.0, 4.0, 19.0, 38.0, 40.0, 11.0, 26.0, 35.0, 18.0, 35.0, 46.0, 19.0, 8.0, 22.0, 48.0, 7.0, 6.0, 6.0, 29.0, 47.0]
[22.0, 25.0, 48.0, 33.0, 26.0, 25.0, 45.0, 47.0, 36.0, 15.0, 9.0, 16.0, 48.0, 5.0, 34.0, 5.0, 38.0, 15.0, 36.0, 47.0]
[5.0, 5.0, 5.0, 5.0, 5.0, 5.0, 5.0, 5.0, 9.0, 9.0, 9.0, 9.0, 12.0, 12.0, 8.0, 12.0, 9.0, 9.0, 9.0, 9.0]
[5.0, 5.0, 5.0, 5.0, 5.0, 5.0, 5.0, 5.0, 9.0, 9.0, 9.0, 9.0, 8.0, 8.0, 12.0, 8.0, 9.0, 9.0, 9.0, 9.0]
T = 0.06871947673600004	 step = 647
96.74000000000001
25.527987837357955
[49.0, 4.0, 19.0, 38.0, 40.0, 11.0, 26.0, 35.0, 18.0, 35.0, 46.0, 19.0, 8.0, 22.0, 48.0, 7.0, 6.0, 6.0, 29.0, 47.0]
[23.0, 25.0, 48.0, 33.0, 26.0, 25.0, 45.0, 47.0, 36.0, 15.0, 9.0, 16.0, 48.0, 5.0, 34.0, 5.0, 38.0, 15.0, 36.0, 47.0]
[5.0, 5.0, 5.0, 5.0, 5.0, 5.0, 5.0, 5.0, 9.0, 9.0, 9.0, 9.0, 12.0, 12.0, 8.0, 12.0, 9.0, 9.0, 9.0, 9.0]
[5.0, 5.0, 5.0, 5.0, 5.0, 5.0, 5.0, 5.0, 9.0, 9.0, 9.0, 9.0, 8.0, 8.0, 12.0, 8.0, 9.0, 9.0, 9.0, 9.0]
T = 0.06871947673600004	 step = 648
96.86000000000001
25.465487837357955
[49.0, 4.0, 19.0, 38.0, 40.0, 11.0, 26.0, 35.0, 18.0, 35.0, 46.0, 19.0, 8.0, 22.0, 48.0, 7.0, 6.0, 6.0, 29.0, 47.0]
[23.0, 25.0, 48.0, 33.0, 25.0, 25.0, 45.0, 47.0, 36.0, 15.0, 9.0, 16.0, 48.0, 5.0, 34.0, 5.0, 38.0, 15.0, 36.0, 47.0]
[5.0, 5.0, 5.0, 5.0, 5.0, 5.0, 5.0, 5.0, 9.0, 9.0, 9.0, 9.0, 12.0, 12.0, 8.0, 12.0, 9.0, 9.0, 9.0, 9.0]
[5.0, 5.0, 5.0, 5.0, 5.0, 5.0, 5.0, 5.0, 9.0, 9.0, 9.0, 9.0, 8.0, 8.0, 12.0, 8.0, 9.0, 9.0, 9.0, 9.0]
T = 0.06871947673600004	 step = 649
97.02000000000004
25.340487837357955
[49.0, 4.0, 19.0, 38.0, 40.0, 11.0, 26.0, 35.0, 18.0, 35.0, 46.0, 19.0, 8.0, 22.0, 48.0, 7.0, 6.0, 6.0, 29.0, 47.0]
[23.0, 25.0, 48.0, 33.0, 25.0, 25.0, 45.0, 47.0, 36.0, 15.0, 10.0, 16.0, 48.0, 5.0, 34.0, 5.0, 38.0, 15.0, 36.0, 47.0]
[5.0, 5.0, 5.0, 5.0, 5.0, 5.0, 5.0, 5.0, 9.0, 9.0, 9.0, 9.0, 12.0, 12.0, 8.0, 12.0, 9.0, 9.0, 9.0, 9.0]
[5.0, 5.0, 5.0, 5.0, 5.0, 5.0, 5.0, 5.0, 9.0, 9.0, 9.0, 9.0, 8.0, 8.0, 12.0, 8.0, 9.0, 9.0, 9.0, 9.0]
T = 0.06871947673600004	 step = 650
96.99000000000001
25.402987837357955
[49.0, 4.0, 19.0, 38.0, 40.0, 11.0, 26.0, 35.0, 18.0, 35.0, 46.0, 19.0, 8.0, 22.0, 48.0, 7.0, 6.0, 6.0, 29.0, 47.0]
[23.0, 25.0, 48.0, 33.0, 25.0, 25.0, 45.0, 47.0, 36.0, 15.0, 10.0, 16.0, 48.0, 5.0, 35.0, 5.0, 38.0, 15.0, 36.0, 47.0]
[5.0, 5.0, 5.0, 5.0, 5.0, 5.0, 5.0, 5.0, 9.0, 9.0, 9.0, 9.0, 12.0, 12.0, 8.0, 12.0, 9.0, 9.0, 9.0, 9.0]
[5.0, 5.0, 5.0, 5.0, 5.0, 5.0, 5.0, 5.0, 9.0, 9.0, 9.0, 9.0, 8.0, 8.0, 12.0, 8.0, 9.0, 9.0, 9.0, 9.0]
T = 0.06871947673600004	 step = 651
96.73000000000002
25.402987837357955
[49.0, 4.0, 19.0, 38.0, 40.0, 11.0, 26.0, 35.0, 18.0, 35.0, 46.0, 18.0, 8.0, 22.0, 48.0, 7.0, 6.0, 6.0, 29.0, 47.0]
[23.0, 25.0, 48.0, 33.0, 25.0, 25.0, 45.0, 47.0, 36.0, 15.0, 10.0, 16.0, 48.0, 5.0, 35.0, 5.0, 38.0, 15.0, 36.0, 47.0]
[5.0, 5.0, 5.0, 5.0, 5.0, 5.0, 5.0, 5.0, 9.0, 9.0, 9.0, 9.0, 12.0, 12.0, 8.0, 12.0, 9.0, 9.0, 9.0, 9.0]
[5.0, 5.0, 5.0, 5.0, 5.0, 5.0, 5.0, 5.0, 9.0, 9.0, 9.0, 9.0, 8.0, 8.0, 12.0, 8.0, 9.0, 9.0, 9.0, 9.0]
T = 0.06871947673600004	 step = 652
96.74000000000001
25.465487837357955
[49.0, 4.0, 19.0, 38.0, 40.0, 11.0, 27.0, 35.0, 18.0, 35.0, 46.0, 18.0, 8.0, 22.0, 48.0, 7.0, 6.0, 6.0, 29.0, 47.0]
[23.0, 25.0, 48.0, 33.0, 25.0, 25.0, 45.0, 47.0, 36.0, 15.0, 10.0, 16.0, 48.0, 5.0, 35.0, 5.0, 38.0, 15.0, 36.0, 47.0]
[5.0, 5.0, 5.0, 5.0, 5.0, 5.0, 5.0, 5.0, 9.0, 9.0, 9.0, 9.0, 12.0, 12.0, 8.0, 12.0, 9.0, 9.0, 9.0, 9.0]
[5.0, 5.0, 5.0, 5.0, 5.0, 5.0, 5.0, 5.0, 9.0, 9.0, 9.0, 9.0, 8.0, 8.0, 12.0, 8.0, 9.0, 9.0, 9.0, 9.0]
T = 0.06871947673600004	 step = 653
96.39000000000004
25.535800337357955
[49.0, 4.0, 19.0, 38.0, 40.0, 11.0, 27.0, 35.0, 18.0, 35.0, 47.0, 18.0, 8.0, 22.0, 48.0, 7.0, 6.0, 6.0, 29.0, 47.0]
[23.0, 25.0, 48.0, 33.0, 25.0, 25.0, 45.0, 47.0, 36.0, 15.0, 10.0, 16.0, 48.0, 5.0, 35.0, 5.0, 38.0, 15.0, 36.0, 47.0]
[5.0, 5.0, 5.0, 5.0, 5.0, 5.0, 5.0, 5.0, 9.0, 9.0, 9.0, 9.0, 12.0, 12.0, 8.0, 12.0, 9.0, 9.0, 9.0, 9.0]
[5.0, 5.0, 5.0, 5.0, 5.0, 5.0, 5.0, 5.0, 9.0, 9.0, 9.0, 9.0, 8.0, 8.0, 12.0, 8.0, 9.0, 9.0, 9.0, 9.0]
T = 0.06871947673600004	 step = 654
96.43
25.660800337357955
[49.0, 4.0, 19.0, 38.0, 40.0, 11.0, 27.0, 35.0, 18.0, 35.0, 47.0, 18.0, 8.0, 22.0, 48.0, 7.0, 6.0, 6.0, 29.0, 47.0]
[22.0, 25.0, 48.0, 33.0, 25.0, 25.0, 45.0, 47.0, 36.0, 15.0, 10.0, 16.0, 48.0, 5.0, 35.0, 5.0, 38.0, 15.0, 36.0, 47.0]
[5.0, 5.0, 5.0, 5.0, 5.0, 5.0, 5.0, 5.0, 9.0, 9.0, 9.0, 9.0, 12.0, 12.0, 8.0, 12.0, 9.0, 9.0, 9.0, 9.0]
[5.0, 5.0, 5.0, 5.0, 5.0, 5.0, 5.0, 5.0, 9.0, 9.0, 9.0, 9.0, 8.0, 8.0, 12.0, 8.0, 9.0, 9.0, 9.0, 9.0]
T = 0.06871947673600004	 step = 655
96.47000000000003
25.785800337357955
[49.0, 4.0, 19.0, 38.0, 40.0, 11.0, 27.0, 35.0, 18.0, 35.0, 47.0, 18.0, 8.0, 22.0, 48.0, 7.0, 6.0, 6.0, 29.0, 47.0]
[21.0, 25.0, 48.0, 33.0, 25.0, 25.0, 45.0, 47.0, 36.0, 15.0, 10.0, 16.0, 48.0, 5.0, 35.0, 5.0, 38.0, 15.0, 36.0, 47.0]
[5.0, 5.0, 5.0, 5.0, 5.0, 5.0, 5.0, 5.0, 9.0, 9.0, 9.0, 9.0, 12.0, 12.0, 8.0, 12.0, 9.0, 9.0, 9.0, 9.0]
[5.0, 5.0, 5.0, 5.0, 5.0, 5.0, 5.0, 5.0, 9.0, 9.0, 9.0, 9.0, 8.0, 8.0, 12.0, 8.0, 9.0, 9.0, 9.0, 9.0]
T = 0.06871947673600004	 step = 656
96.44
25.598300337357955
[49.0, 4.0, 19.0, 38.0, 40.0, 11.0, 27.0, 35.0, 18.0, 35.0, 47.0, 18.0, 9.0, 22.0, 48.0, 7.0, 6.0, 6.0, 29.0, 47.0]
[22.0, 25.0, 48.0, 33.0, 25.0, 25.0, 45.0, 47.0, 36.0, 15.0, 10.0, 16.0, 48.0, 5.0, 35.0, 5.0, 38.0, 15.0, 36.0, 47.0]
[5.0, 5.0, 5.0, 5.0, 5.0, 5.0, 5.0, 5.0, 9.0, 9.0, 9.0, 9.0, 12.0, 12.0, 8.0, 12.0, 9.0, 9.0, 9.0, 9.0]
[5.0, 5.0, 5.0, 5.0, 5.0, 5.0, 5.0, 5.0, 9.0, 9.0, 9.0, 9.0, 8.0, 8.0, 12.0, 8.0, 9.0, 9.0, 9.0, 9.0]
T = 0.06871947673600004	 step = 657
96.44
25.535800337357955
[49.0, 4.0, 19.0, 38.0, 40.0, 11.0, 27.0, 35.0, 18.0, 35.0, 47.0, 18.0, 9.0, 22.0, 48.0, 7.0, 6.0, 6.0, 29.0, 46.0]
[22.0, 25.0, 48.0, 33.0, 25.0, 25.0, 45.0, 47.0, 36.0, 15.0, 10.0, 16.0, 48.0, 5.0, 35.0, 5.0, 38.0, 15.0, 36.0, 47.0]
[5.0, 5.0, 5.0, 5.0, 5.0, 5.0, 5.0, 5.0, 9.0, 9.0, 9.0, 9.0, 12.0, 12.0, 8.0, 12.0, 9.0, 9.0, 9.0, 9.0]
[5.0, 5.0, 5.0, 5.0, 5.0, 5.0, 5.0, 5.0, 9.0, 9.0, 9.0, 9.0, 8.0, 8.0, 12.0, 8.0, 9.0, 9.0, 9.0, 9.0]
T = 0.06871947673600004	 step = 658
96.43
25.598300337357955
[49.0, 4.0, 19.0, 38.0, 40.0, 11.0, 27.0, 35.0, 18.0, 35.0, 47.0, 18.0, 8.0, 22.0, 48.0, 7.0, 6.0, 6.0, 29.0, 46.0]
[22.0, 25.0, 48.0, 33.0, 25.0, 25.0, 45.0, 47.0, 36.0, 15.0, 10.0, 16.0, 48.0, 5.0, 35.0, 5.0, 38.0, 15.0, 36.0, 47.0]
[5.0, 5.0, 5.0, 5.0, 5.0, 5.0, 5.0, 5.0, 9.0, 9.0, 9.0, 9.0, 12.0, 12.0, 8.0, 12.0, 9.0, 9.0, 9.0, 9.0]
[5.0, 5.0, 5.0, 5.0, 5.0, 5.0, 5.0, 5.0, 9.0, 9.0, 9.0, 9.0, 8.0, 8.0, 12.0, 8.0, 9.0, 9.0, 9.0, 9.0]
T = 0.06871947673600004	 step = 659
96.46000000000004
25.535800337357955
[49.0, 4.0, 19.0, 38.0, 40.0, 11.0, 27.0, 35.0, 18.0, 35.0, 47.0, 18.0, 8.0, 22.0, 48.0, 8.0, 6.0, 6.0, 29.0, 46.0]
[22.0, 25.0, 48.0, 33.0, 25.0, 25.0, 45.0, 47.0, 36.0, 15.0, 10.0, 16.0, 48.0, 5.0, 35.0, 5.0, 38.0, 15.0, 36.0, 47.0]
[5.0, 5.0, 5.0, 5.0, 5.0, 5.0, 5.0, 5.0, 9.0, 9.0, 9.0, 9.0, 12.0, 12.0, 8.0, 12.0, 9.0, 9.0, 9.0, 9.0]
[5.0, 5.0, 5.0, 5.0, 5.0, 5.0, 5.0, 5.0, 9.0, 9.0, 9.0, 9.0, 8.0, 8.0, 12.0, 8.0, 9.0, 9.0, 9.0, 9.0]
T = 0.06871947673600004	 step = 660
96.51000000000005
25.473300337357955
[49.0, 4.0, 19.0, 38.0, 40.0, 11.0, 27.0, 35.0, 18.0, 35.0, 47.0, 18.0, 8.0, 22.0, 48.0, 8.0, 6.0, 6.0, 29.0, 46.0]
[22.0, 25.0, 48.0, 33.0, 25.0, 25.0, 45.0, 47.0, 36.0, 15.0, 10.0, 16.0, 48.0, 6.0, 35.0, 5.0, 38.0, 15.0, 36.0, 47.0]
[5.0, 5.0, 5.0, 5.0, 5.0, 5.0, 5.0, 5.0, 9.0, 9.0, 9.0, 9.0, 12.0, 12.0, 8.0, 12.0, 9.0, 9.0, 9.0, 9.0]
[5.0, 5.0, 5.0, 5.0, 5.0, 5.0, 5.0, 5.0, 9.0, 9.0, 9.0, 9.0, 8.0, 8.0, 12.0, 8.0, 9.0, 9.0, 9.0, 9.0]
T = 0.06871947673600004	 step = 661
96.5
25.410800337357955
[49.0, 4.0, 19.0, 38.0, 40.0, 11.0, 27.0, 36.0, 18.0, 35.0, 47.0, 18.0, 8.0, 22.0, 48.0, 8.0, 6.0, 6.0, 29.0, 46.0]
[22.0, 25.0, 48.0, 33.0, 25.0, 25.0, 45.0, 47.0, 36.0, 15.0, 10.0, 16.0, 48.0, 6.0, 35.0, 5.0, 38.0, 15.0, 36.0, 47.0]
[5.0, 5.0, 5.0, 5.0, 5.0, 5.0, 5.0, 5.0, 9.0, 9.0, 9.0, 9.0, 12.0, 12.0, 8.0, 12.0, 9.0, 9.0, 9.0, 9.0]
[5.0, 5.0, 5.0, 5.0, 5.0, 5.0, 5.0, 5.0, 9.0, 9.0, 9.0, 9.0, 8.0, 8.0, 12.0, 8.0, 9.0, 9.0, 9.0, 9.0]
T = 0.06871947673600004	 step = 662
96.54000000000002
25.348300337357955
[49.0, 4.0, 19.0, 38.0, 40.0, 11.0, 27.0, 36.0, 18.0, 35.0, 47.0, 18.0, 8.0, 22.0, 48.0, 8.0, 6.0, 6.0, 29.0, 46.0]
[22.0, 25.0, 48.0, 33.0, 25.0, 25.0, 45.0, 47.0, 36.0, 15.0, 10.0, 16.0, 48.0, 6.0, 35.0, 5.0, 38.0, 15.0, 35.0, 47.0]
[5.0, 5.0, 5.0, 5.0, 5.0, 5.0, 5.0, 5.0, 9.0, 9.0, 9.0, 9.0, 12.0, 12.0, 8.0, 12.0, 9.0, 9.0, 9.0, 9.0]
[5.0, 5.0, 5.0, 5.0, 5.0, 5.0, 5.0, 5.0, 9.0, 9.0, 9.0, 9.0, 8.0, 8.0, 12.0, 8.0, 9.0, 9.0, 9.0, 9.0]
T = 0.06871947673600004	 step = 663
96.56
25.410800337357955
[49.0, 4.0, 19.0, 38.0, 40.0, 11.0, 27.0, 36.0, 18.0, 35.0, 47.0, 18.0, 8.0, 22.0, 48.0, 8.0, 6.0, 6.0, 29.0, 46.0]
[22.0, 24.0, 48.0, 33.0, 25.0, 25.0, 45.0, 47.0, 36.0, 15.0, 10.0, 16.0, 48.0, 6.0, 35.0, 5.0, 38.0, 15.0, 35.0, 47.0]
[5.0, 5.0, 5.0, 5.0, 5.0, 5.0, 5.0, 5.0, 9.0, 9.0, 9.0, 9.0, 12.0, 12.0, 8.0, 12.0, 9.0, 9.0, 9.0, 9.0]
[5.0, 5.0, 5.0, 5.0, 5.0, 5.0, 5.0, 5.0, 9.0, 9.0, 9.0, 9.0, 8.0, 8.0, 12.0, 8.0, 9.0, 9.0, 9.0, 9.0]
T = 0.06871947673600004	 step = 664
96.51000000000005
25.473300337357955
[49.0, 4.0, 19.0, 38.0, 40.0, 11.0, 27.0, 36.0, 18.0, 35.0, 47.0, 18.0, 8.0, 22.0, 48.0, 8.0, 6.0, 6.0, 29.0, 46.0]
[22.0, 25.0, 49.0, 33.0, 25.0, 25.0, 45.0, 47.0, 36.0, 15.0, 10.0, 16.0, 48.0, 6.0, 35.0, 5.0, 38.0, 15.0, 35.0, 47.0]
[5.0, 5.0, 5.0, 5.0, 5.0, 5.0, 5.0, 5.0, 9.0, 9.0, 9.0, 9.0, 12.0, 12.0, 8.0, 12.0, 9.0, 9.0, 9.0, 9.0]
[5.0, 5.0, 5.0, 5.0, 5.0, 5.0, 5.0, 5.0, 9.0, 9.0, 9.0, 9.0, 8.0, 8.0, 12.0, 8.0, 9.0, 9.0, 9.0, 9.0]
T = 0.06871947673600004	 step = 665
96.5
25.559948064630678
[49.0, 4.0, 19.0, 39.0, 40.0, 11.0, 27.0, 36.0, 18.0, 35.0, 47.0, 18.0, 8.0, 22.0, 48.0, 8.0, 6.0, 6.0, 29.0, 46.0]
[22.0, 25.0, 49.0, 33.0, 25.0, 25.0, 45.0, 47.0, 36.0, 15.0, 10.0, 16.0, 48.0, 6.0, 35.0, 5.0, 38.0, 15.0, 35.0, 47.0]
[5.0, 5.0, 5.0, 5.0, 5.0, 5.0, 5.0, 5.0, 9.0, 9.0, 9.0, 9.0, 12.0, 12.0, 8.0, 12.0, 9.0, 9.0, 9.0, 9.0]
[5.0, 5.0, 5.0, 5.0, 5.0, 5.0, 5.0, 5.0, 9.0, 9.0, 9.0, 9.0, 8.0, 8.0, 12.0, 8.0, 9.0, 9.0, 9.0, 9.0]
T = 0.06871947673600004	 step = 666
96.84000000000003
25.489635564630678
[49.0, 4.0, 19.0, 39.0, 40.0, 11.0, 27.0, 36.0, 18.0, 35.0, 46.0, 18.0, 8.0, 22.0, 48.0, 8.0, 6.0, 6.0, 29.0, 46.0]
[22.0, 25.0, 49.0, 33.0, 25.0, 25.0, 45.0, 47.0, 36.0, 15.0, 10.0, 16.0, 48.0, 6.0, 35.0, 5.0, 38.0, 15.0, 35.0, 47.0]
[5.0, 5.0, 5.0, 5.0, 5.0, 5.0, 5.0, 5.0, 9.0, 9.0, 9.0, 9.0, 12.0, 12.0, 8.0, 12.0, 9.0, 9.0, 9.0, 9.0]
[5.0, 5.0, 5.0, 5.0, 5.0, 5.0, 5.0, 5.0, 9.0, 9.0, 9.0, 9.0, 8.0, 8.0, 12.0, 8.0, 9.0, 9.0, 9.0, 9.0]
T = 0.06871947673600004	 step = 667
96.83000000000004
25.427135564630678
[49.0, 4.0, 19.0, 39.0, 40.0, 11.0, 26.0, 36.0, 18.0, 35.0, 46.0, 18.0, 8.0, 22.0, 48.0, 8.0, 6.0, 6.0, 29.0, 46.0]
[22.0, 25.0, 49.0, 33.0, 25.0, 25.0, 45.0, 47.0, 36.0, 15.0, 10.0, 16.0, 48.0, 6.0, 35.0, 5.0, 38.0, 15.0, 35.0, 47.0]
[5.0, 5.0, 5.0, 5.0, 5.0, 5.0, 5.0, 5.0, 9.0, 9.0, 9.0, 9.0, 12.0, 12.0, 8.0, 12.0, 9.0, 9.0, 9.0, 9.0]
[5.0, 5.0, 5.0, 5.0, 5.0, 5.0, 5.0, 5.0, 9.0, 9.0, 9.0, 9.0, 8.0, 8.0, 12.0, 8.0, 9.0, 9.0, 9.0, 9.0]
T = 0.06871947673600004	 step = 668
96.86000000000001
25.364635564630678
[49.0, 4.0, 19.0, 39.0, 40.0, 11.0, 26.0, 36.0, 18.0, 35.0, 46.0, 18.0, 8.0, 22.0, 48.0, 8.0, 6.0, 6.0, 29.0, 46.0]
[22.0, 25.0, 49.0, 33.0, 25.0, 25.0, 45.0, 47.0, 36.0, 15.0, 10.0, 16.0, 48.0, 6.0, 34.0, 5.0, 38.0, 15.0, 35.0, 47.0]
[5.0, 5.0, 5.0, 5.0, 5.0, 5.0, 5.0, 5.0, 9.0, 9.0, 9.0, 9.0, 12.0, 12.0, 8.0, 12.0, 9.0, 9.0, 9.0, 9.0]
[5.0, 5.0, 5.0, 5.0, 5.0, 5.0, 5.0, 5.0, 9.0, 9.0, 9.0, 9.0, 8.0, 8.0, 12.0, 8.0, 9.0, 9.0, 9.0, 9.0]
T = 0.06871947673600004	 step = 669
99.64000000000004
22.361155007102273
[20.0, 4.0, 19.0, 39.0, 40.0, 11.0, 26.0, 36.0, 18.0, 35.0, 46.0, 18.0, 8.0, 22.0, 48.0, 8.0, 6.0, 6.0, 29.0, 46.0]
[26.0, 25.0, 49.0, 33.0, 25.0, 25.0, 45.0, 47.0, 36.0, 15.0, 10.0, 16.0, 48.0, 6.0, 34.0, 5.0, 38.0, 15.0, 35.0, 47.0]
[5.0, 5.0, 5.0, 5.0, 5.0, 5.0, 5.0, 5.0, 9.0, 9.0, 9.0, 9.0, 12.0, 12.0, 8.0, 12.0, 9.0, 9.0, 9.0, 9.0]
[5.0, 5.0, 5.0, 5.0, 5.0, 5.0, 5.0, 5.0, 9.0, 9.0, 9.0, 9.0, 8.0, 8.0, 12.0, 8.0, 9.0, 9.0, 9.0, 9.0]
T = 0.06871947673600004	 step = 670
99.65000000000003
22.236155007102273
[20.0, 4.0, 19.0, 39.0, 40.0, 11.0, 26.0, 36.0, 18.0, 35.0, 46.0, 18.0, 8.0, 22.0, 48.0, 8.0, 6.0, 6.0, 29.0, 46.0]
[26.0, 25.0, 49.0, 33.0, 25.0, 26.0, 45.0, 47.0, 36.0, 15.0, 10.0, 16.0, 48.0, 6.0, 34.0, 5.0, 38.0, 15.0, 35.0, 47.0]
[5.0, 5.0, 5.0, 5.0, 5.0, 5.0, 5.0, 5.0, 9.0, 9.0, 9.0, 9.0, 12.0, 12.0, 8.0, 12.0, 9.0, 9.0, 9.0, 9.0]
[5.0, 5.0, 5.0, 5.0, 5.0, 5.0, 5.0, 5.0, 9.0, 9.0, 9.0, 9.0, 8.0, 8.0, 12.0, 8.0, 9.0, 9.0, 9.0, 9.0]
T = 0.06871947673600004	 step = 671
100.11000000000001
22.236155007102273
[20.0, 4.0, 19.0, 39.0, 40.0, 11.0, 26.0, 36.0, 18.0, 35.0, 46.0, 18.0, 8.0, 22.0, 48.0, 8.0, 6.0, 6.0, 29.0, 46.0]
[26.0, 25.0, 49.0, 33.0, 25.0, 26.0, 45.0, 47.0, 35.0, 15.0, 10.0, 16.0, 48.0, 6.0, 34.0, 5.0, 38.0, 15.0, 35.0, 47.0]
[5.0, 5.0, 5.0, 5.0, 5.0, 5.0, 5.0, 5.0, 9.0, 9.0, 9.0, 9.0, 12.0, 12.0, 8.0, 12.0, 9.0, 9.0, 9.0, 9.0]
[5.0, 5.0, 5.0, 5.0, 5.0, 5.0, 5.0, 5.0, 9.0, 9.0, 9.0, 9.0, 8.0, 8.0, 12.0, 8.0, 9.0, 9.0, 9.0, 9.0]
T = 0.06871947673600004	 step = 672
100.25
22.236155007102273
[20.0, 4.0, 19.0, 39.0, 40.0, 11.0, 26.0, 36.0, 18.0, 35.0, 46.0, 18.0, 8.0, 22.0, 48.0, 8.0, 6.0, 6.0, 29.0, 46.0]
[26.0, 25.0, 49.0, 33.0, 25.0, 26.0, 45.0, 47.0, 35.0, 16.0, 10.0, 16.0, 48.0, 6.0, 34.0, 5.0, 38.0, 15.0, 35.0, 47.0]
[5.0, 5.0, 5.0, 5.0, 5.0, 5.0, 5.0, 5.0, 9.0, 9.0, 9.0, 9.0, 12.0, 12.0, 8.0, 12.0, 9.0, 9.0, 9.0, 9.0]
[5.0, 5.0, 5.0, 5.0, 5.0, 5.0, 5.0, 5.0, 9.0, 9.0, 9.0, 9.0, 8.0, 8.0, 12.0, 8.0, 9.0, 9.0, 9.0, 9.0]
T = 0.06871947673600004	 step = 673
99.98000000000002
22.23625577059659
[20.0, 4.0, 19.0, 39.0, 40.0, 11.0, 26.0, 36.0, 18.0, 35.0, 46.0, 18.0, 8.0, 22.0, 48.0, 8.0, 6.0, 6.0, 29.0, 46.0]
[26.0, 25.0, 49.0, 33.0, 25.0, 26.0, 45.0, 47.0, 35.0, 14.0, 10.0, 16.0, 48.0, 6.0, 34.0, 5.0, 38.0, 15.0, 35.0, 47.0]
[5.0, 5.0, 5.0, 5.0, 5.0, 5.0, 5.0, 5.0, 9.0, 9.0, 9.0, 9.0, 12.0, 12.0, 8.0, 12.0, 9.0, 9.0, 9.0, 9.0]
[5.0, 5.0, 5.0, 5.0, 5.0, 5.0, 5.0, 5.0, 9.0, 9.0, 9.0, 9.0, 8.0, 8.0, 12.0, 8.0, 9.0, 9.0, 9.0, 9.0]
T = 0.06871947673600004	 step = 674
100.0
22.17375577059659
[20.0, 4.0, 19.0, 39.0, 40.0, 11.0, 26.0, 36.0, 18.0, 35.0, 46.0, 18.0, 8.0, 22.0, 48.0, 9.0, 6.0, 6.0, 29.0, 46.0]
[26.0, 25.0, 49.0, 33.0, 25.0, 26.0, 45.0, 47.0, 35.0, 14.0, 10.0, 16.0, 48.0, 6.0, 34.0, 5.0, 38.0, 15.0, 35.0, 47.0]
[5.0, 5.0, 5.0, 5.0, 5.0, 5.0, 5.0, 5.0, 9.0, 9.0, 9.0, 9.0, 12.0, 12.0, 8.0, 12.0, 9.0, 9.0, 9.0, 9.0]
[5.0, 5.0, 5.0, 5.0, 5.0, 5.0, 5.0, 5.0, 9.0, 9.0, 9.0, 9.0, 8.0, 8.0, 12.0, 8.0, 9.0, 9.0, 9.0, 9.0]
T = 0.06871947673600004	 step = 675
100.08000000000004
22.111155007102273
[20.0, 4.0, 19.0, 39.0, 40.0, 11.0, 26.0, 36.0, 18.0, 35.0, 46.0, 18.0, 8.0, 22.0, 48.0, 9.0, 6.0, 6.0, 29.0, 46.0]
[26.0, 25.0, 49.0, 33.0, 25.0, 26.0, 44.0, 47.0, 35.0, 14.0, 10.0, 16.0, 48.0, 6.0, 34.0, 5.0, 38.0, 15.0, 35.0, 47.0]
[5.0, 5.0, 5.0, 5.0, 5.0, 5.0, 5.0, 5.0, 9.0, 9.0, 9.0, 9.0, 12.0, 12.0, 8.0, 12.0, 9.0, 9.0, 9.0, 9.0]
[5.0, 5.0, 5.0, 5.0, 5.0, 5.0, 5.0, 5.0, 9.0, 9.0, 9.0, 9.0, 8.0, 8.0, 12.0, 8.0, 9.0, 9.0, 9.0, 9.0]
T = 0.06871947673600004	 step = 676
100.05000000000001
22.111155007102273
[20.0, 4.0, 19.0, 39.0, 40.0, 11.0, 26.0, 37.0, 18.0, 35.0, 46.0, 18.0, 8.0, 22.0, 48.0, 9.0, 6.0, 6.0, 29.0, 46.0]
[26.0, 25.0, 49.0, 33.0, 25.0, 26.0, 44.0, 47.0, 35.0, 14.0, 10.0, 16.0, 48.0, 6.0, 34.0, 5.0, 38.0, 15.0, 35.0, 47.0]
[5.0, 5.0, 5.0, 5.0, 5.0, 5.0, 5.0, 5.0, 9.0, 9.0, 9.0, 9.0, 12.0, 12.0, 8.0, 12.0, 9.0, 9.0, 9.0, 9.0]
[5.0, 5.0, 5.0, 5.0, 5.0, 5.0, 5.0, 5.0, 9.0, 9.0, 9.0, 9.0, 8.0, 8.0, 12.0, 8.0, 9.0, 9.0, 9.0, 9.0]
T = 0.06871947673600004	 step = 677
100.06
22.236155007102273
[20.0, 4.0, 19.0, 39.0, 40.0, 11.0, 26.0, 37.0, 18.0, 35.0, 46.0, 18.0, 8.0, 22.0, 48.0, 9.0, 6.0, 6.0, 29.0, 46.0]
[26.0, 24.0, 49.0, 33.0, 25.0, 26.0, 44.0, 47.0, 35.0, 14.0, 10.0, 16.0, 48.0, 6.0, 34.0, 5.0, 38.0, 15.0, 35.0, 47.0]
[5.0, 5.0, 5.0, 5.0, 5.0, 5.0, 5.0, 5.0, 9.0, 9.0, 9.0, 9.0, 12.0, 12.0, 8.0, 12.0, 9.0, 9.0, 9.0, 9.0]
[5.0, 5.0, 5.0, 5.0, 5.0, 5.0, 5.0, 5.0, 9.0, 9.0, 9.0, 9.0, 8.0, 8.0, 12.0, 8.0, 9.0, 9.0, 9.0, 9.0]
T = 0.06871947673600004	 step = 678
100.04000000000002
22.298655007102273
[20.0, 4.0, 19.0, 39.0, 40.0, 11.0, 26.0, 37.0, 18.0, 35.0, 46.0, 18.0, 8.0, 22.0, 48.0, 8.0, 6.0, 6.0, 29.0, 46.0]
[26.0, 24.0, 49.0, 33.0, 25.0, 26.0, 44.0, 47.0, 35.0, 14.0, 10.0, 16.0, 48.0, 6.0, 34.0, 5.0, 38.0, 15.0, 35.0, 47.0]
[5.0, 5.0, 5.0, 5.0, 5.0, 5.0, 5.0, 5.0, 9.0, 9.0, 9.0, 9.0, 12.0, 12.0, 8.0, 12.0, 9.0, 9.0, 9.0, 9.0]
[5.0, 5.0, 5.0, 5.0, 5.0, 5.0, 5.0, 5.0, 9.0, 9.0, 9.0, 9.0, 8.0, 8.0, 12.0, 8.0, 9.0, 9.0, 9.0, 9.0]
T = 0.06871947673600004	 step = 679
100.11000000000001
22.298655007102273
[20.0, 4.0, 19.0, 39.0, 40.0, 11.0, 26.0, 37.0, 18.0, 35.0, 46.0, 19.0, 8.0, 22.0, 48.0, 8.0, 6.0, 6.0, 29.0, 46.0]
[26.0, 24.0, 49.0, 33.0, 25.0, 26.0, 44.0, 47.0, 35.0, 14.0, 10.0, 16.0, 48.0, 6.0, 34.0, 5.0, 38.0, 15.0, 35.0, 47.0]
[5.0, 5.0, 5.0, 5.0, 5.0, 5.0, 5.0, 5.0, 9.0, 9.0, 9.0, 9.0, 12.0, 12.0, 8.0, 12.0, 9.0, 9.0, 9.0, 9.0]
[5.0, 5.0, 5.0, 5.0, 5.0, 5.0, 5.0, 5.0, 9.0, 9.0, 9.0, 9.0, 8.0, 8.0, 12.0, 8.0, 9.0, 9.0, 9.0, 9.0]
T = 0.06871947673600004	 step = 680
100.08000000000004
22.361155007102273
[20.0, 4.0, 19.0, 39.0, 40.0, 11.0, 27.0, 37.0, 18.0, 35.0, 46.0, 19.0, 8.0, 22.0, 48.0, 8.0, 6.0, 6.0, 29.0, 46.0]
[26.0, 24.0, 49.0, 33.0, 25.0, 26.0, 44.0, 47.0, 35.0, 14.0, 10.0, 16.0, 48.0, 6.0, 34.0, 5.0, 38.0, 15.0, 35.0, 47.0]
[5.0, 5.0, 5.0, 5.0, 5.0, 5.0, 5.0, 5.0, 9.0, 9.0, 9.0, 9.0, 12.0, 12.0, 8.0, 12.0, 9.0, 9.0, 9.0, 9.0]
[5.0, 5.0, 5.0, 5.0, 5.0, 5.0, 5.0, 5.0, 9.0, 9.0, 9.0, 9.0, 8.0, 8.0, 12.0, 8.0, 9.0, 9.0, 9.0, 9.0]
T = 0.06871947673600004	 step = 681
99.99000000000001
22.431467507102273
[20.0, 4.0, 19.0, 39.0, 40.0, 11.0, 27.0, 37.0, 18.0, 35.0, 47.0, 19.0, 8.0, 22.0, 48.0, 8.0, 6.0, 6.0, 29.0, 46.0]
[26.0, 24.0, 49.0, 33.0, 25.0, 26.0, 44.0, 47.0, 35.0, 14.0, 10.0, 16.0, 48.0, 6.0, 34.0, 5.0, 38.0, 15.0, 35.0, 47.0]
[5.0, 5.0, 5.0, 5.0, 5.0, 5.0, 5.0, 5.0, 9.0, 9.0, 9.0, 9.0, 12.0, 12.0, 8.0, 12.0, 9.0, 9.0, 9.0, 9.0]
[5.0, 5.0, 5.0, 5.0, 5.0, 5.0, 5.0, 5.0, 9.0, 9.0, 9.0, 9.0, 8.0, 8.0, 12.0, 8.0, 9.0, 9.0, 9.0, 9.0]
T = 0.06871947673600004	 step = 682
99.99000000000001
22.369423384232956
[20.0, 4.0, 19.0, 39.0, 40.0, 11.0, 27.0, 37.0, 18.0, 35.0, 47.0, 19.0, 8.0, 22.0, 48.0, 8.0, 6.0, 6.0, 29.0, 46.0]
[26.0, 24.0, 49.0, 33.0, 24.0, 26.0, 44.0, 47.0, 35.0, 14.0, 10.0, 16.0, 48.0, 6.0, 34.0, 5.0, 38.0, 15.0, 35.0, 47.0]
[5.0, 5.0, 5.0, 5.0, 5.0, 5.0, 5.0, 5.0, 9.0, 9.0, 9.0, 9.0, 12.0, 12.0, 8.0, 12.0, 9.0, 9.0, 9.0, 9.0]
[5.0, 5.0, 5.0, 5.0, 5.0, 5.0, 5.0, 5.0, 9.0, 9.0, 9.0, 9.0, 8.0, 8.0, 12.0, 8.0, 9.0, 9.0, 9.0, 9.0]
T = 0.06871947673600004	 step = 683
99.93
22.363546253551135
[21.0, 4.0, 19.0, 39.0, 40.0, 11.0, 27.0, 37.0, 18.0, 35.0, 47.0, 19.0, 8.0, 22.0, 48.0, 8.0, 6.0, 6.0, 29.0, 46.0]
[26.0, 24.0, 49.0, 33.0, 24.0, 26.0, 44.0, 47.0, 35.0, 14.0, 10.0, 16.0, 48.0, 6.0, 34.0, 5.0, 38.0, 15.0, 35.0, 47.0]
[5.0, 5.0, 5.0, 5.0, 5.0, 5.0, 5.0, 5.0, 9.0, 9.0, 9.0, 9.0, 12.0, 12.0, 8.0, 12.0, 9.0, 9.0, 9.0, 9.0]
[5.0, 5.0, 5.0, 5.0, 5.0, 5.0, 5.0, 5.0, 9.0, 9.0, 9.0, 9.0, 8.0, 8.0, 12.0, 8.0, 9.0, 9.0, 9.0, 9.0]
T = 0.06871947673600004	 step = 684
99.92000000000002
22.426046253551135
[21.0, 4.0, 19.0, 39.0, 40.0, 11.0, 27.0, 37.0, 18.0, 35.0, 47.0, 19.0, 8.0, 22.0, 48.0, 8.0, 6.0, 6.0, 29.0, 47.0]
[26.0, 24.0, 49.0, 33.0, 24.0, 26.0, 44.0, 47.0, 35.0, 14.0, 10.0, 16.0, 48.0, 6.0, 34.0, 5.0, 38.0, 15.0, 35.0, 47.0]
[5.0, 5.0, 5.0, 5.0, 5.0, 5.0, 5.0, 5.0, 9.0, 9.0, 9.0, 9.0, 12.0, 12.0, 8.0, 12.0, 9.0, 9.0, 9.0, 9.0]
[5.0, 5.0, 5.0, 5.0, 5.0, 5.0, 5.0, 5.0, 9.0, 9.0, 9.0, 9.0, 8.0, 8.0, 12.0, 8.0, 9.0, 9.0, 9.0, 9.0]
T = 0.06871947673600004	 step = 685
99.90000000000003
22.488546253551135
[21.0, 4.0, 18.0, 39.0, 40.0, 11.0, 27.0, 37.0, 18.0, 35.0, 47.0, 19.0, 8.0, 22.0, 48.0, 8.0, 6.0, 6.0, 29.0, 47.0]
[26.0, 24.0, 49.0, 33.0, 24.0, 26.0, 44.0, 47.0, 35.0, 14.0, 10.0, 16.0, 48.0, 6.0, 34.0, 5.0, 38.0, 15.0, 35.0, 47.0]
[5.0, 5.0, 5.0, 5.0, 5.0, 5.0, 5.0, 5.0, 9.0, 9.0, 9.0, 9.0, 12.0, 12.0, 8.0, 12.0, 9.0, 9.0, 9.0, 9.0]
[5.0, 5.0, 5.0, 5.0, 5.0, 5.0, 5.0, 5.0, 9.0, 9.0, 9.0, 9.0, 8.0, 8.0, 12.0, 8.0, 9.0, 9.0, 9.0, 9.0]
T = 0.06871947673600004	 step = 686
99.92000000000002
22.550590376420455
[21.0, 4.0, 18.0, 39.0, 40.0, 11.0, 27.0, 37.0, 18.0, 35.0, 47.0, 19.0, 8.0, 22.0, 48.0, 8.0, 6.0, 6.0, 29.0, 47.0]
[25.0, 24.0, 49.0, 33.0, 24.0, 26.0, 44.0, 47.0, 35.0, 14.0, 10.0, 16.0, 48.0, 6.0, 34.0, 5.0, 38.0, 15.0, 35.0, 47.0]
[5.0, 5.0, 5.0, 5.0, 5.0, 5.0, 5.0, 5.0, 9.0, 9.0, 9.0, 9.0, 12.0, 12.0, 8.0, 12.0, 9.0, 9.0, 9.0, 9.0]
[5.0, 5.0, 5.0, 5.0, 5.0, 5.0, 5.0, 5.0, 9.0, 9.0, 9.0, 9.0, 8.0, 8.0, 12.0, 8.0, 9.0, 9.0, 9.0, 9.0]
T = 0.06871947673600004	 step = 687
99.96000000000004
22.488090376420455
[21.0, 4.0, 18.0, 39.0, 40.0, 11.0, 27.0, 37.0, 18.0, 35.0, 47.0, 19.0, 8.0, 22.0, 48.0, 8.0, 6.0, 7.0, 29.0, 47.0]
[25.0, 24.0, 49.0, 33.0, 24.0, 26.0, 44.0, 47.0, 35.0, 14.0, 10.0, 16.0, 48.0, 6.0, 34.0, 5.0, 38.0, 15.0, 35.0, 47.0]
[5.0, 5.0, 5.0, 5.0, 5.0, 5.0, 5.0, 5.0, 9.0, 9.0, 9.0, 9.0, 12.0, 12.0, 8.0, 12.0, 9.0, 9.0, 9.0, 9.0]
[5.0, 5.0, 5.0, 5.0, 5.0, 5.0, 5.0, 5.0, 9.0, 9.0, 9.0, 9.0, 8.0, 8.0, 12.0, 8.0, 9.0, 9.0, 9.0, 9.0]
T = 0.06871947673600004	 step = 688
99.37
22.503543590198863
[21.0, 4.0, 18.0, 39.0, 40.0, 11.0, 27.0, 37.0, 18.0, 35.0, 47.0, 19.0, 8.0, 22.0, 48.0, 8.0, 6.0, 7.0, 29.0, 47.0]
[25.0, 24.0, 49.0, 33.0, 24.0, 26.0, 44.0, 47.0, 35.0, 10.0, 10.0, 16.0, 48.0, 6.0, 34.0, 5.0, 38.0, 15.0, 35.0, 47.0]
[5.0, 5.0, 5.0, 5.0, 5.0, 5.0, 5.0, 5.0, 9.0, 9.0, 9.0, 9.0, 12.0, 12.0, 8.0, 12.0, 9.0, 9.0, 9.0, 9.0]
[5.0, 5.0, 5.0, 5.0, 5.0, 5.0, 5.0, 5.0, 9.0, 9.0, 9.0, 9.0, 8.0, 8.0, 12.0, 8.0, 9.0, 9.0, 9.0, 9.0]
T = 0.06871947673600004	 step = 689
99.52000000000004
22.488090376420452
[21.0, 4.0, 18.0, 39.0, 40.0, 11.0, 27.0, 37.0, 18.0, 35.0, 47.0, 19.0, 8.0, 22.0, 48.0, 8.0, 6.0, 7.0, 29.0, 47.0]
[25.0, 24.0, 49.0, 33.0, 24.0, 26.0, 44.0, 47.0, 35.0, 11.0, 10.0, 16.0, 48.0, 6.0, 34.0, 5.0, 38.0, 15.0, 35.0, 47.0]
[5.0, 5.0, 5.0, 5.0, 5.0, 5.0, 5.0, 5.0, 9.0, 9.0, 9.0, 9.0, 12.0, 12.0, 8.0, 12.0, 9.0, 9.0, 9.0, 9.0]
[5.0, 5.0, 5.0, 5.0, 5.0, 5.0, 5.0, 5.0, 9.0, 9.0, 9.0, 9.0, 8.0, 8.0, 12.0, 8.0, 9.0, 9.0, 9.0, 9.0]
T = 0.06871947673600004	 step = 690
99.51000000000005
22.363445490056815
[21.0, 4.0, 18.0, 39.0, 40.0, 11.0, 27.0, 37.0, 18.0, 35.0, 47.0, 19.0, 8.0, 22.0, 48.0, 8.0, 6.0, 7.0, 29.0, 47.0]
[25.0, 25.0, 49.0, 33.0, 24.0, 26.0, 44.0, 47.0, 35.0, 11.0, 10.0, 16.0, 48.0, 6.0, 34.0, 5.0, 38.0, 15.0, 35.0, 47.0]
[5.0, 5.0, 5.0, 5.0, 5.0, 5.0, 5.0, 5.0, 9.0, 9.0, 9.0, 9.0, 12.0, 12.0, 8.0, 12.0, 9.0, 9.0, 9.0, 9.0]
[5.0, 5.0, 5.0, 5.0, 5.0, 5.0, 5.0, 5.0, 9.0, 9.0, 9.0, 9.0, 8.0, 8.0, 12.0, 8.0, 9.0, 9.0, 9.0, 9.0]
T = 0.054975581388800036	 step = 691
99.57000000000005
22.23844549005682
[21.0, 4.0, 18.0, 39.0, 40.0, 11.0, 27.0, 37.0, 18.0, 35.0, 47.0, 19.0, 8.0, 22.0, 48.0, 8.0, 6.0, 7.0, 29.0, 47.0]
[25.0, 25.0, 48.0, 33.0, 24.0, 26.0, 44.0, 47.0, 35.0, 11.0, 10.0, 16.0, 48.0, 6.0, 34.0, 5.0, 38.0, 15.0, 35.0, 47.0]
[5.0, 5.0, 5.0, 5.0, 5.0, 5.0, 5.0, 5.0, 9.0, 9.0, 9.0, 9.0, 12.0, 12.0, 8.0, 12.0, 9.0, 9.0, 9.0, 9.0]
[5.0, 5.0, 5.0, 5.0, 5.0, 5.0, 5.0, 5.0, 9.0, 9.0, 9.0, 9.0, 8.0, 8.0, 12.0, 8.0, 9.0, 9.0, 9.0, 9.0]
T = 0.054975581388800036	 step = 692
99.45000000000005
22.238090376420452
[21.0, 4.0, 18.0, 39.0, 40.0, 11.0, 27.0, 37.0, 18.0, 35.0, 47.0, 18.0, 8.0, 22.0, 48.0, 8.0, 6.0, 7.0, 29.0, 47.0]
[25.0, 25.0, 48.0, 33.0, 24.0, 26.0, 44.0, 47.0, 35.0, 11.0, 10.0, 16.0, 48.0, 6.0, 34.0, 5.0, 38.0, 15.0, 35.0, 47.0]
[5.0, 5.0, 5.0, 5.0, 5.0, 5.0, 5.0, 5.0, 9.0, 9.0, 9.0, 9.0, 12.0, 12.0, 8.0, 12.0, 9.0, 9.0, 9.0, 9.0]
[5.0, 5.0, 5.0, 5.0, 5.0, 5.0, 5.0, 5.0, 9.0, 9.0, 9.0, 9.0, 8.0, 8.0, 12.0, 8.0, 9.0, 9.0, 9.0, 9.0]
T = 0.054975581388800036	 step = 693
99.44
22.300590376420455
[21.0, 4.0, 18.0, 39.0, 40.0, 11.0, 27.0, 37.0, 18.0, 35.0, 47.0, 18.0, 7.0, 22.0, 48.0, 8.0, 6.0, 7.0, 29.0, 47.0]
[25.0, 25.0, 48.0, 33.0, 24.0, 26.0, 44.0, 47.0, 35.0, 11.0, 10.0, 16.0, 48.0, 6.0, 34.0, 5.0, 38.0, 15.0, 35.0, 47.0]
[5.0, 5.0, 5.0, 5.0, 5.0, 5.0, 5.0, 5.0, 9.0, 9.0, 9.0, 9.0, 12.0, 12.0, 8.0, 12.0, 9.0, 9.0, 9.0, 9.0]
[5.0, 5.0, 5.0, 5.0, 5.0, 5.0, 5.0, 5.0, 9.0, 9.0, 9.0, 9.0, 8.0, 8.0, 12.0, 8.0, 9.0, 9.0, 9.0, 9.0]
T = 0.054975581388800036	 step = 694
99.5
22.238090376420455
[21.0, 4.0, 18.0, 39.0, 40.0, 11.0, 27.0, 37.0, 18.0, 35.0, 47.0, 18.0, 7.0, 22.0, 48.0, 8.0, 6.0, 7.0, 29.0, 47.0]
[25.0, 25.0, 48.0, 33.0, 24.0, 26.0, 44.0, 47.0, 35.0, 11.0, 10.0, 16.0, 48.0, 6.0, 34.0, 5.0, 38.0, 15.0, 34.0, 47.0]
[5.0, 5.0, 5.0, 5.0, 5.0, 5.0, 5.0, 5.0, 9.0, 9.0, 9.0, 9.0, 12.0, 12.0, 8.0, 12.0, 9.0, 9.0, 9.0, 9.0]
[5.0, 5.0, 5.0, 5.0, 5.0, 5.0, 5.0, 5.0, 9.0, 9.0, 9.0, 9.0, 8.0, 8.0, 12.0, 8.0, 9.0, 9.0, 9.0, 9.0]
T = 0.054975581388800036	 step = 695
99.62
22.243967507102273
[20.0, 4.0, 18.0, 39.0, 40.0, 11.0, 27.0, 37.0, 18.0, 35.0, 47.0, 18.0, 7.0, 22.0, 48.0, 8.0, 6.0, 7.0, 29.0, 47.0]
[25.0, 25.0, 48.0, 33.0, 24.0, 26.0, 44.0, 47.0, 35.0, 11.0, 10.0, 16.0, 48.0, 6.0, 34.0, 5.0, 38.0, 15.0, 34.0, 47.0]
[5.0, 5.0, 5.0, 5.0, 5.0, 5.0, 5.0, 5.0, 9.0, 9.0, 9.0, 9.0, 12.0, 12.0, 8.0, 12.0, 9.0, 9.0, 9.0, 9.0]
[5.0, 5.0, 5.0, 5.0, 5.0, 5.0, 5.0, 5.0, 9.0, 9.0, 9.0, 9.0, 8.0, 8.0, 12.0, 8.0, 9.0, 9.0, 9.0, 9.0]
T = 0.054975581388800036	 step = 696
99.51000000000005
22.175590376420452
[20.0, 4.0, 18.0, 39.0, 40.0, 11.0, 27.0, 37.0, 17.0, 35.0, 47.0, 18.0, 7.0, 22.0, 48.0, 8.0, 6.0, 7.0, 29.0, 47.0]
[25.0, 25.0, 48.0, 33.0, 24.0, 26.0, 44.0, 47.0, 35.0, 11.0, 10.0, 16.0, 48.0, 6.0, 34.0, 5.0, 38.0, 15.0, 34.0, 47.0]
[5.0, 5.0, 5.0, 5.0, 5.0, 5.0, 5.0, 5.0, 9.0, 9.0, 9.0, 9.0, 12.0, 12.0, 8.0, 12.0, 9.0, 9.0, 9.0, 9.0]
[5.0, 5.0, 5.0, 5.0, 5.0, 5.0, 5.0, 5.0, 9.0, 9.0, 9.0, 9.0, 8.0, 8.0, 12.0, 8.0, 9.0, 9.0, 9.0, 9.0]
T = 0.054975581388800036	 step = 697
99.46000000000004
22.238090376420452
[20.0, 4.0, 18.0, 39.0, 40.0, 11.0, 27.0, 37.0, 17.0, 35.0, 47.0, 18.0, 7.0, 22.0, 48.0, 8.0, 6.0, 7.0, 29.0, 47.0]
[25.0, 25.0, 48.0, 33.0, 24.0, 26.0, 44.0, 47.0, 35.0, 11.0, 10.0, 16.0, 48.0, 5.0, 34.0, 5.0, 38.0, 15.0, 34.0, 47.0]
[5.0, 5.0, 5.0, 5.0, 5.0, 5.0, 5.0, 5.0, 9.0, 9.0, 9.0, 9.0, 12.0, 12.0, 8.0, 12.0, 9.0, 9.0, 9.0, 9.0]
[5.0, 5.0, 5.0, 5.0, 5.0, 5.0, 5.0, 5.0, 9.0, 9.0, 9.0, 9.0, 8.0, 8.0, 12.0, 8.0, 9.0, 9.0, 9.0, 9.0]
T = 0.054975581388800036	 step = 698
99.5
22.113090376420452
[20.0, 4.0, 18.0, 39.0, 40.0, 11.0, 27.0, 37.0, 17.0, 35.0, 47.0, 18.0, 7.0, 22.0, 48.0, 8.0, 6.0, 7.0, 29.0, 47.0]
[25.0, 25.0, 47.0, 33.0, 24.0, 26.0, 44.0, 47.0, 35.0, 11.0, 10.0, 16.0, 48.0, 5.0, 34.0, 5.0, 38.0, 15.0, 34.0, 47.0]
[5.0, 5.0, 5.0, 5.0, 5.0, 5.0, 5.0, 5.0, 9.0, 9.0, 9.0, 9.0, 12.0, 12.0, 8.0, 12.0, 9.0, 9.0, 9.0, 9.0]
[5.0, 5.0, 5.0, 5.0, 5.0, 5.0, 5.0, 5.0, 9.0, 9.0, 9.0, 9.0, 8.0, 8.0, 12.0, 8.0, 9.0, 9.0, 9.0, 9.0]
T = 0.054975581388800036	 step = 699
99.43
22.175590376420455
[20.0, 4.0, 18.0, 39.0, 40.0, 11.0, 27.0, 37.0, 17.0, 35.0, 47.0, 18.0, 7.0, 22.0, 48.0, 8.0, 6.0, 7.0, 29.0, 47.0]
[25.0, 25.0, 47.0, 33.0, 24.0, 26.0, 45.0, 47.0, 35.0, 11.0, 10.0, 16.0, 48.0, 5.0, 34.0, 5.0, 38.0, 15.0, 34.0, 47.0]
[5.0, 5.0, 5.0, 5.0, 5.0, 5.0, 5.0, 5.0, 9.0, 9.0, 9.0, 9.0, 12.0, 12.0, 8.0, 12.0, 9.0, 9.0, 9.0, 9.0]
[5.0, 5.0, 5.0, 5.0, 5.0, 5.0, 5.0, 5.0, 9.0, 9.0, 9.0, 9.0, 8.0, 8.0, 12.0, 8.0, 9.0, 9.0, 9.0, 9.0]
T = 0.054975581388800036	 step = 700
99.44
22.113090376420452
[20.0, 4.0, 18.0, 39.0, 40.0, 11.0, 27.0, 37.0, 17.0, 35.0, 47.0, 18.0, 8.0, 22.0, 48.0, 8.0, 6.0, 7.0, 29.0, 47.0]
[25.0, 25.0, 47.0, 33.0, 24.0, 26.0, 45.0, 47.0, 35.0, 11.0, 10.0, 16.0, 48.0, 5.0, 34.0, 5.0, 38.0, 15.0, 34.0, 47.0]
[5.0, 5.0, 5.0, 5.0, 5.0, 5.0, 5.0, 5.0, 9.0, 9.0, 9.0, 9.0, 12.0, 12.0, 8.0, 12.0, 9.0, 9.0, 9.0, 9.0]
[5.0, 5.0, 5.0, 5.0, 5.0, 5.0, 5.0, 5.0, 9.0, 9.0, 9.0, 9.0, 8.0, 8.0, 12.0, 8.0, 9.0, 9.0, 9.0, 9.0]
T = 0.054975581388800036	 step = 701
99.54000000000002
22.042777876420452
[20.0, 4.0, 18.0, 39.0, 40.0, 11.0, 27.0, 37.0, 17.0, 35.0, 46.0, 18.0, 8.0, 22.0, 48.0, 8.0, 6.0, 7.0, 29.0, 47.0]
[25.0, 25.0, 47.0, 33.0, 24.0, 26.0, 45.0, 47.0, 35.0, 11.0, 10.0, 16.0, 48.0, 5.0, 34.0, 5.0, 38.0, 15.0, 34.0, 47.0]
[5.0, 5.0, 5.0, 5.0, 5.0, 5.0, 5.0, 5.0, 9.0, 9.0, 9.0, 9.0, 12.0, 12.0, 8.0, 12.0, 9.0, 9.0, 9.0, 9.0]
[5.0, 5.0, 5.0, 5.0, 5.0, 5.0, 5.0, 5.0, 9.0, 9.0, 9.0, 9.0, 8.0, 8.0, 12.0, 8.0, 9.0, 9.0, 9.0, 9.0]
T = 0.054975581388800036	 step = 702
99.5
22.105277876420452
[20.0, 4.0, 18.0, 39.0, 40.0, 11.0, 27.0, 37.0, 17.0, 35.0, 46.0, 18.0, 8.0, 22.0, 48.0, 8.0, 6.0, 6.0, 29.0, 47.0]
[25.0, 25.0, 47.0, 33.0, 24.0, 26.0, 45.0, 47.0, 35.0, 11.0, 10.0, 16.0, 48.0, 5.0, 34.0, 5.0, 38.0, 15.0, 34.0, 47.0]
[5.0, 5.0, 5.0, 5.0, 5.0, 5.0, 5.0, 5.0, 9.0, 9.0, 9.0, 9.0, 12.0, 12.0, 8.0, 12.0, 9.0, 9.0, 9.0, 9.0]
[5.0, 5.0, 5.0, 5.0, 5.0, 5.0, 5.0, 5.0, 9.0, 9.0, 9.0, 9.0, 8.0, 8.0, 12.0, 8.0, 9.0, 9.0, 9.0, 9.0]
T = 0.054975581388800036	 step = 703
99.59000000000003
22.12942560369318
[20.0, 4.0, 18.0, 39.0, 39.0, 11.0, 27.0, 37.0, 17.0, 35.0, 46.0, 18.0, 8.0, 22.0, 48.0, 8.0, 6.0, 6.0, 29.0, 47.0]
[25.0, 25.0, 47.0, 33.0, 24.0, 26.0, 45.0, 47.0, 35.0, 11.0, 10.0, 16.0, 48.0, 5.0, 34.0, 5.0, 38.0, 15.0, 34.0, 47.0]
[5.0, 5.0, 5.0, 5.0, 5.0, 5.0, 5.0, 5.0, 9.0, 9.0, 9.0, 9.0, 12.0, 12.0, 8.0, 12.0, 9.0, 9.0, 9.0, 9.0]
[5.0, 5.0, 5.0, 5.0, 5.0, 5.0, 5.0, 5.0, 9.0, 9.0, 9.0, 9.0, 8.0, 8.0, 12.0, 8.0, 9.0, 9.0, 9.0, 9.0]
T = 0.054975581388800036	 step = 704
99.58000000000004
22.19192560369318
[20.0, 4.0, 18.0, 39.0, 39.0, 11.0, 27.0, 37.0, 17.0, 35.0, 46.0, 18.0, 7.0, 22.0, 48.0, 8.0, 6.0, 6.0, 29.0, 47.0]
[25.0, 25.0, 47.0, 33.0, 24.0, 26.0, 45.0, 47.0, 35.0, 11.0, 10.0, 16.0, 48.0, 5.0, 34.0, 5.0, 38.0, 15.0, 34.0, 47.0]
[5.0, 5.0, 5.0, 5.0, 5.0, 5.0, 5.0, 5.0, 9.0, 9.0, 9.0, 9.0, 12.0, 12.0, 8.0, 12.0, 9.0, 9.0, 9.0, 9.0]
[5.0, 5.0, 5.0, 5.0, 5.0, 5.0, 5.0, 5.0, 9.0, 9.0, 9.0, 9.0, 8.0, 8.0, 12.0, 8.0, 9.0, 9.0, 9.0, 9.0]
T = 0.054975581388800036	 step = 705
99.63
22.12942560369318
[20.0, 4.0, 18.0, 39.0, 39.0, 11.0, 27.0, 37.0, 17.0, 35.0, 46.0, 18.0, 7.0, 22.0, 48.0, 8.0, 6.0, 6.0, 29.0, 47.0]
[25.0, 25.0, 47.0, 33.0, 24.0, 26.0, 45.0, 47.0, 35.0, 11.0, 10.0, 16.0, 48.0, 5.0, 34.0, 5.0, 38.0, 15.0, 33.0, 47.0]
[5.0, 5.0, 5.0, 5.0, 5.0, 5.0, 5.0, 5.0, 9.0, 9.0, 9.0, 9.0, 12.0, 12.0, 8.0, 12.0, 9.0, 9.0, 9.0, 9.0]
[5.0, 5.0, 5.0, 5.0, 5.0, 5.0, 5.0, 5.0, 9.0, 9.0, 9.0, 9.0, 8.0, 8.0, 12.0, 8.0, 9.0, 9.0, 9.0, 9.0]
T = 0.054975581388800036	 step = 706
99.64000000000004
22.156236683238635
[20.0, 4.0, 18.0, 39.0, 39.0, 11.0, 27.0, 37.0, 17.0, 35.0, 46.0, 18.0, 7.0, 22.0, 48.0, 8.0, 6.0, 6.0, 29.0, 47.0]
[25.0, 25.0, 47.0, 33.0, 24.0, 26.0, 45.0, 47.0, 35.0, 11.0, 10.0, 16.0, 48.0, 5.0, 34.0, 5.0, 38.0, 15.0, 33.0, 46.0]
[5.0, 5.0, 5.0, 5.0, 5.0, 5.0, 5.0, 5.0, 9.0, 9.0, 9.0, 9.0, 12.0, 12.0, 8.0, 12.0, 9.0, 9.0, 9.0, 9.0]
[5.0, 5.0, 5.0, 5.0, 5.0, 5.0, 5.0, 5.0, 9.0, 9.0, 9.0, 9.0, 8.0, 8.0, 12.0, 8.0, 9.0, 9.0, 9.0, 9.0]
T = 0.054975581388800036	 step = 707
99.65000000000003
22.281236683238635
[20.0, 4.0, 18.0, 39.0, 39.0, 11.0, 27.0, 37.0, 17.0, 35.0, 46.0, 18.0, 7.0, 22.0, 48.0, 8.0, 6.0, 6.0, 29.0, 47.0]
[25.0, 25.0, 47.0, 33.0, 24.0, 25.0, 45.0, 47.0, 35.0, 11.0, 10.0, 16.0, 48.0, 5.0, 34.0, 5.0, 38.0, 15.0, 33.0, 46.0]
[5.0, 5.0, 5.0, 5.0, 5.0, 5.0, 5.0, 5.0, 9.0, 9.0, 9.0, 9.0, 12.0, 12.0, 8.0, 12.0, 9.0, 9.0, 9.0, 9.0]
[5.0, 5.0, 5.0, 5.0, 5.0, 5.0, 5.0, 5.0, 9.0, 9.0, 9.0, 9.0, 8.0, 8.0, 12.0, 8.0, 9.0, 9.0, 9.0, 9.0]
T = 0.054975581388800036	 step = 708
99.73000000000002
22.34419256036932
[20.0, 4.0, 18.0, 39.0, 38.0, 11.0, 27.0, 37.0, 17.0, 35.0, 46.0, 18.0, 7.0, 22.0, 48.0, 8.0, 6.0, 6.0, 29.0, 47.0]
[25.0, 25.0, 47.0, 33.0, 24.0, 25.0, 45.0, 47.0, 35.0, 11.0, 10.0, 16.0, 48.0, 5.0, 34.0, 5.0, 38.0, 15.0, 33.0, 46.0]
[5.0, 5.0, 5.0, 5.0, 5.0, 5.0, 5.0, 5.0, 9.0, 9.0, 9.0, 9.0, 12.0, 12.0, 8.0, 12.0, 9.0, 9.0, 9.0, 9.0]
[5.0, 5.0, 5.0, 5.0, 5.0, 5.0, 5.0, 5.0, 9.0, 9.0, 9.0, 9.0, 8.0, 8.0, 12.0, 8.0, 9.0, 9.0, 9.0, 9.0]
T = 0.054975581388800036	 step = 709
99.73000000000002
22.25442560369318
[20.0, 4.0, 18.0, 39.0, 38.0, 11.0, 27.0, 37.0, 17.0, 35.0, 46.0, 18.0, 7.0, 22.0, 48.0, 8.0, 6.0, 6.0, 29.0, 47.0]
[25.0, 26.0, 47.0, 33.0, 24.0, 25.0, 45.0, 47.0, 35.0, 11.0, 10.0, 16.0, 48.0, 5.0, 34.0, 5.0, 38.0, 15.0, 33.0, 46.0]
[5.0, 5.0, 5.0, 5.0, 5.0, 5.0, 5.0, 5.0, 9.0, 9.0, 9.0, 9.0, 12.0, 12.0, 8.0, 12.0, 9.0, 9.0, 9.0, 9.0]
[5.0, 5.0, 5.0, 5.0, 5.0, 5.0, 5.0, 5.0, 9.0, 9.0, 9.0, 9.0, 8.0, 8.0, 12.0, 8.0, 9.0, 9.0, 9.0, 9.0]
T = 0.054975581388800036	 step = 710
99.76000000000005
22.26223810369318
[20.0, 4.0, 18.0, 39.0, 38.0, 11.0, 27.0, 37.0, 17.0, 35.0, 46.0, 18.0, 7.0, 22.0, 47.0, 8.0, 6.0, 6.0, 29.0, 47.0]
[25.0, 26.0, 47.0, 33.0, 24.0, 25.0, 45.0, 47.0, 35.0, 11.0, 10.0, 16.0, 48.0, 5.0, 34.0, 5.0, 38.0, 15.0, 33.0, 46.0]
[5.0, 5.0, 5.0, 5.0, 5.0, 5.0, 5.0, 5.0, 9.0, 9.0, 9.0, 9.0, 12.0, 12.0, 8.0, 12.0, 9.0, 9.0, 9.0, 9.0]
[5.0, 5.0, 5.0, 5.0, 5.0, 5.0, 5.0, 5.0, 9.0, 9.0, 9.0, 9.0, 8.0, 8.0, 12.0, 8.0, 9.0, 9.0, 9.0, 9.0]
T = 0.054975581388800036	 step = 711
99.77000000000004
22.19973810369318
[20.0, 4.0, 18.0, 39.0, 38.0, 11.0, 27.0, 37.0, 17.0, 35.0, 46.0, 18.0, 7.0, 22.0, 47.0, 8.0, 6.0, 6.0, 29.0, 47.0]
[25.0, 26.0, 47.0, 33.0, 24.0, 25.0, 45.0, 47.0, 35.0, 11.0, 10.0, 16.0, 48.0, 5.0, 33.0, 5.0, 38.0, 15.0, 33.0, 46.0]
[5.0, 5.0, 5.0, 5.0, 5.0, 5.0, 5.0, 5.0, 9.0, 9.0, 9.0, 9.0, 12.0, 12.0, 8.0, 12.0, 9.0, 9.0, 9.0, 9.0]
[5.0, 5.0, 5.0, 5.0, 5.0, 5.0, 5.0, 5.0, 9.0, 9.0, 9.0, 9.0, 8.0, 8.0, 12.0, 8.0, 9.0, 9.0, 9.0, 9.0]
T = 0.054975581388800036	 step = 712
100.21000000000004
22.19973810369318
[20.0, 4.0, 18.0, 39.0, 38.0, 11.0, 27.0, 37.0, 17.0, 35.0, 46.0, 18.0, 7.0, 22.0, 47.0, 8.0, 6.0, 6.0, 29.0, 47.0]
[25.0, 26.0, 47.0, 33.0, 24.0, 25.0, 45.0, 47.0, 34.0, 11.0, 10.0, 16.0, 48.0, 5.0, 33.0, 5.0, 38.0, 15.0, 33.0, 46.0]
[5.0, 5.0, 5.0, 5.0, 5.0, 5.0, 5.0, 5.0, 9.0, 9.0, 9.0, 9.0, 12.0, 12.0, 8.0, 12.0, 9.0, 9.0, 9.0, 9.0]
[5.0, 5.0, 5.0, 5.0, 5.0, 5.0, 5.0, 5.0, 9.0, 9.0, 9.0, 9.0, 8.0, 8.0, 12.0, 8.0, 9.0, 9.0, 9.0, 9.0]
T = 0.054975581388800036	 step = 713
100.21000000000004
22.092113813920456
[20.0, 4.0, 18.0, 39.0, 38.0, 11.0, 27.0, 37.0, 17.0, 35.0, 46.0, 18.0, 7.0, 22.0, 47.0, 8.0, 6.0, 6.0, 29.0, 47.0]
[25.0, 27.0, 47.0, 33.0, 24.0, 25.0, 45.0, 47.0, 34.0, 11.0, 10.0, 16.0, 48.0, 5.0, 33.0, 5.0, 38.0, 15.0, 33.0, 46.0]
[5.0, 5.0, 5.0, 5.0, 5.0, 5.0, 5.0, 5.0, 9.0, 9.0, 9.0, 9.0, 12.0, 12.0, 8.0, 12.0, 9.0, 9.0, 9.0, 9.0]
[5.0, 5.0, 5.0, 5.0, 5.0, 5.0, 5.0, 5.0, 9.0, 9.0, 9.0, 9.0, 8.0, 8.0, 12.0, 8.0, 9.0, 9.0, 9.0, 9.0]
T = 0.054975581388800036	 step = 714
100.35000000000002
22.092392134232952
[20.0, 4.0, 18.0, 39.0, 38.0, 11.0, 27.0, 37.0, 17.0, 35.0, 46.0, 18.0, 7.0, 22.0, 47.0, 8.0, 6.0, 6.0, 29.0, 47.0]
[25.0, 27.0, 47.0, 33.0, 24.0, 25.0, 45.0, 47.0, 34.0, 12.0, 10.0, 16.0, 48.0, 5.0, 33.0, 5.0, 38.0, 15.0, 33.0, 46.0]
[5.0, 5.0, 5.0, 5.0, 5.0, 5.0, 5.0, 5.0, 9.0, 9.0, 9.0, 9.0, 12.0, 12.0, 8.0, 12.0, 9.0, 9.0, 9.0, 9.0]
[5.0, 5.0, 5.0, 5.0, 5.0, 5.0, 5.0, 5.0, 9.0, 9.0, 9.0, 9.0, 8.0, 8.0, 12.0, 8.0, 9.0, 9.0, 9.0, 9.0]
T = 0.054975581388800036	 step = 715
100.30000000000001
22.217392134232952
[20.0, 4.0, 18.0, 39.0, 38.0, 11.0, 27.0, 37.0, 17.0, 35.0, 46.0, 18.0, 7.0, 22.0, 47.0, 8.0, 6.0, 6.0, 29.0, 47.0]
[25.0, 27.0, 47.0, 33.0, 24.0, 25.0, 45.0, 47.0, 34.0, 12.0, 9.0, 16.0, 48.0, 5.0, 33.0, 5.0, 38.0, 15.0, 33.0, 46.0]
[5.0, 5.0, 5.0, 5.0, 5.0, 5.0, 5.0, 5.0, 9.0, 9.0, 9.0, 9.0, 12.0, 12.0, 8.0, 12.0, 9.0, 9.0, 9.0, 9.0]
[5.0, 5.0, 5.0, 5.0, 5.0, 5.0, 5.0, 5.0, 9.0, 9.0, 9.0, 9.0, 8.0, 8.0, 12.0, 8.0, 9.0, 9.0, 9.0, 9.0]
T = 0.054975581388800036	 step = 716
100.30000000000001
22.154892134232952
[20.0, 4.0, 18.0, 39.0, 38.0, 11.0, 27.0, 37.0, 17.0, 35.0, 46.0, 18.0, 7.0, 22.0, 47.0, 8.0, 6.0, 6.0, 29.0, 47.0]
[25.0, 27.0, 47.0, 33.0, 24.0, 25.0, 45.0, 47.0, 34.0, 12.0, 9.0, 16.0, 48.0, 5.0, 32.0, 5.0, 38.0, 15.0, 33.0, 46.0]
[5.0, 5.0, 5.0, 5.0, 5.0, 5.0, 5.0, 5.0, 9.0, 9.0, 9.0, 9.0, 12.0, 12.0, 8.0, 12.0, 9.0, 9.0, 9.0, 9.0]
[5.0, 5.0, 5.0, 5.0, 5.0, 5.0, 5.0, 5.0, 9.0, 9.0, 9.0, 9.0, 8.0, 8.0, 12.0, 8.0, 9.0, 9.0, 9.0, 9.0]
T = 0.054975581388800036	 step = 717
100.27000000000004
22.147079634232952
[20.0, 4.0, 18.0, 39.0, 38.0, 11.0, 27.0, 37.0, 17.0, 35.0, 46.0, 18.0, 7.0, 22.0, 48.0, 8.0, 6.0, 6.0, 29.0, 47.0]
[25.0, 27.0, 47.0, 33.0, 24.0, 25.0, 45.0, 47.0, 34.0, 12.0, 9.0, 16.0, 48.0, 5.0, 32.0, 5.0, 38.0, 15.0, 33.0, 46.0]
[5.0, 5.0, 5.0, 5.0, 5.0, 5.0, 5.0, 5.0, 9.0, 9.0, 9.0, 9.0, 12.0, 12.0, 8.0, 12.0, 9.0, 9.0, 9.0, 9.0]
[5.0, 5.0, 5.0, 5.0, 5.0, 5.0, 5.0, 5.0, 9.0, 9.0, 9.0, 9.0, 8.0, 8.0, 12.0, 8.0, 9.0, 9.0, 9.0, 9.0]
T = 0.054975581388800036	 step = 718
100.29000000000002
22.084579634232952
[20.0, 4.0, 18.0, 39.0, 38.0, 11.0, 27.0, 37.0, 17.0, 35.0, 46.0, 18.0, 7.0, 22.0, 48.0, 9.0, 6.0, 6.0, 29.0, 47.0]
[25.0, 27.0, 47.0, 33.0, 24.0, 25.0, 45.0, 47.0, 34.0, 12.0, 9.0, 16.0, 48.0, 5.0, 32.0, 5.0, 38.0, 15.0, 33.0, 46.0]
[5.0, 5.0, 5.0, 5.0, 5.0, 5.0, 5.0, 5.0, 9.0, 9.0, 9.0, 9.0, 12.0, 12.0, 8.0, 12.0, 9.0, 9.0, 9.0, 9.0]
[5.0, 5.0, 5.0, 5.0, 5.0, 5.0, 5.0, 5.0, 9.0, 9.0, 9.0, 9.0, 8.0, 8.0, 12.0, 8.0, 9.0, 9.0, 9.0, 9.0]
T = 0.054975581388800036	 step = 719
100.27000000000004
22.147079634232952
[20.0, 4.0, 18.0, 39.0, 38.0, 11.0, 27.0, 37.0, 17.0, 35.0, 46.0, 18.0, 7.0, 22.0, 48.0, 8.0, 6.0, 6.0, 29.0, 47.0]
[25.0, 27.0, 47.0, 33.0, 24.0, 25.0, 45.0, 47.0, 34.0, 12.0, 9.0, 16.0, 48.0, 5.0, 32.0, 5.0, 38.0, 15.0, 33.0, 46.0]
[5.0, 5.0, 5.0, 5.0, 5.0, 5.0, 5.0, 5.0, 9.0, 9.0, 9.0, 9.0, 12.0, 12.0, 8.0, 12.0, 9.0, 9.0, 9.0, 9.0]
[5.0, 5.0, 5.0, 5.0, 5.0, 5.0, 5.0, 5.0, 9.0, 9.0, 9.0, 9.0, 8.0, 8.0, 12.0, 8.0, 9.0, 9.0, 9.0, 9.0]
T = 0.054975581388800036	 step = 720
100.42000000000002
22.132639382102273
[19.0, 4.0, 18.0, 39.0, 38.0, 11.0, 27.0, 37.0, 17.0, 35.0, 46.0, 18.0, 7.0, 22.0, 48.0, 8.0, 6.0, 6.0, 29.0, 47.0]
[25.0, 27.0, 47.0, 33.0, 24.0, 25.0, 45.0, 47.0, 34.0, 12.0, 9.0, 16.0, 48.0, 5.0, 32.0, 5.0, 38.0, 15.0, 33.0, 46.0]
[5.0, 5.0, 5.0, 5.0, 5.0, 5.0, 5.0, 5.0, 9.0, 9.0, 9.0, 9.0, 12.0, 12.0, 8.0, 12.0, 9.0, 9.0, 9.0, 9.0]
[5.0, 5.0, 5.0, 5.0, 5.0, 5.0, 5.0, 5.0, 9.0, 9.0, 9.0, 9.0, 8.0, 8.0, 12.0, 8.0, 9.0, 9.0, 9.0, 9.0]
T = 0.054975581388800036	 step = 721
100.41000000000003
22.146801313920456
[20.0, 4.0, 18.0, 39.0, 38.0, 11.0, 27.0, 37.0, 17.0, 35.0, 46.0, 18.0, 7.0, 22.0, 48.0, 8.0, 6.0, 6.0, 29.0, 47.0]
[25.0, 27.0, 47.0, 33.0, 24.0, 25.0, 45.0, 47.0, 34.0, 13.0, 9.0, 16.0, 48.0, 5.0, 32.0, 5.0, 38.0, 15.0, 33.0, 46.0]
[5.0, 5.0, 5.0, 5.0, 5.0, 5.0, 5.0, 5.0, 9.0, 9.0, 9.0, 9.0, 12.0, 12.0, 8.0, 12.0, 9.0, 9.0, 9.0, 9.0]
[5.0, 5.0, 5.0, 5.0, 5.0, 5.0, 5.0, 5.0, 9.0, 9.0, 9.0, 9.0, 8.0, 8.0, 12.0, 8.0, 9.0, 9.0, 9.0, 9.0]
T = 0.054975581388800036	 step = 722
100.41000000000003
22.25442560369318
[20.0, 4.0, 18.0, 39.0, 38.0, 11.0, 27.0, 37.0, 17.0, 35.0, 46.0, 18.0, 7.0, 22.0, 48.0, 8.0, 6.0, 6.0, 29.0, 47.0]
[25.0, 26.0, 47.0, 33.0, 24.0, 25.0, 45.0, 47.0, 34.0, 13.0, 9.0, 16.0, 48.0, 5.0, 32.0, 5.0, 38.0, 15.0, 33.0, 46.0]
[5.0, 5.0, 5.0, 5.0, 5.0, 5.0, 5.0, 5.0, 9.0, 9.0, 9.0, 9.0, 12.0, 12.0, 8.0, 12.0, 9.0, 9.0, 9.0, 9.0]
[5.0, 5.0, 5.0, 5.0, 5.0, 5.0, 5.0, 5.0, 9.0, 9.0, 9.0, 9.0, 8.0, 8.0, 12.0, 8.0, 9.0, 9.0, 9.0, 9.0]
T = 0.054975581388800036	 step = 723
100.40000000000003
22.31692560369318
[20.0, 4.0, 17.0, 39.0, 38.0, 11.0, 27.0, 37.0, 17.0, 35.0, 46.0, 18.0, 7.0, 22.0, 48.0, 8.0, 6.0, 6.0, 29.0, 47.0]
[25.0, 26.0, 47.0, 33.0, 24.0, 25.0, 45.0, 47.0, 34.0, 13.0, 9.0, 16.0, 48.0, 5.0, 32.0, 5.0, 38.0, 15.0, 33.0, 46.0]
[5.0, 5.0, 5.0, 5.0, 5.0, 5.0, 5.0, 5.0, 9.0, 9.0, 9.0, 9.0, 12.0, 12.0, 8.0, 12.0, 9.0, 9.0, 9.0, 9.0]
[5.0, 5.0, 5.0, 5.0, 5.0, 5.0, 5.0, 5.0, 9.0, 9.0, 9.0, 9.0, 8.0, 8.0, 12.0, 8.0, 9.0, 9.0, 9.0, 9.0]
T = 0.054975581388800036	 step = 724
100.43
22.32473810369318
[20.0, 4.0, 17.0, 39.0, 38.0, 11.0, 27.0, 37.0, 17.0, 35.0, 46.0, 18.0, 7.0, 22.0, 47.0, 8.0, 6.0, 6.0, 29.0, 47.0]
[25.0, 26.0, 47.0, 33.0, 24.0, 25.0, 45.0, 47.0, 34.0, 13.0, 9.0, 16.0, 48.0, 5.0, 32.0, 5.0, 38.0, 15.0, 33.0, 46.0]
[5.0, 5.0, 5.0, 5.0, 5.0, 5.0, 5.0, 5.0, 9.0, 9.0, 9.0, 9.0, 12.0, 12.0, 8.0, 12.0, 9.0, 9.0, 9.0, 9.0]
[5.0, 5.0, 5.0, 5.0, 5.0, 5.0, 5.0, 5.0, 9.0, 9.0, 9.0, 9.0, 8.0, 8.0, 12.0, 8.0, 9.0, 9.0, 9.0, 9.0]
T = 0.054975581388800036	 step = 725
100.46000000000004
22.26223810369318
[20.0, 4.0, 17.0, 39.0, 38.0, 11.0, 27.0, 37.0, 17.0, 35.0, 46.0, 18.0, 7.0, 22.0, 47.0, 8.0, 6.0, 6.0, 29.0, 47.0]
[25.0, 26.0, 47.0, 33.0, 24.0, 25.0, 45.0, 47.0, 34.0, 13.0, 9.0, 16.0, 48.0, 5.0, 32.0, 5.0, 37.0, 15.0, 33.0, 46.0]
[5.0, 5.0, 5.0, 5.0, 5.0, 5.0, 5.0, 5.0, 9.0, 9.0, 9.0, 9.0, 12.0, 12.0, 8.0, 12.0, 9.0, 9.0, 9.0, 9.0]
[5.0, 5.0, 5.0, 5.0, 5.0, 5.0, 5.0, 5.0, 9.0, 9.0, 9.0, 9.0, 8.0, 8.0, 12.0, 8.0, 9.0, 9.0, 9.0, 9.0]
T = 0.054975581388800036	 step = 726
100.41000000000003
22.32473810369318
[20.0, 4.0, 17.0, 39.0, 38.0, 11.0, 27.0, 37.0, 17.0, 35.0, 46.0, 18.0, 7.0, 22.0, 47.0, 8.0, 6.0, 6.0, 29.0, 47.0]
[25.0, 26.0, 47.0, 33.0, 24.0, 25.0, 45.0, 47.0, 34.0, 13.0, 9.0, 16.0, 48.0, 5.0, 32.0, 5.0, 37.0, 15.0, 34.0, 46.0]
[5.0, 5.0, 5.0, 5.0, 5.0, 5.0, 5.0, 5.0, 9.0, 9.0, 9.0, 9.0, 12.0, 12.0, 8.0, 12.0, 9.0, 9.0, 9.0, 9.0]
[5.0, 5.0, 5.0, 5.0, 5.0, 5.0, 5.0, 5.0, 9.0, 9.0, 9.0, 9.0, 8.0, 8.0, 12.0, 8.0, 9.0, 9.0, 9.0, 9.0]
T = 0.054975581388800036	 step = 727
100.40000000000003
22.217113813920456
[20.0, 4.0, 17.0, 39.0, 38.0, 11.0, 27.0, 37.0, 17.0, 35.0, 46.0, 18.0, 7.0, 22.0, 47.0, 8.0, 6.0, 6.0, 29.0, 47.0]
[25.0, 27.0, 47.0, 33.0, 24.0, 25.0, 45.0, 47.0, 34.0, 13.0, 9.0, 16.0, 48.0, 5.0, 32.0, 5.0, 37.0, 15.0, 34.0, 46.0]
[5.0, 5.0, 5.0, 5.0, 5.0, 5.0, 5.0, 5.0, 9.0, 9.0, 9.0, 9.0, 12.0, 12.0, 8.0, 12.0, 9.0, 9.0, 9.0, 9.0]
[5.0, 5.0, 5.0, 5.0, 5.0, 5.0, 5.0, 5.0, 9.0, 9.0, 9.0, 9.0, 8.0, 8.0, 12.0, 8.0, 9.0, 9.0, 9.0, 9.0]
T = 0.054975581388800036	 step = 728
100.43
22.217113813920456
[20.0, 4.0, 17.0, 39.0, 38.0, 11.0, 27.0, 36.0, 17.0, 35.0, 46.0, 18.0, 7.0, 22.0, 47.0, 8.0, 6.0, 6.0, 29.0, 47.0]
[25.0, 27.0, 47.0, 33.0, 24.0, 25.0, 45.0, 47.0, 34.0, 13.0, 9.0, 16.0, 48.0, 5.0, 32.0, 5.0, 37.0, 15.0, 34.0, 46.0]
[5.0, 5.0, 5.0, 5.0, 5.0, 5.0, 5.0, 5.0, 9.0, 9.0, 9.0, 9.0, 12.0, 12.0, 8.0, 12.0, 9.0, 9.0, 9.0, 9.0]
[5.0, 5.0, 5.0, 5.0, 5.0, 5.0, 5.0, 5.0, 9.0, 9.0, 9.0, 9.0, 8.0, 8.0, 12.0, 8.0, 9.0, 9.0, 9.0, 9.0]
T = 0.054975581388800036	 step = 729
100.47000000000003
22.092113813920456
[20.0, 4.0, 17.0, 39.0, 38.0, 11.0, 25.0, 36.0, 17.0, 35.0, 46.0, 18.0, 7.0, 22.0, 47.0, 8.0, 6.0, 6.0, 29.0, 47.0]
[25.0, 27.0, 47.0, 33.0, 24.0, 25.0, 45.0, 47.0, 34.0, 13.0, 9.0, 16.0, 48.0, 5.0, 32.0, 5.0, 37.0, 15.0, 34.0, 46.0]
[5.0, 5.0, 5.0, 5.0, 5.0, 5.0, 5.0, 5.0, 9.0, 9.0, 9.0, 9.0, 12.0, 12.0, 8.0, 12.0, 9.0, 9.0, 9.0, 9.0]
[5.0, 5.0, 5.0, 5.0, 5.0, 5.0, 5.0, 5.0, 9.0, 9.0, 9.0, 9.0, 8.0, 8.0, 12.0, 8.0, 9.0, 9.0, 9.0, 9.0]
T = 0.054975581388800036	 step = 730
100.42000000000002
22.217113813920456
[20.0, 4.0, 17.0, 39.0, 38.0, 11.0, 25.0, 36.0, 17.0, 35.0, 46.0, 18.0, 7.0, 22.0, 47.0, 8.0, 6.0, 6.0, 29.0, 47.0]
[25.0, 27.0, 47.0, 33.0, 24.0, 25.0, 45.0, 47.0, 34.0, 13.0, 8.0, 16.0, 48.0, 5.0, 32.0, 5.0, 37.0, 15.0, 34.0, 46.0]
[5.0, 5.0, 5.0, 5.0, 5.0, 5.0, 5.0, 5.0, 9.0, 9.0, 9.0, 9.0, 12.0, 12.0, 8.0, 12.0, 9.0, 9.0, 9.0, 9.0]
[5.0, 5.0, 5.0, 5.0, 5.0, 5.0, 5.0, 5.0, 9.0, 9.0, 9.0, 9.0, 8.0, 8.0, 12.0, 8.0, 9.0, 9.0, 9.0, 9.0]
T = 0.054975581388800036	 step = 731
100.43
22.154613813920456
[20.0, 4.0, 18.0, 39.0, 38.0, 11.0, 25.0, 36.0, 17.0, 35.0, 46.0, 18.0, 7.0, 22.0, 47.0, 8.0, 6.0, 6.0, 29.0, 47.0]
[25.0, 27.0, 47.0, 33.0, 24.0, 25.0, 45.0, 47.0, 34.0, 13.0, 8.0, 16.0, 48.0, 5.0, 32.0, 5.0, 37.0, 15.0, 34.0, 46.0]
[5.0, 5.0, 5.0, 5.0, 5.0, 5.0, 5.0, 5.0, 9.0, 9.0, 9.0, 9.0, 12.0, 12.0, 8.0, 12.0, 9.0, 9.0, 9.0, 9.0]
[5.0, 5.0, 5.0, 5.0, 5.0, 5.0, 5.0, 5.0, 9.0, 9.0, 9.0, 9.0, 8.0, 8.0, 12.0, 8.0, 9.0, 9.0, 9.0, 9.0]
T = 0.054975581388800036	 step = 732
100.61000000000001
22.029613813920456
[20.0, 4.0, 18.0, 39.0, 38.0, 12.0, 25.0, 36.0, 17.0, 35.0, 46.0, 18.0, 7.0, 22.0, 47.0, 8.0, 6.0, 6.0, 29.0, 47.0]
[25.0, 27.0, 47.0, 33.0, 24.0, 25.0, 45.0, 47.0, 34.0, 13.0, 8.0, 16.0, 48.0, 5.0, 32.0, 5.0, 37.0, 15.0, 34.0, 46.0]
[5.0, 5.0, 5.0, 5.0, 5.0, 5.0, 5.0, 5.0, 9.0, 9.0, 9.0, 9.0, 12.0, 12.0, 8.0, 12.0, 9.0, 9.0, 9.0, 9.0]
[5.0, 5.0, 5.0, 5.0, 5.0, 5.0, 5.0, 5.0, 9.0, 9.0, 9.0, 9.0, 8.0, 8.0, 12.0, 8.0, 9.0, 9.0, 9.0, 9.0]
T = 0.054975581388800036	 step = 733
100.60000000000002
22.092113813920456
[20.0, 4.0, 17.0, 39.0, 38.0, 12.0, 25.0, 36.0, 17.0, 35.0, 46.0, 18.0, 7.0, 22.0, 47.0, 8.0, 6.0, 6.0, 29.0, 47.0]
[25.0, 27.0, 47.0, 33.0, 24.0, 25.0, 45.0, 47.0, 34.0, 13.0, 8.0, 16.0, 48.0, 5.0, 32.0, 5.0, 37.0, 15.0, 34.0, 46.0]
[5.0, 5.0, 5.0, 5.0, 5.0, 5.0, 5.0, 5.0, 9.0, 9.0, 9.0, 9.0, 12.0, 12.0, 8.0, 12.0, 9.0, 9.0, 9.0, 9.0]
[5.0, 5.0, 5.0, 5.0, 5.0, 5.0, 5.0, 5.0, 9.0, 9.0, 9.0, 9.0, 8.0, 8.0, 12.0, 8.0, 9.0, 9.0, 9.0, 9.0]
T = 0.054975581388800036	 step = 734
100.61000000000001
22.19973810369318
[20.0, 4.0, 17.0, 39.0, 38.0, 12.0, 25.0, 36.0, 17.0, 35.0, 46.0, 18.0, 7.0, 22.0, 47.0, 8.0, 6.0, 6.0, 29.0, 47.0]
[25.0, 26.0, 47.0, 33.0, 24.0, 25.0, 45.0, 47.0, 34.0, 13.0, 8.0, 16.0, 48.0, 5.0, 32.0, 5.0, 37.0, 15.0, 34.0, 46.0]
[5.0, 5.0, 5.0, 5.0, 5.0, 5.0, 5.0, 5.0, 9.0, 9.0, 9.0, 9.0, 12.0, 12.0, 8.0, 12.0, 9.0, 9.0, 9.0, 9.0]
[5.0, 5.0, 5.0, 5.0, 5.0, 5.0, 5.0, 5.0, 9.0, 9.0, 9.0, 9.0, 8.0, 8.0, 12.0, 8.0, 9.0, 9.0, 9.0, 9.0]
T = 0.054975581388800036	 step = 735
100.14000000000004
22.19973810369318
[20.0, 4.0, 17.0, 39.0, 38.0, 12.0, 25.0, 36.0, 17.0, 35.0, 46.0, 18.0, 7.0, 22.0, 47.0, 8.0, 6.0, 6.0, 29.0, 47.0]
[25.0, 26.0, 47.0, 33.0, 24.0, 25.0, 45.0, 47.0, 34.0, 13.0, 8.0, 15.0, 48.0, 5.0, 32.0, 5.0, 37.0, 15.0, 34.0, 46.0]
[5.0, 5.0, 5.0, 5.0, 5.0, 5.0, 5.0, 5.0, 9.0, 9.0, 9.0, 9.0, 12.0, 12.0, 8.0, 12.0, 9.0, 9.0, 9.0, 9.0]
[5.0, 5.0, 5.0, 5.0, 5.0, 5.0, 5.0, 5.0, 9.0, 9.0, 9.0, 9.0, 8.0, 8.0, 12.0, 8.0, 9.0, 9.0, 9.0, 9.0]
T = 0.054975581388800036	 step = 736
100.61000000000001
22.19973810369318
[20.0, 4.0, 17.0, 39.0, 38.0, 12.0, 25.0, 36.0, 17.0, 35.0, 46.0, 18.0, 7.0, 22.0, 47.0, 8.0, 6.0, 6.0, 29.0, 47.0]
[25.0, 26.0, 47.0, 33.0, 24.0, 25.0, 45.0, 47.0, 34.0, 13.0, 8.0, 16.0, 48.0, 5.0, 32.0, 5.0, 37.0, 15.0, 34.0, 46.0]
[5.0, 5.0, 5.0, 5.0, 5.0, 5.0, 5.0, 5.0, 9.0, 9.0, 9.0, 9.0, 12.0, 12.0, 8.0, 12.0, 9.0, 9.0, 9.0, 9.0]
[5.0, 5.0, 5.0, 5.0, 5.0, 5.0, 5.0, 5.0, 9.0, 9.0, 9.0, 9.0, 8.0, 8.0, 12.0, 8.0, 9.0, 9.0, 9.0, 9.0]
T = 0.054975581388800036	 step = 737
100.20000000000005
22.279613813920456
[20.0, 4.0, 17.0, 39.0, 38.0, 12.0, 25.0, 36.0, 17.0, 35.0, 46.0, 18.0, 7.0, 22.0, 47.0, 8.0, 6.0, 6.0, 29.0, 47.0]
[24.0, 26.0, 47.0, 33.0, 24.0, 25.0, 45.0, 47.0, 34.0, 13.0, 8.0, 15.0, 48.0, 5.0, 32.0, 5.0, 37.0, 15.0, 34.0, 46.0]
[5.0, 5.0, 5.0, 5.0, 5.0, 5.0, 5.0, 5.0, 9.0, 9.0, 9.0, 9.0, 12.0, 12.0, 8.0, 12.0, 9.0, 9.0, 9.0, 9.0]
[5.0, 5.0, 5.0, 5.0, 5.0, 5.0, 5.0, 5.0, 9.0, 9.0, 9.0, 9.0, 8.0, 8.0, 12.0, 8.0, 9.0, 9.0, 9.0, 9.0]
T = 0.054975581388800036	 step = 738
100.19
22.252802734375
[20.0, 4.0, 17.0, 39.0, 38.0, 12.0, 25.0, 36.0, 17.0, 35.0, 46.0, 18.0, 7.0, 22.0, 47.0, 8.0, 6.0, 6.0, 29.0, 47.0]
[24.0, 26.0, 47.0, 33.0, 24.0, 25.0, 45.0, 47.0, 34.0, 13.0, 8.0, 15.0, 48.0, 5.0, 32.0, 5.0, 37.0, 15.0, 34.0, 47.0]
[5.0, 5.0, 5.0, 5.0, 5.0, 5.0, 5.0, 5.0, 9.0, 9.0, 9.0, 9.0, 12.0, 12.0, 8.0, 12.0, 9.0, 9.0, 9.0, 9.0]
[5.0, 5.0, 5.0, 5.0, 5.0, 5.0, 5.0, 5.0, 9.0, 9.0, 9.0, 9.0, 8.0, 8.0, 12.0, 8.0, 9.0, 9.0, 9.0, 9.0]
T = 0.054975581388800036	 step = 739
100.19
22.190302734375
[20.0, 4.0, 17.0, 39.0, 38.0, 12.0, 25.0, 36.0, 17.0, 35.0, 46.0, 18.0, 7.0, 23.0, 47.0, 8.0, 6.0, 6.0, 29.0, 47.0]
[24.0, 26.0, 47.0, 33.0, 24.0, 25.0, 45.0, 47.0, 34.0, 13.0, 8.0, 15.0, 48.0, 5.0, 32.0, 5.0, 37.0, 15.0, 34.0, 47.0]
[5.0, 5.0, 5.0, 5.0, 5.0, 5.0, 5.0, 5.0, 9.0, 9.0, 9.0, 9.0, 12.0, 12.0, 8.0, 12.0, 9.0, 9.0, 9.0, 9.0]
[5.0, 5.0, 5.0, 5.0, 5.0, 5.0, 5.0, 5.0, 9.0, 9.0, 9.0, 9.0, 8.0, 8.0, 12.0, 8.0, 9.0, 9.0, 9.0, 9.0]
T = 0.054975581388800036	 step = 740
100.15000000000003
22.315302734375
[20.0, 4.0, 17.0, 39.0, 38.0, 12.0, 25.0, 36.0, 17.0, 35.0, 46.0, 18.0, 7.0, 23.0, 47.0, 8.0, 6.0, 6.0, 29.0, 47.0]
[24.0, 26.0, 48.0, 33.0, 24.0, 25.0, 45.0, 47.0, 34.0, 13.0, 8.0, 15.0, 48.0, 5.0, 32.0, 5.0, 37.0, 15.0, 34.0, 47.0]
[5.0, 5.0, 5.0, 5.0, 5.0, 5.0, 5.0, 5.0, 9.0, 9.0, 9.0, 9.0, 12.0, 12.0, 8.0, 12.0, 9.0, 9.0, 9.0, 9.0]
[5.0, 5.0, 5.0, 5.0, 5.0, 5.0, 5.0, 5.0, 9.0, 9.0, 9.0, 9.0, 8.0, 8.0, 12.0, 8.0, 9.0, 9.0, 9.0, 9.0]
T = 0.054975581388800036	 step = 741
100.12
22.404613813920452
[20.0, 4.0, 17.0, 39.0, 38.0, 12.0, 25.0, 36.0, 17.0, 35.0, 46.0, 18.0, 7.0, 23.0, 47.0, 8.0, 6.0, 6.0, 29.0, 47.0]
[24.0, 26.0, 48.0, 33.0, 24.0, 25.0, 45.0, 48.0, 34.0, 13.0, 8.0, 15.0, 48.0, 5.0, 32.0, 5.0, 37.0, 15.0, 34.0, 47.0]
[5.0, 5.0, 5.0, 5.0, 5.0, 5.0, 5.0, 5.0, 9.0, 9.0, 9.0, 9.0, 12.0, 12.0, 8.0, 12.0, 9.0, 9.0, 9.0, 9.0]
[5.0, 5.0, 5.0, 5.0, 5.0, 5.0, 5.0, 5.0, 9.0, 9.0, 9.0, 9.0, 8.0, 8.0, 12.0, 8.0, 9.0, 9.0, 9.0, 9.0]
T = 0.054975581388800036	 step = 742
100.17000000000002
22.279613813920456
[20.0, 4.0, 17.0, 39.0, 38.0, 12.0, 25.0, 36.0, 17.0, 35.0, 46.0, 18.0, 7.0, 23.0, 47.0, 8.0, 6.0, 6.0, 29.0, 47.0]
[24.0, 26.0, 48.0, 33.0, 24.0, 25.0, 45.0, 48.0, 34.0, 13.0, 9.0, 15.0, 48.0, 5.0, 32.0, 5.0, 37.0, 15.0, 34.0, 47.0]
[5.0, 5.0, 5.0, 5.0, 5.0, 5.0, 5.0, 5.0, 9.0, 9.0, 9.0, 9.0, 12.0, 12.0, 8.0, 12.0, 9.0, 9.0, 9.0, 9.0]
[5.0, 5.0, 5.0, 5.0, 5.0, 5.0, 5.0, 5.0, 9.0, 9.0, 9.0, 9.0, 8.0, 8.0, 12.0, 8.0, 9.0, 9.0, 9.0, 9.0]
T = 0.054975581388800036	 step = 743
100.18
22.217113813920452
[20.0, 4.0, 17.0, 39.0, 38.0, 12.0, 25.0, 36.0, 17.0, 35.0, 46.0, 18.0, 7.0, 23.0, 47.0, 8.0, 6.0, 6.0, 29.0, 46.0]
[24.0, 26.0, 48.0, 33.0, 24.0, 25.0, 45.0, 48.0, 34.0, 13.0, 9.0, 15.0, 48.0, 5.0, 32.0, 5.0, 37.0, 15.0, 34.0, 47.0]
[5.0, 5.0, 5.0, 5.0, 5.0, 5.0, 5.0, 5.0, 9.0, 9.0, 9.0, 9.0, 12.0, 12.0, 8.0, 12.0, 9.0, 9.0, 9.0, 9.0]
[5.0, 5.0, 5.0, 5.0, 5.0, 5.0, 5.0, 5.0, 9.0, 9.0, 9.0, 9.0, 8.0, 8.0, 12.0, 8.0, 9.0, 9.0, 9.0, 9.0]
T = 0.043980465111040035	 step = 744
100.21000000000004
22.154613813920456
[20.0, 4.0, 17.0, 39.0, 38.0, 12.0, 25.0, 36.0, 17.0, 35.0, 46.0, 18.0, 7.0, 23.0, 47.0, 9.0, 6.0, 6.0, 29.0, 46.0]
[24.0, 26.0, 48.0, 33.0, 24.0, 25.0, 45.0, 48.0, 34.0, 13.0, 9.0, 15.0, 48.0, 5.0, 32.0, 5.0, 37.0, 15.0, 34.0, 47.0]
[5.0, 5.0, 5.0, 5.0, 5.0, 5.0, 5.0, 5.0, 9.0, 9.0, 9.0, 9.0, 12.0, 12.0, 8.0, 12.0, 9.0, 9.0, 9.0, 9.0]
[5.0, 5.0, 5.0, 5.0, 5.0, 5.0, 5.0, 5.0, 9.0, 9.0, 9.0, 9.0, 8.0, 8.0, 12.0, 8.0, 9.0, 9.0, 9.0, 9.0]
T = 0.043980465111040035	 step = 745
100.28000000000003
22.092113813920456
[20.0, 4.0, 17.0, 39.0, 38.0, 12.0, 25.0, 36.0, 17.0, 35.0, 46.0, 18.0, 7.0, 23.0, 47.0, 9.0, 6.0, 6.0, 29.0, 46.0]
[24.0, 26.0, 48.0, 33.0, 24.0, 25.0, 44.0, 48.0, 34.0, 13.0, 9.0, 15.0, 48.0, 5.0, 32.0, 5.0, 37.0, 15.0, 34.0, 47.0]
[5.0, 5.0, 5.0, 5.0, 5.0, 5.0, 5.0, 5.0, 9.0, 9.0, 9.0, 9.0, 12.0, 12.0, 8.0, 12.0, 9.0, 9.0, 9.0, 9.0]
[5.0, 5.0, 5.0, 5.0, 5.0, 5.0, 5.0, 5.0, 9.0, 9.0, 9.0, 9.0, 8.0, 8.0, 12.0, 8.0, 9.0, 9.0, 9.0, 9.0]
T = 0.043980465111040035	 step = 746
100.30000000000001
22.199915660511362
[20.0, 4.0, 17.0, 39.0, 38.0, 12.0, 25.0, 36.0, 17.0, 35.0, 46.0, 18.0, 7.0, 23.0, 47.0, 9.0, 6.0, 6.0, 29.0, 46.0]
[24.0, 25.0, 48.0, 33.0, 24.0, 25.0, 44.0, 48.0, 34.0, 13.0, 9.0, 15.0, 48.0, 5.0, 32.0, 5.0, 37.0, 15.0, 34.0, 47.0]
[5.0, 5.0, 5.0, 5.0, 5.0, 5.0, 5.0, 5.0, 9.0, 9.0, 9.0, 9.0, 12.0, 12.0, 8.0, 12.0, 9.0, 9.0, 9.0, 9.0]
[5.0, 5.0, 5.0, 5.0, 5.0, 5.0, 5.0, 5.0, 9.0, 9.0, 9.0, 9.0, 8.0, 8.0, 12.0, 8.0, 9.0, 9.0, 9.0, 9.0]
T = 0.043980465111040035	 step = 747
100.22000000000003
22.262238103693182
[20.0, 4.0, 17.0, 39.0, 38.0, 12.0, 25.0, 36.0, 17.0, 35.0, 46.0, 18.0, 7.0, 23.0, 47.0, 9.0, 6.0, 6.0, 29.0, 46.0]
[24.0, 25.0, 48.0, 33.0, 24.0, 25.0, 45.0, 48.0, 34.0, 13.0, 9.0, 15.0, 48.0, 5.0, 32.0, 5.0, 37.0, 15.0, 34.0, 47.0]
[5.0, 5.0, 5.0, 5.0, 5.0, 5.0, 5.0, 5.0, 9.0, 9.0, 9.0, 9.0, 12.0, 12.0, 8.0, 12.0, 9.0, 9.0, 9.0, 9.0]
[5.0, 5.0, 5.0, 5.0, 5.0, 5.0, 5.0, 5.0, 9.0, 9.0, 9.0, 9.0, 8.0, 8.0, 12.0, 8.0, 9.0, 9.0, 9.0, 9.0]
T = 0.043980465111040035	 step = 748
100.25
22.199738103693182
[20.0, 4.0, 17.0, 39.0, 38.0, 12.0, 25.0, 36.0, 17.0, 35.0, 46.0, 18.0, 7.0, 23.0, 47.0, 9.0, 6.0, 6.0, 29.0, 46.0]
[24.0, 25.0, 48.0, 33.0, 24.0, 25.0, 45.0, 48.0, 34.0, 13.0, 9.0, 15.0, 47.0, 5.0, 32.0, 5.0, 37.0, 15.0, 34.0, 47.0]
[5.0, 5.0, 5.0, 5.0, 5.0, 5.0, 5.0, 5.0, 9.0, 9.0, 9.0, 9.0, 12.0, 12.0, 8.0, 12.0, 9.0, 9.0, 9.0, 9.0]
[5.0, 5.0, 5.0, 5.0, 5.0, 5.0, 5.0, 5.0, 9.0, 9.0, 9.0, 9.0, 8.0, 8.0, 12.0, 8.0, 9.0, 9.0, 9.0, 9.0]
T = 0.043980465111040035	 step = 749
100.23000000000002
22.26223810369318
[20.0, 4.0, 17.0, 39.0, 38.0, 12.0, 25.0, 36.0, 17.0, 35.0, 46.0, 18.0, 7.0, 23.0, 47.0, 9.0, 6.0, 6.0, 29.0, 46.0]
[24.0, 25.0, 48.0, 33.0, 25.0, 25.0, 45.0, 48.0, 34.0, 13.0, 9.0, 15.0, 47.0, 5.0, 32.0, 5.0, 37.0, 15.0, 34.0, 47.0]
[5.0, 5.0, 5.0, 5.0, 5.0, 5.0, 5.0, 5.0, 9.0, 9.0, 9.0, 9.0, 12.0, 12.0, 8.0, 12.0, 9.0, 9.0, 9.0, 9.0]
[5.0, 5.0, 5.0, 5.0, 5.0, 5.0, 5.0, 5.0, 9.0, 9.0, 9.0, 9.0, 8.0, 8.0, 12.0, 8.0, 9.0, 9.0, 9.0, 9.0]
T = 0.043980465111040035	 step = 750
100.33000000000004
22.170518022017042
[20.0, 5.0, 17.0, 39.0, 38.0, 12.0, 25.0, 36.0, 17.0, 35.0, 46.0, 18.0, 7.0, 23.0, 47.0, 9.0, 6.0, 6.0, 29.0, 46.0]
[24.0, 25.0, 48.0, 33.0, 25.0, 25.0, 45.0, 48.0, 34.0, 13.0, 9.0, 15.0, 47.0, 5.0, 32.0, 5.0, 37.0, 15.0, 34.0, 47.0]
[5.0, 5.0, 5.0, 5.0, 5.0, 5.0, 5.0, 5.0, 9.0, 9.0, 9.0, 9.0, 12.0, 12.0, 8.0, 12.0, 9.0, 9.0, 9.0, 9.0]
[5.0, 5.0, 5.0, 5.0, 5.0, 5.0, 5.0, 5.0, 9.0, 9.0, 9.0, 9.0, 8.0, 8.0, 12.0, 8.0, 9.0, 9.0, 9.0, 9.0]
T = 0.043980465111040035	 step = 751
100.27000000000004
22.233018022017042
[20.0, 5.0, 17.0, 39.0, 38.0, 12.0, 25.0, 36.0, 17.0, 35.0, 46.0, 18.0, 7.0, 23.0, 47.0, 9.0, 6.0, 6.0, 29.0, 46.0]
[24.0, 25.0, 48.0, 33.0, 25.0, 25.0, 46.0, 48.0, 34.0, 13.0, 9.0, 15.0, 47.0, 5.0, 32.0, 5.0, 37.0, 15.0, 34.0, 47.0]
[5.0, 5.0, 5.0, 5.0, 5.0, 5.0, 5.0, 5.0, 9.0, 9.0, 9.0, 9.0, 12.0, 12.0, 8.0, 12.0, 9.0, 9.0, 9.0, 9.0]
[5.0, 5.0, 5.0, 5.0, 5.0, 5.0, 5.0, 5.0, 9.0, 9.0, 9.0, 9.0, 8.0, 8.0, 12.0, 8.0, 9.0, 9.0, 9.0, 9.0]
T = 0.043980465111040035	 step = 752
100.13
19.831066672585226
[20.0, 5.0, 48.0, 39.0, 38.0, 12.0, 25.0, 36.0, 17.0, 35.0, 46.0, 18.0, 7.0, 23.0, 47.0, 9.0, 6.0, 6.0, 29.0, 46.0]
[24.0, 25.0, 21.0, 33.0, 25.0, 25.0, 46.0, 48.0, 34.0, 13.0, 9.0, 15.0, 47.0, 5.0, 32.0, 5.0, 37.0, 15.0, 34.0, 47.0]
[5.0, 5.0, 5.0, 5.0, 5.0, 5.0, 5.0, 5.0, 9.0, 9.0, 9.0, 9.0, 12.0, 12.0, 8.0, 12.0, 9.0, 9.0, 9.0, 9.0]
[5.0, 5.0, 5.0, 5.0, 5.0, 5.0, 5.0, 5.0, 9.0, 9.0, 9.0, 9.0, 8.0, 8.0, 12.0, 8.0, 9.0, 9.0, 9.0, 9.0]
T = 0.043980465111040035	 step = 753
100.10000000000002
19.893566672585226
[20.0, 5.0, 48.0, 39.0, 38.0, 12.0, 25.0, 36.0, 17.0, 35.0, 46.0, 18.0, 7.0, 23.0, 47.0, 8.0, 6.0, 6.0, 29.0, 46.0]
[24.0, 25.0, 21.0, 33.0, 25.0, 25.0, 46.0, 48.0, 34.0, 13.0, 9.0, 15.0, 47.0, 5.0, 32.0, 5.0, 37.0, 15.0, 34.0, 47.0]
[5.0, 5.0, 5.0, 5.0, 5.0, 5.0, 5.0, 5.0, 9.0, 9.0, 9.0, 9.0, 12.0, 12.0, 8.0, 12.0, 9.0, 9.0, 9.0, 9.0]
[5.0, 5.0, 5.0, 5.0, 5.0, 5.0, 5.0, 5.0, 9.0, 9.0, 9.0, 9.0, 8.0, 8.0, 12.0, 8.0, 9.0, 9.0, 9.0, 9.0]
T = 0.043980465111040035	 step = 754
100.11000000000001
19.831066672585226
[20.0, 5.0, 48.0, 39.0, 38.0, 12.0, 25.0, 36.0, 17.0, 35.0, 46.0, 18.0, 7.0, 23.0, 47.0, 8.0, 6.0, 6.0, 29.0, 46.0]
[24.0, 25.0, 21.0, 33.0, 25.0, 25.0, 46.0, 48.0, 34.0, 13.0, 9.0, 15.0, 47.0, 5.0, 31.0, 5.0, 37.0, 15.0, 34.0, 47.0]
[5.0, 5.0, 5.0, 5.0, 5.0, 5.0, 5.0, 5.0, 9.0, 9.0, 9.0, 9.0, 12.0, 12.0, 8.0, 12.0, 9.0, 9.0, 9.0, 9.0]
[5.0, 5.0, 5.0, 5.0, 5.0, 5.0, 5.0, 5.0, 9.0, 9.0, 9.0, 9.0, 8.0, 8.0, 12.0, 8.0, 9.0, 9.0, 9.0, 9.0]
T = 0.043980465111040035	 step = 755
100.15000000000003
19.768566672585226
[20.0, 5.0, 48.0, 39.0, 38.0, 12.0, 25.0, 36.0, 17.0, 35.0, 46.0, 18.0, 7.0, 23.0, 47.0, 8.0, 6.0, 6.0, 28.0, 46.0]
[24.0, 25.0, 21.0, 33.0, 25.0, 25.0, 46.0, 48.0, 34.0, 13.0, 9.0, 15.0, 47.0, 5.0, 31.0, 5.0, 37.0, 15.0, 34.0, 47.0]
[5.0, 5.0, 5.0, 5.0, 5.0, 5.0, 5.0, 5.0, 9.0, 9.0, 9.0, 9.0, 12.0, 12.0, 8.0, 12.0, 9.0, 9.0, 9.0, 9.0]
[5.0, 5.0, 5.0, 5.0, 5.0, 5.0, 5.0, 5.0, 9.0, 9.0, 9.0, 9.0, 8.0, 8.0, 12.0, 8.0, 9.0, 9.0, 9.0, 9.0]
T = 0.043980465111040035	 step = 756
100.17000000000002
19.679255593039773
[20.0, 5.0, 48.0, 39.0, 38.0, 12.0, 25.0, 36.0, 17.0, 35.0, 46.0, 18.0, 7.0, 23.0, 47.0, 8.0, 6.0, 6.0, 28.0, 46.0]
[24.0, 25.0, 21.0, 33.0, 25.0, 25.0, 46.0, 47.0, 34.0, 13.0, 9.0, 15.0, 47.0, 5.0, 31.0, 5.0, 37.0, 15.0, 34.0, 47.0]
[5.0, 5.0, 5.0, 5.0, 5.0, 5.0, 5.0, 5.0, 9.0, 9.0, 9.0, 9.0, 12.0, 12.0, 8.0, 12.0, 9.0, 9.0, 9.0, 9.0]
[5.0, 5.0, 5.0, 5.0, 5.0, 5.0, 5.0, 5.0, 9.0, 9.0, 9.0, 9.0, 8.0, 8.0, 12.0, 8.0, 9.0, 9.0, 9.0, 9.0]
T = 0.043980465111040035	 step = 757
100.22000000000003
19.804255593039773
[20.0, 5.0, 48.0, 39.0, 38.0, 12.0, 25.0, 36.0, 17.0, 35.0, 46.0, 18.0, 7.0, 23.0, 47.0, 8.0, 6.0, 6.0, 28.0, 46.0]
[24.0, 25.0, 21.0, 33.0, 25.0, 24.0, 46.0, 47.0, 34.0, 13.0, 9.0, 15.0, 47.0, 5.0, 31.0, 5.0, 37.0, 15.0, 34.0, 47.0]
[5.0, 5.0, 5.0, 5.0, 5.0, 5.0, 5.0, 5.0, 9.0, 9.0, 9.0, 9.0, 12.0, 12.0, 8.0, 12.0, 9.0, 9.0, 9.0, 9.0]
[5.0, 5.0, 5.0, 5.0, 5.0, 5.0, 5.0, 5.0, 9.0, 9.0, 9.0, 9.0, 8.0, 8.0, 12.0, 8.0, 9.0, 9.0, 9.0, 9.0]
T = 0.043980465111040035	 step = 758
100.28000000000003
19.741755593039773
[20.0, 5.0, 48.0, 39.0, 38.0, 12.0, 25.0, 36.0, 17.0, 35.0, 46.0, 18.0, 7.0, 23.0, 47.0, 8.0, 6.0, 6.0, 28.0, 46.0]
[24.0, 25.0, 21.0, 33.0, 25.0, 24.0, 45.0, 47.0, 34.0, 13.0, 9.0, 15.0, 47.0, 5.0, 31.0, 5.0, 37.0, 15.0, 34.0, 47.0]
[5.0, 5.0, 5.0, 5.0, 5.0, 5.0, 5.0, 5.0, 9.0, 9.0, 9.0, 9.0, 12.0, 12.0, 8.0, 12.0, 9.0, 9.0, 9.0, 9.0]
[5.0, 5.0, 5.0, 5.0, 5.0, 5.0, 5.0, 5.0, 9.0, 9.0, 9.0, 9.0, 8.0, 8.0, 12.0, 8.0, 9.0, 9.0, 9.0, 9.0]
T = 0.043980465111040035	 step = 759
100.27000000000004
19.804255593039773
[20.0, 5.0, 48.0, 39.0, 38.0, 12.0, 25.0, 36.0, 17.0, 35.0, 46.0, 18.0, 7.0, 23.0, 47.0, 8.0, 6.0, 6.0, 28.0, 47.0]
[24.0, 25.0, 21.0, 33.0, 25.0, 24.0, 45.0, 47.0, 34.0, 13.0, 9.0, 15.0, 47.0, 5.0, 31.0, 5.0, 37.0, 15.0, 34.0, 47.0]
[5.0, 5.0, 5.0, 5.0, 5.0, 5.0, 5.0, 5.0, 9.0, 9.0, 9.0, 9.0, 12.0, 12.0, 8.0, 12.0, 9.0, 9.0, 9.0, 9.0]
[5.0, 5.0, 5.0, 5.0, 5.0, 5.0, 5.0, 5.0, 9.0, 9.0, 9.0, 9.0, 8.0, 8.0, 12.0, 8.0, 9.0, 9.0, 9.0, 9.0]
T = 0.043980465111040035	 step = 760
99.90000000000003
20.313275035511364
[20.0, 17.0, 48.0, 39.0, 38.0, 12.0, 25.0, 36.0, 17.0, 35.0, 46.0, 18.0, 7.0, 23.0, 47.0, 8.0, 6.0, 6.0, 28.0, 47.0]
[24.0, 43.0, 21.0, 33.0, 25.0, 24.0, 45.0, 47.0, 34.0, 13.0, 9.0, 15.0, 47.0, 5.0, 31.0, 5.0, 37.0, 15.0, 34.0, 47.0]
[5.0, 5.0, 5.0, 5.0, 5.0, 5.0, 5.0, 5.0, 9.0, 9.0, 9.0, 9.0, 12.0, 12.0, 8.0, 12.0, 9.0, 9.0, 9.0, 9.0]
[5.0, 5.0, 5.0, 5.0, 5.0, 5.0, 5.0, 5.0, 9.0, 9.0, 9.0, 9.0, 8.0, 8.0, 12.0, 8.0, 9.0, 9.0, 9.0, 9.0]
T = 0.043980465111040035	 step = 761
99.90000000000003
20.375775035511364
[20.0, 17.0, 48.0, 39.0, 38.0, 12.0, 25.0, 36.0, 17.0, 35.0, 46.0, 18.0, 7.0, 22.0, 47.0, 8.0, 6.0, 6.0, 28.0, 47.0]
[24.0, 43.0, 21.0, 33.0, 25.0, 24.0, 45.0, 47.0, 34.0, 13.0, 9.0, 15.0, 47.0, 5.0, 31.0, 5.0, 37.0, 15.0, 34.0, 47.0]
[5.0, 5.0, 5.0, 5.0, 5.0, 5.0, 5.0, 5.0, 9.0, 9.0, 9.0, 9.0, 12.0, 12.0, 8.0, 12.0, 9.0, 9.0, 9.0, 9.0]
[5.0, 5.0, 5.0, 5.0, 5.0, 5.0, 5.0, 5.0, 9.0, 9.0, 9.0, 9.0, 8.0, 8.0, 12.0, 8.0, 9.0, 9.0, 9.0, 9.0]
T = 0.043980465111040035	 step = 762
99.92000000000002
20.313275035511364
[20.0, 17.0, 48.0, 39.0, 38.0, 12.0, 24.0, 36.0, 17.0, 35.0, 46.0, 18.0, 7.0, 22.0, 47.0, 8.0, 6.0, 6.0, 28.0, 47.0]
[24.0, 43.0, 21.0, 33.0, 25.0, 24.0, 45.0, 47.0, 34.0, 13.0, 9.0, 15.0, 47.0, 5.0, 31.0, 5.0, 37.0, 15.0, 34.0, 47.0]
[5.0, 5.0, 5.0, 5.0, 5.0, 5.0, 5.0, 5.0, 9.0, 9.0, 9.0, 9.0, 12.0, 12.0, 8.0, 12.0, 9.0, 9.0, 9.0, 9.0]
[5.0, 5.0, 5.0, 5.0, 5.0, 5.0, 5.0, 5.0, 9.0, 9.0, 9.0, 9.0, 8.0, 8.0, 12.0, 8.0, 9.0, 9.0, 9.0, 9.0]
T = 0.043980465111040035	 step = 763
99.74000000000001
20.438275035511364
[20.0, 17.0, 48.0, 39.0, 38.0, 11.0, 24.0, 36.0, 17.0, 35.0, 46.0, 18.0, 7.0, 22.0, 47.0, 8.0, 6.0, 6.0, 28.0, 47.0]
[24.0, 43.0, 21.0, 33.0, 25.0, 24.0, 45.0, 47.0, 34.0, 13.0, 9.0, 15.0, 47.0, 5.0, 31.0, 5.0, 37.0, 15.0, 34.0, 47.0]
[5.0, 5.0, 5.0, 5.0, 5.0, 5.0, 5.0, 5.0, 9.0, 9.0, 9.0, 9.0, 12.0, 12.0, 8.0, 12.0, 9.0, 9.0, 9.0, 9.0]
[5.0, 5.0, 5.0, 5.0, 5.0, 5.0, 5.0, 5.0, 9.0, 9.0, 9.0, 9.0, 8.0, 8.0, 12.0, 8.0, 9.0, 9.0, 9.0, 9.0]
T = 0.043980465111040035	 step = 764
99.75
20.439617365056815
[20.0, 17.0, 48.0, 39.0, 38.0, 11.0, 24.0, 36.0, 17.0, 35.0, 46.0, 18.0, 7.0, 22.0, 47.0, 8.0, 6.0, 6.0, 28.0, 47.0]
[24.0, 43.0, 20.0, 33.0, 25.0, 24.0, 45.0, 47.0, 34.0, 13.0, 9.0, 15.0, 47.0, 5.0, 31.0, 5.0, 37.0, 15.0, 34.0, 47.0]
[5.0, 5.0, 5.0, 5.0, 5.0, 5.0, 5.0, 5.0, 9.0, 9.0, 9.0, 9.0, 12.0, 12.0, 8.0, 12.0, 9.0, 9.0, 9.0, 9.0]
[5.0, 5.0, 5.0, 5.0, 5.0, 5.0, 5.0, 5.0, 9.0, 9.0, 9.0, 9.0, 8.0, 8.0, 12.0, 8.0, 9.0, 9.0, 9.0, 9.0]
T = 0.043980465111040035	 step = 765
99.69
20.502117365056815
[20.0, 17.0, 48.0, 39.0, 38.0, 11.0, 24.0, 36.0, 17.0, 35.0, 46.0, 18.0, 7.0, 22.0, 47.0, 8.0, 6.0, 6.0, 28.0, 47.0]
[24.0, 43.0, 20.0, 33.0, 25.0, 24.0, 45.0, 47.0, 34.0, 13.0, 9.0, 15.0, 47.0, 5.0, 31.0, 5.0, 37.0, 15.0, 35.0, 47.0]
[5.0, 5.0, 5.0, 5.0, 5.0, 5.0, 5.0, 5.0, 9.0, 9.0, 9.0, 9.0, 12.0, 12.0, 8.0, 12.0, 9.0, 9.0, 9.0, 9.0]
[5.0, 5.0, 5.0, 5.0, 5.0, 5.0, 5.0, 5.0, 9.0, 9.0, 9.0, 9.0, 8.0, 8.0, 12.0, 8.0, 9.0, 9.0, 9.0, 9.0]
T = 0.043980465111040035	 step = 766
99.66000000000003
20.564617365056815
[20.0, 17.0, 48.0, 39.0, 38.0, 11.0, 24.0, 36.0, 17.0, 35.0, 46.0, 18.0, 7.0, 22.0, 47.0, 8.0, 6.0, 6.0, 28.0, 47.0]
[24.0, 43.0, 20.0, 33.0, 25.0, 24.0, 45.0, 47.0, 34.0, 13.0, 9.0, 15.0, 48.0, 5.0, 31.0, 5.0, 37.0, 15.0, 35.0, 47.0]
[5.0, 5.0, 5.0, 5.0, 5.0, 5.0, 5.0, 5.0, 9.0, 9.0, 9.0, 9.0, 12.0, 12.0, 8.0, 12.0, 9.0, 9.0, 9.0, 9.0]
[5.0, 5.0, 5.0, 5.0, 5.0, 5.0, 5.0, 5.0, 9.0, 9.0, 9.0, 9.0, 8.0, 8.0, 12.0, 8.0, 9.0, 9.0, 9.0, 9.0]
T = 0.043980465111040035	 step = 767
101.13
19.807944779829544
[20.0, 17.0, 30.0, 39.0, 38.0, 11.0, 24.0, 36.0, 17.0, 35.0, 46.0, 18.0, 7.0, 22.0, 47.0, 8.0, 6.0, 6.0, 28.0, 47.0]
[24.0, 43.0, 26.0, 33.0, 25.0, 24.0, 45.0, 47.0, 34.0, 13.0, 9.0, 15.0, 48.0, 5.0, 31.0, 5.0, 37.0, 15.0, 35.0, 47.0]
[5.0, 5.0, 5.0, 5.0, 5.0, 5.0, 5.0, 5.0, 9.0, 9.0, 9.0, 9.0, 12.0, 12.0, 8.0, 12.0, 9.0, 9.0, 9.0, 9.0]
[5.0, 5.0, 5.0, 5.0, 5.0, 5.0, 5.0, 5.0, 9.0, 9.0, 9.0, 9.0, 8.0, 8.0, 12.0, 8.0, 9.0, 9.0, 9.0, 9.0]
T = 0.043980465111040035	 step = 768
99.66000000000003
20.627117365056815
[20.0, 17.0, 48.0, 39.0, 38.0, 11.0, 24.0, 36.0, 17.0, 35.0, 46.0, 18.0, 7.0, 21.0, 47.0, 8.0, 6.0, 6.0, 28.0, 47.0]
[24.0, 43.0, 20.0, 33.0, 25.0, 24.0, 45.0, 47.0, 34.0, 13.0, 9.0, 15.0, 48.0, 5.0, 31.0, 5.0, 37.0, 15.0, 35.0, 47.0]
[5.0, 5.0, 5.0, 5.0, 5.0, 5.0, 5.0, 5.0, 9.0, 9.0, 9.0, 9.0, 12.0, 12.0, 8.0, 12.0, 9.0, 9.0, 9.0, 9.0]
[5.0, 5.0, 5.0, 5.0, 5.0, 5.0, 5.0, 5.0, 9.0, 9.0, 9.0, 9.0, 8.0, 8.0, 12.0, 8.0, 9.0, 9.0, 9.0, 9.0]
T = 0.043980465111040035	 step = 769
99.76000000000005
20.627117365056815
[20.0, 17.0, 48.0, 39.0, 38.0, 11.0, 24.0, 36.0, 17.0, 35.0, 46.0, 19.0, 7.0, 21.0, 47.0, 8.0, 6.0, 6.0, 28.0, 47.0]
[24.0, 43.0, 20.0, 33.0, 25.0, 24.0, 45.0, 47.0, 34.0, 13.0, 9.0, 15.0, 48.0, 5.0, 31.0, 5.0, 37.0, 15.0, 35.0, 47.0]
[5.0, 5.0, 5.0, 5.0, 5.0, 5.0, 5.0, 5.0, 9.0, 9.0, 9.0, 9.0, 12.0, 12.0, 8.0, 12.0, 9.0, 9.0, 9.0, 9.0]
[5.0, 5.0, 5.0, 5.0, 5.0, 5.0, 5.0, 5.0, 9.0, 9.0, 9.0, 9.0, 8.0, 8.0, 12.0, 8.0, 9.0, 9.0, 9.0, 9.0]
T = 0.043980465111040035	 step = 770
99.85000000000002
20.627117365056815
[20.0, 17.0, 48.0, 39.0, 38.0, 11.0, 24.0, 36.0, 17.0, 34.0, 46.0, 18.0, 7.0, 21.0, 47.0, 8.0, 6.0, 6.0, 28.0, 47.0]
[24.0, 43.0, 20.0, 33.0, 25.0, 24.0, 45.0, 47.0, 34.0, 13.0, 9.0, 15.0, 48.0, 5.0, 31.0, 5.0, 37.0, 15.0, 35.0, 47.0]
[5.0, 5.0, 5.0, 5.0, 5.0, 5.0, 5.0, 5.0, 9.0, 9.0, 9.0, 9.0, 12.0, 12.0, 8.0, 12.0, 9.0, 9.0, 9.0, 9.0]
[5.0, 5.0, 5.0, 5.0, 5.0, 5.0, 5.0, 5.0, 9.0, 9.0, 9.0, 9.0, 8.0, 8.0, 12.0, 8.0, 9.0, 9.0, 9.0, 9.0]
T = 0.043980465111040035	 step = 771
100.28000000000003
20.627117365056815
[20.0, 17.0, 48.0, 39.0, 38.0, 11.0, 24.0, 36.0, 17.0, 34.0, 46.0, 18.0, 7.0, 21.0, 47.0, 8.0, 6.0, 6.0, 28.0, 47.0]
[24.0, 43.0, 20.0, 33.0, 25.0, 24.0, 45.0, 47.0, 33.0, 13.0, 9.0, 15.0, 48.0, 5.0, 31.0, 5.0, 37.0, 15.0, 35.0, 47.0]
[5.0, 5.0, 5.0, 5.0, 5.0, 5.0, 5.0, 5.0, 9.0, 9.0, 9.0, 9.0, 12.0, 12.0, 8.0, 12.0, 9.0, 9.0, 9.0, 9.0]
[5.0, 5.0, 5.0, 5.0, 5.0, 5.0, 5.0, 5.0, 9.0, 9.0, 9.0, 9.0, 8.0, 8.0, 12.0, 8.0, 9.0, 9.0, 9.0, 9.0]
T = 0.043980465111040035	 step = 772
100.26000000000005
20.689617365056815
[20.0, 17.0, 48.0, 39.0, 38.0, 11.0, 24.0, 36.0, 17.0, 34.0, 46.0, 18.0, 7.0, 21.0, 47.0, 8.0, 6.0, 6.0, 28.0, 47.0]
[24.0, 43.0, 20.0, 33.0, 26.0, 24.0, 45.0, 47.0, 33.0, 13.0, 9.0, 15.0, 48.0, 5.0, 31.0, 5.0, 37.0, 15.0, 35.0, 47.0]
[5.0, 5.0, 5.0, 5.0, 5.0, 5.0, 5.0, 5.0, 9.0, 9.0, 9.0, 9.0, 12.0, 12.0, 8.0, 12.0, 9.0, 9.0, 9.0, 9.0]
[5.0, 5.0, 5.0, 5.0, 5.0, 5.0, 5.0, 5.0, 9.0, 9.0, 9.0, 9.0, 8.0, 8.0, 12.0, 8.0, 9.0, 9.0, 9.0, 9.0]
T = 0.043980465111040035	 step = 773
100.31
20.627117365056815
[20.0, 17.0, 48.0, 39.0, 38.0, 11.0, 24.0, 36.0, 17.0, 34.0, 46.0, 18.0, 7.0, 21.0, 47.0, 8.0, 6.0, 7.0, 28.0, 47.0]
[24.0, 43.0, 20.0, 33.0, 26.0, 24.0, 45.0, 47.0, 33.0, 13.0, 9.0, 15.0, 48.0, 5.0, 31.0, 5.0, 37.0, 15.0, 35.0, 47.0]
[5.0, 5.0, 5.0, 5.0, 5.0, 5.0, 5.0, 5.0, 9.0, 9.0, 9.0, 9.0, 12.0, 12.0, 8.0, 12.0, 9.0, 9.0, 9.0, 9.0]
[5.0, 5.0, 5.0, 5.0, 5.0, 5.0, 5.0, 5.0, 9.0, 9.0, 9.0, 9.0, 8.0, 8.0, 12.0, 8.0, 9.0, 9.0, 9.0, 9.0]
T = 0.043980465111040035	 step = 774
100.45000000000005
20.637060546875
[20.0, 17.0, 48.0, 39.0, 38.0, 11.0, 24.0, 36.0, 17.0, 34.0, 46.0, 18.0, 7.0, 21.0, 47.0, 8.0, 6.0, 7.0, 28.0, 47.0]
[24.0, 43.0, 20.0, 33.0, 26.0, 24.0, 45.0, 47.0, 33.0, 14.0, 9.0, 15.0, 48.0, 5.0, 31.0, 5.0, 37.0, 15.0, 35.0, 47.0]
[5.0, 5.0, 5.0, 5.0, 5.0, 5.0, 5.0, 5.0, 9.0, 9.0, 9.0, 9.0, 12.0, 12.0, 8.0, 12.0, 9.0, 9.0, 9.0, 9.0]
[5.0, 5.0, 5.0, 5.0, 5.0, 5.0, 5.0, 5.0, 9.0, 9.0, 9.0, 9.0, 8.0, 8.0, 12.0, 8.0, 9.0, 9.0, 9.0, 9.0]
T = 0.043980465111040035	 step = 775
100.40000000000003
20.627117365056815
[20.0, 17.0, 48.0, 39.0, 38.0, 11.0, 24.0, 36.0, 17.0, 34.0, 46.0, 19.0, 7.0, 21.0, 47.0, 8.0, 6.0, 7.0, 28.0, 47.0]
[24.0, 43.0, 20.0, 33.0, 26.0, 24.0, 45.0, 47.0, 33.0, 13.0, 9.0, 15.0, 48.0, 5.0, 31.0, 5.0, 37.0, 15.0, 35.0, 47.0]
[5.0, 5.0, 5.0, 5.0, 5.0, 5.0, 5.0, 5.0, 9.0, 9.0, 9.0, 9.0, 12.0, 12.0, 8.0, 12.0, 9.0, 9.0, 9.0, 9.0]
[5.0, 5.0, 5.0, 5.0, 5.0, 5.0, 5.0, 5.0, 9.0, 9.0, 9.0, 9.0, 8.0, 8.0, 12.0, 8.0, 9.0, 9.0, 9.0, 9.0]
T = 0.043980465111040035	 step = 776
100.44
20.502117365056815
[20.0, 17.0, 47.0, 39.0, 38.0, 11.0, 24.0, 36.0, 17.0, 34.0, 46.0, 19.0, 7.0, 21.0, 47.0, 8.0, 6.0, 7.0, 28.0, 47.0]
[24.0, 43.0, 20.0, 33.0, 26.0, 24.0, 45.0, 47.0, 33.0, 13.0, 9.0, 15.0, 48.0, 5.0, 31.0, 5.0, 37.0, 15.0, 35.0, 47.0]
[5.0, 5.0, 5.0, 5.0, 5.0, 5.0, 5.0, 5.0, 9.0, 9.0, 9.0, 9.0, 12.0, 12.0, 8.0, 12.0, 9.0, 9.0, 9.0, 9.0]
[5.0, 5.0, 5.0, 5.0, 5.0, 5.0, 5.0, 5.0, 9.0, 9.0, 9.0, 9.0, 8.0, 8.0, 12.0, 8.0, 9.0, 9.0, 9.0, 9.0]
T = 0.043980465111040035	 step = 777
100.42000000000002
20.564617365056815
[20.0, 17.0, 47.0, 39.0, 38.0, 11.0, 24.0, 36.0, 17.0, 34.0, 46.0, 19.0, 7.0, 21.0, 47.0, 7.0, 6.0, 7.0, 28.0, 47.0]
[24.0, 43.0, 20.0, 33.0, 26.0, 24.0, 45.0, 47.0, 33.0, 13.0, 9.0, 15.0, 48.0, 5.0, 31.0, 5.0, 37.0, 15.0, 35.0, 47.0]
[5.0, 5.0, 5.0, 5.0, 5.0, 5.0, 5.0, 5.0, 9.0, 9.0, 9.0, 9.0, 12.0, 12.0, 8.0, 12.0, 9.0, 9.0, 9.0, 9.0]
[5.0, 5.0, 5.0, 5.0, 5.0, 5.0, 5.0, 5.0, 9.0, 9.0, 9.0, 9.0, 8.0, 8.0, 12.0, 8.0, 9.0, 9.0, 9.0, 9.0]
T = 0.043980465111040035	 step = 778
100.51000000000005
20.494304865056815
[20.0, 17.0, 47.0, 39.0, 38.0, 11.0, 24.0, 36.0, 17.0, 34.0, 45.0, 19.0, 7.0, 21.0, 47.0, 7.0, 6.0, 7.0, 28.0, 47.0]
[24.0, 43.0, 20.0, 33.0, 26.0, 24.0, 45.0, 47.0, 33.0, 13.0, 9.0, 15.0, 48.0, 5.0, 31.0, 5.0, 37.0, 15.0, 35.0, 47.0]
[5.0, 5.0, 5.0, 5.0, 5.0, 5.0, 5.0, 5.0, 9.0, 9.0, 9.0, 9.0, 12.0, 12.0, 8.0, 12.0, 9.0, 9.0, 9.0, 9.0]
[5.0, 5.0, 5.0, 5.0, 5.0, 5.0, 5.0, 5.0, 9.0, 9.0, 9.0, 9.0, 8.0, 8.0, 12.0, 8.0, 9.0, 9.0, 9.0, 9.0]
T = 0.043980465111040035	 step = 779
100.54000000000002
20.556804865056815
[20.0, 17.0, 47.0, 39.0, 38.0, 11.0, 24.0, 36.0, 17.0, 34.0, 45.0, 19.0, 7.0, 21.0, 47.0, 7.0, 6.0, 7.0, 28.0, 47.0]
[24.0, 43.0, 20.0, 33.0, 26.0, 24.0, 45.0, 47.0, 33.0, 13.0, 9.0, 15.0, 48.0, 5.0, 31.0, 5.0, 36.0, 15.0, 35.0, 47.0]
[5.0, 5.0, 5.0, 5.0, 5.0, 5.0, 5.0, 5.0, 9.0, 9.0, 9.0, 9.0, 12.0, 12.0, 8.0, 12.0, 9.0, 9.0, 9.0, 9.0]
[5.0, 5.0, 5.0, 5.0, 5.0, 5.0, 5.0, 5.0, 9.0, 9.0, 9.0, 9.0, 8.0, 8.0, 12.0, 8.0, 9.0, 9.0, 9.0, 9.0]
T = 0.043980465111040035	 step = 780
100.55000000000001
20.494304865056815
[20.0, 17.0, 47.0, 39.0, 38.0, 11.0, 24.0, 36.0, 17.0, 34.0, 45.0, 19.0, 7.0, 21.0, 47.0, 7.0, 6.0, 7.0, 28.0, 47.0]
[24.0, 43.0, 20.0, 33.0, 26.0, 24.0, 45.0, 47.0, 33.0, 13.0, 9.0, 15.0, 48.0, 5.0, 30.0, 5.0, 36.0, 15.0, 35.0, 47.0]
[5.0, 5.0, 5.0, 5.0, 5.0, 5.0, 5.0, 5.0, 9.0, 9.0, 9.0, 9.0, 12.0, 12.0, 8.0, 12.0, 9.0, 9.0, 9.0, 9.0]
[5.0, 5.0, 5.0, 5.0, 5.0, 5.0, 5.0, 5.0, 9.0, 9.0, 9.0, 9.0, 8.0, 8.0, 12.0, 8.0, 9.0, 9.0, 9.0, 9.0]
T = 0.043980465111040035	 step = 781
100.55000000000001
20.494304865056815
[20.0, 17.0, 47.0, 39.0, 38.0, 11.0, 24.0, 36.0, 17.0, 34.0, 45.0, 19.0, 7.0, 21.0, 47.0, 7.0, 6.0, 7.0, 28.0, 47.0]
[24.0, 43.0, 20.0, 33.0, 26.0, 24.0, 45.0, 47.0, 33.0, 13.0, 9.0, 15.0, 48.0, 5.0, 30.0, 5.0, 36.0, 15.0, 35.0, 47.0]
[5.0, 5.0, 5.0, 5.0, 5.0, 5.0, 5.0, 5.0, 9.0, 9.0, 9.0, 9.0, 12.0, 12.0, 8.0, 12.0, 9.0, 9.0, 9.0, 9.0]
[5.0, 5.0, 5.0, 5.0, 5.0, 5.0, 5.0, 5.0, 9.0, 9.0, 9.0, 9.0, 8.0, 8.0, 12.0, 8.0, 9.0, 9.0, 9.0, 9.0]
T = 0.043980465111040035	 step = 782
100.69
20.504248046875
[20.0, 17.0, 47.0, 39.0, 38.0, 11.0, 24.0, 36.0, 17.0, 34.0, 45.0, 19.0, 7.0, 21.0, 47.0, 7.0, 6.0, 7.0, 28.0, 47.0]
[24.0, 43.0, 20.0, 33.0, 26.0, 24.0, 45.0, 47.0, 33.0, 14.0, 9.0, 15.0, 48.0, 5.0, 30.0, 5.0, 36.0, 15.0, 35.0, 47.0]
[5.0, 5.0, 5.0, 5.0, 5.0, 5.0, 5.0, 5.0, 9.0, 9.0, 9.0, 9.0, 12.0, 12.0, 8.0, 12.0, 9.0, 9.0, 9.0, 9.0]
[5.0, 5.0, 5.0, 5.0, 5.0, 5.0, 5.0, 5.0, 9.0, 9.0, 9.0, 9.0, 8.0, 8.0, 12.0, 8.0, 9.0, 9.0, 9.0, 9.0]
T = 0.043980465111040035	 step = 783
100.75
20.379248046875
[20.0, 17.0, 47.0, 39.0, 38.0, 11.0, 24.0, 36.0, 17.0, 34.0, 45.0, 19.0, 7.0, 21.0, 47.0, 7.0, 6.0, 7.0, 28.0, 47.0]
[24.0, 42.0, 20.0, 33.0, 26.0, 24.0, 45.0, 47.0, 33.0, 14.0, 9.0, 15.0, 48.0, 5.0, 30.0, 5.0, 36.0, 15.0, 35.0, 47.0]
[5.0, 5.0, 5.0, 5.0, 5.0, 5.0, 5.0, 5.0, 9.0, 9.0, 9.0, 9.0, 12.0, 12.0, 8.0, 12.0, 9.0, 9.0, 9.0, 9.0]
[5.0, 5.0, 5.0, 5.0, 5.0, 5.0, 5.0, 5.0, 9.0, 9.0, 9.0, 9.0, 8.0, 8.0, 12.0, 8.0, 9.0, 9.0, 9.0, 9.0]
T = 0.043980465111040035	 step = 784
100.77000000000004
20.316748046875
[20.0, 17.0, 47.0, 39.0, 38.0, 11.0, 24.0, 36.0, 17.0, 34.0, 45.0, 19.0, 7.0, 21.0, 47.0, 8.0, 6.0, 7.0, 28.0, 47.0]
[24.0, 42.0, 20.0, 33.0, 26.0, 24.0, 45.0, 47.0, 33.0, 14.0, 9.0, 15.0, 48.0, 5.0, 30.0, 5.0, 36.0, 15.0, 35.0, 47.0]
[5.0, 5.0, 5.0, 5.0, 5.0, 5.0, 5.0, 5.0, 9.0, 9.0, 9.0, 9.0, 12.0, 12.0, 8.0, 12.0, 9.0, 9.0, 9.0, 9.0]
[5.0, 5.0, 5.0, 5.0, 5.0, 5.0, 5.0, 5.0, 9.0, 9.0, 9.0, 9.0, 8.0, 8.0, 12.0, 8.0, 9.0, 9.0, 9.0, 9.0]
T = 0.043980465111040035	 step = 785
100.63
20.441748046875
[20.0, 17.0, 47.0, 39.0, 38.0, 10.0, 24.0, 36.0, 17.0, 34.0, 45.0, 19.0, 7.0, 21.0, 47.0, 8.0, 6.0, 7.0, 28.0, 47.0]
[24.0, 42.0, 20.0, 33.0, 26.0, 24.0, 45.0, 47.0, 33.0, 14.0, 9.0, 15.0, 48.0, 5.0, 30.0, 5.0, 36.0, 15.0, 35.0, 47.0]
[5.0, 5.0, 5.0, 5.0, 5.0, 5.0, 5.0, 5.0, 9.0, 9.0, 9.0, 9.0, 12.0, 12.0, 8.0, 12.0, 9.0, 9.0, 9.0, 9.0]
[5.0, 5.0, 5.0, 5.0, 5.0, 5.0, 5.0, 5.0, 9.0, 9.0, 9.0, 9.0, 8.0, 8.0, 12.0, 8.0, 9.0, 9.0, 9.0, 9.0]
T = 0.043980465111040035	 step = 786
100.67000000000002
20.379248046875
[20.0, 17.0, 47.0, 39.0, 38.0, 10.0, 24.0, 36.0, 17.0, 34.0, 45.0, 19.0, 7.0, 21.0, 47.0, 8.0, 6.0, 8.0, 28.0, 47.0]
[24.0, 42.0, 20.0, 33.0, 26.0, 24.0, 45.0, 47.0, 33.0, 14.0, 9.0, 15.0, 48.0, 5.0, 30.0, 5.0, 36.0, 15.0, 35.0, 47.0]
[5.0, 5.0, 5.0, 5.0, 5.0, 5.0, 5.0, 5.0, 9.0, 9.0, 9.0, 9.0, 12.0, 12.0, 8.0, 12.0, 9.0, 9.0, 9.0, 9.0]
[5.0, 5.0, 5.0, 5.0, 5.0, 5.0, 5.0, 5.0, 9.0, 9.0, 9.0, 9.0, 8.0, 8.0, 12.0, 8.0, 9.0, 9.0, 9.0, 9.0]
T = 0.043980465111040035	 step = 787
100.67000000000002
20.316748046875
[20.0, 17.0, 47.0, 39.0, 38.0, 10.0, 24.0, 36.0, 17.0, 34.0, 45.0, 19.0, 7.0, 22.0, 47.0, 8.0, 6.0, 8.0, 28.0, 47.0]
[24.0, 42.0, 20.0, 33.0, 26.0, 24.0, 45.0, 47.0, 33.0, 14.0, 9.0, 15.0, 48.0, 5.0, 30.0, 5.0, 36.0, 15.0, 35.0, 47.0]
[5.0, 5.0, 5.0, 5.0, 5.0, 5.0, 5.0, 5.0, 9.0, 9.0, 9.0, 9.0, 12.0, 12.0, 8.0, 12.0, 9.0, 9.0, 9.0, 9.0]
[5.0, 5.0, 5.0, 5.0, 5.0, 5.0, 5.0, 5.0, 9.0, 9.0, 9.0, 9.0, 8.0, 8.0, 12.0, 8.0, 9.0, 9.0, 9.0, 9.0]
T = 0.043980465111040035	 step = 788
100.44
20.347841796875
[19.0, 17.0, 47.0, 39.0, 38.0, 10.0, 24.0, 36.0, 17.0, 34.0, 45.0, 19.0, 7.0, 22.0, 47.0, 8.0, 6.0, 8.0, 28.0, 47.0]
[24.0, 42.0, 20.0, 33.0, 26.0, 24.0, 45.0, 47.0, 33.0, 14.0, 9.0, 15.0, 48.0, 5.0, 30.0, 5.0, 36.0, 15.0, 35.0, 47.0]
[5.0, 5.0, 5.0, 5.0, 5.0, 5.0, 5.0, 5.0, 9.0, 9.0, 9.0, 9.0, 12.0, 12.0, 8.0, 12.0, 9.0, 9.0, 9.0, 9.0]
[5.0, 5.0, 5.0, 5.0, 5.0, 5.0, 5.0, 5.0, 9.0, 9.0, 9.0, 9.0, 8.0, 8.0, 12.0, 8.0, 9.0, 9.0, 9.0, 9.0]
T = 0.043980465111040035	 step = 789
100.44
20.410341796875
[19.0, 17.0, 47.0, 39.0, 38.0, 10.0, 24.0, 36.0, 17.0, 34.0, 45.0, 19.0, 7.0, 21.0, 47.0, 8.0, 6.0, 8.0, 28.0, 47.0]
[24.0, 42.0, 20.0, 33.0, 26.0, 24.0, 45.0, 47.0, 33.0, 14.0, 9.0, 15.0, 48.0, 5.0, 30.0, 5.0, 36.0, 15.0, 35.0, 47.0]
[5.0, 5.0, 5.0, 5.0, 5.0, 5.0, 5.0, 5.0, 9.0, 9.0, 9.0, 9.0, 12.0, 12.0, 8.0, 12.0, 9.0, 9.0, 9.0, 9.0]
[5.0, 5.0, 5.0, 5.0, 5.0, 5.0, 5.0, 5.0, 9.0, 9.0, 9.0, 9.0, 8.0, 8.0, 12.0, 8.0, 9.0, 9.0, 9.0, 9.0]
T = 0.043980465111040035	 step = 790
100.5
20.472841796875
[19.0, 17.0, 47.0, 39.0, 37.0, 10.0, 24.0, 36.0, 17.0, 34.0, 45.0, 19.0, 7.0, 21.0, 47.0, 8.0, 6.0, 8.0, 28.0, 47.0]
[24.0, 42.0, 20.0, 33.0, 26.0, 24.0, 45.0, 47.0, 33.0, 14.0, 9.0, 15.0, 48.0, 5.0, 30.0, 5.0, 36.0, 15.0, 35.0, 47.0]
[5.0, 5.0, 5.0, 5.0, 5.0, 5.0, 5.0, 5.0, 9.0, 9.0, 9.0, 9.0, 12.0, 12.0, 8.0, 12.0, 9.0, 9.0, 9.0, 9.0]
[5.0, 5.0, 5.0, 5.0, 5.0, 5.0, 5.0, 5.0, 9.0, 9.0, 9.0, 9.0, 8.0, 8.0, 12.0, 8.0, 9.0, 9.0, 9.0, 9.0]
T = 0.043980465111040035	 step = 791
100.56
20.410341796875
[19.0, 17.0, 47.0, 38.0, 37.0, 10.0, 24.0, 36.0, 17.0, 34.0, 45.0, 19.0, 7.0, 21.0, 47.0, 8.0, 6.0, 8.0, 28.0, 47.0]
[24.0, 42.0, 20.0, 33.0, 26.0, 24.0, 45.0, 47.0, 33.0, 14.0, 9.0, 15.0, 48.0, 5.0, 30.0, 5.0, 36.0, 15.0, 35.0, 47.0]
[5.0, 5.0, 5.0, 5.0, 5.0, 5.0, 5.0, 5.0, 9.0, 9.0, 9.0, 9.0, 12.0, 12.0, 8.0, 12.0, 9.0, 9.0, 9.0, 9.0]
[5.0, 5.0, 5.0, 5.0, 5.0, 5.0, 5.0, 5.0, 9.0, 9.0, 9.0, 9.0, 8.0, 8.0, 12.0, 8.0, 9.0, 9.0, 9.0, 9.0]
T = 0.043980465111040035	 step = 792
100.74000000000001
20.285341796875
[19.0, 17.0, 47.0, 38.0, 37.0, 11.0, 24.0, 36.0, 17.0, 34.0, 45.0, 19.0, 7.0, 21.0, 47.0, 8.0, 6.0, 8.0, 28.0, 47.0]
[24.0, 42.0, 20.0, 33.0, 26.0, 24.0, 45.0, 47.0, 33.0, 14.0, 9.0, 15.0, 48.0, 5.0, 30.0, 5.0, 36.0, 15.0, 35.0, 47.0]
[5.0, 5.0, 5.0, 5.0, 5.0, 5.0, 5.0, 5.0, 9.0, 9.0, 9.0, 9.0, 12.0, 12.0, 8.0, 12.0, 9.0, 9.0, 9.0, 9.0]
[5.0, 5.0, 5.0, 5.0, 5.0, 5.0, 5.0, 5.0, 9.0, 9.0, 9.0, 9.0, 8.0, 8.0, 12.0, 8.0, 9.0, 9.0, 9.0, 9.0]
T = 0.043980465111040035	 step = 793
100.69
20.410341796875
[19.0, 17.0, 47.0, 38.0, 37.0, 11.0, 24.0, 36.0, 17.0, 34.0, 45.0, 19.0, 7.0, 21.0, 47.0, 8.0, 6.0, 8.0, 28.0, 47.0]
[24.0, 42.0, 20.0, 33.0, 26.0, 24.0, 45.0, 47.0, 33.0, 14.0, 8.0, 15.0, 48.0, 5.0, 30.0, 5.0, 36.0, 15.0, 35.0, 47.0]
[5.0, 5.0, 5.0, 5.0, 5.0, 5.0, 5.0, 5.0, 9.0, 9.0, 9.0, 9.0, 12.0, 12.0, 8.0, 12.0, 9.0, 9.0, 9.0, 9.0]
[5.0, 5.0, 5.0, 5.0, 5.0, 5.0, 5.0, 5.0, 9.0, 9.0, 9.0, 9.0, 8.0, 8.0, 12.0, 8.0, 9.0, 9.0, 9.0, 9.0]
T = 0.043980465111040035	 step = 794
100.64000000000004
20.472841796875
[19.0, 17.0, 47.0, 39.0, 37.0, 11.0, 24.0, 36.0, 17.0, 34.0, 45.0, 19.0, 7.0, 21.0, 47.0, 8.0, 6.0, 8.0, 28.0, 47.0]
[24.0, 42.0, 20.0, 33.0, 26.0, 24.0, 45.0, 47.0, 33.0, 14.0, 8.0, 15.0, 48.0, 5.0, 30.0, 5.0, 36.0, 15.0, 35.0, 47.0]
[5.0, 5.0, 5.0, 5.0, 5.0, 5.0, 5.0, 5.0, 9.0, 9.0, 9.0, 9.0, 12.0, 12.0, 8.0, 12.0, 9.0, 9.0, 9.0, 9.0]
[5.0, 5.0, 5.0, 5.0, 5.0, 5.0, 5.0, 5.0, 9.0, 9.0, 9.0, 9.0, 8.0, 8.0, 12.0, 8.0, 9.0, 9.0, 9.0, 9.0]
T = 0.043980465111040035	 step = 795
100.67000000000002
20.437152876420452
[19.0, 17.0, 47.0, 39.0, 37.0, 11.0, 24.0, 36.0, 17.0, 34.0, 45.0, 19.0, 7.0, 21.0, 47.0, 8.0, 6.0, 8.0, 28.0, 47.0]
[24.0, 42.0, 20.0, 33.0, 26.0, 24.0, 45.0, 46.0, 33.0, 14.0, 8.0, 15.0, 48.0, 5.0, 30.0, 5.0, 36.0, 15.0, 35.0, 47.0]
[5.0, 5.0, 5.0, 5.0, 5.0, 5.0, 5.0, 5.0, 9.0, 9.0, 9.0, 9.0, 12.0, 12.0, 8.0, 12.0, 9.0, 9.0, 9.0, 9.0]
[5.0, 5.0, 5.0, 5.0, 5.0, 5.0, 5.0, 5.0, 9.0, 9.0, 9.0, 9.0, 8.0, 8.0, 12.0, 8.0, 9.0, 9.0, 9.0, 9.0]
T = 0.043980465111040035	 step = 796
100.78000000000003
20.428275035511362
[19.0, 17.0, 47.0, 39.0, 37.0, 11.0, 24.0, 35.0, 17.0, 34.0, 45.0, 19.0, 7.0, 21.0, 47.0, 8.0, 6.0, 8.0, 28.0, 47.0]
[24.0, 42.0, 20.0, 33.0, 26.0, 24.0, 45.0, 44.0, 33.0, 14.0, 8.0, 15.0, 48.0, 5.0, 30.0, 5.0, 36.0, 15.0, 35.0, 47.0]
[5.0, 5.0, 5.0, 5.0, 5.0, 5.0, 5.0, 5.0, 9.0, 9.0, 9.0, 9.0, 12.0, 12.0, 8.0, 12.0, 9.0, 9.0, 9.0, 9.0]
[5.0, 5.0, 5.0, 5.0, 5.0, 5.0, 5.0, 5.0, 9.0, 9.0, 9.0, 9.0, 8.0, 8.0, 12.0, 8.0, 9.0, 9.0, 9.0, 9.0]
T = 0.03518437208883203	 step = 797
100.75
20.365775035511362
[19.0, 17.0, 47.0, 39.0, 37.0, 11.0, 24.0, 35.0, 17.0, 34.0, 45.0, 19.0, 7.0, 21.0, 47.0, 8.0, 6.0, 8.0, 28.0, 47.0]
[24.0, 42.0, 20.0, 33.0, 26.0, 24.0, 45.0, 44.0, 33.0, 14.0, 8.0, 15.0, 48.0, 5.0, 30.0, 5.0, 37.0, 15.0, 35.0, 47.0]
[5.0, 5.0, 5.0, 5.0, 5.0, 5.0, 5.0, 5.0, 9.0, 9.0, 9.0, 9.0, 12.0, 12.0, 8.0, 12.0, 9.0, 9.0, 9.0, 9.0]
[5.0, 5.0, 5.0, 5.0, 5.0, 5.0, 5.0, 5.0, 9.0, 9.0, 9.0, 9.0, 8.0, 8.0, 12.0, 8.0, 9.0, 9.0, 9.0, 9.0]
T = 0.03518437208883203	 step = 798
100.78000000000003
20.303275035511362
[19.0, 17.0, 47.0, 39.0, 37.0, 11.0, 24.0, 35.0, 17.0, 34.0, 45.0, 19.0, 7.0, 21.0, 47.0, 8.0, 6.0, 8.0, 28.0, 47.0]
[24.0, 42.0, 20.0, 33.0, 26.0, 24.0, 45.0, 44.0, 33.0, 14.0, 8.0, 15.0, 47.0, 5.0, 30.0, 5.0, 37.0, 15.0, 35.0, 47.0]
[5.0, 5.0, 5.0, 5.0, 5.0, 5.0, 5.0, 5.0, 9.0, 9.0, 9.0, 9.0, 12.0, 12.0, 8.0, 12.0, 9.0, 9.0, 9.0, 9.0]
[5.0, 5.0, 5.0, 5.0, 5.0, 5.0, 5.0, 5.0, 9.0, 9.0, 9.0, 9.0, 8.0, 8.0, 12.0, 8.0, 9.0, 9.0, 9.0, 9.0]
T = 0.03518437208883203	 step = 799
100.60000000000002
20.428275035511362
[19.0, 17.0, 47.0, 39.0, 37.0, 10.0, 24.0, 35.0, 17.0, 34.0, 45.0, 19.0, 7.0, 21.0, 47.0, 8.0, 6.0, 8.0, 28.0, 47.0]
[24.0, 42.0, 20.0, 33.0, 26.0, 24.0, 45.0, 44.0, 33.0, 14.0, 8.0, 15.0, 47.0, 5.0, 30.0, 5.0, 37.0, 15.0, 35.0, 47.0]
[5.0, 5.0, 5.0, 5.0, 5.0, 5.0, 5.0, 5.0, 9.0, 9.0, 9.0, 9.0, 12.0, 12.0, 8.0, 12.0, 9.0, 9.0, 9.0, 9.0]
[5.0, 5.0, 5.0, 5.0, 5.0, 5.0, 5.0, 5.0, 9.0, 9.0, 9.0, 9.0, 8.0, 8.0, 12.0, 8.0, 9.0, 9.0, 9.0, 9.0]
T = 0.03518437208883203	 step = 800
100.52000000000004
20.472841796875
[19.0, 17.0, 47.0, 39.0, 37.0, 10.0, 24.0, 34.0, 17.0, 34.0, 45.0, 19.0, 7.0, 21.0, 47.0, 8.0, 6.0, 8.0, 28.0, 47.0]
[24.0, 42.0, 20.0, 33.0, 26.0, 24.0, 45.0, 47.0, 33.0, 14.0, 8.0, 15.0, 47.0, 5.0, 30.0, 5.0, 37.0, 15.0, 35.0, 47.0]
[5.0, 5.0, 5.0, 5.0, 5.0, 5.0, 5.0, 5.0, 9.0, 9.0, 9.0, 9.0, 12.0, 12.0, 8.0, 12.0, 9.0, 9.0, 9.0, 9.0]
[5.0, 5.0, 5.0, 5.0, 5.0, 5.0, 5.0, 5.0, 9.0, 9.0, 9.0, 9.0, 8.0, 8.0, 12.0, 8.0, 9.0, 9.0, 9.0, 9.0]
T = 0.03518437208883203	 step = 801
100.43
20.543154296875
[19.0, 17.0, 47.0, 39.0, 37.0, 10.0, 24.0, 34.0, 17.0, 34.0, 46.0, 19.0, 7.0, 21.0, 47.0, 8.0, 6.0, 8.0, 28.0, 47.0]
[24.0, 42.0, 20.0, 33.0, 26.0, 24.0, 45.0, 47.0, 33.0, 14.0, 8.0, 15.0, 47.0, 5.0, 30.0, 5.0, 37.0, 15.0, 35.0, 47.0]
[5.0, 5.0, 5.0, 5.0, 5.0, 5.0, 5.0, 5.0, 9.0, 9.0, 9.0, 9.0, 12.0, 12.0, 8.0, 12.0, 9.0, 9.0, 9.0, 9.0]
[5.0, 5.0, 5.0, 5.0, 5.0, 5.0, 5.0, 5.0, 9.0, 9.0, 9.0, 9.0, 8.0, 8.0, 12.0, 8.0, 9.0, 9.0, 9.0, 9.0]
T = 0.03518437208883203	 step = 802
100.41000000000003
20.58665216619318
[19.0, 17.0, 47.0, 39.0, 37.0, 10.0, 24.0, 34.0, 17.0, 34.0, 46.0, 19.0, 7.0, 21.0, 47.0, 8.0, 6.0, 8.0, 28.0, 47.0]
[24.0, 42.0, 18.0, 33.0, 26.0, 24.0, 45.0, 47.0, 33.0, 14.0, 8.0, 15.0, 47.0, 5.0, 30.0, 5.0, 37.0, 15.0, 35.0, 47.0]
[5.0, 5.0, 5.0, 5.0, 5.0, 5.0, 5.0, 5.0, 9.0, 9.0, 9.0, 9.0, 12.0, 12.0, 8.0, 12.0, 9.0, 9.0, 9.0, 9.0]
[5.0, 5.0, 5.0, 5.0, 5.0, 5.0, 5.0, 5.0, 9.0, 9.0, 9.0, 9.0, 8.0, 8.0, 12.0, 8.0, 9.0, 9.0, 9.0, 9.0]
T = 0.03518437208883203	 step = 803
100.40000000000003
20.64915216619318
[19.0, 17.0, 47.0, 39.0, 37.0, 10.0, 24.0, 34.0, 17.0, 34.0, 46.0, 19.0, 7.0, 21.0, 47.0, 8.0, 6.0, 8.0, 28.0, 47.0]
[24.0, 42.0, 18.0, 33.0, 26.0, 24.0, 45.0, 47.0, 33.0, 14.0, 8.0, 15.0, 47.0, 5.0, 31.0, 5.0, 37.0, 15.0, 35.0, 47.0]
[5.0, 5.0, 5.0, 5.0, 5.0, 5.0, 5.0, 5.0, 9.0, 9.0, 9.0, 9.0, 12.0, 12.0, 8.0, 12.0, 9.0, 9.0, 9.0, 9.0]
[5.0, 5.0, 5.0, 5.0, 5.0, 5.0, 5.0, 5.0, 9.0, 9.0, 9.0, 9.0, 8.0, 8.0, 12.0, 8.0, 9.0, 9.0, 9.0, 9.0]
T = 0.03518437208883203	 step = 804
100.37
20.71165216619318
[19.0, 17.0, 47.0, 39.0, 37.0, 10.0, 24.0, 34.0, 17.0, 34.0, 46.0, 19.0, 7.0, 21.0, 47.0, 8.0, 6.0, 8.0, 28.0, 47.0]
[24.0, 42.0, 18.0, 33.0, 26.0, 24.0, 45.0, 47.0, 33.0, 14.0, 8.0, 15.0, 48.0, 5.0, 31.0, 5.0, 37.0, 15.0, 35.0, 47.0]
[5.0, 5.0, 5.0, 5.0, 5.0, 5.0, 5.0, 5.0, 9.0, 9.0, 9.0, 9.0, 12.0, 12.0, 8.0, 12.0, 9.0, 9.0, 9.0, 9.0]
[5.0, 5.0, 5.0, 5.0, 5.0, 5.0, 5.0, 5.0, 9.0, 9.0, 9.0, 9.0, 8.0, 8.0, 12.0, 8.0, 9.0, 9.0, 9.0, 9.0]
T = 0.03518437208883203	 step = 805
100.35000000000002
20.77415216619318
[19.0, 17.0, 47.0, 39.0, 37.0, 10.0, 24.0, 34.0, 17.0, 34.0, 46.0, 19.0, 7.0, 21.0, 47.0, 7.0, 6.0, 8.0, 28.0, 47.0]
[24.0, 42.0, 18.0, 33.0, 26.0, 24.0, 45.0, 47.0, 33.0, 14.0, 8.0, 15.0, 48.0, 5.0, 31.0, 5.0, 37.0, 15.0, 35.0, 47.0]
[5.0, 5.0, 5.0, 5.0, 5.0, 5.0, 5.0, 5.0, 9.0, 9.0, 9.0, 9.0, 12.0, 12.0, 8.0, 12.0, 9.0, 9.0, 9.0, 9.0]
[5.0, 5.0, 5.0, 5.0, 5.0, 5.0, 5.0, 5.0, 9.0, 9.0, 9.0, 9.0, 8.0, 8.0, 12.0, 8.0, 9.0, 9.0, 9.0, 9.0]
T = 0.03518437208883203	 step = 806
100.43
20.83665216619318
[19.0, 17.0, 47.0, 39.0, 36.0, 10.0, 24.0, 34.0, 17.0, 34.0, 46.0, 19.0, 7.0, 21.0, 47.0, 7.0, 6.0, 8.0, 28.0, 47.0]
[24.0, 42.0, 18.0, 33.0, 26.0, 24.0, 45.0, 47.0, 33.0, 14.0, 8.0, 15.0, 48.0, 5.0, 31.0, 5.0, 37.0, 15.0, 35.0, 47.0]
[5.0, 5.0, 5.0, 5.0, 5.0, 5.0, 5.0, 5.0, 9.0, 9.0, 9.0, 9.0, 12.0, 12.0, 8.0, 12.0, 9.0, 9.0, 9.0, 9.0]
[5.0, 5.0, 5.0, 5.0, 5.0, 5.0, 5.0, 5.0, 9.0, 9.0, 9.0, 9.0, 8.0, 8.0, 12.0, 8.0, 9.0, 9.0, 9.0, 9.0]
T = 0.03518437208883203	 step = 807
100.38
20.89915216619318
[19.0, 17.0, 47.0, 39.0, 36.0, 10.0, 24.0, 34.0, 17.0, 34.0, 46.0, 19.0, 7.0, 21.0, 47.0, 7.0, 6.0, 7.0, 28.0, 47.0]
[24.0, 42.0, 18.0, 33.0, 26.0, 24.0, 45.0, 47.0, 33.0, 14.0, 8.0, 15.0, 48.0, 5.0, 31.0, 5.0, 37.0, 15.0, 35.0, 47.0]
[5.0, 5.0, 5.0, 5.0, 5.0, 5.0, 5.0, 5.0, 9.0, 9.0, 9.0, 9.0, 12.0, 12.0, 8.0, 12.0, 9.0, 9.0, 9.0, 9.0]
[5.0, 5.0, 5.0, 5.0, 5.0, 5.0, 5.0, 5.0, 9.0, 9.0, 9.0, 9.0, 8.0, 8.0, 12.0, 8.0, 9.0, 9.0, 9.0, 9.0]
T = 0.03518437208883203	 step = 808
100.62
20.868058416193183
[20.0, 17.0, 47.0, 39.0, 36.0, 10.0, 24.0, 34.0, 17.0, 34.0, 46.0, 19.0, 7.0, 21.0, 47.0, 7.0, 6.0, 7.0, 28.0, 47.0]
[24.0, 42.0, 18.0, 33.0, 26.0, 24.0, 45.0, 47.0, 33.0, 14.0, 8.0, 15.0, 48.0, 5.0, 31.0, 5.0, 37.0, 15.0, 35.0, 47.0]
[5.0, 5.0, 5.0, 5.0, 5.0, 5.0, 5.0, 5.0, 9.0, 9.0, 9.0, 9.0, 12.0, 12.0, 8.0, 12.0, 9.0, 9.0, 9.0, 9.0]
[5.0, 5.0, 5.0, 5.0, 5.0, 5.0, 5.0, 5.0, 9.0, 9.0, 9.0, 9.0, 8.0, 8.0, 12.0, 8.0, 9.0, 9.0, 9.0, 9.0]
T = 0.03518437208883203	 step = 809
100.39000000000004
20.925963245738636
[19.0, 17.0, 47.0, 39.0, 36.0, 10.0, 24.0, 34.0, 17.0, 34.0, 46.0, 19.0, 7.0, 21.0, 47.0, 7.0, 6.0, 7.0, 28.0, 47.0]
[24.0, 42.0, 18.0, 33.0, 26.0, 24.0, 45.0, 47.0, 33.0, 14.0, 8.0, 15.0, 48.0, 5.0, 31.0, 5.0, 37.0, 15.0, 35.0, 46.0]
[5.0, 5.0, 5.0, 5.0, 5.0, 5.0, 5.0, 5.0, 9.0, 9.0, 9.0, 9.0, 12.0, 12.0, 8.0, 12.0, 9.0, 9.0, 9.0, 9.0]
[5.0, 5.0, 5.0, 5.0, 5.0, 5.0, 5.0, 5.0, 9.0, 9.0, 9.0, 9.0, 8.0, 8.0, 12.0, 8.0, 9.0, 9.0, 9.0, 9.0]
T = 0.03518437208883203	 step = 810
100.59000000000003
20.925963245738636
[19.0, 17.0, 47.0, 39.0, 36.0, 10.0, 24.0, 34.0, 17.0, 33.0, 46.0, 19.0, 7.0, 21.0, 47.0, 7.0, 6.0, 7.0, 28.0, 47.0]
[24.0, 42.0, 18.0, 33.0, 26.0, 24.0, 45.0, 47.0, 33.0, 14.0, 8.0, 15.0, 48.0, 5.0, 31.0, 5.0, 37.0, 15.0, 35.0, 46.0]
[5.0, 5.0, 5.0, 5.0, 5.0, 5.0, 5.0, 5.0, 9.0, 9.0, 9.0, 9.0, 12.0, 12.0, 8.0, 12.0, 9.0, 9.0, 9.0, 9.0]
[5.0, 5.0, 5.0, 5.0, 5.0, 5.0, 5.0, 5.0, 9.0, 9.0, 9.0, 9.0, 8.0, 8.0, 12.0, 8.0, 9.0, 9.0, 9.0, 9.0]
T = 0.03518437208883203	 step = 811
100.60000000000002
20.863463245738636
[19.0, 17.0, 47.0, 39.0, 36.0, 10.0, 24.0, 34.0, 17.0, 33.0, 46.0, 19.0, 7.0, 21.0, 47.0, 7.0, 6.0, 7.0, 28.0, 47.0]
[24.0, 42.0, 18.0, 33.0, 26.0, 24.0, 45.0, 47.0, 33.0, 14.0, 8.0, 15.0, 48.0, 5.0, 30.0, 5.0, 37.0, 15.0, 35.0, 46.0]
[5.0, 5.0, 5.0, 5.0, 5.0, 5.0, 5.0, 5.0, 9.0, 9.0, 9.0, 9.0, 12.0, 12.0, 8.0, 12.0, 9.0, 9.0, 9.0, 9.0]
[5.0, 5.0, 5.0, 5.0, 5.0, 5.0, 5.0, 5.0, 9.0, 9.0, 9.0, 9.0, 8.0, 8.0, 12.0, 8.0, 9.0, 9.0, 9.0, 9.0]
T = 0.03518437208883203	 step = 812
100.65000000000003
20.800963245738636
[19.0, 17.0, 47.0, 39.0, 36.0, 10.0, 24.0, 34.0, 17.0, 33.0, 46.0, 19.0, 7.0, 21.0, 47.0, 7.0, 6.0, 8.0, 28.0, 47.0]
[24.0, 42.0, 18.0, 33.0, 26.0, 24.0, 45.0, 47.0, 33.0, 14.0, 8.0, 15.0, 48.0, 5.0, 30.0, 5.0, 37.0, 15.0, 35.0, 46.0]
[5.0, 5.0, 5.0, 5.0, 5.0, 5.0, 5.0, 5.0, 9.0, 9.0, 9.0, 9.0, 12.0, 12.0, 8.0, 12.0, 9.0, 9.0, 9.0, 9.0]
[5.0, 5.0, 5.0, 5.0, 5.0, 5.0, 5.0, 5.0, 9.0, 9.0, 9.0, 9.0, 8.0, 8.0, 12.0, 8.0, 9.0, 9.0, 9.0, 9.0]
T = 0.03518437208883203	 step = 813
100.74000000000001
20.676068004261364
[19.0, 17.0, 47.0, 39.0, 36.0, 10.0, 24.0, 33.0, 17.0, 33.0, 46.0, 19.0, 7.0, 21.0, 47.0, 7.0, 6.0, 8.0, 28.0, 47.0]
[24.0, 42.0, 18.0, 33.0, 26.0, 24.0, 45.0, 45.0, 33.0, 14.0, 8.0, 15.0, 48.0, 5.0, 30.0, 5.0, 37.0, 15.0, 35.0, 46.0]
[5.0, 5.0, 5.0, 5.0, 5.0, 5.0, 5.0, 5.0, 9.0, 9.0, 9.0, 9.0, 12.0, 12.0, 8.0, 12.0, 9.0, 9.0, 9.0, 9.0]
[5.0, 5.0, 5.0, 5.0, 5.0, 5.0, 5.0, 5.0, 9.0, 9.0, 9.0, 9.0, 8.0, 8.0, 12.0, 8.0, 9.0, 9.0, 9.0, 9.0]
T = 0.03518437208883203	 step = 814
100.48000000000002
20.75582475142045
[18.0, 17.0, 47.0, 39.0, 36.0, 10.0, 24.0, 33.0, 17.0, 33.0, 46.0, 19.0, 7.0, 21.0, 47.0, 7.0, 6.0, 8.0, 28.0, 47.0]
[24.0, 42.0, 18.0, 33.0, 26.0, 24.0, 45.0, 45.0, 33.0, 14.0, 8.0, 15.0, 48.0, 5.0, 30.0, 5.0, 37.0, 15.0, 35.0, 46.0]
[5.0, 5.0, 5.0, 5.0, 5.0, 5.0, 5.0, 5.0, 9.0, 9.0, 9.0, 9.0, 12.0, 12.0, 8.0, 12.0, 9.0, 9.0, 9.0, 9.0]
[5.0, 5.0, 5.0, 5.0, 5.0, 5.0, 5.0, 5.0, 9.0, 9.0, 9.0, 9.0, 8.0, 8.0, 12.0, 8.0, 9.0, 9.0, 9.0, 9.0]
T = 0.03518437208883203	 step = 815
100.60000000000002
20.809091796875
[18.0, 17.0, 47.0, 39.0, 36.0, 10.0, 24.0, 33.0, 17.0, 33.0, 46.0, 19.0, 7.0, 21.0, 47.0, 7.0, 6.0, 8.0, 28.0, 47.0]
[24.0, 42.0, 18.0, 33.0, 26.0, 24.0, 45.0, 45.0, 33.0, 15.0, 8.0, 15.0, 48.0, 5.0, 30.0, 5.0, 37.0, 15.0, 35.0, 46.0]
[5.0, 5.0, 5.0, 5.0, 5.0, 5.0, 5.0, 5.0, 9.0, 9.0, 9.0, 9.0, 12.0, 12.0, 8.0, 12.0, 9.0, 9.0, 9.0, 9.0]
[5.0, 5.0, 5.0, 5.0, 5.0, 5.0, 5.0, 5.0, 9.0, 9.0, 9.0, 9.0, 8.0, 8.0, 12.0, 8.0, 9.0, 9.0, 9.0, 9.0]
T = 0.03518437208883203	 step = 816
100.63
20.746591796875
[18.0, 17.0, 47.0, 39.0, 36.0, 10.0, 24.0, 33.0, 17.0, 33.0, 46.0, 19.0, 7.0, 21.0, 47.0, 7.0, 6.0, 8.0, 28.0, 47.0]
[24.0, 42.0, 18.0, 33.0, 26.0, 24.0, 45.0, 45.0, 33.0, 15.0, 8.0, 15.0, 47.0, 5.0, 30.0, 5.0, 37.0, 15.0, 35.0, 46.0]
[5.0, 5.0, 5.0, 5.0, 5.0, 5.0, 5.0, 5.0, 9.0, 9.0, 9.0, 9.0, 12.0, 12.0, 8.0, 12.0, 9.0, 9.0, 9.0, 9.0]
[5.0, 5.0, 5.0, 5.0, 5.0, 5.0, 5.0, 5.0, 9.0, 9.0, 9.0, 9.0, 8.0, 8.0, 12.0, 8.0, 9.0, 9.0, 9.0, 9.0]
T = 0.03518437208883203	 step = 817
100.35000000000002
20.801279296875
[17.0, 17.0, 47.0, 39.0, 36.0, 10.0, 24.0, 33.0, 17.0, 33.0, 46.0, 19.0, 7.0, 21.0, 47.0, 7.0, 6.0, 8.0, 28.0, 47.0]
[24.0, 42.0, 18.0, 33.0, 26.0, 24.0, 45.0, 45.0, 33.0, 15.0, 8.0, 15.0, 47.0, 5.0, 30.0, 5.0, 37.0, 15.0, 35.0, 46.0]
[5.0, 5.0, 5.0, 5.0, 5.0, 5.0, 5.0, 5.0, 9.0, 9.0, 9.0, 9.0, 12.0, 12.0, 8.0, 12.0, 9.0, 9.0, 9.0, 9.0]
[5.0, 5.0, 5.0, 5.0, 5.0, 5.0, 5.0, 5.0, 9.0, 9.0, 9.0, 9.0, 8.0, 8.0, 12.0, 8.0, 9.0, 9.0, 9.0, 9.0]
T = 0.03518437208883203	 step = 818
100.32000000000005
20.863779296875
[17.0, 17.0, 47.0, 39.0, 36.0, 10.0, 24.0, 33.0, 17.0, 33.0, 46.0, 19.0, 7.0, 21.0, 47.0, 7.0, 6.0, 8.0, 29.0, 47.0]
[24.0, 42.0, 18.0, 33.0, 26.0, 24.0, 45.0, 45.0, 33.0, 15.0, 8.0, 15.0, 47.0, 5.0, 30.0, 5.0, 37.0, 15.0, 35.0, 46.0]
[5.0, 5.0, 5.0, 5.0, 5.0, 5.0, 5.0, 5.0, 9.0, 9.0, 9.0, 9.0, 12.0, 12.0, 8.0, 12.0, 9.0, 9.0, 9.0, 9.0]
[5.0, 5.0, 5.0, 5.0, 5.0, 5.0, 5.0, 5.0, 9.0, 9.0, 9.0, 9.0, 8.0, 8.0, 12.0, 8.0, 9.0, 9.0, 9.0, 9.0]
T = 0.03518437208883203	 step = 819
100.40000000000003
20.926279296875
[17.0, 17.0, 47.0, 39.0, 35.0, 10.0, 24.0, 33.0, 17.0, 33.0, 46.0, 19.0, 7.0, 21.0, 47.0, 7.0, 6.0, 8.0, 29.0, 47.0]
[24.0, 42.0, 18.0, 33.0, 26.0, 24.0, 45.0, 45.0, 33.0, 15.0, 8.0, 15.0, 47.0, 5.0, 30.0, 5.0, 37.0, 15.0, 35.0, 46.0]
[5.0, 5.0, 5.0, 5.0, 5.0, 5.0, 5.0, 5.0, 9.0, 9.0, 9.0, 9.0, 12.0, 12.0, 8.0, 12.0, 9.0, 9.0, 9.0, 9.0]
[5.0, 5.0, 5.0, 5.0, 5.0, 5.0, 5.0, 5.0, 9.0, 9.0, 9.0, 9.0, 8.0, 8.0, 12.0, 8.0, 9.0, 9.0, 9.0, 9.0]
T = 0.03518437208883203	 step = 820
100.48000000000002
20.855966796875
[17.0, 17.0, 47.0, 39.0, 35.0, 10.0, 24.0, 33.0, 17.0, 33.0, 45.0, 19.0, 7.0, 21.0, 47.0, 7.0, 6.0, 8.0, 29.0, 47.0]
[24.0, 42.0, 18.0, 33.0, 26.0, 24.0, 45.0, 45.0, 33.0, 15.0, 8.0, 15.0, 47.0, 5.0, 30.0, 5.0, 37.0, 15.0, 35.0, 46.0]
[5.0, 5.0, 5.0, 5.0, 5.0, 5.0, 5.0, 5.0, 9.0, 9.0, 9.0, 9.0, 12.0, 12.0, 8.0, 12.0, 9.0, 9.0, 9.0, 9.0]
[5.0, 5.0, 5.0, 5.0, 5.0, 5.0, 5.0, 5.0, 9.0, 9.0, 9.0, 9.0, 8.0, 8.0, 12.0, 8.0, 9.0, 9.0, 9.0, 9.0]
T = 0.03518437208883203	 step = 821
100.49000000000001
20.918466796875
[17.0, 17.0, 47.0, 39.0, 35.0, 10.0, 24.0, 33.0, 17.0, 33.0, 45.0, 19.0, 7.0, 20.0, 47.0, 7.0, 6.0, 8.0, 29.0, 47.0]
[24.0, 42.0, 18.0, 33.0, 26.0, 24.0, 45.0, 45.0, 33.0, 15.0, 8.0, 15.0, 47.0, 5.0, 30.0, 5.0, 37.0, 15.0, 35.0, 46.0]
[5.0, 5.0, 5.0, 5.0, 5.0, 5.0, 5.0, 5.0, 9.0, 9.0, 9.0, 9.0, 12.0, 12.0, 8.0, 12.0, 9.0, 9.0, 9.0, 9.0]
[5.0, 5.0, 5.0, 5.0, 5.0, 5.0, 5.0, 5.0, 9.0, 9.0, 9.0, 9.0, 8.0, 8.0, 12.0, 8.0, 9.0, 9.0, 9.0, 9.0]
T = 0.03518437208883203	 step = 822
100.78000000000003
20.86388405539773
[18.0, 17.0, 47.0, 39.0, 35.0, 10.0, 24.0, 33.0, 17.0, 33.0, 45.0, 19.0, 7.0, 20.0, 47.0, 7.0, 6.0, 8.0, 29.0, 47.0]
[24.0, 42.0, 18.0, 33.0, 26.0, 24.0, 45.0, 45.0, 33.0, 15.0, 8.0, 15.0, 47.0, 5.0, 30.0, 5.0, 37.0, 15.0, 35.0, 46.0]
[5.0, 5.0, 5.0, 5.0, 5.0, 5.0, 5.0, 5.0, 9.0, 9.0, 9.0, 9.0, 12.0, 12.0, 8.0, 12.0, 9.0, 9.0, 9.0, 9.0]
[5.0, 5.0, 5.0, 5.0, 5.0, 5.0, 5.0, 5.0, 9.0, 9.0, 9.0, 9.0, 8.0, 8.0, 12.0, 8.0, 9.0, 9.0, 9.0, 9.0]
T = 0.03518437208883203	 step = 823
100.79000000000002
20.836968217329545
[18.0, 17.0, 47.0, 39.0, 35.0, 10.0, 24.0, 33.0, 17.0, 33.0, 45.0, 19.0, 7.0, 20.0, 47.0, 7.0, 6.0, 8.0, 29.0, 47.0]
[24.0, 42.0, 18.0, 33.0, 26.0, 24.0, 45.0, 45.0, 33.0, 15.0, 8.0, 15.0, 47.0, 5.0, 30.0, 5.0, 37.0, 15.0, 35.0, 45.0]
[5.0, 5.0, 5.0, 5.0, 5.0, 5.0, 5.0, 5.0, 9.0, 9.0, 9.0, 9.0, 12.0, 12.0, 8.0, 12.0, 9.0, 9.0, 9.0, 9.0]
[5.0, 5.0, 5.0, 5.0, 5.0, 5.0, 5.0, 5.0, 9.0, 9.0, 9.0, 9.0, 8.0, 8.0, 12.0, 8.0, 9.0, 9.0, 9.0, 9.0]
T = 0.03518437208883203	 step = 824
100.83000000000004
20.863884055397726
[18.0, 17.0, 47.0, 39.0, 35.0, 10.0, 24.0, 33.0, 17.0, 33.0, 45.0, 19.0, 7.0, 20.0, 47.0, 7.0, 6.0, 8.0, 29.0, 47.0]
[24.0, 42.0, 18.0, 33.0, 26.0, 24.0, 45.0, 44.0, 33.0, 15.0, 8.0, 15.0, 47.0, 5.0, 30.0, 5.0, 37.0, 15.0, 35.0, 45.0]
[5.0, 5.0, 5.0, 5.0, 5.0, 5.0, 5.0, 5.0, 9.0, 9.0, 9.0, 9.0, 12.0, 12.0, 8.0, 12.0, 9.0, 9.0, 9.0, 9.0]
[5.0, 5.0, 5.0, 5.0, 5.0, 5.0, 5.0, 5.0, 9.0, 9.0, 9.0, 9.0, 8.0, 8.0, 12.0, 8.0, 9.0, 9.0, 9.0, 9.0]
T = 0.03518437208883203	 step = 825
100.85000000000002
20.863884055397726
[18.0, 17.0, 47.0, 39.0, 35.0, 10.0, 24.0, 32.0, 17.0, 33.0, 45.0, 19.0, 7.0, 20.0, 47.0, 7.0, 6.0, 8.0, 29.0, 47.0]
[24.0, 42.0, 18.0, 33.0, 26.0, 24.0, 45.0, 44.0, 33.0, 15.0, 8.0, 15.0, 47.0, 5.0, 30.0, 5.0, 37.0, 15.0, 35.0, 45.0]
[5.0, 5.0, 5.0, 5.0, 5.0, 5.0, 5.0, 5.0, 9.0, 9.0, 9.0, 9.0, 12.0, 12.0, 8.0, 12.0, 9.0, 9.0, 9.0, 9.0]
[5.0, 5.0, 5.0, 5.0, 5.0, 5.0, 5.0, 5.0, 9.0, 9.0, 9.0, 9.0, 8.0, 8.0, 12.0, 8.0, 9.0, 9.0, 9.0, 9.0]
T = 0.03518437208883203	 step = 826
100.57000000000005
20.918466796875
[17.0, 17.0, 47.0, 39.0, 35.0, 10.0, 24.0, 32.0, 17.0, 33.0, 45.0, 19.0, 7.0, 20.0, 47.0, 7.0, 6.0, 8.0, 29.0, 47.0]
[24.0, 42.0, 18.0, 33.0, 26.0, 24.0, 45.0, 44.0, 33.0, 15.0, 8.0, 15.0, 47.0, 5.0, 30.0, 5.0, 37.0, 15.0, 35.0, 45.0]
[5.0, 5.0, 5.0, 5.0, 5.0, 5.0, 5.0, 5.0, 9.0, 9.0, 9.0, 9.0, 12.0, 12.0, 8.0, 12.0, 9.0, 9.0, 9.0, 9.0]
[5.0, 5.0, 5.0, 5.0, 5.0, 5.0, 5.0, 5.0, 9.0, 9.0, 9.0, 9.0, 8.0, 8.0, 12.0, 8.0, 9.0, 9.0, 9.0, 9.0]
T = 0.03518437208883203	 step = 827
100.84000000000003
21.22785067471591
[17.0, 17.0, 34.0, 39.0, 35.0, 10.0, 24.0, 32.0, 17.0, 33.0, 45.0, 19.0, 7.0, 20.0, 47.0, 7.0, 6.0, 8.0, 29.0, 47.0]
[24.0, 42.0, 6.0, 33.0, 26.0, 24.0, 45.0, 44.0, 33.0, 15.0, 8.0, 15.0, 47.0, 5.0, 30.0, 5.0, 37.0, 15.0, 35.0, 45.0]
[5.0, 5.0, 5.0, 5.0, 5.0, 5.0, 5.0, 5.0, 9.0, 9.0, 9.0, 9.0, 12.0, 12.0, 8.0, 12.0, 9.0, 9.0, 9.0, 9.0]
[5.0, 5.0, 5.0, 5.0, 5.0, 5.0, 5.0, 5.0, 9.0, 9.0, 9.0, 9.0, 8.0, 8.0, 12.0, 8.0, 9.0, 9.0, 9.0, 9.0]
T = 0.03518437208883203	 step = 828
100.55000000000001
21.043466796875
[17.0, 17.0, 47.0, 39.0, 35.0, 10.0, 24.0, 32.0, 17.0, 33.0, 45.0, 19.0, 7.0, 20.0, 47.0, 7.0, 6.0, 8.0, 29.0, 47.0]
[24.0, 42.0, 18.0, 34.0, 26.0, 24.0, 45.0, 44.0, 33.0, 15.0, 8.0, 15.0, 47.0, 5.0, 30.0, 5.0, 37.0, 15.0, 35.0, 45.0]
[5.0, 5.0, 5.0, 5.0, 5.0, 5.0, 5.0, 5.0, 9.0, 9.0, 9.0, 9.0, 12.0, 12.0, 8.0, 12.0, 9.0, 9.0, 9.0, 9.0]
[5.0, 5.0, 5.0, 5.0, 5.0, 5.0, 5.0, 5.0, 9.0, 9.0, 9.0, 9.0, 8.0, 8.0, 12.0, 8.0, 9.0, 9.0, 9.0, 9.0]
T = 0.03518437208883203	 step = 829
100.64000000000004
20.74019975142045
[17.0, 17.0, 45.0, 39.0, 35.0, 10.0, 24.0, 32.0, 17.0, 33.0, 45.0, 19.0, 7.0, 20.0, 47.0, 7.0, 6.0, 8.0, 29.0, 47.0]
[24.0, 42.0, 19.0, 34.0, 26.0, 24.0, 45.0, 44.0, 33.0, 15.0, 8.0, 15.0, 47.0, 5.0, 30.0, 5.0, 37.0, 15.0, 35.0, 45.0]
[5.0, 5.0, 5.0, 5.0, 5.0, 5.0, 5.0, 5.0, 9.0, 9.0, 9.0, 9.0, 12.0, 12.0, 8.0, 12.0, 9.0, 9.0, 9.0, 9.0]
[5.0, 5.0, 5.0, 5.0, 5.0, 5.0, 5.0, 5.0, 9.0, 9.0, 9.0, 9.0, 8.0, 8.0, 12.0, 8.0, 9.0, 9.0, 9.0, 9.0]
T = 0.03518437208883203	 step = 830
100.66000000000003
20.677982066761363
[17.0, 17.0, 45.0, 39.0, 35.0, 10.0, 24.0, 32.0, 17.0, 33.0, 45.0, 19.0, 7.0, 20.0, 47.0, 7.0, 6.0, 8.0, 29.0, 47.0]
[24.0, 42.0, 19.0, 34.0, 25.0, 24.0, 45.0, 44.0, 33.0, 15.0, 8.0, 15.0, 47.0, 5.0, 30.0, 5.0, 37.0, 15.0, 35.0, 45.0]
[5.0, 5.0, 5.0, 5.0, 5.0, 5.0, 5.0, 5.0, 9.0, 9.0, 9.0, 9.0, 12.0, 12.0, 8.0, 12.0, 9.0, 9.0, 9.0, 9.0]
[5.0, 5.0, 5.0, 5.0, 5.0, 5.0, 5.0, 5.0, 9.0, 9.0, 9.0, 9.0, 8.0, 8.0, 12.0, 8.0, 9.0, 9.0, 9.0, 9.0]
T = 0.03518437208883203	 step = 831
100.60000000000002
20.802982066761363
[17.0, 17.0, 45.0, 39.0, 35.0, 10.0, 24.0, 32.0, 17.0, 33.0, 45.0, 19.0, 7.0, 20.0, 47.0, 7.0, 6.0, 8.0, 29.0, 47.0]
[24.0, 42.0, 19.0, 34.0, 25.0, 24.0, 46.0, 44.0, 33.0, 15.0, 8.0, 15.0, 47.0, 5.0, 30.0, 5.0, 37.0, 15.0, 35.0, 45.0]
[5.0, 5.0, 5.0, 5.0, 5.0, 5.0, 5.0, 5.0, 9.0, 9.0, 9.0, 9.0, 12.0, 12.0, 8.0, 12.0, 9.0, 9.0, 9.0, 9.0]
[5.0, 5.0, 5.0, 5.0, 5.0, 5.0, 5.0, 5.0, 9.0, 9.0, 9.0, 9.0, 8.0, 8.0, 12.0, 8.0, 9.0, 9.0, 9.0, 9.0]
T = 0.03518437208883203	 step = 832
100.58000000000004
20.802982066761363
[17.0, 17.0, 45.0, 39.0, 35.0, 10.0, 24.0, 33.0, 17.0, 33.0, 45.0, 19.0, 7.0, 20.0, 47.0, 7.0, 6.0, 8.0, 29.0, 47.0]
[24.0, 42.0, 19.0, 34.0, 25.0, 24.0, 46.0, 44.0, 33.0, 15.0, 8.0, 15.0, 47.0, 5.0, 30.0, 5.0, 37.0, 15.0, 35.0, 45.0]
[5.0, 5.0, 5.0, 5.0, 5.0, 5.0, 5.0, 5.0, 9.0, 9.0, 9.0, 9.0, 12.0, 12.0, 8.0, 12.0, 9.0, 9.0, 9.0, 9.0]
[5.0, 5.0, 5.0, 5.0, 5.0, 5.0, 5.0, 5.0, 9.0, 9.0, 9.0, 9.0, 8.0, 8.0, 12.0, 8.0, 9.0, 9.0, 9.0, 9.0]
T = 0.03518437208883203	 step = 833
100.52000000000004
20.927982066761363
[17.0, 17.0, 45.0, 39.0, 35.0, 10.0, 24.0, 33.0, 17.0, 33.0, 45.0, 19.0, 7.0, 20.0, 47.0, 7.0, 6.0, 8.0, 29.0, 47.0]
[24.0, 43.0, 19.0, 34.0, 25.0, 24.0, 46.0, 44.0, 33.0, 15.0, 8.0, 15.0, 47.0, 5.0, 30.0, 5.0, 37.0, 15.0, 35.0, 45.0]
[5.0, 5.0, 5.0, 5.0, 5.0, 5.0, 5.0, 5.0, 9.0, 9.0, 9.0, 9.0, 12.0, 12.0, 8.0, 12.0, 9.0, 9.0, 9.0, 9.0]
[5.0, 5.0, 5.0, 5.0, 5.0, 5.0, 5.0, 5.0, 9.0, 9.0, 9.0, 9.0, 8.0, 8.0, 12.0, 8.0, 9.0, 9.0, 9.0, 9.0]
T = 0.03518437208883203	 step = 834
100.54000000000002
20.865482066761363
[17.0, 17.0, 45.0, 39.0, 35.0, 10.0, 24.0, 33.0, 17.0, 33.0, 45.0, 19.0, 7.0, 20.0, 47.0, 7.0, 6.0, 8.0, 29.0, 46.0]
[24.0, 43.0, 19.0, 34.0, 25.0, 24.0, 46.0, 44.0, 33.0, 15.0, 8.0, 15.0, 47.0, 5.0, 30.0, 5.0, 37.0, 15.0, 35.0, 45.0]
[5.0, 5.0, 5.0, 5.0, 5.0, 5.0, 5.0, 5.0, 9.0, 9.0, 9.0, 9.0, 12.0, 12.0, 8.0, 12.0, 9.0, 9.0, 9.0, 9.0]
[5.0, 5.0, 5.0, 5.0, 5.0, 5.0, 5.0, 5.0, 9.0, 9.0, 9.0, 9.0, 8.0, 8.0, 12.0, 8.0, 9.0, 9.0, 9.0, 9.0]
T = 0.03518437208883203	 step = 835
100.49000000000001
20.990482066761363
[17.0, 17.0, 45.0, 39.0, 35.0, 10.0, 24.0, 33.0, 17.0, 33.0, 45.0, 19.0, 7.0, 20.0, 47.0, 7.0, 6.0, 8.0, 29.0, 46.0]
[24.0, 43.0, 19.0, 34.0, 25.0, 24.0, 46.0, 44.0, 33.0, 15.0, 7.0, 15.0, 47.0, 5.0, 30.0, 5.0, 37.0, 15.0, 35.0, 45.0]
[5.0, 5.0, 5.0, 5.0, 5.0, 5.0, 5.0, 5.0, 9.0, 9.0, 9.0, 9.0, 12.0, 12.0, 8.0, 12.0, 9.0, 9.0, 9.0, 9.0]
[5.0, 5.0, 5.0, 5.0, 5.0, 5.0, 5.0, 5.0, 9.0, 9.0, 9.0, 9.0, 8.0, 8.0, 12.0, 8.0, 9.0, 9.0, 9.0, 9.0]
T = 0.03518437208883203	 step = 836
100.48000000000002
21.043749112215906
[17.0, 17.0, 45.0, 39.0, 35.0, 10.0, 24.0, 33.0, 17.0, 33.0, 45.0, 19.0, 7.0, 20.0, 47.0, 7.0, 6.0, 8.0, 29.0, 46.0]
[24.0, 43.0, 18.0, 34.0, 25.0, 24.0, 46.0, 44.0, 33.0, 15.0, 7.0, 15.0, 47.0, 5.0, 30.0, 5.0, 37.0, 15.0, 35.0, 45.0]
[5.0, 5.0, 5.0, 5.0, 5.0, 5.0, 5.0, 5.0, 9.0, 9.0, 9.0, 9.0, 12.0, 12.0, 8.0, 12.0, 9.0, 9.0, 9.0, 9.0]
[5.0, 5.0, 5.0, 5.0, 5.0, 5.0, 5.0, 5.0, 9.0, 9.0, 9.0, 9.0, 8.0, 8.0, 12.0, 8.0, 9.0, 9.0, 9.0, 9.0]
T = 0.03518437208883203	 step = 837
100.51000000000005
21.106249112215906
[17.0, 17.0, 45.0, 39.0, 35.0, 10.0, 24.0, 33.0, 17.0, 33.0, 45.0, 19.0, 7.0, 20.0, 47.0, 7.0, 6.0, 8.0, 29.0, 46.0]
[24.0, 43.0, 18.0, 34.0, 25.0, 24.0, 46.0, 44.0, 33.0, 15.0, 7.0, 15.0, 47.0, 5.0, 30.0, 5.0, 36.0, 15.0, 35.0, 45.0]
[5.0, 5.0, 5.0, 5.0, 5.0, 5.0, 5.0, 5.0, 9.0, 9.0, 9.0, 9.0, 12.0, 12.0, 8.0, 12.0, 9.0, 9.0, 9.0, 9.0]
[5.0, 5.0, 5.0, 5.0, 5.0, 5.0, 5.0, 5.0, 9.0, 9.0, 9.0, 9.0, 8.0, 8.0, 12.0, 8.0, 9.0, 9.0, 9.0, 9.0]
T = 0.03518437208883203	 step = 838
100.55000000000001
21.043749112215906
[17.0, 17.0, 45.0, 39.0, 35.0, 10.0, 24.0, 33.0, 17.0, 33.0, 45.0, 19.0, 7.0, 20.0, 47.0, 7.0, 6.0, 8.0, 28.0, 46.0]
[24.0, 43.0, 18.0, 34.0, 25.0, 24.0, 46.0, 44.0, 33.0, 15.0, 7.0, 15.0, 47.0, 5.0, 30.0, 5.0, 36.0, 15.0, 35.0, 45.0]
[5.0, 5.0, 5.0, 5.0, 5.0, 5.0, 5.0, 5.0, 9.0, 9.0, 9.0, 9.0, 12.0, 12.0, 8.0, 12.0, 9.0, 9.0, 9.0, 9.0]
[5.0, 5.0, 5.0, 5.0, 5.0, 5.0, 5.0, 5.0, 9.0, 9.0, 9.0, 9.0, 8.0, 8.0, 12.0, 8.0, 9.0, 9.0, 9.0, 9.0]
T = 0.03518437208883203	 step = 839
100.55000000000001
21.016938032670453
[17.0, 17.0, 45.0, 39.0, 35.0, 10.0, 24.0, 33.0, 17.0, 33.0, 45.0, 19.0, 7.0, 20.0, 47.0, 7.0, 6.0, 8.0, 28.0, 46.0]
[24.0, 43.0, 18.0, 34.0, 25.0, 24.0, 46.0, 44.0, 33.0, 15.0, 7.0, 15.0, 47.0, 5.0, 30.0, 5.0, 36.0, 15.0, 35.0, 44.0]
[5.0, 5.0, 5.0, 5.0, 5.0, 5.0, 5.0, 5.0, 9.0, 9.0, 9.0, 9.0, 12.0, 12.0, 8.0, 12.0, 9.0, 9.0, 9.0, 9.0]
[5.0, 5.0, 5.0, 5.0, 5.0, 5.0, 5.0, 5.0, 9.0, 9.0, 9.0, 9.0, 8.0, 8.0, 12.0, 8.0, 9.0, 9.0, 9.0, 9.0]
T = 0.03518437208883203	 step = 840
100.55000000000001
21.043749112215906
[17.0, 17.0, 45.0, 39.0, 35.0, 10.0, 24.0, 33.0, 17.0, 33.0, 45.0, 19.0, 7.0, 20.0, 47.0, 7.0, 6.0, 8.0, 28.0, 46.0]
[24.0, 43.0, 18.0, 34.0, 25.0, 24.0, 46.0, 44.0, 33.0, 15.0, 7.0, 15.0, 47.0, 5.0, 30.0, 5.0, 36.0, 15.0, 35.0, 45.0]
[5.0, 5.0, 5.0, 5.0, 5.0, 5.0, 5.0, 5.0, 9.0, 9.0, 9.0, 9.0, 12.0, 12.0, 8.0, 12.0, 9.0, 9.0, 9.0, 9.0]
[5.0, 5.0, 5.0, 5.0, 5.0, 5.0, 5.0, 5.0, 9.0, 9.0, 9.0, 9.0, 8.0, 8.0, 12.0, 8.0, 9.0, 9.0, 9.0, 9.0]
T = 0.03518437208883203	 step = 841
100.07000000000005
21.043749112215906
[17.0, 17.0, 45.0, 39.0, 35.0, 10.0, 24.0, 33.0, 17.0, 33.0, 45.0, 19.0, 7.0, 20.0, 47.0, 7.0, 6.0, 8.0, 28.0, 46.0]
[24.0, 43.0, 18.0, 34.0, 25.0, 24.0, 46.0, 44.0, 34.0, 15.0, 7.0, 15.0, 47.0, 5.0, 30.0, 5.0, 36.0, 15.0, 35.0, 45.0]
[5.0, 5.0, 5.0, 5.0, 5.0, 5.0, 5.0, 5.0, 9.0, 9.0, 9.0, 9.0, 12.0, 12.0, 8.0, 12.0, 9.0, 9.0, 9.0, 9.0]
[5.0, 5.0, 5.0, 5.0, 5.0, 5.0, 5.0, 5.0, 9.0, 9.0, 9.0, 9.0, 8.0, 8.0, 12.0, 8.0, 9.0, 9.0, 9.0, 9.0]
T = 0.03518437208883203	 step = 842
100.02000000000004
21.016938032670453
[17.0, 17.0, 45.0, 39.0, 35.0, 10.0, 24.0, 33.0, 17.0, 33.0, 45.0, 19.0, 7.0, 20.0, 47.0, 7.0, 6.0, 8.0, 28.0, 46.0]
[24.0, 43.0, 18.0, 34.0, 25.0, 24.0, 46.0, 45.0, 34.0, 15.0, 7.0, 15.0, 47.0, 5.0, 30.0, 5.0, 36.0, 15.0, 35.0, 45.0]
[5.0, 5.0, 5.0, 5.0, 5.0, 5.0, 5.0, 5.0, 9.0, 9.0, 9.0, 9.0, 12.0, 12.0, 8.0, 12.0, 9.0, 9.0, 9.0, 9.0]
[5.0, 5.0, 5.0, 5.0, 5.0, 5.0, 5.0, 5.0, 9.0, 9.0, 9.0, 9.0, 8.0, 8.0, 12.0, 8.0, 9.0, 9.0, 9.0, 9.0]
T = 0.03518437208883203	 step = 843
100.02000000000004
21.079438032670453
[17.0, 17.0, 45.0, 39.0, 35.0, 10.0, 24.0, 33.0, 17.0, 33.0, 45.0, 19.0, 7.0, 20.0, 47.0, 7.0, 6.0, 8.0, 28.0, 46.0]
[24.0, 43.0, 18.0, 34.0, 25.0, 24.0, 46.0, 45.0, 34.0, 15.0, 7.0, 15.0, 47.0, 5.0, 31.0, 5.0, 36.0, 15.0, 35.0, 45.0]
[5.0, 5.0, 5.0, 5.0, 5.0, 5.0, 5.0, 5.0, 9.0, 9.0, 9.0, 9.0, 12.0, 12.0, 8.0, 12.0, 9.0, 9.0, 9.0, 9.0]
[5.0, 5.0, 5.0, 5.0, 5.0, 5.0, 5.0, 5.0, 9.0, 9.0, 9.0, 9.0, 8.0, 8.0, 12.0, 8.0, 9.0, 9.0, 9.0, 9.0]
T = 0.03518437208883203	 step = 844
99.94
21.204438032670453
[17.0, 17.0, 45.0, 39.0, 35.0, 10.0, 24.0, 33.0, 17.0, 33.0, 45.0, 19.0, 7.0, 20.0, 47.0, 7.0, 6.0, 8.0, 28.0, 46.0]
[24.0, 44.0, 18.0, 34.0, 25.0, 24.0, 46.0, 45.0, 34.0, 15.0, 7.0, 15.0, 47.0, 5.0, 31.0, 5.0, 36.0, 15.0, 35.0, 45.0]
[5.0, 5.0, 5.0, 5.0, 5.0, 5.0, 5.0, 5.0, 9.0, 9.0, 9.0, 9.0, 12.0, 12.0, 8.0, 12.0, 9.0, 9.0, 9.0, 9.0]
[5.0, 5.0, 5.0, 5.0, 5.0, 5.0, 5.0, 5.0, 9.0, 9.0, 9.0, 9.0, 8.0, 8.0, 12.0, 8.0, 9.0, 9.0, 9.0, 9.0]
T = 0.03518437208883203	 step = 845
100.16000000000003
21.204438032670456
[17.0, 17.0, 45.0, 39.0, 35.0, 10.0, 24.0, 33.0, 17.0, 32.0, 45.0, 19.0, 7.0, 20.0, 47.0, 7.0, 6.0, 8.0, 28.0, 46.0]
[24.0, 44.0, 18.0, 34.0, 25.0, 24.0, 46.0, 45.0, 34.0, 15.0, 7.0, 15.0, 47.0, 5.0, 31.0, 5.0, 36.0, 15.0, 35.0, 45.0]
[5.0, 5.0, 5.0, 5.0, 5.0, 5.0, 5.0, 5.0, 9.0, 9.0, 9.0, 9.0, 12.0, 12.0, 8.0, 12.0, 9.0, 9.0, 9.0, 9.0]
[5.0, 5.0, 5.0, 5.0, 5.0, 5.0, 5.0, 5.0, 9.0, 9.0, 9.0, 9.0, 8.0, 8.0, 12.0, 8.0, 9.0, 9.0, 9.0, 9.0]
T = 0.03518437208883203	 step = 846
100.12
21.230966796875
[17.0, 17.0, 45.0, 39.0, 35.0, 10.0, 24.0, 33.0, 17.0, 32.0, 45.0, 19.0, 7.0, 20.0, 47.0, 7.0, 6.0, 8.0, 28.0, 46.0]
[24.0, 44.0, 18.0, 34.0, 25.0, 24.0, 46.0, 46.0, 34.0, 15.0, 7.0, 15.0, 47.0, 5.0, 31.0, 5.0, 36.0, 15.0, 35.0, 45.0]
[5.0, 5.0, 5.0, 5.0, 5.0, 5.0, 5.0, 5.0, 9.0, 9.0, 9.0, 9.0, 12.0, 12.0, 8.0, 12.0, 9.0, 9.0, 9.0, 9.0]
[5.0, 5.0, 5.0, 5.0, 5.0, 5.0, 5.0, 5.0, 9.0, 9.0, 9.0, 9.0, 8.0, 8.0, 12.0, 8.0, 9.0, 9.0, 9.0, 9.0]
T = 0.03518437208883203	 step = 847
100.11000000000001
21.293466796875002
[17.0, 17.0, 45.0, 39.0, 35.0, 10.0, 24.0, 33.0, 17.0, 32.0, 45.0, 19.0, 7.0, 20.0, 47.0, 7.0, 6.0, 8.0, 28.0, 46.0]
[24.0, 44.0, 18.0, 34.0, 26.0, 24.0, 46.0, 46.0, 34.0, 15.0, 7.0, 15.0, 47.0, 5.0, 31.0, 5.0, 36.0, 15.0, 35.0, 45.0]
[5.0, 5.0, 5.0, 5.0, 5.0, 5.0, 5.0, 5.0, 9.0, 9.0, 9.0, 9.0, 12.0, 12.0, 8.0, 12.0, 9.0, 9.0, 9.0, 9.0]
[5.0, 5.0, 5.0, 5.0, 5.0, 5.0, 5.0, 5.0, 9.0, 9.0, 9.0, 9.0, 8.0, 8.0, 12.0, 8.0, 9.0, 9.0, 9.0, 9.0]
T = 0.03518437208883203	 step = 848
99.88
21.418466796875002
[17.0, 17.0, 45.0, 39.0, 35.0, 9.0, 24.0, 33.0, 17.0, 32.0, 45.0, 19.0, 7.0, 20.0, 47.0, 7.0, 6.0, 8.0, 28.0, 46.0]
[24.0, 44.0, 18.0, 34.0, 26.0, 24.0, 46.0, 46.0, 34.0, 15.0, 7.0, 15.0, 47.0, 5.0, 31.0, 5.0, 36.0, 15.0, 35.0, 45.0]
[5.0, 5.0, 5.0, 5.0, 5.0, 5.0, 5.0, 5.0, 9.0, 9.0, 9.0, 9.0, 12.0, 12.0, 8.0, 12.0, 9.0, 9.0, 9.0, 9.0]
[5.0, 5.0, 5.0, 5.0, 5.0, 5.0, 5.0, 5.0, 9.0, 9.0, 9.0, 9.0, 8.0, 8.0, 12.0, 8.0, 9.0, 9.0, 9.0, 9.0]
T = 0.03518437208883203	 step = 849
99.93
21.258293235085226
[17.0, 17.0, 45.0, 39.0, 35.0, 9.0, 24.0, 33.0, 17.0, 32.0, 45.0, 19.0, 7.0, 20.0, 47.0, 7.0, 6.0, 8.0, 28.0, 43.0]
[24.0, 44.0, 18.0, 34.0, 26.0, 24.0, 46.0, 46.0, 34.0, 15.0, 7.0, 15.0, 47.0, 5.0, 31.0, 5.0, 36.0, 15.0, 35.0, 44.0]
[5.0, 5.0, 5.0, 5.0, 5.0, 5.0, 5.0, 5.0, 9.0, 9.0, 9.0, 9.0, 12.0, 12.0, 8.0, 12.0, 9.0, 9.0, 9.0, 9.0]
[5.0, 5.0, 5.0, 5.0, 5.0, 5.0, 5.0, 5.0, 9.0, 9.0, 9.0, 9.0, 8.0, 8.0, 12.0, 8.0, 9.0, 9.0, 9.0, 9.0]
T = 0.028147497671065627	 step = 850
99.98000000000002
21.195793235085226
[17.0, 17.0, 45.0, 39.0, 35.0, 9.0, 24.0, 33.0, 17.0, 32.0, 45.0, 19.0, 7.0, 20.0, 47.0, 7.0, 6.0, 8.0, 28.0, 43.0]
[24.0, 44.0, 18.0, 34.0, 26.0, 24.0, 45.0, 46.0, 34.0, 15.0, 7.0, 15.0, 47.0, 5.0, 31.0, 5.0, 36.0, 15.0, 35.0, 44.0]
[5.0, 5.0, 5.0, 5.0, 5.0, 5.0, 5.0, 5.0, 9.0, 9.0, 9.0, 9.0, 12.0, 12.0, 8.0, 12.0, 9.0, 9.0, 9.0, 9.0]
[5.0, 5.0, 5.0, 5.0, 5.0, 5.0, 5.0, 5.0, 9.0, 9.0, 9.0, 9.0, 8.0, 8.0, 12.0, 8.0, 9.0, 9.0, 9.0, 9.0]
T = 0.028147497671065627	 step = 851
99.85000000000002
21.2144775390625
[17.0, 17.0, 45.0, 39.0, 35.0, 9.0, 24.0, 33.0, 17.0, 32.0, 45.0, 20.0, 7.0, 20.0, 47.0, 7.0, 6.0, 8.0, 28.0, 43.0]
[24.0, 44.0, 18.0, 34.0, 26.0, 24.0, 45.0, 46.0, 34.0, 15.0, 7.0, 15.0, 47.0, 5.0, 31.0, 5.0, 36.0, 15.0, 35.0, 44.0]
[5.0, 5.0, 5.0, 5.0, 5.0, 5.0, 5.0, 5.0, 9.0, 9.0, 9.0, 9.0, 12.0, 12.0, 8.0, 12.0, 9.0, 9.0, 9.0, 9.0]
[5.0, 5.0, 5.0, 5.0, 5.0, 5.0, 5.0, 5.0, 9.0, 9.0, 9.0, 9.0, 8.0, 8.0, 12.0, 8.0, 9.0, 9.0, 9.0, 9.0]
T = 0.028147497671065627	 step = 852
99.79000000000002
21.3394775390625
[17.0, 17.0, 45.0, 39.0, 35.0, 9.0, 24.0, 33.0, 17.0, 32.0, 45.0, 20.0, 7.0, 20.0, 47.0, 7.0, 6.0, 8.0, 28.0, 43.0]
[24.0, 44.0, 18.0, 34.0, 26.0, 24.0, 45.0, 46.0, 34.0, 15.0, 6.0, 15.0, 47.0, 5.0, 31.0, 5.0, 36.0, 15.0, 35.0, 44.0]
[5.0, 5.0, 5.0, 5.0, 5.0, 5.0, 5.0, 5.0, 9.0, 9.0, 9.0, 9.0, 12.0, 12.0, 8.0, 12.0, 9.0, 9.0, 9.0, 9.0]
[5.0, 5.0, 5.0, 5.0, 5.0, 5.0, 5.0, 5.0, 9.0, 9.0, 9.0, 9.0, 8.0, 8.0, 12.0, 8.0, 9.0, 9.0, 9.0, 9.0]
T = 0.028147497671065627	 step = 853
99.75
21.4644775390625
[17.0, 17.0, 46.0, 39.0, 35.0, 9.0, 24.0, 33.0, 17.0, 32.0, 45.0, 20.0, 7.0, 20.0, 47.0, 7.0, 6.0, 8.0, 28.0, 43.0]
[24.0, 44.0, 18.0, 34.0, 26.0, 24.0, 45.0, 46.0, 34.0, 15.0, 6.0, 15.0, 47.0, 5.0, 31.0, 5.0, 36.0, 15.0, 35.0, 44.0]
[5.0, 5.0, 5.0, 5.0, 5.0, 5.0, 5.0, 5.0, 9.0, 9.0, 9.0, 9.0, 12.0, 12.0, 8.0, 12.0, 9.0, 9.0, 9.0, 9.0]
[5.0, 5.0, 5.0, 5.0, 5.0, 5.0, 5.0, 5.0, 9.0, 9.0, 9.0, 9.0, 8.0, 8.0, 12.0, 8.0, 9.0, 9.0, 9.0, 9.0]
T = 0.028147497671065627	 step = 854
99.68
21.5347900390625
[17.0, 17.0, 46.0, 39.0, 35.0, 9.0, 24.0, 33.0, 17.0, 32.0, 46.0, 20.0, 7.0, 20.0, 47.0, 7.0, 6.0, 8.0, 28.0, 43.0]
[24.0, 44.0, 18.0, 34.0, 26.0, 24.0, 45.0, 46.0, 34.0, 15.0, 6.0, 15.0, 47.0, 5.0, 31.0, 5.0, 36.0, 15.0, 35.0, 44.0]
[5.0, 5.0, 5.0, 5.0, 5.0, 5.0, 5.0, 5.0, 9.0, 9.0, 9.0, 9.0, 12.0, 12.0, 8.0, 12.0, 9.0, 9.0, 9.0, 9.0]
[5.0, 5.0, 5.0, 5.0, 5.0, 5.0, 5.0, 5.0, 9.0, 9.0, 9.0, 9.0, 8.0, 8.0, 12.0, 8.0, 9.0, 9.0, 9.0, 9.0]
T = 0.028147497671065627	 step = 855
99.64000000000004
21.5972900390625
[17.0, 17.0, 46.0, 39.0, 35.0, 9.0, 24.0, 33.0, 17.0, 32.0, 46.0, 20.0, 7.0, 20.0, 47.0, 7.0, 6.0, 8.0, 29.0, 43.0]
[24.0, 44.0, 18.0, 34.0, 26.0, 24.0, 45.0, 46.0, 34.0, 15.0, 6.0, 15.0, 47.0, 5.0, 31.0, 5.0, 36.0, 15.0, 35.0, 44.0]
[5.0, 5.0, 5.0, 5.0, 5.0, 5.0, 5.0, 5.0, 9.0, 9.0, 9.0, 9.0, 12.0, 12.0, 8.0, 12.0, 9.0, 9.0, 9.0, 9.0]
[5.0, 5.0, 5.0, 5.0, 5.0, 5.0, 5.0, 5.0, 9.0, 9.0, 9.0, 9.0, 8.0, 8.0, 12.0, 8.0, 9.0, 9.0, 9.0, 9.0]
T = 0.028147497671065627	 step = 856
99.84000000000003
21.095850053267043
[17.0, 17.0, 41.0, 39.0, 35.0, 9.0, 24.0, 33.0, 17.0, 32.0, 46.0, 20.0, 7.0, 20.0, 47.0, 7.0, 6.0, 8.0, 29.0, 43.0]
[24.0, 44.0, 17.0, 34.0, 26.0, 24.0, 45.0, 46.0, 34.0, 15.0, 6.0, 15.0, 47.0, 5.0, 31.0, 5.0, 36.0, 15.0, 35.0, 44.0]
[5.0, 5.0, 5.0, 5.0, 5.0, 5.0, 5.0, 5.0, 9.0, 9.0, 9.0, 9.0, 12.0, 12.0, 8.0, 12.0, 9.0, 9.0, 9.0, 9.0]
[5.0, 5.0, 5.0, 5.0, 5.0, 5.0, 5.0, 5.0, 9.0, 9.0, 9.0, 9.0, 8.0, 8.0, 12.0, 8.0, 9.0, 9.0, 9.0, 9.0]
T = 0.028147497671065627	 step = 857
99.88
21.033350053267046
[17.0, 17.0, 41.0, 39.0, 35.0, 9.0, 24.0, 33.0, 17.0, 32.0, 46.0, 20.0, 7.0, 20.0, 47.0, 7.0, 6.0, 8.0, 28.0, 43.0]
[24.0, 44.0, 17.0, 34.0, 26.0, 24.0, 45.0, 46.0, 34.0, 15.0, 6.0, 15.0, 47.0, 5.0, 31.0, 5.0, 36.0, 15.0, 35.0, 44.0]
[5.0, 5.0, 5.0, 5.0, 5.0, 5.0, 5.0, 5.0, 9.0, 9.0, 9.0, 9.0, 12.0, 12.0, 8.0, 12.0, 9.0, 9.0, 9.0, 9.0]
[5.0, 5.0, 5.0, 5.0, 5.0, 5.0, 5.0, 5.0, 9.0, 9.0, 9.0, 9.0, 8.0, 8.0, 12.0, 8.0, 9.0, 9.0, 9.0, 9.0]
T = 0.028147497671065627	 step = 858
99.46000000000004
21.03345481178977
[17.0, 17.0, 41.0, 39.0, 35.0, 9.0, 24.0, 33.0, 17.0, 32.0, 46.0, 20.0, 7.0, 20.0, 47.0, 7.0, 6.0, 8.0, 28.0, 43.0]
[24.0, 44.0, 17.0, 34.0, 26.0, 24.0, 45.0, 46.0, 35.0, 15.0, 6.0, 15.0, 47.0, 5.0, 31.0, 5.0, 36.0, 15.0, 35.0, 44.0]
[5.0, 5.0, 5.0, 5.0, 5.0, 5.0, 5.0, 5.0, 9.0, 9.0, 9.0, 9.0, 12.0, 12.0, 8.0, 12.0, 9.0, 9.0, 9.0, 9.0]
[5.0, 5.0, 5.0, 5.0, 5.0, 5.0, 5.0, 5.0, 9.0, 9.0, 9.0, 9.0, 8.0, 8.0, 12.0, 8.0, 9.0, 9.0, 9.0, 9.0]
T = 0.028147497671065627	 step = 859
99.45000000000005
20.97095481178977
[17.0, 17.0, 41.0, 39.0, 35.0, 9.0, 24.0, 33.0, 17.0, 32.0, 46.0, 20.0, 7.0, 21.0, 47.0, 7.0, 6.0, 8.0, 28.0, 43.0]
[24.0, 44.0, 17.0, 34.0, 26.0, 24.0, 45.0, 46.0, 35.0, 15.0, 6.0, 15.0, 47.0, 5.0, 31.0, 5.0, 36.0, 15.0, 35.0, 44.0]
[5.0, 5.0, 5.0, 5.0, 5.0, 5.0, 5.0, 5.0, 9.0, 9.0, 9.0, 9.0, 12.0, 12.0, 8.0, 12.0, 9.0, 9.0, 9.0, 9.0]
[5.0, 5.0, 5.0, 5.0, 5.0, 5.0, 5.0, 5.0, 9.0, 9.0, 9.0, 9.0, 8.0, 8.0, 12.0, 8.0, 9.0, 9.0, 9.0, 9.0]
T = 0.028147497671065627	 step = 860
99.5
20.87451305042614
[17.0, 17.0, 41.0, 38.0, 35.0, 9.0, 24.0, 33.0, 17.0, 32.0, 46.0, 20.0, 7.0, 21.0, 47.0, 7.0, 6.0, 8.0, 28.0, 43.0]
[24.0, 44.0, 17.0, 34.0, 26.0, 24.0, 45.0, 46.0, 35.0, 15.0, 6.0, 15.0, 47.0, 5.0, 31.0, 5.0, 36.0, 15.0, 35.0, 44.0]
[5.0, 5.0, 5.0, 5.0, 5.0, 5.0, 5.0, 5.0, 9.0, 9.0, 9.0, 9.0, 12.0, 12.0, 8.0, 12.0, 9.0, 9.0, 9.0, 9.0]
[5.0, 5.0, 5.0, 5.0, 5.0, 5.0, 5.0, 5.0, 9.0, 9.0, 9.0, 9.0, 8.0, 8.0, 12.0, 8.0, 9.0, 9.0, 9.0, 9.0]
T = 0.028147497671065627	 step = 861
99.40000000000003
20.74951305042614
[17.0, 17.0, 41.0, 38.0, 35.0, 9.0, 24.0, 33.0, 17.0, 32.0, 46.0, 20.0, 7.0, 21.0, 47.0, 7.0, 6.0, 8.0, 28.0, 43.0]
[25.0, 44.0, 17.0, 34.0, 26.0, 24.0, 45.0, 46.0, 35.0, 15.0, 6.0, 15.0, 47.0, 5.0, 31.0, 5.0, 36.0, 15.0, 35.0, 44.0]
[5.0, 5.0, 5.0, 5.0, 5.0, 5.0, 5.0, 5.0, 9.0, 9.0, 9.0, 9.0, 12.0, 12.0, 8.0, 12.0, 9.0, 9.0, 9.0, 9.0]
[5.0, 5.0, 5.0, 5.0, 5.0, 5.0, 5.0, 5.0, 9.0, 9.0, 9.0, 9.0, 8.0, 8.0, 12.0, 8.0, 9.0, 9.0, 9.0, 9.0]
T = 0.028147497671065627	 step = 862
99.73000000000002
20.859541459517047
[17.0, 17.0, 41.0, 38.0, 35.0, 9.0, 24.0, 33.0, 17.0, 32.0, 46.0, 20.0, 7.0, 21.0, 47.0, 7.0, 6.0, 8.0, 28.0, 43.0]
[25.0, 44.0, 17.0, 34.0, 26.0, 24.0, 45.0, 46.0, 35.0, 16.0, 6.0, 15.0, 47.0, 5.0, 31.0, 5.0, 36.0, 15.0, 35.0, 44.0]
[5.0, 5.0, 5.0, 5.0, 5.0, 5.0, 5.0, 5.0, 9.0, 9.0, 9.0, 9.0, 12.0, 12.0, 8.0, 12.0, 9.0, 9.0, 9.0, 9.0]
[5.0, 5.0, 5.0, 5.0, 5.0, 5.0, 5.0, 5.0, 9.0, 9.0, 9.0, 9.0, 8.0, 8.0, 12.0, 8.0, 9.0, 9.0, 9.0, 9.0]
T = 0.028147497671065627	 step = 863
99.91000000000003
20.749513050426135
[17.0, 17.0, 41.0, 38.0, 35.0, 9.0, 24.0, 33.0, 17.0, 32.0, 46.0, 20.0, 7.0, 21.0, 47.0, 7.0, 6.0, 8.0, 28.0, 43.0]
[25.0, 44.0, 17.0, 34.0, 26.0, 24.0, 45.0, 46.0, 34.0, 15.0, 6.0, 15.0, 47.0, 5.0, 31.0, 5.0, 36.0, 15.0, 35.0, 44.0]
[5.0, 5.0, 5.0, 5.0, 5.0, 5.0, 5.0, 5.0, 9.0, 9.0, 9.0, 9.0, 12.0, 12.0, 8.0, 12.0, 9.0, 9.0, 9.0, 9.0]
[5.0, 5.0, 5.0, 5.0, 5.0, 5.0, 5.0, 5.0, 9.0, 9.0, 9.0, 9.0, 8.0, 8.0, 12.0, 8.0, 9.0, 9.0, 9.0, 9.0]
T = 0.028147497671065627	 step = 864
99.41000000000003
20.81201305042614
[17.0, 17.0, 41.0, 38.0, 35.0, 9.0, 24.0, 33.0, 17.0, 32.0, 46.0, 20.0, 7.0, 20.0, 47.0, 7.0, 6.0, 8.0, 28.0, 43.0]
[25.0, 44.0, 17.0, 34.0, 26.0, 24.0, 45.0, 46.0, 35.0, 15.0, 6.0, 15.0, 47.0, 5.0, 31.0, 5.0, 36.0, 15.0, 35.0, 44.0]
[5.0, 5.0, 5.0, 5.0, 5.0, 5.0, 5.0, 5.0, 9.0, 9.0, 9.0, 9.0, 12.0, 12.0, 8.0, 12.0, 9.0, 9.0, 9.0, 9.0]
[5.0, 5.0, 5.0, 5.0, 5.0, 5.0, 5.0, 5.0, 9.0, 9.0, 9.0, 9.0, 8.0, 8.0, 12.0, 8.0, 9.0, 9.0, 9.0, 9.0]
T = 0.028147497671065627	 step = 865
99.33000000000004
20.93701305042614
[17.0, 17.0, 41.0, 38.0, 35.0, 9.0, 24.0, 33.0, 17.0, 32.0, 46.0, 20.0, 7.0, 20.0, 47.0, 7.0, 6.0, 8.0, 28.0, 43.0]
[25.0, 45.0, 17.0, 34.0, 26.0, 24.0, 45.0, 46.0, 35.0, 15.0, 6.0, 15.0, 47.0, 5.0, 31.0, 5.0, 36.0, 15.0, 35.0, 44.0]
[5.0, 5.0, 5.0, 5.0, 5.0, 5.0, 5.0, 5.0, 9.0, 9.0, 9.0, 9.0, 12.0, 12.0, 8.0, 12.0, 9.0, 9.0, 9.0, 9.0]
[5.0, 5.0, 5.0, 5.0, 5.0, 5.0, 5.0, 5.0, 9.0, 9.0, 9.0, 9.0, 8.0, 8.0, 12.0, 8.0, 9.0, 9.0, 9.0, 9.0]
T = 0.028147497671065627	 step = 866
99.27000000000004
20.999408291903407
[17.0, 17.0, 41.0, 38.0, 35.0, 9.0, 24.0, 33.0, 17.0, 32.0, 46.0, 20.0, 7.0, 20.0, 47.0, 7.0, 6.0, 8.0, 28.0, 43.0]
[25.0, 45.0, 17.0, 34.0, 26.0, 24.0, 46.0, 46.0, 35.0, 15.0, 6.0, 15.0, 47.0, 5.0, 31.0, 5.0, 36.0, 15.0, 35.0, 44.0]
[5.0, 5.0, 5.0, 5.0, 5.0, 5.0, 5.0, 5.0, 9.0, 9.0, 9.0, 9.0, 12.0, 12.0, 8.0, 12.0, 9.0, 9.0, 9.0, 9.0]
[5.0, 5.0, 5.0, 5.0, 5.0, 5.0, 5.0, 5.0, 9.0, 9.0, 9.0, 9.0, 8.0, 8.0, 12.0, 8.0, 9.0, 9.0, 9.0, 9.0]
T = 0.028147497671065627	 step = 867
99.23000000000002
21.061908291903407
[17.0, 17.0, 41.0, 38.0, 35.0, 9.0, 24.0, 33.0, 17.0, 32.0, 46.0, 20.0, 7.0, 20.0, 47.0, 7.0, 6.0, 8.0, 28.0, 43.0]
[25.0, 45.0, 17.0, 34.0, 26.0, 24.0, 46.0, 46.0, 35.0, 15.0, 6.0, 15.0, 48.0, 5.0, 31.0, 5.0, 36.0, 15.0, 35.0, 44.0]
[5.0, 5.0, 5.0, 5.0, 5.0, 5.0, 5.0, 5.0, 9.0, 9.0, 9.0, 9.0, 12.0, 12.0, 8.0, 12.0, 9.0, 9.0, 9.0, 9.0]
[5.0, 5.0, 5.0, 5.0, 5.0, 5.0, 5.0, 5.0, 9.0, 9.0, 9.0, 9.0, 8.0, 8.0, 12.0, 8.0, 9.0, 9.0, 9.0, 9.0]
T = 0.028147497671065627	 step = 868
99.32000000000005
20.936908291903407
[17.0, 17.0, 41.0, 38.0, 35.0, 9.0, 24.0, 33.0, 17.0, 32.0, 46.0, 20.0, 7.0, 20.0, 47.0, 7.0, 6.0, 8.0, 28.0, 43.0]
[25.0, 44.0, 17.0, 34.0, 26.0, 24.0, 46.0, 46.0, 35.0, 15.0, 6.0, 15.0, 48.0, 5.0, 31.0, 5.0, 36.0, 15.0, 35.0, 44.0]
[5.0, 5.0, 5.0, 5.0, 5.0, 5.0, 5.0, 5.0, 9.0, 9.0, 9.0, 9.0, 12.0, 12.0, 8.0, 12.0, 9.0, 9.0, 9.0, 9.0]
[5.0, 5.0, 5.0, 5.0, 5.0, 5.0, 5.0, 5.0, 9.0, 9.0, 9.0, 9.0, 8.0, 8.0, 12.0, 8.0, 9.0, 9.0, 9.0, 9.0]
T = 0.028147497671065627	 step = 869
99.87
21.923488547585226
[17.0, 17.0, 41.0, 38.0, 35.0, 48.0, 24.0, 33.0, 17.0, 32.0, 46.0, 20.0, 7.0, 20.0, 47.0, 7.0, 6.0, 8.0, 28.0, 43.0]
[25.0, 44.0, 17.0, 34.0, 26.0, 16.0, 46.0, 46.0, 35.0, 15.0, 6.0, 15.0, 48.0, 5.0, 31.0, 5.0, 36.0, 15.0, 35.0, 44.0]
[5.0, 5.0, 5.0, 5.0, 5.0, 5.0, 5.0, 5.0, 9.0, 9.0, 9.0, 9.0, 12.0, 12.0, 8.0, 12.0, 9.0, 9.0, 9.0, 9.0]
[5.0, 5.0, 5.0, 5.0, 5.0, 5.0, 5.0, 5.0, 9.0, 9.0, 9.0, 9.0, 8.0, 8.0, 12.0, 8.0, 9.0, 9.0, 9.0, 9.0]
T = 0.028147497671065627	 step = 870
99.23000000000002
21.061908291903407
[17.0, 17.0, 41.0, 38.0, 35.0, 9.0, 24.0, 33.0, 17.0, 32.0, 46.0, 20.0, 7.0, 20.0, 47.0, 7.0, 6.0, 8.0, 28.0, 43.0]
[25.0, 45.0, 17.0, 34.0, 26.0, 24.0, 46.0, 46.0, 35.0, 15.0, 6.0, 15.0, 48.0, 5.0, 31.0, 5.0, 36.0, 15.0, 35.0, 44.0]
[5.0, 5.0, 5.0, 5.0, 5.0, 5.0, 5.0, 5.0, 9.0, 9.0, 9.0, 9.0, 12.0, 12.0, 8.0, 12.0, 9.0, 9.0, 9.0, 9.0]
[5.0, 5.0, 5.0, 5.0, 5.0, 5.0, 5.0, 5.0, 9.0, 9.0, 9.0, 9.0, 8.0, 8.0, 12.0, 8.0, 9.0, 9.0, 9.0, 9.0]
T = 0.028147497671065627	 step = 871
99.19
21.124408291903407
[17.0, 17.0, 41.0, 38.0, 35.0, 9.0, 24.0, 33.0, 17.0, 32.0, 46.0, 20.0, 7.0, 20.0, 47.0, 7.0, 6.0, 7.0, 28.0, 43.0]
[25.0, 45.0, 17.0, 34.0, 26.0, 24.0, 46.0, 46.0, 35.0, 15.0, 6.0, 15.0, 48.0, 5.0, 31.0, 5.0, 36.0, 15.0, 35.0, 44.0]
[5.0, 5.0, 5.0, 5.0, 5.0, 5.0, 5.0, 5.0, 9.0, 9.0, 9.0, 9.0, 12.0, 12.0, 8.0, 12.0, 9.0, 9.0, 9.0, 9.0]
[5.0, 5.0, 5.0, 5.0, 5.0, 5.0, 5.0, 5.0, 9.0, 9.0, 9.0, 9.0, 8.0, 8.0, 12.0, 8.0, 9.0, 9.0, 9.0, 9.0]
T = 0.028147497671065627	 step = 872
99.23000000000002
21.186908291903407
[17.0, 17.0, 41.0, 38.0, 35.0, 9.0, 24.0, 33.0, 17.0, 32.0, 46.0, 20.0, 7.0, 20.0, 47.0, 7.0, 6.0, 7.0, 28.0, 43.0]
[25.0, 45.0, 17.0, 34.0, 26.0, 24.0, 46.0, 46.0, 35.0, 15.0, 6.0, 15.0, 48.0, 5.0, 31.0, 5.0, 35.0, 15.0, 35.0, 44.0]
[5.0, 5.0, 5.0, 5.0, 5.0, 5.0, 5.0, 5.0, 9.0, 9.0, 9.0, 9.0, 12.0, 12.0, 8.0, 12.0, 9.0, 9.0, 9.0, 9.0]
[5.0, 5.0, 5.0, 5.0, 5.0, 5.0, 5.0, 5.0, 9.0, 9.0, 9.0, 9.0, 8.0, 8.0, 12.0, 8.0, 9.0, 9.0, 9.0, 9.0]
T = 0.028147497671065627	 step = 873
99.19
21.249408291903407
[17.0, 17.0, 41.0, 38.0, 35.0, 9.0, 24.0, 33.0, 17.0, 32.0, 46.0, 20.0, 7.0, 20.0, 47.0, 7.0, 6.0, 7.0, 28.0, 43.0]
[25.0, 45.0, 17.0, 34.0, 26.0, 24.0, 46.0, 46.0, 35.0, 15.0, 6.0, 15.0, 48.0, 5.0, 31.0, 5.0, 35.0, 15.0, 36.0, 44.0]
[5.0, 5.0, 5.0, 5.0, 5.0, 5.0, 5.0, 5.0, 9.0, 9.0, 9.0, 9.0, 12.0, 12.0, 8.0, 12.0, 9.0, 9.0, 9.0, 9.0]
[5.0, 5.0, 5.0, 5.0, 5.0, 5.0, 5.0, 5.0, 9.0, 9.0, 9.0, 9.0, 8.0, 8.0, 12.0, 8.0, 9.0, 9.0, 9.0, 9.0]
T = 0.028147497671065627	 step = 874
99.39000000000004
21.179095791903407
[17.0, 17.0, 41.0, 38.0, 35.0, 9.0, 24.0, 33.0, 17.0, 32.0, 45.0, 20.0, 7.0, 20.0, 47.0, 7.0, 6.0, 7.0, 28.0, 43.0]
[25.0, 45.0, 17.0, 34.0, 26.0, 24.0, 46.0, 46.0, 35.0, 15.0, 6.0, 15.0, 48.0, 5.0, 31.0, 5.0, 35.0, 15.0, 36.0, 44.0]
[5.0, 5.0, 5.0, 5.0, 5.0, 5.0, 5.0, 5.0, 9.0, 9.0, 9.0, 9.0, 12.0, 12.0, 8.0, 12.0, 9.0, 9.0, 9.0, 9.0]
[5.0, 5.0, 5.0, 5.0, 5.0, 5.0, 5.0, 5.0, 9.0, 9.0, 9.0, 9.0, 8.0, 8.0, 12.0, 8.0, 9.0, 9.0, 9.0, 9.0]
T = 0.028147497671065627	 step = 875
99.43
21.054095791903407
[17.0, 17.0, 41.0, 38.0, 35.0, 9.0, 24.0, 33.0, 17.0, 32.0, 45.0, 20.0, 7.0, 20.0, 47.0, 7.0, 6.0, 7.0, 28.0, 43.0]
[25.0, 44.0, 17.0, 34.0, 26.0, 24.0, 46.0, 46.0, 35.0, 15.0, 6.0, 15.0, 48.0, 5.0, 31.0, 5.0, 35.0, 15.0, 36.0, 44.0]
[5.0, 5.0, 5.0, 5.0, 5.0, 5.0, 5.0, 5.0, 9.0, 9.0, 9.0, 9.0, 12.0, 12.0, 8.0, 12.0, 9.0, 9.0, 9.0, 9.0]
[5.0, 5.0, 5.0, 5.0, 5.0, 5.0, 5.0, 5.0, 9.0, 9.0, 9.0, 9.0, 8.0, 8.0, 12.0, 8.0, 9.0, 9.0, 9.0, 9.0]
T = 0.028147497671065627	 step = 876
99.47000000000003
21.026874112215907
[17.0, 17.0, 41.0, 38.0, 35.0, 9.0, 24.0, 33.0, 17.0, 32.0, 45.0, 20.0, 7.0, 20.0, 47.0, 7.0, 6.0, 7.0, 28.0, 43.0]
[25.0, 44.0, 17.0, 34.0, 26.0, 24.0, 46.0, 45.0, 35.0, 15.0, 6.0, 15.0, 48.0, 5.0, 31.0, 5.0, 35.0, 15.0, 36.0, 44.0]
[5.0, 5.0, 5.0, 5.0, 5.0, 5.0, 5.0, 5.0, 9.0, 9.0, 9.0, 9.0, 12.0, 12.0, 8.0, 12.0, 9.0, 9.0, 9.0, 9.0]
[5.0, 5.0, 5.0, 5.0, 5.0, 5.0, 5.0, 5.0, 9.0, 9.0, 9.0, 9.0, 8.0, 8.0, 12.0, 8.0, 9.0, 9.0, 9.0, 9.0]
T = 0.028147497671065627	 step = 877
99.52000000000004
20.964374112215907
[17.0, 17.0, 41.0, 38.0, 35.0, 9.0, 24.0, 33.0, 17.0, 32.0, 45.0, 20.0, 7.0, 21.0, 47.0, 7.0, 6.0, 7.0, 28.0, 43.0]
[25.0, 44.0, 17.0, 34.0, 26.0, 24.0, 46.0, 45.0, 35.0, 15.0, 6.0, 15.0, 48.0, 5.0, 31.0, 5.0, 35.0, 15.0, 36.0, 44.0]
[5.0, 5.0, 5.0, 5.0, 5.0, 5.0, 5.0, 5.0, 9.0, 9.0, 9.0, 9.0, 12.0, 12.0, 8.0, 12.0, 9.0, 9.0, 9.0, 9.0]
[5.0, 5.0, 5.0, 5.0, 5.0, 5.0, 5.0, 5.0, 9.0, 9.0, 9.0, 9.0, 8.0, 8.0, 12.0, 8.0, 9.0, 9.0, 9.0, 9.0]
T = 0.028147497671065627	 step = 878
99.39000000000004
21.026769353693183
[17.0, 17.0, 41.0, 38.0, 35.0, 9.0, 24.0, 33.0, 17.0, 32.0, 45.0, 20.0, 7.0, 21.0, 47.0, 7.0, 6.0, 7.0, 28.0, 43.0]
[25.0, 44.0, 17.0, 34.0, 27.0, 24.0, 46.0, 45.0, 35.0, 15.0, 6.0, 15.0, 48.0, 5.0, 31.0, 5.0, 35.0, 15.0, 36.0, 44.0]
[5.0, 5.0, 5.0, 5.0, 5.0, 5.0, 5.0, 5.0, 9.0, 9.0, 9.0, 9.0, 12.0, 12.0, 8.0, 12.0, 9.0, 9.0, 9.0, 9.0]
[5.0, 5.0, 5.0, 5.0, 5.0, 5.0, 5.0, 5.0, 9.0, 9.0, 9.0, 9.0, 8.0, 8.0, 12.0, 8.0, 9.0, 9.0, 9.0, 9.0]
T = 0.028147497671065627	 step = 879
99.62
20.954390092329543
[17.0, 17.0, 41.0, 38.0, 35.0, 9.0, 24.0, 33.0, 17.0, 32.0, 44.0, 20.0, 7.0, 21.0, 47.0, 7.0, 6.0, 7.0, 28.0, 43.0]
[25.0, 44.0, 17.0, 34.0, 27.0, 24.0, 46.0, 45.0, 35.0, 15.0, 6.0, 15.0, 48.0, 5.0, 31.0, 5.0, 35.0, 15.0, 36.0, 44.0]
[5.0, 5.0, 5.0, 5.0, 5.0, 5.0, 5.0, 5.0, 9.0, 9.0, 9.0, 9.0, 12.0, 12.0, 8.0, 12.0, 9.0, 9.0, 9.0, 9.0]
[5.0, 5.0, 5.0, 5.0, 5.0, 5.0, 5.0, 5.0, 9.0, 9.0, 9.0, 9.0, 8.0, 8.0, 12.0, 8.0, 9.0, 9.0, 9.0, 9.0]
T = 0.028147497671065627	 step = 880
99.94
20.954390092329543
[17.0, 17.0, 41.0, 38.0, 35.0, 9.0, 24.0, 33.0, 17.0, 32.0, 44.0, 20.0, 7.0, 21.0, 47.0, 7.0, 6.0, 7.0, 28.0, 43.0]
[25.0, 44.0, 17.0, 34.0, 27.0, 24.0, 46.0, 45.0, 34.0, 15.0, 6.0, 15.0, 48.0, 5.0, 31.0, 5.0, 35.0, 15.0, 36.0, 44.0]
[5.0, 5.0, 5.0, 5.0, 5.0, 5.0, 5.0, 5.0, 9.0, 9.0, 9.0, 9.0, 12.0, 12.0, 8.0, 12.0, 9.0, 9.0, 9.0, 9.0]
[5.0, 5.0, 5.0, 5.0, 5.0, 5.0, 5.0, 5.0, 9.0, 9.0, 9.0, 9.0, 8.0, 8.0, 12.0, 8.0, 9.0, 9.0, 9.0, 9.0]
T = 0.028147497671065627	 step = 881
100.48000000000002
23.962958540482955
[17.0, 17.0, 41.0, 38.0, 35.0, 9.0, 24.0, 48.0, 17.0, 32.0, 44.0, 20.0, 7.0, 21.0, 47.0, 7.0, 6.0, 7.0, 28.0, 43.0]
[25.0, 44.0, 17.0, 34.0, 27.0, 24.0, 46.0, 15.0, 35.0, 15.0, 6.0, 15.0, 48.0, 5.0, 31.0, 5.0, 35.0, 15.0, 36.0, 44.0]
[5.0, 5.0, 5.0, 5.0, 5.0, 5.0, 5.0, 5.0, 9.0, 9.0, 9.0, 9.0, 12.0, 12.0, 8.0, 12.0, 9.0, 9.0, 9.0, 9.0]
[5.0, 5.0, 5.0, 5.0, 5.0, 5.0, 5.0, 5.0, 9.0, 9.0, 9.0, 9.0, 8.0, 8.0, 12.0, 8.0, 9.0, 9.0, 9.0, 9.0]
T = 0.028147497671065627	 step = 882
100.0
20.988481001420453
[17.0, 17.0, 41.0, 38.0, 35.0, 9.0, 24.0, 33.0, 17.0, 32.0, 44.0, 21.0, 7.0, 21.0, 47.0, 7.0, 6.0, 7.0, 28.0, 43.0]
[25.0, 44.0, 17.0, 34.0, 27.0, 24.0, 46.0, 45.0, 35.0, 15.0, 6.0, 15.0, 48.0, 5.0, 31.0, 5.0, 35.0, 15.0, 36.0, 44.0]
[5.0, 5.0, 5.0, 5.0, 5.0, 5.0, 5.0, 5.0, 9.0, 9.0, 9.0, 9.0, 12.0, 12.0, 8.0, 12.0, 9.0, 9.0, 9.0, 9.0]
[5.0, 5.0, 5.0, 5.0, 5.0, 5.0, 5.0, 5.0, 9.0, 9.0, 9.0, 9.0, 8.0, 8.0, 12.0, 8.0, 9.0, 9.0, 9.0, 9.0]
T = 0.028147497671065627	 step = 883
99.58000000000004
21.016890092329543
[17.0, 17.0, 41.0, 38.0, 35.0, 9.0, 24.0, 33.0, 17.0, 32.0, 44.0, 20.0, 7.0, 21.0, 47.0, 7.0, 6.0, 7.0, 28.0, 43.0]
[25.0, 44.0, 17.0, 34.0, 27.0, 24.0, 46.0, 45.0, 35.0, 15.0, 6.0, 15.0, 48.0, 5.0, 32.0, 5.0, 35.0, 15.0, 36.0, 44.0]
[5.0, 5.0, 5.0, 5.0, 5.0, 5.0, 5.0, 5.0, 9.0, 9.0, 9.0, 9.0, 12.0, 12.0, 8.0, 12.0, 9.0, 9.0, 9.0, 9.0]
[5.0, 5.0, 5.0, 5.0, 5.0, 5.0, 5.0, 5.0, 9.0, 9.0, 9.0, 9.0, 8.0, 8.0, 12.0, 8.0, 9.0, 9.0, 9.0, 9.0]
T = 0.028147497671065627	 step = 884
99.64000000000004
20.954390092329543
[17.0, 17.0, 41.0, 38.0, 35.0, 9.0, 24.0, 33.0, 17.0, 32.0, 44.0, 20.0, 7.0, 22.0, 47.0, 7.0, 6.0, 7.0, 28.0, 43.0]
[25.0, 44.0, 17.0, 34.0, 27.0, 24.0, 46.0, 45.0, 35.0, 15.0, 6.0, 15.0, 48.0, 5.0, 32.0, 5.0, 35.0, 15.0, 36.0, 44.0]
[5.0, 5.0, 5.0, 5.0, 5.0, 5.0, 5.0, 5.0, 9.0, 9.0, 9.0, 9.0, 12.0, 12.0, 8.0, 12.0, 9.0, 9.0, 9.0, 9.0]
[5.0, 5.0, 5.0, 5.0, 5.0, 5.0, 5.0, 5.0, 9.0, 9.0, 9.0, 9.0, 8.0, 8.0, 12.0, 8.0, 9.0, 9.0, 9.0, 9.0]
T = 0.028147497671065627	 step = 885
101.46000000000004
21.343981711647725
[17.0, 17.0, 41.0, 38.0, 35.0, 9.0, 33.0, 33.0, 17.0, 32.0, 44.0, 20.0, 7.0, 22.0, 47.0, 7.0, 6.0, 7.0, 28.0, 43.0]
[25.0, 44.0, 17.0, 34.0, 27.0, 24.0, 6.0, 45.0, 35.0, 15.0, 6.0, 15.0, 48.0, 5.0, 32.0, 5.0, 35.0, 15.0, 36.0, 44.0]
[5.0, 5.0, 5.0, 5.0, 5.0, 5.0, 5.0, 5.0, 9.0, 9.0, 9.0, 9.0, 12.0, 12.0, 8.0, 12.0, 9.0, 9.0, 9.0, 9.0]
[5.0, 5.0, 5.0, 5.0, 5.0, 5.0, 5.0, 5.0, 9.0, 9.0, 9.0, 9.0, 8.0, 8.0, 12.0, 8.0, 9.0, 9.0, 9.0, 9.0]
T = 0.028147497671065627	 step = 886
99.61000000000001
20.82949485085227
[17.0, 17.0, 41.0, 38.0, 35.0, 9.0, 24.0, 33.0, 17.0, 32.0, 44.0, 20.0, 7.0, 22.0, 47.0, 7.0, 6.0, 7.0, 28.0, 43.0]
[25.0, 44.0, 17.0, 34.0, 27.0, 25.0, 46.0, 45.0, 35.0, 15.0, 6.0, 15.0, 48.0, 5.0, 32.0, 5.0, 35.0, 15.0, 36.0, 44.0]
[5.0, 5.0, 5.0, 5.0, 5.0, 5.0, 5.0, 5.0, 9.0, 9.0, 9.0, 9.0, 12.0, 12.0, 8.0, 12.0, 9.0, 9.0, 9.0, 9.0]
[5.0, 5.0, 5.0, 5.0, 5.0, 5.0, 5.0, 5.0, 9.0, 9.0, 9.0, 9.0, 8.0, 8.0, 12.0, 8.0, 9.0, 9.0, 9.0, 9.0]
T = 0.028147497671065627	 step = 887
99.66000000000003
20.95449485085227
[17.0, 17.0, 41.0, 38.0, 35.0, 9.0, 24.0, 33.0, 17.0, 32.0, 44.0, 20.0, 7.0, 22.0, 47.0, 7.0, 6.0, 7.0, 28.0, 43.0]
[24.0, 44.0, 17.0, 34.0, 27.0, 25.0, 46.0, 45.0, 35.0, 15.0, 6.0, 15.0, 48.0, 5.0, 32.0, 5.0, 35.0, 15.0, 36.0, 44.0]
[5.0, 5.0, 5.0, 5.0, 5.0, 5.0, 5.0, 5.0, 9.0, 9.0, 9.0, 9.0, 12.0, 12.0, 8.0, 12.0, 9.0, 9.0, 9.0, 9.0]
[5.0, 5.0, 5.0, 5.0, 5.0, 5.0, 5.0, 5.0, 9.0, 9.0, 9.0, 9.0, 8.0, 8.0, 12.0, 8.0, 9.0, 9.0, 9.0, 9.0]
T = 0.028147497671065627	 step = 888
99.67000000000002
21.01699485085227
[17.0, 17.0, 41.0, 38.0, 35.0, 9.0, 24.0, 33.0, 17.0, 32.0, 44.0, 20.0, 7.0, 22.0, 47.0, 7.0, 6.0, 7.0, 29.0, 43.0]
[24.0, 44.0, 17.0, 34.0, 27.0, 25.0, 46.0, 45.0, 35.0, 15.0, 6.0, 15.0, 48.0, 5.0, 32.0, 5.0, 35.0, 15.0, 36.0, 44.0]
[5.0, 5.0, 5.0, 5.0, 5.0, 5.0, 5.0, 5.0, 9.0, 9.0, 9.0, 9.0, 12.0, 12.0, 8.0, 12.0, 9.0, 9.0, 9.0, 9.0]
[5.0, 5.0, 5.0, 5.0, 5.0, 5.0, 5.0, 5.0, 9.0, 9.0, 9.0, 9.0, 8.0, 8.0, 12.0, 8.0, 9.0, 9.0, 9.0, 9.0]
T = 0.028147497671065627	 step = 889
99.64000000000004
20.829390092329543
[17.0, 17.0, 41.0, 38.0, 35.0, 9.0, 24.0, 33.0, 17.0, 32.0, 44.0, 20.0, 7.0, 22.0, 47.0, 7.0, 6.0, 7.0, 28.0, 43.0]
[24.0, 44.0, 17.0, 34.0, 27.0, 26.0, 46.0, 45.0, 35.0, 15.0, 6.0, 15.0, 48.0, 5.0, 32.0, 5.0, 35.0, 15.0, 36.0, 44.0]
[5.0, 5.0, 5.0, 5.0, 5.0, 5.0, 5.0, 5.0, 9.0, 9.0, 9.0, 9.0, 12.0, 12.0, 8.0, 12.0, 9.0, 9.0, 9.0, 9.0]
[5.0, 5.0, 5.0, 5.0, 5.0, 5.0, 5.0, 5.0, 9.0, 9.0, 9.0, 9.0, 8.0, 8.0, 12.0, 8.0, 9.0, 9.0, 9.0, 9.0]
T = 0.028147497671065627	 step = 890
99.68
20.704390092329543
[17.0, 17.0, 41.0, 38.0, 35.0, 10.0, 24.0, 33.0, 17.0, 32.0, 44.0, 20.0, 7.0, 22.0, 47.0, 7.0, 6.0, 7.0, 28.0, 43.0]
[24.0, 44.0, 17.0, 34.0, 27.0, 26.0, 46.0, 45.0, 35.0, 15.0, 6.0, 15.0, 48.0, 5.0, 32.0, 5.0, 35.0, 15.0, 36.0, 44.0]
[5.0, 5.0, 5.0, 5.0, 5.0, 5.0, 5.0, 5.0, 9.0, 9.0, 9.0, 9.0, 12.0, 12.0, 8.0, 12.0, 9.0, 9.0, 9.0, 9.0]
[5.0, 5.0, 5.0, 5.0, 5.0, 5.0, 5.0, 5.0, 9.0, 9.0, 9.0, 9.0, 8.0, 8.0, 12.0, 8.0, 9.0, 9.0, 9.0, 9.0]
T = 0.028147497671065627	 step = 891
99.53000000000003
20.77676935369318
[17.0, 17.0, 41.0, 38.0, 35.0, 10.0, 24.0, 33.0, 17.0, 32.0, 45.0, 20.0, 7.0, 22.0, 47.0, 7.0, 6.0, 7.0, 28.0, 43.0]
[24.0, 44.0, 17.0, 34.0, 27.0, 26.0, 46.0, 45.0, 35.0, 15.0, 6.0, 15.0, 48.0, 5.0, 32.0, 5.0, 35.0, 15.0, 36.0, 44.0]
[5.0, 5.0, 5.0, 5.0, 5.0, 5.0, 5.0, 5.0, 9.0, 9.0, 9.0, 9.0, 12.0, 12.0, 8.0, 12.0, 9.0, 9.0, 9.0, 9.0]
[5.0, 5.0, 5.0, 5.0, 5.0, 5.0, 5.0, 5.0, 9.0, 9.0, 9.0, 9.0, 8.0, 8.0, 12.0, 8.0, 9.0, 9.0, 9.0, 9.0]
T = 0.028147497671065627	 step = 892
99.46000000000004
20.90176935369318
[17.0, 17.0, 41.0, 38.0, 35.0, 10.0, 24.0, 33.0, 17.0, 32.0, 45.0, 20.0, 7.0, 22.0, 47.0, 7.0, 6.0, 7.0, 28.0, 43.0]
[24.0, 45.0, 17.0, 34.0, 27.0, 26.0, 46.0, 45.0, 35.0, 15.0, 6.0, 15.0, 48.0, 5.0, 32.0, 5.0, 35.0, 15.0, 36.0, 44.0]
[5.0, 5.0, 5.0, 5.0, 5.0, 5.0, 5.0, 5.0, 9.0, 9.0, 9.0, 9.0, 12.0, 12.0, 8.0, 12.0, 9.0, 9.0, 9.0, 9.0]
[5.0, 5.0, 5.0, 5.0, 5.0, 5.0, 5.0, 5.0, 9.0, 9.0, 9.0, 9.0, 8.0, 8.0, 12.0, 8.0, 9.0, 9.0, 9.0, 9.0]
T = 0.028147497671065627	 step = 893
99.42000000000002
20.929095791903407
[17.0, 17.0, 41.0, 38.0, 35.0, 10.0, 24.0, 33.0, 17.0, 32.0, 45.0, 20.0, 7.0, 22.0, 47.0, 7.0, 6.0, 7.0, 28.0, 43.0]
[24.0, 45.0, 17.0, 34.0, 27.0, 26.0, 46.0, 46.0, 35.0, 15.0, 6.0, 15.0, 48.0, 5.0, 32.0, 5.0, 35.0, 15.0, 36.0, 44.0]
[5.0, 5.0, 5.0, 5.0, 5.0, 5.0, 5.0, 5.0, 9.0, 9.0, 9.0, 9.0, 12.0, 12.0, 8.0, 12.0, 9.0, 9.0, 9.0, 9.0]
[5.0, 5.0, 5.0, 5.0, 5.0, 5.0, 5.0, 5.0, 9.0, 9.0, 9.0, 9.0, 8.0, 8.0, 12.0, 8.0, 9.0, 9.0, 9.0, 9.0]
T = 0.028147497671065627	 step = 894
99.34000000000003
20.866595791903407
[17.0, 17.0, 41.0, 38.0, 36.0, 10.0, 24.0, 33.0, 17.0, 32.0, 45.0, 20.0, 7.0, 22.0, 47.0, 7.0, 6.0, 7.0, 28.0, 43.0]
[24.0, 45.0, 17.0, 34.0, 27.0, 26.0, 46.0, 46.0, 35.0, 15.0, 6.0, 15.0, 48.0, 5.0, 32.0, 5.0, 35.0, 15.0, 36.0, 44.0]
[5.0, 5.0, 5.0, 5.0, 5.0, 5.0, 5.0, 5.0, 9.0, 9.0, 9.0, 9.0, 12.0, 12.0, 8.0, 12.0, 9.0, 9.0, 9.0, 9.0]
[5.0, 5.0, 5.0, 5.0, 5.0, 5.0, 5.0, 5.0, 9.0, 9.0, 9.0, 9.0, 8.0, 8.0, 12.0, 8.0, 9.0, 9.0, 9.0, 9.0]
T = 0.028147497671065627	 step = 895
99.70000000000005
20.811908291903407
[18.0, 17.0, 41.0, 38.0, 36.0, 10.0, 24.0, 33.0, 17.0, 32.0, 45.0, 20.0, 7.0, 22.0, 47.0, 7.0, 6.0, 7.0, 28.0, 43.0]
[24.0, 45.0, 17.0, 34.0, 27.0, 26.0, 46.0, 46.0, 35.0, 15.0, 6.0, 15.0, 48.0, 5.0, 32.0, 5.0, 35.0, 15.0, 36.0, 44.0]
[5.0, 5.0, 5.0, 5.0, 5.0, 5.0, 5.0, 5.0, 9.0, 9.0, 9.0, 9.0, 12.0, 12.0, 8.0, 12.0, 9.0, 9.0, 9.0, 9.0]
[5.0, 5.0, 5.0, 5.0, 5.0, 5.0, 5.0, 5.0, 9.0, 9.0, 9.0, 9.0, 8.0, 8.0, 12.0, 8.0, 9.0, 9.0, 9.0, 9.0]
T = 0.028147497671065627	 step = 896
99.67000000000002
20.874408291903407
[18.0, 17.0, 41.0, 38.0, 36.0, 10.0, 24.0, 33.0, 17.0, 32.0, 45.0, 20.0, 7.0, 22.0, 47.0, 7.0, 6.0, 7.0, 29.0, 43.0]
[24.0, 45.0, 17.0, 34.0, 27.0, 26.0, 46.0, 46.0, 35.0, 15.0, 6.0, 15.0, 48.0, 5.0, 32.0, 5.0, 35.0, 15.0, 36.0, 44.0]
[5.0, 5.0, 5.0, 5.0, 5.0, 5.0, 5.0, 5.0, 9.0, 9.0, 9.0, 9.0, 12.0, 12.0, 8.0, 12.0, 9.0, 9.0, 9.0, 9.0]
[5.0, 5.0, 5.0, 5.0, 5.0, 5.0, 5.0, 5.0, 9.0, 9.0, 9.0, 9.0, 8.0, 8.0, 12.0, 8.0, 9.0, 9.0, 9.0, 9.0]
T = 0.028147497671065627	 step = 897
99.75
20.749408291903407
[18.0, 17.0, 41.0, 38.0, 36.0, 10.0, 24.0, 33.0, 17.0, 32.0, 45.0, 20.0, 7.0, 22.0, 47.0, 7.0, 6.0, 7.0, 29.0, 43.0]
[24.0, 44.0, 17.0, 34.0, 27.0, 26.0, 46.0, 46.0, 35.0, 15.0, 6.0, 15.0, 48.0, 5.0, 32.0, 5.0, 35.0, 15.0, 36.0, 44.0]
[5.0, 5.0, 5.0, 5.0, 5.0, 5.0, 5.0, 5.0, 9.0, 9.0, 9.0, 9.0, 12.0, 12.0, 8.0, 12.0, 9.0, 9.0, 9.0, 9.0]
[5.0, 5.0, 5.0, 5.0, 5.0, 5.0, 5.0, 5.0, 9.0, 9.0, 9.0, 9.0, 8.0, 8.0, 12.0, 8.0, 9.0, 9.0, 9.0, 9.0]
T = 0.028147497671065627	 step = 898
99.67000000000002
20.686908291903407
[18.0, 17.0, 41.0, 38.0, 37.0, 10.0, 24.0, 33.0, 17.0, 32.0, 45.0, 20.0, 7.0, 22.0, 47.0, 7.0, 6.0, 7.0, 29.0, 43.0]
[24.0, 44.0, 17.0, 34.0, 27.0, 26.0, 46.0, 46.0, 35.0, 15.0, 6.0, 15.0, 48.0, 5.0, 32.0, 5.0, 35.0, 15.0, 36.0, 44.0]
[5.0, 5.0, 5.0, 5.0, 5.0, 5.0, 5.0, 5.0, 9.0, 9.0, 9.0, 9.0, 12.0, 12.0, 8.0, 12.0, 9.0, 9.0, 9.0, 9.0]
[5.0, 5.0, 5.0, 5.0, 5.0, 5.0, 5.0, 5.0, 9.0, 9.0, 9.0, 9.0, 8.0, 8.0, 12.0, 8.0, 9.0, 9.0, 9.0, 9.0]
T = 0.028147497671065627	 step = 899
99.69
20.624408291903407
[18.0, 17.0, 41.0, 38.0, 37.0, 10.0, 24.0, 33.0, 17.0, 32.0, 45.0, 20.0, 7.0, 22.0, 47.0, 7.0, 6.0, 7.0, 29.0, 42.0]
[24.0, 44.0, 17.0, 34.0, 27.0, 26.0, 46.0, 46.0, 35.0, 15.0, 6.0, 15.0, 48.0, 5.0, 32.0, 5.0, 35.0, 15.0, 36.0, 44.0]
[5.0, 5.0, 5.0, 5.0, 5.0, 5.0, 5.0, 5.0, 9.0, 9.0, 9.0, 9.0, 12.0, 12.0, 8.0, 12.0, 9.0, 9.0, 9.0, 9.0]
[5.0, 5.0, 5.0, 5.0, 5.0, 5.0, 5.0, 5.0, 9.0, 9.0, 9.0, 9.0, 8.0, 8.0, 12.0, 8.0, 9.0, 9.0, 9.0, 9.0]
T = 0.028147497671065627	 step = 900
99.76000000000005
20.55202903053977
[18.0, 17.0, 41.0, 38.0, 37.0, 10.0, 24.0, 33.0, 17.0, 32.0, 44.0, 20.0, 7.0, 22.0, 47.0, 7.0, 6.0, 7.0, 29.0, 42.0]
[24.0, 44.0, 17.0, 34.0, 27.0, 26.0, 46.0, 46.0, 35.0, 15.0, 6.0, 15.0, 48.0, 5.0, 32.0, 5.0, 35.0, 15.0, 36.0, 44.0]
[5.0, 5.0, 5.0, 5.0, 5.0, 5.0, 5.0, 5.0, 9.0, 9.0, 9.0, 9.0, 12.0, 12.0, 8.0, 12.0, 9.0, 9.0, 9.0, 9.0]
[5.0, 5.0, 5.0, 5.0, 5.0, 5.0, 5.0, 5.0, 9.0, 9.0, 9.0, 9.0, 8.0, 8.0, 12.0, 8.0, 9.0, 9.0, 9.0, 9.0]
T = 0.028147497671065627	 step = 901
99.84000000000003
20.61452903053977
[18.0, 17.0, 41.0, 38.0, 36.0, 10.0, 24.0, 33.0, 17.0, 32.0, 44.0, 20.0, 7.0, 22.0, 47.0, 7.0, 6.0, 7.0, 29.0, 42.0]
[24.0, 44.0, 17.0, 34.0, 27.0, 26.0, 46.0, 46.0, 35.0, 15.0, 6.0, 15.0, 48.0, 5.0, 32.0, 5.0, 35.0, 15.0, 36.0, 44.0]
[5.0, 5.0, 5.0, 5.0, 5.0, 5.0, 5.0, 5.0, 9.0, 9.0, 9.0, 9.0, 12.0, 12.0, 8.0, 12.0, 9.0, 9.0, 9.0, 9.0]
[5.0, 5.0, 5.0, 5.0, 5.0, 5.0, 5.0, 5.0, 9.0, 9.0, 9.0, 9.0, 8.0, 8.0, 12.0, 8.0, 9.0, 9.0, 9.0, 9.0]
T = 0.028147497671065627	 step = 902
99.86000000000001
20.533449485085224
[18.0, 17.0, 41.0, 38.0, 37.0, 10.0, 24.0, 33.0, 17.0, 32.0, 44.0, 19.0, 7.0, 22.0, 47.0, 7.0, 6.0, 7.0, 29.0, 42.0]
[24.0, 44.0, 17.0, 34.0, 27.0, 26.0, 46.0, 46.0, 35.0, 15.0, 6.0, 15.0, 48.0, 5.0, 32.0, 5.0, 35.0, 15.0, 36.0, 44.0]
[5.0, 5.0, 5.0, 5.0, 5.0, 5.0, 5.0, 5.0, 9.0, 9.0, 9.0, 9.0, 12.0, 12.0, 8.0, 12.0, 9.0, 9.0, 9.0, 9.0]
[5.0, 5.0, 5.0, 5.0, 5.0, 5.0, 5.0, 5.0, 9.0, 9.0, 9.0, 9.0, 8.0, 8.0, 12.0, 8.0, 9.0, 9.0, 9.0, 9.0]
T = 0.022517998136852502	 step = 903
99.88
20.470949485085224
[18.0, 17.0, 41.0, 38.0, 37.0, 10.0, 24.0, 33.0, 17.0, 32.0, 44.0, 19.0, 7.0, 22.0, 47.0, 8.0, 6.0, 7.0, 29.0, 42.0]
[24.0, 44.0, 17.0, 34.0, 27.0, 26.0, 46.0, 46.0, 35.0, 15.0, 6.0, 15.0, 48.0, 5.0, 32.0, 5.0, 35.0, 15.0, 36.0, 44.0]
[5.0, 5.0, 5.0, 5.0, 5.0, 5.0, 5.0, 5.0, 9.0, 9.0, 9.0, 9.0, 12.0, 12.0, 8.0, 12.0, 9.0, 9.0, 9.0, 9.0]
[5.0, 5.0, 5.0, 5.0, 5.0, 5.0, 5.0, 5.0, 9.0, 9.0, 9.0, 9.0, 8.0, 8.0, 12.0, 8.0, 9.0, 9.0, 9.0, 9.0]
T = 0.022517998136852502	 step = 904
99.85000000000002
20.408449485085224
[18.0, 17.0, 41.0, 38.0, 37.0, 10.0, 24.0, 33.0, 17.0, 32.0, 44.0, 19.0, 7.0, 22.0, 47.0, 8.0, 6.0, 7.0, 29.0, 42.0]
[24.0, 44.0, 17.0, 34.0, 27.0, 26.0, 46.0, 46.0, 35.0, 15.0, 6.0, 15.0, 48.0, 5.0, 32.0, 5.0, 36.0, 15.0, 36.0, 44.0]
[5.0, 5.0, 5.0, 5.0, 5.0, 5.0, 5.0, 5.0, 9.0, 9.0, 9.0, 9.0, 12.0, 12.0, 8.0, 12.0, 9.0, 9.0, 9.0, 9.0]
[5.0, 5.0, 5.0, 5.0, 5.0, 5.0, 5.0, 5.0, 9.0, 9.0, 9.0, 9.0, 8.0, 8.0, 12.0, 8.0, 9.0, 9.0, 9.0, 9.0]
T = 0.022517998136852502	 step = 905
99.86000000000001
20.318726473721593
[18.0, 17.0, 41.0, 38.0, 37.0, 10.0, 24.0, 33.0, 17.0, 32.0, 44.0, 19.0, 7.0, 22.0, 47.0, 8.0, 6.0, 7.0, 29.0, 42.0]
[24.0, 44.0, 18.0, 34.0, 27.0, 26.0, 46.0, 46.0, 35.0, 15.0, 6.0, 15.0, 48.0, 5.0, 32.0, 5.0, 36.0, 15.0, 36.0, 44.0]
[5.0, 5.0, 5.0, 5.0, 5.0, 5.0, 5.0, 5.0, 9.0, 9.0, 9.0, 9.0, 12.0, 12.0, 8.0, 12.0, 9.0, 9.0, 9.0, 9.0]
[5.0, 5.0, 5.0, 5.0, 5.0, 5.0, 5.0, 5.0, 9.0, 9.0, 9.0, 9.0, 8.0, 8.0, 12.0, 8.0, 9.0, 9.0, 9.0, 9.0]
T = 0.022517998136852502	 step = 906
99.90000000000003
20.256226473721593
[18.0, 17.0, 41.0, 38.0, 37.0, 10.0, 24.0, 33.0, 17.0, 32.0, 44.0, 19.0, 7.0, 22.0, 47.0, 8.0, 6.0, 7.0, 29.0, 42.0]
[24.0, 44.0, 18.0, 34.0, 27.0, 26.0, 46.0, 46.0, 35.0, 15.0, 6.0, 15.0, 48.0, 5.0, 32.0, 5.0, 36.0, 16.0, 36.0, 44.0]
[5.0, 5.0, 5.0, 5.0, 5.0, 5.0, 5.0, 5.0, 9.0, 9.0, 9.0, 9.0, 12.0, 12.0, 8.0, 12.0, 9.0, 9.0, 9.0, 9.0]
[5.0, 5.0, 5.0, 5.0, 5.0, 5.0, 5.0, 5.0, 9.0, 9.0, 9.0, 9.0, 8.0, 8.0, 12.0, 8.0, 9.0, 9.0, 9.0, 9.0]
T = 0.022517998136852502	 step = 907
99.97000000000003
20.31872647372159
[18.0, 17.0, 41.0, 38.0, 36.0, 10.0, 24.0, 33.0, 17.0, 32.0, 44.0, 19.0, 7.0, 22.0, 47.0, 8.0, 6.0, 7.0, 29.0, 42.0]
[24.0, 44.0, 18.0, 34.0, 27.0, 26.0, 46.0, 46.0, 35.0, 15.0, 6.0, 15.0, 48.0, 5.0, 32.0, 5.0, 36.0, 16.0, 36.0, 44.0]
[5.0, 5.0, 5.0, 5.0, 5.0, 5.0, 5.0, 5.0, 9.0, 9.0, 9.0, 9.0, 12.0, 12.0, 8.0, 12.0, 9.0, 9.0, 9.0, 9.0]
[5.0, 5.0, 5.0, 5.0, 5.0, 5.0, 5.0, 5.0, 9.0, 9.0, 9.0, 9.0, 8.0, 8.0, 12.0, 8.0, 9.0, 9.0, 9.0, 9.0]
T = 0.022517998136852502	 step = 908
99.84000000000003
20.353900035511362
[18.0, 17.0, 41.0, 38.0, 37.0, 10.0, 24.0, 33.0, 17.0, 32.0, 44.0, 19.0, 7.0, 22.0, 47.0, 8.0, 6.0, 7.0, 29.0, 44.0]
[24.0, 44.0, 18.0, 34.0, 27.0, 26.0, 46.0, 46.0, 35.0, 15.0, 6.0, 15.0, 48.0, 5.0, 32.0, 5.0, 36.0, 16.0, 36.0, 47.0]
[5.0, 5.0, 5.0, 5.0, 5.0, 5.0, 5.0, 5.0, 9.0, 9.0, 9.0, 9.0, 12.0, 12.0, 8.0, 12.0, 9.0, 9.0, 9.0, 9.0]
[5.0, 5.0, 5.0, 5.0, 5.0, 5.0, 5.0, 5.0, 9.0, 9.0, 9.0, 9.0, 8.0, 8.0, 12.0, 8.0, 9.0, 9.0, 9.0, 9.0]
T = 0.022517998136852502	 step = 909
100.05000000000001
21.344596058238633
[18.0, 17.0, 41.0, 38.0, 37.0, 10.0, 48.0, 33.0, 17.0, 32.0, 44.0, 19.0, 7.0, 22.0, 47.0, 8.0, 6.0, 7.0, 29.0, 44.0]
[24.0, 44.0, 18.0, 34.0, 27.0, 26.0, 21.0, 46.0, 35.0, 15.0, 6.0, 15.0, 48.0, 5.0, 32.0, 5.0, 36.0, 16.0, 36.0, 47.0]
[5.0, 5.0, 5.0, 5.0, 5.0, 5.0, 5.0, 5.0, 9.0, 9.0, 9.0, 9.0, 12.0, 12.0, 8.0, 12.0, 9.0, 9.0, 9.0, 9.0]
[5.0, 5.0, 5.0, 5.0, 5.0, 5.0, 5.0, 5.0, 9.0, 9.0, 9.0, 9.0, 8.0, 8.0, 12.0, 8.0, 9.0, 9.0, 9.0, 9.0]
T = 0.022517998136852502	 step = 910
99.88
20.291400035511362
[18.0, 17.0, 41.0, 38.0, 37.0, 10.0, 24.0, 33.0, 17.0, 32.0, 44.0, 19.0, 7.0, 22.0, 47.0, 8.0, 6.0, 7.0, 28.0, 44.0]
[24.0, 44.0, 18.0, 34.0, 27.0, 26.0, 46.0, 46.0, 35.0, 15.0, 6.0, 15.0, 48.0, 5.0, 32.0, 5.0, 36.0, 16.0, 36.0, 47.0]
[5.0, 5.0, 5.0, 5.0, 5.0, 5.0, 5.0, 5.0, 9.0, 9.0, 9.0, 9.0, 12.0, 12.0, 8.0, 12.0, 9.0, 9.0, 9.0, 9.0]
[5.0, 5.0, 5.0, 5.0, 5.0, 5.0, 5.0, 5.0, 9.0, 9.0, 9.0, 9.0, 8.0, 8.0, 12.0, 8.0, 9.0, 9.0, 9.0, 9.0]
T = 0.022517998136852502	 step = 911
99.80000000000001
20.363779296875
[18.0, 17.0, 41.0, 38.0, 37.0, 10.0, 24.0, 33.0, 17.0, 32.0, 45.0, 19.0, 7.0, 22.0, 47.0, 8.0, 6.0, 7.0, 28.0, 44.0]
[24.0, 44.0, 18.0, 34.0, 27.0, 26.0, 46.0, 46.0, 35.0, 15.0, 6.0, 15.0, 48.0, 5.0, 32.0, 5.0, 36.0, 16.0, 36.0, 47.0]
[5.0, 5.0, 5.0, 5.0, 5.0, 5.0, 5.0, 5.0, 9.0, 9.0, 9.0, 9.0, 12.0, 12.0, 8.0, 12.0, 9.0, 9.0, 9.0, 9.0]
[5.0, 5.0, 5.0, 5.0, 5.0, 5.0, 5.0, 5.0, 9.0, 9.0, 9.0, 9.0, 8.0, 8.0, 12.0, 8.0, 9.0, 9.0, 9.0, 9.0]
T = 0.022517998136852502	 step = 912
99.83000000000004
20.301279296875
[18.0, 17.0, 41.0, 38.0, 37.0, 10.0, 24.0, 33.0, 17.0, 32.0, 45.0, 19.0, 7.0, 22.0, 47.0, 8.0, 6.0, 7.0, 28.0, 44.0]
[24.0, 44.0, 18.0, 34.0, 27.0, 26.0, 46.0, 46.0, 35.0, 15.0, 6.0, 15.0, 48.0, 5.0, 32.0, 5.0, 36.0, 17.0, 36.0, 47.0]
[5.0, 5.0, 5.0, 5.0, 5.0, 5.0, 5.0, 5.0, 9.0, 9.0, 9.0, 9.0, 12.0, 12.0, 8.0, 12.0, 9.0, 9.0, 9.0, 9.0]
[5.0, 5.0, 5.0, 5.0, 5.0, 5.0, 5.0, 5.0, 9.0, 9.0, 9.0, 9.0, 8.0, 8.0, 12.0, 8.0, 9.0, 9.0, 9.0, 9.0]
T = 0.022517998136852502	 step = 913
99.75
20.371591796875
[18.0, 17.0, 41.0, 38.0, 37.0, 10.0, 24.0, 33.0, 17.0, 32.0, 46.0, 19.0, 7.0, 22.0, 47.0, 8.0, 6.0, 7.0, 28.0, 44.0]
[24.0, 44.0, 18.0, 34.0, 27.0, 26.0, 46.0, 46.0, 35.0, 15.0, 6.0, 15.0, 48.0, 5.0, 32.0, 5.0, 36.0, 17.0, 36.0, 47.0]
[5.0, 5.0, 5.0, 5.0, 5.0, 5.0, 5.0, 5.0, 9.0, 9.0, 9.0, 9.0, 12.0, 12.0, 8.0, 12.0, 9.0, 9.0, 9.0, 9.0]
[5.0, 5.0, 5.0, 5.0, 5.0, 5.0, 5.0, 5.0, 9.0, 9.0, 9.0, 9.0, 8.0, 8.0, 12.0, 8.0, 9.0, 9.0, 9.0, 9.0]
T = 0.022517998136852502	 step = 914
99.71000000000004
20.496591796875
[18.0, 17.0, 41.0, 38.0, 37.0, 10.0, 24.0, 33.0, 17.0, 32.0, 46.0, 19.0, 7.0, 22.0, 47.0, 8.0, 6.0, 7.0, 28.0, 44.0]
[24.0, 44.0, 18.0, 35.0, 27.0, 26.0, 46.0, 46.0, 35.0, 15.0, 6.0, 15.0, 48.0, 5.0, 32.0, 5.0, 36.0, 17.0, 36.0, 47.0]
[5.0, 5.0, 5.0, 5.0, 5.0, 5.0, 5.0, 5.0, 9.0, 9.0, 9.0, 9.0, 12.0, 12.0, 8.0, 12.0, 9.0, 9.0, 9.0, 9.0]
[5.0, 5.0, 5.0, 5.0, 5.0, 5.0, 5.0, 5.0, 9.0, 9.0, 9.0, 9.0, 8.0, 8.0, 12.0, 8.0, 9.0, 9.0, 9.0, 9.0]
T = 0.022517998136852502	 step = 915
99.68
20.559091796875
[18.0, 17.0, 41.0, 38.0, 37.0, 10.0, 24.0, 33.0, 17.0, 32.0, 46.0, 19.0, 7.0, 22.0, 47.0, 8.0, 6.0, 7.0, 28.0, 44.0]
[24.0, 44.0, 18.0, 35.0, 27.0, 26.0, 46.0, 46.0, 35.0, 15.0, 6.0, 15.0, 48.0, 5.0, 32.0, 5.0, 36.0, 16.0, 36.0, 47.0]
[5.0, 5.0, 5.0, 5.0, 5.0, 5.0, 5.0, 5.0, 9.0, 9.0, 9.0, 9.0, 12.0, 12.0, 8.0, 12.0, 9.0, 9.0, 9.0, 9.0]
[5.0, 5.0, 5.0, 5.0, 5.0, 5.0, 5.0, 5.0, 9.0, 9.0, 9.0, 9.0, 8.0, 8.0, 12.0, 8.0, 9.0, 9.0, 9.0, 9.0]
T = 0.022517998136852502	 step = 916
99.69
20.496591796875
[18.0, 17.0, 41.0, 38.0, 37.0, 10.0, 24.0, 33.0, 17.0, 32.0, 46.0, 19.0, 7.0, 22.0, 47.0, 8.0, 6.0, 7.0, 28.0, 44.0]
[24.0, 44.0, 18.0, 35.0, 27.0, 26.0, 46.0, 46.0, 35.0, 15.0, 6.0, 15.0, 48.0, 5.0, 31.0, 5.0, 36.0, 16.0, 36.0, 47.0]
[5.0, 5.0, 5.0, 5.0, 5.0, 5.0, 5.0, 5.0, 9.0, 9.0, 9.0, 9.0, 12.0, 12.0, 8.0, 12.0, 9.0, 9.0, 9.0, 9.0]
[5.0, 5.0, 5.0, 5.0, 5.0, 5.0, 5.0, 5.0, 9.0, 9.0, 9.0, 9.0, 8.0, 8.0, 12.0, 8.0, 9.0, 9.0, 9.0, 9.0]
T = 0.022517998136852502	 step = 917
99.87
20.371591796875
[18.0, 17.0, 41.0, 38.0, 37.0, 11.0, 24.0, 33.0, 17.0, 32.0, 46.0, 19.0, 7.0, 22.0, 47.0, 8.0, 6.0, 7.0, 28.0, 44.0]
[24.0, 44.0, 18.0, 35.0, 27.0, 26.0, 46.0, 46.0, 35.0, 15.0, 6.0, 15.0, 48.0, 5.0, 31.0, 5.0, 36.0, 16.0, 36.0, 47.0]
[5.0, 5.0, 5.0, 5.0, 5.0, 5.0, 5.0, 5.0, 9.0, 9.0, 9.0, 9.0, 12.0, 12.0, 8.0, 12.0, 9.0, 9.0, 9.0, 9.0]
[5.0, 5.0, 5.0, 5.0, 5.0, 5.0, 5.0, 5.0, 9.0, 9.0, 9.0, 9.0, 8.0, 8.0, 12.0, 8.0, 9.0, 9.0, 9.0, 9.0]
T = 0.022517998136852502	 step = 918
99.38
20.551279296875
[17.0, 17.0, 41.0, 38.0, 37.0, 10.0, 24.0, 33.0, 17.0, 32.0, 46.0, 19.0, 7.0, 22.0, 47.0, 8.0, 6.0, 7.0, 28.0, 44.0]
[24.0, 44.0, 18.0, 35.0, 27.0, 26.0, 46.0, 46.0, 35.0, 15.0, 6.0, 15.0, 48.0, 5.0, 31.0, 5.0, 36.0, 16.0, 36.0, 47.0]
[5.0, 5.0, 5.0, 5.0, 5.0, 5.0, 5.0, 5.0, 9.0, 9.0, 9.0, 9.0, 12.0, 12.0, 8.0, 12.0, 9.0, 9.0, 9.0, 9.0]
[5.0, 5.0, 5.0, 5.0, 5.0, 5.0, 5.0, 5.0, 9.0, 9.0, 9.0, 9.0, 8.0, 8.0, 12.0, 8.0, 9.0, 9.0, 9.0, 9.0]
T = 0.022517998136852502	 step = 919
99.14000000000004
21.24801225142045
[17.0, 17.0, 47.0, 38.0, 37.0, 10.0, 24.0, 33.0, 17.0, 32.0, 46.0, 19.0, 7.0, 22.0, 47.0, 8.0, 6.0, 7.0, 28.0, 44.0]
[24.0, 44.0, 19.0, 35.0, 27.0, 26.0, 46.0, 46.0, 35.0, 15.0, 6.0, 15.0, 48.0, 5.0, 31.0, 5.0, 36.0, 16.0, 36.0, 47.0]
[5.0, 5.0, 5.0, 5.0, 5.0, 5.0, 5.0, 5.0, 9.0, 9.0, 9.0, 9.0, 12.0, 12.0, 8.0, 12.0, 9.0, 9.0, 9.0, 9.0]
[5.0, 5.0, 5.0, 5.0, 5.0, 5.0, 5.0, 5.0, 9.0, 9.0, 9.0, 9.0, 8.0, 8.0, 12.0, 8.0, 9.0, 9.0, 9.0, 9.0]
T = 0.022517998136852502	 step = 920
99.18
21.18551225142045
[17.0, 17.0, 47.0, 37.0, 37.0, 10.0, 24.0, 33.0, 17.0, 32.0, 46.0, 19.0, 7.0, 22.0, 47.0, 8.0, 6.0, 7.0, 28.0, 44.0]
[24.0, 44.0, 19.0, 35.0, 27.0, 26.0, 46.0, 46.0, 35.0, 15.0, 6.0, 15.0, 48.0, 5.0, 31.0, 5.0, 36.0, 16.0, 36.0, 47.0]
[5.0, 5.0, 5.0, 5.0, 5.0, 5.0, 5.0, 5.0, 9.0, 9.0, 9.0, 9.0, 12.0, 12.0, 8.0, 12.0, 9.0, 9.0, 9.0, 9.0]
[5.0, 5.0, 5.0, 5.0, 5.0, 5.0, 5.0, 5.0, 9.0, 9.0, 9.0, 9.0, 8.0, 8.0, 12.0, 8.0, 9.0, 9.0, 9.0, 9.0]
T = 0.022517998136852502	 step = 921
99.04000000000002
21.204374112215906
[17.0, 17.0, 47.0, 37.0, 37.0, 10.0, 24.0, 33.0, 17.0, 32.0, 46.0, 20.0, 7.0, 22.0, 47.0, 8.0, 6.0, 7.0, 28.0, 44.0]
[24.0, 44.0, 19.0, 35.0, 27.0, 26.0, 46.0, 46.0, 35.0, 15.0, 6.0, 15.0, 48.0, 5.0, 31.0, 5.0, 36.0, 16.0, 36.0, 47.0]
[5.0, 5.0, 5.0, 5.0, 5.0, 5.0, 5.0, 5.0, 9.0, 9.0, 9.0, 9.0, 12.0, 12.0, 8.0, 12.0, 9.0, 9.0, 9.0, 9.0]
[5.0, 5.0, 5.0, 5.0, 5.0, 5.0, 5.0, 5.0, 9.0, 9.0, 9.0, 9.0, 8.0, 8.0, 12.0, 8.0, 9.0, 9.0, 9.0, 9.0]
T = 0.022517998136852502	 step = 922
99.0
21.266874112215906
[17.0, 17.0, 47.0, 37.0, 37.0, 10.0, 24.0, 33.0, 17.0, 32.0, 46.0, 20.0, 7.0, 22.0, 47.0, 8.0, 6.0, 7.0, 28.0, 44.0]
[24.0, 44.0, 19.0, 35.0, 27.0, 26.0, 46.0, 46.0, 35.0, 15.0, 6.0, 15.0, 48.0, 5.0, 31.0, 5.0, 36.0, 15.0, 36.0, 47.0]
[5.0, 5.0, 5.0, 5.0, 5.0, 5.0, 5.0, 5.0, 9.0, 9.0, 9.0, 9.0, 12.0, 12.0, 8.0, 12.0, 9.0, 9.0, 9.0, 9.0]
[5.0, 5.0, 5.0, 5.0, 5.0, 5.0, 5.0, 5.0, 9.0, 9.0, 9.0, 9.0, 8.0, 8.0, 12.0, 8.0, 9.0, 9.0, 9.0, 9.0]
T = 0.022517998136852502	 step = 923
100.70000000000005
19.230281871448863
[17.0, 17.0, 47.0, 37.0, 37.0, 29.0, 24.0, 33.0, 17.0, 32.0, 46.0, 20.0, 7.0, 22.0, 47.0, 8.0, 6.0, 7.0, 28.0, 44.0]
[24.0, 44.0, 19.0, 35.0, 27.0, 26.0, 46.0, 46.0, 35.0, 15.0, 6.0, 15.0, 48.0, 5.0, 31.0, 5.0, 36.0, 15.0, 36.0, 47.0]
[5.0, 5.0, 5.0, 5.0, 5.0, 5.0, 5.0, 5.0, 9.0, 9.0, 9.0, 9.0, 12.0, 12.0, 8.0, 12.0, 9.0, 9.0, 9.0, 9.0]
[5.0, 5.0, 5.0, 5.0, 5.0, 5.0, 5.0, 5.0, 9.0, 9.0, 9.0, 9.0, 8.0, 8.0, 12.0, 8.0, 9.0, 9.0, 9.0, 9.0]
T = 0.022517998136852502	 step = 924
98.97000000000003
21.391874112215906
[17.0, 17.0, 48.0, 37.0, 37.0, 10.0, 24.0, 33.0, 17.0, 32.0, 46.0, 20.0, 7.0, 22.0, 47.0, 8.0, 6.0, 7.0, 28.0, 44.0]
[24.0, 44.0, 19.0, 35.0, 27.0, 26.0, 46.0, 46.0, 35.0, 15.0, 6.0, 15.0, 48.0, 5.0, 31.0, 5.0, 36.0, 15.0, 36.0, 47.0]
[5.0, 5.0, 5.0, 5.0, 5.0, 5.0, 5.0, 5.0, 9.0, 9.0, 9.0, 9.0, 12.0, 12.0, 8.0, 12.0, 9.0, 9.0, 9.0, 9.0]
[5.0, 5.0, 5.0, 5.0, 5.0, 5.0, 5.0, 5.0, 9.0, 9.0, 9.0, 9.0, 8.0, 8.0, 12.0, 8.0, 9.0, 9.0, 9.0, 9.0]
T = 0.022517998136852502	 step = 925
98.79000000000002
21.391874112215906
[17.0, 17.0, 47.0, 37.0, 37.0, 9.0, 24.0, 33.0, 17.0, 32.0, 46.0, 20.0, 7.0, 22.0, 47.0, 8.0, 6.0, 7.0, 28.0, 44.0]
[24.0, 44.0, 19.0, 35.0, 27.0, 26.0, 46.0, 46.0, 35.0, 15.0, 6.0, 15.0, 48.0, 5.0, 31.0, 5.0, 36.0, 15.0, 36.0, 47.0]
[5.0, 5.0, 5.0, 5.0, 5.0, 5.0, 5.0, 5.0, 9.0, 9.0, 9.0, 9.0, 12.0, 12.0, 8.0, 12.0, 9.0, 9.0, 9.0, 9.0]
[5.0, 5.0, 5.0, 5.0, 5.0, 5.0, 5.0, 5.0, 9.0, 9.0, 9.0, 9.0, 8.0, 8.0, 12.0, 8.0, 9.0, 9.0, 9.0, 9.0]
T = 0.022517998136852502	 step = 926
98.79000000000002
21.35831942471591
[17.0, 17.0, 47.0, 37.0, 37.0, 9.0, 24.0, 33.0, 17.0, 32.0, 46.0, 20.0, 7.0, 22.0, 47.0, 8.0, 6.0, 7.0, 28.0, 44.0]
[24.0, 44.0, 20.0, 35.0, 27.0, 26.0, 46.0, 46.0, 35.0, 15.0, 6.0, 15.0, 48.0, 5.0, 31.0, 5.0, 36.0, 15.0, 36.0, 47.0]
[5.0, 5.0, 5.0, 5.0, 5.0, 5.0, 5.0, 5.0, 9.0, 9.0, 9.0, 9.0, 12.0, 12.0, 8.0, 12.0, 9.0, 9.0, 9.0, 9.0]
[5.0, 5.0, 5.0, 5.0, 5.0, 5.0, 5.0, 5.0, 9.0, 9.0, 9.0, 9.0, 8.0, 8.0, 12.0, 8.0, 9.0, 9.0, 9.0, 9.0]
T = 0.022517998136852502	 step = 927
99.19
21.670537109375
[17.0, 17.0, 47.0, 37.0, 32.0, 9.0, 24.0, 33.0, 17.0, 32.0, 46.0, 20.0, 7.0, 22.0, 47.0, 8.0, 6.0, 7.0, 28.0, 44.0]
[24.0, 44.0, 20.0, 35.0, 27.0, 26.0, 46.0, 46.0, 35.0, 15.0, 6.0, 15.0, 48.0, 5.0, 31.0, 5.0, 36.0, 15.0, 36.0, 47.0]
[5.0, 5.0, 5.0, 5.0, 5.0, 5.0, 5.0, 5.0, 9.0, 9.0, 9.0, 9.0, 12.0, 12.0, 8.0, 12.0, 9.0, 9.0, 9.0, 9.0]
[5.0, 5.0, 5.0, 5.0, 5.0, 5.0, 5.0, 5.0, 9.0, 9.0, 9.0, 9.0, 8.0, 8.0, 12.0, 8.0, 9.0, 9.0, 9.0, 9.0]
T = 0.022517998136852502	 step = 928
98.72000000000003
21.48331942471591
[17.0, 17.0, 47.0, 37.0, 37.0, 9.0, 24.0, 33.0, 17.0, 32.0, 46.0, 20.0, 7.0, 22.0, 47.0, 8.0, 6.0, 7.0, 28.0, 44.0]
[24.0, 45.0, 20.0, 35.0, 27.0, 26.0, 46.0, 46.0, 35.0, 15.0, 6.0, 15.0, 48.0, 5.0, 31.0, 5.0, 36.0, 15.0, 36.0, 47.0]
[5.0, 5.0, 5.0, 5.0, 5.0, 5.0, 5.0, 5.0, 9.0, 9.0, 9.0, 9.0, 12.0, 12.0, 8.0, 12.0, 9.0, 9.0, 9.0, 9.0]
[5.0, 5.0, 5.0, 5.0, 5.0, 5.0, 5.0, 5.0, 9.0, 9.0, 9.0, 9.0, 8.0, 8.0, 12.0, 8.0, 9.0, 9.0, 9.0, 9.0]
T = 0.022517998136852502	 step = 929
99.85000000000002
20.37087091619318
[17.0, 17.0, 47.0, 29.0, 37.0, 9.0, 24.0, 33.0, 17.0, 32.0, 46.0, 20.0, 7.0, 22.0, 47.0, 8.0, 6.0, 7.0, 28.0, 44.0]
[24.0, 45.0, 20.0, 26.0, 27.0, 26.0, 46.0, 46.0, 35.0, 15.0, 6.0, 15.0, 48.0, 5.0, 31.0, 5.0, 36.0, 15.0, 36.0, 47.0]
[5.0, 5.0, 5.0, 5.0, 5.0, 5.0, 5.0, 5.0, 9.0, 9.0, 9.0, 9.0, 12.0, 12.0, 8.0, 12.0, 9.0, 9.0, 9.0, 9.0]
[5.0, 5.0, 5.0, 5.0, 5.0, 5.0, 5.0, 5.0, 9.0, 9.0, 9.0, 9.0, 8.0, 8.0, 12.0, 8.0, 9.0, 9.0, 9.0, 9.0]
T = 0.022517998136852502	 step = 930
98.85000000000002
21.46445756392045
[17.0, 17.0, 47.0, 37.0, 37.0, 9.0, 24.0, 33.0, 17.0, 32.0, 46.0, 19.0, 7.0, 22.0, 47.0, 8.0, 6.0, 7.0, 28.0, 44.0]
[24.0, 45.0, 20.0, 35.0, 27.0, 26.0, 46.0, 46.0, 35.0, 15.0, 6.0, 15.0, 48.0, 5.0, 31.0, 5.0, 36.0, 15.0, 36.0, 47.0]
[5.0, 5.0, 5.0, 5.0, 5.0, 5.0, 5.0, 5.0, 9.0, 9.0, 9.0, 9.0, 12.0, 12.0, 8.0, 12.0, 9.0, 9.0, 9.0, 9.0]
[5.0, 5.0, 5.0, 5.0, 5.0, 5.0, 5.0, 5.0, 9.0, 9.0, 9.0, 9.0, 8.0, 8.0, 12.0, 8.0, 9.0, 9.0, 9.0, 9.0]
T = 0.022517998136852502	 step = 931
98.86000000000001
21.437646484374998
[17.0, 17.0, 47.0, 37.0, 37.0, 9.0, 24.0, 33.0, 17.0, 32.0, 46.0, 19.0, 7.0, 22.0, 47.0, 8.0, 6.0, 7.0, 28.0, 44.0]
[24.0, 45.0, 20.0, 35.0, 27.0, 26.0, 46.0, 46.0, 35.0, 15.0, 6.0, 15.0, 48.0, 5.0, 31.0, 5.0, 36.0, 15.0, 36.0, 46.0]
[5.0, 5.0, 5.0, 5.0, 5.0, 5.0, 5.0, 5.0, 9.0, 9.0, 9.0, 9.0, 12.0, 12.0, 8.0, 12.0, 9.0, 9.0, 9.0, 9.0]
[5.0, 5.0, 5.0, 5.0, 5.0, 5.0, 5.0, 5.0, 9.0, 9.0, 9.0, 9.0, 8.0, 8.0, 12.0, 8.0, 9.0, 9.0, 9.0, 9.0]
T = 0.022517998136852502	 step = 932
98.83000000000004
21.375146484374998
[17.0, 17.0, 47.0, 37.0, 37.0, 9.0, 24.0, 33.0, 17.0, 32.0, 46.0, 19.0, 7.0, 22.0, 47.0, 8.0, 6.0, 7.0, 28.0, 44.0]
[24.0, 45.0, 20.0, 35.0, 27.0, 26.0, 46.0, 46.0, 35.0, 15.0, 6.0, 15.0, 48.0, 5.0, 31.0, 5.0, 37.0, 15.0, 36.0, 46.0]
[5.0, 5.0, 5.0, 5.0, 5.0, 5.0, 5.0, 5.0, 9.0, 9.0, 9.0, 9.0, 12.0, 12.0, 8.0, 12.0, 9.0, 9.0, 9.0, 9.0]
[5.0, 5.0, 5.0, 5.0, 5.0, 5.0, 5.0, 5.0, 9.0, 9.0, 9.0, 9.0, 8.0, 8.0, 12.0, 8.0, 9.0, 9.0, 9.0, 9.0]
T = 0.022517998136852502	 step = 933
98.86000000000001
21.437646484374998
[17.0, 17.0, 47.0, 37.0, 37.0, 9.0, 24.0, 33.0, 17.0, 32.0, 46.0, 19.0, 7.0, 22.0, 47.0, 8.0, 6.0, 7.0, 28.0, 44.0]
[24.0, 45.0, 20.0, 35.0, 27.0, 26.0, 46.0, 46.0, 35.0, 15.0, 6.0, 15.0, 48.0, 5.0, 31.0, 5.0, 36.0, 15.0, 36.0, 46.0]
[5.0, 5.0, 5.0, 5.0, 5.0, 5.0, 5.0, 5.0, 9.0, 9.0, 9.0, 9.0, 12.0, 12.0, 8.0, 12.0, 9.0, 9.0, 9.0, 9.0]
[5.0, 5.0, 5.0, 5.0, 5.0, 5.0, 5.0, 5.0, 9.0, 9.0, 9.0, 9.0, 8.0, 8.0, 12.0, 8.0, 9.0, 9.0, 9.0, 9.0]
T = 0.022517998136852502	 step = 934
98.49000000000001
21.437646484374998
[17.0, 17.0, 47.0, 37.0, 37.0, 9.0, 24.0, 33.0, 17.0, 32.0, 46.0, 19.0, 7.0, 22.0, 47.0, 8.0, 6.0, 7.0, 28.0, 44.0]
[24.0, 45.0, 20.0, 35.0, 27.0, 26.0, 46.0, 46.0, 36.0, 15.0, 6.0, 15.0, 48.0, 5.0, 31.0, 5.0, 36.0, 15.0, 36.0, 46.0]
[5.0, 5.0, 5.0, 5.0, 5.0, 5.0, 5.0, 5.0, 9.0, 9.0, 9.0, 9.0, 12.0, 12.0, 8.0, 12.0, 9.0, 9.0, 9.0, 9.0]
[5.0, 5.0, 5.0, 5.0, 5.0, 5.0, 5.0, 5.0, 9.0, 9.0, 9.0, 9.0, 8.0, 8.0, 12.0, 8.0, 9.0, 9.0, 9.0, 9.0]
T = 0.022517998136852502	 step = 935
98.16000000000003
21.54418057528409
[16.0, 17.0, 47.0, 37.0, 37.0, 9.0, 24.0, 33.0, 17.0, 32.0, 46.0, 19.0, 7.0, 22.0, 47.0, 8.0, 6.0, 7.0, 28.0, 44.0]
[24.0, 45.0, 20.0, 35.0, 27.0, 26.0, 46.0, 46.0, 36.0, 15.0, 6.0, 15.0, 48.0, 5.0, 31.0, 5.0, 36.0, 15.0, 36.0, 46.0]
[5.0, 5.0, 5.0, 5.0, 5.0, 5.0, 5.0, 5.0, 9.0, 9.0, 9.0, 9.0, 12.0, 12.0, 8.0, 12.0, 9.0, 9.0, 9.0, 9.0]
[5.0, 5.0, 5.0, 5.0, 5.0, 5.0, 5.0, 5.0, 9.0, 9.0, 9.0, 9.0, 8.0, 8.0, 12.0, 8.0, 9.0, 9.0, 9.0, 9.0]
T = 0.022517998136852502	 step = 936
98.10000000000002
21.41918057528409
[16.0, 17.0, 47.0, 37.0, 37.0, 9.0, 24.0, 33.0, 17.0, 32.0, 46.0, 19.0, 7.0, 22.0, 47.0, 8.0, 6.0, 7.0, 28.0, 44.0]
[25.0, 45.0, 20.0, 35.0, 27.0, 26.0, 46.0, 46.0, 36.0, 15.0, 6.0, 15.0, 48.0, 5.0, 31.0, 5.0, 36.0, 15.0, 36.0, 46.0]
[5.0, 5.0, 5.0, 5.0, 5.0, 5.0, 5.0, 5.0, 9.0, 9.0, 9.0, 9.0, 12.0, 12.0, 8.0, 12.0, 9.0, 9.0, 9.0, 9.0]
[5.0, 5.0, 5.0, 5.0, 5.0, 5.0, 5.0, 5.0, 9.0, 9.0, 9.0, 9.0, 8.0, 8.0, 12.0, 8.0, 9.0, 9.0, 9.0, 9.0]
T = 0.022517998136852502	 step = 937
98.14000000000004
21.35668057528409
[16.0, 17.0, 47.0, 37.0, 37.0, 9.0, 24.0, 33.0, 17.0, 32.0, 46.0, 19.0, 7.0, 22.0, 47.0, 8.0, 6.0, 7.0, 28.0, 44.0]
[25.0, 45.0, 20.0, 35.0, 27.0, 26.0, 46.0, 46.0, 36.0, 15.0, 6.0, 15.0, 47.0, 5.0, 31.0, 5.0, 36.0, 15.0, 36.0, 46.0]
[5.0, 5.0, 5.0, 5.0, 5.0, 5.0, 5.0, 5.0, 9.0, 9.0, 9.0, 9.0, 12.0, 12.0, 8.0, 12.0, 9.0, 9.0, 9.0, 9.0]
[5.0, 5.0, 5.0, 5.0, 5.0, 5.0, 5.0, 5.0, 9.0, 9.0, 9.0, 9.0, 8.0, 8.0, 12.0, 8.0, 9.0, 9.0, 9.0, 9.0]
T = 0.022517998136852502	 step = 938
98.11000000000001
21.481680575284088
[16.0, 17.0, 47.0, 37.0, 37.0, 9.0, 24.0, 33.0, 17.0, 32.0, 46.0, 19.0, 7.0, 22.0, 47.0, 8.0, 6.0, 7.0, 28.0, 44.0]
[25.0, 45.0, 20.0, 36.0, 27.0, 26.0, 46.0, 46.0, 36.0, 15.0, 6.0, 15.0, 47.0, 5.0, 31.0, 5.0, 36.0, 15.0, 36.0, 46.0]
[5.0, 5.0, 5.0, 5.0, 5.0, 5.0, 5.0, 5.0, 9.0, 9.0, 9.0, 9.0, 12.0, 12.0, 8.0, 12.0, 9.0, 9.0, 9.0, 9.0]
[5.0, 5.0, 5.0, 5.0, 5.0, 5.0, 5.0, 5.0, 9.0, 9.0, 9.0, 9.0, 8.0, 8.0, 12.0, 8.0, 9.0, 9.0, 9.0, 9.0]
T = 0.022517998136852502	 step = 939
98.39000000000004
21.375146484374998
[17.0, 17.0, 47.0, 37.0, 37.0, 9.0, 24.0, 33.0, 17.0, 32.0, 46.0, 19.0, 7.0, 22.0, 47.0, 8.0, 6.0, 7.0, 28.0, 44.0]
[25.0, 45.0, 20.0, 36.0, 27.0, 26.0, 46.0, 46.0, 36.0, 15.0, 6.0, 15.0, 47.0, 5.0, 31.0, 5.0, 36.0, 15.0, 36.0, 46.0]
[5.0, 5.0, 5.0, 5.0, 5.0, 5.0, 5.0, 5.0, 9.0, 9.0, 9.0, 9.0, 12.0, 12.0, 8.0, 12.0, 9.0, 9.0, 9.0, 9.0]
[5.0, 5.0, 5.0, 5.0, 5.0, 5.0, 5.0, 5.0, 9.0, 9.0, 9.0, 9.0, 8.0, 8.0, 12.0, 8.0, 9.0, 9.0, 9.0, 9.0]
T = 0.022517998136852502	 step = 940
98.15000000000003
21.41918057528409
[16.0, 17.0, 47.0, 37.0, 37.0, 9.0, 24.0, 33.0, 17.0, 32.0, 46.0, 19.0, 7.0, 22.0, 47.0, 8.0, 6.0, 8.0, 28.0, 44.0]
[25.0, 45.0, 20.0, 36.0, 27.0, 26.0, 46.0, 46.0, 36.0, 15.0, 6.0, 15.0, 47.0, 5.0, 31.0, 5.0, 36.0, 15.0, 36.0, 46.0]
[5.0, 5.0, 5.0, 5.0, 5.0, 5.0, 5.0, 5.0, 9.0, 9.0, 9.0, 9.0, 12.0, 12.0, 8.0, 12.0, 9.0, 9.0, 9.0, 9.0]
[5.0, 5.0, 5.0, 5.0, 5.0, 5.0, 5.0, 5.0, 9.0, 9.0, 9.0, 9.0, 8.0, 8.0, 12.0, 8.0, 9.0, 9.0, 9.0, 9.0]
T = 0.022517998136852502	 step = 941
98.11000000000001
21.471737393465904
[16.0, 17.0, 47.0, 37.0, 37.0, 9.0, 24.0, 33.0, 17.0, 32.0, 46.0, 19.0, 7.0, 22.0, 47.0, 8.0, 6.0, 7.0, 28.0, 44.0]
[25.0, 45.0, 21.0, 36.0, 27.0, 26.0, 46.0, 46.0, 36.0, 15.0, 6.0, 15.0, 47.0, 5.0, 31.0, 5.0, 36.0, 15.0, 36.0, 46.0]
[5.0, 5.0, 5.0, 5.0, 5.0, 5.0, 5.0, 5.0, 9.0, 9.0, 9.0, 9.0, 12.0, 12.0, 8.0, 12.0, 9.0, 9.0, 9.0, 9.0]
[5.0, 5.0, 5.0, 5.0, 5.0, 5.0, 5.0, 5.0, 9.0, 9.0, 9.0, 9.0, 8.0, 8.0, 12.0, 8.0, 9.0, 9.0, 9.0, 9.0]
T = 0.022517998136852502	 step = 942
98.18
21.221737393465904
[16.0, 17.0, 45.0, 37.0, 37.0, 9.0, 24.0, 33.0, 17.0, 32.0, 46.0, 19.0, 7.0, 22.0, 47.0, 8.0, 6.0, 7.0, 28.0, 44.0]
[25.0, 45.0, 21.0, 36.0, 27.0, 26.0, 46.0, 46.0, 36.0, 15.0, 6.0, 15.0, 47.0, 5.0, 31.0, 5.0, 36.0, 15.0, 36.0, 46.0]
[5.0, 5.0, 5.0, 5.0, 5.0, 5.0, 5.0, 5.0, 9.0, 9.0, 9.0, 9.0, 12.0, 12.0, 8.0, 12.0, 9.0, 9.0, 9.0, 9.0]
[5.0, 5.0, 5.0, 5.0, 5.0, 5.0, 5.0, 5.0, 9.0, 9.0, 9.0, 9.0, 8.0, 8.0, 12.0, 8.0, 9.0, 9.0, 9.0, 9.0]
T = 0.022517998136852502	 step = 943
98.21000000000004
21.254320401278406
[16.0, 17.0, 45.0, 37.0, 37.0, 9.0, 24.0, 33.0, 17.0, 32.0, 46.0, 19.0, 7.0, 22.0, 46.0, 8.0, 6.0, 7.0, 28.0, 44.0]
[25.0, 45.0, 21.0, 36.0, 27.0, 26.0, 46.0, 46.0, 36.0, 15.0, 6.0, 15.0, 47.0, 5.0, 31.0, 5.0, 36.0, 15.0, 36.0, 46.0]
[5.0, 5.0, 5.0, 5.0, 5.0, 5.0, 5.0, 5.0, 9.0, 9.0, 9.0, 9.0, 12.0, 12.0, 8.0, 12.0, 9.0, 9.0, 9.0, 9.0]
[5.0, 5.0, 5.0, 5.0, 5.0, 5.0, 5.0, 5.0, 9.0, 9.0, 9.0, 9.0, 8.0, 8.0, 12.0, 8.0, 9.0, 9.0, 9.0, 9.0]
T = 0.022517998136852502	 step = 944
98.23000000000002
21.129320401278406
[16.0, 17.0, 45.0, 37.0, 37.0, 9.0, 24.0, 33.0, 17.0, 32.0, 46.0, 19.0, 7.0, 22.0, 46.0, 8.0, 6.0, 7.0, 28.0, 44.0]
[25.0, 45.0, 21.0, 35.0, 27.0, 26.0, 46.0, 46.0, 36.0, 15.0, 6.0, 15.0, 47.0, 5.0, 31.0, 5.0, 36.0, 15.0, 36.0, 46.0]
[5.0, 5.0, 5.0, 5.0, 5.0, 5.0, 5.0, 5.0, 9.0, 9.0, 9.0, 9.0, 12.0, 12.0, 8.0, 12.0, 9.0, 9.0, 9.0, 9.0]
[5.0, 5.0, 5.0, 5.0, 5.0, 5.0, 5.0, 5.0, 9.0, 9.0, 9.0, 9.0, 8.0, 8.0, 12.0, 8.0, 9.0, 9.0, 9.0, 9.0]
T = 0.022517998136852502	 step = 945
98.17000000000002
21.254320401278406
[16.0, 17.0, 45.0, 37.0, 37.0, 9.0, 24.0, 33.0, 17.0, 32.0, 46.0, 19.0, 7.0, 22.0, 46.0, 8.0, 6.0, 7.0, 28.0, 44.0]
[25.0, 46.0, 21.0, 35.0, 27.0, 26.0, 46.0, 46.0, 36.0, 15.0, 6.0, 15.0, 47.0, 5.0, 31.0, 5.0, 36.0, 15.0, 36.0, 46.0]
[5.0, 5.0, 5.0, 5.0, 5.0, 5.0, 5.0, 5.0, 9.0, 9.0, 9.0, 9.0, 12.0, 12.0, 8.0, 12.0, 9.0, 9.0, 9.0, 9.0]
[5.0, 5.0, 5.0, 5.0, 5.0, 5.0, 5.0, 5.0, 9.0, 9.0, 9.0, 9.0, 8.0, 8.0, 12.0, 8.0, 9.0, 9.0, 9.0, 9.0]
T = 0.022517998136852502	 step = 946
98.18
21.191820401278406
[16.0, 17.0, 45.0, 37.0, 37.0, 9.0, 24.0, 33.0, 17.0, 32.0, 46.0, 19.0, 7.0, 22.0, 46.0, 9.0, 6.0, 7.0, 28.0, 44.0]
[25.0, 46.0, 21.0, 35.0, 27.0, 26.0, 46.0, 46.0, 36.0, 15.0, 6.0, 15.0, 47.0, 5.0, 31.0, 5.0, 36.0, 15.0, 36.0, 46.0]
[5.0, 5.0, 5.0, 5.0, 5.0, 5.0, 5.0, 5.0, 9.0, 9.0, 9.0, 9.0, 12.0, 12.0, 8.0, 12.0, 9.0, 9.0, 9.0, 9.0]
[5.0, 5.0, 5.0, 5.0, 5.0, 5.0, 5.0, 5.0, 9.0, 9.0, 9.0, 9.0, 8.0, 8.0, 12.0, 8.0, 9.0, 9.0, 9.0, 9.0]
T = 0.022517998136852502	 step = 947
97.58000000000004
21.816820401278406
[16.0, 17.0, 45.0, 37.0, 37.0, 5.0, 24.0, 33.0, 17.0, 32.0, 46.0, 19.0, 7.0, 22.0, 46.0, 9.0, 6.0, 7.0, 28.0, 44.0]
[25.0, 46.0, 21.0, 35.0, 27.0, 25.0, 46.0, 46.0, 36.0, 15.0, 6.0, 15.0, 47.0, 5.0, 31.0, 5.0, 36.0, 15.0, 36.0, 46.0]
[5.0, 5.0, 5.0, 5.0, 5.0, 5.0, 5.0, 5.0, 9.0, 9.0, 9.0, 9.0, 12.0, 12.0, 8.0, 12.0, 9.0, 9.0, 9.0, 9.0]
[5.0, 5.0, 5.0, 5.0, 5.0, 5.0, 5.0, 5.0, 9.0, 9.0, 9.0, 9.0, 8.0, 8.0, 12.0, 8.0, 9.0, 9.0, 9.0, 9.0]
T = 0.022517998136852502	 step = 948
97.55000000000001
21.879320401278406
[16.0, 17.0, 45.0, 37.0, 37.0, 5.0, 24.0, 33.0, 17.0, 32.0, 46.0, 19.0, 7.0, 22.0, 46.0, 9.0, 6.0, 6.0, 28.0, 44.0]
[25.0, 46.0, 21.0, 35.0, 27.0, 25.0, 46.0, 46.0, 36.0, 15.0, 6.0, 15.0, 47.0, 5.0, 31.0, 5.0, 36.0, 15.0, 36.0, 46.0]
[5.0, 5.0, 5.0, 5.0, 5.0, 5.0, 5.0, 5.0, 9.0, 9.0, 9.0, 9.0, 12.0, 12.0, 8.0, 12.0, 9.0, 9.0, 9.0, 9.0]
[5.0, 5.0, 5.0, 5.0, 5.0, 5.0, 5.0, 5.0, 9.0, 9.0, 9.0, 9.0, 8.0, 8.0, 12.0, 8.0, 9.0, 9.0, 9.0, 9.0]
T = 0.022517998136852502	 step = 949
97.36000000000001
22.004320401278406
[16.0, 17.0, 45.0, 37.0, 37.0, 5.0, 24.0, 33.0, 17.0, 32.0, 47.0, 19.0, 7.0, 22.0, 46.0, 9.0, 6.0, 6.0, 28.0, 44.0]
[25.0, 46.0, 21.0, 35.0, 27.0, 25.0, 46.0, 46.0, 36.0, 15.0, 6.0, 15.0, 47.0, 5.0, 31.0, 5.0, 36.0, 15.0, 36.0, 46.0]
[5.0, 5.0, 5.0, 5.0, 5.0, 5.0, 5.0, 5.0, 9.0, 9.0, 9.0, 9.0, 12.0, 12.0, 8.0, 12.0, 9.0, 9.0, 9.0, 9.0]
[5.0, 5.0, 5.0, 5.0, 5.0, 5.0, 5.0, 5.0, 9.0, 9.0, 9.0, 9.0, 8.0, 8.0, 12.0, 8.0, 9.0, 9.0, 9.0, 9.0]
T = 0.022517998136852502	 step = 950
97.42000000000002
21.941820401278406
[16.0, 17.0, 45.0, 37.0, 37.0, 5.0, 24.0, 33.0, 17.0, 32.0, 47.0, 19.0, 7.0, 22.0, 46.0, 9.0, 6.0, 6.0, 28.0, 44.0]
[25.0, 46.0, 21.0, 35.0, 27.0, 25.0, 45.0, 46.0, 36.0, 15.0, 6.0, 15.0, 47.0, 5.0, 31.0, 5.0, 36.0, 15.0, 36.0, 46.0]
[5.0, 5.0, 5.0, 5.0, 5.0, 5.0, 5.0, 5.0, 9.0, 9.0, 9.0, 9.0, 12.0, 12.0, 8.0, 12.0, 9.0, 9.0, 9.0, 9.0]
[5.0, 5.0, 5.0, 5.0, 5.0, 5.0, 5.0, 5.0, 9.0, 9.0, 9.0, 9.0, 8.0, 8.0, 12.0, 8.0, 9.0, 9.0, 9.0, 9.0]
T = 0.022517998136852502	 step = 951
97.39000000000004
22.066820401278406
[16.0, 17.0, 45.0, 37.0, 37.0, 5.0, 24.0, 33.0, 17.0, 32.0, 47.0, 19.0, 7.0, 22.0, 46.0, 9.0, 6.0, 6.0, 28.0, 44.0]
[25.0, 46.0, 21.0, 36.0, 27.0, 25.0, 45.0, 46.0, 36.0, 15.0, 6.0, 15.0, 47.0, 5.0, 31.0, 5.0, 36.0, 15.0, 36.0, 46.0]
[5.0, 5.0, 5.0, 5.0, 5.0, 5.0, 5.0, 5.0, 9.0, 9.0, 9.0, 9.0, 12.0, 12.0, 8.0, 12.0, 9.0, 9.0, 9.0, 9.0]
[5.0, 5.0, 5.0, 5.0, 5.0, 5.0, 5.0, 5.0, 9.0, 9.0, 9.0, 9.0, 8.0, 8.0, 12.0, 8.0, 9.0, 9.0, 9.0, 9.0]
T = 0.022517998136852502	 step = 952
97.38
22.129320401278406
[16.0, 17.0, 45.0, 37.0, 37.0, 5.0, 24.0, 33.0, 17.0, 32.0, 47.0, 19.0, 7.0, 22.0, 46.0, 9.0, 6.0, 6.0, 28.0, 45.0]
[25.0, 46.0, 21.0, 36.0, 27.0, 25.0, 45.0, 46.0, 36.0, 15.0, 6.0, 15.0, 47.0, 5.0, 31.0, 5.0, 36.0, 15.0, 36.0, 46.0]
[5.0, 5.0, 5.0, 5.0, 5.0, 5.0, 5.0, 5.0, 9.0, 9.0, 9.0, 9.0, 12.0, 12.0, 8.0, 12.0, 9.0, 9.0, 9.0, 9.0]
[5.0, 5.0, 5.0, 5.0, 5.0, 5.0, 5.0, 5.0, 9.0, 9.0, 9.0, 9.0, 8.0, 8.0, 12.0, 8.0, 9.0, 9.0, 9.0, 9.0]
T = 0.022517998136852502	 step = 953
97.37
22.066820401278406
[16.0, 17.0, 45.0, 37.0, 37.0, 5.0, 24.0, 33.0, 17.0, 32.0, 47.0, 19.0, 7.0, 23.0, 46.0, 9.0, 6.0, 6.0, 28.0, 45.0]
[25.0, 46.0, 21.0, 36.0, 27.0, 25.0, 45.0, 46.0, 36.0, 15.0, 6.0, 15.0, 47.0, 5.0, 31.0, 5.0, 36.0, 15.0, 36.0, 46.0]
[5.0, 5.0, 5.0, 5.0, 5.0, 5.0, 5.0, 5.0, 9.0, 9.0, 9.0, 9.0, 12.0, 12.0, 8.0, 12.0, 9.0, 9.0, 9.0, 9.0]
[5.0, 5.0, 5.0, 5.0, 5.0, 5.0, 5.0, 5.0, 9.0, 9.0, 9.0, 9.0, 8.0, 8.0, 12.0, 8.0, 9.0, 9.0, 9.0, 9.0]
T = 0.022517998136852502	 step = 954
97.35000000000002
22.129320401278406
[16.0, 17.0, 45.0, 37.0, 37.0, 5.0, 24.0, 33.0, 17.0, 32.0, 47.0, 19.0, 7.0, 23.0, 46.0, 8.0, 6.0, 6.0, 28.0, 45.0]
[25.0, 46.0, 21.0, 36.0, 27.0, 25.0, 45.0, 46.0, 36.0, 15.0, 6.0, 15.0, 47.0, 5.0, 31.0, 5.0, 36.0, 15.0, 36.0, 46.0]
[5.0, 5.0, 5.0, 5.0, 5.0, 5.0, 5.0, 5.0, 9.0, 9.0, 9.0, 9.0, 12.0, 12.0, 8.0, 12.0, 9.0, 9.0, 9.0, 9.0]
[5.0, 5.0, 5.0, 5.0, 5.0, 5.0, 5.0, 5.0, 9.0, 9.0, 9.0, 9.0, 8.0, 8.0, 12.0, 8.0, 9.0, 9.0, 9.0, 9.0]
T = 0.022517998136852502	 step = 955
97.66000000000003
22.147899946732952
[16.0, 17.0, 45.0, 37.0, 37.0, 5.0, 24.0, 33.0, 17.0, 32.0, 47.0, 20.0, 7.0, 23.0, 46.0, 8.0, 6.0, 6.0, 28.0, 45.0]
[25.0, 46.0, 21.0, 36.0, 27.0, 25.0, 45.0, 46.0, 36.0, 15.0, 6.0, 15.0, 47.0, 5.0, 31.0, 5.0, 36.0, 15.0, 36.0, 46.0]
[5.0, 5.0, 5.0, 5.0, 5.0, 5.0, 5.0, 5.0, 9.0, 9.0, 9.0, 9.0, 12.0, 12.0, 8.0, 12.0, 9.0, 9.0, 9.0, 9.0]
[5.0, 5.0, 5.0, 5.0, 5.0, 5.0, 5.0, 5.0, 9.0, 9.0, 9.0, 9.0, 8.0, 8.0, 12.0, 8.0, 9.0, 9.0, 9.0, 9.0]
T = 0.018014398509482003	 step = 956
97.38
22.004320401278406
[16.0, 17.0, 45.0, 37.0, 37.0, 5.0, 24.0, 33.0, 17.0, 32.0, 47.0, 19.0, 7.0, 23.0, 46.0, 8.0, 6.0, 6.0, 28.0, 45.0]
[25.0, 46.0, 21.0, 35.0, 27.0, 25.0, 45.0, 46.0, 36.0, 15.0, 6.0, 15.0, 47.0, 5.0, 31.0, 5.0, 36.0, 15.0, 36.0, 46.0]
[5.0, 5.0, 5.0, 5.0, 5.0, 5.0, 5.0, 5.0, 9.0, 9.0, 9.0, 9.0, 12.0, 12.0, 8.0, 12.0, 9.0, 9.0, 9.0, 9.0]
[5.0, 5.0, 5.0, 5.0, 5.0, 5.0, 5.0, 5.0, 9.0, 9.0, 9.0, 9.0, 8.0, 8.0, 12.0, 8.0, 9.0, 9.0, 9.0, 9.0]
T = 0.018014398509482003	 step = 957
97.45000000000005
21.879320401278406
[16.0, 17.0, 45.0, 37.0, 37.0, 5.0, 24.0, 33.0, 17.0, 32.0, 47.0, 19.0, 7.0, 23.0, 46.0, 8.0, 6.0, 6.0, 28.0, 45.0]
[25.0, 46.0, 21.0, 34.0, 27.0, 25.0, 45.0, 46.0, 36.0, 15.0, 6.0, 15.0, 47.0, 5.0, 31.0, 5.0, 36.0, 15.0, 36.0, 46.0]
[5.0, 5.0, 5.0, 5.0, 5.0, 5.0, 5.0, 5.0, 9.0, 9.0, 9.0, 9.0, 12.0, 12.0, 8.0, 12.0, 9.0, 9.0, 9.0, 9.0]
[5.0, 5.0, 5.0, 5.0, 5.0, 5.0, 5.0, 5.0, 9.0, 9.0, 9.0, 9.0, 8.0, 8.0, 12.0, 8.0, 9.0, 9.0, 9.0, 9.0]
T = 0.018014398509482003	 step = 958
97.59000000000003
21.754320401278406
[16.0, 17.0, 45.0, 37.0, 37.0, 5.0, 24.0, 33.0, 17.0, 32.0, 47.0, 19.0, 7.0, 23.0, 46.0, 8.0, 6.0, 6.0, 28.0, 45.0]
[25.0, 46.0, 21.0, 34.0, 27.0, 25.0, 45.0, 46.0, 36.0, 15.0, 7.0, 15.0, 47.0, 5.0, 31.0, 5.0, 36.0, 15.0, 36.0, 46.0]
[5.0, 5.0, 5.0, 5.0, 5.0, 5.0, 5.0, 5.0, 9.0, 9.0, 9.0, 9.0, 12.0, 12.0, 8.0, 12.0, 9.0, 9.0, 9.0, 9.0]
[5.0, 5.0, 5.0, 5.0, 5.0, 5.0, 5.0, 5.0, 9.0, 9.0, 9.0, 9.0, 8.0, 8.0, 12.0, 8.0, 9.0, 9.0, 9.0, 9.0]
T = 0.018014398509482003	 step = 959
97.71000000000004
21.692102716619317
[16.0, 17.0, 45.0, 37.0, 37.0, 5.0, 24.0, 33.0, 17.0, 32.0, 47.0, 19.0, 7.0, 23.0, 46.0, 8.0, 6.0, 6.0, 28.0, 45.0]
[25.0, 46.0, 21.0, 34.0, 26.0, 25.0, 45.0, 46.0, 36.0, 15.0, 7.0, 15.0, 47.0, 5.0, 31.0, 5.0, 36.0, 15.0, 36.0, 46.0]
[5.0, 5.0, 5.0, 5.0, 5.0, 5.0, 5.0, 5.0, 9.0, 9.0, 9.0, 9.0, 12.0, 12.0, 8.0, 12.0, 9.0, 9.0, 9.0, 9.0]
[5.0, 5.0, 5.0, 5.0, 5.0, 5.0, 5.0, 5.0, 9.0, 9.0, 9.0, 9.0, 8.0, 8.0, 12.0, 8.0, 9.0, 9.0, 9.0, 9.0]
T = 0.018014398509482003	 step = 960
97.58000000000004
21.691820401278406
[16.0, 17.0, 45.0, 37.0, 37.0, 5.0, 24.0, 33.0, 17.0, 32.0, 47.0, 19.0, 7.0, 23.0, 46.0, 8.0, 6.0, 6.0, 28.0, 45.0]
[25.0, 46.0, 21.0, 34.0, 27.0, 25.0, 45.0, 46.0, 36.0, 15.0, 7.0, 15.0, 47.0, 5.0, 31.0, 5.0, 37.0, 15.0, 36.0, 46.0]
[5.0, 5.0, 5.0, 5.0, 5.0, 5.0, 5.0, 5.0, 9.0, 9.0, 9.0, 9.0, 12.0, 12.0, 8.0, 12.0, 9.0, 9.0, 9.0, 9.0]
[5.0, 5.0, 5.0, 5.0, 5.0, 5.0, 5.0, 5.0, 9.0, 9.0, 9.0, 9.0, 8.0, 8.0, 12.0, 8.0, 9.0, 9.0, 9.0, 9.0]
T = 0.018014398509482003	 step = 961
97.86000000000001
21.692280273437497
[16.0, 17.0, 45.0, 37.0, 37.0, 5.0, 24.0, 33.0, 17.0, 32.0, 47.0, 19.0, 7.0, 23.0, 46.0, 8.0, 6.0, 6.0, 28.0, 45.0]
[25.0, 46.0, 21.0, 34.0, 27.0, 25.0, 45.0, 46.0, 35.0, 15.0, 7.0, 15.0, 47.0, 5.0, 31.0, 5.0, 37.0, 15.0, 36.0, 46.0]
[5.0, 5.0, 5.0, 5.0, 5.0, 5.0, 5.0, 5.0, 9.0, 9.0, 9.0, 9.0, 12.0, 12.0, 8.0, 12.0, 9.0, 9.0, 9.0, 9.0]
[5.0, 5.0, 5.0, 5.0, 5.0, 5.0, 5.0, 5.0, 9.0, 9.0, 9.0, 9.0, 8.0, 8.0, 12.0, 8.0, 9.0, 9.0, 9.0, 9.0]
T = 0.018014398509482003	 step = 962
100.78000000000003
18.895862038352274
[16.0, 17.0, 45.0, 37.0, 37.0, 27.0, 24.0, 33.0, 17.0, 32.0, 47.0, 19.0, 7.0, 23.0, 46.0, 8.0, 6.0, 6.0, 28.0, 45.0]
[25.0, 46.0, 21.0, 34.0, 27.0, 26.0, 45.0, 46.0, 35.0, 15.0, 7.0, 15.0, 47.0, 5.0, 31.0, 5.0, 37.0, 15.0, 36.0, 46.0]
[5.0, 5.0, 5.0, 5.0, 5.0, 5.0, 5.0, 5.0, 9.0, 9.0, 9.0, 9.0, 12.0, 12.0, 8.0, 12.0, 9.0, 9.0, 9.0, 9.0]
[5.0, 5.0, 5.0, 5.0, 5.0, 5.0, 5.0, 5.0, 9.0, 9.0, 9.0, 9.0, 8.0, 8.0, 12.0, 8.0, 9.0, 9.0, 9.0, 9.0]
T = 0.018014398509482003	 step = 963
97.68
21.691820401278406
[16.0, 17.0, 45.0, 37.0, 37.0, 5.0, 24.0, 33.0, 17.0, 33.0, 47.0, 19.0, 7.0, 23.0, 46.0, 8.0, 6.0, 6.0, 28.0, 45.0]
[25.0, 46.0, 21.0, 34.0, 27.0, 25.0, 45.0, 46.0, 35.0, 15.0, 7.0, 15.0, 47.0, 5.0, 31.0, 5.0, 37.0, 15.0, 36.0, 46.0]
[5.0, 5.0, 5.0, 5.0, 5.0, 5.0, 5.0, 5.0, 9.0, 9.0, 9.0, 9.0, 12.0, 12.0, 8.0, 12.0, 9.0, 9.0, 9.0, 9.0]
[5.0, 5.0, 5.0, 5.0, 5.0, 5.0, 5.0, 5.0, 9.0, 9.0, 9.0, 9.0, 8.0, 8.0, 12.0, 8.0, 9.0, 9.0, 9.0, 9.0]
T = 0.018014398509482003	 step = 964
99.12
21.294748313210224
[20.0, 17.0, 45.0, 37.0, 37.0, 5.0, 24.0, 33.0, 17.0, 33.0, 47.0, 19.0, 7.0, 23.0, 46.0, 8.0, 6.0, 6.0, 28.0, 45.0]
[26.0, 46.0, 21.0, 34.0, 27.0, 25.0, 45.0, 46.0, 35.0, 15.0, 7.0, 15.0, 47.0, 5.0, 31.0, 5.0, 37.0, 15.0, 36.0, 46.0]
[5.0, 5.0, 5.0, 5.0, 5.0, 5.0, 5.0, 5.0, 9.0, 9.0, 9.0, 9.0, 12.0, 12.0, 8.0, 12.0, 9.0, 9.0, 9.0, 9.0]
[5.0, 5.0, 5.0, 5.0, 5.0, 5.0, 5.0, 5.0, 9.0, 9.0, 9.0, 9.0, 8.0, 8.0, 12.0, 8.0, 9.0, 9.0, 9.0, 9.0]
T = 0.018014398509482003	 step = 965
97.70000000000005
21.691820401278406
[16.0, 17.0, 45.0, 37.0, 37.0, 5.0, 24.0, 32.0, 17.0, 33.0, 47.0, 19.0, 7.0, 23.0, 46.0, 8.0, 6.0, 6.0, 28.0, 45.0]
[25.0, 46.0, 21.0, 34.0, 27.0, 25.0, 45.0, 46.0, 35.0, 15.0, 7.0, 15.0, 47.0, 5.0, 31.0, 5.0, 37.0, 15.0, 36.0, 46.0]
[5.0, 5.0, 5.0, 5.0, 5.0, 5.0, 5.0, 5.0, 9.0, 9.0, 9.0, 9.0, 12.0, 12.0, 8.0, 12.0, 9.0, 9.0, 9.0, 9.0]
[5.0, 5.0, 5.0, 5.0, 5.0, 5.0, 5.0, 5.0, 9.0, 9.0, 9.0, 9.0, 8.0, 8.0, 12.0, 8.0, 9.0, 9.0, 9.0, 9.0]
T = 0.018014398509482003	 step = 966
97.66000000000003
21.816820401278406
[16.0, 17.0, 45.0, 37.0, 37.0, 5.0, 24.0, 32.0, 17.0, 33.0, 47.0, 19.0, 7.0, 23.0, 46.0, 8.0, 6.0, 6.0, 28.0, 45.0]
[25.0, 46.0, 21.0, 35.0, 27.0, 25.0, 45.0, 46.0, 35.0, 15.0, 7.0, 15.0, 47.0, 5.0, 31.0, 5.0, 37.0, 15.0, 36.0, 46.0]
[5.0, 5.0, 5.0, 5.0, 5.0, 5.0, 5.0, 5.0, 9.0, 9.0, 9.0, 9.0, 12.0, 12.0, 8.0, 12.0, 9.0, 9.0, 9.0, 9.0]
[5.0, 5.0, 5.0, 5.0, 5.0, 5.0, 5.0, 5.0, 9.0, 9.0, 9.0, 9.0, 8.0, 8.0, 12.0, 8.0, 9.0, 9.0, 9.0, 9.0]
T = 0.018014398509482003	 step = 967
97.62
21.879320401278406
[16.0, 17.0, 45.0, 38.0, 37.0, 5.0, 24.0, 32.0, 17.0, 33.0, 47.0, 19.0, 7.0, 23.0, 46.0, 8.0, 6.0, 6.0, 28.0, 45.0]
[25.0, 46.0, 21.0, 35.0, 27.0, 25.0, 45.0, 46.0, 35.0, 15.0, 7.0, 15.0, 47.0, 5.0, 31.0, 5.0, 37.0, 15.0, 36.0, 46.0]
[5.0, 5.0, 5.0, 5.0, 5.0, 5.0, 5.0, 5.0, 9.0, 9.0, 9.0, 9.0, 12.0, 12.0, 8.0, 12.0, 9.0, 9.0, 9.0, 9.0]
[5.0, 5.0, 5.0, 5.0, 5.0, 5.0, 5.0, 5.0, 9.0, 9.0, 9.0, 9.0, 8.0, 8.0, 12.0, 8.0, 9.0, 9.0, 9.0, 9.0]
T = 0.018014398509482003	 step = 968
97.70000000000005
21.754320401278406
[16.0, 17.0, 45.0, 38.0, 37.0, 5.0, 24.0, 32.0, 17.0, 33.0, 47.0, 19.0, 7.0, 23.0, 46.0, 8.0, 6.0, 6.0, 28.0, 45.0]
[26.0, 46.0, 21.0, 35.0, 27.0, 25.0, 45.0, 46.0, 35.0, 15.0, 7.0, 15.0, 47.0, 5.0, 31.0, 5.0, 37.0, 15.0, 36.0, 46.0]
[5.0, 5.0, 5.0, 5.0, 5.0, 5.0, 5.0, 5.0, 9.0, 9.0, 9.0, 9.0, 12.0, 12.0, 8.0, 12.0, 9.0, 9.0, 9.0, 9.0]
[5.0, 5.0, 5.0, 5.0, 5.0, 5.0, 5.0, 5.0, 9.0, 9.0, 9.0, 9.0, 8.0, 8.0, 12.0, 8.0, 9.0, 9.0, 9.0, 9.0]
T = 0.018014398509482003	 step = 969
97.74000000000001
21.691820401278406
[16.0, 17.0, 45.0, 38.0, 37.0, 5.0, 24.0, 32.0, 17.0, 33.0, 47.0, 19.0, 7.0, 23.0, 46.0, 8.0, 6.0, 6.0, 28.0, 45.0]
[26.0, 46.0, 21.0, 35.0, 27.0, 25.0, 45.0, 46.0, 35.0, 15.0, 7.0, 15.0, 47.0, 5.0, 31.0, 5.0, 37.0, 16.0, 36.0, 46.0]
[5.0, 5.0, 5.0, 5.0, 5.0, 5.0, 5.0, 5.0, 9.0, 9.0, 9.0, 9.0, 12.0, 12.0, 8.0, 12.0, 9.0, 9.0, 9.0, 9.0]
[5.0, 5.0, 5.0, 5.0, 5.0, 5.0, 5.0, 5.0, 9.0, 9.0, 9.0, 9.0, 8.0, 8.0, 12.0, 8.0, 9.0, 9.0, 9.0, 9.0]
T = 0.018014398509482003	 step = 970
97.86000000000001
21.70176358309659
[16.0, 17.0, 45.0, 38.0, 37.0, 5.0, 24.0, 32.0, 17.0, 33.0, 47.0, 19.0, 7.0, 23.0, 46.0, 8.0, 6.0, 6.0, 28.0, 45.0]
[26.0, 46.0, 21.0, 35.0, 27.0, 25.0, 45.0, 46.0, 35.0, 16.0, 7.0, 15.0, 47.0, 5.0, 31.0, 5.0, 37.0, 16.0, 36.0, 46.0]
[5.0, 5.0, 5.0, 5.0, 5.0, 5.0, 5.0, 5.0, 9.0, 9.0, 9.0, 9.0, 12.0, 12.0, 8.0, 12.0, 9.0, 9.0, 9.0, 9.0]
[5.0, 5.0, 5.0, 5.0, 5.0, 5.0, 5.0, 5.0, 9.0, 9.0, 9.0, 9.0, 8.0, 8.0, 12.0, 8.0, 9.0, 9.0, 9.0, 9.0]
T = 0.018014398509482003	 step = 971
97.71000000000004
21.781131480823863
[16.0, 17.0, 45.0, 38.0, 37.0, 5.0, 24.0, 32.0, 17.0, 33.0, 47.0, 19.0, 7.0, 23.0, 46.0, 8.0, 6.0, 6.0, 28.0, 45.0]
[26.0, 46.0, 21.0, 35.0, 27.0, 25.0, 45.0, 47.0, 35.0, 15.0, 7.0, 15.0, 47.0, 5.0, 31.0, 5.0, 37.0, 16.0, 36.0, 46.0]
[5.0, 5.0, 5.0, 5.0, 5.0, 5.0, 5.0, 5.0, 9.0, 9.0, 9.0, 9.0, 12.0, 12.0, 8.0, 12.0, 9.0, 9.0, 9.0, 9.0]
[5.0, 5.0, 5.0, 5.0, 5.0, 5.0, 5.0, 5.0, 9.0, 9.0, 9.0, 9.0, 8.0, 8.0, 12.0, 8.0, 9.0, 9.0, 9.0, 9.0]
T = 0.018014398509482003	 step = 972
97.67000000000002
21.843631480823863
[16.0, 17.0, 45.0, 38.0, 37.0, 5.0, 24.0, 32.0, 17.0, 33.0, 47.0, 19.0, 7.0, 23.0, 46.0, 8.0, 6.0, 6.0, 28.0, 45.0]
[26.0, 46.0, 21.0, 35.0, 27.0, 25.0, 45.0, 47.0, 35.0, 15.0, 7.0, 15.0, 48.0, 5.0, 31.0, 5.0, 37.0, 16.0, 36.0, 46.0]
[5.0, 5.0, 5.0, 5.0, 5.0, 5.0, 5.0, 5.0, 9.0, 9.0, 9.0, 9.0, 12.0, 12.0, 8.0, 12.0, 9.0, 9.0, 9.0, 9.0]
[5.0, 5.0, 5.0, 5.0, 5.0, 5.0, 5.0, 5.0, 9.0, 9.0, 9.0, 9.0, 8.0, 8.0, 12.0, 8.0, 9.0, 9.0, 9.0, 9.0]
T = 0.018014398509482003	 step = 973
97.98000000000002
22.093631480823863
[16.0, 17.0, 45.0, 38.0, 33.0, 5.0, 24.0, 32.0, 17.0, 33.0, 47.0, 19.0, 7.0, 23.0, 46.0, 8.0, 6.0, 6.0, 28.0, 45.0]
[26.0, 46.0, 21.0, 35.0, 27.0, 25.0, 45.0, 47.0, 35.0, 15.0, 7.0, 15.0, 48.0, 5.0, 31.0, 5.0, 37.0, 16.0, 36.0, 46.0]
[5.0, 5.0, 5.0, 5.0, 5.0, 5.0, 5.0, 5.0, 9.0, 9.0, 9.0, 9.0, 12.0, 12.0, 8.0, 12.0, 9.0, 9.0, 9.0, 9.0]
[5.0, 5.0, 5.0, 5.0, 5.0, 5.0, 5.0, 5.0, 9.0, 9.0, 9.0, 9.0, 8.0, 8.0, 12.0, 8.0, 9.0, 9.0, 9.0, 9.0]
T = 0.018014398509482003	 step = 974
97.62
22.093631480823863
[16.0, 17.0, 45.0, 38.0, 37.0, 5.0, 24.0, 32.0, 17.0, 33.0, 47.0, 19.0, 7.0, 23.0, 46.0, 8.0, 6.0, 6.0, 28.0, 45.0]
[24.0, 46.0, 21.0, 35.0, 27.0, 25.0, 45.0, 47.0, 35.0, 15.0, 7.0, 15.0, 48.0, 5.0, 31.0, 5.0, 37.0, 16.0, 36.0, 46.0]
[5.0, 5.0, 5.0, 5.0, 5.0, 5.0, 5.0, 5.0, 9.0, 9.0, 9.0, 9.0, 12.0, 12.0, 8.0, 12.0, 9.0, 9.0, 9.0, 9.0]
[5.0, 5.0, 5.0, 5.0, 5.0, 5.0, 5.0, 5.0, 9.0, 9.0, 9.0, 9.0, 8.0, 8.0, 12.0, 8.0, 9.0, 9.0, 9.0, 9.0]
T = 0.018014398509482003	 step = 975
97.67000000000002
21.718631480823863
[16.0, 17.0, 45.0, 38.0, 37.0, 5.0, 24.0, 32.0, 17.0, 33.0, 47.0, 19.0, 7.0, 23.0, 46.0, 8.0, 6.0, 6.0, 28.0, 45.0]
[26.0, 46.0, 21.0, 35.0, 27.0, 26.0, 45.0, 47.0, 35.0, 15.0, 7.0, 15.0, 48.0, 5.0, 31.0, 5.0, 37.0, 16.0, 36.0, 46.0]
[5.0, 5.0, 5.0, 5.0, 5.0, 5.0, 5.0, 5.0, 9.0, 9.0, 9.0, 9.0, 12.0, 12.0, 8.0, 12.0, 9.0, 9.0, 9.0, 9.0]
[5.0, 5.0, 5.0, 5.0, 5.0, 5.0, 5.0, 5.0, 9.0, 9.0, 9.0, 9.0, 8.0, 8.0, 12.0, 8.0, 9.0, 9.0, 9.0, 9.0]
T = 0.018014398509482003	 step = 976
97.80000000000001
21.593631480823863
[16.0, 17.0, 45.0, 38.0, 37.0, 5.0, 24.0, 32.0, 17.0, 33.0, 47.0, 19.0, 7.0, 23.0, 46.0, 8.0, 6.0, 6.0, 28.0, 45.0]
[26.0, 45.0, 21.0, 35.0, 27.0, 26.0, 45.0, 47.0, 35.0, 15.0, 7.0, 15.0, 48.0, 5.0, 31.0, 5.0, 37.0, 16.0, 36.0, 46.0]
[5.0, 5.0, 5.0, 5.0, 5.0, 5.0, 5.0, 5.0, 9.0, 9.0, 9.0, 9.0, 12.0, 12.0, 8.0, 12.0, 9.0, 9.0, 9.0, 9.0]
[5.0, 5.0, 5.0, 5.0, 5.0, 5.0, 5.0, 5.0, 9.0, 9.0, 9.0, 9.0, 8.0, 8.0, 12.0, 8.0, 9.0, 9.0, 9.0, 9.0]
T = 0.018014398509482003	 step = 977
97.81
21.531131480823863
[16.0, 17.0, 45.0, 38.0, 37.0, 5.0, 24.0, 32.0, 17.0, 33.0, 47.0, 19.0, 7.0, 23.0, 46.0, 9.0, 6.0, 6.0, 28.0, 45.0]
[26.0, 45.0, 21.0, 35.0, 27.0, 26.0, 45.0, 47.0, 35.0, 15.0, 7.0, 15.0, 48.0, 5.0, 31.0, 5.0, 37.0, 16.0, 36.0, 46.0]
[5.0, 5.0, 5.0, 5.0, 5.0, 5.0, 5.0, 5.0, 9.0, 9.0, 9.0, 9.0, 12.0, 12.0, 8.0, 12.0, 9.0, 9.0, 9.0, 9.0]
[5.0, 5.0, 5.0, 5.0, 5.0, 5.0, 5.0, 5.0, 9.0, 9.0, 9.0, 9.0, 8.0, 8.0, 12.0, 8.0, 9.0, 9.0, 9.0, 9.0]
T = 0.018014398509482003	 step = 978
97.93
21.531131480823863
[16.0, 17.0, 45.0, 38.0, 37.0, 5.0, 24.0, 32.0, 17.0, 32.0, 47.0, 19.0, 7.0, 23.0, 46.0, 9.0, 6.0, 6.0, 28.0, 45.0]
[26.0, 45.0, 21.0, 35.0, 27.0, 26.0, 45.0, 47.0, 35.0, 15.0, 7.0, 15.0, 48.0, 5.0, 31.0, 5.0, 37.0, 16.0, 36.0, 46.0]
[5.0, 5.0, 5.0, 5.0, 5.0, 5.0, 5.0, 5.0, 9.0, 9.0, 9.0, 9.0, 12.0, 12.0, 8.0, 12.0, 9.0, 9.0, 9.0, 9.0]
[5.0, 5.0, 5.0, 5.0, 5.0, 5.0, 5.0, 5.0, 9.0, 9.0, 9.0, 9.0, 8.0, 8.0, 12.0, 8.0, 9.0, 9.0, 9.0, 9.0]
T = 0.018014398509482003	 step = 979
97.69
21.656131480823863
[16.0, 17.0, 45.0, 38.0, 37.0, 5.0, 24.0, 32.0, 17.0, 33.0, 47.0, 19.0, 7.0, 23.0, 46.0, 9.0, 6.0, 6.0, 28.0, 45.0]
[26.0, 46.0, 21.0, 35.0, 27.0, 26.0, 45.0, 47.0, 35.0, 15.0, 7.0, 15.0, 48.0, 5.0, 31.0, 5.0, 37.0, 16.0, 36.0, 46.0]
[5.0, 5.0, 5.0, 5.0, 5.0, 5.0, 5.0, 5.0, 9.0, 9.0, 9.0, 9.0, 12.0, 12.0, 8.0, 12.0, 9.0, 9.0, 9.0, 9.0]
[5.0, 5.0, 5.0, 5.0, 5.0, 5.0, 5.0, 5.0, 9.0, 9.0, 9.0, 9.0, 8.0, 8.0, 12.0, 8.0, 9.0, 9.0, 9.0, 9.0]
T = 0.018014398509482003	 step = 980
97.72000000000003
21.531131480823863
[16.0, 17.0, 45.0, 38.0, 37.0, 5.0, 24.0, 32.0, 17.0, 33.0, 47.0, 19.0, 7.0, 23.0, 46.0, 9.0, 6.0, 6.0, 28.0, 45.0]
[26.0, 46.0, 21.0, 35.0, 27.0, 27.0, 45.0, 47.0, 35.0, 15.0, 7.0, 15.0, 48.0, 5.0, 31.0, 5.0, 37.0, 16.0, 36.0, 46.0]
[5.0, 5.0, 5.0, 5.0, 5.0, 5.0, 5.0, 5.0, 9.0, 9.0, 9.0, 9.0, 12.0, 12.0, 8.0, 12.0, 9.0, 9.0, 9.0, 9.0]
[5.0, 5.0, 5.0, 5.0, 5.0, 5.0, 5.0, 5.0, 9.0, 9.0, 9.0, 9.0, 8.0, 8.0, 12.0, 8.0, 9.0, 9.0, 9.0, 9.0]
T = 0.018014398509482003	 step = 981
97.69
21.656131480823863
[16.0, 17.0, 45.0, 38.0, 37.0, 5.0, 24.0, 32.0, 17.0, 33.0, 47.0, 19.0, 7.0, 23.0, 46.0, 9.0, 6.0, 6.0, 28.0, 45.0]
[26.0, 46.0, 21.0, 35.0, 27.0, 26.0, 45.0, 47.0, 35.0, 15.0, 7.0, 15.0, 48.0, 5.0, 31.0, 5.0, 37.0, 16.0, 36.0, 46.0]
[5.0, 5.0, 5.0, 5.0, 5.0, 5.0, 5.0, 5.0, 9.0, 9.0, 9.0, 9.0, 12.0, 12.0, 8.0, 12.0, 9.0, 9.0, 9.0, 9.0]
[5.0, 5.0, 5.0, 5.0, 5.0, 5.0, 5.0, 5.0, 9.0, 9.0, 9.0, 9.0, 8.0, 8.0, 12.0, 8.0, 9.0, 9.0, 9.0, 9.0]
T = 0.018014398509482003	 step = 982
97.65000000000003
21.76349653764204
[15.0, 17.0, 45.0, 38.0, 37.0, 5.0, 24.0, 32.0, 17.0, 33.0, 47.0, 19.0, 7.0, 23.0, 46.0, 9.0, 6.0, 6.0, 28.0, 45.0]
[26.0, 46.0, 21.0, 35.0, 27.0, 26.0, 45.0, 47.0, 35.0, 15.0, 7.0, 15.0, 48.0, 5.0, 31.0, 5.0, 37.0, 16.0, 36.0, 46.0]
[5.0, 5.0, 5.0, 5.0, 5.0, 5.0, 5.0, 5.0, 9.0, 9.0, 9.0, 9.0, 12.0, 12.0, 8.0, 12.0, 9.0, 9.0, 9.0, 9.0]
[5.0, 5.0, 5.0, 5.0, 5.0, 5.0, 5.0, 5.0, 9.0, 9.0, 9.0, 9.0, 8.0, 8.0, 12.0, 8.0, 9.0, 9.0, 9.0, 9.0]
T = 0.018014398509482003	 step = 983
97.55000000000001
21.82599653764204
[15.0, 17.0, 45.0, 38.0, 37.0, 5.0, 24.0, 32.0, 17.0, 33.0, 47.0, 19.0, 7.0, 23.0, 46.0, 9.0, 6.0, 6.0, 28.0, 45.0]
[26.0, 46.0, 21.0, 35.0, 27.0, 26.0, 46.0, 47.0, 35.0, 15.0, 7.0, 15.0, 48.0, 5.0, 31.0, 5.0, 37.0, 16.0, 36.0, 46.0]
[5.0, 5.0, 5.0, 5.0, 5.0, 5.0, 5.0, 5.0, 9.0, 9.0, 9.0, 9.0, 12.0, 12.0, 8.0, 12.0, 9.0, 9.0, 9.0, 9.0]
[5.0, 5.0, 5.0, 5.0, 5.0, 5.0, 5.0, 5.0, 9.0, 9.0, 9.0, 9.0, 8.0, 8.0, 12.0, 8.0, 9.0, 9.0, 9.0, 9.0]
T = 0.018014398509482003	 step = 984
97.59000000000003
21.70099653764204
[15.0, 17.0, 44.0, 38.0, 37.0, 5.0, 24.0, 32.0, 17.0, 33.0, 47.0, 19.0, 7.0, 23.0, 46.0, 9.0, 6.0, 6.0, 28.0, 45.0]
[26.0, 46.0, 21.0, 35.0, 27.0, 26.0, 46.0, 47.0, 35.0, 15.0, 7.0, 15.0, 48.0, 5.0, 31.0, 5.0, 37.0, 16.0, 36.0, 46.0]
[5.0, 5.0, 5.0, 5.0, 5.0, 5.0, 5.0, 5.0, 9.0, 9.0, 9.0, 9.0, 12.0, 12.0, 8.0, 12.0, 9.0, 9.0, 9.0, 9.0]
[5.0, 5.0, 5.0, 5.0, 5.0, 5.0, 5.0, 5.0, 9.0, 9.0, 9.0, 9.0, 8.0, 8.0, 12.0, 8.0, 9.0, 9.0, 9.0, 9.0]
T = 0.018014398509482003	 step = 985
97.24000000000001
21.70099653764204
[15.0, 17.0, 44.0, 38.0, 37.0, 5.0, 24.0, 32.0, 17.0, 33.0, 47.0, 19.0, 7.0, 23.0, 46.0, 9.0, 6.0, 6.0, 28.0, 45.0]
[26.0, 46.0, 21.0, 35.0, 27.0, 26.0, 46.0, 47.0, 36.0, 15.0, 7.0, 15.0, 48.0, 5.0, 31.0, 5.0, 37.0, 16.0, 36.0, 46.0]
[5.0, 5.0, 5.0, 5.0, 5.0, 5.0, 5.0, 5.0, 9.0, 9.0, 9.0, 9.0, 12.0, 12.0, 8.0, 12.0, 9.0, 9.0, 9.0, 9.0]
[5.0, 5.0, 5.0, 5.0, 5.0, 5.0, 5.0, 5.0, 9.0, 9.0, 9.0, 9.0, 8.0, 8.0, 12.0, 8.0, 9.0, 9.0, 9.0, 9.0]
T = 0.018014398509482003	 step = 986
97.59000000000003
21.70099653764204
[15.0, 17.0, 44.0, 38.0, 37.0, 5.0, 24.0, 32.0, 17.0, 33.0, 47.0, 19.0, 7.0, 23.0, 46.0, 9.0, 6.0, 6.0, 28.0, 45.0]
[26.0, 46.0, 21.0, 35.0, 27.0, 26.0, 46.0, 47.0, 35.0, 15.0, 7.0, 15.0, 48.0, 5.0, 31.0, 5.0, 37.0, 16.0, 36.0, 46.0]
[5.0, 5.0, 5.0, 5.0, 5.0, 5.0, 5.0, 5.0, 9.0, 9.0, 9.0, 9.0, 12.0, 12.0, 8.0, 12.0, 9.0, 9.0, 9.0, 9.0]
[5.0, 5.0, 5.0, 5.0, 5.0, 5.0, 5.0, 5.0, 9.0, 9.0, 9.0, 9.0, 8.0, 8.0, 12.0, 8.0, 9.0, 9.0, 9.0, 9.0]
T = 0.018014398509482003	 step = 987
97.19
21.82599653764204
[15.0, 17.0, 45.0, 38.0, 37.0, 5.0, 24.0, 32.0, 17.0, 33.0, 47.0, 19.0, 7.0, 23.0, 46.0, 9.0, 6.0, 6.0, 28.0, 45.0]
[26.0, 46.0, 21.0, 35.0, 27.0, 26.0, 46.0, 47.0, 36.0, 15.0, 7.0, 15.0, 48.0, 5.0, 31.0, 5.0, 37.0, 16.0, 36.0, 46.0]
[5.0, 5.0, 5.0, 5.0, 5.0, 5.0, 5.0, 5.0, 9.0, 9.0, 9.0, 9.0, 12.0, 12.0, 8.0, 12.0, 9.0, 9.0, 9.0, 9.0]
[5.0, 5.0, 5.0, 5.0, 5.0, 5.0, 5.0, 5.0, 9.0, 9.0, 9.0, 9.0, 8.0, 8.0, 12.0, 8.0, 9.0, 9.0, 9.0, 9.0]
T = 0.018014398509482003	 step = 988
97.13
21.951101296164772
[15.0, 17.0, 45.0, 38.0, 37.0, 5.0, 24.0, 32.0, 17.0, 33.0, 47.0, 19.0, 7.0, 23.0, 46.0, 9.0, 6.0, 6.0, 28.0, 45.0]
[26.0, 46.0, 21.0, 35.0, 27.0, 25.0, 46.0, 47.0, 36.0, 15.0, 7.0, 15.0, 48.0, 5.0, 31.0, 5.0, 37.0, 16.0, 36.0, 46.0]
[5.0, 5.0, 5.0, 5.0, 5.0, 5.0, 5.0, 5.0, 9.0, 9.0, 9.0, 9.0, 12.0, 12.0, 8.0, 12.0, 9.0, 9.0, 9.0, 9.0]
[5.0, 5.0, 5.0, 5.0, 5.0, 5.0, 5.0, 5.0, 9.0, 9.0, 9.0, 9.0, 8.0, 8.0, 12.0, 8.0, 9.0, 9.0, 9.0, 9.0]
T = 0.018014398509482003	 step = 989
97.15000000000003
21.978322975852272
[15.0, 17.0, 45.0, 38.0, 37.0, 5.0, 24.0, 32.0, 17.0, 33.0, 47.0, 19.0, 7.0, 23.0, 46.0, 9.0, 6.0, 6.0, 28.0, 45.0]
[26.0, 46.0, 21.0, 35.0, 27.0, 25.0, 46.0, 47.0, 36.0, 15.0, 7.0, 15.0, 48.0, 5.0, 31.0, 5.0, 37.0, 16.0, 36.0, 45.0]
[5.0, 5.0, 5.0, 5.0, 5.0, 5.0, 5.0, 5.0, 9.0, 9.0, 9.0, 9.0, 12.0, 12.0, 8.0, 12.0, 9.0, 9.0, 9.0, 9.0]
[5.0, 5.0, 5.0, 5.0, 5.0, 5.0, 5.0, 5.0, 9.0, 9.0, 9.0, 9.0, 8.0, 8.0, 12.0, 8.0, 9.0, 9.0, 9.0, 9.0]
T = 0.018014398509482003	 step = 990
97.48000000000002
21.99690252130682
[15.0, 17.0, 45.0, 38.0, 37.0, 5.0, 24.0, 32.0, 17.0, 33.0, 47.0, 20.0, 7.0, 23.0, 46.0, 9.0, 6.0, 6.0, 28.0, 45.0]
[26.0, 46.0, 21.0, 35.0, 27.0, 25.0, 46.0, 47.0, 36.0, 15.0, 7.0, 15.0, 48.0, 5.0, 31.0, 5.0, 37.0, 16.0, 36.0, 45.0]
[5.0, 5.0, 5.0, 5.0, 5.0, 5.0, 5.0, 5.0, 9.0, 9.0, 9.0, 9.0, 12.0, 12.0, 8.0, 12.0, 9.0, 9.0, 9.0, 9.0]
[5.0, 5.0, 5.0, 5.0, 5.0, 5.0, 5.0, 5.0, 9.0, 9.0, 9.0, 9.0, 8.0, 8.0, 12.0, 8.0, 9.0, 9.0, 9.0, 9.0]
T = 0.018014398509482003	 step = 991
97.22000000000003
21.988266157670452
[15.0, 17.0, 45.0, 38.0, 37.0, 5.0, 24.0, 32.0, 17.0, 33.0, 47.0, 19.0, 7.0, 23.0, 46.0, 9.0, 6.0, 6.0, 28.0, 45.0]
[26.0, 46.0, 20.0, 35.0, 27.0, 25.0, 46.0, 47.0, 36.0, 15.0, 7.0, 15.0, 48.0, 5.0, 31.0, 5.0, 37.0, 16.0, 36.0, 45.0]
[5.0, 5.0, 5.0, 5.0, 5.0, 5.0, 5.0, 5.0, 9.0, 9.0, 9.0, 9.0, 12.0, 12.0, 8.0, 12.0, 9.0, 9.0, 9.0, 9.0]
[5.0, 5.0, 5.0, 5.0, 5.0, 5.0, 5.0, 5.0, 9.0, 9.0, 9.0, 9.0, 8.0, 8.0, 12.0, 8.0, 9.0, 9.0, 9.0, 9.0]
T = 0.018014398509482003	 step = 992
97.09000000000003
22.113266157670452
[15.0, 17.0, 45.0, 38.0, 37.0, 5.0, 24.0, 32.0, 17.0, 33.0, 47.0, 19.0, 7.0, 23.0, 46.0, 9.0, 6.0, 6.0, 28.0, 45.0]
[26.0, 46.0, 20.0, 35.0, 27.0, 25.0, 46.0, 47.0, 36.0, 15.0, 6.0, 15.0, 48.0, 5.0, 31.0, 5.0, 37.0, 16.0, 36.0, 45.0]
[5.0, 5.0, 5.0, 5.0, 5.0, 5.0, 5.0, 5.0, 9.0, 9.0, 9.0, 9.0, 12.0, 12.0, 8.0, 12.0, 9.0, 9.0, 9.0, 9.0]
[5.0, 5.0, 5.0, 5.0, 5.0, 5.0, 5.0, 5.0, 9.0, 9.0, 9.0, 9.0, 8.0, 8.0, 12.0, 8.0, 9.0, 9.0, 9.0, 9.0]
T = 0.018014398509482003	 step = 993
97.25
21.988266157670452
[15.0, 17.0, 45.0, 38.0, 37.0, 5.0, 24.0, 32.0, 17.0, 33.0, 47.0, 19.0, 7.0, 23.0, 46.0, 9.0, 6.0, 6.0, 28.0, 45.0]
[26.0, 45.0, 20.0, 35.0, 27.0, 25.0, 46.0, 47.0, 36.0, 15.0, 6.0, 15.0, 48.0, 5.0, 31.0, 5.0, 37.0, 16.0, 36.0, 45.0]
[5.0, 5.0, 5.0, 5.0, 5.0, 5.0, 5.0, 5.0, 9.0, 9.0, 9.0, 9.0, 12.0, 12.0, 8.0, 12.0, 9.0, 9.0, 9.0, 9.0]
[5.0, 5.0, 5.0, 5.0, 5.0, 5.0, 5.0, 5.0, 9.0, 9.0, 9.0, 9.0, 8.0, 8.0, 12.0, 8.0, 9.0, 9.0, 9.0, 9.0]
T = 0.018014398509482003	 step = 994
97.25
22.113266157670452
[15.0, 17.0, 45.0, 38.0, 37.0, 5.0, 24.0, 32.0, 17.0, 33.0, 47.0, 19.0, 7.0, 23.0, 46.0, 9.0, 6.0, 6.0, 28.0, 45.0]
[26.0, 45.0, 20.0, 36.0, 27.0, 25.0, 46.0, 47.0, 36.0, 15.0, 6.0, 15.0, 48.0, 5.0, 31.0, 5.0, 37.0, 16.0, 36.0, 45.0]
[5.0, 5.0, 5.0, 5.0, 5.0, 5.0, 5.0, 5.0, 9.0, 9.0, 9.0, 9.0, 12.0, 12.0, 8.0, 12.0, 9.0, 9.0, 9.0, 9.0]
[5.0, 5.0, 5.0, 5.0, 5.0, 5.0, 5.0, 5.0, 9.0, 9.0, 9.0, 9.0, 8.0, 8.0, 12.0, 8.0, 9.0, 9.0, 9.0, 9.0]
T = 0.018014398509482003	 step = 995
97.25
21.898439719460224
[15.0, 17.0, 45.0, 38.0, 37.0, 5.0, 24.0, 33.0, 17.0, 33.0, 47.0, 19.0, 7.0, 23.0, 46.0, 9.0, 6.0, 6.0, 28.0, 45.0]
[26.0, 45.0, 20.0, 35.0, 27.0, 25.0, 46.0, 46.0, 36.0, 15.0, 6.0, 15.0, 48.0, 5.0, 31.0, 5.0, 37.0, 16.0, 36.0, 45.0]
[5.0, 5.0, 5.0, 5.0, 5.0, 5.0, 5.0, 5.0, 9.0, 9.0, 9.0, 9.0, 12.0, 12.0, 8.0, 12.0, 9.0, 9.0, 9.0, 9.0]
[5.0, 5.0, 5.0, 5.0, 5.0, 5.0, 5.0, 5.0, 9.0, 9.0, 9.0, 9.0, 8.0, 8.0, 12.0, 8.0, 9.0, 9.0, 9.0, 9.0]
T = 0.018014398509482003	 step = 996
97.19
21.898439719460224
[15.0, 17.0, 45.0, 38.0, 37.0, 5.0, 24.0, 34.0, 17.0, 33.0, 47.0, 19.0, 7.0, 23.0, 46.0, 9.0, 6.0, 6.0, 28.0, 45.0]
[26.0, 45.0, 20.0, 35.0, 27.0, 25.0, 46.0, 46.0, 36.0, 15.0, 6.0, 15.0, 48.0, 5.0, 31.0, 5.0, 37.0, 16.0, 36.0, 45.0]
[5.0, 5.0, 5.0, 5.0, 5.0, 5.0, 5.0, 5.0, 9.0, 9.0, 9.0, 9.0, 12.0, 12.0, 8.0, 12.0, 9.0, 9.0, 9.0, 9.0]
[5.0, 5.0, 5.0, 5.0, 5.0, 5.0, 5.0, 5.0, 9.0, 9.0, 9.0, 9.0, 8.0, 8.0, 12.0, 8.0, 9.0, 9.0, 9.0, 9.0]
T = 0.018014398509482003	 step = 997
97.16000000000003
21.960939719460224
[15.0, 17.0, 45.0, 38.0, 37.0, 5.0, 24.0, 34.0, 17.0, 33.0, 47.0, 19.0, 7.0, 23.0, 46.0, 9.0, 6.0, 6.0, 28.0, 45.0]
[26.0, 45.0, 20.0, 35.0, 27.0, 25.0, 46.0, 46.0, 36.0, 15.0, 6.0, 15.0, 48.0, 5.0, 31.0, 5.0, 37.0, 15.0, 36.0, 45.0]
[5.0, 5.0, 5.0, 5.0, 5.0, 5.0, 5.0, 5.0, 9.0, 9.0, 9.0, 9.0, 12.0, 12.0, 8.0, 12.0, 9.0, 9.0, 9.0, 9.0]
[5.0, 5.0, 5.0, 5.0, 5.0, 5.0, 5.0, 5.0, 9.0, 9.0, 9.0, 9.0, 8.0, 8.0, 12.0, 8.0, 9.0, 9.0, 9.0, 9.0]
T = 0.018014398509482003	 step = 998
99.06
21.90372736150568
[22.0, 17.0, 45.0, 38.0, 37.0, 5.0, 24.0, 34.0, 17.0, 33.0, 47.0, 19.0, 7.0, 23.0, 46.0, 9.0, 6.0, 6.0, 28.0, 45.0]
[24.0, 45.0, 20.0, 35.0, 27.0, 25.0, 46.0, 46.0, 36.0, 15.0, 6.0, 15.0, 48.0, 5.0, 31.0, 5.0, 37.0, 15.0, 36.0, 45.0]
[5.0, 5.0, 5.0, 5.0, 5.0, 5.0, 5.0, 5.0, 9.0, 9.0, 9.0, 9.0, 12.0, 12.0, 8.0, 12.0, 9.0, 9.0, 9.0, 9.0]
[5.0, 5.0, 5.0, 5.0, 5.0, 5.0, 5.0, 5.0, 9.0, 9.0, 9.0, 9.0, 8.0, 8.0, 12.0, 8.0, 9.0, 9.0, 9.0, 9.0]
T = 0.018014398509482003	 step = 999
97.48000000000002
21.994494406960225
[15.0, 17.0, 45.0, 38.0, 37.0, 5.0, 24.0, 34.0, 17.0, 33.0, 47.0, 19.0, 7.0, 23.0, 46.0, 9.0, 6.0, 6.0, 28.0, 45.0]
[26.0, 45.0, 20.0, 35.0, 27.0, 25.0, 46.0, 46.0, 36.0, 16.0, 6.0, 15.0, 48.0, 5.0, 31.0, 5.0, 37.0, 15.0, 36.0, 45.0]
[5.0, 5.0, 5.0, 5.0, 5.0, 5.0, 5.0, 5.0, 9.0, 9.0, 9.0, 9.0, 12.0, 12.0, 8.0, 12.0, 9.0, 9.0, 9.0, 9.0]
[5.0, 5.0, 5.0, 5.0, 5.0, 5.0, 5.0, 5.0, 9.0, 9.0, 9.0, 9.0, 8.0, 8.0, 12.0, 8.0, 9.0, 9.0, 9.0, 9.0]
T = 0.018014398509482003	 step = 1000
98.0
22.047761452414772
[15.0, 17.0, 45.0, 38.0, 37.0, 5.0, 24.0, 34.0, 17.0, 33.0, 47.0, 19.0, 7.0, 23.0, 46.0, 9.0, 6.0, 6.0, 28.0, 45.0]
[26.0, 45.0, 20.0, 35.0, 27.0, 25.0, 46.0, 46.0, 36.0, 17.0, 6.0, 15.0, 48.0, 5.0, 31.0, 5.0, 37.0, 15.0, 36.0, 45.0]
[5.0, 5.0, 5.0, 5.0, 5.0, 5.0, 5.0, 5.0, 9.0, 9.0, 9.0, 9.0, 12.0, 12.0, 8.0, 12.0, 9.0, 9.0, 9.0, 9.0]
[5.0, 5.0, 5.0, 5.0, 5.0, 5.0, 5.0, 5.0, 9.0, 9.0, 9.0, 9.0, 8.0, 8.0, 12.0, 8.0, 9.0, 9.0, 9.0, 9.0]
T = 0.018014398509482003	 step = 1001
97.30000000000001
21.994494406960225
[15.0, 17.0, 45.0, 38.0, 37.0, 5.0, 24.0, 34.0, 17.0, 33.0, 47.0, 18.0, 7.0, 23.0, 46.0, 9.0, 6.0, 6.0, 28.0, 45.0]
[26.0, 45.0, 20.0, 35.0, 27.0, 25.0, 46.0, 46.0, 36.0, 16.0, 6.0, 15.0, 48.0, 5.0, 31.0, 5.0, 37.0, 15.0, 36.0, 45.0]
[5.0, 5.0, 5.0, 5.0, 5.0, 5.0, 5.0, 5.0, 9.0, 9.0, 9.0, 9.0, 12.0, 12.0, 8.0, 12.0, 9.0, 9.0, 9.0, 9.0]
[5.0, 5.0, 5.0, 5.0, 5.0, 5.0, 5.0, 5.0, 9.0, 9.0, 9.0, 9.0, 8.0, 8.0, 12.0, 8.0, 9.0, 9.0, 9.0, 9.0]
T = 0.018014398509482003	 step = 1002
97.35000000000002
21.931994406960225
[15.0, 17.0, 45.0, 38.0, 37.0, 5.0, 24.0, 34.0, 17.0, 33.0, 47.0, 18.0, 7.0, 23.0, 46.0, 9.0, 6.0, 6.0, 28.0, 45.0]
[26.0, 45.0, 20.0, 35.0, 27.0, 25.0, 46.0, 46.0, 36.0, 16.0, 6.0, 15.0, 47.0, 5.0, 31.0, 5.0, 37.0, 15.0, 36.0, 45.0]
[5.0, 5.0, 5.0, 5.0, 5.0, 5.0, 5.0, 5.0, 9.0, 9.0, 9.0, 9.0, 12.0, 12.0, 8.0, 12.0, 9.0, 9.0, 9.0, 9.0]
[5.0, 5.0, 5.0, 5.0, 5.0, 5.0, 5.0, 5.0, 9.0, 9.0, 9.0, 9.0, 8.0, 8.0, 12.0, 8.0, 9.0, 9.0, 9.0, 9.0]
T = 0.018014398509482003	 step = 1003
97.71000000000004
21.931994406960225
[15.0, 17.0, 45.0, 38.0, 37.0, 5.0, 24.0, 34.0, 17.0, 33.0, 47.0, 18.0, 7.0, 23.0, 46.0, 9.0, 6.0, 6.0, 28.0, 45.0]
[26.0, 45.0, 20.0, 35.0, 27.0, 25.0, 46.0, 46.0, 35.0, 16.0, 6.0, 15.0, 47.0, 5.0, 31.0, 5.0, 37.0, 15.0, 36.0, 45.0]
[5.0, 5.0, 5.0, 5.0, 5.0, 5.0, 5.0, 5.0, 9.0, 9.0, 9.0, 9.0, 12.0, 12.0, 8.0, 12.0, 9.0, 9.0, 9.0, 9.0]
[5.0, 5.0, 5.0, 5.0, 5.0, 5.0, 5.0, 5.0, 9.0, 9.0, 9.0, 9.0, 8.0, 8.0, 12.0, 8.0, 9.0, 9.0, 9.0, 9.0]
T = 0.018014398509482003	 step = 1004
97.35000000000002
21.869494406960225
[15.0, 17.0, 45.0, 38.0, 37.0, 5.0, 24.0, 34.0, 17.0, 33.0, 47.0, 18.0, 7.0, 24.0, 46.0, 9.0, 6.0, 6.0, 28.0, 45.0]
[26.0, 45.0, 20.0, 35.0, 27.0, 25.0, 46.0, 46.0, 36.0, 16.0, 6.0, 15.0, 47.0, 5.0, 31.0, 5.0, 37.0, 15.0, 36.0, 45.0]
[5.0, 5.0, 5.0, 5.0, 5.0, 5.0, 5.0, 5.0, 9.0, 9.0, 9.0, 9.0, 12.0, 12.0, 8.0, 12.0, 9.0, 9.0, 9.0, 9.0]
[5.0, 5.0, 5.0, 5.0, 5.0, 5.0, 5.0, 5.0, 9.0, 9.0, 9.0, 9.0, 8.0, 8.0, 12.0, 8.0, 9.0, 9.0, 9.0, 9.0]
T = 0.018014398509482003	 step = 1005
98.91000000000003
21.95615633877841
[15.0, 17.0, 45.0, 38.0, 37.0, 36.0, 24.0, 34.0, 17.0, 33.0, 47.0, 18.0, 7.0, 24.0, 46.0, 9.0, 6.0, 6.0, 28.0, 45.0]
[26.0, 45.0, 20.0, 35.0, 27.0, 7.0, 46.0, 46.0, 36.0, 16.0, 6.0, 15.0, 47.0, 5.0, 31.0, 5.0, 37.0, 15.0, 36.0, 45.0]
[5.0, 5.0, 5.0, 5.0, 5.0, 5.0, 5.0, 5.0, 9.0, 9.0, 9.0, 9.0, 12.0, 12.0, 8.0, 12.0, 9.0, 9.0, 9.0, 9.0]
[5.0, 5.0, 5.0, 5.0, 5.0, 5.0, 5.0, 5.0, 9.0, 9.0, 9.0, 9.0, 8.0, 8.0, 12.0, 8.0, 9.0, 9.0, 9.0, 9.0]
T = 0.018014398509482003	 step = 1006
97.26000000000005
21.931994406960225
[15.0, 17.0, 45.0, 38.0, 37.0, 5.0, 25.0, 34.0, 17.0, 33.0, 47.0, 18.0, 7.0, 24.0, 46.0, 9.0, 6.0, 6.0, 28.0, 45.0]
[26.0, 45.0, 20.0, 35.0, 27.0, 25.0, 46.0, 46.0, 36.0, 16.0, 6.0, 15.0, 47.0, 5.0, 31.0, 5.0, 37.0, 15.0, 36.0, 45.0]
[5.0, 5.0, 5.0, 5.0, 5.0, 5.0, 5.0, 5.0, 9.0, 9.0, 9.0, 9.0, 12.0, 12.0, 8.0, 12.0, 9.0, 9.0, 9.0, 9.0]
[5.0, 5.0, 5.0, 5.0, 5.0, 5.0, 5.0, 5.0, 9.0, 9.0, 9.0, 9.0, 8.0, 8.0, 12.0, 8.0, 9.0, 9.0, 9.0, 9.0]
T = 0.018014398509482003	 step = 1007
97.24000000000001
21.994494406960225
[15.0, 17.0, 45.0, 38.0, 37.0, 5.0, 25.0, 34.0, 17.0, 33.0, 47.0, 18.0, 7.0, 24.0, 46.0, 9.0, 6.0, 6.0, 28.0, 45.0]
[26.0, 45.0, 20.0, 35.0, 27.0, 25.0, 46.0, 46.0, 36.0, 16.0, 6.0, 15.0, 48.0, 5.0, 31.0, 5.0, 37.0, 15.0, 36.0, 45.0]
[5.0, 5.0, 5.0, 5.0, 5.0, 5.0, 5.0, 5.0, 9.0, 9.0, 9.0, 9.0, 12.0, 12.0, 8.0, 12.0, 9.0, 9.0, 9.0, 9.0]
[5.0, 5.0, 5.0, 5.0, 5.0, 5.0, 5.0, 5.0, 9.0, 9.0, 9.0, 9.0, 8.0, 8.0, 12.0, 8.0, 9.0, 9.0, 9.0, 9.0]
T = 0.018014398509482003	 step = 1008
97.20000000000005
22.119494406960225
[15.0, 17.0, 45.0, 38.0, 37.0, 5.0, 25.0, 34.0, 17.0, 33.0, 47.0, 18.0, 7.0, 24.0, 46.0, 9.0, 6.0, 6.0, 28.0, 45.0]
[26.0, 45.0, 20.0, 36.0, 27.0, 25.0, 46.0, 46.0, 36.0, 16.0, 6.0, 15.0, 48.0, 5.0, 31.0, 5.0, 37.0, 15.0, 36.0, 45.0]
[5.0, 5.0, 5.0, 5.0, 5.0, 5.0, 5.0, 5.0, 9.0, 9.0, 9.0, 9.0, 12.0, 12.0, 8.0, 12.0, 9.0, 9.0, 9.0, 9.0]
[5.0, 5.0, 5.0, 5.0, 5.0, 5.0, 5.0, 5.0, 9.0, 9.0, 9.0, 9.0, 8.0, 8.0, 12.0, 8.0, 9.0, 9.0, 9.0, 9.0]
T = 0.014411518807585602	 step = 1009
97.30000000000001
22.056994406960225
[15.0, 17.0, 45.0, 38.0, 37.0, 5.0, 25.0, 34.0, 17.0, 33.0, 47.0, 18.0, 7.0, 24.0, 46.0, 9.0, 6.0, 6.0, 28.0, 45.0]
[26.0, 45.0, 20.0, 36.0, 27.0, 25.0, 45.0, 46.0, 36.0, 16.0, 6.0, 15.0, 48.0, 5.0, 31.0, 5.0, 37.0, 15.0, 36.0, 45.0]
[5.0, 5.0, 5.0, 5.0, 5.0, 5.0, 5.0, 5.0, 9.0, 9.0, 9.0, 9.0, 12.0, 12.0, 8.0, 12.0, 9.0, 9.0, 9.0, 9.0]
[5.0, 5.0, 5.0, 5.0, 5.0, 5.0, 5.0, 5.0, 9.0, 9.0, 9.0, 9.0, 8.0, 8.0, 12.0, 8.0, 9.0, 9.0, 9.0, 9.0]
T = 0.014411518807585602	 step = 1010
97.35000000000002
21.994599165482953
[15.0, 17.0, 45.0, 38.0, 37.0, 5.0, 25.0, 34.0, 17.0, 33.0, 47.0, 18.0, 7.0, 24.0, 46.0, 9.0, 6.0, 6.0, 28.0, 45.0]
[26.0, 45.0, 20.0, 36.0, 27.0, 25.0, 45.0, 46.0, 36.0, 16.0, 6.0, 15.0, 47.0, 5.0, 31.0, 5.0, 37.0, 15.0, 36.0, 45.0]
[5.0, 5.0, 5.0, 5.0, 5.0, 5.0, 5.0, 5.0, 9.0, 9.0, 9.0, 9.0, 12.0, 12.0, 8.0, 12.0, 9.0, 9.0, 9.0, 9.0]
[5.0, 5.0, 5.0, 5.0, 5.0, 5.0, 5.0, 5.0, 9.0, 9.0, 9.0, 9.0, 8.0, 8.0, 12.0, 8.0, 9.0, 9.0, 9.0, 9.0]
T = 0.014411518807585602	 step = 1011
97.55000000000001
21.994494406960225
[15.0, 17.0, 45.0, 38.0, 37.0, 5.0, 25.0, 34.0, 17.0, 33.0, 47.0, 18.0, 7.0, 24.0, 46.0, 9.0, 6.0, 6.0, 28.0, 45.0]
[26.0, 45.0, 20.0, 36.0, 27.0, 25.0, 45.0, 46.0, 36.0, 16.0, 6.0, 16.0, 47.0, 5.0, 31.0, 5.0, 37.0, 15.0, 36.0, 45.0]
[5.0, 5.0, 5.0, 5.0, 5.0, 5.0, 5.0, 5.0, 9.0, 9.0, 9.0, 9.0, 12.0, 12.0, 8.0, 12.0, 9.0, 9.0, 9.0, 9.0]
[5.0, 5.0, 5.0, 5.0, 5.0, 5.0, 5.0, 5.0, 9.0, 9.0, 9.0, 9.0, 8.0, 8.0, 12.0, 8.0, 9.0, 9.0, 9.0, 9.0]
T = 0.014411518807585602	 step = 1012
97.36000000000001
21.932099165482953
[15.0, 17.0, 45.0, 38.0, 37.0, 5.0, 25.0, 34.0, 17.0, 33.0, 47.0, 18.0, 7.0, 24.0, 46.0, 9.0, 6.0, 7.0, 28.0, 45.0]
[26.0, 45.0, 20.0, 36.0, 27.0, 25.0, 45.0, 46.0, 36.0, 16.0, 6.0, 15.0, 47.0, 5.0, 31.0, 5.0, 37.0, 15.0, 36.0, 45.0]
[5.0, 5.0, 5.0, 5.0, 5.0, 5.0, 5.0, 5.0, 9.0, 9.0, 9.0, 9.0, 12.0, 12.0, 8.0, 12.0, 9.0, 9.0, 9.0, 9.0]
[5.0, 5.0, 5.0, 5.0, 5.0, 5.0, 5.0, 5.0, 9.0, 9.0, 9.0, 9.0, 8.0, 8.0, 12.0, 8.0, 9.0, 9.0, 9.0, 9.0]
T = 0.014411518807585602	 step = 1013
97.36000000000001
21.869599165482953
[15.0, 17.0, 45.0, 38.0, 37.0, 5.0, 25.0, 34.0, 17.0, 33.0, 47.0, 18.0, 7.0, 25.0, 46.0, 9.0, 6.0, 7.0, 28.0, 45.0]
[26.0, 45.0, 20.0, 36.0, 27.0, 25.0, 45.0, 46.0, 36.0, 16.0, 6.0, 15.0, 47.0, 5.0, 31.0, 5.0, 37.0, 15.0, 36.0, 45.0]
[5.0, 5.0, 5.0, 5.0, 5.0, 5.0, 5.0, 5.0, 9.0, 9.0, 9.0, 9.0, 12.0, 12.0, 8.0, 12.0, 9.0, 9.0, 9.0, 9.0]
[5.0, 5.0, 5.0, 5.0, 5.0, 5.0, 5.0, 5.0, 9.0, 9.0, 9.0, 9.0, 8.0, 8.0, 12.0, 8.0, 9.0, 9.0, 9.0, 9.0]
T = 0.014411518807585602	 step = 1014
97.72000000000003
21.869494406960225
[15.0, 17.0, 45.0, 38.0, 37.0, 5.0, 25.0, 34.0, 17.0, 33.0, 47.0, 18.0, 7.0, 25.0, 46.0, 9.0, 6.0, 7.0, 28.0, 45.0]
[26.0, 45.0, 20.0, 36.0, 27.0, 25.0, 45.0, 46.0, 35.0, 16.0, 6.0, 15.0, 47.0, 5.0, 31.0, 5.0, 37.0, 15.0, 36.0, 45.0]
[5.0, 5.0, 5.0, 5.0, 5.0, 5.0, 5.0, 5.0, 9.0, 9.0, 9.0, 9.0, 12.0, 12.0, 8.0, 12.0, 9.0, 9.0, 9.0, 9.0]
[5.0, 5.0, 5.0, 5.0, 5.0, 5.0, 5.0, 5.0, 9.0, 9.0, 9.0, 9.0, 8.0, 8.0, 12.0, 8.0, 9.0, 9.0, 9.0, 9.0]
T = 0.014411518807585602	 step = 1015
100.44
21.33120427911932
[15.0, 25.0, 45.0, 38.0, 37.0, 5.0, 25.0, 34.0, 17.0, 33.0, 47.0, 18.0, 7.0, 25.0, 46.0, 9.0, 6.0, 7.0, 28.0, 45.0]
[26.0, 25.0, 20.0, 36.0, 27.0, 25.0, 45.0, 46.0, 36.0, 16.0, 6.0, 15.0, 47.0, 5.0, 31.0, 5.0, 37.0, 15.0, 36.0, 45.0]
[5.0, 5.0, 5.0, 5.0, 5.0, 5.0, 5.0, 5.0, 9.0, 9.0, 9.0, 9.0, 12.0, 12.0, 8.0, 12.0, 9.0, 9.0, 9.0, 9.0]
[5.0, 5.0, 5.0, 5.0, 5.0, 5.0, 5.0, 5.0, 9.0, 9.0, 9.0, 9.0, 8.0, 8.0, 12.0, 8.0, 9.0, 9.0, 9.0, 9.0]
T = 0.014411518807585602	 step = 1016
97.30000000000001
21.931994406960225
[15.0, 17.0, 45.0, 38.0, 37.0, 5.0, 25.0, 34.0, 17.0, 33.0, 47.0, 18.0, 7.0, 25.0, 46.0, 9.0, 6.0, 7.0, 28.0, 45.0]
[26.0, 45.0, 20.0, 36.0, 27.0, 25.0, 45.0, 46.0, 36.0, 16.0, 6.0, 15.0, 48.0, 5.0, 31.0, 5.0, 37.0, 15.0, 36.0, 45.0]
[5.0, 5.0, 5.0, 5.0, 5.0, 5.0, 5.0, 5.0, 9.0, 9.0, 9.0, 9.0, 12.0, 12.0, 8.0, 12.0, 9.0, 9.0, 9.0, 9.0]
[5.0, 5.0, 5.0, 5.0, 5.0, 5.0, 5.0, 5.0, 9.0, 9.0, 9.0, 9.0, 8.0, 8.0, 12.0, 8.0, 9.0, 9.0, 9.0, 9.0]
T = 0.014411518807585602	 step = 1017
97.36000000000001
21.869599165482953
[15.0, 17.0, 45.0, 38.0, 37.0, 5.0, 25.0, 34.0, 17.0, 33.0, 47.0, 18.0, 7.0, 25.0, 46.0, 9.0, 6.0, 7.0, 28.0, 45.0]
[26.0, 45.0, 20.0, 36.0, 27.0, 25.0, 45.0, 46.0, 36.0, 16.0, 6.0, 15.0, 47.0, 5.0, 31.0, 5.0, 37.0, 15.0, 36.0, 45.0]
[5.0, 5.0, 5.0, 5.0, 5.0, 5.0, 5.0, 5.0, 9.0, 9.0, 9.0, 9.0, 12.0, 12.0, 8.0, 12.0, 9.0, 9.0, 9.0, 9.0]
[5.0, 5.0, 5.0, 5.0, 5.0, 5.0, 5.0, 5.0, 9.0, 9.0, 9.0, 9.0, 8.0, 8.0, 12.0, 8.0, 9.0, 9.0, 9.0, 9.0]
T = 0.014411518807585602	 step = 1018
97.36000000000001
21.806994406960225
[15.0, 17.0, 45.0, 38.0, 37.0, 5.0, 25.0, 34.0, 17.0, 33.0, 47.0, 18.0, 7.0, 25.0, 46.0, 9.0, 6.0, 7.0, 28.0, 45.0]
[26.0, 45.0, 20.0, 36.0, 27.0, 26.0, 45.0, 46.0, 36.0, 16.0, 6.0, 15.0, 48.0, 5.0, 31.0, 5.0, 37.0, 15.0, 36.0, 45.0]
[5.0, 5.0, 5.0, 5.0, 5.0, 5.0, 5.0, 5.0, 9.0, 9.0, 9.0, 9.0, 12.0, 12.0, 8.0, 12.0, 9.0, 9.0, 9.0, 9.0]
[5.0, 5.0, 5.0, 5.0, 5.0, 5.0, 5.0, 5.0, 9.0, 9.0, 9.0, 9.0, 8.0, 8.0, 12.0, 8.0, 9.0, 9.0, 9.0, 9.0]
T = 0.014411518807585602	 step = 1019
97.33000000000004
21.869494406960225
[15.0, 17.0, 45.0, 38.0, 37.0, 5.0, 25.0, 34.0, 17.0, 33.0, 47.0, 18.0, 7.0, 25.0, 46.0, 9.0, 6.0, 7.0, 28.0, 46.0]
[26.0, 45.0, 20.0, 36.0, 27.0, 26.0, 45.0, 46.0, 36.0, 16.0, 6.0, 15.0, 48.0, 5.0, 31.0, 5.0, 37.0, 15.0, 36.0, 45.0]
[5.0, 5.0, 5.0, 5.0, 5.0, 5.0, 5.0, 5.0, 9.0, 9.0, 9.0, 9.0, 12.0, 12.0, 8.0, 12.0, 9.0, 9.0, 9.0, 9.0]
[5.0, 5.0, 5.0, 5.0, 5.0, 5.0, 5.0, 5.0, 9.0, 9.0, 9.0, 9.0, 8.0, 8.0, 12.0, 8.0, 9.0, 9.0, 9.0, 9.0]
T = 0.014411518807585602	 step = 1020
97.27000000000004
21.931994406960225
[15.0, 17.0, 45.0, 38.0, 37.0, 5.0, 26.0, 34.0, 17.0, 33.0, 47.0, 18.0, 7.0, 25.0, 46.0, 9.0, 6.0, 7.0, 28.0, 46.0]
[26.0, 45.0, 20.0, 36.0, 27.0, 26.0, 45.0, 46.0, 36.0, 16.0, 6.0, 15.0, 48.0, 5.0, 31.0, 5.0, 37.0, 15.0, 36.0, 45.0]
[5.0, 5.0, 5.0, 5.0, 5.0, 5.0, 5.0, 5.0, 9.0, 9.0, 9.0, 9.0, 12.0, 12.0, 8.0, 12.0, 9.0, 9.0, 9.0, 9.0]
[5.0, 5.0, 5.0, 5.0, 5.0, 5.0, 5.0, 5.0, 9.0, 9.0, 9.0, 9.0, 8.0, 8.0, 12.0, 8.0, 9.0, 9.0, 9.0, 9.0]
T = 0.014411518807585602	 step = 1021
97.25
21.898439719460224
[15.0, 17.0, 45.0, 38.0, 37.0, 5.0, 26.0, 34.0, 17.0, 33.0, 47.0, 18.0, 7.0, 25.0, 46.0, 9.0, 6.0, 7.0, 28.0, 46.0]
[26.0, 45.0, 21.0, 36.0, 27.0, 26.0, 45.0, 46.0, 36.0, 16.0, 6.0, 15.0, 48.0, 5.0, 31.0, 5.0, 37.0, 15.0, 36.0, 45.0]
[5.0, 5.0, 5.0, 5.0, 5.0, 5.0, 5.0, 5.0, 9.0, 9.0, 9.0, 9.0, 12.0, 12.0, 8.0, 12.0, 9.0, 9.0, 9.0, 9.0]
[5.0, 5.0, 5.0, 5.0, 5.0, 5.0, 5.0, 5.0, 9.0, 9.0, 9.0, 9.0, 8.0, 8.0, 12.0, 8.0, 9.0, 9.0, 9.0, 9.0]
T = 0.014411518807585602	 step = 1022
97.24000000000001
21.960939719460228
[15.0, 17.0, 45.0, 38.0, 37.0, 5.0, 26.0, 34.0, 17.0, 33.0, 47.0, 18.0, 7.0, 25.0, 46.0, 9.0, 6.0, 6.0, 28.0, 46.0]
[26.0, 45.0, 21.0, 36.0, 27.0, 26.0, 45.0, 46.0, 36.0, 16.0, 6.0, 15.0, 48.0, 5.0, 31.0, 5.0, 37.0, 15.0, 36.0, 45.0]
[5.0, 5.0, 5.0, 5.0, 5.0, 5.0, 5.0, 5.0, 9.0, 9.0, 9.0, 9.0, 12.0, 12.0, 8.0, 12.0, 9.0, 9.0, 9.0, 9.0]
[5.0, 5.0, 5.0, 5.0, 5.0, 5.0, 5.0, 5.0, 9.0, 9.0, 9.0, 9.0, 8.0, 8.0, 12.0, 8.0, 9.0, 9.0, 9.0, 9.0]
T = 0.014411518807585602	 step = 1023
97.25
21.898439719460224
[15.0, 17.0, 45.0, 38.0, 37.0, 5.0, 26.0, 34.0, 17.0, 33.0, 47.0, 18.0, 7.0, 25.0, 46.0, 9.0, 6.0, 7.0, 28.0, 46.0]
[26.0, 45.0, 21.0, 36.0, 27.0, 26.0, 45.0, 46.0, 36.0, 16.0, 6.0, 15.0, 48.0, 5.0, 31.0, 5.0, 37.0, 15.0, 36.0, 45.0]
[5.0, 5.0, 5.0, 5.0, 5.0, 5.0, 5.0, 5.0, 9.0, 9.0, 9.0, 9.0, 12.0, 12.0, 8.0, 12.0, 9.0, 9.0, 9.0, 9.0]
[5.0, 5.0, 5.0, 5.0, 5.0, 5.0, 5.0, 5.0, 9.0, 9.0, 9.0, 9.0, 8.0, 8.0, 12.0, 8.0, 9.0, 9.0, 9.0, 9.0]
T = 0.014411518807585602	 step = 1024
97.43
21.773439719460228
[15.0, 17.0, 45.0, 38.0, 37.0, 5.0, 26.0, 34.0, 17.0, 33.0, 46.0, 18.0, 7.0, 25.0, 46.0, 9.0, 6.0, 7.0, 28.0, 46.0]
[26.0, 45.0, 21.0, 36.0, 27.0, 26.0, 45.0, 46.0, 36.0, 16.0, 6.0, 15.0, 48.0, 5.0, 31.0, 5.0, 37.0, 15.0, 36.0, 45.0]
[5.0, 5.0, 5.0, 5.0, 5.0, 5.0, 5.0, 5.0, 9.0, 9.0, 9.0, 9.0, 12.0, 12.0, 8.0, 12.0, 9.0, 9.0, 9.0, 9.0]
[5.0, 5.0, 5.0, 5.0, 5.0, 5.0, 5.0, 5.0, 9.0, 9.0, 9.0, 9.0, 8.0, 8.0, 12.0, 8.0, 9.0, 9.0, 9.0, 9.0]
T = 0.014411518807585602	 step = 1025
97.38
21.898439719460224
[14.0, 17.0, 45.0, 38.0, 37.0, 5.0, 26.0, 34.0, 17.0, 33.0, 46.0, 18.0, 7.0, 25.0, 46.0, 9.0, 6.0, 7.0, 28.0, 46.0]
[26.0, 45.0, 21.0, 36.0, 27.0, 26.0, 45.0, 46.0, 36.0, 16.0, 6.0, 15.0, 48.0, 5.0, 31.0, 5.0, 37.0, 15.0, 36.0, 45.0]
[5.0, 5.0, 5.0, 5.0, 5.0, 5.0, 5.0, 5.0, 9.0, 9.0, 9.0, 9.0, 12.0, 12.0, 8.0, 12.0, 9.0, 9.0, 9.0, 9.0]
[5.0, 5.0, 5.0, 5.0, 5.0, 5.0, 5.0, 5.0, 9.0, 9.0, 9.0, 9.0, 8.0, 8.0, 12.0, 8.0, 9.0, 9.0, 9.0, 9.0]
T = 0.014411518807585602	 step = 1026
97.46000000000004
21.898439719460224
[14.0, 17.0, 45.0, 38.0, 37.0, 5.0, 26.0, 34.0, 17.0, 33.0, 46.0, 18.0, 7.0, 25.0, 46.0, 9.0, 6.0, 7.0, 28.0, 46.0]
[26.0, 45.0, 21.0, 36.0, 27.0, 26.0, 45.0, 46.0, 36.0, 16.0, 6.0, 16.0, 48.0, 5.0, 31.0, 5.0, 37.0, 15.0, 36.0, 45.0]
[5.0, 5.0, 5.0, 5.0, 5.0, 5.0, 5.0, 5.0, 9.0, 9.0, 9.0, 9.0, 12.0, 12.0, 8.0, 12.0, 9.0, 9.0, 9.0, 9.0]
[5.0, 5.0, 5.0, 5.0, 5.0, 5.0, 5.0, 5.0, 9.0, 9.0, 9.0, 9.0, 8.0, 8.0, 12.0, 8.0, 9.0, 9.0, 9.0, 9.0]
T = 0.014411518807585602	 step = 1027
97.41000000000003
21.773439719460224
[14.0, 17.0, 45.0, 38.0, 37.0, 5.0, 26.0, 34.0, 17.0, 33.0, 46.0, 18.0, 7.0, 25.0, 46.0, 9.0, 6.0, 7.0, 28.0, 46.0]
[27.0, 45.0, 21.0, 36.0, 27.0, 26.0, 45.0, 46.0, 36.0, 16.0, 6.0, 15.0, 48.0, 5.0, 31.0, 5.0, 37.0, 15.0, 36.0, 45.0]
[5.0, 5.0, 5.0, 5.0, 5.0, 5.0, 5.0, 5.0, 9.0, 9.0, 9.0, 9.0, 12.0, 12.0, 8.0, 12.0, 9.0, 9.0, 9.0, 9.0]
[5.0, 5.0, 5.0, 5.0, 5.0, 5.0, 5.0, 5.0, 9.0, 9.0, 9.0, 9.0, 8.0, 8.0, 12.0, 8.0, 9.0, 9.0, 9.0, 9.0]
T = 0.014411518807585602	 step = 1028
97.52000000000004
21.648439719460228
[14.0, 17.0, 45.0, 38.0, 37.0, 5.0, 26.0, 34.0, 17.0, 33.0, 46.0, 18.0, 7.0, 25.0, 46.0, 9.0, 6.0, 7.0, 28.0, 46.0]
[27.0, 45.0, 21.0, 36.0, 27.0, 26.0, 45.0, 46.0, 36.0, 16.0, 7.0, 15.0, 48.0, 5.0, 31.0, 5.0, 37.0, 15.0, 36.0, 45.0]
[5.0, 5.0, 5.0, 5.0, 5.0, 5.0, 5.0, 5.0, 9.0, 9.0, 9.0, 9.0, 12.0, 12.0, 8.0, 12.0, 9.0, 9.0, 9.0, 9.0]
[5.0, 5.0, 5.0, 5.0, 5.0, 5.0, 5.0, 5.0, 9.0, 9.0, 9.0, 9.0, 8.0, 8.0, 12.0, 8.0, 9.0, 9.0, 9.0, 9.0]
T = 0.014411518807585602	 step = 1029
97.49000000000001
21.585939719460228
[14.0, 17.0, 45.0, 38.0, 38.0, 5.0, 26.0, 34.0, 17.0, 33.0, 46.0, 18.0, 7.0, 25.0, 46.0, 9.0, 6.0, 7.0, 28.0, 46.0]
[27.0, 45.0, 21.0, 36.0, 27.0, 26.0, 45.0, 46.0, 36.0, 16.0, 7.0, 15.0, 48.0, 5.0, 31.0, 5.0, 37.0, 15.0, 36.0, 45.0]
[5.0, 5.0, 5.0, 5.0, 5.0, 5.0, 5.0, 5.0, 9.0, 9.0, 9.0, 9.0, 12.0, 12.0, 8.0, 12.0, 9.0, 9.0, 9.0, 9.0]
[5.0, 5.0, 5.0, 5.0, 5.0, 5.0, 5.0, 5.0, 9.0, 9.0, 9.0, 9.0, 8.0, 8.0, 12.0, 8.0, 9.0, 9.0, 9.0, 9.0]
T = 0.014411518807585602	 step = 1030
97.46000000000004
21.675766157670452
[14.0, 17.0, 45.0, 38.0, 38.0, 5.0, 26.0, 34.0, 17.0, 33.0, 46.0, 18.0, 7.0, 25.0, 46.0, 9.0, 6.0, 7.0, 28.0, 46.0]
[27.0, 45.0, 21.0, 36.0, 27.0, 26.0, 45.0, 47.0, 36.0, 16.0, 7.0, 15.0, 48.0, 5.0, 31.0, 5.0, 37.0, 15.0, 36.0, 45.0]
[5.0, 5.0, 5.0, 5.0, 5.0, 5.0, 5.0, 5.0, 9.0, 9.0, 9.0, 9.0, 12.0, 12.0, 8.0, 12.0, 9.0, 9.0, 9.0, 9.0]
[5.0, 5.0, 5.0, 5.0, 5.0, 5.0, 5.0, 5.0, 9.0, 9.0, 9.0, 9.0, 8.0, 8.0, 12.0, 8.0, 9.0, 9.0, 9.0, 9.0]
T = 0.014411518807585602	 step = 1031
97.44
21.550766157670452
[14.0, 17.0, 45.0, 38.0, 38.0, 5.0, 26.0, 34.0, 17.0, 33.0, 46.0, 18.0, 7.0, 25.0, 46.0, 9.0, 6.0, 7.0, 28.0, 46.0]
[27.0, 45.0, 21.0, 36.0, 27.0, 27.0, 45.0, 47.0, 36.0, 16.0, 7.0, 15.0, 48.0, 5.0, 31.0, 5.0, 37.0, 15.0, 36.0, 45.0]
[5.0, 5.0, 5.0, 5.0, 5.0, 5.0, 5.0, 5.0, 9.0, 9.0, 9.0, 9.0, 12.0, 12.0, 8.0, 12.0, 9.0, 9.0, 9.0, 9.0]
[5.0, 5.0, 5.0, 5.0, 5.0, 5.0, 5.0, 5.0, 9.0, 9.0, 9.0, 9.0, 8.0, 8.0, 12.0, 8.0, 9.0, 9.0, 9.0, 9.0]
T = 0.014411518807585602	 step = 1032
97.44
21.613266157670452
[14.0, 17.0, 45.0, 38.0, 38.0, 5.0, 26.0, 34.0, 17.0, 33.0, 46.0, 18.0, 7.0, 25.0, 46.0, 9.0, 6.0, 7.0, 28.0, 46.0]
[27.0, 45.0, 21.0, 36.0, 27.0, 27.0, 45.0, 47.0, 36.0, 16.0, 7.0, 15.0, 48.0, 5.0, 32.0, 5.0, 37.0, 15.0, 36.0, 45.0]
[5.0, 5.0, 5.0, 5.0, 5.0, 5.0, 5.0, 5.0, 9.0, 9.0, 9.0, 9.0, 12.0, 12.0, 8.0, 12.0, 9.0, 9.0, 9.0, 9.0]
[5.0, 5.0, 5.0, 5.0, 5.0, 5.0, 5.0, 5.0, 9.0, 9.0, 9.0, 9.0, 8.0, 8.0, 12.0, 8.0, 9.0, 9.0, 9.0, 9.0]
T = 0.014411518807585602	 step = 1033
97.43
21.675766157670452
[14.0, 17.0, 45.0, 38.0, 38.0, 5.0, 26.0, 34.0, 17.0, 33.0, 46.0, 18.0, 7.0, 25.0, 46.0, 9.0, 6.0, 6.0, 28.0, 46.0]
[27.0, 45.0, 21.0, 36.0, 27.0, 27.0, 45.0, 47.0, 36.0, 16.0, 7.0, 15.0, 48.0, 5.0, 32.0, 5.0, 37.0, 15.0, 36.0, 45.0]
[5.0, 5.0, 5.0, 5.0, 5.0, 5.0, 5.0, 5.0, 9.0, 9.0, 9.0, 9.0, 12.0, 12.0, 8.0, 12.0, 9.0, 9.0, 9.0, 9.0]
[5.0, 5.0, 5.0, 5.0, 5.0, 5.0, 5.0, 5.0, 9.0, 9.0, 9.0, 9.0, 8.0, 8.0, 12.0, 8.0, 9.0, 9.0, 9.0, 9.0]
T = 0.014411518807585602	 step = 1034
97.43
21.738266157670452
[14.0, 17.0, 45.0, 38.0, 38.0, 5.0, 26.0, 34.0, 17.0, 33.0, 46.0, 18.0, 7.0, 25.0, 46.0, 8.0, 6.0, 6.0, 28.0, 46.0]
[27.0, 45.0, 21.0, 36.0, 27.0, 27.0, 45.0, 47.0, 36.0, 16.0, 7.0, 15.0, 48.0, 5.0, 32.0, 5.0, 37.0, 15.0, 36.0, 45.0]
[5.0, 5.0, 5.0, 5.0, 5.0, 5.0, 5.0, 5.0, 9.0, 9.0, 9.0, 9.0, 12.0, 12.0, 8.0, 12.0, 9.0, 9.0, 9.0, 9.0]
[5.0, 5.0, 5.0, 5.0, 5.0, 5.0, 5.0, 5.0, 9.0, 9.0, 9.0, 9.0, 8.0, 8.0, 12.0, 8.0, 9.0, 9.0, 9.0, 9.0]
T = 0.014411518807585602	 step = 1035
97.36000000000001
21.800766157670452
[14.0, 17.0, 45.0, 38.0, 38.0, 5.0, 26.0, 34.0, 17.0, 33.0, 46.0, 18.0, 7.0, 25.0, 46.0, 8.0, 6.0, 6.0, 29.0, 46.0]
[27.0, 45.0, 21.0, 36.0, 27.0, 27.0, 45.0, 47.0, 36.0, 16.0, 7.0, 15.0, 48.0, 5.0, 32.0, 5.0, 37.0, 15.0, 36.0, 45.0]
[5.0, 5.0, 5.0, 5.0, 5.0, 5.0, 5.0, 5.0, 9.0, 9.0, 9.0, 9.0, 12.0, 12.0, 8.0, 12.0, 9.0, 9.0, 9.0, 9.0]
[5.0, 5.0, 5.0, 5.0, 5.0, 5.0, 5.0, 5.0, 9.0, 9.0, 9.0, 9.0, 8.0, 8.0, 12.0, 8.0, 9.0, 9.0, 9.0, 9.0]
T = 0.014411518807585602	 step = 1036
97.65000000000003
21.925766157670452
[14.0, 17.0, 45.0, 38.0, 38.0, 5.0, 26.0, 34.0, 18.0, 33.0, 46.0, 18.0, 7.0, 25.0, 46.0, 8.0, 6.0, 6.0, 29.0, 46.0]
[27.0, 45.0, 21.0, 36.0, 27.0, 27.0, 45.0, 47.0, 36.0, 16.0, 7.0, 15.0, 48.0, 5.0, 32.0, 5.0, 37.0, 15.0, 36.0, 45.0]
[5.0, 5.0, 5.0, 5.0, 5.0, 5.0, 5.0, 5.0, 9.0, 9.0, 9.0, 9.0, 12.0, 12.0, 8.0, 12.0, 9.0, 9.0, 9.0, 9.0]
[5.0, 5.0, 5.0, 5.0, 5.0, 5.0, 5.0, 5.0, 9.0, 9.0, 9.0, 9.0, 8.0, 8.0, 12.0, 8.0, 9.0, 9.0, 9.0, 9.0]
T = 0.014411518807585602	 step = 1037
97.54000000000002
21.800766157670452
[14.0, 17.0, 45.0, 38.0, 38.0, 5.0, 26.0, 34.0, 17.0, 32.0, 46.0, 18.0, 7.0, 25.0, 46.0, 8.0, 6.0, 6.0, 29.0, 46.0]
[27.0, 45.0, 21.0, 36.0, 27.0, 27.0, 45.0, 47.0, 36.0, 16.0, 7.0, 15.0, 48.0, 5.0, 32.0, 5.0, 37.0, 15.0, 36.0, 45.0]
[5.0, 5.0, 5.0, 5.0, 5.0, 5.0, 5.0, 5.0, 9.0, 9.0, 9.0, 9.0, 12.0, 12.0, 8.0, 12.0, 9.0, 9.0, 9.0, 9.0]
[5.0, 5.0, 5.0, 5.0, 5.0, 5.0, 5.0, 5.0, 9.0, 9.0, 9.0, 9.0, 8.0, 8.0, 12.0, 8.0, 9.0, 9.0, 9.0, 9.0]
T = 0.014411518807585602	 step = 1038
99.09000000000003
24.042328657670453
[14.0, 37.0, 45.0, 38.0, 38.0, 5.0, 26.0, 34.0, 17.0, 33.0, 46.0, 18.0, 7.0, 25.0, 46.0, 8.0, 6.0, 6.0, 29.0, 46.0]
[27.0, 7.0, 21.0, 36.0, 27.0, 27.0, 45.0, 47.0, 36.0, 16.0, 7.0, 15.0, 48.0, 5.0, 32.0, 5.0, 37.0, 15.0, 36.0, 45.0]
[5.0, 5.0, 5.0, 5.0, 5.0, 5.0, 5.0, 5.0, 9.0, 9.0, 9.0, 9.0, 12.0, 12.0, 8.0, 12.0, 9.0, 9.0, 9.0, 9.0]
[5.0, 5.0, 5.0, 5.0, 5.0, 5.0, 5.0, 5.0, 9.0, 9.0, 9.0, 9.0, 8.0, 8.0, 12.0, 8.0, 9.0, 9.0, 9.0, 9.0]
T = 0.014411518807585602	 step = 1039
97.36000000000001
21.800766157670452
[14.0, 17.0, 45.0, 38.0, 38.0, 5.0, 26.0, 34.0, 17.0, 33.0, 46.0, 17.0, 7.0, 25.0, 46.0, 8.0, 6.0, 6.0, 29.0, 46.0]
[27.0, 45.0, 21.0, 36.0, 27.0, 27.0, 45.0, 47.0, 36.0, 16.0, 7.0, 15.0, 48.0, 5.0, 32.0, 5.0, 37.0, 15.0, 36.0, 45.0]
[5.0, 5.0, 5.0, 5.0, 5.0, 5.0, 5.0, 5.0, 9.0, 9.0, 9.0, 9.0, 12.0, 12.0, 8.0, 12.0, 9.0, 9.0, 9.0, 9.0]
[5.0, 5.0, 5.0, 5.0, 5.0, 5.0, 5.0, 5.0, 9.0, 9.0, 9.0, 9.0, 8.0, 8.0, 12.0, 8.0, 9.0, 9.0, 9.0, 9.0]
T = 0.014411518807585602	 step = 1040
97.34000000000003
21.738266157670452
[14.0, 17.0, 45.0, 38.0, 38.0, 5.0, 26.0, 34.0, 17.0, 33.0, 46.0, 17.0, 7.0, 25.0, 46.0, 8.0, 6.0, 6.0, 29.0, 46.0]
[27.0, 45.0, 21.0, 36.0, 26.0, 27.0, 45.0, 47.0, 36.0, 16.0, 7.0, 15.0, 48.0, 5.0, 32.0, 5.0, 37.0, 15.0, 36.0, 45.0]
[5.0, 5.0, 5.0, 5.0, 5.0, 5.0, 5.0, 5.0, 9.0, 9.0, 9.0, 9.0, 12.0, 12.0, 8.0, 12.0, 9.0, 9.0, 9.0, 9.0]
[5.0, 5.0, 5.0, 5.0, 5.0, 5.0, 5.0, 5.0, 9.0, 9.0, 9.0, 9.0, 8.0, 8.0, 12.0, 8.0, 9.0, 9.0, 9.0, 9.0]
T = 0.014411518807585602	 step = 1041
97.38
21.800766157670452
[14.0, 17.0, 45.0, 38.0, 37.0, 5.0, 26.0, 34.0, 17.0, 33.0, 46.0, 17.0, 7.0, 25.0, 46.0, 8.0, 6.0, 6.0, 29.0, 46.0]
[27.0, 45.0, 21.0, 36.0, 26.0, 27.0, 45.0, 47.0, 36.0, 16.0, 7.0, 15.0, 48.0, 5.0, 32.0, 5.0, 37.0, 15.0, 36.0, 45.0]
[5.0, 5.0, 5.0, 5.0, 5.0, 5.0, 5.0, 5.0, 9.0, 9.0, 9.0, 9.0, 12.0, 12.0, 8.0, 12.0, 9.0, 9.0, 9.0, 9.0]
[5.0, 5.0, 5.0, 5.0, 5.0, 5.0, 5.0, 5.0, 9.0, 9.0, 9.0, 9.0, 8.0, 8.0, 12.0, 8.0, 9.0, 9.0, 9.0, 9.0]
T = 0.014411518807585602	 step = 1042
97.33000000000004
21.675766157670452
[14.0, 17.0, 45.0, 38.0, 38.0, 5.0, 26.0, 34.0, 17.0, 33.0, 46.0, 17.0, 7.0, 25.0, 46.0, 8.0, 6.0, 6.0, 29.0, 46.0]
[27.0, 45.0, 21.0, 36.0, 26.0, 27.0, 45.0, 47.0, 36.0, 16.0, 7.0, 15.0, 48.0, 5.0, 31.0, 5.0, 37.0, 15.0, 36.0, 45.0]
[5.0, 5.0, 5.0, 5.0, 5.0, 5.0, 5.0, 5.0, 9.0, 9.0, 9.0, 9.0, 12.0, 12.0, 8.0, 12.0, 9.0, 9.0, 9.0, 9.0]
[5.0, 5.0, 5.0, 5.0, 5.0, 5.0, 5.0, 5.0, 9.0, 9.0, 9.0, 9.0, 8.0, 8.0, 12.0, 8.0, 9.0, 9.0, 9.0, 9.0]
T = 0.014411518807585602	 step = 1043
97.39000000000004
21.613266157670452
[14.0, 17.0, 45.0, 38.0, 38.0, 5.0, 26.0, 34.0, 17.0, 33.0, 46.0, 17.0, 7.0, 25.0, 46.0, 8.0, 6.0, 6.0, 29.0, 46.0]
[27.0, 45.0, 21.0, 36.0, 26.0, 27.0, 45.0, 47.0, 36.0, 16.0, 7.0, 15.0, 47.0, 5.0, 31.0, 5.0, 37.0, 15.0, 36.0, 45.0]
[5.0, 5.0, 5.0, 5.0, 5.0, 5.0, 5.0, 5.0, 9.0, 9.0, 9.0, 9.0, 12.0, 12.0, 8.0, 12.0, 9.0, 9.0, 9.0, 9.0]
[5.0, 5.0, 5.0, 5.0, 5.0, 5.0, 5.0, 5.0, 9.0, 9.0, 9.0, 9.0, 8.0, 8.0, 12.0, 8.0, 9.0, 9.0, 9.0, 9.0]
T = 0.014411518807585602	 step = 1044
97.28000000000003
21.800766157670452
[14.0, 17.0, 45.0, 38.0, 38.0, 5.0, 26.0, 34.0, 17.0, 33.0, 46.0, 17.0, 7.0, 25.0, 46.0, 8.0, 6.0, 6.0, 29.0, 46.0]
[26.0, 45.0, 21.0, 36.0, 26.0, 27.0, 45.0, 47.0, 36.0, 16.0, 7.0, 15.0, 48.0, 5.0, 31.0, 5.0, 37.0, 15.0, 36.0, 45.0]
[5.0, 5.0, 5.0, 5.0, 5.0, 5.0, 5.0, 5.0, 9.0, 9.0, 9.0, 9.0, 12.0, 12.0, 8.0, 12.0, 9.0, 9.0, 9.0, 9.0]
[5.0, 5.0, 5.0, 5.0, 5.0, 5.0, 5.0, 5.0, 9.0, 9.0, 9.0, 9.0, 8.0, 8.0, 12.0, 8.0, 9.0, 9.0, 9.0, 9.0]
T = 0.014411518807585602	 step = 1045
97.38
21.800943714488636
[14.0, 17.0, 45.0, 38.0, 38.0, 5.0, 26.0, 34.0, 17.0, 33.0, 46.0, 17.0, 7.0, 25.0, 46.0, 8.0, 6.0, 6.0, 29.0, 46.0]
[26.0, 45.0, 21.0, 36.0, 26.0, 27.0, 45.0, 47.0, 36.0, 16.0, 7.0, 16.0, 48.0, 5.0, 31.0, 5.0, 37.0, 15.0, 36.0, 45.0]
[5.0, 5.0, 5.0, 5.0, 5.0, 5.0, 5.0, 5.0, 9.0, 9.0, 9.0, 9.0, 12.0, 12.0, 8.0, 12.0, 9.0, 9.0, 9.0, 9.0]
[5.0, 5.0, 5.0, 5.0, 5.0, 5.0, 5.0, 5.0, 9.0, 9.0, 9.0, 9.0, 8.0, 8.0, 12.0, 8.0, 9.0, 9.0, 9.0, 9.0]
T = 0.014411518807585602	 step = 1046
97.30000000000001
21.863266157670452
[14.0, 17.0, 45.0, 38.0, 38.0, 5.0, 26.0, 34.0, 17.0, 33.0, 46.0, 17.0, 7.0, 25.0, 46.0, 8.0, 6.0, 6.0, 29.0, 46.0]
[26.0, 45.0, 21.0, 36.0, 26.0, 27.0, 46.0, 47.0, 36.0, 16.0, 7.0, 16.0, 48.0, 5.0, 31.0, 5.0, 37.0, 15.0, 36.0, 45.0]
[5.0, 5.0, 5.0, 5.0, 5.0, 5.0, 5.0, 5.0, 9.0, 9.0, 9.0, 9.0, 12.0, 12.0, 8.0, 12.0, 9.0, 9.0, 9.0, 9.0]
[5.0, 5.0, 5.0, 5.0, 5.0, 5.0, 5.0, 5.0, 9.0, 9.0, 9.0, 9.0, 8.0, 8.0, 12.0, 8.0, 9.0, 9.0, 9.0, 9.0]
T = 0.014411518807585602	 step = 1047
97.22000000000003
21.925766157670452
[14.0, 17.0, 45.0, 38.0, 38.0, 5.0, 26.0, 34.0, 17.0, 33.0, 46.0, 17.0, 7.0, 25.0, 46.0, 8.0, 6.0, 6.0, 29.0, 46.0]
[26.0, 45.0, 21.0, 36.0, 26.0, 27.0, 47.0, 47.0, 36.0, 16.0, 7.0, 16.0, 48.0, 5.0, 31.0, 5.0, 37.0, 15.0, 36.0, 45.0]
[5.0, 5.0, 5.0, 5.0, 5.0, 5.0, 5.0, 5.0, 9.0, 9.0, 9.0, 9.0, 12.0, 12.0, 8.0, 12.0, 9.0, 9.0, 9.0, 9.0]
[5.0, 5.0, 5.0, 5.0, 5.0, 5.0, 5.0, 5.0, 9.0, 9.0, 9.0, 9.0, 8.0, 8.0, 12.0, 8.0, 9.0, 9.0, 9.0, 9.0]
T = 0.014411518807585602	 step = 1048
97.49000000000001
22.050766157670452
[14.0, 17.0, 45.0, 38.0, 38.0, 5.0, 26.0, 34.0, 18.0, 33.0, 46.0, 17.0, 7.0, 25.0, 46.0, 8.0, 6.0, 6.0, 29.0, 46.0]
[26.0, 45.0, 21.0, 36.0, 26.0, 27.0, 47.0, 47.0, 36.0, 16.0, 7.0, 16.0, 48.0, 5.0, 31.0, 5.0, 37.0, 15.0, 36.0, 45.0]
[5.0, 5.0, 5.0, 5.0, 5.0, 5.0, 5.0, 5.0, 9.0, 9.0, 9.0, 9.0, 12.0, 12.0, 8.0, 12.0, 9.0, 9.0, 9.0, 9.0]
[5.0, 5.0, 5.0, 5.0, 5.0, 5.0, 5.0, 5.0, 9.0, 9.0, 9.0, 9.0, 8.0, 8.0, 12.0, 8.0, 9.0, 9.0, 9.0, 9.0]
T = 0.014411518807585602	 step = 1049
97.29000000000002
21.800766157670452
[14.0, 17.0, 45.0, 38.0, 38.0, 5.0, 26.0, 34.0, 17.0, 33.0, 46.0, 17.0, 7.0, 25.0, 46.0, 8.0, 6.0, 6.0, 29.0, 46.0]
[26.0, 45.0, 21.0, 35.0, 26.0, 27.0, 47.0, 47.0, 36.0, 16.0, 7.0, 16.0, 48.0, 5.0, 31.0, 5.0, 37.0, 15.0, 36.0, 45.0]
[5.0, 5.0, 5.0, 5.0, 5.0, 5.0, 5.0, 5.0, 9.0, 9.0, 9.0, 9.0, 12.0, 12.0, 8.0, 12.0, 9.0, 9.0, 9.0, 9.0]
[5.0, 5.0, 5.0, 5.0, 5.0, 5.0, 5.0, 5.0, 9.0, 9.0, 9.0, 9.0, 8.0, 8.0, 12.0, 8.0, 9.0, 9.0, 9.0, 9.0]
T = 0.014411518807585602	 step = 1050
97.32000000000005
21.675766157670452
[14.0, 17.0, 45.0, 38.0, 38.0, 6.0, 26.0, 34.0, 17.0, 33.0, 46.0, 17.0, 7.0, 25.0, 46.0, 8.0, 6.0, 6.0, 29.0, 46.0]
[26.0, 45.0, 21.0, 35.0, 26.0, 27.0, 47.0, 47.0, 36.0, 16.0, 7.0, 16.0, 48.0, 5.0, 31.0, 5.0, 37.0, 15.0, 36.0, 45.0]
[5.0, 5.0, 5.0, 5.0, 5.0, 5.0, 5.0, 5.0, 9.0, 9.0, 9.0, 9.0, 12.0, 12.0, 8.0, 12.0, 9.0, 9.0, 9.0, 9.0]
[5.0, 5.0, 5.0, 5.0, 5.0, 5.0, 5.0, 5.0, 9.0, 9.0, 9.0, 9.0, 8.0, 8.0, 12.0, 8.0, 9.0, 9.0, 9.0, 9.0]
T = 0.014411518807585602	 step = 1051
97.29000000000002
21.738266157670452
[14.0, 17.0, 45.0, 38.0, 38.0, 6.0, 26.0, 34.0, 17.0, 33.0, 46.0, 17.0, 7.0, 25.0, 46.0, 8.0, 6.0, 6.0, 29.0, 46.0]
[26.0, 45.0, 21.0, 35.0, 26.0, 27.0, 47.0, 47.0, 36.0, 16.0, 7.0, 16.0, 48.0, 5.0, 32.0, 5.0, 37.0, 15.0, 36.0, 45.0]
[5.0, 5.0, 5.0, 5.0, 5.0, 5.0, 5.0, 5.0, 9.0, 9.0, 9.0, 9.0, 12.0, 12.0, 8.0, 12.0, 9.0, 9.0, 9.0, 9.0]
[5.0, 5.0, 5.0, 5.0, 5.0, 5.0, 5.0, 5.0, 9.0, 9.0, 9.0, 9.0, 8.0, 8.0, 12.0, 8.0, 9.0, 9.0, 9.0, 9.0]
T = 0.014411518807585602	 step = 1052
97.28000000000003
21.710939719460224
[14.0, 17.0, 45.0, 38.0, 38.0, 6.0, 26.0, 34.0, 17.0, 33.0, 46.0, 17.0, 7.0, 25.0, 46.0, 8.0, 6.0, 6.0, 29.0, 46.0]
[26.0, 45.0, 21.0, 35.0, 26.0, 27.0, 47.0, 47.0, 36.0, 16.0, 7.0, 16.0, 48.0, 5.0, 32.0, 5.0, 37.0, 15.0, 36.0, 46.0]
[5.0, 5.0, 5.0, 5.0, 5.0, 5.0, 5.0, 5.0, 9.0, 9.0, 9.0, 9.0, 12.0, 12.0, 8.0, 12.0, 9.0, 9.0, 9.0, 9.0]
[5.0, 5.0, 5.0, 5.0, 5.0, 5.0, 5.0, 5.0, 9.0, 9.0, 9.0, 9.0, 8.0, 8.0, 12.0, 8.0, 9.0, 9.0, 9.0, 9.0]
T = 0.014411518807585602	 step = 1053
97.31
21.648439719460224
[14.0, 17.0, 45.0, 38.0, 38.0, 6.0, 26.0, 34.0, 17.0, 33.0, 46.0, 17.0, 7.0, 25.0, 46.0, 8.0, 6.0, 6.0, 29.0, 46.0]
[26.0, 45.0, 21.0, 35.0, 26.0, 27.0, 47.0, 47.0, 36.0, 16.0, 7.0, 16.0, 48.0, 5.0, 32.0, 5.0, 37.0, 16.0, 36.0, 46.0]
[5.0, 5.0, 5.0, 5.0, 5.0, 5.0, 5.0, 5.0, 9.0, 9.0, 9.0, 9.0, 12.0, 12.0, 8.0, 12.0, 9.0, 9.0, 9.0, 9.0]
[5.0, 5.0, 5.0, 5.0, 5.0, 5.0, 5.0, 5.0, 9.0, 9.0, 9.0, 9.0, 8.0, 8.0, 12.0, 8.0, 9.0, 9.0, 9.0, 9.0]
T = 0.014411518807585602	 step = 1054
97.34000000000003
21.585939719460224
[14.0, 17.0, 45.0, 38.0, 38.0, 6.0, 26.0, 34.0, 17.0, 33.0, 46.0, 17.0, 7.0, 25.0, 46.0, 8.0, 6.0, 6.0, 29.0, 46.0]
[26.0, 45.0, 21.0, 35.0, 26.0, 27.0, 47.0, 47.0, 36.0, 16.0, 7.0, 16.0, 48.0, 5.0, 32.0, 5.0, 37.0, 17.0, 36.0, 46.0]
[5.0, 5.0, 5.0, 5.0, 5.0, 5.0, 5.0, 5.0, 9.0, 9.0, 9.0, 9.0, 12.0, 12.0, 8.0, 12.0, 9.0, 9.0, 9.0, 9.0]
[5.0, 5.0, 5.0, 5.0, 5.0, 5.0, 5.0, 5.0, 9.0, 9.0, 9.0, 9.0, 8.0, 8.0, 12.0, 8.0, 9.0, 9.0, 9.0, 9.0]
T = 0.014411518807585602	 step = 1055
97.39000000000004
21.523439719460224
[14.0, 17.0, 45.0, 38.0, 38.0, 6.0, 26.0, 34.0, 17.0, 33.0, 46.0, 17.0, 7.0, 25.0, 46.0, 8.0, 6.0, 6.0, 29.0, 46.0]
[26.0, 45.0, 21.0, 35.0, 26.0, 27.0, 47.0, 47.0, 36.0, 16.0, 7.0, 16.0, 47.0, 5.0, 32.0, 5.0, 37.0, 17.0, 36.0, 46.0]
[5.0, 5.0, 5.0, 5.0, 5.0, 5.0, 5.0, 5.0, 9.0, 9.0, 9.0, 9.0, 12.0, 12.0, 8.0, 12.0, 9.0, 9.0, 9.0, 9.0]
[5.0, 5.0, 5.0, 5.0, 5.0, 5.0, 5.0, 5.0, 9.0, 9.0, 9.0, 9.0, 8.0, 8.0, 12.0, 8.0, 9.0, 9.0, 9.0, 9.0]
T = 0.014411518807585602	 step = 1056
97.22000000000003
21.57599653764204
[14.0, 17.0, 45.0, 38.0, 38.0, 6.0, 26.0, 34.0, 17.0, 33.0, 46.0, 17.0, 7.0, 25.0, 46.0, 8.0, 6.0, 6.0, 29.0, 46.0]
[26.0, 45.0, 21.0, 35.0, 26.0, 27.0, 47.0, 47.0, 36.0, 15.0, 7.0, 16.0, 48.0, 5.0, 32.0, 5.0, 37.0, 17.0, 36.0, 46.0]
[5.0, 5.0, 5.0, 5.0, 5.0, 5.0, 5.0, 5.0, 9.0, 9.0, 9.0, 9.0, 12.0, 12.0, 8.0, 12.0, 9.0, 9.0, 9.0, 9.0]
[5.0, 5.0, 5.0, 5.0, 5.0, 5.0, 5.0, 5.0, 9.0, 9.0, 9.0, 9.0, 8.0, 8.0, 12.0, 8.0, 9.0, 9.0, 9.0, 9.0]
T = 0.014411518807585602	 step = 1057
97.44
21.575996537642045
[14.0, 17.0, 45.0, 38.0, 38.0, 6.0, 26.0, 34.0, 17.0, 33.0, 46.0, 17.0, 7.0, 25.0, 46.0, 8.0, 6.0, 6.0, 29.0, 46.0]
[26.0, 45.0, 21.0, 35.0, 26.0, 27.0, 47.0, 47.0, 36.0, 15.0, 7.0, 17.0, 48.0, 5.0, 32.0, 5.0, 37.0, 17.0, 36.0, 46.0]
[5.0, 5.0, 5.0, 5.0, 5.0, 5.0, 5.0, 5.0, 9.0, 9.0, 9.0, 9.0, 12.0, 12.0, 8.0, 12.0, 9.0, 9.0, 9.0, 9.0]
[5.0, 5.0, 5.0, 5.0, 5.0, 5.0, 5.0, 5.0, 9.0, 9.0, 9.0, 9.0, 8.0, 8.0, 12.0, 8.0, 9.0, 9.0, 9.0, 9.0]
T = 0.014411518807585602	 step = 1058
99.55000000000001
20.298958185369315
[14.0, 17.0, 45.0, 28.0, 38.0, 6.0, 26.0, 34.0, 17.0, 33.0, 46.0, 17.0, 7.0, 25.0, 46.0, 8.0, 6.0, 6.0, 29.0, 46.0]
[26.0, 45.0, 21.0, 24.0, 26.0, 27.0, 47.0, 47.0, 36.0, 15.0, 7.0, 16.0, 48.0, 5.0, 32.0, 5.0, 37.0, 17.0, 36.0, 46.0]
[5.0, 5.0, 5.0, 5.0, 5.0, 5.0, 5.0, 5.0, 9.0, 9.0, 9.0, 9.0, 12.0, 12.0, 8.0, 12.0, 9.0, 9.0, 9.0, 9.0]
[5.0, 5.0, 5.0, 5.0, 5.0, 5.0, 5.0, 5.0, 9.0, 9.0, 9.0, 9.0, 8.0, 8.0, 12.0, 8.0, 9.0, 9.0, 9.0, 9.0]
T = 0.014411518807585602	 step = 1059
97.44
21.575996537642045
[14.0, 17.0, 45.0, 38.0, 38.0, 6.0, 26.0, 34.0, 17.0, 33.0, 46.0, 17.0, 7.0, 25.0, 46.0, 8.0, 6.0, 6.0, 29.0, 46.0]
[26.0, 45.0, 21.0, 35.0, 26.0, 27.0, 47.0, 47.0, 36.0, 15.0, 7.0, 17.0, 48.0, 5.0, 32.0, 5.0, 37.0, 17.0, 36.0, 46.0]
[5.0, 5.0, 5.0, 5.0, 5.0, 5.0, 5.0, 5.0, 9.0, 9.0, 9.0, 9.0, 12.0, 12.0, 8.0, 12.0, 9.0, 9.0, 9.0, 9.0]
[5.0, 5.0, 5.0, 5.0, 5.0, 5.0, 5.0, 5.0, 9.0, 9.0, 9.0, 9.0, 8.0, 8.0, 12.0, 8.0, 9.0, 9.0, 9.0, 9.0]
T = 0.014411518807585602	 step = 1060
97.20000000000005
21.63849653764204
[14.0, 17.0, 45.0, 38.0, 38.0, 6.0, 26.0, 34.0, 17.0, 33.0, 46.0, 17.0, 7.0, 25.0, 46.0, 8.0, 6.0, 6.0, 29.0, 46.0]
[26.0, 45.0, 21.0, 35.0, 26.0, 27.0, 47.0, 47.0, 36.0, 15.0, 7.0, 16.0, 48.0, 5.0, 32.0, 5.0, 37.0, 16.0, 36.0, 46.0]
[5.0, 5.0, 5.0, 5.0, 5.0, 5.0, 5.0, 5.0, 9.0, 9.0, 9.0, 9.0, 12.0, 12.0, 8.0, 12.0, 9.0, 9.0, 9.0, 9.0]
[5.0, 5.0, 5.0, 5.0, 5.0, 5.0, 5.0, 5.0, 9.0, 9.0, 9.0, 9.0, 8.0, 8.0, 12.0, 8.0, 9.0, 9.0, 9.0, 9.0]
T = 0.014411518807585602	 step = 1061
97.24000000000001
21.70099653764204
[14.0, 17.0, 45.0, 38.0, 37.0, 6.0, 26.0, 34.0, 17.0, 33.0, 46.0, 17.0, 7.0, 25.0, 46.0, 8.0, 6.0, 6.0, 29.0, 46.0]
[26.0, 45.0, 21.0, 35.0, 26.0, 27.0, 47.0, 47.0, 36.0, 15.0, 7.0, 16.0, 48.0, 5.0, 32.0, 5.0, 37.0, 16.0, 36.0, 46.0]
[5.0, 5.0, 5.0, 5.0, 5.0, 5.0, 5.0, 5.0, 9.0, 9.0, 9.0, 9.0, 12.0, 12.0, 8.0, 12.0, 9.0, 9.0, 9.0, 9.0]
[5.0, 5.0, 5.0, 5.0, 5.0, 5.0, 5.0, 5.0, 9.0, 9.0, 9.0, 9.0, 8.0, 8.0, 12.0, 8.0, 9.0, 9.0, 9.0, 9.0]
T = 0.011529215046068483	 step = 1062
97.24000000000001
21.63849653764204
[14.0, 17.0, 45.0, 38.0, 37.0, 6.0, 26.0, 34.0, 17.0, 33.0, 46.0, 17.0, 7.0, 25.0, 46.0, 8.0, 6.0, 6.0, 29.0, 46.0]
[26.0, 45.0, 21.0, 35.0, 26.0, 27.0, 47.0, 47.0, 36.0, 15.0, 7.0, 16.0, 48.0, 5.0, 32.0, 5.0, 37.0, 16.0, 35.0, 46.0]
[5.0, 5.0, 5.0, 5.0, 5.0, 5.0, 5.0, 5.0, 9.0, 9.0, 9.0, 9.0, 12.0, 12.0, 8.0, 12.0, 9.0, 9.0, 9.0, 9.0]
[5.0, 5.0, 5.0, 5.0, 5.0, 5.0, 5.0, 5.0, 9.0, 9.0, 9.0, 9.0, 8.0, 8.0, 12.0, 8.0, 9.0, 9.0, 9.0, 9.0]
T = 0.011529215046068483	 step = 1063
97.24000000000001
21.665822975852272
[14.0, 17.0, 45.0, 38.0, 37.0, 6.0, 26.0, 34.0, 17.0, 33.0, 46.0, 17.0, 7.0, 25.0, 46.0, 8.0, 6.0, 6.0, 29.0, 46.0]
[26.0, 45.0, 21.0, 35.0, 26.0, 27.0, 47.0, 47.0, 36.0, 15.0, 7.0, 16.0, 48.0, 5.0, 32.0, 5.0, 37.0, 16.0, 35.0, 45.0]
[5.0, 5.0, 5.0, 5.0, 5.0, 5.0, 5.0, 5.0, 9.0, 9.0, 9.0, 9.0, 12.0, 12.0, 8.0, 12.0, 9.0, 9.0, 9.0, 9.0]
[5.0, 5.0, 5.0, 5.0, 5.0, 5.0, 5.0, 5.0, 9.0, 9.0, 9.0, 9.0, 8.0, 8.0, 12.0, 8.0, 9.0, 9.0, 9.0, 9.0]
T = 0.011529215046068483	 step = 1064
97.23000000000002
21.61168545809659
[14.0, 17.0, 45.0, 38.0, 37.0, 6.0, 26.0, 34.0, 17.0, 33.0, 46.0, 17.0, 7.0, 25.0, 46.0, 8.0, 6.0, 6.0, 29.0, 46.0]
[26.0, 45.0, 21.0, 35.0, 26.0, 27.0, 47.0, 47.0, 36.0, 15.0, 7.0, 16.0, 48.0, 5.0, 32.0, 5.0, 37.0, 16.0, 35.0, 47.0]
[5.0, 5.0, 5.0, 5.0, 5.0, 5.0, 5.0, 5.0, 9.0, 9.0, 9.0, 9.0, 12.0, 12.0, 8.0, 12.0, 9.0, 9.0, 9.0, 9.0]
[5.0, 5.0, 5.0, 5.0, 5.0, 5.0, 5.0, 5.0, 9.0, 9.0, 9.0, 9.0, 8.0, 8.0, 12.0, 8.0, 9.0, 9.0, 9.0, 9.0]
T = 0.011529215046068483	 step = 1065
97.22000000000003
21.54918545809659
[14.0, 17.0, 45.0, 38.0, 37.0, 6.0, 26.0, 34.0, 17.0, 33.0, 46.0, 17.0, 7.0, 26.0, 46.0, 8.0, 6.0, 6.0, 29.0, 46.0]
[26.0, 45.0, 21.0, 35.0, 26.0, 27.0, 47.0, 47.0, 36.0, 15.0, 7.0, 16.0, 48.0, 5.0, 32.0, 5.0, 37.0, 16.0, 35.0, 47.0]
[5.0, 5.0, 5.0, 5.0, 5.0, 5.0, 5.0, 5.0, 9.0, 9.0, 9.0, 9.0, 12.0, 12.0, 8.0, 12.0, 9.0, 9.0, 9.0, 9.0]
[5.0, 5.0, 5.0, 5.0, 5.0, 5.0, 5.0, 5.0, 9.0, 9.0, 9.0, 9.0, 8.0, 8.0, 12.0, 8.0, 9.0, 9.0, 9.0, 9.0]
T = 0.011529215046068483	 step = 1066
97.21000000000004
21.55912863991477
[14.0, 17.0, 45.0, 38.0, 37.0, 6.0, 26.0, 34.0, 17.0, 33.0, 46.0, 17.0, 7.0, 26.0, 46.0, 8.0, 6.0, 6.0, 29.0, 46.0]
[26.0, 45.0, 20.0, 35.0, 26.0, 27.0, 47.0, 47.0, 36.0, 15.0, 7.0, 16.0, 48.0, 5.0, 32.0, 5.0, 37.0, 16.0, 35.0, 47.0]
[5.0, 5.0, 5.0, 5.0, 5.0, 5.0, 5.0, 5.0, 9.0, 9.0, 9.0, 9.0, 12.0, 12.0, 8.0, 12.0, 9.0, 9.0, 9.0, 9.0]
[5.0, 5.0, 5.0, 5.0, 5.0, 5.0, 5.0, 5.0, 9.0, 9.0, 9.0, 9.0, 8.0, 8.0, 12.0, 8.0, 9.0, 9.0, 9.0, 9.0]
T = 0.011529215046068483	 step = 1067
97.09000000000003
21.55912863991477
[14.0, 17.0, 45.0, 38.0, 37.0, 6.0, 26.0, 34.0, 17.0, 33.0, 46.0, 17.0, 7.0, 26.0, 46.0, 8.0, 6.0, 6.0, 29.0, 46.0]
[26.0, 45.0, 20.0, 35.0, 26.0, 27.0, 47.0, 47.0, 36.0, 15.0, 7.0, 15.0, 48.0, 5.0, 32.0, 5.0, 37.0, 16.0, 35.0, 47.0]
[5.0, 5.0, 5.0, 5.0, 5.0, 5.0, 5.0, 5.0, 9.0, 9.0, 9.0, 9.0, 12.0, 12.0, 8.0, 12.0, 9.0, 9.0, 9.0, 9.0]
[5.0, 5.0, 5.0, 5.0, 5.0, 5.0, 5.0, 5.0, 9.0, 9.0, 9.0, 9.0, 8.0, 8.0, 12.0, 8.0, 9.0, 9.0, 9.0, 9.0]
T = 0.011529215046068483	 step = 1068
97.09000000000003
21.62162863991477
[14.0, 17.0, 45.0, 38.0, 37.0, 6.0, 27.0, 34.0, 17.0, 33.0, 46.0, 17.0, 7.0, 26.0, 46.0, 8.0, 6.0, 6.0, 29.0, 46.0]
[26.0, 45.0, 20.0, 35.0, 26.0, 27.0, 47.0, 47.0, 36.0, 15.0, 7.0, 15.0, 48.0, 5.0, 32.0, 5.0, 37.0, 16.0, 35.0, 47.0]
[5.0, 5.0, 5.0, 5.0, 5.0, 5.0, 5.0, 5.0, 9.0, 9.0, 9.0, 9.0, 12.0, 12.0, 8.0, 12.0, 9.0, 9.0, 9.0, 9.0]
[5.0, 5.0, 5.0, 5.0, 5.0, 5.0, 5.0, 5.0, 9.0, 9.0, 9.0, 9.0, 8.0, 8.0, 12.0, 8.0, 9.0, 9.0, 9.0, 9.0]
T = 0.011529215046068483	 step = 1069
97.09000000000003
21.55912863991477
[14.0, 17.0, 45.0, 38.0, 37.0, 6.0, 26.0, 34.0, 17.0, 33.0, 46.0, 17.0, 7.0, 26.0, 46.0, 8.0, 6.0, 6.0, 29.0, 46.0]
[26.0, 45.0, 20.0, 35.0, 26.0, 27.0, 47.0, 47.0, 36.0, 15.0, 7.0, 15.0, 48.0, 5.0, 32.0, 5.0, 37.0, 16.0, 35.0, 47.0]
[5.0, 5.0, 5.0, 5.0, 5.0, 5.0, 5.0, 5.0, 9.0, 9.0, 9.0, 9.0, 12.0, 12.0, 8.0, 12.0, 9.0, 9.0, 9.0, 9.0]
[5.0, 5.0, 5.0, 5.0, 5.0, 5.0, 5.0, 5.0, 9.0, 9.0, 9.0, 9.0, 8.0, 8.0, 12.0, 8.0, 9.0, 9.0, 9.0, 9.0]
T = 0.011529215046068483	 step = 1070
97.51000000000005
22.12375577059659
[14.0, 17.0, 37.0, 38.0, 37.0, 6.0, 26.0, 34.0, 17.0, 33.0, 46.0, 17.0, 7.0, 26.0, 46.0, 8.0, 6.0, 6.0, 29.0, 46.0]
[26.0, 45.0, 6.0, 35.0, 26.0, 27.0, 47.0, 47.0, 36.0, 15.0, 7.0, 15.0, 48.0, 5.0, 32.0, 5.0, 37.0, 16.0, 35.0, 47.0]
[5.0, 5.0, 5.0, 5.0, 5.0, 5.0, 5.0, 5.0, 9.0, 9.0, 9.0, 9.0, 12.0, 12.0, 8.0, 12.0, 9.0, 9.0, 9.0, 9.0]
[5.0, 5.0, 5.0, 5.0, 5.0, 5.0, 5.0, 5.0, 9.0, 9.0, 9.0, 9.0, 8.0, 8.0, 12.0, 8.0, 9.0, 9.0, 9.0, 9.0]
T = 0.011529215046068483	 step = 1071
97.16000000000003
21.43412863991477
[14.0, 17.0, 45.0, 38.0, 37.0, 6.0, 26.0, 34.0, 17.0, 33.0, 46.0, 17.0, 7.0, 26.0, 46.0, 8.0, 6.0, 6.0, 29.0, 46.0]
[27.0, 45.0, 20.0, 35.0, 26.0, 27.0, 47.0, 47.0, 36.0, 15.0, 7.0, 15.0, 48.0, 5.0, 32.0, 5.0, 37.0, 16.0, 35.0, 47.0]
[5.0, 5.0, 5.0, 5.0, 5.0, 5.0, 5.0, 5.0, 9.0, 9.0, 9.0, 9.0, 12.0, 12.0, 8.0, 12.0, 9.0, 9.0, 9.0, 9.0]
[5.0, 5.0, 5.0, 5.0, 5.0, 5.0, 5.0, 5.0, 9.0, 9.0, 9.0, 9.0, 8.0, 8.0, 12.0, 8.0, 9.0, 9.0, 9.0, 9.0]
T = 0.011529215046068483	 step = 1072
97.03000000000003
21.55912863991477
[14.0, 17.0, 45.0, 38.0, 37.0, 6.0, 26.0, 34.0, 17.0, 33.0, 46.0, 17.0, 7.0, 26.0, 46.0, 8.0, 6.0, 6.0, 29.0, 46.0]
[27.0, 46.0, 20.0, 35.0, 26.0, 27.0, 47.0, 47.0, 36.0, 15.0, 7.0, 15.0, 48.0, 5.0, 32.0, 5.0, 37.0, 16.0, 35.0, 47.0]
[5.0, 5.0, 5.0, 5.0, 5.0, 5.0, 5.0, 5.0, 9.0, 9.0, 9.0, 9.0, 12.0, 12.0, 8.0, 12.0, 9.0, 9.0, 9.0, 9.0]
[5.0, 5.0, 5.0, 5.0, 5.0, 5.0, 5.0, 5.0, 9.0, 9.0, 9.0, 9.0, 8.0, 8.0, 12.0, 8.0, 9.0, 9.0, 9.0, 9.0]
T = 0.011529215046068483	 step = 1073
97.03000000000003
21.49662863991477
[14.0, 17.0, 45.0, 38.0, 37.0, 6.0, 26.0, 34.0, 17.0, 33.0, 46.0, 17.0, 7.0, 26.0, 46.0, 8.0, 6.0, 6.0, 29.0, 45.0]
[27.0, 46.0, 20.0, 35.0, 26.0, 27.0, 47.0, 47.0, 36.0, 15.0, 7.0, 15.0, 48.0, 5.0, 32.0, 5.0, 37.0, 16.0, 35.0, 47.0]
[5.0, 5.0, 5.0, 5.0, 5.0, 5.0, 5.0, 5.0, 9.0, 9.0, 9.0, 9.0, 12.0, 12.0, 8.0, 12.0, 9.0, 9.0, 9.0, 9.0]
[5.0, 5.0, 5.0, 5.0, 5.0, 5.0, 5.0, 5.0, 9.0, 9.0, 9.0, 9.0, 8.0, 8.0, 12.0, 8.0, 9.0, 9.0, 9.0, 9.0]
T = 0.011529215046068483	 step = 1074
97.0
21.43412863991477
[14.0, 17.0, 45.0, 38.0, 38.0, 6.0, 26.0, 34.0, 17.0, 33.0, 46.0, 17.0, 7.0, 26.0, 46.0, 8.0, 6.0, 6.0, 29.0, 45.0]
[27.0, 46.0, 20.0, 35.0, 26.0, 27.0, 47.0, 47.0, 36.0, 15.0, 7.0, 15.0, 48.0, 5.0, 32.0, 5.0, 37.0, 16.0, 35.0, 47.0]
[5.0, 5.0, 5.0, 5.0, 5.0, 5.0, 5.0, 5.0, 9.0, 9.0, 9.0, 9.0, 12.0, 12.0, 8.0, 12.0, 9.0, 9.0, 9.0, 9.0]
[5.0, 5.0, 5.0, 5.0, 5.0, 5.0, 5.0, 5.0, 9.0, 9.0, 9.0, 9.0, 8.0, 8.0, 12.0, 8.0, 9.0, 9.0, 9.0, 9.0]
T = 0.011529215046068483	 step = 1075
97.49000000000001
21.87162863991477
[14.0, 17.0, 45.0, 38.0, 31.0, 6.0, 26.0, 34.0, 17.0, 33.0, 46.0, 17.0, 7.0, 26.0, 46.0, 8.0, 6.0, 6.0, 29.0, 45.0]
[27.0, 46.0, 20.0, 35.0, 26.0, 27.0, 47.0, 47.0, 36.0, 15.0, 7.0, 15.0, 48.0, 5.0, 32.0, 5.0, 37.0, 16.0, 35.0, 47.0]
[5.0, 5.0, 5.0, 5.0, 5.0, 5.0, 5.0, 5.0, 9.0, 9.0, 9.0, 9.0, 12.0, 12.0, 8.0, 12.0, 9.0, 9.0, 9.0, 9.0]
[5.0, 5.0, 5.0, 5.0, 5.0, 5.0, 5.0, 5.0, 9.0, 9.0, 9.0, 9.0, 8.0, 8.0, 12.0, 8.0, 9.0, 9.0, 9.0, 9.0]
T = 0.011529215046068483	 step = 1076
97.03000000000003
21.37162863991477
[14.0, 17.0, 45.0, 38.0, 38.0, 6.0, 26.0, 34.0, 17.0, 33.0, 46.0, 17.0, 7.0, 26.0, 46.0, 9.0, 6.0, 6.0, 29.0, 45.0]
[27.0, 46.0, 20.0, 35.0, 26.0, 27.0, 47.0, 47.0, 36.0, 15.0, 7.0, 15.0, 48.0, 5.0, 32.0, 5.0, 37.0, 16.0, 35.0, 47.0]
[5.0, 5.0, 5.0, 5.0, 5.0, 5.0, 5.0, 5.0, 9.0, 9.0, 9.0, 9.0, 12.0, 12.0, 8.0, 12.0, 9.0, 9.0, 9.0, 9.0]
[5.0, 5.0, 5.0, 5.0, 5.0, 5.0, 5.0, 5.0, 9.0, 9.0, 9.0, 9.0, 8.0, 8.0, 12.0, 8.0, 9.0, 9.0, 9.0, 9.0]
T = 0.011529215046068483	 step = 1077
97.01000000000005
21.33904563210227
[14.0, 17.0, 45.0, 38.0, 38.0, 6.0, 26.0, 34.0, 17.0, 33.0, 46.0, 17.0, 7.0, 26.0, 47.0, 9.0, 6.0, 6.0, 29.0, 45.0]
[27.0, 46.0, 20.0, 35.0, 26.0, 27.0, 47.0, 47.0, 36.0, 15.0, 7.0, 15.0, 48.0, 5.0, 32.0, 5.0, 37.0, 16.0, 35.0, 47.0]
[5.0, 5.0, 5.0, 5.0, 5.0, 5.0, 5.0, 5.0, 9.0, 9.0, 9.0, 9.0, 12.0, 12.0, 8.0, 12.0, 9.0, 9.0, 9.0, 9.0]
[5.0, 5.0, 5.0, 5.0, 5.0, 5.0, 5.0, 5.0, 9.0, 9.0, 9.0, 9.0, 8.0, 8.0, 12.0, 8.0, 9.0, 9.0, 9.0, 9.0]
T = 0.011529215046068483	 step = 1078
97.04000000000002
21.27654563210227
[14.0, 17.0, 45.0, 38.0, 38.0, 6.0, 26.0, 34.0, 17.0, 33.0, 46.0, 17.0, 7.0, 26.0, 47.0, 10.0, 6.0, 6.0, 29.0, 45.0]
[27.0, 46.0, 20.0, 35.0, 26.0, 27.0, 47.0, 47.0, 36.0, 15.0, 7.0, 15.0, 48.0, 5.0, 32.0, 5.0, 37.0, 16.0, 35.0, 47.0]
[5.0, 5.0, 5.0, 5.0, 5.0, 5.0, 5.0, 5.0, 9.0, 9.0, 9.0, 9.0, 12.0, 12.0, 8.0, 12.0, 9.0, 9.0, 9.0, 9.0]
[5.0, 5.0, 5.0, 5.0, 5.0, 5.0, 5.0, 5.0, 9.0, 9.0, 9.0, 9.0, 8.0, 8.0, 12.0, 8.0, 9.0, 9.0, 9.0, 9.0]
T = 0.011529215046068483	 step = 1079
96.99000000000001
21.33904563210227
[14.0, 17.0, 45.0, 38.0, 38.0, 6.0, 26.0, 34.0, 17.0, 33.0, 46.0, 17.0, 7.0, 25.0, 47.0, 10.0, 6.0, 6.0, 29.0, 45.0]
[27.0, 46.0, 20.0, 35.0, 26.0, 27.0, 47.0, 47.0, 36.0, 15.0, 7.0, 15.0, 48.0, 5.0, 32.0, 5.0, 37.0, 16.0, 35.0, 47.0]
[5.0, 5.0, 5.0, 5.0, 5.0, 5.0, 5.0, 5.0, 9.0, 9.0, 9.0, 9.0, 12.0, 12.0, 8.0, 12.0, 9.0, 9.0, 9.0, 9.0]
[5.0, 5.0, 5.0, 5.0, 5.0, 5.0, 5.0, 5.0, 9.0, 9.0, 9.0, 9.0, 8.0, 8.0, 12.0, 8.0, 9.0, 9.0, 9.0, 9.0]
T = 0.011529215046068483	 step = 1080
97.14000000000004
21.33904563210227
[14.0, 17.0, 45.0, 38.0, 38.0, 6.0, 26.0, 34.0, 17.0, 32.0, 46.0, 17.0, 7.0, 25.0, 47.0, 10.0, 6.0, 6.0, 29.0, 45.0]
[27.0, 46.0, 20.0, 35.0, 26.0, 27.0, 47.0, 47.0, 36.0, 15.0, 7.0, 15.0, 48.0, 5.0, 32.0, 5.0, 37.0, 16.0, 35.0, 47.0]
[5.0, 5.0, 5.0, 5.0, 5.0, 5.0, 5.0, 5.0, 9.0, 9.0, 9.0, 9.0, 12.0, 12.0, 8.0, 12.0, 9.0, 9.0, 9.0, 9.0]
[5.0, 5.0, 5.0, 5.0, 5.0, 5.0, 5.0, 5.0, 9.0, 9.0, 9.0, 9.0, 8.0, 8.0, 12.0, 8.0, 9.0, 9.0, 9.0, 9.0]
T = 0.011529215046068483	 step = 1081
96.99000000000001
21.339045632102273
[14.0, 17.0, 45.0, 38.0, 38.0, 6.0, 26.0, 35.0, 17.0, 33.0, 46.0, 17.0, 7.0, 25.0, 47.0, 10.0, 6.0, 6.0, 29.0, 45.0]
[27.0, 46.0, 20.0, 35.0, 26.0, 27.0, 47.0, 47.0, 36.0, 15.0, 7.0, 15.0, 48.0, 5.0, 32.0, 5.0, 37.0, 16.0, 35.0, 47.0]
[5.0, 5.0, 5.0, 5.0, 5.0, 5.0, 5.0, 5.0, 9.0, 9.0, 9.0, 9.0, 12.0, 12.0, 8.0, 12.0, 9.0, 9.0, 9.0, 9.0]
[5.0, 5.0, 5.0, 5.0, 5.0, 5.0, 5.0, 5.0, 9.0, 9.0, 9.0, 9.0, 8.0, 8.0, 12.0, 8.0, 9.0, 9.0, 9.0, 9.0]
T = 0.011529215046068483	 step = 1082
97.07000000000005
21.21404563210227
[14.0, 17.0, 45.0, 38.0, 38.0, 6.0, 26.0, 35.0, 17.0, 33.0, 46.0, 17.0, 7.0, 25.0, 47.0, 10.0, 6.0, 6.0, 29.0, 45.0]
[27.0, 46.0, 20.0, 34.0, 26.0, 27.0, 47.0, 47.0, 36.0, 15.0, 7.0, 15.0, 48.0, 5.0, 32.0, 5.0, 37.0, 16.0, 35.0, 47.0]
[5.0, 5.0, 5.0, 5.0, 5.0, 5.0, 5.0, 5.0, 9.0, 9.0, 9.0, 9.0, 12.0, 12.0, 8.0, 12.0, 9.0, 9.0, 9.0, 9.0]
[5.0, 5.0, 5.0, 5.0, 5.0, 5.0, 5.0, 5.0, 9.0, 9.0, 9.0, 9.0, 8.0, 8.0, 12.0, 8.0, 9.0, 9.0, 9.0, 9.0]
T = 0.011529215046068483	 step = 1083
97.13
21.08904563210227
[14.0, 17.0, 45.0, 38.0, 38.0, 6.0, 26.0, 35.0, 17.0, 33.0, 46.0, 17.0, 7.0, 25.0, 47.0, 10.0, 6.0, 6.0, 29.0, 45.0]
[27.0, 46.0, 20.0, 33.0, 26.0, 27.0, 47.0, 47.0, 36.0, 15.0, 7.0, 15.0, 48.0, 5.0, 32.0, 5.0, 37.0, 16.0, 35.0, 47.0]
[5.0, 5.0, 5.0, 5.0, 5.0, 5.0, 5.0, 5.0, 9.0, 9.0, 9.0, 9.0, 12.0, 12.0, 8.0, 12.0, 9.0, 9.0, 9.0, 9.0]
[5.0, 5.0, 5.0, 5.0, 5.0, 5.0, 5.0, 5.0, 9.0, 9.0, 9.0, 9.0, 8.0, 8.0, 12.0, 8.0, 9.0, 9.0, 9.0, 9.0]
T = 0.011529215046068483	 step = 1084
97.07000000000005
21.21404563210227
[13.0, 17.0, 45.0, 38.0, 38.0, 6.0, 26.0, 35.0, 17.0, 33.0, 46.0, 17.0, 7.0, 25.0, 47.0, 10.0, 6.0, 6.0, 29.0, 45.0]
[27.0, 46.0, 20.0, 33.0, 26.0, 27.0, 47.0, 47.0, 36.0, 15.0, 7.0, 15.0, 48.0, 5.0, 32.0, 5.0, 37.0, 16.0, 35.0, 47.0]
[5.0, 5.0, 5.0, 5.0, 5.0, 5.0, 5.0, 5.0, 9.0, 9.0, 9.0, 9.0, 12.0, 12.0, 8.0, 12.0, 9.0, 9.0, 9.0, 9.0]
[5.0, 5.0, 5.0, 5.0, 5.0, 5.0, 5.0, 5.0, 9.0, 9.0, 9.0, 9.0, 8.0, 8.0, 12.0, 8.0, 9.0, 9.0, 9.0, 9.0]
T = 0.011529215046068483	 step = 1085
97.06
21.15154563210227
[13.0, 17.0, 45.0, 38.0, 38.0, 6.0, 26.0, 35.0, 17.0, 33.0, 46.0, 17.0, 7.0, 25.0, 47.0, 10.0, 6.0, 6.0, 28.0, 45.0]
[27.0, 46.0, 20.0, 33.0, 26.0, 27.0, 47.0, 47.0, 36.0, 15.0, 7.0, 15.0, 48.0, 5.0, 32.0, 5.0, 37.0, 16.0, 35.0, 47.0]
[5.0, 5.0, 5.0, 5.0, 5.0, 5.0, 5.0, 5.0, 9.0, 9.0, 9.0, 9.0, 12.0, 12.0, 8.0, 12.0, 9.0, 9.0, 9.0, 9.0]
[5.0, 5.0, 5.0, 5.0, 5.0, 5.0, 5.0, 5.0, 9.0, 9.0, 9.0, 9.0, 8.0, 8.0, 12.0, 8.0, 9.0, 9.0, 9.0, 9.0]
T = 0.011529215046068483	 step = 1086
97.07000000000005
21.21404563210227
[13.0, 17.0, 45.0, 38.0, 38.0, 6.0, 26.0, 35.0, 17.0, 33.0, 46.0, 17.0, 7.0, 25.0, 47.0, 10.0, 6.0, 6.0, 28.0, 45.0]
[27.0, 46.0, 20.0, 33.0, 26.0, 27.0, 47.0, 47.0, 36.0, 15.0, 7.0, 15.0, 48.0, 5.0, 32.0, 5.0, 36.0, 16.0, 35.0, 47.0]
[5.0, 5.0, 5.0, 5.0, 5.0, 5.0, 5.0, 5.0, 9.0, 9.0, 9.0, 9.0, 12.0, 12.0, 8.0, 12.0, 9.0, 9.0, 9.0, 9.0]
[5.0, 5.0, 5.0, 5.0, 5.0, 5.0, 5.0, 5.0, 9.0, 9.0, 9.0, 9.0, 8.0, 8.0, 12.0, 8.0, 9.0, 9.0, 9.0, 9.0]
T = 0.011529215046068483	 step = 1087
97.03000000000003
21.27654563210227
[13.0, 17.0, 45.0, 38.0, 38.0, 6.0, 26.0, 35.0, 17.0, 33.0, 46.0, 17.0, 7.0, 25.0, 47.0, 10.0, 6.0, 6.0, 28.0, 45.0]
[27.0, 46.0, 20.0, 33.0, 26.0, 27.0, 47.0, 47.0, 36.0, 15.0, 7.0, 15.0, 48.0, 5.0, 32.0, 5.0, 36.0, 16.0, 36.0, 47.0]
[5.0, 5.0, 5.0, 5.0, 5.0, 5.0, 5.0, 5.0, 9.0, 9.0, 9.0, 9.0, 12.0, 12.0, 8.0, 12.0, 9.0, 9.0, 9.0, 9.0]
[5.0, 5.0, 5.0, 5.0, 5.0, 5.0, 5.0, 5.0, 9.0, 9.0, 9.0, 9.0, 8.0, 8.0, 12.0, 8.0, 9.0, 9.0, 9.0, 9.0]
T = 0.011529215046068483	 step = 1088
97.07000000000005
21.21404563210227
[13.0, 17.0, 45.0, 38.0, 38.0, 6.0, 26.0, 35.0, 17.0, 33.0, 46.0, 17.0, 7.0, 25.0, 47.0, 10.0, 6.0, 6.0, 28.0, 45.0]
[27.0, 46.0, 20.0, 33.0, 26.0, 27.0, 47.0, 47.0, 36.0, 15.0, 7.0, 15.0, 48.0, 5.0, 32.0, 5.0, 36.0, 16.0, 35.0, 47.0]
[5.0, 5.0, 5.0, 5.0, 5.0, 5.0, 5.0, 5.0, 9.0, 9.0, 9.0, 9.0, 12.0, 12.0, 8.0, 12.0, 9.0, 9.0, 9.0, 9.0]
[5.0, 5.0, 5.0, 5.0, 5.0, 5.0, 5.0, 5.0, 9.0, 9.0, 9.0, 9.0, 8.0, 8.0, 12.0, 8.0, 9.0, 9.0, 9.0, 9.0]
T = 0.011529215046068483	 step = 1089
97.04000000000002
21.33904563210227
[13.0, 17.0, 45.0, 38.0, 38.0, 6.0, 26.0, 35.0, 17.0, 33.0, 46.0, 17.0, 7.0, 25.0, 47.0, 10.0, 6.0, 6.0, 28.0, 45.0]
[27.0, 47.0, 20.0, 33.0, 26.0, 27.0, 47.0, 47.0, 36.0, 15.0, 7.0, 15.0, 48.0, 5.0, 32.0, 5.0, 36.0, 16.0, 35.0, 47.0]
[5.0, 5.0, 5.0, 5.0, 5.0, 5.0, 5.0, 5.0, 9.0, 9.0, 9.0, 9.0, 12.0, 12.0, 8.0, 12.0, 9.0, 9.0, 9.0, 9.0]
[5.0, 5.0, 5.0, 5.0, 5.0, 5.0, 5.0, 5.0, 9.0, 9.0, 9.0, 9.0, 8.0, 8.0, 12.0, 8.0, 9.0, 9.0, 9.0, 9.0]
T = 0.011529215046068483	 step = 1090
97.05000000000001
21.40154563210227
[13.0, 17.0, 45.0, 38.0, 38.0, 6.0, 26.0, 35.0, 17.0, 33.0, 46.0, 17.0, 7.0, 25.0, 47.0, 10.0, 6.0, 6.0, 29.0, 45.0]
[27.0, 47.0, 20.0, 33.0, 26.0, 27.0, 47.0, 47.0, 36.0, 15.0, 7.0, 15.0, 48.0, 5.0, 32.0, 5.0, 36.0, 16.0, 35.0, 47.0]
[5.0, 5.0, 5.0, 5.0, 5.0, 5.0, 5.0, 5.0, 9.0, 9.0, 9.0, 9.0, 12.0, 12.0, 8.0, 12.0, 9.0, 9.0, 9.0, 9.0]
[5.0, 5.0, 5.0, 5.0, 5.0, 5.0, 5.0, 5.0, 9.0, 9.0, 9.0, 9.0, 8.0, 8.0, 12.0, 8.0, 9.0, 9.0, 9.0, 9.0]
T = 0.011529215046068483	 step = 1091
96.99000000000001
21.52654563210227
[13.0, 17.0, 45.0, 38.0, 38.0, 6.0, 26.0, 35.0, 17.0, 33.0, 46.0, 17.0, 7.0, 25.0, 47.0, 10.0, 6.0, 6.0, 29.0, 45.0]
[27.0, 47.0, 20.0, 34.0, 26.0, 27.0, 47.0, 47.0, 36.0, 15.0, 7.0, 15.0, 48.0, 5.0, 32.0, 5.0, 36.0, 16.0, 35.0, 47.0]
[5.0, 5.0, 5.0, 5.0, 5.0, 5.0, 5.0, 5.0, 9.0, 9.0, 9.0, 9.0, 12.0, 12.0, 8.0, 12.0, 9.0, 9.0, 9.0, 9.0]
[5.0, 5.0, 5.0, 5.0, 5.0, 5.0, 5.0, 5.0, 9.0, 9.0, 9.0, 9.0, 8.0, 8.0, 12.0, 8.0, 9.0, 9.0, 9.0, 9.0]
T = 0.011529215046068483	 step = 1092
97.07000000000005
21.651545632102273
[13.0, 17.0, 45.0, 38.0, 38.0, 6.0, 26.0, 35.0, 18.0, 33.0, 46.0, 17.0, 7.0, 25.0, 47.0, 10.0, 6.0, 6.0, 29.0, 45.0]
[27.0, 47.0, 20.0, 34.0, 26.0, 27.0, 47.0, 47.0, 36.0, 15.0, 7.0, 15.0, 48.0, 5.0, 32.0, 5.0, 36.0, 16.0, 35.0, 47.0]
[5.0, 5.0, 5.0, 5.0, 5.0, 5.0, 5.0, 5.0, 9.0, 9.0, 9.0, 9.0, 12.0, 12.0, 8.0, 12.0, 9.0, 9.0, 9.0, 9.0]
[5.0, 5.0, 5.0, 5.0, 5.0, 5.0, 5.0, 5.0, 9.0, 9.0, 9.0, 9.0, 8.0, 8.0, 12.0, 8.0, 9.0, 9.0, 9.0, 9.0]
T = 0.011529215046068483	 step = 1093
97.0
21.46404563210227
[13.0, 17.0, 45.0, 38.0, 38.0, 6.0, 26.0, 35.0, 17.0, 33.0, 46.0, 17.0, 7.0, 25.0, 47.0, 10.0, 6.0, 6.0, 29.0, 45.0]
[27.0, 47.0, 20.0, 34.0, 26.0, 27.0, 47.0, 47.0, 36.0, 15.0, 7.0, 15.0, 47.0, 5.0, 32.0, 5.0, 36.0, 16.0, 35.0, 47.0]
[5.0, 5.0, 5.0, 5.0, 5.0, 5.0, 5.0, 5.0, 9.0, 9.0, 9.0, 9.0, 12.0, 12.0, 8.0, 12.0, 9.0, 9.0, 9.0, 9.0]
[5.0, 5.0, 5.0, 5.0, 5.0, 5.0, 5.0, 5.0, 9.0, 9.0, 9.0, 9.0, 8.0, 8.0, 12.0, 8.0, 9.0, 9.0, 9.0, 9.0]
T = 0.011529215046068483	 step = 1094
97.06
21.33904563210227
[13.0, 17.0, 45.0, 38.0, 38.0, 6.0, 26.0, 35.0, 17.0, 33.0, 46.0, 17.0, 7.0, 25.0, 47.0, 10.0, 6.0, 6.0, 29.0, 45.0]
[27.0, 47.0, 20.0, 33.0, 26.0, 27.0, 47.0, 47.0, 36.0, 15.0, 7.0, 15.0, 47.0, 5.0, 32.0, 5.0, 36.0, 16.0, 35.0, 47.0]
[5.0, 5.0, 5.0, 5.0, 5.0, 5.0, 5.0, 5.0, 9.0, 9.0, 9.0, 9.0, 12.0, 12.0, 8.0, 12.0, 9.0, 9.0, 9.0, 9.0]
[5.0, 5.0, 5.0, 5.0, 5.0, 5.0, 5.0, 5.0, 9.0, 9.0, 9.0, 9.0, 8.0, 8.0, 12.0, 8.0, 9.0, 9.0, 9.0, 9.0]
T = 0.011529215046068483	 step = 1095
97.07000000000005
21.40154563210227
[13.0, 17.0, 45.0, 38.0, 38.0, 6.0, 27.0, 35.0, 17.0, 33.0, 46.0, 17.0, 7.0, 25.0, 47.0, 10.0, 6.0, 6.0, 29.0, 45.0]
[27.0, 47.0, 20.0, 33.0, 26.0, 27.0, 47.0, 47.0, 36.0, 15.0, 7.0, 15.0, 47.0, 5.0, 32.0, 5.0, 36.0, 16.0, 35.0, 47.0]
[5.0, 5.0, 5.0, 5.0, 5.0, 5.0, 5.0, 5.0, 9.0, 9.0, 9.0, 9.0, 12.0, 12.0, 8.0, 12.0, 9.0, 9.0, 9.0, 9.0]
[5.0, 5.0, 5.0, 5.0, 5.0, 5.0, 5.0, 5.0, 9.0, 9.0, 9.0, 9.0, 8.0, 8.0, 12.0, 8.0, 9.0, 9.0, 9.0, 9.0]
T = 0.011529215046068483	 step = 1096
97.04000000000002
21.46404563210227
[13.0, 17.0, 45.0, 38.0, 38.0, 6.0, 27.0, 35.0, 17.0, 33.0, 46.0, 17.0, 7.0, 25.0, 47.0, 9.0, 6.0, 6.0, 29.0, 45.0]
[27.0, 47.0, 20.0, 33.0, 26.0, 27.0, 47.0, 47.0, 36.0, 15.0, 7.0, 15.0, 47.0, 5.0, 32.0, 5.0, 36.0, 16.0, 35.0, 47.0]
[5.0, 5.0, 5.0, 5.0, 5.0, 5.0, 5.0, 5.0, 9.0, 9.0, 9.0, 9.0, 12.0, 12.0, 8.0, 12.0, 9.0, 9.0, 9.0, 9.0]
[5.0, 5.0, 5.0, 5.0, 5.0, 5.0, 5.0, 5.0, 9.0, 9.0, 9.0, 9.0, 8.0, 8.0, 12.0, 8.0, 9.0, 9.0, 9.0, 9.0]
T = 0.011529215046068483	 step = 1097
99.44
20.08904563210227
[13.0, 17.0, 45.0, 38.0, 38.0, 20.0, 27.0, 35.0, 17.0, 33.0, 46.0, 17.0, 7.0, 25.0, 47.0, 9.0, 6.0, 6.0, 29.0, 45.0]
[27.0, 47.0, 20.0, 33.0, 26.0, 24.0, 47.0, 47.0, 36.0, 15.0, 7.0, 15.0, 47.0, 5.0, 32.0, 5.0, 36.0, 16.0, 35.0, 47.0]
[5.0, 5.0, 5.0, 5.0, 5.0, 5.0, 5.0, 5.0, 9.0, 9.0, 9.0, 9.0, 12.0, 12.0, 8.0, 12.0, 9.0, 9.0, 9.0, 9.0]
[5.0, 5.0, 5.0, 5.0, 5.0, 5.0, 5.0, 5.0, 9.0, 9.0, 9.0, 9.0, 8.0, 8.0, 12.0, 8.0, 9.0, 9.0, 9.0, 9.0]
T = 0.011529215046068483	 step = 1098
97.05000000000001
21.464045632102273
[13.0, 17.0, 45.0, 38.0, 38.0, 6.0, 27.0, 34.0, 17.0, 33.0, 46.0, 17.0, 7.0, 25.0, 47.0, 9.0, 6.0, 6.0, 29.0, 45.0]
[27.0, 47.0, 20.0, 33.0, 26.0, 27.0, 47.0, 47.0, 36.0, 15.0, 7.0, 15.0, 47.0, 5.0, 32.0, 5.0, 36.0, 16.0, 35.0, 47.0]
[5.0, 5.0, 5.0, 5.0, 5.0, 5.0, 5.0, 5.0, 9.0, 9.0, 9.0, 9.0, 12.0, 12.0, 8.0, 12.0, 9.0, 9.0, 9.0, 9.0]
[5.0, 5.0, 5.0, 5.0, 5.0, 5.0, 5.0, 5.0, 9.0, 9.0, 9.0, 9.0, 8.0, 8.0, 12.0, 8.0, 9.0, 9.0, 9.0, 9.0]
T = 0.011529215046068483	 step = 1099
97.08000000000004
21.52654563210227
[13.0, 17.0, 45.0, 38.0, 37.0, 6.0, 27.0, 34.0, 17.0, 33.0, 46.0, 17.0, 7.0, 25.0, 47.0, 9.0, 6.0, 6.0, 29.0, 45.0]
[27.0, 47.0, 20.0, 33.0, 26.0, 27.0, 47.0, 47.0, 36.0, 15.0, 7.0, 15.0, 47.0, 5.0, 32.0, 5.0, 36.0, 16.0, 35.0, 47.0]
[5.0, 5.0, 5.0, 5.0, 5.0, 5.0, 5.0, 5.0, 9.0, 9.0, 9.0, 9.0, 12.0, 12.0, 8.0, 12.0, 9.0, 9.0, 9.0, 9.0]
[5.0, 5.0, 5.0, 5.0, 5.0, 5.0, 5.0, 5.0, 9.0, 9.0, 9.0, 9.0, 8.0, 8.0, 12.0, 8.0, 9.0, 9.0, 9.0, 9.0]
T = 0.011529215046068483	 step = 1100
97.07000000000005
21.52654563210227
[13.0, 17.0, 45.0, 38.0, 37.0, 6.0, 27.0, 35.0, 17.0, 33.0, 46.0, 17.0, 7.0, 25.0, 47.0, 9.0, 6.0, 6.0, 29.0, 45.0]
[27.0, 47.0, 20.0, 33.0, 26.0, 27.0, 47.0, 47.0, 36.0, 15.0, 7.0, 15.0, 47.0, 5.0, 32.0, 5.0, 36.0, 16.0, 35.0, 47.0]
[5.0, 5.0, 5.0, 5.0, 5.0, 5.0, 5.0, 5.0, 9.0, 9.0, 9.0, 9.0, 12.0, 12.0, 8.0, 12.0, 9.0, 9.0, 9.0, 9.0]
[5.0, 5.0, 5.0, 5.0, 5.0, 5.0, 5.0, 5.0, 9.0, 9.0, 9.0, 9.0, 8.0, 8.0, 12.0, 8.0, 9.0, 9.0, 9.0, 9.0]
T = 0.011529215046068483	 step = 1101
97.33000000000004
21.45623313210227
[13.0, 17.0, 45.0, 38.0, 37.0, 6.0, 27.0, 35.0, 17.0, 33.0, 45.0, 17.0, 7.0, 25.0, 47.0, 9.0, 6.0, 6.0, 29.0, 45.0]
[27.0, 47.0, 20.0, 33.0, 26.0, 27.0, 47.0, 47.0, 36.0, 15.0, 7.0, 15.0, 47.0, 5.0, 32.0, 5.0, 36.0, 16.0, 35.0, 47.0]
[5.0, 5.0, 5.0, 5.0, 5.0, 5.0, 5.0, 5.0, 9.0, 9.0, 9.0, 9.0, 12.0, 12.0, 8.0, 12.0, 9.0, 9.0, 9.0, 9.0]
[5.0, 5.0, 5.0, 5.0, 5.0, 5.0, 5.0, 5.0, 9.0, 9.0, 9.0, 9.0, 8.0, 8.0, 12.0, 8.0, 9.0, 9.0, 9.0, 9.0]
T = 0.011529215046068483	 step = 1102
97.08000000000004
21.65154563210227
[13.0, 17.0, 45.0, 38.0, 37.0, 6.0, 27.0, 35.0, 17.0, 33.0, 46.0, 17.0, 7.0, 25.0, 47.0, 9.0, 6.0, 6.0, 29.0, 45.0]
[27.0, 47.0, 20.0, 33.0, 26.0, 26.0, 47.0, 47.0, 36.0, 15.0, 7.0, 15.0, 47.0, 5.0, 32.0, 5.0, 36.0, 16.0, 35.0, 47.0]
[5.0, 5.0, 5.0, 5.0, 5.0, 5.0, 5.0, 5.0, 9.0, 9.0, 9.0, 9.0, 12.0, 12.0, 8.0, 12.0, 9.0, 9.0, 9.0, 9.0]
[5.0, 5.0, 5.0, 5.0, 5.0, 5.0, 5.0, 5.0, 9.0, 9.0, 9.0, 9.0, 8.0, 8.0, 12.0, 8.0, 9.0, 9.0, 9.0, 9.0]
T = 0.011529215046068483	 step = 1103
99.70000000000005
18.84551447088068
[13.0, 17.0, 45.0, 38.0, 37.0, 29.0, 27.0, 35.0, 17.0, 33.0, 46.0, 17.0, 7.0, 25.0, 47.0, 9.0, 6.0, 6.0, 29.0, 45.0]
[27.0, 47.0, 20.0, 33.0, 26.0, 26.0, 47.0, 47.0, 36.0, 15.0, 7.0, 15.0, 47.0, 5.0, 32.0, 5.0, 36.0, 16.0, 35.0, 47.0]
[5.0, 5.0, 5.0, 5.0, 5.0, 5.0, 5.0, 5.0, 9.0, 9.0, 9.0, 9.0, 12.0, 12.0, 8.0, 12.0, 9.0, 9.0, 9.0, 9.0]
[5.0, 5.0, 5.0, 5.0, 5.0, 5.0, 5.0, 5.0, 9.0, 9.0, 9.0, 9.0, 8.0, 8.0, 12.0, 8.0, 9.0, 9.0, 9.0, 9.0]
T = 0.011529215046068483	 step = 1104
97.13
21.40154563210227
[14.0, 17.0, 45.0, 38.0, 37.0, 6.0, 27.0, 35.0, 17.0, 33.0, 46.0, 17.0, 7.0, 25.0, 47.0, 9.0, 6.0, 6.0, 29.0, 45.0]
[27.0, 47.0, 20.0, 33.0, 26.0, 27.0, 47.0, 47.0, 36.0, 15.0, 7.0, 15.0, 47.0, 5.0, 32.0, 5.0, 36.0, 16.0, 35.0, 47.0]
[5.0, 5.0, 5.0, 5.0, 5.0, 5.0, 5.0, 5.0, 9.0, 9.0, 9.0, 9.0, 12.0, 12.0, 8.0, 12.0, 9.0, 9.0, 9.0, 9.0]
[5.0, 5.0, 5.0, 5.0, 5.0, 5.0, 5.0, 5.0, 9.0, 9.0, 9.0, 9.0, 8.0, 8.0, 12.0, 8.0, 9.0, 9.0, 9.0, 9.0]
T = 0.011529215046068483	 step = 1105
97.13
21.46404563210227
[14.0, 17.0, 45.0, 38.0, 37.0, 6.0, 27.0, 35.0, 17.0, 33.0, 46.0, 17.0, 7.0, 25.0, 47.0, 9.0, 6.0, 6.0, 29.0, 46.0]
[27.0, 47.0, 20.0, 33.0, 26.0, 27.0, 47.0, 47.0, 36.0, 15.0, 7.0, 15.0, 47.0, 5.0, 32.0, 5.0, 36.0, 16.0, 35.0, 47.0]
[5.0, 5.0, 5.0, 5.0, 5.0, 5.0, 5.0, 5.0, 9.0, 9.0, 9.0, 9.0, 12.0, 12.0, 8.0, 12.0, 9.0, 9.0, 9.0, 9.0]
[5.0, 5.0, 5.0, 5.0, 5.0, 5.0, 5.0, 5.0, 9.0, 9.0, 9.0, 9.0, 8.0, 8.0, 12.0, 8.0, 9.0, 9.0, 9.0, 9.0]
T = 0.011529215046068483	 step = 1106
97.09000000000003
21.52654563210227
[14.0, 17.0, 45.0, 38.0, 37.0, 6.0, 27.0, 35.0, 17.0, 33.0, 46.0, 17.0, 7.0, 25.0, 47.0, 8.0, 6.0, 6.0, 29.0, 46.0]
[27.0, 47.0, 20.0, 33.0, 26.0, 27.0, 47.0, 47.0, 36.0, 15.0, 7.0, 15.0, 47.0, 5.0, 32.0, 5.0, 36.0, 16.0, 35.0, 47.0]
[5.0, 5.0, 5.0, 5.0, 5.0, 5.0, 5.0, 5.0, 9.0, 9.0, 9.0, 9.0, 12.0, 12.0, 8.0, 12.0, 9.0, 9.0, 9.0, 9.0]
[5.0, 5.0, 5.0, 5.0, 5.0, 5.0, 5.0, 5.0, 9.0, 9.0, 9.0, 9.0, 8.0, 8.0, 12.0, 8.0, 9.0, 9.0, 9.0, 9.0]
T = 0.011529215046068483	 step = 1107
97.07000000000005
21.65154563210227
[14.0, 17.0, 45.0, 38.0, 37.0, 6.0, 27.0, 35.0, 17.0, 33.0, 46.0, 17.0, 7.0, 25.0, 47.0, 8.0, 6.0, 6.0, 29.0, 46.0]
[27.0, 47.0, 20.0, 33.0, 26.0, 27.0, 48.0, 47.0, 36.0, 15.0, 7.0, 15.0, 47.0, 5.0, 32.0, 5.0, 36.0, 16.0, 35.0, 47.0]
[5.0, 5.0, 5.0, 5.0, 5.0, 5.0, 5.0, 5.0, 9.0, 9.0, 9.0, 9.0, 12.0, 12.0, 8.0, 12.0, 9.0, 9.0, 9.0, 9.0]
[5.0, 5.0, 5.0, 5.0, 5.0, 5.0, 5.0, 5.0, 9.0, 9.0, 9.0, 9.0, 8.0, 8.0, 12.0, 8.0, 9.0, 9.0, 9.0, 9.0]
T = 0.011529215046068483	 step = 1108
97.34000000000003
21.65154563210227
[14.0, 17.0, 45.0, 38.0, 37.0, 6.0, 27.0, 35.0, 17.0, 33.0, 46.0, 18.0, 7.0, 25.0, 47.0, 8.0, 6.0, 6.0, 29.0, 46.0]
[27.0, 47.0, 20.0, 33.0, 26.0, 27.0, 48.0, 47.0, 36.0, 15.0, 7.0, 15.0, 47.0, 5.0, 32.0, 5.0, 36.0, 16.0, 35.0, 47.0]
[5.0, 5.0, 5.0, 5.0, 5.0, 5.0, 5.0, 5.0, 9.0, 9.0, 9.0, 9.0, 12.0, 12.0, 8.0, 12.0, 9.0, 9.0, 9.0, 9.0]
[5.0, 5.0, 5.0, 5.0, 5.0, 5.0, 5.0, 5.0, 9.0, 9.0, 9.0, 9.0, 8.0, 8.0, 12.0, 8.0, 9.0, 9.0, 9.0, 9.0]
T = 0.011529215046068483	 step = 1109
96.96000000000004
21.65154563210227
[14.0, 17.0, 45.0, 38.0, 37.0, 6.0, 27.0, 35.0, 17.0, 33.0, 46.0, 17.0, 7.0, 25.0, 47.0, 8.0, 6.0, 6.0, 29.0, 46.0]
[27.0, 47.0, 20.0, 33.0, 26.0, 27.0, 48.0, 47.0, 37.0, 15.0, 7.0, 15.0, 47.0, 5.0, 32.0, 5.0, 36.0, 16.0, 35.0, 47.0]
[5.0, 5.0, 5.0, 5.0, 5.0, 5.0, 5.0, 5.0, 9.0, 9.0, 9.0, 9.0, 12.0, 12.0, 8.0, 12.0, 9.0, 9.0, 9.0, 9.0]
[5.0, 5.0, 5.0, 5.0, 5.0, 5.0, 5.0, 5.0, 9.0, 9.0, 9.0, 9.0, 8.0, 8.0, 12.0, 8.0, 9.0, 9.0, 9.0, 9.0]
T = 0.011529215046068483	 step = 1110
99.84000000000003
20.071346768465904
[14.0, 17.0, 45.0, 38.0, 37.0, 6.0, 26.0, 35.0, 17.0, 33.0, 46.0, 17.0, 7.0, 25.0, 47.0, 8.0, 6.0, 6.0, 29.0, 46.0]
[27.0, 47.0, 20.0, 33.0, 26.0, 27.0, 24.0, 47.0, 37.0, 15.0, 7.0, 15.0, 47.0, 5.0, 32.0, 5.0, 36.0, 16.0, 35.0, 47.0]
[5.0, 5.0, 5.0, 5.0, 5.0, 5.0, 5.0, 5.0, 9.0, 9.0, 9.0, 9.0, 12.0, 12.0, 8.0, 12.0, 9.0, 9.0, 9.0, 9.0]
[5.0, 5.0, 5.0, 5.0, 5.0, 5.0, 5.0, 5.0, 9.0, 9.0, 9.0, 9.0, 8.0, 8.0, 12.0, 8.0, 9.0, 9.0, 9.0, 9.0]
T = 0.011529215046068483	 step = 1111
96.94
21.71404563210227
[14.0, 17.0, 45.0, 39.0, 37.0, 6.0, 27.0, 35.0, 17.0, 33.0, 46.0, 17.0, 7.0, 25.0, 47.0, 8.0, 6.0, 6.0, 29.0, 46.0]
[27.0, 47.0, 20.0, 33.0, 26.0, 27.0, 48.0, 47.0, 37.0, 15.0, 7.0, 15.0, 47.0, 5.0, 32.0, 5.0, 36.0, 16.0, 35.0, 47.0]
[5.0, 5.0, 5.0, 5.0, 5.0, 5.0, 5.0, 5.0, 9.0, 9.0, 9.0, 9.0, 12.0, 12.0, 8.0, 12.0, 9.0, 9.0, 9.0, 9.0]
[5.0, 5.0, 5.0, 5.0, 5.0, 5.0, 5.0, 5.0, 9.0, 9.0, 9.0, 9.0, 8.0, 8.0, 12.0, 8.0, 9.0, 9.0, 9.0, 9.0]
T = 0.011529215046068483	 step = 1112
96.95000000000005
21.77654563210227
[14.0, 17.0, 45.0, 39.0, 37.0, 6.0, 28.0, 35.0, 17.0, 33.0, 46.0, 17.0, 7.0, 25.0, 47.0, 8.0, 6.0, 6.0, 29.0, 46.0]
[27.0, 47.0, 20.0, 33.0, 26.0, 27.0, 48.0, 47.0, 37.0, 15.0, 7.0, 15.0, 47.0, 5.0, 32.0, 5.0, 36.0, 16.0, 35.0, 47.0]
[5.0, 5.0, 5.0, 5.0, 5.0, 5.0, 5.0, 5.0, 9.0, 9.0, 9.0, 9.0, 12.0, 12.0, 8.0, 12.0, 9.0, 9.0, 9.0, 9.0]
[5.0, 5.0, 5.0, 5.0, 5.0, 5.0, 5.0, 5.0, 9.0, 9.0, 9.0, 9.0, 8.0, 8.0, 12.0, 8.0, 9.0, 9.0, 9.0, 9.0]
T = 0.011529215046068483	 step = 1113
96.96000000000004
21.65154563210227
[14.0, 17.0, 45.0, 38.0, 37.0, 6.0, 27.0, 35.0, 17.0, 33.0, 46.0, 17.0, 7.0, 25.0, 47.0, 8.0, 6.0, 6.0, 29.0, 46.0]
[27.0, 47.0, 20.0, 33.0, 26.0, 27.0, 48.0, 47.0, 37.0, 15.0, 7.0, 15.0, 47.0, 5.0, 32.0, 5.0, 36.0, 16.0, 35.0, 47.0]
[5.0, 5.0, 5.0, 5.0, 5.0, 5.0, 5.0, 5.0, 9.0, 9.0, 9.0, 9.0, 12.0, 12.0, 8.0, 12.0, 9.0, 9.0, 9.0, 9.0]
[5.0, 5.0, 5.0, 5.0, 5.0, 5.0, 5.0, 5.0, 9.0, 9.0, 9.0, 9.0, 8.0, 8.0, 12.0, 8.0, 9.0, 9.0, 9.0, 9.0]
T = 0.011529215046068483	 step = 1114
96.93
21.678356711647723
[14.0, 17.0, 45.0, 38.0, 37.0, 6.0, 27.0, 35.0, 17.0, 33.0, 46.0, 17.0, 7.0, 25.0, 47.0, 8.0, 6.0, 6.0, 29.0, 46.0]
[27.0, 47.0, 20.0, 33.0, 26.0, 27.0, 48.0, 48.0, 37.0, 15.0, 7.0, 15.0, 47.0, 5.0, 32.0, 5.0, 36.0, 16.0, 35.0, 47.0]
[5.0, 5.0, 5.0, 5.0, 5.0, 5.0, 5.0, 5.0, 9.0, 9.0, 9.0, 9.0, 12.0, 12.0, 8.0, 12.0, 9.0, 9.0, 9.0, 9.0]
[5.0, 5.0, 5.0, 5.0, 5.0, 5.0, 5.0, 5.0, 9.0, 9.0, 9.0, 9.0, 8.0, 8.0, 12.0, 8.0, 9.0, 9.0, 9.0, 9.0]
