case,candidate,seed,thermal_weight,wirelength_weight,legalization_status,is_legal,legal_report,source,eval_input,eval_stem
Case10,1,121,0,0,ok,true,/mnt/d/WORK/96/flow_tap/LayoutGenModel/logs/output/cases_hubump/cases-hubump-pareto-Case10-t0-w0/seed_121/legalized/00_Case10_placement_legal_report.json,/mnt/d/WORK/96/flow_tap/LayoutGenModel/logs/output/cases_hubump/cases-hubump-pareto-Case10-t0-w0/seed_121/legalized/00_Case10_placement_legal.json,/mnt/d/WORK/96/flow_tap/resultEval/FM_result/pareto_weight_sweep_seed121_legal_only_format/Case10_thermal0_wirelength0_seed121.json,Case10_thermal0_wirelength0_seed121
Case10,2,121,0,0.02,ok,true,/mnt/d/WORK/96/flow_tap/LayoutGenModel/logs/output/cases_hubump/cases-hubump-pareto-Case10-t0-w0p02/seed_121/legalized/00_Case10_placement_legal_report.json,/mnt/d/WORK/96/flow_tap/LayoutGenModel/logs/output/cases_hubump/cases-hubump-pareto-Case10-t0-w0p02/seed_121/legalized/00_Case10_placement_legal.json,/mnt/d/WORK/96/flow_tap/resultEval/FM_result/pareto_weight_sweep_seed121_legal_only_format/Case10_thermal0_wirelength0p02_seed121.json,Case10_thermal0_wirelength0p02_seed121
Case10,3,121,0,0.2,ok,true,/mnt/d/WORK/96/flow_tap/LayoutGenModel/logs/output/cases_hubump/cases-hubump-pareto-Case10-t0-w0p2/seed_121/legalized/00_Case10_placement_legal_report.json,/mnt/d/WORK/96/flow_tap/LayoutGenModel/logs/output/cases_hubump/cases-hubump-pareto-Case10-t0-w0p2/seed_121/legalized/00_Case10_placement_legal.json,/mnt/d/WORK/96/flow_tap/resultEval/FM_result/pareto_weight_sweep_seed121_legal_only_format/Case10_thermal0_wirelength0p2_seed121.json,Case10_thermal0_wirelength0p2_seed121
Case10,5,121,0,50,ok,true,/mnt/d/WORK/96/flow_tap/LayoutGenModel/logs/output/cases_hubump/cases-hubump-pareto-Case10-t0-w50/seed_121/legalized/00_Case10_placement_legal_report.json,/mnt/d/WORK/96/flow_tap/LayoutGenModel/logs/output/cases_hubump/cases-hubump-pareto-Case10-t0-w50/seed_121/legalized/00_Case10_placement_legal.json,/mnt/d/WORK/96/flow_tap/resultEval/FM_result/pareto_weight_sweep_seed121_legal_only_format/Case10_thermal0_wirelength50_seed121.json,Case10_thermal0_wirelength50_seed121
Case10,6,121,0.01,0,ok,true,/mnt/d/WORK/96/flow_tap/LayoutGenModel/logs/output/cases_hubump/cases-hubump-pareto-Case10-t0p01-w0/seed_121/legalized/00_Case10_placement_legal_report.json,/mnt/d/WORK/96/flow_tap/LayoutGenModel/logs/output/cases_hubump/cases-hubump-pareto-Case10-t0p01-w0/seed_121/legalized/00_Case10_placement_legal.json,/mnt/d/WORK/96/flow_tap/resultEval/FM_result/pareto_weight_sweep_seed121_legal_only_format/Case10_thermal0p01_wirelength0_seed121.json,Case10_thermal0p01_wirelength0_seed121
Case10,7,121,0.01,0.02,ok,true,/mnt/d/WORK/96/flow_tap/LayoutGenModel/logs/output/cases_hubump/cases-hubump-pareto-Case10-t0p01-w0p02/seed_121/legalized/00_Case10_placement_legal_report.json,/mnt/d/WORK/96/flow_tap/LayoutGenModel/logs/output/cases_hubump/cases-hubump-pareto-Case10-t0p01-w0p02/seed_121/legalized/00_Case10_placement_legal.json,/mnt/d/WORK/96/flow_tap/resultEval/FM_result/pareto_weight_sweep_seed121_legal_only_format/Case10_thermal0p01_wirelength0p02_seed121.json,Case10_thermal0p01_wirelength0p02_seed121
Case10,8,121,0.01,0.2,ok,true,/mnt/d/WORK/96/flow_tap/LayoutGenModel/logs/output/cases_hubump/cases-hubump-pareto-Case10-t0p01-w0p2/seed_121/legalized/00_Case10_placement_legal_report.json,/mnt/d/WORK/96/flow_tap/LayoutGenModel/logs/output/cases_hubump/cases-hubump-pareto-Case10-t0p01-w0p2/seed_121/legalized/00_Case10_placement_legal.json,/mnt/d/WORK/96/flow_tap/resultEval/FM_result/pareto_weight_sweep_seed121_legal_only_format/Case10_thermal0p01_wirelength0p2_seed121.json,Case10_thermal0p01_wirelength0p2_seed121
Case10,10,121,0.01,50,ok,true,/mnt/d/WORK/96/flow_tap/LayoutGenModel/logs/output/cases_hubump/cases-hubump-pareto-Case10-t0p01-w50/seed_121/legalized/00_Case10_placement_legal_report.json,/mnt/d/WORK/96/flow_tap/LayoutGenModel/logs/output/cases_hubump/cases-hubump-pareto-Case10-t0p01-w50/seed_121/legalized/00_Case10_placement_legal.json,/mnt/d/WORK/96/flow_tap/resultEval/FM_result/pareto_weight_sweep_seed121_legal_only_format/Case10_thermal0p01_wirelength50_seed121.json,Case10_thermal0p01_wirelength50_seed121
Case10,12,121,0.03,0.02,ok,true,/mnt/d/WORK/96/flow_tap/LayoutGenModel/logs/output/cases_hubump/cases-hubump-pareto-Case10-t0p03-w0p02/seed_121/legalized/00_Case10_placement_legal_report.json,/mnt/d/WORK/96/flow_tap/LayoutGenModel/logs/output/cases_hubump/cases-hubump-pareto-Case10-t0p03-w0p02/seed_121/legalized/00_Case10_placement_legal.json,/mnt/d/WORK/96/flow_tap/resultEval/FM_result/pareto_weight_sweep_seed121_legal_only_format/Case10_thermal0p03_wirelength0p02_seed121.json,Case10_thermal0p03_wirelength0p02_seed121
Case10,11,121,0.03,0,ok,true,/mnt/d/WORK/96/flow_tap/LayoutGenModel/logs/output/cases_hubump/cases-hubump-pareto-Case10-t0p03-w0/seed_121/legalized/00_Case10_placement_legal_report.json,/mnt/d/WORK/96/flow_tap/LayoutGenModel/logs/output/cases_hubump/cases-hubump-pareto-Case10-t0p03-w0/seed_121/legalized/00_Case10_placement_legal.json,/mnt/d/WORK/96/flow_tap/resultEval/FM_result/pareto_weight_sweep_seed121_legal_only_format/Case10_thermal0p03_wirelength0_seed121.json,Case10_thermal0p03_wirelength0_seed121
Case10,13,121,0.03,0.2,ok,true,/mnt/d/WORK/96/flow_tap/LayoutGenModel/logs/output/cases_hubump/cases-hubump-pareto-Case10-t0p03-w0p2/seed_121/legalized/00_Case10_placement_legal_report.json,/mnt/d/WORK/96/flow_tap/LayoutGenModel/logs/output/cases_hubump/cases-hubump-pareto-Case10-t0p03-w0p2/seed_121/legalized/00_Case10_placement_legal.json,/mnt/d/WORK/96/flow_tap/resultEval/FM_result/pareto_weight_sweep_seed121_legal_only_format/Case10_thermal0p03_wirelength0p2_seed121.json,Case10_thermal0p03_wirelength0p2_seed121
Case10,15,121,0.03,50,ok,true,/mnt/d/WORK/96/flow_tap/LayoutGenModel/logs/output/cases_hubump/cases-hubump-pareto-Case10-t0p03-w50/seed_121/legalized/00_Case10_placement_legal_report.json,/mnt/d/WORK/96/flow_tap/LayoutGenModel/logs/output/cases_hubump/cases-hubump-pareto-Case10-t0p03-w50/seed_121/legalized/00_Case10_placement_legal.json,/mnt/d/WORK/96/flow_tap/resultEval/FM_result/pareto_weight_sweep_seed121_legal_only_format/Case10_thermal0p03_wirelength50_seed121.json,Case10_thermal0p03_wirelength50_seed121
Case10,16,121,0.1,0,ok,true,/mnt/d/WORK/96/flow_tap/LayoutGenModel/logs/output/cases_hubump/cases-hubump-pareto-Case10-t0p1-w0/seed_121/legalized/00_Case10_placement_legal_report.json,/mnt/d/WORK/96/flow_tap/LayoutGenModel/logs/output/cases_hubump/cases-hubump-pareto-Case10-t0p1-w0/seed_121/legalized/00_Case10_placement_legal.json,/mnt/d/WORK/96/flow_tap/resultEval/FM_result/pareto_weight_sweep_seed121_legal_only_format/Case10_thermal0p1_wirelength0_seed121.json,Case10_thermal0p1_wirelength0_seed121
Case10,18,121,0.1,0.2,ok,true,/mnt/d/WORK/96/flow_tap/LayoutGenModel/logs/output/cases_hubump/cases-hubump-pareto-Case10-t0p1-w0p2/seed_121/legalized/00_Case10_placement_legal_report.json,/mnt/d/WORK/96/flow_tap/LayoutGenModel/logs/output/cases_hubump/cases-hubump-pareto-Case10-t0p1-w0p2/seed_121/legalized/00_Case10_placement_legal.json,/mnt/d/WORK/96/flow_tap/resultEval/FM_result/pareto_weight_sweep_seed121_legal_only_format/Case10_thermal0p1_wirelength0p2_seed121.json,Case10_thermal0p1_wirelength0p2_seed121
Case10,17,121,0.1,0.02,ok,true,/mnt/d/WORK/96/flow_tap/LayoutGenModel/logs/output/cases_hubump/cases-hubump-pareto-Case10-t0p1-w0p02/seed_121/legalized/00_Case10_placement_legal_report.json,/mnt/d/WORK/96/flow_tap/LayoutGenModel/logs/output/cases_hubump/cases-hubump-pareto-Case10-t0p1-w0p02/seed_121/legalized/00_Case10_placement_legal.json,/mnt/d/WORK/96/flow_tap/resultEval/FM_result/pareto_weight_sweep_seed121_legal_only_format/Case10_thermal0p1_wirelength0p02_seed121.json,Case10_thermal0p1_wirelength0p02_seed121
Case10,20,121,0.1,50,ok,true,/mnt/d/WORK/96/flow_tap/LayoutGenModel/logs/output/cases_hubump/cases-hubump-pareto-Case10-t0p1-w50/seed_121/legalized/00_Case10_placement_legal_report.json,/mnt/d/WORK/96/flow_tap/LayoutGenModel/logs/output/cases_hubump/cases-hubump-pareto-Case10-t0p1-w50/seed_121/legalized/00_Case10_placement_legal.json,/mnt/d/WORK/96/flow_tap/resultEval/FM_result/pareto_weight_sweep_seed121_legal_only_format/Case10_thermal0p1_wirelength50_seed121.json,Case10_thermal0p1_wirelength50_seed121
Case10,21,121,0.3,0,ok,true,/mnt/d/WORK/96/flow_tap/LayoutGenModel/logs/output/cases_hubump/cases-hubump-pareto-Case10-t0p3-w0/seed_121/legalized/00_Case10_placement_legal_report.json,/mnt/d/WORK/96/flow_tap/LayoutGenModel/logs/output/cases_hubump/cases-hubump-pareto-Case10-t0p3-w0/seed_121/legalized/00_Case10_placement_legal.json,/mnt/d/WORK/96/flow_tap/resultEval/FM_result/pareto_weight_sweep_seed121_legal_only_format/Case10_thermal0p3_wirelength0_seed121.json,Case10_thermal0p3_wirelength0_seed121
Case10,22,121,0.3,0.02,ok,true,/mnt/d/WORK/96/flow_tap/LayoutGenModel/logs/output/cases_hubump/cases-hubump-pareto-Case10-t0p3-w0p02/seed_121/legalized/00_Case10_placement_legal_report.json,/mnt/d/WORK/96/flow_tap/LayoutGenModel/logs/output/cases_hubump/cases-hubump-pareto-Case10-t0p3-w0p02/seed_121/legalized/00_Case10_placement_legal.json,/mnt/d/WORK/96/flow_tap/resultEval/FM_result/pareto_weight_sweep_seed121_legal_only_format/Case10_thermal0p3_wirelength0p02_seed121.json,Case10_thermal0p3_wirelength0p02_seed121
Case10,23,121,0.3,0.2,ok,true,/mnt/d/WORK/96/flow_tap/LayoutGenModel/logs/output/cases_hubump/cases-hubump-pareto-Case10-t0p3-w0p2/seed_121/legalized/00_Case10_placement_legal_report.json,/mnt/d/WORK/96/flow_tap/LayoutGenModel/logs/output/cases_hubump/cases-hubump-pareto-Case10-t0p3-w0p2/seed_121/legalized/00_Case10_placement_legal.json,/mnt/d/WORK/96/flow_tap/resultEval/FM_result/pareto_weight_sweep_seed121_legal_only_format/Case10_thermal0p3_wirelength0p2_seed121.json,Case10_thermal0p3_wirelength0p2_seed121
Case10,26,121,1,0,ok,true,/mnt/d/WORK/96/flow_tap/LayoutGenModel/logs/output/cases_hubump/cases-hubump-pareto-Case10-t1-w0/seed_121/legalized/00_Case10_placement_legal_report.json,/mnt/d/WORK/96/flow_tap/LayoutGenModel/logs/output/cases_hubump/cases-hubump-pareto-Case10-t1-w0/seed_121/legalized/00_Case10_placement_legal.json,/mnt/d/WORK/96/flow_tap/resultEval/FM_result/pareto_weight_sweep_seed121_legal_only_format/Case10_thermal1_wirelength0_seed121.json,Case10_thermal1_wirelength0_seed121
Case10,25,121,0.3,50,ok,true,/mnt/d/WORK/96/flow_tap/LayoutGenModel/logs/output/cases_hubump/cases-hubump-pareto-Case10-t0p3-w50/seed_121/legalized/00_Case10_placement_legal_report.json,/mnt/d/WORK/96/flow_tap/LayoutGenModel/logs/output/cases_hubump/cases-hubump-pareto-Case10-t0p3-w50/seed_121/legalized/00_Case10_placement_legal.json,/mnt/d/WORK/96/flow_tap/resultEval/FM_result/pareto_weight_sweep_seed121_legal_only_format/Case10_thermal0p3_wirelength50_seed121.json,Case10_thermal0p3_wirelength50_seed121
Case10,27,121,1,0.02,ok,true,/mnt/d/WORK/96/flow_tap/LayoutGenModel/logs/output/cases_hubump/cases-hubump-pareto-Case10-t1-w0p02/seed_121/legalized/00_Case10_placement_legal_report.json,/mnt/d/WORK/96/flow_tap/LayoutGenModel/logs/output/cases_hubump/cases-hubump-pareto-Case10-t1-w0p02/seed_121/legalized/00_Case10_placement_legal.json,/mnt/d/WORK/96/flow_tap/resultEval/FM_result/pareto_weight_sweep_seed121_legal_only_format/Case10_thermal1_wirelength0p02_seed121.json,Case10_thermal1_wirelength0p02_seed121
Case10,28,121,1,0.2,ok,true,/mnt/d/WORK/96/flow_tap/LayoutGenModel/logs/output/cases_hubump/cases-hubump-pareto-Case10-t1-w0p2/seed_121/legalized/00_Case10_placement_legal_report.json,/mnt/d/WORK/96/flow_tap/LayoutGenModel/logs/output/cases_hubump/cases-hubump-pareto-Case10-t1-w0p2/seed_121/legalized/00_Case10_placement_legal.json,/mnt/d/WORK/96/flow_tap/resultEval/FM_result/pareto_weight_sweep_seed121_legal_only_format/Case10_thermal1_wirelength0p2_seed121.json,Case10_thermal1_wirelength0p2_seed121
Case10,30,121,1,50,ok,true,/mnt/d/WORK/96/flow_tap/LayoutGenModel/logs/output/cases_hubump/cases-hubump-pareto-Case10-t1-w50/seed_121/legalized/00_Case10_placement_legal_report.json,/mnt/d/WORK/96/flow_tap/LayoutGenModel/logs/output/cases_hubump/cases-hubump-pareto-Case10-t1-w50/seed_121/legalized/00_Case10_placement_legal.json,/mnt/d/WORK/96/flow_tap/resultEval/FM_result/pareto_weight_sweep_seed121_legal_only_format/Case10_thermal1_wirelength50_seed121.json,Case10_thermal1_wirelength50_seed121
Case10,31,121,3,0,ok,true,/mnt/d/WORK/96/flow_tap/LayoutGenModel/logs/output/cases_hubump/cases-hubump-pareto-Case10-t3-w0/seed_121/legalized/00_Case10_placement_legal_report.json,/mnt/d/WORK/96/flow_tap/LayoutGenModel/logs/output/cases_hubump/cases-hubump-pareto-Case10-t3-w0/seed_121/legalized/00_Case10_placement_legal.json,/mnt/d/WORK/96/flow_tap/resultEval/FM_result/pareto_weight_sweep_seed121_legal_only_format/Case10_thermal3_wirelength0_seed121.json,Case10_thermal3_wirelength0_seed121
Case10,32,121,3,0.02,ok,true,/mnt/d/WORK/96/flow_tap/LayoutGenModel/logs/output/cases_hubump/cases-hubump-pareto-Case10-t3-w0p02/seed_121/legalized/00_Case10_placement_legal_report.json,/mnt/d/WORK/96/flow_tap/LayoutGenModel/logs/output/cases_hubump/cases-hubump-pareto-Case10-t3-w0p02/seed_121/legalized/00_Case10_placement_legal.json,/mnt/d/WORK/96/flow_tap/resultEval/FM_result/pareto_weight_sweep_seed121_legal_only_format/Case10_thermal3_wirelength0p02_seed121.json,Case10_thermal3_wirelength0p02_seed121
Case10,33,121,3,0.2,ok,true,/mnt/d/WORK/96/flow_tap/LayoutGenModel/logs/output/cases_hubump/cases-hubump-pareto-Case10-t3-w0p2/seed_121/legalized/00_Case10_placement_legal_report.json,/mnt/d/WORK/96/flow_tap/LayoutGenModel/logs/output/cases_hubump/cases-hubump-pareto-Case10-t3-w0p2/seed_121/legalized/00_Case10_placement_legal.json,/mnt/d/WORK/96/flow_tap/resultEval/FM_result/pareto_weight_sweep_seed121_legal_only_format/Case10_thermal3_wirelength0p2_seed121.json,Case10_thermal3_wirelength0p2_seed121
Case10,35,121,3,50,ok,true,/mnt/d/WORK/96/flow_tap/LayoutGenModel/logs/output/cases_hubump/cases-hubump-pareto-Case10-t3-w50/seed_121/legalized/00_Case10_placement_legal_report.json,/mnt/d/WORK/96/flow_tap/LayoutGenModel/logs/output/cases_hubump/cases-hubump-pareto-Case10-t3-w50/seed_121/legalized/00_Case10_placement_legal.json,/mnt/d/WORK/96/flow_tap/resultEval/FM_result/pareto_weight_sweep_seed121_legal_only_format/Case10_thermal3_wirelength50_seed121.json,Case10_thermal3_wirelength50_seed121
Case10,36,121,10,0,ok,true,/mnt/d/WORK/96/flow_tap/LayoutGenModel/logs/output/cases_hubump/cases-hubump-pareto-Case10-t10-w0/seed_121/legalized/00_Case10_placement_legal_report.json,/mnt/d/WORK/96/flow_tap/LayoutGenModel/logs/output/cases_hubump/cases-hubump-pareto-Case10-t10-w0/seed_121/legalized/00_Case10_placement_legal.json,/mnt/d/WORK/96/flow_tap/resultEval/FM_result/pareto_weight_sweep_seed121_legal_only_format/Case10_thermal10_wirelength0_seed121.json,Case10_thermal10_wirelength0_seed121
Case10,37,121,10,0.02,ok,true,/mnt/d/WORK/96/flow_tap/LayoutGenModel/logs/output/cases_hubump/cases-hubump-pareto-Case10-t10-w0p02/seed_121/legalized/00_Case10_placement_legal_report.json,/mnt/d/WORK/96/flow_tap/LayoutGenModel/logs/output/cases_hubump/cases-hubump-pareto-Case10-t10-w0p02/seed_121/legalized/00_Case10_placement_legal.json,/mnt/d/WORK/96/flow_tap/resultEval/FM_result/pareto_weight_sweep_seed121_legal_only_format/Case10_thermal10_wirelength0p02_seed121.json,Case10_thermal10_wirelength0p02_seed121
Case10,38,121,10,0.2,ok,true,/mnt/d/WORK/96/flow_tap/LayoutGenModel/logs/output/cases_hubump/cases-hubump-pareto-Case10-t10-w0p2/seed_121/legalized/00_Case10_placement_legal_report.json,/mnt/d/WORK/96/flow_tap/LayoutGenModel/logs/output/cases_hubump/cases-hubump-pareto-Case10-t10-w0p2/seed_121/legalized/00_Case10_placement_legal.json,/mnt/d/WORK/96/flow_tap/resultEval/FM_result/pareto_weight_sweep_seed121_legal_only_format/Case10_thermal10_wirelength0p2_seed121.json,Case10_thermal10_wirelength0p2_seed121
Case10,39,121,10,2,ok,true,/mnt/d/WORK/96/flow_tap/LayoutGenModel/logs/output/cases_hubump/cases-hubump-pareto-Case10-t10-w2/seed_121/legalized/00_Case10_placement_legal_report.json,/mnt/d/WORK/96/flow_tap/LayoutGenModel/logs/output/cases_hubump/cases-hubump-pareto-Case10-t10-w2/seed_121/legalized/00_Case10_placement_legal.json,/mnt/d/WORK/96/flow_tap/resultEval/FM_result/pareto_weight_sweep_seed121_legal_only_format/Case10_thermal10_wirelength2_seed121.json,Case10_thermal10_wirelength2_seed121
Case10,41,121,30,0,ok,true,/mnt/d/WORK/96/flow_tap/LayoutGenModel/logs/output/cases_hubump/cases-hubump-pareto-Case10-t30-w0/seed_121/legalized/00_Case10_placement_legal_report.json,/mnt/d/WORK/96/flow_tap/LayoutGenModel/logs/output/cases_hubump/cases-hubump-pareto-Case10-t30-w0/seed_121/legalized/00_Case10_placement_legal.json,/mnt/d/WORK/96/flow_tap/resultEval/FM_result/pareto_weight_sweep_seed121_legal_only_format/Case10_thermal30_wirelength0_seed121.json,Case10_thermal30_wirelength0_seed121
Case10,42,121,30,0.02,ok,true,/mnt/d/WORK/96/flow_tap/LayoutGenModel/logs/output/cases_hubump/cases-hubump-pareto-Case10-t30-w0p02/seed_121/legalized/00_Case10_placement_legal_report.json,/mnt/d/WORK/96/flow_tap/LayoutGenModel/logs/output/cases_hubump/cases-hubump-pareto-Case10-t30-w0p02/seed_121/legalized/00_Case10_placement_legal.json,/mnt/d/WORK/96/flow_tap/resultEval/FM_result/pareto_weight_sweep_seed121_legal_only_format/Case10_thermal30_wirelength0p02_seed121.json,Case10_thermal30_wirelength0p02_seed121
Case10,43,121,30,0.2,ok,true,/mnt/d/WORK/96/flow_tap/LayoutGenModel/logs/output/cases_hubump/cases-hubump-pareto-Case10-t30-w0p2/seed_121/legalized/00_Case10_placement_legal_report.json,/mnt/d/WORK/96/flow_tap/LayoutGenModel/logs/output/cases_hubump/cases-hubump-pareto-Case10-t30-w0p2/seed_121/legalized/00_Case10_placement_legal.json,/mnt/d/WORK/96/flow_tap/resultEval/FM_result/pareto_weight_sweep_seed121_legal_only_format/Case10_thermal30_wirelength0p2_seed121.json,Case10_thermal30_wirelength0p2_seed121
Case10,44,121,30,2,ok,true,/mnt/d/WORK/96/flow_tap/LayoutGenModel/logs/output/cases_hubump/cases-hubump-pareto-Case10-t30-w2/seed_121/legalized/00_Case10_placement_legal_report.json,/mnt/d/WORK/96/flow_tap/LayoutGenModel/logs/output/cases_hubump/cases-hubump-pareto-Case10-t30-w2/seed_121/legalized/00_Case10_placement_legal.json,/mnt/d/WORK/96/flow_tap/resultEval/FM_result/pareto_weight_sweep_seed121_legal_only_format/Case10_thermal30_wirelength2_seed121.json,Case10_thermal30_wirelength2_seed121
Case10,45,121,30,50,ok,true,/mnt/d/WORK/96/flow_tap/LayoutGenModel/logs/output/cases_hubump/cases-hubump-pareto-Case10-t30-w50/seed_121/legalized/00_Case10_placement_legal_report.json,/mnt/d/WORK/96/flow_tap/LayoutGenModel/logs/output/cases_hubump/cases-hubump-pareto-Case10-t30-w50/seed_121/legalized/00_Case10_placement_legal.json,/mnt/d/WORK/96/flow_tap/resultEval/FM_result/pareto_weight_sweep_seed121_legal_only_format/Case10_thermal30_wirelength50_seed121.json,Case10_thermal30_wirelength50_seed121
Case10,46,121,100,0,ok,true,/mnt/d/WORK/96/flow_tap/LayoutGenModel/logs/output/cases_hubump/cases-hubump-pareto-Case10-t100-w0/seed_121/legalized/00_Case10_placement_legal_report.json,/mnt/d/WORK/96/flow_tap/LayoutGenModel/logs/output/cases_hubump/cases-hubump-pareto-Case10-t100-w0/seed_121/legalized/00_Case10_placement_legal.json,/mnt/d/WORK/96/flow_tap/resultEval/FM_result/pareto_weight_sweep_seed121_legal_only_format/Case10_thermal100_wirelength0_seed121.json,Case10_thermal100_wirelength0_seed121
Case10,48,121,100,0.2,ok,true,/mnt/d/WORK/96/flow_tap/LayoutGenModel/logs/output/cases_hubump/cases-hubump-pareto-Case10-t100-w0p2/seed_121/legalized/00_Case10_placement_legal_report.json,/mnt/d/WORK/96/flow_tap/LayoutGenModel/logs/output/cases_hubump/cases-hubump-pareto-Case10-t100-w0p2/seed_121/legalized/00_Case10_placement_legal.json,/mnt/d/WORK/96/flow_tap/resultEval/FM_result/pareto_weight_sweep_seed121_legal_only_format/Case10_thermal100_wirelength0p2_seed121.json,Case10_thermal100_wirelength0p2_seed121
Case10,47,121,100,0.02,ok,true,/mnt/d/WORK/96/flow_tap/LayoutGenModel/logs/output/cases_hubump/cases-hubump-pareto-Case10-t100-w0p02/seed_121/legalized/00_Case10_placement_legal_report.json,/mnt/d/WORK/96/flow_tap/LayoutGenModel/logs/output/cases_hubump/cases-hubump-pareto-Case10-t100-w0p02/seed_121/legalized/00_Case10_placement_legal.json,/mnt/d/WORK/96/flow_tap/resultEval/FM_result/pareto_weight_sweep_seed121_legal_only_format/Case10_thermal100_wirelength0p02_seed121.json,Case10_thermal100_wirelength0p02_seed121
Case10,49,121,100,2,ok,true,/mnt/d/WORK/96/flow_tap/LayoutGenModel/logs/output/cases_hubump/cases-hubump-pareto-Case10-t100-w2/seed_121/legalized/00_Case10_placement_legal_report.json,/mnt/d/WORK/96/flow_tap/LayoutGenModel/logs/output/cases_hubump/cases-hubump-pareto-Case10-t100-w2/seed_121/legalized/00_Case10_placement_legal.json,/mnt/d/WORK/96/flow_tap/resultEval/FM_result/pareto_weight_sweep_seed121_legal_only_format/Case10_thermal100_wirelength2_seed121.json,Case10_thermal100_wirelength2_seed121
Case10,50,121,100,50,ok,true,/mnt/d/WORK/96/flow_tap/LayoutGenModel/logs/output/cases_hubump/cases-hubump-pareto-Case10-t100-w50/seed_121/legalized/00_Case10_placement_legal_report.json,/mnt/d/WORK/96/flow_tap/LayoutGenModel/logs/output/cases_hubump/cases-hubump-pareto-Case10-t100-w50/seed_121/legalized/00_Case10_placement_legal.json,/mnt/d/WORK/96/flow_tap/resultEval/FM_result/pareto_weight_sweep_seed121_legal_only_format/Case10_thermal100_wirelength50_seed121.json,Case10_thermal100_wirelength50_seed121
Case6,1,121,0,0,ok,true,/mnt/d/WORK/96/flow_tap/LayoutGenModel/logs/output/cases_hubump/cases-hubump-pareto-Case6-t0-w0/seed_121/legalized/01_Case6_placement_legal_report.json,/mnt/d/WORK/96/flow_tap/LayoutGenModel/logs/output/cases_hubump/cases-hubump-pareto-Case6-t0-w0/seed_121/legalized/01_Case6_placement_legal.json,/mnt/d/WORK/96/flow_tap/resultEval/FM_result/pareto_weight_sweep_seed121_legal_only_format/Case6_thermal0_wirelength0_seed121.json,Case6_thermal0_wirelength0_seed121
Case6,2,121,0,0.02,ok,true,/mnt/d/WORK/96/flow_tap/LayoutGenModel/logs/output/cases_hubump/cases-hubump-pareto-Case6-t0-w0p02/seed_121/legalized/01_Case6_placement_legal_report.json,/mnt/d/WORK/96/flow_tap/LayoutGenModel/logs/output/cases_hubump/cases-hubump-pareto-Case6-t0-w0p02/seed_121/legalized/01_Case6_placement_legal.json,/mnt/d/WORK/96/flow_tap/resultEval/FM_result/pareto_weight_sweep_seed121_legal_only_format/Case6_thermal0_wirelength0p02_seed121.json,Case6_thermal0_wirelength0p02_seed121
Case6,3,121,0,0.2,ok,true,/mnt/d/WORK/96/flow_tap/LayoutGenModel/logs/output/cases_hubump/cases-hubump-pareto-Case6-t0-w0p2/seed_121/legalized/01_Case6_placement_legal_report.json,/mnt/d/WORK/96/flow_tap/LayoutGenModel/logs/output/cases_hubump/cases-hubump-pareto-Case6-t0-w0p2/seed_121/legalized/01_Case6_placement_legal.json,/mnt/d/WORK/96/flow_tap/resultEval/FM_result/pareto_weight_sweep_seed121_legal_only_format/Case6_thermal0_wirelength0p2_seed121.json,Case6_thermal0_wirelength0p2_seed121
Case6,4,121,0,2,ok,true,/mnt/d/WORK/96/flow_tap/LayoutGenModel/logs/output/cases_hubump/cases-hubump-pareto-Case6-t0-w2/seed_121/legalized/01_Case6_placement_legal_report.json,/mnt/d/WORK/96/flow_tap/LayoutGenModel/logs/output/cases_hubump/cases-hubump-pareto-Case6-t0-w2/seed_121/legalized/01_Case6_placement_legal.json,/mnt/d/WORK/96/flow_tap/resultEval/FM_result/pareto_weight_sweep_seed121_legal_only_format/Case6_thermal0_wirelength2_seed121.json,Case6_thermal0_wirelength2_seed121
Case6,5,121,0,50,ok,true,/mnt/d/WORK/96/flow_tap/LayoutGenModel/logs/output/cases_hubump/cases-hubump-pareto-Case6-t0-w50/seed_121/legalized/01_Case6_placement_legal_report.json,/mnt/d/WORK/96/flow_tap/LayoutGenModel/logs/output/cases_hubump/cases-hubump-pareto-Case6-t0-w50/seed_121/legalized/01_Case6_placement_legal.json,/mnt/d/WORK/96/flow_tap/resultEval/FM_result/pareto_weight_sweep_seed121_legal_only_format/Case6_thermal0_wirelength50_seed121.json,Case6_thermal0_wirelength50_seed121
Case6,6,121,0.01,0,ok,true,/mnt/d/WORK/96/flow_tap/LayoutGenModel/logs/output/cases_hubump/cases-hubump-pareto-Case6-t0p01-w0/seed_121/legalized/01_Case6_placement_legal_report.json,/mnt/d/WORK/96/flow_tap/LayoutGenModel/logs/output/cases_hubump/cases-hubump-pareto-Case6-t0p01-w0/seed_121/legalized/01_Case6_placement_legal.json,/mnt/d/WORK/96/flow_tap/resultEval/FM_result/pareto_weight_sweep_seed121_legal_only_format/Case6_thermal0p01_wirelength0_seed121.json,Case6_thermal0p01_wirelength0_seed121
Case6,7,121,0.01,0.02,ok,true,/mnt/d/WORK/96/flow_tap/LayoutGenModel/logs/output/cases_hubump/cases-hubump-pareto-Case6-t0p01-w0p02/seed_121/legalized/01_Case6_placement_legal_report.json,/mnt/d/WORK/96/flow_tap/LayoutGenModel/logs/output/cases_hubump/cases-hubump-pareto-Case6-t0p01-w0p02/seed_121/legalized/01_Case6_placement_legal.json,/mnt/d/WORK/96/flow_tap/resultEval/FM_result/pareto_weight_sweep_seed121_legal_only_format/Case6_thermal0p01_wirelength0p02_seed121.json,Case6_thermal0p01_wirelength0p02_seed121
Case6,8,121,0.01,0.2,ok,true,/mnt/d/WORK/96/flow_tap/LayoutGenModel/logs/output/cases_hubump/cases-hubump-pareto-Case6-t0p01-w0p2/seed_121/legalized/01_Case6_placement_legal_report.json,/mnt/d/WORK/96/flow_tap/LayoutGenModel/logs/output/cases_hubump/cases-hubump-pareto-Case6-t0p01-w0p2/seed_121/legalized/01_Case6_placement_legal.json,/mnt/d/WORK/96/flow_tap/resultEval/FM_result/pareto_weight_sweep_seed121_legal_only_format/Case6_thermal0p01_wirelength0p2_seed121.json,Case6_thermal0p01_wirelength0p2_seed121
Case6,9,121,0.01,2,ok,true,/mnt/d/WORK/96/flow_tap/LayoutGenModel/logs/output/cases_hubump/cases-hubump-pareto-Case6-t0p01-w2/seed_121/legalized/01_Case6_placement_legal_report.json,/mnt/d/WORK/96/flow_tap/LayoutGenModel/logs/output/cases_hubump/cases-hubump-pareto-Case6-t0p01-w2/seed_121/legalized/01_Case6_placement_legal.json,/mnt/d/WORK/96/flow_tap/resultEval/FM_result/pareto_weight_sweep_seed121_legal_only_format/Case6_thermal0p01_wirelength2_seed121.json,Case6_thermal0p01_wirelength2_seed121
Case6,11,121,0.03,0,ok,true,/mnt/d/WORK/96/flow_tap/LayoutGenModel/logs/output/cases_hubump/cases-hubump-pareto-Case6-t0p03-w0/seed_121/legalized/01_Case6_placement_legal_report.json,/mnt/d/WORK/96/flow_tap/LayoutGenModel/logs/output/cases_hubump/cases-hubump-pareto-Case6-t0p03-w0/seed_121/legalized/01_Case6_placement_legal.json,/mnt/d/WORK/96/flow_tap/resultEval/FM_result/pareto_weight_sweep_seed121_legal_only_format/Case6_thermal0p03_wirelength0_seed121.json,Case6_thermal0p03_wirelength0_seed121
Case6,12,121,0.03,0.02,ok,true,/mnt/d/WORK/96/flow_tap/LayoutGenModel/logs/output/cases_hubump/cases-hubump-pareto-Case6-t0p03-w0p02/seed_121/legalized/01_Case6_placement_legal_report.json,/mnt/d/WORK/96/flow_tap/LayoutGenModel/logs/output/cases_hubump/cases-hubump-pareto-Case6-t0p03-w0p02/seed_121/legalized/01_Case6_placement_legal.json,/mnt/d/WORK/96/flow_tap/resultEval/FM_result/pareto_weight_sweep_seed121_legal_only_format/Case6_thermal0p03_wirelength0p02_seed121.json,Case6_thermal0p03_wirelength0p02_seed121
Case6,13,121,0.03,0.2,ok,true,/mnt/d/WORK/96/flow_tap/LayoutGenModel/logs/output/cases_hubump/cases-hubump-pareto-Case6-t0p03-w0p2/seed_121/legalized/01_Case6_placement_legal_report.json,/mnt/d/WORK/96/flow_tap/LayoutGenModel/logs/output/cases_hubump/cases-hubump-pareto-Case6-t0p03-w0p2/seed_121/legalized/01_Case6_placement_legal.json,/mnt/d/WORK/96/flow_tap/resultEval/FM_result/pareto_weight_sweep_seed121_legal_only_format/Case6_thermal0p03_wirelength0p2_seed121.json,Case6_thermal0p03_wirelength0p2_seed121
Case6,14,121,0.03,2,ok,true,/mnt/d/WORK/96/flow_tap/LayoutGenModel/logs/output/cases_hubump/cases-hubump-pareto-Case6-t0p03-w2/seed_121/legalized/01_Case6_placement_legal_report.json,/mnt/d/WORK/96/flow_tap/LayoutGenModel/logs/output/cases_hubump/cases-hubump-pareto-Case6-t0p03-w2/seed_121/legalized/01_Case6_placement_legal.json,/mnt/d/WORK/96/flow_tap/resultEval/FM_result/pareto_weight_sweep_seed121_legal_only_format/Case6_thermal0p03_wirelength2_seed121.json,Case6_thermal0p03_wirelength2_seed121
Case6,16,121,0.1,0,ok,true,/mnt/d/WORK/96/flow_tap/LayoutGenModel/logs/output/cases_hubump/cases-hubump-pareto-Case6-t0p1-w0/seed_121/legalized/01_Case6_placement_legal_report.json,/mnt/d/WORK/96/flow_tap/LayoutGenModel/logs/output/cases_hubump/cases-hubump-pareto-Case6-t0p1-w0/seed_121/legalized/01_Case6_placement_legal.json,/mnt/d/WORK/96/flow_tap/resultEval/FM_result/pareto_weight_sweep_seed121_legal_only_format/Case6_thermal0p1_wirelength0_seed121.json,Case6_thermal0p1_wirelength0_seed121
Case6,17,121,0.1,0.02,ok,true,/mnt/d/WORK/96/flow_tap/LayoutGenModel/logs/output/cases_hubump/cases-hubump-pareto-Case6-t0p1-w0p02/seed_121/legalized/01_Case6_placement_legal_report.json,/mnt/d/WORK/96/flow_tap/LayoutGenModel/logs/output/cases_hubump/cases-hubump-pareto-Case6-t0p1-w0p02/seed_121/legalized/01_Case6_placement_legal.json,/mnt/d/WORK/96/flow_tap/resultEval/FM_result/pareto_weight_sweep_seed121_legal_only_format/Case6_thermal0p1_wirelength0p02_seed121.json,Case6_thermal0p1_wirelength0p02_seed121
Case6,18,121,0.1,0.2,ok,true,/mnt/d/WORK/96/flow_tap/LayoutGenModel/logs/output/cases_hubump/cases-hubump-pareto-Case6-t0p1-w0p2/seed_121/legalized/01_Case6_placement_legal_report.json,/mnt/d/WORK/96/flow_tap/LayoutGenModel/logs/output/cases_hubump/cases-hubump-pareto-Case6-t0p1-w0p2/seed_121/legalized/01_Case6_placement_legal.json,/mnt/d/WORK/96/flow_tap/resultEval/FM_result/pareto_weight_sweep_seed121_legal_only_format/Case6_thermal0p1_wirelength0p2_seed121.json,Case6_thermal0p1_wirelength0p2_seed121
Case6,19,121,0.1,2,ok,true,/mnt/d/WORK/96/flow_tap/LayoutGenModel/logs/output/cases_hubump/cases-hubump-pareto-Case6-t0p1-w2/seed_121/legalized/01_Case6_placement_legal_report.json,/mnt/d/WORK/96/flow_tap/LayoutGenModel/logs/output/cases_hubump/cases-hubump-pareto-Case6-t0p1-w2/seed_121/legalized/01_Case6_placement_legal.json,/mnt/d/WORK/96/flow_tap/resultEval/FM_result/pareto_weight_sweep_seed121_legal_only_format/Case6_thermal0p1_wirelength2_seed121.json,Case6_thermal0p1_wirelength2_seed121
Case6,20,121,0.1,50,ok,true,/mnt/d/WORK/96/flow_tap/LayoutGenModel/logs/output/cases_hubump/cases-hubump-pareto-Case6-t0p1-w50/seed_121/legalized/01_Case6_placement_legal_report.json,/mnt/d/WORK/96/flow_tap/LayoutGenModel/logs/output/cases_hubump/cases-hubump-pareto-Case6-t0p1-w50/seed_121/legalized/01_Case6_placement_legal.json,/mnt/d/WORK/96/flow_tap/resultEval/FM_result/pareto_weight_sweep_seed121_legal_only_format/Case6_thermal0p1_wirelength50_seed121.json,Case6_thermal0p1_wirelength50_seed121
Case6,21,121,0.3,0,ok,true,/mnt/d/WORK/96/flow_tap/LayoutGenModel/logs/output/cases_hubump/cases-hubump-pareto-Case6-t0p3-w0/seed_121/legalized/01_Case6_placement_legal_report.json,/mnt/d/WORK/96/flow_tap/LayoutGenModel/logs/output/cases_hubump/cases-hubump-pareto-Case6-t0p3-w0/seed_121/legalized/01_Case6_placement_legal.json,/mnt/d/WORK/96/flow_tap/resultEval/FM_result/pareto_weight_sweep_seed121_legal_only_format/Case6_thermal0p3_wirelength0_seed121.json,Case6_thermal0p3_wirelength0_seed121
Case6,22,121,0.3,0.02,ok,true,/mnt/d/WORK/96/flow_tap/LayoutGenModel/logs/output/cases_hubump/cases-hubump-pareto-Case6-t0p3-w0p02/seed_121/legalized/01_Case6_placement_legal_report.json,/mnt/d/WORK/96/flow_tap/LayoutGenModel/logs/output/cases_hubump/cases-hubump-pareto-Case6-t0p3-w0p02/seed_121/legalized/01_Case6_placement_legal.json,/mnt/d/WORK/96/flow_tap/resultEval/FM_result/pareto_weight_sweep_seed121_legal_only_format/Case6_thermal0p3_wirelength0p02_seed121.json,Case6_thermal0p3_wirelength0p02_seed121
Case6,23,121,0.3,0.2,ok,true,/mnt/d/WORK/96/flow_tap/LayoutGenModel/logs/output/cases_hubump/cases-hubump-pareto-Case6-t0p3-w0p2/seed_121/legalized/01_Case6_placement_legal_report.json,/mnt/d/WORK/96/flow_tap/LayoutGenModel/logs/output/cases_hubump/cases-hubump-pareto-Case6-t0p3-w0p2/seed_121/legalized/01_Case6_placement_legal.json,/mnt/d/WORK/96/flow_tap/resultEval/FM_result/pareto_weight_sweep_seed121_legal_only_format/Case6_thermal0p3_wirelength0p2_seed121.json,Case6_thermal0p3_wirelength0p2_seed121
Case6,24,121,0.3,2,ok,true,/mnt/d/WORK/96/flow_tap/LayoutGenModel/logs/output/cases_hubump/cases-hubump-pareto-Case6-t0p3-w2/seed_121/legalized/01_Case6_placement_legal_report.json,/mnt/d/WORK/96/flow_tap/LayoutGenModel/logs/output/cases_hubump/cases-hubump-pareto-Case6-t0p3-w2/seed_121/legalized/01_Case6_placement_legal.json,/mnt/d/WORK/96/flow_tap/resultEval/FM_result/pareto_weight_sweep_seed121_legal_only_format/Case6_thermal0p3_wirelength2_seed121.json,Case6_thermal0p3_wirelength2_seed121
Case6,26,121,1,0,ok,true,/mnt/d/WORK/96/flow_tap/LayoutGenModel/logs/output/cases_hubump/cases-hubump-pareto-Case6-t1-w0/seed_121/legalized/01_Case6_placement_legal_report.json,/mnt/d/WORK/96/flow_tap/LayoutGenModel/logs/output/cases_hubump/cases-hubump-pareto-Case6-t1-w0/seed_121/legalized/01_Case6_placement_legal.json,/mnt/d/WORK/96/flow_tap/resultEval/FM_result/pareto_weight_sweep_seed121_legal_only_format/Case6_thermal1_wirelength0_seed121.json,Case6_thermal1_wirelength0_seed121
Case6,27,121,1,0.02,ok,true,/mnt/d/WORK/96/flow_tap/LayoutGenModel/logs/output/cases_hubump/cases-hubump-pareto-Case6-t1-w0p02/seed_121/legalized/01_Case6_placement_legal_report.json,/mnt/d/WORK/96/flow_tap/LayoutGenModel/logs/output/cases_hubump/cases-hubump-pareto-Case6-t1-w0p02/seed_121/legalized/01_Case6_placement_legal.json,/mnt/d/WORK/96/flow_tap/resultEval/FM_result/pareto_weight_sweep_seed121_legal_only_format/Case6_thermal1_wirelength0p02_seed121.json,Case6_thermal1_wirelength0p02_seed121
Case6,28,121,1,0.2,ok,true,/mnt/d/WORK/96/flow_tap/LayoutGenModel/logs/output/cases_hubump/cases-hubump-pareto-Case6-t1-w0p2/seed_121/legalized/01_Case6_placement_legal_report.json,/mnt/d/WORK/96/flow_tap/LayoutGenModel/logs/output/cases_hubump/cases-hubump-pareto-Case6-t1-w0p2/seed_121/legalized/01_Case6_placement_legal.json,/mnt/d/WORK/96/flow_tap/resultEval/FM_result/pareto_weight_sweep_seed121_legal_only_format/Case6_thermal1_wirelength0p2_seed121.json,Case6_thermal1_wirelength0p2_seed121
Case6,31,121,3,0,ok,true,/mnt/d/WORK/96/flow_tap/LayoutGenModel/logs/output/cases_hubump/cases-hubump-pareto-Case6-t3-w0/seed_121/legalized/01_Case6_placement_legal_report.json,/mnt/d/WORK/96/flow_tap/LayoutGenModel/logs/output/cases_hubump/cases-hubump-pareto-Case6-t3-w0/seed_121/legalized/01_Case6_placement_legal.json,/mnt/d/WORK/96/flow_tap/resultEval/FM_result/pareto_weight_sweep_seed121_legal_only_format/Case6_thermal3_wirelength0_seed121.json,Case6_thermal3_wirelength0_seed121
Case6,32,121,3,0.02,ok,true,/mnt/d/WORK/96/flow_tap/LayoutGenModel/logs/output/cases_hubump/cases-hubump-pareto-Case6-t3-w0p02/seed_121/legalized/01_Case6_placement_legal_report.json,/mnt/d/WORK/96/flow_tap/LayoutGenModel/logs/output/cases_hubump/cases-hubump-pareto-Case6-t3-w0p02/seed_121/legalized/01_Case6_placement_legal.json,/mnt/d/WORK/96/flow_tap/resultEval/FM_result/pareto_weight_sweep_seed121_legal_only_format/Case6_thermal3_wirelength0p02_seed121.json,Case6_thermal3_wirelength0p02_seed121
Case6,33,121,3,0.2,ok,true,/mnt/d/WORK/96/flow_tap/LayoutGenModel/logs/output/cases_hubump/cases-hubump-pareto-Case6-t3-w0p2/seed_121/legalized/01_Case6_placement_legal_report.json,/mnt/d/WORK/96/flow_tap/LayoutGenModel/logs/output/cases_hubump/cases-hubump-pareto-Case6-t3-w0p2/seed_121/legalized/01_Case6_placement_legal.json,/mnt/d/WORK/96/flow_tap/resultEval/FM_result/pareto_weight_sweep_seed121_legal_only_format/Case6_thermal3_wirelength0p2_seed121.json,Case6_thermal3_wirelength0p2_seed121
Case6,34,121,3,2,ok,true,/mnt/d/WORK/96/flow_tap/LayoutGenModel/logs/output/cases_hubump/cases-hubump-pareto-Case6-t3-w2/seed_121/legalized/01_Case6_placement_legal_report.json,/mnt/d/WORK/96/flow_tap/LayoutGenModel/logs/output/cases_hubump/cases-hubump-pareto-Case6-t3-w2/seed_121/legalized/01_Case6_placement_legal.json,/mnt/d/WORK/96/flow_tap/resultEval/FM_result/pareto_weight_sweep_seed121_legal_only_format/Case6_thermal3_wirelength2_seed121.json,Case6_thermal3_wirelength2_seed121
Case6,37,121,10,0.02,ok,true,/mnt/d/WORK/96/flow_tap/LayoutGenModel/logs/output/cases_hubump/cases-hubump-pareto-Case6-t10-w0p02/seed_121/legalized/01_Case6_placement_legal_report.json,/mnt/d/WORK/96/flow_tap/LayoutGenModel/logs/output/cases_hubump/cases-hubump-pareto-Case6-t10-w0p02/seed_121/legalized/01_Case6_placement_legal.json,/mnt/d/WORK/96/flow_tap/resultEval/FM_result/pareto_weight_sweep_seed121_legal_only_format/Case6_thermal10_wirelength0p02_seed121.json,Case6_thermal10_wirelength0p02_seed121
Case6,36,121,10,0,ok,true,/mnt/d/WORK/96/flow_tap/LayoutGenModel/logs/output/cases_hubump/cases-hubump-pareto-Case6-t10-w0/seed_121/legalized/01_Case6_placement_legal_report.json,/mnt/d/WORK/96/flow_tap/LayoutGenModel/logs/output/cases_hubump/cases-hubump-pareto-Case6-t10-w0/seed_121/legalized/01_Case6_placement_legal.json,/mnt/d/WORK/96/flow_tap/resultEval/FM_result/pareto_weight_sweep_seed121_legal_only_format/Case6_thermal10_wirelength0_seed121.json,Case6_thermal10_wirelength0_seed121
Case6,38,121,10,0.2,ok,true,/mnt/d/WORK/96/flow_tap/LayoutGenModel/logs/output/cases_hubump/cases-hubump-pareto-Case6-t10-w0p2/seed_121/legalized/01_Case6_placement_legal_report.json,/mnt/d/WORK/96/flow_tap/LayoutGenModel/logs/output/cases_hubump/cases-hubump-pareto-Case6-t10-w0p2/seed_121/legalized/01_Case6_placement_legal.json,/mnt/d/WORK/96/flow_tap/resultEval/FM_result/pareto_weight_sweep_seed121_legal_only_format/Case6_thermal10_wirelength0p2_seed121.json,Case6_thermal10_wirelength0p2_seed121
Case6,39,121,10,2,ok,true,/mnt/d/WORK/96/flow_tap/LayoutGenModel/logs/output/cases_hubump/cases-hubump-pareto-Case6-t10-w2/seed_121/legalized/01_Case6_placement_legal_report.json,/mnt/d/WORK/96/flow_tap/LayoutGenModel/logs/output/cases_hubump/cases-hubump-pareto-Case6-t10-w2/seed_121/legalized/01_Case6_placement_legal.json,/mnt/d/WORK/96/flow_tap/resultEval/FM_result/pareto_weight_sweep_seed121_legal_only_format/Case6_thermal10_wirelength2_seed121.json,Case6_thermal10_wirelength2_seed121
Case6,40,121,10,50,ok,true,/mnt/d/WORK/96/flow_tap/LayoutGenModel/logs/output/cases_hubump/cases-hubump-pareto-Case6-t10-w50/seed_121/legalized/01_Case6_placement_legal_report.json,/mnt/d/WORK/96/flow_tap/LayoutGenModel/logs/output/cases_hubump/cases-hubump-pareto-Case6-t10-w50/seed_121/legalized/01_Case6_placement_legal.json,/mnt/d/WORK/96/flow_tap/resultEval/FM_result/pareto_weight_sweep_seed121_legal_only_format/Case6_thermal10_wirelength50_seed121.json,Case6_thermal10_wirelength50_seed121
Case6,41,121,30,0,ok,true,/mnt/d/WORK/96/flow_tap/LayoutGenModel/logs/output/cases_hubump/cases-hubump-pareto-Case6-t30-w0/seed_121/legalized/01_Case6_placement_legal_report.json,/mnt/d/WORK/96/flow_tap/LayoutGenModel/logs/output/cases_hubump/cases-hubump-pareto-Case6-t30-w0/seed_121/legalized/01_Case6_placement_legal.json,/mnt/d/WORK/96/flow_tap/resultEval/FM_result/pareto_weight_sweep_seed121_legal_only_format/Case6_thermal30_wirelength0_seed121.json,Case6_thermal30_wirelength0_seed121
Case6,42,121,30,0.02,ok,true,/mnt/d/WORK/96/flow_tap/LayoutGenModel/logs/output/cases_hubump/cases-hubump-pareto-Case6-t30-w0p02/seed_121/legalized/01_Case6_placement_legal_report.json,/mnt/d/WORK/96/flow_tap/LayoutGenModel/logs/output/cases_hubump/cases-hubump-pareto-Case6-t30-w0p02/seed_121/legalized/01_Case6_placement_legal.json,/mnt/d/WORK/96/flow_tap/resultEval/FM_result/pareto_weight_sweep_seed121_legal_only_format/Case6_thermal30_wirelength0p02_seed121.json,Case6_thermal30_wirelength0p02_seed121
Case6,43,121,30,0.2,ok,true,/mnt/d/WORK/96/flow_tap/LayoutGenModel/logs/output/cases_hubump/cases-hubump-pareto-Case6-t30-w0p2/seed_121/legalized/01_Case6_placement_legal_report.json,/mnt/d/WORK/96/flow_tap/LayoutGenModel/logs/output/cases_hubump/cases-hubump-pareto-Case6-t30-w0p2/seed_121/legalized/01_Case6_placement_legal.json,/mnt/d/WORK/96/flow_tap/resultEval/FM_result/pareto_weight_sweep_seed121_legal_only_format/Case6_thermal30_wirelength0p2_seed121.json,Case6_thermal30_wirelength0p2_seed121
Case6,46,121,100,0,ok,true,/mnt/d/WORK/96/flow_tap/LayoutGenModel/logs/output/cases_hubump/cases-hubump-pareto-Case6-t100-w0/seed_121/legalized/01_Case6_placement_legal_report.json,/mnt/d/WORK/96/flow_tap/LayoutGenModel/logs/output/cases_hubump/cases-hubump-pareto-Case6-t100-w0/seed_121/legalized/01_Case6_placement_legal.json,/mnt/d/WORK/96/flow_tap/resultEval/FM_result/pareto_weight_sweep_seed121_legal_only_format/Case6_thermal100_wirelength0_seed121.json,Case6_thermal100_wirelength0_seed121
Case6,47,121,100,0.02,ok,true,/mnt/d/WORK/96/flow_tap/LayoutGenModel/logs/output/cases_hubump/cases-hubump-pareto-Case6-t100-w0p02/seed_121/legalized/01_Case6_placement_legal_report.json,/mnt/d/WORK/96/flow_tap/LayoutGenModel/logs/output/cases_hubump/cases-hubump-pareto-Case6-t100-w0p02/seed_121/legalized/01_Case6_placement_legal.json,/mnt/d/WORK/96/flow_tap/resultEval/FM_result/pareto_weight_sweep_seed121_legal_only_format/Case6_thermal100_wirelength0p02_seed121.json,Case6_thermal100_wirelength0p02_seed121
Case6,48,121,100,0.2,ok,true,/mnt/d/WORK/96/flow_tap/LayoutGenModel/logs/output/cases_hubump/cases-hubump-pareto-Case6-t100-w0p2/seed_121/legalized/01_Case6_placement_legal_report.json,/mnt/d/WORK/96/flow_tap/LayoutGenModel/logs/output/cases_hubump/cases-hubump-pareto-Case6-t100-w0p2/seed_121/legalized/01_Case6_placement_legal.json,/mnt/d/WORK/96/flow_tap/resultEval/FM_result/pareto_weight_sweep_seed121_legal_only_format/Case6_thermal100_wirelength0p2_seed121.json,Case6_thermal100_wirelength0p2_seed121
Case6,50,121,100,50,ok,true,/mnt/d/WORK/96/flow_tap/LayoutGenModel/logs/output/cases_hubump/cases-hubump-pareto-Case6-t100-w50/seed_121/legalized/01_Case6_placement_legal_report.json,/mnt/d/WORK/96/flow_tap/LayoutGenModel/logs/output/cases_hubump/cases-hubump-pareto-Case6-t100-w50/seed_121/legalized/01_Case6_placement_legal.json,/mnt/d/WORK/96/flow_tap/resultEval/FM_result/pareto_weight_sweep_seed121_legal_only_format/Case6_thermal100_wirelength50_seed121.json,Case6_thermal100_wirelength50_seed121
Case7,1,121,0,0,ok,true,/mnt/d/WORK/96/flow_tap/LayoutGenModel/logs/output/cases_hubump/cases-hubump-pareto-Case7-t0-w0/seed_121/legalized/02_Case7_placement_legal_report.json,/mnt/d/WORK/96/flow_tap/LayoutGenModel/logs/output/cases_hubump/cases-hubump-pareto-Case7-t0-w0/seed_121/legalized/02_Case7_placement_legal.json,/mnt/d/WORK/96/flow_tap/resultEval/FM_result/pareto_weight_sweep_seed121_legal_only_format/Case7_thermal0_wirelength0_seed121.json,Case7_thermal0_wirelength0_seed121
Case7,2,121,0,0.02,ok,true,/mnt/d/WORK/96/flow_tap/LayoutGenModel/logs/output/cases_hubump/cases-hubump-pareto-Case7-t0-w0p02/seed_121/legalized/02_Case7_placement_legal_report.json,/mnt/d/WORK/96/flow_tap/LayoutGenModel/logs/output/cases_hubump/cases-hubump-pareto-Case7-t0-w0p02/seed_121/legalized/02_Case7_placement_legal.json,/mnt/d/WORK/96/flow_tap/resultEval/FM_result/pareto_weight_sweep_seed121_legal_only_format/Case7_thermal0_wirelength0p02_seed121.json,Case7_thermal0_wirelength0p02_seed121
Case7,3,121,0,0.2,ok,true,/mnt/d/WORK/96/flow_tap/LayoutGenModel/logs/output/cases_hubump/cases-hubump-pareto-Case7-t0-w0p2/seed_121/legalized/02_Case7_placement_legal_report.json,/mnt/d/WORK/96/flow_tap/LayoutGenModel/logs/output/cases_hubump/cases-hubump-pareto-Case7-t0-w0p2/seed_121/legalized/02_Case7_placement_legal.json,/mnt/d/WORK/96/flow_tap/resultEval/FM_result/pareto_weight_sweep_seed121_legal_only_format/Case7_thermal0_wirelength0p2_seed121.json,Case7_thermal0_wirelength0p2_seed121
Case7,6,121,0.01,0,ok,true,/mnt/d/WORK/96/flow_tap/LayoutGenModel/logs/output/cases_hubump/cases-hubump-pareto-Case7-t0p01-w0/seed_121/legalized/02_Case7_placement_legal_report.json,/mnt/d/WORK/96/flow_tap/LayoutGenModel/logs/output/cases_hubump/cases-hubump-pareto-Case7-t0p01-w0/seed_121/legalized/02_Case7_placement_legal.json,/mnt/d/WORK/96/flow_tap/resultEval/FM_result/pareto_weight_sweep_seed121_legal_only_format/Case7_thermal0p01_wirelength0_seed121.json,Case7_thermal0p01_wirelength0_seed121
Case7,7,121,0.01,0.02,ok,true,/mnt/d/WORK/96/flow_tap/LayoutGenModel/logs/output/cases_hubump/cases-hubump-pareto-Case7-t0p01-w0p02/seed_121/legalized/02_Case7_placement_legal_report.json,/mnt/d/WORK/96/flow_tap/LayoutGenModel/logs/output/cases_hubump/cases-hubump-pareto-Case7-t0p01-w0p02/seed_121/legalized/02_Case7_placement_legal.json,/mnt/d/WORK/96/flow_tap/resultEval/FM_result/pareto_weight_sweep_seed121_legal_only_format/Case7_thermal0p01_wirelength0p02_seed121.json,Case7_thermal0p01_wirelength0p02_seed121
Case7,8,121,0.01,0.2,ok,true,/mnt/d/WORK/96/flow_tap/LayoutGenModel/logs/output/cases_hubump/cases-hubump-pareto-Case7-t0p01-w0p2/seed_121/legalized/02_Case7_placement_legal_report.json,/mnt/d/WORK/96/flow_tap/LayoutGenModel/logs/output/cases_hubump/cases-hubump-pareto-Case7-t0p01-w0p2/seed_121/legalized/02_Case7_placement_legal.json,/mnt/d/WORK/96/flow_tap/resultEval/FM_result/pareto_weight_sweep_seed121_legal_only_format/Case7_thermal0p01_wirelength0p2_seed121.json,Case7_thermal0p01_wirelength0p2_seed121
Case7,11,121,0.03,0,ok,true,/mnt/d/WORK/96/flow_tap/LayoutGenModel/logs/output/cases_hubump/cases-hubump-pareto-Case7-t0p03-w0/seed_121/legalized/02_Case7_placement_legal_report.json,/mnt/d/WORK/96/flow_tap/LayoutGenModel/logs/output/cases_hubump/cases-hubump-pareto-Case7-t0p03-w0/seed_121/legalized/02_Case7_placement_legal.json,/mnt/d/WORK/96/flow_tap/resultEval/FM_result/pareto_weight_sweep_seed121_legal_only_format/Case7_thermal0p03_wirelength0_seed121.json,Case7_thermal0p03_wirelength0_seed121
Case7,13,121,0.03,0.2,ok,true,/mnt/d/WORK/96/flow_tap/LayoutGenModel/logs/output/cases_hubump/cases-hubump-pareto-Case7-t0p03-w0p2/seed_121/legalized/02_Case7_placement_legal_report.json,/mnt/d/WORK/96/flow_tap/LayoutGenModel/logs/output/cases_hubump/cases-hubump-pareto-Case7-t0p03-w0p2/seed_121/legalized/02_Case7_placement_legal.json,/mnt/d/WORK/96/flow_tap/resultEval/FM_result/pareto_weight_sweep_seed121_legal_only_format/Case7_thermal0p03_wirelength0p2_seed121.json,Case7_thermal0p03_wirelength0p2_seed121
Case7,12,121,0.03,0.02,ok,true,/mnt/d/WORK/96/flow_tap/LayoutGenModel/logs/output/cases_hubump/cases-hubump-pareto-Case7-t0p03-w0p02/seed_121/legalized/02_Case7_placement_legal_report.json,/mnt/d/WORK/96/flow_tap/LayoutGenModel/logs/output/cases_hubump/cases-hubump-pareto-Case7-t0p03-w0p02/seed_121/legalized/02_Case7_placement_legal.json,/mnt/d/WORK/96/flow_tap/resultEval/FM_result/pareto_weight_sweep_seed121_legal_only_format/Case7_thermal0p03_wirelength0p02_seed121.json,Case7_thermal0p03_wirelength0p02_seed121
Case7,14,121,0.03,2,ok,true,/mnt/d/WORK/96/flow_tap/LayoutGenModel/logs/output/cases_hubump/cases-hubump-pareto-Case7-t0p03-w2/seed_121/legalized/02_Case7_placement_legal_report.json,/mnt/d/WORK/96/flow_tap/LayoutGenModel/logs/output/cases_hubump/cases-hubump-pareto-Case7-t0p03-w2/seed_121/legalized/02_Case7_placement_legal.json,/mnt/d/WORK/96/flow_tap/resultEval/FM_result/pareto_weight_sweep_seed121_legal_only_format/Case7_thermal0p03_wirelength2_seed121.json,Case7_thermal0p03_wirelength2_seed121
Case7,16,121,0.1,0,ok,true,/mnt/d/WORK/96/flow_tap/LayoutGenModel/logs/output/cases_hubump/cases-hubump-pareto-Case7-t0p1-w0/seed_121/legalized/02_Case7_placement_legal_report.json,/mnt/d/WORK/96/flow_tap/LayoutGenModel/logs/output/cases_hubump/cases-hubump-pareto-Case7-t0p1-w0/seed_121/legalized/02_Case7_placement_legal.json,/mnt/d/WORK/96/flow_tap/resultEval/FM_result/pareto_weight_sweep_seed121_legal_only_format/Case7_thermal0p1_wirelength0_seed121.json,Case7_thermal0p1_wirelength0_seed121
Case7,17,121,0.1,0.02,ok,true,/mnt/d/WORK/96/flow_tap/LayoutGenModel/logs/output/cases_hubump/cases-hubump-pareto-Case7-t0p1-w0p02/seed_121/legalized/02_Case7_placement_legal_report.json,/mnt/d/WORK/96/flow_tap/LayoutGenModel/logs/output/cases_hubump/cases-hubump-pareto-Case7-t0p1-w0p02/seed_121/legalized/02_Case7_placement_legal.json,/mnt/d/WORK/96/flow_tap/resultEval/FM_result/pareto_weight_sweep_seed121_legal_only_format/Case7_thermal0p1_wirelength0p02_seed121.json,Case7_thermal0p1_wirelength0p02_seed121
Case7,18,121,0.1,0.2,ok,true,/mnt/d/WORK/96/flow_tap/LayoutGenModel/logs/output/cases_hubump/cases-hubump-pareto-Case7-t0p1-w0p2/seed_121/legalized/02_Case7_placement_legal_report.json,/mnt/d/WORK/96/flow_tap/LayoutGenModel/logs/output/cases_hubump/cases-hubump-pareto-Case7-t0p1-w0p2/seed_121/legalized/02_Case7_placement_legal.json,/mnt/d/WORK/96/flow_tap/resultEval/FM_result/pareto_weight_sweep_seed121_legal_only_format/Case7_thermal0p1_wirelength0p2_seed121.json,Case7_thermal0p1_wirelength0p2_seed121
Case7,21,121,0.3,0,ok,true,/mnt/d/WORK/96/flow_tap/LayoutGenModel/logs/output/cases_hubump/cases-hubump-pareto-Case7-t0p3-w0/seed_121/legalized/02_Case7_placement_legal_report.json,/mnt/d/WORK/96/flow_tap/LayoutGenModel/logs/output/cases_hubump/cases-hubump-pareto-Case7-t0p3-w0/seed_121/legalized/02_Case7_placement_legal.json,/mnt/d/WORK/96/flow_tap/resultEval/FM_result/pareto_weight_sweep_seed121_legal_only_format/Case7_thermal0p3_wirelength0_seed121.json,Case7_thermal0p3_wirelength0_seed121
Case7,22,121,0.3,0.02,ok,true,/mnt/d/WORK/96/flow_tap/LayoutGenModel/logs/output/cases_hubump/cases-hubump-pareto-Case7-t0p3-w0p02/seed_121/legalized/02_Case7_placement_legal_report.json,/mnt/d/WORK/96/flow_tap/LayoutGenModel/logs/output/cases_hubump/cases-hubump-pareto-Case7-t0p3-w0p02/seed_121/legalized/02_Case7_placement_legal.json,/mnt/d/WORK/96/flow_tap/resultEval/FM_result/pareto_weight_sweep_seed121_legal_only_format/Case7_thermal0p3_wirelength0p02_seed121.json,Case7_thermal0p3_wirelength0p02_seed121
Case7,23,121,0.3,0.2,ok,true,/mnt/d/WORK/96/flow_tap/LayoutGenModel/logs/output/cases_hubump/cases-hubump-pareto-Case7-t0p3-w0p2/seed_121/legalized/02_Case7_placement_legal_report.json,/mnt/d/WORK/96/flow_tap/LayoutGenModel/logs/output/cases_hubump/cases-hubump-pareto-Case7-t0p3-w0p2/seed_121/legalized/02_Case7_placement_legal.json,/mnt/d/WORK/96/flow_tap/resultEval/FM_result/pareto_weight_sweep_seed121_legal_only_format/Case7_thermal0p3_wirelength0p2_seed121.json,Case7_thermal0p3_wirelength0p2_seed121
Case7,25,121,0.3,50,ok,true,/mnt/d/WORK/96/flow_tap/LayoutGenModel/logs/output/cases_hubump/cases-hubump-pareto-Case7-t0p3-w50/seed_121/legalized/02_Case7_placement_legal_report.json,/mnt/d/WORK/96/flow_tap/LayoutGenModel/logs/output/cases_hubump/cases-hubump-pareto-Case7-t0p3-w50/seed_121/legalized/02_Case7_placement_legal.json,/mnt/d/WORK/96/flow_tap/resultEval/FM_result/pareto_weight_sweep_seed121_legal_only_format/Case7_thermal0p3_wirelength50_seed121.json,Case7_thermal0p3_wirelength50_seed121
Case7,26,121,1,0,ok,true,/mnt/d/WORK/96/flow_tap/LayoutGenModel/logs/output/cases_hubump/cases-hubump-pareto-Case7-t1-w0/seed_121/legalized/02_Case7_placement_legal_report.json,/mnt/d/WORK/96/flow_tap/LayoutGenModel/logs/output/cases_hubump/cases-hubump-pareto-Case7-t1-w0/seed_121/legalized/02_Case7_placement_legal.json,/mnt/d/WORK/96/flow_tap/resultEval/FM_result/pareto_weight_sweep_seed121_legal_only_format/Case7_thermal1_wirelength0_seed121.json,Case7_thermal1_wirelength0_seed121
Case7,27,121,1,0.02,ok,true,/mnt/d/WORK/96/flow_tap/LayoutGenModel/logs/output/cases_hubump/cases-hubump-pareto-Case7-t1-w0p02/seed_121/legalized/02_Case7_placement_legal_report.json,/mnt/d/WORK/96/flow_tap/LayoutGenModel/logs/output/cases_hubump/cases-hubump-pareto-Case7-t1-w0p02/seed_121/legalized/02_Case7_placement_legal.json,/mnt/d/WORK/96/flow_tap/resultEval/FM_result/pareto_weight_sweep_seed121_legal_only_format/Case7_thermal1_wirelength0p02_seed121.json,Case7_thermal1_wirelength0p02_seed121
Case7,28,121,1,0.2,ok,true,/mnt/d/WORK/96/flow_tap/LayoutGenModel/logs/output/cases_hubump/cases-hubump-pareto-Case7-t1-w0p2/seed_121/legalized/02_Case7_placement_legal_report.json,/mnt/d/WORK/96/flow_tap/LayoutGenModel/logs/output/cases_hubump/cases-hubump-pareto-Case7-t1-w0p2/seed_121/legalized/02_Case7_placement_legal.json,/mnt/d/WORK/96/flow_tap/resultEval/FM_result/pareto_weight_sweep_seed121_legal_only_format/Case7_thermal1_wirelength0p2_seed121.json,Case7_thermal1_wirelength0p2_seed121
Case7,31,121,3,0,ok,true,/mnt/d/WORK/96/flow_tap/LayoutGenModel/logs/output/cases_hubump/cases-hubump-pareto-Case7-t3-w0/seed_121/legalized/02_Case7_placement_legal_report.json,/mnt/d/WORK/96/flow_tap/LayoutGenModel/logs/output/cases_hubump/cases-hubump-pareto-Case7-t3-w0/seed_121/legalized/02_Case7_placement_legal.json,/mnt/d/WORK/96/flow_tap/resultEval/FM_result/pareto_weight_sweep_seed121_legal_only_format/Case7_thermal3_wirelength0_seed121.json,Case7_thermal3_wirelength0_seed121
Case7,30,121,1,50,ok,true,/mnt/d/WORK/96/flow_tap/LayoutGenModel/logs/output/cases_hubump/cases-hubump-pareto-Case7-t1-w50/seed_121/legalized/02_Case7_placement_legal_report.json,/mnt/d/WORK/96/flow_tap/LayoutGenModel/logs/output/cases_hubump/cases-hubump-pareto-Case7-t1-w50/seed_121/legalized/02_Case7_placement_legal.json,/mnt/d/WORK/96/flow_tap/resultEval/FM_result/pareto_weight_sweep_seed121_legal_only_format/Case7_thermal1_wirelength50_seed121.json,Case7_thermal1_wirelength50_seed121
Case7,32,121,3,0.02,ok,true,/mnt/d/WORK/96/flow_tap/LayoutGenModel/logs/output/cases_hubump/cases-hubump-pareto-Case7-t3-w0p02/seed_121/legalized/02_Case7_placement_legal_report.json,/mnt/d/WORK/96/flow_tap/LayoutGenModel/logs/output/cases_hubump/cases-hubump-pareto-Case7-t3-w0p02/seed_121/legalized/02_Case7_placement_legal.json,/mnt/d/WORK/96/flow_tap/resultEval/FM_result/pareto_weight_sweep_seed121_legal_only_format/Case7_thermal3_wirelength0p02_seed121.json,Case7_thermal3_wirelength0p02_seed121
Case7,33,121,3,0.2,ok,true,/mnt/d/WORK/96/flow_tap/LayoutGenModel/logs/output/cases_hubump/cases-hubump-pareto-Case7-t3-w0p2/seed_121/legalized/02_Case7_placement_legal_report.json,/mnt/d/WORK/96/flow_tap/LayoutGenModel/logs/output/cases_hubump/cases-hubump-pareto-Case7-t3-w0p2/seed_121/legalized/02_Case7_placement_legal.json,/mnt/d/WORK/96/flow_tap/resultEval/FM_result/pareto_weight_sweep_seed121_legal_only_format/Case7_thermal3_wirelength0p2_seed121.json,Case7_thermal3_wirelength0p2_seed121
Case7,34,121,3,2,ok,true,/mnt/d/WORK/96/flow_tap/LayoutGenModel/logs/output/cases_hubump/cases-hubump-pareto-Case7-t3-w2/seed_121/legalized/02_Case7_placement_legal_report.json,/mnt/d/WORK/96/flow_tap/LayoutGenModel/logs/output/cases_hubump/cases-hubump-pareto-Case7-t3-w2/seed_121/legalized/02_Case7_placement_legal.json,/mnt/d/WORK/96/flow_tap/resultEval/FM_result/pareto_weight_sweep_seed121_legal_only_format/Case7_thermal3_wirelength2_seed121.json,Case7_thermal3_wirelength2_seed121
Case7,35,121,3,50,ok,true,/mnt/d/WORK/96/flow_tap/LayoutGenModel/logs/output/cases_hubump/cases-hubump-pareto-Case7-t3-w50/seed_121/legalized/02_Case7_placement_legal_report.json,/mnt/d/WORK/96/flow_tap/LayoutGenModel/logs/output/cases_hubump/cases-hubump-pareto-Case7-t3-w50/seed_121/legalized/02_Case7_placement_legal.json,/mnt/d/WORK/96/flow_tap/resultEval/FM_result/pareto_weight_sweep_seed121_legal_only_format/Case7_thermal3_wirelength50_seed121.json,Case7_thermal3_wirelength50_seed121
Case7,36,121,10,0,ok,true,/mnt/d/WORK/96/flow_tap/LayoutGenModel/logs/output/cases_hubump/cases-hubump-pareto-Case7-t10-w0/seed_121/legalized/02_Case7_placement_legal_report.json,/mnt/d/WORK/96/flow_tap/LayoutGenModel/logs/output/cases_hubump/cases-hubump-pareto-Case7-t10-w0/seed_121/legalized/02_Case7_placement_legal.json,/mnt/d/WORK/96/flow_tap/resultEval/FM_result/pareto_weight_sweep_seed121_legal_only_format/Case7_thermal10_wirelength0_seed121.json,Case7_thermal10_wirelength0_seed121
Case7,37,121,10,0.02,ok,true,/mnt/d/WORK/96/flow_tap/LayoutGenModel/logs/output/cases_hubump/cases-hubump-pareto-Case7-t10-w0p02/seed_121/legalized/02_Case7_placement_legal_report.json,/mnt/d/WORK/96/flow_tap/LayoutGenModel/logs/output/cases_hubump/cases-hubump-pareto-Case7-t10-w0p02/seed_121/legalized/02_Case7_placement_legal.json,/mnt/d/WORK/96/flow_tap/resultEval/FM_result/pareto_weight_sweep_seed121_legal_only_format/Case7_thermal10_wirelength0p02_seed121.json,Case7_thermal10_wirelength0p02_seed121
Case7,38,121,10,0.2,ok,true,/mnt/d/WORK/96/flow_tap/LayoutGenModel/logs/output/cases_hubump/cases-hubump-pareto-Case7-t10-w0p2/seed_121/legalized/02_Case7_placement_legal_report.json,/mnt/d/WORK/96/flow_tap/LayoutGenModel/logs/output/cases_hubump/cases-hubump-pareto-Case7-t10-w0p2/seed_121/legalized/02_Case7_placement_legal.json,/mnt/d/WORK/96/flow_tap/resultEval/FM_result/pareto_weight_sweep_seed121_legal_only_format/Case7_thermal10_wirelength0p2_seed121.json,Case7_thermal10_wirelength0p2_seed121
Case7,40,121,10,50,ok,true,/mnt/d/WORK/96/flow_tap/LayoutGenModel/logs/output/cases_hubump/cases-hubump-pareto-Case7-t10-w50/seed_121/legalized/02_Case7_placement_legal_report.json,/mnt/d/WORK/96/flow_tap/LayoutGenModel/logs/output/cases_hubump/cases-hubump-pareto-Case7-t10-w50/seed_121/legalized/02_Case7_placement_legal.json,/mnt/d/WORK/96/flow_tap/resultEval/FM_result/pareto_weight_sweep_seed121_legal_only_format/Case7_thermal10_wirelength50_seed121.json,Case7_thermal10_wirelength50_seed121
Case7,41,121,30,0,ok,true,/mnt/d/WORK/96/flow_tap/LayoutGenModel/logs/output/cases_hubump/cases-hubump-pareto-Case7-t30-w0/seed_121/legalized/02_Case7_placement_legal_report.json,/mnt/d/WORK/96/flow_tap/LayoutGenModel/logs/output/cases_hubump/cases-hubump-pareto-Case7-t30-w0/seed_121/legalized/02_Case7_placement_legal.json,/mnt/d/WORK/96/flow_tap/resultEval/FM_result/pareto_weight_sweep_seed121_legal_only_format/Case7_thermal30_wirelength0_seed121.json,Case7_thermal30_wirelength0_seed121
Case7,42,121,30,0.02,ok,true,/mnt/d/WORK/96/flow_tap/LayoutGenModel/logs/output/cases_hubump/cases-hubump-pareto-Case7-t30-w0p02/seed_121/legalized/02_Case7_placement_legal_report.json,/mnt/d/WORK/96/flow_tap/LayoutGenModel/logs/output/cases_hubump/cases-hubump-pareto-Case7-t30-w0p02/seed_121/legalized/02_Case7_placement_legal.json,/mnt/d/WORK/96/flow_tap/resultEval/FM_result/pareto_weight_sweep_seed121_legal_only_format/Case7_thermal30_wirelength0p02_seed121.json,Case7_thermal30_wirelength0p02_seed121
Case7,43,121,30,0.2,ok,true,/mnt/d/WORK/96/flow_tap/LayoutGenModel/logs/output/cases_hubump/cases-hubump-pareto-Case7-t30-w0p2/seed_121/legalized/02_Case7_placement_legal_report.json,/mnt/d/WORK/96/flow_tap/LayoutGenModel/logs/output/cases_hubump/cases-hubump-pareto-Case7-t30-w0p2/seed_121/legalized/02_Case7_placement_legal.json,/mnt/d/WORK/96/flow_tap/resultEval/FM_result/pareto_weight_sweep_seed121_legal_only_format/Case7_thermal30_wirelength0p2_seed121.json,Case7_thermal30_wirelength0p2_seed121
Case7,44,121,30,2,ok,true,/mnt/d/WORK/96/flow_tap/LayoutGenModel/logs/output/cases_hubump/cases-hubump-pareto-Case7-t30-w2/seed_121/legalized/02_Case7_placement_legal_report.json,/mnt/d/WORK/96/flow_tap/LayoutGenModel/logs/output/cases_hubump/cases-hubump-pareto-Case7-t30-w2/seed_121/legalized/02_Case7_placement_legal.json,/mnt/d/WORK/96/flow_tap/resultEval/FM_result/pareto_weight_sweep_seed121_legal_only_format/Case7_thermal30_wirelength2_seed121.json,Case7_thermal30_wirelength2_seed121
Case7,47,121,100,0.02,ok,true,/mnt/d/WORK/96/flow_tap/LayoutGenModel/logs/output/cases_hubump/cases-hubump-pareto-Case7-t100-w0p02/seed_121/legalized/02_Case7_placement_legal_report.json,/mnt/d/WORK/96/flow_tap/LayoutGenModel/logs/output/cases_hubump/cases-hubump-pareto-Case7-t100-w0p02/seed_121/legalized/02_Case7_placement_legal.json,/mnt/d/WORK/96/flow_tap/resultEval/FM_result/pareto_weight_sweep_seed121_legal_only_format/Case7_thermal100_wirelength0p02_seed121.json,Case7_thermal100_wirelength0p02_seed121
Case7,46,121,100,0,ok,true,/mnt/d/WORK/96/flow_tap/LayoutGenModel/logs/output/cases_hubump/cases-hubump-pareto-Case7-t100-w0/seed_121/legalized/02_Case7_placement_legal_report.json,/mnt/d/WORK/96/flow_tap/LayoutGenModel/logs/output/cases_hubump/cases-hubump-pareto-Case7-t100-w0/seed_121/legalized/02_Case7_placement_legal.json,/mnt/d/WORK/96/flow_tap/resultEval/FM_result/pareto_weight_sweep_seed121_legal_only_format/Case7_thermal100_wirelength0_seed121.json,Case7_thermal100_wirelength0_seed121
Case7,48,121,100,0.2,ok,true,/mnt/d/WORK/96/flow_tap/LayoutGenModel/logs/output/cases_hubump/cases-hubump-pareto-Case7-t100-w0p2/seed_121/legalized/02_Case7_placement_legal_report.json,/mnt/d/WORK/96/flow_tap/LayoutGenModel/logs/output/cases_hubump/cases-hubump-pareto-Case7-t100-w0p2/seed_121/legalized/02_Case7_placement_legal.json,/mnt/d/WORK/96/flow_tap/resultEval/FM_result/pareto_weight_sweep_seed121_legal_only_format/Case7_thermal100_wirelength0p2_seed121.json,Case7_thermal100_wirelength0p2_seed121
Case8,1,121,0,0,ok,true,/mnt/d/WORK/96/flow_tap/LayoutGenModel/logs/output/cases_hubump/cases-hubump-pareto-Case8-t0-w0/seed_121/legalized/03_Case8_placement_legal_report.json,/mnt/d/WORK/96/flow_tap/LayoutGenModel/logs/output/cases_hubump/cases-hubump-pareto-Case8-t0-w0/seed_121/legalized/03_Case8_placement_legal.json,/mnt/d/WORK/96/flow_tap/resultEval/FM_result/pareto_weight_sweep_seed121_legal_only_format/Case8_thermal0_wirelength0_seed121.json,Case8_thermal0_wirelength0_seed121
Case8,2,121,0,0.02,ok,true,/mnt/d/WORK/96/flow_tap/LayoutGenModel/logs/output/cases_hubump/cases-hubump-pareto-Case8-t0-w0p02/seed_121/legalized/03_Case8_placement_legal_report.json,/mnt/d/WORK/96/flow_tap/LayoutGenModel/logs/output/cases_hubump/cases-hubump-pareto-Case8-t0-w0p02/seed_121/legalized/03_Case8_placement_legal.json,/mnt/d/WORK/96/flow_tap/resultEval/FM_result/pareto_weight_sweep_seed121_legal_only_format/Case8_thermal0_wirelength0p02_seed121.json,Case8_thermal0_wirelength0p02_seed121
Case8,3,121,0,0.2,ok,true,/mnt/d/WORK/96/flow_tap/LayoutGenModel/logs/output/cases_hubump/cases-hubump-pareto-Case8-t0-w0p2/seed_121/legalized/03_Case8_placement_legal_report.json,/mnt/d/WORK/96/flow_tap/LayoutGenModel/logs/output/cases_hubump/cases-hubump-pareto-Case8-t0-w0p2/seed_121/legalized/03_Case8_placement_legal.json,/mnt/d/WORK/96/flow_tap/resultEval/FM_result/pareto_weight_sweep_seed121_legal_only_format/Case8_thermal0_wirelength0p2_seed121.json,Case8_thermal0_wirelength0p2_seed121
Case8,5,121,0,50,ok,true,/mnt/d/WORK/96/flow_tap/LayoutGenModel/logs/output/cases_hubump/cases-hubump-pareto-Case8-t0-w50/seed_121/legalized/03_Case8_placement_legal_report.json,/mnt/d/WORK/96/flow_tap/LayoutGenModel/logs/output/cases_hubump/cases-hubump-pareto-Case8-t0-w50/seed_121/legalized/03_Case8_placement_legal.json,/mnt/d/WORK/96/flow_tap/resultEval/FM_result/pareto_weight_sweep_seed121_legal_only_format/Case8_thermal0_wirelength50_seed121.json,Case8_thermal0_wirelength50_seed121
Case8,7,121,0.01,0.02,ok,true,/mnt/d/WORK/96/flow_tap/LayoutGenModel/logs/output/cases_hubump/cases-hubump-pareto-Case8-t0p01-w0p02/seed_121/legalized/03_Case8_placement_legal_report.json,/mnt/d/WORK/96/flow_tap/LayoutGenModel/logs/output/cases_hubump/cases-hubump-pareto-Case8-t0p01-w0p02/seed_121/legalized/03_Case8_placement_legal.json,/mnt/d/WORK/96/flow_tap/resultEval/FM_result/pareto_weight_sweep_seed121_legal_only_format/Case8_thermal0p01_wirelength0p02_seed121.json,Case8_thermal0p01_wirelength0p02_seed121
Case8,6,121,0.01,0,ok,true,/mnt/d/WORK/96/flow_tap/LayoutGenModel/logs/output/cases_hubump/cases-hubump-pareto-Case8-t0p01-w0/seed_121/legalized/03_Case8_placement_legal_report.json,/mnt/d/WORK/96/flow_tap/LayoutGenModel/logs/output/cases_hubump/cases-hubump-pareto-Case8-t0p01-w0/seed_121/legalized/03_Case8_placement_legal.json,/mnt/d/WORK/96/flow_tap/resultEval/FM_result/pareto_weight_sweep_seed121_legal_only_format/Case8_thermal0p01_wirelength0_seed121.json,Case8_thermal0p01_wirelength0_seed121
Case8,8,121,0.01,0.2,ok,true,/mnt/d/WORK/96/flow_tap/LayoutGenModel/logs/output/cases_hubump/cases-hubump-pareto-Case8-t0p01-w0p2/seed_121/legalized/03_Case8_placement_legal_report.json,/mnt/d/WORK/96/flow_tap/LayoutGenModel/logs/output/cases_hubump/cases-hubump-pareto-Case8-t0p01-w0p2/seed_121/legalized/03_Case8_placement_legal.json,/mnt/d/WORK/96/flow_tap/resultEval/FM_result/pareto_weight_sweep_seed121_legal_only_format/Case8_thermal0p01_wirelength0p2_seed121.json,Case8_thermal0p01_wirelength0p2_seed121
Case8,11,121,0.03,0,ok,true,/mnt/d/WORK/96/flow_tap/LayoutGenModel/logs/output/cases_hubump/cases-hubump-pareto-Case8-t0p03-w0/seed_121/legalized/03_Case8_placement_legal_report.json,/mnt/d/WORK/96/flow_tap/LayoutGenModel/logs/output/cases_hubump/cases-hubump-pareto-Case8-t0p03-w0/seed_121/legalized/03_Case8_placement_legal.json,/mnt/d/WORK/96/flow_tap/resultEval/FM_result/pareto_weight_sweep_seed121_legal_only_format/Case8_thermal0p03_wirelength0_seed121.json,Case8_thermal0p03_wirelength0_seed121
Case8,12,121,0.03,0.02,ok,true,/mnt/d/WORK/96/flow_tap/LayoutGenModel/logs/output/cases_hubump/cases-hubump-pareto-Case8-t0p03-w0p02/seed_121/legalized/03_Case8_placement_legal_report.json,/mnt/d/WORK/96/flow_tap/LayoutGenModel/logs/output/cases_hubump/cases-hubump-pareto-Case8-t0p03-w0p02/seed_121/legalized/03_Case8_placement_legal.json,/mnt/d/WORK/96/flow_tap/resultEval/FM_result/pareto_weight_sweep_seed121_legal_only_format/Case8_thermal0p03_wirelength0p02_seed121.json,Case8_thermal0p03_wirelength0p02_seed121
Case8,13,121,0.03,0.2,ok,true,/mnt/d/WORK/96/flow_tap/LayoutGenModel/logs/output/cases_hubump/cases-hubump-pareto-Case8-t0p03-w0p2/seed_121/legalized/03_Case8_placement_legal_report.json,/mnt/d/WORK/96/flow_tap/LayoutGenModel/logs/output/cases_hubump/cases-hubump-pareto-Case8-t0p03-w0p2/seed_121/legalized/03_Case8_placement_legal.json,/mnt/d/WORK/96/flow_tap/resultEval/FM_result/pareto_weight_sweep_seed121_legal_only_format/Case8_thermal0p03_wirelength0p2_seed121.json,Case8_thermal0p03_wirelength0p2_seed121
Case8,16,121,0.1,0,ok,true,/mnt/d/WORK/96/flow_tap/LayoutGenModel/logs/output/cases_hubump/cases-hubump-pareto-Case8-t0p1-w0/seed_121/legalized/03_Case8_placement_legal_report.json,/mnt/d/WORK/96/flow_tap/LayoutGenModel/logs/output/cases_hubump/cases-hubump-pareto-Case8-t0p1-w0/seed_121/legalized/03_Case8_placement_legal.json,/mnt/d/WORK/96/flow_tap/resultEval/FM_result/pareto_weight_sweep_seed121_legal_only_format/Case8_thermal0p1_wirelength0_seed121.json,Case8_thermal0p1_wirelength0_seed121
Case8,17,121,0.1,0.02,ok,true,/mnt/d/WORK/96/flow_tap/LayoutGenModel/logs/output/cases_hubump/cases-hubump-pareto-Case8-t0p1-w0p02/seed_121/legalized/03_Case8_placement_legal_report.json,/mnt/d/WORK/96/flow_tap/LayoutGenModel/logs/output/cases_hubump/cases-hubump-pareto-Case8-t0p1-w0p02/seed_121/legalized/03_Case8_placement_legal.json,/mnt/d/WORK/96/flow_tap/resultEval/FM_result/pareto_weight_sweep_seed121_legal_only_format/Case8_thermal0p1_wirelength0p02_seed121.json,Case8_thermal0p1_wirelength0p02_seed121
Case8,18,121,0.1,0.2,ok,true,/mnt/d/WORK/96/flow_tap/LayoutGenModel/logs/output/cases_hubump/cases-hubump-pareto-Case8-t0p1-w0p2/seed_121/legalized/03_Case8_placement_legal_report.json,/mnt/d/WORK/96/flow_tap/LayoutGenModel/logs/output/cases_hubump/cases-hubump-pareto-Case8-t0p1-w0p2/seed_121/legalized/03_Case8_placement_legal.json,/mnt/d/WORK/96/flow_tap/resultEval/FM_result/pareto_weight_sweep_seed121_legal_only_format/Case8_thermal0p1_wirelength0p2_seed121.json,Case8_thermal0p1_wirelength0p2_seed121
Case8,20,121,0.1,50,ok,true,/mnt/d/WORK/96/flow_tap/LayoutGenModel/logs/output/cases_hubump/cases-hubump-pareto-Case8-t0p1-w50/seed_121/legalized/03_Case8_placement_legal_report.json,/mnt/d/WORK/96/flow_tap/LayoutGenModel/logs/output/cases_hubump/cases-hubump-pareto-Case8-t0p1-w50/seed_121/legalized/03_Case8_placement_legal.json,/mnt/d/WORK/96/flow_tap/resultEval/FM_result/pareto_weight_sweep_seed121_legal_only_format/Case8_thermal0p1_wirelength50_seed121.json,Case8_thermal0p1_wirelength50_seed121
Case8,21,121,0.3,0,ok,true,/mnt/d/WORK/96/flow_tap/LayoutGenModel/logs/output/cases_hubump/cases-hubump-pareto-Case8-t0p3-w0/seed_121/legalized/03_Case8_placement_legal_report.json,/mnt/d/WORK/96/flow_tap/LayoutGenModel/logs/output/cases_hubump/cases-hubump-pareto-Case8-t0p3-w0/seed_121/legalized/03_Case8_placement_legal.json,/mnt/d/WORK/96/flow_tap/resultEval/FM_result/pareto_weight_sweep_seed121_legal_only_format/Case8_thermal0p3_wirelength0_seed121.json,Case8_thermal0p3_wirelength0_seed121
Case8,22,121,0.3,0.02,ok,true,/mnt/d/WORK/96/flow_tap/LayoutGenModel/logs/output/cases_hubump/cases-hubump-pareto-Case8-t0p3-w0p02/seed_121/legalized/03_Case8_placement_legal_report.json,/mnt/d/WORK/96/flow_tap/LayoutGenModel/logs/output/cases_hubump/cases-hubump-pareto-Case8-t0p3-w0p02/seed_121/legalized/03_Case8_placement_legal.json,/mnt/d/WORK/96/flow_tap/resultEval/FM_result/pareto_weight_sweep_seed121_legal_only_format/Case8_thermal0p3_wirelength0p02_seed121.json,Case8_thermal0p3_wirelength0p02_seed121
Case8,23,121,0.3,0.2,ok,true,/mnt/d/WORK/96/flow_tap/LayoutGenModel/logs/output/cases_hubump/cases-hubump-pareto-Case8-t0p3-w0p2/seed_121/legalized/03_Case8_placement_legal_report.json,/mnt/d/WORK/96/flow_tap/LayoutGenModel/logs/output/cases_hubump/cases-hubump-pareto-Case8-t0p3-w0p2/seed_121/legalized/03_Case8_placement_legal.json,/mnt/d/WORK/96/flow_tap/resultEval/FM_result/pareto_weight_sweep_seed121_legal_only_format/Case8_thermal0p3_wirelength0p2_seed121.json,Case8_thermal0p3_wirelength0p2_seed121
Case8,26,121,1,0,ok,true,/mnt/d/WORK/96/flow_tap/LayoutGenModel/logs/output/cases_hubump/cases-hubump-pareto-Case8-t1-w0/seed_121/legalized/03_Case8_placement_legal_report.json,/mnt/d/WORK/96/flow_tap/LayoutGenModel/logs/output/cases_hubump/cases-hubump-pareto-Case8-t1-w0/seed_121/legalized/03_Case8_placement_legal.json,/mnt/d/WORK/96/flow_tap/resultEval/FM_result/pareto_weight_sweep_seed121_legal_only_format/Case8_thermal1_wirelength0_seed121.json,Case8_thermal1_wirelength0_seed121
Case8,27,121,1,0.02,ok,true,/mnt/d/WORK/96/flow_tap/LayoutGenModel/logs/output/cases_hubump/cases-hubump-pareto-Case8-t1-w0p02/seed_121/legalized/03_Case8_placement_legal_report.json,/mnt/d/WORK/96/flow_tap/LayoutGenModel/logs/output/cases_hubump/cases-hubump-pareto-Case8-t1-w0p02/seed_121/legalized/03_Case8_placement_legal.json,/mnt/d/WORK/96/flow_tap/resultEval/FM_result/pareto_weight_sweep_seed121_legal_only_format/Case8_thermal1_wirelength0p02_seed121.json,Case8_thermal1_wirelength0p02_seed121
Case8,28,121,1,0.2,ok,true,/mnt/d/WORK/96/flow_tap/LayoutGenModel/logs/output/cases_hubump/cases-hubump-pareto-Case8-t1-w0p2/seed_121/legalized/03_Case8_placement_legal_report.json,/mnt/d/WORK/96/flow_tap/LayoutGenModel/logs/output/cases_hubump/cases-hubump-pareto-Case8-t1-w0p2/seed_121/legalized/03_Case8_placement_legal.json,/mnt/d/WORK/96/flow_tap/resultEval/FM_result/pareto_weight_sweep_seed121_legal_only_format/Case8_thermal1_wirelength0p2_seed121.json,Case8_thermal1_wirelength0p2_seed121
Case8,31,121,3,0,ok,true,/mnt/d/WORK/96/flow_tap/LayoutGenModel/logs/output/cases_hubump/cases-hubump-pareto-Case8-t3-w0/seed_121/legalized/03_Case8_placement_legal_report.json,/mnt/d/WORK/96/flow_tap/LayoutGenModel/logs/output/cases_hubump/cases-hubump-pareto-Case8-t3-w0/seed_121/legalized/03_Case8_placement_legal.json,/mnt/d/WORK/96/flow_tap/resultEval/FM_result/pareto_weight_sweep_seed121_legal_only_format/Case8_thermal3_wirelength0_seed121.json,Case8_thermal3_wirelength0_seed121
Case8,32,121,3,0.02,ok,true,/mnt/d/WORK/96/flow_tap/LayoutGenModel/logs/output/cases_hubump/cases-hubump-pareto-Case8-t3-w0p02/seed_121/legalized/03_Case8_placement_legal_report.json,/mnt/d/WORK/96/flow_tap/LayoutGenModel/logs/output/cases_hubump/cases-hubump-pareto-Case8-t3-w0p02/seed_121/legalized/03_Case8_placement_legal.json,/mnt/d/WORK/96/flow_tap/resultEval/FM_result/pareto_weight_sweep_seed121_legal_only_format/Case8_thermal3_wirelength0p02_seed121.json,Case8_thermal3_wirelength0p02_seed121
Case8,33,121,3,0.2,ok,true,/mnt/d/WORK/96/flow_tap/LayoutGenModel/logs/output/cases_hubump/cases-hubump-pareto-Case8-t3-w0p2/seed_121/legalized/03_Case8_placement_legal_report.json,/mnt/d/WORK/96/flow_tap/LayoutGenModel/logs/output/cases_hubump/cases-hubump-pareto-Case8-t3-w0p2/seed_121/legalized/03_Case8_placement_legal.json,/mnt/d/WORK/96/flow_tap/resultEval/FM_result/pareto_weight_sweep_seed121_legal_only_format/Case8_thermal3_wirelength0p2_seed121.json,Case8_thermal3_wirelength0p2_seed121
Case8,37,121,10,0.02,ok,true,/mnt/d/WORK/96/flow_tap/LayoutGenModel/logs/output/cases_hubump/cases-hubump-pareto-Case8-t10-w0p02/seed_121/legalized/03_Case8_placement_legal_report.json,/mnt/d/WORK/96/flow_tap/LayoutGenModel/logs/output/cases_hubump/cases-hubump-pareto-Case8-t10-w0p02/seed_121/legalized/03_Case8_placement_legal.json,/mnt/d/WORK/96/flow_tap/resultEval/FM_result/pareto_weight_sweep_seed121_legal_only_format/Case8_thermal10_wirelength0p02_seed121.json,Case8_thermal10_wirelength0p02_seed121
Case8,36,121,10,0,ok,true,/mnt/d/WORK/96/flow_tap/LayoutGenModel/logs/output/cases_hubump/cases-hubump-pareto-Case8-t10-w0/seed_121/legalized/03_Case8_placement_legal_report.json,/mnt/d/WORK/96/flow_tap/LayoutGenModel/logs/output/cases_hubump/cases-hubump-pareto-Case8-t10-w0/seed_121/legalized/03_Case8_placement_legal.json,/mnt/d/WORK/96/flow_tap/resultEval/FM_result/pareto_weight_sweep_seed121_legal_only_format/Case8_thermal10_wirelength0_seed121.json,Case8_thermal10_wirelength0_seed121
Case8,38,121,10,0.2,ok,true,/mnt/d/WORK/96/flow_tap/LayoutGenModel/logs/output/cases_hubump/cases-hubump-pareto-Case8-t10-w0p2/seed_121/legalized/03_Case8_placement_legal_report.json,/mnt/d/WORK/96/flow_tap/LayoutGenModel/logs/output/cases_hubump/cases-hubump-pareto-Case8-t10-w0p2/seed_121/legalized/03_Case8_placement_legal.json,/mnt/d/WORK/96/flow_tap/resultEval/FM_result/pareto_weight_sweep_seed121_legal_only_format/Case8_thermal10_wirelength0p2_seed121.json,Case8_thermal10_wirelength0p2_seed121
Case8,41,121,30,0,ok,true,/mnt/d/WORK/96/flow_tap/LayoutGenModel/logs/output/cases_hubump/cases-hubump-pareto-Case8-t30-w0/seed_121/legalized/03_Case8_placement_legal_report.json,/mnt/d/WORK/96/flow_tap/LayoutGenModel/logs/output/cases_hubump/cases-hubump-pareto-Case8-t30-w0/seed_121/legalized/03_Case8_placement_legal.json,/mnt/d/WORK/96/flow_tap/resultEval/FM_result/pareto_weight_sweep_seed121_legal_only_format/Case8_thermal30_wirelength0_seed121.json,Case8_thermal30_wirelength0_seed121
Case8,42,121,30,0.02,ok,true,/mnt/d/WORK/96/flow_tap/LayoutGenModel/logs/output/cases_hubump/cases-hubump-pareto-Case8-t30-w0p02/seed_121/legalized/03_Case8_placement_legal_report.json,/mnt/d/WORK/96/flow_tap/LayoutGenModel/logs/output/cases_hubump/cases-hubump-pareto-Case8-t30-w0p02/seed_121/legalized/03_Case8_placement_legal.json,/mnt/d/WORK/96/flow_tap/resultEval/FM_result/pareto_weight_sweep_seed121_legal_only_format/Case8_thermal30_wirelength0p02_seed121.json,Case8_thermal30_wirelength0p02_seed121
Case8,43,121,30,0.2,ok,true,/mnt/d/WORK/96/flow_tap/LayoutGenModel/logs/output/cases_hubump/cases-hubump-pareto-Case8-t30-w0p2/seed_121/legalized/03_Case8_placement_legal_report.json,/mnt/d/WORK/96/flow_tap/LayoutGenModel/logs/output/cases_hubump/cases-hubump-pareto-Case8-t30-w0p2/seed_121/legalized/03_Case8_placement_legal.json,/mnt/d/WORK/96/flow_tap/resultEval/FM_result/pareto_weight_sweep_seed121_legal_only_format/Case8_thermal30_wirelength0p2_seed121.json,Case8_thermal30_wirelength0p2_seed121
Case8,45,121,30,50,ok,true,/mnt/d/WORK/96/flow_tap/LayoutGenModel/logs/output/cases_hubump/cases-hubump-pareto-Case8-t30-w50/seed_121/legalized/03_Case8_placement_legal_report.json,/mnt/d/WORK/96/flow_tap/LayoutGenModel/logs/output/cases_hubump/cases-hubump-pareto-Case8-t30-w50/seed_121/legalized/03_Case8_placement_legal.json,/mnt/d/WORK/96/flow_tap/resultEval/FM_result/pareto_weight_sweep_seed121_legal_only_format/Case8_thermal30_wirelength50_seed121.json,Case8_thermal30_wirelength50_seed121
Case8,44,121,30,2,ok,true,/mnt/d/WORK/96/flow_tap/LayoutGenModel/logs/output/cases_hubump/cases-hubump-pareto-Case8-t30-w2/seed_121/legalized/03_Case8_placement_legal_report.json,/mnt/d/WORK/96/flow_tap/LayoutGenModel/logs/output/cases_hubump/cases-hubump-pareto-Case8-t30-w2/seed_121/legalized/03_Case8_placement_legal.json,/mnt/d/WORK/96/flow_tap/resultEval/FM_result/pareto_weight_sweep_seed121_legal_only_format/Case8_thermal30_wirelength2_seed121.json,Case8_thermal30_wirelength2_seed121
Case8,46,121,100,0,ok,true,/mnt/d/WORK/96/flow_tap/LayoutGenModel/logs/output/cases_hubump/cases-hubump-pareto-Case8-t100-w0/seed_121/legalized/03_Case8_placement_legal_report.json,/mnt/d/WORK/96/flow_tap/LayoutGenModel/logs/output/cases_hubump/cases-hubump-pareto-Case8-t100-w0/seed_121/legalized/03_Case8_placement_legal.json,/mnt/d/WORK/96/flow_tap/resultEval/FM_result/pareto_weight_sweep_seed121_legal_only_format/Case8_thermal100_wirelength0_seed121.json,Case8_thermal100_wirelength0_seed121
Case8,47,121,100,0.02,ok,true,/mnt/d/WORK/96/flow_tap/LayoutGenModel/logs/output/cases_hubump/cases-hubump-pareto-Case8-t100-w0p02/seed_121/legalized/03_Case8_placement_legal_report.json,/mnt/d/WORK/96/flow_tap/LayoutGenModel/logs/output/cases_hubump/cases-hubump-pareto-Case8-t100-w0p02/seed_121/legalized/03_Case8_placement_legal.json,/mnt/d/WORK/96/flow_tap/resultEval/FM_result/pareto_weight_sweep_seed121_legal_only_format/Case8_thermal100_wirelength0p02_seed121.json,Case8_thermal100_wirelength0p02_seed121
Case8,48,121,100,0.2,ok,true,/mnt/d/WORK/96/flow_tap/LayoutGenModel/logs/output/cases_hubump/cases-hubump-pareto-Case8-t100-w0p2/seed_121/legalized/03_Case8_placement_legal_report.json,/mnt/d/WORK/96/flow_tap/LayoutGenModel/logs/output/cases_hubump/cases-hubump-pareto-Case8-t100-w0p2/seed_121/legalized/03_Case8_placement_legal.json,/mnt/d/WORK/96/flow_tap/resultEval/FM_result/pareto_weight_sweep_seed121_legal_only_format/Case8_thermal100_wirelength0p2_seed121.json,Case8_thermal100_wirelength0p2_seed121
Case9,1,121,0,0,ok,true,/mnt/d/WORK/96/flow_tap/LayoutGenModel/logs/output/cases_hubump/cases-hubump-pareto-Case9-t0-w0/seed_121/legalized/04_Case9_placement_legal_report.json,/mnt/d/WORK/96/flow_tap/LayoutGenModel/logs/output/cases_hubump/cases-hubump-pareto-Case9-t0-w0/seed_121/legalized/04_Case9_placement_legal.json,/mnt/d/WORK/96/flow_tap/resultEval/FM_result/pareto_weight_sweep_seed121_legal_only_format/Case9_thermal0_wirelength0_seed121.json,Case9_thermal0_wirelength0_seed121
Case9,2,121,0,0.02,ok,true,/mnt/d/WORK/96/flow_tap/LayoutGenModel/logs/output/cases_hubump/cases-hubump-pareto-Case9-t0-w0p02/seed_121/legalized/04_Case9_placement_legal_report.json,/mnt/d/WORK/96/flow_tap/LayoutGenModel/logs/output/cases_hubump/cases-hubump-pareto-Case9-t0-w0p02/seed_121/legalized/04_Case9_placement_legal.json,/mnt/d/WORK/96/flow_tap/resultEval/FM_result/pareto_weight_sweep_seed121_legal_only_format/Case9_thermal0_wirelength0p02_seed121.json,Case9_thermal0_wirelength0p02_seed121
Case9,3,121,0,0.2,ok,true,/mnt/d/WORK/96/flow_tap/LayoutGenModel/logs/output/cases_hubump/cases-hubump-pareto-Case9-t0-w0p2/seed_121/legalized/04_Case9_placement_legal_report.json,/mnt/d/WORK/96/flow_tap/LayoutGenModel/logs/output/cases_hubump/cases-hubump-pareto-Case9-t0-w0p2/seed_121/legalized/04_Case9_placement_legal.json,/mnt/d/WORK/96/flow_tap/resultEval/FM_result/pareto_weight_sweep_seed121_legal_only_format/Case9_thermal0_wirelength0p2_seed121.json,Case9_thermal0_wirelength0p2_seed121
Case9,4,121,0,2,ok,true,/mnt/d/WORK/96/flow_tap/LayoutGenModel/logs/output/cases_hubump/cases-hubump-pareto-Case9-t0-w2/seed_121/legalized/04_Case9_placement_legal_report.json,/mnt/d/WORK/96/flow_tap/LayoutGenModel/logs/output/cases_hubump/cases-hubump-pareto-Case9-t0-w2/seed_121/legalized/04_Case9_placement_legal.json,/mnt/d/WORK/96/flow_tap/resultEval/FM_result/pareto_weight_sweep_seed121_legal_only_format/Case9_thermal0_wirelength2_seed121.json,Case9_thermal0_wirelength2_seed121
Case9,5,121,0,50,ok,true,/mnt/d/WORK/96/flow_tap/LayoutGenModel/logs/output/cases_hubump/cases-hubump-pareto-Case9-t0-w50/seed_121/legalized/04_Case9_placement_legal_report.json,/mnt/d/WORK/96/flow_tap/LayoutGenModel/logs/output/cases_hubump/cases-hubump-pareto-Case9-t0-w50/seed_121/legalized/04_Case9_placement_legal.json,/mnt/d/WORK/96/flow_tap/resultEval/FM_result/pareto_weight_sweep_seed121_legal_only_format/Case9_thermal0_wirelength50_seed121.json,Case9_thermal0_wirelength50_seed121
Case9,6,121,0.01,0,ok,true,/mnt/d/WORK/96/flow_tap/LayoutGenModel/logs/output/cases_hubump/cases-hubump-pareto-Case9-t0p01-w0/seed_121/legalized/04_Case9_placement_legal_report.json,/mnt/d/WORK/96/flow_tap/LayoutGenModel/logs/output/cases_hubump/cases-hubump-pareto-Case9-t0p01-w0/seed_121/legalized/04_Case9_placement_legal.json,/mnt/d/WORK/96/flow_tap/resultEval/FM_result/pareto_weight_sweep_seed121_legal_only_format/Case9_thermal0p01_wirelength0_seed121.json,Case9_thermal0p01_wirelength0_seed121
Case9,7,121,0.01,0.02,ok,true,/mnt/d/WORK/96/flow_tap/LayoutGenModel/logs/output/cases_hubump/cases-hubump-pareto-Case9-t0p01-w0p02/seed_121/legalized/04_Case9_placement_legal_report.json,/mnt/d/WORK/96/flow_tap/LayoutGenModel/logs/output/cases_hubump/cases-hubump-pareto-Case9-t0p01-w0p02/seed_121/legalized/04_Case9_placement_legal.json,/mnt/d/WORK/96/flow_tap/resultEval/FM_result/pareto_weight_sweep_seed121_legal_only_format/Case9_thermal0p01_wirelength0p02_seed121.json,Case9_thermal0p01_wirelength0p02_seed121
Case9,8,121,0.01,0.2,ok,true,/mnt/d/WORK/96/flow_tap/LayoutGenModel/logs/output/cases_hubump/cases-hubump-pareto-Case9-t0p01-w0p2/seed_121/legalized/04_Case9_placement_legal_report.json,/mnt/d/WORK/96/flow_tap/LayoutGenModel/logs/output/cases_hubump/cases-hubump-pareto-Case9-t0p01-w0p2/seed_121/legalized/04_Case9_placement_legal.json,/mnt/d/WORK/96/flow_tap/resultEval/FM_result/pareto_weight_sweep_seed121_legal_only_format/Case9_thermal0p01_wirelength0p2_seed121.json,Case9_thermal0p01_wirelength0p2_seed121
Case9,9,121,0.01,2,ok,true,/mnt/d/WORK/96/flow_tap/LayoutGenModel/logs/output/cases_hubump/cases-hubump-pareto-Case9-t0p01-w2/seed_121/legalized/04_Case9_placement_legal_report.json,/mnt/d/WORK/96/flow_tap/LayoutGenModel/logs/output/cases_hubump/cases-hubump-pareto-Case9-t0p01-w2/seed_121/legalized/04_Case9_placement_legal.json,/mnt/d/WORK/96/flow_tap/resultEval/FM_result/pareto_weight_sweep_seed121_legal_only_format/Case9_thermal0p01_wirelength2_seed121.json,Case9_thermal0p01_wirelength2_seed121
Case9,11,121,0.03,0,ok,true,/mnt/d/WORK/96/flow_tap/LayoutGenModel/logs/output/cases_hubump/cases-hubump-pareto-Case9-t0p03-w0/seed_121/legalized/04_Case9_placement_legal_report.json,/mnt/d/WORK/96/flow_tap/LayoutGenModel/logs/output/cases_hubump/cases-hubump-pareto-Case9-t0p03-w0/seed_121/legalized/04_Case9_placement_legal.json,/mnt/d/WORK/96/flow_tap/resultEval/FM_result/pareto_weight_sweep_seed121_legal_only_format/Case9_thermal0p03_wirelength0_seed121.json,Case9_thermal0p03_wirelength0_seed121
Case9,12,121,0.03,0.02,ok,true,/mnt/d/WORK/96/flow_tap/LayoutGenModel/logs/output/cases_hubump/cases-hubump-pareto-Case9-t0p03-w0p02/seed_121/legalized/04_Case9_placement_legal_report.json,/mnt/d/WORK/96/flow_tap/LayoutGenModel/logs/output/cases_hubump/cases-hubump-pareto-Case9-t0p03-w0p02/seed_121/legalized/04_Case9_placement_legal.json,/mnt/d/WORK/96/flow_tap/resultEval/FM_result/pareto_weight_sweep_seed121_legal_only_format/Case9_thermal0p03_wirelength0p02_seed121.json,Case9_thermal0p03_wirelength0p02_seed121
Case9,13,121,0.03,0.2,ok,true,/mnt/d/WORK/96/flow_tap/LayoutGenModel/logs/output/cases_hubump/cases-hubump-pareto-Case9-t0p03-w0p2/seed_121/legalized/04_Case9_placement_legal_report.json,/mnt/d/WORK/96/flow_tap/LayoutGenModel/logs/output/cases_hubump/cases-hubump-pareto-Case9-t0p03-w0p2/seed_121/legalized/04_Case9_placement_legal.json,/mnt/d/WORK/96/flow_tap/resultEval/FM_result/pareto_weight_sweep_seed121_legal_only_format/Case9_thermal0p03_wirelength0p2_seed121.json,Case9_thermal0p03_wirelength0p2_seed121
Case9,15,121,0.03,50,ok,true,/mnt/d/WORK/96/flow_tap/LayoutGenModel/logs/output/cases_hubump/cases-hubump-pareto-Case9-t0p03-w50/seed_121/legalized/04_Case9_placement_legal_report.json,/mnt/d/WORK/96/flow_tap/LayoutGenModel/logs/output/cases_hubump/cases-hubump-pareto-Case9-t0p03-w50/seed_121/legalized/04_Case9_placement_legal.json,/mnt/d/WORK/96/flow_tap/resultEval/FM_result/pareto_weight_sweep_seed121_legal_only_format/Case9_thermal0p03_wirelength50_seed121.json,Case9_thermal0p03_wirelength50_seed121
Case9,16,121,0.1,0,ok,true,/mnt/d/WORK/96/flow_tap/LayoutGenModel/logs/output/cases_hubump/cases-hubump-pareto-Case9-t0p1-w0/seed_121/legalized/04_Case9_placement_legal_report.json,/mnt/d/WORK/96/flow_tap/LayoutGenModel/logs/output/cases_hubump/cases-hubump-pareto-Case9-t0p1-w0/seed_121/legalized/04_Case9_placement_legal.json,/mnt/d/WORK/96/flow_tap/resultEval/FM_result/pareto_weight_sweep_seed121_legal_only_format/Case9_thermal0p1_wirelength0_seed121.json,Case9_thermal0p1_wirelength0_seed121
Case9,17,121,0.1,0.02,ok,true,/mnt/d/WORK/96/flow_tap/LayoutGenModel/logs/output/cases_hubump/cases-hubump-pareto-Case9-t0p1-w0p02/seed_121/legalized/04_Case9_placement_legal_report.json,/mnt/d/WORK/96/flow_tap/LayoutGenModel/logs/output/cases_hubump/cases-hubump-pareto-Case9-t0p1-w0p02/seed_121/legalized/04_Case9_placement_legal.json,/mnt/d/WORK/96/flow_tap/resultEval/FM_result/pareto_weight_sweep_seed121_legal_only_format/Case9_thermal0p1_wirelength0p02_seed121.json,Case9_thermal0p1_wirelength0p02_seed121
Case9,18,121,0.1,0.2,ok,true,/mnt/d/WORK/96/flow_tap/LayoutGenModel/logs/output/cases_hubump/cases-hubump-pareto-Case9-t0p1-w0p2/seed_121/legalized/04_Case9_placement_legal_report.json,/mnt/d/WORK/96/flow_tap/LayoutGenModel/logs/output/cases_hubump/cases-hubump-pareto-Case9-t0p1-w0p2/seed_121/legalized/04_Case9_placement_legal.json,/mnt/d/WORK/96/flow_tap/resultEval/FM_result/pareto_weight_sweep_seed121_legal_only_format/Case9_thermal0p1_wirelength0p2_seed121.json,Case9_thermal0p1_wirelength0p2_seed121
Case9,19,121,0.1,2,ok,true,/mnt/d/WORK/96/flow_tap/LayoutGenModel/logs/output/cases_hubump/cases-hubump-pareto-Case9-t0p1-w2/seed_121/legalized/04_Case9_placement_legal_report.json,/mnt/d/WORK/96/flow_tap/LayoutGenModel/logs/output/cases_hubump/cases-hubump-pareto-Case9-t0p1-w2/seed_121/legalized/04_Case9_placement_legal.json,/mnt/d/WORK/96/flow_tap/resultEval/FM_result/pareto_weight_sweep_seed121_legal_only_format/Case9_thermal0p1_wirelength2_seed121.json,Case9_thermal0p1_wirelength2_seed121
Case9,20,121,0.1,50,ok,true,/mnt/d/WORK/96/flow_tap/LayoutGenModel/logs/output/cases_hubump/cases-hubump-pareto-Case9-t0p1-w50/seed_121/legalized/04_Case9_placement_legal_report.json,/mnt/d/WORK/96/flow_tap/LayoutGenModel/logs/output/cases_hubump/cases-hubump-pareto-Case9-t0p1-w50/seed_121/legalized/04_Case9_placement_legal.json,/mnt/d/WORK/96/flow_tap/resultEval/FM_result/pareto_weight_sweep_seed121_legal_only_format/Case9_thermal0p1_wirelength50_seed121.json,Case9_thermal0p1_wirelength50_seed121
Case9,21,121,0.3,0,ok,true,/mnt/d/WORK/96/flow_tap/LayoutGenModel/logs/output/cases_hubump/cases-hubump-pareto-Case9-t0p3-w0/seed_121/legalized/04_Case9_placement_legal_report.json,/mnt/d/WORK/96/flow_tap/LayoutGenModel/logs/output/cases_hubump/cases-hubump-pareto-Case9-t0p3-w0/seed_121/legalized/04_Case9_placement_legal.json,/mnt/d/WORK/96/flow_tap/resultEval/FM_result/pareto_weight_sweep_seed121_legal_only_format/Case9_thermal0p3_wirelength0_seed121.json,Case9_thermal0p3_wirelength0_seed121
Case9,22,121,0.3,0.02,ok,true,/mnt/d/WORK/96/flow_tap/LayoutGenModel/logs/output/cases_hubump/cases-hubump-pareto-Case9-t0p3-w0p02/seed_121/legalized/04_Case9_placement_legal_report.json,/mnt/d/WORK/96/flow_tap/LayoutGenModel/logs/output/cases_hubump/cases-hubump-pareto-Case9-t0p3-w0p02/seed_121/legalized/04_Case9_placement_legal.json,/mnt/d/WORK/96/flow_tap/resultEval/FM_result/pareto_weight_sweep_seed121_legal_only_format/Case9_thermal0p3_wirelength0p02_seed121.json,Case9_thermal0p3_wirelength0p02_seed121
Case9,23,121,0.3,0.2,ok,true,/mnt/d/WORK/96/flow_tap/LayoutGenModel/logs/output/cases_hubump/cases-hubump-pareto-Case9-t0p3-w0p2/seed_121/legalized/04_Case9_placement_legal_report.json,/mnt/d/WORK/96/flow_tap/LayoutGenModel/logs/output/cases_hubump/cases-hubump-pareto-Case9-t0p3-w0p2/seed_121/legalized/04_Case9_placement_legal.json,/mnt/d/WORK/96/flow_tap/resultEval/FM_result/pareto_weight_sweep_seed121_legal_only_format/Case9_thermal0p3_wirelength0p2_seed121.json,Case9_thermal0p3_wirelength0p2_seed121
Case9,24,121,0.3,2,ok,true,/mnt/d/WORK/96/flow_tap/LayoutGenModel/logs/output/cases_hubump/cases-hubump-pareto-Case9-t0p3-w2/seed_121/legalized/04_Case9_placement_legal_report.json,/mnt/d/WORK/96/flow_tap/LayoutGenModel/logs/output/cases_hubump/cases-hubump-pareto-Case9-t0p3-w2/seed_121/legalized/04_Case9_placement_legal.json,/mnt/d/WORK/96/flow_tap/resultEval/FM_result/pareto_weight_sweep_seed121_legal_only_format/Case9_thermal0p3_wirelength2_seed121.json,Case9_thermal0p3_wirelength2_seed121
Case9,26,121,1,0,ok,true,/mnt/d/WORK/96/flow_tap/LayoutGenModel/logs/output/cases_hubump/cases-hubump-pareto-Case9-t1-w0/seed_121/legalized/04_Case9_placement_legal_report.json,/mnt/d/WORK/96/flow_tap/LayoutGenModel/logs/output/cases_hubump/cases-hubump-pareto-Case9-t1-w0/seed_121/legalized/04_Case9_placement_legal.json,/mnt/d/WORK/96/flow_tap/resultEval/FM_result/pareto_weight_sweep_seed121_legal_only_format/Case9_thermal1_wirelength0_seed121.json,Case9_thermal1_wirelength0_seed121
Case9,27,121,1,0.02,ok,true,/mnt/d/WORK/96/flow_tap/LayoutGenModel/logs/output/cases_hubump/cases-hubump-pareto-Case9-t1-w0p02/seed_121/legalized/04_Case9_placement_legal_report.json,/mnt/d/WORK/96/flow_tap/LayoutGenModel/logs/output/cases_hubump/cases-hubump-pareto-Case9-t1-w0p02/seed_121/legalized/04_Case9_placement_legal.json,/mnt/d/WORK/96/flow_tap/resultEval/FM_result/pareto_weight_sweep_seed121_legal_only_format/Case9_thermal1_wirelength0p02_seed121.json,Case9_thermal1_wirelength0p02_seed121
Case9,28,121,1,0.2,ok,true,/mnt/d/WORK/96/flow_tap/LayoutGenModel/logs/output/cases_hubump/cases-hubump-pareto-Case9-t1-w0p2/seed_121/legalized/04_Case9_placement_legal_report.json,/mnt/d/WORK/96/flow_tap/LayoutGenModel/logs/output/cases_hubump/cases-hubump-pareto-Case9-t1-w0p2/seed_121/legalized/04_Case9_placement_legal.json,/mnt/d/WORK/96/flow_tap/resultEval/FM_result/pareto_weight_sweep_seed121_legal_only_format/Case9_thermal1_wirelength0p2_seed121.json,Case9_thermal1_wirelength0p2_seed121
Case9,29,121,1,2,ok,true,/mnt/d/WORK/96/flow_tap/LayoutGenModel/logs/output/cases_hubump/cases-hubump-pareto-Case9-t1-w2/seed_121/legalized/04_Case9_placement_legal_report.json,/mnt/d/WORK/96/flow_tap/LayoutGenModel/logs/output/cases_hubump/cases-hubump-pareto-Case9-t1-w2/seed_121/legalized/04_Case9_placement_legal.json,/mnt/d/WORK/96/flow_tap/resultEval/FM_result/pareto_weight_sweep_seed121_legal_only_format/Case9_thermal1_wirelength2_seed121.json,Case9_thermal1_wirelength2_seed121
Case9,30,121,1,50,ok,true,/mnt/d/WORK/96/flow_tap/LayoutGenModel/logs/output/cases_hubump/cases-hubump-pareto-Case9-t1-w50/seed_121/legalized/04_Case9_placement_legal_report.json,/mnt/d/WORK/96/flow_tap/LayoutGenModel/logs/output/cases_hubump/cases-hubump-pareto-Case9-t1-w50/seed_121/legalized/04_Case9_placement_legal.json,/mnt/d/WORK/96/flow_tap/resultEval/FM_result/pareto_weight_sweep_seed121_legal_only_format/Case9_thermal1_wirelength50_seed121.json,Case9_thermal1_wirelength50_seed121
Case9,31,121,3,0,ok,true,/mnt/d/WORK/96/flow_tap/LayoutGenModel/logs/output/cases_hubump/cases-hubump-pareto-Case9-t3-w0/seed_121/legalized/04_Case9_placement_legal_report.json,/mnt/d/WORK/96/flow_tap/LayoutGenModel/logs/output/cases_hubump/cases-hubump-pareto-Case9-t3-w0/seed_121/legalized/04_Case9_placement_legal.json,/mnt/d/WORK/96/flow_tap/resultEval/FM_result/pareto_weight_sweep_seed121_legal_only_format/Case9_thermal3_wirelength0_seed121.json,Case9_thermal3_wirelength0_seed121
Case9,32,121,3,0.02,ok,true,/mnt/d/WORK/96/flow_tap/LayoutGenModel/logs/output/cases_hubump/cases-hubump-pareto-Case9-t3-w0p02/seed_121/legalized/04_Case9_placement_legal_report.json,/mnt/d/WORK/96/flow_tap/LayoutGenModel/logs/output/cases_hubump/cases-hubump-pareto-Case9-t3-w0p02/seed_121/legalized/04_Case9_placement_legal.json,/mnt/d/WORK/96/flow_tap/resultEval/FM_result/pareto_weight_sweep_seed121_legal_only_format/Case9_thermal3_wirelength0p02_seed121.json,Case9_thermal3_wirelength0p02_seed121
Case9,33,121,3,0.2,ok,true,/mnt/d/WORK/96/flow_tap/LayoutGenModel/logs/output/cases_hubump/cases-hubump-pareto-Case9-t3-w0p2/seed_121/legalized/04_Case9_placement_legal_report.json,/mnt/d/WORK/96/flow_tap/LayoutGenModel/logs/output/cases_hubump/cases-hubump-pareto-Case9-t3-w0p2/seed_121/legalized/04_Case9_placement_legal.json,/mnt/d/WORK/96/flow_tap/resultEval/FM_result/pareto_weight_sweep_seed121_legal_only_format/Case9_thermal3_wirelength0p2_seed121.json,Case9_thermal3_wirelength0p2_seed121
Case9,34,121,3,2,ok,true,/mnt/d/WORK/96/flow_tap/LayoutGenModel/logs/output/cases_hubump/cases-hubump-pareto-Case9-t3-w2/seed_121/legalized/04_Case9_placement_legal_report.json,/mnt/d/WORK/96/flow_tap/LayoutGenModel/logs/output/cases_hubump/cases-hubump-pareto-Case9-t3-w2/seed_121/legalized/04_Case9_placement_legal.json,/mnt/d/WORK/96/flow_tap/resultEval/FM_result/pareto_weight_sweep_seed121_legal_only_format/Case9_thermal3_wirelength2_seed121.json,Case9_thermal3_wirelength2_seed121
Case9,36,121,10,0,ok,true,/mnt/d/WORK/96/flow_tap/LayoutGenModel/logs/output/cases_hubump/cases-hubump-pareto-Case9-t10-w0/seed_121/legalized/04_Case9_placement_legal_report.json,/mnt/d/WORK/96/flow_tap/LayoutGenModel/logs/output/cases_hubump/cases-hubump-pareto-Case9-t10-w0/seed_121/legalized/04_Case9_placement_legal.json,/mnt/d/WORK/96/flow_tap/resultEval/FM_result/pareto_weight_sweep_seed121_legal_only_format/Case9_thermal10_wirelength0_seed121.json,Case9_thermal10_wirelength0_seed121
Case9,37,121,10,0.02,ok,true,/mnt/d/WORK/96/flow_tap/LayoutGenModel/logs/output/cases_hubump/cases-hubump-pareto-Case9-t10-w0p02/seed_121/legalized/04_Case9_placement_legal_report.json,/mnt/d/WORK/96/flow_tap/LayoutGenModel/logs/output/cases_hubump/cases-hubump-pareto-Case9-t10-w0p02/seed_121/legalized/04_Case9_placement_legal.json,/mnt/d/WORK/96/flow_tap/resultEval/FM_result/pareto_weight_sweep_seed121_legal_only_format/Case9_thermal10_wirelength0p02_seed121.json,Case9_thermal10_wirelength0p02_seed121
Case9,38,121,10,0.2,ok,true,/mnt/d/WORK/96/flow_tap/LayoutGenModel/logs/output/cases_hubump/cases-hubump-pareto-Case9-t10-w0p2/seed_121/legalized/04_Case9_placement_legal_report.json,/mnt/d/WORK/96/flow_tap/LayoutGenModel/logs/output/cases_hubump/cases-hubump-pareto-Case9-t10-w0p2/seed_121/legalized/04_Case9_placement_legal.json,/mnt/d/WORK/96/flow_tap/resultEval/FM_result/pareto_weight_sweep_seed121_legal_only_format/Case9_thermal10_wirelength0p2_seed121.json,Case9_thermal10_wirelength0p2_seed121
Case9,39,121,10,2,ok,true,/mnt/d/WORK/96/flow_tap/LayoutGenModel/logs/output/cases_hubump/cases-hubump-pareto-Case9-t10-w2/seed_121/legalized/04_Case9_placement_legal_report.json,/mnt/d/WORK/96/flow_tap/LayoutGenModel/logs/output/cases_hubump/cases-hubump-pareto-Case9-t10-w2/seed_121/legalized/04_Case9_placement_legal.json,/mnt/d/WORK/96/flow_tap/resultEval/FM_result/pareto_weight_sweep_seed121_legal_only_format/Case9_thermal10_wirelength2_seed121.json,Case9_thermal10_wirelength2_seed121
Case9,40,121,10,50,ok,true,/mnt/d/WORK/96/flow_tap/LayoutGenModel/logs/output/cases_hubump/cases-hubump-pareto-Case9-t10-w50/seed_121/legalized/04_Case9_placement_legal_report.json,/mnt/d/WORK/96/flow_tap/LayoutGenModel/logs/output/cases_hubump/cases-hubump-pareto-Case9-t10-w50/seed_121/legalized/04_Case9_placement_legal.json,/mnt/d/WORK/96/flow_tap/resultEval/FM_result/pareto_weight_sweep_seed121_legal_only_format/Case9_thermal10_wirelength50_seed121.json,Case9_thermal10_wirelength50_seed121
Case9,41,121,30,0,ok,true,/mnt/d/WORK/96/flow_tap/LayoutGenModel/logs/output/cases_hubump/cases-hubump-pareto-Case9-t30-w0/seed_121/legalized/04_Case9_placement_legal_report.json,/mnt/d/WORK/96/flow_tap/LayoutGenModel/logs/output/cases_hubump/cases-hubump-pareto-Case9-t30-w0/seed_121/legalized/04_Case9_placement_legal.json,/mnt/d/WORK/96/flow_tap/resultEval/FM_result/pareto_weight_sweep_seed121_legal_only_format/Case9_thermal30_wirelength0_seed121.json,Case9_thermal30_wirelength0_seed121
Case9,42,121,30,0.02,ok,true,/mnt/d/WORK/96/flow_tap/LayoutGenModel/logs/output/cases_hubump/cases-hubump-pareto-Case9-t30-w0p02/seed_121/legalized/04_Case9_placement_legal_report.json,/mnt/d/WORK/96/flow_tap/LayoutGenModel/logs/output/cases_hubump/cases-hubump-pareto-Case9-t30-w0p02/seed_121/legalized/04_Case9_placement_legal.json,/mnt/d/WORK/96/flow_tap/resultEval/FM_result/pareto_weight_sweep_seed121_legal_only_format/Case9_thermal30_wirelength0p02_seed121.json,Case9_thermal30_wirelength0p02_seed121
Case9,43,121,30,0.2,ok,true,/mnt/d/WORK/96/flow_tap/LayoutGenModel/logs/output/cases_hubump/cases-hubump-pareto-Case9-t30-w0p2/seed_121/legalized/04_Case9_placement_legal_report.json,/mnt/d/WORK/96/flow_tap/LayoutGenModel/logs/output/cases_hubump/cases-hubump-pareto-Case9-t30-w0p2/seed_121/legalized/04_Case9_placement_legal.json,/mnt/d/WORK/96/flow_tap/resultEval/FM_result/pareto_weight_sweep_seed121_legal_only_format/Case9_thermal30_wirelength0p2_seed121.json,Case9_thermal30_wirelength0p2_seed121
Case9,44,121,30,2,ok,true,/mnt/d/WORK/96/flow_tap/LayoutGenModel/logs/output/cases_hubump/cases-hubump-pareto-Case9-t30-w2/seed_121/legalized/04_Case9_placement_legal_report.json,/mnt/d/WORK/96/flow_tap/LayoutGenModel/logs/output/cases_hubump/cases-hubump-pareto-Case9-t30-w2/seed_121/legalized/04_Case9_placement_legal.json,/mnt/d/WORK/96/flow_tap/resultEval/FM_result/pareto_weight_sweep_seed121_legal_only_format/Case9_thermal30_wirelength2_seed121.json,Case9_thermal30_wirelength2_seed121
Case9,46,121,100,0,ok,true,/mnt/d/WORK/96/flow_tap/LayoutGenModel/logs/output/cases_hubump/cases-hubump-pareto-Case9-t100-w0/seed_121/legalized/04_Case9_placement_legal_report.json,/mnt/d/WORK/96/flow_tap/LayoutGenModel/logs/output/cases_hubump/cases-hubump-pareto-Case9-t100-w0/seed_121/legalized/04_Case9_placement_legal.json,/mnt/d/WORK/96/flow_tap/resultEval/FM_result/pareto_weight_sweep_seed121_legal_only_format/Case9_thermal100_wirelength0_seed121.json,Case9_thermal100_wirelength0_seed121
Case9,47,121,100,0.02,ok,true,/mnt/d/WORK/96/flow_tap/LayoutGenModel/logs/output/cases_hubump/cases-hubump-pareto-Case9-t100-w0p02/seed_121/legalized/04_Case9_placement_legal_report.json,/mnt/d/WORK/96/flow_tap/LayoutGenModel/logs/output/cases_hubump/cases-hubump-pareto-Case9-t100-w0p02/seed_121/legalized/04_Case9_placement_legal.json,/mnt/d/WORK/96/flow_tap/resultEval/FM_result/pareto_weight_sweep_seed121_legal_only_format/Case9_thermal100_wirelength0p02_seed121.json,Case9_thermal100_wirelength0p02_seed121
Case9,48,121,100,0.2,ok,true,/mnt/d/WORK/96/flow_tap/LayoutGenModel/logs/output/cases_hubump/cases-hubump-pareto-Case9-t100-w0p2/seed_121/legalized/04_Case9_placement_legal_report.json,/mnt/d/WORK/96/flow_tap/LayoutGenModel/logs/output/cases_hubump/cases-hubump-pareto-Case9-t100-w0p2/seed_121/legalized/04_Case9_placement_legal.json,/mnt/d/WORK/96/flow_tap/resultEval/FM_result/pareto_weight_sweep_seed121_legal_only_format/Case9_thermal100_wirelength0p2_seed121.json,Case9_thermal100_wirelength0p2_seed121
Case9,49,121,100,2,ok,true,/mnt/d/WORK/96/flow_tap/LayoutGenModel/logs/output/cases_hubump/cases-hubump-pareto-Case9-t100-w2/seed_121/legalized/04_Case9_placement_legal_report.json,/mnt/d/WORK/96/flow_tap/LayoutGenModel/logs/output/cases_hubump/cases-hubump-pareto-Case9-t100-w2/seed_121/legalized/04_Case9_placement_legal.json,/mnt/d/WORK/96/flow_tap/resultEval/FM_result/pareto_weight_sweep_seed121_legal_only_format/Case9_thermal100_wirelength2_seed121.json,Case9_thermal100_wirelength2_seed121
acend910,1,121,0,0,ok,true,/mnt/d/WORK/96/flow_tap/LayoutGenModel/logs/output/cases_hubump/cases-hubump-pareto-acend910-t0-w0/seed_121/legalized/05_acend910_placement_legal_report.json,/mnt/d/WORK/96/flow_tap/LayoutGenModel/logs/output/cases_hubump/cases-hubump-pareto-acend910-t0-w0/seed_121/legalized/05_acend910_placement_legal.json,/mnt/d/WORK/96/flow_tap/resultEval/FM_result/pareto_weight_sweep_seed121_legal_only_format/acend910_thermal0_wirelength0_seed121.json,acend910_thermal0_wirelength0_seed121
acend910,2,121,0,0.02,ok,true,/mnt/d/WORK/96/flow_tap/LayoutGenModel/logs/output/cases_hubump/cases-hubump-pareto-acend910-t0-w0p02/seed_121/legalized/05_acend910_placement_legal_report.json,/mnt/d/WORK/96/flow_tap/LayoutGenModel/logs/output/cases_hubump/cases-hubump-pareto-acend910-t0-w0p02/seed_121/legalized/05_acend910_placement_legal.json,/mnt/d/WORK/96/flow_tap/resultEval/FM_result/pareto_weight_sweep_seed121_legal_only_format/acend910_thermal0_wirelength0p02_seed121.json,acend910_thermal0_wirelength0p02_seed121
Case9,50,121,100,50,ok,true,/mnt/d/WORK/96/flow_tap/LayoutGenModel/logs/output/cases_hubump/cases-hubump-pareto-Case9-t100-w50/seed_121/legalized/04_Case9_placement_legal_report.json,/mnt/d/WORK/96/flow_tap/LayoutGenModel/logs/output/cases_hubump/cases-hubump-pareto-Case9-t100-w50/seed_121/legalized/04_Case9_placement_legal.json,/mnt/d/WORK/96/flow_tap/resultEval/FM_result/pareto_weight_sweep_seed121_legal_only_format/Case9_thermal100_wirelength50_seed121.json,Case9_thermal100_wirelength50_seed121
acend910,6,121,0.01,0,ok,true,/mnt/d/WORK/96/flow_tap/LayoutGenModel/logs/output/cases_hubump/cases-hubump-pareto-acend910-t0p01-w0/seed_121/legalized/05_acend910_placement_legal_report.json,/mnt/d/WORK/96/flow_tap/LayoutGenModel/logs/output/cases_hubump/cases-hubump-pareto-acend910-t0p01-w0/seed_121/legalized/05_acend910_placement_legal.json,/mnt/d/WORK/96/flow_tap/resultEval/FM_result/pareto_weight_sweep_seed121_legal_only_format/acend910_thermal0p01_wirelength0_seed121.json,acend910_thermal0p01_wirelength0_seed121
acend910,5,121,0,50,ok,true,/mnt/d/WORK/96/flow_tap/LayoutGenModel/logs/output/cases_hubump/cases-hubump-pareto-acend910-t0-w50/seed_121/legalized/05_acend910_placement_legal_report.json,/mnt/d/WORK/96/flow_tap/LayoutGenModel/logs/output/cases_hubump/cases-hubump-pareto-acend910-t0-w50/seed_121/legalized/05_acend910_placement_legal.json,/mnt/d/WORK/96/flow_tap/resultEval/FM_result/pareto_weight_sweep_seed121_legal_only_format/acend910_thermal0_wirelength50_seed121.json,acend910_thermal0_wirelength50_seed121
acend910,7,121,0.01,0.02,ok,true,/mnt/d/WORK/96/flow_tap/LayoutGenModel/logs/output/cases_hubump/cases-hubump-pareto-acend910-t0p01-w0p02/seed_121/legalized/05_acend910_placement_legal_report.json,/mnt/d/WORK/96/flow_tap/LayoutGenModel/logs/output/cases_hubump/cases-hubump-pareto-acend910-t0p01-w0p02/seed_121/legalized/05_acend910_placement_legal.json,/mnt/d/WORK/96/flow_tap/resultEval/FM_result/pareto_weight_sweep_seed121_legal_only_format/acend910_thermal0p01_wirelength0p02_seed121.json,acend910_thermal0p01_wirelength0p02_seed121
acend910,9,121,0.01,2,ok,true,/mnt/d/WORK/96/flow_tap/LayoutGenModel/logs/output/cases_hubump/cases-hubump-pareto-acend910-t0p01-w2/seed_121/legalized/05_acend910_placement_legal_report.json,/mnt/d/WORK/96/flow_tap/LayoutGenModel/logs/output/cases_hubump/cases-hubump-pareto-acend910-t0p01-w2/seed_121/legalized/05_acend910_placement_legal.json,/mnt/d/WORK/96/flow_tap/resultEval/FM_result/pareto_weight_sweep_seed121_legal_only_format/acend910_thermal0p01_wirelength2_seed121.json,acend910_thermal0p01_wirelength2_seed121
acend910,10,121,0.01,50,ok,true,/mnt/d/WORK/96/flow_tap/LayoutGenModel/logs/output/cases_hubump/cases-hubump-pareto-acend910-t0p01-w50/seed_121/legalized/05_acend910_placement_legal_report.json,/mnt/d/WORK/96/flow_tap/LayoutGenModel/logs/output/cases_hubump/cases-hubump-pareto-acend910-t0p01-w50/seed_121/legalized/05_acend910_placement_legal.json,/mnt/d/WORK/96/flow_tap/resultEval/FM_result/pareto_weight_sweep_seed121_legal_only_format/acend910_thermal0p01_wirelength50_seed121.json,acend910_thermal0p01_wirelength50_seed121
acend910,11,121,0.03,0,ok,true,/mnt/d/WORK/96/flow_tap/LayoutGenModel/logs/output/cases_hubump/cases-hubump-pareto-acend910-t0p03-w0/seed_121/legalized/05_acend910_placement_legal_report.json,/mnt/d/WORK/96/flow_tap/LayoutGenModel/logs/output/cases_hubump/cases-hubump-pareto-acend910-t0p03-w0/seed_121/legalized/05_acend910_placement_legal.json,/mnt/d/WORK/96/flow_tap/resultEval/FM_result/pareto_weight_sweep_seed121_legal_only_format/acend910_thermal0p03_wirelength0_seed121.json,acend910_thermal0p03_wirelength0_seed121
acend910,12,121,0.03,0.02,ok,true,/mnt/d/WORK/96/flow_tap/LayoutGenModel/logs/output/cases_hubump/cases-hubump-pareto-acend910-t0p03-w0p02/seed_121/legalized/05_acend910_placement_legal_report.json,/mnt/d/WORK/96/flow_tap/LayoutGenModel/logs/output/cases_hubump/cases-hubump-pareto-acend910-t0p03-w0p02/seed_121/legalized/05_acend910_placement_legal.json,/mnt/d/WORK/96/flow_tap/resultEval/FM_result/pareto_weight_sweep_seed121_legal_only_format/acend910_thermal0p03_wirelength0p02_seed121.json,acend910_thermal0p03_wirelength0p02_seed121
acend910,14,121,0.03,2,ok,true,/mnt/d/WORK/96/flow_tap/LayoutGenModel/logs/output/cases_hubump/cases-hubump-pareto-acend910-t0p03-w2/seed_121/legalized/05_acend910_placement_legal_report.json,/mnt/d/WORK/96/flow_tap/LayoutGenModel/logs/output/cases_hubump/cases-hubump-pareto-acend910-t0p03-w2/seed_121/legalized/05_acend910_placement_legal.json,/mnt/d/WORK/96/flow_tap/resultEval/FM_result/pareto_weight_sweep_seed121_legal_only_format/acend910_thermal0p03_wirelength2_seed121.json,acend910_thermal0p03_wirelength2_seed121
acend910,15,121,0.03,50,ok,true,/mnt/d/WORK/96/flow_tap/LayoutGenModel/logs/output/cases_hubump/cases-hubump-pareto-acend910-t0p03-w50/seed_121/legalized/05_acend910_placement_legal_report.json,/mnt/d/WORK/96/flow_tap/LayoutGenModel/logs/output/cases_hubump/cases-hubump-pareto-acend910-t0p03-w50/seed_121/legalized/05_acend910_placement_legal.json,/mnt/d/WORK/96/flow_tap/resultEval/FM_result/pareto_weight_sweep_seed121_legal_only_format/acend910_thermal0p03_wirelength50_seed121.json,acend910_thermal0p03_wirelength50_seed121
acend910,16,121,0.1,0,ok,true,/mnt/d/WORK/96/flow_tap/LayoutGenModel/logs/output/cases_hubump/cases-hubump-pareto-acend910-t0p1-w0/seed_121/legalized/05_acend910_placement_legal_report.json,/mnt/d/WORK/96/flow_tap/LayoutGenModel/logs/output/cases_hubump/cases-hubump-pareto-acend910-t0p1-w0/seed_121/legalized/05_acend910_placement_legal.json,/mnt/d/WORK/96/flow_tap/resultEval/FM_result/pareto_weight_sweep_seed121_legal_only_format/acend910_thermal0p1_wirelength0_seed121.json,acend910_thermal0p1_wirelength0_seed121
acend910,17,121,0.1,0.02,ok,true,/mnt/d/WORK/96/flow_tap/LayoutGenModel/logs/output/cases_hubump/cases-hubump-pareto-acend910-t0p1-w0p02/seed_121/legalized/05_acend910_placement_legal_report.json,/mnt/d/WORK/96/flow_tap/LayoutGenModel/logs/output/cases_hubump/cases-hubump-pareto-acend910-t0p1-w0p02/seed_121/legalized/05_acend910_placement_legal.json,/mnt/d/WORK/96/flow_tap/resultEval/FM_result/pareto_weight_sweep_seed121_legal_only_format/acend910_thermal0p1_wirelength0p02_seed121.json,acend910_thermal0p1_wirelength0p02_seed121
acend910,19,121,0.1,2,ok,true,/mnt/d/WORK/96/flow_tap/LayoutGenModel/logs/output/cases_hubump/cases-hubump-pareto-acend910-t0p1-w2/seed_121/legalized/05_acend910_placement_legal_report.json,/mnt/d/WORK/96/flow_tap/LayoutGenModel/logs/output/cases_hubump/cases-hubump-pareto-acend910-t0p1-w2/seed_121/legalized/05_acend910_placement_legal.json,/mnt/d/WORK/96/flow_tap/resultEval/FM_result/pareto_weight_sweep_seed121_legal_only_format/acend910_thermal0p1_wirelength2_seed121.json,acend910_thermal0p1_wirelength2_seed121
acend910,20,121,0.1,50,ok,true,/mnt/d/WORK/96/flow_tap/LayoutGenModel/logs/output/cases_hubump/cases-hubump-pareto-acend910-t0p1-w50/seed_121/legalized/05_acend910_placement_legal_report.json,/mnt/d/WORK/96/flow_tap/LayoutGenModel/logs/output/cases_hubump/cases-hubump-pareto-acend910-t0p1-w50/seed_121/legalized/05_acend910_placement_legal.json,/mnt/d/WORK/96/flow_tap/resultEval/FM_result/pareto_weight_sweep_seed121_legal_only_format/acend910_thermal0p1_wirelength50_seed121.json,acend910_thermal0p1_wirelength50_seed121
acend910,21,121,0.3,0,ok,true,/mnt/d/WORK/96/flow_tap/LayoutGenModel/logs/output/cases_hubump/cases-hubump-pareto-acend910-t0p3-w0/seed_121/legalized/05_acend910_placement_legal_report.json,/mnt/d/WORK/96/flow_tap/LayoutGenModel/logs/output/cases_hubump/cases-hubump-pareto-acend910-t0p3-w0/seed_121/legalized/05_acend910_placement_legal.json,/mnt/d/WORK/96/flow_tap/resultEval/FM_result/pareto_weight_sweep_seed121_legal_only_format/acend910_thermal0p3_wirelength0_seed121.json,acend910_thermal0p3_wirelength0_seed121
acend910,22,121,0.3,0.02,ok,true,/mnt/d/WORK/96/flow_tap/LayoutGenModel/logs/output/cases_hubump/cases-hubump-pareto-acend910-t0p3-w0p02/seed_121/legalized/05_acend910_placement_legal_report.json,/mnt/d/WORK/96/flow_tap/LayoutGenModel/logs/output/cases_hubump/cases-hubump-pareto-acend910-t0p3-w0p02/seed_121/legalized/05_acend910_placement_legal.json,/mnt/d/WORK/96/flow_tap/resultEval/FM_result/pareto_weight_sweep_seed121_legal_only_format/acend910_thermal0p3_wirelength0p02_seed121.json,acend910_thermal0p3_wirelength0p02_seed121
acend910,25,121,0.3,50,ok,true,/mnt/d/WORK/96/flow_tap/LayoutGenModel/logs/output/cases_hubump/cases-hubump-pareto-acend910-t0p3-w50/seed_121/legalized/05_acend910_placement_legal_report.json,/mnt/d/WORK/96/flow_tap/LayoutGenModel/logs/output/cases_hubump/cases-hubump-pareto-acend910-t0p3-w50/seed_121/legalized/05_acend910_placement_legal.json,/mnt/d/WORK/96/flow_tap/resultEval/FM_result/pareto_weight_sweep_seed121_legal_only_format/acend910_thermal0p3_wirelength50_seed121.json,acend910_thermal0p3_wirelength50_seed121
acend910,26,121,1,0,ok,true,/mnt/d/WORK/96/flow_tap/LayoutGenModel/logs/output/cases_hubump/cases-hubump-pareto-acend910-t1-w0/seed_121/legalized/05_acend910_placement_legal_report.json,/mnt/d/WORK/96/flow_tap/LayoutGenModel/logs/output/cases_hubump/cases-hubump-pareto-acend910-t1-w0/seed_121/legalized/05_acend910_placement_legal.json,/mnt/d/WORK/96/flow_tap/resultEval/FM_result/pareto_weight_sweep_seed121_legal_only_format/acend910_thermal1_wirelength0_seed121.json,acend910_thermal1_wirelength0_seed121
acend910,27,121,1,0.02,ok,true,/mnt/d/WORK/96/flow_tap/LayoutGenModel/logs/output/cases_hubump/cases-hubump-pareto-acend910-t1-w0p02/seed_121/legalized/05_acend910_placement_legal_report.json,/mnt/d/WORK/96/flow_tap/LayoutGenModel/logs/output/cases_hubump/cases-hubump-pareto-acend910-t1-w0p02/seed_121/legalized/05_acend910_placement_legal.json,/mnt/d/WORK/96/flow_tap/resultEval/FM_result/pareto_weight_sweep_seed121_legal_only_format/acend910_thermal1_wirelength0p02_seed121.json,acend910_thermal1_wirelength0p02_seed121
acend910,29,121,1,2,ok,true,/mnt/d/WORK/96/flow_tap/LayoutGenModel/logs/output/cases_hubump/cases-hubump-pareto-acend910-t1-w2/seed_121/legalized/05_acend910_placement_legal_report.json,/mnt/d/WORK/96/flow_tap/LayoutGenModel/logs/output/cases_hubump/cases-hubump-pareto-acend910-t1-w2/seed_121/legalized/05_acend910_placement_legal.json,/mnt/d/WORK/96/flow_tap/resultEval/FM_result/pareto_weight_sweep_seed121_legal_only_format/acend910_thermal1_wirelength2_seed121.json,acend910_thermal1_wirelength2_seed121
acend910,31,121,3,0,ok,true,/mnt/d/WORK/96/flow_tap/LayoutGenModel/logs/output/cases_hubump/cases-hubump-pareto-acend910-t3-w0/seed_121/legalized/05_acend910_placement_legal_report.json,/mnt/d/WORK/96/flow_tap/LayoutGenModel/logs/output/cases_hubump/cases-hubump-pareto-acend910-t3-w0/seed_121/legalized/05_acend910_placement_legal.json,/mnt/d/WORK/96/flow_tap/resultEval/FM_result/pareto_weight_sweep_seed121_legal_only_format/acend910_thermal3_wirelength0_seed121.json,acend910_thermal3_wirelength0_seed121
acend910,30,121,1,50,ok,true,/mnt/d/WORK/96/flow_tap/LayoutGenModel/logs/output/cases_hubump/cases-hubump-pareto-acend910-t1-w50/seed_121/legalized/05_acend910_placement_legal_report.json,/mnt/d/WORK/96/flow_tap/LayoutGenModel/logs/output/cases_hubump/cases-hubump-pareto-acend910-t1-w50/seed_121/legalized/05_acend910_placement_legal.json,/mnt/d/WORK/96/flow_tap/resultEval/FM_result/pareto_weight_sweep_seed121_legal_only_format/acend910_thermal1_wirelength50_seed121.json,acend910_thermal1_wirelength50_seed121
acend910,32,121,3,0.02,ok,true,/mnt/d/WORK/96/flow_tap/LayoutGenModel/logs/output/cases_hubump/cases-hubump-pareto-acend910-t3-w0p02/seed_121/legalized/05_acend910_placement_legal_report.json,/mnt/d/WORK/96/flow_tap/LayoutGenModel/logs/output/cases_hubump/cases-hubump-pareto-acend910-t3-w0p02/seed_121/legalized/05_acend910_placement_legal.json,/mnt/d/WORK/96/flow_tap/resultEval/FM_result/pareto_weight_sweep_seed121_legal_only_format/acend910_thermal3_wirelength0p02_seed121.json,acend910_thermal3_wirelength0p02_seed121
acend910,34,121,3,2,ok,true,/mnt/d/WORK/96/flow_tap/LayoutGenModel/logs/output/cases_hubump/cases-hubump-pareto-acend910-t3-w2/seed_121/legalized/05_acend910_placement_legal_report.json,/mnt/d/WORK/96/flow_tap/LayoutGenModel/logs/output/cases_hubump/cases-hubump-pareto-acend910-t3-w2/seed_121/legalized/05_acend910_placement_legal.json,/mnt/d/WORK/96/flow_tap/resultEval/FM_result/pareto_weight_sweep_seed121_legal_only_format/acend910_thermal3_wirelength2_seed121.json,acend910_thermal3_wirelength2_seed121
acend910,35,121,3,50,ok,true,/mnt/d/WORK/96/flow_tap/LayoutGenModel/logs/output/cases_hubump/cases-hubump-pareto-acend910-t3-w50/seed_121/legalized/05_acend910_placement_legal_report.json,/mnt/d/WORK/96/flow_tap/LayoutGenModel/logs/output/cases_hubump/cases-hubump-pareto-acend910-t3-w50/seed_121/legalized/05_acend910_placement_legal.json,/mnt/d/WORK/96/flow_tap/resultEval/FM_result/pareto_weight_sweep_seed121_legal_only_format/acend910_thermal3_wirelength50_seed121.json,acend910_thermal3_wirelength50_seed121
acend910,37,121,10,0.02,ok,true,/mnt/d/WORK/96/flow_tap/LayoutGenModel/logs/output/cases_hubump/cases-hubump-pareto-acend910-t10-w0p02/seed_121/legalized/05_acend910_placement_legal_report.json,/mnt/d/WORK/96/flow_tap/LayoutGenModel/logs/output/cases_hubump/cases-hubump-pareto-acend910-t10-w0p02/seed_121/legalized/05_acend910_placement_legal.json,/mnt/d/WORK/96/flow_tap/resultEval/FM_result/pareto_weight_sweep_seed121_legal_only_format/acend910_thermal10_wirelength0p02_seed121.json,acend910_thermal10_wirelength0p02_seed121
acend910,36,121,10,0,ok,true,/mnt/d/WORK/96/flow_tap/LayoutGenModel/logs/output/cases_hubump/cases-hubump-pareto-acend910-t10-w0/seed_121/legalized/05_acend910_placement_legal_report.json,/mnt/d/WORK/96/flow_tap/LayoutGenModel/logs/output/cases_hubump/cases-hubump-pareto-acend910-t10-w0/seed_121/legalized/05_acend910_placement_legal.json,/mnt/d/WORK/96/flow_tap/resultEval/FM_result/pareto_weight_sweep_seed121_legal_only_format/acend910_thermal10_wirelength0_seed121.json,acend910_thermal10_wirelength0_seed121
acend910,39,121,10,2,ok,true,/mnt/d/WORK/96/flow_tap/LayoutGenModel/logs/output/cases_hubump/cases-hubump-pareto-acend910-t10-w2/seed_121/legalized/05_acend910_placement_legal_report.json,/mnt/d/WORK/96/flow_tap/LayoutGenModel/logs/output/cases_hubump/cases-hubump-pareto-acend910-t10-w2/seed_121/legalized/05_acend910_placement_legal.json,/mnt/d/WORK/96/flow_tap/resultEval/FM_result/pareto_weight_sweep_seed121_legal_only_format/acend910_thermal10_wirelength2_seed121.json,acend910_thermal10_wirelength2_seed121
acend910,40,121,10,50,ok,true,/mnt/d/WORK/96/flow_tap/LayoutGenModel/logs/output/cases_hubump/cases-hubump-pareto-acend910-t10-w50/seed_121/legalized/05_acend910_placement_legal_report.json,/mnt/d/WORK/96/flow_tap/LayoutGenModel/logs/output/cases_hubump/cases-hubump-pareto-acend910-t10-w50/seed_121/legalized/05_acend910_placement_legal.json,/mnt/d/WORK/96/flow_tap/resultEval/FM_result/pareto_weight_sweep_seed121_legal_only_format/acend910_thermal10_wirelength50_seed121.json,acend910_thermal10_wirelength50_seed121
acend910,41,121,30,0,ok,true,/mnt/d/WORK/96/flow_tap/LayoutGenModel/logs/output/cases_hubump/cases-hubump-pareto-acend910-t30-w0/seed_121/legalized/05_acend910_placement_legal_report.json,/mnt/d/WORK/96/flow_tap/LayoutGenModel/logs/output/cases_hubump/cases-hubump-pareto-acend910-t30-w0/seed_121/legalized/05_acend910_placement_legal.json,/mnt/d/WORK/96/flow_tap/resultEval/FM_result/pareto_weight_sweep_seed121_legal_only_format/acend910_thermal30_wirelength0_seed121.json,acend910_thermal30_wirelength0_seed121
acend910,43,121,30,0.2,ok,true,/mnt/d/WORK/96/flow_tap/LayoutGenModel/logs/output/cases_hubump/cases-hubump-pareto-acend910-t30-w0p2/seed_121/legalized/05_acend910_placement_legal_report.json,/mnt/d/WORK/96/flow_tap/LayoutGenModel/logs/output/cases_hubump/cases-hubump-pareto-acend910-t30-w0p2/seed_121/legalized/05_acend910_placement_legal.json,/mnt/d/WORK/96/flow_tap/resultEval/FM_result/pareto_weight_sweep_seed121_legal_only_format/acend910_thermal30_wirelength0p2_seed121.json,acend910_thermal30_wirelength0p2_seed121
acend910,42,121,30,0.02,ok,true,/mnt/d/WORK/96/flow_tap/LayoutGenModel/logs/output/cases_hubump/cases-hubump-pareto-acend910-t30-w0p02/seed_121/legalized/05_acend910_placement_legal_report.json,/mnt/d/WORK/96/flow_tap/LayoutGenModel/logs/output/cases_hubump/cases-hubump-pareto-acend910-t30-w0p02/seed_121/legalized/05_acend910_placement_legal.json,/mnt/d/WORK/96/flow_tap/resultEval/FM_result/pareto_weight_sweep_seed121_legal_only_format/acend910_thermal30_wirelength0p02_seed121.json,acend910_thermal30_wirelength0p02_seed121
acend910,44,121,30,2,ok,true,/mnt/d/WORK/96/flow_tap/LayoutGenModel/logs/output/cases_hubump/cases-hubump-pareto-acend910-t30-w2/seed_121/legalized/05_acend910_placement_legal_report.json,/mnt/d/WORK/96/flow_tap/LayoutGenModel/logs/output/cases_hubump/cases-hubump-pareto-acend910-t30-w2/seed_121/legalized/05_acend910_placement_legal.json,/mnt/d/WORK/96/flow_tap/resultEval/FM_result/pareto_weight_sweep_seed121_legal_only_format/acend910_thermal30_wirelength2_seed121.json,acend910_thermal30_wirelength2_seed121
acend910,46,121,100,0,ok,true,/mnt/d/WORK/96/flow_tap/LayoutGenModel/logs/output/cases_hubump/cases-hubump-pareto-acend910-t100-w0/seed_121/legalized/05_acend910_placement_legal_report.json,/mnt/d/WORK/96/flow_tap/LayoutGenModel/logs/output/cases_hubump/cases-hubump-pareto-acend910-t100-w0/seed_121/legalized/05_acend910_placement_legal.json,/mnt/d/WORK/96/flow_tap/resultEval/FM_result/pareto_weight_sweep_seed121_legal_only_format/acend910_thermal100_wirelength0_seed121.json,acend910_thermal100_wirelength0_seed121
acend910,47,121,100,0.02,ok,true,/mnt/d/WORK/96/flow_tap/LayoutGenModel/logs/output/cases_hubump/cases-hubump-pareto-acend910-t100-w0p02/seed_121/legalized/05_acend910_placement_legal_report.json,/mnt/d/WORK/96/flow_tap/LayoutGenModel/logs/output/cases_hubump/cases-hubump-pareto-acend910-t100-w0p02/seed_121/legalized/05_acend910_placement_legal.json,/mnt/d/WORK/96/flow_tap/resultEval/FM_result/pareto_weight_sweep_seed121_legal_only_format/acend910_thermal100_wirelength0p02_seed121.json,acend910_thermal100_wirelength0p02_seed121
acend910,49,121,100,2,ok,true,/mnt/d/WORK/96/flow_tap/LayoutGenModel/logs/output/cases_hubump/cases-hubump-pareto-acend910-t100-w2/seed_121/legalized/05_acend910_placement_legal_report.json,/mnt/d/WORK/96/flow_tap/LayoutGenModel/logs/output/cases_hubump/cases-hubump-pareto-acend910-t100-w2/seed_121/legalized/05_acend910_placement_legal.json,/mnt/d/WORK/96/flow_tap/resultEval/FM_result/pareto_weight_sweep_seed121_legal_only_format/acend910_thermal100_wirelength2_seed121.json,acend910_thermal100_wirelength2_seed121
acend910,50,121,100,50,ok,true,/mnt/d/WORK/96/flow_tap/LayoutGenModel/logs/output/cases_hubump/cases-hubump-pareto-acend910-t100-w50/seed_121/legalized/05_acend910_placement_legal_report.json,/mnt/d/WORK/96/flow_tap/LayoutGenModel/logs/output/cases_hubump/cases-hubump-pareto-acend910-t100-w50/seed_121/legalized/05_acend910_placement_legal.json,/mnt/d/WORK/96/flow_tap/resultEval/FM_result/pareto_weight_sweep_seed121_legal_only_format/acend910_thermal100_wirelength50_seed121.json,acend910_thermal100_wirelength50_seed121
cpu-dram,1,121,0,0,ok,true,/mnt/d/WORK/96/flow_tap/LayoutGenModel/logs/output/cases_hubump/cases-hubump-pareto-cpu-dram-t0-w0/seed_121/legalized/06_cpu-dram_placement_legal_report.json,/mnt/d/WORK/96/flow_tap/LayoutGenModel/logs/output/cases_hubump/cases-hubump-pareto-cpu-dram-t0-w0/seed_121/legalized/06_cpu-dram_placement_legal.json,/mnt/d/WORK/96/flow_tap/resultEval/FM_result/pareto_weight_sweep_seed121_legal_only_format/cpu-dram_thermal0_wirelength0_seed121.json,cpu-dram_thermal0_wirelength0_seed121
cpu-dram,2,121,0,0.02,ok,true,/mnt/d/WORK/96/flow_tap/LayoutGenModel/logs/output/cases_hubump/cases-hubump-pareto-cpu-dram-t0-w0p02/seed_121/legalized/06_cpu-dram_placement_legal_report.json,/mnt/d/WORK/96/flow_tap/LayoutGenModel/logs/output/cases_hubump/cases-hubump-pareto-cpu-dram-t0-w0p02/seed_121/legalized/06_cpu-dram_placement_legal.json,/mnt/d/WORK/96/flow_tap/resultEval/FM_result/pareto_weight_sweep_seed121_legal_only_format/cpu-dram_thermal0_wirelength0p02_seed121.json,cpu-dram_thermal0_wirelength0p02_seed121
cpu-dram,3,121,0,0.2,ok,true,/mnt/d/WORK/96/flow_tap/LayoutGenModel/logs/output/cases_hubump/cases-hubump-pareto-cpu-dram-t0-w0p2/seed_121/legalized/06_cpu-dram_placement_legal_report.json,/mnt/d/WORK/96/flow_tap/LayoutGenModel/logs/output/cases_hubump/cases-hubump-pareto-cpu-dram-t0-w0p2/seed_121/legalized/06_cpu-dram_placement_legal.json,/mnt/d/WORK/96/flow_tap/resultEval/FM_result/pareto_weight_sweep_seed121_legal_only_format/cpu-dram_thermal0_wirelength0p2_seed121.json,cpu-dram_thermal0_wirelength0p2_seed121
cpu-dram,4,121,0,2,ok,true,/mnt/d/WORK/96/flow_tap/LayoutGenModel/logs/output/cases_hubump/cases-hubump-pareto-cpu-dram-t0-w2/seed_121/legalized/06_cpu-dram_placement_legal_report.json,/mnt/d/WORK/96/flow_tap/LayoutGenModel/logs/output/cases_hubump/cases-hubump-pareto-cpu-dram-t0-w2/seed_121/legalized/06_cpu-dram_placement_legal.json,/mnt/d/WORK/96/flow_tap/resultEval/FM_result/pareto_weight_sweep_seed121_legal_only_format/cpu-dram_thermal0_wirelength2_seed121.json,cpu-dram_thermal0_wirelength2_seed121
cpu-dram,6,121,0.01,0,ok,true,/mnt/d/WORK/96/flow_tap/LayoutGenModel/logs/output/cases_hubump/cases-hubump-pareto-cpu-dram-t0p01-w0/seed_121/legalized/06_cpu-dram_placement_legal_report.json,/mnt/d/WORK/96/flow_tap/LayoutGenModel/logs/output/cases_hubump/cases-hubump-pareto-cpu-dram-t0p01-w0/seed_121/legalized/06_cpu-dram_placement_legal.json,/mnt/d/WORK/96/flow_tap/resultEval/FM_result/pareto_weight_sweep_seed121_legal_only_format/cpu-dram_thermal0p01_wirelength0_seed121.json,cpu-dram_thermal0p01_wirelength0_seed121
cpu-dram,7,121,0.01,0.02,ok,true,/mnt/d/WORK/96/flow_tap/LayoutGenModel/logs/output/cases_hubump/cases-hubump-pareto-cpu-dram-t0p01-w0p02/seed_121/legalized/06_cpu-dram_placement_legal_report.json,/mnt/d/WORK/96/flow_tap/LayoutGenModel/logs/output/cases_hubump/cases-hubump-pareto-cpu-dram-t0p01-w0p02/seed_121/legalized/06_cpu-dram_placement_legal.json,/mnt/d/WORK/96/flow_tap/resultEval/FM_result/pareto_weight_sweep_seed121_legal_only_format/cpu-dram_thermal0p01_wirelength0p02_seed121.json,cpu-dram_thermal0p01_wirelength0p02_seed121
cpu-dram,8,121,0.01,0.2,ok,true,/mnt/d/WORK/96/flow_tap/LayoutGenModel/logs/output/cases_hubump/cases-hubump-pareto-cpu-dram-t0p01-w0p2/seed_121/legalized/06_cpu-dram_placement_legal_report.json,/mnt/d/WORK/96/flow_tap/LayoutGenModel/logs/output/cases_hubump/cases-hubump-pareto-cpu-dram-t0p01-w0p2/seed_121/legalized/06_cpu-dram_placement_legal.json,/mnt/d/WORK/96/flow_tap/resultEval/FM_result/pareto_weight_sweep_seed121_legal_only_format/cpu-dram_thermal0p01_wirelength0p2_seed121.json,cpu-dram_thermal0p01_wirelength0p2_seed121
cpu-dram,9,121,0.01,2,ok,true,/mnt/d/WORK/96/flow_tap/LayoutGenModel/logs/output/cases_hubump/cases-hubump-pareto-cpu-dram-t0p01-w2/seed_121/legalized/06_cpu-dram_placement_legal_report.json,/mnt/d/WORK/96/flow_tap/LayoutGenModel/logs/output/cases_hubump/cases-hubump-pareto-cpu-dram-t0p01-w2/seed_121/legalized/06_cpu-dram_placement_legal.json,/mnt/d/WORK/96/flow_tap/resultEval/FM_result/pareto_weight_sweep_seed121_legal_only_format/cpu-dram_thermal0p01_wirelength2_seed121.json,cpu-dram_thermal0p01_wirelength2_seed121
cpu-dram,11,121,0.03,0,ok,true,/mnt/d/WORK/96/flow_tap/LayoutGenModel/logs/output/cases_hubump/cases-hubump-pareto-cpu-dram-t0p03-w0/seed_121/legalized/06_cpu-dram_placement_legal_report.json,/mnt/d/WORK/96/flow_tap/LayoutGenModel/logs/output/cases_hubump/cases-hubump-pareto-cpu-dram-t0p03-w0/seed_121/legalized/06_cpu-dram_placement_legal.json,/mnt/d/WORK/96/flow_tap/resultEval/FM_result/pareto_weight_sweep_seed121_legal_only_format/cpu-dram_thermal0p03_wirelength0_seed121.json,cpu-dram_thermal0p03_wirelength0_seed121
cpu-dram,12,121,0.03,0.02,ok,true,/mnt/d/WORK/96/flow_tap/LayoutGenModel/logs/output/cases_hubump/cases-hubump-pareto-cpu-dram-t0p03-w0p02/seed_121/legalized/06_cpu-dram_placement_legal_report.json,/mnt/d/WORK/96/flow_tap/LayoutGenModel/logs/output/cases_hubump/cases-hubump-pareto-cpu-dram-t0p03-w0p02/seed_121/legalized/06_cpu-dram_placement_legal.json,/mnt/d/WORK/96/flow_tap/resultEval/FM_result/pareto_weight_sweep_seed121_legal_only_format/cpu-dram_thermal0p03_wirelength0p02_seed121.json,cpu-dram_thermal0p03_wirelength0p02_seed121
cpu-dram,13,121,0.03,0.2,ok,true,/mnt/d/WORK/96/flow_tap/LayoutGenModel/logs/output/cases_hubump/cases-hubump-pareto-cpu-dram-t0p03-w0p2/seed_121/legalized/06_cpu-dram_placement_legal_report.json,/mnt/d/WORK/96/flow_tap/LayoutGenModel/logs/output/cases_hubump/cases-hubump-pareto-cpu-dram-t0p03-w0p2/seed_121/legalized/06_cpu-dram_placement_legal.json,/mnt/d/WORK/96/flow_tap/resultEval/FM_result/pareto_weight_sweep_seed121_legal_only_format/cpu-dram_thermal0p03_wirelength0p2_seed121.json,cpu-dram_thermal0p03_wirelength0p2_seed121
cpu-dram,14,121,0.03,2,ok,true,/mnt/d/WORK/96/flow_tap/LayoutGenModel/logs/output/cases_hubump/cases-hubump-pareto-cpu-dram-t0p03-w2/seed_121/legalized/06_cpu-dram_placement_legal_report.json,/mnt/d/WORK/96/flow_tap/LayoutGenModel/logs/output/cases_hubump/cases-hubump-pareto-cpu-dram-t0p03-w2/seed_121/legalized/06_cpu-dram_placement_legal.json,/mnt/d/WORK/96/flow_tap/resultEval/FM_result/pareto_weight_sweep_seed121_legal_only_format/cpu-dram_thermal0p03_wirelength2_seed121.json,cpu-dram_thermal0p03_wirelength2_seed121
cpu-dram,15,121,0.03,50,ok,true,/mnt/d/WORK/96/flow_tap/LayoutGenModel/logs/output/cases_hubump/cases-hubump-pareto-cpu-dram-t0p03-w50/seed_121/legalized/06_cpu-dram_placement_legal_report.json,/mnt/d/WORK/96/flow_tap/LayoutGenModel/logs/output/cases_hubump/cases-hubump-pareto-cpu-dram-t0p03-w50/seed_121/legalized/06_cpu-dram_placement_legal.json,/mnt/d/WORK/96/flow_tap/resultEval/FM_result/pareto_weight_sweep_seed121_legal_only_format/cpu-dram_thermal0p03_wirelength50_seed121.json,cpu-dram_thermal0p03_wirelength50_seed121
cpu-dram,16,121,0.1,0,ok,true,/mnt/d/WORK/96/flow_tap/LayoutGenModel/logs/output/cases_hubump/cases-hubump-pareto-cpu-dram-t0p1-w0/seed_121/legalized/06_cpu-dram_placement_legal_report.json,/mnt/d/WORK/96/flow_tap/LayoutGenModel/logs/output/cases_hubump/cases-hubump-pareto-cpu-dram-t0p1-w0/seed_121/legalized/06_cpu-dram_placement_legal.json,/mnt/d/WORK/96/flow_tap/resultEval/FM_result/pareto_weight_sweep_seed121_legal_only_format/cpu-dram_thermal0p1_wirelength0_seed121.json,cpu-dram_thermal0p1_wirelength0_seed121
cpu-dram,17,121,0.1,0.02,ok,true,/mnt/d/WORK/96/flow_tap/LayoutGenModel/logs/output/cases_hubump/cases-hubump-pareto-cpu-dram-t0p1-w0p02/seed_121/legalized/06_cpu-dram_placement_legal_report.json,/mnt/d/WORK/96/flow_tap/LayoutGenModel/logs/output/cases_hubump/cases-hubump-pareto-cpu-dram-t0p1-w0p02/seed_121/legalized/06_cpu-dram_placement_legal.json,/mnt/d/WORK/96/flow_tap/resultEval/FM_result/pareto_weight_sweep_seed121_legal_only_format/cpu-dram_thermal0p1_wirelength0p02_seed121.json,cpu-dram_thermal0p1_wirelength0p02_seed121
cpu-dram,18,121,0.1,0.2,ok,true,/mnt/d/WORK/96/flow_tap/LayoutGenModel/logs/output/cases_hubump/cases-hubump-pareto-cpu-dram-t0p1-w0p2/seed_121/legalized/06_cpu-dram_placement_legal_report.json,/mnt/d/WORK/96/flow_tap/LayoutGenModel/logs/output/cases_hubump/cases-hubump-pareto-cpu-dram-t0p1-w0p2/seed_121/legalized/06_cpu-dram_placement_legal.json,/mnt/d/WORK/96/flow_tap/resultEval/FM_result/pareto_weight_sweep_seed121_legal_only_format/cpu-dram_thermal0p1_wirelength0p2_seed121.json,cpu-dram_thermal0p1_wirelength0p2_seed121
cpu-dram,19,121,0.1,2,ok,true,/mnt/d/WORK/96/flow_tap/LayoutGenModel/logs/output/cases_hubump/cases-hubump-pareto-cpu-dram-t0p1-w2/seed_121/legalized/06_cpu-dram_placement_legal_report.json,/mnt/d/WORK/96/flow_tap/LayoutGenModel/logs/output/cases_hubump/cases-hubump-pareto-cpu-dram-t0p1-w2/seed_121/legalized/06_cpu-dram_placement_legal.json,/mnt/d/WORK/96/flow_tap/resultEval/FM_result/pareto_weight_sweep_seed121_legal_only_format/cpu-dram_thermal0p1_wirelength2_seed121.json,cpu-dram_thermal0p1_wirelength2_seed121
cpu-dram,20,121,0.1,50,ok,true,/mnt/d/WORK/96/flow_tap/LayoutGenModel/logs/output/cases_hubump/cases-hubump-pareto-cpu-dram-t0p1-w50/seed_121/legalized/06_cpu-dram_placement_legal_report.json,/mnt/d/WORK/96/flow_tap/LayoutGenModel/logs/output/cases_hubump/cases-hubump-pareto-cpu-dram-t0p1-w50/seed_121/legalized/06_cpu-dram_placement_legal.json,/mnt/d/WORK/96/flow_tap/resultEval/FM_result/pareto_weight_sweep_seed121_legal_only_format/cpu-dram_thermal0p1_wirelength50_seed121.json,cpu-dram_thermal0p1_wirelength50_seed121
cpu-dram,21,121,0.3,0,ok,true,/mnt/d/WORK/96/flow_tap/LayoutGenModel/logs/output/cases_hubump/cases-hubump-pareto-cpu-dram-t0p3-w0/seed_121/legalized/06_cpu-dram_placement_legal_report.json,/mnt/d/WORK/96/flow_tap/LayoutGenModel/logs/output/cases_hubump/cases-hubump-pareto-cpu-dram-t0p3-w0/seed_121/legalized/06_cpu-dram_placement_legal.json,/mnt/d/WORK/96/flow_tap/resultEval/FM_result/pareto_weight_sweep_seed121_legal_only_format/cpu-dram_thermal0p3_wirelength0_seed121.json,cpu-dram_thermal0p3_wirelength0_seed121
cpu-dram,22,121,0.3,0.02,ok,true,/mnt/d/WORK/96/flow_tap/LayoutGenModel/logs/output/cases_hubump/cases-hubump-pareto-cpu-dram-t0p3-w0p02/seed_121/legalized/06_cpu-dram_placement_legal_report.json,/mnt/d/WORK/96/flow_tap/LayoutGenModel/logs/output/cases_hubump/cases-hubump-pareto-cpu-dram-t0p3-w0p02/seed_121/legalized/06_cpu-dram_placement_legal.json,/mnt/d/WORK/96/flow_tap/resultEval/FM_result/pareto_weight_sweep_seed121_legal_only_format/cpu-dram_thermal0p3_wirelength0p02_seed121.json,cpu-dram_thermal0p3_wirelength0p02_seed121
cpu-dram,23,121,0.3,0.2,ok,true,/mnt/d/WORK/96/flow_tap/LayoutGenModel/logs/output/cases_hubump/cases-hubump-pareto-cpu-dram-t0p3-w0p2/seed_121/legalized/06_cpu-dram_placement_legal_report.json,/mnt/d/WORK/96/flow_tap/LayoutGenModel/logs/output/cases_hubump/cases-hubump-pareto-cpu-dram-t0p3-w0p2/seed_121/legalized/06_cpu-dram_placement_legal.json,/mnt/d/WORK/96/flow_tap/resultEval/FM_result/pareto_weight_sweep_seed121_legal_only_format/cpu-dram_thermal0p3_wirelength0p2_seed121.json,cpu-dram_thermal0p3_wirelength0p2_seed121
cpu-dram,24,121,0.3,2,ok,true,/mnt/d/WORK/96/flow_tap/LayoutGenModel/logs/output/cases_hubump/cases-hubump-pareto-cpu-dram-t0p3-w2/seed_121/legalized/06_cpu-dram_placement_legal_report.json,/mnt/d/WORK/96/flow_tap/LayoutGenModel/logs/output/cases_hubump/cases-hubump-pareto-cpu-dram-t0p3-w2/seed_121/legalized/06_cpu-dram_placement_legal.json,/mnt/d/WORK/96/flow_tap/resultEval/FM_result/pareto_weight_sweep_seed121_legal_only_format/cpu-dram_thermal0p3_wirelength2_seed121.json,cpu-dram_thermal0p3_wirelength2_seed121
cpu-dram,25,121,0.3,50,ok,true,/mnt/d/WORK/96/flow_tap/LayoutGenModel/logs/output/cases_hubump/cases-hubump-pareto-cpu-dram-t0p3-w50/seed_121/legalized/06_cpu-dram_placement_legal_report.json,/mnt/d/WORK/96/flow_tap/LayoutGenModel/logs/output/cases_hubump/cases-hubump-pareto-cpu-dram-t0p3-w50/seed_121/legalized/06_cpu-dram_placement_legal.json,/mnt/d/WORK/96/flow_tap/resultEval/FM_result/pareto_weight_sweep_seed121_legal_only_format/cpu-dram_thermal0p3_wirelength50_seed121.json,cpu-dram_thermal0p3_wirelength50_seed121
cpu-dram,26,121,1,0,ok,true,/mnt/d/WORK/96/flow_tap/LayoutGenModel/logs/output/cases_hubump/cases-hubump-pareto-cpu-dram-t1-w0/seed_121/legalized/06_cpu-dram_placement_legal_report.json,/mnt/d/WORK/96/flow_tap/LayoutGenModel/logs/output/cases_hubump/cases-hubump-pareto-cpu-dram-t1-w0/seed_121/legalized/06_cpu-dram_placement_legal.json,/mnt/d/WORK/96/flow_tap/resultEval/FM_result/pareto_weight_sweep_seed121_legal_only_format/cpu-dram_thermal1_wirelength0_seed121.json,cpu-dram_thermal1_wirelength0_seed121
cpu-dram,27,121,1,0.02,ok,true,/mnt/d/WORK/96/flow_tap/LayoutGenModel/logs/output/cases_hubump/cases-hubump-pareto-cpu-dram-t1-w0p02/seed_121/legalized/06_cpu-dram_placement_legal_report.json,/mnt/d/WORK/96/flow_tap/LayoutGenModel/logs/output/cases_hubump/cases-hubump-pareto-cpu-dram-t1-w0p02/seed_121/legalized/06_cpu-dram_placement_legal.json,/mnt/d/WORK/96/flow_tap/resultEval/FM_result/pareto_weight_sweep_seed121_legal_only_format/cpu-dram_thermal1_wirelength0p02_seed121.json,cpu-dram_thermal1_wirelength0p02_seed121
cpu-dram,28,121,1,0.2,ok,true,/mnt/d/WORK/96/flow_tap/LayoutGenModel/logs/output/cases_hubump/cases-hubump-pareto-cpu-dram-t1-w0p2/seed_121/legalized/06_cpu-dram_placement_legal_report.json,/mnt/d/WORK/96/flow_tap/LayoutGenModel/logs/output/cases_hubump/cases-hubump-pareto-cpu-dram-t1-w0p2/seed_121/legalized/06_cpu-dram_placement_legal.json,/mnt/d/WORK/96/flow_tap/resultEval/FM_result/pareto_weight_sweep_seed121_legal_only_format/cpu-dram_thermal1_wirelength0p2_seed121.json,cpu-dram_thermal1_wirelength0p2_seed121
cpu-dram,29,121,1,2,ok,true,/mnt/d/WORK/96/flow_tap/LayoutGenModel/logs/output/cases_hubump/cases-hubump-pareto-cpu-dram-t1-w2/seed_121/legalized/06_cpu-dram_placement_legal_report.json,/mnt/d/WORK/96/flow_tap/LayoutGenModel/logs/output/cases_hubump/cases-hubump-pareto-cpu-dram-t1-w2/seed_121/legalized/06_cpu-dram_placement_legal.json,/mnt/d/WORK/96/flow_tap/resultEval/FM_result/pareto_weight_sweep_seed121_legal_only_format/cpu-dram_thermal1_wirelength2_seed121.json,cpu-dram_thermal1_wirelength2_seed121
cpu-dram,30,121,1,50,ok,true,/mnt/d/WORK/96/flow_tap/LayoutGenModel/logs/output/cases_hubump/cases-hubump-pareto-cpu-dram-t1-w50/seed_121/legalized/06_cpu-dram_placement_legal_report.json,/mnt/d/WORK/96/flow_tap/LayoutGenModel/logs/output/cases_hubump/cases-hubump-pareto-cpu-dram-t1-w50/seed_121/legalized/06_cpu-dram_placement_legal.json,/mnt/d/WORK/96/flow_tap/resultEval/FM_result/pareto_weight_sweep_seed121_legal_only_format/cpu-dram_thermal1_wirelength50_seed121.json,cpu-dram_thermal1_wirelength50_seed121
cpu-dram,31,121,3,0,ok,true,/mnt/d/WORK/96/flow_tap/LayoutGenModel/logs/output/cases_hubump/cases-hubump-pareto-cpu-dram-t3-w0/seed_121/legalized/06_cpu-dram_placement_legal_report.json,/mnt/d/WORK/96/flow_tap/LayoutGenModel/logs/output/cases_hubump/cases-hubump-pareto-cpu-dram-t3-w0/seed_121/legalized/06_cpu-dram_placement_legal.json,/mnt/d/WORK/96/flow_tap/resultEval/FM_result/pareto_weight_sweep_seed121_legal_only_format/cpu-dram_thermal3_wirelength0_seed121.json,cpu-dram_thermal3_wirelength0_seed121
cpu-dram,32,121,3,0.02,ok,true,/mnt/d/WORK/96/flow_tap/LayoutGenModel/logs/output/cases_hubump/cases-hubump-pareto-cpu-dram-t3-w0p02/seed_121/legalized/06_cpu-dram_placement_legal_report.json,/mnt/d/WORK/96/flow_tap/LayoutGenModel/logs/output/cases_hubump/cases-hubump-pareto-cpu-dram-t3-w0p02/seed_121/legalized/06_cpu-dram_placement_legal.json,/mnt/d/WORK/96/flow_tap/resultEval/FM_result/pareto_weight_sweep_seed121_legal_only_format/cpu-dram_thermal3_wirelength0p02_seed121.json,cpu-dram_thermal3_wirelength0p02_seed121
cpu-dram,33,121,3,0.2,ok,true,/mnt/d/WORK/96/flow_tap/LayoutGenModel/logs/output/cases_hubump/cases-hubump-pareto-cpu-dram-t3-w0p2/seed_121/legalized/06_cpu-dram_placement_legal_report.json,/mnt/d/WORK/96/flow_tap/LayoutGenModel/logs/output/cases_hubump/cases-hubump-pareto-cpu-dram-t3-w0p2/seed_121/legalized/06_cpu-dram_placement_legal.json,/mnt/d/WORK/96/flow_tap/resultEval/FM_result/pareto_weight_sweep_seed121_legal_only_format/cpu-dram_thermal3_wirelength0p2_seed121.json,cpu-dram_thermal3_wirelength0p2_seed121
cpu-dram,35,121,3,50,ok,true,/mnt/d/WORK/96/flow_tap/LayoutGenModel/logs/output/cases_hubump/cases-hubump-pareto-cpu-dram-t3-w50/seed_121/legalized/06_cpu-dram_placement_legal_report.json,/mnt/d/WORK/96/flow_tap/LayoutGenModel/logs/output/cases_hubump/cases-hubump-pareto-cpu-dram-t3-w50/seed_121/legalized/06_cpu-dram_placement_legal.json,/mnt/d/WORK/96/flow_tap/resultEval/FM_result/pareto_weight_sweep_seed121_legal_only_format/cpu-dram_thermal3_wirelength50_seed121.json,cpu-dram_thermal3_wirelength50_seed121
cpu-dram,34,121,3,2,ok,true,/mnt/d/WORK/96/flow_tap/LayoutGenModel/logs/output/cases_hubump/cases-hubump-pareto-cpu-dram-t3-w2/seed_121/legalized/06_cpu-dram_placement_legal_report.json,/mnt/d/WORK/96/flow_tap/LayoutGenModel/logs/output/cases_hubump/cases-hubump-pareto-cpu-dram-t3-w2/seed_121/legalized/06_cpu-dram_placement_legal.json,/mnt/d/WORK/96/flow_tap/resultEval/FM_result/pareto_weight_sweep_seed121_legal_only_format/cpu-dram_thermal3_wirelength2_seed121.json,cpu-dram_thermal3_wirelength2_seed121
cpu-dram,36,121,10,0,ok,true,/mnt/d/WORK/96/flow_tap/LayoutGenModel/logs/output/cases_hubump/cases-hubump-pareto-cpu-dram-t10-w0/seed_121/legalized/06_cpu-dram_placement_legal_report.json,/mnt/d/WORK/96/flow_tap/LayoutGenModel/logs/output/cases_hubump/cases-hubump-pareto-cpu-dram-t10-w0/seed_121/legalized/06_cpu-dram_placement_legal.json,/mnt/d/WORK/96/flow_tap/resultEval/FM_result/pareto_weight_sweep_seed121_legal_only_format/cpu-dram_thermal10_wirelength0_seed121.json,cpu-dram_thermal10_wirelength0_seed121
cpu-dram,37,121,10,0.02,ok,true,/mnt/d/WORK/96/flow_tap/LayoutGenModel/logs/output/cases_hubump/cases-hubump-pareto-cpu-dram-t10-w0p02/seed_121/legalized/06_cpu-dram_placement_legal_report.json,/mnt/d/WORK/96/flow_tap/LayoutGenModel/logs/output/cases_hubump/cases-hubump-pareto-cpu-dram-t10-w0p02/seed_121/legalized/06_cpu-dram_placement_legal.json,/mnt/d/WORK/96/flow_tap/resultEval/FM_result/pareto_weight_sweep_seed121_legal_only_format/cpu-dram_thermal10_wirelength0p02_seed121.json,cpu-dram_thermal10_wirelength0p02_seed121
cpu-dram,39,121,10,2,ok,true,/mnt/d/WORK/96/flow_tap/LayoutGenModel/logs/output/cases_hubump/cases-hubump-pareto-cpu-dram-t10-w2/seed_121/legalized/06_cpu-dram_placement_legal_report.json,/mnt/d/WORK/96/flow_tap/LayoutGenModel/logs/output/cases_hubump/cases-hubump-pareto-cpu-dram-t10-w2/seed_121/legalized/06_cpu-dram_placement_legal.json,/mnt/d/WORK/96/flow_tap/resultEval/FM_result/pareto_weight_sweep_seed121_legal_only_format/cpu-dram_thermal10_wirelength2_seed121.json,cpu-dram_thermal10_wirelength2_seed121
cpu-dram,38,121,10,0.2,ok,true,/mnt/d/WORK/96/flow_tap/LayoutGenModel/logs/output/cases_hubump/cases-hubump-pareto-cpu-dram-t10-w0p2/seed_121/legalized/06_cpu-dram_placement_legal_report.json,/mnt/d/WORK/96/flow_tap/LayoutGenModel/logs/output/cases_hubump/cases-hubump-pareto-cpu-dram-t10-w0p2/seed_121/legalized/06_cpu-dram_placement_legal.json,/mnt/d/WORK/96/flow_tap/resultEval/FM_result/pareto_weight_sweep_seed121_legal_only_format/cpu-dram_thermal10_wirelength0p2_seed121.json,cpu-dram_thermal10_wirelength0p2_seed121
cpu-dram,41,121,30,0,ok,true,/mnt/d/WORK/96/flow_tap/LayoutGenModel/logs/output/cases_hubump/cases-hubump-pareto-cpu-dram-t30-w0/seed_121/legalized/06_cpu-dram_placement_legal_report.json,/mnt/d/WORK/96/flow_tap/LayoutGenModel/logs/output/cases_hubump/cases-hubump-pareto-cpu-dram-t30-w0/seed_121/legalized/06_cpu-dram_placement_legal.json,/mnt/d/WORK/96/flow_tap/resultEval/FM_result/pareto_weight_sweep_seed121_legal_only_format/cpu-dram_thermal30_wirelength0_seed121.json,cpu-dram_thermal30_wirelength0_seed121
cpu-dram,40,121,10,50,ok,true,/mnt/d/WORK/96/flow_tap/LayoutGenModel/logs/output/cases_hubump/cases-hubump-pareto-cpu-dram-t10-w50/seed_121/legalized/06_cpu-dram_placement_legal_report.json,/mnt/d/WORK/96/flow_tap/LayoutGenModel/logs/output/cases_hubump/cases-hubump-pareto-cpu-dram-t10-w50/seed_121/legalized/06_cpu-dram_placement_legal.json,/mnt/d/WORK/96/flow_tap/resultEval/FM_result/pareto_weight_sweep_seed121_legal_only_format/cpu-dram_thermal10_wirelength50_seed121.json,cpu-dram_thermal10_wirelength50_seed121
cpu-dram,43,121,30,0.2,ok,true,/mnt/d/WORK/96/flow_tap/LayoutGenModel/logs/output/cases_hubump/cases-hubump-pareto-cpu-dram-t30-w0p2/seed_121/legalized/06_cpu-dram_placement_legal_report.json,/mnt/d/WORK/96/flow_tap/LayoutGenModel/logs/output/cases_hubump/cases-hubump-pareto-cpu-dram-t30-w0p2/seed_121/legalized/06_cpu-dram_placement_legal.json,/mnt/d/WORK/96/flow_tap/resultEval/FM_result/pareto_weight_sweep_seed121_legal_only_format/cpu-dram_thermal30_wirelength0p2_seed121.json,cpu-dram_thermal30_wirelength0p2_seed121
cpu-dram,42,121,30,0.02,ok,true,/mnt/d/WORK/96/flow_tap/LayoutGenModel/logs/output/cases_hubump/cases-hubump-pareto-cpu-dram-t30-w0p02/seed_121/legalized/06_cpu-dram_placement_legal_report.json,/mnt/d/WORK/96/flow_tap/LayoutGenModel/logs/output/cases_hubump/cases-hubump-pareto-cpu-dram-t30-w0p02/seed_121/legalized/06_cpu-dram_placement_legal.json,/mnt/d/WORK/96/flow_tap/resultEval/FM_result/pareto_weight_sweep_seed121_legal_only_format/cpu-dram_thermal30_wirelength0p02_seed121.json,cpu-dram_thermal30_wirelength0p02_seed121
cpu-dram,45,121,30,50,ok,true,/mnt/d/WORK/96/flow_tap/LayoutGenModel/logs/output/cases_hubump/cases-hubump-pareto-cpu-dram-t30-w50/seed_121/legalized/06_cpu-dram_placement_legal_report.json,/mnt/d/WORK/96/flow_tap/LayoutGenModel/logs/output/cases_hubump/cases-hubump-pareto-cpu-dram-t30-w50/seed_121/legalized/06_cpu-dram_placement_legal.json,/mnt/d/WORK/96/flow_tap/resultEval/FM_result/pareto_weight_sweep_seed121_legal_only_format/cpu-dram_thermal30_wirelength50_seed121.json,cpu-dram_thermal30_wirelength50_seed121
cpu-dram,44,121,30,2,ok,true,/mnt/d/WORK/96/flow_tap/LayoutGenModel/logs/output/cases_hubump/cases-hubump-pareto-cpu-dram-t30-w2/seed_121/legalized/06_cpu-dram_placement_legal_report.json,/mnt/d/WORK/96/flow_tap/LayoutGenModel/logs/output/cases_hubump/cases-hubump-pareto-cpu-dram-t30-w2/seed_121/legalized/06_cpu-dram_placement_legal.json,/mnt/d/WORK/96/flow_tap/resultEval/FM_result/pareto_weight_sweep_seed121_legal_only_format/cpu-dram_thermal30_wirelength2_seed121.json,cpu-dram_thermal30_wirelength2_seed121
cpu-dram,46,121,100,0,ok,true,/mnt/d/WORK/96/flow_tap/LayoutGenModel/logs/output/cases_hubump/cases-hubump-pareto-cpu-dram-t100-w0/seed_121/legalized/06_cpu-dram_placement_legal_report.json,/mnt/d/WORK/96/flow_tap/LayoutGenModel/logs/output/cases_hubump/cases-hubump-pareto-cpu-dram-t100-w0/seed_121/legalized/06_cpu-dram_placement_legal.json,/mnt/d/WORK/96/flow_tap/resultEval/FM_result/pareto_weight_sweep_seed121_legal_only_format/cpu-dram_thermal100_wirelength0_seed121.json,cpu-dram_thermal100_wirelength0_seed121
cpu-dram,47,121,100,0.02,ok,true,/mnt/d/WORK/96/flow_tap/LayoutGenModel/logs/output/cases_hubump/cases-hubump-pareto-cpu-dram-t100-w0p02/seed_121/legalized/06_cpu-dram_placement_legal_report.json,/mnt/d/WORK/96/flow_tap/LayoutGenModel/logs/output/cases_hubump/cases-hubump-pareto-cpu-dram-t100-w0p02/seed_121/legalized/06_cpu-dram_placement_legal.json,/mnt/d/WORK/96/flow_tap/resultEval/FM_result/pareto_weight_sweep_seed121_legal_only_format/cpu-dram_thermal100_wirelength0p02_seed121.json,cpu-dram_thermal100_wirelength0p02_seed121
cpu-dram,48,121,100,0.2,ok,true,/mnt/d/WORK/96/flow_tap/LayoutGenModel/logs/output/cases_hubump/cases-hubump-pareto-cpu-dram-t100-w0p2/seed_121/legalized/06_cpu-dram_placement_legal_report.json,/mnt/d/WORK/96/flow_tap/LayoutGenModel/logs/output/cases_hubump/cases-hubump-pareto-cpu-dram-t100-w0p2/seed_121/legalized/06_cpu-dram_placement_legal.json,/mnt/d/WORK/96/flow_tap/resultEval/FM_result/pareto_weight_sweep_seed121_legal_only_format/cpu-dram_thermal100_wirelength0p2_seed121.json,cpu-dram_thermal100_wirelength0p2_seed121
cpu-dram,49,121,100,2,ok,true,/mnt/d/WORK/96/flow_tap/LayoutGenModel/logs/output/cases_hubump/cases-hubump-pareto-cpu-dram-t100-w2/seed_121/legalized/06_cpu-dram_placement_legal_report.json,/mnt/d/WORK/96/flow_tap/LayoutGenModel/logs/output/cases_hubump/cases-hubump-pareto-cpu-dram-t100-w2/seed_121/legalized/06_cpu-dram_placement_legal.json,/mnt/d/WORK/96/flow_tap/resultEval/FM_result/pareto_weight_sweep_seed121_legal_only_format/cpu-dram_thermal100_wirelength2_seed121.json,cpu-dram_thermal100_wirelength2_seed121
hp11_m,1,121,0,0,ok,true,/mnt/d/WORK/96/flow_tap/LayoutGenModel/logs/output/cases_hubump/cases-hubump-pareto-hp11_m-t0-w0/seed_121/legalized/07_hp11_m_placement_legal_report.json,/mnt/d/WORK/96/flow_tap/LayoutGenModel/logs/output/cases_hubump/cases-hubump-pareto-hp11_m-t0-w0/seed_121/legalized/07_hp11_m_placement_legal.json,/mnt/d/WORK/96/flow_tap/resultEval/FM_result/pareto_weight_sweep_seed121_legal_only_format/hp11_m_thermal0_wirelength0_seed121.json,hp11_m_thermal0_wirelength0_seed121
cpu-dram,50,121,100,50,ok,true,/mnt/d/WORK/96/flow_tap/LayoutGenModel/logs/output/cases_hubump/cases-hubump-pareto-cpu-dram-t100-w50/seed_121/legalized/06_cpu-dram_placement_legal_report.json,/mnt/d/WORK/96/flow_tap/LayoutGenModel/logs/output/cases_hubump/cases-hubump-pareto-cpu-dram-t100-w50/seed_121/legalized/06_cpu-dram_placement_legal.json,/mnt/d/WORK/96/flow_tap/resultEval/FM_result/pareto_weight_sweep_seed121_legal_only_format/cpu-dram_thermal100_wirelength50_seed121.json,cpu-dram_thermal100_wirelength50_seed121
hp11_m,2,121,0,0.02,ok,true,/mnt/d/WORK/96/flow_tap/LayoutGenModel/logs/output/cases_hubump/cases-hubump-pareto-hp11_m-t0-w0p02/seed_121/legalized/07_hp11_m_placement_legal_report.json,/mnt/d/WORK/96/flow_tap/LayoutGenModel/logs/output/cases_hubump/cases-hubump-pareto-hp11_m-t0-w0p02/seed_121/legalized/07_hp11_m_placement_legal.json,/mnt/d/WORK/96/flow_tap/resultEval/FM_result/pareto_weight_sweep_seed121_legal_only_format/hp11_m_thermal0_wirelength0p02_seed121.json,hp11_m_thermal0_wirelength0p02_seed121
hp11_m,3,121,0,0.2,ok,true,/mnt/d/WORK/96/flow_tap/LayoutGenModel/logs/output/cases_hubump/cases-hubump-pareto-hp11_m-t0-w0p2/seed_121/legalized/07_hp11_m_placement_legal_report.json,/mnt/d/WORK/96/flow_tap/LayoutGenModel/logs/output/cases_hubump/cases-hubump-pareto-hp11_m-t0-w0p2/seed_121/legalized/07_hp11_m_placement_legal.json,/mnt/d/WORK/96/flow_tap/resultEval/FM_result/pareto_weight_sweep_seed121_legal_only_format/hp11_m_thermal0_wirelength0p2_seed121.json,hp11_m_thermal0_wirelength0p2_seed121
hp11_m,4,121,0,2,ok,true,/mnt/d/WORK/96/flow_tap/LayoutGenModel/logs/output/cases_hubump/cases-hubump-pareto-hp11_m-t0-w2/seed_121/legalized/07_hp11_m_placement_legal_report.json,/mnt/d/WORK/96/flow_tap/LayoutGenModel/logs/output/cases_hubump/cases-hubump-pareto-hp11_m-t0-w2/seed_121/legalized/07_hp11_m_placement_legal.json,/mnt/d/WORK/96/flow_tap/resultEval/FM_result/pareto_weight_sweep_seed121_legal_only_format/hp11_m_thermal0_wirelength2_seed121.json,hp11_m_thermal0_wirelength2_seed121
hp11_m,5,121,0,50,ok,true,/mnt/d/WORK/96/flow_tap/LayoutGenModel/logs/output/cases_hubump/cases-hubump-pareto-hp11_m-t0-w50/seed_121/legalized/07_hp11_m_placement_legal_report.json,/mnt/d/WORK/96/flow_tap/LayoutGenModel/logs/output/cases_hubump/cases-hubump-pareto-hp11_m-t0-w50/seed_121/legalized/07_hp11_m_placement_legal.json,/mnt/d/WORK/96/flow_tap/resultEval/FM_result/pareto_weight_sweep_seed121_legal_only_format/hp11_m_thermal0_wirelength50_seed121.json,hp11_m_thermal0_wirelength50_seed121
hp11_m,7,121,0.01,0.02,ok,true,/mnt/d/WORK/96/flow_tap/LayoutGenModel/logs/output/cases_hubump/cases-hubump-pareto-hp11_m-t0p01-w0p02/seed_121/legalized/07_hp11_m_placement_legal_report.json,/mnt/d/WORK/96/flow_tap/LayoutGenModel/logs/output/cases_hubump/cases-hubump-pareto-hp11_m-t0p01-w0p02/seed_121/legalized/07_hp11_m_placement_legal.json,/mnt/d/WORK/96/flow_tap/resultEval/FM_result/pareto_weight_sweep_seed121_legal_only_format/hp11_m_thermal0p01_wirelength0p02_seed121.json,hp11_m_thermal0p01_wirelength0p02_seed121
hp11_m,8,121,0.01,0.2,ok,true,/mnt/d/WORK/96/flow_tap/LayoutGenModel/logs/output/cases_hubump/cases-hubump-pareto-hp11_m-t0p01-w0p2/seed_121/legalized/07_hp11_m_placement_legal_report.json,/mnt/d/WORK/96/flow_tap/LayoutGenModel/logs/output/cases_hubump/cases-hubump-pareto-hp11_m-t0p01-w0p2/seed_121/legalized/07_hp11_m_placement_legal.json,/mnt/d/WORK/96/flow_tap/resultEval/FM_result/pareto_weight_sweep_seed121_legal_only_format/hp11_m_thermal0p01_wirelength0p2_seed121.json,hp11_m_thermal0p01_wirelength0p2_seed121
hp11_m,10,121,0.01,50,ok,true,/mnt/d/WORK/96/flow_tap/LayoutGenModel/logs/output/cases_hubump/cases-hubump-pareto-hp11_m-t0p01-w50/seed_121/legalized/07_hp11_m_placement_legal_report.json,/mnt/d/WORK/96/flow_tap/LayoutGenModel/logs/output/cases_hubump/cases-hubump-pareto-hp11_m-t0p01-w50/seed_121/legalized/07_hp11_m_placement_legal.json,/mnt/d/WORK/96/flow_tap/resultEval/FM_result/pareto_weight_sweep_seed121_legal_only_format/hp11_m_thermal0p01_wirelength50_seed121.json,hp11_m_thermal0p01_wirelength50_seed121
hp11_m,11,121,0.03,0,ok,true,/mnt/d/WORK/96/flow_tap/LayoutGenModel/logs/output/cases_hubump/cases-hubump-pareto-hp11_m-t0p03-w0/seed_121/legalized/07_hp11_m_placement_legal_report.json,/mnt/d/WORK/96/flow_tap/LayoutGenModel/logs/output/cases_hubump/cases-hubump-pareto-hp11_m-t0p03-w0/seed_121/legalized/07_hp11_m_placement_legal.json,/mnt/d/WORK/96/flow_tap/resultEval/FM_result/pareto_weight_sweep_seed121_legal_only_format/hp11_m_thermal0p03_wirelength0_seed121.json,hp11_m_thermal0p03_wirelength0_seed121
hp11_m,12,121,0.03,0.02,ok,true,/mnt/d/WORK/96/flow_tap/LayoutGenModel/logs/output/cases_hubump/cases-hubump-pareto-hp11_m-t0p03-w0p02/seed_121/legalized/07_hp11_m_placement_legal_report.json,/mnt/d/WORK/96/flow_tap/LayoutGenModel/logs/output/cases_hubump/cases-hubump-pareto-hp11_m-t0p03-w0p02/seed_121/legalized/07_hp11_m_placement_legal.json,/mnt/d/WORK/96/flow_tap/resultEval/FM_result/pareto_weight_sweep_seed121_legal_only_format/hp11_m_thermal0p03_wirelength0p02_seed121.json,hp11_m_thermal0p03_wirelength0p02_seed121
hp11_m,13,121,0.03,0.2,ok,true,/mnt/d/WORK/96/flow_tap/LayoutGenModel/logs/output/cases_hubump/cases-hubump-pareto-hp11_m-t0p03-w0p2/seed_121/legalized/07_hp11_m_placement_legal_report.json,/mnt/d/WORK/96/flow_tap/LayoutGenModel/logs/output/cases_hubump/cases-hubump-pareto-hp11_m-t0p03-w0p2/seed_121/legalized/07_hp11_m_placement_legal.json,/mnt/d/WORK/96/flow_tap/resultEval/FM_result/pareto_weight_sweep_seed121_legal_only_format/hp11_m_thermal0p03_wirelength0p2_seed121.json,hp11_m_thermal0p03_wirelength0p2_seed121
hp11_m,15,121,0.03,50,ok,true,/mnt/d/WORK/96/flow_tap/LayoutGenModel/logs/output/cases_hubump/cases-hubump-pareto-hp11_m-t0p03-w50/seed_121/legalized/07_hp11_m_placement_legal_report.json,/mnt/d/WORK/96/flow_tap/LayoutGenModel/logs/output/cases_hubump/cases-hubump-pareto-hp11_m-t0p03-w50/seed_121/legalized/07_hp11_m_placement_legal.json,/mnt/d/WORK/96/flow_tap/resultEval/FM_result/pareto_weight_sweep_seed121_legal_only_format/hp11_m_thermal0p03_wirelength50_seed121.json,hp11_m_thermal0p03_wirelength50_seed121
hp11_m,14,121,0.03,2,ok,true,/mnt/d/WORK/96/flow_tap/LayoutGenModel/logs/output/cases_hubump/cases-hubump-pareto-hp11_m-t0p03-w2/seed_121/legalized/07_hp11_m_placement_legal_report.json,/mnt/d/WORK/96/flow_tap/LayoutGenModel/logs/output/cases_hubump/cases-hubump-pareto-hp11_m-t0p03-w2/seed_121/legalized/07_hp11_m_placement_legal.json,/mnt/d/WORK/96/flow_tap/resultEval/FM_result/pareto_weight_sweep_seed121_legal_only_format/hp11_m_thermal0p03_wirelength2_seed121.json,hp11_m_thermal0p03_wirelength2_seed121
hp11_m,16,121,0.1,0,ok,true,/mnt/d/WORK/96/flow_tap/LayoutGenModel/logs/output/cases_hubump/cases-hubump-pareto-hp11_m-t0p1-w0/seed_121/legalized/07_hp11_m_placement_legal_report.json,/mnt/d/WORK/96/flow_tap/LayoutGenModel/logs/output/cases_hubump/cases-hubump-pareto-hp11_m-t0p1-w0/seed_121/legalized/07_hp11_m_placement_legal.json,/mnt/d/WORK/96/flow_tap/resultEval/FM_result/pareto_weight_sweep_seed121_legal_only_format/hp11_m_thermal0p1_wirelength0_seed121.json,hp11_m_thermal0p1_wirelength0_seed121
hp11_m,18,121,0.1,0.2,ok,true,/mnt/d/WORK/96/flow_tap/LayoutGenModel/logs/output/cases_hubump/cases-hubump-pareto-hp11_m-t0p1-w0p2/seed_121/legalized/07_hp11_m_placement_legal_report.json,/mnt/d/WORK/96/flow_tap/LayoutGenModel/logs/output/cases_hubump/cases-hubump-pareto-hp11_m-t0p1-w0p2/seed_121/legalized/07_hp11_m_placement_legal.json,/mnt/d/WORK/96/flow_tap/resultEval/FM_result/pareto_weight_sweep_seed121_legal_only_format/hp11_m_thermal0p1_wirelength0p2_seed121.json,hp11_m_thermal0p1_wirelength0p2_seed121
hp11_m,19,121,0.1,2,ok,true,/mnt/d/WORK/96/flow_tap/LayoutGenModel/logs/output/cases_hubump/cases-hubump-pareto-hp11_m-t0p1-w2/seed_121/legalized/07_hp11_m_placement_legal_report.json,/mnt/d/WORK/96/flow_tap/LayoutGenModel/logs/output/cases_hubump/cases-hubump-pareto-hp11_m-t0p1-w2/seed_121/legalized/07_hp11_m_placement_legal.json,/mnt/d/WORK/96/flow_tap/resultEval/FM_result/pareto_weight_sweep_seed121_legal_only_format/hp11_m_thermal0p1_wirelength2_seed121.json,hp11_m_thermal0p1_wirelength2_seed121
hp11_m,20,121,0.1,50,ok,true,/mnt/d/WORK/96/flow_tap/LayoutGenModel/logs/output/cases_hubump/cases-hubump-pareto-hp11_m-t0p1-w50/seed_121/legalized/07_hp11_m_placement_legal_report.json,/mnt/d/WORK/96/flow_tap/LayoutGenModel/logs/output/cases_hubump/cases-hubump-pareto-hp11_m-t0p1-w50/seed_121/legalized/07_hp11_m_placement_legal.json,/mnt/d/WORK/96/flow_tap/resultEval/FM_result/pareto_weight_sweep_seed121_legal_only_format/hp11_m_thermal0p1_wirelength50_seed121.json,hp11_m_thermal0p1_wirelength50_seed121
hp11_m,22,121,0.3,0.02,ok,true,/mnt/d/WORK/96/flow_tap/LayoutGenModel/logs/output/cases_hubump/cases-hubump-pareto-hp11_m-t0p3-w0p02/seed_121/legalized/07_hp11_m_placement_legal_report.json,/mnt/d/WORK/96/flow_tap/LayoutGenModel/logs/output/cases_hubump/cases-hubump-pareto-hp11_m-t0p3-w0p02/seed_121/legalized/07_hp11_m_placement_legal.json,/mnt/d/WORK/96/flow_tap/resultEval/FM_result/pareto_weight_sweep_seed121_legal_only_format/hp11_m_thermal0p3_wirelength0p02_seed121.json,hp11_m_thermal0p3_wirelength0p02_seed121
hp11_m,23,121,0.3,0.2,ok,true,/mnt/d/WORK/96/flow_tap/LayoutGenModel/logs/output/cases_hubump/cases-hubump-pareto-hp11_m-t0p3-w0p2/seed_121/legalized/07_hp11_m_placement_legal_report.json,/mnt/d/WORK/96/flow_tap/LayoutGenModel/logs/output/cases_hubump/cases-hubump-pareto-hp11_m-t0p3-w0p2/seed_121/legalized/07_hp11_m_placement_legal.json,/mnt/d/WORK/96/flow_tap/resultEval/FM_result/pareto_weight_sweep_seed121_legal_only_format/hp11_m_thermal0p3_wirelength0p2_seed121.json,hp11_m_thermal0p3_wirelength0p2_seed121
hp11_m,24,121,0.3,2,ok,true,/mnt/d/WORK/96/flow_tap/LayoutGenModel/logs/output/cases_hubump/cases-hubump-pareto-hp11_m-t0p3-w2/seed_121/legalized/07_hp11_m_placement_legal_report.json,/mnt/d/WORK/96/flow_tap/LayoutGenModel/logs/output/cases_hubump/cases-hubump-pareto-hp11_m-t0p3-w2/seed_121/legalized/07_hp11_m_placement_legal.json,/mnt/d/WORK/96/flow_tap/resultEval/FM_result/pareto_weight_sweep_seed121_legal_only_format/hp11_m_thermal0p3_wirelength2_seed121.json,hp11_m_thermal0p3_wirelength2_seed121
hp11_m,25,121,0.3,50,ok,true,/mnt/d/WORK/96/flow_tap/LayoutGenModel/logs/output/cases_hubump/cases-hubump-pareto-hp11_m-t0p3-w50/seed_121/legalized/07_hp11_m_placement_legal_report.json,/mnt/d/WORK/96/flow_tap/LayoutGenModel/logs/output/cases_hubump/cases-hubump-pareto-hp11_m-t0p3-w50/seed_121/legalized/07_hp11_m_placement_legal.json,/mnt/d/WORK/96/flow_tap/resultEval/FM_result/pareto_weight_sweep_seed121_legal_only_format/hp11_m_thermal0p3_wirelength50_seed121.json,hp11_m_thermal0p3_wirelength50_seed121
hp11_m,27,121,1,0.02,ok,true,/mnt/d/WORK/96/flow_tap/LayoutGenModel/logs/output/cases_hubump/cases-hubump-pareto-hp11_m-t1-w0p02/seed_121/legalized/07_hp11_m_placement_legal_report.json,/mnt/d/WORK/96/flow_tap/LayoutGenModel/logs/output/cases_hubump/cases-hubump-pareto-hp11_m-t1-w0p02/seed_121/legalized/07_hp11_m_placement_legal.json,/mnt/d/WORK/96/flow_tap/resultEval/FM_result/pareto_weight_sweep_seed121_legal_only_format/hp11_m_thermal1_wirelength0p02_seed121.json,hp11_m_thermal1_wirelength0p02_seed121
hp11_m,28,121,1,0.2,ok,true,/mnt/d/WORK/96/flow_tap/LayoutGenModel/logs/output/cases_hubump/cases-hubump-pareto-hp11_m-t1-w0p2/seed_121/legalized/07_hp11_m_placement_legal_report.json,/mnt/d/WORK/96/flow_tap/LayoutGenModel/logs/output/cases_hubump/cases-hubump-pareto-hp11_m-t1-w0p2/seed_121/legalized/07_hp11_m_placement_legal.json,/mnt/d/WORK/96/flow_tap/resultEval/FM_result/pareto_weight_sweep_seed121_legal_only_format/hp11_m_thermal1_wirelength0p2_seed121.json,hp11_m_thermal1_wirelength0p2_seed121
hp11_m,29,121,1,2,ok,true,/mnt/d/WORK/96/flow_tap/LayoutGenModel/logs/output/cases_hubump/cases-hubump-pareto-hp11_m-t1-w2/seed_121/legalized/07_hp11_m_placement_legal_report.json,/mnt/d/WORK/96/flow_tap/LayoutGenModel/logs/output/cases_hubump/cases-hubump-pareto-hp11_m-t1-w2/seed_121/legalized/07_hp11_m_placement_legal.json,/mnt/d/WORK/96/flow_tap/resultEval/FM_result/pareto_weight_sweep_seed121_legal_only_format/hp11_m_thermal1_wirelength2_seed121.json,hp11_m_thermal1_wirelength2_seed121
hp11_m,30,121,1,50,ok,true,/mnt/d/WORK/96/flow_tap/LayoutGenModel/logs/output/cases_hubump/cases-hubump-pareto-hp11_m-t1-w50/seed_121/legalized/07_hp11_m_placement_legal_report.json,/mnt/d/WORK/96/flow_tap/LayoutGenModel/logs/output/cases_hubump/cases-hubump-pareto-hp11_m-t1-w50/seed_121/legalized/07_hp11_m_placement_legal.json,/mnt/d/WORK/96/flow_tap/resultEval/FM_result/pareto_weight_sweep_seed121_legal_only_format/hp11_m_thermal1_wirelength50_seed121.json,hp11_m_thermal1_wirelength50_seed121
hp11_m,32,121,3,0.02,ok,true,/mnt/d/WORK/96/flow_tap/LayoutGenModel/logs/output/cases_hubump/cases-hubump-pareto-hp11_m-t3-w0p02/seed_121/legalized/07_hp11_m_placement_legal_report.json,/mnt/d/WORK/96/flow_tap/LayoutGenModel/logs/output/cases_hubump/cases-hubump-pareto-hp11_m-t3-w0p02/seed_121/legalized/07_hp11_m_placement_legal.json,/mnt/d/WORK/96/flow_tap/resultEval/FM_result/pareto_weight_sweep_seed121_legal_only_format/hp11_m_thermal3_wirelength0p02_seed121.json,hp11_m_thermal3_wirelength0p02_seed121
hp11_m,33,121,3,0.2,ok,true,/mnt/d/WORK/96/flow_tap/LayoutGenModel/logs/output/cases_hubump/cases-hubump-pareto-hp11_m-t3-w0p2/seed_121/legalized/07_hp11_m_placement_legal_report.json,/mnt/d/WORK/96/flow_tap/LayoutGenModel/logs/output/cases_hubump/cases-hubump-pareto-hp11_m-t3-w0p2/seed_121/legalized/07_hp11_m_placement_legal.json,/mnt/d/WORK/96/flow_tap/resultEval/FM_result/pareto_weight_sweep_seed121_legal_only_format/hp11_m_thermal3_wirelength0p2_seed121.json,hp11_m_thermal3_wirelength0p2_seed121
hp11_m,35,121,3,50,ok,true,/mnt/d/WORK/96/flow_tap/LayoutGenModel/logs/output/cases_hubump/cases-hubump-pareto-hp11_m-t3-w50/seed_121/legalized/07_hp11_m_placement_legal_report.json,/mnt/d/WORK/96/flow_tap/LayoutGenModel/logs/output/cases_hubump/cases-hubump-pareto-hp11_m-t3-w50/seed_121/legalized/07_hp11_m_placement_legal.json,/mnt/d/WORK/96/flow_tap/resultEval/FM_result/pareto_weight_sweep_seed121_legal_only_format/hp11_m_thermal3_wirelength50_seed121.json,hp11_m_thermal3_wirelength50_seed121
hp11_m,34,121,3,2,ok,true,/mnt/d/WORK/96/flow_tap/LayoutGenModel/logs/output/cases_hubump/cases-hubump-pareto-hp11_m-t3-w2/seed_121/legalized/07_hp11_m_placement_legal_report.json,/mnt/d/WORK/96/flow_tap/LayoutGenModel/logs/output/cases_hubump/cases-hubump-pareto-hp11_m-t3-w2/seed_121/legalized/07_hp11_m_placement_legal.json,/mnt/d/WORK/96/flow_tap/resultEval/FM_result/pareto_weight_sweep_seed121_legal_only_format/hp11_m_thermal3_wirelength2_seed121.json,hp11_m_thermal3_wirelength2_seed121
hp11_m,36,121,10,0,ok,true,/mnt/d/WORK/96/flow_tap/LayoutGenModel/logs/output/cases_hubump/cases-hubump-pareto-hp11_m-t10-w0/seed_121/legalized/07_hp11_m_placement_legal_report.json,/mnt/d/WORK/96/flow_tap/LayoutGenModel/logs/output/cases_hubump/cases-hubump-pareto-hp11_m-t10-w0/seed_121/legalized/07_hp11_m_placement_legal.json,/mnt/d/WORK/96/flow_tap/resultEval/FM_result/pareto_weight_sweep_seed121_legal_only_format/hp11_m_thermal10_wirelength0_seed121.json,hp11_m_thermal10_wirelength0_seed121
hp11_m,37,121,10,0.02,ok,true,/mnt/d/WORK/96/flow_tap/LayoutGenModel/logs/output/cases_hubump/cases-hubump-pareto-hp11_m-t10-w0p02/seed_121/legalized/07_hp11_m_placement_legal_report.json,/mnt/d/WORK/96/flow_tap/LayoutGenModel/logs/output/cases_hubump/cases-hubump-pareto-hp11_m-t10-w0p02/seed_121/legalized/07_hp11_m_placement_legal.json,/mnt/d/WORK/96/flow_tap/resultEval/FM_result/pareto_weight_sweep_seed121_legal_only_format/hp11_m_thermal10_wirelength0p02_seed121.json,hp11_m_thermal10_wirelength0p02_seed121
hp11_m,38,121,10,0.2,ok,true,/mnt/d/WORK/96/flow_tap/LayoutGenModel/logs/output/cases_hubump/cases-hubump-pareto-hp11_m-t10-w0p2/seed_121/legalized/07_hp11_m_placement_legal_report.json,/mnt/d/WORK/96/flow_tap/LayoutGenModel/logs/output/cases_hubump/cases-hubump-pareto-hp11_m-t10-w0p2/seed_121/legalized/07_hp11_m_placement_legal.json,/mnt/d/WORK/96/flow_tap/resultEval/FM_result/pareto_weight_sweep_seed121_legal_only_format/hp11_m_thermal10_wirelength0p2_seed121.json,hp11_m_thermal10_wirelength0p2_seed121
hp11_m,40,121,10,50,ok,true,/mnt/d/WORK/96/flow_tap/LayoutGenModel/logs/output/cases_hubump/cases-hubump-pareto-hp11_m-t10-w50/seed_121/legalized/07_hp11_m_placement_legal_report.json,/mnt/d/WORK/96/flow_tap/LayoutGenModel/logs/output/cases_hubump/cases-hubump-pareto-hp11_m-t10-w50/seed_121/legalized/07_hp11_m_placement_legal.json,/mnt/d/WORK/96/flow_tap/resultEval/FM_result/pareto_weight_sweep_seed121_legal_only_format/hp11_m_thermal10_wirelength50_seed121.json,hp11_m_thermal10_wirelength50_seed121
hp11_m,41,121,30,0,ok,true,/mnt/d/WORK/96/flow_tap/LayoutGenModel/logs/output/cases_hubump/cases-hubump-pareto-hp11_m-t30-w0/seed_121/legalized/07_hp11_m_placement_legal_report.json,/mnt/d/WORK/96/flow_tap/LayoutGenModel/logs/output/cases_hubump/cases-hubump-pareto-hp11_m-t30-w0/seed_121/legalized/07_hp11_m_placement_legal.json,/mnt/d/WORK/96/flow_tap/resultEval/FM_result/pareto_weight_sweep_seed121_legal_only_format/hp11_m_thermal30_wirelength0_seed121.json,hp11_m_thermal30_wirelength0_seed121
hp11_m,42,121,30,0.02,ok,true,/mnt/d/WORK/96/flow_tap/LayoutGenModel/logs/output/cases_hubump/cases-hubump-pareto-hp11_m-t30-w0p02/seed_121/legalized/07_hp11_m_placement_legal_report.json,/mnt/d/WORK/96/flow_tap/LayoutGenModel/logs/output/cases_hubump/cases-hubump-pareto-hp11_m-t30-w0p02/seed_121/legalized/07_hp11_m_placement_legal.json,/mnt/d/WORK/96/flow_tap/resultEval/FM_result/pareto_weight_sweep_seed121_legal_only_format/hp11_m_thermal30_wirelength0p02_seed121.json,hp11_m_thermal30_wirelength0p02_seed121
hp11_m,43,121,30,0.2,ok,true,/mnt/d/WORK/96/flow_tap/LayoutGenModel/logs/output/cases_hubump/cases-hubump-pareto-hp11_m-t30-w0p2/seed_121/legalized/07_hp11_m_placement_legal_report.json,/mnt/d/WORK/96/flow_tap/LayoutGenModel/logs/output/cases_hubump/cases-hubump-pareto-hp11_m-t30-w0p2/seed_121/legalized/07_hp11_m_placement_legal.json,/mnt/d/WORK/96/flow_tap/resultEval/FM_result/pareto_weight_sweep_seed121_legal_only_format/hp11_m_thermal30_wirelength0p2_seed121.json,hp11_m_thermal30_wirelength0p2_seed121
hp11_m,44,121,30,2,ok,true,/mnt/d/WORK/96/flow_tap/LayoutGenModel/logs/output/cases_hubump/cases-hubump-pareto-hp11_m-t30-w2/seed_121/legalized/07_hp11_m_placement_legal_report.json,/mnt/d/WORK/96/flow_tap/LayoutGenModel/logs/output/cases_hubump/cases-hubump-pareto-hp11_m-t30-w2/seed_121/legalized/07_hp11_m_placement_legal.json,/mnt/d/WORK/96/flow_tap/resultEval/FM_result/pareto_weight_sweep_seed121_legal_only_format/hp11_m_thermal30_wirelength2_seed121.json,hp11_m_thermal30_wirelength2_seed121
hp11_m,45,121,30,50,ok,true,/mnt/d/WORK/96/flow_tap/LayoutGenModel/logs/output/cases_hubump/cases-hubump-pareto-hp11_m-t30-w50/seed_121/legalized/07_hp11_m_placement_legal_report.json,/mnt/d/WORK/96/flow_tap/LayoutGenModel/logs/output/cases_hubump/cases-hubump-pareto-hp11_m-t30-w50/seed_121/legalized/07_hp11_m_placement_legal.json,/mnt/d/WORK/96/flow_tap/resultEval/FM_result/pareto_weight_sweep_seed121_legal_only_format/hp11_m_thermal30_wirelength50_seed121.json,hp11_m_thermal30_wirelength50_seed121
hp11_m,46,121,100,0,ok,true,/mnt/d/WORK/96/flow_tap/LayoutGenModel/logs/output/cases_hubump/cases-hubump-pareto-hp11_m-t100-w0/seed_121/legalized/07_hp11_m_placement_legal_report.json,/mnt/d/WORK/96/flow_tap/LayoutGenModel/logs/output/cases_hubump/cases-hubump-pareto-hp11_m-t100-w0/seed_121/legalized/07_hp11_m_placement_legal.json,/mnt/d/WORK/96/flow_tap/resultEval/FM_result/pareto_weight_sweep_seed121_legal_only_format/hp11_m_thermal100_wirelength0_seed121.json,hp11_m_thermal100_wirelength0_seed121
hp11_m,47,121,100,0.02,ok,true,/mnt/d/WORK/96/flow_tap/LayoutGenModel/logs/output/cases_hubump/cases-hubump-pareto-hp11_m-t100-w0p02/seed_121/legalized/07_hp11_m_placement_legal_report.json,/mnt/d/WORK/96/flow_tap/LayoutGenModel/logs/output/cases_hubump/cases-hubump-pareto-hp11_m-t100-w0p02/seed_121/legalized/07_hp11_m_placement_legal.json,/mnt/d/WORK/96/flow_tap/resultEval/FM_result/pareto_weight_sweep_seed121_legal_only_format/hp11_m_thermal100_wirelength0p02_seed121.json,hp11_m_thermal100_wirelength0p02_seed121
hp11_m,48,121,100,0.2,ok,true,/mnt/d/WORK/96/flow_tap/LayoutGenModel/logs/output/cases_hubump/cases-hubump-pareto-hp11_m-t100-w0p2/seed_121/legalized/07_hp11_m_placement_legal_report.json,/mnt/d/WORK/96/flow_tap/LayoutGenModel/logs/output/cases_hubump/cases-hubump-pareto-hp11_m-t100-w0p2/seed_121/legalized/07_hp11_m_placement_legal.json,/mnt/d/WORK/96/flow_tap/resultEval/FM_result/pareto_weight_sweep_seed121_legal_only_format/hp11_m_thermal100_wirelength0p2_seed121.json,hp11_m_thermal100_wirelength0p2_seed121
multigpu,1,121,0,0,ok,true,/mnt/d/WORK/96/flow_tap/LayoutGenModel/logs/output/cases_hubump/cases-hubump-pareto-multigpu-t0-w0/seed_121/legalized/08_multigpu_placement_legal_report.json,/mnt/d/WORK/96/flow_tap/LayoutGenModel/logs/output/cases_hubump/cases-hubump-pareto-multigpu-t0-w0/seed_121/legalized/08_multigpu_placement_legal.json,/mnt/d/WORK/96/flow_tap/resultEval/FM_result/pareto_weight_sweep_seed121_legal_only_format/multigpu_thermal0_wirelength0_seed121.json,multigpu_thermal0_wirelength0_seed121
multigpu,2,121,0,0.02,ok,true,/mnt/d/WORK/96/flow_tap/LayoutGenModel/logs/output/cases_hubump/cases-hubump-pareto-multigpu-t0-w0p02/seed_121/legalized/08_multigpu_placement_legal_report.json,/mnt/d/WORK/96/flow_tap/LayoutGenModel/logs/output/cases_hubump/cases-hubump-pareto-multigpu-t0-w0p02/seed_121/legalized/08_multigpu_placement_legal.json,/mnt/d/WORK/96/flow_tap/resultEval/FM_result/pareto_weight_sweep_seed121_legal_only_format/multigpu_thermal0_wirelength0p02_seed121.json,multigpu_thermal0_wirelength0p02_seed121
multigpu,3,121,0,0.2,ok,true,/mnt/d/WORK/96/flow_tap/LayoutGenModel/logs/output/cases_hubump/cases-hubump-pareto-multigpu-t0-w0p2/seed_121/legalized/08_multigpu_placement_legal_report.json,/mnt/d/WORK/96/flow_tap/LayoutGenModel/logs/output/cases_hubump/cases-hubump-pareto-multigpu-t0-w0p2/seed_121/legalized/08_multigpu_placement_legal.json,/mnt/d/WORK/96/flow_tap/resultEval/FM_result/pareto_weight_sweep_seed121_legal_only_format/multigpu_thermal0_wirelength0p2_seed121.json,multigpu_thermal0_wirelength0p2_seed121
multigpu,4,121,0,2,ok,true,/mnt/d/WORK/96/flow_tap/LayoutGenModel/logs/output/cases_hubump/cases-hubump-pareto-multigpu-t0-w2/seed_121/legalized/08_multigpu_placement_legal_report.json,/mnt/d/WORK/96/flow_tap/LayoutGenModel/logs/output/cases_hubump/cases-hubump-pareto-multigpu-t0-w2/seed_121/legalized/08_multigpu_placement_legal.json,/mnt/d/WORK/96/flow_tap/resultEval/FM_result/pareto_weight_sweep_seed121_legal_only_format/multigpu_thermal0_wirelength2_seed121.json,multigpu_thermal0_wirelength2_seed121
multigpu,5,121,0,50,ok,true,/mnt/d/WORK/96/flow_tap/LayoutGenModel/logs/output/cases_hubump/cases-hubump-pareto-multigpu-t0-w50/seed_121/legalized/08_multigpu_placement_legal_report.json,/mnt/d/WORK/96/flow_tap/LayoutGenModel/logs/output/cases_hubump/cases-hubump-pareto-multigpu-t0-w50/seed_121/legalized/08_multigpu_placement_legal.json,/mnt/d/WORK/96/flow_tap/resultEval/FM_result/pareto_weight_sweep_seed121_legal_only_format/multigpu_thermal0_wirelength50_seed121.json,multigpu_thermal0_wirelength50_seed121
multigpu,6,121,0.01,0,ok,true,/mnt/d/WORK/96/flow_tap/LayoutGenModel/logs/output/cases_hubump/cases-hubump-pareto-multigpu-t0p01-w0/seed_121/legalized/08_multigpu_placement_legal_report.json,/mnt/d/WORK/96/flow_tap/LayoutGenModel/logs/output/cases_hubump/cases-hubump-pareto-multigpu-t0p01-w0/seed_121/legalized/08_multigpu_placement_legal.json,/mnt/d/WORK/96/flow_tap/resultEval/FM_result/pareto_weight_sweep_seed121_legal_only_format/multigpu_thermal0p01_wirelength0_seed121.json,multigpu_thermal0p01_wirelength0_seed121
multigpu,7,121,0.01,0.02,ok,true,/mnt/d/WORK/96/flow_tap/LayoutGenModel/logs/output/cases_hubump/cases-hubump-pareto-multigpu-t0p01-w0p02/seed_121/legalized/08_multigpu_placement_legal_report.json,/mnt/d/WORK/96/flow_tap/LayoutGenModel/logs/output/cases_hubump/cases-hubump-pareto-multigpu-t0p01-w0p02/seed_121/legalized/08_multigpu_placement_legal.json,/mnt/d/WORK/96/flow_tap/resultEval/FM_result/pareto_weight_sweep_seed121_legal_only_format/multigpu_thermal0p01_wirelength0p02_seed121.json,multigpu_thermal0p01_wirelength0p02_seed121
multigpu,8,121,0.01,0.2,ok,true,/mnt/d/WORK/96/flow_tap/LayoutGenModel/logs/output/cases_hubump/cases-hubump-pareto-multigpu-t0p01-w0p2/seed_121/legalized/08_multigpu_placement_legal_report.json,/mnt/d/WORK/96/flow_tap/LayoutGenModel/logs/output/cases_hubump/cases-hubump-pareto-multigpu-t0p01-w0p2/seed_121/legalized/08_multigpu_placement_legal.json,/mnt/d/WORK/96/flow_tap/resultEval/FM_result/pareto_weight_sweep_seed121_legal_only_format/multigpu_thermal0p01_wirelength0p2_seed121.json,multigpu_thermal0p01_wirelength0p2_seed121
multigpu,9,121,0.01,2,ok,true,/mnt/d/WORK/96/flow_tap/LayoutGenModel/logs/output/cases_hubump/cases-hubump-pareto-multigpu-t0p01-w2/seed_121/legalized/08_multigpu_placement_legal_report.json,/mnt/d/WORK/96/flow_tap/LayoutGenModel/logs/output/cases_hubump/cases-hubump-pareto-multigpu-t0p01-w2/seed_121/legalized/08_multigpu_placement_legal.json,/mnt/d/WORK/96/flow_tap/resultEval/FM_result/pareto_weight_sweep_seed121_legal_only_format/multigpu_thermal0p01_wirelength2_seed121.json,multigpu_thermal0p01_wirelength2_seed121
multigpu,11,121,0.03,0,ok,true,/mnt/d/WORK/96/flow_tap/LayoutGenModel/logs/output/cases_hubump/cases-hubump-pareto-multigpu-t0p03-w0/seed_121/legalized/08_multigpu_placement_legal_report.json,/mnt/d/WORK/96/flow_tap/LayoutGenModel/logs/output/cases_hubump/cases-hubump-pareto-multigpu-t0p03-w0/seed_121/legalized/08_multigpu_placement_legal.json,/mnt/d/WORK/96/flow_tap/resultEval/FM_result/pareto_weight_sweep_seed121_legal_only_format/multigpu_thermal0p03_wirelength0_seed121.json,multigpu_thermal0p03_wirelength0_seed121
multigpu,12,121,0.03,0.02,ok,true,/mnt/d/WORK/96/flow_tap/LayoutGenModel/logs/output/cases_hubump/cases-hubump-pareto-multigpu-t0p03-w0p02/seed_121/legalized/08_multigpu_placement_legal_report.json,/mnt/d/WORK/96/flow_tap/LayoutGenModel/logs/output/cases_hubump/cases-hubump-pareto-multigpu-t0p03-w0p02/seed_121/legalized/08_multigpu_placement_legal.json,/mnt/d/WORK/96/flow_tap/resultEval/FM_result/pareto_weight_sweep_seed121_legal_only_format/multigpu_thermal0p03_wirelength0p02_seed121.json,multigpu_thermal0p03_wirelength0p02_seed121
multigpu,13,121,0.03,0.2,ok,true,/mnt/d/WORK/96/flow_tap/LayoutGenModel/logs/output/cases_hubump/cases-hubump-pareto-multigpu-t0p03-w0p2/seed_121/legalized/08_multigpu_placement_legal_report.json,/mnt/d/WORK/96/flow_tap/LayoutGenModel/logs/output/cases_hubump/cases-hubump-pareto-multigpu-t0p03-w0p2/seed_121/legalized/08_multigpu_placement_legal.json,/mnt/d/WORK/96/flow_tap/resultEval/FM_result/pareto_weight_sweep_seed121_legal_only_format/multigpu_thermal0p03_wirelength0p2_seed121.json,multigpu_thermal0p03_wirelength0p2_seed121
multigpu,14,121,0.03,2,ok,true,/mnt/d/WORK/96/flow_tap/LayoutGenModel/logs/output/cases_hubump/cases-hubump-pareto-multigpu-t0p03-w2/seed_121/legalized/08_multigpu_placement_legal_report.json,/mnt/d/WORK/96/flow_tap/LayoutGenModel/logs/output/cases_hubump/cases-hubump-pareto-multigpu-t0p03-w2/seed_121/legalized/08_multigpu_placement_legal.json,/mnt/d/WORK/96/flow_tap/resultEval/FM_result/pareto_weight_sweep_seed121_legal_only_format/multigpu_thermal0p03_wirelength2_seed121.json,multigpu_thermal0p03_wirelength2_seed121
multigpu,15,121,0.03,50,ok,true,/mnt/d/WORK/96/flow_tap/LayoutGenModel/logs/output/cases_hubump/cases-hubump-pareto-multigpu-t0p03-w50/seed_121/legalized/08_multigpu_placement_legal_report.json,/mnt/d/WORK/96/flow_tap/LayoutGenModel/logs/output/cases_hubump/cases-hubump-pareto-multigpu-t0p03-w50/seed_121/legalized/08_multigpu_placement_legal.json,/mnt/d/WORK/96/flow_tap/resultEval/FM_result/pareto_weight_sweep_seed121_legal_only_format/multigpu_thermal0p03_wirelength50_seed121.json,multigpu_thermal0p03_wirelength50_seed121
multigpu,16,121,0.1,0,ok,true,/mnt/d/WORK/96/flow_tap/LayoutGenModel/logs/output/cases_hubump/cases-hubump-pareto-multigpu-t0p1-w0/seed_121/legalized/08_multigpu_placement_legal_report.json,/mnt/d/WORK/96/flow_tap/LayoutGenModel/logs/output/cases_hubump/cases-hubump-pareto-multigpu-t0p1-w0/seed_121/legalized/08_multigpu_placement_legal.json,/mnt/d/WORK/96/flow_tap/resultEval/FM_result/pareto_weight_sweep_seed121_legal_only_format/multigpu_thermal0p1_wirelength0_seed121.json,multigpu_thermal0p1_wirelength0_seed121
multigpu,17,121,0.1,0.02,ok,true,/mnt/d/WORK/96/flow_tap/LayoutGenModel/logs/output/cases_hubump/cases-hubump-pareto-multigpu-t0p1-w0p02/seed_121/legalized/08_multigpu_placement_legal_report.json,/mnt/d/WORK/96/flow_tap/LayoutGenModel/logs/output/cases_hubump/cases-hubump-pareto-multigpu-t0p1-w0p02/seed_121/legalized/08_multigpu_placement_legal.json,/mnt/d/WORK/96/flow_tap/resultEval/FM_result/pareto_weight_sweep_seed121_legal_only_format/multigpu_thermal0p1_wirelength0p02_seed121.json,multigpu_thermal0p1_wirelength0p02_seed121
multigpu,18,121,0.1,0.2,ok,true,/mnt/d/WORK/96/flow_tap/LayoutGenModel/logs/output/cases_hubump/cases-hubump-pareto-multigpu-t0p1-w0p2/seed_121/legalized/08_multigpu_placement_legal_report.json,/mnt/d/WORK/96/flow_tap/LayoutGenModel/logs/output/cases_hubump/cases-hubump-pareto-multigpu-t0p1-w0p2/seed_121/legalized/08_multigpu_placement_legal.json,/mnt/d/WORK/96/flow_tap/resultEval/FM_result/pareto_weight_sweep_seed121_legal_only_format/multigpu_thermal0p1_wirelength0p2_seed121.json,multigpu_thermal0p1_wirelength0p2_seed121
multigpu,19,121,0.1,2,ok,true,/mnt/d/WORK/96/flow_tap/LayoutGenModel/logs/output/cases_hubump/cases-hubump-pareto-multigpu-t0p1-w2/seed_121/legalized/08_multigpu_placement_legal_report.json,/mnt/d/WORK/96/flow_tap/LayoutGenModel/logs/output/cases_hubump/cases-hubump-pareto-multigpu-t0p1-w2/seed_121/legalized/08_multigpu_placement_legal.json,/mnt/d/WORK/96/flow_tap/resultEval/FM_result/pareto_weight_sweep_seed121_legal_only_format/multigpu_thermal0p1_wirelength2_seed121.json,multigpu_thermal0p1_wirelength2_seed121
multigpu,21,121,0.3,0,ok,true,/mnt/d/WORK/96/flow_tap/LayoutGenModel/logs/output/cases_hubump/cases-hubump-pareto-multigpu-t0p3-w0/seed_121/legalized/08_multigpu_placement_legal_report.json,/mnt/d/WORK/96/flow_tap/LayoutGenModel/logs/output/cases_hubump/cases-hubump-pareto-multigpu-t0p3-w0/seed_121/legalized/08_multigpu_placement_legal.json,/mnt/d/WORK/96/flow_tap/resultEval/FM_result/pareto_weight_sweep_seed121_legal_only_format/multigpu_thermal0p3_wirelength0_seed121.json,multigpu_thermal0p3_wirelength0_seed121
multigpu,22,121,0.3,0.02,ok,true,/mnt/d/WORK/96/flow_tap/LayoutGenModel/logs/output/cases_hubump/cases-hubump-pareto-multigpu-t0p3-w0p02/seed_121/legalized/08_multigpu_placement_legal_report.json,/mnt/d/WORK/96/flow_tap/LayoutGenModel/logs/output/cases_hubump/cases-hubump-pareto-multigpu-t0p3-w0p02/seed_121/legalized/08_multigpu_placement_legal.json,/mnt/d/WORK/96/flow_tap/resultEval/FM_result/pareto_weight_sweep_seed121_legal_only_format/multigpu_thermal0p3_wirelength0p02_seed121.json,multigpu_thermal0p3_wirelength0p02_seed121
multigpu,23,121,0.3,0.2,ok,true,/mnt/d/WORK/96/flow_tap/LayoutGenModel/logs/output/cases_hubump/cases-hubump-pareto-multigpu-t0p3-w0p2/seed_121/legalized/08_multigpu_placement_legal_report.json,/mnt/d/WORK/96/flow_tap/LayoutGenModel/logs/output/cases_hubump/cases-hubump-pareto-multigpu-t0p3-w0p2/seed_121/legalized/08_multigpu_placement_legal.json,/mnt/d/WORK/96/flow_tap/resultEval/FM_result/pareto_weight_sweep_seed121_legal_only_format/multigpu_thermal0p3_wirelength0p2_seed121.json,multigpu_thermal0p3_wirelength0p2_seed121
multigpu,24,121,0.3,2,ok,true,/mnt/d/WORK/96/flow_tap/LayoutGenModel/logs/output/cases_hubump/cases-hubump-pareto-multigpu-t0p3-w2/seed_121/legalized/08_multigpu_placement_legal_report.json,/mnt/d/WORK/96/flow_tap/LayoutGenModel/logs/output/cases_hubump/cases-hubump-pareto-multigpu-t0p3-w2/seed_121/legalized/08_multigpu_placement_legal.json,/mnt/d/WORK/96/flow_tap/resultEval/FM_result/pareto_weight_sweep_seed121_legal_only_format/multigpu_thermal0p3_wirelength2_seed121.json,multigpu_thermal0p3_wirelength2_seed121
multigpu,26,121,1,0,ok,true,/mnt/d/WORK/96/flow_tap/LayoutGenModel/logs/output/cases_hubump/cases-hubump-pareto-multigpu-t1-w0/seed_121/legalized/08_multigpu_placement_legal_report.json,/mnt/d/WORK/96/flow_tap/LayoutGenModel/logs/output/cases_hubump/cases-hubump-pareto-multigpu-t1-w0/seed_121/legalized/08_multigpu_placement_legal.json,/mnt/d/WORK/96/flow_tap/resultEval/FM_result/pareto_weight_sweep_seed121_legal_only_format/multigpu_thermal1_wirelength0_seed121.json,multigpu_thermal1_wirelength0_seed121
multigpu,25,121,0.3,50,ok,true,/mnt/d/WORK/96/flow_tap/LayoutGenModel/logs/output/cases_hubump/cases-hubump-pareto-multigpu-t0p3-w50/seed_121/legalized/08_multigpu_placement_legal_report.json,/mnt/d/WORK/96/flow_tap/LayoutGenModel/logs/output/cases_hubump/cases-hubump-pareto-multigpu-t0p3-w50/seed_121/legalized/08_multigpu_placement_legal.json,/mnt/d/WORK/96/flow_tap/resultEval/FM_result/pareto_weight_sweep_seed121_legal_only_format/multigpu_thermal0p3_wirelength50_seed121.json,multigpu_thermal0p3_wirelength50_seed121
multigpu,27,121,1,0.02,ok,true,/mnt/d/WORK/96/flow_tap/LayoutGenModel/logs/output/cases_hubump/cases-hubump-pareto-multigpu-t1-w0p02/seed_121/legalized/08_multigpu_placement_legal_report.json,/mnt/d/WORK/96/flow_tap/LayoutGenModel/logs/output/cases_hubump/cases-hubump-pareto-multigpu-t1-w0p02/seed_121/legalized/08_multigpu_placement_legal.json,/mnt/d/WORK/96/flow_tap/resultEval/FM_result/pareto_weight_sweep_seed121_legal_only_format/multigpu_thermal1_wirelength0p02_seed121.json,multigpu_thermal1_wirelength0p02_seed121
multigpu,28,121,1,0.2,ok,true,/mnt/d/WORK/96/flow_tap/LayoutGenModel/logs/output/cases_hubump/cases-hubump-pareto-multigpu-t1-w0p2/seed_121/legalized/08_multigpu_placement_legal_report.json,/mnt/d/WORK/96/flow_tap/LayoutGenModel/logs/output/cases_hubump/cases-hubump-pareto-multigpu-t1-w0p2/seed_121/legalized/08_multigpu_placement_legal.json,/mnt/d/WORK/96/flow_tap/resultEval/FM_result/pareto_weight_sweep_seed121_legal_only_format/multigpu_thermal1_wirelength0p2_seed121.json,multigpu_thermal1_wirelength0p2_seed121
multigpu,30,121,1,50,ok,true,/mnt/d/WORK/96/flow_tap/LayoutGenModel/logs/output/cases_hubump/cases-hubump-pareto-multigpu-t1-w50/seed_121/legalized/08_multigpu_placement_legal_report.json,/mnt/d/WORK/96/flow_tap/LayoutGenModel/logs/output/cases_hubump/cases-hubump-pareto-multigpu-t1-w50/seed_121/legalized/08_multigpu_placement_legal.json,/mnt/d/WORK/96/flow_tap/resultEval/FM_result/pareto_weight_sweep_seed121_legal_only_format/multigpu_thermal1_wirelength50_seed121.json,multigpu_thermal1_wirelength50_seed121
multigpu,29,121,1,2,ok,true,/mnt/d/WORK/96/flow_tap/LayoutGenModel/logs/output/cases_hubump/cases-hubump-pareto-multigpu-t1-w2/seed_121/legalized/08_multigpu_placement_legal_report.json,/mnt/d/WORK/96/flow_tap/LayoutGenModel/logs/output/cases_hubump/cases-hubump-pareto-multigpu-t1-w2/seed_121/legalized/08_multigpu_placement_legal.json,/mnt/d/WORK/96/flow_tap/resultEval/FM_result/pareto_weight_sweep_seed121_legal_only_format/multigpu_thermal1_wirelength2_seed121.json,multigpu_thermal1_wirelength2_seed121
multigpu,32,121,3,0.02,ok,true,/mnt/d/WORK/96/flow_tap/LayoutGenModel/logs/output/cases_hubump/cases-hubump-pareto-multigpu-t3-w0p02/seed_121/legalized/08_multigpu_placement_legal_report.json,/mnt/d/WORK/96/flow_tap/LayoutGenModel/logs/output/cases_hubump/cases-hubump-pareto-multigpu-t3-w0p02/seed_121/legalized/08_multigpu_placement_legal.json,/mnt/d/WORK/96/flow_tap/resultEval/FM_result/pareto_weight_sweep_seed121_legal_only_format/multigpu_thermal3_wirelength0p02_seed121.json,multigpu_thermal3_wirelength0p02_seed121
multigpu,31,121,3,0,ok,true,/mnt/d/WORK/96/flow_tap/LayoutGenModel/logs/output/cases_hubump/cases-hubump-pareto-multigpu-t3-w0/seed_121/legalized/08_multigpu_placement_legal_report.json,/mnt/d/WORK/96/flow_tap/LayoutGenModel/logs/output/cases_hubump/cases-hubump-pareto-multigpu-t3-w0/seed_121/legalized/08_multigpu_placement_legal.json,/mnt/d/WORK/96/flow_tap/resultEval/FM_result/pareto_weight_sweep_seed121_legal_only_format/multigpu_thermal3_wirelength0_seed121.json,multigpu_thermal3_wirelength0_seed121
multigpu,33,121,3,0.2,ok,true,/mnt/d/WORK/96/flow_tap/LayoutGenModel/logs/output/cases_hubump/cases-hubump-pareto-multigpu-t3-w0p2/seed_121/legalized/08_multigpu_placement_legal_report.json,/mnt/d/WORK/96/flow_tap/LayoutGenModel/logs/output/cases_hubump/cases-hubump-pareto-multigpu-t3-w0p2/seed_121/legalized/08_multigpu_placement_legal.json,/mnt/d/WORK/96/flow_tap/resultEval/FM_result/pareto_weight_sweep_seed121_legal_only_format/multigpu_thermal3_wirelength0p2_seed121.json,multigpu_thermal3_wirelength0p2_seed121
multigpu,34,121,3,2,ok,true,/mnt/d/WORK/96/flow_tap/LayoutGenModel/logs/output/cases_hubump/cases-hubump-pareto-multigpu-t3-w2/seed_121/legalized/08_multigpu_placement_legal_report.json,/mnt/d/WORK/96/flow_tap/LayoutGenModel/logs/output/cases_hubump/cases-hubump-pareto-multigpu-t3-w2/seed_121/legalized/08_multigpu_placement_legal.json,/mnt/d/WORK/96/flow_tap/resultEval/FM_result/pareto_weight_sweep_seed121_legal_only_format/multigpu_thermal3_wirelength2_seed121.json,multigpu_thermal3_wirelength2_seed121
multigpu,35,121,3,50,ok,true,/mnt/d/WORK/96/flow_tap/LayoutGenModel/logs/output/cases_hubump/cases-hubump-pareto-multigpu-t3-w50/seed_121/legalized/08_multigpu_placement_legal_report.json,/mnt/d/WORK/96/flow_tap/LayoutGenModel/logs/output/cases_hubump/cases-hubump-pareto-multigpu-t3-w50/seed_121/legalized/08_multigpu_placement_legal.json,/mnt/d/WORK/96/flow_tap/resultEval/FM_result/pareto_weight_sweep_seed121_legal_only_format/multigpu_thermal3_wirelength50_seed121.json,multigpu_thermal3_wirelength50_seed121
multigpu,36,121,10,0,ok,true,/mnt/d/WORK/96/flow_tap/LayoutGenModel/logs/output/cases_hubump/cases-hubump-pareto-multigpu-t10-w0/seed_121/legalized/08_multigpu_placement_legal_report.json,/mnt/d/WORK/96/flow_tap/LayoutGenModel/logs/output/cases_hubump/cases-hubump-pareto-multigpu-t10-w0/seed_121/legalized/08_multigpu_placement_legal.json,/mnt/d/WORK/96/flow_tap/resultEval/FM_result/pareto_weight_sweep_seed121_legal_only_format/multigpu_thermal10_wirelength0_seed121.json,multigpu_thermal10_wirelength0_seed121
multigpu,37,121,10,0.02,ok,true,/mnt/d/WORK/96/flow_tap/LayoutGenModel/logs/output/cases_hubump/cases-hubump-pareto-multigpu-t10-w0p02/seed_121/legalized/08_multigpu_placement_legal_report.json,/mnt/d/WORK/96/flow_tap/LayoutGenModel/logs/output/cases_hubump/cases-hubump-pareto-multigpu-t10-w0p02/seed_121/legalized/08_multigpu_placement_legal.json,/mnt/d/WORK/96/flow_tap/resultEval/FM_result/pareto_weight_sweep_seed121_legal_only_format/multigpu_thermal10_wirelength0p02_seed121.json,multigpu_thermal10_wirelength0p02_seed121
multigpu,38,121,10,0.2,ok,true,/mnt/d/WORK/96/flow_tap/LayoutGenModel/logs/output/cases_hubump/cases-hubump-pareto-multigpu-t10-w0p2/seed_121/legalized/08_multigpu_placement_legal_report.json,/mnt/d/WORK/96/flow_tap/LayoutGenModel/logs/output/cases_hubump/cases-hubump-pareto-multigpu-t10-w0p2/seed_121/legalized/08_multigpu_placement_legal.json,/mnt/d/WORK/96/flow_tap/resultEval/FM_result/pareto_weight_sweep_seed121_legal_only_format/multigpu_thermal10_wirelength0p2_seed121.json,multigpu_thermal10_wirelength0p2_seed121
multigpu,39,121,10,2,ok,true,/mnt/d/WORK/96/flow_tap/LayoutGenModel/logs/output/cases_hubump/cases-hubump-pareto-multigpu-t10-w2/seed_121/legalized/08_multigpu_placement_legal_report.json,/mnt/d/WORK/96/flow_tap/LayoutGenModel/logs/output/cases_hubump/cases-hubump-pareto-multigpu-t10-w2/seed_121/legalized/08_multigpu_placement_legal.json,/mnt/d/WORK/96/flow_tap/resultEval/FM_result/pareto_weight_sweep_seed121_legal_only_format/multigpu_thermal10_wirelength2_seed121.json,multigpu_thermal10_wirelength2_seed121
multigpu,40,121,10,50,ok,true,/mnt/d/WORK/96/flow_tap/LayoutGenModel/logs/output/cases_hubump/cases-hubump-pareto-multigpu-t10-w50/seed_121/legalized/08_multigpu_placement_legal_report.json,/mnt/d/WORK/96/flow_tap/LayoutGenModel/logs/output/cases_hubump/cases-hubump-pareto-multigpu-t10-w50/seed_121/legalized/08_multigpu_placement_legal.json,/mnt/d/WORK/96/flow_tap/resultEval/FM_result/pareto_weight_sweep_seed121_legal_only_format/multigpu_thermal10_wirelength50_seed121.json,multigpu_thermal10_wirelength50_seed121
multigpu,41,121,30,0,ok,true,/mnt/d/WORK/96/flow_tap/LayoutGenModel/logs/output/cases_hubump/cases-hubump-pareto-multigpu-t30-w0/seed_121/legalized/08_multigpu_placement_legal_report.json,/mnt/d/WORK/96/flow_tap/LayoutGenModel/logs/output/cases_hubump/cases-hubump-pareto-multigpu-t30-w0/seed_121/legalized/08_multigpu_placement_legal.json,/mnt/d/WORK/96/flow_tap/resultEval/FM_result/pareto_weight_sweep_seed121_legal_only_format/multigpu_thermal30_wirelength0_seed121.json,multigpu_thermal30_wirelength0_seed121
multigpu,42,121,30,0.02,ok,true,/mnt/d/WORK/96/flow_tap/LayoutGenModel/logs/output/cases_hubump/cases-hubump-pareto-multigpu-t30-w0p02/seed_121/legalized/08_multigpu_placement_legal_report.json,/mnt/d/WORK/96/flow_tap/LayoutGenModel/logs/output/cases_hubump/cases-hubump-pareto-multigpu-t30-w0p02/seed_121/legalized/08_multigpu_placement_legal.json,/mnt/d/WORK/96/flow_tap/resultEval/FM_result/pareto_weight_sweep_seed121_legal_only_format/multigpu_thermal30_wirelength0p02_seed121.json,multigpu_thermal30_wirelength0p02_seed121
multigpu,43,121,30,0.2,ok,true,/mnt/d/WORK/96/flow_tap/LayoutGenModel/logs/output/cases_hubump/cases-hubump-pareto-multigpu-t30-w0p2/seed_121/legalized/08_multigpu_placement_legal_report.json,/mnt/d/WORK/96/flow_tap/LayoutGenModel/logs/output/cases_hubump/cases-hubump-pareto-multigpu-t30-w0p2/seed_121/legalized/08_multigpu_placement_legal.json,/mnt/d/WORK/96/flow_tap/resultEval/FM_result/pareto_weight_sweep_seed121_legal_only_format/multigpu_thermal30_wirelength0p2_seed121.json,multigpu_thermal30_wirelength0p2_seed121
multigpu,44,121,30,2,ok,true,/mnt/d/WORK/96/flow_tap/LayoutGenModel/logs/output/cases_hubump/cases-hubump-pareto-multigpu-t30-w2/seed_121/legalized/08_multigpu_placement_legal_report.json,/mnt/d/WORK/96/flow_tap/LayoutGenModel/logs/output/cases_hubump/cases-hubump-pareto-multigpu-t30-w2/seed_121/legalized/08_multigpu_placement_legal.json,/mnt/d/WORK/96/flow_tap/resultEval/FM_result/pareto_weight_sweep_seed121_legal_only_format/multigpu_thermal30_wirelength2_seed121.json,multigpu_thermal30_wirelength2_seed121
multigpu,45,121,30,50,ok,true,/mnt/d/WORK/96/flow_tap/LayoutGenModel/logs/output/cases_hubump/cases-hubump-pareto-multigpu-t30-w50/seed_121/legalized/08_multigpu_placement_legal_report.json,/mnt/d/WORK/96/flow_tap/LayoutGenModel/logs/output/cases_hubump/cases-hubump-pareto-multigpu-t30-w50/seed_121/legalized/08_multigpu_placement_legal.json,/mnt/d/WORK/96/flow_tap/resultEval/FM_result/pareto_weight_sweep_seed121_legal_only_format/multigpu_thermal30_wirelength50_seed121.json,multigpu_thermal30_wirelength50_seed121
multigpu,46,121,100,0,ok,true,/mnt/d/WORK/96/flow_tap/LayoutGenModel/logs/output/cases_hubump/cases-hubump-pareto-multigpu-t100-w0/seed_121/legalized/08_multigpu_placement_legal_report.json,/mnt/d/WORK/96/flow_tap/LayoutGenModel/logs/output/cases_hubump/cases-hubump-pareto-multigpu-t100-w0/seed_121/legalized/08_multigpu_placement_legal.json,/mnt/d/WORK/96/flow_tap/resultEval/FM_result/pareto_weight_sweep_seed121_legal_only_format/multigpu_thermal100_wirelength0_seed121.json,multigpu_thermal100_wirelength0_seed121
multigpu,47,121,100,0.02,ok,true,/mnt/d/WORK/96/flow_tap/LayoutGenModel/logs/output/cases_hubump/cases-hubump-pareto-multigpu-t100-w0p02/seed_121/legalized/08_multigpu_placement_legal_report.json,/mnt/d/WORK/96/flow_tap/LayoutGenModel/logs/output/cases_hubump/cases-hubump-pareto-multigpu-t100-w0p02/seed_121/legalized/08_multigpu_placement_legal.json,/mnt/d/WORK/96/flow_tap/resultEval/FM_result/pareto_weight_sweep_seed121_legal_only_format/multigpu_thermal100_wirelength0p02_seed121.json,multigpu_thermal100_wirelength0p02_seed121
multigpu,48,121,100,0.2,ok,true,/mnt/d/WORK/96/flow_tap/LayoutGenModel/logs/output/cases_hubump/cases-hubump-pareto-multigpu-t100-w0p2/seed_121/legalized/08_multigpu_placement_legal_report.json,/mnt/d/WORK/96/flow_tap/LayoutGenModel/logs/output/cases_hubump/cases-hubump-pareto-multigpu-t100-w0p2/seed_121/legalized/08_multigpu_placement_legal.json,/mnt/d/WORK/96/flow_tap/resultEval/FM_result/pareto_weight_sweep_seed121_legal_only_format/multigpu_thermal100_wirelength0p2_seed121.json,multigpu_thermal100_wirelength0p2_seed121
multigpu,49,121,100,2,ok,true,/mnt/d/WORK/96/flow_tap/LayoutGenModel/logs/output/cases_hubump/cases-hubump-pareto-multigpu-t100-w2/seed_121/legalized/08_multigpu_placement_legal_report.json,/mnt/d/WORK/96/flow_tap/LayoutGenModel/logs/output/cases_hubump/cases-hubump-pareto-multigpu-t100-w2/seed_121/legalized/08_multigpu_placement_legal.json,/mnt/d/WORK/96/flow_tap/resultEval/FM_result/pareto_weight_sweep_seed121_legal_only_format/multigpu_thermal100_wirelength2_seed121.json,multigpu_thermal100_wirelength2_seed121
multigpu,50,121,100,50,ok,true,/mnt/d/WORK/96/flow_tap/LayoutGenModel/logs/output/cases_hubump/cases-hubump-pareto-multigpu-t100-w50/seed_121/legalized/08_multigpu_placement_legal_report.json,/mnt/d/WORK/96/flow_tap/LayoutGenModel/logs/output/cases_hubump/cases-hubump-pareto-multigpu-t100-w50/seed_121/legalized/08_multigpu_placement_legal.json,/mnt/d/WORK/96/flow_tap/resultEval/FM_result/pareto_weight_sweep_seed121_legal_only_format/multigpu_thermal100_wirelength50_seed121.json,multigpu_thermal100_wirelength50_seed121
syn1,1,121,0,0,ok,true,/mnt/d/WORK/96/flow_tap/LayoutGenModel/logs/output/cases_hubump/cases-hubump-pareto-syn1-t0-w0/seed_121/legalized/09_syn1_placement_legal_report.json,/mnt/d/WORK/96/flow_tap/LayoutGenModel/logs/output/cases_hubump/cases-hubump-pareto-syn1-t0-w0/seed_121/legalized/09_syn1_placement_legal.json,/mnt/d/WORK/96/flow_tap/resultEval/FM_result/pareto_weight_sweep_seed121_legal_only_format/syn1_thermal0_wirelength0_seed121.json,syn1_thermal0_wirelength0_seed121
syn1,2,121,0,0.02,ok,true,/mnt/d/WORK/96/flow_tap/LayoutGenModel/logs/output/cases_hubump/cases-hubump-pareto-syn1-t0-w0p02/seed_121/legalized/09_syn1_placement_legal_report.json,/mnt/d/WORK/96/flow_tap/LayoutGenModel/logs/output/cases_hubump/cases-hubump-pareto-syn1-t0-w0p02/seed_121/legalized/09_syn1_placement_legal.json,/mnt/d/WORK/96/flow_tap/resultEval/FM_result/pareto_weight_sweep_seed121_legal_only_format/syn1_thermal0_wirelength0p02_seed121.json,syn1_thermal0_wirelength0p02_seed121
syn1,3,121,0,0.2,ok,true,/mnt/d/WORK/96/flow_tap/LayoutGenModel/logs/output/cases_hubump/cases-hubump-pareto-syn1-t0-w0p2/seed_121/legalized/09_syn1_placement_legal_report.json,/mnt/d/WORK/96/flow_tap/LayoutGenModel/logs/output/cases_hubump/cases-hubump-pareto-syn1-t0-w0p2/seed_121/legalized/09_syn1_placement_legal.json,/mnt/d/WORK/96/flow_tap/resultEval/FM_result/pareto_weight_sweep_seed121_legal_only_format/syn1_thermal0_wirelength0p2_seed121.json,syn1_thermal0_wirelength0p2_seed121
syn1,4,121,0,2,ok,true,/mnt/d/WORK/96/flow_tap/LayoutGenModel/logs/output/cases_hubump/cases-hubump-pareto-syn1-t0-w2/seed_121/legalized/09_syn1_placement_legal_report.json,/mnt/d/WORK/96/flow_tap/LayoutGenModel/logs/output/cases_hubump/cases-hubump-pareto-syn1-t0-w2/seed_121/legalized/09_syn1_placement_legal.json,/mnt/d/WORK/96/flow_tap/resultEval/FM_result/pareto_weight_sweep_seed121_legal_only_format/syn1_thermal0_wirelength2_seed121.json,syn1_thermal0_wirelength2_seed121
syn1,5,121,0,50,ok,true,/mnt/d/WORK/96/flow_tap/LayoutGenModel/logs/output/cases_hubump/cases-hubump-pareto-syn1-t0-w50/seed_121/legalized/09_syn1_placement_legal_report.json,/mnt/d/WORK/96/flow_tap/LayoutGenModel/logs/output/cases_hubump/cases-hubump-pareto-syn1-t0-w50/seed_121/legalized/09_syn1_placement_legal.json,/mnt/d/WORK/96/flow_tap/resultEval/FM_result/pareto_weight_sweep_seed121_legal_only_format/syn1_thermal0_wirelength50_seed121.json,syn1_thermal0_wirelength50_seed121
syn1,6,121,0.01,0,ok,true,/mnt/d/WORK/96/flow_tap/LayoutGenModel/logs/output/cases_hubump/cases-hubump-pareto-syn1-t0p01-w0/seed_121/legalized/09_syn1_placement_legal_report.json,/mnt/d/WORK/96/flow_tap/LayoutGenModel/logs/output/cases_hubump/cases-hubump-pareto-syn1-t0p01-w0/seed_121/legalized/09_syn1_placement_legal.json,/mnt/d/WORK/96/flow_tap/resultEval/FM_result/pareto_weight_sweep_seed121_legal_only_format/syn1_thermal0p01_wirelength0_seed121.json,syn1_thermal0p01_wirelength0_seed121
syn1,7,121,0.01,0.02,ok,true,/mnt/d/WORK/96/flow_tap/LayoutGenModel/logs/output/cases_hubump/cases-hubump-pareto-syn1-t0p01-w0p02/seed_121/legalized/09_syn1_placement_legal_report.json,/mnt/d/WORK/96/flow_tap/LayoutGenModel/logs/output/cases_hubump/cases-hubump-pareto-syn1-t0p01-w0p02/seed_121/legalized/09_syn1_placement_legal.json,/mnt/d/WORK/96/flow_tap/resultEval/FM_result/pareto_weight_sweep_seed121_legal_only_format/syn1_thermal0p01_wirelength0p02_seed121.json,syn1_thermal0p01_wirelength0p02_seed121
syn1,8,121,0.01,0.2,ok,true,/mnt/d/WORK/96/flow_tap/LayoutGenModel/logs/output/cases_hubump/cases-hubump-pareto-syn1-t0p01-w0p2/seed_121/legalized/09_syn1_placement_legal_report.json,/mnt/d/WORK/96/flow_tap/LayoutGenModel/logs/output/cases_hubump/cases-hubump-pareto-syn1-t0p01-w0p2/seed_121/legalized/09_syn1_placement_legal.json,/mnt/d/WORK/96/flow_tap/resultEval/FM_result/pareto_weight_sweep_seed121_legal_only_format/syn1_thermal0p01_wirelength0p2_seed121.json,syn1_thermal0p01_wirelength0p2_seed121
syn1,9,121,0.01,2,ok,true,/mnt/d/WORK/96/flow_tap/LayoutGenModel/logs/output/cases_hubump/cases-hubump-pareto-syn1-t0p01-w2/seed_121/legalized/09_syn1_placement_legal_report.json,/mnt/d/WORK/96/flow_tap/LayoutGenModel/logs/output/cases_hubump/cases-hubump-pareto-syn1-t0p01-w2/seed_121/legalized/09_syn1_placement_legal.json,/mnt/d/WORK/96/flow_tap/resultEval/FM_result/pareto_weight_sweep_seed121_legal_only_format/syn1_thermal0p01_wirelength2_seed121.json,syn1_thermal0p01_wirelength2_seed121
syn1,10,121,0.01,50,ok,true,/mnt/d/WORK/96/flow_tap/LayoutGenModel/logs/output/cases_hubump/cases-hubump-pareto-syn1-t0p01-w50/seed_121/legalized/09_syn1_placement_legal_report.json,/mnt/d/WORK/96/flow_tap/LayoutGenModel/logs/output/cases_hubump/cases-hubump-pareto-syn1-t0p01-w50/seed_121/legalized/09_syn1_placement_legal.json,/mnt/d/WORK/96/flow_tap/resultEval/FM_result/pareto_weight_sweep_seed121_legal_only_format/syn1_thermal0p01_wirelength50_seed121.json,syn1_thermal0p01_wirelength50_seed121
syn1,11,121,0.03,0,ok,true,/mnt/d/WORK/96/flow_tap/LayoutGenModel/logs/output/cases_hubump/cases-hubump-pareto-syn1-t0p03-w0/seed_121/legalized/09_syn1_placement_legal_report.json,/mnt/d/WORK/96/flow_tap/LayoutGenModel/logs/output/cases_hubump/cases-hubump-pareto-syn1-t0p03-w0/seed_121/legalized/09_syn1_placement_legal.json,/mnt/d/WORK/96/flow_tap/resultEval/FM_result/pareto_weight_sweep_seed121_legal_only_format/syn1_thermal0p03_wirelength0_seed121.json,syn1_thermal0p03_wirelength0_seed121
syn1,12,121,0.03,0.02,ok,true,/mnt/d/WORK/96/flow_tap/LayoutGenModel/logs/output/cases_hubump/cases-hubump-pareto-syn1-t0p03-w0p02/seed_121/legalized/09_syn1_placement_legal_report.json,/mnt/d/WORK/96/flow_tap/LayoutGenModel/logs/output/cases_hubump/cases-hubump-pareto-syn1-t0p03-w0p02/seed_121/legalized/09_syn1_placement_legal.json,/mnt/d/WORK/96/flow_tap/resultEval/FM_result/pareto_weight_sweep_seed121_legal_only_format/syn1_thermal0p03_wirelength0p02_seed121.json,syn1_thermal0p03_wirelength0p02_seed121
syn1,13,121,0.03,0.2,ok,true,/mnt/d/WORK/96/flow_tap/LayoutGenModel/logs/output/cases_hubump/cases-hubump-pareto-syn1-t0p03-w0p2/seed_121/legalized/09_syn1_placement_legal_report.json,/mnt/d/WORK/96/flow_tap/LayoutGenModel/logs/output/cases_hubump/cases-hubump-pareto-syn1-t0p03-w0p2/seed_121/legalized/09_syn1_placement_legal.json,/mnt/d/WORK/96/flow_tap/resultEval/FM_result/pareto_weight_sweep_seed121_legal_only_format/syn1_thermal0p03_wirelength0p2_seed121.json,syn1_thermal0p03_wirelength0p2_seed121
syn1,14,121,0.03,2,ok,true,/mnt/d/WORK/96/flow_tap/LayoutGenModel/logs/output/cases_hubump/cases-hubump-pareto-syn1-t0p03-w2/seed_121/legalized/09_syn1_placement_legal_report.json,/mnt/d/WORK/96/flow_tap/LayoutGenModel/logs/output/cases_hubump/cases-hubump-pareto-syn1-t0p03-w2/seed_121/legalized/09_syn1_placement_legal.json,/mnt/d/WORK/96/flow_tap/resultEval/FM_result/pareto_weight_sweep_seed121_legal_only_format/syn1_thermal0p03_wirelength2_seed121.json,syn1_thermal0p03_wirelength2_seed121
syn1,15,121,0.03,50,ok,true,/mnt/d/WORK/96/flow_tap/LayoutGenModel/logs/output/cases_hubump/cases-hubump-pareto-syn1-t0p03-w50/seed_121/legalized/09_syn1_placement_legal_report.json,/mnt/d/WORK/96/flow_tap/LayoutGenModel/logs/output/cases_hubump/cases-hubump-pareto-syn1-t0p03-w50/seed_121/legalized/09_syn1_placement_legal.json,/mnt/d/WORK/96/flow_tap/resultEval/FM_result/pareto_weight_sweep_seed121_legal_only_format/syn1_thermal0p03_wirelength50_seed121.json,syn1_thermal0p03_wirelength50_seed121
syn1,16,121,0.1,0,ok,true,/mnt/d/WORK/96/flow_tap/LayoutGenModel/logs/output/cases_hubump/cases-hubump-pareto-syn1-t0p1-w0/seed_121/legalized/09_syn1_placement_legal_report.json,/mnt/d/WORK/96/flow_tap/LayoutGenModel/logs/output/cases_hubump/cases-hubump-pareto-syn1-t0p1-w0/seed_121/legalized/09_syn1_placement_legal.json,/mnt/d/WORK/96/flow_tap/resultEval/FM_result/pareto_weight_sweep_seed121_legal_only_format/syn1_thermal0p1_wirelength0_seed121.json,syn1_thermal0p1_wirelength0_seed121
syn1,17,121,0.1,0.02,ok,true,/mnt/d/WORK/96/flow_tap/LayoutGenModel/logs/output/cases_hubump/cases-hubump-pareto-syn1-t0p1-w0p02/seed_121/legalized/09_syn1_placement_legal_report.json,/mnt/d/WORK/96/flow_tap/LayoutGenModel/logs/output/cases_hubump/cases-hubump-pareto-syn1-t0p1-w0p02/seed_121/legalized/09_syn1_placement_legal.json,/mnt/d/WORK/96/flow_tap/resultEval/FM_result/pareto_weight_sweep_seed121_legal_only_format/syn1_thermal0p1_wirelength0p02_seed121.json,syn1_thermal0p1_wirelength0p02_seed121
syn1,18,121,0.1,0.2,ok,true,/mnt/d/WORK/96/flow_tap/LayoutGenModel/logs/output/cases_hubump/cases-hubump-pareto-syn1-t0p1-w0p2/seed_121/legalized/09_syn1_placement_legal_report.json,/mnt/d/WORK/96/flow_tap/LayoutGenModel/logs/output/cases_hubump/cases-hubump-pareto-syn1-t0p1-w0p2/seed_121/legalized/09_syn1_placement_legal.json,/mnt/d/WORK/96/flow_tap/resultEval/FM_result/pareto_weight_sweep_seed121_legal_only_format/syn1_thermal0p1_wirelength0p2_seed121.json,syn1_thermal0p1_wirelength0p2_seed121
syn1,19,121,0.1,2,ok,true,/mnt/d/WORK/96/flow_tap/LayoutGenModel/logs/output/cases_hubump/cases-hubump-pareto-syn1-t0p1-w2/seed_121/legalized/09_syn1_placement_legal_report.json,/mnt/d/WORK/96/flow_tap/LayoutGenModel/logs/output/cases_hubump/cases-hubump-pareto-syn1-t0p1-w2/seed_121/legalized/09_syn1_placement_legal.json,/mnt/d/WORK/96/flow_tap/resultEval/FM_result/pareto_weight_sweep_seed121_legal_only_format/syn1_thermal0p1_wirelength2_seed121.json,syn1_thermal0p1_wirelength2_seed121
syn1,20,121,0.1,50,ok,true,/mnt/d/WORK/96/flow_tap/LayoutGenModel/logs/output/cases_hubump/cases-hubump-pareto-syn1-t0p1-w50/seed_121/legalized/09_syn1_placement_legal_report.json,/mnt/d/WORK/96/flow_tap/LayoutGenModel/logs/output/cases_hubump/cases-hubump-pareto-syn1-t0p1-w50/seed_121/legalized/09_syn1_placement_legal.json,/mnt/d/WORK/96/flow_tap/resultEval/FM_result/pareto_weight_sweep_seed121_legal_only_format/syn1_thermal0p1_wirelength50_seed121.json,syn1_thermal0p1_wirelength50_seed121
syn1,21,121,0.3,0,ok,true,/mnt/d/WORK/96/flow_tap/LayoutGenModel/logs/output/cases_hubump/cases-hubump-pareto-syn1-t0p3-w0/seed_121/legalized/09_syn1_placement_legal_report.json,/mnt/d/WORK/96/flow_tap/LayoutGenModel/logs/output/cases_hubump/cases-hubump-pareto-syn1-t0p3-w0/seed_121/legalized/09_syn1_placement_legal.json,/mnt/d/WORK/96/flow_tap/resultEval/FM_result/pareto_weight_sweep_seed121_legal_only_format/syn1_thermal0p3_wirelength0_seed121.json,syn1_thermal0p3_wirelength0_seed121
syn1,22,121,0.3,0.02,ok,true,/mnt/d/WORK/96/flow_tap/LayoutGenModel/logs/output/cases_hubump/cases-hubump-pareto-syn1-t0p3-w0p02/seed_121/legalized/09_syn1_placement_legal_report.json,/mnt/d/WORK/96/flow_tap/LayoutGenModel/logs/output/cases_hubump/cases-hubump-pareto-syn1-t0p3-w0p02/seed_121/legalized/09_syn1_placement_legal.json,/mnt/d/WORK/96/flow_tap/resultEval/FM_result/pareto_weight_sweep_seed121_legal_only_format/syn1_thermal0p3_wirelength0p02_seed121.json,syn1_thermal0p3_wirelength0p02_seed121
syn1,23,121,0.3,0.2,ok,true,/mnt/d/WORK/96/flow_tap/LayoutGenModel/logs/output/cases_hubump/cases-hubump-pareto-syn1-t0p3-w0p2/seed_121/legalized/09_syn1_placement_legal_report.json,/mnt/d/WORK/96/flow_tap/LayoutGenModel/logs/output/cases_hubump/cases-hubump-pareto-syn1-t0p3-w0p2/seed_121/legalized/09_syn1_placement_legal.json,/mnt/d/WORK/96/flow_tap/resultEval/FM_result/pareto_weight_sweep_seed121_legal_only_format/syn1_thermal0p3_wirelength0p2_seed121.json,syn1_thermal0p3_wirelength0p2_seed121
syn1,25,121,0.3,50,ok,true,/mnt/d/WORK/96/flow_tap/LayoutGenModel/logs/output/cases_hubump/cases-hubump-pareto-syn1-t0p3-w50/seed_121/legalized/09_syn1_placement_legal_report.json,/mnt/d/WORK/96/flow_tap/LayoutGenModel/logs/output/cases_hubump/cases-hubump-pareto-syn1-t0p3-w50/seed_121/legalized/09_syn1_placement_legal.json,/mnt/d/WORK/96/flow_tap/resultEval/FM_result/pareto_weight_sweep_seed121_legal_only_format/syn1_thermal0p3_wirelength50_seed121.json,syn1_thermal0p3_wirelength50_seed121
syn1,26,121,1,0,ok,true,/mnt/d/WORK/96/flow_tap/LayoutGenModel/logs/output/cases_hubump/cases-hubump-pareto-syn1-t1-w0/seed_121/legalized/09_syn1_placement_legal_report.json,/mnt/d/WORK/96/flow_tap/LayoutGenModel/logs/output/cases_hubump/cases-hubump-pareto-syn1-t1-w0/seed_121/legalized/09_syn1_placement_legal.json,/mnt/d/WORK/96/flow_tap/resultEval/FM_result/pareto_weight_sweep_seed121_legal_only_format/syn1_thermal1_wirelength0_seed121.json,syn1_thermal1_wirelength0_seed121
syn1,27,121,1,0.02,ok,true,/mnt/d/WORK/96/flow_tap/LayoutGenModel/logs/output/cases_hubump/cases-hubump-pareto-syn1-t1-w0p02/seed_121/legalized/09_syn1_placement_legal_report.json,/mnt/d/WORK/96/flow_tap/LayoutGenModel/logs/output/cases_hubump/cases-hubump-pareto-syn1-t1-w0p02/seed_121/legalized/09_syn1_placement_legal.json,/mnt/d/WORK/96/flow_tap/resultEval/FM_result/pareto_weight_sweep_seed121_legal_only_format/syn1_thermal1_wirelength0p02_seed121.json,syn1_thermal1_wirelength0p02_seed121
syn1,28,121,1,0.2,ok,true,/mnt/d/WORK/96/flow_tap/LayoutGenModel/logs/output/cases_hubump/cases-hubump-pareto-syn1-t1-w0p2/seed_121/legalized/09_syn1_placement_legal_report.json,/mnt/d/WORK/96/flow_tap/LayoutGenModel/logs/output/cases_hubump/cases-hubump-pareto-syn1-t1-w0p2/seed_121/legalized/09_syn1_placement_legal.json,/mnt/d/WORK/96/flow_tap/resultEval/FM_result/pareto_weight_sweep_seed121_legal_only_format/syn1_thermal1_wirelength0p2_seed121.json,syn1_thermal1_wirelength0p2_seed121
syn1,29,121,1,2,ok,true,/mnt/d/WORK/96/flow_tap/LayoutGenModel/logs/output/cases_hubump/cases-hubump-pareto-syn1-t1-w2/seed_121/legalized/09_syn1_placement_legal_report.json,/mnt/d/WORK/96/flow_tap/LayoutGenModel/logs/output/cases_hubump/cases-hubump-pareto-syn1-t1-w2/seed_121/legalized/09_syn1_placement_legal.json,/mnt/d/WORK/96/flow_tap/resultEval/FM_result/pareto_weight_sweep_seed121_legal_only_format/syn1_thermal1_wirelength2_seed121.json,syn1_thermal1_wirelength2_seed121
syn1,30,121,1,50,ok,true,/mnt/d/WORK/96/flow_tap/LayoutGenModel/logs/output/cases_hubump/cases-hubump-pareto-syn1-t1-w50/seed_121/legalized/09_syn1_placement_legal_report.json,/mnt/d/WORK/96/flow_tap/LayoutGenModel/logs/output/cases_hubump/cases-hubump-pareto-syn1-t1-w50/seed_121/legalized/09_syn1_placement_legal.json,/mnt/d/WORK/96/flow_tap/resultEval/FM_result/pareto_weight_sweep_seed121_legal_only_format/syn1_thermal1_wirelength50_seed121.json,syn1_thermal1_wirelength50_seed121
syn1,31,121,3,0,ok,true,/mnt/d/WORK/96/flow_tap/LayoutGenModel/logs/output/cases_hubump/cases-hubump-pareto-syn1-t3-w0/seed_121/legalized/09_syn1_placement_legal_report.json,/mnt/d/WORK/96/flow_tap/LayoutGenModel/logs/output/cases_hubump/cases-hubump-pareto-syn1-t3-w0/seed_121/legalized/09_syn1_placement_legal.json,/mnt/d/WORK/96/flow_tap/resultEval/FM_result/pareto_weight_sweep_seed121_legal_only_format/syn1_thermal3_wirelength0_seed121.json,syn1_thermal3_wirelength0_seed121
syn1,32,121,3,0.02,ok,true,/mnt/d/WORK/96/flow_tap/LayoutGenModel/logs/output/cases_hubump/cases-hubump-pareto-syn1-t3-w0p02/seed_121/legalized/09_syn1_placement_legal_report.json,/mnt/d/WORK/96/flow_tap/LayoutGenModel/logs/output/cases_hubump/cases-hubump-pareto-syn1-t3-w0p02/seed_121/legalized/09_syn1_placement_legal.json,/mnt/d/WORK/96/flow_tap/resultEval/FM_result/pareto_weight_sweep_seed121_legal_only_format/syn1_thermal3_wirelength0p02_seed121.json,syn1_thermal3_wirelength0p02_seed121
syn1,33,121,3,0.2,ok,true,/mnt/d/WORK/96/flow_tap/LayoutGenModel/logs/output/cases_hubump/cases-hubump-pareto-syn1-t3-w0p2/seed_121/legalized/09_syn1_placement_legal_report.json,/mnt/d/WORK/96/flow_tap/LayoutGenModel/logs/output/cases_hubump/cases-hubump-pareto-syn1-t3-w0p2/seed_121/legalized/09_syn1_placement_legal.json,/mnt/d/WORK/96/flow_tap/resultEval/FM_result/pareto_weight_sweep_seed121_legal_only_format/syn1_thermal3_wirelength0p2_seed121.json,syn1_thermal3_wirelength0p2_seed121
syn1,34,121,3,2,ok,true,/mnt/d/WORK/96/flow_tap/LayoutGenModel/logs/output/cases_hubump/cases-hubump-pareto-syn1-t3-w2/seed_121/legalized/09_syn1_placement_legal_report.json,/mnt/d/WORK/96/flow_tap/LayoutGenModel/logs/output/cases_hubump/cases-hubump-pareto-syn1-t3-w2/seed_121/legalized/09_syn1_placement_legal.json,/mnt/d/WORK/96/flow_tap/resultEval/FM_result/pareto_weight_sweep_seed121_legal_only_format/syn1_thermal3_wirelength2_seed121.json,syn1_thermal3_wirelength2_seed121
syn1,36,121,10,0,ok,true,/mnt/d/WORK/96/flow_tap/LayoutGenModel/logs/output/cases_hubump/cases-hubump-pareto-syn1-t10-w0/seed_121/legalized/09_syn1_placement_legal_report.json,/mnt/d/WORK/96/flow_tap/LayoutGenModel/logs/output/cases_hubump/cases-hubump-pareto-syn1-t10-w0/seed_121/legalized/09_syn1_placement_legal.json,/mnt/d/WORK/96/flow_tap/resultEval/FM_result/pareto_weight_sweep_seed121_legal_only_format/syn1_thermal10_wirelength0_seed121.json,syn1_thermal10_wirelength0_seed121
syn1,38,121,10,0.2,ok,true,/mnt/d/WORK/96/flow_tap/LayoutGenModel/logs/output/cases_hubump/cases-hubump-pareto-syn1-t10-w0p2/seed_121/legalized/09_syn1_placement_legal_report.json,/mnt/d/WORK/96/flow_tap/LayoutGenModel/logs/output/cases_hubump/cases-hubump-pareto-syn1-t10-w0p2/seed_121/legalized/09_syn1_placement_legal.json,/mnt/d/WORK/96/flow_tap/resultEval/FM_result/pareto_weight_sweep_seed121_legal_only_format/syn1_thermal10_wirelength0p2_seed121.json,syn1_thermal10_wirelength0p2_seed121
syn1,37,121,10,0.02,ok,true,/mnt/d/WORK/96/flow_tap/LayoutGenModel/logs/output/cases_hubump/cases-hubump-pareto-syn1-t10-w0p02/seed_121/legalized/09_syn1_placement_legal_report.json,/mnt/d/WORK/96/flow_tap/LayoutGenModel/logs/output/cases_hubump/cases-hubump-pareto-syn1-t10-w0p02/seed_121/legalized/09_syn1_placement_legal.json,/mnt/d/WORK/96/flow_tap/resultEval/FM_result/pareto_weight_sweep_seed121_legal_only_format/syn1_thermal10_wirelength0p02_seed121.json,syn1_thermal10_wirelength0p02_seed121
syn1,39,121,10,2,ok,true,/mnt/d/WORK/96/flow_tap/LayoutGenModel/logs/output/cases_hubump/cases-hubump-pareto-syn1-t10-w2/seed_121/legalized/09_syn1_placement_legal_report.json,/mnt/d/WORK/96/flow_tap/LayoutGenModel/logs/output/cases_hubump/cases-hubump-pareto-syn1-t10-w2/seed_121/legalized/09_syn1_placement_legal.json,/mnt/d/WORK/96/flow_tap/resultEval/FM_result/pareto_weight_sweep_seed121_legal_only_format/syn1_thermal10_wirelength2_seed121.json,syn1_thermal10_wirelength2_seed121
syn1,40,121,10,50,ok,true,/mnt/d/WORK/96/flow_tap/LayoutGenModel/logs/output/cases_hubump/cases-hubump-pareto-syn1-t10-w50/seed_121/legalized/09_syn1_placement_legal_report.json,/mnt/d/WORK/96/flow_tap/LayoutGenModel/logs/output/cases_hubump/cases-hubump-pareto-syn1-t10-w50/seed_121/legalized/09_syn1_placement_legal.json,/mnt/d/WORK/96/flow_tap/resultEval/FM_result/pareto_weight_sweep_seed121_legal_only_format/syn1_thermal10_wirelength50_seed121.json,syn1_thermal10_wirelength50_seed121
syn1,41,121,30,0,ok,true,/mnt/d/WORK/96/flow_tap/LayoutGenModel/logs/output/cases_hubump/cases-hubump-pareto-syn1-t30-w0/seed_121/legalized/09_syn1_placement_legal_report.json,/mnt/d/WORK/96/flow_tap/LayoutGenModel/logs/output/cases_hubump/cases-hubump-pareto-syn1-t30-w0/seed_121/legalized/09_syn1_placement_legal.json,/mnt/d/WORK/96/flow_tap/resultEval/FM_result/pareto_weight_sweep_seed121_legal_only_format/syn1_thermal30_wirelength0_seed121.json,syn1_thermal30_wirelength0_seed121
syn1,42,121,30,0.02,ok,true,/mnt/d/WORK/96/flow_tap/LayoutGenModel/logs/output/cases_hubump/cases-hubump-pareto-syn1-t30-w0p02/seed_121/legalized/09_syn1_placement_legal_report.json,/mnt/d/WORK/96/flow_tap/LayoutGenModel/logs/output/cases_hubump/cases-hubump-pareto-syn1-t30-w0p02/seed_121/legalized/09_syn1_placement_legal.json,/mnt/d/WORK/96/flow_tap/resultEval/FM_result/pareto_weight_sweep_seed121_legal_only_format/syn1_thermal30_wirelength0p02_seed121.json,syn1_thermal30_wirelength0p02_seed121
syn1,43,121,30,0.2,ok,true,/mnt/d/WORK/96/flow_tap/LayoutGenModel/logs/output/cases_hubump/cases-hubump-pareto-syn1-t30-w0p2/seed_121/legalized/09_syn1_placement_legal_report.json,/mnt/d/WORK/96/flow_tap/LayoutGenModel/logs/output/cases_hubump/cases-hubump-pareto-syn1-t30-w0p2/seed_121/legalized/09_syn1_placement_legal.json,/mnt/d/WORK/96/flow_tap/resultEval/FM_result/pareto_weight_sweep_seed121_legal_only_format/syn1_thermal30_wirelength0p2_seed121.json,syn1_thermal30_wirelength0p2_seed121
syn1,44,121,30,2,ok,true,/mnt/d/WORK/96/flow_tap/LayoutGenModel/logs/output/cases_hubump/cases-hubump-pareto-syn1-t30-w2/seed_121/legalized/09_syn1_placement_legal_report.json,/mnt/d/WORK/96/flow_tap/LayoutGenModel/logs/output/cases_hubump/cases-hubump-pareto-syn1-t30-w2/seed_121/legalized/09_syn1_placement_legal.json,/mnt/d/WORK/96/flow_tap/resultEval/FM_result/pareto_weight_sweep_seed121_legal_only_format/syn1_thermal30_wirelength2_seed121.json,syn1_thermal30_wirelength2_seed121
syn1,46,121,100,0,ok,true,/mnt/d/WORK/96/flow_tap/LayoutGenModel/logs/output/cases_hubump/cases-hubump-pareto-syn1-t100-w0/seed_121/legalized/09_syn1_placement_legal_report.json,/mnt/d/WORK/96/flow_tap/LayoutGenModel/logs/output/cases_hubump/cases-hubump-pareto-syn1-t100-w0/seed_121/legalized/09_syn1_placement_legal.json,/mnt/d/WORK/96/flow_tap/resultEval/FM_result/pareto_weight_sweep_seed121_legal_only_format/syn1_thermal100_wirelength0_seed121.json,syn1_thermal100_wirelength0_seed121
syn1,47,121,100,0.02,ok,true,/mnt/d/WORK/96/flow_tap/LayoutGenModel/logs/output/cases_hubump/cases-hubump-pareto-syn1-t100-w0p02/seed_121/legalized/09_syn1_placement_legal_report.json,/mnt/d/WORK/96/flow_tap/LayoutGenModel/logs/output/cases_hubump/cases-hubump-pareto-syn1-t100-w0p02/seed_121/legalized/09_syn1_placement_legal.json,/mnt/d/WORK/96/flow_tap/resultEval/FM_result/pareto_weight_sweep_seed121_legal_only_format/syn1_thermal100_wirelength0p02_seed121.json,syn1_thermal100_wirelength0p02_seed121
syn1,48,121,100,0.2,ok,true,/mnt/d/WORK/96/flow_tap/LayoutGenModel/logs/output/cases_hubump/cases-hubump-pareto-syn1-t100-w0p2/seed_121/legalized/09_syn1_placement_legal_report.json,/mnt/d/WORK/96/flow_tap/LayoutGenModel/logs/output/cases_hubump/cases-hubump-pareto-syn1-t100-w0p2/seed_121/legalized/09_syn1_placement_legal.json,/mnt/d/WORK/96/flow_tap/resultEval/FM_result/pareto_weight_sweep_seed121_legal_only_format/syn1_thermal100_wirelength0p2_seed121.json,syn1_thermal100_wirelength0p2_seed121
syn1,49,121,100,2,ok,true,/mnt/d/WORK/96/flow_tap/LayoutGenModel/logs/output/cases_hubump/cases-hubump-pareto-syn1-t100-w2/seed_121/legalized/09_syn1_placement_legal_report.json,/mnt/d/WORK/96/flow_tap/LayoutGenModel/logs/output/cases_hubump/cases-hubump-pareto-syn1-t100-w2/seed_121/legalized/09_syn1_placement_legal.json,/mnt/d/WORK/96/flow_tap/resultEval/FM_result/pareto_weight_sweep_seed121_legal_only_format/syn1_thermal100_wirelength2_seed121.json,syn1_thermal100_wirelength2_seed121
syn1,50,121,100,50,ok,true,/mnt/d/WORK/96/flow_tap/LayoutGenModel/logs/output/cases_hubump/cases-hubump-pareto-syn1-t100-w50/seed_121/legalized/09_syn1_placement_legal_report.json,/mnt/d/WORK/96/flow_tap/LayoutGenModel/logs/output/cases_hubump/cases-hubump-pareto-syn1-t100-w50/seed_121/legalized/09_syn1_placement_legal.json,/mnt/d/WORK/96/flow_tap/resultEval/FM_result/pareto_weight_sweep_seed121_legal_only_format/syn1_thermal100_wirelength50_seed121.json,syn1_thermal100_wirelength50_seed121
syn4,1,121,0,0,ok,true,/mnt/d/WORK/96/flow_tap/LayoutGenModel/logs/output/cases_hubump/cases-hubump-pareto-syn4-t0-w0/seed_121/legalized/10_syn4_placement_legal_report.json,/mnt/d/WORK/96/flow_tap/LayoutGenModel/logs/output/cases_hubump/cases-hubump-pareto-syn4-t0-w0/seed_121/legalized/10_syn4_placement_legal.json,/mnt/d/WORK/96/flow_tap/resultEval/FM_result/pareto_weight_sweep_seed121_legal_only_format/syn4_thermal0_wirelength0_seed121.json,syn4_thermal0_wirelength0_seed121
syn4,2,121,0,0.02,ok,true,/mnt/d/WORK/96/flow_tap/LayoutGenModel/logs/output/cases_hubump/cases-hubump-pareto-syn4-t0-w0p02/seed_121/legalized/10_syn4_placement_legal_report.json,/mnt/d/WORK/96/flow_tap/LayoutGenModel/logs/output/cases_hubump/cases-hubump-pareto-syn4-t0-w0p02/seed_121/legalized/10_syn4_placement_legal.json,/mnt/d/WORK/96/flow_tap/resultEval/FM_result/pareto_weight_sweep_seed121_legal_only_format/syn4_thermal0_wirelength0p02_seed121.json,syn4_thermal0_wirelength0p02_seed121
syn4,3,121,0,0.2,ok,true,/mnt/d/WORK/96/flow_tap/LayoutGenModel/logs/output/cases_hubump/cases-hubump-pareto-syn4-t0-w0p2/seed_121/legalized/10_syn4_placement_legal_report.json,/mnt/d/WORK/96/flow_tap/LayoutGenModel/logs/output/cases_hubump/cases-hubump-pareto-syn4-t0-w0p2/seed_121/legalized/10_syn4_placement_legal.json,/mnt/d/WORK/96/flow_tap/resultEval/FM_result/pareto_weight_sweep_seed121_legal_only_format/syn4_thermal0_wirelength0p2_seed121.json,syn4_thermal0_wirelength0p2_seed121
syn4,6,121,0.01,0,ok,true,/mnt/d/WORK/96/flow_tap/LayoutGenModel/logs/output/cases_hubump/cases-hubump-pareto-syn4-t0p01-w0/seed_121/legalized/10_syn4_placement_legal_report.json,/mnt/d/WORK/96/flow_tap/LayoutGenModel/logs/output/cases_hubump/cases-hubump-pareto-syn4-t0p01-w0/seed_121/legalized/10_syn4_placement_legal.json,/mnt/d/WORK/96/flow_tap/resultEval/FM_result/pareto_weight_sweep_seed121_legal_only_format/syn4_thermal0p01_wirelength0_seed121.json,syn4_thermal0p01_wirelength0_seed121
syn4,7,121,0.01,0.02,ok,true,/mnt/d/WORK/96/flow_tap/LayoutGenModel/logs/output/cases_hubump/cases-hubump-pareto-syn4-t0p01-w0p02/seed_121/legalized/10_syn4_placement_legal_report.json,/mnt/d/WORK/96/flow_tap/LayoutGenModel/logs/output/cases_hubump/cases-hubump-pareto-syn4-t0p01-w0p02/seed_121/legalized/10_syn4_placement_legal.json,/mnt/d/WORK/96/flow_tap/resultEval/FM_result/pareto_weight_sweep_seed121_legal_only_format/syn4_thermal0p01_wirelength0p02_seed121.json,syn4_thermal0p01_wirelength0p02_seed121
syn4,8,121,0.01,0.2,ok,true,/mnt/d/WORK/96/flow_tap/LayoutGenModel/logs/output/cases_hubump/cases-hubump-pareto-syn4-t0p01-w0p2/seed_121/legalized/10_syn4_placement_legal_report.json,/mnt/d/WORK/96/flow_tap/LayoutGenModel/logs/output/cases_hubump/cases-hubump-pareto-syn4-t0p01-w0p2/seed_121/legalized/10_syn4_placement_legal.json,/mnt/d/WORK/96/flow_tap/resultEval/FM_result/pareto_weight_sweep_seed121_legal_only_format/syn4_thermal0p01_wirelength0p2_seed121.json,syn4_thermal0p01_wirelength0p2_seed121
syn4,10,121,0.01,50,ok,true,/mnt/d/WORK/96/flow_tap/LayoutGenModel/logs/output/cases_hubump/cases-hubump-pareto-syn4-t0p01-w50/seed_121/legalized/10_syn4_placement_legal_report.json,/mnt/d/WORK/96/flow_tap/LayoutGenModel/logs/output/cases_hubump/cases-hubump-pareto-syn4-t0p01-w50/seed_121/legalized/10_syn4_placement_legal.json,/mnt/d/WORK/96/flow_tap/resultEval/FM_result/pareto_weight_sweep_seed121_legal_only_format/syn4_thermal0p01_wirelength50_seed121.json,syn4_thermal0p01_wirelength50_seed121
syn4,11,121,0.03,0,ok,true,/mnt/d/WORK/96/flow_tap/LayoutGenModel/logs/output/cases_hubump/cases-hubump-pareto-syn4-t0p03-w0/seed_121/legalized/10_syn4_placement_legal_report.json,/mnt/d/WORK/96/flow_tap/LayoutGenModel/logs/output/cases_hubump/cases-hubump-pareto-syn4-t0p03-w0/seed_121/legalized/10_syn4_placement_legal.json,/mnt/d/WORK/96/flow_tap/resultEval/FM_result/pareto_weight_sweep_seed121_legal_only_format/syn4_thermal0p03_wirelength0_seed121.json,syn4_thermal0p03_wirelength0_seed121
syn4,12,121,0.03,0.02,ok,true,/mnt/d/WORK/96/flow_tap/LayoutGenModel/logs/output/cases_hubump/cases-hubump-pareto-syn4-t0p03-w0p02/seed_121/legalized/10_syn4_placement_legal_report.json,/mnt/d/WORK/96/flow_tap/LayoutGenModel/logs/output/cases_hubump/cases-hubump-pareto-syn4-t0p03-w0p02/seed_121/legalized/10_syn4_placement_legal.json,/mnt/d/WORK/96/flow_tap/resultEval/FM_result/pareto_weight_sweep_seed121_legal_only_format/syn4_thermal0p03_wirelength0p02_seed121.json,syn4_thermal0p03_wirelength0p02_seed121
syn4,13,121,0.03,0.2,ok,true,/mnt/d/WORK/96/flow_tap/LayoutGenModel/logs/output/cases_hubump/cases-hubump-pareto-syn4-t0p03-w0p2/seed_121/legalized/10_syn4_placement_legal_report.json,/mnt/d/WORK/96/flow_tap/LayoutGenModel/logs/output/cases_hubump/cases-hubump-pareto-syn4-t0p03-w0p2/seed_121/legalized/10_syn4_placement_legal.json,/mnt/d/WORK/96/flow_tap/resultEval/FM_result/pareto_weight_sweep_seed121_legal_only_format/syn4_thermal0p03_wirelength0p2_seed121.json,syn4_thermal0p03_wirelength0p2_seed121
syn4,16,121,0.1,0,ok,true,/mnt/d/WORK/96/flow_tap/LayoutGenModel/logs/output/cases_hubump/cases-hubump-pareto-syn4-t0p1-w0/seed_121/legalized/10_syn4_placement_legal_report.json,/mnt/d/WORK/96/flow_tap/LayoutGenModel/logs/output/cases_hubump/cases-hubump-pareto-syn4-t0p1-w0/seed_121/legalized/10_syn4_placement_legal.json,/mnt/d/WORK/96/flow_tap/resultEval/FM_result/pareto_weight_sweep_seed121_legal_only_format/syn4_thermal0p1_wirelength0_seed121.json,syn4_thermal0p1_wirelength0_seed121
syn4,17,121,0.1,0.02,ok,true,/mnt/d/WORK/96/flow_tap/LayoutGenModel/logs/output/cases_hubump/cases-hubump-pareto-syn4-t0p1-w0p02/seed_121/legalized/10_syn4_placement_legal_report.json,/mnt/d/WORK/96/flow_tap/LayoutGenModel/logs/output/cases_hubump/cases-hubump-pareto-syn4-t0p1-w0p02/seed_121/legalized/10_syn4_placement_legal.json,/mnt/d/WORK/96/flow_tap/resultEval/FM_result/pareto_weight_sweep_seed121_legal_only_format/syn4_thermal0p1_wirelength0p02_seed121.json,syn4_thermal0p1_wirelength0p02_seed121
syn4,18,121,0.1,0.2,ok,true,/mnt/d/WORK/96/flow_tap/LayoutGenModel/logs/output/cases_hubump/cases-hubump-pareto-syn4-t0p1-w0p2/seed_121/legalized/10_syn4_placement_legal_report.json,/mnt/d/WORK/96/flow_tap/LayoutGenModel/logs/output/cases_hubump/cases-hubump-pareto-syn4-t0p1-w0p2/seed_121/legalized/10_syn4_placement_legal.json,/mnt/d/WORK/96/flow_tap/resultEval/FM_result/pareto_weight_sweep_seed121_legal_only_format/syn4_thermal0p1_wirelength0p2_seed121.json,syn4_thermal0p1_wirelength0p2_seed121
syn4,21,121,0.3,0,ok,true,/mnt/d/WORK/96/flow_tap/LayoutGenModel/logs/output/cases_hubump/cases-hubump-pareto-syn4-t0p3-w0/seed_121/legalized/10_syn4_placement_legal_report.json,/mnt/d/WORK/96/flow_tap/LayoutGenModel/logs/output/cases_hubump/cases-hubump-pareto-syn4-t0p3-w0/seed_121/legalized/10_syn4_placement_legal.json,/mnt/d/WORK/96/flow_tap/resultEval/FM_result/pareto_weight_sweep_seed121_legal_only_format/syn4_thermal0p3_wirelength0_seed121.json,syn4_thermal0p3_wirelength0_seed121
syn4,23,121,0.3,0.2,ok,true,/mnt/d/WORK/96/flow_tap/LayoutGenModel/logs/output/cases_hubump/cases-hubump-pareto-syn4-t0p3-w0p2/seed_121/legalized/10_syn4_placement_legal_report.json,/mnt/d/WORK/96/flow_tap/LayoutGenModel/logs/output/cases_hubump/cases-hubump-pareto-syn4-t0p3-w0p2/seed_121/legalized/10_syn4_placement_legal.json,/mnt/d/WORK/96/flow_tap/resultEval/FM_result/pareto_weight_sweep_seed121_legal_only_format/syn4_thermal0p3_wirelength0p2_seed121.json,syn4_thermal0p3_wirelength0p2_seed121
syn4,22,121,0.3,0.02,ok,true,/mnt/d/WORK/96/flow_tap/LayoutGenModel/logs/output/cases_hubump/cases-hubump-pareto-syn4-t0p3-w0p02/seed_121/legalized/10_syn4_placement_legal_report.json,/mnt/d/WORK/96/flow_tap/LayoutGenModel/logs/output/cases_hubump/cases-hubump-pareto-syn4-t0p3-w0p02/seed_121/legalized/10_syn4_placement_legal.json,/mnt/d/WORK/96/flow_tap/resultEval/FM_result/pareto_weight_sweep_seed121_legal_only_format/syn4_thermal0p3_wirelength0p02_seed121.json,syn4_thermal0p3_wirelength0p02_seed121
syn4,26,121,1,0,ok,true,/mnt/d/WORK/96/flow_tap/LayoutGenModel/logs/output/cases_hubump/cases-hubump-pareto-syn4-t1-w0/seed_121/legalized/10_syn4_placement_legal_report.json,/mnt/d/WORK/96/flow_tap/LayoutGenModel/logs/output/cases_hubump/cases-hubump-pareto-syn4-t1-w0/seed_121/legalized/10_syn4_placement_legal.json,/mnt/d/WORK/96/flow_tap/resultEval/FM_result/pareto_weight_sweep_seed121_legal_only_format/syn4_thermal1_wirelength0_seed121.json,syn4_thermal1_wirelength0_seed121
syn4,27,121,1,0.02,ok,true,/mnt/d/WORK/96/flow_tap/LayoutGenModel/logs/output/cases_hubump/cases-hubump-pareto-syn4-t1-w0p02/seed_121/legalized/10_syn4_placement_legal_report.json,/mnt/d/WORK/96/flow_tap/LayoutGenModel/logs/output/cases_hubump/cases-hubump-pareto-syn4-t1-w0p02/seed_121/legalized/10_syn4_placement_legal.json,/mnt/d/WORK/96/flow_tap/resultEval/FM_result/pareto_weight_sweep_seed121_legal_only_format/syn4_thermal1_wirelength0p02_seed121.json,syn4_thermal1_wirelength0p02_seed121
syn4,28,121,1,0.2,ok,true,/mnt/d/WORK/96/flow_tap/LayoutGenModel/logs/output/cases_hubump/cases-hubump-pareto-syn4-t1-w0p2/seed_121/legalized/10_syn4_placement_legal_report.json,/mnt/d/WORK/96/flow_tap/LayoutGenModel/logs/output/cases_hubump/cases-hubump-pareto-syn4-t1-w0p2/seed_121/legalized/10_syn4_placement_legal.json,/mnt/d/WORK/96/flow_tap/resultEval/FM_result/pareto_weight_sweep_seed121_legal_only_format/syn4_thermal1_wirelength0p2_seed121.json,syn4_thermal1_wirelength0p2_seed121
syn4,31,121,3,0,ok,true,/mnt/d/WORK/96/flow_tap/LayoutGenModel/logs/output/cases_hubump/cases-hubump-pareto-syn4-t3-w0/seed_121/legalized/10_syn4_placement_legal_report.json,/mnt/d/WORK/96/flow_tap/LayoutGenModel/logs/output/cases_hubump/cases-hubump-pareto-syn4-t3-w0/seed_121/legalized/10_syn4_placement_legal.json,/mnt/d/WORK/96/flow_tap/resultEval/FM_result/pareto_weight_sweep_seed121_legal_only_format/syn4_thermal3_wirelength0_seed121.json,syn4_thermal3_wirelength0_seed121
syn4,30,121,1,50,ok,true,/mnt/d/WORK/96/flow_tap/LayoutGenModel/logs/output/cases_hubump/cases-hubump-pareto-syn4-t1-w50/seed_121/legalized/10_syn4_placement_legal_report.json,/mnt/d/WORK/96/flow_tap/LayoutGenModel/logs/output/cases_hubump/cases-hubump-pareto-syn4-t1-w50/seed_121/legalized/10_syn4_placement_legal.json,/mnt/d/WORK/96/flow_tap/resultEval/FM_result/pareto_weight_sweep_seed121_legal_only_format/syn4_thermal1_wirelength50_seed121.json,syn4_thermal1_wirelength50_seed121
syn4,32,121,3,0.02,ok,true,/mnt/d/WORK/96/flow_tap/LayoutGenModel/logs/output/cases_hubump/cases-hubump-pareto-syn4-t3-w0p02/seed_121/legalized/10_syn4_placement_legal_report.json,/mnt/d/WORK/96/flow_tap/LayoutGenModel/logs/output/cases_hubump/cases-hubump-pareto-syn4-t3-w0p02/seed_121/legalized/10_syn4_placement_legal.json,/mnt/d/WORK/96/flow_tap/resultEval/FM_result/pareto_weight_sweep_seed121_legal_only_format/syn4_thermal3_wirelength0p02_seed121.json,syn4_thermal3_wirelength0p02_seed121
syn4,33,121,3,0.2,ok,true,/mnt/d/WORK/96/flow_tap/LayoutGenModel/logs/output/cases_hubump/cases-hubump-pareto-syn4-t3-w0p2/seed_121/legalized/10_syn4_placement_legal_report.json,/mnt/d/WORK/96/flow_tap/LayoutGenModel/logs/output/cases_hubump/cases-hubump-pareto-syn4-t3-w0p2/seed_121/legalized/10_syn4_placement_legal.json,/mnt/d/WORK/96/flow_tap/resultEval/FM_result/pareto_weight_sweep_seed121_legal_only_format/syn4_thermal3_wirelength0p2_seed121.json,syn4_thermal3_wirelength0p2_seed121
syn4,36,121,10,0,ok,true,/mnt/d/WORK/96/flow_tap/LayoutGenModel/logs/output/cases_hubump/cases-hubump-pareto-syn4-t10-w0/seed_121/legalized/10_syn4_placement_legal_report.json,/mnt/d/WORK/96/flow_tap/LayoutGenModel/logs/output/cases_hubump/cases-hubump-pareto-syn4-t10-w0/seed_121/legalized/10_syn4_placement_legal.json,/mnt/d/WORK/96/flow_tap/resultEval/FM_result/pareto_weight_sweep_seed121_legal_only_format/syn4_thermal10_wirelength0_seed121.json,syn4_thermal10_wirelength0_seed121
syn4,37,121,10,0.02,ok,true,/mnt/d/WORK/96/flow_tap/LayoutGenModel/logs/output/cases_hubump/cases-hubump-pareto-syn4-t10-w0p02/seed_121/legalized/10_syn4_placement_legal_report.json,/mnt/d/WORK/96/flow_tap/LayoutGenModel/logs/output/cases_hubump/cases-hubump-pareto-syn4-t10-w0p02/seed_121/legalized/10_syn4_placement_legal.json,/mnt/d/WORK/96/flow_tap/resultEval/FM_result/pareto_weight_sweep_seed121_legal_only_format/syn4_thermal10_wirelength0p02_seed121.json,syn4_thermal10_wirelength0p02_seed121
syn4,38,121,10,0.2,ok,true,/mnt/d/WORK/96/flow_tap/LayoutGenModel/logs/output/cases_hubump/cases-hubump-pareto-syn4-t10-w0p2/seed_121/legalized/10_syn4_placement_legal_report.json,/mnt/d/WORK/96/flow_tap/LayoutGenModel/logs/output/cases_hubump/cases-hubump-pareto-syn4-t10-w0p2/seed_121/legalized/10_syn4_placement_legal.json,/mnt/d/WORK/96/flow_tap/resultEval/FM_result/pareto_weight_sweep_seed121_legal_only_format/syn4_thermal10_wirelength0p2_seed121.json,syn4_thermal10_wirelength0p2_seed121
syn4,40,121,10,50,ok,true,/mnt/d/WORK/96/flow_tap/LayoutGenModel/logs/output/cases_hubump/cases-hubump-pareto-syn4-t10-w50/seed_121/legalized/10_syn4_placement_legal_report.json,/mnt/d/WORK/96/flow_tap/LayoutGenModel/logs/output/cases_hubump/cases-hubump-pareto-syn4-t10-w50/seed_121/legalized/10_syn4_placement_legal.json,/mnt/d/WORK/96/flow_tap/resultEval/FM_result/pareto_weight_sweep_seed121_legal_only_format/syn4_thermal10_wirelength50_seed121.json,syn4_thermal10_wirelength50_seed121
syn4,41,121,30,0,ok,true,/mnt/d/WORK/96/flow_tap/LayoutGenModel/logs/output/cases_hubump/cases-hubump-pareto-syn4-t30-w0/seed_121/legalized/10_syn4_placement_legal_report.json,/mnt/d/WORK/96/flow_tap/LayoutGenModel/logs/output/cases_hubump/cases-hubump-pareto-syn4-t30-w0/seed_121/legalized/10_syn4_placement_legal.json,/mnt/d/WORK/96/flow_tap/resultEval/FM_result/pareto_weight_sweep_seed121_legal_only_format/syn4_thermal30_wirelength0_seed121.json,syn4_thermal30_wirelength0_seed121
syn4,43,121,30,0.2,ok,true,/mnt/d/WORK/96/flow_tap/LayoutGenModel/logs/output/cases_hubump/cases-hubump-pareto-syn4-t30-w0p2/seed_121/legalized/10_syn4_placement_legal_report.json,/mnt/d/WORK/96/flow_tap/LayoutGenModel/logs/output/cases_hubump/cases-hubump-pareto-syn4-t30-w0p2/seed_121/legalized/10_syn4_placement_legal.json,/mnt/d/WORK/96/flow_tap/resultEval/FM_result/pareto_weight_sweep_seed121_legal_only_format/syn4_thermal30_wirelength0p2_seed121.json,syn4_thermal30_wirelength0p2_seed121
syn4,42,121,30,0.02,ok,true,/mnt/d/WORK/96/flow_tap/LayoutGenModel/logs/output/cases_hubump/cases-hubump-pareto-syn4-t30-w0p02/seed_121/legalized/10_syn4_placement_legal_report.json,/mnt/d/WORK/96/flow_tap/LayoutGenModel/logs/output/cases_hubump/cases-hubump-pareto-syn4-t30-w0p02/seed_121/legalized/10_syn4_placement_legal.json,/mnt/d/WORK/96/flow_tap/resultEval/FM_result/pareto_weight_sweep_seed121_legal_only_format/syn4_thermal30_wirelength0p02_seed121.json,syn4_thermal30_wirelength0p02_seed121
syn4,45,121,30,50,ok,true,/mnt/d/WORK/96/flow_tap/LayoutGenModel/logs/output/cases_hubump/cases-hubump-pareto-syn4-t30-w50/seed_121/legalized/10_syn4_placement_legal_report.json,/mnt/d/WORK/96/flow_tap/LayoutGenModel/logs/output/cases_hubump/cases-hubump-pareto-syn4-t30-w50/seed_121/legalized/10_syn4_placement_legal.json,/mnt/d/WORK/96/flow_tap/resultEval/FM_result/pareto_weight_sweep_seed121_legal_only_format/syn4_thermal30_wirelength50_seed121.json,syn4_thermal30_wirelength50_seed121
syn4,46,121,100,0,ok,true,/mnt/d/WORK/96/flow_tap/LayoutGenModel/logs/output/cases_hubump/cases-hubump-pareto-syn4-t100-w0/seed_121/legalized/10_syn4_placement_legal_report.json,/mnt/d/WORK/96/flow_tap/LayoutGenModel/logs/output/cases_hubump/cases-hubump-pareto-syn4-t100-w0/seed_121/legalized/10_syn4_placement_legal.json,/mnt/d/WORK/96/flow_tap/resultEval/FM_result/pareto_weight_sweep_seed121_legal_only_format/syn4_thermal100_wirelength0_seed121.json,syn4_thermal100_wirelength0_seed121
syn4,47,121,100,0.02,ok,true,/mnt/d/WORK/96/flow_tap/LayoutGenModel/logs/output/cases_hubump/cases-hubump-pareto-syn4-t100-w0p02/seed_121/legalized/10_syn4_placement_legal_report.json,/mnt/d/WORK/96/flow_tap/LayoutGenModel/logs/output/cases_hubump/cases-hubump-pareto-syn4-t100-w0p02/seed_121/legalized/10_syn4_placement_legal.json,/mnt/d/WORK/96/flow_tap/resultEval/FM_result/pareto_weight_sweep_seed121_legal_only_format/syn4_thermal100_wirelength0p02_seed121.json,syn4_thermal100_wirelength0p02_seed121
syn4,48,121,100,0.2,ok,true,/mnt/d/WORK/96/flow_tap/LayoutGenModel/logs/output/cases_hubump/cases-hubump-pareto-syn4-t100-w0p2/seed_121/legalized/10_syn4_placement_legal_report.json,/mnt/d/WORK/96/flow_tap/LayoutGenModel/logs/output/cases_hubump/cases-hubump-pareto-syn4-t100-w0p2/seed_121/legalized/10_syn4_placement_legal.json,/mnt/d/WORK/96/flow_tap/resultEval/FM_result/pareto_weight_sweep_seed121_legal_only_format/syn4_thermal100_wirelength0p2_seed121.json,syn4_thermal100_wirelength0p2_seed121
syn4,50,121,100,50,ok,true,/mnt/d/WORK/96/flow_tap/LayoutGenModel/logs/output/cases_hubump/cases-hubump-pareto-syn4-t100-w50/seed_121/legalized/10_syn4_placement_legal_report.json,/mnt/d/WORK/96/flow_tap/LayoutGenModel/logs/output/cases_hubump/cases-hubump-pareto-syn4-t100-w50/seed_121/legalized/10_syn4_placement_legal.json,/mnt/d/WORK/96/flow_tap/resultEval/FM_result/pareto_weight_sweep_seed121_legal_only_format/syn4_thermal100_wirelength50_seed121.json,syn4_thermal100_wirelength50_seed121
xerox8_m,1,121,0,0,ok,true,/mnt/d/WORK/96/flow_tap/LayoutGenModel/logs/output/cases_hubump/cases-hubump-pareto-xerox8_m-t0-w0/seed_121/legalized/11_xerox8_m_placement_legal_report.json,/mnt/d/WORK/96/flow_tap/LayoutGenModel/logs/output/cases_hubump/cases-hubump-pareto-xerox8_m-t0-w0/seed_121/legalized/11_xerox8_m_placement_legal.json,/mnt/d/WORK/96/flow_tap/resultEval/FM_result/pareto_weight_sweep_seed121_legal_only_format/xerox8_m_thermal0_wirelength0_seed121.json,xerox8_m_thermal0_wirelength0_seed121
xerox8_m,2,121,0,0.02,ok,true,/mnt/d/WORK/96/flow_tap/LayoutGenModel/logs/output/cases_hubump/cases-hubump-pareto-xerox8_m-t0-w0p02/seed_121/legalized/11_xerox8_m_placement_legal_report.json,/mnt/d/WORK/96/flow_tap/LayoutGenModel/logs/output/cases_hubump/cases-hubump-pareto-xerox8_m-t0-w0p02/seed_121/legalized/11_xerox8_m_placement_legal.json,/mnt/d/WORK/96/flow_tap/resultEval/FM_result/pareto_weight_sweep_seed121_legal_only_format/xerox8_m_thermal0_wirelength0p02_seed121.json,xerox8_m_thermal0_wirelength0p02_seed121
xerox8_m,3,121,0,0.2,ok,true,/mnt/d/WORK/96/flow_tap/LayoutGenModel/logs/output/cases_hubump/cases-hubump-pareto-xerox8_m-t0-w0p2/seed_121/legalized/11_xerox8_m_placement_legal_report.json,/mnt/d/WORK/96/flow_tap/LayoutGenModel/logs/output/cases_hubump/cases-hubump-pareto-xerox8_m-t0-w0p2/seed_121/legalized/11_xerox8_m_placement_legal.json,/mnt/d/WORK/96/flow_tap/resultEval/FM_result/pareto_weight_sweep_seed121_legal_only_format/xerox8_m_thermal0_wirelength0p2_seed121.json,xerox8_m_thermal0_wirelength0p2_seed121
xerox8_m,6,121,0.01,0,ok,true,/mnt/d/WORK/96/flow_tap/LayoutGenModel/logs/output/cases_hubump/cases-hubump-pareto-xerox8_m-t0p01-w0/seed_121/legalized/11_xerox8_m_placement_legal_report.json,/mnt/d/WORK/96/flow_tap/LayoutGenModel/logs/output/cases_hubump/cases-hubump-pareto-xerox8_m-t0p01-w0/seed_121/legalized/11_xerox8_m_placement_legal.json,/mnt/d/WORK/96/flow_tap/resultEval/FM_result/pareto_weight_sweep_seed121_legal_only_format/xerox8_m_thermal0p01_wirelength0_seed121.json,xerox8_m_thermal0p01_wirelength0_seed121
xerox8_m,7,121,0.01,0.02,ok,true,/mnt/d/WORK/96/flow_tap/LayoutGenModel/logs/output/cases_hubump/cases-hubump-pareto-xerox8_m-t0p01-w0p02/seed_121/legalized/11_xerox8_m_placement_legal_report.json,/mnt/d/WORK/96/flow_tap/LayoutGenModel/logs/output/cases_hubump/cases-hubump-pareto-xerox8_m-t0p01-w0p02/seed_121/legalized/11_xerox8_m_placement_legal.json,/mnt/d/WORK/96/flow_tap/resultEval/FM_result/pareto_weight_sweep_seed121_legal_only_format/xerox8_m_thermal0p01_wirelength0p02_seed121.json,xerox8_m_thermal0p01_wirelength0p02_seed121
xerox8_m,8,121,0.01,0.2,ok,true,/mnt/d/WORK/96/flow_tap/LayoutGenModel/logs/output/cases_hubump/cases-hubump-pareto-xerox8_m-t0p01-w0p2/seed_121/legalized/11_xerox8_m_placement_legal_report.json,/mnt/d/WORK/96/flow_tap/LayoutGenModel/logs/output/cases_hubump/cases-hubump-pareto-xerox8_m-t0p01-w0p2/seed_121/legalized/11_xerox8_m_placement_legal.json,/mnt/d/WORK/96/flow_tap/resultEval/FM_result/pareto_weight_sweep_seed121_legal_only_format/xerox8_m_thermal0p01_wirelength0p2_seed121.json,xerox8_m_thermal0p01_wirelength0p2_seed121
xerox8_m,10,121,0.01,50,ok,true,/mnt/d/WORK/96/flow_tap/LayoutGenModel/logs/output/cases_hubump/cases-hubump-pareto-xerox8_m-t0p01-w50/seed_121/legalized/11_xerox8_m_placement_legal_report.json,/mnt/d/WORK/96/flow_tap/LayoutGenModel/logs/output/cases_hubump/cases-hubump-pareto-xerox8_m-t0p01-w50/seed_121/legalized/11_xerox8_m_placement_legal.json,/mnt/d/WORK/96/flow_tap/resultEval/FM_result/pareto_weight_sweep_seed121_legal_only_format/xerox8_m_thermal0p01_wirelength50_seed121.json,xerox8_m_thermal0p01_wirelength50_seed121
xerox8_m,11,121,0.03,0,ok,true,/mnt/d/WORK/96/flow_tap/LayoutGenModel/logs/output/cases_hubump/cases-hubump-pareto-xerox8_m-t0p03-w0/seed_121/legalized/11_xerox8_m_placement_legal_report.json,/mnt/d/WORK/96/flow_tap/LayoutGenModel/logs/output/cases_hubump/cases-hubump-pareto-xerox8_m-t0p03-w0/seed_121/legalized/11_xerox8_m_placement_legal.json,/mnt/d/WORK/96/flow_tap/resultEval/FM_result/pareto_weight_sweep_seed121_legal_only_format/xerox8_m_thermal0p03_wirelength0_seed121.json,xerox8_m_thermal0p03_wirelength0_seed121
xerox8_m,12,121,0.03,0.02,ok,true,/mnt/d/WORK/96/flow_tap/LayoutGenModel/logs/output/cases_hubump/cases-hubump-pareto-xerox8_m-t0p03-w0p02/seed_121/legalized/11_xerox8_m_placement_legal_report.json,/mnt/d/WORK/96/flow_tap/LayoutGenModel/logs/output/cases_hubump/cases-hubump-pareto-xerox8_m-t0p03-w0p02/seed_121/legalized/11_xerox8_m_placement_legal.json,/mnt/d/WORK/96/flow_tap/resultEval/FM_result/pareto_weight_sweep_seed121_legal_only_format/xerox8_m_thermal0p03_wirelength0p02_seed121.json,xerox8_m_thermal0p03_wirelength0p02_seed121
xerox8_m,13,121,0.03,0.2,ok,true,/mnt/d/WORK/96/flow_tap/LayoutGenModel/logs/output/cases_hubump/cases-hubump-pareto-xerox8_m-t0p03-w0p2/seed_121/legalized/11_xerox8_m_placement_legal_report.json,/mnt/d/WORK/96/flow_tap/LayoutGenModel/logs/output/cases_hubump/cases-hubump-pareto-xerox8_m-t0p03-w0p2/seed_121/legalized/11_xerox8_m_placement_legal.json,/mnt/d/WORK/96/flow_tap/resultEval/FM_result/pareto_weight_sweep_seed121_legal_only_format/xerox8_m_thermal0p03_wirelength0p2_seed121.json,xerox8_m_thermal0p03_wirelength0p2_seed121
xerox8_m,16,121,0.1,0,ok,true,/mnt/d/WORK/96/flow_tap/LayoutGenModel/logs/output/cases_hubump/cases-hubump-pareto-xerox8_m-t0p1-w0/seed_121/legalized/11_xerox8_m_placement_legal_report.json,/mnt/d/WORK/96/flow_tap/LayoutGenModel/logs/output/cases_hubump/cases-hubump-pareto-xerox8_m-t0p1-w0/seed_121/legalized/11_xerox8_m_placement_legal.json,/mnt/d/WORK/96/flow_tap/resultEval/FM_result/pareto_weight_sweep_seed121_legal_only_format/xerox8_m_thermal0p1_wirelength0_seed121.json,xerox8_m_thermal0p1_wirelength0_seed121
xerox8_m,17,121,0.1,0.02,ok,true,/mnt/d/WORK/96/flow_tap/LayoutGenModel/logs/output/cases_hubump/cases-hubump-pareto-xerox8_m-t0p1-w0p02/seed_121/legalized/11_xerox8_m_placement_legal_report.json,/mnt/d/WORK/96/flow_tap/LayoutGenModel/logs/output/cases_hubump/cases-hubump-pareto-xerox8_m-t0p1-w0p02/seed_121/legalized/11_xerox8_m_placement_legal.json,/mnt/d/WORK/96/flow_tap/resultEval/FM_result/pareto_weight_sweep_seed121_legal_only_format/xerox8_m_thermal0p1_wirelength0p02_seed121.json,xerox8_m_thermal0p1_wirelength0p02_seed121
xerox8_m,18,121,0.1,0.2,ok,true,/mnt/d/WORK/96/flow_tap/LayoutGenModel/logs/output/cases_hubump/cases-hubump-pareto-xerox8_m-t0p1-w0p2/seed_121/legalized/11_xerox8_m_placement_legal_report.json,/mnt/d/WORK/96/flow_tap/LayoutGenModel/logs/output/cases_hubump/cases-hubump-pareto-xerox8_m-t0p1-w0p2/seed_121/legalized/11_xerox8_m_placement_legal.json,/mnt/d/WORK/96/flow_tap/resultEval/FM_result/pareto_weight_sweep_seed121_legal_only_format/xerox8_m_thermal0p1_wirelength0p2_seed121.json,xerox8_m_thermal0p1_wirelength0p2_seed121
xerox8_m,20,121,0.1,50,ok,true,/mnt/d/WORK/96/flow_tap/LayoutGenModel/logs/output/cases_hubump/cases-hubump-pareto-xerox8_m-t0p1-w50/seed_121/legalized/11_xerox8_m_placement_legal_report.json,/mnt/d/WORK/96/flow_tap/LayoutGenModel/logs/output/cases_hubump/cases-hubump-pareto-xerox8_m-t0p1-w50/seed_121/legalized/11_xerox8_m_placement_legal.json,/mnt/d/WORK/96/flow_tap/resultEval/FM_result/pareto_weight_sweep_seed121_legal_only_format/xerox8_m_thermal0p1_wirelength50_seed121.json,xerox8_m_thermal0p1_wirelength50_seed121
xerox8_m,21,121,0.3,0,ok,true,/mnt/d/WORK/96/flow_tap/LayoutGenModel/logs/output/cases_hubump/cases-hubump-pareto-xerox8_m-t0p3-w0/seed_121/legalized/11_xerox8_m_placement_legal_report.json,/mnt/d/WORK/96/flow_tap/LayoutGenModel/logs/output/cases_hubump/cases-hubump-pareto-xerox8_m-t0p3-w0/seed_121/legalized/11_xerox8_m_placement_legal.json,/mnt/d/WORK/96/flow_tap/resultEval/FM_result/pareto_weight_sweep_seed121_legal_only_format/xerox8_m_thermal0p3_wirelength0_seed121.json,xerox8_m_thermal0p3_wirelength0_seed121
xerox8_m,22,121,0.3,0.02,ok,true,/mnt/d/WORK/96/flow_tap/LayoutGenModel/logs/output/cases_hubump/cases-hubump-pareto-xerox8_m-t0p3-w0p02/seed_121/legalized/11_xerox8_m_placement_legal_report.json,/mnt/d/WORK/96/flow_tap/LayoutGenModel/logs/output/cases_hubump/cases-hubump-pareto-xerox8_m-t0p3-w0p02/seed_121/legalized/11_xerox8_m_placement_legal.json,/mnt/d/WORK/96/flow_tap/resultEval/FM_result/pareto_weight_sweep_seed121_legal_only_format/xerox8_m_thermal0p3_wirelength0p02_seed121.json,xerox8_m_thermal0p3_wirelength0p02_seed121
xerox8_m,23,121,0.3,0.2,ok,true,/mnt/d/WORK/96/flow_tap/LayoutGenModel/logs/output/cases_hubump/cases-hubump-pareto-xerox8_m-t0p3-w0p2/seed_121/legalized/11_xerox8_m_placement_legal_report.json,/mnt/d/WORK/96/flow_tap/LayoutGenModel/logs/output/cases_hubump/cases-hubump-pareto-xerox8_m-t0p3-w0p2/seed_121/legalized/11_xerox8_m_placement_legal.json,/mnt/d/WORK/96/flow_tap/resultEval/FM_result/pareto_weight_sweep_seed121_legal_only_format/xerox8_m_thermal0p3_wirelength0p2_seed121.json,xerox8_m_thermal0p3_wirelength0p2_seed121
xerox8_m,25,121,0.3,50,ok,true,/mnt/d/WORK/96/flow_tap/LayoutGenModel/logs/output/cases_hubump/cases-hubump-pareto-xerox8_m-t0p3-w50/seed_121/legalized/11_xerox8_m_placement_legal_report.json,/mnt/d/WORK/96/flow_tap/LayoutGenModel/logs/output/cases_hubump/cases-hubump-pareto-xerox8_m-t0p3-w50/seed_121/legalized/11_xerox8_m_placement_legal.json,/mnt/d/WORK/96/flow_tap/resultEval/FM_result/pareto_weight_sweep_seed121_legal_only_format/xerox8_m_thermal0p3_wirelength50_seed121.json,xerox8_m_thermal0p3_wirelength50_seed121
xerox8_m,26,121,1,0,ok,true,/mnt/d/WORK/96/flow_tap/LayoutGenModel/logs/output/cases_hubump/cases-hubump-pareto-xerox8_m-t1-w0/seed_121/legalized/11_xerox8_m_placement_legal_report.json,/mnt/d/WORK/96/flow_tap/LayoutGenModel/logs/output/cases_hubump/cases-hubump-pareto-xerox8_m-t1-w0/seed_121/legalized/11_xerox8_m_placement_legal.json,/mnt/d/WORK/96/flow_tap/resultEval/FM_result/pareto_weight_sweep_seed121_legal_only_format/xerox8_m_thermal1_wirelength0_seed121.json,xerox8_m_thermal1_wirelength0_seed121
xerox8_m,28,121,1,0.2,ok,true,/mnt/d/WORK/96/flow_tap/LayoutGenModel/logs/output/cases_hubump/cases-hubump-pareto-xerox8_m-t1-w0p2/seed_121/legalized/11_xerox8_m_placement_legal_report.json,/mnt/d/WORK/96/flow_tap/LayoutGenModel/logs/output/cases_hubump/cases-hubump-pareto-xerox8_m-t1-w0p2/seed_121/legalized/11_xerox8_m_placement_legal.json,/mnt/d/WORK/96/flow_tap/resultEval/FM_result/pareto_weight_sweep_seed121_legal_only_format/xerox8_m_thermal1_wirelength0p2_seed121.json,xerox8_m_thermal1_wirelength0p2_seed121
xerox8_m,27,121,1,0.02,ok,true,/mnt/d/WORK/96/flow_tap/LayoutGenModel/logs/output/cases_hubump/cases-hubump-pareto-xerox8_m-t1-w0p02/seed_121/legalized/11_xerox8_m_placement_legal_report.json,/mnt/d/WORK/96/flow_tap/LayoutGenModel/logs/output/cases_hubump/cases-hubump-pareto-xerox8_m-t1-w0p02/seed_121/legalized/11_xerox8_m_placement_legal.json,/mnt/d/WORK/96/flow_tap/resultEval/FM_result/pareto_weight_sweep_seed121_legal_only_format/xerox8_m_thermal1_wirelength0p02_seed121.json,xerox8_m_thermal1_wirelength0p02_seed121
xerox8_m,32,121,3,0.02,ok,true,/mnt/d/WORK/96/flow_tap/LayoutGenModel/logs/output/cases_hubump/cases-hubump-pareto-xerox8_m-t3-w0p02/seed_121/legalized/11_xerox8_m_placement_legal_report.json,/mnt/d/WORK/96/flow_tap/LayoutGenModel/logs/output/cases_hubump/cases-hubump-pareto-xerox8_m-t3-w0p02/seed_121/legalized/11_xerox8_m_placement_legal.json,/mnt/d/WORK/96/flow_tap/resultEval/FM_result/pareto_weight_sweep_seed121_legal_only_format/xerox8_m_thermal3_wirelength0p02_seed121.json,xerox8_m_thermal3_wirelength0p02_seed121
xerox8_m,31,121,3,0,ok,true,/mnt/d/WORK/96/flow_tap/LayoutGenModel/logs/output/cases_hubump/cases-hubump-pareto-xerox8_m-t3-w0/seed_121/legalized/11_xerox8_m_placement_legal_report.json,/mnt/d/WORK/96/flow_tap/LayoutGenModel/logs/output/cases_hubump/cases-hubump-pareto-xerox8_m-t3-w0/seed_121/legalized/11_xerox8_m_placement_legal.json,/mnt/d/WORK/96/flow_tap/resultEval/FM_result/pareto_weight_sweep_seed121_legal_only_format/xerox8_m_thermal3_wirelength0_seed121.json,xerox8_m_thermal3_wirelength0_seed121
xerox8_m,33,121,3,0.2,ok,true,/mnt/d/WORK/96/flow_tap/LayoutGenModel/logs/output/cases_hubump/cases-hubump-pareto-xerox8_m-t3-w0p2/seed_121/legalized/11_xerox8_m_placement_legal_report.json,/mnt/d/WORK/96/flow_tap/LayoutGenModel/logs/output/cases_hubump/cases-hubump-pareto-xerox8_m-t3-w0p2/seed_121/legalized/11_xerox8_m_placement_legal.json,/mnt/d/WORK/96/flow_tap/resultEval/FM_result/pareto_weight_sweep_seed121_legal_only_format/xerox8_m_thermal3_wirelength0p2_seed121.json,xerox8_m_thermal3_wirelength0p2_seed121
xerox8_m,35,121,3,50,ok,true,/mnt/d/WORK/96/flow_tap/LayoutGenModel/logs/output/cases_hubump/cases-hubump-pareto-xerox8_m-t3-w50/seed_121/legalized/11_xerox8_m_placement_legal_report.json,/mnt/d/WORK/96/flow_tap/LayoutGenModel/logs/output/cases_hubump/cases-hubump-pareto-xerox8_m-t3-w50/seed_121/legalized/11_xerox8_m_placement_legal.json,/mnt/d/WORK/96/flow_tap/resultEval/FM_result/pareto_weight_sweep_seed121_legal_only_format/xerox8_m_thermal3_wirelength50_seed121.json,xerox8_m_thermal3_wirelength50_seed121
xerox8_m,36,121,10,0,ok,true,/mnt/d/WORK/96/flow_tap/LayoutGenModel/logs/output/cases_hubump/cases-hubump-pareto-xerox8_m-t10-w0/seed_121/legalized/11_xerox8_m_placement_legal_report.json,/mnt/d/WORK/96/flow_tap/LayoutGenModel/logs/output/cases_hubump/cases-hubump-pareto-xerox8_m-t10-w0/seed_121/legalized/11_xerox8_m_placement_legal.json,/mnt/d/WORK/96/flow_tap/resultEval/FM_result/pareto_weight_sweep_seed121_legal_only_format/xerox8_m_thermal10_wirelength0_seed121.json,xerox8_m_thermal10_wirelength0_seed121
xerox8_m,38,121,10,0.2,ok,true,/mnt/d/WORK/96/flow_tap/LayoutGenModel/logs/output/cases_hubump/cases-hubump-pareto-xerox8_m-t10-w0p2/seed_121/legalized/11_xerox8_m_placement_legal_report.json,/mnt/d/WORK/96/flow_tap/LayoutGenModel/logs/output/cases_hubump/cases-hubump-pareto-xerox8_m-t10-w0p2/seed_121/legalized/11_xerox8_m_placement_legal.json,/mnt/d/WORK/96/flow_tap/resultEval/FM_result/pareto_weight_sweep_seed121_legal_only_format/xerox8_m_thermal10_wirelength0p2_seed121.json,xerox8_m_thermal10_wirelength0p2_seed121
xerox8_m,37,121,10,0.02,ok,true,/mnt/d/WORK/96/flow_tap/LayoutGenModel/logs/output/cases_hubump/cases-hubump-pareto-xerox8_m-t10-w0p02/seed_121/legalized/11_xerox8_m_placement_legal_report.json,/mnt/d/WORK/96/flow_tap/LayoutGenModel/logs/output/cases_hubump/cases-hubump-pareto-xerox8_m-t10-w0p02/seed_121/legalized/11_xerox8_m_placement_legal.json,/mnt/d/WORK/96/flow_tap/resultEval/FM_result/pareto_weight_sweep_seed121_legal_only_format/xerox8_m_thermal10_wirelength0p02_seed121.json,xerox8_m_thermal10_wirelength0p02_seed121
xerox8_m,40,121,10,50,ok,true,/mnt/d/WORK/96/flow_tap/LayoutGenModel/logs/output/cases_hubump/cases-hubump-pareto-xerox8_m-t10-w50/seed_121/legalized/11_xerox8_m_placement_legal_report.json,/mnt/d/WORK/96/flow_tap/LayoutGenModel/logs/output/cases_hubump/cases-hubump-pareto-xerox8_m-t10-w50/seed_121/legalized/11_xerox8_m_placement_legal.json,/mnt/d/WORK/96/flow_tap/resultEval/FM_result/pareto_weight_sweep_seed121_legal_only_format/xerox8_m_thermal10_wirelength50_seed121.json,xerox8_m_thermal10_wirelength50_seed121
xerox8_m,41,121,30,0,ok,true,/mnt/d/WORK/96/flow_tap/LayoutGenModel/logs/output/cases_hubump/cases-hubump-pareto-xerox8_m-t30-w0/seed_121/legalized/11_xerox8_m_placement_legal_report.json,/mnt/d/WORK/96/flow_tap/LayoutGenModel/logs/output/cases_hubump/cases-hubump-pareto-xerox8_m-t30-w0/seed_121/legalized/11_xerox8_m_placement_legal.json,/mnt/d/WORK/96/flow_tap/resultEval/FM_result/pareto_weight_sweep_seed121_legal_only_format/xerox8_m_thermal30_wirelength0_seed121.json,xerox8_m_thermal30_wirelength0_seed121
xerox8_m,42,121,30,0.02,ok,true,/mnt/d/WORK/96/flow_tap/LayoutGenModel/logs/output/cases_hubump/cases-hubump-pareto-xerox8_m-t30-w0p02/seed_121/legalized/11_xerox8_m_placement_legal_report.json,/mnt/d/WORK/96/flow_tap/LayoutGenModel/logs/output/cases_hubump/cases-hubump-pareto-xerox8_m-t30-w0p02/seed_121/legalized/11_xerox8_m_placement_legal.json,/mnt/d/WORK/96/flow_tap/resultEval/FM_result/pareto_weight_sweep_seed121_legal_only_format/xerox8_m_thermal30_wirelength0p02_seed121.json,xerox8_m_thermal30_wirelength0p02_seed121
xerox8_m,43,121,30,0.2,ok,true,/mnt/d/WORK/96/flow_tap/LayoutGenModel/logs/output/cases_hubump/cases-hubump-pareto-xerox8_m-t30-w0p2/seed_121/legalized/11_xerox8_m_placement_legal_report.json,/mnt/d/WORK/96/flow_tap/LayoutGenModel/logs/output/cases_hubump/cases-hubump-pareto-xerox8_m-t30-w0p2/seed_121/legalized/11_xerox8_m_placement_legal.json,/mnt/d/WORK/96/flow_tap/resultEval/FM_result/pareto_weight_sweep_seed121_legal_only_format/xerox8_m_thermal30_wirelength0p2_seed121.json,xerox8_m_thermal30_wirelength0p2_seed121
xerox8_m,46,121,100,0,ok,true,/mnt/d/WORK/96/flow_tap/LayoutGenModel/logs/output/cases_hubump/cases-hubump-pareto-xerox8_m-t100-w0/seed_121/legalized/11_xerox8_m_placement_legal_report.json,/mnt/d/WORK/96/flow_tap/LayoutGenModel/logs/output/cases_hubump/cases-hubump-pareto-xerox8_m-t100-w0/seed_121/legalized/11_xerox8_m_placement_legal.json,/mnt/d/WORK/96/flow_tap/resultEval/FM_result/pareto_weight_sweep_seed121_legal_only_format/xerox8_m_thermal100_wirelength0_seed121.json,xerox8_m_thermal100_wirelength0_seed121
xerox8_m,45,121,30,50,ok,true,/mnt/d/WORK/96/flow_tap/LayoutGenModel/logs/output/cases_hubump/cases-hubump-pareto-xerox8_m-t30-w50/seed_121/legalized/11_xerox8_m_placement_legal_report.json,/mnt/d/WORK/96/flow_tap/LayoutGenModel/logs/output/cases_hubump/cases-hubump-pareto-xerox8_m-t30-w50/seed_121/legalized/11_xerox8_m_placement_legal.json,/mnt/d/WORK/96/flow_tap/resultEval/FM_result/pareto_weight_sweep_seed121_legal_only_format/xerox8_m_thermal30_wirelength50_seed121.json,xerox8_m_thermal30_wirelength50_seed121
xerox8_m,47,121,100,0.02,ok,true,/mnt/d/WORK/96/flow_tap/LayoutGenModel/logs/output/cases_hubump/cases-hubump-pareto-xerox8_m-t100-w0p02/seed_121/legalized/11_xerox8_m_placement_legal_report.json,/mnt/d/WORK/96/flow_tap/LayoutGenModel/logs/output/cases_hubump/cases-hubump-pareto-xerox8_m-t100-w0p02/seed_121/legalized/11_xerox8_m_placement_legal.json,/mnt/d/WORK/96/flow_tap/resultEval/FM_result/pareto_weight_sweep_seed121_legal_only_format/xerox8_m_thermal100_wirelength0p02_seed121.json,xerox8_m_thermal100_wirelength0p02_seed121
xerox8_m,48,121,100,0.2,ok,true,/mnt/d/WORK/96/flow_tap/LayoutGenModel/logs/output/cases_hubump/cases-hubump-pareto-xerox8_m-t100-w0p2/seed_121/legalized/11_xerox8_m_placement_legal_report.json,/mnt/d/WORK/96/flow_tap/LayoutGenModel/logs/output/cases_hubump/cases-hubump-pareto-xerox8_m-t100-w0p2/seed_121/legalized/11_xerox8_m_placement_legal.json,/mnt/d/WORK/96/flow_tap/resultEval/FM_result/pareto_weight_sweep_seed121_legal_only_format/xerox8_m_thermal100_wirelength0p2_seed121.json,xerox8_m_thermal100_wirelength0p2_seed121
xerox8_m,50,121,100,50,ok,true,/mnt/d/WORK/96/flow_tap/LayoutGenModel/logs/output/cases_hubump/cases-hubump-pareto-xerox8_m-t100-w50/seed_121/legalized/11_xerox8_m_placement_legal_report.json,/mnt/d/WORK/96/flow_tap/LayoutGenModel/logs/output/cases_hubump/cases-hubump-pareto-xerox8_m-t100-w50/seed_121/legalized/11_xerox8_m_placement_legal.json,/mnt/d/WORK/96/flow_tap/resultEval/FM_result/pareto_weight_sweep_seed121_legal_only_format/xerox8_m_thermal100_wirelength50_seed121.json,xerox8_m_thermal100_wirelength50_seed121
