T = 1.0	 step = 1
131.33000000000004
10.601036255411254
[25.0, 25.0, 13.0, 13.0, 25.0, 25.0, 35.0, 37.0, 13.0, 13.0, 37.0, 35.0]
[39.0, 19.0, 19.0, 29.0, 29.0, 7.0, 43.0, 19.0, 7.0, 39.0, 31.0, 7.0]
[7.999999999999999, 9.0, 9.0, 9.0, 9.0, 7.999999999999999, 9.0, 9.0, 9.0, 9.0, 9.0, 9.0]
[9.0, 7.999999999999999, 7.999999999999999, 7.999999999999999, 7.999999999999999, 9.0, 9.0, 9.0, 9.0, 9.0, 9.0, 9.0]
T = 1.0	 step = 2
131.36
10.505798160173159
[25.0, 25.0, 13.0, 13.0, 25.0, 25.0, 35.0, 37.0, 13.0, 13.0, 37.0, 35.0]
[39.0, 19.0, 19.0, 29.0, 29.0, 7.0, 43.0, 19.0, 8.0, 39.0, 31.0, 7.0]
[7.999999999999999, 9.0, 9.0, 9.0, 9.0, 7.999999999999999, 9.0, 9.0, 9.0, 9.0, 9.0, 9.0]
[9.0, 7.999999999999999, 7.999999999999999, 7.999999999999999, 7.999999999999999, 9.0, 9.0, 9.0, 9.0, 9.0, 9.0, 9.0]
T = 1.0	 step = 3
130.63
10.70330898268398
[25.0, 25.0, 13.0, 13.0, 25.0, 25.0, 35.0, 37.0, 13.0, 13.0, 37.0, 35.0]
[40.0, 19.0, 19.0, 29.0, 29.0, 7.0, 43.0, 19.0, 7.0, 39.0, 31.0, 7.0]
[7.999999999999999, 9.0, 9.0, 9.0, 9.0, 7.999999999999999, 9.0, 9.0, 9.0, 9.0, 9.0, 9.0]
[9.0, 7.999999999999999, 7.999999999999999, 7.999999999999999, 7.999999999999999, 9.0, 9.0, 9.0, 9.0, 9.0, 9.0, 9.0]
T = 1.0	 step = 4
130.66000000000003
10.798547077922077
[25.0, 25.0, 13.0, 13.0, 25.0, 25.0, 35.0, 37.0, 13.0, 13.0, 37.0, 35.0]
[40.0, 19.0, 19.0, 29.0, 29.0, 7.0, 43.0, 19.0, 7.0, 39.0, 31.0, 8.0]
[7.999999999999999, 9.0, 9.0, 9.0, 9.0, 7.999999999999999, 9.0, 9.0, 9.0, 9.0, 9.0, 9.0]
[9.0, 7.999999999999999, 7.999999999999999, 7.999999999999999, 7.999999999999999, 9.0, 9.0, 9.0, 9.0, 9.0, 9.0, 9.0]
T = 1.0	 step = 5
130.66000000000003
10.846166125541126
[25.0, 26.0, 13.0, 13.0, 25.0, 25.0, 35.0, 37.0, 13.0, 13.0, 37.0, 35.0]
[40.0, 19.0, 19.0, 29.0, 29.0, 7.0, 43.0, 19.0, 7.0, 39.0, 31.0, 8.0]
[7.999999999999999, 9.0, 9.0, 9.0, 9.0, 7.999999999999999, 9.0, 9.0, 9.0, 9.0, 9.0, 9.0]
[9.0, 7.999999999999999, 7.999999999999999, 7.999999999999999, 7.999999999999999, 9.0, 9.0, 9.0, 9.0, 9.0, 9.0, 9.0]
T = 1.0	 step = 6
130.60000000000002
10.941404220779221
[25.0, 26.0, 13.0, 13.0, 25.0, 25.0, 35.0, 37.0, 13.0, 13.0, 38.0, 35.0]
[40.0, 19.0, 19.0, 29.0, 29.0, 7.0, 43.0, 19.0, 7.0, 39.0, 31.0, 8.0]
[7.999999999999999, 9.0, 9.0, 9.0, 9.0, 7.999999999999999, 9.0, 9.0, 9.0, 9.0, 9.0, 9.0]
[9.0, 7.999999999999999, 7.999999999999999, 7.999999999999999, 7.999999999999999, 9.0, 9.0, 9.0, 9.0, 9.0, 9.0, 9.0]
T = 1.0	 step = 7
130.53000000000003
11.036642316017316
[25.0, 26.0, 13.0, 13.0, 25.0, 25.0, 35.0, 37.0, 13.0, 13.0, 39.0, 35.0]
[40.0, 19.0, 19.0, 29.0, 29.0, 7.0, 43.0, 19.0, 7.0, 39.0, 31.0, 8.0]
[7.999999999999999, 9.0, 9.0, 9.0, 9.0, 7.999999999999999, 9.0, 9.0, 9.0, 9.0, 9.0, 9.0]
[9.0, 7.999999999999999, 7.999999999999999, 7.999999999999999, 7.999999999999999, 9.0, 9.0, 9.0, 9.0, 9.0, 9.0, 9.0]
T = 1.0	 step = 8
130.78000000000003
10.960907399891774
[25.0, 26.0, 13.0, 13.0, 25.0, 24.0, 35.0, 37.0, 13.0, 13.0, 39.0, 35.0]
[40.0, 19.0, 19.0, 29.0, 29.0, 8.0, 43.0, 19.0, 7.0, 39.0, 31.0, 8.0]
[7.999999999999999, 9.0, 9.0, 9.0, 9.0, 9.0, 9.0, 9.0, 9.0, 9.0, 9.0, 9.0]
[9.0, 7.999999999999999, 7.999999999999999, 7.999999999999999, 7.999999999999999, 7.999999999999999, 9.0, 9.0, 9.0, 9.0, 9.0, 9.0]
T = 1.0	 step = 9
130.75
11.05614549512987
[25.0, 26.0, 13.0, 13.0, 25.0, 24.0, 36.0, 37.0, 13.0, 13.0, 39.0, 35.0]
[40.0, 19.0, 19.0, 29.0, 29.0, 8.0, 43.0, 19.0, 7.0, 39.0, 31.0, 8.0]
[7.999999999999999, 9.0, 9.0, 9.0, 9.0, 9.0, 9.0, 9.0, 9.0, 9.0, 9.0, 9.0]
[9.0, 7.999999999999999, 7.999999999999999, 7.999999999999999, 7.999999999999999, 7.999999999999999, 9.0, 9.0, 9.0, 9.0, 9.0, 9.0]
T = 1.0	 step = 10
130.72000000000003
11.151383590367965
[25.0, 26.0, 13.0, 13.0, 25.0, 24.0, 36.0, 37.0, 13.0, 13.0, 39.0, 35.0]
[40.0, 19.0, 19.0, 29.0, 29.0, 8.0, 43.0, 19.0, 6.0, 39.0, 31.0, 8.0]
[7.999999999999999, 9.0, 9.0, 9.0, 9.0, 9.0, 9.0, 9.0, 9.0, 9.0, 9.0, 9.0]
[9.0, 7.999999999999999, 7.999999999999999, 7.999999999999999, 7.999999999999999, 7.999999999999999, 9.0, 9.0, 9.0, 9.0, 9.0, 9.0]
T = 1.0	 step = 11
130.71000000000004
11.24662168560606
[25.0, 26.0, 13.0, 13.0, 25.0, 24.0, 36.0, 37.0, 13.0, 13.0, 39.0, 36.0]
[40.0, 19.0, 19.0, 29.0, 29.0, 8.0, 43.0, 19.0, 6.0, 39.0, 31.0, 8.0]
[7.999999999999999, 9.0, 9.0, 9.0, 9.0, 9.0, 9.0, 9.0, 9.0, 9.0, 9.0, 9.0]
[9.0, 7.999999999999999, 7.999999999999999, 7.999999999999999, 7.999999999999999, 7.999999999999999, 9.0, 9.0, 9.0, 9.0, 9.0, 9.0]
T = 1.0	 step = 12
131.3
11.182225040584415
[25.0, 26.0, 13.0, 14.0, 25.0, 24.0, 36.0, 37.0, 13.0, 13.0, 39.0, 36.0]
[40.0, 19.0, 19.0, 29.0, 29.0, 8.0, 43.0, 19.0, 6.0, 39.0, 31.0, 8.0]
[7.999999999999999, 9.0, 9.0, 9.0, 9.0, 9.0, 9.0, 9.0, 9.0, 9.0, 9.0, 9.0]
[9.0, 7.999999999999999, 7.999999999999999, 7.999999999999999, 7.999999999999999, 7.999999999999999, 9.0, 9.0, 9.0, 9.0, 9.0, 9.0]
T = 1.0	 step = 13
130.71000000000004
11.24662168560606
[25.0, 26.0, 13.0, 13.0, 25.0, 24.0, 36.0, 37.0, 13.0, 13.0, 39.0, 36.0]
[40.0, 19.0, 19.0, 29.0, 29.0, 8.0, 43.0, 19.0, 6.0, 39.0, 31.0, 8.0]
[7.999999999999999, 9.0, 9.0, 9.0, 9.0, 9.0, 9.0, 9.0, 9.0, 9.0, 9.0, 9.0]
[9.0, 7.999999999999999, 7.999999999999999, 7.999999999999999, 7.999999999999999, 7.999999999999999, 9.0, 9.0, 9.0, 9.0, 9.0, 9.0]
T = 1.0	 step = 14
130.66000000000003
11.200220170454545
[26.0, 26.0, 13.0, 13.0, 25.0, 24.0, 36.0, 37.0, 13.0, 13.0, 39.0, 36.0]
[40.0, 19.0, 19.0, 29.0, 29.0, 8.0, 43.0, 19.0, 6.0, 39.0, 31.0, 8.0]
[7.999999999999999, 9.0, 9.0, 9.0, 9.0, 9.0, 9.0, 9.0, 9.0, 9.0, 9.0, 9.0]
[9.0, 7.999999999999999, 7.999999999999999, 7.999999999999999, 7.999999999999999, 7.999999999999999, 9.0, 9.0, 9.0, 9.0, 9.0, 9.0]
T = 1.0	 step = 15
130.74
11.390696360930736
[26.0, 26.0, 13.0, 13.0, 25.0, 24.0, 36.0, 37.0, 13.0, 15.0, 39.0, 36.0]
[40.0, 19.0, 19.0, 29.0, 29.0, 8.0, 43.0, 19.0, 6.0, 39.0, 31.0, 8.0]
[7.999999999999999, 9.0, 9.0, 9.0, 9.0, 9.0, 9.0, 9.0, 9.0, 9.0, 9.0, 9.0]
[9.0, 7.999999999999999, 7.999999999999999, 7.999999999999999, 7.999999999999999, 7.999999999999999, 9.0, 9.0, 9.0, 9.0, 9.0, 9.0]
T = 1.0	 step = 16
130.78000000000003
11.485934456168831
[26.0, 26.0, 13.0, 13.0, 25.0, 24.0, 36.0, 37.0, 13.0, 16.0, 39.0, 36.0]
[40.0, 19.0, 19.0, 29.0, 29.0, 8.0, 43.0, 19.0, 6.0, 39.0, 31.0, 8.0]
[7.999999999999999, 9.0, 9.0, 9.0, 9.0, 9.0, 9.0, 9.0, 9.0, 9.0, 9.0, 9.0]
[9.0, 7.999999999999999, 7.999999999999999, 7.999999999999999, 7.999999999999999, 7.999999999999999, 9.0, 9.0, 9.0, 9.0, 9.0, 9.0]
T = 1.0	 step = 17
130.67000000000002
11.99344933712121
[26.0, 26.0, 13.0, 13.0, 25.0, 24.0, 36.0, 37.0, 13.0, 16.0, 39.0, 41.0]
[40.0, 19.0, 19.0, 29.0, 29.0, 8.0, 43.0, 19.0, 6.0, 39.0, 31.0, 6.0]
[7.999999999999999, 9.0, 9.0, 9.0, 9.0, 9.0, 9.0, 9.0, 9.0, 9.0, 9.0, 9.0]
[9.0, 7.999999999999999, 7.999999999999999, 7.999999999999999, 7.999999999999999, 7.999999999999999, 9.0, 9.0, 9.0, 9.0, 9.0, 9.0]
T = 1.0	 step = 18
130.87
11.67986708603896
[26.0, 26.0, 13.0, 13.0, 25.0, 24.0, 36.0, 37.0, 13.0, 16.0, 36.0, 41.0]
[40.0, 19.0, 19.0, 29.0, 29.0, 8.0, 43.0, 19.0, 6.0, 39.0, 30.0, 6.0]
[7.999999999999999, 9.0, 9.0, 9.0, 9.0, 9.0, 9.0, 9.0, 9.0, 9.0, 9.0, 9.0]
[9.0, 7.999999999999999, 7.999999999999999, 7.999999999999999, 7.999999999999999, 7.999999999999999, 9.0, 9.0, 9.0, 9.0, 9.0, 9.0]
T = 1.0	 step = 19
130.83000000000004
11.584628990800864
[26.0, 26.0, 13.0, 13.0, 25.0, 24.0, 36.0, 37.0, 13.0, 15.0, 36.0, 41.0]
[40.0, 19.0, 19.0, 29.0, 29.0, 8.0, 43.0, 19.0, 6.0, 39.0, 30.0, 6.0]
[7.999999999999999, 9.0, 9.0, 9.0, 9.0, 9.0, 9.0, 9.0, 9.0, 9.0, 9.0, 9.0]
[9.0, 7.999999999999999, 7.999999999999999, 7.999999999999999, 7.999999999999999, 7.999999999999999, 9.0, 9.0, 9.0, 9.0, 9.0, 9.0]
T = 1.0	 step = 20
130.78000000000003
11.489390895562769
[26.0, 26.0, 13.0, 13.0, 25.0, 24.0, 36.0, 37.0, 13.0, 14.0, 36.0, 41.0]
[40.0, 19.0, 19.0, 29.0, 29.0, 8.0, 43.0, 19.0, 6.0, 39.0, 30.0, 6.0]
[7.999999999999999, 9.0, 9.0, 9.0, 9.0, 9.0, 9.0, 9.0, 9.0, 9.0, 9.0, 9.0]
[9.0, 7.999999999999999, 7.999999999999999, 7.999999999999999, 7.999999999999999, 7.999999999999999, 9.0, 9.0, 9.0, 9.0, 9.0, 9.0]
T = 1.0	 step = 21
130.18
11.70384841720779
[26.0, 26.0, 13.0, 13.0, 25.0, 24.0, 36.0, 37.0, 13.0, 14.0, 36.0, 41.0]
[40.0, 18.0, 19.0, 29.0, 29.0, 8.0, 43.0, 19.0, 6.0, 39.0, 30.0, 6.0]
[7.999999999999999, 9.0, 9.0, 9.0, 9.0, 9.0, 9.0, 9.0, 9.0, 9.0, 9.0, 9.0]
[9.0, 7.999999999999999, 7.999999999999999, 7.999999999999999, 7.999999999999999, 7.999999999999999, 9.0, 9.0, 9.0, 9.0, 9.0, 9.0]
T = 1.0	 step = 22
130.17000000000002
11.576548633658007
[26.0, 26.0, 13.0, 13.0, 25.0, 25.0, 36.0, 37.0, 13.0, 14.0, 36.0, 41.0]
[40.0, 18.0, 19.0, 29.0, 29.0, 8.0, 43.0, 19.0, 6.0, 39.0, 30.0, 6.0]
[7.999999999999999, 9.0, 9.0, 9.0, 9.0, 9.0, 9.0, 9.0, 9.0, 9.0, 9.0, 9.0]
[9.0, 7.999999999999999, 7.999999999999999, 7.999999999999999, 7.999999999999999, 7.999999999999999, 9.0, 9.0, 9.0, 9.0, 9.0, 9.0]
T = 1.0	 step = 23
130.13
11.481310538419914
[26.0, 26.0, 13.0, 13.0, 25.0, 25.0, 36.0, 37.0, 13.0, 13.0, 36.0, 41.0]
[40.0, 18.0, 19.0, 29.0, 29.0, 8.0, 43.0, 19.0, 6.0, 39.0, 30.0, 6.0]
[7.999999999999999, 9.0, 9.0, 9.0, 9.0, 9.0, 9.0, 9.0, 9.0, 9.0, 9.0, 9.0]
[9.0, 7.999999999999999, 7.999999999999999, 7.999999999999999, 7.999999999999999, 7.999999999999999, 9.0, 9.0, 9.0, 9.0, 9.0, 9.0]
T = 1.0	 step = 24
130.31
11.128595441017314
[26.0, 26.0, 15.0, 13.0, 25.0, 25.0, 36.0, 37.0, 13.0, 13.0, 36.0, 41.0]
[40.0, 18.0, 17.0, 29.0, 29.0, 8.0, 43.0, 19.0, 6.0, 39.0, 30.0, 6.0]
[7.999999999999999, 9.0, 7.999999999999999, 9.0, 9.0, 9.0, 9.0, 9.0, 9.0, 9.0, 9.0, 9.0]
[9.0, 7.999999999999999, 9.0, 7.999999999999999, 7.999999999999999, 7.999999999999999, 9.0, 9.0, 9.0, 9.0, 9.0, 9.0]
T = 1.0	 step = 25
130.31
11.223833536255409
[26.0, 26.0, 15.0, 13.0, 25.0, 25.0, 37.0, 37.0, 13.0, 13.0, 36.0, 41.0]
[40.0, 18.0, 17.0, 29.0, 29.0, 8.0, 43.0, 19.0, 6.0, 39.0, 30.0, 6.0]
[7.999999999999999, 9.0, 7.999999999999999, 9.0, 9.0, 9.0, 9.0, 9.0, 9.0, 9.0, 9.0, 9.0]
[9.0, 7.999999999999999, 9.0, 7.999999999999999, 7.999999999999999, 7.999999999999999, 9.0, 9.0, 9.0, 9.0, 9.0, 9.0]
T = 1.0	 step = 26
130.3
11.319071631493504
[26.0, 26.0, 15.0, 13.0, 25.0, 25.0, 38.0, 37.0, 13.0, 13.0, 36.0, 41.0]
[40.0, 18.0, 17.0, 29.0, 29.0, 8.0, 43.0, 19.0, 6.0, 39.0, 30.0, 6.0]
[7.999999999999999, 9.0, 7.999999999999999, 9.0, 9.0, 9.0, 9.0, 9.0, 9.0, 9.0, 9.0, 9.0]
[9.0, 7.999999999999999, 9.0, 7.999999999999999, 7.999999999999999, 7.999999999999999, 9.0, 9.0, 9.0, 9.0, 9.0, 9.0]
T = 1.0	 step = 27
130.28000000000003
11.4143097267316
[26.0, 26.0, 15.0, 13.0, 25.0, 25.0, 38.0, 37.0, 13.0, 13.0, 37.0, 41.0]
[40.0, 18.0, 17.0, 29.0, 29.0, 8.0, 43.0, 19.0, 6.0, 39.0, 30.0, 6.0]
[7.999999999999999, 9.0, 7.999999999999999, 9.0, 9.0, 9.0, 9.0, 9.0, 9.0, 9.0, 9.0, 9.0]
[9.0, 7.999999999999999, 9.0, 7.999999999999999, 7.999999999999999, 7.999999999999999, 9.0, 9.0, 9.0, 9.0, 9.0, 9.0]
T = 1.0	 step = 28
130.27000000000004
11.509547821969695
[26.0, 26.0, 15.0, 13.0, 25.0, 25.0, 39.0, 37.0, 13.0, 13.0, 37.0, 41.0]
[40.0, 18.0, 17.0, 29.0, 29.0, 8.0, 43.0, 19.0, 6.0, 39.0, 30.0, 6.0]
[7.999999999999999, 9.0, 7.999999999999999, 9.0, 9.0, 9.0, 9.0, 9.0, 9.0, 9.0, 9.0, 9.0]
[9.0, 7.999999999999999, 9.0, 7.999999999999999, 7.999999999999999, 7.999999999999999, 9.0, 9.0, 9.0, 9.0, 9.0, 9.0]
T = 1.0	 step = 29
131.01000000000005
11.446371415043288
[26.0, 26.0, 15.0, 13.0, 25.0, 25.0, 39.0, 37.0, 13.0, 13.0, 37.0, 41.0]
[40.0, 18.0, 17.0, 29.0, 28.0, 8.0, 43.0, 19.0, 6.0, 39.0, 30.0, 6.0]
[7.999999999999999, 9.0, 7.999999999999999, 9.0, 9.0, 9.0, 9.0, 9.0, 9.0, 9.0, 9.0, 9.0]
[9.0, 7.999999999999999, 9.0, 7.999999999999999, 7.999999999999999, 7.999999999999999, 9.0, 9.0, 9.0, 9.0, 9.0, 9.0]
T = 1.0	 step = 30
130.70000000000005
11.386171198593072
[26.0, 26.0, 15.0, 13.0, 25.0, 25.0, 39.0, 37.0, 13.0, 13.0, 37.0, 41.0]
[39.0, 18.0, 17.0, 29.0, 29.0, 8.0, 43.0, 19.0, 6.0, 39.0, 30.0, 6.0]
[7.999999999999999, 9.0, 7.999999999999999, 9.0, 9.0, 9.0, 9.0, 9.0, 9.0, 9.0, 9.0, 9.0]
[9.0, 7.999999999999999, 9.0, 7.999999999999999, 7.999999999999999, 7.999999999999999, 9.0, 9.0, 9.0, 9.0, 9.0, 9.0]
T = 1.0	 step = 31
130.40000000000003
11.918097605519478
[26.0, 26.0, 15.0, 13.0, 25.0, 25.0, 39.0, 37.0, 13.0, 13.0, 42.0, 41.0]
[39.0, 18.0, 17.0, 29.0, 29.0, 8.0, 43.0, 19.0, 6.0, 39.0, 32.0, 6.0]
[7.999999999999999, 9.0, 7.999999999999999, 9.0, 9.0, 9.0, 9.0, 9.0, 9.0, 9.0, 9.0, 9.0]
[9.0, 7.999999999999999, 9.0, 7.999999999999999, 7.999999999999999, 7.999999999999999, 9.0, 9.0, 9.0, 9.0, 9.0, 9.0]
T = 1.0	 step = 32
130.38
12.013335700757574
[26.0, 26.0, 15.0, 13.0, 25.0, 25.0, 39.0, 37.0, 13.0, 13.0, 42.0, 41.0]
[39.0, 18.0, 17.0, 29.0, 29.0, 8.0, 43.0, 19.0, 6.0, 40.0, 32.0, 6.0]
[7.999999999999999, 9.0, 7.999999999999999, 9.0, 9.0, 9.0, 9.0, 9.0, 9.0, 9.0, 9.0, 9.0]
[9.0, 7.999999999999999, 9.0, 7.999999999999999, 7.999999999999999, 7.999999999999999, 9.0, 9.0, 9.0, 9.0, 9.0, 9.0]
T = 1.0	 step = 33
130.28000000000003
11.948668492965368
[26.0, 26.0, 15.0, 13.0, 25.0, 25.0, 39.0, 37.0, 13.0, 10.0, 42.0, 41.0]
[39.0, 18.0, 17.0, 29.0, 29.0, 8.0, 43.0, 19.0, 6.0, 40.0, 32.0, 6.0]
[7.999999999999999, 9.0, 7.999999999999999, 9.0, 9.0, 9.0, 9.0, 9.0, 9.0, 9.0, 9.0, 9.0]
[9.0, 7.999999999999999, 9.0, 7.999999999999999, 7.999999999999999, 7.999999999999999, 9.0, 9.0, 9.0, 9.0, 9.0, 9.0]
T = 1.0	 step = 34
130.87
11.821670386904758
[26.0, 26.0, 15.0, 13.0, 25.0, 25.0, 39.0, 37.0, 13.0, 10.0, 42.0, 41.0]
[39.0, 19.0, 17.0, 29.0, 29.0, 8.0, 43.0, 19.0, 6.0, 40.0, 32.0, 6.0]
[7.999999999999999, 9.0, 7.999999999999999, 9.0, 9.0, 9.0, 9.0, 9.0, 9.0, 9.0, 9.0, 9.0]
[9.0, 7.999999999999999, 9.0, 7.999999999999999, 7.999999999999999, 7.999999999999999, 9.0, 9.0, 9.0, 9.0, 9.0, 9.0]
T = 1.0	 step = 35
130.62
11.872333265692637
[26.0, 26.0, 14.0, 13.0, 25.0, 25.0, 39.0, 37.0, 13.0, 10.0, 42.0, 41.0]
[39.0, 19.0, 17.0, 29.0, 29.0, 8.0, 43.0, 19.0, 6.0, 40.0, 32.0, 6.0]
[7.999999999999999, 9.0, 7.999999999999999, 9.0, 9.0, 9.0, 9.0, 9.0, 9.0, 9.0, 9.0, 9.0]
[9.0, 7.999999999999999, 9.0, 7.999999999999999, 7.999999999999999, 7.999999999999999, 9.0, 9.0, 9.0, 9.0, 9.0, 9.0]
T = 1.0	 step = 36
130.67000000000002
11.777095170454542
[26.0, 26.0, 14.0, 13.0, 25.0, 25.0, 39.0, 37.0, 13.0, 10.0, 41.0, 41.0]
[39.0, 19.0, 17.0, 29.0, 29.0, 8.0, 43.0, 19.0, 6.0, 40.0, 32.0, 6.0]
[7.999999999999999, 9.0, 7.999999999999999, 9.0, 9.0, 9.0, 9.0, 9.0, 9.0, 9.0, 9.0, 9.0]
[9.0, 7.999999999999999, 9.0, 7.999999999999999, 7.999999999999999, 7.999999999999999, 9.0, 9.0, 9.0, 9.0, 9.0, 9.0]
T = 1.0	 step = 37
130.0
11.900471793831166
[26.0, 26.0, 14.0, 13.0, 25.0, 25.0, 39.0, 37.0, 13.0, 10.0, 41.0, 41.0]
[40.0, 19.0, 17.0, 29.0, 29.0, 8.0, 43.0, 19.0, 6.0, 40.0, 32.0, 6.0]
[7.999999999999999, 9.0, 7.999999999999999, 9.0, 9.0, 9.0, 9.0, 9.0, 9.0, 9.0, 9.0, 9.0]
[9.0, 7.999999999999999, 9.0, 7.999999999999999, 7.999999999999999, 7.999999999999999, 9.0, 9.0, 9.0, 9.0, 9.0, 9.0]
T = 1.0	 step = 38
130.57000000000005
11.73366984577922
[26.0, 26.0, 14.0, 14.0, 25.0, 25.0, 39.0, 37.0, 13.0, 10.0, 41.0, 41.0]
[40.0, 19.0, 17.0, 29.0, 29.0, 8.0, 43.0, 19.0, 6.0, 40.0, 32.0, 6.0]
[7.999999999999999, 9.0, 7.999999999999999, 9.0, 9.0, 9.0, 9.0, 9.0, 9.0, 9.0, 9.0, 9.0]
[9.0, 7.999999999999999, 9.0, 7.999999999999999, 7.999999999999999, 7.999999999999999, 9.0, 9.0, 9.0, 9.0, 9.0, 9.0]
T = 1.0	 step = 39
130.56
11.730626014610388
[26.0, 26.0, 14.0, 14.0, 25.0, 25.0, 39.0, 37.0, 12.0, 10.0, 41.0, 41.0]
[40.0, 19.0, 17.0, 29.0, 29.0, 8.0, 43.0, 19.0, 6.0, 40.0, 32.0, 6.0]
[7.999999999999999, 9.0, 7.999999999999999, 9.0, 9.0, 9.0, 9.0, 9.0, 9.0, 9.0, 9.0, 9.0]
[9.0, 7.999999999999999, 9.0, 7.999999999999999, 7.999999999999999, 7.999999999999999, 9.0, 9.0, 9.0, 9.0, 9.0, 9.0]
T = 1.0	 step = 40
130.55
11.706681209415583
[26.0, 26.0, 14.0, 14.0, 25.0, 25.0, 39.0, 37.0, 11.0, 10.0, 41.0, 41.0]
[40.0, 19.0, 17.0, 29.0, 29.0, 8.0, 43.0, 19.0, 6.0, 40.0, 32.0, 6.0]
[7.999999999999999, 9.0, 7.999999999999999, 9.0, 9.0, 9.0, 9.0, 9.0, 9.0, 9.0, 9.0, 9.0]
[9.0, 7.999999999999999, 9.0, 7.999999999999999, 7.999999999999999, 7.999999999999999, 9.0, 9.0, 9.0, 9.0, 9.0, 9.0]
T = 1.0	 step = 41
130.58000000000004
11.611443114177488
[26.0, 26.0, 14.0, 14.0, 25.0, 25.0, 38.0, 37.0, 11.0, 10.0, 41.0, 41.0]
[40.0, 19.0, 17.0, 29.0, 29.0, 8.0, 43.0, 19.0, 6.0, 40.0, 32.0, 6.0]
[7.999999999999999, 9.0, 7.999999999999999, 9.0, 9.0, 9.0, 9.0, 9.0, 9.0, 9.0, 9.0, 9.0]
[9.0, 7.999999999999999, 9.0, 7.999999999999999, 7.999999999999999, 7.999999999999999, 9.0, 9.0, 9.0, 9.0, 9.0, 9.0]
T = 1.0	 step = 42
130.53000000000003
11.75430025703463
[26.0, 26.0, 14.0, 14.0, 25.0, 25.0, 38.0, 37.0, 11.0, 10.0, 41.0, 41.0]
[40.0, 19.0, 17.0, 28.0, 29.0, 8.0, 43.0, 19.0, 6.0, 40.0, 32.0, 6.0]
[7.999999999999999, 9.0, 7.999999999999999, 9.0, 9.0, 9.0, 9.0, 9.0, 9.0, 9.0, 9.0, 9.0]
[9.0, 7.999999999999999, 9.0, 7.999999999999999, 7.999999999999999, 7.999999999999999, 9.0, 9.0, 9.0, 9.0, 9.0, 9.0]
T = 1.0	 step = 43
130.58000000000004
11.659062161796536
[26.0, 26.0, 14.0, 14.0, 25.0, 25.0, 38.0, 37.0, 11.0, 10.0, 40.0, 41.0]
[40.0, 19.0, 17.0, 28.0, 29.0, 8.0, 43.0, 19.0, 6.0, 40.0, 32.0, 6.0]
[7.999999999999999, 9.0, 7.999999999999999, 9.0, 9.0, 9.0, 9.0, 9.0, 9.0, 9.0, 9.0, 9.0]
[9.0, 7.999999999999999, 9.0, 7.999999999999999, 7.999999999999999, 7.999999999999999, 9.0, 9.0, 9.0, 9.0, 9.0, 9.0]
T = 1.0	 step = 44
131.25
11.623753720238094
[26.0, 26.0, 14.0, 14.0, 25.0, 25.0, 38.0, 37.0, 11.0, 10.0, 40.0, 41.0]
[40.0, 20.0, 17.0, 28.0, 29.0, 8.0, 43.0, 19.0, 6.0, 40.0, 32.0, 6.0]
[7.999999999999999, 9.0, 7.999999999999999, 9.0, 9.0, 9.0, 9.0, 9.0, 9.0, 9.0, 9.0, 9.0]
[9.0, 7.999999999999999, 9.0, 7.999999999999999, 7.999999999999999, 7.999999999999999, 9.0, 9.0, 9.0, 9.0, 9.0, 9.0]
T = 1.0	 step = 45
131.26000000000005
11.766610863095236
[26.0, 26.0, 14.0, 14.0, 25.0, 24.0, 38.0, 37.0, 11.0, 10.0, 40.0, 41.0]
[40.0, 20.0, 17.0, 28.0, 29.0, 8.0, 43.0, 19.0, 6.0, 40.0, 32.0, 6.0]
[7.999999999999999, 9.0, 7.999999999999999, 9.0, 9.0, 9.0, 9.0, 9.0, 9.0, 9.0, 9.0, 9.0]
[9.0, 7.999999999999999, 9.0, 7.999999999999999, 7.999999999999999, 7.999999999999999, 9.0, 9.0, 9.0, 9.0, 9.0, 9.0]
T = 1.0	 step = 46
131.28000000000003
11.760313514610388
[26.0, 26.0, 14.0, 14.0, 25.0, 24.0, 38.0, 37.0, 11.0, 10.0, 40.0, 41.0]
[40.0, 20.0, 17.0, 28.0, 29.0, 8.0, 43.0, 19.0, 6.0, 40.0, 32.0, 7.0]
[7.999999999999999, 9.0, 7.999999999999999, 9.0, 9.0, 9.0, 9.0, 9.0, 9.0, 9.0, 9.0, 9.0]
[9.0, 7.999999999999999, 9.0, 7.999999999999999, 7.999999999999999, 7.999999999999999, 9.0, 9.0, 9.0, 9.0, 9.0, 9.0]
T = 1.0	 step = 47
131.25
11.782168222402596
[26.0, 26.0, 14.0, 14.0, 25.0, 24.0, 38.0, 37.0, 11.0, 10.0, 40.0, 41.0]
[40.0, 20.0, 17.0, 28.0, 29.0, 8.0, 44.0, 19.0, 6.0, 40.0, 32.0, 7.0]
[7.999999999999999, 9.0, 7.999999999999999, 9.0, 9.0, 9.0, 9.0, 9.0, 9.0, 9.0, 9.0, 9.0]
[9.0, 7.999999999999999, 9.0, 7.999999999999999, 7.999999999999999, 7.999999999999999, 9.0, 9.0, 9.0, 9.0, 9.0, 9.0]
T = 1.0	 step = 48
131.20000000000005
11.877406317640691
[26.0, 26.0, 14.0, 14.0, 25.0, 24.0, 38.0, 37.0, 11.0, 10.0, 41.0, 41.0]
[40.0, 20.0, 17.0, 28.0, 29.0, 8.0, 44.0, 19.0, 6.0, 40.0, 32.0, 7.0]
[7.999999999999999, 9.0, 7.999999999999999, 9.0, 9.0, 9.0, 9.0, 9.0, 9.0, 9.0, 9.0, 9.0]
[9.0, 7.999999999999999, 9.0, 7.999999999999999, 7.999999999999999, 7.999999999999999, 9.0, 9.0, 9.0, 9.0, 9.0, 9.0]
T = 1.0	 step = 49
131.21000000000004
11.880450148809523
[26.0, 26.0, 14.0, 14.0, 25.0, 24.0, 38.0, 37.0, 12.0, 10.0, 41.0, 41.0]
[40.0, 20.0, 17.0, 28.0, 29.0, 8.0, 44.0, 19.0, 6.0, 40.0, 32.0, 7.0]
[7.999999999999999, 9.0, 7.999999999999999, 9.0, 9.0, 9.0, 9.0, 9.0, 9.0, 9.0, 9.0, 9.0]
[9.0, 7.999999999999999, 9.0, 7.999999999999999, 7.999999999999999, 7.999999999999999, 9.0, 9.0, 9.0, 9.0, 9.0, 9.0]
T = 1.0	 step = 50
131.24
11.904394954004328
[26.0, 26.0, 14.0, 14.0, 25.0, 24.0, 38.0, 37.0, 12.0, 11.0, 41.0, 41.0]
[40.0, 20.0, 17.0, 28.0, 29.0, 8.0, 44.0, 19.0, 6.0, 40.0, 32.0, 7.0]
[7.999999999999999, 9.0, 7.999999999999999, 9.0, 9.0, 9.0, 9.0, 9.0, 9.0, 9.0, 9.0, 9.0]
[9.0, 7.999999999999999, 9.0, 7.999999999999999, 7.999999999999999, 7.999999999999999, 9.0, 9.0, 9.0, 9.0, 9.0, 9.0]
T = 1.0	 step = 51
131.18
11.975688244047618
[26.0, 26.0, 14.0, 14.0, 25.0, 24.0, 38.0, 37.0, 12.0, 10.0, 41.0, 41.0]
[40.0, 20.0, 17.0, 28.0, 29.0, 8.0, 44.0, 19.0, 6.0, 41.0, 32.0, 7.0]
[7.999999999999999, 9.0, 7.999999999999999, 9.0, 9.0, 9.0, 9.0, 9.0, 9.0, 9.0, 9.0, 9.0]
[9.0, 7.999999999999999, 9.0, 7.999999999999999, 7.999999999999999, 7.999999999999999, 9.0, 9.0, 9.0, 9.0, 9.0, 9.0]
T = 0.8	 step = 52
131.24
11.880450148809523
[26.0, 26.0, 14.0, 14.0, 25.0, 24.0, 38.0, 37.0, 12.0, 10.0, 40.0, 41.0]
[40.0, 20.0, 17.0, 28.0, 29.0, 8.0, 44.0, 19.0, 6.0, 41.0, 32.0, 7.0]
[7.999999999999999, 9.0, 7.999999999999999, 9.0, 9.0, 9.0, 9.0, 9.0, 9.0, 9.0, 9.0, 9.0]
[9.0, 7.999999999999999, 9.0, 7.999999999999999, 7.999999999999999, 7.999999999999999, 9.0, 9.0, 9.0, 9.0, 9.0, 9.0]
T = 0.8	 step = 53
131.25
11.87652698863636
[26.0, 26.0, 14.0, 14.0, 25.0, 24.0, 38.0, 37.0, 13.0, 10.0, 40.0, 41.0]
[40.0, 20.0, 17.0, 28.0, 29.0, 8.0, 44.0, 19.0, 6.0, 41.0, 32.0, 7.0]
[7.999999999999999, 9.0, 7.999999999999999, 9.0, 9.0, 9.0, 9.0, 9.0, 9.0, 9.0, 9.0, 9.0]
[9.0, 7.999999999999999, 9.0, 7.999999999999999, 7.999999999999999, 7.999999999999999, 9.0, 9.0, 9.0, 9.0, 9.0, 9.0]
T = 0.8	 step = 54
131.41000000000003
11.609402056277053
[26.0, 26.0, 14.0, 14.0, 25.0, 24.0, 38.0, 37.0, 13.0, 10.0, 37.0, 41.0]
[40.0, 20.0, 17.0, 28.0, 29.0, 8.0, 44.0, 19.0, 6.0, 41.0, 33.0, 7.0]
[7.999999999999999, 9.0, 7.999999999999999, 9.0, 9.0, 9.0, 9.0, 9.0, 9.0, 9.0, 9.0, 9.0]
[9.0, 7.999999999999999, 9.0, 7.999999999999999, 7.999999999999999, 7.999999999999999, 9.0, 9.0, 9.0, 9.0, 9.0, 9.0]
T = 0.8	 step = 55
131.19
12.319801136363635
[26.0, 26.0, 14.0, 14.0, 25.0, 24.0, 38.0, 44.0, 13.0, 10.0, 37.0, 41.0]
[40.0, 20.0, 17.0, 28.0, 29.0, 8.0, 44.0, 21.0, 6.0, 41.0, 33.0, 7.0]
[7.999999999999999, 9.0, 7.999999999999999, 9.0, 9.0, 9.0, 9.0, 9.0, 9.0, 9.0, 9.0, 9.0]
[9.0, 7.999999999999999, 9.0, 7.999999999999999, 7.999999999999999, 7.999999999999999, 9.0, 9.0, 9.0, 9.0, 9.0, 9.0]
T = 0.8	 step = 56
131.17000000000002
12.323724296536795
[26.0, 26.0, 14.0, 14.0, 25.0, 24.0, 38.0, 44.0, 13.0, 10.0, 37.0, 41.0]
[40.0, 20.0, 17.0, 28.0, 29.0, 8.0, 44.0, 21.0, 6.0, 41.0, 33.0, 6.0]
[7.999999999999999, 9.0, 7.999999999999999, 9.0, 9.0, 9.0, 9.0, 9.0, 9.0, 9.0, 9.0, 9.0]
[9.0, 7.999999999999999, 9.0, 7.999999999999999, 7.999999999999999, 7.999999999999999, 9.0, 9.0, 9.0, 9.0, 9.0, 9.0]
T = 0.8	 step = 57
131.11
12.41896239177489
[26.0, 26.0, 14.0, 14.0, 25.0, 24.0, 38.0, 44.0, 13.0, 10.0, 38.0, 41.0]
[40.0, 20.0, 17.0, 28.0, 29.0, 8.0, 44.0, 21.0, 6.0, 41.0, 33.0, 6.0]
[7.999999999999999, 9.0, 7.999999999999999, 9.0, 9.0, 9.0, 9.0, 9.0, 9.0, 9.0, 9.0, 9.0]
[9.0, 7.999999999999999, 9.0, 7.999999999999999, 7.999999999999999, 7.999999999999999, 9.0, 9.0, 9.0, 9.0, 9.0, 9.0]
T = 0.8	 step = 58
131.16000000000003
12.276105248917746
[26.0, 26.0, 14.0, 14.0, 25.0, 24.0, 38.0, 44.0, 13.0, 10.0, 38.0, 41.0]
[40.0, 20.0, 17.0, 29.0, 29.0, 8.0, 44.0, 21.0, 6.0, 41.0, 33.0, 6.0]
[7.999999999999999, 9.0, 7.999999999999999, 9.0, 9.0, 9.0, 9.0, 9.0, 9.0, 9.0, 9.0, 9.0]
[9.0, 7.999999999999999, 9.0, 7.999999999999999, 7.999999999999999, 7.999999999999999, 9.0, 9.0, 9.0, 9.0, 9.0, 9.0]
T = 0.8	 step = 59
131.15000000000003
12.280028409090907
[26.0, 26.0, 14.0, 14.0, 25.0, 24.0, 38.0, 44.0, 12.0, 10.0, 38.0, 41.0]
[40.0, 20.0, 17.0, 29.0, 29.0, 8.0, 44.0, 21.0, 6.0, 41.0, 33.0, 6.0]
[7.999999999999999, 9.0, 7.999999999999999, 9.0, 9.0, 9.0, 9.0, 9.0, 9.0, 9.0, 9.0, 9.0]
[9.0, 7.999999999999999, 9.0, 7.999999999999999, 7.999999999999999, 7.999999999999999, 9.0, 9.0, 9.0, 9.0, 9.0, 9.0]
T = 0.8	 step = 60
131.18
12.184790313852812
[26.0, 26.0, 14.0, 14.0, 25.0, 24.0, 38.0, 44.0, 12.0, 10.0, 38.0, 41.0]
[40.0, 20.0, 17.0, 29.0, 29.0, 8.0, 44.0, 21.0, 6.0, 40.0, 33.0, 6.0]
[7.999999999999999, 9.0, 7.999999999999999, 9.0, 9.0, 9.0, 9.0, 9.0, 9.0, 9.0, 9.0, 9.0]
[9.0, 7.999999999999999, 9.0, 7.999999999999999, 7.999999999999999, 7.999999999999999, 9.0, 9.0, 9.0, 9.0, 9.0, 9.0]
T = 0.8	 step = 61
131.19
12.180867153679653
[26.0, 26.0, 14.0, 14.0, 25.0, 24.0, 38.0, 44.0, 13.0, 10.0, 38.0, 41.0]
[40.0, 20.0, 17.0, 29.0, 29.0, 8.0, 44.0, 21.0, 6.0, 40.0, 33.0, 6.0]
[7.999999999999999, 9.0, 7.999999999999999, 9.0, 9.0, 9.0, 9.0, 9.0, 9.0, 9.0, 9.0, 9.0]
[9.0, 7.999999999999999, 9.0, 7.999999999999999, 7.999999999999999, 7.999999999999999, 9.0, 9.0, 9.0, 9.0, 9.0, 9.0]
T = 0.8	 step = 62
131.07000000000005
12.174650974025973
[26.0, 27.0, 14.0, 14.0, 25.0, 24.0, 38.0, 44.0, 13.0, 10.0, 38.0, 41.0]
[40.0, 20.0, 17.0, 29.0, 29.0, 8.0, 44.0, 21.0, 6.0, 40.0, 33.0, 6.0]
[7.999999999999999, 9.0, 7.999999999999999, 9.0, 9.0, 9.0, 9.0, 9.0, 9.0, 9.0, 9.0, 9.0]
[9.0, 7.999999999999999, 9.0, 7.999999999999999, 7.999999999999999, 7.999999999999999, 9.0, 9.0, 9.0, 9.0, 9.0, 9.0]
T = 0.8	 step = 63
131.09000000000003
12.170727813852812
[26.0, 27.0, 14.0, 14.0, 25.0, 24.0, 38.0, 44.0, 13.0, 10.0, 38.0, 41.0]
[40.0, 20.0, 17.0, 29.0, 29.0, 8.0, 44.0, 21.0, 6.0, 40.0, 33.0, 7.0]
[7.999999999999999, 9.0, 7.999999999999999, 9.0, 9.0, 9.0, 9.0, 9.0, 9.0, 9.0, 9.0, 9.0]
[9.0, 7.999999999999999, 9.0, 7.999999999999999, 7.999999999999999, 7.999999999999999, 9.0, 9.0, 9.0, 9.0, 9.0, 9.0]
T = 0.8	 step = 64
131.38
12.269949945887443
[26.0, 27.0, 14.0, 14.0, 25.0, 24.0, 38.0, 44.0, 13.0, 10.0, 38.0, 41.0]
[40.0, 20.0, 18.0, 29.0, 29.0, 8.0, 44.0, 21.0, 6.0, 40.0, 33.0, 7.0]
[7.999999999999999, 9.0, 7.999999999999999, 9.0, 9.0, 9.0, 9.0, 9.0, 9.0, 9.0, 9.0, 9.0]
[9.0, 7.999999999999999, 9.0, 7.999999999999999, 7.999999999999999, 7.999999999999999, 9.0, 9.0, 9.0, 9.0, 9.0, 9.0]
T = 0.8	 step = 65
131.07000000000005
12.408883928571427
[26.0, 27.0, 13.0, 14.0, 25.0, 24.0, 38.0, 44.0, 13.0, 10.0, 38.0, 41.0]
[40.0, 20.0, 18.0, 29.0, 29.0, 8.0, 44.0, 21.0, 6.0, 40.0, 33.0, 7.0]
[7.999999999999999, 9.0, 7.999999999999999, 9.0, 9.0, 9.0, 9.0, 9.0, 9.0, 9.0, 9.0, 9.0]
[9.0, 7.999999999999999, 9.0, 7.999999999999999, 7.999999999999999, 7.999999999999999, 9.0, 9.0, 9.0, 9.0, 9.0, 9.0]
T = 0.8	 step = 66
131.04000000000002
12.412807088744588
[26.0, 27.0, 13.0, 14.0, 25.0, 24.0, 38.0, 44.0, 12.0, 10.0, 38.0, 41.0]
[40.0, 20.0, 18.0, 29.0, 29.0, 8.0, 44.0, 21.0, 6.0, 40.0, 33.0, 7.0]
[7.999999999999999, 9.0, 7.999999999999999, 9.0, 9.0, 9.0, 9.0, 9.0, 9.0, 9.0, 9.0, 9.0]
[9.0, 7.999999999999999, 9.0, 7.999999999999999, 7.999999999999999, 7.999999999999999, 9.0, 9.0, 9.0, 9.0, 9.0, 9.0]
T = 0.8	 step = 67
131.06
12.317568993506494
[26.0, 27.0, 13.0, 14.0, 25.0, 24.0, 38.0, 44.0, 12.0, 10.0, 38.0, 40.0]
[40.0, 20.0, 18.0, 29.0, 29.0, 8.0, 44.0, 21.0, 6.0, 40.0, 33.0, 7.0]
[7.999999999999999, 9.0, 7.999999999999999, 9.0, 9.0, 9.0, 9.0, 9.0, 9.0, 9.0, 9.0, 9.0]
[9.0, 7.999999999999999, 9.0, 7.999999999999999, 7.999999999999999, 7.999999999999999, 9.0, 9.0, 9.0, 9.0, 9.0, 9.0]
T = 0.8	 step = 68
130.35000000000002
12.293894751082249
[26.0, 27.0, 13.0, 14.0, 26.0, 24.0, 38.0, 44.0, 12.0, 10.0, 38.0, 40.0]
[40.0, 20.0, 18.0, 29.0, 29.0, 8.0, 44.0, 21.0, 6.0, 40.0, 33.0, 7.0]
[7.999999999999999, 9.0, 7.999999999999999, 9.0, 9.0, 9.0, 9.0, 9.0, 9.0, 9.0, 9.0, 9.0]
[9.0, 7.999999999999999, 9.0, 7.999999999999999, 7.999999999999999, 7.999999999999999, 9.0, 9.0, 9.0, 9.0, 9.0, 9.0]
T = 0.8	 step = 69
130.12
12.202850378787879
[26.0, 27.0, 13.0, 14.0, 26.0, 24.0, 38.0, 44.0, 12.0, 10.0, 38.0, 40.0]
[40.0, 20.0, 17.0, 29.0, 29.0, 8.0, 44.0, 21.0, 6.0, 40.0, 33.0, 7.0]
[7.999999999999999, 9.0, 7.999999999999999, 9.0, 9.0, 9.0, 9.0, 9.0, 9.0, 9.0, 9.0, 9.0]
[9.0, 7.999999999999999, 9.0, 7.999999999999999, 7.999999999999999, 7.999999999999999, 9.0, 9.0, 9.0, 9.0, 9.0, 9.0]
T = 0.8	 step = 70
130.11
12.206773538961036
[26.0, 27.0, 13.0, 14.0, 26.0, 24.0, 38.0, 44.0, 11.0, 10.0, 38.0, 40.0]
[40.0, 20.0, 17.0, 29.0, 29.0, 8.0, 44.0, 21.0, 6.0, 40.0, 33.0, 7.0]
[7.999999999999999, 9.0, 7.999999999999999, 9.0, 9.0, 9.0, 9.0, 9.0, 9.0, 9.0, 9.0, 9.0]
[9.0, 7.999999999999999, 9.0, 7.999999999999999, 7.999999999999999, 7.999999999999999, 9.0, 9.0, 9.0, 9.0, 9.0, 9.0]
T = 0.8	 step = 71
130.09000000000003
12.210696699134198
[26.0, 27.0, 13.0, 14.0, 26.0, 24.0, 38.0, 44.0, 11.0, 10.0, 38.0, 40.0]
[40.0, 20.0, 17.0, 29.0, 29.0, 8.0, 44.0, 21.0, 6.0, 40.0, 33.0, 6.0]
[7.999999999999999, 9.0, 7.999999999999999, 9.0, 9.0, 9.0, 9.0, 9.0, 9.0, 9.0, 9.0, 9.0]
[9.0, 7.999999999999999, 9.0, 7.999999999999999, 7.999999999999999, 7.999999999999999, 9.0, 9.0, 9.0, 9.0, 9.0, 9.0]
T = 0.8	 step = 72
130.07000000000005
12.139096320346319
[26.0, 27.0, 13.0, 14.0, 26.0, 24.0, 38.0, 44.0, 11.0, 10.0, 38.0, 40.0]
[40.0, 20.0, 17.0, 29.0, 29.0, 8.0, 44.0, 20.0, 6.0, 40.0, 33.0, 6.0]
[7.999999999999999, 9.0, 7.999999999999999, 9.0, 9.0, 9.0, 9.0, 9.0, 9.0, 9.0, 9.0, 9.0]
[9.0, 7.999999999999999, 9.0, 7.999999999999999, 7.999999999999999, 7.999999999999999, 9.0, 9.0, 9.0, 9.0, 9.0, 9.0]
T = 0.8	 step = 73
130.11
12.121940949675322
[26.0, 26.0, 13.0, 14.0, 26.0, 24.0, 38.0, 44.0, 11.0, 10.0, 38.0, 40.0]
[40.0, 20.0, 17.0, 29.0, 29.0, 8.0, 44.0, 20.0, 6.0, 40.0, 33.0, 6.0]
[7.999999999999999, 9.0, 7.999999999999999, 9.0, 9.0, 9.0, 9.0, 9.0, 9.0, 9.0, 9.0, 9.0]
[9.0, 7.999999999999999, 9.0, 7.999999999999999, 7.999999999999999, 7.999999999999999, 9.0, 9.0, 9.0, 9.0, 9.0, 9.0]
T = 0.8	 step = 74
130.12
12.193541328463201
[26.0, 26.0, 13.0, 14.0, 26.0, 24.0, 38.0, 44.0, 11.0, 10.0, 38.0, 40.0]
[40.0, 20.0, 17.0, 29.0, 29.0, 8.0, 44.0, 21.0, 6.0, 40.0, 33.0, 6.0]
[7.999999999999999, 9.0, 7.999999999999999, 9.0, 9.0, 9.0, 9.0, 9.0, 9.0, 9.0, 9.0, 9.0]
[9.0, 7.999999999999999, 9.0, 7.999999999999999, 7.999999999999999, 7.999999999999999, 9.0, 9.0, 9.0, 9.0, 9.0, 9.0]
T = 0.8	 step = 75
130.09000000000003
12.210696699134198
[26.0, 27.0, 13.0, 14.0, 26.0, 24.0, 38.0, 44.0, 11.0, 10.0, 38.0, 40.0]
[40.0, 20.0, 17.0, 29.0, 29.0, 8.0, 44.0, 21.0, 6.0, 40.0, 33.0, 6.0]
[7.999999999999999, 9.0, 7.999999999999999, 9.0, 9.0, 9.0, 9.0, 9.0, 9.0, 9.0, 9.0, 9.0]
[9.0, 7.999999999999999, 9.0, 7.999999999999999, 7.999999999999999, 7.999999999999999, 9.0, 9.0, 9.0, 9.0, 9.0, 9.0]
T = 0.8	 step = 76
130.15000000000003
12.115458603896103
[26.0, 27.0, 13.0, 14.0, 26.0, 24.0, 38.0, 44.0, 11.0, 10.0, 37.0, 40.0]
[40.0, 20.0, 17.0, 29.0, 29.0, 8.0, 44.0, 21.0, 6.0, 40.0, 33.0, 6.0]
[7.999999999999999, 9.0, 7.999999999999999, 9.0, 9.0, 9.0, 9.0, 9.0, 9.0, 9.0, 9.0, 9.0]
[9.0, 7.999999999999999, 9.0, 7.999999999999999, 7.999999999999999, 7.999999999999999, 9.0, 9.0, 9.0, 9.0, 9.0, 9.0]
T = 0.8	 step = 77
130.08000000000004
12.067839556277054
[26.0, 27.0, 13.0, 14.0, 26.0, 24.0, 38.0, 44.0, 11.0, 10.0, 37.0, 40.0]
[40.0, 20.0, 17.0, 30.0, 29.0, 8.0, 44.0, 21.0, 6.0, 40.0, 33.0, 6.0]
[7.999999999999999, 9.0, 7.999999999999999, 9.0, 9.0, 9.0, 9.0, 9.0, 9.0, 9.0, 9.0, 9.0]
[9.0, 7.999999999999999, 9.0, 7.999999999999999, 7.999999999999999, 7.999999999999999, 9.0, 9.0, 9.0, 9.0, 9.0, 9.0]
T = 0.8	 step = 78
130.12
11.972601461038959
[26.0, 27.0, 13.0, 14.0, 26.0, 24.0, 38.0, 43.0, 11.0, 10.0, 37.0, 40.0]
[40.0, 20.0, 17.0, 30.0, 29.0, 8.0, 44.0, 21.0, 6.0, 40.0, 33.0, 6.0]
[7.999999999999999, 9.0, 7.999999999999999, 9.0, 9.0, 9.0, 9.0, 9.0, 9.0, 9.0, 9.0, 9.0]
[9.0, 7.999999999999999, 9.0, 7.999999999999999, 7.999999999999999, 7.999999999999999, 9.0, 9.0, 9.0, 9.0, 9.0, 9.0]
T = 0.8	 step = 79
130.09000000000003
12.067839556277054
[26.0, 27.0, 13.0, 14.0, 26.0, 24.0, 39.0, 43.0, 11.0, 10.0, 37.0, 40.0]
[40.0, 20.0, 17.0, 30.0, 29.0, 8.0, 44.0, 21.0, 6.0, 40.0, 33.0, 6.0]
[7.999999999999999, 9.0, 7.999999999999999, 9.0, 9.0, 9.0, 9.0, 9.0, 9.0, 9.0, 9.0, 9.0]
[9.0, 7.999999999999999, 9.0, 7.999999999999999, 7.999999999999999, 7.999999999999999, 9.0, 9.0, 9.0, 9.0, 9.0, 9.0]
T = 0.8	 step = 80
130.39000000000004
11.921938582251082
[26.0, 27.0, 14.0, 14.0, 26.0, 24.0, 39.0, 43.0, 11.0, 10.0, 37.0, 40.0]
[40.0, 20.0, 17.0, 30.0, 29.0, 8.0, 44.0, 21.0, 6.0, 40.0, 33.0, 6.0]
[7.999999999999999, 9.0, 7.999999999999999, 9.0, 9.0, 9.0, 9.0, 9.0, 9.0, 9.0, 9.0, 9.0]
[9.0, 7.999999999999999, 9.0, 7.999999999999999, 7.999999999999999, 7.999999999999999, 9.0, 9.0, 9.0, 9.0, 9.0, 9.0]
T = 0.8	 step = 81
130.32000000000005
11.884961106601732
[27.0, 27.0, 14.0, 14.0, 26.0, 24.0, 39.0, 43.0, 11.0, 10.0, 37.0, 40.0]
[40.0, 20.0, 17.0, 30.0, 29.0, 8.0, 44.0, 21.0, 6.0, 40.0, 33.0, 6.0]
[7.999999999999999, 9.0, 7.999999999999999, 9.0, 9.0, 9.0, 9.0, 9.0, 9.0, 9.0, 9.0, 9.0]
[9.0, 7.999999999999999, 9.0, 7.999999999999999, 7.999999999999999, 7.999999999999999, 9.0, 9.0, 9.0, 9.0, 9.0, 9.0]
T = 0.8	 step = 82
130.05
12.027187499999998
[27.0, 27.0, 14.0, 14.0, 26.0, 24.0, 39.0, 43.0, 11.0, 10.0, 37.0, 40.0]
[40.0, 20.0, 17.0, 30.0, 29.0, 7.0, 44.0, 21.0, 6.0, 40.0, 33.0, 6.0]
[7.999999999999999, 9.0, 7.999999999999999, 9.0, 9.0, 9.0, 9.0, 9.0, 9.0, 9.0, 9.0, 9.0]
[9.0, 7.999999999999999, 9.0, 7.999999999999999, 7.999999999999999, 7.999999999999999, 9.0, 9.0, 9.0, 9.0, 9.0, 9.0]
T = 0.8	 step = 83
129.76000000000005
12.173088474025972
[27.0, 27.0, 13.0, 14.0, 26.0, 24.0, 39.0, 43.0, 11.0, 10.0, 37.0, 40.0]
[40.0, 20.0, 17.0, 30.0, 29.0, 7.0, 44.0, 21.0, 6.0, 40.0, 33.0, 6.0]
[7.999999999999999, 9.0, 7.999999999999999, 9.0, 9.0, 9.0, 9.0, 9.0, 9.0, 9.0, 9.0, 9.0]
[9.0, 7.999999999999999, 9.0, 7.999999999999999, 7.999999999999999, 7.999999999999999, 9.0, 9.0, 9.0, 9.0, 9.0, 9.0]
T = 0.8	 step = 84
129.83000000000004
12.220707521645018
[27.0, 27.0, 13.0, 14.0, 26.0, 24.0, 39.0, 43.0, 11.0, 10.0, 37.0, 40.0]
[40.0, 20.0, 17.0, 29.0, 29.0, 7.0, 44.0, 21.0, 6.0, 40.0, 33.0, 6.0]
[7.999999999999999, 9.0, 7.999999999999999, 9.0, 9.0, 9.0, 9.0, 9.0, 9.0, 9.0, 9.0, 9.0]
[9.0, 7.999999999999999, 9.0, 7.999999999999999, 7.999999999999999, 7.999999999999999, 9.0, 9.0, 9.0, 9.0, 9.0, 9.0]
T = 0.8	 step = 85
129.77000000000004
12.315945616883113
[27.0, 27.0, 13.0, 14.0, 26.0, 24.0, 39.0, 43.0, 11.0, 10.0, 38.0, 40.0]
[40.0, 20.0, 17.0, 29.0, 29.0, 7.0, 44.0, 21.0, 6.0, 40.0, 33.0, 6.0]
[7.999999999999999, 9.0, 7.999999999999999, 9.0, 9.0, 9.0, 9.0, 9.0, 9.0, 9.0, 9.0, 9.0]
[9.0, 7.999999999999999, 9.0, 7.999999999999999, 7.999999999999999, 7.999999999999999, 9.0, 9.0, 9.0, 9.0, 9.0, 9.0]
T = 0.8	 step = 86
129.75
12.411183712121208
[27.0, 27.0, 13.0, 14.0, 26.0, 24.0, 39.0, 43.0, 11.0, 10.0, 38.0, 40.0]
[40.0, 20.0, 17.0, 29.0, 29.0, 7.0, 44.0, 21.0, 6.0, 41.0, 33.0, 6.0]
[7.999999999999999, 9.0, 7.999999999999999, 9.0, 9.0, 9.0, 9.0, 9.0, 9.0, 9.0, 9.0, 9.0]
[9.0, 7.999999999999999, 9.0, 7.999999999999999, 7.999999999999999, 7.999999999999999, 9.0, 9.0, 9.0, 9.0, 9.0, 9.0]
T = 0.8	 step = 87
129.81
12.444868777056275
[26.0, 27.0, 13.0, 14.0, 26.0, 24.0, 39.0, 43.0, 11.0, 10.0, 38.0, 40.0]
[40.0, 20.0, 17.0, 29.0, 29.0, 7.0, 44.0, 21.0, 6.0, 41.0, 33.0, 6.0]
[7.999999999999999, 9.0, 7.999999999999999, 9.0, 9.0, 9.0, 9.0, 9.0, 9.0, 9.0, 9.0, 9.0]
[9.0, 7.999999999999999, 9.0, 7.999999999999999, 7.999999999999999, 7.999999999999999, 9.0, 9.0, 9.0, 9.0, 9.0, 9.0]
T = 0.8	 step = 88
129.56
12.583802759740259
[26.0, 27.0, 12.0, 14.0, 26.0, 24.0, 39.0, 43.0, 11.0, 10.0, 38.0, 40.0]
[40.0, 20.0, 17.0, 29.0, 29.0, 7.0, 44.0, 21.0, 6.0, 41.0, 33.0, 6.0]
[7.999999999999999, 9.0, 7.999999999999999, 9.0, 9.0, 9.0, 9.0, 9.0, 9.0, 9.0, 9.0, 9.0]
[9.0, 7.999999999999999, 9.0, 7.999999999999999, 7.999999999999999, 7.999999999999999, 9.0, 9.0, 9.0, 9.0, 9.0, 9.0]
T = 0.8	 step = 89
129.35000000000002
12.72273674242424
[26.0, 27.0, 11.0, 14.0, 26.0, 24.0, 39.0, 43.0, 11.0, 10.0, 38.0, 40.0]
[40.0, 20.0, 17.0, 29.0, 29.0, 7.0, 44.0, 21.0, 6.0, 41.0, 33.0, 6.0]
[7.999999999999999, 9.0, 7.999999999999999, 9.0, 9.0, 9.0, 9.0, 9.0, 9.0, 9.0, 9.0, 9.0]
[9.0, 7.999999999999999, 9.0, 7.999999999999999, 7.999999999999999, 7.999999999999999, 9.0, 9.0, 9.0, 9.0, 9.0, 9.0]
T = 0.8	 step = 90
129.34000000000003
12.7266599025974
[26.0, 27.0, 11.0, 14.0, 26.0, 24.0, 39.0, 43.0, 10.0, 10.0, 38.0, 40.0]
[40.0, 20.0, 17.0, 29.0, 29.0, 7.0, 44.0, 21.0, 6.0, 41.0, 33.0, 6.0]
[7.999999999999999, 9.0, 7.999999999999999, 9.0, 9.0, 9.0, 9.0, 9.0, 9.0, 9.0, 9.0, 9.0]
[9.0, 7.999999999999999, 9.0, 7.999999999999999, 7.999999999999999, 7.999999999999999, 9.0, 9.0, 9.0, 9.0, 9.0, 9.0]
T = 0.8	 step = 91
129.31
12.821897997835494
[26.0, 27.0, 11.0, 14.0, 26.0, 24.0, 40.0, 43.0, 10.0, 10.0, 38.0, 40.0]
[40.0, 20.0, 17.0, 29.0, 29.0, 7.0, 44.0, 21.0, 6.0, 41.0, 33.0, 6.0]
[7.999999999999999, 9.0, 7.999999999999999, 9.0, 9.0, 9.0, 9.0, 9.0, 9.0, 9.0, 9.0, 9.0]
[9.0, 7.999999999999999, 9.0, 7.999999999999999, 7.999999999999999, 7.999999999999999, 9.0, 9.0, 9.0, 9.0, 9.0, 9.0]
T = 0.8	 step = 92
129.34000000000003
12.7266599025974
[26.0, 27.0, 11.0, 14.0, 26.0, 24.0, 39.0, 43.0, 10.0, 10.0, 38.0, 40.0]
[40.0, 20.0, 17.0, 29.0, 29.0, 7.0, 44.0, 21.0, 6.0, 41.0, 33.0, 6.0]
[7.999999999999999, 9.0, 7.999999999999999, 9.0, 9.0, 9.0, 9.0, 9.0, 9.0, 9.0, 9.0, 9.0]
[9.0, 7.999999999999999, 9.0, 7.999999999999999, 7.999999999999999, 7.999999999999999, 9.0, 9.0, 9.0, 9.0, 9.0, 9.0]
T = 0.8	 step = 93
129.32000000000005
12.730583062770561
[26.0, 27.0, 11.0, 14.0, 26.0, 24.0, 39.0, 43.0, 9.0, 10.0, 38.0, 40.0]
[40.0, 20.0, 17.0, 29.0, 29.0, 7.0, 44.0, 21.0, 6.0, 41.0, 33.0, 6.0]
[7.999999999999999, 9.0, 7.999999999999999, 9.0, 9.0, 9.0, 9.0, 9.0, 9.0, 9.0, 9.0, 9.0]
[9.0, 7.999999999999999, 9.0, 7.999999999999999, 7.999999999999999, 7.999999999999999, 9.0, 9.0, 9.0, 9.0, 9.0, 9.0]
T = 0.8	 step = 94
129.28000000000003
12.873440205627704
[26.0, 27.0, 11.0, 14.0, 26.0, 24.0, 39.0, 43.0, 9.0, 10.0, 38.0, 40.0]
[40.0, 20.0, 17.0, 28.0, 29.0, 7.0, 44.0, 21.0, 6.0, 41.0, 33.0, 6.0]
[7.999999999999999, 9.0, 7.999999999999999, 9.0, 9.0, 9.0, 9.0, 9.0, 9.0, 9.0, 9.0, 9.0]
[9.0, 7.999999999999999, 9.0, 7.999999999999999, 7.999999999999999, 7.999999999999999, 9.0, 9.0, 9.0, 9.0, 9.0, 9.0]
T = 0.8	 step = 95
129.29000000000002
12.869517045454543
[26.0, 27.0, 11.0, 14.0, 26.0, 24.0, 39.0, 43.0, 10.0, 10.0, 38.0, 40.0]
[40.0, 20.0, 17.0, 28.0, 29.0, 7.0, 44.0, 21.0, 6.0, 41.0, 33.0, 6.0]
[7.999999999999999, 9.0, 7.999999999999999, 9.0, 9.0, 9.0, 9.0, 9.0, 9.0, 9.0, 9.0, 9.0]
[9.0, 7.999999999999999, 9.0, 7.999999999999999, 7.999999999999999, 7.999999999999999, 9.0, 9.0, 9.0, 9.0, 9.0, 9.0]
T = 0.8	 step = 96
129.51000000000005
12.393326569264069
[26.0, 27.0, 11.0, 14.0, 26.0, 24.0, 39.0, 38.0, 10.0, 10.0, 38.0, 40.0]
[40.0, 20.0, 17.0, 28.0, 29.0, 7.0, 44.0, 21.0, 6.0, 41.0, 33.0, 6.0]
[7.999999999999999, 9.0, 7.999999999999999, 9.0, 9.0, 9.0, 9.0, 9.0, 9.0, 9.0, 9.0, 9.0]
[9.0, 7.999999999999999, 9.0, 7.999999999999999, 7.999999999999999, 7.999999999999999, 9.0, 9.0, 9.0, 9.0, 9.0, 9.0]
T = 0.8	 step = 97
130.15000000000003
12.408823051948051
[26.0, 27.0, 11.0, 14.0, 25.0, 24.0, 39.0, 38.0, 10.0, 10.0, 38.0, 40.0]
[40.0, 20.0, 17.0, 28.0, 29.0, 7.0, 44.0, 21.0, 6.0, 41.0, 33.0, 6.0]
[7.999999999999999, 9.0, 7.999999999999999, 9.0, 9.0, 9.0, 9.0, 9.0, 9.0, 9.0, 9.0, 9.0]
[9.0, 7.999999999999999, 9.0, 7.999999999999999, 7.999999999999999, 7.999999999999999, 9.0, 9.0, 9.0, 9.0, 9.0, 9.0]
T = 0.8	 step = 98
128.94
12.517594358766233
[26.0, 27.0, 11.0, 14.0, 26.0, 24.0, 39.0, 38.0, 10.0, 10.0, 38.0, 40.0]
[40.0, 20.0, 17.0, 28.0, 30.0, 7.0, 44.0, 21.0, 6.0, 41.0, 33.0, 6.0]
[7.999999999999999, 9.0, 7.999999999999999, 9.0, 9.0, 9.0, 9.0, 9.0, 9.0, 9.0, 9.0, 9.0]
[9.0, 7.999999999999999, 9.0, 7.999999999999999, 7.999999999999999, 7.999999999999999, 9.0, 9.0, 9.0, 9.0, 9.0, 9.0]
T = 0.8	 step = 99
128.91000000000003
12.445993979978354
[26.0, 27.0, 11.0, 14.0, 26.0, 24.0, 39.0, 38.0, 10.0, 10.0, 38.0, 40.0]
[40.0, 20.0, 17.0, 28.0, 30.0, 7.0, 44.0, 20.0, 6.0, 41.0, 33.0, 6.0]
[7.999999999999999, 9.0, 7.999999999999999, 9.0, 9.0, 9.0, 9.0, 9.0, 9.0, 9.0, 9.0, 9.0]
[9.0, 7.999999999999999, 9.0, 7.999999999999999, 7.999999999999999, 7.999999999999999, 9.0, 9.0, 9.0, 9.0, 9.0, 9.0]
T = 0.8	 step = 100
128.92000000000002
12.442070819805194
[26.0, 27.0, 11.0, 14.0, 26.0, 24.0, 39.0, 38.0, 11.0, 10.0, 38.0, 40.0]
[40.0, 20.0, 17.0, 28.0, 30.0, 7.0, 44.0, 20.0, 6.0, 41.0, 33.0, 6.0]
[7.999999999999999, 9.0, 7.999999999999999, 9.0, 9.0, 9.0, 9.0, 9.0, 9.0, 9.0, 9.0, 9.0]
[9.0, 7.999999999999999, 9.0, 7.999999999999999, 7.999999999999999, 7.999999999999999, 9.0, 9.0, 9.0, 9.0, 9.0, 9.0]
T = 0.8	 step = 101
128.39000000000004
12.513634672619046
[26.0, 27.0, 11.0, 13.0, 26.0, 24.0, 39.0, 38.0, 11.0, 10.0, 38.0, 40.0]
[40.0, 20.0, 17.0, 28.0, 30.0, 7.0, 44.0, 20.0, 6.0, 41.0, 33.0, 6.0]
[7.999999999999999, 9.0, 7.999999999999999, 9.0, 9.0, 9.0, 9.0, 9.0, 9.0, 9.0, 9.0, 9.0]
[9.0, 7.999999999999999, 9.0, 7.999999999999999, 7.999999999999999, 7.999999999999999, 9.0, 9.0, 9.0, 9.0, 9.0, 9.0]
T = 0.6400000000000001	 step = 102
128.33000000000004
12.608872767857141
[26.0, 27.0, 11.0, 13.0, 26.0, 24.0, 39.0, 38.0, 11.0, 10.0, 39.0, 40.0]
[40.0, 20.0, 17.0, 28.0, 30.0, 7.0, 44.0, 20.0, 6.0, 41.0, 33.0, 6.0]
[7.999999999999999, 9.0, 7.999999999999999, 9.0, 9.0, 9.0, 9.0, 9.0, 9.0, 9.0, 9.0, 9.0]
[9.0, 7.999999999999999, 9.0, 7.999999999999999, 7.999999999999999, 7.999999999999999, 9.0, 9.0, 9.0, 9.0, 9.0, 9.0]
T = 0.6400000000000001	 step = 103
128.29000000000002
12.704110863095236
[26.0, 27.0, 11.0, 13.0, 26.0, 24.0, 39.0, 39.0, 11.0, 10.0, 39.0, 40.0]
[40.0, 20.0, 17.0, 28.0, 30.0, 7.0, 44.0, 20.0, 6.0, 41.0, 33.0, 6.0]
[7.999999999999999, 9.0, 7.999999999999999, 9.0, 9.0, 9.0, 9.0, 9.0, 9.0, 9.0, 9.0, 9.0]
[9.0, 7.999999999999999, 9.0, 7.999999999999999, 7.999999999999999, 7.999999999999999, 9.0, 9.0, 9.0, 9.0, 9.0, 9.0]
T = 0.6400000000000001	 step = 104
128.21000000000004
12.710328733766232
[26.0, 28.0, 11.0, 13.0, 26.0, 24.0, 39.0, 39.0, 11.0, 10.0, 39.0, 40.0]
[40.0, 20.0, 17.0, 28.0, 30.0, 7.0, 44.0, 20.0, 6.0, 41.0, 33.0, 6.0]
[7.999999999999999, 9.0, 7.999999999999999, 9.0, 9.0, 9.0, 9.0, 9.0, 9.0, 9.0, 9.0, 9.0]
[9.0, 7.999999999999999, 9.0, 7.999999999999999, 7.999999999999999, 7.999999999999999, 9.0, 9.0, 9.0, 9.0, 9.0, 9.0]
T = 0.6400000000000001	 step = 105
128.22000000000003
12.615090638528137
[26.0, 28.0, 11.0, 13.0, 26.0, 24.0, 39.0, 39.0, 11.0, 10.0, 39.0, 39.0]
[40.0, 20.0, 17.0, 28.0, 30.0, 7.0, 44.0, 20.0, 6.0, 41.0, 33.0, 6.0]
[7.999999999999999, 9.0, 7.999999999999999, 9.0, 9.0, 9.0, 9.0, 9.0, 9.0, 9.0, 9.0, 9.0]
[9.0, 7.999999999999999, 9.0, 7.999999999999999, 7.999999999999999, 7.999999999999999, 9.0, 9.0, 9.0, 9.0, 9.0, 9.0]
T = 0.6400000000000001	 step = 106
128.23000000000002
12.59650128517316
[26.0, 28.0, 11.0, 13.0, 26.0, 24.0, 39.0, 39.0, 11.0, 10.0, 39.0, 39.0]
[40.0, 20.0, 17.0, 28.0, 30.0, 7.0, 44.0, 20.0, 6.0, 41.0, 32.0, 6.0]
[7.999999999999999, 9.0, 7.999999999999999, 9.0, 9.0, 9.0, 9.0, 9.0, 9.0, 9.0, 9.0, 9.0]
[9.0, 7.999999999999999, 9.0, 7.999999999999999, 7.999999999999999, 7.999999999999999, 9.0, 9.0, 9.0, 9.0, 9.0, 9.0]
T = 0.6400000000000001	 step = 107
128.23000000000002
12.453644142316017
[26.0, 28.0, 11.0, 13.0, 26.0, 25.0, 39.0, 39.0, 11.0, 10.0, 39.0, 39.0]
[40.0, 20.0, 17.0, 28.0, 30.0, 7.0, 44.0, 20.0, 6.0, 41.0, 32.0, 6.0]
[7.999999999999999, 9.0, 7.999999999999999, 9.0, 9.0, 9.0, 9.0, 9.0, 9.0, 9.0, 9.0, 9.0]
[9.0, 7.999999999999999, 9.0, 7.999999999999999, 7.999999999999999, 7.999999999999999, 9.0, 9.0, 9.0, 9.0, 9.0, 9.0]
T = 0.6400000000000001	 step = 108
128.20000000000005
12.486439732142856
[26.0, 28.0, 11.0, 13.0, 26.0, 25.0, 39.0, 39.0, 11.0, 10.0, 39.0, 39.0]
[40.0, 20.0, 17.0, 28.0, 30.0, 7.0, 44.0, 19.0, 6.0, 41.0, 32.0, 6.0]
[7.999999999999999, 9.0, 7.999999999999999, 9.0, 9.0, 9.0, 9.0, 9.0, 9.0, 9.0, 9.0, 9.0]
[9.0, 7.999999999999999, 9.0, 7.999999999999999, 7.999999999999999, 7.999999999999999, 9.0, 9.0, 9.0, 9.0, 9.0, 9.0]
T = 0.6400000000000001	 step = 109
127.98000000000002
12.700897253787877
[26.0, 28.0, 10.0, 13.0, 26.0, 25.0, 39.0, 39.0, 11.0, 10.0, 39.0, 39.0]
[40.0, 20.0, 17.0, 28.0, 30.0, 7.0, 44.0, 19.0, 6.0, 41.0, 32.0, 6.0]
[7.999999999999999, 9.0, 7.999999999999999, 9.0, 9.0, 9.0, 9.0, 9.0, 9.0, 9.0, 9.0, 9.0]
[9.0, 7.999999999999999, 9.0, 7.999999999999999, 7.999999999999999, 7.999999999999999, 9.0, 9.0, 9.0, 9.0, 9.0, 9.0]
T = 0.6400000000000001	 step = 110
127.39000000000004
12.76732379599567
[26.0, 28.0, 10.0, 13.0, 26.0, 25.0, 39.0, 39.0, 11.0, 10.0, 39.0, 39.0]
[40.0, 19.0, 17.0, 28.0, 30.0, 7.0, 44.0, 19.0, 6.0, 41.0, 32.0, 6.0]
[7.999999999999999, 9.0, 7.999999999999999, 9.0, 9.0, 9.0, 9.0, 9.0, 9.0, 9.0, 9.0, 9.0]
[9.0, 7.999999999999999, 9.0, 7.999999999999999, 7.999999999999999, 7.999999999999999, 9.0, 9.0, 9.0, 9.0, 9.0, 9.0]
T = 0.6400000000000001	 step = 111
127.36000000000001
12.862561891233765
[26.0, 28.0, 10.0, 13.0, 26.0, 25.0, 39.0, 40.0, 11.0, 10.0, 39.0, 39.0]
[40.0, 19.0, 17.0, 28.0, 30.0, 7.0, 44.0, 19.0, 6.0, 41.0, 32.0, 6.0]
[7.999999999999999, 9.0, 7.999999999999999, 9.0, 9.0, 9.0, 9.0, 9.0, 9.0, 9.0, 9.0, 9.0]
[9.0, 7.999999999999999, 9.0, 7.999999999999999, 7.999999999999999, 7.999999999999999, 9.0, 9.0, 9.0, 9.0, 9.0, 9.0]
T = 0.6400000000000001	 step = 112
127.33000000000004
12.847753652597401
[25.0, 28.0, 10.0, 13.0, 26.0, 25.0, 39.0, 40.0, 11.0, 10.0, 39.0, 39.0]
[40.0, 19.0, 17.0, 28.0, 30.0, 7.0, 44.0, 19.0, 6.0, 41.0, 32.0, 6.0]
[7.999999999999999, 9.0, 7.999999999999999, 9.0, 9.0, 9.0, 9.0, 9.0, 9.0, 9.0, 9.0, 9.0]
[9.0, 7.999999999999999, 9.0, 7.999999999999999, 7.999999999999999, 7.999999999999999, 9.0, 9.0, 9.0, 9.0, 9.0, 9.0]
T = 0.6400000000000001	 step = 113
127.36000000000001
12.819885687229435
[25.0, 28.0, 10.0, 13.0, 26.0, 25.0, 39.0, 40.0, 11.0, 10.0, 39.0, 39.0]
[40.0, 19.0, 17.0, 28.0, 30.0, 7.0, 44.0, 19.0, 6.0, 41.0, 32.0, 7.0]
[7.999999999999999, 9.0, 7.999999999999999, 9.0, 9.0, 9.0, 9.0, 9.0, 9.0, 9.0, 9.0, 9.0]
[9.0, 7.999999999999999, 9.0, 7.999999999999999, 7.999999999999999, 7.999999999999999, 9.0, 9.0, 9.0, 9.0, 9.0, 9.0]
T = 0.6400000000000001	 step = 114
127.41000000000003
12.8346939258658
[25.0, 27.0, 10.0, 13.0, 26.0, 25.0, 39.0, 40.0, 11.0, 10.0, 39.0, 39.0]
[40.0, 19.0, 17.0, 28.0, 30.0, 7.0, 44.0, 19.0, 6.0, 41.0, 32.0, 7.0]
[7.999999999999999, 9.0, 7.999999999999999, 9.0, 9.0, 9.0, 9.0, 9.0, 9.0, 9.0, 9.0, 9.0]
[9.0, 7.999999999999999, 9.0, 7.999999999999999, 7.999999999999999, 7.999999999999999, 9.0, 9.0, 9.0, 9.0, 9.0, 9.0]
T = 0.6400000000000001	 step = 115
127.38
12.862561891233765
[25.0, 27.0, 10.0, 13.0, 26.0, 25.0, 39.0, 40.0, 11.0, 10.0, 39.0, 39.0]
[40.0, 19.0, 17.0, 28.0, 30.0, 7.0, 44.0, 18.0, 6.0, 41.0, 32.0, 7.0]
[7.999999999999999, 9.0, 7.999999999999999, 9.0, 9.0, 9.0, 9.0, 9.0, 9.0, 9.0, 9.0, 9.0]
[9.0, 7.999999999999999, 9.0, 7.999999999999999, 7.999999999999999, 7.999999999999999, 9.0, 9.0, 9.0, 9.0, 9.0, 9.0]
T = 0.6400000000000001	 step = 116
126.90000000000003
12.934125744047618
[25.0, 27.0, 10.0, 12.0, 26.0, 25.0, 39.0, 40.0, 11.0, 10.0, 39.0, 39.0]
[40.0, 19.0, 17.0, 28.0, 30.0, 7.0, 44.0, 18.0, 6.0, 41.0, 32.0, 7.0]
[7.999999999999999, 9.0, 7.999999999999999, 9.0, 9.0, 9.0, 9.0, 9.0, 9.0, 9.0, 9.0, 9.0]
[9.0, 7.999999999999999, 9.0, 7.999999999999999, 7.999999999999999, 7.999999999999999, 9.0, 9.0, 9.0, 9.0, 9.0, 9.0]
T = 0.6400000000000001	 step = 117
126.87
13.029363839285713
[25.0, 27.0, 10.0, 12.0, 26.0, 25.0, 39.0, 41.0, 11.0, 10.0, 39.0, 39.0]
[40.0, 19.0, 17.0, 28.0, 30.0, 7.0, 44.0, 18.0, 6.0, 41.0, 32.0, 7.0]
[7.999999999999999, 9.0, 7.999999999999999, 9.0, 9.0, 9.0, 9.0, 9.0, 9.0, 9.0, 9.0, 9.0]
[9.0, 7.999999999999999, 9.0, 7.999999999999999, 7.999999999999999, 7.999999999999999, 9.0, 9.0, 9.0, 9.0, 9.0, 9.0]
T = 0.6400000000000001	 step = 118
126.90000000000003
13.053308644480518
[25.0, 27.0, 10.0, 12.0, 26.0, 25.0, 39.0, 41.0, 11.0, 11.0, 39.0, 39.0]
[40.0, 19.0, 17.0, 28.0, 30.0, 7.0, 44.0, 18.0, 6.0, 41.0, 32.0, 7.0]
[7.999999999999999, 9.0, 7.999999999999999, 9.0, 9.0, 9.0, 9.0, 9.0, 9.0, 9.0, 9.0, 9.0]
[9.0, 7.999999999999999, 9.0, 7.999999999999999, 7.999999999999999, 7.999999999999999, 9.0, 9.0, 9.0, 9.0, 9.0, 9.0]
T = 0.6400000000000001	 step = 119
126.91000000000003
13.148546739718615
[25.0, 27.0, 10.0, 12.0, 26.0, 25.0, 39.0, 41.0, 12.0, 11.0, 39.0, 39.0]
[40.0, 19.0, 17.0, 28.0, 30.0, 7.0, 44.0, 18.0, 6.0, 41.0, 32.0, 7.0]
[7.999999999999999, 9.0, 7.999999999999999, 9.0, 9.0, 9.0, 9.0, 9.0, 9.0, 9.0, 9.0, 9.0]
[9.0, 7.999999999999999, 9.0, 7.999999999999999, 7.999999999999999, 7.999999999999999, 9.0, 9.0, 9.0, 9.0, 9.0, 9.0]
T = 0.6400000000000001	 step = 120
126.90000000000003
13.24378483495671
[25.0, 27.0, 10.0, 12.0, 26.0, 25.0, 39.0, 41.0, 12.0, 11.0, 39.0, 40.0]
[40.0, 19.0, 17.0, 28.0, 30.0, 7.0, 44.0, 18.0, 6.0, 41.0, 32.0, 7.0]
[7.999999999999999, 9.0, 7.999999999999999, 9.0, 9.0, 9.0, 9.0, 9.0, 9.0, 9.0, 9.0, 9.0]
[9.0, 7.999999999999999, 9.0, 7.999999999999999, 7.999999999999999, 7.999999999999999, 9.0, 9.0, 9.0, 9.0, 9.0, 9.0]
T = 0.6400000000000001	 step = 121
126.93
13.148546739718615
[25.0, 27.0, 10.0, 12.0, 26.0, 25.0, 38.0, 41.0, 12.0, 11.0, 39.0, 40.0]
[40.0, 19.0, 17.0, 28.0, 30.0, 7.0, 44.0, 18.0, 6.0, 41.0, 32.0, 7.0]
[7.999999999999999, 9.0, 7.999999999999999, 9.0, 9.0, 9.0, 9.0, 9.0, 9.0, 9.0, 9.0, 9.0]
[9.0, 7.999999999999999, 9.0, 7.999999999999999, 7.999999999999999, 7.999999999999999, 9.0, 9.0, 9.0, 9.0, 9.0, 9.0]
T = 0.6400000000000001	 step = 122
126.97000000000003
13.16532433712121
[25.0, 27.0, 10.0, 12.0, 26.0, 25.0, 38.0, 41.0, 12.0, 12.0, 39.0, 40.0]
[40.0, 19.0, 17.0, 28.0, 30.0, 7.0, 44.0, 18.0, 6.0, 41.0, 32.0, 7.0]
[7.999999999999999, 9.0, 7.999999999999999, 9.0, 9.0, 9.0, 9.0, 9.0, 9.0, 9.0, 9.0, 9.0]
[9.0, 7.999999999999999, 9.0, 7.999999999999999, 7.999999999999999, 7.999999999999999, 9.0, 9.0, 9.0, 9.0, 9.0, 9.0]
T = 0.6400000000000001	 step = 123
126.11000000000001
14.095316220238093
[25.0, 27.0, 6.0, 12.0, 26.0, 25.0, 38.0, 41.0, 12.0, 12.0, 39.0, 40.0]
[40.0, 19.0, 17.0, 28.0, 30.0, 7.0, 44.0, 18.0, 6.0, 41.0, 32.0, 7.0]
[7.999999999999999, 9.0, 7.999999999999999, 9.0, 9.0, 9.0, 9.0, 9.0, 9.0, 9.0, 9.0, 9.0]
[9.0, 7.999999999999999, 9.0, 7.999999999999999, 7.999999999999999, 7.999999999999999, 9.0, 9.0, 9.0, 9.0, 9.0, 9.0]
T = 0.6400000000000001	 step = 124
126.10000000000002
14.000078124999998
[25.0, 27.0, 6.0, 12.0, 26.0, 25.0, 38.0, 41.0, 11.0, 12.0, 39.0, 40.0]
[40.0, 19.0, 17.0, 28.0, 30.0, 7.0, 44.0, 18.0, 6.0, 41.0, 32.0, 7.0]
[7.999999999999999, 9.0, 7.999999999999999, 9.0, 9.0, 9.0, 9.0, 9.0, 9.0, 9.0, 9.0, 9.0]
[9.0, 7.999999999999999, 9.0, 7.999999999999999, 7.999999999999999, 7.999999999999999, 9.0, 9.0, 9.0, 9.0, 9.0, 9.0]
T = 0.6400000000000001	 step = 125
126.04000000000002
14.095316220238093
[25.0, 27.0, 6.0, 12.0, 26.0, 25.0, 38.0, 41.0, 11.0, 12.0, 40.0, 40.0]
[40.0, 19.0, 17.0, 28.0, 30.0, 7.0, 44.0, 18.0, 6.0, 41.0, 32.0, 7.0]
[7.999999999999999, 9.0, 7.999999999999999, 9.0, 9.0, 9.0, 9.0, 9.0, 9.0, 9.0, 9.0, 9.0]
[9.0, 7.999999999999999, 9.0, 7.999999999999999, 7.999999999999999, 7.999999999999999, 9.0, 9.0, 9.0, 9.0, 9.0, 9.0]
T = 0.6400000000000001	 step = 126
126.05000000000001
14.000078124999998
[25.0, 27.0, 6.0, 12.0, 26.0, 25.0, 38.0, 41.0, 11.0, 12.0, 40.0, 39.0]
[40.0, 19.0, 17.0, 28.0, 30.0, 7.0, 44.0, 18.0, 6.0, 41.0, 32.0, 7.0]
[7.999999999999999, 9.0, 7.999999999999999, 9.0, 9.0, 9.0, 9.0, 9.0, 9.0, 9.0, 9.0, 9.0]
[9.0, 7.999999999999999, 9.0, 7.999999999999999, 7.999999999999999, 7.999999999999999, 9.0, 9.0, 9.0, 9.0, 9.0, 9.0]
T = 0.6400000000000001	 step = 127
126.04000000000002
13.904840029761903
[25.0, 27.0, 6.0, 12.0, 26.0, 25.0, 38.0, 41.0, 10.0, 12.0, 40.0, 39.0]
[40.0, 19.0, 17.0, 28.0, 30.0, 7.0, 44.0, 18.0, 6.0, 41.0, 32.0, 7.0]
[7.999999999999999, 9.0, 7.999999999999999, 9.0, 9.0, 9.0, 9.0, 9.0, 9.0, 9.0, 9.0, 9.0]
[9.0, 7.999999999999999, 9.0, 7.999999999999999, 7.999999999999999, 7.999999999999999, 9.0, 9.0, 9.0, 9.0, 9.0, 9.0]
T = 0.6400000000000001	 step = 128
125.37
14.028216653138527
[25.0, 27.0, 6.0, 12.0, 26.0, 25.0, 38.0, 41.0, 10.0, 12.0, 40.0, 39.0]
[41.0, 19.0, 17.0, 28.0, 30.0, 7.0, 44.0, 18.0, 6.0, 41.0, 32.0, 7.0]
[7.999999999999999, 9.0, 7.999999999999999, 9.0, 9.0, 9.0, 9.0, 9.0, 9.0, 9.0, 9.0, 9.0]
[9.0, 7.999999999999999, 9.0, 7.999999999999999, 7.999999999999999, 7.999999999999999, 9.0, 9.0, 9.0, 9.0, 9.0, 9.0]
T = 0.6400000000000001	 step = 129
125.36000000000001
13.93297855790043
[25.0, 27.0, 6.0, 12.0, 26.0, 25.0, 38.0, 41.0, 9.0, 12.0, 40.0, 39.0]
[41.0, 19.0, 17.0, 28.0, 30.0, 7.0, 44.0, 18.0, 6.0, 41.0, 32.0, 7.0]
[7.999999999999999, 9.0, 7.999999999999999, 9.0, 9.0, 9.0, 9.0, 9.0, 9.0, 9.0, 9.0, 9.0]
[9.0, 7.999999999999999, 9.0, 7.999999999999999, 7.999999999999999, 7.999999999999999, 9.0, 9.0, 9.0, 9.0, 9.0, 9.0]
T = 0.6400000000000001	 step = 130
125.42000000000002
13.837740462662335
[25.0, 27.0, 6.0, 12.0, 26.0, 25.0, 38.0, 41.0, 9.0, 12.0, 39.0, 39.0]
[41.0, 19.0, 17.0, 28.0, 30.0, 7.0, 44.0, 18.0, 6.0, 41.0, 32.0, 7.0]
[7.999999999999999, 9.0, 7.999999999999999, 9.0, 9.0, 9.0, 9.0, 9.0, 9.0, 9.0, 9.0, 9.0]
[9.0, 7.999999999999999, 9.0, 7.999999999999999, 7.999999999999999, 7.999999999999999, 9.0, 9.0, 9.0, 9.0, 9.0, 9.0]
T = 0.6400000000000001	 step = 131
125.39000000000004
13.93297855790043
[25.0, 27.0, 6.0, 12.0, 26.0, 25.0, 39.0, 41.0, 9.0, 12.0, 39.0, 39.0]
[41.0, 19.0, 17.0, 28.0, 30.0, 7.0, 44.0, 18.0, 6.0, 41.0, 32.0, 7.0]
[7.999999999999999, 9.0, 7.999999999999999, 9.0, 9.0, 9.0, 9.0, 9.0, 9.0, 9.0, 9.0, 9.0]
[9.0, 7.999999999999999, 9.0, 7.999999999999999, 7.999999999999999, 7.999999999999999, 9.0, 9.0, 9.0, 9.0, 9.0, 9.0]
T = 0.6400000000000001	 step = 132
126.05000000000001
13.809601934523808
[25.0, 27.0, 6.0, 12.0, 26.0, 25.0, 39.0, 41.0, 9.0, 12.0, 39.0, 39.0]
[40.0, 19.0, 17.0, 28.0, 30.0, 7.0, 44.0, 18.0, 6.0, 41.0, 32.0, 7.0]
[7.999999999999999, 9.0, 7.999999999999999, 9.0, 9.0, 9.0, 9.0, 9.0, 9.0, 9.0, 9.0, 9.0]
[9.0, 7.999999999999999, 9.0, 7.999999999999999, 7.999999999999999, 7.999999999999999, 9.0, 9.0, 9.0, 9.0, 9.0, 9.0]
T = 0.6400000000000001	 step = 133
126.04000000000002
13.904840029761903
[25.0, 27.0, 6.0, 12.0, 26.0, 25.0, 39.0, 41.0, 9.0, 12.0, 39.0, 40.0]
[40.0, 19.0, 17.0, 28.0, 30.0, 7.0, 44.0, 18.0, 6.0, 41.0, 32.0, 7.0]
[7.999999999999999, 9.0, 7.999999999999999, 9.0, 9.0, 9.0, 9.0, 9.0, 9.0, 9.0, 9.0, 9.0]
[9.0, 7.999999999999999, 9.0, 7.999999999999999, 7.999999999999999, 7.999999999999999, 9.0, 9.0, 9.0, 9.0, 9.0, 9.0]
T = 0.6400000000000001	 step = 134
126.08000000000004
14.000078124999998
[25.0, 27.0, 6.0, 12.0, 26.0, 25.0, 39.0, 41.0, 9.0, 13.0, 39.0, 40.0]
[40.0, 19.0, 17.0, 28.0, 30.0, 7.0, 44.0, 18.0, 6.0, 41.0, 32.0, 7.0]
[7.999999999999999, 9.0, 7.999999999999999, 9.0, 9.0, 9.0, 9.0, 9.0, 9.0, 9.0, 9.0, 9.0]
[9.0, 7.999999999999999, 9.0, 7.999999999999999, 7.999999999999999, 7.999999999999999, 9.0, 9.0, 9.0, 9.0, 9.0, 9.0]
T = 0.6400000000000001	 step = 135
125.42000000000002
14.123454748376622
[25.0, 27.0, 6.0, 12.0, 26.0, 25.0, 39.0, 41.0, 9.0, 13.0, 39.0, 40.0]
[41.0, 19.0, 17.0, 28.0, 30.0, 7.0, 44.0, 18.0, 6.0, 41.0, 32.0, 7.0]
[7.999999999999999, 9.0, 7.999999999999999, 9.0, 9.0, 9.0, 9.0, 9.0, 9.0, 9.0, 9.0, 9.0]
[9.0, 7.999999999999999, 9.0, 7.999999999999999, 7.999999999999999, 7.999999999999999, 9.0, 9.0, 9.0, 9.0, 9.0, 9.0]
T = 0.6400000000000001	 step = 136
125.39000000000004
14.218692843614717
[25.0, 27.0, 6.0, 12.0, 26.0, 25.0, 40.0, 41.0, 9.0, 13.0, 39.0, 40.0]
[41.0, 19.0, 17.0, 28.0, 30.0, 7.0, 44.0, 18.0, 6.0, 41.0, 32.0, 7.0]
[7.999999999999999, 9.0, 7.999999999999999, 9.0, 9.0, 9.0, 9.0, 9.0, 9.0, 9.0, 9.0, 9.0]
[9.0, 7.999999999999999, 9.0, 7.999999999999999, 7.999999999999999, 7.999999999999999, 9.0, 9.0, 9.0, 9.0, 9.0, 9.0]
T = 0.6400000000000001	 step = 137
125.15000000000003
14.333682021103893
[25.0, 27.0, 6.0, 12.0, 26.0, 25.0, 40.0, 41.0, 9.0, 13.0, 39.0, 40.0]
[41.0, 19.0, 17.0, 28.0, 31.0, 7.0, 44.0, 18.0, 6.0, 41.0, 32.0, 7.0]
[7.999999999999999, 9.0, 7.999999999999999, 9.0, 9.0, 9.0, 9.0, 9.0, 9.0, 9.0, 9.0, 9.0]
[9.0, 7.999999999999999, 9.0, 7.999999999999999, 7.999999999999999, 7.999999999999999, 9.0, 9.0, 9.0, 9.0, 9.0, 9.0]
T = 0.6400000000000001	 step = 138
124.63
14.286062973484846
[25.0, 27.0, 6.0, 12.0, 27.0, 25.0, 40.0, 41.0, 9.0, 13.0, 39.0, 40.0]
[41.0, 19.0, 17.0, 28.0, 31.0, 7.0, 44.0, 18.0, 6.0, 41.0, 32.0, 7.0]
[7.999999999999999, 9.0, 7.999999999999999, 9.0, 9.0, 9.0, 9.0, 9.0, 9.0, 9.0, 9.0, 9.0]
[9.0, 7.999999999999999, 9.0, 7.999999999999999, 7.999999999999999, 7.999999999999999, 9.0, 9.0, 9.0, 9.0, 9.0, 9.0]
T = 0.6400000000000001	 step = 139
124.61000000000001
14.313930938852812
[25.0, 27.0, 6.0, 12.0, 27.0, 25.0, 40.0, 41.0, 9.0, 13.0, 39.0, 40.0]
[41.0, 19.0, 17.0, 28.0, 31.0, 7.0, 44.0, 18.0, 6.0, 41.0, 32.0, 6.0]
[7.999999999999999, 9.0, 7.999999999999999, 9.0, 9.0, 9.0, 9.0, 9.0, 9.0, 9.0, 9.0, 9.0]
[9.0, 7.999999999999999, 9.0, 7.999999999999999, 7.999999999999999, 7.999999999999999, 9.0, 9.0, 9.0, 9.0, 9.0, 9.0]
T = 0.6400000000000001	 step = 140
124.62
14.409169034090906
[25.0, 27.0, 6.0, 12.0, 27.0, 25.0, 40.0, 41.0, 10.0, 13.0, 39.0, 40.0]
[41.0, 19.0, 17.0, 28.0, 31.0, 7.0, 44.0, 18.0, 6.0, 41.0, 32.0, 6.0]
[7.999999999999999, 9.0, 7.999999999999999, 9.0, 9.0, 9.0, 9.0, 9.0, 9.0, 9.0, 9.0, 9.0]
[9.0, 7.999999999999999, 9.0, 7.999999999999999, 7.999999999999999, 7.999999999999999, 9.0, 9.0, 9.0, 9.0, 9.0, 9.0]
T = 0.6400000000000001	 step = 141
124.59000000000003
14.504407129329003
[25.0, 27.0, 6.0, 12.0, 27.0, 25.0, 40.0, 41.0, 10.0, 13.0, 39.0, 40.0]
[41.0, 19.0, 17.0, 28.0, 31.0, 7.0, 44.0, 18.0, 6.0, 42.0, 32.0, 6.0]
[7.999999999999999, 9.0, 7.999999999999999, 9.0, 9.0, 9.0, 9.0, 9.0, 9.0, 9.0, 9.0, 9.0]
[9.0, 7.999999999999999, 9.0, 7.999999999999999, 7.999999999999999, 7.999999999999999, 9.0, 9.0, 9.0, 9.0, 9.0, 9.0]
T = 0.6400000000000001	 step = 142
124.58000000000004
14.409169034090906
[25.0, 27.0, 6.0, 12.0, 27.0, 25.0, 40.0, 41.0, 9.0, 13.0, 39.0, 40.0]
[41.0, 19.0, 17.0, 28.0, 31.0, 7.0, 44.0, 18.0, 6.0, 42.0, 32.0, 6.0]
[7.999999999999999, 9.0, 7.999999999999999, 9.0, 9.0, 9.0, 9.0, 9.0, 9.0, 9.0, 9.0, 9.0]
[9.0, 7.999999999999999, 9.0, 7.999999999999999, 7.999999999999999, 7.999999999999999, 9.0, 9.0, 9.0, 9.0, 9.0, 9.0]
T = 0.6400000000000001	 step = 143
124.60000000000002
14.381301068722943
[25.0, 27.0, 6.0, 12.0, 27.0, 25.0, 40.0, 41.0, 9.0, 13.0, 39.0, 40.0]
[41.0, 19.0, 17.0, 28.0, 31.0, 7.0, 44.0, 18.0, 6.0, 42.0, 32.0, 7.0]
[7.999999999999999, 9.0, 7.999999999999999, 9.0, 9.0, 9.0, 9.0, 9.0, 9.0, 9.0, 9.0, 9.0]
[9.0, 7.999999999999999, 9.0, 7.999999999999999, 7.999999999999999, 7.999999999999999, 9.0, 9.0, 9.0, 9.0, 9.0, 9.0]
T = 0.6400000000000001	 step = 144
124.61000000000001
14.476539163961037
[25.0, 27.0, 6.0, 12.0, 27.0, 25.0, 40.0, 41.0, 10.0, 13.0, 39.0, 40.0]
[41.0, 19.0, 17.0, 28.0, 31.0, 7.0, 44.0, 18.0, 6.0, 42.0, 32.0, 7.0]
[7.999999999999999, 9.0, 7.999999999999999, 9.0, 9.0, 9.0, 9.0, 9.0, 9.0, 9.0, 9.0, 9.0]
[9.0, 7.999999999999999, 9.0, 7.999999999999999, 7.999999999999999, 7.999999999999999, 9.0, 9.0, 9.0, 9.0, 9.0, 9.0]
T = 0.6400000000000001	 step = 145
125.18
14.410112621753246
[25.0, 27.0, 6.0, 12.0, 27.0, 25.0, 40.0, 41.0, 10.0, 13.0, 39.0, 40.0]
[41.0, 20.0, 17.0, 28.0, 31.0, 7.0, 44.0, 18.0, 6.0, 42.0, 32.0, 7.0]
[7.999999999999999, 9.0, 7.999999999999999, 9.0, 9.0, 9.0, 9.0, 9.0, 9.0, 9.0, 9.0, 9.0]
[9.0, 7.999999999999999, 9.0, 7.999999999999999, 7.999999999999999, 7.999999999999999, 9.0, 9.0, 9.0, 9.0, 9.0, 9.0]
T = 0.6400000000000001	 step = 146
125.17000000000002
14.314874526515151
[25.0, 27.0, 6.0, 12.0, 27.0, 25.0, 40.0, 41.0, 9.0, 13.0, 39.0, 40.0]
[41.0, 20.0, 17.0, 28.0, 31.0, 7.0, 44.0, 18.0, 6.0, 42.0, 32.0, 7.0]
[7.999999999999999, 9.0, 7.999999999999999, 9.0, 9.0, 9.0, 9.0, 9.0, 9.0, 9.0, 9.0, 9.0]
[9.0, 7.999999999999999, 9.0, 7.999999999999999, 7.999999999999999, 7.999999999999999, 9.0, 9.0, 9.0, 9.0, 9.0, 9.0]
T = 0.6400000000000001	 step = 147
124.92000000000002
14.529332048160171
[25.0, 27.0, 6.0, 12.0, 27.0, 25.0, 40.0, 41.0, 9.0, 13.0, 39.0, 40.0]
[41.0, 20.0, 17.0, 28.0, 31.0, 6.0, 44.0, 18.0, 6.0, 42.0, 32.0, 7.0]
[7.999999999999999, 9.0, 7.999999999999999, 9.0, 9.0, 9.0, 9.0, 9.0, 9.0, 9.0, 9.0, 9.0]
[9.0, 7.999999999999999, 9.0, 7.999999999999999, 7.999999999999999, 7.999999999999999, 9.0, 9.0, 9.0, 9.0, 9.0, 9.0]
T = 0.6400000000000001	 step = 148
124.95000000000005
14.507477340367965
[25.0, 27.0, 6.0, 12.0, 27.0, 25.0, 40.0, 41.0, 9.0, 13.0, 39.0, 40.0]
[41.0, 20.0, 17.0, 28.0, 31.0, 6.0, 43.0, 18.0, 6.0, 42.0, 32.0, 7.0]
[7.999999999999999, 9.0, 7.999999999999999, 9.0, 9.0, 9.0, 9.0, 9.0, 9.0, 9.0, 9.0, 9.0]
[9.0, 7.999999999999999, 9.0, 7.999999999999999, 7.999999999999999, 7.999999999999999, 9.0, 9.0, 9.0, 9.0, 9.0, 9.0]
T = 0.6400000000000001	 step = 149
124.93
14.435876961580085
[25.0, 27.0, 6.0, 12.0, 27.0, 25.0, 40.0, 41.0, 9.0, 13.0, 39.0, 40.0]
[41.0, 20.0, 17.0, 28.0, 31.0, 6.0, 43.0, 18.0, 6.0, 42.0, 32.0, 6.0]
[7.999999999999999, 9.0, 7.999999999999999, 9.0, 9.0, 9.0, 9.0, 9.0, 9.0, 9.0, 9.0, 9.0]
[9.0, 7.999999999999999, 9.0, 7.999999999999999, 7.999999999999999, 7.999999999999999, 9.0, 9.0, 9.0, 9.0, 9.0, 9.0]
T = 0.6400000000000001	 step = 150
124.96000000000004
14.34063886634199
[25.0, 27.0, 6.0, 12.0, 27.0, 25.0, 40.0, 41.0, 9.0, 13.0, 39.0, 40.0]
[41.0, 20.0, 17.0, 28.0, 31.0, 6.0, 43.0, 18.0, 6.0, 41.0, 32.0, 6.0]
[7.999999999999999, 9.0, 7.999999999999999, 9.0, 9.0, 9.0, 9.0, 9.0, 9.0, 9.0, 9.0, 9.0]
[9.0, 7.999999999999999, 9.0, 7.999999999999999, 7.999999999999999, 7.999999999999999, 9.0, 9.0, 9.0, 9.0, 9.0, 9.0]
T = 0.6400000000000001	 step = 151
124.96000000000004
14.245400771103894
[25.0, 27.0, 6.0, 12.0, 27.0, 25.0, 40.0, 41.0, 9.0, 13.0, 39.0, 39.0]
[41.0, 20.0, 17.0, 28.0, 31.0, 6.0, 43.0, 18.0, 6.0, 41.0, 32.0, 6.0]
[7.999999999999999, 9.0, 7.999999999999999, 9.0, 9.0, 9.0, 9.0, 9.0, 9.0, 9.0, 9.0, 9.0]
[9.0, 7.999999999999999, 9.0, 7.999999999999999, 7.999999999999999, 7.999999999999999, 9.0, 9.0, 9.0, 9.0, 9.0, 9.0]
T = 0.5120000000000001	 step = 152
124.94
14.272949134199134
[25.0, 27.0, 6.0, 12.0, 27.0, 25.0, 40.0, 41.0, 9.0, 13.0, 39.0, 39.0]
[41.0, 20.0, 17.0, 28.0, 31.0, 6.0, 43.0, 17.0, 6.0, 41.0, 32.0, 6.0]
[7.999999999999999, 9.0, 7.999999999999999, 9.0, 9.0, 9.0, 9.0, 9.0, 9.0, 9.0, 9.0, 9.0]
[9.0, 7.999999999999999, 9.0, 7.999999999999999, 7.999999999999999, 7.999999999999999, 9.0, 9.0, 9.0, 9.0, 9.0, 9.0]
T = 0.5120000000000001	 step = 153
124.53000000000003
14.415806277056275
[25.0, 27.0, 6.0, 11.0, 27.0, 25.0, 40.0, 41.0, 9.0, 13.0, 39.0, 39.0]
[41.0, 20.0, 17.0, 28.0, 31.0, 6.0, 43.0, 17.0, 6.0, 41.0, 32.0, 6.0]
[7.999999999999999, 9.0, 7.999999999999999, 9.0, 9.0, 9.0, 9.0, 9.0, 9.0, 9.0, 9.0, 9.0]
[9.0, 7.999999999999999, 9.0, 7.999999999999999, 7.999999999999999, 7.999999999999999, 9.0, 9.0, 9.0, 9.0, 9.0, 9.0]
T = 0.5120000000000001	 step = 154
124.93
14.377057629870128
[24.0, 27.0, 6.0, 11.0, 27.0, 25.0, 40.0, 41.0, 9.0, 13.0, 39.0, 39.0]
[40.0, 20.0, 17.0, 28.0, 31.0, 6.0, 43.0, 17.0, 6.0, 41.0, 32.0, 6.0]
[9.0, 9.0, 7.999999999999999, 9.0, 9.0, 9.0, 9.0, 9.0, 9.0, 9.0, 9.0, 9.0]
[7.999999999999999, 7.999999999999999, 9.0, 7.999999999999999, 7.999999999999999, 7.999999999999999, 9.0, 9.0, 9.0, 9.0, 9.0, 9.0]
T = 0.5120000000000001	 step = 155
126.36000000000001
13.477833468614717
[24.0, 27.0, 12.0, 11.0, 27.0, 25.0, 40.0, 41.0, 9.0, 13.0, 39.0, 39.0]
[40.0, 20.0, 18.0, 28.0, 31.0, 6.0, 43.0, 17.0, 6.0, 41.0, 32.0, 6.0]
[9.0, 9.0, 9.0, 9.0, 9.0, 9.0, 9.0, 9.0, 9.0, 9.0, 9.0, 9.0]
[7.999999999999999, 7.999999999999999, 7.999999999999999, 7.999999999999999, 7.999999999999999, 7.999999999999999, 9.0, 9.0, 9.0, 9.0, 9.0, 9.0]
T = 0.5120000000000001	 step = 156
125.21000000000004
14.262068452380952
[24.0, 27.0, 6.0, 11.0, 27.0, 25.0, 40.0, 41.0, 9.0, 13.0, 39.0, 39.0]
[40.0, 20.0, 17.0, 28.0, 30.0, 6.0, 43.0, 17.0, 6.0, 41.0, 32.0, 6.0]
[9.0, 9.0, 7.999999999999999, 9.0, 9.0, 9.0, 9.0, 9.0, 9.0, 9.0, 9.0, 9.0]
[7.999999999999999, 7.999999999999999, 9.0, 7.999999999999999, 7.999999999999999, 7.999999999999999, 9.0, 9.0, 9.0, 9.0, 9.0, 9.0]
T = 0.5120000000000001	 step = 157
125.20000000000005
14.166830357142857
[24.0, 27.0, 6.0, 11.0, 27.0, 25.0, 40.0, 41.0, 8.0, 13.0, 39.0, 39.0]
[40.0, 20.0, 17.0, 28.0, 30.0, 6.0, 43.0, 17.0, 6.0, 41.0, 32.0, 6.0]
[9.0, 9.0, 7.999999999999999, 9.0, 9.0, 9.0, 9.0, 9.0, 9.0, 9.0, 9.0, 9.0]
[7.999999999999999, 7.999999999999999, 9.0, 7.999999999999999, 7.999999999999999, 7.999999999999999, 9.0, 9.0, 9.0, 9.0, 9.0, 9.0]
T = 0.5120000000000001	 step = 158
124.99000000000001
14.404925595238094
[24.0, 27.0, 5.0, 11.0, 27.0, 25.0, 40.0, 41.0, 8.0, 13.0, 39.0, 39.0]
[40.0, 20.0, 17.0, 28.0, 30.0, 6.0, 43.0, 17.0, 6.0, 41.0, 32.0, 6.0]
[9.0, 9.0, 7.999999999999999, 9.0, 9.0, 9.0, 9.0, 9.0, 9.0, 9.0, 9.0, 9.0]
[7.999999999999999, 7.999999999999999, 9.0, 7.999999999999999, 7.999999999999999, 7.999999999999999, 9.0, 9.0, 9.0, 9.0, 9.0, 9.0]
T = 0.5120000000000001	 step = 159
124.98000000000002
14.500163690476189
[24.0, 27.0, 5.0, 11.0, 27.0, 25.0, 40.0, 41.0, 8.0, 13.0, 39.0, 40.0]
[40.0, 20.0, 17.0, 28.0, 30.0, 6.0, 43.0, 17.0, 6.0, 41.0, 32.0, 6.0]
[9.0, 9.0, 7.999999999999999, 9.0, 9.0, 9.0, 9.0, 9.0, 9.0, 9.0, 9.0, 9.0]
[7.999999999999999, 7.999999999999999, 9.0, 7.999999999999999, 7.999999999999999, 7.999999999999999, 9.0, 9.0, 9.0, 9.0, 9.0, 9.0]
T = 0.5120000000000001	 step = 160
125.0
14.404925595238094
[24.0, 27.0, 5.0, 11.0, 27.0, 25.0, 39.0, 41.0, 8.0, 13.0, 39.0, 40.0]
[40.0, 20.0, 17.0, 28.0, 30.0, 6.0, 43.0, 17.0, 6.0, 41.0, 32.0, 6.0]
[9.0, 9.0, 7.999999999999999, 9.0, 9.0, 9.0, 9.0, 9.0, 9.0, 9.0, 9.0, 9.0]
[7.999999999999999, 7.999999999999999, 9.0, 7.999999999999999, 7.999999999999999, 7.999999999999999, 9.0, 9.0, 9.0, 9.0, 9.0, 9.0]
T = 0.5120000000000001	 step = 161
124.75
14.619383116883114
[24.0, 27.0, 5.0, 11.0, 27.0, 25.0, 39.0, 41.0, 8.0, 13.0, 39.0, 40.0]
[40.0, 20.0, 17.0, 28.0, 30.0, 5.0, 43.0, 17.0, 6.0, 41.0, 32.0, 6.0]
[9.0, 9.0, 7.999999999999999, 9.0, 9.0, 9.0, 9.0, 9.0, 9.0, 9.0, 9.0, 9.0]
[7.999999999999999, 7.999999999999999, 9.0, 7.999999999999999, 7.999999999999999, 7.999999999999999, 9.0, 9.0, 9.0, 9.0, 9.0, 9.0]
T = 0.5120000000000001	 step = 162
125.0
14.404925595238094
[24.0, 27.0, 5.0, 11.0, 27.0, 25.0, 39.0, 41.0, 8.0, 13.0, 39.0, 40.0]
[40.0, 20.0, 17.0, 28.0, 30.0, 6.0, 43.0, 17.0, 6.0, 41.0, 32.0, 6.0]
[9.0, 9.0, 7.999999999999999, 9.0, 9.0, 9.0, 9.0, 9.0, 9.0, 9.0, 9.0, 9.0]
[7.999999999999999, 7.999999999999999, 9.0, 7.999999999999999, 7.999999999999999, 7.999999999999999, 9.0, 9.0, 9.0, 9.0, 9.0, 9.0]
T = 0.5120000000000001	 step = 163
131.16000000000003
14.92917343073593
[17.0, 27.0, 5.0, 11.0, 27.0, 25.0, 39.0, 41.0, 8.0, 13.0, 39.0, 40.0]
[18.0, 20.0, 17.0, 28.0, 30.0, 6.0, 43.0, 17.0, 6.0, 41.0, 32.0, 6.0]
[7.999999999999999, 9.0, 7.999999999999999, 9.0, 9.0, 9.0, 9.0, 9.0, 9.0, 9.0, 9.0, 9.0]
[9.0, 7.999999999999999, 9.0, 7.999999999999999, 7.999999999999999, 7.999999999999999, 9.0, 9.0, 9.0, 9.0, 9.0, 9.0]
T = 0.5120000000000001	 step = 164
124.94
14.500163690476189
[24.0, 27.0, 5.0, 11.0, 27.0, 25.0, 39.0, 41.0, 8.0, 13.0, 40.0, 40.0]
[40.0, 20.0, 17.0, 28.0, 30.0, 6.0, 43.0, 17.0, 6.0, 41.0, 32.0, 6.0]
[9.0, 9.0, 7.999999999999999, 9.0, 9.0, 9.0, 9.0, 9.0, 9.0, 9.0, 9.0, 9.0]
[7.999999999999999, 7.999999999999999, 9.0, 7.999999999999999, 7.999999999999999, 7.999999999999999, 9.0, 9.0, 9.0, 9.0, 9.0, 9.0]
T = 0.5120000000000001	 step = 165
124.91000000000003
14.595401785714285
[24.0, 27.0, 5.0, 11.0, 27.0, 25.0, 39.0, 42.0, 8.0, 13.0, 40.0, 40.0]
[40.0, 20.0, 17.0, 28.0, 30.0, 6.0, 43.0, 17.0, 6.0, 41.0, 32.0, 6.0]
[9.0, 9.0, 7.999999999999999, 9.0, 9.0, 9.0, 9.0, 9.0, 9.0, 9.0, 9.0, 9.0]
[7.999999999999999, 7.999999999999999, 9.0, 7.999999999999999, 7.999999999999999, 7.999999999999999, 9.0, 9.0, 9.0, 9.0, 9.0, 9.0]
T = 0.5120000000000001	 step = 166
124.08000000000004
14.654034429112555
[24.0, 30.0, 5.0, 11.0, 27.0, 25.0, 39.0, 42.0, 8.0, 13.0, 40.0, 40.0]
[40.0, 19.0, 17.0, 28.0, 30.0, 6.0, 43.0, 17.0, 6.0, 41.0, 32.0, 6.0]
[9.0, 9.0, 7.999999999999999, 9.0, 9.0, 9.0, 9.0, 9.0, 9.0, 9.0, 9.0, 9.0]
[7.999999999999999, 7.999999999999999, 9.0, 7.999999999999999, 7.999999999999999, 7.999999999999999, 9.0, 9.0, 9.0, 9.0, 9.0, 9.0]
T = 0.5120000000000001	 step = 167
124.04000000000002
14.55893161525974
[24.0, 30.0, 5.0, 11.0, 27.0, 25.0, 39.0, 42.0, 8.0, 12.0, 40.0, 40.0]
[40.0, 19.0, 17.0, 28.0, 30.0, 6.0, 43.0, 17.0, 6.0, 41.0, 32.0, 6.0]
[9.0, 9.0, 7.999999999999999, 9.0, 9.0, 9.0, 9.0, 9.0, 9.0, 9.0, 9.0, 9.0]
[7.999999999999999, 7.999999999999999, 9.0, 7.999999999999999, 7.999999999999999, 7.999999999999999, 9.0, 9.0, 9.0, 9.0, 9.0, 9.0]
T = 0.5120000000000001	 step = 168
124.07000000000005
14.51435301677489
[24.0, 30.0, 5.0, 11.0, 27.0, 26.0, 39.0, 42.0, 8.0, 12.0, 40.0, 40.0]
[40.0, 19.0, 17.0, 28.0, 30.0, 6.0, 43.0, 17.0, 6.0, 41.0, 32.0, 6.0]
[9.0, 9.0, 7.999999999999999, 9.0, 9.0, 9.0, 9.0, 9.0, 9.0, 9.0, 9.0, 9.0]
[7.999999999999999, 7.999999999999999, 9.0, 7.999999999999999, 7.999999999999999, 7.999999999999999, 9.0, 9.0, 9.0, 9.0, 9.0, 9.0]
T = 0.5120000000000001	 step = 169
124.63
14.442789163961036
[24.0, 30.0, 5.0, 11.0, 27.0, 26.0, 39.0, 42.0, 8.0, 12.0, 40.0, 40.0]
[40.0, 20.0, 17.0, 28.0, 30.0, 6.0, 43.0, 17.0, 6.0, 41.0, 32.0, 6.0]
[9.0, 9.0, 7.999999999999999, 9.0, 9.0, 9.0, 9.0, 9.0, 9.0, 9.0, 9.0, 9.0]
[7.999999999999999, 7.999999999999999, 9.0, 7.999999999999999, 7.999999999999999, 7.999999999999999, 9.0, 9.0, 9.0, 9.0, 9.0, 9.0]
T = 0.5120000000000001	 step = 170
124.40000000000003
14.5670569534632
[24.0, 30.0, 5.0, 11.0, 27.0, 26.0, 39.0, 42.0, 8.0, 12.0, 40.0, 40.0]
[40.0, 20.0, 17.0, 28.0, 31.0, 6.0, 43.0, 17.0, 6.0, 41.0, 32.0, 6.0]
[9.0, 9.0, 7.999999999999999, 9.0, 9.0, 9.0, 9.0, 9.0, 9.0, 9.0, 9.0, 9.0]
[7.999999999999999, 7.999999999999999, 9.0, 7.999999999999999, 7.999999999999999, 7.999999999999999, 9.0, 9.0, 9.0, 9.0, 9.0, 9.0]
T = 0.5120000000000001	 step = 171
124.37
14.662295048701296
[24.0, 30.0, 5.0, 11.0, 27.0, 26.0, 39.0, 42.0, 8.0, 12.0, 40.0, 40.0]
[40.0, 20.0, 17.0, 28.0, 31.0, 6.0, 43.0, 17.0, 6.0, 42.0, 32.0, 6.0]
[9.0, 9.0, 7.999999999999999, 9.0, 9.0, 9.0, 9.0, 9.0, 9.0, 9.0, 9.0, 9.0]
[7.999999999999999, 7.999999999999999, 9.0, 7.999999999999999, 7.999999999999999, 7.999999999999999, 9.0, 9.0, 9.0, 9.0, 9.0, 9.0]
T = 0.5120000000000001	 step = 172
124.38
14.634427083333332
[24.0, 30.0, 5.0, 11.0, 27.0, 26.0, 39.0, 42.0, 8.0, 12.0, 40.0, 40.0]
[40.0, 20.0, 17.0, 28.0, 31.0, 6.0, 43.0, 17.0, 6.0, 42.0, 31.0, 6.0]
[9.0, 9.0, 7.999999999999999, 9.0, 9.0, 9.0, 9.0, 9.0, 9.0, 9.0, 9.0, 9.0]
[7.999999999999999, 7.999999999999999, 9.0, 7.999999999999999, 7.999999999999999, 7.999999999999999, 9.0, 9.0, 9.0, 9.0, 9.0, 9.0]
T = 0.5120000000000001	 step = 173
124.41000000000003
14.539188988095235
[24.0, 30.0, 5.0, 11.0, 27.0, 26.0, 39.0, 41.0, 8.0, 12.0, 40.0, 40.0]
[40.0, 20.0, 17.0, 28.0, 31.0, 6.0, 43.0, 17.0, 6.0, 42.0, 31.0, 6.0]
[9.0, 9.0, 7.999999999999999, 9.0, 9.0, 9.0, 9.0, 9.0, 9.0, 9.0, 9.0, 9.0]
[7.999999999999999, 7.999999999999999, 9.0, 7.999999999999999, 7.999999999999999, 7.999999999999999, 9.0, 9.0, 9.0, 9.0, 9.0, 9.0]
T = 0.5120000000000001	 step = 174
124.44
14.634015151515149
[24.0, 30.0, 5.0, 11.0, 27.0, 26.0, 39.0, 41.0, 8.0, 13.0, 40.0, 40.0]
[40.0, 20.0, 17.0, 28.0, 31.0, 6.0, 43.0, 17.0, 6.0, 42.0, 31.0, 6.0]
[9.0, 9.0, 7.999999999999999, 9.0, 9.0, 9.0, 9.0, 9.0, 9.0, 9.0, 9.0, 9.0]
[7.999999999999999, 7.999999999999999, 9.0, 7.999999999999999, 7.999999999999999, 7.999999999999999, 9.0, 9.0, 9.0, 9.0, 9.0, 9.0]
T = 0.5120000000000001	 step = 175
124.45000000000005
14.729253246753245
[24.0, 30.0, 5.0, 11.0, 27.0, 26.0, 39.0, 41.0, 9.0, 13.0, 40.0, 40.0]
[40.0, 20.0, 17.0, 28.0, 31.0, 6.0, 43.0, 17.0, 6.0, 42.0, 31.0, 6.0]
[9.0, 9.0, 7.999999999999999, 9.0, 9.0, 9.0, 9.0, 9.0, 9.0, 9.0, 9.0, 9.0]
[7.999999999999999, 7.999999999999999, 9.0, 7.999999999999999, 7.999999999999999, 7.999999999999999, 9.0, 9.0, 9.0, 9.0, 9.0, 9.0]
T = 0.5120000000000001	 step = 176
124.42000000000002
14.634427083333332
[24.0, 30.0, 5.0, 11.0, 27.0, 26.0, 39.0, 41.0, 9.0, 12.0, 40.0, 40.0]
[40.0, 20.0, 17.0, 28.0, 31.0, 6.0, 43.0, 17.0, 6.0, 42.0, 31.0, 6.0]
[9.0, 9.0, 7.999999999999999, 9.0, 9.0, 9.0, 9.0, 9.0, 9.0, 9.0, 9.0, 9.0]
[7.999999999999999, 7.999999999999999, 9.0, 7.999999999999999, 7.999999999999999, 7.999999999999999, 9.0, 9.0, 9.0, 9.0, 9.0, 9.0]
T = 0.5120000000000001	 step = 177
124.43
14.729665178571427
[24.0, 30.0, 5.0, 11.0, 27.0, 26.0, 39.0, 41.0, 10.0, 12.0, 40.0, 40.0]
[40.0, 20.0, 17.0, 28.0, 31.0, 6.0, 43.0, 17.0, 6.0, 42.0, 31.0, 6.0]
[9.0, 9.0, 7.999999999999999, 9.0, 9.0, 9.0, 9.0, 9.0, 9.0, 9.0, 9.0, 9.0]
[7.999999999999999, 7.999999999999999, 9.0, 7.999999999999999, 7.999999999999999, 7.999999999999999, 9.0, 9.0, 9.0, 9.0, 9.0, 9.0]
T = 0.5120000000000001	 step = 178
124.45000000000005
14.634427083333332
[24.0, 30.0, 5.0, 11.0, 27.0, 26.0, 39.0, 41.0, 10.0, 12.0, 40.0, 40.0]
[40.0, 20.0, 17.0, 28.0, 31.0, 6.0, 43.0, 17.0, 6.0, 41.0, 31.0, 6.0]
[9.0, 9.0, 7.999999999999999, 9.0, 9.0, 9.0, 9.0, 9.0, 9.0, 9.0, 9.0, 9.0]
[7.999999999999999, 7.999999999999999, 9.0, 7.999999999999999, 7.999999999999999, 7.999999999999999, 9.0, 9.0, 9.0, 9.0, 9.0, 9.0]
T = 0.5120000000000001	 step = 179
124.39000000000004
14.729665178571427
[24.0, 30.0, 5.0, 11.0, 27.0, 26.0, 39.0, 41.0, 10.0, 12.0, 41.0, 40.0]
[40.0, 20.0, 17.0, 28.0, 31.0, 6.0, 43.0, 17.0, 6.0, 41.0, 31.0, 6.0]
[9.0, 9.0, 7.999999999999999, 9.0, 9.0, 9.0, 9.0, 9.0, 9.0, 9.0, 9.0, 9.0]
[7.999999999999999, 7.999999999999999, 9.0, 7.999999999999999, 7.999999999999999, 7.999999999999999, 9.0, 9.0, 9.0, 9.0, 9.0, 9.0]
T = 0.5120000000000001	 step = 180
124.15000000000003
14.944122700216449
[24.0, 30.0, 5.0, 11.0, 27.0, 26.0, 39.0, 41.0, 10.0, 12.0, 41.0, 40.0]
[40.0, 20.0, 17.0, 28.0, 31.0, 5.0, 43.0, 17.0, 6.0, 41.0, 31.0, 6.0]
[9.0, 9.0, 7.999999999999999, 9.0, 9.0, 9.0, 9.0, 9.0, 9.0, 9.0, 9.0, 9.0]
[7.999999999999999, 7.999999999999999, 9.0, 7.999999999999999, 7.999999999999999, 7.999999999999999, 9.0, 9.0, 9.0, 9.0, 9.0, 9.0]
T = 0.5120000000000001	 step = 181
124.12
14.920177895021643
[24.0, 30.0, 5.0, 11.0, 27.0, 26.0, 39.0, 41.0, 10.0, 12.0, 41.0, 40.0]
[40.0, 20.0, 17.0, 28.0, 31.0, 5.0, 44.0, 17.0, 6.0, 41.0, 31.0, 6.0]
[9.0, 9.0, 7.999999999999999, 9.0, 9.0, 9.0, 9.0, 9.0, 9.0, 9.0, 9.0, 9.0]
[7.999999999999999, 7.999999999999999, 9.0, 7.999999999999999, 7.999999999999999, 7.999999999999999, 9.0, 9.0, 9.0, 9.0, 9.0, 9.0]
T = 0.5120000000000001	 step = 182
124.12
14.872558847402596
[24.0, 30.0, 5.0, 11.0, 27.0, 27.0, 39.0, 41.0, 10.0, 12.0, 41.0, 40.0]
[40.0, 20.0, 17.0, 28.0, 31.0, 5.0, 44.0, 17.0, 6.0, 41.0, 31.0, 6.0]
[9.0, 9.0, 7.999999999999999, 9.0, 9.0, 9.0, 9.0, 9.0, 9.0, 9.0, 9.0, 9.0]
[7.999999999999999, 7.999999999999999, 9.0, 7.999999999999999, 7.999999999999999, 7.999999999999999, 9.0, 9.0, 9.0, 9.0, 9.0, 9.0]
T = 0.5120000000000001	 step = 183
124.09000000000003
14.96779694264069
[24.0, 30.0, 5.0, 11.0, 27.0, 27.0, 40.0, 41.0, 10.0, 12.0, 41.0, 40.0]
[40.0, 20.0, 17.0, 28.0, 31.0, 5.0, 44.0, 17.0, 6.0, 41.0, 31.0, 6.0]
[9.0, 9.0, 7.999999999999999, 9.0, 9.0, 9.0, 9.0, 9.0, 9.0, 9.0, 9.0, 9.0]
[7.999999999999999, 7.999999999999999, 9.0, 7.999999999999999, 7.999999999999999, 7.999999999999999, 9.0, 9.0, 9.0, 9.0, 9.0, 9.0]
T = 0.5120000000000001	 step = 184
124.08000000000004
15.039397321428568
[24.0, 30.0, 5.0, 11.0, 27.0, 27.0, 40.0, 41.0, 10.0, 12.0, 41.0, 40.0]
[40.0, 20.0, 17.0, 28.0, 31.0, 5.0, 44.0, 17.0, 6.0, 41.0, 30.0, 6.0]
[9.0, 9.0, 7.999999999999999, 9.0, 9.0, 9.0, 9.0, 9.0, 9.0, 9.0, 9.0, 9.0]
[7.999999999999999, 7.999999999999999, 9.0, 7.999999999999999, 7.999999999999999, 7.999999999999999, 9.0, 9.0, 9.0, 9.0, 9.0, 9.0]
T = 0.5120000000000001	 step = 185
124.76000000000005
14.967833468614716
[24.0, 30.0, 5.0, 11.0, 27.0, 27.0, 40.0, 41.0, 10.0, 12.0, 41.0, 40.0]
[40.0, 21.0, 17.0, 28.0, 31.0, 5.0, 44.0, 17.0, 6.0, 41.0, 30.0, 6.0]
[9.0, 9.0, 7.999999999999999, 9.0, 9.0, 9.0, 9.0, 9.0, 9.0, 9.0, 9.0, 9.0]
[7.999999999999999, 7.999999999999999, 9.0, 7.999999999999999, 7.999999999999999, 7.999999999999999, 9.0, 9.0, 9.0, 9.0, 9.0, 9.0]
T = 0.5120000000000001	 step = 186
124.79000000000002
14.87259537337662
[24.0, 30.0, 5.0, 11.0, 27.0, 27.0, 39.0, 41.0, 10.0, 12.0, 41.0, 40.0]
[40.0, 21.0, 17.0, 28.0, 31.0, 5.0, 44.0, 17.0, 6.0, 41.0, 30.0, 6.0]
[9.0, 9.0, 7.999999999999999, 9.0, 9.0, 9.0, 9.0, 9.0, 9.0, 9.0, 9.0, 9.0]
[7.999999999999999, 7.999999999999999, 9.0, 7.999999999999999, 7.999999999999999, 7.999999999999999, 9.0, 9.0, 9.0, 9.0, 9.0, 9.0]
T = 0.5120000000000001	 step = 187
125.08000000000004
14.6581378517316
[24.0, 30.0, 5.0, 11.0, 27.0, 27.0, 39.0, 41.0, 10.0, 12.0, 41.0, 40.0]
[40.0, 21.0, 17.0, 28.0, 30.0, 5.0, 44.0, 17.0, 6.0, 41.0, 30.0, 6.0]
[9.0, 9.0, 7.999999999999999, 9.0, 9.0, 9.0, 9.0, 9.0, 9.0, 9.0, 9.0, 9.0]
[7.999999999999999, 7.999999999999999, 9.0, 7.999999999999999, 7.999999999999999, 7.999999999999999, 9.0, 9.0, 9.0, 9.0, 9.0, 9.0]
T = 0.5120000000000001	 step = 188
125.18
14.721689664502161
[24.0, 30.0, 5.0, 11.0, 27.0, 27.0, 39.0, 41.0, 10.0, 12.0, 41.0, 40.0]
[40.0, 21.0, 17.0, 28.0, 30.0, 5.0, 41.0, 17.0, 6.0, 41.0, 30.0, 6.0]
[9.0, 9.0, 7.999999999999999, 9.0, 9.0, 9.0, 9.0, 9.0, 9.0, 9.0, 9.0, 9.0]
[7.999999999999999, 7.999999999999999, 9.0, 7.999999999999999, 7.999999999999999, 7.999999999999999, 9.0, 9.0, 9.0, 9.0, 9.0, 9.0]
T = 0.5120000000000001	 step = 189
125.15000000000003
14.816927759740258
[24.0, 30.0, 5.0, 11.0, 27.0, 27.0, 40.0, 41.0, 10.0, 12.0, 41.0, 40.0]
[40.0, 21.0, 17.0, 28.0, 30.0, 5.0, 41.0, 17.0, 6.0, 41.0, 30.0, 6.0]
[9.0, 9.0, 7.999999999999999, 9.0, 9.0, 9.0, 9.0, 9.0, 9.0, 9.0, 9.0, 9.0]
[7.999999999999999, 7.999999999999999, 9.0, 7.999999999999999, 7.999999999999999, 7.999999999999999, 9.0, 9.0, 9.0, 9.0, 9.0, 9.0]
T = 0.5120000000000001	 step = 190
124.48000000000002
14.97848755411255
[24.0, 30.0, 5.0, 11.0, 27.0, 27.0, 40.0, 41.0, 10.0, 12.0, 41.0, 40.0]
[41.0, 21.0, 17.0, 28.0, 30.0, 5.0, 41.0, 17.0, 6.0, 41.0, 30.0, 6.0]
[9.0, 9.0, 7.999999999999999, 9.0, 9.0, 9.0, 9.0, 9.0, 9.0, 9.0, 9.0, 9.0]
[7.999999999999999, 7.999999999999999, 9.0, 7.999999999999999, 7.999999999999999, 7.999999999999999, 9.0, 9.0, 9.0, 9.0, 9.0, 9.0]
T = 0.5120000000000001	 step = 191
124.42000000000002
15.073725649350648
[24.0, 30.0, 5.0, 11.0, 27.0, 27.0, 40.0, 41.0, 10.0, 12.0, 42.0, 40.0]
[41.0, 21.0, 17.0, 28.0, 30.0, 5.0, 41.0, 17.0, 6.0, 41.0, 30.0, 6.0]
[9.0, 9.0, 7.999999999999999, 9.0, 9.0, 9.0, 9.0, 9.0, 9.0, 9.0, 9.0, 9.0]
[7.999999999999999, 7.999999999999999, 9.0, 7.999999999999999, 7.999999999999999, 7.999999999999999, 9.0, 9.0, 9.0, 9.0, 9.0, 9.0]
T = 0.5120000000000001	 step = 192
124.41000000000003
15.145326028138523
[24.0, 30.0, 5.0, 11.0, 27.0, 27.0, 40.0, 41.0, 10.0, 12.0, 42.0, 40.0]
[41.0, 21.0, 17.0, 28.0, 30.0, 5.0, 41.0, 17.0, 6.0, 41.0, 29.0, 6.0]
[9.0, 9.0, 7.999999999999999, 9.0, 9.0, 9.0, 9.0, 9.0, 9.0, 9.0, 9.0, 9.0]
[7.999999999999999, 7.999999999999999, 9.0, 7.999999999999999, 7.999999999999999, 7.999999999999999, 9.0, 9.0, 9.0, 9.0, 9.0, 9.0]
T = 0.5120000000000001	 step = 193
124.51000000000005
15.002468885281383
[25.0, 30.0, 5.0, 11.0, 27.0, 27.0, 40.0, 41.0, 10.0, 12.0, 42.0, 40.0]
[41.0, 21.0, 17.0, 28.0, 30.0, 5.0, 41.0, 17.0, 6.0, 41.0, 29.0, 6.0]
[9.0, 9.0, 7.999999999999999, 9.0, 9.0, 9.0, 9.0, 9.0, 9.0, 9.0, 9.0, 9.0]
[7.999999999999999, 7.999999999999999, 9.0, 7.999999999999999, 7.999999999999999, 7.999999999999999, 9.0, 9.0, 9.0, 9.0, 9.0, 9.0]
T = 0.5120000000000001	 step = 194
124.41000000000003
15.145326028138523
[24.0, 30.0, 5.0, 11.0, 27.0, 27.0, 40.0, 41.0, 10.0, 12.0, 42.0, 40.0]
[41.0, 21.0, 17.0, 28.0, 30.0, 5.0, 41.0, 17.0, 6.0, 41.0, 29.0, 6.0]
[9.0, 9.0, 7.999999999999999, 9.0, 9.0, 9.0, 9.0, 9.0, 9.0, 9.0, 9.0, 9.0]
[7.999999999999999, 7.999999999999999, 9.0, 7.999999999999999, 7.999999999999999, 7.999999999999999, 9.0, 9.0, 9.0, 9.0, 9.0, 9.0]
T = 0.5120000000000001	 step = 195
124.39000000000004
15.24056412337662
[24.0, 30.0, 5.0, 11.0, 27.0, 27.0, 40.0, 42.0, 10.0, 12.0, 42.0, 40.0]
[41.0, 21.0, 17.0, 28.0, 30.0, 5.0, 41.0, 17.0, 6.0, 41.0, 29.0, 6.0]
[9.0, 9.0, 7.999999999999999, 9.0, 9.0, 9.0, 9.0, 9.0, 9.0, 9.0, 9.0, 9.0]
[7.999999999999999, 7.999999999999999, 9.0, 7.999999999999999, 7.999999999999999, 7.999999999999999, 9.0, 9.0, 9.0, 9.0, 9.0, 9.0]
T = 0.5120000000000001	 step = 196
124.41000000000003
16.651997091450216
[24.0, 30.0, 5.0, 11.0, 27.0, 27.0, 16.0, 42.0, 10.0, 12.0, 42.0, 40.0]
[41.0, 21.0, 17.0, 28.0, 30.0, 5.0, 18.0, 17.0, 6.0, 41.0, 29.0, 6.0]
[9.0, 9.0, 7.999999999999999, 9.0, 9.0, 9.0, 9.0, 9.0, 9.0, 9.0, 9.0, 9.0]
[7.999999999999999, 7.999999999999999, 9.0, 7.999999999999999, 7.999999999999999, 7.999999999999999, 9.0, 9.0, 9.0, 9.0, 9.0, 9.0]
T = 0.5120000000000001	 step = 197
124.80000000000001
16.743041463744586
[24.0, 30.0, 5.0, 11.0, 26.0, 27.0, 16.0, 42.0, 10.0, 12.0, 42.0, 40.0]
[41.0, 21.0, 17.0, 28.0, 30.0, 5.0, 18.0, 17.0, 6.0, 41.0, 29.0, 6.0]
[9.0, 9.0, 7.999999999999999, 9.0, 9.0, 9.0, 9.0, 9.0, 9.0, 9.0, 9.0, 9.0]
[7.999999999999999, 7.999999999999999, 9.0, 7.999999999999999, 7.999999999999999, 7.999999999999999, 9.0, 9.0, 9.0, 9.0, 9.0, 9.0]
T = 0.5120000000000001	 step = 198
124.38
16.747235186688307
[24.0, 30.0, 5.0, 11.0, 27.0, 27.0, 16.0, 42.0, 10.0, 12.0, 42.0, 40.0]
[41.0, 21.0, 17.0, 28.0, 30.0, 5.0, 17.0, 17.0, 6.0, 41.0, 29.0, 6.0]
[9.0, 9.0, 7.999999999999999, 9.0, 9.0, 9.0, 9.0, 9.0, 9.0, 9.0, 9.0, 9.0]
[7.999999999999999, 7.999999999999999, 9.0, 7.999999999999999, 7.999999999999999, 7.999999999999999, 9.0, 9.0, 9.0, 9.0, 9.0, 9.0]
T = 0.5120000000000001	 step = 199
124.41000000000003
16.651997091450216
[24.0, 30.0, 5.0, 11.0, 27.0, 27.0, 16.0, 42.0, 10.0, 12.0, 42.0, 40.0]
[41.0, 21.0, 17.0, 28.0, 30.0, 5.0, 18.0, 17.0, 6.0, 41.0, 29.0, 6.0]
[9.0, 9.0, 7.999999999999999, 9.0, 9.0, 9.0, 9.0, 9.0, 9.0, 9.0, 9.0, 9.0]
[7.999999999999999, 7.999999999999999, 9.0, 7.999999999999999, 7.999999999999999, 7.999999999999999, 9.0, 9.0, 9.0, 9.0, 9.0, 9.0]
T = 0.5120000000000001	 step = 200
124.40000000000003
16.556758996212118
[24.0, 30.0, 5.0, 11.0, 27.0, 27.0, 16.0, 42.0, 9.0, 12.0, 42.0, 40.0]
[41.0, 21.0, 17.0, 28.0, 30.0, 5.0, 18.0, 17.0, 6.0, 41.0, 29.0, 6.0]
[9.0, 9.0, 7.999999999999999, 9.0, 9.0, 9.0, 9.0, 9.0, 9.0, 9.0, 9.0, 9.0]
[7.999999999999999, 7.999999999999999, 9.0, 7.999999999999999, 7.999999999999999, 7.999999999999999, 9.0, 9.0, 9.0, 9.0, 9.0, 9.0]
T = 0.5120000000000001	 step = 201
124.03000000000003
16.79485423430736
[24.0, 30.0, 5.0, 11.0, 27.0, 27.0, 16.0, 42.0, 9.0, 12.0, 42.0, 40.0]
[41.0, 21.0, 17.0, 28.0, 31.0, 5.0, 18.0, 17.0, 6.0, 41.0, 29.0, 6.0]
[9.0, 9.0, 7.999999999999999, 9.0, 9.0, 9.0, 9.0, 9.0, 9.0, 9.0, 9.0, 9.0]
[7.999999999999999, 7.999999999999999, 9.0, 7.999999999999999, 7.999999999999999, 7.999999999999999, 9.0, 9.0, 9.0, 9.0, 9.0, 9.0]
T = 0.40960000000000013	 step = 202
124.67000000000002
16.791493506493502
[24.0, 30.0, 5.0, 11.0, 27.0, 27.0, 16.0, 42.0, 9.0, 12.0, 42.0, 40.0]
[41.0, 22.0, 17.0, 28.0, 31.0, 5.0, 18.0, 17.0, 6.0, 41.0, 29.0, 6.0]
[9.0, 9.0, 7.999999999999999, 9.0, 9.0, 9.0, 9.0, 9.0, 9.0, 9.0, 9.0, 9.0]
[7.999999999999999, 7.999999999999999, 9.0, 7.999999999999999, 7.999999999999999, 7.999999999999999, 9.0, 9.0, 9.0, 9.0, 9.0, 9.0]
T = 0.40960000000000013	 step = 203
124.70000000000005
16.69625541125541
[24.0, 30.0, 5.0, 11.0, 27.0, 27.0, 16.0, 41.0, 9.0, 12.0, 42.0, 40.0]
[41.0, 22.0, 17.0, 28.0, 31.0, 5.0, 18.0, 17.0, 6.0, 41.0, 29.0, 6.0]
[9.0, 9.0, 7.999999999999999, 9.0, 9.0, 9.0, 9.0, 9.0, 9.0, 9.0, 9.0, 9.0]
[7.999999999999999, 7.999999999999999, 9.0, 7.999999999999999, 7.999999999999999, 7.999999999999999, 9.0, 9.0, 9.0, 9.0, 9.0, 9.0]
T = 0.40960000000000013	 step = 204
124.72000000000003
16.63223417207792
[24.0, 30.0, 5.0, 11.0, 27.0, 27.0, 16.0, 41.0, 9.0, 12.0, 42.0, 40.0]
[41.0, 22.0, 17.0, 28.0, 31.0, 5.0, 18.0, 18.0, 6.0, 41.0, 29.0, 6.0]
[9.0, 9.0, 7.999999999999999, 9.0, 9.0, 9.0, 9.0, 9.0, 9.0, 9.0, 9.0, 9.0]
[7.999999999999999, 7.999999999999999, 9.0, 7.999999999999999, 7.999999999999999, 7.999999999999999, 9.0, 9.0, 9.0, 9.0, 9.0, 9.0]
T = 0.40960000000000013	 step = 205
124.33000000000004
16.77509131493506
[24.0, 30.0, 5.0, 10.0, 27.0, 27.0, 16.0, 41.0, 9.0, 12.0, 42.0, 40.0]
[41.0, 22.0, 17.0, 28.0, 31.0, 5.0, 18.0, 18.0, 6.0, 41.0, 29.0, 6.0]
[9.0, 9.0, 7.999999999999999, 9.0, 9.0, 9.0, 9.0, 9.0, 9.0, 9.0, 9.0, 9.0]
[7.999999999999999, 7.999999999999999, 9.0, 7.999999999999999, 7.999999999999999, 7.999999999999999, 9.0, 9.0, 9.0, 9.0, 9.0, 9.0]
T = 0.40960000000000013	 step = 206
124.35000000000002
16.870329410173156
[24.0, 30.0, 5.0, 10.0, 27.0, 27.0, 16.0, 41.0, 9.0, 12.0, 42.0, 40.0]
[41.0, 22.0, 17.0, 28.0, 31.0, 5.0, 18.0, 18.0, 6.0, 41.0, 29.0, 7.0]
[9.0, 9.0, 7.999999999999999, 9.0, 9.0, 9.0, 9.0, 9.0, 9.0, 9.0, 9.0, 9.0]
[7.999999999999999, 7.999999999999999, 9.0, 7.999999999999999, 7.999999999999999, 7.999999999999999, 9.0, 9.0, 9.0, 9.0, 9.0, 9.0]
T = 0.40960000000000013	 step = 207
124.47000000000003
16.94581642316017
[25.0, 30.0, 5.0, 10.0, 27.0, 27.0, 16.0, 41.0, 9.0, 12.0, 42.0, 40.0]
[41.0, 22.0, 17.0, 28.0, 31.0, 5.0, 18.0, 18.0, 6.0, 41.0, 29.0, 7.0]
[9.0, 9.0, 7.999999999999999, 9.0, 9.0, 9.0, 9.0, 9.0, 9.0, 9.0, 9.0, 9.0]
[7.999999999999999, 7.999999999999999, 9.0, 7.999999999999999, 7.999999999999999, 7.999999999999999, 9.0, 9.0, 9.0, 9.0, 9.0, 9.0]
T = 0.40960000000000013	 step = 208
124.47000000000003
17.021303436147182
[25.0, 30.0, 5.0, 10.0, 27.0, 26.0, 16.0, 41.0, 9.0, 12.0, 42.0, 40.0]
[41.0, 22.0, 17.0, 28.0, 31.0, 5.0, 18.0, 18.0, 6.0, 41.0, 29.0, 7.0]
[9.0, 9.0, 7.999999999999999, 9.0, 9.0, 9.0, 9.0, 9.0, 9.0, 9.0, 9.0, 9.0]
[7.999999999999999, 7.999999999999999, 9.0, 7.999999999999999, 7.999999999999999, 7.999999999999999, 9.0, 9.0, 9.0, 9.0, 9.0, 9.0]
T = 0.40960000000000013	 step = 209
124.49000000000001
17.116541531385277
[25.0, 30.0, 5.0, 10.0, 27.0, 26.0, 16.0, 41.0, 10.0, 12.0, 42.0, 40.0]
[41.0, 22.0, 17.0, 28.0, 31.0, 5.0, 18.0, 18.0, 6.0, 41.0, 29.0, 7.0]
[9.0, 9.0, 7.999999999999999, 9.0, 9.0, 9.0, 9.0, 9.0, 9.0, 9.0, 9.0, 9.0]
[7.999999999999999, 7.999999999999999, 9.0, 7.999999999999999, 7.999999999999999, 7.999999999999999, 9.0, 9.0, 9.0, 9.0, 9.0, 9.0]
T = 0.40960000000000013	 step = 210
124.69
16.886394074675323
[25.0, 30.0, 6.0, 10.0, 27.0, 26.0, 16.0, 41.0, 10.0, 12.0, 42.0, 40.0]
[41.0, 22.0, 17.0, 28.0, 31.0, 5.0, 18.0, 18.0, 6.0, 41.0, 29.0, 7.0]
[9.0, 9.0, 7.999999999999999, 9.0, 9.0, 9.0, 9.0, 9.0, 9.0, 9.0, 9.0, 9.0]
[7.999999999999999, 7.999999999999999, 9.0, 7.999999999999999, 7.999999999999999, 7.999999999999999, 9.0, 9.0, 9.0, 9.0, 9.0, 9.0]
T = 0.40960000000000013	 step = 211
124.68
16.810907061688308
[25.0, 30.0, 6.0, 10.0, 27.0, 27.0, 16.0, 41.0, 10.0, 12.0, 42.0, 40.0]
[41.0, 22.0, 17.0, 28.0, 31.0, 5.0, 18.0, 18.0, 6.0, 41.0, 29.0, 7.0]
[9.0, 9.0, 7.999999999999999, 9.0, 9.0, 9.0, 9.0, 9.0, 9.0, 9.0, 9.0, 9.0]
[7.999999999999999, 7.999999999999999, 9.0, 7.999999999999999, 7.999999999999999, 7.999999999999999, 9.0, 9.0, 9.0, 9.0, 9.0, 9.0]
T = 0.40960000000000013	 step = 212
124.63
16.906145156926403
[25.0, 30.0, 6.0, 10.0, 27.0, 27.0, 16.0, 41.0, 10.0, 12.0, 43.0, 40.0]
[41.0, 22.0, 17.0, 28.0, 31.0, 5.0, 18.0, 18.0, 6.0, 41.0, 29.0, 7.0]
[9.0, 9.0, 7.999999999999999, 9.0, 9.0, 9.0, 9.0, 9.0, 9.0, 9.0, 9.0, 9.0]
[7.999999999999999, 7.999999999999999, 9.0, 7.999999999999999, 7.999999999999999, 7.999999999999999, 9.0, 9.0, 9.0, 9.0, 9.0, 9.0]
T = 0.40960000000000013	 step = 213
124.74000000000001
16.987968411796533
[25.0, 30.0, 6.0, 10.0, 27.0, 27.0, 16.0, 41.0, 10.0, 12.0, 43.0, 40.0]
[41.0, 22.0, 18.0, 28.0, 31.0, 5.0, 18.0, 18.0, 6.0, 41.0, 29.0, 7.0]
[9.0, 9.0, 7.999999999999999, 9.0, 9.0, 9.0, 9.0, 9.0, 9.0, 9.0, 9.0, 9.0]
[7.999999999999999, 7.999999999999999, 9.0, 7.999999999999999, 7.999999999999999, 7.999999999999999, 9.0, 9.0, 9.0, 9.0, 9.0, 9.0]
T = 0.40960000000000013	 step = 214
124.72000000000003
16.89273031655844
[25.0, 30.0, 6.0, 10.0, 27.0, 27.0, 16.0, 41.0, 10.0, 12.0, 43.0, 40.0]
[41.0, 22.0, 18.0, 28.0, 31.0, 5.0, 18.0, 18.0, 6.0, 41.0, 29.0, 6.0]
[9.0, 9.0, 7.999999999999999, 9.0, 9.0, 9.0, 9.0, 9.0, 9.0, 9.0, 9.0, 9.0]
[7.999999999999999, 7.999999999999999, 9.0, 7.999999999999999, 7.999999999999999, 7.999999999999999, 9.0, 9.0, 9.0, 9.0, 9.0, 9.0]
T = 0.40960000000000013	 step = 215
124.74000000000001
16.797492221320343
[25.0, 30.0, 6.0, 10.0, 27.0, 27.0, 16.0, 41.0, 10.0, 12.0, 43.0, 40.0]
[41.0, 22.0, 18.0, 28.0, 31.0, 5.0, 18.0, 18.0, 6.0, 40.0, 29.0, 6.0]
[9.0, 9.0, 7.999999999999999, 9.0, 9.0, 9.0, 9.0, 9.0, 9.0, 9.0, 9.0, 9.0]
[7.999999999999999, 7.999999999999999, 9.0, 7.999999999999999, 7.999999999999999, 7.999999999999999, 9.0, 9.0, 9.0, 9.0, 9.0, 9.0]
T = 0.40960000000000013	 step = 216
124.73000000000002
16.89273031655844
[25.0, 30.0, 6.0, 10.0, 27.0, 27.0, 16.0, 41.0, 10.0, 12.0, 43.0, 41.0]
[41.0, 22.0, 18.0, 28.0, 31.0, 5.0, 18.0, 18.0, 6.0, 40.0, 29.0, 6.0]
[9.0, 9.0, 7.999999999999999, 9.0, 9.0, 9.0, 9.0, 9.0, 9.0, 9.0, 9.0, 9.0]
[7.999999999999999, 7.999999999999999, 9.0, 7.999999999999999, 7.999999999999999, 7.999999999999999, 9.0, 9.0, 9.0, 9.0, 9.0, 9.0]
T = 0.40960000000000013	 step = 217
124.74000000000001
16.797492221320343
[25.0, 30.0, 6.0, 10.0, 27.0, 27.0, 16.0, 41.0, 10.0, 12.0, 43.0, 40.0]
[41.0, 22.0, 18.0, 28.0, 31.0, 5.0, 18.0, 18.0, 6.0, 40.0, 29.0, 6.0]
[9.0, 9.0, 7.999999999999999, 9.0, 9.0, 9.0, 9.0, 9.0, 9.0, 9.0, 9.0, 9.0]
[7.999999999999999, 7.999999999999999, 9.0, 7.999999999999999, 7.999999999999999, 7.999999999999999, 9.0, 9.0, 9.0, 9.0, 9.0, 9.0]
T = 0.40960000000000013	 step = 218
124.78000000000003
16.70225412608225
[25.0, 30.0, 6.0, 10.0, 27.0, 27.0, 17.0, 41.0, 10.0, 12.0, 43.0, 40.0]
[41.0, 22.0, 18.0, 28.0, 31.0, 5.0, 18.0, 18.0, 6.0, 40.0, 29.0, 6.0]
[9.0, 9.0, 7.999999999999999, 9.0, 9.0, 9.0, 9.0, 9.0, 9.0, 9.0, 9.0, 9.0]
[7.999999999999999, 7.999999999999999, 9.0, 7.999999999999999, 7.999999999999999, 7.999999999999999, 9.0, 9.0, 9.0, 9.0, 9.0, 9.0]
T = 0.40960000000000013	 step = 219
124.98000000000002
16.764781182359304
[25.0, 29.0, 6.0, 10.0, 27.0, 27.0, 17.0, 41.0, 10.0, 12.0, 43.0, 40.0]
[41.0, 22.0, 18.0, 28.0, 31.0, 5.0, 18.0, 18.0, 6.0, 40.0, 29.0, 6.0]
[9.0, 9.0, 7.999999999999999, 9.0, 9.0, 9.0, 9.0, 9.0, 9.0, 9.0, 9.0, 9.0]
[7.999999999999999, 7.999999999999999, 9.0, 7.999999999999999, 7.999999999999999, 7.999999999999999, 9.0, 9.0, 9.0, 9.0, 9.0, 9.0]
T = 0.40960000000000013	 step = 220
124.97000000000003
16.8600192775974
[25.0, 29.0, 6.0, 10.0, 27.0, 27.0, 17.0, 41.0, 10.0, 12.0, 43.0, 41.0]
[41.0, 22.0, 18.0, 28.0, 31.0, 5.0, 18.0, 18.0, 6.0, 40.0, 29.0, 6.0]
[9.0, 9.0, 7.999999999999999, 9.0, 9.0, 9.0, 9.0, 9.0, 9.0, 9.0, 9.0, 9.0]
[7.999999999999999, 7.999999999999999, 9.0, 7.999999999999999, 7.999999999999999, 7.999999999999999, 9.0, 9.0, 9.0, 9.0, 9.0, 9.0]
T = 0.40960000000000013	 step = 221
124.85000000000002
16.674386160714285
[24.0, 29.0, 6.0, 10.0, 27.0, 27.0, 17.0, 41.0, 10.0, 12.0, 43.0, 41.0]
[41.0, 22.0, 18.0, 28.0, 31.0, 5.0, 18.0, 18.0, 6.0, 40.0, 29.0, 6.0]
[9.0, 9.0, 7.999999999999999, 9.0, 9.0, 9.0, 9.0, 9.0, 9.0, 9.0, 9.0, 9.0]
[7.999999999999999, 7.999999999999999, 9.0, 7.999999999999999, 7.999999999999999, 7.999999999999999, 9.0, 9.0, 9.0, 9.0, 9.0, 9.0]
T = 0.40960000000000013	 step = 222
124.87
16.57914806547619
[24.0, 29.0, 6.0, 10.0, 27.0, 27.0, 17.0, 41.0, 10.0, 12.0, 43.0, 41.0]
[41.0, 22.0, 18.0, 28.0, 31.0, 5.0, 18.0, 18.0, 7.0, 40.0, 29.0, 6.0]
[9.0, 9.0, 7.999999999999999, 9.0, 9.0, 9.0, 9.0, 9.0, 9.0, 9.0, 9.0, 9.0]
[7.999999999999999, 7.999999999999999, 9.0, 7.999999999999999, 7.999999999999999, 7.999999999999999, 9.0, 9.0, 9.0, 9.0, 9.0, 9.0]
T = 0.40960000000000013	 step = 223
124.83000000000004
16.674386160714285
[24.0, 29.0, 6.0, 10.0, 27.0, 27.0, 16.0, 41.0, 10.0, 12.0, 43.0, 41.0]
[41.0, 22.0, 18.0, 28.0, 31.0, 5.0, 18.0, 18.0, 7.0, 40.0, 29.0, 6.0]
[9.0, 9.0, 7.999999999999999, 9.0, 9.0, 9.0, 9.0, 9.0, 9.0, 9.0, 9.0, 9.0]
[7.999999999999999, 7.999999999999999, 9.0, 7.999999999999999, 7.999999999999999, 7.999999999999999, 9.0, 9.0, 9.0, 9.0, 9.0, 9.0]
T = 0.40960000000000013	 step = 224
124.87
16.57914806547619
[24.0, 29.0, 6.0, 10.0, 27.0, 27.0, 17.0, 41.0, 10.0, 12.0, 43.0, 41.0]
[41.0, 22.0, 18.0, 28.0, 31.0, 5.0, 18.0, 18.0, 7.0, 40.0, 29.0, 6.0]
[9.0, 9.0, 7.999999999999999, 9.0, 9.0, 9.0, 9.0, 9.0, 9.0, 9.0, 9.0, 9.0]
[7.999999999999999, 7.999999999999999, 9.0, 7.999999999999999, 7.999999999999999, 7.999999999999999, 9.0, 9.0, 9.0, 9.0, 9.0, 9.0]
T = 0.40960000000000013	 step = 225
124.92000000000002
16.436290922619044
[24.0, 29.0, 6.0, 10.0, 27.0, 27.0, 17.0, 41.0, 10.0, 12.0, 43.0, 41.0]
[41.0, 22.0, 18.0, 29.0, 31.0, 5.0, 18.0, 18.0, 7.0, 40.0, 29.0, 6.0]
[9.0, 9.0, 7.999999999999999, 9.0, 9.0, 9.0, 9.0, 9.0, 9.0, 9.0, 9.0, 9.0]
[7.999999999999999, 7.999999999999999, 9.0, 7.999999999999999, 7.999999999999999, 7.999999999999999, 9.0, 9.0, 9.0, 9.0, 9.0, 9.0]
T = 0.40960000000000013	 step = 226
124.91000000000003
16.34105282738095
[24.0, 29.0, 6.0, 10.0, 27.0, 27.0, 17.0, 41.0, 9.0, 12.0, 43.0, 41.0]
[41.0, 22.0, 18.0, 29.0, 31.0, 5.0, 18.0, 18.0, 7.0, 40.0, 29.0, 6.0]
[9.0, 9.0, 7.999999999999999, 9.0, 9.0, 9.0, 9.0, 9.0, 9.0, 9.0, 9.0, 9.0]
[7.999999999999999, 7.999999999999999, 9.0, 7.999999999999999, 7.999999999999999, 7.999999999999999, 9.0, 9.0, 9.0, 9.0, 9.0, 9.0]
T = 0.40960000000000013	 step = 227
124.92000000000002
16.245814732142854
[24.0, 29.0, 6.0, 10.0, 27.0, 27.0, 17.0, 41.0, 9.0, 12.0, 43.0, 40.0]
[41.0, 22.0, 18.0, 29.0, 31.0, 5.0, 18.0, 18.0, 7.0, 40.0, 29.0, 6.0]
[9.0, 9.0, 7.999999999999999, 9.0, 9.0, 9.0, 9.0, 9.0, 9.0, 9.0, 9.0, 9.0]
[7.999999999999999, 7.999999999999999, 9.0, 7.999999999999999, 7.999999999999999, 7.999999999999999, 9.0, 9.0, 9.0, 9.0, 9.0, 9.0]
T = 0.40960000000000013	 step = 228
125.05000000000001
16.25652901785714
[24.0, 28.0, 6.0, 10.0, 27.0, 27.0, 17.0, 41.0, 9.0, 12.0, 43.0, 40.0]
[41.0, 22.0, 18.0, 29.0, 31.0, 5.0, 18.0, 18.0, 7.0, 40.0, 29.0, 6.0]
[9.0, 9.0, 7.999999999999999, 9.0, 9.0, 9.0, 9.0, 9.0, 9.0, 9.0, 9.0, 9.0]
[7.999999999999999, 7.999999999999999, 9.0, 7.999999999999999, 7.999999999999999, 7.999999999999999, 9.0, 9.0, 9.0, 9.0, 9.0, 9.0]
T = 0.40960000000000013	 step = 229
124.20000000000005
16.208909970238093
[24.0, 28.0, 6.0, 10.0, 28.0, 27.0, 17.0, 41.0, 9.0, 12.0, 43.0, 40.0]
[41.0, 22.0, 18.0, 29.0, 31.0, 5.0, 18.0, 18.0, 7.0, 40.0, 29.0, 6.0]
[9.0, 9.0, 7.999999999999999, 9.0, 9.0, 9.0, 9.0, 9.0, 9.0, 9.0, 9.0, 9.0]
[7.999999999999999, 7.999999999999999, 9.0, 7.999999999999999, 7.999999999999999, 7.999999999999999, 9.0, 9.0, 9.0, 9.0, 9.0, 9.0]
T = 0.40960000000000013	 step = 230
124.21000000000004
16.113671874999998
[24.0, 28.0, 6.0, 10.0, 28.0, 27.0, 17.0, 41.0, 9.0, 12.0, 43.0, 40.0]
[41.0, 22.0, 18.0, 29.0, 31.0, 5.0, 18.0, 18.0, 7.0, 40.0, 30.0, 6.0]
[9.0, 9.0, 7.999999999999999, 9.0, 9.0, 9.0, 9.0, 9.0, 9.0, 9.0, 9.0, 9.0]
[7.999999999999999, 7.999999999999999, 9.0, 7.999999999999999, 7.999999999999999, 7.999999999999999, 9.0, 9.0, 9.0, 9.0, 9.0, 9.0]
T = 0.40960000000000013	 step = 231
124.01000000000005
16.329654694264068
[24.0, 28.0, 5.0, 10.0, 28.0, 27.0, 17.0, 41.0, 9.0, 12.0, 43.0, 40.0]
[41.0, 22.0, 18.0, 29.0, 31.0, 5.0, 18.0, 18.0, 7.0, 40.0, 30.0, 6.0]
[9.0, 9.0, 7.999999999999999, 9.0, 9.0, 9.0, 9.0, 9.0, 9.0, 9.0, 9.0, 9.0]
[7.999999999999999, 7.999999999999999, 9.0, 7.999999999999999, 7.999999999999999, 7.999999999999999, 9.0, 9.0, 9.0, 9.0, 9.0, 9.0]
T = 0.40960000000000013	 step = 232
123.40000000000003
16.567749932359305
[24.0, 28.0, 5.0, 10.0, 28.0, 27.0, 17.0, 41.0, 9.0, 12.0, 43.0, 40.0]
[41.0, 22.0, 18.0, 29.0, 32.0, 5.0, 18.0, 18.0, 7.0, 40.0, 30.0, 6.0]
[9.0, 9.0, 7.999999999999999, 9.0, 9.0, 9.0, 9.0, 9.0, 9.0, 9.0, 9.0, 9.0]
[7.999999999999999, 7.999999999999999, 9.0, 7.999999999999999, 7.999999999999999, 7.999999999999999, 9.0, 9.0, 9.0, 9.0, 9.0, 9.0]
T = 0.40960000000000013	 step = 233
123.44
16.539881966991338
[24.0, 28.0, 5.0, 10.0, 28.0, 27.0, 17.0, 41.0, 9.0, 12.0, 43.0, 40.0]
[41.0, 22.0, 18.0, 29.0, 32.0, 5.0, 18.0, 19.0, 7.0, 40.0, 30.0, 6.0]
[9.0, 9.0, 7.999999999999999, 9.0, 9.0, 9.0, 9.0, 9.0, 9.0, 9.0, 9.0, 9.0]
[7.999999999999999, 7.999999999999999, 9.0, 7.999999999999999, 7.999999999999999, 7.999999999999999, 9.0, 9.0, 9.0, 9.0, 9.0, 9.0]
T = 0.40960000000000013	 step = 234
123.43
16.635120062229436
[24.0, 28.0, 5.0, 10.0, 28.0, 27.0, 17.0, 41.0, 9.0, 12.0, 43.0, 41.0]
[41.0, 22.0, 18.0, 29.0, 32.0, 5.0, 18.0, 19.0, 7.0, 40.0, 30.0, 6.0]
[9.0, 9.0, 7.999999999999999, 9.0, 9.0, 9.0, 9.0, 9.0, 9.0, 9.0, 9.0, 9.0]
[7.999999999999999, 7.999999999999999, 9.0, 7.999999999999999, 7.999999999999999, 7.999999999999999, 9.0, 9.0, 9.0, 9.0, 9.0, 9.0]
T = 0.40960000000000013	 step = 235
123.39000000000004
16.54001724837662
[24.0, 28.0, 5.0, 10.0, 28.0, 27.0, 17.0, 41.0, 9.0, 11.0, 43.0, 41.0]
[41.0, 22.0, 18.0, 29.0, 32.0, 5.0, 18.0, 19.0, 7.0, 40.0, 30.0, 6.0]
[9.0, 9.0, 7.999999999999999, 9.0, 9.0, 9.0, 9.0, 9.0, 9.0, 9.0, 9.0, 9.0]
[7.999999999999999, 7.999999999999999, 9.0, 7.999999999999999, 7.999999999999999, 7.999999999999999, 9.0, 9.0, 9.0, 9.0, 9.0, 9.0]
T = 0.40960000000000013	 step = 236
122.81
16.77811248647186
[24.0, 28.0, 5.0, 10.0, 28.0, 27.0, 17.0, 41.0, 9.0, 11.0, 43.0, 41.0]
[42.0, 22.0, 18.0, 29.0, 32.0, 5.0, 18.0, 19.0, 7.0, 40.0, 30.0, 6.0]
[9.0, 9.0, 7.999999999999999, 9.0, 9.0, 9.0, 9.0, 9.0, 9.0, 9.0, 9.0, 9.0]
[7.999999999999999, 7.999999999999999, 9.0, 7.999999999999999, 7.999999999999999, 7.999999999999999, 9.0, 9.0, 9.0, 9.0, 9.0, 9.0]
T = 0.40960000000000013	 step = 237
122.78000000000003
16.68246245941558
[24.0, 28.0, 5.0, 10.0, 28.0, 27.0, 17.0, 41.0, 9.0, 10.0, 43.0, 41.0]
[42.0, 22.0, 18.0, 29.0, 32.0, 5.0, 18.0, 19.0, 7.0, 40.0, 30.0, 6.0]
[9.0, 9.0, 7.999999999999999, 9.0, 9.0, 9.0, 9.0, 9.0, 9.0, 9.0, 9.0, 9.0]
[7.999999999999999, 7.999999999999999, 9.0, 7.999999999999999, 7.999999999999999, 7.999999999999999, 9.0, 9.0, 9.0, 9.0, 9.0, 9.0]
T = 0.40960000000000013	 step = 238
122.75
16.671748173701296
[24.0, 29.0, 5.0, 10.0, 28.0, 27.0, 17.0, 41.0, 9.0, 10.0, 43.0, 41.0]
[42.0, 22.0, 18.0, 29.0, 32.0, 5.0, 18.0, 19.0, 7.0, 40.0, 30.0, 6.0]
[9.0, 9.0, 7.999999999999999, 9.0, 9.0, 9.0, 9.0, 9.0, 9.0, 9.0, 9.0, 9.0]
[7.999999999999999, 7.999999999999999, 9.0, 7.999999999999999, 7.999999999999999, 7.999999999999999, 9.0, 9.0, 9.0, 9.0, 9.0, 9.0]
T = 0.40960000000000013	 step = 239
122.74000000000001
16.5765100784632
[24.0, 29.0, 5.0, 10.0, 28.0, 27.0, 17.0, 41.0, 8.0, 10.0, 43.0, 41.0]
[42.0, 22.0, 18.0, 29.0, 32.0, 5.0, 18.0, 19.0, 7.0, 40.0, 30.0, 6.0]
[9.0, 9.0, 7.999999999999999, 9.0, 9.0, 9.0, 9.0, 9.0, 9.0, 9.0, 9.0, 9.0]
[7.999999999999999, 7.999999999999999, 9.0, 7.999999999999999, 7.999999999999999, 7.999999999999999, 9.0, 9.0, 9.0, 9.0, 9.0, 9.0]
T = 0.40960000000000013	 step = 240
122.92000000000002
17.109110186688312
[24.0, 29.0, 5.0, 10.0, 28.0, 20.0, 17.0, 41.0, 8.0, 10.0, 43.0, 41.0]
[42.0, 22.0, 18.0, 29.0, 32.0, 7.0, 18.0, 19.0, 7.0, 40.0, 30.0, 6.0]
[9.0, 9.0, 7.999999999999999, 9.0, 9.0, 7.999999999999999, 9.0, 9.0, 9.0, 9.0, 9.0, 9.0]
[7.999999999999999, 7.999999999999999, 9.0, 7.999999999999999, 7.999999999999999, 9.0, 9.0, 9.0, 9.0, 9.0, 9.0, 9.0]
T = 0.40960000000000013	 step = 241
122.87
17.204348281926407
[24.0, 29.0, 5.0, 10.0, 28.0, 20.0, 17.0, 41.0, 8.0, 10.0, 44.0, 41.0]
[42.0, 22.0, 18.0, 29.0, 32.0, 7.0, 18.0, 19.0, 7.0, 40.0, 30.0, 6.0]
[9.0, 9.0, 7.999999999999999, 9.0, 9.0, 7.999999999999999, 9.0, 9.0, 9.0, 9.0, 9.0, 9.0]
[7.999999999999999, 7.999999999999999, 9.0, 7.999999999999999, 7.999999999999999, 9.0, 9.0, 9.0, 9.0, 9.0, 9.0, 9.0]
T = 0.40960000000000013	 step = 242
123.53000000000003
16.966253043831166
[24.0, 29.0, 5.0, 10.0, 28.0, 20.0, 17.0, 41.0, 8.0, 10.0, 44.0, 41.0]
[42.0, 22.0, 18.0, 29.0, 31.0, 7.0, 18.0, 19.0, 7.0, 40.0, 30.0, 6.0]
[9.0, 9.0, 7.999999999999999, 9.0, 9.0, 7.999999999999999, 9.0, 9.0, 9.0, 9.0, 9.0, 9.0]
[7.999999999999999, 7.999999999999999, 9.0, 7.999999999999999, 7.999999999999999, 9.0, 9.0, 9.0, 9.0, 9.0, 9.0, 9.0]
T = 0.40960000000000013	 step = 243
123.52000000000004
17.061491139069265
[24.0, 29.0, 5.0, 10.0, 28.0, 20.0, 17.0, 41.0, 8.0, 10.0, 44.0, 41.0]
[42.0, 22.0, 18.0, 29.0, 31.0, 7.0, 18.0, 19.0, 6.0, 40.0, 30.0, 6.0]
[9.0, 9.0, 7.999999999999999, 9.0, 9.0, 7.999999999999999, 9.0, 9.0, 9.0, 9.0, 9.0, 9.0]
[7.999999999999999, 7.999999999999999, 9.0, 7.999999999999999, 7.999999999999999, 9.0, 9.0, 9.0, 9.0, 9.0, 9.0, 9.0]
T = 0.40960000000000013	 step = 244
123.52000000000004
16.96625304383117
[24.0, 29.0, 5.0, 10.0, 28.0, 20.0, 17.0, 41.0, 8.0, 10.0, 44.0, 41.0]
[42.0, 22.0, 18.0, 29.0, 31.0, 7.0, 18.0, 19.0, 6.0, 39.0, 30.0, 6.0]
[9.0, 9.0, 7.999999999999999, 9.0, 9.0, 7.999999999999999, 9.0, 9.0, 9.0, 9.0, 9.0, 9.0]
[7.999999999999999, 7.999999999999999, 9.0, 7.999999999999999, 7.999999999999999, 9.0, 9.0, 9.0, 9.0, 9.0, 9.0, 9.0]
T = 0.40960000000000013	 step = 245
122.82000000000005
17.0231507034632
[24.0, 29.0, 5.0, 10.0, 28.0, 20.0, 17.0, 41.0, 8.0, 10.0, 44.0, 41.0]
[42.0, 21.0, 18.0, 29.0, 31.0, 7.0, 18.0, 19.0, 6.0, 39.0, 30.0, 6.0]
[9.0, 9.0, 7.999999999999999, 9.0, 9.0, 7.999999999999999, 9.0, 9.0, 9.0, 9.0, 9.0, 9.0]
[7.999999999999999, 7.999999999999999, 9.0, 7.999999999999999, 7.999999999999999, 9.0, 9.0, 9.0, 9.0, 9.0, 9.0, 9.0]
T = 0.40960000000000013	 step = 246
122.81
16.927912608225107
[24.0, 29.0, 5.0, 10.0, 28.0, 20.0, 17.0, 41.0, 7.0, 10.0, 44.0, 41.0]
[42.0, 21.0, 18.0, 29.0, 31.0, 7.0, 18.0, 19.0, 6.0, 39.0, 30.0, 6.0]
[9.0, 9.0, 7.999999999999999, 9.0, 9.0, 7.999999999999999, 9.0, 9.0, 9.0, 9.0, 9.0, 9.0]
[7.999999999999999, 7.999999999999999, 9.0, 7.999999999999999, 7.999999999999999, 9.0, 9.0, 9.0, 9.0, 9.0, 9.0, 9.0]
T = 0.40960000000000013	 step = 247
121.39000000000004
17.965890489718614
[24.0, 29.0, 5.0, 10.0, 30.0, 20.0, 17.0, 41.0, 7.0, 10.0, 44.0, 41.0]
[42.0, 21.0, 18.0, 29.0, 10.0, 7.0, 18.0, 19.0, 6.0, 39.0, 30.0, 6.0]
[9.0, 9.0, 7.999999999999999, 9.0, 7.999999999999999, 7.999999999999999, 9.0, 9.0, 9.0, 9.0, 9.0, 9.0]
[7.999999999999999, 7.999999999999999, 9.0, 7.999999999999999, 9.0, 9.0, 9.0, 9.0, 9.0, 9.0, 9.0, 9.0]
T = 0.40960000000000013	 step = 248
121.20000000000005
18.10911965638528
[24.0, 29.0, 5.0, 10.0, 30.0, 19.0, 17.0, 41.0, 7.0, 10.0, 44.0, 41.0]
[42.0, 21.0, 18.0, 29.0, 10.0, 7.0, 18.0, 19.0, 6.0, 39.0, 30.0, 6.0]
[9.0, 9.0, 7.999999999999999, 9.0, 7.999999999999999, 7.999999999999999, 9.0, 9.0, 9.0, 9.0, 9.0, 9.0]
[7.999999999999999, 7.999999999999999, 9.0, 7.999999999999999, 9.0, 9.0, 9.0, 9.0, 9.0, 9.0, 9.0, 9.0]
T = 0.40960000000000013	 step = 249
121.19
18.204357751623377
[24.0, 29.0, 5.0, 10.0, 30.0, 19.0, 17.0, 41.0, 7.0, 10.0, 44.0, 41.0]
[42.0, 21.0, 18.0, 29.0, 10.0, 7.0, 18.0, 19.0, 6.0, 40.0, 30.0, 6.0]
[9.0, 9.0, 7.999999999999999, 9.0, 7.999999999999999, 7.999999999999999, 9.0, 9.0, 9.0, 9.0, 9.0, 9.0]
[7.999999999999999, 7.999999999999999, 9.0, 7.999999999999999, 9.0, 9.0, 9.0, 9.0, 9.0, 9.0, 9.0, 9.0]
T = 0.40960000000000013	 step = 250
121.89000000000004
18.017666734307358
[24.0, 29.0, 5.0, 10.0, 30.0, 19.0, 17.0, 41.0, 7.0, 10.0, 44.0, 41.0]
[42.0, 21.0, 18.0, 29.0, 11.0, 7.0, 18.0, 19.0, 6.0, 40.0, 30.0, 6.0]
[9.0, 9.0, 7.999999999999999, 9.0, 7.999999999999999, 7.999999999999999, 9.0, 9.0, 9.0, 9.0, 9.0, 9.0]
[7.999999999999999, 7.999999999999999, 9.0, 7.999999999999999, 9.0, 9.0, 9.0, 9.0, 9.0, 9.0, 9.0, 9.0]
T = 0.40960000000000013	 step = 251
121.59000000000003
18.123270427489178
[24.0, 29.0, 5.0, 10.0, 30.0, 19.0, 17.0, 41.0, 7.0, 10.0, 44.0, 41.0]
[42.0, 20.0, 18.0, 29.0, 10.0, 7.0, 18.0, 19.0, 6.0, 40.0, 30.0, 6.0]
[9.0, 9.0, 7.999999999999999, 9.0, 7.999999999999999, 7.999999999999999, 9.0, 9.0, 9.0, 9.0, 9.0, 9.0]
[7.999999999999999, 7.999999999999999, 9.0, 7.999999999999999, 9.0, 9.0, 9.0, 9.0, 9.0, 9.0, 9.0, 9.0]
T = 0.32768000000000014	 step = 252
125.57000000000005
15.504222808441558
[24.0, 29.0, 5.0, 10.0, 30.0, 19.0, 17.0, 41.0, 7.0, 10.0, 44.0, 41.0]
[31.0, 20.0, 18.0, 29.0, 10.0, 7.0, 18.0, 19.0, 6.0, 40.0, 30.0, 6.0]
[9.0, 9.0, 7.999999999999999, 9.0, 7.999999999999999, 7.999999999999999, 9.0, 9.0, 9.0, 9.0, 9.0, 9.0]
[7.999999999999999, 7.999999999999999, 9.0, 7.999999999999999, 9.0, 9.0, 9.0, 9.0, 9.0, 9.0, 9.0, 9.0]
T = 0.32768000000000014	 step = 253
121.57000000000005
18.184234645562768
[24.0, 29.0, 5.0, 10.0, 30.0, 19.0, 17.0, 41.0, 7.0, 10.0, 44.0, 41.0]
[42.0, 20.0, 18.0, 29.0, 10.0, 7.0, 18.0, 18.0, 6.0, 40.0, 30.0, 6.0]
[9.0, 9.0, 7.999999999999999, 9.0, 7.999999999999999, 7.999999999999999, 9.0, 9.0, 9.0, 9.0, 9.0, 9.0]
[7.999999999999999, 7.999999999999999, 9.0, 7.999999999999999, 9.0, 9.0, 9.0, 9.0, 9.0, 9.0, 9.0, 9.0]
T = 0.32768000000000014	 step = 254
120.91000000000003
18.327091788419914
[24.0, 29.0, 5.0, 10.0, 30.0, 19.0, 17.0, 41.0, 7.0, 10.0, 44.0, 41.0]
[42.0, 20.0, 18.0, 29.0, 9.0, 7.0, 18.0, 18.0, 6.0, 40.0, 30.0, 6.0]
[9.0, 9.0, 7.999999999999999, 9.0, 7.999999999999999, 7.999999999999999, 9.0, 9.0, 9.0, 9.0, 9.0, 9.0]
[7.999999999999999, 7.999999999999999, 9.0, 7.999999999999999, 9.0, 9.0, 9.0, 9.0, 9.0, 9.0, 9.0, 9.0]
T = 0.32768000000000014	 step = 255
120.92000000000002
18.231853693181815
[24.0, 29.0, 5.0, 10.0, 30.0, 19.0, 17.0, 41.0, 7.0, 10.0, 44.0, 41.0]
[42.0, 20.0, 18.0, 29.0, 9.0, 7.0, 18.0, 18.0, 6.0, 39.0, 30.0, 6.0]
[9.0, 9.0, 7.999999999999999, 9.0, 7.999999999999999, 7.999999999999999, 9.0, 9.0, 9.0, 9.0, 9.0, 9.0]
[7.999999999999999, 7.999999999999999, 9.0, 7.999999999999999, 9.0, 9.0, 9.0, 9.0, 9.0, 9.0, 9.0, 9.0]
T = 0.32768000000000014	 step = 256
121.19
18.018713474025972
[24.0, 29.0, 6.0, 10.0, 30.0, 19.0, 17.0, 41.0, 7.0, 10.0, 44.0, 41.0]
[42.0, 20.0, 18.0, 29.0, 9.0, 7.0, 18.0, 18.0, 6.0, 39.0, 30.0, 6.0]
[9.0, 9.0, 7.999999999999999, 9.0, 7.999999999999999, 7.999999999999999, 9.0, 9.0, 9.0, 9.0, 9.0, 9.0]
[7.999999999999999, 7.999999999999999, 9.0, 7.999999999999999, 9.0, 9.0, 9.0, 9.0, 9.0, 9.0, 9.0, 9.0]
T = 0.32768000000000014	 step = 257
121.29000000000002
17.971838474025972
[24.0, 29.0, 6.0, 10.0, 29.0, 19.0, 17.0, 41.0, 7.0, 10.0, 44.0, 41.0]
[42.0, 20.0, 18.0, 29.0, 9.0, 7.0, 18.0, 18.0, 6.0, 39.0, 30.0, 6.0]
[9.0, 9.0, 7.999999999999999, 9.0, 7.999999999999999, 7.999999999999999, 9.0, 9.0, 9.0, 9.0, 9.0, 9.0]
[7.999999999999999, 7.999999999999999, 9.0, 7.999999999999999, 9.0, 9.0, 9.0, 9.0, 9.0, 9.0, 9.0, 9.0]
T = 0.32768000000000014	 step = 258
120.37
18.01384334415584
[24.0, 30.0, 6.0, 10.0, 29.0, 19.0, 17.0, 41.0, 7.0, 10.0, 44.0, 41.0]
[42.0, 20.0, 18.0, 29.0, 9.0, 7.0, 18.0, 18.0, 6.0, 39.0, 30.0, 6.0]
[9.0, 9.0, 7.999999999999999, 9.0, 7.999999999999999, 7.999999999999999, 9.0, 9.0, 9.0, 9.0, 9.0, 9.0]
[7.999999999999999, 7.999999999999999, 9.0, 7.999999999999999, 9.0, 9.0, 9.0, 9.0, 9.0, 9.0, 9.0, 9.0]
T = 0.32768000000000014	 step = 259
119.78000000000003
18.156700487012984
[24.0, 30.0, 6.0, 10.0, 29.0, 19.0, 17.0, 41.0, 7.0, 10.0, 44.0, 41.0]
[42.0, 20.0, 18.0, 29.0, 8.0, 7.0, 18.0, 18.0, 6.0, 39.0, 30.0, 6.0]
[9.0, 9.0, 7.999999999999999, 9.0, 7.999999999999999, 7.999999999999999, 9.0, 9.0, 9.0, 9.0, 9.0, 9.0]
[7.999999999999999, 7.999999999999999, 9.0, 7.999999999999999, 9.0, 9.0, 9.0, 9.0, 9.0, 9.0, 9.0, 9.0]
T = 0.32768000000000014	 step = 260
119.80000000000001
18.237966044372293
[24.0, 30.0, 6.0, 10.0, 29.0, 19.0, 17.0, 41.0, 7.0, 11.0, 44.0, 41.0]
[42.0, 20.0, 18.0, 29.0, 8.0, 7.0, 18.0, 18.0, 6.0, 39.0, 30.0, 6.0]
[9.0, 9.0, 7.999999999999999, 9.0, 7.999999999999999, 7.999999999999999, 9.0, 9.0, 9.0, 9.0, 9.0, 9.0]
[7.999999999999999, 7.999999999999999, 9.0, 7.999999999999999, 9.0, 9.0, 9.0, 9.0, 9.0, 9.0, 9.0, 9.0]
T = 0.32768000000000014	 step = 261
119.73000000000002
27.08358258928571
[24.0, 30.0, 34.0, 10.0, 29.0, 19.0, 17.0, 41.0, 7.0, 11.0, 44.0, 41.0]
[42.0, 20.0, 44.0, 29.0, 8.0, 7.0, 18.0, 18.0, 6.0, 39.0, 30.0, 6.0]
[9.0, 9.0, 7.999999999999999, 9.0, 7.999999999999999, 7.999999999999999, 9.0, 9.0, 9.0, 9.0, 9.0, 9.0]
[7.999999999999999, 7.999999999999999, 9.0, 7.999999999999999, 9.0, 9.0, 9.0, 9.0, 9.0, 9.0, 9.0, 9.0]
T = 0.32768000000000014	 step = 262
119.72000000000003
27.11592498647186
[24.0, 30.0, 34.0, 10.0, 29.0, 19.0, 17.0, 41.0, 7.0, 11.0, 44.0, 41.0]
[42.0, 20.0, 44.0, 29.0, 8.0, 7.0, 18.0, 17.0, 6.0, 39.0, 30.0, 6.0]
[9.0, 9.0, 7.999999999999999, 9.0, 7.999999999999999, 7.999999999999999, 9.0, 9.0, 9.0, 9.0, 9.0, 9.0]
[7.999999999999999, 7.999999999999999, 9.0, 7.999999999999999, 9.0, 9.0, 9.0, 9.0, 9.0, 9.0, 9.0, 9.0]
T = 0.32768000000000014	 step = 263
119.70000000000005
27.211163081709955
[24.0, 30.0, 34.0, 10.0, 29.0, 19.0, 17.0, 41.0, 7.0, 11.0, 44.0, 41.0]
[42.0, 20.0, 44.0, 29.0, 8.0, 7.0, 18.0, 17.0, 6.0, 39.0, 31.0, 6.0]
[9.0, 9.0, 7.999999999999999, 9.0, 7.999999999999999, 7.999999999999999, 9.0, 9.0, 9.0, 9.0, 9.0, 9.0]
[7.999999999999999, 7.999999999999999, 9.0, 7.999999999999999, 9.0, 9.0, 9.0, 9.0, 9.0, 9.0, 9.0, 9.0]
T = 0.32768000000000014	 step = 264
119.67000000000002
27.174694602272723
[24.0, 30.0, 34.0, 10.0, 30.0, 19.0, 17.0, 41.0, 7.0, 11.0, 44.0, 41.0]
[42.0, 20.0, 44.0, 29.0, 8.0, 7.0, 18.0, 17.0, 6.0, 39.0, 31.0, 6.0]
[9.0, 9.0, 7.999999999999999, 9.0, 7.999999999999999, 7.999999999999999, 9.0, 9.0, 9.0, 9.0, 9.0, 9.0]
[7.999999999999999, 7.999999999999999, 9.0, 7.999999999999999, 9.0, 9.0, 9.0, 9.0, 9.0, 9.0, 9.0, 9.0]
T = 0.32768000000000014	 step = 265
120.98000000000002
27.825284767316013
[24.0, 27.0, 34.0, 10.0, 30.0, 19.0, 17.0, 41.0, 7.0, 11.0, 44.0, 41.0]
[42.0, 20.0, 44.0, 29.0, 8.0, 7.0, 18.0, 17.0, 6.0, 39.0, 31.0, 6.0]
[9.0, 7.999999999999999, 7.999999999999999, 9.0, 7.999999999999999, 7.999999999999999, 9.0, 9.0, 9.0, 9.0, 9.0, 9.0]
[7.999999999999999, 9.0, 9.0, 7.999999999999999, 9.0, 9.0, 9.0, 9.0, 9.0, 9.0, 9.0, 9.0]
T = 0.32768000000000014	 step = 266
121.16000000000003
27.586700825216443
[24.0, 27.0, 34.0, 10.0, 30.0, 20.0, 17.0, 41.0, 7.0, 11.0, 44.0, 41.0]
[42.0, 20.0, 44.0, 29.0, 8.0, 7.0, 18.0, 17.0, 6.0, 39.0, 31.0, 6.0]
[9.0, 7.999999999999999, 7.999999999999999, 9.0, 7.999999999999999, 7.999999999999999, 9.0, 9.0, 9.0, 9.0, 9.0, 9.0]
[7.999999999999999, 9.0, 9.0, 7.999999999999999, 9.0, 9.0, 9.0, 9.0, 9.0, 9.0, 9.0, 9.0]
T = 0.32768000000000014	 step = 267
121.17000000000002
27.546116409632035
[24.0, 27.0, 34.0, 10.0, 30.0, 20.0, 17.0, 41.0, 7.0, 11.0, 44.0, 41.0]
[42.0, 20.0, 44.0, 29.0, 8.0, 7.0, 18.0, 18.0, 6.0, 39.0, 31.0, 6.0]
[9.0, 7.999999999999999, 7.999999999999999, 9.0, 7.999999999999999, 7.999999999999999, 9.0, 9.0, 9.0, 9.0, 9.0, 9.0]
[7.999999999999999, 9.0, 9.0, 7.999999999999999, 9.0, 9.0, 9.0, 9.0, 9.0, 9.0, 9.0, 9.0]
T = 0.32768000000000014	 step = 268
125.20000000000005
26.06075723755411
[24.0, 27.0, 34.0, 29.0, 30.0, 20.0, 17.0, 41.0, 7.0, 11.0, 44.0, 41.0]
[42.0, 20.0, 44.0, 30.0, 8.0, 7.0, 18.0, 18.0, 6.0, 39.0, 31.0, 6.0]
[9.0, 7.999999999999999, 7.999999999999999, 9.0, 7.999999999999999, 7.999999999999999, 9.0, 9.0, 9.0, 9.0, 9.0, 9.0]
[7.999999999999999, 9.0, 9.0, 7.999999999999999, 9.0, 9.0, 9.0, 9.0, 9.0, 9.0, 9.0, 9.0]
T = 0.32768000000000014	 step = 269
125.28000000000003
25.87028104707792
[24.0, 27.0, 34.0, 29.0, 30.0, 20.0, 17.0, 41.0, 7.0, 11.0, 40.0, 41.0]
[42.0, 20.0, 44.0, 30.0, 8.0, 7.0, 18.0, 18.0, 6.0, 39.0, 33.0, 6.0]
[9.0, 7.999999999999999, 7.999999999999999, 9.0, 7.999999999999999, 7.999999999999999, 9.0, 9.0, 9.0, 9.0, 9.0, 9.0]
[7.999999999999999, 9.0, 9.0, 7.999999999999999, 9.0, 9.0, 9.0, 9.0, 9.0, 9.0, 9.0, 9.0]
T = 0.32768000000000014	 step = 270
125.82000000000005
25.727423904220778
[24.0, 27.0, 34.0, 29.0, 30.0, 20.0, 17.0, 41.0, 7.0, 11.0, 40.0, 41.0]
[42.0, 20.0, 44.0, 30.0, 9.0, 7.0, 18.0, 18.0, 6.0, 39.0, 33.0, 6.0]
[9.0, 7.999999999999999, 7.999999999999999, 9.0, 7.999999999999999, 7.999999999999999, 9.0, 9.0, 9.0, 9.0, 9.0, 9.0]
[7.999999999999999, 9.0, 9.0, 7.999999999999999, 9.0, 9.0, 9.0, 9.0, 9.0, 9.0, 9.0, 9.0]
T = 0.32768000000000014	 step = 271
125.92000000000002
25.712818587662333
[24.0, 27.0, 34.0, 28.0, 30.0, 20.0, 17.0, 41.0, 7.0, 11.0, 40.0, 41.0]
[42.0, 20.0, 44.0, 30.0, 9.0, 7.0, 18.0, 18.0, 6.0, 39.0, 33.0, 6.0]
[9.0, 7.999999999999999, 7.999999999999999, 9.0, 7.999999999999999, 7.999999999999999, 9.0, 9.0, 9.0, 9.0, 9.0, 9.0]
[7.999999999999999, 9.0, 9.0, 7.999999999999999, 9.0, 9.0, 9.0, 9.0, 9.0, 9.0, 9.0, 9.0]
T = 0.32768000000000014	 step = 272
125.94
25.61758049242424
[24.0, 27.0, 34.0, 28.0, 30.0, 20.0, 17.0, 41.0, 7.0, 11.0, 39.0, 41.0]
[42.0, 20.0, 44.0, 30.0, 9.0, 7.0, 18.0, 18.0, 6.0, 39.0, 33.0, 6.0]
[9.0, 7.999999999999999, 7.999999999999999, 9.0, 7.999999999999999, 7.999999999999999, 9.0, 9.0, 9.0, 9.0, 9.0, 9.0]
[7.999999999999999, 9.0, 9.0, 7.999999999999999, 9.0, 9.0, 9.0, 9.0, 9.0, 9.0, 9.0, 9.0]
T = 0.32768000000000014	 step = 273
125.80000000000001
25.57265117694805
[24.0, 27.0, 34.0, 28.0, 31.0, 20.0, 17.0, 41.0, 7.0, 11.0, 39.0, 41.0]
[42.0, 20.0, 44.0, 30.0, 9.0, 7.0, 18.0, 18.0, 6.0, 39.0, 33.0, 6.0]
[9.0, 7.999999999999999, 7.999999999999999, 9.0, 7.999999999999999, 7.999999999999999, 9.0, 9.0, 9.0, 9.0, 9.0, 9.0]
[7.999999999999999, 9.0, 9.0, 7.999999999999999, 9.0, 9.0, 9.0, 9.0, 9.0, 9.0, 9.0, 9.0]
T = 0.32768000000000014	 step = 274
125.28000000000003
25.7219916801948
[24.0, 27.0, 34.0, 28.0, 31.0, 20.0, 17.0, 41.0, 7.0, 11.0, 39.0, 41.0]
[42.0, 20.0, 44.0, 30.0, 8.0, 7.0, 18.0, 18.0, 6.0, 39.0, 33.0, 6.0]
[9.0, 7.999999999999999, 7.999999999999999, 9.0, 7.999999999999999, 7.999999999999999, 9.0, 9.0, 9.0, 9.0, 9.0, 9.0]
[7.999999999999999, 9.0, 9.0, 7.999999999999999, 9.0, 9.0, 9.0, 9.0, 9.0, 9.0, 9.0, 9.0]
T = 0.32768000000000014	 step = 275
125.31
25.722542951839824
[24.0, 27.0, 34.0, 27.0, 31.0, 20.0, 17.0, 41.0, 7.0, 11.0, 39.0, 41.0]
[42.0, 20.0, 44.0, 30.0, 8.0, 7.0, 18.0, 18.0, 6.0, 39.0, 33.0, 6.0]
[9.0, 7.999999999999999, 7.999999999999999, 9.0, 7.999999999999999, 7.999999999999999, 9.0, 9.0, 9.0, 9.0, 9.0, 9.0]
[7.999999999999999, 9.0, 9.0, 7.999999999999999, 9.0, 9.0, 9.0, 9.0, 9.0, 9.0, 9.0, 9.0]
T = 0.32768000000000014	 step = 276
124.91000000000003
29.67043526785714
[24.0, 27.0, 34.0, 27.0, 31.0, 5.0, 17.0, 41.0, 7.0, 11.0, 39.0, 41.0]
[42.0, 20.0, 44.0, 30.0, 8.0, 21.0, 18.0, 18.0, 6.0, 39.0, 33.0, 6.0]
[9.0, 7.999999999999999, 7.999999999999999, 9.0, 7.999999999999999, 7.999999999999999, 9.0, 9.0, 9.0, 9.0, 9.0, 9.0]
[7.999999999999999, 9.0, 9.0, 7.999999999999999, 9.0, 9.0, 9.0, 9.0, 9.0, 9.0, 9.0, 9.0]
T = 0.32768000000000014	 step = 277
124.77000000000004
29.45628483495671
[23.0, 27.0, 34.0, 27.0, 31.0, 5.0, 17.0, 41.0, 7.0, 11.0, 39.0, 41.0]
[42.0, 20.0, 44.0, 30.0, 8.0, 21.0, 18.0, 18.0, 6.0, 39.0, 33.0, 6.0]
[9.0, 7.999999999999999, 7.999999999999999, 9.0, 7.999999999999999, 7.999999999999999, 9.0, 9.0, 9.0, 9.0, 9.0, 9.0]
[7.999999999999999, 9.0, 9.0, 7.999999999999999, 9.0, 9.0, 9.0, 9.0, 9.0, 9.0, 9.0, 9.0]
T = 0.32768000000000014	 step = 278
124.74000000000001
29.551522930194803
[23.0, 27.0, 34.0, 27.0, 31.0, 5.0, 17.0, 42.0, 7.0, 11.0, 39.0, 41.0]
[42.0, 20.0, 44.0, 30.0, 8.0, 21.0, 18.0, 18.0, 6.0, 39.0, 33.0, 6.0]
[9.0, 7.999999999999999, 7.999999999999999, 9.0, 7.999999999999999, 7.999999999999999, 9.0, 9.0, 9.0, 9.0, 9.0, 9.0]
[7.999999999999999, 9.0, 9.0, 7.999999999999999, 9.0, 9.0, 9.0, 9.0, 9.0, 9.0, 9.0, 9.0]
T = 0.32768000000000014	 step = 279
124.82000000000005
29.59914197781385
[23.0, 27.0, 34.0, 27.0, 31.0, 5.0, 17.0, 42.0, 7.0, 11.0, 39.0, 41.0]
[42.0, 20.0, 44.0, 30.0, 8.0, 22.0, 18.0, 18.0, 6.0, 39.0, 33.0, 6.0]
[9.0, 7.999999999999999, 7.999999999999999, 9.0, 7.999999999999999, 7.999999999999999, 9.0, 9.0, 9.0, 9.0, 9.0, 9.0]
[7.999999999999999, 9.0, 9.0, 7.999999999999999, 9.0, 9.0, 9.0, 9.0, 9.0, 9.0, 9.0, 9.0]
T = 0.32768000000000014	 step = 280
124.83000000000004
29.503903882575756
[23.0, 27.0, 34.0, 27.0, 31.0, 5.0, 17.0, 42.0, 7.0, 11.0, 39.0, 41.0]
[42.0, 20.0, 44.0, 30.0, 8.0, 22.0, 18.0, 18.0, 6.0, 39.0, 32.0, 6.0]
[9.0, 7.999999999999999, 7.999999999999999, 9.0, 7.999999999999999, 7.999999999999999, 9.0, 9.0, 9.0, 9.0, 9.0, 9.0]
[7.999999999999999, 9.0, 9.0, 7.999999999999999, 9.0, 9.0, 9.0, 9.0, 9.0, 9.0, 9.0, 9.0]
T = 0.32768000000000014	 step = 281
124.86000000000001
29.336398471320344
[23.0, 28.0, 34.0, 27.0, 31.0, 5.0, 17.0, 42.0, 7.0, 11.0, 39.0, 41.0]
[42.0, 20.0, 44.0, 30.0, 8.0, 22.0, 18.0, 18.0, 6.0, 39.0, 32.0, 6.0]
[9.0, 7.999999999999999, 7.999999999999999, 9.0, 7.999999999999999, 7.999999999999999, 9.0, 9.0, 9.0, 9.0, 9.0, 9.0]
[7.999999999999999, 9.0, 9.0, 7.999999999999999, 9.0, 9.0, 9.0, 9.0, 9.0, 9.0, 9.0, 9.0]
T = 0.32768000000000014	 step = 282
124.85000000000002
29.43163656655844
[23.0, 28.0, 34.0, 27.0, 31.0, 5.0, 17.0, 42.0, 7.0, 11.0, 39.0, 41.0]
[42.0, 20.0, 44.0, 30.0, 8.0, 22.0, 18.0, 18.0, 6.0, 39.0, 33.0, 6.0]
[9.0, 7.999999999999999, 7.999999999999999, 9.0, 7.999999999999999, 7.999999999999999, 9.0, 9.0, 9.0, 9.0, 9.0, 9.0]
[7.999999999999999, 9.0, 9.0, 7.999999999999999, 9.0, 9.0, 9.0, 9.0, 9.0, 9.0, 9.0, 9.0]
T = 0.32768000000000014	 step = 283
124.70000000000005
29.669731804653676
[23.0, 28.0, 35.0, 27.0, 31.0, 5.0, 17.0, 42.0, 7.0, 11.0, 39.0, 41.0]
[42.0, 20.0, 44.0, 30.0, 8.0, 22.0, 18.0, 18.0, 6.0, 39.0, 33.0, 6.0]
[9.0, 7.999999999999999, 7.999999999999999, 9.0, 7.999999999999999, 7.999999999999999, 9.0, 9.0, 9.0, 9.0, 9.0, 9.0]
[7.999999999999999, 9.0, 9.0, 7.999999999999999, 9.0, 9.0, 9.0, 9.0, 9.0, 9.0, 9.0, 9.0]
T = 0.32768000000000014	 step = 284
124.67000000000002
29.76496989989177
[23.0, 28.0, 35.0, 27.0, 31.0, 5.0, 17.0, 42.0, 7.0, 10.0, 39.0, 41.0]
[42.0, 20.0, 44.0, 30.0, 8.0, 22.0, 18.0, 18.0, 6.0, 39.0, 33.0, 6.0]
[9.0, 7.999999999999999, 7.999999999999999, 9.0, 7.999999999999999, 7.999999999999999, 9.0, 9.0, 9.0, 9.0, 9.0, 9.0]
[7.999999999999999, 9.0, 9.0, 7.999999999999999, 9.0, 9.0, 9.0, 9.0, 9.0, 9.0, 9.0, 9.0]
T = 0.32768000000000014	 step = 285
124.52000000000004
29.782416125541122
[23.0, 28.0, 35.0, 28.0, 31.0, 5.0, 17.0, 42.0, 7.0, 10.0, 39.0, 41.0]
[42.0, 20.0, 44.0, 30.0, 8.0, 22.0, 18.0, 18.0, 6.0, 39.0, 33.0, 6.0]
[9.0, 7.999999999999999, 7.999999999999999, 9.0, 7.999999999999999, 7.999999999999999, 9.0, 9.0, 9.0, 9.0, 9.0, 9.0]
[7.999999999999999, 9.0, 9.0, 7.999999999999999, 9.0, 9.0, 9.0, 9.0, 9.0, 9.0, 9.0, 9.0]
T = 0.32768000000000014	 step = 286
124.76000000000005
29.54432088744588
[23.0, 28.0, 35.0, 28.0, 31.0, 6.0, 17.0, 42.0, 7.0, 10.0, 39.0, 41.0]
[42.0, 20.0, 44.0, 30.0, 8.0, 22.0, 18.0, 18.0, 6.0, 39.0, 33.0, 6.0]
[9.0, 7.999999999999999, 7.999999999999999, 9.0, 7.999999999999999, 7.999999999999999, 9.0, 9.0, 9.0, 9.0, 9.0, 9.0]
[7.999999999999999, 9.0, 9.0, 7.999999999999999, 9.0, 9.0, 9.0, 9.0, 9.0, 9.0, 9.0, 9.0]
T = 0.32768000000000014	 step = 287
124.73000000000002
29.63955898268398
[23.0, 28.0, 35.0, 28.0, 31.0, 6.0, 17.0, 42.0, 7.0, 10.0, 39.0, 41.0]
[42.0, 20.0, 44.0, 30.0, 8.0, 22.0, 17.0, 18.0, 6.0, 39.0, 33.0, 6.0]
[9.0, 7.999999999999999, 7.999999999999999, 9.0, 7.999999999999999, 7.999999999999999, 9.0, 9.0, 9.0, 9.0, 9.0, 9.0]
[7.999999999999999, 9.0, 9.0, 7.999999999999999, 9.0, 9.0, 9.0, 9.0, 9.0, 9.0, 9.0, 9.0]
T = 0.32768000000000014	 step = 288
124.72000000000003
29.734797077922074
[23.0, 28.0, 35.0, 28.0, 31.0, 6.0, 17.0, 42.0, 7.0, 10.0, 39.0, 41.0]
[42.0, 20.0, 44.0, 30.0, 8.0, 22.0, 17.0, 18.0, 6.0, 40.0, 33.0, 6.0]
[9.0, 7.999999999999999, 7.999999999999999, 9.0, 7.999999999999999, 7.999999999999999, 9.0, 9.0, 9.0, 9.0, 9.0, 9.0]
[7.999999999999999, 9.0, 9.0, 7.999999999999999, 9.0, 9.0, 9.0, 9.0, 9.0, 9.0, 9.0, 9.0]
T = 0.32768000000000014	 step = 289
124.71000000000004
29.83003517316017
[23.0, 28.0, 35.0, 28.0, 31.0, 6.0, 17.0, 42.0, 7.0, 10.0, 39.0, 42.0]
[42.0, 20.0, 44.0, 30.0, 8.0, 22.0, 17.0, 18.0, 6.0, 40.0, 33.0, 6.0]
[9.0, 7.999999999999999, 7.999999999999999, 9.0, 7.999999999999999, 7.999999999999999, 9.0, 9.0, 9.0, 9.0, 9.0, 9.0]
[7.999999999999999, 9.0, 9.0, 7.999999999999999, 9.0, 9.0, 9.0, 9.0, 9.0, 9.0, 9.0, 9.0]
T = 0.32768000000000014	 step = 290
124.74000000000001
29.734797077922074
[23.0, 28.0, 35.0, 28.0, 31.0, 6.0, 17.0, 41.0, 7.0, 10.0, 39.0, 42.0]
[42.0, 20.0, 44.0, 30.0, 8.0, 22.0, 17.0, 18.0, 6.0, 40.0, 33.0, 6.0]
[9.0, 7.999999999999999, 7.999999999999999, 9.0, 7.999999999999999, 7.999999999999999, 9.0, 9.0, 9.0, 9.0, 9.0, 9.0]
[7.999999999999999, 9.0, 9.0, 7.999999999999999, 9.0, 9.0, 9.0, 9.0, 9.0, 9.0, 9.0, 9.0]
T = 0.32768000000000014	 step = 291
124.76000000000005
29.639558982683983
[23.0, 28.0, 35.0, 28.0, 31.0, 6.0, 17.0, 41.0, 8.0, 10.0, 39.0, 42.0]
[42.0, 20.0, 44.0, 30.0, 8.0, 22.0, 17.0, 18.0, 6.0, 40.0, 33.0, 6.0]
[9.0, 7.999999999999999, 7.999999999999999, 9.0, 7.999999999999999, 7.999999999999999, 9.0, 9.0, 9.0, 9.0, 9.0, 9.0]
[7.999999999999999, 9.0, 9.0, 7.999999999999999, 9.0, 9.0, 9.0, 9.0, 9.0, 9.0, 9.0, 9.0]
T = 0.32768000000000014	 step = 292
124.77000000000004
29.54432088744589
[23.0, 28.0, 35.0, 28.0, 31.0, 6.0, 17.0, 41.0, 8.0, 10.0, 39.0, 42.0]
[42.0, 20.0, 44.0, 30.0, 8.0, 22.0, 17.0, 18.0, 6.0, 39.0, 33.0, 6.0]
[9.0, 7.999999999999999, 7.999999999999999, 9.0, 7.999999999999999, 7.999999999999999, 9.0, 9.0, 9.0, 9.0, 9.0, 9.0]
[7.999999999999999, 9.0, 9.0, 7.999999999999999, 9.0, 9.0, 9.0, 9.0, 9.0, 9.0, 9.0, 9.0]
T = 0.32768000000000014	 step = 293
124.74000000000001
29.584905303030304
[23.0, 28.0, 35.0, 28.0, 31.0, 6.0, 17.0, 41.0, 8.0, 10.0, 39.0, 42.0]
[42.0, 20.0, 44.0, 30.0, 8.0, 22.0, 17.0, 17.0, 6.0, 39.0, 33.0, 6.0]
[9.0, 7.999999999999999, 7.999999999999999, 9.0, 7.999999999999999, 7.999999999999999, 9.0, 9.0, 9.0, 9.0, 9.0, 9.0]
[7.999999999999999, 9.0, 9.0, 7.999999999999999, 9.0, 9.0, 9.0, 9.0, 9.0, 9.0, 9.0, 9.0]
T = 0.32768000000000014	 step = 294
124.68
29.678275500541126
[23.0, 28.0, 35.0, 28.0, 31.0, 6.0, 17.0, 41.0, 8.0, 10.0, 40.0, 42.0]
[42.0, 20.0, 44.0, 30.0, 8.0, 22.0, 17.0, 17.0, 6.0, 39.0, 33.0, 6.0]
[9.0, 7.999999999999999, 7.999999999999999, 9.0, 7.999999999999999, 7.999999999999999, 9.0, 9.0, 9.0, 9.0, 9.0, 9.0]
[7.999999999999999, 9.0, 9.0, 7.999999999999999, 9.0, 9.0, 9.0, 9.0, 9.0, 9.0, 9.0, 9.0]
T = 0.32768000000000014	 step = 295
124.69
29.58303740530303
[23.0, 28.0, 35.0, 28.0, 31.0, 6.0, 17.0, 41.0, 8.0, 10.0, 40.0, 42.0]
[42.0, 20.0, 44.0, 30.0, 8.0, 22.0, 17.0, 17.0, 6.0, 39.0, 32.0, 6.0]
[9.0, 7.999999999999999, 7.999999999999999, 9.0, 7.999999999999999, 7.999999999999999, 9.0, 9.0, 9.0, 9.0, 9.0, 9.0]
[7.999999999999999, 9.0, 9.0, 7.999999999999999, 9.0, 9.0, 9.0, 9.0, 9.0, 9.0, 9.0, 9.0]
T = 0.32768000000000014	 step = 296
124.68
29.678275500541123
[23.0, 28.0, 35.0, 28.0, 31.0, 6.0, 17.0, 41.0, 7.0, 10.0, 40.0, 42.0]
[42.0, 20.0, 44.0, 30.0, 8.0, 22.0, 17.0, 17.0, 6.0, 39.0, 32.0, 6.0]
[9.0, 7.999999999999999, 7.999999999999999, 9.0, 7.999999999999999, 7.999999999999999, 9.0, 9.0, 9.0, 9.0, 9.0, 9.0]
[7.999999999999999, 9.0, 9.0, 7.999999999999999, 9.0, 9.0, 9.0, 9.0, 9.0, 9.0, 9.0, 9.0]
T = 0.32768000000000014	 step = 297
124.49000000000001
29.72589454816017
[23.0, 28.0, 35.0, 29.0, 31.0, 6.0, 17.0, 41.0, 7.0, 10.0, 40.0, 42.0]
[42.0, 20.0, 44.0, 30.0, 8.0, 22.0, 17.0, 17.0, 6.0, 39.0, 32.0, 6.0]
[9.0, 7.999999999999999, 7.999999999999999, 9.0, 7.999999999999999, 7.999999999999999, 9.0, 9.0, 9.0, 9.0, 9.0, 9.0]
[7.999999999999999, 9.0, 9.0, 7.999999999999999, 9.0, 9.0, 9.0, 9.0, 9.0, 9.0, 9.0, 9.0]
T = 0.32768000000000014	 step = 298
124.40000000000003
29.583037405303028
[23.0, 28.0, 35.0, 29.0, 31.0, 6.0, 17.0, 41.0, 7.0, 10.0, 40.0, 42.0]
[42.0, 20.0, 44.0, 31.0, 8.0, 22.0, 17.0, 17.0, 6.0, 39.0, 32.0, 6.0]
[9.0, 7.999999999999999, 7.999999999999999, 9.0, 7.999999999999999, 7.999999999999999, 9.0, 9.0, 9.0, 9.0, 9.0, 9.0]
[7.999999999999999, 9.0, 9.0, 7.999999999999999, 9.0, 9.0, 9.0, 9.0, 9.0, 9.0, 9.0, 9.0]
T = 0.32768000000000014	 step = 299
124.49000000000001
29.72589454816017
[23.0, 28.0, 35.0, 29.0, 31.0, 6.0, 17.0, 41.0, 7.0, 10.0, 40.0, 42.0]
[42.0, 20.0, 44.0, 30.0, 8.0, 22.0, 17.0, 17.0, 6.0, 39.0, 32.0, 6.0]
[9.0, 7.999999999999999, 7.999999999999999, 9.0, 7.999999999999999, 7.999999999999999, 9.0, 9.0, 9.0, 9.0, 9.0, 9.0]
[7.999999999999999, 9.0, 9.0, 7.999999999999999, 9.0, 9.0, 9.0, 9.0, 9.0, 9.0, 9.0, 9.0]
T = 0.32768000000000014	 step = 300
124.26000000000005
29.964546130952378
[23.0, 28.0, 35.0, 29.0, 31.0, 5.0, 17.0, 41.0, 7.0, 10.0, 40.0, 42.0]
[42.0, 20.0, 44.0, 30.0, 8.0, 22.0, 17.0, 17.0, 6.0, 39.0, 32.0, 6.0]
[9.0, 7.999999999999999, 7.999999999999999, 9.0, 7.999999999999999, 7.999999999999999, 9.0, 9.0, 9.0, 9.0, 9.0, 9.0]
[7.999999999999999, 9.0, 9.0, 7.999999999999999, 9.0, 9.0, 9.0, 9.0, 9.0, 9.0, 9.0, 9.0]
T = 0.32768000000000014	 step = 301
124.08000000000004
30.20264136904762
[23.0, 28.0, 36.0, 29.0, 31.0, 5.0, 17.0, 41.0, 7.0, 10.0, 40.0, 42.0]
[42.0, 20.0, 44.0, 30.0, 8.0, 22.0, 17.0, 17.0, 6.0, 39.0, 32.0, 6.0]
[9.0, 7.999999999999999, 7.999999999999999, 9.0, 7.999999999999999, 7.999999999999999, 9.0, 9.0, 9.0, 9.0, 9.0, 9.0]
[7.999999999999999, 9.0, 9.0, 7.999999999999999, 9.0, 9.0, 9.0, 9.0, 9.0, 9.0, 9.0, 9.0]
T = 0.2621440000000001	 step = 302
124.07000000000005
30.297879464285714
[23.0, 28.0, 36.0, 29.0, 31.0, 5.0, 17.0, 41.0, 7.0, 10.0, 40.0, 43.0]
[42.0, 20.0, 44.0, 30.0, 8.0, 22.0, 17.0, 17.0, 6.0, 39.0, 32.0, 6.0]
[9.0, 7.999999999999999, 7.999999999999999, 9.0, 7.999999999999999, 7.999999999999999, 9.0, 9.0, 9.0, 9.0, 9.0, 9.0]
[7.999999999999999, 9.0, 9.0, 7.999999999999999, 9.0, 9.0, 9.0, 9.0, 9.0, 9.0, 9.0, 9.0]
T = 0.2621440000000001	 step = 303
124.46000000000004
30.059784226190473
[23.0, 28.0, 36.0, 29.0, 31.0, 5.0, 17.0, 41.0, 7.0, 10.0, 40.0, 43.0]
[42.0, 20.0, 43.0, 30.0, 8.0, 22.0, 17.0, 17.0, 6.0, 39.0, 32.0, 6.0]
[9.0, 7.999999999999999, 7.999999999999999, 9.0, 7.999999999999999, 7.999999999999999, 9.0, 9.0, 9.0, 9.0, 9.0, 9.0]
[7.999999999999999, 9.0, 9.0, 7.999999999999999, 9.0, 9.0, 9.0, 9.0, 9.0, 9.0, 9.0, 9.0]
T = 0.2621440000000001	 step = 304
124.07000000000005
30.297879464285714
[23.0, 28.0, 36.0, 29.0, 31.0, 5.0, 17.0, 41.0, 7.0, 10.0, 40.0, 43.0]
[42.0, 20.0, 44.0, 30.0, 8.0, 22.0, 17.0, 17.0, 6.0, 39.0, 32.0, 6.0]
[9.0, 7.999999999999999, 7.999999999999999, 9.0, 7.999999999999999, 7.999999999999999, 9.0, 9.0, 9.0, 9.0, 9.0, 9.0]
[7.999999999999999, 9.0, 9.0, 7.999999999999999, 9.0, 9.0, 9.0, 9.0, 9.0, 9.0, 9.0, 9.0]
T = 0.2621440000000001	 step = 305
123.80000000000001
30.53541835768398
[23.0, 28.0, 36.0, 29.0, 31.0, 5.0, 17.0, 41.0, 7.0, 10.0, 40.0, 43.0]
[42.0, 20.0, 44.0, 30.0, 7.0, 22.0, 17.0, 17.0, 6.0, 39.0, 32.0, 6.0]
[9.0, 7.999999999999999, 7.999999999999999, 9.0, 7.999999999999999, 7.999999999999999, 9.0, 9.0, 9.0, 9.0, 9.0, 9.0]
[7.999999999999999, 9.0, 9.0, 7.999999999999999, 9.0, 9.0, 9.0, 9.0, 9.0, 9.0, 9.0, 9.0]
T = 0.2621440000000001	 step = 306
123.79000000000002
30.630656452922075
[23.0, 28.0, 36.0, 29.0, 31.0, 5.0, 17.0, 41.0, 6.0, 10.0, 40.0, 43.0]
[42.0, 20.0, 44.0, 30.0, 7.0, 22.0, 17.0, 17.0, 6.0, 39.0, 32.0, 6.0]
[9.0, 7.999999999999999, 7.999999999999999, 9.0, 7.999999999999999, 7.999999999999999, 9.0, 9.0, 9.0, 9.0, 9.0, 9.0]
[7.999999999999999, 9.0, 9.0, 7.999999999999999, 9.0, 9.0, 9.0, 9.0, 9.0, 9.0, 9.0, 9.0]
T = 0.2621440000000001	 step = 307
123.95000000000005
30.583037405303024
[23.0, 28.0, 36.0, 28.0, 31.0, 5.0, 17.0, 41.0, 6.0, 10.0, 40.0, 43.0]
[42.0, 20.0, 44.0, 30.0, 7.0, 22.0, 17.0, 17.0, 6.0, 39.0, 32.0, 6.0]
[9.0, 7.999999999999999, 7.999999999999999, 9.0, 7.999999999999999, 7.999999999999999, 9.0, 9.0, 9.0, 9.0, 9.0, 9.0]
[7.999999999999999, 9.0, 9.0, 7.999999999999999, 9.0, 9.0, 9.0, 9.0, 9.0, 9.0, 9.0, 9.0]
T = 0.2621440000000001	 step = 308
123.99000000000001
30.487799310064926
[23.0, 28.0, 36.0, 28.0, 31.0, 5.0, 17.0, 41.0, 6.0, 11.0, 40.0, 43.0]
[42.0, 20.0, 44.0, 30.0, 7.0, 22.0, 17.0, 17.0, 6.0, 39.0, 32.0, 6.0]
[9.0, 7.999999999999999, 7.999999999999999, 9.0, 7.999999999999999, 7.999999999999999, 9.0, 9.0, 9.0, 9.0, 9.0, 9.0]
[7.999999999999999, 9.0, 9.0, 7.999999999999999, 9.0, 9.0, 9.0, 9.0, 9.0, 9.0, 9.0, 9.0]
T = 0.2621440000000001	 step = 309
124.02000000000004
30.392561214826834
[23.0, 28.0, 36.0, 28.0, 31.0, 5.0, 17.0, 41.0, 6.0, 12.0, 40.0, 43.0]
[42.0, 20.0, 44.0, 30.0, 7.0, 22.0, 17.0, 17.0, 6.0, 39.0, 32.0, 6.0]
[9.0, 7.999999999999999, 7.999999999999999, 9.0, 7.999999999999999, 7.999999999999999, 9.0, 9.0, 9.0, 9.0, 9.0, 9.0]
[7.999999999999999, 9.0, 9.0, 7.999999999999999, 9.0, 9.0, 9.0, 9.0, 9.0, 9.0, 9.0, 9.0]
T = 0.2621440000000001	 step = 310
124.21000000000004
30.51448187229437
[24.0, 28.0, 36.0, 28.0, 31.0, 5.0, 17.0, 41.0, 6.0, 12.0, 40.0, 43.0]
[42.0, 20.0, 44.0, 30.0, 7.0, 22.0, 17.0, 17.0, 6.0, 39.0, 32.0, 6.0]
[9.0, 7.999999999999999, 7.999999999999999, 9.0, 7.999999999999999, 7.999999999999999, 9.0, 9.0, 9.0, 9.0, 9.0, 9.0]
[7.999999999999999, 9.0, 9.0, 7.999999999999999, 9.0, 9.0, 9.0, 9.0, 9.0, 9.0, 9.0, 9.0]
T = 0.2621440000000001	 step = 311
124.02000000000004
30.392561214826834
[23.0, 28.0, 36.0, 28.0, 31.0, 5.0, 17.0, 41.0, 6.0, 12.0, 40.0, 43.0]
[42.0, 20.0, 44.0, 30.0, 7.0, 22.0, 17.0, 17.0, 6.0, 39.0, 32.0, 6.0]
[9.0, 7.999999999999999, 7.999999999999999, 9.0, 7.999999999999999, 7.999999999999999, 9.0, 9.0, 9.0, 9.0, 9.0, 9.0]
[7.999999999999999, 9.0, 9.0, 7.999999999999999, 9.0, 9.0, 9.0, 9.0, 9.0, 9.0, 9.0, 9.0]
T = 0.2621440000000001	 step = 312
124.09000000000003
30.299191017316016
[23.0, 28.0, 36.0, 28.0, 31.0, 5.0, 17.0, 41.0, 6.0, 12.0, 39.0, 43.0]
[42.0, 20.0, 44.0, 30.0, 7.0, 22.0, 17.0, 17.0, 6.0, 39.0, 32.0, 6.0]
[9.0, 7.999999999999999, 7.999999999999999, 9.0, 7.999999999999999, 7.999999999999999, 9.0, 9.0, 9.0, 9.0, 9.0, 9.0]
[7.999999999999999, 9.0, 9.0, 7.999999999999999, 9.0, 9.0, 9.0, 9.0, 9.0, 9.0, 9.0, 9.0]
T = 0.2621440000000001	 step = 313
123.99000000000001
30.15633387445887
[23.0, 28.0, 36.0, 28.0, 31.0, 5.0, 17.0, 41.0, 6.0, 12.0, 39.0, 43.0]
[42.0, 20.0, 44.0, 31.0, 7.0, 22.0, 17.0, 17.0, 6.0, 39.0, 32.0, 6.0]
[9.0, 7.999999999999999, 7.999999999999999, 9.0, 7.999999999999999, 7.999999999999999, 9.0, 9.0, 9.0, 9.0, 9.0, 9.0]
[7.999999999999999, 9.0, 9.0, 7.999999999999999, 9.0, 9.0, 9.0, 9.0, 9.0, 9.0, 9.0, 9.0]
T = 0.2621440000000001	 step = 314
123.91000000000003
30.108714826839826
[23.0, 28.0, 36.0, 28.0, 31.0, 5.0, 17.0, 41.0, 6.0, 12.0, 39.0, 43.0]
[42.0, 20.0, 44.0, 31.0, 7.0, 21.0, 17.0, 17.0, 6.0, 39.0, 32.0, 6.0]
[9.0, 7.999999999999999, 7.999999999999999, 9.0, 7.999999999999999, 7.999999999999999, 9.0, 9.0, 9.0, 9.0, 9.0, 9.0]
[7.999999999999999, 9.0, 9.0, 7.999999999999999, 9.0, 9.0, 9.0, 9.0, 9.0, 9.0, 9.0, 9.0]
T = 0.2621440000000001	 step = 315
123.92000000000002
30.01347673160173
[23.0, 28.0, 36.0, 28.0, 31.0, 5.0, 17.0, 41.0, 6.0, 12.0, 39.0, 43.0]
[42.0, 20.0, 44.0, 31.0, 7.0, 21.0, 17.0, 17.0, 6.0, 39.0, 31.0, 6.0]
[9.0, 7.999999999999999, 7.999999999999999, 9.0, 7.999999999999999, 7.999999999999999, 9.0, 9.0, 9.0, 9.0, 9.0, 9.0]
[7.999999999999999, 9.0, 9.0, 7.999999999999999, 9.0, 9.0, 9.0, 9.0, 9.0, 9.0, 9.0, 9.0]
T = 0.2621440000000001	 step = 316
123.89000000000004
30.108714826839826
[23.0, 28.0, 36.0, 28.0, 31.0, 5.0, 16.0, 41.0, 6.0, 12.0, 39.0, 43.0]
[42.0, 20.0, 44.0, 31.0, 7.0, 21.0, 17.0, 17.0, 6.0, 39.0, 31.0, 6.0]
[9.0, 7.999999999999999, 7.999999999999999, 9.0, 7.999999999999999, 7.999999999999999, 9.0, 9.0, 9.0, 9.0, 9.0, 9.0]
[7.999999999999999, 9.0, 9.0, 7.999999999999999, 9.0, 9.0, 9.0, 9.0, 9.0, 9.0, 9.0, 9.0]
T = 0.2621440000000001	 step = 317
123.99000000000001
30.251571969696965
[23.0, 28.0, 36.0, 28.0, 31.0, 5.0, 16.0, 41.0, 6.0, 12.0, 39.0, 43.0]
[42.0, 20.0, 44.0, 30.0, 7.0, 21.0, 17.0, 17.0, 6.0, 39.0, 31.0, 6.0]
[9.0, 7.999999999999999, 7.999999999999999, 9.0, 7.999999999999999, 7.999999999999999, 9.0, 9.0, 9.0, 9.0, 9.0, 9.0]
[7.999999999999999, 9.0, 9.0, 7.999999999999999, 9.0, 9.0, 9.0, 9.0, 9.0, 9.0, 9.0, 9.0]
T = 0.2621440000000001	 step = 318
123.81
29.965857683982684
[23.0, 28.0, 36.0, 28.0, 31.0, 5.0, 16.0, 41.0, 6.0, 12.0, 39.0, 43.0]
[42.0, 20.0, 44.0, 32.0, 7.0, 21.0, 17.0, 17.0, 6.0, 39.0, 31.0, 6.0]
[9.0, 7.999999999999999, 7.999999999999999, 9.0, 7.999999999999999, 7.999999999999999, 9.0, 9.0, 9.0, 9.0, 9.0, 9.0]
[7.999999999999999, 9.0, 9.0, 7.999999999999999, 9.0, 9.0, 9.0, 9.0, 9.0, 9.0, 9.0, 9.0]
T = 0.2621440000000001	 step = 319
123.79000000000002
29.823000541125538
[23.0, 29.0, 36.0, 28.0, 31.0, 5.0, 16.0, 41.0, 6.0, 12.0, 39.0, 43.0]
[42.0, 20.0, 44.0, 32.0, 7.0, 21.0, 17.0, 17.0, 6.0, 39.0, 31.0, 6.0]
[9.0, 7.999999999999999, 7.999999999999999, 9.0, 7.999999999999999, 7.999999999999999, 9.0, 9.0, 9.0, 9.0, 9.0, 9.0]
[7.999999999999999, 9.0, 9.0, 7.999999999999999, 9.0, 9.0, 9.0, 9.0, 9.0, 9.0, 9.0, 9.0]
T = 0.2621440000000001	 step = 320
123.82000000000005
29.727762445887443
[23.0, 29.0, 36.0, 28.0, 31.0, 5.0, 17.0, 41.0, 6.0, 12.0, 39.0, 43.0]
[42.0, 20.0, 44.0, 32.0, 7.0, 21.0, 17.0, 17.0, 6.0, 39.0, 31.0, 6.0]
[9.0, 7.999999999999999, 7.999999999999999, 9.0, 7.999999999999999, 7.999999999999999, 9.0, 9.0, 9.0, 9.0, 9.0, 9.0]
[7.999999999999999, 9.0, 9.0, 7.999999999999999, 9.0, 9.0, 9.0, 9.0, 9.0, 9.0, 9.0, 9.0]
T = 0.2621440000000001	 step = 321
123.84000000000003
29.584905303030297
[23.0, 29.0, 36.0, 28.0, 31.0, 5.0, 17.0, 41.0, 6.0, 12.0, 39.0, 43.0]
[42.0, 20.0, 44.0, 33.0, 7.0, 21.0, 17.0, 17.0, 6.0, 39.0, 31.0, 6.0]
[9.0, 7.999999999999999, 7.999999999999999, 9.0, 7.999999999999999, 7.999999999999999, 9.0, 9.0, 9.0, 9.0, 9.0, 9.0]
[7.999999999999999, 9.0, 9.0, 7.999999999999999, 9.0, 9.0, 9.0, 9.0, 9.0, 9.0, 9.0, 9.0]
T = 0.2621440000000001	 step = 322
123.74000000000001
29.537286255411257
[23.0, 29.0, 36.0, 28.0, 31.0, 5.0, 17.0, 41.0, 6.0, 12.0, 39.0, 43.0]
[42.0, 20.0, 44.0, 33.0, 7.0, 20.0, 17.0, 17.0, 6.0, 39.0, 31.0, 6.0]
[9.0, 7.999999999999999, 7.999999999999999, 9.0, 7.999999999999999, 7.999999999999999, 9.0, 9.0, 9.0, 9.0, 9.0, 9.0]
[7.999999999999999, 9.0, 9.0, 7.999999999999999, 9.0, 9.0, 9.0, 9.0, 9.0, 9.0, 9.0, 9.0]
T = 0.2621440000000001	 step = 323
123.75
29.63252435064935
[23.0, 29.0, 36.0, 28.0, 31.0, 5.0, 17.0, 41.0, 6.0, 12.0, 39.0, 43.0]
[42.0, 20.0, 44.0, 33.0, 7.0, 20.0, 17.0, 17.0, 6.0, 39.0, 32.0, 6.0]
[9.0, 7.999999999999999, 7.999999999999999, 9.0, 7.999999999999999, 7.999999999999999, 9.0, 9.0, 9.0, 9.0, 9.0, 9.0]
[7.999999999999999, 9.0, 9.0, 7.999999999999999, 9.0, 9.0, 9.0, 9.0, 9.0, 9.0, 9.0, 9.0]
T = 0.2621440000000001	 step = 324
124.76000000000005
29.442048160173158
[23.0, 29.0, 36.0, 28.0, 31.0, 7.0, 17.0, 41.0, 6.0, 12.0, 39.0, 43.0]
[42.0, 20.0, 44.0, 33.0, 7.0, 26.0, 17.0, 17.0, 6.0, 39.0, 32.0, 6.0]
[9.0, 7.999999999999999, 7.999999999999999, 9.0, 7.999999999999999, 7.999999999999999, 9.0, 9.0, 9.0, 9.0, 9.0, 9.0]
[7.999999999999999, 9.0, 9.0, 7.999999999999999, 9.0, 9.0, 9.0, 9.0, 9.0, 9.0, 9.0, 9.0]
T = 0.2621440000000001	 step = 325
125.08000000000004
29.539320549242422
[24.0, 29.0, 36.0, 28.0, 31.0, 7.0, 17.0, 41.0, 6.0, 12.0, 39.0, 43.0]
[42.0, 20.0, 44.0, 33.0, 7.0, 26.0, 17.0, 17.0, 6.0, 39.0, 32.0, 6.0]
[9.0, 7.999999999999999, 7.999999999999999, 9.0, 7.999999999999999, 7.999999999999999, 9.0, 9.0, 9.0, 9.0, 9.0, 9.0]
[7.999999999999999, 9.0, 9.0, 7.999999999999999, 9.0, 9.0, 9.0, 9.0, 9.0, 9.0, 9.0, 9.0]
T = 0.2621440000000001	 step = 326
125.23000000000002
29.543514272186144
[24.0, 29.0, 36.0, 27.0, 31.0, 7.0, 17.0, 41.0, 6.0, 12.0, 39.0, 43.0]
[42.0, 20.0, 44.0, 33.0, 7.0, 26.0, 17.0, 17.0, 6.0, 39.0, 32.0, 6.0]
[9.0, 7.999999999999999, 7.999999999999999, 9.0, 7.999999999999999, 7.999999999999999, 9.0, 9.0, 9.0, 9.0, 9.0, 9.0]
[7.999999999999999, 9.0, 9.0, 7.999999999999999, 9.0, 9.0, 9.0, 9.0, 9.0, 9.0, 9.0, 9.0]
T = 0.2621440000000001	 step = 327
125.25
29.44827617694805
[24.0, 29.0, 36.0, 27.0, 31.0, 7.0, 17.0, 41.0, 6.0, 12.0, 39.0, 43.0]
[42.0, 20.0, 44.0, 33.0, 7.0, 26.0, 17.0, 17.0, 6.0, 38.0, 32.0, 6.0]
[9.0, 7.999999999999999, 7.999999999999999, 9.0, 7.999999999999999, 7.999999999999999, 9.0, 9.0, 9.0, 9.0, 9.0, 9.0]
[7.999999999999999, 9.0, 9.0, 7.999999999999999, 9.0, 9.0, 9.0, 9.0, 9.0, 9.0, 9.0, 9.0]
T = 0.2621440000000001	 step = 328
125.21000000000004
29.543514272186144
[24.0, 29.0, 36.0, 27.0, 31.0, 7.0, 17.0, 41.0, 6.0, 12.0, 39.0, 43.0]
[42.0, 20.0, 44.0, 33.0, 7.0, 26.0, 16.0, 17.0, 6.0, 38.0, 32.0, 6.0]
[9.0, 7.999999999999999, 7.999999999999999, 9.0, 7.999999999999999, 7.999999999999999, 9.0, 9.0, 9.0, 9.0, 9.0, 9.0]
[7.999999999999999, 9.0, 9.0, 7.999999999999999, 9.0, 9.0, 9.0, 9.0, 9.0, 9.0, 9.0, 9.0]
T = 0.2621440000000001	 step = 329
124.73000000000002
29.550548904220776
[24.0, 29.0, 36.0, 27.0, 31.0, 7.0, 17.0, 41.0, 6.0, 12.0, 39.0, 43.0]
[42.0, 19.0, 44.0, 33.0, 7.0, 26.0, 16.0, 17.0, 6.0, 38.0, 32.0, 6.0]
[9.0, 7.999999999999999, 7.999999999999999, 9.0, 7.999999999999999, 7.999999999999999, 9.0, 9.0, 9.0, 9.0, 9.0, 9.0]
[7.999999999999999, 9.0, 9.0, 7.999999999999999, 9.0, 9.0, 9.0, 9.0, 9.0, 9.0, 9.0, 9.0]
T = 0.2621440000000001	 step = 330
124.75
29.45531080898268
[24.0, 29.0, 36.0, 27.0, 31.0, 7.0, 17.0, 41.0, 6.0, 12.0, 39.0, 43.0]
[42.0, 19.0, 44.0, 33.0, 7.0, 26.0, 16.0, 17.0, 7.0, 38.0, 32.0, 6.0]
[9.0, 7.999999999999999, 7.999999999999999, 9.0, 7.999999999999999, 7.999999999999999, 9.0, 9.0, 9.0, 9.0, 9.0, 9.0]
[7.999999999999999, 9.0, 9.0, 7.999999999999999, 9.0, 9.0, 9.0, 9.0, 9.0, 9.0, 9.0, 9.0]
T = 0.2621440000000001	 step = 331
124.63
29.407691761363633
[24.0, 29.0, 36.0, 27.0, 31.0, 7.0, 17.0, 41.0, 6.0, 12.0, 39.0, 43.0]
[42.0, 19.0, 44.0, 33.0, 7.0, 25.0, 16.0, 17.0, 7.0, 38.0, 32.0, 6.0]
[9.0, 7.999999999999999, 7.999999999999999, 9.0, 7.999999999999999, 7.999999999999999, 9.0, 9.0, 9.0, 9.0, 9.0, 9.0]
[7.999999999999999, 9.0, 9.0, 7.999999999999999, 9.0, 9.0, 9.0, 9.0, 9.0, 9.0, 9.0, 9.0]
T = 0.2621440000000001	 step = 332
124.58000000000004
29.502929856601728
[24.0, 29.0, 36.0, 27.0, 31.0, 7.0, 17.0, 41.0, 6.0, 11.0, 39.0, 43.0]
[42.0, 19.0, 44.0, 33.0, 7.0, 25.0, 16.0, 17.0, 7.0, 38.0, 32.0, 6.0]
[9.0, 7.999999999999999, 7.999999999999999, 9.0, 7.999999999999999, 7.999999999999999, 9.0, 9.0, 9.0, 9.0, 9.0, 9.0]
[7.999999999999999, 9.0, 9.0, 7.999999999999999, 9.0, 9.0, 9.0, 9.0, 9.0, 9.0, 9.0, 9.0]
T = 0.2621440000000001	 step = 333
124.59000000000003
29.407691761363633
[24.0, 29.0, 36.0, 27.0, 31.0, 7.0, 17.0, 41.0, 6.0, 11.0, 39.0, 42.0]
[42.0, 19.0, 44.0, 33.0, 7.0, 25.0, 16.0, 17.0, 7.0, 38.0, 32.0, 6.0]
[9.0, 7.999999999999999, 7.999999999999999, 9.0, 7.999999999999999, 7.999999999999999, 9.0, 9.0, 9.0, 9.0, 9.0, 9.0]
[7.999999999999999, 9.0, 9.0, 7.999999999999999, 9.0, 9.0, 9.0, 9.0, 9.0, 9.0, 9.0, 9.0]
T = 0.2621440000000001	 step = 334
123.94
29.64578699945887
[24.0, 29.0, 36.0, 27.0, 31.0, 7.0, 17.0, 41.0, 6.0, 11.0, 39.0, 42.0]
[43.0, 19.0, 44.0, 33.0, 7.0, 25.0, 16.0, 17.0, 7.0, 38.0, 32.0, 6.0]
[9.0, 7.999999999999999, 7.999999999999999, 9.0, 7.999999999999999, 7.999999999999999, 9.0, 9.0, 9.0, 9.0, 9.0, 9.0]
[7.999999999999999, 9.0, 9.0, 7.999999999999999, 9.0, 9.0, 9.0, 9.0, 9.0, 9.0, 9.0, 9.0]
T = 0.2621440000000001	 step = 335
123.87
29.739713541666664
[24.0, 29.0, 36.0, 27.0, 31.0, 7.0, 17.0, 41.0, 6.0, 11.0, 40.0, 42.0]
[43.0, 19.0, 44.0, 33.0, 7.0, 25.0, 16.0, 17.0, 7.0, 38.0, 32.0, 6.0]
[9.0, 7.999999999999999, 7.999999999999999, 9.0, 7.999999999999999, 7.999999999999999, 9.0, 9.0, 9.0, 9.0, 9.0, 9.0]
[7.999999999999999, 9.0, 9.0, 7.999999999999999, 9.0, 9.0, 9.0, 9.0, 9.0, 9.0, 9.0, 9.0]
T = 0.2621440000000001	 step = 336
123.88
29.675692302489175
[24.0, 29.0, 36.0, 27.0, 31.0, 7.0, 17.0, 41.0, 6.0, 11.0, 40.0, 42.0]
[43.0, 19.0, 44.0, 33.0, 7.0, 25.0, 16.0, 17.0, 7.0, 37.0, 32.0, 6.0]
[9.0, 7.999999999999999, 7.999999999999999, 9.0, 7.999999999999999, 7.999999999999999, 9.0, 9.0, 9.0, 9.0, 9.0, 9.0]
[7.999999999999999, 9.0, 9.0, 7.999999999999999, 9.0, 9.0, 9.0, 9.0, 9.0, 9.0, 9.0, 9.0]
T = 0.2621440000000001	 step = 337
124.17000000000002
29.437597064393934
[24.0, 29.0, 35.0, 27.0, 31.0, 7.0, 17.0, 41.0, 6.0, 11.0, 40.0, 42.0]
[43.0, 19.0, 44.0, 33.0, 7.0, 25.0, 16.0, 17.0, 7.0, 37.0, 32.0, 6.0]
[9.0, 7.999999999999999, 7.999999999999999, 9.0, 7.999999999999999, 7.999999999999999, 9.0, 9.0, 9.0, 9.0, 9.0, 9.0]
[7.999999999999999, 9.0, 9.0, 7.999999999999999, 9.0, 9.0, 9.0, 9.0, 9.0, 9.0, 9.0, 9.0]
T = 0.2621440000000001	 step = 338
124.25
28.960850243506492
[24.0, 29.0, 35.0, 27.0, 31.0, 7.0, 17.0, 41.0, 6.0, 11.0, 40.0, 42.0]
[43.0, 19.0, 44.0, 33.0, 7.0, 25.0, 16.0, 17.0, 12.0, 37.0, 32.0, 6.0]
[9.0, 7.999999999999999, 7.999999999999999, 9.0, 7.999999999999999, 7.999999999999999, 9.0, 9.0, 9.0, 9.0, 9.0, 9.0]
[7.999999999999999, 9.0, 9.0, 7.999999999999999, 9.0, 9.0, 9.0, 9.0, 9.0, 9.0, 9.0, 9.0]
T = 0.2621440000000001	 step = 339
124.21000000000004
29.056088338744587
[24.0, 29.0, 35.0, 27.0, 31.0, 7.0, 17.0, 41.0, 6.0, 11.0, 40.0, 42.0]
[43.0, 19.0, 44.0, 33.0, 7.0, 25.0, 15.0, 17.0, 12.0, 37.0, 32.0, 6.0]
[9.0, 7.999999999999999, 7.999999999999999, 9.0, 7.999999999999999, 7.999999999999999, 9.0, 9.0, 9.0, 9.0, 9.0, 9.0]
[7.999999999999999, 9.0, 9.0, 7.999999999999999, 9.0, 9.0, 9.0, 9.0, 9.0, 9.0, 9.0, 9.0]
T = 0.2621440000000001	 step = 340
123.95000000000005
29.294183576839824
[24.0, 29.0, 35.0, 27.0, 31.0, 6.0, 17.0, 41.0, 6.0, 11.0, 40.0, 42.0]
[43.0, 19.0, 44.0, 33.0, 7.0, 25.0, 15.0, 17.0, 12.0, 37.0, 32.0, 6.0]
[9.0, 7.999999999999999, 7.999999999999999, 9.0, 7.999999999999999, 7.999999999999999, 9.0, 9.0, 9.0, 9.0, 9.0, 9.0]
[7.999999999999999, 9.0, 9.0, 7.999999999999999, 9.0, 9.0, 9.0, 9.0, 9.0, 9.0, 9.0, 9.0]
T = 0.2621440000000001	 step = 341
123.96000000000004
29.19894548160173
[24.0, 29.0, 35.0, 27.0, 31.0, 6.0, 17.0, 41.0, 6.0, 11.0, 40.0, 42.0]
[43.0, 19.0, 44.0, 33.0, 7.0, 25.0, 15.0, 17.0, 13.0, 37.0, 32.0, 6.0]
[9.0, 7.999999999999999, 7.999999999999999, 9.0, 7.999999999999999, 7.999999999999999, 9.0, 9.0, 9.0, 9.0, 9.0, 9.0]
[7.999999999999999, 9.0, 9.0, 7.999999999999999, 9.0, 9.0, 9.0, 9.0, 9.0, 9.0, 9.0, 9.0]
T = 0.2621440000000001	 step = 342
123.82000000000005
29.310585768398266
[24.0, 29.0, 35.0, 27.0, 31.0, 6.0, 17.0, 41.0, 6.0, 11.0, 40.0, 42.0]
[43.0, 19.0, 44.0, 32.0, 7.0, 25.0, 15.0, 17.0, 13.0, 37.0, 32.0, 6.0]
[9.0, 7.999999999999999, 7.999999999999999, 9.0, 7.999999999999999, 7.999999999999999, 9.0, 9.0, 9.0, 9.0, 9.0, 9.0]
[7.999999999999999, 9.0, 9.0, 7.999999999999999, 9.0, 9.0, 9.0, 9.0, 9.0, 9.0, 9.0, 9.0]
T = 0.2621440000000001	 step = 343
123.87
29.21534767316017
[24.0, 29.0, 35.0, 27.0, 31.0, 6.0, 17.0, 41.0, 6.0, 12.0, 40.0, 42.0]
[43.0, 19.0, 44.0, 32.0, 7.0, 25.0, 15.0, 17.0, 13.0, 37.0, 32.0, 6.0]
[9.0, 7.999999999999999, 7.999999999999999, 9.0, 7.999999999999999, 7.999999999999999, 9.0, 9.0, 9.0, 9.0, 9.0, 9.0]
[7.999999999999999, 9.0, 9.0, 7.999999999999999, 9.0, 9.0, 9.0, 9.0, 9.0, 9.0, 9.0, 9.0]
T = 0.2621440000000001	 step = 344
123.62
29.453442911255408
[24.0, 29.0, 36.0, 27.0, 31.0, 6.0, 17.0, 41.0, 6.0, 12.0, 40.0, 42.0]
[43.0, 19.0, 44.0, 32.0, 7.0, 25.0, 15.0, 17.0, 13.0, 37.0, 32.0, 6.0]
[9.0, 7.999999999999999, 7.999999999999999, 9.0, 7.999999999999999, 7.999999999999999, 9.0, 9.0, 9.0, 9.0, 9.0, 9.0]
[7.999999999999999, 9.0, 9.0, 7.999999999999999, 9.0, 9.0, 9.0, 9.0, 9.0, 9.0, 9.0, 9.0]
T = 0.2621440000000001	 step = 345
123.65000000000003
29.412858495670992
[24.0, 29.0, 36.0, 27.0, 31.0, 6.0, 17.0, 41.0, 6.0, 12.0, 40.0, 42.0]
[43.0, 19.0, 44.0, 32.0, 7.0, 25.0, 15.0, 18.0, 13.0, 37.0, 32.0, 6.0]
[9.0, 7.999999999999999, 7.999999999999999, 9.0, 7.999999999999999, 7.999999999999999, 9.0, 9.0, 9.0, 9.0, 9.0, 9.0]
[7.999999999999999, 9.0, 9.0, 7.999999999999999, 9.0, 9.0, 9.0, 9.0, 9.0, 9.0, 9.0, 9.0]
T = 0.2621440000000001	 step = 346
123.66000000000003
29.317620400432897
[24.0, 29.0, 36.0, 27.0, 31.0, 6.0, 18.0, 41.0, 6.0, 12.0, 40.0, 42.0]
[43.0, 19.0, 44.0, 32.0, 7.0, 25.0, 15.0, 18.0, 13.0, 37.0, 32.0, 6.0]
[9.0, 7.999999999999999, 7.999999999999999, 9.0, 7.999999999999999, 7.999999999999999, 9.0, 9.0, 9.0, 9.0, 9.0, 9.0]
[7.999999999999999, 9.0, 9.0, 7.999999999999999, 9.0, 9.0, 9.0, 9.0, 9.0, 9.0, 9.0, 9.0]
T = 0.2621440000000001	 step = 347
123.61000000000001
29.412858495670992
[24.0, 29.0, 36.0, 27.0, 31.0, 6.0, 18.0, 41.0, 6.0, 11.0, 40.0, 42.0]
[43.0, 19.0, 44.0, 32.0, 7.0, 25.0, 15.0, 18.0, 13.0, 37.0, 32.0, 6.0]
[9.0, 7.999999999999999, 7.999999999999999, 9.0, 7.999999999999999, 7.999999999999999, 9.0, 9.0, 9.0, 9.0, 9.0, 9.0]
[7.999999999999999, 9.0, 9.0, 7.999999999999999, 9.0, 9.0, 9.0, 9.0, 9.0, 9.0, 9.0, 9.0]
T = 0.2621440000000001	 step = 348
123.71000000000004
29.301218208874456
[24.0, 29.0, 36.0, 27.0, 31.0, 6.0, 18.0, 41.0, 6.0, 11.0, 40.0, 42.0]
[43.0, 19.0, 44.0, 33.0, 7.0, 25.0, 15.0, 18.0, 13.0, 37.0, 32.0, 6.0]
[9.0, 7.999999999999999, 7.999999999999999, 9.0, 7.999999999999999, 7.999999999999999, 9.0, 9.0, 9.0, 9.0, 9.0, 9.0]
[7.999999999999999, 9.0, 9.0, 7.999999999999999, 9.0, 9.0, 9.0, 9.0, 9.0, 9.0, 9.0, 9.0]
T = 0.2621440000000001	 step = 349
124.08000000000004
29.06312297077922
[24.0, 29.0, 36.0, 27.0, 31.0, 6.0, 18.0, 41.0, 6.0, 11.0, 40.0, 42.0]
[43.0, 19.0, 43.0, 33.0, 7.0, 25.0, 15.0, 18.0, 13.0, 37.0, 32.0, 6.0]
[9.0, 7.999999999999999, 7.999999999999999, 9.0, 7.999999999999999, 7.999999999999999, 9.0, 9.0, 9.0, 9.0, 9.0, 9.0]
[7.999999999999999, 9.0, 9.0, 7.999999999999999, 9.0, 9.0, 9.0, 9.0, 9.0, 9.0, 9.0, 9.0]
T = 0.2621440000000001	 step = 350
124.13
28.967884875541124
[24.0, 29.0, 36.0, 27.0, 31.0, 6.0, 18.0, 41.0, 6.0, 12.0, 40.0, 42.0]
[43.0, 19.0, 43.0, 33.0, 7.0, 25.0, 15.0, 18.0, 13.0, 37.0, 32.0, 6.0]
[9.0, 7.999999999999999, 7.999999999999999, 9.0, 7.999999999999999, 7.999999999999999, 9.0, 9.0, 9.0, 9.0, 9.0, 9.0]
[7.999999999999999, 9.0, 9.0, 7.999999999999999, 9.0, 9.0, 9.0, 9.0, 9.0, 9.0, 9.0, 9.0]
T = 0.2621440000000001	 step = 351
124.15000000000003
28.87264678030303
[24.0, 29.0, 36.0, 27.0, 31.0, 6.0, 19.0, 41.0, 6.0, 12.0, 40.0, 42.0]
[43.0, 19.0, 43.0, 33.0, 7.0, 25.0, 15.0, 18.0, 13.0, 37.0, 32.0, 6.0]
[9.0, 7.999999999999999, 7.999999999999999, 9.0, 7.999999999999999, 7.999999999999999, 9.0, 9.0, 9.0, 9.0, 9.0, 9.0]
[7.999999999999999, 9.0, 9.0, 7.999999999999999, 9.0, 9.0, 9.0, 9.0, 9.0, 9.0, 9.0, 9.0]
T = 0.2097152000000001	 step = 352
124.18
28.828974905303028
[24.0, 29.0, 36.0, 27.0, 31.0, 6.0, 19.0, 41.0, 6.0, 12.0, 40.0, 42.0]
[43.0, 19.0, 43.0, 33.0, 7.0, 25.0, 15.0, 19.0, 13.0, 37.0, 32.0, 6.0]
[9.0, 7.999999999999999, 7.999999999999999, 9.0, 7.999999999999999, 7.999999999999999, 9.0, 9.0, 9.0, 9.0, 9.0, 9.0]
[7.999999999999999, 9.0, 9.0, 7.999999999999999, 9.0, 9.0, 9.0, 9.0, 9.0, 9.0, 9.0, 9.0]
T = 0.2097152000000001	 step = 353
123.81
29.067070143398265
[24.0, 29.0, 36.0, 27.0, 31.0, 6.0, 19.0, 41.0, 6.0, 12.0, 40.0, 42.0]
[43.0, 19.0, 44.0, 33.0, 7.0, 25.0, 15.0, 19.0, 13.0, 37.0, 32.0, 6.0]
[9.0, 7.999999999999999, 7.999999999999999, 9.0, 7.999999999999999, 7.999999999999999, 9.0, 9.0, 9.0, 9.0, 9.0, 9.0]
[7.999999999999999, 9.0, 9.0, 7.999999999999999, 9.0, 9.0, 9.0, 9.0, 9.0, 9.0, 9.0, 9.0]
T = 0.2097152000000001	 step = 354
123.81
29.08599093614718
[24.0, 29.0, 36.0, 26.0, 31.0, 6.0, 19.0, 41.0, 6.0, 12.0, 40.0, 42.0]
[43.0, 19.0, 44.0, 33.0, 7.0, 25.0, 15.0, 19.0, 13.0, 37.0, 32.0, 6.0]
[9.0, 7.999999999999999, 7.999999999999999, 9.0, 7.999999999999999, 7.999999999999999, 9.0, 9.0, 9.0, 9.0, 9.0, 9.0]
[7.999999999999999, 9.0, 9.0, 7.999999999999999, 9.0, 9.0, 9.0, 9.0, 9.0, 9.0, 9.0, 9.0]
T = 0.2097152000000001	 step = 355
123.89000000000004
29.00246076839826
[24.0, 29.0, 36.0, 26.0, 31.0, 6.0, 19.0, 41.0, 6.0, 12.0, 40.0, 42.0]
[43.0, 19.0, 44.0, 34.0, 7.0, 25.0, 15.0, 19.0, 13.0, 37.0, 32.0, 6.0]
[9.0, 7.999999999999999, 7.999999999999999, 9.0, 7.999999999999999, 7.999999999999999, 9.0, 9.0, 9.0, 9.0, 9.0, 9.0]
[7.999999999999999, 9.0, 9.0, 7.999999999999999, 9.0, 9.0, 9.0, 9.0, 9.0, 9.0, 9.0, 9.0]
T = 0.2097152000000001	 step = 356
123.91000000000003
29.069296875
[24.0, 29.0, 36.0, 26.0, 31.0, 6.0, 19.0, 41.0, 6.0, 12.0, 40.0, 42.0]
[43.0, 19.0, 44.0, 34.0, 7.0, 25.0, 15.0, 20.0, 13.0, 37.0, 32.0, 6.0]
[9.0, 7.999999999999999, 7.999999999999999, 9.0, 7.999999999999999, 7.999999999999999, 9.0, 9.0, 9.0, 9.0, 9.0, 9.0]
[7.999999999999999, 9.0, 9.0, 7.999999999999999, 9.0, 9.0, 9.0, 9.0, 9.0, 9.0, 9.0, 9.0]
T = 0.2097152000000001	 step = 357
122.53000000000003
30.02167782738095
[24.0, 29.0, 41.0, 26.0, 31.0, 6.0, 19.0, 41.0, 6.0, 12.0, 40.0, 42.0]
[43.0, 19.0, 43.0, 34.0, 7.0, 25.0, 15.0, 20.0, 13.0, 37.0, 32.0, 6.0]
[9.0, 7.999999999999999, 9.0, 9.0, 7.999999999999999, 7.999999999999999, 9.0, 9.0, 9.0, 9.0, 9.0, 9.0]
[7.999999999999999, 9.0, 7.999999999999999, 7.999999999999999, 9.0, 9.0, 9.0, 9.0, 9.0, 9.0, 9.0, 9.0]
T = 0.2097152000000001	 step = 358
122.33000000000004
29.89103422619047
[23.0, 29.0, 41.0, 26.0, 31.0, 6.0, 19.0, 41.0, 6.0, 12.0, 40.0, 42.0]
[43.0, 19.0, 43.0, 34.0, 7.0, 25.0, 15.0, 20.0, 13.0, 37.0, 32.0, 6.0]
[9.0, 7.999999999999999, 9.0, 9.0, 7.999999999999999, 7.999999999999999, 9.0, 9.0, 9.0, 9.0, 9.0, 9.0]
[7.999999999999999, 9.0, 7.999999999999999, 7.999999999999999, 9.0, 9.0, 9.0, 9.0, 9.0, 9.0, 9.0, 9.0]
T = 0.2097152000000001	 step = 359
122.34000000000003
29.795796130952375
[23.0, 29.0, 41.0, 26.0, 31.0, 6.0, 19.0, 41.0, 6.0, 12.0, 40.0, 42.0]
[43.0, 19.0, 43.0, 34.0, 7.0, 25.0, 15.0, 20.0, 14.0, 37.0, 32.0, 6.0]
[9.0, 7.999999999999999, 9.0, 9.0, 7.999999999999999, 7.999999999999999, 9.0, 9.0, 9.0, 9.0, 9.0, 9.0]
[7.999999999999999, 9.0, 7.999999999999999, 7.999999999999999, 9.0, 9.0, 9.0, 9.0, 9.0, 9.0, 9.0, 9.0]
T = 0.2097152000000001	 step = 360
122.35000000000002
29.89103422619047
[23.0, 29.0, 41.0, 26.0, 31.0, 6.0, 19.0, 41.0, 6.0, 12.0, 40.0, 42.0]
[43.0, 19.0, 43.0, 34.0, 7.0, 25.0, 15.0, 20.0, 14.0, 37.0, 33.0, 6.0]
[9.0, 7.999999999999999, 9.0, 9.0, 7.999999999999999, 7.999999999999999, 9.0, 9.0, 9.0, 9.0, 9.0, 9.0]
[7.999999999999999, 9.0, 7.999999999999999, 7.999999999999999, 9.0, 9.0, 9.0, 9.0, 9.0, 9.0, 9.0, 9.0]
T = 0.2097152000000001	 step = 361
122.05000000000001
30.12912946428571
[23.0, 29.0, 42.0, 26.0, 31.0, 6.0, 19.0, 41.0, 6.0, 12.0, 40.0, 42.0]
[43.0, 19.0, 43.0, 34.0, 7.0, 25.0, 15.0, 20.0, 14.0, 37.0, 33.0, 6.0]
[9.0, 7.999999999999999, 9.0, 9.0, 7.999999999999999, 7.999999999999999, 9.0, 9.0, 9.0, 9.0, 9.0, 9.0]
[7.999999999999999, 9.0, 7.999999999999999, 7.999999999999999, 9.0, 9.0, 9.0, 9.0, 9.0, 9.0, 9.0, 9.0]
T = 0.2097152000000001	 step = 362
121.86000000000001
30.36722470238095
[23.0, 29.0, 42.0, 26.0, 31.0, 6.0, 19.0, 41.0, 6.0, 12.0, 40.0, 42.0]
[43.0, 19.0, 43.0, 34.0, 6.0, 25.0, 15.0, 20.0, 14.0, 37.0, 33.0, 6.0]
[9.0, 7.999999999999999, 9.0, 9.0, 7.999999999999999, 7.999999999999999, 9.0, 9.0, 9.0, 9.0, 9.0, 9.0]
[7.999999999999999, 9.0, 7.999999999999999, 7.999999999999999, 9.0, 9.0, 9.0, 9.0, 9.0, 9.0, 9.0, 9.0]
T = 0.2097152000000001	 step = 363
121.84000000000003
30.41671164772727
[23.0, 29.0, 42.0, 26.0, 32.0, 6.0, 19.0, 41.0, 6.0, 12.0, 40.0, 42.0]
[43.0, 19.0, 43.0, 34.0, 6.0, 25.0, 15.0, 20.0, 14.0, 37.0, 33.0, 6.0]
[9.0, 7.999999999999999, 9.0, 9.0, 7.999999999999999, 7.999999999999999, 9.0, 9.0, 9.0, 9.0, 9.0, 9.0]
[7.999999999999999, 9.0, 7.999999999999999, 7.999999999999999, 9.0, 9.0, 9.0, 9.0, 9.0, 9.0, 9.0, 9.0]
T = 0.2097152000000001	 step = 364
122.04000000000002
30.547355248917743
[24.0, 29.0, 42.0, 26.0, 32.0, 6.0, 19.0, 41.0, 6.0, 12.0, 40.0, 42.0]
[43.0, 19.0, 43.0, 34.0, 6.0, 25.0, 15.0, 20.0, 14.0, 37.0, 33.0, 6.0]
[9.0, 7.999999999999999, 9.0, 9.0, 7.999999999999999, 7.999999999999999, 9.0, 9.0, 9.0, 9.0, 9.0, 9.0]
[7.999999999999999, 9.0, 7.999999999999999, 7.999999999999999, 9.0, 9.0, 9.0, 9.0, 9.0, 9.0, 9.0, 9.0]
T = 0.2097152000000001	 step = 365
121.98000000000002
30.640725446428565
[24.0, 29.0, 42.0, 26.0, 32.0, 6.0, 19.0, 41.0, 6.0, 12.0, 41.0, 42.0]
[43.0, 19.0, 43.0, 34.0, 6.0, 25.0, 15.0, 20.0, 14.0, 37.0, 33.0, 6.0]
[9.0, 7.999999999999999, 9.0, 9.0, 7.999999999999999, 7.999999999999999, 9.0, 9.0, 9.0, 9.0, 9.0, 9.0]
[7.999999999999999, 9.0, 7.999999999999999, 7.999999999999999, 9.0, 9.0, 9.0, 9.0, 9.0, 9.0, 9.0, 9.0]
T = 0.2097152000000001	 step = 366
122.0
30.593106398809518
[24.0, 29.0, 42.0, 26.0, 31.0, 6.0, 19.0, 41.0, 6.0, 12.0, 41.0, 42.0]
[43.0, 19.0, 43.0, 34.0, 6.0, 25.0, 15.0, 20.0, 14.0, 37.0, 33.0, 6.0]
[9.0, 7.999999999999999, 9.0, 9.0, 7.999999999999999, 7.999999999999999, 9.0, 9.0, 9.0, 9.0, 9.0, 9.0]
[7.999999999999999, 9.0, 7.999999999999999, 7.999999999999999, 9.0, 9.0, 9.0, 9.0, 9.0, 9.0, 9.0, 9.0]
T = 0.2097152000000001	 step = 367
121.97000000000003
30.563711783008653
[24.0, 29.0, 42.0, 27.0, 31.0, 6.0, 19.0, 41.0, 6.0, 12.0, 41.0, 42.0]
[43.0, 19.0, 43.0, 34.0, 6.0, 25.0, 15.0, 20.0, 14.0, 37.0, 33.0, 6.0]
[9.0, 7.999999999999999, 9.0, 9.0, 7.999999999999999, 7.999999999999999, 9.0, 9.0, 9.0, 9.0, 9.0, 9.0]
[7.999999999999999, 9.0, 7.999999999999999, 7.999999999999999, 9.0, 9.0, 9.0, 9.0, 9.0, 9.0, 9.0, 9.0]
T = 0.2097152000000001	 step = 368
121.65000000000003
30.80180702110389
[24.0, 29.0, 43.0, 27.0, 31.0, 6.0, 19.0, 41.0, 6.0, 12.0, 41.0, 42.0]
[43.0, 19.0, 43.0, 34.0, 6.0, 25.0, 15.0, 20.0, 14.0, 37.0, 33.0, 6.0]
[9.0, 7.999999999999999, 9.0, 9.0, 7.999999999999999, 7.999999999999999, 9.0, 9.0, 9.0, 9.0, 9.0, 9.0]
[7.999999999999999, 9.0, 7.999999999999999, 7.999999999999999, 9.0, 9.0, 9.0, 9.0, 9.0, 9.0, 9.0, 9.0]
T = 0.2097152000000001	 step = 369
121.84000000000003
30.563711783008653
[24.0, 29.0, 43.0, 27.0, 31.0, 6.0, 19.0, 41.0, 6.0, 12.0, 41.0, 42.0]
[43.0, 19.0, 43.0, 34.0, 7.0, 25.0, 15.0, 20.0, 14.0, 37.0, 33.0, 6.0]
[9.0, 7.999999999999999, 9.0, 9.0, 7.999999999999999, 7.999999999999999, 9.0, 9.0, 9.0, 9.0, 9.0, 9.0]
[7.999999999999999, 9.0, 7.999999999999999, 7.999999999999999, 9.0, 9.0, 9.0, 9.0, 9.0, 9.0, 9.0, 9.0]
T = 0.2097152000000001	 step = 370
121.85000000000002
30.499182562229432
[24.0, 29.0, 43.0, 27.0, 31.0, 6.0, 19.0, 41.0, 6.0, 12.0, 41.0, 42.0]
[43.0, 19.0, 43.0, 34.0, 7.0, 25.0, 15.0, 20.0, 14.0, 36.0, 33.0, 6.0]
[9.0, 7.999999999999999, 9.0, 9.0, 7.999999999999999, 7.999999999999999, 9.0, 9.0, 9.0, 9.0, 9.0, 9.0]
[7.999999999999999, 9.0, 7.999999999999999, 7.999999999999999, 9.0, 9.0, 9.0, 9.0, 9.0, 9.0, 9.0, 9.0]
T = 0.2097152000000001	 step = 371
121.87
30.403944466991337
[24.0, 29.0, 43.0, 27.0, 31.0, 6.0, 19.0, 41.0, 7.0, 12.0, 41.0, 42.0]
[43.0, 19.0, 43.0, 34.0, 7.0, 25.0, 15.0, 20.0, 14.0, 36.0, 33.0, 6.0]
[9.0, 7.999999999999999, 9.0, 9.0, 7.999999999999999, 7.999999999999999, 9.0, 9.0, 9.0, 9.0, 9.0, 9.0]
[7.999999999999999, 9.0, 7.999999999999999, 7.999999999999999, 9.0, 9.0, 9.0, 9.0, 9.0, 9.0, 9.0, 9.0]
T = 0.2097152000000001	 step = 372
121.89000000000004
30.308706371753242
[24.0, 29.0, 43.0, 27.0, 31.0, 6.0, 19.0, 41.0, 7.0, 12.0, 41.0, 42.0]
[43.0, 19.0, 43.0, 34.0, 7.0, 25.0, 15.0, 20.0, 14.0, 36.0, 33.0, 7.0]
[9.0, 7.999999999999999, 9.0, 9.0, 7.999999999999999, 7.999999999999999, 9.0, 9.0, 9.0, 9.0, 9.0, 9.0]
[7.999999999999999, 9.0, 7.999999999999999, 7.999999999999999, 9.0, 9.0, 9.0, 9.0, 9.0, 9.0, 9.0, 9.0]
T = 0.2097152000000001	 step = 373
121.91000000000003
30.213468276515147
[24.0, 29.0, 43.0, 27.0, 31.0, 6.0, 19.0, 41.0, 8.0, 12.0, 41.0, 42.0]
[43.0, 19.0, 43.0, 34.0, 7.0, 25.0, 15.0, 20.0, 14.0, 36.0, 33.0, 7.0]
[9.0, 7.999999999999999, 9.0, 9.0, 7.999999999999999, 7.999999999999999, 9.0, 9.0, 9.0, 9.0, 9.0, 9.0]
[7.999999999999999, 9.0, 7.999999999999999, 7.999999999999999, 9.0, 9.0, 9.0, 9.0, 9.0, 9.0, 9.0, 9.0]
T = 0.2097152000000001	 step = 374
121.91000000000003
30.27799749729437
[24.0, 29.0, 43.0, 27.0, 31.0, 6.0, 19.0, 41.0, 8.0, 12.0, 41.0, 42.0]
[43.0, 19.0, 43.0, 34.0, 7.0, 25.0, 15.0, 20.0, 14.0, 37.0, 33.0, 7.0]
[9.0, 7.999999999999999, 9.0, 9.0, 7.999999999999999, 7.999999999999999, 9.0, 9.0, 9.0, 9.0, 9.0, 9.0]
[7.999999999999999, 9.0, 7.999999999999999, 7.999999999999999, 9.0, 9.0, 9.0, 9.0, 9.0, 9.0, 9.0, 9.0]
T = 0.2097152000000001	 step = 375
121.78000000000003
30.111195549242417
[24.0, 30.0, 43.0, 27.0, 31.0, 6.0, 19.0, 41.0, 8.0, 12.0, 41.0, 42.0]
[43.0, 19.0, 43.0, 34.0, 7.0, 25.0, 15.0, 20.0, 14.0, 37.0, 33.0, 7.0]
[9.0, 7.999999999999999, 9.0, 9.0, 7.999999999999999, 7.999999999999999, 9.0, 9.0, 9.0, 9.0, 9.0, 9.0]
[7.999999999999999, 9.0, 7.999999999999999, 7.999999999999999, 9.0, 9.0, 9.0, 9.0, 9.0, 9.0, 9.0, 9.0]
T = 0.2097152000000001	 step = 376
121.59000000000003
30.349290787337658
[24.0, 30.0, 43.0, 27.0, 31.0, 6.0, 19.0, 41.0, 8.0, 12.0, 41.0, 42.0]
[43.0, 19.0, 43.0, 34.0, 6.0, 25.0, 15.0, 20.0, 14.0, 37.0, 33.0, 7.0]
[9.0, 7.999999999999999, 9.0, 9.0, 7.999999999999999, 7.999999999999999, 9.0, 9.0, 9.0, 9.0, 9.0, 9.0]
[7.999999999999999, 9.0, 7.999999999999999, 7.999999999999999, 9.0, 9.0, 9.0, 9.0, 9.0, 9.0, 9.0, 9.0]
T = 0.2097152000000001	 step = 377
121.34000000000003
30.5873860254329
[24.0, 30.0, 43.0, 27.0, 31.0, 5.0, 19.0, 41.0, 8.0, 12.0, 41.0, 42.0]
[43.0, 19.0, 43.0, 34.0, 6.0, 25.0, 15.0, 20.0, 14.0, 37.0, 33.0, 7.0]
[9.0, 7.999999999999999, 9.0, 9.0, 7.999999999999999, 7.999999999999999, 9.0, 9.0, 9.0, 9.0, 9.0, 9.0]
[7.999999999999999, 9.0, 7.999999999999999, 7.999999999999999, 9.0, 9.0, 9.0, 9.0, 9.0, 9.0, 9.0, 9.0]
T = 0.2097152000000001	 step = 378
121.21000000000004
30.968338406385275
[24.0, 30.0, 43.0, 27.0, 31.0, 5.0, 19.0, 41.0, 8.0, 12.0, 41.0, 42.0]
[43.0, 19.0, 43.0, 34.0, 6.0, 25.0, 11.0, 20.0, 14.0, 37.0, 33.0, 7.0]
[9.0, 7.999999999999999, 9.0, 9.0, 7.999999999999999, 7.999999999999999, 9.0, 9.0, 9.0, 9.0, 9.0, 9.0]
[7.999999999999999, 9.0, 7.999999999999999, 7.999999999999999, 9.0, 9.0, 9.0, 9.0, 9.0, 9.0, 9.0, 9.0]
T = 0.2097152000000001	 step = 379
121.15000000000003
31.06357650162337
[24.0, 30.0, 43.0, 27.0, 31.0, 5.0, 19.0, 41.0, 8.0, 12.0, 42.0, 42.0]
[43.0, 19.0, 43.0, 34.0, 6.0, 25.0, 11.0, 20.0, 14.0, 37.0, 33.0, 7.0]
[9.0, 7.999999999999999, 9.0, 9.0, 7.999999999999999, 7.999999999999999, 9.0, 9.0, 9.0, 9.0, 9.0, 9.0]
[7.999999999999999, 9.0, 7.999999999999999, 7.999999999999999, 9.0, 9.0, 9.0, 9.0, 9.0, 9.0, 9.0, 9.0]
T = 0.2097152000000001	 step = 380
121.15000000000003
31.059382778679648
[24.0, 30.0, 43.0, 27.0, 30.0, 5.0, 19.0, 41.0, 8.0, 12.0, 42.0, 42.0]
[43.0, 19.0, 43.0, 34.0, 6.0, 25.0, 11.0, 20.0, 14.0, 37.0, 33.0, 7.0]
[9.0, 7.999999999999999, 9.0, 9.0, 7.999999999999999, 7.999999999999999, 9.0, 9.0, 9.0, 9.0, 9.0, 9.0]
[7.999999999999999, 9.0, 7.999999999999999, 7.999999999999999, 9.0, 9.0, 9.0, 9.0, 9.0, 9.0, 9.0, 9.0]
T = 0.2097152000000001	 step = 381
121.18
30.964144683441553
[24.0, 30.0, 43.0, 27.0, 30.0, 5.0, 19.0, 40.0, 8.0, 12.0, 42.0, 42.0]
[43.0, 19.0, 43.0, 34.0, 6.0, 25.0, 11.0, 20.0, 14.0, 37.0, 33.0, 7.0]
[9.0, 7.999999999999999, 9.0, 9.0, 7.999999999999999, 7.999999999999999, 9.0, 9.0, 9.0, 9.0, 9.0, 9.0]
[7.999999999999999, 9.0, 7.999999999999999, 7.999999999999999, 9.0, 9.0, 9.0, 9.0, 9.0, 9.0, 9.0, 9.0]
T = 0.2097152000000001	 step = 382
121.20000000000005
30.86890658820346
[24.0, 30.0, 43.0, 27.0, 30.0, 5.0, 19.0, 40.0, 8.0, 12.0, 42.0, 42.0]
[43.0, 19.0, 43.0, 34.0, 6.0, 25.0, 11.0, 20.0, 14.0, 37.0, 33.0, 8.0]
[9.0, 7.999999999999999, 9.0, 9.0, 7.999999999999999, 7.999999999999999, 9.0, 9.0, 9.0, 9.0, 9.0, 9.0]
[7.999999999999999, 9.0, 7.999999999999999, 7.999999999999999, 9.0, 9.0, 9.0, 9.0, 9.0, 9.0, 9.0, 9.0]
T = 0.2097152000000001	 step = 383
121.17000000000002
30.964144683441553
[24.0, 30.0, 43.0, 27.0, 30.0, 5.0, 19.0, 40.0, 8.0, 12.0, 42.0, 42.0]
[43.0, 19.0, 43.0, 34.0, 6.0, 25.0, 10.0, 20.0, 14.0, 37.0, 33.0, 8.0]
[9.0, 7.999999999999999, 9.0, 9.0, 7.999999999999999, 7.999999999999999, 9.0, 9.0, 9.0, 9.0, 9.0, 9.0]
[7.999999999999999, 9.0, 7.999999999999999, 7.999999999999999, 9.0, 9.0, 9.0, 9.0, 9.0, 9.0, 9.0, 9.0]
T = 0.2097152000000001	 step = 384
121.20000000000005
31.032597064393933
[24.0, 30.0, 43.0, 27.0, 30.0, 5.0, 19.0, 40.0, 8.0, 12.0, 42.0, 42.0]
[43.0, 19.0, 43.0, 34.0, 6.0, 25.0, 10.0, 21.0, 14.0, 37.0, 33.0, 8.0]
[9.0, 7.999999999999999, 9.0, 9.0, 7.999999999999999, 7.999999999999999, 9.0, 9.0, 9.0, 9.0, 9.0, 9.0]
[7.999999999999999, 9.0, 7.999999999999999, 7.999999999999999, 9.0, 9.0, 9.0, 9.0, 9.0, 9.0, 9.0, 9.0]
T = 0.2097152000000001	 step = 385
121.25
30.937358969155838
[24.0, 30.0, 43.0, 27.0, 30.0, 5.0, 19.0, 40.0, 8.0, 13.0, 42.0, 42.0]
[43.0, 19.0, 43.0, 34.0, 6.0, 25.0, 10.0, 21.0, 14.0, 37.0, 33.0, 8.0]
[9.0, 7.999999999999999, 9.0, 9.0, 7.999999999999999, 7.999999999999999, 9.0, 9.0, 9.0, 9.0, 9.0, 9.0]
[7.999999999999999, 9.0, 7.999999999999999, 7.999999999999999, 9.0, 9.0, 9.0, 9.0, 9.0, 9.0, 9.0, 9.0]
T = 0.2097152000000001	 step = 386
121.19
31.032597064393933
[24.0, 30.0, 43.0, 27.0, 30.0, 5.0, 19.0, 40.0, 8.0, 13.0, 43.0, 42.0]
[43.0, 19.0, 43.0, 34.0, 6.0, 25.0, 10.0, 21.0, 14.0, 37.0, 33.0, 8.0]
[9.0, 7.999999999999999, 9.0, 9.0, 7.999999999999999, 7.999999999999999, 9.0, 9.0, 9.0, 9.0, 9.0, 9.0]
[7.999999999999999, 9.0, 7.999999999999999, 7.999999999999999, 9.0, 9.0, 9.0, 9.0, 9.0, 9.0, 9.0, 9.0]
T = 0.2097152000000001	 step = 387
126.82000000000005
22.87089995941558
[24.0, 30.0, 21.0, 27.0, 30.0, 5.0, 19.0, 40.0, 8.0, 13.0, 43.0, 42.0]
[43.0, 19.0, 24.0, 34.0, 6.0, 25.0, 10.0, 21.0, 14.0, 37.0, 33.0, 8.0]
[9.0, 7.999999999999999, 7.999999999999999, 9.0, 7.999999999999999, 7.999999999999999, 9.0, 9.0, 9.0, 9.0, 9.0, 9.0]
[7.999999999999999, 9.0, 9.0, 7.999999999999999, 9.0, 9.0, 9.0, 9.0, 9.0, 9.0, 9.0, 9.0]
T = 0.2097152000000001	 step = 388
127.72000000000003
21.55288352272727
[24.0, 30.0, 21.0, 27.0, 40.0, 5.0, 19.0, 40.0, 8.0, 13.0, 43.0, 42.0]
[43.0, 19.0, 24.0, 34.0, 43.0, 25.0, 10.0, 21.0, 14.0, 37.0, 33.0, 8.0]
[9.0, 7.999999999999999, 7.999999999999999, 9.0, 9.0, 7.999999999999999, 9.0, 9.0, 9.0, 9.0, 9.0, 9.0]
[7.999999999999999, 9.0, 9.0, 7.999999999999999, 7.999999999999999, 9.0, 9.0, 9.0, 9.0, 9.0, 9.0, 9.0]
T = 0.2097152000000001	 step = 389
127.10000000000002
22.642125270562765
[24.0, 30.0, 21.0, 26.0, 30.0, 5.0, 19.0, 40.0, 8.0, 13.0, 43.0, 42.0]
[43.0, 19.0, 24.0, 34.0, 6.0, 25.0, 10.0, 21.0, 14.0, 37.0, 33.0, 8.0]
[9.0, 7.999999999999999, 7.999999999999999, 9.0, 7.999999999999999, 7.999999999999999, 9.0, 9.0, 9.0, 9.0, 9.0, 9.0]
[7.999999999999999, 9.0, 9.0, 7.999999999999999, 9.0, 9.0, 9.0, 9.0, 9.0, 9.0, 9.0, 9.0]
T = 0.2097152000000001	 step = 390
127.10000000000002
22.576184726731597
[24.0, 30.0, 21.0, 26.0, 30.0, 5.0, 20.0, 40.0, 8.0, 13.0, 43.0, 42.0]
[43.0, 19.0, 24.0, 34.0, 6.0, 25.0, 10.0, 21.0, 14.0, 37.0, 33.0, 8.0]
[9.0, 7.999999999999999, 7.999999999999999, 9.0, 7.999999999999999, 7.999999999999999, 9.0, 9.0, 9.0, 9.0, 9.0, 9.0]
[7.999999999999999, 9.0, 9.0, 7.999999999999999, 9.0, 9.0, 9.0, 9.0, 9.0, 9.0, 9.0, 9.0]
T = 0.2097152000000001	 step = 391
126.82000000000005
22.80544811958874
[24.0, 30.0, 21.0, 27.0, 30.0, 5.0, 20.0, 40.0, 8.0, 13.0, 43.0, 42.0]
[43.0, 19.0, 24.0, 34.0, 6.0, 25.0, 10.0, 21.0, 14.0, 37.0, 33.0, 8.0]
[9.0, 7.999999999999999, 7.999999999999999, 9.0, 7.999999999999999, 7.999999999999999, 9.0, 9.0, 9.0, 9.0, 9.0, 9.0]
[7.999999999999999, 9.0, 9.0, 7.999999999999999, 9.0, 9.0, 9.0, 9.0, 9.0, 9.0, 9.0, 9.0]
T = 0.2097152000000001	 step = 392
126.51000000000005
23.04354335768398
[24.0, 30.0, 21.0, 27.0, 30.0, 5.0, 20.0, 40.0, 8.0, 13.0, 43.0, 42.0]
[44.0, 19.0, 24.0, 34.0, 6.0, 25.0, 10.0, 21.0, 14.0, 37.0, 33.0, 8.0]
[9.0, 7.999999999999999, 7.999999999999999, 9.0, 7.999999999999999, 7.999999999999999, 9.0, 9.0, 9.0, 9.0, 9.0, 9.0]
[7.999999999999999, 9.0, 9.0, 7.999999999999999, 9.0, 9.0, 9.0, 9.0, 9.0, 9.0, 9.0, 9.0]
T = 0.2097152000000001	 step = 393
126.23000000000002
23.247412405303027
[24.0, 30.0, 21.0, 28.0, 30.0, 5.0, 20.0, 40.0, 8.0, 13.0, 43.0, 42.0]
[44.0, 19.0, 24.0, 34.0, 6.0, 25.0, 10.0, 21.0, 14.0, 37.0, 33.0, 8.0]
[9.0, 7.999999999999999, 7.999999999999999, 9.0, 7.999999999999999, 7.999999999999999, 9.0, 9.0, 9.0, 9.0, 9.0, 9.0]
[7.999999999999999, 9.0, 9.0, 7.999999999999999, 9.0, 9.0, 9.0, 9.0, 9.0, 9.0, 9.0, 9.0]
T = 0.2097152000000001	 step = 394
125.29000000000002
24.80873613365801
[32.0, 30.0, 21.0, 28.0, 30.0, 5.0, 20.0, 40.0, 8.0, 13.0, 43.0, 42.0]
[45.0, 19.0, 24.0, 34.0, 6.0, 25.0, 10.0, 21.0, 14.0, 37.0, 33.0, 8.0]
[9.0, 7.999999999999999, 7.999999999999999, 9.0, 7.999999999999999, 7.999999999999999, 9.0, 9.0, 9.0, 9.0, 9.0, 9.0]
[7.999999999999999, 9.0, 9.0, 7.999999999999999, 9.0, 9.0, 9.0, 9.0, 9.0, 9.0, 9.0, 9.0]
T = 0.2097152000000001	 step = 395
125.29000000000002
24.903974228896104
[32.0, 30.0, 21.0, 28.0, 30.0, 5.0, 19.0, 40.0, 8.0, 13.0, 43.0, 42.0]
[45.0, 19.0, 24.0, 34.0, 6.0, 25.0, 10.0, 21.0, 14.0, 37.0, 33.0, 8.0]
[9.0, 7.999999999999999, 7.999999999999999, 9.0, 7.999999999999999, 7.999999999999999, 9.0, 9.0, 9.0, 9.0, 9.0, 9.0]
[7.999999999999999, 9.0, 9.0, 7.999999999999999, 9.0, 9.0, 9.0, 9.0, 9.0, 9.0, 9.0, 9.0]
T = 0.2097152000000001	 step = 396
125.25
24.9992123241342
[32.0, 30.0, 21.0, 28.0, 30.0, 5.0, 19.0, 40.0, 7.0, 13.0, 43.0, 42.0]
[45.0, 19.0, 24.0, 34.0, 6.0, 25.0, 10.0, 21.0, 14.0, 37.0, 33.0, 8.0]
[9.0, 7.999999999999999, 7.999999999999999, 9.0, 7.999999999999999, 7.999999999999999, 9.0, 9.0, 9.0, 9.0, 9.0, 9.0]
[7.999999999999999, 9.0, 9.0, 7.999999999999999, 9.0, 9.0, 9.0, 9.0, 9.0, 9.0, 9.0, 9.0]
T = 0.2097152000000001	 step = 397
124.84000000000003
25.07077617694805
[32.0, 30.0, 21.0, 28.0, 30.0, 5.0, 19.0, 40.0, 7.0, 13.0, 43.0, 42.0]
[45.0, 19.0, 24.0, 35.0, 6.0, 25.0, 10.0, 21.0, 14.0, 37.0, 33.0, 8.0]
[9.0, 7.999999999999999, 7.999999999999999, 9.0, 7.999999999999999, 7.999999999999999, 9.0, 9.0, 9.0, 9.0, 9.0, 9.0]
[7.999999999999999, 9.0, 9.0, 7.999999999999999, 9.0, 9.0, 9.0, 9.0, 9.0, 9.0, 9.0, 9.0]
T = 0.2097152000000001	 step = 398
125.31
24.832680938852814
[32.0, 30.0, 21.0, 28.0, 30.0, 6.0, 19.0, 40.0, 7.0, 13.0, 43.0, 42.0]
[45.0, 19.0, 24.0, 35.0, 6.0, 25.0, 10.0, 21.0, 14.0, 37.0, 33.0, 8.0]
[9.0, 7.999999999999999, 7.999999999999999, 9.0, 7.999999999999999, 7.999999999999999, 9.0, 9.0, 9.0, 9.0, 9.0, 9.0]
[7.999999999999999, 9.0, 9.0, 7.999999999999999, 9.0, 9.0, 9.0, 9.0, 9.0, 9.0, 9.0, 9.0]
T = 0.2097152000000001	 step = 399
125.01000000000005
25.161820549242425
[32.0, 30.0, 21.0, 28.0, 29.0, 5.0, 19.0, 40.0, 7.0, 13.0, 43.0, 42.0]
[45.0, 19.0, 24.0, 35.0, 6.0, 25.0, 10.0, 21.0, 14.0, 37.0, 33.0, 8.0]
[9.0, 7.999999999999999, 7.999999999999999, 9.0, 7.999999999999999, 7.999999999999999, 9.0, 9.0, 9.0, 9.0, 9.0, 9.0]
[7.999999999999999, 9.0, 9.0, 7.999999999999999, 9.0, 9.0, 9.0, 9.0, 9.0, 9.0, 9.0, 9.0]
T = 0.2097152000000001	 step = 400
125.02000000000004
25.226349770021645
[32.0, 30.0, 21.0, 28.0, 29.0, 5.0, 19.0, 40.0, 7.0, 13.0, 43.0, 42.0]
[45.0, 19.0, 24.0, 35.0, 6.0, 25.0, 10.0, 22.0, 14.0, 37.0, 33.0, 8.0]
[9.0, 7.999999999999999, 7.999999999999999, 9.0, 7.999999999999999, 7.999999999999999, 9.0, 9.0, 9.0, 9.0, 9.0, 9.0]
[7.999999999999999, 9.0, 9.0, 7.999999999999999, 9.0, 9.0, 9.0, 9.0, 9.0, 9.0, 9.0, 9.0]
T = 0.2097152000000001	 step = 401
125.02000000000004
25.226349770021645
[32.0, 30.0, 21.0, 28.0, 29.0, 5.0, 19.0, 40.0, 7.0, 13.0, 43.0, 42.0]
[45.0, 19.0, 24.0, 35.0, 6.0, 25.0, 10.0, 22.0, 14.0, 37.0, 33.0, 8.0]
[9.0, 7.999999999999999, 7.999999999999999, 9.0, 7.999999999999999, 7.999999999999999, 9.0, 9.0, 9.0, 9.0, 9.0, 9.0]
[7.999999999999999, 9.0, 9.0, 7.999999999999999, 9.0, 9.0, 9.0, 9.0, 9.0, 9.0, 9.0, 9.0]
T = 0.1677721600000001	 step = 402
124.97000000000003
25.20240496482684
[32.0, 30.0, 21.0, 28.0, 29.0, 5.0, 19.0, 40.0, 7.0, 13.0, 43.0, 42.0]
[45.0, 19.0, 24.0, 35.0, 6.0, 25.0, 10.0, 22.0, 14.0, 38.0, 33.0, 8.0]
[9.0, 7.999999999999999, 7.999999999999999, 9.0, 7.999999999999999, 7.999999999999999, 9.0, 9.0, 9.0, 9.0, 9.0, 9.0]
[7.999999999999999, 9.0, 9.0, 7.999999999999999, 9.0, 9.0, 9.0, 9.0, 9.0, 9.0, 9.0, 9.0]
T = 0.1677721600000001	 step = 403
124.69
25.293870400432898
[32.0, 30.0, 21.0, 29.0, 29.0, 5.0, 19.0, 40.0, 7.0, 13.0, 43.0, 42.0]
[45.0, 19.0, 24.0, 35.0, 6.0, 25.0, 10.0, 22.0, 14.0, 38.0, 33.0, 8.0]
[9.0, 7.999999999999999, 7.999999999999999, 9.0, 7.999999999999999, 7.999999999999999, 9.0, 9.0, 9.0, 9.0, 9.0, 9.0]
[7.999999999999999, 9.0, 9.0, 7.999999999999999, 9.0, 9.0, 9.0, 9.0, 9.0, 9.0, 9.0, 9.0]
T = 0.1677721600000001	 step = 404
124.73000000000002
25.198632305194803
[32.0, 30.0, 21.0, 29.0, 29.0, 5.0, 19.0, 40.0, 8.0, 13.0, 43.0, 42.0]
[45.0, 19.0, 24.0, 35.0, 6.0, 25.0, 10.0, 22.0, 14.0, 38.0, 33.0, 8.0]
[9.0, 7.999999999999999, 7.999999999999999, 9.0, 7.999999999999999, 7.999999999999999, 9.0, 9.0, 9.0, 9.0, 9.0, 9.0]
[7.999999999999999, 9.0, 9.0, 7.999999999999999, 9.0, 9.0, 9.0, 9.0, 9.0, 9.0, 9.0, 9.0]
T = 0.1677721600000001	 step = 405
124.71000000000004
25.150592194264068
[32.0, 30.0, 21.0, 29.0, 29.0, 5.0, 19.0, 40.0, 8.0, 13.0, 43.0, 42.0]
[45.0, 19.0, 23.0, 35.0, 6.0, 25.0, 10.0, 22.0, 14.0, 38.0, 33.0, 8.0]
[9.0, 7.999999999999999, 7.999999999999999, 9.0, 7.999999999999999, 7.999999999999999, 9.0, 9.0, 9.0, 9.0, 9.0, 9.0]
[7.999999999999999, 9.0, 9.0, 7.999999999999999, 9.0, 9.0, 9.0, 9.0, 9.0, 9.0, 9.0, 9.0]
T = 0.1677721600000001	 step = 406
124.65000000000003
25.245830289502162
[32.0, 30.0, 21.0, 29.0, 29.0, 5.0, 19.0, 40.0, 8.0, 13.0, 43.0, 42.0]
[45.0, 19.0, 23.0, 35.0, 6.0, 25.0, 9.0, 22.0, 14.0, 38.0, 33.0, 8.0]
[9.0, 7.999999999999999, 7.999999999999999, 9.0, 7.999999999999999, 7.999999999999999, 9.0, 9.0, 9.0, 9.0, 9.0, 9.0]
[7.999999999999999, 9.0, 9.0, 7.999999999999999, 9.0, 9.0, 9.0, 9.0, 9.0, 9.0, 9.0, 9.0]
T = 0.1677721600000001	 step = 407
124.67000000000002
25.150592194264068
[32.0, 30.0, 21.0, 29.0, 29.0, 5.0, 19.0, 40.0, 8.0, 13.0, 43.0, 41.0]
[45.0, 19.0, 23.0, 35.0, 6.0, 25.0, 9.0, 22.0, 14.0, 38.0, 33.0, 8.0]
[9.0, 7.999999999999999, 7.999999999999999, 9.0, 7.999999999999999, 7.999999999999999, 9.0, 9.0, 9.0, 9.0, 9.0, 9.0]
[7.999999999999999, 9.0, 9.0, 7.999999999999999, 9.0, 9.0, 9.0, 9.0, 9.0, 9.0, 9.0, 9.0]
T = 0.1677721600000001	 step = 408
124.61000000000001
25.103394209956708
[32.0, 30.0, 21.0, 29.0, 29.0, 5.0, 19.0, 40.0, 8.0, 13.0, 43.0, 41.0]
[45.0, 19.0, 22.0, 35.0, 6.0, 25.0, 9.0, 22.0, 14.0, 38.0, 33.0, 8.0]
[9.0, 7.999999999999999, 7.999999999999999, 9.0, 7.999999999999999, 7.999999999999999, 9.0, 9.0, 9.0, 9.0, 9.0, 9.0]
[7.999999999999999, 9.0, 9.0, 7.999999999999999, 9.0, 9.0, 9.0, 9.0, 9.0, 9.0, 9.0, 9.0]
T = 0.1677721600000001	 step = 409
124.56
25.198632305194803
[32.0, 30.0, 21.0, 29.0, 29.0, 5.0, 19.0, 40.0, 7.0, 13.0, 43.0, 41.0]
[45.0, 19.0, 22.0, 35.0, 6.0, 25.0, 9.0, 22.0, 14.0, 38.0, 33.0, 8.0]
[9.0, 7.999999999999999, 7.999999999999999, 9.0, 7.999999999999999, 7.999999999999999, 9.0, 9.0, 9.0, 9.0, 9.0, 9.0]
[7.999999999999999, 9.0, 9.0, 7.999999999999999, 9.0, 9.0, 9.0, 9.0, 9.0, 9.0, 9.0, 9.0]
T = 0.1677721600000001	 step = 410
124.72000000000003
25.086062973484847
[32.0, 30.0, 21.0, 29.0, 29.0, 5.0, 19.0, 40.0, 7.0, 13.0, 43.0, 41.0]
[45.0, 20.0, 22.0, 35.0, 6.0, 25.0, 9.0, 22.0, 14.0, 38.0, 33.0, 8.0]
[9.0, 7.999999999999999, 7.999999999999999, 9.0, 7.999999999999999, 7.999999999999999, 9.0, 9.0, 9.0, 9.0, 9.0, 9.0]
[7.999999999999999, 9.0, 9.0, 7.999999999999999, 9.0, 9.0, 9.0, 9.0, 9.0, 9.0, 9.0, 9.0]
T = 0.1677721600000001	 step = 411
124.68
25.18130106872294
[32.0, 30.0, 21.0, 29.0, 29.0, 5.0, 19.0, 40.0, 6.0, 13.0, 43.0, 41.0]
[45.0, 20.0, 22.0, 35.0, 6.0, 25.0, 9.0, 22.0, 14.0, 38.0, 33.0, 8.0]
[9.0, 7.999999999999999, 7.999999999999999, 9.0, 7.999999999999999, 7.999999999999999, 9.0, 9.0, 9.0, 9.0, 9.0, 9.0]
[7.999999999999999, 9.0, 9.0, 7.999999999999999, 9.0, 9.0, 9.0, 9.0, 9.0, 9.0, 9.0, 9.0]
T = 0.1677721600000001	 step = 412
124.67000000000002
25.117832115800862
[32.0, 30.0, 21.0, 29.0, 29.0, 5.0, 19.0, 40.0, 6.0, 13.0, 43.0, 41.0]
[45.0, 20.0, 22.0, 35.0, 6.0, 25.0, 9.0, 21.0, 14.0, 38.0, 33.0, 8.0]
[9.0, 7.999999999999999, 7.999999999999999, 9.0, 7.999999999999999, 7.999999999999999, 9.0, 9.0, 9.0, 9.0, 9.0, 9.0]
[7.999999999999999, 9.0, 9.0, 7.999999999999999, 9.0, 9.0, 9.0, 9.0, 9.0, 9.0, 9.0, 9.0]
T = 0.1677721600000001	 step = 413
124.61000000000001
25.212009943181815
[32.0, 30.0, 21.0, 29.0, 29.0, 5.0, 19.0, 40.0, 6.0, 13.0, 43.0, 41.0]
[45.0, 20.0, 22.0, 35.0, 6.0, 25.0, 8.0, 21.0, 14.0, 38.0, 33.0, 8.0]
[9.0, 7.999999999999999, 7.999999999999999, 9.0, 7.999999999999999, 7.999999999999999, 9.0, 9.0, 9.0, 9.0, 9.0, 9.0]
[7.999999999999999, 9.0, 9.0, 7.999999999999999, 9.0, 9.0, 9.0, 9.0, 9.0, 9.0, 9.0, 9.0]
T = 0.1677721600000001	 step = 414
124.58000000000004
25.307248038419914
[32.0, 30.0, 21.0, 29.0, 29.0, 5.0, 19.0, 41.0, 6.0, 13.0, 43.0, 41.0]
[45.0, 20.0, 22.0, 35.0, 6.0, 25.0, 8.0, 21.0, 14.0, 38.0, 33.0, 8.0]
[9.0, 7.999999999999999, 7.999999999999999, 9.0, 7.999999999999999, 7.999999999999999, 9.0, 9.0, 9.0, 9.0, 9.0, 9.0]
[7.999999999999999, 9.0, 9.0, 7.999999999999999, 9.0, 9.0, 9.0, 9.0, 9.0, 9.0, 9.0, 9.0]
T = 0.1677721600000001	 step = 415
124.56
25.40248613365801
[32.0, 30.0, 21.0, 29.0, 29.0, 5.0, 19.0, 41.0, 6.0, 13.0, 43.0, 41.0]
[45.0, 20.0, 22.0, 35.0, 6.0, 25.0, 8.0, 21.0, 14.0, 38.0, 33.0, 7.0]
[9.0, 7.999999999999999, 7.999999999999999, 9.0, 7.999999999999999, 7.999999999999999, 9.0, 9.0, 9.0, 9.0, 9.0, 9.0]
[7.999999999999999, 9.0, 9.0, 7.999999999999999, 9.0, 9.0, 9.0, 9.0, 9.0, 9.0, 9.0, 9.0]
T = 0.1677721600000001	 step = 416
124.59000000000003
25.307248038419914
[32.0, 30.0, 21.0, 29.0, 29.0, 5.0, 19.0, 40.0, 6.0, 13.0, 43.0, 41.0]
[45.0, 20.0, 22.0, 35.0, 6.0, 25.0, 8.0, 21.0, 14.0, 38.0, 33.0, 7.0]
[9.0, 7.999999999999999, 7.999999999999999, 9.0, 7.999999999999999, 7.999999999999999, 9.0, 9.0, 9.0, 9.0, 9.0, 9.0]
[7.999999999999999, 9.0, 9.0, 7.999999999999999, 9.0, 9.0, 9.0, 9.0, 9.0, 9.0, 9.0, 9.0]
T = 0.1677721600000001	 step = 417
124.82000000000005
25.21620366612554
[32.0, 30.0, 21.0, 28.0, 29.0, 5.0, 19.0, 40.0, 6.0, 13.0, 43.0, 41.0]
[45.0, 20.0, 22.0, 35.0, 6.0, 25.0, 8.0, 21.0, 14.0, 38.0, 33.0, 7.0]
[9.0, 7.999999999999999, 7.999999999999999, 9.0, 7.999999999999999, 7.999999999999999, 9.0, 9.0, 9.0, 9.0, 9.0, 9.0]
[7.999999999999999, 9.0, 9.0, 7.999999999999999, 9.0, 9.0, 9.0, 9.0, 9.0, 9.0, 9.0, 9.0]
T = 0.1677721600000001	 step = 418
124.64000000000004
25.212009943181815
[32.0, 30.0, 21.0, 29.0, 29.0, 5.0, 19.0, 40.0, 7.0, 13.0, 43.0, 41.0]
[45.0, 20.0, 22.0, 35.0, 6.0, 25.0, 8.0, 21.0, 14.0, 38.0, 33.0, 7.0]
[9.0, 7.999999999999999, 7.999999999999999, 9.0, 7.999999999999999, 7.999999999999999, 9.0, 9.0, 9.0, 9.0, 9.0, 9.0]
[7.999999999999999, 9.0, 9.0, 7.999999999999999, 9.0, 9.0, 9.0, 9.0, 9.0, 9.0, 9.0, 9.0]
T = 0.1677721600000001	 step = 419
128.34000000000003
23.545343276515148
[32.0, 30.0, 21.0, 29.0, 29.0, 12.0, 19.0, 40.0, 7.0, 13.0, 43.0, 41.0]
[45.0, 20.0, 22.0, 35.0, 6.0, 25.0, 8.0, 21.0, 14.0, 38.0, 33.0, 7.0]
[9.0, 7.999999999999999, 7.999999999999999, 9.0, 7.999999999999999, 7.999999999999999, 9.0, 9.0, 9.0, 9.0, 9.0, 9.0]
[7.999999999999999, 9.0, 9.0, 7.999999999999999, 9.0, 9.0, 9.0, 9.0, 9.0, 9.0, 9.0, 9.0]
T = 0.1677721600000001	 step = 420
124.40000000000003
25.354867086038954
[32.0, 30.0, 21.0, 30.0, 29.0, 5.0, 19.0, 40.0, 7.0, 13.0, 43.0, 41.0]
[45.0, 20.0, 22.0, 35.0, 6.0, 25.0, 8.0, 21.0, 14.0, 38.0, 33.0, 7.0]
[9.0, 7.999999999999999, 7.999999999999999, 9.0, 7.999999999999999, 7.999999999999999, 9.0, 9.0, 9.0, 9.0, 9.0, 9.0]
[7.999999999999999, 9.0, 9.0, 7.999999999999999, 9.0, 9.0, 9.0, 9.0, 9.0, 9.0, 9.0, 9.0]
T = 0.1677721600000001	 step = 421
124.34000000000003
25.450105181277056
[32.0, 30.0, 21.0, 30.0, 29.0, 5.0, 19.0, 40.0, 7.0, 13.0, 43.0, 41.0]
[45.0, 20.0, 22.0, 35.0, 6.0, 25.0, 7.0, 21.0, 14.0, 38.0, 33.0, 7.0]
[9.0, 7.999999999999999, 7.999999999999999, 9.0, 7.999999999999999, 7.999999999999999, 9.0, 9.0, 9.0, 9.0, 9.0, 9.0]
[7.999999999999999, 9.0, 9.0, 7.999999999999999, 9.0, 9.0, 9.0, 9.0, 9.0, 9.0, 9.0, 9.0]
T = 0.1677721600000001	 step = 422
124.29000000000002
25.640581371753246
[32.0, 30.0, 21.0, 30.0, 29.0, 5.0, 19.0, 40.0, 7.0, 13.0, 43.0, 44.0]
[45.0, 20.0, 22.0, 35.0, 6.0, 25.0, 7.0, 21.0, 14.0, 38.0, 33.0, 8.0]
[9.0, 7.999999999999999, 7.999999999999999, 9.0, 7.999999999999999, 7.999999999999999, 9.0, 9.0, 9.0, 9.0, 9.0, 9.0]
[7.999999999999999, 9.0, 9.0, 7.999999999999999, 9.0, 9.0, 9.0, 9.0, 9.0, 9.0, 9.0, 9.0]
T = 0.1677721600000001	 step = 423
124.29000000000002
25.57721726190476
[32.0, 30.0, 21.0, 30.0, 29.0, 5.0, 19.0, 40.0, 7.0, 13.0, 43.0, 44.0]
[45.0, 20.0, 22.0, 35.0, 6.0, 25.0, 7.0, 20.0, 14.0, 38.0, 33.0, 8.0]
[9.0, 7.999999999999999, 7.999999999999999, 9.0, 7.999999999999999, 7.999999999999999, 9.0, 9.0, 9.0, 9.0, 9.0, 9.0]
[7.999999999999999, 9.0, 9.0, 7.999999999999999, 9.0, 9.0, 9.0, 9.0, 9.0, 9.0, 9.0, 9.0]
T = 0.1677721600000001	 step = 424
123.58000000000004
25.529598214285713
[32.0, 30.0, 20.0, 30.0, 29.0, 5.0, 19.0, 40.0, 7.0, 13.0, 43.0, 44.0]
[45.0, 20.0, 22.0, 35.0, 6.0, 25.0, 7.0, 20.0, 14.0, 38.0, 33.0, 8.0]
[9.0, 7.999999999999999, 7.999999999999999, 9.0, 7.999999999999999, 7.999999999999999, 9.0, 9.0, 9.0, 9.0, 9.0, 9.0]
[7.999999999999999, 9.0, 9.0, 7.999999999999999, 9.0, 9.0, 9.0, 9.0, 9.0, 9.0, 9.0, 9.0]
T = 0.1677721600000001	 step = 425
123.64000000000004
25.434360119047618
[32.0, 30.0, 20.0, 30.0, 29.0, 5.0, 19.0, 40.0, 7.0, 13.0, 43.0, 44.0]
[45.0, 20.0, 22.0, 35.0, 6.0, 25.0, 8.0, 20.0, 14.0, 38.0, 33.0, 8.0]
[9.0, 7.999999999999999, 7.999999999999999, 9.0, 7.999999999999999, 7.999999999999999, 9.0, 9.0, 9.0, 9.0, 9.0, 9.0]
[7.999999999999999, 9.0, 9.0, 7.999999999999999, 9.0, 9.0, 9.0, 9.0, 9.0, 9.0, 9.0, 9.0]
T = 0.1677721600000001	 step = 426
123.62
25.62525737283549
[32.0, 30.0, 20.0, 30.0, 29.0, 5.0, 19.0, 40.0, 7.0, 13.0, 43.0, 44.0]
[45.0, 20.0, 22.0, 35.0, 6.0, 25.0, 8.0, 20.0, 14.0, 38.0, 35.0, 8.0]
[9.0, 7.999999999999999, 7.999999999999999, 9.0, 7.999999999999999, 7.999999999999999, 9.0, 9.0, 9.0, 9.0, 9.0, 9.0]
[7.999999999999999, 9.0, 9.0, 7.999999999999999, 9.0, 9.0, 9.0, 9.0, 9.0, 9.0, 9.0, 9.0]
T = 0.1677721600000001	 step = 427
123.71000000000004
25.387162134740255
[31.0, 30.0, 20.0, 30.0, 29.0, 5.0, 19.0, 40.0, 7.0, 13.0, 43.0, 44.0]
[45.0, 20.0, 22.0, 35.0, 6.0, 25.0, 8.0, 20.0, 14.0, 38.0, 35.0, 8.0]
[9.0, 7.999999999999999, 7.999999999999999, 9.0, 7.999999999999999, 7.999999999999999, 9.0, 9.0, 9.0, 9.0, 9.0, 9.0]
[7.999999999999999, 9.0, 9.0, 7.999999999999999, 9.0, 9.0, 9.0, 9.0, 9.0, 9.0, 9.0, 9.0]
T = 0.1677721600000001	 step = 428
123.76000000000005
25.29192403950216
[31.0, 30.0, 20.0, 30.0, 29.0, 5.0, 19.0, 40.0, 8.0, 13.0, 43.0, 44.0]
[45.0, 20.0, 22.0, 35.0, 6.0, 25.0, 8.0, 20.0, 14.0, 38.0, 35.0, 8.0]
[9.0, 7.999999999999999, 7.999999999999999, 9.0, 7.999999999999999, 7.999999999999999, 9.0, 9.0, 9.0, 9.0, 9.0, 9.0]
[7.999999999999999, 9.0, 9.0, 7.999999999999999, 9.0, 9.0, 9.0, 9.0, 9.0, 9.0, 9.0, 9.0]
T = 0.1677721600000001	 step = 429
124.53000000000003
25.33912202380952
[31.0, 29.0, 20.0, 30.0, 29.0, 5.0, 19.0, 40.0, 8.0, 13.0, 43.0, 44.0]
[45.0, 20.0, 22.0, 35.0, 6.0, 25.0, 8.0, 20.0, 14.0, 38.0, 35.0, 8.0]
[9.0, 7.999999999999999, 7.999999999999999, 9.0, 7.999999999999999, 7.999999999999999, 9.0, 9.0, 9.0, 9.0, 9.0, 9.0]
[7.999999999999999, 9.0, 9.0, 7.999999999999999, 9.0, 9.0, 9.0, 9.0, 9.0, 9.0, 9.0, 9.0]
T = 0.1677721600000001	 step = 430
124.61000000000001
25.101026785714282
[30.0, 29.0, 20.0, 30.0, 29.0, 5.0, 19.0, 40.0, 8.0, 13.0, 43.0, 44.0]
[45.0, 20.0, 22.0, 35.0, 6.0, 25.0, 8.0, 20.0, 14.0, 38.0, 35.0, 8.0]
[9.0, 7.999999999999999, 7.999999999999999, 9.0, 7.999999999999999, 7.999999999999999, 9.0, 9.0, 9.0, 9.0, 9.0, 9.0]
[7.999999999999999, 9.0, 9.0, 7.999999999999999, 9.0, 9.0, 9.0, 9.0, 9.0, 9.0, 9.0, 9.0]
T = 0.1677721600000001	 step = 431
124.53000000000003
25.33912202380952
[31.0, 29.0, 20.0, 30.0, 29.0, 5.0, 19.0, 40.0, 8.0, 13.0, 43.0, 44.0]
[45.0, 20.0, 22.0, 35.0, 6.0, 25.0, 8.0, 20.0, 14.0, 38.0, 35.0, 8.0]
[9.0, 7.999999999999999, 7.999999999999999, 9.0, 7.999999999999999, 7.999999999999999, 9.0, 9.0, 9.0, 9.0, 9.0, 9.0]
[7.999999999999999, 9.0, 9.0, 7.999999999999999, 9.0, 9.0, 9.0, 9.0, 9.0, 9.0, 9.0, 9.0]
T = 0.1677721600000001	 step = 432
124.5
25.434360119047618
[31.0, 29.0, 20.0, 30.0, 29.0, 5.0, 19.0, 40.0, 8.0, 13.0, 43.0, 44.0]
[45.0, 20.0, 22.0, 35.0, 6.0, 25.0, 8.0, 20.0, 13.0, 38.0, 35.0, 8.0]
[9.0, 7.999999999999999, 7.999999999999999, 9.0, 7.999999999999999, 7.999999999999999, 9.0, 9.0, 9.0, 9.0, 9.0, 9.0]
[7.999999999999999, 9.0, 9.0, 7.999999999999999, 9.0, 9.0, 9.0, 9.0, 9.0, 9.0, 9.0, 9.0]
T = 0.1677721600000001	 step = 433
124.41000000000003
25.386741071428567
[31.0, 29.0, 20.0, 30.0, 29.0, 5.0, 19.0, 40.0, 8.0, 13.0, 43.0, 44.0]
[45.0, 20.0, 21.0, 35.0, 6.0, 25.0, 8.0, 20.0, 13.0, 38.0, 35.0, 8.0]
[9.0, 7.999999999999999, 7.999999999999999, 9.0, 7.999999999999999, 7.999999999999999, 9.0, 9.0, 9.0, 9.0, 9.0, 9.0]
[7.999999999999999, 9.0, 9.0, 7.999999999999999, 9.0, 9.0, 9.0, 9.0, 9.0, 9.0, 9.0, 9.0]
T = 0.1677721600000001	 step = 434
124.29000000000002
25.497724228896104
[31.0, 29.0, 20.0, 30.0, 29.0, 5.0, 19.0, 40.0, 8.0, 13.0, 43.0, 44.0]
[45.0, 19.0, 21.0, 35.0, 6.0, 25.0, 8.0, 20.0, 13.0, 38.0, 35.0, 8.0]
[9.0, 7.999999999999999, 7.999999999999999, 9.0, 7.999999999999999, 7.999999999999999, 9.0, 9.0, 9.0, 9.0, 9.0, 9.0]
[7.999999999999999, 9.0, 9.0, 7.999999999999999, 9.0, 9.0, 9.0, 9.0, 9.0, 9.0, 9.0, 9.0]
T = 0.1677721600000001	 step = 435
125.88
24.640581371753246
[31.0, 29.0, 20.0, 30.0, 29.0, 8.0, 19.0, 40.0, 8.0, 13.0, 43.0, 44.0]
[45.0, 19.0, 21.0, 35.0, 6.0, 24.0, 8.0, 20.0, 13.0, 38.0, 35.0, 8.0]
[9.0, 7.999999999999999, 7.999999999999999, 9.0, 7.999999999999999, 7.999999999999999, 9.0, 9.0, 9.0, 9.0, 9.0, 9.0]
[7.999999999999999, 9.0, 9.0, 7.999999999999999, 9.0, 9.0, 9.0, 9.0, 9.0, 9.0, 9.0, 9.0]
T = 0.1677721600000001	 step = 436
125.12
24.5929623241342
[31.0, 30.0, 20.0, 30.0, 29.0, 8.0, 19.0, 40.0, 8.0, 13.0, 43.0, 44.0]
[45.0, 19.0, 21.0, 35.0, 6.0, 24.0, 8.0, 20.0, 13.0, 38.0, 35.0, 8.0]
[9.0, 7.999999999999999, 7.999999999999999, 9.0, 7.999999999999999, 7.999999999999999, 9.0, 9.0, 9.0, 9.0, 9.0, 9.0]
[7.999999999999999, 9.0, 9.0, 7.999999999999999, 9.0, 9.0, 9.0, 9.0, 9.0, 9.0, 9.0, 9.0]
T = 0.1677721600000001	 step = 437
125.44
24.35486708603896
[31.0, 30.0, 20.0, 30.0, 29.0, 8.0, 19.0, 40.0, 8.0, 13.0, 43.0, 44.0]
[45.0, 19.0, 21.0, 35.0, 7.0, 24.0, 8.0, 20.0, 13.0, 38.0, 35.0, 8.0]
[9.0, 7.999999999999999, 7.999999999999999, 9.0, 7.999999999999999, 7.999999999999999, 9.0, 9.0, 9.0, 9.0, 9.0, 9.0]
[7.999999999999999, 9.0, 9.0, 7.999999999999999, 9.0, 9.0, 9.0, 9.0, 9.0, 9.0, 9.0, 9.0]
T = 0.1677721600000001	 step = 438
125.41000000000003
24.450105181277056
[31.0, 30.0, 20.0, 30.0, 29.0, 8.0, 19.0, 41.0, 8.0, 13.0, 43.0, 44.0]
[45.0, 19.0, 21.0, 35.0, 7.0, 24.0, 8.0, 20.0, 13.0, 38.0, 35.0, 8.0]
[9.0, 7.999999999999999, 7.999999999999999, 9.0, 7.999999999999999, 7.999999999999999, 9.0, 9.0, 9.0, 9.0, 9.0, 9.0]
[7.999999999999999, 9.0, 9.0, 7.999999999999999, 9.0, 9.0, 9.0, 9.0, 9.0, 9.0, 9.0, 9.0]
T = 0.1677721600000001	 step = 439
124.82000000000005
24.866839488636362
[31.0, 30.0, 20.0, 30.0, 29.0, 7.0, 19.0, 41.0, 8.0, 13.0, 43.0, 44.0]
[45.0, 19.0, 21.0, 35.0, 7.0, 25.0, 8.0, 20.0, 13.0, 38.0, 35.0, 8.0]
[9.0, 7.999999999999999, 7.999999999999999, 9.0, 7.999999999999999, 9.0, 9.0, 9.0, 9.0, 9.0, 9.0, 9.0]
[7.999999999999999, 9.0, 9.0, 7.999999999999999, 9.0, 7.999999999999999, 9.0, 9.0, 9.0, 9.0, 9.0, 9.0]
T = 0.1677721600000001	 step = 440
125.58000000000004
24.914458536255406
[31.0, 29.0, 20.0, 30.0, 29.0, 7.0, 19.0, 41.0, 8.0, 13.0, 43.0, 44.0]
[45.0, 19.0, 21.0, 35.0, 7.0, 25.0, 8.0, 20.0, 13.0, 38.0, 35.0, 8.0]
[9.0, 7.999999999999999, 7.999999999999999, 9.0, 7.999999999999999, 9.0, 9.0, 9.0, 9.0, 9.0, 9.0, 9.0]
[7.999999999999999, 9.0, 9.0, 7.999999999999999, 9.0, 7.999999999999999, 9.0, 9.0, 9.0, 9.0, 9.0, 9.0]
T = 0.1677721600000001	 step = 441
124.78000000000003
24.843451028138524
[31.0, 30.0, 20.0, 30.0, 29.0, 7.0, 19.0, 41.0, 8.0, 13.0, 43.0, 44.0]
[45.0, 19.0, 21.0, 35.0, 7.0, 25.0, 8.0, 20.0, 13.0, 39.0, 35.0, 8.0]
[9.0, 7.999999999999999, 7.999999999999999, 9.0, 7.999999999999999, 9.0, 9.0, 9.0, 9.0, 9.0, 9.0, 9.0]
[7.999999999999999, 9.0, 9.0, 7.999999999999999, 9.0, 7.999999999999999, 9.0, 9.0, 9.0, 9.0, 9.0, 9.0]
T = 0.1677721600000001	 step = 442
124.46000000000004
25.080989921536794
[31.0, 30.0, 20.0, 30.0, 29.0, 7.0, 19.0, 41.0, 8.0, 13.0, 43.0, 44.0]
[45.0, 19.0, 21.0, 35.0, 6.0, 25.0, 8.0, 20.0, 13.0, 39.0, 35.0, 8.0]
[9.0, 7.999999999999999, 7.999999999999999, 9.0, 7.999999999999999, 9.0, 9.0, 9.0, 9.0, 9.0, 9.0, 9.0]
[7.999999999999999, 9.0, 9.0, 7.999999999999999, 9.0, 7.999999999999999, 9.0, 9.0, 9.0, 9.0, 9.0, 9.0]
T = 0.1677721600000001	 step = 443
124.41000000000003
25.17622801677489
[31.0, 30.0, 20.0, 30.0, 29.0, 7.0, 19.0, 41.0, 7.0, 13.0, 43.0, 44.0]
[45.0, 19.0, 21.0, 35.0, 6.0, 25.0, 8.0, 20.0, 13.0, 39.0, 35.0, 8.0]
[9.0, 7.999999999999999, 7.999999999999999, 9.0, 7.999999999999999, 9.0, 9.0, 9.0, 9.0, 9.0, 9.0, 9.0]
[7.999999999999999, 9.0, 9.0, 7.999999999999999, 9.0, 7.999999999999999, 9.0, 9.0, 9.0, 9.0, 9.0, 9.0]
T = 0.1677721600000001	 step = 444
124.40000000000003
25.112863906926403
[31.0, 30.0, 20.0, 30.0, 29.0, 7.0, 19.0, 41.0, 7.0, 13.0, 43.0, 44.0]
[45.0, 19.0, 21.0, 35.0, 6.0, 25.0, 8.0, 19.0, 13.0, 39.0, 35.0, 8.0]
[9.0, 7.999999999999999, 7.999999999999999, 9.0, 7.999999999999999, 9.0, 9.0, 9.0, 9.0, 9.0, 9.0, 9.0]
[7.999999999999999, 9.0, 9.0, 7.999999999999999, 9.0, 7.999999999999999, 9.0, 9.0, 9.0, 9.0, 9.0, 9.0]
T = 0.1677721600000001	 step = 445
124.72000000000003
24.875340232683982
[31.0, 30.0, 20.0, 30.0, 29.0, 7.0, 19.0, 41.0, 7.0, 13.0, 43.0, 44.0]
[45.0, 19.0, 21.0, 35.0, 7.0, 25.0, 8.0, 19.0, 13.0, 39.0, 35.0, 8.0]
[9.0, 7.999999999999999, 7.999999999999999, 9.0, 7.999999999999999, 9.0, 9.0, 9.0, 9.0, 9.0, 9.0, 9.0]
[7.999999999999999, 9.0, 9.0, 7.999999999999999, 9.0, 7.999999999999999, 9.0, 9.0, 9.0, 9.0, 9.0, 9.0]
T = 0.1677721600000001	 step = 446
124.69
25.06581642316017
[31.0, 30.0, 20.0, 30.0, 29.0, 7.0, 19.0, 41.0, 7.0, 11.0, 43.0, 44.0]
[45.0, 19.0, 21.0, 35.0, 7.0, 25.0, 8.0, 19.0, 13.0, 39.0, 35.0, 8.0]
[9.0, 7.999999999999999, 7.999999999999999, 9.0, 7.999999999999999, 9.0, 9.0, 9.0, 9.0, 9.0, 9.0, 9.0]
[7.999999999999999, 9.0, 9.0, 7.999999999999999, 9.0, 7.999999999999999, 9.0, 9.0, 9.0, 9.0, 9.0, 9.0]
T = 0.1677721600000001	 step = 447
124.67000000000002
25.161054518398267
[31.0, 30.0, 20.0, 30.0, 29.0, 7.0, 19.0, 41.0, 7.0, 10.0, 43.0, 44.0]
[45.0, 19.0, 21.0, 35.0, 7.0, 25.0, 8.0, 19.0, 13.0, 39.0, 35.0, 8.0]
[9.0, 7.999999999999999, 7.999999999999999, 9.0, 7.999999999999999, 9.0, 9.0, 9.0, 9.0, 9.0, 9.0, 9.0]
[7.999999999999999, 9.0, 9.0, 7.999999999999999, 9.0, 7.999999999999999, 9.0, 9.0, 9.0, 9.0, 9.0, 9.0]
T = 0.1677721600000001	 step = 448
124.69
25.06581642316017
[31.0, 30.0, 20.0, 30.0, 29.0, 7.0, 19.0, 41.0, 7.0, 10.0, 43.0, 43.0]
[45.0, 19.0, 21.0, 35.0, 7.0, 25.0, 8.0, 19.0, 13.0, 39.0, 35.0, 8.0]
[9.0, 7.999999999999999, 7.999999999999999, 9.0, 7.999999999999999, 9.0, 9.0, 9.0, 9.0, 9.0, 9.0, 9.0]
[7.999999999999999, 9.0, 9.0, 7.999999999999999, 9.0, 7.999999999999999, 9.0, 9.0, 9.0, 9.0, 9.0, 9.0]
T = 0.1677721600000001	 step = 449
124.79000000000002
25.06141504329004
[31.0, 30.0, 20.0, 30.0, 29.0, 7.0, 19.0, 41.0, 7.0, 10.0, 43.0, 43.0]
[45.0, 20.0, 21.0, 35.0, 7.0, 25.0, 8.0, 19.0, 13.0, 39.0, 35.0, 8.0]
[9.0, 7.999999999999999, 7.999999999999999, 9.0, 7.999999999999999, 9.0, 9.0, 9.0, 9.0, 9.0, 9.0, 9.0]
[7.999999999999999, 9.0, 9.0, 7.999999999999999, 9.0, 7.999999999999999, 9.0, 9.0, 9.0, 9.0, 9.0, 9.0]
T = 0.1677721600000001	 step = 450
124.53000000000003
25.775700757575756
[34.0, 30.0, 20.0, 30.0, 29.0, 7.0, 19.0, 41.0, 7.0, 10.0, 43.0, 43.0]
[45.0, 20.0, 21.0, 35.0, 7.0, 25.0, 8.0, 19.0, 13.0, 39.0, 35.0, 8.0]
[9.0, 7.999999999999999, 7.999999999999999, 9.0, 7.999999999999999, 9.0, 9.0, 9.0, 9.0, 9.0, 9.0, 9.0]
[7.999999999999999, 9.0, 9.0, 7.999999999999999, 9.0, 7.999999999999999, 9.0, 9.0, 9.0, 9.0, 9.0, 9.0]
T = 0.1677721600000001	 step = 451
124.58000000000004
25.768666125541124
[34.0, 30.0, 20.0, 30.0, 29.0, 7.0, 19.0, 41.0, 7.0, 10.0, 43.0, 43.0]
[45.0, 21.0, 21.0, 35.0, 7.0, 25.0, 8.0, 19.0, 13.0, 39.0, 35.0, 8.0]
[9.0, 7.999999999999999, 7.999999999999999, 9.0, 7.999999999999999, 9.0, 9.0, 9.0, 9.0, 9.0, 9.0, 9.0]
[7.999999999999999, 9.0, 9.0, 7.999999999999999, 9.0, 7.999999999999999, 9.0, 9.0, 9.0, 9.0, 9.0, 9.0]
T = 0.13421772800000006	 step = 452
125.08000000000004
25.530570887445887
[34.0, 30.0, 20.0, 30.0, 29.0, 7.0, 19.0, 41.0, 7.0, 10.0, 43.0, 43.0]
[45.0, 21.0, 21.0, 35.0, 8.0, 25.0, 8.0, 19.0, 13.0, 39.0, 35.0, 8.0]
[9.0, 7.999999999999999, 7.999999999999999, 9.0, 7.999999999999999, 9.0, 9.0, 9.0, 9.0, 9.0, 9.0, 9.0]
[7.999999999999999, 9.0, 9.0, 7.999999999999999, 9.0, 7.999999999999999, 9.0, 9.0, 9.0, 9.0, 9.0, 9.0]
T = 0.13421772800000006	 step = 453
125.05000000000001
25.62636532738095
[34.0, 30.0, 20.0, 30.0, 29.0, 7.0, 19.0, 41.0, 7.0, 10.0, 44.0, 43.0]
[45.0, 21.0, 21.0, 35.0, 8.0, 25.0, 8.0, 19.0, 13.0, 39.0, 35.0, 8.0]
[9.0, 7.999999999999999, 7.999999999999999, 9.0, 7.999999999999999, 9.0, 9.0, 9.0, 9.0, 9.0, 9.0, 9.0]
[7.999999999999999, 9.0, 9.0, 7.999999999999999, 9.0, 7.999999999999999, 9.0, 9.0, 9.0, 9.0, 9.0, 9.0]
T = 0.13421772800000006	 step = 454
125.85000000000002
25.67344324945887
[34.0, 29.0, 20.0, 30.0, 29.0, 7.0, 19.0, 41.0, 7.0, 10.0, 44.0, 43.0]
[45.0, 21.0, 21.0, 35.0, 8.0, 25.0, 8.0, 19.0, 13.0, 39.0, 35.0, 8.0]
[9.0, 7.999999999999999, 7.999999999999999, 9.0, 7.999999999999999, 9.0, 9.0, 9.0, 9.0, 9.0, 9.0, 9.0]
[7.999999999999999, 9.0, 9.0, 7.999999999999999, 9.0, 7.999999999999999, 9.0, 9.0, 9.0, 9.0, 9.0, 9.0]
T = 0.13421772800000006	 step = 455
125.82000000000005
25.768681344696965
[34.0, 29.0, 20.0, 30.0, 29.0, 7.0, 19.0, 41.0, 6.0, 10.0, 44.0, 43.0]
[45.0, 21.0, 21.0, 35.0, 8.0, 25.0, 8.0, 19.0, 13.0, 39.0, 35.0, 8.0]
[9.0, 7.999999999999999, 7.999999999999999, 9.0, 7.999999999999999, 9.0, 9.0, 9.0, 9.0, 9.0, 9.0, 9.0]
[7.999999999999999, 9.0, 9.0, 7.999999999999999, 9.0, 7.999999999999999, 9.0, 9.0, 9.0, 9.0, 9.0, 9.0]
T = 0.13421772800000006	 step = 456
125.79000000000002
25.86391943993506
[34.0, 29.0, 20.0, 30.0, 29.0, 7.0, 19.0, 41.0, 6.0, 10.0, 44.0, 44.0]
[45.0, 21.0, 21.0, 35.0, 8.0, 25.0, 8.0, 19.0, 13.0, 39.0, 35.0, 8.0]
[9.0, 7.999999999999999, 7.999999999999999, 9.0, 7.999999999999999, 9.0, 9.0, 9.0, 9.0, 9.0, 9.0, 9.0]
[7.999999999999999, 9.0, 9.0, 7.999999999999999, 9.0, 7.999999999999999, 9.0, 9.0, 9.0, 9.0, 9.0, 9.0]
T = 0.13421772800000006	 step = 457
125.76000000000005
25.959157535173155
[34.0, 29.0, 20.0, 30.0, 29.0, 7.0, 19.0, 41.0, 6.0, 10.0, 44.0, 44.0]
[45.0, 21.0, 21.0, 35.0, 8.0, 25.0, 8.0, 19.0, 13.0, 39.0, 35.0, 7.0]
[9.0, 7.999999999999999, 7.999999999999999, 9.0, 7.999999999999999, 9.0, 9.0, 9.0, 9.0, 9.0, 9.0, 9.0]
[7.999999999999999, 9.0, 9.0, 7.999999999999999, 9.0, 7.999999999999999, 9.0, 9.0, 9.0, 9.0, 9.0, 9.0]
T = 0.13421772800000006	 step = 458
125.74000000000001
26.05439563041125
[34.0, 29.0, 20.0, 30.0, 29.0, 7.0, 19.0, 41.0, 6.0, 10.0, 44.0, 44.0]
[45.0, 21.0, 21.0, 35.0, 8.0, 25.0, 8.0, 19.0, 13.0, 39.0, 35.0, 6.0]
[9.0, 7.999999999999999, 7.999999999999999, 9.0, 7.999999999999999, 9.0, 9.0, 9.0, 9.0, 9.0, 9.0, 9.0]
[7.999999999999999, 9.0, 9.0, 7.999999999999999, 9.0, 7.999999999999999, 9.0, 9.0, 9.0, 9.0, 9.0, 9.0]
T = 0.13421772800000006	 step = 459
125.74000000000001
26.013811214826834
[34.0, 29.0, 20.0, 30.0, 29.0, 7.0, 19.0, 41.0, 6.0, 10.0, 44.0, 44.0]
[45.0, 21.0, 21.0, 35.0, 8.0, 25.0, 8.0, 20.0, 13.0, 39.0, 35.0, 6.0]
[9.0, 7.999999999999999, 7.999999999999999, 9.0, 7.999999999999999, 9.0, 9.0, 9.0, 9.0, 9.0, 9.0, 9.0]
[7.999999999999999, 9.0, 9.0, 7.999999999999999, 9.0, 7.999999999999999, 9.0, 9.0, 9.0, 9.0, 9.0, 9.0]
T = 0.13421772800000006	 step = 460
125.26000000000005
26.25189123376623
[34.0, 29.0, 20.0, 30.0, 29.0, 7.0, 19.0, 41.0, 6.0, 10.0, 44.0, 44.0]
[45.0, 21.0, 21.0, 35.0, 7.0, 25.0, 8.0, 20.0, 13.0, 39.0, 35.0, 6.0]
[9.0, 7.999999999999999, 7.999999999999999, 9.0, 7.999999999999999, 9.0, 9.0, 9.0, 9.0, 9.0, 9.0, 9.0]
[7.999999999999999, 9.0, 9.0, 7.999999999999999, 9.0, 7.999999999999999, 9.0, 9.0, 9.0, 9.0, 9.0, 9.0]
T = 0.13421772800000006	 step = 461
125.27000000000004
26.156653138528135
[34.0, 29.0, 20.0, 30.0, 29.0, 7.0, 19.0, 41.0, 6.0, 10.0, 44.0, 44.0]
[45.0, 21.0, 21.0, 35.0, 7.0, 25.0, 8.0, 20.0, 13.0, 39.0, 35.0, 7.0]
[9.0, 7.999999999999999, 7.999999999999999, 9.0, 7.999999999999999, 9.0, 9.0, 9.0, 9.0, 9.0, 9.0, 9.0]
[7.999999999999999, 9.0, 9.0, 7.999999999999999, 9.0, 7.999999999999999, 9.0, 9.0, 9.0, 9.0, 9.0, 9.0]
T = 0.13421772800000006	 step = 462
125.34000000000003
26.061971387987008
[34.0, 29.0, 20.0, 30.0, 29.0, 7.0, 19.0, 41.0, 6.0, 10.0, 44.0, 44.0]
[45.0, 21.0, 21.0, 35.0, 7.0, 25.0, 9.0, 20.0, 13.0, 39.0, 35.0, 7.0]
[9.0, 7.999999999999999, 7.999999999999999, 9.0, 7.999999999999999, 9.0, 9.0, 9.0, 9.0, 9.0, 9.0, 9.0]
[7.999999999999999, 9.0, 9.0, 7.999999999999999, 9.0, 7.999999999999999, 9.0, 9.0, 9.0, 9.0, 9.0, 9.0]
T = 0.13421772800000006	 step = 463
125.23000000000002
26.109034090909088
[34.0, 29.0, 20.0, 30.0, 29.0, 7.0, 19.0, 41.0, 6.0, 10.0, 44.0, 44.0]
[45.0, 21.0, 20.0, 35.0, 7.0, 25.0, 9.0, 20.0, 13.0, 39.0, 35.0, 7.0]
[9.0, 7.999999999999999, 7.999999999999999, 9.0, 7.999999999999999, 9.0, 9.0, 9.0, 9.0, 9.0, 9.0, 9.0]
[7.999999999999999, 9.0, 9.0, 7.999999999999999, 9.0, 7.999999999999999, 9.0, 9.0, 9.0, 9.0, 9.0, 9.0]
T = 0.13421772800000006	 step = 464
125.30000000000001
26.013795995670993
[34.0, 29.0, 20.0, 30.0, 29.0, 7.0, 19.0, 40.0, 6.0, 10.0, 44.0, 44.0]
[45.0, 21.0, 20.0, 35.0, 7.0, 25.0, 9.0, 20.0, 13.0, 39.0, 35.0, 7.0]
[9.0, 7.999999999999999, 7.999999999999999, 9.0, 7.999999999999999, 9.0, 9.0, 9.0, 9.0, 9.0, 9.0, 9.0]
[7.999999999999999, 9.0, 9.0, 7.999999999999999, 9.0, 7.999999999999999, 9.0, 9.0, 9.0, 9.0, 9.0, 9.0]
T = 0.13421772800000006	 step = 465
125.27000000000004
26.109590435606055
[34.0, 29.0, 20.0, 30.0, 29.0, 7.0, 19.0, 40.0, 6.0, 10.0, 44.0, 44.0]
[45.0, 21.0, 20.0, 35.0, 7.0, 25.0, 8.0, 20.0, 13.0, 39.0, 35.0, 7.0]
[9.0, 7.999999999999999, 7.999999999999999, 9.0, 7.999999999999999, 9.0, 9.0, 9.0, 9.0, 9.0, 9.0, 9.0]
[7.999999999999999, 9.0, 9.0, 7.999999999999999, 9.0, 7.999999999999999, 9.0, 9.0, 9.0, 9.0, 9.0, 9.0]
T = 0.13421772800000006	 step = 466
125.28000000000003
25.961863162878785
[34.0, 29.0, 20.0, 29.0, 29.0, 7.0, 19.0, 40.0, 6.0, 10.0, 44.0, 44.0]
[45.0, 21.0, 20.0, 35.0, 7.0, 25.0, 8.0, 20.0, 13.0, 39.0, 35.0, 7.0]
[9.0, 7.999999999999999, 7.999999999999999, 9.0, 7.999999999999999, 9.0, 9.0, 9.0, 9.0, 9.0, 9.0, 9.0]
[7.999999999999999, 9.0, 9.0, 7.999999999999999, 9.0, 7.999999999999999, 9.0, 9.0, 9.0, 9.0, 9.0, 9.0]
T = 0.13421772800000006	 step = 467
125.17000000000002
26.00892586580086
[34.0, 29.0, 20.0, 29.0, 29.0, 7.0, 19.0, 40.0, 6.0, 10.0, 44.0, 44.0]
[45.0, 21.0, 19.0, 35.0, 7.0, 25.0, 8.0, 20.0, 13.0, 39.0, 35.0, 7.0]
[9.0, 7.999999999999999, 7.999999999999999, 9.0, 7.999999999999999, 9.0, 9.0, 9.0, 9.0, 9.0, 9.0, 9.0]
[7.999999999999999, 9.0, 9.0, 7.999999999999999, 9.0, 7.999999999999999, 9.0, 9.0, 9.0, 9.0, 9.0, 9.0]
T = 0.13421772800000006	 step = 468
124.53000000000003
25.961863162878785
[34.0, 29.0, 19.0, 29.0, 29.0, 7.0, 19.0, 40.0, 6.0, 10.0, 44.0, 44.0]
[45.0, 21.0, 19.0, 35.0, 7.0, 25.0, 8.0, 20.0, 13.0, 39.0, 35.0, 7.0]
[9.0, 7.999999999999999, 7.999999999999999, 9.0, 7.999999999999999, 9.0, 9.0, 9.0, 9.0, 9.0, 9.0, 9.0]
[7.999999999999999, 9.0, 9.0, 7.999999999999999, 9.0, 7.999999999999999, 9.0, 9.0, 9.0, 9.0, 9.0, 9.0]
T = 0.13421772800000006	 step = 469
123.38
25.673031655844156
[34.0, 29.0, 19.0, 21.0, 29.0, 7.0, 19.0, 40.0, 6.0, 10.0, 44.0, 44.0]
[45.0, 21.0, 19.0, 41.0, 7.0, 25.0, 8.0, 20.0, 13.0, 39.0, 35.0, 7.0]
[9.0, 7.999999999999999, 7.999999999999999, 7.999999999999999, 7.999999999999999, 9.0, 9.0, 9.0, 9.0, 9.0, 9.0, 9.0]
[7.999999999999999, 9.0, 9.0, 9.0, 9.0, 7.999999999999999, 9.0, 9.0, 9.0, 9.0, 9.0, 9.0]
T = 0.13421772800000006	 step = 470
123.41000000000003
25.577793560606057
[34.0, 29.0, 19.0, 21.0, 29.0, 7.0, 19.0, 39.0, 6.0, 10.0, 44.0, 44.0]
[45.0, 21.0, 19.0, 41.0, 7.0, 25.0, 8.0, 20.0, 13.0, 39.0, 35.0, 7.0]
[9.0, 7.999999999999999, 7.999999999999999, 7.999999999999999, 7.999999999999999, 9.0, 9.0, 9.0, 9.0, 9.0, 9.0, 9.0]
[7.999999999999999, 9.0, 9.0, 9.0, 9.0, 7.999999999999999, 9.0, 9.0, 9.0, 9.0, 9.0, 9.0]
T = 0.13421772800000006	 step = 471
123.38
25.667725243506492
[34.0, 29.0, 19.0, 22.0, 29.0, 7.0, 19.0, 39.0, 6.0, 10.0, 44.0, 44.0]
[45.0, 21.0, 19.0, 41.0, 7.0, 25.0, 8.0, 20.0, 13.0, 39.0, 35.0, 7.0]
[9.0, 7.999999999999999, 7.999999999999999, 7.999999999999999, 7.999999999999999, 9.0, 9.0, 9.0, 9.0, 9.0, 9.0, 9.0]
[7.999999999999999, 9.0, 9.0, 9.0, 9.0, 7.999999999999999, 9.0, 9.0, 9.0, 9.0, 9.0, 9.0]
T = 0.13421772800000006	 step = 472
123.13
25.78042985660173
[34.0, 29.0, 19.0, 22.0, 29.0, 7.0, 19.0, 39.0, 6.0, 10.0, 44.0, 44.0]
[45.0, 21.0, 19.0, 42.0, 7.0, 25.0, 8.0, 20.0, 13.0, 39.0, 35.0, 7.0]
[9.0, 7.999999999999999, 7.999999999999999, 7.999999999999999, 7.999999999999999, 9.0, 9.0, 9.0, 9.0, 9.0, 9.0, 9.0]
[7.999999999999999, 9.0, 9.0, 9.0, 9.0, 7.999999999999999, 9.0, 9.0, 9.0, 9.0, 9.0, 9.0]
T = 0.13421772800000006	 step = 473
123.38
25.732810808982684
[34.0, 29.0, 19.0, 22.0, 29.0, 7.0, 19.0, 39.0, 6.0, 10.0, 44.0, 44.0]
[45.0, 21.0, 20.0, 42.0, 7.0, 25.0, 8.0, 20.0, 13.0, 39.0, 35.0, 7.0]
[9.0, 7.999999999999999, 7.999999999999999, 7.999999999999999, 7.999999999999999, 9.0, 9.0, 9.0, 9.0, 9.0, 9.0, 9.0]
[7.999999999999999, 9.0, 9.0, 9.0, 9.0, 7.999999999999999, 9.0, 9.0, 9.0, 9.0, 9.0, 9.0]
T = 0.13421772800000006	 step = 474
123.38
25.82804890422078
[34.0, 29.0, 19.0, 22.0, 29.0, 7.0, 18.0, 39.0, 6.0, 10.0, 44.0, 44.0]
[45.0, 21.0, 20.0, 42.0, 7.0, 25.0, 8.0, 20.0, 13.0, 39.0, 35.0, 7.0]
[9.0, 7.999999999999999, 7.999999999999999, 7.999999999999999, 7.999999999999999, 9.0, 9.0, 9.0, 9.0, 9.0, 9.0, 9.0]
[7.999999999999999, 9.0, 9.0, 9.0, 9.0, 7.999999999999999, 9.0, 9.0, 9.0, 9.0, 9.0, 9.0]
T = 0.13421772800000006	 step = 475
123.39000000000004
25.732810808982684
[34.0, 29.0, 19.0, 22.0, 29.0, 7.0, 18.0, 39.0, 6.0, 11.0, 44.0, 44.0]
[45.0, 21.0, 20.0, 42.0, 7.0, 25.0, 8.0, 20.0, 13.0, 39.0, 35.0, 7.0]
[9.0, 7.999999999999999, 7.999999999999999, 7.999999999999999, 7.999999999999999, 9.0, 9.0, 9.0, 9.0, 9.0, 9.0, 9.0]
[7.999999999999999, 9.0, 9.0, 9.0, 9.0, 7.999999999999999, 9.0, 9.0, 9.0, 9.0, 9.0, 9.0]
T = 0.13421772800000006	 step = 476
123.40000000000003
25.63701636904761
[34.0, 29.0, 19.0, 22.0, 29.0, 7.0, 18.0, 39.0, 6.0, 11.0, 44.0, 44.0]
[45.0, 21.0, 20.0, 42.0, 7.0, 25.0, 8.0, 20.0, 13.0, 39.0, 34.0, 7.0]
[9.0, 7.999999999999999, 7.999999999999999, 7.999999999999999, 7.999999999999999, 9.0, 9.0, 9.0, 9.0, 9.0, 9.0, 9.0]
[7.999999999999999, 9.0, 9.0, 9.0, 9.0, 7.999999999999999, 9.0, 9.0, 9.0, 9.0, 9.0, 9.0]
T = 0.13421772800000006	 step = 477
123.39000000000004
25.73225446428571
[34.0, 29.0, 19.0, 22.0, 29.0, 7.0, 18.0, 39.0, 6.0, 11.0, 44.0, 44.0]
[45.0, 21.0, 20.0, 42.0, 7.0, 25.0, 8.0, 20.0, 13.0, 39.0, 34.0, 6.0]
[9.0, 7.999999999999999, 7.999999999999999, 7.999999999999999, 7.999999999999999, 9.0, 9.0, 9.0, 9.0, 9.0, 9.0, 9.0]
[7.999999999999999, 9.0, 9.0, 9.0, 9.0, 7.999999999999999, 9.0, 9.0, 9.0, 9.0, 9.0, 9.0]
T = 0.13421772800000006	 step = 478
121.65000000000003
26.87977340367965
[34.0, 29.0, 19.0, 22.0, 29.0, 7.0, 18.0, 39.0, 6.0, 11.0, 44.0, 44.0]
[45.0, 30.0, 20.0, 42.0, 7.0, 25.0, 8.0, 20.0, 13.0, 39.0, 34.0, 6.0]
[9.0, 9.0, 7.999999999999999, 7.999999999999999, 7.999999999999999, 9.0, 9.0, 9.0, 9.0, 9.0, 9.0, 9.0]
[7.999999999999999, 7.999999999999999, 9.0, 9.0, 9.0, 7.999999999999999, 9.0, 9.0, 9.0, 9.0, 9.0, 9.0]
T = 0.13421772800000006	 step = 479
121.62
27.302532467532465
[34.0, 29.0, 19.0, 22.0, 29.0, 7.0, 18.0, 39.0, 6.0, 9.0, 44.0, 44.0]
[45.0, 30.0, 20.0, 42.0, 7.0, 25.0, 8.0, 20.0, 13.0, 36.0, 34.0, 6.0]
[9.0, 9.0, 7.999999999999999, 7.999999999999999, 7.999999999999999, 9.0, 9.0, 9.0, 9.0, 9.0, 9.0, 9.0]
[7.999999999999999, 7.999999999999999, 9.0, 9.0, 9.0, 7.999999999999999, 9.0, 9.0, 9.0, 9.0, 9.0, 9.0]
T = 0.13421772800000006	 step = 480
122.14000000000004
27.445389610389608
[34.0, 28.0, 19.0, 22.0, 29.0, 7.0, 18.0, 39.0, 6.0, 9.0, 44.0, 44.0]
[45.0, 30.0, 20.0, 42.0, 7.0, 25.0, 8.0, 20.0, 13.0, 36.0, 34.0, 6.0]
[9.0, 9.0, 7.999999999999999, 7.999999999999999, 7.999999999999999, 9.0, 9.0, 9.0, 9.0, 9.0, 9.0, 9.0]
[7.999999999999999, 7.999999999999999, 9.0, 9.0, 9.0, 7.999999999999999, 9.0, 9.0, 9.0, 9.0, 9.0, 9.0]
T = 0.13421772800000006	 step = 481
122.15000000000003
27.350151515151513
[34.0, 28.0, 19.0, 22.0, 29.0, 7.0, 18.0, 39.0, 6.0, 9.0, 44.0, 44.0]
[45.0, 30.0, 20.0, 42.0, 7.0, 25.0, 8.0, 20.0, 13.0, 36.0, 33.0, 6.0]
[9.0, 9.0, 7.999999999999999, 7.999999999999999, 7.999999999999999, 9.0, 9.0, 9.0, 9.0, 9.0, 9.0, 9.0]
[7.999999999999999, 7.999999999999999, 9.0, 9.0, 9.0, 7.999999999999999, 9.0, 9.0, 9.0, 9.0, 9.0, 9.0]
T = 0.13421772800000006	 step = 482
122.17000000000002
27.254913419913418
[34.0, 28.0, 19.0, 22.0, 29.0, 7.0, 18.0, 39.0, 6.0, 9.0, 44.0, 44.0]
[45.0, 30.0, 20.0, 42.0, 7.0, 25.0, 8.0, 20.0, 13.0, 36.0, 33.0, 7.0]
[9.0, 9.0, 7.999999999999999, 7.999999999999999, 7.999999999999999, 9.0, 9.0, 9.0, 9.0, 9.0, 9.0, 9.0]
[7.999999999999999, 7.999999999999999, 9.0, 9.0, 9.0, 7.999999999999999, 9.0, 9.0, 9.0, 9.0, 9.0, 9.0]
T = 0.13421772800000006	 step = 483
122.21000000000004
27.159675324675323
[34.0, 28.0, 19.0, 22.0, 29.0, 7.0, 18.0, 38.0, 6.0, 9.0, 44.0, 44.0]
[45.0, 30.0, 20.0, 42.0, 7.0, 25.0, 8.0, 20.0, 13.0, 36.0, 33.0, 7.0]
[9.0, 9.0, 7.999999999999999, 7.999999999999999, 7.999999999999999, 9.0, 9.0, 9.0, 9.0, 9.0, 9.0, 9.0]
[7.999999999999999, 7.999999999999999, 9.0, 9.0, 9.0, 7.999999999999999, 9.0, 9.0, 9.0, 9.0, 9.0, 9.0]
T = 0.13421772800000006	 step = 484
122.17000000000002
27.254913419913418
[34.0, 28.0, 19.0, 22.0, 29.0, 7.0, 18.0, 38.0, 6.0, 9.0, 44.0, 44.0]
[45.0, 30.0, 20.0, 42.0, 7.0, 25.0, 8.0, 19.0, 13.0, 36.0, 33.0, 7.0]
[9.0, 9.0, 7.999999999999999, 7.999999999999999, 7.999999999999999, 9.0, 9.0, 9.0, 9.0, 9.0, 9.0, 9.0]
[7.999999999999999, 7.999999999999999, 9.0, 9.0, 9.0, 7.999999999999999, 9.0, 9.0, 9.0, 9.0, 9.0, 9.0]
T = 0.13421772800000006	 step = 485
122.18
27.159675324675323
[34.0, 28.0, 19.0, 22.0, 29.0, 7.0, 18.0, 38.0, 6.0, 9.0, 44.0, 44.0]
[45.0, 30.0, 20.0, 42.0, 7.0, 25.0, 8.0, 19.0, 14.0, 36.0, 33.0, 7.0]
[9.0, 9.0, 7.999999999999999, 7.999999999999999, 7.999999999999999, 9.0, 9.0, 9.0, 9.0, 9.0, 9.0, 9.0]
[7.999999999999999, 7.999999999999999, 9.0, 9.0, 9.0, 7.999999999999999, 9.0, 9.0, 9.0, 9.0, 9.0, 9.0]
T = 0.13421772800000006	 step = 486
122.49000000000001
27.256137716450212
[34.0, 28.0, 20.0, 22.0, 29.0, 7.0, 18.0, 38.0, 6.0, 9.0, 44.0, 44.0]
[45.0, 30.0, 20.0, 42.0, 7.0, 25.0, 8.0, 19.0, 14.0, 36.0, 33.0, 7.0]
[9.0, 9.0, 7.999999999999999, 7.999999999999999, 7.999999999999999, 9.0, 9.0, 9.0, 9.0, 9.0, 9.0, 9.0]
[7.999999999999999, 7.999999999999999, 9.0, 9.0, 9.0, 7.999999999999999, 9.0, 9.0, 9.0, 9.0, 9.0, 9.0]
T = 0.13421772800000006	 step = 487
122.36000000000001
27.494232954545453
[35.0, 28.0, 20.0, 22.0, 29.0, 7.0, 18.0, 38.0, 6.0, 9.0, 44.0, 44.0]
[45.0, 30.0, 20.0, 42.0, 7.0, 25.0, 8.0, 19.0, 14.0, 36.0, 33.0, 7.0]
[9.0, 9.0, 7.999999999999999, 7.999999999999999, 7.999999999999999, 9.0, 9.0, 9.0, 9.0, 9.0, 9.0, 9.0]
[7.999999999999999, 7.999999999999999, 9.0, 9.0, 9.0, 7.999999999999999, 9.0, 9.0, 9.0, 9.0, 9.0, 9.0]
T = 0.13421772800000006	 step = 488
122.41000000000003
27.398994859307358
[35.0, 28.0, 20.0, 22.0, 29.0, 7.0, 18.0, 38.0, 6.0, 9.0, 43.0, 44.0]
[45.0, 30.0, 20.0, 42.0, 7.0, 25.0, 8.0, 19.0, 14.0, 36.0, 33.0, 7.0]
[9.0, 9.0, 7.999999999999999, 7.999999999999999, 7.999999999999999, 9.0, 9.0, 9.0, 9.0, 9.0, 9.0, 9.0]
[7.999999999999999, 7.999999999999999, 9.0, 9.0, 9.0, 7.999999999999999, 9.0, 9.0, 9.0, 9.0, 9.0, 9.0]
T = 0.13421772800000006	 step = 489
122.43
27.303756764069263
[35.0, 28.0, 20.0, 22.0, 29.0, 7.0, 18.0, 38.0, 7.0, 9.0, 43.0, 44.0]
[45.0, 30.0, 20.0, 42.0, 7.0, 25.0, 8.0, 19.0, 14.0, 36.0, 33.0, 7.0]
[9.0, 9.0, 7.999999999999999, 7.999999999999999, 7.999999999999999, 9.0, 9.0, 9.0, 9.0, 9.0, 9.0, 9.0]
[7.999999999999999, 7.999999999999999, 9.0, 9.0, 9.0, 7.999999999999999, 9.0, 9.0, 9.0, 9.0, 9.0, 9.0]
T = 0.13421772800000006	 step = 490
122.5
27.446613906926405
[35.0, 28.0, 20.0, 22.0, 29.0, 7.0, 18.0, 38.0, 7.0, 9.0, 43.0, 44.0]
[45.0, 31.0, 20.0, 42.0, 7.0, 25.0, 8.0, 19.0, 14.0, 36.0, 33.0, 7.0]
[9.0, 9.0, 7.999999999999999, 7.999999999999999, 7.999999999999999, 9.0, 9.0, 9.0, 9.0, 9.0, 9.0, 9.0]
[7.999999999999999, 7.999999999999999, 9.0, 9.0, 9.0, 7.999999999999999, 9.0, 9.0, 9.0, 9.0, 9.0, 9.0]
T = 0.13421772800000006	 step = 491
123.20000000000005
27.656841179653675
[35.0, 27.0, 20.0, 22.0, 29.0, 7.0, 18.0, 38.0, 7.0, 9.0, 43.0, 44.0]
[45.0, 31.0, 20.0, 42.0, 7.0, 25.0, 8.0, 19.0, 14.0, 36.0, 33.0, 7.0]
[9.0, 9.0, 7.999999999999999, 7.999999999999999, 7.999999999999999, 9.0, 9.0, 9.0, 9.0, 9.0, 9.0, 9.0]
[7.999999999999999, 7.999999999999999, 9.0, 9.0, 9.0, 7.999999999999999, 9.0, 9.0, 9.0, 9.0, 9.0, 9.0]
T = 0.13421772800000006	 step = 492
123.21000000000004
27.56160308441558
[35.0, 27.0, 20.0, 22.0, 29.0, 7.0, 19.0, 38.0, 7.0, 9.0, 43.0, 44.0]
[45.0, 31.0, 20.0, 42.0, 7.0, 25.0, 8.0, 19.0, 14.0, 36.0, 33.0, 7.0]
[9.0, 9.0, 7.999999999999999, 7.999999999999999, 7.999999999999999, 9.0, 9.0, 9.0, 9.0, 9.0, 9.0, 9.0]
[7.999999999999999, 7.999999999999999, 9.0, 9.0, 9.0, 7.999999999999999, 9.0, 9.0, 9.0, 9.0, 9.0, 9.0]
T = 0.13421772800000006	 step = 493
123.16000000000003
27.656841179653675
[35.0, 27.0, 20.0, 22.0, 29.0, 7.0, 19.0, 38.0, 7.0, 9.0, 44.0, 44.0]
[45.0, 31.0, 20.0, 42.0, 7.0, 25.0, 8.0, 19.0, 14.0, 36.0, 33.0, 7.0]
[9.0, 9.0, 7.999999999999999, 7.999999999999999, 7.999999999999999, 9.0, 9.0, 9.0, 9.0, 9.0, 9.0, 9.0]
[7.999999999999999, 7.999999999999999, 9.0, 9.0, 9.0, 7.999999999999999, 9.0, 9.0, 9.0, 9.0, 9.0, 9.0]
T = 0.13421772800000006	 step = 494
123.14000000000004
27.75207927489177
[35.0, 27.0, 20.0, 22.0, 29.0, 7.0, 19.0, 38.0, 7.0, 9.0, 44.0, 44.0]
[45.0, 31.0, 20.0, 42.0, 7.0, 25.0, 8.0, 19.0, 14.0, 36.0, 33.0, 6.0]
[9.0, 9.0, 7.999999999999999, 7.999999999999999, 7.999999999999999, 9.0, 9.0, 9.0, 9.0, 9.0, 9.0, 9.0]
[7.999999999999999, 7.999999999999999, 9.0, 9.0, 9.0, 7.999999999999999, 9.0, 9.0, 9.0, 9.0, 9.0, 9.0]
T = 0.13421772800000006	 step = 495
123.31
27.513984036796536
[34.0, 27.0, 20.0, 22.0, 29.0, 7.0, 19.0, 38.0, 7.0, 9.0, 44.0, 44.0]
[45.0, 31.0, 20.0, 42.0, 7.0, 25.0, 8.0, 19.0, 14.0, 36.0, 33.0, 6.0]
[9.0, 9.0, 7.999999999999999, 7.999999999999999, 7.999999999999999, 9.0, 9.0, 9.0, 9.0, 9.0, 9.0, 9.0]
[7.999999999999999, 7.999999999999999, 9.0, 9.0, 9.0, 7.999999999999999, 9.0, 9.0, 9.0, 9.0, 9.0, 9.0]
T = 0.13421772800000006	 step = 496
123.08000000000004
27.752079274891774
[34.0, 27.0, 20.0, 22.0, 29.0, 7.0, 19.0, 38.0, 7.0, 9.0, 44.0, 44.0]
[45.0, 31.0, 20.0, 42.0, 6.0, 25.0, 8.0, 19.0, 14.0, 36.0, 33.0, 6.0]
[9.0, 9.0, 7.999999999999999, 7.999999999999999, 7.999999999999999, 9.0, 9.0, 9.0, 9.0, 9.0, 9.0, 9.0]
[7.999999999999999, 7.999999999999999, 9.0, 9.0, 9.0, 7.999999999999999, 9.0, 9.0, 9.0, 9.0, 9.0, 9.0]
T = 0.13421772800000006	 step = 497
123.13
27.65684117965368
[34.0, 27.0, 20.0, 22.0, 29.0, 7.0, 19.0, 38.0, 7.0, 9.0, 43.0, 44.0]
[45.0, 31.0, 20.0, 42.0, 6.0, 25.0, 8.0, 19.0, 14.0, 36.0, 33.0, 6.0]
[9.0, 9.0, 7.999999999999999, 7.999999999999999, 7.999999999999999, 9.0, 9.0, 9.0, 9.0, 9.0, 9.0, 9.0]
[7.999999999999999, 7.999999999999999, 9.0, 9.0, 9.0, 7.999999999999999, 9.0, 9.0, 9.0, 9.0, 9.0, 9.0]
T = 0.13421772800000006	 step = 498
122.95000000000005
27.894936417748916
[35.0, 27.0, 20.0, 22.0, 29.0, 7.0, 19.0, 38.0, 7.0, 9.0, 43.0, 44.0]
[45.0, 31.0, 20.0, 42.0, 6.0, 25.0, 8.0, 19.0, 14.0, 36.0, 33.0, 6.0]
[9.0, 9.0, 7.999999999999999, 7.999999999999999, 7.999999999999999, 9.0, 9.0, 9.0, 9.0, 9.0, 9.0, 9.0]
[7.999999999999999, 7.999999999999999, 9.0, 9.0, 9.0, 7.999999999999999, 9.0, 9.0, 9.0, 9.0, 9.0, 9.0]
T = 0.13421772800000006	 step = 499
122.91000000000003
27.99017451298701
[35.0, 27.0, 20.0, 22.0, 29.0, 7.0, 19.0, 38.0, 7.0, 8.0, 43.0, 44.0]
[45.0, 31.0, 20.0, 42.0, 6.0, 25.0, 8.0, 19.0, 14.0, 36.0, 33.0, 6.0]
[9.0, 9.0, 7.999999999999999, 7.999999999999999, 7.999999999999999, 9.0, 9.0, 9.0, 9.0, 9.0, 9.0, 9.0]
[7.999999999999999, 7.999999999999999, 9.0, 9.0, 9.0, 7.999999999999999, 9.0, 9.0, 9.0, 9.0, 9.0, 9.0]
T = 0.13421772800000006	 step = 500
122.82000000000005
27.847317370129865
[35.0, 27.0, 20.0, 22.0, 29.0, 7.0, 19.0, 38.0, 7.0, 8.0, 43.0, 44.0]
[45.0, 31.0, 20.0, 42.0, 6.0, 24.0, 8.0, 19.0, 14.0, 36.0, 33.0, 6.0]
[9.0, 9.0, 7.999999999999999, 7.999999999999999, 7.999999999999999, 9.0, 9.0, 9.0, 9.0, 9.0, 9.0, 9.0]
[7.999999999999999, 7.999999999999999, 9.0, 9.0, 9.0, 7.999999999999999, 9.0, 9.0, 9.0, 9.0, 9.0, 9.0]
T = 0.13421772800000006	 step = 501
122.79000000000002
27.94255546536796
[35.0, 27.0, 20.0, 22.0, 29.0, 7.0, 19.0, 38.0, 7.0, 8.0, 43.0, 44.0]
[45.0, 31.0, 20.0, 42.0, 6.0, 24.0, 7.0, 19.0, 14.0, 36.0, 33.0, 6.0]
[9.0, 9.0, 7.999999999999999, 7.999999999999999, 7.999999999999999, 9.0, 9.0, 9.0, 9.0, 9.0, 9.0, 9.0]
[7.999999999999999, 7.999999999999999, 9.0, 9.0, 9.0, 7.999999999999999, 9.0, 9.0, 9.0, 9.0, 9.0, 9.0]
T = 0.10737418240000006	 step = 502
122.52000000000004
28.1806507034632
[35.0, 27.0, 20.0, 22.0, 29.0, 6.0, 19.0, 38.0, 7.0, 8.0, 43.0, 44.0]
[45.0, 31.0, 20.0, 42.0, 6.0, 24.0, 7.0, 19.0, 14.0, 36.0, 33.0, 6.0]
[9.0, 9.0, 7.999999999999999, 7.999999999999999, 7.999999999999999, 9.0, 9.0, 9.0, 9.0, 9.0, 9.0, 9.0]
[7.999999999999999, 7.999999999999999, 9.0, 9.0, 9.0, 7.999999999999999, 9.0, 9.0, 9.0, 9.0, 9.0, 9.0]
T = 0.10737418240000006	 step = 503
122.81
27.510664908008653
[35.0, 27.0, 20.0, 22.0, 29.0, 6.0, 19.0, 30.0, 7.0, 8.0, 43.0, 44.0]
[45.0, 31.0, 20.0, 42.0, 6.0, 24.0, 7.0, 20.0, 14.0, 36.0, 33.0, 6.0]
[9.0, 9.0, 7.999999999999999, 7.999999999999999, 7.999999999999999, 9.0, 9.0, 9.0, 9.0, 9.0, 9.0, 9.0]
[7.999999999999999, 7.999999999999999, 9.0, 9.0, 9.0, 7.999999999999999, 9.0, 9.0, 9.0, 9.0, 9.0, 9.0]
T = 0.10737418240000006	 step = 504
122.81
27.41542681277056
[35.0, 27.0, 20.0, 22.0, 29.0, 6.0, 19.0, 30.0, 7.0, 8.0, 43.0, 44.0]
[45.0, 31.0, 20.0, 42.0, 6.0, 24.0, 7.0, 20.0, 14.0, 37.0, 33.0, 6.0]
[9.0, 9.0, 7.999999999999999, 7.999999999999999, 7.999999999999999, 9.0, 9.0, 9.0, 9.0, 9.0, 9.0, 9.0]
[7.999999999999999, 7.999999999999999, 9.0, 9.0, 9.0, 7.999999999999999, 9.0, 9.0, 9.0, 9.0, 9.0, 9.0]
T = 0.10737418240000006	 step = 505
122.82000000000005
27.320745062229435
[35.0, 27.0, 20.0, 22.0, 29.0, 6.0, 19.0, 30.0, 7.0, 8.0, 43.0, 43.0]
[45.0, 31.0, 20.0, 42.0, 6.0, 24.0, 7.0, 20.0, 14.0, 37.0, 33.0, 6.0]
[9.0, 9.0, 7.999999999999999, 7.999999999999999, 7.999999999999999, 9.0, 9.0, 9.0, 9.0, 9.0, 9.0, 9.0]
[7.999999999999999, 7.999999999999999, 9.0, 9.0, 9.0, 7.999999999999999, 9.0, 9.0, 9.0, 9.0, 9.0, 9.0]
T = 0.10737418240000006	 step = 506
123.05000000000001
27.08266504329004
[35.0, 27.0, 20.0, 22.0, 29.0, 6.0, 19.0, 30.0, 7.0, 8.0, 43.0, 43.0]
[45.0, 31.0, 20.0, 42.0, 7.0, 24.0, 7.0, 20.0, 14.0, 37.0, 33.0, 6.0]
[9.0, 9.0, 7.999999999999999, 7.999999999999999, 7.999999999999999, 9.0, 9.0, 9.0, 9.0, 9.0, 9.0, 9.0]
[7.999999999999999, 7.999999999999999, 9.0, 9.0, 9.0, 7.999999999999999, 9.0, 9.0, 9.0, 9.0, 9.0, 9.0]
T = 0.10737418240000006	 step = 507
123.09000000000003
26.987426948051944
[35.0, 27.0, 20.0, 22.0, 29.0, 6.0, 19.0, 30.0, 7.0, 9.0, 43.0, 43.0]
[45.0, 31.0, 20.0, 42.0, 7.0, 24.0, 7.0, 20.0, 14.0, 37.0, 33.0, 6.0]
[9.0, 9.0, 7.999999999999999, 7.999999999999999, 7.999999999999999, 9.0, 9.0, 9.0, 9.0, 9.0, 9.0, 9.0]
[7.999999999999999, 7.999999999999999, 9.0, 9.0, 9.0, 7.999999999999999, 9.0, 9.0, 9.0, 9.0, 9.0, 9.0]
T = 0.10737418240000006	 step = 508
123.13
26.89218885281385
[35.0, 27.0, 20.0, 22.0, 29.0, 6.0, 19.0, 30.0, 7.0, 10.0, 43.0, 43.0]
[45.0, 31.0, 20.0, 42.0, 7.0, 24.0, 7.0, 20.0, 14.0, 37.0, 33.0, 6.0]
[9.0, 9.0, 7.999999999999999, 7.999999999999999, 7.999999999999999, 9.0, 9.0, 9.0, 9.0, 9.0, 9.0, 9.0]
[7.999999999999999, 7.999999999999999, 9.0, 9.0, 9.0, 7.999999999999999, 9.0, 9.0, 9.0, 9.0, 9.0, 9.0]
T = 0.10737418240000006	 step = 509
123.08000000000004
26.89581101190476
[35.0, 27.0, 20.0, 22.0, 30.0, 6.0, 19.0, 30.0, 7.0, 10.0, 43.0, 43.0]
[45.0, 31.0, 20.0, 42.0, 7.0, 24.0, 7.0, 20.0, 14.0, 37.0, 33.0, 6.0]
[9.0, 9.0, 7.999999999999999, 7.999999999999999, 7.999999999999999, 9.0, 9.0, 9.0, 9.0, 9.0, 9.0, 9.0]
[7.999999999999999, 7.999999999999999, 9.0, 9.0, 9.0, 7.999999999999999, 9.0, 9.0, 9.0, 9.0, 9.0, 9.0]
T = 0.10737418240000006	 step = 510
123.47000000000003
26.65771577380952
[35.0, 27.0, 20.0, 22.0, 30.0, 6.0, 19.0, 30.0, 7.0, 10.0, 43.0, 43.0]
[44.0, 31.0, 20.0, 42.0, 7.0, 24.0, 7.0, 20.0, 14.0, 37.0, 33.0, 6.0]
[9.0, 9.0, 7.999999999999999, 7.999999999999999, 7.999999999999999, 9.0, 9.0, 9.0, 9.0, 9.0, 9.0, 9.0]
[7.999999999999999, 7.999999999999999, 9.0, 9.0, 9.0, 7.999999999999999, 9.0, 9.0, 9.0, 9.0, 9.0, 9.0]
T = 0.10737418240000006	 step = 511
123.66000000000003
26.419620535714284
[34.0, 27.0, 20.0, 22.0, 30.0, 6.0, 19.0, 30.0, 7.0, 10.0, 43.0, 43.0]
[44.0, 31.0, 20.0, 42.0, 7.0, 24.0, 7.0, 20.0, 14.0, 37.0, 33.0, 6.0]
[9.0, 9.0, 7.999999999999999, 7.999999999999999, 7.999999999999999, 9.0, 9.0, 9.0, 9.0, 9.0, 9.0, 9.0]
[7.999999999999999, 7.999999999999999, 9.0, 9.0, 9.0, 7.999999999999999, 9.0, 9.0, 9.0, 9.0, 9.0, 9.0]
T = 0.10737418240000006	 step = 512
123.68
26.324382440476185
[34.0, 27.0, 20.0, 22.0, 30.0, 6.0, 19.0, 30.0, 7.0, 10.0, 43.0, 43.0]
[44.0, 31.0, 20.0, 42.0, 7.0, 24.0, 7.0, 20.0, 14.0, 37.0, 33.0, 7.0]
[9.0, 9.0, 7.999999999999999, 7.999999999999999, 7.999999999999999, 9.0, 9.0, 9.0, 9.0, 9.0, 9.0, 9.0]
[7.999999999999999, 7.999999999999999, 9.0, 9.0, 9.0, 7.999999999999999, 9.0, 9.0, 9.0, 9.0, 9.0, 9.0]
T = 0.10737418240000006	 step = 513
123.16000000000003
26.467239583333328
[34.0, 27.0, 20.0, 22.0, 30.0, 6.0, 19.0, 30.0, 7.0, 10.0, 43.0, 43.0]
[44.0, 31.0, 20.0, 43.0, 7.0, 24.0, 7.0, 20.0, 14.0, 37.0, 33.0, 7.0]
[9.0, 9.0, 7.999999999999999, 7.999999999999999, 7.999999999999999, 9.0, 9.0, 9.0, 9.0, 9.0, 9.0, 9.0]
[7.999999999999999, 7.999999999999999, 9.0, 9.0, 9.0, 7.999999999999999, 9.0, 9.0, 9.0, 9.0, 9.0, 9.0]
T = 0.10737418240000006	 step = 514
123.16000000000003
26.467239583333328
[34.0, 27.0, 20.0, 22.0, 30.0, 6.0, 19.0, 30.0, 7.0, 10.0, 43.0, 43.0]
[44.0, 31.0, 20.0, 43.0, 7.0, 24.0, 7.0, 20.0, 14.0, 37.0, 33.0, 7.0]
[9.0, 9.0, 7.999999999999999, 7.999999999999999, 7.999999999999999, 9.0, 9.0, 9.0, 9.0, 9.0, 9.0, 9.0]
[7.999999999999999, 7.999999999999999, 9.0, 9.0, 9.0, 7.999999999999999, 9.0, 9.0, 9.0, 9.0, 9.0, 9.0]
T = 0.10737418240000006	 step = 515
123.55000000000001
26.53215604707792
[34.0, 26.0, 20.0, 22.0, 30.0, 6.0, 19.0, 30.0, 7.0, 10.0, 43.0, 43.0]
[44.0, 31.0, 20.0, 43.0, 7.0, 24.0, 7.0, 20.0, 14.0, 37.0, 33.0, 7.0]
[9.0, 9.0, 7.999999999999999, 7.999999999999999, 7.999999999999999, 9.0, 9.0, 9.0, 9.0, 9.0, 9.0, 9.0]
[7.999999999999999, 7.999999999999999, 9.0, 9.0, 9.0, 7.999999999999999, 9.0, 9.0, 9.0, 9.0, 9.0, 9.0]
T = 0.10737418240000006	 step = 516
123.14000000000004
26.562477678571423
[34.0, 27.0, 20.0, 22.0, 30.0, 6.0, 19.0, 30.0, 7.0, 10.0, 43.0, 43.0]
[44.0, 31.0, 20.0, 43.0, 7.0, 24.0, 7.0, 20.0, 14.0, 37.0, 33.0, 6.0]
[9.0, 9.0, 7.999999999999999, 7.999999999999999, 7.999999999999999, 9.0, 9.0, 9.0, 9.0, 9.0, 9.0, 9.0]
[7.999999999999999, 7.999999999999999, 9.0, 9.0, 9.0, 7.999999999999999, 9.0, 9.0, 9.0, 9.0, 9.0, 9.0]
T = 0.10737418240000006	 step = 517
122.95000000000005
26.800572916666663
[35.0, 27.0, 20.0, 22.0, 30.0, 6.0, 19.0, 30.0, 7.0, 10.0, 43.0, 43.0]
[44.0, 31.0, 20.0, 43.0, 7.0, 24.0, 7.0, 20.0, 14.0, 37.0, 33.0, 6.0]
[9.0, 9.0, 7.999999999999999, 7.999999999999999, 7.999999999999999, 9.0, 9.0, 9.0, 9.0, 9.0, 9.0, 9.0]
[7.999999999999999, 7.999999999999999, 9.0, 9.0, 9.0, 7.999999999999999, 9.0, 9.0, 9.0, 9.0, 9.0, 9.0]
T = 0.10737418240000006	 step = 518
121.42000000000002
29.16524756493506
[35.0, 27.0, 20.0, 42.0, 30.0, 6.0, 19.0, 30.0, 7.0, 10.0, 43.0, 43.0]
[44.0, 31.0, 20.0, 23.0, 7.0, 24.0, 7.0, 20.0, 14.0, 37.0, 33.0, 6.0]
[9.0, 9.0, 7.999999999999999, 9.0, 7.999999999999999, 9.0, 9.0, 9.0, 9.0, 9.0, 9.0, 9.0]
[7.999999999999999, 7.999999999999999, 9.0, 7.999999999999999, 9.0, 7.999999999999999, 9.0, 9.0, 9.0, 9.0, 9.0, 9.0]
T = 0.10737418240000006	 step = 519
121.89000000000004
28.9259567775974
[35.0, 27.0, 20.0, 42.0, 30.0, 7.0, 19.0, 30.0, 7.0, 10.0, 43.0, 43.0]
[44.0, 31.0, 20.0, 23.0, 7.0, 24.0, 7.0, 20.0, 14.0, 37.0, 33.0, 6.0]
[9.0, 9.0, 7.999999999999999, 9.0, 7.999999999999999, 9.0, 9.0, 9.0, 9.0, 9.0, 9.0, 9.0]
[7.999999999999999, 7.999999999999999, 9.0, 7.999999999999999, 9.0, 7.999999999999999, 9.0, 9.0, 9.0, 9.0, 9.0, 9.0]
T = 0.10737418240000006	 step = 520
121.11000000000001
29.168245738636358
[35.0, 27.0, 20.0, 42.0, 30.0, 6.0, 19.0, 30.0, 7.0, 10.0, 43.0, 43.0]
[44.0, 31.0, 19.0, 23.0, 7.0, 24.0, 7.0, 20.0, 14.0, 37.0, 33.0, 6.0]
[9.0, 9.0, 7.999999999999999, 9.0, 7.999999999999999, 9.0, 9.0, 9.0, 9.0, 9.0, 9.0, 9.0]
[7.999999999999999, 7.999999999999999, 9.0, 7.999999999999999, 9.0, 7.999999999999999, 9.0, 9.0, 9.0, 9.0, 9.0, 9.0]
T = 0.10737418240000006	 step = 521
120.85000000000002
29.4063409767316
[35.0, 27.0, 20.0, 43.0, 30.0, 6.0, 19.0, 30.0, 7.0, 10.0, 43.0, 43.0]
[44.0, 31.0, 19.0, 23.0, 7.0, 24.0, 7.0, 20.0, 14.0, 37.0, 33.0, 6.0]
[9.0, 9.0, 7.999999999999999, 9.0, 7.999999999999999, 9.0, 9.0, 9.0, 9.0, 9.0, 9.0, 9.0]
[7.999999999999999, 7.999999999999999, 9.0, 7.999999999999999, 9.0, 7.999999999999999, 9.0, 9.0, 9.0, 9.0, 9.0, 9.0]
T = 0.10737418240000006	 step = 522
120.61000000000001
29.263483833874457
[35.0, 27.0, 20.0, 43.0, 31.0, 6.0, 19.0, 30.0, 7.0, 10.0, 43.0, 43.0]
[44.0, 31.0, 19.0, 23.0, 7.0, 24.0, 7.0, 20.0, 14.0, 37.0, 33.0, 6.0]
[9.0, 9.0, 7.999999999999999, 9.0, 7.999999999999999, 9.0, 9.0, 9.0, 9.0, 9.0, 9.0, 9.0]
[7.999999999999999, 7.999999999999999, 9.0, 7.999999999999999, 9.0, 7.999999999999999, 9.0, 9.0, 9.0, 9.0, 9.0, 9.0]
T = 0.10737418240000006	 step = 523
120.59000000000003
29.16824573863636
[35.0, 27.0, 20.0, 43.0, 31.0, 6.0, 19.0, 30.0, 7.0, 10.0, 43.0, 43.0]
[44.0, 31.0, 19.0, 23.0, 7.0, 24.0, 7.0, 21.0, 14.0, 37.0, 33.0, 6.0]
[9.0, 9.0, 7.999999999999999, 9.0, 7.999999999999999, 9.0, 9.0, 9.0, 9.0, 9.0, 9.0, 9.0]
[7.999999999999999, 7.999999999999999, 9.0, 7.999999999999999, 9.0, 7.999999999999999, 9.0, 9.0, 9.0, 9.0, 9.0, 9.0]
T = 0.10737418240000006	 step = 524
120.62
29.073007643398267
[35.0, 27.0, 20.0, 43.0, 31.0, 6.0, 19.0, 30.0, 7.0, 10.0, 43.0, 42.0]
[44.0, 31.0, 19.0, 23.0, 7.0, 24.0, 7.0, 21.0, 14.0, 37.0, 33.0, 6.0]
[9.0, 9.0, 7.999999999999999, 9.0, 7.999999999999999, 9.0, 9.0, 9.0, 9.0, 9.0, 9.0, 9.0]
[7.999999999999999, 7.999999999999999, 9.0, 7.999999999999999, 9.0, 7.999999999999999, 9.0, 9.0, 9.0, 9.0, 9.0, 9.0]
T = 0.10737418240000006	 step = 525
120.69
28.93015050054112
[34.0, 27.0, 20.0, 43.0, 31.0, 6.0, 19.0, 30.0, 7.0, 10.0, 43.0, 42.0]
[44.0, 31.0, 19.0, 23.0, 7.0, 24.0, 7.0, 21.0, 14.0, 37.0, 33.0, 6.0]
[9.0, 9.0, 7.999999999999999, 9.0, 7.999999999999999, 9.0, 9.0, 9.0, 9.0, 9.0, 9.0, 9.0]
[7.999999999999999, 7.999999999999999, 9.0, 7.999999999999999, 9.0, 7.999999999999999, 9.0, 9.0, 9.0, 9.0, 9.0, 9.0]
T = 0.10737418240000006	 step = 526
121.04000000000002
28.69205526244588
[34.0, 27.0, 20.0, 42.0, 31.0, 6.0, 19.0, 30.0, 7.0, 10.0, 43.0, 42.0]
[44.0, 31.0, 19.0, 23.0, 7.0, 24.0, 7.0, 21.0, 14.0, 37.0, 33.0, 6.0]
[9.0, 9.0, 7.999999999999999, 9.0, 7.999999999999999, 9.0, 9.0, 9.0, 9.0, 9.0, 9.0, 9.0]
[7.999999999999999, 7.999999999999999, 9.0, 7.999999999999999, 9.0, 7.999999999999999, 9.0, 9.0, 9.0, 9.0, 9.0, 9.0]
T = 0.10737418240000006	 step = 527
121.12
28.68866578733766
[34.0, 28.0, 20.0, 42.0, 31.0, 6.0, 19.0, 30.0, 7.0, 10.0, 43.0, 42.0]
[44.0, 31.0, 19.0, 23.0, 7.0, 24.0, 7.0, 21.0, 14.0, 37.0, 33.0, 6.0]
[9.0, 9.0, 7.999999999999999, 9.0, 7.999999999999999, 9.0, 9.0, 9.0, 9.0, 9.0, 9.0, 9.0]
[7.999999999999999, 7.999999999999999, 9.0, 7.999999999999999, 9.0, 7.999999999999999, 9.0, 9.0, 9.0, 9.0, 9.0, 9.0]
T = 0.10737418240000006	 step = 528
121.15000000000003
28.593427692099567
[34.0, 28.0, 20.0, 42.0, 31.0, 6.0, 19.0, 30.0, 7.0, 10.0, 43.0, 42.0]
[44.0, 31.0, 19.0, 23.0, 7.0, 24.0, 8.0, 21.0, 14.0, 37.0, 33.0, 6.0]
[9.0, 9.0, 7.999999999999999, 9.0, 7.999999999999999, 9.0, 9.0, 9.0, 9.0, 9.0, 9.0, 9.0]
[7.999999999999999, 7.999999999999999, 9.0, 7.999999999999999, 9.0, 7.999999999999999, 9.0, 9.0, 9.0, 9.0, 9.0, 9.0]
T = 0.10737418240000006	 step = 529
121.15000000000003
28.498189596861472
[34.0, 28.0, 20.0, 42.0, 31.0, 6.0, 19.0, 30.0, 7.0, 10.0, 43.0, 41.0]
[44.0, 31.0, 19.0, 23.0, 7.0, 24.0, 8.0, 21.0, 14.0, 37.0, 33.0, 6.0]
[9.0, 9.0, 7.999999999999999, 9.0, 7.999999999999999, 9.0, 9.0, 9.0, 9.0, 9.0, 9.0, 9.0]
[7.999999999999999, 7.999999999999999, 9.0, 7.999999999999999, 9.0, 7.999999999999999, 9.0, 9.0, 9.0, 9.0, 9.0, 9.0]
T = 0.10737418240000006	 step = 530
121.40000000000003
28.26009435876623
[34.0, 28.0, 20.0, 42.0, 31.0, 7.0, 19.0, 30.0, 7.0, 10.0, 43.0, 41.0]
[44.0, 31.0, 19.0, 23.0, 7.0, 24.0, 8.0, 21.0, 14.0, 37.0, 33.0, 6.0]
[9.0, 9.0, 7.999999999999999, 9.0, 7.999999999999999, 9.0, 9.0, 9.0, 9.0, 9.0, 9.0, 9.0]
[7.999999999999999, 7.999999999999999, 9.0, 7.999999999999999, 9.0, 7.999999999999999, 9.0, 9.0, 9.0, 9.0, 9.0, 9.0]
T = 0.10737418240000006	 step = 531
121.55000000000001
27.573507508116883
[27.0, 28.0, 20.0, 42.0, 31.0, 7.0, 19.0, 30.0, 7.0, 10.0, 43.0, 41.0]
[45.0, 31.0, 19.0, 23.0, 7.0, 24.0, 8.0, 21.0, 14.0, 37.0, 33.0, 6.0]
[9.0, 9.0, 7.999999999999999, 9.0, 7.999999999999999, 9.0, 9.0, 9.0, 9.0, 9.0, 9.0, 9.0]
[7.999999999999999, 7.999999999999999, 9.0, 7.999999999999999, 9.0, 7.999999999999999, 9.0, 9.0, 9.0, 9.0, 9.0, 9.0]
T = 0.10737418240000006	 step = 532
121.54000000000002
27.716364650974025
[27.0, 28.0, 20.0, 42.0, 31.0, 7.0, 19.0, 30.0, 7.0, 10.0, 43.0, 41.0]
[45.0, 31.0, 19.0, 23.0, 7.0, 25.0, 8.0, 21.0, 14.0, 37.0, 33.0, 6.0]
[9.0, 9.0, 7.999999999999999, 9.0, 7.999999999999999, 9.0, 9.0, 9.0, 9.0, 9.0, 9.0, 9.0]
[7.999999999999999, 7.999999999999999, 9.0, 7.999999999999999, 9.0, 7.999999999999999, 9.0, 9.0, 9.0, 9.0, 9.0, 9.0]
T = 0.10737418240000006	 step = 533
121.18
27.954459889069263
[27.0, 28.0, 20.0, 43.0, 31.0, 7.0, 19.0, 30.0, 7.0, 10.0, 43.0, 41.0]
[45.0, 31.0, 19.0, 23.0, 7.0, 25.0, 8.0, 21.0, 14.0, 37.0, 33.0, 6.0]
[9.0, 9.0, 7.999999999999999, 9.0, 7.999999999999999, 9.0, 9.0, 9.0, 9.0, 9.0, 9.0, 9.0]
[7.999999999999999, 7.999999999999999, 9.0, 7.999999999999999, 9.0, 7.999999999999999, 9.0, 9.0, 9.0, 9.0, 9.0, 9.0]
T = 0.10737418240000006	 step = 534
121.98000000000002
27.441488095238093
[27.0, 28.0, 20.0, 43.0, 31.0, 42.0, 19.0, 30.0, 7.0, 10.0, 43.0, 41.0]
[45.0, 31.0, 19.0, 23.0, 7.0, 44.0, 8.0, 21.0, 14.0, 37.0, 33.0, 6.0]
[9.0, 9.0, 7.999999999999999, 9.0, 7.999999999999999, 7.999999999999999, 9.0, 9.0, 9.0, 9.0, 9.0, 9.0]
[7.999999999999999, 7.999999999999999, 9.0, 7.999999999999999, 9.0, 9.0, 9.0, 9.0, 9.0, 9.0, 9.0, 9.0]
T = 0.10737418240000006	 step = 535
121.74000000000001
27.680078124999998
[27.0, 28.0, 20.0, 43.0, 31.0, 42.0, 19.0, 30.0, 7.0, 10.0, 43.0, 41.0]
[45.0, 31.0, 19.0, 23.0, 6.0, 44.0, 8.0, 21.0, 14.0, 37.0, 33.0, 6.0]
[9.0, 9.0, 7.999999999999999, 9.0, 7.999999999999999, 7.999999999999999, 9.0, 9.0, 9.0, 9.0, 9.0, 9.0]
[7.999999999999999, 7.999999999999999, 9.0, 7.999999999999999, 9.0, 9.0, 9.0, 9.0, 9.0, 9.0, 9.0, 9.0]
T = 0.10737418240000006	 step = 536
121.74000000000001
27.607577110389606
[27.0, 28.0, 20.0, 43.0, 31.0, 42.0, 19.0, 30.0, 7.0, 10.0, 43.0, 42.0]
[45.0, 31.0, 19.0, 23.0, 6.0, 44.0, 8.0, 21.0, 14.0, 37.0, 33.0, 6.0]
[9.0, 9.0, 7.999999999999999, 9.0, 7.999999999999999, 7.999999999999999, 9.0, 9.0, 9.0, 9.0, 9.0, 9.0]
[7.999999999999999, 7.999999999999999, 9.0, 7.999999999999999, 9.0, 9.0, 9.0, 9.0, 9.0, 9.0, 9.0, 9.0]
T = 0.10737418240000006	 step = 537
121.75
27.512339015151515
[27.0, 28.0, 20.0, 43.0, 31.0, 42.0, 19.0, 30.0, 7.0, 10.0, 43.0, 42.0]
[45.0, 31.0, 19.0, 23.0, 6.0, 44.0, 8.0, 21.0, 14.0, 36.0, 33.0, 6.0]
[9.0, 9.0, 7.999999999999999, 9.0, 7.999999999999999, 7.999999999999999, 9.0, 9.0, 9.0, 9.0, 9.0, 9.0]
[7.999999999999999, 7.999999999999999, 9.0, 7.999999999999999, 9.0, 9.0, 9.0, 9.0, 9.0, 9.0, 9.0, 9.0]
T = 0.10737418240000006	 step = 538
121.51000000000005
27.55995806277056
[27.0, 28.0, 19.0, 43.0, 31.0, 42.0, 19.0, 30.0, 7.0, 10.0, 43.0, 42.0]
[45.0, 31.0, 19.0, 23.0, 6.0, 44.0, 8.0, 21.0, 14.0, 36.0, 33.0, 6.0]
[9.0, 9.0, 7.999999999999999, 9.0, 7.999999999999999, 7.999999999999999, 9.0, 9.0, 9.0, 9.0, 9.0, 9.0]
[7.999999999999999, 7.999999999999999, 9.0, 7.999999999999999, 9.0, 9.0, 9.0, 9.0, 9.0, 9.0, 9.0, 9.0]
T = 0.10737418240000006	 step = 539
121.55000000000001
27.464719967532467
[27.0, 28.0, 19.0, 43.0, 31.0, 42.0, 19.0, 30.0, 7.0, 11.0, 43.0, 42.0]
[45.0, 31.0, 19.0, 23.0, 6.0, 44.0, 8.0, 21.0, 14.0, 36.0, 33.0, 6.0]
[9.0, 9.0, 7.999999999999999, 9.0, 7.999999999999999, 7.999999999999999, 9.0, 9.0, 9.0, 9.0, 9.0, 9.0]
[7.999999999999999, 7.999999999999999, 9.0, 7.999999999999999, 9.0, 9.0, 9.0, 9.0, 9.0, 9.0, 9.0, 9.0]
T = 0.10737418240000006	 step = 540
121.57000000000005
27.369481872294372
[27.0, 28.0, 19.0, 43.0, 31.0, 42.0, 19.0, 30.0, 7.0, 11.0, 43.0, 42.0]
[45.0, 31.0, 19.0, 23.0, 6.0, 44.0, 8.0, 21.0, 14.0, 36.0, 33.0, 7.0]
[9.0, 9.0, 7.999999999999999, 9.0, 7.999999999999999, 7.999999999999999, 9.0, 9.0, 9.0, 9.0, 9.0, 9.0]
[7.999999999999999, 7.999999999999999, 9.0, 7.999999999999999, 9.0, 9.0, 9.0, 9.0, 9.0, 9.0, 9.0, 9.0]
T = 0.10737418240000006	 step = 541
121.34000000000003
27.583939393939392
[27.0, 28.0, 19.0, 43.0, 31.0, 43.0, 19.0, 30.0, 7.0, 11.0, 43.0, 42.0]
[45.0, 31.0, 19.0, 23.0, 6.0, 44.0, 8.0, 21.0, 14.0, 36.0, 33.0, 7.0]
[9.0, 9.0, 7.999999999999999, 9.0, 7.999999999999999, 7.999999999999999, 9.0, 9.0, 9.0, 9.0, 9.0, 9.0]
[7.999999999999999, 7.999999999999999, 9.0, 7.999999999999999, 9.0, 9.0, 9.0, 9.0, 9.0, 9.0, 9.0, 9.0]
T = 0.10737418240000006	 step = 542
121.57000000000005
27.369481872294372
[27.0, 28.0, 19.0, 43.0, 31.0, 42.0, 19.0, 30.0, 7.0, 11.0, 43.0, 42.0]
[45.0, 31.0, 19.0, 23.0, 6.0, 44.0, 8.0, 21.0, 14.0, 36.0, 33.0, 7.0]
[9.0, 9.0, 7.999999999999999, 9.0, 7.999999999999999, 7.999999999999999, 9.0, 9.0, 9.0, 9.0, 9.0, 9.0]
[7.999999999999999, 7.999999999999999, 9.0, 7.999999999999999, 9.0, 9.0, 9.0, 9.0, 9.0, 9.0, 9.0, 9.0]
T = 0.10737418240000006	 step = 543
121.57000000000005
27.607577110389606
[27.0, 28.0, 19.0, 43.0, 30.0, 42.0, 19.0, 30.0, 7.0, 11.0, 43.0, 42.0]
[45.0, 31.0, 19.0, 23.0, 6.0, 44.0, 8.0, 21.0, 14.0, 36.0, 33.0, 7.0]
[9.0, 9.0, 7.999999999999999, 9.0, 7.999999999999999, 7.999999999999999, 9.0, 9.0, 9.0, 9.0, 9.0, 9.0]
[7.999999999999999, 7.999999999999999, 9.0, 7.999999999999999, 9.0, 9.0, 9.0, 9.0, 9.0, 9.0, 9.0, 9.0]
T = 0.10737418240000006	 step = 544
121.62
27.51233901515151
[27.0, 28.0, 19.0, 43.0, 30.0, 42.0, 19.0, 30.0, 7.0, 12.0, 43.0, 42.0]
[45.0, 31.0, 19.0, 23.0, 6.0, 44.0, 8.0, 21.0, 14.0, 36.0, 33.0, 7.0]
[9.0, 9.0, 7.999999999999999, 9.0, 7.999999999999999, 7.999999999999999, 9.0, 9.0, 9.0, 9.0, 9.0, 9.0]
[7.999999999999999, 7.999999999999999, 9.0, 7.999999999999999, 9.0, 9.0, 9.0, 9.0, 9.0, 9.0, 9.0, 9.0]
T = 0.10737418240000006	 step = 545
123.19
27.04324134199134
[23.0, 28.0, 19.0, 43.0, 30.0, 42.0, 19.0, 30.0, 7.0, 12.0, 43.0, 42.0]
[41.0, 31.0, 19.0, 23.0, 6.0, 44.0, 8.0, 21.0, 14.0, 36.0, 33.0, 7.0]
[7.999999999999999, 9.0, 7.999999999999999, 9.0, 7.999999999999999, 7.999999999999999, 9.0, 9.0, 9.0, 9.0, 9.0, 9.0]
[9.0, 7.999999999999999, 9.0, 7.999999999999999, 9.0, 9.0, 9.0, 9.0, 9.0, 9.0, 9.0, 9.0]
T = 0.10737418240000006	 step = 546
123.13
27.13847943722943
[23.0, 28.0, 19.0, 43.0, 30.0, 42.0, 19.0, 30.0, 7.0, 12.0, 44.0, 42.0]
[41.0, 31.0, 19.0, 23.0, 6.0, 44.0, 8.0, 21.0, 14.0, 36.0, 33.0, 7.0]
[7.999999999999999, 9.0, 7.999999999999999, 9.0, 7.999999999999999, 7.999999999999999, 9.0, 9.0, 9.0, 9.0, 9.0, 9.0]
[9.0, 7.999999999999999, 9.0, 7.999999999999999, 9.0, 9.0, 9.0, 9.0, 9.0, 9.0, 9.0, 9.0]
T = 0.10737418240000006	 step = 547
123.09000000000003
26.998820684523807
[23.0, 27.0, 19.0, 43.0, 30.0, 42.0, 19.0, 30.0, 7.0, 12.0, 44.0, 42.0]
[41.0, 31.0, 19.0, 23.0, 6.0, 44.0, 8.0, 21.0, 14.0, 36.0, 33.0, 7.0]
[7.999999999999999, 9.0, 7.999999999999999, 9.0, 7.999999999999999, 7.999999999999999, 9.0, 9.0, 9.0, 9.0, 9.0, 9.0]
[9.0, 7.999999999999999, 9.0, 7.999999999999999, 9.0, 9.0, 9.0, 9.0, 9.0, 9.0, 9.0, 9.0]
T = 0.10737418240000006	 step = 548
123.08000000000004
26.760627367424238
[23.0, 27.0, 19.0, 43.0, 31.0, 42.0, 19.0, 30.0, 7.0, 12.0, 44.0, 42.0]
[41.0, 31.0, 19.0, 23.0, 6.0, 44.0, 8.0, 21.0, 14.0, 36.0, 33.0, 7.0]
[7.999999999999999, 9.0, 7.999999999999999, 9.0, 7.999999999999999, 7.999999999999999, 9.0, 9.0, 9.0, 9.0, 9.0, 9.0]
[9.0, 7.999999999999999, 9.0, 7.999999999999999, 9.0, 9.0, 9.0, 9.0, 9.0, 9.0, 9.0, 9.0]
T = 0.10737418240000006	 step = 549
122.88
26.921563176406927
[22.0, 27.0, 19.0, 43.0, 31.0, 42.0, 19.0, 30.0, 7.0, 12.0, 44.0, 42.0]
[41.0, 31.0, 19.0, 23.0, 6.0, 44.0, 8.0, 21.0, 14.0, 36.0, 33.0, 7.0]
[7.999999999999999, 9.0, 7.999999999999999, 9.0, 7.999999999999999, 7.999999999999999, 9.0, 9.0, 9.0, 9.0, 9.0, 9.0]
[9.0, 7.999999999999999, 9.0, 7.999999999999999, 9.0, 9.0, 9.0, 9.0, 9.0, 9.0, 9.0, 9.0]
T = 0.10737418240000006	 step = 550
122.93
26.826325081168832
[22.0, 27.0, 19.0, 43.0, 31.0, 42.0, 19.0, 30.0, 7.0, 12.0, 43.0, 42.0]
[41.0, 31.0, 19.0, 23.0, 6.0, 44.0, 8.0, 21.0, 14.0, 36.0, 33.0, 7.0]
[7.999999999999999, 9.0, 7.999999999999999, 9.0, 7.999999999999999, 7.999999999999999, 9.0, 9.0, 9.0, 9.0, 9.0, 9.0]
[9.0, 7.999999999999999, 9.0, 7.999999999999999, 9.0, 9.0, 9.0, 9.0, 9.0, 9.0, 9.0, 9.0]
T = 0.10737418240000006	 step = 551
122.90000000000003
26.822401920995663
[22.0, 27.0, 19.0, 43.0, 31.0, 42.0, 19.0, 31.0, 7.0, 12.0, 43.0, 42.0]
[41.0, 31.0, 19.0, 23.0, 6.0, 44.0, 8.0, 21.0, 14.0, 36.0, 33.0, 7.0]
[7.999999999999999, 9.0, 7.999999999999999, 9.0, 7.999999999999999, 7.999999999999999, 9.0, 9.0, 9.0, 9.0, 9.0, 9.0]
[9.0, 7.999999999999999, 9.0, 7.999999999999999, 9.0, 9.0, 9.0, 9.0, 9.0, 9.0, 9.0, 9.0]
T = 0.08589934592000005	 step = 552
122.79000000000002
26.898780100108223
[22.0, 27.0, 19.0, 43.0, 31.0, 42.0, 19.0, 31.0, 7.0, 12.0, 43.0, 42.0]
[41.0, 31.0, 19.0, 22.0, 6.0, 44.0, 8.0, 21.0, 14.0, 36.0, 33.0, 7.0]
[7.999999999999999, 9.0, 7.999999999999999, 9.0, 7.999999999999999, 7.999999999999999, 9.0, 9.0, 9.0, 9.0, 9.0, 9.0]
[9.0, 7.999999999999999, 9.0, 7.999999999999999, 9.0, 9.0, 9.0, 9.0, 9.0, 9.0, 9.0, 9.0]
T = 0.08589934592000005	 step = 553
122.44
28.232113433441555
[22.0, 27.0, 19.0, 43.0, 31.0, 42.0, 19.0, 31.0, 7.0, 6.0, 43.0, 42.0]
[41.0, 31.0, 19.0, 22.0, 6.0, 44.0, 8.0, 21.0, 14.0, 44.0, 33.0, 7.0]
[7.999999999999999, 9.0, 7.999999999999999, 9.0, 7.999999999999999, 7.999999999999999, 9.0, 9.0, 9.0, 9.0, 9.0, 9.0]
[9.0, 7.999999999999999, 9.0, 7.999999999999999, 9.0, 9.0, 9.0, 9.0, 9.0, 9.0, 9.0, 9.0]
T = 0.08589934592000005	 step = 554
122.44
28.13687533820346
[22.0, 27.0, 19.0, 43.0, 31.0, 42.0, 19.0, 31.0, 7.0, 6.0, 43.0, 42.0]
[41.0, 31.0, 19.0, 22.0, 6.0, 44.0, 8.0, 21.0, 14.0, 44.0, 32.0, 7.0]
[7.999999999999999, 9.0, 7.999999999999999, 9.0, 7.999999999999999, 7.999999999999999, 9.0, 9.0, 9.0, 9.0, 9.0, 9.0]
[9.0, 7.999999999999999, 9.0, 7.999999999999999, 9.0, 9.0, 9.0, 9.0, 9.0, 9.0, 9.0, 9.0]
T = 0.08589934592000005	 step = 555
122.63
28.270788690476188
[22.0, 27.0, 19.0, 43.0, 31.0, 42.0, 19.0, 31.0, 8.0, 6.0, 43.0, 42.0]
[41.0, 31.0, 19.0, 22.0, 6.0, 44.0, 8.0, 21.0, 24.0, 44.0, 32.0, 7.0]
[7.999999999999999, 9.0, 7.999999999999999, 9.0, 7.999999999999999, 7.999999999999999, 9.0, 9.0, 9.0, 9.0, 9.0, 9.0]
[9.0, 7.999999999999999, 9.0, 7.999999999999999, 9.0, 9.0, 9.0, 9.0, 9.0, 9.0, 9.0, 9.0]
T = 0.08589934592000005	 step = 556
122.12
28.41364583333333
[22.0, 27.0, 19.0, 43.0, 31.0, 42.0, 19.0, 31.0, 8.0, 6.0, 43.0, 42.0]
[42.0, 31.0, 19.0, 22.0, 6.0, 44.0, 8.0, 21.0, 24.0, 44.0, 32.0, 7.0]
[7.999999999999999, 9.0, 7.999999999999999, 9.0, 7.999999999999999, 7.999999999999999, 9.0, 9.0, 9.0, 9.0, 9.0, 9.0]
[9.0, 7.999999999999999, 9.0, 7.999999999999999, 9.0, 9.0, 9.0, 9.0, 9.0, 9.0, 9.0, 9.0]
T = 0.08589934592000005	 step = 557
122.11000000000001
28.389701028138525
[22.0, 27.0, 19.0, 43.0, 31.0, 42.0, 19.0, 31.0, 8.0, 6.0, 43.0, 43.0]
[42.0, 31.0, 19.0, 22.0, 6.0, 44.0, 8.0, 21.0, 24.0, 44.0, 32.0, 7.0]
[7.999999999999999, 9.0, 7.999999999999999, 9.0, 7.999999999999999, 7.999999999999999, 9.0, 9.0, 9.0, 9.0, 9.0, 9.0]
[9.0, 7.999999999999999, 9.0, 7.999999999999999, 9.0, 9.0, 9.0, 9.0, 9.0, 9.0, 9.0, 9.0]
T = 0.08589934592000005	 step = 558
121.97000000000003
28.532558170995667
[22.0, 27.0, 19.0, 43.0, 31.0, 42.0, 19.0, 31.0, 8.0, 6.0, 43.0, 43.0]
[42.0, 32.0, 19.0, 22.0, 6.0, 44.0, 8.0, 21.0, 24.0, 44.0, 32.0, 7.0]
[7.999999999999999, 9.0, 7.999999999999999, 9.0, 7.999999999999999, 7.999999999999999, 9.0, 9.0, 9.0, 9.0, 9.0, 9.0]
[9.0, 7.999999999999999, 9.0, 7.999999999999999, 9.0, 9.0, 9.0, 9.0, 9.0, 9.0, 9.0, 9.0]
T = 0.08589934592000005	 step = 559
121.98000000000002
28.757064732142855
[22.0, 27.0, 19.0, 43.0, 30.0, 42.0, 19.0, 31.0, 8.0, 6.0, 43.0, 43.0]
[42.0, 32.0, 19.0, 22.0, 6.0, 44.0, 8.0, 21.0, 24.0, 44.0, 32.0, 7.0]
[7.999999999999999, 9.0, 7.999999999999999, 9.0, 7.999999999999999, 7.999999999999999, 9.0, 9.0, 9.0, 9.0, 9.0, 9.0]
[9.0, 7.999999999999999, 9.0, 7.999999999999999, 9.0, 9.0, 9.0, 9.0, 9.0, 9.0, 9.0, 9.0]
T = 0.08589934592000005	 step = 560
121.82000000000005
28.804683779761902
[22.0, 27.0, 19.0, 43.0, 30.0, 42.0, 19.0, 31.0, 8.0, 6.0, 43.0, 43.0]
[42.0, 32.0, 19.0, 21.0, 6.0, 44.0, 8.0, 21.0, 24.0, 44.0, 32.0, 7.0]
[7.999999999999999, 9.0, 7.999999999999999, 9.0, 7.999999999999999, 7.999999999999999, 9.0, 9.0, 9.0, 9.0, 9.0, 9.0]
[9.0, 7.999999999999999, 9.0, 7.999999999999999, 9.0, 9.0, 9.0, 9.0, 9.0, 9.0, 9.0, 9.0]
T = 0.08589934592000005	 step = 561
121.77000000000004
28.899921874999997
[22.0, 27.0, 19.0, 43.0, 30.0, 42.0, 19.0, 31.0, 8.0, 6.0, 44.0, 43.0]
[42.0, 32.0, 19.0, 21.0, 6.0, 44.0, 8.0, 21.0, 24.0, 44.0, 32.0, 7.0]
[7.999999999999999, 9.0, 7.999999999999999, 9.0, 7.999999999999999, 7.999999999999999, 9.0, 9.0, 9.0, 9.0, 9.0, 9.0]
[9.0, 7.999999999999999, 9.0, 7.999999999999999, 9.0, 9.0, 9.0, 9.0, 9.0, 9.0, 9.0, 9.0]
T = 0.08589934592000005	 step = 562
121.77000000000004
28.923866680194802
[22.0, 27.0, 19.0, 43.0, 30.0, 42.0, 20.0, 31.0, 8.0, 6.0, 44.0, 43.0]
[42.0, 32.0, 19.0, 21.0, 6.0, 44.0, 8.0, 21.0, 24.0, 44.0, 32.0, 7.0]
[7.999999999999999, 9.0, 7.999999999999999, 9.0, 7.999999999999999, 7.999999999999999, 9.0, 9.0, 9.0, 9.0, 9.0, 9.0]
[9.0, 7.999999999999999, 9.0, 7.999999999999999, 9.0, 9.0, 9.0, 9.0, 9.0, 9.0, 9.0, 9.0]
T = 0.08589934592000005	 step = 563
122.05000000000001
28.68577144209957
[22.0, 27.0, 19.0, 42.0, 30.0, 42.0, 20.0, 31.0, 8.0, 6.0, 44.0, 43.0]
[42.0, 32.0, 19.0, 21.0, 6.0, 44.0, 8.0, 21.0, 24.0, 44.0, 32.0, 7.0]
[7.999999999999999, 9.0, 7.999999999999999, 9.0, 7.999999999999999, 7.999999999999999, 9.0, 9.0, 9.0, 9.0, 9.0, 9.0]
[9.0, 7.999999999999999, 9.0, 7.999999999999999, 9.0, 9.0, 9.0, 9.0, 9.0, 9.0, 9.0, 9.0]
T = 0.08589934592000005	 step = 564
121.49000000000001
28.828628584956707
[22.0, 27.0, 19.0, 42.0, 30.0, 42.0, 20.0, 31.0, 8.0, 6.0, 44.0, 43.0]
[43.0, 32.0, 19.0, 21.0, 6.0, 44.0, 8.0, 21.0, 24.0, 44.0, 32.0, 7.0]
[7.999999999999999, 9.0, 7.999999999999999, 9.0, 7.999999999999999, 7.999999999999999, 9.0, 9.0, 9.0, 9.0, 9.0, 9.0]
[9.0, 7.999999999999999, 9.0, 7.999999999999999, 9.0, 9.0, 9.0, 9.0, 9.0, 9.0, 9.0, 9.0]
T = 0.08589934592000005	 step = 565
120.64000000000004
33.74339962121212
[22.0, 27.0, 19.0, 42.0, 8.0, 42.0, 20.0, 31.0, 8.0, 6.0, 44.0, 43.0]
[43.0, 32.0, 19.0, 21.0, 7.0, 44.0, 8.0, 21.0, 24.0, 44.0, 32.0, 7.0]
[7.999999999999999, 9.0, 7.999999999999999, 9.0, 7.999999999999999, 7.999999999999999, 9.0, 9.0, 9.0, 9.0, 9.0, 9.0]
[9.0, 7.999999999999999, 9.0, 7.999999999999999, 9.0, 9.0, 9.0, 9.0, 9.0, 9.0, 9.0, 9.0]
T = 0.08589934592000005	 step = 566
120.62
33.838637716450215
[22.0, 27.0, 19.0, 42.0, 8.0, 42.0, 20.0, 31.0, 8.0, 6.0, 44.0, 43.0]
[43.0, 32.0, 19.0, 21.0, 7.0, 44.0, 8.0, 21.0, 24.0, 44.0, 32.0, 6.0]
[7.999999999999999, 9.0, 7.999999999999999, 9.0, 7.999999999999999, 7.999999999999999, 9.0, 9.0, 9.0, 9.0, 9.0, 9.0]
[9.0, 7.999999999999999, 9.0, 7.999999999999999, 9.0, 9.0, 9.0, 9.0, 9.0, 9.0, 9.0, 9.0]
T = 0.08589934592000005	 step = 567
120.63
33.86258252164502
[22.0, 27.0, 19.0, 42.0, 8.0, 42.0, 21.0, 31.0, 8.0, 6.0, 44.0, 43.0]
[43.0, 32.0, 19.0, 21.0, 7.0, 44.0, 8.0, 21.0, 24.0, 44.0, 32.0, 6.0]
[7.999999999999999, 9.0, 7.999999999999999, 9.0, 7.999999999999999, 7.999999999999999, 9.0, 9.0, 9.0, 9.0, 9.0, 9.0]
[9.0, 7.999999999999999, 9.0, 7.999999999999999, 9.0, 9.0, 9.0, 9.0, 9.0, 9.0, 9.0, 9.0]
T = 0.08589934592000005	 step = 568
121.19
33.69578057359307
[22.0, 27.0, 19.0, 42.0, 8.0, 42.0, 20.0, 31.0, 8.0, 6.0, 44.0, 43.0]
[42.0, 32.0, 19.0, 21.0, 7.0, 44.0, 8.0, 21.0, 24.0, 44.0, 32.0, 6.0]
[7.999999999999999, 9.0, 7.999999999999999, 9.0, 7.999999999999999, 7.999999999999999, 9.0, 9.0, 9.0, 9.0, 9.0, 9.0]
[9.0, 7.999999999999999, 9.0, 7.999999999999999, 9.0, 9.0, 9.0, 9.0, 9.0, 9.0, 9.0, 9.0]
T = 0.08589934592000005	 step = 569
120.63
33.86258252164502
[22.0, 27.0, 19.0, 42.0, 8.0, 42.0, 21.0, 31.0, 8.0, 6.0, 44.0, 43.0]
[43.0, 32.0, 19.0, 21.0, 7.0, 44.0, 8.0, 21.0, 24.0, 44.0, 32.0, 6.0]
[7.999999999999999, 9.0, 7.999999999999999, 9.0, 7.999999999999999, 7.999999999999999, 9.0, 9.0, 9.0, 9.0, 9.0, 9.0]
[9.0, 7.999999999999999, 9.0, 7.999999999999999, 9.0, 9.0, 9.0, 9.0, 9.0, 9.0, 9.0, 9.0]
T = 0.08589934592000005	 step = 570
115.52000000000004
34.59868168290043
[22.0, 32.0, 19.0, 42.0, 8.0, 42.0, 21.0, 31.0, 8.0, 6.0, 44.0, 43.0]
[43.0, 8.0, 19.0, 21.0, 7.0, 44.0, 8.0, 21.0, 24.0, 44.0, 32.0, 6.0]
[7.999999999999999, 9.0, 7.999999999999999, 9.0, 7.999999999999999, 7.999999999999999, 9.0, 9.0, 9.0, 9.0, 9.0, 9.0]
[9.0, 7.999999999999999, 9.0, 7.999999999999999, 9.0, 9.0, 9.0, 9.0, 9.0, 9.0, 9.0, 9.0]
T = 0.08589934592000005	 step = 571
115.5
34.574736877705625
[22.0, 32.0, 19.0, 42.0, 8.0, 42.0, 21.0, 31.0, 8.0, 6.0, 44.0, 44.0]
[43.0, 8.0, 19.0, 21.0, 7.0, 44.0, 8.0, 21.0, 24.0, 44.0, 32.0, 6.0]
[7.999999999999999, 9.0, 7.999999999999999, 9.0, 7.999999999999999, 7.999999999999999, 9.0, 9.0, 9.0, 9.0, 9.0, 9.0]
[9.0, 7.999999999999999, 9.0, 7.999999999999999, 9.0, 9.0, 9.0, 9.0, 9.0, 9.0, 9.0, 9.0]
T = 0.08589934592000005	 step = 572
115.51000000000005
34.47907771915584
[22.0, 32.0, 19.0, 42.0, 8.0, 42.0, 21.0, 31.0, 8.0, 6.0, 44.0, 44.0]
[43.0, 8.0, 19.0, 21.0, 7.0, 44.0, 8.0, 21.0, 24.0, 44.0, 32.0, 7.0]
[7.999999999999999, 9.0, 7.999999999999999, 9.0, 7.999999999999999, 7.999999999999999, 9.0, 9.0, 9.0, 9.0, 9.0, 9.0]
[9.0, 7.999999999999999, 9.0, 7.999999999999999, 9.0, 9.0, 9.0, 9.0, 9.0, 9.0, 9.0, 9.0]
T = 0.08589934592000005	 step = 573
115.5
34.574315814393934
[22.0, 32.0, 19.0, 42.0, 8.0, 42.0, 21.0, 31.0, 8.0, 6.0, 44.0, 44.0]
[43.0, 8.0, 19.0, 21.0, 7.0, 44.0, 8.0, 22.0, 24.0, 44.0, 32.0, 7.0]
[7.999999999999999, 9.0, 7.999999999999999, 9.0, 7.999999999999999, 7.999999999999999, 9.0, 9.0, 9.0, 9.0, 9.0, 9.0]
[9.0, 7.999999999999999, 9.0, 7.999999999999999, 9.0, 9.0, 9.0, 9.0, 9.0, 9.0, 9.0, 9.0]
T = 0.08589934592000005	 step = 574
115.76000000000005
34.431458671536795
[22.0, 32.0, 19.0, 42.0, 8.0, 42.0, 21.0, 31.0, 8.0, 6.0, 44.0, 44.0]
[42.0, 8.0, 19.0, 21.0, 7.0, 44.0, 8.0, 22.0, 24.0, 44.0, 32.0, 7.0]
[7.999999999999999, 9.0, 7.999999999999999, 9.0, 7.999999999999999, 7.999999999999999, 9.0, 9.0, 9.0, 9.0, 9.0, 9.0]
[9.0, 7.999999999999999, 9.0, 7.999999999999999, 9.0, 9.0, 9.0, 9.0, 9.0, 9.0, 9.0, 9.0]
T = 0.08589934592000005	 step = 575
115.5
34.66955390963203
[22.0, 32.0, 19.0, 42.0, 7.0, 42.0, 21.0, 31.0, 8.0, 6.0, 44.0, 44.0]
[42.0, 8.0, 19.0, 21.0, 7.0, 44.0, 8.0, 22.0, 24.0, 44.0, 32.0, 7.0]
[7.999999999999999, 9.0, 7.999999999999999, 9.0, 7.999999999999999, 7.999999999999999, 9.0, 9.0, 9.0, 9.0, 9.0, 9.0]
[9.0, 7.999999999999999, 9.0, 7.999999999999999, 9.0, 9.0, 9.0, 9.0, 9.0, 9.0, 9.0, 9.0]
T = 0.08589934592000005	 step = 576
115.24000000000001
34.81279829545454
[22.0, 32.0, 19.0, 42.0, 7.0, 42.0, 21.0, 31.0, 8.0, 6.0, 44.0, 44.0]
[43.0, 8.0, 19.0, 21.0, 7.0, 44.0, 8.0, 22.0, 24.0, 44.0, 32.0, 7.0]
[7.999999999999999, 9.0, 7.999999999999999, 9.0, 7.999999999999999, 7.999999999999999, 9.0, 9.0, 9.0, 9.0, 9.0, 9.0]
[9.0, 7.999999999999999, 9.0, 7.999999999999999, 9.0, 9.0, 9.0, 9.0, 9.0, 9.0, 9.0, 9.0]
T = 0.08589934592000005	 step = 577
114.99000000000001
34.95526819534632
[22.0, 32.0, 19.0, 42.0, 7.0, 42.0, 21.0, 31.0, 8.0, 6.0, 44.0, 44.0]
[43.0, 7.0, 19.0, 21.0, 7.0, 44.0, 8.0, 22.0, 24.0, 44.0, 32.0, 7.0]
[7.999999999999999, 9.0, 7.999999999999999, 9.0, 7.999999999999999, 7.999999999999999, 9.0, 9.0, 9.0, 9.0, 9.0, 9.0]
[9.0, 7.999999999999999, 9.0, 7.999999999999999, 9.0, 9.0, 9.0, 9.0, 9.0, 9.0, 9.0, 9.0]
T = 0.08589934592000005	 step = 578
114.99000000000001
35.050506290584416
[22.0, 32.0, 19.0, 42.0, 7.0, 42.0, 21.0, 31.0, 8.0, 6.0, 44.0, 44.0]
[43.0, 7.0, 19.0, 21.0, 7.0, 44.0, 8.0, 22.0, 24.0, 44.0, 33.0, 7.0]
[7.999999999999999, 9.0, 7.999999999999999, 9.0, 7.999999999999999, 7.999999999999999, 9.0, 9.0, 9.0, 9.0, 9.0, 9.0]
[9.0, 7.999999999999999, 9.0, 7.999999999999999, 9.0, 9.0, 9.0, 9.0, 9.0, 9.0, 9.0, 9.0]
T = 0.08589934592000005	 step = 579
114.98000000000002
35.14574438582251
[22.0, 32.0, 19.0, 42.0, 7.0, 42.0, 21.0, 31.0, 8.0, 6.0, 44.0, 44.0]
[43.0, 7.0, 19.0, 21.0, 7.0, 44.0, 8.0, 22.0, 24.0, 44.0, 33.0, 6.0]
[7.999999999999999, 9.0, 7.999999999999999, 9.0, 7.999999999999999, 7.999999999999999, 9.0, 9.0, 9.0, 9.0, 9.0, 9.0]
[9.0, 7.999999999999999, 9.0, 7.999999999999999, 9.0, 9.0, 9.0, 9.0, 9.0, 9.0, 9.0, 9.0]
T = 0.08589934592000005	 step = 580
114.99000000000001
35.050506290584416
[22.0, 32.0, 19.0, 42.0, 7.0, 42.0, 21.0, 31.0, 8.0, 6.0, 44.0, 44.0]
[43.0, 7.0, 19.0, 21.0, 7.0, 44.0, 8.0, 22.0, 24.0, 44.0, 33.0, 7.0]
[7.999999999999999, 9.0, 7.999999999999999, 9.0, 7.999999999999999, 7.999999999999999, 9.0, 9.0, 9.0, 9.0, 9.0, 9.0]
[9.0, 7.999999999999999, 9.0, 7.999999999999999, 9.0, 9.0, 9.0, 9.0, 9.0, 9.0, 9.0, 9.0]
T = 0.08589934592000005	 step = 581
114.97000000000003
35.141550662878785
[22.0, 32.0, 19.0, 42.0, 7.0, 42.0, 21.0, 31.0, 8.0, 6.0, 44.0, 44.0]
[43.0, 7.0, 19.0, 20.0, 7.0, 44.0, 8.0, 22.0, 24.0, 44.0, 33.0, 7.0]
[7.999999999999999, 9.0, 7.999999999999999, 9.0, 7.999999999999999, 7.999999999999999, 9.0, 9.0, 9.0, 9.0, 9.0, 9.0]
[9.0, 7.999999999999999, 9.0, 7.999999999999999, 9.0, 9.0, 9.0, 9.0, 9.0, 9.0, 9.0, 9.0]
T = 0.08589934592000005	 step = 582
114.89000000000004
35.30835261093073
[22.0, 32.0, 19.0, 42.0, 7.0, 43.0, 21.0, 31.0, 8.0, 6.0, 44.0, 44.0]
[43.0, 7.0, 19.0, 20.0, 7.0, 44.0, 8.0, 22.0, 24.0, 44.0, 33.0, 7.0]
[7.999999999999999, 9.0, 7.999999999999999, 9.0, 7.999999999999999, 7.999999999999999, 9.0, 9.0, 9.0, 9.0, 9.0, 9.0]
[9.0, 7.999999999999999, 9.0, 7.999999999999999, 9.0, 9.0, 9.0, 9.0, 9.0, 9.0, 9.0, 9.0]
T = 0.08589934592000005	 step = 583
114.81
35.40359070616883
[22.0, 32.0, 19.0, 42.0, 7.0, 43.0, 21.0, 31.0, 8.0, 6.0, 44.0, 44.0]
[43.0, 7.0, 19.0, 20.0, 7.0, 44.0, 7.0, 22.0, 24.0, 44.0, 33.0, 7.0]
[7.999999999999999, 9.0, 7.999999999999999, 9.0, 7.999999999999999, 7.999999999999999, 9.0, 9.0, 9.0, 9.0, 9.0, 9.0]
[9.0, 7.999999999999999, 9.0, 7.999999999999999, 9.0, 9.0, 9.0, 9.0, 9.0, 9.0, 9.0, 9.0]
T = 0.08589934592000005	 step = 584
114.75
35.23678875811688
[23.0, 32.0, 19.0, 42.0, 7.0, 43.0, 21.0, 31.0, 8.0, 6.0, 44.0, 44.0]
[43.0, 7.0, 19.0, 20.0, 7.0, 44.0, 7.0, 22.0, 24.0, 44.0, 33.0, 7.0]
[7.999999999999999, 9.0, 7.999999999999999, 9.0, 7.999999999999999, 7.999999999999999, 9.0, 9.0, 9.0, 9.0, 9.0, 9.0]
[9.0, 7.999999999999999, 9.0, 7.999999999999999, 9.0, 9.0, 9.0, 9.0, 9.0, 9.0, 9.0, 9.0]
T = 0.08589934592000005	 step = 585
114.83000000000004
35.141550662878785
[23.0, 32.0, 19.0, 42.0, 7.0, 43.0, 21.0, 31.0, 8.0, 6.0, 44.0, 44.0]
[43.0, 7.0, 19.0, 20.0, 7.0, 44.0, 8.0, 22.0, 24.0, 44.0, 33.0, 7.0]
[7.999999999999999, 9.0, 7.999999999999999, 9.0, 7.999999999999999, 7.999999999999999, 9.0, 9.0, 9.0, 9.0, 9.0, 9.0]
[9.0, 7.999999999999999, 9.0, 7.999999999999999, 9.0, 9.0, 9.0, 9.0, 9.0, 9.0, 9.0, 9.0]
T = 0.08589934592000005	 step = 586
114.89000000000004
35.04631256764069
[23.0, 32.0, 19.0, 42.0, 7.0, 43.0, 21.0, 31.0, 9.0, 6.0, 44.0, 44.0]
[43.0, 7.0, 19.0, 20.0, 7.0, 44.0, 8.0, 22.0, 24.0, 44.0, 33.0, 7.0]
[7.999999999999999, 9.0, 7.999999999999999, 9.0, 7.999999999999999, 7.999999999999999, 9.0, 9.0, 9.0, 9.0, 9.0, 9.0]
[9.0, 7.999999999999999, 9.0, 7.999999999999999, 9.0, 9.0, 9.0, 9.0, 9.0, 9.0, 9.0, 9.0]
T = 0.08589934592000005	 step = 587
115.17000000000002
34.8558363771645
[23.0, 32.0, 19.0, 42.0, 7.0, 43.0, 21.0, 31.0, 9.0, 6.0, 44.0, 44.0]
[43.0, 7.0, 19.0, 20.0, 8.0, 44.0, 8.0, 22.0, 24.0, 44.0, 33.0, 7.0]
[7.999999999999999, 9.0, 7.999999999999999, 9.0, 7.999999999999999, 7.999999999999999, 9.0, 9.0, 9.0, 9.0, 9.0, 9.0]
[9.0, 7.999999999999999, 9.0, 7.999999999999999, 9.0, 9.0, 9.0, 9.0, 9.0, 9.0, 9.0, 9.0]
T = 0.08589934592000005	 step = 588
114.95000000000005
35.21311451569264
[22.0, 32.0, 19.0, 42.0, 7.0, 43.0, 21.0, 31.0, 9.0, 6.0, 44.0, 44.0]
[43.0, 7.0, 19.0, 20.0, 7.0, 44.0, 8.0, 22.0, 24.0, 44.0, 33.0, 7.0]
[7.999999999999999, 9.0, 7.999999999999999, 9.0, 7.999999999999999, 7.999999999999999, 9.0, 9.0, 9.0, 9.0, 9.0, 9.0]
[9.0, 7.999999999999999, 9.0, 7.999999999999999, 9.0, 9.0, 9.0, 9.0, 9.0, 9.0, 9.0, 9.0]
T = 0.08589934592000005	 step = 589
115.19
35.07025737283549
[22.0, 32.0, 19.0, 42.0, 7.0, 43.0, 21.0, 31.0, 9.0, 6.0, 44.0, 44.0]
[43.0, 8.0, 19.0, 20.0, 7.0, 44.0, 8.0, 22.0, 24.0, 44.0, 33.0, 7.0]
[7.999999999999999, 9.0, 7.999999999999999, 9.0, 7.999999999999999, 7.999999999999999, 9.0, 9.0, 9.0, 9.0, 9.0, 9.0]
[9.0, 7.999999999999999, 9.0, 7.999999999999999, 9.0, 9.0, 9.0, 9.0, 9.0, 9.0, 9.0, 9.0]
T = 0.08589934592000005	 step = 590
115.18
35.16549546807359
[22.0, 32.0, 19.0, 42.0, 7.0, 43.0, 21.0, 31.0, 9.0, 6.0, 44.0, 44.0]
[43.0, 8.0, 19.0, 20.0, 7.0, 44.0, 8.0, 23.0, 24.0, 44.0, 33.0, 7.0]
[7.999999999999999, 9.0, 7.999999999999999, 9.0, 7.999999999999999, 7.999999999999999, 9.0, 9.0, 9.0, 9.0, 9.0, 9.0]
[9.0, 7.999999999999999, 9.0, 7.999999999999999, 9.0, 9.0, 9.0, 9.0, 9.0, 9.0, 9.0, 9.0]
T = 0.08589934592000005	 step = 591
115.39000000000004
35.02263832521645
[22.0, 32.0, 19.0, 42.0, 7.0, 43.0, 21.0, 31.0, 9.0, 6.0, 44.0, 44.0]
[43.0, 9.0, 19.0, 20.0, 7.0, 44.0, 8.0, 23.0, 24.0, 44.0, 33.0, 7.0]
[7.999999999999999, 9.0, 7.999999999999999, 9.0, 7.999999999999999, 7.999999999999999, 9.0, 9.0, 9.0, 9.0, 9.0, 9.0]
[9.0, 7.999999999999999, 9.0, 7.999999999999999, 9.0, 9.0, 9.0, 9.0, 9.0, 9.0, 9.0, 9.0]
T = 0.08589934592000005	 step = 592
115.67000000000002
34.78454308712121
[22.0, 32.0, 19.0, 42.0, 7.0, 43.0, 21.0, 31.0, 9.0, 6.0, 44.0, 44.0]
[43.0, 9.0, 19.0, 20.0, 8.0, 44.0, 8.0, 23.0, 24.0, 44.0, 33.0, 7.0]
[7.999999999999999, 9.0, 7.999999999999999, 9.0, 7.999999999999999, 7.999999999999999, 9.0, 9.0, 9.0, 9.0, 9.0, 9.0]
[9.0, 7.999999999999999, 9.0, 7.999999999999999, 9.0, 9.0, 9.0, 9.0, 9.0, 9.0, 9.0, 9.0]
T = 0.08589934592000005	 step = 593
115.68
34.68930499188311
[22.0, 32.0, 19.0, 42.0, 7.0, 43.0, 21.0, 31.0, 9.0, 6.0, 44.0, 44.0]
[43.0, 9.0, 19.0, 20.0, 8.0, 44.0, 8.0, 23.0, 24.0, 44.0, 32.0, 7.0]
[7.999999999999999, 9.0, 7.999999999999999, 9.0, 7.999999999999999, 7.999999999999999, 9.0, 9.0, 9.0, 9.0, 9.0, 9.0]
[9.0, 7.999999999999999, 9.0, 7.999999999999999, 9.0, 9.0, 9.0, 9.0, 9.0, 9.0, 9.0, 9.0]
T = 0.08589934592000005	 step = 594
115.69
34.59406689664502
[22.0, 32.0, 19.0, 42.0, 7.0, 43.0, 21.0, 31.0, 9.0, 7.0, 44.0, 44.0]
[43.0, 9.0, 19.0, 20.0, 8.0, 44.0, 8.0, 23.0, 24.0, 44.0, 32.0, 7.0]
[7.999999999999999, 9.0, 7.999999999999999, 9.0, 7.999999999999999, 7.999999999999999, 9.0, 9.0, 9.0, 9.0, 9.0, 9.0]
[9.0, 7.999999999999999, 9.0, 7.999999999999999, 9.0, 9.0, 9.0, 9.0, 9.0, 9.0, 9.0, 9.0]
T = 0.08589934592000005	 step = 595
115.78000000000003
34.35597165854978
[22.0, 32.0, 19.0, 42.0, 7.0, 43.0, 21.0, 31.0, 9.0, 7.0, 44.0, 44.0]
[43.0, 9.0, 19.0, 20.0, 8.0, 43.0, 8.0, 23.0, 24.0, 44.0, 32.0, 7.0]
[7.999999999999999, 9.0, 7.999999999999999, 9.0, 7.999999999999999, 7.999999999999999, 9.0, 9.0, 9.0, 9.0, 9.0, 9.0]
[9.0, 7.999999999999999, 9.0, 7.999999999999999, 9.0, 9.0, 9.0, 9.0, 9.0, 9.0, 9.0, 9.0]
T = 0.08589934592000005	 step = 596
115.72000000000003
34.45120975378787
[22.0, 32.0, 19.0, 42.0, 7.0, 43.0, 21.0, 31.0, 8.0, 7.0, 44.0, 44.0]
[43.0, 9.0, 19.0, 20.0, 8.0, 43.0, 8.0, 23.0, 24.0, 44.0, 32.0, 7.0]
[7.999999999999999, 9.0, 7.999999999999999, 9.0, 7.999999999999999, 7.999999999999999, 9.0, 9.0, 9.0, 9.0, 9.0, 9.0]
[9.0, 7.999999999999999, 9.0, 7.999999999999999, 9.0, 9.0, 9.0, 9.0, 9.0, 9.0, 9.0, 9.0]
T = 0.08589934592000005	 step = 597
115.73000000000002
34.35597165854978
[22.0, 32.0, 19.0, 42.0, 7.0, 43.0, 21.0, 31.0, 8.0, 8.0, 44.0, 44.0]
[43.0, 9.0, 19.0, 20.0, 8.0, 43.0, 8.0, 23.0, 24.0, 44.0, 32.0, 7.0]
[7.999999999999999, 9.0, 7.999999999999999, 9.0, 7.999999999999999, 7.999999999999999, 9.0, 9.0, 9.0, 9.0, 9.0, 9.0]
[9.0, 7.999999999999999, 9.0, 7.999999999999999, 9.0, 9.0, 9.0, 9.0, 9.0, 9.0, 9.0, 9.0]
T = 0.08589934592000005	 step = 598
115.49000000000001
34.594454139610384
[22.0, 32.0, 19.0, 42.0, 7.0, 43.0, 21.0, 31.0, 8.0, 8.0, 44.0, 44.0]
[44.0, 9.0, 19.0, 20.0, 8.0, 43.0, 8.0, 23.0, 24.0, 44.0, 32.0, 7.0]
[7.999999999999999, 9.0, 7.999999999999999, 9.0, 7.999999999999999, 7.999999999999999, 9.0, 9.0, 9.0, 9.0, 9.0, 9.0]
[9.0, 7.999999999999999, 9.0, 7.999999999999999, 9.0, 9.0, 9.0, 9.0, 9.0, 9.0, 9.0, 9.0]
T = 0.08589934592000005	 step = 599
115.51000000000005
34.49921604437229
[22.0, 32.0, 19.0, 42.0, 7.0, 43.0, 21.0, 31.0, 8.0, 8.0, 43.0, 44.0]
[44.0, 9.0, 19.0, 20.0, 8.0, 43.0, 8.0, 23.0, 24.0, 44.0, 32.0, 7.0]
[7.999999999999999, 9.0, 7.999999999999999, 9.0, 7.999999999999999, 7.999999999999999, 9.0, 9.0, 9.0, 9.0, 9.0, 9.0]
[9.0, 7.999999999999999, 9.0, 7.999999999999999, 9.0, 9.0, 9.0, 9.0, 9.0, 9.0, 9.0, 9.0]
T = 0.08589934592000005	 step = 600
115.51000000000005
34.594066896645025
[22.0, 32.0, 19.0, 42.0, 7.0, 43.0, 21.0, 31.0, 8.0, 8.0, 43.0, 44.0]
[44.0, 9.0, 19.0, 20.0, 8.0, 43.0, 8.0, 23.0, 24.0, 44.0, 32.0, 6.0]
[7.999999999999999, 9.0, 7.999999999999999, 9.0, 7.999999999999999, 7.999999999999999, 9.0, 9.0, 9.0, 9.0, 9.0, 9.0]
[9.0, 7.999999999999999, 9.0, 7.999999999999999, 9.0, 9.0, 9.0, 9.0, 9.0, 9.0, 9.0, 9.0]
T = 0.08589934592000005	 step = 601
115.60000000000002
34.42755073051948
[22.0, 32.0, 19.0, 42.0, 7.0, 42.0, 21.0, 31.0, 8.0, 8.0, 43.0, 44.0]
[44.0, 9.0, 19.0, 20.0, 8.0, 43.0, 8.0, 23.0, 24.0, 44.0, 32.0, 6.0]
[7.999999999999999, 9.0, 7.999999999999999, 9.0, 7.999999999999999, 7.999999999999999, 9.0, 9.0, 9.0, 9.0, 9.0, 9.0]
[9.0, 7.999999999999999, 9.0, 7.999999999999999, 9.0, 9.0, 9.0, 9.0, 9.0, 9.0, 9.0, 9.0]
T = 0.06871947673600004	 step = 602
115.77000000000004
34.30446394751082
[22.0, 32.0, 20.0, 42.0, 7.0, 42.0, 21.0, 31.0, 8.0, 8.0, 43.0, 44.0]
[44.0, 9.0, 20.0, 20.0, 8.0, 43.0, 8.0, 23.0, 24.0, 44.0, 32.0, 6.0]
[7.999999999999999, 9.0, 9.0, 9.0, 7.999999999999999, 7.999999999999999, 9.0, 9.0, 9.0, 9.0, 9.0, 9.0]
[9.0, 7.999999999999999, 7.999999999999999, 7.999999999999999, 9.0, 9.0, 9.0, 9.0, 9.0, 9.0, 9.0, 9.0]
T = 0.06871947673600004	 step = 603
115.67000000000002
34.471265895562766
[22.0, 32.0, 20.0, 42.0, 7.0, 43.0, 21.0, 31.0, 8.0, 8.0, 43.0, 44.0]
[44.0, 9.0, 20.0, 20.0, 8.0, 43.0, 8.0, 23.0, 24.0, 44.0, 32.0, 6.0]
[7.999999999999999, 9.0, 9.0, 9.0, 7.999999999999999, 7.999999999999999, 9.0, 9.0, 9.0, 9.0, 9.0, 9.0]
[9.0, 7.999999999999999, 7.999999999999999, 7.999999999999999, 9.0, 9.0, 9.0, 9.0, 9.0, 9.0, 9.0, 9.0]
T = 0.06871947673600004	 step = 604
115.73000000000002
34.37602780032467
[22.0, 32.0, 20.0, 42.0, 7.0, 43.0, 21.0, 31.0, 9.0, 8.0, 43.0, 44.0]
[44.0, 9.0, 20.0, 20.0, 8.0, 43.0, 8.0, 23.0, 24.0, 44.0, 32.0, 6.0]
[7.999999999999999, 9.0, 9.0, 9.0, 7.999999999999999, 7.999999999999999, 9.0, 9.0, 9.0, 9.0, 9.0, 9.0]
[9.0, 7.999999999999999, 7.999999999999999, 7.999999999999999, 9.0, 9.0, 9.0, 9.0, 9.0, 9.0, 9.0, 9.0]
T = 0.06871947673600004	 step = 605
115.74000000000001
34.280789705086576
[22.0, 32.0, 20.0, 42.0, 7.0, 43.0, 21.0, 31.0, 9.0, 8.0, 43.0, 44.0]
[44.0, 9.0, 20.0, 20.0, 8.0, 43.0, 8.0, 23.0, 24.0, 44.0, 32.0, 7.0]
[7.999999999999999, 9.0, 9.0, 9.0, 7.999999999999999, 7.999999999999999, 9.0, 9.0, 9.0, 9.0, 9.0, 9.0]
[9.0, 7.999999999999999, 7.999999999999999, 7.999999999999999, 9.0, 9.0, 9.0, 9.0, 9.0, 9.0, 9.0, 9.0]
T = 0.06871947673600004	 step = 606
115.53000000000003
34.63052522997835
[22.0, 32.0, 20.0, 42.0, 7.0, 43.0, 21.0, 31.0, 6.0, 8.0, 43.0, 44.0]
[44.0, 9.0, 20.0, 20.0, 8.0, 43.0, 8.0, 23.0, 25.0, 44.0, 32.0, 7.0]
[7.999999999999999, 9.0, 9.0, 9.0, 7.999999999999999, 7.999999999999999, 9.0, 9.0, 9.0, 9.0, 9.0, 9.0]
[9.0, 7.999999999999999, 7.999999999999999, 7.999999999999999, 9.0, 9.0, 9.0, 9.0, 9.0, 9.0, 9.0, 9.0]
T = 0.06871947673600004	 step = 607
115.48000000000002
33.700960497835496
[28.0, 32.0, 20.0, 42.0, 7.0, 43.0, 21.0, 31.0, 6.0, 8.0, 43.0, 44.0]
[43.0, 9.0, 20.0, 20.0, 8.0, 43.0, 8.0, 23.0, 25.0, 44.0, 32.0, 7.0]
[9.0, 9.0, 9.0, 9.0, 7.999999999999999, 7.999999999999999, 9.0, 9.0, 9.0, 9.0, 9.0, 9.0]
[7.999999999999999, 7.999999999999999, 7.999999999999999, 7.999999999999999, 9.0, 9.0, 9.0, 9.0, 9.0, 9.0, 9.0, 9.0]
T = 0.06871947673600004	 step = 608
115.53000000000003
33.6057224025974
[28.0, 32.0, 20.0, 42.0, 7.0, 43.0, 21.0, 31.0, 7.0, 8.0, 43.0, 44.0]
[43.0, 9.0, 20.0, 20.0, 8.0, 43.0, 8.0, 23.0, 25.0, 44.0, 32.0, 7.0]
[9.0, 9.0, 9.0, 9.0, 7.999999999999999, 7.999999999999999, 9.0, 9.0, 9.0, 9.0, 9.0, 9.0]
[7.999999999999999, 7.999999999999999, 7.999999999999999, 7.999999999999999, 9.0, 9.0, 9.0, 9.0, 9.0, 9.0, 9.0, 9.0]
T = 0.06871947673600004	 step = 609
115.59000000000003
33.65263122294372
[27.0, 32.0, 20.0, 42.0, 7.0, 43.0, 21.0, 31.0, 7.0, 8.0, 43.0, 44.0]
[43.0, 9.0, 20.0, 20.0, 8.0, 43.0, 8.0, 23.0, 25.0, 44.0, 32.0, 7.0]
[9.0, 9.0, 9.0, 9.0, 7.999999999999999, 7.999999999999999, 9.0, 9.0, 9.0, 9.0, 9.0, 9.0]
[7.999999999999999, 7.999999999999999, 7.999999999999999, 7.999999999999999, 9.0, 9.0, 9.0, 9.0, 9.0, 9.0, 9.0, 9.0]
T = 0.06871947673600004	 step = 610
115.66000000000003
33.70025027056276
[26.0, 32.0, 20.0, 42.0, 7.0, 43.0, 21.0, 31.0, 7.0, 8.0, 43.0, 44.0]
[43.0, 9.0, 20.0, 20.0, 8.0, 43.0, 8.0, 23.0, 25.0, 44.0, 32.0, 7.0]
[9.0, 9.0, 9.0, 9.0, 7.999999999999999, 7.999999999999999, 9.0, 9.0, 9.0, 9.0, 9.0, 9.0]
[7.999999999999999, 7.999999999999999, 7.999999999999999, 7.999999999999999, 9.0, 9.0, 9.0, 9.0, 9.0, 9.0, 9.0, 9.0]
T = 0.06871947673600004	 step = 611
115.67000000000002
33.60501217532467
[26.0, 32.0, 20.0, 42.0, 7.0, 43.0, 21.0, 31.0, 7.0, 8.0, 43.0, 44.0]
[43.0, 9.0, 20.0, 20.0, 8.0, 43.0, 8.0, 22.0, 25.0, 44.0, 32.0, 7.0]
[9.0, 9.0, 9.0, 9.0, 7.999999999999999, 7.999999999999999, 9.0, 9.0, 9.0, 9.0, 9.0, 9.0]
[7.999999999999999, 7.999999999999999, 7.999999999999999, 7.999999999999999, 9.0, 9.0, 9.0, 9.0, 9.0, 9.0, 9.0, 9.0]
T = 0.06871947673600004	 step = 612
114.80000000000001
33.74798599837662
[32.0, 32.0, 20.0, 42.0, 7.0, 43.0, 21.0, 31.0, 7.0, 8.0, 43.0, 44.0]
[45.0, 9.0, 20.0, 20.0, 8.0, 43.0, 8.0, 22.0, 25.0, 44.0, 32.0, 7.0]
[9.0, 9.0, 9.0, 9.0, 7.999999999999999, 7.999999999999999, 9.0, 9.0, 9.0, 9.0, 9.0, 9.0]
[7.999999999999999, 7.999999999999999, 7.999999999999999, 7.999999999999999, 9.0, 9.0, 9.0, 9.0, 9.0, 9.0, 9.0, 9.0]
T = 0.06871947673600004	 step = 613
114.53000000000003
33.986081236471854
[32.0, 32.0, 20.0, 43.0, 7.0, 43.0, 21.0, 31.0, 7.0, 8.0, 43.0, 44.0]
[45.0, 9.0, 20.0, 20.0, 8.0, 43.0, 8.0, 22.0, 25.0, 44.0, 32.0, 7.0]
[9.0, 9.0, 9.0, 9.0, 7.999999999999999, 7.999999999999999, 9.0, 9.0, 9.0, 9.0, 9.0, 9.0]
[7.999999999999999, 7.999999999999999, 7.999999999999999, 7.999999999999999, 9.0, 9.0, 9.0, 9.0, 9.0, 9.0, 9.0, 9.0]
T = 0.06871947673600004	 step = 614
114.60000000000002
33.890843141233766
[32.0, 32.0, 20.0, 43.0, 7.0, 43.0, 21.0, 31.0, 8.0, 8.0, 43.0, 44.0]
[45.0, 9.0, 20.0, 20.0, 8.0, 43.0, 8.0, 22.0, 25.0, 44.0, 32.0, 7.0]
[9.0, 9.0, 9.0, 9.0, 7.999999999999999, 7.999999999999999, 9.0, 9.0, 9.0, 9.0, 9.0, 9.0]
[7.999999999999999, 7.999999999999999, 7.999999999999999, 7.999999999999999, 9.0, 9.0, 9.0, 9.0, 9.0, 9.0, 9.0, 9.0]
T = 0.06871947673600004	 step = 615
114.83000000000004
33.989887716450205
[32.0, 32.0, 20.0, 43.0, 7.0, 43.0, 21.0, 31.0, 8.0, 8.0, 43.0, 44.0]
[45.0, 9.0, 19.0, 20.0, 8.0, 43.0, 8.0, 22.0, 25.0, 44.0, 32.0, 7.0]
[9.0, 9.0, 9.0, 9.0, 7.999999999999999, 7.999999999999999, 9.0, 9.0, 9.0, 9.0, 9.0, 9.0]
[7.999999999999999, 7.999999999999999, 7.999999999999999, 7.999999999999999, 9.0, 9.0, 9.0, 9.0, 9.0, 9.0, 9.0, 9.0]
T = 0.06871947673600004	 step = 616
114.85000000000002
33.89464962121212
[32.0, 32.0, 20.0, 43.0, 7.0, 43.0, 21.0, 31.0, 8.0, 8.0, 43.0, 44.0]
[45.0, 9.0, 19.0, 20.0, 8.0, 43.0, 8.0, 22.0, 25.0, 43.0, 32.0, 7.0]
[9.0, 9.0, 9.0, 9.0, 7.999999999999999, 7.999999999999999, 9.0, 9.0, 9.0, 9.0, 9.0, 9.0]
[7.999999999999999, 7.999999999999999, 7.999999999999999, 7.999999999999999, 9.0, 9.0, 9.0, 9.0, 9.0, 9.0, 9.0, 9.0]
T = 0.06871947673600004	 step = 617
114.94
33.72725412608225
[32.0, 32.0, 20.0, 43.0, 7.0, 42.0, 21.0, 31.0, 8.0, 8.0, 43.0, 44.0]
[45.0, 9.0, 19.0, 20.0, 8.0, 43.0, 8.0, 22.0, 25.0, 43.0, 32.0, 7.0]
[9.0, 9.0, 9.0, 9.0, 7.999999999999999, 7.999999999999999, 9.0, 9.0, 9.0, 9.0, 9.0, 9.0]
[7.999999999999999, 7.999999999999999, 7.999999999999999, 7.999999999999999, 9.0, 9.0, 9.0, 9.0, 9.0, 9.0, 9.0, 9.0]
T = 0.06871947673600004	 step = 618
114.70000000000005
33.86972402597402
[32.0, 32.0, 20.0, 43.0, 7.0, 42.0, 21.0, 31.0, 8.0, 8.0, 43.0, 44.0]
[45.0, 8.0, 19.0, 20.0, 8.0, 43.0, 8.0, 22.0, 25.0, 43.0, 32.0, 7.0]
[9.0, 9.0, 9.0, 9.0, 7.999999999999999, 7.999999999999999, 9.0, 9.0, 9.0, 9.0, 9.0, 9.0]
[7.999999999999999, 7.999999999999999, 7.999999999999999, 7.999999999999999, 9.0, 9.0, 9.0, 9.0, 9.0, 9.0, 9.0, 9.0]
T = 0.06871947673600004	 step = 619
114.69
33.96496212121212
[32.0, 32.0, 20.0, 43.0, 7.0, 42.0, 21.0, 31.0, 8.0, 7.0, 43.0, 44.0]
[45.0, 8.0, 19.0, 20.0, 8.0, 43.0, 8.0, 22.0, 25.0, 43.0, 32.0, 7.0]
[9.0, 9.0, 9.0, 9.0, 7.999999999999999, 7.999999999999999, 9.0, 9.0, 9.0, 9.0, 9.0, 9.0]
[7.999999999999999, 7.999999999999999, 7.999999999999999, 7.999999999999999, 9.0, 9.0, 9.0, 9.0, 9.0, 9.0, 9.0, 9.0]
T = 0.06871947673600004	 step = 620
117.81
33.568295116341986
[21.0, 32.0, 20.0, 43.0, 7.0, 42.0, 21.0, 31.0, 8.0, 7.0, 43.0, 44.0]
[36.0, 8.0, 19.0, 20.0, 8.0, 43.0, 8.0, 22.0, 25.0, 43.0, 32.0, 7.0]
[9.0, 9.0, 9.0, 9.0, 7.999999999999999, 7.999999999999999, 9.0, 9.0, 9.0, 9.0, 9.0, 9.0]
[7.999999999999999, 7.999999999999999, 7.999999999999999, 7.999999999999999, 9.0, 9.0, 9.0, 9.0, 9.0, 9.0, 9.0, 9.0]
T = 0.06871947673600004	 step = 621
117.53000000000003
33.80615699404762
[21.0, 33.0, 20.0, 43.0, 7.0, 42.0, 21.0, 31.0, 8.0, 7.0, 43.0, 44.0]
[36.0, 8.0, 19.0, 20.0, 8.0, 43.0, 8.0, 22.0, 25.0, 43.0, 32.0, 7.0]
[9.0, 9.0, 9.0, 9.0, 7.999999999999999, 7.999999999999999, 9.0, 9.0, 9.0, 9.0, 9.0, 9.0]
[7.999999999999999, 7.999999999999999, 7.999999999999999, 7.999999999999999, 9.0, 9.0, 9.0, 9.0, 9.0, 9.0, 9.0, 9.0]
T = 0.06871947673600004	 step = 622
117.81
33.568295116341986
[21.0, 32.0, 20.0, 43.0, 7.0, 42.0, 21.0, 31.0, 8.0, 7.0, 43.0, 44.0]
[36.0, 8.0, 19.0, 20.0, 8.0, 43.0, 8.0, 22.0, 25.0, 43.0, 32.0, 7.0]
[9.0, 9.0, 9.0, 9.0, 7.999999999999999, 7.999999999999999, 9.0, 9.0, 9.0, 9.0, 9.0, 9.0]
[7.999999999999999, 7.999999999999999, 7.999999999999999, 7.999999999999999, 9.0, 9.0, 9.0, 9.0, 9.0, 9.0, 9.0, 9.0]
T = 0.06871947673600004	 step = 623
117.58000000000004
33.71511262175324
[21.0, 32.0, 20.0, 44.0, 7.0, 42.0, 21.0, 31.0, 8.0, 7.0, 43.0, 44.0]
[36.0, 8.0, 19.0, 21.0, 8.0, 43.0, 8.0, 22.0, 25.0, 43.0, 32.0, 7.0]
[9.0, 9.0, 9.0, 9.0, 7.999999999999999, 7.999999999999999, 9.0, 9.0, 9.0, 9.0, 9.0, 9.0]
[7.999999999999999, 7.999999999999999, 7.999999999999999, 7.999999999999999, 9.0, 9.0, 9.0, 9.0, 9.0, 9.0, 9.0, 9.0]
T = 0.06871947673600004	 step = 624
117.57000000000005
33.81035071699134
[21.0, 32.0, 20.0, 44.0, 7.0, 42.0, 21.0, 31.0, 8.0, 7.0, 43.0, 44.0]
[36.0, 8.0, 19.0, 21.0, 8.0, 43.0, 8.0, 22.0, 25.0, 43.0, 32.0, 6.0]
[9.0, 9.0, 9.0, 9.0, 7.999999999999999, 7.999999999999999, 9.0, 9.0, 9.0, 9.0, 9.0, 9.0]
[7.999999999999999, 7.999999999999999, 7.999999999999999, 7.999999999999999, 9.0, 9.0, 9.0, 9.0, 9.0, 9.0, 9.0, 9.0]
T = 0.06871947673600004	 step = 625
117.58000000000004
33.79380647997836
[21.0, 32.0, 20.0, 44.0, 7.0, 42.0, 20.0, 31.0, 8.0, 7.0, 43.0, 44.0]
[36.0, 8.0, 19.0, 21.0, 8.0, 43.0, 8.0, 22.0, 25.0, 43.0, 32.0, 6.0]
[9.0, 9.0, 9.0, 9.0, 7.999999999999999, 7.999999999999999, 9.0, 9.0, 9.0, 9.0, 9.0, 9.0]
[7.999999999999999, 7.999999999999999, 7.999999999999999, 7.999999999999999, 9.0, 9.0, 9.0, 9.0, 9.0, 9.0, 9.0, 9.0]
T = 0.06871947673600004	 step = 626
117.65000000000003
33.69856838474026
[21.0, 32.0, 20.0, 44.0, 7.0, 42.0, 20.0, 31.0, 8.0, 7.0, 43.0, 44.0]
[36.0, 8.0, 19.0, 21.0, 8.0, 43.0, 9.0, 22.0, 25.0, 43.0, 32.0, 6.0]
[9.0, 9.0, 9.0, 9.0, 7.999999999999999, 7.999999999999999, 9.0, 9.0, 9.0, 9.0, 9.0, 9.0]
[7.999999999999999, 7.999999999999999, 7.999999999999999, 7.999999999999999, 9.0, 9.0, 9.0, 9.0, 9.0, 9.0, 9.0, 9.0]
T = 0.06871947673600004	 step = 627
118.03000000000003
33.5554778814935
[21.0, 32.0, 20.0, 44.0, 7.0, 42.0, 20.0, 31.0, 8.0, 7.0, 43.0, 44.0]
[35.0, 8.0, 19.0, 21.0, 8.0, 43.0, 9.0, 22.0, 25.0, 43.0, 32.0, 6.0]
[9.0, 9.0, 9.0, 9.0, 7.999999999999999, 7.999999999999999, 9.0, 9.0, 9.0, 9.0, 9.0, 9.0]
[7.999999999999999, 7.999999999999999, 7.999999999999999, 7.999999999999999, 9.0, 9.0, 9.0, 9.0, 9.0, 9.0, 9.0, 9.0]
T = 0.06871947673600004	 step = 628
117.63
33.79380647997835
[21.0, 32.0, 20.0, 44.0, 7.0, 42.0, 20.0, 31.0, 8.0, 7.0, 43.0, 44.0]
[36.0, 8.0, 19.0, 21.0, 8.0, 43.0, 9.0, 22.0, 25.0, 44.0, 32.0, 6.0]
[9.0, 9.0, 9.0, 9.0, 7.999999999999999, 7.999999999999999, 9.0, 9.0, 9.0, 9.0, 9.0, 9.0]
[7.999999999999999, 7.999999999999999, 7.999999999999999, 7.999999999999999, 9.0, 9.0, 9.0, 9.0, 9.0, 9.0, 9.0, 9.0]
T = 0.06871947673600004	 step = 629
117.32000000000005
33.84119216720779
[21.0, 32.0, 19.0, 44.0, 7.0, 42.0, 20.0, 31.0, 8.0, 7.0, 43.0, 44.0]
[36.0, 8.0, 19.0, 21.0, 8.0, 43.0, 9.0, 22.0, 25.0, 44.0, 32.0, 6.0]
[9.0, 9.0, 9.0, 9.0, 7.999999999999999, 7.999999999999999, 9.0, 9.0, 9.0, 9.0, 9.0, 9.0]
[7.999999999999999, 7.999999999999999, 7.999999999999999, 7.999999999999999, 9.0, 9.0, 9.0, 9.0, 9.0, 9.0, 9.0, 9.0]
T = 0.06871947673600004	 step = 630
117.30000000000001
33.93223653950216
[21.0, 32.0, 19.0, 44.0, 7.0, 42.0, 20.0, 31.0, 8.0, 7.0, 43.0, 44.0]
[36.0, 8.0, 19.0, 20.0, 8.0, 43.0, 9.0, 22.0, 25.0, 44.0, 32.0, 6.0]
[9.0, 9.0, 9.0, 9.0, 7.999999999999999, 7.999999999999999, 9.0, 9.0, 9.0, 9.0, 9.0, 9.0]
[7.999999999999999, 7.999999999999999, 7.999999999999999, 7.999999999999999, 9.0, 9.0, 9.0, 9.0, 9.0, 9.0, 9.0, 9.0]
T = 0.06871947673600004	 step = 631
117.61000000000001
33.88461749188311
[21.0, 32.0, 20.0, 44.0, 7.0, 42.0, 20.0, 31.0, 8.0, 7.0, 43.0, 44.0]
[36.0, 8.0, 19.0, 20.0, 8.0, 43.0, 9.0, 22.0, 25.0, 44.0, 32.0, 6.0]
[9.0, 9.0, 9.0, 9.0, 7.999999999999999, 7.999999999999999, 9.0, 9.0, 9.0, 9.0, 9.0, 9.0]
[7.999999999999999, 7.999999999999999, 7.999999999999999, 7.999999999999999, 9.0, 9.0, 9.0, 9.0, 9.0, 9.0, 9.0, 9.0]
T = 0.06871947673600004	 step = 632
117.51000000000005
34.12281419101731
[21.0, 32.0, 20.0, 44.0, 7.0, 42.0, 20.0, 31.0, 8.0, 7.0, 43.0, 44.0]
[36.0, 8.0, 19.0, 20.0, 8.0, 44.0, 9.0, 22.0, 25.0, 44.0, 32.0, 6.0]
[9.0, 9.0, 9.0, 9.0, 7.999999999999999, 7.999999999999999, 9.0, 9.0, 9.0, 9.0, 9.0, 9.0]
[7.999999999999999, 7.999999999999999, 7.999999999999999, 7.999999999999999, 9.0, 9.0, 9.0, 9.0, 9.0, 9.0, 9.0, 9.0]
T = 0.06871947673600004	 step = 633
117.79000000000002
33.88461749188311
[21.0, 31.0, 20.0, 44.0, 7.0, 42.0, 20.0, 31.0, 8.0, 7.0, 43.0, 44.0]
[36.0, 8.0, 19.0, 20.0, 8.0, 44.0, 9.0, 22.0, 25.0, 44.0, 32.0, 6.0]
[9.0, 9.0, 9.0, 9.0, 7.999999999999999, 7.999999999999999, 9.0, 9.0, 9.0, 9.0, 9.0, 9.0]
[7.999999999999999, 7.999999999999999, 7.999999999999999, 7.999999999999999, 9.0, 9.0, 9.0, 9.0, 9.0, 9.0, 9.0, 9.0]
T = 0.06871947673600004	 step = 634
118.04000000000002
33.64652225378787
[21.0, 31.0, 20.0, 43.0, 7.0, 42.0, 20.0, 31.0, 8.0, 7.0, 43.0, 44.0]
[36.0, 8.0, 19.0, 20.0, 8.0, 44.0, 9.0, 22.0, 25.0, 44.0, 32.0, 6.0]
[9.0, 9.0, 9.0, 9.0, 7.999999999999999, 7.999999999999999, 9.0, 9.0, 9.0, 9.0, 9.0, 9.0]
[7.999999999999999, 7.999999999999999, 7.999999999999999, 7.999999999999999, 9.0, 9.0, 9.0, 9.0, 9.0, 9.0, 9.0, 9.0]
T = 0.06871947673600004	 step = 635
118.06
33.68710666937229
[21.0, 31.0, 20.0, 43.0, 7.0, 42.0, 20.0, 31.0, 8.0, 7.0, 43.0, 43.0]
[36.0, 8.0, 19.0, 20.0, 8.0, 44.0, 9.0, 22.0, 25.0, 44.0, 32.0, 6.0]
[9.0, 9.0, 9.0, 9.0, 7.999999999999999, 7.999999999999999, 9.0, 9.0, 9.0, 9.0, 9.0, 9.0]
[7.999999999999999, 7.999999999999999, 7.999999999999999, 7.999999999999999, 9.0, 9.0, 9.0, 9.0, 9.0, 9.0, 9.0, 9.0]
T = 0.06871947673600004	 step = 636
118.07000000000005
33.84674140963203
[20.0, 31.0, 20.0, 43.0, 7.0, 42.0, 20.0, 31.0, 8.0, 7.0, 43.0, 43.0]
[36.0, 8.0, 19.0, 20.0, 8.0, 44.0, 9.0, 22.0, 25.0, 44.0, 32.0, 6.0]
[9.0, 9.0, 9.0, 9.0, 7.999999999999999, 7.999999999999999, 9.0, 9.0, 9.0, 9.0, 9.0, 9.0]
[7.999999999999999, 7.999999999999999, 7.999999999999999, 7.999999999999999, 9.0, 9.0, 9.0, 9.0, 9.0, 9.0, 9.0, 9.0]
T = 0.06871947673600004	 step = 637
118.09000000000003
33.7276910849567
[21.0, 31.0, 20.0, 43.0, 7.0, 42.0, 20.0, 31.0, 8.0, 7.0, 43.0, 42.0]
[36.0, 8.0, 19.0, 20.0, 8.0, 44.0, 9.0, 22.0, 25.0, 44.0, 32.0, 6.0]
[9.0, 9.0, 9.0, 9.0, 7.999999999999999, 7.999999999999999, 9.0, 9.0, 9.0, 9.0, 9.0, 9.0]
[7.999999999999999, 7.999999999999999, 7.999999999999999, 7.999999999999999, 9.0, 9.0, 9.0, 9.0, 9.0, 9.0, 9.0, 9.0]
T = 0.06871947673600004	 step = 638
116.07000000000005
33.970407196969695
[25.0, 31.0, 20.0, 43.0, 7.0, 42.0, 20.0, 31.0, 8.0, 7.0, 43.0, 42.0]
[42.0, 8.0, 19.0, 20.0, 8.0, 44.0, 9.0, 22.0, 25.0, 44.0, 32.0, 6.0]
[9.0, 9.0, 9.0, 9.0, 7.999999999999999, 7.999999999999999, 9.0, 9.0, 9.0, 9.0, 9.0, 9.0]
[7.999999999999999, 7.999999999999999, 7.999999999999999, 7.999999999999999, 9.0, 9.0, 9.0, 9.0, 9.0, 9.0, 9.0, 9.0]
T = 0.06871947673600004	 step = 639
116.0
34.06564529220779
[25.0, 31.0, 20.0, 43.0, 7.0, 42.0, 20.0, 31.0, 8.0, 7.0, 43.0, 42.0]
[42.0, 8.0, 19.0, 20.0, 8.0, 44.0, 8.0, 22.0, 25.0, 44.0, 32.0, 6.0]
[9.0, 9.0, 9.0, 9.0, 7.999999999999999, 7.999999999999999, 9.0, 9.0, 9.0, 9.0, 9.0, 9.0]
[7.999999999999999, 7.999999999999999, 7.999999999999999, 7.999999999999999, 9.0, 9.0, 9.0, 9.0, 9.0, 9.0, 9.0, 9.0]
T = 0.06871947673600004	 step = 640
115.71000000000004
34.25612148268397
[25.0, 31.0, 20.0, 43.0, 7.0, 42.0, 20.0, 31.0, 8.0, 7.0, 43.0, 42.0]
[42.0, 7.0, 19.0, 20.0, 8.0, 44.0, 8.0, 22.0, 25.0, 44.0, 32.0, 6.0]
[9.0, 9.0, 9.0, 9.0, 7.999999999999999, 7.999999999999999, 9.0, 9.0, 9.0, 9.0, 9.0, 9.0]
[7.999999999999999, 7.999999999999999, 7.999999999999999, 7.999999999999999, 9.0, 9.0, 9.0, 9.0, 9.0, 9.0, 9.0, 9.0]
T = 0.06871947673600004	 step = 641
115.63
34.239343885281386
[25.0, 31.0, 20.0, 43.0, 7.0, 42.0, 20.0, 32.0, 8.0, 7.0, 43.0, 42.0]
[42.0, 7.0, 19.0, 20.0, 8.0, 44.0, 8.0, 22.0, 25.0, 44.0, 32.0, 6.0]
[9.0, 9.0, 9.0, 9.0, 7.999999999999999, 7.999999999999999, 9.0, 9.0, 9.0, 9.0, 9.0, 9.0]
[7.999999999999999, 7.999999999999999, 7.999999999999999, 7.999999999999999, 9.0, 9.0, 9.0, 9.0, 9.0, 9.0, 9.0, 9.0]
T = 0.06871947673600004	 step = 642
115.64000000000004
34.14410579004329
[25.0, 31.0, 20.0, 43.0, 7.0, 42.0, 20.0, 32.0, 8.0, 7.0, 43.0, 42.0]
[42.0, 7.0, 19.0, 20.0, 8.0, 44.0, 8.0, 22.0, 25.0, 44.0, 32.0, 7.0]
[9.0, 9.0, 9.0, 9.0, 7.999999999999999, 7.999999999999999, 9.0, 9.0, 9.0, 9.0, 9.0, 9.0]
[7.999999999999999, 7.999999999999999, 7.999999999999999, 7.999999999999999, 9.0, 9.0, 9.0, 9.0, 9.0, 9.0, 9.0, 9.0]
T = 0.06871947673600004	 step = 643
115.37
34.23983258928571
[26.0, 31.0, 20.0, 43.0, 7.0, 42.0, 20.0, 32.0, 8.0, 7.0, 43.0, 42.0]
[43.0, 7.0, 19.0, 20.0, 8.0, 44.0, 8.0, 22.0, 25.0, 44.0, 32.0, 7.0]
[9.0, 9.0, 9.0, 9.0, 7.999999999999999, 7.999999999999999, 9.0, 9.0, 9.0, 9.0, 9.0, 9.0]
[7.999999999999999, 7.999999999999999, 7.999999999999999, 7.999999999999999, 9.0, 9.0, 9.0, 9.0, 9.0, 9.0, 9.0, 9.0]
T = 0.06871947673600004	 step = 644
115.39000000000004
34.14829951298701
[26.0, 31.0, 20.0, 43.0, 7.0, 42.0, 20.0, 32.0, 8.0, 7.0, 43.0, 42.0]
[43.0, 7.0, 19.0, 21.0, 8.0, 44.0, 8.0, 22.0, 25.0, 44.0, 32.0, 7.0]
[9.0, 9.0, 9.0, 9.0, 7.999999999999999, 7.999999999999999, 9.0, 9.0, 9.0, 9.0, 9.0, 9.0]
[7.999999999999999, 7.999999999999999, 7.999999999999999, 7.999999999999999, 9.0, 9.0, 9.0, 9.0, 9.0, 9.0, 9.0, 9.0]
T = 0.06871947673600004	 step = 645
115.62
34.00544237012987
[26.0, 31.0, 20.0, 43.0, 7.0, 42.0, 20.0, 32.0, 8.0, 7.0, 43.0, 42.0]
[43.0, 7.0, 19.0, 21.0, 9.0, 44.0, 8.0, 22.0, 25.0, 44.0, 32.0, 7.0]
[9.0, 9.0, 9.0, 9.0, 7.999999999999999, 7.999999999999999, 9.0, 9.0, 9.0, 9.0, 9.0, 9.0]
[7.999999999999999, 7.999999999999999, 7.999999999999999, 7.999999999999999, 9.0, 9.0, 9.0, 9.0, 9.0, 9.0, 9.0, 9.0]
T = 0.06871947673600004	 step = 646
115.35000000000002
34.05725514069264
[26.0, 31.0, 20.0, 43.0, 7.0, 42.0, 20.0, 32.0, 8.0, 7.0, 43.0, 42.0]
[43.0, 7.0, 19.0, 22.0, 8.0, 44.0, 8.0, 22.0, 25.0, 44.0, 32.0, 7.0]
[9.0, 9.0, 9.0, 9.0, 7.999999999999999, 7.999999999999999, 9.0, 9.0, 9.0, 9.0, 9.0, 9.0]
[7.999999999999999, 7.999999999999999, 7.999999999999999, 7.999999999999999, 9.0, 9.0, 9.0, 9.0, 9.0, 9.0, 9.0, 9.0]
T = 0.06871947673600004	 step = 647
115.33000000000004
34.152493235930734
[26.0, 31.0, 20.0, 43.0, 7.0, 42.0, 20.0, 32.0, 8.0, 7.0, 44.0, 42.0]
[43.0, 7.0, 19.0, 22.0, 8.0, 44.0, 8.0, 22.0, 25.0, 44.0, 32.0, 7.0]
[9.0, 9.0, 9.0, 9.0, 7.999999999999999, 7.999999999999999, 9.0, 9.0, 9.0, 9.0, 9.0, 9.0]
[7.999999999999999, 7.999999999999999, 7.999999999999999, 7.999999999999999, 9.0, 9.0, 9.0, 9.0, 9.0, 9.0, 9.0, 9.0]
T = 0.06871947673600004	 step = 648
115.34000000000003
34.05725514069264
[26.0, 31.0, 20.0, 43.0, 7.0, 42.0, 20.0, 32.0, 8.0, 7.0, 44.0, 42.0]
[43.0, 7.0, 19.0, 22.0, 8.0, 44.0, 8.0, 22.0, 25.0, 44.0, 32.0, 8.0]
[9.0, 9.0, 9.0, 9.0, 7.999999999999999, 7.999999999999999, 9.0, 9.0, 9.0, 9.0, 9.0, 9.0]
[7.999999999999999, 7.999999999999999, 7.999999999999999, 7.999999999999999, 9.0, 9.0, 9.0, 9.0, 9.0, 9.0, 9.0, 9.0]
T = 0.06871947673600004	 step = 649
115.84000000000003
34.00963609307359
[26.0, 31.0, 21.0, 43.0, 7.0, 42.0, 20.0, 32.0, 8.0, 7.0, 44.0, 42.0]
[43.0, 7.0, 19.0, 22.0, 8.0, 44.0, 8.0, 22.0, 25.0, 44.0, 32.0, 8.0]
[9.0, 9.0, 9.0, 9.0, 7.999999999999999, 7.999999999999999, 9.0, 9.0, 9.0, 9.0, 9.0, 9.0]
[7.999999999999999, 7.999999999999999, 7.999999999999999, 7.999999999999999, 9.0, 9.0, 9.0, 9.0, 9.0, 9.0, 9.0, 9.0]
T = 0.06871947673600004	 step = 650
115.36000000000001
33.962017045454544
[26.0, 31.0, 20.0, 43.0, 7.0, 42.0, 20.0, 32.0, 8.0, 8.0, 44.0, 42.0]
[43.0, 7.0, 19.0, 22.0, 8.0, 44.0, 8.0, 22.0, 25.0, 44.0, 32.0, 8.0]
[9.0, 9.0, 9.0, 9.0, 7.999999999999999, 7.999999999999999, 9.0, 9.0, 9.0, 9.0, 9.0, 9.0]
[7.999999999999999, 7.999999999999999, 7.999999999999999, 7.999999999999999, 9.0, 9.0, 9.0, 9.0, 9.0, 9.0, 9.0, 9.0]
T = 0.06871947673600004	 step = 651
115.34000000000003
34.05725514069264
[26.0, 31.0, 20.0, 43.0, 7.0, 42.0, 20.0, 32.0, 8.0, 7.0, 44.0, 42.0]
[43.0, 7.0, 19.0, 22.0, 8.0, 44.0, 8.0, 22.0, 25.0, 44.0, 32.0, 8.0]
[9.0, 9.0, 9.0, 9.0, 7.999999999999999, 7.999999999999999, 9.0, 9.0, 9.0, 9.0, 9.0, 9.0]
[7.999999999999999, 7.999999999999999, 7.999999999999999, 7.999999999999999, 9.0, 9.0, 9.0, 9.0, 9.0, 9.0, 9.0, 9.0]
T = 0.054975581388800036	 step = 652
115.42000000000002
33.88653003246753
[26.0, 31.0, 20.0, 43.0, 7.0, 41.0, 20.0, 32.0, 8.0, 7.0, 44.0, 42.0]
[43.0, 7.0, 19.0, 22.0, 8.0, 44.0, 8.0, 22.0, 25.0, 44.0, 32.0, 8.0]
[9.0, 9.0, 9.0, 9.0, 7.999999999999999, 7.999999999999999, 9.0, 9.0, 9.0, 9.0, 9.0, 9.0]
[7.999999999999999, 7.999999999999999, 7.999999999999999, 7.999999999999999, 9.0, 9.0, 9.0, 9.0, 9.0, 9.0, 9.0, 9.0]
T = 0.054975581388800036	 step = 653
115.5
33.90330762987013
[26.0, 31.0, 20.0, 43.0, 7.0, 41.0, 20.0, 31.0, 8.0, 7.0, 44.0, 42.0]
[43.0, 7.0, 19.0, 22.0, 8.0, 44.0, 8.0, 22.0, 25.0, 44.0, 32.0, 8.0]
[9.0, 9.0, 9.0, 9.0, 7.999999999999999, 7.999999999999999, 9.0, 9.0, 9.0, 9.0, 9.0, 9.0]
[7.999999999999999, 7.999999999999999, 7.999999999999999, 7.999999999999999, 9.0, 9.0, 9.0, 9.0, 9.0, 9.0, 9.0, 9.0]
T = 0.054975581388800036	 step = 654
115.43
33.99854572510822
[26.0, 31.0, 20.0, 43.0, 7.0, 41.0, 20.0, 31.0, 7.0, 7.0, 44.0, 42.0]
[43.0, 7.0, 19.0, 22.0, 8.0, 44.0, 8.0, 22.0, 25.0, 44.0, 32.0, 8.0]
[9.0, 9.0, 9.0, 9.0, 7.999999999999999, 7.999999999999999, 9.0, 9.0, 9.0, 9.0, 9.0, 9.0]
[7.999999999999999, 7.999999999999999, 7.999999999999999, 7.999999999999999, 9.0, 9.0, 9.0, 9.0, 9.0, 9.0, 9.0, 9.0]
T = 0.054975581388800036	 step = 655
115.45000000000005
33.90330762987013
[26.0, 31.0, 20.0, 43.0, 7.0, 41.0, 20.0, 31.0, 7.0, 7.0, 43.0, 42.0]
[43.0, 7.0, 19.0, 22.0, 8.0, 44.0, 8.0, 22.0, 25.0, 44.0, 32.0, 8.0]
[9.0, 9.0, 9.0, 9.0, 7.999999999999999, 7.999999999999999, 9.0, 9.0, 9.0, 9.0, 9.0, 9.0]
[7.999999999999999, 7.999999999999999, 7.999999999999999, 7.999999999999999, 9.0, 9.0, 9.0, 9.0, 9.0, 9.0, 9.0, 9.0]
T = 0.054975581388800036	 step = 656
115.37
33.99854572510822
[26.0, 31.0, 20.0, 43.0, 7.0, 41.0, 20.0, 31.0, 7.0, 7.0, 43.0, 42.0]
[43.0, 7.0, 19.0, 22.0, 8.0, 44.0, 7.0, 22.0, 25.0, 44.0, 32.0, 8.0]
[9.0, 9.0, 9.0, 9.0, 7.999999999999999, 7.999999999999999, 9.0, 9.0, 9.0, 9.0, 9.0, 9.0]
[7.999999999999999, 7.999999999999999, 7.999999999999999, 7.999999999999999, 9.0, 9.0, 9.0, 9.0, 9.0, 9.0, 9.0, 9.0]
T = 0.054975581388800036	 step = 657
115.48000000000002
33.827820616883116
[26.0, 31.0, 20.0, 43.0, 7.0, 40.0, 20.0, 31.0, 7.0, 7.0, 43.0, 42.0]
[43.0, 7.0, 19.0, 22.0, 8.0, 44.0, 7.0, 22.0, 25.0, 44.0, 32.0, 8.0]
[9.0, 9.0, 9.0, 9.0, 7.999999999999999, 7.999999999999999, 9.0, 9.0, 9.0, 9.0, 9.0, 9.0]
[7.999999999999999, 7.999999999999999, 7.999999999999999, 7.999999999999999, 9.0, 9.0, 9.0, 9.0, 9.0, 9.0, 9.0, 9.0]
T = 0.054975581388800036	 step = 658
115.56
33.73258252164502
[26.0, 31.0, 20.0, 43.0, 7.0, 40.0, 20.0, 31.0, 7.0, 7.0, 43.0, 42.0]
[43.0, 7.0, 19.0, 22.0, 8.0, 44.0, 8.0, 22.0, 25.0, 44.0, 32.0, 8.0]
[9.0, 9.0, 9.0, 9.0, 7.999999999999999, 7.999999999999999, 9.0, 9.0, 9.0, 9.0, 9.0, 9.0]
[7.999999999999999, 7.999999999999999, 7.999999999999999, 7.999999999999999, 9.0, 9.0, 9.0, 9.0, 9.0, 9.0, 9.0, 9.0]
T = 0.054975581388800036	 step = 659
115.23000000000002
33.78020156926407
[26.0, 31.0, 19.0, 43.0, 7.0, 40.0, 20.0, 31.0, 7.0, 7.0, 43.0, 42.0]
[43.0, 7.0, 19.0, 22.0, 8.0, 44.0, 8.0, 22.0, 25.0, 44.0, 32.0, 8.0]
[9.0, 9.0, 9.0, 9.0, 7.999999999999999, 7.999999999999999, 9.0, 9.0, 9.0, 9.0, 9.0, 9.0]
[7.999999999999999, 7.999999999999999, 7.999999999999999, 7.999999999999999, 9.0, 9.0, 9.0, 9.0, 9.0, 9.0, 9.0, 9.0]
T = 0.054975581388800036	 step = 660
115.21000000000004
33.87543966450217
[26.0, 31.0, 19.0, 43.0, 7.0, 40.0, 20.0, 31.0, 7.0, 7.0, 43.0, 42.0]
[43.0, 7.0, 19.0, 22.0, 8.0, 44.0, 8.0, 22.0, 26.0, 44.0, 32.0, 8.0]
[9.0, 9.0, 9.0, 9.0, 7.999999999999999, 7.999999999999999, 9.0, 9.0, 9.0, 9.0, 9.0, 9.0]
[7.999999999999999, 7.999999999999999, 7.999999999999999, 7.999999999999999, 9.0, 9.0, 9.0, 9.0, 9.0, 9.0, 9.0, 9.0]
T = 0.054975581388800036	 step = 661
115.19
33.97067775974026
[26.0, 31.0, 19.0, 43.0, 7.0, 40.0, 20.0, 31.0, 7.0, 7.0, 44.0, 42.0]
[43.0, 7.0, 19.0, 22.0, 8.0, 44.0, 8.0, 22.0, 26.0, 44.0, 32.0, 8.0]
[9.0, 9.0, 9.0, 9.0, 7.999999999999999, 7.999999999999999, 9.0, 9.0, 9.0, 9.0, 9.0, 9.0]
[7.999999999999999, 7.999999999999999, 7.999999999999999, 7.999999999999999, 9.0, 9.0, 9.0, 9.0, 9.0, 9.0, 9.0, 9.0]
T = 0.054975581388800036	 step = 662
115.30000000000001
33.73258252164502
[26.0, 31.0, 19.0, 43.0, 7.0, 40.0, 20.0, 31.0, 7.0, 7.0, 44.0, 42.0]
[43.0, 7.0, 19.0, 22.0, 8.0, 43.0, 8.0, 22.0, 26.0, 44.0, 32.0, 8.0]
[9.0, 9.0, 9.0, 9.0, 7.999999999999999, 7.999999999999999, 9.0, 9.0, 9.0, 9.0, 9.0, 9.0]
[7.999999999999999, 7.999999999999999, 7.999999999999999, 7.999999999999999, 9.0, 9.0, 9.0, 9.0, 9.0, 9.0, 9.0, 9.0]
T = 0.054975581388800036	 step = 663
115.36000000000001
33.542106331168824
[26.0, 31.0, 19.0, 43.0, 7.0, 40.0, 20.0, 31.0, 7.0, 6.0, 44.0, 42.0]
[43.0, 7.0, 19.0, 22.0, 8.0, 43.0, 8.0, 22.0, 26.0, 41.0, 32.0, 8.0]
[9.0, 9.0, 9.0, 9.0, 7.999999999999999, 7.999999999999999, 9.0, 9.0, 9.0, 9.0, 9.0, 9.0]
[7.999999999999999, 7.999999999999999, 7.999999999999999, 7.999999999999999, 9.0, 9.0, 9.0, 9.0, 9.0, 9.0, 9.0, 9.0]
T = 0.054975581388800036	 step = 664
115.39000000000004
33.6331507034632
[26.0, 31.0, 19.0, 43.0, 7.0, 40.0, 20.0, 31.0, 7.0, 6.0, 44.0, 42.0]
[43.0, 7.0, 19.0, 21.0, 8.0, 43.0, 8.0, 22.0, 26.0, 41.0, 32.0, 8.0]
[9.0, 9.0, 9.0, 9.0, 7.999999999999999, 7.999999999999999, 9.0, 9.0, 9.0, 9.0, 9.0, 9.0]
[7.999999999999999, 7.999999999999999, 7.999999999999999, 7.999999999999999, 9.0, 9.0, 9.0, 9.0, 9.0, 9.0, 9.0, 9.0]
T = 0.054975581388800036	 step = 665
115.62
33.490293560606055
[26.0, 31.0, 19.0, 43.0, 7.0, 40.0, 20.0, 31.0, 7.0, 6.0, 44.0, 42.0]
[42.0, 7.0, 19.0, 21.0, 8.0, 43.0, 8.0, 22.0, 26.0, 41.0, 32.0, 8.0]
[9.0, 9.0, 9.0, 9.0, 7.999999999999999, 7.999999999999999, 9.0, 9.0, 9.0, 9.0, 9.0, 9.0]
[7.999999999999999, 7.999999999999999, 7.999999999999999, 7.999999999999999, 9.0, 9.0, 9.0, 9.0, 9.0, 9.0, 9.0, 9.0]
T = 0.054975581388800036	 step = 666
115.63
33.39505546536796
[26.0, 31.0, 19.0, 43.0, 7.0, 40.0, 20.0, 31.0, 7.0, 7.0, 44.0, 42.0]
[42.0, 7.0, 19.0, 21.0, 8.0, 43.0, 8.0, 22.0, 26.0, 41.0, 32.0, 8.0]
[9.0, 9.0, 9.0, 9.0, 7.999999999999999, 7.999999999999999, 9.0, 9.0, 9.0, 9.0, 9.0, 9.0]
[7.999999999999999, 7.999999999999999, 7.999999999999999, 7.999999999999999, 9.0, 9.0, 9.0, 9.0, 9.0, 9.0, 9.0, 9.0]
T = 0.054975581388800036	 step = 667
115.65000000000003
33.299817370129865
[26.0, 31.0, 19.0, 43.0, 7.0, 40.0, 20.0, 31.0, 7.0, 7.0, 43.0, 42.0]
[42.0, 7.0, 19.0, 21.0, 8.0, 43.0, 8.0, 22.0, 26.0, 41.0, 32.0, 8.0]
[9.0, 9.0, 9.0, 9.0, 7.999999999999999, 7.999999999999999, 9.0, 9.0, 9.0, 9.0, 9.0, 9.0]
[7.999999999999999, 7.999999999999999, 7.999999999999999, 7.999999999999999, 9.0, 9.0, 9.0, 9.0, 9.0, 9.0, 9.0, 9.0]
T = 0.054975581388800036	 step = 668
115.92000000000002
33.109341179653676
[26.0, 31.0, 19.0, 43.0, 7.0, 40.0, 20.0, 31.0, 7.0, 7.0, 43.0, 42.0]
[42.0, 8.0, 19.0, 21.0, 8.0, 43.0, 8.0, 22.0, 26.0, 41.0, 32.0, 8.0]
[9.0, 9.0, 9.0, 9.0, 7.999999999999999, 7.999999999999999, 9.0, 9.0, 9.0, 9.0, 9.0, 9.0]
[7.999999999999999, 7.999999999999999, 7.999999999999999, 7.999999999999999, 9.0, 9.0, 9.0, 9.0, 9.0, 9.0, 9.0, 9.0]
T = 0.054975581388800036	 step = 669
115.90000000000003
33.20457927489177
[26.0, 31.0, 19.0, 43.0, 7.0, 40.0, 20.0, 31.0, 7.0, 7.0, 44.0, 42.0]
[42.0, 8.0, 19.0, 21.0, 8.0, 43.0, 8.0, 22.0, 26.0, 41.0, 32.0, 8.0]
[9.0, 9.0, 9.0, 9.0, 7.999999999999999, 7.999999999999999, 9.0, 9.0, 9.0, 9.0, 9.0, 9.0]
[7.999999999999999, 7.999999999999999, 7.999999999999999, 7.999999999999999, 9.0, 9.0, 9.0, 9.0, 9.0, 9.0, 9.0, 9.0]
T = 0.054975581388800036	 step = 670
115.66000000000003
33.44267451298701
[26.0, 31.0, 19.0, 44.0, 7.0, 40.0, 20.0, 31.0, 7.0, 7.0, 44.0, 42.0]
[42.0, 8.0, 19.0, 21.0, 8.0, 43.0, 8.0, 22.0, 26.0, 41.0, 32.0, 8.0]
[9.0, 9.0, 9.0, 9.0, 7.999999999999999, 7.999999999999999, 9.0, 9.0, 9.0, 9.0, 9.0, 9.0]
[7.999999999999999, 7.999999999999999, 7.999999999999999, 7.999999999999999, 9.0, 9.0, 9.0, 9.0, 9.0, 9.0, 9.0, 9.0]
T = 0.054975581388800036	 step = 671
115.73000000000002
33.347436417748916
[26.0, 31.0, 19.0, 44.0, 7.0, 40.0, 20.0, 31.0, 7.0, 7.0, 44.0, 42.0]
[42.0, 8.0, 19.0, 21.0, 8.0, 43.0, 9.0, 22.0, 26.0, 41.0, 32.0, 8.0]
[9.0, 9.0, 9.0, 9.0, 7.999999999999999, 7.999999999999999, 9.0, 9.0, 9.0, 9.0, 9.0, 9.0]
[7.999999999999999, 7.999999999999999, 7.999999999999999, 7.999999999999999, 9.0, 9.0, 9.0, 9.0, 9.0, 9.0, 9.0, 9.0]
T = 0.054975581388800036	 step = 672
115.45000000000005
33.58553165584416
[26.0, 31.0, 19.0, 44.0, 7.0, 40.0, 20.0, 31.0, 7.0, 7.0, 44.0, 42.0]
[42.0, 8.0, 19.0, 21.0, 7.0, 43.0, 9.0, 22.0, 26.0, 41.0, 32.0, 8.0]
[9.0, 9.0, 9.0, 9.0, 7.999999999999999, 7.999999999999999, 9.0, 9.0, 9.0, 9.0, 9.0, 9.0]
[7.999999999999999, 7.999999999999999, 7.999999999999999, 7.999999999999999, 9.0, 9.0, 9.0, 9.0, 9.0, 9.0, 9.0, 9.0]
T = 0.054975581388800036	 step = 673
115.47000000000003
33.490293560606055
[26.0, 31.0, 19.0, 44.0, 7.0, 40.0, 20.0, 31.0, 7.0, 8.0, 44.0, 42.0]
[42.0, 8.0, 19.0, 21.0, 7.0, 43.0, 9.0, 22.0, 26.0, 41.0, 32.0, 8.0]
[9.0, 9.0, 9.0, 9.0, 7.999999999999999, 7.999999999999999, 9.0, 9.0, 9.0, 9.0, 9.0, 9.0]
[7.999999999999999, 7.999999999999999, 7.999999999999999, 7.999999999999999, 9.0, 9.0, 9.0, 9.0, 9.0, 9.0, 9.0, 9.0]
T = 0.054975581388800036	 step = 674
115.44
33.586088000541125
[26.0, 31.0, 19.0, 44.0, 7.0, 40.0, 20.0, 31.0, 7.0, 8.0, 44.0, 42.0]
[42.0, 8.0, 19.0, 21.0, 7.0, 43.0, 9.0, 22.0, 27.0, 41.0, 32.0, 8.0]
[9.0, 9.0, 9.0, 9.0, 7.999999999999999, 7.999999999999999, 9.0, 9.0, 9.0, 9.0, 9.0, 9.0]
[7.999999999999999, 7.999999999999999, 7.999999999999999, 7.999999999999999, 9.0, 9.0, 9.0, 9.0, 9.0, 9.0, 9.0, 9.0]
T = 0.054975581388800036	 step = 675
115.36000000000001
33.568754058441556
[26.0, 31.0, 19.0, 44.0, 7.0, 40.0, 20.0, 32.0, 7.0, 8.0, 44.0, 42.0]
[42.0, 8.0, 19.0, 21.0, 7.0, 43.0, 9.0, 22.0, 27.0, 41.0, 32.0, 8.0]
[9.0, 9.0, 9.0, 9.0, 7.999999999999999, 7.999999999999999, 9.0, 9.0, 9.0, 9.0, 9.0, 9.0]
[7.999999999999999, 7.999999999999999, 7.999999999999999, 7.999999999999999, 9.0, 9.0, 9.0, 9.0, 9.0, 9.0, 9.0, 9.0]
T = 0.054975581388800036	 step = 676
115.25
33.73947916666666
[26.0, 31.0, 19.0, 44.0, 7.0, 41.0, 20.0, 32.0, 7.0, 8.0, 44.0, 42.0]
[42.0, 8.0, 19.0, 21.0, 7.0, 43.0, 9.0, 22.0, 27.0, 41.0, 32.0, 8.0]
[9.0, 9.0, 9.0, 9.0, 7.999999999999999, 7.999999999999999, 9.0, 9.0, 9.0, 9.0, 9.0, 9.0]
[7.999999999999999, 7.999999999999999, 7.999999999999999, 7.999999999999999, 9.0, 9.0, 9.0, 9.0, 9.0, 9.0, 9.0, 9.0]
T = 0.054975581388800036	 step = 677
114.98000000000002
33.9775744047619
[26.0, 31.0, 19.0, 44.0, 7.0, 41.0, 20.0, 32.0, 7.0, 8.0, 44.0, 42.0]
[42.0, 8.0, 19.0, 21.0, 6.0, 43.0, 9.0, 22.0, 27.0, 41.0, 32.0, 8.0]
[9.0, 9.0, 9.0, 9.0, 7.999999999999999, 7.999999999999999, 9.0, 9.0, 9.0, 9.0, 9.0, 9.0]
[7.999999999999999, 7.999999999999999, 7.999999999999999, 7.999999999999999, 9.0, 9.0, 9.0, 9.0, 9.0, 9.0, 9.0, 9.0]
T = 0.054975581388800036	 step = 678
114.99000000000001
34.0728125
[26.0, 31.0, 19.0, 44.0, 7.0, 41.0, 19.0, 32.0, 7.0, 8.0, 44.0, 42.0]
[42.0, 8.0, 19.0, 21.0, 6.0, 43.0, 9.0, 22.0, 27.0, 41.0, 32.0, 8.0]
[9.0, 9.0, 9.0, 9.0, 7.999999999999999, 7.999999999999999, 9.0, 9.0, 9.0, 9.0, 9.0, 9.0]
[7.999999999999999, 7.999999999999999, 7.999999999999999, 7.999999999999999, 9.0, 9.0, 9.0, 9.0, 9.0, 9.0, 9.0, 9.0]
T = 0.054975581388800036	 step = 679
114.98000000000002
33.9775744047619
[26.0, 31.0, 19.0, 44.0, 7.0, 41.0, 20.0, 32.0, 7.0, 8.0, 44.0, 42.0]
[42.0, 8.0, 19.0, 21.0, 6.0, 43.0, 9.0, 22.0, 27.0, 41.0, 32.0, 8.0]
[9.0, 9.0, 9.0, 9.0, 7.999999999999999, 7.999999999999999, 9.0, 9.0, 9.0, 9.0, 9.0, 9.0]
[7.999999999999999, 7.999999999999999, 7.999999999999999, 7.999999999999999, 9.0, 9.0, 9.0, 9.0, 9.0, 9.0, 9.0, 9.0]
T = 0.054975581388800036	 step = 680
114.97000000000003
34.0728125
[26.0, 31.0, 19.0, 44.0, 7.0, 41.0, 20.0, 32.0, 7.0, 8.0, 44.0, 42.0]
[42.0, 8.0, 19.0, 21.0, 6.0, 43.0, 9.0, 23.0, 27.0, 41.0, 32.0, 8.0]
[9.0, 9.0, 9.0, 9.0, 7.999999999999999, 7.999999999999999, 9.0, 9.0, 9.0, 9.0, 9.0, 9.0]
[7.999999999999999, 7.999999999999999, 7.999999999999999, 7.999999999999999, 9.0, 9.0, 9.0, 9.0, 9.0, 9.0, 9.0, 9.0]
T = 0.054975581388800036	 step = 681
114.70000000000005
34.21566964285714
[26.0, 31.0, 19.0, 44.0, 7.0, 41.0, 20.0, 32.0, 7.0, 8.0, 44.0, 42.0]
[42.0, 7.0, 19.0, 21.0, 6.0, 43.0, 9.0, 23.0, 27.0, 41.0, 32.0, 8.0]
[9.0, 9.0, 9.0, 9.0, 7.999999999999999, 7.999999999999999, 9.0, 9.0, 9.0, 9.0, 9.0, 9.0]
[7.999999999999999, 7.999999999999999, 7.999999999999999, 7.999999999999999, 9.0, 9.0, 9.0, 9.0, 9.0, 9.0, 9.0, 9.0]
T = 0.054975581388800036	 step = 682
114.71000000000004
34.12043154761904
[26.0, 31.0, 19.0, 44.0, 7.0, 41.0, 20.0, 32.0, 7.0, 8.0, 44.0, 42.0]
[42.0, 7.0, 19.0, 21.0, 6.0, 43.0, 9.0, 23.0, 27.0, 41.0, 32.0, 9.0]
[9.0, 9.0, 9.0, 9.0, 7.999999999999999, 7.999999999999999, 9.0, 9.0, 9.0, 9.0, 9.0, 9.0]
[7.999999999999999, 7.999999999999999, 7.999999999999999, 7.999999999999999, 9.0, 9.0, 9.0, 9.0, 9.0, 9.0, 9.0, 9.0]
T = 0.054975581388800036	 step = 683
117.66000000000003
32.35558441558441
[26.0, 31.0, 19.0, 44.0, 9.0, 41.0, 20.0, 32.0, 7.0, 8.0, 44.0, 42.0]
[42.0, 7.0, 19.0, 21.0, 14.0, 43.0, 9.0, 23.0, 27.0, 41.0, 32.0, 9.0]
[9.0, 9.0, 9.0, 9.0, 7.999999999999999, 7.999999999999999, 9.0, 9.0, 9.0, 9.0, 9.0, 9.0]
[7.999999999999999, 7.999999999999999, 7.999999999999999, 7.999999999999999, 9.0, 9.0, 9.0, 9.0, 9.0, 9.0, 9.0, 9.0]
T = 0.054975581388800036	 step = 684
114.53000000000003
34.02099972943723
[26.0, 31.0, 19.0, 44.0, 7.0, 41.0, 20.0, 32.0, 7.0, 8.0, 44.0, 42.0]
[42.0, 7.0, 20.0, 21.0, 6.0, 43.0, 9.0, 23.0, 27.0, 41.0, 32.0, 9.0]
[9.0, 9.0, 9.0, 9.0, 7.999999999999999, 7.999999999999999, 9.0, 9.0, 9.0, 9.0, 9.0, 9.0]
[7.999999999999999, 7.999999999999999, 7.999999999999999, 7.999999999999999, 9.0, 9.0, 9.0, 9.0, 9.0, 9.0, 9.0, 9.0]
T = 0.054975581388800036	 step = 685
114.48000000000002
34.11623782467532
[26.0, 31.0, 19.0, 44.0, 7.0, 41.0, 20.0, 32.0, 6.0, 8.0, 44.0, 42.0]
[42.0, 7.0, 20.0, 21.0, 6.0, 43.0, 9.0, 23.0, 27.0, 41.0, 32.0, 9.0]
[9.0, 9.0, 9.0, 9.0, 7.999999999999999, 7.999999999999999, 9.0, 9.0, 9.0, 9.0, 9.0, 9.0]
[7.999999999999999, 7.999999999999999, 7.999999999999999, 7.999999999999999, 9.0, 9.0, 9.0, 9.0, 9.0, 9.0, 9.0, 9.0]
T = 0.054975581388800036	 step = 686
114.47000000000003
34.21241950757575
[26.0, 31.0, 19.0, 44.0, 7.0, 41.0, 20.0, 32.0, 6.0, 8.0, 44.0, 42.0]
[42.0, 7.0, 20.0, 21.0, 6.0, 43.0, 9.0, 24.0, 27.0, 41.0, 32.0, 9.0]
[9.0, 9.0, 9.0, 9.0, 7.999999999999999, 7.999999999999999, 9.0, 9.0, 9.0, 9.0, 9.0, 9.0]
[7.999999999999999, 7.999999999999999, 7.999999999999999, 7.999999999999999, 9.0, 9.0, 9.0, 9.0, 9.0, 9.0, 9.0, 9.0]
T = 0.054975581388800036	 step = 687
114.73000000000002
34.06861877705627
[26.0, 31.0, 19.0, 44.0, 7.0, 41.0, 20.0, 32.0, 6.0, 8.0, 44.0, 42.0]
[42.0, 8.0, 20.0, 21.0, 6.0, 43.0, 9.0, 24.0, 27.0, 41.0, 32.0, 9.0]
[9.0, 9.0, 9.0, 9.0, 7.999999999999999, 7.999999999999999, 9.0, 9.0, 9.0, 9.0, 9.0, 9.0]
[7.999999999999999, 7.999999999999999, 7.999999999999999, 7.999999999999999, 9.0, 9.0, 9.0, 9.0, 9.0, 9.0, 9.0, 9.0]
T = 0.054975581388800036	 step = 688
114.74000000000001
34.16385687229437
[26.0, 31.0, 19.0, 44.0, 7.0, 41.0, 19.0, 32.0, 6.0, 8.0, 44.0, 42.0]
[42.0, 8.0, 20.0, 21.0, 6.0, 43.0, 9.0, 24.0, 27.0, 41.0, 32.0, 9.0]
[9.0, 9.0, 9.0, 9.0, 7.999999999999999, 7.999999999999999, 9.0, 9.0, 9.0, 9.0, 9.0, 9.0]
[7.999999999999999, 7.999999999999999, 7.999999999999999, 7.999999999999999, 9.0, 9.0, 9.0, 9.0, 9.0, 9.0, 9.0, 9.0]
T = 0.054975581388800036	 step = 689
114.96000000000004
33.925761634199134
[26.0, 31.0, 19.0, 44.0, 8.0, 41.0, 19.0, 32.0, 6.0, 8.0, 44.0, 42.0]
[42.0, 8.0, 20.0, 21.0, 6.0, 43.0, 9.0, 24.0, 27.0, 41.0, 32.0, 9.0]
[9.0, 9.0, 9.0, 9.0, 7.999999999999999, 7.999999999999999, 9.0, 9.0, 9.0, 9.0, 9.0, 9.0]
[7.999999999999999, 7.999999999999999, 7.999999999999999, 7.999999999999999, 9.0, 9.0, 9.0, 9.0, 9.0, 9.0, 9.0, 9.0]
T = 0.054975581388800036	 step = 690
114.94
34.02099972943723
[26.0, 31.0, 19.0, 44.0, 8.0, 41.0, 18.0, 32.0, 6.0, 8.0, 44.0, 42.0]
[42.0, 8.0, 20.0, 21.0, 6.0, 43.0, 9.0, 24.0, 27.0, 41.0, 32.0, 9.0]
[9.0, 9.0, 9.0, 9.0, 7.999999999999999, 7.999999999999999, 9.0, 9.0, 9.0, 9.0, 9.0, 9.0]
[7.999999999999999, 7.999999999999999, 7.999999999999999, 7.999999999999999, 9.0, 9.0, 9.0, 9.0, 9.0, 9.0, 9.0, 9.0]
T = 0.054975581388800036	 step = 691
117.03000000000003
33.15898674242424
[26.0, 31.0, 19.0, 44.0, 8.0, 41.0, 18.0, 32.0, 6.0, 8.0, 44.0, 42.0]
[42.0, 14.0, 20.0, 21.0, 6.0, 43.0, 9.0, 24.0, 27.0, 41.0, 32.0, 9.0]
[9.0, 9.0, 9.0, 9.0, 7.999999999999999, 7.999999999999999, 9.0, 9.0, 9.0, 9.0, 9.0, 9.0]
[7.999999999999999, 7.999999999999999, 7.999999999999999, 7.999999999999999, 9.0, 9.0, 9.0, 9.0, 9.0, 9.0, 9.0, 9.0]
T = 0.054975581388800036	 step = 692
114.96000000000004
33.925761634199134
[26.0, 31.0, 19.0, 44.0, 8.0, 41.0, 18.0, 32.0, 6.0, 8.0, 43.0, 42.0]
[42.0, 8.0, 20.0, 21.0, 6.0, 43.0, 9.0, 24.0, 27.0, 41.0, 32.0, 9.0]
[9.0, 9.0, 9.0, 9.0, 7.999999999999999, 7.999999999999999, 9.0, 9.0, 9.0, 9.0, 9.0, 9.0]
[7.999999999999999, 7.999999999999999, 7.999999999999999, 7.999999999999999, 9.0, 9.0, 9.0, 9.0, 9.0, 9.0, 9.0, 9.0]
T = 0.054975581388800036	 step = 693
114.89000000000004
34.02099972943723
[26.0, 31.0, 19.0, 44.0, 8.0, 41.0, 18.0, 32.0, 6.0, 8.0, 43.0, 42.0]
[42.0, 8.0, 20.0, 21.0, 6.0, 43.0, 8.0, 24.0, 27.0, 41.0, 32.0, 9.0]
[9.0, 9.0, 9.0, 9.0, 7.999999999999999, 7.999999999999999, 9.0, 9.0, 9.0, 9.0, 9.0, 9.0]
[7.999999999999999, 7.999999999999999, 7.999999999999999, 7.999999999999999, 9.0, 9.0, 9.0, 9.0, 9.0, 9.0, 9.0, 9.0]
T = 0.054975581388800036	 step = 694
114.87
34.11623782467532
[26.0, 31.0, 19.0, 44.0, 8.0, 41.0, 18.0, 32.0, 6.0, 8.0, 44.0, 42.0]
[42.0, 8.0, 20.0, 21.0, 6.0, 43.0, 8.0, 24.0, 27.0, 41.0, 32.0, 9.0]
[9.0, 9.0, 9.0, 9.0, 7.999999999999999, 7.999999999999999, 9.0, 9.0, 9.0, 9.0, 9.0, 9.0]
[7.999999999999999, 7.999999999999999, 7.999999999999999, 7.999999999999999, 9.0, 9.0, 9.0, 9.0, 9.0, 9.0, 9.0, 9.0]
T = 0.054975581388800036	 step = 695
114.88
34.02099972943723
[26.0, 31.0, 19.0, 44.0, 8.0, 41.0, 18.0, 32.0, 6.0, 8.0, 44.0, 42.0]
[42.0, 8.0, 20.0, 21.0, 6.0, 43.0, 8.0, 24.0, 27.0, 41.0, 31.0, 9.0]
[9.0, 9.0, 9.0, 9.0, 7.999999999999999, 7.999999999999999, 9.0, 9.0, 9.0, 9.0, 9.0, 9.0]
[7.999999999999999, 7.999999999999999, 7.999999999999999, 7.999999999999999, 9.0, 9.0, 9.0, 9.0, 9.0, 9.0, 9.0, 9.0]
T = 0.054975581388800036	 step = 696
114.86000000000001
34.11623782467532
[26.0, 31.0, 19.0, 44.0, 8.0, 41.0, 18.0, 32.0, 6.0, 8.0, 44.0, 42.0]
[42.0, 8.0, 20.0, 21.0, 6.0, 43.0, 8.0, 25.0, 27.0, 41.0, 31.0, 9.0]
[9.0, 9.0, 9.0, 9.0, 7.999999999999999, 7.999999999999999, 9.0, 9.0, 9.0, 9.0, 9.0, 9.0]
[7.999999999999999, 7.999999999999999, 7.999999999999999, 7.999999999999999, 9.0, 9.0, 9.0, 9.0, 9.0, 9.0, 9.0, 9.0]
T = 0.054975581388800036	 step = 697
114.87
34.02099972943723
[26.0, 31.0, 19.0, 44.0, 8.0, 41.0, 18.0, 32.0, 6.0, 8.0, 44.0, 42.0]
[42.0, 8.0, 20.0, 21.0, 6.0, 43.0, 8.0, 25.0, 27.0, 41.0, 31.0, 10.0]
[9.0, 9.0, 9.0, 9.0, 7.999999999999999, 7.999999999999999, 9.0, 9.0, 9.0, 9.0, 9.0, 9.0]
[7.999999999999999, 7.999999999999999, 7.999999999999999, 7.999999999999999, 9.0, 9.0, 9.0, 9.0, 9.0, 9.0, 9.0, 9.0]
T = 0.054975581388800036	 step = 698
114.79000000000002
34.19197679924242
[26.0, 31.0, 19.0, 44.0, 8.0, 42.0, 18.0, 32.0, 6.0, 8.0, 44.0, 42.0]
[42.0, 8.0, 20.0, 21.0, 6.0, 43.0, 8.0, 25.0, 27.0, 41.0, 31.0, 10.0]
[9.0, 9.0, 9.0, 9.0, 7.999999999999999, 7.999999999999999, 9.0, 9.0, 9.0, 9.0, 9.0, 9.0]
[7.999999999999999, 7.999999999999999, 7.999999999999999, 7.999999999999999, 9.0, 9.0, 9.0, 9.0, 9.0, 9.0, 9.0, 9.0]
T = 0.054975581388800036	 step = 699
114.58000000000004
34.429820075757576
[26.0, 31.0, 19.0, 44.0, 7.0, 42.0, 18.0, 32.0, 6.0, 8.0, 44.0, 42.0]
[42.0, 8.0, 20.0, 21.0, 6.0, 43.0, 8.0, 25.0, 27.0, 41.0, 31.0, 10.0]
[9.0, 9.0, 9.0, 9.0, 7.999999999999999, 7.999999999999999, 9.0, 9.0, 9.0, 9.0, 9.0, 9.0]
[7.999999999999999, 7.999999999999999, 7.999999999999999, 7.999999999999999, 9.0, 9.0, 9.0, 9.0, 9.0, 9.0, 9.0, 9.0]
T = 0.054975581388800036	 step = 700
114.60000000000002
34.33458198051948
[26.0, 31.0, 19.0, 44.0, 7.0, 42.0, 18.0, 32.0, 6.0, 8.0, 44.0, 42.0]
[42.0, 8.0, 20.0, 21.0, 6.0, 43.0, 8.0, 24.0, 27.0, 41.0, 31.0, 10.0]
[9.0, 9.0, 9.0, 9.0, 7.999999999999999, 7.999999999999999, 9.0, 9.0, 9.0, 9.0, 9.0, 9.0]
[7.999999999999999, 7.999999999999999, 7.999999999999999, 7.999999999999999, 9.0, 9.0, 9.0, 9.0, 9.0, 9.0, 9.0, 9.0]
T = 0.054975581388800036	 step = 701
114.62
34.239343885281386
[26.0, 31.0, 19.0, 44.0, 7.0, 42.0, 18.0, 32.0, 6.0, 8.0, 43.0, 42.0]
[42.0, 8.0, 20.0, 21.0, 6.0, 43.0, 8.0, 24.0, 27.0, 41.0, 31.0, 10.0]
[9.0, 9.0, 9.0, 9.0, 7.999999999999999, 7.999999999999999, 9.0, 9.0, 9.0, 9.0, 9.0, 9.0]
[7.999999999999999, 7.999999999999999, 7.999999999999999, 7.999999999999999, 9.0, 9.0, 9.0, 9.0, 9.0, 9.0, 9.0, 9.0]
T = 0.043980465111040035	 step = 702
114.55000000000001
34.33458198051948
[26.0, 31.0, 19.0, 44.0, 7.0, 42.0, 18.0, 32.0, 6.0, 8.0, 43.0, 42.0]
[42.0, 8.0, 20.0, 21.0, 6.0, 43.0, 7.0, 24.0, 27.0, 41.0, 31.0, 10.0]
[9.0, 9.0, 9.0, 9.0, 7.999999999999999, 7.999999999999999, 9.0, 9.0, 9.0, 9.0, 9.0, 9.0]
[7.999999999999999, 7.999999999999999, 7.999999999999999, 7.999999999999999, 9.0, 9.0, 9.0, 9.0, 9.0, 9.0, 9.0, 9.0]
T = 0.043980465111040035	 step = 703
114.63
34.16410883387446
[26.0, 31.0, 19.0, 44.0, 7.0, 41.0, 18.0, 32.0, 6.0, 8.0, 43.0, 42.0]
[42.0, 8.0, 20.0, 21.0, 6.0, 43.0, 7.0, 24.0, 27.0, 41.0, 31.0, 10.0]
[9.0, 9.0, 9.0, 9.0, 7.999999999999999, 7.999999999999999, 9.0, 9.0, 9.0, 9.0, 9.0, 9.0]
[7.999999999999999, 7.999999999999999, 7.999999999999999, 7.999999999999999, 9.0, 9.0, 9.0, 9.0, 9.0, 9.0, 9.0, 9.0]
T = 0.043980465111040035	 step = 704
114.60000000000002
34.25934692911255
[26.0, 31.0, 19.0, 44.0, 7.0, 41.0, 18.0, 32.0, 6.0, 8.0, 43.0, 42.0]
[42.0, 8.0, 20.0, 21.0, 6.0, 43.0, 7.0, 24.0, 28.0, 41.0, 31.0, 10.0]
[9.0, 9.0, 9.0, 9.0, 7.999999999999999, 7.999999999999999, 9.0, 9.0, 9.0, 9.0, 9.0, 9.0]
[7.999999999999999, 7.999999999999999, 7.999999999999999, 7.999999999999999, 9.0, 9.0, 9.0, 9.0, 9.0, 9.0, 9.0, 9.0]
T = 0.043980465111040035	 step = 705
114.86000000000001
34.02099972943723
[26.0, 31.0, 19.0, 44.0, 7.0, 41.0, 18.0, 32.0, 6.0, 8.0, 43.0, 42.0]
[42.0, 8.0, 20.0, 21.0, 7.0, 43.0, 7.0, 24.0, 28.0, 41.0, 31.0, 10.0]
[9.0, 9.0, 9.0, 9.0, 7.999999999999999, 7.999999999999999, 9.0, 9.0, 9.0, 9.0, 9.0, 9.0]
[7.999999999999999, 7.999999999999999, 7.999999999999999, 7.999999999999999, 9.0, 9.0, 9.0, 9.0, 9.0, 9.0, 9.0, 9.0]
T = 0.043980465111040035	 step = 706
114.91000000000003
33.925761634199134
[26.0, 31.0, 19.0, 44.0, 7.0, 41.0, 18.0, 32.0, 7.0, 8.0, 43.0, 42.0]
[42.0, 8.0, 20.0, 21.0, 7.0, 43.0, 7.0, 24.0, 28.0, 41.0, 31.0, 10.0]
[9.0, 9.0, 9.0, 9.0, 7.999999999999999, 7.999999999999999, 9.0, 9.0, 9.0, 9.0, 9.0, 9.0]
[7.999999999999999, 7.999999999999999, 7.999999999999999, 7.999999999999999, 9.0, 9.0, 9.0, 9.0, 9.0, 9.0, 9.0, 9.0]
T = 0.043980465111040035	 step = 707
115.02000000000004
33.68766639610389
[26.0, 31.0, 19.0, 44.0, 7.0, 41.0, 18.0, 32.0, 7.0, 8.0, 43.0, 42.0]
[42.0, 8.0, 20.0, 21.0, 7.0, 42.0, 7.0, 24.0, 28.0, 41.0, 31.0, 10.0]
[9.0, 9.0, 9.0, 9.0, 7.999999999999999, 7.999999999999999, 9.0, 9.0, 9.0, 9.0, 9.0, 9.0]
[7.999999999999999, 7.999999999999999, 7.999999999999999, 7.999999999999999, 9.0, 9.0, 9.0, 9.0, 9.0, 9.0, 9.0, 9.0]
T = 0.043980465111040035	 step = 708
114.94
33.83052353896104
[26.0, 31.0, 19.0, 44.0, 7.0, 41.0, 18.0, 32.0, 7.0, 8.0, 43.0, 42.0]
[42.0, 8.0, 20.0, 21.0, 7.0, 43.0, 7.0, 24.0, 27.0, 41.0, 31.0, 10.0]
[9.0, 9.0, 9.0, 9.0, 7.999999999999999, 7.999999999999999, 9.0, 9.0, 9.0, 9.0, 9.0, 9.0]
[7.999999999999999, 7.999999999999999, 7.999999999999999, 7.999999999999999, 9.0, 9.0, 9.0, 9.0, 9.0, 9.0, 9.0, 9.0]
T = 0.043980465111040035	 step = 709
114.92000000000002
33.925761634199134
[26.0, 31.0, 19.0, 44.0, 7.0, 41.0, 18.0, 32.0, 7.0, 7.0, 43.0, 42.0]
[42.0, 8.0, 20.0, 21.0, 7.0, 43.0, 7.0, 24.0, 27.0, 41.0, 31.0, 10.0]
[9.0, 9.0, 9.0, 9.0, 7.999999999999999, 7.999999999999999, 9.0, 9.0, 9.0, 9.0, 9.0, 9.0]
[7.999999999999999, 7.999999999999999, 7.999999999999999, 7.999999999999999, 9.0, 9.0, 9.0, 9.0, 9.0, 9.0, 9.0, 9.0]
T = 0.043980465111040035	 step = 710
114.89000000000004
34.02099972943723
[26.0, 31.0, 19.0, 44.0, 7.0, 41.0, 18.0, 32.0, 7.0, 7.0, 43.0, 42.0]
[42.0, 8.0, 20.0, 21.0, 7.0, 43.0, 7.0, 24.0, 28.0, 41.0, 31.0, 10.0]
[9.0, 9.0, 9.0, 9.0, 7.999999999999999, 7.999999999999999, 9.0, 9.0, 9.0, 9.0, 9.0, 9.0]
[7.999999999999999, 7.999999999999999, 7.999999999999999, 7.999999999999999, 9.0, 9.0, 9.0, 9.0, 9.0, 9.0, 9.0, 9.0]
T = 0.043980465111040035	 step = 711
115.66000000000003
31.830523538961035
[26.0, 31.0, 19.0, 44.0, 7.0, 41.0, 18.0, 32.0, 7.0, 7.0, 21.0, 42.0]
[42.0, 8.0, 20.0, 21.0, 7.0, 43.0, 7.0, 24.0, 28.0, 41.0, 30.0, 10.0]
[9.0, 9.0, 9.0, 9.0, 7.999999999999999, 7.999999999999999, 9.0, 9.0, 9.0, 9.0, 9.0, 9.0]
[7.999999999999999, 7.999999999999999, 7.999999999999999, 7.999999999999999, 9.0, 9.0, 9.0, 9.0, 9.0, 9.0, 9.0, 9.0]
T = 0.043980465111040035	 step = 712
116.19
31.401952110389605
[26.0, 31.0, 19.0, 44.0, 7.0, 41.0, 18.0, 32.0, 7.0, 7.0, 21.0, 42.0]
[42.0, 8.0, 20.0, 21.0, 9.0, 43.0, 7.0, 24.0, 28.0, 41.0, 30.0, 10.0]
[9.0, 9.0, 9.0, 9.0, 7.999999999999999, 7.999999999999999, 9.0, 9.0, 9.0, 9.0, 9.0, 9.0]
[7.999999999999999, 7.999999999999999, 7.999999999999999, 7.999999999999999, 9.0, 9.0, 9.0, 9.0, 9.0, 9.0, 9.0, 9.0]
T = 0.043980465111040035	 step = 713
115.58000000000004
32.001248647186145
[26.0, 31.0, 19.0, 44.0, 7.0, 42.0, 18.0, 32.0, 7.0, 7.0, 21.0, 42.0]
[42.0, 8.0, 20.0, 21.0, 7.0, 43.0, 7.0, 24.0, 28.0, 41.0, 30.0, 10.0]
[9.0, 9.0, 9.0, 9.0, 7.999999999999999, 7.999999999999999, 9.0, 9.0, 9.0, 9.0, 9.0, 9.0]
[7.999999999999999, 7.999999999999999, 7.999999999999999, 7.999999999999999, 9.0, 9.0, 9.0, 9.0, 9.0, 9.0, 9.0, 9.0]
T = 0.043980465111040035	 step = 714
115.49000000000001
32.21570616883117
[26.0, 31.0, 19.0, 44.0, 7.0, 43.0, 18.0, 32.0, 7.0, 7.0, 21.0, 42.0]
[42.0, 8.0, 20.0, 21.0, 7.0, 43.0, 7.0, 24.0, 28.0, 41.0, 30.0, 10.0]
[9.0, 9.0, 9.0, 9.0, 7.999999999999999, 7.999999999999999, 9.0, 9.0, 9.0, 9.0, 9.0, 9.0]
[7.999999999999999, 7.999999999999999, 7.999999999999999, 7.999999999999999, 9.0, 9.0, 9.0, 9.0, 9.0, 9.0, 9.0, 9.0]
T = 0.043980465111040035	 step = 715
115.73000000000002
32.07284902597402
[26.0, 31.0, 19.0, 44.0, 7.0, 43.0, 18.0, 32.0, 7.0, 7.0, 21.0, 42.0]
[42.0, 9.0, 20.0, 21.0, 7.0, 43.0, 7.0, 24.0, 28.0, 41.0, 30.0, 10.0]
[9.0, 9.0, 9.0, 9.0, 7.999999999999999, 7.999999999999999, 9.0, 9.0, 9.0, 9.0, 9.0, 9.0]
[7.999999999999999, 7.999999999999999, 7.999999999999999, 7.999999999999999, 9.0, 9.0, 9.0, 9.0, 9.0, 9.0, 9.0, 9.0]
T = 0.043980465111040035	 step = 716
115.68
31.878142586580083
[26.0, 31.0, 19.0, 44.0, 7.0, 43.0, 18.0, 32.0, 7.0, 7.0, 21.0, 44.0]
[42.0, 9.0, 20.0, 21.0, 7.0, 43.0, 7.0, 24.0, 28.0, 41.0, 30.0, 11.0]
[9.0, 9.0, 9.0, 9.0, 7.999999999999999, 7.999999999999999, 9.0, 9.0, 9.0, 9.0, 9.0, 9.0]
[7.999999999999999, 7.999999999999999, 7.999999999999999, 7.999999999999999, 9.0, 9.0, 9.0, 9.0, 9.0, 9.0, 9.0, 9.0]
T = 0.043980465111040035	 step = 717
115.66000000000003
31.973380681818178
[26.0, 31.0, 19.0, 44.0, 7.0, 43.0, 18.0, 32.0, 7.0, 7.0, 21.0, 44.0]
[42.0, 9.0, 20.0, 21.0, 7.0, 43.0, 7.0, 24.0, 28.0, 42.0, 30.0, 11.0]
[9.0, 9.0, 9.0, 9.0, 7.999999999999999, 7.999999999999999, 9.0, 9.0, 9.0, 9.0, 9.0, 9.0]
[7.999999999999999, 7.999999999999999, 7.999999999999999, 7.999999999999999, 9.0, 9.0, 9.0, 9.0, 9.0, 9.0, 9.0, 9.0]
T = 0.043980465111040035	 step = 718
115.37
32.133267383658
[26.0, 32.0, 19.0, 44.0, 7.0, 43.0, 18.0, 32.0, 7.0, 7.0, 21.0, 44.0]
[42.0, 9.0, 20.0, 21.0, 7.0, 43.0, 7.0, 24.0, 28.0, 42.0, 30.0, 11.0]
[9.0, 9.0, 9.0, 9.0, 7.999999999999999, 7.999999999999999, 9.0, 9.0, 9.0, 9.0, 9.0, 9.0]
[7.999999999999999, 7.999999999999999, 7.999999999999999, 7.999999999999999, 9.0, 9.0, 9.0, 9.0, 9.0, 9.0, 9.0, 9.0]
T = 0.043980465111040035	 step = 719
115.42000000000002
32.18088643127705
[25.0, 32.0, 19.0, 44.0, 7.0, 43.0, 18.0, 32.0, 7.0, 7.0, 21.0, 44.0]
[42.0, 9.0, 20.0, 21.0, 7.0, 43.0, 7.0, 24.0, 28.0, 42.0, 30.0, 11.0]
[9.0, 9.0, 9.0, 9.0, 7.999999999999999, 7.999999999999999, 9.0, 9.0, 9.0, 9.0, 9.0, 9.0]
[7.999999999999999, 7.999999999999999, 7.999999999999999, 7.999999999999999, 9.0, 9.0, 9.0, 9.0, 9.0, 9.0, 9.0, 9.0]
T = 0.043980465111040035	 step = 720
115.41000000000003
32.27612452651515
[25.0, 32.0, 19.0, 44.0, 7.0, 43.0, 18.0, 32.0, 7.0, 6.0, 21.0, 44.0]
[42.0, 9.0, 20.0, 21.0, 7.0, 43.0, 7.0, 24.0, 28.0, 42.0, 30.0, 11.0]
[9.0, 9.0, 9.0, 9.0, 7.999999999999999, 7.999999999999999, 9.0, 9.0, 9.0, 9.0, 9.0, 9.0]
[7.999999999999999, 7.999999999999999, 7.999999999999999, 7.999999999999999, 9.0, 9.0, 9.0, 9.0, 9.0, 9.0, 9.0, 9.0]
T = 0.043980465111040035	 step = 721
115.36000000000001
32.37111066017316
[25.0, 32.0, 19.0, 44.0, 7.0, 43.0, 18.0, 32.0, 6.0, 6.0, 21.0, 44.0]
[42.0, 9.0, 20.0, 21.0, 7.0, 43.0, 7.0, 24.0, 28.0, 42.0, 30.0, 11.0]
[9.0, 9.0, 9.0, 9.0, 7.999999999999999, 7.999999999999999, 9.0, 9.0, 9.0, 9.0, 9.0, 9.0]
[7.999999999999999, 7.999999999999999, 7.999999999999999, 7.999999999999999, 9.0, 9.0, 9.0, 9.0, 9.0, 9.0, 9.0, 9.0]
T = 0.043980465111040035	 step = 722
115.59000000000003
32.133015422077925
[25.0, 32.0, 19.0, 44.0, 8.0, 43.0, 18.0, 32.0, 6.0, 6.0, 21.0, 44.0]
[42.0, 9.0, 20.0, 21.0, 7.0, 43.0, 7.0, 24.0, 28.0, 42.0, 30.0, 11.0]
[9.0, 9.0, 9.0, 9.0, 7.999999999999999, 7.999999999999999, 9.0, 9.0, 9.0, 9.0, 9.0, 9.0]
[7.999999999999999, 7.999999999999999, 7.999999999999999, 7.999999999999999, 9.0, 9.0, 9.0, 9.0, 9.0, 9.0, 9.0, 9.0]
T = 0.043980465111040035	 step = 723
115.65000000000003
32.22837019751082
[25.0, 32.0, 19.0, 44.0, 7.0, 43.0, 18.0, 32.0, 6.0, 6.0, 21.0, 44.0]
[42.0, 10.0, 20.0, 21.0, 7.0, 43.0, 7.0, 24.0, 28.0, 42.0, 30.0, 11.0]
[9.0, 9.0, 9.0, 9.0, 7.999999999999999, 7.999999999999999, 9.0, 9.0, 9.0, 9.0, 9.0, 9.0]
[7.999999999999999, 7.999999999999999, 7.999999999999999, 7.999999999999999, 9.0, 9.0, 9.0, 9.0, 9.0, 9.0, 9.0, 9.0]
T = 0.043980465111040035	 step = 724
115.77000000000004
32.32768533549783
[25.0, 32.0, 19.0, 44.0, 7.0, 43.0, 18.0, 32.0, 6.0, 6.0, 21.0, 44.0]
[42.0, 10.0, 19.0, 21.0, 7.0, 43.0, 7.0, 24.0, 28.0, 42.0, 30.0, 11.0]
[9.0, 9.0, 9.0, 9.0, 7.999999999999999, 7.999999999999999, 9.0, 9.0, 9.0, 9.0, 9.0, 9.0]
[7.999999999999999, 7.999999999999999, 7.999999999999999, 7.999999999999999, 9.0, 9.0, 9.0, 9.0, 9.0, 9.0, 9.0, 9.0]
T = 0.043980465111040035	 step = 725
115.74000000000001
32.42292343073593
[25.0, 32.0, 19.0, 44.0, 7.0, 43.0, 18.0, 32.0, 6.0, 6.0, 21.0, 44.0]
[42.0, 10.0, 19.0, 21.0, 7.0, 43.0, 7.0, 24.0, 29.0, 42.0, 30.0, 11.0]
[9.0, 9.0, 9.0, 9.0, 7.999999999999999, 7.999999999999999, 9.0, 9.0, 9.0, 9.0, 9.0, 9.0]
[7.999999999999999, 7.999999999999999, 7.999999999999999, 7.999999999999999, 9.0, 9.0, 9.0, 9.0, 9.0, 9.0, 9.0, 9.0]
T = 0.043980465111040035	 step = 726
115.68
32.406145833333326
[25.0, 32.0, 19.0, 44.0, 7.0, 43.0, 18.0, 33.0, 6.0, 6.0, 21.0, 44.0]
[42.0, 10.0, 19.0, 21.0, 7.0, 43.0, 7.0, 24.0, 29.0, 42.0, 30.0, 11.0]
[9.0, 9.0, 9.0, 9.0, 7.999999999999999, 7.999999999999999, 9.0, 9.0, 9.0, 9.0, 9.0, 9.0]
[7.999999999999999, 7.999999999999999, 7.999999999999999, 7.999999999999999, 9.0, 9.0, 9.0, 9.0, 9.0, 9.0, 9.0, 9.0]
T = 0.043980465111040035	 step = 727
115.70000000000005
32.31090773809524
[25.0, 32.0, 19.0, 44.0, 7.0, 43.0, 18.0, 33.0, 6.0, 6.0, 20.0, 44.0]
[42.0, 10.0, 19.0, 21.0, 7.0, 43.0, 7.0, 24.0, 29.0, 42.0, 30.0, 11.0]
[9.0, 9.0, 9.0, 9.0, 7.999999999999999, 7.999999999999999, 9.0, 9.0, 9.0, 9.0, 9.0, 9.0]
[7.999999999999999, 7.999999999999999, 7.999999999999999, 7.999999999999999, 9.0, 9.0, 9.0, 9.0, 9.0, 9.0, 9.0, 9.0]
T = 0.043980465111040035	 step = 728
115.65000000000003
32.26328869047619
[26.0, 32.0, 19.0, 44.0, 7.0, 43.0, 18.0, 33.0, 6.0, 6.0, 20.0, 44.0]
[42.0, 10.0, 19.0, 21.0, 7.0, 43.0, 7.0, 24.0, 29.0, 42.0, 30.0, 11.0]
[9.0, 9.0, 9.0, 9.0, 7.999999999999999, 7.999999999999999, 9.0, 9.0, 9.0, 9.0, 9.0, 9.0]
[7.999999999999999, 7.999999999999999, 7.999999999999999, 7.999999999999999, 9.0, 9.0, 9.0, 9.0, 9.0, 9.0, 9.0, 9.0]
T = 0.043980465111040035	 step = 729
115.58000000000004
32.35852678571428
[26.0, 32.0, 19.0, 44.0, 7.0, 43.0, 18.0, 33.0, 6.0, 6.0, 20.0, 44.0]
[42.0, 10.0, 19.0, 21.0, 7.0, 43.0, 7.0, 24.0, 29.0, 42.0, 31.0, 11.0]
[9.0, 9.0, 9.0, 9.0, 7.999999999999999, 7.999999999999999, 9.0, 9.0, 9.0, 9.0, 9.0, 9.0]
[7.999999999999999, 7.999999999999999, 7.999999999999999, 7.999999999999999, 9.0, 9.0, 9.0, 9.0, 9.0, 9.0, 9.0, 9.0]
T = 0.043980465111040035	 step = 730
115.91000000000003
32.31787472943723
[26.0, 32.0, 20.0, 44.0, 7.0, 43.0, 18.0, 33.0, 6.0, 6.0, 20.0, 44.0]
[42.0, 10.0, 19.0, 21.0, 7.0, 43.0, 7.0, 24.0, 29.0, 42.0, 31.0, 11.0]
[9.0, 9.0, 7.999999999999999, 9.0, 7.999999999999999, 7.999999999999999, 9.0, 9.0, 9.0, 9.0, 9.0, 9.0]
[7.999999999999999, 7.999999999999999, 9.0, 7.999999999999999, 9.0, 9.0, 9.0, 9.0, 9.0, 9.0, 9.0, 9.0]
T = 0.043980465111040035	 step = 731
115.60000000000002
32.461288216991335
[26.0, 32.0, 20.0, 44.0, 7.0, 43.0, 18.0, 33.0, 6.0, 6.0, 20.0, 44.0]
[42.0, 9.0, 19.0, 21.0, 7.0, 43.0, 7.0, 24.0, 29.0, 42.0, 31.0, 11.0]
[9.0, 9.0, 7.999999999999999, 9.0, 7.999999999999999, 7.999999999999999, 9.0, 9.0, 9.0, 9.0, 9.0, 9.0]
[7.999999999999999, 7.999999999999999, 9.0, 7.999999999999999, 9.0, 9.0, 9.0, 9.0, 9.0, 9.0, 9.0, 9.0]
T = 0.043980465111040035	 step = 732
115.57000000000005
32.55652631222943
[26.0, 32.0, 20.0, 44.0, 7.0, 43.0, 18.0, 33.0, 6.0, 6.0, 20.0, 44.0]
[42.0, 9.0, 19.0, 21.0, 7.0, 43.0, 7.0, 25.0, 29.0, 42.0, 31.0, 11.0]
[9.0, 9.0, 7.999999999999999, 9.0, 7.999999999999999, 7.999999999999999, 9.0, 9.0, 9.0, 9.0, 9.0, 9.0]
[7.999999999999999, 7.999999999999999, 9.0, 7.999999999999999, 9.0, 9.0, 9.0, 9.0, 9.0, 9.0, 9.0, 9.0]
T = 0.043980465111040035	 step = 733
115.63
32.572747564935064
[26.0, 32.0, 20.0, 44.0, 7.0, 43.0, 18.0, 32.0, 6.0, 6.0, 20.0, 44.0]
[42.0, 9.0, 19.0, 21.0, 7.0, 43.0, 7.0, 25.0, 29.0, 42.0, 31.0, 11.0]
[9.0, 9.0, 7.999999999999999, 9.0, 7.999999999999999, 7.999999999999999, 9.0, 9.0, 9.0, 9.0, 9.0, 9.0]
[7.999999999999999, 7.999999999999999, 9.0, 7.999999999999999, 9.0, 9.0, 9.0, 9.0, 9.0, 9.0, 9.0, 9.0]
T = 0.043980465111040035	 step = 734
115.62
32.66798566017316
[26.0, 32.0, 20.0, 44.0, 7.0, 43.0, 17.0, 32.0, 6.0, 6.0, 20.0, 44.0]
[42.0, 9.0, 19.0, 21.0, 7.0, 43.0, 7.0, 25.0, 29.0, 42.0, 31.0, 11.0]
[9.0, 9.0, 7.999999999999999, 9.0, 7.999999999999999, 7.999999999999999, 9.0, 9.0, 9.0, 9.0, 9.0, 9.0]
[7.999999999999999, 7.999999999999999, 9.0, 7.999999999999999, 9.0, 9.0, 9.0, 9.0, 9.0, 9.0, 9.0, 9.0]
T = 0.043980465111040035	 step = 735
115.34000000000003
32.9060808982684
[26.0, 32.0, 20.0, 44.0, 6.0, 43.0, 17.0, 32.0, 6.0, 6.0, 20.0, 44.0]
[42.0, 9.0, 19.0, 21.0, 7.0, 43.0, 7.0, 25.0, 29.0, 42.0, 31.0, 11.0]
[9.0, 9.0, 7.999999999999999, 9.0, 7.999999999999999, 7.999999999999999, 9.0, 9.0, 9.0, 9.0, 9.0, 9.0]
[7.999999999999999, 7.999999999999999, 9.0, 7.999999999999999, 9.0, 9.0, 9.0, 9.0, 9.0, 9.0, 9.0, 9.0]
T = 0.043980465111040035	 step = 736
115.66000000000003
32.76322375541125
[26.0, 32.0, 20.0, 44.0, 6.0, 43.0, 17.0, 32.0, 6.0, 6.0, 20.0, 44.0]
[42.0, 10.0, 19.0, 21.0, 7.0, 43.0, 7.0, 25.0, 29.0, 42.0, 31.0, 11.0]
[9.0, 9.0, 7.999999999999999, 9.0, 7.999999999999999, 7.999999999999999, 9.0, 9.0, 9.0, 9.0, 9.0, 9.0]
[7.999999999999999, 7.999999999999999, 9.0, 7.999999999999999, 9.0, 9.0, 9.0, 9.0, 9.0, 9.0, 9.0, 9.0]
T = 0.043980465111040035	 step = 737
115.61000000000001
32.66379193722944
[26.0, 32.0, 20.0, 44.0, 6.0, 43.0, 17.0, 32.0, 6.0, 6.0, 20.0, 44.0]
[42.0, 10.0, 20.0, 21.0, 7.0, 43.0, 7.0, 25.0, 29.0, 42.0, 31.0, 11.0]
[9.0, 9.0, 7.999999999999999, 9.0, 7.999999999999999, 7.999999999999999, 9.0, 9.0, 9.0, 9.0, 9.0, 9.0]
[7.999999999999999, 7.999999999999999, 9.0, 7.999999999999999, 9.0, 9.0, 9.0, 9.0, 9.0, 9.0, 9.0, 9.0]
T = 0.043980465111040035	 step = 738
115.92000000000002
32.09138257575758
[26.0, 32.0, 20.0, 44.0, 6.0, 43.0, 17.0, 32.0, 6.0, 6.0, 20.0, 44.0]
[42.0, 10.0, 20.0, 21.0, 7.0, 40.0, 7.0, 25.0, 29.0, 42.0, 31.0, 11.0]
[9.0, 9.0, 7.999999999999999, 9.0, 7.999999999999999, 7.999999999999999, 9.0, 9.0, 9.0, 9.0, 9.0, 9.0]
[7.999999999999999, 7.999999999999999, 9.0, 7.999999999999999, 9.0, 9.0, 9.0, 9.0, 9.0, 9.0, 9.0, 9.0]
T = 0.043980465111040035	 step = 739
115.89000000000004
32.18662067099567
[26.0, 32.0, 20.0, 44.0, 6.0, 43.0, 17.0, 32.0, 6.0, 6.0, 20.0, 44.0]
[42.0, 10.0, 20.0, 21.0, 7.0, 40.0, 7.0, 25.0, 29.0, 43.0, 31.0, 11.0]
[9.0, 9.0, 7.999999999999999, 9.0, 7.999999999999999, 7.999999999999999, 9.0, 9.0, 9.0, 9.0, 9.0, 9.0]
[7.999999999999999, 7.999999999999999, 9.0, 7.999999999999999, 9.0, 9.0, 9.0, 9.0, 9.0, 9.0, 9.0, 9.0]
T = 0.043980465111040035	 step = 740
115.92000000000002
32.09138257575758
[26.0, 32.0, 20.0, 44.0, 6.0, 43.0, 17.0, 32.0, 6.0, 6.0, 20.0, 44.0]
[42.0, 10.0, 20.0, 21.0, 7.0, 40.0, 7.0, 25.0, 29.0, 42.0, 31.0, 11.0]
[9.0, 9.0, 7.999999999999999, 9.0, 7.999999999999999, 7.999999999999999, 9.0, 9.0, 9.0, 9.0, 9.0, 9.0]
[7.999999999999999, 7.999999999999999, 9.0, 7.999999999999999, 9.0, 9.0, 9.0, 9.0, 9.0, 9.0, 9.0, 9.0]
T = 0.043980465111040035	 step = 741
115.69
32.32679924242424
[26.0, 32.0, 20.0, 44.0, 6.0, 43.0, 17.0, 32.0, 6.0, 6.0, 20.0, 44.0]
[42.0, 10.0, 20.0, 21.0, 6.0, 40.0, 7.0, 25.0, 29.0, 42.0, 31.0, 11.0]
[9.0, 9.0, 7.999999999999999, 9.0, 7.999999999999999, 7.999999999999999, 9.0, 9.0, 9.0, 9.0, 9.0, 9.0]
[7.999999999999999, 7.999999999999999, 9.0, 7.999999999999999, 9.0, 9.0, 9.0, 9.0, 9.0, 9.0, 9.0, 9.0]
T = 0.043980465111040035	 step = 742
115.81
32.159016504329
[26.0, 32.0, 20.0, 44.0, 6.0, 42.0, 17.0, 32.0, 6.0, 6.0, 20.0, 44.0]
[42.0, 10.0, 20.0, 21.0, 6.0, 40.0, 7.0, 25.0, 29.0, 42.0, 31.0, 11.0]
[9.0, 9.0, 7.999999999999999, 9.0, 7.999999999999999, 7.999999999999999, 9.0, 9.0, 9.0, 9.0, 9.0, 9.0]
[7.999999999999999, 7.999999999999999, 9.0, 7.999999999999999, 9.0, 9.0, 9.0, 9.0, 9.0, 9.0, 9.0, 9.0]
T = 0.043980465111040035	 step = 743
116.22000000000003
32.27973653950216
[26.0, 32.0, 21.0, 44.0, 6.0, 43.0, 17.0, 32.0, 6.0, 6.0, 20.0, 44.0]
[42.0, 10.0, 20.0, 21.0, 6.0, 40.0, 7.0, 25.0, 29.0, 42.0, 31.0, 11.0]
[9.0, 9.0, 7.999999999999999, 9.0, 7.999999999999999, 7.999999999999999, 9.0, 9.0, 9.0, 9.0, 9.0, 9.0]
[7.999999999999999, 7.999999999999999, 9.0, 7.999999999999999, 9.0, 9.0, 9.0, 9.0, 9.0, 9.0, 9.0, 9.0]
T = 0.043980465111040035	 step = 744
116.24000000000001
32.184498444264065
[26.0, 32.0, 21.0, 44.0, 6.0, 43.0, 17.0, 32.0, 6.0, 6.0, 20.0, 44.0]
[42.0, 10.0, 20.0, 21.0, 6.0, 40.0, 7.0, 25.0, 29.0, 41.0, 31.0, 11.0]
[9.0, 9.0, 7.999999999999999, 9.0, 7.999999999999999, 7.999999999999999, 9.0, 9.0, 9.0, 9.0, 9.0, 9.0]
[7.999999999999999, 7.999999999999999, 9.0, 7.999999999999999, 9.0, 9.0, 9.0, 9.0, 9.0, 9.0, 9.0, 9.0]
T = 0.043980465111040035	 step = 745
116.5
31.946403206168828
[26.0, 32.0, 21.0, 43.0, 6.0, 43.0, 17.0, 32.0, 6.0, 6.0, 20.0, 44.0]
[42.0, 10.0, 20.0, 21.0, 6.0, 40.0, 7.0, 25.0, 29.0, 41.0, 31.0, 11.0]
[9.0, 9.0, 7.999999999999999, 9.0, 7.999999999999999, 7.999999999999999, 9.0, 9.0, 9.0, 9.0, 9.0, 9.0]
[7.999999999999999, 7.999999999999999, 9.0, 7.999999999999999, 9.0, 9.0, 9.0, 9.0, 9.0, 9.0, 9.0, 9.0]
T = 0.043980465111040035	 step = 746
116.79000000000002
31.800798160173155
[26.0, 32.0, 21.0, 43.0, 6.0, 43.0, 17.0, 32.0, 6.0, 6.0, 20.0, 44.0]
[42.0, 11.0, 20.0, 21.0, 6.0, 40.0, 7.0, 25.0, 29.0, 41.0, 31.0, 11.0]
[9.0, 9.0, 7.999999999999999, 9.0, 7.999999999999999, 7.999999999999999, 9.0, 9.0, 9.0, 9.0, 9.0, 9.0]
[7.999999999999999, 7.999999999999999, 9.0, 7.999999999999999, 9.0, 9.0, 9.0, 9.0, 9.0, 9.0, 9.0, 9.0]
T = 0.043980465111040035	 step = 747
116.55000000000001
32.03889339826839
[26.0, 32.0, 21.0, 43.0, 5.0, 43.0, 17.0, 32.0, 6.0, 6.0, 20.0, 44.0]
[42.0, 11.0, 20.0, 21.0, 6.0, 40.0, 7.0, 25.0, 29.0, 41.0, 31.0, 11.0]
[9.0, 9.0, 7.999999999999999, 9.0, 7.999999999999999, 7.999999999999999, 9.0, 9.0, 9.0, 9.0, 9.0, 9.0]
[7.999999999999999, 7.999999999999999, 9.0, 7.999999999999999, 9.0, 9.0, 9.0, 9.0, 9.0, 9.0, 9.0, 9.0]
T = 0.043980465111040035	 step = 748
116.79000000000002
31.800798160173155
[26.0, 32.0, 21.0, 43.0, 6.0, 43.0, 17.0, 32.0, 6.0, 6.0, 20.0, 44.0]
[42.0, 11.0, 20.0, 21.0, 6.0, 40.0, 7.0, 25.0, 29.0, 41.0, 31.0, 11.0]
[9.0, 9.0, 7.999999999999999, 9.0, 7.999999999999999, 7.999999999999999, 9.0, 9.0, 9.0, 9.0, 9.0, 9.0]
[7.999999999999999, 7.999999999999999, 9.0, 7.999999999999999, 9.0, 9.0, 9.0, 9.0, 9.0, 9.0, 9.0, 9.0]
T = 0.043980465111040035	 step = 749
116.77000000000004
31.896036255411246
[26.0, 32.0, 21.0, 43.0, 6.0, 43.0, 16.0, 32.0, 6.0, 6.0, 20.0, 44.0]
[42.0, 11.0, 20.0, 21.0, 6.0, 40.0, 7.0, 25.0, 29.0, 41.0, 31.0, 11.0]
[9.0, 9.0, 7.999999999999999, 9.0, 7.999999999999999, 7.999999999999999, 9.0, 9.0, 9.0, 9.0, 9.0, 9.0]
[7.999999999999999, 7.999999999999999, 9.0, 7.999999999999999, 9.0, 9.0, 9.0, 9.0, 9.0, 9.0, 9.0, 9.0]
T = 0.043980465111040035	 step = 750
117.72000000000003
31.848417207792206
[26.0, 32.0, 22.0, 43.0, 6.0, 43.0, 16.0, 32.0, 6.0, 6.0, 20.0, 44.0]
[42.0, 11.0, 20.0, 21.0, 6.0, 40.0, 7.0, 25.0, 29.0, 41.0, 31.0, 11.0]
[9.0, 9.0, 7.999999999999999, 9.0, 7.999999999999999, 7.999999999999999, 9.0, 9.0, 9.0, 9.0, 9.0, 9.0]
[7.999999999999999, 7.999999999999999, 9.0, 7.999999999999999, 9.0, 9.0, 9.0, 9.0, 9.0, 9.0, 9.0, 9.0]
T = 0.043980465111040035	 step = 751
116.76000000000005
31.991274350649352
[26.0, 32.0, 21.0, 43.0, 6.0, 43.0, 16.0, 32.0, 6.0, 6.0, 21.0, 44.0]
[42.0, 11.0, 20.0, 21.0, 6.0, 40.0, 7.0, 25.0, 29.0, 41.0, 31.0, 11.0]
[9.0, 9.0, 7.999999999999999, 9.0, 7.999999999999999, 7.999999999999999, 9.0, 9.0, 9.0, 9.0, 9.0, 9.0]
[7.999999999999999, 7.999999999999999, 9.0, 7.999999999999999, 9.0, 9.0, 9.0, 9.0, 9.0, 9.0, 9.0, 9.0]
T = 0.03518437208883203	 step = 752
116.71000000000004
32.08651244588744
[26.0, 32.0, 21.0, 43.0, 6.0, 43.0, 16.0, 32.0, 6.0, 6.0, 21.0, 44.0]
[42.0, 11.0, 20.0, 21.0, 6.0, 40.0, 6.0, 25.0, 29.0, 41.0, 31.0, 11.0]
[9.0, 9.0, 7.999999999999999, 9.0, 7.999999999999999, 7.999999999999999, 9.0, 9.0, 9.0, 9.0, 9.0, 9.0]
[7.999999999999999, 7.999999999999999, 9.0, 7.999999999999999, 9.0, 9.0, 9.0, 9.0, 9.0, 9.0, 9.0, 9.0]
T = 0.03518437208883203	 step = 753
116.47000000000003
32.324607683982684
[26.0, 32.0, 21.0, 43.0, 5.0, 43.0, 16.0, 32.0, 6.0, 6.0, 21.0, 44.0]
[42.0, 11.0, 20.0, 21.0, 6.0, 40.0, 6.0, 25.0, 29.0, 41.0, 31.0, 11.0]
[9.0, 9.0, 7.999999999999999, 9.0, 7.999999999999999, 7.999999999999999, 9.0, 9.0, 9.0, 9.0, 9.0, 9.0]
[7.999999999999999, 7.999999999999999, 9.0, 7.999999999999999, 9.0, 9.0, 9.0, 9.0, 9.0, 9.0, 9.0, 9.0]
T = 0.03518437208883203	 step = 754
116.47000000000003
32.41984577922078
[26.0, 32.0, 21.0, 43.0, 5.0, 43.0, 16.0, 32.0, 6.0, 6.0, 21.0, 44.0]
[42.0, 11.0, 20.0, 21.0, 6.0, 40.0, 6.0, 25.0, 29.0, 41.0, 31.0, 10.0]
[9.0, 9.0, 7.999999999999999, 9.0, 7.999999999999999, 7.999999999999999, 9.0, 9.0, 9.0, 9.0, 9.0, 9.0]
[7.999999999999999, 7.999999999999999, 9.0, 7.999999999999999, 9.0, 9.0, 9.0, 9.0, 9.0, 9.0, 9.0, 9.0]
T = 0.03518437208883203	 step = 755
116.47000000000003
32.32460768398268
[26.0, 32.0, 21.0, 43.0, 5.0, 43.0, 16.0, 32.0, 6.0, 6.0, 20.0, 44.0]
[42.0, 11.0, 20.0, 21.0, 6.0, 40.0, 6.0, 25.0, 29.0, 41.0, 31.0, 10.0]
[9.0, 9.0, 7.999999999999999, 9.0, 7.999999999999999, 7.999999999999999, 9.0, 9.0, 9.0, 9.0, 9.0, 9.0]
[7.999999999999999, 7.999999999999999, 9.0, 7.999999999999999, 9.0, 9.0, 9.0, 9.0, 9.0, 9.0, 9.0, 9.0]
T = 0.03518437208883203	 step = 756
116.47000000000003
32.22936958874458
[26.0, 32.0, 21.0, 43.0, 5.0, 43.0, 16.0, 32.0, 6.0, 6.0, 20.0, 44.0]
[42.0, 11.0, 20.0, 21.0, 6.0, 40.0, 6.0, 25.0, 29.0, 41.0, 31.0, 11.0]
[9.0, 9.0, 7.999999999999999, 9.0, 7.999999999999999, 7.999999999999999, 9.0, 9.0, 9.0, 9.0, 9.0, 9.0]
[7.999999999999999, 7.999999999999999, 9.0, 7.999999999999999, 9.0, 9.0, 9.0, 9.0, 9.0, 9.0, 9.0, 9.0]
T = 0.03518437208883203	 step = 757
116.5
32.134131493506494
[26.0, 32.0, 21.0, 43.0, 5.0, 43.0, 17.0, 32.0, 6.0, 6.0, 20.0, 44.0]
[42.0, 11.0, 20.0, 21.0, 6.0, 40.0, 6.0, 25.0, 29.0, 41.0, 31.0, 11.0]
[9.0, 9.0, 7.999999999999999, 9.0, 7.999999999999999, 7.999999999999999, 9.0, 9.0, 9.0, 9.0, 9.0, 9.0]
[7.999999999999999, 7.999999999999999, 9.0, 7.999999999999999, 9.0, 9.0, 9.0, 9.0, 9.0, 9.0, 9.0, 9.0]
T = 0.03518437208883203	 step = 758
116.74000000000001
31.89603625541125
[26.0, 32.0, 21.0, 43.0, 6.0, 43.0, 17.0, 32.0, 6.0, 6.0, 20.0, 44.0]
[42.0, 11.0, 20.0, 21.0, 6.0, 40.0, 6.0, 25.0, 29.0, 41.0, 31.0, 11.0]
[9.0, 9.0, 7.999999999999999, 9.0, 7.999999999999999, 7.999999999999999, 9.0, 9.0, 9.0, 9.0, 9.0, 9.0]
[7.999999999999999, 7.999999999999999, 9.0, 7.999999999999999, 9.0, 9.0, 9.0, 9.0, 9.0, 9.0, 9.0, 9.0]
T = 0.03518437208883203	 step = 759
116.74000000000001
31.89603625541125
[26.0, 32.0, 21.0, 43.0, 6.0, 43.0, 17.0, 32.0, 6.0, 6.0, 20.0, 44.0]
[42.0, 11.0, 20.0, 21.0, 6.0, 40.0, 6.0, 25.0, 29.0, 41.0, 31.0, 11.0]
[9.0, 9.0, 7.999999999999999, 9.0, 7.999999999999999, 7.999999999999999, 9.0, 9.0, 9.0, 9.0, 9.0, 9.0]
[7.999999999999999, 7.999999999999999, 9.0, 7.999999999999999, 9.0, 9.0, 9.0, 9.0, 9.0, 9.0, 9.0, 9.0]
T = 0.03518437208883203	 step = 760
116.98000000000002
31.75317911255411
[26.0, 32.0, 21.0, 43.0, 6.0, 43.0, 17.0, 32.0, 6.0, 6.0, 20.0, 44.0]
[42.0, 12.0, 20.0, 21.0, 6.0, 40.0, 6.0, 25.0, 29.0, 41.0, 31.0, 11.0]
[9.0, 9.0, 7.999999999999999, 9.0, 7.999999999999999, 7.999999999999999, 9.0, 9.0, 9.0, 9.0, 9.0, 9.0]
[7.999999999999999, 7.999999999999999, 9.0, 7.999999999999999, 9.0, 9.0, 9.0, 9.0, 9.0, 9.0, 9.0, 9.0]
T = 0.03518437208883203	 step = 761
116.76000000000005
31.919981060606055
[26.0, 32.0, 21.0, 43.0, 6.0, 43.0, 17.0, 32.0, 6.0, 6.0, 20.0, 43.0]
[42.0, 11.0, 20.0, 21.0, 6.0, 40.0, 6.0, 25.0, 29.0, 41.0, 31.0, 11.0]
[9.0, 9.0, 7.999999999999999, 9.0, 7.999999999999999, 7.999999999999999, 9.0, 9.0, 9.0, 9.0, 9.0, 9.0]
[7.999999999999999, 7.999999999999999, 9.0, 7.999999999999999, 9.0, 9.0, 9.0, 9.0, 9.0, 9.0, 9.0, 9.0]
T = 0.03518437208883203	 step = 762
116.39000000000004
32.57935775162337
[22.0, 32.0, 21.0, 43.0, 6.0, 43.0, 17.0, 32.0, 6.0, 6.0, 20.0, 43.0]
[44.0, 11.0, 20.0, 21.0, 6.0, 40.0, 6.0, 25.0, 29.0, 41.0, 31.0, 11.0]
[9.0, 9.0, 7.999999999999999, 9.0, 7.999999999999999, 7.999999999999999, 9.0, 9.0, 9.0, 9.0, 9.0, 9.0]
[7.999999999999999, 7.999999999999999, 9.0, 7.999999999999999, 9.0, 9.0, 9.0, 9.0, 9.0, 9.0, 9.0, 9.0]
T = 0.03518437208883203	 step = 763
116.28000000000003
32.72558170995671
[22.0, 32.0, 21.0, 43.0, 6.0, 43.0, 17.0, 32.0, 6.0, 6.0, 20.0, 43.0]
[44.0, 11.0, 20.0, 21.0, 6.0, 41.0, 6.0, 25.0, 29.0, 41.0, 31.0, 11.0]
[9.0, 9.0, 7.999999999999999, 9.0, 7.999999999999999, 7.999999999999999, 9.0, 9.0, 9.0, 9.0, 9.0, 9.0]
[7.999999999999999, 7.999999999999999, 9.0, 7.999999999999999, 9.0, 9.0, 9.0, 9.0, 9.0, 9.0, 9.0, 9.0]
T = 0.03518437208883203	 step = 764
116.31
32.63034361471861
[22.0, 32.0, 21.0, 43.0, 6.0, 43.0, 17.0, 32.0, 6.0, 6.0, 20.0, 43.0]
[44.0, 11.0, 20.0, 21.0, 6.0, 41.0, 6.0, 24.0, 29.0, 41.0, 31.0, 11.0]
[9.0, 9.0, 7.999999999999999, 9.0, 7.999999999999999, 7.999999999999999, 9.0, 9.0, 9.0, 9.0, 9.0, 9.0]
[7.999999999999999, 7.999999999999999, 9.0, 7.999999999999999, 9.0, 9.0, 9.0, 9.0, 9.0, 9.0, 9.0, 9.0]
T = 0.03518437208883203	 step = 765
116.05000000000001
32.86843885281385
[22.0, 32.0, 21.0, 44.0, 6.0, 43.0, 17.0, 32.0, 6.0, 6.0, 20.0, 43.0]
[44.0, 11.0, 20.0, 21.0, 6.0, 41.0, 6.0, 24.0, 29.0, 41.0, 31.0, 11.0]
[9.0, 9.0, 7.999999999999999, 9.0, 7.999999999999999, 7.999999999999999, 9.0, 9.0, 9.0, 9.0, 9.0, 9.0]
[7.999999999999999, 7.999999999999999, 9.0, 7.999999999999999, 9.0, 9.0, 9.0, 9.0, 9.0, 9.0, 9.0, 9.0]
T = 0.03518437208883203	 step = 766
116.05000000000001
32.77320075757576
[22.0, 32.0, 21.0, 44.0, 6.0, 43.0, 17.0, 32.0, 6.0, 6.0, 19.0, 43.0]
[44.0, 11.0, 20.0, 21.0, 6.0, 41.0, 6.0, 24.0, 29.0, 41.0, 31.0, 11.0]
[9.0, 9.0, 7.999999999999999, 9.0, 7.999999999999999, 7.999999999999999, 9.0, 9.0, 9.0, 9.0, 9.0, 9.0]
[7.999999999999999, 7.999999999999999, 9.0, 7.999999999999999, 9.0, 9.0, 9.0, 9.0, 9.0, 9.0, 9.0, 9.0]
T = 0.03518437208883203	 step = 767
116.05000000000001
32.89253314393939
[21.0, 32.0, 21.0, 44.0, 6.0, 43.0, 17.0, 32.0, 6.0, 6.0, 19.0, 43.0]
[44.0, 11.0, 20.0, 21.0, 6.0, 41.0, 6.0, 24.0, 29.0, 41.0, 31.0, 11.0]
[9.0, 9.0, 7.999999999999999, 9.0, 7.999999999999999, 7.999999999999999, 9.0, 9.0, 9.0, 9.0, 9.0, 9.0]
[7.999999999999999, 7.999999999999999, 9.0, 7.999999999999999, 9.0, 9.0, 9.0, 9.0, 9.0, 9.0, 9.0, 9.0]
T = 0.03518437208883203	 step = 768
115.80000000000001
33.12670522186147
[21.0, 32.0, 21.0, 44.0, 6.0, 43.0, 17.0, 32.0, 6.0, 6.0, 19.0, 43.0]
[45.0, 11.0, 20.0, 21.0, 6.0, 41.0, 6.0, 24.0, 29.0, 41.0, 31.0, 11.0]
[9.0, 9.0, 7.999999999999999, 9.0, 7.999999999999999, 7.999999999999999, 9.0, 9.0, 9.0, 9.0, 9.0, 9.0]
[7.999999999999999, 7.999999999999999, 9.0, 7.999999999999999, 9.0, 9.0, 9.0, 9.0, 9.0, 9.0, 9.0, 9.0]
T = 0.03518437208883203	 step = 769
115.89000000000004
32.91495603354978
[21.0, 32.0, 21.0, 44.0, 6.0, 40.0, 17.0, 32.0, 6.0, 6.0, 19.0, 43.0]
[45.0, 11.0, 20.0, 21.0, 6.0, 43.0, 6.0, 24.0, 29.0, 41.0, 31.0, 11.0]
[9.0, 9.0, 7.999999999999999, 9.0, 7.999999999999999, 7.999999999999999, 9.0, 9.0, 9.0, 9.0, 9.0, 9.0]
[7.999999999999999, 7.999999999999999, 9.0, 7.999999999999999, 9.0, 9.0, 9.0, 9.0, 9.0, 9.0, 9.0, 9.0]
T = 0.03518437208883203	 step = 770
115.88
32.82391166125541
[21.0, 32.0, 21.0, 44.0, 6.0, 40.0, 17.0, 32.0, 6.0, 6.0, 19.0, 43.0]
[45.0, 11.0, 20.0, 22.0, 6.0, 43.0, 6.0, 24.0, 29.0, 41.0, 31.0, 11.0]
[9.0, 9.0, 7.999999999999999, 9.0, 7.999999999999999, 7.999999999999999, 9.0, 9.0, 9.0, 9.0, 9.0, 9.0]
[7.999999999999999, 7.999999999999999, 9.0, 7.999999999999999, 9.0, 9.0, 9.0, 9.0, 9.0, 9.0, 9.0, 9.0]
T = 0.03518437208883203	 step = 771
115.87
32.70457927489178
[22.0, 32.0, 21.0, 44.0, 6.0, 40.0, 17.0, 32.0, 6.0, 6.0, 19.0, 43.0]
[45.0, 11.0, 20.0, 22.0, 6.0, 43.0, 6.0, 24.0, 29.0, 41.0, 31.0, 11.0]
[9.0, 9.0, 7.999999999999999, 9.0, 7.999999999999999, 7.999999999999999, 9.0, 9.0, 9.0, 9.0, 9.0, 9.0]
[7.999999999999999, 7.999999999999999, 9.0, 7.999999999999999, 9.0, 9.0, 9.0, 9.0, 9.0, 9.0, 9.0, 9.0]
T = 0.03518437208883203	 step = 772
115.89000000000004
32.60934117965368
[22.0, 32.0, 21.0, 44.0, 6.0, 40.0, 17.0, 32.0, 6.0, 7.0, 19.0, 43.0]
[45.0, 11.0, 20.0, 22.0, 6.0, 43.0, 6.0, 24.0, 29.0, 41.0, 31.0, 11.0]
[9.0, 9.0, 7.999999999999999, 9.0, 7.999999999999999, 7.999999999999999, 9.0, 9.0, 9.0, 9.0, 9.0, 9.0]
[7.999999999999999, 7.999999999999999, 9.0, 7.999999999999999, 9.0, 9.0, 9.0, 9.0, 9.0, 9.0, 9.0, 9.0]
T = 0.03518437208883203	 step = 773
115.90000000000003
32.58581642316017
[22.0, 32.0, 21.0, 44.0, 6.0, 40.0, 18.0, 32.0, 6.0, 7.0, 19.0, 43.0]
[45.0, 11.0, 20.0, 22.0, 6.0, 43.0, 6.0, 24.0, 29.0, 41.0, 31.0, 11.0]
[9.0, 9.0, 7.999999999999999, 9.0, 7.999999999999999, 7.999999999999999, 9.0, 9.0, 9.0, 9.0, 9.0, 9.0]
[7.999999999999999, 7.999999999999999, 9.0, 7.999999999999999, 9.0, 9.0, 9.0, 9.0, 9.0, 9.0, 9.0, 9.0]
T = 0.03518437208883203	 step = 774
115.94
32.49057832792207
[22.0, 32.0, 21.0, 44.0, 6.0, 40.0, 18.0, 32.0, 7.0, 7.0, 19.0, 43.0]
[45.0, 11.0, 20.0, 22.0, 6.0, 43.0, 6.0, 24.0, 29.0, 41.0, 31.0, 11.0]
[9.0, 9.0, 7.999999999999999, 9.0, 7.999999999999999, 7.999999999999999, 9.0, 9.0, 9.0, 9.0, 9.0, 9.0]
[7.999999999999999, 7.999999999999999, 9.0, 7.999999999999999, 9.0, 9.0, 9.0, 9.0, 9.0, 9.0, 9.0, 9.0]
T = 0.03518437208883203	 step = 775
116.15000000000003
32.2546746482684
[22.0, 32.0, 21.0, 44.0, 6.0, 40.0, 18.0, 32.0, 7.0, 7.0, 19.0, 43.0]
[45.0, 11.0, 20.0, 22.0, 7.0, 43.0, 6.0, 24.0, 29.0, 41.0, 31.0, 11.0]
[9.0, 9.0, 7.999999999999999, 9.0, 7.999999999999999, 7.999999999999999, 9.0, 9.0, 9.0, 9.0, 9.0, 9.0]
[7.999999999999999, 7.999999999999999, 9.0, 7.999999999999999, 9.0, 9.0, 9.0, 9.0, 9.0, 9.0, 9.0, 9.0]
T = 0.03518437208883203	 step = 776
116.16000000000003
32.159436553030304
[22.0, 32.0, 21.0, 44.0, 6.0, 40.0, 18.0, 32.0, 7.0, 7.0, 19.0, 43.0]
[45.0, 11.0, 20.0, 22.0, 7.0, 43.0, 6.0, 24.0, 29.0, 41.0, 31.0, 12.0]
[9.0, 9.0, 7.999999999999999, 9.0, 7.999999999999999, 7.999999999999999, 9.0, 9.0, 9.0, 9.0, 9.0, 9.0]
[7.999999999999999, 7.999999999999999, 9.0, 7.999999999999999, 9.0, 9.0, 9.0, 9.0, 9.0, 9.0, 9.0, 9.0]
T = 0.03518437208883203	 step = 777
116.10000000000002
32.06839218073593
[22.0, 32.0, 21.0, 44.0, 6.0, 40.0, 18.0, 32.0, 7.0, 7.0, 19.0, 43.0]
[45.0, 11.0, 20.0, 23.0, 7.0, 43.0, 6.0, 24.0, 29.0, 41.0, 31.0, 12.0]
[9.0, 9.0, 7.999999999999999, 9.0, 7.999999999999999, 7.999999999999999, 9.0, 9.0, 9.0, 9.0, 9.0, 9.0]
[7.999999999999999, 7.999999999999999, 9.0, 7.999999999999999, 9.0, 9.0, 9.0, 9.0, 9.0, 9.0, 9.0, 9.0]
T = 0.03518437208883203	 step = 778
116.36000000000001
31.92334347943723
[22.0, 32.0, 21.0, 44.0, 6.0, 40.0, 18.0, 32.0, 7.0, 7.0, 19.0, 43.0]
[45.0, 12.0, 20.0, 23.0, 7.0, 43.0, 6.0, 24.0, 29.0, 41.0, 31.0, 12.0]
[9.0, 9.0, 7.999999999999999, 9.0, 7.999999999999999, 7.999999999999999, 9.0, 9.0, 9.0, 9.0, 9.0, 9.0]
[7.999999999999999, 7.999999999999999, 9.0, 7.999999999999999, 9.0, 9.0, 9.0, 9.0, 9.0, 9.0, 9.0, 9.0]
T = 0.03518437208883203	 step = 779
115.81
32.21392789502164
[22.0, 32.0, 21.0, 44.0, 6.0, 40.0, 18.0, 32.0, 7.0, 7.0, 19.0, 43.0]
[45.0, 10.0, 20.0, 23.0, 7.0, 43.0, 6.0, 24.0, 29.0, 41.0, 31.0, 12.0]
[9.0, 9.0, 7.999999999999999, 9.0, 7.999999999999999, 7.999999999999999, 9.0, 9.0, 9.0, 9.0, 9.0, 9.0]
[7.999999999999999, 7.999999999999999, 9.0, 7.999999999999999, 9.0, 9.0, 9.0, 9.0, 9.0, 9.0, 9.0, 9.0]
T = 0.03518437208883203	 step = 780
116.10000000000002
32.06839218073593
[22.0, 32.0, 21.0, 44.0, 6.0, 40.0, 18.0, 32.0, 7.0, 7.0, 19.0, 43.0]
[45.0, 11.0, 20.0, 23.0, 7.0, 43.0, 6.0, 24.0, 29.0, 41.0, 31.0, 12.0]
[9.0, 9.0, 7.999999999999999, 9.0, 7.999999999999999, 7.999999999999999, 9.0, 9.0, 9.0, 9.0, 9.0, 9.0]
[7.999999999999999, 7.999999999999999, 9.0, 7.999999999999999, 9.0, 9.0, 9.0, 9.0, 9.0, 9.0, 9.0, 9.0]
T = 0.03518437208883203	 step = 781
116.12
32.096260146103894
[22.0, 32.0, 21.0, 44.0, 6.0, 40.0, 19.0, 32.0, 7.0, 7.0, 19.0, 43.0]
[45.0, 11.0, 20.0, 23.0, 7.0, 43.0, 6.0, 24.0, 29.0, 41.0, 31.0, 12.0]
[9.0, 9.0, 7.999999999999999, 9.0, 7.999999999999999, 7.999999999999999, 9.0, 9.0, 9.0, 9.0, 9.0, 9.0]
[7.999999999999999, 7.999999999999999, 9.0, 7.999999999999999, 9.0, 9.0, 9.0, 9.0, 9.0, 9.0, 9.0, 9.0]
T = 0.03518437208883203	 step = 782
116.13
32.19149824134199
[22.0, 32.0, 21.0, 44.0, 6.0, 40.0, 19.0, 32.0, 7.0, 7.0, 20.0, 43.0]
[45.0, 11.0, 20.0, 23.0, 7.0, 43.0, 6.0, 24.0, 29.0, 41.0, 31.0, 12.0]
[9.0, 9.0, 7.999999999999999, 9.0, 7.999999999999999, 7.999999999999999, 9.0, 9.0, 9.0, 9.0, 9.0, 9.0]
[7.999999999999999, 7.999999999999999, 9.0, 7.999999999999999, 9.0, 9.0, 9.0, 9.0, 9.0, 9.0, 9.0, 9.0]
T = 0.03518437208883203	 step = 783
116.23000000000002
32.020773133116876
[22.0, 32.0, 21.0, 44.0, 6.0, 39.0, 19.0, 32.0, 7.0, 7.0, 20.0, 43.0]
[45.0, 11.0, 20.0, 23.0, 7.0, 43.0, 6.0, 24.0, 29.0, 41.0, 31.0, 12.0]
[9.0, 9.0, 7.999999999999999, 9.0, 7.999999999999999, 7.999999999999999, 9.0, 9.0, 9.0, 9.0, 9.0, 9.0]
[7.999999999999999, 7.999999999999999, 9.0, 7.999999999999999, 9.0, 9.0, 9.0, 9.0, 9.0, 9.0, 9.0, 9.0]
T = 0.03518437208883203	 step = 784
116.26000000000005
32.1202049512987
[22.0, 32.0, 21.0, 44.0, 6.0, 39.0, 19.0, 32.0, 7.0, 7.0, 20.0, 43.0]
[45.0, 11.0, 19.0, 23.0, 7.0, 43.0, 6.0, 24.0, 29.0, 41.0, 31.0, 12.0]
[9.0, 9.0, 7.999999999999999, 9.0, 7.999999999999999, 7.999999999999999, 9.0, 9.0, 9.0, 9.0, 9.0, 9.0]
[7.999999999999999, 7.999999999999999, 9.0, 7.999999999999999, 9.0, 9.0, 9.0, 9.0, 9.0, 9.0, 9.0, 9.0]
T = 0.03518437208883203	 step = 785
116.30000000000001
32.02496685606061
[22.0, 32.0, 21.0, 44.0, 6.0, 39.0, 19.0, 32.0, 8.0, 7.0, 20.0, 43.0]
[45.0, 11.0, 19.0, 23.0, 7.0, 43.0, 6.0, 24.0, 29.0, 41.0, 31.0, 12.0]
[9.0, 9.0, 7.999999999999999, 9.0, 7.999999999999999, 7.999999999999999, 9.0, 9.0, 9.0, 9.0, 9.0, 9.0]
[7.999999999999999, 7.999999999999999, 9.0, 7.999999999999999, 9.0, 9.0, 9.0, 9.0, 9.0, 9.0, 9.0, 9.0]
T = 0.03518437208883203	 step = 786
116.26000000000005
32.1202049512987
[22.0, 32.0, 21.0, 44.0, 6.0, 39.0, 19.0, 32.0, 7.0, 7.0, 20.0, 43.0]
[45.0, 11.0, 19.0, 23.0, 7.0, 43.0, 6.0, 24.0, 29.0, 41.0, 31.0, 12.0]
[9.0, 9.0, 7.999999999999999, 9.0, 7.999999999999999, 7.999999999999999, 9.0, 9.0, 9.0, 9.0, 9.0, 9.0]
[7.999999999999999, 7.999999999999999, 9.0, 7.999999999999999, 9.0, 9.0, 9.0, 9.0, 9.0, 9.0, 9.0, 9.0]
T = 0.03518437208883203	 step = 787
116.5
31.882109713203462
[22.0, 32.0, 21.0, 44.0, 6.0, 39.0, 19.0, 32.0, 7.0, 7.0, 20.0, 43.0]
[44.0, 11.0, 19.0, 23.0, 7.0, 43.0, 6.0, 24.0, 29.0, 41.0, 31.0, 12.0]
[9.0, 9.0, 7.999999999999999, 9.0, 7.999999999999999, 7.999999999999999, 9.0, 9.0, 9.0, 9.0, 9.0, 9.0]
[7.999999999999999, 7.999999999999999, 9.0, 7.999999999999999, 9.0, 9.0, 9.0, 9.0, 9.0, 9.0, 9.0, 9.0]
T = 0.03518437208883203	 step = 788
117.33000000000004
31.834490665584415
[22.0, 32.0, 22.0, 44.0, 6.0, 39.0, 19.0, 32.0, 7.0, 7.0, 20.0, 43.0]
[44.0, 11.0, 19.0, 23.0, 7.0, 43.0, 6.0, 24.0, 29.0, 41.0, 31.0, 12.0]
[9.0, 9.0, 7.999999999999999, 9.0, 7.999999999999999, 7.999999999999999, 9.0, 9.0, 9.0, 9.0, 9.0, 9.0]
[7.999999999999999, 7.999999999999999, 9.0, 7.999999999999999, 9.0, 9.0, 9.0, 9.0, 9.0, 9.0, 9.0, 9.0]
T = 0.03518437208883203	 step = 789
117.23000000000002
31.09537912608225
[22.0, 32.0, 21.0, 44.0, 6.0, 42.0, 19.0, 32.0, 7.0, 7.0, 20.0, 43.0]
[44.0, 11.0, 19.0, 23.0, 7.0, 34.0, 6.0, 24.0, 29.0, 41.0, 31.0, 12.0]
[9.0, 9.0, 7.999999999999999, 9.0, 7.999999999999999, 7.999999999999999, 9.0, 9.0, 9.0, 9.0, 9.0, 9.0]
[7.999999999999999, 7.999999999999999, 9.0, 7.999999999999999, 9.0, 9.0, 9.0, 9.0, 9.0, 9.0, 9.0, 9.0]
T = 0.03518437208883203	 step = 790
116.48000000000002
31.829605316558435
[22.0, 32.0, 21.0, 44.0, 6.0, 39.0, 19.0, 32.0, 7.0, 7.0, 20.0, 43.0]
[44.0, 11.0, 19.0, 24.0, 7.0, 43.0, 6.0, 24.0, 29.0, 41.0, 31.0, 12.0]
[9.0, 9.0, 7.999999999999999, 9.0, 7.999999999999999, 7.999999999999999, 9.0, 9.0, 9.0, 9.0, 9.0, 9.0]
[7.999999999999999, 7.999999999999999, 9.0, 7.999999999999999, 9.0, 9.0, 9.0, 9.0, 9.0, 9.0, 9.0, 9.0]
T = 0.03518437208883203	 step = 791
116.51000000000005
31.734367221320344
[22.0, 32.0, 21.0, 44.0, 6.0, 39.0, 19.0, 32.0, 7.0, 7.0, 20.0, 43.0]
[44.0, 11.0, 19.0, 24.0, 7.0, 43.0, 6.0, 24.0, 28.0, 41.0, 31.0, 12.0]
[9.0, 9.0, 7.999999999999999, 9.0, 7.999999999999999, 7.999999999999999, 9.0, 9.0, 9.0, 9.0, 9.0, 9.0]
[7.999999999999999, 7.999999999999999, 9.0, 7.999999999999999, 9.0, 9.0, 9.0, 9.0, 9.0, 9.0, 9.0, 9.0]
T = 0.03518437208883203	 step = 792
116.5
31.82960531655844
[22.0, 32.0, 21.0, 44.0, 6.0, 39.0, 19.0, 32.0, 7.0, 7.0, 21.0, 43.0]
[44.0, 11.0, 19.0, 24.0, 7.0, 43.0, 6.0, 24.0, 28.0, 41.0, 31.0, 12.0]
[9.0, 9.0, 7.999999999999999, 9.0, 7.999999999999999, 7.999999999999999, 9.0, 9.0, 9.0, 9.0, 9.0, 9.0]
[7.999999999999999, 7.999999999999999, 9.0, 7.999999999999999, 9.0, 9.0, 9.0, 9.0, 9.0, 9.0, 9.0, 9.0]
T = 0.03518437208883203	 step = 793
116.53000000000003
31.734367221320344
[22.0, 32.0, 21.0, 44.0, 6.0, 39.0, 19.0, 32.0, 7.0, 7.0, 21.0, 43.0]
[44.0, 11.0, 19.0, 24.0, 7.0, 43.0, 6.0, 24.0, 28.0, 40.0, 31.0, 12.0]
[9.0, 9.0, 7.999999999999999, 9.0, 7.999999999999999, 7.999999999999999, 9.0, 9.0, 9.0, 9.0, 9.0, 9.0]
[7.999999999999999, 7.999999999999999, 9.0, 7.999999999999999, 9.0, 9.0, 9.0, 9.0, 9.0, 9.0, 9.0, 9.0]
T = 0.03518437208883203	 step = 794
116.47000000000003
31.717589623917746
[22.0, 32.0, 21.0, 44.0, 6.0, 39.0, 19.0, 33.0, 7.0, 7.0, 21.0, 43.0]
[44.0, 11.0, 19.0, 24.0, 7.0, 43.0, 6.0, 24.0, 28.0, 40.0, 31.0, 12.0]
[9.0, 9.0, 7.999999999999999, 9.0, 7.999999999999999, 7.999999999999999, 9.0, 9.0, 9.0, 9.0, 9.0, 9.0]
[7.999999999999999, 7.999999999999999, 9.0, 7.999999999999999, 9.0, 9.0, 9.0, 9.0, 9.0, 9.0, 9.0, 9.0]
T = 0.03518437208883203	 step = 795
116.47000000000003
31.745457589285714
[22.0, 32.0, 21.0, 44.0, 6.0, 39.0, 20.0, 33.0, 7.0, 7.0, 21.0, 43.0]
[44.0, 11.0, 19.0, 24.0, 7.0, 43.0, 6.0, 24.0, 28.0, 40.0, 31.0, 12.0]
[9.0, 9.0, 7.999999999999999, 9.0, 7.999999999999999, 7.999999999999999, 9.0, 9.0, 9.0, 9.0, 9.0, 9.0]
[7.999999999999999, 7.999999999999999, 9.0, 7.999999999999999, 9.0, 9.0, 9.0, 9.0, 9.0, 9.0, 9.0, 9.0]
T = 0.03518437208883203	 step = 796
116.44
31.84069568452381
[22.0, 32.0, 21.0, 44.0, 6.0, 39.0, 20.0, 33.0, 7.0, 7.0, 21.0, 43.0]
[44.0, 11.0, 19.0, 24.0, 7.0, 43.0, 6.0, 25.0, 28.0, 40.0, 31.0, 12.0]
[9.0, 9.0, 7.999999999999999, 9.0, 7.999999999999999, 7.999999999999999, 9.0, 9.0, 9.0, 9.0, 9.0, 9.0]
[7.999999999999999, 7.999999999999999, 9.0, 7.999999999999999, 9.0, 9.0, 9.0, 9.0, 9.0, 9.0, 9.0, 9.0]
T = 0.03518437208883203	 step = 797
116.41000000000003
31.93704646915584
[22.0, 32.0, 21.0, 44.0, 6.0, 39.0, 20.0, 33.0, 7.0, 7.0, 21.0, 43.0]
[44.0, 11.0, 19.0, 24.0, 7.0, 43.0, 6.0, 25.0, 29.0, 40.0, 31.0, 12.0]
[9.0, 9.0, 7.999999999999999, 9.0, 7.999999999999999, 7.999999999999999, 9.0, 9.0, 9.0, 9.0, 9.0, 9.0]
[7.999999999999999, 7.999999999999999, 9.0, 7.999999999999999, 9.0, 9.0, 9.0, 9.0, 9.0, 9.0, 9.0, 9.0]
T = 0.03518437208883203	 step = 798
116.12
32.08146949404762
[22.0, 32.0, 21.0, 44.0, 6.0, 39.0, 20.0, 33.0, 7.0, 7.0, 21.0, 43.0]
[44.0, 10.0, 19.0, 24.0, 7.0, 43.0, 6.0, 25.0, 29.0, 40.0, 31.0, 12.0]
[9.0, 9.0, 7.999999999999999, 9.0, 7.999999999999999, 7.999999999999999, 9.0, 9.0, 9.0, 9.0, 9.0, 9.0]
[7.999999999999999, 7.999999999999999, 9.0, 7.999999999999999, 9.0, 9.0, 9.0, 9.0, 9.0, 9.0, 9.0, 9.0]
T = 0.03518437208883203	 step = 799
116.20000000000005
31.996479978354973
[22.0, 32.0, 21.0, 44.0, 6.0, 38.0, 20.0, 33.0, 7.0, 7.0, 21.0, 43.0]
[44.0, 10.0, 19.0, 24.0, 7.0, 43.0, 6.0, 25.0, 29.0, 40.0, 31.0, 12.0]
[9.0, 9.0, 7.999999999999999, 9.0, 7.999999999999999, 7.999999999999999, 9.0, 9.0, 9.0, 9.0, 9.0, 9.0]
[7.999999999999999, 7.999999999999999, 9.0, 7.999999999999999, 9.0, 9.0, 9.0, 9.0, 9.0, 9.0, 9.0, 9.0]
T = 0.03518437208883203	 step = 800
116.25
31.901241883116878
[22.0, 32.0, 21.0, 44.0, 6.0, 38.0, 20.0, 33.0, 8.0, 7.0, 21.0, 43.0]
[44.0, 10.0, 19.0, 24.0, 7.0, 43.0, 6.0, 25.0, 29.0, 40.0, 31.0, 12.0]
[9.0, 9.0, 7.999999999999999, 9.0, 7.999999999999999, 7.999999999999999, 9.0, 9.0, 9.0, 9.0, 9.0, 9.0]
[7.999999999999999, 7.999999999999999, 9.0, 7.999999999999999, 9.0, 9.0, 9.0, 9.0, 9.0, 9.0, 9.0, 9.0]
T = 0.03518437208883203	 step = 801
116.23000000000002
31.998032332251075
[22.0, 32.0, 21.0, 44.0, 6.0, 38.0, 20.0, 33.0, 8.0, 6.0, 21.0, 43.0]
[44.0, 10.0, 19.0, 24.0, 7.0, 43.0, 6.0, 25.0, 29.0, 40.0, 31.0, 12.0]
[9.0, 9.0, 7.999999999999999, 9.0, 7.999999999999999, 7.999999999999999, 9.0, 9.0, 9.0, 9.0, 9.0, 9.0]
[7.999999999999999, 7.999999999999999, 9.0, 7.999999999999999, 9.0, 9.0, 9.0, 9.0, 9.0, 9.0, 9.0, 9.0]
T = 0.028147497671065627	 step = 802
116.29000000000002
32.01314089556277
[22.0, 32.0, 21.0, 44.0, 6.0, 38.0, 20.0, 32.0, 8.0, 6.0, 21.0, 43.0]
[44.0, 10.0, 19.0, 24.0, 7.0, 43.0, 6.0, 25.0, 29.0, 40.0, 31.0, 12.0]
[9.0, 9.0, 7.999999999999999, 9.0, 7.999999999999999, 7.999999999999999, 9.0, 9.0, 9.0, 9.0, 9.0, 9.0]
[7.999999999999999, 7.999999999999999, 9.0, 7.999999999999999, 9.0, 9.0, 9.0, 9.0, 9.0, 9.0, 9.0, 9.0]
T = 0.028147497671065627	 step = 803
116.28000000000003
32.04100886093074
[22.0, 32.0, 21.0, 44.0, 6.0, 38.0, 21.0, 32.0, 8.0, 6.0, 21.0, 43.0]
[44.0, 10.0, 19.0, 24.0, 7.0, 43.0, 6.0, 25.0, 29.0, 40.0, 31.0, 12.0]
[9.0, 9.0, 7.999999999999999, 9.0, 7.999999999999999, 7.999999999999999, 9.0, 9.0, 9.0, 9.0, 9.0, 9.0]
[7.999999999999999, 7.999999999999999, 9.0, 7.999999999999999, 9.0, 9.0, 9.0, 9.0, 9.0, 9.0, 9.0, 9.0]
T = 0.028147497671065627	 step = 804
116.29000000000002
32.20260518127705
[21.0, 32.0, 21.0, 44.0, 6.0, 38.0, 21.0, 32.0, 8.0, 6.0, 21.0, 43.0]
[44.0, 10.0, 19.0, 24.0, 7.0, 43.0, 6.0, 25.0, 29.0, 40.0, 31.0, 12.0]
[9.0, 9.0, 7.999999999999999, 9.0, 7.999999999999999, 7.999999999999999, 9.0, 9.0, 9.0, 9.0, 9.0, 9.0]
[7.999999999999999, 7.999999999999999, 9.0, 7.999999999999999, 9.0, 9.0, 9.0, 9.0, 9.0, 9.0, 9.0, 9.0]
T = 0.028147497671065627	 step = 805
116.25
32.136246956168826
[22.0, 32.0, 21.0, 44.0, 6.0, 38.0, 21.0, 32.0, 8.0, 6.0, 21.0, 43.0]
[44.0, 10.0, 19.0, 24.0, 7.0, 43.0, 6.0, 26.0, 29.0, 40.0, 31.0, 12.0]
[9.0, 9.0, 7.999999999999999, 9.0, 7.999999999999999, 7.999999999999999, 9.0, 9.0, 9.0, 9.0, 9.0, 9.0]
[7.999999999999999, 7.999999999999999, 9.0, 7.999999999999999, 9.0, 9.0, 9.0, 9.0, 9.0, 9.0, 9.0, 9.0]
T = 0.028147497671065627	 step = 806
116.30000000000001
32.04100886093073
[22.0, 32.0, 21.0, 44.0, 6.0, 38.0, 21.0, 32.0, 9.0, 6.0, 21.0, 43.0]
[44.0, 10.0, 19.0, 24.0, 7.0, 43.0, 6.0, 26.0, 29.0, 40.0, 31.0, 12.0]
[9.0, 9.0, 7.999999999999999, 9.0, 7.999999999999999, 7.999999999999999, 9.0, 9.0, 9.0, 9.0, 9.0, 9.0]
[7.999999999999999, 7.999999999999999, 9.0, 7.999999999999999, 9.0, 9.0, 9.0, 9.0, 9.0, 9.0, 9.0, 9.0]
T = 0.028147497671065627	 step = 807
116.33000000000004
31.94577076569264
[22.0, 32.0, 21.0, 44.0, 6.0, 38.0, 21.0, 32.0, 9.0, 6.0, 21.0, 43.0]
[44.0, 10.0, 19.0, 24.0, 7.0, 43.0, 6.0, 26.0, 28.0, 40.0, 31.0, 12.0]
[9.0, 9.0, 7.999999999999999, 9.0, 7.999999999999999, 7.999999999999999, 9.0, 9.0, 9.0, 9.0, 9.0, 9.0]
[7.999999999999999, 7.999999999999999, 9.0, 7.999999999999999, 9.0, 9.0, 9.0, 9.0, 9.0, 9.0, 9.0, 9.0]
T = 0.028147497671065627	 step = 808
116.34000000000003
31.80779897186147
[22.0, 32.0, 21.0, 44.0, 6.0, 38.0, 21.0, 32.0, 9.0, 6.0, 21.0, 43.0]
[44.0, 10.0, 20.0, 24.0, 7.0, 43.0, 6.0, 26.0, 28.0, 40.0, 31.0, 12.0]
[9.0, 9.0, 7.999999999999999, 9.0, 7.999999999999999, 7.999999999999999, 9.0, 9.0, 9.0, 9.0, 9.0, 9.0]
[7.999999999999999, 7.999999999999999, 9.0, 7.999999999999999, 9.0, 9.0, 9.0, 9.0, 9.0, 9.0, 9.0, 9.0]
T = 0.028147497671065627	 step = 809
116.34000000000003
31.71256087662337
[22.0, 32.0, 21.0, 44.0, 6.0, 38.0, 21.0, 32.0, 9.0, 6.0, 20.0, 43.0]
[44.0, 10.0, 20.0, 24.0, 7.0, 43.0, 6.0, 26.0, 28.0, 40.0, 31.0, 12.0]
[9.0, 9.0, 7.999999999999999, 9.0, 7.999999999999999, 7.999999999999999, 9.0, 9.0, 9.0, 9.0, 9.0, 9.0]
[7.999999999999999, 7.999999999999999, 9.0, 7.999999999999999, 9.0, 9.0, 9.0, 9.0, 9.0, 9.0, 9.0, 9.0]
T = 0.028147497671065627	 step = 810
116.30000000000001
31.66005647997835
[22.0, 32.0, 21.0, 44.0, 6.0, 38.0, 21.0, 32.0, 9.0, 6.0, 20.0, 43.0]
[44.0, 10.0, 20.0, 25.0, 7.0, 43.0, 6.0, 26.0, 28.0, 40.0, 31.0, 12.0]
[9.0, 9.0, 7.999999999999999, 9.0, 7.999999999999999, 7.999999999999999, 9.0, 9.0, 9.0, 9.0, 9.0, 9.0]
[7.999999999999999, 7.999999999999999, 9.0, 7.999999999999999, 9.0, 9.0, 9.0, 9.0, 9.0, 9.0, 9.0, 9.0]
T = 0.028147497671065627	 step = 811
116.27000000000004
31.755294575216446
[22.0, 32.0, 21.0, 44.0, 6.0, 38.0, 21.0, 32.0, 9.0, 6.0, 20.0, 43.0]
[44.0, 10.0, 20.0, 25.0, 7.0, 43.0, 6.0, 27.0, 28.0, 40.0, 31.0, 12.0]
[9.0, 9.0, 7.999999999999999, 9.0, 7.999999999999999, 7.999999999999999, 9.0, 9.0, 9.0, 9.0, 9.0, 9.0]
[7.999999999999999, 7.999999999999999, 9.0, 7.999999999999999, 9.0, 9.0, 9.0, 9.0, 9.0, 9.0, 9.0, 9.0]
T = 0.028147497671065627	 step = 812
115.40000000000003
32.183866003787884
[22.0, 32.0, 21.0, 44.0, 6.0, 38.0, 21.0, 32.0, 9.0, 6.0, 20.0, 43.0]
[44.0, 7.0, 20.0, 25.0, 7.0, 43.0, 6.0, 27.0, 28.0, 40.0, 31.0, 12.0]
[9.0, 9.0, 7.999999999999999, 9.0, 7.999999999999999, 7.999999999999999, 9.0, 9.0, 9.0, 9.0, 9.0, 9.0]
[7.999999999999999, 7.999999999999999, 9.0, 7.999999999999999, 9.0, 9.0, 9.0, 9.0, 9.0, 9.0, 9.0, 9.0]
T = 0.028147497671065627	 step = 813
115.11000000000001
32.55588981331168
[22.0, 32.0, 21.0, 44.0, 6.0, 38.0, 21.0, 32.0, 9.0, 6.0, 20.0, 43.0]
[44.0, 7.0, 20.0, 25.0, 7.0, 45.0, 6.0, 27.0, 28.0, 40.0, 31.0, 12.0]
[9.0, 9.0, 7.999999999999999, 9.0, 7.999999999999999, 9.0, 9.0, 9.0, 9.0, 9.0, 9.0, 9.0]
[7.999999999999999, 7.999999999999999, 9.0, 7.999999999999999, 9.0, 7.999999999999999, 9.0, 9.0, 9.0, 9.0, 9.0, 9.0]
T = 0.028147497671065627	 step = 814
115.36000000000001
32.318317099567096
[22.0, 32.0, 21.0, 44.0, 7.0, 38.0, 21.0, 32.0, 9.0, 6.0, 20.0, 43.0]
[44.0, 7.0, 20.0, 25.0, 7.0, 45.0, 6.0, 27.0, 28.0, 40.0, 31.0, 12.0]
[9.0, 9.0, 7.999999999999999, 9.0, 7.999999999999999, 9.0, 9.0, 9.0, 9.0, 9.0, 9.0, 9.0]
[7.999999999999999, 7.999999999999999, 9.0, 7.999999999999999, 9.0, 7.999999999999999, 9.0, 9.0, 9.0, 9.0, 9.0, 9.0]
T = 0.028147497671065627	 step = 815
115.29000000000002
32.4135551948052
[22.0, 32.0, 21.0, 44.0, 7.0, 38.0, 21.0, 32.0, 9.0, 6.0, 20.0, 43.0]
[44.0, 7.0, 20.0, 25.0, 7.0, 45.0, 6.0, 27.0, 28.0, 40.0, 32.0, 12.0]
[9.0, 9.0, 7.999999999999999, 9.0, 7.999999999999999, 9.0, 9.0, 9.0, 9.0, 9.0, 9.0, 9.0]
[7.999999999999999, 7.999999999999999, 9.0, 7.999999999999999, 9.0, 7.999999999999999, 9.0, 9.0, 9.0, 9.0, 9.0, 9.0]
T = 0.028147497671065627	 step = 816
115.84000000000003
32.3654136228355
[22.0, 32.0, 22.0, 44.0, 7.0, 38.0, 21.0, 32.0, 9.0, 6.0, 20.0, 43.0]
[44.0, 7.0, 20.0, 25.0, 7.0, 45.0, 6.0, 27.0, 28.0, 40.0, 32.0, 12.0]
[9.0, 9.0, 7.999999999999999, 9.0, 7.999999999999999, 9.0, 9.0, 9.0, 9.0, 9.0, 9.0, 9.0]
[7.999999999999999, 7.999999999999999, 9.0, 7.999999999999999, 9.0, 7.999999999999999, 9.0, 9.0, 9.0, 9.0, 9.0, 9.0]
T = 0.028147497671065627	 step = 817
115.31
32.318317099567096
[22.0, 32.0, 21.0, 44.0, 7.0, 38.0, 21.0, 32.0, 9.0, 6.0, 20.0, 43.0]
[44.0, 7.0, 20.0, 25.0, 7.0, 45.0, 6.0, 27.0, 28.0, 39.0, 32.0, 12.0]
[9.0, 9.0, 7.999999999999999, 9.0, 7.999999999999999, 9.0, 9.0, 9.0, 9.0, 9.0, 9.0, 9.0]
[7.999999999999999, 7.999999999999999, 9.0, 7.999999999999999, 9.0, 7.999999999999999, 9.0, 9.0, 9.0, 9.0, 9.0, 9.0]
T = 0.028147497671065627	 step = 818
115.59000000000003
32.17493743235931
[22.0, 32.0, 21.0, 44.0, 7.0, 38.0, 21.0, 32.0, 9.0, 6.0, 20.0, 43.0]
[44.0, 8.0, 20.0, 25.0, 7.0, 45.0, 6.0, 27.0, 28.0, 39.0, 32.0, 12.0]
[9.0, 9.0, 7.999999999999999, 9.0, 7.999999999999999, 9.0, 9.0, 9.0, 9.0, 9.0, 9.0, 9.0]
[7.999999999999999, 7.999999999999999, 9.0, 7.999999999999999, 9.0, 7.999999999999999, 9.0, 9.0, 9.0, 9.0, 9.0, 9.0]
T = 0.028147497671065627	 step = 819
115.62
32.07969933712121
[22.0, 32.0, 21.0, 44.0, 7.0, 38.0, 21.0, 32.0, 9.0, 6.0, 20.0, 43.0]
[44.0, 8.0, 20.0, 25.0, 7.0, 45.0, 6.0, 27.0, 27.0, 39.0, 32.0, 12.0]
[9.0, 9.0, 7.999999999999999, 9.0, 7.999999999999999, 9.0, 9.0, 9.0, 9.0, 9.0, 9.0, 9.0]
[7.999999999999999, 7.999999999999999, 9.0, 7.999999999999999, 9.0, 7.999999999999999, 9.0, 9.0, 9.0, 9.0, 9.0, 9.0]
T = 0.028147497671065627	 step = 820
115.34000000000003
32.223079004329
[22.0, 32.0, 21.0, 44.0, 7.0, 38.0, 21.0, 32.0, 9.0, 6.0, 20.0, 43.0]
[44.0, 7.0, 20.0, 25.0, 7.0, 45.0, 6.0, 27.0, 27.0, 39.0, 32.0, 12.0]
[9.0, 9.0, 7.999999999999999, 9.0, 7.999999999999999, 9.0, 9.0, 9.0, 9.0, 9.0, 9.0, 9.0]
[7.999999999999999, 7.999999999999999, 9.0, 7.999999999999999, 9.0, 7.999999999999999, 9.0, 9.0, 9.0, 9.0, 9.0, 9.0]
T = 0.028147497671065627	 step = 821
115.58000000000004
31.984461241883114
[22.0, 32.0, 21.0, 44.0, 8.0, 38.0, 21.0, 32.0, 9.0, 6.0, 20.0, 43.0]
[44.0, 7.0, 20.0, 25.0, 7.0, 45.0, 6.0, 27.0, 27.0, 39.0, 32.0, 12.0]
[9.0, 9.0, 7.999999999999999, 9.0, 7.999999999999999, 9.0, 9.0, 9.0, 9.0, 9.0, 9.0, 9.0]
[7.999999999999999, 7.999999999999999, 9.0, 7.999999999999999, 9.0, 7.999999999999999, 9.0, 9.0, 9.0, 9.0, 9.0, 9.0]
T = 0.028147497671065627	 step = 822
115.35000000000002
32.36593614718615
[22.0, 32.0, 21.0, 44.0, 7.0, 38.0, 21.0, 32.0, 9.0, 6.0, 20.0, 43.0]
[44.0, 7.0, 19.0, 25.0, 7.0, 45.0, 6.0, 27.0, 27.0, 39.0, 32.0, 12.0]
[9.0, 9.0, 7.999999999999999, 9.0, 7.999999999999999, 9.0, 9.0, 9.0, 9.0, 9.0, 9.0, 9.0]
[7.999999999999999, 7.999999999999999, 9.0, 7.999999999999999, 9.0, 7.999999999999999, 9.0, 9.0, 9.0, 9.0, 9.0, 9.0]
T = 0.028147497671065627	 step = 823
115.29000000000002
32.46065171807359
[22.0, 32.0, 21.0, 44.0, 7.0, 38.0, 21.0, 32.0, 9.0, 6.0, 20.0, 43.0]
[44.0, 7.0, 19.0, 25.0, 7.0, 45.0, 6.0, 27.0, 27.0, 39.0, 33.0, 12.0]
[9.0, 9.0, 7.999999999999999, 9.0, 7.999999999999999, 9.0, 9.0, 9.0, 9.0, 9.0, 9.0, 9.0]
[7.999999999999999, 7.999999999999999, 9.0, 7.999999999999999, 9.0, 7.999999999999999, 9.0, 9.0, 9.0, 9.0, 9.0, 9.0]
T = 0.028147497671065627	 step = 824
115.53000000000003
32.22255647997835
[22.0, 32.0, 21.0, 43.0, 7.0, 38.0, 21.0, 32.0, 9.0, 6.0, 20.0, 43.0]
[44.0, 7.0, 19.0, 25.0, 7.0, 45.0, 6.0, 27.0, 27.0, 39.0, 33.0, 12.0]
[9.0, 9.0, 7.999999999999999, 9.0, 7.999999999999999, 9.0, 9.0, 9.0, 9.0, 9.0, 9.0, 9.0]
[7.999999999999999, 7.999999999999999, 9.0, 7.999999999999999, 9.0, 7.999999999999999, 9.0, 9.0, 9.0, 9.0, 9.0, 9.0]
T = 0.028147497671065627	 step = 825
115.37
32.41303267045454
[22.0, 32.0, 21.0, 44.0, 7.0, 37.0, 21.0, 32.0, 9.0, 6.0, 20.0, 43.0]
[44.0, 7.0, 19.0, 25.0, 7.0, 45.0, 6.0, 27.0, 27.0, 39.0, 33.0, 12.0]
[9.0, 9.0, 7.999999999999999, 9.0, 7.999999999999999, 9.0, 9.0, 9.0, 9.0, 9.0, 9.0, 9.0]
[7.999999999999999, 7.999999999999999, 9.0, 7.999999999999999, 9.0, 7.999999999999999, 9.0, 9.0, 9.0, 9.0, 9.0, 9.0]
T = 0.028147497671065627	 step = 826
115.32000000000005
32.39625507305195
[22.0, 32.0, 21.0, 44.0, 7.0, 37.0, 21.0, 33.0, 9.0, 6.0, 20.0, 43.0]
[44.0, 7.0, 19.0, 25.0, 7.0, 45.0, 6.0, 27.0, 27.0, 39.0, 33.0, 12.0]
[9.0, 9.0, 7.999999999999999, 9.0, 7.999999999999999, 9.0, 9.0, 9.0, 9.0, 9.0, 9.0, 9.0]
[7.999999999999999, 7.999999999999999, 9.0, 7.999999999999999, 9.0, 7.999999999999999, 9.0, 9.0, 9.0, 9.0, 9.0, 9.0]
T = 0.028147497671065627	 step = 827
115.27000000000004
32.49149316829004
[22.0, 32.0, 21.0, 44.0, 7.0, 37.0, 21.0, 33.0, 8.0, 6.0, 20.0, 43.0]
[44.0, 7.0, 19.0, 25.0, 7.0, 45.0, 6.0, 27.0, 27.0, 39.0, 33.0, 12.0]
[9.0, 9.0, 7.999999999999999, 9.0, 7.999999999999999, 9.0, 9.0, 9.0, 9.0, 9.0, 9.0, 9.0]
[7.999999999999999, 7.999999999999999, 9.0, 7.999999999999999, 9.0, 7.999999999999999, 9.0, 9.0, 9.0, 9.0, 9.0, 9.0]
T = 0.028147497671065627	 step = 828
115.32000000000005
32.508270765692636
[22.0, 32.0, 21.0, 44.0, 7.0, 37.0, 21.0, 32.0, 8.0, 6.0, 20.0, 43.0]
[44.0, 7.0, 19.0, 25.0, 7.0, 45.0, 6.0, 27.0, 27.0, 39.0, 33.0, 12.0]
[9.0, 9.0, 7.999999999999999, 9.0, 7.999999999999999, 9.0, 9.0, 9.0, 9.0, 9.0, 9.0, 9.0]
[7.999999999999999, 7.999999999999999, 9.0, 7.999999999999999, 9.0, 7.999999999999999, 9.0, 9.0, 9.0, 9.0, 9.0, 9.0]
T = 0.028147497671065627	 step = 829
115.57000000000005
32.36149046266234
[22.0, 32.0, 21.0, 44.0, 7.0, 37.0, 21.0, 32.0, 8.0, 6.0, 20.0, 43.0]
[43.0, 7.0, 19.0, 25.0, 7.0, 45.0, 6.0, 27.0, 27.0, 39.0, 33.0, 12.0]
[9.0, 9.0, 7.999999999999999, 9.0, 7.999999999999999, 9.0, 9.0, 9.0, 9.0, 9.0, 9.0, 9.0]
[7.999999999999999, 7.999999999999999, 9.0, 7.999999999999999, 9.0, 7.999999999999999, 9.0, 9.0, 9.0, 9.0, 9.0, 9.0]
T = 0.028147497671065627	 step = 830
115.36000000000001
32.41303267045454
[22.0, 32.0, 21.0, 44.0, 7.0, 37.0, 21.0, 32.0, 8.0, 6.0, 20.0, 43.0]
[44.0, 7.0, 19.0, 25.0, 7.0, 45.0, 6.0, 26.0, 27.0, 39.0, 33.0, 12.0]
[9.0, 9.0, 7.999999999999999, 9.0, 7.999999999999999, 9.0, 9.0, 9.0, 9.0, 9.0, 9.0, 9.0]
[7.999999999999999, 7.999999999999999, 9.0, 7.999999999999999, 9.0, 7.999999999999999, 9.0, 9.0, 9.0, 9.0, 9.0, 9.0]
T = 0.028147497671065627	 step = 831
115.64000000000004
32.27027698863636
[22.0, 32.0, 21.0, 44.0, 7.0, 37.0, 21.0, 32.0, 8.0, 6.0, 20.0, 43.0]
[44.0, 8.0, 19.0, 25.0, 7.0, 45.0, 6.0, 26.0, 27.0, 39.0, 33.0, 12.0]
[9.0, 9.0, 7.999999999999999, 9.0, 7.999999999999999, 9.0, 9.0, 9.0, 9.0, 9.0, 9.0, 9.0]
[7.999999999999999, 7.999999999999999, 9.0, 7.999999999999999, 9.0, 7.999999999999999, 9.0, 9.0, 9.0, 9.0, 9.0, 9.0]
T = 0.028147497671065627	 step = 832
115.67000000000002
32.175038893398266
[22.0, 32.0, 21.0, 44.0, 7.0, 37.0, 21.0, 32.0, 8.0, 6.0, 20.0, 43.0]
[44.0, 8.0, 19.0, 25.0, 7.0, 45.0, 6.0, 25.0, 27.0, 39.0, 33.0, 12.0]
[9.0, 9.0, 7.999999999999999, 9.0, 7.999999999999999, 9.0, 9.0, 9.0, 9.0, 9.0, 9.0, 9.0]
[7.999999999999999, 7.999999999999999, 9.0, 7.999999999999999, 9.0, 7.999999999999999, 9.0, 9.0, 9.0, 9.0, 9.0, 9.0]
T = 0.028147497671065627	 step = 833
115.64000000000004
32.27027698863636
[22.0, 32.0, 21.0, 44.0, 7.0, 37.0, 21.0, 32.0, 8.0, 6.0, 20.0, 44.0]
[44.0, 8.0, 19.0, 25.0, 7.0, 45.0, 6.0, 25.0, 27.0, 39.0, 33.0, 12.0]
[9.0, 9.0, 7.999999999999999, 9.0, 7.999999999999999, 9.0, 9.0, 9.0, 9.0, 9.0, 9.0, 9.0]
[7.999999999999999, 7.999999999999999, 9.0, 7.999999999999999, 9.0, 7.999999999999999, 9.0, 9.0, 9.0, 9.0, 9.0, 9.0]
T = 0.028147497671065627	 step = 834
115.68
32.17535849567099
[22.0, 32.0, 21.0, 44.0, 7.0, 37.0, 21.0, 32.0, 8.0, 6.0, 20.0, 44.0]
[44.0, 8.0, 19.0, 25.0, 7.0, 45.0, 6.0, 24.0, 27.0, 39.0, 33.0, 12.0]
[9.0, 9.0, 7.999999999999999, 9.0, 7.999999999999999, 9.0, 9.0, 9.0, 9.0, 9.0, 9.0, 9.0]
[7.999999999999999, 7.999999999999999, 9.0, 7.999999999999999, 9.0, 7.999999999999999, 9.0, 9.0, 9.0, 9.0, 9.0, 9.0]
T = 0.028147497671065627	 step = 835
116.29000000000002
32.127318384740256
[22.0, 32.0, 22.0, 44.0, 7.0, 37.0, 21.0, 32.0, 8.0, 6.0, 20.0, 44.0]
[44.0, 8.0, 19.0, 25.0, 7.0, 45.0, 6.0, 24.0, 27.0, 39.0, 33.0, 12.0]
[9.0, 9.0, 7.999999999999999, 9.0, 7.999999999999999, 9.0, 9.0, 9.0, 9.0, 9.0, 9.0, 9.0]
[7.999999999999999, 7.999999999999999, 9.0, 7.999999999999999, 9.0, 7.999999999999999, 9.0, 9.0, 9.0, 9.0, 9.0, 9.0]
T = 0.028147497671065627	 step = 836
115.61000000000001
32.127318384740256
[22.0, 32.0, 21.0, 44.0, 7.0, 37.0, 21.0, 32.0, 8.0, 6.0, 20.0, 44.0]
[44.0, 8.0, 19.0, 26.0, 7.0, 45.0, 6.0, 24.0, 27.0, 39.0, 33.0, 12.0]
[9.0, 9.0, 7.999999999999999, 9.0, 7.999999999999999, 9.0, 9.0, 9.0, 9.0, 9.0, 9.0, 9.0]
[7.999999999999999, 7.999999999999999, 9.0, 7.999999999999999, 9.0, 7.999999999999999, 9.0, 9.0, 9.0, 9.0, 9.0, 9.0]
T = 0.028147497671065627	 step = 837
115.60000000000002
31.984461241883114
[22.0, 32.0, 21.0, 44.0, 7.0, 37.0, 21.0, 32.0, 8.0, 6.0, 20.0, 44.0]
[44.0, 8.0, 20.0, 26.0, 7.0, 45.0, 6.0, 24.0, 27.0, 39.0, 33.0, 12.0]
[9.0, 9.0, 7.999999999999999, 9.0, 7.999999999999999, 9.0, 9.0, 9.0, 9.0, 9.0, 9.0, 9.0]
[7.999999999999999, 7.999999999999999, 9.0, 7.999999999999999, 9.0, 7.999999999999999, 9.0, 9.0, 9.0, 9.0, 9.0, 9.0]
T = 0.028147497671065627	 step = 838
115.86000000000001
31.837680938852813
[22.0, 32.0, 21.0, 44.0, 7.0, 37.0, 21.0, 32.0, 8.0, 6.0, 20.0, 44.0]
[43.0, 8.0, 20.0, 26.0, 7.0, 45.0, 6.0, 24.0, 27.0, 39.0, 33.0, 12.0]
[9.0, 9.0, 7.999999999999999, 9.0, 7.999999999999999, 9.0, 9.0, 9.0, 9.0, 9.0, 9.0, 9.0]
[7.999999999999999, 7.999999999999999, 9.0, 7.999999999999999, 9.0, 7.999999999999999, 9.0, 9.0, 9.0, 9.0, 9.0, 9.0]
T = 0.028147497671065627	 step = 839
115.60000000000002
31.984461241883114
[22.0, 32.0, 21.0, 44.0, 7.0, 37.0, 21.0, 32.0, 8.0, 6.0, 20.0, 44.0]
[44.0, 8.0, 20.0, 26.0, 7.0, 45.0, 6.0, 24.0, 27.0, 39.0, 33.0, 12.0]
[9.0, 9.0, 7.999999999999999, 9.0, 7.999999999999999, 9.0, 9.0, 9.0, 9.0, 9.0, 9.0, 9.0]
[7.999999999999999, 7.999999999999999, 9.0, 7.999999999999999, 9.0, 7.999999999999999, 9.0, 9.0, 9.0, 9.0, 9.0, 9.0]
T = 0.028147497671065627	 step = 840
115.20000000000005
32.032467532467535
[22.0, 32.0, 20.0, 44.0, 7.0, 37.0, 21.0, 32.0, 8.0, 6.0, 20.0, 44.0]
[44.0, 8.0, 20.0, 26.0, 7.0, 45.0, 6.0, 24.0, 27.0, 39.0, 33.0, 12.0]
[9.0, 9.0, 7.999999999999999, 9.0, 7.999999999999999, 9.0, 9.0, 9.0, 9.0, 9.0, 9.0, 9.0]
[7.999999999999999, 7.999999999999999, 9.0, 7.999999999999999, 9.0, 7.999999999999999, 9.0, 9.0, 9.0, 9.0, 9.0, 9.0]
T = 0.028147497671065627	 step = 841
115.17000000000002
32.12770562770563
[22.0, 32.0, 20.0, 44.0, 7.0, 37.0, 21.0, 32.0, 8.0, 6.0, 20.0, 44.0]
[44.0, 8.0, 20.0, 26.0, 7.0, 45.0, 6.0, 24.0, 28.0, 39.0, 33.0, 12.0]
[9.0, 9.0, 7.999999999999999, 9.0, 7.999999999999999, 9.0, 9.0, 9.0, 9.0, 9.0, 9.0, 9.0]
[7.999999999999999, 7.999999999999999, 9.0, 7.999999999999999, 9.0, 7.999999999999999, 9.0, 9.0, 9.0, 9.0, 9.0, 9.0]
T = 0.028147497671065627	 step = 842
115.24000000000001
31.937229437229437
[22.0, 32.0, 20.0, 44.0, 7.0, 37.0, 21.0, 32.0, 8.0, 6.0, 20.0, 44.0]
[44.0, 8.0, 20.0, 26.0, 7.0, 45.0, 6.0, 24.0, 26.0, 39.0, 33.0, 12.0]
[9.0, 9.0, 7.999999999999999, 9.0, 7.999999999999999, 9.0, 9.0, 9.0, 9.0, 9.0, 9.0, 9.0]
[7.999999999999999, 7.999999999999999, 9.0, 7.999999999999999, 9.0, 7.999999999999999, 9.0, 9.0, 9.0, 9.0, 9.0, 9.0]
T = 0.028147497671065627	 step = 843
115.21000000000004
32.032467532467535
[22.0, 32.0, 20.0, 44.0, 7.0, 37.0, 21.0, 32.0, 8.0, 6.0, 20.0, 44.0]
[44.0, 8.0, 20.0, 26.0, 7.0, 45.0, 6.0, 24.0, 26.0, 40.0, 33.0, 12.0]
[9.0, 9.0, 7.999999999999999, 9.0, 7.999999999999999, 9.0, 9.0, 9.0, 9.0, 9.0, 9.0, 9.0]
[7.999999999999999, 7.999999999999999, 9.0, 7.999999999999999, 9.0, 7.999999999999999, 9.0, 9.0, 9.0, 9.0, 9.0, 9.0]
T = 0.028147497671065627	 step = 844
115.16000000000003
32.01530269209957
[22.0, 32.0, 20.0, 44.0, 7.0, 37.0, 21.0, 33.0, 8.0, 6.0, 20.0, 44.0]
[44.0, 8.0, 20.0, 26.0, 7.0, 45.0, 6.0, 24.0, 26.0, 40.0, 33.0, 12.0]
[9.0, 9.0, 7.999999999999999, 9.0, 7.999999999999999, 9.0, 9.0, 9.0, 9.0, 9.0, 9.0, 9.0]
[7.999999999999999, 7.999999999999999, 9.0, 7.999999999999999, 9.0, 7.999999999999999, 9.0, 9.0, 9.0, 9.0, 9.0, 9.0]
T = 0.028147497671065627	 step = 845
115.09000000000003
32.11054078733766
[22.0, 32.0, 20.0, 44.0, 7.0, 37.0, 21.0, 33.0, 7.0, 6.0, 20.0, 44.0]
[44.0, 8.0, 20.0, 26.0, 7.0, 45.0, 6.0, 24.0, 26.0, 40.0, 33.0, 12.0]
[9.0, 9.0, 7.999999999999999, 9.0, 7.999999999999999, 9.0, 9.0, 9.0, 9.0, 9.0, 9.0, 9.0]
[7.999999999999999, 7.999999999999999, 9.0, 7.999999999999999, 9.0, 7.999999999999999, 9.0, 9.0, 9.0, 9.0, 9.0, 9.0]
T = 0.028147497671065627	 step = 846
115.99000000000001
31.405183644480516
[22.0, 32.0, 20.0, 44.0, 7.0, 33.0, 21.0, 33.0, 7.0, 6.0, 20.0, 44.0]
[44.0, 8.0, 20.0, 26.0, 7.0, 42.0, 6.0, 24.0, 26.0, 40.0, 33.0, 12.0]
[9.0, 9.0, 7.999999999999999, 9.0, 7.999999999999999, 7.999999999999999, 9.0, 9.0, 9.0, 9.0, 9.0, 9.0]
[7.999999999999999, 7.999999999999999, 9.0, 7.999999999999999, 9.0, 9.0, 9.0, 9.0, 9.0, 9.0, 9.0, 9.0]
T = 0.028147497671065627	 step = 847
116.05000000000001
31.309945549242425
[22.0, 32.0, 20.0, 44.0, 7.0, 33.0, 21.0, 33.0, 7.0, 6.0, 20.0, 44.0]
[44.0, 8.0, 20.0, 26.0, 7.0, 42.0, 7.0, 24.0, 26.0, 40.0, 33.0, 12.0]
[9.0, 9.0, 7.999999999999999, 9.0, 7.999999999999999, 7.999999999999999, 9.0, 9.0, 9.0, 9.0, 9.0, 9.0]
[7.999999999999999, 7.999999999999999, 9.0, 7.999999999999999, 9.0, 9.0, 9.0, 9.0, 9.0, 9.0, 9.0, 9.0]
T = 0.028147497671065627	 step = 848
116.07000000000005
31.214707454004326
[22.0, 32.0, 20.0, 44.0, 7.0, 33.0, 21.0, 33.0, 7.0, 7.0, 20.0, 44.0]
[44.0, 8.0, 20.0, 26.0, 7.0, 42.0, 7.0, 24.0, 26.0, 40.0, 33.0, 12.0]
[9.0, 9.0, 7.999999999999999, 9.0, 7.999999999999999, 7.999999999999999, 9.0, 9.0, 9.0, 9.0, 9.0, 9.0]
[7.999999999999999, 7.999999999999999, 9.0, 7.999999999999999, 9.0, 9.0, 9.0, 9.0, 9.0, 9.0, 9.0, 9.0]
T = 0.028147497671065627	 step = 849
116.08000000000004
31.11946935876623
[22.0, 32.0, 20.0, 44.0, 7.0, 33.0, 21.0, 33.0, 7.0, 7.0, 20.0, 44.0]
[44.0, 8.0, 20.0, 26.0, 7.0, 42.0, 7.0, 24.0, 26.0, 40.0, 33.0, 13.0]
[9.0, 9.0, 7.999999999999999, 9.0, 7.999999999999999, 7.999999999999999, 9.0, 9.0, 9.0, 9.0, 9.0, 9.0]
[7.999999999999999, 7.999999999999999, 9.0, 7.999999999999999, 9.0, 9.0, 9.0, 9.0, 9.0, 9.0, 9.0, 9.0]
T = 0.028147497671065627	 step = 850
116.33000000000004
30.88137412067099
[22.0, 32.0, 20.0, 44.0, 7.0, 33.0, 21.0, 33.0, 7.0, 7.0, 20.0, 44.0]
[43.0, 8.0, 20.0, 26.0, 7.0, 42.0, 7.0, 24.0, 26.0, 40.0, 33.0, 13.0]
[9.0, 9.0, 7.999999999999999, 9.0, 7.999999999999999, 7.999999999999999, 9.0, 9.0, 9.0, 9.0, 9.0, 9.0]
[7.999999999999999, 7.999999999999999, 9.0, 7.999999999999999, 9.0, 9.0, 9.0, 9.0, 9.0, 9.0, 9.0, 9.0]
T = 0.028147497671065627	 step = 851
116.74000000000001
30.833755073051943
[22.0, 32.0, 21.0, 44.0, 7.0, 33.0, 21.0, 33.0, 7.0, 7.0, 20.0, 44.0]
[43.0, 8.0, 20.0, 26.0, 7.0, 42.0, 7.0, 24.0, 26.0, 40.0, 33.0, 13.0]
[9.0, 9.0, 7.999999999999999, 9.0, 7.999999999999999, 7.999999999999999, 9.0, 9.0, 9.0, 9.0, 9.0, 9.0]
[7.999999999999999, 7.999999999999999, 9.0, 7.999999999999999, 9.0, 9.0, 9.0, 9.0, 9.0, 9.0, 9.0, 9.0]
T = 0.022517998136852502	 step = 852
116.80000000000001
30.850532670454545
[22.0, 32.0, 21.0, 44.0, 7.0, 33.0, 21.0, 32.0, 7.0, 7.0, 20.0, 44.0]
[43.0, 8.0, 20.0, 26.0, 7.0, 42.0, 7.0, 24.0, 26.0, 40.0, 33.0, 13.0]
[9.0, 9.0, 7.999999999999999, 9.0, 7.999999999999999, 7.999999999999999, 9.0, 9.0, 9.0, 9.0, 9.0, 9.0]
[7.999999999999999, 7.999999999999999, 9.0, 7.999999999999999, 9.0, 9.0, 9.0, 9.0, 9.0, 9.0, 9.0, 9.0]
T = 0.022517998136852502	 step = 853
116.75
30.995351393398266
[21.0, 32.0, 21.0, 44.0, 7.0, 33.0, 21.0, 33.0, 7.0, 7.0, 20.0, 44.0]
[43.0, 8.0, 20.0, 26.0, 7.0, 42.0, 7.0, 24.0, 26.0, 40.0, 33.0, 13.0]
[9.0, 9.0, 7.999999999999999, 9.0, 7.999999999999999, 7.999999999999999, 9.0, 9.0, 9.0, 9.0, 9.0, 9.0]
[7.999999999999999, 7.999999999999999, 9.0, 7.999999999999999, 9.0, 9.0, 9.0, 9.0, 9.0, 9.0, 9.0, 9.0]
T = 0.022517998136852502	 step = 854
117.36000000000001
30.947732345779215
[21.0, 32.0, 22.0, 44.0, 7.0, 33.0, 21.0, 33.0, 7.0, 7.0, 20.0, 44.0]
[43.0, 8.0, 20.0, 26.0, 7.0, 42.0, 7.0, 24.0, 26.0, 40.0, 33.0, 13.0]
[9.0, 9.0, 7.999999999999999, 9.0, 7.999999999999999, 7.999999999999999, 9.0, 9.0, 9.0, 9.0, 9.0, 9.0]
[7.999999999999999, 7.999999999999999, 9.0, 7.999999999999999, 9.0, 9.0, 9.0, 9.0, 9.0, 9.0, 9.0, 9.0]
T = 0.022517998136852502	 step = 855
116.38
31.18322341720779
[21.0, 31.0, 21.0, 44.0, 7.0, 33.0, 21.0, 33.0, 7.0, 7.0, 20.0, 44.0]
[43.0, 6.0, 20.0, 26.0, 7.0, 42.0, 7.0, 24.0, 26.0, 40.0, 33.0, 13.0]
[9.0, 7.999999999999999, 7.999999999999999, 9.0, 7.999999999999999, 7.999999999999999, 9.0, 9.0, 9.0, 9.0, 9.0, 9.0]
[7.999999999999999, 9.0, 9.0, 7.999999999999999, 9.0, 9.0, 9.0, 9.0, 9.0, 9.0, 9.0, 9.0]
T = 0.022517998136852502	 step = 856
116.62
31.040366274350642
[21.0, 31.0, 21.0, 44.0, 7.0, 33.0, 21.0, 33.0, 7.0, 7.0, 20.0, 44.0]
[43.0, 6.0, 20.0, 26.0, 8.0, 42.0, 7.0, 24.0, 26.0, 40.0, 33.0, 13.0]
[9.0, 7.999999999999999, 7.999999999999999, 9.0, 7.999999999999999, 7.999999999999999, 9.0, 9.0, 9.0, 9.0, 9.0, 9.0]
[7.999999999999999, 9.0, 9.0, 7.999999999999999, 9.0, 9.0, 9.0, 9.0, 9.0, 9.0, 9.0, 9.0]
T = 0.022517998136852502	 step = 857
116.37
31.46893770292208
[21.0, 31.0, 21.0, 44.0, 7.0, 33.0, 21.0, 33.0, 7.0, 7.0, 20.0, 43.0]
[43.0, 6.0, 20.0, 26.0, 7.0, 42.0, 7.0, 24.0, 26.0, 40.0, 33.0, 9.0]
[9.0, 7.999999999999999, 7.999999999999999, 9.0, 7.999999999999999, 7.999999999999999, 9.0, 9.0, 9.0, 9.0, 9.0, 9.0]
[7.999999999999999, 9.0, 9.0, 7.999999999999999, 9.0, 9.0, 9.0, 9.0, 9.0, 9.0, 9.0, 9.0]
T = 0.022517998136852502	 step = 858
116.89000000000004
31.421318655303033
[21.0, 31.0, 22.0, 44.0, 7.0, 33.0, 21.0, 33.0, 7.0, 7.0, 20.0, 43.0]
[43.0, 6.0, 20.0, 26.0, 7.0, 42.0, 7.0, 24.0, 26.0, 40.0, 33.0, 9.0]
[9.0, 7.999999999999999, 7.999999999999999, 9.0, 7.999999999999999, 7.999999999999999, 9.0, 9.0, 9.0, 9.0, 9.0, 9.0]
[7.999999999999999, 9.0, 9.0, 7.999999999999999, 9.0, 9.0, 9.0, 9.0, 9.0, 9.0, 9.0, 9.0]
T = 0.022517998136852502	 step = 859
116.36000000000001
31.307341382575753
[22.0, 31.0, 21.0, 44.0, 7.0, 33.0, 21.0, 33.0, 7.0, 7.0, 20.0, 43.0]
[43.0, 6.0, 20.0, 26.0, 7.0, 42.0, 7.0, 24.0, 26.0, 40.0, 33.0, 9.0]
[9.0, 7.999999999999999, 7.999999999999999, 9.0, 7.999999999999999, 7.999999999999999, 9.0, 9.0, 9.0, 9.0, 9.0, 9.0]
[7.999999999999999, 9.0, 9.0, 7.999999999999999, 9.0, 9.0, 9.0, 9.0, 9.0, 9.0, 9.0, 9.0]
T = 0.022517998136852502	 step = 860
116.66000000000003
31.06924614448052
[22.0, 31.0, 21.0, 44.0, 7.0, 33.0, 21.0, 33.0, 7.0, 7.0, 20.0, 43.0]
[43.0, 7.0, 20.0, 26.0, 7.0, 42.0, 7.0, 24.0, 26.0, 40.0, 33.0, 9.0]
[9.0, 7.999999999999999, 7.999999999999999, 9.0, 7.999999999999999, 7.999999999999999, 9.0, 9.0, 9.0, 9.0, 9.0, 9.0]
[7.999999999999999, 9.0, 9.0, 7.999999999999999, 9.0, 9.0, 9.0, 9.0, 9.0, 9.0, 9.0, 9.0]
T = 0.022517998136852502	 step = 861
116.33000000000004
31.40313582251082
[22.0, 31.0, 21.0, 44.0, 7.0, 33.0, 21.0, 33.0, 7.0, 7.0, 20.0, 43.0]
[43.0, 6.0, 20.0, 26.0, 7.0, 42.0, 7.0, 24.0, 27.0, 40.0, 33.0, 9.0]
[9.0, 7.999999999999999, 7.999999999999999, 9.0, 7.999999999999999, 7.999999999999999, 9.0, 9.0, 9.0, 9.0, 9.0, 9.0]
[7.999999999999999, 9.0, 9.0, 7.999999999999999, 9.0, 9.0, 9.0, 9.0, 9.0, 9.0, 9.0, 9.0]
T = 0.022517998136852502	 step = 862
116.35000000000002
31.307897727272724
[22.0, 31.0, 21.0, 44.0, 7.0, 33.0, 21.0, 33.0, 7.0, 7.0, 20.0, 43.0]
[43.0, 6.0, 20.0, 26.0, 7.0, 42.0, 7.0, 23.0, 27.0, 40.0, 33.0, 9.0]
[9.0, 7.999999999999999, 7.999999999999999, 9.0, 7.999999999999999, 7.999999999999999, 9.0, 9.0, 9.0, 9.0, 9.0, 9.0]
[7.999999999999999, 9.0, 9.0, 7.999999999999999, 9.0, 9.0, 9.0, 9.0, 9.0, 9.0, 9.0, 9.0]
T = 0.022517998136852502	 step = 863
116.90000000000003
31.260278679653677
[22.0, 31.0, 22.0, 44.0, 7.0, 33.0, 21.0, 33.0, 7.0, 7.0, 20.0, 43.0]
[43.0, 6.0, 20.0, 26.0, 7.0, 42.0, 7.0, 23.0, 27.0, 40.0, 33.0, 9.0]
[9.0, 7.999999999999999, 7.999999999999999, 9.0, 7.999999999999999, 7.999999999999999, 9.0, 9.0, 9.0, 9.0, 9.0, 9.0]
[7.999999999999999, 9.0, 9.0, 7.999999999999999, 9.0, 9.0, 9.0, 9.0, 9.0, 9.0, 9.0, 9.0]
T = 0.022517998136852502	 step = 864
115.23000000000002
32.37087121212121
[22.0, 31.0, 21.0, 44.0, 7.0, 44.0, 21.0, 33.0, 7.0, 7.0, 20.0, 43.0]
[43.0, 6.0, 20.0, 26.0, 7.0, 41.0, 7.0, 23.0, 27.0, 40.0, 33.0, 9.0]
[9.0, 7.999999999999999, 7.999999999999999, 9.0, 7.999999999999999, 7.999999999999999, 9.0, 9.0, 9.0, 9.0, 9.0, 9.0]
[7.999999999999999, 9.0, 9.0, 7.999999999999999, 9.0, 9.0, 9.0, 9.0, 9.0, 9.0, 9.0, 9.0]
T = 0.022517998136852502	 step = 865
115.04000000000002
32.537673160173156
[22.0, 32.0, 21.0, 44.0, 7.0, 44.0, 21.0, 33.0, 7.0, 7.0, 20.0, 43.0]
[43.0, 6.0, 20.0, 26.0, 7.0, 41.0, 7.0, 23.0, 27.0, 40.0, 33.0, 9.0]
[9.0, 7.999999999999999, 7.999999999999999, 9.0, 7.999999999999999, 7.999999999999999, 9.0, 9.0, 9.0, 9.0, 9.0, 9.0]
[7.999999999999999, 9.0, 9.0, 7.999999999999999, 9.0, 9.0, 9.0, 9.0, 9.0, 9.0, 9.0, 9.0]
T = 0.022517998136852502	 step = 866
115.03000000000003
32.63291125541125
[22.0, 32.0, 21.0, 44.0, 7.0, 44.0, 21.0, 33.0, 7.0, 7.0, 20.0, 43.0]
[43.0, 6.0, 20.0, 26.0, 7.0, 41.0, 7.0, 23.0, 27.0, 40.0, 33.0, 8.0]
[9.0, 7.999999999999999, 7.999999999999999, 9.0, 7.999999999999999, 7.999999999999999, 9.0, 9.0, 9.0, 9.0, 9.0, 9.0]
[7.999999999999999, 9.0, 9.0, 7.999999999999999, 9.0, 9.0, 9.0, 9.0, 9.0, 9.0, 9.0, 9.0]
T = 0.022517998136852502	 step = 867
115.60000000000002
32.58529220779221
[22.0, 32.0, 22.0, 44.0, 7.0, 44.0, 21.0, 33.0, 7.0, 7.0, 20.0, 43.0]
[43.0, 6.0, 20.0, 26.0, 7.0, 41.0, 7.0, 23.0, 27.0, 40.0, 33.0, 8.0]
[9.0, 7.999999999999999, 7.999999999999999, 9.0, 7.999999999999999, 7.999999999999999, 9.0, 9.0, 9.0, 9.0, 9.0, 9.0]
[7.999999999999999, 9.0, 9.0, 7.999999999999999, 9.0, 9.0, 9.0, 9.0, 9.0, 9.0, 9.0, 9.0]
T = 0.022517998136852502	 step = 868
115.02000000000004
32.537673160173156
[22.0, 32.0, 21.0, 44.0, 7.0, 44.0, 21.0, 33.0, 7.0, 7.0, 19.0, 43.0]
[43.0, 6.0, 20.0, 26.0, 7.0, 41.0, 7.0, 23.0, 27.0, 40.0, 33.0, 8.0]
[9.0, 7.999999999999999, 7.999999999999999, 9.0, 7.999999999999999, 7.999999999999999, 9.0, 9.0, 9.0, 9.0, 9.0, 9.0]
[7.999999999999999, 9.0, 9.0, 7.999999999999999, 9.0, 9.0, 9.0, 9.0, 9.0, 9.0, 9.0, 9.0]
T = 0.022517998136852502	 step = 869
115.08000000000004
32.561617965367965
[22.0, 32.0, 21.0, 44.0, 7.0, 44.0, 21.0, 32.0, 7.0, 7.0, 19.0, 43.0]
[43.0, 6.0, 20.0, 26.0, 7.0, 41.0, 7.0, 23.0, 27.0, 40.0, 33.0, 8.0]
[9.0, 7.999999999999999, 7.999999999999999, 9.0, 7.999999999999999, 7.999999999999999, 9.0, 9.0, 9.0, 9.0, 9.0, 9.0]
[7.999999999999999, 9.0, 9.0, 7.999999999999999, 9.0, 9.0, 9.0, 9.0, 9.0, 9.0, 9.0, 9.0]
T = 0.022517998136852502	 step = 870
114.96000000000004
32.63291125541125
[22.0, 32.0, 21.0, 44.0, 7.0, 44.0, 21.0, 33.0, 7.0, 7.0, 19.0, 43.0]
[43.0, 6.0, 20.0, 26.0, 7.0, 41.0, 6.0, 23.0, 27.0, 40.0, 33.0, 8.0]
[9.0, 7.999999999999999, 7.999999999999999, 9.0, 7.999999999999999, 7.999999999999999, 9.0, 9.0, 9.0, 9.0, 9.0, 9.0]
[7.999999999999999, 9.0, 9.0, 7.999999999999999, 9.0, 9.0, 9.0, 9.0, 9.0, 9.0, 9.0, 9.0]
T = 0.022517998136852502	 step = 871
115.02000000000004
32.6805303030303
[22.0, 32.0, 21.0, 44.0, 7.0, 44.0, 21.0, 33.0, 7.0, 7.0, 19.0, 43.0]
[43.0, 6.0, 20.0, 25.0, 7.0, 41.0, 6.0, 23.0, 27.0, 40.0, 33.0, 8.0]
[9.0, 7.999999999999999, 7.999999999999999, 9.0, 7.999999999999999, 7.999999999999999, 9.0, 9.0, 9.0, 9.0, 9.0, 9.0]
[7.999999999999999, 9.0, 9.0, 7.999999999999999, 9.0, 9.0, 9.0, 9.0, 9.0, 9.0, 9.0, 9.0]
T = 0.022517998136852502	 step = 872
115.0
32.7757683982684
[22.0, 32.0, 21.0, 44.0, 7.0, 44.0, 21.0, 33.0, 7.0, 7.0, 19.0, 43.0]
[43.0, 6.0, 20.0, 25.0, 7.0, 41.0, 6.0, 24.0, 27.0, 40.0, 33.0, 8.0]
[9.0, 7.999999999999999, 7.999999999999999, 9.0, 7.999999999999999, 7.999999999999999, 9.0, 9.0, 9.0, 9.0, 9.0, 9.0]
[7.999999999999999, 9.0, 9.0, 7.999999999999999, 9.0, 9.0, 9.0, 9.0, 9.0, 9.0, 9.0, 9.0]
T = 0.022517998136852502	 step = 873
114.99000000000001
32.7757683982684
[22.0, 32.0, 21.0, 44.0, 7.0, 44.0, 21.0, 33.0, 7.0, 8.0, 19.0, 43.0]
[43.0, 6.0, 20.0, 25.0, 7.0, 41.0, 6.0, 24.0, 27.0, 41.0, 33.0, 8.0]
[9.0, 7.999999999999999, 7.999999999999999, 9.0, 7.999999999999999, 7.999999999999999, 9.0, 9.0, 9.0, 9.0, 9.0, 9.0]
[7.999999999999999, 9.0, 9.0, 7.999999999999999, 9.0, 9.0, 9.0, 9.0, 9.0, 9.0, 9.0, 9.0]
T = 0.022517998136852502	 step = 874
115.0
31.586568925865798
[30.0, 32.0, 21.0, 44.0, 7.0, 44.0, 21.0, 33.0, 7.0, 8.0, 19.0, 43.0]
[41.0, 6.0, 20.0, 25.0, 7.0, 41.0, 6.0, 24.0, 27.0, 41.0, 33.0, 8.0]
[9.0, 7.999999999999999, 7.999999999999999, 9.0, 7.999999999999999, 7.999999999999999, 9.0, 9.0, 9.0, 9.0, 9.0, 9.0]
[7.999999999999999, 9.0, 9.0, 7.999999999999999, 9.0, 9.0, 9.0, 9.0, 9.0, 9.0, 9.0, 9.0]
T = 0.022517998136852502	 step = 875
114.94
31.681807021103893
[30.0, 32.0, 21.0, 44.0, 7.0, 44.0, 21.0, 33.0, 7.0, 8.0, 19.0, 43.0]
[41.0, 6.0, 20.0, 25.0, 7.0, 41.0, 6.0, 24.0, 27.0, 41.0, 34.0, 8.0]
[9.0, 7.999999999999999, 7.999999999999999, 9.0, 7.999999999999999, 7.999999999999999, 9.0, 9.0, 9.0, 9.0, 9.0, 9.0]
[7.999999999999999, 9.0, 9.0, 7.999999999999999, 9.0, 9.0, 9.0, 9.0, 9.0, 9.0, 9.0, 9.0]
T = 0.022517998136852502	 step = 876
114.85000000000002
31.91934591450216
[30.0, 32.0, 21.0, 44.0, 7.0, 44.0, 21.0, 33.0, 7.0, 8.0, 19.0, 43.0]
[41.0, 6.0, 20.0, 25.0, 7.0, 42.0, 6.0, 24.0, 27.0, 41.0, 34.0, 8.0]
[9.0, 7.999999999999999, 7.999999999999999, 9.0, 7.999999999999999, 7.999999999999999, 9.0, 9.0, 9.0, 9.0, 9.0, 9.0]
[7.999999999999999, 9.0, 9.0, 7.999999999999999, 9.0, 9.0, 9.0, 9.0, 9.0, 9.0, 9.0, 9.0]
T = 0.022517998136852502	 step = 877
114.85000000000002
32.01514035443723
[30.0, 32.0, 21.0, 44.0, 7.0, 44.0, 20.0, 33.0, 7.0, 8.0, 19.0, 43.0]
[41.0, 6.0, 20.0, 25.0, 7.0, 42.0, 6.0, 24.0, 27.0, 41.0, 34.0, 8.0]
[9.0, 7.999999999999999, 7.999999999999999, 9.0, 7.999999999999999, 7.999999999999999, 9.0, 9.0, 9.0, 9.0, 9.0, 9.0]
[7.999999999999999, 9.0, 9.0, 7.999999999999999, 9.0, 9.0, 9.0, 9.0, 9.0, 9.0, 9.0, 9.0]
T = 0.022517998136852502	 step = 878
114.82000000000005
32.11037844967532
[30.0, 32.0, 21.0, 44.0, 7.0, 44.0, 20.0, 33.0, 7.0, 8.0, 19.0, 43.0]
[41.0, 6.0, 20.0, 25.0, 7.0, 42.0, 6.0, 25.0, 27.0, 41.0, 34.0, 8.0]
[9.0, 7.999999999999999, 7.999999999999999, 9.0, 7.999999999999999, 7.999999999999999, 9.0, 9.0, 9.0, 9.0, 9.0, 9.0]
[7.999999999999999, 9.0, 9.0, 7.999999999999999, 9.0, 9.0, 9.0, 9.0, 9.0, 9.0, 9.0, 9.0]
T = 0.022517998136852502	 step = 879
114.70000000000005
32.34791734307359
[30.0, 32.0, 21.0, 44.0, 7.0, 45.0, 20.0, 33.0, 7.0, 8.0, 19.0, 43.0]
[41.0, 6.0, 20.0, 25.0, 7.0, 42.0, 6.0, 25.0, 27.0, 41.0, 34.0, 8.0]
[9.0, 7.999999999999999, 7.999999999999999, 9.0, 7.999999999999999, 7.999999999999999, 9.0, 9.0, 9.0, 9.0, 9.0, 9.0]
[7.999999999999999, 9.0, 9.0, 7.999999999999999, 9.0, 9.0, 9.0, 9.0, 9.0, 9.0, 9.0, 9.0]
T = 0.022517998136852502	 step = 880
114.66000000000003
32.443155438311685
[30.0, 32.0, 21.0, 44.0, 7.0, 45.0, 20.0, 33.0, 6.0, 8.0, 19.0, 43.0]
[41.0, 6.0, 20.0, 25.0, 7.0, 42.0, 6.0, 25.0, 27.0, 41.0, 34.0, 8.0]
[9.0, 7.999999999999999, 7.999999999999999, 9.0, 7.999999999999999, 7.999999999999999, 9.0, 9.0, 9.0, 9.0, 9.0, 9.0]
[7.999999999999999, 9.0, 9.0, 7.999999999999999, 9.0, 9.0, 9.0, 9.0, 9.0, 9.0, 9.0, 9.0]
T = 0.022517998136852502	 step = 881
114.72000000000003
32.34791734307359
[30.0, 32.0, 21.0, 44.0, 7.0, 45.0, 20.0, 33.0, 6.0, 8.0, 19.0, 43.0]
[41.0, 6.0, 20.0, 25.0, 7.0, 42.0, 6.0, 25.0, 27.0, 41.0, 33.0, 8.0]
[9.0, 7.999999999999999, 7.999999999999999, 9.0, 7.999999999999999, 7.999999999999999, 9.0, 9.0, 9.0, 9.0, 9.0, 9.0]
[7.999999999999999, 9.0, 9.0, 7.999999999999999, 9.0, 9.0, 9.0, 9.0, 9.0, 9.0, 9.0, 9.0]
T = 0.022517998136852502	 step = 882
114.70000000000005
32.443155438311685
[30.0, 32.0, 21.0, 44.0, 7.0, 45.0, 20.0, 33.0, 6.0, 8.0, 19.0, 43.0]
[41.0, 6.0, 20.0, 25.0, 7.0, 42.0, 6.0, 26.0, 27.0, 41.0, 33.0, 8.0]
[9.0, 7.999999999999999, 7.999999999999999, 9.0, 7.999999999999999, 7.999999999999999, 9.0, 9.0, 9.0, 9.0, 9.0, 9.0]
[7.999999999999999, 9.0, 9.0, 7.999999999999999, 9.0, 9.0, 9.0, 9.0, 9.0, 9.0, 9.0, 9.0]
T = 0.022517998136852502	 step = 883
114.74000000000001
32.495659834956705
[30.0, 32.0, 21.0, 44.0, 7.0, 45.0, 20.0, 33.0, 6.0, 8.0, 19.0, 43.0]
[41.0, 6.0, 20.0, 24.0, 7.0, 42.0, 6.0, 26.0, 27.0, 41.0, 33.0, 8.0]
[9.0, 7.999999999999999, 7.999999999999999, 9.0, 7.999999999999999, 7.999999999999999, 9.0, 9.0, 9.0, 9.0, 9.0, 9.0]
[7.999999999999999, 9.0, 9.0, 7.999999999999999, 9.0, 9.0, 9.0, 9.0, 9.0, 9.0, 9.0, 9.0]
T = 0.022517998136852502	 step = 884
114.64000000000004
32.733755073051945
[30.0, 32.0, 21.0, 44.0, 7.0, 45.0, 20.0, 33.0, 6.0, 8.0, 19.0, 43.0]
[41.0, 6.0, 20.0, 24.0, 7.0, 43.0, 6.0, 26.0, 27.0, 41.0, 33.0, 8.0]
[9.0, 7.999999999999999, 7.999999999999999, 9.0, 7.999999999999999, 7.999999999999999, 9.0, 9.0, 9.0, 9.0, 9.0, 9.0]
[7.999999999999999, 9.0, 9.0, 7.999999999999999, 9.0, 9.0, 9.0, 9.0, 9.0, 9.0, 9.0, 9.0]
T = 0.022517998136852502	 step = 885
114.22000000000003
32.781374120670996
[30.0, 32.0, 20.0, 44.0, 7.0, 45.0, 20.0, 33.0, 6.0, 8.0, 19.0, 43.0]
[41.0, 6.0, 20.0, 24.0, 7.0, 43.0, 6.0, 26.0, 27.0, 41.0, 33.0, 8.0]
[9.0, 7.999999999999999, 7.999999999999999, 9.0, 7.999999999999999, 7.999999999999999, 9.0, 9.0, 9.0, 9.0, 9.0, 9.0]
[7.999999999999999, 9.0, 9.0, 7.999999999999999, 9.0, 9.0, 9.0, 9.0, 9.0, 9.0, 9.0, 9.0]
T = 0.022517998136852502	 step = 886
113.97000000000003
32.924231263528135
[30.0, 32.0, 20.0, 44.0, 7.0, 45.0, 20.0, 33.0, 6.0, 8.0, 19.0, 43.0]
[41.0, 6.0, 20.0, 24.0, 6.0, 43.0, 6.0, 26.0, 27.0, 41.0, 33.0, 8.0]
[9.0, 7.999999999999999, 7.999999999999999, 9.0, 7.999999999999999, 7.999999999999999, 9.0, 9.0, 9.0, 9.0, 9.0, 9.0]
[7.999999999999999, 9.0, 9.0, 7.999999999999999, 9.0, 9.0, 9.0, 9.0, 9.0, 9.0, 9.0, 9.0]
T = 0.022517998136852502	 step = 887
114.04000000000002
33.062203057359305
[30.0, 32.0, 20.0, 44.0, 7.0, 45.0, 20.0, 33.0, 6.0, 8.0, 19.0, 43.0]
[41.0, 6.0, 19.0, 24.0, 6.0, 43.0, 6.0, 26.0, 27.0, 41.0, 33.0, 8.0]
[9.0, 7.999999999999999, 7.999999999999999, 9.0, 7.999999999999999, 7.999999999999999, 9.0, 9.0, 9.0, 9.0, 9.0, 9.0]
[7.999999999999999, 9.0, 9.0, 7.999999999999999, 9.0, 9.0, 9.0, 9.0, 9.0, 9.0, 9.0, 9.0]
T = 0.022517998136852502	 step = 888
114.06
33.114707454004325
[30.0, 32.0, 20.0, 44.0, 7.0, 45.0, 20.0, 33.0, 6.0, 8.0, 19.0, 43.0]
[41.0, 6.0, 19.0, 23.0, 6.0, 43.0, 6.0, 26.0, 27.0, 41.0, 33.0, 8.0]
[9.0, 7.999999999999999, 7.999999999999999, 9.0, 7.999999999999999, 7.999999999999999, 9.0, 9.0, 9.0, 9.0, 9.0, 9.0]
[7.999999999999999, 9.0, 9.0, 7.999999999999999, 9.0, 9.0, 9.0, 9.0, 9.0, 9.0, 9.0, 9.0]
T = 0.022517998136852502	 step = 889
114.04000000000002
33.20994554924242
[30.0, 32.0, 20.0, 44.0, 7.0, 45.0, 20.0, 33.0, 6.0, 8.0, 19.0, 43.0]
[41.0, 6.0, 19.0, 23.0, 6.0, 43.0, 6.0, 26.0, 27.0, 42.0, 33.0, 8.0]
[9.0, 7.999999999999999, 7.999999999999999, 9.0, 7.999999999999999, 7.999999999999999, 9.0, 9.0, 9.0, 9.0, 9.0, 9.0]
[7.999999999999999, 9.0, 9.0, 7.999999999999999, 9.0, 9.0, 9.0, 9.0, 9.0, 9.0, 9.0, 9.0]
T = 0.022517998136852502	 step = 890
114.27000000000004
32.971850311147186
[30.0, 32.0, 20.0, 44.0, 8.0, 45.0, 20.0, 33.0, 6.0, 8.0, 19.0, 43.0]
[41.0, 6.0, 19.0, 23.0, 6.0, 43.0, 6.0, 26.0, 27.0, 42.0, 33.0, 8.0]
[9.0, 7.999999999999999, 7.999999999999999, 9.0, 7.999999999999999, 7.999999999999999, 9.0, 9.0, 9.0, 9.0, 9.0, 9.0]
[7.999999999999999, 9.0, 9.0, 7.999999999999999, 9.0, 9.0, 9.0, 9.0, 9.0, 9.0, 9.0, 9.0]
T = 0.022517998136852502	 step = 891
114.18
32.87263663419913
[30.0, 32.0, 20.0, 44.0, 8.0, 45.0, 20.0, 33.0, 6.0, 8.0, 19.0, 43.0]
[41.0, 6.0, 20.0, 23.0, 6.0, 43.0, 6.0, 26.0, 27.0, 42.0, 33.0, 8.0]
[9.0, 7.999999999999999, 7.999999999999999, 9.0, 7.999999999999999, 7.999999999999999, 9.0, 9.0, 9.0, 9.0, 9.0, 9.0]
[7.999999999999999, 9.0, 9.0, 7.999999999999999, 9.0, 9.0, 9.0, 9.0, 9.0, 9.0, 9.0, 9.0]
T = 0.022517998136852502	 step = 892
114.08000000000004
32.824799445346315
[31.0, 32.0, 20.0, 44.0, 8.0, 45.0, 20.0, 33.0, 6.0, 8.0, 19.0, 43.0]
[41.0, 6.0, 20.0, 23.0, 6.0, 43.0, 6.0, 26.0, 27.0, 42.0, 33.0, 8.0]
[9.0, 7.999999999999999, 7.999999999999999, 9.0, 7.999999999999999, 7.999999999999999, 9.0, 9.0, 9.0, 9.0, 9.0, 9.0]
[7.999999999999999, 9.0, 9.0, 7.999999999999999, 9.0, 9.0, 9.0, 9.0, 9.0, 9.0, 9.0, 9.0]
T = 0.022517998136852502	 step = 893
114.57000000000005
31.813063785173156
[31.0, 32.0, 20.0, 44.0, 8.0, 44.0, 20.0, 33.0, 6.0, 8.0, 19.0, 43.0]
[41.0, 6.0, 20.0, 23.0, 6.0, 39.0, 6.0, 26.0, 27.0, 42.0, 33.0, 8.0]
[9.0, 7.999999999999999, 7.999999999999999, 9.0, 7.999999999999999, 9.0, 9.0, 9.0, 9.0, 9.0, 9.0, 9.0]
[7.999999999999999, 9.0, 9.0, 7.999999999999999, 9.0, 7.999999999999999, 9.0, 9.0, 9.0, 9.0, 9.0, 9.0]
T = 0.022517998136852502	 step = 894
114.59000000000003
31.717825689935058
[31.0, 32.0, 20.0, 44.0, 8.0, 44.0, 20.0, 33.0, 6.0, 8.0, 19.0, 43.0]
[41.0, 6.0, 20.0, 23.0, 6.0, 39.0, 6.0, 26.0, 26.0, 42.0, 33.0, 8.0]
[9.0, 7.999999999999999, 7.999999999999999, 9.0, 7.999999999999999, 9.0, 9.0, 9.0, 9.0, 9.0, 9.0, 9.0]
[7.999999999999999, 9.0, 9.0, 7.999999999999999, 9.0, 7.999999999999999, 9.0, 9.0, 9.0, 9.0, 9.0, 9.0]
T = 0.022517998136852502	 step = 895
114.86000000000001
31.57496854707792
[31.0, 32.0, 20.0, 44.0, 8.0, 44.0, 20.0, 33.0, 6.0, 8.0, 19.0, 43.0]
[41.0, 6.0, 20.0, 23.0, 7.0, 39.0, 6.0, 26.0, 26.0, 42.0, 33.0, 8.0]
[9.0, 7.999999999999999, 7.999999999999999, 9.0, 7.999999999999999, 9.0, 9.0, 9.0, 9.0, 9.0, 9.0, 9.0]
[7.999999999999999, 9.0, 9.0, 7.999999999999999, 9.0, 7.999999999999999, 9.0, 9.0, 9.0, 9.0, 9.0, 9.0]
T = 0.022517998136852502	 step = 896
114.80000000000001
31.670206642316014
[31.0, 32.0, 20.0, 44.0, 8.0, 44.0, 20.0, 33.0, 6.0, 8.0, 19.0, 43.0]
[41.0, 6.0, 20.0, 23.0, 7.0, 39.0, 6.0, 26.0, 26.0, 42.0, 34.0, 8.0]
[9.0, 7.999999999999999, 7.999999999999999, 9.0, 7.999999999999999, 9.0, 9.0, 9.0, 9.0, 9.0, 9.0, 9.0]
[7.999999999999999, 9.0, 9.0, 7.999999999999999, 9.0, 7.999999999999999, 9.0, 9.0, 9.0, 9.0, 9.0, 9.0]
T = 0.022517998136852502	 step = 897
114.78000000000003
31.57916227002164
[31.0, 32.0, 20.0, 44.0, 8.0, 44.0, 20.0, 33.0, 6.0, 8.0, 19.0, 43.0]
[41.0, 6.0, 20.0, 24.0, 7.0, 39.0, 6.0, 26.0, 26.0, 42.0, 34.0, 8.0]
[9.0, 7.999999999999999, 7.999999999999999, 9.0, 7.999999999999999, 9.0, 9.0, 9.0, 9.0, 9.0, 9.0, 9.0]
[7.999999999999999, 9.0, 9.0, 7.999999999999999, 9.0, 7.999999999999999, 9.0, 9.0, 9.0, 9.0, 9.0, 9.0]
T = 0.022517998136852502	 step = 898
114.80000000000001
31.670206642316014
[31.0, 32.0, 20.0, 44.0, 8.0, 44.0, 20.0, 33.0, 6.0, 8.0, 19.0, 43.0]
[41.0, 6.0, 20.0, 23.0, 7.0, 39.0, 6.0, 26.0, 26.0, 42.0, 34.0, 8.0]
[9.0, 7.999999999999999, 7.999999999999999, 9.0, 7.999999999999999, 9.0, 9.0, 9.0, 9.0, 9.0, 9.0, 9.0]
[7.999999999999999, 9.0, 9.0, 7.999999999999999, 9.0, 7.999999999999999, 9.0, 9.0, 9.0, 9.0, 9.0, 9.0]
T = 0.022517998136852502	 step = 899
114.82000000000005
31.574968547077923
[31.0, 32.0, 20.0, 44.0, 8.0, 44.0, 20.0, 33.0, 6.0, 8.0, 19.0, 43.0]
[41.0, 6.0, 20.0, 23.0, 7.0, 39.0, 6.0, 26.0, 26.0, 41.0, 34.0, 8.0]
[9.0, 7.999999999999999, 7.999999999999999, 9.0, 7.999999999999999, 9.0, 9.0, 9.0, 9.0, 9.0, 9.0, 9.0]
[7.999999999999999, 9.0, 9.0, 7.999999999999999, 9.0, 7.999999999999999, 9.0, 9.0, 9.0, 9.0, 9.0, 9.0]
T = 0.022517998136852502	 step = 900
114.76000000000005
31.670206642316018
[31.0, 32.0, 20.0, 44.0, 8.0, 44.0, 20.0, 33.0, 6.0, 8.0, 19.0, 43.0]
[41.0, 6.0, 20.0, 23.0, 7.0, 39.0, 6.0, 26.0, 26.0, 41.0, 35.0, 8.0]
[9.0, 7.999999999999999, 7.999999999999999, 9.0, 7.999999999999999, 9.0, 9.0, 9.0, 9.0, 9.0, 9.0, 9.0]
[7.999999999999999, 9.0, 9.0, 7.999999999999999, 9.0, 7.999999999999999, 9.0, 9.0, 9.0, 9.0, 9.0, 9.0]
T = 0.022517998136852502	 step = 901
114.84000000000003
31.523426339285713
[31.0, 32.0, 20.0, 44.0, 8.0, 44.0, 20.0, 33.0, 6.0, 8.0, 19.0, 43.0]
[41.0, 6.0, 20.0, 23.0, 7.0, 38.0, 6.0, 26.0, 26.0, 41.0, 35.0, 8.0]
[9.0, 7.999999999999999, 7.999999999999999, 9.0, 7.999999999999999, 9.0, 9.0, 9.0, 9.0, 9.0, 9.0, 9.0]
[7.999999999999999, 9.0, 9.0, 7.999999999999999, 9.0, 7.999999999999999, 9.0, 9.0, 9.0, 9.0, 9.0, 9.0]
T = 0.018014398509482003	 step = 902
114.97000000000003
31.43211140422078
[31.0, 32.0, 20.0, 44.0, 9.0, 44.0, 20.0, 33.0, 6.0, 8.0, 19.0, 43.0]
[41.0, 6.0, 20.0, 23.0, 7.0, 39.0, 6.0, 26.0, 26.0, 41.0, 35.0, 8.0]
[9.0, 7.999999999999999, 7.999999999999999, 9.0, 7.999999999999999, 9.0, 9.0, 9.0, 9.0, 9.0, 9.0, 9.0]
[7.999999999999999, 9.0, 9.0, 7.999999999999999, 9.0, 7.999999999999999, 9.0, 9.0, 9.0, 9.0, 9.0, 9.0]
T = 0.018014398509482003	 step = 903
114.58000000000004
31.904378720238096
[31.0, 32.0, 20.0, 44.0, 8.0, 44.0, 20.0, 33.0, 6.0, 8.0, 19.0, 43.0]
[42.0, 6.0, 20.0, 23.0, 7.0, 39.0, 6.0, 26.0, 26.0, 41.0, 35.0, 8.0]
[9.0, 7.999999999999999, 7.999999999999999, 9.0, 7.999999999999999, 9.0, 9.0, 9.0, 9.0, 9.0, 9.0, 9.0]
[7.999999999999999, 9.0, 9.0, 7.999999999999999, 9.0, 7.999999999999999, 9.0, 9.0, 9.0, 9.0, 9.0, 9.0]
T = 0.018014398509482003	 step = 904
114.86000000000001
31.76152157738095
[31.0, 32.0, 20.0, 44.0, 8.0, 44.0, 20.0, 33.0, 6.0, 8.0, 19.0, 43.0]
[42.0, 6.0, 20.0, 23.0, 8.0, 39.0, 6.0, 26.0, 26.0, 41.0, 35.0, 8.0]
[9.0, 7.999999999999999, 7.999999999999999, 9.0, 7.999999999999999, 9.0, 9.0, 9.0, 9.0, 9.0, 9.0, 9.0]
[7.999999999999999, 9.0, 9.0, 7.999999999999999, 9.0, 7.999999999999999, 9.0, 9.0, 9.0, 9.0, 9.0, 9.0]
T = 0.018014398509482003	 step = 905
114.58000000000004
31.809140624999998
[31.0, 32.0, 19.0, 44.0, 8.0, 44.0, 20.0, 33.0, 6.0, 8.0, 19.0, 43.0]
[42.0, 6.0, 20.0, 23.0, 8.0, 39.0, 6.0, 26.0, 26.0, 41.0, 35.0, 8.0]
[9.0, 7.999999999999999, 7.999999999999999, 9.0, 7.999999999999999, 9.0, 9.0, 9.0, 9.0, 9.0, 9.0, 9.0]
[7.999999999999999, 9.0, 9.0, 7.999999999999999, 9.0, 7.999999999999999, 9.0, 9.0, 9.0, 9.0, 9.0, 9.0]
T = 0.018014398509482003	 step = 906
114.47000000000003
31.764215367965367
[32.0, 32.0, 19.0, 44.0, 8.0, 44.0, 20.0, 33.0, 6.0, 8.0, 19.0, 43.0]
[42.0, 6.0, 20.0, 23.0, 8.0, 39.0, 6.0, 26.0, 26.0, 41.0, 35.0, 8.0]
[9.0, 7.999999999999999, 7.999999999999999, 9.0, 7.999999999999999, 9.0, 9.0, 9.0, 9.0, 9.0, 9.0, 9.0]
[7.999999999999999, 9.0, 9.0, 7.999999999999999, 9.0, 7.999999999999999, 9.0, 9.0, 9.0, 9.0, 9.0, 9.0]
T = 0.018014398509482003	 step = 907
114.01000000000005
31.81183441558441
[32.0, 32.0, 18.0, 44.0, 8.0, 44.0, 20.0, 33.0, 6.0, 8.0, 19.0, 43.0]
[42.0, 6.0, 20.0, 23.0, 8.0, 39.0, 6.0, 26.0, 26.0, 41.0, 35.0, 8.0]
[9.0, 7.999999999999999, 7.999999999999999, 9.0, 7.999999999999999, 9.0, 9.0, 9.0, 9.0, 9.0, 9.0, 9.0]
[7.999999999999999, 9.0, 9.0, 7.999999999999999, 9.0, 7.999999999999999, 9.0, 9.0, 9.0, 9.0, 9.0, 9.0]
T = 0.018014398509482003	 step = 908
113.80000000000001
31.712402597402594
[32.0, 32.0, 18.0, 44.0, 8.0, 44.0, 20.0, 33.0, 6.0, 8.0, 19.0, 43.0]
[42.0, 6.0, 21.0, 23.0, 8.0, 39.0, 6.0, 26.0, 26.0, 41.0, 35.0, 8.0]
[9.0, 7.999999999999999, 7.999999999999999, 9.0, 7.999999999999999, 9.0, 9.0, 9.0, 9.0, 9.0, 9.0, 9.0]
[7.999999999999999, 9.0, 9.0, 7.999999999999999, 9.0, 7.999999999999999, 9.0, 9.0, 9.0, 9.0, 9.0, 9.0]
T = 0.018014398509482003	 step = 909
113.68
31.642757034632034
[32.0, 32.0, 18.0, 44.0, 8.0, 44.0, 20.0, 33.0, 6.0, 8.0, 19.0, 43.0]
[42.0, 6.0, 22.0, 23.0, 8.0, 39.0, 6.0, 26.0, 26.0, 41.0, 35.0, 8.0]
[9.0, 7.999999999999999, 7.999999999999999, 9.0, 7.999999999999999, 9.0, 9.0, 9.0, 9.0, 9.0, 9.0, 9.0]
[7.999999999999999, 9.0, 9.0, 7.999999999999999, 9.0, 7.999999999999999, 9.0, 9.0, 9.0, 9.0, 9.0, 9.0]
T = 0.018014398509482003	 step = 910
113.81
31.687682291666665
[31.0, 32.0, 18.0, 44.0, 8.0, 44.0, 20.0, 33.0, 6.0, 8.0, 19.0, 43.0]
[42.0, 6.0, 22.0, 23.0, 8.0, 39.0, 6.0, 26.0, 26.0, 41.0, 35.0, 8.0]
[9.0, 7.999999999999999, 7.999999999999999, 9.0, 7.999999999999999, 9.0, 9.0, 9.0, 9.0, 9.0, 9.0, 9.0]
[7.999999999999999, 9.0, 9.0, 7.999999999999999, 9.0, 7.999999999999999, 9.0, 9.0, 9.0, 9.0, 9.0, 9.0]
T = 0.018014398509482003	 step = 911
113.92000000000002
31.735301339285712
[30.0, 32.0, 18.0, 44.0, 8.0, 44.0, 20.0, 33.0, 6.0, 8.0, 19.0, 43.0]
[42.0, 6.0, 22.0, 23.0, 8.0, 39.0, 6.0, 26.0, 26.0, 41.0, 35.0, 8.0]
[9.0, 7.999999999999999, 7.999999999999999, 9.0, 7.999999999999999, 9.0, 9.0, 9.0, 9.0, 9.0, 9.0, 9.0]
[7.999999999999999, 9.0, 9.0, 7.999999999999999, 9.0, 7.999999999999999, 9.0, 9.0, 9.0, 9.0, 9.0, 9.0]
T = 0.018014398509482003	 step = 912
113.96000000000004
31.826345711580082
[30.0, 32.0, 18.0, 44.0, 8.0, 44.0, 20.0, 33.0, 6.0, 8.0, 19.0, 43.0]
[42.0, 6.0, 22.0, 22.0, 8.0, 39.0, 6.0, 26.0, 26.0, 41.0, 35.0, 8.0]
[9.0, 7.999999999999999, 7.999999999999999, 9.0, 7.999999999999999, 9.0, 9.0, 9.0, 9.0, 9.0, 9.0, 9.0]
[7.999999999999999, 9.0, 9.0, 7.999999999999999, 9.0, 7.999999999999999, 9.0, 9.0, 9.0, 9.0, 9.0, 9.0]
T = 0.018014398509482003	 step = 913
114.02000000000004
31.731107616341987
[30.0, 32.0, 18.0, 44.0, 8.0, 44.0, 20.0, 33.0, 7.0, 8.0, 19.0, 43.0]
[42.0, 6.0, 22.0, 22.0, 8.0, 39.0, 6.0, 26.0, 26.0, 41.0, 35.0, 8.0]
[9.0, 7.999999999999999, 7.999999999999999, 9.0, 7.999999999999999, 9.0, 9.0, 9.0, 9.0, 9.0, 9.0, 9.0]
[7.999999999999999, 9.0, 9.0, 7.999999999999999, 9.0, 7.999999999999999, 9.0, 9.0, 9.0, 9.0, 9.0, 9.0]
T = 0.018014398509482003	 step = 914
114.19
31.589472064393938
[30.0, 31.0, 18.0, 44.0, 8.0, 44.0, 20.0, 33.0, 7.0, 8.0, 19.0, 43.0]
[42.0, 6.0, 22.0, 22.0, 8.0, 39.0, 6.0, 26.0, 26.0, 41.0, 35.0, 8.0]
[9.0, 7.999999999999999, 7.999999999999999, 9.0, 7.999999999999999, 9.0, 9.0, 9.0, 9.0, 9.0, 9.0, 9.0]
[7.999999999999999, 9.0, 9.0, 7.999999999999999, 9.0, 7.999999999999999, 9.0, 9.0, 9.0, 9.0, 9.0, 9.0]
T = 0.018014398509482003	 step = 915
114.15000000000003
31.498427692099565
[30.0, 31.0, 18.0, 44.0, 8.0, 44.0, 20.0, 33.0, 7.0, 8.0, 19.0, 43.0]
[42.0, 6.0, 22.0, 23.0, 8.0, 39.0, 6.0, 26.0, 26.0, 41.0, 35.0, 8.0]
[9.0, 7.999999999999999, 7.999999999999999, 9.0, 7.999999999999999, 9.0, 9.0, 9.0, 9.0, 9.0, 9.0, 9.0]
[7.999999999999999, 9.0, 9.0, 7.999999999999999, 9.0, 7.999999999999999, 9.0, 9.0, 9.0, 9.0, 9.0, 9.0]
T = 0.018014398509482003	 step = 916
114.29000000000002
31.26033245400433
[30.0, 31.0, 18.0, 44.0, 8.0, 43.0, 20.0, 33.0, 7.0, 8.0, 19.0, 43.0]
[42.0, 6.0, 22.0, 23.0, 8.0, 39.0, 6.0, 26.0, 26.0, 41.0, 35.0, 8.0]
[9.0, 7.999999999999999, 7.999999999999999, 9.0, 7.999999999999999, 9.0, 9.0, 9.0, 9.0, 9.0, 9.0, 9.0]
[7.999999999999999, 9.0, 9.0, 7.999999999999999, 9.0, 7.999999999999999, 9.0, 9.0, 9.0, 9.0, 9.0, 9.0]
T = 0.018014398509482003	 step = 917
114.26000000000005
31.326340638528134
[30.0, 31.0, 18.0, 44.0, 8.0, 43.0, 20.0, 33.0, 7.0, 8.0, 19.0, 43.0]
[42.0, 6.0, 22.0, 23.0, 8.0, 39.0, 6.0, 26.0, 27.0, 41.0, 35.0, 8.0]
[9.0, 7.999999999999999, 7.999999999999999, 9.0, 7.999999999999999, 9.0, 9.0, 9.0, 9.0, 9.0, 9.0, 9.0]
[7.999999999999999, 9.0, 9.0, 7.999999999999999, 9.0, 7.999999999999999, 9.0, 9.0, 9.0, 9.0, 9.0, 9.0]
T = 0.018014398509482003	 step = 918
114.27000000000004
31.42157873376623
[30.0, 31.0, 18.0, 44.0, 8.0, 43.0, 19.0, 33.0, 7.0, 8.0, 19.0, 43.0]
[42.0, 6.0, 22.0, 23.0, 8.0, 39.0, 6.0, 26.0, 27.0, 41.0, 35.0, 8.0]
[9.0, 7.999999999999999, 7.999999999999999, 9.0, 7.999999999999999, 9.0, 9.0, 9.0, 9.0, 9.0, 9.0, 9.0]
[7.999999999999999, 9.0, 9.0, 7.999999999999999, 9.0, 7.999999999999999, 9.0, 9.0, 9.0, 9.0, 9.0, 9.0]
T = 0.018014398509482003	 step = 919
114.27000000000004
31.32997801677489
[30.0, 31.0, 18.0, 44.0, 8.0, 43.0, 19.0, 33.0, 7.0, 8.0, 19.0, 43.0]
[42.0, 6.0, 22.0, 24.0, 8.0, 39.0, 6.0, 26.0, 27.0, 41.0, 35.0, 8.0]
[9.0, 7.999999999999999, 7.999999999999999, 9.0, 7.999999999999999, 9.0, 9.0, 9.0, 9.0, 9.0, 9.0, 9.0]
[7.999999999999999, 9.0, 9.0, 7.999999999999999, 9.0, 7.999999999999999, 9.0, 9.0, 9.0, 9.0, 9.0, 9.0]
T = 0.018014398509482003	 step = 920
114.45000000000005
31.091882778679654
[30.0, 31.0, 18.0, 44.0, 9.0, 43.0, 19.0, 33.0, 7.0, 8.0, 19.0, 43.0]
[42.0, 6.0, 22.0, 24.0, 8.0, 39.0, 6.0, 26.0, 27.0, 41.0, 35.0, 8.0]
[9.0, 7.999999999999999, 7.999999999999999, 9.0, 7.999999999999999, 9.0, 9.0, 9.0, 9.0, 9.0, 9.0, 9.0]
[7.999999999999999, 9.0, 9.0, 7.999999999999999, 9.0, 7.999999999999999, 9.0, 9.0, 9.0, 9.0, 9.0, 9.0]
T = 0.018014398509482003	 step = 921
114.46000000000004
30.99664468344156
[30.0, 31.0, 18.0, 44.0, 9.0, 43.0, 19.0, 33.0, 7.0, 8.0, 19.0, 43.0]
[42.0, 6.0, 22.0, 24.0, 8.0, 39.0, 6.0, 25.0, 27.0, 41.0, 35.0, 8.0]
[9.0, 7.999999999999999, 7.999999999999999, 9.0, 7.999999999999999, 9.0, 9.0, 9.0, 9.0, 9.0, 9.0, 9.0]
[7.999999999999999, 9.0, 9.0, 7.999999999999999, 9.0, 7.999999999999999, 9.0, 9.0, 9.0, 9.0, 9.0, 9.0]
T = 0.018014398509482003	 step = 922
114.45000000000005
31.088245400432896
[30.0, 31.0, 18.0, 44.0, 9.0, 43.0, 19.0, 33.0, 7.0, 8.0, 19.0, 43.0]
[42.0, 6.0, 22.0, 23.0, 8.0, 39.0, 6.0, 25.0, 27.0, 41.0, 35.0, 8.0]
[9.0, 7.999999999999999, 7.999999999999999, 9.0, 7.999999999999999, 9.0, 9.0, 9.0, 9.0, 9.0, 9.0, 9.0]
[7.999999999999999, 9.0, 9.0, 7.999999999999999, 9.0, 7.999999999999999, 9.0, 9.0, 9.0, 9.0, 9.0, 9.0]
T = 0.018014398509482003	 step = 923
114.47000000000003
30.897769209956707
[30.0, 31.0, 18.0, 44.0, 9.0, 43.0, 19.0, 33.0, 7.0, 8.0, 19.0, 43.0]
[42.0, 6.0, 22.0, 23.0, 8.0, 39.0, 6.0, 25.0, 27.0, 41.0, 35.0, 10.0]
[9.0, 7.999999999999999, 7.999999999999999, 9.0, 7.999999999999999, 9.0, 9.0, 9.0, 9.0, 9.0, 9.0, 9.0]
[7.999999999999999, 9.0, 9.0, 7.999999999999999, 9.0, 7.999999999999999, 9.0, 9.0, 9.0, 9.0, 9.0, 9.0]
T = 0.018014398509482003	 step = 924
114.48000000000002
30.80616849296537
[30.0, 31.0, 18.0, 44.0, 9.0, 43.0, 19.0, 33.0, 7.0, 8.0, 19.0, 43.0]
[42.0, 6.0, 22.0, 24.0, 8.0, 39.0, 6.0, 25.0, 27.0, 41.0, 35.0, 10.0]
[9.0, 7.999999999999999, 7.999999999999999, 9.0, 7.999999999999999, 9.0, 9.0, 9.0, 9.0, 9.0, 9.0, 9.0]
[7.999999999999999, 9.0, 9.0, 7.999999999999999, 9.0, 7.999999999999999, 9.0, 9.0, 9.0, 9.0, 9.0, 9.0]
T = 0.018014398509482003	 step = 925
114.48000000000002
30.710930397727275
[30.0, 31.0, 18.0, 44.0, 9.0, 43.0, 20.0, 33.0, 7.0, 8.0, 19.0, 43.0]
[42.0, 6.0, 22.0, 24.0, 8.0, 39.0, 6.0, 25.0, 27.0, 41.0, 35.0, 10.0]
[9.0, 7.999999999999999, 7.999999999999999, 9.0, 7.999999999999999, 9.0, 9.0, 9.0, 9.0, 9.0, 9.0, 9.0]
[7.999999999999999, 9.0, 9.0, 7.999999999999999, 9.0, 7.999999999999999, 9.0, 9.0, 9.0, 9.0, 9.0, 9.0]
T = 0.018014398509482003	 step = 926
114.75
30.185236742424237
[30.0, 31.0, 18.0, 44.0, 9.0, 43.0, 20.0, 28.0, 7.0, 8.0, 19.0, 43.0]
[42.0, 6.0, 22.0, 24.0, 8.0, 39.0, 6.0, 17.0, 27.0, 41.0, 35.0, 10.0]
[9.0, 7.999999999999999, 7.999999999999999, 9.0, 7.999999999999999, 9.0, 9.0, 9.0, 9.0, 9.0, 9.0, 9.0]
[7.999999999999999, 9.0, 9.0, 7.999999999999999, 9.0, 7.999999999999999, 9.0, 9.0, 9.0, 9.0, 9.0, 9.0]
T = 0.018014398509482003	 step = 927
114.55000000000001
30.61569230248918
[30.0, 31.0, 18.0, 44.0, 9.0, 43.0, 20.0, 33.0, 7.0, 8.0, 19.0, 43.0]
[42.0, 6.0, 22.0, 24.0, 8.0, 39.0, 6.0, 25.0, 27.0, 41.0, 34.0, 10.0]
[9.0, 7.999999999999999, 7.999999999999999, 9.0, 7.999999999999999, 9.0, 9.0, 9.0, 9.0, 9.0, 9.0, 9.0]
[7.999999999999999, 9.0, 9.0, 7.999999999999999, 9.0, 7.999999999999999, 9.0, 9.0, 9.0, 9.0, 9.0, 9.0]
T = 0.018014398509482003	 step = 928
114.57000000000005
30.71093039772727
[30.0, 31.0, 18.0, 44.0, 9.0, 43.0, 20.0, 33.0, 7.0, 8.0, 19.0, 42.0]
[42.0, 6.0, 22.0, 24.0, 8.0, 39.0, 6.0, 25.0, 27.0, 41.0, 34.0, 10.0]
[9.0, 7.999999999999999, 7.999999999999999, 9.0, 7.999999999999999, 9.0, 9.0, 9.0, 9.0, 9.0, 9.0, 9.0]
[7.999999999999999, 9.0, 9.0, 7.999999999999999, 9.0, 7.999999999999999, 9.0, 9.0, 9.0, 9.0, 9.0, 9.0]
T = 0.018014398509482003	 step = 929
114.39000000000004
30.546046739718612
[30.0, 31.0, 18.0, 44.0, 9.0, 43.0, 20.0, 33.0, 7.0, 8.0, 19.0, 43.0]
[42.0, 6.0, 23.0, 24.0, 8.0, 39.0, 6.0, 25.0, 27.0, 41.0, 34.0, 10.0]
[9.0, 7.999999999999999, 7.999999999999999, 9.0, 7.999999999999999, 9.0, 9.0, 9.0, 9.0, 9.0, 9.0, 9.0]
[7.999999999999999, 9.0, 9.0, 7.999999999999999, 9.0, 7.999999999999999, 9.0, 9.0, 9.0, 9.0, 9.0, 9.0]
T = 0.018014398509482003	 step = 930
114.94
30.498427692099565
[30.0, 31.0, 19.0, 44.0, 9.0, 43.0, 20.0, 33.0, 7.0, 8.0, 19.0, 43.0]
[42.0, 6.0, 23.0, 24.0, 8.0, 39.0, 6.0, 25.0, 27.0, 41.0, 34.0, 10.0]
[9.0, 7.999999999999999, 7.999999999999999, 9.0, 7.999999999999999, 9.0, 9.0, 9.0, 9.0, 9.0, 9.0, 9.0]
[7.999999999999999, 9.0, 9.0, 7.999999999999999, 9.0, 7.999999999999999, 9.0, 9.0, 9.0, 9.0, 9.0, 9.0]
T = 0.018014398509482003	 step = 931
114.62
30.325493100649343
[30.0, 31.0, 18.0, 44.0, 9.0, 43.0, 20.0, 33.0, 7.0, 8.0, 19.0, 43.0]
[42.0, 7.0, 23.0, 24.0, 8.0, 39.0, 6.0, 25.0, 27.0, 41.0, 34.0, 10.0]
[9.0, 7.999999999999999, 7.999999999999999, 9.0, 7.999999999999999, 9.0, 9.0, 9.0, 9.0, 9.0, 9.0, 9.0]
[7.999999999999999, 9.0, 9.0, 7.999999999999999, 9.0, 7.999999999999999, 9.0, 9.0, 9.0, 9.0, 9.0, 9.0]
T = 0.018014398509482003	 step = 932
114.62
30.234448728354977
[30.0, 31.0, 18.0, 44.0, 9.0, 43.0, 20.0, 33.0, 7.0, 8.0, 19.0, 43.0]
[42.0, 7.0, 23.0, 25.0, 8.0, 39.0, 6.0, 25.0, 27.0, 41.0, 34.0, 10.0]
[9.0, 7.999999999999999, 7.999999999999999, 9.0, 7.999999999999999, 9.0, 9.0, 9.0, 9.0, 9.0, 9.0, 9.0]
[7.999999999999999, 9.0, 9.0, 7.999999999999999, 9.0, 7.999999999999999, 9.0, 9.0, 9.0, 9.0, 9.0, 9.0]
T = 0.018014398509482003	 step = 933
114.65000000000003
30.139210633116882
[30.0, 31.0, 18.0, 44.0, 9.0, 43.0, 20.0, 33.0, 7.0, 8.0, 19.0, 43.0]
[42.0, 7.0, 23.0, 25.0, 8.0, 39.0, 6.0, 25.0, 27.0, 40.0, 34.0, 10.0]
[9.0, 7.999999999999999, 7.999999999999999, 9.0, 7.999999999999999, 9.0, 9.0, 9.0, 9.0, 9.0, 9.0, 9.0]
[7.999999999999999, 9.0, 9.0, 7.999999999999999, 9.0, 7.999999999999999, 9.0, 9.0, 9.0, 9.0, 9.0, 9.0]
T = 0.018014398509482003	 step = 934
117.25
30.541497903138527
[30.0, 31.0, 22.0, 44.0, 9.0, 43.0, 20.0, 33.0, 7.0, 8.0, 19.0, 43.0]
[42.0, 7.0, 18.0, 25.0, 8.0, 39.0, 6.0, 25.0, 27.0, 40.0, 34.0, 10.0]
[9.0, 7.999999999999999, 7.999999999999999, 9.0, 7.999999999999999, 9.0, 9.0, 9.0, 9.0, 9.0, 9.0, 9.0]
[7.999999999999999, 9.0, 9.0, 7.999999999999999, 9.0, 7.999999999999999, 9.0, 9.0, 9.0, 9.0, 9.0, 9.0]
T = 0.018014398509482003	 step = 935
114.62
30.234448728354977
[30.0, 31.0, 18.0, 44.0, 9.0, 43.0, 20.0, 33.0, 7.0, 8.0, 19.0, 43.0]
[42.0, 7.0, 23.0, 25.0, 8.0, 39.0, 6.0, 25.0, 27.0, 41.0, 34.0, 10.0]
[9.0, 7.999999999999999, 7.999999999999999, 9.0, 7.999999999999999, 9.0, 9.0, 9.0, 9.0, 9.0, 9.0, 9.0]
[7.999999999999999, 9.0, 9.0, 7.999999999999999, 9.0, 7.999999999999999, 9.0, 9.0, 9.0, 9.0, 9.0, 9.0]
T = 0.018014398509482003	 step = 936
113.29000000000002
31.566323051948046
[30.0, 31.0, 18.0, 44.0, 6.0, 43.0, 20.0, 33.0, 7.0, 8.0, 19.0, 43.0]
[42.0, 7.0, 23.0, 25.0, 5.0, 39.0, 6.0, 25.0, 27.0, 41.0, 34.0, 10.0]
[9.0, 7.999999999999999, 7.999999999999999, 9.0, 9.0, 9.0, 9.0, 9.0, 9.0, 9.0, 9.0, 9.0]
[7.999999999999999, 9.0, 9.0, 7.999999999999999, 7.999999999999999, 7.999999999999999, 9.0, 9.0, 9.0, 9.0, 9.0, 9.0]
T = 0.018014398509482003	 step = 937
113.35000000000002
31.395597943722937
[30.0, 31.0, 18.0, 44.0, 6.0, 43.0, 20.0, 33.0, 7.0, 8.0, 19.0, 43.0]
[42.0, 7.0, 23.0, 25.0, 5.0, 38.0, 6.0, 25.0, 27.0, 41.0, 34.0, 10.0]
[9.0, 7.999999999999999, 7.999999999999999, 9.0, 9.0, 9.0, 9.0, 9.0, 9.0, 9.0, 9.0, 9.0]
[7.999999999999999, 9.0, 9.0, 7.999999999999999, 7.999999999999999, 7.999999999999999, 9.0, 9.0, 9.0, 9.0, 9.0, 9.0]
T = 0.018014398509482003	 step = 938
113.43
31.30035984848485
[30.0, 31.0, 18.0, 44.0, 6.0, 43.0, 20.0, 33.0, 8.0, 8.0, 19.0, 43.0]
[42.0, 7.0, 23.0, 25.0, 5.0, 38.0, 6.0, 25.0, 19.0, 41.0, 34.0, 10.0]
[9.0, 7.999999999999999, 7.999999999999999, 9.0, 9.0, 9.0, 9.0, 9.0, 9.0, 9.0, 9.0, 9.0]
[7.999999999999999, 9.0, 9.0, 7.999999999999999, 7.999999999999999, 7.999999999999999, 9.0, 9.0, 9.0, 9.0, 9.0, 9.0]
T = 0.018014398509482003	 step = 939
113.38
31.30035984848484
[30.0, 31.0, 18.0, 44.0, 6.0, 43.0, 20.0, 33.0, 7.0, 8.0, 19.0, 43.0]
[42.0, 7.0, 23.0, 25.0, 5.0, 38.0, 6.0, 25.0, 27.0, 40.0, 34.0, 10.0]
[9.0, 7.999999999999999, 7.999999999999999, 9.0, 9.0, 9.0, 9.0, 9.0, 9.0, 9.0, 9.0, 9.0]
[7.999999999999999, 9.0, 9.0, 7.999999999999999, 7.999999999999999, 7.999999999999999, 9.0, 9.0, 9.0, 9.0, 9.0, 9.0]
T = 0.018014398509482003	 step = 940
113.29000000000002
31.46104978354978
[30.0, 31.0, 18.0, 44.0, 6.0, 43.0, 20.0, 33.0, 6.0, 8.0, 19.0, 43.0]
[42.0, 7.0, 23.0, 25.0, 5.0, 38.0, 6.0, 25.0, 28.0, 40.0, 34.0, 10.0]
[9.0, 7.999999999999999, 7.999999999999999, 9.0, 9.0, 9.0, 9.0, 9.0, 9.0, 9.0, 9.0, 9.0]
[7.999999999999999, 9.0, 9.0, 7.999999999999999, 7.999999999999999, 7.999999999999999, 9.0, 9.0, 9.0, 9.0, 9.0, 9.0]
T = 0.018014398509482003	 step = 941
113.38
31.31505749458874
[30.0, 31.0, 18.0, 44.0, 6.0, 43.0, 20.0, 33.0, 6.0, 8.0, 19.0, 43.0]
[42.0, 7.0, 23.0, 25.0, 5.0, 37.0, 6.0, 25.0, 28.0, 40.0, 34.0, 10.0]
[9.0, 7.999999999999999, 7.999999999999999, 9.0, 9.0, 9.0, 9.0, 9.0, 9.0, 9.0, 9.0, 9.0]
[7.999999999999999, 9.0, 9.0, 7.999999999999999, 7.999999999999999, 7.999999999999999, 9.0, 9.0, 9.0, 9.0, 9.0, 9.0]
T = 0.018014398509482003	 step = 942
113.41000000000003
31.249605654761904
[30.0, 31.0, 18.0, 44.0, 6.0, 43.0, 20.0, 33.0, 6.0, 8.0, 19.0, 43.0]
[42.0, 7.0, 23.0, 25.0, 5.0, 37.0, 6.0, 25.0, 27.0, 40.0, 34.0, 10.0]
[9.0, 7.999999999999999, 7.999999999999999, 9.0, 9.0, 9.0, 9.0, 9.0, 9.0, 9.0, 9.0, 9.0]
[7.999999999999999, 9.0, 9.0, 7.999999999999999, 7.999999999999999, 7.999999999999999, 9.0, 9.0, 9.0, 9.0, 9.0, 9.0]
T = 0.018014398509482003	 step = 943
113.42000000000002
31.15436755952381
[30.0, 31.0, 18.0, 44.0, 6.0, 43.0, 20.0, 33.0, 6.0, 8.0, 19.0, 43.0]
[42.0, 7.0, 23.0, 25.0, 5.0, 37.0, 6.0, 24.0, 27.0, 40.0, 34.0, 10.0]
[9.0, 7.999999999999999, 7.999999999999999, 9.0, 9.0, 9.0, 9.0, 9.0, 9.0, 9.0, 9.0, 9.0]
[7.999999999999999, 9.0, 9.0, 7.999999999999999, 7.999999999999999, 7.999999999999999, 9.0, 9.0, 9.0, 9.0, 9.0, 9.0]
T = 0.018014398509482003	 step = 944
113.41000000000003
31.249605654761904
[30.0, 31.0, 18.0, 44.0, 6.0, 43.0, 20.0, 33.0, 6.0, 8.0, 19.0, 43.0]
[42.0, 7.0, 23.0, 25.0, 5.0, 37.0, 6.0, 25.0, 27.0, 40.0, 34.0, 10.0]
[9.0, 7.999999999999999, 7.999999999999999, 9.0, 9.0, 9.0, 9.0, 9.0, 9.0, 9.0, 9.0, 9.0]
[7.999999999999999, 9.0, 9.0, 7.999999999999999, 7.999999999999999, 7.999999999999999, 9.0, 9.0, 9.0, 9.0, 9.0, 9.0]
T = 0.018014398509482003	 step = 945
113.41000000000003
31.34484375
[30.0, 31.0, 18.0, 44.0, 6.0, 43.0, 19.0, 33.0, 6.0, 8.0, 19.0, 43.0]
[42.0, 7.0, 23.0, 25.0, 5.0, 37.0, 6.0, 25.0, 27.0, 40.0, 34.0, 10.0]
[9.0, 7.999999999999999, 7.999999999999999, 9.0, 9.0, 9.0, 9.0, 9.0, 9.0, 9.0, 9.0, 9.0]
[7.999999999999999, 9.0, 9.0, 7.999999999999999, 7.999999999999999, 7.999999999999999, 9.0, 9.0, 9.0, 9.0, 9.0, 9.0]
T = 0.018014398509482003	 step = 946
113.41000000000003
31.440081845238094
[30.0, 31.0, 18.0, 44.0, 6.0, 43.0, 18.0, 33.0, 6.0, 8.0, 19.0, 43.0]
[42.0, 7.0, 23.0, 25.0, 5.0, 37.0, 6.0, 25.0, 27.0, 40.0, 34.0, 10.0]
[9.0, 7.999999999999999, 7.999999999999999, 9.0, 9.0, 9.0, 9.0, 9.0, 9.0, 9.0, 9.0, 9.0]
[7.999999999999999, 9.0, 9.0, 7.999999999999999, 7.999999999999999, 7.999999999999999, 9.0, 9.0, 9.0, 9.0, 9.0, 9.0]
T = 0.018014398509482003	 step = 947
113.35000000000002
31.992029897186143
[30.0, 31.0, 18.0, 44.0, 6.0, 43.0, 18.0, 32.0, 6.0, 8.0, 19.0, 43.0]
[42.0, 7.0, 23.0, 25.0, 5.0, 37.0, 6.0, 31.0, 27.0, 40.0, 34.0, 10.0]
[9.0, 7.999999999999999, 7.999999999999999, 9.0, 9.0, 9.0, 9.0, 9.0, 9.0, 9.0, 9.0, 9.0]
[7.999999999999999, 9.0, 9.0, 7.999999999999999, 7.999999999999999, 7.999999999999999, 9.0, 9.0, 9.0, 9.0, 9.0, 9.0]
T = 0.018014398509482003	 step = 948
113.37
31.951445481601727
[30.0, 31.0, 18.0, 44.0, 6.0, 43.0, 18.0, 32.0, 6.0, 8.0, 19.0, 43.0]
[42.0, 7.0, 23.0, 25.0, 5.0, 37.0, 6.0, 31.0, 26.0, 40.0, 34.0, 10.0]
[9.0, 7.999999999999999, 7.999999999999999, 9.0, 9.0, 9.0, 9.0, 9.0, 9.0, 9.0, 9.0, 9.0]
[7.999999999999999, 9.0, 9.0, 7.999999999999999, 7.999999999999999, 7.999999999999999, 9.0, 9.0, 9.0, 9.0, 9.0, 9.0]
T = 0.018014398509482003	 step = 949
113.37
32.04668357683982
[30.0, 31.0, 18.0, 44.0, 6.0, 43.0, 17.0, 32.0, 6.0, 8.0, 19.0, 43.0]
[42.0, 7.0, 23.0, 25.0, 5.0, 37.0, 6.0, 31.0, 26.0, 40.0, 34.0, 10.0]
[9.0, 7.999999999999999, 7.999999999999999, 9.0, 9.0, 9.0, 9.0, 9.0, 9.0, 9.0, 9.0, 9.0]
[7.999999999999999, 9.0, 9.0, 7.999999999999999, 7.999999999999999, 7.999999999999999, 9.0, 9.0, 9.0, 9.0, 9.0, 9.0]
T = 0.018014398509482003	 step = 950
113.61000000000001
31.903826433982683
[30.0, 31.0, 18.0, 44.0, 6.0, 43.0, 17.0, 32.0, 6.0, 8.0, 19.0, 43.0]
[42.0, 8.0, 23.0, 25.0, 5.0, 37.0, 6.0, 31.0, 26.0, 40.0, 34.0, 10.0]
[9.0, 7.999999999999999, 7.999999999999999, 9.0, 9.0, 9.0, 9.0, 9.0, 9.0, 9.0, 9.0, 9.0]
[7.999999999999999, 9.0, 9.0, 7.999999999999999, 7.999999999999999, 7.999999999999999, 9.0, 9.0, 9.0, 9.0, 9.0, 9.0]
T = 0.018014398509482003	 step = 951
121.48000000000002
29.159305330086575
[30.0, 31.0, 18.0, 28.0, 6.0, 43.0, 17.0, 32.0, 6.0, 8.0, 19.0, 43.0]
[42.0, 7.0, 23.0, 18.0, 5.0, 37.0, 6.0, 31.0, 26.0, 40.0, 34.0, 10.0]
[9.0, 7.999999999999999, 7.999999999999999, 9.0, 9.0, 9.0, 9.0, 9.0, 9.0, 9.0, 9.0, 9.0]
[7.999999999999999, 9.0, 9.0, 7.999999999999999, 7.999999999999999, 7.999999999999999, 9.0, 9.0, 9.0, 9.0, 9.0, 9.0]
T = 0.014411518807585602	 step = 952
113.42000000000002
31.95563920454545
[30.0, 31.0, 18.0, 44.0, 6.0, 43.0, 17.0, 32.0, 6.0, 8.0, 19.0, 43.0]
[42.0, 7.0, 23.0, 26.0, 5.0, 37.0, 6.0, 31.0, 26.0, 40.0, 34.0, 10.0]
[9.0, 7.999999999999999, 7.999999999999999, 9.0, 9.0, 9.0, 9.0, 9.0, 9.0, 9.0, 9.0, 9.0]
[7.999999999999999, 9.0, 9.0, 7.999999999999999, 7.999999999999999, 7.999999999999999, 9.0, 9.0, 9.0, 9.0, 9.0, 9.0]
T = 0.014411518807585602	 step = 953
113.22000000000003
32.0032582521645
[30.0, 31.0, 17.0, 44.0, 6.0, 43.0, 17.0, 32.0, 6.0, 8.0, 19.0, 43.0]
[42.0, 7.0, 23.0, 26.0, 5.0, 37.0, 6.0, 31.0, 26.0, 40.0, 34.0, 10.0]
[9.0, 7.999999999999999, 7.999999999999999, 9.0, 9.0, 9.0, 9.0, 9.0, 9.0, 9.0, 9.0, 9.0]
[7.999999999999999, 9.0, 9.0, 7.999999999999999, 7.999999999999999, 7.999999999999999, 9.0, 9.0, 9.0, 9.0, 9.0, 9.0]
T = 0.014411518807585602	 step = 954
113.26000000000005
31.76516301406926
[30.0, 31.0, 17.0, 44.0, 6.0, 43.0, 17.0, 32.0, 6.0, 8.0, 19.0, 43.0]
[42.0, 7.0, 23.0, 26.0, 6.0, 37.0, 6.0, 31.0, 26.0, 40.0, 34.0, 10.0]
[9.0, 7.999999999999999, 7.999999999999999, 9.0, 9.0, 9.0, 9.0, 9.0, 9.0, 9.0, 9.0, 9.0]
[7.999999999999999, 9.0, 9.0, 7.999999999999999, 7.999999999999999, 7.999999999999999, 9.0, 9.0, 9.0, 9.0, 9.0, 9.0]
T = 0.014411518807585602	 step = 955
113.25
31.860401109307354
[30.0, 31.0, 17.0, 44.0, 6.0, 43.0, 17.0, 32.0, 6.0, 7.0, 19.0, 43.0]
[42.0, 7.0, 23.0, 26.0, 6.0, 37.0, 6.0, 31.0, 26.0, 40.0, 34.0, 10.0]
[9.0, 7.999999999999999, 7.999999999999999, 9.0, 9.0, 9.0, 9.0, 9.0, 9.0, 9.0, 9.0, 9.0]
[7.999999999999999, 9.0, 9.0, 7.999999999999999, 7.999999999999999, 7.999999999999999, 9.0, 9.0, 9.0, 9.0, 9.0, 9.0]
T = 0.014411518807585602	 step = 956
114.76000000000005
32.44193621482684
[30.0, 31.0, 20.0, 44.0, 6.0, 43.0, 17.0, 32.0, 6.0, 7.0, 19.0, 43.0]
[42.0, 7.0, 17.0, 26.0, 6.0, 37.0, 6.0, 31.0, 26.0, 40.0, 34.0, 10.0]
[9.0, 7.999999999999999, 7.999999999999999, 9.0, 9.0, 9.0, 9.0, 9.0, 9.0, 9.0, 9.0, 9.0]
[7.999999999999999, 9.0, 9.0, 7.999999999999999, 7.999999999999999, 7.999999999999999, 9.0, 9.0, 9.0, 9.0, 9.0, 9.0]
T = 0.014411518807585602	 step = 957
113.25
31.843623511904763
[30.0, 31.0, 17.0, 44.0, 6.0, 43.0, 17.0, 32.0, 6.0, 7.0, 19.0, 44.0]
[42.0, 7.0, 23.0, 26.0, 6.0, 37.0, 6.0, 31.0, 26.0, 40.0, 34.0, 10.0]
[9.0, 7.999999999999999, 7.999999999999999, 9.0, 9.0, 9.0, 9.0, 9.0, 9.0, 9.0, 9.0, 9.0]
[7.999999999999999, 9.0, 9.0, 7.999999999999999, 7.999999999999999, 7.999999999999999, 9.0, 9.0, 9.0, 9.0, 9.0, 9.0]
T = 0.014411518807585602	 step = 958
113.25
31.748385416666668
[30.0, 31.0, 17.0, 44.0, 6.0, 43.0, 17.0, 32.0, 6.0, 7.0, 19.0, 44.0]
[42.0, 7.0, 23.0, 26.0, 6.0, 37.0, 6.0, 31.0, 26.0, 39.0, 34.0, 10.0]
[9.0, 7.999999999999999, 7.999999999999999, 9.0, 9.0, 9.0, 9.0, 9.0, 9.0, 9.0, 9.0, 9.0]
[7.999999999999999, 9.0, 9.0, 7.999999999999999, 7.999999999999999, 7.999999999999999, 9.0, 9.0, 9.0, 9.0, 9.0, 9.0]
T = 0.014411518807585602	 step = 959
113.25
31.843623511904763
[30.0, 31.0, 17.0, 44.0, 6.0, 43.0, 17.0, 32.0, 6.0, 7.0, 19.0, 44.0]
[42.0, 7.0, 23.0, 26.0, 6.0, 37.0, 6.0, 31.0, 26.0, 40.0, 34.0, 10.0]
[9.0, 7.999999999999999, 7.999999999999999, 9.0, 9.0, 9.0, 9.0, 9.0, 9.0, 9.0, 9.0, 9.0]
[7.999999999999999, 9.0, 9.0, 7.999999999999999, 7.999999999999999, 7.999999999999999, 9.0, 9.0, 9.0, 9.0, 9.0, 9.0]
T = 0.014411518807585602	 step = 960
113.22000000000003
31.986480654761902
[30.0, 31.0, 17.0, 44.0, 6.0, 43.0, 17.0, 32.0, 6.0, 7.0, 19.0, 44.0]
[42.0, 7.0, 23.0, 26.0, 5.0, 37.0, 6.0, 31.0, 26.0, 39.0, 34.0, 10.0]
[9.0, 7.999999999999999, 7.999999999999999, 9.0, 9.0, 9.0, 9.0, 9.0, 9.0, 9.0, 9.0, 9.0]
[7.999999999999999, 9.0, 9.0, 7.999999999999999, 7.999999999999999, 7.999999999999999, 9.0, 9.0, 9.0, 9.0, 9.0, 9.0]
T = 0.014411518807585602	 step = 961
113.21000000000004
31.945896239177486
[30.0, 31.0, 17.0, 44.0, 6.0, 43.0, 17.0, 32.0, 6.0, 7.0, 19.0, 44.0]
[42.0, 7.0, 23.0, 26.0, 5.0, 37.0, 6.0, 31.0, 25.0, 39.0, 34.0, 10.0]
[9.0, 7.999999999999999, 7.999999999999999, 9.0, 9.0, 9.0, 9.0, 9.0, 9.0, 9.0, 9.0, 9.0]
[7.999999999999999, 9.0, 9.0, 7.999999999999999, 7.999999999999999, 7.999999999999999, 9.0, 9.0, 9.0, 9.0, 9.0, 9.0]
T = 0.014411518807585602	 step = 962
113.21000000000004
31.905311823593074
[30.0, 31.0, 17.0, 44.0, 6.0, 43.0, 17.0, 32.0, 6.0, 7.0, 19.0, 44.0]
[42.0, 7.0, 23.0, 26.0, 5.0, 37.0, 6.0, 31.0, 24.0, 39.0, 34.0, 10.0]
[9.0, 7.999999999999999, 7.999999999999999, 9.0, 9.0, 9.0, 9.0, 9.0, 9.0, 9.0, 9.0, 9.0]
[7.999999999999999, 9.0, 9.0, 7.999999999999999, 7.999999999999999, 7.999999999999999, 9.0, 9.0, 9.0, 9.0, 9.0, 9.0]
T = 0.014411518807585602	 step = 963
112.67000000000002
32.051304112554114
[30.0, 31.0, 17.0, 44.0, 6.0, 43.0, 17.0, 32.0, 6.0, 7.0, 19.0, 44.0]
[42.0, 7.0, 23.0, 26.0, 5.0, 38.0, 6.0, 31.0, 24.0, 39.0, 34.0, 10.0]
[9.0, 7.999999999999999, 7.999999999999999, 9.0, 9.0, 9.0, 9.0, 9.0, 9.0, 9.0, 9.0, 9.0]
[7.999999999999999, 9.0, 9.0, 7.999999999999999, 7.999999999999999, 7.999999999999999, 9.0, 9.0, 9.0, 9.0, 9.0, 9.0]
T = 0.014411518807585602	 step = 964
112.68
32.06808170995671
[30.0, 31.0, 17.0, 44.0, 6.0, 43.0, 17.0, 32.0, 6.0, 7.0, 19.0, 43.0]
[42.0, 7.0, 23.0, 26.0, 5.0, 38.0, 6.0, 31.0, 24.0, 39.0, 34.0, 10.0]
[9.0, 7.999999999999999, 7.999999999999999, 9.0, 9.0, 9.0, 9.0, 9.0, 9.0, 9.0, 9.0, 9.0]
[7.999999999999999, 9.0, 9.0, 7.999999999999999, 7.999999999999999, 7.999999999999999, 9.0, 9.0, 9.0, 9.0, 9.0, 9.0]
T = 0.014411518807585602	 step = 965
112.73000000000002
31.972843614718613
[30.0, 31.0, 17.0, 44.0, 6.0, 43.0, 17.0, 32.0, 6.0, 7.0, 19.0, 43.0]
[42.0, 7.0, 23.0, 26.0, 5.0, 38.0, 7.0, 31.0, 24.0, 39.0, 34.0, 10.0]
[9.0, 7.999999999999999, 7.999999999999999, 9.0, 9.0, 9.0, 9.0, 9.0, 9.0, 9.0, 9.0, 9.0]
[7.999999999999999, 9.0, 9.0, 7.999999999999999, 7.999999999999999, 7.999999999999999, 9.0, 9.0, 9.0, 9.0, 9.0, 9.0]
T = 0.014411518807585602	 step = 966
112.74000000000001
31.877605519480518
[30.0, 31.0, 17.0, 44.0, 6.0, 43.0, 17.0, 32.0, 6.0, 7.0, 18.0, 43.0]
[42.0, 7.0, 23.0, 26.0, 5.0, 38.0, 7.0, 31.0, 24.0, 39.0, 34.0, 10.0]
[9.0, 7.999999999999999, 7.999999999999999, 9.0, 9.0, 9.0, 9.0, 9.0, 9.0, 9.0, 9.0, 9.0]
[7.999999999999999, 9.0, 9.0, 7.999999999999999, 7.999999999999999, 7.999999999999999, 9.0, 9.0, 9.0, 9.0, 9.0, 9.0]
T = 0.014411518807585602	 step = 967
112.67000000000002
31.972843614718613
[30.0, 31.0, 17.0, 44.0, 6.0, 43.0, 17.0, 32.0, 6.0, 7.0, 18.0, 43.0]
[42.0, 7.0, 23.0, 26.0, 5.0, 38.0, 7.0, 31.0, 24.0, 39.0, 35.0, 10.0]
[9.0, 7.999999999999999, 7.999999999999999, 9.0, 9.0, 9.0, 9.0, 9.0, 9.0, 9.0, 9.0, 9.0]
[7.999999999999999, 9.0, 9.0, 7.999999999999999, 7.999999999999999, 7.999999999999999, 9.0, 9.0, 9.0, 9.0, 9.0, 9.0]
T = 0.014411518807585602	 step = 968
112.73000000000002
31.877605519480518
[30.0, 31.0, 17.0, 44.0, 6.0, 43.0, 17.0, 32.0, 6.0, 7.0, 18.0, 43.0]
[42.0, 7.0, 23.0, 26.0, 5.0, 38.0, 8.0, 31.0, 24.0, 39.0, 35.0, 10.0]
[9.0, 7.999999999999999, 7.999999999999999, 9.0, 9.0, 9.0, 9.0, 9.0, 9.0, 9.0, 9.0, 9.0]
[7.999999999999999, 9.0, 9.0, 7.999999999999999, 7.999999999999999, 7.999999999999999, 9.0, 9.0, 9.0, 9.0, 9.0, 9.0]
T = 0.014411518807585602	 step = 969
112.62
32.14087493235931
[30.0, 31.0, 17.0, 44.0, 6.0, 43.0, 17.0, 32.0, 6.0, 7.0, 18.0, 43.0]
[42.0, 7.0, 23.0, 26.0, 5.0, 39.0, 7.0, 31.0, 24.0, 39.0, 35.0, 10.0]
[9.0, 7.999999999999999, 7.999999999999999, 9.0, 9.0, 9.0, 9.0, 9.0, 9.0, 9.0, 9.0, 9.0]
[7.999999999999999, 9.0, 9.0, 7.999999999999999, 7.999999999999999, 7.999999999999999, 9.0, 9.0, 9.0, 9.0, 9.0, 9.0]
T = 0.014411518807585602	 step = 970
112.91000000000003
29.699722334956707
[30.0, 31.0, 17.0, 44.0, 6.0, 43.0, 17.0, 32.0, 6.0, 29.0, 18.0, 43.0]
[42.0, 7.0, 23.0, 26.0, 5.0, 39.0, 7.0, 31.0, 24.0, 18.0, 35.0, 10.0]
[9.0, 7.999999999999999, 7.999999999999999, 9.0, 9.0, 9.0, 9.0, 9.0, 9.0, 9.0, 9.0, 9.0]
[7.999999999999999, 9.0, 9.0, 7.999999999999999, 7.999999999999999, 7.999999999999999, 9.0, 9.0, 9.0, 9.0, 9.0, 9.0]
T = 0.014411518807585602	 step = 971
113.18
29.46162709686147
[30.0, 31.0, 17.0, 44.0, 6.0, 43.0, 17.0, 32.0, 6.0, 29.0, 18.0, 43.0]
[42.0, 7.0, 23.0, 26.0, 6.0, 39.0, 7.0, 31.0, 24.0, 18.0, 35.0, 10.0]
[9.0, 7.999999999999999, 7.999999999999999, 9.0, 9.0, 9.0, 9.0, 9.0, 9.0, 9.0, 9.0, 9.0]
[7.999999999999999, 9.0, 9.0, 7.999999999999999, 7.999999999999999, 7.999999999999999, 9.0, 9.0, 9.0, 9.0, 9.0, 9.0]
T = 0.014411518807585602	 step = 972
113.18
29.36638900162337
[30.0, 31.0, 17.0, 44.0, 6.0, 43.0, 18.0, 32.0, 6.0, 29.0, 18.0, 43.0]
[42.0, 7.0, 23.0, 26.0, 6.0, 39.0, 7.0, 31.0, 24.0, 18.0, 35.0, 10.0]
[9.0, 7.999999999999999, 7.999999999999999, 9.0, 9.0, 9.0, 9.0, 9.0, 9.0, 9.0, 9.0, 9.0]
[7.999999999999999, 9.0, 9.0, 7.999999999999999, 7.999999999999999, 7.999999999999999, 9.0, 9.0, 9.0, 9.0, 9.0, 9.0]
T = 0.014411518807585602	 step = 973
113.10000000000002
29.274715909090908
[30.0, 31.0, 17.0, 44.0, 6.0, 43.0, 18.0, 32.0, 6.0, 29.0, 18.0, 43.0]
[42.0, 7.0, 24.0, 26.0, 6.0, 39.0, 7.0, 31.0, 24.0, 18.0, 35.0, 10.0]
[9.0, 7.999999999999999, 7.999999999999999, 9.0, 9.0, 9.0, 9.0, 9.0, 9.0, 9.0, 9.0, 9.0]
[7.999999999999999, 9.0, 9.0, 7.999999999999999, 7.999999999999999, 7.999999999999999, 9.0, 9.0, 9.0, 9.0, 9.0, 9.0]
T = 0.014411518807585602	 step = 974
112.56
29.322334956709955
[30.0, 31.0, 16.0, 44.0, 6.0, 43.0, 18.0, 32.0, 6.0, 29.0, 18.0, 43.0]
[42.0, 7.0, 24.0, 26.0, 6.0, 39.0, 7.0, 31.0, 24.0, 18.0, 35.0, 10.0]
[9.0, 7.999999999999999, 7.999999999999999, 9.0, 9.0, 9.0, 9.0, 9.0, 9.0, 9.0, 9.0, 9.0]
[7.999999999999999, 9.0, 9.0, 7.999999999999999, 7.999999999999999, 7.999999999999999, 9.0, 9.0, 9.0, 9.0, 9.0, 9.0]
T = 0.014411518807585602	 step = 975
112.25
32.188130073051944
[30.0, 31.0, 16.0, 44.0, 6.0, 43.0, 18.0, 32.0, 6.0, 6.0, 18.0, 43.0]
[42.0, 7.0, 24.0, 26.0, 6.0, 39.0, 7.0, 31.0, 24.0, 42.0, 35.0, 10.0]
[9.0, 7.999999999999999, 7.999999999999999, 9.0, 9.0, 9.0, 9.0, 9.0, 9.0, 9.0, 9.0, 9.0]
[7.999999999999999, 9.0, 9.0, 7.999999999999999, 7.999999999999999, 7.999999999999999, 9.0, 9.0, 9.0, 9.0, 9.0, 9.0]
T = 0.014411518807585602	 step = 976
112.30000000000001
32.2361130275974
[30.0, 31.0, 16.0, 44.0, 6.0, 43.0, 18.0, 32.0, 6.0, 6.0, 18.0, 43.0]
[42.0, 7.0, 23.0, 26.0, 6.0, 39.0, 7.0, 31.0, 24.0, 42.0, 35.0, 10.0]
[9.0, 7.999999999999999, 7.999999999999999, 9.0, 9.0, 9.0, 9.0, 9.0, 9.0, 9.0, 9.0, 9.0]
[7.999999999999999, 9.0, 9.0, 7.999999999999999, 7.999999999999999, 7.999999999999999, 9.0, 9.0, 9.0, 9.0, 9.0, 9.0]
T = 0.014411518807585602	 step = 977
112.77000000000004
31.950034834956707
[30.0, 31.0, 16.0, 43.0, 6.0, 43.0, 18.0, 32.0, 6.0, 6.0, 18.0, 43.0]
[42.0, 7.0, 24.0, 26.0, 6.0, 39.0, 7.0, 31.0, 24.0, 42.0, 35.0, 10.0]
[9.0, 7.999999999999999, 7.999999999999999, 9.0, 9.0, 9.0, 9.0, 9.0, 9.0, 9.0, 9.0, 9.0]
[7.999999999999999, 9.0, 9.0, 7.999999999999999, 7.999999999999999, 7.999999999999999, 9.0, 9.0, 9.0, 9.0, 9.0, 9.0]
T = 0.014411518807585602	 step = 978
112.77000000000004
32.0452729301948
[30.0, 31.0, 16.0, 43.0, 6.0, 43.0, 18.0, 32.0, 6.0, 6.0, 18.0, 42.0]
[42.0, 7.0, 24.0, 26.0, 6.0, 39.0, 7.0, 31.0, 24.0, 42.0, 35.0, 10.0]
[9.0, 7.999999999999999, 7.999999999999999, 9.0, 9.0, 9.0, 9.0, 9.0, 9.0, 9.0, 9.0, 9.0]
[7.999999999999999, 9.0, 9.0, 7.999999999999999, 7.999999999999999, 7.999999999999999, 9.0, 9.0, 9.0, 9.0, 9.0, 9.0]
T = 0.014411518807585602	 step = 979
112.54000000000002
32.235749120670995
[30.0, 31.0, 16.0, 43.0, 6.0, 43.0, 18.0, 32.0, 6.0, 6.0, 18.0, 42.0]
[42.0, 6.0, 24.0, 26.0, 6.0, 39.0, 7.0, 31.0, 24.0, 42.0, 35.0, 10.0]
[9.0, 7.999999999999999, 7.999999999999999, 9.0, 9.0, 9.0, 9.0, 9.0, 9.0, 9.0, 9.0, 9.0]
[7.999999999999999, 9.0, 9.0, 7.999999999999999, 7.999999999999999, 7.999999999999999, 9.0, 9.0, 9.0, 9.0, 9.0, 9.0]
T = 0.014411518807585602	 step = 980
112.53000000000003
32.33098721590909
[30.0, 31.0, 16.0, 43.0, 6.0, 43.0, 18.0, 32.0, 6.0, 6.0, 18.0, 42.0]
[42.0, 6.0, 24.0, 26.0, 6.0, 39.0, 7.0, 31.0, 24.0, 42.0, 36.0, 10.0]
[9.0, 7.999999999999999, 7.999999999999999, 9.0, 9.0, 9.0, 9.0, 9.0, 9.0, 9.0, 9.0, 9.0]
[7.999999999999999, 9.0, 9.0, 7.999999999999999, 7.999999999999999, 7.999999999999999, 9.0, 9.0, 9.0, 9.0, 9.0, 9.0]
T = 0.014411518807585602	 step = 981
112.56
32.52829511634199
[30.0, 31.0, 16.0, 43.0, 6.0, 44.0, 18.0, 32.0, 6.0, 6.0, 18.0, 42.0]
[42.0, 6.0, 24.0, 26.0, 6.0, 39.0, 7.0, 31.0, 24.0, 42.0, 36.0, 10.0]
[9.0, 7.999999999999999, 7.999999999999999, 9.0, 9.0, 7.999999999999999, 9.0, 9.0, 9.0, 9.0, 9.0, 9.0]
[7.999999999999999, 9.0, 9.0, 7.999999999999999, 7.999999999999999, 9.0, 9.0, 9.0, 9.0, 9.0, 9.0, 9.0]
T = 0.014411518807585602	 step = 982
112.74000000000001
32.492648471320344
[31.0, 31.0, 16.0, 43.0, 6.0, 44.0, 18.0, 32.0, 6.0, 6.0, 18.0, 42.0]
[42.0, 6.0, 24.0, 26.0, 6.0, 39.0, 7.0, 31.0, 24.0, 42.0, 36.0, 10.0]
[9.0, 7.999999999999999, 7.999999999999999, 9.0, 9.0, 7.999999999999999, 9.0, 9.0, 9.0, 9.0, 9.0, 9.0]
[7.999999999999999, 9.0, 9.0, 7.999999999999999, 7.999999999999999, 9.0, 9.0, 9.0, 9.0, 9.0, 9.0, 9.0]
T = 0.014411518807585602	 step = 983
112.43
32.38477543290043
[30.0, 31.0, 16.0, 43.0, 6.0, 44.0, 18.0, 29.0, 6.0, 6.0, 18.0, 42.0]
[42.0, 6.0, 24.0, 26.0, 6.0, 39.0, 7.0, 28.0, 24.0, 42.0, 36.0, 10.0]
[9.0, 7.999999999999999, 7.999999999999999, 9.0, 9.0, 7.999999999999999, 9.0, 9.0, 9.0, 9.0, 9.0, 9.0]
[7.999999999999999, 9.0, 9.0, 7.999999999999999, 7.999999999999999, 9.0, 9.0, 9.0, 9.0, 9.0, 9.0, 9.0]
T = 0.014411518807585602	 step = 984
112.44
32.28953733766234
[30.0, 31.0, 16.0, 43.0, 6.0, 44.0, 18.0, 29.0, 6.0, 6.0, 18.0, 42.0]
[42.0, 6.0, 24.0, 26.0, 6.0, 39.0, 7.0, 28.0, 24.0, 42.0, 35.0, 10.0]
[9.0, 7.999999999999999, 7.999999999999999, 9.0, 9.0, 7.999999999999999, 9.0, 9.0, 9.0, 9.0, 9.0, 9.0]
[7.999999999999999, 9.0, 9.0, 7.999999999999999, 7.999999999999999, 9.0, 9.0, 9.0, 9.0, 9.0, 9.0, 9.0]
T = 0.014411518807585602	 step = 985
112.44
32.33384909361472
[30.0, 31.0, 16.0, 43.0, 6.0, 44.0, 18.0, 29.0, 6.0, 6.0, 18.0, 42.0]
[42.0, 6.0, 24.0, 26.0, 6.0, 39.0, 7.0, 28.0, 23.0, 42.0, 35.0, 10.0]
[9.0, 7.999999999999999, 7.999999999999999, 9.0, 9.0, 7.999999999999999, 9.0, 9.0, 9.0, 9.0, 9.0, 9.0]
[7.999999999999999, 9.0, 9.0, 7.999999999999999, 7.999999999999999, 9.0, 9.0, 9.0, 9.0, 9.0, 9.0, 9.0]
T = 0.014411518807585602	 step = 986
112.42000000000002
32.293731060606056
[30.0, 31.0, 16.0, 43.0, 6.0, 44.0, 18.0, 29.0, 6.0, 6.0, 18.0, 42.0]
[42.0, 6.0, 23.0, 26.0, 6.0, 39.0, 7.0, 28.0, 23.0, 42.0, 35.0, 10.0]
[9.0, 7.999999999999999, 7.999999999999999, 9.0, 9.0, 7.999999999999999, 9.0, 9.0, 9.0, 9.0, 9.0, 9.0]
[7.999999999999999, 9.0, 9.0, 7.999999999999999, 7.999999999999999, 9.0, 9.0, 9.0, 9.0, 9.0, 9.0, 9.0]
T = 0.014411518807585602	 step = 987
112.47000000000003
32.19849296536796
[30.0, 31.0, 16.0, 43.0, 6.0, 44.0, 18.0, 29.0, 6.0, 6.0, 18.0, 42.0]
[42.0, 6.0, 23.0, 26.0, 6.0, 39.0, 7.0, 28.0, 23.0, 42.0, 34.0, 10.0]
[9.0, 7.999999999999999, 7.999999999999999, 9.0, 9.0, 7.999999999999999, 9.0, 9.0, 9.0, 9.0, 9.0, 9.0]
[7.999999999999999, 9.0, 9.0, 7.999999999999999, 7.999999999999999, 9.0, 9.0, 9.0, 9.0, 9.0, 9.0, 9.0]
T = 0.014411518807585602	 step = 988
112.49000000000001
32.10325487012987
[30.0, 31.0, 16.0, 43.0, 6.0, 44.0, 18.0, 29.0, 6.0, 6.0, 17.0, 42.0]
[42.0, 6.0, 23.0, 26.0, 6.0, 39.0, 7.0, 28.0, 23.0, 42.0, 34.0, 10.0]
[9.0, 7.999999999999999, 7.999999999999999, 9.0, 9.0, 7.999999999999999, 9.0, 9.0, 9.0, 9.0, 9.0, 9.0]
[7.999999999999999, 9.0, 9.0, 7.999999999999999, 7.999999999999999, 9.0, 9.0, 9.0, 9.0, 9.0, 9.0, 9.0]
T = 0.014411518807585602	 step = 989
112.5
32.19849296536796
[30.0, 31.0, 16.0, 43.0, 6.0, 44.0, 17.0, 29.0, 6.0, 6.0, 17.0, 42.0]
[42.0, 6.0, 23.0, 26.0, 6.0, 39.0, 7.0, 28.0, 23.0, 42.0, 34.0, 10.0]
[9.0, 7.999999999999999, 7.999999999999999, 9.0, 9.0, 7.999999999999999, 9.0, 9.0, 9.0, 9.0, 9.0, 9.0]
[7.999999999999999, 9.0, 9.0, 7.999999999999999, 7.999999999999999, 9.0, 9.0, 9.0, 9.0, 9.0, 9.0, 9.0]
T = 0.014411518807585602	 step = 990
112.43
32.293731060606056
[30.0, 31.0, 16.0, 43.0, 6.0, 44.0, 17.0, 29.0, 6.0, 6.0, 17.0, 42.0]
[42.0, 6.0, 23.0, 26.0, 6.0, 39.0, 7.0, 28.0, 23.0, 42.0, 35.0, 10.0]
[9.0, 7.999999999999999, 7.999999999999999, 9.0, 9.0, 7.999999999999999, 9.0, 9.0, 9.0, 9.0, 9.0, 9.0]
[7.999999999999999, 9.0, 9.0, 7.999999999999999, 7.999999999999999, 9.0, 9.0, 9.0, 9.0, 9.0, 9.0, 9.0]
T = 0.014411518807585602	 step = 991
112.42000000000002
32.33752029220779
[30.0, 31.0, 16.0, 43.0, 6.0, 44.0, 17.0, 29.0, 6.0, 6.0, 17.0, 42.0]
[42.0, 6.0, 23.0, 26.0, 6.0, 39.0, 7.0, 28.0, 22.0, 42.0, 35.0, 10.0]
[9.0, 7.999999999999999, 7.999999999999999, 9.0, 9.0, 7.999999999999999, 9.0, 9.0, 9.0, 9.0, 9.0, 9.0]
[7.999999999999999, 9.0, 9.0, 7.999999999999999, 7.999999999999999, 9.0, 9.0, 9.0, 9.0, 9.0, 9.0, 9.0]
T = 0.014411518807585602	 step = 992
112.54000000000002
32.297924783549774
[30.0, 31.0, 16.0, 43.0, 6.0, 44.0, 17.0, 29.0, 6.0, 6.0, 17.0, 42.0]
[42.0, 6.0, 22.0, 26.0, 6.0, 39.0, 7.0, 28.0, 22.0, 42.0, 35.0, 10.0]
[9.0, 7.999999999999999, 7.999999999999999, 9.0, 9.0, 7.999999999999999, 9.0, 9.0, 9.0, 9.0, 9.0, 9.0]
[7.999999999999999, 9.0, 9.0, 7.999999999999999, 7.999999999999999, 9.0, 9.0, 9.0, 9.0, 9.0, 9.0, 9.0]
T = 0.014411518807585602	 step = 993
112.47000000000003
32.39316287878787
[30.0, 31.0, 16.0, 43.0, 6.0, 44.0, 17.0, 29.0, 6.0, 6.0, 17.0, 42.0]
[42.0, 6.0, 22.0, 26.0, 6.0, 39.0, 7.0, 28.0, 22.0, 42.0, 36.0, 10.0]
[9.0, 7.999999999999999, 7.999999999999999, 9.0, 9.0, 7.999999999999999, 9.0, 9.0, 9.0, 9.0, 9.0, 9.0]
[7.999999999999999, 9.0, 9.0, 7.999999999999999, 7.999999999999999, 9.0, 9.0, 9.0, 9.0, 9.0, 9.0, 9.0]
T = 0.014411518807585602	 step = 994
112.29000000000002
32.62733495670995
[30.0, 31.0, 16.0, 43.0, 6.0, 44.0, 17.0, 29.0, 6.0, 6.0, 17.0, 42.0]
[43.0, 6.0, 22.0, 26.0, 6.0, 39.0, 7.0, 28.0, 22.0, 42.0, 36.0, 10.0]
[9.0, 7.999999999999999, 7.999999999999999, 9.0, 9.0, 7.999999999999999, 9.0, 9.0, 9.0, 9.0, 9.0, 9.0]
[7.999999999999999, 9.0, 9.0, 7.999999999999999, 7.999999999999999, 9.0, 9.0, 9.0, 9.0, 9.0, 9.0, 9.0]
T = 0.014411518807585602	 step = 995
112.47000000000003
32.39316287878787
[30.0, 31.0, 16.0, 43.0, 6.0, 44.0, 17.0, 29.0, 6.0, 6.0, 17.0, 42.0]
[42.0, 6.0, 22.0, 26.0, 6.0, 39.0, 7.0, 28.0, 22.0, 42.0, 36.0, 10.0]
[9.0, 7.999999999999999, 7.999999999999999, 9.0, 9.0, 7.999999999999999, 9.0, 9.0, 9.0, 9.0, 9.0, 9.0]
[7.999999999999999, 9.0, 9.0, 7.999999999999999, 7.999999999999999, 9.0, 9.0, 9.0, 9.0, 9.0, 9.0, 9.0]
T = 0.014411518807585602	 step = 996
112.45000000000005
32.297924783549774
[30.0, 31.0, 16.0, 43.0, 6.0, 44.0, 17.0, 29.0, 6.0, 6.0, 17.0, 43.0]
[42.0, 6.0, 22.0, 26.0, 6.0, 39.0, 7.0, 28.0, 22.0, 42.0, 36.0, 10.0]
[9.0, 7.999999999999999, 7.999999999999999, 9.0, 9.0, 7.999999999999999, 9.0, 9.0, 9.0, 9.0, 9.0, 9.0]
[7.999999999999999, 9.0, 9.0, 7.999999999999999, 7.999999999999999, 9.0, 9.0, 9.0, 9.0, 9.0, 9.0, 9.0]
T = 0.014411518807585602	 step = 997
112.90000000000003
32.25030573593073
[30.0, 31.0, 17.0, 43.0, 6.0, 44.0, 17.0, 29.0, 6.0, 6.0, 17.0, 43.0]
[42.0, 6.0, 22.0, 26.0, 6.0, 39.0, 7.0, 28.0, 22.0, 42.0, 36.0, 10.0]
[9.0, 7.999999999999999, 7.999999999999999, 9.0, 9.0, 7.999999999999999, 9.0, 9.0, 9.0, 9.0, 9.0, 9.0]
[7.999999999999999, 9.0, 9.0, 7.999999999999999, 7.999999999999999, 9.0, 9.0, 9.0, 9.0, 9.0, 9.0, 9.0]
T = 0.014411518807585602	 step = 998
115.85000000000002
31.436154288419914
[30.0, 31.0, 16.0, 40.0, 6.0, 44.0, 17.0, 29.0, 6.0, 6.0, 17.0, 43.0]
[42.0, 6.0, 22.0, 29.0, 6.0, 39.0, 7.0, 28.0, 22.0, 42.0, 36.0, 10.0]
[9.0, 7.999999999999999, 7.999999999999999, 9.0, 9.0, 7.999999999999999, 9.0, 9.0, 9.0, 9.0, 9.0, 9.0]
[7.999999999999999, 9.0, 9.0, 7.999999999999999, 7.999999999999999, 9.0, 9.0, 9.0, 9.0, 9.0, 9.0, 9.0]
T = 0.014411518807585602	 step = 999
112.41000000000003
32.20268668831169
[30.0, 31.0, 16.0, 43.0, 6.0, 44.0, 17.0, 30.0, 6.0, 6.0, 17.0, 43.0]
[42.0, 6.0, 22.0, 26.0, 6.0, 39.0, 7.0, 28.0, 22.0, 42.0, 36.0, 10.0]
[9.0, 7.999999999999999, 7.999999999999999, 9.0, 9.0, 7.999999999999999, 9.0, 9.0, 9.0, 9.0, 9.0, 9.0]
[7.999999999999999, 9.0, 9.0, 7.999999999999999, 7.999999999999999, 9.0, 9.0, 9.0, 9.0, 9.0, 9.0, 9.0]
T = 0.014411518807585602	 step = 1000
112.47000000000003
32.10744859307359
[30.0, 31.0, 16.0, 43.0, 6.0, 44.0, 17.0, 30.0, 6.0, 6.0, 17.0, 43.0]
[42.0, 6.0, 22.0, 26.0, 6.0, 39.0, 7.0, 28.0, 22.0, 42.0, 36.0, 11.0]
[9.0, 7.999999999999999, 7.999999999999999, 9.0, 9.0, 7.999999999999999, 9.0, 9.0, 9.0, 9.0, 9.0, 9.0]
[7.999999999999999, 9.0, 9.0, 7.999999999999999, 7.999999999999999, 9.0, 9.0, 9.0, 9.0, 9.0, 9.0, 9.0]
T = 0.014411518807585602	 step = 1001
112.43
32.29792478354978
[30.0, 31.0, 16.0, 43.0, 6.0, 44.0, 17.0, 30.0, 6.0, 6.0, 17.0, 43.0]
[42.0, 6.0, 22.0, 26.0, 5.0, 39.0, 7.0, 28.0, 22.0, 42.0, 36.0, 11.0]
[9.0, 7.999999999999999, 7.999999999999999, 9.0, 9.0, 7.999999999999999, 9.0, 9.0, 9.0, 9.0, 9.0, 9.0]
[7.999999999999999, 9.0, 9.0, 7.999999999999999, 7.999999999999999, 9.0, 9.0, 9.0, 9.0, 9.0, 9.0, 9.0]
T = 0.011529215046068483	 step = 1002
112.70000000000005
32.245155573593074
[30.0, 31.0, 16.0, 43.0, 6.0, 44.0, 17.0, 30.0, 6.0, 6.0, 17.0, 43.0]
[42.0, 6.0, 22.0, 27.0, 5.0, 39.0, 7.0, 28.0, 22.0, 42.0, 36.0, 11.0]
[9.0, 7.999999999999999, 7.999999999999999, 9.0, 9.0, 7.999999999999999, 9.0, 9.0, 9.0, 9.0, 9.0, 9.0]
[7.999999999999999, 9.0, 9.0, 7.999999999999999, 7.999999999999999, 9.0, 9.0, 9.0, 9.0, 9.0, 9.0, 9.0]
T = 0.011529215046068483	 step = 1003
112.37
32.39316287878788
[30.0, 31.0, 16.0, 43.0, 6.0, 44.0, 17.0, 30.0, 6.0, 6.0, 17.0, 43.0]
[42.0, 6.0, 22.0, 26.0, 5.0, 39.0, 7.0, 28.0, 22.0, 42.0, 36.0, 10.0]
[9.0, 7.999999999999999, 7.999999999999999, 9.0, 9.0, 7.999999999999999, 9.0, 9.0, 9.0, 9.0, 9.0, 9.0]
[7.999999999999999, 9.0, 9.0, 7.999999999999999, 7.999999999999999, 9.0, 9.0, 9.0, 9.0, 9.0, 9.0, 9.0]
T = 0.011529215046068483	 step = 1004
112.32000000000005
32.48840097402597
[30.0, 31.0, 16.0, 43.0, 6.0, 44.0, 17.0, 30.0, 6.0, 6.0, 17.0, 43.0]
[42.0, 6.0, 22.0, 26.0, 5.0, 39.0, 7.0, 28.0, 22.0, 42.0, 36.0, 9.0]
[9.0, 7.999999999999999, 7.999999999999999, 9.0, 9.0, 7.999999999999999, 9.0, 9.0, 9.0, 9.0, 9.0, 9.0]
[7.999999999999999, 9.0, 9.0, 7.999999999999999, 7.999999999999999, 9.0, 9.0, 9.0, 9.0, 9.0, 9.0, 9.0]
T = 0.011529215046068483	 step = 1005
112.25
32.58363906926406
[30.0, 31.0, 16.0, 43.0, 6.0, 44.0, 17.0, 29.0, 6.0, 6.0, 17.0, 43.0]
[42.0, 6.0, 22.0, 26.0, 5.0, 39.0, 7.0, 28.0, 22.0, 42.0, 36.0, 9.0]
[9.0, 7.999999999999999, 7.999999999999999, 9.0, 9.0, 7.999999999999999, 9.0, 9.0, 9.0, 9.0, 9.0, 9.0]
[7.999999999999999, 9.0, 9.0, 7.999999999999999, 7.999999999999999, 9.0, 9.0, 9.0, 9.0, 9.0, 9.0, 9.0]
T = 0.011529215046068483	 step = 1006
112.49000000000001
32.44078192640692
[30.0, 31.0, 16.0, 43.0, 6.0, 44.0, 17.0, 29.0, 6.0, 6.0, 17.0, 43.0]
[42.0, 7.0, 22.0, 26.0, 5.0, 39.0, 7.0, 28.0, 22.0, 42.0, 36.0, 9.0]
[9.0, 7.999999999999999, 7.999999999999999, 9.0, 9.0, 7.999999999999999, 9.0, 9.0, 9.0, 9.0, 9.0, 9.0]
[7.999999999999999, 9.0, 9.0, 7.999999999999999, 7.999999999999999, 9.0, 9.0, 9.0, 9.0, 9.0, 9.0, 9.0]
T = 0.011529215046068483	 step = 1007
112.25
32.627428300865795
[30.0, 31.0, 16.0, 43.0, 6.0, 44.0, 17.0, 29.0, 6.0, 6.0, 17.0, 43.0]
[42.0, 6.0, 22.0, 26.0, 5.0, 39.0, 7.0, 28.0, 21.0, 42.0, 36.0, 9.0]
[9.0, 7.999999999999999, 7.999999999999999, 9.0, 9.0, 7.999999999999999, 9.0, 9.0, 9.0, 9.0, 9.0, 9.0]
[7.999999999999999, 9.0, 9.0, 7.999999999999999, 7.999999999999999, 9.0, 9.0, 9.0, 9.0, 9.0, 9.0, 9.0]
T = 0.011529215046068483	 step = 1008
112.27000000000004
32.5321902056277
[30.0, 31.0, 16.0, 43.0, 6.0, 44.0, 17.0, 29.0, 6.0, 6.0, 17.0, 43.0]
[42.0, 6.0, 22.0, 26.0, 5.0, 39.0, 8.0, 28.0, 21.0, 42.0, 36.0, 9.0]
[9.0, 7.999999999999999, 7.999999999999999, 9.0, 9.0, 7.999999999999999, 9.0, 9.0, 9.0, 9.0, 9.0, 9.0]
[7.999999999999999, 9.0, 9.0, 7.999999999999999, 7.999999999999999, 9.0, 9.0, 9.0, 9.0, 9.0, 9.0, 9.0]
T = 0.011529215046068483	 step = 1009
112.27000000000004
32.488400974025964
[30.0, 31.0, 16.0, 43.0, 6.0, 44.0, 17.0, 29.0, 6.0, 6.0, 17.0, 43.0]
[42.0, 6.0, 22.0, 26.0, 5.0, 39.0, 8.0, 28.0, 22.0, 42.0, 36.0, 9.0]
[9.0, 7.999999999999999, 7.999999999999999, 9.0, 9.0, 7.999999999999999, 9.0, 9.0, 9.0, 9.0, 9.0, 9.0]
[7.999999999999999, 9.0, 9.0, 7.999999999999999, 7.999999999999999, 9.0, 9.0, 9.0, 9.0, 9.0, 9.0, 9.0]
T = 0.011529215046068483	 step = 1010
112.27000000000004
32.5321902056277
[30.0, 31.0, 16.0, 43.0, 6.0, 44.0, 17.0, 29.0, 6.0, 6.0, 17.0, 43.0]
[42.0, 6.0, 22.0, 26.0, 5.0, 39.0, 8.0, 28.0, 21.0, 42.0, 36.0, 9.0]
[9.0, 7.999999999999999, 7.999999999999999, 9.0, 9.0, 7.999999999999999, 9.0, 9.0, 9.0, 9.0, 9.0, 9.0]
[7.999999999999999, 9.0, 9.0, 7.999999999999999, 7.999999999999999, 9.0, 9.0, 9.0, 9.0, 9.0, 9.0, 9.0]
T = 0.011529215046068483	 step = 1011
112.66000000000003
32.48457115800865
[30.0, 31.0, 17.0, 43.0, 6.0, 44.0, 17.0, 29.0, 6.0, 6.0, 17.0, 43.0]
[42.0, 6.0, 22.0, 26.0, 5.0, 39.0, 8.0, 28.0, 21.0, 42.0, 36.0, 9.0]
[9.0, 7.999999999999999, 7.999999999999999, 9.0, 9.0, 7.999999999999999, 9.0, 9.0, 9.0, 9.0, 9.0, 9.0]
[7.999999999999999, 9.0, 9.0, 7.999999999999999, 7.999999999999999, 9.0, 9.0, 9.0, 9.0, 9.0, 9.0, 9.0]
T = 0.011529215046068483	 step = 1012
112.0
32.77028544372294
[30.0, 31.0, 16.0, 44.0, 6.0, 44.0, 17.0, 29.0, 6.0, 6.0, 17.0, 43.0]
[42.0, 6.0, 22.0, 26.0, 5.0, 39.0, 8.0, 28.0, 21.0, 42.0, 36.0, 9.0]
[9.0, 7.999999999999999, 7.999999999999999, 9.0, 9.0, 7.999999999999999, 9.0, 9.0, 9.0, 9.0, 9.0, 9.0]
[7.999999999999999, 9.0, 9.0, 7.999999999999999, 7.999999999999999, 9.0, 9.0, 9.0, 9.0, 9.0, 9.0, 9.0]
T = 0.011529215046068483	 step = 1013
112.03000000000003
32.86715875270563
[30.0, 31.0, 16.0, 44.0, 6.0, 44.0, 17.0, 29.0, 6.0, 6.0, 17.0, 42.0]
[42.0, 6.0, 22.0, 26.0, 5.0, 39.0, 8.0, 28.0, 21.0, 42.0, 36.0, 9.0]
[9.0, 7.999999999999999, 7.999999999999999, 9.0, 9.0, 7.999999999999999, 9.0, 9.0, 9.0, 9.0, 9.0, 9.0]
[7.999999999999999, 9.0, 9.0, 7.999999999999999, 7.999999999999999, 9.0, 9.0, 9.0, 9.0, 9.0, 9.0, 9.0]
T = 0.011529215046068483	 step = 1014
112.12
32.86475953733766
[30.0, 31.0, 16.0, 44.0, 6.0, 44.0, 17.0, 29.0, 6.0, 6.0, 17.0, 42.0]
[42.0, 6.0, 21.0, 26.0, 5.0, 39.0, 8.0, 28.0, 21.0, 42.0, 36.0, 9.0]
[9.0, 7.999999999999999, 7.999999999999999, 9.0, 9.0, 7.999999999999999, 9.0, 9.0, 9.0, 9.0, 9.0, 9.0]
[7.999999999999999, 9.0, 9.0, 7.999999999999999, 7.999999999999999, 9.0, 9.0, 9.0, 9.0, 9.0, 9.0, 9.0]
T = 0.011529215046068483	 step = 1015
112.11000000000001
32.95999763257576
[30.0, 31.0, 16.0, 44.0, 6.0, 44.0, 17.0, 29.0, 6.0, 6.0, 17.0, 42.0]
[42.0, 6.0, 21.0, 26.0, 5.0, 39.0, 8.0, 28.0, 21.0, 42.0, 36.0, 8.0]
[9.0, 7.999999999999999, 7.999999999999999, 9.0, 9.0, 7.999999999999999, 9.0, 9.0, 9.0, 9.0, 9.0, 9.0]
[7.999999999999999, 9.0, 9.0, 7.999999999999999, 7.999999999999999, 9.0, 9.0, 9.0, 9.0, 9.0, 9.0, 9.0]
T = 0.011529215046068483	 step = 1016
112.18
32.812660984848485
[30.0, 31.0, 16.0, 44.0, 6.0, 44.0, 17.0, 29.0, 6.0, 6.0, 17.0, 42.0]
[42.0, 6.0, 21.0, 26.0, 5.0, 38.0, 8.0, 28.0, 21.0, 42.0, 36.0, 8.0]
[9.0, 7.999999999999999, 7.999999999999999, 9.0, 9.0, 7.999999999999999, 9.0, 9.0, 9.0, 9.0, 9.0, 9.0]
[7.999999999999999, 9.0, 9.0, 7.999999999999999, 7.999999999999999, 9.0, 9.0, 9.0, 9.0, 9.0, 9.0, 9.0]
T = 0.011529215046068483	 step = 1017
112.17000000000002
32.90789908008658
[30.0, 31.0, 16.0, 44.0, 6.0, 44.0, 17.0, 29.0, 6.0, 6.0, 18.0, 42.0]
[42.0, 6.0, 21.0, 26.0, 5.0, 38.0, 8.0, 28.0, 21.0, 42.0, 36.0, 8.0]
[9.0, 7.999999999999999, 7.999999999999999, 9.0, 9.0, 7.999999999999999, 9.0, 9.0, 9.0, 9.0, 9.0, 9.0]
[7.999999999999999, 9.0, 9.0, 7.999999999999999, 7.999999999999999, 9.0, 9.0, 9.0, 9.0, 9.0, 9.0, 9.0]
T = 0.011529215046068483	 step = 1018
112.16000000000003
32.952460430194805
[30.0, 31.0, 16.0, 44.0, 6.0, 44.0, 17.0, 29.0, 6.0, 6.0, 18.0, 42.0]
[42.0, 6.0, 21.0, 26.0, 5.0, 38.0, 8.0, 28.0, 22.0, 42.0, 36.0, 8.0]
[9.0, 7.999999999999999, 7.999999999999999, 9.0, 9.0, 7.999999999999999, 9.0, 9.0, 9.0, 9.0, 9.0, 9.0]
[7.999999999999999, 9.0, 9.0, 7.999999999999999, 7.999999999999999, 9.0, 9.0, 9.0, 9.0, 9.0, 9.0, 9.0]
T = 0.011529215046068483	 step = 1019
112.17000000000002
32.8567150297619
[30.0, 31.0, 16.0, 44.0, 6.0, 44.0, 17.0, 29.0, 6.0, 7.0, 18.0, 42.0]
[42.0, 6.0, 21.0, 26.0, 5.0, 38.0, 8.0, 28.0, 22.0, 42.0, 36.0, 8.0]
[9.0, 7.999999999999999, 7.999999999999999, 9.0, 9.0, 7.999999999999999, 9.0, 9.0, 9.0, 9.0, 9.0, 9.0]
[7.999999999999999, 9.0, 9.0, 7.999999999999999, 7.999999999999999, 9.0, 9.0, 9.0, 9.0, 9.0, 9.0, 9.0]
T = 0.011529215046068483	 step = 1020
112.15000000000003
32.761476934523806
[30.0, 31.0, 16.0, 44.0, 6.0, 44.0, 17.0, 29.0, 6.0, 7.0, 18.0, 43.0]
[42.0, 6.0, 21.0, 26.0, 5.0, 38.0, 8.0, 28.0, 22.0, 42.0, 36.0, 8.0]
[9.0, 7.999999999999999, 7.999999999999999, 9.0, 9.0, 7.999999999999999, 9.0, 9.0, 9.0, 9.0, 9.0, 9.0]
[7.999999999999999, 9.0, 9.0, 7.999999999999999, 7.999999999999999, 9.0, 9.0, 9.0, 9.0, 9.0, 9.0, 9.0]
T = 0.011529215046068483	 step = 1021
112.14000000000004
32.68987655573592
[30.0, 31.0, 16.0, 44.0, 6.0, 44.0, 17.0, 29.0, 6.0, 7.0, 18.0, 44.0]
[42.0, 6.0, 21.0, 26.0, 5.0, 38.0, 8.0, 28.0, 22.0, 42.0, 36.0, 8.0]
[9.0, 7.999999999999999, 7.999999999999999, 9.0, 9.0, 7.999999999999999, 9.0, 9.0, 9.0, 9.0, 9.0, 9.0]
[7.999999999999999, 9.0, 9.0, 7.999999999999999, 7.999999999999999, 9.0, 9.0, 9.0, 9.0, 9.0, 9.0, 9.0]
T = 0.011529215046068483	 step = 1022
112.04000000000002
32.603353625541125
[30.0, 31.0, 16.0, 44.0, 6.0, 44.0, 17.0, 29.0, 6.0, 7.0, 18.0, 44.0]
[42.0, 6.0, 22.0, 26.0, 5.0, 38.0, 8.0, 28.0, 22.0, 42.0, 36.0, 8.0]
[9.0, 7.999999999999999, 7.999999999999999, 9.0, 9.0, 7.999999999999999, 9.0, 9.0, 9.0, 9.0, 9.0, 9.0]
[7.999999999999999, 9.0, 9.0, 7.999999999999999, 7.999999999999999, 9.0, 9.0, 9.0, 9.0, 9.0, 9.0, 9.0]
T = 0.011529215046068483	 step = 1023
112.21000000000004
32.567706980519475
[31.0, 31.0, 16.0, 44.0, 6.0, 44.0, 17.0, 29.0, 6.0, 7.0, 18.0, 44.0]
[42.0, 6.0, 22.0, 26.0, 5.0, 38.0, 8.0, 28.0, 22.0, 42.0, 36.0, 8.0]
[9.0, 7.999999999999999, 7.999999999999999, 9.0, 9.0, 7.999999999999999, 9.0, 9.0, 9.0, 9.0, 9.0, 9.0]
[7.999999999999999, 9.0, 9.0, 7.999999999999999, 7.999999999999999, 9.0, 9.0, 9.0, 9.0, 9.0, 9.0, 9.0]
T = 0.011529215046068483	 step = 1024
112.03000000000003
32.69859172077922
[30.0, 31.0, 16.0, 44.0, 6.0, 44.0, 17.0, 29.0, 6.0, 7.0, 18.0, 44.0]
[42.0, 6.0, 22.0, 26.0, 5.0, 38.0, 8.0, 28.0, 22.0, 42.0, 36.0, 7.0]
[9.0, 7.999999999999999, 7.999999999999999, 9.0, 9.0, 7.999999999999999, 9.0, 9.0, 9.0, 9.0, 9.0, 9.0]
[7.999999999999999, 9.0, 9.0, 7.999999999999999, 7.999999999999999, 9.0, 9.0, 9.0, 9.0, 9.0, 9.0, 9.0]
T = 0.011529215046068483	 step = 1025
112.13
32.785114650974016
[30.0, 31.0, 16.0, 44.0, 6.0, 44.0, 17.0, 29.0, 6.0, 7.0, 18.0, 44.0]
[42.0, 6.0, 21.0, 26.0, 5.0, 38.0, 8.0, 28.0, 22.0, 42.0, 36.0, 7.0]
[9.0, 7.999999999999999, 7.999999999999999, 9.0, 9.0, 7.999999999999999, 9.0, 9.0, 9.0, 9.0, 9.0, 9.0]
[7.999999999999999, 9.0, 9.0, 7.999999999999999, 7.999999999999999, 9.0, 9.0, 9.0, 9.0, 9.0, 9.0, 9.0]
T = 0.011529215046068483	 step = 1026
112.34000000000003
32.50811553030303
[30.0, 31.0, 16.0, 44.0, 6.0, 44.0, 17.0, 29.0, 6.0, 7.0, 18.0, 44.0]
[42.0, 6.0, 22.0, 26.0, 6.0, 38.0, 8.0, 28.0, 22.0, 42.0, 36.0, 7.0]
[9.0, 7.999999999999999, 7.999999999999999, 9.0, 9.0, 7.999999999999999, 9.0, 9.0, 9.0, 9.0, 9.0, 9.0]
[7.999999999999999, 9.0, 9.0, 7.999999999999999, 7.999999999999999, 9.0, 9.0, 9.0, 9.0, 9.0, 9.0, 9.0]
T = 0.011529215046068483	 step = 1027
112.0
32.73870975378787
[30.0, 31.0, 16.0, 44.0, 6.0, 44.0, 17.0, 29.0, 6.0, 7.0, 18.0, 44.0]
[42.0, 6.0, 23.0, 26.0, 5.0, 38.0, 8.0, 28.0, 22.0, 42.0, 36.0, 7.0]
[9.0, 7.999999999999999, 7.999999999999999, 9.0, 9.0, 7.999999999999999, 9.0, 9.0, 9.0, 9.0, 9.0, 9.0]
[7.999999999999999, 9.0, 9.0, 7.999999999999999, 7.999999999999999, 9.0, 9.0, 9.0, 9.0, 9.0, 9.0, 9.0]
T = 0.011529215046068483	 step = 1028
111.99000000000001
32.80978760822511
[30.0, 31.0, 16.0, 44.0, 6.0, 44.0, 17.0, 29.0, 6.0, 7.0, 18.0, 43.0]
[42.0, 6.0, 23.0, 26.0, 5.0, 38.0, 8.0, 28.0, 22.0, 42.0, 36.0, 7.0]
[9.0, 7.999999999999999, 7.999999999999999, 9.0, 9.0, 7.999999999999999, 9.0, 9.0, 9.0, 9.0, 9.0, 9.0]
[7.999999999999999, 9.0, 9.0, 7.999999999999999, 7.999999999999999, 9.0, 9.0, 9.0, 9.0, 9.0, 9.0, 9.0]
T = 0.011529215046068483	 step = 1029
112.0
32.71454951298701
[30.0, 31.0, 16.0, 44.0, 6.0, 44.0, 17.0, 29.0, 6.0, 7.0, 18.0, 43.0]
[42.0, 6.0, 23.0, 26.0, 5.0, 38.0, 8.0, 28.0, 22.0, 42.0, 35.0, 7.0]
[9.0, 7.999999999999999, 7.999999999999999, 9.0, 9.0, 7.999999999999999, 9.0, 9.0, 9.0, 9.0, 9.0, 9.0]
[7.999999999999999, 9.0, 9.0, 7.999999999999999, 7.999999999999999, 9.0, 9.0, 9.0, 9.0, 9.0, 9.0, 9.0]
T = 0.011529215046068483	 step = 1030
113.10000000000002
32.19080492424242
[30.0, 31.0, 16.0, 44.0, 6.0, 41.0, 17.0, 29.0, 6.0, 7.0, 18.0, 43.0]
[42.0, 6.0, 23.0, 26.0, 5.0, 38.0, 8.0, 28.0, 22.0, 42.0, 35.0, 7.0]
[9.0, 7.999999999999999, 7.999999999999999, 9.0, 9.0, 9.0, 9.0, 9.0, 9.0, 9.0, 9.0, 9.0]
[7.999999999999999, 9.0, 9.0, 7.999999999999999, 7.999999999999999, 7.999999999999999, 9.0, 9.0, 9.0, 9.0, 9.0, 9.0]
T = 0.011529215046068483	 step = 1031
112.04000000000002
32.61931141774892
[30.0, 31.0, 16.0, 44.0, 6.0, 44.0, 17.0, 29.0, 6.0, 7.0, 18.0, 43.0]
[42.0, 6.0, 23.0, 26.0, 5.0, 38.0, 8.0, 28.0, 22.0, 41.0, 35.0, 7.0]
[9.0, 7.999999999999999, 7.999999999999999, 9.0, 9.0, 7.999999999999999, 9.0, 9.0, 9.0, 9.0, 9.0, 9.0]
[7.999999999999999, 9.0, 9.0, 7.999999999999999, 7.999999999999999, 9.0, 9.0, 9.0, 9.0, 9.0, 9.0, 9.0]
T = 0.011529215046068483	 step = 1032
112.18
32.39318858225108
[30.0, 30.0, 16.0, 44.0, 6.0, 44.0, 17.0, 29.0, 6.0, 7.0, 18.0, 43.0]
[42.0, 6.0, 23.0, 26.0, 5.0, 38.0, 8.0, 28.0, 22.0, 41.0, 35.0, 7.0]
[9.0, 7.999999999999999, 7.999999999999999, 9.0, 9.0, 7.999999999999999, 9.0, 9.0, 9.0, 9.0, 9.0, 9.0]
[7.999999999999999, 9.0, 9.0, 7.999999999999999, 7.999999999999999, 9.0, 9.0, 9.0, 9.0, 9.0, 9.0, 9.0]
T = 0.011529215046068483	 step = 1033
112.05000000000001
32.37897219967532
[31.0, 30.0, 16.0, 44.0, 6.0, 44.0, 17.0, 29.0, 6.0, 7.0, 18.0, 43.0]
[42.0, 6.0, 23.0, 26.0, 5.0, 38.0, 8.0, 28.0, 22.0, 41.0, 35.0, 7.0]
[9.0, 7.999999999999999, 7.999999999999999, 9.0, 9.0, 7.999999999999999, 9.0, 9.0, 9.0, 9.0, 9.0, 9.0]
[7.999999999999999, 9.0, 9.0, 7.999999999999999, 7.999999999999999, 9.0, 9.0, 9.0, 9.0, 9.0, 9.0, 9.0]
T = 0.011529215046068483	 step = 1034
112.19
32.339376691017314
[31.0, 30.0, 16.0, 44.0, 6.0, 44.0, 17.0, 29.0, 6.0, 7.0, 18.0, 43.0]
[42.0, 6.0, 22.0, 26.0, 5.0, 38.0, 8.0, 28.0, 22.0, 41.0, 35.0, 7.0]
[9.0, 7.999999999999999, 7.999999999999999, 9.0, 9.0, 7.999999999999999, 9.0, 9.0, 9.0, 9.0, 9.0, 9.0]
[7.999999999999999, 9.0, 9.0, 7.999999999999999, 7.999999999999999, 9.0, 9.0, 9.0, 9.0, 9.0, 9.0, 9.0]
T = 0.011529215046068483	 step = 1035
112.49000000000001
32.148900500541124
[31.0, 30.0, 16.0, 44.0, 6.0, 44.0, 17.0, 29.0, 6.0, 7.0, 18.0, 43.0]
[42.0, 6.0, 22.0, 26.0, 6.0, 38.0, 8.0, 28.0, 22.0, 41.0, 35.0, 7.0]
[9.0, 7.999999999999999, 7.999999999999999, 9.0, 9.0, 7.999999999999999, 9.0, 9.0, 9.0, 9.0, 9.0, 9.0]
[7.999999999999999, 9.0, 9.0, 7.999999999999999, 7.999999999999999, 9.0, 9.0, 9.0, 9.0, 9.0, 9.0, 9.0]
T = 0.011529215046068483	 step = 1036
112.71000000000004
31.965151853354975
[31.0, 29.0, 16.0, 44.0, 6.0, 44.0, 17.0, 29.0, 6.0, 7.0, 18.0, 43.0]
[42.0, 6.0, 22.0, 26.0, 6.0, 38.0, 8.0, 28.0, 22.0, 41.0, 35.0, 7.0]
[9.0, 7.999999999999999, 7.999999999999999, 9.0, 9.0, 7.999999999999999, 9.0, 9.0, 9.0, 9.0, 9.0, 9.0]
[7.999999999999999, 9.0, 9.0, 7.999999999999999, 7.999999999999999, 9.0, 9.0, 9.0, 9.0, 9.0, 9.0, 9.0]
T = 0.011529215046068483	 step = 1037
112.83000000000004
31.98206202651515
[30.0, 29.0, 16.0, 44.0, 6.0, 44.0, 17.0, 29.0, 6.0, 7.0, 18.0, 43.0]
[42.0, 6.0, 22.0, 26.0, 6.0, 38.0, 8.0, 28.0, 22.0, 41.0, 35.0, 7.0]
[9.0, 7.999999999999999, 7.999999999999999, 9.0, 9.0, 7.999999999999999, 9.0, 9.0, 9.0, 9.0, 9.0, 9.0]
[7.999999999999999, 9.0, 9.0, 7.999999999999999, 7.999999999999999, 9.0, 9.0, 9.0, 9.0, 9.0, 9.0, 9.0]
T = 0.011529215046068483	 step = 1038
112.66000000000003
32.030380140692635
[31.0, 29.0, 16.0, 44.0, 6.0, 44.0, 17.0, 30.0, 6.0, 7.0, 18.0, 43.0]
[42.0, 6.0, 22.0, 26.0, 6.0, 38.0, 8.0, 28.0, 22.0, 41.0, 35.0, 7.0]
[9.0, 7.999999999999999, 7.999999999999999, 9.0, 9.0, 7.999999999999999, 9.0, 9.0, 9.0, 9.0, 9.0, 9.0]
[7.999999999999999, 9.0, 9.0, 7.999999999999999, 7.999999999999999, 9.0, 9.0, 9.0, 9.0, 9.0, 9.0, 9.0]
T = 0.011529215046068483	 step = 1039
112.65000000000003
31.935142045454544
[31.0, 29.0, 16.0, 44.0, 6.0, 44.0, 18.0, 30.0, 6.0, 7.0, 18.0, 43.0]
[42.0, 6.0, 22.0, 26.0, 6.0, 38.0, 8.0, 28.0, 22.0, 41.0, 35.0, 7.0]
[9.0, 7.999999999999999, 7.999999999999999, 9.0, 9.0, 7.999999999999999, 9.0, 9.0, 9.0, 9.0, 9.0, 9.0]
[7.999999999999999, 9.0, 9.0, 7.999999999999999, 7.999999999999999, 9.0, 9.0, 9.0, 9.0, 9.0, 9.0, 9.0]
T = 0.011529215046068483	 step = 1040
112.66000000000003
31.839903950216446
[31.0, 29.0, 16.0, 44.0, 6.0, 44.0, 18.0, 30.0, 6.0, 7.0, 18.0, 43.0]
[42.0, 6.0, 22.0, 26.0, 6.0, 38.0, 8.0, 28.0, 22.0, 41.0, 35.0, 8.0]
[9.0, 7.999999999999999, 7.999999999999999, 9.0, 9.0, 7.999999999999999, 9.0, 9.0, 9.0, 9.0, 9.0, 9.0]
[7.999999999999999, 9.0, 9.0, 7.999999999999999, 7.999999999999999, 9.0, 9.0, 9.0, 9.0, 9.0, 9.0, 9.0]
T = 0.011529215046068483	 step = 1041
112.65000000000003
31.935142045454544
[31.0, 29.0, 16.0, 44.0, 6.0, 44.0, 18.0, 30.0, 6.0, 7.0, 19.0, 43.0]
[42.0, 6.0, 22.0, 26.0, 6.0, 38.0, 8.0, 28.0, 22.0, 41.0, 35.0, 8.0]
[9.0, 7.999999999999999, 7.999999999999999, 9.0, 9.0, 7.999999999999999, 9.0, 9.0, 9.0, 9.0, 9.0, 9.0]
[7.999999999999999, 9.0, 9.0, 7.999999999999999, 7.999999999999999, 9.0, 9.0, 9.0, 9.0, 9.0, 9.0, 9.0]
T = 0.011529215046068483	 step = 1042
112.82000000000005
31.697046807359303
[31.0, 29.0, 16.0, 44.0, 7.0, 44.0, 18.0, 30.0, 6.0, 7.0, 19.0, 43.0]
[42.0, 6.0, 22.0, 26.0, 6.0, 38.0, 8.0, 28.0, 22.0, 41.0, 35.0, 8.0]
[9.0, 7.999999999999999, 7.999999999999999, 9.0, 9.0, 7.999999999999999, 9.0, 9.0, 9.0, 9.0, 9.0, 9.0]
[7.999999999999999, 9.0, 9.0, 7.999999999999999, 7.999999999999999, 9.0, 9.0, 9.0, 9.0, 9.0, 9.0, 9.0]
T = 0.011529215046068483	 step = 1043
112.89000000000004
31.53712053571428
[31.0, 29.0, 16.0, 44.0, 7.0, 44.0, 18.0, 30.0, 6.0, 7.0, 19.0, 43.0]
[42.0, 6.0, 22.0, 26.0, 6.0, 37.0, 8.0, 28.0, 22.0, 41.0, 35.0, 8.0]
[9.0, 7.999999999999999, 7.999999999999999, 9.0, 9.0, 7.999999999999999, 9.0, 9.0, 9.0, 9.0, 9.0, 9.0]
[7.999999999999999, 9.0, 9.0, 7.999999999999999, 7.999999999999999, 9.0, 9.0, 9.0, 9.0, 9.0, 9.0, 9.0]
T = 0.011529215046068483	 step = 1044
112.95000000000005
31.441882440476185
[31.0, 29.0, 16.0, 44.0, 7.0, 44.0, 18.0, 30.0, 6.0, 7.0, 19.0, 43.0]
[42.0, 6.0, 22.0, 26.0, 6.0, 37.0, 9.0, 28.0, 22.0, 41.0, 35.0, 8.0]
[9.0, 7.999999999999999, 7.999999999999999, 9.0, 9.0, 7.999999999999999, 9.0, 9.0, 9.0, 9.0, 9.0, 9.0]
[7.999999999999999, 9.0, 9.0, 7.999999999999999, 7.999999999999999, 9.0, 9.0, 9.0, 9.0, 9.0, 9.0, 9.0]
T = 0.011529215046068483	 step = 1045
113.40000000000003
31.347520968614713
[31.0, 29.0, 16.0, 44.0, 6.0, 44.0, 18.0, 30.0, 6.0, 7.0, 19.0, 43.0]
[42.0, 6.0, 22.0, 26.0, 8.0, 37.0, 9.0, 28.0, 22.0, 41.0, 35.0, 8.0]
[9.0, 7.999999999999999, 7.999999999999999, 9.0, 7.999999999999999, 7.999999999999999, 9.0, 9.0, 9.0, 9.0, 9.0, 9.0]
[7.999999999999999, 9.0, 9.0, 7.999999999999999, 9.0, 9.0, 9.0, 9.0, 9.0, 9.0, 9.0, 9.0]
T = 0.011529215046068483	 step = 1046
113.18
31.387116477272727
[31.0, 29.0, 16.0, 44.0, 6.0, 44.0, 18.0, 30.0, 6.0, 7.0, 19.0, 43.0]
[42.0, 6.0, 23.0, 26.0, 8.0, 37.0, 9.0, 28.0, 22.0, 41.0, 35.0, 8.0]
[9.0, 7.999999999999999, 7.999999999999999, 9.0, 7.999999999999999, 7.999999999999999, 9.0, 9.0, 9.0, 9.0, 9.0, 9.0]
[7.999999999999999, 9.0, 9.0, 7.999999999999999, 9.0, 9.0, 9.0, 9.0, 9.0, 9.0, 9.0, 9.0]
T = 0.011529215046068483	 step = 1047
113.19
31.34332724567099
[31.0, 29.0, 16.0, 44.0, 6.0, 44.0, 18.0, 30.0, 6.0, 7.0, 19.0, 43.0]
[42.0, 6.0, 23.0, 26.0, 8.0, 37.0, 9.0, 28.0, 23.0, 41.0, 35.0, 8.0]
[9.0, 7.999999999999999, 7.999999999999999, 9.0, 7.999999999999999, 7.999999999999999, 9.0, 9.0, 9.0, 9.0, 9.0, 9.0]
[7.999999999999999, 9.0, 9.0, 7.999999999999999, 9.0, 9.0, 9.0, 9.0, 9.0, 9.0, 9.0, 9.0]
T = 0.011529215046068483	 step = 1048
113.18
31.248089150432897
[31.0, 29.0, 16.0, 44.0, 6.0, 44.0, 19.0, 30.0, 6.0, 7.0, 19.0, 43.0]
[42.0, 6.0, 23.0, 26.0, 8.0, 37.0, 9.0, 28.0, 23.0, 41.0, 35.0, 8.0]
[9.0, 7.999999999999999, 7.999999999999999, 9.0, 7.999999999999999, 7.999999999999999, 9.0, 9.0, 9.0, 9.0, 9.0, 9.0]
[7.999999999999999, 9.0, 9.0, 7.999999999999999, 9.0, 9.0, 9.0, 9.0, 9.0, 9.0, 9.0, 9.0]
T = 0.011529215046068483	 step = 1049
113.37
30.77189867424242
[31.0, 29.0, 16.0, 44.0, 6.0, 44.0, 19.0, 30.0, 6.0, 8.0, 19.0, 43.0]
[42.0, 6.0, 23.0, 26.0, 8.0, 37.0, 9.0, 28.0, 23.0, 37.0, 35.0, 8.0]
[9.0, 7.999999999999999, 7.999999999999999, 9.0, 7.999999999999999, 7.999999999999999, 9.0, 9.0, 9.0, 9.0, 9.0, 9.0]
[7.999999999999999, 9.0, 9.0, 7.999999999999999, 9.0, 9.0, 9.0, 9.0, 9.0, 9.0, 9.0, 9.0]
T = 0.011529215046068483	 step = 1050
119.02000000000004
30.950116003787876
[31.0, 29.0, 30.0, 44.0, 6.0, 44.0, 19.0, 30.0, 6.0, 8.0, 19.0, 43.0]
[42.0, 6.0, 17.0, 26.0, 8.0, 37.0, 9.0, 28.0, 23.0, 37.0, 35.0, 8.0]
[9.0, 7.999999999999999, 7.999999999999999, 9.0, 7.999999999999999, 7.999999999999999, 9.0, 9.0, 9.0, 9.0, 9.0, 9.0]
[7.999999999999999, 9.0, 9.0, 7.999999999999999, 9.0, 9.0, 9.0, 9.0, 9.0, 9.0, 9.0, 9.0]
T = 0.011529215046068483	 step = 1051
113.23000000000002
30.735507981601724
[32.0, 29.0, 16.0, 44.0, 6.0, 44.0, 19.0, 30.0, 6.0, 8.0, 19.0, 43.0]
[42.0, 6.0, 23.0, 26.0, 8.0, 37.0, 9.0, 28.0, 23.0, 37.0, 35.0, 8.0]
[9.0, 7.999999999999999, 7.999999999999999, 9.0, 7.999999999999999, 7.999999999999999, 9.0, 9.0, 9.0, 9.0, 9.0, 9.0]
[7.999999999999999, 9.0, 9.0, 7.999999999999999, 9.0, 9.0, 9.0, 9.0, 9.0, 9.0, 9.0, 9.0]
