T = 1.0	 step = 1
76.21000000000004
11.395406249999997
[13.0, 13.0, 27.0, 25.0, 22.0, 39.0]
[38.0, 12.0, 12.0, 40.0, 25.0, 39.0]
[12.0, 12.0, 12.0, 8.0, 31.4, 16.0]
[8.0, 8.0, 8.0, 12.0, 14.5, 10.5]
T = 1.0	 step = 2
76.19
11.443133522727269
[13.0, 13.0, 27.0, 26.0, 22.0, 39.0]
[38.0, 12.0, 12.0, 40.0, 25.0, 39.0]
[12.0, 12.0, 12.0, 8.0, 31.4, 16.0]
[8.0, 8.0, 8.0, 12.0, 14.5, 10.5]
T = 1.0	 step = 3
76.19
11.595406249999998
[13.0, 13.0, 27.0, 25.0, 22.0, 39.0]
[38.0, 12.0, 12.0, 40.0, 24.0, 39.0]
[12.0, 12.0, 12.0, 8.0, 31.4, 16.0]
[8.0, 8.0, 8.0, 12.0, 14.5, 10.5]
T = 1.0	 step = 4
76.18
11.266843749999998
[13.0, 13.0, 27.0, 25.0, 23.0, 39.0]
[38.0, 12.0, 12.0, 40.0, 25.0, 39.0]
[12.0, 12.0, 12.0, 8.0, 31.4, 16.0]
[8.0, 8.0, 8.0, 12.0, 14.5, 10.5]
T = 1.0	 step = 5
76.23000000000002
11.066843749999999
[13.0, 13.0, 27.0, 25.0, 23.0, 39.0]
[38.0, 13.0, 12.0, 40.0, 25.0, 39.0]
[12.0, 12.0, 12.0, 8.0, 31.4, 16.0]
[8.0, 8.0, 8.0, 12.0, 14.5, 10.5]
T = 1.0	 step = 6
75.65000000000003
13.012372159090905
[13.0, 13.0, 27.0, 50.0, 23.0, 39.0]
[38.0, 13.0, 12.0, 24.0, 25.0, 39.0]
[12.0, 12.0, 12.0, 8.0, 31.4, 16.0]
[8.0, 8.0, 8.0, 12.0, 14.5, 10.5]
T = 1.0	 step = 7
76.30000000000001
10.866843749999997
[13.0, 13.0, 27.0, 25.0, 23.0, 39.0]
[38.0, 13.0, 13.0, 40.0, 25.0, 39.0]
[12.0, 12.0, 12.0, 8.0, 31.4, 16.0]
[8.0, 8.0, 8.0, 12.0, 14.5, 10.5]
T = 1.0	 step = 8
76.25
11.066843749999999
[13.0, 13.0, 27.0, 25.0, 23.0, 39.0]
[38.0, 12.0, 13.0, 40.0, 25.0, 39.0]
[12.0, 12.0, 12.0, 8.0, 31.4, 16.0]
[8.0, 8.0, 8.0, 12.0, 14.5, 10.5]
T = 1.0	 step = 9
76.24000000000001
11.11457102272727
[13.0, 13.0, 27.0, 26.0, 23.0, 39.0]
[38.0, 12.0, 13.0, 40.0, 25.0, 39.0]
[12.0, 12.0, 12.0, 8.0, 31.4, 16.0]
[8.0, 8.0, 8.0, 12.0, 14.5, 10.5]
T = 1.0	 step = 10
76.22000000000003
11.314571022727272
[13.0, 13.0, 27.0, 26.0, 23.0, 40.0]
[38.0, 12.0, 13.0, 40.0, 25.0, 39.0]
[12.0, 12.0, 12.0, 8.0, 31.4, 16.0]
[8.0, 8.0, 8.0, 12.0, 14.5, 10.5]
T = 1.0	 step = 11
76.19
11.51457102272727
[13.0, 12.0, 27.0, 26.0, 23.0, 40.0]
[38.0, 12.0, 13.0, 40.0, 25.0, 39.0]
[12.0, 12.0, 12.0, 8.0, 31.4, 16.0]
[8.0, 8.0, 8.0, 12.0, 14.5, 10.5]
T = 1.0	 step = 12
76.21000000000004
11.53794886363636
[13.0, 12.0, 27.0, 26.0, 22.0, 40.0]
[38.0, 12.0, 13.0, 40.0, 25.0, 39.0]
[12.0, 12.0, 12.0, 8.0, 31.4, 16.0]
[8.0, 8.0, 8.0, 12.0, 14.5, 10.5]
T = 1.0	 step = 13
76.19
11.51457102272727
[13.0, 12.0, 27.0, 26.0, 23.0, 40.0]
[38.0, 12.0, 13.0, 40.0, 25.0, 39.0]
[12.0, 12.0, 12.0, 8.0, 31.4, 16.0]
[8.0, 8.0, 8.0, 12.0, 14.5, 10.5]
T = 1.0	 step = 14
76.15000000000003
11.71457102272727
[13.0, 12.0, 27.0, 26.0, 23.0, 40.0]
[38.0, 11.0, 13.0, 40.0, 25.0, 39.0]
[12.0, 12.0, 12.0, 8.0, 31.4, 16.0]
[8.0, 8.0, 8.0, 12.0, 14.5, 10.5]
T = 1.0	 step = 15
76.11000000000001
11.85723011363636
[13.0, 11.0, 27.0, 26.0, 23.0, 40.0]
[38.0, 11.0, 13.0, 40.0, 25.0, 39.0]
[12.0, 12.0, 12.0, 8.0, 31.4, 16.0]
[8.0, 8.0, 8.0, 12.0, 14.5, 10.5]
T = 1.0	 step = 16
76.09000000000003
12.043491477272722
[13.0, 11.0, 27.0, 26.0, 23.0, 41.0]
[38.0, 11.0, 13.0, 40.0, 25.0, 39.0]
[12.0, 12.0, 12.0, 8.0, 31.4, 16.0]
[8.0, 8.0, 8.0, 12.0, 14.5, 10.5]
T = 1.0	 step = 17
76.12
11.657230113636361
[13.0, 11.0, 27.0, 26.0, 23.0, 40.0]
[38.0, 11.0, 13.0, 40.0, 25.0, 38.0]
[12.0, 12.0, 12.0, 8.0, 31.4, 16.0]
[8.0, 8.0, 8.0, 12.0, 14.5, 10.5]
T = 1.0	 step = 18
76.06
11.85723011363636
[13.0, 11.0, 27.0, 26.0, 23.0, 40.0]
[38.0, 11.0, 13.0, 41.0, 25.0, 38.0]
[12.0, 12.0, 12.0, 8.0, 31.4, 16.0]
[8.0, 8.0, 8.0, 12.0, 14.5, 10.5]
T = 1.0	 step = 19
76.02000000000004
11.905860795454542
[13.0, 10.0, 27.0, 26.0, 23.0, 40.0]
[38.0, 11.0, 13.0, 41.0, 25.0, 38.0]
[12.0, 12.0, 12.0, 8.0, 31.4, 16.0]
[8.0, 8.0, 8.0, 12.0, 14.5, 10.5]
T = 1.0	 step = 20
76.06
11.705860795454543
[13.0, 10.0, 27.0, 26.0, 23.0, 40.0]
[38.0, 12.0, 13.0, 41.0, 25.0, 38.0]
[12.0, 12.0, 12.0, 8.0, 31.4, 16.0]
[8.0, 8.0, 8.0, 12.0, 14.5, 10.5]
T = 1.0	 step = 21
76.10000000000002
11.505860795454543
[13.0, 10.0, 27.0, 26.0, 23.0, 40.0]
[37.0, 12.0, 13.0, 41.0, 25.0, 38.0]
[12.0, 12.0, 12.0, 8.0, 31.4, 16.0]
[8.0, 8.0, 8.0, 12.0, 14.5, 10.5]
T = 1.0	 step = 22
76.12
11.305860795454542
[13.0, 10.0, 27.0, 26.0, 23.0, 39.0]
[37.0, 12.0, 13.0, 41.0, 25.0, 38.0]
[12.0, 12.0, 12.0, 8.0, 31.4, 16.0]
[8.0, 8.0, 8.0, 12.0, 14.5, 10.5]
T = 1.0	 step = 23
76.10000000000002
11.505860795454543
[13.0, 10.0, 27.0, 26.0, 23.0, 40.0]
[37.0, 12.0, 13.0, 41.0, 25.0, 38.0]
[12.0, 12.0, 12.0, 8.0, 31.4, 16.0]
[8.0, 8.0, 8.0, 12.0, 14.5, 10.5]
T = 1.0	 step = 24
76.07000000000005
11.392792613636361
[13.0, 10.0, 27.0, 26.0, 24.0, 40.0]
[37.0, 12.0, 13.0, 41.0, 25.0, 38.0]
[12.0, 12.0, 12.0, 8.0, 31.4, 16.0]
[8.0, 8.0, 8.0, 12.0, 14.5, 10.5]
T = 1.0	 step = 25
76.07000000000005
11.440519886363633
[13.0, 10.0, 27.0, 27.0, 24.0, 40.0]
[37.0, 12.0, 13.0, 41.0, 25.0, 38.0]
[12.0, 12.0, 12.0, 8.0, 31.4, 16.0]
[8.0, 8.0, 8.0, 12.0, 14.5, 10.5]
T = 1.0	 step = 26
76.04000000000002
11.536161931818178
[13.0, 10.0, 27.0, 27.0, 25.0, 40.0]
[37.0, 12.0, 13.0, 41.0, 25.0, 38.0]
[12.0, 12.0, 12.0, 8.0, 31.4, 16.0]
[8.0, 8.0, 8.0, 12.0, 14.5, 10.5]
T = 1.0	 step = 27
76.0
11.700934659090905
[12.0, 10.0, 27.0, 27.0, 25.0, 40.0]
[37.0, 12.0, 13.0, 41.0, 25.0, 38.0]
[12.0, 12.0, 12.0, 8.0, 31.4, 16.0]
[8.0, 8.0, 8.0, 12.0, 14.5, 10.5]
T = 1.0	 step = 28
75.99000000000001
11.79923011363636
[12.0, 10.0, 28.0, 27.0, 25.0, 40.0]
[37.0, 12.0, 13.0, 41.0, 25.0, 38.0]
[12.0, 12.0, 12.0, 8.0, 31.4, 16.0]
[8.0, 8.0, 8.0, 12.0, 14.5, 10.5]
T = 1.0	 step = 29
75.93
11.999230113636358
[12.0, 10.0, 28.0, 27.0, 25.0, 40.0]
[37.0, 12.0, 13.0, 42.0, 25.0, 38.0]
[12.0, 12.0, 12.0, 8.0, 31.4, 16.0]
[8.0, 8.0, 8.0, 12.0, 14.5, 10.5]
T = 1.0	 step = 30
75.95000000000005
11.923139204545452
[12.0, 10.0, 28.0, 27.0, 24.0, 40.0]
[37.0, 12.0, 13.0, 42.0, 25.0, 38.0]
[12.0, 12.0, 12.0, 8.0, 31.4, 16.0]
[8.0, 8.0, 8.0, 12.0, 14.5, 10.5]
T = 1.0	 step = 31
75.89000000000004
12.123139204545451
[12.0, 10.0, 28.0, 27.0, 24.0, 40.0]
[37.0, 12.0, 13.0, 43.0, 25.0, 38.0]
[12.0, 12.0, 12.0, 8.0, 31.4, 16.0]
[8.0, 8.0, 8.0, 12.0, 14.5, 10.5]
T = 1.0	 step = 32
75.86000000000001
12.150411931818176
[12.0, 9.0, 28.0, 27.0, 24.0, 40.0]
[37.0, 12.0, 13.0, 43.0, 25.0, 38.0]
[12.0, 12.0, 12.0, 8.0, 31.4, 16.0]
[8.0, 8.0, 8.0, 12.0, 14.5, 10.5]
T = 1.0	 step = 33
75.80000000000001
12.350411931818178
[12.0, 9.0, 28.0, 27.0, 24.0, 40.0]
[37.0, 12.0, 13.0, 44.0, 25.0, 38.0]
[12.0, 12.0, 12.0, 8.0, 31.4, 16.0]
[8.0, 8.0, 8.0, 12.0, 14.5, 10.5]
T = 1.0	 step = 34
75.82000000000005
12.484838068181816
[12.0, 9.0, 28.0, 27.0, 23.0, 40.0]
[37.0, 12.0, 13.0, 44.0, 25.0, 38.0]
[12.0, 12.0, 12.0, 8.0, 31.4, 16.0]
[8.0, 8.0, 8.0, 12.0, 14.5, 10.5]
T = 1.0	 step = 35
75.83000000000004
12.437110795454542
[12.0, 9.0, 28.0, 26.0, 23.0, 40.0]
[37.0, 12.0, 13.0, 44.0, 25.0, 38.0]
[12.0, 12.0, 12.0, 8.0, 31.4, 16.0]
[8.0, 8.0, 8.0, 12.0, 14.5, 10.5]
T = 1.0	 step = 36
75.86000000000001
12.237110795454543
[12.0, 9.0, 28.0, 26.0, 23.0, 40.0]
[37.0, 13.0, 13.0, 44.0, 25.0, 38.0]
[12.0, 12.0, 12.0, 8.0, 31.4, 16.0]
[8.0, 8.0, 8.0, 12.0, 14.5, 10.5]
T = 1.0	 step = 37
76.10000000000002
11.437110795454542
[12.0, 9.0, 28.0, 26.0, 23.0, 40.0]
[37.0, 13.0, 13.0, 40.0, 25.0, 38.0]
[12.0, 12.0, 12.0, 8.0, 31.4, 16.0]
[8.0, 8.0, 8.0, 12.0, 14.5, 10.5]
T = 1.0	 step = 38
76.11000000000001
11.520764204545449
[12.0, 9.0, 28.0, 26.0, 22.0, 40.0]
[37.0, 13.0, 13.0, 40.0, 25.0, 38.0]
[12.0, 12.0, 12.0, 8.0, 31.4, 16.0]
[8.0, 8.0, 8.0, 12.0, 14.5, 10.5]
T = 1.0	 step = 39
76.07000000000005
11.553718749999994
[12.0, 8.0, 28.0, 26.0, 22.0, 40.0]
[37.0, 13.0, 13.0, 40.0, 25.0, 38.0]
[12.0, 12.0, 12.0, 8.0, 31.4, 16.0]
[8.0, 8.0, 8.0, 12.0, 14.5, 10.5]
T = 1.0	 step = 40
76.03000000000003
11.753718749999996
[12.0, 8.0, 28.0, 26.0, 22.0, 40.0]
[38.0, 13.0, 13.0, 40.0, 25.0, 38.0]
[12.0, 12.0, 12.0, 8.0, 31.4, 16.0]
[8.0, 8.0, 8.0, 12.0, 14.5, 10.5]
T = 1.0	 step = 41
75.42000000000002
15.356619318181815
[12.0, 8.0, 28.0, 36.0, 22.0, 40.0]
[38.0, 13.0, 13.0, 50.0, 25.0, 38.0]
[12.0, 12.0, 12.0, 12.0, 31.4, 16.0]
[8.0, 8.0, 8.0, 8.0, 14.5, 10.5]
T = 1.0	 step = 42
75.99000000000001
11.765315340909085
[12.0, 7.0, 28.0, 26.0, 22.0, 40.0]
[38.0, 13.0, 13.0, 40.0, 25.0, 38.0]
[12.0, 12.0, 12.0, 8.0, 31.4, 16.0]
[8.0, 8.0, 8.0, 12.0, 14.5, 10.5]
T = 1.0	 step = 43
75.98000000000002
11.965315340909086
[12.0, 7.0, 28.0, 26.0, 22.0, 40.0]
[38.0, 13.0, 13.0, 40.0, 25.0, 39.0]
[12.0, 12.0, 12.0, 8.0, 31.4, 16.0]
[8.0, 8.0, 8.0, 12.0, 14.5, 10.5]
T = 1.0	 step = 44
75.93
11.965315340909086
[12.0, 7.0, 28.0, 26.0, 22.0, 40.0]
[38.0, 13.0, 12.0, 40.0, 25.0, 38.0]
[12.0, 12.0, 12.0, 8.0, 31.4, 16.0]
[8.0, 8.0, 8.0, 12.0, 14.5, 10.5]
T = 1.0	 step = 45
75.97000000000003
11.765315340909085
[12.0, 7.0, 28.0, 26.0, 22.0, 40.0]
[37.0, 13.0, 12.0, 40.0, 25.0, 38.0]
[12.0, 12.0, 12.0, 8.0, 31.4, 16.0]
[8.0, 8.0, 8.0, 12.0, 14.5, 10.5]
T = 1.0	 step = 46
75.96000000000004
11.958463068181814
[12.0, 7.0, 28.0, 27.0, 22.0, 40.0]
[37.0, 13.0, 12.0, 40.0, 25.0, 38.0]
[12.0, 12.0, 12.0, 8.0, 31.4, 16.0]
[8.0, 8.0, 8.0, 12.0, 14.5, 10.5]
T = 1.0	 step = 47
75.91000000000003
12.158463068181815
[11.0, 7.0, 28.0, 27.0, 22.0, 40.0]
[37.0, 13.0, 12.0, 40.0, 25.0, 38.0]
[12.0, 12.0, 12.0, 8.0, 31.4, 16.0]
[8.0, 8.0, 8.0, 12.0, 14.5, 10.5]
T = 1.0	 step = 48
75.93
11.965315340909086
[11.0, 7.0, 28.0, 26.0, 22.0, 40.0]
[37.0, 13.0, 12.0, 40.0, 25.0, 38.0]
[12.0, 12.0, 12.0, 8.0, 31.4, 16.0]
[8.0, 8.0, 8.0, 12.0, 14.5, 10.5]
T = 1.0	 step = 49
75.88
12.165315340909086
[10.0, 7.0, 28.0, 26.0, 22.0, 40.0]
[37.0, 13.0, 12.0, 40.0, 25.0, 38.0]
[12.0, 12.0, 12.0, 8.0, 31.4, 16.0]
[8.0, 8.0, 8.0, 12.0, 14.5, 10.5]
T = 1.0	 step = 50
75.82000000000005
12.365315340909087
[10.0, 7.0, 28.0, 26.0, 22.0, 40.0]
[37.0, 13.0, 12.0, 41.0, 25.0, 38.0]
[12.0, 12.0, 12.0, 8.0, 31.4, 16.0]
[8.0, 8.0, 8.0, 12.0, 14.5, 10.5]
T = 1.0	 step = 51
75.85000000000002
12.365315340909087
[10.0, 7.0, 28.0, 26.0, 22.0, 40.0]
[38.0, 13.0, 12.0, 40.0, 25.0, 38.0]
[12.0, 12.0, 12.0, 8.0, 31.4, 16.0]
[8.0, 8.0, 8.0, 12.0, 14.5, 10.5]
T = 1.0	 step = 52
75.17000000000002
16.370400568181815
[10.0, 7.0, 46.0, 26.0, 22.0, 40.0]
[38.0, 13.0, 8.0, 40.0, 25.0, 38.0]
[12.0, 12.0, 12.0, 8.0, 31.4, 16.0]
[8.0, 8.0, 8.0, 12.0, 14.5, 10.5]
T = 1.0	 step = 53
75.14000000000004
16.570400568181814
[10.0, 7.0, 47.0, 26.0, 22.0, 40.0]
[38.0, 13.0, 8.0, 40.0, 25.0, 38.0]
[12.0, 12.0, 12.0, 8.0, 31.4, 16.0]
[8.0, 8.0, 8.0, 12.0, 14.5, 10.5]
T = 1.0	 step = 54
75.12
16.302963068181818
[10.0, 7.0, 47.0, 26.0, 23.0, 40.0]
[38.0, 13.0, 8.0, 40.0, 25.0, 38.0]
[12.0, 12.0, 12.0, 8.0, 31.4, 16.0]
[8.0, 8.0, 8.0, 12.0, 14.5, 10.5]
T = 1.0	 step = 55
75.08000000000004
16.467735795454544
[9.0, 7.0, 47.0, 26.0, 23.0, 40.0]
[38.0, 13.0, 8.0, 40.0, 25.0, 38.0]
[12.0, 12.0, 12.0, 8.0, 31.4, 16.0]
[8.0, 8.0, 8.0, 12.0, 14.5, 10.5]
T = 1.0	 step = 56
75.15000000000003
16.267735795454545
[9.0, 7.0, 47.0, 26.0, 23.0, 40.0]
[38.0, 13.0, 8.0, 39.0, 25.0, 38.0]
[12.0, 12.0, 12.0, 8.0, 31.4, 16.0]
[8.0, 8.0, 8.0, 12.0, 14.5, 10.5]
T = 0.8	 step = 57
75.17000000000002
16.53517329545454
[9.0, 7.0, 47.0, 26.0, 22.0, 40.0]
[38.0, 13.0, 8.0, 39.0, 25.0, 38.0]
[12.0, 12.0, 12.0, 8.0, 31.4, 16.0]
[8.0, 8.0, 8.0, 12.0, 14.5, 10.5]
T = 0.8	 step = 58
75.13
16.69994602272727
[8.0, 7.0, 47.0, 26.0, 22.0, 40.0]
[38.0, 13.0, 8.0, 39.0, 25.0, 38.0]
[12.0, 12.0, 12.0, 8.0, 31.4, 16.0]
[8.0, 8.0, 8.0, 12.0, 14.5, 10.5]
T = 0.8	 step = 59
75.07000000000005
16.89994602272727
[8.0, 7.0, 47.0, 26.0, 22.0, 40.0]
[38.0, 13.0, 8.0, 40.0, 25.0, 38.0]
[12.0, 12.0, 12.0, 8.0, 31.4, 16.0]
[8.0, 8.0, 8.0, 12.0, 14.5, 10.5]
T = 0.8	 step = 60
75.05000000000001
17.093093749999998
[8.0, 7.0, 47.0, 27.0, 22.0, 40.0]
[38.0, 13.0, 8.0, 40.0, 25.0, 38.0]
[12.0, 12.0, 12.0, 8.0, 31.4, 16.0]
[8.0, 8.0, 8.0, 12.0, 14.5, 10.5]
T = 0.8	 step = 61
74.99000000000001
17.293093749999997
[8.0, 7.0, 47.0, 27.0, 22.0, 40.0]
[38.0, 13.0, 8.0, 41.0, 25.0, 38.0]
[12.0, 12.0, 12.0, 8.0, 31.4, 16.0]
[8.0, 8.0, 8.0, 12.0, 14.5, 10.5]
T = 0.8	 step = 62
74.96000000000004
17.493093749999996
[8.0, 7.0, 47.0, 27.0, 22.0, 40.0]
[39.0, 13.0, 8.0, 41.0, 25.0, 38.0]
[12.0, 12.0, 12.0, 8.0, 31.4, 16.0]
[8.0, 8.0, 8.0, 12.0, 14.5, 10.5]
T = 0.8	 step = 63
74.95000000000005
17.693093749999996
[8.0, 7.0, 47.0, 27.0, 22.0, 40.0]
[39.0, 13.0, 8.0, 41.0, 25.0, 39.0]
[12.0, 12.0, 12.0, 8.0, 31.4, 16.0]
[8.0, 8.0, 8.0, 12.0, 14.5, 10.5]
T = 0.8	 step = 64
74.99000000000001
17.646269886363633
[8.0, 8.0, 47.0, 27.0, 22.0, 40.0]
[39.0, 13.0, 8.0, 41.0, 25.0, 39.0]
[12.0, 12.0, 12.0, 8.0, 31.4, 16.0]
[8.0, 8.0, 8.0, 12.0, 14.5, 10.5]
T = 0.8	 step = 65
75.05000000000001
17.446269886363634
[8.0, 8.0, 47.0, 27.0, 22.0, 40.0]
[39.0, 13.0, 8.0, 40.0, 25.0, 39.0]
[12.0, 12.0, 12.0, 8.0, 31.4, 16.0]
[8.0, 8.0, 8.0, 12.0, 14.5, 10.5]
T = 0.8	 step = 66
75.03000000000003
17.646269886363633
[8.0, 8.0, 47.0, 27.0, 22.0, 40.0]
[39.0, 13.0, 7.0, 40.0, 25.0, 39.0]
[12.0, 12.0, 12.0, 8.0, 31.4, 16.0]
[8.0, 8.0, 8.0, 12.0, 14.5, 10.5]
T = 0.8	 step = 67
75.02000000000004
17.846269886363633
[8.0, 8.0, 47.0, 27.0, 22.0, 41.0]
[39.0, 13.0, 7.0, 40.0, 25.0, 39.0]
[12.0, 12.0, 12.0, 8.0, 31.4, 16.0]
[8.0, 8.0, 8.0, 12.0, 14.5, 10.5]
T = 0.8	 step = 68
75.06
17.64626988636363
[8.0, 9.0, 47.0, 27.0, 22.0, 41.0]
[39.0, 13.0, 7.0, 40.0, 25.0, 39.0]
[12.0, 12.0, 12.0, 8.0, 31.4, 16.0]
[8.0, 8.0, 8.0, 12.0, 14.5, 10.5]
T = 0.8	 step = 69
75.09000000000003
17.613315340909086
[9.0, 9.0, 47.0, 27.0, 22.0, 41.0]
[39.0, 13.0, 7.0, 40.0, 25.0, 39.0]
[12.0, 12.0, 12.0, 8.0, 31.4, 16.0]
[8.0, 8.0, 8.0, 12.0, 14.5, 10.5]
T = 0.8	 step = 70
75.07000000000005
17.813315340909085
[9.0, 9.0, 48.0, 27.0, 22.0, 41.0]
[39.0, 13.0, 7.0, 40.0, 25.0, 39.0]
[12.0, 12.0, 12.0, 8.0, 31.4, 16.0]
[8.0, 8.0, 8.0, 12.0, 14.5, 10.5]
T = 0.8	 step = 71
75.06
18.013315340909084
[9.0, 9.0, 48.0, 27.0, 22.0, 41.0]
[39.0, 13.0, 6.0, 40.0, 25.0, 39.0]
[12.0, 12.0, 12.0, 8.0, 31.4, 16.0]
[8.0, 8.0, 8.0, 12.0, 14.5, 10.5]
T = 0.8	 step = 72
75.10000000000002
17.813315340909085
[9.0, 10.0, 48.0, 27.0, 22.0, 41.0]
[39.0, 13.0, 6.0, 40.0, 25.0, 39.0]
[12.0, 12.0, 12.0, 8.0, 31.4, 16.0]
[8.0, 8.0, 8.0, 12.0, 14.5, 10.5]
T = 0.8	 step = 73
75.08000000000004
17.453122159090903
[9.0, 10.0, 48.0, 27.0, 23.0, 41.0]
[39.0, 13.0, 6.0, 40.0, 25.0, 39.0]
[12.0, 12.0, 12.0, 8.0, 31.4, 16.0]
[8.0, 8.0, 8.0, 12.0, 14.5, 10.5]
T = 0.8	 step = 74
75.10000000000002
17.813315340909085
[9.0, 10.0, 48.0, 27.0, 22.0, 41.0]
[39.0, 13.0, 6.0, 40.0, 25.0, 39.0]
[12.0, 12.0, 12.0, 8.0, 31.4, 16.0]
[8.0, 8.0, 8.0, 12.0, 14.5, 10.5]
T = 0.8	 step = 75
75.12
17.613315340909086
[9.0, 10.0, 48.0, 27.0, 22.0, 41.0]
[39.0, 13.0, 7.0, 40.0, 25.0, 39.0]
[12.0, 12.0, 12.0, 8.0, 31.4, 16.0]
[8.0, 8.0, 8.0, 12.0, 14.5, 10.5]
T = 0.8	 step = 76
74.92000000000002
18.10690056818181
[9.0, 26.0, 48.0, 27.0, 22.0, 41.0]
[39.0, 5.0, 7.0, 40.0, 25.0, 39.0]
[12.0, 12.0, 12.0, 8.0, 31.4, 16.0]
[8.0, 8.0, 8.0, 12.0, 14.5, 10.5]
T = 0.8	 step = 77
75.13
17.413315340909087
[9.0, 10.0, 48.0, 27.0, 22.0, 41.0]
[39.0, 13.0, 8.0, 40.0, 25.0, 39.0]
[12.0, 12.0, 12.0, 8.0, 31.4, 16.0]
[8.0, 8.0, 8.0, 12.0, 14.5, 10.5]
T = 0.8	 step = 78
75.09000000000003
17.613315340909086
[9.0, 9.0, 48.0, 27.0, 22.0, 41.0]
[39.0, 13.0, 8.0, 40.0, 25.0, 39.0]
[12.0, 12.0, 12.0, 8.0, 31.4, 16.0]
[8.0, 8.0, 8.0, 12.0, 14.5, 10.5]
T = 0.8	 step = 79
75.16000000000003
17.413315340909087
[9.0, 9.0, 48.0, 27.0, 22.0, 41.0]
[39.0, 13.0, 8.0, 40.0, 26.0, 39.0]
[12.0, 12.0, 12.0, 8.0, 31.4, 16.0]
[8.0, 8.0, 8.0, 12.0, 14.5, 10.5]
T = 0.8	 step = 80
75.17000000000002
17.013315340909084
[9.0, 9.0, 49.0, 27.0, 22.0, 41.0]
[39.0, 13.0, 11.0, 40.0, 26.0, 39.0]
[12.0, 12.0, 8.0, 8.0, 31.4, 16.0]
[8.0, 8.0, 12.0, 12.0, 14.5, 10.5]
T = 0.8	 step = 81
75.19
16.813315340909085
[9.0, 9.0, 48.0, 27.0, 22.0, 41.0]
[39.0, 13.0, 11.0, 40.0, 26.0, 39.0]
[12.0, 12.0, 8.0, 8.0, 31.4, 16.0]
[8.0, 8.0, 12.0, 12.0, 14.5, 10.5]
T = 0.8	 step = 82
75.21000000000004
16.620167613636358
[9.0, 9.0, 48.0, 26.0, 22.0, 41.0]
[39.0, 13.0, 11.0, 40.0, 26.0, 39.0]
[12.0, 12.0, 8.0, 8.0, 31.4, 16.0]
[8.0, 8.0, 12.0, 12.0, 14.5, 10.5]
T = 0.8	 step = 83
75.25
16.420167613636355
[9.0, 10.0, 48.0, 26.0, 22.0, 41.0]
[39.0, 13.0, 11.0, 40.0, 26.0, 39.0]
[12.0, 12.0, 8.0, 8.0, 31.4, 16.0]
[8.0, 8.0, 12.0, 12.0, 14.5, 10.5]
T = 0.8	 step = 84
75.46000000000004
14.285687499999996
[9.0, 10.0, 48.0, 26.0, 22.0, 25.0]
[39.0, 13.0, 11.0, 40.0, 26.0, 10.0]
[12.0, 12.0, 8.0, 8.0, 31.4, 10.5]
[8.0, 8.0, 12.0, 12.0, 14.5, 16.0]
T = 0.8	 step = 85
75.42000000000002
14.485687499999997
[9.0, 10.0, 48.0, 26.0, 22.0, 25.0]
[40.0, 13.0, 11.0, 40.0, 26.0, 10.0]
[12.0, 12.0, 8.0, 8.0, 31.4, 10.5]
[8.0, 8.0, 12.0, 12.0, 14.5, 16.0]
T = 0.8	 step = 86
75.38
14.685687499999997
[9.0, 10.0, 48.0, 26.0, 22.0, 25.0]
[40.0, 12.0, 11.0, 40.0, 26.0, 10.0]
[12.0, 12.0, 8.0, 8.0, 31.4, 10.5]
[8.0, 8.0, 12.0, 12.0, 14.5, 16.0]
T = 0.8	 step = 87
75.35000000000002
14.885687499999996
[9.0, 10.0, 48.0, 26.0, 22.0, 25.0]
[40.0, 12.0, 11.0, 40.0, 26.0, 9.0]
[12.0, 12.0, 8.0, 8.0, 31.4, 10.5]
[8.0, 8.0, 12.0, 12.0, 14.5, 16.0]
T = 0.8	 step = 88
75.33000000000004
14.873755681818178
[9.0, 10.0, 48.0, 26.0, 23.0, 25.0]
[40.0, 12.0, 11.0, 40.0, 26.0, 9.0]
[12.0, 12.0, 8.0, 8.0, 31.4, 10.5]
[8.0, 8.0, 12.0, 12.0, 14.5, 16.0]
T = 0.8	 step = 89
75.30000000000001
15.073755681818179
[9.0, 10.0, 49.0, 26.0, 23.0, 25.0]
[40.0, 12.0, 11.0, 40.0, 26.0, 9.0]
[12.0, 12.0, 8.0, 8.0, 31.4, 10.5]
[8.0, 8.0, 12.0, 12.0, 14.5, 16.0]
T = 0.8	 step = 90
75.31
15.026028409090905
[9.0, 10.0, 49.0, 25.0, 23.0, 25.0]
[40.0, 12.0, 11.0, 40.0, 26.0, 9.0]
[12.0, 12.0, 8.0, 8.0, 31.4, 10.5]
[8.0, 8.0, 12.0, 12.0, 14.5, 16.0]
T = 0.8	 step = 91
75.35000000000002
14.826028409090906
[9.0, 10.0, 49.0, 25.0, 23.0, 25.0]
[40.0, 13.0, 11.0, 40.0, 26.0, 9.0]
[12.0, 12.0, 8.0, 8.0, 31.4, 10.5]
[8.0, 8.0, 12.0, 12.0, 14.5, 16.0]
T = 0.8	 step = 92
75.37
14.626028409090905
[9.0, 10.0, 48.0, 25.0, 23.0, 25.0]
[40.0, 13.0, 11.0, 40.0, 26.0, 9.0]
[12.0, 12.0, 8.0, 8.0, 31.4, 10.5]
[8.0, 8.0, 12.0, 12.0, 14.5, 16.0]
T = 0.8	 step = 93
75.38
14.578301136363633
[9.0, 10.0, 48.0, 24.0, 23.0, 25.0]
[40.0, 13.0, 11.0, 40.0, 26.0, 9.0]
[12.0, 12.0, 8.0, 8.0, 31.4, 10.5]
[8.0, 8.0, 12.0, 12.0, 14.5, 16.0]
T = 0.8	 step = 94
75.42000000000002
14.590232954545451
[9.0, 10.0, 48.0, 24.0, 22.0, 25.0]
[40.0, 13.0, 11.0, 40.0, 26.0, 9.0]
[12.0, 12.0, 8.0, 8.0, 31.4, 10.5]
[8.0, 8.0, 12.0, 12.0, 14.5, 16.0]
T = 0.8	 step = 95
75.41000000000003
14.790232954545449
[9.0, 10.0, 48.0, 24.0, 22.0, 25.0]
[40.0, 13.0, 10.0, 40.0, 26.0, 9.0]
[12.0, 12.0, 8.0, 8.0, 31.4, 10.5]
[8.0, 8.0, 12.0, 12.0, 14.5, 16.0]
T = 0.8	 step = 96
75.45000000000005
14.59023295454545
[9.0, 11.0, 48.0, 24.0, 22.0, 25.0]
[40.0, 13.0, 10.0, 40.0, 26.0, 9.0]
[12.0, 12.0, 8.0, 8.0, 31.4, 10.5]
[8.0, 8.0, 12.0, 12.0, 14.5, 16.0]
T = 0.8	 step = 97
75.48000000000002
14.390232954545452
[9.0, 11.0, 47.0, 24.0, 22.0, 25.0]
[40.0, 13.0, 10.0, 40.0, 26.0, 9.0]
[12.0, 12.0, 8.0, 8.0, 31.4, 10.5]
[8.0, 8.0, 12.0, 12.0, 14.5, 16.0]
T = 0.8	 step = 98
75.49000000000001
14.19023295454545
[9.0, 11.0, 47.0, 24.0, 22.0, 25.0]
[40.0, 13.0, 11.0, 40.0, 26.0, 9.0]
[12.0, 12.0, 8.0, 8.0, 31.4, 10.5]
[8.0, 8.0, 12.0, 12.0, 14.5, 16.0]
T = 0.8	 step = 99
75.45000000000005
14.390232954545452
[9.0, 10.0, 47.0, 24.0, 22.0, 25.0]
[40.0, 13.0, 11.0, 40.0, 26.0, 9.0]
[12.0, 12.0, 8.0, 8.0, 31.4, 10.5]
[8.0, 8.0, 12.0, 12.0, 14.5, 16.0]
T = 0.8	 step = 100
75.48000000000002
14.19023295454545
[9.0, 10.0, 47.0, 24.0, 22.0, 25.0]
[40.0, 13.0, 11.0, 40.0, 26.0, 10.0]
[12.0, 12.0, 8.0, 8.0, 31.4, 10.5]
[8.0, 8.0, 12.0, 12.0, 14.5, 16.0]
T = 0.8	 step = 101
75.49000000000001
14.142505681818179
[9.0, 10.0, 47.0, 23.0, 22.0, 25.0]
[40.0, 13.0, 11.0, 40.0, 26.0, 10.0]
[12.0, 12.0, 8.0, 8.0, 31.4, 10.5]
[8.0, 8.0, 12.0, 12.0, 14.5, 16.0]
T = 0.8	 step = 102
75.44
14.13057386363636
[9.0, 10.0, 47.0, 23.0, 23.0, 25.0]
[40.0, 13.0, 11.0, 40.0, 26.0, 10.0]
[12.0, 12.0, 8.0, 8.0, 31.4, 10.5]
[8.0, 8.0, 12.0, 12.0, 14.5, 16.0]
T = 0.8	 step = 103
75.41000000000003
14.135965909090906
[8.0, 10.0, 47.0, 23.0, 23.0, 25.0]
[40.0, 13.0, 11.0, 40.0, 26.0, 10.0]
[12.0, 12.0, 8.0, 8.0, 31.4, 10.5]
[8.0, 8.0, 12.0, 12.0, 14.5, 16.0]
T = 0.8	 step = 104
75.40000000000003
14.183693181818176
[8.0, 10.0, 47.0, 24.0, 23.0, 25.0]
[40.0, 13.0, 11.0, 40.0, 26.0, 10.0]
[12.0, 12.0, 8.0, 8.0, 31.4, 10.5]
[8.0, 8.0, 12.0, 12.0, 14.5, 16.0]
T = 0.8	 step = 105
75.44
14.223187499999996
[8.0, 10.0, 47.0, 24.0, 22.0, 25.0]
[40.0, 13.0, 11.0, 40.0, 26.0, 10.0]
[12.0, 12.0, 8.0, 8.0, 31.4, 10.5]
[8.0, 8.0, 12.0, 12.0, 14.5, 16.0]
T = 0.8	 step = 106
75.45000000000005
14.226028409090906
[8.0, 10.0, 47.0, 24.0, 22.0, 24.0]
[40.0, 13.0, 11.0, 40.0, 26.0, 10.0]
[12.0, 12.0, 8.0, 8.0, 31.4, 10.5]
[8.0, 8.0, 12.0, 12.0, 14.5, 16.0]
T = 0.8	 step = 107
75.42000000000002
14.23142045454545
[7.0, 10.0, 47.0, 24.0, 22.0, 24.0]
[40.0, 13.0, 11.0, 40.0, 26.0, 10.0]
[12.0, 12.0, 8.0, 8.0, 31.4, 10.5]
[8.0, 8.0, 12.0, 12.0, 14.5, 16.0]
T = 0.8	 step = 108
75.35000000000002
14.43142045454545
[7.0, 10.0, 47.0, 24.0, 22.0, 24.0]
[40.0, 13.0, 11.0, 41.0, 26.0, 10.0]
[12.0, 12.0, 8.0, 8.0, 31.4, 10.5]
[8.0, 8.0, 12.0, 12.0, 14.5, 16.0]
T = 0.8	 step = 109
75.38
14.23142045454545
[7.0, 10.0, 47.0, 24.0, 22.0, 24.0]
[39.0, 13.0, 11.0, 41.0, 26.0, 10.0]
[12.0, 12.0, 8.0, 8.0, 31.4, 10.5]
[8.0, 8.0, 12.0, 12.0, 14.5, 16.0]
T = 0.8	 step = 110
75.41000000000003
14.03142045454545
[7.0, 10.0, 47.0, 24.0, 22.0, 24.0]
[38.0, 13.0, 11.0, 41.0, 26.0, 10.0]
[12.0, 12.0, 8.0, 8.0, 31.4, 10.5]
[8.0, 8.0, 12.0, 12.0, 14.5, 16.0]
T = 0.8	 step = 111
75.34000000000003
14.23142045454545
[7.0, 10.0, 47.0, 24.0, 22.0, 24.0]
[38.0, 13.0, 11.0, 42.0, 26.0, 10.0]
[12.0, 12.0, 8.0, 8.0, 31.4, 10.5]
[8.0, 8.0, 12.0, 12.0, 14.5, 16.0]
T = 0.6400000000000001	 step = 112
75.34000000000003
14.234261363636358
[7.0, 10.0, 47.0, 24.0, 22.0, 23.0]
[38.0, 13.0, 11.0, 42.0, 26.0, 10.0]
[12.0, 12.0, 8.0, 8.0, 31.4, 10.5]
[8.0, 8.0, 12.0, 12.0, 14.5, 16.0]
T = 0.6400000000000001	 step = 113
75.35000000000002
14.186534090909086
[7.0, 10.0, 47.0, 23.0, 22.0, 23.0]
[38.0, 13.0, 11.0, 42.0, 26.0, 10.0]
[12.0, 12.0, 8.0, 8.0, 31.4, 10.5]
[8.0, 8.0, 12.0, 12.0, 14.5, 16.0]
T = 0.6400000000000001	 step = 114
75.39000000000004
13.986534090909087
[7.0, 10.0, 47.0, 23.0, 22.0, 23.0]
[38.0, 14.0, 11.0, 42.0, 26.0, 10.0]
[12.0, 12.0, 8.0, 8.0, 31.4, 10.5]
[8.0, 8.0, 12.0, 12.0, 14.5, 16.0]
T = 0.6400000000000001	 step = 115
75.49000000000001
13.738752840909088
[7.0, 10.0, 37.0, 23.0, 22.0, 23.0]
[38.0, 14.0, 5.0, 42.0, 26.0, 10.0]
[12.0, 12.0, 12.0, 8.0, 31.4, 10.5]
[8.0, 8.0, 8.0, 12.0, 14.5, 16.0]
T = 0.6400000000000001	 step = 116
75.49000000000001
13.78648011363636
[7.0, 10.0, 37.0, 24.0, 22.0, 23.0]
[38.0, 14.0, 5.0, 42.0, 26.0, 10.0]
[12.0, 12.0, 12.0, 8.0, 31.4, 10.5]
[8.0, 8.0, 8.0, 12.0, 14.5, 16.0]
T = 0.6400000000000001	 step = 117
75.44
13.986480113636361
[7.0, 9.0, 37.0, 24.0, 22.0, 23.0]
[38.0, 14.0, 5.0, 42.0, 26.0, 10.0]
[12.0, 12.0, 12.0, 8.0, 31.4, 10.5]
[8.0, 8.0, 8.0, 12.0, 14.5, 16.0]
T = 0.6400000000000001	 step = 118
75.49000000000001
13.78648011363636
[7.0, 10.0, 37.0, 24.0, 22.0, 23.0]
[38.0, 14.0, 5.0, 42.0, 26.0, 10.0]
[12.0, 12.0, 12.0, 8.0, 31.4, 10.5]
[8.0, 8.0, 8.0, 12.0, 14.5, 16.0]
T = 0.6400000000000001	 step = 119
75.51000000000005
13.58648011363636
[7.0, 10.0, 37.0, 24.0, 22.0, 23.0]
[38.0, 14.0, 6.0, 42.0, 26.0, 10.0]
[12.0, 12.0, 12.0, 8.0, 31.4, 10.5]
[8.0, 8.0, 8.0, 12.0, 14.5, 16.0]
T = 0.6400000000000001	 step = 120
75.5
13.634207386363633
[7.0, 10.0, 37.0, 25.0, 22.0, 23.0]
[38.0, 14.0, 6.0, 42.0, 26.0, 10.0]
[12.0, 12.0, 12.0, 8.0, 31.4, 10.5]
[8.0, 8.0, 8.0, 12.0, 14.5, 16.0]
T = 0.6400000000000001	 step = 121
75.48000000000002
13.595860795454543
[7.0, 10.0, 38.0, 25.0, 22.0, 23.0]
[38.0, 14.0, 6.0, 42.0, 26.0, 10.0]
[12.0, 12.0, 12.0, 8.0, 31.4, 10.5]
[8.0, 8.0, 8.0, 12.0, 14.5, 16.0]
T = 0.6400000000000001	 step = 122
75.42000000000002
13.795860795454544
[7.0, 10.0, 38.0, 25.0, 22.0, 23.0]
[38.0, 14.0, 6.0, 43.0, 26.0, 10.0]
[12.0, 12.0, 12.0, 8.0, 31.4, 10.5]
[8.0, 8.0, 8.0, 12.0, 14.5, 16.0]
T = 0.6400000000000001	 step = 123
75.42000000000002
13.77700852272727
[7.0, 10.0, 38.0, 25.0, 23.0, 23.0]
[38.0, 14.0, 6.0, 42.0, 26.0, 10.0]
[12.0, 12.0, 12.0, 8.0, 31.4, 10.5]
[8.0, 8.0, 8.0, 12.0, 14.5, 16.0]
T = 0.6400000000000001	 step = 124
75.42000000000002
13.774167613636362
[7.0, 10.0, 38.0, 25.0, 23.0, 22.0]
[38.0, 14.0, 6.0, 42.0, 26.0, 10.0]
[12.0, 12.0, 12.0, 8.0, 31.4, 10.5]
[8.0, 8.0, 8.0, 12.0, 14.5, 16.0]
T = 0.6400000000000001	 step = 125
75.66000000000003
13.136440340909088
[13.0, 10.0, 38.0, 25.0, 23.0, 22.0]
[38.0, 14.0, 6.0, 42.0, 26.0, 10.0]
[12.0, 12.0, 12.0, 8.0, 31.4, 10.5]
[8.0, 8.0, 8.0, 12.0, 14.5, 16.0]
T = 0.6400000000000001	 step = 126
75.67000000000002
13.088713068181816
[13.0, 10.0, 38.0, 24.0, 23.0, 22.0]
[38.0, 14.0, 6.0, 42.0, 26.0, 10.0]
[12.0, 12.0, 12.0, 8.0, 31.4, 10.5]
[8.0, 8.0, 8.0, 12.0, 14.5, 16.0]
T = 0.6400000000000001	 step = 127
75.61000000000001
11.785718749999997
[13.0, 10.0, 49.0, 24.0, 23.0, 22.0]
[38.0, 14.0, 22.0, 42.0, 26.0, 10.0]
[12.0, 12.0, 8.0, 8.0, 31.4, 10.5]
[8.0, 8.0, 12.0, 12.0, 14.5, 16.0]
T = 0.6400000000000001	 step = 128
75.58000000000004
11.985718749999997
[13.0, 10.0, 49.0, 24.0, 23.0, 22.0]
[38.0, 14.0, 22.0, 42.0, 26.0, 9.0]
[12.0, 12.0, 8.0, 8.0, 31.4, 10.5]
[8.0, 8.0, 12.0, 12.0, 14.5, 16.0]
T = 0.6400000000000001	 step = 129
75.61000000000001
11.785718749999997
[13.0, 10.0, 49.0, 24.0, 23.0, 22.0]
[38.0, 14.0, 22.0, 42.0, 26.0, 10.0]
[12.0, 12.0, 8.0, 8.0, 31.4, 10.5]
[8.0, 8.0, 12.0, 12.0, 14.5, 16.0]
T = 0.6400000000000001	 step = 130
75.58000000000004
11.985718749999997
[13.0, 10.0, 49.0, 24.0, 23.0, 22.0]
[38.0, 14.0, 22.0, 42.0, 26.0, 9.0]
[12.0, 12.0, 8.0, 8.0, 31.4, 10.5]
[8.0, 8.0, 12.0, 12.0, 14.5, 16.0]
T = 0.6400000000000001	 step = 131
75.54000000000002
12.185718749999996
[13.0, 10.0, 49.0, 24.0, 23.0, 22.0]
[39.0, 14.0, 22.0, 42.0, 26.0, 9.0]
[12.0, 12.0, 8.0, 8.0, 31.4, 10.5]
[8.0, 8.0, 12.0, 12.0, 14.5, 16.0]
T = 0.6400000000000001	 step = 132
75.59000000000003
12.27910227272727
[13.0, 10.0, 49.0, 24.0, 22.0, 22.0]
[39.0, 14.0, 22.0, 42.0, 26.0, 9.0]
[12.0, 12.0, 8.0, 8.0, 31.4, 10.5]
[8.0, 8.0, 12.0, 12.0, 14.5, 16.0]
T = 0.6400000000000001	 step = 133
75.59000000000003
12.180806818181814
[13.0, 10.0, 49.0, 24.0, 22.0, 22.0]
[39.0, 14.0, 23.0, 42.0, 26.0, 9.0]
[12.0, 12.0, 8.0, 8.0, 31.4, 10.5]
[8.0, 8.0, 12.0, 12.0, 14.5, 16.0]
T = 0.6400000000000001	 step = 134
75.54000000000002
12.380806818181815
[13.0, 10.0, 49.0, 24.0, 22.0, 22.0]
[40.0, 14.0, 23.0, 42.0, 26.0, 9.0]
[12.0, 12.0, 8.0, 8.0, 31.4, 10.5]
[8.0, 8.0, 12.0, 12.0, 14.5, 16.0]
T = 0.6400000000000001	 step = 135
75.5
12.41376136363636
[13.0, 9.0, 49.0, 24.0, 22.0, 22.0]
[40.0, 14.0, 23.0, 42.0, 26.0, 9.0]
[12.0, 12.0, 8.0, 8.0, 31.4, 10.5]
[8.0, 8.0, 12.0, 12.0, 14.5, 16.0]
T = 0.6400000000000001	 step = 136
75.46000000000004
12.446715909090905
[13.0, 8.0, 49.0, 24.0, 22.0, 22.0]
[40.0, 14.0, 23.0, 42.0, 26.0, 9.0]
[12.0, 12.0, 8.0, 8.0, 31.4, 10.5]
[8.0, 8.0, 12.0, 12.0, 14.5, 16.0]
T = 0.6400000000000001	 step = 137
75.43
12.646715909090906
[13.0, 8.0, 50.0, 24.0, 22.0, 22.0]
[40.0, 14.0, 23.0, 42.0, 26.0, 9.0]
[12.0, 12.0, 8.0, 8.0, 31.4, 10.5]
[8.0, 8.0, 12.0, 12.0, 14.5, 16.0]
T = 0.6400000000000001	 step = 138
75.39000000000004
12.630096590909087
[13.0, 7.0, 50.0, 24.0, 22.0, 22.0]
[40.0, 14.0, 23.0, 42.0, 26.0, 9.0]
[12.0, 12.0, 8.0, 8.0, 31.4, 10.5]
[8.0, 8.0, 12.0, 12.0, 14.5, 16.0]
T = 0.6400000000000001	 step = 139
75.40000000000003
12.765090909090903
[13.0, 7.0, 50.0, 24.0, 21.0, 22.0]
[40.0, 14.0, 23.0, 42.0, 26.0, 9.0]
[12.0, 12.0, 8.0, 8.0, 31.4, 10.5]
[8.0, 8.0, 12.0, 12.0, 14.5, 16.0]
T = 0.6400000000000001	 step = 140
75.37
12.965090909090904
[13.0, 7.0, 50.0, 24.0, 21.0, 22.0]
[40.0, 13.0, 23.0, 42.0, 26.0, 9.0]
[12.0, 12.0, 8.0, 8.0, 31.4, 10.5]
[8.0, 8.0, 12.0, 12.0, 14.5, 16.0]
T = 0.6400000000000001	 step = 141
75.39000000000004
12.765090909090903
[13.0, 7.0, 50.0, 24.0, 21.0, 22.0]
[40.0, 13.0, 23.0, 42.0, 26.0, 10.0]
[12.0, 12.0, 8.0, 8.0, 31.4, 10.5]
[8.0, 8.0, 12.0, 12.0, 14.5, 16.0]
T = 0.6400000000000001	 step = 142
75.24000000000001
14.739988636363632
[13.0, 7.0, 50.0, 33.0, 21.0, 22.0]
[40.0, 13.0, 23.0, 11.0, 26.0, 10.0]
[12.0, 12.0, 8.0, 8.0, 31.4, 10.5]
[8.0, 8.0, 12.0, 12.0, 14.5, 16.0]
T = 0.6400000000000001	 step = 143
75.38
12.812818181818177
[13.0, 7.0, 50.0, 25.0, 21.0, 22.0]
[40.0, 13.0, 23.0, 42.0, 26.0, 10.0]
[12.0, 12.0, 8.0, 8.0, 31.4, 10.5]
[8.0, 8.0, 12.0, 12.0, 14.5, 16.0]
T = 0.6400000000000001	 step = 144
75.38
12.815659090909085
[13.0, 7.0, 50.0, 25.0, 21.0, 21.0]
[40.0, 13.0, 23.0, 42.0, 26.0, 10.0]
[12.0, 12.0, 8.0, 8.0, 31.4, 10.5]
[8.0, 8.0, 12.0, 12.0, 14.5, 16.0]
T = 0.6400000000000001	 step = 145
75.35000000000002
13.015659090909086
[13.0, 7.0, 50.0, 25.0, 21.0, 21.0]
[40.0, 12.0, 23.0, 42.0, 26.0, 10.0]
[12.0, 12.0, 8.0, 8.0, 31.4, 10.5]
[8.0, 8.0, 12.0, 12.0, 14.5, 16.0]
T = 0.6400000000000001	 step = 146
75.35000000000002
13.012818181818181
[13.0, 7.0, 50.0, 25.0, 21.0, 20.0]
[40.0, 12.0, 23.0, 42.0, 26.0, 10.0]
[12.0, 12.0, 8.0, 8.0, 31.4, 10.5]
[8.0, 8.0, 12.0, 12.0, 14.5, 16.0]
T = 0.6400000000000001	 step = 147
75.45000000000005
13.111113636363633
[13.0, 7.0, 50.0, 25.0, 21.0, 20.0]
[40.0, 12.0, 23.0, 42.0, 27.0, 10.0]
[12.0, 12.0, 8.0, 8.0, 31.4, 10.5]
[8.0, 8.0, 12.0, 12.0, 14.5, 16.0]
T = 0.6400000000000001	 step = 148
75.38
13.008079545454542
[13.0, 8.0, 50.0, 25.0, 21.0, 20.0]
[40.0, 12.0, 23.0, 42.0, 26.0, 10.0]
[12.0, 12.0, 8.0, 8.0, 31.4, 10.5]
[8.0, 8.0, 12.0, 12.0, 14.5, 16.0]
T = 0.6400000000000001	 step = 149
75.35000000000002
13.012818181818181
[13.0, 7.0, 50.0, 25.0, 21.0, 20.0]
[40.0, 12.0, 23.0, 42.0, 26.0, 10.0]
[12.0, 12.0, 8.0, 8.0, 31.4, 10.5]
[8.0, 8.0, 12.0, 12.0, 14.5, 16.0]
T = 0.6400000000000001	 step = 150
75.38
13.008079545454542
[13.0, 8.0, 50.0, 25.0, 21.0, 20.0]
[40.0, 12.0, 23.0, 42.0, 26.0, 10.0]
[12.0, 12.0, 8.0, 8.0, 31.4, 10.5]
[8.0, 8.0, 12.0, 12.0, 14.5, 16.0]
T = 0.6400000000000001	 step = 151
75.37
12.88876136363636
[13.0, 8.0, 50.0, 25.0, 22.0, 20.0]
[40.0, 12.0, 23.0, 42.0, 26.0, 10.0]
[12.0, 12.0, 8.0, 8.0, 31.4, 10.5]
[8.0, 8.0, 12.0, 12.0, 14.5, 16.0]
T = 0.6400000000000001	 step = 152
75.37
12.891602272727269
[13.0, 8.0, 50.0, 25.0, 22.0, 21.0]
[40.0, 12.0, 23.0, 42.0, 26.0, 10.0]
[12.0, 12.0, 8.0, 8.0, 31.4, 10.5]
[8.0, 8.0, 12.0, 12.0, 14.5, 16.0]
T = 0.6400000000000001	 step = 153
75.37
12.88876136363636
[13.0, 8.0, 50.0, 25.0, 22.0, 20.0]
[40.0, 12.0, 23.0, 42.0, 26.0, 10.0]
[12.0, 12.0, 8.0, 8.0, 31.4, 10.5]
[8.0, 8.0, 12.0, 12.0, 14.5, 16.0]
T = 0.6400000000000001	 step = 154
75.37
12.891602272727269
[13.0, 8.0, 50.0, 25.0, 22.0, 21.0]
[40.0, 12.0, 23.0, 42.0, 26.0, 10.0]
[12.0, 12.0, 8.0, 8.0, 31.4, 10.5]
[8.0, 8.0, 12.0, 12.0, 14.5, 16.0]
T = 0.6400000000000001	 step = 155
75.44
12.69160227272727
[13.0, 8.0, 50.0, 25.0, 22.0, 21.0]
[40.0, 12.0, 23.0, 41.0, 26.0, 10.0]
[12.0, 12.0, 8.0, 8.0, 31.4, 10.5]
[8.0, 8.0, 12.0, 12.0, 14.5, 16.0]
T = 0.6400000000000001	 step = 156
75.46000000000004
12.565090909090905
[14.0, 8.0, 50.0, 25.0, 22.0, 21.0]
[40.0, 12.0, 23.0, 41.0, 26.0, 10.0]
[12.0, 12.0, 8.0, 8.0, 31.4, 10.5]
[8.0, 8.0, 12.0, 12.0, 14.5, 16.0]
T = 0.6400000000000001	 step = 157
75.5
12.365090909090906
[14.0, 8.0, 49.0, 25.0, 22.0, 21.0]
[40.0, 12.0, 23.0, 41.0, 26.0, 10.0]
[12.0, 12.0, 8.0, 8.0, 31.4, 10.5]
[8.0, 8.0, 12.0, 12.0, 14.5, 16.0]
T = 0.6400000000000001	 step = 158
75.62
13.030426136363634
[14.0, 8.0, 41.0, 25.0, 22.0, 21.0]
[40.0, 12.0, 11.0, 41.0, 26.0, 10.0]
[12.0, 12.0, 12.0, 8.0, 31.4, 10.5]
[8.0, 8.0, 8.0, 12.0, 14.5, 16.0]
T = 0.6400000000000001	 step = 159
75.47000000000003
14.064806818181816
[14.0, 8.0, 41.0, 31.0, 22.0, 21.0]
[40.0, 12.0, 11.0, 41.0, 26.0, 10.0]
[12.0, 12.0, 12.0, 8.0, 31.4, 10.5]
[8.0, 8.0, 8.0, 12.0, 14.5, 16.0]
T = 0.6400000000000001	 step = 160
75.44
14.191318181818179
[13.0, 8.0, 41.0, 31.0, 22.0, 21.0]
[40.0, 12.0, 11.0, 41.0, 26.0, 10.0]
[12.0, 12.0, 12.0, 8.0, 31.4, 10.5]
[8.0, 8.0, 8.0, 12.0, 14.5, 16.0]
T = 0.6400000000000001	 step = 161
75.42000000000002
14.391318181818178
[13.0, 8.0, 41.0, 31.0, 22.0, 21.0]
[40.0, 12.0, 10.0, 41.0, 26.0, 10.0]
[12.0, 12.0, 12.0, 8.0, 31.4, 10.5]
[8.0, 8.0, 8.0, 12.0, 14.5, 16.0]
T = 0.6400000000000001	 step = 162
75.45000000000005
14.191318181818179
[13.0, 8.0, 40.0, 31.0, 22.0, 21.0]
[40.0, 12.0, 10.0, 41.0, 26.0, 10.0]
[12.0, 12.0, 12.0, 8.0, 31.4, 10.5]
[8.0, 8.0, 8.0, 12.0, 14.5, 16.0]
T = 0.6400000000000001	 step = 163
75.42000000000002
14.17469886363636
[13.0, 7.0, 40.0, 31.0, 22.0, 21.0]
[40.0, 12.0, 10.0, 41.0, 26.0, 10.0]
[12.0, 12.0, 12.0, 8.0, 31.4, 10.5]
[8.0, 8.0, 8.0, 12.0, 14.5, 16.0]
T = 0.6400000000000001	 step = 164
75.42000000000002
14.17753977272727
[13.0, 7.0, 40.0, 31.0, 22.0, 22.0]
[40.0, 12.0, 10.0, 41.0, 26.0, 10.0]
[12.0, 12.0, 12.0, 8.0, 31.4, 10.5]
[8.0, 8.0, 8.0, 12.0, 14.5, 16.0]
T = 0.6400000000000001	 step = 165
75.39000000000004
14.37753977272727
[13.0, 7.0, 41.0, 31.0, 22.0, 22.0]
[40.0, 12.0, 10.0, 41.0, 26.0, 10.0]
[12.0, 12.0, 12.0, 8.0, 31.4, 10.5]
[8.0, 8.0, 8.0, 12.0, 14.5, 16.0]
T = 0.6400000000000001	 step = 166
75.41000000000003
14.17753977272727
[13.0, 7.0, 41.0, 31.0, 22.0, 22.0]
[40.0, 12.0, 11.0, 41.0, 26.0, 10.0]
[12.0, 12.0, 12.0, 8.0, 31.4, 10.5]
[8.0, 8.0, 8.0, 12.0, 14.5, 16.0]
T = 0.5120000000000001	 step = 167
75.46000000000004
13.977539772727269
[13.0, 7.0, 41.0, 31.0, 22.0, 22.0]
[40.0, 12.0, 11.0, 40.0, 26.0, 10.0]
[12.0, 12.0, 12.0, 8.0, 31.4, 10.5]
[8.0, 8.0, 8.0, 12.0, 14.5, 16.0]
T = 0.5120000000000001	 step = 168
75.48000000000002
13.77753977272727
[13.0, 7.0, 41.0, 31.0, 22.0, 22.0]
[40.0, 12.0, 12.0, 40.0, 26.0, 10.0]
[12.0, 12.0, 12.0, 8.0, 31.4, 10.5]
[8.0, 8.0, 8.0, 12.0, 14.5, 16.0]
T = 0.5120000000000001	 step = 169
75.43
13.977539772727269
[13.0, 7.0, 41.0, 31.0, 22.0, 22.0]
[40.0, 12.0, 12.0, 41.0, 26.0, 10.0]
[12.0, 12.0, 12.0, 8.0, 31.4, 10.5]
[8.0, 8.0, 8.0, 12.0, 14.5, 16.0]
T = 0.5120000000000001	 step = 170
75.49000000000001
13.77753977272727
[13.0, 7.0, 41.0, 31.0, 22.0, 22.0]
[39.0, 12.0, 12.0, 41.0, 26.0, 10.0]
[12.0, 12.0, 12.0, 8.0, 31.4, 10.5]
[8.0, 8.0, 8.0, 12.0, 14.5, 16.0]
T = 0.5120000000000001	 step = 171
75.45000000000005
13.923781249999998
[12.0, 7.0, 41.0, 31.0, 22.0, 22.0]
[39.0, 12.0, 12.0, 41.0, 26.0, 10.0]
[12.0, 12.0, 12.0, 8.0, 31.4, 10.5]
[8.0, 8.0, 8.0, 12.0, 14.5, 16.0]
T = 0.5120000000000001	 step = 172
75.41000000000003
14.123781249999997
[12.0, 7.0, 41.0, 31.0, 22.0, 22.0]
[39.0, 12.0, 12.0, 42.0, 26.0, 10.0]
[12.0, 12.0, 12.0, 8.0, 31.4, 10.5]
[8.0, 8.0, 8.0, 12.0, 14.5, 16.0]
T = 0.5120000000000001	 step = 173
75.38
14.323781249999998
[12.0, 7.0, 41.0, 31.0, 22.0, 22.0]
[39.0, 12.0, 11.0, 42.0, 26.0, 10.0]
[12.0, 12.0, 12.0, 8.0, 31.4, 10.5]
[8.0, 8.0, 8.0, 12.0, 14.5, 16.0]
T = 0.5120000000000001	 step = 174
75.14000000000004
14.741670454545451
[12.0, 7.0, 41.0, 24.0, 22.0, 22.0]
[39.0, 12.0, 11.0, 49.0, 26.0, 10.0]
[12.0, 12.0, 12.0, 12.0, 31.4, 10.5]
[8.0, 8.0, 8.0, 8.0, 14.5, 16.0]
T = 0.5120000000000001	 step = 175
75.12
14.941670454545449
[12.0, 7.0, 41.0, 24.0, 22.0, 22.0]
[39.0, 12.0, 11.0, 49.0, 26.0, 9.0]
[12.0, 12.0, 12.0, 12.0, 31.4, 10.5]
[8.0, 8.0, 8.0, 8.0, 14.5, 16.0]
T = 0.5120000000000001	 step = 176
75.07000000000005
15.141670454545448
[12.0, 7.0, 41.0, 24.0, 22.0, 22.0]
[40.0, 12.0, 11.0, 49.0, 26.0, 9.0]
[12.0, 12.0, 12.0, 12.0, 31.4, 10.5]
[8.0, 8.0, 8.0, 8.0, 14.5, 16.0]
T = 0.5120000000000001	 step = 177
75.07000000000005
15.13882954545454
[12.0, 7.0, 41.0, 24.0, 22.0, 23.0]
[40.0, 12.0, 11.0, 49.0, 26.0, 9.0]
[12.0, 12.0, 12.0, 12.0, 31.4, 10.5]
[8.0, 8.0, 8.0, 8.0, 14.5, 16.0]
T = 0.5120000000000001	 step = 178
75.10000000000002
15.01098863636363
[12.0, 7.0, 40.0, 24.0, 22.0, 23.0]
[40.0, 12.0, 11.0, 49.0, 26.0, 9.0]
[12.0, 12.0, 12.0, 12.0, 31.4, 10.5]
[8.0, 8.0, 8.0, 8.0, 14.5, 16.0]
T = 0.5120000000000001	 step = 179
75.13
14.864747159090903
[13.0, 7.0, 40.0, 24.0, 22.0, 23.0]
[40.0, 12.0, 11.0, 49.0, 26.0, 9.0]
[12.0, 12.0, 12.0, 12.0, 31.4, 10.5]
[8.0, 8.0, 8.0, 8.0, 14.5, 16.0]
T = 0.5120000000000001	 step = 180
75.16000000000003
14.664747159090906
[13.0, 7.0, 40.0, 24.0, 22.0, 23.0]
[40.0, 13.0, 11.0, 49.0, 26.0, 9.0]
[12.0, 12.0, 12.0, 12.0, 31.4, 10.5]
[8.0, 8.0, 8.0, 8.0, 14.5, 16.0]
T = 0.5120000000000001	 step = 181
75.16000000000003
14.667588068181814
[13.0, 7.0, 40.0, 24.0, 22.0, 22.0]
[40.0, 13.0, 11.0, 49.0, 26.0, 9.0]
[12.0, 12.0, 12.0, 12.0, 31.4, 10.5]
[8.0, 8.0, 8.0, 8.0, 14.5, 16.0]
T = 0.5120000000000001	 step = 182
75.19
14.467588068181815
[13.0, 7.0, 40.0, 24.0, 22.0, 22.0]
[40.0, 13.0, 12.0, 49.0, 26.0, 9.0]
[12.0, 12.0, 12.0, 12.0, 31.4, 10.5]
[8.0, 8.0, 8.0, 8.0, 14.5, 16.0]
T = 0.5120000000000001	 step = 183
75.21000000000004
14.267588068181816
[13.0, 7.0, 40.0, 24.0, 22.0, 22.0]
[40.0, 13.0, 13.0, 49.0, 26.0, 9.0]
[12.0, 12.0, 12.0, 12.0, 31.4, 10.5]
[8.0, 8.0, 8.0, 8.0, 14.5, 16.0]
T = 0.5120000000000001	 step = 184
75.24000000000001
14.067588068181815
[13.0, 7.0, 40.0, 24.0, 22.0, 22.0]
[40.0, 14.0, 13.0, 49.0, 26.0, 9.0]
[12.0, 12.0, 12.0, 12.0, 31.4, 10.5]
[8.0, 8.0, 8.0, 8.0, 14.5, 16.0]
T = 0.5120000000000001	 step = 185
75.20000000000005
14.267588068181816
[13.0, 7.0, 40.0, 24.0, 22.0, 22.0]
[40.0, 14.0, 13.0, 50.0, 26.0, 9.0]
[12.0, 12.0, 12.0, 12.0, 31.4, 10.5]
[8.0, 8.0, 8.0, 8.0, 14.5, 16.0]
T = 0.5120000000000001	 step = 186
75.17000000000002
14.395428977272724
[13.0, 7.0, 41.0, 24.0, 22.0, 22.0]
[40.0, 14.0, 13.0, 50.0, 26.0, 9.0]
[12.0, 12.0, 12.0, 12.0, 31.4, 10.5]
[8.0, 8.0, 8.0, 8.0, 14.5, 16.0]
T = 0.5120000000000001	 step = 187
75.20000000000005
14.267588068181816
[13.0, 7.0, 40.0, 24.0, 22.0, 22.0]
[40.0, 14.0, 13.0, 50.0, 26.0, 9.0]
[12.0, 12.0, 12.0, 12.0, 31.4, 10.5]
[8.0, 8.0, 8.0, 8.0, 14.5, 16.0]
T = 0.5120000000000001	 step = 188
74.97000000000003
15.762221590909085
[13.0, 7.0, 40.0, 24.0, 22.0, 47.0]
[40.0, 14.0, 13.0, 50.0, 26.0, 28.0]
[12.0, 12.0, 12.0, 12.0, 31.4, 10.5]
[8.0, 8.0, 8.0, 8.0, 14.5, 16.0]
T = 0.5120000000000001	 step = 189
74.97000000000003
16.150624999999994
[13.0, 7.0, 40.0, 24.0, 21.0, 47.0]
[40.0, 14.0, 13.0, 50.0, 26.0, 28.0]
[12.0, 12.0, 12.0, 12.0, 31.4, 10.5]
[8.0, 8.0, 8.0, 8.0, 14.5, 16.0]
T = 0.5120000000000001	 step = 190
75.0
15.950624999999995
[13.0, 7.0, 40.0, 24.0, 21.0, 47.0]
[40.0, 14.0, 14.0, 50.0, 26.0, 28.0]
[12.0, 12.0, 12.0, 12.0, 31.4, 10.5]
[8.0, 8.0, 8.0, 8.0, 14.5, 16.0]
T = 0.5120000000000001	 step = 191
75.0
15.852329545454541
[13.0, 7.0, 40.0, 23.0, 21.0, 47.0]
[40.0, 14.0, 14.0, 50.0, 26.0, 28.0]
[12.0, 12.0, 12.0, 12.0, 31.4, 10.5]
[8.0, 8.0, 8.0, 8.0, 14.5, 16.0]
T = 0.5120000000000001	 step = 192
74.99000000000001
16.119568181818178
[13.0, 7.0, 40.0, 23.0, 21.0, 47.0]
[40.0, 14.0, 14.0, 50.0, 26.0, 32.0]
[12.0, 12.0, 12.0, 12.0, 31.4, 10.5]
[8.0, 8.0, 8.0, 8.0, 14.5, 16.0]
T = 0.5120000000000001	 step = 193
75.01000000000005
15.919568181818176
[13.0, 7.0, 40.0, 23.0, 21.0, 46.0]
[40.0, 14.0, 14.0, 50.0, 26.0, 32.0]
[12.0, 12.0, 12.0, 12.0, 31.4, 10.5]
[8.0, 8.0, 8.0, 8.0, 14.5, 16.0]
T = 0.5120000000000001	 step = 194
74.98000000000002
16.04607954545454
[12.0, 7.0, 40.0, 23.0, 21.0, 46.0]
[40.0, 14.0, 14.0, 50.0, 26.0, 32.0]
[12.0, 12.0, 12.0, 12.0, 31.4, 10.5]
[8.0, 8.0, 8.0, 8.0, 14.5, 16.0]
T = 0.5120000000000001	 step = 195
74.94
16.246079545454542
[12.0, 7.0, 41.0, 23.0, 21.0, 46.0]
[40.0, 14.0, 14.0, 50.0, 26.0, 32.0]
[12.0, 12.0, 12.0, 12.0, 31.4, 10.5]
[8.0, 8.0, 8.0, 8.0, 14.5, 16.0]
T = 0.5120000000000001	 step = 196
74.92000000000002
16.44607954545454
[12.0, 7.0, 41.0, 23.0, 21.0, 46.0]
[40.0, 14.0, 13.0, 50.0, 26.0, 32.0]
[12.0, 12.0, 12.0, 12.0, 31.4, 10.5]
[8.0, 8.0, 8.0, 8.0, 14.5, 16.0]
T = 0.5120000000000001	 step = 197
74.95000000000005
16.319568181818177
[13.0, 7.0, 41.0, 23.0, 21.0, 46.0]
[40.0, 14.0, 13.0, 50.0, 26.0, 32.0]
[12.0, 12.0, 12.0, 12.0, 31.4, 10.5]
[8.0, 8.0, 8.0, 8.0, 14.5, 16.0]
T = 0.5120000000000001	 step = 198
75.0
16.103048295454542
[13.0, 21.0, 41.0, 23.0, 21.0, 46.0]
[40.0, 8.0, 13.0, 50.0, 26.0, 32.0]
[12.0, 8.0, 12.0, 12.0, 31.4, 10.5]
[8.0, 12.0, 8.0, 8.0, 14.5, 16.0]
T = 0.5120000000000001	 step = 199
75.02000000000004
15.903048295454543
[13.0, 21.0, 41.0, 23.0, 21.0, 45.0]
[40.0, 8.0, 13.0, 50.0, 26.0, 32.0]
[12.0, 8.0, 12.0, 12.0, 31.4, 10.5]
[8.0, 12.0, 8.0, 8.0, 14.5, 16.0]
T = 0.5120000000000001	 step = 200
74.93
16.703048295454543
[13.0, 21.0, 38.0, 23.0, 21.0, 45.0]
[40.0, 8.0, 6.0, 50.0, 26.0, 32.0]
[12.0, 8.0, 12.0, 12.0, 31.4, 10.5]
[8.0, 12.0, 8.0, 8.0, 14.5, 16.0]
T = 0.5120000000000001	 step = 201
74.93
17.150775568181814
[13.0, 21.0, 38.0, 23.0, 20.0, 45.0]
[40.0, 8.0, 6.0, 50.0, 26.0, 32.0]
[12.0, 8.0, 12.0, 12.0, 31.4, 10.5]
[8.0, 12.0, 8.0, 8.0, 14.5, 16.0]
T = 0.5120000000000001	 step = 202
74.99000000000001
16.950775568181815
[13.0, 21.0, 38.0, 23.0, 20.0, 45.0]
[40.0, 9.0, 6.0, 50.0, 26.0, 32.0]
[12.0, 8.0, 12.0, 12.0, 31.4, 10.5]
[8.0, 12.0, 8.0, 8.0, 14.5, 16.0]
T = 0.5120000000000001	 step = 203
74.93
17.150775568181814
[13.0, 21.0, 38.0, 23.0, 20.0, 45.0]
[41.0, 9.0, 6.0, 50.0, 26.0, 32.0]
[12.0, 8.0, 12.0, 12.0, 31.4, 10.5]
[8.0, 12.0, 8.0, 8.0, 14.5, 16.0]
T = 0.5120000000000001	 step = 204
74.93
17.249071022727268
[13.0, 21.0, 38.0, 24.0, 20.0, 45.0]
[41.0, 9.0, 6.0, 50.0, 26.0, 32.0]
[12.0, 8.0, 12.0, 12.0, 31.4, 10.5]
[8.0, 12.0, 8.0, 8.0, 14.5, 16.0]
T = 0.5120000000000001	 step = 205
74.95000000000005
17.04907102272727
[13.0, 21.0, 38.0, 24.0, 20.0, 45.0]
[41.0, 9.0, 7.0, 50.0, 26.0, 32.0]
[12.0, 8.0, 12.0, 12.0, 31.4, 10.5]
[8.0, 12.0, 8.0, 8.0, 14.5, 16.0]
T = 0.5120000000000001	 step = 206
75.02000000000004
16.983747159090907
[13.0, 21.0, 38.0, 24.0, 20.0, 45.0]
[41.0, 9.0, 7.0, 50.0, 27.0, 32.0]
[12.0, 8.0, 12.0, 12.0, 31.4, 10.5]
[8.0, 12.0, 8.0, 8.0, 14.5, 16.0]
T = 0.5120000000000001	 step = 207
75.04000000000002
16.856051136363632
[14.0, 21.0, 38.0, 24.0, 20.0, 45.0]
[41.0, 9.0, 7.0, 50.0, 27.0, 32.0]
[12.0, 8.0, 12.0, 12.0, 31.4, 10.5]
[8.0, 12.0, 8.0, 8.0, 14.5, 16.0]
T = 0.5120000000000001	 step = 208
75.04000000000002
16.80832386363636
[14.0, 20.0, 38.0, 24.0, 20.0, 45.0]
[41.0, 9.0, 7.0, 50.0, 27.0, 32.0]
[12.0, 8.0, 12.0, 12.0, 31.4, 10.5]
[8.0, 12.0, 8.0, 8.0, 14.5, 16.0]
T = 0.5120000000000001	 step = 209
75.04000000000002
16.710028409090906
[14.0, 20.0, 38.0, 23.0, 20.0, 45.0]
[41.0, 9.0, 7.0, 50.0, 27.0, 32.0]
[12.0, 8.0, 12.0, 12.0, 31.4, 10.5]
[8.0, 12.0, 8.0, 8.0, 14.5, 16.0]
T = 0.5120000000000001	 step = 210
75.02000000000004
16.910028409090906
[14.0, 20.0, 39.0, 23.0, 20.0, 45.0]
[41.0, 9.0, 7.0, 50.0, 27.0, 32.0]
[12.0, 8.0, 12.0, 12.0, 31.4, 10.5]
[8.0, 12.0, 8.0, 8.0, 14.5, 16.0]
T = 0.5120000000000001	 step = 211
74.99000000000001
17.110028409090905
[14.0, 20.0, 39.0, 23.0, 20.0, 45.0]
[41.0, 9.0, 6.0, 50.0, 27.0, 32.0]
[12.0, 8.0, 12.0, 12.0, 31.4, 10.5]
[8.0, 12.0, 8.0, 8.0, 14.5, 16.0]
T = 0.5120000000000001	 step = 212
75.01000000000005
16.910028409090906
[14.0, 20.0, 39.0, 23.0, 20.0, 44.0]
[41.0, 9.0, 6.0, 50.0, 27.0, 32.0]
[12.0, 8.0, 12.0, 12.0, 31.4, 10.5]
[8.0, 12.0, 8.0, 8.0, 14.5, 16.0]
T = 0.5120000000000001	 step = 213
74.96000000000004
17.110028409090905
[14.0, 20.0, 39.0, 23.0, 20.0, 44.0]
[41.0, 8.0, 6.0, 50.0, 27.0, 32.0]
[12.0, 8.0, 12.0, 12.0, 31.4, 10.5]
[8.0, 12.0, 8.0, 8.0, 14.5, 16.0]
T = 0.5120000000000001	 step = 214
74.94
17.310028409090904
[14.0, 20.0, 40.0, 23.0, 20.0, 44.0]
[41.0, 8.0, 6.0, 50.0, 27.0, 32.0]
[12.0, 8.0, 12.0, 12.0, 31.4, 10.5]
[8.0, 12.0, 8.0, 8.0, 14.5, 16.0]
T = 0.5120000000000001	 step = 215
74.93
17.40832386363636
[14.0, 20.0, 40.0, 24.0, 20.0, 44.0]
[41.0, 8.0, 6.0, 50.0, 27.0, 32.0]
[12.0, 8.0, 12.0, 12.0, 31.4, 10.5]
[8.0, 12.0, 8.0, 8.0, 14.5, 16.0]
T = 0.5120000000000001	 step = 216
74.95000000000005
17.20832386363636
[14.0, 20.0, 39.0, 24.0, 20.0, 44.0]
[41.0, 8.0, 6.0, 50.0, 27.0, 32.0]
[12.0, 8.0, 12.0, 12.0, 31.4, 10.5]
[8.0, 12.0, 8.0, 8.0, 14.5, 16.0]
T = 0.5120000000000001	 step = 217
74.91000000000003
17.69241477272727
[14.0, 20.0, 39.0, 24.0, 19.0, 44.0]
[41.0, 8.0, 6.0, 50.0, 27.0, 32.0]
[12.0, 8.0, 12.0, 12.0, 31.4, 10.5]
[8.0, 12.0, 8.0, 8.0, 14.5, 16.0]
T = 0.5120000000000001	 step = 218
74.96000000000004
17.110028409090905
[14.0, 20.0, 39.0, 23.0, 20.0, 44.0]
[41.0, 8.0, 6.0, 50.0, 27.0, 32.0]
[12.0, 8.0, 12.0, 12.0, 31.4, 10.5]
[8.0, 12.0, 8.0, 8.0, 14.5, 16.0]
T = 0.5120000000000001	 step = 219
74.95000000000005
17.20832386363636
[14.0, 20.0, 39.0, 24.0, 20.0, 44.0]
[41.0, 8.0, 6.0, 50.0, 27.0, 32.0]
[12.0, 8.0, 12.0, 12.0, 31.4, 10.5]
[8.0, 12.0, 8.0, 8.0, 14.5, 16.0]
T = 0.5120000000000001	 step = 220
74.96000000000004
17.25605113636363
[14.0, 21.0, 39.0, 24.0, 20.0, 44.0]
[41.0, 8.0, 6.0, 50.0, 27.0, 32.0]
[12.0, 8.0, 12.0, 12.0, 31.4, 10.5]
[8.0, 12.0, 8.0, 8.0, 14.5, 16.0]
T = 0.5120000000000001	 step = 221
74.96000000000004
17.157755681818177
[14.0, 21.0, 39.0, 23.0, 20.0, 44.0]
[41.0, 8.0, 6.0, 50.0, 27.0, 32.0]
[12.0, 8.0, 12.0, 12.0, 31.4, 10.5]
[8.0, 12.0, 8.0, 8.0, 14.5, 16.0]
T = 0.40960000000000013	 step = 222
74.95000000000005
17.20548295454545
[14.0, 22.0, 39.0, 23.0, 20.0, 44.0]
[41.0, 8.0, 6.0, 50.0, 27.0, 32.0]
[12.0, 8.0, 12.0, 12.0, 31.4, 10.5]
[8.0, 12.0, 8.0, 8.0, 14.5, 16.0]
T = 0.40960000000000013	 step = 223
74.98000000000002
17.14355113636363
[15.0, 22.0, 39.0, 23.0, 20.0, 44.0]
[41.0, 8.0, 6.0, 50.0, 27.0, 32.0]
[12.0, 8.0, 12.0, 12.0, 31.4, 10.5]
[8.0, 12.0, 8.0, 8.0, 14.5, 16.0]
T = 0.40960000000000013	 step = 224
74.97000000000003
17.241846590909084
[15.0, 22.0, 39.0, 24.0, 20.0, 44.0]
[41.0, 8.0, 6.0, 50.0, 27.0, 32.0]
[12.0, 8.0, 12.0, 12.0, 31.4, 10.5]
[8.0, 12.0, 8.0, 8.0, 14.5, 16.0]
T = 0.40960000000000013	 step = 225
74.95000000000005
17.441846590909087
[15.0, 22.0, 39.0, 24.0, 20.0, 44.0]
[41.0, 8.0, 5.0, 50.0, 27.0, 32.0]
[12.0, 8.0, 12.0, 12.0, 31.4, 10.5]
[8.0, 12.0, 8.0, 8.0, 14.5, 16.0]
T = 0.40960000000000013	 step = 226
75.01000000000005
17.241846590909084
[15.0, 22.0, 39.0, 24.0, 20.0, 44.0]
[41.0, 9.0, 5.0, 50.0, 27.0, 32.0]
[12.0, 8.0, 12.0, 12.0, 31.4, 10.5]
[8.0, 12.0, 8.0, 8.0, 14.5, 16.0]
T = 0.40960000000000013	 step = 227
74.99000000000001
17.303778409090903
[14.0, 22.0, 39.0, 24.0, 20.0, 44.0]
[41.0, 9.0, 5.0, 50.0, 27.0, 32.0]
[12.0, 8.0, 12.0, 12.0, 31.4, 10.5]
[8.0, 12.0, 8.0, 8.0, 14.5, 16.0]
T = 0.40960000000000013	 step = 228
74.98000000000002
17.402073863636357
[14.0, 22.0, 39.0, 25.0, 20.0, 44.0]
[41.0, 9.0, 5.0, 50.0, 27.0, 32.0]
[12.0, 8.0, 12.0, 12.0, 31.4, 10.5]
[8.0, 12.0, 8.0, 8.0, 14.5, 16.0]
T = 0.40960000000000013	 step = 229
75.0
17.202073863636357
[14.0, 22.0, 39.0, 25.0, 20.0, 43.0]
[41.0, 9.0, 5.0, 50.0, 27.0, 32.0]
[12.0, 8.0, 12.0, 12.0, 31.4, 10.5]
[8.0, 12.0, 8.0, 8.0, 14.5, 16.0]
T = 0.40960000000000013	 step = 230
74.94
17.402073863636357
[14.0, 22.0, 39.0, 25.0, 20.0, 43.0]
[41.0, 8.0, 5.0, 50.0, 27.0, 32.0]
[12.0, 8.0, 12.0, 12.0, 31.4, 10.5]
[8.0, 12.0, 8.0, 8.0, 14.5, 16.0]
T = 0.40960000000000013	 step = 231
74.93
17.500369318181814
[14.0, 22.0, 39.0, 26.0, 20.0, 43.0]
[41.0, 8.0, 5.0, 50.0, 27.0, 32.0]
[12.0, 8.0, 12.0, 12.0, 31.4, 10.5]
[8.0, 12.0, 8.0, 8.0, 14.5, 16.0]
T = 0.40960000000000013	 step = 232
74.99000000000001
17.30036931818181
[14.0, 22.0, 39.0, 26.0, 20.0, 43.0]
[41.0, 9.0, 5.0, 50.0, 27.0, 32.0]
[12.0, 8.0, 12.0, 12.0, 31.4, 10.5]
[8.0, 12.0, 8.0, 8.0, 14.5, 16.0]
T = 0.40960000000000013	 step = 233
75.0
17.202073863636357
[14.0, 22.0, 39.0, 25.0, 20.0, 43.0]
[41.0, 9.0, 5.0, 50.0, 27.0, 32.0]
[12.0, 8.0, 12.0, 12.0, 31.4, 10.5]
[8.0, 12.0, 8.0, 8.0, 14.5, 16.0]
T = 0.40960000000000013	 step = 234
74.98000000000002
17.402073863636357
[14.0, 22.0, 39.0, 25.0, 20.0, 44.0]
[41.0, 9.0, 5.0, 50.0, 27.0, 32.0]
[12.0, 8.0, 12.0, 12.0, 31.4, 10.5]
[8.0, 12.0, 8.0, 8.0, 14.5, 16.0]
T = 0.40960000000000013	 step = 235
74.91000000000003
17.467397727272722
[14.0, 22.0, 39.0, 25.0, 20.0, 44.0]
[41.0, 9.0, 5.0, 50.0, 26.0, 32.0]
[12.0, 8.0, 12.0, 12.0, 31.4, 10.5]
[8.0, 12.0, 8.0, 8.0, 14.5, 16.0]
T = 0.40960000000000013	 step = 236
74.85000000000002
17.95148863636363
[14.0, 22.0, 39.0, 25.0, 19.0, 44.0]
[41.0, 9.0, 5.0, 50.0, 26.0, 32.0]
[12.0, 8.0, 12.0, 12.0, 31.4, 10.5]
[8.0, 12.0, 8.0, 8.0, 14.5, 16.0]
T = 0.40960000000000013	 step = 237
74.87
17.856034090909088
[14.0, 20.0, 39.0, 25.0, 19.0, 44.0]
[41.0, 9.0, 5.0, 50.0, 26.0, 32.0]
[12.0, 8.0, 12.0, 12.0, 31.4, 10.5]
[8.0, 12.0, 8.0, 8.0, 14.5, 16.0]
T = 0.40960000000000013	 step = 238
74.89000000000004
17.65603409090909
[14.0, 20.0, 39.0, 25.0, 19.0, 44.0]
[41.0, 9.0, 6.0, 50.0, 26.0, 32.0]
[12.0, 8.0, 12.0, 12.0, 31.4, 10.5]
[8.0, 12.0, 8.0, 8.0, 14.5, 16.0]
T = 0.40960000000000013	 step = 239
74.89000000000004
17.608306818181816
[14.0, 19.0, 39.0, 25.0, 19.0, 44.0]
[41.0, 9.0, 6.0, 50.0, 26.0, 32.0]
[12.0, 8.0, 12.0, 12.0, 31.4, 10.5]
[8.0, 12.0, 8.0, 8.0, 14.5, 16.0]
T = 0.40960000000000013	 step = 240
74.96000000000004
17.54298295454545
[14.0, 19.0, 39.0, 25.0, 19.0, 44.0]
[41.0, 9.0, 6.0, 50.0, 27.0, 32.0]
[12.0, 8.0, 12.0, 12.0, 31.4, 10.5]
[8.0, 12.0, 8.0, 8.0, 14.5, 16.0]
T = 0.40960000000000013	 step = 241
75.01000000000005
17.47650568181818
[14.0, 19.0, 39.0, 25.0, 19.0, 44.0]
[41.0, 9.0, 6.0, 50.0, 28.0, 32.0]
[12.0, 8.0, 12.0, 12.0, 31.4, 10.5]
[8.0, 12.0, 8.0, 8.0, 14.5, 16.0]
T = 0.40960000000000013	 step = 242
75.05000000000001
17.087869318181816
[14.0, 19.0, 39.0, 25.0, 20.0, 44.0]
[41.0, 9.0, 6.0, 50.0, 28.0, 32.0]
[12.0, 8.0, 12.0, 12.0, 31.4, 10.5]
[8.0, 12.0, 8.0, 8.0, 14.5, 16.0]
T = 0.40960000000000013	 step = 243
75.02000000000004
17.02139204545454
[14.0, 19.0, 39.0, 25.0, 20.0, 44.0]
[41.0, 9.0, 6.0, 50.0, 29.0, 32.0]
[12.0, 8.0, 12.0, 12.0, 31.4, 10.5]
[8.0, 12.0, 8.0, 8.0, 14.5, 16.0]
T = 0.40960000000000013	 step = 244
75.04000000000002
16.82139204545454
[14.0, 19.0, 39.0, 25.0, 20.0, 43.0]
[41.0, 9.0, 6.0, 50.0, 29.0, 32.0]
[12.0, 8.0, 12.0, 12.0, 31.4, 10.5]
[8.0, 12.0, 8.0, 8.0, 14.5, 16.0]
T = 0.40960000000000013	 step = 245
75.02000000000004
17.02139204545454
[14.0, 19.0, 39.0, 25.0, 20.0, 44.0]
[41.0, 9.0, 6.0, 50.0, 29.0, 32.0]
[12.0, 8.0, 12.0, 12.0, 31.4, 10.5]
[8.0, 12.0, 8.0, 8.0, 14.5, 16.0]
T = 0.40960000000000013	 step = 246
74.98000000000002
17.149088068181815
[13.0, 19.0, 39.0, 25.0, 20.0, 44.0]
[41.0, 9.0, 6.0, 50.0, 29.0, 32.0]
[12.0, 8.0, 12.0, 12.0, 31.4, 10.5]
[8.0, 12.0, 8.0, 8.0, 14.5, 16.0]
T = 0.40960000000000013	 step = 247
74.99000000000001
17.05079261363636
[13.0, 19.0, 39.0, 24.0, 20.0, 44.0]
[41.0, 9.0, 6.0, 50.0, 29.0, 32.0]
[12.0, 8.0, 12.0, 12.0, 31.4, 10.5]
[8.0, 12.0, 8.0, 8.0, 14.5, 16.0]
T = 0.40960000000000013	 step = 248
74.98000000000002
17.149088068181815
[13.0, 19.0, 39.0, 25.0, 20.0, 44.0]
[41.0, 9.0, 6.0, 50.0, 29.0, 32.0]
[12.0, 8.0, 12.0, 12.0, 31.4, 10.5]
[8.0, 12.0, 8.0, 8.0, 14.5, 16.0]
T = 0.40960000000000013	 step = 249
74.95000000000005
17.24738352272727
[12.0, 19.0, 39.0, 25.0, 20.0, 44.0]
[41.0, 9.0, 6.0, 50.0, 29.0, 32.0]
[12.0, 8.0, 12.0, 12.0, 31.4, 10.5]
[8.0, 12.0, 8.0, 8.0, 14.5, 16.0]
T = 0.40960000000000013	 step = 250
74.96000000000004
17.471960227272724
[13.0, 19.0, 39.0, 25.0, 19.0, 44.0]
[41.0, 9.0, 6.0, 50.0, 29.0, 32.0]
[12.0, 8.0, 12.0, 12.0, 31.4, 10.5]
[8.0, 12.0, 8.0, 8.0, 14.5, 16.0]
T = 0.40960000000000013	 step = 251
74.96000000000004
17.40548295454545
[13.0, 19.0, 39.0, 25.0, 19.0, 44.0]
[41.0, 9.0, 6.0, 50.0, 29.0, 31.0]
[12.0, 8.0, 12.0, 12.0, 31.4, 10.5]
[8.0, 12.0, 8.0, 8.0, 14.5, 16.0]
T = 0.40960000000000013	 step = 252
74.96000000000004
17.471960227272724
[13.0, 19.0, 39.0, 25.0, 19.0, 44.0]
[41.0, 9.0, 6.0, 50.0, 29.0, 32.0]
[12.0, 8.0, 12.0, 12.0, 31.4, 10.5]
[8.0, 12.0, 8.0, 8.0, 14.5, 16.0]
T = 0.40960000000000013	 step = 253
74.18
22.552247159090903
[41.0, 19.0, 39.0, 25.0, 19.0, 44.0]
[49.0, 9.0, 6.0, 50.0, 29.0, 32.0]
[12.0, 8.0, 12.0, 12.0, 31.4, 10.5]
[8.0, 12.0, 8.0, 8.0, 14.5, 16.0]
T = 0.40960000000000013	 step = 254
74.97000000000003
17.271960227272725
[13.0, 19.0, 38.0, 25.0, 19.0, 44.0]
[41.0, 9.0, 6.0, 50.0, 29.0, 32.0]
[12.0, 8.0, 12.0, 12.0, 31.4, 10.5]
[8.0, 12.0, 8.0, 8.0, 14.5, 16.0]
T = 0.40960000000000013	 step = 255
74.98000000000002
17.17366477272727
[13.0, 19.0, 38.0, 24.0, 19.0, 44.0]
[41.0, 9.0, 6.0, 50.0, 29.0, 32.0]
[12.0, 8.0, 12.0, 12.0, 31.4, 10.5]
[8.0, 12.0, 8.0, 8.0, 14.5, 16.0]
T = 0.40960000000000013	 step = 256
74.97000000000003
17.271960227272725
[13.0, 19.0, 38.0, 25.0, 19.0, 44.0]
[41.0, 9.0, 6.0, 50.0, 29.0, 32.0]
[12.0, 8.0, 12.0, 12.0, 31.4, 10.5]
[8.0, 12.0, 8.0, 8.0, 14.5, 16.0]
T = 0.40960000000000013	 step = 257
74.95000000000005
17.853178977272723
[13.0, 19.0, 38.0, 25.0, 18.0, 44.0]
[41.0, 9.0, 6.0, 50.0, 29.0, 32.0]
[12.0, 8.0, 12.0, 12.0, 31.4, 10.5]
[8.0, 12.0, 8.0, 8.0, 14.5, 16.0]
T = 0.40960000000000013	 step = 258
74.93
18.053178977272722
[13.0, 19.0, 38.0, 25.0, 18.0, 44.0]
[41.0, 9.0, 5.0, 50.0, 29.0, 32.0]
[12.0, 8.0, 12.0, 12.0, 31.4, 10.5]
[8.0, 12.0, 8.0, 8.0, 14.5, 16.0]
T = 0.40960000000000013	 step = 259
74.93
18.100906249999998
[13.0, 20.0, 38.0, 25.0, 18.0, 44.0]
[41.0, 9.0, 5.0, 50.0, 29.0, 32.0]
[12.0, 8.0, 12.0, 12.0, 31.4, 10.5]
[8.0, 12.0, 8.0, 8.0, 14.5, 16.0]
T = 0.40960000000000013	 step = 260
74.91000000000003
18.300906249999997
[13.0, 20.0, 39.0, 25.0, 18.0, 44.0]
[41.0, 9.0, 5.0, 50.0, 29.0, 32.0]
[12.0, 8.0, 12.0, 12.0, 31.4, 10.5]
[8.0, 12.0, 8.0, 8.0, 14.5, 16.0]
T = 0.40960000000000013	 step = 261
74.93
18.105482954545455
[13.0, 20.0, 39.0, 24.0, 18.0, 44.0]
[41.0, 9.0, 5.0, 50.0, 29.0, 32.0]
[12.0, 8.0, 12.0, 12.0, 31.4, 10.5]
[8.0, 12.0, 8.0, 8.0, 14.5, 16.0]
T = 0.40960000000000013	 step = 262
74.93
18.05775568181818
[13.0, 19.0, 39.0, 24.0, 18.0, 44.0]
[41.0, 9.0, 5.0, 50.0, 29.0, 32.0]
[12.0, 8.0, 12.0, 12.0, 31.4, 10.5]
[8.0, 12.0, 8.0, 8.0, 14.5, 16.0]
T = 0.40960000000000013	 step = 263
74.92000000000002
18.253178977272725
[13.0, 19.0, 39.0, 25.0, 18.0, 44.0]
[41.0, 9.0, 5.0, 50.0, 29.0, 32.0]
[12.0, 8.0, 12.0, 12.0, 31.4, 10.5]
[8.0, 12.0, 8.0, 8.0, 14.5, 16.0]
T = 0.40960000000000013	 step = 264
74.94
18.053178977272722
[13.0, 19.0, 39.0, 25.0, 18.0, 43.0]
[41.0, 9.0, 5.0, 50.0, 29.0, 32.0]
[12.0, 8.0, 12.0, 12.0, 31.4, 10.5]
[8.0, 12.0, 8.0, 8.0, 14.5, 16.0]
T = 0.40960000000000013	 step = 265
74.92000000000002
18.253178977272725
[13.0, 19.0, 39.0, 25.0, 18.0, 44.0]
[41.0, 9.0, 5.0, 50.0, 29.0, 32.0]
[12.0, 8.0, 12.0, 12.0, 31.4, 10.5]
[8.0, 12.0, 8.0, 8.0, 14.5, 16.0]
T = 0.40960000000000013	 step = 266
74.94
18.053178977272722
[13.0, 19.0, 39.0, 25.0, 18.0, 44.0]
[41.0, 9.0, 6.0, 50.0, 29.0, 32.0]
[12.0, 8.0, 12.0, 12.0, 31.4, 10.5]
[8.0, 12.0, 8.0, 8.0, 14.5, 16.0]
T = 0.40960000000000013	 step = 267
75.09000000000003
16.453178977272724
[13.0, 19.0, 40.0, 25.0, 18.0, 44.0]
[41.0, 9.0, 15.0, 50.0, 29.0, 32.0]
[12.0, 8.0, 8.0, 12.0, 31.4, 10.5]
[8.0, 12.0, 12.0, 8.0, 14.5, 16.0]
T = 0.40960000000000013	 step = 268
75.09000000000003
16.405451704545452
[13.0, 18.0, 40.0, 25.0, 18.0, 44.0]
[41.0, 9.0, 15.0, 50.0, 29.0, 32.0]
[12.0, 8.0, 8.0, 12.0, 31.4, 10.5]
[8.0, 12.0, 12.0, 8.0, 14.5, 16.0]
T = 0.40960000000000013	 step = 269
75.09000000000003
16.453178977272724
[13.0, 17.0, 40.0, 25.0, 18.0, 44.0]
[41.0, 9.0, 15.0, 50.0, 29.0, 32.0]
[12.0, 8.0, 8.0, 12.0, 31.4, 10.5]
[8.0, 12.0, 12.0, 8.0, 14.5, 16.0]
T = 0.40960000000000013	 step = 270
75.12
16.253178977272725
[13.0, 17.0, 39.0, 25.0, 18.0, 44.0]
[41.0, 9.0, 15.0, 50.0, 29.0, 32.0]
[12.0, 8.0, 8.0, 12.0, 31.4, 10.5]
[8.0, 12.0, 12.0, 8.0, 14.5, 16.0]
T = 0.40960000000000013	 step = 271
75.15000000000003
15.76741477272727
[13.0, 17.0, 39.0, 25.0, 19.0, 44.0]
[41.0, 9.0, 15.0, 50.0, 29.0, 32.0]
[12.0, 8.0, 8.0, 12.0, 31.4, 10.5]
[8.0, 12.0, 12.0, 8.0, 14.5, 16.0]
T = 0.40960000000000013	 step = 272
75.12
16.253178977272725
[13.0, 17.0, 39.0, 25.0, 18.0, 44.0]
[41.0, 9.0, 15.0, 50.0, 29.0, 32.0]
[12.0, 8.0, 8.0, 12.0, 31.4, 10.5]
[8.0, 12.0, 12.0, 8.0, 14.5, 16.0]
T = 0.40960000000000013	 step = 273
75.15000000000003
16.053178977272722
[13.0, 17.0, 38.0, 25.0, 18.0, 44.0]
[41.0, 9.0, 15.0, 50.0, 29.0, 32.0]
[12.0, 8.0, 8.0, 12.0, 31.4, 10.5]
[8.0, 12.0, 12.0, 8.0, 14.5, 16.0]
T = 0.40960000000000013	 step = 274
75.14000000000004
16.119656249999995
[13.0, 17.0, 38.0, 25.0, 18.0, 44.0]
[41.0, 9.0, 15.0, 50.0, 29.0, 33.0]
[12.0, 8.0, 8.0, 12.0, 31.4, 10.5]
[8.0, 12.0, 12.0, 8.0, 14.5, 16.0]
T = 0.40960000000000013	 step = 275
75.24000000000001
15.522349431818178
[13.0, 17.0, 33.0, 25.0, 18.0, 44.0]
[41.0, 9.0, 13.0, 50.0, 29.0, 33.0]
[12.0, 8.0, 12.0, 12.0, 31.4, 10.5]
[8.0, 12.0, 8.0, 8.0, 14.5, 16.0]
T = 0.40960000000000013	 step = 276
75.22000000000003
15.719656249999996
[13.0, 17.0, 34.0, 25.0, 18.0, 44.0]
[41.0, 9.0, 13.0, 50.0, 29.0, 33.0]
[12.0, 8.0, 12.0, 12.0, 31.4, 10.5]
[8.0, 12.0, 8.0, 8.0, 14.5, 16.0]
T = 0.32768000000000014	 step = 277
75.23000000000002
15.524232954545448
[13.0, 17.0, 34.0, 24.0, 18.0, 44.0]
[41.0, 9.0, 13.0, 50.0, 29.0, 33.0]
[12.0, 8.0, 12.0, 12.0, 31.4, 10.5]
[8.0, 12.0, 8.0, 8.0, 14.5, 16.0]
T = 0.32768000000000014	 step = 278
75.22000000000003
15.719656249999996
[13.0, 17.0, 34.0, 25.0, 18.0, 44.0]
[41.0, 9.0, 13.0, 50.0, 29.0, 33.0]
[12.0, 8.0, 12.0, 12.0, 31.4, 10.5]
[8.0, 12.0, 8.0, 8.0, 14.5, 16.0]
T = 0.32768000000000014	 step = 279
75.20000000000005
15.919656249999997
[13.0, 17.0, 34.0, 25.0, 18.0, 45.0]
[41.0, 9.0, 13.0, 50.0, 29.0, 33.0]
[12.0, 8.0, 12.0, 12.0, 31.4, 10.5]
[8.0, 12.0, 8.0, 8.0, 14.5, 16.0]
T = 0.32768000000000014	 step = 280
75.22000000000003
15.719656249999996
[13.0, 17.0, 34.0, 25.0, 18.0, 44.0]
[41.0, 9.0, 13.0, 50.0, 29.0, 33.0]
[12.0, 8.0, 12.0, 12.0, 31.4, 10.5]
[8.0, 12.0, 8.0, 8.0, 14.5, 16.0]
T = 0.32768000000000014	 step = 281
75.27000000000004
15.519656249999997
[13.0, 17.0, 34.0, 25.0, 18.0, 44.0]
[41.0, 10.0, 13.0, 50.0, 29.0, 33.0]
[12.0, 8.0, 12.0, 12.0, 31.4, 10.5]
[8.0, 12.0, 8.0, 8.0, 14.5, 16.0]
T = 0.32768000000000014	 step = 282
75.25
15.719656249999996
[13.0, 17.0, 34.0, 25.0, 18.0, 45.0]
[41.0, 10.0, 13.0, 50.0, 29.0, 33.0]
[12.0, 8.0, 12.0, 12.0, 31.4, 10.5]
[8.0, 12.0, 8.0, 8.0, 14.5, 16.0]
T = 0.32768000000000014	 step = 283
75.25
15.786133522727269
[13.0, 17.0, 34.0, 25.0, 18.0, 45.0]
[41.0, 10.0, 13.0, 50.0, 29.0, 34.0]
[12.0, 8.0, 12.0, 12.0, 31.4, 10.5]
[8.0, 12.0, 8.0, 8.0, 14.5, 16.0]
T = 0.32768000000000014	 step = 284
75.29000000000002
15.851457386363634
[13.0, 17.0, 34.0, 25.0, 18.0, 45.0]
[41.0, 10.0, 13.0, 50.0, 28.0, 34.0]
[12.0, 8.0, 12.0, 12.0, 31.4, 10.5]
[8.0, 12.0, 8.0, 8.0, 14.5, 16.0]
T = 0.32768000000000014	 step = 285
75.30000000000001
15.656034090909088
[13.0, 17.0, 34.0, 24.0, 18.0, 45.0]
[41.0, 10.0, 13.0, 50.0, 28.0, 34.0]
[12.0, 8.0, 12.0, 12.0, 31.4, 10.5]
[8.0, 12.0, 8.0, 8.0, 14.5, 16.0]
T = 0.32768000000000014	 step = 286
75.33000000000004
15.456034090909089
[13.0, 17.0, 34.0, 24.0, 18.0, 45.0]
[41.0, 10.0, 14.0, 50.0, 28.0, 34.0]
[12.0, 8.0, 12.0, 12.0, 31.4, 10.5]
[8.0, 12.0, 8.0, 8.0, 14.5, 16.0]
T = 0.32768000000000014	 step = 287
75.30000000000001
15.656034090909088
[13.0, 17.0, 34.0, 24.0, 18.0, 45.0]
[41.0, 10.0, 13.0, 50.0, 28.0, 34.0]
[12.0, 8.0, 12.0, 12.0, 31.4, 10.5]
[8.0, 12.0, 8.0, 8.0, 14.5, 16.0]
T = 0.32768000000000014	 step = 288
75.29000000000002
15.851457386363634
[13.0, 17.0, 34.0, 25.0, 18.0, 45.0]
[41.0, 10.0, 13.0, 50.0, 28.0, 34.0]
[12.0, 8.0, 12.0, 12.0, 31.4, 10.5]
[8.0, 12.0, 8.0, 8.0, 14.5, 16.0]
T = 0.32768000000000014	 step = 289
75.31
15.789525568181816
[14.0, 17.0, 34.0, 25.0, 18.0, 45.0]
[41.0, 10.0, 13.0, 50.0, 28.0, 34.0]
[12.0, 8.0, 12.0, 12.0, 31.4, 10.5]
[8.0, 12.0, 8.0, 8.0, 14.5, 16.0]
T = 0.32768000000000014	 step = 290
75.31
15.741798295454542
[14.0, 18.0, 34.0, 25.0, 18.0, 45.0]
[41.0, 10.0, 13.0, 50.0, 28.0, 34.0]
[12.0, 8.0, 12.0, 12.0, 31.4, 10.5]
[8.0, 12.0, 8.0, 8.0, 14.5, 16.0]
T = 0.32768000000000014	 step = 291
75.31
15.789525568181816
[14.0, 17.0, 34.0, 25.0, 18.0, 45.0]
[41.0, 10.0, 13.0, 50.0, 28.0, 34.0]
[12.0, 8.0, 12.0, 12.0, 31.4, 10.5]
[8.0, 12.0, 8.0, 8.0, 14.5, 16.0]
T = 0.32768000000000014	 step = 292
75.34000000000003
15.592218749999999
[14.0, 17.0, 33.0, 25.0, 18.0, 45.0]
[41.0, 10.0, 13.0, 50.0, 28.0, 34.0]
[12.0, 8.0, 12.0, 12.0, 31.4, 10.5]
[8.0, 12.0, 8.0, 8.0, 14.5, 16.0]
T = 0.32768000000000014	 step = 293
75.33000000000004
15.792218749999998
[14.0, 17.0, 33.0, 26.0, 18.0, 45.0]
[41.0, 10.0, 13.0, 50.0, 28.0, 34.0]
[12.0, 8.0, 12.0, 12.0, 31.4, 10.5]
[8.0, 12.0, 8.0, 8.0, 14.5, 16.0]
T = 0.32768000000000014	 step = 294
75.31
15.992218749999997
[14.0, 17.0, 33.0, 27.0, 18.0, 45.0]
[41.0, 10.0, 13.0, 50.0, 28.0, 34.0]
[12.0, 8.0, 12.0, 12.0, 31.4, 10.5]
[8.0, 12.0, 8.0, 8.0, 14.5, 16.0]
T = 0.32768000000000014	 step = 295
75.31
16.03994602272727
[14.0, 16.0, 33.0, 27.0, 18.0, 45.0]
[41.0, 10.0, 13.0, 50.0, 28.0, 34.0]
[12.0, 8.0, 12.0, 12.0, 31.4, 10.5]
[8.0, 12.0, 8.0, 8.0, 14.5, 16.0]
T = 0.32768000000000014	 step = 296
75.28000000000003
16.073468749999996
[14.0, 16.0, 33.0, 27.0, 18.0, 45.0]
[41.0, 10.0, 13.0, 50.0, 27.0, 34.0]
[12.0, 8.0, 12.0, 12.0, 31.4, 10.5]
[8.0, 12.0, 8.0, 8.0, 14.5, 16.0]
T = 0.32768000000000014	 step = 297
75.22000000000003
16.128741477272726
[14.0, 16.0, 33.0, 27.0, 18.0, 45.0]
[41.0, 10.0, 13.0, 50.0, 26.0, 34.0]
[12.0, 8.0, 12.0, 12.0, 31.4, 10.5]
[8.0, 12.0, 8.0, 8.0, 14.5, 16.0]
T = 0.32768000000000014	 step = 298
75.21000000000004
16.328741477272725
[14.0, 16.0, 33.0, 28.0, 18.0, 45.0]
[41.0, 10.0, 13.0, 50.0, 26.0, 34.0]
[12.0, 8.0, 12.0, 12.0, 31.4, 10.5]
[8.0, 12.0, 8.0, 8.0, 14.5, 16.0]
T = 0.32768000000000014	 step = 299
75.23000000000002
16.128741477272726
[14.0, 16.0, 33.0, 28.0, 18.0, 44.0]
[41.0, 10.0, 13.0, 50.0, 26.0, 34.0]
[12.0, 8.0, 12.0, 12.0, 31.4, 10.5]
[8.0, 12.0, 8.0, 8.0, 14.5, 16.0]
T = 0.32768000000000014	 step = 300
75.24000000000001
15.928741477272725
[14.0, 16.0, 33.0, 27.0, 18.0, 44.0]
[41.0, 10.0, 13.0, 50.0, 26.0, 34.0]
[12.0, 8.0, 12.0, 12.0, 31.4, 10.5]
[8.0, 12.0, 8.0, 8.0, 14.5, 16.0]
T = 0.32768000000000014	 step = 301
75.28000000000003
15.439116477272723
[14.0, 16.0, 33.0, 27.0, 19.0, 44.0]
[41.0, 10.0, 13.0, 50.0, 26.0, 34.0]
[12.0, 8.0, 12.0, 12.0, 31.4, 10.5]
[8.0, 12.0, 8.0, 8.0, 14.5, 16.0]
T = 0.32768000000000014	 step = 302
75.32000000000005
15.239116477272724
[14.0, 16.0, 32.0, 27.0, 19.0, 44.0]
[41.0, 10.0, 13.0, 50.0, 26.0, 34.0]
[12.0, 8.0, 12.0, 12.0, 31.4, 10.5]
[8.0, 12.0, 8.0, 8.0, 14.5, 16.0]
T = 0.32768000000000014	 step = 303
75.28000000000003
15.729457386363633
[14.0, 16.0, 32.0, 27.0, 18.0, 44.0]
[41.0, 10.0, 13.0, 50.0, 26.0, 34.0]
[12.0, 8.0, 12.0, 12.0, 31.4, 10.5]
[8.0, 12.0, 8.0, 8.0, 14.5, 16.0]
T = 0.32768000000000014	 step = 304
75.28000000000003
15.92344886363636
[14.0, 16.0, 32.0, 27.0, 18.0, 44.0]
[41.0, 10.0, 13.0, 50.0, 26.0, 35.0]
[12.0, 8.0, 12.0, 12.0, 31.4, 10.5]
[8.0, 12.0, 8.0, 8.0, 14.5, 16.0]
T = 0.32768000000000014	 step = 305
75.29000000000002
15.72344886363636
[14.0, 16.0, 32.0, 27.0, 18.0, 43.0]
[41.0, 10.0, 13.0, 50.0, 26.0, 35.0]
[12.0, 8.0, 12.0, 12.0, 31.4, 10.5]
[8.0, 12.0, 8.0, 8.0, 14.5, 16.0]
T = 0.32768000000000014	 step = 306
75.25
16.21307386363636
[14.0, 16.0, 32.0, 27.0, 17.0, 43.0]
[41.0, 10.0, 13.0, 50.0, 26.0, 35.0]
[12.0, 8.0, 12.0, 12.0, 31.4, 10.5]
[8.0, 12.0, 8.0, 8.0, 14.5, 16.0]
T = 0.32768000000000014	 step = 307
75.32000000000005
16.01307386363636
[14.0, 16.0, 32.0, 27.0, 17.0, 43.0]
[41.0, 11.0, 13.0, 50.0, 26.0, 35.0]
[12.0, 8.0, 12.0, 12.0, 31.4, 10.5]
[8.0, 12.0, 8.0, 8.0, 14.5, 16.0]
T = 0.32768000000000014	 step = 308
75.29000000000002
16.21038068181818
[14.0, 16.0, 33.0, 27.0, 17.0, 43.0]
[41.0, 11.0, 13.0, 50.0, 26.0, 35.0]
[12.0, 8.0, 12.0, 12.0, 31.4, 10.5]
[8.0, 12.0, 8.0, 8.0, 14.5, 16.0]
T = 0.32768000000000014	 step = 309
75.32000000000005
16.01038068181818
[14.0, 16.0, 33.0, 27.0, 17.0, 43.0]
[41.0, 11.0, 13.0, 49.0, 26.0, 35.0]
[12.0, 8.0, 12.0, 12.0, 31.4, 10.5]
[8.0, 12.0, 8.0, 8.0, 14.5, 16.0]
T = 0.32768000000000014	 step = 310
75.39000000000004
15.81038068181818
[14.0, 16.0, 33.0, 27.0, 17.0, 43.0]
[40.0, 11.0, 13.0, 49.0, 26.0, 35.0]
[12.0, 8.0, 12.0, 12.0, 31.4, 10.5]
[8.0, 12.0, 8.0, 8.0, 14.5, 16.0]
T = 0.32768000000000014	 step = 311
74.98000000000002
17.472397727272725
[14.0, 5.0, 33.0, 27.0, 17.0, 43.0]
[40.0, 8.0, 13.0, 49.0, 26.0, 35.0]
[12.0, 8.0, 12.0, 12.0, 31.4, 10.5]
[8.0, 12.0, 8.0, 8.0, 14.5, 16.0]
T = 0.32768000000000014	 step = 312
75.37
15.872312499999998
[13.0, 16.0, 33.0, 27.0, 17.0, 43.0]
[40.0, 11.0, 13.0, 49.0, 26.0, 35.0]
[12.0, 8.0, 12.0, 12.0, 31.4, 10.5]
[8.0, 12.0, 8.0, 8.0, 14.5, 16.0]
T = 0.32768000000000014	 step = 313
75.39000000000004
15.81038068181818
[14.0, 16.0, 33.0, 27.0, 17.0, 43.0]
[40.0, 11.0, 13.0, 49.0, 26.0, 35.0]
[12.0, 8.0, 12.0, 12.0, 31.4, 10.5]
[8.0, 12.0, 8.0, 8.0, 14.5, 16.0]
T = 0.32768000000000014	 step = 314
75.42000000000002
15.61038068181818
[14.0, 16.0, 33.0, 27.0, 17.0, 43.0]
[40.0, 11.0, 14.0, 49.0, 26.0, 35.0]
[12.0, 8.0, 12.0, 12.0, 31.4, 10.5]
[8.0, 12.0, 8.0, 8.0, 14.5, 16.0]
T = 0.32768000000000014	 step = 315
75.40000000000003
15.672312499999999
[13.0, 16.0, 33.0, 27.0, 17.0, 43.0]
[40.0, 11.0, 14.0, 49.0, 26.0, 35.0]
[12.0, 8.0, 12.0, 12.0, 31.4, 10.5]
[8.0, 12.0, 8.0, 8.0, 14.5, 16.0]
T = 0.32768000000000014	 step = 316
75.39000000000004
15.72003977272727
[13.0, 15.0, 33.0, 27.0, 17.0, 43.0]
[40.0, 11.0, 14.0, 49.0, 26.0, 35.0]
[12.0, 8.0, 12.0, 12.0, 31.4, 10.5]
[8.0, 12.0, 8.0, 8.0, 14.5, 16.0]
T = 0.32768000000000014	 step = 317
75.38
15.920039772727272
[13.0, 15.0, 33.0, 27.0, 17.0, 44.0]
[40.0, 11.0, 14.0, 49.0, 26.0, 35.0]
[12.0, 8.0, 12.0, 12.0, 31.4, 10.5]
[8.0, 12.0, 8.0, 8.0, 14.5, 16.0]
T = 0.32768000000000014	 step = 318
75.32000000000005
15.920039772727272
[13.0, 15.0, 33.0, 27.0, 17.0, 43.0]
[40.0, 10.0, 14.0, 49.0, 26.0, 35.0]
[12.0, 8.0, 12.0, 12.0, 31.4, 10.5]
[8.0, 12.0, 8.0, 8.0, 14.5, 16.0]
T = 0.32768000000000014	 step = 319
75.36000000000001
15.432392045454543
[13.0, 15.0, 33.0, 27.0, 18.0, 43.0]
[40.0, 10.0, 14.0, 49.0, 26.0, 35.0]
[12.0, 8.0, 12.0, 12.0, 31.4, 10.5]
[8.0, 12.0, 8.0, 8.0, 14.5, 16.0]
T = 0.32768000000000014	 step = 320
74.58000000000004
22.058769886363635
[47.0, 15.0, 33.0, 27.0, 18.0, 43.0]
[6.0, 10.0, 14.0, 49.0, 26.0, 35.0]
[12.0, 8.0, 12.0, 12.0, 31.4, 10.5]
[8.0, 12.0, 8.0, 8.0, 14.5, 16.0]
T = 0.32768000000000014	 step = 321
75.35000000000002
15.632392045454543
[13.0, 15.0, 33.0, 27.0, 18.0, 43.0]
[40.0, 10.0, 14.0, 49.0, 26.0, 36.0]
[12.0, 8.0, 12.0, 12.0, 31.4, 10.5]
[8.0, 12.0, 8.0, 8.0, 14.5, 16.0]
T = 0.32768000000000014	 step = 322
75.38
15.142767045454542
[13.0, 15.0, 33.0, 27.0, 19.0, 43.0]
[40.0, 10.0, 14.0, 49.0, 26.0, 36.0]
[12.0, 8.0, 12.0, 12.0, 31.4, 10.5]
[8.0, 12.0, 8.0, 8.0, 14.5, 16.0]
T = 0.32768000000000014	 step = 323
75.35000000000002
15.342767045454542
[13.0, 15.0, 33.0, 27.0, 19.0, 43.0]
[40.0, 10.0, 13.0, 49.0, 26.0, 36.0]
[12.0, 8.0, 12.0, 12.0, 31.4, 10.5]
[8.0, 12.0, 8.0, 8.0, 14.5, 16.0]
T = 0.32768000000000014	 step = 324
75.33000000000004
15.535914772727269
[13.0, 14.0, 33.0, 27.0, 19.0, 43.0]
[40.0, 10.0, 13.0, 49.0, 26.0, 36.0]
[12.0, 8.0, 12.0, 12.0, 31.4, 10.5]
[8.0, 12.0, 8.0, 8.0, 14.5, 16.0]
T = 0.32768000000000014	 step = 325
75.34000000000003
15.335914772727268
[13.0, 14.0, 33.0, 27.0, 19.0, 42.0]
[40.0, 10.0, 13.0, 49.0, 26.0, 36.0]
[12.0, 8.0, 12.0, 12.0, 31.4, 10.5]
[8.0, 12.0, 8.0, 8.0, 14.5, 16.0]
T = 0.32768000000000014	 step = 326
75.31
15.535914772727269
[13.0, 14.0, 33.0, 27.0, 19.0, 42.0]
[40.0, 10.0, 12.0, 49.0, 26.0, 36.0]
[12.0, 8.0, 12.0, 12.0, 31.4, 10.5]
[8.0, 12.0, 8.0, 8.0, 14.5, 16.0]
T = 0.32768000000000014	 step = 327
75.27000000000004
15.735914772727268
[13.0, 14.0, 33.0, 27.0, 19.0, 42.0]
[40.0, 10.0, 12.0, 50.0, 26.0, 36.0]
[12.0, 8.0, 12.0, 12.0, 31.4, 10.5]
[8.0, 12.0, 8.0, 8.0, 14.5, 16.0]
T = 0.32768000000000014	 step = 328
75.31
15.535914772727269
[13.0, 14.0, 33.0, 27.0, 19.0, 42.0]
[40.0, 10.0, 12.0, 49.0, 26.0, 36.0]
[12.0, 8.0, 12.0, 12.0, 31.4, 10.5]
[8.0, 12.0, 8.0, 8.0, 14.5, 16.0]
T = 0.32768000000000014	 step = 329
75.28000000000003
15.735914772727268
[13.0, 13.0, 33.0, 27.0, 19.0, 42.0]
[40.0, 10.0, 12.0, 49.0, 26.0, 36.0]
[12.0, 8.0, 12.0, 12.0, 31.4, 10.5]
[8.0, 12.0, 8.0, 8.0, 14.5, 16.0]
T = 0.32768000000000014	 step = 330
75.31
15.461974431818177
[13.0, 13.0, 33.0, 27.0, 20.0, 42.0]
[40.0, 10.0, 12.0, 49.0, 26.0, 36.0]
[12.0, 8.0, 12.0, 12.0, 31.4, 10.5]
[8.0, 12.0, 8.0, 8.0, 14.5, 16.0]
T = 0.32768000000000014	 step = 331
75.31
15.661974431818178
[13.0, 13.0, 33.0, 27.0, 20.0, 42.0]
[40.0, 10.0, 12.0, 49.0, 26.0, 37.0]
[12.0, 8.0, 12.0, 12.0, 31.4, 10.5]
[8.0, 12.0, 8.0, 8.0, 14.5, 16.0]
T = 0.2621440000000001	 step = 332
75.32000000000005
15.466551136363632
[13.0, 13.0, 33.0, 26.0, 20.0, 42.0]
[40.0, 10.0, 12.0, 49.0, 26.0, 37.0]
[12.0, 8.0, 12.0, 12.0, 31.4, 10.5]
[8.0, 12.0, 8.0, 8.0, 14.5, 16.0]
T = 0.2621440000000001	 step = 333
75.28000000000003
15.666551136363632
[13.0, 13.0, 33.0, 26.0, 20.0, 42.0]
[40.0, 10.0, 12.0, 50.0, 26.0, 37.0]
[12.0, 8.0, 12.0, 12.0, 31.4, 10.5]
[8.0, 12.0, 8.0, 8.0, 14.5, 16.0]
T = 0.2621440000000001	 step = 334
75.25
15.764846590909086
[12.0, 13.0, 33.0, 26.0, 20.0, 42.0]
[40.0, 10.0, 12.0, 50.0, 26.0, 37.0]
[12.0, 8.0, 12.0, 12.0, 31.4, 10.5]
[8.0, 12.0, 8.0, 8.0, 14.5, 16.0]
T = 0.2621440000000001	 step = 335
75.23000000000002
15.964846590909085
[12.0, 13.0, 33.0, 26.0, 20.0, 43.0]
[40.0, 10.0, 12.0, 50.0, 26.0, 37.0]
[12.0, 8.0, 12.0, 12.0, 31.4, 10.5]
[8.0, 12.0, 8.0, 8.0, 14.5, 16.0]
T = 0.2621440000000001	 step = 336
75.23000000000002
16.160269886363633
[12.0, 13.0, 33.0, 27.0, 20.0, 43.0]
[40.0, 10.0, 12.0, 50.0, 26.0, 37.0]
[12.0, 8.0, 12.0, 12.0, 31.4, 10.5]
[8.0, 12.0, 8.0, 8.0, 14.5, 16.0]
T = 0.2621440000000001	 step = 337
75.24000000000001
15.462346590909089
[12.0, 13.0, 33.0, 27.0, 20.0, 45.0]
[40.0, 10.0, 12.0, 50.0, 26.0, 27.0]
[12.0, 8.0, 12.0, 12.0, 31.4, 16.0]
[8.0, 12.0, 8.0, 8.0, 14.5, 10.5]
T = 0.2621440000000001	 step = 338
75.27000000000004
15.26575568181818
[12.0, 14.0, 33.0, 27.0, 20.0, 45.0]
[40.0, 10.0, 12.0, 50.0, 26.0, 27.0]
[12.0, 8.0, 12.0, 12.0, 31.4, 16.0]
[8.0, 12.0, 8.0, 8.0, 14.5, 10.5]
T = 0.2621440000000001	 step = 339
75.21000000000004
15.465755681818177
[12.0, 14.0, 33.0, 27.0, 20.0, 45.0]
[40.0, 9.0, 12.0, 50.0, 26.0, 27.0]
[12.0, 8.0, 12.0, 12.0, 31.4, 16.0]
[8.0, 12.0, 8.0, 8.0, 14.5, 10.5]
T = 0.2621440000000001	 step = 340
75.18
15.665755681818178
[12.0, 14.0, 33.0, 27.0, 20.0, 45.0]
[40.0, 9.0, 11.0, 50.0, 26.0, 27.0]
[12.0, 8.0, 12.0, 12.0, 31.4, 16.0]
[8.0, 12.0, 8.0, 8.0, 14.5, 10.5]
T = 0.2621440000000001	 step = 341
75.23000000000002
15.698142045454544
[12.0, 14.0, 33.0, 27.0, 20.0, 45.0]
[40.0, 9.0, 11.0, 50.0, 27.0, 27.0]
[12.0, 8.0, 12.0, 12.0, 31.4, 16.0]
[8.0, 12.0, 8.0, 8.0, 14.5, 10.5]
T = 0.2621440000000001	 step = 342
75.19
15.796437499999998
[11.0, 14.0, 33.0, 27.0, 20.0, 45.0]
[40.0, 9.0, 11.0, 50.0, 27.0, 27.0]
[12.0, 8.0, 12.0, 12.0, 31.4, 16.0]
[8.0, 12.0, 8.0, 8.0, 14.5, 10.5]
T = 0.2621440000000001	 step = 343
75.19
15.764051136363632
[11.0, 14.0, 33.0, 27.0, 20.0, 45.0]
[40.0, 9.0, 11.0, 50.0, 27.0, 28.0]
[12.0, 8.0, 12.0, 12.0, 31.4, 16.0]
[8.0, 12.0, 8.0, 8.0, 14.5, 10.5]
T = 0.2621440000000001	 step = 344
75.14000000000004
15.964051136363633
[11.0, 14.0, 33.0, 27.0, 20.0, 45.0]
[41.0, 9.0, 11.0, 50.0, 27.0, 28.0]
[12.0, 8.0, 12.0, 12.0, 31.4, 16.0]
[8.0, 12.0, 8.0, 8.0, 14.5, 10.5]
T = 0.2621440000000001	 step = 345
75.18
15.764051136363632
[11.0, 14.0, 33.0, 27.0, 20.0, 45.0]
[41.0, 9.0, 12.0, 50.0, 27.0, 28.0]
[12.0, 8.0, 12.0, 12.0, 31.4, 16.0]
[8.0, 12.0, 8.0, 8.0, 14.5, 10.5]
T = 0.2621440000000001	 step = 346
75.15000000000003
15.964051136363633
[11.0, 14.0, 33.0, 27.0, 20.0, 46.0]
[41.0, 9.0, 12.0, 50.0, 27.0, 28.0]
[12.0, 8.0, 12.0, 12.0, 31.4, 16.0]
[8.0, 12.0, 8.0, 8.0, 14.5, 10.5]
T = 0.2621440000000001	 step = 347
75.13
16.16064204545454
[11.0, 13.0, 33.0, 27.0, 20.0, 46.0]
[41.0, 9.0, 12.0, 50.0, 27.0, 28.0]
[12.0, 8.0, 12.0, 12.0, 31.4, 16.0]
[8.0, 12.0, 8.0, 8.0, 14.5, 10.5]
T = 0.2621440000000001	 step = 348
75.16000000000003
16.062346590909087
[12.0, 13.0, 33.0, 27.0, 20.0, 46.0]
[41.0, 9.0, 12.0, 50.0, 27.0, 28.0]
[12.0, 8.0, 12.0, 12.0, 31.4, 16.0]
[8.0, 12.0, 8.0, 8.0, 14.5, 10.5]
T = 0.2621440000000001	 step = 349
75.17000000000002
16.09473295454545
[12.0, 13.0, 33.0, 27.0, 20.0, 46.0]
[41.0, 9.0, 12.0, 50.0, 27.0, 27.0]
[12.0, 8.0, 12.0, 12.0, 31.4, 16.0]
[8.0, 12.0, 8.0, 8.0, 14.5, 10.5]
T = 0.2621440000000001	 step = 350
75.18
15.899309659090905
[12.0, 13.0, 33.0, 26.0, 20.0, 46.0]
[41.0, 9.0, 12.0, 50.0, 27.0, 27.0]
[12.0, 8.0, 12.0, 12.0, 31.4, 16.0]
[8.0, 12.0, 8.0, 8.0, 14.5, 10.5]
T = 0.2621440000000001	 step = 351
75.17000000000002
15.627446022727268
[12.0, 13.0, 33.0, 26.0, 21.0, 46.0]
[41.0, 9.0, 12.0, 50.0, 27.0, 27.0]
[12.0, 8.0, 12.0, 12.0, 31.4, 16.0]
[8.0, 12.0, 8.0, 8.0, 14.5, 10.5]
T = 0.2621440000000001	 step = 352
75.17000000000002
15.595059659090905
[12.0, 13.0, 33.0, 26.0, 21.0, 46.0]
[41.0, 9.0, 12.0, 50.0, 27.0, 28.0]
[12.0, 8.0, 12.0, 12.0, 31.4, 16.0]
[8.0, 12.0, 8.0, 8.0, 14.5, 10.5]
T = 0.2621440000000001	 step = 353
75.12
15.795059659090905
[12.0, 13.0, 33.0, 26.0, 21.0, 46.0]
[41.0, 8.0, 12.0, 50.0, 27.0, 28.0]
[12.0, 8.0, 12.0, 12.0, 31.4, 16.0]
[8.0, 12.0, 8.0, 8.0, 14.5, 10.5]
T = 0.2621440000000001	 step = 354
75.12
15.827446022727269
[12.0, 13.0, 33.0, 26.0, 21.0, 46.0]
[41.0, 8.0, 12.0, 50.0, 27.0, 27.0]
[12.0, 8.0, 12.0, 12.0, 31.4, 16.0]
[8.0, 12.0, 8.0, 8.0, 14.5, 10.5]
T = 0.2621440000000001	 step = 355
75.15000000000003
15.627446022727268
[12.0, 13.0, 32.0, 26.0, 21.0, 46.0]
[41.0, 8.0, 12.0, 50.0, 27.0, 27.0]
[12.0, 8.0, 12.0, 12.0, 31.4, 16.0]
[8.0, 12.0, 8.0, 8.0, 14.5, 10.5]
T = 0.2621440000000001	 step = 356
75.21000000000004
15.427446022727269
[12.0, 13.0, 32.0, 26.0, 21.0, 46.0]
[40.0, 8.0, 12.0, 50.0, 27.0, 27.0]
[12.0, 8.0, 12.0, 12.0, 31.4, 16.0]
[8.0, 12.0, 8.0, 8.0, 14.5, 10.5]
T = 0.2621440000000001	 step = 357
75.21000000000004
15.395059659090904
[12.0, 13.0, 32.0, 26.0, 21.0, 46.0]
[40.0, 8.0, 12.0, 50.0, 27.0, 26.0]
[12.0, 8.0, 12.0, 12.0, 31.4, 16.0]
[8.0, 12.0, 8.0, 8.0, 14.5, 10.5]
T = 0.2621440000000001	 step = 358
75.25
15.195059659090905
[12.0, 13.0, 32.0, 26.0, 21.0, 46.0]
[40.0, 8.0, 13.0, 50.0, 27.0, 26.0]
[12.0, 8.0, 12.0, 12.0, 31.4, 16.0]
[8.0, 12.0, 8.0, 8.0, 14.5, 10.5]
T = 0.2621440000000001	 step = 359
75.22000000000003
15.319289772727268
[11.0, 13.0, 32.0, 26.0, 21.0, 46.0]
[40.0, 8.0, 13.0, 50.0, 27.0, 26.0]
[12.0, 8.0, 12.0, 12.0, 31.4, 16.0]
[8.0, 12.0, 8.0, 8.0, 14.5, 10.5]
T = 0.2621440000000001	 step = 360
75.17000000000002
15.51928977272727
[11.0, 13.0, 32.0, 26.0, 21.0, 46.0]
[41.0, 8.0, 13.0, 50.0, 27.0, 26.0]
[12.0, 8.0, 12.0, 12.0, 31.4, 16.0]
[8.0, 12.0, 8.0, 8.0, 14.5, 10.5]
T = 0.2621440000000001	 step = 361
75.12
15.551676136363632
[11.0, 13.0, 32.0, 26.0, 21.0, 46.0]
[41.0, 8.0, 13.0, 50.0, 26.0, 26.0]
[12.0, 8.0, 12.0, 12.0, 31.4, 16.0]
[8.0, 12.0, 8.0, 8.0, 14.5, 10.5]
T = 0.2621440000000001	 step = 362
75.17000000000002
15.351676136363633
[11.0, 13.0, 32.0, 26.0, 21.0, 46.0]
[41.0, 8.0, 14.0, 50.0, 26.0, 26.0]
[12.0, 8.0, 12.0, 12.0, 31.4, 16.0]
[8.0, 12.0, 8.0, 8.0, 14.5, 10.5]
T = 0.2621440000000001	 step = 363
75.21000000000004
15.151676136363633
[11.0, 13.0, 31.0, 26.0, 21.0, 46.0]
[41.0, 8.0, 14.0, 50.0, 26.0, 26.0]
[12.0, 8.0, 12.0, 12.0, 31.4, 16.0]
[8.0, 12.0, 8.0, 8.0, 14.5, 10.5]
T = 0.2621440000000001	 step = 364
75.16000000000003
15.351676136363631
[11.0, 13.0, 31.0, 26.0, 21.0, 46.0]
[42.0, 8.0, 14.0, 50.0, 26.0, 26.0]
[12.0, 8.0, 12.0, 12.0, 31.4, 16.0]
[8.0, 12.0, 8.0, 8.0, 14.5, 10.5]
T = 0.2621440000000001	 step = 365
75.15000000000003
15.597605113636357
[11.0, 13.0, 31.0, 26.0, 20.0, 46.0]
[42.0, 8.0, 14.0, 50.0, 26.0, 26.0]
[12.0, 8.0, 12.0, 12.0, 31.4, 16.0]
[8.0, 12.0, 8.0, 8.0, 14.5, 10.5]
T = 0.2621440000000001	 step = 366
75.17000000000002
15.397605113636358
[11.0, 13.0, 31.0, 26.0, 20.0, 45.0]
[42.0, 8.0, 14.0, 50.0, 26.0, 26.0]
[12.0, 8.0, 12.0, 12.0, 31.4, 16.0]
[8.0, 12.0, 8.0, 8.0, 14.5, 10.5]
T = 0.2621440000000001	 step = 367
75.22000000000003
15.380582386363633
[11.0, 13.0, 31.0, 26.0, 20.0, 45.0]
[42.0, 8.0, 14.0, 50.0, 27.0, 26.0]
[12.0, 8.0, 12.0, 12.0, 31.4, 16.0]
[8.0, 12.0, 8.0, 8.0, 14.5, 10.5]
T = 0.2621440000000001	 step = 368
75.18
15.580582386363632
[11.0, 13.0, 32.0, 26.0, 20.0, 45.0]
[42.0, 8.0, 14.0, 50.0, 27.0, 26.0]
[12.0, 8.0, 12.0, 12.0, 31.4, 16.0]
[8.0, 12.0, 8.0, 8.0, 14.5, 10.5]
T = 0.2621440000000001	 step = 369
75.17000000000002
15.77600568181818
[11.0, 13.0, 32.0, 27.0, 20.0, 45.0]
[42.0, 8.0, 14.0, 50.0, 27.0, 26.0]
[12.0, 8.0, 12.0, 12.0, 31.4, 16.0]
[8.0, 12.0, 8.0, 8.0, 14.5, 10.5]
T = 0.2621440000000001	 step = 370
75.12
15.793028409090905
[11.0, 13.0, 32.0, 27.0, 20.0, 45.0]
[42.0, 8.0, 14.0, 50.0, 26.0, 26.0]
[12.0, 8.0, 12.0, 12.0, 31.4, 16.0]
[8.0, 12.0, 8.0, 8.0, 14.5, 10.5]
T = 0.2621440000000001	 step = 371
75.14000000000004
15.596437499999995
[11.0, 14.0, 32.0, 27.0, 20.0, 45.0]
[42.0, 8.0, 14.0, 50.0, 26.0, 26.0]
[12.0, 8.0, 12.0, 12.0, 31.4, 16.0]
[8.0, 12.0, 8.0, 8.0, 14.5, 10.5]
T = 0.2621440000000001	 step = 372
75.18
15.396437499999996
[11.0, 14.0, 32.0, 27.0, 20.0, 45.0]
[42.0, 8.0, 14.0, 49.0, 26.0, 26.0]
[12.0, 8.0, 12.0, 12.0, 31.4, 16.0]
[8.0, 12.0, 8.0, 8.0, 14.5, 10.5]
T = 0.2621440000000001	 step = 373
75.22000000000003
15.196437499999996
[11.0, 14.0, 31.0, 27.0, 20.0, 45.0]
[42.0, 8.0, 14.0, 49.0, 26.0, 26.0]
[12.0, 8.0, 12.0, 12.0, 31.4, 16.0]
[8.0, 12.0, 8.0, 8.0, 14.5, 10.5]
T = 0.2621440000000001	 step = 374
75.27000000000004
15.208960227272723
[11.0, 14.0, 31.0, 27.0, 20.0, 45.0]
[42.0, 8.0, 14.0, 49.0, 27.0, 26.0]
[12.0, 8.0, 12.0, 12.0, 31.4, 16.0]
[8.0, 12.0, 8.0, 8.0, 14.5, 10.5]
T = 0.2621440000000001	 step = 375
75.33000000000004
15.008960227272723
[11.0, 14.0, 31.0, 27.0, 20.0, 45.0]
[41.0, 8.0, 14.0, 49.0, 27.0, 26.0]
[12.0, 8.0, 12.0, 12.0, 31.4, 16.0]
[8.0, 12.0, 8.0, 8.0, 14.5, 10.5]
T = 0.2621440000000001	 step = 376
75.28000000000003
15.208960227272723
[11.0, 14.0, 31.0, 27.0, 20.0, 45.0]
[41.0, 7.0, 14.0, 49.0, 27.0, 26.0]
[12.0, 8.0, 12.0, 12.0, 31.4, 16.0]
[8.0, 12.0, 8.0, 8.0, 14.5, 10.5]
T = 0.2621440000000001	 step = 377
75.28000000000003
15.196437499999998
[11.0, 14.0, 31.0, 27.0, 20.0, 45.0]
[41.0, 7.0, 14.0, 49.0, 27.0, 27.0]
[12.0, 8.0, 12.0, 12.0, 31.4, 16.0]
[8.0, 12.0, 8.0, 8.0, 14.5, 10.5]
T = 0.2621440000000001	 step = 378
75.29000000000002
15.001014204545452
[11.0, 14.0, 31.0, 26.0, 20.0, 45.0]
[41.0, 7.0, 14.0, 49.0, 27.0, 27.0]
[12.0, 8.0, 12.0, 12.0, 31.4, 16.0]
[8.0, 12.0, 8.0, 8.0, 14.5, 10.5]
T = 0.2621440000000001	 step = 379
75.33000000000004
14.902718749999998
[12.0, 14.0, 31.0, 26.0, 20.0, 45.0]
[41.0, 7.0, 14.0, 49.0, 27.0, 27.0]
[12.0, 8.0, 12.0, 12.0, 31.4, 16.0]
[8.0, 12.0, 8.0, 8.0, 14.5, 10.5]
T = 0.2621440000000001	 step = 380
74.80000000000001
18.70970454545454
[12.0, 14.0, 45.0, 26.0, 20.0, 45.0]
[41.0, 7.0, 41.0, 49.0, 27.0, 27.0]
[12.0, 8.0, 8.0, 12.0, 31.4, 16.0]
[8.0, 12.0, 12.0, 8.0, 14.5, 10.5]
T = 0.2621440000000001	 step = 381
75.37
14.702718749999997
[12.0, 14.0, 31.0, 26.0, 20.0, 45.0]
[41.0, 8.0, 14.0, 49.0, 27.0, 27.0]
[12.0, 8.0, 12.0, 12.0, 31.4, 16.0]
[8.0, 12.0, 8.0, 8.0, 14.5, 10.5]
T = 0.2621440000000001	 step = 382
75.39000000000004
14.50612784090909
[12.0, 15.0, 31.0, 26.0, 20.0, 45.0]
[41.0, 8.0, 14.0, 49.0, 27.0, 27.0]
[12.0, 8.0, 12.0, 12.0, 31.4, 16.0]
[8.0, 12.0, 8.0, 8.0, 14.5, 10.5]
T = 0.2621440000000001	 step = 383
75.37
14.702718749999997
[12.0, 14.0, 31.0, 26.0, 20.0, 45.0]
[41.0, 8.0, 14.0, 49.0, 27.0, 27.0]
[12.0, 8.0, 12.0, 12.0, 31.4, 16.0]
[8.0, 12.0, 8.0, 8.0, 14.5, 10.5]
T = 0.2621440000000001	 step = 384
75.41000000000003
14.502718749999998
[12.0, 14.0, 31.0, 26.0, 20.0, 45.0]
[41.0, 8.0, 15.0, 49.0, 27.0, 27.0]
[12.0, 8.0, 12.0, 12.0, 31.4, 16.0]
[8.0, 12.0, 8.0, 8.0, 14.5, 10.5]
T = 0.2621440000000001	 step = 385
75.45000000000005
14.302718749999999
[12.0, 14.0, 30.0, 26.0, 20.0, 45.0]
[41.0, 8.0, 15.0, 49.0, 27.0, 27.0]
[12.0, 8.0, 12.0, 12.0, 31.4, 16.0]
[8.0, 12.0, 8.0, 8.0, 14.5, 10.5]
T = 0.2621440000000001	 step = 386
75.46000000000004
14.315241477272723
[12.0, 14.0, 30.0, 26.0, 20.0, 45.0]
[41.0, 8.0, 15.0, 49.0, 27.0, 26.0]
[12.0, 8.0, 12.0, 12.0, 31.4, 16.0]
[8.0, 12.0, 8.0, 8.0, 14.5, 10.5]
T = 0.2097152000000001	 step = 387
75.28000000000003
15.115241477272724
[12.0, 14.0, 32.0, 26.0, 20.0, 45.0]
[41.0, 8.0, 13.0, 49.0, 27.0, 26.0]
[12.0, 8.0, 8.0, 12.0, 31.4, 16.0]
[8.0, 12.0, 12.0, 8.0, 14.5, 10.5]
T = 0.2097152000000001	 step = 388
75.40000000000003
14.629960227272726
[12.0, 14.0, 30.0, 26.0, 19.0, 45.0]
[41.0, 8.0, 15.0, 49.0, 27.0, 26.0]
[12.0, 8.0, 12.0, 12.0, 31.4, 16.0]
[8.0, 12.0, 8.0, 8.0, 14.5, 10.5]
T = 0.2097152000000001	 step = 389
75.37
14.829960227272725
[12.0, 14.0, 30.0, 26.0, 19.0, 45.0]
[41.0, 8.0, 15.0, 50.0, 27.0, 26.0]
[12.0, 8.0, 12.0, 12.0, 31.4, 16.0]
[8.0, 12.0, 8.0, 8.0, 14.5, 10.5]
T = 0.2097152000000001	 step = 390
75.42000000000002
14.629960227272726
[12.0, 14.0, 30.0, 26.0, 19.0, 45.0]
[41.0, 9.0, 15.0, 50.0, 27.0, 26.0]
[12.0, 8.0, 12.0, 12.0, 31.4, 16.0]
[8.0, 12.0, 8.0, 8.0, 14.5, 10.5]
T = 0.2097152000000001	 step = 391
75.46000000000004
14.429960227272725
[12.0, 14.0, 30.0, 26.0, 19.0, 45.0]
[41.0, 9.0, 15.0, 49.0, 27.0, 26.0]
[12.0, 8.0, 12.0, 12.0, 31.4, 16.0]
[8.0, 12.0, 8.0, 8.0, 14.5, 10.5]
T = 0.2097152000000001	 step = 392
75.48000000000002
14.229960227272725
[12.0, 14.0, 30.0, 26.0, 19.0, 44.0]
[41.0, 9.0, 15.0, 49.0, 27.0, 26.0]
[12.0, 8.0, 12.0, 12.0, 31.4, 16.0]
[8.0, 12.0, 8.0, 8.0, 14.5, 10.5]
T = 0.2097152000000001	 step = 393
75.44
14.429960227272725
[12.0, 14.0, 30.0, 26.0, 19.0, 44.0]
[41.0, 9.0, 14.0, 49.0, 27.0, 26.0]
[12.0, 8.0, 12.0, 12.0, 31.4, 16.0]
[8.0, 12.0, 8.0, 8.0, 14.5, 10.5]
T = 0.2097152000000001	 step = 394
75.42000000000002
14.629960227272726
[12.0, 14.0, 30.0, 26.0, 19.0, 45.0]
[41.0, 9.0, 14.0, 49.0, 27.0, 26.0]
[12.0, 8.0, 12.0, 12.0, 31.4, 16.0]
[8.0, 12.0, 8.0, 8.0, 14.5, 10.5]
T = 0.2097152000000001	 step = 395
75.46000000000004
14.429960227272725
[12.0, 14.0, 29.0, 26.0, 19.0, 45.0]
[41.0, 9.0, 14.0, 49.0, 27.0, 26.0]
[12.0, 8.0, 12.0, 12.0, 31.4, 16.0]
[8.0, 12.0, 8.0, 8.0, 14.5, 10.5]
T = 0.2097152000000001	 step = 396
75.40000000000003
14.629960227272726
[12.0, 14.0, 29.0, 26.0, 19.0, 45.0]
[41.0, 8.0, 14.0, 49.0, 27.0, 26.0]
[12.0, 8.0, 12.0, 12.0, 31.4, 16.0]
[8.0, 12.0, 8.0, 8.0, 14.5, 10.5]
T = 0.2097152000000001	 step = 397
75.5
14.229960227272725
[12.0, 14.0, 29.0, 26.0, 19.0, 45.0]
[41.0, 9.0, 15.0, 49.0, 27.0, 26.0]
[12.0, 8.0, 12.0, 12.0, 31.4, 16.0]
[8.0, 12.0, 8.0, 8.0, 14.5, 10.5]
T = 0.2097152000000001	 step = 398
75.52000000000004
14.100491477272726
[13.0, 14.0, 29.0, 26.0, 19.0, 45.0]
[41.0, 9.0, 15.0, 49.0, 27.0, 26.0]
[12.0, 8.0, 12.0, 12.0, 31.4, 16.0]
[8.0, 12.0, 8.0, 8.0, 14.5, 10.5]
T = 0.2097152000000001	 step = 399
75.48000000000002
14.300491477272725
[13.0, 14.0, 30.0, 26.0, 19.0, 45.0]
[41.0, 9.0, 15.0, 49.0, 27.0, 26.0]
[12.0, 8.0, 12.0, 12.0, 31.4, 16.0]
[8.0, 12.0, 8.0, 8.0, 14.5, 10.5]
T = 0.2097152000000001	 step = 400
75.54000000000002
14.100491477272724
[13.0, 14.0, 30.0, 26.0, 19.0, 45.0]
[41.0, 10.0, 15.0, 49.0, 27.0, 26.0]
[12.0, 8.0, 12.0, 12.0, 31.4, 16.0]
[8.0, 12.0, 8.0, 8.0, 14.5, 10.5]
T = 0.2097152000000001	 step = 401
75.5
14.300491477272724
[13.0, 14.0, 31.0, 26.0, 19.0, 45.0]
[41.0, 10.0, 15.0, 49.0, 27.0, 26.0]
[12.0, 8.0, 12.0, 12.0, 31.4, 16.0]
[8.0, 12.0, 8.0, 8.0, 14.5, 10.5]
T = 0.2097152000000001	 step = 402
75.5
14.273786931818181
[13.0, 14.0, 31.0, 26.0, 19.0, 45.0]
[41.0, 10.0, 15.0, 49.0, 27.0, 27.0]
[12.0, 8.0, 12.0, 12.0, 31.4, 16.0]
[8.0, 12.0, 8.0, 8.0, 14.5, 10.5]
T = 0.2097152000000001	 step = 403
75.52000000000004
14.300491477272724
[13.0, 14.0, 31.0, 26.0, 19.0, 45.0]
[41.0, 10.0, 15.0, 49.0, 28.0, 27.0]
[12.0, 8.0, 12.0, 12.0, 31.4, 16.0]
[8.0, 12.0, 8.0, 8.0, 14.5, 10.5]
T = 0.2097152000000001	 step = 404
75.55000000000001
14.100491477272724
[13.0, 14.0, 30.0, 26.0, 19.0, 45.0]
[41.0, 10.0, 15.0, 49.0, 28.0, 27.0]
[12.0, 8.0, 12.0, 12.0, 31.4, 16.0]
[8.0, 12.0, 8.0, 8.0, 14.5, 10.5]
T = 0.2097152000000001	 step = 405
75.5
14.300491477272725
[13.0, 14.0, 30.0, 26.0, 19.0, 45.0]
[41.0, 9.0, 15.0, 49.0, 28.0, 27.0]
[12.0, 8.0, 12.0, 12.0, 31.4, 16.0]
[8.0, 12.0, 8.0, 8.0, 14.5, 10.5]
T = 0.2097152000000001	 step = 406
75.52000000000004
14.100491477272726
[13.0, 14.0, 30.0, 26.0, 19.0, 44.0]
[41.0, 9.0, 15.0, 49.0, 28.0, 27.0]
[12.0, 8.0, 12.0, 12.0, 31.4, 16.0]
[8.0, 12.0, 8.0, 8.0, 14.5, 10.5]
T = 0.2097152000000001	 step = 407
75.49000000000001
14.44541193181818
[13.0, 14.0, 30.0, 26.0, 18.0, 44.0]
[41.0, 9.0, 15.0, 49.0, 28.0, 27.0]
[12.0, 8.0, 12.0, 12.0, 31.4, 16.0]
[8.0, 12.0, 8.0, 8.0, 14.5, 10.5]
T = 0.2097152000000001	 step = 408
75.49000000000001
14.418707386363634
[13.0, 14.0, 30.0, 26.0, 18.0, 44.0]
[41.0, 9.0, 15.0, 49.0, 28.0, 28.0]
[12.0, 8.0, 12.0, 12.0, 31.4, 16.0]
[8.0, 12.0, 8.0, 8.0, 14.5, 10.5]
T = 0.2097152000000001	 step = 409
75.47000000000003
14.618707386363633
[13.0, 14.0, 30.0, 27.0, 18.0, 44.0]
[41.0, 9.0, 15.0, 49.0, 28.0, 28.0]
[12.0, 8.0, 12.0, 12.0, 31.4, 16.0]
[8.0, 12.0, 8.0, 8.0, 14.5, 10.5]
T = 0.2097152000000001	 step = 410
75.51000000000005
14.418707386363634
[13.0, 14.0, 29.0, 27.0, 18.0, 44.0]
[41.0, 9.0, 15.0, 49.0, 28.0, 28.0]
[12.0, 8.0, 12.0, 12.0, 31.4, 16.0]
[8.0, 12.0, 8.0, 8.0, 14.5, 10.5]
T = 0.2097152000000001	 step = 411
75.47000000000003
14.618707386363633
[13.0, 14.0, 29.0, 27.0, 18.0, 44.0]
[41.0, 9.0, 15.0, 50.0, 28.0, 28.0]
[12.0, 8.0, 12.0, 12.0, 31.4, 16.0]
[8.0, 12.0, 8.0, 8.0, 14.5, 10.5]
T = 0.2097152000000001	 step = 412
75.48000000000002
14.574389204545453
[13.0, 15.0, 29.0, 27.0, 18.0, 44.0]
[41.0, 9.0, 15.0, 50.0, 28.0, 28.0]
[12.0, 8.0, 12.0, 12.0, 31.4, 16.0]
[8.0, 12.0, 8.0, 8.0, 14.5, 10.5]
T = 0.2097152000000001	 step = 413
75.41000000000003
14.774389204545452
[13.0, 15.0, 29.0, 27.0, 18.0, 44.0]
[42.0, 9.0, 15.0, 50.0, 28.0, 28.0]
[12.0, 8.0, 12.0, 12.0, 31.4, 16.0]
[8.0, 12.0, 8.0, 8.0, 14.5, 10.5]
T = 0.2097152000000001	 step = 414
75.36000000000001
14.974389204545451
[13.0, 15.0, 29.0, 27.0, 18.0, 44.0]
[42.0, 9.0, 14.0, 50.0, 28.0, 28.0]
[12.0, 8.0, 12.0, 12.0, 31.4, 16.0]
[8.0, 12.0, 8.0, 8.0, 14.5, 10.5]
T = 0.2097152000000001	 step = 415
75.34000000000003
15.036474431818178
[12.0, 15.0, 29.0, 27.0, 18.0, 44.0]
[42.0, 9.0, 14.0, 50.0, 28.0, 28.0]
[12.0, 8.0, 12.0, 12.0, 31.4, 16.0]
[8.0, 12.0, 8.0, 8.0, 14.5, 10.5]
T = 0.2097152000000001	 step = 416
75.32000000000005
15.236474431818177
[12.0, 15.0, 29.0, 28.0, 18.0, 44.0]
[42.0, 9.0, 14.0, 50.0, 28.0, 28.0]
[12.0, 8.0, 12.0, 12.0, 31.4, 16.0]
[8.0, 12.0, 8.0, 8.0, 14.5, 10.5]
T = 0.2097152000000001	 step = 417
75.31
15.436474431818178
[12.0, 15.0, 29.0, 29.0, 18.0, 44.0]
[42.0, 9.0, 14.0, 50.0, 28.0, 28.0]
[12.0, 8.0, 12.0, 12.0, 31.4, 16.0]
[8.0, 12.0, 8.0, 8.0, 14.5, 10.5]
T = 0.2097152000000001	 step = 418
75.34000000000003
15.236474431818177
[12.0, 15.0, 28.0, 29.0, 18.0, 44.0]
[42.0, 9.0, 14.0, 50.0, 28.0, 28.0]
[12.0, 8.0, 12.0, 12.0, 31.4, 16.0]
[8.0, 12.0, 8.0, 8.0, 14.5, 10.5]
T = 0.2097152000000001	 step = 419
74.56
20.773943181818183
[49.0, 15.0, 28.0, 29.0, 18.0, 44.0]
[44.0, 9.0, 14.0, 50.0, 28.0, 28.0]
[8.0, 8.0, 12.0, 12.0, 31.4, 16.0]
[12.0, 12.0, 8.0, 8.0, 14.5, 10.5]
T = 0.2097152000000001	 step = 420
75.38
15.036474431818178
[12.0, 15.0, 28.0, 29.0, 18.0, 44.0]
[42.0, 9.0, 14.0, 49.0, 28.0, 28.0]
[12.0, 8.0, 12.0, 12.0, 31.4, 16.0]
[8.0, 12.0, 8.0, 8.0, 14.5, 10.5]
T = 0.2097152000000001	 step = 421
75.38
15.000678977272724
[12.0, 15.0, 28.0, 29.0, 18.0, 44.0]
[42.0, 9.0, 14.0, 49.0, 28.0, 29.0]
[12.0, 8.0, 12.0, 12.0, 31.4, 16.0]
[8.0, 12.0, 8.0, 8.0, 14.5, 10.5]
T = 0.2097152000000001	 step = 422
75.41000000000003
14.803218749999996
[12.0, 15.0, 27.0, 29.0, 18.0, 44.0]
[42.0, 9.0, 14.0, 49.0, 28.0, 29.0]
[12.0, 8.0, 12.0, 12.0, 31.4, 16.0]
[8.0, 12.0, 8.0, 8.0, 14.5, 10.5]
T = 0.2097152000000001	 step = 423
75.44
14.606627840909088
[12.0, 15.0, 26.0, 29.0, 18.0, 44.0]
[42.0, 9.0, 14.0, 49.0, 28.0, 29.0]
[12.0, 8.0, 12.0, 12.0, 31.4, 16.0]
[8.0, 12.0, 8.0, 8.0, 14.5, 10.5]
T = 0.2097152000000001	 step = 424
75.45000000000005
14.406627840909087
[12.0, 15.0, 26.0, 29.0, 18.0, 43.0]
[42.0, 9.0, 14.0, 49.0, 28.0, 29.0]
[12.0, 8.0, 12.0, 12.0, 31.4, 16.0]
[8.0, 12.0, 8.0, 8.0, 14.5, 10.5]
T = 0.2097152000000001	 step = 425
75.44
14.45166193181818
[12.0, 14.0, 26.0, 29.0, 18.0, 43.0]
[42.0, 9.0, 14.0, 49.0, 28.0, 29.0]
[12.0, 8.0, 12.0, 12.0, 31.4, 16.0]
[8.0, 12.0, 8.0, 8.0, 14.5, 10.5]
T = 0.2097152000000001	 step = 426
75.45000000000005
14.406627840909087
[12.0, 15.0, 26.0, 29.0, 18.0, 43.0]
[42.0, 9.0, 14.0, 49.0, 28.0, 29.0]
[12.0, 8.0, 12.0, 12.0, 31.4, 16.0]
[8.0, 12.0, 8.0, 8.0, 14.5, 10.5]
T = 0.2097152000000001	 step = 427
75.42000000000002
14.603218749999996
[12.0, 15.0, 27.0, 29.0, 18.0, 43.0]
[42.0, 9.0, 14.0, 49.0, 28.0, 29.0]
[12.0, 8.0, 12.0, 12.0, 31.4, 16.0]
[8.0, 12.0, 8.0, 8.0, 14.5, 10.5]
T = 0.2097152000000001	 step = 428
75.39000000000004
14.730914772727271
[11.0, 15.0, 27.0, 29.0, 18.0, 43.0]
[42.0, 9.0, 14.0, 49.0, 28.0, 29.0]
[12.0, 8.0, 12.0, 12.0, 31.4, 16.0]
[8.0, 12.0, 8.0, 8.0, 14.5, 10.5]
T = 0.2097152000000001	 step = 429
75.33000000000004
14.766710227272725
[11.0, 15.0, 27.0, 29.0, 18.0, 43.0]
[42.0, 9.0, 14.0, 49.0, 29.0, 29.0]
[12.0, 8.0, 12.0, 12.0, 31.4, 16.0]
[8.0, 12.0, 8.0, 8.0, 14.5, 10.5]
T = 0.2097152000000001	 step = 430
75.39000000000004
14.730914772727271
[11.0, 15.0, 27.0, 29.0, 18.0, 43.0]
[42.0, 9.0, 14.0, 49.0, 28.0, 29.0]
[12.0, 8.0, 12.0, 12.0, 31.4, 16.0]
[8.0, 12.0, 8.0, 8.0, 14.5, 10.5]
T = 0.2097152000000001	 step = 431
75.39000000000004
14.766710227272725
[11.0, 15.0, 27.0, 29.0, 18.0, 43.0]
[42.0, 9.0, 14.0, 49.0, 28.0, 28.0]
[12.0, 8.0, 12.0, 12.0, 31.4, 16.0]
[8.0, 12.0, 8.0, 8.0, 14.5, 10.5]
T = 0.2097152000000001	 step = 432
75.38
14.813517045454542
[11.0, 14.0, 27.0, 29.0, 18.0, 43.0]
[42.0, 9.0, 14.0, 49.0, 28.0, 28.0]
[12.0, 8.0, 12.0, 12.0, 31.4, 16.0]
[8.0, 12.0, 8.0, 8.0, 14.5, 10.5]
T = 0.2097152000000001	 step = 433
75.45000000000005
14.613517045454541
[11.0, 14.0, 27.0, 29.0, 18.0, 43.0]
[41.0, 9.0, 14.0, 49.0, 28.0, 28.0]
[12.0, 8.0, 12.0, 12.0, 31.4, 16.0]
[8.0, 12.0, 8.0, 8.0, 14.5, 10.5]
T = 0.2097152000000001	 step = 434
75.48000000000002
14.484048295454542
[12.0, 14.0, 27.0, 29.0, 18.0, 43.0]
[41.0, 9.0, 14.0, 49.0, 28.0, 28.0]
[12.0, 8.0, 12.0, 12.0, 31.4, 16.0]
[8.0, 12.0, 8.0, 8.0, 14.5, 10.5]
T = 0.2097152000000001	 step = 435
75.47000000000003
14.673786931818178
[12.0, 13.0, 27.0, 29.0, 18.0, 43.0]
[41.0, 9.0, 14.0, 49.0, 28.0, 28.0]
[12.0, 8.0, 12.0, 12.0, 31.4, 16.0]
[8.0, 12.0, 8.0, 8.0, 14.5, 10.5]
T = 0.2097152000000001	 step = 436
75.43
14.873786931818179
[12.0, 13.0, 27.0, 29.0, 18.0, 43.0]
[41.0, 9.0, 14.0, 50.0, 28.0, 28.0]
[12.0, 8.0, 12.0, 12.0, 31.4, 16.0]
[8.0, 12.0, 8.0, 8.0, 14.5, 10.5]
T = 0.2097152000000001	 step = 437
75.43
14.841400568181815
[12.0, 13.0, 27.0, 29.0, 18.0, 43.0]
[41.0, 9.0, 14.0, 50.0, 28.0, 29.0]
[12.0, 8.0, 12.0, 12.0, 31.4, 16.0]
[8.0, 12.0, 8.0, 8.0, 14.5, 10.5]
T = 0.2097152000000001	 step = 438
75.43
14.873786931818179
[12.0, 13.0, 27.0, 29.0, 18.0, 43.0]
[41.0, 9.0, 14.0, 50.0, 28.0, 28.0]
[12.0, 8.0, 12.0, 12.0, 31.4, 16.0]
[8.0, 12.0, 8.0, 8.0, 14.5, 10.5]
T = 0.2097152000000001	 step = 439
75.42000000000002
15.070377840909087
[12.0, 12.0, 27.0, 29.0, 18.0, 43.0]
[41.0, 9.0, 14.0, 50.0, 28.0, 28.0]
[12.0, 8.0, 12.0, 12.0, 31.4, 16.0]
[8.0, 12.0, 8.0, 8.0, 14.5, 10.5]
T = 0.2097152000000001	 step = 440
75.42000000000002
15.037991477272724
[12.0, 12.0, 27.0, 29.0, 18.0, 43.0]
[41.0, 9.0, 14.0, 50.0, 28.0, 29.0]
[12.0, 8.0, 12.0, 12.0, 31.4, 16.0]
[8.0, 12.0, 8.0, 8.0, 14.5, 10.5]
T = 0.2097152000000001	 step = 441
75.42000000000002
15.070377840909087
[12.0, 12.0, 27.0, 29.0, 18.0, 43.0]
[41.0, 9.0, 14.0, 50.0, 28.0, 28.0]
[12.0, 8.0, 12.0, 12.0, 31.4, 16.0]
[8.0, 12.0, 8.0, 8.0, 14.5, 10.5]
T = 0.1677721600000001	 step = 442
75.40000000000003
15.266968749999997
[12.0, 11.0, 27.0, 29.0, 18.0, 43.0]
[41.0, 9.0, 14.0, 50.0, 28.0, 28.0]
[12.0, 8.0, 12.0, 12.0, 31.4, 16.0]
[8.0, 12.0, 8.0, 8.0, 14.5, 10.5]
T = 0.1677721600000001	 step = 443
75.45000000000005
15.066968749999997
[12.0, 11.0, 27.0, 29.0, 18.0, 43.0]
[41.0, 10.0, 14.0, 50.0, 28.0, 28.0]
[12.0, 8.0, 12.0, 12.0, 31.4, 16.0]
[8.0, 12.0, 8.0, 8.0, 14.5, 10.5]
T = 0.1677721600000001	 step = 444
75.44
15.179741477272724
[12.0, 10.0, 27.0, 29.0, 18.0, 43.0]
[41.0, 10.0, 14.0, 50.0, 28.0, 28.0]
[12.0, 8.0, 12.0, 12.0, 31.4, 16.0]
[8.0, 12.0, 8.0, 8.0, 14.5, 10.5]
T = 0.1677721600000001	 step = 445
75.42000000000002
15.233718749999996
[12.0, 9.0, 27.0, 29.0, 18.0, 43.0]
[41.0, 10.0, 14.0, 50.0, 28.0, 28.0]
[12.0, 8.0, 12.0, 12.0, 31.4, 16.0]
[8.0, 12.0, 8.0, 8.0, 14.5, 10.5]
T = 0.1677721600000001	 step = 446
75.36000000000001
15.201332386363633
[12.0, 9.0, 27.0, 29.0, 18.0, 43.0]
[41.0, 10.0, 14.0, 50.0, 29.0, 28.0]
[12.0, 8.0, 12.0, 12.0, 31.4, 16.0]
[8.0, 12.0, 8.0, 8.0, 14.5, 10.5]
T = 0.1677721600000001	 step = 447
75.39000000000004
15.106446022727269
[13.0, 9.0, 27.0, 29.0, 18.0, 43.0]
[41.0, 10.0, 14.0, 50.0, 29.0, 28.0]
[12.0, 8.0, 12.0, 12.0, 31.4, 16.0]
[8.0, 12.0, 8.0, 8.0, 14.5, 10.5]
T = 0.1677721600000001	 step = 448
75.37
15.555963068181816
[13.0, 9.0, 27.0, 29.0, 17.0, 43.0]
[41.0, 10.0, 14.0, 50.0, 29.0, 28.0]
[12.0, 8.0, 12.0, 12.0, 31.4, 16.0]
[8.0, 12.0, 8.0, 8.0, 14.5, 10.5]
T = 0.1677721600000001	 step = 449
75.35000000000002
15.652468749999997
[12.0, 9.0, 27.0, 29.0, 17.0, 43.0]
[41.0, 10.0, 14.0, 50.0, 29.0, 28.0]
[12.0, 8.0, 12.0, 12.0, 31.4, 16.0]
[8.0, 12.0, 8.0, 8.0, 14.5, 10.5]
T = 0.1677721600000001	 step = 450
75.36000000000001
15.53969602272727
[12.0, 10.0, 27.0, 29.0, 17.0, 43.0]
[41.0, 10.0, 14.0, 50.0, 29.0, 28.0]
[12.0, 8.0, 12.0, 12.0, 31.4, 16.0]
[8.0, 12.0, 8.0, 8.0, 14.5, 10.5]
T = 0.1677721600000001	 step = 451
75.41000000000003
15.339696022727269
[12.0, 10.0, 27.0, 29.0, 17.0, 43.0]
[41.0, 11.0, 14.0, 50.0, 29.0, 28.0]
[12.0, 8.0, 12.0, 12.0, 31.4, 16.0]
[8.0, 12.0, 8.0, 8.0, 14.5, 10.5]
T = 0.1677721600000001	 step = 452
75.39000000000004
15.452468749999996
[12.0, 9.0, 27.0, 29.0, 17.0, 43.0]
[41.0, 11.0, 14.0, 50.0, 29.0, 28.0]
[12.0, 8.0, 12.0, 12.0, 31.4, 16.0]
[8.0, 12.0, 8.0, 8.0, 14.5, 10.5]
T = 0.1677721600000001	 step = 453
75.37
15.652468749999997
[12.0, 9.0, 27.0, 29.0, 17.0, 44.0]
[41.0, 11.0, 14.0, 50.0, 29.0, 28.0]
[12.0, 8.0, 12.0, 12.0, 31.4, 16.0]
[8.0, 12.0, 8.0, 8.0, 14.5, 10.5]
T = 0.1677721600000001	 step = 454
75.39000000000004
15.452468749999996
[12.0, 9.0, 27.0, 29.0, 17.0, 43.0]
[41.0, 11.0, 14.0, 50.0, 29.0, 28.0]
[12.0, 8.0, 12.0, 12.0, 31.4, 16.0]
[8.0, 12.0, 8.0, 8.0, 14.5, 10.5]
T = 0.1677721600000001	 step = 455
75.42000000000002
15.355963068181815
[13.0, 9.0, 27.0, 29.0, 17.0, 43.0]
[41.0, 11.0, 14.0, 50.0, 29.0, 28.0]
[12.0, 8.0, 12.0, 12.0, 31.4, 16.0]
[8.0, 12.0, 8.0, 8.0, 14.5, 10.5]
T = 0.1677721600000001	 step = 456
75.47000000000003
15.155963068181816
[13.0, 9.0, 27.0, 29.0, 17.0, 43.0]
[41.0, 12.0, 14.0, 50.0, 29.0, 28.0]
[12.0, 8.0, 12.0, 12.0, 31.4, 16.0]
[8.0, 12.0, 8.0, 8.0, 14.5, 10.5]
T = 0.1677721600000001	 step = 457
75.40000000000003
15.355963068181815
[13.0, 9.0, 27.0, 29.0, 17.0, 43.0]
[42.0, 12.0, 14.0, 50.0, 29.0, 28.0]
[12.0, 8.0, 12.0, 12.0, 31.4, 16.0]
[8.0, 12.0, 8.0, 8.0, 14.5, 10.5]
T = 0.1677721600000001	 step = 458
75.40000000000003
15.355963068181815
[13.0, 9.0, 27.0, 29.0, 17.0, 43.0]
[42.0, 12.0, 14.0, 50.0, 29.0, 28.0]
[12.0, 8.0, 8.0, 12.0, 31.4, 16.0]
[8.0, 12.0, 12.0, 8.0, 14.5, 10.5]
T = 0.1677721600000001	 step = 459
75.35000000000002
15.555963068181816
[13.0, 9.0, 27.0, 29.0, 17.0, 43.0]
[42.0, 11.0, 14.0, 50.0, 29.0, 28.0]
[12.0, 8.0, 8.0, 12.0, 31.4, 16.0]
[8.0, 12.0, 12.0, 8.0, 14.5, 10.5]
T = 0.1677721600000001	 step = 460
75.31
15.755963068181815
[13.0, 9.0, 27.0, 29.0, 17.0, 43.0]
[42.0, 10.0, 14.0, 50.0, 29.0, 28.0]
[12.0, 8.0, 8.0, 12.0, 31.4, 16.0]
[8.0, 12.0, 12.0, 8.0, 14.5, 10.5]
T = 0.1677721600000001	 step = 461
75.32000000000005
15.555963068181816
[13.0, 9.0, 27.0, 29.0, 17.0, 42.0]
[42.0, 10.0, 14.0, 50.0, 29.0, 28.0]
[12.0, 8.0, 8.0, 12.0, 31.4, 16.0]
[8.0, 12.0, 12.0, 8.0, 14.5, 10.5]
T = 0.1677721600000001	 step = 462
75.34000000000003
15.355963068181815
[13.0, 9.0, 27.0, 28.0, 17.0, 42.0]
[42.0, 10.0, 14.0, 50.0, 29.0, 28.0]
[12.0, 8.0, 8.0, 12.0, 31.4, 16.0]
[8.0, 12.0, 12.0, 8.0, 14.5, 10.5]
T = 0.1677721600000001	 step = 463
75.32000000000005
15.452468749999996
[12.0, 9.0, 27.0, 28.0, 17.0, 42.0]
[42.0, 10.0, 14.0, 50.0, 29.0, 28.0]
[12.0, 8.0, 8.0, 12.0, 31.4, 16.0]
[8.0, 12.0, 12.0, 8.0, 14.5, 10.5]
T = 0.1677721600000001	 step = 464
75.34000000000003
15.320167613636361
[13.0, 9.0, 27.0, 28.0, 17.0, 42.0]
[42.0, 10.0, 14.0, 50.0, 30.0, 28.0]
[12.0, 8.0, 8.0, 12.0, 31.4, 16.0]
[8.0, 12.0, 12.0, 8.0, 14.5, 10.5]
T = 0.1677721600000001	 step = 465
75.38
15.120167613636362
[13.0, 9.0, 27.0, 28.0, 17.0, 42.0]
[42.0, 11.0, 14.0, 50.0, 30.0, 28.0]
[12.0, 8.0, 8.0, 12.0, 31.4, 16.0]
[8.0, 12.0, 12.0, 8.0, 14.5, 10.5]
T = 0.1677721600000001	 step = 466
75.40000000000003
14.92016761363636
[13.0, 9.0, 27.0, 27.0, 17.0, 42.0]
[42.0, 11.0, 14.0, 50.0, 30.0, 28.0]
[12.0, 8.0, 8.0, 12.0, 31.4, 16.0]
[8.0, 12.0, 12.0, 8.0, 14.5, 10.5]
T = 0.1677721600000001	 step = 467
75.44
14.720167613636361
[13.0, 9.0, 27.0, 27.0, 17.0, 42.0]
[42.0, 11.0, 14.0, 49.0, 30.0, 28.0]
[12.0, 8.0, 8.0, 12.0, 31.4, 16.0]
[8.0, 12.0, 12.0, 8.0, 14.5, 10.5]
T = 0.1677721600000001	 step = 468
75.49000000000001
14.52016761363636
[13.0, 9.0, 27.0, 27.0, 17.0, 42.0]
[42.0, 12.0, 14.0, 49.0, 30.0, 28.0]
[12.0, 8.0, 8.0, 12.0, 31.4, 16.0]
[8.0, 12.0, 12.0, 8.0, 14.5, 10.5]
T = 0.1677721600000001	 step = 469
75.47000000000003
14.720167613636361
[13.0, 9.0, 27.0, 27.0, 17.0, 43.0]
[42.0, 12.0, 14.0, 49.0, 30.0, 28.0]
[12.0, 8.0, 8.0, 12.0, 31.4, 16.0]
[8.0, 12.0, 12.0, 8.0, 14.5, 10.5]
T = 0.1677721600000001	 step = 470
75.47000000000003
14.755963068181815
[13.0, 9.0, 27.0, 27.0, 17.0, 43.0]
[42.0, 12.0, 14.0, 49.0, 30.0, 29.0]
[12.0, 8.0, 8.0, 12.0, 31.4, 16.0]
[8.0, 12.0, 12.0, 8.0, 14.5, 10.5]
T = 0.1677721600000001	 step = 471
75.43
14.955963068181816
[13.0, 9.0, 27.0, 27.0, 17.0, 43.0]
[42.0, 12.0, 14.0, 50.0, 30.0, 29.0]
[12.0, 8.0, 8.0, 12.0, 31.4, 16.0]
[8.0, 12.0, 12.0, 8.0, 14.5, 10.5]
T = 0.1677721600000001	 step = 472
75.34000000000003
17.050323863636358
[13.0, 9.0, 27.0, 27.0, 17.0, 46.0]
[42.0, 12.0, 14.0, 50.0, 30.0, 17.0]
[12.0, 8.0, 8.0, 12.0, 31.4, 16.0]
[8.0, 12.0, 12.0, 8.0, 14.5, 10.5]
T = 0.1677721600000001	 step = 473
75.33000000000004
17.25032386363636
[13.0, 9.0, 27.0, 27.0, 17.0, 46.0]
[42.0, 12.0, 14.0, 50.0, 30.0, 16.0]
[12.0, 8.0, 8.0, 12.0, 31.4, 16.0]
[8.0, 12.0, 12.0, 8.0, 14.5, 10.5]
T = 0.1677721600000001	 step = 474
75.34000000000003
17.050323863636358
[13.0, 9.0, 27.0, 27.0, 17.0, 45.0]
[42.0, 12.0, 14.0, 50.0, 30.0, 16.0]
[12.0, 8.0, 8.0, 12.0, 31.4, 16.0]
[8.0, 12.0, 12.0, 8.0, 14.5, 10.5]
T = 0.1677721600000001	 step = 475
75.33000000000004
17.25032386363636
[13.0, 9.0, 27.0, 28.0, 17.0, 45.0]
[42.0, 12.0, 14.0, 50.0, 30.0, 16.0]
[12.0, 8.0, 8.0, 12.0, 31.4, 16.0]
[8.0, 12.0, 12.0, 8.0, 14.5, 10.5]
T = 0.1677721600000001	 step = 476
74.80000000000001
22.00864204545454
[13.0, 48.0, 27.0, 28.0, 17.0, 45.0]
[42.0, 48.0, 14.0, 50.0, 30.0, 16.0]
[12.0, 12.0, 8.0, 12.0, 31.4, 16.0]
[8.0, 8.0, 12.0, 8.0, 14.5, 10.5]
T = 0.1677721600000001	 step = 477
75.34000000000003
17.05032386363636
[13.0, 9.0, 27.0, 28.0, 17.0, 44.0]
[42.0, 12.0, 14.0, 50.0, 30.0, 16.0]
[12.0, 8.0, 8.0, 12.0, 31.4, 16.0]
[8.0, 12.0, 12.0, 8.0, 14.5, 10.5]
T = 0.1677721600000001	 step = 478
75.35000000000002
16.850323863636362
[13.0, 9.0, 27.0, 28.0, 17.0, 44.0]
[42.0, 12.0, 14.0, 50.0, 29.0, 16.0]
[12.0, 8.0, 8.0, 12.0, 31.4, 16.0]
[8.0, 12.0, 12.0, 8.0, 14.5, 10.5]
T = 0.1677721600000001	 step = 479
75.34000000000003
17.05032386363636
[13.0, 9.0, 27.0, 28.0, 17.0, 45.0]
[42.0, 12.0, 14.0, 50.0, 29.0, 16.0]
[12.0, 8.0, 8.0, 12.0, 31.4, 16.0]
[8.0, 12.0, 12.0, 8.0, 14.5, 10.5]
T = 0.1677721600000001	 step = 480
75.35000000000002
16.850323863636362
[13.0, 9.0, 27.0, 28.0, 17.0, 44.0]
[42.0, 12.0, 14.0, 50.0, 29.0, 16.0]
[12.0, 8.0, 8.0, 12.0, 31.4, 16.0]
[8.0, 12.0, 12.0, 8.0, 14.5, 10.5]
T = 0.1677721600000001	 step = 481
75.32000000000005
17.050323863636358
[13.0, 9.0, 28.0, 28.0, 17.0, 44.0]
[42.0, 12.0, 14.0, 50.0, 29.0, 16.0]
[12.0, 8.0, 8.0, 12.0, 31.4, 16.0]
[8.0, 12.0, 12.0, 8.0, 14.5, 10.5]
T = 0.1677721600000001	 step = 482
75.27000000000004
17.25032386363636
[13.0, 9.0, 28.0, 28.0, 17.0, 44.0]
[42.0, 11.0, 14.0, 50.0, 29.0, 16.0]
[12.0, 8.0, 8.0, 12.0, 31.4, 16.0]
[8.0, 12.0, 12.0, 8.0, 14.5, 10.5]
T = 0.1677721600000001	 step = 483
75.22000000000003
18.45032386363636
[13.0, 9.0, 28.0, 28.0, 17.0, 45.0]
[42.0, 11.0, 14.0, 50.0, 29.0, 11.0]
[12.0, 8.0, 8.0, 12.0, 31.4, 16.0]
[8.0, 12.0, 12.0, 8.0, 14.5, 10.5]
T = 0.1677721600000001	 step = 484
75.31
17.050323863636358
[13.0, 9.0, 28.0, 28.0, 17.0, 44.0]
[42.0, 11.0, 15.0, 50.0, 29.0, 16.0]
[12.0, 8.0, 8.0, 12.0, 31.4, 16.0]
[8.0, 12.0, 12.0, 8.0, 14.5, 10.5]
T = 0.1677721600000001	 step = 485
75.29000000000002
17.148619318181815
[12.0, 9.0, 28.0, 28.0, 17.0, 44.0]
[42.0, 11.0, 15.0, 50.0, 29.0, 16.0]
[12.0, 8.0, 8.0, 12.0, 31.4, 16.0]
[8.0, 12.0, 12.0, 8.0, 14.5, 10.5]
T = 0.1677721600000001	 step = 486
74.97000000000003
18.44070170454545
[10.0, 9.0, 28.0, 28.0, 17.0, 44.0]
[47.0, 11.0, 15.0, 50.0, 29.0, 16.0]
[8.0, 8.0, 8.0, 12.0, 31.4, 16.0]
[12.0, 12.0, 12.0, 8.0, 14.5, 10.5]
T = 0.1677721600000001	 step = 487
74.97000000000003
18.24070170454545
[10.0, 9.0, 28.0, 28.0, 17.0, 44.0]
[47.0, 11.0, 15.0, 50.0, 29.0, 17.0]
[8.0, 8.0, 8.0, 12.0, 31.4, 16.0]
[12.0, 12.0, 12.0, 8.0, 14.5, 10.5]
T = 0.1677721600000001	 step = 488
75.01000000000005
18.04070170454545
[10.0, 9.0, 27.0, 28.0, 17.0, 44.0]
[47.0, 11.0, 15.0, 50.0, 29.0, 17.0]
[8.0, 8.0, 8.0, 12.0, 31.4, 16.0]
[12.0, 12.0, 12.0, 8.0, 14.5, 10.5]
T = 0.1677721600000001	 step = 489
75.0
18.24070170454545
[10.0, 9.0, 27.0, 28.0, 17.0, 45.0]
[47.0, 11.0, 15.0, 50.0, 29.0, 17.0]
[8.0, 8.0, 8.0, 12.0, 31.4, 16.0]
[12.0, 12.0, 12.0, 8.0, 14.5, 10.5]
T = 0.1677721600000001	 step = 490
74.96000000000004
18.44070170454545
[10.0, 9.0, 28.0, 28.0, 17.0, 45.0]
[47.0, 11.0, 15.0, 50.0, 29.0, 17.0]
[8.0, 8.0, 8.0, 12.0, 31.4, 16.0]
[12.0, 12.0, 12.0, 8.0, 14.5, 10.5]
T = 0.1677721600000001	 step = 491
74.98000000000002
18.022815340909087
[10.0, 9.0, 28.0, 28.0, 18.0, 45.0]
[47.0, 11.0, 15.0, 50.0, 29.0, 17.0]
[8.0, 8.0, 8.0, 12.0, 31.4, 16.0]
[12.0, 12.0, 12.0, 8.0, 14.5, 10.5]
T = 0.1677721600000001	 step = 492
74.96000000000004
18.44070170454545
[10.0, 9.0, 28.0, 28.0, 17.0, 45.0]
[47.0, 11.0, 15.0, 50.0, 29.0, 17.0]
[8.0, 8.0, 8.0, 12.0, 31.4, 16.0]
[12.0, 12.0, 12.0, 8.0, 14.5, 10.5]
T = 0.1677721600000001	 step = 493
74.97000000000003
18.24070170454545
[10.0, 9.0, 28.0, 28.0, 17.0, 44.0]
[47.0, 11.0, 15.0, 50.0, 29.0, 17.0]
[8.0, 8.0, 8.0, 12.0, 31.4, 16.0]
[12.0, 12.0, 12.0, 8.0, 14.5, 10.5]
T = 0.1677721600000001	 step = 494
74.99000000000001
18.04070170454545
[10.0, 9.0, 28.0, 28.0, 17.0, 43.0]
[47.0, 11.0, 15.0, 50.0, 29.0, 17.0]
[8.0, 8.0, 8.0, 12.0, 31.4, 16.0]
[12.0, 12.0, 12.0, 8.0, 14.5, 10.5]
T = 0.1677721600000001	 step = 495
75.04000000000002
17.840701704545452
[10.0, 9.0, 28.0, 28.0, 17.0, 43.0]
[47.0, 12.0, 15.0, 50.0, 29.0, 17.0]
[8.0, 8.0, 8.0, 12.0, 31.4, 16.0]
[12.0, 12.0, 12.0, 8.0, 14.5, 10.5]
T = 0.1677721600000001	 step = 496
75.02000000000004
17.968838068181814
[9.0, 9.0, 28.0, 28.0, 17.0, 43.0]
[47.0, 12.0, 15.0, 50.0, 29.0, 17.0]
[8.0, 8.0, 8.0, 12.0, 31.4, 16.0]
[12.0, 12.0, 12.0, 8.0, 14.5, 10.5]
T = 0.13421772800000006	 step = 497
75.04000000000002
17.47679261363636
[9.0, 9.0, 28.0, 28.0, 18.0, 43.0]
[47.0, 12.0, 15.0, 50.0, 29.0, 17.0]
[8.0, 8.0, 8.0, 12.0, 31.4, 16.0]
[12.0, 12.0, 12.0, 8.0, 14.5, 10.5]
T = 0.13421772800000006	 step = 498
75.06
17.42281534090909
[10.0, 9.0, 28.0, 28.0, 18.0, 43.0]
[47.0, 12.0, 15.0, 50.0, 29.0, 17.0]
[8.0, 8.0, 8.0, 12.0, 31.4, 16.0]
[12.0, 12.0, 12.0, 8.0, 14.5, 10.5]
T = 0.13421772800000006	 step = 499
74.61000000000001
19.60991761363636
[10.0, 49.0, 28.0, 28.0, 18.0, 43.0]
[47.0, 31.0, 15.0, 50.0, 29.0, 17.0]
[8.0, 8.0, 8.0, 12.0, 31.4, 16.0]
[12.0, 12.0, 12.0, 8.0, 14.5, 10.5]
T = 0.13421772800000006	 step = 500
75.02000000000004
17.822815340909084
[10.0, 9.0, 28.0, 40.0, 18.0, 43.0]
[47.0, 12.0, 15.0, 40.0, 29.0, 17.0]
[8.0, 8.0, 8.0, 8.0, 31.4, 16.0]
[12.0, 12.0, 12.0, 12.0, 14.5, 10.5]
T = 0.13421772800000006	 step = 501
75.05000000000001
17.62281534090909
[10.0, 9.0, 28.0, 28.0, 18.0, 43.0]
[47.0, 12.0, 15.0, 50.0, 29.0, 16.0]
[8.0, 8.0, 8.0, 12.0, 31.4, 16.0]
[12.0, 12.0, 12.0, 8.0, 14.5, 10.5]
T = 0.13421772800000006	 step = 502
75.08000000000004
17.568838068181815
[10.0, 10.0, 28.0, 28.0, 18.0, 43.0]
[47.0, 12.0, 15.0, 50.0, 29.0, 16.0]
[8.0, 8.0, 8.0, 12.0, 31.4, 16.0]
[12.0, 12.0, 12.0, 8.0, 14.5, 10.5]
T = 0.13421772800000006	 step = 503
75.03000000000003
17.768838068181815
[10.0, 10.0, 28.0, 28.0, 18.0, 43.0]
[47.0, 12.0, 14.0, 50.0, 29.0, 16.0]
[8.0, 8.0, 8.0, 12.0, 31.4, 16.0]
[12.0, 12.0, 12.0, 8.0, 14.5, 10.5]
T = 0.13421772800000006	 step = 504
75.04000000000002
17.568838068181815
[10.0, 10.0, 28.0, 28.0, 18.0, 43.0]
[47.0, 12.0, 14.0, 50.0, 29.0, 17.0]
[8.0, 8.0, 8.0, 12.0, 31.4, 16.0]
[12.0, 12.0, 12.0, 8.0, 14.5, 10.5]
T = 0.13421772800000006	 step = 505
75.06
17.44070170454545
[11.0, 10.0, 28.0, 28.0, 18.0, 43.0]
[47.0, 12.0, 14.0, 50.0, 29.0, 17.0]
[8.0, 8.0, 8.0, 12.0, 31.4, 16.0]
[12.0, 12.0, 12.0, 8.0, 14.5, 10.5]
T = 0.13421772800000006	 step = 506
75.04000000000002
17.640701704545453
[11.0, 10.0, 28.0, 28.0, 18.0, 44.0]
[47.0, 12.0, 14.0, 50.0, 29.0, 17.0]
[8.0, 8.0, 8.0, 12.0, 31.4, 16.0]
[12.0, 12.0, 12.0, 8.0, 14.5, 10.5]
T = 0.13421772800000006	 step = 507
75.10000000000002
17.44070170454545
[11.0, 10.0, 28.0, 28.0, 18.0, 44.0]
[47.0, 12.0, 14.0, 50.0, 28.0, 17.0]
[8.0, 8.0, 8.0, 12.0, 31.4, 16.0]
[12.0, 12.0, 12.0, 8.0, 14.5, 10.5]
T = 0.13421772800000006	 step = 508
75.09000000000003
17.640701704545453
[11.0, 10.0, 28.0, 29.0, 18.0, 44.0]
[47.0, 12.0, 14.0, 50.0, 28.0, 17.0]
[8.0, 8.0, 8.0, 12.0, 31.4, 16.0]
[12.0, 12.0, 12.0, 8.0, 14.5, 10.5]
T = 0.13421772800000006	 step = 509
75.10000000000002
17.44070170454545
[11.0, 10.0, 28.0, 29.0, 18.0, 43.0]
[47.0, 12.0, 14.0, 50.0, 28.0, 17.0]
[8.0, 8.0, 8.0, 12.0, 31.4, 16.0]
[12.0, 12.0, 12.0, 8.0, 14.5, 10.5]
T = 0.13421772800000006	 step = 510
75.15000000000003
17.24070170454545
[11.0, 10.0, 28.0, 29.0, 18.0, 43.0]
[47.0, 13.0, 14.0, 50.0, 28.0, 17.0]
[8.0, 8.0, 8.0, 12.0, 31.4, 16.0]
[12.0, 12.0, 12.0, 8.0, 14.5, 10.5]
T = 0.13421772800000006	 step = 511
75.13
17.531338068181814
[11.0, 10.0, 28.0, 29.0, 17.0, 43.0]
[47.0, 13.0, 14.0, 50.0, 28.0, 17.0]
[8.0, 8.0, 8.0, 12.0, 31.4, 16.0]
[12.0, 12.0, 12.0, 8.0, 14.5, 10.5]
T = 0.13421772800000006	 step = 512
75.44
15.927928977272725
[11.0, 10.0, 28.0, 29.0, 17.0, 43.0]
[47.0, 13.0, 14.0, 42.0, 28.0, 17.0]
[8.0, 8.0, 8.0, 8.0, 31.4, 16.0]
[12.0, 12.0, 12.0, 12.0, 14.5, 10.5]
T = 0.13421772800000006	 step = 513
75.48000000000002
15.730468749999996
[11.0, 10.0, 28.0, 28.0, 17.0, 43.0]
[47.0, 13.0, 14.0, 42.0, 28.0, 17.0]
[8.0, 8.0, 8.0, 8.0, 31.4, 16.0]
[12.0, 12.0, 12.0, 12.0, 14.5, 10.5]
T = 0.13421772800000006	 step = 514
75.44
15.930468749999998
[11.0, 10.0, 29.0, 28.0, 17.0, 43.0]
[47.0, 13.0, 14.0, 42.0, 28.0, 17.0]
[8.0, 8.0, 8.0, 8.0, 31.4, 16.0]
[12.0, 12.0, 12.0, 12.0, 14.5, 10.5]
T = 0.13421772800000006	 step = 515
75.46000000000004
15.730468749999998
[12.0, 10.0, 29.0, 28.0, 17.0, 43.0]
[47.0, 13.0, 14.0, 42.0, 28.0, 17.0]
[8.0, 8.0, 8.0, 8.0, 31.4, 16.0]
[12.0, 12.0, 12.0, 12.0, 14.5, 10.5]
T = 0.13421772800000006	 step = 516
75.16000000000003
17.725482954545452
[12.0, 10.0, 41.0, 28.0, 17.0, 43.0]
[47.0, 13.0, 38.0, 42.0, 28.0, 17.0]
[8.0, 8.0, 12.0, 8.0, 31.4, 16.0]
[12.0, 12.0, 8.0, 12.0, 14.5, 10.5]
T = 0.13421772800000006	 step = 517
75.41000000000003
15.930468749999998
[12.0, 10.0, 29.0, 28.0, 17.0, 43.0]
[48.0, 13.0, 14.0, 42.0, 28.0, 17.0]
[8.0, 8.0, 8.0, 8.0, 31.4, 16.0]
[12.0, 12.0, 12.0, 12.0, 14.5, 10.5]
T = 0.13421772800000006	 step = 518
75.36000000000001
16.13046875
[12.0, 10.0, 29.0, 28.0, 17.0, 43.0]
[48.0, 12.0, 14.0, 42.0, 28.0, 17.0]
[8.0, 8.0, 8.0, 8.0, 31.4, 16.0]
[12.0, 12.0, 12.0, 12.0, 14.5, 10.5]
T = 0.13421772800000006	 step = 519
75.32000000000005
16.330468749999998
[12.0, 10.0, 29.0, 28.0, 17.0, 43.0]
[48.0, 12.0, 14.0, 43.0, 28.0, 17.0]
[8.0, 8.0, 8.0, 8.0, 31.4, 16.0]
[12.0, 12.0, 12.0, 12.0, 14.5, 10.5]
T = 0.13421772800000006	 step = 520
75.40000000000003
15.933877840909087
[12.0, 10.0, 29.0, 27.0, 17.0, 43.0]
[48.0, 12.0, 14.0, 42.0, 28.0, 17.0]
[8.0, 8.0, 8.0, 8.0, 31.4, 16.0]
[12.0, 12.0, 12.0, 12.0, 14.5, 10.5]
T = 0.13421772800000006	 step = 521
75.41000000000003
15.767701704545452
[12.0, 11.0, 29.0, 27.0, 17.0, 43.0]
[48.0, 12.0, 14.0, 42.0, 28.0, 17.0]
[8.0, 8.0, 8.0, 8.0, 31.4, 16.0]
[12.0, 12.0, 12.0, 12.0, 14.5, 10.5]
T = 0.13421772800000006	 step = 522
75.12
18.564292613636358
[41.0, 11.0, 29.0, 27.0, 17.0, 43.0]
[43.0, 12.0, 14.0, 42.0, 28.0, 17.0]
[12.0, 8.0, 8.0, 8.0, 31.4, 16.0]
[8.0, 12.0, 12.0, 12.0, 14.5, 10.5]
T = 0.13421772800000006	 step = 523
74.72000000000003
21.16429261363636
[12.0, 11.0, 29.0, 48.0, 17.0, 43.0]
[48.0, 12.0, 14.0, 48.0, 28.0, 17.0]
[8.0, 8.0, 8.0, 12.0, 31.4, 16.0]
[12.0, 12.0, 12.0, 8.0, 14.5, 10.5]
T = 0.13421772800000006	 step = 524
75.44
15.567701704545453
[12.0, 11.0, 29.0, 26.0, 17.0, 43.0]
[48.0, 12.0, 14.0, 42.0, 28.0, 17.0]
[8.0, 8.0, 8.0, 8.0, 31.4, 16.0]
[12.0, 12.0, 12.0, 12.0, 14.5, 10.5]
T = 0.13421772800000006	 step = 525
75.46000000000004
15.377963068181817
[13.0, 11.0, 29.0, 26.0, 17.0, 43.0]
[48.0, 12.0, 14.0, 42.0, 28.0, 17.0]
[8.0, 8.0, 8.0, 8.0, 31.4, 16.0]
[12.0, 12.0, 12.0, 12.0, 14.5, 10.5]
T = 0.13421772800000006	 step = 526
75.5
15.134747159090907
[13.0, 11.0, 29.0, 26.0, 18.0, 43.0]
[48.0, 12.0, 14.0, 42.0, 28.0, 17.0]
[8.0, 8.0, 8.0, 8.0, 31.4, 16.0]
[12.0, 12.0, 12.0, 12.0, 14.5, 10.5]
T = 0.13421772800000006	 step = 527
75.53000000000003
14.934747159090906
[13.0, 11.0, 29.0, 25.0, 18.0, 43.0]
[48.0, 12.0, 14.0, 42.0, 28.0, 17.0]
[8.0, 8.0, 8.0, 8.0, 31.4, 16.0]
[12.0, 12.0, 12.0, 12.0, 14.5, 10.5]
T = 0.13421772800000006	 step = 528
75.52000000000004
15.047519886363633
[13.0, 10.0, 29.0, 25.0, 18.0, 43.0]
[48.0, 12.0, 14.0, 42.0, 28.0, 17.0]
[8.0, 8.0, 8.0, 8.0, 31.4, 16.0]
[12.0, 12.0, 12.0, 12.0, 14.5, 10.5]
T = 0.13421772800000006	 step = 529
74.90000000000003
18.624803977272727
[13.0, 10.0, 29.0, 47.0, 18.0, 43.0]
[48.0, 12.0, 14.0, 27.0, 28.0, 17.0]
[8.0, 8.0, 8.0, 12.0, 31.4, 16.0]
[12.0, 12.0, 12.0, 8.0, 14.5, 10.5]
T = 0.13421772800000006	 step = 530
75.55000000000001
14.847519886363633
[13.0, 10.0, 29.0, 24.0, 18.0, 43.0]
[48.0, 12.0, 14.0, 42.0, 28.0, 17.0]
[8.0, 8.0, 8.0, 8.0, 31.4, 16.0]
[12.0, 12.0, 12.0, 12.0, 14.5, 10.5]
T = 0.13421772800000006	 step = 531
75.59000000000003
14.647519886363634
[13.0, 10.0, 29.0, 24.0, 18.0, 43.0]
[48.0, 13.0, 14.0, 42.0, 28.0, 17.0]
[8.0, 8.0, 8.0, 8.0, 31.4, 16.0]
[12.0, 12.0, 12.0, 12.0, 14.5, 10.5]
T = 0.13421772800000006	 step = 532
75.61000000000001
14.457781249999998
[14.0, 10.0, 29.0, 24.0, 18.0, 43.0]
[48.0, 13.0, 14.0, 42.0, 28.0, 17.0]
[8.0, 8.0, 8.0, 8.0, 31.4, 16.0]
[12.0, 12.0, 12.0, 12.0, 14.5, 10.5]
T = 0.13421772800000006	 step = 533
75.66000000000003
14.257781249999997
[14.0, 10.0, 29.0, 24.0, 18.0, 43.0]
[47.0, 13.0, 14.0, 42.0, 28.0, 17.0]
[8.0, 8.0, 8.0, 8.0, 31.4, 16.0]
[12.0, 12.0, 12.0, 12.0, 14.5, 10.5]
T = 0.13421772800000006	 step = 534
75.67000000000002
14.213463068181817
[15.0, 10.0, 29.0, 24.0, 18.0, 43.0]
[47.0, 13.0, 14.0, 42.0, 28.0, 17.0]
[8.0, 8.0, 8.0, 8.0, 31.4, 16.0]
[12.0, 12.0, 12.0, 12.0, 14.5, 10.5]
T = 0.13421772800000006	 step = 535
75.62
14.413463068181816
[15.0, 10.0, 29.0, 24.0, 18.0, 43.0]
[47.0, 12.0, 14.0, 42.0, 28.0, 17.0]
[8.0, 8.0, 8.0, 8.0, 31.4, 16.0]
[12.0, 12.0, 12.0, 12.0, 14.5, 10.5]
T = 0.13421772800000006	 step = 536
75.66000000000003
14.213463068181817
[15.0, 10.0, 28.0, 24.0, 18.0, 43.0]
[47.0, 12.0, 14.0, 42.0, 28.0, 17.0]
[8.0, 8.0, 8.0, 8.0, 31.4, 16.0]
[12.0, 12.0, 12.0, 12.0, 14.5, 10.5]
T = 0.13421772800000006	 step = 537
75.64000000000004
14.267440340909088
[15.0, 9.0, 28.0, 24.0, 18.0, 43.0]
[47.0, 12.0, 14.0, 42.0, 28.0, 17.0]
[8.0, 8.0, 8.0, 8.0, 31.4, 16.0]
[12.0, 12.0, 12.0, 12.0, 14.5, 10.5]
T = 0.13421772800000006	 step = 538
75.59000000000003
14.46744034090909
[15.0, 9.0, 28.0, 24.0, 18.0, 43.0]
[47.0, 12.0, 14.0, 43.0, 28.0, 17.0]
[8.0, 8.0, 8.0, 8.0, 31.4, 16.0]
[12.0, 12.0, 12.0, 12.0, 14.5, 10.5]
T = 0.13421772800000006	 step = 539
75.56
14.667440340909087
[15.0, 9.0, 28.0, 25.0, 18.0, 43.0]
[47.0, 12.0, 14.0, 43.0, 28.0, 17.0]
[8.0, 8.0, 8.0, 8.0, 31.4, 16.0]
[12.0, 12.0, 12.0, 12.0, 14.5, 10.5]
T = 0.13421772800000006	 step = 540
75.51000000000005
14.867440340909086
[15.0, 9.0, 28.0, 25.0, 18.0, 43.0]
[48.0, 12.0, 14.0, 43.0, 28.0, 17.0]
[8.0, 8.0, 8.0, 8.0, 31.4, 16.0]
[12.0, 12.0, 12.0, 12.0, 14.5, 10.5]
T = 0.13421772800000006	 step = 541
75.52000000000004
15.163093749999996
[15.0, 9.0, 28.0, 25.0, 17.0, 43.0]
[47.0, 12.0, 14.0, 43.0, 28.0, 17.0]
[8.0, 8.0, 8.0, 8.0, 31.4, 16.0]
[12.0, 12.0, 12.0, 12.0, 14.5, 10.5]
T = 0.13421772800000006	 step = 542
75.51000000000005
15.363093749999997
[15.0, 9.0, 28.0, 25.0, 17.0, 43.0]
[47.0, 12.0, 14.0, 43.0, 28.0, 16.0]
[8.0, 8.0, 8.0, 8.0, 31.4, 16.0]
[12.0, 12.0, 12.0, 12.0, 14.5, 10.5]
T = 0.13421772800000006	 step = 543
75.46000000000004
15.563093749999998
[15.0, 9.0, 28.0, 25.0, 17.0, 43.0]
[47.0, 12.0, 14.0, 43.0, 29.0, 16.0]
[8.0, 8.0, 8.0, 8.0, 31.4, 16.0]
[12.0, 12.0, 12.0, 12.0, 14.5, 10.5]
T = 0.13421772800000006	 step = 544
75.49000000000001
15.45209375
[15.0, 10.0, 28.0, 25.0, 17.0, 43.0]
[47.0, 12.0, 14.0, 43.0, 29.0, 16.0]
[8.0, 8.0, 8.0, 8.0, 31.4, 16.0]
[12.0, 12.0, 12.0, 12.0, 14.5, 10.5]
T = 0.13421772800000006	 step = 545
75.52000000000004
15.252093749999998
[15.0, 10.0, 27.0, 25.0, 17.0, 43.0]
[47.0, 12.0, 14.0, 43.0, 29.0, 16.0]
[8.0, 8.0, 8.0, 8.0, 31.4, 16.0]
[12.0, 12.0, 12.0, 12.0, 14.5, 10.5]
T = 0.13421772800000006	 step = 546
75.55000000000001
15.05209375
[15.0, 10.0, 26.0, 25.0, 17.0, 43.0]
[47.0, 12.0, 14.0, 43.0, 29.0, 16.0]
[8.0, 8.0, 8.0, 8.0, 31.4, 16.0]
[12.0, 12.0, 12.0, 12.0, 14.5, 10.5]
T = 0.13421772800000006	 step = 547
75.52000000000004
15.16309375
[15.0, 9.0, 26.0, 25.0, 17.0, 43.0]
[47.0, 12.0, 14.0, 43.0, 29.0, 16.0]
[8.0, 8.0, 8.0, 8.0, 31.4, 16.0]
[12.0, 12.0, 12.0, 12.0, 14.5, 10.5]
T = 0.13421772800000006	 step = 548
75.57000000000005
14.963093749999997
[15.0, 9.0, 26.0, 25.0, 17.0, 43.0]
[47.0, 12.0, 14.0, 43.0, 28.0, 16.0]
[8.0, 8.0, 8.0, 8.0, 31.4, 16.0]
[12.0, 12.0, 12.0, 12.0, 14.5, 10.5]
T = 0.13421772800000006	 step = 549
75.52000000000004
15.16309375
[15.0, 9.0, 26.0, 25.0, 17.0, 43.0]
[47.0, 12.0, 14.0, 43.0, 29.0, 16.0]
[8.0, 8.0, 8.0, 8.0, 31.4, 16.0]
[12.0, 12.0, 12.0, 12.0, 14.5, 10.5]
T = 0.13421772800000006	 step = 550
75.47000000000003
15.363093749999999
[15.0, 9.0, 26.0, 25.0, 17.0, 43.0]
[47.0, 11.0, 14.0, 43.0, 29.0, 16.0]
[8.0, 8.0, 8.0, 8.0, 31.4, 16.0]
[12.0, 12.0, 12.0, 12.0, 14.5, 10.5]
T = 0.13421772800000006	 step = 551
75.52000000000004
15.163093749999996
[15.0, 9.0, 26.0, 25.0, 17.0, 43.0]
[47.0, 11.0, 14.0, 43.0, 28.0, 16.0]
[8.0, 8.0, 8.0, 8.0, 31.4, 16.0]
[12.0, 12.0, 12.0, 12.0, 14.5, 10.5]
T = 0.10737418240000006	 step = 552
75.47000000000003
15.363093749999997
[15.0, 9.0, 26.0, 25.0, 17.0, 43.0]
[47.0, 10.0, 14.0, 43.0, 28.0, 16.0]
[8.0, 8.0, 8.0, 8.0, 31.4, 16.0]
[12.0, 12.0, 12.0, 12.0, 14.5, 10.5]
T = 0.10737418240000006	 step = 553
75.45000000000005
15.417071022727269
[15.0, 8.0, 26.0, 25.0, 17.0, 43.0]
[47.0, 10.0, 14.0, 43.0, 28.0, 16.0]
[8.0, 8.0, 8.0, 8.0, 31.4, 16.0]
[12.0, 12.0, 12.0, 12.0, 14.5, 10.5]
T = 0.10737418240000006	 step = 554
75.28000000000003
16.585315340909087
[15.0, 41.0, 26.0, 25.0, 17.0, 43.0]
[47.0, 34.0, 14.0, 43.0, 28.0, 16.0]
[8.0, 8.0, 8.0, 8.0, 31.4, 16.0]
[12.0, 12.0, 12.0, 12.0, 14.5, 10.5]
T = 0.10737418240000006	 step = 555
75.42000000000002
15.61707102272727
[15.0, 8.0, 27.0, 25.0, 17.0, 43.0]
[47.0, 10.0, 14.0, 43.0, 28.0, 16.0]
[8.0, 8.0, 8.0, 8.0, 31.4, 16.0]
[12.0, 12.0, 12.0, 12.0, 14.5, 10.5]
T = 0.10737418240000006	 step = 556
75.41000000000003
15.817071022727271
[15.0, 8.0, 27.0, 25.0, 17.0, 43.0]
[47.0, 10.0, 14.0, 43.0, 28.0, 15.0]
[8.0, 8.0, 8.0, 8.0, 31.4, 16.0]
[12.0, 12.0, 12.0, 12.0, 14.5, 10.5]
T = 0.10737418240000006	 step = 557
75.46000000000004
15.617071022727272
[15.0, 8.0, 27.0, 25.0, 17.0, 43.0]
[47.0, 11.0, 14.0, 43.0, 28.0, 15.0]
[8.0, 8.0, 8.0, 8.0, 31.4, 16.0]
[12.0, 12.0, 12.0, 12.0, 14.5, 10.5]
T = 0.10737418240000006	 step = 558
75.46000000000004
15.56934375
[16.0, 8.0, 27.0, 25.0, 17.0, 43.0]
[47.0, 11.0, 14.0, 43.0, 28.0, 15.0]
[8.0, 8.0, 8.0, 8.0, 31.4, 16.0]
[12.0, 12.0, 12.0, 12.0, 14.5, 10.5]
T = 0.10737418240000006	 step = 559
75.51000000000005
15.074457386363635
[16.0, 8.0, 27.0, 25.0, 18.0, 43.0]
[47.0, 11.0, 14.0, 43.0, 28.0, 15.0]
[8.0, 8.0, 8.0, 8.0, 31.4, 16.0]
[12.0, 12.0, 12.0, 12.0, 14.5, 10.5]
T = 0.10737418240000006	 step = 560
75.45000000000005
15.274457386363636
[16.0, 8.0, 27.0, 25.0, 18.0, 43.0]
[47.0, 11.0, 14.0, 44.0, 28.0, 15.0]
[8.0, 8.0, 8.0, 8.0, 31.4, 16.0]
[12.0, 12.0, 12.0, 12.0, 14.5, 10.5]
T = 0.10737418240000006	 step = 561
75.42000000000002
15.471048295454544
[16.0, 8.0, 27.0, 26.0, 18.0, 43.0]
[47.0, 11.0, 14.0, 44.0, 28.0, 15.0]
[8.0, 8.0, 8.0, 8.0, 31.4, 16.0]
[12.0, 12.0, 12.0, 12.0, 14.5, 10.5]
T = 0.10737418240000006	 step = 562
75.42000000000002
15.518775568181818
[15.0, 8.0, 27.0, 26.0, 18.0, 43.0]
[47.0, 11.0, 14.0, 44.0, 28.0, 15.0]
[8.0, 8.0, 8.0, 8.0, 31.4, 16.0]
[12.0, 12.0, 12.0, 12.0, 14.5, 10.5]
T = 0.10737418240000006	 step = 563
75.46000000000004
15.318775568181817
[15.0, 8.0, 27.0, 26.0, 18.0, 43.0]
[47.0, 12.0, 14.0, 44.0, 28.0, 15.0]
[8.0, 8.0, 8.0, 8.0, 31.4, 16.0]
[12.0, 12.0, 12.0, 12.0, 14.5, 10.5]
T = 0.10737418240000006	 step = 564
75.42000000000002
15.518775568181818
[15.0, 8.0, 27.0, 26.0, 18.0, 43.0]
[47.0, 11.0, 14.0, 44.0, 28.0, 15.0]
[8.0, 8.0, 8.0, 8.0, 31.4, 16.0]
[12.0, 12.0, 12.0, 12.0, 14.5, 10.5]
T = 0.10737418240000006	 step = 565
75.43
15.37275284090909
[15.0, 7.0, 27.0, 26.0, 18.0, 43.0]
[47.0, 12.0, 14.0, 44.0, 28.0, 15.0]
[8.0, 8.0, 8.0, 8.0, 31.4, 16.0]
[12.0, 12.0, 12.0, 12.0, 14.5, 10.5]
T = 0.10737418240000006	 step = 566
75.39000000000004
15.57275284090909
[15.0, 7.0, 27.0, 26.0, 18.0, 43.0]
[47.0, 12.0, 13.0, 44.0, 28.0, 15.0]
[8.0, 8.0, 8.0, 8.0, 31.4, 16.0]
[12.0, 12.0, 12.0, 12.0, 14.5, 10.5]
T = 0.10737418240000006	 step = 567
75.34000000000003
15.77275284090909
[15.0, 7.0, 27.0, 26.0, 18.0, 43.0]
[47.0, 11.0, 13.0, 44.0, 28.0, 15.0]
[8.0, 8.0, 8.0, 8.0, 31.4, 16.0]
[12.0, 12.0, 12.0, 12.0, 14.5, 10.5]
T = 0.10737418240000006	 step = 568
75.37
15.718775568181817
[15.0, 8.0, 27.0, 26.0, 18.0, 43.0]
[47.0, 11.0, 13.0, 44.0, 28.0, 15.0]
[8.0, 8.0, 8.0, 8.0, 31.4, 16.0]
[12.0, 12.0, 12.0, 12.0, 14.5, 10.5]
T = 0.10737418240000006	 step = 569
75.18
16.817420454545452
[5.0, 8.0, 27.0, 26.0, 18.0, 43.0]
[47.0, 11.0, 13.0, 44.0, 28.0, 15.0]
[8.0, 8.0, 8.0, 8.0, 31.4, 16.0]
[12.0, 12.0, 12.0, 12.0, 14.5, 10.5]
T = 0.10737418240000006	 step = 570
75.34000000000003
15.918775568181816
[15.0, 8.0, 28.0, 26.0, 18.0, 43.0]
[47.0, 11.0, 13.0, 44.0, 28.0, 15.0]
[8.0, 8.0, 8.0, 8.0, 31.4, 16.0]
[12.0, 12.0, 12.0, 12.0, 14.5, 10.5]
T = 0.10737418240000006	 step = 571
75.19
16.90941761363636
[15.0, 8.0, 28.0, 32.0, 18.0, 43.0]
[47.0, 11.0, 13.0, 43.0, 28.0, 15.0]
[8.0, 8.0, 8.0, 12.0, 31.4, 16.0]
[12.0, 12.0, 12.0, 8.0, 14.5, 10.5]
T = 0.10737418240000006	 step = 572
75.18
16.957144886363636
[14.0, 8.0, 28.0, 32.0, 18.0, 43.0]
[47.0, 11.0, 13.0, 43.0, 28.0, 15.0]
[8.0, 8.0, 8.0, 12.0, 31.4, 16.0]
[12.0, 12.0, 12.0, 8.0, 14.5, 10.5]
T = 0.10737418240000006	 step = 573
75.14000000000004
17.157144886363636
[14.0, 8.0, 28.0, 32.0, 18.0, 43.0]
[47.0, 10.0, 13.0, 43.0, 28.0, 15.0]
[8.0, 8.0, 8.0, 12.0, 31.4, 16.0]
[12.0, 12.0, 12.0, 8.0, 14.5, 10.5]
T = 0.10737418240000006	 step = 574
75.15000000000003
16.957144886363636
[14.0, 8.0, 28.0, 32.0, 18.0, 43.0]
[47.0, 10.0, 13.0, 43.0, 27.0, 15.0]
[8.0, 8.0, 8.0, 12.0, 31.4, 16.0]
[12.0, 12.0, 12.0, 8.0, 14.5, 10.5]
T = 0.10737418240000006	 step = 575
75.11000000000001
17.45472443181818
[14.0, 8.0, 28.0, 32.0, 17.0, 43.0]
[47.0, 10.0, 13.0, 43.0, 27.0, 15.0]
[8.0, 8.0, 8.0, 12.0, 31.4, 16.0]
[12.0, 12.0, 12.0, 8.0, 14.5, 10.5]
T = 0.10737418240000006	 step = 576
75.11000000000001
17.157144886363636
[14.0, 8.0, 28.0, 32.0, 18.0, 43.0]
[47.0, 10.0, 12.0, 43.0, 27.0, 15.0]
[8.0, 8.0, 8.0, 12.0, 31.4, 16.0]
[12.0, 12.0, 12.0, 8.0, 14.5, 10.5]
T = 0.10737418240000006	 step = 577
75.08000000000004
17.356428977272728
[14.0, 8.0, 28.0, 33.0, 18.0, 43.0]
[47.0, 10.0, 12.0, 43.0, 27.0, 15.0]
[8.0, 8.0, 8.0, 12.0, 31.4, 16.0]
[12.0, 12.0, 12.0, 8.0, 14.5, 10.5]
T = 0.10737418240000006	 step = 578
75.07000000000005
17.556428977272724
[14.0, 8.0, 28.0, 33.0, 18.0, 44.0]
[47.0, 10.0, 12.0, 43.0, 27.0, 15.0]
[8.0, 8.0, 8.0, 12.0, 31.4, 16.0]
[12.0, 12.0, 12.0, 8.0, 14.5, 10.5]
T = 0.10737418240000006	 step = 579
75.03000000000003
17.356428977272728
[14.0, 8.0, 28.0, 33.0, 18.0, 44.0]
[47.0, 10.0, 12.0, 43.0, 26.0, 15.0]
[8.0, 8.0, 8.0, 12.0, 31.4, 16.0]
[12.0, 12.0, 12.0, 8.0, 14.5, 10.5]
T = 0.10737418240000006	 step = 580
74.44
23.16994318181818
[14.0, 47.0, 28.0, 33.0, 18.0, 44.0]
[47.0, 48.0, 12.0, 43.0, 26.0, 15.0]
[8.0, 12.0, 8.0, 12.0, 31.4, 16.0]
[12.0, 8.0, 12.0, 8.0, 14.5, 10.5]
T = 0.10737418240000006	 step = 581
74.98000000000002
17.556428977272727
[14.0, 8.0, 28.0, 33.0, 18.0, 44.0]
[47.0, 9.0, 12.0, 43.0, 26.0, 15.0]
[8.0, 8.0, 8.0, 12.0, 31.4, 16.0]
[12.0, 12.0, 12.0, 8.0, 14.5, 10.5]
T = 0.10737418240000006	 step = 582
75.01000000000005
17.556428977272724
[14.0, 8.0, 28.0, 33.0, 18.0, 45.0]
[47.0, 10.0, 12.0, 43.0, 26.0, 15.0]
[8.0, 8.0, 8.0, 12.0, 31.4, 16.0]
[12.0, 12.0, 12.0, 8.0, 14.5, 10.5]
T = 0.10737418240000006	 step = 583
75.02000000000004
17.356428977272728
[14.0, 8.0, 28.0, 33.0, 18.0, 45.0]
[47.0, 10.0, 12.0, 43.0, 26.0, 16.0]
[8.0, 8.0, 8.0, 12.0, 31.4, 16.0]
[12.0, 12.0, 12.0, 8.0, 14.5, 10.5]
T = 0.10737418240000006	 step = 584
75.01000000000005
17.556428977272724
[14.0, 8.0, 28.0, 33.0, 18.0, 45.0]
[47.0, 10.0, 12.0, 43.0, 26.0, 15.0]
[8.0, 8.0, 8.0, 12.0, 31.4, 16.0]
[12.0, 12.0, 12.0, 8.0, 14.5, 10.5]
T = 0.10737418240000006	 step = 585
75.05000000000001
17.356428977272724
[14.0, 8.0, 27.0, 33.0, 18.0, 45.0]
[47.0, 10.0, 12.0, 43.0, 26.0, 15.0]
[8.0, 8.0, 8.0, 12.0, 31.4, 16.0]
[12.0, 12.0, 12.0, 8.0, 14.5, 10.5]
T = 0.10737418240000006	 step = 586
74.66000000000003
20.34688352272727
[50.0, 8.0, 27.0, 33.0, 18.0, 45.0]
[34.0, 10.0, 12.0, 43.0, 26.0, 15.0]
[8.0, 8.0, 8.0, 12.0, 31.4, 16.0]
[12.0, 12.0, 12.0, 8.0, 14.5, 10.5]
T = 0.10737418240000006	 step = 587
75.01000000000005
17.556428977272724
[14.0, 8.0, 28.0, 33.0, 18.0, 45.0]
[47.0, 10.0, 12.0, 43.0, 26.0, 15.0]
[8.0, 8.0, 8.0, 12.0, 31.4, 16.0]
[12.0, 12.0, 12.0, 8.0, 14.5, 10.5]
T = 0.10737418240000006	 step = 588
74.97000000000003
17.756428977272723
[14.0, 8.0, 28.0, 33.0, 18.0, 45.0]
[47.0, 9.0, 12.0, 43.0, 26.0, 15.0]
[8.0, 8.0, 8.0, 12.0, 31.4, 16.0]
[12.0, 12.0, 12.0, 8.0, 14.5, 10.5]
T = 0.10737418240000006	 step = 589
74.95000000000005
17.956428977272726
[14.0, 8.0, 28.0, 33.0, 18.0, 46.0]
[47.0, 9.0, 12.0, 43.0, 26.0, 15.0]
[8.0, 8.0, 8.0, 12.0, 31.4, 16.0]
[12.0, 12.0, 12.0, 8.0, 14.5, 10.5]
T = 0.10737418240000006	 step = 590
74.90000000000003
18.156428977272725
[14.0, 8.0, 28.0, 33.0, 18.0, 46.0]
[47.0, 9.0, 11.0, 43.0, 26.0, 15.0]
[8.0, 8.0, 8.0, 12.0, 31.4, 16.0]
[12.0, 12.0, 12.0, 8.0, 14.5, 10.5]
T = 0.10737418240000006	 step = 591
74.98000000000002
17.757144886363633
[14.0, 8.0, 28.0, 32.0, 18.0, 46.0]
[47.0, 9.0, 12.0, 43.0, 26.0, 15.0]
[8.0, 8.0, 8.0, 12.0, 31.4, 16.0]
[12.0, 12.0, 12.0, 8.0, 14.5, 10.5]
T = 0.10737418240000006	 step = 592
74.95000000000005
17.956428977272726
[14.0, 8.0, 28.0, 33.0, 18.0, 46.0]
[47.0, 9.0, 12.0, 43.0, 26.0, 15.0]
[8.0, 8.0, 8.0, 12.0, 31.4, 16.0]
[12.0, 12.0, 12.0, 8.0, 14.5, 10.5]
T = 0.10737418240000006	 step = 593
75.02000000000004
17.557144886363634
[14.0, 8.0, 28.0, 32.0, 18.0, 46.0]
[47.0, 10.0, 12.0, 43.0, 26.0, 15.0]
[8.0, 8.0, 8.0, 12.0, 31.4, 16.0]
[12.0, 12.0, 12.0, 8.0, 14.5, 10.5]
T = 0.10737418240000006	 step = 594
74.57000000000005
19.408232954545454
[14.0, 8.0, 45.0, 32.0, 18.0, 46.0]
[47.0, 10.0, 30.0, 43.0, 26.0, 15.0]
[8.0, 8.0, 12.0, 12.0, 31.4, 16.0]
[12.0, 12.0, 8.0, 8.0, 14.5, 10.5]
T = 0.10737418240000006	 step = 595
75.07000000000005
17.757144886363633
[14.0, 8.0, 28.0, 32.0, 18.0, 46.0]
[47.0, 10.0, 12.0, 43.0, 27.0, 15.0]
[8.0, 8.0, 8.0, 12.0, 31.4, 16.0]
[12.0, 12.0, 12.0, 8.0, 14.5, 10.5]
T = 0.10737418240000006	 step = 596
75.08000000000004
17.557144886363634
[14.0, 8.0, 28.0, 32.0, 18.0, 46.0]
[47.0, 10.0, 12.0, 43.0, 27.0, 16.0]
[8.0, 8.0, 8.0, 12.0, 31.4, 16.0]
[12.0, 12.0, 12.0, 8.0, 14.5, 10.5]
T = 0.10737418240000006	 step = 597
75.10000000000002
17.50316761363636
[14.0, 9.0, 28.0, 32.0, 18.0, 46.0]
[47.0, 10.0, 12.0, 43.0, 27.0, 16.0]
[8.0, 8.0, 8.0, 12.0, 31.4, 16.0]
[12.0, 12.0, 12.0, 8.0, 14.5, 10.5]
T = 0.10737418240000006	 step = 598
75.06
17.703167613636364
[14.0, 9.0, 29.0, 32.0, 18.0, 46.0]
[47.0, 10.0, 12.0, 43.0, 27.0, 16.0]
[8.0, 8.0, 8.0, 12.0, 31.4, 16.0]
[12.0, 12.0, 12.0, 8.0, 14.5, 10.5]
T = 0.10737418240000006	 step = 599
74.69
21.89290625
[45.0, 9.0, 28.0, 32.0, 18.0, 46.0]
[46.0, 10.0, 12.0, 43.0, 27.0, 16.0]
[8.0, 8.0, 8.0, 12.0, 31.4, 16.0]
[12.0, 12.0, 12.0, 8.0, 14.5, 10.5]
T = 0.10737418240000006	 step = 600
75.14000000000004
17.15029261363636
[14.0, 9.0, 28.0, 32.0, 19.0, 46.0]
[47.0, 10.0, 12.0, 43.0, 27.0, 16.0]
[8.0, 8.0, 8.0, 12.0, 31.4, 16.0]
[12.0, 12.0, 12.0, 8.0, 14.5, 10.5]
T = 0.10737418240000006	 step = 601
75.10000000000002
17.50316761363636
[14.0, 9.0, 28.0, 32.0, 18.0, 46.0]
[47.0, 10.0, 12.0, 43.0, 27.0, 16.0]
[8.0, 8.0, 8.0, 12.0, 31.4, 16.0]
[12.0, 12.0, 12.0, 8.0, 14.5, 10.5]
T = 0.10737418240000006	 step = 602
75.06
17.703167613636364
[14.0, 9.0, 28.0, 32.0, 18.0, 46.0]
[48.0, 10.0, 12.0, 43.0, 27.0, 16.0]
[8.0, 8.0, 8.0, 12.0, 31.4, 16.0]
[12.0, 12.0, 12.0, 8.0, 14.5, 10.5]
T = 0.10737418240000006	 step = 603
75.05000000000001
17.903167613636363
[14.0, 9.0, 28.0, 32.0, 18.0, 46.0]
[48.0, 10.0, 12.0, 43.0, 27.0, 15.0]
[8.0, 8.0, 8.0, 12.0, 31.4, 16.0]
[12.0, 12.0, 12.0, 8.0, 14.5, 10.5]
T = 0.10737418240000006	 step = 604
75.06
17.85544034090909
[15.0, 9.0, 28.0, 32.0, 18.0, 46.0]
[48.0, 10.0, 12.0, 43.0, 27.0, 15.0]
[8.0, 8.0, 8.0, 12.0, 31.4, 16.0]
[12.0, 12.0, 12.0, 8.0, 14.5, 10.5]
T = 0.10737418240000006	 step = 605
75.02000000000004
18.05544034090909
[15.0, 9.0, 29.0, 32.0, 18.0, 46.0]
[48.0, 10.0, 12.0, 43.0, 27.0, 15.0]
[8.0, 8.0, 8.0, 12.0, 31.4, 16.0]
[12.0, 12.0, 12.0, 8.0, 14.5, 10.5]
T = 0.10737418240000006	 step = 606
75.07000000000005
17.85544034090909
[15.0, 9.0, 29.0, 32.0, 18.0, 46.0]
[48.0, 11.0, 12.0, 43.0, 27.0, 15.0]
[8.0, 8.0, 8.0, 12.0, 31.4, 16.0]
[12.0, 12.0, 12.0, 8.0, 14.5, 10.5]
T = 0.08589934592000005	 step = 607
75.11000000000001
17.655440340909088
[15.0, 9.0, 29.0, 32.0, 18.0, 46.0]
[48.0, 11.0, 12.0, 42.0, 27.0, 15.0]
[8.0, 8.0, 8.0, 12.0, 31.4, 16.0]
[12.0, 12.0, 12.0, 8.0, 14.5, 10.5]
T = 0.08589934592000005	 step = 608
75.10000000000002
17.703167613636364
[14.0, 9.0, 29.0, 32.0, 18.0, 46.0]
[48.0, 11.0, 12.0, 42.0, 27.0, 15.0]
[8.0, 8.0, 8.0, 12.0, 31.4, 16.0]
[12.0, 12.0, 12.0, 8.0, 14.5, 10.5]
T = 0.08589934592000005	 step = 609
75.15000000000003
17.50316761363636
[14.0, 9.0, 29.0, 32.0, 18.0, 46.0]
[48.0, 12.0, 12.0, 42.0, 27.0, 15.0]
[8.0, 8.0, 8.0, 12.0, 31.4, 16.0]
[12.0, 12.0, 12.0, 8.0, 14.5, 10.5]
T = 0.08589934592000005	 step = 610
75.19
17.30316761363636
[14.0, 9.0, 28.0, 32.0, 18.0, 46.0]
[48.0, 12.0, 12.0, 42.0, 27.0, 15.0]
[8.0, 8.0, 8.0, 12.0, 31.4, 16.0]
[12.0, 12.0, 12.0, 8.0, 14.5, 10.5]
T = 0.08589934592000005	 step = 611
75.14000000000004
17.103167613636362
[14.0, 9.0, 28.0, 32.0, 18.0, 46.0]
[48.0, 12.0, 12.0, 42.0, 26.0, 15.0]
[8.0, 8.0, 8.0, 12.0, 31.4, 16.0]
[12.0, 12.0, 12.0, 8.0, 14.5, 10.5]
T = 0.08589934592000005	 step = 612
75.17000000000002
16.903167613636363
[14.0, 9.0, 28.0, 31.0, 18.0, 46.0]
[48.0, 12.0, 12.0, 42.0, 26.0, 15.0]
[8.0, 8.0, 8.0, 12.0, 31.4, 16.0]
[12.0, 12.0, 12.0, 8.0, 14.5, 10.5]
T = 0.08589934592000005	 step = 613
75.13
17.103167613636362
[14.0, 9.0, 29.0, 31.0, 18.0, 46.0]
[48.0, 12.0, 12.0, 42.0, 26.0, 15.0]
[8.0, 8.0, 8.0, 12.0, 31.4, 16.0]
[12.0, 12.0, 12.0, 8.0, 14.5, 10.5]
T = 0.08589934592000005	 step = 614
75.17000000000002
16.903167613636363
[14.0, 9.0, 28.0, 31.0, 18.0, 46.0]
[48.0, 12.0, 12.0, 42.0, 26.0, 15.0]
[8.0, 8.0, 8.0, 12.0, 31.4, 16.0]
[12.0, 12.0, 12.0, 8.0, 14.5, 10.5]
T = 0.08589934592000005	 step = 615
75.13
17.103167613636362
[14.0, 9.0, 28.0, 31.0, 18.0, 46.0]
[48.0, 12.0, 11.0, 42.0, 26.0, 15.0]
[8.0, 8.0, 8.0, 12.0, 31.4, 16.0]
[12.0, 12.0, 12.0, 8.0, 14.5, 10.5]
T = 0.08589934592000005	 step = 616
75.14000000000004
16.903167613636363
[14.0, 9.0, 28.0, 31.0, 18.0, 45.0]
[48.0, 12.0, 11.0, 42.0, 26.0, 15.0]
[8.0, 8.0, 8.0, 12.0, 31.4, 16.0]
[12.0, 12.0, 12.0, 8.0, 14.5, 10.5]
T = 0.08589934592000005	 step = 617
75.19
16.703167613636364
[14.0, 9.0, 28.0, 31.0, 18.0, 45.0]
[48.0, 12.0, 12.0, 42.0, 26.0, 15.0]
[8.0, 8.0, 8.0, 12.0, 31.4, 16.0]
[12.0, 12.0, 12.0, 8.0, 14.5, 10.5]
T = 0.08589934592000005	 step = 618
75.20000000000005
16.655440340909088
[15.0, 9.0, 28.0, 31.0, 18.0, 45.0]
[48.0, 12.0, 12.0, 42.0, 26.0, 15.0]
[8.0, 8.0, 8.0, 12.0, 31.4, 16.0]
[12.0, 12.0, 12.0, 8.0, 14.5, 10.5]
T = 0.08589934592000005	 step = 619
75.19
16.85544034090909
[15.0, 9.0, 28.0, 31.0, 18.0, 45.0]
[48.0, 12.0, 12.0, 42.0, 26.0, 14.0]
[8.0, 8.0, 8.0, 12.0, 31.4, 16.0]
[12.0, 12.0, 12.0, 8.0, 14.5, 10.5]
T = 0.08589934592000005	 step = 620
75.15000000000003
17.05544034090909
[15.0, 9.0, 28.0, 31.0, 18.0, 45.0]
[48.0, 12.0, 12.0, 43.0, 26.0, 14.0]
[8.0, 8.0, 8.0, 12.0, 31.4, 16.0]
[12.0, 12.0, 12.0, 8.0, 14.5, 10.5]
T = 0.08589934592000005	 step = 621
75.13
17.25544034090909
[15.0, 9.0, 28.0, 32.0, 18.0, 45.0]
[48.0, 12.0, 12.0, 43.0, 26.0, 14.0]
[8.0, 8.0, 8.0, 12.0, 31.4, 16.0]
[12.0, 12.0, 12.0, 8.0, 14.5, 10.5]
T = 0.08589934592000005	 step = 622
75.12
17.25544034090909
[15.0, 9.0, 28.0, 31.0, 18.0, 45.0]
[48.0, 12.0, 12.0, 44.0, 26.0, 14.0]
[8.0, 8.0, 8.0, 12.0, 31.4, 16.0]
[12.0, 12.0, 12.0, 8.0, 14.5, 10.5]
T = 0.08589934592000005	 step = 623
75.09000000000003
17.753735795454542
[15.0, 9.0, 28.0, 31.0, 17.0, 45.0]
[48.0, 12.0, 12.0, 44.0, 26.0, 14.0]
[8.0, 8.0, 8.0, 12.0, 31.4, 16.0]
[12.0, 12.0, 12.0, 8.0, 14.5, 10.5]
T = 0.08589934592000005	 step = 624
75.08000000000004
17.45544034090909
[15.0, 9.0, 29.0, 31.0, 18.0, 45.0]
[48.0, 12.0, 12.0, 44.0, 26.0, 14.0]
[8.0, 8.0, 8.0, 12.0, 31.4, 16.0]
[12.0, 12.0, 12.0, 8.0, 14.5, 10.5]
T = 0.08589934592000005	 step = 625
75.13
17.655440340909088
[15.0, 9.0, 29.0, 31.0, 18.0, 45.0]
[48.0, 12.0, 12.0, 44.0, 27.0, 14.0]
[8.0, 8.0, 8.0, 12.0, 31.4, 16.0]
[12.0, 12.0, 12.0, 8.0, 14.5, 10.5]
T = 0.08589934592000005	 step = 626
74.98000000000002
18.108678977272724
[15.0, 20.0, 29.0, 31.0, 18.0, 45.0]
[48.0, 7.0, 12.0, 44.0, 27.0, 14.0]
[8.0, 8.0, 8.0, 12.0, 31.4, 16.0]
[12.0, 12.0, 12.0, 8.0, 14.5, 10.5]
T = 0.08589934592000005	 step = 627
75.04000000000002
17.472315340909088
[15.0, 20.0, 29.0, 31.0, 19.0, 45.0]
[48.0, 7.0, 12.0, 44.0, 27.0, 14.0]
[8.0, 8.0, 8.0, 12.0, 31.4, 16.0]
[12.0, 12.0, 12.0, 8.0, 14.5, 10.5]
T = 0.08589934592000005	 step = 628
75.10000000000002
17.27231534090909
[15.0, 20.0, 29.0, 31.0, 19.0, 45.0]
[48.0, 8.0, 12.0, 44.0, 27.0, 14.0]
[8.0, 8.0, 8.0, 12.0, 31.4, 16.0]
[12.0, 12.0, 12.0, 8.0, 14.5, 10.5]
T = 0.08589934592000005	 step = 629
75.12
17.07231534090909
[15.0, 20.0, 29.0, 30.0, 19.0, 45.0]
[48.0, 8.0, 12.0, 44.0, 27.0, 14.0]
[8.0, 8.0, 8.0, 12.0, 31.4, 16.0]
[12.0, 12.0, 12.0, 8.0, 14.5, 10.5]
T = 0.08589934592000005	 step = 630
74.64000000000004
18.463318181818178
[15.0, 20.0, 48.0, 30.0, 19.0, 45.0]
[48.0, 8.0, 28.0, 44.0, 27.0, 14.0]
[8.0, 8.0, 8.0, 12.0, 31.4, 16.0]
[12.0, 12.0, 12.0, 8.0, 14.5, 10.5]
T = 0.08589934592000005	 step = 631
74.68
20.31147159090909
[15.0, 20.0, 29.0, 50.0, 19.0, 45.0]
[48.0, 8.0, 12.0, 40.0, 27.0, 14.0]
[8.0, 8.0, 8.0, 8.0, 31.4, 16.0]
[12.0, 12.0, 12.0, 12.0, 14.5, 10.5]
T = 0.08589934592000005	 step = 632
75.18
16.872315340909086
[15.0, 20.0, 29.0, 30.0, 19.0, 45.0]
[48.0, 9.0, 12.0, 44.0, 27.0, 14.0]
[8.0, 8.0, 8.0, 12.0, 31.4, 16.0]
[12.0, 12.0, 12.0, 8.0, 14.5, 10.5]
T = 0.08589934592000005	 step = 633
75.17000000000002
17.062053977272726
[14.0, 20.0, 29.0, 30.0, 19.0, 45.0]
[48.0, 9.0, 12.0, 44.0, 27.0, 14.0]
[8.0, 8.0, 8.0, 12.0, 31.4, 16.0]
[12.0, 12.0, 12.0, 8.0, 14.5, 10.5]
T = 0.08589934592000005	 step = 634
75.10000000000002
17.552997159090907
[14.0, 20.0, 29.0, 30.0, 18.0, 45.0]
[48.0, 9.0, 12.0, 44.0, 27.0, 14.0]
[8.0, 8.0, 8.0, 12.0, 31.4, 16.0]
[12.0, 12.0, 12.0, 8.0, 14.5, 10.5]
T = 0.08589934592000005	 step = 635
75.09000000000003
17.752997159090906
[14.0, 20.0, 29.0, 30.0, 18.0, 46.0]
[48.0, 9.0, 12.0, 44.0, 27.0, 14.0]
[8.0, 8.0, 8.0, 12.0, 31.4, 16.0]
[12.0, 12.0, 12.0, 8.0, 14.5, 10.5]
T = 0.08589934592000005	 step = 636
75.11000000000001
17.508678977272723
[15.0, 20.0, 29.0, 30.0, 18.0, 45.0]
[48.0, 9.0, 12.0, 44.0, 27.0, 14.0]
[8.0, 8.0, 8.0, 12.0, 31.4, 16.0]
[12.0, 12.0, 12.0, 8.0, 14.5, 10.5]
T = 0.08589934592000005	 step = 637
75.12
17.308678977272724
[15.0, 20.0, 29.0, 30.0, 18.0, 44.0]
[48.0, 9.0, 12.0, 44.0, 27.0, 14.0]
[8.0, 8.0, 8.0, 12.0, 31.4, 16.0]
[12.0, 12.0, 12.0, 8.0, 14.5, 10.5]
T = 0.08589934592000005	 step = 638
75.19
16.672315340909087
[15.0, 20.0, 29.0, 30.0, 19.0, 44.0]
[48.0, 9.0, 12.0, 44.0, 27.0, 14.0]
[8.0, 8.0, 8.0, 12.0, 31.4, 16.0]
[12.0, 12.0, 12.0, 8.0, 14.5, 10.5]
T = 0.08589934592000005	 step = 639
75.12
17.308678977272724
[15.0, 20.0, 29.0, 30.0, 18.0, 44.0]
[48.0, 9.0, 12.0, 44.0, 27.0, 14.0]
[8.0, 8.0, 8.0, 12.0, 31.4, 16.0]
[12.0, 12.0, 12.0, 8.0, 14.5, 10.5]
T = 0.08589934592000005	 step = 640
74.86000000000001
20.03670170454545
[15.0, 20.0, 29.0, 46.0, 18.0, 44.0]
[48.0, 9.0, 12.0, 27.0, 27.0, 14.0]
[8.0, 8.0, 8.0, 8.0, 31.4, 16.0]
[12.0, 12.0, 12.0, 12.0, 14.5, 10.5]
T = 0.08589934592000005	 step = 641
75.12
17.508678977272723
[15.0, 20.0, 29.0, 30.0, 18.0, 44.0]
[48.0, 9.0, 12.0, 44.0, 27.0, 13.0]
[8.0, 8.0, 8.0, 12.0, 31.4, 16.0]
[12.0, 12.0, 12.0, 8.0, 14.5, 10.5]
T = 0.08589934592000005	 step = 642
75.08000000000004
17.308678977272724
[15.0, 20.0, 29.0, 30.0, 18.0, 44.0]
[48.0, 9.0, 12.0, 44.0, 26.0, 13.0]
[8.0, 8.0, 8.0, 12.0, 31.4, 16.0]
[12.0, 12.0, 12.0, 8.0, 14.5, 10.5]
T = 0.08589934592000005	 step = 643
75.05000000000001
17.508678977272723
[15.0, 20.0, 29.0, 30.0, 18.0, 44.0]
[48.0, 9.0, 12.0, 45.0, 26.0, 13.0]
[8.0, 8.0, 8.0, 12.0, 31.4, 16.0]
[12.0, 12.0, 12.0, 8.0, 14.5, 10.5]
T = 0.08589934592000005	 step = 644
75.02000000000004
17.708678977272726
[15.0, 20.0, 30.0, 30.0, 18.0, 44.0]
[48.0, 9.0, 12.0, 45.0, 26.0, 13.0]
[8.0, 8.0, 8.0, 12.0, 31.4, 16.0]
[12.0, 12.0, 12.0, 8.0, 14.5, 10.5]
T = 0.08589934592000005	 step = 645
75.05000000000001
17.908678977272725
[15.0, 20.0, 30.0, 30.0, 18.0, 44.0]
[48.0, 9.0, 12.0, 45.0, 27.0, 13.0]
[8.0, 8.0, 8.0, 12.0, 31.4, 16.0]
[12.0, 12.0, 12.0, 8.0, 14.5, 10.5]
T = 0.08589934592000005	 step = 646
75.09000000000003
17.708678977272722
[15.0, 20.0, 29.0, 30.0, 18.0, 44.0]
[48.0, 9.0, 12.0, 45.0, 27.0, 13.0]
[8.0, 8.0, 8.0, 12.0, 31.4, 16.0]
[12.0, 12.0, 12.0, 8.0, 14.5, 10.5]
T = 0.08589934592000005	 step = 647
75.05000000000001
17.908678977272725
[15.0, 20.0, 30.0, 30.0, 18.0, 44.0]
[48.0, 9.0, 12.0, 45.0, 27.0, 13.0]
[8.0, 8.0, 8.0, 12.0, 31.4, 16.0]
[12.0, 12.0, 12.0, 8.0, 14.5, 10.5]
T = 0.08589934592000005	 step = 648
75.11000000000001
17.708678977272726
[15.0, 20.0, 30.0, 30.0, 18.0, 44.0]
[48.0, 10.0, 12.0, 45.0, 27.0, 13.0]
[8.0, 8.0, 8.0, 12.0, 31.4, 16.0]
[12.0, 12.0, 12.0, 8.0, 14.5, 10.5]
T = 0.08589934592000005	 step = 649
75.15000000000003
17.508678977272723
[15.0, 20.0, 30.0, 30.0, 18.0, 44.0]
[48.0, 10.0, 12.0, 44.0, 27.0, 13.0]
[8.0, 8.0, 8.0, 12.0, 31.4, 16.0]
[12.0, 12.0, 12.0, 8.0, 14.5, 10.5]
T = 0.08589934592000005	 step = 650
75.10000000000002
17.708678977272722
[15.0, 20.0, 30.0, 30.0, 18.0, 44.0]
[48.0, 10.0, 11.0, 44.0, 27.0, 13.0]
[8.0, 8.0, 8.0, 12.0, 31.4, 16.0]
[12.0, 12.0, 12.0, 8.0, 14.5, 10.5]
T = 0.08589934592000005	 step = 651
74.93
18.76730397727273
[15.0, 20.0, 30.0, 41.0, 18.0, 44.0]
[48.0, 10.0, 11.0, 38.0, 27.0, 13.0]
[8.0, 8.0, 8.0, 12.0, 31.4, 16.0]
[12.0, 12.0, 12.0, 8.0, 14.5, 10.5]
T = 0.08589934592000005	 step = 652
74.93
18.722985795454548
[16.0, 20.0, 30.0, 41.0, 18.0, 44.0]
[48.0, 10.0, 11.0, 38.0, 27.0, 13.0]
[8.0, 8.0, 8.0, 12.0, 31.4, 16.0]
[12.0, 12.0, 12.0, 8.0, 14.5, 10.5]
T = 0.08589934592000005	 step = 653
74.87
18.922985795454547
[16.0, 20.0, 30.0, 41.0, 18.0, 44.0]
[48.0, 9.0, 11.0, 38.0, 27.0, 13.0]
[8.0, 8.0, 8.0, 12.0, 31.4, 16.0]
[12.0, 12.0, 12.0, 8.0, 14.5, 10.5]
T = 0.08589934592000005	 step = 654
74.81
19.122985795454547
[16.0, 20.0, 30.0, 41.0, 18.0, 44.0]
[48.0, 8.0, 11.0, 38.0, 27.0, 13.0]
[8.0, 8.0, 8.0, 12.0, 31.4, 16.0]
[12.0, 12.0, 12.0, 8.0, 14.5, 10.5]
T = 0.08589934592000005	 step = 655
75.01000000000005
18.064360795454544
[16.0, 20.0, 30.0, 32.0, 18.0, 44.0]
[48.0, 8.0, 11.0, 42.0, 27.0, 13.0]
[8.0, 8.0, 8.0, 8.0, 31.4, 16.0]
[12.0, 12.0, 12.0, 12.0, 14.5, 10.5]
T = 0.08589934592000005	 step = 656
74.73000000000002
19.33254261363636
[16.0, 20.0, 42.0, 32.0, 18.0, 44.0]
[48.0, 8.0, 38.0, 42.0, 27.0, 13.0]
[8.0, 8.0, 8.0, 8.0, 31.4, 16.0]
[12.0, 12.0, 12.0, 12.0, 14.5, 10.5]
T = 0.08589934592000005	 step = 657
74.98000000000002
18.264360795454543
[16.0, 20.0, 31.0, 32.0, 18.0, 44.0]
[48.0, 8.0, 11.0, 42.0, 27.0, 13.0]
[8.0, 8.0, 8.0, 8.0, 31.4, 16.0]
[12.0, 12.0, 12.0, 12.0, 14.5, 10.5]
T = 0.08589934592000005	 step = 658
75.01000000000005
17.983678977272724
[16.0, 19.0, 30.0, 32.0, 18.0, 44.0]
[48.0, 8.0, 11.0, 42.0, 27.0, 13.0]
[8.0, 8.0, 8.0, 8.0, 31.4, 16.0]
[12.0, 12.0, 12.0, 12.0, 14.5, 10.5]
T = 0.08589934592000005	 step = 659
74.97000000000003
18.183678977272724
[16.0, 19.0, 30.0, 32.0, 18.0, 44.0]
[48.0, 8.0, 10.0, 42.0, 27.0, 13.0]
[8.0, 8.0, 8.0, 8.0, 31.4, 16.0]
[12.0, 12.0, 12.0, 12.0, 14.5, 10.5]
T = 0.08589934592000005	 step = 660
74.97000000000003
18.102997159090904
[16.0, 18.0, 30.0, 32.0, 18.0, 44.0]
[48.0, 8.0, 10.0, 42.0, 27.0, 13.0]
[8.0, 8.0, 8.0, 8.0, 31.4, 16.0]
[12.0, 12.0, 12.0, 12.0, 14.5, 10.5]
T = 0.08589934592000005	 step = 661
74.97000000000003
18.183678977272724
[16.0, 19.0, 30.0, 32.0, 18.0, 44.0]
[48.0, 8.0, 10.0, 42.0, 27.0, 13.0]
[8.0, 8.0, 8.0, 8.0, 31.4, 16.0]
[12.0, 12.0, 12.0, 12.0, 14.5, 10.5]
T = 0.06871947673600004	 step = 662
74.94
18.383678977272723
[16.0, 19.0, 30.0, 32.0, 18.0, 44.0]
[48.0, 8.0, 10.0, 42.0, 28.0, 13.0]
[8.0, 8.0, 8.0, 8.0, 31.4, 16.0]
[12.0, 12.0, 12.0, 12.0, 14.5, 10.5]
T = 0.06871947673600004	 step = 663
74.90000000000003
18.583678977272722
[16.0, 19.0, 30.0, 32.0, 18.0, 44.0]
[48.0, 8.0, 9.0, 42.0, 28.0, 13.0]
[8.0, 8.0, 8.0, 8.0, 31.4, 16.0]
[12.0, 12.0, 12.0, 12.0, 14.5, 10.5]
T = 0.06871947673600004	 step = 664
74.90000000000003
18.627997159090906
[15.0, 19.0, 30.0, 32.0, 18.0, 44.0]
[48.0, 8.0, 9.0, 42.0, 28.0, 13.0]
[8.0, 8.0, 8.0, 8.0, 31.4, 16.0]
[12.0, 12.0, 12.0, 12.0, 14.5, 10.5]
T = 0.06871947673600004	 step = 665
74.86000000000001
18.827997159090906
[15.0, 19.0, 30.0, 32.0, 18.0, 44.0]
[48.0, 8.0, 8.0, 42.0, 28.0, 13.0]
[8.0, 8.0, 8.0, 8.0, 31.4, 16.0]
[12.0, 12.0, 12.0, 12.0, 14.5, 10.5]
T = 0.06871947673600004	 step = 666
74.87
18.627997159090906
[15.0, 19.0, 30.0, 32.0, 18.0, 43.0]
[48.0, 8.0, 8.0, 42.0, 28.0, 13.0]
[8.0, 8.0, 8.0, 8.0, 31.4, 16.0]
[12.0, 12.0, 12.0, 12.0, 14.5, 10.5]
T = 0.06871947673600004	 step = 667
74.84000000000003
18.827997159090906
[15.0, 19.0, 30.0, 33.0, 18.0, 43.0]
[48.0, 8.0, 8.0, 42.0, 28.0, 13.0]
[8.0, 8.0, 8.0, 8.0, 31.4, 16.0]
[12.0, 12.0, 12.0, 12.0, 14.5, 10.5]
T = 0.06871947673600004	 step = 668
74.83000000000004
18.827997159090906
[15.0, 19.0, 30.0, 32.0, 18.0, 43.0]
[48.0, 7.0, 8.0, 42.0, 28.0, 13.0]
[8.0, 8.0, 8.0, 8.0, 31.4, 16.0]
[12.0, 12.0, 12.0, 12.0, 14.5, 10.5]
T = 0.06871947673600004	 step = 669
74.91000000000003
18.427997159090907
[15.0, 19.0, 30.0, 31.0, 18.0, 43.0]
[48.0, 8.0, 8.0, 42.0, 28.0, 13.0]
[8.0, 8.0, 8.0, 8.0, 31.4, 16.0]
[12.0, 12.0, 12.0, 12.0, 14.5, 10.5]
T = 0.06871947673600004	 step = 670
74.94
18.227997159090904
[15.0, 19.0, 30.0, 31.0, 18.0, 43.0]
[48.0, 8.0, 9.0, 42.0, 28.0, 13.0]
[8.0, 8.0, 8.0, 8.0, 31.4, 16.0]
[12.0, 12.0, 12.0, 12.0, 14.5, 10.5]
T = 0.06871947673600004	 step = 671
75.0
18.027997159090905
[15.0, 19.0, 30.0, 31.0, 18.0, 43.0]
[47.0, 8.0, 9.0, 42.0, 28.0, 13.0]
[8.0, 8.0, 8.0, 8.0, 31.4, 16.0]
[12.0, 12.0, 12.0, 12.0, 14.5, 10.5]
T = 0.06871947673600004	 step = 672
74.99000000000001
18.108678977272724
[15.0, 20.0, 30.0, 31.0, 18.0, 43.0]
[47.0, 8.0, 9.0, 42.0, 28.0, 13.0]
[8.0, 8.0, 8.0, 8.0, 31.4, 16.0]
[12.0, 12.0, 12.0, 12.0, 14.5, 10.5]
T = 0.06871947673600004	 step = 673
74.93
18.74504261363636
[15.0, 20.0, 30.0, 31.0, 17.0, 43.0]
[47.0, 8.0, 9.0, 42.0, 28.0, 13.0]
[8.0, 8.0, 8.0, 8.0, 31.4, 16.0]
[12.0, 12.0, 12.0, 12.0, 14.5, 10.5]
T = 0.06871947673600004	 step = 674
74.92000000000002
18.94504261363636
[15.0, 20.0, 30.0, 31.0, 17.0, 43.0]
[47.0, 8.0, 9.0, 42.0, 28.0, 12.0]
[8.0, 8.0, 8.0, 8.0, 31.4, 16.0]
[12.0, 12.0, 12.0, 12.0, 14.5, 10.5]
T = 0.06871947673600004	 step = 675
74.90000000000003
19.14504261363636
[15.0, 20.0, 30.0, 31.0, 17.0, 43.0]
[47.0, 8.0, 9.0, 43.0, 28.0, 12.0]
[8.0, 8.0, 8.0, 8.0, 31.4, 16.0]
[12.0, 12.0, 12.0, 12.0, 14.5, 10.5]
T = 0.06871947673600004	 step = 676
74.62
20.85867613636363
[15.0, 44.0, 30.0, 31.0, 17.0, 43.0]
[47.0, 34.0, 9.0, 43.0, 28.0, 12.0]
[8.0, 8.0, 8.0, 8.0, 31.4, 16.0]
[12.0, 12.0, 12.0, 12.0, 14.5, 10.5]
T = 0.06871947673600004	 step = 677
74.89000000000004
19.22572443181818
[15.0, 21.0, 30.0, 31.0, 17.0, 43.0]
[47.0, 8.0, 9.0, 43.0, 28.0, 12.0]
[8.0, 8.0, 8.0, 8.0, 31.4, 16.0]
[12.0, 12.0, 12.0, 12.0, 14.5, 10.5]
T = 0.06871947673600004	 step = 678
74.90000000000003
19.18140625
[16.0, 21.0, 30.0, 31.0, 17.0, 43.0]
[47.0, 8.0, 9.0, 43.0, 28.0, 12.0]
[8.0, 8.0, 8.0, 8.0, 31.4, 16.0]
[12.0, 12.0, 12.0, 12.0, 14.5, 10.5]
T = 0.06871947673600004	 step = 679
74.86000000000001
19.381406249999998
[16.0, 21.0, 30.0, 31.0, 17.0, 43.0]
[47.0, 8.0, 9.0, 44.0, 28.0, 12.0]
[8.0, 8.0, 8.0, 8.0, 31.4, 16.0]
[12.0, 12.0, 12.0, 12.0, 14.5, 10.5]
T = 0.06871947673600004	 step = 680
74.85000000000002
19.581406249999997
[16.0, 21.0, 30.0, 31.0, 17.0, 44.0]
[47.0, 8.0, 9.0, 44.0, 28.0, 12.0]
[8.0, 8.0, 8.0, 8.0, 31.4, 16.0]
[12.0, 12.0, 12.0, 12.0, 14.5, 10.5]
T = 0.06871947673600004	 step = 681
74.88
19.381406249999998
[16.0, 21.0, 30.0, 31.0, 17.0, 44.0]
[47.0, 8.0, 10.0, 44.0, 28.0, 12.0]
[8.0, 8.0, 8.0, 8.0, 31.4, 16.0]
[12.0, 12.0, 12.0, 12.0, 14.5, 10.5]
T = 0.06871947673600004	 step = 682
74.91000000000003
19.18140625
[16.0, 21.0, 30.0, 30.0, 17.0, 44.0]
[47.0, 8.0, 10.0, 44.0, 28.0, 12.0]
[8.0, 8.0, 8.0, 8.0, 31.4, 16.0]
[12.0, 12.0, 12.0, 12.0, 14.5, 10.5]
T = 0.06871947673600004	 step = 683
74.87
19.381406249999998
[16.0, 21.0, 30.0, 30.0, 17.0, 44.0]
[47.0, 7.0, 10.0, 44.0, 28.0, 12.0]
[8.0, 8.0, 8.0, 8.0, 31.4, 16.0]
[12.0, 12.0, 12.0, 12.0, 14.5, 10.5]
T = 0.06871947673600004	 step = 684
74.82000000000005
19.581406249999997
[16.0, 21.0, 30.0, 30.0, 17.0, 44.0]
[47.0, 7.0, 10.0, 44.0, 29.0, 12.0]
[8.0, 8.0, 8.0, 8.0, 31.4, 16.0]
[12.0, 12.0, 12.0, 12.0, 14.5, 10.5]
T = 0.06871947673600004	 step = 685
74.81
19.625724431818178
[15.0, 21.0, 30.0, 30.0, 17.0, 44.0]
[47.0, 7.0, 10.0, 44.0, 29.0, 12.0]
[8.0, 8.0, 8.0, 8.0, 31.4, 16.0]
[12.0, 12.0, 12.0, 12.0, 14.5, 10.5]
T = 0.06871947673600004	 step = 686
74.91000000000003
17.989360795454544
[15.0, 21.0, 30.0, 30.0, 18.0, 44.0]
[47.0, 7.0, 10.0, 44.0, 24.0, 12.0]
[8.0, 8.0, 8.0, 8.0, 31.4, 16.0]
[12.0, 12.0, 12.0, 12.0, 14.5, 10.5]
T = 0.06871947673600004	 step = 687
74.89000000000004
18.189360795454544
[15.0, 21.0, 30.0, 30.0, 18.0, 44.0]
[47.0, 7.0, 10.0, 44.0, 25.0, 12.0]
[8.0, 8.0, 8.0, 8.0, 31.4, 16.0]
[12.0, 12.0, 12.0, 12.0, 14.5, 10.5]
T = 0.06871947673600004	 step = 688
74.92000000000002
17.789360795454545
[15.0, 21.0, 30.0, 30.0, 18.0, 44.0]
[47.0, 7.0, 10.0, 44.0, 24.0, 13.0]
[8.0, 8.0, 8.0, 8.0, 31.4, 16.0]
[12.0, 12.0, 12.0, 12.0, 14.5, 10.5]
T = 0.06871947673600004	 step = 689
74.91000000000003
17.833678977272722
[14.0, 21.0, 30.0, 30.0, 18.0, 44.0]
[47.0, 7.0, 10.0, 44.0, 24.0, 13.0]
[8.0, 8.0, 8.0, 8.0, 31.4, 16.0]
[12.0, 12.0, 12.0, 12.0, 14.5, 10.5]
T = 0.06871947673600004	 step = 690
74.90000000000003
18.00166761363636
[13.0, 21.0, 30.0, 30.0, 18.0, 44.0]
[47.0, 7.0, 10.0, 44.0, 24.0, 13.0]
[8.0, 8.0, 8.0, 8.0, 31.4, 16.0]
[12.0, 12.0, 12.0, 12.0, 14.5, 10.5]
T = 0.06871947673600004	 step = 691
74.86000000000001
18.201667613636364
[13.0, 21.0, 30.0, 30.0, 18.0, 44.0]
[48.0, 7.0, 10.0, 44.0, 24.0, 13.0]
[8.0, 8.0, 8.0, 8.0, 31.4, 16.0]
[12.0, 12.0, 12.0, 12.0, 14.5, 10.5]
T = 0.06871947673600004	 step = 692
74.90000000000003
18.00166761363636
[13.0, 21.0, 30.0, 30.0, 18.0, 44.0]
[47.0, 7.0, 10.0, 44.0, 24.0, 13.0]
[8.0, 8.0, 8.0, 8.0, 31.4, 16.0]
[12.0, 12.0, 12.0, 12.0, 14.5, 10.5]
T = 0.06871947673600004	 step = 693
74.86000000000001
18.201667613636364
[13.0, 21.0, 30.0, 30.0, 18.0, 44.0]
[48.0, 7.0, 10.0, 44.0, 24.0, 13.0]
[8.0, 8.0, 8.0, 8.0, 31.4, 16.0]
[12.0, 12.0, 12.0, 12.0, 14.5, 10.5]
T = 0.06871947673600004	 step = 694
74.82000000000005
18.401667613636363
[13.0, 21.0, 30.0, 30.0, 18.0, 44.0]
[48.0, 7.0, 10.0, 45.0, 24.0, 13.0]
[8.0, 8.0, 8.0, 8.0, 31.4, 16.0]
[12.0, 12.0, 12.0, 12.0, 14.5, 10.5]
T = 0.06871947673600004	 step = 695
74.81
18.565303977272727
[12.0, 21.0, 30.0, 30.0, 18.0, 44.0]
[48.0, 7.0, 10.0, 45.0, 24.0, 13.0]
[8.0, 8.0, 8.0, 8.0, 31.4, 16.0]
[12.0, 12.0, 12.0, 12.0, 14.5, 10.5]
T = 0.06871947673600004	 step = 696
74.56
21.65069034090909
[48.0, 21.0, 30.0, 30.0, 18.0, 44.0]
[39.0, 7.0, 10.0, 45.0, 24.0, 13.0]
[12.0, 8.0, 8.0, 8.0, 31.4, 16.0]
[8.0, 12.0, 12.0, 12.0, 14.5, 10.5]
T = 0.06871947673600004	 step = 697
74.49000000000001
22.00166761363636
[13.0, 21.0, 30.0, 43.0, 18.0, 44.0]
[48.0, 7.0, 10.0, 50.0, 24.0, 13.0]
[8.0, 8.0, 8.0, 12.0, 31.4, 16.0]
[12.0, 12.0, 12.0, 8.0, 14.5, 10.5]
T = 0.06871947673600004	 step = 698
74.84000000000003
18.201667613636364
[13.0, 21.0, 30.0, 29.0, 18.0, 44.0]
[48.0, 7.0, 10.0, 45.0, 24.0, 13.0]
[8.0, 8.0, 8.0, 8.0, 31.4, 16.0]
[12.0, 12.0, 12.0, 12.0, 14.5, 10.5]
T = 0.06871947673600004	 step = 699
74.72000000000003
19.00166761363636
[13.0, 21.0, 30.0, 30.0, 18.0, 44.0]
[48.0, 7.0, 10.0, 48.0, 24.0, 13.0]
[8.0, 8.0, 8.0, 12.0, 31.4, 16.0]
[12.0, 12.0, 12.0, 8.0, 14.5, 10.5]
T = 0.06871947673600004	 step = 700
74.90000000000003
18.00166761363636
[13.0, 21.0, 30.0, 29.0, 18.0, 44.0]
[48.0, 8.0, 10.0, 45.0, 24.0, 13.0]
[8.0, 8.0, 8.0, 8.0, 31.4, 16.0]
[12.0, 12.0, 12.0, 12.0, 14.5, 10.5]
T = 0.06871947673600004	 step = 701
74.91000000000003
17.80166761363636
[13.0, 21.0, 30.0, 29.0, 18.0, 44.0]
[48.0, 8.0, 10.0, 45.0, 24.0, 14.0]
[8.0, 8.0, 8.0, 8.0, 31.4, 16.0]
[12.0, 12.0, 12.0, 12.0, 14.5, 10.5]
T = 0.06871947673600004	 step = 702
74.92000000000002
17.633678977272723
[14.0, 21.0, 30.0, 29.0, 18.0, 44.0]
[48.0, 8.0, 10.0, 45.0, 24.0, 14.0]
[8.0, 8.0, 8.0, 8.0, 31.4, 16.0]
[12.0, 12.0, 12.0, 12.0, 14.5, 10.5]
T = 0.06871947673600004	 step = 703
74.91000000000003
17.80166761363636
[13.0, 21.0, 30.0, 29.0, 18.0, 44.0]
[48.0, 8.0, 10.0, 45.0, 24.0, 14.0]
[8.0, 8.0, 8.0, 8.0, 31.4, 16.0]
[12.0, 12.0, 12.0, 12.0, 14.5, 10.5]
T = 0.06871947673600004	 step = 704
74.88
17.833678977272722
[14.0, 21.0, 30.0, 29.0, 18.0, 44.0]
[48.0, 8.0, 9.0, 45.0, 24.0, 14.0]
[8.0, 8.0, 8.0, 8.0, 31.4, 16.0]
[12.0, 12.0, 12.0, 12.0, 14.5, 10.5]
T = 0.06871947673600004	 step = 705
74.88
17.833678977272726
[14.0, 21.0, 31.0, 29.0, 18.0, 44.0]
[48.0, 8.0, 10.0, 45.0, 24.0, 14.0]
[8.0, 8.0, 8.0, 8.0, 31.4, 16.0]
[12.0, 12.0, 12.0, 12.0, 14.5, 10.5]
T = 0.06871947673600004	 step = 706
74.92000000000002
17.633678977272723
[14.0, 21.0, 30.0, 29.0, 18.0, 44.0]
[48.0, 8.0, 10.0, 45.0, 24.0, 14.0]
[8.0, 8.0, 8.0, 8.0, 31.4, 16.0]
[12.0, 12.0, 12.0, 12.0, 14.5, 10.5]
T = 0.06871947673600004	 step = 707
74.92000000000002
17.552997159090907
[14.0, 20.0, 30.0, 29.0, 18.0, 44.0]
[48.0, 8.0, 10.0, 45.0, 24.0, 14.0]
[8.0, 8.0, 8.0, 8.0, 31.4, 16.0]
[12.0, 12.0, 12.0, 12.0, 14.5, 10.5]
T = 0.06871947673600004	 step = 708
74.86000000000001
17.752997159090906
[14.0, 20.0, 30.0, 29.0, 18.0, 44.0]
[48.0, 7.0, 10.0, 45.0, 24.0, 14.0]
[8.0, 8.0, 8.0, 8.0, 31.4, 16.0]
[12.0, 12.0, 12.0, 12.0, 14.5, 10.5]
T = 0.06871947673600004	 step = 709
74.87
17.708678977272722
[15.0, 20.0, 30.0, 29.0, 18.0, 44.0]
[48.0, 7.0, 10.0, 45.0, 24.0, 14.0]
[8.0, 8.0, 8.0, 8.0, 31.4, 16.0]
[12.0, 12.0, 12.0, 12.0, 14.5, 10.5]
T = 0.06871947673600004	 step = 710
74.85000000000002
17.908678977272725
[15.0, 20.0, 30.0, 29.0, 18.0, 45.0]
[48.0, 7.0, 10.0, 45.0, 24.0, 14.0]
[8.0, 8.0, 8.0, 8.0, 31.4, 16.0]
[12.0, 12.0, 12.0, 12.0, 14.5, 10.5]
T = 0.06871947673600004	 step = 711
74.89000000000004
17.708678977272722
[15.0, 20.0, 30.0, 29.0, 18.0, 45.0]
[47.0, 7.0, 10.0, 45.0, 24.0, 14.0]
[8.0, 8.0, 8.0, 8.0, 31.4, 16.0]
[12.0, 12.0, 12.0, 12.0, 14.5, 10.5]
T = 0.06871947673600004	 step = 712
74.85000000000002
17.908678977272725
[15.0, 20.0, 30.0, 29.0, 18.0, 45.0]
[48.0, 7.0, 10.0, 45.0, 24.0, 14.0]
[8.0, 8.0, 8.0, 8.0, 31.4, 16.0]
[12.0, 12.0, 12.0, 12.0, 14.5, 10.5]
T = 0.06871947673600004	 step = 713
74.92000000000002
17.708678977272722
[15.0, 20.0, 30.0, 29.0, 18.0, 45.0]
[48.0, 8.0, 10.0, 45.0, 24.0, 14.0]
[8.0, 8.0, 8.0, 8.0, 31.4, 16.0]
[12.0, 12.0, 12.0, 12.0, 14.5, 10.5]
T = 0.06871947673600004	 step = 714
74.85000000000002
17.908678977272725
[15.0, 20.0, 30.0, 29.0, 18.0, 45.0]
[48.0, 7.0, 10.0, 45.0, 24.0, 14.0]
[8.0, 8.0, 8.0, 8.0, 31.4, 16.0]
[12.0, 12.0, 12.0, 12.0, 14.5, 10.5]
T = 0.06871947673600004	 step = 715
74.82000000000005
18.108678977272724
[15.0, 20.0, 31.0, 29.0, 18.0, 45.0]
[48.0, 7.0, 10.0, 45.0, 24.0, 14.0]
[8.0, 8.0, 8.0, 8.0, 31.4, 16.0]
[12.0, 12.0, 12.0, 12.0, 14.5, 10.5]
T = 0.06871947673600004	 step = 716
74.75
18.74504261363636
[15.0, 20.0, 31.0, 29.0, 17.0, 45.0]
[48.0, 7.0, 10.0, 45.0, 24.0, 14.0]
[8.0, 8.0, 8.0, 8.0, 31.4, 16.0]
[12.0, 12.0, 12.0, 12.0, 14.5, 10.5]
T = 0.054975581388800036	 step = 717
74.79000000000002
18.308678977272727
[15.0, 20.0, 32.0, 29.0, 18.0, 45.0]
[48.0, 7.0, 10.0, 45.0, 24.0, 14.0]
[8.0, 8.0, 8.0, 8.0, 31.4, 16.0]
[12.0, 12.0, 12.0, 12.0, 14.5, 10.5]
T = 0.054975581388800036	 step = 718
74.82000000000005
18.108678977272724
[15.0, 20.0, 31.0, 29.0, 18.0, 45.0]
[48.0, 7.0, 10.0, 45.0, 24.0, 14.0]
[8.0, 8.0, 8.0, 8.0, 31.4, 16.0]
[12.0, 12.0, 12.0, 12.0, 14.5, 10.5]
T = 0.054975581388800036	 step = 719
74.80000000000001
18.308678977272724
[15.0, 20.0, 31.0, 29.0, 18.0, 45.0]
[48.0, 7.0, 10.0, 45.0, 25.0, 14.0]
[8.0, 8.0, 8.0, 8.0, 31.4, 16.0]
[12.0, 12.0, 12.0, 12.0, 14.5, 10.5]
T = 0.054975581388800036	 step = 720
74.82000000000005
17.908678977272725
[15.0, 20.0, 31.0, 29.0, 18.0, 45.0]
[48.0, 7.0, 10.0, 45.0, 24.0, 15.0]
[8.0, 8.0, 8.0, 8.0, 31.4, 16.0]
[12.0, 12.0, 12.0, 12.0, 14.5, 10.5]
T = 0.054975581388800036	 step = 721
74.83000000000004
17.864360795454544
[16.0, 20.0, 31.0, 29.0, 18.0, 45.0]
[48.0, 7.0, 10.0, 45.0, 24.0, 15.0]
[8.0, 8.0, 8.0, 8.0, 31.4, 16.0]
[12.0, 12.0, 12.0, 12.0, 14.5, 10.5]
T = 0.054975581388800036	 step = 722
74.87
17.664360795454545
[16.0, 20.0, 31.0, 29.0, 18.0, 45.0]
[47.0, 7.0, 10.0, 45.0, 24.0, 15.0]
[8.0, 8.0, 8.0, 8.0, 31.4, 16.0]
[12.0, 12.0, 12.0, 12.0, 14.5, 10.5]
T = 0.054975581388800036	 step = 723
74.86000000000001
17.86436079545454
[16.0, 20.0, 31.0, 29.0, 18.0, 45.0]
[47.0, 7.0, 10.0, 45.0, 25.0, 15.0]
[8.0, 8.0, 8.0, 8.0, 31.4, 16.0]
[12.0, 12.0, 12.0, 12.0, 14.5, 10.5]
T = 0.054975581388800036	 step = 724
74.86000000000001
17.74504261363636
[16.0, 21.0, 31.0, 29.0, 18.0, 45.0]
[47.0, 7.0, 10.0, 45.0, 24.0, 15.0]
[8.0, 8.0, 8.0, 8.0, 31.4, 16.0]
[12.0, 12.0, 12.0, 12.0, 14.5, 10.5]
T = 0.054975581388800036	 step = 725
74.93
17.108678977272724
[16.0, 21.0, 31.0, 29.0, 19.0, 45.0]
[47.0, 7.0, 10.0, 45.0, 24.0, 15.0]
[8.0, 8.0, 8.0, 8.0, 31.4, 16.0]
[12.0, 12.0, 12.0, 12.0, 14.5, 10.5]
T = 0.054975581388800036	 step = 726
74.93
17.308678977272724
[16.0, 21.0, 31.0, 29.0, 19.0, 45.0]
[47.0, 7.0, 10.0, 45.0, 24.0, 14.0]
[8.0, 8.0, 8.0, 8.0, 31.4, 16.0]
[12.0, 12.0, 12.0, 12.0, 14.5, 10.5]
T = 0.054975581388800036	 step = 727
74.91000000000003
17.508678977272723
[16.0, 21.0, 31.0, 29.0, 19.0, 45.0]
[47.0, 7.0, 10.0, 45.0, 25.0, 14.0]
[8.0, 8.0, 8.0, 8.0, 31.4, 16.0]
[12.0, 12.0, 12.0, 12.0, 14.5, 10.5]
T = 0.054975581388800036	 step = 728
74.93
17.308678977272724
[16.0, 21.0, 31.0, 29.0, 19.0, 45.0]
[47.0, 7.0, 10.0, 45.0, 24.0, 14.0]
[8.0, 8.0, 8.0, 8.0, 31.4, 16.0]
[12.0, 12.0, 12.0, 12.0, 14.5, 10.5]
T = 0.054975581388800036	 step = 729
74.93
17.264360795454543
[17.0, 21.0, 31.0, 29.0, 19.0, 45.0]
[47.0, 7.0, 10.0, 45.0, 24.0, 14.0]
[8.0, 8.0, 8.0, 8.0, 31.4, 16.0]
[12.0, 12.0, 12.0, 12.0, 14.5, 10.5]
T = 0.054975581388800036	 step = 730
74.91000000000003
17.464360795454542
[17.0, 21.0, 31.0, 29.0, 19.0, 46.0]
[47.0, 7.0, 10.0, 45.0, 24.0, 14.0]
[8.0, 8.0, 8.0, 8.0, 31.4, 16.0]
[12.0, 12.0, 12.0, 12.0, 14.5, 10.5]
T = 0.054975581388800036	 step = 731
74.89000000000004
17.464360795454542
[17.0, 21.0, 31.0, 29.0, 19.0, 45.0]
[47.0, 7.0, 9.0, 45.0, 24.0, 14.0]
[8.0, 8.0, 8.0, 8.0, 31.4, 16.0]
[12.0, 12.0, 12.0, 12.0, 14.5, 10.5]
T = 0.054975581388800036	 step = 732
75.01000000000005
16.952997159090906
[15.0, 21.0, 31.0, 29.0, 19.0, 45.0]
[45.0, 7.0, 10.0, 45.0, 24.0, 14.0]
[8.0, 8.0, 8.0, 8.0, 31.4, 16.0]
[12.0, 12.0, 12.0, 12.0, 14.5, 10.5]
T = 0.054975581388800036	 step = 733
74.97000000000003
17.152997159090905
[15.0, 21.0, 31.0, 29.0, 19.0, 45.0]
[45.0, 7.0, 9.0, 45.0, 24.0, 14.0]
[8.0, 8.0, 8.0, 8.0, 31.4, 16.0]
[12.0, 12.0, 12.0, 12.0, 14.5, 10.5]
T = 0.054975581388800036	 step = 734
74.96000000000004
17.233678977272724
[15.0, 22.0, 31.0, 29.0, 19.0, 45.0]
[45.0, 7.0, 9.0, 45.0, 24.0, 14.0]
[8.0, 8.0, 8.0, 8.0, 31.4, 16.0]
[12.0, 12.0, 12.0, 12.0, 14.5, 10.5]
T = 0.054975581388800036	 step = 735
74.92000000000002
17.433678977272727
[15.0, 22.0, 31.0, 29.0, 19.0, 45.0]
[45.0, 7.0, 8.0, 45.0, 24.0, 14.0]
[8.0, 8.0, 8.0, 8.0, 31.4, 16.0]
[12.0, 12.0, 12.0, 12.0, 14.5, 10.5]
T = 0.054975581388800036	 step = 736
74.91000000000003
17.601667613636362
[14.0, 22.0, 31.0, 29.0, 19.0, 45.0]
[45.0, 7.0, 8.0, 45.0, 24.0, 14.0]
[8.0, 8.0, 8.0, 8.0, 31.4, 16.0]
[12.0, 12.0, 12.0, 12.0, 14.5, 10.5]
T = 0.054975581388800036	 step = 737
74.94
17.40166761363636
[14.0, 22.0, 31.0, 28.0, 19.0, 45.0]
[45.0, 7.0, 8.0, 45.0, 24.0, 14.0]
[8.0, 8.0, 8.0, 8.0, 31.4, 16.0]
[12.0, 12.0, 12.0, 12.0, 14.5, 10.5]
T = 0.054975581388800036	 step = 738
74.74000000000001
20.036778409090907
[45.0, 22.0, 31.0, 28.0, 19.0, 45.0]
[26.0, 7.0, 8.0, 45.0, 24.0, 14.0]
[8.0, 8.0, 8.0, 8.0, 31.4, 16.0]
[12.0, 12.0, 12.0, 12.0, 14.5, 10.5]
T = 0.054975581388800036	 step = 739
74.87
17.892610795454544
[14.0, 22.0, 31.0, 28.0, 18.0, 45.0]
[45.0, 7.0, 8.0, 45.0, 24.0, 14.0]
[8.0, 8.0, 8.0, 8.0, 31.4, 16.0]
[12.0, 12.0, 12.0, 12.0, 14.5, 10.5]
T = 0.054975581388800036	 step = 740
74.92000000000002
17.60166761363636
[14.0, 22.0, 31.0, 28.0, 19.0, 45.0]
[45.0, 7.0, 8.0, 45.0, 25.0, 14.0]
[8.0, 8.0, 8.0, 8.0, 31.4, 16.0]
[12.0, 12.0, 12.0, 12.0, 14.5, 10.5]
T = 0.054975581388800036	 step = 741
74.90000000000003
17.80166761363636
[14.0, 22.0, 32.0, 28.0, 19.0, 45.0]
[45.0, 7.0, 8.0, 45.0, 25.0, 14.0]
[8.0, 8.0, 8.0, 8.0, 31.4, 16.0]
[12.0, 12.0, 12.0, 12.0, 14.5, 10.5]
T = 0.054975581388800036	 step = 742
74.84000000000003
18.292610795454546
[14.0, 22.0, 32.0, 28.0, 18.0, 45.0]
[45.0, 7.0, 8.0, 45.0, 25.0, 14.0]
[8.0, 8.0, 8.0, 8.0, 31.4, 16.0]
[12.0, 12.0, 12.0, 12.0, 14.5, 10.5]
T = 0.054975581388800036	 step = 743
74.96000000000004
17.60166761363636
[14.0, 22.0, 32.0, 28.0, 19.0, 45.0]
[45.0, 8.0, 8.0, 45.0, 25.0, 14.0]
[8.0, 8.0, 8.0, 8.0, 31.4, 16.0]
[12.0, 12.0, 12.0, 12.0, 14.5, 10.5]
T = 0.054975581388800036	 step = 744
75.0
17.40166761363636
[14.0, 22.0, 32.0, 28.0, 19.0, 45.0]
[45.0, 8.0, 8.0, 44.0, 25.0, 14.0]
[8.0, 8.0, 8.0, 8.0, 31.4, 16.0]
[12.0, 12.0, 12.0, 12.0, 14.5, 10.5]
T = 0.054975581388800036	 step = 745
74.98000000000002
17.44939488636363
[14.0, 23.0, 32.0, 28.0, 19.0, 45.0]
[45.0, 8.0, 8.0, 44.0, 25.0, 14.0]
[8.0, 8.0, 8.0, 8.0, 31.4, 16.0]
[12.0, 12.0, 12.0, 12.0, 14.5, 10.5]
T = 0.054975581388800036	 step = 746
75.02000000000004
17.201667613636364
[14.0, 22.0, 32.0, 27.0, 19.0, 45.0]
[45.0, 8.0, 8.0, 44.0, 25.0, 14.0]
[8.0, 8.0, 8.0, 8.0, 31.4, 16.0]
[12.0, 12.0, 12.0, 12.0, 14.5, 10.5]
T = 0.054975581388800036	 step = 747
74.98000000000002
17.40166761363636
[14.0, 22.0, 32.0, 27.0, 19.0, 45.0]
[45.0, 8.0, 8.0, 45.0, 25.0, 14.0]
[8.0, 8.0, 8.0, 8.0, 31.4, 16.0]
[12.0, 12.0, 12.0, 12.0, 14.5, 10.5]
T = 0.054975581388800036	 step = 748
74.96000000000004
17.565303977272723
[13.0, 22.0, 32.0, 27.0, 19.0, 45.0]
[45.0, 8.0, 8.0, 45.0, 25.0, 14.0]
[8.0, 8.0, 8.0, 8.0, 31.4, 16.0]
[12.0, 12.0, 12.0, 12.0, 14.5, 10.5]
T = 0.054975581388800036	 step = 749
74.60000000000002
20.688534090909087
[47.0, 22.0, 32.0, 27.0, 19.0, 45.0]
[38.0, 8.0, 8.0, 45.0, 25.0, 14.0]
[8.0, 8.0, 8.0, 8.0, 31.4, 16.0]
[12.0, 12.0, 12.0, 12.0, 14.5, 10.5]
T = 0.054975581388800036	 step = 750
74.96000000000004
17.601667613636362
[14.0, 22.0, 32.0, 27.0, 19.0, 46.0]
[45.0, 8.0, 8.0, 45.0, 25.0, 14.0]
[8.0, 8.0, 8.0, 8.0, 31.4, 16.0]
[12.0, 12.0, 12.0, 12.0, 14.5, 10.5]
T = 0.054975581388800036	 step = 751
74.98000000000002
17.201667613636364
[14.0, 22.0, 32.0, 27.0, 19.0, 45.0]
[45.0, 8.0, 8.0, 45.0, 25.0, 15.0]
[8.0, 8.0, 8.0, 8.0, 31.4, 16.0]
[12.0, 12.0, 12.0, 12.0, 14.5, 10.5]
T = 0.054975581388800036	 step = 752
74.99000000000001
17.40166761363636
[14.0, 22.0, 32.0, 27.0, 19.0, 45.0]
[45.0, 8.0, 8.0, 45.0, 26.0, 15.0]
[8.0, 8.0, 8.0, 8.0, 31.4, 16.0]
[12.0, 12.0, 12.0, 12.0, 14.5, 10.5]
T = 0.054975581388800036	 step = 753
75.0
17.342735795454544
[14.0, 21.0, 32.0, 27.0, 19.0, 45.0]
[45.0, 8.0, 8.0, 45.0, 26.0, 15.0]
[8.0, 8.0, 8.0, 8.0, 31.4, 16.0]
[12.0, 12.0, 12.0, 12.0, 14.5, 10.5]
T = 0.054975581388800036	 step = 754
74.73000000000002
19.597625
[43.0, 21.0, 32.0, 27.0, 19.0, 45.0]
[35.0, 8.0, 8.0, 45.0, 26.0, 15.0]
[8.0, 8.0, 8.0, 8.0, 31.4, 16.0]
[12.0, 12.0, 12.0, 12.0, 14.5, 10.5]
T = 0.054975581388800036	 step = 755
74.87
18.713534090909086
[43.0, 21.0, 32.0, 27.0, 20.0, 45.0]
[35.0, 8.0, 8.0, 45.0, 26.0, 15.0]
[8.0, 8.0, 8.0, 8.0, 31.4, 16.0]
[12.0, 12.0, 12.0, 12.0, 14.5, 10.5]
T = 0.054975581388800036	 step = 756
74.84000000000003
18.913534090909085
[44.0, 21.0, 32.0, 27.0, 20.0, 45.0]
[35.0, 8.0, 8.0, 45.0, 26.0, 15.0]
[8.0, 8.0, 8.0, 8.0, 31.4, 16.0]
[12.0, 12.0, 12.0, 12.0, 14.5, 10.5]
T = 0.054975581388800036	 step = 757
74.89000000000004
18.713534090909086
[44.0, 21.0, 32.0, 27.0, 20.0, 45.0]
[35.0, 8.0, 8.0, 44.0, 26.0, 15.0]
[8.0, 8.0, 8.0, 8.0, 31.4, 16.0]
[12.0, 12.0, 12.0, 12.0, 14.5, 10.5]
T = 0.054975581388800036	 step = 758
74.85000000000002
18.913534090909085
[44.0, 21.0, 32.0, 27.0, 20.0, 45.0]
[35.0, 8.0, 7.0, 44.0, 26.0, 15.0]
[8.0, 8.0, 8.0, 8.0, 31.4, 16.0]
[12.0, 12.0, 12.0, 12.0, 14.5, 10.5]
T = 0.054975581388800036	 step = 759
74.88
18.81523863636363
[44.0, 21.0, 32.0, 27.0, 20.0, 45.0]
[36.0, 8.0, 8.0, 44.0, 26.0, 15.0]
[8.0, 8.0, 8.0, 8.0, 31.4, 16.0]
[12.0, 12.0, 12.0, 12.0, 14.5, 10.5]
T = 0.054975581388800036	 step = 760
74.90000000000003
18.516943181818178
[44.0, 21.0, 32.0, 27.0, 20.0, 45.0]
[36.0, 8.0, 8.0, 44.0, 25.0, 15.0]
[8.0, 8.0, 8.0, 8.0, 31.4, 16.0]
[12.0, 12.0, 12.0, 12.0, 14.5, 10.5]
T = 0.054975581388800036	 step = 761
74.87
18.716943181818177
[44.0, 21.0, 32.0, 27.0, 20.0, 45.0]
[36.0, 8.0, 7.0, 44.0, 25.0, 15.0]
[8.0, 8.0, 8.0, 8.0, 31.4, 16.0]
[12.0, 12.0, 12.0, 12.0, 14.5, 10.5]
T = 0.054975581388800036	 step = 762
74.86000000000001
18.801034090909088
[44.0, 22.0, 32.0, 27.0, 20.0, 45.0]
[36.0, 8.0, 7.0, 44.0, 25.0, 15.0]
[8.0, 8.0, 8.0, 8.0, 31.4, 16.0]
[12.0, 12.0, 12.0, 12.0, 14.5, 10.5]
T = 0.054975581388800036	 step = 763
74.90000000000003
18.601034090909085
[44.0, 22.0, 32.0, 27.0, 20.0, 45.0]
[36.0, 8.0, 8.0, 44.0, 25.0, 15.0]
[8.0, 8.0, 8.0, 8.0, 31.4, 16.0]
[12.0, 12.0, 12.0, 12.0, 14.5, 10.5]
T = 0.054975581388800036	 step = 764
74.94
18.30273863636363
[44.0, 22.0, 32.0, 27.0, 20.0, 45.0]
[36.0, 8.0, 8.0, 44.0, 24.0, 15.0]
[8.0, 8.0, 8.0, 8.0, 31.4, 16.0]
[12.0, 12.0, 12.0, 12.0, 14.5, 10.5]
T = 0.054975581388800036	 step = 765
74.99000000000001
18.00444318181818
[44.0, 22.0, 32.0, 27.0, 20.0, 45.0]
[36.0, 8.0, 8.0, 44.0, 23.0, 15.0]
[8.0, 8.0, 8.0, 8.0, 31.4, 16.0]
[12.0, 12.0, 12.0, 12.0, 14.5, 10.5]
T = 0.054975581388800036	 step = 766
75.06
17.766599431818182
[44.0, 22.0, 32.0, 27.0, 20.0, 45.0]
[36.0, 8.0, 8.0, 44.0, 22.0, 15.0]
[8.0, 8.0, 8.0, 8.0, 31.4, 16.0]
[12.0, 12.0, 12.0, 12.0, 14.5, 10.5]
T = 0.054975581388800036	 step = 767
75.04000000000002
17.96659943181818
[45.0, 22.0, 32.0, 27.0, 20.0, 45.0]
[36.0, 8.0, 8.0, 44.0, 22.0, 15.0]
[8.0, 8.0, 8.0, 8.0, 31.4, 16.0]
[12.0, 12.0, 12.0, 12.0, 14.5, 10.5]
T = 0.054975581388800036	 step = 768
75.0
18.16659943181818
[45.0, 22.0, 32.0, 27.0, 20.0, 45.0]
[36.0, 8.0, 8.0, 45.0, 22.0, 15.0]
[8.0, 8.0, 8.0, 8.0, 31.4, 16.0]
[12.0, 12.0, 12.0, 12.0, 14.5, 10.5]
T = 0.054975581388800036	 step = 769
74.92000000000002
18.40444318181818
[45.0, 22.0, 32.0, 27.0, 20.0, 45.0]
[36.0, 8.0, 8.0, 45.0, 23.0, 15.0]
[8.0, 8.0, 8.0, 8.0, 31.4, 16.0]
[12.0, 12.0, 12.0, 12.0, 14.5, 10.5]
T = 0.054975581388800036	 step = 770
74.95000000000005
18.204443181818178
[44.0, 22.0, 32.0, 27.0, 20.0, 45.0]
[36.0, 8.0, 8.0, 45.0, 23.0, 15.0]
[8.0, 8.0, 8.0, 8.0, 31.4, 16.0]
[12.0, 12.0, 12.0, 12.0, 14.5, 10.5]
T = 0.054975581388800036	 step = 771
74.80000000000001
19.08853409090909
[44.0, 22.0, 32.0, 27.0, 19.0, 45.0]
[36.0, 8.0, 8.0, 45.0, 23.0, 15.0]
[8.0, 8.0, 8.0, 8.0, 31.4, 16.0]
[12.0, 12.0, 12.0, 12.0, 14.5, 10.5]
T = 0.043980465111040035	 step = 772
74.89000000000004
18.50273863636363
[44.0, 22.0, 32.0, 27.0, 20.0, 45.0]
[36.0, 8.0, 8.0, 45.0, 24.0, 15.0]
[8.0, 8.0, 8.0, 8.0, 31.4, 16.0]
[12.0, 12.0, 12.0, 12.0, 14.5, 10.5]
T = 0.043980465111040035	 step = 773
74.89000000000004
18.50273863636363
[44.0, 22.0, 32.0, 27.0, 20.0, 45.0]
[36.0, 8.0, 8.0, 45.0, 24.0, 15.0]
[8.0, 8.0, 8.0, 8.0, 31.4, 16.0]
[12.0, 12.0, 12.0, 12.0, 14.5, 10.5]
T = 0.043980465111040035	 step = 774
74.92000000000002
18.288534090909085
[44.0, 23.0, 32.0, 27.0, 20.0, 45.0]
[36.0, 8.0, 8.0, 45.0, 23.0, 15.0]
[8.0, 8.0, 8.0, 8.0, 31.4, 16.0]
[12.0, 12.0, 12.0, 12.0, 14.5, 10.5]
T = 0.043980465111040035	 step = 775
74.86000000000001
18.488534090909088
[44.0, 23.0, 32.0, 27.0, 20.0, 45.0]
[36.0, 7.0, 8.0, 45.0, 23.0, 15.0]
[8.0, 8.0, 8.0, 8.0, 31.4, 16.0]
[12.0, 12.0, 12.0, 12.0, 14.5, 10.5]
T = 0.043980465111040035	 step = 776
74.85000000000002
18.65069034090909
[44.0, 23.0, 32.0, 27.0, 20.0, 45.0]
[37.0, 7.0, 8.0, 45.0, 23.0, 15.0]
[8.0, 8.0, 8.0, 8.0, 31.4, 16.0]
[12.0, 12.0, 12.0, 12.0, 14.5, 10.5]
T = 0.043980465111040035	 step = 777
74.83000000000004
18.85069034090909
[44.0, 23.0, 32.0, 27.0, 20.0, 46.0]
[37.0, 7.0, 8.0, 45.0, 23.0, 15.0]
[8.0, 8.0, 8.0, 8.0, 31.4, 16.0]
[12.0, 12.0, 12.0, 12.0, 14.5, 10.5]
T = 0.043980465111040035	 step = 778
74.90000000000003
18.65069034090909
[44.0, 23.0, 32.0, 27.0, 20.0, 46.0]
[37.0, 7.0, 8.0, 45.0, 22.0, 15.0]
[8.0, 8.0, 8.0, 8.0, 31.4, 16.0]
[12.0, 12.0, 12.0, 12.0, 14.5, 10.5]
T = 0.043980465111040035	 step = 779
74.86000000000001
18.85069034090909
[44.0, 23.0, 32.0, 27.0, 20.0, 46.0]
[37.0, 7.0, 8.0, 46.0, 22.0, 15.0]
[8.0, 8.0, 8.0, 8.0, 31.4, 16.0]
[12.0, 12.0, 12.0, 12.0, 14.5, 10.5]
T = 0.043980465111040035	 step = 780
74.93
18.65069034090909
[44.0, 23.0, 32.0, 27.0, 20.0, 46.0]
[37.0, 8.0, 8.0, 46.0, 22.0, 15.0]
[8.0, 8.0, 8.0, 8.0, 31.4, 16.0]
[12.0, 12.0, 12.0, 12.0, 14.5, 10.5]
T = 0.043980465111040035	 step = 781
75.17000000000002
16.092789772727272
[44.0, 23.0, 32.0, 27.0, 20.0, 12.0]
[37.0, 8.0, 8.0, 46.0, 22.0, 37.0]
[8.0, 8.0, 8.0, 8.0, 31.4, 16.0]
[12.0, 12.0, 12.0, 12.0, 14.5, 10.5]
T = 0.043980465111040035	 step = 782
75.14000000000004
16.29278977272727
[44.0, 23.0, 33.0, 27.0, 20.0, 12.0]
[37.0, 8.0, 8.0, 46.0, 22.0, 37.0]
[8.0, 8.0, 8.0, 8.0, 31.4, 16.0]
[12.0, 12.0, 12.0, 12.0, 14.5, 10.5]
T = 0.043980465111040035	 step = 783
75.18
16.092789772727272
[44.0, 23.0, 33.0, 27.0, 20.0, 12.0]
[37.0, 8.0, 8.0, 45.0, 22.0, 37.0]
[8.0, 8.0, 8.0, 8.0, 31.4, 16.0]
[12.0, 12.0, 12.0, 12.0, 14.5, 10.5]
T = 0.043980465111040035	 step = 784
75.20000000000005
16.0450625
[44.0, 22.0, 33.0, 27.0, 20.0, 12.0]
[37.0, 8.0, 8.0, 45.0, 22.0, 37.0]
[8.0, 8.0, 8.0, 8.0, 31.4, 16.0]
[12.0, 12.0, 12.0, 12.0, 14.5, 10.5]
T = 0.043980465111040035	 step = 785
75.23000000000002
15.8450625
[44.0, 22.0, 33.0, 27.0, 20.0, 12.0]
[37.0, 8.0, 8.0, 45.0, 22.0, 36.0]
[8.0, 8.0, 8.0, 8.0, 31.4, 16.0]
[12.0, 12.0, 12.0, 12.0, 14.5, 10.5]
T = 0.043980465111040035	 step = 786
75.20000000000005
16.0450625
[44.0, 22.0, 34.0, 27.0, 20.0, 12.0]
[37.0, 8.0, 8.0, 45.0, 22.0, 36.0]
[8.0, 8.0, 8.0, 8.0, 31.4, 16.0]
[12.0, 12.0, 12.0, 12.0, 14.5, 10.5]
T = 0.043980465111040035	 step = 787
75.16000000000003
16.2450625
[44.0, 22.0, 34.0, 27.0, 20.0, 12.0]
[37.0, 8.0, 8.0, 46.0, 22.0, 36.0]
[8.0, 8.0, 8.0, 8.0, 31.4, 16.0]
[12.0, 12.0, 12.0, 12.0, 14.5, 10.5]
T = 0.043980465111040035	 step = 788
75.10000000000002
16.0450625
[44.0, 22.0, 34.0, 27.0, 20.0, 12.0]
[37.0, 8.0, 8.0, 46.0, 23.0, 36.0]
[8.0, 8.0, 8.0, 8.0, 31.4, 16.0]
[12.0, 12.0, 12.0, 12.0, 14.5, 10.5]
T = 0.043980465111040035	 step = 789
75.13
15.8450625
[44.0, 22.0, 34.0, 27.0, 20.0, 12.0]
[37.0, 8.0, 9.0, 46.0, 23.0, 36.0]
[8.0, 8.0, 8.0, 8.0, 31.4, 16.0]
[12.0, 12.0, 12.0, 12.0, 14.5, 10.5]
T = 0.043980465111040035	 step = 790
75.11000000000001
15.892789772727271
[44.0, 23.0, 34.0, 27.0, 20.0, 12.0]
[37.0, 8.0, 9.0, 46.0, 23.0, 36.0]
[8.0, 8.0, 8.0, 8.0, 31.4, 16.0]
[12.0, 12.0, 12.0, 12.0, 14.5, 10.5]
T = 0.043980465111040035	 step = 791
75.16000000000003
15.439053977272723
[44.0, 23.0, 34.0, 27.0, 21.0, 12.0]
[37.0, 8.0, 9.0, 46.0, 23.0, 36.0]
[8.0, 8.0, 8.0, 8.0, 31.4, 16.0]
[12.0, 12.0, 12.0, 12.0, 14.5, 10.5]
T = 0.043980465111040035	 step = 792
75.12
15.639053977272726
[44.0, 23.0, 34.0, 27.0, 21.0, 12.0]
[37.0, 8.0, 8.0, 46.0, 23.0, 36.0]
[8.0, 8.0, 8.0, 8.0, 31.4, 16.0]
[12.0, 12.0, 12.0, 12.0, 14.5, 10.5]
T = 0.043980465111040035	 step = 793
75.11000000000001
15.839053977272725
[44.0, 23.0, 34.0, 27.0, 21.0, 12.0]
[37.0, 8.0, 8.0, 46.0, 23.0, 37.0]
[8.0, 8.0, 8.0, 8.0, 31.4, 16.0]
[12.0, 12.0, 12.0, 12.0, 14.5, 10.5]
T = 0.043980465111040035	 step = 794
75.13
15.439053977272728
[44.0, 23.0, 34.0, 26.0, 21.0, 12.0]
[37.0, 8.0, 8.0, 46.0, 23.0, 36.0]
[8.0, 8.0, 8.0, 8.0, 31.4, 16.0]
[12.0, 12.0, 12.0, 12.0, 14.5, 10.5]
T = 0.043980465111040035	 step = 795
75.17000000000002
15.239053977272725
[44.0, 23.0, 34.0, 26.0, 21.0, 12.0]
[37.0, 8.0, 9.0, 46.0, 23.0, 36.0]
[8.0, 8.0, 8.0, 8.0, 31.4, 16.0]
[12.0, 12.0, 12.0, 12.0, 14.5, 10.5]
T = 0.043980465111040035	 step = 796
75.17000000000002
15.666764204545453
[38.0, 23.0, 34.0, 26.0, 21.0, 12.0]
[44.0, 8.0, 9.0, 46.0, 23.0, 36.0]
[8.0, 8.0, 8.0, 8.0, 31.4, 16.0]
[12.0, 12.0, 12.0, 12.0, 14.5, 10.5]
T = 0.043980465111040035	 step = 797
75.23000000000002
14.798178977272727
[44.0, 23.0, 34.0, 26.0, 22.0, 12.0]
[37.0, 8.0, 9.0, 46.0, 23.0, 36.0]
[8.0, 8.0, 8.0, 8.0, 31.4, 16.0]
[12.0, 12.0, 12.0, 12.0, 14.5, 10.5]
T = 0.043980465111040035	 step = 798
75.26000000000005
14.598178977272726
[43.0, 23.0, 34.0, 26.0, 22.0, 12.0]
[37.0, 8.0, 9.0, 46.0, 23.0, 36.0]
[8.0, 8.0, 8.0, 8.0, 31.4, 16.0]
[12.0, 12.0, 12.0, 12.0, 14.5, 10.5]
T = 0.043980465111040035	 step = 799
75.27000000000004
14.550451704545454
[43.0, 22.0, 34.0, 26.0, 22.0, 12.0]
[37.0, 8.0, 9.0, 46.0, 23.0, 36.0]
[8.0, 8.0, 8.0, 8.0, 31.4, 16.0]
[12.0, 12.0, 12.0, 12.0, 14.5, 10.5]
T = 0.043980465111040035	 step = 800
75.23000000000002
14.750451704545453
[43.0, 22.0, 34.0, 26.0, 22.0, 12.0]
[37.0, 8.0, 8.0, 46.0, 23.0, 36.0]
[8.0, 8.0, 8.0, 8.0, 31.4, 16.0]
[12.0, 12.0, 12.0, 12.0, 14.5, 10.5]
T = 0.043980465111040035	 step = 801
75.17000000000002
15.191326704545455
[43.0, 22.0, 34.0, 26.0, 21.0, 12.0]
[37.0, 8.0, 8.0, 46.0, 23.0, 36.0]
[8.0, 8.0, 8.0, 8.0, 31.4, 16.0]
[12.0, 12.0, 12.0, 12.0, 14.5, 10.5]
T = 0.043980465111040035	 step = 802
75.15000000000003
15.391326704545452
[43.0, 22.0, 34.0, 26.0, 21.0, 12.0]
[38.0, 8.0, 8.0, 46.0, 23.0, 36.0]
[8.0, 8.0, 8.0, 8.0, 31.4, 16.0]
[12.0, 12.0, 12.0, 12.0, 14.5, 10.5]
T = 0.043980465111040035	 step = 803
75.16000000000003
15.198178977272727
[43.0, 22.0, 34.0, 25.0, 21.0, 12.0]
[38.0, 8.0, 8.0, 46.0, 23.0, 36.0]
[8.0, 8.0, 8.0, 8.0, 31.4, 16.0]
[12.0, 12.0, 12.0, 12.0, 14.5, 10.5]
T = 0.043980465111040035	 step = 804
75.18
14.998178977272726
[43.0, 22.0, 34.0, 25.0, 21.0, 12.0]
[37.0, 8.0, 8.0, 46.0, 23.0, 36.0]
[8.0, 8.0, 8.0, 8.0, 31.4, 16.0]
[12.0, 12.0, 12.0, 12.0, 14.5, 10.5]
T = 0.043980465111040035	 step = 805
75.14000000000004
15.198178977272727
[43.0, 22.0, 35.0, 25.0, 21.0, 12.0]
[37.0, 8.0, 8.0, 46.0, 23.0, 36.0]
[8.0, 8.0, 8.0, 8.0, 31.4, 16.0]
[12.0, 12.0, 12.0, 12.0, 14.5, 10.5]
T = 0.043980465111040035	 step = 806
75.15000000000003
15.198178977272727
[44.0, 22.0, 34.0, 25.0, 21.0, 12.0]
[37.0, 8.0, 8.0, 46.0, 23.0, 36.0]
[8.0, 8.0, 8.0, 8.0, 31.4, 16.0]
[12.0, 12.0, 12.0, 12.0, 14.5, 10.5]
T = 0.043980465111040035	 step = 807
75.11000000000001
15.198178977272727
[43.0, 22.0, 34.0, 25.0, 21.0, 12.0]
[37.0, 7.0, 8.0, 46.0, 23.0, 36.0]
[8.0, 8.0, 8.0, 8.0, 31.4, 16.0]
[12.0, 12.0, 12.0, 12.0, 14.5, 10.5]
T = 0.043980465111040035	 step = 808
75.10000000000002
15.398178977272726
[43.0, 22.0, 34.0, 25.0, 21.0, 12.0]
[37.0, 7.0, 8.0, 46.0, 23.0, 37.0]
[8.0, 8.0, 8.0, 8.0, 31.4, 16.0]
[12.0, 12.0, 12.0, 12.0, 14.5, 10.5]
T = 0.043980465111040035	 step = 809
75.15000000000003
14.998178977272726
[43.0, 22.0, 34.0, 25.0, 21.0, 12.0]
[37.0, 7.0, 9.0, 46.0, 23.0, 36.0]
[8.0, 8.0, 8.0, 8.0, 31.4, 16.0]
[12.0, 12.0, 12.0, 12.0, 14.5, 10.5]
T = 0.043980465111040035	 step = 810
75.14000000000004
15.04590625
[43.0, 23.0, 34.0, 25.0, 21.0, 12.0]
[37.0, 7.0, 9.0, 46.0, 23.0, 36.0]
[8.0, 8.0, 8.0, 8.0, 31.4, 16.0]
[12.0, 12.0, 12.0, 12.0, 14.5, 10.5]
T = 0.043980465111040035	 step = 811
75.18
14.845906249999999
[43.0, 23.0, 34.0, 25.0, 21.0, 12.0]
[37.0, 7.0, 9.0, 45.0, 23.0, 36.0]
[8.0, 8.0, 8.0, 8.0, 31.4, 16.0]
[12.0, 12.0, 12.0, 12.0, 14.5, 10.5]
T = 0.043980465111040035	 step = 812
75.19
14.798178977272727
[43.0, 22.0, 34.0, 25.0, 21.0, 12.0]
[37.0, 7.0, 9.0, 45.0, 23.0, 36.0]
[8.0, 8.0, 8.0, 8.0, 31.4, 16.0]
[12.0, 12.0, 12.0, 12.0, 14.5, 10.5]
T = 0.043980465111040035	 step = 813
75.18
14.998178977272726
[43.0, 22.0, 34.0, 25.0, 21.0, 12.0]
[37.0, 7.0, 9.0, 45.0, 23.0, 37.0]
[8.0, 8.0, 8.0, 8.0, 31.4, 16.0]
[12.0, 12.0, 12.0, 12.0, 14.5, 10.5]
T = 0.043980465111040035	 step = 814
75.37
14.025889204545452
[37.0, 22.0, 34.0, 25.0, 21.0, 12.0]
[37.0, 7.0, 9.0, 45.0, 23.0, 37.0]
[8.0, 8.0, 8.0, 8.0, 31.4, 16.0]
[12.0, 12.0, 12.0, 12.0, 14.5, 10.5]
T = 0.043980465111040035	 step = 815
75.44
13.727122159090909
[37.0, 22.0, 34.0, 25.0, 22.0, 12.0]
[37.0, 7.0, 9.0, 45.0, 23.0, 37.0]
[8.0, 8.0, 8.0, 8.0, 31.4, 16.0]
[12.0, 12.0, 12.0, 12.0, 14.5, 10.5]
T = 0.043980465111040035	 step = 816
75.52000000000004
13.617031249999997
[37.0, 22.0, 34.0, 25.0, 23.0, 12.0]
[37.0, 7.0, 9.0, 45.0, 23.0, 37.0]
[8.0, 8.0, 8.0, 8.0, 31.4, 16.0]
[12.0, 12.0, 12.0, 12.0, 14.5, 10.5]
T = 0.043980465111040035	 step = 817
75.55000000000001
13.49544034090909
[36.0, 22.0, 34.0, 25.0, 23.0, 12.0]
[37.0, 7.0, 9.0, 45.0, 23.0, 37.0]
[8.0, 8.0, 8.0, 8.0, 31.4, 16.0]
[12.0, 12.0, 12.0, 12.0, 14.5, 10.5]
T = 0.043980465111040035	 step = 818
75.55000000000001
13.543167613636363
[36.0, 21.0, 34.0, 25.0, 23.0, 12.0]
[37.0, 7.0, 9.0, 45.0, 23.0, 37.0]
[8.0, 8.0, 8.0, 8.0, 31.4, 16.0]
[12.0, 12.0, 12.0, 12.0, 14.5, 10.5]
T = 0.043980465111040035	 step = 819
75.5
13.63438068181818
[36.0, 21.0, 35.0, 25.0, 23.0, 12.0]
[37.0, 7.0, 9.0, 45.0, 23.0, 37.0]
[8.0, 8.0, 8.0, 8.0, 31.4, 16.0]
[12.0, 12.0, 12.0, 12.0, 14.5, 10.5]
T = 0.043980465111040035	 step = 820
75.55000000000001
13.434380681818181
[36.0, 21.0, 35.0, 25.0, 23.0, 12.0]
[37.0, 7.0, 9.0, 44.0, 23.0, 37.0]
[8.0, 8.0, 8.0, 8.0, 31.4, 16.0]
[12.0, 12.0, 12.0, 12.0, 14.5, 10.5]
T = 0.043980465111040035	 step = 821
75.54000000000002
13.482107954545453
[36.0, 20.0, 35.0, 25.0, 23.0, 12.0]
[37.0, 7.0, 9.0, 44.0, 23.0, 37.0]
[8.0, 8.0, 8.0, 8.0, 31.4, 16.0]
[12.0, 12.0, 12.0, 12.0, 14.5, 10.5]
T = 0.043980465111040035	 step = 822
75.49000000000001
13.682107954545456
[36.0, 20.0, 35.0, 25.0, 23.0, 12.0]
[37.0, 7.0, 9.0, 45.0, 23.0, 37.0]
[8.0, 8.0, 8.0, 8.0, 31.4, 16.0]
[12.0, 12.0, 12.0, 12.0, 14.5, 10.5]
T = 0.043980465111040035	 step = 823
75.5
13.63438068181818
[36.0, 21.0, 35.0, 25.0, 23.0, 12.0]
[37.0, 7.0, 9.0, 45.0, 23.0, 37.0]
[8.0, 8.0, 8.0, 8.0, 31.4, 16.0]
[12.0, 12.0, 12.0, 12.0, 14.5, 10.5]
T = 0.043980465111040035	 step = 824
75.55000000000001
13.543167613636363
[36.0, 21.0, 34.0, 25.0, 23.0, 12.0]
[37.0, 7.0, 9.0, 45.0, 23.0, 37.0]
[8.0, 8.0, 8.0, 8.0, 31.4, 16.0]
[12.0, 12.0, 12.0, 12.0, 14.5, 10.5]
T = 0.043980465111040035	 step = 825
75.09000000000003
16.548522727272726
[36.0, 43.0, 34.0, 25.0, 23.0, 12.0]
[37.0, 7.0, 9.0, 45.0, 23.0, 37.0]
[8.0, 8.0, 8.0, 8.0, 31.4, 16.0]
[12.0, 12.0, 12.0, 12.0, 14.5, 10.5]
T = 0.043980465111040035	 step = 826
75.53000000000003
13.590894886363635
[36.0, 20.0, 34.0, 25.0, 23.0, 12.0]
[37.0, 7.0, 9.0, 45.0, 23.0, 37.0]
[8.0, 8.0, 8.0, 8.0, 31.4, 16.0]
[12.0, 12.0, 12.0, 12.0, 14.5, 10.5]
T = 0.03518437208883203	 step = 827
75.46000000000004
13.719039772727271
[36.0, 20.0, 34.0, 25.0, 22.0, 12.0]
[37.0, 7.0, 9.0, 45.0, 23.0, 37.0]
[8.0, 8.0, 8.0, 8.0, 31.4, 16.0]
[12.0, 12.0, 12.0, 12.0, 14.5, 10.5]
T = 0.03518437208883203	 step = 828
75.59000000000003
13.390894886363636
[36.0, 20.0, 34.0, 25.0, 23.0, 12.0]
[37.0, 8.0, 9.0, 45.0, 23.0, 37.0]
[8.0, 8.0, 8.0, 8.0, 31.4, 16.0]
[12.0, 12.0, 12.0, 12.0, 14.5, 10.5]
T = 0.03518437208883203	 step = 829
75.55000000000001
13.590894886363635
[36.0, 20.0, 34.0, 25.0, 23.0, 12.0]
[37.0, 8.0, 8.0, 45.0, 23.0, 37.0]
[8.0, 8.0, 8.0, 8.0, 31.4, 16.0]
[12.0, 12.0, 12.0, 12.0, 14.5, 10.5]
T = 0.03518437208883203	 step = 830
75.51000000000005
13.790894886363635
[36.0, 20.0, 34.0, 25.0, 23.0, 12.0]
[38.0, 8.0, 8.0, 45.0, 23.0, 37.0]
[8.0, 8.0, 8.0, 8.0, 31.4, 16.0]
[12.0, 12.0, 12.0, 12.0, 14.5, 10.5]
T = 0.03518437208883203	 step = 831
75.51000000000005
13.712485795454544
[37.0, 20.0, 34.0, 25.0, 23.0, 12.0]
[37.0, 8.0, 8.0, 45.0, 23.0, 37.0]
[8.0, 8.0, 8.0, 8.0, 31.4, 16.0]
[12.0, 12.0, 12.0, 12.0, 14.5, 10.5]
T = 0.03518437208883203	 step = 832
75.20000000000005
15.14713352272727
[48.0, 20.0, 34.0, 25.0, 23.0, 12.0]
[12.0, 8.0, 8.0, 45.0, 23.0, 37.0]
[8.0, 8.0, 8.0, 8.0, 31.4, 16.0]
[12.0, 12.0, 12.0, 12.0, 14.5, 10.5]
T = 0.03518437208883203	 step = 833
75.45000000000005
13.912485795454545
[37.0, 20.0, 34.0, 25.0, 23.0, 12.0]
[37.0, 7.0, 8.0, 45.0, 23.0, 37.0]
[8.0, 8.0, 8.0, 8.0, 31.4, 16.0]
[12.0, 12.0, 12.0, 12.0, 14.5, 10.5]
T = 0.03518437208883203	 step = 834
75.41000000000003
14.112485795454544
[37.0, 20.0, 34.0, 25.0, 23.0, 12.0]
[37.0, 7.0, 8.0, 46.0, 23.0, 37.0]
[8.0, 8.0, 8.0, 8.0, 31.4, 16.0]
[12.0, 12.0, 12.0, 12.0, 14.5, 10.5]
T = 0.03518437208883203	 step = 835
75.45000000000005
13.912485795454545
[37.0, 20.0, 34.0, 25.0, 23.0, 12.0]
[37.0, 7.0, 9.0, 46.0, 23.0, 37.0]
[8.0, 8.0, 8.0, 8.0, 31.4, 16.0]
[12.0, 12.0, 12.0, 12.0, 14.5, 10.5]
T = 0.03518437208883203	 step = 836
75.51000000000005
13.712485795454544
[37.0, 20.0, 34.0, 25.0, 23.0, 12.0]
[37.0, 8.0, 9.0, 46.0, 23.0, 37.0]
[8.0, 8.0, 8.0, 8.0, 31.4, 16.0]
[12.0, 12.0, 12.0, 12.0, 14.5, 10.5]
T = 0.03518437208883203	 step = 837
75.47000000000003
13.912485795454545
[37.0, 20.0, 34.0, 25.0, 23.0, 12.0]
[37.0, 8.0, 8.0, 46.0, 23.0, 37.0]
[8.0, 8.0, 8.0, 8.0, 31.4, 16.0]
[12.0, 12.0, 12.0, 12.0, 14.5, 10.5]
T = 0.03518437208883203	 step = 838
75.43
14.112485795454544
[37.0, 20.0, 34.0, 25.0, 23.0, 12.0]
[38.0, 8.0, 8.0, 46.0, 23.0, 37.0]
[8.0, 8.0, 8.0, 8.0, 31.4, 16.0]
[12.0, 12.0, 12.0, 12.0, 14.5, 10.5]
T = 0.03518437208883203	 step = 839
75.41000000000003
14.022576704545452
[37.0, 20.0, 34.0, 25.0, 22.0, 12.0]
[37.0, 8.0, 8.0, 46.0, 23.0, 37.0]
[8.0, 8.0, 8.0, 8.0, 31.4, 16.0]
[12.0, 12.0, 12.0, 12.0, 14.5, 10.5]
T = 0.03518437208883203	 step = 840
75.42000000000002
13.822576704545453
[37.0, 20.0, 34.0, 25.0, 22.0, 12.0]
[37.0, 8.0, 8.0, 46.0, 23.0, 36.0]
[8.0, 8.0, 8.0, 8.0, 31.4, 16.0]
[12.0, 12.0, 12.0, 12.0, 14.5, 10.5]
T = 0.03518437208883203	 step = 841
75.49000000000001
13.622576704545454
[37.0, 20.0, 34.0, 25.0, 22.0, 12.0]
[37.0, 9.0, 8.0, 46.0, 23.0, 36.0]
[8.0, 8.0, 8.0, 8.0, 31.4, 16.0]
[12.0, 12.0, 12.0, 12.0, 14.5, 10.5]
T = 0.03518437208883203	 step = 842
75.45000000000005
13.822576704545455
[37.0, 20.0, 35.0, 25.0, 22.0, 12.0]
[37.0, 9.0, 8.0, 46.0, 23.0, 36.0]
[8.0, 8.0, 8.0, 8.0, 31.4, 16.0]
[12.0, 12.0, 12.0, 12.0, 14.5, 10.5]
T = 0.03518437208883203	 step = 843
75.38
14.022576704545456
[37.0, 20.0, 35.0, 25.0, 22.0, 12.0]
[37.0, 8.0, 8.0, 46.0, 23.0, 36.0]
[8.0, 8.0, 8.0, 8.0, 31.4, 16.0]
[12.0, 12.0, 12.0, 12.0, 14.5, 10.5]
T = 0.03518437208883203	 step = 844
75.25
14.427784090909089
[37.0, 20.0, 35.0, 48.0, 22.0, 12.0]
[37.0, 8.0, 8.0, 22.0, 23.0, 36.0]
[8.0, 8.0, 8.0, 8.0, 31.4, 16.0]
[12.0, 12.0, 12.0, 12.0, 14.5, 10.5]
T = 0.03518437208883203	 step = 845
75.61000000000001
13.263451704545455
[37.0, 20.0, 35.0, 27.0, 22.0, 12.0]
[37.0, 8.0, 8.0, 41.0, 23.0, 36.0]
[8.0, 8.0, 8.0, 8.0, 31.4, 16.0]
[12.0, 12.0, 12.0, 12.0, 14.5, 10.5]
T = 0.03518437208883203	 step = 846
75.64000000000004
13.159914772727273
[36.0, 20.0, 35.0, 27.0, 22.0, 12.0]
[37.0, 8.0, 8.0, 41.0, 23.0, 36.0]
[8.0, 8.0, 8.0, 8.0, 31.4, 16.0]
[12.0, 12.0, 12.0, 12.0, 14.5, 10.5]
T = 0.03518437208883203	 step = 847
75.59000000000003
13.359914772727274
[36.0, 20.0, 35.0, 27.0, 22.0, 12.0]
[37.0, 8.0, 8.0, 42.0, 23.0, 36.0]
[8.0, 8.0, 8.0, 8.0, 31.4, 16.0]
[12.0, 12.0, 12.0, 12.0, 14.5, 10.5]
T = 0.03518437208883203	 step = 848
75.25
15.239053977272725
[47.0, 20.0, 35.0, 27.0, 22.0, 12.0]
[37.0, 8.0, 8.0, 42.0, 23.0, 36.0]
[8.0, 8.0, 8.0, 8.0, 31.4, 16.0]
[12.0, 12.0, 12.0, 12.0, 14.5, 10.5]
T = 0.03518437208883203	 step = 849
75.58000000000004
13.407642045454546
[36.0, 19.0, 35.0, 27.0, 22.0, 12.0]
[37.0, 8.0, 8.0, 42.0, 23.0, 36.0]
[8.0, 8.0, 8.0, 8.0, 31.4, 16.0]
[12.0, 12.0, 12.0, 12.0, 14.5, 10.5]
T = 0.03518437208883203	 step = 850
75.60000000000002
13.296542613636364
[36.0, 19.0, 35.0, 27.0, 22.0, 13.0]
[37.0, 8.0, 8.0, 42.0, 23.0, 36.0]
[8.0, 8.0, 8.0, 8.0, 31.4, 16.0]
[12.0, 12.0, 12.0, 12.0, 14.5, 10.5]
T = 0.03518437208883203	 step = 851
75.56
13.496542613636365
[36.0, 19.0, 36.0, 27.0, 22.0, 13.0]
[37.0, 8.0, 8.0, 42.0, 23.0, 36.0]
[8.0, 8.0, 8.0, 8.0, 31.4, 16.0]
[12.0, 12.0, 12.0, 12.0, 14.5, 10.5]
T = 0.03518437208883203	 step = 852
75.61000000000001
13.124710227272725
[36.0, 19.0, 35.0, 27.0, 22.0, 14.0]
[37.0, 8.0, 8.0, 42.0, 23.0, 36.0]
[8.0, 8.0, 8.0, 8.0, 31.4, 16.0]
[12.0, 12.0, 12.0, 12.0, 14.5, 10.5]
T = 0.03518437208883203	 step = 853
75.55000000000001
13.62718465909091
[36.0, 19.0, 35.0, 27.0, 21.0, 14.0]
[37.0, 8.0, 8.0, 42.0, 23.0, 36.0]
[8.0, 8.0, 8.0, 8.0, 31.4, 16.0]
[12.0, 12.0, 12.0, 12.0, 14.5, 10.5]
T = 0.03518437208883203	 step = 854
75.52000000000004
13.827184659090909
[36.0, 19.0, 35.0, 27.0, 21.0, 14.0]
[38.0, 8.0, 8.0, 42.0, 23.0, 36.0]
[8.0, 8.0, 8.0, 8.0, 31.4, 16.0]
[12.0, 12.0, 12.0, 12.0, 14.5, 10.5]
T = 0.03518437208883203	 step = 855
75.48000000000002
14.306406249999998
[36.0, 19.0, 35.0, 27.0, 20.0, 14.0]
[38.0, 8.0, 8.0, 42.0, 23.0, 36.0]
[8.0, 8.0, 8.0, 8.0, 31.4, 16.0]
[12.0, 12.0, 12.0, 12.0, 14.5, 10.5]
T = 0.03518437208883203	 step = 856
75.49000000000001
14.02718465909091
[36.0, 19.0, 36.0, 27.0, 21.0, 14.0]
[38.0, 8.0, 8.0, 42.0, 23.0, 36.0]
[8.0, 8.0, 8.0, 8.0, 31.4, 16.0]
[12.0, 12.0, 12.0, 12.0, 14.5, 10.5]
T = 0.03518437208883203	 step = 857
75.20000000000005
16.22718465909091
[36.0, 19.0, 45.0, 27.0, 21.0, 14.0]
[38.0, 8.0, 6.0, 42.0, 23.0, 36.0]
[8.0, 8.0, 12.0, 8.0, 31.4, 16.0]
[12.0, 12.0, 8.0, 12.0, 14.5, 10.5]
T = 0.03518437208883203	 step = 858
75.52000000000004
14.22718465909091
[36.0, 19.0, 36.0, 27.0, 21.0, 14.0]
[38.0, 8.0, 8.0, 42.0, 22.0, 36.0]
[8.0, 8.0, 8.0, 8.0, 31.4, 16.0]
[12.0, 12.0, 12.0, 12.0, 14.5, 10.5]
T = 0.03518437208883203	 step = 859
75.48000000000002
13.975278409090908
[36.0, 19.0, 36.0, 27.0, 21.0, 13.0]
[38.0, 8.0, 8.0, 42.0, 23.0, 36.0]
[8.0, 8.0, 8.0, 8.0, 31.4, 16.0]
[12.0, 12.0, 12.0, 12.0, 14.5, 10.5]
T = 0.03518437208883203	 step = 860
75.51000000000005
13.775278409090907
[36.0, 19.0, 36.0, 27.0, 21.0, 13.0]
[37.0, 8.0, 8.0, 42.0, 23.0, 36.0]
[8.0, 8.0, 8.0, 8.0, 31.4, 16.0]
[12.0, 12.0, 12.0, 12.0, 14.5, 10.5]
T = 0.03518437208883203	 step = 861
74.95000000000005
17.343460227272725
[36.0, 48.0, 36.0, 27.0, 21.0, 13.0]
[37.0, 25.0, 8.0, 42.0, 23.0, 36.0]
[8.0, 12.0, 8.0, 8.0, 31.4, 16.0]
[12.0, 8.0, 12.0, 12.0, 14.5, 10.5]
T = 0.03518437208883203	 step = 862
75.48000000000002
13.975278409090908
[36.0, 19.0, 36.0, 27.0, 21.0, 13.0]
[38.0, 8.0, 8.0, 42.0, 23.0, 36.0]
[8.0, 8.0, 8.0, 8.0, 31.4, 16.0]
[12.0, 12.0, 12.0, 12.0, 14.5, 10.5]
T = 0.03518437208883203	 step = 863
75.43
14.175278409090907
[36.0, 19.0, 36.0, 27.0, 21.0, 13.0]
[38.0, 8.0, 8.0, 43.0, 23.0, 36.0]
[8.0, 8.0, 8.0, 8.0, 31.4, 16.0]
[12.0, 12.0, 12.0, 12.0, 14.5, 10.5]
T = 0.03518437208883203	 step = 864
75.5
13.975278409090908
[36.0, 19.0, 36.0, 27.0, 21.0, 13.0]
[38.0, 9.0, 8.0, 43.0, 23.0, 36.0]
[8.0, 8.0, 8.0, 8.0, 31.4, 16.0]
[12.0, 12.0, 12.0, 12.0, 14.5, 10.5]
T = 0.03518437208883203	 step = 865
75.53000000000003
13.775278409090907
[36.0, 19.0, 36.0, 27.0, 21.0, 13.0]
[37.0, 9.0, 8.0, 43.0, 23.0, 36.0]
[8.0, 8.0, 8.0, 8.0, 31.4, 16.0]
[12.0, 12.0, 12.0, 12.0, 14.5, 10.5]
T = 0.03518437208883203	 step = 866
75.45000000000005
13.946474431818181
[40.0, 19.0, 36.0, 27.0, 21.0, 13.0]
[35.0, 9.0, 8.0, 43.0, 23.0, 36.0]
[12.0, 8.0, 8.0, 8.0, 31.4, 16.0]
[8.0, 12.0, 12.0, 12.0, 14.5, 10.5]
T = 0.03518437208883203	 step = 867
75.5
13.58819318181818
[40.0, 19.0, 36.0, 27.0, 22.0, 13.0]
[35.0, 9.0, 8.0, 43.0, 23.0, 36.0]
[12.0, 8.0, 8.0, 8.0, 31.4, 16.0]
[8.0, 12.0, 12.0, 12.0, 14.5, 10.5]
T = 0.03518437208883203	 step = 868
75.55000000000001
13.388193181818181
[40.0, 19.0, 36.0, 27.0, 22.0, 13.0]
[35.0, 9.0, 8.0, 42.0, 23.0, 36.0]
[12.0, 8.0, 8.0, 8.0, 31.4, 16.0]
[8.0, 12.0, 12.0, 12.0, 14.5, 10.5]
T = 0.03518437208883203	 step = 869
75.52000000000004
13.58819318181818
[40.0, 19.0, 36.0, 27.0, 22.0, 13.0]
[35.0, 9.0, 7.0, 42.0, 23.0, 36.0]
[12.0, 8.0, 8.0, 8.0, 31.4, 16.0]
[8.0, 12.0, 12.0, 12.0, 14.5, 10.5]
T = 0.03518437208883203	 step = 870
75.58000000000004
13.18819318181818
[39.0, 19.0, 36.0, 27.0, 22.0, 13.0]
[35.0, 9.0, 8.0, 42.0, 23.0, 36.0]
[12.0, 8.0, 8.0, 8.0, 31.4, 16.0]
[8.0, 12.0, 12.0, 12.0, 14.5, 10.5]
T = 0.03518437208883203	 step = 871
75.62
12.988193181818183
[38.0, 19.0, 36.0, 27.0, 22.0, 13.0]
[35.0, 9.0, 8.0, 42.0, 23.0, 36.0]
[12.0, 8.0, 8.0, 8.0, 31.4, 16.0]
[8.0, 12.0, 12.0, 12.0, 14.5, 10.5]
T = 0.03518437208883203	 step = 872
75.61000000000001
13.151693181818182
[38.0, 19.0, 36.0, 27.0, 22.0, 12.0]
[35.0, 9.0, 8.0, 42.0, 23.0, 36.0]
[12.0, 8.0, 8.0, 8.0, 31.4, 16.0]
[8.0, 12.0, 12.0, 12.0, 14.5, 10.5]
T = 0.03518437208883203	 step = 873
75.66000000000003
12.951693181818182
[38.0, 19.0, 36.0, 27.0, 22.0, 12.0]
[35.0, 9.0, 8.0, 41.0, 23.0, 36.0]
[12.0, 8.0, 8.0, 8.0, 31.4, 16.0]
[8.0, 12.0, 12.0, 12.0, 14.5, 10.5]
T = 0.03518437208883203	 step = 874
75.63
13.151693181818182
[38.0, 19.0, 36.0, 27.0, 22.0, 12.0]
[36.0, 9.0, 8.0, 41.0, 23.0, 36.0]
[12.0, 8.0, 8.0, 8.0, 31.4, 16.0]
[8.0, 12.0, 12.0, 12.0, 14.5, 10.5]
T = 0.03518437208883203	 step = 875
75.62
13.151693181818182
[39.0, 19.0, 36.0, 27.0, 22.0, 12.0]
[35.0, 9.0, 8.0, 41.0, 23.0, 36.0]
[12.0, 8.0, 8.0, 8.0, 31.4, 16.0]
[8.0, 12.0, 12.0, 12.0, 14.5, 10.5]
T = 0.03518437208883203	 step = 876
75.63
12.958545454545453
[39.0, 19.0, 36.0, 26.0, 22.0, 12.0]
[35.0, 9.0, 8.0, 41.0, 23.0, 36.0]
[12.0, 8.0, 8.0, 8.0, 31.4, 16.0]
[8.0, 12.0, 12.0, 12.0, 14.5, 10.5]
T = 0.03518437208883203	 step = 877
75.64000000000004
12.910818181818183
[39.0, 20.0, 36.0, 26.0, 22.0, 12.0]
[35.0, 9.0, 8.0, 41.0, 23.0, 36.0]
[12.0, 8.0, 8.0, 8.0, 31.4, 16.0]
[8.0, 12.0, 12.0, 12.0, 14.5, 10.5]
T = 0.03518437208883203	 step = 878
75.71000000000004
12.669340909090907
[39.0, 20.0, 36.0, 26.0, 23.0, 12.0]
[35.0, 9.0, 8.0, 41.0, 23.0, 36.0]
[12.0, 8.0, 8.0, 8.0, 31.4, 16.0]
[8.0, 12.0, 12.0, 12.0, 14.5, 10.5]
T = 0.03518437208883203	 step = 879
75.69
12.757670454545453
[39.0, 20.0, 36.0, 26.0, 23.0, 11.0]
[35.0, 9.0, 8.0, 41.0, 23.0, 36.0]
[12.0, 8.0, 8.0, 8.0, 31.4, 16.0]
[8.0, 12.0, 12.0, 12.0, 14.5, 10.5]
T = 0.03518437208883203	 step = 880
75.67000000000002
12.805397727272725
[39.0, 19.0, 36.0, 26.0, 23.0, 11.0]
[35.0, 9.0, 8.0, 41.0, 23.0, 36.0]
[12.0, 8.0, 8.0, 8.0, 31.4, 16.0]
[8.0, 12.0, 12.0, 12.0, 14.5, 10.5]
T = 0.03518437208883203	 step = 881
75.71000000000004
12.605397727272726
[39.0, 19.0, 36.0, 26.0, 23.0, 11.0]
[35.0, 9.0, 9.0, 41.0, 23.0, 36.0]
[12.0, 8.0, 8.0, 8.0, 31.4, 16.0]
[8.0, 12.0, 12.0, 12.0, 14.5, 10.5]
T = 0.028147497671065627	 step = 882
75.74000000000001
12.525278409090907
[39.0, 19.0, 36.0, 26.0, 24.0, 11.0]
[35.0, 9.0, 9.0, 41.0, 23.0, 36.0]
[12.0, 8.0, 8.0, 8.0, 31.4, 16.0]
[8.0, 12.0, 12.0, 12.0, 14.5, 10.5]
T = 0.028147497671065627	 step = 883
75.76000000000005
12.528119318181817
[39.0, 19.0, 36.0, 26.0, 24.0, 12.0]
[35.0, 9.0, 9.0, 41.0, 23.0, 36.0]
[12.0, 8.0, 8.0, 8.0, 31.4, 16.0]
[8.0, 12.0, 12.0, 12.0, 14.5, 10.5]
T = 0.028147497671065627	 step = 884
75.72000000000003
12.51706818181818
[39.0, 19.0, 36.0, 26.0, 23.0, 12.0]
[35.0, 9.0, 9.0, 41.0, 23.0, 36.0]
[12.0, 8.0, 8.0, 8.0, 31.4, 16.0]
[8.0, 12.0, 12.0, 12.0, 14.5, 10.5]
T = 0.028147497671065627	 step = 885
75.74000000000001
12.358545454545453
[39.0, 19.0, 36.0, 26.0, 23.0, 13.0]
[35.0, 9.0, 9.0, 41.0, 23.0, 36.0]
[12.0, 8.0, 8.0, 8.0, 31.4, 16.0]
[8.0, 12.0, 12.0, 12.0, 14.5, 10.5]
T = 0.028147497671065627	 step = 886
75.78000000000003
12.481522727272726
[39.0, 19.0, 36.0, 26.0, 24.0, 13.0]
[35.0, 9.0, 9.0, 41.0, 23.0, 36.0]
[12.0, 8.0, 8.0, 8.0, 31.4, 16.0]
[8.0, 12.0, 12.0, 12.0, 14.5, 10.5]
T = 0.028147497671065627	 step = 887
75.74000000000001
12.681522727272725
[39.0, 19.0, 37.0, 26.0, 24.0, 13.0]
[35.0, 9.0, 9.0, 41.0, 23.0, 36.0]
[12.0, 8.0, 8.0, 8.0, 31.4, 16.0]
[8.0, 12.0, 12.0, 12.0, 14.5, 10.5]
T = 0.028147497671065627	 step = 888
75.80000000000001
12.288374999999998
[39.0, 20.0, 36.0, 26.0, 24.0, 13.0]
[35.0, 9.0, 9.0, 41.0, 23.0, 36.0]
[12.0, 8.0, 8.0, 8.0, 31.4, 16.0]
[8.0, 12.0, 12.0, 12.0, 14.5, 10.5]
T = 0.028147497671065627	 step = 889
75.38
15.461619318181816
[39.0, 20.0, 36.0, 38.0, 24.0, 13.0]
[35.0, 9.0, 9.0, 47.0, 23.0, 36.0]
[12.0, 8.0, 8.0, 8.0, 31.4, 16.0]
[8.0, 12.0, 12.0, 12.0, 14.5, 10.5]
T = 0.028147497671065627	 step = 890
75.76000000000005
12.31081818181818
[39.0, 20.0, 36.0, 26.0, 23.0, 13.0]
[35.0, 9.0, 9.0, 41.0, 23.0, 36.0]
[12.0, 8.0, 8.0, 8.0, 31.4, 16.0]
[8.0, 12.0, 12.0, 12.0, 14.5, 10.5]
T = 0.028147497671065627	 step = 891
75.73000000000002
12.51081818181818
[39.0, 20.0, 37.0, 26.0, 23.0, 13.0]
[35.0, 9.0, 9.0, 41.0, 23.0, 36.0]
[12.0, 8.0, 8.0, 8.0, 31.4, 16.0]
[8.0, 12.0, 12.0, 12.0, 14.5, 10.5]
T = 0.028147497671065627	 step = 892
75.79000000000002
12.31081818181818
[39.0, 20.0, 37.0, 26.0, 23.0, 13.0]
[35.0, 9.0, 9.0, 40.0, 23.0, 36.0]
[12.0, 8.0, 8.0, 8.0, 31.4, 16.0]
[8.0, 12.0, 12.0, 12.0, 14.5, 10.5]
T = 0.028147497671065627	 step = 893
75.82000000000005
12.11081818181818
[39.0, 20.0, 36.0, 26.0, 23.0, 13.0]
[35.0, 9.0, 9.0, 40.0, 23.0, 36.0]
[12.0, 8.0, 8.0, 8.0, 31.4, 16.0]
[8.0, 12.0, 12.0, 12.0, 14.5, 10.5]
T = 0.028147497671065627	 step = 894
75.86000000000001
12.088375
[39.0, 20.0, 36.0, 26.0, 24.0, 13.0]
[35.0, 9.0, 9.0, 40.0, 23.0, 36.0]
[12.0, 8.0, 8.0, 8.0, 31.4, 16.0]
[8.0, 12.0, 12.0, 12.0, 14.5, 10.5]
T = 0.028147497671065627	 step = 895
75.84000000000003
12.134971590909089
[39.0, 20.0, 36.0, 26.0, 24.0, 12.0]
[35.0, 9.0, 9.0, 40.0, 23.0, 36.0]
[12.0, 8.0, 8.0, 8.0, 31.4, 16.0]
[8.0, 12.0, 12.0, 12.0, 14.5, 10.5]
T = 0.028147497671065627	 step = 896
75.80000000000001
12.269340909090907
[39.0, 20.0, 36.0, 26.0, 23.0, 12.0]
[35.0, 9.0, 9.0, 40.0, 23.0, 36.0]
[12.0, 8.0, 8.0, 8.0, 31.4, 16.0]
[8.0, 12.0, 12.0, 12.0, 14.5, 10.5]
T = 0.028147497671065627	 step = 897
75.87
12.087244318181815
[39.0, 21.0, 36.0, 26.0, 24.0, 12.0]
[35.0, 9.0, 9.0, 40.0, 23.0, 36.0]
[12.0, 8.0, 8.0, 8.0, 31.4, 16.0]
[8.0, 12.0, 12.0, 12.0, 14.5, 10.5]
T = 0.028147497671065627	 step = 898
75.85000000000002
12.084403409090907
[39.0, 21.0, 36.0, 26.0, 24.0, 11.0]
[35.0, 9.0, 9.0, 40.0, 23.0, 36.0]
[12.0, 8.0, 8.0, 8.0, 31.4, 16.0]
[8.0, 12.0, 12.0, 12.0, 14.5, 10.5]
T = 0.028147497671065627	 step = 899
75.82000000000005
12.284403409090906
[39.0, 21.0, 36.0, 26.0, 24.0, 11.0]
[36.0, 9.0, 9.0, 40.0, 23.0, 36.0]
[12.0, 8.0, 8.0, 8.0, 31.4, 16.0]
[8.0, 12.0, 12.0, 12.0, 14.5, 10.5]
T = 0.028147497671065627	 step = 900
75.78000000000003
12.484403409090907
[39.0, 21.0, 36.0, 26.0, 24.0, 11.0]
[36.0, 9.0, 8.0, 40.0, 23.0, 36.0]
[12.0, 8.0, 8.0, 8.0, 31.4, 16.0]
[8.0, 12.0, 12.0, 12.0, 14.5, 10.5]
T = 0.028147497671065627	 step = 901
75.75
12.53213068181818
[39.0, 20.0, 36.0, 26.0, 24.0, 11.0]
[36.0, 9.0, 8.0, 40.0, 23.0, 36.0]
[12.0, 8.0, 8.0, 8.0, 31.4, 16.0]
[8.0, 12.0, 12.0, 12.0, 14.5, 10.5]
T = 0.028147497671065627	 step = 902
75.69
12.732130681818179
[39.0, 20.0, 36.0, 26.0, 24.0, 11.0]
[36.0, 8.0, 8.0, 40.0, 23.0, 36.0]
[12.0, 8.0, 8.0, 8.0, 31.4, 16.0]
[8.0, 12.0, 12.0, 12.0, 14.5, 10.5]
T = 0.028147497671065627	 step = 903
75.75
12.53213068181818
[39.0, 20.0, 36.0, 26.0, 24.0, 11.0]
[36.0, 8.0, 8.0, 39.0, 23.0, 36.0]
[12.0, 8.0, 8.0, 8.0, 31.4, 16.0]
[8.0, 12.0, 12.0, 12.0, 14.5, 10.5]
T = 0.028147497671065627	 step = 904
75.35000000000002
14.327014204545451
[39.0, 20.0, 36.0, 29.0, 24.0, 11.0]
[36.0, 8.0, 8.0, 46.0, 23.0, 36.0]
[12.0, 8.0, 8.0, 12.0, 31.4, 16.0]
[8.0, 12.0, 12.0, 8.0, 14.5, 10.5]
T = 0.028147497671065627	 step = 905
75.72000000000003
12.554829545454544
[40.0, 20.0, 36.0, 26.0, 24.0, 11.0]
[36.0, 8.0, 8.0, 39.0, 23.0, 36.0]
[12.0, 8.0, 8.0, 8.0, 31.4, 16.0]
[8.0, 12.0, 12.0, 12.0, 14.5, 10.5]
T = 0.028147497671065627	 step = 906
75.68
12.754829545454545
[40.0, 20.0, 36.0, 26.0, 24.0, 11.0]
[36.0, 8.0, 7.0, 39.0, 23.0, 36.0]
[12.0, 8.0, 8.0, 8.0, 31.4, 16.0]
[8.0, 12.0, 12.0, 12.0, 14.5, 10.5]
T = 0.028147497671065627	 step = 907
75.75
12.554829545454545
[40.0, 20.0, 36.0, 26.0, 24.0, 11.0]
[36.0, 8.0, 7.0, 38.0, 23.0, 36.0]
[12.0, 8.0, 8.0, 8.0, 31.4, 16.0]
[8.0, 12.0, 12.0, 12.0, 14.5, 10.5]
T = 0.028147497671065627	 step = 908
75.69
12.754829545454545
[40.0, 20.0, 36.0, 26.0, 24.0, 11.0]
[36.0, 7.0, 7.0, 38.0, 23.0, 36.0]
[12.0, 8.0, 8.0, 8.0, 31.4, 16.0]
[8.0, 12.0, 12.0, 12.0, 14.5, 10.5]
T = 0.028147497671065627	 step = 909
75.72000000000003
12.754829545454545
[40.0, 20.0, 37.0, 26.0, 24.0, 11.0]
[36.0, 8.0, 7.0, 38.0, 23.0, 36.0]
[12.0, 8.0, 8.0, 8.0, 31.4, 16.0]
[8.0, 12.0, 12.0, 12.0, 14.5, 10.5]
T = 0.028147497671065627	 step = 910
75.68
13.157670454545455
[40.0, 20.0, 37.0, 26.0, 23.0, 11.0]
[36.0, 8.0, 7.0, 38.0, 23.0, 36.0]
[12.0, 8.0, 8.0, 8.0, 31.4, 16.0]
[8.0, 12.0, 12.0, 12.0, 14.5, 10.5]
T = 0.028147497671065627	 step = 911
75.42000000000002
14.757670454545451
[48.0, 20.0, 37.0, 26.0, 23.0, 11.0]
[36.0, 8.0, 7.0, 38.0, 23.0, 36.0]
[8.0, 8.0, 8.0, 8.0, 31.4, 16.0]
[12.0, 12.0, 12.0, 12.0, 14.5, 10.5]
T = 0.028147497671065627	 step = 912
75.71000000000004
12.957670454545454
[40.0, 20.0, 36.0, 26.0, 23.0, 11.0]
[36.0, 8.0, 7.0, 38.0, 23.0, 36.0]
[12.0, 8.0, 8.0, 8.0, 31.4, 16.0]
[8.0, 12.0, 12.0, 12.0, 14.5, 10.5]
T = 0.028147497671065627	 step = 913
75.69
12.954829545454546
[40.0, 20.0, 36.0, 26.0, 23.0, 10.0]
[36.0, 8.0, 7.0, 38.0, 23.0, 36.0]
[12.0, 8.0, 8.0, 8.0, 31.4, 16.0]
[8.0, 12.0, 12.0, 12.0, 14.5, 10.5]
T = 0.028147497671065627	 step = 914
75.67000000000002
12.951988636363636
[40.0, 20.0, 36.0, 26.0, 23.0, 9.0]
[36.0, 8.0, 7.0, 38.0, 23.0, 36.0]
[12.0, 8.0, 8.0, 8.0, 31.4, 16.0]
[8.0, 12.0, 12.0, 12.0, 14.5, 10.5]
T = 0.028147497671065627	 step = 915
75.61000000000001
13.151988636363637
[40.0, 20.0, 36.0, 26.0, 23.0, 9.0]
[36.0, 7.0, 7.0, 38.0, 23.0, 36.0]
[12.0, 8.0, 8.0, 8.0, 31.4, 16.0]
[8.0, 12.0, 12.0, 12.0, 14.5, 10.5]
T = 0.028147497671065627	 step = 916
75.60000000000002
13.151988636363635
[40.0, 20.0, 36.0, 26.0, 23.0, 9.0]
[36.0, 8.0, 7.0, 39.0, 23.0, 36.0]
[12.0, 8.0, 8.0, 8.0, 31.4, 16.0]
[8.0, 12.0, 12.0, 12.0, 14.5, 10.5]
T = 0.028147497671065627	 step = 917
75.64000000000004
13.151988636363637
[40.0, 20.0, 36.0, 26.0, 23.0, 9.0]
[37.0, 8.0, 7.0, 38.0, 23.0, 36.0]
[12.0, 8.0, 8.0, 8.0, 31.4, 16.0]
[8.0, 12.0, 12.0, 12.0, 14.5, 10.5]
T = 0.028147497671065627	 step = 918
75.71000000000004
12.751988636363636
[40.0, 20.0, 36.0, 26.0, 23.0, 9.0]
[36.0, 8.0, 8.0, 38.0, 23.0, 36.0]
[12.0, 8.0, 8.0, 8.0, 31.4, 16.0]
[8.0, 12.0, 12.0, 12.0, 14.5, 10.5]
T = 0.028147497671065627	 step = 919
75.25
15.152417613636363
[40.0, 47.0, 36.0, 26.0, 23.0, 9.0]
[36.0, 18.0, 8.0, 38.0, 23.0, 36.0]
[12.0, 8.0, 8.0, 8.0, 31.4, 16.0]
[8.0, 12.0, 12.0, 12.0, 14.5, 10.5]
T = 0.028147497671065627	 step = 920
75.64000000000004
12.951988636363634
[40.0, 20.0, 36.0, 26.0, 23.0, 9.0]
[36.0, 8.0, 8.0, 39.0, 23.0, 36.0]
[12.0, 8.0, 8.0, 8.0, 31.4, 16.0]
[8.0, 12.0, 12.0, 12.0, 14.5, 10.5]
T = 0.028147497671065627	 step = 921
75.60000000000002
13.151988636363635
[40.0, 20.0, 36.0, 26.0, 23.0, 9.0]
[36.0, 8.0, 7.0, 39.0, 23.0, 36.0]
[12.0, 8.0, 8.0, 8.0, 31.4, 16.0]
[8.0, 12.0, 12.0, 12.0, 14.5, 10.5]
T = 0.028147497671065627	 step = 922
75.14000000000004
15.792863636363634
[40.0, 47.0, 36.0, 26.0, 23.0, 9.0]
[36.0, 14.0, 8.0, 39.0, 23.0, 36.0]
[12.0, 8.0, 8.0, 8.0, 31.4, 16.0]
[8.0, 12.0, 12.0, 12.0, 14.5, 10.5]
T = 0.028147497671065627	 step = 923
75.61000000000001
13.151988636363635
[40.0, 20.0, 36.0, 26.0, 23.0, 9.0]
[37.0, 8.0, 8.0, 39.0, 23.0, 36.0]
[12.0, 8.0, 8.0, 8.0, 31.4, 16.0]
[8.0, 12.0, 12.0, 12.0, 14.5, 10.5]
T = 0.028147497671065627	 step = 924
75.66000000000003
12.954829545454544
[40.0, 20.0, 36.0, 26.0, 23.0, 10.0]
[36.0, 8.0, 8.0, 39.0, 23.0, 36.0]
[12.0, 8.0, 8.0, 8.0, 31.4, 16.0]
[8.0, 12.0, 12.0, 12.0, 14.5, 10.5]
T = 0.028147497671065627	 step = 925
75.70000000000005
12.754829545454543
[39.0, 20.0, 36.0, 26.0, 23.0, 10.0]
[36.0, 8.0, 8.0, 39.0, 23.0, 36.0]
[12.0, 8.0, 8.0, 8.0, 31.4, 16.0]
[8.0, 12.0, 12.0, 12.0, 14.5, 10.5]
T = 0.028147497671065627	 step = 926
75.73000000000002
12.554829545454544
[39.0, 20.0, 35.0, 26.0, 23.0, 10.0]
[36.0, 8.0, 8.0, 39.0, 23.0, 36.0]
[12.0, 8.0, 8.0, 8.0, 31.4, 16.0]
[8.0, 12.0, 12.0, 12.0, 14.5, 10.5]
T = 0.028147497671065627	 step = 927
75.66000000000003
12.957670454545454
[39.0, 20.0, 35.0, 26.0, 22.0, 10.0]
[36.0, 8.0, 8.0, 39.0, 23.0, 36.0]
[12.0, 8.0, 8.0, 8.0, 31.4, 16.0]
[8.0, 12.0, 12.0, 12.0, 14.5, 10.5]
T = 0.028147497671065627	 step = 928
75.58000000000004
12.883701704545452
[39.0, 20.0, 43.0, 26.0, 22.0, 10.0]
[36.0, 8.0, 19.0, 39.0, 23.0, 36.0]
[12.0, 8.0, 8.0, 8.0, 31.4, 16.0]
[8.0, 12.0, 12.0, 12.0, 14.5, 10.5]
T = 0.028147497671065627	 step = 929
75.66000000000003
11.940917613636364
[31.0, 20.0, 43.0, 26.0, 22.0, 10.0]
[6.0, 8.0, 19.0, 39.0, 23.0, 36.0]
[12.0, 8.0, 8.0, 8.0, 31.4, 16.0]
[8.0, 12.0, 12.0, 12.0, 14.5, 10.5]
T = 0.028147497671065627	 step = 930
75.60000000000002
12.140917613636363
[31.0, 20.0, 43.0, 26.0, 22.0, 10.0]
[6.0, 7.0, 19.0, 39.0, 23.0, 36.0]
[12.0, 8.0, 8.0, 8.0, 31.4, 16.0]
[8.0, 12.0, 12.0, 12.0, 14.5, 10.5]
T = 0.028147497671065627	 step = 931
75.55000000000001
12.340917613636364
[31.0, 20.0, 43.0, 26.0, 22.0, 10.0]
[5.0, 7.0, 19.0, 39.0, 23.0, 36.0]
[12.0, 8.0, 8.0, 8.0, 31.4, 16.0]
[8.0, 12.0, 12.0, 12.0, 14.5, 10.5]
T = 0.028147497671065627	 step = 932
75.60000000000002
12.140917613636363
[31.0, 20.0, 43.0, 26.0, 22.0, 10.0]
[6.0, 7.0, 19.0, 39.0, 23.0, 36.0]
[12.0, 8.0, 8.0, 8.0, 31.4, 16.0]
[8.0, 12.0, 12.0, 12.0, 14.5, 10.5]
T = 0.028147497671065627	 step = 933
75.59000000000003
12.268758522727273
[31.0, 20.0, 43.0, 26.0, 22.0, 10.0]
[6.0, 7.0, 18.0, 39.0, 23.0, 36.0]
[12.0, 8.0, 8.0, 8.0, 31.4, 16.0]
[8.0, 12.0, 12.0, 12.0, 14.5, 10.5]
T = 0.028147497671065627	 step = 934
75.60000000000002
12.22103125
[31.0, 20.0, 43.0, 25.0, 22.0, 10.0]
[6.0, 7.0, 18.0, 39.0, 23.0, 36.0]
[12.0, 8.0, 8.0, 8.0, 31.4, 16.0]
[8.0, 12.0, 12.0, 12.0, 14.5, 10.5]
T = 0.028147497671065627	 step = 935
75.33000000000004
16.31950568181818
[31.0, 20.0, 43.0, 25.0, 22.0, 44.0]
[6.0, 7.0, 18.0, 39.0, 23.0, 45.0]
[12.0, 8.0, 8.0, 8.0, 31.4, 16.0]
[8.0, 12.0, 12.0, 12.0, 14.5, 10.5]
T = 0.028147497671065627	 step = 936
75.59000000000003
12.268758522727273
[31.0, 20.0, 43.0, 26.0, 22.0, 10.0]
[6.0, 7.0, 18.0, 39.0, 23.0, 36.0]
[12.0, 8.0, 8.0, 8.0, 31.4, 16.0]
[8.0, 12.0, 12.0, 12.0, 14.5, 10.5]
T = 0.022517998136852502	 step = 937
75.23000000000002
15.11722443181818
[37.0, 20.0, 43.0, 26.0, 22.0, 10.0]
[48.0, 7.0, 18.0, 39.0, 23.0, 36.0]
[8.0, 8.0, 8.0, 8.0, 31.4, 16.0]
[12.0, 12.0, 12.0, 12.0, 14.5, 10.5]
T = 0.022517998136852502	 step = 938
75.55000000000001
12.468758522727272
[31.0, 20.0, 44.0, 26.0, 22.0, 10.0]
[6.0, 7.0, 18.0, 39.0, 23.0, 36.0]
[12.0, 8.0, 8.0, 8.0, 31.4, 16.0]
[8.0, 12.0, 12.0, 12.0, 14.5, 10.5]
T = 0.022517998136852502	 step = 939
75.57000000000005
12.461906249999998
[31.0, 20.0, 43.0, 27.0, 22.0, 10.0]
[6.0, 7.0, 18.0, 39.0, 23.0, 36.0]
[12.0, 8.0, 8.0, 8.0, 31.4, 16.0]
[8.0, 12.0, 12.0, 12.0, 14.5, 10.5]
T = 0.022517998136852502	 step = 940
75.58000000000004
12.468758522727272
[31.0, 20.0, 43.0, 26.0, 22.0, 10.0]
[6.0, 7.0, 18.0, 39.0, 23.0, 37.0]
[12.0, 8.0, 8.0, 8.0, 31.4, 16.0]
[8.0, 12.0, 12.0, 12.0, 14.5, 10.5]
T = 0.022517998136852502	 step = 941
75.52000000000004
12.705823863636361
[31.0, 20.0, 43.0, 26.0, 21.0, 10.0]
[6.0, 7.0, 18.0, 39.0, 23.0, 36.0]
[12.0, 8.0, 8.0, 8.0, 31.4, 16.0]
[8.0, 12.0, 12.0, 12.0, 14.5, 10.5]
T = 0.022517998136852502	 step = 942
75.52000000000004
12.705823863636361
[31.0, 20.0, 43.0, 26.0, 21.0, 10.0]
[6.0, 7.0, 18.0, 39.0, 23.0, 36.0]
[12.0, 8.0, 8.0, 8.0, 31.4, 16.0]
[8.0, 12.0, 12.0, 12.0, 14.5, 10.5]
T = 0.022517998136852502	 step = 943
75.53000000000003
12.468758522727272
[31.0, 20.0, 43.0, 26.0, 22.0, 10.0]
[6.0, 7.0, 18.0, 40.0, 23.0, 36.0]
[12.0, 8.0, 8.0, 8.0, 31.4, 16.0]
[8.0, 12.0, 12.0, 12.0, 14.5, 10.5]
T = 0.022517998136852502	 step = 944
75.57000000000005
12.268758522727273
[31.0, 20.0, 43.0, 26.0, 22.0, 10.0]
[7.0, 7.0, 18.0, 40.0, 23.0, 36.0]
[12.0, 8.0, 8.0, 8.0, 31.4, 16.0]
[8.0, 12.0, 12.0, 12.0, 14.5, 10.5]
T = 0.022517998136852502	 step = 945
75.56
12.290178977272726
[31.0, 19.0, 43.0, 26.0, 22.0, 10.0]
[7.0, 7.0, 18.0, 40.0, 23.0, 36.0]
[12.0, 8.0, 8.0, 8.0, 31.4, 16.0]
[8.0, 12.0, 12.0, 12.0, 14.5, 10.5]
T = 0.022517998136852502	 step = 946
75.65000000000003
12.140917613636363
[31.0, 20.0, 43.0, 26.0, 22.0, 10.0]
[7.0, 7.0, 18.0, 40.0, 22.0, 36.0]
[12.0, 8.0, 8.0, 8.0, 31.4, 16.0]
[8.0, 12.0, 12.0, 12.0, 14.5, 10.5]
T = 0.022517998136852502	 step = 947
75.66000000000003
12.093190340909091
[31.0, 20.0, 43.0, 25.0, 22.0, 10.0]
[7.0, 7.0, 18.0, 40.0, 22.0, 36.0]
[12.0, 8.0, 8.0, 8.0, 31.4, 16.0]
[8.0, 12.0, 12.0, 12.0, 14.5, 10.5]
T = 0.022517998136852502	 step = 948
75.64000000000004
12.29319034090909
[31.0, 20.0, 43.0, 25.0, 22.0, 10.0]
[7.0, 7.0, 18.0, 40.0, 22.0, 37.0]
[12.0, 8.0, 8.0, 8.0, 31.4, 16.0]
[8.0, 12.0, 12.0, 12.0, 14.5, 10.5]
T = 0.022517998136852502	 step = 949
75.63
12.29319034090909
[32.0, 20.0, 43.0, 25.0, 22.0, 10.0]
[7.0, 7.0, 18.0, 40.0, 22.0, 36.0]
[12.0, 8.0, 8.0, 8.0, 31.4, 16.0]
[8.0, 12.0, 12.0, 12.0, 14.5, 10.5]
T = 0.022517998136852502	 step = 950
75.64000000000004
12.24810511363636
[32.0, 21.0, 43.0, 25.0, 22.0, 10.0]
[7.0, 7.0, 18.0, 40.0, 22.0, 36.0]
[12.0, 8.0, 8.0, 8.0, 31.4, 16.0]
[8.0, 12.0, 12.0, 12.0, 14.5, 10.5]
T = 0.022517998136852502	 step = 951
75.57000000000005
12.376713068181818
[32.0, 21.0, 43.0, 25.0, 22.0, 10.0]
[7.0, 7.0, 18.0, 40.0, 23.0, 36.0]
[12.0, 8.0, 8.0, 8.0, 31.4, 16.0]
[8.0, 12.0, 12.0, 12.0, 14.5, 10.5]
T = 0.022517998136852502	 step = 952
75.56
12.504553977272726
[32.0, 21.0, 43.0, 25.0, 22.0, 10.0]
[7.0, 7.0, 17.0, 40.0, 23.0, 36.0]
[12.0, 8.0, 8.0, 8.0, 31.4, 16.0]
[8.0, 12.0, 12.0, 12.0, 14.5, 10.5]
T = 0.022517998136852502	 step = 953
75.28000000000003
14.745428977272724
[32.0, 21.0, 43.0, 37.0, 22.0, 10.0]
[7.0, 7.0, 17.0, 40.0, 23.0, 36.0]
[12.0, 8.0, 8.0, 12.0, 31.4, 16.0]
[8.0, 12.0, 12.0, 8.0, 14.5, 10.5]
T = 0.022517998136852502	 step = 954
75.63
12.376713068181818
[32.0, 21.0, 43.0, 25.0, 22.0, 10.0]
[7.0, 7.0, 17.0, 40.0, 22.0, 36.0]
[12.0, 8.0, 8.0, 8.0, 31.4, 16.0]
[8.0, 12.0, 12.0, 12.0, 14.5, 10.5]
T = 0.022517998136852502	 step = 955
75.68
12.176713068181817
[32.0, 21.0, 43.0, 25.0, 22.0, 10.0]
[8.0, 7.0, 17.0, 40.0, 22.0, 36.0]
[12.0, 8.0, 8.0, 8.0, 31.4, 16.0]
[8.0, 12.0, 12.0, 12.0, 14.5, 10.5]
T = 0.022517998136852502	 step = 956
75.64000000000004
12.399857954545453
[32.0, 21.0, 43.0, 25.0, 22.0, 15.0]
[8.0, 7.0, 17.0, 40.0, 22.0, 41.0]
[12.0, 8.0, 8.0, 8.0, 31.4, 10.5]
[8.0, 12.0, 12.0, 12.0, 14.5, 16.0]
T = 0.022517998136852502	 step = 957
75.66000000000003
12.199857954545454
[32.0, 21.0, 43.0, 25.0, 22.0, 15.0]
[8.0, 7.0, 17.0, 40.0, 22.0, 40.0]
[12.0, 8.0, 8.0, 8.0, 31.4, 10.5]
[8.0, 12.0, 12.0, 12.0, 14.5, 16.0]
T = 0.022517998136852502	 step = 958
75.65000000000003
12.244176136363636
[32.0, 20.0, 43.0, 25.0, 22.0, 15.0]
[8.0, 7.0, 17.0, 40.0, 22.0, 40.0]
[12.0, 8.0, 8.0, 8.0, 31.4, 10.5]
[8.0, 12.0, 12.0, 12.0, 14.5, 16.0]
T = 0.022517998136852502	 step = 959
75.72000000000003
12.044176136363637
[32.0, 20.0, 43.0, 25.0, 22.0, 15.0]
[8.0, 8.0, 17.0, 40.0, 22.0, 40.0]
[12.0, 8.0, 8.0, 8.0, 31.4, 10.5]
[8.0, 12.0, 12.0, 12.0, 14.5, 16.0]
T = 0.022517998136852502	 step = 960
75.78000000000003
11.844176136363636
[32.0, 20.0, 43.0, 25.0, 22.0, 15.0]
[8.0, 8.0, 17.0, 39.0, 22.0, 40.0]
[12.0, 8.0, 8.0, 8.0, 31.4, 10.5]
[8.0, 12.0, 12.0, 12.0, 14.5, 16.0]
T = 0.022517998136852502	 step = 961
75.80000000000001
11.799857954545455
[32.0, 21.0, 43.0, 25.0, 22.0, 15.0]
[8.0, 8.0, 17.0, 39.0, 22.0, 40.0]
[12.0, 8.0, 8.0, 8.0, 31.4, 10.5]
[8.0, 12.0, 12.0, 12.0, 14.5, 16.0]
T = 0.022517998136852502	 step = 962
75.78000000000003
11.927698863636364
[32.0, 21.0, 43.0, 25.0, 22.0, 15.0]
[8.0, 8.0, 16.0, 39.0, 22.0, 40.0]
[12.0, 8.0, 8.0, 8.0, 31.4, 10.5]
[8.0, 12.0, 12.0, 12.0, 14.5, 16.0]
T = 0.022517998136852502	 step = 963
75.82000000000005
11.599857954545454
[32.0, 21.0, 43.0, 25.0, 22.0, 15.0]
[8.0, 8.0, 17.0, 39.0, 22.0, 39.0]
[12.0, 8.0, 8.0, 8.0, 31.4, 10.5]
[8.0, 12.0, 12.0, 12.0, 14.5, 16.0]
T = 0.022517998136852502	 step = 964
75.87
11.399857954545455
[32.0, 21.0, 43.0, 25.0, 22.0, 15.0]
[9.0, 8.0, 17.0, 39.0, 22.0, 39.0]
[12.0, 8.0, 8.0, 8.0, 31.4, 10.5]
[8.0, 12.0, 12.0, 12.0, 14.5, 16.0]
T = 0.022517998136852502	 step = 965
75.82000000000005
11.599857954545454
[32.0, 21.0, 43.0, 25.0, 22.0, 15.0]
[8.0, 8.0, 17.0, 39.0, 22.0, 39.0]
[12.0, 8.0, 8.0, 8.0, 31.4, 10.5]
[8.0, 12.0, 12.0, 12.0, 14.5, 16.0]
T = 0.022517998136852502	 step = 966
75.89000000000004
11.399857954545453
[32.0, 21.0, 43.0, 25.0, 22.0, 15.0]
[8.0, 8.0, 17.0, 38.0, 22.0, 39.0]
[12.0, 8.0, 8.0, 8.0, 31.4, 10.5]
[8.0, 12.0, 12.0, 12.0, 14.5, 16.0]
T = 0.022517998136852502	 step = 967
75.88
11.536221590909088
[32.0, 21.0, 43.0, 25.0, 22.0, 14.0]
[8.0, 8.0, 17.0, 38.0, 22.0, 39.0]
[12.0, 8.0, 8.0, 8.0, 31.4, 10.5]
[8.0, 12.0, 12.0, 12.0, 14.5, 16.0]
T = 0.022517998136852502	 step = 968
75.86000000000001
11.58053977272727
[32.0, 20.0, 43.0, 25.0, 22.0, 14.0]
[8.0, 8.0, 17.0, 38.0, 22.0, 39.0]
[12.0, 8.0, 8.0, 8.0, 31.4, 10.5]
[8.0, 12.0, 12.0, 12.0, 14.5, 16.0]
T = 0.022517998136852502	 step = 969
75.85000000000002
11.601960227272725
[32.0, 19.0, 43.0, 25.0, 22.0, 14.0]
[8.0, 8.0, 17.0, 38.0, 22.0, 39.0]
[12.0, 8.0, 8.0, 8.0, 31.4, 10.5]
[8.0, 12.0, 12.0, 12.0, 14.5, 16.0]
T = 0.022517998136852502	 step = 970
75.79000000000002
11.801960227272726
[32.0, 19.0, 43.0, 25.0, 22.0, 14.0]
[7.0, 8.0, 17.0, 38.0, 22.0, 39.0]
[12.0, 8.0, 8.0, 8.0, 31.4, 10.5]
[8.0, 12.0, 12.0, 12.0, 14.5, 16.0]
T = 0.022517998136852502	 step = 971
75.82000000000005
11.601960227272725
[31.0, 19.0, 43.0, 25.0, 22.0, 14.0]
[7.0, 8.0, 17.0, 38.0, 22.0, 39.0]
[12.0, 8.0, 8.0, 8.0, 31.4, 10.5]
[8.0, 12.0, 12.0, 12.0, 14.5, 16.0]
T = 0.022517998136852502	 step = 972
75.77000000000004
11.801960227272726
[31.0, 19.0, 43.0, 25.0, 22.0, 14.0]
[6.0, 8.0, 17.0, 38.0, 22.0, 39.0]
[12.0, 8.0, 8.0, 8.0, 31.4, 10.5]
[8.0, 12.0, 12.0, 12.0, 14.5, 16.0]
T = 0.022517998136852502	 step = 973
75.13
16.842835227272726
[31.0, 19.0, 43.0, 41.0, 22.0, 14.0]
[7.0, 8.0, 17.0, 49.0, 22.0, 39.0]
[12.0, 8.0, 8.0, 12.0, 31.4, 10.5]
[8.0, 12.0, 12.0, 8.0, 14.5, 16.0]
T = 0.022517998136852502	 step = 974
75.76000000000005
11.801960227272726
[31.0, 19.0, 43.0, 25.0, 22.0, 14.0]
[7.0, 7.0, 17.0, 38.0, 22.0, 39.0]
[12.0, 8.0, 8.0, 8.0, 31.4, 10.5]
[8.0, 12.0, 12.0, 12.0, 14.5, 16.0]
T = 0.022517998136852502	 step = 975
75.76000000000005
11.89190340909091
[31.0, 19.0, 43.0, 25.0, 21.0, 14.0]
[7.0, 8.0, 17.0, 38.0, 22.0, 39.0]
[12.0, 8.0, 8.0, 8.0, 31.4, 10.5]
[8.0, 12.0, 12.0, 12.0, 14.5, 16.0]
T = 0.022517998136852502	 step = 976
75.69
12.091903409090909
[31.0, 19.0, 43.0, 25.0, 21.0, 14.0]
[7.0, 7.0, 17.0, 38.0, 22.0, 39.0]
[12.0, 8.0, 8.0, 8.0, 31.4, 10.5]
[8.0, 12.0, 12.0, 12.0, 14.5, 16.0]
T = 0.022517998136852502	 step = 977
75.78000000000003
11.964062499999997
[31.0, 19.0, 43.0, 25.0, 21.0, 14.0]
[7.0, 7.0, 17.0, 38.0, 21.0, 39.0]
[12.0, 8.0, 8.0, 8.0, 31.4, 10.5]
[8.0, 12.0, 12.0, 12.0, 14.5, 16.0]
T = 0.022517998136852502	 step = 978
75.73000000000002
12.36824431818182
[31.0, 19.0, 43.0, 25.0, 20.0, 14.0]
[7.0, 7.0, 17.0, 38.0, 21.0, 39.0]
[12.0, 8.0, 8.0, 8.0, 31.4, 10.5]
[8.0, 12.0, 12.0, 12.0, 14.5, 16.0]
T = 0.022517998136852502	 step = 979
75.79000000000002
11.916335227272725
[31.0, 19.0, 43.0, 24.0, 21.0, 14.0]
[7.0, 7.0, 17.0, 38.0, 21.0, 39.0]
[12.0, 8.0, 8.0, 8.0, 31.4, 10.5]
[8.0, 12.0, 12.0, 12.0, 14.5, 16.0]
T = 0.022517998136852502	 step = 980
75.82000000000005
11.716335227272726
[31.0, 19.0, 43.0, 24.0, 21.0, 14.0]
[7.0, 7.0, 17.0, 38.0, 21.0, 38.0]
[12.0, 8.0, 8.0, 8.0, 31.4, 10.5]
[8.0, 12.0, 12.0, 12.0, 14.5, 16.0]
T = 0.022517998136852502	 step = 981
75.88
11.44928977272727
[31.0, 19.0, 43.0, 24.0, 22.0, 14.0]
[7.0, 7.0, 17.0, 38.0, 21.0, 38.0]
[12.0, 8.0, 8.0, 8.0, 31.4, 10.5]
[8.0, 12.0, 12.0, 12.0, 14.5, 16.0]
T = 0.022517998136852502	 step = 982
75.89000000000004
11.404971590909089
[31.0, 20.0, 43.0, 24.0, 22.0, 14.0]
[7.0, 7.0, 17.0, 38.0, 21.0, 38.0]
[12.0, 8.0, 8.0, 8.0, 31.4, 10.5]
[8.0, 12.0, 12.0, 12.0, 14.5, 16.0]
T = 0.022517998136852502	 step = 983
75.88
11.44928977272727
[31.0, 19.0, 43.0, 24.0, 22.0, 14.0]
[7.0, 7.0, 17.0, 38.0, 21.0, 38.0]
[12.0, 8.0, 8.0, 8.0, 31.4, 10.5]
[8.0, 12.0, 12.0, 12.0, 14.5, 16.0]
T = 0.022517998136852502	 step = 984
75.85000000000002
11.64928977272727
[32.0, 19.0, 43.0, 24.0, 22.0, 14.0]
[7.0, 7.0, 17.0, 38.0, 21.0, 38.0]
[12.0, 8.0, 8.0, 8.0, 31.4, 10.5]
[8.0, 12.0, 12.0, 12.0, 14.5, 16.0]
T = 0.022517998136852502	 step = 985
75.83000000000004
11.64928977272727
[31.0, 19.0, 43.0, 24.0, 22.0, 14.0]
[6.0, 7.0, 17.0, 38.0, 21.0, 38.0]
[12.0, 8.0, 8.0, 8.0, 31.4, 10.5]
[8.0, 12.0, 12.0, 12.0, 14.5, 16.0]
T = 0.022517998136852502	 step = 986
75.82000000000005
11.649289772727272
[31.0, 19.0, 43.0, 24.0, 22.0, 14.0]
[7.0, 7.0, 17.0, 39.0, 21.0, 38.0]
[12.0, 8.0, 8.0, 8.0, 31.4, 10.5]
[8.0, 12.0, 12.0, 12.0, 14.5, 16.0]
T = 0.022517998136852502	 step = 987
75.76000000000005
11.916335227272725
[31.0, 19.0, 43.0, 24.0, 21.0, 14.0]
[7.0, 7.0, 17.0, 39.0, 21.0, 38.0]
[12.0, 8.0, 8.0, 8.0, 31.4, 10.5]
[8.0, 12.0, 12.0, 12.0, 14.5, 16.0]
T = 0.022517998136852502	 step = 988
75.75
12.052698863636362
[31.0, 19.0, 43.0, 24.0, 21.0, 13.0]
[7.0, 7.0, 17.0, 39.0, 21.0, 38.0]
[12.0, 8.0, 8.0, 8.0, 31.4, 10.5]
[8.0, 12.0, 12.0, 12.0, 14.5, 16.0]
T = 0.022517998136852502	 step = 989
75.81
11.85269886363636
[31.0, 19.0, 43.0, 24.0, 21.0, 13.0]
[8.0, 7.0, 17.0, 39.0, 21.0, 38.0]
[12.0, 8.0, 8.0, 8.0, 31.4, 10.5]
[8.0, 12.0, 12.0, 12.0, 14.5, 16.0]
T = 0.022517998136852502	 step = 990
75.79000000000002
11.989062499999998
[31.0, 19.0, 43.0, 24.0, 21.0, 12.0]
[8.0, 7.0, 17.0, 39.0, 21.0, 38.0]
[12.0, 8.0, 8.0, 8.0, 31.4, 10.5]
[8.0, 12.0, 12.0, 12.0, 14.5, 16.0]
T = 0.022517998136852502	 step = 991
75.75
12.052698863636362
[31.0, 19.0, 43.0, 24.0, 21.0, 13.0]
[7.0, 7.0, 17.0, 39.0, 21.0, 38.0]
[12.0, 8.0, 8.0, 8.0, 31.4, 10.5]
[8.0, 12.0, 12.0, 12.0, 14.5, 16.0]
T = 0.018014398509482003	 step = 992
75.84000000000003
11.652698863636362
[30.0, 19.0, 43.0, 24.0, 21.0, 13.0]
[8.0, 7.0, 17.0, 39.0, 21.0, 38.0]
[12.0, 8.0, 8.0, 8.0, 31.4, 10.5]
[8.0, 12.0, 12.0, 12.0, 14.5, 16.0]
T = 0.018014398509482003	 step = 993
75.88
11.452698863636364
[30.0, 19.0, 42.0, 24.0, 21.0, 13.0]
[8.0, 7.0, 17.0, 39.0, 21.0, 38.0]
[12.0, 8.0, 8.0, 8.0, 31.4, 10.5]
[8.0, 12.0, 12.0, 12.0, 14.5, 16.0]
T = 0.018014398509482003	 step = 994
75.90000000000003
11.252698863636363
[30.0, 19.0, 42.0, 24.0, 21.0, 13.0]
[8.0, 7.0, 17.0, 39.0, 21.0, 37.0]
[12.0, 8.0, 8.0, 8.0, 31.4, 10.5]
[8.0, 12.0, 12.0, 12.0, 14.5, 16.0]
T = 0.018014398509482003	 step = 995
75.86000000000001
11.452698863636364
[31.0, 19.0, 42.0, 24.0, 21.0, 13.0]
[8.0, 7.0, 17.0, 39.0, 21.0, 37.0]
[12.0, 8.0, 8.0, 8.0, 31.4, 10.5]
[8.0, 12.0, 12.0, 12.0, 14.5, 16.0]
T = 0.018014398509482003	 step = 996
75.89000000000004
11.3890625
[30.0, 19.0, 42.0, 24.0, 21.0, 12.0]
[8.0, 7.0, 17.0, 39.0, 21.0, 37.0]
[12.0, 8.0, 8.0, 8.0, 31.4, 10.5]
[8.0, 12.0, 12.0, 12.0, 14.5, 16.0]
T = 0.018014398509482003	 step = 997
75.91000000000003
11.124857954545453
[30.0, 19.0, 42.0, 24.0, 21.0, 13.0]
[8.0, 7.0, 18.0, 39.0, 21.0, 37.0]
[12.0, 8.0, 8.0, 8.0, 31.4, 10.5]
[8.0, 12.0, 12.0, 12.0, 14.5, 16.0]
T = 0.018014398509482003	 step = 998
75.90000000000003
11.252698863636363
[30.0, 19.0, 42.0, 24.0, 21.0, 13.0]
[8.0, 7.0, 17.0, 39.0, 21.0, 37.0]
[12.0, 8.0, 8.0, 8.0, 31.4, 10.5]
[8.0, 12.0, 12.0, 12.0, 14.5, 16.0]
T = 0.018014398509482003	 step = 999
75.86000000000001
11.452698863636364
[31.0, 19.0, 42.0, 24.0, 21.0, 13.0]
[8.0, 7.0, 17.0, 39.0, 21.0, 37.0]
[12.0, 8.0, 8.0, 8.0, 31.4, 10.5]
[8.0, 12.0, 12.0, 12.0, 14.5, 16.0]
T = 0.018014398509482003	 step = 1000
75.82000000000005
11.718977272727269
[31.0, 19.0, 42.0, 24.0, 20.0, 13.0]
[8.0, 7.0, 17.0, 39.0, 21.0, 37.0]
[12.0, 8.0, 8.0, 8.0, 31.4, 10.5]
[8.0, 12.0, 12.0, 12.0, 14.5, 16.0]
T = 0.018014398509482003	 step = 1001
75.81
11.652698863636363
[31.0, 19.0, 42.0, 24.0, 21.0, 13.0]
[7.0, 7.0, 17.0, 39.0, 21.0, 37.0]
[12.0, 8.0, 8.0, 8.0, 31.4, 10.5]
[8.0, 12.0, 12.0, 12.0, 14.5, 16.0]
T = 0.018014398509482003	 step = 1002
75.84000000000003
11.452698863636364
[30.0, 19.0, 42.0, 24.0, 21.0, 13.0]
[7.0, 7.0, 17.0, 39.0, 21.0, 37.0]
[12.0, 8.0, 8.0, 8.0, 31.4, 10.5]
[8.0, 12.0, 12.0, 12.0, 14.5, 16.0]
T = 0.018014398509482003	 step = 1003
75.56
12.385480113636362
[30.0, 8.0, 42.0, 24.0, 21.0, 13.0]
[7.0, 8.0, 17.0, 39.0, 21.0, 37.0]
[12.0, 12.0, 8.0, 8.0, 31.4, 10.5]
[8.0, 8.0, 12.0, 12.0, 14.5, 16.0]
T = 0.018014398509482003	 step = 1004
75.46000000000004
14.693573863636361
[30.0, 19.0, 42.0, 39.0, 21.0, 13.0]
[7.0, 7.0, 17.0, 41.0, 21.0, 37.0]
[12.0, 8.0, 8.0, 12.0, 31.4, 10.5]
[8.0, 12.0, 12.0, 8.0, 14.5, 16.0]
T = 0.018014398509482003	 step = 1005
75.83000000000004
11.497017045454545
[30.0, 18.0, 42.0, 24.0, 21.0, 13.0]
[7.0, 7.0, 17.0, 39.0, 21.0, 37.0]
[12.0, 8.0, 8.0, 8.0, 31.4, 10.5]
[8.0, 12.0, 12.0, 12.0, 14.5, 16.0]
T = 0.018014398509482003	 step = 1006
75.79000000000002
11.764062499999998
[30.0, 18.0, 42.0, 24.0, 20.0, 13.0]
[7.0, 7.0, 17.0, 39.0, 21.0, 37.0]
[12.0, 8.0, 8.0, 8.0, 31.4, 10.5]
[8.0, 12.0, 12.0, 12.0, 14.5, 16.0]
T = 0.018014398509482003	 step = 1007
75.59000000000003
14.83257386363636
[30.0, 18.0, 42.0, 24.0, 21.0, 42.0]
[7.0, 7.0, 17.0, 39.0, 21.0, 40.0]
[12.0, 8.0, 8.0, 8.0, 31.4, 10.5]
[8.0, 12.0, 12.0, 12.0, 14.5, 16.0]
T = 0.018014398509482003	 step = 1008
75.84000000000003
11.449289772727273
[30.0, 18.0, 42.0, 23.0, 21.0, 13.0]
[7.0, 7.0, 17.0, 39.0, 21.0, 37.0]
[12.0, 8.0, 8.0, 8.0, 31.4, 10.5]
[8.0, 12.0, 12.0, 12.0, 14.5, 16.0]
T = 0.018014398509482003	 step = 1009
75.82000000000005
11.649289772727272
[30.0, 18.0, 42.0, 23.0, 21.0, 13.0]
[7.0, 7.0, 17.0, 39.0, 21.0, 38.0]
[12.0, 8.0, 8.0, 8.0, 31.4, 10.5]
[8.0, 12.0, 12.0, 12.0, 14.5, 16.0]
T = 0.018014398509482003	 step = 1010
75.90000000000003
11.249289772727273
[30.0, 18.0, 42.0, 23.0, 21.0, 13.0]
[8.0, 7.0, 17.0, 39.0, 21.0, 37.0]
[12.0, 8.0, 8.0, 8.0, 31.4, 10.5]
[8.0, 12.0, 12.0, 12.0, 14.5, 16.0]
T = 0.018014398509482003	 step = 1011
75.94
11.049289772727272
[30.0, 18.0, 42.0, 23.0, 21.0, 13.0]
[9.0, 7.0, 17.0, 39.0, 21.0, 37.0]
[12.0, 8.0, 8.0, 8.0, 31.4, 10.5]
[8.0, 12.0, 12.0, 12.0, 14.5, 16.0]
T = 0.018014398509482003	 step = 1012
75.92000000000002
11.185653409090909
[30.0, 18.0, 42.0, 23.0, 21.0, 12.0]
[9.0, 7.0, 17.0, 39.0, 21.0, 37.0]
[12.0, 8.0, 8.0, 8.0, 31.4, 10.5]
[8.0, 12.0, 12.0, 12.0, 14.5, 16.0]
T = 0.018014398509482003	 step = 1013
75.95000000000005
10.921448863636362
[30.0, 18.0, 42.0, 23.0, 21.0, 13.0]
[9.0, 7.0, 18.0, 39.0, 21.0, 37.0]
[12.0, 8.0, 8.0, 8.0, 31.4, 10.5]
[8.0, 12.0, 12.0, 12.0, 14.5, 16.0]
T = 0.018014398509482003	 step = 1014
76.04000000000002
11.778889204545456
[30.0, 18.0, 36.0, 23.0, 21.0, 13.0]
[9.0, 7.0, 34.0, 39.0, 21.0, 37.0]
[12.0, 8.0, 12.0, 8.0, 31.4, 10.5]
[8.0, 12.0, 8.0, 12.0, 14.5, 16.0]
T = 0.018014398509482003	 step = 1015
75.91000000000003
11.187727272727269
[30.0, 18.0, 42.0, 23.0, 20.0, 13.0]
[9.0, 7.0, 18.0, 39.0, 21.0, 37.0]
[12.0, 8.0, 8.0, 8.0, 31.4, 10.5]
[8.0, 12.0, 12.0, 12.0, 14.5, 16.0]
T = 0.018014398509482003	 step = 1016
75.46000000000004
14.749519886363636
[32.0, 18.0, 42.0, 23.0, 20.0, 13.0]
[43.0, 7.0, 18.0, 39.0, 21.0, 37.0]
[8.0, 8.0, 8.0, 8.0, 31.4, 10.5]
[12.0, 12.0, 12.0, 12.0, 14.5, 16.0]
T = 0.018014398509482003	 step = 1017
75.89000000000004
11.235454545454543
[30.0, 18.0, 42.0, 24.0, 20.0, 13.0]
[9.0, 7.0, 18.0, 39.0, 21.0, 37.0]
[12.0, 8.0, 8.0, 8.0, 31.4, 10.5]
[8.0, 12.0, 12.0, 12.0, 14.5, 16.0]
T = 0.018014398509482003	 step = 1018
75.95000000000005
10.921448863636362
[30.0, 18.0, 42.0, 23.0, 21.0, 13.0]
[9.0, 7.0, 18.0, 39.0, 21.0, 37.0]
[12.0, 8.0, 8.0, 8.0, 31.4, 10.5]
[8.0, 12.0, 12.0, 12.0, 14.5, 16.0]
T = 0.018014398509482003	 step = 1019
75.93
11.121448863636362
[30.0, 18.0, 42.0, 23.0, 21.0, 13.0]
[9.0, 7.0, 18.0, 39.0, 21.0, 38.0]
[12.0, 8.0, 8.0, 8.0, 31.4, 10.5]
[8.0, 12.0, 12.0, 12.0, 14.5, 16.0]
T = 0.018014398509482003	 step = 1020
75.94
11.07713068181818
[30.0, 19.0, 42.0, 23.0, 21.0, 13.0]
[9.0, 7.0, 18.0, 39.0, 21.0, 38.0]
[12.0, 8.0, 8.0, 8.0, 31.4, 10.5]
[8.0, 12.0, 12.0, 12.0, 14.5, 16.0]
T = 0.018014398509482003	 step = 1021
75.90000000000003
11.276363636363634
[31.0, 19.0, 42.0, 23.0, 21.0, 13.0]
[9.0, 7.0, 18.0, 39.0, 21.0, 38.0]
[12.0, 8.0, 8.0, 8.0, 31.4, 10.5]
[8.0, 12.0, 12.0, 12.0, 14.5, 16.0]
T = 0.018014398509482003	 step = 1022
75.93
11.204971590909091
[30.0, 19.0, 42.0, 23.0, 21.0, 13.0]
[9.0, 7.0, 17.0, 39.0, 21.0, 38.0]
[12.0, 8.0, 8.0, 8.0, 31.4, 10.5]
[8.0, 12.0, 12.0, 12.0, 14.5, 16.0]
T = 0.018014398509482003	 step = 1023
75.89000000000004
11.27713068181818
[30.0, 19.0, 42.0, 23.0, 21.0, 13.0]
[9.0, 7.0, 18.0, 40.0, 21.0, 38.0]
[12.0, 8.0, 8.0, 8.0, 31.4, 10.5]
[8.0, 12.0, 12.0, 12.0, 14.5, 16.0]
T = 0.018014398509482003	 step = 1024
75.87
11.32144886363636
[30.0, 18.0, 42.0, 23.0, 21.0, 13.0]
[9.0, 7.0, 18.0, 40.0, 21.0, 38.0]
[12.0, 8.0, 8.0, 8.0, 31.4, 10.5]
[8.0, 12.0, 12.0, 12.0, 14.5, 16.0]
T = 0.018014398509482003	 step = 1025
75.43
15.410051136363634
[30.0, 18.0, 42.0, 45.0, 21.0, 13.0]
[9.0, 7.0, 18.0, 40.0, 21.0, 38.0]
[12.0, 8.0, 8.0, 12.0, 31.4, 10.5]
[8.0, 12.0, 12.0, 8.0, 14.5, 16.0]
T = 0.018014398509482003	 step = 1026
75.83000000000004
11.58772727272727
[30.0, 18.0, 42.0, 23.0, 20.0, 13.0]
[9.0, 7.0, 18.0, 40.0, 21.0, 38.0]
[12.0, 8.0, 8.0, 8.0, 31.4, 10.5]
[8.0, 12.0, 12.0, 12.0, 14.5, 16.0]
T = 0.018014398509482003	 step = 1027
75.82000000000005
11.521448863636362
[30.0, 18.0, 42.0, 23.0, 21.0, 13.0]
[9.0, 7.0, 18.0, 41.0, 21.0, 38.0]
[12.0, 8.0, 8.0, 8.0, 31.4, 10.5]
[8.0, 12.0, 12.0, 12.0, 14.5, 16.0]
T = 0.018014398509482003	 step = 1028
75.89000000000004
11.27713068181818
[30.0, 19.0, 42.0, 23.0, 21.0, 13.0]
[9.0, 7.0, 18.0, 40.0, 21.0, 38.0]
[12.0, 8.0, 8.0, 8.0, 31.4, 10.5]
[8.0, 12.0, 12.0, 12.0, 14.5, 16.0]
T = 0.018014398509482003	 step = 1029
75.84000000000003
11.47713068181818
[30.0, 19.0, 42.0, 23.0, 21.0, 13.0]
[9.0, 7.0, 18.0, 41.0, 21.0, 38.0]
[12.0, 8.0, 8.0, 8.0, 31.4, 10.5]
[8.0, 12.0, 12.0, 12.0, 14.5, 16.0]
T = 0.018014398509482003	 step = 1030
75.45000000000005
14.875764204545451
[30.0, 37.0, 42.0, 23.0, 21.0, 13.0]
[9.0, 36.0, 18.0, 40.0, 21.0, 38.0]
[12.0, 12.0, 8.0, 8.0, 31.4, 10.5]
[8.0, 8.0, 12.0, 12.0, 14.5, 16.0]
T = 0.018014398509482003	 step = 1031
75.89000000000004
11.147653409090907
[30.0, 19.0, 42.0, 23.0, 21.0, 13.0]
[9.0, 7.0, 19.0, 40.0, 21.0, 38.0]
[12.0, 8.0, 8.0, 8.0, 31.4, 10.5]
[8.0, 12.0, 12.0, 12.0, 14.5, 16.0]
T = 0.018014398509482003	 step = 1032
75.85000000000002
11.408749999999996
[30.0, 19.0, 42.0, 23.0, 20.0, 13.0]
[9.0, 7.0, 19.0, 40.0, 21.0, 38.0]
[12.0, 8.0, 8.0, 8.0, 31.4, 10.5]
[8.0, 12.0, 12.0, 12.0, 14.5, 16.0]
T = 0.018014398509482003	 step = 1033
75.79000000000002
11.27713068181818
[30.0, 19.0, 42.0, 23.0, 21.0, 13.0]
[9.0, 7.0, 19.0, 40.0, 22.0, 38.0]
[12.0, 8.0, 8.0, 8.0, 31.4, 10.5]
[8.0, 12.0, 12.0, 12.0, 14.5, 16.0]
T = 0.018014398509482003	 step = 1034
75.85000000000002
11.408749999999996
[30.0, 19.0, 42.0, 23.0, 20.0, 13.0]
[9.0, 7.0, 19.0, 40.0, 21.0, 38.0]
[12.0, 8.0, 8.0, 8.0, 31.4, 10.5]
[8.0, 12.0, 12.0, 12.0, 14.5, 16.0]
T = 0.018014398509482003	 step = 1035
75.88
11.193607954545453
[30.0, 18.0, 42.0, 23.0, 21.0, 13.0]
[9.0, 7.0, 19.0, 40.0, 21.0, 38.0]
[12.0, 8.0, 8.0, 8.0, 31.4, 10.5]
[8.0, 12.0, 12.0, 12.0, 14.5, 16.0]
T = 0.018014398509482003	 step = 1036
75.57000000000005
14.082210227272725
[30.0, 18.0, 42.0, 38.0, 21.0, 13.0]
[9.0, 7.0, 19.0, 41.0, 21.0, 38.0]
[12.0, 8.0, 8.0, 12.0, 31.4, 10.5]
[8.0, 12.0, 12.0, 8.0, 14.5, 16.0]
T = 0.018014398509482003	 step = 1037
75.84000000000003
11.392840909090905
[31.0, 18.0, 42.0, 23.0, 21.0, 13.0]
[9.0, 7.0, 19.0, 40.0, 21.0, 38.0]
[12.0, 8.0, 8.0, 8.0, 31.4, 10.5]
[8.0, 12.0, 12.0, 12.0, 14.5, 16.0]
T = 0.018014398509482003	 step = 1038
75.80000000000001
11.592840909090906
[31.0, 18.0, 42.0, 23.0, 21.0, 13.0]
[8.0, 7.0, 19.0, 40.0, 21.0, 38.0]
[12.0, 8.0, 8.0, 8.0, 31.4, 10.5]
[8.0, 12.0, 12.0, 12.0, 14.5, 16.0]
T = 0.018014398509482003	 step = 1039
75.84000000000003
11.261590909090906
[31.0, 18.0, 42.0, 23.0, 21.0, 13.0]
[9.0, 7.0, 20.0, 40.0, 21.0, 38.0]
[12.0, 8.0, 8.0, 8.0, 31.4, 10.5]
[8.0, 12.0, 12.0, 12.0, 14.5, 16.0]
T = 0.018014398509482003	 step = 1040
75.83000000000004
11.30931818181818
[31.0, 18.0, 42.0, 24.0, 21.0, 13.0]
[9.0, 7.0, 20.0, 40.0, 21.0, 38.0]
[12.0, 8.0, 8.0, 8.0, 31.4, 10.5]
[8.0, 12.0, 12.0, 12.0, 14.5, 16.0]
T = 0.018014398509482003	 step = 1041
75.83000000000004
11.171818181818178
[31.0, 18.0, 42.0, 24.0, 21.0, 13.0]
[9.0, 7.0, 21.0, 40.0, 21.0, 38.0]
[12.0, 8.0, 8.0, 8.0, 31.4, 10.5]
[8.0, 12.0, 12.0, 12.0, 14.5, 16.0]
T = 0.018014398509482003	 step = 1042
75.81
11.219545454545452
[31.0, 17.0, 42.0, 24.0, 21.0, 13.0]
[9.0, 7.0, 21.0, 40.0, 21.0, 38.0]
[12.0, 8.0, 8.0, 8.0, 31.4, 10.5]
[8.0, 12.0, 12.0, 12.0, 14.5, 16.0]
T = 0.018014398509482003	 step = 1043
75.69
11.854346590909088
[31.0, 13.0, 42.0, 24.0, 21.0, 13.0]
[9.0, 7.0, 21.0, 40.0, 21.0, 38.0]
[12.0, 12.0, 8.0, 8.0, 31.4, 10.5]
[8.0, 8.0, 12.0, 12.0, 14.5, 16.0]
T = 0.018014398509482003	 step = 1044
75.77000000000004
11.483181818181816
[31.0, 17.0, 42.0, 24.0, 20.0, 13.0]
[9.0, 7.0, 21.0, 40.0, 21.0, 38.0]
[12.0, 8.0, 8.0, 8.0, 31.4, 10.5]
[8.0, 12.0, 12.0, 12.0, 14.5, 16.0]
T = 0.018014398509482003	 step = 1045
75.79000000000002
11.419545454545451
[31.0, 17.0, 42.0, 24.0, 21.0, 13.0]
[9.0, 7.0, 21.0, 40.0, 21.0, 39.0]
[12.0, 8.0, 8.0, 8.0, 31.4, 10.5]
[8.0, 12.0, 12.0, 12.0, 14.5, 16.0]
T = 0.018014398509482003	 step = 1046
75.37
14.676835227272726
[42.0, 17.0, 42.0, 24.0, 21.0, 13.0]
[34.0, 7.0, 21.0, 40.0, 21.0, 38.0]
[8.0, 8.0, 8.0, 8.0, 31.4, 10.5]
[12.0, 12.0, 12.0, 12.0, 14.5, 16.0]
T = 0.014411518807585602	 step = 1047
75.85000000000002
11.022085227272724
[30.0, 17.0, 42.0, 24.0, 21.0, 13.0]
[9.0, 7.0, 21.0, 40.0, 21.0, 38.0]
[12.0, 8.0, 8.0, 8.0, 31.4, 10.5]
[8.0, 12.0, 12.0, 12.0, 14.5, 16.0]
T = 0.014411518807585602	 step = 1048
75.83000000000004
11.222085227272725
[30.0, 17.0, 42.0, 24.0, 21.0, 13.0]
[9.0, 7.0, 21.0, 40.0, 21.0, 39.0]
[12.0, 8.0, 8.0, 8.0, 31.4, 10.5]
[8.0, 12.0, 12.0, 12.0, 14.5, 16.0]
T = 0.014411518807585602	 step = 1049
75.54000000000002
16.05422727272727
[30.0, 17.0, 42.0, 24.0, 21.0, 43.0]
[9.0, 7.0, 21.0, 40.0, 21.0, 48.0]
[12.0, 8.0, 8.0, 8.0, 31.4, 16.0]
[8.0, 12.0, 12.0, 12.0, 14.5, 10.5]
T = 0.014411518807585602	 step = 1050
75.81
11.283181818181815
[30.0, 17.0, 42.0, 24.0, 20.0, 13.0]
[9.0, 7.0, 21.0, 40.0, 21.0, 38.0]
[12.0, 8.0, 8.0, 8.0, 31.4, 10.5]
[8.0, 12.0, 12.0, 12.0, 14.5, 16.0]
T = 0.014411518807585602	 step = 1051
75.87
10.974357954545452
[30.0, 18.0, 42.0, 24.0, 21.0, 13.0]
[9.0, 7.0, 21.0, 40.0, 21.0, 38.0]
[12.0, 8.0, 8.0, 8.0, 31.4, 10.5]
[8.0, 12.0, 12.0, 12.0, 14.5, 16.0]
T = 0.014411518807585602	 step = 1052
75.87
11.078903409090907
[30.0, 18.0, 42.0, 24.0, 21.0, 13.0]
[9.0, 7.0, 22.0, 40.0, 21.0, 38.0]
[12.0, 8.0, 8.0, 8.0, 31.4, 10.5]
[8.0, 12.0, 12.0, 12.0, 14.5, 16.0]
T = 0.014411518807585602	 step = 1053
75.87
11.078903409090907
[30.0, 18.0, 42.0, 24.0, 21.0, 13.0]
[9.0, 7.0, 22.0, 40.0, 21.0, 38.0]
[12.0, 8.0, 8.0, 8.0, 31.4, 10.5]
[8.0, 12.0, 12.0, 12.0, 14.5, 16.0]
T = 0.014411518807585602	 step = 1054
75.78000000000003
11.111857954545451
[30.0, 18.0, 42.0, 24.0, 21.0, 13.0]
[9.0, 7.0, 21.0, 40.0, 22.0, 38.0]
[12.0, 8.0, 8.0, 8.0, 31.4, 10.5]
[8.0, 12.0, 12.0, 12.0, 14.5, 16.0]
T = 0.014411518807585602	 step = 1055
75.86000000000001
11.110721590909089
[30.0, 18.0, 42.0, 24.0, 21.0, 12.0]
[9.0, 7.0, 21.0, 40.0, 21.0, 38.0]
[12.0, 8.0, 8.0, 8.0, 31.4, 10.5]
[8.0, 12.0, 12.0, 12.0, 14.5, 16.0]
T = 0.014411518807585602	 step = 1056
75.84000000000003
11.247085227272725
[30.0, 18.0, 42.0, 24.0, 21.0, 11.0]
[9.0, 7.0, 21.0, 40.0, 21.0, 38.0]
[12.0, 8.0, 8.0, 8.0, 31.4, 10.5]
[8.0, 12.0, 12.0, 12.0, 14.5, 16.0]
T = 0.014411518807585602	 step = 1057
75.81
11.310721590909088
[30.0, 18.0, 42.0, 24.0, 21.0, 12.0]
[8.0, 7.0, 21.0, 40.0, 21.0, 38.0]
[12.0, 8.0, 8.0, 8.0, 31.4, 10.5]
[8.0, 12.0, 12.0, 12.0, 14.5, 16.0]
T = 0.014411518807585602	 step = 1058
75.80000000000001
11.358448863636362
[30.0, 18.0, 42.0, 25.0, 21.0, 12.0]
[8.0, 7.0, 21.0, 40.0, 21.0, 38.0]
[12.0, 8.0, 8.0, 8.0, 31.4, 10.5]
[8.0, 12.0, 12.0, 12.0, 14.5, 16.0]
T = 0.014411518807585602	 step = 1059
75.84000000000003
11.161857954545452
[29.0, 18.0, 42.0, 25.0, 21.0, 12.0]
[8.0, 7.0, 21.0, 40.0, 21.0, 38.0]
[12.0, 8.0, 8.0, 8.0, 31.4, 10.5]
[8.0, 12.0, 12.0, 12.0, 14.5, 16.0]
T = 0.014411518807585602	 step = 1060
75.73000000000002
11.297585227272725
[29.0, 18.0, 42.0, 25.0, 21.0, 12.0]
[8.0, 7.0, 21.0, 40.0, 22.0, 38.0]
[12.0, 8.0, 8.0, 8.0, 31.4, 10.5]
[8.0, 12.0, 12.0, 12.0, 14.5, 16.0]
T = 0.014411518807585602	 step = 1061
75.77000000000004
11.361857954545451
[29.0, 18.0, 42.0, 25.0, 21.0, 12.0]
[7.0, 7.0, 21.0, 40.0, 21.0, 38.0]
[12.0, 8.0, 8.0, 8.0, 31.4, 10.5]
[8.0, 12.0, 12.0, 12.0, 14.5, 16.0]
T = 0.014411518807585602	 step = 1062
75.78000000000003
11.225494318181816
[29.0, 18.0, 42.0, 25.0, 21.0, 13.0]
[7.0, 7.0, 21.0, 40.0, 21.0, 38.0]
[12.0, 8.0, 8.0, 8.0, 31.4, 10.5]
[8.0, 12.0, 12.0, 12.0, 14.5, 16.0]
T = 0.014411518807585602	 step = 1063
75.77000000000004
11.361857954545451
[29.0, 18.0, 42.0, 25.0, 21.0, 12.0]
[7.0, 7.0, 21.0, 40.0, 21.0, 38.0]
[12.0, 8.0, 8.0, 8.0, 31.4, 10.5]
[8.0, 12.0, 12.0, 12.0, 14.5, 16.0]
T = 0.014411518807585602	 step = 1064
75.76000000000005
11.425494318181816
[29.0, 18.0, 42.0, 25.0, 21.0, 13.0]
[7.0, 7.0, 21.0, 40.0, 21.0, 39.0]
[12.0, 8.0, 8.0, 8.0, 31.4, 10.5]
[8.0, 12.0, 12.0, 12.0, 14.5, 16.0]
T = 0.014411518807585602	 step = 1065
75.51000000000005
14.793213068181815
[29.0, 18.0, 39.0, 25.0, 21.0, 13.0]
[7.0, 7.0, 44.0, 40.0, 21.0, 38.0]
[12.0, 8.0, 8.0, 8.0, 31.4, 10.5]
[8.0, 12.0, 12.0, 12.0, 14.5, 16.0]
T = 0.014411518807585602	 step = 1066
75.68
11.36122159090909
[29.0, 18.0, 42.0, 25.0, 21.0, 13.0]
[7.0, 7.0, 21.0, 40.0, 22.0, 38.0]
[12.0, 8.0, 8.0, 8.0, 31.4, 10.5]
[8.0, 12.0, 12.0, 12.0, 14.5, 16.0]
T = 0.014411518807585602	 step = 1067
75.77000000000004
11.271448863636362
[29.0, 17.0, 42.0, 25.0, 21.0, 13.0]
[7.0, 7.0, 21.0, 40.0, 21.0, 38.0]
[12.0, 8.0, 8.0, 8.0, 31.4, 10.5]
[8.0, 12.0, 12.0, 12.0, 14.5, 16.0]
T = 0.014411518807585602	 step = 1068
75.82000000000005
11.07144886363636
[29.0, 17.0, 42.0, 25.0, 21.0, 13.0]
[7.0, 7.0, 21.0, 39.0, 21.0, 38.0]
[12.0, 8.0, 8.0, 8.0, 31.4, 10.5]
[8.0, 12.0, 12.0, 12.0, 14.5, 16.0]
T = 0.014411518807585602	 step = 1069
75.78000000000003
11.271448863636362
[29.0, 17.0, 43.0, 25.0, 21.0, 13.0]
[7.0, 7.0, 21.0, 39.0, 21.0, 38.0]
[12.0, 8.0, 8.0, 8.0, 31.4, 10.5]
[8.0, 12.0, 12.0, 12.0, 14.5, 16.0]
T = 0.014411518807585602	 step = 1070
75.81
11.261187499999997
[29.0, 16.0, 42.0, 25.0, 21.0, 13.0]
[7.0, 7.0, 21.0, 39.0, 21.0, 38.0]
[12.0, 8.0, 8.0, 8.0, 31.4, 10.5]
[8.0, 12.0, 12.0, 12.0, 14.5, 16.0]
T = 0.014411518807585602	 step = 1071
75.71000000000004
11.395278409090906
[29.0, 16.0, 42.0, 25.0, 21.0, 13.0]
[7.0, 7.0, 21.0, 39.0, 22.0, 38.0]
[12.0, 8.0, 8.0, 8.0, 31.4, 10.5]
[8.0, 12.0, 12.0, 12.0, 14.5, 16.0]
T = 0.014411518807585602	 step = 1072
75.75
11.461187499999998
[29.0, 16.0, 42.0, 25.0, 21.0, 13.0]
[7.0, 7.0, 21.0, 40.0, 21.0, 38.0]
[12.0, 8.0, 8.0, 8.0, 31.4, 10.5]
[8.0, 12.0, 12.0, 12.0, 14.5, 16.0]
T = 0.014411518807585602	 step = 1073
75.82000000000005
11.07144886363636
[29.0, 17.0, 42.0, 25.0, 21.0, 13.0]
[7.0, 7.0, 21.0, 39.0, 21.0, 38.0]
[12.0, 8.0, 8.0, 8.0, 31.4, 10.5]
[8.0, 12.0, 12.0, 12.0, 14.5, 16.0]
T = 0.014411518807585602	 step = 1074
75.81
11.261187499999997
[29.0, 16.0, 42.0, 25.0, 21.0, 13.0]
[7.0, 7.0, 21.0, 39.0, 21.0, 38.0]
[12.0, 8.0, 8.0, 8.0, 31.4, 10.5]
[8.0, 12.0, 12.0, 12.0, 14.5, 16.0]
T = 0.014411518807585602	 step = 1075
75.82000000000005
11.20553977272727
[29.0, 17.0, 42.0, 25.0, 21.0, 13.0]
[7.0, 7.0, 20.0, 39.0, 21.0, 38.0]
[12.0, 8.0, 8.0, 8.0, 31.4, 10.5]
[8.0, 12.0, 12.0, 12.0, 14.5, 16.0]
T = 0.014411518807585602	 step = 1076
75.85000000000002
10.871448863636362
[28.0, 17.0, 42.0, 25.0, 21.0, 13.0]
[7.0, 7.0, 21.0, 39.0, 21.0, 38.0]
[12.0, 8.0, 8.0, 8.0, 31.4, 10.5]
[8.0, 12.0, 12.0, 12.0, 14.5, 16.0]
T = 0.014411518807585602	 step = 1077
75.75
11.005539772727271
[28.0, 17.0, 42.0, 25.0, 21.0, 13.0]
[7.0, 7.0, 21.0, 39.0, 22.0, 38.0]
[12.0, 8.0, 8.0, 8.0, 31.4, 10.5]
[8.0, 12.0, 12.0, 12.0, 14.5, 16.0]
T = 0.014411518807585602	 step = 1078
75.71000000000004
11.20553977272727
[28.0, 17.0, 43.0, 25.0, 21.0, 13.0]
[7.0, 7.0, 21.0, 39.0, 22.0, 38.0]
[12.0, 8.0, 8.0, 8.0, 31.4, 10.5]
[8.0, 12.0, 12.0, 12.0, 14.5, 16.0]
T = 0.014411518807585602	 step = 1079
75.73000000000002
11.20553977272727
[29.0, 17.0, 42.0, 25.0, 21.0, 13.0]
[7.0, 7.0, 21.0, 39.0, 22.0, 38.0]
[12.0, 8.0, 8.0, 8.0, 31.4, 10.5]
[8.0, 12.0, 12.0, 12.0, 14.5, 16.0]
T = 0.014411518807585602	 step = 1080
75.71000000000004
11.40553977272727
[29.0, 17.0, 42.0, 25.0, 21.0, 13.0]
[7.0, 7.0, 21.0, 39.0, 22.0, 39.0]
[12.0, 8.0, 8.0, 8.0, 31.4, 10.5]
[8.0, 12.0, 12.0, 12.0, 14.5, 16.0]
T = 0.014411518807585602	 step = 1081
75.73000000000002
11.07144886363636
[29.0, 17.0, 42.0, 25.0, 21.0, 13.0]
[7.0, 7.0, 22.0, 39.0, 22.0, 38.0]
[12.0, 8.0, 8.0, 8.0, 31.4, 10.5]
[8.0, 12.0, 12.0, 12.0, 14.5, 16.0]
T = 0.014411518807585602	 step = 1082
75.79000000000002
10.871448863636362
[29.0, 17.0, 42.0, 25.0, 21.0, 13.0]
[7.0, 7.0, 22.0, 38.0, 22.0, 38.0]
[12.0, 8.0, 8.0, 8.0, 31.4, 10.5]
[8.0, 12.0, 12.0, 12.0, 14.5, 16.0]
T = 0.014411518807585602	 step = 1083
75.85000000000002
10.671448863636362
[29.0, 17.0, 42.0, 25.0, 21.0, 13.0]
[8.0, 7.0, 22.0, 38.0, 22.0, 38.0]
[12.0, 8.0, 8.0, 8.0, 31.4, 10.5]
[8.0, 12.0, 12.0, 12.0, 14.5, 16.0]
T = 0.014411518807585602	 step = 1084
75.85000000000002
10.775994318181816
[29.0, 17.0, 42.0, 25.0, 21.0, 13.0]
[8.0, 7.0, 23.0, 38.0, 22.0, 38.0]
[12.0, 8.0, 8.0, 8.0, 31.4, 10.5]
[8.0, 12.0, 12.0, 12.0, 14.5, 16.0]
T = 0.014411518807585602	 step = 1085
75.88
10.575994318181817
[28.0, 17.0, 42.0, 25.0, 21.0, 13.0]
[8.0, 7.0, 23.0, 38.0, 22.0, 38.0]
[12.0, 8.0, 8.0, 8.0, 31.4, 10.5]
[8.0, 12.0, 12.0, 12.0, 14.5, 16.0]
T = 0.014411518807585602	 step = 1086
75.88
10.66557386363636
[28.0, 17.0, 42.0, 25.0, 21.0, 13.0]
[8.0, 7.0, 24.0, 38.0, 22.0, 38.0]
[12.0, 8.0, 8.0, 8.0, 31.4, 10.5]
[8.0, 12.0, 12.0, 12.0, 14.5, 16.0]
T = 0.014411518807585602	 step = 1087
75.89000000000004
10.529210227272726
[28.0, 17.0, 42.0, 25.0, 21.0, 14.0]
[8.0, 7.0, 24.0, 38.0, 22.0, 38.0]
[12.0, 8.0, 8.0, 8.0, 31.4, 10.5]
[8.0, 12.0, 12.0, 12.0, 14.5, 16.0]
T = 0.014411518807585602	 step = 1088
75.95000000000005
10.329210227272725
[28.0, 17.0, 42.0, 25.0, 21.0, 14.0]
[9.0, 7.0, 24.0, 38.0, 22.0, 38.0]
[12.0, 8.0, 8.0, 8.0, 31.4, 10.5]
[8.0, 12.0, 12.0, 12.0, 14.5, 16.0]
T = 0.014411518807585602	 step = 1089
75.96000000000004
10.184562499999998
[28.0, 17.0, 42.0, 25.0, 21.0, 15.0]
[9.0, 7.0, 24.0, 38.0, 22.0, 38.0]
[12.0, 8.0, 8.0, 8.0, 31.4, 10.5]
[8.0, 12.0, 12.0, 12.0, 14.5, 16.0]
T = 0.014411518807585602	 step = 1090
76.02000000000004
9.9845625
[28.0, 17.0, 42.0, 25.0, 21.0, 15.0]
[9.0, 7.0, 24.0, 37.0, 22.0, 38.0]
[12.0, 8.0, 8.0, 8.0, 31.4, 10.5]
[8.0, 12.0, 12.0, 12.0, 14.5, 16.0]
T = 0.014411518807585602	 step = 1091
75.89000000000004
10.780301136363635
[32.0, 17.0, 42.0, 25.0, 21.0, 15.0]
[9.0, 7.0, 24.0, 37.0, 22.0, 38.0]
[12.0, 8.0, 8.0, 8.0, 31.4, 10.5]
[8.0, 12.0, 12.0, 12.0, 14.5, 16.0]
T = 0.014411518807585602	 step = 1092
76.09000000000003
9.784562499999998
[28.0, 17.0, 42.0, 25.0, 21.0, 15.0]
[10.0, 7.0, 24.0, 37.0, 22.0, 38.0]
[12.0, 8.0, 8.0, 8.0, 31.4, 10.5]
[8.0, 12.0, 12.0, 12.0, 14.5, 16.0]
T = 0.014411518807585602	 step = 1093
76.07000000000005
9.977710227272725
[28.0, 17.0, 42.0, 26.0, 21.0, 15.0]
[10.0, 7.0, 24.0, 37.0, 22.0, 38.0]
[12.0, 8.0, 8.0, 8.0, 31.4, 10.5]
[8.0, 12.0, 12.0, 12.0, 14.5, 16.0]
T = 0.014411518807585602	 step = 1094
76.15000000000003
9.584562499999999
[28.0, 17.0, 42.0, 25.0, 21.0, 15.0]
[10.0, 7.0, 24.0, 36.0, 22.0, 38.0]
[12.0, 8.0, 8.0, 8.0, 31.4, 10.5]
[8.0, 12.0, 12.0, 12.0, 14.5, 16.0]
T = 0.014411518807585602	 step = 1095
76.14000000000004
9.729210227272727
[28.0, 17.0, 42.0, 25.0, 21.0, 14.0]
[10.0, 7.0, 24.0, 36.0, 22.0, 38.0]
[12.0, 8.0, 8.0, 8.0, 31.4, 10.5]
[8.0, 12.0, 12.0, 12.0, 14.5, 16.0]
T = 0.014411518807585602	 step = 1096
76.08000000000004
9.929210227272728
[28.0, 17.0, 42.0, 25.0, 21.0, 14.0]
[10.0, 7.0, 24.0, 37.0, 22.0, 38.0]
[12.0, 8.0, 8.0, 8.0, 31.4, 10.5]
[8.0, 12.0, 12.0, 12.0, 14.5, 16.0]
T = 0.014411518807585602	 step = 1097
76.12
9.918948863636363
[28.0, 16.0, 42.0, 25.0, 21.0, 14.0]
[10.0, 7.0, 24.0, 36.0, 22.0, 38.0]
[12.0, 8.0, 8.0, 8.0, 31.4, 10.5]
[8.0, 12.0, 12.0, 12.0, 14.5, 16.0]
T = 0.014411518807585602	 step = 1098
76.19
9.718948863636363
[28.0, 16.0, 42.0, 25.0, 21.0, 14.0]
[10.0, 8.0, 24.0, 36.0, 22.0, 38.0]
[12.0, 8.0, 8.0, 8.0, 31.4, 10.5]
[8.0, 12.0, 12.0, 12.0, 14.5, 16.0]
T = 0.014411518807585602	 step = 1099
76.20000000000005
9.529210227272728
[28.0, 17.0, 42.0, 25.0, 21.0, 14.0]
[10.0, 8.0, 24.0, 36.0, 22.0, 38.0]
[12.0, 8.0, 8.0, 8.0, 31.4, 10.5]
[8.0, 12.0, 12.0, 12.0, 14.5, 16.0]
T = 0.014411518807585602	 step = 1100
76.21000000000004
9.3845625
[28.0, 17.0, 42.0, 25.0, 21.0, 15.0]
[10.0, 8.0, 24.0, 36.0, 22.0, 38.0]
[12.0, 8.0, 8.0, 8.0, 31.4, 10.5]
[8.0, 12.0, 12.0, 12.0, 14.5, 16.0]
T = 0.014411518807585602	 step = 1101
76.18
9.584562499999999
[29.0, 17.0, 42.0, 25.0, 21.0, 15.0]
[10.0, 8.0, 24.0, 36.0, 22.0, 38.0]
[12.0, 8.0, 8.0, 8.0, 31.4, 10.5]
[8.0, 12.0, 12.0, 12.0, 14.5, 16.0]
T = 0.011529215046068483	 step = 1102
76.13
10.024463068181818
[29.0, 17.0, 42.0, 25.0, 20.0, 15.0]
[10.0, 8.0, 24.0, 36.0, 22.0, 38.0]
[12.0, 8.0, 8.0, 8.0, 31.4, 10.5]
[8.0, 12.0, 12.0, 12.0, 14.5, 16.0]
T = 0.011529215046068483	 step = 1103
76.16000000000003
9.784562499999998
[29.0, 17.0, 42.0, 25.0, 21.0, 15.0]
[10.0, 8.0, 24.0, 36.0, 22.0, 39.0]
[12.0, 8.0, 8.0, 8.0, 31.4, 10.5]
[8.0, 12.0, 12.0, 12.0, 14.5, 16.0]
T = 0.011529215046068483	 step = 1104
76.15000000000003
9.929210227272728
[29.0, 17.0, 42.0, 25.0, 21.0, 14.0]
[10.0, 8.0, 24.0, 36.0, 22.0, 39.0]
[12.0, 8.0, 8.0, 8.0, 31.4, 10.5]
[8.0, 12.0, 12.0, 12.0, 14.5, 16.0]
T = 0.011529215046068483	 step = 1105
76.10000000000002
10.328261363636363
[29.0, 17.0, 42.0, 25.0, 20.0, 14.0]
[10.0, 8.0, 24.0, 36.0, 22.0, 39.0]
[12.0, 8.0, 8.0, 8.0, 31.4, 10.5]
[8.0, 12.0, 12.0, 12.0, 14.5, 16.0]
T = 0.011529215046068483	 step = 1106
76.11000000000001
10.129210227272727
[29.0, 17.0, 43.0, 25.0, 21.0, 14.0]
[10.0, 8.0, 24.0, 36.0, 22.0, 39.0]
[12.0, 8.0, 8.0, 8.0, 31.4, 10.5]
[8.0, 12.0, 12.0, 12.0, 14.5, 16.0]
T = 0.011529215046068483	 step = 1107
76.14000000000004
10.118948863636362
[29.0, 16.0, 42.0, 25.0, 21.0, 14.0]
[10.0, 8.0, 24.0, 36.0, 22.0, 39.0]
[12.0, 8.0, 8.0, 8.0, 31.4, 10.5]
[8.0, 12.0, 12.0, 12.0, 14.5, 16.0]
T = 0.011529215046068483	 step = 1108
76.09000000000003
10.129210227272727
[29.0, 17.0, 42.0, 25.0, 21.0, 14.0]
[10.0, 8.0, 24.0, 37.0, 22.0, 39.0]
[12.0, 8.0, 8.0, 8.0, 31.4, 10.5]
[8.0, 12.0, 12.0, 12.0, 14.5, 16.0]
T = 0.011529215046068483	 step = 1109
76.15000000000003
10.027505681818182
[29.0, 17.0, 42.0, 25.0, 21.0, 14.0]
[10.0, 8.0, 25.0, 36.0, 22.0, 39.0]
[12.0, 8.0, 8.0, 8.0, 31.4, 10.5]
[8.0, 12.0, 12.0, 12.0, 14.5, 16.0]
T = 0.011529215046068483	 step = 1110
76.09000000000003
10.129210227272727
[29.0, 17.0, 42.0, 25.0, 21.0, 14.0]
[10.0, 7.0, 24.0, 36.0, 22.0, 39.0]
[12.0, 8.0, 8.0, 8.0, 31.4, 10.5]
[8.0, 12.0, 12.0, 12.0, 14.5, 16.0]
T = 0.011529215046068483	 step = 1111
76.12
10.12656818181818
[30.0, 17.0, 42.0, 25.0, 21.0, 14.0]
[10.0, 8.0, 24.0, 36.0, 22.0, 39.0]
[12.0, 8.0, 8.0, 8.0, 31.4, 10.5]
[8.0, 12.0, 12.0, 12.0, 14.5, 16.0]
T = 0.011529215046068483	 step = 1112
76.12
10.12656818181818
[30.0, 17.0, 42.0, 25.0, 21.0, 14.0]
[10.0, 8.0, 24.0, 36.0, 22.0, 39.0]
[12.0, 8.0, 8.0, 8.0, 31.4, 10.5]
[8.0, 12.0, 12.0, 12.0, 14.5, 16.0]
T = 0.011529215046068483	 step = 1113
76.09000000000003
10.319715909090908
[30.0, 17.0, 42.0, 26.0, 21.0, 14.0]
[10.0, 8.0, 24.0, 36.0, 22.0, 39.0]
[12.0, 8.0, 8.0, 8.0, 31.4, 10.5]
[8.0, 12.0, 12.0, 12.0, 14.5, 16.0]
T = 0.011529215046068483	 step = 1114
76.08000000000004
10.324028409090907
[31.0, 17.0, 42.0, 25.0, 21.0, 14.0]
[10.0, 8.0, 24.0, 36.0, 22.0, 39.0]
[12.0, 8.0, 8.0, 8.0, 31.4, 10.5]
[8.0, 12.0, 12.0, 12.0, 14.5, 16.0]
T = 0.011529215046068483	 step = 1115
76.13
10.078840909090909
[30.0, 17.0, 42.0, 24.0, 21.0, 14.0]
[10.0, 8.0, 24.0, 36.0, 22.0, 39.0]
[12.0, 8.0, 8.0, 8.0, 31.4, 10.5]
[8.0, 12.0, 12.0, 12.0, 14.5, 16.0]
T = 0.011529215046068483	 step = 1116
76.15000000000003
9.878840909090908
[30.0, 17.0, 42.0, 24.0, 21.0, 14.0]
[10.0, 8.0, 24.0, 36.0, 22.0, 38.0]
[12.0, 8.0, 8.0, 8.0, 31.4, 10.5]
[8.0, 12.0, 12.0, 12.0, 14.5, 16.0]
T = 0.011529215046068483	 step = 1117
76.11000000000001
10.132573863636363
[30.0, 17.0, 42.0, 24.0, 20.0, 14.0]
[10.0, 8.0, 24.0, 36.0, 22.0, 38.0]
[12.0, 8.0, 8.0, 8.0, 31.4, 10.5]
[8.0, 12.0, 12.0, 12.0, 14.5, 16.0]
T = 0.011529215046068483	 step = 1118
76.13
9.926568181818181
[30.0, 17.0, 42.0, 25.0, 21.0, 14.0]
[10.0, 8.0, 24.0, 36.0, 22.0, 38.0]
[12.0, 8.0, 8.0, 8.0, 31.4, 10.5]
[8.0, 12.0, 12.0, 12.0, 14.5, 16.0]
T = 0.011529215046068483	 step = 1119
76.13
10.024863636363635
[30.0, 17.0, 42.0, 25.0, 21.0, 14.0]
[10.0, 8.0, 25.0, 36.0, 22.0, 38.0]
[12.0, 8.0, 8.0, 8.0, 31.4, 10.5]
[8.0, 12.0, 12.0, 12.0, 14.5, 16.0]
T = 0.011529215046068483	 step = 1120
76.11000000000001
10.119715909090907
[30.0, 17.0, 42.0, 26.0, 21.0, 14.0]
[10.0, 8.0, 24.0, 36.0, 22.0, 38.0]
[12.0, 8.0, 8.0, 8.0, 31.4, 10.5]
[8.0, 12.0, 12.0, 12.0, 14.5, 16.0]
T = 0.011529215046068483	 step = 1121
76.13
10.024863636363635
[30.0, 17.0, 42.0, 25.0, 21.0, 14.0]
[10.0, 8.0, 25.0, 36.0, 22.0, 38.0]
[12.0, 8.0, 8.0, 8.0, 31.4, 10.5]
[8.0, 12.0, 12.0, 12.0, 14.5, 16.0]
T = 0.011529215046068483	 step = 1122
76.13
9.837994318181815
[30.0, 17.0, 42.0, 25.0, 21.0, 14.0]
[10.0, 8.0, 23.0, 36.0, 22.0, 38.0]
[12.0, 8.0, 8.0, 8.0, 31.4, 10.5]
[8.0, 12.0, 12.0, 12.0, 14.5, 16.0]
T = 0.011529215046068483	 step = 1123
76.11000000000001
10.031142045454544
[30.0, 17.0, 42.0, 26.0, 21.0, 14.0]
[10.0, 8.0, 23.0, 36.0, 22.0, 38.0]
[12.0, 8.0, 8.0, 8.0, 31.4, 10.5]
[8.0, 12.0, 12.0, 12.0, 14.5, 16.0]
T = 0.011529215046068483	 step = 1124
76.08000000000004
10.237147727272726
[30.0, 17.0, 42.0, 25.0, 20.0, 14.0]
[10.0, 8.0, 23.0, 36.0, 22.0, 38.0]
[12.0, 8.0, 8.0, 8.0, 31.4, 10.5]
[8.0, 12.0, 12.0, 12.0, 14.5, 16.0]
T = 0.011529215046068483	 step = 1125
76.15000000000003
9.790267045454543
[30.0, 18.0, 42.0, 25.0, 21.0, 14.0]
[10.0, 8.0, 23.0, 36.0, 22.0, 38.0]
[12.0, 8.0, 8.0, 8.0, 31.4, 10.5]
[8.0, 12.0, 12.0, 12.0, 14.5, 16.0]
T = 0.011529215046068483	 step = 1126
76.09000000000003
9.990267045454543
[30.0, 18.0, 42.0, 25.0, 21.0, 14.0]
[10.0, 8.0, 23.0, 37.0, 22.0, 38.0]
[12.0, 8.0, 8.0, 8.0, 31.4, 10.5]
[8.0, 12.0, 12.0, 12.0, 14.5, 16.0]
T = 0.011529215046068483	 step = 1127
76.10000000000002
10.189420454545454
[30.0, 18.0, 42.0, 25.0, 20.0, 14.0]
[10.0, 8.0, 23.0, 36.0, 22.0, 38.0]
[12.0, 8.0, 8.0, 8.0, 31.4, 10.5]
[8.0, 12.0, 12.0, 12.0, 14.5, 16.0]
T = 0.011529215046068483	 step = 1128
76.11000000000001
9.990267045454543
[30.0, 18.0, 43.0, 25.0, 21.0, 14.0]
[10.0, 8.0, 23.0, 36.0, 22.0, 38.0]
[12.0, 8.0, 8.0, 8.0, 31.4, 10.5]
[8.0, 12.0, 12.0, 12.0, 14.5, 16.0]
T = 0.011529215046068483	 step = 1129
76.10000000000002
10.189420454545454
[30.0, 18.0, 42.0, 25.0, 20.0, 14.0]
[10.0, 8.0, 23.0, 36.0, 22.0, 38.0]
[12.0, 8.0, 8.0, 8.0, 31.4, 10.5]
[8.0, 12.0, 12.0, 12.0, 14.5, 16.0]
T = 0.011529215046068483	 step = 1130
76.10000000000002
9.990267045454543
[30.0, 18.0, 42.0, 25.0, 21.0, 14.0]
[9.0, 8.0, 23.0, 36.0, 22.0, 38.0]
[12.0, 8.0, 8.0, 8.0, 31.4, 10.5]
[8.0, 12.0, 12.0, 12.0, 14.5, 16.0]
T = 0.011529215046068483	 step = 1131
76.11000000000001
9.987727272727271
[31.0, 18.0, 42.0, 25.0, 21.0, 14.0]
[10.0, 8.0, 23.0, 36.0, 22.0, 38.0]
[12.0, 8.0, 8.0, 8.0, 31.4, 10.5]
[8.0, 12.0, 12.0, 12.0, 14.5, 16.0]
T = 0.011529215046068483	 step = 1132
75.26000000000005
16.78341477272727
[30.0, 18.0, 42.0, 46.0, 21.0, 14.0]
[10.0, 8.0, 23.0, 50.0, 22.0, 38.0]
[12.0, 8.0, 8.0, 12.0, 31.4, 10.5]
[8.0, 12.0, 12.0, 8.0, 14.5, 16.0]
T = 0.011529215046068483	 step = 1133
76.13
9.983414772727272
[30.0, 18.0, 42.0, 26.0, 21.0, 14.0]
[10.0, 8.0, 23.0, 36.0, 22.0, 38.0]
[12.0, 8.0, 8.0, 8.0, 31.4, 10.5]
[8.0, 12.0, 12.0, 12.0, 14.5, 16.0]
T = 0.011529215046068483	 step = 1134
76.15000000000003
9.68572159090909
[30.0, 18.0, 42.0, 25.0, 21.0, 14.0]
[10.0, 8.0, 22.0, 36.0, 22.0, 38.0]
[12.0, 8.0, 8.0, 8.0, 31.4, 10.5]
[8.0, 12.0, 12.0, 12.0, 14.5, 16.0]
T = 0.011529215046068483	 step = 1135
76.13
9.878869318181817
[30.0, 18.0, 42.0, 26.0, 21.0, 14.0]
[10.0, 8.0, 22.0, 36.0, 22.0, 38.0]
[12.0, 8.0, 8.0, 8.0, 31.4, 10.5]
[8.0, 12.0, 12.0, 12.0, 14.5, 16.0]
T = 0.011529215046068483	 step = 1136
76.16000000000003
9.541994318181816
[30.0, 18.0, 42.0, 25.0, 21.0, 15.0]
[10.0, 8.0, 22.0, 36.0, 22.0, 38.0]
[12.0, 8.0, 8.0, 8.0, 31.4, 10.5]
[8.0, 12.0, 12.0, 12.0, 14.5, 16.0]
T = 0.011529215046068483	 step = 1137
76.18
9.494267045454544
[30.0, 19.0, 42.0, 25.0, 21.0, 15.0]
[10.0, 8.0, 22.0, 36.0, 22.0, 38.0]
[12.0, 8.0, 8.0, 8.0, 31.4, 10.5]
[8.0, 12.0, 12.0, 12.0, 14.5, 16.0]
T = 0.011529215046068483	 step = 1138
76.12
9.933349431818181
[30.0, 19.0, 42.0, 25.0, 20.0, 15.0]
[10.0, 8.0, 22.0, 36.0, 22.0, 38.0]
[12.0, 8.0, 8.0, 8.0, 31.4, 10.5]
[8.0, 12.0, 12.0, 12.0, 14.5, 16.0]
T = 0.011529215046068483	 step = 1139
76.18
9.631767045454543
[30.0, 19.0, 42.0, 25.0, 21.0, 15.0]
[10.0, 8.0, 21.0, 36.0, 22.0, 38.0]
[12.0, 8.0, 8.0, 8.0, 31.4, 10.5]
[8.0, 12.0, 12.0, 12.0, 14.5, 16.0]
T = 0.011529215046068483	 step = 1140
76.16000000000003
9.687414772727271
[30.0, 19.0, 42.0, 26.0, 21.0, 15.0]
[10.0, 8.0, 22.0, 36.0, 22.0, 38.0]
[12.0, 8.0, 8.0, 8.0, 31.4, 10.5]
[8.0, 12.0, 12.0, 12.0, 14.5, 16.0]
T = 0.011529215046068483	 step = 1141
76.16000000000003
9.541994318181816
[30.0, 18.0, 42.0, 25.0, 21.0, 15.0]
[10.0, 8.0, 22.0, 36.0, 22.0, 38.0]
[12.0, 8.0, 8.0, 8.0, 31.4, 10.5]
[8.0, 12.0, 12.0, 12.0, 14.5, 16.0]
T = 0.011529215046068483	 step = 1142
76.16000000000003
9.541994318181816
[30.0, 18.0, 42.0, 25.0, 21.0, 15.0]
[10.0, 8.0, 22.0, 36.0, 22.0, 38.0]
[12.0, 8.0, 8.0, 8.0, 31.4, 10.5]
[8.0, 12.0, 12.0, 12.0, 14.5, 16.0]
T = 0.011529215046068483	 step = 1143
76.14000000000004
9.735142045454545
[30.0, 18.0, 42.0, 26.0, 21.0, 15.0]
[10.0, 8.0, 22.0, 36.0, 22.0, 38.0]
[12.0, 8.0, 8.0, 8.0, 31.4, 10.5]
[8.0, 12.0, 12.0, 12.0, 14.5, 16.0]
T = 0.011529215046068483	 step = 1144
76.14000000000004
9.872642045454544
[30.0, 18.0, 42.0, 26.0, 21.0, 15.0]
[10.0, 8.0, 21.0, 36.0, 22.0, 38.0]
[12.0, 8.0, 8.0, 8.0, 31.4, 10.5]
[8.0, 12.0, 12.0, 12.0, 14.5, 16.0]
T = 0.011529215046068483	 step = 1145
76.12
10.072642045454545
[30.0, 18.0, 42.0, 27.0, 21.0, 15.0]
[10.0, 8.0, 21.0, 36.0, 22.0, 38.0]
[12.0, 8.0, 8.0, 8.0, 31.4, 10.5]
[8.0, 12.0, 12.0, 12.0, 14.5, 16.0]
T = 0.011529215046068483	 step = 1146
76.08000000000004
10.272642045454544
[30.0, 18.0, 43.0, 27.0, 21.0, 15.0]
[10.0, 8.0, 21.0, 36.0, 22.0, 38.0]
[12.0, 8.0, 8.0, 8.0, 31.4, 10.5]
[8.0, 12.0, 12.0, 12.0, 14.5, 16.0]
T = 0.011529215046068483	 step = 1147
76.01000000000005
10.472642045454545
[30.0, 18.0, 43.0, 27.0, 21.0, 15.0]
[10.0, 7.0, 21.0, 36.0, 22.0, 38.0]
[12.0, 8.0, 8.0, 8.0, 31.4, 10.5]
[8.0, 12.0, 12.0, 12.0, 14.5, 16.0]
T = 0.011529215046068483	 step = 1148
76.09000000000003
10.166150568181816
[30.0, 18.0, 43.0, 27.0, 21.0, 16.0]
[10.0, 8.0, 21.0, 36.0, 22.0, 38.0]
[12.0, 8.0, 8.0, 8.0, 31.4, 10.5]
[8.0, 12.0, 12.0, 12.0, 14.5, 16.0]
T = 0.011529215046068483	 step = 1149
76.10000000000002
10.121116477272727
[30.0, 19.0, 43.0, 27.0, 21.0, 16.0]
[10.0, 8.0, 21.0, 36.0, 22.0, 38.0]
[12.0, 8.0, 8.0, 8.0, 31.4, 10.5]
[8.0, 12.0, 12.0, 12.0, 14.5, 16.0]
T = 0.011529215046068483	 step = 1150
76.11000000000001
9.983616477272726
[30.0, 19.0, 43.0, 27.0, 21.0, 16.0]
[10.0, 8.0, 22.0, 36.0, 22.0, 38.0]
[12.0, 8.0, 8.0, 8.0, 31.4, 10.5]
[8.0, 12.0, 12.0, 12.0, 14.5, 16.0]
T = 0.011529215046068483	 step = 1151
76.06
10.181076704545454
[31.0, 19.0, 43.0, 27.0, 21.0, 16.0]
[10.0, 8.0, 22.0, 36.0, 22.0, 38.0]
[12.0, 8.0, 8.0, 8.0, 31.4, 10.5]
[8.0, 12.0, 12.0, 12.0, 14.5, 16.0]
T = 0.011529215046068483	 step = 1152
75.52000000000004
15.423403409090906
[36.0, 19.0, 43.0, 27.0, 21.0, 16.0]
[46.0, 8.0, 22.0, 36.0, 22.0, 38.0]
[8.0, 8.0, 8.0, 8.0, 31.4, 10.5]
[12.0, 12.0, 12.0, 12.0, 14.5, 16.0]
T = 0.011529215046068483	 step = 1153
76.05000000000001
10.183616477272725
[30.0, 19.0, 43.0, 27.0, 21.0, 16.0]
[9.0, 8.0, 22.0, 36.0, 22.0, 38.0]
[12.0, 8.0, 8.0, 8.0, 31.4, 10.5]
[8.0, 12.0, 12.0, 12.0, 14.5, 16.0]
T = 0.011529215046068483	 step = 1154
76.11000000000001
10.088161931818183
[30.0, 19.0, 43.0, 27.0, 21.0, 16.0]
[10.0, 8.0, 23.0, 36.0, 22.0, 38.0]
[12.0, 8.0, 8.0, 8.0, 31.4, 10.5]
[8.0, 12.0, 12.0, 12.0, 14.5, 16.0]
T = 0.011529215046068483	 step = 1155
76.09000000000003
10.087414772727271
[30.0, 19.0, 43.0, 27.0, 21.0, 15.0]
[10.0, 8.0, 22.0, 36.0, 22.0, 38.0]
[12.0, 8.0, 8.0, 8.0, 31.4, 10.5]
[8.0, 12.0, 12.0, 12.0, 14.5, 16.0]
T = 0.011529215046068483	 step = 1156
76.03000000000003
10.533349431818182
[30.0, 19.0, 43.0, 27.0, 20.0, 15.0]
[10.0, 8.0, 22.0, 36.0, 22.0, 38.0]
[12.0, 8.0, 8.0, 8.0, 31.4, 10.5]
[8.0, 12.0, 12.0, 12.0, 14.5, 16.0]
