T = 1.0	 step = 1
100.07000000000005
13.647275094696969
[22.0, 11.0, 31.0, 8.0, 8.0, 34.0]
[28.0, 11.0, 11.0, 36.0, 26.0, 28.0]
[12.0, 18.0, 18.0, 12.0, 12.0, 8.0]
[12.0, 18.0, 18.0, 8.0, 8.0, 12.0]
T = 1.0	 step = 2
100.17000000000002
13.425052872474746
[22.0, 11.0, 31.0, 8.0, 8.0, 34.0]
[28.0, 11.0, 12.0, 36.0, 26.0, 28.0]
[12.0, 18.0, 18.0, 12.0, 12.0, 8.0]
[12.0, 18.0, 18.0, 8.0, 8.0, 12.0]
T = 1.0	 step = 3
100.30000000000001
13.804472064393936
[23.0, 11.0, 31.0, 8.0, 8.0, 34.0]
[28.0, 11.0, 12.0, 36.0, 26.0, 28.0]
[12.0, 18.0, 18.0, 12.0, 12.0, 8.0]
[12.0, 18.0, 18.0, 8.0, 8.0, 12.0]
T = 1.0	 step = 4
100.27000000000004
14.24891650883838
[23.0, 11.0, 31.0, 7.0, 8.0, 34.0]
[28.0, 11.0, 12.0, 37.0, 26.0, 28.0]
[12.0, 18.0, 18.0, 12.0, 12.0, 8.0]
[12.0, 18.0, 18.0, 8.0, 8.0, 12.0]
T = 1.0	 step = 5
100.19
14.016236584595957
[23.0, 11.0, 31.0, 8.0, 8.0, 36.0]
[28.0, 11.0, 12.0, 36.0, 26.0, 30.0]
[12.0, 18.0, 18.0, 12.0, 12.0, 8.0]
[12.0, 18.0, 18.0, 8.0, 8.0, 12.0]
T = 1.0	 step = 6
100.26000000000005
14.395655776515149
[24.0, 11.0, 31.0, 8.0, 8.0, 36.0]
[28.0, 11.0, 12.0, 36.0, 26.0, 30.0]
[12.0, 18.0, 18.0, 12.0, 12.0, 8.0]
[12.0, 18.0, 18.0, 8.0, 8.0, 12.0]
T = 1.0	 step = 7
100.19
14.016236584595957
[23.0, 11.0, 31.0, 8.0, 8.0, 36.0]
[28.0, 11.0, 12.0, 36.0, 26.0, 30.0]
[12.0, 18.0, 18.0, 12.0, 12.0, 8.0]
[12.0, 18.0, 18.0, 8.0, 8.0, 12.0]
T = 1.0	 step = 8
100.19
14.055103377525251
[23.0, 11.0, 31.0, 8.0, 8.0, 35.0]
[28.0, 11.0, 12.0, 36.0, 26.0, 30.0]
[12.0, 18.0, 18.0, 12.0, 12.0, 8.0]
[12.0, 18.0, 18.0, 8.0, 8.0, 12.0]
T = 1.0	 step = 9
100.20000000000005
14.24891650883838
[23.0, 11.0, 31.0, 8.0, 8.0, 34.0]
[28.0, 11.0, 12.0, 36.0, 26.0, 30.0]
[12.0, 18.0, 18.0, 12.0, 12.0, 8.0]
[12.0, 18.0, 18.0, 8.0, 8.0, 12.0]
T = 1.0	 step = 10
100.01000000000005
14.24891650883838
[23.0, 11.0, 31.0, 8.0, 8.0, 34.0]
[29.0, 11.0, 12.0, 36.0, 26.0, 30.0]
[12.0, 18.0, 18.0, 12.0, 12.0, 8.0]
[12.0, 18.0, 18.0, 8.0, 8.0, 12.0]
T = 1.0	 step = 11
99.81
14.471138731060602
[23.0, 11.0, 31.0, 8.0, 8.0, 34.0]
[29.0, 11.0, 11.0, 36.0, 26.0, 30.0]
[12.0, 18.0, 18.0, 12.0, 12.0, 8.0]
[12.0, 18.0, 18.0, 8.0, 8.0, 12.0]
T = 1.0	 step = 12
99.89000000000004
14.091719539141414
[22.0, 11.0, 31.0, 8.0, 8.0, 34.0]
[29.0, 11.0, 11.0, 36.0, 26.0, 30.0]
[12.0, 18.0, 18.0, 12.0, 12.0, 8.0]
[12.0, 18.0, 18.0, 8.0, 8.0, 12.0]
T = 1.0	 step = 13
99.87
13.897906407828282
[22.0, 11.0, 31.0, 8.0, 8.0, 35.0]
[29.0, 11.0, 11.0, 36.0, 26.0, 30.0]
[12.0, 18.0, 18.0, 12.0, 12.0, 8.0]
[12.0, 18.0, 18.0, 8.0, 8.0, 12.0]
T = 1.0	 step = 14
99.89000000000004
13.675684185606059
[22.0, 11.0, 31.0, 8.0, 8.0, 35.0]
[29.0, 11.0, 12.0, 36.0, 26.0, 30.0]
[12.0, 18.0, 18.0, 12.0, 12.0, 8.0]
[12.0, 18.0, 18.0, 8.0, 8.0, 12.0]
T = 1.0	 step = 15
99.87
13.897906407828282
[22.0, 11.0, 31.0, 7.0, 8.0, 35.0]
[29.0, 11.0, 12.0, 36.0, 26.0, 30.0]
[12.0, 18.0, 18.0, 12.0, 12.0, 8.0]
[12.0, 18.0, 18.0, 8.0, 8.0, 12.0]
T = 1.0	 step = 16
99.77000000000004
15.009017518939393
[22.0, 11.0, 31.0, 7.0, 8.0, 35.0]
[29.0, 11.0, 12.0, 36.0, 26.0, 35.0]
[12.0, 18.0, 18.0, 12.0, 12.0, 8.0]
[12.0, 18.0, 18.0, 8.0, 8.0, 12.0]
T = 1.0	 step = 17
99.62
15.453461963383837
[22.0, 11.0, 31.0, 7.0, 8.0, 35.0]
[29.0, 10.0, 12.0, 36.0, 26.0, 35.0]
[12.0, 18.0, 18.0, 12.0, 12.0, 8.0]
[12.0, 18.0, 18.0, 8.0, 8.0, 12.0]
T = 1.0	 step = 18
99.64000000000004
15.231239741161616
[22.0, 11.0, 31.0, 8.0, 8.0, 35.0]
[29.0, 10.0, 12.0, 36.0, 26.0, 35.0]
[12.0, 18.0, 18.0, 12.0, 12.0, 8.0]
[12.0, 18.0, 18.0, 8.0, 8.0, 12.0]
T = 1.0	 step = 19
99.62
15.453461963383837
[22.0, 11.0, 31.0, 7.0, 8.0, 35.0]
[29.0, 10.0, 12.0, 36.0, 26.0, 35.0]
[12.0, 18.0, 18.0, 12.0, 12.0, 8.0]
[12.0, 18.0, 18.0, 8.0, 8.0, 12.0]
T = 1.0	 step = 20
99.64000000000004
15.231239741161616
[22.0, 11.0, 31.0, 8.0, 8.0, 35.0]
[29.0, 10.0, 12.0, 36.0, 26.0, 35.0]
[12.0, 18.0, 18.0, 12.0, 12.0, 8.0]
[12.0, 18.0, 18.0, 8.0, 8.0, 12.0]
T = 1.0	 step = 21
99.62
15.453461963383836
[22.0, 11.0, 31.0, 8.0, 8.0, 35.0]
[29.0, 10.0, 12.0, 37.0, 26.0, 35.0]
[12.0, 18.0, 18.0, 12.0, 12.0, 8.0]
[12.0, 18.0, 18.0, 8.0, 8.0, 12.0]
T = 1.0	 step = 1
100.07000000000005
13.647275094696969
[22.0, 31.0, 11.0, 8.0, 34.0, 8.0]
[28.0, 11.0, 11.0, 36.0, 28.0, 26.0]
[12.0, 18.0, 18.0, 12.0, 8.0, 12.0]
[12.0, 18.0, 18.0, 8.0, 12.0, 8.0]
T = 1.0	 step = 2
100.02000000000004
13.869497316919189
[22.0, 31.0, 11.0, 8.0, 34.0, 8.0]
[28.0, 11.0, 11.0, 36.0, 28.0, 27.0]
[12.0, 18.0, 18.0, 12.0, 8.0, 12.0]
[12.0, 18.0, 18.0, 8.0, 12.0, 8.0]
T = 1.0	 step = 3
101.09000000000003
13.615709438131312
[22.0, 31.0, 12.0, 8.0, 34.0, 8.0]
[28.0, 11.0, 11.0, 36.0, 28.0, 27.0]
[12.0, 18.0, 18.0, 12.0, 8.0, 12.0]
[12.0, 18.0, 18.0, 8.0, 12.0, 8.0]
T = 1.0	 step = 4
101.14000000000004
13.39348721590909
[22.0, 31.0, 12.0, 8.0, 34.0, 8.0]
[28.0, 11.0, 11.0, 36.0, 27.0, 27.0]
[12.0, 18.0, 18.0, 12.0, 8.0, 12.0]
[12.0, 18.0, 18.0, 8.0, 12.0, 8.0]
T = 1.0	 step = 5
101.43
13.39348721590909
[22.0, 31.0, 12.0, 8.0, 34.0, 8.0]
[27.0, 11.0, 11.0, 36.0, 27.0, 27.0]
[12.0, 18.0, 18.0, 12.0, 8.0, 12.0]
[12.0, 18.0, 18.0, 8.0, 12.0, 8.0]
T = 1.0	 step = 6
100.25
13.592318497474746
[22.0, 31.0, 12.0, 8.0, 34.0, 8.0]
[32.0, 11.0, 11.0, 36.0, 27.0, 27.0]
[12.0, 18.0, 18.0, 12.0, 8.0, 12.0]
[12.0, 18.0, 18.0, 8.0, 12.0, 8.0]
T = 1.0	 step = 7
100.26000000000005
13.370096275252525
[22.0, 31.0, 12.0, 9.0, 34.0, 8.0]
[32.0, 11.0, 11.0, 36.0, 27.0, 27.0]
[12.0, 18.0, 18.0, 12.0, 8.0, 12.0]
[12.0, 18.0, 18.0, 8.0, 12.0, 8.0]
T = 1.0	 step = 8
100.23000000000002
13.492217487373736
[22.0, 31.0, 12.0, 9.0, 34.0, 8.0]
[32.0, 11.0, 11.0, 37.0, 27.0, 27.0]
[12.0, 18.0, 18.0, 12.0, 8.0, 12.0]
[12.0, 18.0, 18.0, 8.0, 12.0, 8.0]
T = 1.0	 step = 9
99.93
13.936661931818179
[22.0, 31.0, 12.0, 9.0, 34.0, 8.0]
[32.0, 10.0, 11.0, 37.0, 27.0, 27.0]
[12.0, 18.0, 18.0, 12.0, 8.0, 12.0]
[12.0, 18.0, 18.0, 8.0, 12.0, 8.0]
T = 1.0	 step = 10
100.23000000000002
13.492217487373736
[22.0, 31.0, 12.0, 9.0, 34.0, 8.0]
[32.0, 11.0, 11.0, 37.0, 27.0, 27.0]
[12.0, 18.0, 18.0, 12.0, 8.0, 12.0]
[12.0, 18.0, 18.0, 8.0, 12.0, 8.0]
T = 1.0	 step = 11
100.26000000000005
13.370096275252525
[22.0, 31.0, 12.0, 9.0, 34.0, 8.0]
[32.0, 11.0, 11.0, 36.0, 27.0, 27.0]
[12.0, 18.0, 18.0, 12.0, 8.0, 12.0]
[12.0, 18.0, 18.0, 8.0, 12.0, 8.0]
T = 1.0	 step = 12
100.25
13.592318497474746
[22.0, 31.0, 12.0, 8.0, 34.0, 8.0]
[32.0, 11.0, 11.0, 36.0, 27.0, 27.0]
[12.0, 18.0, 18.0, 12.0, 8.0, 12.0]
[12.0, 18.0, 18.0, 8.0, 12.0, 8.0]
T = 1.0	 step = 13
100.27000000000004
13.749515467171715
[23.0, 31.0, 12.0, 9.0, 34.0, 8.0]
[32.0, 11.0, 11.0, 36.0, 27.0, 27.0]
[12.0, 18.0, 18.0, 12.0, 8.0, 12.0]
[12.0, 18.0, 18.0, 8.0, 12.0, 8.0]
T = 1.0	 step = 14
100.26000000000005
13.971737689393938
[23.0, 31.0, 12.0, 8.0, 34.0, 8.0]
[32.0, 11.0, 11.0, 36.0, 27.0, 27.0]
[12.0, 18.0, 18.0, 12.0, 8.0, 12.0]
[12.0, 18.0, 18.0, 8.0, 12.0, 8.0]
T = 1.0	 step = 15
100.29000000000002
13.749515467171715
[23.0, 31.0, 12.0, 8.0, 34.0, 8.0]
[32.0, 11.0, 11.0, 36.0, 27.0, 26.0]
[12.0, 18.0, 18.0, 12.0, 8.0, 12.0]
[12.0, 18.0, 18.0, 8.0, 12.0, 8.0]
T = 1.0	 step = 16
100.5
13.649414457070707
[23.0, 31.0, 12.0, 8.0, 34.0, 8.0]
[31.0, 11.0, 11.0, 36.0, 27.0, 26.0]
[12.0, 18.0, 18.0, 12.0, 8.0, 12.0]
[12.0, 18.0, 18.0, 8.0, 12.0, 8.0]
T = 1.0	 step = 17
100.69
13.177507891414141
[22.0, 31.0, 12.0, 8.0, 34.0, 8.0]
[30.0, 11.0, 11.0, 36.0, 27.0, 26.0]
[12.0, 18.0, 18.0, 12.0, 8.0, 12.0]
[12.0, 18.0, 18.0, 8.0, 12.0, 8.0]
T = 1.0	 step = 18
100.55000000000001
14.06639678030303
[22.0, 31.0, 12.0, 8.0, 34.0, 8.0]
[30.0, 11.0, 11.0, 36.0, 31.0, 26.0]
[12.0, 18.0, 18.0, 12.0, 8.0, 12.0]
[12.0, 18.0, 18.0, 8.0, 12.0, 8.0]
T = 1.0	 step = 19
100.86000000000001
13.844174558080809
[22.0, 31.0, 12.0, 8.0, 34.0, 8.0]
[30.0, 12.0, 11.0, 36.0, 31.0, 26.0]
[12.0, 18.0, 18.0, 12.0, 8.0, 12.0]
[12.0, 18.0, 18.0, 8.0, 12.0, 8.0]
T = 1.0	 step = 20
100.89000000000004
13.875740214646465
[22.0, 31.0, 12.0, 8.0, 34.0, 9.0]
[30.0, 12.0, 11.0, 36.0, 31.0, 26.0]
[12.0, 18.0, 18.0, 12.0, 8.0, 12.0]
[12.0, 18.0, 18.0, 8.0, 12.0, 8.0]
T = 1.0	 step = 21
100.74000000000001
14.57081597222222
[22.0, 31.0, 12.0, 8.0, 35.0, 9.0]
[30.0, 12.0, 11.0, 36.0, 35.0, 26.0]
[12.0, 18.0, 18.0, 12.0, 8.0, 12.0]
[12.0, 18.0, 18.0, 8.0, 12.0, 8.0]
T = 1.0	 step = 22
99.69
14.92280303030303
[22.0, 32.0, 12.0, 8.0, 35.0, 9.0]
[30.0, 12.0, 11.0, 36.0, 35.0, 26.0]
[12.0, 18.0, 18.0, 12.0, 8.0, 12.0]
[12.0, 18.0, 18.0, 8.0, 12.0, 8.0]
T = 1.0	 step = 23
100.74000000000001
14.57081597222222
[22.0, 31.0, 12.0, 8.0, 35.0, 9.0]
[30.0, 12.0, 11.0, 36.0, 35.0, 26.0]
[12.0, 18.0, 18.0, 12.0, 8.0, 12.0]
[12.0, 18.0, 18.0, 8.0, 12.0, 8.0]
T = 1.0	 step = 24
100.52000000000004
14.663303345959596
[22.0, 31.0, 12.0, 8.0, 35.0, 9.0]
[31.0, 12.0, 11.0, 36.0, 35.0, 26.0]
[12.0, 18.0, 18.0, 12.0, 8.0, 12.0]
[12.0, 18.0, 18.0, 8.0, 12.0, 8.0]
T = 1.0	 step = 25
100.52000000000004
14.663303345959596
[22.0, 31.0, 12.0, 8.0, 35.0, 9.0]
[31.0, 12.0, 11.0, 36.0, 35.0, 26.0]
[12.0, 18.0, 18.0, 12.0, 8.0, 12.0]
[12.0, 18.0, 18.0, 8.0, 12.0, 8.0]
T = 1.0	 step = 26
100.53000000000003
14.857116477272726
[22.0, 31.0, 12.0, 8.0, 34.0, 9.0]
[31.0, 12.0, 11.0, 36.0, 35.0, 26.0]
[12.0, 18.0, 18.0, 12.0, 8.0, 12.0]
[12.0, 18.0, 18.0, 8.0, 12.0, 8.0]
T = 1.0	 step = 27
100.57000000000005
14.6348942550505
[22.0, 31.0, 12.0, 8.0, 34.0, 9.0]
[31.0, 12.0, 11.0, 36.0, 34.0, 26.0]
[12.0, 18.0, 18.0, 12.0, 8.0, 12.0]
[12.0, 18.0, 18.0, 8.0, 12.0, 8.0]
T = 1.0	 step = 28
100.54000000000002
14.857116477272722
[22.0, 31.0, 12.0, 8.0, 34.0, 9.0]
[31.0, 12.0, 11.0, 36.0, 34.0, 27.0]
[12.0, 18.0, 18.0, 12.0, 8.0, 12.0]
[12.0, 18.0, 18.0, 8.0, 12.0, 8.0]
T = 1.0	 step = 29
98.76000000000005
16.03514678030303
[22.0, 31.0, 10.0, 8.0, 34.0, 9.0]
[31.0, 12.0, 10.0, 36.0, 34.0, 27.0]
[12.0, 18.0, 18.0, 12.0, 8.0, 12.0]
[12.0, 18.0, 18.0, 8.0, 12.0, 8.0]
T = 1.0	 step = 30
98.94
15.942659406565655
[22.0, 31.0, 10.0, 8.0, 34.0, 9.0]
[30.0, 12.0, 10.0, 36.0, 34.0, 27.0]
[12.0, 18.0, 18.0, 12.0, 8.0, 12.0]
[12.0, 18.0, 18.0, 8.0, 12.0, 8.0]
T = 1.0	 step = 31
98.95000000000005
15.720437184343432
[22.0, 31.0, 10.0, 8.0, 34.0, 9.0]
[30.0, 12.0, 10.0, 36.0, 34.0, 26.0]
[12.0, 18.0, 18.0, 12.0, 8.0, 12.0]
[12.0, 18.0, 18.0, 8.0, 12.0, 8.0]
T = 1.0	 step = 32
98.98000000000002
15.27599273989899
[22.0, 31.0, 10.0, 8.0, 34.0, 9.0]
[30.0, 12.0, 11.0, 36.0, 34.0, 26.0]
[12.0, 18.0, 18.0, 12.0, 8.0, 12.0]
[12.0, 18.0, 18.0, 8.0, 12.0, 8.0]
T = 1.0	 step = 33
99.18
15.269749842171716
[22.0, 31.0, 10.0, 8.0, 34.0, 9.0]
[29.0, 12.0, 11.0, 36.0, 34.0, 26.0]
[12.0, 18.0, 18.0, 12.0, 8.0, 12.0]
[12.0, 18.0, 18.0, 8.0, 12.0, 8.0]
T = 1.0	 step = 34
99.15000000000003
15.125179135101009
[22.0, 31.0, 10.0, 8.0, 34.0, 8.0]
[29.0, 12.0, 11.0, 36.0, 34.0, 26.0]
[12.0, 18.0, 18.0, 12.0, 8.0, 12.0]
[12.0, 18.0, 18.0, 8.0, 12.0, 8.0]
T = 1.0	 step = 35
99.33000000000004
15.125179135101009
[22.0, 31.0, 10.0, 8.0, 34.0, 8.0]
[28.0, 12.0, 11.0, 36.0, 34.0, 26.0]
[12.0, 18.0, 18.0, 12.0, 8.0, 12.0]
[12.0, 18.0, 18.0, 8.0, 12.0, 8.0]
T = 1.0	 step = 36
99.35000000000002
14.902956912878787
[22.0, 31.0, 10.0, 8.0, 34.0, 8.0]
[28.0, 12.0, 11.0, 36.0, 34.0, 25.0]
[12.0, 18.0, 18.0, 12.0, 8.0, 12.0]
[12.0, 18.0, 18.0, 8.0, 12.0, 8.0]
T = 1.0	 step = 37
99.35000000000002
15.096770044191919
[22.0, 31.0, 10.0, 8.0, 33.0, 8.0]
[28.0, 12.0, 11.0, 36.0, 34.0, 25.0]
[12.0, 18.0, 18.0, 12.0, 8.0, 12.0]
[12.0, 18.0, 18.0, 8.0, 12.0, 8.0]
T = 1.0	 step = 38
99.32000000000005
15.54121448863636
[22.0, 31.0, 10.0, 8.0, 33.0, 8.0]
[28.0, 12.0, 10.0, 36.0, 34.0, 25.0]
[12.0, 18.0, 18.0, 12.0, 8.0, 12.0]
[12.0, 18.0, 18.0, 8.0, 12.0, 8.0]
T = 1.0	 step = 39
99.30000000000001
15.763436710858585
[22.0, 31.0, 10.0, 8.0, 33.0, 8.0]
[28.0, 12.0, 10.0, 37.0, 34.0, 25.0]
[12.0, 18.0, 18.0, 12.0, 8.0, 12.0]
[12.0, 18.0, 18.0, 8.0, 12.0, 8.0]
T = 1.0	 step = 40
99.35000000000002
15.541214488636363
[22.0, 31.0, 10.0, 8.0, 33.0, 8.0]
[28.0, 12.0, 10.0, 37.0, 33.0, 25.0]
[12.0, 18.0, 18.0, 12.0, 8.0, 12.0]
[12.0, 18.0, 18.0, 8.0, 12.0, 8.0]
T = 1.0	 step = 41
99.35000000000002
15.31899226641414
[22.0, 31.0, 10.0, 8.0, 33.0, 8.0]
[28.0, 12.0, 10.0, 37.0, 33.0, 24.0]
[12.0, 18.0, 18.0, 12.0, 8.0, 12.0]
[12.0, 18.0, 18.0, 8.0, 12.0, 8.0]
T = 1.0	 step = 42
99.90000000000003
14.952199337121211
[22.0, 31.0, 11.0, 8.0, 33.0, 8.0]
[28.0, 12.0, 10.0, 37.0, 33.0, 24.0]
[12.0, 18.0, 18.0, 12.0, 8.0, 12.0]
[12.0, 18.0, 18.0, 8.0, 12.0, 8.0]
T = 1.0	 step = 43
99.90000000000003
15.174421559343434
[22.0, 31.0, 11.0, 8.0, 33.0, 8.0]
[28.0, 12.0, 10.0, 37.0, 33.0, 25.0]
[12.0, 18.0, 18.0, 12.0, 8.0, 12.0]
[12.0, 18.0, 18.0, 8.0, 12.0, 8.0]
T = 0.8	 step = 44
99.93
15.318992266414138
[22.0, 31.0, 11.0, 8.0, 33.0, 9.0]
[28.0, 12.0, 10.0, 37.0, 33.0, 25.0]
[12.0, 18.0, 18.0, 12.0, 8.0, 12.0]
[12.0, 18.0, 18.0, 8.0, 12.0, 8.0]
T = 0.8	 step = 45
99.74000000000001
15.54121448863636
[22.0, 31.0, 11.0, 8.0, 33.0, 9.0]
[28.0, 11.0, 10.0, 37.0, 33.0, 25.0]
[12.0, 18.0, 18.0, 12.0, 8.0, 12.0]
[12.0, 18.0, 18.0, 8.0, 12.0, 8.0]
T = 0.8	 step = 46
99.06
15.893201546717169
[22.0, 32.0, 11.0, 8.0, 33.0, 9.0]
[28.0, 11.0, 10.0, 37.0, 33.0, 25.0]
[12.0, 18.0, 18.0, 12.0, 8.0, 12.0]
[12.0, 18.0, 18.0, 8.0, 12.0, 8.0]
T = 0.8	 step = 47
99.07000000000005
15.670979324494947
[22.0, 32.0, 11.0, 8.0, 33.0, 9.0]
[28.0, 11.0, 10.0, 37.0, 32.0, 25.0]
[12.0, 18.0, 18.0, 12.0, 8.0, 12.0]
[12.0, 18.0, 18.0, 8.0, 12.0, 8.0]
T = 0.8	 step = 48
99.07000000000005
15.448757102272724
[22.0, 32.0, 11.0, 9.0, 33.0, 9.0]
[28.0, 11.0, 10.0, 37.0, 32.0, 25.0]
[12.0, 18.0, 18.0, 12.0, 8.0, 12.0]
[12.0, 18.0, 18.0, 8.0, 12.0, 8.0]
T = 0.8	 step = 49
99.06
15.254943970959593
[22.0, 32.0, 11.0, 9.0, 34.0, 9.0]
[28.0, 11.0, 10.0, 37.0, 32.0, 25.0]
[12.0, 18.0, 18.0, 12.0, 8.0, 12.0]
[12.0, 18.0, 18.0, 8.0, 12.0, 8.0]
T = 0.8	 step = 50
99.10000000000002
15.032721748737371
[22.0, 32.0, 11.0, 9.0, 34.0, 9.0]
[28.0, 11.0, 10.0, 37.0, 32.0, 24.0]
[12.0, 18.0, 18.0, 12.0, 8.0, 12.0]
[12.0, 18.0, 18.0, 8.0, 12.0, 8.0]
T = 0.8	 step = 51
99.08000000000004
15.254943970959593
[22.0, 32.0, 11.0, 9.0, 34.0, 9.0]
[28.0, 11.0, 10.0, 37.0, 33.0, 24.0]
[12.0, 18.0, 18.0, 12.0, 8.0, 12.0]
[12.0, 18.0, 18.0, 8.0, 12.0, 8.0]
T = 0.8	 step = 52
98.94
15.254943970959593
[22.0, 32.0, 11.0, 9.0, 34.0, 9.0]
[29.0, 11.0, 10.0, 37.0, 33.0, 24.0]
[12.0, 18.0, 18.0, 12.0, 8.0, 12.0]
[12.0, 18.0, 18.0, 8.0, 12.0, 8.0]
T = 0.8	 step = 53
98.95000000000005
15.448757102272724
[22.0, 32.0, 11.0, 9.0, 33.0, 9.0]
[29.0, 11.0, 10.0, 37.0, 33.0, 24.0]
[12.0, 18.0, 18.0, 12.0, 8.0, 12.0]
[12.0, 18.0, 18.0, 8.0, 12.0, 8.0]
T = 0.8	 step = 54
98.96000000000004
15.670979324494947
[22.0, 32.0, 11.0, 8.0, 33.0, 9.0]
[29.0, 11.0, 10.0, 37.0, 33.0, 24.0]
[12.0, 18.0, 18.0, 12.0, 8.0, 12.0]
[12.0, 18.0, 18.0, 8.0, 12.0, 8.0]
T = 0.8	 step = 55
100.75
14.837931660353533
[22.0, 30.0, 11.0, 8.0, 33.0, 9.0]
[29.0, 12.0, 10.0, 37.0, 33.0, 24.0]
[12.0, 18.0, 18.0, 12.0, 8.0, 12.0]
[12.0, 18.0, 18.0, 8.0, 12.0, 8.0]
T = 0.8	 step = 56
99.02000000000004
15.226534880050503
[22.0, 32.0, 11.0, 8.0, 33.0, 9.0]
[29.0, 13.0, 10.0, 37.0, 33.0, 24.0]
[12.0, 18.0, 18.0, 12.0, 8.0, 12.0]
[12.0, 18.0, 18.0, 8.0, 12.0, 8.0]
T = 0.8	 step = 57
100.08000000000004
14.859741950757574
[22.0, 32.0, 12.0, 8.0, 33.0, 9.0]
[29.0, 13.0, 10.0, 37.0, 33.0, 24.0]
[12.0, 18.0, 18.0, 12.0, 8.0, 12.0]
[12.0, 18.0, 18.0, 8.0, 12.0, 8.0]
T = 0.8	 step = 58
98.82000000000005
15.226534880050503
[22.0, 32.0, 11.0, 8.0, 33.0, 9.0]
[30.0, 13.0, 10.0, 37.0, 33.0, 24.0]
[12.0, 18.0, 18.0, 12.0, 8.0, 12.0]
[12.0, 18.0, 18.0, 8.0, 12.0, 8.0]
T = 0.8	 step = 59
99.79000000000002
14.874547821969694
[22.0, 31.0, 11.0, 8.0, 33.0, 9.0]
[30.0, 13.0, 10.0, 37.0, 33.0, 24.0]
[12.0, 18.0, 18.0, 12.0, 8.0, 12.0]
[12.0, 18.0, 18.0, 8.0, 12.0, 8.0]
T = 0.8	 step = 60
98.65000000000003
15.232777777777773
[22.0, 32.0, 11.0, 8.0, 33.0, 9.0]
[31.0, 13.0, 10.0, 37.0, 33.0, 24.0]
[12.0, 18.0, 18.0, 12.0, 8.0, 12.0]
[12.0, 18.0, 18.0, 8.0, 12.0, 8.0]
T = 0.8	 step = 61
98.90000000000003
15.010555555555554
[22.0, 32.0, 11.0, 8.0, 33.0, 9.0]
[31.0, 14.0, 10.0, 37.0, 33.0, 24.0]
[12.0, 18.0, 18.0, 12.0, 8.0, 12.0]
[12.0, 18.0, 18.0, 8.0, 12.0, 8.0]
T = 0.8	 step = 62
98.90000000000003
14.81674242424242
[22.0, 32.0, 11.0, 8.0, 34.0, 9.0]
[31.0, 14.0, 10.0, 37.0, 33.0, 24.0]
[12.0, 18.0, 18.0, 12.0, 8.0, 12.0]
[12.0, 18.0, 18.0, 8.0, 12.0, 8.0]
T = 0.8	 step = 63
99.69
14.449949494949491
[22.0, 32.0, 12.0, 8.0, 34.0, 9.0]
[31.0, 14.0, 10.0, 37.0, 33.0, 24.0]
[12.0, 18.0, 18.0, 12.0, 8.0, 12.0]
[12.0, 18.0, 18.0, 8.0, 12.0, 8.0]
T = 0.8	 step = 64
100.68
14.097962436868684
[22.0, 31.0, 12.0, 8.0, 34.0, 9.0]
[31.0, 14.0, 10.0, 37.0, 33.0, 24.0]
[12.0, 18.0, 18.0, 12.0, 8.0, 12.0]
[12.0, 18.0, 18.0, 8.0, 12.0, 8.0]
T = 0.8	 step = 65
100.70000000000005
14.291775568181816
[22.0, 31.0, 12.0, 8.0, 33.0, 9.0]
[31.0, 14.0, 10.0, 37.0, 33.0, 24.0]
[12.0, 18.0, 18.0, 12.0, 8.0, 12.0]
[12.0, 18.0, 18.0, 8.0, 12.0, 8.0]
T = 0.8	 step = 66
100.71000000000004
14.069553345959594
[22.0, 31.0, 12.0, 9.0, 33.0, 9.0]
[31.0, 14.0, 10.0, 37.0, 33.0, 24.0]
[12.0, 18.0, 18.0, 12.0, 8.0, 12.0]
[12.0, 18.0, 18.0, 8.0, 12.0, 8.0]
T = 0.8	 step = 67
99.86000000000001
14.436346275252523
[22.0, 31.0, 11.0, 9.0, 33.0, 9.0]
[31.0, 14.0, 10.0, 37.0, 33.0, 24.0]
[12.0, 18.0, 18.0, 12.0, 8.0, 12.0]
[12.0, 18.0, 18.0, 8.0, 12.0, 8.0]
T = 0.8	 step = 68
99.66000000000003
14.528833648989897
[22.0, 31.0, 11.0, 9.0, 33.0, 9.0]
[32.0, 14.0, 10.0, 37.0, 33.0, 24.0]
[12.0, 18.0, 18.0, 12.0, 8.0, 12.0]
[12.0, 18.0, 18.0, 8.0, 12.0, 8.0]
T = 0.8	 step = 69
99.66000000000003
14.751055871212118
[22.0, 31.0, 11.0, 9.0, 33.0, 9.0]
[32.0, 14.0, 10.0, 37.0, 33.0, 25.0]
[12.0, 18.0, 18.0, 12.0, 8.0, 12.0]
[12.0, 18.0, 18.0, 8.0, 12.0, 8.0]
T = 0.8	 step = 70
99.64000000000004
14.973278093434342
[22.0, 31.0, 11.0, 9.0, 33.0, 9.0]
[32.0, 14.0, 10.0, 37.0, 33.0, 26.0]
[12.0, 18.0, 18.0, 12.0, 8.0, 12.0]
[12.0, 18.0, 18.0, 8.0, 12.0, 8.0]
T = 0.8	 step = 71
99.63
15.195500315656563
[22.0, 31.0, 11.0, 9.0, 33.0, 9.0]
[32.0, 14.0, 10.0, 37.0, 33.0, 27.0]
[12.0, 18.0, 18.0, 12.0, 8.0, 12.0]
[12.0, 18.0, 18.0, 8.0, 12.0, 8.0]
T = 0.8	 step = 72
99.09000000000003
15.562293244949492
[22.0, 31.0, 10.0, 9.0, 33.0, 9.0]
[32.0, 14.0, 10.0, 37.0, 33.0, 27.0]
[12.0, 18.0, 18.0, 12.0, 8.0, 12.0]
[12.0, 18.0, 18.0, 8.0, 12.0, 8.0]
T = 0.8	 step = 73
99.06
15.784515467171715
[22.0, 31.0, 10.0, 9.0, 33.0, 9.0]
[32.0, 14.0, 10.0, 37.0, 33.0, 28.0]
[12.0, 18.0, 18.0, 12.0, 8.0, 12.0]
[12.0, 18.0, 18.0, 8.0, 12.0, 8.0]
T = 0.8	 step = 74
99.53000000000003
15.525677083333331
[22.0, 30.0, 10.0, 9.0, 33.0, 9.0]
[32.0, 14.0, 10.0, 37.0, 33.0, 28.0]
[12.0, 18.0, 18.0, 12.0, 8.0, 12.0]
[12.0, 18.0, 18.0, 8.0, 12.0, 8.0]
T = 0.8	 step = 75
99.52000000000004
15.747899305555551
[22.0, 30.0, 10.0, 8.0, 33.0, 9.0]
[32.0, 14.0, 10.0, 37.0, 33.0, 28.0]
[12.0, 18.0, 18.0, 12.0, 8.0, 12.0]
[12.0, 18.0, 18.0, 8.0, 12.0, 8.0]
T = 0.8	 step = 76
99.61000000000001
15.30345486111111
[22.0, 30.0, 10.0, 8.0, 33.0, 9.0]
[32.0, 14.0, 11.0, 37.0, 33.0, 28.0]
[12.0, 18.0, 18.0, 12.0, 8.0, 12.0]
[12.0, 18.0, 18.0, 8.0, 12.0, 8.0]
T = 0.8	 step = 77
99.52000000000004
15.747899305555551
[22.0, 30.0, 10.0, 8.0, 33.0, 9.0]
[32.0, 14.0, 10.0, 37.0, 33.0, 28.0]
[12.0, 18.0, 18.0, 12.0, 8.0, 12.0]
[12.0, 18.0, 18.0, 8.0, 12.0, 8.0]
T = 0.8	 step = 78
99.54000000000002
15.525677083333331
[22.0, 30.0, 10.0, 8.0, 33.0, 9.0]
[32.0, 14.0, 10.0, 37.0, 33.0, 27.0]
[12.0, 18.0, 18.0, 12.0, 8.0, 12.0]
[12.0, 18.0, 18.0, 8.0, 12.0, 8.0]
T = 0.8	 step = 79
100.41000000000003
15.48906092171717
[22.0, 29.0, 10.0, 8.0, 33.0, 9.0]
[32.0, 13.0, 10.0, 37.0, 33.0, 27.0]
[12.0, 18.0, 18.0, 12.0, 8.0, 12.0]
[12.0, 18.0, 18.0, 8.0, 12.0, 8.0]
T = 0.8	 step = 80
99.60000000000002
15.30345486111111
[22.0, 30.0, 10.0, 8.0, 33.0, 9.0]
[32.0, 14.0, 10.0, 37.0, 32.0, 27.0]
[12.0, 18.0, 18.0, 12.0, 8.0, 12.0]
[12.0, 18.0, 18.0, 8.0, 12.0, 8.0]
T = 0.8	 step = 81
99.62
15.181333648989899
[22.0, 30.0, 10.0, 8.0, 33.0, 9.0]
[32.0, 14.0, 10.0, 36.0, 32.0, 27.0]
[12.0, 18.0, 18.0, 12.0, 8.0, 12.0]
[12.0, 18.0, 18.0, 8.0, 12.0, 8.0]
T = 0.8	 step = 82
99.63
14.959111426767675
[22.0, 30.0, 10.0, 8.0, 33.0, 9.0]
[32.0, 14.0, 10.0, 36.0, 32.0, 26.0]
[12.0, 18.0, 18.0, 12.0, 8.0, 12.0]
[12.0, 18.0, 18.0, 8.0, 12.0, 8.0]
T = 0.8	 step = 83
99.51000000000005
15.301557765151513
[22.0, 30.0, 10.0, 8.0, 36.0, 9.0]
[32.0, 14.0, 10.0, 36.0, 34.0, 26.0]
[12.0, 18.0, 18.0, 12.0, 8.0, 12.0]
[12.0, 18.0, 18.0, 8.0, 12.0, 8.0]
T = 0.8	 step = 84
99.72000000000003
15.201456755050504
[22.0, 30.0, 10.0, 8.0, 36.0, 9.0]
[31.0, 14.0, 10.0, 36.0, 34.0, 26.0]
[12.0, 18.0, 18.0, 12.0, 8.0, 12.0]
[12.0, 18.0, 18.0, 8.0, 12.0, 8.0]
T = 0.8	 step = 85
99.72000000000003
15.070774936868686
[22.0, 30.0, 10.0, 8.0, 35.0, 9.0]
[31.0, 14.0, 10.0, 36.0, 34.0, 26.0]
[12.0, 18.0, 18.0, 12.0, 8.0, 12.0]
[12.0, 18.0, 18.0, 8.0, 12.0, 8.0]
T = 0.6400000000000001	 step = 86
99.52000000000004
15.170875946969696
[22.0, 30.0, 10.0, 8.0, 35.0, 9.0]
[32.0, 14.0, 10.0, 36.0, 34.0, 26.0]
[12.0, 18.0, 18.0, 12.0, 8.0, 12.0]
[12.0, 18.0, 18.0, 8.0, 12.0, 8.0]
T = 0.6400000000000001	 step = 87
100.52000000000004
15.23653251262626
[22.0, 29.0, 10.0, 8.0, 35.0, 9.0]
[32.0, 14.0, 10.0, 36.0, 34.0, 26.0]
[12.0, 18.0, 18.0, 12.0, 8.0, 12.0]
[12.0, 18.0, 18.0, 8.0, 12.0, 8.0]
T = 0.6400000000000001	 step = 88
100.83000000000004
14.792088068181815
[22.0, 29.0, 10.0, 8.0, 35.0, 9.0]
[32.0, 14.0, 11.0, 36.0, 34.0, 26.0]
[12.0, 18.0, 18.0, 12.0, 8.0, 12.0]
[12.0, 18.0, 18.0, 8.0, 12.0, 8.0]
T = 0.6400000000000001	 step = 89
100.64000000000004
15.014310290404039
[22.0, 29.0, 10.0, 8.0, 35.0, 9.0]
[32.0, 13.0, 11.0, 36.0, 34.0, 26.0]
[12.0, 18.0, 18.0, 12.0, 8.0, 12.0]
[12.0, 18.0, 18.0, 8.0, 12.0, 8.0]
T = 0.6400000000000001	 step = 90
100.42000000000002
15.458754734848482
[22.0, 29.0, 10.0, 8.0, 35.0, 9.0]
[32.0, 13.0, 10.0, 36.0, 34.0, 26.0]
[12.0, 18.0, 18.0, 12.0, 8.0, 12.0]
[12.0, 18.0, 18.0, 8.0, 12.0, 8.0]
T = 0.6400000000000001	 step = 91
100.64000000000004
15.014310290404039
[22.0, 29.0, 10.0, 8.0, 35.0, 9.0]
[32.0, 13.0, 11.0, 36.0, 34.0, 26.0]
[12.0, 18.0, 18.0, 12.0, 8.0, 12.0]
[12.0, 18.0, 18.0, 8.0, 12.0, 8.0]
T = 0.6400000000000001	 step = 92
100.64000000000004
15.398118686868685
[23.0, 29.0, 10.0, 8.0, 35.0, 9.0]
[32.0, 13.0, 11.0, 36.0, 34.0, 26.0]
[12.0, 18.0, 18.0, 12.0, 8.0, 12.0]
[12.0, 18.0, 18.0, 8.0, 12.0, 8.0]
T = 0.6400000000000001	 step = 93
100.82000000000005
15.175896464646462
[23.0, 29.0, 10.0, 8.0, 35.0, 9.0]
[32.0, 14.0, 11.0, 36.0, 34.0, 26.0]
[12.0, 18.0, 18.0, 12.0, 8.0, 12.0]
[12.0, 18.0, 18.0, 8.0, 12.0, 8.0]
T = 0.6400000000000001	 step = 94
100.59000000000003
15.437107007575754
[23.0, 29.0, 10.0, 8.0, 35.0, 9.0]
[33.0, 14.0, 11.0, 36.0, 34.0, 26.0]
[12.0, 18.0, 18.0, 12.0, 8.0, 12.0]
[12.0, 18.0, 18.0, 8.0, 12.0, 8.0]
T = 0.6400000000000001	 step = 95
100.62
15.214884785353533
[23.0, 29.0, 10.0, 8.0, 35.0, 9.0]
[33.0, 14.0, 11.0, 36.0, 33.0, 26.0]
[12.0, 18.0, 18.0, 12.0, 8.0, 12.0]
[12.0, 18.0, 18.0, 8.0, 12.0, 8.0]
T = 0.6400000000000001	 step = 96
100.66000000000003
15.246450441919189
[23.0, 29.0, 10.0, 8.0, 35.0, 10.0]
[33.0, 14.0, 11.0, 36.0, 33.0, 26.0]
[12.0, 18.0, 18.0, 12.0, 8.0, 12.0]
[12.0, 18.0, 18.0, 8.0, 12.0, 8.0]
T = 0.6400000000000001	 step = 97
99.59000000000003
15.176404671717169
[23.0, 30.0, 10.0, 8.0, 35.0, 10.0]
[33.0, 14.0, 11.0, 36.0, 33.0, 26.0]
[12.0, 18.0, 18.0, 12.0, 8.0, 12.0]
[12.0, 18.0, 18.0, 8.0, 12.0, 8.0]
T = 0.6400000000000001	 step = 98
99.60000000000002
15.205779671717169
[23.0, 30.0, 10.0, 8.0, 35.0, 10.0]
[33.0, 14.0, 11.0, 35.0, 33.0, 26.0]
[12.0, 18.0, 18.0, 12.0, 8.0, 12.0]
[12.0, 18.0, 18.0, 8.0, 12.0, 8.0]
T = 0.6400000000000001	 step = 99
99.58000000000004
15.42800189393939
[23.0, 30.0, 10.0, 7.0, 35.0, 10.0]
[33.0, 14.0, 11.0, 35.0, 33.0, 26.0]
[12.0, 18.0, 18.0, 12.0, 8.0, 12.0]
[12.0, 18.0, 18.0, 8.0, 12.0, 8.0]
T = 0.6400000000000001	 step = 100
99.54000000000002
15.650224116161613
[23.0, 30.0, 10.0, 7.0, 35.0, 10.0]
[33.0, 14.0, 11.0, 35.0, 34.0, 26.0]
[12.0, 18.0, 18.0, 12.0, 8.0, 12.0]
[12.0, 18.0, 18.0, 8.0, 12.0, 8.0]
T = 0.6400000000000001	 step = 101
99.56
15.42800189393939
[23.0, 30.0, 10.0, 8.0, 35.0, 10.0]
[33.0, 14.0, 11.0, 35.0, 34.0, 26.0]
[12.0, 18.0, 18.0, 12.0, 8.0, 12.0]
[12.0, 18.0, 18.0, 8.0, 12.0, 8.0]
T = 0.6400000000000001	 step = 102
99.59000000000003
15.205779671717169
[23.0, 30.0, 10.0, 8.0, 35.0, 10.0]
[33.0, 14.0, 11.0, 35.0, 34.0, 25.0]
[12.0, 18.0, 18.0, 12.0, 8.0, 12.0]
[12.0, 18.0, 18.0, 8.0, 12.0, 8.0]
T = 0.6400000000000001	 step = 103
99.40000000000003
15.622761994949492
[23.0, 30.0, 10.0, 8.0, 35.0, 10.0]
[34.0, 14.0, 11.0, 35.0, 34.0, 25.0]
[12.0, 18.0, 18.0, 12.0, 8.0, 12.0]
[12.0, 18.0, 18.0, 8.0, 12.0, 8.0]
T = 0.6400000000000001	 step = 104
99.31
16.06720643939394
[23.0, 30.0, 10.0, 8.0, 35.0, 10.0]
[34.0, 14.0, 10.0, 35.0, 34.0, 25.0]
[12.0, 18.0, 18.0, 12.0, 8.0, 12.0]
[12.0, 18.0, 18.0, 8.0, 12.0, 8.0]
T = 0.6400000000000001	 step = 105
99.35000000000002
15.844984217171714
[23.0, 30.0, 10.0, 8.0, 35.0, 10.0]
[34.0, 14.0, 11.0, 35.0, 35.0, 25.0]
[12.0, 18.0, 18.0, 12.0, 8.0, 12.0]
[12.0, 18.0, 18.0, 8.0, 12.0, 8.0]
T = 0.6400000000000001	 step = 106
99.36000000000001
15.622761994949492
[23.0, 30.0, 10.0, 9.0, 35.0, 10.0]
[34.0, 14.0, 11.0, 35.0, 35.0, 25.0]
[12.0, 18.0, 18.0, 12.0, 8.0, 12.0]
[12.0, 18.0, 18.0, 8.0, 12.0, 8.0]
T = 0.6400000000000001	 step = 107
99.55000000000001
15.205779671717169
[23.0, 30.0, 10.0, 9.0, 35.0, 10.0]
[33.0, 14.0, 11.0, 35.0, 35.0, 25.0]
[12.0, 18.0, 18.0, 12.0, 8.0, 12.0]
[12.0, 18.0, 18.0, 8.0, 12.0, 8.0]
T = 0.6400000000000001	 step = 108
99.29000000000002
15.42800189393939
[23.0, 30.0, 10.0, 9.0, 35.0, 10.0]
[33.0, 13.0, 11.0, 35.0, 35.0, 25.0]
[12.0, 18.0, 18.0, 12.0, 8.0, 12.0]
[12.0, 18.0, 18.0, 8.0, 12.0, 8.0]
T = 0.6400000000000001	 step = 109
99.33000000000004
15.811810290404036
[24.0, 30.0, 10.0, 9.0, 35.0, 10.0]
[33.0, 13.0, 11.0, 35.0, 35.0, 25.0]
[12.0, 18.0, 18.0, 12.0, 8.0, 12.0]
[12.0, 18.0, 18.0, 8.0, 12.0, 8.0]
T = 0.6400000000000001	 step = 110
99.91000000000003
15.558022411616157
[24.0, 30.0, 11.0, 9.0, 35.0, 10.0]
[33.0, 13.0, 11.0, 35.0, 35.0, 25.0]
[12.0, 18.0, 18.0, 12.0, 8.0, 12.0]
[12.0, 18.0, 18.0, 8.0, 12.0, 8.0]
T = 0.6400000000000001	 step = 111
100.17000000000002
15.335800189393936
[24.0, 30.0, 11.0, 9.0, 35.0, 10.0]
[33.0, 14.0, 11.0, 35.0, 35.0, 25.0]
[12.0, 18.0, 18.0, 12.0, 8.0, 12.0]
[12.0, 18.0, 18.0, 8.0, 12.0, 8.0]
T = 0.6400000000000001	 step = 112
100.30000000000001
15.113577967171713
[24.0, 30.0, 11.0, 9.0, 35.0, 10.0]
[33.0, 15.0, 11.0, 35.0, 35.0, 25.0]
[12.0, 18.0, 18.0, 12.0, 8.0, 12.0]
[12.0, 18.0, 18.0, 8.0, 12.0, 8.0]
T = 0.6400000000000001	 step = 113
100.27000000000004
15.335800189393936
[24.0, 30.0, 11.0, 9.0, 35.0, 10.0]
[33.0, 15.0, 11.0, 35.0, 35.0, 26.0]
[12.0, 18.0, 18.0, 12.0, 8.0, 12.0]
[12.0, 18.0, 18.0, 8.0, 12.0, 8.0]
T = 0.6400000000000001	 step = 114
100.07000000000005
15.75278251262626
[24.0, 30.0, 11.0, 9.0, 35.0, 10.0]
[34.0, 15.0, 11.0, 35.0, 35.0, 26.0]
[12.0, 18.0, 18.0, 12.0, 8.0, 12.0]
[12.0, 18.0, 18.0, 8.0, 12.0, 8.0]
T = 0.6400000000000001	 step = 115
100.27000000000004
15.335800189393936
[24.0, 30.0, 11.0, 9.0, 35.0, 10.0]
[33.0, 15.0, 11.0, 35.0, 35.0, 26.0]
[12.0, 18.0, 18.0, 12.0, 8.0, 12.0]
[12.0, 18.0, 18.0, 8.0, 12.0, 8.0]
T = 0.6400000000000001	 step = 116
100.51000000000005
15.113577967171713
[24.0, 30.0, 11.0, 9.0, 35.0, 10.0]
[33.0, 16.0, 11.0, 35.0, 35.0, 26.0]
[12.0, 18.0, 18.0, 12.0, 8.0, 12.0]
[12.0, 18.0, 18.0, 8.0, 12.0, 8.0]
T = 0.6400000000000001	 step = 117
99.96000000000004
15.367365845959592
[24.0, 30.0, 10.0, 9.0, 35.0, 10.0]
[33.0, 16.0, 11.0, 35.0, 35.0, 26.0]
[12.0, 18.0, 18.0, 12.0, 8.0, 12.0]
[12.0, 18.0, 18.0, 8.0, 12.0, 8.0]
T = 0.6400000000000001	 step = 118
99.94
15.589588068181815
[24.0, 30.0, 10.0, 8.0, 35.0, 10.0]
[33.0, 16.0, 11.0, 35.0, 35.0, 26.0]
[12.0, 18.0, 18.0, 12.0, 8.0, 12.0]
[12.0, 18.0, 18.0, 8.0, 12.0, 8.0]
T = 0.6400000000000001	 step = 119
100.17000000000002
15.337990845959595
[24.0, 30.0, 10.0, 8.0, 35.0, 10.0]
[32.0, 16.0, 11.0, 35.0, 35.0, 26.0]
[12.0, 18.0, 18.0, 12.0, 8.0, 12.0]
[12.0, 18.0, 18.0, 8.0, 12.0, 8.0]
T = 0.6400000000000001	 step = 120
100.21000000000004
15.560213068181815
[24.0, 30.0, 10.0, 8.0, 35.0, 11.0]
[32.0, 16.0, 11.0, 35.0, 35.0, 26.0]
[12.0, 18.0, 18.0, 12.0, 8.0, 12.0]
[12.0, 18.0, 18.0, 8.0, 12.0, 8.0]
T = 0.6400000000000001	 step = 121
100.26000000000005
15.337990845959593
[24.0, 30.0, 10.0, 8.0, 35.0, 11.0]
[32.0, 16.0, 11.0, 35.0, 34.0, 26.0]
[12.0, 18.0, 18.0, 12.0, 8.0, 12.0]
[12.0, 18.0, 18.0, 8.0, 12.0, 8.0]
T = 0.6400000000000001	 step = 122
100.25
15.299002525252522
[24.0, 30.0, 10.0, 8.0, 35.0, 11.0]
[32.0, 16.0, 11.0, 36.0, 34.0, 26.0]
[12.0, 18.0, 18.0, 12.0, 8.0, 12.0]
[12.0, 18.0, 18.0, 8.0, 12.0, 8.0]
T = 0.6400000000000001	 step = 123
100.23000000000002
15.521224747474745
[24.0, 30.0, 10.0, 8.0, 35.0, 11.0]
[32.0, 16.0, 11.0, 36.0, 34.0, 27.0]
[12.0, 18.0, 18.0, 12.0, 8.0, 12.0]
[12.0, 18.0, 18.0, 8.0, 12.0, 8.0]
T = 0.6400000000000001	 step = 124
100.36000000000001
15.0767803030303
[24.0, 30.0, 10.0, 8.0, 35.0, 11.0]
[32.0, 16.0, 12.0, 36.0, 34.0, 27.0]
[12.0, 18.0, 18.0, 12.0, 8.0, 12.0]
[12.0, 18.0, 18.0, 8.0, 12.0, 8.0]
T = 0.6400000000000001	 step = 125
100.40000000000003
14.854558080808077
[24.0, 30.0, 10.0, 8.0, 35.0, 11.0]
[32.0, 16.0, 12.0, 36.0, 33.0, 27.0]
[12.0, 18.0, 18.0, 12.0, 8.0, 12.0]
[12.0, 18.0, 18.0, 8.0, 12.0, 8.0]
T = 0.6400000000000001	 step = 126
100.18
15.116736900252521
[24.0, 30.0, 10.0, 8.0, 35.0, 11.0]
[33.0, 16.0, 12.0, 36.0, 33.0, 27.0]
[12.0, 18.0, 18.0, 12.0, 8.0, 12.0]
[12.0, 18.0, 18.0, 8.0, 12.0, 8.0]
T = 0.6400000000000001	 step = 127
99.72000000000003
15.215271464646461
[24.0, 31.0, 10.0, 8.0, 35.0, 11.0]
[33.0, 16.0, 12.0, 36.0, 33.0, 27.0]
[12.0, 18.0, 18.0, 12.0, 8.0, 12.0]
[12.0, 18.0, 18.0, 8.0, 12.0, 8.0]
T = 0.5120000000000001	 step = 128
99.77000000000004
14.770827020202017
[24.0, 31.0, 10.0, 8.0, 35.0, 11.0]
[33.0, 16.0, 13.0, 36.0, 33.0, 27.0]
[12.0, 18.0, 18.0, 12.0, 8.0, 12.0]
[12.0, 18.0, 18.0, 8.0, 12.0, 8.0]
T = 0.5120000000000001	 step = 129
99.82000000000005
14.548604797979795
[24.0, 31.0, 10.0, 8.0, 35.0, 11.0]
[33.0, 16.0, 13.0, 36.0, 32.0, 27.0]
[12.0, 18.0, 18.0, 12.0, 8.0, 12.0]
[12.0, 18.0, 18.0, 8.0, 12.0, 8.0]
T = 0.5120000000000001	 step = 130
99.77000000000004
14.993049242424238
[24.0, 31.0, 10.0, 8.0, 35.0, 11.0]
[33.0, 16.0, 12.0, 36.0, 32.0, 27.0]
[12.0, 18.0, 18.0, 12.0, 8.0, 12.0]
[12.0, 18.0, 18.0, 8.0, 12.0, 8.0]
T = 0.5120000000000001	 step = 131
98.88
15.250334595959593
[24.0, 32.0, 10.0, 8.0, 35.0, 11.0]
[33.0, 16.0, 12.0, 36.0, 32.0, 27.0]
[12.0, 18.0, 18.0, 12.0, 8.0, 12.0]
[12.0, 18.0, 18.0, 8.0, 12.0, 8.0]
T = 0.5120000000000001	 step = 132
98.85000000000002
15.02811237373737
[24.0, 32.0, 10.0, 8.0, 35.0, 10.0]
[33.0, 16.0, 12.0, 36.0, 32.0, 27.0]
[12.0, 18.0, 18.0, 12.0, 8.0, 12.0]
[12.0, 18.0, 18.0, 8.0, 12.0, 8.0]
T = 0.5120000000000001	 step = 133
98.75
15.472556818181815
[24.0, 32.0, 10.0, 8.0, 35.0, 10.0]
[33.0, 16.0, 11.0, 36.0, 32.0, 27.0]
[12.0, 18.0, 18.0, 12.0, 8.0, 12.0]
[12.0, 18.0, 18.0, 8.0, 12.0, 8.0]
T = 0.5120000000000001	 step = 134
98.07000000000005
16.139223484848483
[24.0, 32.0, 10.0, 8.0, 35.0, 10.0]
[33.0, 13.0, 11.0, 36.0, 32.0, 27.0]
[12.0, 18.0, 18.0, 12.0, 8.0, 12.0]
[12.0, 18.0, 18.0, 8.0, 12.0, 8.0]
T = 0.5120000000000001	 step = 135
98.02000000000004
16.583667929292925
[24.0, 32.0, 10.0, 8.0, 35.0, 10.0]
[33.0, 13.0, 10.0, 36.0, 32.0, 27.0]
[12.0, 18.0, 18.0, 12.0, 8.0, 12.0]
[12.0, 18.0, 18.0, 8.0, 12.0, 8.0]
T = 0.5120000000000001	 step = 136
98.52000000000004
16.33143308080808
[24.0, 32.0, 11.0, 8.0, 35.0, 10.0]
[33.0, 13.0, 10.0, 36.0, 32.0, 27.0]
[12.0, 18.0, 18.0, 12.0, 8.0, 12.0]
[12.0, 18.0, 18.0, 8.0, 12.0, 8.0]
T = 0.5120000000000001	 step = 137
98.30000000000001
16.5536553030303
[24.0, 32.0, 11.0, 8.0, 35.0, 10.0]
[33.0, 12.0, 10.0, 36.0, 32.0, 27.0]
[12.0, 18.0, 18.0, 12.0, 8.0, 12.0]
[12.0, 18.0, 18.0, 8.0, 12.0, 8.0]
T = 0.5120000000000001	 step = 138
98.32000000000005
16.33143308080808
[24.0, 32.0, 11.0, 8.0, 35.0, 10.0]
[33.0, 12.0, 10.0, 36.0, 32.0, 26.0]
[12.0, 18.0, 18.0, 12.0, 8.0, 12.0]
[12.0, 18.0, 18.0, 8.0, 12.0, 8.0]
T = 0.5120000000000001	 step = 139
98.49000000000001
16.070222537878788
[24.0, 32.0, 11.0, 8.0, 35.0, 10.0]
[32.0, 12.0, 10.0, 36.0, 32.0, 26.0]
[12.0, 18.0, 18.0, 12.0, 8.0, 12.0]
[12.0, 18.0, 18.0, 8.0, 12.0, 8.0]
T = 0.5120000000000001	 step = 140
98.44
16.29244476010101
[24.0, 32.0, 11.0, 8.0, 35.0, 10.0]
[32.0, 12.0, 10.0, 36.0, 33.0, 26.0]
[12.0, 18.0, 18.0, 12.0, 8.0, 12.0]
[12.0, 18.0, 18.0, 8.0, 12.0, 8.0]
T = 0.5120000000000001	 step = 141
98.45000000000005
16.33143308080808
[24.0, 32.0, 11.0, 8.0, 35.0, 10.0]
[32.0, 12.0, 10.0, 35.0, 33.0, 26.0]
[12.0, 18.0, 18.0, 12.0, 8.0, 12.0]
[12.0, 18.0, 18.0, 8.0, 12.0, 8.0]
T = 0.5120000000000001	 step = 142
99.37
16.072594696969695
[24.0, 31.0, 11.0, 8.0, 35.0, 10.0]
[32.0, 12.0, 10.0, 35.0, 33.0, 26.0]
[12.0, 18.0, 18.0, 12.0, 8.0, 12.0]
[12.0, 18.0, 18.0, 8.0, 12.0, 8.0]
T = 0.5120000000000001	 step = 143
99.40000000000003
15.628150252525252
[24.0, 31.0, 11.0, 8.0, 35.0, 10.0]
[32.0, 12.0, 11.0, 35.0, 33.0, 26.0]
[12.0, 18.0, 18.0, 12.0, 8.0, 12.0]
[12.0, 18.0, 18.0, 8.0, 12.0, 8.0]
T = 0.5120000000000001	 step = 144
99.43
15.659715909090908
[24.0, 31.0, 11.0, 8.0, 35.0, 11.0]
[32.0, 12.0, 11.0, 35.0, 33.0, 26.0]
[12.0, 18.0, 18.0, 12.0, 8.0, 12.0]
[12.0, 18.0, 18.0, 8.0, 12.0, 8.0]
T = 0.5120000000000001	 step = 145
99.46000000000004
15.437493686868686
[24.0, 31.0, 11.0, 8.0, 35.0, 11.0]
[32.0, 12.0, 11.0, 35.0, 33.0, 25.0]
[12.0, 18.0, 18.0, 12.0, 8.0, 12.0]
[12.0, 18.0, 18.0, 8.0, 12.0, 8.0]
T = 0.5120000000000001	 step = 146
99.43
15.881938131313127
[24.0, 31.0, 11.0, 8.0, 35.0, 11.0]
[32.0, 12.0, 10.0, 35.0, 33.0, 25.0]
[12.0, 18.0, 18.0, 12.0, 8.0, 12.0]
[12.0, 18.0, 18.0, 8.0, 12.0, 8.0]
T = 0.5120000000000001	 step = 147
99.62
15.620727588383838
[24.0, 31.0, 11.0, 8.0, 35.0, 11.0]
[31.0, 12.0, 10.0, 35.0, 33.0, 25.0]
[12.0, 18.0, 18.0, 12.0, 8.0, 12.0]
[12.0, 18.0, 18.0, 8.0, 12.0, 8.0]
T = 0.5120000000000001	 step = 148
99.44
15.84294981060606
[24.0, 31.0, 11.0, 8.0, 35.0, 11.0]
[31.0, 11.0, 10.0, 35.0, 33.0, 25.0]
[12.0, 18.0, 18.0, 12.0, 8.0, 12.0]
[12.0, 18.0, 18.0, 8.0, 12.0, 8.0]
T = 0.5120000000000001	 step = 149
99.45000000000005
15.398505366161615
[24.0, 31.0, 11.0, 8.0, 35.0, 11.0]
[31.0, 11.0, 11.0, 35.0, 33.0, 25.0]
[12.0, 18.0, 18.0, 12.0, 8.0, 12.0]
[12.0, 18.0, 18.0, 8.0, 12.0, 8.0]
T = 0.5120000000000001	 step = 150
99.31
15.659715909090908
[24.0, 31.0, 11.0, 8.0, 35.0, 11.0]
[32.0, 11.0, 11.0, 35.0, 33.0, 25.0]
[12.0, 18.0, 18.0, 12.0, 8.0, 12.0]
[12.0, 18.0, 18.0, 8.0, 12.0, 8.0]
T = 0.5120000000000001	 step = 151
99.29000000000002
16.100133364898987
[24.0, 31.0, 11.0, 8.0, 35.0, 11.0]
[32.0, 10.0, 11.0, 35.0, 33.0, 25.0]
[12.0, 18.0, 18.0, 12.0, 8.0, 12.0]
[12.0, 18.0, 18.0, 8.0, 12.0, 8.0]
T = 0.5120000000000001	 step = 152
99.28000000000003
15.620727588383838
[24.0, 31.0, 11.0, 8.0, 35.0, 11.0]
[32.0, 11.0, 11.0, 36.0, 33.0, 25.0]
[12.0, 18.0, 18.0, 12.0, 8.0, 12.0]
[12.0, 18.0, 18.0, 8.0, 12.0, 8.0]
T = 0.5120000000000001	 step = 153
99.45000000000005
15.398505366161615
[24.0, 31.0, 11.0, 8.0, 35.0, 11.0]
[32.0, 12.0, 11.0, 36.0, 33.0, 25.0]
[12.0, 18.0, 18.0, 12.0, 8.0, 12.0]
[12.0, 18.0, 18.0, 8.0, 12.0, 8.0]
T = 0.5120000000000001	 step = 154
99.64000000000004
15.298404356060605
[24.0, 31.0, 11.0, 8.0, 35.0, 11.0]
[31.0, 12.0, 11.0, 36.0, 33.0, 25.0]
[12.0, 18.0, 18.0, 12.0, 8.0, 12.0]
[12.0, 18.0, 18.0, 8.0, 12.0, 8.0]
T = 0.5120000000000001	 step = 155
99.83000000000004
15.205916982323227
[24.0, 31.0, 11.0, 8.0, 35.0, 11.0]
[30.0, 12.0, 11.0, 36.0, 33.0, 25.0]
[12.0, 18.0, 18.0, 12.0, 8.0, 12.0]
[12.0, 18.0, 18.0, 8.0, 12.0, 8.0]
T = 0.5120000000000001	 step = 156
99.84000000000003
14.983694760101006
[24.0, 31.0, 11.0, 9.0, 35.0, 11.0]
[30.0, 12.0, 11.0, 36.0, 33.0, 25.0]
[12.0, 18.0, 18.0, 12.0, 8.0, 12.0]
[12.0, 18.0, 18.0, 8.0, 12.0, 8.0]
T = 0.5120000000000001	 step = 157
100.74000000000001
14.884191919191919
[24.0, 30.0, 11.0, 9.0, 35.0, 11.0]
[30.0, 12.0, 11.0, 36.0, 33.0, 25.0]
[12.0, 18.0, 18.0, 12.0, 8.0, 12.0]
[12.0, 18.0, 18.0, 8.0, 12.0, 8.0]
T = 0.5120000000000001	 step = 158
100.93
14.877949021464646
[24.0, 30.0, 11.0, 9.0, 35.0, 11.0]
[29.0, 12.0, 11.0, 36.0, 33.0, 25.0]
[12.0, 18.0, 18.0, 12.0, 8.0, 12.0]
[12.0, 18.0, 18.0, 8.0, 12.0, 8.0]
T = 0.5120000000000001	 step = 159
100.06
14.977451862373734
[24.0, 31.0, 11.0, 9.0, 35.0, 11.0]
[29.0, 12.0, 11.0, 36.0, 33.0, 25.0]
[12.0, 18.0, 18.0, 12.0, 8.0, 12.0]
[12.0, 18.0, 18.0, 8.0, 12.0, 8.0]
T = 0.5120000000000001	 step = 160
99.12
15.236290246212118
[24.0, 32.0, 11.0, 9.0, 35.0, 11.0]
[29.0, 12.0, 11.0, 36.0, 33.0, 25.0]
[12.0, 18.0, 18.0, 12.0, 8.0, 12.0]
[12.0, 18.0, 18.0, 8.0, 12.0, 8.0]
T = 0.5120000000000001	 step = 161
98.56
16.123626104797978
[24.0, 32.0, 10.0, 9.0, 35.0, 11.0]
[29.0, 12.0, 10.0, 36.0, 33.0, 25.0]
[12.0, 18.0, 18.0, 12.0, 8.0, 12.0]
[12.0, 18.0, 18.0, 8.0, 12.0, 8.0]
T = 0.5120000000000001	 step = 162
98.52000000000004
16.3458483270202
[24.0, 32.0, 10.0, 9.0, 35.0, 11.0]
[29.0, 12.0, 10.0, 36.0, 34.0, 25.0]
[12.0, 18.0, 18.0, 12.0, 8.0, 12.0]
[12.0, 18.0, 18.0, 8.0, 12.0, 8.0]
T = 0.5120000000000001	 step = 163
98.70000000000005
16.3458483270202
[24.0, 32.0, 10.0, 9.0, 35.0, 11.0]
[28.0, 12.0, 10.0, 36.0, 34.0, 25.0]
[12.0, 18.0, 18.0, 12.0, 8.0, 12.0]
[12.0, 18.0, 18.0, 8.0, 12.0, 8.0]
T = 0.5120000000000001	 step = 164
98.52000000000004
16.3458483270202
[24.0, 32.0, 10.0, 9.0, 35.0, 11.0]
[29.0, 12.0, 10.0, 36.0, 34.0, 25.0]
[12.0, 18.0, 18.0, 12.0, 8.0, 12.0]
[12.0, 18.0, 18.0, 8.0, 12.0, 8.0]
T = 0.5120000000000001	 step = 165
98.70000000000005
16.3458483270202
[24.0, 32.0, 10.0, 9.0, 35.0, 11.0]
[28.0, 12.0, 10.0, 36.0, 34.0, 25.0]
[12.0, 18.0, 18.0, 12.0, 8.0, 12.0]
[12.0, 18.0, 18.0, 8.0, 12.0, 8.0]
T = 0.5120000000000001	 step = 166
98.61000000000001
16.536504892676763
[24.0, 32.0, 10.0, 9.0, 35.0, 9.0]
[28.0, 12.0, 10.0, 36.0, 34.0, 27.0]
[12.0, 18.0, 18.0, 12.0, 8.0, 12.0]
[12.0, 18.0, 18.0, 8.0, 12.0, 8.0]
T = 0.5120000000000001	 step = 167
98.57000000000005
16.75872711489899
[24.0, 32.0, 10.0, 9.0, 35.0, 9.0]
[28.0, 12.0, 10.0, 36.0, 35.0, 27.0]
[12.0, 18.0, 18.0, 12.0, 8.0, 12.0]
[12.0, 18.0, 18.0, 8.0, 12.0, 8.0]
T = 0.5120000000000001	 step = 168
98.38
16.98094933712121
[24.0, 32.0, 10.0, 9.0, 35.0, 9.0]
[28.0, 11.0, 10.0, 36.0, 35.0, 27.0]
[12.0, 18.0, 18.0, 12.0, 8.0, 12.0]
[12.0, 18.0, 18.0, 8.0, 12.0, 8.0]
T = 0.5120000000000001	 step = 169
98.20000000000005
16.98094933712121
[24.0, 32.0, 10.0, 9.0, 35.0, 9.0]
[29.0, 11.0, 10.0, 36.0, 35.0, 27.0]
[12.0, 18.0, 18.0, 12.0, 8.0, 12.0]
[12.0, 18.0, 18.0, 8.0, 12.0, 8.0]
T = 0.40960000000000013	 step = 170
98.72000000000003
16.61570943813131
[24.0, 32.0, 11.0, 9.0, 35.0, 9.0]
[29.0, 11.0, 10.0, 36.0, 35.0, 27.0]
[12.0, 18.0, 18.0, 12.0, 8.0, 12.0]
[12.0, 18.0, 18.0, 8.0, 12.0, 8.0]
T = 0.40960000000000013	 step = 171
98.73000000000002
16.39348721590909
[24.0, 32.0, 11.0, 10.0, 35.0, 9.0]
[29.0, 11.0, 10.0, 36.0, 35.0, 27.0]
[12.0, 18.0, 18.0, 12.0, 8.0, 12.0]
[12.0, 18.0, 18.0, 8.0, 12.0, 8.0]
T = 0.40960000000000013	 step = 172
98.71000000000004
16.24891650883838
[24.0, 32.0, 11.0, 10.0, 35.0, 8.0]
[29.0, 11.0, 10.0, 36.0, 35.0, 27.0]
[12.0, 18.0, 18.0, 12.0, 8.0, 12.0]
[12.0, 18.0, 18.0, 8.0, 12.0, 8.0]
T = 0.40960000000000013	 step = 173
98.72000000000003
16.05510337752525
[24.0, 32.0, 11.0, 10.0, 36.0, 8.0]
[29.0, 11.0, 10.0, 36.0, 35.0, 27.0]
[12.0, 18.0, 18.0, 12.0, 8.0, 12.0]
[12.0, 18.0, 18.0, 8.0, 12.0, 8.0]
T = 0.40960000000000013	 step = 174
98.69
16.02353772095959
[24.0, 32.0, 11.0, 10.0, 36.0, 7.0]
[29.0, 11.0, 10.0, 36.0, 35.0, 27.0]
[12.0, 18.0, 18.0, 12.0, 8.0, 12.0]
[12.0, 18.0, 18.0, 8.0, 12.0, 8.0]
T = 0.40960000000000013	 step = 175
98.72000000000003
16.05510337752525
[24.0, 32.0, 11.0, 10.0, 36.0, 8.0]
[29.0, 11.0, 10.0, 36.0, 35.0, 27.0]
[12.0, 18.0, 18.0, 12.0, 8.0, 12.0]
[12.0, 18.0, 18.0, 8.0, 12.0, 8.0]
T = 0.40960000000000013	 step = 176
98.90000000000003
15.83288115530303
[24.0, 32.0, 11.0, 10.0, 36.0, 8.0]
[29.0, 12.0, 10.0, 36.0, 35.0, 27.0]
[12.0, 18.0, 18.0, 12.0, 8.0, 12.0]
[12.0, 18.0, 18.0, 8.0, 12.0, 8.0]
T = 0.40960000000000013	 step = 177
98.82000000000005
15.453461963383836
[23.0, 32.0, 11.0, 10.0, 36.0, 8.0]
[29.0, 12.0, 10.0, 36.0, 35.0, 27.0]
[12.0, 18.0, 18.0, 12.0, 8.0, 12.0]
[12.0, 18.0, 18.0, 8.0, 12.0, 8.0]
T = 0.40960000000000013	 step = 178
98.68
15.675684185606059
[23.0, 32.0, 11.0, 10.0, 36.0, 8.0]
[29.0, 11.0, 10.0, 36.0, 35.0, 27.0]
[12.0, 18.0, 18.0, 12.0, 8.0, 12.0]
[12.0, 18.0, 18.0, 8.0, 12.0, 8.0]
T = 0.40960000000000013	 step = 179
98.52000000000004
16.06134627525252
[24.0, 32.0, 11.0, 10.0, 36.0, 8.0]
[30.0, 11.0, 10.0, 36.0, 35.0, 27.0]
[12.0, 18.0, 18.0, 12.0, 8.0, 12.0]
[12.0, 18.0, 18.0, 8.0, 12.0, 8.0]
T = 0.40960000000000013	 step = 180
98.51000000000005
16.255159406565653
[24.0, 32.0, 11.0, 10.0, 35.0, 8.0]
[30.0, 11.0, 10.0, 36.0, 35.0, 27.0]
[12.0, 18.0, 18.0, 12.0, 8.0, 12.0]
[12.0, 18.0, 18.0, 8.0, 12.0, 8.0]
T = 0.40960000000000013	 step = 181
98.5
16.477381628787878
[24.0, 32.0, 11.0, 9.0, 35.0, 8.0]
[30.0, 11.0, 10.0, 36.0, 35.0, 27.0]
[12.0, 18.0, 18.0, 12.0, 8.0, 12.0]
[12.0, 18.0, 18.0, 8.0, 12.0, 8.0]
T = 0.40960000000000013	 step = 182
99.28000000000003
16.22359375
[24.0, 32.0, 12.0, 9.0, 35.0, 8.0]
[30.0, 11.0, 10.0, 36.0, 35.0, 27.0]
[12.0, 18.0, 18.0, 12.0, 8.0, 12.0]
[12.0, 18.0, 18.0, 8.0, 12.0, 8.0]
T = 0.40960000000000013	 step = 183
99.28000000000003
16.22359375
[24.0, 32.0, 12.0, 9.0, 35.0, 8.0]
[30.0, 11.0, 10.0, 36.0, 35.0, 27.0]
[12.0, 18.0, 18.0, 12.0, 8.0, 12.0]
[12.0, 18.0, 18.0, 8.0, 12.0, 8.0]
T = 0.40960000000000013	 step = 184
99.29000000000002
16.001371527777774
[24.0, 32.0, 12.0, 10.0, 35.0, 8.0]
[30.0, 11.0, 10.0, 36.0, 35.0, 27.0]
[12.0, 18.0, 18.0, 12.0, 8.0, 12.0]
[12.0, 18.0, 18.0, 8.0, 12.0, 8.0]
T = 0.40960000000000013	 step = 185
99.33000000000004
15.779149305555555
[24.0, 32.0, 12.0, 10.0, 35.0, 8.0]
[30.0, 11.0, 10.0, 36.0, 34.0, 27.0]
[12.0, 18.0, 18.0, 12.0, 8.0, 12.0]
[12.0, 18.0, 18.0, 8.0, 12.0, 8.0]
T = 0.40960000000000013	 step = 186
99.04000000000002
16.001371527777774
[24.0, 32.0, 12.0, 10.0, 35.0, 8.0]
[30.0, 10.0, 10.0, 36.0, 34.0, 27.0]
[12.0, 18.0, 18.0, 12.0, 8.0, 12.0]
[12.0, 18.0, 18.0, 8.0, 12.0, 8.0]
T = 0.40960000000000013	 step = 187
99.33000000000004
15.779149305555555
[24.0, 32.0, 12.0, 10.0, 35.0, 8.0]
[30.0, 11.0, 10.0, 36.0, 34.0, 27.0]
[12.0, 18.0, 18.0, 12.0, 8.0, 12.0]
[12.0, 18.0, 18.0, 8.0, 12.0, 8.0]
T = 0.40960000000000013	 step = 188
99.04000000000002
16.001371527777774
[24.0, 32.0, 12.0, 10.0, 35.0, 8.0]
[30.0, 10.0, 10.0, 36.0, 34.0, 27.0]
[12.0, 18.0, 18.0, 12.0, 8.0, 12.0]
[12.0, 18.0, 18.0, 8.0, 12.0, 8.0]
T = 0.40960000000000013	 step = 189
99.33000000000004
15.779149305555555
[24.0, 32.0, 12.0, 10.0, 35.0, 8.0]
[30.0, 11.0, 10.0, 36.0, 34.0, 27.0]
[12.0, 18.0, 18.0, 12.0, 8.0, 12.0]
[12.0, 18.0, 18.0, 8.0, 12.0, 8.0]
T = 0.40960000000000013	 step = 190
99.32000000000005
16.001371527777774
[24.0, 32.0, 12.0, 9.0, 35.0, 8.0]
[30.0, 11.0, 10.0, 36.0, 34.0, 27.0]
[12.0, 18.0, 18.0, 12.0, 8.0, 12.0]
[12.0, 18.0, 18.0, 8.0, 12.0, 8.0]
T = 0.40960000000000013	 step = 191
100.86000000000001
15.747583648989897
[24.0, 32.0, 13.0, 9.0, 35.0, 8.0]
[30.0, 11.0, 10.0, 36.0, 34.0, 27.0]
[12.0, 18.0, 18.0, 12.0, 8.0, 12.0]
[12.0, 18.0, 18.0, 8.0, 12.0, 8.0]
T = 0.40960000000000013	 step = 192
99.55000000000001
15.779149305555555
[24.0, 32.0, 12.0, 9.0, 35.0, 8.0]
[30.0, 12.0, 10.0, 36.0, 34.0, 27.0]
[12.0, 18.0, 18.0, 12.0, 8.0, 12.0]
[12.0, 18.0, 18.0, 8.0, 12.0, 8.0]
T = 0.40960000000000013	 step = 193
99.54000000000002
15.585336174242423
[24.0, 32.0, 12.0, 9.0, 36.0, 8.0]
[30.0, 12.0, 10.0, 36.0, 34.0, 27.0]
[12.0, 18.0, 18.0, 12.0, 8.0, 12.0]
[12.0, 18.0, 18.0, 8.0, 12.0, 8.0]
T = 0.40960000000000013	 step = 194
98.5
16.705948547979794
[24.0, 32.0, 12.0, 9.0, 36.0, 8.0]
[35.0, 12.0, 10.0, 36.0, 34.0, 27.0]
[12.0, 18.0, 18.0, 12.0, 8.0, 12.0]
[12.0, 18.0, 18.0, 8.0, 12.0, 8.0]
T = 0.40960000000000013	 step = 195
98.51000000000005
16.324635416666663
[23.0, 32.0, 12.0, 9.0, 36.0, 8.0]
[35.0, 12.0, 10.0, 36.0, 34.0, 27.0]
[12.0, 18.0, 18.0, 12.0, 8.0, 12.0]
[12.0, 18.0, 18.0, 8.0, 12.0, 8.0]
T = 0.40960000000000013	 step = 196
98.52000000000004
16.518448547979794
[23.0, 32.0, 12.0, 9.0, 35.0, 8.0]
[35.0, 12.0, 10.0, 36.0, 34.0, 27.0]
[12.0, 18.0, 18.0, 12.0, 8.0, 12.0]
[12.0, 18.0, 18.0, 8.0, 12.0, 8.0]
T = 0.40960000000000013	 step = 197
100.06
16.264660669191915
[23.0, 32.0, 13.0, 9.0, 35.0, 8.0]
[35.0, 12.0, 10.0, 36.0, 34.0, 27.0]
[12.0, 18.0, 18.0, 12.0, 8.0, 12.0]
[12.0, 18.0, 18.0, 8.0, 12.0, 8.0]
T = 0.40960000000000013	 step = 198
98.73000000000002
16.10336016414141
[23.0, 32.0, 12.0, 9.0, 35.0, 8.0]
[34.0, 12.0, 10.0, 36.0, 34.0, 27.0]
[12.0, 18.0, 18.0, 12.0, 8.0, 12.0]
[12.0, 18.0, 18.0, 8.0, 12.0, 8.0]
T = 0.40960000000000013	 step = 199
98.76000000000005
15.881137941919189
[23.0, 32.0, 12.0, 9.0, 35.0, 8.0]
[34.0, 12.0, 10.0, 36.0, 33.0, 27.0]
[12.0, 18.0, 18.0, 12.0, 8.0, 12.0]
[12.0, 18.0, 18.0, 8.0, 12.0, 8.0]
T = 0.40960000000000013	 step = 200
98.72000000000003
15.849572285353533
[23.0, 32.0, 12.0, 9.0, 35.0, 7.0]
[34.0, 12.0, 10.0, 36.0, 33.0, 27.0]
[12.0, 18.0, 18.0, 12.0, 8.0, 12.0]
[12.0, 18.0, 18.0, 8.0, 12.0, 8.0]
T = 0.40960000000000013	 step = 201
98.75
15.627350063131312
[23.0, 32.0, 12.0, 9.0, 35.0, 7.0]
[34.0, 12.0, 10.0, 36.0, 32.0, 27.0]
[12.0, 18.0, 18.0, 12.0, 8.0, 12.0]
[12.0, 18.0, 18.0, 8.0, 12.0, 8.0]
T = 0.40960000000000013	 step = 202
100.28000000000003
15.373562184343433
[23.0, 32.0, 13.0, 9.0, 35.0, 7.0]
[34.0, 12.0, 10.0, 36.0, 32.0, 27.0]
[12.0, 18.0, 18.0, 12.0, 8.0, 12.0]
[12.0, 18.0, 18.0, 8.0, 12.0, 8.0]
T = 0.40960000000000013	 step = 203
98.75
15.627350063131312
[23.0, 32.0, 12.0, 9.0, 35.0, 7.0]
[34.0, 12.0, 10.0, 36.0, 32.0, 27.0]
[12.0, 18.0, 18.0, 12.0, 8.0, 12.0]
[12.0, 18.0, 18.0, 8.0, 12.0, 8.0]
T = 0.40960000000000013	 step = 204
98.72000000000003
15.849572285353533
[23.0, 32.0, 12.0, 9.0, 35.0, 7.0]
[34.0, 12.0, 10.0, 36.0, 33.0, 27.0]
[12.0, 18.0, 18.0, 12.0, 8.0, 12.0]
[12.0, 18.0, 18.0, 8.0, 12.0, 8.0]
T = 0.40960000000000013	 step = 205
98.71000000000004
16.071794507575756
[23.0, 32.0, 12.0, 8.0, 35.0, 7.0]
[34.0, 12.0, 10.0, 36.0, 33.0, 27.0]
[12.0, 18.0, 18.0, 12.0, 8.0, 12.0]
[12.0, 18.0, 18.0, 8.0, 12.0, 8.0]
T = 0.40960000000000013	 step = 206
98.72000000000003
15.849572285353533
[23.0, 32.0, 12.0, 9.0, 35.0, 7.0]
[34.0, 12.0, 10.0, 36.0, 33.0, 27.0]
[12.0, 18.0, 18.0, 12.0, 8.0, 12.0]
[12.0, 18.0, 18.0, 8.0, 12.0, 8.0]
T = 0.40960000000000013	 step = 207
98.84000000000003
15.376718749999998
[23.0, 32.0, 12.0, 9.0, 34.0, 7.0]
[34.0, 12.0, 10.0, 36.0, 30.0, 27.0]
[12.0, 18.0, 18.0, 12.0, 8.0, 12.0]
[12.0, 18.0, 18.0, 8.0, 12.0, 8.0]
T = 0.40960000000000013	 step = 208
98.14000000000004
15.630506628787874
[23.0, 32.0, 11.0, 9.0, 34.0, 7.0]
[34.0, 12.0, 10.0, 36.0, 30.0, 27.0]
[12.0, 18.0, 18.0, 12.0, 8.0, 12.0]
[12.0, 18.0, 18.0, 8.0, 12.0, 8.0]
T = 0.40960000000000013	 step = 209
98.15000000000003
15.408284406565652
[23.0, 32.0, 11.0, 9.0, 34.0, 7.0]
[34.0, 12.0, 10.0, 36.0, 30.0, 26.0]
[12.0, 18.0, 18.0, 12.0, 8.0, 12.0]
[12.0, 18.0, 18.0, 8.0, 12.0, 8.0]
T = 0.40960000000000013	 step = 210
98.13
15.630506628787874
[23.0, 32.0, 11.0, 8.0, 34.0, 7.0]
[34.0, 12.0, 10.0, 36.0, 30.0, 26.0]
[12.0, 18.0, 18.0, 12.0, 8.0, 12.0]
[12.0, 18.0, 18.0, 8.0, 12.0, 8.0]
T = 0.40960000000000013	 step = 211
98.46000000000004
15.186062184343433
[23.0, 32.0, 11.0, 8.0, 34.0, 7.0]
[34.0, 12.0, 11.0, 36.0, 30.0, 26.0]
[12.0, 18.0, 18.0, 12.0, 8.0, 12.0]
[12.0, 18.0, 18.0, 8.0, 12.0, 8.0]
T = 0.32768000000000014	 step = 212
98.48000000000002
15.408284406565654
[23.0, 32.0, 11.0, 8.0, 34.0, 7.0]
[34.0, 11.0, 11.0, 36.0, 30.0, 26.0]
[12.0, 18.0, 18.0, 12.0, 8.0, 12.0]
[12.0, 18.0, 18.0, 8.0, 12.0, 8.0]
T = 0.32768000000000014	 step = 213
98.43
15.630506628787876
[23.0, 32.0, 11.0, 8.0, 34.0, 7.0]
[34.0, 11.0, 11.0, 36.0, 30.0, 27.0]
[12.0, 18.0, 18.0, 12.0, 8.0, 12.0]
[12.0, 18.0, 18.0, 8.0, 12.0, 8.0]
T = 0.32768000000000014	 step = 214
98.61000000000001
15.408284406565654
[23.0, 32.0, 11.0, 8.0, 34.0, 7.0]
[34.0, 11.0, 12.0, 36.0, 30.0, 27.0]
[12.0, 18.0, 18.0, 12.0, 8.0, 12.0]
[12.0, 18.0, 18.0, 8.0, 12.0, 8.0]
T = 0.32768000000000014	 step = 215
98.87
15.186062184343433
[23.0, 32.0, 11.0, 8.0, 34.0, 7.0]
[34.0, 11.0, 13.0, 36.0, 30.0, 27.0]
[12.0, 18.0, 18.0, 12.0, 8.0, 12.0]
[12.0, 18.0, 18.0, 8.0, 12.0, 8.0]
T = 0.32768000000000014	 step = 216
98.85000000000002
15.408284406565654
[23.0, 32.0, 11.0, 8.0, 34.0, 7.0]
[34.0, 11.0, 13.0, 36.0, 31.0, 27.0]
[12.0, 18.0, 18.0, 12.0, 8.0, 12.0]
[12.0, 18.0, 18.0, 8.0, 12.0, 8.0]
T = 0.32768000000000014	 step = 217
98.89000000000004
14.96383996212121
[23.0, 32.0, 11.0, 8.0, 34.0, 7.0]
[34.0, 12.0, 13.0, 36.0, 31.0, 27.0]
[12.0, 18.0, 18.0, 12.0, 8.0, 12.0]
[12.0, 18.0, 18.0, 8.0, 12.0, 8.0]
T = 0.32768000000000014	 step = 218
98.91000000000003
14.995405618686867
[23.0, 32.0, 11.0, 8.0, 34.0, 8.0]
[34.0, 12.0, 13.0, 36.0, 31.0, 27.0]
[12.0, 18.0, 18.0, 12.0, 8.0, 12.0]
[12.0, 18.0, 18.0, 8.0, 12.0, 8.0]
T = 0.32768000000000014	 step = 219
98.75
15.41049400252525
[23.0, 32.0, 11.0, 8.0, 34.0, 8.0]
[35.0, 12.0, 13.0, 36.0, 31.0, 27.0]
[12.0, 18.0, 18.0, 12.0, 8.0, 12.0]
[12.0, 18.0, 18.0, 8.0, 12.0, 8.0]
T = 0.32768000000000014	 step = 220
98.76000000000005
15.555064709595957
[23.0, 32.0, 11.0, 8.0, 34.0, 9.0]
[35.0, 12.0, 13.0, 36.0, 31.0, 27.0]
[12.0, 18.0, 18.0, 12.0, 8.0, 12.0]
[12.0, 18.0, 18.0, 8.0, 12.0, 8.0]
T = 0.32768000000000014	 step = 221
98.76000000000005
15.77728693181818
[23.0, 32.0, 11.0, 7.0, 34.0, 9.0]
[35.0, 12.0, 13.0, 36.0, 31.0, 27.0]
[12.0, 18.0, 18.0, 12.0, 8.0, 12.0]
[12.0, 18.0, 18.0, 8.0, 12.0, 8.0]
T = 0.32768000000000014	 step = 222
98.76000000000005
15.555064709595957
[23.0, 32.0, 11.0, 8.0, 34.0, 9.0]
[35.0, 12.0, 13.0, 36.0, 31.0, 27.0]
[12.0, 18.0, 18.0, 12.0, 8.0, 12.0]
[12.0, 18.0, 18.0, 8.0, 12.0, 8.0]
T = 0.32768000000000014	 step = 223
98.72000000000003
15.362198547979796
[23.0, 32.0, 11.0, 8.0, 34.0, 9.0]
[35.0, 12.0, 13.0, 37.0, 31.0, 27.0]
[12.0, 18.0, 18.0, 12.0, 8.0, 12.0]
[12.0, 18.0, 18.0, 8.0, 12.0, 8.0]
T = 0.32768000000000014	 step = 224
97.86000000000001
15.728991477272725
[23.0, 32.0, 10.0, 8.0, 34.0, 9.0]
[35.0, 12.0, 13.0, 37.0, 31.0, 27.0]
[12.0, 18.0, 18.0, 12.0, 8.0, 12.0]
[12.0, 18.0, 18.0, 8.0, 12.0, 8.0]
T = 0.32768000000000014	 step = 225
97.59000000000003
15.951213699494946
[23.0, 32.0, 10.0, 8.0, 34.0, 9.0]
[35.0, 12.0, 12.0, 37.0, 31.0, 27.0]
[12.0, 18.0, 18.0, 12.0, 8.0, 12.0]
[12.0, 18.0, 18.0, 8.0, 12.0, 8.0]
T = 0.32768000000000014	 step = 226
98.31
15.694141414141413
[23.0, 31.0, 10.0, 8.0, 34.0, 9.0]
[35.0, 12.0, 12.0, 37.0, 31.0, 27.0]
[12.0, 18.0, 18.0, 12.0, 8.0, 12.0]
[12.0, 18.0, 18.0, 8.0, 12.0, 8.0]
T = 0.32768000000000014	 step = 227
98.65000000000003
16.254222695707067
[23.0, 30.0, 10.0, 8.0, 34.0, 9.0]
[35.0, 10.0, 12.0, 37.0, 31.0, 27.0]
[12.0, 18.0, 18.0, 12.0, 8.0, 12.0]
[12.0, 18.0, 18.0, 8.0, 12.0, 8.0]
T = 0.32768000000000014	 step = 228
97.71000000000004
15.728991477272725
[23.0, 32.0, 10.0, 8.0, 34.0, 9.0]
[35.0, 13.0, 12.0, 37.0, 31.0, 27.0]
[12.0, 18.0, 18.0, 12.0, 8.0, 12.0]
[12.0, 18.0, 18.0, 8.0, 12.0, 8.0]
T = 0.32768000000000014	 step = 229
97.88
15.47760732323232
[23.0, 32.0, 10.0, 8.0, 34.0, 9.0]
[34.0, 13.0, 12.0, 37.0, 31.0, 27.0]
[12.0, 18.0, 18.0, 12.0, 8.0, 12.0]
[12.0, 18.0, 18.0, 8.0, 12.0, 8.0]
T = 0.32768000000000014	 step = 230
97.91000000000003
15.509172979797977
[23.0, 32.0, 10.0, 8.0, 34.0, 10.0]
[34.0, 13.0, 12.0, 37.0, 31.0, 27.0]
[12.0, 18.0, 18.0, 12.0, 8.0, 12.0]
[12.0, 18.0, 18.0, 8.0, 12.0, 8.0]
T = 0.32768000000000014	 step = 231
97.97000000000003
15.286950757575754
[23.0, 32.0, 10.0, 8.0, 34.0, 10.0]
[34.0, 13.0, 12.0, 37.0, 30.0, 27.0]
[12.0, 18.0, 18.0, 12.0, 8.0, 12.0]
[12.0, 18.0, 18.0, 8.0, 12.0, 8.0]
T = 0.32768000000000014	 step = 232
97.97000000000003
15.064728535353533
[23.0, 32.0, 10.0, 8.0, 34.0, 10.0]
[34.0, 13.0, 12.0, 37.0, 30.0, 26.0]
[12.0, 18.0, 18.0, 12.0, 8.0, 12.0]
[12.0, 18.0, 18.0, 8.0, 12.0, 8.0]
T = 0.32768000000000014	 step = 233
97.92000000000002
15.286950757575754
[23.0, 32.0, 10.0, 8.0, 34.0, 10.0]
[34.0, 13.0, 12.0, 37.0, 31.0, 26.0]
[12.0, 18.0, 18.0, 12.0, 8.0, 12.0]
[12.0, 18.0, 18.0, 8.0, 12.0, 8.0]
T = 0.32768000000000014	 step = 234
97.93
15.064728535353533
[23.0, 32.0, 10.0, 9.0, 34.0, 10.0]
[34.0, 13.0, 12.0, 37.0, 31.0, 26.0]
[12.0, 18.0, 18.0, 12.0, 8.0, 12.0]
[12.0, 18.0, 18.0, 8.0, 12.0, 8.0]
T = 0.32768000000000014	 step = 235
97.92000000000002
15.286950757575754
[23.0, 32.0, 10.0, 8.0, 34.0, 10.0]
[34.0, 13.0, 12.0, 37.0, 31.0, 26.0]
[12.0, 18.0, 18.0, 12.0, 8.0, 12.0]
[12.0, 18.0, 18.0, 8.0, 12.0, 8.0]
T = 0.32768000000000014	 step = 236
97.90000000000003
15.509172979797977
[23.0, 32.0, 10.0, 7.0, 34.0, 10.0]
[34.0, 13.0, 12.0, 37.0, 31.0, 26.0]
[12.0, 18.0, 18.0, 12.0, 8.0, 12.0]
[12.0, 18.0, 18.0, 8.0, 12.0, 8.0]
T = 0.32768000000000014	 step = 237
97.87
15.47760732323232
[23.0, 32.0, 10.0, 7.0, 34.0, 9.0]
[34.0, 13.0, 12.0, 37.0, 31.0, 26.0]
[12.0, 18.0, 18.0, 12.0, 8.0, 12.0]
[12.0, 18.0, 18.0, 8.0, 12.0, 8.0]
T = 0.32768000000000014	 step = 238
98.57000000000005
15.112367424242422
[23.0, 32.0, 11.0, 7.0, 34.0, 9.0]
[34.0, 13.0, 12.0, 37.0, 31.0, 26.0]
[12.0, 18.0, 18.0, 12.0, 8.0, 12.0]
[12.0, 18.0, 18.0, 8.0, 12.0, 8.0]
T = 0.32768000000000014	 step = 239
98.61000000000001
15.139976325757573
[23.0, 32.0, 11.0, 7.0, 34.0, 9.0]
[34.0, 13.0, 12.0, 36.0, 31.0, 26.0]
[12.0, 18.0, 18.0, 12.0, 8.0, 12.0]
[12.0, 18.0, 18.0, 8.0, 12.0, 8.0]
T = 0.32768000000000014	 step = 240
97.89000000000004
15.506769255050502
[23.0, 32.0, 10.0, 7.0, 34.0, 9.0]
[34.0, 13.0, 12.0, 36.0, 31.0, 26.0]
[12.0, 18.0, 18.0, 12.0, 8.0, 12.0]
[12.0, 18.0, 18.0, 8.0, 12.0, 8.0]
T = 0.32768000000000014	 step = 241
97.92000000000002
15.53833491161616
[23.0, 32.0, 10.0, 7.0, 34.0, 10.0]
[34.0, 13.0, 12.0, 36.0, 31.0, 26.0]
[12.0, 18.0, 18.0, 12.0, 8.0, 12.0]
[12.0, 18.0, 18.0, 8.0, 12.0, 8.0]
T = 0.32768000000000014	 step = 242
97.92000000000002
15.344521780303028
[23.0, 32.0, 10.0, 7.0, 35.0, 10.0]
[34.0, 13.0, 12.0, 36.0, 31.0, 26.0]
[12.0, 18.0, 18.0, 12.0, 8.0, 12.0]
[12.0, 18.0, 18.0, 8.0, 12.0, 8.0]
T = 0.32768000000000014	 step = 243
97.97000000000003
15.72415404040404
[24.0, 32.0, 10.0, 7.0, 35.0, 10.0]
[34.0, 13.0, 12.0, 36.0, 31.0, 26.0]
[12.0, 18.0, 18.0, 12.0, 8.0, 12.0]
[12.0, 18.0, 18.0, 8.0, 12.0, 8.0]
T = 0.32768000000000014	 step = 244
97.92000000000002
15.344521780303028
[23.0, 32.0, 10.0, 7.0, 35.0, 10.0]
[34.0, 13.0, 12.0, 36.0, 31.0, 26.0]
[12.0, 18.0, 18.0, 12.0, 8.0, 12.0]
[12.0, 18.0, 18.0, 8.0, 12.0, 8.0]
T = 0.32768000000000014	 step = 245
98.60000000000002
15.090733901515149
[23.0, 32.0, 11.0, 7.0, 35.0, 10.0]
[34.0, 13.0, 12.0, 36.0, 31.0, 26.0]
[12.0, 18.0, 18.0, 12.0, 8.0, 12.0]
[12.0, 18.0, 18.0, 8.0, 12.0, 8.0]
T = 0.32768000000000014	 step = 246
97.92000000000002
15.150708648989896
[23.0, 32.0, 10.0, 7.0, 36.0, 10.0]
[34.0, 13.0, 12.0, 36.0, 31.0, 26.0]
[12.0, 18.0, 18.0, 12.0, 8.0, 12.0]
[12.0, 18.0, 18.0, 8.0, 12.0, 8.0]
T = 0.32768000000000014	 step = 247
97.97000000000003
15.530340909090905
[24.0, 32.0, 10.0, 7.0, 36.0, 10.0]
[34.0, 13.0, 12.0, 36.0, 31.0, 26.0]
[12.0, 18.0, 18.0, 12.0, 8.0, 12.0]
[12.0, 18.0, 18.0, 8.0, 12.0, 8.0]
T = 0.32768000000000014	 step = 248
98.26000000000005
15.308118686868683
[24.0, 32.0, 10.0, 7.0, 36.0, 10.0]
[34.0, 14.0, 12.0, 36.0, 31.0, 26.0]
[12.0, 18.0, 18.0, 12.0, 8.0, 12.0]
[12.0, 18.0, 18.0, 8.0, 12.0, 8.0]
T = 0.32768000000000014	 step = 249
98.42000000000002
15.085896464646462
[24.0, 32.0, 10.0, 7.0, 36.0, 10.0]
[34.0, 15.0, 12.0, 36.0, 31.0, 26.0]
[12.0, 18.0, 18.0, 12.0, 8.0, 12.0]
[12.0, 18.0, 18.0, 8.0, 12.0, 8.0]
T = 0.32768000000000014	 step = 250
98.35000000000002
15.530340909090908
[24.0, 32.0, 10.0, 7.0, 36.0, 10.0]
[34.0, 15.0, 11.0, 36.0, 31.0, 26.0]
[12.0, 18.0, 18.0, 12.0, 8.0, 12.0]
[12.0, 18.0, 18.0, 8.0, 12.0, 8.0]
T = 0.32768000000000014	 step = 251
98.33000000000004
15.500965909090906
[24.0, 32.0, 10.0, 7.0, 36.0, 10.0]
[34.0, 15.0, 11.0, 37.0, 31.0, 26.0]
[12.0, 18.0, 18.0, 12.0, 8.0, 12.0]
[12.0, 18.0, 18.0, 8.0, 12.0, 8.0]
T = 0.32768000000000014	 step = 252
98.35000000000002
15.530340909090908
[24.0, 32.0, 10.0, 7.0, 36.0, 10.0]
[34.0, 15.0, 11.0, 36.0, 31.0, 26.0]
[12.0, 18.0, 18.0, 12.0, 8.0, 12.0]
[12.0, 18.0, 18.0, 8.0, 12.0, 8.0]
T = 0.32768000000000014	 step = 253
98.87
14.53801294191919
[23.0, 32.0, 10.0, 7.0, 36.0, 10.0]
[31.0, 15.0, 11.0, 36.0, 31.0, 26.0]
[12.0, 18.0, 18.0, 12.0, 8.0, 12.0]
[12.0, 18.0, 18.0, 8.0, 12.0, 8.0]
T = 0.2621440000000001	 step = 254
98.78000000000003
14.982457386363635
[23.0, 32.0, 10.0, 7.0, 36.0, 10.0]
[31.0, 15.0, 10.0, 36.0, 31.0, 26.0]
[12.0, 18.0, 18.0, 12.0, 8.0, 12.0]
[12.0, 18.0, 18.0, 8.0, 12.0, 8.0]
T = 0.2621440000000001	 step = 255
98.76000000000005
15.112192234848484
[23.0, 32.0, 10.0, 7.0, 36.0, 10.0]
[31.0, 15.0, 10.0, 37.0, 31.0, 26.0]
[12.0, 18.0, 18.0, 12.0, 8.0, 12.0]
[12.0, 18.0, 18.0, 8.0, 12.0, 8.0]
T = 0.2621440000000001	 step = 256
98.73000000000002
15.07332544191919
[23.0, 32.0, 10.0, 7.0, 37.0, 10.0]
[31.0, 15.0, 10.0, 37.0, 31.0, 26.0]
[12.0, 18.0, 18.0, 12.0, 8.0, 12.0]
[12.0, 18.0, 18.0, 8.0, 12.0, 8.0]
T = 0.2621440000000001	 step = 257
98.76000000000005
15.112192234848484
[23.0, 32.0, 10.0, 7.0, 36.0, 10.0]
[31.0, 15.0, 10.0, 37.0, 31.0, 26.0]
[12.0, 18.0, 18.0, 12.0, 8.0, 12.0]
[12.0, 18.0, 18.0, 8.0, 12.0, 8.0]
T = 0.2621440000000001	 step = 258
98.75
14.851103219696967
[23.0, 32.0, 10.0, 7.0, 37.0, 10.0]
[31.0, 15.0, 10.0, 37.0, 31.0, 25.0]
[12.0, 18.0, 18.0, 12.0, 8.0, 12.0]
[12.0, 18.0, 18.0, 8.0, 12.0, 8.0]
T = 0.2621440000000001	 step = 259
100.43
15.942904040404036
[23.0, 29.0, 10.0, 7.0, 37.0, 10.0]
[31.0, 11.0, 10.0, 37.0, 31.0, 25.0]
[12.0, 18.0, 18.0, 12.0, 8.0, 12.0]
[12.0, 18.0, 18.0, 8.0, 12.0, 8.0]
T = 0.2621440000000001	 step = 260
98.77000000000004
14.628880997474745
[23.0, 32.0, 10.0, 8.0, 37.0, 10.0]
[31.0, 15.0, 10.0, 37.0, 31.0, 25.0]
[12.0, 18.0, 18.0, 12.0, 8.0, 12.0]
[12.0, 18.0, 18.0, 8.0, 12.0, 8.0]
T = 0.2621440000000001	 step = 261
99.66000000000003
14.69609059343434
[23.0, 31.0, 10.0, 8.0, 37.0, 10.0]
[31.0, 15.0, 10.0, 37.0, 31.0, 25.0]
[12.0, 18.0, 18.0, 12.0, 8.0, 12.0]
[12.0, 18.0, 18.0, 8.0, 12.0, 8.0]
T = 0.2621440000000001	 step = 262
98.87
14.1844365530303
[23.0, 32.0, 10.0, 8.0, 37.0, 10.0]
[31.0, 15.0, 11.0, 37.0, 31.0, 25.0]
[12.0, 18.0, 18.0, 12.0, 8.0, 12.0]
[12.0, 18.0, 18.0, 8.0, 12.0, 8.0]
T = 0.2621440000000001	 step = 263
98.80000000000001
14.008300189393937
[23.0, 32.0, 10.0, 8.0, 37.0, 8.0]
[31.0, 15.0, 11.0, 37.0, 31.0, 25.0]
[12.0, 18.0, 18.0, 12.0, 8.0, 12.0]
[12.0, 18.0, 18.0, 8.0, 12.0, 8.0]
T = 0.2621440000000001	 step = 264
98.71000000000004
14.452744633838382
[23.0, 32.0, 10.0, 8.0, 37.0, 8.0]
[31.0, 15.0, 10.0, 37.0, 31.0, 25.0]
[12.0, 18.0, 18.0, 12.0, 8.0, 12.0]
[12.0, 18.0, 18.0, 8.0, 12.0, 8.0]
T = 0.2621440000000001	 step = 265
98.80000000000001
14.008300189393937
[23.0, 32.0, 10.0, 8.0, 37.0, 8.0]
[31.0, 15.0, 11.0, 37.0, 31.0, 25.0]
[12.0, 18.0, 18.0, 12.0, 8.0, 12.0]
[12.0, 18.0, 18.0, 8.0, 12.0, 8.0]
T = 0.2621440000000001	 step = 266
98.79000000000002
14.230522411616159
[23.0, 32.0, 10.0, 7.0, 37.0, 8.0]
[31.0, 15.0, 11.0, 37.0, 31.0, 25.0]
[12.0, 18.0, 18.0, 12.0, 8.0, 12.0]
[12.0, 18.0, 18.0, 8.0, 12.0, 8.0]
T = 0.2621440000000001	 step = 267
98.63
14.452744633838382
[23.0, 32.0, 10.0, 7.0, 37.0, 8.0]
[31.0, 14.0, 11.0, 37.0, 31.0, 25.0]
[12.0, 18.0, 18.0, 12.0, 8.0, 12.0]
[12.0, 18.0, 18.0, 8.0, 12.0, 8.0]
T = 0.2621440000000001	 step = 268
98.79000000000002
14.230522411616159
[23.0, 32.0, 10.0, 7.0, 37.0, 8.0]
[31.0, 15.0, 11.0, 37.0, 31.0, 25.0]
[12.0, 18.0, 18.0, 12.0, 8.0, 12.0]
[12.0, 18.0, 18.0, 8.0, 12.0, 8.0]
T = 0.2621440000000001	 step = 269
98.77000000000004
14.452744633838382
[23.0, 32.0, 10.0, 7.0, 37.0, 8.0]
[31.0, 15.0, 11.0, 37.0, 31.0, 26.0]
[12.0, 18.0, 18.0, 12.0, 8.0, 12.0]
[12.0, 18.0, 18.0, 8.0, 12.0, 8.0]
T = 0.2621440000000001	 step = 270
98.79000000000002
14.597315340909088
[23.0, 32.0, 10.0, 7.0, 37.0, 9.0]
[31.0, 15.0, 11.0, 37.0, 31.0, 26.0]
[12.0, 18.0, 18.0, 12.0, 8.0, 12.0]
[12.0, 18.0, 18.0, 8.0, 12.0, 8.0]
T = 0.2621440000000001	 step = 271
98.87
14.152870896464643
[23.0, 32.0, 10.0, 7.0, 37.0, 9.0]
[31.0, 15.0, 12.0, 37.0, 31.0, 26.0]
[12.0, 18.0, 18.0, 12.0, 8.0, 12.0]
[12.0, 18.0, 18.0, 8.0, 12.0, 8.0]
T = 0.2621440000000001	 step = 272
98.88
14.023136047979797
[23.0, 32.0, 10.0, 7.0, 37.0, 9.0]
[31.0, 15.0, 12.0, 36.0, 31.0, 26.0]
[12.0, 18.0, 18.0, 12.0, 8.0, 12.0]
[12.0, 18.0, 18.0, 8.0, 12.0, 8.0]
T = 0.2621440000000001	 step = 273
98.89000000000004
13.901014835858584
[23.0, 32.0, 10.0, 7.0, 37.0, 9.0]
[31.0, 15.0, 12.0, 35.0, 31.0, 26.0]
[12.0, 18.0, 18.0, 12.0, 8.0, 12.0]
[12.0, 18.0, 18.0, 8.0, 12.0, 8.0]
T = 0.2621440000000001	 step = 274
99.81
13.968224431818179
[23.0, 31.0, 10.0, 7.0, 37.0, 9.0]
[31.0, 15.0, 12.0, 35.0, 31.0, 26.0]
[12.0, 18.0, 18.0, 12.0, 8.0, 12.0]
[12.0, 18.0, 18.0, 8.0, 12.0, 8.0]
T = 0.2621440000000001	 step = 275
98.92000000000002
13.93258049242424
[23.0, 32.0, 10.0, 7.0, 37.0, 10.0]
[31.0, 15.0, 12.0, 35.0, 31.0, 26.0]
[12.0, 18.0, 18.0, 12.0, 8.0, 12.0]
[12.0, 18.0, 18.0, 8.0, 12.0, 8.0]
T = 0.2621440000000001	 step = 276
98.95000000000005
13.710358270202018
[23.0, 32.0, 10.0, 8.0, 37.0, 10.0]
[31.0, 15.0, 12.0, 35.0, 31.0, 26.0]
[12.0, 18.0, 18.0, 12.0, 8.0, 12.0]
[12.0, 18.0, 18.0, 8.0, 12.0, 8.0]
T = 0.2621440000000001	 step = 277
99.04000000000002
14.08977746212121
[24.0, 32.0, 10.0, 8.0, 37.0, 10.0]
[31.0, 15.0, 12.0, 35.0, 31.0, 26.0]
[12.0, 18.0, 18.0, 12.0, 8.0, 12.0]
[12.0, 18.0, 18.0, 8.0, 12.0, 8.0]
T = 0.2621440000000001	 step = 278
98.98000000000002
14.311999684343432
[24.0, 32.0, 10.0, 8.0, 37.0, 10.0]
[31.0, 15.0, 12.0, 35.0, 32.0, 26.0]
[12.0, 18.0, 18.0, 12.0, 8.0, 12.0]
[12.0, 18.0, 18.0, 8.0, 12.0, 8.0]
T = 0.2621440000000001	 step = 279
99.0
14.08977746212121
[24.0, 32.0, 10.0, 9.0, 37.0, 10.0]
[31.0, 15.0, 12.0, 35.0, 32.0, 26.0]
[12.0, 18.0, 18.0, 12.0, 8.0, 12.0]
[12.0, 18.0, 18.0, 8.0, 12.0, 8.0]
T = 0.2621440000000001	 step = 280
99.13
14.469196654040402
[25.0, 32.0, 10.0, 9.0, 37.0, 10.0]
[31.0, 15.0, 12.0, 35.0, 32.0, 26.0]
[12.0, 18.0, 18.0, 12.0, 8.0, 12.0]
[12.0, 18.0, 18.0, 8.0, 12.0, 8.0]
T = 0.2621440000000001	 step = 281
99.08000000000004
14.691418876262624
[25.0, 32.0, 10.0, 9.0, 37.0, 10.0]
[31.0, 15.0, 12.0, 35.0, 33.0, 26.0]
[12.0, 18.0, 18.0, 12.0, 8.0, 12.0]
[12.0, 18.0, 18.0, 8.0, 12.0, 8.0]
T = 0.2621440000000001	 step = 282
99.11000000000001
14.913641098484847
[25.0, 32.0, 10.0, 9.0, 37.0, 11.0]
[31.0, 15.0, 12.0, 35.0, 33.0, 26.0]
[12.0, 18.0, 18.0, 12.0, 8.0, 12.0]
[12.0, 18.0, 18.0, 8.0, 12.0, 8.0]
T = 0.2621440000000001	 step = 283
99.18
15.299002525252522
[26.0, 32.0, 10.0, 9.0, 37.0, 11.0]
[31.0, 15.0, 12.0, 35.0, 33.0, 26.0]
[12.0, 18.0, 18.0, 12.0, 8.0, 12.0]
[12.0, 18.0, 18.0, 8.0, 12.0, 8.0]
T = 0.2621440000000001	 step = 284
98.94
15.560213068181815
[26.0, 32.0, 10.0, 9.0, 37.0, 11.0]
[32.0, 15.0, 12.0, 35.0, 33.0, 26.0]
[12.0, 18.0, 18.0, 12.0, 8.0, 12.0]
[12.0, 18.0, 18.0, 8.0, 12.0, 8.0]
T = 0.2621440000000001	 step = 285
98.98000000000002
15.782435290404038
[26.0, 32.0, 10.0, 9.0, 37.0, 12.0]
[32.0, 15.0, 12.0, 35.0, 33.0, 26.0]
[12.0, 18.0, 18.0, 12.0, 8.0, 12.0]
[12.0, 18.0, 18.0, 8.0, 12.0, 8.0]
T = 0.2621440000000001	 step = 286
99.85000000000002
15.913117108585855
[26.0, 31.0, 10.0, 9.0, 37.0, 12.0]
[32.0, 15.0, 12.0, 35.0, 33.0, 26.0]
[12.0, 18.0, 18.0, 12.0, 8.0, 12.0]
[12.0, 18.0, 18.0, 8.0, 12.0, 8.0]
T = 0.2621440000000001	 step = 287
100.10000000000002
15.651906565656562
[26.0, 31.0, 10.0, 9.0, 37.0, 12.0]
[31.0, 15.0, 12.0, 35.0, 33.0, 26.0]
[12.0, 18.0, 18.0, 12.0, 8.0, 12.0]
[12.0, 18.0, 18.0, 8.0, 12.0, 8.0]
T = 0.2621440000000001	 step = 288
99.85000000000002
15.913117108585855
[26.0, 31.0, 10.0, 9.0, 37.0, 12.0]
[32.0, 15.0, 12.0, 35.0, 33.0, 26.0]
[12.0, 18.0, 18.0, 12.0, 8.0, 12.0]
[12.0, 18.0, 18.0, 8.0, 12.0, 8.0]
T = 0.2621440000000001	 step = 289
100.30000000000001
16.043798926767675
[26.0, 30.0, 10.0, 9.0, 37.0, 12.0]
[32.0, 15.0, 12.0, 35.0, 33.0, 26.0]
[12.0, 18.0, 18.0, 12.0, 8.0, 12.0]
[12.0, 18.0, 18.0, 8.0, 12.0, 8.0]
T = 0.2621440000000001	 step = 290
100.35000000000002
16.266021148989896
[26.0, 30.0, 10.0, 9.0, 37.0, 13.0]
[32.0, 15.0, 12.0, 35.0, 33.0, 26.0]
[12.0, 18.0, 18.0, 12.0, 8.0, 12.0]
[12.0, 18.0, 18.0, 8.0, 12.0, 8.0]
T = 0.2621440000000001	 step = 291
100.30000000000001
16.043798926767675
[26.0, 30.0, 10.0, 9.0, 37.0, 12.0]
[32.0, 15.0, 12.0, 35.0, 33.0, 26.0]
[12.0, 18.0, 18.0, 12.0, 8.0, 12.0]
[12.0, 18.0, 18.0, 8.0, 12.0, 8.0]
T = 0.2621440000000001	 step = 292
100.35000000000002
15.821576704545452
[26.0, 30.0, 10.0, 9.0, 37.0, 12.0]
[32.0, 15.0, 12.0, 35.0, 32.0, 26.0]
[12.0, 18.0, 18.0, 12.0, 8.0, 12.0]
[12.0, 18.0, 18.0, 8.0, 12.0, 8.0]
T = 0.2621440000000001	 step = 293
100.40000000000003
15.599354482323228
[26.0, 30.0, 10.0, 9.0, 37.0, 12.0]
[32.0, 15.0, 12.0, 35.0, 31.0, 26.0]
[12.0, 18.0, 18.0, 12.0, 8.0, 12.0]
[12.0, 18.0, 18.0, 8.0, 12.0, 8.0]
T = 0.2621440000000001	 step = 294
100.38
15.560366161616159
[26.0, 30.0, 10.0, 9.0, 37.0, 12.0]
[32.0, 15.0, 12.0, 36.0, 31.0, 26.0]
[12.0, 18.0, 18.0, 12.0, 8.0, 12.0]
[12.0, 18.0, 18.0, 8.0, 12.0, 8.0]
T = 0.2621440000000001	 step = 295
100.34000000000003
15.78258838383838
[26.0, 30.0, 10.0, 9.0, 37.0, 12.0]
[32.0, 15.0, 12.0, 36.0, 32.0, 26.0]
[12.0, 18.0, 18.0, 12.0, 8.0, 12.0]
[12.0, 18.0, 18.0, 8.0, 12.0, 8.0]
T = 0.2097152000000001	 step = 296
100.30000000000001
15.560366161616159
[26.0, 30.0, 10.0, 9.0, 37.0, 11.0]
[32.0, 15.0, 12.0, 36.0, 32.0, 26.0]
[12.0, 18.0, 18.0, 12.0, 8.0, 12.0]
[12.0, 18.0, 18.0, 8.0, 12.0, 8.0]
T = 0.2097152000000001	 step = 297
100.30000000000001
15.560366161616159
[26.0, 30.0, 10.0, 9.0, 37.0, 11.0]
[32.0, 15.0, 12.0, 36.0, 32.0, 26.0]
[12.0, 18.0, 18.0, 12.0, 8.0, 12.0]
[12.0, 18.0, 18.0, 8.0, 12.0, 8.0]
T = 0.2097152000000001	 step = 298
100.88
15.115921717171714
[26.0, 30.0, 11.0, 9.0, 37.0, 11.0]
[32.0, 15.0, 12.0, 36.0, 32.0, 26.0]
[12.0, 18.0, 18.0, 12.0, 8.0, 12.0]
[12.0, 18.0, 18.0, 8.0, 12.0, 8.0]
T = 0.2097152000000001	 step = 299
100.92000000000002
14.893699494949493
[26.0, 30.0, 11.0, 9.0, 37.0, 11.0]
[32.0, 15.0, 12.0, 36.0, 31.0, 26.0]
[12.0, 18.0, 18.0, 12.0, 8.0, 12.0]
[12.0, 18.0, 18.0, 8.0, 12.0, 8.0]
T = 0.2097152000000001	 step = 300
100.88
14.449255050505048
[25.0, 30.0, 11.0, 9.0, 37.0, 11.0]
[32.0, 15.0, 12.0, 36.0, 31.0, 26.0]
[12.0, 18.0, 18.0, 12.0, 8.0, 12.0]
[12.0, 18.0, 18.0, 8.0, 12.0, 8.0]
T = 0.2097152000000001	 step = 301
100.85000000000002
14.41768939393939
[25.0, 30.0, 11.0, 9.0, 37.0, 10.0]
[32.0, 15.0, 12.0, 36.0, 31.0, 26.0]
[12.0, 18.0, 18.0, 12.0, 8.0, 12.0]
[12.0, 18.0, 18.0, 8.0, 12.0, 8.0]
T = 0.2097152000000001	 step = 302
100.88
14.449255050505048
[25.0, 30.0, 11.0, 9.0, 37.0, 11.0]
[32.0, 15.0, 12.0, 36.0, 31.0, 26.0]
[12.0, 18.0, 18.0, 12.0, 8.0, 12.0]
[12.0, 18.0, 18.0, 8.0, 12.0, 8.0]
T = 0.2097152000000001	 step = 303
100.40000000000003
14.31857323232323
[25.0, 31.0, 11.0, 9.0, 37.0, 11.0]
[32.0, 15.0, 12.0, 36.0, 31.0, 26.0]
[12.0, 18.0, 18.0, 12.0, 8.0, 12.0]
[12.0, 18.0, 18.0, 8.0, 12.0, 8.0]
T = 0.2097152000000001	 step = 304
100.44
14.540795454545451
[25.0, 31.0, 11.0, 9.0, 37.0, 12.0]
[32.0, 15.0, 12.0, 36.0, 31.0, 26.0]
[12.0, 18.0, 18.0, 12.0, 8.0, 12.0]
[12.0, 18.0, 18.0, 8.0, 12.0, 8.0]
T = 0.2097152000000001	 step = 305
100.43
14.763017676767674
[25.0, 31.0, 11.0, 9.0, 37.0, 12.0]
[32.0, 15.0, 12.0, 36.0, 31.0, 27.0]
[12.0, 18.0, 18.0, 12.0, 8.0, 12.0]
[12.0, 18.0, 18.0, 8.0, 12.0, 8.0]
T = 0.2097152000000001	 step = 306
100.33000000000004
15.207462121212119
[25.0, 31.0, 11.0, 9.0, 37.0, 12.0]
[32.0, 15.0, 11.0, 36.0, 31.0, 27.0]
[12.0, 18.0, 18.0, 12.0, 8.0, 12.0]
[12.0, 18.0, 18.0, 8.0, 12.0, 8.0]
T = 0.2097152000000001	 step = 307
100.36000000000001
15.0767803030303
[25.0, 31.0, 11.0, 9.0, 36.0, 12.0]
[32.0, 15.0, 11.0, 36.0, 31.0, 27.0]
[12.0, 18.0, 18.0, 12.0, 8.0, 12.0]
[12.0, 18.0, 18.0, 8.0, 12.0, 8.0]
T = 0.2097152000000001	 step = 308
100.13
15.337990845959593
[25.0, 31.0, 11.0, 9.0, 36.0, 12.0]
[33.0, 15.0, 11.0, 36.0, 31.0, 27.0]
[12.0, 18.0, 18.0, 12.0, 8.0, 12.0]
[12.0, 18.0, 18.0, 8.0, 12.0, 8.0]
T = 0.2097152000000001	 step = 309
100.11000000000001
15.299002525252522
[25.0, 31.0, 11.0, 9.0, 36.0, 12.0]
[33.0, 15.0, 11.0, 37.0, 31.0, 27.0]
[12.0, 18.0, 18.0, 12.0, 8.0, 12.0]
[12.0, 18.0, 18.0, 8.0, 12.0, 8.0]
T = 0.2097152000000001	 step = 310
100.72000000000003
14.854558080808077
[25.0, 31.0, 12.0, 9.0, 36.0, 12.0]
[33.0, 15.0, 11.0, 37.0, 31.0, 27.0]
[12.0, 18.0, 18.0, 12.0, 8.0, 12.0]
[12.0, 18.0, 18.0, 8.0, 12.0, 8.0]
T = 0.2097152000000001	 step = 311
99.77000000000004
14.95406092171717
[25.0, 32.0, 12.0, 9.0, 36.0, 12.0]
[33.0, 15.0, 11.0, 37.0, 31.0, 27.0]
[12.0, 18.0, 18.0, 12.0, 8.0, 12.0]
[12.0, 18.0, 18.0, 8.0, 12.0, 8.0]
T = 0.2097152000000001	 step = 312
99.75
14.915194128787876
[25.0, 32.0, 12.0, 9.0, 37.0, 12.0]
[33.0, 15.0, 11.0, 37.0, 31.0, 27.0]
[12.0, 18.0, 18.0, 12.0, 8.0, 12.0]
[12.0, 18.0, 18.0, 8.0, 12.0, 8.0]
T = 0.2097152000000001	 step = 313
99.60000000000002
16.258914141414138
[25.0, 31.0, 12.0, 9.0, 37.0, 12.0]
[33.0, 10.0, 11.0, 37.0, 31.0, 27.0]
[12.0, 18.0, 18.0, 12.0, 8.0, 12.0]
[12.0, 18.0, 18.0, 8.0, 12.0, 8.0]
T = 0.2097152000000001	 step = 314
99.73000000000002
15.1374163510101
[25.0, 32.0, 12.0, 8.0, 37.0, 12.0]
[33.0, 15.0, 11.0, 37.0, 31.0, 27.0]
[12.0, 18.0, 18.0, 12.0, 8.0, 12.0]
[12.0, 18.0, 18.0, 8.0, 12.0, 8.0]
T = 0.2097152000000001	 step = 315
99.61000000000001
15.581860795454542
[25.0, 32.0, 12.0, 8.0, 37.0, 12.0]
[33.0, 15.0, 10.0, 37.0, 31.0, 27.0]
[12.0, 18.0, 18.0, 12.0, 8.0, 12.0]
[12.0, 18.0, 18.0, 8.0, 12.0, 8.0]
T = 0.2097152000000001	 step = 316
99.68
15.35963857323232
[25.0, 32.0, 12.0, 8.0, 37.0, 12.0]
[33.0, 15.0, 11.0, 37.0, 32.0, 27.0]
[12.0, 18.0, 18.0, 12.0, 8.0, 12.0]
[12.0, 18.0, 18.0, 8.0, 12.0, 8.0]
T = 0.2097152000000001	 step = 317
99.76000000000005
15.176283143939393
[25.0, 32.0, 12.0, 8.0, 36.0, 12.0]
[33.0, 15.0, 11.0, 37.0, 31.0, 27.0]
[12.0, 18.0, 18.0, 12.0, 8.0, 12.0]
[12.0, 18.0, 18.0, 8.0, 12.0, 8.0]
T = 0.2097152000000001	 step = 318
99.73000000000002
15.398505366161615
[25.0, 32.0, 12.0, 8.0, 36.0, 12.0]
[33.0, 15.0, 11.0, 37.0, 31.0, 28.0]
[12.0, 18.0, 18.0, 12.0, 8.0, 12.0]
[12.0, 18.0, 18.0, 8.0, 12.0, 8.0]
T = 0.2097152000000001	 step = 319
100.67000000000002
15.299002525252522
[25.0, 31.0, 12.0, 8.0, 36.0, 12.0]
[33.0, 15.0, 11.0, 37.0, 31.0, 28.0]
[12.0, 18.0, 18.0, 12.0, 8.0, 12.0]
[12.0, 18.0, 18.0, 8.0, 12.0, 8.0]
T = 0.2097152000000001	 step = 320
99.71000000000004
15.35963857323232
[25.0, 32.0, 12.0, 8.0, 37.0, 12.0]
[33.0, 15.0, 11.0, 37.0, 31.0, 28.0]
[12.0, 18.0, 18.0, 12.0, 8.0, 12.0]
[12.0, 18.0, 18.0, 8.0, 12.0, 8.0]
T = 0.2097152000000001	 step = 321
99.68
15.328072916666665
[25.0, 32.0, 12.0, 8.0, 37.0, 11.0]
[33.0, 15.0, 11.0, 37.0, 31.0, 28.0]
[12.0, 18.0, 18.0, 12.0, 8.0, 12.0]
[12.0, 18.0, 18.0, 8.0, 12.0, 8.0]
T = 0.2097152000000001	 step = 322
99.48000000000002
15.589283459595956
[25.0, 32.0, 12.0, 8.0, 37.0, 11.0]
[34.0, 15.0, 11.0, 37.0, 31.0, 28.0]
[12.0, 18.0, 18.0, 12.0, 8.0, 12.0]
[12.0, 18.0, 18.0, 8.0, 12.0, 8.0]
T = 0.2097152000000001	 step = 323
98.32000000000005
16.730407196969693
[25.0, 32.0, 10.0, 8.0, 37.0, 11.0]
[34.0, 15.0, 10.0, 37.0, 31.0, 28.0]
[12.0, 18.0, 18.0, 12.0, 8.0, 12.0]
[12.0, 18.0, 18.0, 8.0, 12.0, 8.0]
T = 0.2097152000000001	 step = 324
98.20000000000005
16.95262941919192
[25.0, 32.0, 10.0, 8.0, 37.0, 11.0]
[34.0, 14.0, 10.0, 37.0, 31.0, 28.0]
[12.0, 18.0, 18.0, 12.0, 8.0, 12.0]
[12.0, 18.0, 18.0, 8.0, 12.0, 8.0]
T = 0.2097152000000001	 step = 325
98.11000000000001
16.573210227272725
[24.0, 32.0, 10.0, 8.0, 37.0, 11.0]
[34.0, 14.0, 10.0, 37.0, 31.0, 28.0]
[12.0, 18.0, 18.0, 12.0, 8.0, 12.0]
[12.0, 18.0, 18.0, 8.0, 12.0, 8.0]
T = 0.2097152000000001	 step = 326
98.09000000000003
16.795432449494946
[24.0, 32.0, 10.0, 7.0, 37.0, 11.0]
[34.0, 14.0, 10.0, 37.0, 31.0, 28.0]
[12.0, 18.0, 18.0, 12.0, 8.0, 12.0]
[12.0, 18.0, 18.0, 8.0, 12.0, 8.0]
T = 0.2097152000000001	 step = 327
98.93
16.862642045454542
[24.0, 31.0, 10.0, 7.0, 37.0, 11.0]
[34.0, 14.0, 10.0, 37.0, 31.0, 28.0]
[12.0, 18.0, 18.0, 12.0, 8.0, 12.0]
[12.0, 18.0, 18.0, 8.0, 12.0, 8.0]
T = 0.2097152000000001	 step = 328
98.11000000000001
16.83429924242424
[24.0, 32.0, 10.0, 7.0, 36.0, 11.0]
[34.0, 14.0, 10.0, 37.0, 31.0, 28.0]
[12.0, 18.0, 18.0, 12.0, 8.0, 12.0]
[12.0, 18.0, 18.0, 8.0, 12.0, 8.0]
T = 0.2097152000000001	 step = 329
98.13
16.61207702020202
[24.0, 32.0, 10.0, 8.0, 36.0, 11.0]
[34.0, 14.0, 10.0, 37.0, 31.0, 28.0]
[12.0, 18.0, 18.0, 12.0, 8.0, 12.0]
[12.0, 18.0, 18.0, 8.0, 12.0, 8.0]
T = 0.2097152000000001	 step = 330
98.22000000000003
16.99149621212121
[25.0, 32.0, 10.0, 8.0, 36.0, 11.0]
[34.0, 14.0, 10.0, 37.0, 31.0, 28.0]
[12.0, 18.0, 18.0, 12.0, 8.0, 12.0]
[12.0, 18.0, 18.0, 8.0, 12.0, 8.0]
T = 0.2097152000000001	 step = 331
98.24000000000001
16.769273989898988
[25.0, 32.0, 10.0, 8.0, 36.0, 11.0]
[34.0, 14.0, 10.0, 37.0, 31.0, 27.0]
[12.0, 18.0, 18.0, 12.0, 8.0, 12.0]
[12.0, 18.0, 18.0, 8.0, 12.0, 8.0]
T = 0.2097152000000001	 step = 332
98.44
16.508063446969697
[25.0, 32.0, 10.0, 8.0, 36.0, 11.0]
[33.0, 14.0, 10.0, 37.0, 31.0, 27.0]
[12.0, 18.0, 18.0, 12.0, 8.0, 12.0]
[12.0, 18.0, 18.0, 8.0, 12.0, 8.0]
T = 0.2097152000000001	 step = 333
98.47000000000003
16.730285669191918
[25.0, 32.0, 10.0, 8.0, 36.0, 12.0]
[33.0, 14.0, 10.0, 37.0, 31.0, 27.0]
[12.0, 18.0, 18.0, 12.0, 8.0, 12.0]
[12.0, 18.0, 18.0, 8.0, 12.0, 8.0]
T = 0.2097152000000001	 step = 334
98.40000000000003
16.285841224747475
[25.0, 32.0, 10.0, 8.0, 36.0, 10.0]
[33.0, 14.0, 10.0, 37.0, 31.0, 27.0]
[12.0, 18.0, 18.0, 12.0, 8.0, 12.0]
[12.0, 18.0, 18.0, 8.0, 12.0, 8.0]
T = 0.2097152000000001	 step = 335
98.54000000000002
16.06361900252525
[25.0, 32.0, 10.0, 8.0, 36.0, 10.0]
[33.0, 15.0, 10.0, 37.0, 31.0, 27.0]
[12.0, 18.0, 18.0, 12.0, 8.0, 12.0]
[12.0, 18.0, 18.0, 8.0, 12.0, 8.0]
T = 0.2097152000000001	 step = 336
98.34000000000003
16.32482954545454
[25.0, 32.0, 10.0, 8.0, 36.0, 10.0]
[34.0, 15.0, 10.0, 37.0, 31.0, 27.0]
[12.0, 18.0, 18.0, 12.0, 8.0, 12.0]
[12.0, 18.0, 18.0, 8.0, 12.0, 8.0]
T = 0.2097152000000001	 step = 337
98.28000000000003
16.547051767676766
[25.0, 32.0, 10.0, 8.0, 36.0, 10.0]
[34.0, 15.0, 10.0, 37.0, 32.0, 27.0]
[12.0, 18.0, 18.0, 12.0, 8.0, 12.0]
[12.0, 18.0, 18.0, 8.0, 12.0, 8.0]
T = 0.1677721600000001	 step = 338
98.35000000000002
16.32482954545454
[25.0, 32.0, 10.0, 8.0, 36.0, 11.0]
[34.0, 15.0, 10.0, 37.0, 32.0, 25.0]
[12.0, 18.0, 18.0, 12.0, 8.0, 12.0]
[12.0, 18.0, 18.0, 8.0, 12.0, 8.0]
T = 0.1677721600000001	 step = 339
98.33000000000004
16.547051767676766
[25.0, 32.0, 10.0, 7.0, 36.0, 11.0]
[34.0, 15.0, 10.0, 37.0, 32.0, 25.0]
[12.0, 18.0, 18.0, 12.0, 8.0, 12.0]
[12.0, 18.0, 18.0, 8.0, 12.0, 8.0]
T = 0.1677721600000001	 step = 340
98.35000000000002
16.32482954545454
[25.0, 32.0, 10.0, 8.0, 36.0, 11.0]
[34.0, 15.0, 10.0, 37.0, 32.0, 25.0]
[12.0, 18.0, 18.0, 12.0, 8.0, 12.0]
[12.0, 18.0, 18.0, 8.0, 12.0, 8.0]
T = 0.1677721600000001	 step = 341
98.45000000000005
15.880385101010098
[25.0, 32.0, 10.0, 8.0, 36.0, 11.0]
[34.0, 15.0, 11.0, 37.0, 32.0, 25.0]
[12.0, 18.0, 18.0, 12.0, 8.0, 12.0]
[12.0, 18.0, 18.0, 8.0, 12.0, 8.0]
T = 0.1677721600000001	 step = 342
98.95000000000005
15.437493686868683
[25.0, 32.0, 11.0, 8.0, 36.0, 11.0]
[34.0, 15.0, 11.0, 37.0, 32.0, 25.0]
[12.0, 18.0, 18.0, 12.0, 8.0, 12.0]
[12.0, 18.0, 18.0, 8.0, 12.0, 8.0]
T = 0.1677721600000001	 step = 343
98.65000000000003
15.619174558080807
[25.0, 32.0, 10.0, 8.0, 36.0, 11.0]
[33.0, 15.0, 11.0, 37.0, 32.0, 25.0]
[12.0, 18.0, 18.0, 12.0, 8.0, 12.0]
[12.0, 18.0, 18.0, 8.0, 12.0, 8.0]
T = 0.1677721600000001	 step = 344
98.70000000000005
15.396952335858586
[25.0, 32.0, 10.0, 8.0, 36.0, 11.0]
[33.0, 15.0, 11.0, 37.0, 31.0, 25.0]
[12.0, 18.0, 18.0, 12.0, 8.0, 12.0]
[12.0, 18.0, 18.0, 8.0, 12.0, 8.0]
T = 0.1677721600000001	 step = 345
98.70000000000005
15.396952335858586
[25.0, 32.0, 10.0, 8.0, 36.0, 11.0]
[33.0, 15.0, 11.0, 37.0, 31.0, 25.0]
[12.0, 18.0, 18.0, 12.0, 8.0, 12.0]
[12.0, 18.0, 18.0, 8.0, 12.0, 8.0]
T = 0.1677721600000001	 step = 346
98.60000000000002
15.017533143939394
[24.0, 32.0, 10.0, 8.0, 36.0, 11.0]
[33.0, 15.0, 11.0, 37.0, 31.0, 25.0]
[12.0, 18.0, 18.0, 12.0, 8.0, 12.0]
[12.0, 18.0, 18.0, 8.0, 12.0, 8.0]
T = 0.1677721600000001	 step = 347
98.57000000000005
15.239755366161615
[24.0, 32.0, 10.0, 8.0, 36.0, 11.0]
[33.0, 15.0, 11.0, 37.0, 31.0, 26.0]
[12.0, 18.0, 18.0, 12.0, 8.0, 12.0]
[12.0, 18.0, 18.0, 8.0, 12.0, 8.0]
T = 0.1677721600000001	 step = 348
98.77000000000004
15.139654356060602
[24.0, 32.0, 10.0, 8.0, 36.0, 11.0]
[32.0, 15.0, 11.0, 37.0, 31.0, 26.0]
[12.0, 18.0, 18.0, 12.0, 8.0, 12.0]
[12.0, 18.0, 18.0, 8.0, 12.0, 8.0]
T = 0.1677721600000001	 step = 349
98.57000000000005
15.239755366161615
[24.0, 32.0, 10.0, 8.0, 36.0, 11.0]
[33.0, 15.0, 11.0, 37.0, 31.0, 26.0]
[12.0, 18.0, 18.0, 12.0, 8.0, 12.0]
[12.0, 18.0, 18.0, 8.0, 12.0, 8.0]
T = 0.1677721600000001	 step = 350
99.07000000000005
14.796863952020201
[24.0, 32.0, 11.0, 8.0, 36.0, 11.0]
[33.0, 15.0, 11.0, 37.0, 31.0, 26.0]
[12.0, 18.0, 18.0, 12.0, 8.0, 12.0]
[12.0, 18.0, 18.0, 8.0, 12.0, 8.0]
T = 0.1677721600000001	 step = 351
98.56
15.461977588383839
[24.0, 32.0, 10.0, 8.0, 36.0, 11.0]
[33.0, 15.0, 11.0, 37.0, 31.0, 27.0]
[12.0, 18.0, 18.0, 12.0, 8.0, 12.0]
[12.0, 18.0, 18.0, 8.0, 12.0, 8.0]
T = 0.1677721600000001	 step = 352
99.43
15.35963857323232
[24.0, 31.0, 10.0, 8.0, 36.0, 11.0]
[33.0, 15.0, 11.0, 37.0, 31.0, 27.0]
[12.0, 18.0, 18.0, 12.0, 8.0, 12.0]
[12.0, 18.0, 18.0, 8.0, 12.0, 8.0]
T = 0.1677721600000001	 step = 353
99.40000000000003
15.581860795454542
[24.0, 31.0, 10.0, 8.0, 36.0, 11.0]
[33.0, 15.0, 11.0, 37.0, 31.0, 28.0]
[12.0, 18.0, 18.0, 12.0, 8.0, 12.0]
[12.0, 18.0, 18.0, 8.0, 12.0, 8.0]
T = 0.1677721600000001	 step = 354
99.43
15.35963857323232
[24.0, 31.0, 10.0, 8.0, 36.0, 11.0]
[33.0, 15.0, 11.0, 37.0, 31.0, 27.0]
[12.0, 18.0, 18.0, 12.0, 8.0, 12.0]
[12.0, 18.0, 18.0, 8.0, 12.0, 8.0]
T = 0.1677721600000001	 step = 355
99.23000000000002
15.620849116161613
[24.0, 31.0, 10.0, 8.0, 36.0, 11.0]
[34.0, 15.0, 11.0, 37.0, 31.0, 27.0]
[12.0, 18.0, 18.0, 12.0, 8.0, 12.0]
[12.0, 18.0, 18.0, 8.0, 12.0, 8.0]
T = 0.1677721600000001	 step = 356
99.21000000000004
15.843071338383835
[24.0, 31.0, 10.0, 7.0, 36.0, 11.0]
[34.0, 15.0, 11.0, 37.0, 31.0, 27.0]
[12.0, 18.0, 18.0, 12.0, 8.0, 12.0]
[12.0, 18.0, 18.0, 8.0, 12.0, 8.0]
T = 0.1677721600000001	 step = 357
99.21000000000004
15.88193813131313
[24.0, 31.0, 10.0, 7.0, 35.0, 11.0]
[34.0, 15.0, 11.0, 37.0, 31.0, 27.0]
[12.0, 18.0, 18.0, 12.0, 8.0, 12.0]
[12.0, 18.0, 18.0, 8.0, 12.0, 8.0]
T = 0.1677721600000001	 step = 358
99.10000000000002
16.326382575757574
[24.0, 31.0, 10.0, 7.0, 35.0, 11.0]
[34.0, 15.0, 10.0, 37.0, 31.0, 27.0]
[12.0, 18.0, 18.0, 12.0, 8.0, 12.0]
[12.0, 18.0, 18.0, 8.0, 12.0, 8.0]
T = 0.1677721600000001	 step = 359
99.41000000000003
15.620727588383835
[24.0, 31.0, 10.0, 7.0, 35.0, 11.0]
[33.0, 15.0, 11.0, 37.0, 31.0, 27.0]
[12.0, 18.0, 18.0, 12.0, 8.0, 12.0]
[12.0, 18.0, 18.0, 8.0, 12.0, 8.0]
T = 0.1677721600000001	 step = 360
99.43
15.398505366161613
[24.0, 31.0, 10.0, 7.0, 35.0, 11.0]
[33.0, 15.0, 11.0, 37.0, 31.0, 26.0]
[12.0, 18.0, 18.0, 12.0, 8.0, 12.0]
[12.0, 18.0, 18.0, 8.0, 12.0, 8.0]
T = 0.1677721600000001	 step = 361
99.41000000000003
15.620727588383835
[24.0, 31.0, 10.0, 7.0, 35.0, 11.0]
[33.0, 15.0, 11.0, 37.0, 31.0, 27.0]
[12.0, 18.0, 18.0, 12.0, 8.0, 12.0]
[12.0, 18.0, 18.0, 8.0, 12.0, 8.0]
T = 0.1677721600000001	 step = 362
99.39000000000004
15.842949810606058
[24.0, 31.0, 10.0, 7.0, 35.0, 11.0]
[33.0, 15.0, 11.0, 37.0, 31.0, 28.0]
[12.0, 18.0, 18.0, 12.0, 8.0, 12.0]
[12.0, 18.0, 18.0, 8.0, 12.0, 8.0]
T = 0.1677721600000001	 step = 363
99.36000000000001
15.620727588383838
[24.0, 31.0, 10.0, 7.0, 35.0, 10.0]
[33.0, 15.0, 11.0, 37.0, 31.0, 28.0]
[12.0, 18.0, 18.0, 12.0, 8.0, 12.0]
[12.0, 18.0, 18.0, 8.0, 12.0, 8.0]
T = 0.1677721600000001	 step = 364
99.37
15.398505366161615
[24.0, 31.0, 10.0, 8.0, 35.0, 10.0]
[33.0, 15.0, 11.0, 37.0, 31.0, 28.0]
[12.0, 18.0, 18.0, 12.0, 8.0, 12.0]
[12.0, 18.0, 18.0, 8.0, 12.0, 8.0]
T = 0.1677721600000001	 step = 365
99.37
15.35963857323232
[24.0, 31.0, 10.0, 8.0, 36.0, 10.0]
[33.0, 15.0, 11.0, 37.0, 31.0, 28.0]
[12.0, 18.0, 18.0, 12.0, 8.0, 12.0]
[12.0, 18.0, 18.0, 8.0, 12.0, 8.0]
T = 0.1677721600000001	 step = 366
99.32000000000005
15.581860795454542
[24.0, 31.0, 10.0, 8.0, 36.0, 10.0]
[33.0, 15.0, 11.0, 37.0, 32.0, 28.0]
[12.0, 18.0, 18.0, 12.0, 8.0, 12.0]
[12.0, 18.0, 18.0, 8.0, 12.0, 8.0]
T = 0.1677721600000001	 step = 367
99.17000000000002
15.804083017676765
[24.0, 31.0, 10.0, 8.0, 36.0, 10.0]
[33.0, 14.0, 11.0, 37.0, 32.0, 28.0]
[12.0, 18.0, 18.0, 12.0, 8.0, 12.0]
[12.0, 18.0, 18.0, 8.0, 12.0, 8.0]
T = 0.1677721600000001	 step = 368
98.31
15.90642203282828
[24.0, 32.0, 10.0, 8.0, 36.0, 10.0]
[33.0, 14.0, 11.0, 37.0, 32.0, 28.0]
[12.0, 18.0, 18.0, 12.0, 8.0, 12.0]
[12.0, 18.0, 18.0, 8.0, 12.0, 8.0]
T = 0.1677721600000001	 step = 369
98.03000000000003
16.128644255050503
[24.0, 32.0, 10.0, 8.0, 36.0, 10.0]
[33.0, 13.0, 11.0, 37.0, 32.0, 28.0]
[12.0, 18.0, 18.0, 12.0, 8.0, 12.0]
[12.0, 18.0, 18.0, 8.0, 12.0, 8.0]
T = 0.1677721600000001	 step = 370
97.98000000000002
16.57308869949495
[24.0, 32.0, 10.0, 8.0, 36.0, 10.0]
[33.0, 13.0, 10.0, 37.0, 32.0, 28.0]
[12.0, 18.0, 18.0, 12.0, 8.0, 12.0]
[12.0, 18.0, 18.0, 8.0, 12.0, 8.0]
T = 0.1677721600000001	 step = 371
98.83000000000004
16.47074968434343
[24.0, 31.0, 10.0, 8.0, 36.0, 10.0]
[33.0, 13.0, 10.0, 37.0, 32.0, 28.0]
[12.0, 18.0, 18.0, 12.0, 8.0, 12.0]
[12.0, 18.0, 18.0, 8.0, 12.0, 8.0]
T = 0.1677721600000001	 step = 372
98.0
16.795310921717167
[24.0, 32.0, 10.0, 8.0, 36.0, 11.0]
[33.0, 13.0, 10.0, 37.0, 32.0, 28.0]
[12.0, 18.0, 18.0, 12.0, 8.0, 12.0]
[12.0, 18.0, 18.0, 8.0, 12.0, 8.0]
T = 0.1677721600000001	 step = 373
98.01000000000005
16.573088699494946
[24.0, 32.0, 10.0, 9.0, 36.0, 11.0]
[33.0, 13.0, 10.0, 37.0, 32.0, 28.0]
[12.0, 18.0, 18.0, 12.0, 8.0, 12.0]
[12.0, 18.0, 18.0, 8.0, 12.0, 8.0]
T = 0.1677721600000001	 step = 374
98.06
16.35086647727272
[24.0, 32.0, 10.0, 9.0, 36.0, 11.0]
[33.0, 13.0, 10.0, 37.0, 31.0, 28.0]
[12.0, 18.0, 18.0, 12.0, 8.0, 12.0]
[12.0, 18.0, 18.0, 8.0, 12.0, 8.0]
T = 0.1677721600000001	 step = 375
98.25
16.250765467171714
[24.0, 32.0, 10.0, 9.0, 36.0, 11.0]
[32.0, 13.0, 10.0, 37.0, 31.0, 28.0]
[12.0, 18.0, 18.0, 12.0, 8.0, 12.0]
[12.0, 18.0, 18.0, 8.0, 12.0, 8.0]
T = 0.1677721600000001	 step = 376
100.41000000000003
16.349154040404038
[24.0, 29.0, 10.0, 9.0, 36.0, 11.0]
[32.0, 13.0, 10.0, 37.0, 31.0, 28.0]
[12.0, 18.0, 18.0, 12.0, 8.0, 12.0]
[12.0, 18.0, 18.0, 8.0, 12.0, 8.0]
T = 0.1677721600000001	 step = 377
98.24000000000001
16.472987689393936
[24.0, 32.0, 10.0, 8.0, 36.0, 11.0]
[32.0, 13.0, 10.0, 37.0, 31.0, 28.0]
[12.0, 18.0, 18.0, 12.0, 8.0, 12.0]
[12.0, 18.0, 18.0, 8.0, 12.0, 8.0]
T = 0.1677721600000001	 step = 378
98.26000000000005
16.250765467171714
[24.0, 32.0, 10.0, 8.0, 36.0, 11.0]
[32.0, 13.0, 10.0, 37.0, 31.0, 27.0]
[12.0, 18.0, 18.0, 12.0, 8.0, 12.0]
[12.0, 18.0, 18.0, 8.0, 12.0, 8.0]
T = 0.1677721600000001	 step = 379
98.28000000000003
16.128644255050503
[24.0, 32.0, 10.0, 8.0, 36.0, 11.0]
[32.0, 13.0, 10.0, 36.0, 31.0, 27.0]
[12.0, 18.0, 18.0, 12.0, 8.0, 12.0]
[12.0, 18.0, 18.0, 8.0, 12.0, 8.0]
T = 0.13421772800000006	 step = 380
101.24000000000001
13.731838699494949
[24.0, 32.0, 13.0, 8.0, 36.0, 11.0]
[32.0, 13.0, 13.0, 36.0, 31.0, 27.0]
[12.0, 18.0, 18.0, 12.0, 8.0, 12.0]
[12.0, 18.0, 18.0, 8.0, 12.0, 8.0]
T = 0.13421772800000006	 step = 381
98.10000000000002
16.389854797979794
[24.0, 32.0, 10.0, 8.0, 36.0, 11.0]
[33.0, 13.0, 10.0, 36.0, 31.0, 27.0]
[12.0, 18.0, 18.0, 12.0, 8.0, 12.0]
[12.0, 18.0, 18.0, 8.0, 12.0, 8.0]
T = 0.13421772800000006	 step = 382
98.36000000000001
16.167632575757573
[24.0, 32.0, 10.0, 8.0, 36.0, 11.0]
[33.0, 14.0, 10.0, 36.0, 31.0, 27.0]
[12.0, 18.0, 18.0, 12.0, 8.0, 12.0]
[12.0, 18.0, 18.0, 8.0, 12.0, 8.0]
T = 0.13421772800000006	 step = 383
98.37
15.945410353535351
[24.0, 32.0, 10.0, 9.0, 36.0, 11.0]
[33.0, 14.0, 10.0, 36.0, 31.0, 27.0]
[12.0, 18.0, 18.0, 12.0, 8.0, 12.0]
[12.0, 18.0, 18.0, 8.0, 12.0, 8.0]
T = 0.13421772800000006	 step = 384
98.36000000000001
16.167632575757573
[24.0, 32.0, 10.0, 8.0, 36.0, 11.0]
[33.0, 14.0, 10.0, 36.0, 31.0, 27.0]
[12.0, 18.0, 18.0, 12.0, 8.0, 12.0]
[12.0, 18.0, 18.0, 8.0, 12.0, 8.0]
T = 0.13421772800000006	 step = 385
99.22000000000003
16.065293560606058
[24.0, 31.0, 10.0, 8.0, 36.0, 11.0]
[33.0, 14.0, 10.0, 36.0, 31.0, 27.0]
[12.0, 18.0, 18.0, 12.0, 8.0, 12.0]
[12.0, 18.0, 18.0, 8.0, 12.0, 8.0]
T = 0.13421772800000006	 step = 386
98.34000000000003
16.389854797979794
[24.0, 32.0, 10.0, 7.0, 36.0, 11.0]
[33.0, 14.0, 10.0, 36.0, 31.0, 27.0]
[12.0, 18.0, 18.0, 12.0, 8.0, 12.0]
[12.0, 18.0, 18.0, 8.0, 12.0, 8.0]
T = 0.13421772800000006	 step = 387
99.20000000000005
16.28751578282828
[24.0, 31.0, 10.0, 7.0, 36.0, 11.0]
[33.0, 14.0, 10.0, 36.0, 31.0, 27.0]
[12.0, 18.0, 18.0, 12.0, 8.0, 12.0]
[12.0, 18.0, 18.0, 8.0, 12.0, 8.0]
T = 0.13421772800000006	 step = 388
99.21000000000004
16.065293560606058
[24.0, 31.0, 10.0, 7.0, 36.0, 11.0]
[33.0, 14.0, 10.0, 36.0, 31.0, 26.0]
[12.0, 18.0, 18.0, 12.0, 8.0, 12.0]
[12.0, 18.0, 18.0, 8.0, 12.0, 8.0]
T = 0.13421772800000006	 step = 389
99.24000000000001
15.843071338383835
[24.0, 31.0, 10.0, 7.0, 36.0, 11.0]
[33.0, 14.0, 10.0, 36.0, 31.0, 25.0]
[12.0, 18.0, 18.0, 12.0, 8.0, 12.0]
[12.0, 18.0, 18.0, 8.0, 12.0, 8.0]
T = 0.13421772800000006	 step = 390
99.19
16.065293560606058
[24.0, 31.0, 10.0, 7.0, 36.0, 11.0]
[33.0, 14.0, 10.0, 36.0, 32.0, 25.0]
[12.0, 18.0, 18.0, 12.0, 8.0, 12.0]
[12.0, 18.0, 18.0, 8.0, 12.0, 8.0]
T = 0.13421772800000006	 step = 391
99.31
15.843071338383835
[24.0, 31.0, 10.0, 7.0, 36.0, 11.0]
[33.0, 15.0, 10.0, 36.0, 32.0, 25.0]
[12.0, 18.0, 18.0, 12.0, 8.0, 12.0]
[12.0, 18.0, 18.0, 8.0, 12.0, 8.0]
T = 0.13421772800000006	 step = 392
99.26000000000005
16.065293560606058
[24.0, 31.0, 10.0, 7.0, 36.0, 11.0]
[33.0, 15.0, 10.0, 36.0, 33.0, 25.0]
[12.0, 18.0, 18.0, 12.0, 8.0, 12.0]
[12.0, 18.0, 18.0, 8.0, 12.0, 8.0]
T = 0.13421772800000006	 step = 393
98.62
17.24645044191919
[24.0, 30.0, 10.0, 7.0, 36.0, 11.0]
[33.0, 10.0, 10.0, 36.0, 33.0, 25.0]
[12.0, 18.0, 18.0, 12.0, 8.0, 12.0]
[12.0, 18.0, 18.0, 8.0, 12.0, 8.0]
T = 0.13421772800000006	 step = 394
98.61000000000001
17.20746212121212
[24.0, 30.0, 10.0, 7.0, 36.0, 11.0]
[33.0, 10.0, 10.0, 37.0, 33.0, 25.0]
[12.0, 18.0, 18.0, 12.0, 8.0, 12.0]
[12.0, 18.0, 18.0, 8.0, 12.0, 8.0]
T = 0.13421772800000006	 step = 395
98.78000000000003
16.925580808080806
[24.0, 30.0, 10.0, 7.0, 36.0, 11.0]
[33.0, 10.0, 11.0, 37.0, 33.0, 25.0]
[12.0, 18.0, 18.0, 12.0, 8.0, 12.0]
[12.0, 18.0, 18.0, 8.0, 12.0, 8.0]
T = 0.13421772800000006	 step = 396
98.81
16.964569128787875
[24.0, 30.0, 10.0, 7.0, 36.0, 11.0]
[33.0, 10.0, 11.0, 36.0, 33.0, 25.0]
[12.0, 18.0, 18.0, 12.0, 8.0, 12.0]
[12.0, 18.0, 18.0, 8.0, 12.0, 8.0]
T = 0.13421772800000006	 step = 397
98.75
17.312315340909088
[25.0, 30.0, 10.0, 7.0, 36.0, 11.0]
[33.0, 10.0, 11.0, 37.0, 33.0, 25.0]
[12.0, 18.0, 18.0, 12.0, 8.0, 12.0]
[12.0, 18.0, 18.0, 8.0, 12.0, 8.0]
T = 0.13421772800000006	 step = 398
100.30000000000001
17.442997159090908
[25.0, 29.0, 10.0, 7.0, 36.0, 11.0]
[33.0, 10.0, 11.0, 37.0, 33.0, 25.0]
[12.0, 18.0, 18.0, 12.0, 8.0, 12.0]
[12.0, 18.0, 18.0, 8.0, 12.0, 8.0]
T = 0.13421772800000006	 step = 399
98.93
17.21221433080808
[25.0, 30.0, 10.0, 7.0, 36.0, 11.0]
[32.0, 10.0, 11.0, 37.0, 33.0, 25.0]
[12.0, 18.0, 18.0, 12.0, 8.0, 12.0]
[12.0, 18.0, 18.0, 8.0, 12.0, 8.0]
T = 0.13421772800000006	 step = 400
99.19
16.88513888888889
[25.0, 30.0, 10.0, 7.0, 36.0, 11.0]
[32.0, 11.0, 11.0, 37.0, 33.0, 25.0]
[12.0, 18.0, 18.0, 12.0, 8.0, 12.0]
[12.0, 18.0, 18.0, 8.0, 12.0, 8.0]
T = 0.13421772800000006	 step = 401
100.01000000000005
16.440694444444443
[25.0, 30.0, 11.0, 7.0, 36.0, 11.0]
[32.0, 11.0, 11.0, 37.0, 33.0, 25.0]
[12.0, 18.0, 18.0, 12.0, 8.0, 12.0]
[12.0, 18.0, 18.0, 8.0, 12.0, 8.0]
T = 0.13421772800000006	 step = 402
99.01000000000005
16.985239898989896
[25.0, 30.0, 10.0, 7.0, 36.0, 11.0]
[33.0, 11.0, 11.0, 37.0, 33.0, 25.0]
[12.0, 18.0, 18.0, 12.0, 8.0, 12.0]
[12.0, 18.0, 18.0, 8.0, 12.0, 8.0]
T = 0.13421772800000006	 step = 403
98.97000000000003
17.207462121212117
[25.0, 30.0, 10.0, 7.0, 36.0, 11.0]
[33.0, 11.0, 11.0, 37.0, 34.0, 25.0]
[12.0, 18.0, 18.0, 12.0, 8.0, 12.0]
[12.0, 18.0, 18.0, 8.0, 12.0, 8.0]
T = 0.13421772800000006	 step = 404
98.82000000000005
17.4757702020202
[25.0, 30.0, 10.0, 7.0, 36.0, 8.0]
[33.0, 11.0, 11.0, 37.0, 34.0, 28.0]
[12.0, 18.0, 18.0, 12.0, 8.0, 12.0]
[12.0, 18.0, 18.0, 8.0, 12.0, 8.0]
T = 0.13421772800000006	 step = 405
98.85000000000002
17.25354797979798
[25.0, 30.0, 10.0, 7.0, 36.0, 8.0]
[33.0, 11.0, 11.0, 37.0, 34.0, 27.0]
[12.0, 18.0, 18.0, 12.0, 8.0, 12.0]
[12.0, 18.0, 18.0, 8.0, 12.0, 8.0]
T = 0.13421772800000006	 step = 406
98.86000000000001
17.29411458333333
[25.0, 30.0, 10.0, 7.0, 36.0, 8.0]
[33.0, 11.0, 11.0, 36.0, 34.0, 27.0]
[12.0, 18.0, 18.0, 12.0, 8.0, 12.0]
[12.0, 18.0, 18.0, 8.0, 12.0, 8.0]
T = 0.13421772800000006	 step = 407
100.17000000000002
17.423218118686865
[25.0, 29.0, 10.0, 7.0, 36.0, 8.0]
[33.0, 11.0, 11.0, 36.0, 34.0, 27.0]
[12.0, 18.0, 18.0, 12.0, 8.0, 12.0]
[12.0, 18.0, 18.0, 8.0, 12.0, 8.0]
T = 0.13421772800000006	 step = 408
100.26000000000005
16.15052083333333
[22.0, 29.0, 10.0, 7.0, 36.0, 8.0]
[33.0, 11.0, 11.0, 36.0, 34.0, 27.0]
[12.0, 18.0, 18.0, 12.0, 8.0, 12.0]
[12.0, 18.0, 18.0, 8.0, 12.0, 8.0]
T = 0.13421772800000006	 step = 409
98.80000000000001
16.084864267676764
[22.0, 30.0, 10.0, 7.0, 36.0, 8.0]
[33.0, 11.0, 11.0, 36.0, 34.0, 27.0]
[12.0, 18.0, 18.0, 12.0, 8.0, 12.0]
[12.0, 18.0, 18.0, 8.0, 12.0, 8.0]
T = 0.13421772800000006	 step = 410
98.76000000000005
16.045875946969698
[22.0, 30.0, 10.0, 7.0, 36.0, 8.0]
[33.0, 11.0, 11.0, 37.0, 34.0, 27.0]
[12.0, 18.0, 18.0, 12.0, 8.0, 12.0]
[12.0, 18.0, 18.0, 8.0, 12.0, 8.0]
T = 0.13421772800000006	 step = 411
98.90000000000003
15.945774936868686
[22.0, 30.0, 10.0, 7.0, 36.0, 8.0]
[32.0, 11.0, 11.0, 37.0, 34.0, 27.0]
[12.0, 18.0, 18.0, 12.0, 8.0, 12.0]
[12.0, 18.0, 18.0, 8.0, 12.0, 8.0]
T = 0.13421772800000006	 step = 412
98.21000000000004
15.98021938131313
[22.0, 31.0, 10.0, 7.0, 36.0, 8.0]
[33.0, 11.0, 11.0, 37.0, 34.0, 27.0]
[12.0, 18.0, 18.0, 12.0, 8.0, 12.0]
[12.0, 18.0, 18.0, 8.0, 12.0, 8.0]
T = 0.13421772800000006	 step = 413
98.29000000000002
16.35963857323232
[23.0, 31.0, 10.0, 7.0, 36.0, 8.0]
[33.0, 11.0, 11.0, 37.0, 34.0, 27.0]
[12.0, 18.0, 18.0, 12.0, 8.0, 12.0]
[12.0, 18.0, 18.0, 8.0, 12.0, 8.0]
T = 0.13421772800000006	 step = 414
99.18
16.924034880050502
[25.0, 31.0, 10.0, 7.0, 36.0, 8.0]
[29.0, 11.0, 11.0, 37.0, 34.0, 27.0]
[12.0, 18.0, 18.0, 12.0, 8.0, 12.0]
[12.0, 18.0, 18.0, 8.0, 12.0, 8.0]
T = 0.13421772800000006	 step = 415
97.60000000000002
16.461977588383835
[23.0, 32.0, 10.0, 7.0, 36.0, 8.0]
[33.0, 11.0, 11.0, 37.0, 34.0, 27.0]
[12.0, 18.0, 18.0, 12.0, 8.0, 12.0]
[12.0, 18.0, 18.0, 8.0, 12.0, 8.0]
T = 0.13421772800000006	 step = 416
97.64000000000004
16.500965909090905
[23.0, 32.0, 10.0, 7.0, 36.0, 8.0]
[33.0, 11.0, 11.0, 36.0, 34.0, 27.0]
[12.0, 18.0, 18.0, 12.0, 8.0, 12.0]
[12.0, 18.0, 18.0, 8.0, 12.0, 8.0]
T = 0.13421772800000006	 step = 417
97.66000000000003
16.694779040404036
[23.0, 32.0, 10.0, 7.0, 35.0, 8.0]
[33.0, 11.0, 11.0, 36.0, 34.0, 27.0]
[12.0, 18.0, 18.0, 12.0, 8.0, 12.0]
[12.0, 18.0, 18.0, 8.0, 12.0, 8.0]
T = 0.13421772800000006	 step = 418
97.67000000000002
16.472556818181815
[23.0, 32.0, 10.0, 7.0, 35.0, 8.0]
[33.0, 11.0, 11.0, 36.0, 33.0, 27.0]
[12.0, 18.0, 18.0, 12.0, 8.0, 12.0]
[12.0, 18.0, 18.0, 8.0, 12.0, 8.0]
T = 0.13421772800000006	 step = 419
97.73000000000002
16.18426452020202
[22.0, 32.0, 10.0, 7.0, 35.0, 8.0]
[33.0, 11.0, 11.0, 36.0, 33.0, 27.0]
[12.0, 18.0, 18.0, 12.0, 8.0, 12.0]
[12.0, 18.0, 18.0, 8.0, 12.0, 8.0]
T = 0.13421772800000006	 step = 420
97.71000000000004
15.99045138888889
[22.0, 32.0, 10.0, 7.0, 36.0, 8.0]
[33.0, 11.0, 11.0, 36.0, 33.0, 27.0]
[12.0, 18.0, 18.0, 12.0, 8.0, 12.0]
[12.0, 18.0, 18.0, 8.0, 12.0, 8.0]
T = 0.13421772800000006	 step = 421
97.39000000000004
16.434895833333332
[22.0, 32.0, 10.0, 7.0, 36.0, 8.0]
[33.0, 11.0, 10.0, 36.0, 33.0, 27.0]
[12.0, 18.0, 18.0, 12.0, 8.0, 12.0]
[12.0, 18.0, 18.0, 8.0, 12.0, 8.0]
T = 0.10737418240000006	 step = 422
97.71000000000004
15.99045138888889
[22.0, 32.0, 10.0, 7.0, 36.0, 8.0]
[33.0, 11.0, 11.0, 36.0, 33.0, 27.0]
[12.0, 18.0, 18.0, 12.0, 8.0, 12.0]
[12.0, 18.0, 18.0, 8.0, 12.0, 8.0]
T = 0.10737418240000006	 step = 423
97.77000000000004
15.768229166666666
[22.0, 32.0, 10.0, 7.0, 36.0, 8.0]
[33.0, 11.0, 11.0, 36.0, 33.0, 26.0]
[12.0, 18.0, 18.0, 12.0, 8.0, 12.0]
[12.0, 18.0, 18.0, 8.0, 12.0, 8.0]
T = 0.10737418240000006	 step = 424
97.75
15.729362373737372
[22.0, 32.0, 10.0, 7.0, 37.0, 8.0]
[33.0, 11.0, 11.0, 36.0, 33.0, 26.0]
[12.0, 18.0, 18.0, 12.0, 8.0, 12.0]
[12.0, 18.0, 18.0, 8.0, 12.0, 8.0]
T = 0.10737418240000006	 step = 425
97.75
15.87393308080808
[22.0, 32.0, 10.0, 7.0, 37.0, 9.0]
[33.0, 11.0, 11.0, 36.0, 33.0, 26.0]
[12.0, 18.0, 18.0, 12.0, 8.0, 12.0]
[12.0, 18.0, 18.0, 8.0, 12.0, 8.0]
T = 0.10737418240000006	 step = 426
97.83000000000004
15.651710858585858
[22.0, 32.0, 10.0, 7.0, 37.0, 9.0]
[33.0, 11.0, 11.0, 36.0, 33.0, 25.0]
[12.0, 18.0, 18.0, 12.0, 8.0, 12.0]
[12.0, 18.0, 18.0, 8.0, 12.0, 8.0]
T = 0.10737418240000006	 step = 427
97.82000000000005
16.0961553030303
[22.0, 32.0, 10.0, 7.0, 37.0, 9.0]
[33.0, 10.0, 11.0, 36.0, 33.0, 25.0]
[12.0, 18.0, 18.0, 12.0, 8.0, 12.0]
[12.0, 18.0, 18.0, 8.0, 12.0, 8.0]
T = 0.10737418240000006	 step = 428
97.74000000000001
16.318377525252522
[22.0, 32.0, 10.0, 7.0, 37.0, 9.0]
[33.0, 10.0, 11.0, 36.0, 33.0, 26.0]
[12.0, 18.0, 18.0, 12.0, 8.0, 12.0]
[12.0, 18.0, 18.0, 8.0, 12.0, 8.0]
T = 0.10737418240000006	 step = 429
97.72000000000003
16.72487847222222
[24.0, 32.0, 10.0, 7.0, 37.0, 9.0]
[32.0, 10.0, 11.0, 36.0, 33.0, 26.0]
[12.0, 18.0, 18.0, 12.0, 8.0, 12.0]
[12.0, 18.0, 18.0, 8.0, 12.0, 8.0]
T = 0.10737418240000006	 step = 430
97.59000000000003
16.986089015151514
[24.0, 32.0, 10.0, 7.0, 37.0, 9.0]
[33.0, 10.0, 11.0, 36.0, 33.0, 26.0]
[12.0, 18.0, 18.0, 12.0, 8.0, 12.0]
[12.0, 18.0, 18.0, 8.0, 12.0, 8.0]
T = 0.10737418240000006	 step = 431
97.72000000000003
16.72487847222222
[24.0, 32.0, 10.0, 7.0, 37.0, 9.0]
[32.0, 10.0, 11.0, 36.0, 33.0, 26.0]
[12.0, 18.0, 18.0, 12.0, 8.0, 12.0]
[12.0, 18.0, 18.0, 8.0, 12.0, 8.0]
T = 0.10737418240000006	 step = 432
97.82000000000005
16.34545928030303
[23.0, 32.0, 10.0, 7.0, 37.0, 9.0]
[32.0, 10.0, 11.0, 36.0, 33.0, 26.0]
[12.0, 18.0, 18.0, 12.0, 8.0, 12.0]
[12.0, 18.0, 18.0, 8.0, 12.0, 8.0]
T = 0.10737418240000006	 step = 433
97.96000000000004
16.24535827020202
[23.0, 32.0, 10.0, 7.0, 37.0, 9.0]
[31.0, 10.0, 11.0, 36.0, 33.0, 26.0]
[12.0, 18.0, 18.0, 12.0, 8.0, 12.0]
[12.0, 18.0, 18.0, 8.0, 12.0, 8.0]
T = 0.10737418240000006	 step = 434
97.94
16.46758049242424
[23.0, 32.0, 10.0, 7.0, 37.0, 9.0]
[31.0, 10.0, 11.0, 36.0, 34.0, 26.0]
[12.0, 18.0, 18.0, 12.0, 8.0, 12.0]
[12.0, 18.0, 18.0, 8.0, 12.0, 8.0]
T = 0.10737418240000006	 step = 435
98.81
16.10234059343434
[23.0, 32.0, 11.0, 7.0, 37.0, 9.0]
[31.0, 10.0, 11.0, 36.0, 34.0, 26.0]
[12.0, 18.0, 18.0, 12.0, 8.0, 12.0]
[12.0, 18.0, 18.0, 8.0, 12.0, 8.0]
T = 0.10737418240000006	 step = 436
98.47000000000003
16.324562815656563
[23.0, 32.0, 11.0, 7.0, 37.0, 9.0]
[31.0, 10.0, 10.0, 36.0, 34.0, 26.0]
[12.0, 18.0, 18.0, 12.0, 8.0, 12.0]
[12.0, 18.0, 18.0, 8.0, 12.0, 8.0]
T = 0.10737418240000006	 step = 437
98.42000000000002
16.546785037878788
[23.0, 32.0, 11.0, 7.0, 37.0, 9.0]
[31.0, 10.0, 10.0, 36.0, 34.0, 27.0]
[12.0, 18.0, 18.0, 12.0, 8.0, 12.0]
[12.0, 18.0, 18.0, 8.0, 12.0, 8.0]
T = 0.10737418240000006	 step = 438
98.43
16.324562815656563
[23.0, 32.0, 11.0, 7.0, 37.0, 9.0]
[31.0, 10.0, 10.0, 36.0, 33.0, 27.0]
[12.0, 18.0, 18.0, 12.0, 8.0, 12.0]
[12.0, 18.0, 18.0, 8.0, 12.0, 8.0]
T = 0.10737418240000006	 step = 439
98.43
16.10234059343434
[23.0, 32.0, 11.0, 8.0, 37.0, 9.0]
[31.0, 10.0, 10.0, 36.0, 33.0, 27.0]
[12.0, 18.0, 18.0, 12.0, 8.0, 12.0]
[12.0, 18.0, 18.0, 8.0, 12.0, 8.0]
T = 0.10737418240000006	 step = 440
98.41000000000003
15.88011837121212
[23.0, 32.0, 11.0, 8.0, 37.0, 9.0]
[31.0, 11.0, 10.0, 36.0, 33.0, 27.0]
[12.0, 18.0, 18.0, 12.0, 8.0, 12.0]
[12.0, 18.0, 18.0, 8.0, 12.0, 8.0]
T = 0.10737418240000006	 step = 441
99.14000000000004
15.513325441919191
[23.0, 32.0, 12.0, 8.0, 37.0, 9.0]
[31.0, 11.0, 10.0, 36.0, 33.0, 27.0]
[12.0, 18.0, 18.0, 12.0, 8.0, 12.0]
[12.0, 18.0, 18.0, 8.0, 12.0, 8.0]
T = 0.10737418240000006	 step = 442
98.27000000000004
15.980219381313129
[23.0, 32.0, 11.0, 8.0, 37.0, 9.0]
[32.0, 11.0, 10.0, 36.0, 33.0, 27.0]
[12.0, 18.0, 18.0, 12.0, 8.0, 12.0]
[12.0, 18.0, 18.0, 8.0, 12.0, 8.0]
T = 0.10737418240000006	 step = 443
98.27000000000004
16.124790088383836
[23.0, 32.0, 11.0, 8.0, 37.0, 10.0]
[32.0, 11.0, 10.0, 36.0, 33.0, 27.0]
[12.0, 18.0, 18.0, 12.0, 8.0, 12.0]
[12.0, 18.0, 18.0, 8.0, 12.0, 8.0]
T = 0.10737418240000006	 step = 444
98.27000000000004
16.347012310606058
[23.0, 32.0, 11.0, 7.0, 37.0, 10.0]
[32.0, 11.0, 10.0, 36.0, 33.0, 27.0]
[12.0, 18.0, 18.0, 12.0, 8.0, 12.0]
[12.0, 18.0, 18.0, 8.0, 12.0, 8.0]
T = 0.10737418240000006	 step = 445
98.13
16.386000631313127
[23.0, 32.0, 11.0, 8.0, 37.0, 10.0]
[33.0, 11.0, 10.0, 36.0, 33.0, 27.0]
[12.0, 18.0, 18.0, 12.0, 8.0, 12.0]
[12.0, 18.0, 18.0, 8.0, 12.0, 8.0]
T = 0.10737418240000006	 step = 446
98.20000000000005
16.163778409090906
[23.0, 32.0, 11.0, 8.0, 37.0, 10.0]
[33.0, 12.0, 10.0, 36.0, 33.0, 27.0]
[12.0, 18.0, 18.0, 12.0, 8.0, 12.0]
[12.0, 18.0, 18.0, 8.0, 12.0, 8.0]
T = 0.10737418240000006	 step = 447
98.18
16.386000631313127
[23.0, 32.0, 11.0, 7.0, 37.0, 10.0]
[33.0, 12.0, 10.0, 36.0, 33.0, 27.0]
[12.0, 18.0, 18.0, 12.0, 8.0, 12.0]
[12.0, 18.0, 18.0, 8.0, 12.0, 8.0]
T = 0.10737418240000006	 step = 448
98.39000000000004
16.163778409090906
[23.0, 32.0, 11.0, 7.0, 37.0, 10.0]
[33.0, 13.0, 10.0, 36.0, 33.0, 27.0]
[12.0, 18.0, 18.0, 12.0, 8.0, 12.0]
[12.0, 18.0, 18.0, 8.0, 12.0, 8.0]
T = 0.10737418240000006	 step = 449
98.40000000000003
16.2026452020202
[23.0, 32.0, 11.0, 7.0, 36.0, 10.0]
[33.0, 13.0, 10.0, 36.0, 33.0, 27.0]
[12.0, 18.0, 18.0, 12.0, 8.0, 12.0]
[12.0, 18.0, 18.0, 8.0, 12.0, 8.0]
T = 0.10737418240000006	 step = 450
98.40000000000003
16.39645833333333
[23.0, 32.0, 11.0, 7.0, 35.0, 10.0]
[33.0, 13.0, 10.0, 36.0, 33.0, 27.0]
[12.0, 18.0, 18.0, 12.0, 8.0, 12.0]
[12.0, 18.0, 18.0, 8.0, 12.0, 8.0]
T = 0.10737418240000006	 step = 451
98.19
16.618680555555553
[23.0, 32.0, 11.0, 7.0, 35.0, 10.0]
[33.0, 12.0, 10.0, 36.0, 33.0, 27.0]
[12.0, 18.0, 18.0, 12.0, 8.0, 12.0]
[12.0, 18.0, 18.0, 8.0, 12.0, 8.0]
T = 0.10737418240000006	 step = 452
98.98000000000002
16.251887626262626
[23.0, 32.0, 12.0, 7.0, 35.0, 10.0]
[33.0, 12.0, 10.0, 36.0, 33.0, 27.0]
[12.0, 18.0, 18.0, 12.0, 8.0, 12.0]
[12.0, 18.0, 18.0, 8.0, 12.0, 8.0]
T = 0.10737418240000006	 step = 453
98.21000000000004
16.39645833333333
[23.0, 32.0, 11.0, 8.0, 35.0, 10.0]
[33.0, 12.0, 10.0, 36.0, 33.0, 27.0]
[12.0, 18.0, 18.0, 12.0, 8.0, 12.0]
[12.0, 18.0, 18.0, 8.0, 12.0, 8.0]
T = 0.10737418240000006	 step = 454
98.42000000000002
16.17423611111111
[23.0, 32.0, 11.0, 8.0, 35.0, 10.0]
[33.0, 13.0, 10.0, 36.0, 33.0, 27.0]
[12.0, 18.0, 18.0, 12.0, 8.0, 12.0]
[12.0, 18.0, 18.0, 8.0, 12.0, 8.0]
T = 0.10737418240000006	 step = 455
98.47000000000003
15.952013888888887
[23.0, 32.0, 11.0, 8.0, 35.0, 10.0]
[33.0, 13.0, 10.0, 36.0, 32.0, 27.0]
[12.0, 18.0, 18.0, 12.0, 8.0, 12.0]
[12.0, 18.0, 18.0, 8.0, 12.0, 8.0]
T = 0.10737418240000006	 step = 456
98.42000000000002
16.17423611111111
[23.0, 32.0, 11.0, 8.0, 35.0, 10.0]
[33.0, 13.0, 10.0, 36.0, 33.0, 27.0]
[12.0, 18.0, 18.0, 12.0, 8.0, 12.0]
[12.0, 18.0, 18.0, 8.0, 12.0, 8.0]
T = 0.10737418240000006	 step = 457
98.43
15.952013888888887
[23.0, 32.0, 11.0, 9.0, 35.0, 10.0]
[33.0, 13.0, 10.0, 36.0, 33.0, 27.0]
[12.0, 18.0, 18.0, 12.0, 8.0, 12.0]
[12.0, 18.0, 18.0, 8.0, 12.0, 8.0]
T = 0.10737418240000006	 step = 458
98.44
15.729791666666666
[23.0, 32.0, 11.0, 9.0, 35.0, 10.0]
[33.0, 13.0, 10.0, 36.0, 33.0, 26.0]
[12.0, 18.0, 18.0, 12.0, 8.0, 12.0]
[12.0, 18.0, 18.0, 8.0, 12.0, 8.0]
T = 0.10737418240000006	 step = 459
98.42000000000002
15.690803345959594
[23.0, 32.0, 11.0, 9.0, 35.0, 10.0]
[33.0, 13.0, 10.0, 37.0, 33.0, 26.0]
[12.0, 18.0, 18.0, 12.0, 8.0, 12.0]
[12.0, 18.0, 18.0, 8.0, 12.0, 8.0]
T = 0.10737418240000006	 step = 460
98.48000000000002
15.246358901515151
[23.0, 32.0, 11.0, 9.0, 35.0, 10.0]
[33.0, 13.0, 11.0, 37.0, 33.0, 26.0]
[12.0, 18.0, 18.0, 12.0, 8.0, 12.0]
[12.0, 18.0, 18.0, 8.0, 12.0, 8.0]
T = 0.10737418240000006	 step = 461
98.46000000000004
15.101788194444444
[23.0, 32.0, 11.0, 9.0, 35.0, 9.0]
[33.0, 13.0, 11.0, 37.0, 33.0, 26.0]
[12.0, 18.0, 18.0, 12.0, 8.0, 12.0]
[12.0, 18.0, 18.0, 8.0, 12.0, 8.0]
T = 0.10737418240000006	 step = 462
98.48000000000002
15.140776515151513
[23.0, 32.0, 11.0, 9.0, 35.0, 9.0]
[33.0, 13.0, 11.0, 36.0, 33.0, 26.0]
[12.0, 18.0, 18.0, 12.0, 8.0, 12.0]
[12.0, 18.0, 18.0, 8.0, 12.0, 8.0]
T = 0.10737418240000006	 step = 463
99.28000000000003
14.773983585858584
[23.0, 32.0, 12.0, 9.0, 35.0, 9.0]
[33.0, 13.0, 11.0, 36.0, 33.0, 26.0]
[12.0, 18.0, 18.0, 12.0, 8.0, 12.0]
[12.0, 18.0, 18.0, 8.0, 12.0, 8.0]
T = 0.08589934592000005	 step = 464
98.42000000000002
15.585220959595958
[23.0, 32.0, 11.0, 9.0, 35.0, 9.0]
[33.0, 13.0, 10.0, 36.0, 33.0, 26.0]
[12.0, 18.0, 18.0, 12.0, 8.0, 12.0]
[12.0, 18.0, 18.0, 8.0, 12.0, 8.0]
T = 0.08589934592000005	 step = 465
98.42000000000002
15.391407828282826
[23.0, 32.0, 11.0, 9.0, 36.0, 9.0]
[33.0, 13.0, 10.0, 36.0, 33.0, 26.0]
[12.0, 18.0, 18.0, 12.0, 8.0, 12.0]
[12.0, 18.0, 18.0, 8.0, 12.0, 8.0]
T = 0.08589934592000005	 step = 466
98.40000000000003
15.352541035353532
[23.0, 32.0, 11.0, 9.0, 37.0, 9.0]
[33.0, 13.0, 10.0, 36.0, 33.0, 26.0]
[12.0, 18.0, 18.0, 12.0, 8.0, 12.0]
[12.0, 18.0, 18.0, 8.0, 12.0, 8.0]
T = 0.08589934592000005	 step = 467
98.46000000000004
15.731960227272724
[24.0, 32.0, 11.0, 9.0, 37.0, 9.0]
[33.0, 13.0, 10.0, 36.0, 33.0, 26.0]
[12.0, 18.0, 18.0, 12.0, 8.0, 12.0]
[12.0, 18.0, 18.0, 8.0, 12.0, 8.0]
T = 0.08589934592000005	 step = 468
98.49000000000001
15.876530934343432
[24.0, 32.0, 11.0, 9.0, 37.0, 10.0]
[33.0, 13.0, 10.0, 36.0, 33.0, 26.0]
[12.0, 18.0, 18.0, 12.0, 8.0, 12.0]
[12.0, 18.0, 18.0, 8.0, 12.0, 8.0]
T = 0.08589934592000005	 step = 469
98.67000000000002
15.615320391414139
[24.0, 32.0, 11.0, 9.0, 37.0, 10.0]
[32.0, 13.0, 10.0, 36.0, 33.0, 26.0]
[12.0, 18.0, 18.0, 12.0, 8.0, 12.0]
[12.0, 18.0, 18.0, 8.0, 12.0, 8.0]
T = 0.08589934592000005	 step = 470
98.77000000000004
15.994739583333331
[25.0, 32.0, 11.0, 9.0, 37.0, 10.0]
[32.0, 13.0, 10.0, 36.0, 33.0, 26.0]
[12.0, 18.0, 18.0, 12.0, 8.0, 12.0]
[12.0, 18.0, 18.0, 8.0, 12.0, 8.0]
T = 0.08589934592000005	 step = 471
98.76000000000005
16.216961805555552
[25.0, 32.0, 11.0, 8.0, 37.0, 10.0]
[32.0, 13.0, 10.0, 36.0, 33.0, 26.0]
[12.0, 18.0, 18.0, 12.0, 8.0, 12.0]
[12.0, 18.0, 18.0, 8.0, 12.0, 8.0]
T = 0.08589934592000005	 step = 472
99.66000000000003
16.287007575757574
[25.0, 31.0, 11.0, 8.0, 37.0, 10.0]
[32.0, 13.0, 10.0, 36.0, 33.0, 26.0]
[12.0, 18.0, 18.0, 12.0, 8.0, 12.0]
[12.0, 18.0, 18.0, 8.0, 12.0, 8.0]
T = 0.08589934592000005	 step = 473
99.02000000000004
15.994739583333331
[25.0, 32.0, 11.0, 8.0, 37.0, 10.0]
[32.0, 14.0, 10.0, 36.0, 33.0, 26.0]
[12.0, 18.0, 18.0, 12.0, 8.0, 12.0]
[12.0, 18.0, 18.0, 8.0, 12.0, 8.0]
T = 0.08589934592000005	 step = 474
99.03000000000003
16.033727904040404
[25.0, 32.0, 11.0, 8.0, 37.0, 10.0]
[32.0, 14.0, 10.0, 35.0, 33.0, 26.0]
[12.0, 18.0, 18.0, 12.0, 8.0, 12.0]
[12.0, 18.0, 18.0, 8.0, 12.0, 8.0]
T = 0.08589934592000005	 step = 475
99.08000000000004
16.41753630050505
[26.0, 32.0, 11.0, 8.0, 37.0, 10.0]
[32.0, 14.0, 10.0, 35.0, 33.0, 26.0]
[12.0, 18.0, 18.0, 12.0, 8.0, 12.0]
[12.0, 18.0, 18.0, 8.0, 12.0, 8.0]
T = 0.08589934592000005	 step = 476
99.17000000000002
15.973091856060606
[26.0, 32.0, 11.0, 8.0, 37.0, 10.0]
[32.0, 14.0, 11.0, 35.0, 33.0, 26.0]
[12.0, 18.0, 18.0, 12.0, 8.0, 12.0]
[12.0, 18.0, 18.0, 8.0, 12.0, 8.0]
T = 0.08589934592000005	 step = 477
99.73000000000002
15.607252998737373
[26.0, 32.0, 12.0, 8.0, 37.0, 10.0]
[32.0, 14.0, 11.0, 35.0, 33.0, 26.0]
[12.0, 18.0, 18.0, 12.0, 8.0, 12.0]
[12.0, 18.0, 18.0, 8.0, 12.0, 8.0]
T = 0.08589934592000005	 step = 478
99.22000000000003
15.528963068181817
[26.0, 32.0, 11.0, 8.0, 37.0, 10.0]
[32.0, 14.0, 12.0, 35.0, 33.0, 26.0]
[12.0, 18.0, 18.0, 12.0, 8.0, 12.0]
[12.0, 18.0, 18.0, 8.0, 12.0, 8.0]
T = 0.08589934592000005	 step = 479
99.01000000000005
15.78024463383838
[26.0, 32.0, 11.0, 8.0, 37.0, 10.0]
[33.0, 14.0, 12.0, 35.0, 33.0, 26.0]
[12.0, 18.0, 18.0, 12.0, 8.0, 12.0]
[12.0, 18.0, 18.0, 8.0, 12.0, 8.0]
T = 0.08589934592000005	 step = 480
99.22000000000003
15.528963068181817
[26.0, 32.0, 11.0, 8.0, 37.0, 10.0]
[32.0, 14.0, 12.0, 35.0, 33.0, 26.0]
[12.0, 18.0, 18.0, 12.0, 8.0, 12.0]
[12.0, 18.0, 18.0, 8.0, 12.0, 8.0]
T = 0.08589934592000005	 step = 481
98.91000000000003
15.75118529040404
[26.0, 32.0, 11.0, 8.0, 37.0, 10.0]
[32.0, 13.0, 12.0, 35.0, 33.0, 26.0]
[12.0, 18.0, 18.0, 12.0, 8.0, 12.0]
[12.0, 18.0, 18.0, 8.0, 12.0, 8.0]
T = 0.08589934592000005	 step = 482
98.71000000000004
16.002466856060604
[26.0, 32.0, 11.0, 8.0, 37.0, 10.0]
[33.0, 13.0, 12.0, 35.0, 33.0, 26.0]
[12.0, 18.0, 18.0, 12.0, 8.0, 12.0]
[12.0, 18.0, 18.0, 8.0, 12.0, 8.0]
T = 0.08589934592000005	 step = 483
99.61000000000001
16.13314867424242
[26.0, 31.0, 11.0, 8.0, 37.0, 10.0]
[33.0, 13.0, 12.0, 35.0, 33.0, 26.0]
[12.0, 18.0, 18.0, 12.0, 8.0, 12.0]
[12.0, 18.0, 18.0, 8.0, 12.0, 8.0]
T = 0.08589934592000005	 step = 484
99.01000000000005
15.78024463383838
[26.0, 32.0, 11.0, 8.0, 37.0, 10.0]
[33.0, 14.0, 12.0, 35.0, 33.0, 26.0]
[12.0, 18.0, 18.0, 12.0, 8.0, 12.0]
[12.0, 18.0, 18.0, 8.0, 12.0, 8.0]
T = 0.08589934592000005	 step = 485
99.05000000000001
15.811810290404036
[26.0, 32.0, 11.0, 8.0, 37.0, 11.0]
[33.0, 14.0, 12.0, 35.0, 33.0, 26.0]
[12.0, 18.0, 18.0, 12.0, 8.0, 12.0]
[12.0, 18.0, 18.0, 8.0, 12.0, 8.0]
T = 0.08589934592000005	 step = 486
99.95000000000005
15.942492108585855
[26.0, 31.0, 11.0, 8.0, 37.0, 11.0]
[33.0, 14.0, 12.0, 35.0, 33.0, 26.0]
[12.0, 18.0, 18.0, 12.0, 8.0, 12.0]
[12.0, 18.0, 18.0, 8.0, 12.0, 8.0]
T = 0.08589934592000005	 step = 487
99.26000000000005
15.560213068181817
[26.0, 32.0, 11.0, 8.0, 37.0, 11.0]
[32.0, 14.0, 12.0, 35.0, 33.0, 26.0]
[12.0, 18.0, 18.0, 12.0, 8.0, 12.0]
[12.0, 18.0, 18.0, 8.0, 12.0, 8.0]
T = 0.08589934592000005	 step = 488
99.20000000000005
16.00465751262626
[26.0, 32.0, 11.0, 8.0, 37.0, 11.0]
[32.0, 14.0, 11.0, 35.0, 33.0, 26.0]
[12.0, 18.0, 18.0, 12.0, 8.0, 12.0]
[12.0, 18.0, 18.0, 8.0, 12.0, 8.0]
T = 0.08589934592000005	 step = 489
99.48000000000002
15.299002525252522
[26.0, 32.0, 11.0, 8.0, 37.0, 11.0]
[31.0, 14.0, 12.0, 35.0, 33.0, 26.0]
[12.0, 18.0, 18.0, 12.0, 8.0, 12.0]
[12.0, 18.0, 18.0, 8.0, 12.0, 8.0]
T = 0.08589934592000005	 step = 490
100.12
15.045214646464643
[26.0, 32.0, 12.0, 8.0, 37.0, 11.0]
[31.0, 14.0, 12.0, 35.0, 33.0, 26.0]
[12.0, 18.0, 18.0, 12.0, 8.0, 12.0]
[12.0, 18.0, 18.0, 8.0, 12.0, 8.0]
T = 0.08589934592000005	 step = 491
99.5
15.0767803030303
[26.0, 32.0, 11.0, 9.0, 37.0, 11.0]
[31.0, 14.0, 12.0, 35.0, 33.0, 26.0]
[12.0, 18.0, 18.0, 12.0, 8.0, 12.0]
[12.0, 18.0, 18.0, 8.0, 12.0, 8.0]
T = 0.08589934592000005	 step = 492
99.48000000000002
15.198901515151514
[26.0, 32.0, 11.0, 9.0, 37.0, 11.0]
[31.0, 14.0, 12.0, 36.0, 33.0, 26.0]
[12.0, 18.0, 18.0, 12.0, 8.0, 12.0]
[12.0, 18.0, 18.0, 8.0, 12.0, 8.0]
T = 0.08589934592000005	 step = 493
99.53000000000003
14.976679292929292
[26.0, 32.0, 11.0, 9.0, 37.0, 11.0]
[31.0, 14.0, 12.0, 36.0, 32.0, 26.0]
[12.0, 18.0, 18.0, 12.0, 8.0, 12.0]
[12.0, 18.0, 18.0, 8.0, 12.0, 8.0]
T = 0.08589934592000005	 step = 494
99.20000000000005
15.198901515151514
[26.0, 32.0, 11.0, 9.0, 37.0, 11.0]
[31.0, 13.0, 12.0, 36.0, 32.0, 26.0]
[12.0, 18.0, 18.0, 12.0, 8.0, 12.0]
[12.0, 18.0, 18.0, 8.0, 12.0, 8.0]
T = 0.08589934592000005	 step = 495
99.40000000000003
15.10641414141414
[26.0, 32.0, 11.0, 9.0, 37.0, 11.0]
[30.0, 13.0, 12.0, 36.0, 32.0, 26.0]
[12.0, 18.0, 18.0, 12.0, 8.0, 12.0]
[12.0, 18.0, 18.0, 8.0, 12.0, 8.0]
T = 0.08589934592000005	 step = 496
99.36000000000001
15.328636363636361
[26.0, 32.0, 11.0, 9.0, 37.0, 11.0]
[30.0, 13.0, 12.0, 36.0, 33.0, 26.0]
[12.0, 18.0, 18.0, 12.0, 8.0, 12.0]
[12.0, 18.0, 18.0, 8.0, 12.0, 8.0]
T = 0.08589934592000005	 step = 497
99.60000000000002
15.322393465909089
[26.0, 32.0, 11.0, 9.0, 37.0, 11.0]
[29.0, 13.0, 12.0, 36.0, 33.0, 26.0]
[12.0, 18.0, 18.0, 12.0, 8.0, 12.0]
[12.0, 18.0, 18.0, 8.0, 12.0, 8.0]
T = 0.08589934592000005	 step = 498
99.34000000000003
15.544615688131312
[26.0, 32.0, 11.0, 9.0, 37.0, 11.0]
[30.0, 13.0, 12.0, 37.0, 33.0, 26.0]
[12.0, 18.0, 18.0, 12.0, 8.0, 12.0]
[12.0, 18.0, 18.0, 8.0, 12.0, 8.0]
T = 0.08589934592000005	 step = 499
99.34000000000003
16.544355271464642
[26.0, 31.0, 11.0, 9.0, 37.0, 11.0]
[30.0, 10.0, 12.0, 37.0, 33.0, 26.0]
[12.0, 18.0, 18.0, 12.0, 8.0, 12.0]
[12.0, 18.0, 18.0, 8.0, 12.0, 8.0]
T = 0.08589934592000005	 step = 500
99.35000000000002
15.322393465909089
[26.0, 32.0, 11.0, 10.0, 37.0, 11.0]
[30.0, 13.0, 12.0, 37.0, 33.0, 26.0]
[12.0, 18.0, 18.0, 12.0, 8.0, 12.0]
[12.0, 18.0, 18.0, 8.0, 12.0, 8.0]
T = 0.08589934592000005	 step = 501
99.37
15.100171243686866
[26.0, 32.0, 11.0, 11.0, 37.0, 11.0]
[30.0, 13.0, 12.0, 37.0, 33.0, 26.0]
[12.0, 18.0, 18.0, 12.0, 8.0, 12.0]
[12.0, 18.0, 18.0, 8.0, 12.0, 8.0]
T = 0.08589934592000005	 step = 502
99.28000000000003
15.989060132575755
[26.0, 32.0, 11.0, 11.0, 37.0, 11.0]
[30.0, 13.0, 10.0, 37.0, 33.0, 26.0]
[12.0, 18.0, 18.0, 12.0, 8.0, 12.0]
[12.0, 18.0, 18.0, 8.0, 12.0, 8.0]
T = 0.08589934592000005	 step = 503
99.71000000000004
14.877949021464644
[26.0, 32.0, 11.0, 11.0, 37.0, 11.0]
[30.0, 14.0, 12.0, 37.0, 33.0, 26.0]
[12.0, 18.0, 18.0, 12.0, 8.0, 12.0]
[12.0, 18.0, 18.0, 8.0, 12.0, 8.0]
T = 0.08589934592000005	 step = 504
99.41000000000003
14.877949021464644
[26.0, 32.0, 11.0, 11.0, 37.0, 11.0]
[30.0, 13.0, 12.0, 37.0, 32.0, 26.0]
[12.0, 18.0, 18.0, 12.0, 8.0, 12.0]
[12.0, 18.0, 18.0, 8.0, 12.0, 8.0]
T = 0.08589934592000005	 step = 505
99.21000000000004
14.884191919191915
[26.0, 32.0, 11.0, 11.0, 37.0, 11.0]
[31.0, 13.0, 12.0, 37.0, 32.0, 26.0]
[12.0, 18.0, 18.0, 12.0, 8.0, 12.0]
[12.0, 18.0, 18.0, 8.0, 12.0, 8.0]
T = 0.06871947673600004	 step = 506
99.17000000000002
15.32863636363636
[26.0, 32.0, 11.0, 11.0, 37.0, 11.0]
[31.0, 13.0, 11.0, 37.0, 32.0, 26.0]
[12.0, 18.0, 18.0, 12.0, 8.0, 12.0]
[12.0, 18.0, 18.0, 8.0, 12.0, 8.0]
T = 0.06871947673600004	 step = 507
99.54000000000002
14.661969696969694
[26.0, 32.0, 11.0, 11.0, 37.0, 11.0]
[31.0, 14.0, 12.0, 37.0, 32.0, 26.0]
[12.0, 18.0, 18.0, 12.0, 8.0, 12.0]
[12.0, 18.0, 18.0, 8.0, 12.0, 8.0]
T = 0.06871947673600004	 step = 508
99.26000000000005
15.550858585858585
[26.0, 32.0, 11.0, 11.0, 37.0, 13.0]
[31.0, 13.0, 12.0, 37.0, 32.0, 27.0]
[12.0, 18.0, 18.0, 12.0, 8.0, 12.0]
[12.0, 18.0, 18.0, 8.0, 12.0, 8.0]
T = 0.06871947673600004	 step = 509
99.47000000000003
15.544615688131312
[26.0, 32.0, 11.0, 11.0, 37.0, 13.0]
[30.0, 13.0, 12.0, 37.0, 32.0, 27.0]
[12.0, 18.0, 18.0, 12.0, 8.0, 12.0]
[12.0, 18.0, 18.0, 8.0, 12.0, 8.0]
T = 0.06871947673600004	 step = 510
99.43
15.322393465909089
[26.0, 32.0, 11.0, 11.0, 37.0, 12.0]
[30.0, 13.0, 12.0, 37.0, 32.0, 27.0]
[12.0, 18.0, 18.0, 12.0, 8.0, 12.0]
[12.0, 18.0, 18.0, 8.0, 12.0, 8.0]
T = 0.06871947673600004	 step = 511
99.48000000000002
15.100171243686866
[26.0, 32.0, 11.0, 11.0, 37.0, 12.0]
[30.0, 13.0, 12.0, 37.0, 31.0, 27.0]
[12.0, 18.0, 18.0, 12.0, 8.0, 12.0]
[12.0, 18.0, 18.0, 8.0, 12.0, 8.0]
T = 0.06871947673600004	 step = 512
99.47000000000003
15.322393465909089
[26.0, 32.0, 11.0, 10.0, 37.0, 12.0]
[30.0, 13.0, 12.0, 37.0, 31.0, 27.0]
[12.0, 18.0, 18.0, 12.0, 8.0, 12.0]
[12.0, 18.0, 18.0, 8.0, 12.0, 8.0]
T = 0.06871947673600004	 step = 513
99.43
15.766837910353532
[26.0, 32.0, 11.0, 10.0, 37.0, 12.0]
[30.0, 13.0, 11.0, 37.0, 31.0, 27.0]
[12.0, 18.0, 18.0, 12.0, 8.0, 12.0]
[12.0, 18.0, 18.0, 8.0, 12.0, 8.0]
T = 0.06871947673600004	 step = 514
99.82000000000005
15.100171243686864
[26.0, 32.0, 11.0, 10.0, 37.0, 12.0]
[30.0, 14.0, 12.0, 37.0, 31.0, 27.0]
[12.0, 18.0, 18.0, 12.0, 8.0, 12.0]
[12.0, 18.0, 18.0, 8.0, 12.0, 8.0]
T = 0.06871947673600004	 step = 515
99.42000000000002
15.54461568813131
[26.0, 32.0, 11.0, 10.0, 37.0, 12.0]
[30.0, 13.0, 12.0, 37.0, 32.0, 27.0]
[12.0, 18.0, 18.0, 12.0, 8.0, 12.0]
[12.0, 18.0, 18.0, 8.0, 12.0, 8.0]
T = 0.06871947673600004	 step = 516
99.40000000000003
15.766837910353532
[26.0, 32.0, 11.0, 9.0, 37.0, 12.0]
[30.0, 13.0, 12.0, 37.0, 32.0, 27.0]
[12.0, 18.0, 18.0, 12.0, 8.0, 12.0]
[12.0, 18.0, 18.0, 8.0, 12.0, 8.0]
T = 0.06871947673600004	 step = 517
98.88
16.211282354797977
[26.0, 32.0, 10.0, 9.0, 37.0, 12.0]
[30.0, 13.0, 12.0, 37.0, 32.0, 27.0]
[12.0, 18.0, 18.0, 12.0, 8.0, 12.0]
[12.0, 18.0, 18.0, 8.0, 12.0, 8.0]
T = 0.06871947673600004	 step = 518
98.67000000000002
16.217525252525252
[26.0, 32.0, 10.0, 9.0, 37.0, 12.0]
[31.0, 13.0, 12.0, 37.0, 32.0, 27.0]
[12.0, 18.0, 18.0, 12.0, 8.0, 12.0]
[12.0, 18.0, 18.0, 8.0, 12.0, 8.0]
T = 0.06871947673600004	 step = 519
98.65000000000003
15.99530303030303
[26.0, 32.0, 10.0, 9.0, 37.0, 11.0]
[31.0, 13.0, 12.0, 37.0, 32.0, 27.0]
[12.0, 18.0, 18.0, 12.0, 8.0, 12.0]
[12.0, 18.0, 18.0, 8.0, 12.0, 8.0]
T = 0.06871947673600004	 step = 520
98.62
16.439747474747474
[26.0, 32.0, 10.0, 9.0, 37.0, 11.0]
[31.0, 13.0, 11.0, 37.0, 32.0, 27.0]
[12.0, 18.0, 18.0, 12.0, 8.0, 12.0]
[12.0, 18.0, 18.0, 8.0, 12.0, 8.0]
T = 0.06871947673600004	 step = 521
98.66000000000003
15.773080808080806
[26.0, 32.0, 10.0, 10.0, 37.0, 11.0]
[31.0, 13.0, 12.0, 37.0, 32.0, 27.0]
[12.0, 18.0, 18.0, 12.0, 8.0, 12.0]
[12.0, 18.0, 18.0, 8.0, 12.0, 8.0]
T = 0.06871947673600004	 step = 522
99.18
15.32863636363636
[26.0, 32.0, 11.0, 10.0, 37.0, 11.0]
[31.0, 13.0, 12.0, 37.0, 32.0, 27.0]
[12.0, 18.0, 18.0, 12.0, 8.0, 12.0]
[12.0, 18.0, 18.0, 8.0, 12.0, 8.0]
T = 0.06871947673600004	 step = 523
99.20000000000005
15.198901515151514
[26.0, 32.0, 11.0, 10.0, 37.0, 11.0]
[31.0, 13.0, 12.0, 36.0, 32.0, 27.0]
[12.0, 18.0, 18.0, 12.0, 8.0, 12.0]
[12.0, 18.0, 18.0, 8.0, 12.0, 8.0]
T = 0.06871947673600004	 step = 524
99.84000000000003
14.945113636363635
[26.0, 32.0, 12.0, 10.0, 37.0, 11.0]
[31.0, 13.0, 12.0, 36.0, 32.0, 27.0]
[12.0, 18.0, 18.0, 12.0, 8.0, 12.0]
[12.0, 18.0, 18.0, 8.0, 12.0, 8.0]
T = 0.06871947673600004	 step = 525
99.74000000000001
15.38955808080808
[26.0, 32.0, 12.0, 10.0, 37.0, 11.0]
[31.0, 13.0, 11.0, 36.0, 32.0, 27.0]
[12.0, 18.0, 18.0, 12.0, 8.0, 12.0]
[12.0, 18.0, 18.0, 8.0, 12.0, 8.0]
T = 0.06871947673600004	 step = 526
99.95000000000005
15.297070707070706
[26.0, 32.0, 12.0, 10.0, 37.0, 11.0]
[30.0, 13.0, 11.0, 36.0, 32.0, 27.0]
[12.0, 18.0, 18.0, 12.0, 8.0, 12.0]
[12.0, 18.0, 18.0, 8.0, 12.0, 8.0]
T = 0.06871947673600004	 step = 527
100.0
15.074848484848482
[26.0, 32.0, 12.0, 10.0, 37.0, 11.0]
[30.0, 13.0, 11.0, 36.0, 31.0, 27.0]
[12.0, 18.0, 18.0, 12.0, 8.0, 12.0]
[12.0, 18.0, 18.0, 8.0, 12.0, 8.0]
T = 0.06871947673600004	 step = 528
99.94
14.785707070707069
[26.0, 32.0, 12.0, 10.0, 37.0, 9.0]
[30.0, 13.0, 11.0, 36.0, 31.0, 27.0]
[12.0, 18.0, 18.0, 12.0, 8.0, 12.0]
[12.0, 18.0, 18.0, 8.0, 12.0, 8.0]
T = 0.06871947673600004	 step = 529
101.43
14.53191919191919
[26.0, 32.0, 13.0, 10.0, 37.0, 9.0]
[30.0, 13.0, 11.0, 36.0, 31.0, 27.0]
[12.0, 18.0, 18.0, 12.0, 8.0, 12.0]
[12.0, 18.0, 18.0, 8.0, 12.0, 8.0]
T = 0.06871947673600004	 step = 530
101.43
14.53191919191919
[26.0, 32.0, 13.0, 10.0, 37.0, 9.0]
[30.0, 13.0, 11.0, 36.0, 31.0, 27.0]
[12.0, 18.0, 18.0, 12.0, 8.0, 12.0]
[12.0, 18.0, 18.0, 8.0, 12.0, 8.0]
T = 0.06871947673600004	 step = 531
99.99000000000001
14.563484848484848
[26.0, 32.0, 12.0, 10.0, 37.0, 9.0]
[30.0, 13.0, 11.0, 36.0, 30.0, 27.0]
[12.0, 18.0, 18.0, 12.0, 8.0, 12.0]
[12.0, 18.0, 18.0, 8.0, 12.0, 8.0]
T = 0.06871947673600004	 step = 532
101.45000000000005
14.309696969696969
[26.0, 32.0, 13.0, 10.0, 37.0, 9.0]
[30.0, 13.0, 11.0, 36.0, 30.0, 27.0]
[12.0, 18.0, 18.0, 12.0, 8.0, 12.0]
[12.0, 18.0, 18.0, 8.0, 12.0, 8.0]
T = 0.06871947673600004	 step = 533
100.05000000000001
14.341262626262624
[26.0, 32.0, 12.0, 10.0, 37.0, 9.0]
[30.0, 13.0, 11.0, 36.0, 29.0, 27.0]
[12.0, 18.0, 18.0, 12.0, 8.0, 12.0]
[12.0, 18.0, 18.0, 8.0, 12.0, 8.0]
T = 0.06871947673600004	 step = 534
99.57000000000005
13.391204229797978
[23.0, 32.0, 12.0, 10.0, 37.0, 9.0]
[32.0, 13.0, 11.0, 36.0, 29.0, 27.0]
[12.0, 18.0, 18.0, 12.0, 8.0, 12.0]
[12.0, 18.0, 18.0, 8.0, 12.0, 8.0]
T = 0.06871947673600004	 step = 535
101.10000000000002
13.1374163510101
[23.0, 32.0, 13.0, 10.0, 37.0, 9.0]
[32.0, 13.0, 11.0, 36.0, 29.0, 27.0]
[12.0, 18.0, 18.0, 12.0, 8.0, 12.0]
[12.0, 18.0, 18.0, 8.0, 12.0, 8.0]
T = 0.06871947673600004	 step = 536
99.59000000000003
13.168982007575755
[23.0, 32.0, 12.0, 10.0, 37.0, 9.0]
[32.0, 13.0, 11.0, 36.0, 29.0, 26.0]
[12.0, 18.0, 18.0, 12.0, 8.0, 12.0]
[12.0, 18.0, 18.0, 8.0, 12.0, 8.0]
T = 0.06871947673600004	 step = 537
99.56
13.391204229797978
[23.0, 32.0, 12.0, 10.0, 37.0, 9.0]
[32.0, 13.0, 11.0, 36.0, 30.0, 26.0]
[12.0, 18.0, 18.0, 12.0, 8.0, 12.0]
[12.0, 18.0, 18.0, 8.0, 12.0, 8.0]
T = 0.06871947673600004	 step = 538
100.58000000000004
13.456860795454542
[23.0, 31.0, 12.0, 10.0, 37.0, 9.0]
[32.0, 13.0, 11.0, 36.0, 30.0, 26.0]
[12.0, 18.0, 18.0, 12.0, 8.0, 12.0]
[12.0, 18.0, 18.0, 8.0, 12.0, 8.0]
T = 0.06871947673600004	 step = 539
99.69
12.946759785353533
[23.0, 32.0, 12.0, 10.0, 37.0, 9.0]
[32.0, 13.0, 12.0, 36.0, 30.0, 26.0]
[12.0, 18.0, 18.0, 12.0, 8.0, 12.0]
[12.0, 18.0, 18.0, 8.0, 12.0, 8.0]
T = 0.06871947673600004	 step = 540
99.67000000000002
13.168982007575755
[23.0, 32.0, 12.0, 10.0, 37.0, 9.0]
[32.0, 13.0, 12.0, 36.0, 30.0, 27.0]
[12.0, 18.0, 18.0, 12.0, 8.0, 12.0]
[12.0, 18.0, 18.0, 8.0, 12.0, 8.0]
T = 0.06871947673600004	 step = 541
99.67000000000002
13.168982007575755
[23.0, 32.0, 12.0, 9.0, 37.0, 9.0]
[32.0, 13.0, 12.0, 36.0, 30.0, 26.0]
[12.0, 18.0, 18.0, 12.0, 8.0, 12.0]
[12.0, 18.0, 18.0, 8.0, 12.0, 8.0]
T = 0.06871947673600004	 step = 542
99.70000000000005
13.207970328282826
[23.0, 32.0, 12.0, 9.0, 37.0, 9.0]
[32.0, 13.0, 12.0, 35.0, 30.0, 26.0]
[12.0, 18.0, 18.0, 12.0, 8.0, 12.0]
[12.0, 18.0, 18.0, 8.0, 12.0, 8.0]
T = 0.06871947673600004	 step = 543
99.57000000000005
13.652414772727269
[23.0, 32.0, 12.0, 9.0, 37.0, 9.0]
[32.0, 13.0, 11.0, 35.0, 30.0, 26.0]
[12.0, 18.0, 18.0, 12.0, 8.0, 12.0]
[12.0, 18.0, 18.0, 8.0, 12.0, 8.0]
T = 0.06871947673600004	 step = 544
99.94
12.946759785353533
[23.0, 32.0, 12.0, 9.0, 37.0, 9.0]
[31.0, 13.0, 12.0, 35.0, 30.0, 26.0]
[12.0, 18.0, 18.0, 12.0, 8.0, 12.0]
[12.0, 18.0, 18.0, 8.0, 12.0, 8.0]
T = 0.06871947673600004	 step = 545
99.90000000000003
12.915194128787876
[23.0, 32.0, 12.0, 9.0, 37.0, 8.0]
[31.0, 13.0, 12.0, 35.0, 30.0, 26.0]
[12.0, 18.0, 18.0, 12.0, 8.0, 12.0]
[12.0, 18.0, 18.0, 8.0, 12.0, 8.0]
T = 0.06871947673600004	 step = 546
99.86000000000001
12.88362847222222
[23.0, 32.0, 12.0, 9.0, 37.0, 7.0]
[31.0, 13.0, 12.0, 35.0, 30.0, 26.0]
[12.0, 18.0, 18.0, 12.0, 8.0, 12.0]
[12.0, 18.0, 18.0, 8.0, 12.0, 8.0]
T = 0.06871947673600004	 step = 547
99.85000000000002
13.105850694444442
[23.0, 32.0, 12.0, 8.0, 37.0, 7.0]
[31.0, 13.0, 12.0, 35.0, 30.0, 26.0]
[12.0, 18.0, 18.0, 12.0, 8.0, 12.0]
[12.0, 18.0, 18.0, 8.0, 12.0, 8.0]
T = 0.054975581388800036	 step = 548
99.84000000000003
13.005749684343433
[23.0, 32.0, 12.0, 9.0, 37.0, 7.0]
[31.0, 13.0, 12.0, 36.0, 30.0, 26.0]
[12.0, 18.0, 18.0, 12.0, 8.0, 12.0]
[12.0, 18.0, 18.0, 8.0, 12.0, 8.0]
T = 0.054975581388800036	 step = 549
99.71000000000004
13.450194128787878
[23.0, 32.0, 12.0, 9.0, 37.0, 7.0]
[31.0, 13.0, 11.0, 36.0, 30.0, 26.0]
[12.0, 18.0, 18.0, 12.0, 8.0, 12.0]
[12.0, 18.0, 18.0, 8.0, 12.0, 8.0]
T = 0.054975581388800036	 step = 550
99.26000000000005
14.570344065656563
[25.0, 32.0, 12.0, 9.0, 37.0, 7.0]
[33.0, 13.0, 11.0, 36.0, 30.0, 26.0]
[12.0, 18.0, 18.0, 12.0, 8.0, 12.0]
[12.0, 18.0, 18.0, 8.0, 12.0, 8.0]
T = 0.054975581388800036	 step = 551
99.28000000000003
14.34812184343434
[25.0, 32.0, 12.0, 9.0, 37.0, 7.0]
[33.0, 13.0, 11.0, 36.0, 30.0, 25.0]
[12.0, 18.0, 18.0, 12.0, 8.0, 12.0]
[12.0, 18.0, 18.0, 8.0, 12.0, 8.0]
T = 0.054975581388800036	 step = 552
100.27000000000004
14.41816761363636
[25.0, 31.0, 12.0, 9.0, 37.0, 7.0]
[33.0, 13.0, 11.0, 36.0, 30.0, 25.0]
[12.0, 18.0, 18.0, 12.0, 8.0, 12.0]
[12.0, 18.0, 18.0, 8.0, 12.0, 8.0]
T = 0.054975581388800036	 step = 553
100.27000000000004
14.41816761363636
[25.0, 31.0, 12.0, 9.0, 37.0, 7.0]
[33.0, 13.0, 11.0, 36.0, 30.0, 25.0]
[12.0, 18.0, 18.0, 12.0, 8.0, 12.0]
[12.0, 18.0, 18.0, 8.0, 12.0, 8.0]
T = 0.054975581388800036	 step = 554
99.55000000000001
14.125899621212119
[25.0, 32.0, 12.0, 9.0, 37.0, 7.0]
[33.0, 14.0, 11.0, 36.0, 30.0, 25.0]
[12.0, 18.0, 18.0, 12.0, 8.0, 12.0]
[12.0, 18.0, 18.0, 8.0, 12.0, 8.0]
T = 0.054975581388800036	 step = 555
100.95000000000005
13.87211174242424
[25.0, 32.0, 13.0, 9.0, 37.0, 7.0]
[33.0, 14.0, 11.0, 36.0, 30.0, 25.0]
[12.0, 18.0, 18.0, 12.0, 8.0, 12.0]
[12.0, 18.0, 18.0, 8.0, 12.0, 8.0]
T = 0.054975581388800036	 step = 556
99.57000000000005
13.903677398989895
[25.0, 32.0, 12.0, 10.0, 37.0, 7.0]
[33.0, 14.0, 11.0, 36.0, 30.0, 25.0]
[12.0, 18.0, 18.0, 12.0, 8.0, 12.0]
[12.0, 18.0, 18.0, 8.0, 12.0, 8.0]
T = 0.054975581388800036	 step = 557
99.77000000000004
13.642466856060603
[25.0, 32.0, 12.0, 10.0, 37.0, 7.0]
[32.0, 14.0, 11.0, 36.0, 30.0, 25.0]
[12.0, 18.0, 18.0, 12.0, 8.0, 12.0]
[12.0, 18.0, 18.0, 8.0, 12.0, 8.0]
T = 0.054975581388800036	 step = 558
99.21000000000004
13.896254734848482
[25.0, 32.0, 11.0, 10.0, 37.0, 7.0]
[32.0, 14.0, 11.0, 36.0, 30.0, 25.0]
[12.0, 18.0, 18.0, 12.0, 8.0, 12.0]
[12.0, 18.0, 18.0, 8.0, 12.0, 8.0]
T = 0.054975581388800036	 step = 559
99.23000000000002
13.935121527777776
[25.0, 32.0, 11.0, 10.0, 36.0, 7.0]
[32.0, 14.0, 11.0, 36.0, 30.0, 25.0]
[12.0, 18.0, 18.0, 12.0, 8.0, 12.0]
[12.0, 18.0, 18.0, 8.0, 12.0, 8.0]
T = 0.054975581388800036	 step = 560
99.80000000000001
13.681333648989899
[25.0, 32.0, 12.0, 10.0, 36.0, 7.0]
[32.0, 14.0, 11.0, 36.0, 30.0, 25.0]
[12.0, 18.0, 18.0, 12.0, 8.0, 12.0]
[12.0, 18.0, 18.0, 8.0, 12.0, 8.0]
T = 0.054975581388800036	 step = 561
99.26000000000005
13.966687184343433
[25.0, 32.0, 11.0, 10.0, 36.0, 8.0]
[32.0, 14.0, 11.0, 36.0, 30.0, 25.0]
[12.0, 18.0, 18.0, 12.0, 8.0, 12.0]
[12.0, 18.0, 18.0, 8.0, 12.0, 8.0]
T = 0.054975581388800036	 step = 562
99.24000000000001
13.927820391414139
[25.0, 32.0, 11.0, 10.0, 37.0, 8.0]
[32.0, 14.0, 11.0, 36.0, 30.0, 25.0]
[12.0, 18.0, 18.0, 12.0, 8.0, 12.0]
[12.0, 18.0, 18.0, 8.0, 12.0, 8.0]
T = 0.054975581388800036	 step = 563
99.22000000000003
14.04994160353535
[25.0, 32.0, 11.0, 10.0, 37.0, 8.0]
[32.0, 14.0, 11.0, 37.0, 30.0, 25.0]
[12.0, 18.0, 18.0, 12.0, 8.0, 12.0]
[12.0, 18.0, 18.0, 8.0, 12.0, 8.0]
T = 0.054975581388800036	 step = 564
99.16000000000003
14.462820391414137
[25.0, 32.0, 11.0, 10.0, 37.0, 7.0]
[32.0, 14.0, 11.0, 37.0, 30.0, 27.0]
[12.0, 18.0, 18.0, 12.0, 8.0, 12.0]
[12.0, 18.0, 18.0, 8.0, 12.0, 8.0]
T = 0.054975581388800036	 step = 565
99.02000000000004
14.15004261363636
[25.0, 32.0, 11.0, 10.0, 37.0, 8.0]
[33.0, 14.0, 11.0, 37.0, 30.0, 25.0]
[12.0, 18.0, 18.0, 12.0, 8.0, 12.0]
[12.0, 18.0, 18.0, 8.0, 12.0, 8.0]
T = 0.054975581388800036	 step = 566
99.04000000000002
14.189030934343432
[25.0, 32.0, 11.0, 10.0, 37.0, 8.0]
[33.0, 14.0, 11.0, 36.0, 30.0, 25.0]
[12.0, 18.0, 18.0, 12.0, 8.0, 12.0]
[12.0, 18.0, 18.0, 8.0, 12.0, 8.0]
T = 0.054975581388800036	 step = 567
99.02000000000004
14.15004261363636
[25.0, 32.0, 11.0, 10.0, 37.0, 8.0]
[33.0, 14.0, 11.0, 37.0, 30.0, 25.0]
[12.0, 18.0, 18.0, 12.0, 8.0, 12.0]
[12.0, 18.0, 18.0, 8.0, 12.0, 8.0]
T = 0.054975581388800036	 step = 568
99.04000000000002
14.188909406565655
[25.0, 32.0, 11.0, 10.0, 36.0, 8.0]
[33.0, 14.0, 11.0, 37.0, 30.0, 25.0]
[12.0, 18.0, 18.0, 12.0, 8.0, 12.0]
[12.0, 18.0, 18.0, 8.0, 12.0, 8.0]
T = 0.054975581388800036	 step = 569
98.53000000000003
14.554149305555555
[25.0, 32.0, 10.0, 10.0, 36.0, 8.0]
[33.0, 14.0, 11.0, 37.0, 30.0, 25.0]
[12.0, 18.0, 18.0, 12.0, 8.0, 12.0]
[12.0, 18.0, 18.0, 8.0, 12.0, 8.0]
T = 0.054975581388800036	 step = 570
98.46000000000004
14.998593749999998
[25.0, 32.0, 10.0, 10.0, 36.0, 8.0]
[33.0, 14.0, 10.0, 37.0, 30.0, 25.0]
[12.0, 18.0, 18.0, 12.0, 8.0, 12.0]
[12.0, 18.0, 18.0, 8.0, 12.0, 8.0]
T = 0.054975581388800036	 step = 571
98.44
15.22081597222222
[25.0, 32.0, 10.0, 9.0, 36.0, 8.0]
[33.0, 14.0, 10.0, 37.0, 30.0, 25.0]
[12.0, 18.0, 18.0, 12.0, 8.0, 12.0]
[12.0, 18.0, 18.0, 8.0, 12.0, 8.0]
T = 0.054975581388800036	 step = 572
98.64000000000004
15.120714962121209
[25.0, 32.0, 10.0, 9.0, 36.0, 8.0]
[32.0, 14.0, 10.0, 37.0, 30.0, 25.0]
[12.0, 18.0, 18.0, 12.0, 8.0, 12.0]
[12.0, 18.0, 18.0, 8.0, 12.0, 8.0]
T = 0.054975581388800036	 step = 573
98.94
14.855576073232323
[25.0, 32.0, 11.0, 9.0, 36.0, 8.0]
[33.0, 14.0, 10.0, 37.0, 30.0, 25.0]
[12.0, 18.0, 18.0, 12.0, 8.0, 12.0]
[12.0, 18.0, 18.0, 8.0, 12.0, 8.0]
T = 0.054975581388800036	 step = 574
98.92000000000002
14.816709280303028
[25.0, 32.0, 11.0, 9.0, 37.0, 8.0]
[33.0, 14.0, 10.0, 37.0, 30.0, 25.0]
[12.0, 18.0, 18.0, 12.0, 8.0, 12.0]
[12.0, 18.0, 18.0, 8.0, 12.0, 8.0]
T = 0.054975581388800036	 step = 575
98.93
14.594487058080805
[25.0, 32.0, 11.0, 10.0, 37.0, 8.0]
[33.0, 14.0, 10.0, 37.0, 30.0, 25.0]
[12.0, 18.0, 18.0, 12.0, 8.0, 12.0]
[12.0, 18.0, 18.0, 8.0, 12.0, 8.0]
T = 0.054975581388800036	 step = 576
98.98000000000002
14.978295454545451
[26.0, 32.0, 11.0, 10.0, 37.0, 8.0]
[33.0, 14.0, 10.0, 37.0, 30.0, 25.0]
[12.0, 18.0, 18.0, 12.0, 8.0, 12.0]
[12.0, 18.0, 18.0, 8.0, 12.0, 8.0]
T = 0.054975581388800036	 step = 577
99.81
14.664532828282825
[25.0, 31.0, 11.0, 10.0, 37.0, 8.0]
[33.0, 14.0, 10.0, 37.0, 30.0, 25.0]
[12.0, 18.0, 18.0, 12.0, 8.0, 12.0]
[12.0, 18.0, 18.0, 8.0, 12.0, 8.0]
T = 0.054975581388800036	 step = 578
98.92000000000002
14.816709280303028
[25.0, 32.0, 11.0, 9.0, 37.0, 8.0]
[33.0, 14.0, 10.0, 37.0, 30.0, 25.0]
[12.0, 18.0, 18.0, 12.0, 8.0, 12.0]
[12.0, 18.0, 18.0, 8.0, 12.0, 8.0]
T = 0.054975581388800036	 step = 579
98.90000000000003
15.03893150252525
[25.0, 32.0, 11.0, 9.0, 37.0, 8.0]
[33.0, 14.0, 10.0, 37.0, 30.0, 26.0]
[12.0, 18.0, 18.0, 12.0, 8.0, 12.0]
[12.0, 18.0, 18.0, 8.0, 12.0, 8.0]
T = 0.054975581388800036	 step = 580
98.40000000000003
15.40417140151515
[25.0, 32.0, 10.0, 9.0, 37.0, 8.0]
[33.0, 14.0, 10.0, 37.0, 30.0, 26.0]
[12.0, 18.0, 18.0, 12.0, 8.0, 12.0]
[12.0, 18.0, 18.0, 8.0, 12.0, 8.0]
T = 0.054975581388800036	 step = 581
98.43
15.548742108585856
[25.0, 32.0, 10.0, 9.0, 37.0, 9.0]
[33.0, 14.0, 10.0, 37.0, 30.0, 26.0]
[12.0, 18.0, 18.0, 12.0, 8.0, 12.0]
[12.0, 18.0, 18.0, 8.0, 12.0, 8.0]
T = 0.054975581388800036	 step = 582
98.41000000000003
15.770964330808079
[25.0, 32.0, 10.0, 8.0, 37.0, 9.0]
[33.0, 14.0, 10.0, 37.0, 30.0, 26.0]
[12.0, 18.0, 18.0, 12.0, 8.0, 12.0]
[12.0, 18.0, 18.0, 8.0, 12.0, 8.0]
T = 0.054975581388800036	 step = 583
98.38
15.626393623737371
[25.0, 32.0, 10.0, 8.0, 37.0, 8.0]
[33.0, 14.0, 10.0, 37.0, 30.0, 26.0]
[12.0, 18.0, 18.0, 12.0, 8.0, 12.0]
[12.0, 18.0, 18.0, 8.0, 12.0, 8.0]
T = 0.054975581388800036	 step = 584
98.40000000000003
15.40417140151515
[25.0, 32.0, 10.0, 9.0, 37.0, 8.0]
[33.0, 14.0, 10.0, 37.0, 30.0, 26.0]
[12.0, 18.0, 18.0, 12.0, 8.0, 12.0]
[12.0, 18.0, 18.0, 8.0, 12.0, 8.0]
T = 0.054975581388800036	 step = 585
98.21000000000004
15.665381944444443
[25.0, 32.0, 10.0, 9.0, 37.0, 8.0]
[34.0, 14.0, 10.0, 37.0, 30.0, 26.0]
[12.0, 18.0, 18.0, 12.0, 8.0, 12.0]
[12.0, 18.0, 18.0, 8.0, 12.0, 8.0]
T = 0.054975581388800036	 step = 586
98.23000000000002
15.69475694444444
[25.0, 32.0, 10.0, 9.0, 37.0, 8.0]
[34.0, 14.0, 10.0, 36.0, 30.0, 26.0]
[12.0, 18.0, 18.0, 12.0, 8.0, 12.0]
[12.0, 18.0, 18.0, 8.0, 12.0, 8.0]
T = 0.054975581388800036	 step = 587
98.08000000000004
14.93570549242424
[23.0, 32.0, 10.0, 9.0, 37.0, 8.0]
[34.0, 14.0, 10.0, 36.0, 30.0, 26.0]
[12.0, 18.0, 18.0, 12.0, 8.0, 12.0]
[12.0, 18.0, 18.0, 8.0, 12.0, 8.0]
T = 0.054975581388800036	 step = 588
98.07000000000005
15.157927714646464
[23.0, 32.0, 10.0, 9.0, 37.0, 8.0]
[34.0, 14.0, 10.0, 36.0, 30.0, 27.0]
[12.0, 18.0, 18.0, 12.0, 8.0, 12.0]
[12.0, 18.0, 18.0, 8.0, 12.0, 8.0]
T = 0.054975581388800036	 step = 589
97.83000000000004
15.380149936868683
[23.0, 32.0, 10.0, 9.0, 37.0, 8.0]
[34.0, 13.0, 10.0, 36.0, 30.0, 27.0]
[12.0, 18.0, 18.0, 12.0, 8.0, 12.0]
[12.0, 18.0, 18.0, 8.0, 12.0, 8.0]
T = 0.043980465111040035	 step = 590
97.62
15.602372159090908
[23.0, 32.0, 10.0, 9.0, 37.0, 8.0]
[34.0, 12.0, 10.0, 36.0, 30.0, 27.0]
[12.0, 18.0, 18.0, 12.0, 8.0, 12.0]
[12.0, 18.0, 18.0, 8.0, 12.0, 8.0]
T = 0.043980465111040035	 step = 591
97.65000000000003
15.157927714646464
[23.0, 32.0, 10.0, 9.0, 37.0, 8.0]
[34.0, 12.0, 11.0, 36.0, 30.0, 27.0]
[12.0, 18.0, 18.0, 12.0, 8.0, 12.0]
[12.0, 18.0, 18.0, 8.0, 12.0, 8.0]
T = 0.043980465111040035	 step = 592
97.62
15.013357007575754
[23.0, 32.0, 10.0, 9.0, 37.0, 7.0]
[34.0, 12.0, 11.0, 36.0, 30.0, 27.0]
[12.0, 18.0, 18.0, 12.0, 8.0, 12.0]
[12.0, 18.0, 18.0, 8.0, 12.0, 8.0]
T = 0.043980465111040035	 step = 593
97.94
15.906172664141412
[26.0, 32.0, 10.0, 9.0, 37.0, 7.0]
[33.0, 12.0, 11.0, 36.0, 30.0, 27.0]
[12.0, 18.0, 18.0, 12.0, 8.0, 12.0]
[12.0, 18.0, 18.0, 8.0, 12.0, 8.0]
T = 0.043980465111040035	 step = 594
97.65000000000003
15.157927714646464
[23.0, 32.0, 10.0, 9.0, 37.0, 8.0]
[34.0, 12.0, 11.0, 36.0, 30.0, 27.0]
[12.0, 18.0, 18.0, 12.0, 8.0, 12.0]
[12.0, 18.0, 18.0, 8.0, 12.0, 8.0]
T = 0.043980465111040035	 step = 595
97.67000000000002
15.196794507575754
[23.0, 32.0, 10.0, 9.0, 36.0, 8.0]
[34.0, 12.0, 11.0, 36.0, 30.0, 27.0]
[12.0, 18.0, 18.0, 12.0, 8.0, 12.0]
[12.0, 18.0, 18.0, 8.0, 12.0, 8.0]
T = 0.043980465111040035	 step = 596
97.59000000000003
14.906821338383837
[22.0, 32.0, 10.0, 9.0, 36.0, 8.0]
[34.0, 12.0, 11.0, 36.0, 30.0, 27.0]
[12.0, 18.0, 18.0, 12.0, 8.0, 12.0]
[12.0, 18.0, 18.0, 8.0, 12.0, 8.0]
T = 0.043980465111040035	 step = 597
97.61000000000001
15.051392045454545
[22.0, 32.0, 10.0, 9.0, 36.0, 9.0]
[34.0, 12.0, 11.0, 36.0, 30.0, 27.0]
[12.0, 18.0, 18.0, 12.0, 8.0, 12.0]
[12.0, 18.0, 18.0, 8.0, 12.0, 8.0]
T = 0.043980465111040035	 step = 598
98.72000000000003
15.244206912878786
[25.0, 32.0, 10.0, 9.0, 36.0, 8.0]
[29.0, 12.0, 11.0, 36.0, 30.0, 27.0]
[12.0, 18.0, 18.0, 12.0, 8.0, 12.0]
[12.0, 18.0, 18.0, 8.0, 12.0, 8.0]
T = 0.043980465111040035	 step = 599
97.79000000000002
14.462376893939393
[22.0, 32.0, 10.0, 9.0, 36.0, 8.0]
[34.0, 12.0, 12.0, 36.0, 30.0, 27.0]
[12.0, 18.0, 18.0, 12.0, 8.0, 12.0]
[12.0, 18.0, 18.0, 8.0, 12.0, 8.0]
T = 0.043980465111040035	 step = 600
97.75
14.43489583333333
[22.0, 32.0, 10.0, 9.0, 36.0, 8.0]
[34.0, 12.0, 12.0, 37.0, 30.0, 27.0]
[12.0, 18.0, 18.0, 12.0, 8.0, 12.0]
[12.0, 18.0, 18.0, 8.0, 12.0, 8.0]
T = 0.043980465111040035	 step = 601
97.83000000000004
14.212673611111109
[22.0, 32.0, 10.0, 9.0, 36.0, 8.0]
[34.0, 13.0, 12.0, 37.0, 30.0, 27.0]
[12.0, 18.0, 18.0, 12.0, 8.0, 12.0]
[12.0, 18.0, 18.0, 8.0, 12.0, 8.0]
T = 0.043980465111040035	 step = 602
98.54000000000002
13.845880681818182
[22.0, 32.0, 11.0, 9.0, 36.0, 8.0]
[34.0, 13.0, 12.0, 37.0, 30.0, 27.0]
[12.0, 18.0, 18.0, 12.0, 8.0, 12.0]
[12.0, 18.0, 18.0, 8.0, 12.0, 8.0]
T = 0.043980465111040035	 step = 603
97.85000000000002
14.24015467171717
[22.0, 32.0, 10.0, 9.0, 36.0, 8.0]
[34.0, 13.0, 12.0, 36.0, 30.0, 27.0]
[12.0, 18.0, 18.0, 12.0, 8.0, 12.0]
[12.0, 18.0, 18.0, 8.0, 12.0, 8.0]
T = 0.043980465111040035	 step = 604
97.83000000000004
14.212673611111109
[22.0, 32.0, 10.0, 9.0, 36.0, 8.0]
[34.0, 13.0, 12.0, 37.0, 30.0, 27.0]
[12.0, 18.0, 18.0, 12.0, 8.0, 12.0]
[12.0, 18.0, 18.0, 8.0, 12.0, 8.0]
T = 0.043980465111040035	 step = 605
97.83000000000004
14.40648674242424
[22.0, 32.0, 10.0, 9.0, 35.0, 8.0]
[34.0, 13.0, 12.0, 37.0, 30.0, 27.0]
[12.0, 18.0, 18.0, 12.0, 8.0, 12.0]
[12.0, 18.0, 18.0, 8.0, 12.0, 8.0]
T = 0.043980465111040035	 step = 606
97.66000000000003
14.656190025252524
[22.0, 32.0, 10.0, 9.0, 35.0, 8.0]
[35.0, 13.0, 12.0, 37.0, 30.0, 27.0]
[12.0, 18.0, 18.0, 12.0, 8.0, 12.0]
[12.0, 18.0, 18.0, 8.0, 12.0, 8.0]
T = 0.043980465111040035	 step = 607
97.93
14.433967803030303
[22.0, 32.0, 10.0, 9.0, 35.0, 8.0]
[35.0, 14.0, 12.0, 37.0, 30.0, 27.0]
[12.0, 18.0, 18.0, 12.0, 8.0, 12.0]
[12.0, 18.0, 18.0, 8.0, 12.0, 8.0]
T = 0.043980465111040035	 step = 608
97.91000000000003
14.656190025252524
[22.0, 32.0, 10.0, 9.0, 35.0, 8.0]
[35.0, 14.0, 12.0, 37.0, 30.0, 28.0]
[12.0, 18.0, 18.0, 12.0, 8.0, 12.0]
[12.0, 18.0, 18.0, 8.0, 12.0, 8.0]
T = 0.043980465111040035	 step = 609
98.43
14.289397095959595
[22.0, 32.0, 11.0, 9.0, 35.0, 8.0]
[35.0, 14.0, 12.0, 37.0, 30.0, 28.0]
[12.0, 18.0, 18.0, 12.0, 8.0, 12.0]
[12.0, 18.0, 18.0, 8.0, 12.0, 8.0]
T = 0.043980465111040035	 step = 610
97.90000000000003
14.878412247474747
[22.0, 32.0, 10.0, 8.0, 35.0, 8.0]
[35.0, 14.0, 12.0, 37.0, 30.0, 28.0]
[12.0, 18.0, 18.0, 12.0, 8.0, 12.0]
[12.0, 18.0, 18.0, 8.0, 12.0, 8.0]
T = 0.043980465111040035	 step = 611
97.90000000000003
14.684599116161616
[22.0, 32.0, 10.0, 8.0, 36.0, 8.0]
[35.0, 14.0, 12.0, 37.0, 30.0, 28.0]
[12.0, 18.0, 18.0, 12.0, 8.0, 12.0]
[12.0, 18.0, 18.0, 8.0, 12.0, 8.0]
T = 0.043980465111040035	 step = 612
97.88
14.906821338383837
[22.0, 32.0, 10.0, 7.0, 36.0, 8.0]
[35.0, 14.0, 12.0, 37.0, 30.0, 28.0]
[12.0, 18.0, 18.0, 12.0, 8.0, 12.0]
[12.0, 18.0, 18.0, 8.0, 12.0, 8.0]
T = 0.043980465111040035	 step = 613
97.88
14.462376893939393
[22.0, 32.0, 10.0, 7.0, 36.0, 8.0]
[35.0, 14.0, 13.0, 37.0, 30.0, 28.0]
[12.0, 18.0, 18.0, 12.0, 8.0, 12.0]
[12.0, 18.0, 18.0, 8.0, 12.0, 8.0]
T = 0.043980465111040035	 step = 614
98.75
14.269038825757574
[22.0, 31.0, 10.0, 7.0, 36.0, 8.0]
[35.0, 14.0, 13.0, 37.0, 30.0, 28.0]
[12.0, 18.0, 18.0, 12.0, 8.0, 12.0]
[12.0, 18.0, 18.0, 8.0, 12.0, 8.0]
T = 0.043980465111040035	 step = 615
98.63
14.095583964646464
[22.0, 32.0, 11.0, 7.0, 36.0, 8.0]
[35.0, 14.0, 13.0, 37.0, 30.0, 28.0]
[12.0, 18.0, 18.0, 12.0, 8.0, 12.0]
[12.0, 18.0, 18.0, 8.0, 12.0, 8.0]
T = 0.043980465111040035	 step = 616
99.42000000000002
13.39735164141414
[22.0, 32.0, 12.0, 7.0, 36.0, 8.0]
[35.0, 14.0, 14.0, 37.0, 30.0, 28.0]
[12.0, 18.0, 18.0, 12.0, 8.0, 12.0]
[12.0, 18.0, 18.0, 8.0, 12.0, 8.0]
T = 0.043980465111040035	 step = 617
97.87
14.1767077020202
[21.0, 32.0, 10.0, 7.0, 36.0, 8.0]
[35.0, 14.0, 13.0, 37.0, 30.0, 28.0]
[12.0, 18.0, 18.0, 12.0, 8.0, 12.0]
[12.0, 18.0, 18.0, 8.0, 12.0, 8.0]
T = 0.043980465111040035	 step = 618
98.21000000000004
13.732263257575758
[21.0, 32.0, 10.0, 7.0, 36.0, 8.0]
[35.0, 14.0, 14.0, 37.0, 30.0, 28.0]
[12.0, 18.0, 18.0, 12.0, 8.0, 12.0]
[12.0, 18.0, 18.0, 8.0, 12.0, 8.0]
T = 0.043980465111040035	 step = 619
97.88
14.462376893939393
[22.0, 32.0, 10.0, 7.0, 36.0, 8.0]
[35.0, 14.0, 13.0, 37.0, 30.0, 28.0]
[12.0, 18.0, 18.0, 12.0, 8.0, 12.0]
[12.0, 18.0, 18.0, 8.0, 12.0, 8.0]
T = 0.043980465111040035	 step = 620
97.89000000000004
14.240154671717171
[22.0, 32.0, 10.0, 8.0, 36.0, 8.0]
[35.0, 14.0, 13.0, 37.0, 30.0, 28.0]
[12.0, 18.0, 18.0, 12.0, 8.0, 12.0]
[12.0, 18.0, 18.0, 8.0, 12.0, 8.0]
T = 0.043980465111040035	 step = 621
98.76000000000005
14.04681660353535
[22.0, 31.0, 10.0, 8.0, 36.0, 8.0]
[35.0, 14.0, 13.0, 37.0, 30.0, 28.0]
[12.0, 18.0, 18.0, 12.0, 8.0, 12.0]
[12.0, 18.0, 18.0, 8.0, 12.0, 8.0]
T = 0.043980465111040035	 step = 622
97.88
14.462376893939393
[22.0, 32.0, 10.0, 7.0, 36.0, 8.0]
[35.0, 14.0, 13.0, 37.0, 30.0, 28.0]
[12.0, 18.0, 18.0, 12.0, 8.0, 12.0]
[12.0, 18.0, 18.0, 8.0, 12.0, 8.0]
T = 0.043980465111040035	 step = 623
97.91000000000003
14.017932449494948
[22.0, 32.0, 10.0, 9.0, 36.0, 8.0]
[35.0, 14.0, 13.0, 37.0, 30.0, 28.0]
[12.0, 18.0, 18.0, 12.0, 8.0, 12.0]
[12.0, 18.0, 18.0, 8.0, 12.0, 8.0]
T = 0.043980465111040035	 step = 624
97.89000000000004
14.240154671717171
[22.0, 32.0, 10.0, 8.0, 36.0, 8.0]
[35.0, 14.0, 13.0, 37.0, 30.0, 28.0]
[12.0, 18.0, 18.0, 12.0, 8.0, 12.0]
[12.0, 18.0, 18.0, 8.0, 12.0, 8.0]
T = 0.043980465111040035	 step = 625
97.79000000000002
14.462376893939393
[22.0, 32.0, 10.0, 8.0, 36.0, 8.0]
[35.0, 13.0, 13.0, 37.0, 30.0, 28.0]
[12.0, 18.0, 18.0, 12.0, 8.0, 12.0]
[12.0, 18.0, 18.0, 8.0, 12.0, 8.0]
T = 0.043980465111040035	 step = 626
97.87
14.1767077020202
[21.0, 32.0, 10.0, 8.0, 36.0, 8.0]
[35.0, 13.0, 13.0, 37.0, 30.0, 28.0]
[12.0, 18.0, 18.0, 12.0, 8.0, 12.0]
[12.0, 18.0, 18.0, 8.0, 12.0, 8.0]
T = 0.043980465111040035	 step = 627
97.79000000000002
14.462376893939393
[22.0, 32.0, 10.0, 8.0, 36.0, 8.0]
[35.0, 13.0, 13.0, 37.0, 30.0, 28.0]
[12.0, 18.0, 18.0, 12.0, 8.0, 12.0]
[12.0, 18.0, 18.0, 8.0, 12.0, 8.0]
T = 0.043980465111040035	 step = 628
97.78000000000003
14.684599116161616
[22.0, 32.0, 10.0, 7.0, 36.0, 8.0]
[35.0, 13.0, 13.0, 37.0, 30.0, 28.0]
[12.0, 18.0, 18.0, 12.0, 8.0, 12.0]
[12.0, 18.0, 18.0, 8.0, 12.0, 8.0]
T = 0.043980465111040035	 step = 629
98.46000000000004
14.269038825757573
[22.0, 31.0, 10.0, 8.0, 36.0, 8.0]
[35.0, 13.0, 13.0, 37.0, 30.0, 28.0]
[12.0, 18.0, 18.0, 12.0, 8.0, 12.0]
[12.0, 18.0, 18.0, 8.0, 12.0, 8.0]
T = 0.043980465111040035	 step = 630
98.47000000000003
14.04681660353535
[22.0, 31.0, 10.0, 9.0, 36.0, 8.0]
[35.0, 13.0, 13.0, 37.0, 30.0, 28.0]
[12.0, 18.0, 18.0, 12.0, 8.0, 12.0]
[12.0, 18.0, 18.0, 8.0, 12.0, 8.0]
T = 0.043980465111040035	 step = 631
98.33000000000004
14.491261047979796
[22.0, 31.0, 10.0, 9.0, 36.0, 8.0]
[35.0, 12.0, 13.0, 37.0, 30.0, 28.0]
[12.0, 18.0, 18.0, 12.0, 8.0, 12.0]
[12.0, 18.0, 18.0, 8.0, 12.0, 8.0]
T = 0.03518437208883203	 step = 632
98.61000000000001
14.269038825757574
[22.0, 31.0, 10.0, 9.0, 36.0, 8.0]
[35.0, 12.0, 14.0, 37.0, 30.0, 28.0]
[12.0, 18.0, 18.0, 12.0, 8.0, 12.0]
[12.0, 18.0, 18.0, 8.0, 12.0, 8.0]
T = 0.03518437208883203	 step = 633
98.33000000000004
14.713483270202019
[22.0, 31.0, 10.0, 8.0, 36.0, 8.0]
[35.0, 12.0, 13.0, 37.0, 30.0, 28.0]
[12.0, 18.0, 18.0, 12.0, 8.0, 12.0]
[12.0, 18.0, 18.0, 8.0, 12.0, 8.0]
T = 0.03518437208883203	 step = 634
98.31
14.844165088383834
[22.0, 31.0, 10.0, 8.0, 37.0, 8.0]
[35.0, 12.0, 13.0, 37.0, 30.0, 28.0]
[12.0, 18.0, 18.0, 12.0, 8.0, 12.0]
[12.0, 18.0, 18.0, 8.0, 12.0, 8.0]
T = 0.03518437208883203	 step = 635
98.30000000000001
15.066387310606057
[22.0, 31.0, 10.0, 8.0, 37.0, 8.0]
[35.0, 12.0, 13.0, 37.0, 31.0, 28.0]
[12.0, 18.0, 18.0, 12.0, 8.0, 12.0]
[12.0, 18.0, 18.0, 8.0, 12.0, 8.0]
T = 0.03518437208883203	 step = 636
98.24000000000001
15.447572601010098
[23.0, 31.0, 10.0, 8.0, 37.0, 8.0]
[35.0, 12.0, 13.0, 37.0, 31.0, 28.0]
[12.0, 18.0, 18.0, 12.0, 8.0, 12.0]
[12.0, 18.0, 18.0, 8.0, 12.0, 8.0]
T = 0.03518437208883203	 step = 637
98.23000000000002
15.303001893939392
[23.0, 31.0, 10.0, 8.0, 37.0, 7.0]
[35.0, 12.0, 13.0, 37.0, 31.0, 28.0]
[12.0, 18.0, 18.0, 12.0, 8.0, 12.0]
[12.0, 18.0, 18.0, 8.0, 12.0, 8.0]
T = 0.03518437208883203	 step = 638
98.04000000000002
14.34669034090909
[23.0, 32.0, 10.0, 8.0, 37.0, 7.0]
[35.0, 15.0, 13.0, 37.0, 31.0, 28.0]
[12.0, 18.0, 18.0, 12.0, 8.0, 12.0]
[12.0, 18.0, 18.0, 8.0, 12.0, 8.0]
T = 0.03518437208883203	 step = 639
98.07000000000005
14.38555713383838
[23.0, 32.0, 10.0, 8.0, 36.0, 7.0]
[35.0, 15.0, 13.0, 37.0, 31.0, 28.0]
[12.0, 18.0, 18.0, 12.0, 8.0, 12.0]
[12.0, 18.0, 18.0, 8.0, 12.0, 8.0]
T = 0.03518437208883203	 step = 640
98.08000000000004
14.16333491161616
[23.0, 32.0, 10.0, 8.0, 36.0, 7.0]
[35.0, 15.0, 13.0, 37.0, 31.0, 27.0]
[12.0, 18.0, 18.0, 12.0, 8.0, 12.0]
[12.0, 18.0, 18.0, 8.0, 12.0, 8.0]
T = 0.03518437208883203	 step = 641
98.61000000000001
13.90954703282828
[23.0, 32.0, 11.0, 8.0, 36.0, 7.0]
[35.0, 15.0, 13.0, 37.0, 31.0, 27.0]
[12.0, 18.0, 18.0, 12.0, 8.0, 12.0]
[12.0, 18.0, 18.0, 8.0, 12.0, 8.0]
T = 0.03518437208883203	 step = 642
98.28000000000003
13.911950757575754
[23.0, 32.0, 10.0, 8.0, 36.0, 7.0]
[34.0, 15.0, 13.0, 37.0, 31.0, 27.0]
[12.0, 18.0, 18.0, 12.0, 8.0, 12.0]
[12.0, 18.0, 18.0, 8.0, 12.0, 8.0]
T = 0.03518437208883203	 step = 643
98.08000000000004
14.16333491161616
[23.0, 32.0, 10.0, 8.0, 36.0, 7.0]
[35.0, 15.0, 13.0, 37.0, 31.0, 27.0]
[12.0, 18.0, 18.0, 12.0, 8.0, 12.0]
[12.0, 18.0, 18.0, 8.0, 12.0, 8.0]
T = 0.03518437208883203	 step = 644
98.09000000000003
14.35714804292929
[23.0, 32.0, 10.0, 8.0, 35.0, 7.0]
[35.0, 15.0, 13.0, 37.0, 31.0, 27.0]
[12.0, 18.0, 18.0, 12.0, 8.0, 12.0]
[12.0, 18.0, 18.0, 8.0, 12.0, 8.0]
T = 0.03518437208883203	 step = 645
98.03000000000003
14.579370265151512
[23.0, 32.0, 10.0, 8.0, 35.0, 7.0]
[35.0, 15.0, 13.0, 37.0, 32.0, 27.0]
[12.0, 18.0, 18.0, 12.0, 8.0, 12.0]
[12.0, 18.0, 18.0, 8.0, 12.0, 8.0]
T = 0.03518437208883203	 step = 646
98.30000000000001
14.35714804292929
[23.0, 32.0, 10.0, 8.0, 35.0, 7.0]
[35.0, 16.0, 13.0, 37.0, 32.0, 27.0]
[12.0, 18.0, 18.0, 12.0, 8.0, 12.0]
[12.0, 18.0, 18.0, 8.0, 12.0, 8.0]
T = 0.03518437208883203	 step = 647
98.87
15.486031407828282
[23.0, 30.0, 10.0, 8.0, 35.0, 7.0]
[35.0, 11.0, 13.0, 37.0, 32.0, 27.0]
[12.0, 18.0, 18.0, 12.0, 8.0, 12.0]
[12.0, 18.0, 18.0, 8.0, 12.0, 8.0]
T = 0.03518437208883203	 step = 648
98.48000000000002
13.272485795454546
[21.0, 32.0, 10.0, 8.0, 35.0, 7.0]
[33.0, 16.0, 13.0, 37.0, 32.0, 27.0]
[12.0, 18.0, 18.0, 12.0, 8.0, 12.0]
[12.0, 18.0, 18.0, 8.0, 12.0, 8.0]
T = 0.03518437208883203	 step = 649
99.0
13.018697916666667
[21.0, 32.0, 11.0, 8.0, 35.0, 7.0]
[33.0, 16.0, 13.0, 37.0, 32.0, 27.0]
[12.0, 18.0, 18.0, 12.0, 8.0, 12.0]
[12.0, 18.0, 18.0, 8.0, 12.0, 8.0]
T = 0.03518437208883203	 step = 650
99.40000000000003
12.919897411616159
[21.0, 31.0, 10.0, 8.0, 35.0, 7.0]
[33.0, 16.0, 13.0, 37.0, 32.0, 27.0]
[12.0, 18.0, 18.0, 12.0, 8.0, 12.0]
[12.0, 18.0, 18.0, 8.0, 12.0, 8.0]
T = 0.03518437208883203	 step = 651
98.57000000000005
13.558154987373735
[22.0, 32.0, 10.0, 8.0, 35.0, 7.0]
[33.0, 16.0, 13.0, 37.0, 32.0, 27.0]
[12.0, 18.0, 18.0, 12.0, 8.0, 12.0]
[12.0, 18.0, 18.0, 8.0, 12.0, 8.0]
T = 0.03518437208883203	 step = 652
98.61000000000001
13.702725694444442
[22.0, 32.0, 10.0, 8.0, 35.0, 8.0]
[33.0, 16.0, 13.0, 37.0, 32.0, 27.0]
[12.0, 18.0, 18.0, 12.0, 8.0, 12.0]
[12.0, 18.0, 18.0, 8.0, 12.0, 8.0]
T = 0.03518437208883203	 step = 653
98.61000000000001
13.702725694444442
[22.0, 32.0, 10.0, 8.0, 35.0, 8.0]
[33.0, 16.0, 13.0, 37.0, 32.0, 27.0]
[12.0, 18.0, 18.0, 12.0, 8.0, 12.0]
[12.0, 18.0, 18.0, 8.0, 12.0, 8.0]
T = 0.03518437208883203	 step = 654
98.61000000000001
13.702725694444442
[22.0, 32.0, 10.0, 8.0, 35.0, 8.0]
[33.0, 16.0, 13.0, 37.0, 32.0, 27.0]
[12.0, 18.0, 18.0, 12.0, 8.0, 12.0]
[12.0, 18.0, 18.0, 8.0, 12.0, 8.0]
T = 0.03518437208883203	 step = 655
98.70000000000005
13.844553345959593
[23.0, 32.0, 10.0, 8.0, 35.0, 7.0]
[33.0, 16.0, 13.0, 37.0, 32.0, 27.0]
[12.0, 18.0, 18.0, 12.0, 8.0, 12.0]
[12.0, 18.0, 18.0, 8.0, 12.0, 8.0]
T = 0.03518437208883203	 step = 656
98.51000000000005
14.105763888888886
[23.0, 32.0, 10.0, 8.0, 35.0, 7.0]
[34.0, 16.0, 13.0, 37.0, 32.0, 27.0]
[12.0, 18.0, 18.0, 12.0, 8.0, 12.0]
[12.0, 18.0, 18.0, 8.0, 12.0, 8.0]
T = 0.03518437208883203	 step = 657
98.49000000000001
14.327986111111109
[23.0, 32.0, 10.0, 8.0, 35.0, 7.0]
[34.0, 16.0, 13.0, 37.0, 32.0, 28.0]
[12.0, 18.0, 18.0, 12.0, 8.0, 12.0]
[12.0, 18.0, 18.0, 8.0, 12.0, 8.0]
T = 0.03518437208883203	 step = 658
98.51000000000005
14.105763888888886
[23.0, 32.0, 10.0, 8.0, 35.0, 7.0]
[34.0, 16.0, 13.0, 37.0, 32.0, 27.0]
[12.0, 18.0, 18.0, 12.0, 8.0, 12.0]
[12.0, 18.0, 18.0, 8.0, 12.0, 8.0]
T = 0.03518437208883203	 step = 659
98.45000000000005
14.327986111111109
[23.0, 32.0, 10.0, 8.0, 35.0, 7.0]
[34.0, 16.0, 13.0, 37.0, 33.0, 27.0]
[12.0, 18.0, 18.0, 12.0, 8.0, 12.0]
[12.0, 18.0, 18.0, 8.0, 12.0, 8.0]
T = 0.03518437208883203	 step = 660
98.49000000000001
14.472556818181815
[23.0, 32.0, 10.0, 8.0, 35.0, 8.0]
[34.0, 16.0, 13.0, 37.0, 33.0, 27.0]
[12.0, 18.0, 18.0, 12.0, 8.0, 12.0]
[12.0, 18.0, 18.0, 8.0, 12.0, 8.0]
T = 0.03518437208883203	 step = 661
98.68
14.211346275252522
[23.0, 32.0, 10.0, 8.0, 35.0, 8.0]
[33.0, 16.0, 13.0, 37.0, 33.0, 27.0]
[12.0, 18.0, 18.0, 12.0, 8.0, 12.0]
[12.0, 18.0, 18.0, 8.0, 12.0, 8.0]
T = 0.03518437208883203	 step = 662
99.19
13.846106376262625
[23.0, 32.0, 11.0, 8.0, 35.0, 8.0]
[33.0, 16.0, 13.0, 37.0, 33.0, 27.0]
[12.0, 18.0, 18.0, 12.0, 8.0, 12.0]
[12.0, 18.0, 18.0, 8.0, 12.0, 8.0]
T = 0.03518437208883203	 step = 663
98.68
14.405159406565653
[23.0, 32.0, 10.0, 8.0, 34.0, 8.0]
[33.0, 16.0, 13.0, 37.0, 33.0, 27.0]
[12.0, 18.0, 18.0, 12.0, 8.0, 12.0]
[12.0, 18.0, 18.0, 8.0, 12.0, 8.0]
T = 0.03518437208883203	 step = 664
99.58000000000004
13.95406092171717
[23.0, 31.0, 10.0, 8.0, 35.0, 8.0]
[33.0, 16.0, 13.0, 37.0, 33.0, 27.0]
[12.0, 18.0, 18.0, 12.0, 8.0, 12.0]
[12.0, 18.0, 18.0, 8.0, 12.0, 8.0]
T = 0.03518437208883203	 step = 665
99.46000000000004
13.574641729797978
[22.0, 31.0, 10.0, 8.0, 35.0, 8.0]
[33.0, 16.0, 13.0, 37.0, 33.0, 27.0]
[12.0, 18.0, 18.0, 12.0, 8.0, 12.0]
[12.0, 18.0, 18.0, 8.0, 12.0, 8.0]
T = 0.03518437208883203	 step = 666
99.94
13.470749684343435
[22.0, 30.0, 10.0, 8.0, 35.0, 8.0]
[33.0, 16.0, 13.0, 37.0, 33.0, 27.0]
[12.0, 18.0, 18.0, 12.0, 8.0, 12.0]
[12.0, 18.0, 18.0, 8.0, 12.0, 8.0]
T = 0.03518437208883203	 step = 667
99.27000000000004
13.835852272727271
[22.0, 31.0, 10.0, 8.0, 35.0, 8.0]
[34.0, 16.0, 13.0, 37.0, 33.0, 27.0]
[12.0, 18.0, 18.0, 12.0, 8.0, 12.0]
[12.0, 18.0, 18.0, 8.0, 12.0, 8.0]
T = 0.03518437208883203	 step = 668
99.22000000000003
14.280296717171716
[22.0, 31.0, 10.0, 8.0, 35.0, 8.0]
[34.0, 16.0, 12.0, 37.0, 33.0, 27.0]
[12.0, 18.0, 18.0, 12.0, 8.0, 12.0]
[12.0, 18.0, 18.0, 8.0, 12.0, 8.0]
T = 0.03518437208883203	 step = 669
99.32000000000005
13.61363005050505
[22.0, 31.0, 10.0, 8.0, 35.0, 8.0]
[34.0, 16.0, 13.0, 37.0, 32.0, 27.0]
[12.0, 18.0, 18.0, 12.0, 8.0, 12.0]
[12.0, 18.0, 18.0, 8.0, 12.0, 8.0]
T = 0.03518437208883203	 step = 670
99.12
13.863461174242422
[22.0, 31.0, 10.0, 8.0, 35.0, 8.0]
[35.0, 16.0, 13.0, 37.0, 32.0, 27.0]
[12.0, 18.0, 18.0, 12.0, 8.0, 12.0]
[12.0, 18.0, 18.0, 8.0, 12.0, 8.0]
T = 0.03518437208883203	 step = 671
99.05000000000001
13.573488005050505
[21.0, 31.0, 10.0, 8.0, 35.0, 8.0]
[35.0, 16.0, 13.0, 37.0, 32.0, 27.0]
[12.0, 18.0, 18.0, 12.0, 8.0, 12.0]
[12.0, 18.0, 18.0, 8.0, 12.0, 8.0]
T = 0.03518437208883203	 step = 672
99.07000000000005
13.766354166666664
[21.0, 31.0, 10.0, 8.0, 35.0, 8.0]
[35.0, 16.0, 13.0, 36.0, 32.0, 27.0]
[12.0, 18.0, 18.0, 12.0, 8.0, 12.0]
[12.0, 18.0, 18.0, 8.0, 12.0, 8.0]
T = 0.03518437208883203	 step = 673
99.04000000000002
13.621783459595957
[21.0, 31.0, 10.0, 8.0, 35.0, 7.0]
[35.0, 16.0, 13.0, 36.0, 32.0, 27.0]
[12.0, 18.0, 18.0, 12.0, 8.0, 12.0]
[12.0, 18.0, 18.0, 8.0, 12.0, 8.0]
T = 0.028147497671065627	 step = 674
99.02000000000004
13.428917297979796
[21.0, 31.0, 10.0, 8.0, 35.0, 7.0]
[35.0, 16.0, 13.0, 37.0, 32.0, 27.0]
[12.0, 18.0, 18.0, 12.0, 8.0, 12.0]
[12.0, 18.0, 18.0, 8.0, 12.0, 8.0]
T = 0.028147497671065627	 step = 675
99.08000000000004
13.718890467171715
[22.0, 31.0, 10.0, 8.0, 35.0, 7.0]
[35.0, 16.0, 13.0, 37.0, 32.0, 27.0]
[12.0, 18.0, 18.0, 12.0, 8.0, 12.0]
[12.0, 18.0, 18.0, 8.0, 12.0, 8.0]
T = 0.028147497671065627	 step = 676
99.21000000000004
13.179214015151512
[21.0, 31.0, 10.0, 8.0, 35.0, 7.0]
[34.0, 16.0, 13.0, 37.0, 32.0, 27.0]
[12.0, 18.0, 18.0, 12.0, 8.0, 12.0]
[12.0, 18.0, 18.0, 8.0, 12.0, 8.0]
T = 0.028147497671065627	 step = 677
99.02000000000004
13.428917297979796
[21.0, 31.0, 10.0, 8.0, 35.0, 7.0]
[35.0, 16.0, 13.0, 37.0, 32.0, 27.0]
[12.0, 18.0, 18.0, 12.0, 8.0, 12.0]
[12.0, 18.0, 18.0, 8.0, 12.0, 8.0]
T = 0.028147497671065627	 step = 678
98.96000000000004
13.873361742424242
[21.0, 31.0, 10.0, 8.0, 35.0, 7.0]
[35.0, 16.0, 12.0, 37.0, 32.0, 27.0]
[12.0, 18.0, 18.0, 12.0, 8.0, 12.0]
[12.0, 18.0, 18.0, 8.0, 12.0, 8.0]
T = 0.028147497671065627	 step = 679
99.51000000000005
13.619573863636363
[21.0, 31.0, 11.0, 8.0, 35.0, 7.0]
[35.0, 16.0, 12.0, 37.0, 32.0, 27.0]
[12.0, 18.0, 18.0, 12.0, 8.0, 12.0]
[12.0, 18.0, 18.0, 8.0, 12.0, 8.0]
T = 0.028147497671065627	 step = 680
98.97000000000003
13.651139520202019
[21.0, 31.0, 10.0, 8.0, 35.0, 7.0]
[35.0, 16.0, 12.0, 37.0, 32.0, 26.0]
[12.0, 18.0, 18.0, 12.0, 8.0, 12.0]
[12.0, 18.0, 18.0, 8.0, 12.0, 8.0]
T = 0.028147497671065627	 step = 681
98.96000000000004
13.873361742424242
[21.0, 31.0, 10.0, 8.0, 35.0, 7.0]
[35.0, 16.0, 12.0, 37.0, 32.0, 27.0]
[12.0, 18.0, 18.0, 12.0, 8.0, 12.0]
[12.0, 18.0, 18.0, 8.0, 12.0, 8.0]
T = 0.028147497671065627	 step = 682
99.16000000000003
13.623658459595957
[21.0, 31.0, 10.0, 8.0, 35.0, 7.0]
[34.0, 16.0, 12.0, 37.0, 32.0, 27.0]
[12.0, 18.0, 18.0, 12.0, 8.0, 12.0]
[12.0, 18.0, 18.0, 8.0, 12.0, 8.0]
T = 0.028147497671065627	 step = 683
99.15000000000003
13.584791666666666
[21.0, 31.0, 10.0, 8.0, 36.0, 7.0]
[34.0, 16.0, 12.0, 37.0, 32.0, 27.0]
[12.0, 18.0, 18.0, 12.0, 8.0, 12.0]
[12.0, 18.0, 18.0, 8.0, 12.0, 8.0]
T = 0.028147497671065627	 step = 684
99.40000000000003
14.633475378787876
[24.0, 31.0, 10.0, 8.0, 36.0, 7.0]
[34.0, 16.0, 12.0, 37.0, 32.0, 27.0]
[12.0, 18.0, 18.0, 12.0, 8.0, 12.0]
[12.0, 18.0, 18.0, 8.0, 12.0, 8.0]
T = 0.028147497671065627	 step = 685
99.16000000000003
13.623658459595957
[21.0, 31.0, 10.0, 8.0, 35.0, 7.0]
[34.0, 16.0, 12.0, 37.0, 32.0, 27.0]
[12.0, 18.0, 18.0, 12.0, 8.0, 12.0]
[12.0, 18.0, 18.0, 8.0, 12.0, 8.0]
T = 0.028147497671065627	 step = 686
99.11000000000001
13.84588068181818
[21.0, 31.0, 10.0, 8.0, 35.0, 7.0]
[34.0, 16.0, 12.0, 37.0, 33.0, 27.0]
[12.0, 18.0, 18.0, 12.0, 8.0, 12.0]
[12.0, 18.0, 18.0, 8.0, 12.0, 8.0]
T = 0.028147497671065627	 step = 687
99.16000000000003
13.401436237373735
[21.0, 31.0, 10.0, 8.0, 35.0, 7.0]
[34.0, 16.0, 13.0, 37.0, 33.0, 27.0]
[12.0, 18.0, 18.0, 12.0, 8.0, 12.0]
[12.0, 18.0, 18.0, 8.0, 12.0, 8.0]
T = 0.028147497671065627	 step = 688
99.18
13.428917297979796
[21.0, 31.0, 10.0, 8.0, 35.0, 7.0]
[34.0, 16.0, 13.0, 36.0, 33.0, 27.0]
[12.0, 18.0, 18.0, 12.0, 8.0, 12.0]
[12.0, 18.0, 18.0, 8.0, 12.0, 8.0]
T = 0.028147497671065627	 step = 689
99.16000000000003
13.401436237373735
[21.0, 31.0, 10.0, 8.0, 35.0, 7.0]
[34.0, 16.0, 13.0, 37.0, 33.0, 27.0]
[12.0, 18.0, 18.0, 12.0, 8.0, 12.0]
[12.0, 18.0, 18.0, 8.0, 12.0, 8.0]
T = 0.028147497671065627	 step = 690
99.11000000000001
13.623658459595957
[21.0, 31.0, 10.0, 8.0, 35.0, 7.0]
[34.0, 16.0, 13.0, 37.0, 34.0, 27.0]
[12.0, 18.0, 18.0, 12.0, 8.0, 12.0]
[12.0, 18.0, 18.0, 8.0, 12.0, 8.0]
T = 0.028147497671065627	 step = 691
98.89000000000004
13.62365845959596
[21.0, 31.0, 10.0, 8.0, 35.0, 7.0]
[34.0, 15.0, 13.0, 37.0, 33.0, 27.0]
[12.0, 18.0, 18.0, 12.0, 8.0, 12.0]
[12.0, 18.0, 18.0, 8.0, 12.0, 8.0]
T = 0.028147497671065627	 step = 692
99.46000000000004
13.369870580808081
[21.0, 31.0, 11.0, 8.0, 35.0, 7.0]
[34.0, 15.0, 13.0, 37.0, 33.0, 27.0]
[12.0, 18.0, 18.0, 12.0, 8.0, 12.0]
[12.0, 18.0, 18.0, 8.0, 12.0, 8.0]
T = 0.028147497671065627	 step = 693
98.96000000000004
13.913503787878787
[22.0, 31.0, 10.0, 8.0, 35.0, 7.0]
[34.0, 15.0, 13.0, 37.0, 33.0, 27.0]
[12.0, 18.0, 18.0, 12.0, 8.0, 12.0]
[12.0, 18.0, 18.0, 8.0, 12.0, 8.0]
T = 0.028147497671065627	 step = 694
98.02000000000004
13.97624684343434
[21.0, 32.0, 10.0, 8.0, 35.0, 7.0]
[34.0, 15.0, 13.0, 37.0, 33.0, 27.0]
[12.0, 18.0, 18.0, 12.0, 8.0, 12.0]
[12.0, 18.0, 18.0, 8.0, 12.0, 8.0]
T = 0.028147497671065627	 step = 695
98.01000000000005
14.198469065656564
[21.0, 32.0, 10.0, 7.0, 35.0, 7.0]
[34.0, 15.0, 13.0, 37.0, 33.0, 27.0]
[12.0, 18.0, 18.0, 12.0, 8.0, 12.0]
[12.0, 18.0, 18.0, 8.0, 12.0, 8.0]
T = 0.028147497671065627	 step = 696
98.84000000000003
14.809163510101008
[21.0, 32.0, 12.0, 8.0, 35.0, 7.0]
[34.0, 15.0, 10.0, 37.0, 33.0, 27.0]
[12.0, 18.0, 18.0, 12.0, 8.0, 12.0]
[12.0, 18.0, 18.0, 8.0, 12.0, 8.0]
T = 0.028147497671065627	 step = 697
98.26000000000005
13.75402462121212
[21.0, 32.0, 10.0, 8.0, 35.0, 7.0]
[34.0, 16.0, 13.0, 37.0, 33.0, 27.0]
[12.0, 18.0, 18.0, 12.0, 8.0, 12.0]
[12.0, 18.0, 18.0, 8.0, 12.0, 8.0]
T = 0.028147497671065627	 step = 698
98.38
13.531802398989896
[21.0, 32.0, 10.0, 8.0, 35.0, 7.0]
[34.0, 17.0, 13.0, 37.0, 33.0, 27.0]
[12.0, 18.0, 18.0, 12.0, 8.0, 12.0]
[12.0, 18.0, 18.0, 8.0, 12.0, 8.0]
T = 0.028147497671065627	 step = 699
98.44
14.7367803030303
[24.0, 32.0, 10.0, 8.0, 35.0, 7.0]
[35.0, 17.0, 13.0, 37.0, 33.0, 27.0]
[12.0, 18.0, 18.0, 12.0, 8.0, 12.0]
[12.0, 18.0, 18.0, 8.0, 12.0, 8.0]
T = 0.028147497671065627	 step = 700
98.39000000000004
13.559283459595957
[21.0, 32.0, 10.0, 8.0, 35.0, 7.0]
[34.0, 17.0, 13.0, 36.0, 33.0, 27.0]
[12.0, 18.0, 18.0, 12.0, 8.0, 12.0]
[12.0, 18.0, 18.0, 8.0, 12.0, 8.0]
T = 0.028147497671065627	 step = 701
98.39000000000004
13.365470328282825
[21.0, 32.0, 10.0, 8.0, 36.0, 7.0]
[34.0, 17.0, 13.0, 36.0, 33.0, 27.0]
[12.0, 18.0, 18.0, 12.0, 8.0, 12.0]
[12.0, 18.0, 18.0, 8.0, 12.0, 8.0]
T = 0.028147497671065627	 step = 702
99.29000000000002
13.16782828282828
[21.0, 31.0, 10.0, 8.0, 36.0, 7.0]
[34.0, 17.0, 13.0, 36.0, 33.0, 27.0]
[12.0, 18.0, 18.0, 12.0, 8.0, 12.0]
[12.0, 18.0, 18.0, 8.0, 12.0, 8.0]
T = 0.028147497671065627	 step = 703
99.29000000000002
13.16782828282828
[21.0, 31.0, 10.0, 8.0, 36.0, 7.0]
[34.0, 17.0, 13.0, 36.0, 33.0, 27.0]
[12.0, 18.0, 18.0, 12.0, 8.0, 12.0]
[12.0, 18.0, 18.0, 8.0, 12.0, 8.0]
T = 0.028147497671065627	 step = 704
98.27000000000004
13.587692550505048
[21.0, 32.0, 10.0, 8.0, 36.0, 7.0]
[34.0, 16.0, 13.0, 36.0, 33.0, 27.0]
[12.0, 18.0, 18.0, 12.0, 8.0, 12.0]
[12.0, 18.0, 18.0, 8.0, 12.0, 8.0]
T = 0.028147497671065627	 step = 705
98.05000000000001
13.809914772727272
[21.0, 32.0, 10.0, 8.0, 36.0, 7.0]
[34.0, 15.0, 13.0, 36.0, 33.0, 27.0]
[12.0, 18.0, 18.0, 12.0, 8.0, 12.0]
[12.0, 18.0, 18.0, 8.0, 12.0, 8.0]
T = 0.028147497671065627	 step = 706
98.06
13.95448547979798
[21.0, 32.0, 10.0, 8.0, 36.0, 8.0]
[34.0, 15.0, 13.0, 36.0, 33.0, 27.0]
[12.0, 18.0, 18.0, 12.0, 8.0, 12.0]
[12.0, 18.0, 18.0, 8.0, 12.0, 8.0]
T = 0.028147497671065627	 step = 707
98.06
13.95448547979798
[21.0, 32.0, 10.0, 8.0, 36.0, 8.0]
[34.0, 15.0, 13.0, 36.0, 33.0, 27.0]
[12.0, 18.0, 18.0, 12.0, 8.0, 12.0]
[12.0, 18.0, 18.0, 8.0, 12.0, 8.0]
T = 0.028147497671065627	 step = 708
97.90000000000003
14.309283459595957
[21.0, 32.0, 10.0, 8.0, 36.0, 8.0]
[35.0, 15.0, 13.0, 36.0, 33.0, 27.0]
[12.0, 18.0, 18.0, 12.0, 8.0, 12.0]
[12.0, 18.0, 18.0, 8.0, 12.0, 8.0]
T = 0.028147497671065627	 step = 709
97.88
14.164712752525249
[21.0, 32.0, 10.0, 8.0, 36.0, 7.0]
[35.0, 15.0, 13.0, 36.0, 33.0, 27.0]
[12.0, 18.0, 18.0, 12.0, 8.0, 12.0]
[12.0, 18.0, 18.0, 8.0, 12.0, 8.0]
T = 0.028147497671065627	 step = 710
97.90000000000003
14.510672348484846
[22.0, 32.0, 10.0, 8.0, 36.0, 7.0]
[35.0, 15.0, 13.0, 36.0, 33.0, 27.0]
[12.0, 18.0, 18.0, 12.0, 8.0, 12.0]
[12.0, 18.0, 18.0, 8.0, 12.0, 8.0]
T = 0.028147497671065627	 step = 711
97.95000000000005
14.386934974747472
[21.0, 32.0, 10.0, 8.0, 36.0, 7.0]
[35.0, 14.0, 13.0, 36.0, 33.0, 27.0]
[12.0, 18.0, 18.0, 12.0, 8.0, 12.0]
[12.0, 18.0, 18.0, 8.0, 12.0, 8.0]
T = 0.028147497671065627	 step = 712
97.69
14.831379419191917
[21.0, 32.0, 10.0, 8.0, 36.0, 7.0]
[35.0, 14.0, 12.0, 36.0, 33.0, 27.0]
[12.0, 18.0, 18.0, 12.0, 8.0, 12.0]
[12.0, 18.0, 18.0, 8.0, 12.0, 8.0]
T = 0.028147497671065627	 step = 713
97.75
15.177339015151512
[22.0, 32.0, 10.0, 8.0, 36.0, 7.0]
[35.0, 14.0, 12.0, 36.0, 33.0, 27.0]
[12.0, 18.0, 18.0, 12.0, 8.0, 12.0]
[12.0, 18.0, 18.0, 8.0, 12.0, 8.0]
T = 0.028147497671065627	 step = 714
97.67000000000002
15.053601641414138
[21.0, 32.0, 10.0, 7.0, 36.0, 7.0]
[35.0, 14.0, 12.0, 36.0, 33.0, 27.0]
[12.0, 18.0, 18.0, 12.0, 8.0, 12.0]
[12.0, 18.0, 18.0, 8.0, 12.0, 8.0]
T = 0.028147497671065627	 step = 715
97.86000000000001
14.47658143939394
[21.0, 32.0, 10.0, 8.0, 36.0, 7.0]
[34.0, 14.0, 12.0, 36.0, 33.0, 27.0]
[12.0, 18.0, 18.0, 12.0, 8.0, 12.0]
[12.0, 18.0, 18.0, 8.0, 12.0, 8.0]
T = 0.022517998136852502	 step = 716
98.02000000000004
14.226878156565654
[21.0, 32.0, 10.0, 8.0, 36.0, 7.0]
[33.0, 14.0, 12.0, 36.0, 33.0, 27.0]
[12.0, 18.0, 18.0, 12.0, 8.0, 12.0]
[12.0, 18.0, 18.0, 8.0, 12.0, 8.0]
T = 0.022517998136852502	 step = 717
97.81
14.69880366161616
[21.0, 32.0, 10.0, 8.0, 36.0, 7.0]
[34.0, 14.0, 12.0, 36.0, 34.0, 27.0]
[12.0, 18.0, 18.0, 12.0, 8.0, 12.0]
[12.0, 18.0, 18.0, 8.0, 12.0, 8.0]
T = 0.022517998136852502	 step = 718
97.81
14.69880366161616
[21.0, 32.0, 10.0, 8.0, 36.0, 7.0]
[34.0, 14.0, 12.0, 36.0, 34.0, 27.0]
[12.0, 18.0, 18.0, 12.0, 8.0, 12.0]
[12.0, 18.0, 18.0, 8.0, 12.0, 8.0]
T = 0.022517998136852502	 step = 719
97.82000000000005
14.47658143939394
[21.0, 32.0, 10.0, 8.0, 36.0, 7.0]
[34.0, 14.0, 12.0, 36.0, 34.0, 26.0]
[12.0, 18.0, 18.0, 12.0, 8.0, 12.0]
[12.0, 18.0, 18.0, 8.0, 12.0, 8.0]
T = 0.022517998136852502	 step = 720
97.81
14.69880366161616
[21.0, 32.0, 10.0, 8.0, 36.0, 7.0]
[34.0, 13.0, 12.0, 36.0, 34.0, 26.0]
[12.0, 18.0, 18.0, 12.0, 8.0, 12.0]
[12.0, 18.0, 18.0, 8.0, 12.0, 8.0]
T = 0.022517998136852502	 step = 721
97.65000000000003
14.831379419191917
[21.0, 32.0, 10.0, 8.0, 36.0, 7.0]
[35.0, 14.0, 12.0, 36.0, 34.0, 26.0]
[12.0, 18.0, 18.0, 12.0, 8.0, 12.0]
[12.0, 18.0, 18.0, 8.0, 12.0, 8.0]
T = 0.022517998136852502	 step = 722
97.63
14.792512626262624
[21.0, 32.0, 10.0, 8.0, 37.0, 7.0]
[35.0, 14.0, 12.0, 36.0, 34.0, 26.0]
[12.0, 18.0, 18.0, 12.0, 8.0, 12.0]
[12.0, 18.0, 18.0, 8.0, 12.0, 8.0]
T = 0.022517998136852502	 step = 723
97.61000000000001
14.659936868686867
[21.0, 32.0, 10.0, 8.0, 37.0, 7.0]
[35.0, 14.0, 12.0, 37.0, 34.0, 26.0]
[12.0, 18.0, 18.0, 12.0, 8.0, 12.0]
[12.0, 18.0, 18.0, 8.0, 12.0, 8.0]
T = 0.022517998136852502	 step = 724
97.63
14.792512626262624
[21.0, 32.0, 10.0, 8.0, 37.0, 7.0]
[35.0, 14.0, 12.0, 36.0, 34.0, 26.0]
[12.0, 18.0, 18.0, 12.0, 8.0, 12.0]
[12.0, 18.0, 18.0, 8.0, 12.0, 8.0]
T = 0.022517998136852502	 step = 725
97.64000000000004
14.804507575757574
[21.0, 32.0, 10.0, 8.0, 37.0, 8.0]
[35.0, 14.0, 12.0, 37.0, 34.0, 26.0]
[12.0, 18.0, 18.0, 12.0, 8.0, 12.0]
[12.0, 18.0, 18.0, 8.0, 12.0, 8.0]
T = 0.022517998136852502	 step = 726
97.66000000000003
14.937083333333332
[21.0, 32.0, 10.0, 8.0, 37.0, 8.0]
[35.0, 14.0, 12.0, 36.0, 34.0, 26.0]
[12.0, 18.0, 18.0, 12.0, 8.0, 12.0]
[12.0, 18.0, 18.0, 8.0, 12.0, 8.0]
T = 0.022517998136852502	 step = 727
97.64000000000004
15.026729797979796
[21.0, 32.0, 10.0, 8.0, 37.0, 8.0]
[35.0, 14.0, 12.0, 37.0, 34.0, 27.0]
[12.0, 18.0, 18.0, 12.0, 8.0, 12.0]
[12.0, 18.0, 18.0, 8.0, 12.0, 8.0]
T = 0.022517998136852502	 step = 728
97.62
15.248952020202019
[21.0, 32.0, 10.0, 8.0, 37.0, 8.0]
[35.0, 14.0, 12.0, 37.0, 34.0, 28.0]
[12.0, 18.0, 18.0, 12.0, 8.0, 12.0]
[12.0, 18.0, 18.0, 8.0, 12.0, 8.0]
T = 0.022517998136852502	 step = 729
97.81
14.777026515151514
[21.0, 32.0, 10.0, 8.0, 37.0, 8.0]
[34.0, 14.0, 12.0, 37.0, 34.0, 27.0]
[12.0, 18.0, 18.0, 12.0, 8.0, 12.0]
[12.0, 18.0, 18.0, 8.0, 12.0, 8.0]
T = 0.022517998136852502	 step = 730
97.79000000000002
14.999248737373735
[21.0, 32.0, 10.0, 8.0, 37.0, 8.0]
[34.0, 14.0, 12.0, 37.0, 34.0, 28.0]
[12.0, 18.0, 18.0, 12.0, 8.0, 12.0]
[12.0, 18.0, 18.0, 8.0, 12.0, 8.0]
T = 0.022517998136852502	 step = 731
97.65000000000003
15.221470959595958
[21.0, 32.0, 10.0, 8.0, 37.0, 8.0]
[34.0, 13.0, 12.0, 37.0, 34.0, 28.0]
[12.0, 18.0, 18.0, 12.0, 8.0, 12.0]
[12.0, 18.0, 18.0, 8.0, 12.0, 8.0]
T = 0.022517998136852502	 step = 732
97.70000000000005
15.888137626262624
[21.0, 32.0, 10.0, 8.0, 37.0, 8.0]
[34.0, 11.0, 12.0, 37.0, 34.0, 28.0]
[12.0, 18.0, 18.0, 12.0, 8.0, 12.0]
[12.0, 18.0, 18.0, 8.0, 12.0, 8.0]
T = 0.022517998136852502	 step = 733
97.77000000000004
15.665915404040403
[21.0, 32.0, 10.0, 8.0, 37.0, 8.0]
[34.0, 11.0, 12.0, 37.0, 34.0, 27.0]
[12.0, 18.0, 18.0, 12.0, 8.0, 12.0]
[12.0, 18.0, 18.0, 8.0, 12.0, 8.0]
T = 0.022517998136852502	 step = 734
97.69
15.951584595959595
[22.0, 32.0, 10.0, 8.0, 37.0, 8.0]
[34.0, 11.0, 12.0, 37.0, 34.0, 27.0]
[12.0, 18.0, 18.0, 12.0, 8.0, 12.0]
[12.0, 18.0, 18.0, 8.0, 12.0, 8.0]
T = 0.022517998136852502	 step = 735
98.04000000000002
15.44369318181818
[21.0, 32.0, 10.0, 8.0, 37.0, 8.0]
[34.0, 11.0, 13.0, 37.0, 34.0, 27.0]
[12.0, 18.0, 18.0, 12.0, 8.0, 12.0]
[12.0, 18.0, 18.0, 8.0, 12.0, 8.0]
T = 0.022517998136852502	 step = 736
97.77000000000004
15.665915404040403
[21.0, 32.0, 10.0, 8.0, 37.0, 8.0]
[34.0, 11.0, 12.0, 37.0, 34.0, 27.0]
[12.0, 18.0, 18.0, 12.0, 8.0, 12.0]
[12.0, 18.0, 18.0, 8.0, 12.0, 8.0]
T = 0.022517998136852502	 step = 737
97.76000000000005
15.888137626262624
[21.0, 32.0, 10.0, 8.0, 37.0, 8.0]
[34.0, 11.0, 12.0, 37.0, 35.0, 27.0]
[12.0, 18.0, 18.0, 12.0, 8.0, 12.0]
[12.0, 18.0, 18.0, 8.0, 12.0, 8.0]
T = 0.022517998136852502	 step = 738
98.29000000000002
15.637821969696965
[21.0, 31.0, 10.0, 8.0, 37.0, 8.0]
[34.0, 11.0, 12.0, 37.0, 34.0, 27.0]
[12.0, 18.0, 18.0, 12.0, 8.0, 12.0]
[12.0, 18.0, 18.0, 8.0, 12.0, 8.0]
T = 0.022517998136852502	 step = 739
97.82000000000005
15.693396464646462
[21.0, 32.0, 10.0, 8.0, 37.0, 8.0]
[34.0, 11.0, 12.0, 36.0, 34.0, 27.0]
[12.0, 18.0, 18.0, 12.0, 8.0, 12.0]
[12.0, 18.0, 18.0, 8.0, 12.0, 8.0]
T = 0.022517998136852502	 step = 740
97.86000000000001
15.47117424242424
[21.0, 32.0, 10.0, 8.0, 37.0, 8.0]
[34.0, 11.0, 12.0, 36.0, 34.0, 26.0]
[12.0, 18.0, 18.0, 12.0, 8.0, 12.0]
[12.0, 18.0, 18.0, 8.0, 12.0, 8.0]
T = 0.022517998136852502	 step = 741
97.85000000000002
15.326603535353533
[21.0, 32.0, 10.0, 8.0, 37.0, 7.0]
[34.0, 11.0, 12.0, 36.0, 34.0, 26.0]
[12.0, 18.0, 18.0, 12.0, 8.0, 12.0]
[12.0, 18.0, 18.0, 8.0, 12.0, 8.0]
T = 0.022517998136852502	 step = 742
97.86000000000001
15.47117424242424
[21.0, 32.0, 10.0, 8.0, 37.0, 8.0]
[34.0, 11.0, 12.0, 36.0, 34.0, 26.0]
[12.0, 18.0, 18.0, 12.0, 8.0, 12.0]
[12.0, 18.0, 18.0, 8.0, 12.0, 8.0]
T = 0.022517998136852502	 step = 743
97.80000000000001
15.548825757575756
[21.0, 32.0, 10.0, 8.0, 37.0, 7.0]
[34.0, 11.0, 12.0, 36.0, 34.0, 27.0]
[12.0, 18.0, 18.0, 12.0, 8.0, 12.0]
[12.0, 18.0, 18.0, 8.0, 12.0, 8.0]
T = 0.022517998136852502	 step = 744
97.86000000000001
15.47117424242424
[21.0, 32.0, 10.0, 8.0, 37.0, 8.0]
[34.0, 11.0, 12.0, 36.0, 34.0, 26.0]
[12.0, 18.0, 18.0, 12.0, 8.0, 12.0]
[12.0, 18.0, 18.0, 8.0, 12.0, 8.0]
T = 0.022517998136852502	 step = 745
97.88
15.510041035353533
[21.0, 32.0, 10.0, 8.0, 36.0, 8.0]
[34.0, 11.0, 12.0, 36.0, 34.0, 26.0]
[12.0, 18.0, 18.0, 12.0, 8.0, 12.0]
[12.0, 18.0, 18.0, 8.0, 12.0, 8.0]
T = 0.022517998136852502	 step = 746
97.86000000000001
15.95448547979798
[21.0, 32.0, 10.0, 8.0, 36.0, 8.0]
[34.0, 10.0, 12.0, 36.0, 34.0, 26.0]
[12.0, 18.0, 18.0, 12.0, 8.0, 12.0]
[12.0, 18.0, 18.0, 8.0, 12.0, 8.0]
T = 0.022517998136852502	 step = 747
98.72000000000003
15.143248106060605
[21.0, 32.0, 11.0, 8.0, 36.0, 8.0]
[34.0, 11.0, 12.0, 36.0, 34.0, 26.0]
[12.0, 18.0, 18.0, 12.0, 8.0, 12.0]
[12.0, 18.0, 18.0, 8.0, 12.0, 8.0]
T = 0.022517998136852502	 step = 748
98.74000000000001
14.423510101010098
[21.0, 31.0, 10.0, 8.0, 36.0, 8.0]
[34.0, 14.0, 12.0, 36.0, 34.0, 26.0]
[12.0, 18.0, 18.0, 12.0, 8.0, 12.0]
[12.0, 18.0, 18.0, 8.0, 12.0, 8.0]
T = 0.022517998136852502	 step = 749
97.84000000000003
15.732263257575754
[21.0, 32.0, 10.0, 8.0, 36.0, 8.0]
[34.0, 11.0, 12.0, 36.0, 34.0, 27.0]
[12.0, 18.0, 18.0, 12.0, 8.0, 12.0]
[12.0, 18.0, 18.0, 8.0, 12.0, 8.0]
T = 0.022517998136852502	 step = 750
97.84000000000003
15.732263257575754
[21.0, 32.0, 10.0, 8.0, 36.0, 8.0]
[34.0, 11.0, 12.0, 36.0, 34.0, 27.0]
[12.0, 18.0, 18.0, 12.0, 8.0, 12.0]
[12.0, 18.0, 18.0, 8.0, 12.0, 8.0]
T = 0.022517998136852502	 step = 751
97.83000000000004
15.954485479797977
[21.0, 32.0, 10.0, 7.0, 36.0, 8.0]
[34.0, 11.0, 12.0, 36.0, 34.0, 27.0]
[12.0, 18.0, 18.0, 12.0, 8.0, 12.0]
[12.0, 18.0, 18.0, 8.0, 12.0, 8.0]
T = 0.022517998136852502	 step = 752
97.85000000000002
15.510041035353535
[21.0, 32.0, 10.0, 8.0, 36.0, 8.0]
[34.0, 11.0, 12.0, 36.0, 33.0, 27.0]
[12.0, 18.0, 18.0, 12.0, 8.0, 12.0]
[12.0, 18.0, 18.0, 8.0, 12.0, 8.0]
T = 0.022517998136852502	 step = 753
97.99000000000001
15.260337752525253
[21.0, 32.0, 10.0, 8.0, 36.0, 8.0]
[33.0, 11.0, 12.0, 36.0, 33.0, 27.0]
[12.0, 18.0, 18.0, 12.0, 8.0, 12.0]
[12.0, 18.0, 18.0, 8.0, 12.0, 8.0]
T = 0.022517998136852502	 step = 754
98.14000000000004
15.001021148989897
[21.0, 32.0, 10.0, 8.0, 36.0, 8.0]
[32.0, 11.0, 12.0, 36.0, 33.0, 27.0]
[12.0, 18.0, 18.0, 12.0, 8.0, 12.0]
[12.0, 18.0, 18.0, 8.0, 12.0, 8.0]
T = 0.022517998136852502	 step = 755
98.14000000000004
15.223243371212119
[21.0, 32.0, 10.0, 7.0, 36.0, 8.0]
[32.0, 11.0, 12.0, 36.0, 33.0, 27.0]
[12.0, 18.0, 18.0, 12.0, 8.0, 12.0]
[12.0, 18.0, 18.0, 8.0, 12.0, 8.0]
T = 0.022517998136852502	 step = 756
97.99000000000001
15.260337752525253
[21.0, 32.0, 10.0, 8.0, 36.0, 8.0]
[33.0, 11.0, 12.0, 36.0, 33.0, 27.0]
[12.0, 18.0, 18.0, 12.0, 8.0, 12.0]
[12.0, 18.0, 18.0, 8.0, 12.0, 8.0]
T = 0.022517998136852502	 step = 757
97.85000000000002
15.510041035353535
[21.0, 32.0, 10.0, 8.0, 36.0, 8.0]
[34.0, 11.0, 12.0, 36.0, 33.0, 27.0]
[12.0, 18.0, 18.0, 12.0, 8.0, 12.0]
[12.0, 18.0, 18.0, 8.0, 12.0, 8.0]
T = 0.018014398509482003	 step = 758
97.81
15.482559974747472
[21.0, 32.0, 10.0, 8.0, 36.0, 8.0]
[34.0, 11.0, 12.0, 37.0, 33.0, 27.0]
[12.0, 18.0, 18.0, 12.0, 8.0, 12.0]
[12.0, 18.0, 18.0, 8.0, 12.0, 8.0]
T = 0.018014398509482003	 step = 759
97.79000000000002
15.337989267676765
[21.0, 32.0, 10.0, 8.0, 36.0, 7.0]
[34.0, 11.0, 12.0, 37.0, 33.0, 27.0]
[12.0, 18.0, 18.0, 12.0, 8.0, 12.0]
[12.0, 18.0, 18.0, 8.0, 12.0, 8.0]
T = 0.018014398509482003	 step = 760
97.81
15.531802398989896
[21.0, 32.0, 10.0, 8.0, 35.0, 7.0]
[34.0, 11.0, 12.0, 37.0, 33.0, 27.0]
[12.0, 18.0, 18.0, 12.0, 8.0, 12.0]
[12.0, 18.0, 18.0, 8.0, 12.0, 8.0]
T = 0.018014398509482003	 step = 761
97.93
15.078672664141411
[21.0, 32.0, 10.0, 8.0, 36.0, 7.0]
[33.0, 11.0, 12.0, 37.0, 33.0, 27.0]
[12.0, 18.0, 18.0, 12.0, 8.0, 12.0]
[12.0, 18.0, 18.0, 8.0, 12.0, 8.0]
T = 0.018014398509482003	 step = 762
97.91000000000003
15.523117108585856
[21.0, 32.0, 10.0, 8.0, 36.0, 7.0]
[33.0, 10.0, 12.0, 37.0, 33.0, 27.0]
[12.0, 18.0, 18.0, 12.0, 8.0, 12.0]
[12.0, 18.0, 18.0, 8.0, 12.0, 8.0]
T = 0.018014398509482003	 step = 763
98.21000000000004
14.85645044191919
[21.0, 32.0, 10.0, 8.0, 36.0, 7.0]
[33.0, 11.0, 13.0, 37.0, 33.0, 27.0]
[12.0, 18.0, 18.0, 12.0, 8.0, 12.0]
[12.0, 18.0, 18.0, 8.0, 12.0, 8.0]
T = 0.018014398509482003	 step = 764
97.91000000000003
15.03980587121212
[21.0, 32.0, 10.0, 8.0, 37.0, 7.0]
[33.0, 11.0, 12.0, 37.0, 33.0, 27.0]
[12.0, 18.0, 18.0, 12.0, 8.0, 12.0]
[12.0, 18.0, 18.0, 8.0, 12.0, 8.0]
T = 0.018014398509482003	 step = 765
98.43
15.011712436868686
[21.0, 31.0, 10.0, 8.0, 37.0, 7.0]
[33.0, 11.0, 12.0, 37.0, 33.0, 27.0]
[12.0, 18.0, 18.0, 12.0, 8.0, 12.0]
[12.0, 18.0, 18.0, 8.0, 12.0, 8.0]
T = 0.018014398509482003	 step = 766
97.89000000000004
15.484250315656565
[21.0, 32.0, 10.0, 8.0, 37.0, 7.0]
[33.0, 10.0, 12.0, 37.0, 33.0, 27.0]
[12.0, 18.0, 18.0, 12.0, 8.0, 12.0]
[12.0, 18.0, 18.0, 8.0, 12.0, 8.0]
T = 0.018014398509482003	 step = 767
97.91000000000003
15.262028093434342
[21.0, 32.0, 10.0, 7.0, 37.0, 7.0]
[33.0, 11.0, 12.0, 37.0, 33.0, 27.0]
[12.0, 18.0, 18.0, 12.0, 8.0, 12.0]
[12.0, 18.0, 18.0, 8.0, 12.0, 8.0]
T = 0.018014398509482003	 step = 768
97.77000000000004
15.521344696969695
[21.0, 32.0, 10.0, 7.0, 37.0, 7.0]
[34.0, 11.0, 12.0, 37.0, 33.0, 27.0]
[12.0, 18.0, 18.0, 12.0, 8.0, 12.0]
[12.0, 18.0, 18.0, 8.0, 12.0, 8.0]
T = 0.018014398509482003	 step = 769
97.82000000000005
15.235675505050503
[20.0, 32.0, 10.0, 7.0, 37.0, 7.0]
[34.0, 11.0, 12.0, 37.0, 33.0, 27.0]
[12.0, 18.0, 18.0, 12.0, 8.0, 12.0]
[12.0, 18.0, 18.0, 8.0, 12.0, 8.0]
T = 0.018014398509482003	 step = 770
97.84000000000003
15.274542297979796
[20.0, 32.0, 10.0, 7.0, 36.0, 7.0]
[34.0, 11.0, 12.0, 37.0, 33.0, 27.0]
[12.0, 18.0, 18.0, 12.0, 8.0, 12.0]
[12.0, 18.0, 18.0, 8.0, 12.0, 8.0]
T = 0.018014398509482003	 step = 771
97.79000000000002
15.560211489898988
[21.0, 32.0, 10.0, 7.0, 36.0, 7.0]
[34.0, 11.0, 12.0, 37.0, 33.0, 27.0]
[12.0, 18.0, 18.0, 12.0, 8.0, 12.0]
[12.0, 18.0, 18.0, 8.0, 12.0, 8.0]
T = 0.018014398509482003	 step = 772
97.85000000000002
15.468355429292927
[20.0, 32.0, 10.0, 7.0, 35.0, 7.0]
[34.0, 11.0, 12.0, 37.0, 33.0, 27.0]
[12.0, 18.0, 18.0, 12.0, 8.0, 12.0]
[12.0, 18.0, 18.0, 8.0, 12.0, 8.0]
T = 0.018014398509482003	 step = 773
97.92000000000002
14.617976641414138
[20.0, 32.0, 10.0, 7.0, 35.0, 7.0]
[34.0, 11.0, 12.0, 37.0, 28.0, 27.0]
[12.0, 18.0, 18.0, 12.0, 12.0, 12.0]
[12.0, 18.0, 18.0, 8.0, 8.0, 8.0]
T = 0.018014398509482003	 step = 774
97.73000000000002
14.840198863636362
[20.0, 32.0, 10.0, 7.0, 35.0, 7.0]
[34.0, 11.0, 11.0, 37.0, 28.0, 27.0]
[12.0, 18.0, 18.0, 12.0, 12.0, 12.0]
[12.0, 18.0, 18.0, 8.0, 8.0, 8.0]
T = 0.018014398509482003	 step = 775
97.75
14.617976641414138
[20.0, 32.0, 10.0, 7.0, 35.0, 7.0]
[34.0, 11.0, 11.0, 37.0, 27.0, 27.0]
[12.0, 18.0, 18.0, 12.0, 12.0, 12.0]
[12.0, 18.0, 18.0, 8.0, 8.0, 8.0]
T = 0.018014398509482003	 step = 776
97.90000000000003
14.358660037878785
[20.0, 32.0, 10.0, 7.0, 35.0, 7.0]
[33.0, 11.0, 11.0, 37.0, 27.0, 27.0]
[12.0, 18.0, 18.0, 12.0, 12.0, 12.0]
[12.0, 18.0, 18.0, 8.0, 8.0, 8.0]
T = 0.018014398509482003	 step = 777
97.80000000000001
14.395754419191917
[20.0, 32.0, 10.0, 7.0, 35.0, 7.0]
[34.0, 11.0, 11.0, 37.0, 27.0, 26.0]
[12.0, 18.0, 18.0, 12.0, 12.0, 12.0]
[12.0, 18.0, 18.0, 8.0, 8.0, 8.0]
T = 0.018014398509482003	 step = 778
97.95000000000005
14.136437815656564
[20.0, 32.0, 10.0, 7.0, 35.0, 7.0]
[33.0, 11.0, 11.0, 37.0, 27.0, 26.0]
[12.0, 18.0, 18.0, 12.0, 12.0, 12.0]
[12.0, 18.0, 18.0, 8.0, 8.0, 8.0]
T = 0.018014398509482003	 step = 779
98.10000000000002
14.038230744949493
[20.0, 32.0, 10.0, 7.0, 35.0, 7.0]
[32.0, 11.0, 11.0, 37.0, 27.0, 26.0]
[12.0, 18.0, 18.0, 12.0, 12.0, 12.0]
[12.0, 18.0, 18.0, 8.0, 8.0, 8.0]
T = 0.018014398509482003	 step = 780
97.99000000000001
14.173532196969695
[20.0, 32.0, 10.0, 7.0, 35.0, 7.0]
[33.0, 11.0, 11.0, 36.0, 27.0, 26.0]
[12.0, 18.0, 18.0, 12.0, 12.0, 12.0]
[12.0, 18.0, 18.0, 8.0, 8.0, 8.0]
T = 0.018014398509482003	 step = 781
97.84000000000003
14.362945075757573
[20.0, 32.0, 10.0, 7.0, 35.0, 7.0]
[34.0, 11.0, 11.0, 36.0, 27.0, 26.0]
[12.0, 18.0, 18.0, 12.0, 12.0, 12.0]
[12.0, 18.0, 18.0, 8.0, 8.0, 8.0]
T = 0.018014398509482003	 step = 782
97.87
14.492679924242424
[20.0, 32.0, 10.0, 7.0, 35.0, 7.0]
[34.0, 11.0, 11.0, 35.0, 27.0, 26.0]
[12.0, 18.0, 18.0, 12.0, 12.0, 12.0]
[12.0, 18.0, 18.0, 8.0, 8.0, 8.0]
T = 0.018014398509482003	 step = 783
97.84000000000003
14.362945075757573
[20.0, 32.0, 10.0, 7.0, 35.0, 7.0]
[34.0, 11.0, 11.0, 36.0, 27.0, 26.0]
[12.0, 18.0, 18.0, 12.0, 12.0, 12.0]
[12.0, 18.0, 18.0, 8.0, 8.0, 8.0]
T = 0.018014398509482003	 step = 784
97.94
14.459201388888886
[21.0, 32.0, 10.0, 7.0, 35.0, 7.0]
[33.0, 11.0, 11.0, 36.0, 27.0, 26.0]
[12.0, 18.0, 18.0, 12.0, 12.0, 12.0]
[12.0, 18.0, 18.0, 8.0, 8.0, 8.0]
T = 0.018014398509482003	 step = 785
98.03000000000003
14.140722853535351
[20.0, 32.0, 10.0, 7.0, 35.0, 7.0]
[34.0, 11.0, 12.0, 36.0, 27.0, 26.0]
[12.0, 18.0, 18.0, 12.0, 12.0, 12.0]
[12.0, 18.0, 18.0, 8.0, 8.0, 8.0]
T = 0.018014398509482003	 step = 786
97.80000000000001
14.395754419191917
[20.0, 32.0, 10.0, 7.0, 35.0, 7.0]
[34.0, 11.0, 11.0, 37.0, 27.0, 26.0]
[12.0, 18.0, 18.0, 12.0, 12.0, 12.0]
[12.0, 18.0, 18.0, 8.0, 8.0, 8.0]
T = 0.018014398509482003	 step = 787
97.84000000000003
14.362945075757573
[20.0, 32.0, 10.0, 7.0, 35.0, 7.0]
[34.0, 11.0, 11.0, 36.0, 27.0, 26.0]
[12.0, 18.0, 18.0, 12.0, 12.0, 12.0]
[12.0, 18.0, 18.0, 8.0, 8.0, 8.0]
T = 0.018014398509482003	 step = 788
97.82000000000005
14.140722853535351
[20.0, 32.0, 10.0, 7.0, 35.0, 7.0]
[34.0, 12.0, 11.0, 36.0, 27.0, 26.0]
[12.0, 18.0, 18.0, 12.0, 12.0, 12.0]
[12.0, 18.0, 18.0, 8.0, 8.0, 8.0]
T = 0.018014398509482003	 step = 789
99.30000000000001
13.35495265151515
[20.0, 32.0, 12.0, 7.0, 35.0, 7.0]
[34.0, 12.0, 12.0, 36.0, 27.0, 26.0]
[12.0, 18.0, 18.0, 12.0, 12.0, 12.0]
[12.0, 18.0, 18.0, 8.0, 8.0, 8.0]
T = 0.018014398509482003	 step = 790
97.90000000000003
13.918500631313128
[20.0, 32.0, 10.0, 7.0, 35.0, 7.0]
[34.0, 12.0, 11.0, 36.0, 27.0, 25.0]
[12.0, 18.0, 18.0, 12.0, 12.0, 12.0]
[12.0, 18.0, 18.0, 8.0, 8.0, 8.0]
T = 0.018014398509482003	 step = 791
97.55000000000001
14.362945075757573
[20.0, 32.0, 10.0, 7.0, 35.0, 7.0]
[34.0, 12.0, 10.0, 36.0, 27.0, 25.0]
[12.0, 18.0, 18.0, 12.0, 12.0, 12.0]
[12.0, 18.0, 18.0, 8.0, 8.0, 8.0]
T = 0.018014398509482003	 step = 792
98.41000000000003
14.232894570707067
[20.0, 31.0, 10.0, 7.0, 35.0, 7.0]
[34.0, 12.0, 10.0, 36.0, 27.0, 25.0]
[12.0, 18.0, 18.0, 12.0, 12.0, 12.0]
[12.0, 18.0, 18.0, 8.0, 8.0, 8.0]
T = 0.018014398509482003	 step = 793
97.55000000000001
14.140722853535351
[20.0, 32.0, 10.0, 7.0, 35.0, 7.0]
[34.0, 12.0, 10.0, 36.0, 27.0, 24.0]
[12.0, 18.0, 18.0, 12.0, 12.0, 12.0]
[12.0, 18.0, 18.0, 8.0, 8.0, 8.0]
T = 0.018014398509482003	 step = 794
97.56
14.2704577020202
[20.0, 32.0, 10.0, 7.0, 35.0, 7.0]
[34.0, 12.0, 10.0, 35.0, 27.0, 24.0]
[12.0, 18.0, 18.0, 12.0, 12.0, 12.0]
[12.0, 18.0, 18.0, 8.0, 8.0, 8.0]
T = 0.018014398509482003	 step = 795
97.56
14.2704577020202
[20.0, 32.0, 10.0, 7.0, 35.0, 7.0]
[34.0, 12.0, 10.0, 35.0, 27.0, 24.0]
[12.0, 18.0, 18.0, 12.0, 12.0, 12.0]
[12.0, 18.0, 18.0, 8.0, 8.0, 8.0]
T = 0.018014398509482003	 step = 796
97.40000000000003
14.492679924242424
[20.0, 32.0, 10.0, 7.0, 35.0, 7.0]
[35.0, 12.0, 10.0, 36.0, 27.0, 24.0]
[12.0, 18.0, 18.0, 12.0, 12.0, 12.0]
[12.0, 18.0, 18.0, 8.0, 8.0, 8.0]
T = 0.018014398509482003	 step = 797
97.42000000000002
14.578380681818182
[20.0, 32.0, 10.0, 7.0, 34.0, 7.0]
[35.0, 12.0, 10.0, 36.0, 27.0, 24.0]
[12.0, 18.0, 18.0, 12.0, 12.0, 12.0]
[12.0, 18.0, 18.0, 8.0, 8.0, 8.0]
T = 0.018014398509482003	 step = 798
97.5
14.986051136363635
[21.0, 32.0, 10.0, 7.0, 34.0, 7.0]
[35.0, 12.0, 10.0, 36.0, 27.0, 24.0]
[12.0, 18.0, 18.0, 12.0, 12.0, 12.0]
[12.0, 18.0, 18.0, 8.0, 8.0, 8.0]
T = 0.018014398509482003	 step = 799
97.40000000000003
14.492679924242424
[20.0, 32.0, 10.0, 7.0, 35.0, 7.0]
[35.0, 12.0, 10.0, 36.0, 27.0, 24.0]
[12.0, 18.0, 18.0, 12.0, 12.0, 12.0]
[12.0, 18.0, 18.0, 8.0, 8.0, 8.0]
T = 0.014411518807585602	 step = 800
97.43
14.578380681818182
[20.0, 32.0, 10.0, 7.0, 35.0, 8.0]
[35.0, 12.0, 10.0, 36.0, 27.0, 24.0]
[12.0, 18.0, 18.0, 12.0, 12.0, 12.0]
[12.0, 18.0, 18.0, 8.0, 8.0, 8.0]
T = 0.014411518807585602	 step = 801
97.51000000000005
14.986051136363633
[21.0, 32.0, 10.0, 7.0, 35.0, 8.0]
[35.0, 12.0, 10.0, 36.0, 27.0, 24.0]
[12.0, 18.0, 18.0, 12.0, 12.0, 12.0]
[12.0, 18.0, 18.0, 8.0, 8.0, 8.0]
T = 0.014411518807585602	 step = 802
97.43
14.578380681818182
[20.0, 32.0, 10.0, 7.0, 35.0, 8.0]
[35.0, 12.0, 10.0, 36.0, 27.0, 24.0]
[12.0, 18.0, 18.0, 12.0, 12.0, 12.0]
[12.0, 18.0, 18.0, 8.0, 8.0, 8.0]
T = 0.014411518807585602	 step = 803
97.46000000000004
14.800602904040403
[20.0, 32.0, 10.0, 7.0, 35.0, 8.0]
[35.0, 11.0, 10.0, 36.0, 27.0, 24.0]
[12.0, 18.0, 18.0, 12.0, 12.0, 12.0]
[12.0, 18.0, 18.0, 8.0, 8.0, 8.0]
T = 0.014411518807585602	 step = 804
97.44
14.68898279671717
[20.0, 32.0, 10.0, 7.0, 35.0, 8.0]
[35.0, 12.0, 10.0, 35.0, 27.0, 24.0]
[12.0, 18.0, 18.0, 12.0, 12.0, 12.0]
[12.0, 18.0, 18.0, 8.0, 8.0, 8.0]
T = 0.014411518807585602	 step = 805
98.22000000000003
14.277616792929292
[20.0, 32.0, 11.0, 7.0, 35.0, 8.0]
[35.0, 12.0, 10.0, 36.0, 27.0, 24.0]
[12.0, 18.0, 18.0, 12.0, 12.0, 12.0]
[12.0, 18.0, 18.0, 8.0, 8.0, 8.0]
T = 0.014411518807585602	 step = 806
97.46000000000004
14.659820075757574
[20.0, 32.0, 10.0, 7.0, 35.0, 9.0]
[35.0, 12.0, 10.0, 36.0, 27.0, 24.0]
[12.0, 18.0, 18.0, 12.0, 12.0, 12.0]
[12.0, 18.0, 18.0, 8.0, 8.0, 8.0]
T = 0.014411518807585602	 step = 807
97.44
14.68898279671717
[20.0, 32.0, 10.0, 7.0, 35.0, 8.0]
[35.0, 12.0, 10.0, 35.0, 27.0, 24.0]
[12.0, 18.0, 18.0, 12.0, 12.0, 12.0]
[12.0, 18.0, 18.0, 8.0, 8.0, 8.0]
T = 0.014411518807585602	 step = 808
97.47000000000003
14.770422190656564
[20.0, 32.0, 10.0, 7.0, 35.0, 9.0]
[35.0, 12.0, 10.0, 35.0, 27.0, 24.0]
[12.0, 18.0, 18.0, 12.0, 12.0, 12.0]
[12.0, 18.0, 18.0, 8.0, 8.0, 8.0]
T = 0.014411518807585602	 step = 809
98.25
14.476760574494948
[20.0, 32.0, 11.0, 7.0, 35.0, 9.0]
[35.0, 12.0, 10.0, 35.0, 27.0, 24.0]
[12.0, 18.0, 18.0, 12.0, 12.0, 12.0]
[12.0, 18.0, 18.0, 8.0, 8.0, 8.0]
T = 0.014411518807585602	 step = 810
97.55000000000001
15.201486742424239
[21.0, 32.0, 10.0, 7.0, 35.0, 9.0]
[35.0, 12.0, 10.0, 35.0, 27.0, 24.0]
[12.0, 18.0, 18.0, 12.0, 12.0, 12.0]
[12.0, 18.0, 18.0, 8.0, 8.0, 8.0]
T = 0.014411518807585602	 step = 811
97.54000000000002
15.071751893939393
[21.0, 32.0, 10.0, 7.0, 35.0, 9.0]
[35.0, 12.0, 10.0, 36.0, 27.0, 24.0]
[12.0, 18.0, 18.0, 12.0, 12.0, 12.0]
[12.0, 18.0, 18.0, 8.0, 8.0, 8.0]
T = 0.014411518807585602	 step = 812
97.46000000000004
14.659820075757574
[20.0, 32.0, 10.0, 7.0, 35.0, 9.0]
[35.0, 12.0, 10.0, 36.0, 27.0, 24.0]
[12.0, 18.0, 18.0, 12.0, 12.0, 12.0]
[12.0, 18.0, 18.0, 8.0, 8.0, 8.0]
T = 0.014411518807585602	 step = 813
97.44
14.530085227272727
[20.0, 32.0, 10.0, 7.0, 35.0, 9.0]
[35.0, 12.0, 10.0, 37.0, 27.0, 24.0]
[12.0, 18.0, 18.0, 12.0, 12.0, 12.0]
[12.0, 18.0, 18.0, 8.0, 8.0, 8.0]
T = 0.014411518807585602	 step = 814
97.49000000000001
14.307863005050505
[20.0, 32.0, 10.0, 7.0, 35.0, 9.0]
[35.0, 12.0, 10.0, 37.0, 26.0, 24.0]
[12.0, 18.0, 18.0, 12.0, 12.0, 12.0]
[12.0, 18.0, 18.0, 8.0, 8.0, 8.0]
T = 0.014411518807585602	 step = 815
97.5
14.437597853535353
[20.0, 32.0, 10.0, 7.0, 35.0, 9.0]
[35.0, 12.0, 10.0, 36.0, 26.0, 24.0]
[12.0, 18.0, 18.0, 12.0, 12.0, 12.0]
[12.0, 18.0, 18.0, 8.0, 8.0, 8.0]
T = 0.014411518807585602	 step = 816
97.57000000000005
14.719794823232322
[21.0, 32.0, 10.0, 7.0, 35.0, 9.0]
[35.0, 12.0, 10.0, 37.0, 26.0, 24.0]
[12.0, 18.0, 18.0, 12.0, 12.0, 12.0]
[12.0, 18.0, 18.0, 8.0, 8.0, 8.0]
T = 0.014411518807585602	 step = 817
97.5
14.437597853535353
[20.0, 32.0, 10.0, 7.0, 35.0, 9.0]
[35.0, 12.0, 10.0, 36.0, 26.0, 24.0]
[12.0, 18.0, 18.0, 12.0, 12.0, 12.0]
[12.0, 18.0, 18.0, 8.0, 8.0, 8.0]
T = 0.014411518807585602	 step = 818
97.46000000000004
14.659820075757574
[20.0, 32.0, 10.0, 7.0, 35.0, 9.0]
[35.0, 12.0, 10.0, 36.0, 27.0, 24.0]
[12.0, 18.0, 18.0, 12.0, 12.0, 12.0]
[12.0, 18.0, 18.0, 8.0, 8.0, 8.0]
T = 0.014411518807585602	 step = 819
97.54000000000002
15.071751893939393
[21.0, 32.0, 10.0, 7.0, 35.0, 9.0]
[35.0, 12.0, 10.0, 36.0, 27.0, 24.0]
[12.0, 18.0, 18.0, 12.0, 12.0, 12.0]
[12.0, 18.0, 18.0, 8.0, 8.0, 8.0]
T = 0.014411518807585602	 step = 820
97.43
14.578380681818182
[20.0, 32.0, 10.0, 7.0, 35.0, 8.0]
[35.0, 12.0, 10.0, 36.0, 27.0, 24.0]
[12.0, 18.0, 18.0, 12.0, 12.0, 12.0]
[12.0, 18.0, 18.0, 8.0, 8.0, 8.0]
T = 0.014411518807585602	 step = 821
98.22000000000003
14.277616792929292
[20.0, 32.0, 11.0, 7.0, 35.0, 8.0]
[35.0, 12.0, 10.0, 36.0, 27.0, 24.0]
[12.0, 18.0, 18.0, 12.0, 12.0, 12.0]
[12.0, 18.0, 18.0, 8.0, 8.0, 8.0]
T = 0.014411518807585602	 step = 822
97.67000000000002
14.631253156565654
[21.0, 32.0, 10.0, 7.0, 35.0, 8.0]
[34.0, 12.0, 10.0, 36.0, 27.0, 24.0]
[12.0, 18.0, 18.0, 12.0, 12.0, 12.0]
[12.0, 18.0, 18.0, 8.0, 8.0, 8.0]
T = 0.014411518807585602	 step = 823
97.41000000000003
14.448645833333332
[20.0, 32.0, 10.0, 7.0, 35.0, 8.0]
[35.0, 12.0, 10.0, 37.0, 27.0, 24.0]
[12.0, 18.0, 18.0, 12.0, 12.0, 12.0]
[12.0, 18.0, 18.0, 8.0, 8.0, 8.0]
T = 0.014411518807585602	 step = 824
97.38
14.362945075757574
[20.0, 32.0, 10.0, 7.0, 35.0, 7.0]
[35.0, 12.0, 10.0, 37.0, 27.0, 24.0]
[12.0, 18.0, 18.0, 12.0, 12.0, 12.0]
[12.0, 18.0, 18.0, 8.0, 8.0, 8.0]
T = 0.014411518807585602	 step = 825
97.40000000000003
14.492679924242424
[20.0, 32.0, 10.0, 7.0, 35.0, 7.0]
[35.0, 12.0, 10.0, 36.0, 27.0, 24.0]
[12.0, 18.0, 18.0, 12.0, 12.0, 12.0]
[12.0, 18.0, 18.0, 8.0, 8.0, 8.0]
T = 0.014411518807585602	 step = 826
97.40000000000003
14.492679924242424
[20.0, 32.0, 10.0, 7.0, 35.0, 7.0]
[35.0, 12.0, 10.0, 36.0, 27.0, 24.0]
[12.0, 18.0, 18.0, 12.0, 12.0, 12.0]
[12.0, 18.0, 18.0, 8.0, 8.0, 8.0]
T = 0.014411518807585602	 step = 827
98.19
14.246051136363633
[20.0, 32.0, 11.0, 7.0, 35.0, 7.0]
[35.0, 12.0, 10.0, 36.0, 27.0, 24.0]
[12.0, 18.0, 18.0, 12.0, 12.0, 12.0]
[12.0, 18.0, 18.0, 8.0, 8.0, 8.0]
T = 0.014411518807585602	 step = 828
97.45000000000005
14.2704577020202
[20.0, 32.0, 10.0, 7.0, 35.0, 7.0]
[35.0, 12.0, 10.0, 36.0, 26.0, 24.0]
[12.0, 18.0, 18.0, 12.0, 12.0, 12.0]
[12.0, 18.0, 18.0, 8.0, 8.0, 8.0]
T = 0.014411518807585602	 step = 829
97.48000000000002
14.356158459595958
[20.0, 32.0, 10.0, 7.0, 35.0, 8.0]
[35.0, 12.0, 10.0, 36.0, 26.0, 24.0]
[12.0, 18.0, 18.0, 12.0, 12.0, 12.0]
[12.0, 18.0, 18.0, 8.0, 8.0, 8.0]
T = 0.014411518807585602	 step = 830
98.20000000000005
14.023828914141411
[20.0, 32.0, 11.0, 7.0, 35.0, 7.0]
[35.0, 12.0, 10.0, 36.0, 26.0, 24.0]
[12.0, 18.0, 18.0, 12.0, 12.0, 12.0]
[12.0, 18.0, 18.0, 8.0, 8.0, 8.0]
T = 0.014411518807585602	 step = 831
97.46000000000004
14.356158459595958
[20.0, 32.0, 10.0, 7.0, 34.0, 7.0]
[35.0, 12.0, 10.0, 36.0, 26.0, 24.0]
[12.0, 18.0, 18.0, 12.0, 12.0, 12.0]
[12.0, 18.0, 18.0, 8.0, 8.0, 8.0]
T = 0.014411518807585602	 step = 832
97.43
14.140722853535353
[20.0, 32.0, 10.0, 7.0, 35.0, 7.0]
[35.0, 12.0, 10.0, 37.0, 26.0, 24.0]
[12.0, 18.0, 18.0, 12.0, 12.0, 12.0]
[12.0, 18.0, 18.0, 8.0, 8.0, 8.0]
T = 0.014411518807585602	 step = 833
98.29000000000002
14.010672348484848
[20.0, 31.0, 10.0, 7.0, 35.0, 7.0]
[35.0, 12.0, 10.0, 37.0, 26.0, 24.0]
[12.0, 18.0, 18.0, 12.0, 12.0, 12.0]
[12.0, 18.0, 18.0, 8.0, 8.0, 8.0]
T = 0.014411518807585602	 step = 834
98.29000000000002
14.010672348484848
[20.0, 31.0, 10.0, 7.0, 35.0, 7.0]
[35.0, 12.0, 10.0, 37.0, 26.0, 24.0]
[12.0, 18.0, 18.0, 12.0, 12.0, 12.0]
[12.0, 18.0, 18.0, 8.0, 8.0, 8.0]
T = 0.014411518807585602	 step = 835
97.41000000000003
14.362945075757574
[20.0, 32.0, 10.0, 7.0, 35.0, 7.0]
[35.0, 11.0, 10.0, 37.0, 26.0, 24.0]
[12.0, 18.0, 18.0, 12.0, 12.0, 12.0]
[12.0, 18.0, 18.0, 8.0, 8.0, 8.0]
T = 0.014411518807585602	 step = 836
97.45000000000005
14.492679924242424
[20.0, 32.0, 10.0, 7.0, 35.0, 7.0]
[35.0, 11.0, 10.0, 36.0, 26.0, 24.0]
[12.0, 18.0, 18.0, 12.0, 12.0, 12.0]
[12.0, 18.0, 18.0, 8.0, 8.0, 8.0]
T = 0.014411518807585602	 step = 837
97.37
14.70890467171717
[21.0, 32.0, 10.0, 7.0, 35.0, 7.0]
[35.0, 11.0, 10.0, 37.0, 26.0, 24.0]
[12.0, 18.0, 18.0, 12.0, 12.0, 12.0]
[12.0, 18.0, 18.0, 8.0, 8.0, 8.0]
T = 0.014411518807585602	 step = 838
98.14000000000004
14.232894570707069
[20.0, 31.0, 10.0, 7.0, 35.0, 7.0]
[35.0, 11.0, 10.0, 37.0, 26.0, 24.0]
[12.0, 18.0, 18.0, 12.0, 12.0, 12.0]
[12.0, 18.0, 18.0, 8.0, 8.0, 8.0]
T = 0.014411518807585602	 step = 839
97.43
14.140722853535353
[20.0, 32.0, 10.0, 7.0, 35.0, 7.0]
[35.0, 12.0, 10.0, 37.0, 26.0, 24.0]
[12.0, 18.0, 18.0, 12.0, 12.0, 12.0]
[12.0, 18.0, 18.0, 8.0, 8.0, 8.0]
T = 0.014411518807585602	 step = 840
98.29000000000002
14.010672348484848
[20.0, 31.0, 10.0, 7.0, 35.0, 7.0]
[35.0, 12.0, 10.0, 37.0, 26.0, 24.0]
[12.0, 18.0, 18.0, 12.0, 12.0, 12.0]
[12.0, 18.0, 18.0, 8.0, 8.0, 8.0]
T = 0.014411518807585602	 step = 841
97.51000000000005
14.486682449494946
[21.0, 32.0, 10.0, 7.0, 35.0, 7.0]
[35.0, 12.0, 10.0, 37.0, 26.0, 24.0]
[12.0, 18.0, 18.0, 12.0, 12.0, 12.0]
[12.0, 18.0, 18.0, 8.0, 8.0, 8.0]
T = 0.011529215046068483	 step = 842
97.41000000000003
14.362945075757574
[20.0, 32.0, 10.0, 7.0, 35.0, 7.0]
[35.0, 11.0, 10.0, 37.0, 26.0, 24.0]
[12.0, 18.0, 18.0, 12.0, 12.0, 12.0]
[12.0, 18.0, 18.0, 8.0, 8.0, 8.0]
T = 0.011529215046068483	 step = 843
97.45000000000005
14.492679924242424
[20.0, 32.0, 10.0, 7.0, 35.0, 7.0]
[35.0, 11.0, 10.0, 36.0, 26.0, 24.0]
[12.0, 18.0, 18.0, 12.0, 12.0, 12.0]
[12.0, 18.0, 18.0, 8.0, 8.0, 8.0]
T = 0.011529215046068483	 step = 844
97.47000000000003
14.714902146464645
[20.0, 32.0, 10.0, 7.0, 35.0, 7.0]
[35.0, 10.0, 10.0, 36.0, 26.0, 24.0]
[12.0, 18.0, 18.0, 12.0, 12.0, 12.0]
[12.0, 18.0, 18.0, 8.0, 8.0, 8.0]
T = 0.011529215046068483	 step = 845
97.47000000000003
14.578380681818182
[20.0, 32.0, 10.0, 7.0, 35.0, 8.0]
[35.0, 11.0, 10.0, 36.0, 26.0, 24.0]
[12.0, 18.0, 18.0, 12.0, 12.0, 12.0]
[12.0, 18.0, 18.0, 8.0, 8.0, 8.0]
T = 0.011529215046068483	 step = 846
97.45000000000005
14.492679924242424
[20.0, 32.0, 10.0, 7.0, 35.0, 7.0]
[35.0, 11.0, 10.0, 36.0, 26.0, 24.0]
[12.0, 18.0, 18.0, 12.0, 12.0, 12.0]
[12.0, 18.0, 18.0, 8.0, 8.0, 8.0]
T = 0.011529215046068483	 step = 847
97.45000000000005
14.2704577020202
[20.0, 32.0, 10.0, 7.0, 35.0, 7.0]
[35.0, 12.0, 10.0, 36.0, 26.0, 24.0]
[12.0, 18.0, 18.0, 12.0, 12.0, 12.0]
[12.0, 18.0, 18.0, 8.0, 8.0, 8.0]
T = 0.011529215046068483	 step = 848
97.44
14.492679924242424
[20.0, 32.0, 10.0, 7.0, 35.0, 7.0]
[35.0, 12.0, 10.0, 36.0, 26.0, 25.0]
[12.0, 18.0, 18.0, 12.0, 12.0, 12.0]
[12.0, 18.0, 18.0, 8.0, 8.0, 8.0]
T = 0.011529215046068483	 step = 849
97.59000000000003
13.918500631313128
[20.0, 32.0, 10.0, 7.0, 35.0, 7.0]
[34.0, 12.0, 10.0, 36.0, 26.0, 24.0]
[12.0, 18.0, 18.0, 12.0, 12.0, 12.0]
[12.0, 18.0, 18.0, 8.0, 8.0, 8.0]
T = 0.011529215046068483	 step = 850
97.59000000000003
14.140722853535351
[20.0, 32.0, 10.0, 7.0, 35.0, 7.0]
[34.0, 12.0, 10.0, 36.0, 26.0, 25.0]
[12.0, 18.0, 18.0, 12.0, 12.0, 12.0]
[12.0, 18.0, 18.0, 8.0, 8.0, 8.0]
T = 0.011529215046068483	 step = 851
97.59000000000003
14.140722853535351
[20.0, 32.0, 10.0, 7.0, 35.0, 7.0]
[34.0, 12.0, 10.0, 36.0, 26.0, 25.0]
[12.0, 18.0, 18.0, 12.0, 12.0, 12.0]
[12.0, 18.0, 18.0, 8.0, 8.0, 8.0]
T = 0.011529215046068483	 step = 852
98.31
13.894094065656562
[20.0, 32.0, 11.0, 7.0, 35.0, 7.0]
[34.0, 12.0, 10.0, 36.0, 26.0, 25.0]
[12.0, 18.0, 18.0, 12.0, 12.0, 12.0]
[12.0, 18.0, 18.0, 8.0, 8.0, 8.0]
T = 0.011529215046068483	 step = 853
97.57000000000005
14.173532196969695
[20.0, 32.0, 10.0, 7.0, 35.0, 7.0]
[34.0, 12.0, 10.0, 37.0, 26.0, 25.0]
[12.0, 18.0, 18.0, 12.0, 12.0, 12.0]
[12.0, 18.0, 18.0, 8.0, 8.0, 8.0]
T = 0.011529215046068483	 step = 854
97.59000000000003
14.140722853535351
[20.0, 32.0, 10.0, 7.0, 35.0, 7.0]
[34.0, 12.0, 10.0, 36.0, 26.0, 25.0]
[12.0, 18.0, 18.0, 12.0, 12.0, 12.0]
[12.0, 18.0, 18.0, 8.0, 8.0, 8.0]
T = 0.011529215046068483	 step = 855
98.31
13.894094065656562
[20.0, 32.0, 11.0, 7.0, 35.0, 7.0]
[34.0, 12.0, 10.0, 36.0, 26.0, 25.0]
[12.0, 18.0, 18.0, 12.0, 12.0, 12.0]
[12.0, 18.0, 18.0, 8.0, 8.0, 8.0]
T = 0.011529215046068483	 step = 856
97.44
14.492679924242424
[20.0, 32.0, 10.0, 7.0, 35.0, 7.0]
[35.0, 12.0, 10.0, 36.0, 26.0, 25.0]
[12.0, 18.0, 18.0, 12.0, 12.0, 12.0]
[12.0, 18.0, 18.0, 8.0, 8.0, 8.0]
T = 0.011529215046068483	 step = 857
97.55000000000001
14.362945075757573
[20.0, 32.0, 10.0, 7.0, 35.0, 7.0]
[34.0, 11.0, 10.0, 36.0, 26.0, 25.0]
[12.0, 18.0, 18.0, 12.0, 12.0, 12.0]
[12.0, 18.0, 18.0, 8.0, 8.0, 8.0]
T = 0.011529215046068483	 step = 858
97.68
14.486682449494946
[21.0, 32.0, 10.0, 7.0, 35.0, 7.0]
[34.0, 12.0, 10.0, 36.0, 26.0, 25.0]
[12.0, 18.0, 18.0, 12.0, 12.0, 12.0]
[12.0, 18.0, 18.0, 8.0, 8.0, 8.0]
T = 0.011529215046068483	 step = 859
98.31
13.894094065656562
[20.0, 32.0, 11.0, 7.0, 35.0, 7.0]
[34.0, 12.0, 10.0, 36.0, 26.0, 25.0]
[12.0, 18.0, 18.0, 12.0, 12.0, 12.0]
[12.0, 18.0, 18.0, 8.0, 8.0, 8.0]
T = 0.011529215046068483	 step = 860
97.36000000000001
15.425088383838382
[20.0, 32.0, 10.0, 7.0, 37.0, 7.0]
[34.0, 12.0, 10.0, 36.0, 34.0, 25.0]
[12.0, 18.0, 18.0, 12.0, 8.0, 12.0]
[12.0, 18.0, 18.0, 8.0, 12.0, 8.0]
T = 0.011529215046068483	 step = 861
97.55000000000001
14.362945075757573
[20.0, 32.0, 10.0, 7.0, 35.0, 7.0]
[34.0, 12.0, 10.0, 36.0, 27.0, 25.0]
[12.0, 18.0, 18.0, 12.0, 12.0, 12.0]
[12.0, 18.0, 18.0, 8.0, 8.0, 8.0]
T = 0.011529215046068483	 step = 862
97.60000000000002
14.2704577020202
[20.0, 32.0, 10.0, 7.0, 35.0, 7.0]
[34.0, 12.0, 10.0, 35.0, 26.0, 25.0]
[12.0, 18.0, 18.0, 12.0, 12.0, 12.0]
[12.0, 18.0, 18.0, 8.0, 8.0, 8.0]
T = 0.011529215046068483	 step = 863
97.62
14.356158459595958
[20.0, 32.0, 10.0, 7.0, 34.0, 7.0]
[34.0, 12.0, 10.0, 35.0, 26.0, 25.0]
[12.0, 18.0, 18.0, 12.0, 12.0, 12.0]
[12.0, 18.0, 18.0, 8.0, 8.0, 8.0]
T = 0.011529215046068483	 step = 864
98.37
14.168399621212119
[20.0, 32.0, 11.0, 7.0, 34.0, 7.0]
[34.0, 12.0, 10.0, 35.0, 26.0, 25.0]
[12.0, 18.0, 18.0, 12.0, 12.0, 12.0]
[12.0, 18.0, 18.0, 8.0, 8.0, 8.0]
T = 0.011529215046068483	 step = 865
97.57000000000005
14.578380681818182
[20.0, 32.0, 10.0, 7.0, 34.0, 7.0]
[34.0, 12.0, 10.0, 35.0, 27.0, 25.0]
[12.0, 18.0, 18.0, 12.0, 12.0, 12.0]
[12.0, 18.0, 18.0, 8.0, 8.0, 8.0]
T = 0.011529215046068483	 step = 866
97.56
14.44864583333333
[20.0, 32.0, 10.0, 7.0, 34.0, 7.0]
[34.0, 12.0, 10.0, 36.0, 27.0, 25.0]
[12.0, 18.0, 18.0, 12.0, 12.0, 12.0]
[12.0, 18.0, 18.0, 8.0, 8.0, 8.0]
T = 0.011529215046068483	 step = 867
97.56
14.226423611111109
[20.0, 32.0, 10.0, 7.0, 34.0, 7.0]
[34.0, 12.0, 10.0, 36.0, 27.0, 24.0]
[12.0, 18.0, 18.0, 12.0, 12.0, 12.0]
[12.0, 18.0, 18.0, 8.0, 8.0, 8.0]
T = 0.011529215046068483	 step = 868
98.44
14.042238005050502
[20.0, 31.0, 10.0, 7.0, 34.0, 7.0]
[34.0, 12.0, 10.0, 36.0, 27.0, 24.0]
[12.0, 18.0, 18.0, 12.0, 12.0, 12.0]
[12.0, 18.0, 18.0, 8.0, 8.0, 8.0]
T = 0.011529215046068483	 step = 869
97.65000000000003
14.631253156565654
[21.0, 32.0, 10.0, 7.0, 34.0, 7.0]
[34.0, 12.0, 10.0, 36.0, 27.0, 24.0]
[12.0, 18.0, 18.0, 12.0, 12.0, 12.0]
[12.0, 18.0, 18.0, 8.0, 8.0, 8.0]
T = 0.011529215046068483	 step = 870
97.70000000000005
14.039851641414138
[20.0, 32.0, 10.0, 7.0, 34.0, 7.0]
[33.0, 12.0, 10.0, 36.0, 27.0, 24.0]
[12.0, 18.0, 18.0, 12.0, 12.0, 12.0]
[12.0, 18.0, 18.0, 8.0, 8.0, 8.0]
T = 0.011529215046068483	 step = 871
97.56
14.44864583333333
[20.0, 32.0, 10.0, 7.0, 34.0, 7.0]
[34.0, 12.0, 10.0, 36.0, 27.0, 25.0]
[12.0, 18.0, 18.0, 12.0, 12.0, 12.0]
[12.0, 18.0, 18.0, 8.0, 8.0, 8.0]
T = 0.011529215046068483	 step = 872
97.54000000000002
14.484296085858583
[20.0, 32.0, 10.0, 7.0, 34.0, 7.0]
[34.0, 12.0, 10.0, 37.0, 27.0, 25.0]
[12.0, 18.0, 18.0, 12.0, 12.0, 12.0]
[12.0, 18.0, 18.0, 8.0, 8.0, 8.0]
T = 0.011529215046068483	 step = 873
97.53000000000003
14.395754419191917
[20.0, 32.0, 10.0, 7.0, 35.0, 7.0]
[34.0, 12.0, 10.0, 37.0, 27.0, 25.0]
[12.0, 18.0, 18.0, 12.0, 12.0, 12.0]
[12.0, 18.0, 18.0, 8.0, 8.0, 8.0]
T = 0.011529215046068483	 step = 874
97.86000000000001
13.951309974747472
[20.0, 32.0, 10.0, 7.0, 35.0, 7.0]
[34.0, 12.0, 11.0, 37.0, 27.0, 25.0]
[12.0, 18.0, 18.0, 12.0, 12.0, 12.0]
[12.0, 18.0, 18.0, 8.0, 8.0, 8.0]
T = 0.011529215046068483	 step = 875
97.38
14.585167297979796
[20.0, 32.0, 10.0, 7.0, 35.0, 7.0]
[35.0, 12.0, 10.0, 37.0, 27.0, 25.0]
[12.0, 18.0, 18.0, 12.0, 12.0, 12.0]
[12.0, 18.0, 18.0, 8.0, 8.0, 8.0]
T = 0.011529215046068483	 step = 876
97.36000000000001
14.807389520202017
[20.0, 32.0, 10.0, 7.0, 35.0, 7.0]
[35.0, 12.0, 10.0, 37.0, 27.0, 26.0]
[12.0, 18.0, 18.0, 12.0, 12.0, 12.0]
[12.0, 18.0, 18.0, 8.0, 8.0, 8.0]
T = 0.011529215046068483	 step = 877
98.24000000000001
14.455116792929292
[20.0, 31.0, 10.0, 7.0, 35.0, 7.0]
[35.0, 12.0, 10.0, 37.0, 27.0, 25.0]
[12.0, 18.0, 18.0, 12.0, 12.0, 12.0]
[12.0, 18.0, 18.0, 8.0, 8.0, 8.0]
T = 0.011529215046068483	 step = 878
97.36000000000001
14.807389520202017
[20.0, 32.0, 10.0, 7.0, 35.0, 7.0]
[35.0, 12.0, 10.0, 37.0, 27.0, 26.0]
[12.0, 18.0, 18.0, 12.0, 12.0, 12.0]
[12.0, 18.0, 18.0, 8.0, 8.0, 8.0]
T = 0.011529215046068483	 step = 879
97.38
14.937124368686868
[20.0, 32.0, 10.0, 7.0, 35.0, 7.0]
[35.0, 12.0, 10.0, 36.0, 27.0, 26.0]
[12.0, 18.0, 18.0, 12.0, 12.0, 12.0]
[12.0, 18.0, 18.0, 8.0, 8.0, 8.0]
T = 0.011529215046068483	 step = 880
98.24000000000001
14.80991477272727
[20.0, 31.0, 10.0, 7.0, 35.0, 7.0]
[35.0, 12.0, 10.0, 36.0, 27.0, 26.0]
[12.0, 18.0, 18.0, 12.0, 12.0, 12.0]
[12.0, 18.0, 18.0, 8.0, 8.0, 8.0]
T = 0.011529215046068483	 step = 881
97.37
15.15934659090909
[20.0, 32.0, 10.0, 7.0, 35.0, 7.0]
[35.0, 12.0, 10.0, 36.0, 27.0, 27.0]
[12.0, 18.0, 18.0, 12.0, 12.0, 12.0]
[12.0, 18.0, 18.0, 8.0, 8.0, 8.0]
T = 0.011529215046068483	 step = 882
97.67000000000002
14.492679924242424
[20.0, 32.0, 10.0, 7.0, 35.0, 7.0]
[35.0, 12.0, 11.0, 36.0, 27.0, 26.0]
[12.0, 18.0, 18.0, 12.0, 12.0, 12.0]
[12.0, 18.0, 18.0, 8.0, 8.0, 8.0]
T = 0.011529215046068483	 step = 883
97.39000000000004
15.022825126262626
[20.0, 32.0, 10.0, 7.0, 34.0, 7.0]
[35.0, 12.0, 10.0, 36.0, 27.0, 26.0]
[12.0, 18.0, 18.0, 12.0, 12.0, 12.0]
[12.0, 18.0, 18.0, 8.0, 8.0, 8.0]
