out_file,case,seed,thermal_weight,wirelength_weight,legalized_json,benchmark,benchmark_fallback,legal_report
acend910_t10-w2_seed1056634028.json,acend910,1056634028,10,2,/mnt/d/WORK/96/flow_tap/LayoutGenModel/logs/output/cases_hubump/selected-wsweep-acend910-t10-w2-newsweep_20260918/seed_1056634028/legalized/00_acend910_placement_legal.json,/mnt/d/WORK/96/flow_tap/benchmark/cases_hubump/acend910.json,0,/mnt/d/WORK/96/flow_tap/LayoutGenModel/logs/output/cases_hubump/selected-wsweep-acend910-t10-w2-newsweep_20260918/seed_1056634028/legalized/00_acend910_placement_legal_report.json
acend910_t10-w2_seed946615675.json,acend910,946615675,10,2,/mnt/d/WORK/96/flow_tap/LayoutGenModel/logs/output/cases_hubump/selected-wsweep-acend910-t10-w2-newsweep_20260918/seed_946615675/legalized/00_acend910_placement_legal.json,/mnt/d/WORK/96/flow_tap/benchmark/cases_hubump/acend910.json,0,/mnt/d/WORK/96/flow_tap/LayoutGenModel/logs/output/cases_hubump/selected-wsweep-acend910-t10-w2-newsweep_20260918/seed_946615675/legalized/00_acend910_placement_legal_report.json
acend910_t10-w2_seed1486441653.json,acend910,1486441653,10,2,/mnt/d/WORK/96/flow_tap/LayoutGenModel/logs/output/cases_hubump/selected-wsweep-acend910-t10-w2-newsweep_20260918/seed_1486441653/legalized/00_acend910_placement_legal.json,/mnt/d/WORK/96/flow_tap/benchmark/cases_hubump/acend910.json,0,/mnt/d/WORK/96/flow_tap/LayoutGenModel/logs/output/cases_hubump/selected-wsweep-acend910-t10-w2-newsweep_20260918/seed_1486441653/legalized/00_acend910_placement_legal_report.json
acend910_t0p1-w2_seed946615675.json,acend910,946615675,0.1,2,/mnt/d/WORK/96/flow_tap/LayoutGenModel/logs/output/cases_hubump/selected-wsweep-acend910-t0p1-w2-newsweep_20260918/seed_946615675/legalized/00_acend910_placement_legal.json,/mnt/d/WORK/96/flow_tap/benchmark/cases_hubump/acend910.json,0,/mnt/d/WORK/96/flow_tap/LayoutGenModel/logs/output/cases_hubump/selected-wsweep-acend910-t0p1-w2-newsweep_20260918/seed_946615675/legalized/00_acend910_placement_legal_report.json
acend910_t0p1-w2_seed1056634028.json,acend910,1056634028,0.1,2,/mnt/d/WORK/96/flow_tap/LayoutGenModel/logs/output/cases_hubump/selected-wsweep-acend910-t0p1-w2-newsweep_20260918/seed_1056634028/legalized/00_acend910_placement_legal.json,/mnt/d/WORK/96/flow_tap/benchmark/cases_hubump/acend910.json,0,/mnt/d/WORK/96/flow_tap/LayoutGenModel/logs/output/cases_hubump/selected-wsweep-acend910-t0p1-w2-newsweep_20260918/seed_1056634028/legalized/00_acend910_placement_legal_report.json
acend910_t0p1-w2_seed1486441653.json,acend910,1486441653,0.1,2,/mnt/d/WORK/96/flow_tap/LayoutGenModel/logs/output/cases_hubump/selected-wsweep-acend910-t0p1-w2-newsweep_20260918/seed_1486441653/legalized/00_acend910_placement_legal.json,/mnt/d/WORK/96/flow_tap/benchmark/cases_hubump/acend910.json,0,/mnt/d/WORK/96/flow_tap/LayoutGenModel/logs/output/cases_hubump/selected-wsweep-acend910-t0p1-w2-newsweep_20260918/seed_1486441653/legalized/00_acend910_placement_legal_report.json
acend910_t100-w0_seed946615675.json,acend910,946615675,100,0,/mnt/d/WORK/96/flow_tap/LayoutGenModel/logs/output/cases_hubump/selected-wsweep-acend910-t100-w0-newsweep_20260918/seed_946615675/legalized/00_acend910_placement_legal.json,/mnt/d/WORK/96/flow_tap/benchmark/cases_hubump/acend910.json,0,/mnt/d/WORK/96/flow_tap/LayoutGenModel/logs/output/cases_hubump/selected-wsweep-acend910-t100-w0-newsweep_20260918/seed_946615675/legalized/00_acend910_placement_legal_report.json
acend910_t100-w0_seed1486441653.json,acend910,1486441653,100,0,/mnt/d/WORK/96/flow_tap/LayoutGenModel/logs/output/cases_hubump/selected-wsweep-acend910-t100-w0-newsweep_20260918/seed_1486441653/legalized/00_acend910_placement_legal.json,/mnt/d/WORK/96/flow_tap/benchmark/cases_hubump/acend910.json,0,/mnt/d/WORK/96/flow_tap/LayoutGenModel/logs/output/cases_hubump/selected-wsweep-acend910-t100-w0-newsweep_20260918/seed_1486441653/legalized/00_acend910_placement_legal_report.json
acend910_t100-w0_seed1056634028.json,acend910,1056634028,100,0,/mnt/d/WORK/96/flow_tap/LayoutGenModel/logs/output/cases_hubump/selected-wsweep-acend910-t100-w0-newsweep_20260918/seed_1056634028/legalized/00_acend910_placement_legal.json,/mnt/d/WORK/96/flow_tap/benchmark/cases_hubump/acend910.json,0,/mnt/d/WORK/96/flow_tap/LayoutGenModel/logs/output/cases_hubump/selected-wsweep-acend910-t100-w0-newsweep_20260918/seed_1056634028/legalized/00_acend910_placement_legal_report.json
acend910_t100-w2_seed946615675.json,acend910,946615675,100,2,/mnt/d/WORK/96/flow_tap/LayoutGenModel/logs/output/cases_hubump/selected-wsweep-acend910-t100-w2-newsweep_20260918/seed_946615675/legalized/00_acend910_placement_legal.json,/mnt/d/WORK/96/flow_tap/benchmark/cases_hubump/acend910.json,0,/mnt/d/WORK/96/flow_tap/LayoutGenModel/logs/output/cases_hubump/selected-wsweep-acend910-t100-w2-newsweep_20260918/seed_946615675/legalized/00_acend910_placement_legal_report.json
acend910_t100-w2_seed1056634028.json,acend910,1056634028,100,2,/mnt/d/WORK/96/flow_tap/LayoutGenModel/logs/output/cases_hubump/selected-wsweep-acend910-t100-w2-newsweep_20260918/seed_1056634028/legalized/00_acend910_placement_legal.json,/mnt/d/WORK/96/flow_tap/benchmark/cases_hubump/acend910.json,0,/mnt/d/WORK/96/flow_tap/LayoutGenModel/logs/output/cases_hubump/selected-wsweep-acend910-t100-w2-newsweep_20260918/seed_1056634028/legalized/00_acend910_placement_legal_report.json
acend910_t100-w2_seed1486441653.json,acend910,1486441653,100,2,/mnt/d/WORK/96/flow_tap/LayoutGenModel/logs/output/cases_hubump/selected-wsweep-acend910-t100-w2-newsweep_20260918/seed_1486441653/legalized/00_acend910_placement_legal.json,/mnt/d/WORK/96/flow_tap/benchmark/cases_hubump/acend910.json,0,/mnt/d/WORK/96/flow_tap/LayoutGenModel/logs/output/cases_hubump/selected-wsweep-acend910-t100-w2-newsweep_20260918/seed_1486441653/legalized/00_acend910_placement_legal_report.json
acend910_t10-w0p02_seed946615675.json,acend910,946615675,10,0.02,/mnt/d/WORK/96/flow_tap/LayoutGenModel/logs/output/cases_hubump/selected-wsweep-acend910-t10-w0p02-newsweep_20260918/seed_946615675/legalized/00_acend910_placement_legal.json,/mnt/d/WORK/96/flow_tap/benchmark/cases_hubump/acend910.json,0,/mnt/d/WORK/96/flow_tap/LayoutGenModel/logs/output/cases_hubump/selected-wsweep-acend910-t10-w0p02-newsweep_20260918/seed_946615675/legalized/00_acend910_placement_legal_report.json
acend910_t10-w0p02_seed1056634028.json,acend910,1056634028,10,0.02,/mnt/d/WORK/96/flow_tap/LayoutGenModel/logs/output/cases_hubump/selected-wsweep-acend910-t10-w0p02-newsweep_20260918/seed_1056634028/legalized/00_acend910_placement_legal.json,/mnt/d/WORK/96/flow_tap/benchmark/cases_hubump/acend910.json,0,/mnt/d/WORK/96/flow_tap/LayoutGenModel/logs/output/cases_hubump/selected-wsweep-acend910-t10-w0p02-newsweep_20260918/seed_1056634028/legalized/00_acend910_placement_legal_report.json
acend910_t10-w0p02_seed1486441653.json,acend910,1486441653,10,0.02,/mnt/d/WORK/96/flow_tap/LayoutGenModel/logs/output/cases_hubump/selected-wsweep-acend910-t10-w0p02-newsweep_20260918/seed_1486441653/legalized/00_acend910_placement_legal.json,/mnt/d/WORK/96/flow_tap/benchmark/cases_hubump/acend910.json,0,/mnt/d/WORK/96/flow_tap/LayoutGenModel/logs/output/cases_hubump/selected-wsweep-acend910-t10-w0p02-newsweep_20260918/seed_1486441653/legalized/00_acend910_placement_legal_report.json
acend910_t30-w0_seed946615675.json,acend910,946615675,30,0,/mnt/d/WORK/96/flow_tap/LayoutGenModel/logs/output/cases_hubump/selected-wsweep-acend910-t30-w0-newsweep_20260918/seed_946615675/legalized/00_acend910_placement_legal.json,/mnt/d/WORK/96/flow_tap/benchmark/cases_hubump/acend910.json,0,/mnt/d/WORK/96/flow_tap/LayoutGenModel/logs/output/cases_hubump/selected-wsweep-acend910-t30-w0-newsweep_20260918/seed_946615675/legalized/00_acend910_placement_legal_report.json
acend910_t30-w0_seed1056634028.json,acend910,1056634028,30,0,/mnt/d/WORK/96/flow_tap/LayoutGenModel/logs/output/cases_hubump/selected-wsweep-acend910-t30-w0-newsweep_20260918/seed_1056634028/legalized/00_acend910_placement_legal.json,/mnt/d/WORK/96/flow_tap/benchmark/cases_hubump/acend910.json,0,/mnt/d/WORK/96/flow_tap/LayoutGenModel/logs/output/cases_hubump/selected-wsweep-acend910-t30-w0-newsweep_20260918/seed_1056634028/legalized/00_acend910_placement_legal_report.json
acend910_t30-w0_seed1486441653.json,acend910,1486441653,30,0,/mnt/d/WORK/96/flow_tap/LayoutGenModel/logs/output/cases_hubump/selected-wsweep-acend910-t30-w0-newsweep_20260918/seed_1486441653/legalized/00_acend910_placement_legal.json,/mnt/d/WORK/96/flow_tap/benchmark/cases_hubump/acend910.json,0,/mnt/d/WORK/96/flow_tap/LayoutGenModel/logs/output/cases_hubump/selected-wsweep-acend910-t30-w0-newsweep_20260918/seed_1486441653/legalized/00_acend910_placement_legal_report.json
acend910_t0p03-w0_seed946615675.json,acend910,946615675,0.03,0,/mnt/d/WORK/96/flow_tap/LayoutGenModel/logs/output/cases_hubump/selected-wsweep-acend910-t0p03-w0-newsweep_20260918/seed_946615675/legalized/00_acend910_placement_legal.json,/mnt/d/WORK/96/flow_tap/benchmark/cases_hubump/acend910.json,0,/mnt/d/WORK/96/flow_tap/LayoutGenModel/logs/output/cases_hubump/selected-wsweep-acend910-t0p03-w0-newsweep_20260918/seed_946615675/legalized/00_acend910_placement_legal_report.json
acend910_t0p03-w0_seed1056634028.json,acend910,1056634028,0.03,0,/mnt/d/WORK/96/flow_tap/LayoutGenModel/logs/output/cases_hubump/selected-wsweep-acend910-t0p03-w0-newsweep_20260918/seed_1056634028/legalized/00_acend910_placement_legal.json,/mnt/d/WORK/96/flow_tap/benchmark/cases_hubump/acend910.json,0,/mnt/d/WORK/96/flow_tap/LayoutGenModel/logs/output/cases_hubump/selected-wsweep-acend910-t0p03-w0-newsweep_20260918/seed_1056634028/legalized/00_acend910_placement_legal_report.json
acend910_t0p03-w0_seed1486441653.json,acend910,1486441653,0.03,0,/mnt/d/WORK/96/flow_tap/LayoutGenModel/logs/output/cases_hubump/selected-wsweep-acend910-t0p03-w0-newsweep_20260918/seed_1486441653/legalized/00_acend910_placement_legal.json,/mnt/d/WORK/96/flow_tap/benchmark/cases_hubump/acend910.json,0,/mnt/d/WORK/96/flow_tap/LayoutGenModel/logs/output/cases_hubump/selected-wsweep-acend910-t0p03-w0-newsweep_20260918/seed_1486441653/legalized/00_acend910_placement_legal_report.json
acend910_t0p3-w0_seed946615675.json,acend910,946615675,0.3,0,/mnt/d/WORK/96/flow_tap/LayoutGenModel/logs/output/cases_hubump/selected-wsweep-acend910-t0p3-w0-newsweep_20260918/seed_946615675/legalized/00_acend910_placement_legal.json,/mnt/d/WORK/96/flow_tap/benchmark/cases_hubump/acend910.json,0,/mnt/d/WORK/96/flow_tap/LayoutGenModel/logs/output/cases_hubump/selected-wsweep-acend910-t0p3-w0-newsweep_20260918/seed_946615675/legalized/00_acend910_placement_legal_report.json
acend910_t0p3-w0_seed1056634028.json,acend910,1056634028,0.3,0,/mnt/d/WORK/96/flow_tap/LayoutGenModel/logs/output/cases_hubump/selected-wsweep-acend910-t0p3-w0-newsweep_20260918/seed_1056634028/legalized/00_acend910_placement_legal.json,/mnt/d/WORK/96/flow_tap/benchmark/cases_hubump/acend910.json,0,/mnt/d/WORK/96/flow_tap/LayoutGenModel/logs/output/cases_hubump/selected-wsweep-acend910-t0p3-w0-newsweep_20260918/seed_1056634028/legalized/00_acend910_placement_legal_report.json
acend910_t0p3-w0_seed1486441653.json,acend910,1486441653,0.3,0,/mnt/d/WORK/96/flow_tap/LayoutGenModel/logs/output/cases_hubump/selected-wsweep-acend910-t0p3-w0-newsweep_20260918/seed_1486441653/legalized/00_acend910_placement_legal.json,/mnt/d/WORK/96/flow_tap/benchmark/cases_hubump/acend910.json,0,/mnt/d/WORK/96/flow_tap/LayoutGenModel/logs/output/cases_hubump/selected-wsweep-acend910-t0p3-w0-newsweep_20260918/seed_1486441653/legalized/00_acend910_placement_legal_report.json
acend910_t0p1-w0_seed1056634028.json,acend910,1056634028,0.1,0,/mnt/d/WORK/96/flow_tap/LayoutGenModel/logs/output/cases_hubump/selected-wsweep-acend910-t0p1-w0-newsweep_20260918/seed_1056634028/legalized/00_acend910_placement_legal.json,/mnt/d/WORK/96/flow_tap/benchmark/cases_hubump/acend910.json,0,/mnt/d/WORK/96/flow_tap/LayoutGenModel/logs/output/cases_hubump/selected-wsweep-acend910-t0p1-w0-newsweep_20260918/seed_1056634028/legalized/00_acend910_placement_legal_report.json
acend910_t0p1-w0_seed946615675.json,acend910,946615675,0.1,0,/mnt/d/WORK/96/flow_tap/LayoutGenModel/logs/output/cases_hubump/selected-wsweep-acend910-t0p1-w0-newsweep_20260918/seed_946615675/legalized/00_acend910_placement_legal.json,/mnt/d/WORK/96/flow_tap/benchmark/cases_hubump/acend910.json,0,/mnt/d/WORK/96/flow_tap/LayoutGenModel/logs/output/cases_hubump/selected-wsweep-acend910-t0p1-w0-newsweep_20260918/seed_946615675/legalized/00_acend910_placement_legal_report.json
acend910_t0p1-w0_seed1486441653.json,acend910,1486441653,0.1,0,/mnt/d/WORK/96/flow_tap/LayoutGenModel/logs/output/cases_hubump/selected-wsweep-acend910-t0p1-w0-newsweep_20260918/seed_1486441653/legalized/00_acend910_placement_legal.json,/mnt/d/WORK/96/flow_tap/benchmark/cases_hubump/acend910.json,0,/mnt/d/WORK/96/flow_tap/LayoutGenModel/logs/output/cases_hubump/selected-wsweep-acend910-t0p1-w0-newsweep_20260918/seed_1486441653/legalized/00_acend910_placement_legal_report.json
acend910_t1-w0_seed946615675.json,acend910,946615675,1,0,/mnt/d/WORK/96/flow_tap/LayoutGenModel/logs/output/cases_hubump/selected-wsweep-acend910-t1-w0-newsweep_20260918/seed_946615675/legalized/00_acend910_placement_legal.json,/mnt/d/WORK/96/flow_tap/benchmark/cases_hubump/acend910.json,0,/mnt/d/WORK/96/flow_tap/LayoutGenModel/logs/output/cases_hubump/selected-wsweep-acend910-t1-w0-newsweep_20260918/seed_946615675/legalized/00_acend910_placement_legal_report.json
acend910_t1-w0_seed1056634028.json,acend910,1056634028,1,0,/mnt/d/WORK/96/flow_tap/LayoutGenModel/logs/output/cases_hubump/selected-wsweep-acend910-t1-w0-newsweep_20260918/seed_1056634028/legalized/00_acend910_placement_legal.json,/mnt/d/WORK/96/flow_tap/benchmark/cases_hubump/acend910.json,0,/mnt/d/WORK/96/flow_tap/LayoutGenModel/logs/output/cases_hubump/selected-wsweep-acend910-t1-w0-newsweep_20260918/seed_1056634028/legalized/00_acend910_placement_legal_report.json
acend910_t1-w0_seed1486441653.json,acend910,1486441653,1,0,/mnt/d/WORK/96/flow_tap/LayoutGenModel/logs/output/cases_hubump/selected-wsweep-acend910-t1-w0-newsweep_20260918/seed_1486441653/legalized/00_acend910_placement_legal.json,/mnt/d/WORK/96/flow_tap/benchmark/cases_hubump/acend910.json,0,/mnt/d/WORK/96/flow_tap/LayoutGenModel/logs/output/cases_hubump/selected-wsweep-acend910-t1-w0-newsweep_20260918/seed_1486441653/legalized/00_acend910_placement_legal_report.json
acend910_t3-w2_seed1056634028.json,acend910,1056634028,3,2,/mnt/d/WORK/96/flow_tap/LayoutGenModel/logs/output/cases_hubump/selected-wsweep-acend910-t3-w2-newsweep_20260918/seed_1056634028/legalized/00_acend910_placement_legal.json,/mnt/d/WORK/96/flow_tap/benchmark/cases_hubump/acend910.json,0,/mnt/d/WORK/96/flow_tap/LayoutGenModel/logs/output/cases_hubump/selected-wsweep-acend910-t3-w2-newsweep_20260918/seed_1056634028/legalized/00_acend910_placement_legal_report.json
acend910_t3-w2_seed946615675.json,acend910,946615675,3,2,/mnt/d/WORK/96/flow_tap/LayoutGenModel/logs/output/cases_hubump/selected-wsweep-acend910-t3-w2-newsweep_20260918/seed_946615675/legalized/00_acend910_placement_legal.json,/mnt/d/WORK/96/flow_tap/benchmark/cases_hubump/acend910.json,0,/mnt/d/WORK/96/flow_tap/LayoutGenModel/logs/output/cases_hubump/selected-wsweep-acend910-t3-w2-newsweep_20260918/seed_946615675/legalized/00_acend910_placement_legal_report.json
acend910_t3-w2_seed1486441653.json,acend910,1486441653,3,2,/mnt/d/WORK/96/flow_tap/LayoutGenModel/logs/output/cases_hubump/selected-wsweep-acend910-t3-w2-newsweep_20260918/seed_1486441653/legalized/00_acend910_placement_legal.json,/mnt/d/WORK/96/flow_tap/benchmark/cases_hubump/acend910.json,0,/mnt/d/WORK/96/flow_tap/LayoutGenModel/logs/output/cases_hubump/selected-wsweep-acend910-t3-w2-newsweep_20260918/seed_1486441653/legalized/00_acend910_placement_legal_report.json
acend910_t100-w0p2_seed946615675.json,acend910,946615675,100,0.2,/mnt/d/WORK/96/flow_tap/LayoutGenModel/logs/output/cases_hubump/selected-wsweep-acend910-t100-w0p2-newsweep_20260918/seed_946615675/legalized/00_acend910_placement_legal.json,/mnt/d/WORK/96/flow_tap/benchmark/cases_hubump/acend910.json,0,/mnt/d/WORK/96/flow_tap/LayoutGenModel/logs/output/cases_hubump/selected-wsweep-acend910-t100-w0p2-newsweep_20260918/seed_946615675/legalized/00_acend910_placement_legal_report.json
acend910_t100-w0p2_seed1056634028.json,acend910,1056634028,100,0.2,/mnt/d/WORK/96/flow_tap/LayoutGenModel/logs/output/cases_hubump/selected-wsweep-acend910-t100-w0p2-newsweep_20260918/seed_1056634028/legalized/00_acend910_placement_legal.json,/mnt/d/WORK/96/flow_tap/benchmark/cases_hubump/acend910.json,0,/mnt/d/WORK/96/flow_tap/LayoutGenModel/logs/output/cases_hubump/selected-wsweep-acend910-t100-w0p2-newsweep_20260918/seed_1056634028/legalized/00_acend910_placement_legal_report.json
acend910_t100-w0p2_seed1486441653.json,acend910,1486441653,100,0.2,/mnt/d/WORK/96/flow_tap/LayoutGenModel/logs/output/cases_hubump/selected-wsweep-acend910-t100-w0p2-newsweep_20260918/seed_1486441653/legalized/00_acend910_placement_legal.json,/mnt/d/WORK/96/flow_tap/benchmark/cases_hubump/acend910.json,0,/mnt/d/WORK/96/flow_tap/LayoutGenModel/logs/output/cases_hubump/selected-wsweep-acend910-t100-w0p2-newsweep_20260918/seed_1486441653/legalized/00_acend910_placement_legal_report.json
acend910_t0p01-w2_seed1056634028.json,acend910,1056634028,0.01,2,/mnt/d/WORK/96/flow_tap/LayoutGenModel/logs/output/cases_hubump/selected-wsweep-acend910-t0p01-w2-newsweep_20260918/seed_1056634028/legalized/00_acend910_placement_legal.json,/mnt/d/WORK/96/flow_tap/benchmark/cases_hubump/acend910.json,0,/mnt/d/WORK/96/flow_tap/LayoutGenModel/logs/output/cases_hubump/selected-wsweep-acend910-t0p01-w2-newsweep_20260918/seed_1056634028/legalized/00_acend910_placement_legal_report.json
acend910_t0p01-w2_seed946615675.json,acend910,946615675,0.01,2,/mnt/d/WORK/96/flow_tap/LayoutGenModel/logs/output/cases_hubump/selected-wsweep-acend910-t0p01-w2-newsweep_20260918/seed_946615675/legalized/00_acend910_placement_legal.json,/mnt/d/WORK/96/flow_tap/benchmark/cases_hubump/acend910.json,0,/mnt/d/WORK/96/flow_tap/LayoutGenModel/logs/output/cases_hubump/selected-wsweep-acend910-t0p01-w2-newsweep_20260918/seed_946615675/legalized/00_acend910_placement_legal_report.json
acend910_t0p01-w2_seed1486441653.json,acend910,1486441653,0.01,2,/mnt/d/WORK/96/flow_tap/LayoutGenModel/logs/output/cases_hubump/selected-wsweep-acend910-t0p01-w2-newsweep_20260918/seed_1486441653/legalized/00_acend910_placement_legal.json,/mnt/d/WORK/96/flow_tap/benchmark/cases_hubump/acend910.json,0,/mnt/d/WORK/96/flow_tap/LayoutGenModel/logs/output/cases_hubump/selected-wsweep-acend910-t0p01-w2-newsweep_20260918/seed_1486441653/legalized/00_acend910_placement_legal_report.json
acend910_t0p3-w0p2_seed946615675.json,acend910,946615675,0.3,0.2,/mnt/d/WORK/96/flow_tap/LayoutGenModel/logs/output/cases_hubump/selected-wsweep-acend910-t0p3-w0p2-newsweep_20260918/seed_946615675/legalized/00_acend910_placement_legal.json,/mnt/d/WORK/96/flow_tap/benchmark/cases_hubump/acend910.json,0,/mnt/d/WORK/96/flow_tap/LayoutGenModel/logs/output/cases_hubump/selected-wsweep-acend910-t0p3-w0p2-newsweep_20260918/seed_946615675/legalized/00_acend910_placement_legal_report.json
acend910_t0p3-w0p2_seed1056634028.json,acend910,1056634028,0.3,0.2,/mnt/d/WORK/96/flow_tap/LayoutGenModel/logs/output/cases_hubump/selected-wsweep-acend910-t0p3-w0p2-newsweep_20260918/seed_1056634028/legalized/00_acend910_placement_legal.json,/mnt/d/WORK/96/flow_tap/benchmark/cases_hubump/acend910.json,0,/mnt/d/WORK/96/flow_tap/LayoutGenModel/logs/output/cases_hubump/selected-wsweep-acend910-t0p3-w0p2-newsweep_20260918/seed_1056634028/legalized/00_acend910_placement_legal_report.json
acend910_t0p3-w0p2_seed1486441653.json,acend910,1486441653,0.3,0.2,/mnt/d/WORK/96/flow_tap/LayoutGenModel/logs/output/cases_hubump/selected-wsweep-acend910-t0p3-w0p2-newsweep_20260918/seed_1486441653/legalized/00_acend910_placement_legal.json,/mnt/d/WORK/96/flow_tap/benchmark/cases_hubump/acend910.json,0,/mnt/d/WORK/96/flow_tap/LayoutGenModel/logs/output/cases_hubump/selected-wsweep-acend910-t0p3-w0p2-newsweep_20260918/seed_1486441653/legalized/00_acend910_placement_legal_report.json
cpu-dram_t0p3-w2_seed946615675.json,cpu-dram,946615675,0.3,2,/mnt/d/WORK/96/flow_tap/LayoutGenModel/logs/output/cases_hubump/selected-wsweep-cpu-dram-t0p3-w2-newsweep_20260918/seed_946615675/legalized/01_cpu-dram_placement_legal.json,/mnt/d/WORK/96/flow_tap/benchmark/cases_hubump/cpu-dram.json,0,/mnt/d/WORK/96/flow_tap/LayoutGenModel/logs/output/cases_hubump/selected-wsweep-cpu-dram-t0p3-w2-newsweep_20260918/seed_946615675/legalized/01_cpu-dram_placement_legal_report.json
cpu-dram_t0p3-w2_seed1486441653.json,cpu-dram,1486441653,0.3,2,/mnt/d/WORK/96/flow_tap/LayoutGenModel/logs/output/cases_hubump/selected-wsweep-cpu-dram-t0p3-w2-newsweep_20260918/seed_1486441653/legalized/01_cpu-dram_placement_legal.json,/mnt/d/WORK/96/flow_tap/benchmark/cases_hubump/cpu-dram.json,0,/mnt/d/WORK/96/flow_tap/LayoutGenModel/logs/output/cases_hubump/selected-wsweep-cpu-dram-t0p3-w2-newsweep_20260918/seed_1486441653/legalized/01_cpu-dram_placement_legal_report.json
cpu-dram_t0p3-w2_seed1056634028.json,cpu-dram,1056634028,0.3,2,/mnt/d/WORK/96/flow_tap/LayoutGenModel/logs/output/cases_hubump/selected-wsweep-cpu-dram-t0p3-w2-newsweep_20260918/seed_1056634028/legalized/01_cpu-dram_placement_legal.json,/mnt/d/WORK/96/flow_tap/benchmark/cases_hubump/cpu-dram.json,0,/mnt/d/WORK/96/flow_tap/LayoutGenModel/logs/output/cases_hubump/selected-wsweep-cpu-dram-t0p3-w2-newsweep_20260918/seed_1056634028/legalized/01_cpu-dram_placement_legal_report.json
cpu-dram_t30-w2_seed946615675.json,cpu-dram,946615675,30,2,/mnt/d/WORK/96/flow_tap/LayoutGenModel/logs/output/cases_hubump/selected-wsweep-cpu-dram-t30-w2-newsweep_20260918/seed_946615675/legalized/01_cpu-dram_placement_legal.json,/mnt/d/WORK/96/flow_tap/benchmark/cases_hubump/cpu-dram.json,0,/mnt/d/WORK/96/flow_tap/LayoutGenModel/logs/output/cases_hubump/selected-wsweep-cpu-dram-t30-w2-newsweep_20260918/seed_946615675/legalized/01_cpu-dram_placement_legal_report.json
cpu-dram_t30-w2_seed1056634028.json,cpu-dram,1056634028,30,2,/mnt/d/WORK/96/flow_tap/LayoutGenModel/logs/output/cases_hubump/selected-wsweep-cpu-dram-t30-w2-newsweep_20260918/seed_1056634028/legalized/01_cpu-dram_placement_legal.json,/mnt/d/WORK/96/flow_tap/benchmark/cases_hubump/cpu-dram.json,0,/mnt/d/WORK/96/flow_tap/LayoutGenModel/logs/output/cases_hubump/selected-wsweep-cpu-dram-t30-w2-newsweep_20260918/seed_1056634028/legalized/01_cpu-dram_placement_legal_report.json
cpu-dram_t30-w2_seed1486441653.json,cpu-dram,1486441653,30,2,/mnt/d/WORK/96/flow_tap/LayoutGenModel/logs/output/cases_hubump/selected-wsweep-cpu-dram-t30-w2-newsweep_20260918/seed_1486441653/legalized/01_cpu-dram_placement_legal.json,/mnt/d/WORK/96/flow_tap/benchmark/cases_hubump/cpu-dram.json,0,/mnt/d/WORK/96/flow_tap/LayoutGenModel/logs/output/cases_hubump/selected-wsweep-cpu-dram-t30-w2-newsweep_20260918/seed_1486441653/legalized/01_cpu-dram_placement_legal_report.json
cpu-dram_t1-w2_seed946615675.json,cpu-dram,946615675,1,2,/mnt/d/WORK/96/flow_tap/LayoutGenModel/logs/output/cases_hubump/selected-wsweep-cpu-dram-t1-w2-newsweep_20260918/seed_946615675/legalized/01_cpu-dram_placement_legal.json,/mnt/d/WORK/96/flow_tap/benchmark/cases_hubump/cpu-dram.json,0,/mnt/d/WORK/96/flow_tap/LayoutGenModel/logs/output/cases_hubump/selected-wsweep-cpu-dram-t1-w2-newsweep_20260918/seed_946615675/legalized/01_cpu-dram_placement_legal_report.json
cpu-dram_t1-w2_seed1056634028.json,cpu-dram,1056634028,1,2,/mnt/d/WORK/96/flow_tap/LayoutGenModel/logs/output/cases_hubump/selected-wsweep-cpu-dram-t1-w2-newsweep_20260918/seed_1056634028/legalized/01_cpu-dram_placement_legal.json,/mnt/d/WORK/96/flow_tap/benchmark/cases_hubump/cpu-dram.json,0,/mnt/d/WORK/96/flow_tap/LayoutGenModel/logs/output/cases_hubump/selected-wsweep-cpu-dram-t1-w2-newsweep_20260918/seed_1056634028/legalized/01_cpu-dram_placement_legal_report.json
cpu-dram_t1-w2_seed1486441653.json,cpu-dram,1486441653,1,2,/mnt/d/WORK/96/flow_tap/LayoutGenModel/logs/output/cases_hubump/selected-wsweep-cpu-dram-t1-w2-newsweep_20260918/seed_1486441653/legalized/01_cpu-dram_placement_legal.json,/mnt/d/WORK/96/flow_tap/benchmark/cases_hubump/cpu-dram.json,0,/mnt/d/WORK/96/flow_tap/LayoutGenModel/logs/output/cases_hubump/selected-wsweep-cpu-dram-t1-w2-newsweep_20260918/seed_1486441653/legalized/01_cpu-dram_placement_legal_report.json
cpu-dram_t100-w50_seed946615675.json,cpu-dram,946615675,100,50,/mnt/d/WORK/96/flow_tap/LayoutGenModel/logs/output/cases_hubump/selected-wsweep-cpu-dram-t100-w50-newsweep_20260918/seed_946615675/legalized/01_cpu-dram_placement_legal.json,/mnt/d/WORK/96/flow_tap/benchmark/cases_hubump/cpu-dram.json,0,/mnt/d/WORK/96/flow_tap/LayoutGenModel/logs/output/cases_hubump/selected-wsweep-cpu-dram-t100-w50-newsweep_20260918/seed_946615675/legalized/01_cpu-dram_placement_legal_report.json
cpu-dram_t100-w50_seed1056634028.json,cpu-dram,1056634028,100,50,/mnt/d/WORK/96/flow_tap/LayoutGenModel/logs/output/cases_hubump/selected-wsweep-cpu-dram-t100-w50-newsweep_20260918/seed_1056634028/legalized/01_cpu-dram_placement_legal.json,/mnt/d/WORK/96/flow_tap/benchmark/cases_hubump/cpu-dram.json,0,/mnt/d/WORK/96/flow_tap/LayoutGenModel/logs/output/cases_hubump/selected-wsweep-cpu-dram-t100-w50-newsweep_20260918/seed_1056634028/legalized/01_cpu-dram_placement_legal_report.json
cpu-dram_t100-w50_seed1486441653.json,cpu-dram,1486441653,100,50,/mnt/d/WORK/96/flow_tap/LayoutGenModel/logs/output/cases_hubump/selected-wsweep-cpu-dram-t100-w50-newsweep_20260918/seed_1486441653/legalized/01_cpu-dram_placement_legal.json,/mnt/d/WORK/96/flow_tap/benchmark/cases_hubump/cpu-dram.json,0,/mnt/d/WORK/96/flow_tap/LayoutGenModel/logs/output/cases_hubump/selected-wsweep-cpu-dram-t100-w50-newsweep_20260918/seed_1486441653/legalized/01_cpu-dram_placement_legal_report.json
cpu-dram_t1-w50_seed946615675.json,cpu-dram,946615675,1,50,/mnt/d/WORK/96/flow_tap/LayoutGenModel/logs/output/cases_hubump/selected-wsweep-cpu-dram-t1-w50-newsweep_20260918/seed_946615675/legalized/01_cpu-dram_placement_legal.json,/mnt/d/WORK/96/flow_tap/benchmark/cases_hubump/cpu-dram.json,0,/mnt/d/WORK/96/flow_tap/LayoutGenModel/logs/output/cases_hubump/selected-wsweep-cpu-dram-t1-w50-newsweep_20260918/seed_946615675/legalized/01_cpu-dram_placement_legal_report.json
cpu-dram_t1-w50_seed1056634028.json,cpu-dram,1056634028,1,50,/mnt/d/WORK/96/flow_tap/LayoutGenModel/logs/output/cases_hubump/selected-wsweep-cpu-dram-t1-w50-newsweep_20260918/seed_1056634028/legalized/01_cpu-dram_placement_legal.json,/mnt/d/WORK/96/flow_tap/benchmark/cases_hubump/cpu-dram.json,0,/mnt/d/WORK/96/flow_tap/LayoutGenModel/logs/output/cases_hubump/selected-wsweep-cpu-dram-t1-w50-newsweep_20260918/seed_1056634028/legalized/01_cpu-dram_placement_legal_report.json
cpu-dram_t0-w0p2_seed946615675.json,cpu-dram,946615675,0,0.2,/mnt/d/WORK/96/flow_tap/LayoutGenModel/logs/output/cases_hubump/selected-wsweep-cpu-dram-t0-w0p2-newsweep_20260918/seed_946615675/legalized/01_cpu-dram_placement_legal.json,/mnt/d/WORK/96/flow_tap/benchmark/cases_hubump/cpu-dram.json,0,/mnt/d/WORK/96/flow_tap/LayoutGenModel/logs/output/cases_hubump/selected-wsweep-cpu-dram-t0-w0p2-newsweep_20260918/seed_946615675/legalized/01_cpu-dram_placement_legal_report.json
cpu-dram_t0-w0p2_seed1056634028.json,cpu-dram,1056634028,0,0.2,/mnt/d/WORK/96/flow_tap/LayoutGenModel/logs/output/cases_hubump/selected-wsweep-cpu-dram-t0-w0p2-newsweep_20260918/seed_1056634028/legalized/01_cpu-dram_placement_legal.json,/mnt/d/WORK/96/flow_tap/benchmark/cases_hubump/cpu-dram.json,0,/mnt/d/WORK/96/flow_tap/LayoutGenModel/logs/output/cases_hubump/selected-wsweep-cpu-dram-t0-w0p2-newsweep_20260918/seed_1056634028/legalized/01_cpu-dram_placement_legal_report.json
cpu-dram_t0-w0p2_seed1486441653.json,cpu-dram,1486441653,0,0.2,/mnt/d/WORK/96/flow_tap/LayoutGenModel/logs/output/cases_hubump/selected-wsweep-cpu-dram-t0-w0p2-newsweep_20260918/seed_1486441653/legalized/01_cpu-dram_placement_legal.json,/mnt/d/WORK/96/flow_tap/benchmark/cases_hubump/cpu-dram.json,0,/mnt/d/WORK/96/flow_tap/LayoutGenModel/logs/output/cases_hubump/selected-wsweep-cpu-dram-t0-w0p2-newsweep_20260918/seed_1486441653/legalized/01_cpu-dram_placement_legal_report.json
cpu-dram_t0p03-w50_seed946615675.json,cpu-dram,946615675,0.03,50,/mnt/d/WORK/96/flow_tap/LayoutGenModel/logs/output/cases_hubump/selected-wsweep-cpu-dram-t0p03-w50-newsweep_20260918/seed_946615675/legalized/01_cpu-dram_placement_legal.json,/mnt/d/WORK/96/flow_tap/benchmark/cases_hubump/cpu-dram.json,0,/mnt/d/WORK/96/flow_tap/LayoutGenModel/logs/output/cases_hubump/selected-wsweep-cpu-dram-t0p03-w50-newsweep_20260918/seed_946615675/legalized/01_cpu-dram_placement_legal_report.json
cpu-dram_t0p03-w50_seed1056634028.json,cpu-dram,1056634028,0.03,50,/mnt/d/WORK/96/flow_tap/LayoutGenModel/logs/output/cases_hubump/selected-wsweep-cpu-dram-t0p03-w50-newsweep_20260918/seed_1056634028/legalized/01_cpu-dram_placement_legal.json,/mnt/d/WORK/96/flow_tap/benchmark/cases_hubump/cpu-dram.json,0,/mnt/d/WORK/96/flow_tap/LayoutGenModel/logs/output/cases_hubump/selected-wsweep-cpu-dram-t0p03-w50-newsweep_20260918/seed_1056634028/legalized/01_cpu-dram_placement_legal_report.json
cpu-dram_t0p03-w50_seed1486441653.json,cpu-dram,1486441653,0.03,50,/mnt/d/WORK/96/flow_tap/LayoutGenModel/logs/output/cases_hubump/selected-wsweep-cpu-dram-t0p03-w50-newsweep_20260918/seed_1486441653/legalized/01_cpu-dram_placement_legal.json,/mnt/d/WORK/96/flow_tap/benchmark/cases_hubump/cpu-dram.json,0,/mnt/d/WORK/96/flow_tap/LayoutGenModel/logs/output/cases_hubump/selected-wsweep-cpu-dram-t0p03-w50-newsweep_20260918/seed_1486441653/legalized/01_cpu-dram_placement_legal_report.json
cpu-dram_t10-w50_seed946615675.json,cpu-dram,946615675,10,50,/mnt/d/WORK/96/flow_tap/LayoutGenModel/logs/output/cases_hubump/selected-wsweep-cpu-dram-t10-w50-newsweep_20260918/seed_946615675/legalized/01_cpu-dram_placement_legal.json,/mnt/d/WORK/96/flow_tap/benchmark/cases_hubump/cpu-dram.json,0,/mnt/d/WORK/96/flow_tap/LayoutGenModel/logs/output/cases_hubump/selected-wsweep-cpu-dram-t10-w50-newsweep_20260918/seed_946615675/legalized/01_cpu-dram_placement_legal_report.json
cpu-dram_t10-w50_seed1486441653.json,cpu-dram,1486441653,10,50,/mnt/d/WORK/96/flow_tap/LayoutGenModel/logs/output/cases_hubump/selected-wsweep-cpu-dram-t10-w50-newsweep_20260918/seed_1486441653/legalized/01_cpu-dram_placement_legal.json,/mnt/d/WORK/96/flow_tap/benchmark/cases_hubump/cpu-dram.json,0,/mnt/d/WORK/96/flow_tap/LayoutGenModel/logs/output/cases_hubump/selected-wsweep-cpu-dram-t10-w50-newsweep_20260918/seed_1486441653/legalized/01_cpu-dram_placement_legal_report.json
cpu-dram_t0p3-w50_seed946615675.json,cpu-dram,946615675,0.3,50,/mnt/d/WORK/96/flow_tap/LayoutGenModel/logs/output/cases_hubump/selected-wsweep-cpu-dram-t0p3-w50-newsweep_20260918/seed_946615675/legalized/01_cpu-dram_placement_legal.json,/mnt/d/WORK/96/flow_tap/benchmark/cases_hubump/cpu-dram.json,0,/mnt/d/WORK/96/flow_tap/LayoutGenModel/logs/output/cases_hubump/selected-wsweep-cpu-dram-t0p3-w50-newsweep_20260918/seed_946615675/legalized/01_cpu-dram_placement_legal_report.json
cpu-dram_t0p3-w50_seed1056634028.json,cpu-dram,1056634028,0.3,50,/mnt/d/WORK/96/flow_tap/LayoutGenModel/logs/output/cases_hubump/selected-wsweep-cpu-dram-t0p3-w50-newsweep_20260918/seed_1056634028/legalized/01_cpu-dram_placement_legal.json,/mnt/d/WORK/96/flow_tap/benchmark/cases_hubump/cpu-dram.json,0,/mnt/d/WORK/96/flow_tap/LayoutGenModel/logs/output/cases_hubump/selected-wsweep-cpu-dram-t0p3-w50-newsweep_20260918/seed_1056634028/legalized/01_cpu-dram_placement_legal_report.json
cpu-dram_t0p3-w50_seed1486441653.json,cpu-dram,1486441653,0.3,50,/mnt/d/WORK/96/flow_tap/LayoutGenModel/logs/output/cases_hubump/selected-wsweep-cpu-dram-t0p3-w50-newsweep_20260918/seed_1486441653/legalized/01_cpu-dram_placement_legal.json,/mnt/d/WORK/96/flow_tap/benchmark/cases_hubump/cpu-dram.json,0,/mnt/d/WORK/96/flow_tap/LayoutGenModel/logs/output/cases_hubump/selected-wsweep-cpu-dram-t0p3-w50-newsweep_20260918/seed_1486441653/legalized/01_cpu-dram_placement_legal_report.json
cpu-dram_t3-w50_seed946615675.json,cpu-dram,946615675,3,50,/mnt/d/WORK/96/flow_tap/LayoutGenModel/logs/output/cases_hubump/selected-wsweep-cpu-dram-t3-w50-newsweep_20260918/seed_946615675/legalized/01_cpu-dram_placement_legal.json,/mnt/d/WORK/96/flow_tap/benchmark/cases_hubump/cpu-dram.json,0,/mnt/d/WORK/96/flow_tap/LayoutGenModel/logs/output/cases_hubump/selected-wsweep-cpu-dram-t3-w50-newsweep_20260918/seed_946615675/legalized/01_cpu-dram_placement_legal_report.json
cpu-dram_t3-w50_seed1056634028.json,cpu-dram,1056634028,3,50,/mnt/d/WORK/96/flow_tap/LayoutGenModel/logs/output/cases_hubump/selected-wsweep-cpu-dram-t3-w50-newsweep_20260918/seed_1056634028/legalized/01_cpu-dram_placement_legal.json,/mnt/d/WORK/96/flow_tap/benchmark/cases_hubump/cpu-dram.json,0,/mnt/d/WORK/96/flow_tap/LayoutGenModel/logs/output/cases_hubump/selected-wsweep-cpu-dram-t3-w50-newsweep_20260918/seed_1056634028/legalized/01_cpu-dram_placement_legal_report.json
cpu-dram_t3-w2_seed946615675.json,cpu-dram,946615675,3,2,/mnt/d/WORK/96/flow_tap/LayoutGenModel/logs/output/cases_hubump/selected-wsweep-cpu-dram-t3-w2-newsweep_20260918/seed_946615675/legalized/01_cpu-dram_placement_legal.json,/mnt/d/WORK/96/flow_tap/benchmark/cases_hubump/cpu-dram.json,0,/mnt/d/WORK/96/flow_tap/LayoutGenModel/logs/output/cases_hubump/selected-wsweep-cpu-dram-t3-w2-newsweep_20260918/seed_946615675/legalized/01_cpu-dram_placement_legal_report.json
cpu-dram_t3-w2_seed1056634028.json,cpu-dram,1056634028,3,2,/mnt/d/WORK/96/flow_tap/LayoutGenModel/logs/output/cases_hubump/selected-wsweep-cpu-dram-t3-w2-newsweep_20260918/seed_1056634028/legalized/01_cpu-dram_placement_legal.json,/mnt/d/WORK/96/flow_tap/benchmark/cases_hubump/cpu-dram.json,0,/mnt/d/WORK/96/flow_tap/LayoutGenModel/logs/output/cases_hubump/selected-wsweep-cpu-dram-t3-w2-newsweep_20260918/seed_1056634028/legalized/01_cpu-dram_placement_legal_report.json
cpu-dram_t3-w2_seed1486441653.json,cpu-dram,1486441653,3,2,/mnt/d/WORK/96/flow_tap/LayoutGenModel/logs/output/cases_hubump/selected-wsweep-cpu-dram-t3-w2-newsweep_20260918/seed_1486441653/legalized/01_cpu-dram_placement_legal.json,/mnt/d/WORK/96/flow_tap/benchmark/cases_hubump/cpu-dram.json,0,/mnt/d/WORK/96/flow_tap/LayoutGenModel/logs/output/cases_hubump/selected-wsweep-cpu-dram-t3-w2-newsweep_20260918/seed_1486441653/legalized/01_cpu-dram_placement_legal_report.json
cpu-dram_t100-w0p2_seed946615675.json,cpu-dram,946615675,100,0.2,/mnt/d/WORK/96/flow_tap/LayoutGenModel/logs/output/cases_hubump/selected-wsweep-cpu-dram-t100-w0p2-newsweep_20260918/seed_946615675/legalized/01_cpu-dram_placement_legal.json,/mnt/d/WORK/96/flow_tap/benchmark/cases_hubump/cpu-dram.json,0,/mnt/d/WORK/96/flow_tap/LayoutGenModel/logs/output/cases_hubump/selected-wsweep-cpu-dram-t100-w0p2-newsweep_20260918/seed_946615675/legalized/01_cpu-dram_placement_legal_report.json
cpu-dram_t100-w0p2_seed1056634028.json,cpu-dram,1056634028,100,0.2,/mnt/d/WORK/96/flow_tap/LayoutGenModel/logs/output/cases_hubump/selected-wsweep-cpu-dram-t100-w0p2-newsweep_20260918/seed_1056634028/legalized/01_cpu-dram_placement_legal.json,/mnt/d/WORK/96/flow_tap/benchmark/cases_hubump/cpu-dram.json,0,/mnt/d/WORK/96/flow_tap/LayoutGenModel/logs/output/cases_hubump/selected-wsweep-cpu-dram-t100-w0p2-newsweep_20260918/seed_1056634028/legalized/01_cpu-dram_placement_legal_report.json
cpu-dram_t100-w0p2_seed1486441653.json,cpu-dram,1486441653,100,0.2,/mnt/d/WORK/96/flow_tap/LayoutGenModel/logs/output/cases_hubump/selected-wsweep-cpu-dram-t100-w0p2-newsweep_20260918/seed_1486441653/legalized/01_cpu-dram_placement_legal.json,/mnt/d/WORK/96/flow_tap/benchmark/cases_hubump/cpu-dram.json,0,/mnt/d/WORK/96/flow_tap/LayoutGenModel/logs/output/cases_hubump/selected-wsweep-cpu-dram-t100-w0p2-newsweep_20260918/seed_1486441653/legalized/01_cpu-dram_placement_legal_report.json
cpu-dram_t0p01-w2_seed946615675.json,cpu-dram,946615675,0.01,2,/mnt/d/WORK/96/flow_tap/LayoutGenModel/logs/output/cases_hubump/selected-wsweep-cpu-dram-t0p01-w2-newsweep_20260918/seed_946615675/legalized/01_cpu-dram_placement_legal.json,/mnt/d/WORK/96/flow_tap/benchmark/cases_hubump/cpu-dram.json,0,/mnt/d/WORK/96/flow_tap/LayoutGenModel/logs/output/cases_hubump/selected-wsweep-cpu-dram-t0p01-w2-newsweep_20260918/seed_946615675/legalized/01_cpu-dram_placement_legal_report.json
cpu-dram_t0p01-w2_seed1056634028.json,cpu-dram,1056634028,0.01,2,/mnt/d/WORK/96/flow_tap/LayoutGenModel/logs/output/cases_hubump/selected-wsweep-cpu-dram-t0p01-w2-newsweep_20260918/seed_1056634028/legalized/01_cpu-dram_placement_legal.json,/mnt/d/WORK/96/flow_tap/benchmark/cases_hubump/cpu-dram.json,0,/mnt/d/WORK/96/flow_tap/LayoutGenModel/logs/output/cases_hubump/selected-wsweep-cpu-dram-t0p01-w2-newsweep_20260918/seed_1056634028/legalized/01_cpu-dram_placement_legal_report.json
cpu-dram_t0p01-w2_seed1486441653.json,cpu-dram,1486441653,0.01,2,/mnt/d/WORK/96/flow_tap/LayoutGenModel/logs/output/cases_hubump/selected-wsweep-cpu-dram-t0p01-w2-newsweep_20260918/seed_1486441653/legalized/01_cpu-dram_placement_legal.json,/mnt/d/WORK/96/flow_tap/benchmark/cases_hubump/cpu-dram.json,0,/mnt/d/WORK/96/flow_tap/LayoutGenModel/logs/output/cases_hubump/selected-wsweep-cpu-dram-t0p01-w2-newsweep_20260918/seed_1486441653/legalized/01_cpu-dram_placement_legal_report.json
cpu-dram_t0p3-w0p2_seed946615675.json,cpu-dram,946615675,0.3,0.2,/mnt/d/WORK/96/flow_tap/LayoutGenModel/logs/output/cases_hubump/selected-wsweep-cpu-dram-t0p3-w0p2-newsweep_20260918/seed_946615675/legalized/01_cpu-dram_placement_legal.json,/mnt/d/WORK/96/flow_tap/benchmark/cases_hubump/cpu-dram.json,0,/mnt/d/WORK/96/flow_tap/LayoutGenModel/logs/output/cases_hubump/selected-wsweep-cpu-dram-t0p3-w0p2-newsweep_20260918/seed_946615675/legalized/01_cpu-dram_placement_legal_report.json
cpu-dram_t0p3-w0p2_seed1056634028.json,cpu-dram,1056634028,0.3,0.2,/mnt/d/WORK/96/flow_tap/LayoutGenModel/logs/output/cases_hubump/selected-wsweep-cpu-dram-t0p3-w0p2-newsweep_20260918/seed_1056634028/legalized/01_cpu-dram_placement_legal.json,/mnt/d/WORK/96/flow_tap/benchmark/cases_hubump/cpu-dram.json,0,/mnt/d/WORK/96/flow_tap/LayoutGenModel/logs/output/cases_hubump/selected-wsweep-cpu-dram-t0p3-w0p2-newsweep_20260918/seed_1056634028/legalized/01_cpu-dram_placement_legal_report.json
cpu-dram_t0p3-w0p2_seed1486441653.json,cpu-dram,1486441653,0.3,0.2,/mnt/d/WORK/96/flow_tap/LayoutGenModel/logs/output/cases_hubump/selected-wsweep-cpu-dram-t0p3-w0p2-newsweep_20260918/seed_1486441653/legalized/01_cpu-dram_placement_legal.json,/mnt/d/WORK/96/flow_tap/benchmark/cases_hubump/cpu-dram.json,0,/mnt/d/WORK/96/flow_tap/LayoutGenModel/logs/output/cases_hubump/selected-wsweep-cpu-dram-t0p3-w0p2-newsweep_20260918/seed_1486441653/legalized/01_cpu-dram_placement_legal_report.json
hp11_m_t1-w2_seed946615675.json,hp11_m,946615675,1,2,/mnt/d/WORK/96/flow_tap/LayoutGenModel/logs/output/cases_hubump/selected-wsweep-hp11_m-t1-w2-newsweep_20260918/seed_946615675/legalized/02_hp11_m_placement_legal.json,/mnt/d/WORK/96/flow_tap/benchmark/cases_hubump/hp11_m.json,0,/mnt/d/WORK/96/flow_tap/LayoutGenModel/logs/output/cases_hubump/selected-wsweep-hp11_m-t1-w2-newsweep_20260918/seed_946615675/legalized/02_hp11_m_placement_legal_report.json
hp11_m_t1-w2_seed1056634028.json,hp11_m,1056634028,1,2,/mnt/d/WORK/96/flow_tap/LayoutGenModel/logs/output/cases_hubump/selected-wsweep-hp11_m-t1-w2-newsweep_20260918/seed_1056634028/legalized/02_hp11_m_placement_legal.json,/mnt/d/WORK/96/flow_tap/benchmark/cases_hubump/hp11_m.json,0,/mnt/d/WORK/96/flow_tap/LayoutGenModel/logs/output/cases_hubump/selected-wsweep-hp11_m-t1-w2-newsweep_20260918/seed_1056634028/legalized/02_hp11_m_placement_legal_report.json
hp11_m_t0-w2_seed946615675.json,hp11_m,946615675,0,2,/mnt/d/WORK/96/flow_tap/LayoutGenModel/logs/output/cases_hubump/selected-wsweep-hp11_m-t0-w2-newsweep_20260918/seed_946615675/legalized/02_hp11_m_placement_legal.json,/mnt/d/WORK/96/flow_tap/benchmark/cases_hubump/hp11_m.json,0,/mnt/d/WORK/96/flow_tap/LayoutGenModel/logs/output/cases_hubump/selected-wsweep-hp11_m-t0-w2-newsweep_20260918/seed_946615675/legalized/02_hp11_m_placement_legal_report.json
hp11_m_t0-w2_seed1056634028.json,hp11_m,1056634028,0,2,/mnt/d/WORK/96/flow_tap/LayoutGenModel/logs/output/cases_hubump/selected-wsweep-hp11_m-t0-w2-newsweep_20260918/seed_1056634028/legalized/02_hp11_m_placement_legal.json,/mnt/d/WORK/96/flow_tap/benchmark/cases_hubump/hp11_m.json,0,/mnt/d/WORK/96/flow_tap/LayoutGenModel/logs/output/cases_hubump/selected-wsweep-hp11_m-t0-w2-newsweep_20260918/seed_1056634028/legalized/02_hp11_m_placement_legal_report.json
hp11_m_t0-w2_seed1486441653.json,hp11_m,1486441653,0,2,/mnt/d/WORK/96/flow_tap/LayoutGenModel/logs/output/cases_hubump/selected-wsweep-hp11_m-t0-w2-newsweep_20260918/seed_1486441653/legalized/02_hp11_m_placement_legal.json,/mnt/d/WORK/96/flow_tap/benchmark/cases_hubump/hp11_m.json,0,/mnt/d/WORK/96/flow_tap/LayoutGenModel/logs/output/cases_hubump/selected-wsweep-hp11_m-t0-w2-newsweep_20260918/seed_1486441653/legalized/02_hp11_m_placement_legal_report.json
hp11_m_t30-w2_seed946615675.json,hp11_m,946615675,30,2,/mnt/d/WORK/96/flow_tap/LayoutGenModel/logs/output/cases_hubump/selected-wsweep-hp11_m-t30-w2-newsweep_20260918/seed_946615675/legalized/02_hp11_m_placement_legal.json,/mnt/d/WORK/96/flow_tap/benchmark/cases_hubump/hp11_m.json,0,/mnt/d/WORK/96/flow_tap/LayoutGenModel/logs/output/cases_hubump/selected-wsweep-hp11_m-t30-w2-newsweep_20260918/seed_946615675/legalized/02_hp11_m_placement_legal_report.json
hp11_m_t30-w2_seed1056634028.json,hp11_m,1056634028,30,2,/mnt/d/WORK/96/flow_tap/LayoutGenModel/logs/output/cases_hubump/selected-wsweep-hp11_m-t30-w2-newsweep_20260918/seed_1056634028/legalized/02_hp11_m_placement_legal.json,/mnt/d/WORK/96/flow_tap/benchmark/cases_hubump/hp11_m.json,0,/mnt/d/WORK/96/flow_tap/LayoutGenModel/logs/output/cases_hubump/selected-wsweep-hp11_m-t30-w2-newsweep_20260918/seed_1056634028/legalized/02_hp11_m_placement_legal_report.json
hp11_m_t30-w2_seed1486441653.json,hp11_m,1486441653,30,2,/mnt/d/WORK/96/flow_tap/LayoutGenModel/logs/output/cases_hubump/selected-wsweep-hp11_m-t30-w2-newsweep_20260918/seed_1486441653/legalized/02_hp11_m_placement_legal.json,/mnt/d/WORK/96/flow_tap/benchmark/cases_hubump/hp11_m.json,0,/mnt/d/WORK/96/flow_tap/LayoutGenModel/logs/output/cases_hubump/selected-wsweep-hp11_m-t30-w2-newsweep_20260918/seed_1486441653/legalized/02_hp11_m_placement_legal_report.json
hp11_m_t30-w50_seed946615675.json,hp11_m,946615675,30,50,/mnt/d/WORK/96/flow_tap/LayoutGenModel/logs/output/cases_hubump/selected-wsweep-hp11_m-t30-w50-newsweep_20260918/seed_946615675/legalized/02_hp11_m_placement_legal.json,/mnt/d/WORK/96/flow_tap/benchmark/cases_hubump/hp11_m.json,0,/mnt/d/WORK/96/flow_tap/LayoutGenModel/logs/output/cases_hubump/selected-wsweep-hp11_m-t30-w50-newsweep_20260918/seed_946615675/legalized/02_hp11_m_placement_legal_report.json
hp11_m_t30-w50_seed1056634028.json,hp11_m,1056634028,30,50,/mnt/d/WORK/96/flow_tap/LayoutGenModel/logs/output/cases_hubump/selected-wsweep-hp11_m-t30-w50-newsweep_20260918/seed_1056634028/legalized/02_hp11_m_placement_legal.json,/mnt/d/WORK/96/flow_tap/benchmark/cases_hubump/hp11_m.json,0,/mnt/d/WORK/96/flow_tap/LayoutGenModel/logs/output/cases_hubump/selected-wsweep-hp11_m-t30-w50-newsweep_20260918/seed_1056634028/legalized/02_hp11_m_placement_legal_report.json
hp11_m_t30-w50_seed1486441653.json,hp11_m,1486441653,30,50,/mnt/d/WORK/96/flow_tap/LayoutGenModel/logs/output/cases_hubump/selected-wsweep-hp11_m-t30-w50-newsweep_20260918/seed_1486441653/legalized/02_hp11_m_placement_legal.json,/mnt/d/WORK/96/flow_tap/benchmark/cases_hubump/hp11_m.json,0,/mnt/d/WORK/96/flow_tap/LayoutGenModel/logs/output/cases_hubump/selected-wsweep-hp11_m-t30-w50-newsweep_20260918/seed_1486441653/legalized/02_hp11_m_placement_legal_report.json
hp11_m_t0p3-w50_seed946615675.json,hp11_m,946615675,0.3,50,/mnt/d/WORK/96/flow_tap/LayoutGenModel/logs/output/cases_hubump/selected-wsweep-hp11_m-t0p3-w50-newsweep_20260918/seed_946615675/legalized/02_hp11_m_placement_legal.json,/mnt/d/WORK/96/flow_tap/benchmark/cases_hubump/hp11_m.json,0,/mnt/d/WORK/96/flow_tap/LayoutGenModel/logs/output/cases_hubump/selected-wsweep-hp11_m-t0p3-w50-newsweep_20260918/seed_946615675/legalized/02_hp11_m_placement_legal_report.json
hp11_m_t0p3-w50_seed1056634028.json,hp11_m,1056634028,0.3,50,/mnt/d/WORK/96/flow_tap/LayoutGenModel/logs/output/cases_hubump/selected-wsweep-hp11_m-t0p3-w50-newsweep_20260918/seed_1056634028/legalized/02_hp11_m_placement_legal.json,/mnt/d/WORK/96/flow_tap/benchmark/cases_hubump/hp11_m.json,0,/mnt/d/WORK/96/flow_tap/LayoutGenModel/logs/output/cases_hubump/selected-wsweep-hp11_m-t0p3-w50-newsweep_20260918/seed_1056634028/legalized/02_hp11_m_placement_legal_report.json
hp11_m_t0p3-w50_seed1486441653.json,hp11_m,1486441653,0.3,50,/mnt/d/WORK/96/flow_tap/LayoutGenModel/logs/output/cases_hubump/selected-wsweep-hp11_m-t0p3-w50-newsweep_20260918/seed_1486441653/legalized/02_hp11_m_placement_legal.json,/mnt/d/WORK/96/flow_tap/benchmark/cases_hubump/hp11_m.json,0,/mnt/d/WORK/96/flow_tap/LayoutGenModel/logs/output/cases_hubump/selected-wsweep-hp11_m-t0p3-w50-newsweep_20260918/seed_1486441653/legalized/02_hp11_m_placement_legal_report.json
hp11_m_t10-w50_seed946615675.json,hp11_m,946615675,10,50,/mnt/d/WORK/96/flow_tap/LayoutGenModel/logs/output/cases_hubump/selected-wsweep-hp11_m-t10-w50-newsweep_20260918/seed_946615675/legalized/02_hp11_m_placement_legal.json,/mnt/d/WORK/96/flow_tap/benchmark/cases_hubump/hp11_m.json,0,/mnt/d/WORK/96/flow_tap/LayoutGenModel/logs/output/cases_hubump/selected-wsweep-hp11_m-t10-w50-newsweep_20260918/seed_946615675/legalized/02_hp11_m_placement_legal_report.json
hp11_m_t10-w50_seed1056634028.json,hp11_m,1056634028,10,50,/mnt/d/WORK/96/flow_tap/LayoutGenModel/logs/output/cases_hubump/selected-wsweep-hp11_m-t10-w50-newsweep_20260918/seed_1056634028/legalized/02_hp11_m_placement_legal.json,/mnt/d/WORK/96/flow_tap/benchmark/cases_hubump/hp11_m.json,0,/mnt/d/WORK/96/flow_tap/LayoutGenModel/logs/output/cases_hubump/selected-wsweep-hp11_m-t10-w50-newsweep_20260918/seed_1056634028/legalized/02_hp11_m_placement_legal_report.json
hp11_m_t10-w50_seed1486441653.json,hp11_m,1486441653,10,50,/mnt/d/WORK/96/flow_tap/LayoutGenModel/logs/output/cases_hubump/selected-wsweep-hp11_m-t10-w50-newsweep_20260918/seed_1486441653/legalized/02_hp11_m_placement_legal.json,/mnt/d/WORK/96/flow_tap/benchmark/cases_hubump/hp11_m.json,0,/mnt/d/WORK/96/flow_tap/LayoutGenModel/logs/output/cases_hubump/selected-wsweep-hp11_m-t10-w50-newsweep_20260918/seed_1486441653/legalized/02_hp11_m_placement_legal_report.json
hp11_m_t0p01-w50_seed946615675.json,hp11_m,946615675,0.01,50,/mnt/d/WORK/96/flow_tap/LayoutGenModel/logs/output/cases_hubump/selected-wsweep-hp11_m-t0p01-w50-newsweep_20260918/seed_946615675/legalized/02_hp11_m_placement_legal.json,/mnt/d/WORK/96/flow_tap/benchmark/cases_hubump/hp11_m.json,0,/mnt/d/WORK/96/flow_tap/LayoutGenModel/logs/output/cases_hubump/selected-wsweep-hp11_m-t0p01-w50-newsweep_20260918/seed_946615675/legalized/02_hp11_m_placement_legal_report.json
hp11_m_t0p01-w50_seed1056634028.json,hp11_m,1056634028,0.01,50,/mnt/d/WORK/96/flow_tap/LayoutGenModel/logs/output/cases_hubump/selected-wsweep-hp11_m-t0p01-w50-newsweep_20260918/seed_1056634028/legalized/02_hp11_m_placement_legal.json,/mnt/d/WORK/96/flow_tap/benchmark/cases_hubump/hp11_m.json,0,/mnt/d/WORK/96/flow_tap/LayoutGenModel/logs/output/cases_hubump/selected-wsweep-hp11_m-t0p01-w50-newsweep_20260918/seed_1056634028/legalized/02_hp11_m_placement_legal_report.json
hp11_m_t0p01-w50_seed1486441653.json,hp11_m,1486441653,0.01,50,/mnt/d/WORK/96/flow_tap/LayoutGenModel/logs/output/cases_hubump/selected-wsweep-hp11_m-t0p01-w50-newsweep_20260918/seed_1486441653/legalized/02_hp11_m_placement_legal.json,/mnt/d/WORK/96/flow_tap/benchmark/cases_hubump/hp11_m.json,0,/mnt/d/WORK/96/flow_tap/LayoutGenModel/logs/output/cases_hubump/selected-wsweep-hp11_m-t0p01-w50-newsweep_20260918/seed_1486441653/legalized/02_hp11_m_placement_legal_report.json
hp11_m_t0p03-w2_seed946615675.json,hp11_m,946615675,0.03,2,/mnt/d/WORK/96/flow_tap/LayoutGenModel/logs/output/cases_hubump/selected-wsweep-hp11_m-t0p03-w2-newsweep_20260918/seed_946615675/legalized/02_hp11_m_placement_legal.json,/mnt/d/WORK/96/flow_tap/benchmark/cases_hubump/hp11_m.json,0,/mnt/d/WORK/96/flow_tap/LayoutGenModel/logs/output/cases_hubump/selected-wsweep-hp11_m-t0p03-w2-newsweep_20260918/seed_946615675/legalized/02_hp11_m_placement_legal_report.json
hp11_m_t0p03-w2_seed1056634028.json,hp11_m,1056634028,0.03,2,/mnt/d/WORK/96/flow_tap/LayoutGenModel/logs/output/cases_hubump/selected-wsweep-hp11_m-t0p03-w2-newsweep_20260918/seed_1056634028/legalized/02_hp11_m_placement_legal.json,/mnt/d/WORK/96/flow_tap/benchmark/cases_hubump/hp11_m.json,0,/mnt/d/WORK/96/flow_tap/LayoutGenModel/logs/output/cases_hubump/selected-wsweep-hp11_m-t0p03-w2-newsweep_20260918/seed_1056634028/legalized/02_hp11_m_placement_legal_report.json
hp11_m_t0p03-w0p02_seed946615675.json,hp11_m,946615675,0.03,0.02,/mnt/d/WORK/96/flow_tap/LayoutGenModel/logs/output/cases_hubump/selected-wsweep-hp11_m-t0p03-w0p02-newsweep_20260918/seed_946615675/legalized/02_hp11_m_placement_legal.json,/mnt/d/WORK/96/flow_tap/benchmark/cases_hubump/hp11_m.json,0,/mnt/d/WORK/96/flow_tap/LayoutGenModel/logs/output/cases_hubump/selected-wsweep-hp11_m-t0p03-w0p02-newsweep_20260918/seed_946615675/legalized/02_hp11_m_placement_legal_report.json
hp11_m_t0p03-w2_seed1486441653.json,hp11_m,1486441653,0.03,2,/mnt/d/WORK/96/flow_tap/LayoutGenModel/logs/output/cases_hubump/selected-wsweep-hp11_m-t0p03-w2-newsweep_20260918/seed_1486441653/legalized/02_hp11_m_placement_legal.json,/mnt/d/WORK/96/flow_tap/benchmark/cases_hubump/hp11_m.json,0,/mnt/d/WORK/96/flow_tap/LayoutGenModel/logs/output/cases_hubump/selected-wsweep-hp11_m-t0p03-w2-newsweep_20260918/seed_1486441653/legalized/02_hp11_m_placement_legal_report.json
hp11_m_t0p03-w0p02_seed1056634028.json,hp11_m,1056634028,0.03,0.02,/mnt/d/WORK/96/flow_tap/LayoutGenModel/logs/output/cases_hubump/selected-wsweep-hp11_m-t0p03-w0p02-newsweep_20260918/seed_1056634028/legalized/02_hp11_m_placement_legal.json,/mnt/d/WORK/96/flow_tap/benchmark/cases_hubump/hp11_m.json,0,/mnt/d/WORK/96/flow_tap/LayoutGenModel/logs/output/cases_hubump/selected-wsweep-hp11_m-t0p03-w0p02-newsweep_20260918/seed_1056634028/legalized/02_hp11_m_placement_legal_report.json
hp11_m_t0p03-w0p02_seed1486441653.json,hp11_m,1486441653,0.03,0.02,/mnt/d/WORK/96/flow_tap/LayoutGenModel/logs/output/cases_hubump/selected-wsweep-hp11_m-t0p03-w0p02-newsweep_20260918/seed_1486441653/legalized/02_hp11_m_placement_legal.json,/mnt/d/WORK/96/flow_tap/benchmark/cases_hubump/hp11_m.json,0,/mnt/d/WORK/96/flow_tap/LayoutGenModel/logs/output/cases_hubump/selected-wsweep-hp11_m-t0p03-w0p02-newsweep_20260918/seed_1486441653/legalized/02_hp11_m_placement_legal_report.json
hp11_m_t100-w0p2_seed946615675.json,hp11_m,946615675,100,0.2,/mnt/d/WORK/96/flow_tap/LayoutGenModel/logs/output/cases_hubump/selected-wsweep-hp11_m-t100-w0p2-newsweep_20260918/seed_946615675/legalized/02_hp11_m_placement_legal.json,/mnt/d/WORK/96/flow_tap/benchmark/cases_hubump/hp11_m.json,0,/mnt/d/WORK/96/flow_tap/LayoutGenModel/logs/output/cases_hubump/selected-wsweep-hp11_m-t100-w0p2-newsweep_20260918/seed_946615675/legalized/02_hp11_m_placement_legal_report.json
hp11_m_t100-w0p2_seed1056634028.json,hp11_m,1056634028,100,0.2,/mnt/d/WORK/96/flow_tap/LayoutGenModel/logs/output/cases_hubump/selected-wsweep-hp11_m-t100-w0p2-newsweep_20260918/seed_1056634028/legalized/02_hp11_m_placement_legal.json,/mnt/d/WORK/96/flow_tap/benchmark/cases_hubump/hp11_m.json,0,/mnt/d/WORK/96/flow_tap/LayoutGenModel/logs/output/cases_hubump/selected-wsweep-hp11_m-t100-w0p2-newsweep_20260918/seed_1056634028/legalized/02_hp11_m_placement_legal_report.json
hp11_m_t100-w0p2_seed1486441653.json,hp11_m,1486441653,100,0.2,/mnt/d/WORK/96/flow_tap/LayoutGenModel/logs/output/cases_hubump/selected-wsweep-hp11_m-t100-w0p2-newsweep_20260918/seed_1486441653/legalized/02_hp11_m_placement_legal.json,/mnt/d/WORK/96/flow_tap/benchmark/cases_hubump/hp11_m.json,0,/mnt/d/WORK/96/flow_tap/LayoutGenModel/logs/output/cases_hubump/selected-wsweep-hp11_m-t100-w0p2-newsweep_20260918/seed_1486441653/legalized/02_hp11_m_placement_legal_report.json
hp11_m_t3-w2_seed946615675.json,hp11_m,946615675,3,2,/mnt/d/WORK/96/flow_tap/LayoutGenModel/logs/output/cases_hubump/selected-wsweep-hp11_m-t3-w2-newsweep_20260918/seed_946615675/legalized/02_hp11_m_placement_legal.json,/mnt/d/WORK/96/flow_tap/benchmark/cases_hubump/hp11_m.json,0,/mnt/d/WORK/96/flow_tap/LayoutGenModel/logs/output/cases_hubump/selected-wsweep-hp11_m-t3-w2-newsweep_20260918/seed_946615675/legalized/02_hp11_m_placement_legal_report.json
hp11_m_t3-w2_seed1056634028.json,hp11_m,1056634028,3,2,/mnt/d/WORK/96/flow_tap/LayoutGenModel/logs/output/cases_hubump/selected-wsweep-hp11_m-t3-w2-newsweep_20260918/seed_1056634028/legalized/02_hp11_m_placement_legal.json,/mnt/d/WORK/96/flow_tap/benchmark/cases_hubump/hp11_m.json,0,/mnt/d/WORK/96/flow_tap/LayoutGenModel/logs/output/cases_hubump/selected-wsweep-hp11_m-t3-w2-newsweep_20260918/seed_1056634028/legalized/02_hp11_m_placement_legal_report.json
hp11_m_t0p01-w2_seed946615675.json,hp11_m,946615675,0.01,2,/mnt/d/WORK/96/flow_tap/LayoutGenModel/logs/output/cases_hubump/selected-wsweep-hp11_m-t0p01-w2-newsweep_20260918/seed_946615675/legalized/02_hp11_m_placement_legal.json,/mnt/d/WORK/96/flow_tap/benchmark/cases_hubump/hp11_m.json,0,/mnt/d/WORK/96/flow_tap/LayoutGenModel/logs/output/cases_hubump/selected-wsweep-hp11_m-t0p01-w2-newsweep_20260918/seed_946615675/legalized/02_hp11_m_placement_legal_report.json
hp11_m_t3-w2_seed1486441653.json,hp11_m,1486441653,3,2,/mnt/d/WORK/96/flow_tap/LayoutGenModel/logs/output/cases_hubump/selected-wsweep-hp11_m-t3-w2-newsweep_20260918/seed_1486441653/legalized/02_hp11_m_placement_legal.json,/mnt/d/WORK/96/flow_tap/benchmark/cases_hubump/hp11_m.json,0,/mnt/d/WORK/96/flow_tap/LayoutGenModel/logs/output/cases_hubump/selected-wsweep-hp11_m-t3-w2-newsweep_20260918/seed_1486441653/legalized/02_hp11_m_placement_legal_report.json
hp11_m_t0p01-w2_seed1056634028.json,hp11_m,1056634028,0.01,2,/mnt/d/WORK/96/flow_tap/LayoutGenModel/logs/output/cases_hubump/selected-wsweep-hp11_m-t0p01-w2-newsweep_20260918/seed_1056634028/legalized/02_hp11_m_placement_legal.json,/mnt/d/WORK/96/flow_tap/benchmark/cases_hubump/hp11_m.json,0,/mnt/d/WORK/96/flow_tap/LayoutGenModel/logs/output/cases_hubump/selected-wsweep-hp11_m-t0p01-w2-newsweep_20260918/seed_1056634028/legalized/02_hp11_m_placement_legal_report.json
hp11_m_t0p01-w2_seed1486441653.json,hp11_m,1486441653,0.01,2,/mnt/d/WORK/96/flow_tap/LayoutGenModel/logs/output/cases_hubump/selected-wsweep-hp11_m-t0p01-w2-newsweep_20260918/seed_1486441653/legalized/02_hp11_m_placement_legal.json,/mnt/d/WORK/96/flow_tap/benchmark/cases_hubump/hp11_m.json,0,/mnt/d/WORK/96/flow_tap/LayoutGenModel/logs/output/cases_hubump/selected-wsweep-hp11_m-t0p01-w2-newsweep_20260918/seed_1486441653/legalized/02_hp11_m_placement_legal_report.json
hp11_m_t0p3-w0p2_seed946615675.json,hp11_m,946615675,0.3,0.2,/mnt/d/WORK/96/flow_tap/LayoutGenModel/logs/output/cases_hubump/selected-wsweep-hp11_m-t0p3-w0p2-newsweep_20260918/seed_946615675/legalized/02_hp11_m_placement_legal.json,/mnt/d/WORK/96/flow_tap/benchmark/cases_hubump/hp11_m.json,0,/mnt/d/WORK/96/flow_tap/LayoutGenModel/logs/output/cases_hubump/selected-wsweep-hp11_m-t0p3-w0p2-newsweep_20260918/seed_946615675/legalized/02_hp11_m_placement_legal_report.json
hp11_m_t0p3-w0p2_seed1056634028.json,hp11_m,1056634028,0.3,0.2,/mnt/d/WORK/96/flow_tap/LayoutGenModel/logs/output/cases_hubump/selected-wsweep-hp11_m-t0p3-w0p2-newsweep_20260918/seed_1056634028/legalized/02_hp11_m_placement_legal.json,/mnt/d/WORK/96/flow_tap/benchmark/cases_hubump/hp11_m.json,0,/mnt/d/WORK/96/flow_tap/LayoutGenModel/logs/output/cases_hubump/selected-wsweep-hp11_m-t0p3-w0p2-newsweep_20260918/seed_1056634028/legalized/02_hp11_m_placement_legal_report.json
multigpu_t0-w0p02_seed946615675.json,multigpu,946615675,0,0.02,/mnt/d/WORK/96/flow_tap/LayoutGenModel/logs/output/cases_hubump/selected-wsweep-multigpu-t0-w0p02-newsweep_20260918/seed_946615675/legalized/05_multigpu_placement_legal.json,/mnt/d/WORK/96/flow_tap/benchmark/cases_hubump/multigpu.json,0,/mnt/d/WORK/96/flow_tap/LayoutGenModel/logs/output/cases_hubump/selected-wsweep-multigpu-t0-w0p02-newsweep_20260918/seed_946615675/legalized/05_multigpu_placement_legal_report.json
multigpu_t0-w0p02_seed1056634028.json,multigpu,1056634028,0,0.02,/mnt/d/WORK/96/flow_tap/LayoutGenModel/logs/output/cases_hubump/selected-wsweep-multigpu-t0-w0p02-newsweep_20260918/seed_1056634028/legalized/05_multigpu_placement_legal.json,/mnt/d/WORK/96/flow_tap/benchmark/cases_hubump/multigpu.json,0,/mnt/d/WORK/96/flow_tap/LayoutGenModel/logs/output/cases_hubump/selected-wsweep-multigpu-t0-w0p02-newsweep_20260918/seed_1056634028/legalized/05_multigpu_placement_legal_report.json
hp11_m_t0p3-w0p2_seed1486441653.json,hp11_m,1486441653,0.3,0.2,/mnt/d/WORK/96/flow_tap/LayoutGenModel/logs/output/cases_hubump/selected-wsweep-hp11_m-t0p3-w0p2-newsweep_20260918/seed_1486441653/legalized/02_hp11_m_placement_legal.json,/mnt/d/WORK/96/flow_tap/benchmark/cases_hubump/hp11_m.json,0,/mnt/d/WORK/96/flow_tap/LayoutGenModel/logs/output/cases_hubump/selected-wsweep-hp11_m-t0p3-w0p2-newsweep_20260918/seed_1486441653/legalized/02_hp11_m_placement_legal_report.json
multigpu_t0-w0p02_seed1486441653.json,multigpu,1486441653,0,0.02,/mnt/d/WORK/96/flow_tap/LayoutGenModel/logs/output/cases_hubump/selected-wsweep-multigpu-t0-w0p02-newsweep_20260918/seed_1486441653/legalized/05_multigpu_placement_legal.json,/mnt/d/WORK/96/flow_tap/benchmark/cases_hubump/multigpu.json,0,/mnt/d/WORK/96/flow_tap/LayoutGenModel/logs/output/cases_hubump/selected-wsweep-multigpu-t0-w0p02-newsweep_20260918/seed_1486441653/legalized/05_multigpu_placement_legal_report.json
multigpu_t0p01-w0p02_seed946615675.json,multigpu,946615675,0.01,0.02,/mnt/d/WORK/96/flow_tap/LayoutGenModel/logs/output/cases_hubump/selected-wsweep-multigpu-t0p01-w0p02-newsweep_20260918/seed_946615675/legalized/05_multigpu_placement_legal.json,/mnt/d/WORK/96/flow_tap/benchmark/cases_hubump/multigpu.json,0,/mnt/d/WORK/96/flow_tap/LayoutGenModel/logs/output/cases_hubump/selected-wsweep-multigpu-t0p01-w0p02-newsweep_20260918/seed_946615675/legalized/05_multigpu_placement_legal_report.json
multigpu_t0p01-w0p02_seed1056634028.json,multigpu,1056634028,0.01,0.02,/mnt/d/WORK/96/flow_tap/LayoutGenModel/logs/output/cases_hubump/selected-wsweep-multigpu-t0p01-w0p02-newsweep_20260918/seed_1056634028/legalized/05_multigpu_placement_legal.json,/mnt/d/WORK/96/flow_tap/benchmark/cases_hubump/multigpu.json,0,/mnt/d/WORK/96/flow_tap/LayoutGenModel/logs/output/cases_hubump/selected-wsweep-multigpu-t0p01-w0p02-newsweep_20260918/seed_1056634028/legalized/05_multigpu_placement_legal_report.json
multigpu_t0p01-w0p02_seed1486441653.json,multigpu,1486441653,0.01,0.02,/mnt/d/WORK/96/flow_tap/LayoutGenModel/logs/output/cases_hubump/selected-wsweep-multigpu-t0p01-w0p02-newsweep_20260918/seed_1486441653/legalized/05_multigpu_placement_legal.json,/mnt/d/WORK/96/flow_tap/benchmark/cases_hubump/multigpu.json,0,/mnt/d/WORK/96/flow_tap/LayoutGenModel/logs/output/cases_hubump/selected-wsweep-multigpu-t0p01-w0p02-newsweep_20260918/seed_1486441653/legalized/05_multigpu_placement_legal_report.json
multigpu_t0p03-w0p02_seed946615675.json,multigpu,946615675,0.03,0.02,/mnt/d/WORK/96/flow_tap/LayoutGenModel/logs/output/cases_hubump/selected-wsweep-multigpu-t0p03-w0p02-newsweep_20260918/seed_946615675/legalized/05_multigpu_placement_legal.json,/mnt/d/WORK/96/flow_tap/benchmark/cases_hubump/multigpu.json,0,/mnt/d/WORK/96/flow_tap/LayoutGenModel/logs/output/cases_hubump/selected-wsweep-multigpu-t0p03-w0p02-newsweep_20260918/seed_946615675/legalized/05_multigpu_placement_legal_report.json
multigpu_t0p03-w0p02_seed1056634028.json,multigpu,1056634028,0.03,0.02,/mnt/d/WORK/96/flow_tap/LayoutGenModel/logs/output/cases_hubump/selected-wsweep-multigpu-t0p03-w0p02-newsweep_20260918/seed_1056634028/legalized/05_multigpu_placement_legal.json,/mnt/d/WORK/96/flow_tap/benchmark/cases_hubump/multigpu.json,0,/mnt/d/WORK/96/flow_tap/LayoutGenModel/logs/output/cases_hubump/selected-wsweep-multigpu-t0p03-w0p02-newsweep_20260918/seed_1056634028/legalized/05_multigpu_placement_legal_report.json
multigpu_t0p03-w0p02_seed1486441653.json,multigpu,1486441653,0.03,0.02,/mnt/d/WORK/96/flow_tap/LayoutGenModel/logs/output/cases_hubump/selected-wsweep-multigpu-t0p03-w0p02-newsweep_20260918/seed_1486441653/legalized/05_multigpu_placement_legal.json,/mnt/d/WORK/96/flow_tap/benchmark/cases_hubump/multigpu.json,0,/mnt/d/WORK/96/flow_tap/LayoutGenModel/logs/output/cases_hubump/selected-wsweep-multigpu-t0p03-w0p02-newsweep_20260918/seed_1486441653/legalized/05_multigpu_placement_legal_report.json
multigpu_t0p1-w0p02_seed946615675.json,multigpu,946615675,0.1,0.02,/mnt/d/WORK/96/flow_tap/LayoutGenModel/logs/output/cases_hubump/selected-wsweep-multigpu-t0p1-w0p02-newsweep_20260918/seed_946615675/legalized/05_multigpu_placement_legal.json,/mnt/d/WORK/96/flow_tap/benchmark/cases_hubump/multigpu.json,0,/mnt/d/WORK/96/flow_tap/LayoutGenModel/logs/output/cases_hubump/selected-wsweep-multigpu-t0p1-w0p02-newsweep_20260918/seed_946615675/legalized/05_multigpu_placement_legal_report.json
multigpu_t0p1-w0p02_seed1056634028.json,multigpu,1056634028,0.1,0.02,/mnt/d/WORK/96/flow_tap/LayoutGenModel/logs/output/cases_hubump/selected-wsweep-multigpu-t0p1-w0p02-newsweep_20260918/seed_1056634028/legalized/05_multigpu_placement_legal.json,/mnt/d/WORK/96/flow_tap/benchmark/cases_hubump/multigpu.json,0,/mnt/d/WORK/96/flow_tap/LayoutGenModel/logs/output/cases_hubump/selected-wsweep-multigpu-t0p1-w0p02-newsweep_20260918/seed_1056634028/legalized/05_multigpu_placement_legal_report.json
multigpu_t0p1-w0p02_seed1486441653.json,multigpu,1486441653,0.1,0.02,/mnt/d/WORK/96/flow_tap/LayoutGenModel/logs/output/cases_hubump/selected-wsweep-multigpu-t0p1-w0p02-newsweep_20260918/seed_1486441653/legalized/05_multigpu_placement_legal.json,/mnt/d/WORK/96/flow_tap/benchmark/cases_hubump/multigpu.json,0,/mnt/d/WORK/96/flow_tap/LayoutGenModel/logs/output/cases_hubump/selected-wsweep-multigpu-t0p1-w0p02-newsweep_20260918/seed_1486441653/legalized/05_multigpu_placement_legal_report.json
multigpu_t0p3-w0p02_seed946615675.json,multigpu,946615675,0.3,0.02,/mnt/d/WORK/96/flow_tap/LayoutGenModel/logs/output/cases_hubump/selected-wsweep-multigpu-t0p3-w0p02-newsweep_20260918/seed_946615675/legalized/05_multigpu_placement_legal.json,/mnt/d/WORK/96/flow_tap/benchmark/cases_hubump/multigpu.json,0,/mnt/d/WORK/96/flow_tap/LayoutGenModel/logs/output/cases_hubump/selected-wsweep-multigpu-t0p3-w0p02-newsweep_20260918/seed_946615675/legalized/05_multigpu_placement_legal_report.json
multigpu_t0p3-w0p02_seed1056634028.json,multigpu,1056634028,0.3,0.02,/mnt/d/WORK/96/flow_tap/LayoutGenModel/logs/output/cases_hubump/selected-wsweep-multigpu-t0p3-w0p02-newsweep_20260918/seed_1056634028/legalized/05_multigpu_placement_legal.json,/mnt/d/WORK/96/flow_tap/benchmark/cases_hubump/multigpu.json,0,/mnt/d/WORK/96/flow_tap/LayoutGenModel/logs/output/cases_hubump/selected-wsweep-multigpu-t0p3-w0p02-newsweep_20260918/seed_1056634028/legalized/05_multigpu_placement_legal_report.json
multigpu_t0p3-w0p02_seed1486441653.json,multigpu,1486441653,0.3,0.02,/mnt/d/WORK/96/flow_tap/LayoutGenModel/logs/output/cases_hubump/selected-wsweep-multigpu-t0p3-w0p02-newsweep_20260918/seed_1486441653/legalized/05_multigpu_placement_legal.json,/mnt/d/WORK/96/flow_tap/benchmark/cases_hubump/multigpu.json,0,/mnt/d/WORK/96/flow_tap/LayoutGenModel/logs/output/cases_hubump/selected-wsweep-multigpu-t0p3-w0p02-newsweep_20260918/seed_1486441653/legalized/05_multigpu_placement_legal_report.json
multigpu_t30-w0p02_seed946615675.json,multigpu,946615675,30,0.02,/mnt/d/WORK/96/flow_tap/LayoutGenModel/logs/output/cases_hubump/selected-wsweep-multigpu-t30-w0p02-newsweep_20260918/seed_946615675/legalized/05_multigpu_placement_legal.json,/mnt/d/WORK/96/flow_tap/benchmark/cases_hubump/multigpu.json,0,/mnt/d/WORK/96/flow_tap/LayoutGenModel/logs/output/cases_hubump/selected-wsweep-multigpu-t30-w0p02-newsweep_20260918/seed_946615675/legalized/05_multigpu_placement_legal_report.json
multigpu_t30-w0p02_seed1056634028.json,multigpu,1056634028,30,0.02,/mnt/d/WORK/96/flow_tap/LayoutGenModel/logs/output/cases_hubump/selected-wsweep-multigpu-t30-w0p02-newsweep_20260918/seed_1056634028/legalized/05_multigpu_placement_legal.json,/mnt/d/WORK/96/flow_tap/benchmark/cases_hubump/multigpu.json,0,/mnt/d/WORK/96/flow_tap/LayoutGenModel/logs/output/cases_hubump/selected-wsweep-multigpu-t30-w0p02-newsweep_20260918/seed_1056634028/legalized/05_multigpu_placement_legal_report.json
multigpu_t30-w0p02_seed1486441653.json,multigpu,1486441653,30,0.02,/mnt/d/WORK/96/flow_tap/LayoutGenModel/logs/output/cases_hubump/selected-wsweep-multigpu-t30-w0p02-newsweep_20260918/seed_1486441653/legalized/05_multigpu_placement_legal.json,/mnt/d/WORK/96/flow_tap/benchmark/cases_hubump/multigpu.json,0,/mnt/d/WORK/96/flow_tap/LayoutGenModel/logs/output/cases_hubump/selected-wsweep-multigpu-t30-w0p02-newsweep_20260918/seed_1486441653/legalized/05_multigpu_placement_legal_report.json
multigpu_t1-w0p02_seed946615675.json,multigpu,946615675,1,0.02,/mnt/d/WORK/96/flow_tap/LayoutGenModel/logs/output/cases_hubump/selected-wsweep-multigpu-t1-w0p02-newsweep_20260918/seed_946615675/legalized/05_multigpu_placement_legal.json,/mnt/d/WORK/96/flow_tap/benchmark/cases_hubump/multigpu.json,0,/mnt/d/WORK/96/flow_tap/LayoutGenModel/logs/output/cases_hubump/selected-wsweep-multigpu-t1-w0p02-newsweep_20260918/seed_946615675/legalized/05_multigpu_placement_legal_report.json
multigpu_t1-w0p02_seed1056634028.json,multigpu,1056634028,1,0.02,/mnt/d/WORK/96/flow_tap/LayoutGenModel/logs/output/cases_hubump/selected-wsweep-multigpu-t1-w0p02-newsweep_20260918/seed_1056634028/legalized/05_multigpu_placement_legal.json,/mnt/d/WORK/96/flow_tap/benchmark/cases_hubump/multigpu.json,0,/mnt/d/WORK/96/flow_tap/LayoutGenModel/logs/output/cases_hubump/selected-wsweep-multigpu-t1-w0p02-newsweep_20260918/seed_1056634028/legalized/05_multigpu_placement_legal_report.json
multigpu_t1-w0p02_seed1486441653.json,multigpu,1486441653,1,0.02,/mnt/d/WORK/96/flow_tap/LayoutGenModel/logs/output/cases_hubump/selected-wsweep-multigpu-t1-w0p02-newsweep_20260918/seed_1486441653/legalized/05_multigpu_placement_legal.json,/mnt/d/WORK/96/flow_tap/benchmark/cases_hubump/multigpu.json,0,/mnt/d/WORK/96/flow_tap/LayoutGenModel/logs/output/cases_hubump/selected-wsweep-multigpu-t1-w0p02-newsweep_20260918/seed_1486441653/legalized/05_multigpu_placement_legal_report.json
multigpu_t10-w0_seed946615675.json,multigpu,946615675,10,0,/mnt/d/WORK/96/flow_tap/LayoutGenModel/logs/output/cases_hubump/selected-wsweep-multigpu-t10-w0-newsweep_20260918/seed_946615675/legalized/05_multigpu_placement_legal.json,/mnt/d/WORK/96/flow_tap/benchmark/cases_hubump/multigpu.json,0,/mnt/d/WORK/96/flow_tap/LayoutGenModel/logs/output/cases_hubump/selected-wsweep-multigpu-t10-w0-newsweep_20260918/seed_946615675/legalized/05_multigpu_placement_legal_report.json
multigpu_t10-w0_seed1056634028.json,multigpu,1056634028,10,0,/mnt/d/WORK/96/flow_tap/LayoutGenModel/logs/output/cases_hubump/selected-wsweep-multigpu-t10-w0-newsweep_20260918/seed_1056634028/legalized/05_multigpu_placement_legal.json,/mnt/d/WORK/96/flow_tap/benchmark/cases_hubump/multigpu.json,0,/mnt/d/WORK/96/flow_tap/LayoutGenModel/logs/output/cases_hubump/selected-wsweep-multigpu-t10-w0-newsweep_20260918/seed_1056634028/legalized/05_multigpu_placement_legal_report.json
multigpu_t10-w0_seed1486441653.json,multigpu,1486441653,10,0,/mnt/d/WORK/96/flow_tap/LayoutGenModel/logs/output/cases_hubump/selected-wsweep-multigpu-t10-w0-newsweep_20260918/seed_1486441653/legalized/05_multigpu_placement_legal.json,/mnt/d/WORK/96/flow_tap/benchmark/cases_hubump/multigpu.json,0,/mnt/d/WORK/96/flow_tap/LayoutGenModel/logs/output/cases_hubump/selected-wsweep-multigpu-t10-w0-newsweep_20260918/seed_1486441653/legalized/05_multigpu_placement_legal_report.json
multigpu_t3-w0_seed946615675.json,multigpu,946615675,3,0,/mnt/d/WORK/96/flow_tap/LayoutGenModel/logs/output/cases_hubump/selected-wsweep-multigpu-t3-w0-newsweep_20260918/seed_946615675/legalized/05_multigpu_placement_legal.json,/mnt/d/WORK/96/flow_tap/benchmark/cases_hubump/multigpu.json,0,/mnt/d/WORK/96/flow_tap/LayoutGenModel/logs/output/cases_hubump/selected-wsweep-multigpu-t3-w0-newsweep_20260918/seed_946615675/legalized/05_multigpu_placement_legal_report.json
multigpu_t3-w0_seed1056634028.json,multigpu,1056634028,3,0,/mnt/d/WORK/96/flow_tap/LayoutGenModel/logs/output/cases_hubump/selected-wsweep-multigpu-t3-w0-newsweep_20260918/seed_1056634028/legalized/05_multigpu_placement_legal.json,/mnt/d/WORK/96/flow_tap/benchmark/cases_hubump/multigpu.json,0,/mnt/d/WORK/96/flow_tap/LayoutGenModel/logs/output/cases_hubump/selected-wsweep-multigpu-t3-w0-newsweep_20260918/seed_1056634028/legalized/05_multigpu_placement_legal_report.json
multigpu_t3-w0_seed1486441653.json,multigpu,1486441653,3,0,/mnt/d/WORK/96/flow_tap/LayoutGenModel/logs/output/cases_hubump/selected-wsweep-multigpu-t3-w0-newsweep_20260918/seed_1486441653/legalized/05_multigpu_placement_legal.json,/mnt/d/WORK/96/flow_tap/benchmark/cases_hubump/multigpu.json,0,/mnt/d/WORK/96/flow_tap/LayoutGenModel/logs/output/cases_hubump/selected-wsweep-multigpu-t3-w0-newsweep_20260918/seed_1486441653/legalized/05_multigpu_placement_legal_report.json
multigpu_t0p3-w0_seed946615675.json,multigpu,946615675,0.3,0,/mnt/d/WORK/96/flow_tap/LayoutGenModel/logs/output/cases_hubump/selected-wsweep-multigpu-t0p3-w0-newsweep_20260918/seed_946615675/legalized/05_multigpu_placement_legal.json,/mnt/d/WORK/96/flow_tap/benchmark/cases_hubump/multigpu.json,0,/mnt/d/WORK/96/flow_tap/LayoutGenModel/logs/output/cases_hubump/selected-wsweep-multigpu-t0p3-w0-newsweep_20260918/seed_946615675/legalized/05_multigpu_placement_legal_report.json
multigpu_t0p3-w0_seed1056634028.json,multigpu,1056634028,0.3,0,/mnt/d/WORK/96/flow_tap/LayoutGenModel/logs/output/cases_hubump/selected-wsweep-multigpu-t0p3-w0-newsweep_20260918/seed_1056634028/legalized/05_multigpu_placement_legal.json,/mnt/d/WORK/96/flow_tap/benchmark/cases_hubump/multigpu.json,0,/mnt/d/WORK/96/flow_tap/LayoutGenModel/logs/output/cases_hubump/selected-wsweep-multigpu-t0p3-w0-newsweep_20260918/seed_1056634028/legalized/05_multigpu_placement_legal_report.json
multigpu_t0p3-w0_seed1486441653.json,multigpu,1486441653,0.3,0,/mnt/d/WORK/96/flow_tap/LayoutGenModel/logs/output/cases_hubump/selected-wsweep-multigpu-t0p3-w0-newsweep_20260918/seed_1486441653/legalized/05_multigpu_placement_legal.json,/mnt/d/WORK/96/flow_tap/benchmark/cases_hubump/multigpu.json,0,/mnt/d/WORK/96/flow_tap/LayoutGenModel/logs/output/cases_hubump/selected-wsweep-multigpu-t0p3-w0-newsweep_20260918/seed_1486441653/legalized/05_multigpu_placement_legal_report.json
multigpu_t3-w2_seed946615675.json,multigpu,946615675,3,2,/mnt/d/WORK/96/flow_tap/LayoutGenModel/logs/output/cases_hubump/selected-wsweep-multigpu-t3-w2-newsweep_20260918/seed_946615675/legalized/05_multigpu_placement_legal.json,/mnt/d/WORK/96/flow_tap/benchmark/cases_hubump/multigpu.json,0,/mnt/d/WORK/96/flow_tap/LayoutGenModel/logs/output/cases_hubump/selected-wsweep-multigpu-t3-w2-newsweep_20260918/seed_946615675/legalized/05_multigpu_placement_legal_report.json
multigpu_t3-w2_seed1056634028.json,multigpu,1056634028,3,2,/mnt/d/WORK/96/flow_tap/LayoutGenModel/logs/output/cases_hubump/selected-wsweep-multigpu-t3-w2-newsweep_20260918/seed_1056634028/legalized/05_multigpu_placement_legal.json,/mnt/d/WORK/96/flow_tap/benchmark/cases_hubump/multigpu.json,0,/mnt/d/WORK/96/flow_tap/LayoutGenModel/logs/output/cases_hubump/selected-wsweep-multigpu-t3-w2-newsweep_20260918/seed_1056634028/legalized/05_multigpu_placement_legal_report.json
multigpu_t3-w2_seed1486441653.json,multigpu,1486441653,3,2,/mnt/d/WORK/96/flow_tap/LayoutGenModel/logs/output/cases_hubump/selected-wsweep-multigpu-t3-w2-newsweep_20260918/seed_1486441653/legalized/05_multigpu_placement_legal.json,/mnt/d/WORK/96/flow_tap/benchmark/cases_hubump/multigpu.json,0,/mnt/d/WORK/96/flow_tap/LayoutGenModel/logs/output/cases_hubump/selected-wsweep-multigpu-t3-w2-newsweep_20260918/seed_1486441653/legalized/05_multigpu_placement_legal_report.json
multigpu_t100-w0p2_seed946615675.json,multigpu,946615675,100,0.2,/mnt/d/WORK/96/flow_tap/LayoutGenModel/logs/output/cases_hubump/selected-wsweep-multigpu-t100-w0p2-newsweep_20260918/seed_946615675/legalized/05_multigpu_placement_legal.json,/mnt/d/WORK/96/flow_tap/benchmark/cases_hubump/multigpu.json,0,/mnt/d/WORK/96/flow_tap/LayoutGenModel/logs/output/cases_hubump/selected-wsweep-multigpu-t100-w0p2-newsweep_20260918/seed_946615675/legalized/05_multigpu_placement_legal_report.json
multigpu_t100-w0p2_seed1056634028.json,multigpu,1056634028,100,0.2,/mnt/d/WORK/96/flow_tap/LayoutGenModel/logs/output/cases_hubump/selected-wsweep-multigpu-t100-w0p2-newsweep_20260918/seed_1056634028/legalized/05_multigpu_placement_legal.json,/mnt/d/WORK/96/flow_tap/benchmark/cases_hubump/multigpu.json,0,/mnt/d/WORK/96/flow_tap/LayoutGenModel/logs/output/cases_hubump/selected-wsweep-multigpu-t100-w0p2-newsweep_20260918/seed_1056634028/legalized/05_multigpu_placement_legal_report.json
multigpu_t100-w0p2_seed1486441653.json,multigpu,1486441653,100,0.2,/mnt/d/WORK/96/flow_tap/LayoutGenModel/logs/output/cases_hubump/selected-wsweep-multigpu-t100-w0p2-newsweep_20260918/seed_1486441653/legalized/05_multigpu_placement_legal.json,/mnt/d/WORK/96/flow_tap/benchmark/cases_hubump/multigpu.json,0,/mnt/d/WORK/96/flow_tap/LayoutGenModel/logs/output/cases_hubump/selected-wsweep-multigpu-t100-w0p2-newsweep_20260918/seed_1486441653/legalized/05_multigpu_placement_legal_report.json
multigpu_t0p01-w2_seed946615675.json,multigpu,946615675,0.01,2,/mnt/d/WORK/96/flow_tap/LayoutGenModel/logs/output/cases_hubump/selected-wsweep-multigpu-t0p01-w2-newsweep_20260918/seed_946615675/legalized/05_multigpu_placement_legal.json,/mnt/d/WORK/96/flow_tap/benchmark/cases_hubump/multigpu.json,0,/mnt/d/WORK/96/flow_tap/LayoutGenModel/logs/output/cases_hubump/selected-wsweep-multigpu-t0p01-w2-newsweep_20260918/seed_946615675/legalized/05_multigpu_placement_legal_report.json
multigpu_t0p01-w2_seed1056634028.json,multigpu,1056634028,0.01,2,/mnt/d/WORK/96/flow_tap/LayoutGenModel/logs/output/cases_hubump/selected-wsweep-multigpu-t0p01-w2-newsweep_20260918/seed_1056634028/legalized/05_multigpu_placement_legal.json,/mnt/d/WORK/96/flow_tap/benchmark/cases_hubump/multigpu.json,0,/mnt/d/WORK/96/flow_tap/LayoutGenModel/logs/output/cases_hubump/selected-wsweep-multigpu-t0p01-w2-newsweep_20260918/seed_1056634028/legalized/05_multigpu_placement_legal_report.json
multigpu_t0p01-w2_seed1486441653.json,multigpu,1486441653,0.01,2,/mnt/d/WORK/96/flow_tap/LayoutGenModel/logs/output/cases_hubump/selected-wsweep-multigpu-t0p01-w2-newsweep_20260918/seed_1486441653/legalized/05_multigpu_placement_legal.json,/mnt/d/WORK/96/flow_tap/benchmark/cases_hubump/multigpu.json,0,/mnt/d/WORK/96/flow_tap/LayoutGenModel/logs/output/cases_hubump/selected-wsweep-multigpu-t0p01-w2-newsweep_20260918/seed_1486441653/legalized/05_multigpu_placement_legal_report.json
multigpu_t0p3-w0p2_seed946615675.json,multigpu,946615675,0.3,0.2,/mnt/d/WORK/96/flow_tap/LayoutGenModel/logs/output/cases_hubump/selected-wsweep-multigpu-t0p3-w0p2-newsweep_20260918/seed_946615675/legalized/05_multigpu_placement_legal.json,/mnt/d/WORK/96/flow_tap/benchmark/cases_hubump/multigpu.json,0,/mnt/d/WORK/96/flow_tap/LayoutGenModel/logs/output/cases_hubump/selected-wsweep-multigpu-t0p3-w0p2-newsweep_20260918/seed_946615675/legalized/05_multigpu_placement_legal_report.json
multigpu_t0p3-w0p2_seed1056634028.json,multigpu,1056634028,0.3,0.2,/mnt/d/WORK/96/flow_tap/LayoutGenModel/logs/output/cases_hubump/selected-wsweep-multigpu-t0p3-w0p2-newsweep_20260918/seed_1056634028/legalized/05_multigpu_placement_legal.json,/mnt/d/WORK/96/flow_tap/benchmark/cases_hubump/multigpu.json,0,/mnt/d/WORK/96/flow_tap/LayoutGenModel/logs/output/cases_hubump/selected-wsweep-multigpu-t0p3-w0p2-newsweep_20260918/seed_1056634028/legalized/05_multigpu_placement_legal_report.json
multigpu_t0p3-w0p2_seed1486441653.json,multigpu,1486441653,0.3,0.2,/mnt/d/WORK/96/flow_tap/LayoutGenModel/logs/output/cases_hubump/selected-wsweep-multigpu-t0p3-w0p2-newsweep_20260918/seed_1486441653/legalized/05_multigpu_placement_legal.json,/mnt/d/WORK/96/flow_tap/benchmark/cases_hubump/multigpu.json,0,/mnt/d/WORK/96/flow_tap/LayoutGenModel/logs/output/cases_hubump/selected-wsweep-multigpu-t0p3-w0p2-newsweep_20260918/seed_1486441653/legalized/05_multigpu_placement_legal_report.json
syn1_t1-w0p2_seed946615675.json,syn1,946615675,1,0.2,/mnt/d/WORK/96/flow_tap/LayoutGenModel/logs/output/cases_hubump/selected-wsweep-syn1-t1-w0p2-newsweep_20260918/seed_946615675/legalized/06_syn1_placement_legal.json,/mnt/d/WORK/96/flow_tap/benchmark/cases_hubump/syn1.json,0,/mnt/d/WORK/96/flow_tap/LayoutGenModel/logs/output/cases_hubump/selected-wsweep-syn1-t1-w0p2-newsweep_20260918/seed_946615675/legalized/06_syn1_placement_legal_report.json
syn1_t1-w0p2_seed1056634028.json,syn1,1056634028,1,0.2,/mnt/d/WORK/96/flow_tap/LayoutGenModel/logs/output/cases_hubump/selected-wsweep-syn1-t1-w0p2-newsweep_20260918/seed_1056634028/legalized/06_syn1_placement_legal.json,/mnt/d/WORK/96/flow_tap/benchmark/cases_hubump/syn1.json,0,/mnt/d/WORK/96/flow_tap/LayoutGenModel/logs/output/cases_hubump/selected-wsweep-syn1-t1-w0p2-newsweep_20260918/seed_1056634028/legalized/06_syn1_placement_legal_report.json
syn1_t1-w0p2_seed1486441653.json,syn1,1486441653,1,0.2,/mnt/d/WORK/96/flow_tap/LayoutGenModel/logs/output/cases_hubump/selected-wsweep-syn1-t1-w0p2-newsweep_20260918/seed_1486441653/legalized/06_syn1_placement_legal.json,/mnt/d/WORK/96/flow_tap/benchmark/cases_hubump/syn1.json,0,/mnt/d/WORK/96/flow_tap/LayoutGenModel/logs/output/cases_hubump/selected-wsweep-syn1-t1-w0p2-newsweep_20260918/seed_1486441653/legalized/06_syn1_placement_legal_report.json
syn1_t0-w0p2_seed946615675.json,syn1,946615675,0,0.2,/mnt/d/WORK/96/flow_tap/LayoutGenModel/logs/output/cases_hubump/selected-wsweep-syn1-t0-w0p2-newsweep_20260918/seed_946615675/legalized/06_syn1_placement_legal.json,/mnt/d/WORK/96/flow_tap/benchmark/cases_hubump/syn1.json,0,/mnt/d/WORK/96/flow_tap/LayoutGenModel/logs/output/cases_hubump/selected-wsweep-syn1-t0-w0p2-newsweep_20260918/seed_946615675/legalized/06_syn1_placement_legal_report.json
syn1_t0-w0p2_seed1056634028.json,syn1,1056634028,0,0.2,/mnt/d/WORK/96/flow_tap/LayoutGenModel/logs/output/cases_hubump/selected-wsweep-syn1-t0-w0p2-newsweep_20260918/seed_1056634028/legalized/06_syn1_placement_legal.json,/mnt/d/WORK/96/flow_tap/benchmark/cases_hubump/syn1.json,0,/mnt/d/WORK/96/flow_tap/LayoutGenModel/logs/output/cases_hubump/selected-wsweep-syn1-t0-w0p2-newsweep_20260918/seed_1056634028/legalized/06_syn1_placement_legal_report.json
syn1_t0-w0p2_seed1486441653.json,syn1,1486441653,0,0.2,/mnt/d/WORK/96/flow_tap/LayoutGenModel/logs/output/cases_hubump/selected-wsweep-syn1-t0-w0p2-newsweep_20260918/seed_1486441653/legalized/06_syn1_placement_legal.json,/mnt/d/WORK/96/flow_tap/benchmark/cases_hubump/syn1.json,0,/mnt/d/WORK/96/flow_tap/LayoutGenModel/logs/output/cases_hubump/selected-wsweep-syn1-t0-w0p2-newsweep_20260918/seed_1486441653/legalized/06_syn1_placement_legal_report.json
syn1_t10-w0p2_seed946615675.json,syn1,946615675,10,0.2,/mnt/d/WORK/96/flow_tap/LayoutGenModel/logs/output/cases_hubump/selected-wsweep-syn1-t10-w0p2-newsweep_20260918/seed_946615675/legalized/06_syn1_placement_legal.json,/mnt/d/WORK/96/flow_tap/benchmark/cases_hubump/syn1.json,0,/mnt/d/WORK/96/flow_tap/LayoutGenModel/logs/output/cases_hubump/selected-wsweep-syn1-t10-w0p2-newsweep_20260918/seed_946615675/legalized/06_syn1_placement_legal_report.json
syn1_t10-w0p2_seed1056634028.json,syn1,1056634028,10,0.2,/mnt/d/WORK/96/flow_tap/LayoutGenModel/logs/output/cases_hubump/selected-wsweep-syn1-t10-w0p2-newsweep_20260918/seed_1056634028/legalized/06_syn1_placement_legal.json,/mnt/d/WORK/96/flow_tap/benchmark/cases_hubump/syn1.json,0,/mnt/d/WORK/96/flow_tap/LayoutGenModel/logs/output/cases_hubump/selected-wsweep-syn1-t10-w0p2-newsweep_20260918/seed_1056634028/legalized/06_syn1_placement_legal_report.json
syn1_t10-w0p2_seed1486441653.json,syn1,1486441653,10,0.2,/mnt/d/WORK/96/flow_tap/LayoutGenModel/logs/output/cases_hubump/selected-wsweep-syn1-t10-w0p2-newsweep_20260918/seed_1486441653/legalized/06_syn1_placement_legal.json,/mnt/d/WORK/96/flow_tap/benchmark/cases_hubump/syn1.json,0,/mnt/d/WORK/96/flow_tap/LayoutGenModel/logs/output/cases_hubump/selected-wsweep-syn1-t10-w0p2-newsweep_20260918/seed_1486441653/legalized/06_syn1_placement_legal_report.json
syn1_t10-w2_seed946615675.json,syn1,946615675,10,2,/mnt/d/WORK/96/flow_tap/LayoutGenModel/logs/output/cases_hubump/selected-wsweep-syn1-t10-w2-newsweep_20260918/seed_946615675/legalized/06_syn1_placement_legal.json,/mnt/d/WORK/96/flow_tap/benchmark/cases_hubump/syn1.json,0,/mnt/d/WORK/96/flow_tap/LayoutGenModel/logs/output/cases_hubump/selected-wsweep-syn1-t10-w2-newsweep_20260918/seed_946615675/legalized/06_syn1_placement_legal_report.json
syn1_t10-w2_seed1056634028.json,syn1,1056634028,10,2,/mnt/d/WORK/96/flow_tap/LayoutGenModel/logs/output/cases_hubump/selected-wsweep-syn1-t10-w2-newsweep_20260918/seed_1056634028/legalized/06_syn1_placement_legal.json,/mnt/d/WORK/96/flow_tap/benchmark/cases_hubump/syn1.json,0,/mnt/d/WORK/96/flow_tap/LayoutGenModel/logs/output/cases_hubump/selected-wsweep-syn1-t10-w2-newsweep_20260918/seed_1056634028/legalized/06_syn1_placement_legal_report.json
syn1_t10-w2_seed1486441653.json,syn1,1486441653,10,2,/mnt/d/WORK/96/flow_tap/LayoutGenModel/logs/output/cases_hubump/selected-wsweep-syn1-t10-w2-newsweep_20260918/seed_1486441653/legalized/06_syn1_placement_legal.json,/mnt/d/WORK/96/flow_tap/benchmark/cases_hubump/syn1.json,0,/mnt/d/WORK/96/flow_tap/LayoutGenModel/logs/output/cases_hubump/selected-wsweep-syn1-t10-w2-newsweep_20260918/seed_1486441653/legalized/06_syn1_placement_legal_report.json
syn1_t0p3-w0_seed946615675.json,syn1,946615675,0.3,0,/mnt/d/WORK/96/flow_tap/LayoutGenModel/logs/output/cases_hubump/selected-wsweep-syn1-t0p3-w0-newsweep_20260918/seed_946615675/legalized/06_syn1_placement_legal.json,/mnt/d/WORK/96/flow_tap/benchmark/cases_hubump/syn1.json,0,/mnt/d/WORK/96/flow_tap/LayoutGenModel/logs/output/cases_hubump/selected-wsweep-syn1-t0p3-w0-newsweep_20260918/seed_946615675/legalized/06_syn1_placement_legal_report.json
syn1_t0p3-w0_seed1056634028.json,syn1,1056634028,0.3,0,/mnt/d/WORK/96/flow_tap/LayoutGenModel/logs/output/cases_hubump/selected-wsweep-syn1-t0p3-w0-newsweep_20260918/seed_1056634028/legalized/06_syn1_placement_legal.json,/mnt/d/WORK/96/flow_tap/benchmark/cases_hubump/syn1.json,0,/mnt/d/WORK/96/flow_tap/LayoutGenModel/logs/output/cases_hubump/selected-wsweep-syn1-t0p3-w0-newsweep_20260918/seed_1056634028/legalized/06_syn1_placement_legal_report.json
syn1_t0p3-w0_seed1486441653.json,syn1,1486441653,0.3,0,/mnt/d/WORK/96/flow_tap/LayoutGenModel/logs/output/cases_hubump/selected-wsweep-syn1-t0p3-w0-newsweep_20260918/seed_1486441653/legalized/06_syn1_placement_legal.json,/mnt/d/WORK/96/flow_tap/benchmark/cases_hubump/syn1.json,0,/mnt/d/WORK/96/flow_tap/LayoutGenModel/logs/output/cases_hubump/selected-wsweep-syn1-t0p3-w0-newsweep_20260918/seed_1486441653/legalized/06_syn1_placement_legal_report.json
syn1_t0p1-w0p02_seed946615675.json,syn1,946615675,0.1,0.02,/mnt/d/WORK/96/flow_tap/LayoutGenModel/logs/output/cases_hubump/selected-wsweep-syn1-t0p1-w0p02-newsweep_20260918/seed_946615675/legalized/06_syn1_placement_legal.json,/mnt/d/WORK/96/flow_tap/benchmark/cases_hubump/syn1.json,0,/mnt/d/WORK/96/flow_tap/LayoutGenModel/logs/output/cases_hubump/selected-wsweep-syn1-t0p1-w0p02-newsweep_20260918/seed_946615675/legalized/06_syn1_placement_legal_report.json
syn1_t0p1-w0p02_seed1056634028.json,syn1,1056634028,0.1,0.02,/mnt/d/WORK/96/flow_tap/LayoutGenModel/logs/output/cases_hubump/selected-wsweep-syn1-t0p1-w0p02-newsweep_20260918/seed_1056634028/legalized/06_syn1_placement_legal.json,/mnt/d/WORK/96/flow_tap/benchmark/cases_hubump/syn1.json,0,/mnt/d/WORK/96/flow_tap/LayoutGenModel/logs/output/cases_hubump/selected-wsweep-syn1-t0p1-w0p02-newsweep_20260918/seed_1056634028/legalized/06_syn1_placement_legal_report.json
syn1_t0p1-w0p02_seed1486441653.json,syn1,1486441653,0.1,0.02,/mnt/d/WORK/96/flow_tap/LayoutGenModel/logs/output/cases_hubump/selected-wsweep-syn1-t0p1-w0p02-newsweep_20260918/seed_1486441653/legalized/06_syn1_placement_legal.json,/mnt/d/WORK/96/flow_tap/benchmark/cases_hubump/syn1.json,0,/mnt/d/WORK/96/flow_tap/LayoutGenModel/logs/output/cases_hubump/selected-wsweep-syn1-t0p1-w0p02-newsweep_20260918/seed_1486441653/legalized/06_syn1_placement_legal_report.json
syn1_t0p03-w0_seed946615675.json,syn1,946615675,0.03,0,/mnt/d/WORK/96/flow_tap/LayoutGenModel/logs/output/cases_hubump/selected-wsweep-syn1-t0p03-w0-newsweep_20260918/seed_946615675/legalized/06_syn1_placement_legal.json,/mnt/d/WORK/96/flow_tap/benchmark/cases_hubump/syn1.json,0,/mnt/d/WORK/96/flow_tap/LayoutGenModel/logs/output/cases_hubump/selected-wsweep-syn1-t0p03-w0-newsweep_20260918/seed_946615675/legalized/06_syn1_placement_legal_report.json
syn1_t0p03-w0_seed1056634028.json,syn1,1056634028,0.03,0,/mnt/d/WORK/96/flow_tap/LayoutGenModel/logs/output/cases_hubump/selected-wsweep-syn1-t0p03-w0-newsweep_20260918/seed_1056634028/legalized/06_syn1_placement_legal.json,/mnt/d/WORK/96/flow_tap/benchmark/cases_hubump/syn1.json,0,/mnt/d/WORK/96/flow_tap/LayoutGenModel/logs/output/cases_hubump/selected-wsweep-syn1-t0p03-w0-newsweep_20260918/seed_1056634028/legalized/06_syn1_placement_legal_report.json
syn1_t0p03-w0_seed1486441653.json,syn1,1486441653,0.03,0,/mnt/d/WORK/96/flow_tap/LayoutGenModel/logs/output/cases_hubump/selected-wsweep-syn1-t0p03-w0-newsweep_20260918/seed_1486441653/legalized/06_syn1_placement_legal.json,/mnt/d/WORK/96/flow_tap/benchmark/cases_hubump/syn1.json,0,/mnt/d/WORK/96/flow_tap/LayoutGenModel/logs/output/cases_hubump/selected-wsweep-syn1-t0p03-w0-newsweep_20260918/seed_1486441653/legalized/06_syn1_placement_legal_report.json
syn1_t3-w0p02_seed946615675.json,syn1,946615675,3,0.02,/mnt/d/WORK/96/flow_tap/LayoutGenModel/logs/output/cases_hubump/selected-wsweep-syn1-t3-w0p02-newsweep_20260918/seed_946615675/legalized/06_syn1_placement_legal.json,/mnt/d/WORK/96/flow_tap/benchmark/cases_hubump/syn1.json,0,/mnt/d/WORK/96/flow_tap/LayoutGenModel/logs/output/cases_hubump/selected-wsweep-syn1-t3-w0p02-newsweep_20260918/seed_946615675/legalized/06_syn1_placement_legal_report.json
syn1_t3-w0p02_seed1056634028.json,syn1,1056634028,3,0.02,/mnt/d/WORK/96/flow_tap/LayoutGenModel/logs/output/cases_hubump/selected-wsweep-syn1-t3-w0p02-newsweep_20260918/seed_1056634028/legalized/06_syn1_placement_legal.json,/mnt/d/WORK/96/flow_tap/benchmark/cases_hubump/syn1.json,0,/mnt/d/WORK/96/flow_tap/LayoutGenModel/logs/output/cases_hubump/selected-wsweep-syn1-t3-w0p02-newsweep_20260918/seed_1056634028/legalized/06_syn1_placement_legal_report.json
syn1_t3-w0p02_seed1486441653.json,syn1,1486441653,3,0.02,/mnt/d/WORK/96/flow_tap/LayoutGenModel/logs/output/cases_hubump/selected-wsweep-syn1-t3-w0p02-newsweep_20260918/seed_1486441653/legalized/06_syn1_placement_legal.json,/mnt/d/WORK/96/flow_tap/benchmark/cases_hubump/syn1.json,0,/mnt/d/WORK/96/flow_tap/LayoutGenModel/logs/output/cases_hubump/selected-wsweep-syn1-t3-w0p02-newsweep_20260918/seed_1486441653/legalized/06_syn1_placement_legal_report.json
syn1_t0p01-w0_seed946615675.json,syn1,946615675,0.01,0,/mnt/d/WORK/96/flow_tap/LayoutGenModel/logs/output/cases_hubump/selected-wsweep-syn1-t0p01-w0-newsweep_20260918/seed_946615675/legalized/06_syn1_placement_legal.json,/mnt/d/WORK/96/flow_tap/benchmark/cases_hubump/syn1.json,0,/mnt/d/WORK/96/flow_tap/LayoutGenModel/logs/output/cases_hubump/selected-wsweep-syn1-t0p01-w0-newsweep_20260918/seed_946615675/legalized/06_syn1_placement_legal_report.json
syn1_t0p01-w0_seed1056634028.json,syn1,1056634028,0.01,0,/mnt/d/WORK/96/flow_tap/LayoutGenModel/logs/output/cases_hubump/selected-wsweep-syn1-t0p01-w0-newsweep_20260918/seed_1056634028/legalized/06_syn1_placement_legal.json,/mnt/d/WORK/96/flow_tap/benchmark/cases_hubump/syn1.json,0,/mnt/d/WORK/96/flow_tap/LayoutGenModel/logs/output/cases_hubump/selected-wsweep-syn1-t0p01-w0-newsweep_20260918/seed_1056634028/legalized/06_syn1_placement_legal_report.json
syn1_t0p01-w0_seed1486441653.json,syn1,1486441653,0.01,0,/mnt/d/WORK/96/flow_tap/LayoutGenModel/logs/output/cases_hubump/selected-wsweep-syn1-t0p01-w0-newsweep_20260918/seed_1486441653/legalized/06_syn1_placement_legal.json,/mnt/d/WORK/96/flow_tap/benchmark/cases_hubump/syn1.json,0,/mnt/d/WORK/96/flow_tap/LayoutGenModel/logs/output/cases_hubump/selected-wsweep-syn1-t0p01-w0-newsweep_20260918/seed_1486441653/legalized/06_syn1_placement_legal_report.json
syn1_t1-w0_seed946615675.json,syn1,946615675,1,0,/mnt/d/WORK/96/flow_tap/LayoutGenModel/logs/output/cases_hubump/selected-wsweep-syn1-t1-w0-newsweep_20260918/seed_946615675/legalized/06_syn1_placement_legal.json,/mnt/d/WORK/96/flow_tap/benchmark/cases_hubump/syn1.json,0,/mnt/d/WORK/96/flow_tap/LayoutGenModel/logs/output/cases_hubump/selected-wsweep-syn1-t1-w0-newsweep_20260918/seed_946615675/legalized/06_syn1_placement_legal_report.json
syn1_t1-w0_seed1056634028.json,syn1,1056634028,1,0,/mnt/d/WORK/96/flow_tap/LayoutGenModel/logs/output/cases_hubump/selected-wsweep-syn1-t1-w0-newsweep_20260918/seed_1056634028/legalized/06_syn1_placement_legal.json,/mnt/d/WORK/96/flow_tap/benchmark/cases_hubump/syn1.json,0,/mnt/d/WORK/96/flow_tap/LayoutGenModel/logs/output/cases_hubump/selected-wsweep-syn1-t1-w0-newsweep_20260918/seed_1056634028/legalized/06_syn1_placement_legal_report.json
syn1_t1-w0_seed1486441653.json,syn1,1486441653,1,0,/mnt/d/WORK/96/flow_tap/LayoutGenModel/logs/output/cases_hubump/selected-wsweep-syn1-t1-w0-newsweep_20260918/seed_1486441653/legalized/06_syn1_placement_legal.json,/mnt/d/WORK/96/flow_tap/benchmark/cases_hubump/syn1.json,0,/mnt/d/WORK/96/flow_tap/LayoutGenModel/logs/output/cases_hubump/selected-wsweep-syn1-t1-w0-newsweep_20260918/seed_1486441653/legalized/06_syn1_placement_legal_report.json
syn1_t3-w2_seed946615675.json,syn1,946615675,3,2,/mnt/d/WORK/96/flow_tap/LayoutGenModel/logs/output/cases_hubump/selected-wsweep-syn1-t3-w2-newsweep_20260918/seed_946615675/legalized/06_syn1_placement_legal.json,/mnt/d/WORK/96/flow_tap/benchmark/cases_hubump/syn1.json,0,/mnt/d/WORK/96/flow_tap/LayoutGenModel/logs/output/cases_hubump/selected-wsweep-syn1-t3-w2-newsweep_20260918/seed_946615675/legalized/06_syn1_placement_legal_report.json
syn1_t3-w2_seed1056634028.json,syn1,1056634028,3,2,/mnt/d/WORK/96/flow_tap/LayoutGenModel/logs/output/cases_hubump/selected-wsweep-syn1-t3-w2-newsweep_20260918/seed_1056634028/legalized/06_syn1_placement_legal.json,/mnt/d/WORK/96/flow_tap/benchmark/cases_hubump/syn1.json,0,/mnt/d/WORK/96/flow_tap/LayoutGenModel/logs/output/cases_hubump/selected-wsweep-syn1-t3-w2-newsweep_20260918/seed_1056634028/legalized/06_syn1_placement_legal_report.json
syn1_t3-w2_seed1486441653.json,syn1,1486441653,3,2,/mnt/d/WORK/96/flow_tap/LayoutGenModel/logs/output/cases_hubump/selected-wsweep-syn1-t3-w2-newsweep_20260918/seed_1486441653/legalized/06_syn1_placement_legal.json,/mnt/d/WORK/96/flow_tap/benchmark/cases_hubump/syn1.json,0,/mnt/d/WORK/96/flow_tap/LayoutGenModel/logs/output/cases_hubump/selected-wsweep-syn1-t3-w2-newsweep_20260918/seed_1486441653/legalized/06_syn1_placement_legal_report.json
syn1_t100-w0p2_seed946615675.json,syn1,946615675,100,0.2,/mnt/d/WORK/96/flow_tap/LayoutGenModel/logs/output/cases_hubump/selected-wsweep-syn1-t100-w0p2-newsweep_20260918/seed_946615675/legalized/06_syn1_placement_legal.json,/mnt/d/WORK/96/flow_tap/benchmark/cases_hubump/syn1.json,0,/mnt/d/WORK/96/flow_tap/LayoutGenModel/logs/output/cases_hubump/selected-wsweep-syn1-t100-w0p2-newsweep_20260918/seed_946615675/legalized/06_syn1_placement_legal_report.json
syn1_t100-w0p2_seed1056634028.json,syn1,1056634028,100,0.2,/mnt/d/WORK/96/flow_tap/LayoutGenModel/logs/output/cases_hubump/selected-wsweep-syn1-t100-w0p2-newsweep_20260918/seed_1056634028/legalized/06_syn1_placement_legal.json,/mnt/d/WORK/96/flow_tap/benchmark/cases_hubump/syn1.json,0,/mnt/d/WORK/96/flow_tap/LayoutGenModel/logs/output/cases_hubump/selected-wsweep-syn1-t100-w0p2-newsweep_20260918/seed_1056634028/legalized/06_syn1_placement_legal_report.json
syn1_t100-w0p2_seed1486441653.json,syn1,1486441653,100,0.2,/mnt/d/WORK/96/flow_tap/LayoutGenModel/logs/output/cases_hubump/selected-wsweep-syn1-t100-w0p2-newsweep_20260918/seed_1486441653/legalized/06_syn1_placement_legal.json,/mnt/d/WORK/96/flow_tap/benchmark/cases_hubump/syn1.json,0,/mnt/d/WORK/96/flow_tap/LayoutGenModel/logs/output/cases_hubump/selected-wsweep-syn1-t100-w0p2-newsweep_20260918/seed_1486441653/legalized/06_syn1_placement_legal_report.json
syn1_t0p01-w2_seed946615675.json,syn1,946615675,0.01,2,/mnt/d/WORK/96/flow_tap/LayoutGenModel/logs/output/cases_hubump/selected-wsweep-syn1-t0p01-w2-newsweep_20260918/seed_946615675/legalized/06_syn1_placement_legal.json,/mnt/d/WORK/96/flow_tap/benchmark/cases_hubump/syn1.json,0,/mnt/d/WORK/96/flow_tap/LayoutGenModel/logs/output/cases_hubump/selected-wsweep-syn1-t0p01-w2-newsweep_20260918/seed_946615675/legalized/06_syn1_placement_legal_report.json
syn1_t0p01-w2_seed1056634028.json,syn1,1056634028,0.01,2,/mnt/d/WORK/96/flow_tap/LayoutGenModel/logs/output/cases_hubump/selected-wsweep-syn1-t0p01-w2-newsweep_20260918/seed_1056634028/legalized/06_syn1_placement_legal.json,/mnt/d/WORK/96/flow_tap/benchmark/cases_hubump/syn1.json,0,/mnt/d/WORK/96/flow_tap/LayoutGenModel/logs/output/cases_hubump/selected-wsweep-syn1-t0p01-w2-newsweep_20260918/seed_1056634028/legalized/06_syn1_placement_legal_report.json
syn1_t0p01-w2_seed1486441653.json,syn1,1486441653,0.01,2,/mnt/d/WORK/96/flow_tap/LayoutGenModel/logs/output/cases_hubump/selected-wsweep-syn1-t0p01-w2-newsweep_20260918/seed_1486441653/legalized/06_syn1_placement_legal.json,/mnt/d/WORK/96/flow_tap/benchmark/cases_hubump/syn1.json,0,/mnt/d/WORK/96/flow_tap/LayoutGenModel/logs/output/cases_hubump/selected-wsweep-syn1-t0p01-w2-newsweep_20260918/seed_1486441653/legalized/06_syn1_placement_legal_report.json
syn1_t0p3-w0p2_seed946615675.json,syn1,946615675,0.3,0.2,/mnt/d/WORK/96/flow_tap/LayoutGenModel/logs/output/cases_hubump/selected-wsweep-syn1-t0p3-w0p2-newsweep_20260918/seed_946615675/legalized/06_syn1_placement_legal.json,/mnt/d/WORK/96/flow_tap/benchmark/cases_hubump/syn1.json,0,/mnt/d/WORK/96/flow_tap/LayoutGenModel/logs/output/cases_hubump/selected-wsweep-syn1-t0p3-w0p2-newsweep_20260918/seed_946615675/legalized/06_syn1_placement_legal_report.json
syn1_t0p3-w0p2_seed1056634028.json,syn1,1056634028,0.3,0.2,/mnt/d/WORK/96/flow_tap/LayoutGenModel/logs/output/cases_hubump/selected-wsweep-syn1-t0p3-w0p2-newsweep_20260918/seed_1056634028/legalized/06_syn1_placement_legal.json,/mnt/d/WORK/96/flow_tap/benchmark/cases_hubump/syn1.json,0,/mnt/d/WORK/96/flow_tap/LayoutGenModel/logs/output/cases_hubump/selected-wsweep-syn1-t0p3-w0p2-newsweep_20260918/seed_1056634028/legalized/06_syn1_placement_legal_report.json
syn1_t0p3-w0p2_seed1486441653.json,syn1,1486441653,0.3,0.2,/mnt/d/WORK/96/flow_tap/LayoutGenModel/logs/output/cases_hubump/selected-wsweep-syn1-t0p3-w0p2-newsweep_20260918/seed_1486441653/legalized/06_syn1_placement_legal.json,/mnt/d/WORK/96/flow_tap/benchmark/cases_hubump/syn1.json,0,/mnt/d/WORK/96/flow_tap/LayoutGenModel/logs/output/cases_hubump/selected-wsweep-syn1-t0p3-w0p2-newsweep_20260918/seed_1486441653/legalized/06_syn1_placement_legal_report.json
syn4_t30-w0p2_seed946615675.json,syn4,946615675,30,0.2,/mnt/d/WORK/96/flow_tap/LayoutGenModel/logs/output/cases_hubump/selected-wsweep-syn4-t30-w0p2-newsweep_20260918/seed_946615675/legalized/07_syn4_placement_legal.json,/mnt/d/WORK/96/flow_tap/benchmark/cases_hubump/syn4.json,0,/mnt/d/WORK/96/flow_tap/LayoutGenModel/logs/output/cases_hubump/selected-wsweep-syn4-t30-w0p2-newsweep_20260918/seed_946615675/legalized/07_syn4_placement_legal_report.json
syn4_t30-w0p2_seed1056634028.json,syn4,1056634028,30,0.2,/mnt/d/WORK/96/flow_tap/LayoutGenModel/logs/output/cases_hubump/selected-wsweep-syn4-t30-w0p2-newsweep_20260918/seed_1056634028/legalized/07_syn4_placement_legal.json,/mnt/d/WORK/96/flow_tap/benchmark/cases_hubump/syn4.json,0,/mnt/d/WORK/96/flow_tap/LayoutGenModel/logs/output/cases_hubump/selected-wsweep-syn4-t30-w0p2-newsweep_20260918/seed_1056634028/legalized/07_syn4_placement_legal_report.json
syn4_t30-w0p2_seed1486441653.json,syn4,1486441653,30,0.2,/mnt/d/WORK/96/flow_tap/LayoutGenModel/logs/output/cases_hubump/selected-wsweep-syn4-t30-w0p2-newsweep_20260918/seed_1486441653/legalized/07_syn4_placement_legal.json,/mnt/d/WORK/96/flow_tap/benchmark/cases_hubump/syn4.json,0,/mnt/d/WORK/96/flow_tap/LayoutGenModel/logs/output/cases_hubump/selected-wsweep-syn4-t30-w0p2-newsweep_20260918/seed_1486441653/legalized/07_syn4_placement_legal_report.json
syn4_t100-w0p02_seed946615675.json,syn4,946615675,100,0.02,/mnt/d/WORK/96/flow_tap/LayoutGenModel/logs/output/cases_hubump/selected-wsweep-syn4-t100-w0p02-newsweep_20260918/seed_946615675/legalized/07_syn4_placement_legal.json,/mnt/d/WORK/96/flow_tap/benchmark/cases_hubump/syn4.json,0,/mnt/d/WORK/96/flow_tap/LayoutGenModel/logs/output/cases_hubump/selected-wsweep-syn4-t100-w0p02-newsweep_20260918/seed_946615675/legalized/07_syn4_placement_legal_report.json
syn4_t100-w0p02_seed1056634028.json,syn4,1056634028,100,0.02,/mnt/d/WORK/96/flow_tap/LayoutGenModel/logs/output/cases_hubump/selected-wsweep-syn4-t100-w0p02-newsweep_20260918/seed_1056634028/legalized/07_syn4_placement_legal.json,/mnt/d/WORK/96/flow_tap/benchmark/cases_hubump/syn4.json,0,/mnt/d/WORK/96/flow_tap/LayoutGenModel/logs/output/cases_hubump/selected-wsweep-syn4-t100-w0p02-newsweep_20260918/seed_1056634028/legalized/07_syn4_placement_legal_report.json
syn4_t100-w0p02_seed1486441653.json,syn4,1486441653,100,0.02,/mnt/d/WORK/96/flow_tap/LayoutGenModel/logs/output/cases_hubump/selected-wsweep-syn4-t100-w0p02-newsweep_20260918/seed_1486441653/legalized/07_syn4_placement_legal.json,/mnt/d/WORK/96/flow_tap/benchmark/cases_hubump/syn4.json,0,/mnt/d/WORK/96/flow_tap/LayoutGenModel/logs/output/cases_hubump/selected-wsweep-syn4-t100-w0p02-newsweep_20260918/seed_1486441653/legalized/07_syn4_placement_legal_report.json
syn4_t30-w0p02_seed946615675.json,syn4,946615675,30,0.02,/mnt/d/WORK/96/flow_tap/LayoutGenModel/logs/output/cases_hubump/selected-wsweep-syn4-t30-w0p02-newsweep_20260918/seed_946615675/legalized/07_syn4_placement_legal.json,/mnt/d/WORK/96/flow_tap/benchmark/cases_hubump/syn4.json,0,/mnt/d/WORK/96/flow_tap/LayoutGenModel/logs/output/cases_hubump/selected-wsweep-syn4-t30-w0p02-newsweep_20260918/seed_946615675/legalized/07_syn4_placement_legal_report.json
syn4_t30-w0p02_seed1056634028.json,syn4,1056634028,30,0.02,/mnt/d/WORK/96/flow_tap/LayoutGenModel/logs/output/cases_hubump/selected-wsweep-syn4-t30-w0p02-newsweep_20260918/seed_1056634028/legalized/07_syn4_placement_legal.json,/mnt/d/WORK/96/flow_tap/benchmark/cases_hubump/syn4.json,0,/mnt/d/WORK/96/flow_tap/LayoutGenModel/logs/output/cases_hubump/selected-wsweep-syn4-t30-w0p02-newsweep_20260918/seed_1056634028/legalized/07_syn4_placement_legal_report.json
syn4_t30-w0p02_seed1486441653.json,syn4,1486441653,30,0.02,/mnt/d/WORK/96/flow_tap/LayoutGenModel/logs/output/cases_hubump/selected-wsweep-syn4-t30-w0p02-newsweep_20260918/seed_1486441653/legalized/07_syn4_placement_legal.json,/mnt/d/WORK/96/flow_tap/benchmark/cases_hubump/syn4.json,0,/mnt/d/WORK/96/flow_tap/LayoutGenModel/logs/output/cases_hubump/selected-wsweep-syn4-t30-w0p02-newsweep_20260918/seed_1486441653/legalized/07_syn4_placement_legal_report.json
syn4_t0p01-w50_seed946615675.json,syn4,946615675,0.01,50,/mnt/d/WORK/96/flow_tap/LayoutGenModel/logs/output/cases_hubump/selected-wsweep-syn4-t0p01-w50-newsweep_20260918/seed_946615675/legalized/07_syn4_placement_legal.json,/mnt/d/WORK/96/flow_tap/benchmark/cases_hubump/syn4.json,0,/mnt/d/WORK/96/flow_tap/LayoutGenModel/logs/output/cases_hubump/selected-wsweep-syn4-t0p01-w50-newsweep_20260918/seed_946615675/legalized/07_syn4_placement_legal_report.json
syn4_t0p01-w50_seed1056634028.json,syn4,1056634028,0.01,50,/mnt/d/WORK/96/flow_tap/LayoutGenModel/logs/output/cases_hubump/selected-wsweep-syn4-t0p01-w50-newsweep_20260918/seed_1056634028/legalized/07_syn4_placement_legal.json,/mnt/d/WORK/96/flow_tap/benchmark/cases_hubump/syn4.json,0,/mnt/d/WORK/96/flow_tap/LayoutGenModel/logs/output/cases_hubump/selected-wsweep-syn4-t0p01-w50-newsweep_20260918/seed_1056634028/legalized/07_syn4_placement_legal_report.json
syn4_t0p01-w50_seed1486441653.json,syn4,1486441653,0.01,50,/mnt/d/WORK/96/flow_tap/LayoutGenModel/logs/output/cases_hubump/selected-wsweep-syn4-t0p01-w50-newsweep_20260918/seed_1486441653/legalized/07_syn4_placement_legal.json,/mnt/d/WORK/96/flow_tap/benchmark/cases_hubump/syn4.json,0,/mnt/d/WORK/96/flow_tap/LayoutGenModel/logs/output/cases_hubump/selected-wsweep-syn4-t0p01-w50-newsweep_20260918/seed_1486441653/legalized/07_syn4_placement_legal_report.json
syn4_t1-w50_seed946615675.json,syn4,946615675,1,50,/mnt/d/WORK/96/flow_tap/LayoutGenModel/logs/output/cases_hubump/selected-wsweep-syn4-t1-w50-newsweep_20260918/seed_946615675/legalized/07_syn4_placement_legal.json,/mnt/d/WORK/96/flow_tap/benchmark/cases_hubump/syn4.json,0,/mnt/d/WORK/96/flow_tap/LayoutGenModel/logs/output/cases_hubump/selected-wsweep-syn4-t1-w50-newsweep_20260918/seed_946615675/legalized/07_syn4_placement_legal_report.json
syn4_t1-w50_seed1056634028.json,syn4,1056634028,1,50,/mnt/d/WORK/96/flow_tap/LayoutGenModel/logs/output/cases_hubump/selected-wsweep-syn4-t1-w50-newsweep_20260918/seed_1056634028/legalized/07_syn4_placement_legal.json,/mnt/d/WORK/96/flow_tap/benchmark/cases_hubump/syn4.json,0,/mnt/d/WORK/96/flow_tap/LayoutGenModel/logs/output/cases_hubump/selected-wsweep-syn4-t1-w50-newsweep_20260918/seed_1056634028/legalized/07_syn4_placement_legal_report.json
syn4_t30-w50_seed946615675.json,syn4,946615675,30,50,/mnt/d/WORK/96/flow_tap/LayoutGenModel/logs/output/cases_hubump/selected-wsweep-syn4-t30-w50-newsweep_20260918/seed_946615675/legalized/07_syn4_placement_legal.json,/mnt/d/WORK/96/flow_tap/benchmark/cases_hubump/syn4.json,0,/mnt/d/WORK/96/flow_tap/LayoutGenModel/logs/output/cases_hubump/selected-wsweep-syn4-t30-w50-newsweep_20260918/seed_946615675/legalized/07_syn4_placement_legal_report.json
syn4_t1-w50_seed1486441653.json,syn4,1486441653,1,50,/mnt/d/WORK/96/flow_tap/LayoutGenModel/logs/output/cases_hubump/selected-wsweep-syn4-t1-w50-newsweep_20260918/seed_1486441653/legalized/07_syn4_placement_legal.json,/mnt/d/WORK/96/flow_tap/benchmark/cases_hubump/syn4.json,0,/mnt/d/WORK/96/flow_tap/LayoutGenModel/logs/output/cases_hubump/selected-wsweep-syn4-t1-w50-newsweep_20260918/seed_1486441653/legalized/07_syn4_placement_legal_report.json
syn4_t30-w50_seed1056634028.json,syn4,1056634028,30,50,/mnt/d/WORK/96/flow_tap/LayoutGenModel/logs/output/cases_hubump/selected-wsweep-syn4-t30-w50-newsweep_20260918/seed_1056634028/legalized/07_syn4_placement_legal.json,/mnt/d/WORK/96/flow_tap/benchmark/cases_hubump/syn4.json,0,/mnt/d/WORK/96/flow_tap/LayoutGenModel/logs/output/cases_hubump/selected-wsweep-syn4-t30-w50-newsweep_20260918/seed_1056634028/legalized/07_syn4_placement_legal_report.json
syn4_t30-w50_seed1486441653.json,syn4,1486441653,30,50,/mnt/d/WORK/96/flow_tap/LayoutGenModel/logs/output/cases_hubump/selected-wsweep-syn4-t30-w50-newsweep_20260918/seed_1486441653/legalized/07_syn4_placement_legal.json,/mnt/d/WORK/96/flow_tap/benchmark/cases_hubump/syn4.json,0,/mnt/d/WORK/96/flow_tap/LayoutGenModel/logs/output/cases_hubump/selected-wsweep-syn4-t30-w50-newsweep_20260918/seed_1486441653/legalized/07_syn4_placement_legal_report.json
syn4_t100-w50_seed946615675.json,syn4,946615675,100,50,/mnt/d/WORK/96/flow_tap/LayoutGenModel/logs/output/cases_hubump/selected-wsweep-syn4-t100-w50-newsweep_20260918/seed_946615675/legalized/07_syn4_placement_legal.json,/mnt/d/WORK/96/flow_tap/benchmark/cases_hubump/syn4.json,0,/mnt/d/WORK/96/flow_tap/LayoutGenModel/logs/output/cases_hubump/selected-wsweep-syn4-t100-w50-newsweep_20260918/seed_946615675/legalized/07_syn4_placement_legal_report.json
syn4_t100-w50_seed1056634028.json,syn4,1056634028,100,50,/mnt/d/WORK/96/flow_tap/LayoutGenModel/logs/output/cases_hubump/selected-wsweep-syn4-t100-w50-newsweep_20260918/seed_1056634028/legalized/07_syn4_placement_legal.json,/mnt/d/WORK/96/flow_tap/benchmark/cases_hubump/syn4.json,0,/mnt/d/WORK/96/flow_tap/LayoutGenModel/logs/output/cases_hubump/selected-wsweep-syn4-t100-w50-newsweep_20260918/seed_1056634028/legalized/07_syn4_placement_legal_report.json
syn4_t100-w50_seed1486441653.json,syn4,1486441653,100,50,/mnt/d/WORK/96/flow_tap/LayoutGenModel/logs/output/cases_hubump/selected-wsweep-syn4-t100-w50-newsweep_20260918/seed_1486441653/legalized/07_syn4_placement_legal.json,/mnt/d/WORK/96/flow_tap/benchmark/cases_hubump/syn4.json,0,/mnt/d/WORK/96/flow_tap/LayoutGenModel/logs/output/cases_hubump/selected-wsweep-syn4-t100-w50-newsweep_20260918/seed_1486441653/legalized/07_syn4_placement_legal_report.json
syn4_t10-w0p2_seed946615675.json,syn4,946615675,10,0.2,/mnt/d/WORK/96/flow_tap/LayoutGenModel/logs/output/cases_hubump/selected-wsweep-syn4-t10-w0p2-newsweep_20260918/seed_946615675/legalized/07_syn4_placement_legal.json,/mnt/d/WORK/96/flow_tap/benchmark/cases_hubump/syn4.json,0,/mnt/d/WORK/96/flow_tap/LayoutGenModel/logs/output/cases_hubump/selected-wsweep-syn4-t10-w0p2-newsweep_20260918/seed_946615675/legalized/07_syn4_placement_legal_report.json
syn4_t10-w0p2_seed1056634028.json,syn4,1056634028,10,0.2,/mnt/d/WORK/96/flow_tap/LayoutGenModel/logs/output/cases_hubump/selected-wsweep-syn4-t10-w0p2-newsweep_20260918/seed_1056634028/legalized/07_syn4_placement_legal.json,/mnt/d/WORK/96/flow_tap/benchmark/cases_hubump/syn4.json,0,/mnt/d/WORK/96/flow_tap/LayoutGenModel/logs/output/cases_hubump/selected-wsweep-syn4-t10-w0p2-newsweep_20260918/seed_1056634028/legalized/07_syn4_placement_legal_report.json
syn4_t10-w0p2_seed1486441653.json,syn4,1486441653,10,0.2,/mnt/d/WORK/96/flow_tap/LayoutGenModel/logs/output/cases_hubump/selected-wsweep-syn4-t10-w0p2-newsweep_20260918/seed_1486441653/legalized/07_syn4_placement_legal.json,/mnt/d/WORK/96/flow_tap/benchmark/cases_hubump/syn4.json,0,/mnt/d/WORK/96/flow_tap/LayoutGenModel/logs/output/cases_hubump/selected-wsweep-syn4-t10-w0p2-newsweep_20260918/seed_1486441653/legalized/07_syn4_placement_legal_report.json
syn4_t10-w0_seed946615675.json,syn4,946615675,10,0,/mnt/d/WORK/96/flow_tap/LayoutGenModel/logs/output/cases_hubump/selected-wsweep-syn4-t10-w0-newsweep_20260918/seed_946615675/legalized/07_syn4_placement_legal.json,/mnt/d/WORK/96/flow_tap/benchmark/cases_hubump/syn4.json,0,/mnt/d/WORK/96/flow_tap/LayoutGenModel/logs/output/cases_hubump/selected-wsweep-syn4-t10-w0-newsweep_20260918/seed_946615675/legalized/07_syn4_placement_legal_report.json
syn4_t10-w0_seed1056634028.json,syn4,1056634028,10,0,/mnt/d/WORK/96/flow_tap/LayoutGenModel/logs/output/cases_hubump/selected-wsweep-syn4-t10-w0-newsweep_20260918/seed_1056634028/legalized/07_syn4_placement_legal.json,/mnt/d/WORK/96/flow_tap/benchmark/cases_hubump/syn4.json,0,/mnt/d/WORK/96/flow_tap/LayoutGenModel/logs/output/cases_hubump/selected-wsweep-syn4-t10-w0-newsweep_20260918/seed_1056634028/legalized/07_syn4_placement_legal_report.json
syn4_t10-w0_seed1486441653.json,syn4,1486441653,10,0,/mnt/d/WORK/96/flow_tap/LayoutGenModel/logs/output/cases_hubump/selected-wsweep-syn4-t10-w0-newsweep_20260918/seed_1486441653/legalized/07_syn4_placement_legal.json,/mnt/d/WORK/96/flow_tap/benchmark/cases_hubump/syn4.json,0,/mnt/d/WORK/96/flow_tap/LayoutGenModel/logs/output/cases_hubump/selected-wsweep-syn4-t10-w0-newsweep_20260918/seed_1486441653/legalized/07_syn4_placement_legal_report.json
syn4_t0p1-w0_seed946615675.json,syn4,946615675,0.1,0,/mnt/d/WORK/96/flow_tap/LayoutGenModel/logs/output/cases_hubump/selected-wsweep-syn4-t0p1-w0-newsweep_20260918/seed_946615675/legalized/07_syn4_placement_legal.json,/mnt/d/WORK/96/flow_tap/benchmark/cases_hubump/syn4.json,0,/mnt/d/WORK/96/flow_tap/LayoutGenModel/logs/output/cases_hubump/selected-wsweep-syn4-t0p1-w0-newsweep_20260918/seed_946615675/legalized/07_syn4_placement_legal_report.json
syn4_t0p1-w0_seed1056634028.json,syn4,1056634028,0.1,0,/mnt/d/WORK/96/flow_tap/LayoutGenModel/logs/output/cases_hubump/selected-wsweep-syn4-t0p1-w0-newsweep_20260918/seed_1056634028/legalized/07_syn4_placement_legal.json,/mnt/d/WORK/96/flow_tap/benchmark/cases_hubump/syn4.json,0,/mnt/d/WORK/96/flow_tap/LayoutGenModel/logs/output/cases_hubump/selected-wsweep-syn4-t0p1-w0-newsweep_20260918/seed_1056634028/legalized/07_syn4_placement_legal_report.json
syn4_t0p1-w0_seed1486441653.json,syn4,1486441653,0.1,0,/mnt/d/WORK/96/flow_tap/LayoutGenModel/logs/output/cases_hubump/selected-wsweep-syn4-t0p1-w0-newsweep_20260918/seed_1486441653/legalized/07_syn4_placement_legal.json,/mnt/d/WORK/96/flow_tap/benchmark/cases_hubump/syn4.json,0,/mnt/d/WORK/96/flow_tap/LayoutGenModel/logs/output/cases_hubump/selected-wsweep-syn4-t0p1-w0-newsweep_20260918/seed_1486441653/legalized/07_syn4_placement_legal_report.json
syn4_t3-w2_seed946615675.json,syn4,946615675,3,2,/mnt/d/WORK/96/flow_tap/LayoutGenModel/logs/output/cases_hubump/selected-wsweep-syn4-t3-w2-newsweep_20260918/seed_946615675/legalized/07_syn4_placement_legal.json,/mnt/d/WORK/96/flow_tap/benchmark/cases_hubump/syn4.json,0,/mnt/d/WORK/96/flow_tap/LayoutGenModel/logs/output/cases_hubump/selected-wsweep-syn4-t3-w2-newsweep_20260918/seed_946615675/legalized/07_syn4_placement_legal_report.json
syn4_t3-w2_seed1056634028.json,syn4,1056634028,3,2,/mnt/d/WORK/96/flow_tap/LayoutGenModel/logs/output/cases_hubump/selected-wsweep-syn4-t3-w2-newsweep_20260918/seed_1056634028/legalized/07_syn4_placement_legal.json,/mnt/d/WORK/96/flow_tap/benchmark/cases_hubump/syn4.json,0,/mnt/d/WORK/96/flow_tap/LayoutGenModel/logs/output/cases_hubump/selected-wsweep-syn4-t3-w2-newsweep_20260918/seed_1056634028/legalized/07_syn4_placement_legal_report.json
syn4_t3-w2_seed1486441653.json,syn4,1486441653,3,2,/mnt/d/WORK/96/flow_tap/LayoutGenModel/logs/output/cases_hubump/selected-wsweep-syn4-t3-w2-newsweep_20260918/seed_1486441653/legalized/07_syn4_placement_legal.json,/mnt/d/WORK/96/flow_tap/benchmark/cases_hubump/syn4.json,0,/mnt/d/WORK/96/flow_tap/LayoutGenModel/logs/output/cases_hubump/selected-wsweep-syn4-t3-w2-newsweep_20260918/seed_1486441653/legalized/07_syn4_placement_legal_report.json
syn4_t100-w0p2_seed946615675.json,syn4,946615675,100,0.2,/mnt/d/WORK/96/flow_tap/LayoutGenModel/logs/output/cases_hubump/selected-wsweep-syn4-t100-w0p2-newsweep_20260918/seed_946615675/legalized/07_syn4_placement_legal.json,/mnt/d/WORK/96/flow_tap/benchmark/cases_hubump/syn4.json,0,/mnt/d/WORK/96/flow_tap/LayoutGenModel/logs/output/cases_hubump/selected-wsweep-syn4-t100-w0p2-newsweep_20260918/seed_946615675/legalized/07_syn4_placement_legal_report.json
syn4_t100-w0p2_seed1056634028.json,syn4,1056634028,100,0.2,/mnt/d/WORK/96/flow_tap/LayoutGenModel/logs/output/cases_hubump/selected-wsweep-syn4-t100-w0p2-newsweep_20260918/seed_1056634028/legalized/07_syn4_placement_legal.json,/mnt/d/WORK/96/flow_tap/benchmark/cases_hubump/syn4.json,0,/mnt/d/WORK/96/flow_tap/LayoutGenModel/logs/output/cases_hubump/selected-wsweep-syn4-t100-w0p2-newsweep_20260918/seed_1056634028/legalized/07_syn4_placement_legal_report.json
syn4_t100-w0p2_seed1486441653.json,syn4,1486441653,100,0.2,/mnt/d/WORK/96/flow_tap/LayoutGenModel/logs/output/cases_hubump/selected-wsweep-syn4-t100-w0p2-newsweep_20260918/seed_1486441653/legalized/07_syn4_placement_legal.json,/mnt/d/WORK/96/flow_tap/benchmark/cases_hubump/syn4.json,0,/mnt/d/WORK/96/flow_tap/LayoutGenModel/logs/output/cases_hubump/selected-wsweep-syn4-t100-w0p2-newsweep_20260918/seed_1486441653/legalized/07_syn4_placement_legal_report.json
syn4_t0p01-w2_seed946615675.json,syn4,946615675,0.01,2,/mnt/d/WORK/96/flow_tap/LayoutGenModel/logs/output/cases_hubump/selected-wsweep-syn4-t0p01-w2-newsweep_20260918/seed_946615675/legalized/07_syn4_placement_legal.json,/mnt/d/WORK/96/flow_tap/benchmark/cases_hubump/syn4.json,0,/mnt/d/WORK/96/flow_tap/LayoutGenModel/logs/output/cases_hubump/selected-wsweep-syn4-t0p01-w2-newsweep_20260918/seed_946615675/legalized/07_syn4_placement_legal_report.json
syn4_t0p01-w2_seed1486441653.json,syn4,1486441653,0.01,2,/mnt/d/WORK/96/flow_tap/LayoutGenModel/logs/output/cases_hubump/selected-wsweep-syn4-t0p01-w2-newsweep_20260918/seed_1486441653/legalized/07_syn4_placement_legal.json,/mnt/d/WORK/96/flow_tap/benchmark/cases_hubump/syn4.json,0,/mnt/d/WORK/96/flow_tap/LayoutGenModel/logs/output/cases_hubump/selected-wsweep-syn4-t0p01-w2-newsweep_20260918/seed_1486441653/legalized/07_syn4_placement_legal_report.json
syn4_t0p01-w2_seed1056634028.json,syn4,1056634028,0.01,2,/mnt/d/WORK/96/flow_tap/LayoutGenModel/logs/output/cases_hubump/selected-wsweep-syn4-t0p01-w2-newsweep_20260918/seed_1056634028/legalized/07_syn4_placement_legal.json,/mnt/d/WORK/96/flow_tap/benchmark/cases_hubump/syn4.json,0,/mnt/d/WORK/96/flow_tap/LayoutGenModel/logs/output/cases_hubump/selected-wsweep-syn4-t0p01-w2-newsweep_20260918/seed_1056634028/legalized/07_syn4_placement_legal_report.json
syn4_t0p3-w0p2_seed946615675.json,syn4,946615675,0.3,0.2,/mnt/d/WORK/96/flow_tap/LayoutGenModel/logs/output/cases_hubump/selected-wsweep-syn4-t0p3-w0p2-newsweep_20260918/seed_946615675/legalized/07_syn4_placement_legal.json,/mnt/d/WORK/96/flow_tap/benchmark/cases_hubump/syn4.json,0,/mnt/d/WORK/96/flow_tap/LayoutGenModel/logs/output/cases_hubump/selected-wsweep-syn4-t0p3-w0p2-newsweep_20260918/seed_946615675/legalized/07_syn4_placement_legal_report.json
syn4_t0p3-w0p2_seed1486441653.json,syn4,1486441653,0.3,0.2,/mnt/d/WORK/96/flow_tap/LayoutGenModel/logs/output/cases_hubump/selected-wsweep-syn4-t0p3-w0p2-newsweep_20260918/seed_1486441653/legalized/07_syn4_placement_legal.json,/mnt/d/WORK/96/flow_tap/benchmark/cases_hubump/syn4.json,0,/mnt/d/WORK/96/flow_tap/LayoutGenModel/logs/output/cases_hubump/selected-wsweep-syn4-t0p3-w0p2-newsweep_20260918/seed_1486441653/legalized/07_syn4_placement_legal_report.json
syn4_t0p3-w0p2_seed1056634028.json,syn4,1056634028,0.3,0.2,/mnt/d/WORK/96/flow_tap/LayoutGenModel/logs/output/cases_hubump/selected-wsweep-syn4-t0p3-w0p2-newsweep_20260918/seed_1056634028/legalized/07_syn4_placement_legal.json,/mnt/d/WORK/96/flow_tap/benchmark/cases_hubump/syn4.json,0,/mnt/d/WORK/96/flow_tap/LayoutGenModel/logs/output/cases_hubump/selected-wsweep-syn4-t0p3-w0p2-newsweep_20260918/seed_1056634028/legalized/07_syn4_placement_legal_report.json
xerox8_m_t0p01-w50_seed946615675.json,xerox8_m,946615675,0.01,50,/mnt/d/WORK/96/flow_tap/LayoutGenModel/logs/output/cases_hubump/selected-wsweep-xerox8_m-t0p01-w50-newsweep_20260918/seed_946615675/legalized/10_xerox8_m_placement_legal.json,/mnt/d/WORK/96/flow_tap/benchmark/cases_hubump/xerox8_m.json,0,/mnt/d/WORK/96/flow_tap/LayoutGenModel/logs/output/cases_hubump/selected-wsweep-xerox8_m-t0p01-w50-newsweep_20260918/seed_946615675/legalized/10_xerox8_m_placement_legal_report.json
xerox8_m_t0p01-w50_seed1056634028.json,xerox8_m,1056634028,0.01,50,/mnt/d/WORK/96/flow_tap/LayoutGenModel/logs/output/cases_hubump/selected-wsweep-xerox8_m-t0p01-w50-newsweep_20260918/seed_1056634028/legalized/10_xerox8_m_placement_legal.json,/mnt/d/WORK/96/flow_tap/benchmark/cases_hubump/xerox8_m.json,0,/mnt/d/WORK/96/flow_tap/LayoutGenModel/logs/output/cases_hubump/selected-wsweep-xerox8_m-t0p01-w50-newsweep_20260918/seed_1056634028/legalized/10_xerox8_m_placement_legal_report.json
xerox8_m_t0p01-w50_seed1486441653.json,xerox8_m,1486441653,0.01,50,/mnt/d/WORK/96/flow_tap/LayoutGenModel/logs/output/cases_hubump/selected-wsweep-xerox8_m-t0p01-w50-newsweep_20260918/seed_1486441653/legalized/10_xerox8_m_placement_legal.json,/mnt/d/WORK/96/flow_tap/benchmark/cases_hubump/xerox8_m.json,0,/mnt/d/WORK/96/flow_tap/LayoutGenModel/logs/output/cases_hubump/selected-wsweep-xerox8_m-t0p01-w50-newsweep_20260918/seed_1486441653/legalized/10_xerox8_m_placement_legal_report.json
xerox8_m_t100-w50_seed946615675.json,xerox8_m,946615675,100,50,/mnt/d/WORK/96/flow_tap/LayoutGenModel/logs/output/cases_hubump/selected-wsweep-xerox8_m-t100-w50-newsweep_20260918/seed_946615675/legalized/10_xerox8_m_placement_legal.json,/mnt/d/WORK/96/flow_tap/benchmark/cases_hubump/xerox8_m.json,0,/mnt/d/WORK/96/flow_tap/LayoutGenModel/logs/output/cases_hubump/selected-wsweep-xerox8_m-t100-w50-newsweep_20260918/seed_946615675/legalized/10_xerox8_m_placement_legal_report.json
xerox8_m_t100-w50_seed1056634028.json,xerox8_m,1056634028,100,50,/mnt/d/WORK/96/flow_tap/LayoutGenModel/logs/output/cases_hubump/selected-wsweep-xerox8_m-t100-w50-newsweep_20260918/seed_1056634028/legalized/10_xerox8_m_placement_legal.json,/mnt/d/WORK/96/flow_tap/benchmark/cases_hubump/xerox8_m.json,0,/mnt/d/WORK/96/flow_tap/LayoutGenModel/logs/output/cases_hubump/selected-wsweep-xerox8_m-t100-w50-newsweep_20260918/seed_1056634028/legalized/10_xerox8_m_placement_legal_report.json
xerox8_m_t0p1-w50_seed946615675.json,xerox8_m,946615675,0.1,50,/mnt/d/WORK/96/flow_tap/LayoutGenModel/logs/output/cases_hubump/selected-wsweep-xerox8_m-t0p1-w50-newsweep_20260918/seed_946615675/legalized/10_xerox8_m_placement_legal.json,/mnt/d/WORK/96/flow_tap/benchmark/cases_hubump/xerox8_m.json,0,/mnt/d/WORK/96/flow_tap/LayoutGenModel/logs/output/cases_hubump/selected-wsweep-xerox8_m-t0p1-w50-newsweep_20260918/seed_946615675/legalized/10_xerox8_m_placement_legal_report.json
xerox8_m_t100-w50_seed1486441653.json,xerox8_m,1486441653,100,50,/mnt/d/WORK/96/flow_tap/LayoutGenModel/logs/output/cases_hubump/selected-wsweep-xerox8_m-t100-w50-newsweep_20260918/seed_1486441653/legalized/10_xerox8_m_placement_legal.json,/mnt/d/WORK/96/flow_tap/benchmark/cases_hubump/xerox8_m.json,0,/mnt/d/WORK/96/flow_tap/LayoutGenModel/logs/output/cases_hubump/selected-wsweep-xerox8_m-t100-w50-newsweep_20260918/seed_1486441653/legalized/10_xerox8_m_placement_legal_report.json
xerox8_m_t0p1-w50_seed1056634028.json,xerox8_m,1056634028,0.1,50,/mnt/d/WORK/96/flow_tap/LayoutGenModel/logs/output/cases_hubump/selected-wsweep-xerox8_m-t0p1-w50-newsweep_20260918/seed_1056634028/legalized/10_xerox8_m_placement_legal.json,/mnt/d/WORK/96/flow_tap/benchmark/cases_hubump/xerox8_m.json,0,/mnt/d/WORK/96/flow_tap/LayoutGenModel/logs/output/cases_hubump/selected-wsweep-xerox8_m-t0p1-w50-newsweep_20260918/seed_1056634028/legalized/10_xerox8_m_placement_legal_report.json
xerox8_m_t0p1-w50_seed1486441653.json,xerox8_m,1486441653,0.1,50,/mnt/d/WORK/96/flow_tap/LayoutGenModel/logs/output/cases_hubump/selected-wsweep-xerox8_m-t0p1-w50-newsweep_20260918/seed_1486441653/legalized/10_xerox8_m_placement_legal.json,/mnt/d/WORK/96/flow_tap/benchmark/cases_hubump/xerox8_m.json,0,/mnt/d/WORK/96/flow_tap/LayoutGenModel/logs/output/cases_hubump/selected-wsweep-xerox8_m-t0p1-w50-newsweep_20260918/seed_1486441653/legalized/10_xerox8_m_placement_legal_report.json
xerox8_m_t0p3-w50_seed946615675.json,xerox8_m,946615675,0.3,50,/mnt/d/WORK/96/flow_tap/LayoutGenModel/logs/output/cases_hubump/selected-wsweep-xerox8_m-t0p3-w50-newsweep_20260918/seed_946615675/legalized/10_xerox8_m_placement_legal.json,/mnt/d/WORK/96/flow_tap/benchmark/cases_hubump/xerox8_m.json,0,/mnt/d/WORK/96/flow_tap/LayoutGenModel/logs/output/cases_hubump/selected-wsweep-xerox8_m-t0p3-w50-newsweep_20260918/seed_946615675/legalized/10_xerox8_m_placement_legal_report.json
xerox8_m_t0p3-w50_seed1056634028.json,xerox8_m,1056634028,0.3,50,/mnt/d/WORK/96/flow_tap/LayoutGenModel/logs/output/cases_hubump/selected-wsweep-xerox8_m-t0p3-w50-newsweep_20260918/seed_1056634028/legalized/10_xerox8_m_placement_legal.json,/mnt/d/WORK/96/flow_tap/benchmark/cases_hubump/xerox8_m.json,0,/mnt/d/WORK/96/flow_tap/LayoutGenModel/logs/output/cases_hubump/selected-wsweep-xerox8_m-t0p3-w50-newsweep_20260918/seed_1056634028/legalized/10_xerox8_m_placement_legal_report.json
xerox8_m_t0p3-w50_seed1486441653.json,xerox8_m,1486441653,0.3,50,/mnt/d/WORK/96/flow_tap/LayoutGenModel/logs/output/cases_hubump/selected-wsweep-xerox8_m-t0p3-w50-newsweep_20260918/seed_1486441653/legalized/10_xerox8_m_placement_legal.json,/mnt/d/WORK/96/flow_tap/benchmark/cases_hubump/xerox8_m.json,0,/mnt/d/WORK/96/flow_tap/LayoutGenModel/logs/output/cases_hubump/selected-wsweep-xerox8_m-t0p3-w50-newsweep_20260918/seed_1486441653/legalized/10_xerox8_m_placement_legal_report.json
xerox8_m_t10-w50_seed946615675.json,xerox8_m,946615675,10,50,/mnt/d/WORK/96/flow_tap/LayoutGenModel/logs/output/cases_hubump/selected-wsweep-xerox8_m-t10-w50-newsweep_20260918/seed_946615675/legalized/10_xerox8_m_placement_legal.json,/mnt/d/WORK/96/flow_tap/benchmark/cases_hubump/xerox8_m.json,0,/mnt/d/WORK/96/flow_tap/LayoutGenModel/logs/output/cases_hubump/selected-wsweep-xerox8_m-t10-w50-newsweep_20260918/seed_946615675/legalized/10_xerox8_m_placement_legal_report.json
xerox8_m_t10-w50_seed1056634028.json,xerox8_m,1056634028,10,50,/mnt/d/WORK/96/flow_tap/LayoutGenModel/logs/output/cases_hubump/selected-wsweep-xerox8_m-t10-w50-newsweep_20260918/seed_1056634028/legalized/10_xerox8_m_placement_legal.json,/mnt/d/WORK/96/flow_tap/benchmark/cases_hubump/xerox8_m.json,0,/mnt/d/WORK/96/flow_tap/LayoutGenModel/logs/output/cases_hubump/selected-wsweep-xerox8_m-t10-w50-newsweep_20260918/seed_1056634028/legalized/10_xerox8_m_placement_legal_report.json
xerox8_m_t10-w50_seed1486441653.json,xerox8_m,1486441653,10,50,/mnt/d/WORK/96/flow_tap/LayoutGenModel/logs/output/cases_hubump/selected-wsweep-xerox8_m-t10-w50-newsweep_20260918/seed_1486441653/legalized/10_xerox8_m_placement_legal.json,/mnt/d/WORK/96/flow_tap/benchmark/cases_hubump/xerox8_m.json,0,/mnt/d/WORK/96/flow_tap/LayoutGenModel/logs/output/cases_hubump/selected-wsweep-xerox8_m-t10-w50-newsweep_20260918/seed_1486441653/legalized/10_xerox8_m_placement_legal_report.json
xerox8_m_t30-w50_seed946615675.json,xerox8_m,946615675,30,50,/mnt/d/WORK/96/flow_tap/LayoutGenModel/logs/output/cases_hubump/selected-wsweep-xerox8_m-t30-w50-newsweep_20260918/seed_946615675/legalized/10_xerox8_m_placement_legal.json,/mnt/d/WORK/96/flow_tap/benchmark/cases_hubump/xerox8_m.json,0,/mnt/d/WORK/96/flow_tap/LayoutGenModel/logs/output/cases_hubump/selected-wsweep-xerox8_m-t30-w50-newsweep_20260918/seed_946615675/legalized/10_xerox8_m_placement_legal_report.json
xerox8_m_t30-w50_seed1056634028.json,xerox8_m,1056634028,30,50,/mnt/d/WORK/96/flow_tap/LayoutGenModel/logs/output/cases_hubump/selected-wsweep-xerox8_m-t30-w50-newsweep_20260918/seed_1056634028/legalized/10_xerox8_m_placement_legal.json,/mnt/d/WORK/96/flow_tap/benchmark/cases_hubump/xerox8_m.json,0,/mnt/d/WORK/96/flow_tap/LayoutGenModel/logs/output/cases_hubump/selected-wsweep-xerox8_m-t30-w50-newsweep_20260918/seed_1056634028/legalized/10_xerox8_m_placement_legal_report.json
xerox8_m_t30-w50_seed1486441653.json,xerox8_m,1486441653,30,50,/mnt/d/WORK/96/flow_tap/LayoutGenModel/logs/output/cases_hubump/selected-wsweep-xerox8_m-t30-w50-newsweep_20260918/seed_1486441653/legalized/10_xerox8_m_placement_legal.json,/mnt/d/WORK/96/flow_tap/benchmark/cases_hubump/xerox8_m.json,0,/mnt/d/WORK/96/flow_tap/LayoutGenModel/logs/output/cases_hubump/selected-wsweep-xerox8_m-t30-w50-newsweep_20260918/seed_1486441653/legalized/10_xerox8_m_placement_legal_report.json
xerox8_m_t100-w0p02_seed946615675.json,xerox8_m,946615675,100,0.02,/mnt/d/WORK/96/flow_tap/LayoutGenModel/logs/output/cases_hubump/selected-wsweep-xerox8_m-t100-w0p02-newsweep_20260918/seed_946615675/legalized/10_xerox8_m_placement_legal.json,/mnt/d/WORK/96/flow_tap/benchmark/cases_hubump/xerox8_m.json,0,/mnt/d/WORK/96/flow_tap/LayoutGenModel/logs/output/cases_hubump/selected-wsweep-xerox8_m-t100-w0p02-newsweep_20260918/seed_946615675/legalized/10_xerox8_m_placement_legal_report.json
xerox8_m_t100-w0p02_seed1056634028.json,xerox8_m,1056634028,100,0.02,/mnt/d/WORK/96/flow_tap/LayoutGenModel/logs/output/cases_hubump/selected-wsweep-xerox8_m-t100-w0p02-newsweep_20260918/seed_1056634028/legalized/10_xerox8_m_placement_legal.json,/mnt/d/WORK/96/flow_tap/benchmark/cases_hubump/xerox8_m.json,0,/mnt/d/WORK/96/flow_tap/LayoutGenModel/logs/output/cases_hubump/selected-wsweep-xerox8_m-t100-w0p02-newsweep_20260918/seed_1056634028/legalized/10_xerox8_m_placement_legal_report.json
xerox8_m_t100-w0p02_seed1486441653.json,xerox8_m,1486441653,100,0.02,/mnt/d/WORK/96/flow_tap/LayoutGenModel/logs/output/cases_hubump/selected-wsweep-xerox8_m-t100-w0p02-newsweep_20260918/seed_1486441653/legalized/10_xerox8_m_placement_legal.json,/mnt/d/WORK/96/flow_tap/benchmark/cases_hubump/xerox8_m.json,0,/mnt/d/WORK/96/flow_tap/LayoutGenModel/logs/output/cases_hubump/selected-wsweep-xerox8_m-t100-w0p02-newsweep_20260918/seed_1486441653/legalized/10_xerox8_m_placement_legal_report.json
xerox8_m_t10-w0p02_seed946615675.json,xerox8_m,946615675,10,0.02,/mnt/d/WORK/96/flow_tap/LayoutGenModel/logs/output/cases_hubump/selected-wsweep-xerox8_m-t10-w0p02-newsweep_20260918/seed_946615675/legalized/10_xerox8_m_placement_legal.json,/mnt/d/WORK/96/flow_tap/benchmark/cases_hubump/xerox8_m.json,0,/mnt/d/WORK/96/flow_tap/LayoutGenModel/logs/output/cases_hubump/selected-wsweep-xerox8_m-t10-w0p02-newsweep_20260918/seed_946615675/legalized/10_xerox8_m_placement_legal_report.json
xerox8_m_t10-w0p02_seed1056634028.json,xerox8_m,1056634028,10,0.02,/mnt/d/WORK/96/flow_tap/LayoutGenModel/logs/output/cases_hubump/selected-wsweep-xerox8_m-t10-w0p02-newsweep_20260918/seed_1056634028/legalized/10_xerox8_m_placement_legal.json,/mnt/d/WORK/96/flow_tap/benchmark/cases_hubump/xerox8_m.json,0,/mnt/d/WORK/96/flow_tap/LayoutGenModel/logs/output/cases_hubump/selected-wsweep-xerox8_m-t10-w0p02-newsweep_20260918/seed_1056634028/legalized/10_xerox8_m_placement_legal_report.json
xerox8_m_t30-w0p02_seed946615675.json,xerox8_m,946615675,30,0.02,/mnt/d/WORK/96/flow_tap/LayoutGenModel/logs/output/cases_hubump/selected-wsweep-xerox8_m-t30-w0p02-newsweep_20260918/seed_946615675/legalized/10_xerox8_m_placement_legal.json,/mnt/d/WORK/96/flow_tap/benchmark/cases_hubump/xerox8_m.json,0,/mnt/d/WORK/96/flow_tap/LayoutGenModel/logs/output/cases_hubump/selected-wsweep-xerox8_m-t30-w0p02-newsweep_20260918/seed_946615675/legalized/10_xerox8_m_placement_legal_report.json
xerox8_m_t10-w0p02_seed1486441653.json,xerox8_m,1486441653,10,0.02,/mnt/d/WORK/96/flow_tap/LayoutGenModel/logs/output/cases_hubump/selected-wsweep-xerox8_m-t10-w0p02-newsweep_20260918/seed_1486441653/legalized/10_xerox8_m_placement_legal.json,/mnt/d/WORK/96/flow_tap/benchmark/cases_hubump/xerox8_m.json,0,/mnt/d/WORK/96/flow_tap/LayoutGenModel/logs/output/cases_hubump/selected-wsweep-xerox8_m-t10-w0p02-newsweep_20260918/seed_1486441653/legalized/10_xerox8_m_placement_legal_report.json
xerox8_m_t30-w0p02_seed1056634028.json,xerox8_m,1056634028,30,0.02,/mnt/d/WORK/96/flow_tap/LayoutGenModel/logs/output/cases_hubump/selected-wsweep-xerox8_m-t30-w0p02-newsweep_20260918/seed_1056634028/legalized/10_xerox8_m_placement_legal.json,/mnt/d/WORK/96/flow_tap/benchmark/cases_hubump/xerox8_m.json,0,/mnt/d/WORK/96/flow_tap/LayoutGenModel/logs/output/cases_hubump/selected-wsweep-xerox8_m-t30-w0p02-newsweep_20260918/seed_1056634028/legalized/10_xerox8_m_placement_legal_report.json
xerox8_m_t30-w0p02_seed1486441653.json,xerox8_m,1486441653,30,0.02,/mnt/d/WORK/96/flow_tap/LayoutGenModel/logs/output/cases_hubump/selected-wsweep-xerox8_m-t30-w0p02-newsweep_20260918/seed_1486441653/legalized/10_xerox8_m_placement_legal.json,/mnt/d/WORK/96/flow_tap/benchmark/cases_hubump/xerox8_m.json,0,/mnt/d/WORK/96/flow_tap/LayoutGenModel/logs/output/cases_hubump/selected-wsweep-xerox8_m-t30-w0p02-newsweep_20260918/seed_1486441653/legalized/10_xerox8_m_placement_legal_report.json
xerox8_m_t100-w0_seed946615675.json,xerox8_m,946615675,100,0,/mnt/d/WORK/96/flow_tap/LayoutGenModel/logs/output/cases_hubump/selected-wsweep-xerox8_m-t100-w0-newsweep_20260918/seed_946615675/legalized/10_xerox8_m_placement_legal.json,/mnt/d/WORK/96/flow_tap/benchmark/cases_hubump/xerox8_m.json,0,/mnt/d/WORK/96/flow_tap/LayoutGenModel/logs/output/cases_hubump/selected-wsweep-xerox8_m-t100-w0-newsweep_20260918/seed_946615675/legalized/10_xerox8_m_placement_legal_report.json
xerox8_m_t100-w0_seed1056634028.json,xerox8_m,1056634028,100,0,/mnt/d/WORK/96/flow_tap/LayoutGenModel/logs/output/cases_hubump/selected-wsweep-xerox8_m-t100-w0-newsweep_20260918/seed_1056634028/legalized/10_xerox8_m_placement_legal.json,/mnt/d/WORK/96/flow_tap/benchmark/cases_hubump/xerox8_m.json,0,/mnt/d/WORK/96/flow_tap/LayoutGenModel/logs/output/cases_hubump/selected-wsweep-xerox8_m-t100-w0-newsweep_20260918/seed_1056634028/legalized/10_xerox8_m_placement_legal_report.json
xerox8_m_t100-w0_seed1486441653.json,xerox8_m,1486441653,100,0,/mnt/d/WORK/96/flow_tap/LayoutGenModel/logs/output/cases_hubump/selected-wsweep-xerox8_m-t100-w0-newsweep_20260918/seed_1486441653/legalized/10_xerox8_m_placement_legal.json,/mnt/d/WORK/96/flow_tap/benchmark/cases_hubump/xerox8_m.json,0,/mnt/d/WORK/96/flow_tap/LayoutGenModel/logs/output/cases_hubump/selected-wsweep-xerox8_m-t100-w0-newsweep_20260918/seed_1486441653/legalized/10_xerox8_m_placement_legal_report.json
xerox8_m_t3-w2_seed946615675.json,xerox8_m,946615675,3,2,/mnt/d/WORK/96/flow_tap/LayoutGenModel/logs/output/cases_hubump/selected-wsweep-xerox8_m-t3-w2-newsweep_20260918/seed_946615675/legalized/10_xerox8_m_placement_legal.json,/mnt/d/WORK/96/flow_tap/benchmark/cases_hubump/xerox8_m.json,0,/mnt/d/WORK/96/flow_tap/LayoutGenModel/logs/output/cases_hubump/selected-wsweep-xerox8_m-t3-w2-newsweep_20260918/seed_946615675/legalized/10_xerox8_m_placement_legal_report.json
xerox8_m_t3-w2_seed1056634028.json,xerox8_m,1056634028,3,2,/mnt/d/WORK/96/flow_tap/LayoutGenModel/logs/output/cases_hubump/selected-wsweep-xerox8_m-t3-w2-newsweep_20260918/seed_1056634028/legalized/10_xerox8_m_placement_legal.json,/mnt/d/WORK/96/flow_tap/benchmark/cases_hubump/xerox8_m.json,0,/mnt/d/WORK/96/flow_tap/LayoutGenModel/logs/output/cases_hubump/selected-wsweep-xerox8_m-t3-w2-newsweep_20260918/seed_1056634028/legalized/10_xerox8_m_placement_legal_report.json
xerox8_m_t3-w2_seed1486441653.json,xerox8_m,1486441653,3,2,/mnt/d/WORK/96/flow_tap/LayoutGenModel/logs/output/cases_hubump/selected-wsweep-xerox8_m-t3-w2-newsweep_20260918/seed_1486441653/legalized/10_xerox8_m_placement_legal.json,/mnt/d/WORK/96/flow_tap/benchmark/cases_hubump/xerox8_m.json,0,/mnt/d/WORK/96/flow_tap/LayoutGenModel/logs/output/cases_hubump/selected-wsweep-xerox8_m-t3-w2-newsweep_20260918/seed_1486441653/legalized/10_xerox8_m_placement_legal_report.json
xerox8_m_t100-w0p2_seed946615675.json,xerox8_m,946615675,100,0.2,/mnt/d/WORK/96/flow_tap/LayoutGenModel/logs/output/cases_hubump/selected-wsweep-xerox8_m-t100-w0p2-newsweep_20260918/seed_946615675/legalized/10_xerox8_m_placement_legal.json,/mnt/d/WORK/96/flow_tap/benchmark/cases_hubump/xerox8_m.json,0,/mnt/d/WORK/96/flow_tap/LayoutGenModel/logs/output/cases_hubump/selected-wsweep-xerox8_m-t100-w0p2-newsweep_20260918/seed_946615675/legalized/10_xerox8_m_placement_legal_report.json
xerox8_m_t100-w0p2_seed1056634028.json,xerox8_m,1056634028,100,0.2,/mnt/d/WORK/96/flow_tap/LayoutGenModel/logs/output/cases_hubump/selected-wsweep-xerox8_m-t100-w0p2-newsweep_20260918/seed_1056634028/legalized/10_xerox8_m_placement_legal.json,/mnt/d/WORK/96/flow_tap/benchmark/cases_hubump/xerox8_m.json,0,/mnt/d/WORK/96/flow_tap/LayoutGenModel/logs/output/cases_hubump/selected-wsweep-xerox8_m-t100-w0p2-newsweep_20260918/seed_1056634028/legalized/10_xerox8_m_placement_legal_report.json
xerox8_m_t100-w0p2_seed1486441653.json,xerox8_m,1486441653,100,0.2,/mnt/d/WORK/96/flow_tap/LayoutGenModel/logs/output/cases_hubump/selected-wsweep-xerox8_m-t100-w0p2-newsweep_20260918/seed_1486441653/legalized/10_xerox8_m_placement_legal.json,/mnt/d/WORK/96/flow_tap/benchmark/cases_hubump/xerox8_m.json,0,/mnt/d/WORK/96/flow_tap/LayoutGenModel/logs/output/cases_hubump/selected-wsweep-xerox8_m-t100-w0p2-newsweep_20260918/seed_1486441653/legalized/10_xerox8_m_placement_legal_report.json
xerox8_m_t0p01-w2_seed946615675.json,xerox8_m,946615675,0.01,2,/mnt/d/WORK/96/flow_tap/LayoutGenModel/logs/output/cases_hubump/selected-wsweep-xerox8_m-t0p01-w2-newsweep_20260918/seed_946615675/legalized/10_xerox8_m_placement_legal.json,/mnt/d/WORK/96/flow_tap/benchmark/cases_hubump/xerox8_m.json,0,/mnt/d/WORK/96/flow_tap/LayoutGenModel/logs/output/cases_hubump/selected-wsweep-xerox8_m-t0p01-w2-newsweep_20260918/seed_946615675/legalized/10_xerox8_m_placement_legal_report.json
xerox8_m_t0p01-w2_seed1056634028.json,xerox8_m,1056634028,0.01,2,/mnt/d/WORK/96/flow_tap/LayoutGenModel/logs/output/cases_hubump/selected-wsweep-xerox8_m-t0p01-w2-newsweep_20260918/seed_1056634028/legalized/10_xerox8_m_placement_legal.json,/mnt/d/WORK/96/flow_tap/benchmark/cases_hubump/xerox8_m.json,0,/mnt/d/WORK/96/flow_tap/LayoutGenModel/logs/output/cases_hubump/selected-wsweep-xerox8_m-t0p01-w2-newsweep_20260918/seed_1056634028/legalized/10_xerox8_m_placement_legal_report.json
xerox8_m_t0p01-w2_seed1486441653.json,xerox8_m,1486441653,0.01,2,/mnt/d/WORK/96/flow_tap/LayoutGenModel/logs/output/cases_hubump/selected-wsweep-xerox8_m-t0p01-w2-newsweep_20260918/seed_1486441653/legalized/10_xerox8_m_placement_legal.json,/mnt/d/WORK/96/flow_tap/benchmark/cases_hubump/xerox8_m.json,0,/mnt/d/WORK/96/flow_tap/LayoutGenModel/logs/output/cases_hubump/selected-wsweep-xerox8_m-t0p01-w2-newsweep_20260918/seed_1486441653/legalized/10_xerox8_m_placement_legal_report.json
xerox8_m_t0p3-w0p2_seed946615675.json,xerox8_m,946615675,0.3,0.2,/mnt/d/WORK/96/flow_tap/LayoutGenModel/logs/output/cases_hubump/selected-wsweep-xerox8_m-t0p3-w0p2-newsweep_20260918/seed_946615675/legalized/10_xerox8_m_placement_legal.json,/mnt/d/WORK/96/flow_tap/benchmark/cases_hubump/xerox8_m.json,0,/mnt/d/WORK/96/flow_tap/LayoutGenModel/logs/output/cases_hubump/selected-wsweep-xerox8_m-t0p3-w0p2-newsweep_20260918/seed_946615675/legalized/10_xerox8_m_placement_legal_report.json
xerox8_m_t0p3-w0p2_seed1056634028.json,xerox8_m,1056634028,0.3,0.2,/mnt/d/WORK/96/flow_tap/LayoutGenModel/logs/output/cases_hubump/selected-wsweep-xerox8_m-t0p3-w0p2-newsweep_20260918/seed_1056634028/legalized/10_xerox8_m_placement_legal.json,/mnt/d/WORK/96/flow_tap/benchmark/cases_hubump/xerox8_m.json,0,/mnt/d/WORK/96/flow_tap/LayoutGenModel/logs/output/cases_hubump/selected-wsweep-xerox8_m-t0p3-w0p2-newsweep_20260918/seed_1056634028/legalized/10_xerox8_m_placement_legal_report.json
xerox8_m_t0p3-w0p2_seed1486441653.json,xerox8_m,1486441653,0.3,0.2,/mnt/d/WORK/96/flow_tap/LayoutGenModel/logs/output/cases_hubump/selected-wsweep-xerox8_m-t0p3-w0p2-newsweep_20260918/seed_1486441653/legalized/10_xerox8_m_placement_legal.json,/mnt/d/WORK/96/flow_tap/benchmark/cases_hubump/xerox8_m.json,0,/mnt/d/WORK/96/flow_tap/LayoutGenModel/logs/output/cases_hubump/selected-wsweep-xerox8_m-t0p3-w0p2-newsweep_20260918/seed_1486441653/legalized/10_xerox8_m_placement_legal_report.json
hp6_m_t0-w0_seed946615675.json,hp6_m,946615675,0,0,/mnt/d/WORK/96/flow_tap/LayoutGenModel/logs/output/cases_hubump/selected-wsweep-hp6_m-t0-w0-newsweep_20260918/seed_946615675/legalized/03_hp6_m_placement_legal.json,/mnt/d/WORK/96/flow_tap/benchmark/cases_hubump/hp6_m.json,0,/mnt/d/WORK/96/flow_tap/LayoutGenModel/logs/output/cases_hubump/selected-wsweep-hp6_m-t0-w0-newsweep_20260918/seed_946615675/legalized/03_hp6_m_placement_legal_report.json
hp6_m_t0-w0_seed1056634028.json,hp6_m,1056634028,0,0,/mnt/d/WORK/96/flow_tap/LayoutGenModel/logs/output/cases_hubump/selected-wsweep-hp6_m-t0-w0-newsweep_20260918/seed_1056634028/legalized/03_hp6_m_placement_legal.json,/mnt/d/WORK/96/flow_tap/benchmark/cases_hubump/hp6_m.json,0,/mnt/d/WORK/96/flow_tap/LayoutGenModel/logs/output/cases_hubump/selected-wsweep-hp6_m-t0-w0-newsweep_20260918/seed_1056634028/legalized/03_hp6_m_placement_legal_report.json
hp6_m_t0-w0_seed1486441653.json,hp6_m,1486441653,0,0,/mnt/d/WORK/96/flow_tap/LayoutGenModel/logs/output/cases_hubump/selected-wsweep-hp6_m-t0-w0-newsweep_20260918/seed_1486441653/legalized/03_hp6_m_placement_legal.json,/mnt/d/WORK/96/flow_tap/benchmark/cases_hubump/hp6_m.json,0,/mnt/d/WORK/96/flow_tap/LayoutGenModel/logs/output/cases_hubump/selected-wsweep-hp6_m-t0-w0-newsweep_20260918/seed_1486441653/legalized/03_hp6_m_placement_legal_report.json
hp6_m_t0-w0p02_seed946615675.json,hp6_m,946615675,0,0.02,/mnt/d/WORK/96/flow_tap/LayoutGenModel/logs/output/cases_hubump/selected-wsweep-hp6_m-t0-w0p02-newsweep_20260918/seed_946615675/legalized/03_hp6_m_placement_legal.json,/mnt/d/WORK/96/flow_tap/benchmark/cases_hubump/hp6_m.json,0,/mnt/d/WORK/96/flow_tap/LayoutGenModel/logs/output/cases_hubump/selected-wsweep-hp6_m-t0-w0p02-newsweep_20260918/seed_946615675/legalized/03_hp6_m_placement_legal_report.json
hp6_m_t0-w0p02_seed1056634028.json,hp6_m,1056634028,0,0.02,/mnt/d/WORK/96/flow_tap/LayoutGenModel/logs/output/cases_hubump/selected-wsweep-hp6_m-t0-w0p02-newsweep_20260918/seed_1056634028/legalized/03_hp6_m_placement_legal.json,/mnt/d/WORK/96/flow_tap/benchmark/cases_hubump/hp6_m.json,0,/mnt/d/WORK/96/flow_tap/LayoutGenModel/logs/output/cases_hubump/selected-wsweep-hp6_m-t0-w0p02-newsweep_20260918/seed_1056634028/legalized/03_hp6_m_placement_legal_report.json
hp6_m_t0-w0p02_seed1486441653.json,hp6_m,1486441653,0,0.02,/mnt/d/WORK/96/flow_tap/LayoutGenModel/logs/output/cases_hubump/selected-wsweep-hp6_m-t0-w0p02-newsweep_20260918/seed_1486441653/legalized/03_hp6_m_placement_legal.json,/mnt/d/WORK/96/flow_tap/benchmark/cases_hubump/hp6_m.json,0,/mnt/d/WORK/96/flow_tap/LayoutGenModel/logs/output/cases_hubump/selected-wsweep-hp6_m-t0-w0p02-newsweep_20260918/seed_1486441653/legalized/03_hp6_m_placement_legal_report.json
hp6_m_t0-w0p2_seed946615675.json,hp6_m,946615675,0,0.2,/mnt/d/WORK/96/flow_tap/LayoutGenModel/logs/output/cases_hubump/selected-wsweep-hp6_m-t0-w0p2-newsweep_20260918/seed_946615675/legalized/03_hp6_m_placement_legal.json,/mnt/d/WORK/96/flow_tap/benchmark/cases_hubump/hp6_m.json,0,/mnt/d/WORK/96/flow_tap/LayoutGenModel/logs/output/cases_hubump/selected-wsweep-hp6_m-t0-w0p2-newsweep_20260918/seed_946615675/legalized/03_hp6_m_placement_legal_report.json
hp6_m_t0-w0p2_seed1056634028.json,hp6_m,1056634028,0,0.2,/mnt/d/WORK/96/flow_tap/LayoutGenModel/logs/output/cases_hubump/selected-wsweep-hp6_m-t0-w0p2-newsweep_20260918/seed_1056634028/legalized/03_hp6_m_placement_legal.json,/mnt/d/WORK/96/flow_tap/benchmark/cases_hubump/hp6_m.json,0,/mnt/d/WORK/96/flow_tap/LayoutGenModel/logs/output/cases_hubump/selected-wsweep-hp6_m-t0-w0p2-newsweep_20260918/seed_1056634028/legalized/03_hp6_m_placement_legal_report.json
hp6_m_t0-w0p2_seed1486441653.json,hp6_m,1486441653,0,0.2,/mnt/d/WORK/96/flow_tap/LayoutGenModel/logs/output/cases_hubump/selected-wsweep-hp6_m-t0-w0p2-newsweep_20260918/seed_1486441653/legalized/03_hp6_m_placement_legal.json,/mnt/d/WORK/96/flow_tap/benchmark/cases_hubump/hp6_m.json,0,/mnt/d/WORK/96/flow_tap/LayoutGenModel/logs/output/cases_hubump/selected-wsweep-hp6_m-t0-w0p2-newsweep_20260918/seed_1486441653/legalized/03_hp6_m_placement_legal_report.json
hp6_m_t0-w2_seed946615675.json,hp6_m,946615675,0,2,/mnt/d/WORK/96/flow_tap/LayoutGenModel/logs/output/cases_hubump/selected-wsweep-hp6_m-t0-w2-newsweep_20260918/seed_946615675/legalized/03_hp6_m_placement_legal.json,/mnt/d/WORK/96/flow_tap/benchmark/cases_hubump/hp6_m.json,0,/mnt/d/WORK/96/flow_tap/LayoutGenModel/logs/output/cases_hubump/selected-wsweep-hp6_m-t0-w2-newsweep_20260918/seed_946615675/legalized/03_hp6_m_placement_legal_report.json
hp6_m_t0-w2_seed1056634028.json,hp6_m,1056634028,0,2,/mnt/d/WORK/96/flow_tap/LayoutGenModel/logs/output/cases_hubump/selected-wsweep-hp6_m-t0-w2-newsweep_20260918/seed_1056634028/legalized/03_hp6_m_placement_legal.json,/mnt/d/WORK/96/flow_tap/benchmark/cases_hubump/hp6_m.json,0,/mnt/d/WORK/96/flow_tap/LayoutGenModel/logs/output/cases_hubump/selected-wsweep-hp6_m-t0-w2-newsweep_20260918/seed_1056634028/legalized/03_hp6_m_placement_legal_report.json
hp6_m_t0-w2_seed1486441653.json,hp6_m,1486441653,0,2,/mnt/d/WORK/96/flow_tap/LayoutGenModel/logs/output/cases_hubump/selected-wsweep-hp6_m-t0-w2-newsweep_20260918/seed_1486441653/legalized/03_hp6_m_placement_legal.json,/mnt/d/WORK/96/flow_tap/benchmark/cases_hubump/hp6_m.json,0,/mnt/d/WORK/96/flow_tap/LayoutGenModel/logs/output/cases_hubump/selected-wsweep-hp6_m-t0-w2-newsweep_20260918/seed_1486441653/legalized/03_hp6_m_placement_legal_report.json
hp6_m_t0-w50_seed946615675.json,hp6_m,946615675,0,50,/mnt/d/WORK/96/flow_tap/LayoutGenModel/logs/output/cases_hubump/selected-wsweep-hp6_m-t0-w50-newsweep_20260918/seed_946615675/legalized/03_hp6_m_placement_legal.json,/mnt/d/WORK/96/flow_tap/benchmark/cases_hubump/hp6_m.json,0,/mnt/d/WORK/96/flow_tap/LayoutGenModel/logs/output/cases_hubump/selected-wsweep-hp6_m-t0-w50-newsweep_20260918/seed_946615675/legalized/03_hp6_m_placement_legal_report.json
hp6_m_t0-w50_seed1056634028.json,hp6_m,1056634028,0,50,/mnt/d/WORK/96/flow_tap/LayoutGenModel/logs/output/cases_hubump/selected-wsweep-hp6_m-t0-w50-newsweep_20260918/seed_1056634028/legalized/03_hp6_m_placement_legal.json,/mnt/d/WORK/96/flow_tap/benchmark/cases_hubump/hp6_m.json,0,/mnt/d/WORK/96/flow_tap/LayoutGenModel/logs/output/cases_hubump/selected-wsweep-hp6_m-t0-w50-newsweep_20260918/seed_1056634028/legalized/03_hp6_m_placement_legal_report.json
hp6_m_t0-w50_seed1486441653.json,hp6_m,1486441653,0,50,/mnt/d/WORK/96/flow_tap/LayoutGenModel/logs/output/cases_hubump/selected-wsweep-hp6_m-t0-w50-newsweep_20260918/seed_1486441653/legalized/03_hp6_m_placement_legal.json,/mnt/d/WORK/96/flow_tap/benchmark/cases_hubump/hp6_m.json,0,/mnt/d/WORK/96/flow_tap/LayoutGenModel/logs/output/cases_hubump/selected-wsweep-hp6_m-t0-w50-newsweep_20260918/seed_1486441653/legalized/03_hp6_m_placement_legal_report.json
hp6_m_t0p01-w0_seed946615675.json,hp6_m,946615675,0.01,0,/mnt/d/WORK/96/flow_tap/LayoutGenModel/logs/output/cases_hubump/selected-wsweep-hp6_m-t0p01-w0-newsweep_20260918/seed_946615675/legalized/03_hp6_m_placement_legal.json,/mnt/d/WORK/96/flow_tap/benchmark/cases_hubump/hp6_m.json,0,/mnt/d/WORK/96/flow_tap/LayoutGenModel/logs/output/cases_hubump/selected-wsweep-hp6_m-t0p01-w0-newsweep_20260918/seed_946615675/legalized/03_hp6_m_placement_legal_report.json
hp6_m_t0p01-w0_seed1056634028.json,hp6_m,1056634028,0.01,0,/mnt/d/WORK/96/flow_tap/LayoutGenModel/logs/output/cases_hubump/selected-wsweep-hp6_m-t0p01-w0-newsweep_20260918/seed_1056634028/legalized/03_hp6_m_placement_legal.json,/mnt/d/WORK/96/flow_tap/benchmark/cases_hubump/hp6_m.json,0,/mnt/d/WORK/96/flow_tap/LayoutGenModel/logs/output/cases_hubump/selected-wsweep-hp6_m-t0p01-w0-newsweep_20260918/seed_1056634028/legalized/03_hp6_m_placement_legal_report.json
hp6_m_t0p01-w0_seed1486441653.json,hp6_m,1486441653,0.01,0,/mnt/d/WORK/96/flow_tap/LayoutGenModel/logs/output/cases_hubump/selected-wsweep-hp6_m-t0p01-w0-newsweep_20260918/seed_1486441653/legalized/03_hp6_m_placement_legal.json,/mnt/d/WORK/96/flow_tap/benchmark/cases_hubump/hp6_m.json,0,/mnt/d/WORK/96/flow_tap/LayoutGenModel/logs/output/cases_hubump/selected-wsweep-hp6_m-t0p01-w0-newsweep_20260918/seed_1486441653/legalized/03_hp6_m_placement_legal_report.json
hp6_m_t0p01-w0p02_seed946615675.json,hp6_m,946615675,0.01,0.02,/mnt/d/WORK/96/flow_tap/LayoutGenModel/logs/output/cases_hubump/selected-wsweep-hp6_m-t0p01-w0p02-newsweep_20260918/seed_946615675/legalized/03_hp6_m_placement_legal.json,/mnt/d/WORK/96/flow_tap/benchmark/cases_hubump/hp6_m.json,0,/mnt/d/WORK/96/flow_tap/LayoutGenModel/logs/output/cases_hubump/selected-wsweep-hp6_m-t0p01-w0p02-newsweep_20260918/seed_946615675/legalized/03_hp6_m_placement_legal_report.json
hp6_m_t0p01-w0p02_seed1056634028.json,hp6_m,1056634028,0.01,0.02,/mnt/d/WORK/96/flow_tap/LayoutGenModel/logs/output/cases_hubump/selected-wsweep-hp6_m-t0p01-w0p02-newsweep_20260918/seed_1056634028/legalized/03_hp6_m_placement_legal.json,/mnt/d/WORK/96/flow_tap/benchmark/cases_hubump/hp6_m.json,0,/mnt/d/WORK/96/flow_tap/LayoutGenModel/logs/output/cases_hubump/selected-wsweep-hp6_m-t0p01-w0p02-newsweep_20260918/seed_1056634028/legalized/03_hp6_m_placement_legal_report.json
hp6_m_t0p01-w0p02_seed1486441653.json,hp6_m,1486441653,0.01,0.02,/mnt/d/WORK/96/flow_tap/LayoutGenModel/logs/output/cases_hubump/selected-wsweep-hp6_m-t0p01-w0p02-newsweep_20260918/seed_1486441653/legalized/03_hp6_m_placement_legal.json,/mnt/d/WORK/96/flow_tap/benchmark/cases_hubump/hp6_m.json,0,/mnt/d/WORK/96/flow_tap/LayoutGenModel/logs/output/cases_hubump/selected-wsweep-hp6_m-t0p01-w0p02-newsweep_20260918/seed_1486441653/legalized/03_hp6_m_placement_legal_report.json
hp6_m_t0p01-w0p2_seed946615675.json,hp6_m,946615675,0.01,0.2,/mnt/d/WORK/96/flow_tap/LayoutGenModel/logs/output/cases_hubump/selected-wsweep-hp6_m-t0p01-w0p2-newsweep_20260918/seed_946615675/legalized/03_hp6_m_placement_legal.json,/mnt/d/WORK/96/flow_tap/benchmark/cases_hubump/hp6_m.json,0,/mnt/d/WORK/96/flow_tap/LayoutGenModel/logs/output/cases_hubump/selected-wsweep-hp6_m-t0p01-w0p2-newsweep_20260918/seed_946615675/legalized/03_hp6_m_placement_legal_report.json
hp6_m_t0p01-w0p2_seed1056634028.json,hp6_m,1056634028,0.01,0.2,/mnt/d/WORK/96/flow_tap/LayoutGenModel/logs/output/cases_hubump/selected-wsweep-hp6_m-t0p01-w0p2-newsweep_20260918/seed_1056634028/legalized/03_hp6_m_placement_legal.json,/mnt/d/WORK/96/flow_tap/benchmark/cases_hubump/hp6_m.json,0,/mnt/d/WORK/96/flow_tap/LayoutGenModel/logs/output/cases_hubump/selected-wsweep-hp6_m-t0p01-w0p2-newsweep_20260918/seed_1056634028/legalized/03_hp6_m_placement_legal_report.json
hp6_m_t0p01-w0p2_seed1486441653.json,hp6_m,1486441653,0.01,0.2,/mnt/d/WORK/96/flow_tap/LayoutGenModel/logs/output/cases_hubump/selected-wsweep-hp6_m-t0p01-w0p2-newsweep_20260918/seed_1486441653/legalized/03_hp6_m_placement_legal.json,/mnt/d/WORK/96/flow_tap/benchmark/cases_hubump/hp6_m.json,0,/mnt/d/WORK/96/flow_tap/LayoutGenModel/logs/output/cases_hubump/selected-wsweep-hp6_m-t0p01-w0p2-newsweep_20260918/seed_1486441653/legalized/03_hp6_m_placement_legal_report.json
hp6_m_t0p01-w2_seed946615675.json,hp6_m,946615675,0.01,2,/mnt/d/WORK/96/flow_tap/LayoutGenModel/logs/output/cases_hubump/selected-wsweep-hp6_m-t0p01-w2-newsweep_20260918/seed_946615675/legalized/03_hp6_m_placement_legal.json,/mnt/d/WORK/96/flow_tap/benchmark/cases_hubump/hp6_m.json,0,/mnt/d/WORK/96/flow_tap/LayoutGenModel/logs/output/cases_hubump/selected-wsweep-hp6_m-t0p01-w2-newsweep_20260918/seed_946615675/legalized/03_hp6_m_placement_legal_report.json
hp6_m_t0p01-w2_seed1056634028.json,hp6_m,1056634028,0.01,2,/mnt/d/WORK/96/flow_tap/LayoutGenModel/logs/output/cases_hubump/selected-wsweep-hp6_m-t0p01-w2-newsweep_20260918/seed_1056634028/legalized/03_hp6_m_placement_legal.json,/mnt/d/WORK/96/flow_tap/benchmark/cases_hubump/hp6_m.json,0,/mnt/d/WORK/96/flow_tap/LayoutGenModel/logs/output/cases_hubump/selected-wsweep-hp6_m-t0p01-w2-newsweep_20260918/seed_1056634028/legalized/03_hp6_m_placement_legal_report.json
hp6_m_t0p01-w2_seed1486441653.json,hp6_m,1486441653,0.01,2,/mnt/d/WORK/96/flow_tap/LayoutGenModel/logs/output/cases_hubump/selected-wsweep-hp6_m-t0p01-w2-newsweep_20260918/seed_1486441653/legalized/03_hp6_m_placement_legal.json,/mnt/d/WORK/96/flow_tap/benchmark/cases_hubump/hp6_m.json,0,/mnt/d/WORK/96/flow_tap/LayoutGenModel/logs/output/cases_hubump/selected-wsweep-hp6_m-t0p01-w2-newsweep_20260918/seed_1486441653/legalized/03_hp6_m_placement_legal_report.json
hp6_m_t0p01-w50_seed946615675.json,hp6_m,946615675,0.01,50,/mnt/d/WORK/96/flow_tap/LayoutGenModel/logs/output/cases_hubump/selected-wsweep-hp6_m-t0p01-w50-newsweep_20260918/seed_946615675/legalized/03_hp6_m_placement_legal.json,/mnt/d/WORK/96/flow_tap/benchmark/cases_hubump/hp6_m.json,0,/mnt/d/WORK/96/flow_tap/LayoutGenModel/logs/output/cases_hubump/selected-wsweep-hp6_m-t0p01-w50-newsweep_20260918/seed_946615675/legalized/03_hp6_m_placement_legal_report.json
hp6_m_t0p01-w50_seed1056634028.json,hp6_m,1056634028,0.01,50,/mnt/d/WORK/96/flow_tap/LayoutGenModel/logs/output/cases_hubump/selected-wsweep-hp6_m-t0p01-w50-newsweep_20260918/seed_1056634028/legalized/03_hp6_m_placement_legal.json,/mnt/d/WORK/96/flow_tap/benchmark/cases_hubump/hp6_m.json,0,/mnt/d/WORK/96/flow_tap/LayoutGenModel/logs/output/cases_hubump/selected-wsweep-hp6_m-t0p01-w50-newsweep_20260918/seed_1056634028/legalized/03_hp6_m_placement_legal_report.json
hp6_m_t0p01-w50_seed1486441653.json,hp6_m,1486441653,0.01,50,/mnt/d/WORK/96/flow_tap/LayoutGenModel/logs/output/cases_hubump/selected-wsweep-hp6_m-t0p01-w50-newsweep_20260918/seed_1486441653/legalized/03_hp6_m_placement_legal.json,/mnt/d/WORK/96/flow_tap/benchmark/cases_hubump/hp6_m.json,0,/mnt/d/WORK/96/flow_tap/LayoutGenModel/logs/output/cases_hubump/selected-wsweep-hp6_m-t0p01-w50-newsweep_20260918/seed_1486441653/legalized/03_hp6_m_placement_legal_report.json
hp6_m_t0p03-w0_seed946615675.json,hp6_m,946615675,0.03,0,/mnt/d/WORK/96/flow_tap/LayoutGenModel/logs/output/cases_hubump/selected-wsweep-hp6_m-t0p03-w0-newsweep_20260918/seed_946615675/legalized/03_hp6_m_placement_legal.json,/mnt/d/WORK/96/flow_tap/benchmark/cases_hubump/hp6_m.json,0,/mnt/d/WORK/96/flow_tap/LayoutGenModel/logs/output/cases_hubump/selected-wsweep-hp6_m-t0p03-w0-newsweep_20260918/seed_946615675/legalized/03_hp6_m_placement_legal_report.json
hp6_m_t0p03-w0_seed1056634028.json,hp6_m,1056634028,0.03,0,/mnt/d/WORK/96/flow_tap/LayoutGenModel/logs/output/cases_hubump/selected-wsweep-hp6_m-t0p03-w0-newsweep_20260918/seed_1056634028/legalized/03_hp6_m_placement_legal.json,/mnt/d/WORK/96/flow_tap/benchmark/cases_hubump/hp6_m.json,0,/mnt/d/WORK/96/flow_tap/LayoutGenModel/logs/output/cases_hubump/selected-wsweep-hp6_m-t0p03-w0-newsweep_20260918/seed_1056634028/legalized/03_hp6_m_placement_legal_report.json
hp6_m_t0p03-w0_seed1486441653.json,hp6_m,1486441653,0.03,0,/mnt/d/WORK/96/flow_tap/LayoutGenModel/logs/output/cases_hubump/selected-wsweep-hp6_m-t0p03-w0-newsweep_20260918/seed_1486441653/legalized/03_hp6_m_placement_legal.json,/mnt/d/WORK/96/flow_tap/benchmark/cases_hubump/hp6_m.json,0,/mnt/d/WORK/96/flow_tap/LayoutGenModel/logs/output/cases_hubump/selected-wsweep-hp6_m-t0p03-w0-newsweep_20260918/seed_1486441653/legalized/03_hp6_m_placement_legal_report.json
hp6_m_t0p03-w0p02_seed946615675.json,hp6_m,946615675,0.03,0.02,/mnt/d/WORK/96/flow_tap/LayoutGenModel/logs/output/cases_hubump/selected-wsweep-hp6_m-t0p03-w0p02-newsweep_20260918/seed_946615675/legalized/03_hp6_m_placement_legal.json,/mnt/d/WORK/96/flow_tap/benchmark/cases_hubump/hp6_m.json,0,/mnt/d/WORK/96/flow_tap/LayoutGenModel/logs/output/cases_hubump/selected-wsweep-hp6_m-t0p03-w0p02-newsweep_20260918/seed_946615675/legalized/03_hp6_m_placement_legal_report.json
hp6_m_t0p03-w0p02_seed1056634028.json,hp6_m,1056634028,0.03,0.02,/mnt/d/WORK/96/flow_tap/LayoutGenModel/logs/output/cases_hubump/selected-wsweep-hp6_m-t0p03-w0p02-newsweep_20260918/seed_1056634028/legalized/03_hp6_m_placement_legal.json,/mnt/d/WORK/96/flow_tap/benchmark/cases_hubump/hp6_m.json,0,/mnt/d/WORK/96/flow_tap/LayoutGenModel/logs/output/cases_hubump/selected-wsweep-hp6_m-t0p03-w0p02-newsweep_20260918/seed_1056634028/legalized/03_hp6_m_placement_legal_report.json
hp6_m_t0p03-w0p02_seed1486441653.json,hp6_m,1486441653,0.03,0.02,/mnt/d/WORK/96/flow_tap/LayoutGenModel/logs/output/cases_hubump/selected-wsweep-hp6_m-t0p03-w0p02-newsweep_20260918/seed_1486441653/legalized/03_hp6_m_placement_legal.json,/mnt/d/WORK/96/flow_tap/benchmark/cases_hubump/hp6_m.json,0,/mnt/d/WORK/96/flow_tap/LayoutGenModel/logs/output/cases_hubump/selected-wsweep-hp6_m-t0p03-w0p02-newsweep_20260918/seed_1486441653/legalized/03_hp6_m_placement_legal_report.json
hp6_m_t0p03-w0p2_seed946615675.json,hp6_m,946615675,0.03,0.2,/mnt/d/WORK/96/flow_tap/LayoutGenModel/logs/output/cases_hubump/selected-wsweep-hp6_m-t0p03-w0p2-newsweep_20260918/seed_946615675/legalized/03_hp6_m_placement_legal.json,/mnt/d/WORK/96/flow_tap/benchmark/cases_hubump/hp6_m.json,0,/mnt/d/WORK/96/flow_tap/LayoutGenModel/logs/output/cases_hubump/selected-wsweep-hp6_m-t0p03-w0p2-newsweep_20260918/seed_946615675/legalized/03_hp6_m_placement_legal_report.json
hp6_m_t0p03-w0p2_seed1056634028.json,hp6_m,1056634028,0.03,0.2,/mnt/d/WORK/96/flow_tap/LayoutGenModel/logs/output/cases_hubump/selected-wsweep-hp6_m-t0p03-w0p2-newsweep_20260918/seed_1056634028/legalized/03_hp6_m_placement_legal.json,/mnt/d/WORK/96/flow_tap/benchmark/cases_hubump/hp6_m.json,0,/mnt/d/WORK/96/flow_tap/LayoutGenModel/logs/output/cases_hubump/selected-wsweep-hp6_m-t0p03-w0p2-newsweep_20260918/seed_1056634028/legalized/03_hp6_m_placement_legal_report.json
hp6_m_t0p03-w0p2_seed1486441653.json,hp6_m,1486441653,0.03,0.2,/mnt/d/WORK/96/flow_tap/LayoutGenModel/logs/output/cases_hubump/selected-wsweep-hp6_m-t0p03-w0p2-newsweep_20260918/seed_1486441653/legalized/03_hp6_m_placement_legal.json,/mnt/d/WORK/96/flow_tap/benchmark/cases_hubump/hp6_m.json,0,/mnt/d/WORK/96/flow_tap/LayoutGenModel/logs/output/cases_hubump/selected-wsweep-hp6_m-t0p03-w0p2-newsweep_20260918/seed_1486441653/legalized/03_hp6_m_placement_legal_report.json
hp6_m_t0p03-w2_seed946615675.json,hp6_m,946615675,0.03,2,/mnt/d/WORK/96/flow_tap/LayoutGenModel/logs/output/cases_hubump/selected-wsweep-hp6_m-t0p03-w2-newsweep_20260918/seed_946615675/legalized/03_hp6_m_placement_legal.json,/mnt/d/WORK/96/flow_tap/benchmark/cases_hubump/hp6_m.json,0,/mnt/d/WORK/96/flow_tap/LayoutGenModel/logs/output/cases_hubump/selected-wsweep-hp6_m-t0p03-w2-newsweep_20260918/seed_946615675/legalized/03_hp6_m_placement_legal_report.json
hp6_m_t0p03-w2_seed1056634028.json,hp6_m,1056634028,0.03,2,/mnt/d/WORK/96/flow_tap/LayoutGenModel/logs/output/cases_hubump/selected-wsweep-hp6_m-t0p03-w2-newsweep_20260918/seed_1056634028/legalized/03_hp6_m_placement_legal.json,/mnt/d/WORK/96/flow_tap/benchmark/cases_hubump/hp6_m.json,0,/mnt/d/WORK/96/flow_tap/LayoutGenModel/logs/output/cases_hubump/selected-wsweep-hp6_m-t0p03-w2-newsweep_20260918/seed_1056634028/legalized/03_hp6_m_placement_legal_report.json
hp6_m_t0p03-w2_seed1486441653.json,hp6_m,1486441653,0.03,2,/mnt/d/WORK/96/flow_tap/LayoutGenModel/logs/output/cases_hubump/selected-wsweep-hp6_m-t0p03-w2-newsweep_20260918/seed_1486441653/legalized/03_hp6_m_placement_legal.json,/mnt/d/WORK/96/flow_tap/benchmark/cases_hubump/hp6_m.json,0,/mnt/d/WORK/96/flow_tap/LayoutGenModel/logs/output/cases_hubump/selected-wsweep-hp6_m-t0p03-w2-newsweep_20260918/seed_1486441653/legalized/03_hp6_m_placement_legal_report.json
hp6_m_t0p03-w50_seed946615675.json,hp6_m,946615675,0.03,50,/mnt/d/WORK/96/flow_tap/LayoutGenModel/logs/output/cases_hubump/selected-wsweep-hp6_m-t0p03-w50-newsweep_20260918/seed_946615675/legalized/03_hp6_m_placement_legal.json,/mnt/d/WORK/96/flow_tap/benchmark/cases_hubump/hp6_m.json,0,/mnt/d/WORK/96/flow_tap/LayoutGenModel/logs/output/cases_hubump/selected-wsweep-hp6_m-t0p03-w50-newsweep_20260918/seed_946615675/legalized/03_hp6_m_placement_legal_report.json
hp6_m_t0p03-w50_seed1056634028.json,hp6_m,1056634028,0.03,50,/mnt/d/WORK/96/flow_tap/LayoutGenModel/logs/output/cases_hubump/selected-wsweep-hp6_m-t0p03-w50-newsweep_20260918/seed_1056634028/legalized/03_hp6_m_placement_legal.json,/mnt/d/WORK/96/flow_tap/benchmark/cases_hubump/hp6_m.json,0,/mnt/d/WORK/96/flow_tap/LayoutGenModel/logs/output/cases_hubump/selected-wsweep-hp6_m-t0p03-w50-newsweep_20260918/seed_1056634028/legalized/03_hp6_m_placement_legal_report.json
hp6_m_t0p03-w50_seed1486441653.json,hp6_m,1486441653,0.03,50,/mnt/d/WORK/96/flow_tap/LayoutGenModel/logs/output/cases_hubump/selected-wsweep-hp6_m-t0p03-w50-newsweep_20260918/seed_1486441653/legalized/03_hp6_m_placement_legal.json,/mnt/d/WORK/96/flow_tap/benchmark/cases_hubump/hp6_m.json,0,/mnt/d/WORK/96/flow_tap/LayoutGenModel/logs/output/cases_hubump/selected-wsweep-hp6_m-t0p03-w50-newsweep_20260918/seed_1486441653/legalized/03_hp6_m_placement_legal_report.json
hp6_m_t0p1-w0_seed946615675.json,hp6_m,946615675,0.1,0,/mnt/d/WORK/96/flow_tap/LayoutGenModel/logs/output/cases_hubump/selected-wsweep-hp6_m-t0p1-w0-newsweep_20260918/seed_946615675/legalized/03_hp6_m_placement_legal.json,/mnt/d/WORK/96/flow_tap/benchmark/cases_hubump/hp6_m.json,0,/mnt/d/WORK/96/flow_tap/LayoutGenModel/logs/output/cases_hubump/selected-wsweep-hp6_m-t0p1-w0-newsweep_20260918/seed_946615675/legalized/03_hp6_m_placement_legal_report.json
hp6_m_t0p1-w0_seed1056634028.json,hp6_m,1056634028,0.1,0,/mnt/d/WORK/96/flow_tap/LayoutGenModel/logs/output/cases_hubump/selected-wsweep-hp6_m-t0p1-w0-newsweep_20260918/seed_1056634028/legalized/03_hp6_m_placement_legal.json,/mnt/d/WORK/96/flow_tap/benchmark/cases_hubump/hp6_m.json,0,/mnt/d/WORK/96/flow_tap/LayoutGenModel/logs/output/cases_hubump/selected-wsweep-hp6_m-t0p1-w0-newsweep_20260918/seed_1056634028/legalized/03_hp6_m_placement_legal_report.json
hp6_m_t0p1-w0p02_seed946615675.json,hp6_m,946615675,0.1,0.02,/mnt/d/WORK/96/flow_tap/LayoutGenModel/logs/output/cases_hubump/selected-wsweep-hp6_m-t0p1-w0p02-newsweep_20260918/seed_946615675/legalized/03_hp6_m_placement_legal.json,/mnt/d/WORK/96/flow_tap/benchmark/cases_hubump/hp6_m.json,0,/mnt/d/WORK/96/flow_tap/LayoutGenModel/logs/output/cases_hubump/selected-wsweep-hp6_m-t0p1-w0p02-newsweep_20260918/seed_946615675/legalized/03_hp6_m_placement_legal_report.json
hp6_m_t0p1-w0_seed1486441653.json,hp6_m,1486441653,0.1,0,/mnt/d/WORK/96/flow_tap/LayoutGenModel/logs/output/cases_hubump/selected-wsweep-hp6_m-t0p1-w0-newsweep_20260918/seed_1486441653/legalized/03_hp6_m_placement_legal.json,/mnt/d/WORK/96/flow_tap/benchmark/cases_hubump/hp6_m.json,0,/mnt/d/WORK/96/flow_tap/LayoutGenModel/logs/output/cases_hubump/selected-wsweep-hp6_m-t0p1-w0-newsweep_20260918/seed_1486441653/legalized/03_hp6_m_placement_legal_report.json
hp6_m_t0p1-w0p02_seed1056634028.json,hp6_m,1056634028,0.1,0.02,/mnt/d/WORK/96/flow_tap/LayoutGenModel/logs/output/cases_hubump/selected-wsweep-hp6_m-t0p1-w0p02-newsweep_20260918/seed_1056634028/legalized/03_hp6_m_placement_legal.json,/mnt/d/WORK/96/flow_tap/benchmark/cases_hubump/hp6_m.json,0,/mnt/d/WORK/96/flow_tap/LayoutGenModel/logs/output/cases_hubump/selected-wsweep-hp6_m-t0p1-w0p02-newsweep_20260918/seed_1056634028/legalized/03_hp6_m_placement_legal_report.json
hp6_m_t0p1-w0p2_seed946615675.json,hp6_m,946615675,0.1,0.2,/mnt/d/WORK/96/flow_tap/LayoutGenModel/logs/output/cases_hubump/selected-wsweep-hp6_m-t0p1-w0p2-newsweep_20260918/seed_946615675/legalized/03_hp6_m_placement_legal.json,/mnt/d/WORK/96/flow_tap/benchmark/cases_hubump/hp6_m.json,0,/mnt/d/WORK/96/flow_tap/LayoutGenModel/logs/output/cases_hubump/selected-wsweep-hp6_m-t0p1-w0p2-newsweep_20260918/seed_946615675/legalized/03_hp6_m_placement_legal_report.json
hp6_m_t0p1-w0p02_seed1486441653.json,hp6_m,1486441653,0.1,0.02,/mnt/d/WORK/96/flow_tap/LayoutGenModel/logs/output/cases_hubump/selected-wsweep-hp6_m-t0p1-w0p02-newsweep_20260918/seed_1486441653/legalized/03_hp6_m_placement_legal.json,/mnt/d/WORK/96/flow_tap/benchmark/cases_hubump/hp6_m.json,0,/mnt/d/WORK/96/flow_tap/LayoutGenModel/logs/output/cases_hubump/selected-wsweep-hp6_m-t0p1-w0p02-newsweep_20260918/seed_1486441653/legalized/03_hp6_m_placement_legal_report.json
hp6_m_t0p1-w0p2_seed1056634028.json,hp6_m,1056634028,0.1,0.2,/mnt/d/WORK/96/flow_tap/LayoutGenModel/logs/output/cases_hubump/selected-wsweep-hp6_m-t0p1-w0p2-newsweep_20260918/seed_1056634028/legalized/03_hp6_m_placement_legal.json,/mnt/d/WORK/96/flow_tap/benchmark/cases_hubump/hp6_m.json,0,/mnt/d/WORK/96/flow_tap/LayoutGenModel/logs/output/cases_hubump/selected-wsweep-hp6_m-t0p1-w0p2-newsweep_20260918/seed_1056634028/legalized/03_hp6_m_placement_legal_report.json
hp6_m_t0p1-w0p2_seed1486441653.json,hp6_m,1486441653,0.1,0.2,/mnt/d/WORK/96/flow_tap/LayoutGenModel/logs/output/cases_hubump/selected-wsweep-hp6_m-t0p1-w0p2-newsweep_20260918/seed_1486441653/legalized/03_hp6_m_placement_legal.json,/mnt/d/WORK/96/flow_tap/benchmark/cases_hubump/hp6_m.json,0,/mnt/d/WORK/96/flow_tap/LayoutGenModel/logs/output/cases_hubump/selected-wsweep-hp6_m-t0p1-w0p2-newsweep_20260918/seed_1486441653/legalized/03_hp6_m_placement_legal_report.json
hp6_m_t0p1-w2_seed946615675.json,hp6_m,946615675,0.1,2,/mnt/d/WORK/96/flow_tap/LayoutGenModel/logs/output/cases_hubump/selected-wsweep-hp6_m-t0p1-w2-newsweep_20260918/seed_946615675/legalized/03_hp6_m_placement_legal.json,/mnt/d/WORK/96/flow_tap/benchmark/cases_hubump/hp6_m.json,0,/mnt/d/WORK/96/flow_tap/LayoutGenModel/logs/output/cases_hubump/selected-wsweep-hp6_m-t0p1-w2-newsweep_20260918/seed_946615675/legalized/03_hp6_m_placement_legal_report.json
hp6_m_t0p1-w2_seed1056634028.json,hp6_m,1056634028,0.1,2,/mnt/d/WORK/96/flow_tap/LayoutGenModel/logs/output/cases_hubump/selected-wsweep-hp6_m-t0p1-w2-newsweep_20260918/seed_1056634028/legalized/03_hp6_m_placement_legal.json,/mnt/d/WORK/96/flow_tap/benchmark/cases_hubump/hp6_m.json,0,/mnt/d/WORK/96/flow_tap/LayoutGenModel/logs/output/cases_hubump/selected-wsweep-hp6_m-t0p1-w2-newsweep_20260918/seed_1056634028/legalized/03_hp6_m_placement_legal_report.json
hp6_m_t0p1-w2_seed1486441653.json,hp6_m,1486441653,0.1,2,/mnt/d/WORK/96/flow_tap/LayoutGenModel/logs/output/cases_hubump/selected-wsweep-hp6_m-t0p1-w2-newsweep_20260918/seed_1486441653/legalized/03_hp6_m_placement_legal.json,/mnt/d/WORK/96/flow_tap/benchmark/cases_hubump/hp6_m.json,0,/mnt/d/WORK/96/flow_tap/LayoutGenModel/logs/output/cases_hubump/selected-wsweep-hp6_m-t0p1-w2-newsweep_20260918/seed_1486441653/legalized/03_hp6_m_placement_legal_report.json
hp6_m_t0p1-w50_seed946615675.json,hp6_m,946615675,0.1,50,/mnt/d/WORK/96/flow_tap/LayoutGenModel/logs/output/cases_hubump/selected-wsweep-hp6_m-t0p1-w50-newsweep_20260918/seed_946615675/legalized/03_hp6_m_placement_legal.json,/mnt/d/WORK/96/flow_tap/benchmark/cases_hubump/hp6_m.json,0,/mnt/d/WORK/96/flow_tap/LayoutGenModel/logs/output/cases_hubump/selected-wsweep-hp6_m-t0p1-w50-newsweep_20260918/seed_946615675/legalized/03_hp6_m_placement_legal_report.json
hp6_m_t0p1-w50_seed1056634028.json,hp6_m,1056634028,0.1,50,/mnt/d/WORK/96/flow_tap/LayoutGenModel/logs/output/cases_hubump/selected-wsweep-hp6_m-t0p1-w50-newsweep_20260918/seed_1056634028/legalized/03_hp6_m_placement_legal.json,/mnt/d/WORK/96/flow_tap/benchmark/cases_hubump/hp6_m.json,0,/mnt/d/WORK/96/flow_tap/LayoutGenModel/logs/output/cases_hubump/selected-wsweep-hp6_m-t0p1-w50-newsweep_20260918/seed_1056634028/legalized/03_hp6_m_placement_legal_report.json
hp6_m_t0p1-w50_seed1486441653.json,hp6_m,1486441653,0.1,50,/mnt/d/WORK/96/flow_tap/LayoutGenModel/logs/output/cases_hubump/selected-wsweep-hp6_m-t0p1-w50-newsweep_20260918/seed_1486441653/legalized/03_hp6_m_placement_legal.json,/mnt/d/WORK/96/flow_tap/benchmark/cases_hubump/hp6_m.json,0,/mnt/d/WORK/96/flow_tap/LayoutGenModel/logs/output/cases_hubump/selected-wsweep-hp6_m-t0p1-w50-newsweep_20260918/seed_1486441653/legalized/03_hp6_m_placement_legal_report.json
hp6_m_t0p3-w0_seed946615675.json,hp6_m,946615675,0.3,0,/mnt/d/WORK/96/flow_tap/LayoutGenModel/logs/output/cases_hubump/selected-wsweep-hp6_m-t0p3-w0-newsweep_20260918/seed_946615675/legalized/03_hp6_m_placement_legal.json,/mnt/d/WORK/96/flow_tap/benchmark/cases_hubump/hp6_m.json,0,/mnt/d/WORK/96/flow_tap/LayoutGenModel/logs/output/cases_hubump/selected-wsweep-hp6_m-t0p3-w0-newsweep_20260918/seed_946615675/legalized/03_hp6_m_placement_legal_report.json
hp6_m_t0p3-w0_seed1056634028.json,hp6_m,1056634028,0.3,0,/mnt/d/WORK/96/flow_tap/LayoutGenModel/logs/output/cases_hubump/selected-wsweep-hp6_m-t0p3-w0-newsweep_20260918/seed_1056634028/legalized/03_hp6_m_placement_legal.json,/mnt/d/WORK/96/flow_tap/benchmark/cases_hubump/hp6_m.json,0,/mnt/d/WORK/96/flow_tap/LayoutGenModel/logs/output/cases_hubump/selected-wsweep-hp6_m-t0p3-w0-newsweep_20260918/seed_1056634028/legalized/03_hp6_m_placement_legal_report.json
hp6_m_t0p3-w0_seed1486441653.json,hp6_m,1486441653,0.3,0,/mnt/d/WORK/96/flow_tap/LayoutGenModel/logs/output/cases_hubump/selected-wsweep-hp6_m-t0p3-w0-newsweep_20260918/seed_1486441653/legalized/03_hp6_m_placement_legal.json,/mnt/d/WORK/96/flow_tap/benchmark/cases_hubump/hp6_m.json,0,/mnt/d/WORK/96/flow_tap/LayoutGenModel/logs/output/cases_hubump/selected-wsweep-hp6_m-t0p3-w0-newsweep_20260918/seed_1486441653/legalized/03_hp6_m_placement_legal_report.json
hp6_m_t0p3-w0p02_seed946615675.json,hp6_m,946615675,0.3,0.02,/mnt/d/WORK/96/flow_tap/LayoutGenModel/logs/output/cases_hubump/selected-wsweep-hp6_m-t0p3-w0p02-newsweep_20260918/seed_946615675/legalized/03_hp6_m_placement_legal.json,/mnt/d/WORK/96/flow_tap/benchmark/cases_hubump/hp6_m.json,0,/mnt/d/WORK/96/flow_tap/LayoutGenModel/logs/output/cases_hubump/selected-wsweep-hp6_m-t0p3-w0p02-newsweep_20260918/seed_946615675/legalized/03_hp6_m_placement_legal_report.json
hp6_m_t0p3-w0p02_seed1056634028.json,hp6_m,1056634028,0.3,0.02,/mnt/d/WORK/96/flow_tap/LayoutGenModel/logs/output/cases_hubump/selected-wsweep-hp6_m-t0p3-w0p02-newsweep_20260918/seed_1056634028/legalized/03_hp6_m_placement_legal.json,/mnt/d/WORK/96/flow_tap/benchmark/cases_hubump/hp6_m.json,0,/mnt/d/WORK/96/flow_tap/LayoutGenModel/logs/output/cases_hubump/selected-wsweep-hp6_m-t0p3-w0p02-newsweep_20260918/seed_1056634028/legalized/03_hp6_m_placement_legal_report.json
hp6_m_t0p3-w0p02_seed1486441653.json,hp6_m,1486441653,0.3,0.02,/mnt/d/WORK/96/flow_tap/LayoutGenModel/logs/output/cases_hubump/selected-wsweep-hp6_m-t0p3-w0p02-newsweep_20260918/seed_1486441653/legalized/03_hp6_m_placement_legal.json,/mnt/d/WORK/96/flow_tap/benchmark/cases_hubump/hp6_m.json,0,/mnt/d/WORK/96/flow_tap/LayoutGenModel/logs/output/cases_hubump/selected-wsweep-hp6_m-t0p3-w0p02-newsweep_20260918/seed_1486441653/legalized/03_hp6_m_placement_legal_report.json
hp6_m_t0p3-w0p2_seed946615675.json,hp6_m,946615675,0.3,0.2,/mnt/d/WORK/96/flow_tap/LayoutGenModel/logs/output/cases_hubump/selected-wsweep-hp6_m-t0p3-w0p2-newsweep_20260918/seed_946615675/legalized/03_hp6_m_placement_legal.json,/mnt/d/WORK/96/flow_tap/benchmark/cases_hubump/hp6_m.json,0,/mnt/d/WORK/96/flow_tap/LayoutGenModel/logs/output/cases_hubump/selected-wsweep-hp6_m-t0p3-w0p2-newsweep_20260918/seed_946615675/legalized/03_hp6_m_placement_legal_report.json
hp6_m_t0p3-w0p2_seed1056634028.json,hp6_m,1056634028,0.3,0.2,/mnt/d/WORK/96/flow_tap/LayoutGenModel/logs/output/cases_hubump/selected-wsweep-hp6_m-t0p3-w0p2-newsweep_20260918/seed_1056634028/legalized/03_hp6_m_placement_legal.json,/mnt/d/WORK/96/flow_tap/benchmark/cases_hubump/hp6_m.json,0,/mnt/d/WORK/96/flow_tap/LayoutGenModel/logs/output/cases_hubump/selected-wsweep-hp6_m-t0p3-w0p2-newsweep_20260918/seed_1056634028/legalized/03_hp6_m_placement_legal_report.json
hp6_m_t0p3-w0p2_seed1486441653.json,hp6_m,1486441653,0.3,0.2,/mnt/d/WORK/96/flow_tap/LayoutGenModel/logs/output/cases_hubump/selected-wsweep-hp6_m-t0p3-w0p2-newsweep_20260918/seed_1486441653/legalized/03_hp6_m_placement_legal.json,/mnt/d/WORK/96/flow_tap/benchmark/cases_hubump/hp6_m.json,0,/mnt/d/WORK/96/flow_tap/LayoutGenModel/logs/output/cases_hubump/selected-wsweep-hp6_m-t0p3-w0p2-newsweep_20260918/seed_1486441653/legalized/03_hp6_m_placement_legal_report.json
hp6_m_t0p3-w2_seed946615675.json,hp6_m,946615675,0.3,2,/mnt/d/WORK/96/flow_tap/LayoutGenModel/logs/output/cases_hubump/selected-wsweep-hp6_m-t0p3-w2-newsweep_20260918/seed_946615675/legalized/03_hp6_m_placement_legal.json,/mnt/d/WORK/96/flow_tap/benchmark/cases_hubump/hp6_m.json,0,/mnt/d/WORK/96/flow_tap/LayoutGenModel/logs/output/cases_hubump/selected-wsweep-hp6_m-t0p3-w2-newsweep_20260918/seed_946615675/legalized/03_hp6_m_placement_legal_report.json
hp6_m_t0p3-w2_seed1056634028.json,hp6_m,1056634028,0.3,2,/mnt/d/WORK/96/flow_tap/LayoutGenModel/logs/output/cases_hubump/selected-wsweep-hp6_m-t0p3-w2-newsweep_20260918/seed_1056634028/legalized/03_hp6_m_placement_legal.json,/mnt/d/WORK/96/flow_tap/benchmark/cases_hubump/hp6_m.json,0,/mnt/d/WORK/96/flow_tap/LayoutGenModel/logs/output/cases_hubump/selected-wsweep-hp6_m-t0p3-w2-newsweep_20260918/seed_1056634028/legalized/03_hp6_m_placement_legal_report.json
hp6_m_t0p3-w2_seed1486441653.json,hp6_m,1486441653,0.3,2,/mnt/d/WORK/96/flow_tap/LayoutGenModel/logs/output/cases_hubump/selected-wsweep-hp6_m-t0p3-w2-newsweep_20260918/seed_1486441653/legalized/03_hp6_m_placement_legal.json,/mnt/d/WORK/96/flow_tap/benchmark/cases_hubump/hp6_m.json,0,/mnt/d/WORK/96/flow_tap/LayoutGenModel/logs/output/cases_hubump/selected-wsweep-hp6_m-t0p3-w2-newsweep_20260918/seed_1486441653/legalized/03_hp6_m_placement_legal_report.json
hp6_m_t0p3-w50_seed946615675.json,hp6_m,946615675,0.3,50,/mnt/d/WORK/96/flow_tap/LayoutGenModel/logs/output/cases_hubump/selected-wsweep-hp6_m-t0p3-w50-newsweep_20260918/seed_946615675/legalized/03_hp6_m_placement_legal.json,/mnt/d/WORK/96/flow_tap/benchmark/cases_hubump/hp6_m.json,0,/mnt/d/WORK/96/flow_tap/LayoutGenModel/logs/output/cases_hubump/selected-wsweep-hp6_m-t0p3-w50-newsweep_20260918/seed_946615675/legalized/03_hp6_m_placement_legal_report.json
hp6_m_t0p3-w50_seed1056634028.json,hp6_m,1056634028,0.3,50,/mnt/d/WORK/96/flow_tap/LayoutGenModel/logs/output/cases_hubump/selected-wsweep-hp6_m-t0p3-w50-newsweep_20260918/seed_1056634028/legalized/03_hp6_m_placement_legal.json,/mnt/d/WORK/96/flow_tap/benchmark/cases_hubump/hp6_m.json,0,/mnt/d/WORK/96/flow_tap/LayoutGenModel/logs/output/cases_hubump/selected-wsweep-hp6_m-t0p3-w50-newsweep_20260918/seed_1056634028/legalized/03_hp6_m_placement_legal_report.json
hp6_m_t0p3-w50_seed1486441653.json,hp6_m,1486441653,0.3,50,/mnt/d/WORK/96/flow_tap/LayoutGenModel/logs/output/cases_hubump/selected-wsweep-hp6_m-t0p3-w50-newsweep_20260918/seed_1486441653/legalized/03_hp6_m_placement_legal.json,/mnt/d/WORK/96/flow_tap/benchmark/cases_hubump/hp6_m.json,0,/mnt/d/WORK/96/flow_tap/LayoutGenModel/logs/output/cases_hubump/selected-wsweep-hp6_m-t0p3-w50-newsweep_20260918/seed_1486441653/legalized/03_hp6_m_placement_legal_report.json
hp6_m_t1-w0_seed946615675.json,hp6_m,946615675,1,0,/mnt/d/WORK/96/flow_tap/LayoutGenModel/logs/output/cases_hubump/selected-wsweep-hp6_m-t1-w0-newsweep_20260918/seed_946615675/legalized/03_hp6_m_placement_legal.json,/mnt/d/WORK/96/flow_tap/benchmark/cases_hubump/hp6_m.json,0,/mnt/d/WORK/96/flow_tap/LayoutGenModel/logs/output/cases_hubump/selected-wsweep-hp6_m-t1-w0-newsweep_20260918/seed_946615675/legalized/03_hp6_m_placement_legal_report.json
hp6_m_t1-w0_seed1056634028.json,hp6_m,1056634028,1,0,/mnt/d/WORK/96/flow_tap/LayoutGenModel/logs/output/cases_hubump/selected-wsweep-hp6_m-t1-w0-newsweep_20260918/seed_1056634028/legalized/03_hp6_m_placement_legal.json,/mnt/d/WORK/96/flow_tap/benchmark/cases_hubump/hp6_m.json,0,/mnt/d/WORK/96/flow_tap/LayoutGenModel/logs/output/cases_hubump/selected-wsweep-hp6_m-t1-w0-newsweep_20260918/seed_1056634028/legalized/03_hp6_m_placement_legal_report.json
hp6_m_t1-w0_seed1486441653.json,hp6_m,1486441653,1,0,/mnt/d/WORK/96/flow_tap/LayoutGenModel/logs/output/cases_hubump/selected-wsweep-hp6_m-t1-w0-newsweep_20260918/seed_1486441653/legalized/03_hp6_m_placement_legal.json,/mnt/d/WORK/96/flow_tap/benchmark/cases_hubump/hp6_m.json,0,/mnt/d/WORK/96/flow_tap/LayoutGenModel/logs/output/cases_hubump/selected-wsweep-hp6_m-t1-w0-newsweep_20260918/seed_1486441653/legalized/03_hp6_m_placement_legal_report.json
hp6_m_t1-w0p02_seed1056634028.json,hp6_m,1056634028,1,0.02,/mnt/d/WORK/96/flow_tap/LayoutGenModel/logs/output/cases_hubump/selected-wsweep-hp6_m-t1-w0p02-newsweep_20260918/seed_1056634028/legalized/03_hp6_m_placement_legal.json,/mnt/d/WORK/96/flow_tap/benchmark/cases_hubump/hp6_m.json,0,/mnt/d/WORK/96/flow_tap/LayoutGenModel/logs/output/cases_hubump/selected-wsweep-hp6_m-t1-w0p02-newsweep_20260918/seed_1056634028/legalized/03_hp6_m_placement_legal_report.json
hp6_m_t1-w0p02_seed946615675.json,hp6_m,946615675,1,0.02,/mnt/d/WORK/96/flow_tap/LayoutGenModel/logs/output/cases_hubump/selected-wsweep-hp6_m-t1-w0p02-newsweep_20260918/seed_946615675/legalized/03_hp6_m_placement_legal.json,/mnt/d/WORK/96/flow_tap/benchmark/cases_hubump/hp6_m.json,0,/mnt/d/WORK/96/flow_tap/LayoutGenModel/logs/output/cases_hubump/selected-wsweep-hp6_m-t1-w0p02-newsweep_20260918/seed_946615675/legalized/03_hp6_m_placement_legal_report.json
hp6_m_t1-w0p02_seed1486441653.json,hp6_m,1486441653,1,0.02,/mnt/d/WORK/96/flow_tap/LayoutGenModel/logs/output/cases_hubump/selected-wsweep-hp6_m-t1-w0p02-newsweep_20260918/seed_1486441653/legalized/03_hp6_m_placement_legal.json,/mnt/d/WORK/96/flow_tap/benchmark/cases_hubump/hp6_m.json,0,/mnt/d/WORK/96/flow_tap/LayoutGenModel/logs/output/cases_hubump/selected-wsweep-hp6_m-t1-w0p02-newsweep_20260918/seed_1486441653/legalized/03_hp6_m_placement_legal_report.json
hp6_m_t1-w0p2_seed1056634028.json,hp6_m,1056634028,1,0.2,/mnt/d/WORK/96/flow_tap/LayoutGenModel/logs/output/cases_hubump/selected-wsweep-hp6_m-t1-w0p2-newsweep_20260918/seed_1056634028/legalized/03_hp6_m_placement_legal.json,/mnt/d/WORK/96/flow_tap/benchmark/cases_hubump/hp6_m.json,0,/mnt/d/WORK/96/flow_tap/LayoutGenModel/logs/output/cases_hubump/selected-wsweep-hp6_m-t1-w0p2-newsweep_20260918/seed_1056634028/legalized/03_hp6_m_placement_legal_report.json
hp6_m_t1-w0p2_seed946615675.json,hp6_m,946615675,1,0.2,/mnt/d/WORK/96/flow_tap/LayoutGenModel/logs/output/cases_hubump/selected-wsweep-hp6_m-t1-w0p2-newsweep_20260918/seed_946615675/legalized/03_hp6_m_placement_legal.json,/mnt/d/WORK/96/flow_tap/benchmark/cases_hubump/hp6_m.json,0,/mnt/d/WORK/96/flow_tap/LayoutGenModel/logs/output/cases_hubump/selected-wsweep-hp6_m-t1-w0p2-newsweep_20260918/seed_946615675/legalized/03_hp6_m_placement_legal_report.json
hp6_m_t1-w0p2_seed1486441653.json,hp6_m,1486441653,1,0.2,/mnt/d/WORK/96/flow_tap/LayoutGenModel/logs/output/cases_hubump/selected-wsweep-hp6_m-t1-w0p2-newsweep_20260918/seed_1486441653/legalized/03_hp6_m_placement_legal.json,/mnt/d/WORK/96/flow_tap/benchmark/cases_hubump/hp6_m.json,0,/mnt/d/WORK/96/flow_tap/LayoutGenModel/logs/output/cases_hubump/selected-wsweep-hp6_m-t1-w0p2-newsweep_20260918/seed_1486441653/legalized/03_hp6_m_placement_legal_report.json
hp6_m_t1-w2_seed946615675.json,hp6_m,946615675,1,2,/mnt/d/WORK/96/flow_tap/LayoutGenModel/logs/output/cases_hubump/selected-wsweep-hp6_m-t1-w2-newsweep_20260918/seed_946615675/legalized/03_hp6_m_placement_legal.json,/mnt/d/WORK/96/flow_tap/benchmark/cases_hubump/hp6_m.json,0,/mnt/d/WORK/96/flow_tap/LayoutGenModel/logs/output/cases_hubump/selected-wsweep-hp6_m-t1-w2-newsweep_20260918/seed_946615675/legalized/03_hp6_m_placement_legal_report.json
hp6_m_t1-w2_seed1056634028.json,hp6_m,1056634028,1,2,/mnt/d/WORK/96/flow_tap/LayoutGenModel/logs/output/cases_hubump/selected-wsweep-hp6_m-t1-w2-newsweep_20260918/seed_1056634028/legalized/03_hp6_m_placement_legal.json,/mnt/d/WORK/96/flow_tap/benchmark/cases_hubump/hp6_m.json,0,/mnt/d/WORK/96/flow_tap/LayoutGenModel/logs/output/cases_hubump/selected-wsweep-hp6_m-t1-w2-newsweep_20260918/seed_1056634028/legalized/03_hp6_m_placement_legal_report.json
hp6_m_t1-w2_seed1486441653.json,hp6_m,1486441653,1,2,/mnt/d/WORK/96/flow_tap/LayoutGenModel/logs/output/cases_hubump/selected-wsweep-hp6_m-t1-w2-newsweep_20260918/seed_1486441653/legalized/03_hp6_m_placement_legal.json,/mnt/d/WORK/96/flow_tap/benchmark/cases_hubump/hp6_m.json,0,/mnt/d/WORK/96/flow_tap/LayoutGenModel/logs/output/cases_hubump/selected-wsweep-hp6_m-t1-w2-newsweep_20260918/seed_1486441653/legalized/03_hp6_m_placement_legal_report.json
hp6_m_t1-w50_seed946615675.json,hp6_m,946615675,1,50,/mnt/d/WORK/96/flow_tap/LayoutGenModel/logs/output/cases_hubump/selected-wsweep-hp6_m-t1-w50-newsweep_20260918/seed_946615675/legalized/03_hp6_m_placement_legal.json,/mnt/d/WORK/96/flow_tap/benchmark/cases_hubump/hp6_m.json,0,/mnt/d/WORK/96/flow_tap/LayoutGenModel/logs/output/cases_hubump/selected-wsweep-hp6_m-t1-w50-newsweep_20260918/seed_946615675/legalized/03_hp6_m_placement_legal_report.json
hp6_m_t1-w50_seed1056634028.json,hp6_m,1056634028,1,50,/mnt/d/WORK/96/flow_tap/LayoutGenModel/logs/output/cases_hubump/selected-wsweep-hp6_m-t1-w50-newsweep_20260918/seed_1056634028/legalized/03_hp6_m_placement_legal.json,/mnt/d/WORK/96/flow_tap/benchmark/cases_hubump/hp6_m.json,0,/mnt/d/WORK/96/flow_tap/LayoutGenModel/logs/output/cases_hubump/selected-wsweep-hp6_m-t1-w50-newsweep_20260918/seed_1056634028/legalized/03_hp6_m_placement_legal_report.json
hp6_m_t1-w50_seed1486441653.json,hp6_m,1486441653,1,50,/mnt/d/WORK/96/flow_tap/LayoutGenModel/logs/output/cases_hubump/selected-wsweep-hp6_m-t1-w50-newsweep_20260918/seed_1486441653/legalized/03_hp6_m_placement_legal.json,/mnt/d/WORK/96/flow_tap/benchmark/cases_hubump/hp6_m.json,0,/mnt/d/WORK/96/flow_tap/LayoutGenModel/logs/output/cases_hubump/selected-wsweep-hp6_m-t1-w50-newsweep_20260918/seed_1486441653/legalized/03_hp6_m_placement_legal_report.json
hp6_m_t3-w0_seed946615675.json,hp6_m,946615675,3,0,/mnt/d/WORK/96/flow_tap/LayoutGenModel/logs/output/cases_hubump/selected-wsweep-hp6_m-t3-w0-newsweep_20260918/seed_946615675/legalized/03_hp6_m_placement_legal.json,/mnt/d/WORK/96/flow_tap/benchmark/cases_hubump/hp6_m.json,0,/mnt/d/WORK/96/flow_tap/LayoutGenModel/logs/output/cases_hubump/selected-wsweep-hp6_m-t3-w0-newsweep_20260918/seed_946615675/legalized/03_hp6_m_placement_legal_report.json
hp6_m_t3-w0_seed1056634028.json,hp6_m,1056634028,3,0,/mnt/d/WORK/96/flow_tap/LayoutGenModel/logs/output/cases_hubump/selected-wsweep-hp6_m-t3-w0-newsweep_20260918/seed_1056634028/legalized/03_hp6_m_placement_legal.json,/mnt/d/WORK/96/flow_tap/benchmark/cases_hubump/hp6_m.json,0,/mnt/d/WORK/96/flow_tap/LayoutGenModel/logs/output/cases_hubump/selected-wsweep-hp6_m-t3-w0-newsweep_20260918/seed_1056634028/legalized/03_hp6_m_placement_legal_report.json
hp6_m_t3-w0_seed1486441653.json,hp6_m,1486441653,3,0,/mnt/d/WORK/96/flow_tap/LayoutGenModel/logs/output/cases_hubump/selected-wsweep-hp6_m-t3-w0-newsweep_20260918/seed_1486441653/legalized/03_hp6_m_placement_legal.json,/mnt/d/WORK/96/flow_tap/benchmark/cases_hubump/hp6_m.json,0,/mnt/d/WORK/96/flow_tap/LayoutGenModel/logs/output/cases_hubump/selected-wsweep-hp6_m-t3-w0-newsweep_20260918/seed_1486441653/legalized/03_hp6_m_placement_legal_report.json
hp6_m_t3-w0p02_seed946615675.json,hp6_m,946615675,3,0.02,/mnt/d/WORK/96/flow_tap/LayoutGenModel/logs/output/cases_hubump/selected-wsweep-hp6_m-t3-w0p02-newsweep_20260918/seed_946615675/legalized/03_hp6_m_placement_legal.json,/mnt/d/WORK/96/flow_tap/benchmark/cases_hubump/hp6_m.json,0,/mnt/d/WORK/96/flow_tap/LayoutGenModel/logs/output/cases_hubump/selected-wsweep-hp6_m-t3-w0p02-newsweep_20260918/seed_946615675/legalized/03_hp6_m_placement_legal_report.json
hp6_m_t3-w0p02_seed1056634028.json,hp6_m,1056634028,3,0.02,/mnt/d/WORK/96/flow_tap/LayoutGenModel/logs/output/cases_hubump/selected-wsweep-hp6_m-t3-w0p02-newsweep_20260918/seed_1056634028/legalized/03_hp6_m_placement_legal.json,/mnt/d/WORK/96/flow_tap/benchmark/cases_hubump/hp6_m.json,0,/mnt/d/WORK/96/flow_tap/LayoutGenModel/logs/output/cases_hubump/selected-wsweep-hp6_m-t3-w0p02-newsweep_20260918/seed_1056634028/legalized/03_hp6_m_placement_legal_report.json
hp6_m_t3-w0p02_seed1486441653.json,hp6_m,1486441653,3,0.02,/mnt/d/WORK/96/flow_tap/LayoutGenModel/logs/output/cases_hubump/selected-wsweep-hp6_m-t3-w0p02-newsweep_20260918/seed_1486441653/legalized/03_hp6_m_placement_legal.json,/mnt/d/WORK/96/flow_tap/benchmark/cases_hubump/hp6_m.json,0,/mnt/d/WORK/96/flow_tap/LayoutGenModel/logs/output/cases_hubump/selected-wsweep-hp6_m-t3-w0p02-newsweep_20260918/seed_1486441653/legalized/03_hp6_m_placement_legal_report.json
hp6_m_t3-w0p2_seed946615675.json,hp6_m,946615675,3,0.2,/mnt/d/WORK/96/flow_tap/LayoutGenModel/logs/output/cases_hubump/selected-wsweep-hp6_m-t3-w0p2-newsweep_20260918/seed_946615675/legalized/03_hp6_m_placement_legal.json,/mnt/d/WORK/96/flow_tap/benchmark/cases_hubump/hp6_m.json,0,/mnt/d/WORK/96/flow_tap/LayoutGenModel/logs/output/cases_hubump/selected-wsweep-hp6_m-t3-w0p2-newsweep_20260918/seed_946615675/legalized/03_hp6_m_placement_legal_report.json
hp6_m_t3-w0p2_seed1056634028.json,hp6_m,1056634028,3,0.2,/mnt/d/WORK/96/flow_tap/LayoutGenModel/logs/output/cases_hubump/selected-wsweep-hp6_m-t3-w0p2-newsweep_20260918/seed_1056634028/legalized/03_hp6_m_placement_legal.json,/mnt/d/WORK/96/flow_tap/benchmark/cases_hubump/hp6_m.json,0,/mnt/d/WORK/96/flow_tap/LayoutGenModel/logs/output/cases_hubump/selected-wsweep-hp6_m-t3-w0p2-newsweep_20260918/seed_1056634028/legalized/03_hp6_m_placement_legal_report.json
hp6_m_t3-w0p2_seed1486441653.json,hp6_m,1486441653,3,0.2,/mnt/d/WORK/96/flow_tap/LayoutGenModel/logs/output/cases_hubump/selected-wsweep-hp6_m-t3-w0p2-newsweep_20260918/seed_1486441653/legalized/03_hp6_m_placement_legal.json,/mnt/d/WORK/96/flow_tap/benchmark/cases_hubump/hp6_m.json,0,/mnt/d/WORK/96/flow_tap/LayoutGenModel/logs/output/cases_hubump/selected-wsweep-hp6_m-t3-w0p2-newsweep_20260918/seed_1486441653/legalized/03_hp6_m_placement_legal_report.json
hp6_m_t3-w2_seed946615675.json,hp6_m,946615675,3,2,/mnt/d/WORK/96/flow_tap/LayoutGenModel/logs/output/cases_hubump/selected-wsweep-hp6_m-t3-w2-newsweep_20260918/seed_946615675/legalized/03_hp6_m_placement_legal.json,/mnt/d/WORK/96/flow_tap/benchmark/cases_hubump/hp6_m.json,0,/mnt/d/WORK/96/flow_tap/LayoutGenModel/logs/output/cases_hubump/selected-wsweep-hp6_m-t3-w2-newsweep_20260918/seed_946615675/legalized/03_hp6_m_placement_legal_report.json
hp6_m_t3-w2_seed1056634028.json,hp6_m,1056634028,3,2,/mnt/d/WORK/96/flow_tap/LayoutGenModel/logs/output/cases_hubump/selected-wsweep-hp6_m-t3-w2-newsweep_20260918/seed_1056634028/legalized/03_hp6_m_placement_legal.json,/mnt/d/WORK/96/flow_tap/benchmark/cases_hubump/hp6_m.json,0,/mnt/d/WORK/96/flow_tap/LayoutGenModel/logs/output/cases_hubump/selected-wsweep-hp6_m-t3-w2-newsweep_20260918/seed_1056634028/legalized/03_hp6_m_placement_legal_report.json
hp6_m_t3-w2_seed1486441653.json,hp6_m,1486441653,3,2,/mnt/d/WORK/96/flow_tap/LayoutGenModel/logs/output/cases_hubump/selected-wsweep-hp6_m-t3-w2-newsweep_20260918/seed_1486441653/legalized/03_hp6_m_placement_legal.json,/mnt/d/WORK/96/flow_tap/benchmark/cases_hubump/hp6_m.json,0,/mnt/d/WORK/96/flow_tap/LayoutGenModel/logs/output/cases_hubump/selected-wsweep-hp6_m-t3-w2-newsweep_20260918/seed_1486441653/legalized/03_hp6_m_placement_legal_report.json
hp6_m_t3-w50_seed1056634028.json,hp6_m,1056634028,3,50,/mnt/d/WORK/96/flow_tap/LayoutGenModel/logs/output/cases_hubump/selected-wsweep-hp6_m-t3-w50-newsweep_20260918/seed_1056634028/legalized/03_hp6_m_placement_legal.json,/mnt/d/WORK/96/flow_tap/benchmark/cases_hubump/hp6_m.json,0,/mnt/d/WORK/96/flow_tap/LayoutGenModel/logs/output/cases_hubump/selected-wsweep-hp6_m-t3-w50-newsweep_20260918/seed_1056634028/legalized/03_hp6_m_placement_legal_report.json
hp6_m_t3-w50_seed946615675.json,hp6_m,946615675,3,50,/mnt/d/WORK/96/flow_tap/LayoutGenModel/logs/output/cases_hubump/selected-wsweep-hp6_m-t3-w50-newsweep_20260918/seed_946615675/legalized/03_hp6_m_placement_legal.json,/mnt/d/WORK/96/flow_tap/benchmark/cases_hubump/hp6_m.json,0,/mnt/d/WORK/96/flow_tap/LayoutGenModel/logs/output/cases_hubump/selected-wsweep-hp6_m-t3-w50-newsweep_20260918/seed_946615675/legalized/03_hp6_m_placement_legal_report.json
hp6_m_t3-w50_seed1486441653.json,hp6_m,1486441653,3,50,/mnt/d/WORK/96/flow_tap/LayoutGenModel/logs/output/cases_hubump/selected-wsweep-hp6_m-t3-w50-newsweep_20260918/seed_1486441653/legalized/03_hp6_m_placement_legal.json,/mnt/d/WORK/96/flow_tap/benchmark/cases_hubump/hp6_m.json,0,/mnt/d/WORK/96/flow_tap/LayoutGenModel/logs/output/cases_hubump/selected-wsweep-hp6_m-t3-w50-newsweep_20260918/seed_1486441653/legalized/03_hp6_m_placement_legal_report.json
hp6_m_t10-w0_seed946615675.json,hp6_m,946615675,10,0,/mnt/d/WORK/96/flow_tap/LayoutGenModel/logs/output/cases_hubump/selected-wsweep-hp6_m-t10-w0-newsweep_20260918/seed_946615675/legalized/03_hp6_m_placement_legal.json,/mnt/d/WORK/96/flow_tap/benchmark/cases_hubump/hp6_m.json,0,/mnt/d/WORK/96/flow_tap/LayoutGenModel/logs/output/cases_hubump/selected-wsweep-hp6_m-t10-w0-newsweep_20260918/seed_946615675/legalized/03_hp6_m_placement_legal_report.json
hp6_m_t10-w0_seed1056634028.json,hp6_m,1056634028,10,0,/mnt/d/WORK/96/flow_tap/LayoutGenModel/logs/output/cases_hubump/selected-wsweep-hp6_m-t10-w0-newsweep_20260918/seed_1056634028/legalized/03_hp6_m_placement_legal.json,/mnt/d/WORK/96/flow_tap/benchmark/cases_hubump/hp6_m.json,0,/mnt/d/WORK/96/flow_tap/LayoutGenModel/logs/output/cases_hubump/selected-wsweep-hp6_m-t10-w0-newsweep_20260918/seed_1056634028/legalized/03_hp6_m_placement_legal_report.json
hp6_m_t10-w0_seed1486441653.json,hp6_m,1486441653,10,0,/mnt/d/WORK/96/flow_tap/LayoutGenModel/logs/output/cases_hubump/selected-wsweep-hp6_m-t10-w0-newsweep_20260918/seed_1486441653/legalized/03_hp6_m_placement_legal.json,/mnt/d/WORK/96/flow_tap/benchmark/cases_hubump/hp6_m.json,0,/mnt/d/WORK/96/flow_tap/LayoutGenModel/logs/output/cases_hubump/selected-wsweep-hp6_m-t10-w0-newsweep_20260918/seed_1486441653/legalized/03_hp6_m_placement_legal_report.json
hp6_m_t10-w0p02_seed946615675.json,hp6_m,946615675,10,0.02,/mnt/d/WORK/96/flow_tap/LayoutGenModel/logs/output/cases_hubump/selected-wsweep-hp6_m-t10-w0p02-newsweep_20260918/seed_946615675/legalized/03_hp6_m_placement_legal.json,/mnt/d/WORK/96/flow_tap/benchmark/cases_hubump/hp6_m.json,0,/mnt/d/WORK/96/flow_tap/LayoutGenModel/logs/output/cases_hubump/selected-wsweep-hp6_m-t10-w0p02-newsweep_20260918/seed_946615675/legalized/03_hp6_m_placement_legal_report.json
hp6_m_t10-w0p02_seed1056634028.json,hp6_m,1056634028,10,0.02,/mnt/d/WORK/96/flow_tap/LayoutGenModel/logs/output/cases_hubump/selected-wsweep-hp6_m-t10-w0p02-newsweep_20260918/seed_1056634028/legalized/03_hp6_m_placement_legal.json,/mnt/d/WORK/96/flow_tap/benchmark/cases_hubump/hp6_m.json,0,/mnt/d/WORK/96/flow_tap/LayoutGenModel/logs/output/cases_hubump/selected-wsweep-hp6_m-t10-w0p02-newsweep_20260918/seed_1056634028/legalized/03_hp6_m_placement_legal_report.json
hp6_m_t10-w0p02_seed1486441653.json,hp6_m,1486441653,10,0.02,/mnt/d/WORK/96/flow_tap/LayoutGenModel/logs/output/cases_hubump/selected-wsweep-hp6_m-t10-w0p02-newsweep_20260918/seed_1486441653/legalized/03_hp6_m_placement_legal.json,/mnt/d/WORK/96/flow_tap/benchmark/cases_hubump/hp6_m.json,0,/mnt/d/WORK/96/flow_tap/LayoutGenModel/logs/output/cases_hubump/selected-wsweep-hp6_m-t10-w0p02-newsweep_20260918/seed_1486441653/legalized/03_hp6_m_placement_legal_report.json
hp6_m_t10-w0p2_seed1056634028.json,hp6_m,1056634028,10,0.2,/mnt/d/WORK/96/flow_tap/LayoutGenModel/logs/output/cases_hubump/selected-wsweep-hp6_m-t10-w0p2-newsweep_20260918/seed_1056634028/legalized/03_hp6_m_placement_legal.json,/mnt/d/WORK/96/flow_tap/benchmark/cases_hubump/hp6_m.json,0,/mnt/d/WORK/96/flow_tap/LayoutGenModel/logs/output/cases_hubump/selected-wsweep-hp6_m-t10-w0p2-newsweep_20260918/seed_1056634028/legalized/03_hp6_m_placement_legal_report.json
hp6_m_t10-w0p2_seed946615675.json,hp6_m,946615675,10,0.2,/mnt/d/WORK/96/flow_tap/LayoutGenModel/logs/output/cases_hubump/selected-wsweep-hp6_m-t10-w0p2-newsweep_20260918/seed_946615675/legalized/03_hp6_m_placement_legal.json,/mnt/d/WORK/96/flow_tap/benchmark/cases_hubump/hp6_m.json,0,/mnt/d/WORK/96/flow_tap/LayoutGenModel/logs/output/cases_hubump/selected-wsweep-hp6_m-t10-w0p2-newsweep_20260918/seed_946615675/legalized/03_hp6_m_placement_legal_report.json
hp6_m_t10-w0p2_seed1486441653.json,hp6_m,1486441653,10,0.2,/mnt/d/WORK/96/flow_tap/LayoutGenModel/logs/output/cases_hubump/selected-wsweep-hp6_m-t10-w0p2-newsweep_20260918/seed_1486441653/legalized/03_hp6_m_placement_legal.json,/mnt/d/WORK/96/flow_tap/benchmark/cases_hubump/hp6_m.json,0,/mnt/d/WORK/96/flow_tap/LayoutGenModel/logs/output/cases_hubump/selected-wsweep-hp6_m-t10-w0p2-newsweep_20260918/seed_1486441653/legalized/03_hp6_m_placement_legal_report.json
hp6_m_t10-w2_seed946615675.json,hp6_m,946615675,10,2,/mnt/d/WORK/96/flow_tap/LayoutGenModel/logs/output/cases_hubump/selected-wsweep-hp6_m-t10-w2-newsweep_20260918/seed_946615675/legalized/03_hp6_m_placement_legal.json,/mnt/d/WORK/96/flow_tap/benchmark/cases_hubump/hp6_m.json,0,/mnt/d/WORK/96/flow_tap/LayoutGenModel/logs/output/cases_hubump/selected-wsweep-hp6_m-t10-w2-newsweep_20260918/seed_946615675/legalized/03_hp6_m_placement_legal_report.json
hp6_m_t10-w2_seed1056634028.json,hp6_m,1056634028,10,2,/mnt/d/WORK/96/flow_tap/LayoutGenModel/logs/output/cases_hubump/selected-wsweep-hp6_m-t10-w2-newsweep_20260918/seed_1056634028/legalized/03_hp6_m_placement_legal.json,/mnt/d/WORK/96/flow_tap/benchmark/cases_hubump/hp6_m.json,0,/mnt/d/WORK/96/flow_tap/LayoutGenModel/logs/output/cases_hubump/selected-wsweep-hp6_m-t10-w2-newsweep_20260918/seed_1056634028/legalized/03_hp6_m_placement_legal_report.json
hp6_m_t10-w2_seed1486441653.json,hp6_m,1486441653,10,2,/mnt/d/WORK/96/flow_tap/LayoutGenModel/logs/output/cases_hubump/selected-wsweep-hp6_m-t10-w2-newsweep_20260918/seed_1486441653/legalized/03_hp6_m_placement_legal.json,/mnt/d/WORK/96/flow_tap/benchmark/cases_hubump/hp6_m.json,0,/mnt/d/WORK/96/flow_tap/LayoutGenModel/logs/output/cases_hubump/selected-wsweep-hp6_m-t10-w2-newsweep_20260918/seed_1486441653/legalized/03_hp6_m_placement_legal_report.json
hp6_m_t10-w50_seed946615675.json,hp6_m,946615675,10,50,/mnt/d/WORK/96/flow_tap/LayoutGenModel/logs/output/cases_hubump/selected-wsweep-hp6_m-t10-w50-newsweep_20260918/seed_946615675/legalized/03_hp6_m_placement_legal.json,/mnt/d/WORK/96/flow_tap/benchmark/cases_hubump/hp6_m.json,0,/mnt/d/WORK/96/flow_tap/LayoutGenModel/logs/output/cases_hubump/selected-wsweep-hp6_m-t10-w50-newsweep_20260918/seed_946615675/legalized/03_hp6_m_placement_legal_report.json
hp6_m_t10-w50_seed1056634028.json,hp6_m,1056634028,10,50,/mnt/d/WORK/96/flow_tap/LayoutGenModel/logs/output/cases_hubump/selected-wsweep-hp6_m-t10-w50-newsweep_20260918/seed_1056634028/legalized/03_hp6_m_placement_legal.json,/mnt/d/WORK/96/flow_tap/benchmark/cases_hubump/hp6_m.json,0,/mnt/d/WORK/96/flow_tap/LayoutGenModel/logs/output/cases_hubump/selected-wsweep-hp6_m-t10-w50-newsweep_20260918/seed_1056634028/legalized/03_hp6_m_placement_legal_report.json
hp6_m_t10-w50_seed1486441653.json,hp6_m,1486441653,10,50,/mnt/d/WORK/96/flow_tap/LayoutGenModel/logs/output/cases_hubump/selected-wsweep-hp6_m-t10-w50-newsweep_20260918/seed_1486441653/legalized/03_hp6_m_placement_legal.json,/mnt/d/WORK/96/flow_tap/benchmark/cases_hubump/hp6_m.json,0,/mnt/d/WORK/96/flow_tap/LayoutGenModel/logs/output/cases_hubump/selected-wsweep-hp6_m-t10-w50-newsweep_20260918/seed_1486441653/legalized/03_hp6_m_placement_legal_report.json
hp6_m_t30-w0_seed1056634028.json,hp6_m,1056634028,30,0,/mnt/d/WORK/96/flow_tap/LayoutGenModel/logs/output/cases_hubump/selected-wsweep-hp6_m-t30-w0-newsweep_20260918/seed_1056634028/legalized/03_hp6_m_placement_legal.json,/mnt/d/WORK/96/flow_tap/benchmark/cases_hubump/hp6_m.json,0,/mnt/d/WORK/96/flow_tap/LayoutGenModel/logs/output/cases_hubump/selected-wsweep-hp6_m-t30-w0-newsweep_20260918/seed_1056634028/legalized/03_hp6_m_placement_legal_report.json
hp6_m_t30-w0_seed946615675.json,hp6_m,946615675,30,0,/mnt/d/WORK/96/flow_tap/LayoutGenModel/logs/output/cases_hubump/selected-wsweep-hp6_m-t30-w0-newsweep_20260918/seed_946615675/legalized/03_hp6_m_placement_legal.json,/mnt/d/WORK/96/flow_tap/benchmark/cases_hubump/hp6_m.json,0,/mnt/d/WORK/96/flow_tap/LayoutGenModel/logs/output/cases_hubump/selected-wsweep-hp6_m-t30-w0-newsweep_20260918/seed_946615675/legalized/03_hp6_m_placement_legal_report.json
hp6_m_t30-w0_seed1486441653.json,hp6_m,1486441653,30,0,/mnt/d/WORK/96/flow_tap/LayoutGenModel/logs/output/cases_hubump/selected-wsweep-hp6_m-t30-w0-newsweep_20260918/seed_1486441653/legalized/03_hp6_m_placement_legal.json,/mnt/d/WORK/96/flow_tap/benchmark/cases_hubump/hp6_m.json,0,/mnt/d/WORK/96/flow_tap/LayoutGenModel/logs/output/cases_hubump/selected-wsweep-hp6_m-t30-w0-newsweep_20260918/seed_1486441653/legalized/03_hp6_m_placement_legal_report.json
hp6_m_t30-w0p02_seed946615675.json,hp6_m,946615675,30,0.02,/mnt/d/WORK/96/flow_tap/LayoutGenModel/logs/output/cases_hubump/selected-wsweep-hp6_m-t30-w0p02-newsweep_20260918/seed_946615675/legalized/03_hp6_m_placement_legal.json,/mnt/d/WORK/96/flow_tap/benchmark/cases_hubump/hp6_m.json,0,/mnt/d/WORK/96/flow_tap/LayoutGenModel/logs/output/cases_hubump/selected-wsweep-hp6_m-t30-w0p02-newsweep_20260918/seed_946615675/legalized/03_hp6_m_placement_legal_report.json
hp6_m_t30-w0p02_seed1056634028.json,hp6_m,1056634028,30,0.02,/mnt/d/WORK/96/flow_tap/LayoutGenModel/logs/output/cases_hubump/selected-wsweep-hp6_m-t30-w0p02-newsweep_20260918/seed_1056634028/legalized/03_hp6_m_placement_legal.json,/mnt/d/WORK/96/flow_tap/benchmark/cases_hubump/hp6_m.json,0,/mnt/d/WORK/96/flow_tap/LayoutGenModel/logs/output/cases_hubump/selected-wsweep-hp6_m-t30-w0p02-newsweep_20260918/seed_1056634028/legalized/03_hp6_m_placement_legal_report.json
hp6_m_t30-w0p02_seed1486441653.json,hp6_m,1486441653,30,0.02,/mnt/d/WORK/96/flow_tap/LayoutGenModel/logs/output/cases_hubump/selected-wsweep-hp6_m-t30-w0p02-newsweep_20260918/seed_1486441653/legalized/03_hp6_m_placement_legal.json,/mnt/d/WORK/96/flow_tap/benchmark/cases_hubump/hp6_m.json,0,/mnt/d/WORK/96/flow_tap/LayoutGenModel/logs/output/cases_hubump/selected-wsweep-hp6_m-t30-w0p02-newsweep_20260918/seed_1486441653/legalized/03_hp6_m_placement_legal_report.json
hp6_m_t30-w0p2_seed946615675.json,hp6_m,946615675,30,0.2,/mnt/d/WORK/96/flow_tap/LayoutGenModel/logs/output/cases_hubump/selected-wsweep-hp6_m-t30-w0p2-newsweep_20260918/seed_946615675/legalized/03_hp6_m_placement_legal.json,/mnt/d/WORK/96/flow_tap/benchmark/cases_hubump/hp6_m.json,0,/mnt/d/WORK/96/flow_tap/LayoutGenModel/logs/output/cases_hubump/selected-wsweep-hp6_m-t30-w0p2-newsweep_20260918/seed_946615675/legalized/03_hp6_m_placement_legal_report.json
hp6_m_t30-w0p2_seed1056634028.json,hp6_m,1056634028,30,0.2,/mnt/d/WORK/96/flow_tap/LayoutGenModel/logs/output/cases_hubump/selected-wsweep-hp6_m-t30-w0p2-newsweep_20260918/seed_1056634028/legalized/03_hp6_m_placement_legal.json,/mnt/d/WORK/96/flow_tap/benchmark/cases_hubump/hp6_m.json,0,/mnt/d/WORK/96/flow_tap/LayoutGenModel/logs/output/cases_hubump/selected-wsweep-hp6_m-t30-w0p2-newsweep_20260918/seed_1056634028/legalized/03_hp6_m_placement_legal_report.json
hp6_m_t30-w0p2_seed1486441653.json,hp6_m,1486441653,30,0.2,/mnt/d/WORK/96/flow_tap/LayoutGenModel/logs/output/cases_hubump/selected-wsweep-hp6_m-t30-w0p2-newsweep_20260918/seed_1486441653/legalized/03_hp6_m_placement_legal.json,/mnt/d/WORK/96/flow_tap/benchmark/cases_hubump/hp6_m.json,0,/mnt/d/WORK/96/flow_tap/LayoutGenModel/logs/output/cases_hubump/selected-wsweep-hp6_m-t30-w0p2-newsweep_20260918/seed_1486441653/legalized/03_hp6_m_placement_legal_report.json
hp6_m_t30-w2_seed1056634028.json,hp6_m,1056634028,30,2,/mnt/d/WORK/96/flow_tap/LayoutGenModel/logs/output/cases_hubump/selected-wsweep-hp6_m-t30-w2-newsweep_20260918/seed_1056634028/legalized/03_hp6_m_placement_legal.json,/mnt/d/WORK/96/flow_tap/benchmark/cases_hubump/hp6_m.json,0,/mnt/d/WORK/96/flow_tap/LayoutGenModel/logs/output/cases_hubump/selected-wsweep-hp6_m-t30-w2-newsweep_20260918/seed_1056634028/legalized/03_hp6_m_placement_legal_report.json
hp6_m_t30-w2_seed946615675.json,hp6_m,946615675,30,2,/mnt/d/WORK/96/flow_tap/LayoutGenModel/logs/output/cases_hubump/selected-wsweep-hp6_m-t30-w2-newsweep_20260918/seed_946615675/legalized/03_hp6_m_placement_legal.json,/mnt/d/WORK/96/flow_tap/benchmark/cases_hubump/hp6_m.json,0,/mnt/d/WORK/96/flow_tap/LayoutGenModel/logs/output/cases_hubump/selected-wsweep-hp6_m-t30-w2-newsweep_20260918/seed_946615675/legalized/03_hp6_m_placement_legal_report.json
hp6_m_t30-w2_seed1486441653.json,hp6_m,1486441653,30,2,/mnt/d/WORK/96/flow_tap/LayoutGenModel/logs/output/cases_hubump/selected-wsweep-hp6_m-t30-w2-newsweep_20260918/seed_1486441653/legalized/03_hp6_m_placement_legal.json,/mnt/d/WORK/96/flow_tap/benchmark/cases_hubump/hp6_m.json,0,/mnt/d/WORK/96/flow_tap/LayoutGenModel/logs/output/cases_hubump/selected-wsweep-hp6_m-t30-w2-newsweep_20260918/seed_1486441653/legalized/03_hp6_m_placement_legal_report.json
hp6_m_t30-w50_seed946615675.json,hp6_m,946615675,30,50,/mnt/d/WORK/96/flow_tap/LayoutGenModel/logs/output/cases_hubump/selected-wsweep-hp6_m-t30-w50-newsweep_20260918/seed_946615675/legalized/03_hp6_m_placement_legal.json,/mnt/d/WORK/96/flow_tap/benchmark/cases_hubump/hp6_m.json,0,/mnt/d/WORK/96/flow_tap/LayoutGenModel/logs/output/cases_hubump/selected-wsweep-hp6_m-t30-w50-newsweep_20260918/seed_946615675/legalized/03_hp6_m_placement_legal_report.json
hp6_m_t30-w50_seed1056634028.json,hp6_m,1056634028,30,50,/mnt/d/WORK/96/flow_tap/LayoutGenModel/logs/output/cases_hubump/selected-wsweep-hp6_m-t30-w50-newsweep_20260918/seed_1056634028/legalized/03_hp6_m_placement_legal.json,/mnt/d/WORK/96/flow_tap/benchmark/cases_hubump/hp6_m.json,0,/mnt/d/WORK/96/flow_tap/LayoutGenModel/logs/output/cases_hubump/selected-wsweep-hp6_m-t30-w50-newsweep_20260918/seed_1056634028/legalized/03_hp6_m_placement_legal_report.json
hp6_m_t30-w50_seed1486441653.json,hp6_m,1486441653,30,50,/mnt/d/WORK/96/flow_tap/LayoutGenModel/logs/output/cases_hubump/selected-wsweep-hp6_m-t30-w50-newsweep_20260918/seed_1486441653/legalized/03_hp6_m_placement_legal.json,/mnt/d/WORK/96/flow_tap/benchmark/cases_hubump/hp6_m.json,0,/mnt/d/WORK/96/flow_tap/LayoutGenModel/logs/output/cases_hubump/selected-wsweep-hp6_m-t30-w50-newsweep_20260918/seed_1486441653/legalized/03_hp6_m_placement_legal_report.json
hp6_m_t100-w0_seed946615675.json,hp6_m,946615675,100,0,/mnt/d/WORK/96/flow_tap/LayoutGenModel/logs/output/cases_hubump/selected-wsweep-hp6_m-t100-w0-newsweep_20260918/seed_946615675/legalized/03_hp6_m_placement_legal.json,/mnt/d/WORK/96/flow_tap/benchmark/cases_hubump/hp6_m.json,0,/mnt/d/WORK/96/flow_tap/LayoutGenModel/logs/output/cases_hubump/selected-wsweep-hp6_m-t100-w0-newsweep_20260918/seed_946615675/legalized/03_hp6_m_placement_legal_report.json
hp6_m_t100-w0_seed1056634028.json,hp6_m,1056634028,100,0,/mnt/d/WORK/96/flow_tap/LayoutGenModel/logs/output/cases_hubump/selected-wsweep-hp6_m-t100-w0-newsweep_20260918/seed_1056634028/legalized/03_hp6_m_placement_legal.json,/mnt/d/WORK/96/flow_tap/benchmark/cases_hubump/hp6_m.json,0,/mnt/d/WORK/96/flow_tap/LayoutGenModel/logs/output/cases_hubump/selected-wsweep-hp6_m-t100-w0-newsweep_20260918/seed_1056634028/legalized/03_hp6_m_placement_legal_report.json
hp6_m_t100-w0_seed1486441653.json,hp6_m,1486441653,100,0,/mnt/d/WORK/96/flow_tap/LayoutGenModel/logs/output/cases_hubump/selected-wsweep-hp6_m-t100-w0-newsweep_20260918/seed_1486441653/legalized/03_hp6_m_placement_legal.json,/mnt/d/WORK/96/flow_tap/benchmark/cases_hubump/hp6_m.json,0,/mnt/d/WORK/96/flow_tap/LayoutGenModel/logs/output/cases_hubump/selected-wsweep-hp6_m-t100-w0-newsweep_20260918/seed_1486441653/legalized/03_hp6_m_placement_legal_report.json
hp6_m_t100-w0p02_seed946615675.json,hp6_m,946615675,100,0.02,/mnt/d/WORK/96/flow_tap/LayoutGenModel/logs/output/cases_hubump/selected-wsweep-hp6_m-t100-w0p02-newsweep_20260918/seed_946615675/legalized/03_hp6_m_placement_legal.json,/mnt/d/WORK/96/flow_tap/benchmark/cases_hubump/hp6_m.json,0,/mnt/d/WORK/96/flow_tap/LayoutGenModel/logs/output/cases_hubump/selected-wsweep-hp6_m-t100-w0p02-newsweep_20260918/seed_946615675/legalized/03_hp6_m_placement_legal_report.json
hp6_m_t100-w0p02_seed1056634028.json,hp6_m,1056634028,100,0.02,/mnt/d/WORK/96/flow_tap/LayoutGenModel/logs/output/cases_hubump/selected-wsweep-hp6_m-t100-w0p02-newsweep_20260918/seed_1056634028/legalized/03_hp6_m_placement_legal.json,/mnt/d/WORK/96/flow_tap/benchmark/cases_hubump/hp6_m.json,0,/mnt/d/WORK/96/flow_tap/LayoutGenModel/logs/output/cases_hubump/selected-wsweep-hp6_m-t100-w0p02-newsweep_20260918/seed_1056634028/legalized/03_hp6_m_placement_legal_report.json
hp6_m_t100-w0p02_seed1486441653.json,hp6_m,1486441653,100,0.02,/mnt/d/WORK/96/flow_tap/LayoutGenModel/logs/output/cases_hubump/selected-wsweep-hp6_m-t100-w0p02-newsweep_20260918/seed_1486441653/legalized/03_hp6_m_placement_legal.json,/mnt/d/WORK/96/flow_tap/benchmark/cases_hubump/hp6_m.json,0,/mnt/d/WORK/96/flow_tap/LayoutGenModel/logs/output/cases_hubump/selected-wsweep-hp6_m-t100-w0p02-newsweep_20260918/seed_1486441653/legalized/03_hp6_m_placement_legal_report.json
hp6_m_t100-w0p2_seed946615675.json,hp6_m,946615675,100,0.2,/mnt/d/WORK/96/flow_tap/LayoutGenModel/logs/output/cases_hubump/selected-wsweep-hp6_m-t100-w0p2-newsweep_20260918/seed_946615675/legalized/03_hp6_m_placement_legal.json,/mnt/d/WORK/96/flow_tap/benchmark/cases_hubump/hp6_m.json,0,/mnt/d/WORK/96/flow_tap/LayoutGenModel/logs/output/cases_hubump/selected-wsweep-hp6_m-t100-w0p2-newsweep_20260918/seed_946615675/legalized/03_hp6_m_placement_legal_report.json
hp6_m_t100-w0p2_seed1056634028.json,hp6_m,1056634028,100,0.2,/mnt/d/WORK/96/flow_tap/LayoutGenModel/logs/output/cases_hubump/selected-wsweep-hp6_m-t100-w0p2-newsweep_20260918/seed_1056634028/legalized/03_hp6_m_placement_legal.json,/mnt/d/WORK/96/flow_tap/benchmark/cases_hubump/hp6_m.json,0,/mnt/d/WORK/96/flow_tap/LayoutGenModel/logs/output/cases_hubump/selected-wsweep-hp6_m-t100-w0p2-newsweep_20260918/seed_1056634028/legalized/03_hp6_m_placement_legal_report.json
hp6_m_t100-w0p2_seed1486441653.json,hp6_m,1486441653,100,0.2,/mnt/d/WORK/96/flow_tap/LayoutGenModel/logs/output/cases_hubump/selected-wsweep-hp6_m-t100-w0p2-newsweep_20260918/seed_1486441653/legalized/03_hp6_m_placement_legal.json,/mnt/d/WORK/96/flow_tap/benchmark/cases_hubump/hp6_m.json,0,/mnt/d/WORK/96/flow_tap/LayoutGenModel/logs/output/cases_hubump/selected-wsweep-hp6_m-t100-w0p2-newsweep_20260918/seed_1486441653/legalized/03_hp6_m_placement_legal_report.json
hp6_m_t100-w2_seed946615675.json,hp6_m,946615675,100,2,/mnt/d/WORK/96/flow_tap/LayoutGenModel/logs/output/cases_hubump/selected-wsweep-hp6_m-t100-w2-newsweep_20260918/seed_946615675/legalized/03_hp6_m_placement_legal.json,/mnt/d/WORK/96/flow_tap/benchmark/cases_hubump/hp6_m.json,0,/mnt/d/WORK/96/flow_tap/LayoutGenModel/logs/output/cases_hubump/selected-wsweep-hp6_m-t100-w2-newsweep_20260918/seed_946615675/legalized/03_hp6_m_placement_legal_report.json
hp6_m_t100-w2_seed1056634028.json,hp6_m,1056634028,100,2,/mnt/d/WORK/96/flow_tap/LayoutGenModel/logs/output/cases_hubump/selected-wsweep-hp6_m-t100-w2-newsweep_20260918/seed_1056634028/legalized/03_hp6_m_placement_legal.json,/mnt/d/WORK/96/flow_tap/benchmark/cases_hubump/hp6_m.json,0,/mnt/d/WORK/96/flow_tap/LayoutGenModel/logs/output/cases_hubump/selected-wsweep-hp6_m-t100-w2-newsweep_20260918/seed_1056634028/legalized/03_hp6_m_placement_legal_report.json
hp6_m_t100-w2_seed1486441653.json,hp6_m,1486441653,100,2,/mnt/d/WORK/96/flow_tap/LayoutGenModel/logs/output/cases_hubump/selected-wsweep-hp6_m-t100-w2-newsweep_20260918/seed_1486441653/legalized/03_hp6_m_placement_legal.json,/mnt/d/WORK/96/flow_tap/benchmark/cases_hubump/hp6_m.json,0,/mnt/d/WORK/96/flow_tap/LayoutGenModel/logs/output/cases_hubump/selected-wsweep-hp6_m-t100-w2-newsweep_20260918/seed_1486441653/legalized/03_hp6_m_placement_legal_report.json
hp6_m_t100-w50_seed946615675.json,hp6_m,946615675,100,50,/mnt/d/WORK/96/flow_tap/LayoutGenModel/logs/output/cases_hubump/selected-wsweep-hp6_m-t100-w50-newsweep_20260918/seed_946615675/legalized/03_hp6_m_placement_legal.json,/mnt/d/WORK/96/flow_tap/benchmark/cases_hubump/hp6_m.json,0,/mnt/d/WORK/96/flow_tap/LayoutGenModel/logs/output/cases_hubump/selected-wsweep-hp6_m-t100-w50-newsweep_20260918/seed_946615675/legalized/03_hp6_m_placement_legal_report.json
hp6_m_t100-w50_seed1056634028.json,hp6_m,1056634028,100,50,/mnt/d/WORK/96/flow_tap/LayoutGenModel/logs/output/cases_hubump/selected-wsweep-hp6_m-t100-w50-newsweep_20260918/seed_1056634028/legalized/03_hp6_m_placement_legal.json,/mnt/d/WORK/96/flow_tap/benchmark/cases_hubump/hp6_m.json,0,/mnt/d/WORK/96/flow_tap/LayoutGenModel/logs/output/cases_hubump/selected-wsweep-hp6_m-t100-w50-newsweep_20260918/seed_1056634028/legalized/03_hp6_m_placement_legal_report.json
hp8_m_t0-w0_seed946615675.json,hp8_m,946615675,0,0,/mnt/d/WORK/96/flow_tap/LayoutGenModel/logs/output/cases_hubump/selected-wsweep-hp8_m-t0-w0-newsweep_20260918/seed_946615675/legalized/04_hp8_m_placement_legal.json,/mnt/d/WORK/96/flow_tap/benchmark/cases_hubump/hp8_m.json,0,/mnt/d/WORK/96/flow_tap/LayoutGenModel/logs/output/cases_hubump/selected-wsweep-hp8_m-t0-w0-newsweep_20260918/seed_946615675/legalized/04_hp8_m_placement_legal_report.json
hp6_m_t100-w50_seed1486441653.json,hp6_m,1486441653,100,50,/mnt/d/WORK/96/flow_tap/LayoutGenModel/logs/output/cases_hubump/selected-wsweep-hp6_m-t100-w50-newsweep_20260918/seed_1486441653/legalized/03_hp6_m_placement_legal.json,/mnt/d/WORK/96/flow_tap/benchmark/cases_hubump/hp6_m.json,0,/mnt/d/WORK/96/flow_tap/LayoutGenModel/logs/output/cases_hubump/selected-wsweep-hp6_m-t100-w50-newsweep_20260918/seed_1486441653/legalized/03_hp6_m_placement_legal_report.json
hp8_m_t0-w0_seed1056634028.json,hp8_m,1056634028,0,0,/mnt/d/WORK/96/flow_tap/LayoutGenModel/logs/output/cases_hubump/selected-wsweep-hp8_m-t0-w0-newsweep_20260918/seed_1056634028/legalized/04_hp8_m_placement_legal.json,/mnt/d/WORK/96/flow_tap/benchmark/cases_hubump/hp8_m.json,0,/mnt/d/WORK/96/flow_tap/LayoutGenModel/logs/output/cases_hubump/selected-wsweep-hp8_m-t0-w0-newsweep_20260918/seed_1056634028/legalized/04_hp8_m_placement_legal_report.json
hp8_m_t0-w0_seed1486441653.json,hp8_m,1486441653,0,0,/mnt/d/WORK/96/flow_tap/LayoutGenModel/logs/output/cases_hubump/selected-wsweep-hp8_m-t0-w0-newsweep_20260918/seed_1486441653/legalized/04_hp8_m_placement_legal.json,/mnt/d/WORK/96/flow_tap/benchmark/cases_hubump/hp8_m.json,0,/mnt/d/WORK/96/flow_tap/LayoutGenModel/logs/output/cases_hubump/selected-wsweep-hp8_m-t0-w0-newsweep_20260918/seed_1486441653/legalized/04_hp8_m_placement_legal_report.json
hp8_m_t0-w0p02_seed1056634028.json,hp8_m,1056634028,0,0.02,/mnt/d/WORK/96/flow_tap/LayoutGenModel/logs/output/cases_hubump/selected-wsweep-hp8_m-t0-w0p02-newsweep_20260918/seed_1056634028/legalized/04_hp8_m_placement_legal.json,/mnt/d/WORK/96/flow_tap/benchmark/cases_hubump/hp8_m.json,0,/mnt/d/WORK/96/flow_tap/LayoutGenModel/logs/output/cases_hubump/selected-wsweep-hp8_m-t0-w0p02-newsweep_20260918/seed_1056634028/legalized/04_hp8_m_placement_legal_report.json
hp8_m_t0-w0p02_seed946615675.json,hp8_m,946615675,0,0.02,/mnt/d/WORK/96/flow_tap/LayoutGenModel/logs/output/cases_hubump/selected-wsweep-hp8_m-t0-w0p02-newsweep_20260918/seed_946615675/legalized/04_hp8_m_placement_legal.json,/mnt/d/WORK/96/flow_tap/benchmark/cases_hubump/hp8_m.json,0,/mnt/d/WORK/96/flow_tap/LayoutGenModel/logs/output/cases_hubump/selected-wsweep-hp8_m-t0-w0p02-newsweep_20260918/seed_946615675/legalized/04_hp8_m_placement_legal_report.json
hp8_m_t0-w0p02_seed1486441653.json,hp8_m,1486441653,0,0.02,/mnt/d/WORK/96/flow_tap/LayoutGenModel/logs/output/cases_hubump/selected-wsweep-hp8_m-t0-w0p02-newsweep_20260918/seed_1486441653/legalized/04_hp8_m_placement_legal.json,/mnt/d/WORK/96/flow_tap/benchmark/cases_hubump/hp8_m.json,0,/mnt/d/WORK/96/flow_tap/LayoutGenModel/logs/output/cases_hubump/selected-wsweep-hp8_m-t0-w0p02-newsweep_20260918/seed_1486441653/legalized/04_hp8_m_placement_legal_report.json
hp8_m_t0-w0p2_seed1056634028.json,hp8_m,1056634028,0,0.2,/mnt/d/WORK/96/flow_tap/LayoutGenModel/logs/output/cases_hubump/selected-wsweep-hp8_m-t0-w0p2-newsweep_20260918/seed_1056634028/legalized/04_hp8_m_placement_legal.json,/mnt/d/WORK/96/flow_tap/benchmark/cases_hubump/hp8_m.json,0,/mnt/d/WORK/96/flow_tap/LayoutGenModel/logs/output/cases_hubump/selected-wsweep-hp8_m-t0-w0p2-newsweep_20260918/seed_1056634028/legalized/04_hp8_m_placement_legal_report.json
hp8_m_t0-w0p2_seed946615675.json,hp8_m,946615675,0,0.2,/mnt/d/WORK/96/flow_tap/LayoutGenModel/logs/output/cases_hubump/selected-wsweep-hp8_m-t0-w0p2-newsweep_20260918/seed_946615675/legalized/04_hp8_m_placement_legal.json,/mnt/d/WORK/96/flow_tap/benchmark/cases_hubump/hp8_m.json,0,/mnt/d/WORK/96/flow_tap/LayoutGenModel/logs/output/cases_hubump/selected-wsweep-hp8_m-t0-w0p2-newsweep_20260918/seed_946615675/legalized/04_hp8_m_placement_legal_report.json
hp8_m_t0-w0p2_seed1486441653.json,hp8_m,1486441653,0,0.2,/mnt/d/WORK/96/flow_tap/LayoutGenModel/logs/output/cases_hubump/selected-wsweep-hp8_m-t0-w0p2-newsweep_20260918/seed_1486441653/legalized/04_hp8_m_placement_legal.json,/mnt/d/WORK/96/flow_tap/benchmark/cases_hubump/hp8_m.json,0,/mnt/d/WORK/96/flow_tap/LayoutGenModel/logs/output/cases_hubump/selected-wsweep-hp8_m-t0-w0p2-newsweep_20260918/seed_1486441653/legalized/04_hp8_m_placement_legal_report.json
hp8_m_t0-w2_seed946615675.json,hp8_m,946615675,0,2,/mnt/d/WORK/96/flow_tap/LayoutGenModel/logs/output/cases_hubump/selected-wsweep-hp8_m-t0-w2-newsweep_20260918/seed_946615675/legalized/04_hp8_m_placement_legal.json,/mnt/d/WORK/96/flow_tap/benchmark/cases_hubump/hp8_m.json,0,/mnt/d/WORK/96/flow_tap/LayoutGenModel/logs/output/cases_hubump/selected-wsweep-hp8_m-t0-w2-newsweep_20260918/seed_946615675/legalized/04_hp8_m_placement_legal_report.json
hp8_m_t0-w2_seed1056634028.json,hp8_m,1056634028,0,2,/mnt/d/WORK/96/flow_tap/LayoutGenModel/logs/output/cases_hubump/selected-wsweep-hp8_m-t0-w2-newsweep_20260918/seed_1056634028/legalized/04_hp8_m_placement_legal.json,/mnt/d/WORK/96/flow_tap/benchmark/cases_hubump/hp8_m.json,0,/mnt/d/WORK/96/flow_tap/LayoutGenModel/logs/output/cases_hubump/selected-wsweep-hp8_m-t0-w2-newsweep_20260918/seed_1056634028/legalized/04_hp8_m_placement_legal_report.json
hp8_m_t0-w2_seed1486441653.json,hp8_m,1486441653,0,2,/mnt/d/WORK/96/flow_tap/LayoutGenModel/logs/output/cases_hubump/selected-wsweep-hp8_m-t0-w2-newsweep_20260918/seed_1486441653/legalized/04_hp8_m_placement_legal.json,/mnt/d/WORK/96/flow_tap/benchmark/cases_hubump/hp8_m.json,0,/mnt/d/WORK/96/flow_tap/LayoutGenModel/logs/output/cases_hubump/selected-wsweep-hp8_m-t0-w2-newsweep_20260918/seed_1486441653/legalized/04_hp8_m_placement_legal_report.json
hp8_m_t0-w50_seed946615675.json,hp8_m,946615675,0,50,/mnt/d/WORK/96/flow_tap/LayoutGenModel/logs/output/cases_hubump/selected-wsweep-hp8_m-t0-w50-newsweep_20260918/seed_946615675/legalized/04_hp8_m_placement_legal.json,/mnt/d/WORK/96/flow_tap/benchmark/cases_hubump/hp8_m.json,0,/mnt/d/WORK/96/flow_tap/LayoutGenModel/logs/output/cases_hubump/selected-wsweep-hp8_m-t0-w50-newsweep_20260918/seed_946615675/legalized/04_hp8_m_placement_legal_report.json
hp8_m_t0-w50_seed1056634028.json,hp8_m,1056634028,0,50,/mnt/d/WORK/96/flow_tap/LayoutGenModel/logs/output/cases_hubump/selected-wsweep-hp8_m-t0-w50-newsweep_20260918/seed_1056634028/legalized/04_hp8_m_placement_legal.json,/mnt/d/WORK/96/flow_tap/benchmark/cases_hubump/hp8_m.json,0,/mnt/d/WORK/96/flow_tap/LayoutGenModel/logs/output/cases_hubump/selected-wsweep-hp8_m-t0-w50-newsweep_20260918/seed_1056634028/legalized/04_hp8_m_placement_legal_report.json
hp8_m_t0-w50_seed1486441653.json,hp8_m,1486441653,0,50,/mnt/d/WORK/96/flow_tap/LayoutGenModel/logs/output/cases_hubump/selected-wsweep-hp8_m-t0-w50-newsweep_20260918/seed_1486441653/legalized/04_hp8_m_placement_legal.json,/mnt/d/WORK/96/flow_tap/benchmark/cases_hubump/hp8_m.json,0,/mnt/d/WORK/96/flow_tap/LayoutGenModel/logs/output/cases_hubump/selected-wsweep-hp8_m-t0-w50-newsweep_20260918/seed_1486441653/legalized/04_hp8_m_placement_legal_report.json
hp8_m_t0p01-w0_seed946615675.json,hp8_m,946615675,0.01,0,/mnt/d/WORK/96/flow_tap/LayoutGenModel/logs/output/cases_hubump/selected-wsweep-hp8_m-t0p01-w0-newsweep_20260918/seed_946615675/legalized/04_hp8_m_placement_legal.json,/mnt/d/WORK/96/flow_tap/benchmark/cases_hubump/hp8_m.json,0,/mnt/d/WORK/96/flow_tap/LayoutGenModel/logs/output/cases_hubump/selected-wsweep-hp8_m-t0p01-w0-newsweep_20260918/seed_946615675/legalized/04_hp8_m_placement_legal_report.json
hp8_m_t0p01-w0_seed1056634028.json,hp8_m,1056634028,0.01,0,/mnt/d/WORK/96/flow_tap/LayoutGenModel/logs/output/cases_hubump/selected-wsweep-hp8_m-t0p01-w0-newsweep_20260918/seed_1056634028/legalized/04_hp8_m_placement_legal.json,/mnt/d/WORK/96/flow_tap/benchmark/cases_hubump/hp8_m.json,0,/mnt/d/WORK/96/flow_tap/LayoutGenModel/logs/output/cases_hubump/selected-wsweep-hp8_m-t0p01-w0-newsweep_20260918/seed_1056634028/legalized/04_hp8_m_placement_legal_report.json
hp8_m_t0p01-w0_seed1486441653.json,hp8_m,1486441653,0.01,0,/mnt/d/WORK/96/flow_tap/LayoutGenModel/logs/output/cases_hubump/selected-wsweep-hp8_m-t0p01-w0-newsweep_20260918/seed_1486441653/legalized/04_hp8_m_placement_legal.json,/mnt/d/WORK/96/flow_tap/benchmark/cases_hubump/hp8_m.json,0,/mnt/d/WORK/96/flow_tap/LayoutGenModel/logs/output/cases_hubump/selected-wsweep-hp8_m-t0p01-w0-newsweep_20260918/seed_1486441653/legalized/04_hp8_m_placement_legal_report.json
hp8_m_t0p01-w0p02_seed946615675.json,hp8_m,946615675,0.01,0.02,/mnt/d/WORK/96/flow_tap/LayoutGenModel/logs/output/cases_hubump/selected-wsweep-hp8_m-t0p01-w0p02-newsweep_20260918/seed_946615675/legalized/04_hp8_m_placement_legal.json,/mnt/d/WORK/96/flow_tap/benchmark/cases_hubump/hp8_m.json,0,/mnt/d/WORK/96/flow_tap/LayoutGenModel/logs/output/cases_hubump/selected-wsweep-hp8_m-t0p01-w0p02-newsweep_20260918/seed_946615675/legalized/04_hp8_m_placement_legal_report.json
hp8_m_t0p01-w0p02_seed1056634028.json,hp8_m,1056634028,0.01,0.02,/mnt/d/WORK/96/flow_tap/LayoutGenModel/logs/output/cases_hubump/selected-wsweep-hp8_m-t0p01-w0p02-newsweep_20260918/seed_1056634028/legalized/04_hp8_m_placement_legal.json,/mnt/d/WORK/96/flow_tap/benchmark/cases_hubump/hp8_m.json,0,/mnt/d/WORK/96/flow_tap/LayoutGenModel/logs/output/cases_hubump/selected-wsweep-hp8_m-t0p01-w0p02-newsweep_20260918/seed_1056634028/legalized/04_hp8_m_placement_legal_report.json
hp8_m_t0p01-w0p02_seed1486441653.json,hp8_m,1486441653,0.01,0.02,/mnt/d/WORK/96/flow_tap/LayoutGenModel/logs/output/cases_hubump/selected-wsweep-hp8_m-t0p01-w0p02-newsweep_20260918/seed_1486441653/legalized/04_hp8_m_placement_legal.json,/mnt/d/WORK/96/flow_tap/benchmark/cases_hubump/hp8_m.json,0,/mnt/d/WORK/96/flow_tap/LayoutGenModel/logs/output/cases_hubump/selected-wsweep-hp8_m-t0p01-w0p02-newsweep_20260918/seed_1486441653/legalized/04_hp8_m_placement_legal_report.json
hp8_m_t0p01-w0p2_seed946615675.json,hp8_m,946615675,0.01,0.2,/mnt/d/WORK/96/flow_tap/LayoutGenModel/logs/output/cases_hubump/selected-wsweep-hp8_m-t0p01-w0p2-newsweep_20260918/seed_946615675/legalized/04_hp8_m_placement_legal.json,/mnt/d/WORK/96/flow_tap/benchmark/cases_hubump/hp8_m.json,0,/mnt/d/WORK/96/flow_tap/LayoutGenModel/logs/output/cases_hubump/selected-wsweep-hp8_m-t0p01-w0p2-newsweep_20260918/seed_946615675/legalized/04_hp8_m_placement_legal_report.json
hp8_m_t0p01-w0p2_seed1056634028.json,hp8_m,1056634028,0.01,0.2,/mnt/d/WORK/96/flow_tap/LayoutGenModel/logs/output/cases_hubump/selected-wsweep-hp8_m-t0p01-w0p2-newsweep_20260918/seed_1056634028/legalized/04_hp8_m_placement_legal.json,/mnt/d/WORK/96/flow_tap/benchmark/cases_hubump/hp8_m.json,0,/mnt/d/WORK/96/flow_tap/LayoutGenModel/logs/output/cases_hubump/selected-wsweep-hp8_m-t0p01-w0p2-newsweep_20260918/seed_1056634028/legalized/04_hp8_m_placement_legal_report.json
hp8_m_t0p01-w0p2_seed1486441653.json,hp8_m,1486441653,0.01,0.2,/mnt/d/WORK/96/flow_tap/LayoutGenModel/logs/output/cases_hubump/selected-wsweep-hp8_m-t0p01-w0p2-newsweep_20260918/seed_1486441653/legalized/04_hp8_m_placement_legal.json,/mnt/d/WORK/96/flow_tap/benchmark/cases_hubump/hp8_m.json,0,/mnt/d/WORK/96/flow_tap/LayoutGenModel/logs/output/cases_hubump/selected-wsweep-hp8_m-t0p01-w0p2-newsweep_20260918/seed_1486441653/legalized/04_hp8_m_placement_legal_report.json
hp8_m_t0p01-w2_seed946615675.json,hp8_m,946615675,0.01,2,/mnt/d/WORK/96/flow_tap/LayoutGenModel/logs/output/cases_hubump/selected-wsweep-hp8_m-t0p01-w2-newsweep_20260918/seed_946615675/legalized/04_hp8_m_placement_legal.json,/mnt/d/WORK/96/flow_tap/benchmark/cases_hubump/hp8_m.json,0,/mnt/d/WORK/96/flow_tap/LayoutGenModel/logs/output/cases_hubump/selected-wsweep-hp8_m-t0p01-w2-newsweep_20260918/seed_946615675/legalized/04_hp8_m_placement_legal_report.json
hp8_m_t0p01-w2_seed1056634028.json,hp8_m,1056634028,0.01,2,/mnt/d/WORK/96/flow_tap/LayoutGenModel/logs/output/cases_hubump/selected-wsweep-hp8_m-t0p01-w2-newsweep_20260918/seed_1056634028/legalized/04_hp8_m_placement_legal.json,/mnt/d/WORK/96/flow_tap/benchmark/cases_hubump/hp8_m.json,0,/mnt/d/WORK/96/flow_tap/LayoutGenModel/logs/output/cases_hubump/selected-wsweep-hp8_m-t0p01-w2-newsweep_20260918/seed_1056634028/legalized/04_hp8_m_placement_legal_report.json
hp8_m_t0p01-w2_seed1486441653.json,hp8_m,1486441653,0.01,2,/mnt/d/WORK/96/flow_tap/LayoutGenModel/logs/output/cases_hubump/selected-wsweep-hp8_m-t0p01-w2-newsweep_20260918/seed_1486441653/legalized/04_hp8_m_placement_legal.json,/mnt/d/WORK/96/flow_tap/benchmark/cases_hubump/hp8_m.json,0,/mnt/d/WORK/96/flow_tap/LayoutGenModel/logs/output/cases_hubump/selected-wsweep-hp8_m-t0p01-w2-newsweep_20260918/seed_1486441653/legalized/04_hp8_m_placement_legal_report.json
hp8_m_t0p01-w50_seed946615675.json,hp8_m,946615675,0.01,50,/mnt/d/WORK/96/flow_tap/LayoutGenModel/logs/output/cases_hubump/selected-wsweep-hp8_m-t0p01-w50-newsweep_20260918/seed_946615675/legalized/04_hp8_m_placement_legal.json,/mnt/d/WORK/96/flow_tap/benchmark/cases_hubump/hp8_m.json,0,/mnt/d/WORK/96/flow_tap/LayoutGenModel/logs/output/cases_hubump/selected-wsweep-hp8_m-t0p01-w50-newsweep_20260918/seed_946615675/legalized/04_hp8_m_placement_legal_report.json
hp8_m_t0p01-w50_seed1056634028.json,hp8_m,1056634028,0.01,50,/mnt/d/WORK/96/flow_tap/LayoutGenModel/logs/output/cases_hubump/selected-wsweep-hp8_m-t0p01-w50-newsweep_20260918/seed_1056634028/legalized/04_hp8_m_placement_legal.json,/mnt/d/WORK/96/flow_tap/benchmark/cases_hubump/hp8_m.json,0,/mnt/d/WORK/96/flow_tap/LayoutGenModel/logs/output/cases_hubump/selected-wsweep-hp8_m-t0p01-w50-newsweep_20260918/seed_1056634028/legalized/04_hp8_m_placement_legal_report.json
hp8_m_t0p01-w50_seed1486441653.json,hp8_m,1486441653,0.01,50,/mnt/d/WORK/96/flow_tap/LayoutGenModel/logs/output/cases_hubump/selected-wsweep-hp8_m-t0p01-w50-newsweep_20260918/seed_1486441653/legalized/04_hp8_m_placement_legal.json,/mnt/d/WORK/96/flow_tap/benchmark/cases_hubump/hp8_m.json,0,/mnt/d/WORK/96/flow_tap/LayoutGenModel/logs/output/cases_hubump/selected-wsweep-hp8_m-t0p01-w50-newsweep_20260918/seed_1486441653/legalized/04_hp8_m_placement_legal_report.json
hp8_m_t0p03-w0_seed946615675.json,hp8_m,946615675,0.03,0,/mnt/d/WORK/96/flow_tap/LayoutGenModel/logs/output/cases_hubump/selected-wsweep-hp8_m-t0p03-w0-newsweep_20260918/seed_946615675/legalized/04_hp8_m_placement_legal.json,/mnt/d/WORK/96/flow_tap/benchmark/cases_hubump/hp8_m.json,0,/mnt/d/WORK/96/flow_tap/LayoutGenModel/logs/output/cases_hubump/selected-wsweep-hp8_m-t0p03-w0-newsweep_20260918/seed_946615675/legalized/04_hp8_m_placement_legal_report.json
hp8_m_t0p03-w0_seed1056634028.json,hp8_m,1056634028,0.03,0,/mnt/d/WORK/96/flow_tap/LayoutGenModel/logs/output/cases_hubump/selected-wsweep-hp8_m-t0p03-w0-newsweep_20260918/seed_1056634028/legalized/04_hp8_m_placement_legal.json,/mnt/d/WORK/96/flow_tap/benchmark/cases_hubump/hp8_m.json,0,/mnt/d/WORK/96/flow_tap/LayoutGenModel/logs/output/cases_hubump/selected-wsweep-hp8_m-t0p03-w0-newsweep_20260918/seed_1056634028/legalized/04_hp8_m_placement_legal_report.json
hp8_m_t0p03-w0_seed1486441653.json,hp8_m,1486441653,0.03,0,/mnt/d/WORK/96/flow_tap/LayoutGenModel/logs/output/cases_hubump/selected-wsweep-hp8_m-t0p03-w0-newsweep_20260918/seed_1486441653/legalized/04_hp8_m_placement_legal.json,/mnt/d/WORK/96/flow_tap/benchmark/cases_hubump/hp8_m.json,0,/mnt/d/WORK/96/flow_tap/LayoutGenModel/logs/output/cases_hubump/selected-wsweep-hp8_m-t0p03-w0-newsweep_20260918/seed_1486441653/legalized/04_hp8_m_placement_legal_report.json
hp8_m_t0p03-w0p02_seed946615675.json,hp8_m,946615675,0.03,0.02,/mnt/d/WORK/96/flow_tap/LayoutGenModel/logs/output/cases_hubump/selected-wsweep-hp8_m-t0p03-w0p02-newsweep_20260918/seed_946615675/legalized/04_hp8_m_placement_legal.json,/mnt/d/WORK/96/flow_tap/benchmark/cases_hubump/hp8_m.json,0,/mnt/d/WORK/96/flow_tap/LayoutGenModel/logs/output/cases_hubump/selected-wsweep-hp8_m-t0p03-w0p02-newsweep_20260918/seed_946615675/legalized/04_hp8_m_placement_legal_report.json
hp8_m_t0p03-w0p02_seed1056634028.json,hp8_m,1056634028,0.03,0.02,/mnt/d/WORK/96/flow_tap/LayoutGenModel/logs/output/cases_hubump/selected-wsweep-hp8_m-t0p03-w0p02-newsweep_20260918/seed_1056634028/legalized/04_hp8_m_placement_legal.json,/mnt/d/WORK/96/flow_tap/benchmark/cases_hubump/hp8_m.json,0,/mnt/d/WORK/96/flow_tap/LayoutGenModel/logs/output/cases_hubump/selected-wsweep-hp8_m-t0p03-w0p02-newsweep_20260918/seed_1056634028/legalized/04_hp8_m_placement_legal_report.json
hp8_m_t0p03-w0p02_seed1486441653.json,hp8_m,1486441653,0.03,0.02,/mnt/d/WORK/96/flow_tap/LayoutGenModel/logs/output/cases_hubump/selected-wsweep-hp8_m-t0p03-w0p02-newsweep_20260918/seed_1486441653/legalized/04_hp8_m_placement_legal.json,/mnt/d/WORK/96/flow_tap/benchmark/cases_hubump/hp8_m.json,0,/mnt/d/WORK/96/flow_tap/LayoutGenModel/logs/output/cases_hubump/selected-wsweep-hp8_m-t0p03-w0p02-newsweep_20260918/seed_1486441653/legalized/04_hp8_m_placement_legal_report.json
hp8_m_t0p03-w0p2_seed946615675.json,hp8_m,946615675,0.03,0.2,/mnt/d/WORK/96/flow_tap/LayoutGenModel/logs/output/cases_hubump/selected-wsweep-hp8_m-t0p03-w0p2-newsweep_20260918/seed_946615675/legalized/04_hp8_m_placement_legal.json,/mnt/d/WORK/96/flow_tap/benchmark/cases_hubump/hp8_m.json,0,/mnt/d/WORK/96/flow_tap/LayoutGenModel/logs/output/cases_hubump/selected-wsweep-hp8_m-t0p03-w0p2-newsweep_20260918/seed_946615675/legalized/04_hp8_m_placement_legal_report.json
hp8_m_t0p03-w0p2_seed1056634028.json,hp8_m,1056634028,0.03,0.2,/mnt/d/WORK/96/flow_tap/LayoutGenModel/logs/output/cases_hubump/selected-wsweep-hp8_m-t0p03-w0p2-newsweep_20260918/seed_1056634028/legalized/04_hp8_m_placement_legal.json,/mnt/d/WORK/96/flow_tap/benchmark/cases_hubump/hp8_m.json,0,/mnt/d/WORK/96/flow_tap/LayoutGenModel/logs/output/cases_hubump/selected-wsweep-hp8_m-t0p03-w0p2-newsweep_20260918/seed_1056634028/legalized/04_hp8_m_placement_legal_report.json
hp8_m_t0p03-w0p2_seed1486441653.json,hp8_m,1486441653,0.03,0.2,/mnt/d/WORK/96/flow_tap/LayoutGenModel/logs/output/cases_hubump/selected-wsweep-hp8_m-t0p03-w0p2-newsweep_20260918/seed_1486441653/legalized/04_hp8_m_placement_legal.json,/mnt/d/WORK/96/flow_tap/benchmark/cases_hubump/hp8_m.json,0,/mnt/d/WORK/96/flow_tap/LayoutGenModel/logs/output/cases_hubump/selected-wsweep-hp8_m-t0p03-w0p2-newsweep_20260918/seed_1486441653/legalized/04_hp8_m_placement_legal_report.json
hp8_m_t0p03-w2_seed946615675.json,hp8_m,946615675,0.03,2,/mnt/d/WORK/96/flow_tap/LayoutGenModel/logs/output/cases_hubump/selected-wsweep-hp8_m-t0p03-w2-newsweep_20260918/seed_946615675/legalized/04_hp8_m_placement_legal.json,/mnt/d/WORK/96/flow_tap/benchmark/cases_hubump/hp8_m.json,0,/mnt/d/WORK/96/flow_tap/LayoutGenModel/logs/output/cases_hubump/selected-wsweep-hp8_m-t0p03-w2-newsweep_20260918/seed_946615675/legalized/04_hp8_m_placement_legal_report.json
hp8_m_t0p03-w2_seed1056634028.json,hp8_m,1056634028,0.03,2,/mnt/d/WORK/96/flow_tap/LayoutGenModel/logs/output/cases_hubump/selected-wsweep-hp8_m-t0p03-w2-newsweep_20260918/seed_1056634028/legalized/04_hp8_m_placement_legal.json,/mnt/d/WORK/96/flow_tap/benchmark/cases_hubump/hp8_m.json,0,/mnt/d/WORK/96/flow_tap/LayoutGenModel/logs/output/cases_hubump/selected-wsweep-hp8_m-t0p03-w2-newsweep_20260918/seed_1056634028/legalized/04_hp8_m_placement_legal_report.json
hp8_m_t0p03-w2_seed1486441653.json,hp8_m,1486441653,0.03,2,/mnt/d/WORK/96/flow_tap/LayoutGenModel/logs/output/cases_hubump/selected-wsweep-hp8_m-t0p03-w2-newsweep_20260918/seed_1486441653/legalized/04_hp8_m_placement_legal.json,/mnt/d/WORK/96/flow_tap/benchmark/cases_hubump/hp8_m.json,0,/mnt/d/WORK/96/flow_tap/LayoutGenModel/logs/output/cases_hubump/selected-wsweep-hp8_m-t0p03-w2-newsweep_20260918/seed_1486441653/legalized/04_hp8_m_placement_legal_report.json
hp8_m_t0p03-w50_seed946615675.json,hp8_m,946615675,0.03,50,/mnt/d/WORK/96/flow_tap/LayoutGenModel/logs/output/cases_hubump/selected-wsweep-hp8_m-t0p03-w50-newsweep_20260918/seed_946615675/legalized/04_hp8_m_placement_legal.json,/mnt/d/WORK/96/flow_tap/benchmark/cases_hubump/hp8_m.json,0,/mnt/d/WORK/96/flow_tap/LayoutGenModel/logs/output/cases_hubump/selected-wsweep-hp8_m-t0p03-w50-newsweep_20260918/seed_946615675/legalized/04_hp8_m_placement_legal_report.json
hp8_m_t0p03-w50_seed1056634028.json,hp8_m,1056634028,0.03,50,/mnt/d/WORK/96/flow_tap/LayoutGenModel/logs/output/cases_hubump/selected-wsweep-hp8_m-t0p03-w50-newsweep_20260918/seed_1056634028/legalized/04_hp8_m_placement_legal.json,/mnt/d/WORK/96/flow_tap/benchmark/cases_hubump/hp8_m.json,0,/mnt/d/WORK/96/flow_tap/LayoutGenModel/logs/output/cases_hubump/selected-wsweep-hp8_m-t0p03-w50-newsweep_20260918/seed_1056634028/legalized/04_hp8_m_placement_legal_report.json
hp8_m_t0p03-w50_seed1486441653.json,hp8_m,1486441653,0.03,50,/mnt/d/WORK/96/flow_tap/LayoutGenModel/logs/output/cases_hubump/selected-wsweep-hp8_m-t0p03-w50-newsweep_20260918/seed_1486441653/legalized/04_hp8_m_placement_legal.json,/mnt/d/WORK/96/flow_tap/benchmark/cases_hubump/hp8_m.json,0,/mnt/d/WORK/96/flow_tap/LayoutGenModel/logs/output/cases_hubump/selected-wsweep-hp8_m-t0p03-w50-newsweep_20260918/seed_1486441653/legalized/04_hp8_m_placement_legal_report.json
hp8_m_t0p1-w0_seed1056634028.json,hp8_m,1056634028,0.1,0,/mnt/d/WORK/96/flow_tap/LayoutGenModel/logs/output/cases_hubump/selected-wsweep-hp8_m-t0p1-w0-newsweep_20260918/seed_1056634028/legalized/04_hp8_m_placement_legal.json,/mnt/d/WORK/96/flow_tap/benchmark/cases_hubump/hp8_m.json,0,/mnt/d/WORK/96/flow_tap/LayoutGenModel/logs/output/cases_hubump/selected-wsweep-hp8_m-t0p1-w0-newsweep_20260918/seed_1056634028/legalized/04_hp8_m_placement_legal_report.json
hp8_m_t0p1-w0_seed946615675.json,hp8_m,946615675,0.1,0,/mnt/d/WORK/96/flow_tap/LayoutGenModel/logs/output/cases_hubump/selected-wsweep-hp8_m-t0p1-w0-newsweep_20260918/seed_946615675/legalized/04_hp8_m_placement_legal.json,/mnt/d/WORK/96/flow_tap/benchmark/cases_hubump/hp8_m.json,0,/mnt/d/WORK/96/flow_tap/LayoutGenModel/logs/output/cases_hubump/selected-wsweep-hp8_m-t0p1-w0-newsweep_20260918/seed_946615675/legalized/04_hp8_m_placement_legal_report.json
hp8_m_t0p1-w0_seed1486441653.json,hp8_m,1486441653,0.1,0,/mnt/d/WORK/96/flow_tap/LayoutGenModel/logs/output/cases_hubump/selected-wsweep-hp8_m-t0p1-w0-newsweep_20260918/seed_1486441653/legalized/04_hp8_m_placement_legal.json,/mnt/d/WORK/96/flow_tap/benchmark/cases_hubump/hp8_m.json,0,/mnt/d/WORK/96/flow_tap/LayoutGenModel/logs/output/cases_hubump/selected-wsweep-hp8_m-t0p1-w0-newsweep_20260918/seed_1486441653/legalized/04_hp8_m_placement_legal_report.json
hp8_m_t0p1-w0p02_seed1056634028.json,hp8_m,1056634028,0.1,0.02,/mnt/d/WORK/96/flow_tap/LayoutGenModel/logs/output/cases_hubump/selected-wsweep-hp8_m-t0p1-w0p02-newsweep_20260918/seed_1056634028/legalized/04_hp8_m_placement_legal.json,/mnt/d/WORK/96/flow_tap/benchmark/cases_hubump/hp8_m.json,0,/mnt/d/WORK/96/flow_tap/LayoutGenModel/logs/output/cases_hubump/selected-wsweep-hp8_m-t0p1-w0p02-newsweep_20260918/seed_1056634028/legalized/04_hp8_m_placement_legal_report.json
hp8_m_t0p1-w0p02_seed946615675.json,hp8_m,946615675,0.1,0.02,/mnt/d/WORK/96/flow_tap/LayoutGenModel/logs/output/cases_hubump/selected-wsweep-hp8_m-t0p1-w0p02-newsweep_20260918/seed_946615675/legalized/04_hp8_m_placement_legal.json,/mnt/d/WORK/96/flow_tap/benchmark/cases_hubump/hp8_m.json,0,/mnt/d/WORK/96/flow_tap/LayoutGenModel/logs/output/cases_hubump/selected-wsweep-hp8_m-t0p1-w0p02-newsweep_20260918/seed_946615675/legalized/04_hp8_m_placement_legal_report.json
hp8_m_t0p1-w0p02_seed1486441653.json,hp8_m,1486441653,0.1,0.02,/mnt/d/WORK/96/flow_tap/LayoutGenModel/logs/output/cases_hubump/selected-wsweep-hp8_m-t0p1-w0p02-newsweep_20260918/seed_1486441653/legalized/04_hp8_m_placement_legal.json,/mnt/d/WORK/96/flow_tap/benchmark/cases_hubump/hp8_m.json,0,/mnt/d/WORK/96/flow_tap/LayoutGenModel/logs/output/cases_hubump/selected-wsweep-hp8_m-t0p1-w0p02-newsweep_20260918/seed_1486441653/legalized/04_hp8_m_placement_legal_report.json
hp8_m_t0p1-w0p2_seed946615675.json,hp8_m,946615675,0.1,0.2,/mnt/d/WORK/96/flow_tap/LayoutGenModel/logs/output/cases_hubump/selected-wsweep-hp8_m-t0p1-w0p2-newsweep_20260918/seed_946615675/legalized/04_hp8_m_placement_legal.json,/mnt/d/WORK/96/flow_tap/benchmark/cases_hubump/hp8_m.json,0,/mnt/d/WORK/96/flow_tap/LayoutGenModel/logs/output/cases_hubump/selected-wsweep-hp8_m-t0p1-w0p2-newsweep_20260918/seed_946615675/legalized/04_hp8_m_placement_legal_report.json
hp8_m_t0p1-w0p2_seed1056634028.json,hp8_m,1056634028,0.1,0.2,/mnt/d/WORK/96/flow_tap/LayoutGenModel/logs/output/cases_hubump/selected-wsweep-hp8_m-t0p1-w0p2-newsweep_20260918/seed_1056634028/legalized/04_hp8_m_placement_legal.json,/mnt/d/WORK/96/flow_tap/benchmark/cases_hubump/hp8_m.json,0,/mnt/d/WORK/96/flow_tap/LayoutGenModel/logs/output/cases_hubump/selected-wsweep-hp8_m-t0p1-w0p2-newsweep_20260918/seed_1056634028/legalized/04_hp8_m_placement_legal_report.json
hp8_m_t0p1-w0p2_seed1486441653.json,hp8_m,1486441653,0.1,0.2,/mnt/d/WORK/96/flow_tap/LayoutGenModel/logs/output/cases_hubump/selected-wsweep-hp8_m-t0p1-w0p2-newsweep_20260918/seed_1486441653/legalized/04_hp8_m_placement_legal.json,/mnt/d/WORK/96/flow_tap/benchmark/cases_hubump/hp8_m.json,0,/mnt/d/WORK/96/flow_tap/LayoutGenModel/logs/output/cases_hubump/selected-wsweep-hp8_m-t0p1-w0p2-newsweep_20260918/seed_1486441653/legalized/04_hp8_m_placement_legal_report.json
hp8_m_t0p1-w2_seed946615675.json,hp8_m,946615675,0.1,2,/mnt/d/WORK/96/flow_tap/LayoutGenModel/logs/output/cases_hubump/selected-wsweep-hp8_m-t0p1-w2-newsweep_20260918/seed_946615675/legalized/04_hp8_m_placement_legal.json,/mnt/d/WORK/96/flow_tap/benchmark/cases_hubump/hp8_m.json,0,/mnt/d/WORK/96/flow_tap/LayoutGenModel/logs/output/cases_hubump/selected-wsweep-hp8_m-t0p1-w2-newsweep_20260918/seed_946615675/legalized/04_hp8_m_placement_legal_report.json
hp8_m_t0p1-w2_seed1056634028.json,hp8_m,1056634028,0.1,2,/mnt/d/WORK/96/flow_tap/LayoutGenModel/logs/output/cases_hubump/selected-wsweep-hp8_m-t0p1-w2-newsweep_20260918/seed_1056634028/legalized/04_hp8_m_placement_legal.json,/mnt/d/WORK/96/flow_tap/benchmark/cases_hubump/hp8_m.json,0,/mnt/d/WORK/96/flow_tap/LayoutGenModel/logs/output/cases_hubump/selected-wsweep-hp8_m-t0p1-w2-newsweep_20260918/seed_1056634028/legalized/04_hp8_m_placement_legal_report.json
hp8_m_t0p1-w2_seed1486441653.json,hp8_m,1486441653,0.1,2,/mnt/d/WORK/96/flow_tap/LayoutGenModel/logs/output/cases_hubump/selected-wsweep-hp8_m-t0p1-w2-newsweep_20260918/seed_1486441653/legalized/04_hp8_m_placement_legal.json,/mnt/d/WORK/96/flow_tap/benchmark/cases_hubump/hp8_m.json,0,/mnt/d/WORK/96/flow_tap/LayoutGenModel/logs/output/cases_hubump/selected-wsweep-hp8_m-t0p1-w2-newsweep_20260918/seed_1486441653/legalized/04_hp8_m_placement_legal_report.json
hp8_m_t0p1-w50_seed946615675.json,hp8_m,946615675,0.1,50,/mnt/d/WORK/96/flow_tap/LayoutGenModel/logs/output/cases_hubump/selected-wsweep-hp8_m-t0p1-w50-newsweep_20260918/seed_946615675/legalized/04_hp8_m_placement_legal.json,/mnt/d/WORK/96/flow_tap/benchmark/cases_hubump/hp8_m.json,0,/mnt/d/WORK/96/flow_tap/LayoutGenModel/logs/output/cases_hubump/selected-wsweep-hp8_m-t0p1-w50-newsweep_20260918/seed_946615675/legalized/04_hp8_m_placement_legal_report.json
hp8_m_t0p1-w50_seed1486441653.json,hp8_m,1486441653,0.1,50,/mnt/d/WORK/96/flow_tap/LayoutGenModel/logs/output/cases_hubump/selected-wsweep-hp8_m-t0p1-w50-newsweep_20260918/seed_1486441653/legalized/04_hp8_m_placement_legal.json,/mnt/d/WORK/96/flow_tap/benchmark/cases_hubump/hp8_m.json,0,/mnt/d/WORK/96/flow_tap/LayoutGenModel/logs/output/cases_hubump/selected-wsweep-hp8_m-t0p1-w50-newsweep_20260918/seed_1486441653/legalized/04_hp8_m_placement_legal_report.json
hp8_m_t0p1-w50_seed1056634028.json,hp8_m,1056634028,0.1,50,/mnt/d/WORK/96/flow_tap/LayoutGenModel/logs/output/cases_hubump/selected-wsweep-hp8_m-t0p1-w50-newsweep_20260918/seed_1056634028/legalized/04_hp8_m_placement_legal.json,/mnt/d/WORK/96/flow_tap/benchmark/cases_hubump/hp8_m.json,0,/mnt/d/WORK/96/flow_tap/LayoutGenModel/logs/output/cases_hubump/selected-wsweep-hp8_m-t0p1-w50-newsweep_20260918/seed_1056634028/legalized/04_hp8_m_placement_legal_report.json
hp8_m_t0p3-w0_seed946615675.json,hp8_m,946615675,0.3,0,/mnt/d/WORK/96/flow_tap/LayoutGenModel/logs/output/cases_hubump/selected-wsweep-hp8_m-t0p3-w0-newsweep_20260918/seed_946615675/legalized/04_hp8_m_placement_legal.json,/mnt/d/WORK/96/flow_tap/benchmark/cases_hubump/hp8_m.json,0,/mnt/d/WORK/96/flow_tap/LayoutGenModel/logs/output/cases_hubump/selected-wsweep-hp8_m-t0p3-w0-newsweep_20260918/seed_946615675/legalized/04_hp8_m_placement_legal_report.json
hp8_m_t0p3-w0_seed1056634028.json,hp8_m,1056634028,0.3,0,/mnt/d/WORK/96/flow_tap/LayoutGenModel/logs/output/cases_hubump/selected-wsweep-hp8_m-t0p3-w0-newsweep_20260918/seed_1056634028/legalized/04_hp8_m_placement_legal.json,/mnt/d/WORK/96/flow_tap/benchmark/cases_hubump/hp8_m.json,0,/mnt/d/WORK/96/flow_tap/LayoutGenModel/logs/output/cases_hubump/selected-wsweep-hp8_m-t0p3-w0-newsweep_20260918/seed_1056634028/legalized/04_hp8_m_placement_legal_report.json
hp8_m_t0p3-w0_seed1486441653.json,hp8_m,1486441653,0.3,0,/mnt/d/WORK/96/flow_tap/LayoutGenModel/logs/output/cases_hubump/selected-wsweep-hp8_m-t0p3-w0-newsweep_20260918/seed_1486441653/legalized/04_hp8_m_placement_legal.json,/mnt/d/WORK/96/flow_tap/benchmark/cases_hubump/hp8_m.json,0,/mnt/d/WORK/96/flow_tap/LayoutGenModel/logs/output/cases_hubump/selected-wsweep-hp8_m-t0p3-w0-newsweep_20260918/seed_1486441653/legalized/04_hp8_m_placement_legal_report.json
hp8_m_t0p3-w0p02_seed946615675.json,hp8_m,946615675,0.3,0.02,/mnt/d/WORK/96/flow_tap/LayoutGenModel/logs/output/cases_hubump/selected-wsweep-hp8_m-t0p3-w0p02-newsweep_20260918/seed_946615675/legalized/04_hp8_m_placement_legal.json,/mnt/d/WORK/96/flow_tap/benchmark/cases_hubump/hp8_m.json,0,/mnt/d/WORK/96/flow_tap/LayoutGenModel/logs/output/cases_hubump/selected-wsweep-hp8_m-t0p3-w0p02-newsweep_20260918/seed_946615675/legalized/04_hp8_m_placement_legal_report.json
hp8_m_t0p3-w0p02_seed1056634028.json,hp8_m,1056634028,0.3,0.02,/mnt/d/WORK/96/flow_tap/LayoutGenModel/logs/output/cases_hubump/selected-wsweep-hp8_m-t0p3-w0p02-newsweep_20260918/seed_1056634028/legalized/04_hp8_m_placement_legal.json,/mnt/d/WORK/96/flow_tap/benchmark/cases_hubump/hp8_m.json,0,/mnt/d/WORK/96/flow_tap/LayoutGenModel/logs/output/cases_hubump/selected-wsweep-hp8_m-t0p3-w0p02-newsweep_20260918/seed_1056634028/legalized/04_hp8_m_placement_legal_report.json
hp8_m_t0p3-w0p02_seed1486441653.json,hp8_m,1486441653,0.3,0.02,/mnt/d/WORK/96/flow_tap/LayoutGenModel/logs/output/cases_hubump/selected-wsweep-hp8_m-t0p3-w0p02-newsweep_20260918/seed_1486441653/legalized/04_hp8_m_placement_legal.json,/mnt/d/WORK/96/flow_tap/benchmark/cases_hubump/hp8_m.json,0,/mnt/d/WORK/96/flow_tap/LayoutGenModel/logs/output/cases_hubump/selected-wsweep-hp8_m-t0p3-w0p02-newsweep_20260918/seed_1486441653/legalized/04_hp8_m_placement_legal_report.json
hp8_m_t0p3-w0p2_seed946615675.json,hp8_m,946615675,0.3,0.2,/mnt/d/WORK/96/flow_tap/LayoutGenModel/logs/output/cases_hubump/selected-wsweep-hp8_m-t0p3-w0p2-newsweep_20260918/seed_946615675/legalized/04_hp8_m_placement_legal.json,/mnt/d/WORK/96/flow_tap/benchmark/cases_hubump/hp8_m.json,0,/mnt/d/WORK/96/flow_tap/LayoutGenModel/logs/output/cases_hubump/selected-wsweep-hp8_m-t0p3-w0p2-newsweep_20260918/seed_946615675/legalized/04_hp8_m_placement_legal_report.json
hp8_m_t0p3-w0p2_seed1056634028.json,hp8_m,1056634028,0.3,0.2,/mnt/d/WORK/96/flow_tap/LayoutGenModel/logs/output/cases_hubump/selected-wsweep-hp8_m-t0p3-w0p2-newsweep_20260918/seed_1056634028/legalized/04_hp8_m_placement_legal.json,/mnt/d/WORK/96/flow_tap/benchmark/cases_hubump/hp8_m.json,0,/mnt/d/WORK/96/flow_tap/LayoutGenModel/logs/output/cases_hubump/selected-wsweep-hp8_m-t0p3-w0p2-newsweep_20260918/seed_1056634028/legalized/04_hp8_m_placement_legal_report.json
hp8_m_t0p3-w0p2_seed1486441653.json,hp8_m,1486441653,0.3,0.2,/mnt/d/WORK/96/flow_tap/LayoutGenModel/logs/output/cases_hubump/selected-wsweep-hp8_m-t0p3-w0p2-newsweep_20260918/seed_1486441653/legalized/04_hp8_m_placement_legal.json,/mnt/d/WORK/96/flow_tap/benchmark/cases_hubump/hp8_m.json,0,/mnt/d/WORK/96/flow_tap/LayoutGenModel/logs/output/cases_hubump/selected-wsweep-hp8_m-t0p3-w0p2-newsweep_20260918/seed_1486441653/legalized/04_hp8_m_placement_legal_report.json
hp8_m_t0p3-w2_seed946615675.json,hp8_m,946615675,0.3,2,/mnt/d/WORK/96/flow_tap/LayoutGenModel/logs/output/cases_hubump/selected-wsweep-hp8_m-t0p3-w2-newsweep_20260918/seed_946615675/legalized/04_hp8_m_placement_legal.json,/mnt/d/WORK/96/flow_tap/benchmark/cases_hubump/hp8_m.json,0,/mnt/d/WORK/96/flow_tap/LayoutGenModel/logs/output/cases_hubump/selected-wsweep-hp8_m-t0p3-w2-newsweep_20260918/seed_946615675/legalized/04_hp8_m_placement_legal_report.json
hp8_m_t0p3-w2_seed1056634028.json,hp8_m,1056634028,0.3,2,/mnt/d/WORK/96/flow_tap/LayoutGenModel/logs/output/cases_hubump/selected-wsweep-hp8_m-t0p3-w2-newsweep_20260918/seed_1056634028/legalized/04_hp8_m_placement_legal.json,/mnt/d/WORK/96/flow_tap/benchmark/cases_hubump/hp8_m.json,0,/mnt/d/WORK/96/flow_tap/LayoutGenModel/logs/output/cases_hubump/selected-wsweep-hp8_m-t0p3-w2-newsweep_20260918/seed_1056634028/legalized/04_hp8_m_placement_legal_report.json
hp8_m_t0p3-w2_seed1486441653.json,hp8_m,1486441653,0.3,2,/mnt/d/WORK/96/flow_tap/LayoutGenModel/logs/output/cases_hubump/selected-wsweep-hp8_m-t0p3-w2-newsweep_20260918/seed_1486441653/legalized/04_hp8_m_placement_legal.json,/mnt/d/WORK/96/flow_tap/benchmark/cases_hubump/hp8_m.json,0,/mnt/d/WORK/96/flow_tap/LayoutGenModel/logs/output/cases_hubump/selected-wsweep-hp8_m-t0p3-w2-newsweep_20260918/seed_1486441653/legalized/04_hp8_m_placement_legal_report.json
hp8_m_t0p3-w50_seed1056634028.json,hp8_m,1056634028,0.3,50,/mnt/d/WORK/96/flow_tap/LayoutGenModel/logs/output/cases_hubump/selected-wsweep-hp8_m-t0p3-w50-newsweep_20260918/seed_1056634028/legalized/04_hp8_m_placement_legal.json,/mnt/d/WORK/96/flow_tap/benchmark/cases_hubump/hp8_m.json,0,/mnt/d/WORK/96/flow_tap/LayoutGenModel/logs/output/cases_hubump/selected-wsweep-hp8_m-t0p3-w50-newsweep_20260918/seed_1056634028/legalized/04_hp8_m_placement_legal_report.json
hp8_m_t0p3-w50_seed946615675.json,hp8_m,946615675,0.3,50,/mnt/d/WORK/96/flow_tap/LayoutGenModel/logs/output/cases_hubump/selected-wsweep-hp8_m-t0p3-w50-newsweep_20260918/seed_946615675/legalized/04_hp8_m_placement_legal.json,/mnt/d/WORK/96/flow_tap/benchmark/cases_hubump/hp8_m.json,0,/mnt/d/WORK/96/flow_tap/LayoutGenModel/logs/output/cases_hubump/selected-wsweep-hp8_m-t0p3-w50-newsweep_20260918/seed_946615675/legalized/04_hp8_m_placement_legal_report.json
hp8_m_t0p3-w50_seed1486441653.json,hp8_m,1486441653,0.3,50,/mnt/d/WORK/96/flow_tap/LayoutGenModel/logs/output/cases_hubump/selected-wsweep-hp8_m-t0p3-w50-newsweep_20260918/seed_1486441653/legalized/04_hp8_m_placement_legal.json,/mnt/d/WORK/96/flow_tap/benchmark/cases_hubump/hp8_m.json,0,/mnt/d/WORK/96/flow_tap/LayoutGenModel/logs/output/cases_hubump/selected-wsweep-hp8_m-t0p3-w50-newsweep_20260918/seed_1486441653/legalized/04_hp8_m_placement_legal_report.json
hp8_m_t1-w0_seed946615675.json,hp8_m,946615675,1,0,/mnt/d/WORK/96/flow_tap/LayoutGenModel/logs/output/cases_hubump/selected-wsweep-hp8_m-t1-w0-newsweep_20260918/seed_946615675/legalized/04_hp8_m_placement_legal.json,/mnt/d/WORK/96/flow_tap/benchmark/cases_hubump/hp8_m.json,0,/mnt/d/WORK/96/flow_tap/LayoutGenModel/logs/output/cases_hubump/selected-wsweep-hp8_m-t1-w0-newsweep_20260918/seed_946615675/legalized/04_hp8_m_placement_legal_report.json
hp8_m_t1-w0_seed1056634028.json,hp8_m,1056634028,1,0,/mnt/d/WORK/96/flow_tap/LayoutGenModel/logs/output/cases_hubump/selected-wsweep-hp8_m-t1-w0-newsweep_20260918/seed_1056634028/legalized/04_hp8_m_placement_legal.json,/mnt/d/WORK/96/flow_tap/benchmark/cases_hubump/hp8_m.json,0,/mnt/d/WORK/96/flow_tap/LayoutGenModel/logs/output/cases_hubump/selected-wsweep-hp8_m-t1-w0-newsweep_20260918/seed_1056634028/legalized/04_hp8_m_placement_legal_report.json
hp8_m_t1-w0_seed1486441653.json,hp8_m,1486441653,1,0,/mnt/d/WORK/96/flow_tap/LayoutGenModel/logs/output/cases_hubump/selected-wsweep-hp8_m-t1-w0-newsweep_20260918/seed_1486441653/legalized/04_hp8_m_placement_legal.json,/mnt/d/WORK/96/flow_tap/benchmark/cases_hubump/hp8_m.json,0,/mnt/d/WORK/96/flow_tap/LayoutGenModel/logs/output/cases_hubump/selected-wsweep-hp8_m-t1-w0-newsweep_20260918/seed_1486441653/legalized/04_hp8_m_placement_legal_report.json
hp8_m_t1-w0p02_seed946615675.json,hp8_m,946615675,1,0.02,/mnt/d/WORK/96/flow_tap/LayoutGenModel/logs/output/cases_hubump/selected-wsweep-hp8_m-t1-w0p02-newsweep_20260918/seed_946615675/legalized/04_hp8_m_placement_legal.json,/mnt/d/WORK/96/flow_tap/benchmark/cases_hubump/hp8_m.json,0,/mnt/d/WORK/96/flow_tap/LayoutGenModel/logs/output/cases_hubump/selected-wsweep-hp8_m-t1-w0p02-newsweep_20260918/seed_946615675/legalized/04_hp8_m_placement_legal_report.json
hp8_m_t1-w0p02_seed1056634028.json,hp8_m,1056634028,1,0.02,/mnt/d/WORK/96/flow_tap/LayoutGenModel/logs/output/cases_hubump/selected-wsweep-hp8_m-t1-w0p02-newsweep_20260918/seed_1056634028/legalized/04_hp8_m_placement_legal.json,/mnt/d/WORK/96/flow_tap/benchmark/cases_hubump/hp8_m.json,0,/mnt/d/WORK/96/flow_tap/LayoutGenModel/logs/output/cases_hubump/selected-wsweep-hp8_m-t1-w0p02-newsweep_20260918/seed_1056634028/legalized/04_hp8_m_placement_legal_report.json
hp8_m_t1-w0p02_seed1486441653.json,hp8_m,1486441653,1,0.02,/mnt/d/WORK/96/flow_tap/LayoutGenModel/logs/output/cases_hubump/selected-wsweep-hp8_m-t1-w0p02-newsweep_20260918/seed_1486441653/legalized/04_hp8_m_placement_legal.json,/mnt/d/WORK/96/flow_tap/benchmark/cases_hubump/hp8_m.json,0,/mnt/d/WORK/96/flow_tap/LayoutGenModel/logs/output/cases_hubump/selected-wsweep-hp8_m-t1-w0p02-newsweep_20260918/seed_1486441653/legalized/04_hp8_m_placement_legal_report.json
hp8_m_t1-w0p2_seed1056634028.json,hp8_m,1056634028,1,0.2,/mnt/d/WORK/96/flow_tap/LayoutGenModel/logs/output/cases_hubump/selected-wsweep-hp8_m-t1-w0p2-newsweep_20260918/seed_1056634028/legalized/04_hp8_m_placement_legal.json,/mnt/d/WORK/96/flow_tap/benchmark/cases_hubump/hp8_m.json,0,/mnt/d/WORK/96/flow_tap/LayoutGenModel/logs/output/cases_hubump/selected-wsweep-hp8_m-t1-w0p2-newsweep_20260918/seed_1056634028/legalized/04_hp8_m_placement_legal_report.json
hp8_m_t1-w0p2_seed946615675.json,hp8_m,946615675,1,0.2,/mnt/d/WORK/96/flow_tap/LayoutGenModel/logs/output/cases_hubump/selected-wsweep-hp8_m-t1-w0p2-newsweep_20260918/seed_946615675/legalized/04_hp8_m_placement_legal.json,/mnt/d/WORK/96/flow_tap/benchmark/cases_hubump/hp8_m.json,0,/mnt/d/WORK/96/flow_tap/LayoutGenModel/logs/output/cases_hubump/selected-wsweep-hp8_m-t1-w0p2-newsweep_20260918/seed_946615675/legalized/04_hp8_m_placement_legal_report.json
hp8_m_t1-w0p2_seed1486441653.json,hp8_m,1486441653,1,0.2,/mnt/d/WORK/96/flow_tap/LayoutGenModel/logs/output/cases_hubump/selected-wsweep-hp8_m-t1-w0p2-newsweep_20260918/seed_1486441653/legalized/04_hp8_m_placement_legal.json,/mnt/d/WORK/96/flow_tap/benchmark/cases_hubump/hp8_m.json,0,/mnt/d/WORK/96/flow_tap/LayoutGenModel/logs/output/cases_hubump/selected-wsweep-hp8_m-t1-w0p2-newsweep_20260918/seed_1486441653/legalized/04_hp8_m_placement_legal_report.json
hp8_m_t1-w2_seed1056634028.json,hp8_m,1056634028,1,2,/mnt/d/WORK/96/flow_tap/LayoutGenModel/logs/output/cases_hubump/selected-wsweep-hp8_m-t1-w2-newsweep_20260918/seed_1056634028/legalized/04_hp8_m_placement_legal.json,/mnt/d/WORK/96/flow_tap/benchmark/cases_hubump/hp8_m.json,0,/mnt/d/WORK/96/flow_tap/LayoutGenModel/logs/output/cases_hubump/selected-wsweep-hp8_m-t1-w2-newsweep_20260918/seed_1056634028/legalized/04_hp8_m_placement_legal_report.json
hp8_m_t1-w2_seed946615675.json,hp8_m,946615675,1,2,/mnt/d/WORK/96/flow_tap/LayoutGenModel/logs/output/cases_hubump/selected-wsweep-hp8_m-t1-w2-newsweep_20260918/seed_946615675/legalized/04_hp8_m_placement_legal.json,/mnt/d/WORK/96/flow_tap/benchmark/cases_hubump/hp8_m.json,0,/mnt/d/WORK/96/flow_tap/LayoutGenModel/logs/output/cases_hubump/selected-wsweep-hp8_m-t1-w2-newsweep_20260918/seed_946615675/legalized/04_hp8_m_placement_legal_report.json
hp8_m_t1-w2_seed1486441653.json,hp8_m,1486441653,1,2,/mnt/d/WORK/96/flow_tap/LayoutGenModel/logs/output/cases_hubump/selected-wsweep-hp8_m-t1-w2-newsweep_20260918/seed_1486441653/legalized/04_hp8_m_placement_legal.json,/mnt/d/WORK/96/flow_tap/benchmark/cases_hubump/hp8_m.json,0,/mnt/d/WORK/96/flow_tap/LayoutGenModel/logs/output/cases_hubump/selected-wsweep-hp8_m-t1-w2-newsweep_20260918/seed_1486441653/legalized/04_hp8_m_placement_legal_report.json
hp8_m_t1-w50_seed946615675.json,hp8_m,946615675,1,50,/mnt/d/WORK/96/flow_tap/LayoutGenModel/logs/output/cases_hubump/selected-wsweep-hp8_m-t1-w50-newsweep_20260918/seed_946615675/legalized/04_hp8_m_placement_legal.json,/mnt/d/WORK/96/flow_tap/benchmark/cases_hubump/hp8_m.json,0,/mnt/d/WORK/96/flow_tap/LayoutGenModel/logs/output/cases_hubump/selected-wsweep-hp8_m-t1-w50-newsweep_20260918/seed_946615675/legalized/04_hp8_m_placement_legal_report.json
hp8_m_t1-w50_seed1056634028.json,hp8_m,1056634028,1,50,/mnt/d/WORK/96/flow_tap/LayoutGenModel/logs/output/cases_hubump/selected-wsweep-hp8_m-t1-w50-newsweep_20260918/seed_1056634028/legalized/04_hp8_m_placement_legal.json,/mnt/d/WORK/96/flow_tap/benchmark/cases_hubump/hp8_m.json,0,/mnt/d/WORK/96/flow_tap/LayoutGenModel/logs/output/cases_hubump/selected-wsweep-hp8_m-t1-w50-newsweep_20260918/seed_1056634028/legalized/04_hp8_m_placement_legal_report.json
hp8_m_t1-w50_seed1486441653.json,hp8_m,1486441653,1,50,/mnt/d/WORK/96/flow_tap/LayoutGenModel/logs/output/cases_hubump/selected-wsweep-hp8_m-t1-w50-newsweep_20260918/seed_1486441653/legalized/04_hp8_m_placement_legal.json,/mnt/d/WORK/96/flow_tap/benchmark/cases_hubump/hp8_m.json,0,/mnt/d/WORK/96/flow_tap/LayoutGenModel/logs/output/cases_hubump/selected-wsweep-hp8_m-t1-w50-newsweep_20260918/seed_1486441653/legalized/04_hp8_m_placement_legal_report.json
hp8_m_t3-w0_seed946615675.json,hp8_m,946615675,3,0,/mnt/d/WORK/96/flow_tap/LayoutGenModel/logs/output/cases_hubump/selected-wsweep-hp8_m-t3-w0-newsweep_20260918/seed_946615675/legalized/04_hp8_m_placement_legal.json,/mnt/d/WORK/96/flow_tap/benchmark/cases_hubump/hp8_m.json,0,/mnt/d/WORK/96/flow_tap/LayoutGenModel/logs/output/cases_hubump/selected-wsweep-hp8_m-t3-w0-newsweep_20260918/seed_946615675/legalized/04_hp8_m_placement_legal_report.json
hp8_m_t3-w0_seed1056634028.json,hp8_m,1056634028,3,0,/mnt/d/WORK/96/flow_tap/LayoutGenModel/logs/output/cases_hubump/selected-wsweep-hp8_m-t3-w0-newsweep_20260918/seed_1056634028/legalized/04_hp8_m_placement_legal.json,/mnt/d/WORK/96/flow_tap/benchmark/cases_hubump/hp8_m.json,0,/mnt/d/WORK/96/flow_tap/LayoutGenModel/logs/output/cases_hubump/selected-wsweep-hp8_m-t3-w0-newsweep_20260918/seed_1056634028/legalized/04_hp8_m_placement_legal_report.json
hp8_m_t3-w0_seed1486441653.json,hp8_m,1486441653,3,0,/mnt/d/WORK/96/flow_tap/LayoutGenModel/logs/output/cases_hubump/selected-wsweep-hp8_m-t3-w0-newsweep_20260918/seed_1486441653/legalized/04_hp8_m_placement_legal.json,/mnt/d/WORK/96/flow_tap/benchmark/cases_hubump/hp8_m.json,0,/mnt/d/WORK/96/flow_tap/LayoutGenModel/logs/output/cases_hubump/selected-wsweep-hp8_m-t3-w0-newsweep_20260918/seed_1486441653/legalized/04_hp8_m_placement_legal_report.json
hp8_m_t3-w0p02_seed946615675.json,hp8_m,946615675,3,0.02,/mnt/d/WORK/96/flow_tap/LayoutGenModel/logs/output/cases_hubump/selected-wsweep-hp8_m-t3-w0p02-newsweep_20260918/seed_946615675/legalized/04_hp8_m_placement_legal.json,/mnt/d/WORK/96/flow_tap/benchmark/cases_hubump/hp8_m.json,0,/mnt/d/WORK/96/flow_tap/LayoutGenModel/logs/output/cases_hubump/selected-wsweep-hp8_m-t3-w0p02-newsweep_20260918/seed_946615675/legalized/04_hp8_m_placement_legal_report.json
hp8_m_t3-w0p02_seed1056634028.json,hp8_m,1056634028,3,0.02,/mnt/d/WORK/96/flow_tap/LayoutGenModel/logs/output/cases_hubump/selected-wsweep-hp8_m-t3-w0p02-newsweep_20260918/seed_1056634028/legalized/04_hp8_m_placement_legal.json,/mnt/d/WORK/96/flow_tap/benchmark/cases_hubump/hp8_m.json,0,/mnt/d/WORK/96/flow_tap/LayoutGenModel/logs/output/cases_hubump/selected-wsweep-hp8_m-t3-w0p02-newsweep_20260918/seed_1056634028/legalized/04_hp8_m_placement_legal_report.json
hp8_m_t3-w0p02_seed1486441653.json,hp8_m,1486441653,3,0.02,/mnt/d/WORK/96/flow_tap/LayoutGenModel/logs/output/cases_hubump/selected-wsweep-hp8_m-t3-w0p02-newsweep_20260918/seed_1486441653/legalized/04_hp8_m_placement_legal.json,/mnt/d/WORK/96/flow_tap/benchmark/cases_hubump/hp8_m.json,0,/mnt/d/WORK/96/flow_tap/LayoutGenModel/logs/output/cases_hubump/selected-wsweep-hp8_m-t3-w0p02-newsweep_20260918/seed_1486441653/legalized/04_hp8_m_placement_legal_report.json
hp8_m_t3-w0p2_seed946615675.json,hp8_m,946615675,3,0.2,/mnt/d/WORK/96/flow_tap/LayoutGenModel/logs/output/cases_hubump/selected-wsweep-hp8_m-t3-w0p2-newsweep_20260918/seed_946615675/legalized/04_hp8_m_placement_legal.json,/mnt/d/WORK/96/flow_tap/benchmark/cases_hubump/hp8_m.json,0,/mnt/d/WORK/96/flow_tap/LayoutGenModel/logs/output/cases_hubump/selected-wsweep-hp8_m-t3-w0p2-newsweep_20260918/seed_946615675/legalized/04_hp8_m_placement_legal_report.json
hp8_m_t3-w0p2_seed1056634028.json,hp8_m,1056634028,3,0.2,/mnt/d/WORK/96/flow_tap/LayoutGenModel/logs/output/cases_hubump/selected-wsweep-hp8_m-t3-w0p2-newsweep_20260918/seed_1056634028/legalized/04_hp8_m_placement_legal.json,/mnt/d/WORK/96/flow_tap/benchmark/cases_hubump/hp8_m.json,0,/mnt/d/WORK/96/flow_tap/LayoutGenModel/logs/output/cases_hubump/selected-wsweep-hp8_m-t3-w0p2-newsweep_20260918/seed_1056634028/legalized/04_hp8_m_placement_legal_report.json
hp8_m_t3-w0p2_seed1486441653.json,hp8_m,1486441653,3,0.2,/mnt/d/WORK/96/flow_tap/LayoutGenModel/logs/output/cases_hubump/selected-wsweep-hp8_m-t3-w0p2-newsweep_20260918/seed_1486441653/legalized/04_hp8_m_placement_legal.json,/mnt/d/WORK/96/flow_tap/benchmark/cases_hubump/hp8_m.json,0,/mnt/d/WORK/96/flow_tap/LayoutGenModel/logs/output/cases_hubump/selected-wsweep-hp8_m-t3-w0p2-newsweep_20260918/seed_1486441653/legalized/04_hp8_m_placement_legal_report.json
hp8_m_t3-w2_seed946615675.json,hp8_m,946615675,3,2,/mnt/d/WORK/96/flow_tap/LayoutGenModel/logs/output/cases_hubump/selected-wsweep-hp8_m-t3-w2-newsweep_20260918/seed_946615675/legalized/04_hp8_m_placement_legal.json,/mnt/d/WORK/96/flow_tap/benchmark/cases_hubump/hp8_m.json,0,/mnt/d/WORK/96/flow_tap/LayoutGenModel/logs/output/cases_hubump/selected-wsweep-hp8_m-t3-w2-newsweep_20260918/seed_946615675/legalized/04_hp8_m_placement_legal_report.json
hp8_m_t3-w2_seed1056634028.json,hp8_m,1056634028,3,2,/mnt/d/WORK/96/flow_tap/LayoutGenModel/logs/output/cases_hubump/selected-wsweep-hp8_m-t3-w2-newsweep_20260918/seed_1056634028/legalized/04_hp8_m_placement_legal.json,/mnt/d/WORK/96/flow_tap/benchmark/cases_hubump/hp8_m.json,0,/mnt/d/WORK/96/flow_tap/LayoutGenModel/logs/output/cases_hubump/selected-wsweep-hp8_m-t3-w2-newsweep_20260918/seed_1056634028/legalized/04_hp8_m_placement_legal_report.json
hp8_m_t3-w2_seed1486441653.json,hp8_m,1486441653,3,2,/mnt/d/WORK/96/flow_tap/LayoutGenModel/logs/output/cases_hubump/selected-wsweep-hp8_m-t3-w2-newsweep_20260918/seed_1486441653/legalized/04_hp8_m_placement_legal.json,/mnt/d/WORK/96/flow_tap/benchmark/cases_hubump/hp8_m.json,0,/mnt/d/WORK/96/flow_tap/LayoutGenModel/logs/output/cases_hubump/selected-wsweep-hp8_m-t3-w2-newsweep_20260918/seed_1486441653/legalized/04_hp8_m_placement_legal_report.json
hp8_m_t3-w50_seed946615675.json,hp8_m,946615675,3,50,/mnt/d/WORK/96/flow_tap/LayoutGenModel/logs/output/cases_hubump/selected-wsweep-hp8_m-t3-w50-newsweep_20260918/seed_946615675/legalized/04_hp8_m_placement_legal.json,/mnt/d/WORK/96/flow_tap/benchmark/cases_hubump/hp8_m.json,0,/mnt/d/WORK/96/flow_tap/LayoutGenModel/logs/output/cases_hubump/selected-wsweep-hp8_m-t3-w50-newsweep_20260918/seed_946615675/legalized/04_hp8_m_placement_legal_report.json
hp8_m_t3-w50_seed1056634028.json,hp8_m,1056634028,3,50,/mnt/d/WORK/96/flow_tap/LayoutGenModel/logs/output/cases_hubump/selected-wsweep-hp8_m-t3-w50-newsweep_20260918/seed_1056634028/legalized/04_hp8_m_placement_legal.json,/mnt/d/WORK/96/flow_tap/benchmark/cases_hubump/hp8_m.json,0,/mnt/d/WORK/96/flow_tap/LayoutGenModel/logs/output/cases_hubump/selected-wsweep-hp8_m-t3-w50-newsweep_20260918/seed_1056634028/legalized/04_hp8_m_placement_legal_report.json
hp8_m_t3-w50_seed1486441653.json,hp8_m,1486441653,3,50,/mnt/d/WORK/96/flow_tap/LayoutGenModel/logs/output/cases_hubump/selected-wsweep-hp8_m-t3-w50-newsweep_20260918/seed_1486441653/legalized/04_hp8_m_placement_legal.json,/mnt/d/WORK/96/flow_tap/benchmark/cases_hubump/hp8_m.json,0,/mnt/d/WORK/96/flow_tap/LayoutGenModel/logs/output/cases_hubump/selected-wsweep-hp8_m-t3-w50-newsweep_20260918/seed_1486441653/legalized/04_hp8_m_placement_legal_report.json
hp8_m_t10-w0_seed946615675.json,hp8_m,946615675,10,0,/mnt/d/WORK/96/flow_tap/LayoutGenModel/logs/output/cases_hubump/selected-wsweep-hp8_m-t10-w0-newsweep_20260918/seed_946615675/legalized/04_hp8_m_placement_legal.json,/mnt/d/WORK/96/flow_tap/benchmark/cases_hubump/hp8_m.json,0,/mnt/d/WORK/96/flow_tap/LayoutGenModel/logs/output/cases_hubump/selected-wsweep-hp8_m-t10-w0-newsweep_20260918/seed_946615675/legalized/04_hp8_m_placement_legal_report.json
hp8_m_t10-w0_seed1056634028.json,hp8_m,1056634028,10,0,/mnt/d/WORK/96/flow_tap/LayoutGenModel/logs/output/cases_hubump/selected-wsweep-hp8_m-t10-w0-newsweep_20260918/seed_1056634028/legalized/04_hp8_m_placement_legal.json,/mnt/d/WORK/96/flow_tap/benchmark/cases_hubump/hp8_m.json,0,/mnt/d/WORK/96/flow_tap/LayoutGenModel/logs/output/cases_hubump/selected-wsweep-hp8_m-t10-w0-newsweep_20260918/seed_1056634028/legalized/04_hp8_m_placement_legal_report.json
hp8_m_t10-w0_seed1486441653.json,hp8_m,1486441653,10,0,/mnt/d/WORK/96/flow_tap/LayoutGenModel/logs/output/cases_hubump/selected-wsweep-hp8_m-t10-w0-newsweep_20260918/seed_1486441653/legalized/04_hp8_m_placement_legal.json,/mnt/d/WORK/96/flow_tap/benchmark/cases_hubump/hp8_m.json,0,/mnt/d/WORK/96/flow_tap/LayoutGenModel/logs/output/cases_hubump/selected-wsweep-hp8_m-t10-w0-newsweep_20260918/seed_1486441653/legalized/04_hp8_m_placement_legal_report.json
hp8_m_t10-w0p02_seed946615675.json,hp8_m,946615675,10,0.02,/mnt/d/WORK/96/flow_tap/LayoutGenModel/logs/output/cases_hubump/selected-wsweep-hp8_m-t10-w0p02-newsweep_20260918/seed_946615675/legalized/04_hp8_m_placement_legal.json,/mnt/d/WORK/96/flow_tap/benchmark/cases_hubump/hp8_m.json,0,/mnt/d/WORK/96/flow_tap/LayoutGenModel/logs/output/cases_hubump/selected-wsweep-hp8_m-t10-w0p02-newsweep_20260918/seed_946615675/legalized/04_hp8_m_placement_legal_report.json
hp8_m_t10-w0p02_seed1056634028.json,hp8_m,1056634028,10,0.02,/mnt/d/WORK/96/flow_tap/LayoutGenModel/logs/output/cases_hubump/selected-wsweep-hp8_m-t10-w0p02-newsweep_20260918/seed_1056634028/legalized/04_hp8_m_placement_legal.json,/mnt/d/WORK/96/flow_tap/benchmark/cases_hubump/hp8_m.json,0,/mnt/d/WORK/96/flow_tap/LayoutGenModel/logs/output/cases_hubump/selected-wsweep-hp8_m-t10-w0p02-newsweep_20260918/seed_1056634028/legalized/04_hp8_m_placement_legal_report.json
hp8_m_t10-w0p02_seed1486441653.json,hp8_m,1486441653,10,0.02,/mnt/d/WORK/96/flow_tap/LayoutGenModel/logs/output/cases_hubump/selected-wsweep-hp8_m-t10-w0p02-newsweep_20260918/seed_1486441653/legalized/04_hp8_m_placement_legal.json,/mnt/d/WORK/96/flow_tap/benchmark/cases_hubump/hp8_m.json,0,/mnt/d/WORK/96/flow_tap/LayoutGenModel/logs/output/cases_hubump/selected-wsweep-hp8_m-t10-w0p02-newsweep_20260918/seed_1486441653/legalized/04_hp8_m_placement_legal_report.json
hp8_m_t10-w0p2_seed946615675.json,hp8_m,946615675,10,0.2,/mnt/d/WORK/96/flow_tap/LayoutGenModel/logs/output/cases_hubump/selected-wsweep-hp8_m-t10-w0p2-newsweep_20260918/seed_946615675/legalized/04_hp8_m_placement_legal.json,/mnt/d/WORK/96/flow_tap/benchmark/cases_hubump/hp8_m.json,0,/mnt/d/WORK/96/flow_tap/LayoutGenModel/logs/output/cases_hubump/selected-wsweep-hp8_m-t10-w0p2-newsweep_20260918/seed_946615675/legalized/04_hp8_m_placement_legal_report.json
hp8_m_t10-w0p2_seed1056634028.json,hp8_m,1056634028,10,0.2,/mnt/d/WORK/96/flow_tap/LayoutGenModel/logs/output/cases_hubump/selected-wsweep-hp8_m-t10-w0p2-newsweep_20260918/seed_1056634028/legalized/04_hp8_m_placement_legal.json,/mnt/d/WORK/96/flow_tap/benchmark/cases_hubump/hp8_m.json,0,/mnt/d/WORK/96/flow_tap/LayoutGenModel/logs/output/cases_hubump/selected-wsweep-hp8_m-t10-w0p2-newsweep_20260918/seed_1056634028/legalized/04_hp8_m_placement_legal_report.json
hp8_m_t10-w0p2_seed1486441653.json,hp8_m,1486441653,10,0.2,/mnt/d/WORK/96/flow_tap/LayoutGenModel/logs/output/cases_hubump/selected-wsweep-hp8_m-t10-w0p2-newsweep_20260918/seed_1486441653/legalized/04_hp8_m_placement_legal.json,/mnt/d/WORK/96/flow_tap/benchmark/cases_hubump/hp8_m.json,0,/mnt/d/WORK/96/flow_tap/LayoutGenModel/logs/output/cases_hubump/selected-wsweep-hp8_m-t10-w0p2-newsweep_20260918/seed_1486441653/legalized/04_hp8_m_placement_legal_report.json
hp8_m_t10-w2_seed946615675.json,hp8_m,946615675,10,2,/mnt/d/WORK/96/flow_tap/LayoutGenModel/logs/output/cases_hubump/selected-wsweep-hp8_m-t10-w2-newsweep_20260918/seed_946615675/legalized/04_hp8_m_placement_legal.json,/mnt/d/WORK/96/flow_tap/benchmark/cases_hubump/hp8_m.json,0,/mnt/d/WORK/96/flow_tap/LayoutGenModel/logs/output/cases_hubump/selected-wsweep-hp8_m-t10-w2-newsweep_20260918/seed_946615675/legalized/04_hp8_m_placement_legal_report.json
hp8_m_t10-w2_seed1056634028.json,hp8_m,1056634028,10,2,/mnt/d/WORK/96/flow_tap/LayoutGenModel/logs/output/cases_hubump/selected-wsweep-hp8_m-t10-w2-newsweep_20260918/seed_1056634028/legalized/04_hp8_m_placement_legal.json,/mnt/d/WORK/96/flow_tap/benchmark/cases_hubump/hp8_m.json,0,/mnt/d/WORK/96/flow_tap/LayoutGenModel/logs/output/cases_hubump/selected-wsweep-hp8_m-t10-w2-newsweep_20260918/seed_1056634028/legalized/04_hp8_m_placement_legal_report.json
hp8_m_t10-w2_seed1486441653.json,hp8_m,1486441653,10,2,/mnt/d/WORK/96/flow_tap/LayoutGenModel/logs/output/cases_hubump/selected-wsweep-hp8_m-t10-w2-newsweep_20260918/seed_1486441653/legalized/04_hp8_m_placement_legal.json,/mnt/d/WORK/96/flow_tap/benchmark/cases_hubump/hp8_m.json,0,/mnt/d/WORK/96/flow_tap/LayoutGenModel/logs/output/cases_hubump/selected-wsweep-hp8_m-t10-w2-newsweep_20260918/seed_1486441653/legalized/04_hp8_m_placement_legal_report.json
hp8_m_t10-w50_seed946615675.json,hp8_m,946615675,10,50,/mnt/d/WORK/96/flow_tap/LayoutGenModel/logs/output/cases_hubump/selected-wsweep-hp8_m-t10-w50-newsweep_20260918/seed_946615675/legalized/04_hp8_m_placement_legal.json,/mnt/d/WORK/96/flow_tap/benchmark/cases_hubump/hp8_m.json,0,/mnt/d/WORK/96/flow_tap/LayoutGenModel/logs/output/cases_hubump/selected-wsweep-hp8_m-t10-w50-newsweep_20260918/seed_946615675/legalized/04_hp8_m_placement_legal_report.json
hp8_m_t10-w50_seed1056634028.json,hp8_m,1056634028,10,50,/mnt/d/WORK/96/flow_tap/LayoutGenModel/logs/output/cases_hubump/selected-wsweep-hp8_m-t10-w50-newsweep_20260918/seed_1056634028/legalized/04_hp8_m_placement_legal.json,/mnt/d/WORK/96/flow_tap/benchmark/cases_hubump/hp8_m.json,0,/mnt/d/WORK/96/flow_tap/LayoutGenModel/logs/output/cases_hubump/selected-wsweep-hp8_m-t10-w50-newsweep_20260918/seed_1056634028/legalized/04_hp8_m_placement_legal_report.json
hp8_m_t10-w50_seed1486441653.json,hp8_m,1486441653,10,50,/mnt/d/WORK/96/flow_tap/LayoutGenModel/logs/output/cases_hubump/selected-wsweep-hp8_m-t10-w50-newsweep_20260918/seed_1486441653/legalized/04_hp8_m_placement_legal.json,/mnt/d/WORK/96/flow_tap/benchmark/cases_hubump/hp8_m.json,0,/mnt/d/WORK/96/flow_tap/LayoutGenModel/logs/output/cases_hubump/selected-wsweep-hp8_m-t10-w50-newsweep_20260918/seed_1486441653/legalized/04_hp8_m_placement_legal_report.json
hp8_m_t30-w0_seed946615675.json,hp8_m,946615675,30,0,/mnt/d/WORK/96/flow_tap/LayoutGenModel/logs/output/cases_hubump/selected-wsweep-hp8_m-t30-w0-newsweep_20260918/seed_946615675/legalized/04_hp8_m_placement_legal.json,/mnt/d/WORK/96/flow_tap/benchmark/cases_hubump/hp8_m.json,0,/mnt/d/WORK/96/flow_tap/LayoutGenModel/logs/output/cases_hubump/selected-wsweep-hp8_m-t30-w0-newsweep_20260918/seed_946615675/legalized/04_hp8_m_placement_legal_report.json
hp8_m_t30-w0_seed1056634028.json,hp8_m,1056634028,30,0,/mnt/d/WORK/96/flow_tap/LayoutGenModel/logs/output/cases_hubump/selected-wsweep-hp8_m-t30-w0-newsweep_20260918/seed_1056634028/legalized/04_hp8_m_placement_legal.json,/mnt/d/WORK/96/flow_tap/benchmark/cases_hubump/hp8_m.json,0,/mnt/d/WORK/96/flow_tap/LayoutGenModel/logs/output/cases_hubump/selected-wsweep-hp8_m-t30-w0-newsweep_20260918/seed_1056634028/legalized/04_hp8_m_placement_legal_report.json
hp8_m_t30-w0_seed1486441653.json,hp8_m,1486441653,30,0,/mnt/d/WORK/96/flow_tap/LayoutGenModel/logs/output/cases_hubump/selected-wsweep-hp8_m-t30-w0-newsweep_20260918/seed_1486441653/legalized/04_hp8_m_placement_legal.json,/mnt/d/WORK/96/flow_tap/benchmark/cases_hubump/hp8_m.json,0,/mnt/d/WORK/96/flow_tap/LayoutGenModel/logs/output/cases_hubump/selected-wsweep-hp8_m-t30-w0-newsweep_20260918/seed_1486441653/legalized/04_hp8_m_placement_legal_report.json
hp8_m_t30-w0p02_seed946615675.json,hp8_m,946615675,30,0.02,/mnt/d/WORK/96/flow_tap/LayoutGenModel/logs/output/cases_hubump/selected-wsweep-hp8_m-t30-w0p02-newsweep_20260918/seed_946615675/legalized/04_hp8_m_placement_legal.json,/mnt/d/WORK/96/flow_tap/benchmark/cases_hubump/hp8_m.json,0,/mnt/d/WORK/96/flow_tap/LayoutGenModel/logs/output/cases_hubump/selected-wsweep-hp8_m-t30-w0p02-newsweep_20260918/seed_946615675/legalized/04_hp8_m_placement_legal_report.json
hp8_m_t30-w0p02_seed1056634028.json,hp8_m,1056634028,30,0.02,/mnt/d/WORK/96/flow_tap/LayoutGenModel/logs/output/cases_hubump/selected-wsweep-hp8_m-t30-w0p02-newsweep_20260918/seed_1056634028/legalized/04_hp8_m_placement_legal.json,/mnt/d/WORK/96/flow_tap/benchmark/cases_hubump/hp8_m.json,0,/mnt/d/WORK/96/flow_tap/LayoutGenModel/logs/output/cases_hubump/selected-wsweep-hp8_m-t30-w0p02-newsweep_20260918/seed_1056634028/legalized/04_hp8_m_placement_legal_report.json
hp8_m_t30-w0p02_seed1486441653.json,hp8_m,1486441653,30,0.02,/mnt/d/WORK/96/flow_tap/LayoutGenModel/logs/output/cases_hubump/selected-wsweep-hp8_m-t30-w0p02-newsweep_20260918/seed_1486441653/legalized/04_hp8_m_placement_legal.json,/mnt/d/WORK/96/flow_tap/benchmark/cases_hubump/hp8_m.json,0,/mnt/d/WORK/96/flow_tap/LayoutGenModel/logs/output/cases_hubump/selected-wsweep-hp8_m-t30-w0p02-newsweep_20260918/seed_1486441653/legalized/04_hp8_m_placement_legal_report.json
hp8_m_t30-w0p2_seed946615675.json,hp8_m,946615675,30,0.2,/mnt/d/WORK/96/flow_tap/LayoutGenModel/logs/output/cases_hubump/selected-wsweep-hp8_m-t30-w0p2-newsweep_20260918/seed_946615675/legalized/04_hp8_m_placement_legal.json,/mnt/d/WORK/96/flow_tap/benchmark/cases_hubump/hp8_m.json,0,/mnt/d/WORK/96/flow_tap/LayoutGenModel/logs/output/cases_hubump/selected-wsweep-hp8_m-t30-w0p2-newsweep_20260918/seed_946615675/legalized/04_hp8_m_placement_legal_report.json
hp8_m_t30-w0p2_seed1056634028.json,hp8_m,1056634028,30,0.2,/mnt/d/WORK/96/flow_tap/LayoutGenModel/logs/output/cases_hubump/selected-wsweep-hp8_m-t30-w0p2-newsweep_20260918/seed_1056634028/legalized/04_hp8_m_placement_legal.json,/mnt/d/WORK/96/flow_tap/benchmark/cases_hubump/hp8_m.json,0,/mnt/d/WORK/96/flow_tap/LayoutGenModel/logs/output/cases_hubump/selected-wsweep-hp8_m-t30-w0p2-newsweep_20260918/seed_1056634028/legalized/04_hp8_m_placement_legal_report.json
hp8_m_t30-w0p2_seed1486441653.json,hp8_m,1486441653,30,0.2,/mnt/d/WORK/96/flow_tap/LayoutGenModel/logs/output/cases_hubump/selected-wsweep-hp8_m-t30-w0p2-newsweep_20260918/seed_1486441653/legalized/04_hp8_m_placement_legal.json,/mnt/d/WORK/96/flow_tap/benchmark/cases_hubump/hp8_m.json,0,/mnt/d/WORK/96/flow_tap/LayoutGenModel/logs/output/cases_hubump/selected-wsweep-hp8_m-t30-w0p2-newsweep_20260918/seed_1486441653/legalized/04_hp8_m_placement_legal_report.json
hp8_m_t30-w2_seed946615675.json,hp8_m,946615675,30,2,/mnt/d/WORK/96/flow_tap/LayoutGenModel/logs/output/cases_hubump/selected-wsweep-hp8_m-t30-w2-newsweep_20260918/seed_946615675/legalized/04_hp8_m_placement_legal.json,/mnt/d/WORK/96/flow_tap/benchmark/cases_hubump/hp8_m.json,0,/mnt/d/WORK/96/flow_tap/LayoutGenModel/logs/output/cases_hubump/selected-wsweep-hp8_m-t30-w2-newsweep_20260918/seed_946615675/legalized/04_hp8_m_placement_legal_report.json
hp8_m_t30-w2_seed1056634028.json,hp8_m,1056634028,30,2,/mnt/d/WORK/96/flow_tap/LayoutGenModel/logs/output/cases_hubump/selected-wsweep-hp8_m-t30-w2-newsweep_20260918/seed_1056634028/legalized/04_hp8_m_placement_legal.json,/mnt/d/WORK/96/flow_tap/benchmark/cases_hubump/hp8_m.json,0,/mnt/d/WORK/96/flow_tap/LayoutGenModel/logs/output/cases_hubump/selected-wsweep-hp8_m-t30-w2-newsweep_20260918/seed_1056634028/legalized/04_hp8_m_placement_legal_report.json
hp8_m_t30-w50_seed946615675.json,hp8_m,946615675,30,50,/mnt/d/WORK/96/flow_tap/LayoutGenModel/logs/output/cases_hubump/selected-wsweep-hp8_m-t30-w50-newsweep_20260918/seed_946615675/legalized/04_hp8_m_placement_legal.json,/mnt/d/WORK/96/flow_tap/benchmark/cases_hubump/hp8_m.json,0,/mnt/d/WORK/96/flow_tap/LayoutGenModel/logs/output/cases_hubump/selected-wsweep-hp8_m-t30-w50-newsweep_20260918/seed_946615675/legalized/04_hp8_m_placement_legal_report.json
hp8_m_t30-w2_seed1486441653.json,hp8_m,1486441653,30,2,/mnt/d/WORK/96/flow_tap/LayoutGenModel/logs/output/cases_hubump/selected-wsweep-hp8_m-t30-w2-newsweep_20260918/seed_1486441653/legalized/04_hp8_m_placement_legal.json,/mnt/d/WORK/96/flow_tap/benchmark/cases_hubump/hp8_m.json,0,/mnt/d/WORK/96/flow_tap/LayoutGenModel/logs/output/cases_hubump/selected-wsweep-hp8_m-t30-w2-newsweep_20260918/seed_1486441653/legalized/04_hp8_m_placement_legal_report.json
hp8_m_t30-w50_seed1056634028.json,hp8_m,1056634028,30,50,/mnt/d/WORK/96/flow_tap/LayoutGenModel/logs/output/cases_hubump/selected-wsweep-hp8_m-t30-w50-newsweep_20260918/seed_1056634028/legalized/04_hp8_m_placement_legal.json,/mnt/d/WORK/96/flow_tap/benchmark/cases_hubump/hp8_m.json,0,/mnt/d/WORK/96/flow_tap/LayoutGenModel/logs/output/cases_hubump/selected-wsweep-hp8_m-t30-w50-newsweep_20260918/seed_1056634028/legalized/04_hp8_m_placement_legal_report.json
hp8_m_t100-w0_seed946615675.json,hp8_m,946615675,100,0,/mnt/d/WORK/96/flow_tap/LayoutGenModel/logs/output/cases_hubump/selected-wsweep-hp8_m-t100-w0-newsweep_20260918/seed_946615675/legalized/04_hp8_m_placement_legal.json,/mnt/d/WORK/96/flow_tap/benchmark/cases_hubump/hp8_m.json,0,/mnt/d/WORK/96/flow_tap/LayoutGenModel/logs/output/cases_hubump/selected-wsweep-hp8_m-t100-w0-newsweep_20260918/seed_946615675/legalized/04_hp8_m_placement_legal_report.json
hp8_m_t30-w50_seed1486441653.json,hp8_m,1486441653,30,50,/mnt/d/WORK/96/flow_tap/LayoutGenModel/logs/output/cases_hubump/selected-wsweep-hp8_m-t30-w50-newsweep_20260918/seed_1486441653/legalized/04_hp8_m_placement_legal.json,/mnt/d/WORK/96/flow_tap/benchmark/cases_hubump/hp8_m.json,0,/mnt/d/WORK/96/flow_tap/LayoutGenModel/logs/output/cases_hubump/selected-wsweep-hp8_m-t30-w50-newsweep_20260918/seed_1486441653/legalized/04_hp8_m_placement_legal_report.json
hp8_m_t100-w0_seed1056634028.json,hp8_m,1056634028,100,0,/mnt/d/WORK/96/flow_tap/LayoutGenModel/logs/output/cases_hubump/selected-wsweep-hp8_m-t100-w0-newsweep_20260918/seed_1056634028/legalized/04_hp8_m_placement_legal.json,/mnt/d/WORK/96/flow_tap/benchmark/cases_hubump/hp8_m.json,0,/mnt/d/WORK/96/flow_tap/LayoutGenModel/logs/output/cases_hubump/selected-wsweep-hp8_m-t100-w0-newsweep_20260918/seed_1056634028/legalized/04_hp8_m_placement_legal_report.json
hp8_m_t100-w0_seed1486441653.json,hp8_m,1486441653,100,0,/mnt/d/WORK/96/flow_tap/LayoutGenModel/logs/output/cases_hubump/selected-wsweep-hp8_m-t100-w0-newsweep_20260918/seed_1486441653/legalized/04_hp8_m_placement_legal.json,/mnt/d/WORK/96/flow_tap/benchmark/cases_hubump/hp8_m.json,0,/mnt/d/WORK/96/flow_tap/LayoutGenModel/logs/output/cases_hubump/selected-wsweep-hp8_m-t100-w0-newsweep_20260918/seed_1486441653/legalized/04_hp8_m_placement_legal_report.json
hp8_m_t100-w0p02_seed946615675.json,hp8_m,946615675,100,0.02,/mnt/d/WORK/96/flow_tap/LayoutGenModel/logs/output/cases_hubump/selected-wsweep-hp8_m-t100-w0p02-newsweep_20260918/seed_946615675/legalized/04_hp8_m_placement_legal.json,/mnt/d/WORK/96/flow_tap/benchmark/cases_hubump/hp8_m.json,0,/mnt/d/WORK/96/flow_tap/LayoutGenModel/logs/output/cases_hubump/selected-wsweep-hp8_m-t100-w0p02-newsweep_20260918/seed_946615675/legalized/04_hp8_m_placement_legal_report.json
hp8_m_t100-w0p02_seed1056634028.json,hp8_m,1056634028,100,0.02,/mnt/d/WORK/96/flow_tap/LayoutGenModel/logs/output/cases_hubump/selected-wsweep-hp8_m-t100-w0p02-newsweep_20260918/seed_1056634028/legalized/04_hp8_m_placement_legal.json,/mnt/d/WORK/96/flow_tap/benchmark/cases_hubump/hp8_m.json,0,/mnt/d/WORK/96/flow_tap/LayoutGenModel/logs/output/cases_hubump/selected-wsweep-hp8_m-t100-w0p02-newsweep_20260918/seed_1056634028/legalized/04_hp8_m_placement_legal_report.json
hp8_m_t100-w0p02_seed1486441653.json,hp8_m,1486441653,100,0.02,/mnt/d/WORK/96/flow_tap/LayoutGenModel/logs/output/cases_hubump/selected-wsweep-hp8_m-t100-w0p02-newsweep_20260918/seed_1486441653/legalized/04_hp8_m_placement_legal.json,/mnt/d/WORK/96/flow_tap/benchmark/cases_hubump/hp8_m.json,0,/mnt/d/WORK/96/flow_tap/LayoutGenModel/logs/output/cases_hubump/selected-wsweep-hp8_m-t100-w0p02-newsweep_20260918/seed_1486441653/legalized/04_hp8_m_placement_legal_report.json
hp8_m_t100-w0p2_seed946615675.json,hp8_m,946615675,100,0.2,/mnt/d/WORK/96/flow_tap/LayoutGenModel/logs/output/cases_hubump/selected-wsweep-hp8_m-t100-w0p2-newsweep_20260918/seed_946615675/legalized/04_hp8_m_placement_legal.json,/mnt/d/WORK/96/flow_tap/benchmark/cases_hubump/hp8_m.json,0,/mnt/d/WORK/96/flow_tap/LayoutGenModel/logs/output/cases_hubump/selected-wsweep-hp8_m-t100-w0p2-newsweep_20260918/seed_946615675/legalized/04_hp8_m_placement_legal_report.json
hp8_m_t100-w0p2_seed1056634028.json,hp8_m,1056634028,100,0.2,/mnt/d/WORK/96/flow_tap/LayoutGenModel/logs/output/cases_hubump/selected-wsweep-hp8_m-t100-w0p2-newsweep_20260918/seed_1056634028/legalized/04_hp8_m_placement_legal.json,/mnt/d/WORK/96/flow_tap/benchmark/cases_hubump/hp8_m.json,0,/mnt/d/WORK/96/flow_tap/LayoutGenModel/logs/output/cases_hubump/selected-wsweep-hp8_m-t100-w0p2-newsweep_20260918/seed_1056634028/legalized/04_hp8_m_placement_legal_report.json
hp8_m_t100-w0p2_seed1486441653.json,hp8_m,1486441653,100,0.2,/mnt/d/WORK/96/flow_tap/LayoutGenModel/logs/output/cases_hubump/selected-wsweep-hp8_m-t100-w0p2-newsweep_20260918/seed_1486441653/legalized/04_hp8_m_placement_legal.json,/mnt/d/WORK/96/flow_tap/benchmark/cases_hubump/hp8_m.json,0,/mnt/d/WORK/96/flow_tap/LayoutGenModel/logs/output/cases_hubump/selected-wsweep-hp8_m-t100-w0p2-newsweep_20260918/seed_1486441653/legalized/04_hp8_m_placement_legal_report.json
hp8_m_t100-w2_seed946615675.json,hp8_m,946615675,100,2,/mnt/d/WORK/96/flow_tap/LayoutGenModel/logs/output/cases_hubump/selected-wsweep-hp8_m-t100-w2-newsweep_20260918/seed_946615675/legalized/04_hp8_m_placement_legal.json,/mnt/d/WORK/96/flow_tap/benchmark/cases_hubump/hp8_m.json,0,/mnt/d/WORK/96/flow_tap/LayoutGenModel/logs/output/cases_hubump/selected-wsweep-hp8_m-t100-w2-newsweep_20260918/seed_946615675/legalized/04_hp8_m_placement_legal_report.json
hp8_m_t100-w2_seed1056634028.json,hp8_m,1056634028,100,2,/mnt/d/WORK/96/flow_tap/LayoutGenModel/logs/output/cases_hubump/selected-wsweep-hp8_m-t100-w2-newsweep_20260918/seed_1056634028/legalized/04_hp8_m_placement_legal.json,/mnt/d/WORK/96/flow_tap/benchmark/cases_hubump/hp8_m.json,0,/mnt/d/WORK/96/flow_tap/LayoutGenModel/logs/output/cases_hubump/selected-wsweep-hp8_m-t100-w2-newsweep_20260918/seed_1056634028/legalized/04_hp8_m_placement_legal_report.json
hp8_m_t100-w2_seed1486441653.json,hp8_m,1486441653,100,2,/mnt/d/WORK/96/flow_tap/LayoutGenModel/logs/output/cases_hubump/selected-wsweep-hp8_m-t100-w2-newsweep_20260918/seed_1486441653/legalized/04_hp8_m_placement_legal.json,/mnt/d/WORK/96/flow_tap/benchmark/cases_hubump/hp8_m.json,0,/mnt/d/WORK/96/flow_tap/LayoutGenModel/logs/output/cases_hubump/selected-wsweep-hp8_m-t100-w2-newsweep_20260918/seed_1486441653/legalized/04_hp8_m_placement_legal_report.json
hp8_m_t100-w50_seed946615675.json,hp8_m,946615675,100,50,/mnt/d/WORK/96/flow_tap/LayoutGenModel/logs/output/cases_hubump/selected-wsweep-hp8_m-t100-w50-newsweep_20260918/seed_946615675/legalized/04_hp8_m_placement_legal.json,/mnt/d/WORK/96/flow_tap/benchmark/cases_hubump/hp8_m.json,0,/mnt/d/WORK/96/flow_tap/LayoutGenModel/logs/output/cases_hubump/selected-wsweep-hp8_m-t100-w50-newsweep_20260918/seed_946615675/legalized/04_hp8_m_placement_legal_report.json
hp8_m_t100-w50_seed1056634028.json,hp8_m,1056634028,100,50,/mnt/d/WORK/96/flow_tap/LayoutGenModel/logs/output/cases_hubump/selected-wsweep-hp8_m-t100-w50-newsweep_20260918/seed_1056634028/legalized/04_hp8_m_placement_legal.json,/mnt/d/WORK/96/flow_tap/benchmark/cases_hubump/hp8_m.json,0,/mnt/d/WORK/96/flow_tap/LayoutGenModel/logs/output/cases_hubump/selected-wsweep-hp8_m-t100-w50-newsweep_20260918/seed_1056634028/legalized/04_hp8_m_placement_legal_report.json
xerox6_m_t0-w0_seed946615675.json,xerox6_m,946615675,0,0,/mnt/d/WORK/96/flow_tap/LayoutGenModel/logs/output/cases_hubump/selected-wsweep-xerox6_m-t0-w0-newsweep_20260918/seed_946615675/legalized/08_xerox6_m_placement_legal.json,/mnt/d/WORK/96/flow_tap/benchmark/cases_hubump/xerox6_m.json,0,/mnt/d/WORK/96/flow_tap/LayoutGenModel/logs/output/cases_hubump/selected-wsweep-xerox6_m-t0-w0-newsweep_20260918/seed_946615675/legalized/08_xerox6_m_placement_legal_report.json
hp8_m_t100-w50_seed1486441653.json,hp8_m,1486441653,100,50,/mnt/d/WORK/96/flow_tap/LayoutGenModel/logs/output/cases_hubump/selected-wsweep-hp8_m-t100-w50-newsweep_20260918/seed_1486441653/legalized/04_hp8_m_placement_legal.json,/mnt/d/WORK/96/flow_tap/benchmark/cases_hubump/hp8_m.json,0,/mnt/d/WORK/96/flow_tap/LayoutGenModel/logs/output/cases_hubump/selected-wsweep-hp8_m-t100-w50-newsweep_20260918/seed_1486441653/legalized/04_hp8_m_placement_legal_report.json
xerox6_m_t0-w0_seed1056634028.json,xerox6_m,1056634028,0,0,/mnt/d/WORK/96/flow_tap/LayoutGenModel/logs/output/cases_hubump/selected-wsweep-xerox6_m-t0-w0-newsweep_20260918/seed_1056634028/legalized/08_xerox6_m_placement_legal.json,/mnt/d/WORK/96/flow_tap/benchmark/cases_hubump/xerox6_m.json,0,/mnt/d/WORK/96/flow_tap/LayoutGenModel/logs/output/cases_hubump/selected-wsweep-xerox6_m-t0-w0-newsweep_20260918/seed_1056634028/legalized/08_xerox6_m_placement_legal_report.json
xerox6_m_t0-w0_seed1486441653.json,xerox6_m,1486441653,0,0,/mnt/d/WORK/96/flow_tap/LayoutGenModel/logs/output/cases_hubump/selected-wsweep-xerox6_m-t0-w0-newsweep_20260918/seed_1486441653/legalized/08_xerox6_m_placement_legal.json,/mnt/d/WORK/96/flow_tap/benchmark/cases_hubump/xerox6_m.json,0,/mnt/d/WORK/96/flow_tap/LayoutGenModel/logs/output/cases_hubump/selected-wsweep-xerox6_m-t0-w0-newsweep_20260918/seed_1486441653/legalized/08_xerox6_m_placement_legal_report.json
xerox6_m_t0-w0p02_seed946615675.json,xerox6_m,946615675,0,0.02,/mnt/d/WORK/96/flow_tap/LayoutGenModel/logs/output/cases_hubump/selected-wsweep-xerox6_m-t0-w0p02-newsweep_20260918/seed_946615675/legalized/08_xerox6_m_placement_legal.json,/mnt/d/WORK/96/flow_tap/benchmark/cases_hubump/xerox6_m.json,0,/mnt/d/WORK/96/flow_tap/LayoutGenModel/logs/output/cases_hubump/selected-wsweep-xerox6_m-t0-w0p02-newsweep_20260918/seed_946615675/legalized/08_xerox6_m_placement_legal_report.json
xerox6_m_t0-w0p02_seed1486441653.json,xerox6_m,1486441653,0,0.02,/mnt/d/WORK/96/flow_tap/LayoutGenModel/logs/output/cases_hubump/selected-wsweep-xerox6_m-t0-w0p02-newsweep_20260918/seed_1486441653/legalized/08_xerox6_m_placement_legal.json,/mnt/d/WORK/96/flow_tap/benchmark/cases_hubump/xerox6_m.json,0,/mnt/d/WORK/96/flow_tap/LayoutGenModel/logs/output/cases_hubump/selected-wsweep-xerox6_m-t0-w0p02-newsweep_20260918/seed_1486441653/legalized/08_xerox6_m_placement_legal_report.json
xerox6_m_t0-w0p02_seed1056634028.json,xerox6_m,1056634028,0,0.02,/mnt/d/WORK/96/flow_tap/LayoutGenModel/logs/output/cases_hubump/selected-wsweep-xerox6_m-t0-w0p02-newsweep_20260918/seed_1056634028/legalized/08_xerox6_m_placement_legal.json,/mnt/d/WORK/96/flow_tap/benchmark/cases_hubump/xerox6_m.json,0,/mnt/d/WORK/96/flow_tap/LayoutGenModel/logs/output/cases_hubump/selected-wsweep-xerox6_m-t0-w0p02-newsweep_20260918/seed_1056634028/legalized/08_xerox6_m_placement_legal_report.json
xerox6_m_t0-w0p2_seed946615675.json,xerox6_m,946615675,0,0.2,/mnt/d/WORK/96/flow_tap/LayoutGenModel/logs/output/cases_hubump/selected-wsweep-xerox6_m-t0-w0p2-newsweep_20260918/seed_946615675/legalized/08_xerox6_m_placement_legal.json,/mnt/d/WORK/96/flow_tap/benchmark/cases_hubump/xerox6_m.json,0,/mnt/d/WORK/96/flow_tap/LayoutGenModel/logs/output/cases_hubump/selected-wsweep-xerox6_m-t0-w0p2-newsweep_20260918/seed_946615675/legalized/08_xerox6_m_placement_legal_report.json
xerox6_m_t0-w0p2_seed1056634028.json,xerox6_m,1056634028,0,0.2,/mnt/d/WORK/96/flow_tap/LayoutGenModel/logs/output/cases_hubump/selected-wsweep-xerox6_m-t0-w0p2-newsweep_20260918/seed_1056634028/legalized/08_xerox6_m_placement_legal.json,/mnt/d/WORK/96/flow_tap/benchmark/cases_hubump/xerox6_m.json,0,/mnt/d/WORK/96/flow_tap/LayoutGenModel/logs/output/cases_hubump/selected-wsweep-xerox6_m-t0-w0p2-newsweep_20260918/seed_1056634028/legalized/08_xerox6_m_placement_legal_report.json
xerox6_m_t0-w0p2_seed1486441653.json,xerox6_m,1486441653,0,0.2,/mnt/d/WORK/96/flow_tap/LayoutGenModel/logs/output/cases_hubump/selected-wsweep-xerox6_m-t0-w0p2-newsweep_20260918/seed_1486441653/legalized/08_xerox6_m_placement_legal.json,/mnt/d/WORK/96/flow_tap/benchmark/cases_hubump/xerox6_m.json,0,/mnt/d/WORK/96/flow_tap/LayoutGenModel/logs/output/cases_hubump/selected-wsweep-xerox6_m-t0-w0p2-newsweep_20260918/seed_1486441653/legalized/08_xerox6_m_placement_legal_report.json
xerox6_m_t0-w2_seed946615675.json,xerox6_m,946615675,0,2,/mnt/d/WORK/96/flow_tap/LayoutGenModel/logs/output/cases_hubump/selected-wsweep-xerox6_m-t0-w2-newsweep_20260918/seed_946615675/legalized/08_xerox6_m_placement_legal.json,/mnt/d/WORK/96/flow_tap/benchmark/cases_hubump/xerox6_m.json,0,/mnt/d/WORK/96/flow_tap/LayoutGenModel/logs/output/cases_hubump/selected-wsweep-xerox6_m-t0-w2-newsweep_20260918/seed_946615675/legalized/08_xerox6_m_placement_legal_report.json
xerox6_m_t0-w2_seed1056634028.json,xerox6_m,1056634028,0,2,/mnt/d/WORK/96/flow_tap/LayoutGenModel/logs/output/cases_hubump/selected-wsweep-xerox6_m-t0-w2-newsweep_20260918/seed_1056634028/legalized/08_xerox6_m_placement_legal.json,/mnt/d/WORK/96/flow_tap/benchmark/cases_hubump/xerox6_m.json,0,/mnt/d/WORK/96/flow_tap/LayoutGenModel/logs/output/cases_hubump/selected-wsweep-xerox6_m-t0-w2-newsweep_20260918/seed_1056634028/legalized/08_xerox6_m_placement_legal_report.json
xerox6_m_t0-w2_seed1486441653.json,xerox6_m,1486441653,0,2,/mnt/d/WORK/96/flow_tap/LayoutGenModel/logs/output/cases_hubump/selected-wsweep-xerox6_m-t0-w2-newsweep_20260918/seed_1486441653/legalized/08_xerox6_m_placement_legal.json,/mnt/d/WORK/96/flow_tap/benchmark/cases_hubump/xerox6_m.json,0,/mnt/d/WORK/96/flow_tap/LayoutGenModel/logs/output/cases_hubump/selected-wsweep-xerox6_m-t0-w2-newsweep_20260918/seed_1486441653/legalized/08_xerox6_m_placement_legal_report.json
xerox6_m_t0-w50_seed946615675.json,xerox6_m,946615675,0,50,/mnt/d/WORK/96/flow_tap/LayoutGenModel/logs/output/cases_hubump/selected-wsweep-xerox6_m-t0-w50-newsweep_20260918/seed_946615675/legalized/08_xerox6_m_placement_legal.json,/mnt/d/WORK/96/flow_tap/benchmark/cases_hubump/xerox6_m.json,0,/mnt/d/WORK/96/flow_tap/LayoutGenModel/logs/output/cases_hubump/selected-wsweep-xerox6_m-t0-w50-newsweep_20260918/seed_946615675/legalized/08_xerox6_m_placement_legal_report.json
xerox6_m_t0-w50_seed1056634028.json,xerox6_m,1056634028,0,50,/mnt/d/WORK/96/flow_tap/LayoutGenModel/logs/output/cases_hubump/selected-wsweep-xerox6_m-t0-w50-newsweep_20260918/seed_1056634028/legalized/08_xerox6_m_placement_legal.json,/mnt/d/WORK/96/flow_tap/benchmark/cases_hubump/xerox6_m.json,0,/mnt/d/WORK/96/flow_tap/LayoutGenModel/logs/output/cases_hubump/selected-wsweep-xerox6_m-t0-w50-newsweep_20260918/seed_1056634028/legalized/08_xerox6_m_placement_legal_report.json
xerox6_m_t0p01-w0_seed946615675.json,xerox6_m,946615675,0.01,0,/mnt/d/WORK/96/flow_tap/LayoutGenModel/logs/output/cases_hubump/selected-wsweep-xerox6_m-t0p01-w0-newsweep_20260918/seed_946615675/legalized/08_xerox6_m_placement_legal.json,/mnt/d/WORK/96/flow_tap/benchmark/cases_hubump/xerox6_m.json,0,/mnt/d/WORK/96/flow_tap/LayoutGenModel/logs/output/cases_hubump/selected-wsweep-xerox6_m-t0p01-w0-newsweep_20260918/seed_946615675/legalized/08_xerox6_m_placement_legal_report.json
xerox6_m_t0p01-w0_seed1056634028.json,xerox6_m,1056634028,0.01,0,/mnt/d/WORK/96/flow_tap/LayoutGenModel/logs/output/cases_hubump/selected-wsweep-xerox6_m-t0p01-w0-newsweep_20260918/seed_1056634028/legalized/08_xerox6_m_placement_legal.json,/mnt/d/WORK/96/flow_tap/benchmark/cases_hubump/xerox6_m.json,0,/mnt/d/WORK/96/flow_tap/LayoutGenModel/logs/output/cases_hubump/selected-wsweep-xerox6_m-t0p01-w0-newsweep_20260918/seed_1056634028/legalized/08_xerox6_m_placement_legal_report.json
xerox6_m_t0p01-w0_seed1486441653.json,xerox6_m,1486441653,0.01,0,/mnt/d/WORK/96/flow_tap/LayoutGenModel/logs/output/cases_hubump/selected-wsweep-xerox6_m-t0p01-w0-newsweep_20260918/seed_1486441653/legalized/08_xerox6_m_placement_legal.json,/mnt/d/WORK/96/flow_tap/benchmark/cases_hubump/xerox6_m.json,0,/mnt/d/WORK/96/flow_tap/LayoutGenModel/logs/output/cases_hubump/selected-wsweep-xerox6_m-t0p01-w0-newsweep_20260918/seed_1486441653/legalized/08_xerox6_m_placement_legal_report.json
xerox6_m_t0p01-w0p02_seed946615675.json,xerox6_m,946615675,0.01,0.02,/mnt/d/WORK/96/flow_tap/LayoutGenModel/logs/output/cases_hubump/selected-wsweep-xerox6_m-t0p01-w0p02-newsweep_20260918/seed_946615675/legalized/08_xerox6_m_placement_legal.json,/mnt/d/WORK/96/flow_tap/benchmark/cases_hubump/xerox6_m.json,0,/mnt/d/WORK/96/flow_tap/LayoutGenModel/logs/output/cases_hubump/selected-wsweep-xerox6_m-t0p01-w0p02-newsweep_20260918/seed_946615675/legalized/08_xerox6_m_placement_legal_report.json
xerox6_m_t0p01-w0p02_seed1056634028.json,xerox6_m,1056634028,0.01,0.02,/mnt/d/WORK/96/flow_tap/LayoutGenModel/logs/output/cases_hubump/selected-wsweep-xerox6_m-t0p01-w0p02-newsweep_20260918/seed_1056634028/legalized/08_xerox6_m_placement_legal.json,/mnt/d/WORK/96/flow_tap/benchmark/cases_hubump/xerox6_m.json,0,/mnt/d/WORK/96/flow_tap/LayoutGenModel/logs/output/cases_hubump/selected-wsweep-xerox6_m-t0p01-w0p02-newsweep_20260918/seed_1056634028/legalized/08_xerox6_m_placement_legal_report.json
xerox6_m_t0p01-w0p02_seed1486441653.json,xerox6_m,1486441653,0.01,0.02,/mnt/d/WORK/96/flow_tap/LayoutGenModel/logs/output/cases_hubump/selected-wsweep-xerox6_m-t0p01-w0p02-newsweep_20260918/seed_1486441653/legalized/08_xerox6_m_placement_legal.json,/mnt/d/WORK/96/flow_tap/benchmark/cases_hubump/xerox6_m.json,0,/mnt/d/WORK/96/flow_tap/LayoutGenModel/logs/output/cases_hubump/selected-wsweep-xerox6_m-t0p01-w0p02-newsweep_20260918/seed_1486441653/legalized/08_xerox6_m_placement_legal_report.json
xerox6_m_t0p01-w0p2_seed946615675.json,xerox6_m,946615675,0.01,0.2,/mnt/d/WORK/96/flow_tap/LayoutGenModel/logs/output/cases_hubump/selected-wsweep-xerox6_m-t0p01-w0p2-newsweep_20260918/seed_946615675/legalized/08_xerox6_m_placement_legal.json,/mnt/d/WORK/96/flow_tap/benchmark/cases_hubump/xerox6_m.json,0,/mnt/d/WORK/96/flow_tap/LayoutGenModel/logs/output/cases_hubump/selected-wsweep-xerox6_m-t0p01-w0p2-newsweep_20260918/seed_946615675/legalized/08_xerox6_m_placement_legal_report.json
xerox6_m_t0p01-w0p2_seed1056634028.json,xerox6_m,1056634028,0.01,0.2,/mnt/d/WORK/96/flow_tap/LayoutGenModel/logs/output/cases_hubump/selected-wsweep-xerox6_m-t0p01-w0p2-newsweep_20260918/seed_1056634028/legalized/08_xerox6_m_placement_legal.json,/mnt/d/WORK/96/flow_tap/benchmark/cases_hubump/xerox6_m.json,0,/mnt/d/WORK/96/flow_tap/LayoutGenModel/logs/output/cases_hubump/selected-wsweep-xerox6_m-t0p01-w0p2-newsweep_20260918/seed_1056634028/legalized/08_xerox6_m_placement_legal_report.json
xerox6_m_t0p01-w0p2_seed1486441653.json,xerox6_m,1486441653,0.01,0.2,/mnt/d/WORK/96/flow_tap/LayoutGenModel/logs/output/cases_hubump/selected-wsweep-xerox6_m-t0p01-w0p2-newsweep_20260918/seed_1486441653/legalized/08_xerox6_m_placement_legal.json,/mnt/d/WORK/96/flow_tap/benchmark/cases_hubump/xerox6_m.json,0,/mnt/d/WORK/96/flow_tap/LayoutGenModel/logs/output/cases_hubump/selected-wsweep-xerox6_m-t0p01-w0p2-newsweep_20260918/seed_1486441653/legalized/08_xerox6_m_placement_legal_report.json
xerox6_m_t0p01-w2_seed946615675.json,xerox6_m,946615675,0.01,2,/mnt/d/WORK/96/flow_tap/LayoutGenModel/logs/output/cases_hubump/selected-wsweep-xerox6_m-t0p01-w2-newsweep_20260918/seed_946615675/legalized/08_xerox6_m_placement_legal.json,/mnt/d/WORK/96/flow_tap/benchmark/cases_hubump/xerox6_m.json,0,/mnt/d/WORK/96/flow_tap/LayoutGenModel/logs/output/cases_hubump/selected-wsweep-xerox6_m-t0p01-w2-newsweep_20260918/seed_946615675/legalized/08_xerox6_m_placement_legal_report.json
xerox6_m_t0p01-w2_seed1056634028.json,xerox6_m,1056634028,0.01,2,/mnt/d/WORK/96/flow_tap/LayoutGenModel/logs/output/cases_hubump/selected-wsweep-xerox6_m-t0p01-w2-newsweep_20260918/seed_1056634028/legalized/08_xerox6_m_placement_legal.json,/mnt/d/WORK/96/flow_tap/benchmark/cases_hubump/xerox6_m.json,0,/mnt/d/WORK/96/flow_tap/LayoutGenModel/logs/output/cases_hubump/selected-wsweep-xerox6_m-t0p01-w2-newsweep_20260918/seed_1056634028/legalized/08_xerox6_m_placement_legal_report.json
xerox6_m_t0p01-w2_seed1486441653.json,xerox6_m,1486441653,0.01,2,/mnt/d/WORK/96/flow_tap/LayoutGenModel/logs/output/cases_hubump/selected-wsweep-xerox6_m-t0p01-w2-newsweep_20260918/seed_1486441653/legalized/08_xerox6_m_placement_legal.json,/mnt/d/WORK/96/flow_tap/benchmark/cases_hubump/xerox6_m.json,0,/mnt/d/WORK/96/flow_tap/LayoutGenModel/logs/output/cases_hubump/selected-wsweep-xerox6_m-t0p01-w2-newsweep_20260918/seed_1486441653/legalized/08_xerox6_m_placement_legal_report.json
xerox6_m_t0p01-w50_seed946615675.json,xerox6_m,946615675,0.01,50,/mnt/d/WORK/96/flow_tap/LayoutGenModel/logs/output/cases_hubump/selected-wsweep-xerox6_m-t0p01-w50-newsweep_20260918/seed_946615675/legalized/08_xerox6_m_placement_legal.json,/mnt/d/WORK/96/flow_tap/benchmark/cases_hubump/xerox6_m.json,0,/mnt/d/WORK/96/flow_tap/LayoutGenModel/logs/output/cases_hubump/selected-wsweep-xerox6_m-t0p01-w50-newsweep_20260918/seed_946615675/legalized/08_xerox6_m_placement_legal_report.json
xerox6_m_t0p01-w50_seed1056634028.json,xerox6_m,1056634028,0.01,50,/mnt/d/WORK/96/flow_tap/LayoutGenModel/logs/output/cases_hubump/selected-wsweep-xerox6_m-t0p01-w50-newsweep_20260918/seed_1056634028/legalized/08_xerox6_m_placement_legal.json,/mnt/d/WORK/96/flow_tap/benchmark/cases_hubump/xerox6_m.json,0,/mnt/d/WORK/96/flow_tap/LayoutGenModel/logs/output/cases_hubump/selected-wsweep-xerox6_m-t0p01-w50-newsweep_20260918/seed_1056634028/legalized/08_xerox6_m_placement_legal_report.json
xerox6_m_t0p01-w50_seed1486441653.json,xerox6_m,1486441653,0.01,50,/mnt/d/WORK/96/flow_tap/LayoutGenModel/logs/output/cases_hubump/selected-wsweep-xerox6_m-t0p01-w50-newsweep_20260918/seed_1486441653/legalized/08_xerox6_m_placement_legal.json,/mnt/d/WORK/96/flow_tap/benchmark/cases_hubump/xerox6_m.json,0,/mnt/d/WORK/96/flow_tap/LayoutGenModel/logs/output/cases_hubump/selected-wsweep-xerox6_m-t0p01-w50-newsweep_20260918/seed_1486441653/legalized/08_xerox6_m_placement_legal_report.json
xerox6_m_t0p03-w0_seed946615675.json,xerox6_m,946615675,0.03,0,/mnt/d/WORK/96/flow_tap/LayoutGenModel/logs/output/cases_hubump/selected-wsweep-xerox6_m-t0p03-w0-newsweep_20260918/seed_946615675/legalized/08_xerox6_m_placement_legal.json,/mnt/d/WORK/96/flow_tap/benchmark/cases_hubump/xerox6_m.json,0,/mnt/d/WORK/96/flow_tap/LayoutGenModel/logs/output/cases_hubump/selected-wsweep-xerox6_m-t0p03-w0-newsweep_20260918/seed_946615675/legalized/08_xerox6_m_placement_legal_report.json
xerox6_m_t0p03-w0_seed1056634028.json,xerox6_m,1056634028,0.03,0,/mnt/d/WORK/96/flow_tap/LayoutGenModel/logs/output/cases_hubump/selected-wsweep-xerox6_m-t0p03-w0-newsweep_20260918/seed_1056634028/legalized/08_xerox6_m_placement_legal.json,/mnt/d/WORK/96/flow_tap/benchmark/cases_hubump/xerox6_m.json,0,/mnt/d/WORK/96/flow_tap/LayoutGenModel/logs/output/cases_hubump/selected-wsweep-xerox6_m-t0p03-w0-newsweep_20260918/seed_1056634028/legalized/08_xerox6_m_placement_legal_report.json
xerox6_m_t0p03-w0_seed1486441653.json,xerox6_m,1486441653,0.03,0,/mnt/d/WORK/96/flow_tap/LayoutGenModel/logs/output/cases_hubump/selected-wsweep-xerox6_m-t0p03-w0-newsweep_20260918/seed_1486441653/legalized/08_xerox6_m_placement_legal.json,/mnt/d/WORK/96/flow_tap/benchmark/cases_hubump/xerox6_m.json,0,/mnt/d/WORK/96/flow_tap/LayoutGenModel/logs/output/cases_hubump/selected-wsweep-xerox6_m-t0p03-w0-newsweep_20260918/seed_1486441653/legalized/08_xerox6_m_placement_legal_report.json
xerox6_m_t0p03-w0p02_seed946615675.json,xerox6_m,946615675,0.03,0.02,/mnt/d/WORK/96/flow_tap/LayoutGenModel/logs/output/cases_hubump/selected-wsweep-xerox6_m-t0p03-w0p02-newsweep_20260918/seed_946615675/legalized/08_xerox6_m_placement_legal.json,/mnt/d/WORK/96/flow_tap/benchmark/cases_hubump/xerox6_m.json,0,/mnt/d/WORK/96/flow_tap/LayoutGenModel/logs/output/cases_hubump/selected-wsweep-xerox6_m-t0p03-w0p02-newsweep_20260918/seed_946615675/legalized/08_xerox6_m_placement_legal_report.json
xerox6_m_t0p03-w0p02_seed1056634028.json,xerox6_m,1056634028,0.03,0.02,/mnt/d/WORK/96/flow_tap/LayoutGenModel/logs/output/cases_hubump/selected-wsweep-xerox6_m-t0p03-w0p02-newsweep_20260918/seed_1056634028/legalized/08_xerox6_m_placement_legal.json,/mnt/d/WORK/96/flow_tap/benchmark/cases_hubump/xerox6_m.json,0,/mnt/d/WORK/96/flow_tap/LayoutGenModel/logs/output/cases_hubump/selected-wsweep-xerox6_m-t0p03-w0p02-newsweep_20260918/seed_1056634028/legalized/08_xerox6_m_placement_legal_report.json
xerox6_m_t0p03-w0p02_seed1486441653.json,xerox6_m,1486441653,0.03,0.02,/mnt/d/WORK/96/flow_tap/LayoutGenModel/logs/output/cases_hubump/selected-wsweep-xerox6_m-t0p03-w0p02-newsweep_20260918/seed_1486441653/legalized/08_xerox6_m_placement_legal.json,/mnt/d/WORK/96/flow_tap/benchmark/cases_hubump/xerox6_m.json,0,/mnt/d/WORK/96/flow_tap/LayoutGenModel/logs/output/cases_hubump/selected-wsweep-xerox6_m-t0p03-w0p02-newsweep_20260918/seed_1486441653/legalized/08_xerox6_m_placement_legal_report.json
xerox6_m_t0p03-w0p2_seed946615675.json,xerox6_m,946615675,0.03,0.2,/mnt/d/WORK/96/flow_tap/LayoutGenModel/logs/output/cases_hubump/selected-wsweep-xerox6_m-t0p03-w0p2-newsweep_20260918/seed_946615675/legalized/08_xerox6_m_placement_legal.json,/mnt/d/WORK/96/flow_tap/benchmark/cases_hubump/xerox6_m.json,0,/mnt/d/WORK/96/flow_tap/LayoutGenModel/logs/output/cases_hubump/selected-wsweep-xerox6_m-t0p03-w0p2-newsweep_20260918/seed_946615675/legalized/08_xerox6_m_placement_legal_report.json
xerox6_m_t0p03-w0p2_seed1056634028.json,xerox6_m,1056634028,0.03,0.2,/mnt/d/WORK/96/flow_tap/LayoutGenModel/logs/output/cases_hubump/selected-wsweep-xerox6_m-t0p03-w0p2-newsweep_20260918/seed_1056634028/legalized/08_xerox6_m_placement_legal.json,/mnt/d/WORK/96/flow_tap/benchmark/cases_hubump/xerox6_m.json,0,/mnt/d/WORK/96/flow_tap/LayoutGenModel/logs/output/cases_hubump/selected-wsweep-xerox6_m-t0p03-w0p2-newsweep_20260918/seed_1056634028/legalized/08_xerox6_m_placement_legal_report.json
xerox6_m_t0p03-w0p2_seed1486441653.json,xerox6_m,1486441653,0.03,0.2,/mnt/d/WORK/96/flow_tap/LayoutGenModel/logs/output/cases_hubump/selected-wsweep-xerox6_m-t0p03-w0p2-newsweep_20260918/seed_1486441653/legalized/08_xerox6_m_placement_legal.json,/mnt/d/WORK/96/flow_tap/benchmark/cases_hubump/xerox6_m.json,0,/mnt/d/WORK/96/flow_tap/LayoutGenModel/logs/output/cases_hubump/selected-wsweep-xerox6_m-t0p03-w0p2-newsweep_20260918/seed_1486441653/legalized/08_xerox6_m_placement_legal_report.json
xerox6_m_t0p03-w2_seed946615675.json,xerox6_m,946615675,0.03,2,/mnt/d/WORK/96/flow_tap/LayoutGenModel/logs/output/cases_hubump/selected-wsweep-xerox6_m-t0p03-w2-newsweep_20260918/seed_946615675/legalized/08_xerox6_m_placement_legal.json,/mnt/d/WORK/96/flow_tap/benchmark/cases_hubump/xerox6_m.json,0,/mnt/d/WORK/96/flow_tap/LayoutGenModel/logs/output/cases_hubump/selected-wsweep-xerox6_m-t0p03-w2-newsweep_20260918/seed_946615675/legalized/08_xerox6_m_placement_legal_report.json
xerox6_m_t0p03-w2_seed1056634028.json,xerox6_m,1056634028,0.03,2,/mnt/d/WORK/96/flow_tap/LayoutGenModel/logs/output/cases_hubump/selected-wsweep-xerox6_m-t0p03-w2-newsweep_20260918/seed_1056634028/legalized/08_xerox6_m_placement_legal.json,/mnt/d/WORK/96/flow_tap/benchmark/cases_hubump/xerox6_m.json,0,/mnt/d/WORK/96/flow_tap/LayoutGenModel/logs/output/cases_hubump/selected-wsweep-xerox6_m-t0p03-w2-newsweep_20260918/seed_1056634028/legalized/08_xerox6_m_placement_legal_report.json
xerox6_m_t0p03-w2_seed1486441653.json,xerox6_m,1486441653,0.03,2,/mnt/d/WORK/96/flow_tap/LayoutGenModel/logs/output/cases_hubump/selected-wsweep-xerox6_m-t0p03-w2-newsweep_20260918/seed_1486441653/legalized/08_xerox6_m_placement_legal.json,/mnt/d/WORK/96/flow_tap/benchmark/cases_hubump/xerox6_m.json,0,/mnt/d/WORK/96/flow_tap/LayoutGenModel/logs/output/cases_hubump/selected-wsweep-xerox6_m-t0p03-w2-newsweep_20260918/seed_1486441653/legalized/08_xerox6_m_placement_legal_report.json
xerox6_m_t0p03-w50_seed946615675.json,xerox6_m,946615675,0.03,50,/mnt/d/WORK/96/flow_tap/LayoutGenModel/logs/output/cases_hubump/selected-wsweep-xerox6_m-t0p03-w50-newsweep_20260918/seed_946615675/legalized/08_xerox6_m_placement_legal.json,/mnt/d/WORK/96/flow_tap/benchmark/cases_hubump/xerox6_m.json,0,/mnt/d/WORK/96/flow_tap/LayoutGenModel/logs/output/cases_hubump/selected-wsweep-xerox6_m-t0p03-w50-newsweep_20260918/seed_946615675/legalized/08_xerox6_m_placement_legal_report.json
xerox6_m_t0p03-w50_seed1056634028.json,xerox6_m,1056634028,0.03,50,/mnt/d/WORK/96/flow_tap/LayoutGenModel/logs/output/cases_hubump/selected-wsweep-xerox6_m-t0p03-w50-newsweep_20260918/seed_1056634028/legalized/08_xerox6_m_placement_legal.json,/mnt/d/WORK/96/flow_tap/benchmark/cases_hubump/xerox6_m.json,0,/mnt/d/WORK/96/flow_tap/LayoutGenModel/logs/output/cases_hubump/selected-wsweep-xerox6_m-t0p03-w50-newsweep_20260918/seed_1056634028/legalized/08_xerox6_m_placement_legal_report.json
xerox6_m_t0p03-w50_seed1486441653.json,xerox6_m,1486441653,0.03,50,/mnt/d/WORK/96/flow_tap/LayoutGenModel/logs/output/cases_hubump/selected-wsweep-xerox6_m-t0p03-w50-newsweep_20260918/seed_1486441653/legalized/08_xerox6_m_placement_legal.json,/mnt/d/WORK/96/flow_tap/benchmark/cases_hubump/xerox6_m.json,0,/mnt/d/WORK/96/flow_tap/LayoutGenModel/logs/output/cases_hubump/selected-wsweep-xerox6_m-t0p03-w50-newsweep_20260918/seed_1486441653/legalized/08_xerox6_m_placement_legal_report.json
xerox6_m_t0p1-w0_seed946615675.json,xerox6_m,946615675,0.1,0,/mnt/d/WORK/96/flow_tap/LayoutGenModel/logs/output/cases_hubump/selected-wsweep-xerox6_m-t0p1-w0-newsweep_20260918/seed_946615675/legalized/08_xerox6_m_placement_legal.json,/mnt/d/WORK/96/flow_tap/benchmark/cases_hubump/xerox6_m.json,0,/mnt/d/WORK/96/flow_tap/LayoutGenModel/logs/output/cases_hubump/selected-wsweep-xerox6_m-t0p1-w0-newsweep_20260918/seed_946615675/legalized/08_xerox6_m_placement_legal_report.json
xerox6_m_t0p1-w0_seed1056634028.json,xerox6_m,1056634028,0.1,0,/mnt/d/WORK/96/flow_tap/LayoutGenModel/logs/output/cases_hubump/selected-wsweep-xerox6_m-t0p1-w0-newsweep_20260918/seed_1056634028/legalized/08_xerox6_m_placement_legal.json,/mnt/d/WORK/96/flow_tap/benchmark/cases_hubump/xerox6_m.json,0,/mnt/d/WORK/96/flow_tap/LayoutGenModel/logs/output/cases_hubump/selected-wsweep-xerox6_m-t0p1-w0-newsweep_20260918/seed_1056634028/legalized/08_xerox6_m_placement_legal_report.json
xerox6_m_t0p1-w0_seed1486441653.json,xerox6_m,1486441653,0.1,0,/mnt/d/WORK/96/flow_tap/LayoutGenModel/logs/output/cases_hubump/selected-wsweep-xerox6_m-t0p1-w0-newsweep_20260918/seed_1486441653/legalized/08_xerox6_m_placement_legal.json,/mnt/d/WORK/96/flow_tap/benchmark/cases_hubump/xerox6_m.json,0,/mnt/d/WORK/96/flow_tap/LayoutGenModel/logs/output/cases_hubump/selected-wsweep-xerox6_m-t0p1-w0-newsweep_20260918/seed_1486441653/legalized/08_xerox6_m_placement_legal_report.json
xerox6_m_t0p1-w0p02_seed946615675.json,xerox6_m,946615675,0.1,0.02,/mnt/d/WORK/96/flow_tap/LayoutGenModel/logs/output/cases_hubump/selected-wsweep-xerox6_m-t0p1-w0p02-newsweep_20260918/seed_946615675/legalized/08_xerox6_m_placement_legal.json,/mnt/d/WORK/96/flow_tap/benchmark/cases_hubump/xerox6_m.json,0,/mnt/d/WORK/96/flow_tap/LayoutGenModel/logs/output/cases_hubump/selected-wsweep-xerox6_m-t0p1-w0p02-newsweep_20260918/seed_946615675/legalized/08_xerox6_m_placement_legal_report.json
xerox6_m_t0p1-w0p02_seed1056634028.json,xerox6_m,1056634028,0.1,0.02,/mnt/d/WORK/96/flow_tap/LayoutGenModel/logs/output/cases_hubump/selected-wsweep-xerox6_m-t0p1-w0p02-newsweep_20260918/seed_1056634028/legalized/08_xerox6_m_placement_legal.json,/mnt/d/WORK/96/flow_tap/benchmark/cases_hubump/xerox6_m.json,0,/mnt/d/WORK/96/flow_tap/LayoutGenModel/logs/output/cases_hubump/selected-wsweep-xerox6_m-t0p1-w0p02-newsweep_20260918/seed_1056634028/legalized/08_xerox6_m_placement_legal_report.json
xerox6_m_t0p1-w0p02_seed1486441653.json,xerox6_m,1486441653,0.1,0.02,/mnt/d/WORK/96/flow_tap/LayoutGenModel/logs/output/cases_hubump/selected-wsweep-xerox6_m-t0p1-w0p02-newsweep_20260918/seed_1486441653/legalized/08_xerox6_m_placement_legal.json,/mnt/d/WORK/96/flow_tap/benchmark/cases_hubump/xerox6_m.json,0,/mnt/d/WORK/96/flow_tap/LayoutGenModel/logs/output/cases_hubump/selected-wsweep-xerox6_m-t0p1-w0p02-newsweep_20260918/seed_1486441653/legalized/08_xerox6_m_placement_legal_report.json
xerox6_m_t0p1-w0p2_seed946615675.json,xerox6_m,946615675,0.1,0.2,/mnt/d/WORK/96/flow_tap/LayoutGenModel/logs/output/cases_hubump/selected-wsweep-xerox6_m-t0p1-w0p2-newsweep_20260918/seed_946615675/legalized/08_xerox6_m_placement_legal.json,/mnt/d/WORK/96/flow_tap/benchmark/cases_hubump/xerox6_m.json,0,/mnt/d/WORK/96/flow_tap/LayoutGenModel/logs/output/cases_hubump/selected-wsweep-xerox6_m-t0p1-w0p2-newsweep_20260918/seed_946615675/legalized/08_xerox6_m_placement_legal_report.json
xerox6_m_t0p1-w0p2_seed1056634028.json,xerox6_m,1056634028,0.1,0.2,/mnt/d/WORK/96/flow_tap/LayoutGenModel/logs/output/cases_hubump/selected-wsweep-xerox6_m-t0p1-w0p2-newsweep_20260918/seed_1056634028/legalized/08_xerox6_m_placement_legal.json,/mnt/d/WORK/96/flow_tap/benchmark/cases_hubump/xerox6_m.json,0,/mnt/d/WORK/96/flow_tap/LayoutGenModel/logs/output/cases_hubump/selected-wsweep-xerox6_m-t0p1-w0p2-newsweep_20260918/seed_1056634028/legalized/08_xerox6_m_placement_legal_report.json
xerox6_m_t0p1-w0p2_seed1486441653.json,xerox6_m,1486441653,0.1,0.2,/mnt/d/WORK/96/flow_tap/LayoutGenModel/logs/output/cases_hubump/selected-wsweep-xerox6_m-t0p1-w0p2-newsweep_20260918/seed_1486441653/legalized/08_xerox6_m_placement_legal.json,/mnt/d/WORK/96/flow_tap/benchmark/cases_hubump/xerox6_m.json,0,/mnt/d/WORK/96/flow_tap/LayoutGenModel/logs/output/cases_hubump/selected-wsweep-xerox6_m-t0p1-w0p2-newsweep_20260918/seed_1486441653/legalized/08_xerox6_m_placement_legal_report.json
xerox6_m_t0p1-w2_seed946615675.json,xerox6_m,946615675,0.1,2,/mnt/d/WORK/96/flow_tap/LayoutGenModel/logs/output/cases_hubump/selected-wsweep-xerox6_m-t0p1-w2-newsweep_20260918/seed_946615675/legalized/08_xerox6_m_placement_legal.json,/mnt/d/WORK/96/flow_tap/benchmark/cases_hubump/xerox6_m.json,0,/mnt/d/WORK/96/flow_tap/LayoutGenModel/logs/output/cases_hubump/selected-wsweep-xerox6_m-t0p1-w2-newsweep_20260918/seed_946615675/legalized/08_xerox6_m_placement_legal_report.json
xerox6_m_t0p1-w2_seed1056634028.json,xerox6_m,1056634028,0.1,2,/mnt/d/WORK/96/flow_tap/LayoutGenModel/logs/output/cases_hubump/selected-wsweep-xerox6_m-t0p1-w2-newsweep_20260918/seed_1056634028/legalized/08_xerox6_m_placement_legal.json,/mnt/d/WORK/96/flow_tap/benchmark/cases_hubump/xerox6_m.json,0,/mnt/d/WORK/96/flow_tap/LayoutGenModel/logs/output/cases_hubump/selected-wsweep-xerox6_m-t0p1-w2-newsweep_20260918/seed_1056634028/legalized/08_xerox6_m_placement_legal_report.json
xerox6_m_t0p1-w2_seed1486441653.json,xerox6_m,1486441653,0.1,2,/mnt/d/WORK/96/flow_tap/LayoutGenModel/logs/output/cases_hubump/selected-wsweep-xerox6_m-t0p1-w2-newsweep_20260918/seed_1486441653/legalized/08_xerox6_m_placement_legal.json,/mnt/d/WORK/96/flow_tap/benchmark/cases_hubump/xerox6_m.json,0,/mnt/d/WORK/96/flow_tap/LayoutGenModel/logs/output/cases_hubump/selected-wsweep-xerox6_m-t0p1-w2-newsweep_20260918/seed_1486441653/legalized/08_xerox6_m_placement_legal_report.json
xerox6_m_t0p1-w50_seed946615675.json,xerox6_m,946615675,0.1,50,/mnt/d/WORK/96/flow_tap/LayoutGenModel/logs/output/cases_hubump/selected-wsweep-xerox6_m-t0p1-w50-newsweep_20260918/seed_946615675/legalized/08_xerox6_m_placement_legal.json,/mnt/d/WORK/96/flow_tap/benchmark/cases_hubump/xerox6_m.json,0,/mnt/d/WORK/96/flow_tap/LayoutGenModel/logs/output/cases_hubump/selected-wsweep-xerox6_m-t0p1-w50-newsweep_20260918/seed_946615675/legalized/08_xerox6_m_placement_legal_report.json
xerox6_m_t0p1-w50_seed1056634028.json,xerox6_m,1056634028,0.1,50,/mnt/d/WORK/96/flow_tap/LayoutGenModel/logs/output/cases_hubump/selected-wsweep-xerox6_m-t0p1-w50-newsweep_20260918/seed_1056634028/legalized/08_xerox6_m_placement_legal.json,/mnt/d/WORK/96/flow_tap/benchmark/cases_hubump/xerox6_m.json,0,/mnt/d/WORK/96/flow_tap/LayoutGenModel/logs/output/cases_hubump/selected-wsweep-xerox6_m-t0p1-w50-newsweep_20260918/seed_1056634028/legalized/08_xerox6_m_placement_legal_report.json
xerox6_m_t0p1-w50_seed1486441653.json,xerox6_m,1486441653,0.1,50,/mnt/d/WORK/96/flow_tap/LayoutGenModel/logs/output/cases_hubump/selected-wsweep-xerox6_m-t0p1-w50-newsweep_20260918/seed_1486441653/legalized/08_xerox6_m_placement_legal.json,/mnt/d/WORK/96/flow_tap/benchmark/cases_hubump/xerox6_m.json,0,/mnt/d/WORK/96/flow_tap/LayoutGenModel/logs/output/cases_hubump/selected-wsweep-xerox6_m-t0p1-w50-newsweep_20260918/seed_1486441653/legalized/08_xerox6_m_placement_legal_report.json
xerox6_m_t0p3-w0_seed946615675.json,xerox6_m,946615675,0.3,0,/mnt/d/WORK/96/flow_tap/LayoutGenModel/logs/output/cases_hubump/selected-wsweep-xerox6_m-t0p3-w0-newsweep_20260918/seed_946615675/legalized/08_xerox6_m_placement_legal.json,/mnt/d/WORK/96/flow_tap/benchmark/cases_hubump/xerox6_m.json,0,/mnt/d/WORK/96/flow_tap/LayoutGenModel/logs/output/cases_hubump/selected-wsweep-xerox6_m-t0p3-w0-newsweep_20260918/seed_946615675/legalized/08_xerox6_m_placement_legal_report.json
xerox6_m_t0p3-w0_seed1056634028.json,xerox6_m,1056634028,0.3,0,/mnt/d/WORK/96/flow_tap/LayoutGenModel/logs/output/cases_hubump/selected-wsweep-xerox6_m-t0p3-w0-newsweep_20260918/seed_1056634028/legalized/08_xerox6_m_placement_legal.json,/mnt/d/WORK/96/flow_tap/benchmark/cases_hubump/xerox6_m.json,0,/mnt/d/WORK/96/flow_tap/LayoutGenModel/logs/output/cases_hubump/selected-wsweep-xerox6_m-t0p3-w0-newsweep_20260918/seed_1056634028/legalized/08_xerox6_m_placement_legal_report.json
xerox6_m_t0p3-w0_seed1486441653.json,xerox6_m,1486441653,0.3,0,/mnt/d/WORK/96/flow_tap/LayoutGenModel/logs/output/cases_hubump/selected-wsweep-xerox6_m-t0p3-w0-newsweep_20260918/seed_1486441653/legalized/08_xerox6_m_placement_legal.json,/mnt/d/WORK/96/flow_tap/benchmark/cases_hubump/xerox6_m.json,0,/mnt/d/WORK/96/flow_tap/LayoutGenModel/logs/output/cases_hubump/selected-wsweep-xerox6_m-t0p3-w0-newsweep_20260918/seed_1486441653/legalized/08_xerox6_m_placement_legal_report.json
xerox6_m_t0p3-w0p02_seed946615675.json,xerox6_m,946615675,0.3,0.02,/mnt/d/WORK/96/flow_tap/LayoutGenModel/logs/output/cases_hubump/selected-wsweep-xerox6_m-t0p3-w0p02-newsweep_20260918/seed_946615675/legalized/08_xerox6_m_placement_legal.json,/mnt/d/WORK/96/flow_tap/benchmark/cases_hubump/xerox6_m.json,0,/mnt/d/WORK/96/flow_tap/LayoutGenModel/logs/output/cases_hubump/selected-wsweep-xerox6_m-t0p3-w0p02-newsweep_20260918/seed_946615675/legalized/08_xerox6_m_placement_legal_report.json
xerox6_m_t0p3-w0p02_seed1056634028.json,xerox6_m,1056634028,0.3,0.02,/mnt/d/WORK/96/flow_tap/LayoutGenModel/logs/output/cases_hubump/selected-wsweep-xerox6_m-t0p3-w0p02-newsweep_20260918/seed_1056634028/legalized/08_xerox6_m_placement_legal.json,/mnt/d/WORK/96/flow_tap/benchmark/cases_hubump/xerox6_m.json,0,/mnt/d/WORK/96/flow_tap/LayoutGenModel/logs/output/cases_hubump/selected-wsweep-xerox6_m-t0p3-w0p02-newsweep_20260918/seed_1056634028/legalized/08_xerox6_m_placement_legal_report.json
xerox6_m_t0p3-w0p02_seed1486441653.json,xerox6_m,1486441653,0.3,0.02,/mnt/d/WORK/96/flow_tap/LayoutGenModel/logs/output/cases_hubump/selected-wsweep-xerox6_m-t0p3-w0p02-newsweep_20260918/seed_1486441653/legalized/08_xerox6_m_placement_legal.json,/mnt/d/WORK/96/flow_tap/benchmark/cases_hubump/xerox6_m.json,0,/mnt/d/WORK/96/flow_tap/LayoutGenModel/logs/output/cases_hubump/selected-wsweep-xerox6_m-t0p3-w0p02-newsweep_20260918/seed_1486441653/legalized/08_xerox6_m_placement_legal_report.json
xerox6_m_t0p3-w0p2_seed946615675.json,xerox6_m,946615675,0.3,0.2,/mnt/d/WORK/96/flow_tap/LayoutGenModel/logs/output/cases_hubump/selected-wsweep-xerox6_m-t0p3-w0p2-newsweep_20260918/seed_946615675/legalized/08_xerox6_m_placement_legal.json,/mnt/d/WORK/96/flow_tap/benchmark/cases_hubump/xerox6_m.json,0,/mnt/d/WORK/96/flow_tap/LayoutGenModel/logs/output/cases_hubump/selected-wsweep-xerox6_m-t0p3-w0p2-newsweep_20260918/seed_946615675/legalized/08_xerox6_m_placement_legal_report.json
xerox6_m_t0p3-w0p2_seed1056634028.json,xerox6_m,1056634028,0.3,0.2,/mnt/d/WORK/96/flow_tap/LayoutGenModel/logs/output/cases_hubump/selected-wsweep-xerox6_m-t0p3-w0p2-newsweep_20260918/seed_1056634028/legalized/08_xerox6_m_placement_legal.json,/mnt/d/WORK/96/flow_tap/benchmark/cases_hubump/xerox6_m.json,0,/mnt/d/WORK/96/flow_tap/LayoutGenModel/logs/output/cases_hubump/selected-wsweep-xerox6_m-t0p3-w0p2-newsweep_20260918/seed_1056634028/legalized/08_xerox6_m_placement_legal_report.json
xerox6_m_t0p3-w0p2_seed1486441653.json,xerox6_m,1486441653,0.3,0.2,/mnt/d/WORK/96/flow_tap/LayoutGenModel/logs/output/cases_hubump/selected-wsweep-xerox6_m-t0p3-w0p2-newsweep_20260918/seed_1486441653/legalized/08_xerox6_m_placement_legal.json,/mnt/d/WORK/96/flow_tap/benchmark/cases_hubump/xerox6_m.json,0,/mnt/d/WORK/96/flow_tap/LayoutGenModel/logs/output/cases_hubump/selected-wsweep-xerox6_m-t0p3-w0p2-newsweep_20260918/seed_1486441653/legalized/08_xerox6_m_placement_legal_report.json
xerox6_m_t0p3-w2_seed946615675.json,xerox6_m,946615675,0.3,2,/mnt/d/WORK/96/flow_tap/LayoutGenModel/logs/output/cases_hubump/selected-wsweep-xerox6_m-t0p3-w2-newsweep_20260918/seed_946615675/legalized/08_xerox6_m_placement_legal.json,/mnt/d/WORK/96/flow_tap/benchmark/cases_hubump/xerox6_m.json,0,/mnt/d/WORK/96/flow_tap/LayoutGenModel/logs/output/cases_hubump/selected-wsweep-xerox6_m-t0p3-w2-newsweep_20260918/seed_946615675/legalized/08_xerox6_m_placement_legal_report.json
xerox6_m_t0p3-w2_seed1056634028.json,xerox6_m,1056634028,0.3,2,/mnt/d/WORK/96/flow_tap/LayoutGenModel/logs/output/cases_hubump/selected-wsweep-xerox6_m-t0p3-w2-newsweep_20260918/seed_1056634028/legalized/08_xerox6_m_placement_legal.json,/mnt/d/WORK/96/flow_tap/benchmark/cases_hubump/xerox6_m.json,0,/mnt/d/WORK/96/flow_tap/LayoutGenModel/logs/output/cases_hubump/selected-wsweep-xerox6_m-t0p3-w2-newsweep_20260918/seed_1056634028/legalized/08_xerox6_m_placement_legal_report.json
xerox6_m_t0p3-w2_seed1486441653.json,xerox6_m,1486441653,0.3,2,/mnt/d/WORK/96/flow_tap/LayoutGenModel/logs/output/cases_hubump/selected-wsweep-xerox6_m-t0p3-w2-newsweep_20260918/seed_1486441653/legalized/08_xerox6_m_placement_legal.json,/mnt/d/WORK/96/flow_tap/benchmark/cases_hubump/xerox6_m.json,0,/mnt/d/WORK/96/flow_tap/LayoutGenModel/logs/output/cases_hubump/selected-wsweep-xerox6_m-t0p3-w2-newsweep_20260918/seed_1486441653/legalized/08_xerox6_m_placement_legal_report.json
xerox6_m_t0p3-w50_seed946615675.json,xerox6_m,946615675,0.3,50,/mnt/d/WORK/96/flow_tap/LayoutGenModel/logs/output/cases_hubump/selected-wsweep-xerox6_m-t0p3-w50-newsweep_20260918/seed_946615675/legalized/08_xerox6_m_placement_legal.json,/mnt/d/WORK/96/flow_tap/benchmark/cases_hubump/xerox6_m.json,0,/mnt/d/WORK/96/flow_tap/LayoutGenModel/logs/output/cases_hubump/selected-wsweep-xerox6_m-t0p3-w50-newsweep_20260918/seed_946615675/legalized/08_xerox6_m_placement_legal_report.json
xerox6_m_t0p3-w50_seed1056634028.json,xerox6_m,1056634028,0.3,50,/mnt/d/WORK/96/flow_tap/LayoutGenModel/logs/output/cases_hubump/selected-wsweep-xerox6_m-t0p3-w50-newsweep_20260918/seed_1056634028/legalized/08_xerox6_m_placement_legal.json,/mnt/d/WORK/96/flow_tap/benchmark/cases_hubump/xerox6_m.json,0,/mnt/d/WORK/96/flow_tap/LayoutGenModel/logs/output/cases_hubump/selected-wsweep-xerox6_m-t0p3-w50-newsweep_20260918/seed_1056634028/legalized/08_xerox6_m_placement_legal_report.json
xerox6_m_t0p3-w50_seed1486441653.json,xerox6_m,1486441653,0.3,50,/mnt/d/WORK/96/flow_tap/LayoutGenModel/logs/output/cases_hubump/selected-wsweep-xerox6_m-t0p3-w50-newsweep_20260918/seed_1486441653/legalized/08_xerox6_m_placement_legal.json,/mnt/d/WORK/96/flow_tap/benchmark/cases_hubump/xerox6_m.json,0,/mnt/d/WORK/96/flow_tap/LayoutGenModel/logs/output/cases_hubump/selected-wsweep-xerox6_m-t0p3-w50-newsweep_20260918/seed_1486441653/legalized/08_xerox6_m_placement_legal_report.json
xerox6_m_t1-w0_seed946615675.json,xerox6_m,946615675,1,0,/mnt/d/WORK/96/flow_tap/LayoutGenModel/logs/output/cases_hubump/selected-wsweep-xerox6_m-t1-w0-newsweep_20260918/seed_946615675/legalized/08_xerox6_m_placement_legal.json,/mnt/d/WORK/96/flow_tap/benchmark/cases_hubump/xerox6_m.json,0,/mnt/d/WORK/96/flow_tap/LayoutGenModel/logs/output/cases_hubump/selected-wsweep-xerox6_m-t1-w0-newsweep_20260918/seed_946615675/legalized/08_xerox6_m_placement_legal_report.json
xerox6_m_t1-w0_seed1056634028.json,xerox6_m,1056634028,1,0,/mnt/d/WORK/96/flow_tap/LayoutGenModel/logs/output/cases_hubump/selected-wsweep-xerox6_m-t1-w0-newsweep_20260918/seed_1056634028/legalized/08_xerox6_m_placement_legal.json,/mnt/d/WORK/96/flow_tap/benchmark/cases_hubump/xerox6_m.json,0,/mnt/d/WORK/96/flow_tap/LayoutGenModel/logs/output/cases_hubump/selected-wsweep-xerox6_m-t1-w0-newsweep_20260918/seed_1056634028/legalized/08_xerox6_m_placement_legal_report.json
xerox6_m_t1-w0_seed1486441653.json,xerox6_m,1486441653,1,0,/mnt/d/WORK/96/flow_tap/LayoutGenModel/logs/output/cases_hubump/selected-wsweep-xerox6_m-t1-w0-newsweep_20260918/seed_1486441653/legalized/08_xerox6_m_placement_legal.json,/mnt/d/WORK/96/flow_tap/benchmark/cases_hubump/xerox6_m.json,0,/mnt/d/WORK/96/flow_tap/LayoutGenModel/logs/output/cases_hubump/selected-wsweep-xerox6_m-t1-w0-newsweep_20260918/seed_1486441653/legalized/08_xerox6_m_placement_legal_report.json
xerox6_m_t1-w0p02_seed946615675.json,xerox6_m,946615675,1,0.02,/mnt/d/WORK/96/flow_tap/LayoutGenModel/logs/output/cases_hubump/selected-wsweep-xerox6_m-t1-w0p02-newsweep_20260918/seed_946615675/legalized/08_xerox6_m_placement_legal.json,/mnt/d/WORK/96/flow_tap/benchmark/cases_hubump/xerox6_m.json,0,/mnt/d/WORK/96/flow_tap/LayoutGenModel/logs/output/cases_hubump/selected-wsweep-xerox6_m-t1-w0p02-newsweep_20260918/seed_946615675/legalized/08_xerox6_m_placement_legal_report.json
xerox6_m_t1-w0p02_seed1056634028.json,xerox6_m,1056634028,1,0.02,/mnt/d/WORK/96/flow_tap/LayoutGenModel/logs/output/cases_hubump/selected-wsweep-xerox6_m-t1-w0p02-newsweep_20260918/seed_1056634028/legalized/08_xerox6_m_placement_legal.json,/mnt/d/WORK/96/flow_tap/benchmark/cases_hubump/xerox6_m.json,0,/mnt/d/WORK/96/flow_tap/LayoutGenModel/logs/output/cases_hubump/selected-wsweep-xerox6_m-t1-w0p02-newsweep_20260918/seed_1056634028/legalized/08_xerox6_m_placement_legal_report.json
xerox6_m_t1-w0p02_seed1486441653.json,xerox6_m,1486441653,1,0.02,/mnt/d/WORK/96/flow_tap/LayoutGenModel/logs/output/cases_hubump/selected-wsweep-xerox6_m-t1-w0p02-newsweep_20260918/seed_1486441653/legalized/08_xerox6_m_placement_legal.json,/mnt/d/WORK/96/flow_tap/benchmark/cases_hubump/xerox6_m.json,0,/mnt/d/WORK/96/flow_tap/LayoutGenModel/logs/output/cases_hubump/selected-wsweep-xerox6_m-t1-w0p02-newsweep_20260918/seed_1486441653/legalized/08_xerox6_m_placement_legal_report.json
xerox6_m_t1-w0p2_seed946615675.json,xerox6_m,946615675,1,0.2,/mnt/d/WORK/96/flow_tap/LayoutGenModel/logs/output/cases_hubump/selected-wsweep-xerox6_m-t1-w0p2-newsweep_20260918/seed_946615675/legalized/08_xerox6_m_placement_legal.json,/mnt/d/WORK/96/flow_tap/benchmark/cases_hubump/xerox6_m.json,0,/mnt/d/WORK/96/flow_tap/LayoutGenModel/logs/output/cases_hubump/selected-wsweep-xerox6_m-t1-w0p2-newsweep_20260918/seed_946615675/legalized/08_xerox6_m_placement_legal_report.json
xerox6_m_t1-w0p2_seed1056634028.json,xerox6_m,1056634028,1,0.2,/mnt/d/WORK/96/flow_tap/LayoutGenModel/logs/output/cases_hubump/selected-wsweep-xerox6_m-t1-w0p2-newsweep_20260918/seed_1056634028/legalized/08_xerox6_m_placement_legal.json,/mnt/d/WORK/96/flow_tap/benchmark/cases_hubump/xerox6_m.json,0,/mnt/d/WORK/96/flow_tap/LayoutGenModel/logs/output/cases_hubump/selected-wsweep-xerox6_m-t1-w0p2-newsweep_20260918/seed_1056634028/legalized/08_xerox6_m_placement_legal_report.json
xerox6_m_t1-w0p2_seed1486441653.json,xerox6_m,1486441653,1,0.2,/mnt/d/WORK/96/flow_tap/LayoutGenModel/logs/output/cases_hubump/selected-wsweep-xerox6_m-t1-w0p2-newsweep_20260918/seed_1486441653/legalized/08_xerox6_m_placement_legal.json,/mnt/d/WORK/96/flow_tap/benchmark/cases_hubump/xerox6_m.json,0,/mnt/d/WORK/96/flow_tap/LayoutGenModel/logs/output/cases_hubump/selected-wsweep-xerox6_m-t1-w0p2-newsweep_20260918/seed_1486441653/legalized/08_xerox6_m_placement_legal_report.json
xerox6_m_t1-w2_seed946615675.json,xerox6_m,946615675,1,2,/mnt/d/WORK/96/flow_tap/LayoutGenModel/logs/output/cases_hubump/selected-wsweep-xerox6_m-t1-w2-newsweep_20260918/seed_946615675/legalized/08_xerox6_m_placement_legal.json,/mnt/d/WORK/96/flow_tap/benchmark/cases_hubump/xerox6_m.json,0,/mnt/d/WORK/96/flow_tap/LayoutGenModel/logs/output/cases_hubump/selected-wsweep-xerox6_m-t1-w2-newsweep_20260918/seed_946615675/legalized/08_xerox6_m_placement_legal_report.json
xerox6_m_t1-w2_seed1056634028.json,xerox6_m,1056634028,1,2,/mnt/d/WORK/96/flow_tap/LayoutGenModel/logs/output/cases_hubump/selected-wsweep-xerox6_m-t1-w2-newsweep_20260918/seed_1056634028/legalized/08_xerox6_m_placement_legal.json,/mnt/d/WORK/96/flow_tap/benchmark/cases_hubump/xerox6_m.json,0,/mnt/d/WORK/96/flow_tap/LayoutGenModel/logs/output/cases_hubump/selected-wsweep-xerox6_m-t1-w2-newsweep_20260918/seed_1056634028/legalized/08_xerox6_m_placement_legal_report.json
xerox6_m_t1-w2_seed1486441653.json,xerox6_m,1486441653,1,2,/mnt/d/WORK/96/flow_tap/LayoutGenModel/logs/output/cases_hubump/selected-wsweep-xerox6_m-t1-w2-newsweep_20260918/seed_1486441653/legalized/08_xerox6_m_placement_legal.json,/mnt/d/WORK/96/flow_tap/benchmark/cases_hubump/xerox6_m.json,0,/mnt/d/WORK/96/flow_tap/LayoutGenModel/logs/output/cases_hubump/selected-wsweep-xerox6_m-t1-w2-newsweep_20260918/seed_1486441653/legalized/08_xerox6_m_placement_legal_report.json
xerox6_m_t1-w50_seed946615675.json,xerox6_m,946615675,1,50,/mnt/d/WORK/96/flow_tap/LayoutGenModel/logs/output/cases_hubump/selected-wsweep-xerox6_m-t1-w50-newsweep_20260918/seed_946615675/legalized/08_xerox6_m_placement_legal.json,/mnt/d/WORK/96/flow_tap/benchmark/cases_hubump/xerox6_m.json,0,/mnt/d/WORK/96/flow_tap/LayoutGenModel/logs/output/cases_hubump/selected-wsweep-xerox6_m-t1-w50-newsweep_20260918/seed_946615675/legalized/08_xerox6_m_placement_legal_report.json
xerox6_m_t1-w50_seed1056634028.json,xerox6_m,1056634028,1,50,/mnt/d/WORK/96/flow_tap/LayoutGenModel/logs/output/cases_hubump/selected-wsweep-xerox6_m-t1-w50-newsweep_20260918/seed_1056634028/legalized/08_xerox6_m_placement_legal.json,/mnt/d/WORK/96/flow_tap/benchmark/cases_hubump/xerox6_m.json,0,/mnt/d/WORK/96/flow_tap/LayoutGenModel/logs/output/cases_hubump/selected-wsweep-xerox6_m-t1-w50-newsweep_20260918/seed_1056634028/legalized/08_xerox6_m_placement_legal_report.json
xerox6_m_t1-w50_seed1486441653.json,xerox6_m,1486441653,1,50,/mnt/d/WORK/96/flow_tap/LayoutGenModel/logs/output/cases_hubump/selected-wsweep-xerox6_m-t1-w50-newsweep_20260918/seed_1486441653/legalized/08_xerox6_m_placement_legal.json,/mnt/d/WORK/96/flow_tap/benchmark/cases_hubump/xerox6_m.json,0,/mnt/d/WORK/96/flow_tap/LayoutGenModel/logs/output/cases_hubump/selected-wsweep-xerox6_m-t1-w50-newsweep_20260918/seed_1486441653/legalized/08_xerox6_m_placement_legal_report.json
xerox6_m_t3-w0_seed946615675.json,xerox6_m,946615675,3,0,/mnt/d/WORK/96/flow_tap/LayoutGenModel/logs/output/cases_hubump/selected-wsweep-xerox6_m-t3-w0-newsweep_20260918/seed_946615675/legalized/08_xerox6_m_placement_legal.json,/mnt/d/WORK/96/flow_tap/benchmark/cases_hubump/xerox6_m.json,0,/mnt/d/WORK/96/flow_tap/LayoutGenModel/logs/output/cases_hubump/selected-wsweep-xerox6_m-t3-w0-newsweep_20260918/seed_946615675/legalized/08_xerox6_m_placement_legal_report.json
xerox6_m_t3-w0_seed1056634028.json,xerox6_m,1056634028,3,0,/mnt/d/WORK/96/flow_tap/LayoutGenModel/logs/output/cases_hubump/selected-wsweep-xerox6_m-t3-w0-newsweep_20260918/seed_1056634028/legalized/08_xerox6_m_placement_legal.json,/mnt/d/WORK/96/flow_tap/benchmark/cases_hubump/xerox6_m.json,0,/mnt/d/WORK/96/flow_tap/LayoutGenModel/logs/output/cases_hubump/selected-wsweep-xerox6_m-t3-w0-newsweep_20260918/seed_1056634028/legalized/08_xerox6_m_placement_legal_report.json
xerox6_m_t3-w0_seed1486441653.json,xerox6_m,1486441653,3,0,/mnt/d/WORK/96/flow_tap/LayoutGenModel/logs/output/cases_hubump/selected-wsweep-xerox6_m-t3-w0-newsweep_20260918/seed_1486441653/legalized/08_xerox6_m_placement_legal.json,/mnt/d/WORK/96/flow_tap/benchmark/cases_hubump/xerox6_m.json,0,/mnt/d/WORK/96/flow_tap/LayoutGenModel/logs/output/cases_hubump/selected-wsweep-xerox6_m-t3-w0-newsweep_20260918/seed_1486441653/legalized/08_xerox6_m_placement_legal_report.json
xerox6_m_t3-w0p02_seed946615675.json,xerox6_m,946615675,3,0.02,/mnt/d/WORK/96/flow_tap/LayoutGenModel/logs/output/cases_hubump/selected-wsweep-xerox6_m-t3-w0p02-newsweep_20260918/seed_946615675/legalized/08_xerox6_m_placement_legal.json,/mnt/d/WORK/96/flow_tap/benchmark/cases_hubump/xerox6_m.json,0,/mnt/d/WORK/96/flow_tap/LayoutGenModel/logs/output/cases_hubump/selected-wsweep-xerox6_m-t3-w0p02-newsweep_20260918/seed_946615675/legalized/08_xerox6_m_placement_legal_report.json
xerox6_m_t3-w0p02_seed1056634028.json,xerox6_m,1056634028,3,0.02,/mnt/d/WORK/96/flow_tap/LayoutGenModel/logs/output/cases_hubump/selected-wsweep-xerox6_m-t3-w0p02-newsweep_20260918/seed_1056634028/legalized/08_xerox6_m_placement_legal.json,/mnt/d/WORK/96/flow_tap/benchmark/cases_hubump/xerox6_m.json,0,/mnt/d/WORK/96/flow_tap/LayoutGenModel/logs/output/cases_hubump/selected-wsweep-xerox6_m-t3-w0p02-newsweep_20260918/seed_1056634028/legalized/08_xerox6_m_placement_legal_report.json
xerox6_m_t3-w0p02_seed1486441653.json,xerox6_m,1486441653,3,0.02,/mnt/d/WORK/96/flow_tap/LayoutGenModel/logs/output/cases_hubump/selected-wsweep-xerox6_m-t3-w0p02-newsweep_20260918/seed_1486441653/legalized/08_xerox6_m_placement_legal.json,/mnt/d/WORK/96/flow_tap/benchmark/cases_hubump/xerox6_m.json,0,/mnt/d/WORK/96/flow_tap/LayoutGenModel/logs/output/cases_hubump/selected-wsweep-xerox6_m-t3-w0p02-newsweep_20260918/seed_1486441653/legalized/08_xerox6_m_placement_legal_report.json
xerox6_m_t3-w0p2_seed946615675.json,xerox6_m,946615675,3,0.2,/mnt/d/WORK/96/flow_tap/LayoutGenModel/logs/output/cases_hubump/selected-wsweep-xerox6_m-t3-w0p2-newsweep_20260918/seed_946615675/legalized/08_xerox6_m_placement_legal.json,/mnt/d/WORK/96/flow_tap/benchmark/cases_hubump/xerox6_m.json,0,/mnt/d/WORK/96/flow_tap/LayoutGenModel/logs/output/cases_hubump/selected-wsweep-xerox6_m-t3-w0p2-newsweep_20260918/seed_946615675/legalized/08_xerox6_m_placement_legal_report.json
xerox6_m_t3-w0p2_seed1056634028.json,xerox6_m,1056634028,3,0.2,/mnt/d/WORK/96/flow_tap/LayoutGenModel/logs/output/cases_hubump/selected-wsweep-xerox6_m-t3-w0p2-newsweep_20260918/seed_1056634028/legalized/08_xerox6_m_placement_legal.json,/mnt/d/WORK/96/flow_tap/benchmark/cases_hubump/xerox6_m.json,0,/mnt/d/WORK/96/flow_tap/LayoutGenModel/logs/output/cases_hubump/selected-wsweep-xerox6_m-t3-w0p2-newsweep_20260918/seed_1056634028/legalized/08_xerox6_m_placement_legal_report.json
xerox6_m_t3-w0p2_seed1486441653.json,xerox6_m,1486441653,3,0.2,/mnt/d/WORK/96/flow_tap/LayoutGenModel/logs/output/cases_hubump/selected-wsweep-xerox6_m-t3-w0p2-newsweep_20260918/seed_1486441653/legalized/08_xerox6_m_placement_legal.json,/mnt/d/WORK/96/flow_tap/benchmark/cases_hubump/xerox6_m.json,0,/mnt/d/WORK/96/flow_tap/LayoutGenModel/logs/output/cases_hubump/selected-wsweep-xerox6_m-t3-w0p2-newsweep_20260918/seed_1486441653/legalized/08_xerox6_m_placement_legal_report.json
xerox6_m_t3-w2_seed946615675.json,xerox6_m,946615675,3,2,/mnt/d/WORK/96/flow_tap/LayoutGenModel/logs/output/cases_hubump/selected-wsweep-xerox6_m-t3-w2-newsweep_20260918/seed_946615675/legalized/08_xerox6_m_placement_legal.json,/mnt/d/WORK/96/flow_tap/benchmark/cases_hubump/xerox6_m.json,0,/mnt/d/WORK/96/flow_tap/LayoutGenModel/logs/output/cases_hubump/selected-wsweep-xerox6_m-t3-w2-newsweep_20260918/seed_946615675/legalized/08_xerox6_m_placement_legal_report.json
xerox6_m_t3-w2_seed1056634028.json,xerox6_m,1056634028,3,2,/mnt/d/WORK/96/flow_tap/LayoutGenModel/logs/output/cases_hubump/selected-wsweep-xerox6_m-t3-w2-newsweep_20260918/seed_1056634028/legalized/08_xerox6_m_placement_legal.json,/mnt/d/WORK/96/flow_tap/benchmark/cases_hubump/xerox6_m.json,0,/mnt/d/WORK/96/flow_tap/LayoutGenModel/logs/output/cases_hubump/selected-wsweep-xerox6_m-t3-w2-newsweep_20260918/seed_1056634028/legalized/08_xerox6_m_placement_legal_report.json
xerox6_m_t3-w2_seed1486441653.json,xerox6_m,1486441653,3,2,/mnt/d/WORK/96/flow_tap/LayoutGenModel/logs/output/cases_hubump/selected-wsweep-xerox6_m-t3-w2-newsweep_20260918/seed_1486441653/legalized/08_xerox6_m_placement_legal.json,/mnt/d/WORK/96/flow_tap/benchmark/cases_hubump/xerox6_m.json,0,/mnt/d/WORK/96/flow_tap/LayoutGenModel/logs/output/cases_hubump/selected-wsweep-xerox6_m-t3-w2-newsweep_20260918/seed_1486441653/legalized/08_xerox6_m_placement_legal_report.json
xerox6_m_t3-w50_seed946615675.json,xerox6_m,946615675,3,50,/mnt/d/WORK/96/flow_tap/LayoutGenModel/logs/output/cases_hubump/selected-wsweep-xerox6_m-t3-w50-newsweep_20260918/seed_946615675/legalized/08_xerox6_m_placement_legal.json,/mnt/d/WORK/96/flow_tap/benchmark/cases_hubump/xerox6_m.json,0,/mnt/d/WORK/96/flow_tap/LayoutGenModel/logs/output/cases_hubump/selected-wsweep-xerox6_m-t3-w50-newsweep_20260918/seed_946615675/legalized/08_xerox6_m_placement_legal_report.json
xerox6_m_t3-w50_seed1486441653.json,xerox6_m,1486441653,3,50,/mnt/d/WORK/96/flow_tap/LayoutGenModel/logs/output/cases_hubump/selected-wsweep-xerox6_m-t3-w50-newsweep_20260918/seed_1486441653/legalized/08_xerox6_m_placement_legal.json,/mnt/d/WORK/96/flow_tap/benchmark/cases_hubump/xerox6_m.json,0,/mnt/d/WORK/96/flow_tap/LayoutGenModel/logs/output/cases_hubump/selected-wsweep-xerox6_m-t3-w50-newsweep_20260918/seed_1486441653/legalized/08_xerox6_m_placement_legal_report.json
xerox6_m_t3-w50_seed1056634028.json,xerox6_m,1056634028,3,50,/mnt/d/WORK/96/flow_tap/LayoutGenModel/logs/output/cases_hubump/selected-wsweep-xerox6_m-t3-w50-newsweep_20260918/seed_1056634028/legalized/08_xerox6_m_placement_legal.json,/mnt/d/WORK/96/flow_tap/benchmark/cases_hubump/xerox6_m.json,0,/mnt/d/WORK/96/flow_tap/LayoutGenModel/logs/output/cases_hubump/selected-wsweep-xerox6_m-t3-w50-newsweep_20260918/seed_1056634028/legalized/08_xerox6_m_placement_legal_report.json
xerox6_m_t10-w0_seed946615675.json,xerox6_m,946615675,10,0,/mnt/d/WORK/96/flow_tap/LayoutGenModel/logs/output/cases_hubump/selected-wsweep-xerox6_m-t10-w0-newsweep_20260918/seed_946615675/legalized/08_xerox6_m_placement_legal.json,/mnt/d/WORK/96/flow_tap/benchmark/cases_hubump/xerox6_m.json,0,/mnt/d/WORK/96/flow_tap/LayoutGenModel/logs/output/cases_hubump/selected-wsweep-xerox6_m-t10-w0-newsweep_20260918/seed_946615675/legalized/08_xerox6_m_placement_legal_report.json
xerox6_m_t10-w0_seed1056634028.json,xerox6_m,1056634028,10,0,/mnt/d/WORK/96/flow_tap/LayoutGenModel/logs/output/cases_hubump/selected-wsweep-xerox6_m-t10-w0-newsweep_20260918/seed_1056634028/legalized/08_xerox6_m_placement_legal.json,/mnt/d/WORK/96/flow_tap/benchmark/cases_hubump/xerox6_m.json,0,/mnt/d/WORK/96/flow_tap/LayoutGenModel/logs/output/cases_hubump/selected-wsweep-xerox6_m-t10-w0-newsweep_20260918/seed_1056634028/legalized/08_xerox6_m_placement_legal_report.json
xerox6_m_t10-w0_seed1486441653.json,xerox6_m,1486441653,10,0,/mnt/d/WORK/96/flow_tap/LayoutGenModel/logs/output/cases_hubump/selected-wsweep-xerox6_m-t10-w0-newsweep_20260918/seed_1486441653/legalized/08_xerox6_m_placement_legal.json,/mnt/d/WORK/96/flow_tap/benchmark/cases_hubump/xerox6_m.json,0,/mnt/d/WORK/96/flow_tap/LayoutGenModel/logs/output/cases_hubump/selected-wsweep-xerox6_m-t10-w0-newsweep_20260918/seed_1486441653/legalized/08_xerox6_m_placement_legal_report.json
xerox6_m_t10-w0p02_seed946615675.json,xerox6_m,946615675,10,0.02,/mnt/d/WORK/96/flow_tap/LayoutGenModel/logs/output/cases_hubump/selected-wsweep-xerox6_m-t10-w0p02-newsweep_20260918/seed_946615675/legalized/08_xerox6_m_placement_legal.json,/mnt/d/WORK/96/flow_tap/benchmark/cases_hubump/xerox6_m.json,0,/mnt/d/WORK/96/flow_tap/LayoutGenModel/logs/output/cases_hubump/selected-wsweep-xerox6_m-t10-w0p02-newsweep_20260918/seed_946615675/legalized/08_xerox6_m_placement_legal_report.json
xerox6_m_t10-w0p02_seed1056634028.json,xerox6_m,1056634028,10,0.02,/mnt/d/WORK/96/flow_tap/LayoutGenModel/logs/output/cases_hubump/selected-wsweep-xerox6_m-t10-w0p02-newsweep_20260918/seed_1056634028/legalized/08_xerox6_m_placement_legal.json,/mnt/d/WORK/96/flow_tap/benchmark/cases_hubump/xerox6_m.json,0,/mnt/d/WORK/96/flow_tap/LayoutGenModel/logs/output/cases_hubump/selected-wsweep-xerox6_m-t10-w0p02-newsweep_20260918/seed_1056634028/legalized/08_xerox6_m_placement_legal_report.json
xerox6_m_t10-w0p02_seed1486441653.json,xerox6_m,1486441653,10,0.02,/mnt/d/WORK/96/flow_tap/LayoutGenModel/logs/output/cases_hubump/selected-wsweep-xerox6_m-t10-w0p02-newsweep_20260918/seed_1486441653/legalized/08_xerox6_m_placement_legal.json,/mnt/d/WORK/96/flow_tap/benchmark/cases_hubump/xerox6_m.json,0,/mnt/d/WORK/96/flow_tap/LayoutGenModel/logs/output/cases_hubump/selected-wsweep-xerox6_m-t10-w0p02-newsweep_20260918/seed_1486441653/legalized/08_xerox6_m_placement_legal_report.json
xerox6_m_t10-w0p2_seed946615675.json,xerox6_m,946615675,10,0.2,/mnt/d/WORK/96/flow_tap/LayoutGenModel/logs/output/cases_hubump/selected-wsweep-xerox6_m-t10-w0p2-newsweep_20260918/seed_946615675/legalized/08_xerox6_m_placement_legal.json,/mnt/d/WORK/96/flow_tap/benchmark/cases_hubump/xerox6_m.json,0,/mnt/d/WORK/96/flow_tap/LayoutGenModel/logs/output/cases_hubump/selected-wsweep-xerox6_m-t10-w0p2-newsweep_20260918/seed_946615675/legalized/08_xerox6_m_placement_legal_report.json
xerox6_m_t10-w0p2_seed1056634028.json,xerox6_m,1056634028,10,0.2,/mnt/d/WORK/96/flow_tap/LayoutGenModel/logs/output/cases_hubump/selected-wsweep-xerox6_m-t10-w0p2-newsweep_20260918/seed_1056634028/legalized/08_xerox6_m_placement_legal.json,/mnt/d/WORK/96/flow_tap/benchmark/cases_hubump/xerox6_m.json,0,/mnt/d/WORK/96/flow_tap/LayoutGenModel/logs/output/cases_hubump/selected-wsweep-xerox6_m-t10-w0p2-newsweep_20260918/seed_1056634028/legalized/08_xerox6_m_placement_legal_report.json
xerox6_m_t10-w0p2_seed1486441653.json,xerox6_m,1486441653,10,0.2,/mnt/d/WORK/96/flow_tap/LayoutGenModel/logs/output/cases_hubump/selected-wsweep-xerox6_m-t10-w0p2-newsweep_20260918/seed_1486441653/legalized/08_xerox6_m_placement_legal.json,/mnt/d/WORK/96/flow_tap/benchmark/cases_hubump/xerox6_m.json,0,/mnt/d/WORK/96/flow_tap/LayoutGenModel/logs/output/cases_hubump/selected-wsweep-xerox6_m-t10-w0p2-newsweep_20260918/seed_1486441653/legalized/08_xerox6_m_placement_legal_report.json
xerox6_m_t10-w2_seed946615675.json,xerox6_m,946615675,10,2,/mnt/d/WORK/96/flow_tap/LayoutGenModel/logs/output/cases_hubump/selected-wsweep-xerox6_m-t10-w2-newsweep_20260918/seed_946615675/legalized/08_xerox6_m_placement_legal.json,/mnt/d/WORK/96/flow_tap/benchmark/cases_hubump/xerox6_m.json,0,/mnt/d/WORK/96/flow_tap/LayoutGenModel/logs/output/cases_hubump/selected-wsweep-xerox6_m-t10-w2-newsweep_20260918/seed_946615675/legalized/08_xerox6_m_placement_legal_report.json
xerox6_m_t10-w2_seed1056634028.json,xerox6_m,1056634028,10,2,/mnt/d/WORK/96/flow_tap/LayoutGenModel/logs/output/cases_hubump/selected-wsweep-xerox6_m-t10-w2-newsweep_20260918/seed_1056634028/legalized/08_xerox6_m_placement_legal.json,/mnt/d/WORK/96/flow_tap/benchmark/cases_hubump/xerox6_m.json,0,/mnt/d/WORK/96/flow_tap/LayoutGenModel/logs/output/cases_hubump/selected-wsweep-xerox6_m-t10-w2-newsweep_20260918/seed_1056634028/legalized/08_xerox6_m_placement_legal_report.json
xerox6_m_t10-w2_seed1486441653.json,xerox6_m,1486441653,10,2,/mnt/d/WORK/96/flow_tap/LayoutGenModel/logs/output/cases_hubump/selected-wsweep-xerox6_m-t10-w2-newsweep_20260918/seed_1486441653/legalized/08_xerox6_m_placement_legal.json,/mnt/d/WORK/96/flow_tap/benchmark/cases_hubump/xerox6_m.json,0,/mnt/d/WORK/96/flow_tap/LayoutGenModel/logs/output/cases_hubump/selected-wsweep-xerox6_m-t10-w2-newsweep_20260918/seed_1486441653/legalized/08_xerox6_m_placement_legal_report.json
xerox6_m_t10-w50_seed946615675.json,xerox6_m,946615675,10,50,/mnt/d/WORK/96/flow_tap/LayoutGenModel/logs/output/cases_hubump/selected-wsweep-xerox6_m-t10-w50-newsweep_20260918/seed_946615675/legalized/08_xerox6_m_placement_legal.json,/mnt/d/WORK/96/flow_tap/benchmark/cases_hubump/xerox6_m.json,0,/mnt/d/WORK/96/flow_tap/LayoutGenModel/logs/output/cases_hubump/selected-wsweep-xerox6_m-t10-w50-newsweep_20260918/seed_946615675/legalized/08_xerox6_m_placement_legal_report.json
xerox6_m_t10-w50_seed1056634028.json,xerox6_m,1056634028,10,50,/mnt/d/WORK/96/flow_tap/LayoutGenModel/logs/output/cases_hubump/selected-wsweep-xerox6_m-t10-w50-newsweep_20260918/seed_1056634028/legalized/08_xerox6_m_placement_legal.json,/mnt/d/WORK/96/flow_tap/benchmark/cases_hubump/xerox6_m.json,0,/mnt/d/WORK/96/flow_tap/LayoutGenModel/logs/output/cases_hubump/selected-wsweep-xerox6_m-t10-w50-newsweep_20260918/seed_1056634028/legalized/08_xerox6_m_placement_legal_report.json
xerox6_m_t30-w0_seed946615675.json,xerox6_m,946615675,30,0,/mnt/d/WORK/96/flow_tap/LayoutGenModel/logs/output/cases_hubump/selected-wsweep-xerox6_m-t30-w0-newsweep_20260918/seed_946615675/legalized/08_xerox6_m_placement_legal.json,/mnt/d/WORK/96/flow_tap/benchmark/cases_hubump/xerox6_m.json,0,/mnt/d/WORK/96/flow_tap/LayoutGenModel/logs/output/cases_hubump/selected-wsweep-xerox6_m-t30-w0-newsweep_20260918/seed_946615675/legalized/08_xerox6_m_placement_legal_report.json
xerox6_m_t10-w50_seed1486441653.json,xerox6_m,1486441653,10,50,/mnt/d/WORK/96/flow_tap/LayoutGenModel/logs/output/cases_hubump/selected-wsweep-xerox6_m-t10-w50-newsweep_20260918/seed_1486441653/legalized/08_xerox6_m_placement_legal.json,/mnt/d/WORK/96/flow_tap/benchmark/cases_hubump/xerox6_m.json,0,/mnt/d/WORK/96/flow_tap/LayoutGenModel/logs/output/cases_hubump/selected-wsweep-xerox6_m-t10-w50-newsweep_20260918/seed_1486441653/legalized/08_xerox6_m_placement_legal_report.json
xerox6_m_t30-w0_seed1056634028.json,xerox6_m,1056634028,30,0,/mnt/d/WORK/96/flow_tap/LayoutGenModel/logs/output/cases_hubump/selected-wsweep-xerox6_m-t30-w0-newsweep_20260918/seed_1056634028/legalized/08_xerox6_m_placement_legal.json,/mnt/d/WORK/96/flow_tap/benchmark/cases_hubump/xerox6_m.json,0,/mnt/d/WORK/96/flow_tap/LayoutGenModel/logs/output/cases_hubump/selected-wsweep-xerox6_m-t30-w0-newsweep_20260918/seed_1056634028/legalized/08_xerox6_m_placement_legal_report.json
xerox6_m_t30-w0_seed1486441653.json,xerox6_m,1486441653,30,0,/mnt/d/WORK/96/flow_tap/LayoutGenModel/logs/output/cases_hubump/selected-wsweep-xerox6_m-t30-w0-newsweep_20260918/seed_1486441653/legalized/08_xerox6_m_placement_legal.json,/mnt/d/WORK/96/flow_tap/benchmark/cases_hubump/xerox6_m.json,0,/mnt/d/WORK/96/flow_tap/LayoutGenModel/logs/output/cases_hubump/selected-wsweep-xerox6_m-t30-w0-newsweep_20260918/seed_1486441653/legalized/08_xerox6_m_placement_legal_report.json
xerox6_m_t30-w0p02_seed946615675.json,xerox6_m,946615675,30,0.02,/mnt/d/WORK/96/flow_tap/LayoutGenModel/logs/output/cases_hubump/selected-wsweep-xerox6_m-t30-w0p02-newsweep_20260918/seed_946615675/legalized/08_xerox6_m_placement_legal.json,/mnt/d/WORK/96/flow_tap/benchmark/cases_hubump/xerox6_m.json,0,/mnt/d/WORK/96/flow_tap/LayoutGenModel/logs/output/cases_hubump/selected-wsweep-xerox6_m-t30-w0p02-newsweep_20260918/seed_946615675/legalized/08_xerox6_m_placement_legal_report.json
xerox6_m_t30-w0p02_seed1056634028.json,xerox6_m,1056634028,30,0.02,/mnt/d/WORK/96/flow_tap/LayoutGenModel/logs/output/cases_hubump/selected-wsweep-xerox6_m-t30-w0p02-newsweep_20260918/seed_1056634028/legalized/08_xerox6_m_placement_legal.json,/mnt/d/WORK/96/flow_tap/benchmark/cases_hubump/xerox6_m.json,0,/mnt/d/WORK/96/flow_tap/LayoutGenModel/logs/output/cases_hubump/selected-wsweep-xerox6_m-t30-w0p02-newsweep_20260918/seed_1056634028/legalized/08_xerox6_m_placement_legal_report.json
xerox6_m_t30-w0p02_seed1486441653.json,xerox6_m,1486441653,30,0.02,/mnt/d/WORK/96/flow_tap/LayoutGenModel/logs/output/cases_hubump/selected-wsweep-xerox6_m-t30-w0p02-newsweep_20260918/seed_1486441653/legalized/08_xerox6_m_placement_legal.json,/mnt/d/WORK/96/flow_tap/benchmark/cases_hubump/xerox6_m.json,0,/mnt/d/WORK/96/flow_tap/LayoutGenModel/logs/output/cases_hubump/selected-wsweep-xerox6_m-t30-w0p02-newsweep_20260918/seed_1486441653/legalized/08_xerox6_m_placement_legal_report.json
xerox6_m_t30-w0p2_seed946615675.json,xerox6_m,946615675,30,0.2,/mnt/d/WORK/96/flow_tap/LayoutGenModel/logs/output/cases_hubump/selected-wsweep-xerox6_m-t30-w0p2-newsweep_20260918/seed_946615675/legalized/08_xerox6_m_placement_legal.json,/mnt/d/WORK/96/flow_tap/benchmark/cases_hubump/xerox6_m.json,0,/mnt/d/WORK/96/flow_tap/LayoutGenModel/logs/output/cases_hubump/selected-wsweep-xerox6_m-t30-w0p2-newsweep_20260918/seed_946615675/legalized/08_xerox6_m_placement_legal_report.json
xerox6_m_t30-w0p2_seed1056634028.json,xerox6_m,1056634028,30,0.2,/mnt/d/WORK/96/flow_tap/LayoutGenModel/logs/output/cases_hubump/selected-wsweep-xerox6_m-t30-w0p2-newsweep_20260918/seed_1056634028/legalized/08_xerox6_m_placement_legal.json,/mnt/d/WORK/96/flow_tap/benchmark/cases_hubump/xerox6_m.json,0,/mnt/d/WORK/96/flow_tap/LayoutGenModel/logs/output/cases_hubump/selected-wsweep-xerox6_m-t30-w0p2-newsweep_20260918/seed_1056634028/legalized/08_xerox6_m_placement_legal_report.json
xerox6_m_t30-w0p2_seed1486441653.json,xerox6_m,1486441653,30,0.2,/mnt/d/WORK/96/flow_tap/LayoutGenModel/logs/output/cases_hubump/selected-wsweep-xerox6_m-t30-w0p2-newsweep_20260918/seed_1486441653/legalized/08_xerox6_m_placement_legal.json,/mnt/d/WORK/96/flow_tap/benchmark/cases_hubump/xerox6_m.json,0,/mnt/d/WORK/96/flow_tap/LayoutGenModel/logs/output/cases_hubump/selected-wsweep-xerox6_m-t30-w0p2-newsweep_20260918/seed_1486441653/legalized/08_xerox6_m_placement_legal_report.json
xerox6_m_t30-w2_seed946615675.json,xerox6_m,946615675,30,2,/mnt/d/WORK/96/flow_tap/LayoutGenModel/logs/output/cases_hubump/selected-wsweep-xerox6_m-t30-w2-newsweep_20260918/seed_946615675/legalized/08_xerox6_m_placement_legal.json,/mnt/d/WORK/96/flow_tap/benchmark/cases_hubump/xerox6_m.json,0,/mnt/d/WORK/96/flow_tap/LayoutGenModel/logs/output/cases_hubump/selected-wsweep-xerox6_m-t30-w2-newsweep_20260918/seed_946615675/legalized/08_xerox6_m_placement_legal_report.json
xerox6_m_t30-w2_seed1056634028.json,xerox6_m,1056634028,30,2,/mnt/d/WORK/96/flow_tap/LayoutGenModel/logs/output/cases_hubump/selected-wsweep-xerox6_m-t30-w2-newsweep_20260918/seed_1056634028/legalized/08_xerox6_m_placement_legal.json,/mnt/d/WORK/96/flow_tap/benchmark/cases_hubump/xerox6_m.json,0,/mnt/d/WORK/96/flow_tap/LayoutGenModel/logs/output/cases_hubump/selected-wsweep-xerox6_m-t30-w2-newsweep_20260918/seed_1056634028/legalized/08_xerox6_m_placement_legal_report.json
xerox6_m_t30-w2_seed1486441653.json,xerox6_m,1486441653,30,2,/mnt/d/WORK/96/flow_tap/LayoutGenModel/logs/output/cases_hubump/selected-wsweep-xerox6_m-t30-w2-newsweep_20260918/seed_1486441653/legalized/08_xerox6_m_placement_legal.json,/mnt/d/WORK/96/flow_tap/benchmark/cases_hubump/xerox6_m.json,0,/mnt/d/WORK/96/flow_tap/LayoutGenModel/logs/output/cases_hubump/selected-wsweep-xerox6_m-t30-w2-newsweep_20260918/seed_1486441653/legalized/08_xerox6_m_placement_legal_report.json
xerox6_m_t30-w50_seed946615675.json,xerox6_m,946615675,30,50,/mnt/d/WORK/96/flow_tap/LayoutGenModel/logs/output/cases_hubump/selected-wsweep-xerox6_m-t30-w50-newsweep_20260918/seed_946615675/legalized/08_xerox6_m_placement_legal.json,/mnt/d/WORK/96/flow_tap/benchmark/cases_hubump/xerox6_m.json,0,/mnt/d/WORK/96/flow_tap/LayoutGenModel/logs/output/cases_hubump/selected-wsweep-xerox6_m-t30-w50-newsweep_20260918/seed_946615675/legalized/08_xerox6_m_placement_legal_report.json
xerox6_m_t30-w50_seed1056634028.json,xerox6_m,1056634028,30,50,/mnt/d/WORK/96/flow_tap/LayoutGenModel/logs/output/cases_hubump/selected-wsweep-xerox6_m-t30-w50-newsweep_20260918/seed_1056634028/legalized/08_xerox6_m_placement_legal.json,/mnt/d/WORK/96/flow_tap/benchmark/cases_hubump/xerox6_m.json,0,/mnt/d/WORK/96/flow_tap/LayoutGenModel/logs/output/cases_hubump/selected-wsweep-xerox6_m-t30-w50-newsweep_20260918/seed_1056634028/legalized/08_xerox6_m_placement_legal_report.json
xerox6_m_t30-w50_seed1486441653.json,xerox6_m,1486441653,30,50,/mnt/d/WORK/96/flow_tap/LayoutGenModel/logs/output/cases_hubump/selected-wsweep-xerox6_m-t30-w50-newsweep_20260918/seed_1486441653/legalized/08_xerox6_m_placement_legal.json,/mnt/d/WORK/96/flow_tap/benchmark/cases_hubump/xerox6_m.json,0,/mnt/d/WORK/96/flow_tap/LayoutGenModel/logs/output/cases_hubump/selected-wsweep-xerox6_m-t30-w50-newsweep_20260918/seed_1486441653/legalized/08_xerox6_m_placement_legal_report.json
xerox6_m_t100-w0_seed946615675.json,xerox6_m,946615675,100,0,/mnt/d/WORK/96/flow_tap/LayoutGenModel/logs/output/cases_hubump/selected-wsweep-xerox6_m-t100-w0-newsweep_20260918/seed_946615675/legalized/08_xerox6_m_placement_legal.json,/mnt/d/WORK/96/flow_tap/benchmark/cases_hubump/xerox6_m.json,0,/mnt/d/WORK/96/flow_tap/LayoutGenModel/logs/output/cases_hubump/selected-wsweep-xerox6_m-t100-w0-newsweep_20260918/seed_946615675/legalized/08_xerox6_m_placement_legal_report.json
xerox6_m_t100-w0_seed1056634028.json,xerox6_m,1056634028,100,0,/mnt/d/WORK/96/flow_tap/LayoutGenModel/logs/output/cases_hubump/selected-wsweep-xerox6_m-t100-w0-newsweep_20260918/seed_1056634028/legalized/08_xerox6_m_placement_legal.json,/mnt/d/WORK/96/flow_tap/benchmark/cases_hubump/xerox6_m.json,0,/mnt/d/WORK/96/flow_tap/LayoutGenModel/logs/output/cases_hubump/selected-wsweep-xerox6_m-t100-w0-newsweep_20260918/seed_1056634028/legalized/08_xerox6_m_placement_legal_report.json
xerox6_m_t100-w0_seed1486441653.json,xerox6_m,1486441653,100,0,/mnt/d/WORK/96/flow_tap/LayoutGenModel/logs/output/cases_hubump/selected-wsweep-xerox6_m-t100-w0-newsweep_20260918/seed_1486441653/legalized/08_xerox6_m_placement_legal.json,/mnt/d/WORK/96/flow_tap/benchmark/cases_hubump/xerox6_m.json,0,/mnt/d/WORK/96/flow_tap/LayoutGenModel/logs/output/cases_hubump/selected-wsweep-xerox6_m-t100-w0-newsweep_20260918/seed_1486441653/legalized/08_xerox6_m_placement_legal_report.json
xerox6_m_t100-w0p02_seed946615675.json,xerox6_m,946615675,100,0.02,/mnt/d/WORK/96/flow_tap/LayoutGenModel/logs/output/cases_hubump/selected-wsweep-xerox6_m-t100-w0p02-newsweep_20260918/seed_946615675/legalized/08_xerox6_m_placement_legal.json,/mnt/d/WORK/96/flow_tap/benchmark/cases_hubump/xerox6_m.json,0,/mnt/d/WORK/96/flow_tap/LayoutGenModel/logs/output/cases_hubump/selected-wsweep-xerox6_m-t100-w0p02-newsweep_20260918/seed_946615675/legalized/08_xerox6_m_placement_legal_report.json
xerox6_m_t100-w0p02_seed1056634028.json,xerox6_m,1056634028,100,0.02,/mnt/d/WORK/96/flow_tap/LayoutGenModel/logs/output/cases_hubump/selected-wsweep-xerox6_m-t100-w0p02-newsweep_20260918/seed_1056634028/legalized/08_xerox6_m_placement_legal.json,/mnt/d/WORK/96/flow_tap/benchmark/cases_hubump/xerox6_m.json,0,/mnt/d/WORK/96/flow_tap/LayoutGenModel/logs/output/cases_hubump/selected-wsweep-xerox6_m-t100-w0p02-newsweep_20260918/seed_1056634028/legalized/08_xerox6_m_placement_legal_report.json
xerox6_m_t100-w0p02_seed1486441653.json,xerox6_m,1486441653,100,0.02,/mnt/d/WORK/96/flow_tap/LayoutGenModel/logs/output/cases_hubump/selected-wsweep-xerox6_m-t100-w0p02-newsweep_20260918/seed_1486441653/legalized/08_xerox6_m_placement_legal.json,/mnt/d/WORK/96/flow_tap/benchmark/cases_hubump/xerox6_m.json,0,/mnt/d/WORK/96/flow_tap/LayoutGenModel/logs/output/cases_hubump/selected-wsweep-xerox6_m-t100-w0p02-newsweep_20260918/seed_1486441653/legalized/08_xerox6_m_placement_legal_report.json
xerox6_m_t100-w0p2_seed946615675.json,xerox6_m,946615675,100,0.2,/mnt/d/WORK/96/flow_tap/LayoutGenModel/logs/output/cases_hubump/selected-wsweep-xerox6_m-t100-w0p2-newsweep_20260918/seed_946615675/legalized/08_xerox6_m_placement_legal.json,/mnt/d/WORK/96/flow_tap/benchmark/cases_hubump/xerox6_m.json,0,/mnt/d/WORK/96/flow_tap/LayoutGenModel/logs/output/cases_hubump/selected-wsweep-xerox6_m-t100-w0p2-newsweep_20260918/seed_946615675/legalized/08_xerox6_m_placement_legal_report.json
xerox6_m_t100-w0p2_seed1056634028.json,xerox6_m,1056634028,100,0.2,/mnt/d/WORK/96/flow_tap/LayoutGenModel/logs/output/cases_hubump/selected-wsweep-xerox6_m-t100-w0p2-newsweep_20260918/seed_1056634028/legalized/08_xerox6_m_placement_legal.json,/mnt/d/WORK/96/flow_tap/benchmark/cases_hubump/xerox6_m.json,0,/mnt/d/WORK/96/flow_tap/LayoutGenModel/logs/output/cases_hubump/selected-wsweep-xerox6_m-t100-w0p2-newsweep_20260918/seed_1056634028/legalized/08_xerox6_m_placement_legal_report.json
xerox6_m_t100-w0p2_seed1486441653.json,xerox6_m,1486441653,100,0.2,/mnt/d/WORK/96/flow_tap/LayoutGenModel/logs/output/cases_hubump/selected-wsweep-xerox6_m-t100-w0p2-newsweep_20260918/seed_1486441653/legalized/08_xerox6_m_placement_legal.json,/mnt/d/WORK/96/flow_tap/benchmark/cases_hubump/xerox6_m.json,0,/mnt/d/WORK/96/flow_tap/LayoutGenModel/logs/output/cases_hubump/selected-wsweep-xerox6_m-t100-w0p2-newsweep_20260918/seed_1486441653/legalized/08_xerox6_m_placement_legal_report.json
xerox6_m_t100-w2_seed1056634028.json,xerox6_m,1056634028,100,2,/mnt/d/WORK/96/flow_tap/LayoutGenModel/logs/output/cases_hubump/selected-wsweep-xerox6_m-t100-w2-newsweep_20260918/seed_1056634028/legalized/08_xerox6_m_placement_legal.json,/mnt/d/WORK/96/flow_tap/benchmark/cases_hubump/xerox6_m.json,0,/mnt/d/WORK/96/flow_tap/LayoutGenModel/logs/output/cases_hubump/selected-wsweep-xerox6_m-t100-w2-newsweep_20260918/seed_1056634028/legalized/08_xerox6_m_placement_legal_report.json
xerox6_m_t100-w2_seed946615675.json,xerox6_m,946615675,100,2,/mnt/d/WORK/96/flow_tap/LayoutGenModel/logs/output/cases_hubump/selected-wsweep-xerox6_m-t100-w2-newsweep_20260918/seed_946615675/legalized/08_xerox6_m_placement_legal.json,/mnt/d/WORK/96/flow_tap/benchmark/cases_hubump/xerox6_m.json,0,/mnt/d/WORK/96/flow_tap/LayoutGenModel/logs/output/cases_hubump/selected-wsweep-xerox6_m-t100-w2-newsweep_20260918/seed_946615675/legalized/08_xerox6_m_placement_legal_report.json
xerox6_m_t100-w2_seed1486441653.json,xerox6_m,1486441653,100,2,/mnt/d/WORK/96/flow_tap/LayoutGenModel/logs/output/cases_hubump/selected-wsweep-xerox6_m-t100-w2-newsweep_20260918/seed_1486441653/legalized/08_xerox6_m_placement_legal.json,/mnt/d/WORK/96/flow_tap/benchmark/cases_hubump/xerox6_m.json,0,/mnt/d/WORK/96/flow_tap/LayoutGenModel/logs/output/cases_hubump/selected-wsweep-xerox6_m-t100-w2-newsweep_20260918/seed_1486441653/legalized/08_xerox6_m_placement_legal_report.json
xerox6_m_t100-w50_seed1056634028.json,xerox6_m,1056634028,100,50,/mnt/d/WORK/96/flow_tap/LayoutGenModel/logs/output/cases_hubump/selected-wsweep-xerox6_m-t100-w50-newsweep_20260918/seed_1056634028/legalized/08_xerox6_m_placement_legal.json,/mnt/d/WORK/96/flow_tap/benchmark/cases_hubump/xerox6_m.json,0,/mnt/d/WORK/96/flow_tap/LayoutGenModel/logs/output/cases_hubump/selected-wsweep-xerox6_m-t100-w50-newsweep_20260918/seed_1056634028/legalized/08_xerox6_m_placement_legal_report.json
xerox6_m_t100-w50_seed946615675.json,xerox6_m,946615675,100,50,/mnt/d/WORK/96/flow_tap/LayoutGenModel/logs/output/cases_hubump/selected-wsweep-xerox6_m-t100-w50-newsweep_20260918/seed_946615675/legalized/08_xerox6_m_placement_legal.json,/mnt/d/WORK/96/flow_tap/benchmark/cases_hubump/xerox6_m.json,0,/mnt/d/WORK/96/flow_tap/LayoutGenModel/logs/output/cases_hubump/selected-wsweep-xerox6_m-t100-w50-newsweep_20260918/seed_946615675/legalized/08_xerox6_m_placement_legal_report.json
xerox6_m_t100-w50_seed1486441653.json,xerox6_m,1486441653,100,50,/mnt/d/WORK/96/flow_tap/LayoutGenModel/logs/output/cases_hubump/selected-wsweep-xerox6_m-t100-w50-newsweep_20260918/seed_1486441653/legalized/08_xerox6_m_placement_legal.json,/mnt/d/WORK/96/flow_tap/benchmark/cases_hubump/xerox6_m.json,0,/mnt/d/WORK/96/flow_tap/LayoutGenModel/logs/output/cases_hubump/selected-wsweep-xerox6_m-t100-w50-newsweep_20260918/seed_1486441653/legalized/08_xerox6_m_placement_legal_report.json
xerox7_m_t0-w0_seed946615675.json,xerox7_m,946615675,0,0,/mnt/d/WORK/96/flow_tap/LayoutGenModel/logs/output/cases_hubump/selected-wsweep-xerox7_m-t0-w0-newsweep_20260918/seed_946615675/legalized/09_xerox7_m_placement_legal.json,/mnt/d/WORK/96/flow_tap/benchmark/cases_hubump/xerox7_m.json,0,/mnt/d/WORK/96/flow_tap/LayoutGenModel/logs/output/cases_hubump/selected-wsweep-xerox7_m-t0-w0-newsweep_20260918/seed_946615675/legalized/09_xerox7_m_placement_legal_report.json
xerox7_m_t0-w0_seed1056634028.json,xerox7_m,1056634028,0,0,/mnt/d/WORK/96/flow_tap/LayoutGenModel/logs/output/cases_hubump/selected-wsweep-xerox7_m-t0-w0-newsweep_20260918/seed_1056634028/legalized/09_xerox7_m_placement_legal.json,/mnt/d/WORK/96/flow_tap/benchmark/cases_hubump/xerox7_m.json,0,/mnt/d/WORK/96/flow_tap/LayoutGenModel/logs/output/cases_hubump/selected-wsweep-xerox7_m-t0-w0-newsweep_20260918/seed_1056634028/legalized/09_xerox7_m_placement_legal_report.json
xerox7_m_t0-w0_seed1486441653.json,xerox7_m,1486441653,0,0,/mnt/d/WORK/96/flow_tap/LayoutGenModel/logs/output/cases_hubump/selected-wsweep-xerox7_m-t0-w0-newsweep_20260918/seed_1486441653/legalized/09_xerox7_m_placement_legal.json,/mnt/d/WORK/96/flow_tap/benchmark/cases_hubump/xerox7_m.json,0,/mnt/d/WORK/96/flow_tap/LayoutGenModel/logs/output/cases_hubump/selected-wsweep-xerox7_m-t0-w0-newsweep_20260918/seed_1486441653/legalized/09_xerox7_m_placement_legal_report.json
xerox7_m_t0-w0p02_seed946615675.json,xerox7_m,946615675,0,0.02,/mnt/d/WORK/96/flow_tap/LayoutGenModel/logs/output/cases_hubump/selected-wsweep-xerox7_m-t0-w0p02-newsweep_20260918/seed_946615675/legalized/09_xerox7_m_placement_legal.json,/mnt/d/WORK/96/flow_tap/benchmark/cases_hubump/xerox7_m.json,0,/mnt/d/WORK/96/flow_tap/LayoutGenModel/logs/output/cases_hubump/selected-wsweep-xerox7_m-t0-w0p02-newsweep_20260918/seed_946615675/legalized/09_xerox7_m_placement_legal_report.json
xerox7_m_t0-w0p02_seed1056634028.json,xerox7_m,1056634028,0,0.02,/mnt/d/WORK/96/flow_tap/LayoutGenModel/logs/output/cases_hubump/selected-wsweep-xerox7_m-t0-w0p02-newsweep_20260918/seed_1056634028/legalized/09_xerox7_m_placement_legal.json,/mnt/d/WORK/96/flow_tap/benchmark/cases_hubump/xerox7_m.json,0,/mnt/d/WORK/96/flow_tap/LayoutGenModel/logs/output/cases_hubump/selected-wsweep-xerox7_m-t0-w0p02-newsweep_20260918/seed_1056634028/legalized/09_xerox7_m_placement_legal_report.json
xerox7_m_t0-w0p02_seed1486441653.json,xerox7_m,1486441653,0,0.02,/mnt/d/WORK/96/flow_tap/LayoutGenModel/logs/output/cases_hubump/selected-wsweep-xerox7_m-t0-w0p02-newsweep_20260918/seed_1486441653/legalized/09_xerox7_m_placement_legal.json,/mnt/d/WORK/96/flow_tap/benchmark/cases_hubump/xerox7_m.json,0,/mnt/d/WORK/96/flow_tap/LayoutGenModel/logs/output/cases_hubump/selected-wsweep-xerox7_m-t0-w0p02-newsweep_20260918/seed_1486441653/legalized/09_xerox7_m_placement_legal_report.json
xerox7_m_t0-w0p2_seed946615675.json,xerox7_m,946615675,0,0.2,/mnt/d/WORK/96/flow_tap/LayoutGenModel/logs/output/cases_hubump/selected-wsweep-xerox7_m-t0-w0p2-newsweep_20260918/seed_946615675/legalized/09_xerox7_m_placement_legal.json,/mnt/d/WORK/96/flow_tap/benchmark/cases_hubump/xerox7_m.json,0,/mnt/d/WORK/96/flow_tap/LayoutGenModel/logs/output/cases_hubump/selected-wsweep-xerox7_m-t0-w0p2-newsweep_20260918/seed_946615675/legalized/09_xerox7_m_placement_legal_report.json
xerox7_m_t0-w0p2_seed1056634028.json,xerox7_m,1056634028,0,0.2,/mnt/d/WORK/96/flow_tap/LayoutGenModel/logs/output/cases_hubump/selected-wsweep-xerox7_m-t0-w0p2-newsweep_20260918/seed_1056634028/legalized/09_xerox7_m_placement_legal.json,/mnt/d/WORK/96/flow_tap/benchmark/cases_hubump/xerox7_m.json,0,/mnt/d/WORK/96/flow_tap/LayoutGenModel/logs/output/cases_hubump/selected-wsweep-xerox7_m-t0-w0p2-newsweep_20260918/seed_1056634028/legalized/09_xerox7_m_placement_legal_report.json
xerox7_m_t0-w0p2_seed1486441653.json,xerox7_m,1486441653,0,0.2,/mnt/d/WORK/96/flow_tap/LayoutGenModel/logs/output/cases_hubump/selected-wsweep-xerox7_m-t0-w0p2-newsweep_20260918/seed_1486441653/legalized/09_xerox7_m_placement_legal.json,/mnt/d/WORK/96/flow_tap/benchmark/cases_hubump/xerox7_m.json,0,/mnt/d/WORK/96/flow_tap/LayoutGenModel/logs/output/cases_hubump/selected-wsweep-xerox7_m-t0-w0p2-newsweep_20260918/seed_1486441653/legalized/09_xerox7_m_placement_legal_report.json
xerox7_m_t0-w2_seed946615675.json,xerox7_m,946615675,0,2,/mnt/d/WORK/96/flow_tap/LayoutGenModel/logs/output/cases_hubump/selected-wsweep-xerox7_m-t0-w2-newsweep_20260918/seed_946615675/legalized/09_xerox7_m_placement_legal.json,/mnt/d/WORK/96/flow_tap/benchmark/cases_hubump/xerox7_m.json,0,/mnt/d/WORK/96/flow_tap/LayoutGenModel/logs/output/cases_hubump/selected-wsweep-xerox7_m-t0-w2-newsweep_20260918/seed_946615675/legalized/09_xerox7_m_placement_legal_report.json
xerox7_m_t0-w2_seed1056634028.json,xerox7_m,1056634028,0,2,/mnt/d/WORK/96/flow_tap/LayoutGenModel/logs/output/cases_hubump/selected-wsweep-xerox7_m-t0-w2-newsweep_20260918/seed_1056634028/legalized/09_xerox7_m_placement_legal.json,/mnt/d/WORK/96/flow_tap/benchmark/cases_hubump/xerox7_m.json,0,/mnt/d/WORK/96/flow_tap/LayoutGenModel/logs/output/cases_hubump/selected-wsweep-xerox7_m-t0-w2-newsweep_20260918/seed_1056634028/legalized/09_xerox7_m_placement_legal_report.json
xerox7_m_t0-w2_seed1486441653.json,xerox7_m,1486441653,0,2,/mnt/d/WORK/96/flow_tap/LayoutGenModel/logs/output/cases_hubump/selected-wsweep-xerox7_m-t0-w2-newsweep_20260918/seed_1486441653/legalized/09_xerox7_m_placement_legal.json,/mnt/d/WORK/96/flow_tap/benchmark/cases_hubump/xerox7_m.json,0,/mnt/d/WORK/96/flow_tap/LayoutGenModel/logs/output/cases_hubump/selected-wsweep-xerox7_m-t0-w2-newsweep_20260918/seed_1486441653/legalized/09_xerox7_m_placement_legal_report.json
xerox7_m_t0-w50_seed946615675.json,xerox7_m,946615675,0,50,/mnt/d/WORK/96/flow_tap/LayoutGenModel/logs/output/cases_hubump/selected-wsweep-xerox7_m-t0-w50-newsweep_20260918/seed_946615675/legalized/09_xerox7_m_placement_legal.json,/mnt/d/WORK/96/flow_tap/benchmark/cases_hubump/xerox7_m.json,0,/mnt/d/WORK/96/flow_tap/LayoutGenModel/logs/output/cases_hubump/selected-wsweep-xerox7_m-t0-w50-newsweep_20260918/seed_946615675/legalized/09_xerox7_m_placement_legal_report.json
xerox7_m_t0-w50_seed1056634028.json,xerox7_m,1056634028,0,50,/mnt/d/WORK/96/flow_tap/LayoutGenModel/logs/output/cases_hubump/selected-wsweep-xerox7_m-t0-w50-newsweep_20260918/seed_1056634028/legalized/09_xerox7_m_placement_legal.json,/mnt/d/WORK/96/flow_tap/benchmark/cases_hubump/xerox7_m.json,0,/mnt/d/WORK/96/flow_tap/LayoutGenModel/logs/output/cases_hubump/selected-wsweep-xerox7_m-t0-w50-newsweep_20260918/seed_1056634028/legalized/09_xerox7_m_placement_legal_report.json
xerox7_m_t0-w50_seed1486441653.json,xerox7_m,1486441653,0,50,/mnt/d/WORK/96/flow_tap/LayoutGenModel/logs/output/cases_hubump/selected-wsweep-xerox7_m-t0-w50-newsweep_20260918/seed_1486441653/legalized/09_xerox7_m_placement_legal.json,/mnt/d/WORK/96/flow_tap/benchmark/cases_hubump/xerox7_m.json,0,/mnt/d/WORK/96/flow_tap/LayoutGenModel/logs/output/cases_hubump/selected-wsweep-xerox7_m-t0-w50-newsweep_20260918/seed_1486441653/legalized/09_xerox7_m_placement_legal_report.json
xerox7_m_t0p01-w0_seed946615675.json,xerox7_m,946615675,0.01,0,/mnt/d/WORK/96/flow_tap/LayoutGenModel/logs/output/cases_hubump/selected-wsweep-xerox7_m-t0p01-w0-newsweep_20260918/seed_946615675/legalized/09_xerox7_m_placement_legal.json,/mnt/d/WORK/96/flow_tap/benchmark/cases_hubump/xerox7_m.json,0,/mnt/d/WORK/96/flow_tap/LayoutGenModel/logs/output/cases_hubump/selected-wsweep-xerox7_m-t0p01-w0-newsweep_20260918/seed_946615675/legalized/09_xerox7_m_placement_legal_report.json
xerox7_m_t0p01-w0_seed1056634028.json,xerox7_m,1056634028,0.01,0,/mnt/d/WORK/96/flow_tap/LayoutGenModel/logs/output/cases_hubump/selected-wsweep-xerox7_m-t0p01-w0-newsweep_20260918/seed_1056634028/legalized/09_xerox7_m_placement_legal.json,/mnt/d/WORK/96/flow_tap/benchmark/cases_hubump/xerox7_m.json,0,/mnt/d/WORK/96/flow_tap/LayoutGenModel/logs/output/cases_hubump/selected-wsweep-xerox7_m-t0p01-w0-newsweep_20260918/seed_1056634028/legalized/09_xerox7_m_placement_legal_report.json
xerox7_m_t0p01-w0_seed1486441653.json,xerox7_m,1486441653,0.01,0,/mnt/d/WORK/96/flow_tap/LayoutGenModel/logs/output/cases_hubump/selected-wsweep-xerox7_m-t0p01-w0-newsweep_20260918/seed_1486441653/legalized/09_xerox7_m_placement_legal.json,/mnt/d/WORK/96/flow_tap/benchmark/cases_hubump/xerox7_m.json,0,/mnt/d/WORK/96/flow_tap/LayoutGenModel/logs/output/cases_hubump/selected-wsweep-xerox7_m-t0p01-w0-newsweep_20260918/seed_1486441653/legalized/09_xerox7_m_placement_legal_report.json
xerox7_m_t0p01-w0p02_seed946615675.json,xerox7_m,946615675,0.01,0.02,/mnt/d/WORK/96/flow_tap/LayoutGenModel/logs/output/cases_hubump/selected-wsweep-xerox7_m-t0p01-w0p02-newsweep_20260918/seed_946615675/legalized/09_xerox7_m_placement_legal.json,/mnt/d/WORK/96/flow_tap/benchmark/cases_hubump/xerox7_m.json,0,/mnt/d/WORK/96/flow_tap/LayoutGenModel/logs/output/cases_hubump/selected-wsweep-xerox7_m-t0p01-w0p02-newsweep_20260918/seed_946615675/legalized/09_xerox7_m_placement_legal_report.json
xerox7_m_t0p01-w0p02_seed1056634028.json,xerox7_m,1056634028,0.01,0.02,/mnt/d/WORK/96/flow_tap/LayoutGenModel/logs/output/cases_hubump/selected-wsweep-xerox7_m-t0p01-w0p02-newsweep_20260918/seed_1056634028/legalized/09_xerox7_m_placement_legal.json,/mnt/d/WORK/96/flow_tap/benchmark/cases_hubump/xerox7_m.json,0,/mnt/d/WORK/96/flow_tap/LayoutGenModel/logs/output/cases_hubump/selected-wsweep-xerox7_m-t0p01-w0p02-newsweep_20260918/seed_1056634028/legalized/09_xerox7_m_placement_legal_report.json
xerox7_m_t0p01-w0p02_seed1486441653.json,xerox7_m,1486441653,0.01,0.02,/mnt/d/WORK/96/flow_tap/LayoutGenModel/logs/output/cases_hubump/selected-wsweep-xerox7_m-t0p01-w0p02-newsweep_20260918/seed_1486441653/legalized/09_xerox7_m_placement_legal.json,/mnt/d/WORK/96/flow_tap/benchmark/cases_hubump/xerox7_m.json,0,/mnt/d/WORK/96/flow_tap/LayoutGenModel/logs/output/cases_hubump/selected-wsweep-xerox7_m-t0p01-w0p02-newsweep_20260918/seed_1486441653/legalized/09_xerox7_m_placement_legal_report.json
xerox7_m_t0p01-w0p2_seed946615675.json,xerox7_m,946615675,0.01,0.2,/mnt/d/WORK/96/flow_tap/LayoutGenModel/logs/output/cases_hubump/selected-wsweep-xerox7_m-t0p01-w0p2-newsweep_20260918/seed_946615675/legalized/09_xerox7_m_placement_legal.json,/mnt/d/WORK/96/flow_tap/benchmark/cases_hubump/xerox7_m.json,0,/mnt/d/WORK/96/flow_tap/LayoutGenModel/logs/output/cases_hubump/selected-wsweep-xerox7_m-t0p01-w0p2-newsweep_20260918/seed_946615675/legalized/09_xerox7_m_placement_legal_report.json
xerox7_m_t0p01-w0p2_seed1056634028.json,xerox7_m,1056634028,0.01,0.2,/mnt/d/WORK/96/flow_tap/LayoutGenModel/logs/output/cases_hubump/selected-wsweep-xerox7_m-t0p01-w0p2-newsweep_20260918/seed_1056634028/legalized/09_xerox7_m_placement_legal.json,/mnt/d/WORK/96/flow_tap/benchmark/cases_hubump/xerox7_m.json,0,/mnt/d/WORK/96/flow_tap/LayoutGenModel/logs/output/cases_hubump/selected-wsweep-xerox7_m-t0p01-w0p2-newsweep_20260918/seed_1056634028/legalized/09_xerox7_m_placement_legal_report.json
xerox7_m_t0p01-w0p2_seed1486441653.json,xerox7_m,1486441653,0.01,0.2,/mnt/d/WORK/96/flow_tap/LayoutGenModel/logs/output/cases_hubump/selected-wsweep-xerox7_m-t0p01-w0p2-newsweep_20260918/seed_1486441653/legalized/09_xerox7_m_placement_legal.json,/mnt/d/WORK/96/flow_tap/benchmark/cases_hubump/xerox7_m.json,0,/mnt/d/WORK/96/flow_tap/LayoutGenModel/logs/output/cases_hubump/selected-wsweep-xerox7_m-t0p01-w0p2-newsweep_20260918/seed_1486441653/legalized/09_xerox7_m_placement_legal_report.json
xerox7_m_t0p01-w2_seed1056634028.json,xerox7_m,1056634028,0.01,2,/mnt/d/WORK/96/flow_tap/LayoutGenModel/logs/output/cases_hubump/selected-wsweep-xerox7_m-t0p01-w2-newsweep_20260918/seed_1056634028/legalized/09_xerox7_m_placement_legal.json,/mnt/d/WORK/96/flow_tap/benchmark/cases_hubump/xerox7_m.json,0,/mnt/d/WORK/96/flow_tap/LayoutGenModel/logs/output/cases_hubump/selected-wsweep-xerox7_m-t0p01-w2-newsweep_20260918/seed_1056634028/legalized/09_xerox7_m_placement_legal_report.json
xerox7_m_t0p01-w2_seed946615675.json,xerox7_m,946615675,0.01,2,/mnt/d/WORK/96/flow_tap/LayoutGenModel/logs/output/cases_hubump/selected-wsweep-xerox7_m-t0p01-w2-newsweep_20260918/seed_946615675/legalized/09_xerox7_m_placement_legal.json,/mnt/d/WORK/96/flow_tap/benchmark/cases_hubump/xerox7_m.json,0,/mnt/d/WORK/96/flow_tap/LayoutGenModel/logs/output/cases_hubump/selected-wsweep-xerox7_m-t0p01-w2-newsweep_20260918/seed_946615675/legalized/09_xerox7_m_placement_legal_report.json
xerox7_m_t0p01-w2_seed1486441653.json,xerox7_m,1486441653,0.01,2,/mnt/d/WORK/96/flow_tap/LayoutGenModel/logs/output/cases_hubump/selected-wsweep-xerox7_m-t0p01-w2-newsweep_20260918/seed_1486441653/legalized/09_xerox7_m_placement_legal.json,/mnt/d/WORK/96/flow_tap/benchmark/cases_hubump/xerox7_m.json,0,/mnt/d/WORK/96/flow_tap/LayoutGenModel/logs/output/cases_hubump/selected-wsweep-xerox7_m-t0p01-w2-newsweep_20260918/seed_1486441653/legalized/09_xerox7_m_placement_legal_report.json
xerox7_m_t0p01-w50_seed946615675.json,xerox7_m,946615675,0.01,50,/mnt/d/WORK/96/flow_tap/LayoutGenModel/logs/output/cases_hubump/selected-wsweep-xerox7_m-t0p01-w50-newsweep_20260918/seed_946615675/legalized/09_xerox7_m_placement_legal.json,/mnt/d/WORK/96/flow_tap/benchmark/cases_hubump/xerox7_m.json,0,/mnt/d/WORK/96/flow_tap/LayoutGenModel/logs/output/cases_hubump/selected-wsweep-xerox7_m-t0p01-w50-newsweep_20260918/seed_946615675/legalized/09_xerox7_m_placement_legal_report.json
xerox7_m_t0p01-w50_seed1056634028.json,xerox7_m,1056634028,0.01,50,/mnt/d/WORK/96/flow_tap/LayoutGenModel/logs/output/cases_hubump/selected-wsweep-xerox7_m-t0p01-w50-newsweep_20260918/seed_1056634028/legalized/09_xerox7_m_placement_legal.json,/mnt/d/WORK/96/flow_tap/benchmark/cases_hubump/xerox7_m.json,0,/mnt/d/WORK/96/flow_tap/LayoutGenModel/logs/output/cases_hubump/selected-wsweep-xerox7_m-t0p01-w50-newsweep_20260918/seed_1056634028/legalized/09_xerox7_m_placement_legal_report.json
xerox7_m_t0p01-w50_seed1486441653.json,xerox7_m,1486441653,0.01,50,/mnt/d/WORK/96/flow_tap/LayoutGenModel/logs/output/cases_hubump/selected-wsweep-xerox7_m-t0p01-w50-newsweep_20260918/seed_1486441653/legalized/09_xerox7_m_placement_legal.json,/mnt/d/WORK/96/flow_tap/benchmark/cases_hubump/xerox7_m.json,0,/mnt/d/WORK/96/flow_tap/LayoutGenModel/logs/output/cases_hubump/selected-wsweep-xerox7_m-t0p01-w50-newsweep_20260918/seed_1486441653/legalized/09_xerox7_m_placement_legal_report.json
xerox7_m_t0p03-w0_seed946615675.json,xerox7_m,946615675,0.03,0,/mnt/d/WORK/96/flow_tap/LayoutGenModel/logs/output/cases_hubump/selected-wsweep-xerox7_m-t0p03-w0-newsweep_20260918/seed_946615675/legalized/09_xerox7_m_placement_legal.json,/mnt/d/WORK/96/flow_tap/benchmark/cases_hubump/xerox7_m.json,0,/mnt/d/WORK/96/flow_tap/LayoutGenModel/logs/output/cases_hubump/selected-wsweep-xerox7_m-t0p03-w0-newsweep_20260918/seed_946615675/legalized/09_xerox7_m_placement_legal_report.json
xerox7_m_t0p03-w0_seed1056634028.json,xerox7_m,1056634028,0.03,0,/mnt/d/WORK/96/flow_tap/LayoutGenModel/logs/output/cases_hubump/selected-wsweep-xerox7_m-t0p03-w0-newsweep_20260918/seed_1056634028/legalized/09_xerox7_m_placement_legal.json,/mnt/d/WORK/96/flow_tap/benchmark/cases_hubump/xerox7_m.json,0,/mnt/d/WORK/96/flow_tap/LayoutGenModel/logs/output/cases_hubump/selected-wsweep-xerox7_m-t0p03-w0-newsweep_20260918/seed_1056634028/legalized/09_xerox7_m_placement_legal_report.json
xerox7_m_t0p03-w0_seed1486441653.json,xerox7_m,1486441653,0.03,0,/mnt/d/WORK/96/flow_tap/LayoutGenModel/logs/output/cases_hubump/selected-wsweep-xerox7_m-t0p03-w0-newsweep_20260918/seed_1486441653/legalized/09_xerox7_m_placement_legal.json,/mnt/d/WORK/96/flow_tap/benchmark/cases_hubump/xerox7_m.json,0,/mnt/d/WORK/96/flow_tap/LayoutGenModel/logs/output/cases_hubump/selected-wsweep-xerox7_m-t0p03-w0-newsweep_20260918/seed_1486441653/legalized/09_xerox7_m_placement_legal_report.json
xerox7_m_t0p03-w0p02_seed946615675.json,xerox7_m,946615675,0.03,0.02,/mnt/d/WORK/96/flow_tap/LayoutGenModel/logs/output/cases_hubump/selected-wsweep-xerox7_m-t0p03-w0p02-newsweep_20260918/seed_946615675/legalized/09_xerox7_m_placement_legal.json,/mnt/d/WORK/96/flow_tap/benchmark/cases_hubump/xerox7_m.json,0,/mnt/d/WORK/96/flow_tap/LayoutGenModel/logs/output/cases_hubump/selected-wsweep-xerox7_m-t0p03-w0p02-newsweep_20260918/seed_946615675/legalized/09_xerox7_m_placement_legal_report.json
xerox7_m_t0p03-w0p02_seed1056634028.json,xerox7_m,1056634028,0.03,0.02,/mnt/d/WORK/96/flow_tap/LayoutGenModel/logs/output/cases_hubump/selected-wsweep-xerox7_m-t0p03-w0p02-newsweep_20260918/seed_1056634028/legalized/09_xerox7_m_placement_legal.json,/mnt/d/WORK/96/flow_tap/benchmark/cases_hubump/xerox7_m.json,0,/mnt/d/WORK/96/flow_tap/LayoutGenModel/logs/output/cases_hubump/selected-wsweep-xerox7_m-t0p03-w0p02-newsweep_20260918/seed_1056634028/legalized/09_xerox7_m_placement_legal_report.json
xerox7_m_t0p03-w0p02_seed1486441653.json,xerox7_m,1486441653,0.03,0.02,/mnt/d/WORK/96/flow_tap/LayoutGenModel/logs/output/cases_hubump/selected-wsweep-xerox7_m-t0p03-w0p02-newsweep_20260918/seed_1486441653/legalized/09_xerox7_m_placement_legal.json,/mnt/d/WORK/96/flow_tap/benchmark/cases_hubump/xerox7_m.json,0,/mnt/d/WORK/96/flow_tap/LayoutGenModel/logs/output/cases_hubump/selected-wsweep-xerox7_m-t0p03-w0p02-newsweep_20260918/seed_1486441653/legalized/09_xerox7_m_placement_legal_report.json
xerox7_m_t0p03-w0p2_seed946615675.json,xerox7_m,946615675,0.03,0.2,/mnt/d/WORK/96/flow_tap/LayoutGenModel/logs/output/cases_hubump/selected-wsweep-xerox7_m-t0p03-w0p2-newsweep_20260918/seed_946615675/legalized/09_xerox7_m_placement_legal.json,/mnt/d/WORK/96/flow_tap/benchmark/cases_hubump/xerox7_m.json,0,/mnt/d/WORK/96/flow_tap/LayoutGenModel/logs/output/cases_hubump/selected-wsweep-xerox7_m-t0p03-w0p2-newsweep_20260918/seed_946615675/legalized/09_xerox7_m_placement_legal_report.json
xerox7_m_t0p03-w0p2_seed1056634028.json,xerox7_m,1056634028,0.03,0.2,/mnt/d/WORK/96/flow_tap/LayoutGenModel/logs/output/cases_hubump/selected-wsweep-xerox7_m-t0p03-w0p2-newsweep_20260918/seed_1056634028/legalized/09_xerox7_m_placement_legal.json,/mnt/d/WORK/96/flow_tap/benchmark/cases_hubump/xerox7_m.json,0,/mnt/d/WORK/96/flow_tap/LayoutGenModel/logs/output/cases_hubump/selected-wsweep-xerox7_m-t0p03-w0p2-newsweep_20260918/seed_1056634028/legalized/09_xerox7_m_placement_legal_report.json
xerox7_m_t0p03-w0p2_seed1486441653.json,xerox7_m,1486441653,0.03,0.2,/mnt/d/WORK/96/flow_tap/LayoutGenModel/logs/output/cases_hubump/selected-wsweep-xerox7_m-t0p03-w0p2-newsweep_20260918/seed_1486441653/legalized/09_xerox7_m_placement_legal.json,/mnt/d/WORK/96/flow_tap/benchmark/cases_hubump/xerox7_m.json,0,/mnt/d/WORK/96/flow_tap/LayoutGenModel/logs/output/cases_hubump/selected-wsweep-xerox7_m-t0p03-w0p2-newsweep_20260918/seed_1486441653/legalized/09_xerox7_m_placement_legal_report.json
xerox7_m_t0p03-w2_seed946615675.json,xerox7_m,946615675,0.03,2,/mnt/d/WORK/96/flow_tap/LayoutGenModel/logs/output/cases_hubump/selected-wsweep-xerox7_m-t0p03-w2-newsweep_20260918/seed_946615675/legalized/09_xerox7_m_placement_legal.json,/mnt/d/WORK/96/flow_tap/benchmark/cases_hubump/xerox7_m.json,0,/mnt/d/WORK/96/flow_tap/LayoutGenModel/logs/output/cases_hubump/selected-wsweep-xerox7_m-t0p03-w2-newsweep_20260918/seed_946615675/legalized/09_xerox7_m_placement_legal_report.json
xerox7_m_t0p03-w2_seed1056634028.json,xerox7_m,1056634028,0.03,2,/mnt/d/WORK/96/flow_tap/LayoutGenModel/logs/output/cases_hubump/selected-wsweep-xerox7_m-t0p03-w2-newsweep_20260918/seed_1056634028/legalized/09_xerox7_m_placement_legal.json,/mnt/d/WORK/96/flow_tap/benchmark/cases_hubump/xerox7_m.json,0,/mnt/d/WORK/96/flow_tap/LayoutGenModel/logs/output/cases_hubump/selected-wsweep-xerox7_m-t0p03-w2-newsweep_20260918/seed_1056634028/legalized/09_xerox7_m_placement_legal_report.json
xerox7_m_t0p03-w2_seed1486441653.json,xerox7_m,1486441653,0.03,2,/mnt/d/WORK/96/flow_tap/LayoutGenModel/logs/output/cases_hubump/selected-wsweep-xerox7_m-t0p03-w2-newsweep_20260918/seed_1486441653/legalized/09_xerox7_m_placement_legal.json,/mnt/d/WORK/96/flow_tap/benchmark/cases_hubump/xerox7_m.json,0,/mnt/d/WORK/96/flow_tap/LayoutGenModel/logs/output/cases_hubump/selected-wsweep-xerox7_m-t0p03-w2-newsweep_20260918/seed_1486441653/legalized/09_xerox7_m_placement_legal_report.json
xerox7_m_t0p03-w50_seed946615675.json,xerox7_m,946615675,0.03,50,/mnt/d/WORK/96/flow_tap/LayoutGenModel/logs/output/cases_hubump/selected-wsweep-xerox7_m-t0p03-w50-newsweep_20260918/seed_946615675/legalized/09_xerox7_m_placement_legal.json,/mnt/d/WORK/96/flow_tap/benchmark/cases_hubump/xerox7_m.json,0,/mnt/d/WORK/96/flow_tap/LayoutGenModel/logs/output/cases_hubump/selected-wsweep-xerox7_m-t0p03-w50-newsweep_20260918/seed_946615675/legalized/09_xerox7_m_placement_legal_report.json
xerox7_m_t0p03-w50_seed1056634028.json,xerox7_m,1056634028,0.03,50,/mnt/d/WORK/96/flow_tap/LayoutGenModel/logs/output/cases_hubump/selected-wsweep-xerox7_m-t0p03-w50-newsweep_20260918/seed_1056634028/legalized/09_xerox7_m_placement_legal.json,/mnt/d/WORK/96/flow_tap/benchmark/cases_hubump/xerox7_m.json,0,/mnt/d/WORK/96/flow_tap/LayoutGenModel/logs/output/cases_hubump/selected-wsweep-xerox7_m-t0p03-w50-newsweep_20260918/seed_1056634028/legalized/09_xerox7_m_placement_legal_report.json
xerox7_m_t0p03-w50_seed1486441653.json,xerox7_m,1486441653,0.03,50,/mnt/d/WORK/96/flow_tap/LayoutGenModel/logs/output/cases_hubump/selected-wsweep-xerox7_m-t0p03-w50-newsweep_20260918/seed_1486441653/legalized/09_xerox7_m_placement_legal.json,/mnt/d/WORK/96/flow_tap/benchmark/cases_hubump/xerox7_m.json,0,/mnt/d/WORK/96/flow_tap/LayoutGenModel/logs/output/cases_hubump/selected-wsweep-xerox7_m-t0p03-w50-newsweep_20260918/seed_1486441653/legalized/09_xerox7_m_placement_legal_report.json
xerox7_m_t0p1-w0_seed946615675.json,xerox7_m,946615675,0.1,0,/mnt/d/WORK/96/flow_tap/LayoutGenModel/logs/output/cases_hubump/selected-wsweep-xerox7_m-t0p1-w0-newsweep_20260918/seed_946615675/legalized/09_xerox7_m_placement_legal.json,/mnt/d/WORK/96/flow_tap/benchmark/cases_hubump/xerox7_m.json,0,/mnt/d/WORK/96/flow_tap/LayoutGenModel/logs/output/cases_hubump/selected-wsweep-xerox7_m-t0p1-w0-newsweep_20260918/seed_946615675/legalized/09_xerox7_m_placement_legal_report.json
xerox7_m_t0p1-w0_seed1056634028.json,xerox7_m,1056634028,0.1,0,/mnt/d/WORK/96/flow_tap/LayoutGenModel/logs/output/cases_hubump/selected-wsweep-xerox7_m-t0p1-w0-newsweep_20260918/seed_1056634028/legalized/09_xerox7_m_placement_legal.json,/mnt/d/WORK/96/flow_tap/benchmark/cases_hubump/xerox7_m.json,0,/mnt/d/WORK/96/flow_tap/LayoutGenModel/logs/output/cases_hubump/selected-wsweep-xerox7_m-t0p1-w0-newsweep_20260918/seed_1056634028/legalized/09_xerox7_m_placement_legal_report.json
xerox7_m_t0p1-w0_seed1486441653.json,xerox7_m,1486441653,0.1,0,/mnt/d/WORK/96/flow_tap/LayoutGenModel/logs/output/cases_hubump/selected-wsweep-xerox7_m-t0p1-w0-newsweep_20260918/seed_1486441653/legalized/09_xerox7_m_placement_legal.json,/mnt/d/WORK/96/flow_tap/benchmark/cases_hubump/xerox7_m.json,0,/mnt/d/WORK/96/flow_tap/LayoutGenModel/logs/output/cases_hubump/selected-wsweep-xerox7_m-t0p1-w0-newsweep_20260918/seed_1486441653/legalized/09_xerox7_m_placement_legal_report.json
xerox7_m_t0p1-w0p02_seed946615675.json,xerox7_m,946615675,0.1,0.02,/mnt/d/WORK/96/flow_tap/LayoutGenModel/logs/output/cases_hubump/selected-wsweep-xerox7_m-t0p1-w0p02-newsweep_20260918/seed_946615675/legalized/09_xerox7_m_placement_legal.json,/mnt/d/WORK/96/flow_tap/benchmark/cases_hubump/xerox7_m.json,0,/mnt/d/WORK/96/flow_tap/LayoutGenModel/logs/output/cases_hubump/selected-wsweep-xerox7_m-t0p1-w0p02-newsweep_20260918/seed_946615675/legalized/09_xerox7_m_placement_legal_report.json
xerox7_m_t0p1-w0p02_seed1056634028.json,xerox7_m,1056634028,0.1,0.02,/mnt/d/WORK/96/flow_tap/LayoutGenModel/logs/output/cases_hubump/selected-wsweep-xerox7_m-t0p1-w0p02-newsweep_20260918/seed_1056634028/legalized/09_xerox7_m_placement_legal.json,/mnt/d/WORK/96/flow_tap/benchmark/cases_hubump/xerox7_m.json,0,/mnt/d/WORK/96/flow_tap/LayoutGenModel/logs/output/cases_hubump/selected-wsweep-xerox7_m-t0p1-w0p02-newsweep_20260918/seed_1056634028/legalized/09_xerox7_m_placement_legal_report.json
xerox7_m_t0p1-w0p02_seed1486441653.json,xerox7_m,1486441653,0.1,0.02,/mnt/d/WORK/96/flow_tap/LayoutGenModel/logs/output/cases_hubump/selected-wsweep-xerox7_m-t0p1-w0p02-newsweep_20260918/seed_1486441653/legalized/09_xerox7_m_placement_legal.json,/mnt/d/WORK/96/flow_tap/benchmark/cases_hubump/xerox7_m.json,0,/mnt/d/WORK/96/flow_tap/LayoutGenModel/logs/output/cases_hubump/selected-wsweep-xerox7_m-t0p1-w0p02-newsweep_20260918/seed_1486441653/legalized/09_xerox7_m_placement_legal_report.json
xerox7_m_t0p1-w0p2_seed946615675.json,xerox7_m,946615675,0.1,0.2,/mnt/d/WORK/96/flow_tap/LayoutGenModel/logs/output/cases_hubump/selected-wsweep-xerox7_m-t0p1-w0p2-newsweep_20260918/seed_946615675/legalized/09_xerox7_m_placement_legal.json,/mnt/d/WORK/96/flow_tap/benchmark/cases_hubump/xerox7_m.json,0,/mnt/d/WORK/96/flow_tap/LayoutGenModel/logs/output/cases_hubump/selected-wsweep-xerox7_m-t0p1-w0p2-newsweep_20260918/seed_946615675/legalized/09_xerox7_m_placement_legal_report.json
xerox7_m_t0p1-w0p2_seed1056634028.json,xerox7_m,1056634028,0.1,0.2,/mnt/d/WORK/96/flow_tap/LayoutGenModel/logs/output/cases_hubump/selected-wsweep-xerox7_m-t0p1-w0p2-newsweep_20260918/seed_1056634028/legalized/09_xerox7_m_placement_legal.json,/mnt/d/WORK/96/flow_tap/benchmark/cases_hubump/xerox7_m.json,0,/mnt/d/WORK/96/flow_tap/LayoutGenModel/logs/output/cases_hubump/selected-wsweep-xerox7_m-t0p1-w0p2-newsweep_20260918/seed_1056634028/legalized/09_xerox7_m_placement_legal_report.json
xerox7_m_t0p1-w0p2_seed1486441653.json,xerox7_m,1486441653,0.1,0.2,/mnt/d/WORK/96/flow_tap/LayoutGenModel/logs/output/cases_hubump/selected-wsweep-xerox7_m-t0p1-w0p2-newsweep_20260918/seed_1486441653/legalized/09_xerox7_m_placement_legal.json,/mnt/d/WORK/96/flow_tap/benchmark/cases_hubump/xerox7_m.json,0,/mnt/d/WORK/96/flow_tap/LayoutGenModel/logs/output/cases_hubump/selected-wsweep-xerox7_m-t0p1-w0p2-newsweep_20260918/seed_1486441653/legalized/09_xerox7_m_placement_legal_report.json
xerox7_m_t0p1-w2_seed946615675.json,xerox7_m,946615675,0.1,2,/mnt/d/WORK/96/flow_tap/LayoutGenModel/logs/output/cases_hubump/selected-wsweep-xerox7_m-t0p1-w2-newsweep_20260918/seed_946615675/legalized/09_xerox7_m_placement_legal.json,/mnt/d/WORK/96/flow_tap/benchmark/cases_hubump/xerox7_m.json,0,/mnt/d/WORK/96/flow_tap/LayoutGenModel/logs/output/cases_hubump/selected-wsweep-xerox7_m-t0p1-w2-newsweep_20260918/seed_946615675/legalized/09_xerox7_m_placement_legal_report.json
xerox7_m_t0p1-w2_seed1486441653.json,xerox7_m,1486441653,0.1,2,/mnt/d/WORK/96/flow_tap/LayoutGenModel/logs/output/cases_hubump/selected-wsweep-xerox7_m-t0p1-w2-newsweep_20260918/seed_1486441653/legalized/09_xerox7_m_placement_legal.json,/mnt/d/WORK/96/flow_tap/benchmark/cases_hubump/xerox7_m.json,0,/mnt/d/WORK/96/flow_tap/LayoutGenModel/logs/output/cases_hubump/selected-wsweep-xerox7_m-t0p1-w2-newsweep_20260918/seed_1486441653/legalized/09_xerox7_m_placement_legal_report.json
xerox7_m_t0p1-w2_seed1056634028.json,xerox7_m,1056634028,0.1,2,/mnt/d/WORK/96/flow_tap/LayoutGenModel/logs/output/cases_hubump/selected-wsweep-xerox7_m-t0p1-w2-newsweep_20260918/seed_1056634028/legalized/09_xerox7_m_placement_legal.json,/mnt/d/WORK/96/flow_tap/benchmark/cases_hubump/xerox7_m.json,0,/mnt/d/WORK/96/flow_tap/LayoutGenModel/logs/output/cases_hubump/selected-wsweep-xerox7_m-t0p1-w2-newsweep_20260918/seed_1056634028/legalized/09_xerox7_m_placement_legal_report.json
xerox7_m_t0p1-w50_seed946615675.json,xerox7_m,946615675,0.1,50,/mnt/d/WORK/96/flow_tap/LayoutGenModel/logs/output/cases_hubump/selected-wsweep-xerox7_m-t0p1-w50-newsweep_20260918/seed_946615675/legalized/09_xerox7_m_placement_legal.json,/mnt/d/WORK/96/flow_tap/benchmark/cases_hubump/xerox7_m.json,0,/mnt/d/WORK/96/flow_tap/LayoutGenModel/logs/output/cases_hubump/selected-wsweep-xerox7_m-t0p1-w50-newsweep_20260918/seed_946615675/legalized/09_xerox7_m_placement_legal_report.json
xerox7_m_t0p1-w50_seed1056634028.json,xerox7_m,1056634028,0.1,50,/mnt/d/WORK/96/flow_tap/LayoutGenModel/logs/output/cases_hubump/selected-wsweep-xerox7_m-t0p1-w50-newsweep_20260918/seed_1056634028/legalized/09_xerox7_m_placement_legal.json,/mnt/d/WORK/96/flow_tap/benchmark/cases_hubump/xerox7_m.json,0,/mnt/d/WORK/96/flow_tap/LayoutGenModel/logs/output/cases_hubump/selected-wsweep-xerox7_m-t0p1-w50-newsweep_20260918/seed_1056634028/legalized/09_xerox7_m_placement_legal_report.json
xerox7_m_t0p1-w50_seed1486441653.json,xerox7_m,1486441653,0.1,50,/mnt/d/WORK/96/flow_tap/LayoutGenModel/logs/output/cases_hubump/selected-wsweep-xerox7_m-t0p1-w50-newsweep_20260918/seed_1486441653/legalized/09_xerox7_m_placement_legal.json,/mnt/d/WORK/96/flow_tap/benchmark/cases_hubump/xerox7_m.json,0,/mnt/d/WORK/96/flow_tap/LayoutGenModel/logs/output/cases_hubump/selected-wsweep-xerox7_m-t0p1-w50-newsweep_20260918/seed_1486441653/legalized/09_xerox7_m_placement_legal_report.json
xerox7_m_t0p3-w0_seed946615675.json,xerox7_m,946615675,0.3,0,/mnt/d/WORK/96/flow_tap/LayoutGenModel/logs/output/cases_hubump/selected-wsweep-xerox7_m-t0p3-w0-newsweep_20260918/seed_946615675/legalized/09_xerox7_m_placement_legal.json,/mnt/d/WORK/96/flow_tap/benchmark/cases_hubump/xerox7_m.json,0,/mnt/d/WORK/96/flow_tap/LayoutGenModel/logs/output/cases_hubump/selected-wsweep-xerox7_m-t0p3-w0-newsweep_20260918/seed_946615675/legalized/09_xerox7_m_placement_legal_report.json
xerox7_m_t0p3-w0_seed1056634028.json,xerox7_m,1056634028,0.3,0,/mnt/d/WORK/96/flow_tap/LayoutGenModel/logs/output/cases_hubump/selected-wsweep-xerox7_m-t0p3-w0-newsweep_20260918/seed_1056634028/legalized/09_xerox7_m_placement_legal.json,/mnt/d/WORK/96/flow_tap/benchmark/cases_hubump/xerox7_m.json,0,/mnt/d/WORK/96/flow_tap/LayoutGenModel/logs/output/cases_hubump/selected-wsweep-xerox7_m-t0p3-w0-newsweep_20260918/seed_1056634028/legalized/09_xerox7_m_placement_legal_report.json
xerox7_m_t0p3-w0_seed1486441653.json,xerox7_m,1486441653,0.3,0,/mnt/d/WORK/96/flow_tap/LayoutGenModel/logs/output/cases_hubump/selected-wsweep-xerox7_m-t0p3-w0-newsweep_20260918/seed_1486441653/legalized/09_xerox7_m_placement_legal.json,/mnt/d/WORK/96/flow_tap/benchmark/cases_hubump/xerox7_m.json,0,/mnt/d/WORK/96/flow_tap/LayoutGenModel/logs/output/cases_hubump/selected-wsweep-xerox7_m-t0p3-w0-newsweep_20260918/seed_1486441653/legalized/09_xerox7_m_placement_legal_report.json
xerox7_m_t0p3-w0p02_seed946615675.json,xerox7_m,946615675,0.3,0.02,/mnt/d/WORK/96/flow_tap/LayoutGenModel/logs/output/cases_hubump/selected-wsweep-xerox7_m-t0p3-w0p02-newsweep_20260918/seed_946615675/legalized/09_xerox7_m_placement_legal.json,/mnt/d/WORK/96/flow_tap/benchmark/cases_hubump/xerox7_m.json,0,/mnt/d/WORK/96/flow_tap/LayoutGenModel/logs/output/cases_hubump/selected-wsweep-xerox7_m-t0p3-w0p02-newsweep_20260918/seed_946615675/legalized/09_xerox7_m_placement_legal_report.json
xerox7_m_t0p3-w0p02_seed1056634028.json,xerox7_m,1056634028,0.3,0.02,/mnt/d/WORK/96/flow_tap/LayoutGenModel/logs/output/cases_hubump/selected-wsweep-xerox7_m-t0p3-w0p02-newsweep_20260918/seed_1056634028/legalized/09_xerox7_m_placement_legal.json,/mnt/d/WORK/96/flow_tap/benchmark/cases_hubump/xerox7_m.json,0,/mnt/d/WORK/96/flow_tap/LayoutGenModel/logs/output/cases_hubump/selected-wsweep-xerox7_m-t0p3-w0p02-newsweep_20260918/seed_1056634028/legalized/09_xerox7_m_placement_legal_report.json
xerox7_m_t0p3-w0p02_seed1486441653.json,xerox7_m,1486441653,0.3,0.02,/mnt/d/WORK/96/flow_tap/LayoutGenModel/logs/output/cases_hubump/selected-wsweep-xerox7_m-t0p3-w0p02-newsweep_20260918/seed_1486441653/legalized/09_xerox7_m_placement_legal.json,/mnt/d/WORK/96/flow_tap/benchmark/cases_hubump/xerox7_m.json,0,/mnt/d/WORK/96/flow_tap/LayoutGenModel/logs/output/cases_hubump/selected-wsweep-xerox7_m-t0p3-w0p02-newsweep_20260918/seed_1486441653/legalized/09_xerox7_m_placement_legal_report.json
xerox7_m_t0p3-w0p2_seed946615675.json,xerox7_m,946615675,0.3,0.2,/mnt/d/WORK/96/flow_tap/LayoutGenModel/logs/output/cases_hubump/selected-wsweep-xerox7_m-t0p3-w0p2-newsweep_20260918/seed_946615675/legalized/09_xerox7_m_placement_legal.json,/mnt/d/WORK/96/flow_tap/benchmark/cases_hubump/xerox7_m.json,0,/mnt/d/WORK/96/flow_tap/LayoutGenModel/logs/output/cases_hubump/selected-wsweep-xerox7_m-t0p3-w0p2-newsweep_20260918/seed_946615675/legalized/09_xerox7_m_placement_legal_report.json
xerox7_m_t0p3-w0p2_seed1056634028.json,xerox7_m,1056634028,0.3,0.2,/mnt/d/WORK/96/flow_tap/LayoutGenModel/logs/output/cases_hubump/selected-wsweep-xerox7_m-t0p3-w0p2-newsweep_20260918/seed_1056634028/legalized/09_xerox7_m_placement_legal.json,/mnt/d/WORK/96/flow_tap/benchmark/cases_hubump/xerox7_m.json,0,/mnt/d/WORK/96/flow_tap/LayoutGenModel/logs/output/cases_hubump/selected-wsweep-xerox7_m-t0p3-w0p2-newsweep_20260918/seed_1056634028/legalized/09_xerox7_m_placement_legal_report.json
xerox7_m_t0p3-w0p2_seed1486441653.json,xerox7_m,1486441653,0.3,0.2,/mnt/d/WORK/96/flow_tap/LayoutGenModel/logs/output/cases_hubump/selected-wsweep-xerox7_m-t0p3-w0p2-newsweep_20260918/seed_1486441653/legalized/09_xerox7_m_placement_legal.json,/mnt/d/WORK/96/flow_tap/benchmark/cases_hubump/xerox7_m.json,0,/mnt/d/WORK/96/flow_tap/LayoutGenModel/logs/output/cases_hubump/selected-wsweep-xerox7_m-t0p3-w0p2-newsweep_20260918/seed_1486441653/legalized/09_xerox7_m_placement_legal_report.json
xerox7_m_t0p3-w2_seed946615675.json,xerox7_m,946615675,0.3,2,/mnt/d/WORK/96/flow_tap/LayoutGenModel/logs/output/cases_hubump/selected-wsweep-xerox7_m-t0p3-w2-newsweep_20260918/seed_946615675/legalized/09_xerox7_m_placement_legal.json,/mnt/d/WORK/96/flow_tap/benchmark/cases_hubump/xerox7_m.json,0,/mnt/d/WORK/96/flow_tap/LayoutGenModel/logs/output/cases_hubump/selected-wsweep-xerox7_m-t0p3-w2-newsweep_20260918/seed_946615675/legalized/09_xerox7_m_placement_legal_report.json
xerox7_m_t0p3-w2_seed1056634028.json,xerox7_m,1056634028,0.3,2,/mnt/d/WORK/96/flow_tap/LayoutGenModel/logs/output/cases_hubump/selected-wsweep-xerox7_m-t0p3-w2-newsweep_20260918/seed_1056634028/legalized/09_xerox7_m_placement_legal.json,/mnt/d/WORK/96/flow_tap/benchmark/cases_hubump/xerox7_m.json,0,/mnt/d/WORK/96/flow_tap/LayoutGenModel/logs/output/cases_hubump/selected-wsweep-xerox7_m-t0p3-w2-newsweep_20260918/seed_1056634028/legalized/09_xerox7_m_placement_legal_report.json
xerox7_m_t0p3-w2_seed1486441653.json,xerox7_m,1486441653,0.3,2,/mnt/d/WORK/96/flow_tap/LayoutGenModel/logs/output/cases_hubump/selected-wsweep-xerox7_m-t0p3-w2-newsweep_20260918/seed_1486441653/legalized/09_xerox7_m_placement_legal.json,/mnt/d/WORK/96/flow_tap/benchmark/cases_hubump/xerox7_m.json,0,/mnt/d/WORK/96/flow_tap/LayoutGenModel/logs/output/cases_hubump/selected-wsweep-xerox7_m-t0p3-w2-newsweep_20260918/seed_1486441653/legalized/09_xerox7_m_placement_legal_report.json
xerox7_m_t0p3-w50_seed946615675.json,xerox7_m,946615675,0.3,50,/mnt/d/WORK/96/flow_tap/LayoutGenModel/logs/output/cases_hubump/selected-wsweep-xerox7_m-t0p3-w50-newsweep_20260918/seed_946615675/legalized/09_xerox7_m_placement_legal.json,/mnt/d/WORK/96/flow_tap/benchmark/cases_hubump/xerox7_m.json,0,/mnt/d/WORK/96/flow_tap/LayoutGenModel/logs/output/cases_hubump/selected-wsweep-xerox7_m-t0p3-w50-newsweep_20260918/seed_946615675/legalized/09_xerox7_m_placement_legal_report.json
xerox7_m_t0p3-w50_seed1486441653.json,xerox7_m,1486441653,0.3,50,/mnt/d/WORK/96/flow_tap/LayoutGenModel/logs/output/cases_hubump/selected-wsweep-xerox7_m-t0p3-w50-newsweep_20260918/seed_1486441653/legalized/09_xerox7_m_placement_legal.json,/mnt/d/WORK/96/flow_tap/benchmark/cases_hubump/xerox7_m.json,0,/mnt/d/WORK/96/flow_tap/LayoutGenModel/logs/output/cases_hubump/selected-wsweep-xerox7_m-t0p3-w50-newsweep_20260918/seed_1486441653/legalized/09_xerox7_m_placement_legal_report.json
xerox7_m_t0p3-w50_seed1056634028.json,xerox7_m,1056634028,0.3,50,/mnt/d/WORK/96/flow_tap/LayoutGenModel/logs/output/cases_hubump/selected-wsweep-xerox7_m-t0p3-w50-newsweep_20260918/seed_1056634028/legalized/09_xerox7_m_placement_legal.json,/mnt/d/WORK/96/flow_tap/benchmark/cases_hubump/xerox7_m.json,0,/mnt/d/WORK/96/flow_tap/LayoutGenModel/logs/output/cases_hubump/selected-wsweep-xerox7_m-t0p3-w50-newsweep_20260918/seed_1056634028/legalized/09_xerox7_m_placement_legal_report.json
xerox7_m_t1-w0_seed946615675.json,xerox7_m,946615675,1,0,/mnt/d/WORK/96/flow_tap/LayoutGenModel/logs/output/cases_hubump/selected-wsweep-xerox7_m-t1-w0-newsweep_20260918/seed_946615675/legalized/09_xerox7_m_placement_legal.json,/mnt/d/WORK/96/flow_tap/benchmark/cases_hubump/xerox7_m.json,0,/mnt/d/WORK/96/flow_tap/LayoutGenModel/logs/output/cases_hubump/selected-wsweep-xerox7_m-t1-w0-newsweep_20260918/seed_946615675/legalized/09_xerox7_m_placement_legal_report.json
xerox7_m_t1-w0_seed1056634028.json,xerox7_m,1056634028,1,0,/mnt/d/WORK/96/flow_tap/LayoutGenModel/logs/output/cases_hubump/selected-wsweep-xerox7_m-t1-w0-newsweep_20260918/seed_1056634028/legalized/09_xerox7_m_placement_legal.json,/mnt/d/WORK/96/flow_tap/benchmark/cases_hubump/xerox7_m.json,0,/mnt/d/WORK/96/flow_tap/LayoutGenModel/logs/output/cases_hubump/selected-wsweep-xerox7_m-t1-w0-newsweep_20260918/seed_1056634028/legalized/09_xerox7_m_placement_legal_report.json
xerox7_m_t1-w0_seed1486441653.json,xerox7_m,1486441653,1,0,/mnt/d/WORK/96/flow_tap/LayoutGenModel/logs/output/cases_hubump/selected-wsweep-xerox7_m-t1-w0-newsweep_20260918/seed_1486441653/legalized/09_xerox7_m_placement_legal.json,/mnt/d/WORK/96/flow_tap/benchmark/cases_hubump/xerox7_m.json,0,/mnt/d/WORK/96/flow_tap/LayoutGenModel/logs/output/cases_hubump/selected-wsweep-xerox7_m-t1-w0-newsweep_20260918/seed_1486441653/legalized/09_xerox7_m_placement_legal_report.json
xerox7_m_t1-w0p02_seed946615675.json,xerox7_m,946615675,1,0.02,/mnt/d/WORK/96/flow_tap/LayoutGenModel/logs/output/cases_hubump/selected-wsweep-xerox7_m-t1-w0p02-newsweep_20260918/seed_946615675/legalized/09_xerox7_m_placement_legal.json,/mnt/d/WORK/96/flow_tap/benchmark/cases_hubump/xerox7_m.json,0,/mnt/d/WORK/96/flow_tap/LayoutGenModel/logs/output/cases_hubump/selected-wsweep-xerox7_m-t1-w0p02-newsweep_20260918/seed_946615675/legalized/09_xerox7_m_placement_legal_report.json
xerox7_m_t1-w0p02_seed1056634028.json,xerox7_m,1056634028,1,0.02,/mnt/d/WORK/96/flow_tap/LayoutGenModel/logs/output/cases_hubump/selected-wsweep-xerox7_m-t1-w0p02-newsweep_20260918/seed_1056634028/legalized/09_xerox7_m_placement_legal.json,/mnt/d/WORK/96/flow_tap/benchmark/cases_hubump/xerox7_m.json,0,/mnt/d/WORK/96/flow_tap/LayoutGenModel/logs/output/cases_hubump/selected-wsweep-xerox7_m-t1-w0p02-newsweep_20260918/seed_1056634028/legalized/09_xerox7_m_placement_legal_report.json
xerox7_m_t1-w0p02_seed1486441653.json,xerox7_m,1486441653,1,0.02,/mnt/d/WORK/96/flow_tap/LayoutGenModel/logs/output/cases_hubump/selected-wsweep-xerox7_m-t1-w0p02-newsweep_20260918/seed_1486441653/legalized/09_xerox7_m_placement_legal.json,/mnt/d/WORK/96/flow_tap/benchmark/cases_hubump/xerox7_m.json,0,/mnt/d/WORK/96/flow_tap/LayoutGenModel/logs/output/cases_hubump/selected-wsweep-xerox7_m-t1-w0p02-newsweep_20260918/seed_1486441653/legalized/09_xerox7_m_placement_legal_report.json
xerox7_m_t1-w0p2_seed946615675.json,xerox7_m,946615675,1,0.2,/mnt/d/WORK/96/flow_tap/LayoutGenModel/logs/output/cases_hubump/selected-wsweep-xerox7_m-t1-w0p2-newsweep_20260918/seed_946615675/legalized/09_xerox7_m_placement_legal.json,/mnt/d/WORK/96/flow_tap/benchmark/cases_hubump/xerox7_m.json,0,/mnt/d/WORK/96/flow_tap/LayoutGenModel/logs/output/cases_hubump/selected-wsweep-xerox7_m-t1-w0p2-newsweep_20260918/seed_946615675/legalized/09_xerox7_m_placement_legal_report.json
xerox7_m_t1-w0p2_seed1056634028.json,xerox7_m,1056634028,1,0.2,/mnt/d/WORK/96/flow_tap/LayoutGenModel/logs/output/cases_hubump/selected-wsweep-xerox7_m-t1-w0p2-newsweep_20260918/seed_1056634028/legalized/09_xerox7_m_placement_legal.json,/mnt/d/WORK/96/flow_tap/benchmark/cases_hubump/xerox7_m.json,0,/mnt/d/WORK/96/flow_tap/LayoutGenModel/logs/output/cases_hubump/selected-wsweep-xerox7_m-t1-w0p2-newsweep_20260918/seed_1056634028/legalized/09_xerox7_m_placement_legal_report.json
xerox7_m_t1-w0p2_seed1486441653.json,xerox7_m,1486441653,1,0.2,/mnt/d/WORK/96/flow_tap/LayoutGenModel/logs/output/cases_hubump/selected-wsweep-xerox7_m-t1-w0p2-newsweep_20260918/seed_1486441653/legalized/09_xerox7_m_placement_legal.json,/mnt/d/WORK/96/flow_tap/benchmark/cases_hubump/xerox7_m.json,0,/mnt/d/WORK/96/flow_tap/LayoutGenModel/logs/output/cases_hubump/selected-wsweep-xerox7_m-t1-w0p2-newsweep_20260918/seed_1486441653/legalized/09_xerox7_m_placement_legal_report.json
xerox7_m_t1-w2_seed946615675.json,xerox7_m,946615675,1,2,/mnt/d/WORK/96/flow_tap/LayoutGenModel/logs/output/cases_hubump/selected-wsweep-xerox7_m-t1-w2-newsweep_20260918/seed_946615675/legalized/09_xerox7_m_placement_legal.json,/mnt/d/WORK/96/flow_tap/benchmark/cases_hubump/xerox7_m.json,0,/mnt/d/WORK/96/flow_tap/LayoutGenModel/logs/output/cases_hubump/selected-wsweep-xerox7_m-t1-w2-newsweep_20260918/seed_946615675/legalized/09_xerox7_m_placement_legal_report.json
xerox7_m_t1-w2_seed1056634028.json,xerox7_m,1056634028,1,2,/mnt/d/WORK/96/flow_tap/LayoutGenModel/logs/output/cases_hubump/selected-wsweep-xerox7_m-t1-w2-newsweep_20260918/seed_1056634028/legalized/09_xerox7_m_placement_legal.json,/mnt/d/WORK/96/flow_tap/benchmark/cases_hubump/xerox7_m.json,0,/mnt/d/WORK/96/flow_tap/LayoutGenModel/logs/output/cases_hubump/selected-wsweep-xerox7_m-t1-w2-newsweep_20260918/seed_1056634028/legalized/09_xerox7_m_placement_legal_report.json
xerox7_m_t1-w2_seed1486441653.json,xerox7_m,1486441653,1,2,/mnt/d/WORK/96/flow_tap/LayoutGenModel/logs/output/cases_hubump/selected-wsweep-xerox7_m-t1-w2-newsweep_20260918/seed_1486441653/legalized/09_xerox7_m_placement_legal.json,/mnt/d/WORK/96/flow_tap/benchmark/cases_hubump/xerox7_m.json,0,/mnt/d/WORK/96/flow_tap/LayoutGenModel/logs/output/cases_hubump/selected-wsweep-xerox7_m-t1-w2-newsweep_20260918/seed_1486441653/legalized/09_xerox7_m_placement_legal_report.json
xerox7_m_t1-w50_seed946615675.json,xerox7_m,946615675,1,50,/mnt/d/WORK/96/flow_tap/LayoutGenModel/logs/output/cases_hubump/selected-wsweep-xerox7_m-t1-w50-newsweep_20260918/seed_946615675/legalized/09_xerox7_m_placement_legal.json,/mnt/d/WORK/96/flow_tap/benchmark/cases_hubump/xerox7_m.json,0,/mnt/d/WORK/96/flow_tap/LayoutGenModel/logs/output/cases_hubump/selected-wsweep-xerox7_m-t1-w50-newsweep_20260918/seed_946615675/legalized/09_xerox7_m_placement_legal_report.json
xerox7_m_t1-w50_seed1056634028.json,xerox7_m,1056634028,1,50,/mnt/d/WORK/96/flow_tap/LayoutGenModel/logs/output/cases_hubump/selected-wsweep-xerox7_m-t1-w50-newsweep_20260918/seed_1056634028/legalized/09_xerox7_m_placement_legal.json,/mnt/d/WORK/96/flow_tap/benchmark/cases_hubump/xerox7_m.json,0,/mnt/d/WORK/96/flow_tap/LayoutGenModel/logs/output/cases_hubump/selected-wsweep-xerox7_m-t1-w50-newsweep_20260918/seed_1056634028/legalized/09_xerox7_m_placement_legal_report.json
xerox7_m_t3-w0_seed946615675.json,xerox7_m,946615675,3,0,/mnt/d/WORK/96/flow_tap/LayoutGenModel/logs/output/cases_hubump/selected-wsweep-xerox7_m-t3-w0-newsweep_20260918/seed_946615675/legalized/09_xerox7_m_placement_legal.json,/mnt/d/WORK/96/flow_tap/benchmark/cases_hubump/xerox7_m.json,0,/mnt/d/WORK/96/flow_tap/LayoutGenModel/logs/output/cases_hubump/selected-wsweep-xerox7_m-t3-w0-newsweep_20260918/seed_946615675/legalized/09_xerox7_m_placement_legal_report.json
xerox7_m_t1-w50_seed1486441653.json,xerox7_m,1486441653,1,50,/mnt/d/WORK/96/flow_tap/LayoutGenModel/logs/output/cases_hubump/selected-wsweep-xerox7_m-t1-w50-newsweep_20260918/seed_1486441653/legalized/09_xerox7_m_placement_legal.json,/mnt/d/WORK/96/flow_tap/benchmark/cases_hubump/xerox7_m.json,0,/mnt/d/WORK/96/flow_tap/LayoutGenModel/logs/output/cases_hubump/selected-wsweep-xerox7_m-t1-w50-newsweep_20260918/seed_1486441653/legalized/09_xerox7_m_placement_legal_report.json
xerox7_m_t3-w0_seed1056634028.json,xerox7_m,1056634028,3,0,/mnt/d/WORK/96/flow_tap/LayoutGenModel/logs/output/cases_hubump/selected-wsweep-xerox7_m-t3-w0-newsweep_20260918/seed_1056634028/legalized/09_xerox7_m_placement_legal.json,/mnt/d/WORK/96/flow_tap/benchmark/cases_hubump/xerox7_m.json,0,/mnt/d/WORK/96/flow_tap/LayoutGenModel/logs/output/cases_hubump/selected-wsweep-xerox7_m-t3-w0-newsweep_20260918/seed_1056634028/legalized/09_xerox7_m_placement_legal_report.json
xerox7_m_t3-w0p02_seed946615675.json,xerox7_m,946615675,3,0.02,/mnt/d/WORK/96/flow_tap/LayoutGenModel/logs/output/cases_hubump/selected-wsweep-xerox7_m-t3-w0p02-newsweep_20260918/seed_946615675/legalized/09_xerox7_m_placement_legal.json,/mnt/d/WORK/96/flow_tap/benchmark/cases_hubump/xerox7_m.json,0,/mnt/d/WORK/96/flow_tap/LayoutGenModel/logs/output/cases_hubump/selected-wsweep-xerox7_m-t3-w0p02-newsweep_20260918/seed_946615675/legalized/09_xerox7_m_placement_legal_report.json
xerox7_m_t3-w0_seed1486441653.json,xerox7_m,1486441653,3,0,/mnt/d/WORK/96/flow_tap/LayoutGenModel/logs/output/cases_hubump/selected-wsweep-xerox7_m-t3-w0-newsweep_20260918/seed_1486441653/legalized/09_xerox7_m_placement_legal.json,/mnt/d/WORK/96/flow_tap/benchmark/cases_hubump/xerox7_m.json,0,/mnt/d/WORK/96/flow_tap/LayoutGenModel/logs/output/cases_hubump/selected-wsweep-xerox7_m-t3-w0-newsweep_20260918/seed_1486441653/legalized/09_xerox7_m_placement_legal_report.json
xerox7_m_t3-w0p02_seed1056634028.json,xerox7_m,1056634028,3,0.02,/mnt/d/WORK/96/flow_tap/LayoutGenModel/logs/output/cases_hubump/selected-wsweep-xerox7_m-t3-w0p02-newsweep_20260918/seed_1056634028/legalized/09_xerox7_m_placement_legal.json,/mnt/d/WORK/96/flow_tap/benchmark/cases_hubump/xerox7_m.json,0,/mnt/d/WORK/96/flow_tap/LayoutGenModel/logs/output/cases_hubump/selected-wsweep-xerox7_m-t3-w0p02-newsweep_20260918/seed_1056634028/legalized/09_xerox7_m_placement_legal_report.json
xerox7_m_t3-w0p2_seed946615675.json,xerox7_m,946615675,3,0.2,/mnt/d/WORK/96/flow_tap/LayoutGenModel/logs/output/cases_hubump/selected-wsweep-xerox7_m-t3-w0p2-newsweep_20260918/seed_946615675/legalized/09_xerox7_m_placement_legal.json,/mnt/d/WORK/96/flow_tap/benchmark/cases_hubump/xerox7_m.json,0,/mnt/d/WORK/96/flow_tap/LayoutGenModel/logs/output/cases_hubump/selected-wsweep-xerox7_m-t3-w0p2-newsweep_20260918/seed_946615675/legalized/09_xerox7_m_placement_legal_report.json
xerox7_m_t3-w0p02_seed1486441653.json,xerox7_m,1486441653,3,0.02,/mnt/d/WORK/96/flow_tap/LayoutGenModel/logs/output/cases_hubump/selected-wsweep-xerox7_m-t3-w0p02-newsweep_20260918/seed_1486441653/legalized/09_xerox7_m_placement_legal.json,/mnt/d/WORK/96/flow_tap/benchmark/cases_hubump/xerox7_m.json,0,/mnt/d/WORK/96/flow_tap/LayoutGenModel/logs/output/cases_hubump/selected-wsweep-xerox7_m-t3-w0p02-newsweep_20260918/seed_1486441653/legalized/09_xerox7_m_placement_legal_report.json
xerox7_m_t3-w0p2_seed1056634028.json,xerox7_m,1056634028,3,0.2,/mnt/d/WORK/96/flow_tap/LayoutGenModel/logs/output/cases_hubump/selected-wsweep-xerox7_m-t3-w0p2-newsweep_20260918/seed_1056634028/legalized/09_xerox7_m_placement_legal.json,/mnt/d/WORK/96/flow_tap/benchmark/cases_hubump/xerox7_m.json,0,/mnt/d/WORK/96/flow_tap/LayoutGenModel/logs/output/cases_hubump/selected-wsweep-xerox7_m-t3-w0p2-newsweep_20260918/seed_1056634028/legalized/09_xerox7_m_placement_legal_report.json
xerox7_m_t3-w0p2_seed1486441653.json,xerox7_m,1486441653,3,0.2,/mnt/d/WORK/96/flow_tap/LayoutGenModel/logs/output/cases_hubump/selected-wsweep-xerox7_m-t3-w0p2-newsweep_20260918/seed_1486441653/legalized/09_xerox7_m_placement_legal.json,/mnt/d/WORK/96/flow_tap/benchmark/cases_hubump/xerox7_m.json,0,/mnt/d/WORK/96/flow_tap/LayoutGenModel/logs/output/cases_hubump/selected-wsweep-xerox7_m-t3-w0p2-newsweep_20260918/seed_1486441653/legalized/09_xerox7_m_placement_legal_report.json
xerox7_m_t3-w2_seed946615675.json,xerox7_m,946615675,3,2,/mnt/d/WORK/96/flow_tap/LayoutGenModel/logs/output/cases_hubump/selected-wsweep-xerox7_m-t3-w2-newsweep_20260918/seed_946615675/legalized/09_xerox7_m_placement_legal.json,/mnt/d/WORK/96/flow_tap/benchmark/cases_hubump/xerox7_m.json,0,/mnt/d/WORK/96/flow_tap/LayoutGenModel/logs/output/cases_hubump/selected-wsweep-xerox7_m-t3-w2-newsweep_20260918/seed_946615675/legalized/09_xerox7_m_placement_legal_report.json
xerox7_m_t3-w2_seed1056634028.json,xerox7_m,1056634028,3,2,/mnt/d/WORK/96/flow_tap/LayoutGenModel/logs/output/cases_hubump/selected-wsweep-xerox7_m-t3-w2-newsweep_20260918/seed_1056634028/legalized/09_xerox7_m_placement_legal.json,/mnt/d/WORK/96/flow_tap/benchmark/cases_hubump/xerox7_m.json,0,/mnt/d/WORK/96/flow_tap/LayoutGenModel/logs/output/cases_hubump/selected-wsweep-xerox7_m-t3-w2-newsweep_20260918/seed_1056634028/legalized/09_xerox7_m_placement_legal_report.json
xerox7_m_t3-w2_seed1486441653.json,xerox7_m,1486441653,3,2,/mnt/d/WORK/96/flow_tap/LayoutGenModel/logs/output/cases_hubump/selected-wsweep-xerox7_m-t3-w2-newsweep_20260918/seed_1486441653/legalized/09_xerox7_m_placement_legal.json,/mnt/d/WORK/96/flow_tap/benchmark/cases_hubump/xerox7_m.json,0,/mnt/d/WORK/96/flow_tap/LayoutGenModel/logs/output/cases_hubump/selected-wsweep-xerox7_m-t3-w2-newsweep_20260918/seed_1486441653/legalized/09_xerox7_m_placement_legal_report.json
xerox7_m_t3-w50_seed946615675.json,xerox7_m,946615675,3,50,/mnt/d/WORK/96/flow_tap/LayoutGenModel/logs/output/cases_hubump/selected-wsweep-xerox7_m-t3-w50-newsweep_20260918/seed_946615675/legalized/09_xerox7_m_placement_legal.json,/mnt/d/WORK/96/flow_tap/benchmark/cases_hubump/xerox7_m.json,0,/mnt/d/WORK/96/flow_tap/LayoutGenModel/logs/output/cases_hubump/selected-wsweep-xerox7_m-t3-w50-newsweep_20260918/seed_946615675/legalized/09_xerox7_m_placement_legal_report.json
xerox7_m_t3-w50_seed1056634028.json,xerox7_m,1056634028,3,50,/mnt/d/WORK/96/flow_tap/LayoutGenModel/logs/output/cases_hubump/selected-wsweep-xerox7_m-t3-w50-newsweep_20260918/seed_1056634028/legalized/09_xerox7_m_placement_legal.json,/mnt/d/WORK/96/flow_tap/benchmark/cases_hubump/xerox7_m.json,0,/mnt/d/WORK/96/flow_tap/LayoutGenModel/logs/output/cases_hubump/selected-wsweep-xerox7_m-t3-w50-newsweep_20260918/seed_1056634028/legalized/09_xerox7_m_placement_legal_report.json
xerox7_m_t3-w50_seed1486441653.json,xerox7_m,1486441653,3,50,/mnt/d/WORK/96/flow_tap/LayoutGenModel/logs/output/cases_hubump/selected-wsweep-xerox7_m-t3-w50-newsweep_20260918/seed_1486441653/legalized/09_xerox7_m_placement_legal.json,/mnt/d/WORK/96/flow_tap/benchmark/cases_hubump/xerox7_m.json,0,/mnt/d/WORK/96/flow_tap/LayoutGenModel/logs/output/cases_hubump/selected-wsweep-xerox7_m-t3-w50-newsweep_20260918/seed_1486441653/legalized/09_xerox7_m_placement_legal_report.json
xerox7_m_t10-w0_seed946615675.json,xerox7_m,946615675,10,0,/mnt/d/WORK/96/flow_tap/LayoutGenModel/logs/output/cases_hubump/selected-wsweep-xerox7_m-t10-w0-newsweep_20260918/seed_946615675/legalized/09_xerox7_m_placement_legal.json,/mnt/d/WORK/96/flow_tap/benchmark/cases_hubump/xerox7_m.json,0,/mnt/d/WORK/96/flow_tap/LayoutGenModel/logs/output/cases_hubump/selected-wsweep-xerox7_m-t10-w0-newsweep_20260918/seed_946615675/legalized/09_xerox7_m_placement_legal_report.json
xerox7_m_t10-w0_seed1056634028.json,xerox7_m,1056634028,10,0,/mnt/d/WORK/96/flow_tap/LayoutGenModel/logs/output/cases_hubump/selected-wsweep-xerox7_m-t10-w0-newsweep_20260918/seed_1056634028/legalized/09_xerox7_m_placement_legal.json,/mnt/d/WORK/96/flow_tap/benchmark/cases_hubump/xerox7_m.json,0,/mnt/d/WORK/96/flow_tap/LayoutGenModel/logs/output/cases_hubump/selected-wsweep-xerox7_m-t10-w0-newsweep_20260918/seed_1056634028/legalized/09_xerox7_m_placement_legal_report.json
xerox7_m_t10-w0_seed1486441653.json,xerox7_m,1486441653,10,0,/mnt/d/WORK/96/flow_tap/LayoutGenModel/logs/output/cases_hubump/selected-wsweep-xerox7_m-t10-w0-newsweep_20260918/seed_1486441653/legalized/09_xerox7_m_placement_legal.json,/mnt/d/WORK/96/flow_tap/benchmark/cases_hubump/xerox7_m.json,0,/mnt/d/WORK/96/flow_tap/LayoutGenModel/logs/output/cases_hubump/selected-wsweep-xerox7_m-t10-w0-newsweep_20260918/seed_1486441653/legalized/09_xerox7_m_placement_legal_report.json
xerox7_m_t10-w0p02_seed946615675.json,xerox7_m,946615675,10,0.02,/mnt/d/WORK/96/flow_tap/LayoutGenModel/logs/output/cases_hubump/selected-wsweep-xerox7_m-t10-w0p02-newsweep_20260918/seed_946615675/legalized/09_xerox7_m_placement_legal.json,/mnt/d/WORK/96/flow_tap/benchmark/cases_hubump/xerox7_m.json,0,/mnt/d/WORK/96/flow_tap/LayoutGenModel/logs/output/cases_hubump/selected-wsweep-xerox7_m-t10-w0p02-newsweep_20260918/seed_946615675/legalized/09_xerox7_m_placement_legal_report.json
xerox7_m_t10-w0p02_seed1056634028.json,xerox7_m,1056634028,10,0.02,/mnt/d/WORK/96/flow_tap/LayoutGenModel/logs/output/cases_hubump/selected-wsweep-xerox7_m-t10-w0p02-newsweep_20260918/seed_1056634028/legalized/09_xerox7_m_placement_legal.json,/mnt/d/WORK/96/flow_tap/benchmark/cases_hubump/xerox7_m.json,0,/mnt/d/WORK/96/flow_tap/LayoutGenModel/logs/output/cases_hubump/selected-wsweep-xerox7_m-t10-w0p02-newsweep_20260918/seed_1056634028/legalized/09_xerox7_m_placement_legal_report.json
xerox7_m_t10-w0p02_seed1486441653.json,xerox7_m,1486441653,10,0.02,/mnt/d/WORK/96/flow_tap/LayoutGenModel/logs/output/cases_hubump/selected-wsweep-xerox7_m-t10-w0p02-newsweep_20260918/seed_1486441653/legalized/09_xerox7_m_placement_legal.json,/mnt/d/WORK/96/flow_tap/benchmark/cases_hubump/xerox7_m.json,0,/mnt/d/WORK/96/flow_tap/LayoutGenModel/logs/output/cases_hubump/selected-wsweep-xerox7_m-t10-w0p02-newsweep_20260918/seed_1486441653/legalized/09_xerox7_m_placement_legal_report.json
xerox7_m_t10-w0p2_seed946615675.json,xerox7_m,946615675,10,0.2,/mnt/d/WORK/96/flow_tap/LayoutGenModel/logs/output/cases_hubump/selected-wsweep-xerox7_m-t10-w0p2-newsweep_20260918/seed_946615675/legalized/09_xerox7_m_placement_legal.json,/mnt/d/WORK/96/flow_tap/benchmark/cases_hubump/xerox7_m.json,0,/mnt/d/WORK/96/flow_tap/LayoutGenModel/logs/output/cases_hubump/selected-wsweep-xerox7_m-t10-w0p2-newsweep_20260918/seed_946615675/legalized/09_xerox7_m_placement_legal_report.json
xerox7_m_t10-w0p2_seed1056634028.json,xerox7_m,1056634028,10,0.2,/mnt/d/WORK/96/flow_tap/LayoutGenModel/logs/output/cases_hubump/selected-wsweep-xerox7_m-t10-w0p2-newsweep_20260918/seed_1056634028/legalized/09_xerox7_m_placement_legal.json,/mnt/d/WORK/96/flow_tap/benchmark/cases_hubump/xerox7_m.json,0,/mnt/d/WORK/96/flow_tap/LayoutGenModel/logs/output/cases_hubump/selected-wsweep-xerox7_m-t10-w0p2-newsweep_20260918/seed_1056634028/legalized/09_xerox7_m_placement_legal_report.json
xerox7_m_t10-w0p2_seed1486441653.json,xerox7_m,1486441653,10,0.2,/mnt/d/WORK/96/flow_tap/LayoutGenModel/logs/output/cases_hubump/selected-wsweep-xerox7_m-t10-w0p2-newsweep_20260918/seed_1486441653/legalized/09_xerox7_m_placement_legal.json,/mnt/d/WORK/96/flow_tap/benchmark/cases_hubump/xerox7_m.json,0,/mnt/d/WORK/96/flow_tap/LayoutGenModel/logs/output/cases_hubump/selected-wsweep-xerox7_m-t10-w0p2-newsweep_20260918/seed_1486441653/legalized/09_xerox7_m_placement_legal_report.json
xerox7_m_t10-w2_seed946615675.json,xerox7_m,946615675,10,2,/mnt/d/WORK/96/flow_tap/LayoutGenModel/logs/output/cases_hubump/selected-wsweep-xerox7_m-t10-w2-newsweep_20260918/seed_946615675/legalized/09_xerox7_m_placement_legal.json,/mnt/d/WORK/96/flow_tap/benchmark/cases_hubump/xerox7_m.json,0,/mnt/d/WORK/96/flow_tap/LayoutGenModel/logs/output/cases_hubump/selected-wsweep-xerox7_m-t10-w2-newsweep_20260918/seed_946615675/legalized/09_xerox7_m_placement_legal_report.json
xerox7_m_t10-w2_seed1056634028.json,xerox7_m,1056634028,10,2,/mnt/d/WORK/96/flow_tap/LayoutGenModel/logs/output/cases_hubump/selected-wsweep-xerox7_m-t10-w2-newsweep_20260918/seed_1056634028/legalized/09_xerox7_m_placement_legal.json,/mnt/d/WORK/96/flow_tap/benchmark/cases_hubump/xerox7_m.json,0,/mnt/d/WORK/96/flow_tap/LayoutGenModel/logs/output/cases_hubump/selected-wsweep-xerox7_m-t10-w2-newsweep_20260918/seed_1056634028/legalized/09_xerox7_m_placement_legal_report.json
xerox7_m_t10-w2_seed1486441653.json,xerox7_m,1486441653,10,2,/mnt/d/WORK/96/flow_tap/LayoutGenModel/logs/output/cases_hubump/selected-wsweep-xerox7_m-t10-w2-newsweep_20260918/seed_1486441653/legalized/09_xerox7_m_placement_legal.json,/mnt/d/WORK/96/flow_tap/benchmark/cases_hubump/xerox7_m.json,0,/mnt/d/WORK/96/flow_tap/LayoutGenModel/logs/output/cases_hubump/selected-wsweep-xerox7_m-t10-w2-newsweep_20260918/seed_1486441653/legalized/09_xerox7_m_placement_legal_report.json
xerox7_m_t10-w50_seed946615675.json,xerox7_m,946615675,10,50,/mnt/d/WORK/96/flow_tap/LayoutGenModel/logs/output/cases_hubump/selected-wsweep-xerox7_m-t10-w50-newsweep_20260918/seed_946615675/legalized/09_xerox7_m_placement_legal.json,/mnt/d/WORK/96/flow_tap/benchmark/cases_hubump/xerox7_m.json,0,/mnt/d/WORK/96/flow_tap/LayoutGenModel/logs/output/cases_hubump/selected-wsweep-xerox7_m-t10-w50-newsweep_20260918/seed_946615675/legalized/09_xerox7_m_placement_legal_report.json
xerox7_m_t10-w50_seed1056634028.json,xerox7_m,1056634028,10,50,/mnt/d/WORK/96/flow_tap/LayoutGenModel/logs/output/cases_hubump/selected-wsweep-xerox7_m-t10-w50-newsweep_20260918/seed_1056634028/legalized/09_xerox7_m_placement_legal.json,/mnt/d/WORK/96/flow_tap/benchmark/cases_hubump/xerox7_m.json,0,/mnt/d/WORK/96/flow_tap/LayoutGenModel/logs/output/cases_hubump/selected-wsweep-xerox7_m-t10-w50-newsweep_20260918/seed_1056634028/legalized/09_xerox7_m_placement_legal_report.json
xerox7_m_t10-w50_seed1486441653.json,xerox7_m,1486441653,10,50,/mnt/d/WORK/96/flow_tap/LayoutGenModel/logs/output/cases_hubump/selected-wsweep-xerox7_m-t10-w50-newsweep_20260918/seed_1486441653/legalized/09_xerox7_m_placement_legal.json,/mnt/d/WORK/96/flow_tap/benchmark/cases_hubump/xerox7_m.json,0,/mnt/d/WORK/96/flow_tap/LayoutGenModel/logs/output/cases_hubump/selected-wsweep-xerox7_m-t10-w50-newsweep_20260918/seed_1486441653/legalized/09_xerox7_m_placement_legal_report.json
xerox7_m_t30-w0_seed946615675.json,xerox7_m,946615675,30,0,/mnt/d/WORK/96/flow_tap/LayoutGenModel/logs/output/cases_hubump/selected-wsweep-xerox7_m-t30-w0-newsweep_20260918/seed_946615675/legalized/09_xerox7_m_placement_legal.json,/mnt/d/WORK/96/flow_tap/benchmark/cases_hubump/xerox7_m.json,0,/mnt/d/WORK/96/flow_tap/LayoutGenModel/logs/output/cases_hubump/selected-wsweep-xerox7_m-t30-w0-newsweep_20260918/seed_946615675/legalized/09_xerox7_m_placement_legal_report.json
xerox7_m_t30-w0_seed1056634028.json,xerox7_m,1056634028,30,0,/mnt/d/WORK/96/flow_tap/LayoutGenModel/logs/output/cases_hubump/selected-wsweep-xerox7_m-t30-w0-newsweep_20260918/seed_1056634028/legalized/09_xerox7_m_placement_legal.json,/mnt/d/WORK/96/flow_tap/benchmark/cases_hubump/xerox7_m.json,0,/mnt/d/WORK/96/flow_tap/LayoutGenModel/logs/output/cases_hubump/selected-wsweep-xerox7_m-t30-w0-newsweep_20260918/seed_1056634028/legalized/09_xerox7_m_placement_legal_report.json
xerox7_m_t30-w0_seed1486441653.json,xerox7_m,1486441653,30,0,/mnt/d/WORK/96/flow_tap/LayoutGenModel/logs/output/cases_hubump/selected-wsweep-xerox7_m-t30-w0-newsweep_20260918/seed_1486441653/legalized/09_xerox7_m_placement_legal.json,/mnt/d/WORK/96/flow_tap/benchmark/cases_hubump/xerox7_m.json,0,/mnt/d/WORK/96/flow_tap/LayoutGenModel/logs/output/cases_hubump/selected-wsweep-xerox7_m-t30-w0-newsweep_20260918/seed_1486441653/legalized/09_xerox7_m_placement_legal_report.json
xerox7_m_t30-w0p02_seed946615675.json,xerox7_m,946615675,30,0.02,/mnt/d/WORK/96/flow_tap/LayoutGenModel/logs/output/cases_hubump/selected-wsweep-xerox7_m-t30-w0p02-newsweep_20260918/seed_946615675/legalized/09_xerox7_m_placement_legal.json,/mnt/d/WORK/96/flow_tap/benchmark/cases_hubump/xerox7_m.json,0,/mnt/d/WORK/96/flow_tap/LayoutGenModel/logs/output/cases_hubump/selected-wsweep-xerox7_m-t30-w0p02-newsweep_20260918/seed_946615675/legalized/09_xerox7_m_placement_legal_report.json
xerox7_m_t30-w0p02_seed1056634028.json,xerox7_m,1056634028,30,0.02,/mnt/d/WORK/96/flow_tap/LayoutGenModel/logs/output/cases_hubump/selected-wsweep-xerox7_m-t30-w0p02-newsweep_20260918/seed_1056634028/legalized/09_xerox7_m_placement_legal.json,/mnt/d/WORK/96/flow_tap/benchmark/cases_hubump/xerox7_m.json,0,/mnt/d/WORK/96/flow_tap/LayoutGenModel/logs/output/cases_hubump/selected-wsweep-xerox7_m-t30-w0p02-newsweep_20260918/seed_1056634028/legalized/09_xerox7_m_placement_legal_report.json
xerox7_m_t30-w0p02_seed1486441653.json,xerox7_m,1486441653,30,0.02,/mnt/d/WORK/96/flow_tap/LayoutGenModel/logs/output/cases_hubump/selected-wsweep-xerox7_m-t30-w0p02-newsweep_20260918/seed_1486441653/legalized/09_xerox7_m_placement_legal.json,/mnt/d/WORK/96/flow_tap/benchmark/cases_hubump/xerox7_m.json,0,/mnt/d/WORK/96/flow_tap/LayoutGenModel/logs/output/cases_hubump/selected-wsweep-xerox7_m-t30-w0p02-newsweep_20260918/seed_1486441653/legalized/09_xerox7_m_placement_legal_report.json
xerox7_m_t30-w0p2_seed946615675.json,xerox7_m,946615675,30,0.2,/mnt/d/WORK/96/flow_tap/LayoutGenModel/logs/output/cases_hubump/selected-wsweep-xerox7_m-t30-w0p2-newsweep_20260918/seed_946615675/legalized/09_xerox7_m_placement_legal.json,/mnt/d/WORK/96/flow_tap/benchmark/cases_hubump/xerox7_m.json,0,/mnt/d/WORK/96/flow_tap/LayoutGenModel/logs/output/cases_hubump/selected-wsweep-xerox7_m-t30-w0p2-newsweep_20260918/seed_946615675/legalized/09_xerox7_m_placement_legal_report.json
xerox7_m_t30-w0p2_seed1056634028.json,xerox7_m,1056634028,30,0.2,/mnt/d/WORK/96/flow_tap/LayoutGenModel/logs/output/cases_hubump/selected-wsweep-xerox7_m-t30-w0p2-newsweep_20260918/seed_1056634028/legalized/09_xerox7_m_placement_legal.json,/mnt/d/WORK/96/flow_tap/benchmark/cases_hubump/xerox7_m.json,0,/mnt/d/WORK/96/flow_tap/LayoutGenModel/logs/output/cases_hubump/selected-wsweep-xerox7_m-t30-w0p2-newsweep_20260918/seed_1056634028/legalized/09_xerox7_m_placement_legal_report.json
xerox7_m_t30-w0p2_seed1486441653.json,xerox7_m,1486441653,30,0.2,/mnt/d/WORK/96/flow_tap/LayoutGenModel/logs/output/cases_hubump/selected-wsweep-xerox7_m-t30-w0p2-newsweep_20260918/seed_1486441653/legalized/09_xerox7_m_placement_legal.json,/mnt/d/WORK/96/flow_tap/benchmark/cases_hubump/xerox7_m.json,0,/mnt/d/WORK/96/flow_tap/LayoutGenModel/logs/output/cases_hubump/selected-wsweep-xerox7_m-t30-w0p2-newsweep_20260918/seed_1486441653/legalized/09_xerox7_m_placement_legal_report.json
xerox7_m_t30-w2_seed946615675.json,xerox7_m,946615675,30,2,/mnt/d/WORK/96/flow_tap/LayoutGenModel/logs/output/cases_hubump/selected-wsweep-xerox7_m-t30-w2-newsweep_20260918/seed_946615675/legalized/09_xerox7_m_placement_legal.json,/mnt/d/WORK/96/flow_tap/benchmark/cases_hubump/xerox7_m.json,0,/mnt/d/WORK/96/flow_tap/LayoutGenModel/logs/output/cases_hubump/selected-wsweep-xerox7_m-t30-w2-newsweep_20260918/seed_946615675/legalized/09_xerox7_m_placement_legal_report.json
xerox7_m_t30-w2_seed1056634028.json,xerox7_m,1056634028,30,2,/mnt/d/WORK/96/flow_tap/LayoutGenModel/logs/output/cases_hubump/selected-wsweep-xerox7_m-t30-w2-newsweep_20260918/seed_1056634028/legalized/09_xerox7_m_placement_legal.json,/mnt/d/WORK/96/flow_tap/benchmark/cases_hubump/xerox7_m.json,0,/mnt/d/WORK/96/flow_tap/LayoutGenModel/logs/output/cases_hubump/selected-wsweep-xerox7_m-t30-w2-newsweep_20260918/seed_1056634028/legalized/09_xerox7_m_placement_legal_report.json
xerox7_m_t30-w2_seed1486441653.json,xerox7_m,1486441653,30,2,/mnt/d/WORK/96/flow_tap/LayoutGenModel/logs/output/cases_hubump/selected-wsweep-xerox7_m-t30-w2-newsweep_20260918/seed_1486441653/legalized/09_xerox7_m_placement_legal.json,/mnt/d/WORK/96/flow_tap/benchmark/cases_hubump/xerox7_m.json,0,/mnt/d/WORK/96/flow_tap/LayoutGenModel/logs/output/cases_hubump/selected-wsweep-xerox7_m-t30-w2-newsweep_20260918/seed_1486441653/legalized/09_xerox7_m_placement_legal_report.json
xerox7_m_t30-w50_seed946615675.json,xerox7_m,946615675,30,50,/mnt/d/WORK/96/flow_tap/LayoutGenModel/logs/output/cases_hubump/selected-wsweep-xerox7_m-t30-w50-newsweep_20260918/seed_946615675/legalized/09_xerox7_m_placement_legal.json,/mnt/d/WORK/96/flow_tap/benchmark/cases_hubump/xerox7_m.json,0,/mnt/d/WORK/96/flow_tap/LayoutGenModel/logs/output/cases_hubump/selected-wsweep-xerox7_m-t30-w50-newsweep_20260918/seed_946615675/legalized/09_xerox7_m_placement_legal_report.json
xerox7_m_t30-w50_seed1056634028.json,xerox7_m,1056634028,30,50,/mnt/d/WORK/96/flow_tap/LayoutGenModel/logs/output/cases_hubump/selected-wsweep-xerox7_m-t30-w50-newsweep_20260918/seed_1056634028/legalized/09_xerox7_m_placement_legal.json,/mnt/d/WORK/96/flow_tap/benchmark/cases_hubump/xerox7_m.json,0,/mnt/d/WORK/96/flow_tap/LayoutGenModel/logs/output/cases_hubump/selected-wsweep-xerox7_m-t30-w50-newsweep_20260918/seed_1056634028/legalized/09_xerox7_m_placement_legal_report.json
xerox7_m_t30-w50_seed1486441653.json,xerox7_m,1486441653,30,50,/mnt/d/WORK/96/flow_tap/LayoutGenModel/logs/output/cases_hubump/selected-wsweep-xerox7_m-t30-w50-newsweep_20260918/seed_1486441653/legalized/09_xerox7_m_placement_legal.json,/mnt/d/WORK/96/flow_tap/benchmark/cases_hubump/xerox7_m.json,0,/mnt/d/WORK/96/flow_tap/LayoutGenModel/logs/output/cases_hubump/selected-wsweep-xerox7_m-t30-w50-newsweep_20260918/seed_1486441653/legalized/09_xerox7_m_placement_legal_report.json
xerox7_m_t100-w0_seed946615675.json,xerox7_m,946615675,100,0,/mnt/d/WORK/96/flow_tap/LayoutGenModel/logs/output/cases_hubump/selected-wsweep-xerox7_m-t100-w0-newsweep_20260918/seed_946615675/legalized/09_xerox7_m_placement_legal.json,/mnt/d/WORK/96/flow_tap/benchmark/cases_hubump/xerox7_m.json,0,/mnt/d/WORK/96/flow_tap/LayoutGenModel/logs/output/cases_hubump/selected-wsweep-xerox7_m-t100-w0-newsweep_20260918/seed_946615675/legalized/09_xerox7_m_placement_legal_report.json
xerox7_m_t100-w0_seed1056634028.json,xerox7_m,1056634028,100,0,/mnt/d/WORK/96/flow_tap/LayoutGenModel/logs/output/cases_hubump/selected-wsweep-xerox7_m-t100-w0-newsweep_20260918/seed_1056634028/legalized/09_xerox7_m_placement_legal.json,/mnt/d/WORK/96/flow_tap/benchmark/cases_hubump/xerox7_m.json,0,/mnt/d/WORK/96/flow_tap/LayoutGenModel/logs/output/cases_hubump/selected-wsweep-xerox7_m-t100-w0-newsweep_20260918/seed_1056634028/legalized/09_xerox7_m_placement_legal_report.json
xerox7_m_t100-w0_seed1486441653.json,xerox7_m,1486441653,100,0,/mnt/d/WORK/96/flow_tap/LayoutGenModel/logs/output/cases_hubump/selected-wsweep-xerox7_m-t100-w0-newsweep_20260918/seed_1486441653/legalized/09_xerox7_m_placement_legal.json,/mnt/d/WORK/96/flow_tap/benchmark/cases_hubump/xerox7_m.json,0,/mnt/d/WORK/96/flow_tap/LayoutGenModel/logs/output/cases_hubump/selected-wsweep-xerox7_m-t100-w0-newsweep_20260918/seed_1486441653/legalized/09_xerox7_m_placement_legal_report.json
xerox7_m_t100-w0p02_seed946615675.json,xerox7_m,946615675,100,0.02,/mnt/d/WORK/96/flow_tap/LayoutGenModel/logs/output/cases_hubump/selected-wsweep-xerox7_m-t100-w0p02-newsweep_20260918/seed_946615675/legalized/09_xerox7_m_placement_legal.json,/mnt/d/WORK/96/flow_tap/benchmark/cases_hubump/xerox7_m.json,0,/mnt/d/WORK/96/flow_tap/LayoutGenModel/logs/output/cases_hubump/selected-wsweep-xerox7_m-t100-w0p02-newsweep_20260918/seed_946615675/legalized/09_xerox7_m_placement_legal_report.json
xerox7_m_t100-w0p02_seed1056634028.json,xerox7_m,1056634028,100,0.02,/mnt/d/WORK/96/flow_tap/LayoutGenModel/logs/output/cases_hubump/selected-wsweep-xerox7_m-t100-w0p02-newsweep_20260918/seed_1056634028/legalized/09_xerox7_m_placement_legal.json,/mnt/d/WORK/96/flow_tap/benchmark/cases_hubump/xerox7_m.json,0,/mnt/d/WORK/96/flow_tap/LayoutGenModel/logs/output/cases_hubump/selected-wsweep-xerox7_m-t100-w0p02-newsweep_20260918/seed_1056634028/legalized/09_xerox7_m_placement_legal_report.json
xerox7_m_t100-w0p02_seed1486441653.json,xerox7_m,1486441653,100,0.02,/mnt/d/WORK/96/flow_tap/LayoutGenModel/logs/output/cases_hubump/selected-wsweep-xerox7_m-t100-w0p02-newsweep_20260918/seed_1486441653/legalized/09_xerox7_m_placement_legal.json,/mnt/d/WORK/96/flow_tap/benchmark/cases_hubump/xerox7_m.json,0,/mnt/d/WORK/96/flow_tap/LayoutGenModel/logs/output/cases_hubump/selected-wsweep-xerox7_m-t100-w0p02-newsweep_20260918/seed_1486441653/legalized/09_xerox7_m_placement_legal_report.json
xerox7_m_t100-w0p2_seed946615675.json,xerox7_m,946615675,100,0.2,/mnt/d/WORK/96/flow_tap/LayoutGenModel/logs/output/cases_hubump/selected-wsweep-xerox7_m-t100-w0p2-newsweep_20260918/seed_946615675/legalized/09_xerox7_m_placement_legal.json,/mnt/d/WORK/96/flow_tap/benchmark/cases_hubump/xerox7_m.json,0,/mnt/d/WORK/96/flow_tap/LayoutGenModel/logs/output/cases_hubump/selected-wsweep-xerox7_m-t100-w0p2-newsweep_20260918/seed_946615675/legalized/09_xerox7_m_placement_legal_report.json
xerox7_m_t100-w0p2_seed1056634028.json,xerox7_m,1056634028,100,0.2,/mnt/d/WORK/96/flow_tap/LayoutGenModel/logs/output/cases_hubump/selected-wsweep-xerox7_m-t100-w0p2-newsweep_20260918/seed_1056634028/legalized/09_xerox7_m_placement_legal.json,/mnt/d/WORK/96/flow_tap/benchmark/cases_hubump/xerox7_m.json,0,/mnt/d/WORK/96/flow_tap/LayoutGenModel/logs/output/cases_hubump/selected-wsweep-xerox7_m-t100-w0p2-newsweep_20260918/seed_1056634028/legalized/09_xerox7_m_placement_legal_report.json
xerox7_m_t100-w0p2_seed1486441653.json,xerox7_m,1486441653,100,0.2,/mnt/d/WORK/96/flow_tap/LayoutGenModel/logs/output/cases_hubump/selected-wsweep-xerox7_m-t100-w0p2-newsweep_20260918/seed_1486441653/legalized/09_xerox7_m_placement_legal.json,/mnt/d/WORK/96/flow_tap/benchmark/cases_hubump/xerox7_m.json,0,/mnt/d/WORK/96/flow_tap/LayoutGenModel/logs/output/cases_hubump/selected-wsweep-xerox7_m-t100-w0p2-newsweep_20260918/seed_1486441653/legalized/09_xerox7_m_placement_legal_report.json
xerox7_m_t100-w2_seed946615675.json,xerox7_m,946615675,100,2,/mnt/d/WORK/96/flow_tap/LayoutGenModel/logs/output/cases_hubump/selected-wsweep-xerox7_m-t100-w2-newsweep_20260918/seed_946615675/legalized/09_xerox7_m_placement_legal.json,/mnt/d/WORK/96/flow_tap/benchmark/cases_hubump/xerox7_m.json,0,/mnt/d/WORK/96/flow_tap/LayoutGenModel/logs/output/cases_hubump/selected-wsweep-xerox7_m-t100-w2-newsweep_20260918/seed_946615675/legalized/09_xerox7_m_placement_legal_report.json
xerox7_m_t100-w2_seed1056634028.json,xerox7_m,1056634028,100,2,/mnt/d/WORK/96/flow_tap/LayoutGenModel/logs/output/cases_hubump/selected-wsweep-xerox7_m-t100-w2-newsweep_20260918/seed_1056634028/legalized/09_xerox7_m_placement_legal.json,/mnt/d/WORK/96/flow_tap/benchmark/cases_hubump/xerox7_m.json,0,/mnt/d/WORK/96/flow_tap/LayoutGenModel/logs/output/cases_hubump/selected-wsweep-xerox7_m-t100-w2-newsweep_20260918/seed_1056634028/legalized/09_xerox7_m_placement_legal_report.json
xerox7_m_t100-w2_seed1486441653.json,xerox7_m,1486441653,100,2,/mnt/d/WORK/96/flow_tap/LayoutGenModel/logs/output/cases_hubump/selected-wsweep-xerox7_m-t100-w2-newsweep_20260918/seed_1486441653/legalized/09_xerox7_m_placement_legal.json,/mnt/d/WORK/96/flow_tap/benchmark/cases_hubump/xerox7_m.json,0,/mnt/d/WORK/96/flow_tap/LayoutGenModel/logs/output/cases_hubump/selected-wsweep-xerox7_m-t100-w2-newsweep_20260918/seed_1486441653/legalized/09_xerox7_m_placement_legal_report.json
xerox7_m_t100-w50_seed946615675.json,xerox7_m,946615675,100,50,/mnt/d/WORK/96/flow_tap/LayoutGenModel/logs/output/cases_hubump/selected-wsweep-xerox7_m-t100-w50-newsweep_20260918/seed_946615675/legalized/09_xerox7_m_placement_legal.json,/mnt/d/WORK/96/flow_tap/benchmark/cases_hubump/xerox7_m.json,0,/mnt/d/WORK/96/flow_tap/LayoutGenModel/logs/output/cases_hubump/selected-wsweep-xerox7_m-t100-w50-newsweep_20260918/seed_946615675/legalized/09_xerox7_m_placement_legal_report.json
xerox7_m_t100-w50_seed1056634028.json,xerox7_m,1056634028,100,50,/mnt/d/WORK/96/flow_tap/LayoutGenModel/logs/output/cases_hubump/selected-wsweep-xerox7_m-t100-w50-newsweep_20260918/seed_1056634028/legalized/09_xerox7_m_placement_legal.json,/mnt/d/WORK/96/flow_tap/benchmark/cases_hubump/xerox7_m.json,0,/mnt/d/WORK/96/flow_tap/LayoutGenModel/logs/output/cases_hubump/selected-wsweep-xerox7_m-t100-w50-newsweep_20260918/seed_1056634028/legalized/09_xerox7_m_placement_legal_report.json
xerox7_m_t100-w50_seed1486441653.json,xerox7_m,1486441653,100,50,/mnt/d/WORK/96/flow_tap/LayoutGenModel/logs/output/cases_hubump/selected-wsweep-xerox7_m-t100-w50-newsweep_20260918/seed_1486441653/legalized/09_xerox7_m_placement_legal.json,/mnt/d/WORK/96/flow_tap/benchmark/cases_hubump/xerox7_m.json,0,/mnt/d/WORK/96/flow_tap/LayoutGenModel/logs/output/cases_hubump/selected-wsweep-xerox7_m-t100-w50-newsweep_20260918/seed_1486441653/legalized/09_xerox7_m_placement_legal_report.json
Case7_t0-w0_seed703339479.json,Case7,703339479,0,0,/mnt/d/WORK/96/flow_tap/LayoutGenModel/logs/output/cases_hubump/selected-wsweep-Case7-t0-w0-case7sweep_20260918/seed_703339479/legalized/00_Case7_placement_legal.json,/mnt/d/WORK/96/flow_tap/benchmark/cases_hubump/Case7.json,0,/mnt/d/WORK/96/flow_tap/LayoutGenModel/logs/output/cases_hubump/selected-wsweep-Case7-t0-w0-case7sweep_20260918/seed_703339479/legalized/00_Case7_placement_legal_report.json
Case7_t0-w0_seed347930200.json,Case7,347930200,0,0,/mnt/d/WORK/96/flow_tap/LayoutGenModel/logs/output/cases_hubump/selected-wsweep-Case7-t0-w0-case7sweep_20260918/seed_347930200/legalized/00_Case7_placement_legal.json,/mnt/d/WORK/96/flow_tap/benchmark/cases_hubump/Case7.json,0,/mnt/d/WORK/96/flow_tap/LayoutGenModel/logs/output/cases_hubump/selected-wsweep-Case7-t0-w0-case7sweep_20260918/seed_347930200/legalized/00_Case7_placement_legal_report.json
Case7_t0-w0_seed1440521826.json,Case7,1440521826,0,0,/mnt/d/WORK/96/flow_tap/LayoutGenModel/logs/output/cases_hubump/selected-wsweep-Case7-t0-w0-case7sweep_20260918/seed_1440521826/legalized/00_Case7_placement_legal.json,/mnt/d/WORK/96/flow_tap/benchmark/cases_hubump/Case7.json,0,/mnt/d/WORK/96/flow_tap/LayoutGenModel/logs/output/cases_hubump/selected-wsweep-Case7-t0-w0-case7sweep_20260918/seed_1440521826/legalized/00_Case7_placement_legal_report.json
Case7_t0-w0p02_seed1440521826.json,Case7,1440521826,0,0.02,/mnt/d/WORK/96/flow_tap/LayoutGenModel/logs/output/cases_hubump/selected-wsweep-Case7-t0-w0p02-case7sweep_20260918/seed_1440521826/legalized/00_Case7_placement_legal.json,/mnt/d/WORK/96/flow_tap/benchmark/cases_hubump/Case7.json,0,/mnt/d/WORK/96/flow_tap/LayoutGenModel/logs/output/cases_hubump/selected-wsweep-Case7-t0-w0p02-case7sweep_20260918/seed_1440521826/legalized/00_Case7_placement_legal_report.json
Case7_t0-w0p02_seed347930200.json,Case7,347930200,0,0.02,/mnt/d/WORK/96/flow_tap/LayoutGenModel/logs/output/cases_hubump/selected-wsweep-Case7-t0-w0p02-case7sweep_20260918/seed_347930200/legalized/00_Case7_placement_legal.json,/mnt/d/WORK/96/flow_tap/benchmark/cases_hubump/Case7.json,0,/mnt/d/WORK/96/flow_tap/LayoutGenModel/logs/output/cases_hubump/selected-wsweep-Case7-t0-w0p02-case7sweep_20260918/seed_347930200/legalized/00_Case7_placement_legal_report.json
Case7_t0-w0p02_seed703339479.json,Case7,703339479,0,0.02,/mnt/d/WORK/96/flow_tap/LayoutGenModel/logs/output/cases_hubump/selected-wsweep-Case7-t0-w0p02-case7sweep_20260918/seed_703339479/legalized/00_Case7_placement_legal.json,/mnt/d/WORK/96/flow_tap/benchmark/cases_hubump/Case7.json,0,/mnt/d/WORK/96/flow_tap/LayoutGenModel/logs/output/cases_hubump/selected-wsweep-Case7-t0-w0p02-case7sweep_20260918/seed_703339479/legalized/00_Case7_placement_legal_report.json
Case7_t0-w0p2_seed703339479.json,Case7,703339479,0,0.2,/mnt/d/WORK/96/flow_tap/LayoutGenModel/logs/output/cases_hubump/selected-wsweep-Case7-t0-w0p2-case7sweep_20260918/seed_703339479/legalized/00_Case7_placement_legal.json,/mnt/d/WORK/96/flow_tap/benchmark/cases_hubump/Case7.json,0,/mnt/d/WORK/96/flow_tap/LayoutGenModel/logs/output/cases_hubump/selected-wsweep-Case7-t0-w0p2-case7sweep_20260918/seed_703339479/legalized/00_Case7_placement_legal_report.json
Case7_t0-w0p2_seed1440521826.json,Case7,1440521826,0,0.2,/mnt/d/WORK/96/flow_tap/LayoutGenModel/logs/output/cases_hubump/selected-wsweep-Case7-t0-w0p2-case7sweep_20260918/seed_1440521826/legalized/00_Case7_placement_legal.json,/mnt/d/WORK/96/flow_tap/benchmark/cases_hubump/Case7.json,0,/mnt/d/WORK/96/flow_tap/LayoutGenModel/logs/output/cases_hubump/selected-wsweep-Case7-t0-w0p2-case7sweep_20260918/seed_1440521826/legalized/00_Case7_placement_legal_report.json
Case7_t0-w0p2_seed347930200.json,Case7,347930200,0,0.2,/mnt/d/WORK/96/flow_tap/LayoutGenModel/logs/output/cases_hubump/selected-wsweep-Case7-t0-w0p2-case7sweep_20260918/seed_347930200/legalized/00_Case7_placement_legal.json,/mnt/d/WORK/96/flow_tap/benchmark/cases_hubump/Case7.json,0,/mnt/d/WORK/96/flow_tap/LayoutGenModel/logs/output/cases_hubump/selected-wsweep-Case7-t0-w0p2-case7sweep_20260918/seed_347930200/legalized/00_Case7_placement_legal_report.json
Case7_t0-w2_seed703339479.json,Case7,703339479,0,2,/mnt/d/WORK/96/flow_tap/LayoutGenModel/logs/output/cases_hubump/selected-wsweep-Case7-t0-w2-case7sweep_20260918/seed_703339479/legalized/00_Case7_placement_legal.json,/mnt/d/WORK/96/flow_tap/benchmark/cases_hubump/Case7.json,0,/mnt/d/WORK/96/flow_tap/LayoutGenModel/logs/output/cases_hubump/selected-wsweep-Case7-t0-w2-case7sweep_20260918/seed_703339479/legalized/00_Case7_placement_legal_report.json
Case7_t0-w2_seed1440521826.json,Case7,1440521826,0,2,/mnt/d/WORK/96/flow_tap/LayoutGenModel/logs/output/cases_hubump/selected-wsweep-Case7-t0-w2-case7sweep_20260918/seed_1440521826/legalized/00_Case7_placement_legal.json,/mnt/d/WORK/96/flow_tap/benchmark/cases_hubump/Case7.json,0,/mnt/d/WORK/96/flow_tap/LayoutGenModel/logs/output/cases_hubump/selected-wsweep-Case7-t0-w2-case7sweep_20260918/seed_1440521826/legalized/00_Case7_placement_legal_report.json
Case7_t0-w2_seed347930200.json,Case7,347930200,0,2,/mnt/d/WORK/96/flow_tap/LayoutGenModel/logs/output/cases_hubump/selected-wsweep-Case7-t0-w2-case7sweep_20260918/seed_347930200/legalized/00_Case7_placement_legal.json,/mnt/d/WORK/96/flow_tap/benchmark/cases_hubump/Case7.json,0,/mnt/d/WORK/96/flow_tap/LayoutGenModel/logs/output/cases_hubump/selected-wsweep-Case7-t0-w2-case7sweep_20260918/seed_347930200/legalized/00_Case7_placement_legal_report.json
Case7_t0-w50_seed1440521826.json,Case7,1440521826,0,50,/mnt/d/WORK/96/flow_tap/LayoutGenModel/logs/output/cases_hubump/selected-wsweep-Case7-t0-w50-case7sweep_20260918/seed_1440521826/legalized/00_Case7_placement_legal.json,/mnt/d/WORK/96/flow_tap/benchmark/cases_hubump/Case7.json,0,/mnt/d/WORK/96/flow_tap/LayoutGenModel/logs/output/cases_hubump/selected-wsweep-Case7-t0-w50-case7sweep_20260918/seed_1440521826/legalized/00_Case7_placement_legal_report.json
Case7_t0-w50_seed347930200.json,Case7,347930200,0,50,/mnt/d/WORK/96/flow_tap/LayoutGenModel/logs/output/cases_hubump/selected-wsweep-Case7-t0-w50-case7sweep_20260918/seed_347930200/legalized/00_Case7_placement_legal.json,/mnt/d/WORK/96/flow_tap/benchmark/cases_hubump/Case7.json,0,/mnt/d/WORK/96/flow_tap/LayoutGenModel/logs/output/cases_hubump/selected-wsweep-Case7-t0-w50-case7sweep_20260918/seed_347930200/legalized/00_Case7_placement_legal_report.json
Case7_t0p01-w0_seed703339479.json,Case7,703339479,0.01,0,/mnt/d/WORK/96/flow_tap/LayoutGenModel/logs/output/cases_hubump/selected-wsweep-Case7-t0p01-w0-case7sweep_20260918/seed_703339479/legalized/00_Case7_placement_legal.json,/mnt/d/WORK/96/flow_tap/benchmark/cases_hubump/Case7.json,0,/mnt/d/WORK/96/flow_tap/LayoutGenModel/logs/output/cases_hubump/selected-wsweep-Case7-t0p01-w0-case7sweep_20260918/seed_703339479/legalized/00_Case7_placement_legal_report.json
Case7_t0p01-w0_seed1440521826.json,Case7,1440521826,0.01,0,/mnt/d/WORK/96/flow_tap/LayoutGenModel/logs/output/cases_hubump/selected-wsweep-Case7-t0p01-w0-case7sweep_20260918/seed_1440521826/legalized/00_Case7_placement_legal.json,/mnt/d/WORK/96/flow_tap/benchmark/cases_hubump/Case7.json,0,/mnt/d/WORK/96/flow_tap/LayoutGenModel/logs/output/cases_hubump/selected-wsweep-Case7-t0p01-w0-case7sweep_20260918/seed_1440521826/legalized/00_Case7_placement_legal_report.json
Case7_t0p01-w0_seed347930200.json,Case7,347930200,0.01,0,/mnt/d/WORK/96/flow_tap/LayoutGenModel/logs/output/cases_hubump/selected-wsweep-Case7-t0p01-w0-case7sweep_20260918/seed_347930200/legalized/00_Case7_placement_legal.json,/mnt/d/WORK/96/flow_tap/benchmark/cases_hubump/Case7.json,0,/mnt/d/WORK/96/flow_tap/LayoutGenModel/logs/output/cases_hubump/selected-wsweep-Case7-t0p01-w0-case7sweep_20260918/seed_347930200/legalized/00_Case7_placement_legal_report.json
Case7_t0p01-w0p02_seed703339479.json,Case7,703339479,0.01,0.02,/mnt/d/WORK/96/flow_tap/LayoutGenModel/logs/output/cases_hubump/selected-wsweep-Case7-t0p01-w0p02-case7sweep_20260918/seed_703339479/legalized/00_Case7_placement_legal.json,/mnt/d/WORK/96/flow_tap/benchmark/cases_hubump/Case7.json,0,/mnt/d/WORK/96/flow_tap/LayoutGenModel/logs/output/cases_hubump/selected-wsweep-Case7-t0p01-w0p02-case7sweep_20260918/seed_703339479/legalized/00_Case7_placement_legal_report.json
Case7_t0p01-w0p02_seed1440521826.json,Case7,1440521826,0.01,0.02,/mnt/d/WORK/96/flow_tap/LayoutGenModel/logs/output/cases_hubump/selected-wsweep-Case7-t0p01-w0p02-case7sweep_20260918/seed_1440521826/legalized/00_Case7_placement_legal.json,/mnt/d/WORK/96/flow_tap/benchmark/cases_hubump/Case7.json,0,/mnt/d/WORK/96/flow_tap/LayoutGenModel/logs/output/cases_hubump/selected-wsweep-Case7-t0p01-w0p02-case7sweep_20260918/seed_1440521826/legalized/00_Case7_placement_legal_report.json
Case7_t0p01-w0p02_seed347930200.json,Case7,347930200,0.01,0.02,/mnt/d/WORK/96/flow_tap/LayoutGenModel/logs/output/cases_hubump/selected-wsweep-Case7-t0p01-w0p02-case7sweep_20260918/seed_347930200/legalized/00_Case7_placement_legal.json,/mnt/d/WORK/96/flow_tap/benchmark/cases_hubump/Case7.json,0,/mnt/d/WORK/96/flow_tap/LayoutGenModel/logs/output/cases_hubump/selected-wsweep-Case7-t0p01-w0p02-case7sweep_20260918/seed_347930200/legalized/00_Case7_placement_legal_report.json
Case7_t0p01-w0p2_seed703339479.json,Case7,703339479,0.01,0.2,/mnt/d/WORK/96/flow_tap/LayoutGenModel/logs/output/cases_hubump/selected-wsweep-Case7-t0p01-w0p2-case7sweep_20260918/seed_703339479/legalized/00_Case7_placement_legal.json,/mnt/d/WORK/96/flow_tap/benchmark/cases_hubump/Case7.json,0,/mnt/d/WORK/96/flow_tap/LayoutGenModel/logs/output/cases_hubump/selected-wsweep-Case7-t0p01-w0p2-case7sweep_20260918/seed_703339479/legalized/00_Case7_placement_legal_report.json
Case7_t0p01-w0p2_seed1440521826.json,Case7,1440521826,0.01,0.2,/mnt/d/WORK/96/flow_tap/LayoutGenModel/logs/output/cases_hubump/selected-wsweep-Case7-t0p01-w0p2-case7sweep_20260918/seed_1440521826/legalized/00_Case7_placement_legal.json,/mnt/d/WORK/96/flow_tap/benchmark/cases_hubump/Case7.json,0,/mnt/d/WORK/96/flow_tap/LayoutGenModel/logs/output/cases_hubump/selected-wsweep-Case7-t0p01-w0p2-case7sweep_20260918/seed_1440521826/legalized/00_Case7_placement_legal_report.json
Case7_t0p01-w0p2_seed347930200.json,Case7,347930200,0.01,0.2,/mnt/d/WORK/96/flow_tap/LayoutGenModel/logs/output/cases_hubump/selected-wsweep-Case7-t0p01-w0p2-case7sweep_20260918/seed_347930200/legalized/00_Case7_placement_legal.json,/mnt/d/WORK/96/flow_tap/benchmark/cases_hubump/Case7.json,0,/mnt/d/WORK/96/flow_tap/LayoutGenModel/logs/output/cases_hubump/selected-wsweep-Case7-t0p01-w0p2-case7sweep_20260918/seed_347930200/legalized/00_Case7_placement_legal_report.json
Case7_t0p01-w2_seed703339479.json,Case7,703339479,0.01,2,/mnt/d/WORK/96/flow_tap/LayoutGenModel/logs/output/cases_hubump/selected-wsweep-Case7-t0p01-w2-case7sweep_20260918/seed_703339479/legalized/00_Case7_placement_legal.json,/mnt/d/WORK/96/flow_tap/benchmark/cases_hubump/Case7.json,0,/mnt/d/WORK/96/flow_tap/LayoutGenModel/logs/output/cases_hubump/selected-wsweep-Case7-t0p01-w2-case7sweep_20260918/seed_703339479/legalized/00_Case7_placement_legal_report.json
Case7_t0p01-w2_seed1440521826.json,Case7,1440521826,0.01,2,/mnt/d/WORK/96/flow_tap/LayoutGenModel/logs/output/cases_hubump/selected-wsweep-Case7-t0p01-w2-case7sweep_20260918/seed_1440521826/legalized/00_Case7_placement_legal.json,/mnt/d/WORK/96/flow_tap/benchmark/cases_hubump/Case7.json,0,/mnt/d/WORK/96/flow_tap/LayoutGenModel/logs/output/cases_hubump/selected-wsweep-Case7-t0p01-w2-case7sweep_20260918/seed_1440521826/legalized/00_Case7_placement_legal_report.json
Case7_t0p01-w2_seed347930200.json,Case7,347930200,0.01,2,/mnt/d/WORK/96/flow_tap/LayoutGenModel/logs/output/cases_hubump/selected-wsweep-Case7-t0p01-w2-case7sweep_20260918/seed_347930200/legalized/00_Case7_placement_legal.json,/mnt/d/WORK/96/flow_tap/benchmark/cases_hubump/Case7.json,0,/mnt/d/WORK/96/flow_tap/LayoutGenModel/logs/output/cases_hubump/selected-wsweep-Case7-t0p01-w2-case7sweep_20260918/seed_347930200/legalized/00_Case7_placement_legal_report.json
Case7_t0p01-w50_seed347930200.json,Case7,347930200,0.01,50,/mnt/d/WORK/96/flow_tap/LayoutGenModel/logs/output/cases_hubump/selected-wsweep-Case7-t0p01-w50-case7sweep_20260918/seed_347930200/legalized/00_Case7_placement_legal.json,/mnt/d/WORK/96/flow_tap/benchmark/cases_hubump/Case7.json,0,/mnt/d/WORK/96/flow_tap/LayoutGenModel/logs/output/cases_hubump/selected-wsweep-Case7-t0p01-w50-case7sweep_20260918/seed_347930200/legalized/00_Case7_placement_legal_report.json
Case7_t0p01-w50_seed1440521826.json,Case7,1440521826,0.01,50,/mnt/d/WORK/96/flow_tap/LayoutGenModel/logs/output/cases_hubump/selected-wsweep-Case7-t0p01-w50-case7sweep_20260918/seed_1440521826/legalized/00_Case7_placement_legal.json,/mnt/d/WORK/96/flow_tap/benchmark/cases_hubump/Case7.json,0,/mnt/d/WORK/96/flow_tap/LayoutGenModel/logs/output/cases_hubump/selected-wsweep-Case7-t0p01-w50-case7sweep_20260918/seed_1440521826/legalized/00_Case7_placement_legal_report.json
Case7_t0p03-w0_seed703339479.json,Case7,703339479,0.03,0,/mnt/d/WORK/96/flow_tap/LayoutGenModel/logs/output/cases_hubump/selected-wsweep-Case7-t0p03-w0-case7sweep_20260918/seed_703339479/legalized/00_Case7_placement_legal.json,/mnt/d/WORK/96/flow_tap/benchmark/cases_hubump/Case7.json,0,/mnt/d/WORK/96/flow_tap/LayoutGenModel/logs/output/cases_hubump/selected-wsweep-Case7-t0p03-w0-case7sweep_20260918/seed_703339479/legalized/00_Case7_placement_legal_report.json
Case7_t0p03-w0_seed1440521826.json,Case7,1440521826,0.03,0,/mnt/d/WORK/96/flow_tap/LayoutGenModel/logs/output/cases_hubump/selected-wsweep-Case7-t0p03-w0-case7sweep_20260918/seed_1440521826/legalized/00_Case7_placement_legal.json,/mnt/d/WORK/96/flow_tap/benchmark/cases_hubump/Case7.json,0,/mnt/d/WORK/96/flow_tap/LayoutGenModel/logs/output/cases_hubump/selected-wsweep-Case7-t0p03-w0-case7sweep_20260918/seed_1440521826/legalized/00_Case7_placement_legal_report.json
Case7_t0p03-w0_seed347930200.json,Case7,347930200,0.03,0,/mnt/d/WORK/96/flow_tap/LayoutGenModel/logs/output/cases_hubump/selected-wsweep-Case7-t0p03-w0-case7sweep_20260918/seed_347930200/legalized/00_Case7_placement_legal.json,/mnt/d/WORK/96/flow_tap/benchmark/cases_hubump/Case7.json,0,/mnt/d/WORK/96/flow_tap/LayoutGenModel/logs/output/cases_hubump/selected-wsweep-Case7-t0p03-w0-case7sweep_20260918/seed_347930200/legalized/00_Case7_placement_legal_report.json
Case7_t0p03-w0p02_seed703339479.json,Case7,703339479,0.03,0.02,/mnt/d/WORK/96/flow_tap/LayoutGenModel/logs/output/cases_hubump/selected-wsweep-Case7-t0p03-w0p02-case7sweep_20260918/seed_703339479/legalized/00_Case7_placement_legal.json,/mnt/d/WORK/96/flow_tap/benchmark/cases_hubump/Case7.json,0,/mnt/d/WORK/96/flow_tap/LayoutGenModel/logs/output/cases_hubump/selected-wsweep-Case7-t0p03-w0p02-case7sweep_20260918/seed_703339479/legalized/00_Case7_placement_legal_report.json
Case7_t0p03-w0p02_seed1440521826.json,Case7,1440521826,0.03,0.02,/mnt/d/WORK/96/flow_tap/LayoutGenModel/logs/output/cases_hubump/selected-wsweep-Case7-t0p03-w0p02-case7sweep_20260918/seed_1440521826/legalized/00_Case7_placement_legal.json,/mnt/d/WORK/96/flow_tap/benchmark/cases_hubump/Case7.json,0,/mnt/d/WORK/96/flow_tap/LayoutGenModel/logs/output/cases_hubump/selected-wsweep-Case7-t0p03-w0p02-case7sweep_20260918/seed_1440521826/legalized/00_Case7_placement_legal_report.json
Case7_t0p03-w0p02_seed347930200.json,Case7,347930200,0.03,0.02,/mnt/d/WORK/96/flow_tap/LayoutGenModel/logs/output/cases_hubump/selected-wsweep-Case7-t0p03-w0p02-case7sweep_20260918/seed_347930200/legalized/00_Case7_placement_legal.json,/mnt/d/WORK/96/flow_tap/benchmark/cases_hubump/Case7.json,0,/mnt/d/WORK/96/flow_tap/LayoutGenModel/logs/output/cases_hubump/selected-wsweep-Case7-t0p03-w0p02-case7sweep_20260918/seed_347930200/legalized/00_Case7_placement_legal_report.json
Case7_t0p03-w0p2_seed703339479.json,Case7,703339479,0.03,0.2,/mnt/d/WORK/96/flow_tap/LayoutGenModel/logs/output/cases_hubump/selected-wsweep-Case7-t0p03-w0p2-case7sweep_20260918/seed_703339479/legalized/00_Case7_placement_legal.json,/mnt/d/WORK/96/flow_tap/benchmark/cases_hubump/Case7.json,0,/mnt/d/WORK/96/flow_tap/LayoutGenModel/logs/output/cases_hubump/selected-wsweep-Case7-t0p03-w0p2-case7sweep_20260918/seed_703339479/legalized/00_Case7_placement_legal_report.json
Case7_t0p03-w0p2_seed1440521826.json,Case7,1440521826,0.03,0.2,/mnt/d/WORK/96/flow_tap/LayoutGenModel/logs/output/cases_hubump/selected-wsweep-Case7-t0p03-w0p2-case7sweep_20260918/seed_1440521826/legalized/00_Case7_placement_legal.json,/mnt/d/WORK/96/flow_tap/benchmark/cases_hubump/Case7.json,0,/mnt/d/WORK/96/flow_tap/LayoutGenModel/logs/output/cases_hubump/selected-wsweep-Case7-t0p03-w0p2-case7sweep_20260918/seed_1440521826/legalized/00_Case7_placement_legal_report.json
Case7_t0p03-w0p2_seed347930200.json,Case7,347930200,0.03,0.2,/mnt/d/WORK/96/flow_tap/LayoutGenModel/logs/output/cases_hubump/selected-wsweep-Case7-t0p03-w0p2-case7sweep_20260918/seed_347930200/legalized/00_Case7_placement_legal.json,/mnt/d/WORK/96/flow_tap/benchmark/cases_hubump/Case7.json,0,/mnt/d/WORK/96/flow_tap/LayoutGenModel/logs/output/cases_hubump/selected-wsweep-Case7-t0p03-w0p2-case7sweep_20260918/seed_347930200/legalized/00_Case7_placement_legal_report.json
Case7_t0p03-w2_seed703339479.json,Case7,703339479,0.03,2,/mnt/d/WORK/96/flow_tap/LayoutGenModel/logs/output/cases_hubump/selected-wsweep-Case7-t0p03-w2-case7sweep_20260918/seed_703339479/legalized/00_Case7_placement_legal.json,/mnt/d/WORK/96/flow_tap/benchmark/cases_hubump/Case7.json,0,/mnt/d/WORK/96/flow_tap/LayoutGenModel/logs/output/cases_hubump/selected-wsweep-Case7-t0p03-w2-case7sweep_20260918/seed_703339479/legalized/00_Case7_placement_legal_report.json
Case7_t0p03-w2_seed1440521826.json,Case7,1440521826,0.03,2,/mnt/d/WORK/96/flow_tap/LayoutGenModel/logs/output/cases_hubump/selected-wsweep-Case7-t0p03-w2-case7sweep_20260918/seed_1440521826/legalized/00_Case7_placement_legal.json,/mnt/d/WORK/96/flow_tap/benchmark/cases_hubump/Case7.json,0,/mnt/d/WORK/96/flow_tap/LayoutGenModel/logs/output/cases_hubump/selected-wsweep-Case7-t0p03-w2-case7sweep_20260918/seed_1440521826/legalized/00_Case7_placement_legal_report.json
Case7_t0p03-w2_seed347930200.json,Case7,347930200,0.03,2,/mnt/d/WORK/96/flow_tap/LayoutGenModel/logs/output/cases_hubump/selected-wsweep-Case7-t0p03-w2-case7sweep_20260918/seed_347930200/legalized/00_Case7_placement_legal.json,/mnt/d/WORK/96/flow_tap/benchmark/cases_hubump/Case7.json,0,/mnt/d/WORK/96/flow_tap/LayoutGenModel/logs/output/cases_hubump/selected-wsweep-Case7-t0p03-w2-case7sweep_20260918/seed_347930200/legalized/00_Case7_placement_legal_report.json
Case7_t0p03-w50_seed1440521826.json,Case7,1440521826,0.03,50,/mnt/d/WORK/96/flow_tap/LayoutGenModel/logs/output/cases_hubump/selected-wsweep-Case7-t0p03-w50-case7sweep_20260918/seed_1440521826/legalized/00_Case7_placement_legal.json,/mnt/d/WORK/96/flow_tap/benchmark/cases_hubump/Case7.json,0,/mnt/d/WORK/96/flow_tap/LayoutGenModel/logs/output/cases_hubump/selected-wsweep-Case7-t0p03-w50-case7sweep_20260918/seed_1440521826/legalized/00_Case7_placement_legal_report.json
Case7_t0p03-w50_seed347930200.json,Case7,347930200,0.03,50,/mnt/d/WORK/96/flow_tap/LayoutGenModel/logs/output/cases_hubump/selected-wsweep-Case7-t0p03-w50-case7sweep_20260918/seed_347930200/legalized/00_Case7_placement_legal.json,/mnt/d/WORK/96/flow_tap/benchmark/cases_hubump/Case7.json,0,/mnt/d/WORK/96/flow_tap/LayoutGenModel/logs/output/cases_hubump/selected-wsweep-Case7-t0p03-w50-case7sweep_20260918/seed_347930200/legalized/00_Case7_placement_legal_report.json
Case7_t0p1-w0_seed703339479.json,Case7,703339479,0.1,0,/mnt/d/WORK/96/flow_tap/LayoutGenModel/logs/output/cases_hubump/selected-wsweep-Case7-t0p1-w0-case7sweep_20260918/seed_703339479/legalized/00_Case7_placement_legal.json,/mnt/d/WORK/96/flow_tap/benchmark/cases_hubump/Case7.json,0,/mnt/d/WORK/96/flow_tap/LayoutGenModel/logs/output/cases_hubump/selected-wsweep-Case7-t0p1-w0-case7sweep_20260918/seed_703339479/legalized/00_Case7_placement_legal_report.json
Case7_t0p1-w0_seed1440521826.json,Case7,1440521826,0.1,0,/mnt/d/WORK/96/flow_tap/LayoutGenModel/logs/output/cases_hubump/selected-wsweep-Case7-t0p1-w0-case7sweep_20260918/seed_1440521826/legalized/00_Case7_placement_legal.json,/mnt/d/WORK/96/flow_tap/benchmark/cases_hubump/Case7.json,0,/mnt/d/WORK/96/flow_tap/LayoutGenModel/logs/output/cases_hubump/selected-wsweep-Case7-t0p1-w0-case7sweep_20260918/seed_1440521826/legalized/00_Case7_placement_legal_report.json
Case7_t0p1-w0_seed347930200.json,Case7,347930200,0.1,0,/mnt/d/WORK/96/flow_tap/LayoutGenModel/logs/output/cases_hubump/selected-wsweep-Case7-t0p1-w0-case7sweep_20260918/seed_347930200/legalized/00_Case7_placement_legal.json,/mnt/d/WORK/96/flow_tap/benchmark/cases_hubump/Case7.json,0,/mnt/d/WORK/96/flow_tap/LayoutGenModel/logs/output/cases_hubump/selected-wsweep-Case7-t0p1-w0-case7sweep_20260918/seed_347930200/legalized/00_Case7_placement_legal_report.json
Case7_t0p1-w0p02_seed703339479.json,Case7,703339479,0.1,0.02,/mnt/d/WORK/96/flow_tap/LayoutGenModel/logs/output/cases_hubump/selected-wsweep-Case7-t0p1-w0p02-case7sweep_20260918/seed_703339479/legalized/00_Case7_placement_legal.json,/mnt/d/WORK/96/flow_tap/benchmark/cases_hubump/Case7.json,0,/mnt/d/WORK/96/flow_tap/LayoutGenModel/logs/output/cases_hubump/selected-wsweep-Case7-t0p1-w0p02-case7sweep_20260918/seed_703339479/legalized/00_Case7_placement_legal_report.json
Case7_t0p1-w0p02_seed1440521826.json,Case7,1440521826,0.1,0.02,/mnt/d/WORK/96/flow_tap/LayoutGenModel/logs/output/cases_hubump/selected-wsweep-Case7-t0p1-w0p02-case7sweep_20260918/seed_1440521826/legalized/00_Case7_placement_legal.json,/mnt/d/WORK/96/flow_tap/benchmark/cases_hubump/Case7.json,0,/mnt/d/WORK/96/flow_tap/LayoutGenModel/logs/output/cases_hubump/selected-wsweep-Case7-t0p1-w0p02-case7sweep_20260918/seed_1440521826/legalized/00_Case7_placement_legal_report.json
Case7_t0p1-w0p02_seed347930200.json,Case7,347930200,0.1,0.02,/mnt/d/WORK/96/flow_tap/LayoutGenModel/logs/output/cases_hubump/selected-wsweep-Case7-t0p1-w0p02-case7sweep_20260918/seed_347930200/legalized/00_Case7_placement_legal.json,/mnt/d/WORK/96/flow_tap/benchmark/cases_hubump/Case7.json,0,/mnt/d/WORK/96/flow_tap/LayoutGenModel/logs/output/cases_hubump/selected-wsweep-Case7-t0p1-w0p02-case7sweep_20260918/seed_347930200/legalized/00_Case7_placement_legal_report.json
Case7_t0p1-w0p2_seed703339479.json,Case7,703339479,0.1,0.2,/mnt/d/WORK/96/flow_tap/LayoutGenModel/logs/output/cases_hubump/selected-wsweep-Case7-t0p1-w0p2-case7sweep_20260918/seed_703339479/legalized/00_Case7_placement_legal.json,/mnt/d/WORK/96/flow_tap/benchmark/cases_hubump/Case7.json,0,/mnt/d/WORK/96/flow_tap/LayoutGenModel/logs/output/cases_hubump/selected-wsweep-Case7-t0p1-w0p2-case7sweep_20260918/seed_703339479/legalized/00_Case7_placement_legal_report.json
Case7_t0p1-w0p2_seed1440521826.json,Case7,1440521826,0.1,0.2,/mnt/d/WORK/96/flow_tap/LayoutGenModel/logs/output/cases_hubump/selected-wsweep-Case7-t0p1-w0p2-case7sweep_20260918/seed_1440521826/legalized/00_Case7_placement_legal.json,/mnt/d/WORK/96/flow_tap/benchmark/cases_hubump/Case7.json,0,/mnt/d/WORK/96/flow_tap/LayoutGenModel/logs/output/cases_hubump/selected-wsweep-Case7-t0p1-w0p2-case7sweep_20260918/seed_1440521826/legalized/00_Case7_placement_legal_report.json
Case7_t0p1-w0p2_seed347930200.json,Case7,347930200,0.1,0.2,/mnt/d/WORK/96/flow_tap/LayoutGenModel/logs/output/cases_hubump/selected-wsweep-Case7-t0p1-w0p2-case7sweep_20260918/seed_347930200/legalized/00_Case7_placement_legal.json,/mnt/d/WORK/96/flow_tap/benchmark/cases_hubump/Case7.json,0,/mnt/d/WORK/96/flow_tap/LayoutGenModel/logs/output/cases_hubump/selected-wsweep-Case7-t0p1-w0p2-case7sweep_20260918/seed_347930200/legalized/00_Case7_placement_legal_report.json
Case7_t0p1-w2_seed703339479.json,Case7,703339479,0.1,2,/mnt/d/WORK/96/flow_tap/LayoutGenModel/logs/output/cases_hubump/selected-wsweep-Case7-t0p1-w2-case7sweep_20260918/seed_703339479/legalized/00_Case7_placement_legal.json,/mnt/d/WORK/96/flow_tap/benchmark/cases_hubump/Case7.json,0,/mnt/d/WORK/96/flow_tap/LayoutGenModel/logs/output/cases_hubump/selected-wsweep-Case7-t0p1-w2-case7sweep_20260918/seed_703339479/legalized/00_Case7_placement_legal_report.json
Case7_t0p1-w2_seed1440521826.json,Case7,1440521826,0.1,2,/mnt/d/WORK/96/flow_tap/LayoutGenModel/logs/output/cases_hubump/selected-wsweep-Case7-t0p1-w2-case7sweep_20260918/seed_1440521826/legalized/00_Case7_placement_legal.json,/mnt/d/WORK/96/flow_tap/benchmark/cases_hubump/Case7.json,0,/mnt/d/WORK/96/flow_tap/LayoutGenModel/logs/output/cases_hubump/selected-wsweep-Case7-t0p1-w2-case7sweep_20260918/seed_1440521826/legalized/00_Case7_placement_legal_report.json
Case7_t0p1-w2_seed347930200.json,Case7,347930200,0.1,2,/mnt/d/WORK/96/flow_tap/LayoutGenModel/logs/output/cases_hubump/selected-wsweep-Case7-t0p1-w2-case7sweep_20260918/seed_347930200/legalized/00_Case7_placement_legal.json,/mnt/d/WORK/96/flow_tap/benchmark/cases_hubump/Case7.json,0,/mnt/d/WORK/96/flow_tap/LayoutGenModel/logs/output/cases_hubump/selected-wsweep-Case7-t0p1-w2-case7sweep_20260918/seed_347930200/legalized/00_Case7_placement_legal_report.json
Case7_t0p1-w50_seed703339479.json,Case7,703339479,0.1,50,/mnt/d/WORK/96/flow_tap/LayoutGenModel/logs/output/cases_hubump/selected-wsweep-Case7-t0p1-w50-case7sweep_20260918/seed_703339479/legalized/00_Case7_placement_legal.json,/mnt/d/WORK/96/flow_tap/benchmark/cases_hubump/Case7.json,0,/mnt/d/WORK/96/flow_tap/LayoutGenModel/logs/output/cases_hubump/selected-wsweep-Case7-t0p1-w50-case7sweep_20260918/seed_703339479/legalized/00_Case7_placement_legal_report.json
Case7_t0p1-w50_seed1440521826.json,Case7,1440521826,0.1,50,/mnt/d/WORK/96/flow_tap/LayoutGenModel/logs/output/cases_hubump/selected-wsweep-Case7-t0p1-w50-case7sweep_20260918/seed_1440521826/legalized/00_Case7_placement_legal.json,/mnt/d/WORK/96/flow_tap/benchmark/cases_hubump/Case7.json,0,/mnt/d/WORK/96/flow_tap/LayoutGenModel/logs/output/cases_hubump/selected-wsweep-Case7-t0p1-w50-case7sweep_20260918/seed_1440521826/legalized/00_Case7_placement_legal_report.json
Case7_t0p3-w0_seed703339479.json,Case7,703339479,0.3,0,/mnt/d/WORK/96/flow_tap/LayoutGenModel/logs/output/cases_hubump/selected-wsweep-Case7-t0p3-w0-case7sweep_20260918/seed_703339479/legalized/00_Case7_placement_legal.json,/mnt/d/WORK/96/flow_tap/benchmark/cases_hubump/Case7.json,0,/mnt/d/WORK/96/flow_tap/LayoutGenModel/logs/output/cases_hubump/selected-wsweep-Case7-t0p3-w0-case7sweep_20260918/seed_703339479/legalized/00_Case7_placement_legal_report.json
Case7_t0p3-w0_seed1440521826.json,Case7,1440521826,0.3,0,/mnt/d/WORK/96/flow_tap/LayoutGenModel/logs/output/cases_hubump/selected-wsweep-Case7-t0p3-w0-case7sweep_20260918/seed_1440521826/legalized/00_Case7_placement_legal.json,/mnt/d/WORK/96/flow_tap/benchmark/cases_hubump/Case7.json,0,/mnt/d/WORK/96/flow_tap/LayoutGenModel/logs/output/cases_hubump/selected-wsweep-Case7-t0p3-w0-case7sweep_20260918/seed_1440521826/legalized/00_Case7_placement_legal_report.json
Case7_t0p3-w0_seed347930200.json,Case7,347930200,0.3,0,/mnt/d/WORK/96/flow_tap/LayoutGenModel/logs/output/cases_hubump/selected-wsweep-Case7-t0p3-w0-case7sweep_20260918/seed_347930200/legalized/00_Case7_placement_legal.json,/mnt/d/WORK/96/flow_tap/benchmark/cases_hubump/Case7.json,0,/mnt/d/WORK/96/flow_tap/LayoutGenModel/logs/output/cases_hubump/selected-wsweep-Case7-t0p3-w0-case7sweep_20260918/seed_347930200/legalized/00_Case7_placement_legal_report.json
Case7_t0p3-w0p02_seed703339479.json,Case7,703339479,0.3,0.02,/mnt/d/WORK/96/flow_tap/LayoutGenModel/logs/output/cases_hubump/selected-wsweep-Case7-t0p3-w0p02-case7sweep_20260918/seed_703339479/legalized/00_Case7_placement_legal.json,/mnt/d/WORK/96/flow_tap/benchmark/cases_hubump/Case7.json,0,/mnt/d/WORK/96/flow_tap/LayoutGenModel/logs/output/cases_hubump/selected-wsweep-Case7-t0p3-w0p02-case7sweep_20260918/seed_703339479/legalized/00_Case7_placement_legal_report.json
Case7_t0p3-w0p02_seed1440521826.json,Case7,1440521826,0.3,0.02,/mnt/d/WORK/96/flow_tap/LayoutGenModel/logs/output/cases_hubump/selected-wsweep-Case7-t0p3-w0p02-case7sweep_20260918/seed_1440521826/legalized/00_Case7_placement_legal.json,/mnt/d/WORK/96/flow_tap/benchmark/cases_hubump/Case7.json,0,/mnt/d/WORK/96/flow_tap/LayoutGenModel/logs/output/cases_hubump/selected-wsweep-Case7-t0p3-w0p02-case7sweep_20260918/seed_1440521826/legalized/00_Case7_placement_legal_report.json
Case7_t0p3-w0p02_seed347930200.json,Case7,347930200,0.3,0.02,/mnt/d/WORK/96/flow_tap/LayoutGenModel/logs/output/cases_hubump/selected-wsweep-Case7-t0p3-w0p02-case7sweep_20260918/seed_347930200/legalized/00_Case7_placement_legal.json,/mnt/d/WORK/96/flow_tap/benchmark/cases_hubump/Case7.json,0,/mnt/d/WORK/96/flow_tap/LayoutGenModel/logs/output/cases_hubump/selected-wsweep-Case7-t0p3-w0p02-case7sweep_20260918/seed_347930200/legalized/00_Case7_placement_legal_report.json
Case7_t0p3-w0p2_seed703339479.json,Case7,703339479,0.3,0.2,/mnt/d/WORK/96/flow_tap/LayoutGenModel/logs/output/cases_hubump/selected-wsweep-Case7-t0p3-w0p2-case7sweep_20260918/seed_703339479/legalized/00_Case7_placement_legal.json,/mnt/d/WORK/96/flow_tap/benchmark/cases_hubump/Case7.json,0,/mnt/d/WORK/96/flow_tap/LayoutGenModel/logs/output/cases_hubump/selected-wsweep-Case7-t0p3-w0p2-case7sweep_20260918/seed_703339479/legalized/00_Case7_placement_legal_report.json
Case7_t0p3-w0p2_seed1440521826.json,Case7,1440521826,0.3,0.2,/mnt/d/WORK/96/flow_tap/LayoutGenModel/logs/output/cases_hubump/selected-wsweep-Case7-t0p3-w0p2-case7sweep_20260918/seed_1440521826/legalized/00_Case7_placement_legal.json,/mnt/d/WORK/96/flow_tap/benchmark/cases_hubump/Case7.json,0,/mnt/d/WORK/96/flow_tap/LayoutGenModel/logs/output/cases_hubump/selected-wsweep-Case7-t0p3-w0p2-case7sweep_20260918/seed_1440521826/legalized/00_Case7_placement_legal_report.json
Case7_t0p3-w0p2_seed347930200.json,Case7,347930200,0.3,0.2,/mnt/d/WORK/96/flow_tap/LayoutGenModel/logs/output/cases_hubump/selected-wsweep-Case7-t0p3-w0p2-case7sweep_20260918/seed_347930200/legalized/00_Case7_placement_legal.json,/mnt/d/WORK/96/flow_tap/benchmark/cases_hubump/Case7.json,0,/mnt/d/WORK/96/flow_tap/LayoutGenModel/logs/output/cases_hubump/selected-wsweep-Case7-t0p3-w0p2-case7sweep_20260918/seed_347930200/legalized/00_Case7_placement_legal_report.json
Case7_t0p3-w2_seed703339479.json,Case7,703339479,0.3,2,/mnt/d/WORK/96/flow_tap/LayoutGenModel/logs/output/cases_hubump/selected-wsweep-Case7-t0p3-w2-case7sweep_20260918/seed_703339479/legalized/00_Case7_placement_legal.json,/mnt/d/WORK/96/flow_tap/benchmark/cases_hubump/Case7.json,0,/mnt/d/WORK/96/flow_tap/LayoutGenModel/logs/output/cases_hubump/selected-wsweep-Case7-t0p3-w2-case7sweep_20260918/seed_703339479/legalized/00_Case7_placement_legal_report.json
Case7_t0p3-w2_seed347930200.json,Case7,347930200,0.3,2,/mnt/d/WORK/96/flow_tap/LayoutGenModel/logs/output/cases_hubump/selected-wsweep-Case7-t0p3-w2-case7sweep_20260918/seed_347930200/legalized/00_Case7_placement_legal.json,/mnt/d/WORK/96/flow_tap/benchmark/cases_hubump/Case7.json,0,/mnt/d/WORK/96/flow_tap/LayoutGenModel/logs/output/cases_hubump/selected-wsweep-Case7-t0p3-w2-case7sweep_20260918/seed_347930200/legalized/00_Case7_placement_legal_report.json
Case7_t0p3-w2_seed1440521826.json,Case7,1440521826,0.3,2,/mnt/d/WORK/96/flow_tap/LayoutGenModel/logs/output/cases_hubump/selected-wsweep-Case7-t0p3-w2-case7sweep_20260918/seed_1440521826/legalized/00_Case7_placement_legal.json,/mnt/d/WORK/96/flow_tap/benchmark/cases_hubump/Case7.json,0,/mnt/d/WORK/96/flow_tap/LayoutGenModel/logs/output/cases_hubump/selected-wsweep-Case7-t0p3-w2-case7sweep_20260918/seed_1440521826/legalized/00_Case7_placement_legal_report.json
Case7_t0p3-w50_seed703339479.json,Case7,703339479,0.3,50,/mnt/d/WORK/96/flow_tap/LayoutGenModel/logs/output/cases_hubump/selected-wsweep-Case7-t0p3-w50-case7sweep_20260918/seed_703339479/legalized/00_Case7_placement_legal.json,/mnt/d/WORK/96/flow_tap/benchmark/cases_hubump/Case7.json,0,/mnt/d/WORK/96/flow_tap/LayoutGenModel/logs/output/cases_hubump/selected-wsweep-Case7-t0p3-w50-case7sweep_20260918/seed_703339479/legalized/00_Case7_placement_legal_report.json
Case7_t0p3-w50_seed347930200.json,Case7,347930200,0.3,50,/mnt/d/WORK/96/flow_tap/LayoutGenModel/logs/output/cases_hubump/selected-wsweep-Case7-t0p3-w50-case7sweep_20260918/seed_347930200/legalized/00_Case7_placement_legal.json,/mnt/d/WORK/96/flow_tap/benchmark/cases_hubump/Case7.json,0,/mnt/d/WORK/96/flow_tap/LayoutGenModel/logs/output/cases_hubump/selected-wsweep-Case7-t0p3-w50-case7sweep_20260918/seed_347930200/legalized/00_Case7_placement_legal_report.json
Case7_t0p3-w50_seed1440521826.json,Case7,1440521826,0.3,50,/mnt/d/WORK/96/flow_tap/LayoutGenModel/logs/output/cases_hubump/selected-wsweep-Case7-t0p3-w50-case7sweep_20260918/seed_1440521826/legalized/00_Case7_placement_legal.json,/mnt/d/WORK/96/flow_tap/benchmark/cases_hubump/Case7.json,0,/mnt/d/WORK/96/flow_tap/LayoutGenModel/logs/output/cases_hubump/selected-wsweep-Case7-t0p3-w50-case7sweep_20260918/seed_1440521826/legalized/00_Case7_placement_legal_report.json
Case7_t1-w0_seed703339479.json,Case7,703339479,1,0,/mnt/d/WORK/96/flow_tap/LayoutGenModel/logs/output/cases_hubump/selected-wsweep-Case7-t1-w0-case7sweep_20260918/seed_703339479/legalized/00_Case7_placement_legal.json,/mnt/d/WORK/96/flow_tap/benchmark/cases_hubump/Case7.json,0,/mnt/d/WORK/96/flow_tap/LayoutGenModel/logs/output/cases_hubump/selected-wsweep-Case7-t1-w0-case7sweep_20260918/seed_703339479/legalized/00_Case7_placement_legal_report.json
Case7_t1-w0_seed1440521826.json,Case7,1440521826,1,0,/mnt/d/WORK/96/flow_tap/LayoutGenModel/logs/output/cases_hubump/selected-wsweep-Case7-t1-w0-case7sweep_20260918/seed_1440521826/legalized/00_Case7_placement_legal.json,/mnt/d/WORK/96/flow_tap/benchmark/cases_hubump/Case7.json,0,/mnt/d/WORK/96/flow_tap/LayoutGenModel/logs/output/cases_hubump/selected-wsweep-Case7-t1-w0-case7sweep_20260918/seed_1440521826/legalized/00_Case7_placement_legal_report.json
Case7_t1-w0_seed347930200.json,Case7,347930200,1,0,/mnt/d/WORK/96/flow_tap/LayoutGenModel/logs/output/cases_hubump/selected-wsweep-Case7-t1-w0-case7sweep_20260918/seed_347930200/legalized/00_Case7_placement_legal.json,/mnt/d/WORK/96/flow_tap/benchmark/cases_hubump/Case7.json,0,/mnt/d/WORK/96/flow_tap/LayoutGenModel/logs/output/cases_hubump/selected-wsweep-Case7-t1-w0-case7sweep_20260918/seed_347930200/legalized/00_Case7_placement_legal_report.json
Case7_t1-w0p02_seed703339479.json,Case7,703339479,1,0.02,/mnt/d/WORK/96/flow_tap/LayoutGenModel/logs/output/cases_hubump/selected-wsweep-Case7-t1-w0p02-case7sweep_20260918/seed_703339479/legalized/00_Case7_placement_legal.json,/mnt/d/WORK/96/flow_tap/benchmark/cases_hubump/Case7.json,0,/mnt/d/WORK/96/flow_tap/LayoutGenModel/logs/output/cases_hubump/selected-wsweep-Case7-t1-w0p02-case7sweep_20260918/seed_703339479/legalized/00_Case7_placement_legal_report.json
Case7_t1-w0p02_seed1440521826.json,Case7,1440521826,1,0.02,/mnt/d/WORK/96/flow_tap/LayoutGenModel/logs/output/cases_hubump/selected-wsweep-Case7-t1-w0p02-case7sweep_20260918/seed_1440521826/legalized/00_Case7_placement_legal.json,/mnt/d/WORK/96/flow_tap/benchmark/cases_hubump/Case7.json,0,/mnt/d/WORK/96/flow_tap/LayoutGenModel/logs/output/cases_hubump/selected-wsweep-Case7-t1-w0p02-case7sweep_20260918/seed_1440521826/legalized/00_Case7_placement_legal_report.json
Case7_t1-w0p02_seed347930200.json,Case7,347930200,1,0.02,/mnt/d/WORK/96/flow_tap/LayoutGenModel/logs/output/cases_hubump/selected-wsweep-Case7-t1-w0p02-case7sweep_20260918/seed_347930200/legalized/00_Case7_placement_legal.json,/mnt/d/WORK/96/flow_tap/benchmark/cases_hubump/Case7.json,0,/mnt/d/WORK/96/flow_tap/LayoutGenModel/logs/output/cases_hubump/selected-wsweep-Case7-t1-w0p02-case7sweep_20260918/seed_347930200/legalized/00_Case7_placement_legal_report.json
Case7_t1-w0p2_seed703339479.json,Case7,703339479,1,0.2,/mnt/d/WORK/96/flow_tap/LayoutGenModel/logs/output/cases_hubump/selected-wsweep-Case7-t1-w0p2-case7sweep_20260918/seed_703339479/legalized/00_Case7_placement_legal.json,/mnt/d/WORK/96/flow_tap/benchmark/cases_hubump/Case7.json,0,/mnt/d/WORK/96/flow_tap/LayoutGenModel/logs/output/cases_hubump/selected-wsweep-Case7-t1-w0p2-case7sweep_20260918/seed_703339479/legalized/00_Case7_placement_legal_report.json
Case7_t1-w0p2_seed1440521826.json,Case7,1440521826,1,0.2,/mnt/d/WORK/96/flow_tap/LayoutGenModel/logs/output/cases_hubump/selected-wsweep-Case7-t1-w0p2-case7sweep_20260918/seed_1440521826/legalized/00_Case7_placement_legal.json,/mnt/d/WORK/96/flow_tap/benchmark/cases_hubump/Case7.json,0,/mnt/d/WORK/96/flow_tap/LayoutGenModel/logs/output/cases_hubump/selected-wsweep-Case7-t1-w0p2-case7sweep_20260918/seed_1440521826/legalized/00_Case7_placement_legal_report.json
Case7_t1-w0p2_seed347930200.json,Case7,347930200,1,0.2,/mnt/d/WORK/96/flow_tap/LayoutGenModel/logs/output/cases_hubump/selected-wsweep-Case7-t1-w0p2-case7sweep_20260918/seed_347930200/legalized/00_Case7_placement_legal.json,/mnt/d/WORK/96/flow_tap/benchmark/cases_hubump/Case7.json,0,/mnt/d/WORK/96/flow_tap/LayoutGenModel/logs/output/cases_hubump/selected-wsweep-Case7-t1-w0p2-case7sweep_20260918/seed_347930200/legalized/00_Case7_placement_legal_report.json
Case7_t1-w2_seed703339479.json,Case7,703339479,1,2,/mnt/d/WORK/96/flow_tap/LayoutGenModel/logs/output/cases_hubump/selected-wsweep-Case7-t1-w2-case7sweep_20260918/seed_703339479/legalized/00_Case7_placement_legal.json,/mnt/d/WORK/96/flow_tap/benchmark/cases_hubump/Case7.json,0,/mnt/d/WORK/96/flow_tap/LayoutGenModel/logs/output/cases_hubump/selected-wsweep-Case7-t1-w2-case7sweep_20260918/seed_703339479/legalized/00_Case7_placement_legal_report.json
Case7_t1-w2_seed1440521826.json,Case7,1440521826,1,2,/mnt/d/WORK/96/flow_tap/LayoutGenModel/logs/output/cases_hubump/selected-wsweep-Case7-t1-w2-case7sweep_20260918/seed_1440521826/legalized/00_Case7_placement_legal.json,/mnt/d/WORK/96/flow_tap/benchmark/cases_hubump/Case7.json,0,/mnt/d/WORK/96/flow_tap/LayoutGenModel/logs/output/cases_hubump/selected-wsweep-Case7-t1-w2-case7sweep_20260918/seed_1440521826/legalized/00_Case7_placement_legal_report.json
Case7_t1-w2_seed347930200.json,Case7,347930200,1,2,/mnt/d/WORK/96/flow_tap/LayoutGenModel/logs/output/cases_hubump/selected-wsweep-Case7-t1-w2-case7sweep_20260918/seed_347930200/legalized/00_Case7_placement_legal.json,/mnt/d/WORK/96/flow_tap/benchmark/cases_hubump/Case7.json,0,/mnt/d/WORK/96/flow_tap/LayoutGenModel/logs/output/cases_hubump/selected-wsweep-Case7-t1-w2-case7sweep_20260918/seed_347930200/legalized/00_Case7_placement_legal_report.json
Case7_t1-w50_seed1440521826.json,Case7,1440521826,1,50,/mnt/d/WORK/96/flow_tap/LayoutGenModel/logs/output/cases_hubump/selected-wsweep-Case7-t1-w50-case7sweep_20260918/seed_1440521826/legalized/00_Case7_placement_legal.json,/mnt/d/WORK/96/flow_tap/benchmark/cases_hubump/Case7.json,0,/mnt/d/WORK/96/flow_tap/LayoutGenModel/logs/output/cases_hubump/selected-wsweep-Case7-t1-w50-case7sweep_20260918/seed_1440521826/legalized/00_Case7_placement_legal_report.json
Case7_t1-w50_seed347930200.json,Case7,347930200,1,50,/mnt/d/WORK/96/flow_tap/LayoutGenModel/logs/output/cases_hubump/selected-wsweep-Case7-t1-w50-case7sweep_20260918/seed_347930200/legalized/00_Case7_placement_legal.json,/mnt/d/WORK/96/flow_tap/benchmark/cases_hubump/Case7.json,0,/mnt/d/WORK/96/flow_tap/LayoutGenModel/logs/output/cases_hubump/selected-wsweep-Case7-t1-w50-case7sweep_20260918/seed_347930200/legalized/00_Case7_placement_legal_report.json
Case7_t3-w0_seed703339479.json,Case7,703339479,3,0,/mnt/d/WORK/96/flow_tap/LayoutGenModel/logs/output/cases_hubump/selected-wsweep-Case7-t3-w0-case7sweep_20260918/seed_703339479/legalized/00_Case7_placement_legal.json,/mnt/d/WORK/96/flow_tap/benchmark/cases_hubump/Case7.json,0,/mnt/d/WORK/96/flow_tap/LayoutGenModel/logs/output/cases_hubump/selected-wsweep-Case7-t3-w0-case7sweep_20260918/seed_703339479/legalized/00_Case7_placement_legal_report.json
Case7_t3-w0_seed1440521826.json,Case7,1440521826,3,0,/mnt/d/WORK/96/flow_tap/LayoutGenModel/logs/output/cases_hubump/selected-wsweep-Case7-t3-w0-case7sweep_20260918/seed_1440521826/legalized/00_Case7_placement_legal.json,/mnt/d/WORK/96/flow_tap/benchmark/cases_hubump/Case7.json,0,/mnt/d/WORK/96/flow_tap/LayoutGenModel/logs/output/cases_hubump/selected-wsweep-Case7-t3-w0-case7sweep_20260918/seed_1440521826/legalized/00_Case7_placement_legal_report.json
Case7_t3-w0_seed347930200.json,Case7,347930200,3,0,/mnt/d/WORK/96/flow_tap/LayoutGenModel/logs/output/cases_hubump/selected-wsweep-Case7-t3-w0-case7sweep_20260918/seed_347930200/legalized/00_Case7_placement_legal.json,/mnt/d/WORK/96/flow_tap/benchmark/cases_hubump/Case7.json,0,/mnt/d/WORK/96/flow_tap/LayoutGenModel/logs/output/cases_hubump/selected-wsweep-Case7-t3-w0-case7sweep_20260918/seed_347930200/legalized/00_Case7_placement_legal_report.json
Case7_t3-w0p02_seed1440521826.json,Case7,1440521826,3,0.02,/mnt/d/WORK/96/flow_tap/LayoutGenModel/logs/output/cases_hubump/selected-wsweep-Case7-t3-w0p02-case7sweep_20260918/seed_1440521826/legalized/00_Case7_placement_legal.json,/mnt/d/WORK/96/flow_tap/benchmark/cases_hubump/Case7.json,0,/mnt/d/WORK/96/flow_tap/LayoutGenModel/logs/output/cases_hubump/selected-wsweep-Case7-t3-w0p02-case7sweep_20260918/seed_1440521826/legalized/00_Case7_placement_legal_report.json
Case7_t3-w0p02_seed703339479.json,Case7,703339479,3,0.02,/mnt/d/WORK/96/flow_tap/LayoutGenModel/logs/output/cases_hubump/selected-wsweep-Case7-t3-w0p02-case7sweep_20260918/seed_703339479/legalized/00_Case7_placement_legal.json,/mnt/d/WORK/96/flow_tap/benchmark/cases_hubump/Case7.json,0,/mnt/d/WORK/96/flow_tap/LayoutGenModel/logs/output/cases_hubump/selected-wsweep-Case7-t3-w0p02-case7sweep_20260918/seed_703339479/legalized/00_Case7_placement_legal_report.json
Case7_t3-w0p02_seed347930200.json,Case7,347930200,3,0.02,/mnt/d/WORK/96/flow_tap/LayoutGenModel/logs/output/cases_hubump/selected-wsweep-Case7-t3-w0p02-case7sweep_20260918/seed_347930200/legalized/00_Case7_placement_legal.json,/mnt/d/WORK/96/flow_tap/benchmark/cases_hubump/Case7.json,0,/mnt/d/WORK/96/flow_tap/LayoutGenModel/logs/output/cases_hubump/selected-wsweep-Case7-t3-w0p02-case7sweep_20260918/seed_347930200/legalized/00_Case7_placement_legal_report.json
Case7_t3-w0p2_seed1440521826.json,Case7,1440521826,3,0.2,/mnt/d/WORK/96/flow_tap/LayoutGenModel/logs/output/cases_hubump/selected-wsweep-Case7-t3-w0p2-case7sweep_20260918/seed_1440521826/legalized/00_Case7_placement_legal.json,/mnt/d/WORK/96/flow_tap/benchmark/cases_hubump/Case7.json,0,/mnt/d/WORK/96/flow_tap/LayoutGenModel/logs/output/cases_hubump/selected-wsweep-Case7-t3-w0p2-case7sweep_20260918/seed_1440521826/legalized/00_Case7_placement_legal_report.json
Case7_t3-w0p2_seed703339479.json,Case7,703339479,3,0.2,/mnt/d/WORK/96/flow_tap/LayoutGenModel/logs/output/cases_hubump/selected-wsweep-Case7-t3-w0p2-case7sweep_20260918/seed_703339479/legalized/00_Case7_placement_legal.json,/mnt/d/WORK/96/flow_tap/benchmark/cases_hubump/Case7.json,0,/mnt/d/WORK/96/flow_tap/LayoutGenModel/logs/output/cases_hubump/selected-wsweep-Case7-t3-w0p2-case7sweep_20260918/seed_703339479/legalized/00_Case7_placement_legal_report.json
Case7_t3-w0p2_seed347930200.json,Case7,347930200,3,0.2,/mnt/d/WORK/96/flow_tap/LayoutGenModel/logs/output/cases_hubump/selected-wsweep-Case7-t3-w0p2-case7sweep_20260918/seed_347930200/legalized/00_Case7_placement_legal.json,/mnt/d/WORK/96/flow_tap/benchmark/cases_hubump/Case7.json,0,/mnt/d/WORK/96/flow_tap/LayoutGenModel/logs/output/cases_hubump/selected-wsweep-Case7-t3-w0p2-case7sweep_20260918/seed_347930200/legalized/00_Case7_placement_legal_report.json
Case7_t3-w2_seed703339479.json,Case7,703339479,3,2,/mnt/d/WORK/96/flow_tap/LayoutGenModel/logs/output/cases_hubump/selected-wsweep-Case7-t3-w2-case7sweep_20260918/seed_703339479/legalized/00_Case7_placement_legal.json,/mnt/d/WORK/96/flow_tap/benchmark/cases_hubump/Case7.json,0,/mnt/d/WORK/96/flow_tap/LayoutGenModel/logs/output/cases_hubump/selected-wsweep-Case7-t3-w2-case7sweep_20260918/seed_703339479/legalized/00_Case7_placement_legal_report.json
Case7_t3-w2_seed347930200.json,Case7,347930200,3,2,/mnt/d/WORK/96/flow_tap/LayoutGenModel/logs/output/cases_hubump/selected-wsweep-Case7-t3-w2-case7sweep_20260918/seed_347930200/legalized/00_Case7_placement_legal.json,/mnt/d/WORK/96/flow_tap/benchmark/cases_hubump/Case7.json,0,/mnt/d/WORK/96/flow_tap/LayoutGenModel/logs/output/cases_hubump/selected-wsweep-Case7-t3-w2-case7sweep_20260918/seed_347930200/legalized/00_Case7_placement_legal_report.json
Case7_t3-w2_seed1440521826.json,Case7,1440521826,3,2,/mnt/d/WORK/96/flow_tap/LayoutGenModel/logs/output/cases_hubump/selected-wsweep-Case7-t3-w2-case7sweep_20260918/seed_1440521826/legalized/00_Case7_placement_legal.json,/mnt/d/WORK/96/flow_tap/benchmark/cases_hubump/Case7.json,0,/mnt/d/WORK/96/flow_tap/LayoutGenModel/logs/output/cases_hubump/selected-wsweep-Case7-t3-w2-case7sweep_20260918/seed_1440521826/legalized/00_Case7_placement_legal_report.json
Case7_t3-w50_seed703339479.json,Case7,703339479,3,50,/mnt/d/WORK/96/flow_tap/LayoutGenModel/logs/output/cases_hubump/selected-wsweep-Case7-t3-w50-case7sweep_20260918/seed_703339479/legalized/00_Case7_placement_legal.json,/mnt/d/WORK/96/flow_tap/benchmark/cases_hubump/Case7.json,0,/mnt/d/WORK/96/flow_tap/LayoutGenModel/logs/output/cases_hubump/selected-wsweep-Case7-t3-w50-case7sweep_20260918/seed_703339479/legalized/00_Case7_placement_legal_report.json
Case7_t3-w50_seed347930200.json,Case7,347930200,3,50,/mnt/d/WORK/96/flow_tap/LayoutGenModel/logs/output/cases_hubump/selected-wsweep-Case7-t3-w50-case7sweep_20260918/seed_347930200/legalized/00_Case7_placement_legal.json,/mnt/d/WORK/96/flow_tap/benchmark/cases_hubump/Case7.json,0,/mnt/d/WORK/96/flow_tap/LayoutGenModel/logs/output/cases_hubump/selected-wsweep-Case7-t3-w50-case7sweep_20260918/seed_347930200/legalized/00_Case7_placement_legal_report.json
Case7_t3-w50_seed1440521826.json,Case7,1440521826,3,50,/mnt/d/WORK/96/flow_tap/LayoutGenModel/logs/output/cases_hubump/selected-wsweep-Case7-t3-w50-case7sweep_20260918/seed_1440521826/legalized/00_Case7_placement_legal.json,/mnt/d/WORK/96/flow_tap/benchmark/cases_hubump/Case7.json,0,/mnt/d/WORK/96/flow_tap/LayoutGenModel/logs/output/cases_hubump/selected-wsweep-Case7-t3-w50-case7sweep_20260918/seed_1440521826/legalized/00_Case7_placement_legal_report.json
Case7_t10-w0_seed703339479.json,Case7,703339479,10,0,/mnt/d/WORK/96/flow_tap/LayoutGenModel/logs/output/cases_hubump/selected-wsweep-Case7-t10-w0-case7sweep_20260918/seed_703339479/legalized/00_Case7_placement_legal.json,/mnt/d/WORK/96/flow_tap/benchmark/cases_hubump/Case7.json,0,/mnt/d/WORK/96/flow_tap/LayoutGenModel/logs/output/cases_hubump/selected-wsweep-Case7-t10-w0-case7sweep_20260918/seed_703339479/legalized/00_Case7_placement_legal_report.json
Case7_t10-w0_seed1440521826.json,Case7,1440521826,10,0,/mnt/d/WORK/96/flow_tap/LayoutGenModel/logs/output/cases_hubump/selected-wsweep-Case7-t10-w0-case7sweep_20260918/seed_1440521826/legalized/00_Case7_placement_legal.json,/mnt/d/WORK/96/flow_tap/benchmark/cases_hubump/Case7.json,0,/mnt/d/WORK/96/flow_tap/LayoutGenModel/logs/output/cases_hubump/selected-wsweep-Case7-t10-w0-case7sweep_20260918/seed_1440521826/legalized/00_Case7_placement_legal_report.json
Case7_t10-w0_seed347930200.json,Case7,347930200,10,0,/mnt/d/WORK/96/flow_tap/LayoutGenModel/logs/output/cases_hubump/selected-wsweep-Case7-t10-w0-case7sweep_20260918/seed_347930200/legalized/00_Case7_placement_legal.json,/mnt/d/WORK/96/flow_tap/benchmark/cases_hubump/Case7.json,0,/mnt/d/WORK/96/flow_tap/LayoutGenModel/logs/output/cases_hubump/selected-wsweep-Case7-t10-w0-case7sweep_20260918/seed_347930200/legalized/00_Case7_placement_legal_report.json
Case7_t10-w0p02_seed703339479.json,Case7,703339479,10,0.02,/mnt/d/WORK/96/flow_tap/LayoutGenModel/logs/output/cases_hubump/selected-wsweep-Case7-t10-w0p02-case7sweep_20260918/seed_703339479/legalized/00_Case7_placement_legal.json,/mnt/d/WORK/96/flow_tap/benchmark/cases_hubump/Case7.json,0,/mnt/d/WORK/96/flow_tap/LayoutGenModel/logs/output/cases_hubump/selected-wsweep-Case7-t10-w0p02-case7sweep_20260918/seed_703339479/legalized/00_Case7_placement_legal_report.json
Case7_t10-w0p02_seed1440521826.json,Case7,1440521826,10,0.02,/mnt/d/WORK/96/flow_tap/LayoutGenModel/logs/output/cases_hubump/selected-wsweep-Case7-t10-w0p02-case7sweep_20260918/seed_1440521826/legalized/00_Case7_placement_legal.json,/mnt/d/WORK/96/flow_tap/benchmark/cases_hubump/Case7.json,0,/mnt/d/WORK/96/flow_tap/LayoutGenModel/logs/output/cases_hubump/selected-wsweep-Case7-t10-w0p02-case7sweep_20260918/seed_1440521826/legalized/00_Case7_placement_legal_report.json
Case7_t10-w0p02_seed347930200.json,Case7,347930200,10,0.02,/mnt/d/WORK/96/flow_tap/LayoutGenModel/logs/output/cases_hubump/selected-wsweep-Case7-t10-w0p02-case7sweep_20260918/seed_347930200/legalized/00_Case7_placement_legal.json,/mnt/d/WORK/96/flow_tap/benchmark/cases_hubump/Case7.json,0,/mnt/d/WORK/96/flow_tap/LayoutGenModel/logs/output/cases_hubump/selected-wsweep-Case7-t10-w0p02-case7sweep_20260918/seed_347930200/legalized/00_Case7_placement_legal_report.json
Case7_t10-w0p2_seed703339479.json,Case7,703339479,10,0.2,/mnt/d/WORK/96/flow_tap/LayoutGenModel/logs/output/cases_hubump/selected-wsweep-Case7-t10-w0p2-case7sweep_20260918/seed_703339479/legalized/00_Case7_placement_legal.json,/mnt/d/WORK/96/flow_tap/benchmark/cases_hubump/Case7.json,0,/mnt/d/WORK/96/flow_tap/LayoutGenModel/logs/output/cases_hubump/selected-wsweep-Case7-t10-w0p2-case7sweep_20260918/seed_703339479/legalized/00_Case7_placement_legal_report.json
Case7_t10-w0p2_seed1440521826.json,Case7,1440521826,10,0.2,/mnt/d/WORK/96/flow_tap/LayoutGenModel/logs/output/cases_hubump/selected-wsweep-Case7-t10-w0p2-case7sweep_20260918/seed_1440521826/legalized/00_Case7_placement_legal.json,/mnt/d/WORK/96/flow_tap/benchmark/cases_hubump/Case7.json,0,/mnt/d/WORK/96/flow_tap/LayoutGenModel/logs/output/cases_hubump/selected-wsweep-Case7-t10-w0p2-case7sweep_20260918/seed_1440521826/legalized/00_Case7_placement_legal_report.json
Case7_t10-w0p2_seed347930200.json,Case7,347930200,10,0.2,/mnt/d/WORK/96/flow_tap/LayoutGenModel/logs/output/cases_hubump/selected-wsweep-Case7-t10-w0p2-case7sweep_20260918/seed_347930200/legalized/00_Case7_placement_legal.json,/mnt/d/WORK/96/flow_tap/benchmark/cases_hubump/Case7.json,0,/mnt/d/WORK/96/flow_tap/LayoutGenModel/logs/output/cases_hubump/selected-wsweep-Case7-t10-w0p2-case7sweep_20260918/seed_347930200/legalized/00_Case7_placement_legal_report.json
Case7_t10-w2_seed703339479.json,Case7,703339479,10,2,/mnt/d/WORK/96/flow_tap/LayoutGenModel/logs/output/cases_hubump/selected-wsweep-Case7-t10-w2-case7sweep_20260918/seed_703339479/legalized/00_Case7_placement_legal.json,/mnt/d/WORK/96/flow_tap/benchmark/cases_hubump/Case7.json,0,/mnt/d/WORK/96/flow_tap/LayoutGenModel/logs/output/cases_hubump/selected-wsweep-Case7-t10-w2-case7sweep_20260918/seed_703339479/legalized/00_Case7_placement_legal_report.json
Case7_t10-w2_seed1440521826.json,Case7,1440521826,10,2,/mnt/d/WORK/96/flow_tap/LayoutGenModel/logs/output/cases_hubump/selected-wsweep-Case7-t10-w2-case7sweep_20260918/seed_1440521826/legalized/00_Case7_placement_legal.json,/mnt/d/WORK/96/flow_tap/benchmark/cases_hubump/Case7.json,0,/mnt/d/WORK/96/flow_tap/LayoutGenModel/logs/output/cases_hubump/selected-wsweep-Case7-t10-w2-case7sweep_20260918/seed_1440521826/legalized/00_Case7_placement_legal_report.json
Case7_t10-w2_seed347930200.json,Case7,347930200,10,2,/mnt/d/WORK/96/flow_tap/LayoutGenModel/logs/output/cases_hubump/selected-wsweep-Case7-t10-w2-case7sweep_20260918/seed_347930200/legalized/00_Case7_placement_legal.json,/mnt/d/WORK/96/flow_tap/benchmark/cases_hubump/Case7.json,0,/mnt/d/WORK/96/flow_tap/LayoutGenModel/logs/output/cases_hubump/selected-wsweep-Case7-t10-w2-case7sweep_20260918/seed_347930200/legalized/00_Case7_placement_legal_report.json
Case7_t10-w50_seed703339479.json,Case7,703339479,10,50,/mnt/d/WORK/96/flow_tap/LayoutGenModel/logs/output/cases_hubump/selected-wsweep-Case7-t10-w50-case7sweep_20260918/seed_703339479/legalized/00_Case7_placement_legal.json,/mnt/d/WORK/96/flow_tap/benchmark/cases_hubump/Case7.json,0,/mnt/d/WORK/96/flow_tap/LayoutGenModel/logs/output/cases_hubump/selected-wsweep-Case7-t10-w50-case7sweep_20260918/seed_703339479/legalized/00_Case7_placement_legal_report.json
Case7_t10-w50_seed347930200.json,Case7,347930200,10,50,/mnt/d/WORK/96/flow_tap/LayoutGenModel/logs/output/cases_hubump/selected-wsweep-Case7-t10-w50-case7sweep_20260918/seed_347930200/legalized/00_Case7_placement_legal.json,/mnt/d/WORK/96/flow_tap/benchmark/cases_hubump/Case7.json,0,/mnt/d/WORK/96/flow_tap/LayoutGenModel/logs/output/cases_hubump/selected-wsweep-Case7-t10-w50-case7sweep_20260918/seed_347930200/legalized/00_Case7_placement_legal_report.json
Case7_t10-w50_seed1440521826.json,Case7,1440521826,10,50,/mnt/d/WORK/96/flow_tap/LayoutGenModel/logs/output/cases_hubump/selected-wsweep-Case7-t10-w50-case7sweep_20260918/seed_1440521826/legalized/00_Case7_placement_legal.json,/mnt/d/WORK/96/flow_tap/benchmark/cases_hubump/Case7.json,0,/mnt/d/WORK/96/flow_tap/LayoutGenModel/logs/output/cases_hubump/selected-wsweep-Case7-t10-w50-case7sweep_20260918/seed_1440521826/legalized/00_Case7_placement_legal_report.json
Case7_t30-w0_seed703339479.json,Case7,703339479,30,0,/mnt/d/WORK/96/flow_tap/LayoutGenModel/logs/output/cases_hubump/selected-wsweep-Case7-t30-w0-case7sweep_20260918/seed_703339479/legalized/00_Case7_placement_legal.json,/mnt/d/WORK/96/flow_tap/benchmark/cases_hubump/Case7.json,0,/mnt/d/WORK/96/flow_tap/LayoutGenModel/logs/output/cases_hubump/selected-wsweep-Case7-t30-w0-case7sweep_20260918/seed_703339479/legalized/00_Case7_placement_legal_report.json
Case7_t30-w0_seed1440521826.json,Case7,1440521826,30,0,/mnt/d/WORK/96/flow_tap/LayoutGenModel/logs/output/cases_hubump/selected-wsweep-Case7-t30-w0-case7sweep_20260918/seed_1440521826/legalized/00_Case7_placement_legal.json,/mnt/d/WORK/96/flow_tap/benchmark/cases_hubump/Case7.json,0,/mnt/d/WORK/96/flow_tap/LayoutGenModel/logs/output/cases_hubump/selected-wsweep-Case7-t30-w0-case7sweep_20260918/seed_1440521826/legalized/00_Case7_placement_legal_report.json
Case7_t30-w0_seed347930200.json,Case7,347930200,30,0,/mnt/d/WORK/96/flow_tap/LayoutGenModel/logs/output/cases_hubump/selected-wsweep-Case7-t30-w0-case7sweep_20260918/seed_347930200/legalized/00_Case7_placement_legal.json,/mnt/d/WORK/96/flow_tap/benchmark/cases_hubump/Case7.json,0,/mnt/d/WORK/96/flow_tap/LayoutGenModel/logs/output/cases_hubump/selected-wsweep-Case7-t30-w0-case7sweep_20260918/seed_347930200/legalized/00_Case7_placement_legal_report.json
Case7_t30-w0p02_seed703339479.json,Case7,703339479,30,0.02,/mnt/d/WORK/96/flow_tap/LayoutGenModel/logs/output/cases_hubump/selected-wsweep-Case7-t30-w0p02-case7sweep_20260918/seed_703339479/legalized/00_Case7_placement_legal.json,/mnt/d/WORK/96/flow_tap/benchmark/cases_hubump/Case7.json,0,/mnt/d/WORK/96/flow_tap/LayoutGenModel/logs/output/cases_hubump/selected-wsweep-Case7-t30-w0p02-case7sweep_20260918/seed_703339479/legalized/00_Case7_placement_legal_report.json
Case7_t30-w0p02_seed347930200.json,Case7,347930200,30,0.02,/mnt/d/WORK/96/flow_tap/LayoutGenModel/logs/output/cases_hubump/selected-wsweep-Case7-t30-w0p02-case7sweep_20260918/seed_347930200/legalized/00_Case7_placement_legal.json,/mnt/d/WORK/96/flow_tap/benchmark/cases_hubump/Case7.json,0,/mnt/d/WORK/96/flow_tap/LayoutGenModel/logs/output/cases_hubump/selected-wsweep-Case7-t30-w0p02-case7sweep_20260918/seed_347930200/legalized/00_Case7_placement_legal_report.json
Case7_t30-w0p02_seed1440521826.json,Case7,1440521826,30,0.02,/mnt/d/WORK/96/flow_tap/LayoutGenModel/logs/output/cases_hubump/selected-wsweep-Case7-t30-w0p02-case7sweep_20260918/seed_1440521826/legalized/00_Case7_placement_legal.json,/mnt/d/WORK/96/flow_tap/benchmark/cases_hubump/Case7.json,0,/mnt/d/WORK/96/flow_tap/LayoutGenModel/logs/output/cases_hubump/selected-wsweep-Case7-t30-w0p02-case7sweep_20260918/seed_1440521826/legalized/00_Case7_placement_legal_report.json
Case7_t30-w0p2_seed703339479.json,Case7,703339479,30,0.2,/mnt/d/WORK/96/flow_tap/LayoutGenModel/logs/output/cases_hubump/selected-wsweep-Case7-t30-w0p2-case7sweep_20260918/seed_703339479/legalized/00_Case7_placement_legal.json,/mnt/d/WORK/96/flow_tap/benchmark/cases_hubump/Case7.json,0,/mnt/d/WORK/96/flow_tap/LayoutGenModel/logs/output/cases_hubump/selected-wsweep-Case7-t30-w0p2-case7sweep_20260918/seed_703339479/legalized/00_Case7_placement_legal_report.json
Case7_t30-w0p2_seed1440521826.json,Case7,1440521826,30,0.2,/mnt/d/WORK/96/flow_tap/LayoutGenModel/logs/output/cases_hubump/selected-wsweep-Case7-t30-w0p2-case7sweep_20260918/seed_1440521826/legalized/00_Case7_placement_legal.json,/mnt/d/WORK/96/flow_tap/benchmark/cases_hubump/Case7.json,0,/mnt/d/WORK/96/flow_tap/LayoutGenModel/logs/output/cases_hubump/selected-wsweep-Case7-t30-w0p2-case7sweep_20260918/seed_1440521826/legalized/00_Case7_placement_legal_report.json
Case7_t30-w0p2_seed347930200.json,Case7,347930200,30,0.2,/mnt/d/WORK/96/flow_tap/LayoutGenModel/logs/output/cases_hubump/selected-wsweep-Case7-t30-w0p2-case7sweep_20260918/seed_347930200/legalized/00_Case7_placement_legal.json,/mnt/d/WORK/96/flow_tap/benchmark/cases_hubump/Case7.json,0,/mnt/d/WORK/96/flow_tap/LayoutGenModel/logs/output/cases_hubump/selected-wsweep-Case7-t30-w0p2-case7sweep_20260918/seed_347930200/legalized/00_Case7_placement_legal_report.json
Case7_t30-w2_seed703339479.json,Case7,703339479,30,2,/mnt/d/WORK/96/flow_tap/LayoutGenModel/logs/output/cases_hubump/selected-wsweep-Case7-t30-w2-case7sweep_20260918/seed_703339479/legalized/00_Case7_placement_legal.json,/mnt/d/WORK/96/flow_tap/benchmark/cases_hubump/Case7.json,0,/mnt/d/WORK/96/flow_tap/LayoutGenModel/logs/output/cases_hubump/selected-wsweep-Case7-t30-w2-case7sweep_20260918/seed_703339479/legalized/00_Case7_placement_legal_report.json
Case7_t30-w2_seed1440521826.json,Case7,1440521826,30,2,/mnt/d/WORK/96/flow_tap/LayoutGenModel/logs/output/cases_hubump/selected-wsweep-Case7-t30-w2-case7sweep_20260918/seed_1440521826/legalized/00_Case7_placement_legal.json,/mnt/d/WORK/96/flow_tap/benchmark/cases_hubump/Case7.json,0,/mnt/d/WORK/96/flow_tap/LayoutGenModel/logs/output/cases_hubump/selected-wsweep-Case7-t30-w2-case7sweep_20260918/seed_1440521826/legalized/00_Case7_placement_legal_report.json
Case7_t30-w2_seed347930200.json,Case7,347930200,30,2,/mnt/d/WORK/96/flow_tap/LayoutGenModel/logs/output/cases_hubump/selected-wsweep-Case7-t30-w2-case7sweep_20260918/seed_347930200/legalized/00_Case7_placement_legal.json,/mnt/d/WORK/96/flow_tap/benchmark/cases_hubump/Case7.json,0,/mnt/d/WORK/96/flow_tap/LayoutGenModel/logs/output/cases_hubump/selected-wsweep-Case7-t30-w2-case7sweep_20260918/seed_347930200/legalized/00_Case7_placement_legal_report.json
Case7_t30-w50_seed703339479.json,Case7,703339479,30,50,/mnt/d/WORK/96/flow_tap/LayoutGenModel/logs/output/cases_hubump/selected-wsweep-Case7-t30-w50-case7sweep_20260918/seed_703339479/legalized/00_Case7_placement_legal.json,/mnt/d/WORK/96/flow_tap/benchmark/cases_hubump/Case7.json,0,/mnt/d/WORK/96/flow_tap/LayoutGenModel/logs/output/cases_hubump/selected-wsweep-Case7-t30-w50-case7sweep_20260918/seed_703339479/legalized/00_Case7_placement_legal_report.json
Case7_t30-w50_seed1440521826.json,Case7,1440521826,30,50,/mnt/d/WORK/96/flow_tap/LayoutGenModel/logs/output/cases_hubump/selected-wsweep-Case7-t30-w50-case7sweep_20260918/seed_1440521826/legalized/00_Case7_placement_legal.json,/mnt/d/WORK/96/flow_tap/benchmark/cases_hubump/Case7.json,0,/mnt/d/WORK/96/flow_tap/LayoutGenModel/logs/output/cases_hubump/selected-wsweep-Case7-t30-w50-case7sweep_20260918/seed_1440521826/legalized/00_Case7_placement_legal_report.json
Case7_t100-w0_seed703339479.json,Case7,703339479,100,0,/mnt/d/WORK/96/flow_tap/LayoutGenModel/logs/output/cases_hubump/selected-wsweep-Case7-t100-w0-case7sweep_20260918/seed_703339479/legalized/00_Case7_placement_legal.json,/mnt/d/WORK/96/flow_tap/benchmark/cases_hubump/Case7.json,0,/mnt/d/WORK/96/flow_tap/LayoutGenModel/logs/output/cases_hubump/selected-wsweep-Case7-t100-w0-case7sweep_20260918/seed_703339479/legalized/00_Case7_placement_legal_report.json
Case7_t100-w0_seed347930200.json,Case7,347930200,100,0,/mnt/d/WORK/96/flow_tap/LayoutGenModel/logs/output/cases_hubump/selected-wsweep-Case7-t100-w0-case7sweep_20260918/seed_347930200/legalized/00_Case7_placement_legal.json,/mnt/d/WORK/96/flow_tap/benchmark/cases_hubump/Case7.json,0,/mnt/d/WORK/96/flow_tap/LayoutGenModel/logs/output/cases_hubump/selected-wsweep-Case7-t100-w0-case7sweep_20260918/seed_347930200/legalized/00_Case7_placement_legal_report.json
Case7_t100-w0_seed1440521826.json,Case7,1440521826,100,0,/mnt/d/WORK/96/flow_tap/LayoutGenModel/logs/output/cases_hubump/selected-wsweep-Case7-t100-w0-case7sweep_20260918/seed_1440521826/legalized/00_Case7_placement_legal.json,/mnt/d/WORK/96/flow_tap/benchmark/cases_hubump/Case7.json,0,/mnt/d/WORK/96/flow_tap/LayoutGenModel/logs/output/cases_hubump/selected-wsweep-Case7-t100-w0-case7sweep_20260918/seed_1440521826/legalized/00_Case7_placement_legal_report.json
Case7_t100-w0p02_seed703339479.json,Case7,703339479,100,0.02,/mnt/d/WORK/96/flow_tap/LayoutGenModel/logs/output/cases_hubump/selected-wsweep-Case7-t100-w0p02-case7sweep_20260918/seed_703339479/legalized/00_Case7_placement_legal.json,/mnt/d/WORK/96/flow_tap/benchmark/cases_hubump/Case7.json,0,/mnt/d/WORK/96/flow_tap/LayoutGenModel/logs/output/cases_hubump/selected-wsweep-Case7-t100-w0p02-case7sweep_20260918/seed_703339479/legalized/00_Case7_placement_legal_report.json
Case7_t100-w0p02_seed347930200.json,Case7,347930200,100,0.02,/mnt/d/WORK/96/flow_tap/LayoutGenModel/logs/output/cases_hubump/selected-wsweep-Case7-t100-w0p02-case7sweep_20260918/seed_347930200/legalized/00_Case7_placement_legal.json,/mnt/d/WORK/96/flow_tap/benchmark/cases_hubump/Case7.json,0,/mnt/d/WORK/96/flow_tap/LayoutGenModel/logs/output/cases_hubump/selected-wsweep-Case7-t100-w0p02-case7sweep_20260918/seed_347930200/legalized/00_Case7_placement_legal_report.json
Case7_t100-w0p02_seed1440521826.json,Case7,1440521826,100,0.02,/mnt/d/WORK/96/flow_tap/LayoutGenModel/logs/output/cases_hubump/selected-wsweep-Case7-t100-w0p02-case7sweep_20260918/seed_1440521826/legalized/00_Case7_placement_legal.json,/mnt/d/WORK/96/flow_tap/benchmark/cases_hubump/Case7.json,0,/mnt/d/WORK/96/flow_tap/LayoutGenModel/logs/output/cases_hubump/selected-wsweep-Case7-t100-w0p02-case7sweep_20260918/seed_1440521826/legalized/00_Case7_placement_legal_report.json
Case7_t100-w0p2_seed703339479.json,Case7,703339479,100,0.2,/mnt/d/WORK/96/flow_tap/LayoutGenModel/logs/output/cases_hubump/selected-wsweep-Case7-t100-w0p2-case7sweep_20260918/seed_703339479/legalized/00_Case7_placement_legal.json,/mnt/d/WORK/96/flow_tap/benchmark/cases_hubump/Case7.json,0,/mnt/d/WORK/96/flow_tap/LayoutGenModel/logs/output/cases_hubump/selected-wsweep-Case7-t100-w0p2-case7sweep_20260918/seed_703339479/legalized/00_Case7_placement_legal_report.json
Case7_t100-w0p2_seed347930200.json,Case7,347930200,100,0.2,/mnt/d/WORK/96/flow_tap/LayoutGenModel/logs/output/cases_hubump/selected-wsweep-Case7-t100-w0p2-case7sweep_20260918/seed_347930200/legalized/00_Case7_placement_legal.json,/mnt/d/WORK/96/flow_tap/benchmark/cases_hubump/Case7.json,0,/mnt/d/WORK/96/flow_tap/LayoutGenModel/logs/output/cases_hubump/selected-wsweep-Case7-t100-w0p2-case7sweep_20260918/seed_347930200/legalized/00_Case7_placement_legal_report.json
Case7_t100-w0p2_seed1440521826.json,Case7,1440521826,100,0.2,/mnt/d/WORK/96/flow_tap/LayoutGenModel/logs/output/cases_hubump/selected-wsweep-Case7-t100-w0p2-case7sweep_20260918/seed_1440521826/legalized/00_Case7_placement_legal.json,/mnt/d/WORK/96/flow_tap/benchmark/cases_hubump/Case7.json,0,/mnt/d/WORK/96/flow_tap/LayoutGenModel/logs/output/cases_hubump/selected-wsweep-Case7-t100-w0p2-case7sweep_20260918/seed_1440521826/legalized/00_Case7_placement_legal_report.json
Case7_t100-w2_seed703339479.json,Case7,703339479,100,2,/mnt/d/WORK/96/flow_tap/LayoutGenModel/logs/output/cases_hubump/selected-wsweep-Case7-t100-w2-case7sweep_20260918/seed_703339479/legalized/00_Case7_placement_legal.json,/mnt/d/WORK/96/flow_tap/benchmark/cases_hubump/Case7.json,0,/mnt/d/WORK/96/flow_tap/LayoutGenModel/logs/output/cases_hubump/selected-wsweep-Case7-t100-w2-case7sweep_20260918/seed_703339479/legalized/00_Case7_placement_legal_report.json
Case7_t100-w2_seed1440521826.json,Case7,1440521826,100,2,/mnt/d/WORK/96/flow_tap/LayoutGenModel/logs/output/cases_hubump/selected-wsweep-Case7-t100-w2-case7sweep_20260918/seed_1440521826/legalized/00_Case7_placement_legal.json,/mnt/d/WORK/96/flow_tap/benchmark/cases_hubump/Case7.json,0,/mnt/d/WORK/96/flow_tap/LayoutGenModel/logs/output/cases_hubump/selected-wsweep-Case7-t100-w2-case7sweep_20260918/seed_1440521826/legalized/00_Case7_placement_legal_report.json
Case7_t100-w50_seed703339479.json,Case7,703339479,100,50,/mnt/d/WORK/96/flow_tap/LayoutGenModel/logs/output/cases_hubump/selected-wsweep-Case7-t100-w50-case7sweep_20260918/seed_703339479/legalized/00_Case7_placement_legal.json,/mnt/d/WORK/96/flow_tap/benchmark/cases_hubump/Case7.json,0,/mnt/d/WORK/96/flow_tap/LayoutGenModel/logs/output/cases_hubump/selected-wsweep-Case7-t100-w50-case7sweep_20260918/seed_703339479/legalized/00_Case7_placement_legal_report.json
Case7_t100-w2_seed347930200.json,Case7,347930200,100,2,/mnt/d/WORK/96/flow_tap/LayoutGenModel/logs/output/cases_hubump/selected-wsweep-Case7-t100-w2-case7sweep_20260918/seed_347930200/legalized/00_Case7_placement_legal.json,/mnt/d/WORK/96/flow_tap/benchmark/cases_hubump/Case7.json,0,/mnt/d/WORK/96/flow_tap/LayoutGenModel/logs/output/cases_hubump/selected-wsweep-Case7-t100-w2-case7sweep_20260918/seed_347930200/legalized/00_Case7_placement_legal_report.json
Case7_t100-w50_seed1440521826.json,Case7,1440521826,100,50,/mnt/d/WORK/96/flow_tap/LayoutGenModel/logs/output/cases_hubump/selected-wsweep-Case7-t100-w50-case7sweep_20260918/seed_1440521826/legalized/00_Case7_placement_legal.json,/mnt/d/WORK/96/flow_tap/benchmark/cases_hubump/Case7.json,0,/mnt/d/WORK/96/flow_tap/LayoutGenModel/logs/output/cases_hubump/selected-wsweep-Case7-t100-w50-case7sweep_20260918/seed_1440521826/legalized/00_Case7_placement_legal_report.json
Case7_t100-w50_seed347930200.json,Case7,347930200,100,50,/mnt/d/WORK/96/flow_tap/LayoutGenModel/logs/output/cases_hubump/selected-wsweep-Case7-t100-w50-case7sweep_20260918/seed_347930200/legalized/00_Case7_placement_legal.json,/mnt/d/WORK/96/flow_tap/benchmark/cases_hubump/Case7.json,0,/mnt/d/WORK/96/flow_tap/LayoutGenModel/logs/output/cases_hubump/selected-wsweep-Case7-t100-w50-case7sweep_20260918/seed_347930200/legalized/00_Case7_placement_legal_report.json
