case,seed,n_chiplets,n_connections,total_wirelength_mm,avg_wirelength_mm,avg_temp_C,max_temp_C,bbox_area_mm2,bbox_width_mm,bbox_height_mm,wirelength_time_s,thermal_time_s,error
acend910_t0p01-w2,946615675,6,5,21253.913918,8.682154,63.099192,75.100000,1430.476334,32.907850,43.469152,0.109000,10.210000,
acend910_t0p01-w2,1056634028,6,5,24022.594952,9.813152,63.725215,75.070000,1690.500900,40.710741,41.524690,0.111000,10.444000,
acend910_t0p01-w2,1486441653,6,5,31990.543966,13.068033,61.811687,74.600000,1589.907599,33.608986,47.306027,0.110000,9.833000,
acend910_t0p03-w0,946615675,6,5,20934.031192,8.551483,63.090571,75.160000,1430.442963,32.887441,43.495113,0.112000,10.452000,
acend910_t0p03-w0,1056634028,6,5,26066.167224,10.647944,63.043411,74.890000,1464.032176,33.638914,43.521981,0.110000,10.251000,
acend910_t0p03-w0,1486441653,6,5,25727.917600,10.509770,63.002996,74.720000,1648.169025,37.908224,43.477875,0.109000,10.133000,
acend910_t0p1-w0,946615675,6,5,19785.226430,8.082200,65.453704,75.420000,1237.214666,32.951633,37.546384,0.087000,10.968000,
acend910_t0p1-w0,1056634028,6,5,25917.261952,10.587117,63.042979,74.920000,1465.940040,33.682798,43.521920,0.081000,10.039000,
acend910_t0p1-w0,1486441653,6,5,21653.203474,8.845263,63.031895,75.040000,1648.513501,37.922981,43.470040,0.070000,10.371000,
acend910_t0p1-w2,946615675,6,5,43221.086150,17.655672,63.842480,74.180000,1484.136712,37.893176,39.166332,0.081000,10.831000,
acend910_t0p1-w2,1056634028,6,5,19853.230164,8.109980,65.056704,75.300000,1345.441753,34.837734,38.620243,0.093000,11.003000,
acend910_t0p1-w2,1486441653,6,5,20341.777624,8.309550,66.042322,75.640000,1204.975476,32.977468,36.539357,0.072000,11.260000,
acend910_t0p3-w0,946615675,6,5,19692.060584,8.044142,65.468164,75.430000,1237.140769,32.971175,37.521889,0.071000,8.189000,
acend910_t0p3-w0,1056634028,6,5,26567.904320,10.852902,63.028267,74.880000,1467.821958,33.730030,43.516770,0.073000,10.399000,
acend910_t0p3-w0,1486441653,6,5,25499.385456,10.416416,63.034568,74.740000,1643.776469,37.854425,43.423628,0.076000,10.276000,
acend910_t0p3-w0p2,946615675,6,5,19082.152452,7.794997,65.855266,75.530000,1209.136598,32.945179,36.701473,0.077000,8.380000,
acend910_t0p3-w0p2,1056634028,6,5,18763.761380,7.664935,63.046208,75.230000,1428.035199,32.848408,43.473498,0.091000,10.455000,
acend910_t0p3-w0p2,1486441653,6,5,20980.894810,8.570627,63.077856,75.040000,1429.791071,32.888569,43.473800,0.079000,10.430000,
acend910_t1-w0,946615675,6,5,22693.081228,9.270050,63.010537,74.940000,1475.833056,33.922184,43.506428,0.072000,7.339000,
acend910_t1-w0,1056634028,6,5,24418.762538,9.974985,62.967251,74.940000,1470.176848,33.568777,43.795961,0.076000,7.196000,
acend910_t1-w0,1486441653,6,5,22236.806444,9.083663,63.059824,75.000000,1644.260010,37.874019,43.413930,0.080000,7.424000,
acend910_t10-w0p02,946615675,6,5,21156.642310,8.642419,63.161372,75.050000,1430.351305,32.910100,43.462381,0.082000,10.147000,
acend910_t10-w0p02,1056634028,6,5,24053.878306,9.825931,62.867476,74.730000,1770.883557,40.690312,43.521012,0.076000,7.210000,
acend910_t10-w0p02,1486441653,6,5,21298.649652,8.700429,63.069775,75.030000,1433.397632,32.970293,43.475429,0.075000,10.133000,
acend910_t10-w2,946615675,6,5,27838.156190,11.371796,65.096172,75.270000,1238.106949,32.957549,37.566718,0.077000,11.298000,
acend910_t10-w2,1056634028,6,5,28474.913190,11.631909,65.135305,75.270000,1235.531733,32.923148,37.527752,0.079000,11.219000,
acend910_t10-w2,1486441653,6,5,41438.636258,16.927547,63.290032,74.320000,1322.303906,40.659175,32.521661,0.080000,10.303000,
acend910_t100-w0,946615675,6,5,27424.412834,11.202783,62.314927,74.830000,1829.783939,40.598873,45.069821,0.079000,10.123000,
acend910_t100-w0,1056634028,6,5,26301.126798,10.743924,62.811758,74.660000,1845.262563,42.465691,43.453021,0.070000,9.964000,
acend910_t100-w0,1486441653,6,5,27778.259360,11.347328,64.111287,74.790000,1529.574136,37.966427,40.287545,0.077000,10.423000,
acend910_t100-w0p2,946615675,6,5,18308.096500,7.478798,63.131909,75.210000,1430.396777,32.915076,43.457192,0.076000,10.626000,
acend910_t100-w0p2,1056634028,6,5,17554.370144,7.170903,63.060513,75.320000,1432.790868,32.975974,43.449539,0.080000,10.431000,
acend910_t100-w0p2,1486441653,6,5,16385.256976,6.693324,63.030051,75.390000,1438.039034,32.870523,43.748590,0.083000,10.396000,
acend910_t100-w2,946615675,6,5,17705.384164,7.232592,63.078044,75.280000,1430.391086,32.921085,43.449087,0.105000,10.463000,
acend910_t100-w2,1056634028,6,5,19164.626840,7.828687,62.475725,75.080000,1505.648416,32.964219,45.675234,0.073000,10.063000,
acend910_t100-w2,1486441653,6,5,24434.845492,9.981555,65.153474,75.180000,1421.288154,37.895901,37.505063,0.075000,11.110000,
acend910_t3-w2,946615675,6,5,22420.711320,9.158787,65.238323,75.320000,1399.422797,37.885804,36.937920,0.073000,8.637000,
acend910_t3-w2,1056634028,6,5,18193.767206,7.432094,63.057517,75.190000,1430.657751,32.960667,43.405000,0.075000,7.717000,
acend910_t3-w2,1486441653,6,5,18822.167254,7.688794,63.337439,75.340000,1659.673065,37.970476,43.709567,0.075000,8.017000,
acend910_t30-w0,946615675,6,5,28809.706960,11.768671,62.773572,74.730000,1712.710666,38.849834,44.085405,0.084000,7.853000,
acend910_t30-w0,1056634028,6,5,26640.567340,10.882585,62.877690,74.680000,1820.212492,41.921860,43.419173,0.088000,7.678000,
acend910_t30-w0,1486441653,6,5,27516.356470,11.240342,64.023730,74.780000,1535.456373,37.884290,40.530161,0.093000,8.081000,
cpu-dram_t0-w0p2,946615675,8,8,143720.714172,14.035226,88.471838,106.430000,1104.141734,33.240899,33.216362,0.203000,11.446000,
cpu-dram_t0-w0p2,1056634028,8,8,117003.425358,11.426116,88.737136,120.980000,953.356543,34.787944,27.404797,0.219000,11.644000,
cpu-dram_t0-w0p2,1486441653,8,8,89194.786326,8.710428,95.342214,119.210000,817.179195,29.836497,27.388577,0.195000,12.738000,
cpu-dram_t0p01-w2,946615675,8,8,88816.583622,8.673494,93.681504,117.280000,922.668488,30.526131,30.225530,0.224000,12.430000,
cpu-dram_t0p01-w2,1056634028,8,8,83413.350746,8.145835,93.568220,118.350000,828.544955,26.925706,30.771522,0.220000,12.394000,
cpu-dram_t0p01-w2,1486441653,8,8,91253.839530,8.911508,94.381924,116.270000,893.795924,30.355809,29.443983,0.243000,12.327000,
cpu-dram_t0p03-w50,946615675,8,8,270238.819676,26.390510,60.906531,92.200000,6100.574226,77.732071,78.482075,0.205000,7.203000,
cpu-dram_t0p03-w50,1056634028,8,8,153971.069650,15.036237,98.687891,121.580000,707.278520,25.963470,27.241294,0.200000,10.597000,
cpu-dram_t0p03-w50,1486441653,8,8,443292.714548,43.290304,61.242170,100.090000,5076.188512,74.237834,68.377379,0.206000,7.122000,
cpu-dram_t0p3-w0p2,946615675,8,8,143432.588716,14.007089,90.115823,111.970000,1018.292254,32.009225,31.812462,0.229000,8.907000,
cpu-dram_t0p3-w0p2,1056634028,8,8,117663.076496,11.490535,88.835239,120.830000,960.808124,34.732644,27.662971,0.232000,8.579000,
cpu-dram_t0p3-w0p2,1486441653,8,8,89052.652830,8.696548,95.496133,119.260000,812.612463,29.680424,27.378735,0.198000,9.706000,
cpu-dram_t0p3-w2,946615675,8,8,84117.073528,8.214558,96.514927,117.960000,806.142474,27.356777,29.467743,0.204000,12.894000,
cpu-dram_t0p3-w2,1056634028,8,8,77826.839396,7.600277,95.938340,119.180000,882.738758,30.080029,29.346340,0.216000,9.574000,
cpu-dram_t0p3-w2,1486441653,8,8,93059.262498,9.087819,97.369463,117.390000,758.213386,27.194257,27.881379,0.212000,10.250000,
cpu-dram_t0p3-w50,946615675,8,8,183729.114600,17.942296,89.604497,110.290000,916.116762,32.451689,28.230172,0.242000,11.624000,
cpu-dram_t0p3-w50,1056634028,8,8,525210.080214,51.290047,60.798049,94.670000,5937.970832,76.933345,77.183318,0.225000,7.206000,
cpu-dram_t0p3-w50,1486441653,8,8,210601.105134,20.566514,98.681958,124.480000,748.005566,27.093622,27.608179,0.229000,13.242000,
cpu-dram_t1-w2,946615675,8,8,76657.440836,7.486078,93.897065,120.120000,968.862921,31.113966,31.139165,0.248000,12.121000,
cpu-dram_t1-w2,1056634028,8,8,87785.949096,8.572847,96.297317,122.760000,863.576463,29.660171,29.115694,0.207000,12.585000,
cpu-dram_t1-w2,1486441653,8,8,93348.132776,9.116029,93.733960,115.720000,829.638231,27.346456,30.338053,0.211000,12.498000,
cpu-dram_t1-w50,946615675,8,8,190777.169110,18.630583,76.602427,108.310000,1762.968947,46.326713,38.055127,0.238000,9.399000,
cpu-dram_t1-w50,1056634028,8,8,207664.270200,20.279714,61.684341,101.430000,5184.556641,67.519849,76.785667,0.245000,7.333000,
cpu-dram_t10-w50,946615675,8,8,228345.081408,22.299324,95.975010,123.420000,843.281774,28.719319,29.362875,0.237000,9.770000,
cpu-dram_t10-w50,1486441653,8,8,178874.164380,17.468180,97.758982,118.060000,744.639440,27.439017,27.137978,0.239000,10.369000,
cpu-dram_t100-w0p2,946615675,8,8,156721.497948,15.304834,89.350901,113.840000,1004.838165,29.716545,33.814098,0.228000,8.617000,
cpu-dram_t100-w0p2,1056634028,8,8,102459.966220,10.005856,90.070654,113.440000,1002.850474,30.493974,32.886841,0.218000,8.629000,
cpu-dram_t100-w0p2,1486441653,8,8,130092.152208,12.704312,89.611160,109.530000,951.571260,28.863584,32.967883,0.232000,8.614000,
cpu-dram_t100-w50,946615675,8,8,321135.752768,31.360913,81.543010,105.680000,1407.196365,36.706756,38.336168,0.205000,10.186000,
cpu-dram_t100-w50,1056634028,8,8,120790.634460,11.795960,98.944648,125.360000,746.898235,27.330567,27.328311,0.208000,13.368000,
cpu-dram_t100-w50,1486441653,8,8,296157.339930,28.921615,92.424641,111.880000,928.708940,30.941029,30.015451,0.213000,11.966000,
cpu-dram_t3-w2,946615675,8,8,93015.550008,9.083550,95.996233,115.140000,763.486412,26.366135,28.957085,0.200000,12.876000,
cpu-dram_t3-w2,1056634028,8,8,97764.373570,9.547302,91.902253,113.390000,941.674805,31.719785,29.687301,0.214000,12.086000,
cpu-dram_t3-w2,1486441653,8,8,93000.861396,9.082115,90.875293,111.100000,877.351891,32.074547,27.353524,0.203000,11.752000,
cpu-dram_t3-w50,946615675,8,8,208428.592384,20.354355,85.660366,110.430000,1098.965587,30.193582,36.397324,0.231000,10.862000,
cpu-dram_t3-w50,1056634028,8,8,168579.648168,16.462856,94.142864,120.180000,789.736384,26.325722,29.998660,0.237000,12.413000,
cpu-dram_t30-w2,946615675,8,8,83702.177338,8.174041,97.465273,118.660000,771.659282,26.697440,28.903868,0.239000,9.822000,
cpu-dram_t30-w2,1056634028,8,8,116103.733736,11.338255,98.876016,118.940000,733.839147,26.840637,27.340601,0.227000,13.199000,
cpu-dram_t30-w2,1486441653,8,8,87460.525190,8.541067,97.289348,120.960000,808.712077,29.039219,27.848961,0.242000,13.011000,
hp11_m_t0-w2,946615675,11,22,195423.308564,16.963829,73.564106,96.070000,1711.100963,41.353122,41.377794,1.147000,7.684000,
hp11_m_t0-w2,1056634028,11,22,145033.022566,12.589672,76.415315,102.550000,1507.381690,38.832803,38.817226,1.162000,8.150000,
hp11_m_t0-w2,1486441653,11,22,181578.272580,15.762003,77.085330,101.620000,1465.267559,37.820738,38.742437,1.130000,7.822000,
hp11_m_t0p01-w2,946615675,11,22,203992.736774,17.707703,73.706367,96.420000,1678.549687,40.480673,41.465459,1.137000,10.479000,
hp11_m_t0p01-w2,1056634028,11,22,148936.029084,12.928475,77.057405,103.270000,1285.696751,33.220000,38.702491,1.163000,8.192000,
hp11_m_t0p01-w2,1486441653,11,22,178222.554896,15.470708,76.437310,104.350000,1549.499024,39.084572,39.644774,1.147000,8.080000,
hp11_m_t0p01-w50,946615675,11,22,280843.460848,24.378773,71.142075,94.410000,1873.404049,39.158510,47.841556,1.116000,9.615000,
hp11_m_t0p01-w50,1056634028,11,22,203845.434858,17.694916,73.541794,93.450000,1839.770303,42.131349,43.667491,1.105000,10.221000,
hp11_m_t0p01-w50,1486441653,11,22,244619.135864,21.234300,68.863232,93.790000,2353.737085,51.427441,45.768116,1.067000,9.472000,
hp11_m_t0p03-w0p02,946615675,11,22,182079.372192,15.805501,74.037063,95.850000,1527.567606,36.334711,42.041551,1.129000,10.448000,
hp11_m_t0p03-w0p02,1056634028,11,22,216078.224770,18.756790,73.485920,98.080000,1452.933212,34.701380,41.869609,1.122000,10.474000,
hp11_m_t0p03-w0p02,1486441653,11,22,210906.458130,18.307852,75.578374,100.060000,1512.897124,38.084986,39.724240,1.087000,10.742000,
hp11_m_t0p03-w2,946615675,11,22,191441.597780,16.618194,75.193276,96.990000,1492.246309,37.375713,39.925561,1.173000,10.811000,
hp11_m_t0p03-w2,1056634028,11,22,129471.371294,11.238834,76.649548,104.960000,1380.918710,35.695879,38.685662,1.117000,11.094000,
hp11_m_t0p03-w2,1486441653,11,22,127065.383128,11.029981,76.901414,104.170000,1454.864521,38.682400,37.610503,1.150000,11.016000,
hp11_m_t0p3-w0p2,946615675,11,22,169705.012386,14.731338,75.677090,98.790000,1427.600446,35.749595,39.933332,1.137000,7.961000,
hp11_m_t0p3-w0p2,1056634028,11,22,174449.109774,15.143152,74.239524,98.050000,1422.456664,33.782071,42.106852,1.134000,10.491000,
hp11_m_t0p3-w0p2,1486441653,11,22,218175.841328,18.938875,74.869182,99.150000,1546.867966,37.841228,40.877848,1.113000,10.733000,
hp11_m_t0p3-w50,946615675,11,22,200233.375232,17.381369,68.660479,99.500000,2070.634383,38.331289,54.019430,1.137000,6.312000,
hp11_m_t0p3-w50,1056634028,11,22,198569.742850,17.236957,68.739165,96.910000,2210.414775,41.265802,53.565293,1.146000,6.484000,
hp11_m_t0p3-w50,1486441653,11,22,181860.039636,15.786462,71.907209,95.490000,1945.395358,44.134493,44.078797,1.093000,7.018000,
hp11_m_t1-w2,946615675,11,22,161867.864428,14.051030,75.084097,104.300000,1593.000222,40.234235,39.593153,1.143000,10.585000,
hp11_m_t1-w2,1056634028,11,22,109402.008084,9.496702,76.474619,102.330000,1478.104254,38.213006,38.680659,1.116000,8.203000,
hp11_m_t10-w50,946615675,11,22,337361.036584,29.284812,69.031956,88.990000,1901.664641,47.210000,40.280971,1.148000,9.522000,
hp11_m_t10-w50,1056634028,11,22,229306.614392,19.905088,74.769456,94.610000,1418.511575,35.790581,39.633656,1.090000,10.709000,
hp11_m_t10-w50,1486441653,11,22,644351.439080,55.933285,60.230774,86.860000,6071.632038,78.217749,77.624735,1.137000,7.931000,
hp11_m_t100-w0p2,946615675,11,22,193300.671306,16.779572,75.858892,100.060000,1471.460258,38.010319,38.712126,1.106000,11.013000,
hp11_m_t100-w0p2,1056634028,11,22,176171.619624,15.292675,75.958025,97.820000,1448.225270,37.329189,38.796055,1.127000,10.883000,
hp11_m_t100-w0p2,1486441653,11,22,209744.238672,18.206965,73.620891,95.600000,1602.111734,37.803155,42.380371,1.078000,10.389000,
hp11_m_t3-w2,946615675,11,22,166009.750628,14.410569,74.305142,97.800000,1509.690266,35.410353,42.634149,1.211000,10.704000,
hp11_m_t3-w2,1056634028,11,22,130490.737752,11.327321,76.713059,100.740000,1285.055372,33.220000,38.683184,1.141000,11.228000,
hp11_m_t3-w2,1486441653,11,22,151600.739334,13.159786,75.557915,102.950000,1344.480538,33.220000,40.472021,1.122000,10.856000,
hp11_m_t30-w2,946615675,11,22,199543.555026,17.321489,74.471567,95.360000,1688.353966,40.869912,41.310438,1.166000,10.547000,
hp11_m_t30-w2,1056634028,11,22,158531.826088,13.761443,76.321553,100.340000,1494.090992,38.577771,38.729324,1.162000,11.048000,
hp11_m_t30-w2,1486441653,11,22,176544.439286,15.325038,74.647898,97.420000,1483.366954,36.098679,41.092001,1.154000,10.517000,
hp11_m_t30-w50,946615675,11,22,173805.422692,15.087276,76.212668,102.020000,1431.948939,36.100654,39.665457,1.112000,8.004000,
hp11_m_t30-w50,1056634028,11,22,257082.175274,22.316161,69.095056,91.030000,2410.445816,46.587110,51.740617,1.134000,9.277000,
hp11_m_t30-w50,1486441653,11,22,219165.148406,19.024752,76.361011,97.420000,1311.181863,33.830963,38.756859,1.135000,8.154000,
hp6_m_t0-w0,946615675,6,5,24798.441686,9.686891,65.121743,85.440000,1030.776108,31.113073,33.130000,0.081000,6.633000,
hp6_m_t0-w0,1056634028,6,5,29562.113020,11.547700,64.746736,82.940000,1053.754013,31.763497,33.175000,0.073000,6.768000,
hp6_m_t0-w0,1486441653,6,5,42182.555182,16.477561,65.127664,84.220000,1045.982182,31.572055,33.130000,0.084000,6.822000,
hp6_m_t0-w0p02,946615675,6,5,23556.199582,9.201640,65.728264,87.750000,794.688946,23.986989,33.130000,0.085000,9.712000,
hp6_m_t0-w0p02,1056634028,6,5,21806.447032,8.518143,65.851677,86.310000,966.600714,29.175995,33.130000,0.085000,6.851000,
hp6_m_t0-w0p02,1486441653,6,5,28513.049980,11.137910,65.808562,85.000000,917.203321,27.684978,33.130000,0.088000,9.809000,
hp6_m_t0-w0p2,946615675,6,5,23272.907222,9.090979,66.172659,89.570000,573.432593,17.308560,33.130000,0.080000,9.849000,
hp6_m_t0-w0p2,1056634028,6,5,17025.661102,6.650649,66.330537,89.390000,760.578165,22.957385,33.130000,0.088000,10.092000,
hp6_m_t0-w0p2,1486441653,6,5,31312.825906,12.231573,65.978628,88.400000,859.670989,25.948415,33.130000,0.085000,9.901000,
hp6_m_t0-w2,946615675,6,5,13793.070448,5.387918,66.107249,92.710000,798.965498,24.116073,33.130000,0.068000,9.870000,
hp6_m_t0-w2,1056634028,6,5,17504.667280,6.837761,66.139695,90.950000,720.661418,21.752533,33.130000,0.087000,9.848000,
hp6_m_t0-w2,1486441653,6,5,22429.787638,8.761636,65.664119,86.780000,809.937168,24.381009,33.220002,0.080000,10.100000,
hp6_m_t0-w50,946615675,6,5,234347.409856,91.541957,53.329478,80.800000,5398.565089,70.191712,76.911717,0.080000,6.437000,
hp6_m_t0-w50,1056634028,6,5,31615.735470,12.349897,64.552112,84.250000,971.043968,29.310024,33.130098,0.066000,9.709000,
hp6_m_t0-w50,1486441653,6,5,169808.667808,66.331511,53.104392,78.590000,4802.972934,62.447872,76.911715,0.073000,6.336000,
hp6_m_t0p01-w0,946615675,6,5,25009.844916,9.769471,65.195688,85.180000,1031.626092,31.138729,33.130000,0.081000,9.706000,
hp6_m_t0p01-w0,1056634028,6,5,28510.709480,11.136996,65.221008,83.870000,1059.302099,31.974105,33.130000,0.078000,9.552000,
hp6_m_t0p01-w0,1486441653,6,5,42191.387222,16.481011,65.133760,84.220000,1046.088894,31.575276,33.130000,0.082000,9.681000,
hp6_m_t0p01-w0p02,946615675,6,5,23651.305730,9.238791,65.831157,88.010000,795.999767,24.026555,33.130000,0.068000,6.716000,
hp6_m_t0p01-w0p02,1056634028,6,5,21869.886316,8.542924,65.762537,86.200000,970.090794,29.281340,33.130000,0.076000,7.002000,
hp6_m_t0p01-w0p02,1486441653,6,5,28497.400360,11.131797,65.824880,85.030000,917.914589,27.706447,33.130000,0.077000,6.821000,
hp6_m_t0p01-w0p2,946615675,6,5,23543.852876,9.196818,66.117932,89.310000,579.125254,17.480388,33.130000,0.079000,6.922000,
hp6_m_t0p01-w0p2,1056634028,6,5,17486.770452,6.830770,66.356003,89.160000,762.132823,23.004311,33.130000,0.075000,7.026000,
hp6_m_t0p01-w0p2,1486441653,6,5,31625.003504,12.353517,66.031577,88.370000,861.287733,25.997215,33.130000,0.075000,6.859000,
hp6_m_t0p01-w2,946615675,6,5,24663.524288,9.634189,66.065452,87.760000,852.209053,25.723183,33.130000,0.073000,9.901000,
hp6_m_t0p01-w2,1056634028,6,5,20144.887912,7.869097,66.192583,88.950000,831.506116,25.098283,33.130000,0.075000,10.132000,
hp6_m_t0p01-w2,1486441653,6,5,17252.368226,6.739206,66.009238,88.420000,714.332064,21.561487,33.130000,0.084000,9.899000,
hp6_m_t0p01-w50,946615675,6,5,236010.157080,92.191468,53.058235,79.010000,5349.718506,69.858903,76.578908,0.072000,6.365000,
hp6_m_t0p01-w50,1056634028,6,5,26369.906414,10.300745,61.268230,85.270000,867.623324,19.906050,43.585911,0.081000,8.424000,
hp6_m_t0p01-w50,1486441653,6,5,150297.205260,58.709846,52.447095,78.590000,5574.763788,72.797643,76.578905,0.079000,6.286000,
hp6_m_t0p03-w0,946615675,6,5,25317.248094,9.889550,65.287292,85.000000,1033.077153,31.182528,33.130000,0.081000,9.800000,
hp6_m_t0p03-w0,1056634028,6,5,28636.622212,11.186181,65.248215,83.890000,1059.707643,31.986346,33.130000,0.081000,9.688000,
hp6_m_t0p03-w0,1486441653,6,5,42235.534842,16.498256,65.124370,84.200000,1046.659426,31.592497,33.130000,0.076000,9.647000,
hp6_m_t0p03-w0p02,946615675,6,5,23642.603306,9.235392,65.828801,88.000000,798.605077,24.105194,33.130000,0.078000,9.902000,
hp6_m_t0p03-w0p02,1056634028,6,5,21869.227654,8.542667,65.760344,86.200000,969.815815,29.273040,33.130000,0.071000,9.851000,
hp6_m_t0p03-w0p02,1486441653,6,5,28727.938476,11.221851,65.927097,84.790000,917.587198,27.696565,33.130000,0.076000,9.988000,
hp6_m_t0p03-w0p2,946615675,6,5,23354.120542,9.122703,66.153398,89.530000,576.571760,17.403313,33.130000,0.076000,6.995000,
hp6_m_t0p03-w0p2,1056634028,6,5,17307.128610,6.760597,66.345625,89.510000,761.895778,22.997156,33.130000,0.081000,10.062000,
hp6_m_t0p03-w0p2,1486441653,6,5,30864.458094,12.056429,65.984370,88.350000,861.256922,25.996285,33.130000,0.074000,10.007000,
hp6_m_t0p03-w2,946615675,6,5,16140.128552,6.304738,66.005088,87.440000,787.023724,23.755621,33.130000,0.081000,6.854000,
hp6_m_t0p03-w2,1056634028,6,5,19457.131098,7.600442,65.407056,86.460000,883.055667,26.618106,33.175000,0.079000,7.094000,
hp6_m_t0p03-w2,1486441653,6,5,11255.944804,4.396853,66.052219,88.830000,798.700757,24.108082,33.130000,0.077000,7.221000,
hp6_m_t0p03-w50,946615675,6,5,47002.796378,18.360467,64.841179,85.450000,999.143848,29.202685,34.214109,0.091000,9.770000,
hp6_m_t0p03-w50,1056634028,6,5,45735.024600,17.865244,61.331672,88.400000,771.392057,18.044766,42.748798,0.084000,5.627000,
hp6_m_t0p03-w50,1486441653,6,5,31543.110724,12.321528,61.293540,83.010000,1387.021617,40.046730,34.635078,0.104000,5.570000,
hp6_m_t0p1-w0,946615675,6,5,25107.813110,9.807739,65.090940,84.620000,1038.245698,31.338536,33.130000,0.090000,9.649000,
hp6_m_t0p1-w0,1056634028,6,5,27733.889592,10.833551,65.055129,83.890000,1060.164208,32.000127,33.130000,0.081000,9.755000,
hp6_m_t0p1-w0,1486441653,6,5,42376.148642,16.553183,65.099880,84.180000,1048.228893,31.639870,33.130000,0.096000,9.726000,
hp6_m_t0p1-w0p02,946615675,6,5,23579.568450,9.210769,65.773562,87.950000,799.761447,24.140098,33.130000,0.086000,9.957000,
hp6_m_t0p1-w0p02,1056634028,6,5,21765.489164,8.502144,65.789065,86.250000,967.959574,29.217011,33.130000,0.089000,9.943000,
hp6_m_t0p1-w0p02,1486441653,6,5,28755.650208,11.232676,65.933718,84.860000,917.252486,27.686462,33.130000,0.086000,9.912000,
hp6_m_t0p1-w0p2,946615675,6,5,19839.721824,7.749891,66.238926,93.840000,557.909134,16.839998,33.130000,0.086000,9.929000,
hp6_m_t0p1-w0p2,1056634028,6,5,16710.191268,6.527418,66.220151,89.810000,761.939477,22.998475,33.130000,0.091000,10.065000,
hp6_m_t0p1-w0p2,1486441653,6,5,31351.211512,12.246567,65.934160,88.220000,861.696193,26.009544,33.130000,0.089000,10.035000,
hp6_m_t0p1-w2,946615675,6,5,19982.534196,7.805677,66.344194,87.560000,720.063587,21.734488,33.130000,0.080000,9.996000,
hp6_m_t0p1-w2,1056634028,6,5,24097.498024,9.413085,66.296255,92.460000,629.991764,19.015749,33.130000,0.079000,9.897000,
hp6_m_t0p1-w2,1486441653,6,5,19014.704022,7.427619,65.999272,88.000000,616.781376,18.617005,33.130000,0.083000,9.942000,
hp6_m_t0p1-w50,946615675,6,5,125053.061640,48.848852,53.297258,78.630000,3816.743013,73.146934,52.179125,0.075000,6.346000,
hp6_m_t0p1-w50,1056634028,6,5,63347.134706,24.744974,57.475591,87.090000,1884.147190,35.537537,53.018508,0.078000,7.540000,
hp6_m_t0p1-w50,1486441653,6,5,69106.806060,26.994846,53.648376,79.330000,3394.305645,72.263902,46.970971,0.076000,6.568000,
hp6_m_t0p3-w0,946615675,6,5,23285.833644,9.096029,65.507607,85.230000,981.851878,29.636338,33.130000,0.079000,6.728000,
hp6_m_t0p3-w0,1056634028,6,5,27755.215150,10.841881,65.082703,84.000000,1061.863081,32.051406,33.130000,0.080000,6.844000,
hp6_m_t0p3-w0,1486441653,6,5,43118.742082,16.843259,65.044778,84.010000,1077.828825,32.533318,33.130000,0.079000,6.727000,
hp6_m_t0p3-w0p02,946615675,6,5,23921.838864,9.344468,65.700024,87.710000,806.331722,24.338416,33.130000,0.083000,6.897000,
hp6_m_t0p3-w0p02,1056634028,6,5,21217.518844,8.288093,65.860496,86.470000,961.178924,29.012343,33.130000,0.088000,6.838000,
hp6_m_t0p3-w0p02,1486441653,6,5,28725.534560,11.220912,65.923608,84.910000,915.017039,27.618987,33.130000,0.084000,6.834000,
hp6_m_t0p3-w0p2,946615675,6,5,23392.308788,9.137621,66.158040,89.520000,576.592433,17.403937,33.130000,0.091000,9.749000,
hp6_m_t0p3-w0p2,1056634028,6,5,16598.843604,6.483923,66.224575,89.840000,761.330978,22.980108,33.130000,0.084000,10.128000,
hp6_m_t0p3-w0p2,1486441653,6,5,31479.570810,12.296707,65.966226,88.220000,863.054456,26.050542,33.130000,0.092000,9.987000,
hp6_m_t0p3-w2,946615675,6,5,17053.331234,6.661458,65.851843,90.550000,754.309870,22.768182,33.130000,0.082000,9.837000,
hp6_m_t0p3-w2,1056634028,6,5,11913.246218,4.653612,66.042085,88.500000,752.063755,22.700385,33.130000,0.083000,9.968000,
hp6_m_t0p3-w2,1486441653,6,5,32444.601120,12.673672,65.877815,87.720000,962.446477,29.050603,33.130000,0.078000,9.920000,
hp6_m_t0p3-w50,946615675,6,5,37608.723970,14.690908,66.024663,85.740000,642.644277,19.397654,33.130000,0.086000,9.941000,
hp6_m_t0p3-w50,1056634028,6,5,49650.936256,19.394897,57.607915,80.920000,1263.727066,24.003736,52.647099,0.096000,7.557000,
hp6_m_t0p3-w50,1486441653,6,5,26752.572054,10.450223,57.521416,82.030000,1515.777051,28.668402,52.872743,0.079000,7.727000,
hp6_m_t1-w0,946615675,6,5,24387.511044,9.526372,65.102683,84.600000,1033.127577,31.184050,33.130000,0.089000,9.610000,
hp6_m_t1-w0,1056634028,6,5,28332.837138,11.067515,65.169287,83.560000,1055.800523,31.868413,33.130000,0.088000,9.456000,
hp6_m_t1-w0,1486441653,6,5,21545.230234,8.416106,66.237075,89.220000,759.869216,22.935986,33.130000,0.083000,9.902000,
hp6_m_t1-w0p02,946615675,6,5,20873.132536,8.153567,66.060017,88.120000,782.941545,23.632404,33.130000,0.077000,6.844000,
hp6_m_t1-w0p02,1056634028,6,5,20721.157244,8.094202,65.557583,86.100000,952.839341,28.760620,33.130000,0.083000,9.701000,
hp6_m_t1-w0p02,1486441653,6,5,31279.999460,12.218750,65.989407,84.860000,927.701059,28.001843,33.130000,0.080000,9.998000,
hp6_m_t1-w0p2,946615675,6,5,23678.743012,9.249509,66.099280,89.280000,583.833889,17.622514,33.130000,0.080000,7.018000,
hp6_m_t1-w0p2,1056634028,6,5,30196.118092,11.795359,65.422090,86.080000,770.331661,23.220246,33.175000,0.083000,6.978000,
hp6_m_t1-w0p2,1486441653,6,5,31718.235066,12.389936,65.867861,88.000000,866.420332,26.152138,33.130000,0.075000,7.100000,
hp6_m_t1-w2,946615675,6,5,7559.468768,2.952917,65.885208,90.750000,797.379897,24.068213,33.130000,0.083000,10.001000,
hp6_m_t1-w2,1056634028,6,5,18173.832580,7.099153,65.059531,88.170000,776.290957,22.392764,34.667045,0.076000,6.904000,
hp6_m_t1-w2,1486441653,6,5,12911.548588,5.043574,66.064580,88.500000,789.197814,23.821244,33.130000,0.081000,6.968000,
hp6_m_t1-w50,946615675,6,5,26502.345798,10.352479,64.545159,87.380000,576.611103,16.776085,34.371017,0.080000,9.642000,
hp6_m_t1-w50,1056634028,6,5,62844.479890,24.548625,62.190144,88.970000,1041.581043,25.890492,40.230253,0.066000,8.702000,
hp6_m_t1-w50,1486441653,6,5,33953.170374,13.262957,59.661343,81.350000,1871.077644,41.832018,44.728362,0.073000,8.133000,
hp6_m_t10-w0,946615675,6,5,38787.267116,15.151276,63.044497,82.080000,1151.337788,33.754437,34.109228,0.079000,9.244000,
hp6_m_t10-w0,1056634028,6,5,25620.947258,10.008183,63.999448,84.650000,973.759003,29.352193,33.175000,0.085000,9.605000,
hp6_m_t10-w0,1486441653,6,5,42439.564866,16.577955,66.003105,86.470000,825.390748,24.913696,33.130000,0.076000,9.886000,
hp6_m_t10-w0p02,946615675,6,5,34183.275624,13.352842,63.406626,82.060000,1147.921312,33.577445,34.187274,0.076000,9.352000,
hp6_m_t10-w0p02,1056634028,6,5,20214.466348,7.896276,65.106995,86.460000,930.236199,28.078364,33.130000,0.082000,9.662000,
hp6_m_t10-w0p02,1486441653,6,5,38275.450420,14.951348,64.385908,83.360000,1133.772326,33.652894,33.690188,0.074000,9.688000,
hp6_m_t10-w0p2,946615675,6,5,23354.978788,9.123039,66.271206,93.290000,627.488395,18.940187,33.130000,0.076000,10.193000,
hp6_m_t10-w0p2,1056634028,6,5,14863.663218,5.806118,66.010322,91.280000,784.071377,23.666507,33.130000,0.077000,10.054000,
hp6_m_t10-w0p2,1486441653,6,5,33922.171072,13.250848,64.893103,85.350000,784.581081,23.444480,33.465493,0.081000,9.640000,
hp6_m_t10-w2,946615675,6,5,12704.017156,4.962507,65.987017,87.740000,877.518451,26.487125,33.130000,0.071000,7.001000,
hp6_m_t10-w2,1056634028,6,5,25951.798352,10.137421,65.590520,88.460000,938.967213,28.341902,33.130000,0.074000,9.744000,
hp6_m_t10-w2,1486441653,6,5,16002.787870,6.251089,66.205649,88.310000,742.394632,22.408531,33.130000,0.075000,10.056000,
hp6_m_t10-w50,946615675,6,5,32089.799854,12.535078,62.935916,83.720000,565.233516,15.257655,37.045897,0.073000,6.301000,
hp6_m_t10-w50,1056634028,6,5,20880.791878,8.156559,65.575649,91.420000,485.736853,14.661541,33.130000,0.087000,7.061000,
hp6_m_t10-w50,1486441653,6,5,20307.461228,7.932602,64.903984,93.580000,626.230453,18.851007,33.220000,0.073000,6.859000,
hp6_m_t100-w0,946615675,6,5,47506.396216,18.557186,63.162559,85.590000,1123.714607,32.949742,34.103897,0.079000,9.294000,
hp6_m_t100-w0,1056634028,6,5,25208.384888,9.847025,64.593105,88.860000,963.098611,29.069357,33.131060,0.075000,6.723000,
hp6_m_t100-w0,1486441653,6,5,62431.432962,24.387279,63.229368,81.920000,1145.618875,33.667609,34.027331,0.071000,6.557000,
hp6_m_t100-w0p02,946615675,6,5,33810.697810,13.207304,63.602173,84.850000,1075.162440,31.204693,34.455152,0.076000,9.451000,
hp6_m_t100-w0p02,1056634028,6,5,20967.856924,8.190569,64.568271,85.760000,881.312930,26.601658,33.130000,0.076000,9.720000,
hp6_m_t100-w0p02,1486441653,6,5,54605.047320,21.330097,63.774265,82.810000,1135.843689,33.598486,33.806395,0.078000,9.439000,
hp6_m_t100-w0p2,946615675,6,5,19052.861172,7.442524,66.033855,91.920000,650.071427,19.621836,33.130000,0.084000,9.916000,
hp6_m_t100-w0p2,1056634028,6,5,22012.025416,8.598447,66.105383,89.870000,781.783187,23.597440,33.130000,0.079000,9.812000,
hp6_m_t100-w0p2,1486441653,6,5,33882.673678,13.235419,64.845447,85.160000,775.119671,23.075850,33.590081,0.066000,9.757000,
hp6_m_t100-w2,946615675,6,5,14037.323776,5.483330,65.059817,87.150000,700.126826,21.104049,33.175000,0.085000,9.961000,
hp6_m_t100-w2,1056634028,6,5,17622.555974,6.883811,66.164907,88.170000,611.136090,18.446607,33.130000,0.081000,9.900000,
hp6_m_t100-w2,1486441653,6,5,13143.551680,5.134200,65.993145,93.870000,707.988001,21.369997,33.130000,0.085000,9.948000,
hp6_m_t100-w50,946615675,6,5,38715.891028,15.123395,61.318804,83.820000,1454.189829,39.468266,36.844533,0.082000,8.406000,
hp6_m_t100-w50,1056634028,6,5,206044.618160,80.486179,52.201475,77.430000,5349.718736,69.858906,76.578908,0.080000,6.288000,
hp6_m_t100-w50,1486441653,6,5,33645.469980,13.142762,62.996360,82.740000,1178.241217,33.582865,35.084595,0.084000,9.178000,
hp6_m_t3-w0,946615675,6,5,31083.168164,12.141863,64.186077,82.580000,1114.650517,33.449625,33.323259,0.095000,6.693000,
hp6_m_t3-w0,1056634028,6,5,25879.208484,10.109066,64.661104,84.900000,1021.522005,30.833746,33.130000,0.077000,6.561000,
hp6_m_t3-w0,1486441653,6,5,21007.941412,8.206227,66.077471,90.000000,725.836126,21.908727,33.130000,0.092000,7.135000,
hp6_m_t3-w0p02,946615675,6,5,29601.513432,11.563091,64.228345,84.090000,1103.214787,33.299571,33.130000,0.085000,6.689000,
hp6_m_t3-w0p02,1056634028,6,5,22142.684228,8.649486,65.437178,85.990000,937.501509,28.297661,33.130000,0.074000,6.930000,
hp6_m_t3-w0p02,1486441653,6,5,20646.083974,8.064877,66.167920,89.170000,730.190203,22.040151,33.130000,0.079000,7.082000,
hp6_m_t3-w0p2,946615675,6,5,22840.520470,8.922078,66.248594,93.240000,627.533618,18.941552,33.130000,0.082000,10.091000,
hp6_m_t3-w0p2,1056634028,6,5,25396.299218,9.920429,65.477283,86.310000,770.820196,23.234972,33.175000,0.076000,9.915000,
hp6_m_t3-w0p2,1486441653,6,5,31669.953248,12.371075,65.892708,87.790000,894.505627,26.999868,33.130000,0.085000,9.834000,
hp6_m_t3-w2,946615675,6,5,10449.771696,4.081942,66.243772,91.970000,520.762221,15.718751,33.130000,0.078000,9.879000,
hp6_m_t3-w2,1056634028,6,5,24722.540872,9.657243,66.116724,86.360000,752.798578,22.722565,33.130000,0.075000,10.022000,
hp6_m_t3-w2,1486441653,6,5,33333.082048,13.020735,65.433086,85.570000,763.190510,23.004989,33.175000,0.079000,9.786000,
hp6_m_t3-w50,946615675,6,5,189197.528360,73.905285,53.021008,80.420000,5349.718296,69.858903,76.578905,0.077000,6.312000,
hp6_m_t3-w50,1056634028,6,5,64791.946076,25.309354,64.449519,84.530000,1137.069119,33.302359,34.143801,0.078000,9.689000,
hp6_m_t3-w50,1486441653,6,5,38878.712544,15.186997,65.407192,88.120000,972.109538,29.342274,33.130000,0.077000,9.994000,
hp6_m_t30-w0,946615675,6,5,38417.642746,15.006892,62.789795,86.040000,1117.894411,33.703677,33.168322,0.085000,9.492000,
hp6_m_t30-w0,1056634028,6,5,22110.089952,8.636754,64.790940,87.680000,913.111620,27.561338,33.130163,0.082000,9.781000,
hp6_m_t30-w0,1486441653,6,5,49451.197600,19.316874,63.997739,83.870000,1143.908219,33.771882,33.871616,0.079000,9.787000,
hp6_m_t30-w0p02,946615675,6,5,36266.203558,14.166486,63.784868,82.430000,1090.797838,32.789023,33.267165,0.080000,9.511000,
hp6_m_t30-w0p02,1056634028,6,5,21313.744232,8.325681,64.265850,88.480000,928.613876,28.018879,33.142435,0.078000,9.707000,
hp6_m_t30-w0p02,1486441653,6,5,50352.482780,19.668939,63.993225,83.530000,1138.794299,33.634444,33.857979,0.083000,9.669000,
hp6_m_t30-w0p2,946615675,6,5,19858.360456,7.757172,66.008188,92.740000,564.081186,17.026296,33.130000,0.095000,6.840000,
hp6_m_t30-w0p2,1056634028,6,5,21713.948156,8.482011,66.142180,89.890000,780.716302,23.565237,33.130000,0.084000,6.871000,
hp6_m_t30-w0p2,1486441653,6,5,34679.598252,13.546718,64.719675,85.250000,789.934277,23.325908,33.865103,0.088000,6.715000,
hp6_m_t30-w2,946615675,6,5,13782.979866,5.383977,66.166943,89.670000,747.647162,22.567074,33.130000,0.068000,7.027000,
hp6_m_t30-w2,1056634028,6,5,31928.084878,12.471908,66.171230,87.760000,927.744658,28.003159,33.130000,0.080000,7.023000,
hp6_m_t30-w2,1486441653,6,5,9704.739514,3.790914,66.030012,88.690000,880.994749,26.592054,33.130000,0.086000,6.969000,
hp6_m_t30-w50,946615675,6,5,55118.836524,21.530796,58.720491,81.970000,1570.951566,47.353476,33.175000,0.111000,7.717000,
hp6_m_t30-w50,1056634028,6,5,26307.272892,10.276278,65.333115,88.640000,819.518478,24.431443,33.543597,0.072000,9.803000,
hp6_m_t30-w50,1486441653,6,5,49224.252926,19.228224,65.911873,88.030000,835.688083,25.224512,33.130000,0.080000,9.924000,
hp8_m_t0-w0,946615675,8,12,99388.208540,15.529408,66.877947,87.450000,1402.995551,35.410649,39.620724,0.365000,9.508000,
hp8_m_t0-w0,1056634028,8,12,110396.594360,17.249468,65.785513,89.210000,1332.790536,33.258034,40.074243,0.359000,9.419000,
hp8_m_t0-w0,1486441653,8,12,120612.299184,18.845672,68.094387,91.880000,1309.525260,33.883028,38.648413,0.366000,9.717000,
hp8_m_t0-w0p02,946615675,8,12,89773.378916,14.027090,67.597327,88.480000,1296.654563,33.130000,39.138381,0.320000,9.799000,
hp8_m_t0-w0p02,1056634028,8,12,94117.529260,14.705864,65.985151,90.500000,1321.290494,33.130000,39.881995,0.343000,9.481000,
hp8_m_t0-w0p02,1486441653,8,12,84705.494758,13.235234,67.091648,89.990000,1500.193495,38.829109,38.635795,0.372000,9.427000,
hp8_m_t0-w0p2,946615675,8,12,69049.155048,10.788930,67.126250,92.370000,1315.887566,34.058475,38.636127,0.307000,9.796000,
hp8_m_t0-w0p2,1056634028,8,12,73521.446352,11.487726,66.933420,92.870000,1336.240009,33.130000,40.333233,0.331000,9.621000,
hp8_m_t0-w0p2,1486441653,8,12,89732.045752,14.020632,65.730056,90.890000,1624.250007,39.904531,40.703398,0.282000,9.369000,
hp8_m_t0-w2,946615675,8,12,97332.342150,15.208178,66.745142,86.470000,1406.946639,36.416010,38.635387,0.315000,9.853000,
hp8_m_t0-w2,1056634028,8,12,87892.056944,13.733134,66.772454,89.010000,1577.791449,40.175000,39.272967,0.317000,9.394000,
hp8_m_t0-w2,1486441653,8,12,72137.202540,11.271438,66.719685,88.470000,1421.818973,36.798801,38.637644,0.323000,9.818000,
hp8_m_t0-w50,946615675,8,12,198284.026278,30.981879,59.304592,87.230000,3349.612105,53.758590,62.308407,0.345000,4.692000,
hp8_m_t0-w50,1056634028,8,12,409729.339198,64.020209,55.724397,82.410000,5575.160433,79.747181,69.910439,0.318000,3.942000,
hp8_m_t0-w50,1486441653,8,12,370623.387856,57.909904,55.683506,86.650000,5397.576235,67.036687,80.516751,0.339000,4.131000,
hp8_m_t0p01-w0,946615675,8,12,100427.180324,15.691747,66.895837,87.380000,1401.925477,35.445142,39.551978,0.355000,6.463000,
hp8_m_t0p01-w0,1056634028,8,12,110561.981352,17.275310,65.773801,89.230000,1337.408054,33.337672,40.117020,0.316000,6.322000,
hp8_m_t0p01-w0,1486441653,8,12,118637.437924,18.537100,68.170745,92.400000,1283.616141,33.167445,38.701086,0.340000,6.576000,
hp8_m_t0p01-w0p02,946615675,8,12,89275.343902,13.949272,67.638997,88.510000,1294.780895,33.130000,39.081826,0.330000,9.705000,
hp8_m_t0p01-w0p02,1056634028,8,12,93755.745456,14.649335,66.488677,89.600000,1318.816346,33.130000,39.807315,0.342000,9.527000,
hp8_m_t0p01-w0p02,1486441653,8,12,86973.261876,13.589572,66.619688,88.450000,1550.690483,38.515913,40.261034,0.339000,9.371000,
hp8_m_t0p01-w0p2,946615675,8,12,88826.304836,13.879110,66.402173,92.590000,1506.115909,38.680702,38.937140,0.351000,9.566000,
hp8_m_t0p01-w0p2,1056634028,8,12,73847.712692,11.538705,66.854021,93.000000,1343.511183,33.130000,40.552707,0.322000,9.514000,
hp8_m_t0p01-w0p2,1486441653,8,12,71556.684032,11.180732,67.212029,90.020000,1463.723070,37.880176,38.640873,0.344000,9.560000,
hp8_m_t0p01-w2,946615675,8,12,100416.950312,15.690148,66.690342,88.470000,1485.146061,38.440279,38.635153,0.342000,9.667000,
hp8_m_t0p01-w2,1056634028,8,12,67096.292948,10.483796,68.006089,94.780000,1325.629031,38.636854,34.309963,0.329000,9.692000,
hp8_m_t0p01-w2,1486441653,8,12,98557.336092,15.399584,66.534287,89.870000,1408.658696,36.458417,38.637407,0.333000,9.828000,
hp8_m_t0p01-w50,946615675,8,12,109911.661668,17.173697,67.301335,91.990000,1363.972967,33.130000,41.170328,0.322000,9.596000,
hp8_m_t0p01-w50,1056634028,8,12,186887.563704,29.201182,55.973835,82.880000,4199.053464,79.723937,52.669921,0.327000,6.882000,
hp8_m_t0p01-w50,1486441653,8,12,65501.953678,10.234680,67.725879,93.790000,1397.595486,36.174239,38.635104,0.319000,9.861000,
hp8_m_t0p03-w0,946615675,8,12,100802.480582,15.750388,66.799355,87.350000,1411.940327,35.469504,39.807163,0.334000,9.351000,
hp8_m_t0p03-w0,1056634028,8,12,110552.861168,17.273885,65.762791,89.280000,1337.069887,33.310828,40.139197,0.325000,9.430000,
hp8_m_t0p03-w0,1486441653,8,12,118395.883498,18.499357,67.970535,91.950000,1316.495761,33.859393,38.881257,0.327000,9.831000,
hp8_m_t0p03-w0p02,946615675,8,12,80961.124880,12.650176,67.740688,88.930000,1307.972897,33.130000,39.480015,0.348000,6.717000,
hp8_m_t0p03-w0p02,1056634028,8,12,92933.925472,14.520926,66.679634,89.750000,1299.625031,33.130000,39.228042,0.295000,6.683000,
hp8_m_t0p03-w0p02,1486441653,8,12,81339.729806,12.709333,67.539453,91.510000,1479.187797,38.268953,38.652424,0.307000,6.695000,
hp8_m_t0p03-w0p2,946615675,8,12,90126.608856,14.082283,66.607639,92.280000,1494.352794,38.278553,39.038905,0.331000,6.614000,
hp8_m_t0p03-w0p2,1056634028,8,12,73490.435112,11.482880,66.870017,93.060000,1339.319111,33.130000,40.426173,0.319000,6.756000,
hp8_m_t0p03-w0p2,1486441653,8,12,82734.126652,12.927207,66.229353,91.410000,1509.373497,40.975129,36.836333,0.313000,6.624000,
hp8_m_t0p03-w2,946615675,8,12,81009.284008,12.657701,66.386929,90.100000,1460.997361,37.815384,38.635000,0.334000,9.432000,
hp8_m_t0p03-w2,1056634028,8,12,79194.174504,12.374090,68.337385,89.810000,1314.056785,38.640494,34.007246,0.351000,9.730000,
hp8_m_t0p03-w2,1486441653,8,12,95121.437376,14.862725,65.889556,87.910000,1528.446345,39.559814,38.636338,0.334000,9.450000,
hp8_m_t0p03-w50,946615675,8,12,67423.542180,10.534928,68.585227,96.580000,1280.001072,33.130000,38.635710,0.346000,9.804000,
hp8_m_t0p03-w50,1056634028,8,12,204274.477520,31.917887,57.281831,86.880000,2776.044200,71.802931,38.661990,0.331000,7.474000,
hp8_m_t0p03-w50,1486441653,8,12,97208.350708,15.188805,67.408350,90.830000,1398.369096,35.378293,39.526189,0.369000,9.591000,
hp8_m_t0p1-w0,946615675,8,12,90399.045428,14.124851,66.165022,86.000000,1578.223853,40.175000,39.283730,0.360000,9.336000,
hp8_m_t0p1-w0,1056634028,8,12,110380.943712,17.247022,65.782339,89.230000,1337.040067,33.323080,40.123544,0.344000,9.481000,
hp8_m_t0p1-w0,1486441653,8,12,110005.757408,17.188400,68.018469,91.880000,1288.819013,33.254868,38.755800,0.359000,9.747000,
hp8_m_t0p1-w0p02,946615675,8,12,89689.807830,14.014032,67.333606,88.650000,1322.452765,33.280667,39.736366,0.337000,9.500000,
hp8_m_t0p1-w0p02,1056634028,8,12,84760.891400,13.243889,66.226519,91.150000,1346.319249,33.130000,40.637466,0.333000,9.423000,
hp8_m_t0p1-w0p02,1486441653,8,12,78505.142472,12.266429,67.504895,91.860000,1475.466501,38.186454,38.638479,0.339000,9.791000,
hp8_m_t0p1-w0p2,946615675,8,12,84261.628938,13.165880,66.153167,93.050000,1459.223285,37.683128,38.723518,0.326000,6.723000,
hp8_m_t0p1-w0p2,1056634028,8,12,73766.981680,11.526091,66.880376,92.980000,1341.552703,33.130000,40.493592,0.344000,9.580000,
hp8_m_t0p1-w0p2,1486441653,8,12,72701.936758,11.359678,67.107764,89.290000,1444.285777,37.381212,38.636676,0.319000,6.846000,
hp8_m_t0p1-w2,946615675,8,12,91722.443868,14.331632,68.456709,92.160000,1487.980407,38.740761,38.408652,0.314000,6.985000,
hp8_m_t0p1-w2,1056634028,8,12,64260.787208,10.040748,68.518352,94.370000,1283.454700,38.635000,33.220000,0.348000,6.723000,
hp8_m_t0p1-w2,1486441653,8,12,99013.787410,15.470904,66.785364,86.370000,1461.161936,37.806086,38.648855,0.329000,6.725000,
hp8_m_t0p1-w50,946615675,8,12,154363.512192,24.119299,57.188745,81.730000,3840.039318,69.230086,55.467782,0.340000,7.213000,
hp8_m_t0p1-w50,1056634028,8,12,139990.635892,21.873537,66.059622,91.020000,1591.405558,40.019003,39.766247,0.328000,6.377000,
hp8_m_t0p1-w50,1486441653,8,12,124368.576084,19.432590,67.767405,91.160000,1341.795198,34.723125,38.642697,0.325000,9.661000,
hp8_m_t0p3-w0,946615675,8,12,108363.014232,16.931721,66.378638,86.700000,1470.007033,36.822771,39.921141,0.336000,9.603000,
hp8_m_t0p3-w0,1056634028,8,12,111522.579092,17.425403,65.573250,89.700000,1349.302605,33.130000,40.727516,0.324000,9.181000,
hp8_m_t0p3-w0,1486441653,8,12,125425.229988,19.597692,67.695374,91.060000,1326.366475,33.878910,39.150211,0.335000,9.464000,
hp8_m_t0p3-w0p02,946615675,8,12,95243.633114,14.881818,67.229087,88.050000,1347.847460,34.163665,39.452660,0.378000,9.599000,
hp8_m_t0p3-w0p02,1056634028,8,12,93793.838212,14.655287,66.449973,89.560000,1318.653744,33.130000,39.802407,0.335000,9.572000,
hp8_m_t0p3-w0p02,1486441653,8,12,89992.120796,14.061269,67.250596,88.060000,1470.330053,38.055602,38.636363,0.338000,9.974000,
hp8_m_t0p3-w0p2,946615675,8,12,64118.206670,10.018470,67.257703,92.570000,1479.215914,37.942541,38.985684,0.354000,9.847000,
hp8_m_t0p3-w0p2,1056634028,8,12,73832.018944,11.536253,66.800505,92.810000,1345.252496,33.130000,40.605267,0.330000,9.524000,
hp8_m_t0p3-w0p2,1486441653,8,12,67526.310234,10.550986,67.309124,89.500000,1478.983716,37.749276,39.179128,0.340000,9.801000,
hp8_m_t0p3-w2,946615675,8,12,63080.698788,9.856359,64.920315,89.490000,1554.569238,39.596628,39.260142,0.327000,9.614000,
hp8_m_t0p3-w2,1056634028,8,12,64679.762728,10.106213,68.376096,94.460000,1362.849625,35.275000,38.635000,0.359000,9.889000,
hp8_m_t0p3-w2,1486441653,8,12,94664.326084,14.791301,66.377166,87.650000,1408.116026,36.444784,38.636970,0.330000,9.681000,
hp8_m_t0p3-w50,946615675,8,12,80725.414562,12.613346,67.771455,91.320000,1281.071370,33.130000,38.668016,0.342000,6.845000,
hp8_m_t0p3-w50,1056634028,8,12,78195.375408,12.218027,65.455920,89.690000,1575.536667,36.001407,43.763197,0.306000,9.255000,
hp8_m_t0p3-w50,1486441653,8,12,70527.924312,11.019988,68.016167,92.320000,1302.415903,33.130000,39.312282,0.347000,6.977000,
hp8_m_t1-w0,946615675,8,12,115881.742048,18.106522,65.590686,83.760000,1588.978817,40.520695,39.214007,0.341000,6.340000,
hp8_m_t1-w0,1056634028,8,12,94471.512520,14.761174,65.471321,90.770000,1394.614051,34.071772,40.931656,0.337000,6.525000,
hp8_m_t1-w0,1486441653,8,12,116368.286468,18.182545,68.134512,94.690000,1280.071971,33.130000,38.637850,0.319000,6.847000,
hp8_m_t1-w0p02,946615675,8,12,110881.846476,17.325289,66.329192,86.110000,1522.601935,38.886416,39.155111,0.306000,9.394000,
hp8_m_t1-w0p02,1056634028,8,12,97329.785640,15.207779,65.856025,91.620000,1343.935148,33.130000,40.565504,0.325000,6.425000,
hp8_m_t1-w0p02,1486441653,8,12,71284.952812,11.138274,66.526646,89.320000,1568.000144,40.584538,38.635407,0.302000,9.513000,
hp8_m_t1-w0p2,946615675,8,12,80267.106860,12.541735,66.561057,93.230000,1389.560254,35.761050,38.856808,0.318000,9.875000,
hp8_m_t1-w0p2,1056634028,8,12,64979.690392,10.153077,66.838232,93.370000,1348.757749,33.130000,40.711070,0.352000,9.550000,
hp8_m_t1-w0p2,1486441653,8,12,87398.406550,13.656001,67.591716,92.030000,1503.636049,38.642481,38.911478,0.301000,9.798000,
hp8_m_t1-w2,946615675,8,12,79965.702148,12.494641,66.314026,89.470000,1381.588775,35.757873,38.637331,0.337000,9.592000,
hp8_m_t1-w2,1056634028,8,12,76289.505818,11.920235,67.526235,91.580000,1426.772229,35.275000,40.447122,0.343000,9.699000,
hp8_m_t1-w2,1486441653,8,12,71395.067148,11.155479,66.411370,89.260000,1446.518109,37.420817,38.655439,0.347000,9.650000,
hp8_m_t1-w50,946615675,8,12,202584.298354,31.653797,58.105854,84.950000,2672.711955,39.350224,67.921137,0.402000,7.481000,
hp8_m_t1-w50,1056634028,8,12,71813.597268,11.220875,68.189927,92.440000,1293.707002,33.216667,38.947526,0.326000,9.677000,
hp8_m_t1-w50,1486441653,8,12,203831.992820,31.848749,59.259404,84.890000,2413.367312,62.624765,38.536948,0.370000,7.447000,
hp8_m_t10-w0,946615675,8,12,124925.248658,19.519570,64.608096,87.960000,1711.933924,41.385718,41.365331,0.405000,9.182000,
hp8_m_t10-w0,1056634028,8,12,100625.976848,15.722809,65.202930,88.990000,1391.498795,33.130000,42.001171,0.377000,9.219000,
hp8_m_t10-w0,1486441653,8,12,141237.407218,22.068345,65.634558,87.440000,1684.364871,41.362067,40.722454,0.393000,9.187000,
hp8_m_t10-w0p02,946615675,8,12,122066.896606,19.072953,65.147300,88.670000,1662.416180,40.266141,41.285709,0.339000,8.981000,
hp8_m_t10-w0p02,1056634028,8,12,76805.455462,12.000852,66.357954,89.910000,1280.476620,33.130000,38.650064,0.387000,9.740000,
hp8_m_t10-w0p02,1486441653,8,12,103327.051188,16.144852,66.900928,93.500000,1435.946786,41.109126,34.930122,0.378000,9.468000,
hp8_m_t10-w0p2,946615675,8,12,67541.278548,10.553325,65.779316,93.310000,1531.765988,38.120932,40.181756,0.319000,6.745000,
hp8_m_t10-w0p2,1056634028,8,12,76053.397760,11.883343,65.790505,90.840000,1377.480200,33.130000,41.578032,0.321000,6.621000,
hp8_m_t10-w0p2,1486441653,8,12,81921.598628,12.800250,66.885313,90.530000,1503.681401,38.918763,38.636413,0.322000,6.669000,
hp8_m_t10-w2,946615675,8,12,70768.850292,11.057633,64.751677,89.210000,1625.699332,42.076893,38.636392,0.316000,6.405000,
hp8_m_t10-w2,1056634028,8,12,103656.438940,16.196319,66.764014,91.060000,1486.277870,37.566397,39.564025,0.312000,6.679000,
hp8_m_t10-w2,1486441653,8,12,91743.010814,14.334845,66.019910,88.050000,1496.052386,38.718285,38.639428,0.332000,6.546000,
hp8_m_t10-w50,946615675,8,12,72656.994942,11.352655,68.307986,91.160000,1284.631685,38.670430,33.220000,0.329000,9.861000,
hp8_m_t10-w50,1056634028,8,12,116935.167326,18.271120,65.650850,88.180000,1700.758900,42.339332,40.169715,0.307000,9.425000,
hp8_m_t10-w50,1486441653,8,12,170843.740860,26.694335,59.054702,89.380000,2209.177931,33.174900,66.591849,0.305000,7.680000,
hp8_m_t100-w0,946615675,8,12,99160.142676,15.493772,64.996563,83.480000,1637.910854,40.837394,40.108114,0.347000,9.366000,
hp8_m_t100-w0,1056634028,8,12,88142.431760,13.772255,66.620874,90.130000,1456.906439,38.659753,37.685353,0.321000,9.373000,
hp8_m_t100-w0,1486441653,8,12,135609.954060,21.189055,66.074624,89.250000,1487.211895,40.920405,36.344017,0.308000,9.136000,
hp8_m_t100-w0p02,946615675,8,12,152627.153292,23.847993,64.998547,87.240000,1660.328268,40.942176,40.553005,0.341000,8.998000,
hp8_m_t100-w0p02,1056634028,8,12,93335.566504,14.583682,65.502371,90.580000,1384.221824,33.130000,41.781522,0.328000,9.233000,
hp8_m_t100-w0p02,1486441653,8,12,123466.342756,19.291616,66.581670,88.760000,1544.421749,39.099167,39.500119,0.322000,9.591000,
hp8_m_t100-w0p2,946615675,8,12,67992.271258,10.623792,66.363733,96.640000,1500.630232,38.758871,38.717078,0.372000,9.737000,
hp8_m_t100-w0p2,1056634028,8,12,82271.450836,12.854914,66.184028,93.010000,1360.512453,33.209051,40.968122,0.324000,9.376000,
hp8_m_t100-w0p2,1486441653,8,12,70280.868238,10.981386,65.522546,87.750000,1579.108172,40.870803,38.636583,0.348000,9.247000,
hp8_m_t100-w2,946615675,8,12,93096.192116,14.546280,66.358528,87.490000,1423.159493,36.835267,38.635786,0.346000,6.626000,
hp8_m_t100-w2,1056634028,8,12,74802.727480,11.687926,67.639189,87.440000,1366.827196,35.376037,38.637092,0.358000,9.764000,
hp8_m_t100-w2,1486441653,8,12,73882.165722,11.544088,65.418035,89.370000,1586.103176,41.050861,38.637513,0.348000,6.340000,
hp8_m_t100-w50,946615675,8,12,365860.645776,57.165726,58.588865,83.010000,3698.205942,59.112575,62.562085,0.337000,4.731000,
hp8_m_t100-w50,1056634028,8,12,106309.608136,16.610876,67.292217,87.320000,1384.706786,35.375157,39.143481,0.338000,6.710000,
hp8_m_t100-w50,1486441653,8,12,68435.413990,10.693033,68.172097,94.560000,1280.368683,33.130000,38.646806,0.335000,6.702000,
hp8_m_t3-w0,946615675,8,12,133211.339784,20.814272,65.395818,83.800000,1627.473540,40.661163,40.025258,0.302000,9.320000,
hp8_m_t3-w0,1056634028,8,12,92869.807556,14.510907,65.317476,86.620000,1350.358861,33.174768,40.704395,0.320000,6.340000,
hp8_m_t3-w0,1486441653,8,12,114259.099376,17.852984,67.003733,93.180000,1456.627849,40.836559,35.669701,0.328000,9.568000,
hp8_m_t3-w0p02,946615675,8,12,117676.057684,18.386884,65.830020,84.970000,1571.136509,40.646852,38.653338,0.286000,9.269000,
hp8_m_t3-w0p02,1056634028,8,12,85597.612544,13.374627,65.602976,90.440000,1369.998651,33.130000,41.352208,0.297000,9.271000,
hp8_m_t3-w0p02,1486441653,8,12,99761.533010,15.587740,66.004050,88.030000,1586.776282,41.177920,38.534639,0.298000,9.356000,
hp8_m_t3-w0p2,946615675,8,12,75306.133244,11.766583,66.586775,92.090000,1500.647457,38.841658,38.635000,0.297000,9.840000,
hp8_m_t3-w0p2,1056634028,8,12,61101.702318,9.547141,68.587295,95.070000,1280.027576,33.130000,38.636510,0.336000,9.847000,
hp8_m_t3-w0p2,1486441653,8,12,88724.620104,13.863222,65.986208,85.140000,1545.977990,41.205030,37.519157,0.344000,9.198000,
hp8_m_t3-w2,946615675,8,12,63174.209216,9.870970,68.194409,91.010000,1279.977550,33.130000,38.635000,0.324000,9.686000,
hp8_m_t3-w2,1056634028,8,12,96202.917700,15.031706,67.616111,89.730000,1291.884891,33.437396,38.635930,0.315000,9.809000,
hp8_m_t3-w2,1486441653,8,12,101992.235442,15.936287,65.639912,87.170000,1566.641530,37.995564,41.232222,0.309000,9.383000,
hp8_m_t3-w50,946615675,8,12,95019.184744,14.846748,67.340513,89.590000,1425.757778,36.902214,38.636104,0.333000,6.830000,
hp8_m_t3-w50,1056634028,8,12,251651.595160,39.320562,54.953174,82.270000,3800.013538,42.921005,88.535055,0.323000,6.757000,
hp8_m_t3-w50,1486441653,8,12,285649.101960,44.632672,56.105969,85.710000,5033.783317,63.626381,79.114720,0.342000,7.017000,
hp8_m_t30-w0,946615675,8,12,160464.938764,25.072647,64.619248,86.410000,1632.229478,40.856494,39.950307,0.340000,6.025000,
hp8_m_t30-w0,1056634028,8,12,77922.326860,12.175364,65.347107,90.070000,1361.125869,33.137572,41.075003,0.340000,6.532000,
hp8_m_t30-w0,1486441653,8,12,150716.571104,23.549464,66.100278,88.590000,1571.679435,40.867864,38.457587,0.347000,6.267000,
hp8_m_t30-w0p02,946615675,8,12,127409.609664,19.907752,64.959675,88.080000,1636.586354,40.766426,40.145446,0.324000,9.303000,
hp8_m_t30-w0p02,1056634028,8,12,95113.695024,14.861515,64.746890,94.150000,1393.200418,33.130000,42.052533,0.350000,6.011000,
hp8_m_t30-w0p02,1486441653,8,12,117369.503624,18.338985,66.219758,88.380000,1607.507734,40.828872,39.371838,0.337000,6.182000,
hp8_m_t30-w0p2,946615675,8,12,71899.498360,11.234297,65.786238,92.520000,1431.651481,35.647762,40.161048,0.304000,9.300000,
hp8_m_t30-w0p2,1056634028,8,12,83243.774152,13.006840,66.753135,93.210000,1331.151043,33.130000,40.179627,0.306000,9.471000,
hp8_m_t30-w0p2,1486441653,8,12,62195.083708,9.717982,67.815913,90.760000,1361.709623,34.896754,39.021097,0.316000,9.547000,
hp8_m_t30-w2,946615675,8,12,84687.566538,13.232432,66.584482,86.090000,1358.980298,34.132728,39.814582,0.333000,9.359000,
hp8_m_t30-w2,1056634028,8,12,88299.241696,13.796757,68.012029,91.450000,1323.858310,34.246156,38.657136,0.315000,9.853000,
hp8_m_t30-w2,1486441653,8,12,80882.200276,12.637844,63.866116,88.430000,1860.672948,42.732065,43.542781,0.310000,8.968000,
hp8_m_t30-w50,946615675,8,12,246566.002692,38.525938,59.963625,84.810000,3048.620020,50.844887,59.959225,0.311000,7.909000,
hp8_m_t30-w50,1056634028,8,12,190924.168212,29.831901,59.502925,84.380000,3012.327574,50.094252,60.133198,0.302000,7.549000,
hp8_m_t30-w50,1486441653,8,12,106406.207384,16.625970,63.581323,91.430000,2012.474887,42.065375,47.841601,0.344000,8.553000,
multigpu_t0-w0p02,946615675,6,6,189880.194888,27.471093,83.218027,98.380000,1641.285642,38.247617,42.912102,0.088000,11.006000,
multigpu_t0-w0p02,1056634028,6,6,124220.393188,17.971700,82.918281,100.720000,1892.208839,44.160403,42.848541,0.091000,10.950000,
multigpu_t0-w0p02,1486441653,6,6,121146.395038,17.526967,81.333564,96.820000,1930.382304,44.066479,43.806139,0.093000,10.803000,
multigpu_t0p01-w0p02,946615675,6,6,121128.577998,17.524389,80.066973,96.450000,1874.689738,40.127109,46.718784,0.104000,10.448000,
multigpu_t0p01-w0p02,1056634028,6,6,103916.544192,15.034222,87.125469,101.360000,1466.986502,38.293930,38.308591,0.098000,11.728000,
multigpu_t0p01-w0p02,1486441653,6,6,122790.499488,17.764829,81.301077,96.800000,1930.543263,44.074533,43.801786,0.098000,10.885000,
multigpu_t0p01-w2,946615675,6,6,80644.247452,11.667281,78.837339,97.420000,1896.304033,50.329814,37.677549,0.101000,7.438000,
multigpu_t0p01-w2,1056634028,6,6,136116.752860,19.692817,81.907244,100.280000,1657.727831,45.317874,36.580000,0.091000,7.988000,
multigpu_t0p01-w2,1486441653,6,6,77512.245894,11.214156,84.492053,102.460000,1631.679234,38.459516,42.425891,0.097000,8.451000,
multigpu_t0p03-w0p02,946615675,6,6,143962.553826,20.827916,84.022983,99.030000,1618.499721,39.097017,41.397013,0.094000,8.589000,
multigpu_t0p03-w0p02,1056634028,6,6,114944.283238,16.629671,83.841477,100.750000,1800.718513,42.134493,42.737396,0.104000,8.251000,
multigpu_t0p03-w0p02,1486441653,6,6,121060.300138,17.514511,81.301453,96.730000,1931.950249,44.094816,43.813546,0.090000,7.754000,
multigpu_t0p1-w0p02,946615675,6,6,140995.948500,20.398719,81.952578,97.810000,1683.431829,38.253745,44.006981,0.094000,10.793000,
multigpu_t0p1-w0p02,1056634028,6,6,116458.913152,16.848801,83.790562,100.590000,1805.714269,42.247700,42.741126,0.098000,11.232000,
multigpu_t0p1-w0p02,1486441653,6,6,120598.958330,17.447766,81.245054,96.730000,1937.792750,44.134494,43.906536,0.104000,10.855000,
multigpu_t0p3-w0,946615675,6,6,76931.822244,11.130183,81.972151,98.560000,1709.794227,38.389186,44.538434,0.109000,10.854000,
multigpu_t0p3-w0,1056634028,6,6,104880.063504,15.173620,83.996216,102.770000,1826.994405,42.467197,43.021309,0.099000,11.333000,
multigpu_t0p3-w0,1486441653,6,6,79145.159440,11.450399,79.187886,94.190000,1931.288184,41.291771,46.771745,0.107000,10.619000,
multigpu_t0p3-w0p02,946615675,6,6,89531.006210,12.952981,81.067334,97.040000,1788.450105,39.337072,45.464749,0.115000,10.816000,
multigpu_t0p3-w0p02,1056634028,6,6,116702.380948,16.884025,83.944568,100.280000,1667.911536,39.631889,42.085088,0.100000,11.204000,
multigpu_t0p3-w0p02,1486441653,6,6,84372.812480,12.206715,80.985515,96.080000,1952.883357,44.239073,44.143858,0.114000,10.679000,
multigpu_t0p3-w0p2,946615675,6,6,78085.002128,11.297020,81.215481,100.620000,1786.573712,38.556989,46.335924,0.109000,10.755000,
multigpu_t0p3-w0p2,1056634028,6,6,124465.385610,18.007145,79.875715,96.220000,2114.814873,47.551021,44.474647,0.127000,10.632000,
multigpu_t0p3-w0p2,1486441653,6,6,133733.494852,19.348017,82.992830,97.390000,1722.928263,40.861006,42.165586,0.112000,11.270000,
multigpu_t1-w0p02,946615675,6,6,142862.689310,20.668792,80.373596,100.710000,1893.069441,46.165415,41.006226,0.113000,7.259000,
multigpu_t1-w0p02,1056634028,6,6,88156.513046,12.754125,78.488474,94.860000,2065.638090,48.070055,42.971411,0.111000,7.337000,
multigpu_t1-w0p02,1486441653,6,6,80523.235064,11.649774,79.189177,94.690000,1955.344695,41.853910,46.718328,0.109000,7.394000,
multigpu_t10-w0,946615675,6,6,152418.360438,22.051267,78.124084,93.530000,2144.235053,45.856924,46.759243,0.100000,7.248000,
multigpu_t10-w0,1056634028,6,6,120842.511974,17.483002,86.181174,103.670000,1480.124798,40.462679,36.580000,0.109000,8.913000,
multigpu_t10-w0,1486441653,6,6,128549.312442,18.597991,77.969587,93.810000,2205.395601,46.505008,47.422755,0.092000,7.141000,
multigpu_t100-w0p2,946615675,6,6,96143.544340,13.909656,78.000483,91.410000,2124.011024,45.211848,46.979080,0.091000,10.311000,
multigpu_t100-w0p2,1056634028,6,6,89855.969496,12.999996,79.841223,96.250000,1884.497426,47.082570,40.025373,0.102000,10.572000,
multigpu_t100-w0p2,1486441653,6,6,86939.808546,12.578097,79.385542,94.250000,2103.405125,45.007396,46.734655,0.114000,10.580000,
multigpu_t3-w0,946615675,6,6,136863.838846,19.800903,82.490234,98.810000,1676.922564,38.269009,43.819336,0.119000,11.225000,
multigpu_t3-w0,1056634028,6,6,118175.653766,17.097172,83.405571,102.160000,1786.480624,42.195447,42.338232,0.111000,11.040000,
multigpu_t3-w0,1486441653,6,6,143348.215488,20.739036,78.435881,93.830000,2108.087115,44.364487,47.517446,0.115000,10.360000,
multigpu_t3-w2,946615675,6,6,73967.368158,10.701297,85.305042,100.250000,1539.575811,38.358344,40.136660,0.120000,11.560000,
multigpu_t3-w2,1056634028,6,6,74105.101892,10.721224,82.009907,97.410000,1724.334868,44.719354,38.559029,0.112000,10.868000,
multigpu_t3-w2,1486441653,6,6,85979.381700,12.439147,81.612542,99.960000,1918.385663,45.471082,42.189136,0.114000,10.870000,
multigpu_t30-w0p02,946615675,6,6,147577.341486,21.350889,77.887639,93.560000,2158.971998,45.773211,47.166715,0.101000,10.154000,
multigpu_t30-w0p02,1056634028,6,6,85448.511896,12.362343,83.399373,99.170000,1812.889388,42.643794,42.512385,0.104000,11.016000,
multigpu_t30-w0p02,1486441653,6,6,127451.036638,18.439097,78.429971,94.750000,2225.694615,47.050971,47.303904,0.092000,10.526000,
syn1_t0-w0p2,946615675,10,17,113606.727548,14.792543,77.602358,87.750000,1368.481808,34.903858,39.207179,0.702000,7.935000,
syn1_t0-w0p2,1056634028,10,17,104156.818196,13.562086,79.667019,94.250000,1267.686686,35.991579,35.221758,0.705000,8.338000,
syn1_t0-w0p2,1486441653,10,17,130292.679398,16.965193,80.980916,94.370000,1039.506356,29.519160,35.214632,0.670000,8.769000,
syn1_t0p01-w0,946615675,10,17,144264.048944,18.784381,77.092202,88.460000,1465.060046,37.409409,39.162876,0.728000,7.575000,
syn1_t0p01-w0,1056634028,10,17,119370.737088,15.543065,76.952039,95.410000,1386.476756,35.041630,39.566560,0.733000,7.638000,
syn1_t0p01-w0,1486441653,10,17,152258.769636,19.825361,77.568169,88.440000,1419.767354,38.851192,36.543727,0.688000,7.772000,
syn1_t0p01-w2,946615675,10,17,134422.224294,17.502894,80.730544,89.840000,1157.076282,33.932416,34.099437,-2.222000,11.618000,
syn1_t0p01-w2,1056634028,10,17,94536.048836,12.309381,77.584949,88.640000,1299.044520,33.533021,38.739263,0.723000,10.729000,
syn1_t0p01-w2,1486441653,10,17,106971.793444,13.928619,83.043572,96.650000,1063.989429,31.970597,33.280249,-2.193000,12.093000,
syn1_t0p03-w0,946615675,10,17,144780.738564,18.851659,77.041440,88.570000,1476.142380,37.700837,39.154101,-2.208000,10.584000,
syn1_t0p03-w0,1056634028,10,17,119298.528016,15.533663,76.939622,95.380000,1387.050909,35.052686,39.570460,-2.229000,10.416000,
syn1_t0p03-w0,1486441653,10,17,153035.795136,19.926536,77.302024,88.570000,1432.999902,39.121008,36.629933,-2.185000,10.859000,
syn1_t0p1-w0p02,946615675,10,17,121223.985854,15.784373,77.117529,89.390000,1458.723544,37.207635,39.204952,0.729000,10.630000,
syn1_t0p1-w0p02,1056634028,10,17,124510.697894,16.212330,78.921704,96.760000,1170.033203,31.417518,37.241427,-2.267000,11.002000,
syn1_t0p1-w0p02,1486441653,10,17,157883.622272,20.557763,76.973477,89.330000,1475.173699,39.177358,37.653731,0.678000,10.627000,
syn1_t0p3-w0,946615675,10,17,144181.927896,18.773689,77.120132,88.740000,1404.697960,39.134841,35.893795,0.729000,10.660000,
syn1_t0p3-w0,1056634028,10,17,151304.750354,19.701139,77.208965,90.200000,1322.011710,34.143039,38.719802,0.666000,10.530000,
syn1_t0p3-w0,1486441653,10,17,152784.549132,19.893822,77.434617,88.370000,1422.343693,38.974819,36.493914,0.694000,10.680000,
syn1_t0p3-w0p2,946615675,10,17,117146.443138,15.253443,77.489985,87.430000,1433.160746,36.565471,39.194374,0.676000,7.789000,
syn1_t0p3-w0p2,1056634028,10,17,104084.877942,13.552718,79.594265,94.210000,1292.112826,36.059613,35.832687,0.737000,8.117000,
syn1_t0p3-w0p2,1486441653,10,17,130688.394988,17.016718,81.001030,94.450000,1036.397059,29.429020,35.216839,0.741000,8.725000,
syn1_t1-w0,946615675,10,17,143005.621556,18.620524,76.889473,87.530000,1479.942111,37.800831,39.151047,0.793000,7.733000,
syn1_t1-w0,1056634028,10,17,136623.395072,17.789505,76.671099,94.430000,1399.648865,35.074441,39.905094,0.706000,7.782000,
syn1_t1-w0,1486441653,10,17,158778.997648,20.674349,76.954910,88.780000,1384.496032,39.261232,35.263693,0.756000,7.765000,
syn1_t1-w0p2,946615675,10,17,114473.497456,14.905403,77.596714,87.540000,1432.151357,36.558617,39.174112,0.861000,10.756000,
syn1_t1-w0p2,1056634028,10,17,103569.162648,13.485568,79.815396,94.650000,1276.445269,35.691749,35.763035,0.864000,11.370000,
syn1_t1-w0p2,1486441653,10,17,132865.691622,17.300220,81.058992,94.180000,1033.616650,29.409758,35.145364,0.876000,11.769000,
syn1_t10-w0p2,946615675,10,17,122528.905274,15.954285,79.470415,89.270000,1274.777024,35.477713,35.931770,0.857000,11.314000,
syn1_t10-w0p2,1056634028,10,17,106612.055238,13.881778,80.050173,94.050000,1249.826190,35.721465,34.988100,0.896000,11.324000,
syn1_t10-w0p2,1486441653,10,17,165168.615310,21.506330,80.844976,90.730000,1215.495725,34.764864,34.963339,0.890000,11.643000,
syn1_t10-w2,946615675,10,17,90243.945250,11.750514,80.831394,98.680000,1215.900065,34.453103,35.291453,0.844000,11.522000,
syn1_t10-w2,1056634028,10,17,146125.254774,19.026726,81.955474,93.200000,1101.982127,32.548422,33.856699,0.855000,11.794000,
syn1_t10-w2,1486441653,10,17,167689.356104,21.834552,80.815098,90.260000,1167.165471,34.932492,33.412030,0.871000,11.538000,
syn1_t100-w0p2,946615675,10,17,115104.185052,14.987524,77.541726,87.610000,1388.226353,38.916332,35.672076,0.878000,11.013000,
syn1_t100-w0p2,1056634028,10,17,111497.493488,14.517903,80.809360,93.620000,1210.690543,34.360000,35.235464,0.885000,11.424000,
syn1_t100-w0p2,1486441653,10,17,114929.597582,14.964791,80.628308,95.710000,1125.187130,34.859366,32.277900,0.865000,11.441000,
syn1_t3-w0p02,946615675,10,17,143595.353442,18.697312,77.048286,87.810000,1499.313859,38.301993,39.144539,0.884000,7.402000,
syn1_t3-w0p02,1056634028,10,17,134539.747990,17.518196,75.581230,91.780000,1602.347425,39.600864,40.462436,0.800000,7.275000,
syn1_t3-w0p02,1486441653,10,17,169197.101634,22.030873,76.173694,87.420000,1495.399259,39.702894,37.664742,0.849000,7.445000,
syn1_t3-w2,946615675,10,17,111462.607526,14.513360,79.665938,91.410000,1276.992231,34.925307,36.563522,0.839000,8.286000,
syn1_t3-w2,1056634028,10,17,123267.402528,16.050443,81.171270,94.530000,1154.129214,34.164956,33.781083,0.901000,8.560000,
syn1_t3-w2,1486441653,10,17,89946.786702,11.711821,80.014761,95.430000,1235.843683,35.691623,34.625595,0.845000,8.516000,
syn4_t0p01-w2,946615675,13,30,156136.857436,11.959012,82.149783,94.730000,858.563381,28.934661,29.672488,2.413000,12.657000,
syn4_t0p01-w2,1056634028,13,30,187096.997512,14.330346,81.122056,92.890000,934.887806,30.450000,30.702391,2.385000,12.391000,
syn4_t0p01-w2,1486441653,13,30,178564.863192,13.676843,82.696289,92.530000,827.386409,29.369046,28.172056,2.340000,12.824000,
syn4_t0p01-w50,946615675,13,30,197610.078964,15.135576,80.497698,91.100000,936.206642,31.420378,29.796161,2.373000,11.883000,
syn4_t0p01-w50,1056634028,13,30,297081.169140,22.754379,62.051707,81.850000,3693.958079,53.284463,69.325238,2.369000,8.034000,
syn4_t0p01-w50,1486441653,13,30,210774.905760,16.143911,80.292996,88.920000,920.796282,31.360120,29.362014,2.316000,12.189000,
syn4_t0p1-w0,946615675,13,30,157285.858924,12.047017,78.602412,88.010000,1091.780132,33.066682,33.017529,2.133000,11.477000,
syn4_t0p1-w0,1056634028,13,30,226192.717982,17.324810,78.611033,89.280000,1044.632038,31.807969,32.841834,2.193000,11.573000,
syn4_t0p1-w0,1486441653,13,30,187524.620042,14.363099,79.938984,91.430000,965.496975,30.136834,32.037107,2.128000,11.725000,
syn4_t0p3-w0p2,946615675,13,30,158986.105804,12.177245,80.028071,91.800000,887.378484,27.612876,32.136402,2.168000,11.761000,
syn4_t0p3-w0p2,1056634028,13,30,187712.565420,14.377494,77.852004,93.420000,1061.851417,30.456323,34.864728,2.213000,11.135000,
syn4_t0p3-w0p2,1486441653,13,30,170307.695816,13.044401,81.016931,93.620000,916.602741,29.378470,31.199812,2.164000,11.902000,
syn4_t1-w50,946615675,13,30,219400.669246,16.804586,79.945298,87.980000,979.451562,31.230476,31.362044,2.100000,8.623000,
syn4_t1-w50,1056634028,13,30,202499.996330,15.510110,78.601306,89.520000,1138.017521,33.725416,33.743617,2.108000,8.524000,
syn4_t1-w50,1486441653,13,30,205959.474788,15.775082,81.932874,91.740000,875.533199,29.510224,29.668809,2.203000,9.325000,
syn4_t10-w0,946615675,13,30,194803.494552,14.920611,75.648459,84.540000,1270.477104,36.368880,34.933083,2.140000,7.895000,
syn4_t10-w0,1056634028,13,30,234954.111640,17.995873,75.360518,89.900000,1257.592710,36.151615,34.786626,2.190000,7.595000,
syn4_t10-w0,1486441653,13,30,209264.542716,16.028228,76.996433,89.050000,1188.411364,33.996745,34.956622,2.096000,8.098000,
syn4_t10-w0p2,946615675,13,30,161011.089348,12.332344,78.803855,92.710000,1079.211896,32.917955,32.784901,2.217000,11.490000,
syn4_t10-w0p2,1056634028,13,30,179662.756920,13.760934,77.665608,92.310000,1150.671621,33.497229,34.351248,2.093000,11.320000,
syn4_t10-w0p2,1486441653,13,30,166060.785806,12.719117,81.447698,90.600000,932.438274,30.532093,30.539612,2.186000,12.196000,
syn4_t100-w0p02,946615675,13,30,181542.599196,13.904917,75.643655,85.610000,1235.893764,36.366420,33.984477,2.124000,10.601000,
syn4_t100-w0p02,1056634028,13,30,244866.790166,18.755116,76.974009,89.290000,1110.362764,31.525323,35.221297,2.123000,11.105000,
syn4_t100-w0p02,1486441653,13,30,216319.750532,16.568608,77.007144,90.790000,1228.370567,34.783818,35.314426,2.162000,10.779000,
syn4_t100-w0p2,946615675,13,30,167771.307344,12.850131,81.635872,92.940000,897.240495,29.776219,30.132788,2.132000,12.308000,
syn4_t100-w0p2,1056634028,13,30,195866.191136,15.002006,78.790249,95.770000,964.251477,28.451429,33.891144,2.147000,11.329000,
syn4_t100-w0p2,1486441653,13,30,168320.420586,12.892189,79.397468,93.010000,1011.390022,30.801019,32.836252,2.098000,11.390000,
syn4_t100-w50,946615675,13,30,176622.700016,13.528087,81.098000,89.990000,938.851121,30.805970,30.476272,2.107000,9.219000,
syn4_t100-w50,1056634028,13,30,203093.505500,15.555569,83.097776,94.250000,832.437245,29.265289,28.444525,2.196000,12.646000,
syn4_t100-w50,1486441653,13,30,156977.382092,12.023390,79.491555,96.540000,1007.115349,32.786467,30.717410,2.133000,8.787000,
syn4_t3-w2,946615675,13,30,153638.071368,11.767622,81.237710,90.440000,917.798119,30.463665,30.127633,2.186000,9.151000,
syn4_t3-w2,1056634028,13,30,155606.792452,11.918412,79.587607,93.250000,980.592769,32.646987,30.036241,2.164000,8.793000,
syn4_t3-w2,1486441653,13,30,181630.995544,13.911688,80.260159,90.150000,893.708851,31.672217,28.217439,2.130000,8.922000,
syn4_t30-w0p02,946615675,13,30,202737.130608,15.528273,75.521606,85.460000,1248.934139,36.280215,34.424662,2.232000,10.552000,
syn4_t30-w0p02,1056634028,13,30,246404.963938,18.872929,76.014802,90.430000,1269.559181,35.608514,35.653248,2.187000,7.816000,
syn4_t30-w0p02,1486441653,13,30,187883.793656,14.390609,78.168530,92.600000,1052.976824,30.686048,34.314514,2.230000,11.130000,
syn4_t30-w0p2,946615675,13,30,167093.269636,12.798198,81.217717,92.010000,907.224219,30.760068,29.493570,2.259000,12.081000,
syn4_t30-w0p2,1056634028,13,30,192193.888838,14.720733,77.631824,92.560000,958.171831,35.097841,27.300022,2.158000,11.120000,
syn4_t30-w0p2,1486441653,13,30,155939.380178,11.943886,79.263875,92.690000,988.443069,29.663561,33.321794,2.108000,11.482000,
syn4_t30-w50,946615675,13,30,184944.414348,14.165473,78.980129,90.160000,1030.847396,33.424014,30.841520,2.220000,11.492000,
syn4_t30-w50,1056634028,13,30,159847.800352,12.243245,81.235562,90.500000,900.502179,29.385537,30.644401,2.165000,11.963000,
syn4_t30-w50,1486441653,13,30,213124.286924,16.323858,79.779050,90.550000,970.782084,32.223359,30.126657,2.186000,11.633000,
xerox6_m_t0-w0,946615675,6,8,80283.392048,14.254864,64.590808,79.200000,1168.794536,32.333638,36.147944,0.147000,7.871000,
xerox6_m_t0-w0,1056634028,6,8,119505.267644,21.218975,64.105347,79.210000,1269.075913,36.031719,35.221076,0.136000,10.624000,
xerox6_m_t0-w0,1486441653,6,8,121857.003864,21.636542,64.045671,81.290000,1109.352010,29.653846,37.410055,0.131000,10.324000,
xerox6_m_t0-w0p02,946615675,6,8,81144.649052,14.407786,64.832141,79.960000,1091.720320,30.196685,36.153648,0.136000,7.607000,
xerox6_m_t0-w0p02,1056634028,6,8,86469.021528,15.353164,64.251550,77.330000,1210.656825,33.412344,36.233819,0.136000,7.641000,
xerox6_m_t0-w0p02,1486441653,6,8,95231.189220,16.908947,64.581118,81.250000,1180.038386,32.898860,35.868671,0.129000,7.732000,
xerox6_m_t0-w0p2,946615675,6,8,58572.598948,10.399964,65.027856,81.080000,1030.557572,28.425042,36.255270,0.124000,10.455000,
xerox6_m_t0-w0p2,1056634028,6,8,77252.544474,13.716716,64.626619,78.850000,1077.963582,35.734183,30.166174,0.127000,7.687000,
xerox6_m_t0-w0p2,1486441653,6,8,97447.495010,17.302467,64.962561,78.920000,1149.520853,32.847343,34.995855,0.144000,7.633000,
xerox6_m_t0-w2,946615675,6,8,48920.131926,8.686103,65.221506,80.620000,1126.540240,32.955720,34.183451,0.136000,10.840000,
xerox6_m_t0-w2,1056634028,6,8,52022.916930,9.237024,66.465527,80.230000,999.582746,30.496822,32.776620,0.126000,11.164000,
xerox6_m_t0-w2,1486441653,6,8,75537.168534,13.412139,65.069329,80.780000,1055.198292,30.199782,34.940593,0.149000,10.785000,
xerox6_m_t0-w50,946615675,6,8,62093.339370,11.025096,64.776777,78.460000,1071.399701,29.642668,36.143835,0.144000,10.922000,
xerox6_m_t0-w50,1056634028,6,8,124038.712542,22.023919,53.005317,71.300000,2199.736842,25.036858,87.859940,0.143000,7.257000,
xerox6_m_t0p01-w0,946615675,6,8,80099.756038,14.222258,64.575483,79.150000,1176.139431,32.533541,36.151596,0.162000,10.994000,
xerox6_m_t0p01-w0,1056634028,6,8,95947.959262,17.036214,64.625505,79.440000,1159.616679,32.073113,36.155414,0.128000,11.005000,
xerox6_m_t0p01-w0,1486441653,6,8,125057.827396,22.204870,64.055413,81.200000,1158.042189,30.950124,37.416399,0.127000,10.663000,
xerox6_m_t0p01-w0p02,946615675,6,8,80855.273726,14.356405,64.820754,79.930000,1091.347337,30.194523,36.143884,0.155000,7.768000,
xerox6_m_t0p01-w0p02,1056634028,6,8,105116.555928,18.664161,63.521526,77.110000,1237.891898,37.099290,33.366997,0.135000,10.671000,
xerox6_m_t0p01-w0p02,1486441653,6,8,95291.313878,16.919622,64.619692,81.280000,1177.444314,32.900159,35.788408,0.133000,7.860000,
xerox6_m_t0p01-w0p2,946615675,6,8,58970.240072,10.470568,64.961238,80.490000,1043.941325,28.808169,36.237684,0.142000,7.757000,
xerox6_m_t0p01-w0p2,1056634028,6,8,74540.060926,13.235096,64.686104,79.060000,1064.699093,35.535537,29.961531,0.161000,7.722000,
xerox6_m_t0p01-w0p2,1486441653,6,8,70734.631734,12.559416,64.722927,80.280000,1145.509309,32.439740,35.311914,0.146000,7.723000,
xerox6_m_t0p01-w2,946615675,6,8,44519.463372,7.904734,63.792295,79.820000,1128.089243,37.664921,29.950660,0.137000,10.508000,
xerox6_m_t0p01-w2,1056634028,6,8,68873.510114,12.228961,64.819766,79.270000,1146.330503,33.233191,34.493543,0.138000,7.675000,
xerox6_m_t0p01-w2,1486441653,6,8,40604.140214,7.209542,66.444607,81.540000,993.597993,30.314573,32.776249,0.140000,11.141000,
xerox6_m_t0p01-w50,946615675,6,8,150166.025064,26.663002,57.892266,77.180000,2663.941060,56.441199,47.198520,0.147000,7.834000,
xerox6_m_t0p01-w50,1056634028,6,8,73028.734050,12.966750,63.931809,80.640000,1199.883093,31.327616,38.301130,0.140000,10.526000,
xerox6_m_t0p01-w50,1486441653,6,8,264353.878260,46.937833,53.698699,74.320000,3845.300724,47.575248,80.825658,0.134000,7.001000,
xerox6_m_t0p03-w0,946615675,6,8,80505.661528,14.294329,64.571599,79.130000,1172.416055,32.431355,36.150696,0.128000,10.623000,
xerox6_m_t0p03-w0,1056634028,6,8,94703.951328,16.815332,64.642188,79.540000,1155.380095,31.966176,36.143832,0.139000,10.597000,
xerox6_m_t0p03-w0,1486441653,6,8,126306.195536,22.426526,64.232053,81.210000,1134.579199,30.742006,36.906479,0.142000,10.386000,
xerox6_m_t0p03-w0p02,946615675,6,8,80391.026736,14.273975,64.864343,80.050000,1092.469519,30.231879,36.136342,0.144000,10.653000,
xerox6_m_t0p03-w0p02,1056634028,6,8,87835.880144,15.595859,64.004612,78.850000,1271.188942,34.621227,36.717039,0.142000,10.348000,
xerox6_m_t0p03-w0p02,1486441653,6,8,95318.287030,16.924412,64.633567,81.290000,1176.301373,32.896352,35.757806,0.146000,10.680000,
xerox6_m_t0p03-w0p2,946615675,6,8,58947.369780,10.466507,65.046638,81.050000,1032.508781,28.556189,36.157093,0.139000,10.664000,
xerox6_m_t0p03-w0p2,1056634028,6,8,74309.347206,13.194131,64.699629,79.110000,1064.146334,35.512712,29.965223,0.119000,10.852000,
xerox6_m_t0p03-w0p2,1486441653,6,8,101099.747978,17.950950,64.793159,81.180000,1157.124811,33.048968,35.012434,0.131000,10.683000,
xerox6_m_t0p03-w2,946615675,6,8,72461.994378,12.866121,67.593560,80.680000,903.100139,30.147339,29.956214,0.139000,9.043000,
xerox6_m_t0p03-w2,1056634028,6,8,81826.617570,14.528874,65.179446,82.470000,1051.049890,29.028158,36.207943,0.149000,7.849000,
xerox6_m_t0p03-w2,1486441653,6,8,50770.553194,9.014658,66.702629,81.630000,949.523922,29.198026,32.520141,0.146000,8.555000,
xerox6_m_t0p03-w50,946615675,6,8,336130.773696,59.682311,52.117554,72.440000,6956.741664,74.972360,92.790752,0.120000,3.738000,
xerox6_m_t0p03-w50,1056634028,6,8,289305.923128,51.368239,53.185178,73.630000,6465.253541,82.234474,78.619747,0.138000,6.866000,
xerox6_m_t0p03-w50,1486441653,6,8,73772.887052,13.098879,62.698020,79.720000,1472.870307,41.287137,35.673830,0.134000,6.722000,
xerox6_m_t0p1-w0,946615675,6,8,80757.868308,14.339110,64.548943,79.120000,1182.130050,32.708562,36.141303,0.127000,10.599000,
xerox6_m_t0p1-w0,1056634028,6,8,118599.804566,21.058204,64.078064,78.350000,1183.938401,32.434096,36.502895,0.126000,7.344000,
xerox6_m_t0p1-w0,1486441653,6,8,119124.800564,21.151421,64.235071,81.480000,1058.574950,28.574533,37.046098,0.132000,10.647000,
xerox6_m_t0p1-w0p02,946615675,6,8,81925.723922,14.546471,64.773086,79.830000,1095.566714,30.317575,36.136357,0.143000,10.616000,
xerox6_m_t0p1-w0p02,1056634028,6,8,92178.023376,16.366837,63.612585,77.940000,1331.959114,36.354879,36.637699,0.135000,10.515000,
xerox6_m_t0p1-w0p02,1486441653,6,8,78340.757986,13.909936,66.445142,82.580000,1069.864960,32.895389,32.523250,0.142000,11.339000,
xerox6_m_t0p1-w0p2,946615675,6,8,58576.588704,10.400673,65.025833,81.090000,1034.765553,28.559631,36.231755,0.143000,10.572000,
xerox6_m_t0p1-w0p2,1056634028,6,8,74484.547598,13.225239,64.687813,79.100000,1064.429562,35.531223,29.957583,0.159000,10.785000,
xerox6_m_t0p1-w0p2,1486441653,6,8,83254.271824,14.782364,64.529595,79.610000,1219.154589,34.485880,35.352283,0.147000,10.479000,
xerox6_m_t0p1-w2,946615675,6,8,41679.470022,7.400474,65.140073,79.660000,1111.850992,34.237136,32.475000,0.150000,10.996000,
xerox6_m_t0p1-w2,1056634028,6,8,55486.744880,9.852050,64.742056,79.410000,1176.616602,34.996391,33.621084,0.155000,10.843000,
xerox6_m_t0p1-w2,1486441653,6,8,63696.398820,11.309730,65.769673,81.530000,1101.279516,32.847312,33.527234,0.142000,10.940000,
xerox6_m_t0p1-w50,946615675,6,8,107619.722126,19.108615,59.607681,76.510000,1664.461185,32.903323,50.586416,0.133000,8.735000,
xerox6_m_t0p1-w50,1056634028,6,8,54998.100516,9.765288,63.011238,80.160000,1140.440327,28.387644,40.173828,0.131000,9.943000,
xerox6_m_t0p1-w50,1486441653,6,8,52269.176120,9.280749,66.646475,82.130000,991.350321,30.239319,32.783487,0.134000,8.494000,
xerox6_m_t0p3-w0,946615675,6,8,80950.701728,14.373349,64.464897,78.740000,1210.453220,33.480723,36.153736,0.130000,7.614000,
xerox6_m_t0p3-w0,1056634028,6,8,109442.810614,19.432317,63.553970,78.260000,1356.608393,37.322680,36.348097,0.123000,7.697000,
xerox6_m_t0p3-w0,1486441653,6,8,120240.542442,21.349528,63.903647,81.280000,1126.729031,29.791039,37.821072,0.119000,7.436000,
xerox6_m_t0p3-w0p02,946615675,6,8,82220.298542,14.598775,64.702383,79.540000,1116.916844,30.905332,36.139940,0.134000,10.658000,
xerox6_m_t0p3-w0p02,1056634028,6,8,85330.430452,15.151000,64.390320,78.510000,1226.929534,33.951316,36.137908,0.126000,7.454000,
xerox6_m_t0p3-w0p02,1486441653,6,8,75859.773134,13.469420,66.479939,82.920000,1068.205321,32.891145,32.476988,0.142000,8.598000,
xerox6_m_t0p3-w0p2,946615675,6,8,59103.925882,10.494305,64.976858,80.350000,1049.320829,28.993922,36.191062,0.127000,10.709000,
xerox6_m_t0p3-w0p2,1056634028,6,8,74549.950162,13.236852,64.596233,78.820000,1070.739011,35.647867,30.036552,0.131000,10.925000,
xerox6_m_t0p3-w0p2,1486441653,6,8,101710.801212,18.059446,64.782847,81.150000,1162.216146,33.147029,35.062453,0.135000,10.706000,
xerox6_m_t0p3-w2,946615675,6,8,53930.096214,9.575656,66.559502,81.230000,981.140403,30.169934,32.520469,0.127000,11.463000,
xerox6_m_t0p3-w2,1056634028,6,8,59876.115980,10.631413,65.414121,77.650000,1084.750289,33.383433,32.493671,0.132000,11.108000,
xerox6_m_t0p3-w2,1486441653,6,8,62986.108962,11.183613,67.436519,81.500000,924.506556,30.095649,30.718944,0.121000,11.630000,
xerox6_m_t0p3-w50,946615675,6,8,120069.506008,21.319159,62.151541,78.630000,1766.816535,42.100439,41.966701,0.134000,9.832000,
xerox6_m_t0p3-w50,1056634028,6,8,96274.884016,17.094262,60.551528,78.300000,1612.489128,34.054024,47.350913,0.114000,8.966000,
xerox6_m_t0p3-w50,1486441653,6,8,73607.177796,13.069456,67.382512,81.240000,920.124051,30.700949,29.970541,0.109000,11.864000,
xerox6_m_t1-w0,946615675,6,8,75923.408764,13.480719,63.940713,77.950000,1312.142270,36.310669,36.136549,0.121000,10.493000,
xerox6_m_t1-w0,1056634028,6,8,108877.017992,19.331857,63.497629,78.170000,1338.899109,37.297300,35.898017,0.133000,10.515000,
xerox6_m_t1-w0,1486441653,6,8,121508.510964,21.574665,64.754670,81.250000,1165.661627,32.487708,35.880082,0.123000,10.748000,
xerox6_m_t1-w0p02,946615675,6,8,60989.393718,10.829083,63.864253,77.760000,1290.245846,35.633932,36.208349,0.123000,7.741000,
xerox6_m_t1-w0p02,1056634028,6,8,69708.404456,12.377202,63.302515,76.090000,1388.966250,37.434708,37.103702,0.126000,7.385000,
xerox6_m_t1-w0p02,1486441653,6,8,98261.434624,17.446988,64.918840,81.430000,1169.392579,33.392881,35.019218,0.123000,8.057000,
xerox6_m_t1-w0p2,946615675,6,8,59073.873942,10.488969,64.986169,80.400000,1052.695014,29.098287,36.177216,0.120000,7.832000,
xerox6_m_t1-w0p2,1056634028,6,8,74430.115460,13.215574,64.541890,78.880000,1088.911316,35.787966,30.426745,0.123000,7.834000,
xerox6_m_t1-w0p2,1486441653,6,8,100938.181924,17.922262,64.752732,81.170000,1154.464701,32.955637,35.030872,0.126000,7.911000,
xerox6_m_t1-w2,946615675,6,8,52312.068696,9.288364,64.660242,79.520000,1064.286809,29.328345,36.288676,0.121000,10.694000,
xerox6_m_t1-w2,1056634028,6,8,47670.327498,8.464192,64.939670,81.060000,1118.596526,35.041867,31.921716,0.120000,10.916000,
xerox6_m_t1-w2,1486441653,6,8,47705.525484,8.470441,67.385513,81.400000,921.894499,30.760257,29.970312,0.133000,11.752000,
xerox6_m_t1-w50,946615675,6,8,84990.811994,15.090698,64.645063,81.830000,1103.411454,30.392034,36.305943,0.124000,10.769000,
xerox6_m_t1-w50,1056634028,6,8,75554.735962,13.415259,65.600420,80.390000,1122.289336,34.449904,32.577430,0.136000,10.851000,
xerox6_m_t1-w50,1486441653,6,8,347130.441192,61.635377,52.439268,73.180000,6334.594931,75.124152,84.321683,0.126000,6.578000,
xerox6_m_t10-w0,946615675,6,8,69166.062808,12.280906,62.638645,75.120000,1435.196495,36.736281,39.067550,0.120000,10.123000,
xerox6_m_t10-w0,1056634028,6,8,108382.229528,19.244004,63.851055,76.980000,1300.667583,35.902828,36.227441,0.115000,10.644000,
xerox6_m_t10-w0,1486441653,6,8,106871.344366,18.975736,63.166013,79.420000,1369.620775,34.942264,39.196681,0.127000,10.038000,
xerox6_m_t10-w0p02,946615675,6,8,66978.005346,11.892402,62.982444,75.640000,1347.244937,34.818574,38.693283,0.141000,10.050000,
xerox6_m_t10-w0p02,1056634028,6,8,86843.619410,15.419677,64.368296,77.230000,1169.934426,35.672700,32.796352,0.134000,10.732000,
xerox6_m_t10-w0p02,1486441653,6,8,72933.988478,12.949927,63.738965,79.840000,1220.740730,31.715786,38.490004,0.145000,10.336000,
xerox6_m_t10-w0p2,946615675,6,8,69408.053110,12.323873,67.446411,81.170000,917.245718,30.575055,29.999806,0.147000,9.137000,
xerox6_m_t10-w0p2,1056634028,6,8,82611.597080,14.668252,65.122922,78.390000,1129.255700,33.081381,34.135688,0.154000,8.194000,
xerox6_m_t10-w0p2,1486441653,6,8,56069.114420,9.955454,66.139578,79.550000,995.683649,30.377309,32.777217,0.152000,8.399000,
xerox6_m_t10-w2,946615675,6,8,62277.734032,11.057836,66.616204,80.580000,948.610860,28.934956,32.784251,0.155000,8.614000,
xerox6_m_t10-w2,1056634028,6,8,88191.511578,15.659004,67.403955,80.910000,916.483962,30.587650,29.962549,0.149000,8.994000,
xerox6_m_t10-w2,1486441653,6,8,60287.671534,10.704487,66.404219,80.130000,991.550931,30.220491,32.810550,0.147000,8.523000,
xerox6_m_t10-w50,946615675,6,8,179681.314904,31.903643,55.547268,74.980000,2796.564589,41.684492,67.088849,0.157000,7.359000,
xerox6_m_t10-w50,1056634028,6,8,293254.458218,52.069329,54.347883,74.060000,4419.955622,58.298203,75.816327,0.137000,7.358000,
xerox6_m_t10-w50,1486441653,6,8,65088.609052,11.556926,64.532446,80.610000,1173.429098,32.469873,36.139011,0.156000,10.552000,
xerox6_m_t100-w0,946615675,6,8,65322.738572,11.598498,63.708706,76.450000,1332.705886,36.832450,36.182928,0.159000,10.303000,
xerox6_m_t100-w0,1056634028,6,8,85430.997840,15.168856,64.169490,76.940000,1234.629128,34.166499,36.135664,0.167000,10.718000,
xerox6_m_t100-w0,1486441653,6,8,108298.382660,19.229116,63.051079,78.540000,1435.355149,36.475645,39.351056,0.154000,9.986000,
xerox6_m_t100-w0p02,946615675,6,8,67995.419926,12.073050,62.774480,75.600000,1343.201426,34.162774,39.317692,0.159000,9.899000,
xerox6_m_t100-w0p02,1056634028,6,8,137381.312266,24.392989,63.237668,78.420000,1369.706551,36.629867,37.393162,0.152000,10.233000,
xerox6_m_t100-w0p02,1486441653,6,8,131420.062320,23.334528,63.212759,79.180000,1366.563639,34.943530,39.107773,0.172000,10.140000,
xerox6_m_t100-w0p2,946615675,6,8,57757.472954,10.255233,65.661218,78.590000,1111.308717,33.810341,32.868900,0.140000,11.149000,
xerox6_m_t100-w0p2,1056634028,6,8,102660.250976,18.228028,62.893333,78.310000,1394.807471,38.565030,36.167675,0.150000,10.222000,
xerox6_m_t100-w0p2,1486441653,6,8,73486.287546,13.047991,64.095479,79.210000,1007.826629,27.160682,37.106087,0.142000,10.586000,
xerox6_m_t100-w2,946615675,6,8,58570.187492,10.399536,67.951584,81.500000,875.303706,29.137153,30.040811,0.126000,8.997000,
xerox6_m_t100-w2,1056634028,6,8,49148.251082,8.726607,64.920325,80.070000,1060.052628,30.194507,35.107466,0.147000,10.868000,
xerox6_m_t100-w2,1486441653,6,8,67214.737448,11.934435,67.287974,80.660000,900.590149,29.393947,30.638626,0.124000,8.594000,
xerox6_m_t100-w50,946615675,6,8,57658.885836,10.237728,66.804814,81.590000,939.485525,29.222342,32.149563,0.136000,8.372000,
xerox6_m_t100-w50,1056634028,6,8,155708.316104,27.647073,57.759048,79.980000,1933.462517,59.062432,32.735911,0.119000,5.250000,
xerox6_m_t100-w50,1486441653,6,8,104284.688112,18.516457,59.423721,74.800000,1962.488541,39.412585,49.793449,0.130000,5.705000,
xerox6_m_t3-w0,946615675,6,8,65479.332422,11.626302,62.839575,76.450000,1378.344734,38.131294,36.147337,0.134000,10.355000,
xerox6_m_t3-w0,1056634028,6,8,97024.211006,17.227310,64.055657,77.600000,1244.770826,36.511850,34.092242,0.138000,7.474000,
xerox6_m_t3-w0,1486441653,6,8,105353.300602,18.706197,65.727905,80.760000,1103.446984,32.491810,33.960773,0.136000,11.066000,
xerox6_m_t3-w0p02,946615675,6,8,62568.224118,11.109415,62.894260,76.490000,1368.973913,37.878697,36.140998,0.133000,10.260000,
xerox6_m_t3-w0p02,1056634028,6,8,84439.815614,14.992865,63.377852,78.650000,1288.776697,33.349968,38.644016,0.133000,10.123000,
xerox6_m_t3-w0p02,1486441653,6,8,79530.949328,14.121262,64.446912,77.720000,1216.967322,33.678354,36.135000,0.137000,10.496000,
xerox6_m_t3-w0p2,946615675,6,8,59303.365812,10.529717,64.877861,81.250000,1099.954113,30.433082,36.143369,0.120000,10.644000,
xerox6_m_t3-w0p2,1056634028,6,8,99458.066542,17.659458,63.338562,78.530000,1251.492233,38.483771,32.520000,0.131000,10.440000,
xerox6_m_t3-w0p2,1486441653,6,8,78078.739460,13.863413,64.897148,78.580000,1019.270772,28.882087,35.290759,0.126000,10.761000,
xerox6_m_t3-w2,946615675,6,8,54794.957540,9.729218,66.558445,80.720000,875.308881,26.950452,32.478449,0.115000,11.444000,
xerox6_m_t3-w2,1056634028,6,8,51890.236956,9.213465,66.223630,80.950000,996.449083,30.390762,32.787894,0.117000,11.357000,
xerox6_m_t3-w2,1486441653,6,8,40700.693256,7.226686,66.243162,81.810000,1013.834664,30.829285,32.885442,0.139000,11.470000,
xerox6_m_t3-w50,946615675,6,8,119070.830810,21.141838,62.260332,75.630000,1433.077554,39.989010,35.836785,0.130000,6.923000,
xerox6_m_t3-w50,1056634028,6,8,41288.647344,7.331081,66.239304,80.410000,994.567864,30.336686,32.784328,0.123000,11.290000,
xerox6_m_t3-w50,1486441653,6,8,77211.276576,13.709389,63.788108,77.880000,1272.752286,36.579005,34.794612,0.111000,7.802000,
xerox6_m_t30-w0,946615675,6,8,65043.632634,11.548940,63.978132,76.410000,1299.436335,35.884692,36.211439,0.124000,7.486000,
xerox6_m_t30-w0,1056634028,6,8,137240.443894,24.367977,63.233899,78.430000,1370.758619,36.612877,37.439249,0.122000,7.321000,
xerox6_m_t30-w0,1486441653,6,8,107008.888786,19.000158,63.182517,78.630000,1421.036078,36.312148,39.133903,0.141000,7.242000,
xerox6_m_t30-w0p02,946615675,6,8,64408.713250,11.436206,63.126831,75.700000,1335.491587,38.010062,35.135212,0.120000,10.093000,
xerox6_m_t30-w0p02,1056634028,6,8,118922.603984,21.115519,64.386479,77.420000,1221.848538,34.997919,34.912034,0.117000,7.858000,
xerox6_m_t30-w0p02,1486441653,6,8,133638.293004,23.728390,63.273232,79.550000,1363.520371,34.868645,39.104484,0.129000,10.057000,
xerox6_m_t30-w0p2,946615675,6,8,71167.823986,12.636332,66.601826,80.150000,958.694322,31.814199,30.134165,0.127000,11.714000,
xerox6_m_t30-w0p2,1056634028,6,8,90079.397816,15.994211,63.209163,77.810000,1374.048568,35.614880,38.580744,0.135000,10.221000,
xerox6_m_t30-w0p2,1486441653,6,8,50298.558708,8.930852,65.459661,79.950000,1040.023074,30.145398,34.500227,0.119000,10.978000,
xerox6_m_t30-w2,946615675,6,8,51661.731194,9.172893,66.442991,81.270000,1012.621452,30.895351,32.775852,0.127000,11.219000,
xerox6_m_t30-w2,1056634028,6,8,51859.778914,9.208057,66.461064,82.360000,1055.764483,32.463641,32.521444,0.123000,11.385000,
xerox6_m_t30-w2,1486441653,6,8,47965.975326,8.516686,67.501995,80.980000,910.376187,30.335204,30.010551,0.126000,11.933000,
xerox6_m_t30-w50,946615675,6,8,227099.558772,40.323075,53.205901,73.940000,2082.174010,87.528357,23.788565,0.131000,7.024000,
xerox6_m_t30-w50,1056634028,6,8,201964.721922,35.860213,58.331948,76.460000,2721.838302,53.412845,50.958497,0.130000,8.271000,
xerox6_m_t30-w50,1486441653,6,8,67868.463072,12.050508,63.774919,78.360000,1181.355213,31.174240,37.895237,0.131000,10.394000,
xerox7_m_t0-w0,946615675,7,12,137484.934178,17.901684,64.495667,77.820000,1794.972878,42.600131,42.135384,0.258000,7.404000,
xerox7_m_t0-w0,1056634028,7,12,154588.674726,20.128734,65.642380,80.370000,1399.816184,41.147523,34.019452,0.268000,10.888000,
xerox7_m_t0-w0,1486441653,7,12,139035.784708,18.103618,64.666299,78.590000,1654.313924,37.890374,43.660533,0.262000,7.198000,
xerox7_m_t0-w0p02,946615675,7,12,123155.140684,16.035826,65.321511,80.330000,1563.255988,41.797210,37.400965,0.286000,7.580000,
xerox7_m_t0-w0p02,1056634028,7,12,155874.521188,20.296162,65.766304,80.320000,1333.462658,40.892576,32.608918,0.276000,7.823000,
xerox7_m_t0-w0p02,1486441653,7,12,132176.597856,17.210495,66.035286,78.800000,1497.788111,37.462192,39.981326,0.287000,8.189000,
xerox7_m_t0-w0p2,946615675,7,12,90006.661890,11.719617,66.263850,82.530000,1481.997647,39.342983,37.668665,0.295000,11.053000,
xerox7_m_t0-w0p2,1056634028,7,12,120653.379078,15.710075,65.861418,80.690000,1458.555518,40.583371,35.939733,0.285000,7.869000,
xerox7_m_t0-w0p2,1486441653,7,12,125101.221394,16.289222,65.860100,79.260000,1368.020899,40.294478,33.950580,0.284000,10.709000,
xerox7_m_t0-w2,946615675,7,12,90328.340820,11.761503,68.003271,81.000000,1233.921440,34.094106,36.191635,0.277000,11.170000,
xerox7_m_t0-w2,1056634028,7,12,111584.543568,14.529237,66.710181,81.040000,1419.246207,36.784007,38.583241,0.265000,10.923000,
xerox7_m_t0-w2,1486441653,7,12,91665.317994,11.935588,68.200037,82.350000,1210.367281,33.782252,35.828496,0.245000,11.731000,
xerox7_m_t0-w50,946615675,7,12,115515.154274,15.041036,65.234258,79.520000,1512.997909,35.863825,42.187299,0.266000,10.351000,
xerox7_m_t0-w50,1056634028,7,12,118598.934560,15.442570,67.284539,83.090000,1366.792658,36.199518,37.757206,0.265000,11.542000,
xerox7_m_t0-w50,1486441653,7,12,85971.349582,11.194186,68.172158,81.190000,1188.360379,33.175802,35.820095,0.272000,11.546000,
xerox7_m_t0p01-w0,946615675,7,12,142328.980472,18.532419,64.501963,78.010000,1788.586308,42.571054,42.014142,0.255000,10.467000,
xerox7_m_t0p01-w0,1056634028,7,12,154133.967614,20.069527,66.957878,80.270000,1371.498841,37.626395,36.450445,0.285000,11.250000,
xerox7_m_t0p01-w0,1486441653,7,12,138747.095718,18.066028,64.682168,78.550000,1650.896622,37.900406,43.558811,0.270000,10.429000,
xerox7_m_t0p01-w0p02,946615675,7,12,122925.465488,16.005920,65.230723,80.260000,1584.533545,42.066240,37.667582,0.254000,7.574000,
xerox7_m_t0p01-w0p02,1056634028,7,12,155704.811258,20.274064,65.736719,80.320000,1337.077902,40.987364,32.621710,0.244000,7.793000,
xerox7_m_t0p01-w0p02,1486441653,7,12,132800.889436,17.291782,65.908948,79.280000,1462.903658,36.615097,39.953565,0.242000,7.761000,
xerox7_m_t0p01-w0p2,946615675,7,12,98252.729938,12.793324,66.829548,79.850000,1397.724442,38.034439,36.748917,0.247000,8.331000,
xerox7_m_t0p01-w0p2,1056634028,7,12,103833.985552,13.520050,66.416848,79.970000,1477.213333,37.688617,39.195212,0.229000,7.993000,
xerox7_m_t0p01-w0p2,1486441653,7,12,132262.066822,17.221623,65.638645,78.600000,1377.932837,40.587849,33.949393,0.240000,7.752000,
xerox7_m_t0p01-w2,946615675,7,12,86462.406592,11.258126,68.205491,82.940000,1276.963006,35.294721,36.180000,0.252000,11.604000,
xerox7_m_t0p01-w2,1056634028,7,12,92883.173148,12.094163,67.297854,79.870000,1314.765212,35.087128,37.471440,0.263000,11.246000,
xerox7_m_t0p01-w2,1486441653,7,12,122890.103690,16.001316,66.123425,81.430000,1369.955613,40.056630,34.200471,0.265000,10.929000,
xerox7_m_t0p01-w50,946615675,7,12,280419.815960,36.512997,59.583918,78.700000,2980.089957,59.444190,50.132569,0.277000,8.692000,
xerox7_m_t0p01-w50,1056634028,7,12,116621.213922,15.185054,66.420508,82.450000,1489.865931,38.036734,39.169134,0.245000,10.797000,
xerox7_m_t0p01-w50,1486441653,7,12,146236.461052,19.041206,67.384607,85.330000,1464.519709,38.039139,38.500338,0.257000,10.882000,
xerox7_m_t0p03-w0,946615675,7,12,134151.426804,17.467634,64.665181,78.110000,1733.232601,42.590533,40.695255,0.312000,10.369000,
xerox7_m_t0p03-w0,1056634028,7,12,154120.379400,20.067758,66.950947,80.270000,1373.887667,37.622866,36.517358,0.304000,11.219000,
xerox7_m_t0p03-w0,1486441653,7,12,136554.130688,17.780486,64.694893,78.300000,1653.754675,37.983082,43.539244,0.314000,10.488000,
xerox7_m_t0p03-w0p02,946615675,7,12,123376.404362,16.064636,65.283665,80.270000,1576.358712,41.905026,37.617414,0.301000,10.389000,
xerox7_m_t0p03-w0p02,1056634028,7,12,155731.615692,20.277554,65.731445,80.320000,1337.082784,41.002325,32.609926,0.303000,10.797000,
xerox7_m_t0p03-w0p02,1486441653,7,12,132078.911224,17.197775,65.899624,79.330000,1466.055817,36.680874,39.967854,0.304000,10.847000,
xerox7_m_t0p03-w0p2,946615675,7,12,148137.944152,19.288795,67.631746,82.390000,1277.693708,36.716669,34.798737,0.258000,8.323000,
xerox7_m_t0p03-w0p2,1056634028,7,12,155113.044336,20.197011,65.498501,83.370000,1390.875717,42.769856,32.520000,0.253000,7.553000,
xerox7_m_t0p03-w0p2,1486441653,7,12,126514.109634,16.473191,65.794893,79.420000,1377.759279,40.586444,33.946292,0.268000,7.825000,
xerox7_m_t0p03-w2,946615675,7,12,85370.468008,11.115946,67.647402,81.170000,1302.121899,34.719226,37.504347,0.269000,8.130000,
xerox7_m_t0p03-w2,1056634028,7,12,89350.186486,11.634139,67.667434,82.940000,1340.331893,36.534310,36.686936,0.283000,8.237000,
xerox7_m_t0p03-w2,1486441653,7,12,104568.934044,13.615747,66.195400,81.070000,1284.063927,39.448891,32.550064,0.250000,8.095000,
xerox7_m_t0p03-w50,946615675,7,12,353822.752042,46.070671,55.574749,78.130000,4696.501415,60.471614,77.664562,0.267000,7.692000,
xerox7_m_t0p03-w50,1056634028,7,12,116794.078450,15.207562,66.868738,81.220000,1447.270786,37.995118,38.090967,0.228000,11.049000,
xerox7_m_t0p03-w50,1486441653,7,12,213135.313058,27.751994,62.883738,81.510000,2138.491494,49.792141,42.948374,0.262000,9.336000,
xerox7_m_t0p1-w0,946615675,7,12,141098.818028,18.372242,64.372903,77.880000,1823.731919,42.655761,42.754645,0.248000,10.363000,
xerox7_m_t0p1-w0,1056634028,7,12,157185.244750,20.466829,66.533936,80.210000,1405.927174,38.230578,36.774939,0.252000,11.183000,
xerox7_m_t0p1-w0,1486441653,7,12,135041.882860,17.583578,64.714487,78.510000,1623.603141,37.341078,43.480350,0.230000,10.465000,
xerox7_m_t0p1-w0p02,946615675,7,12,123314.246378,16.056542,65.152087,80.180000,1590.707682,42.236685,37.661755,0.240000,10.705000,
xerox7_m_t0p1-w0p02,1056634028,7,12,115197.828826,14.999717,64.261489,78.870000,1453.592274,44.562543,32.619150,0.251000,10.281000,
xerox7_m_t0p1-w0p02,1486441653,7,12,132813.633392,17.293442,65.893367,79.290000,1464.498690,36.624873,39.986451,0.251000,10.641000,
xerox7_m_t0p1-w0p2,946615675,7,12,121466.902820,15.816003,65.864148,79.670000,1466.681381,40.746545,35.995233,0.272000,10.775000,
xerox7_m_t0p1-w0p2,1056634028,7,12,156866.508000,20.425327,65.411025,81.200000,1367.152264,42.036167,32.523238,0.247000,10.657000,
xerox7_m_t0p1-w0p2,1486441653,7,12,125423.989696,16.331249,65.798145,79.280000,1373.424723,40.458573,33.946445,0.245000,10.985000,
xerox7_m_t0p1-w2,946615675,7,12,129154.169886,16.816949,67.279939,81.990000,1334.758044,35.430871,37.672177,0.256000,8.189000,
xerox7_m_t0p1-w2,1056634028,7,12,93013.241780,12.111099,68.544375,85.920000,1246.616307,34.453317,36.182766,0.258000,11.264000,
xerox7_m_t0p1-w2,1486441653,7,12,136561.248188,17.781413,65.423743,81.620000,1548.471619,41.463962,37.344999,0.266000,10.498000,
xerox7_m_t0p1-w50,946615675,7,12,137525.604620,17.906980,63.154897,81.680000,2250.521354,47.487262,47.392106,0.265000,6.717000,
xerox7_m_t0p1-w50,1056634028,7,12,226218.920376,29.455589,58.941646,80.380000,2617.825376,39.761196,65.838698,0.239000,5.485000,
xerox7_m_t0p1-w50,1486441653,7,12,103067.849216,13.420293,66.873240,80.530000,1341.726661,37.711824,35.578408,0.267000,8.310000,
xerox7_m_t0p3-w0,946615675,7,12,154490.336810,20.115929,64.164338,77.960000,1804.988583,41.795118,43.186589,0.265000,10.139000,
xerox7_m_t0p3-w0,1056634028,7,12,123704.398960,16.107344,64.129678,78.840000,1601.466065,44.518498,35.973048,0.274000,7.211000,
xerox7_m_t0p3-w0,1486441653,7,12,139732.272802,18.194306,64.703445,78.260000,1676.206357,38.684910,43.329721,0.266000,7.489000,
xerox7_m_t0p3-w0p02,946615675,7,12,121128.023314,15.771878,64.969114,80.050000,1615.487003,42.742893,37.795453,0.251000,10.596000,
xerox7_m_t0p3-w0p02,1056634028,7,12,155661.362824,20.268407,65.831294,80.390000,1328.033800,40.745781,32.593161,0.260000,10.838000,
xerox7_m_t0p3-w0p02,1486441653,7,12,132081.430160,17.198103,66.028779,78.800000,1495.962190,37.388571,40.011216,0.260000,10.753000,
xerox7_m_t0p3-w0p2,946615675,7,12,134370.015542,17.496096,65.206902,81.610000,1569.569143,41.339335,37.967934,0.239000,10.648000,
xerox7_m_t0p3-w0p2,1056634028,7,12,152020.151252,19.794291,65.457810,81.140000,1366.325443,42.014080,32.520656,0.259000,10.739000,
xerox7_m_t0p3-w0p2,1486441653,7,12,121229.326030,15.785068,66.115994,79.210000,1352.219947,39.822641,33.956059,0.235000,10.937000,
xerox7_m_t0p3-w2,946615675,7,12,81362.873864,10.594124,67.413267,82.890000,1340.310750,35.411904,37.849158,0.241000,11.315000,
xerox7_m_t0p3-w2,1056634028,7,12,101676.626890,13.239144,68.506145,85.810000,1257.383529,34.367708,36.586191,0.271000,11.539000,
xerox7_m_t0p3-w2,1486441653,7,12,99944.955560,13.013666,67.369468,83.340000,1349.259044,35.667120,37.829212,0.244000,11.195000,
xerox7_m_t0p3-w50,946615675,7,12,165715.508226,21.577540,64.428630,81.110000,1694.932973,38.131506,44.449673,0.269000,10.177000,
xerox7_m_t0p3-w50,1056634028,7,12,114130.862874,14.860789,68.672734,81.640000,1178.777936,34.773385,33.898855,0.223000,11.880000,
xerox7_m_t0p3-w50,1486441653,7,12,122975.997512,16.012500,65.350989,79.110000,1545.355519,37.116332,41.635459,0.232000,10.640000,
xerox7_m_t1-w0,946615675,7,12,136056.457858,17.715685,63.891418,77.160000,1875.157017,44.323774,42.305897,0.238000,7.265000,
xerox7_m_t1-w0,1056634028,7,12,166417.398696,21.668932,65.522122,79.870000,1531.951784,38.132121,40.174838,0.236000,7.613000,
xerox7_m_t1-w0,1486441653,7,12,137807.240938,17.943651,64.803782,78.200000,1664.834934,38.666099,43.056708,0.248000,7.663000,
xerox7_m_t1-w0p02,946615675,7,12,120375.462184,15.673888,64.191648,79.050000,1692.227807,44.765326,37.802200,0.268000,7.083000,
xerox7_m_t1-w0p02,1056634028,7,12,153398.525228,19.973766,65.396519,80.420000,1380.131659,41.747537,33.058996,0.261000,7.829000,
xerox7_m_t1-w0p02,1486441653,7,12,133217.266602,17.345998,65.848013,79.260000,1474.937744,36.873946,39.999455,0.261000,7.894000,
xerox7_m_t1-w0p2,946615675,7,12,154704.475298,20.143812,65.782522,80.980000,1473.718816,40.665675,36.239871,0.287000,10.646000,
xerox7_m_t1-w0p2,1056634028,7,12,108537.114740,14.132437,66.421655,81.430000,1555.886195,39.168044,39.723357,0.267000,10.783000,
xerox7_m_t1-w0p2,1486441653,7,12,122215.912366,15.913530,65.804900,79.130000,1381.387560,40.698589,33.941903,0.261000,11.070000,
xerox7_m_t1-w2,946615675,7,12,118063.849988,15.372897,67.925618,79.960000,1278.347355,35.311946,36.201555,0.245000,11.220000,
xerox7_m_t1-w2,1056634028,7,12,85096.437608,11.080265,66.789089,83.510000,1390.941049,39.043762,35.625180,0.271000,11.140000,
xerox7_m_t1-w2,1486441653,7,12,98117.425858,12.775706,66.491106,78.780000,1468.821189,37.979380,38.674175,0.276000,10.919000,
xerox7_m_t1-w50,946615675,7,12,273586.984226,35.623305,53.797129,75.190000,4484.882874,97.777124,45.868427,0.289000,7.509000,
xerox7_m_t1-w50,1056634028,7,12,123584.354484,16.091713,63.067595,77.920000,1917.993500,47.437239,40.432233,0.272000,9.855000,
xerox7_m_t1-w50,1486441653,7,12,100120.764886,13.036558,67.018970,81.910000,1324.160345,34.152912,38.771521,0.270000,10.950000,
xerox7_m_t10-w0,946615675,7,12,209253.403588,27.246537,63.048984,78.690000,2086.981818,45.833012,45.534468,0.264000,9.760000,
xerox7_m_t10-w0,1056634028,7,12,174203.000160,22.682682,64.372007,79.410000,1571.714492,36.161637,43.463588,0.283000,10.323000,
xerox7_m_t10-w0,1486441653,7,12,138204.469656,17.995374,64.107183,78.410000,1781.410138,42.730343,41.689582,0.274000,10.427000,
xerox7_m_t10-w0p02,946615675,7,12,173167.039662,22.547792,63.530457,79.390000,1808.686713,45.627931,39.639902,0.282000,6.994000,
xerox7_m_t10-w0p02,1056634028,7,12,172861.282448,22.507979,64.864487,79.710000,1575.833348,37.586521,41.925491,0.286000,10.218000,
xerox7_m_t10-w0p02,1486441653,7,12,121111.800880,15.769766,65.138538,79.260000,1554.068820,41.405415,37.532985,0.263000,7.805000,
xerox7_m_t10-w0p2,946615675,7,12,118635.659170,15.447351,65.999910,82.080000,1531.197639,40.980584,37.363978,0.250000,7.630000,
xerox7_m_t10-w0p2,1056634028,7,12,123453.634050,16.074692,65.423579,78.600000,1588.190537,39.196069,40.519128,0.241000,7.628000,
xerox7_m_t10-w0p2,1486441653,7,12,107673.480706,14.019984,65.501892,78.780000,1612.178320,39.962067,40.342716,0.242000,7.906000,
xerox7_m_t10-w2,946615675,7,12,122697.047222,15.976178,67.184102,81.420000,1386.153952,36.610111,37.862599,0.264000,10.948000,
xerox7_m_t10-w2,1056634028,7,12,97297.886970,12.668996,65.671309,78.900000,1570.450555,39.705000,39.552967,0.241000,7.858000,
xerox7_m_t10-w2,1486441653,7,12,110139.454566,14.341075,67.928730,80.310000,1262.790465,35.613490,35.458206,0.267000,11.683000,
xerox7_m_t10-w50,946615675,7,12,172865.971710,22.508590,67.040835,83.720000,1411.681160,36.209003,38.987021,0.239000,10.882000,
xerox7_m_t10-w50,1056634028,7,12,143248.392588,18.652134,63.302310,82.880000,2216.268382,44.517194,49.784548,0.249000,9.755000,
xerox7_m_t10-w50,1486441653,7,12,108567.550360,14.136400,67.034656,84.870000,1473.530541,39.996346,36.841629,0.250000,11.012000,
xerox7_m_t100-w0,946615675,7,12,161118.796472,20.979010,63.630747,78.410000,1920.075775,45.173615,42.504364,0.265000,10.052000,
xerox7_m_t100-w0,1056634028,7,12,189357.691312,24.655949,65.205203,79.410000,1561.139690,38.099139,40.975721,0.252000,10.603000,
xerox7_m_t100-w0,1486441653,7,12,168107.187848,21.888957,62.604058,77.290000,2115.672638,46.252435,45.741865,0.244000,9.565000,
xerox7_m_t100-w0p02,946615675,7,12,165680.336768,21.572961,63.631377,79.120000,1922.617290,42.103498,45.664075,0.246000,9.946000,
xerox7_m_t100-w0p02,1056634028,7,12,184937.599112,24.080417,65.713425,79.650000,1484.554060,37.674802,39.404429,0.270000,10.688000,
xerox7_m_t100-w0p02,1486441653,7,12,162190.327680,21.118532,62.720339,77.090000,1974.335896,42.985068,45.930738,0.259000,9.725000,
xerox7_m_t100-w0p2,946615675,7,12,106252.194056,13.834921,66.405205,81.060000,1468.630381,39.363939,37.309030,0.249000,8.199000,
xerox7_m_t100-w0p2,1056634028,7,12,110421.360306,14.377781,65.003723,77.530000,1612.024682,41.529609,38.816274,0.252000,10.572000,
xerox7_m_t100-w0p2,1486441653,7,12,127487.257148,16.599903,65.584260,77.620000,1571.757636,40.415412,38.890056,0.258000,7.867000,
xerox7_m_t100-w2,946615675,7,12,98346.430852,12.805525,68.016387,80.970000,1311.866443,35.922836,36.519011,0.267000,8.485000,
xerox7_m_t100-w2,1056634028,7,12,112889.206896,14.699115,68.187771,82.790000,1273.966009,36.360412,35.037172,0.268000,8.551000,
xerox7_m_t100-w2,1486441653,7,12,73554.716442,9.577437,66.459631,82.270000,1463.430586,39.476788,37.070660,0.283000,8.083000,
xerox7_m_t100-w50,946615675,7,12,88367.760860,11.506219,64.536575,79.130000,1540.496746,34.772116,44.302646,0.259000,10.228000,
xerox7_m_t100-w50,1056634028,7,12,288465.489682,37.560611,55.480771,75.710000,5058.666842,60.699337,83.339738,0.279000,4.508000,
xerox7_m_t100-w50,1486441653,7,12,197818.904116,25.757670,55.536904,71.400000,5127.632942,76.830513,66.739538,0.260000,8.210000,
xerox7_m_t3-w0,946615675,7,12,116717.979882,15.197654,64.072483,77.020000,1748.468235,44.942053,38.904948,0.263000,10.358000,
xerox7_m_t3-w0,1056634028,7,12,133297.587372,17.356457,63.926646,78.850000,1688.943411,44.843634,37.662947,0.278000,10.143000,
xerox7_m_t3-w0,1486441653,7,12,140658.678642,18.314932,64.571804,79.230000,1579.747744,36.152497,43.696781,0.267000,10.283000,
xerox7_m_t3-w0p02,946615675,7,12,117799.738276,15.338508,64.073206,78.200000,1653.190131,44.700821,36.983440,0.228000,10.223000,
xerox7_m_t3-w0p02,1056634028,7,12,159378.957168,20.752468,65.346030,80.190000,1449.028146,41.686201,34.760379,0.255000,10.657000,
xerox7_m_t3-w0p02,1486441653,7,12,130887.853864,17.042689,65.925994,79.390000,1488.110277,37.521065,39.660662,0.258000,10.956000,
xerox7_m_t3-w0p2,946615675,7,12,102747.183022,13.378539,64.787607,82.750000,1406.801574,43.860386,32.074537,0.239000,10.273000,
xerox7_m_t3-w0p2,1056634028,7,12,145165.503412,18.901758,65.422266,79.580000,1587.847771,40.668204,39.043961,0.246000,10.438000,
xerox7_m_t3-w0p2,1486441653,7,12,120050.141092,15.631529,65.382261,78.540000,1461.219867,41.365082,35.324960,0.246000,10.594000,
xerox7_m_t3-w2,946615675,7,12,95760.721256,12.468844,67.571914,83.710000,1310.125138,35.154114,37.268046,0.242000,8.217000,
xerox7_m_t3-w2,1056634028,7,12,125128.821192,16.292815,67.935190,82.790000,1242.950465,34.351635,36.183153,0.263000,11.304000,
xerox7_m_t3-w2,1486441653,7,12,117452.218322,15.293258,66.582363,81.980000,1516.827759,38.946902,38.946044,0.245000,10.907000,
xerox7_m_t3-w50,946615675,7,12,103306.241390,13.451334,68.241111,83.870000,1228.798053,33.914348,36.232395,0.240000,8.535000,
xerox7_m_t3-w50,1056634028,7,12,130975.826034,17.054144,63.439626,81.160000,1986.687261,41.295989,48.108480,0.256000,6.667000,
xerox7_m_t3-w50,1486441653,7,12,82039.528428,10.682230,66.843098,80.200000,1460.117515,37.744773,38.683966,0.219000,7.874000,
xerox7_m_t30-w0,946615675,7,12,165642.931512,21.568090,62.934822,77.670000,2055.346325,45.741210,44.934236,0.240000,10.045000,
xerox7_m_t30-w0,1056634028,7,12,187895.085752,24.465506,64.961289,79.490000,1549.697925,37.406056,41.429065,0.239000,7.235000,
xerox7_m_t30-w0,1486441653,7,12,168332.606472,21.918308,62.466587,77.270000,2130.172672,46.240777,46.066974,0.225000,6.878000,
xerox7_m_t30-w0p02,946615675,7,12,160908.497450,20.951627,63.310173,77.760000,2035.615516,44.391289,45.856193,0.242000,10.199000,
xerox7_m_t30-w0p02,1056634028,7,12,187592.237504,24.426073,64.525991,79.500000,1610.689305,37.508150,42.942382,0.247000,10.206000,
xerox7_m_t30-w0p02,1486441653,7,12,157295.249148,20.481152,62.846873,77.380000,1990.259404,43.321959,45.941122,0.255000,10.000000,
xerox7_m_t30-w0p2,946615675,7,12,132047.460188,17.193680,63.962241,80.930000,1657.562071,45.812349,36.181556,0.271000,10.273000,
xerox7_m_t30-w0p2,1056634028,7,12,111799.296034,14.557200,65.094275,78.170000,1480.844704,42.273479,35.030112,0.255000,10.689000,
xerox7_m_t30-w0p2,1486441653,7,12,97927.970518,12.751038,65.813228,78.290000,1532.728473,40.100124,38.222537,0.261000,10.752000,
xerox7_m_t30-w2,946615675,7,12,121196.033702,15.780734,68.164058,83.870000,1243.199225,34.355109,36.186735,0.267000,11.561000,
xerox7_m_t30-w2,1056634028,7,12,96049.341414,12.506425,67.340532,83.400000,1393.965345,38.525652,36.182784,0.277000,11.204000,
xerox7_m_t30-w2,1486441653,7,12,119678.145888,15.583092,67.099583,81.650000,1344.024024,35.040000,38.356850,0.291000,11.221000,
xerox7_m_t30-w50,946615675,7,12,227829.998536,29.665364,57.362075,74.260000,4151.305443,60.170164,68.992756,0.279000,7.924000,
xerox7_m_t30-w50,1056634028,7,12,118910.686120,15.483162,62.006147,80.180000,1848.725563,34.884469,52.995663,0.282000,9.248000,
xerox7_m_t30-w50,1486441653,7,12,310201.456684,40.390815,56.867190,74.540000,4098.064887,56.009013,73.167954,0.286000,8.031000,
xerox8_m_t0p01-w2,946615675,8,16,151646.911404,15.188994,66.190371,81.860000,1801.530561,41.578224,43.328704,0.446000,8.007000,
xerox8_m_t0p01-w2,1056634028,8,16,155023.617066,15.527205,67.065339,81.310000,1731.298066,41.826168,41.392701,0.415000,8.359000,
xerox8_m_t0p01-w2,1486441653,8,16,179053.427630,17.934037,66.526423,81.910000,1836.181942,42.288991,43.419857,0.449000,7.815000,
xerox8_m_t0p01-w50,946615675,8,16,203422.390402,20.374839,65.804875,81.760000,1752.845408,38.544623,45.475744,0.427000,7.774000,
xerox8_m_t0p01-w50,1056634028,8,16,234073.397444,23.444852,61.496978,79.930000,3356.143843,57.278330,58.593605,0.438000,6.468000,
xerox8_m_t0p01-w50,1486441653,8,16,203832.405098,20.415906,63.991829,80.610000,2086.896168,49.942125,41.786291,0.431000,7.249000,
xerox8_m_t0p1-w50,946615675,8,16,179300.209288,17.958755,66.370762,78.960000,1694.351535,42.683787,39.695436,0.409000,10.929000,
xerox8_m_t0p1-w50,1056634028,8,16,302235.740688,30.272009,60.617126,80.120000,3560.586662,57.450742,61.976339,0.398000,8.949000,
xerox8_m_t0p1-w50,1486441653,8,16,192681.662240,19.299045,64.294927,79.680000,1770.143450,49.484114,35.771954,0.419000,10.416000,
xerox8_m_t0p3-w0p2,946615675,8,16,199421.147884,19.974073,65.568835,79.870000,1941.469515,45.520983,42.649991,0.421000,10.673000,
xerox8_m_t0p3-w0p2,1056634028,8,16,206186.645026,20.651707,64.331677,79.060000,1881.747912,48.775036,38.580144,0.424000,10.384000,
xerox8_m_t0p3-w0p2,1486441653,8,16,171586.208672,17.186119,66.504412,80.790000,1871.930429,43.655715,42.879390,0.424000,10.946000,
xerox8_m_t0p3-w50,946615675,8,16,218062.171462,21.841163,60.502319,82.950000,2944.612411,46.419902,63.434266,0.452000,9.237000,
xerox8_m_t0p3-w50,1056634028,8,16,181932.732548,18.222429,66.120854,82.230000,1832.786496,42.158539,43.473672,0.449000,10.796000,
xerox8_m_t0p3-w50,1486441653,8,16,188853.662440,18.915631,64.966597,85.120000,2361.187052,48.731414,48.453079,0.465000,10.566000,
xerox8_m_t10-w0p02,946615675,8,16,249482.008368,24.988182,63.212300,77.870000,2607.850939,51.086305,51.047946,0.439000,9.932000,
xerox8_m_t10-w0p02,1056634028,8,16,234656.294168,23.503235,63.701313,79.310000,2256.712380,45.430049,49.674443,0.439000,10.019000,
xerox8_m_t10-w0p02,1486441653,8,16,229088.403464,22.945553,63.398589,78.390000,2143.088088,49.697388,43.122751,0.466000,10.223000,
xerox8_m_t10-w50,946615675,8,16,220491.564556,22.084492,60.551064,81.520000,2743.416163,63.793906,43.004361,0.451000,6.189000,
xerox8_m_t10-w50,1056634028,8,16,236385.814150,23.676464,64.943689,83.600000,2148.238021,47.508252,45.218208,0.409000,7.385000,
xerox8_m_t10-w50,1486441653,8,16,222896.692786,22.325390,65.518545,80.860000,1917.177817,43.204123,44.374881,0.409000,7.584000,
xerox8_m_t100-w0,946615675,8,16,236514.432780,23.689346,63.184724,78.650000,2492.143161,49.186363,50.667360,0.408000,7.096000,
xerox8_m_t100-w0,1056634028,8,16,188398.992220,18.870091,64.923833,78.570000,2146.743738,45.583965,47.094274,0.414000,7.452000,
xerox8_m_t100-w0,1486441653,8,16,252783.206766,25.318831,63.599304,78.980000,2255.038402,47.706508,47.268989,0.438000,7.249000,
xerox8_m_t100-w0p02,946615675,8,16,217921.976476,21.827121,62.856096,77.950000,2502.673199,50.433775,49.622960,0.451000,10.190000,
xerox8_m_t100-w0p02,1056634028,8,16,184514.662648,18.481036,65.247803,79.230000,2097.248207,46.294407,45.302410,0.453000,10.714000,
xerox8_m_t100-w0p02,1486441653,8,16,215532.935856,21.587834,63.982566,78.720000,2102.642124,48.549698,43.309067,0.461000,10.311000,
xerox8_m_t100-w0p2,946615675,8,16,183572.392676,18.386658,64.463345,79.220000,1964.876092,48.098276,40.851279,0.427000,10.453000,
xerox8_m_t100-w0p2,1056634028,8,16,278072.835452,27.851846,64.760222,79.800000,2023.121567,46.749157,43.276108,0.465000,10.163000,
xerox8_m_t100-w0p2,1486441653,8,16,193476.666432,19.378673,66.610063,82.290000,1752.118049,40.947163,42.789730,0.415000,10.602000,
xerox8_m_t100-w50,946615675,8,16,153516.848746,15.376287,64.488757,79.590000,2314.753313,46.920084,49.333955,0.457000,10.437000,
xerox8_m_t100-w50,1056634028,8,16,577720.562520,57.864640,55.399297,75.700000,6627.267593,72.727886,91.124161,0.487000,7.546000,
xerox8_m_t100-w50,1486441653,8,16,339092.612866,33.963603,55.678740,76.330000,6128.706227,86.503310,70.849384,0.453000,8.146000,
xerox8_m_t3-w2,946615675,8,16,201033.365882,20.135553,65.401755,77.810000,1906.738818,43.784566,43.548195,0.431000,10.673000,
xerox8_m_t3-w2,1056634028,8,16,152902.556468,15.314759,66.758647,82.120000,1718.642415,42.638944,40.306871,0.462000,11.079000,
xerox8_m_t3-w2,1486441653,8,16,208109.864528,20.844337,66.950286,84.050000,1842.869089,43.528479,42.337089,0.454000,10.744000,
xerox8_m_t30-w0p02,946615675,8,16,241162.532808,24.154901,63.397080,78.870000,2536.849410,49.677688,51.066173,0.420000,6.713000,
xerox8_m_t30-w0p02,1056634028,8,16,220818.744648,22.117262,63.950300,77.910000,2299.310455,49.220422,46.714562,0.435000,10.187000,
xerox8_m_t30-w0p02,1486441653,8,16,225760.520450,22.612232,64.110303,78.510000,2160.999961,46.958516,46.019341,0.444000,10.371000,
xerox8_m_t30-w50,946615675,8,16,184875.111454,18.517139,66.153440,82.510000,1930.635266,44.536582,43.349426,0.398000,7.206000,
xerox8_m_t30-w50,1056634028,8,16,179866.721438,18.015497,66.221160,81.130000,1766.116597,40.578306,43.523665,0.445000,7.315000,
xerox8_m_t30-w50,1486441653,8,16,214564.037810,21.490789,65.872251,83.230000,1939.456234,42.603930,45.522942,0.415000,7.116000,
