T = 1.0	 step = 1
120.05000000000001
18.316772727272724
[29.0, 29.0, 46.0, 46.0, 12.0, 12.0, 23.0, 29.0, 9.0, 29.0, 43.0]
[27.0, 41.0, 40.0, 10.0, 30.0, 10.0, 53.0, 5.0, 45.0, 15.0, 25.0]
[12.0, 12.0, 18.0, 18.0, 18.0, 18.0, 12.0, 12.0, 12.0, 12.0, 12.0]
[12.0, 12.0, 18.0, 18.0, 18.0, 18.0, 8.0, 8.0, 8.0, 8.0, 8.0]
T = 1.0	 step = 2
119.63
18.516772727272727
[29.0, 29.0, 47.0, 46.0, 12.0, 12.0, 23.0, 29.0, 9.0, 29.0, 43.0]
[27.0, 41.0, 40.0, 10.0, 30.0, 10.0, 53.0, 5.0, 45.0, 15.0, 25.0]
[12.0, 12.0, 18.0, 18.0, 18.0, 18.0, 12.0, 12.0, 12.0, 12.0, 12.0]
[12.0, 12.0, 18.0, 18.0, 18.0, 18.0, 8.0, 8.0, 8.0, 8.0, 8.0]
T = 1.0	 step = 3
119.66000000000003
18.416772727272726
[29.0, 29.0, 47.0, 46.0, 12.0, 12.0, 23.0, 29.0, 9.0, 29.0, 43.0]
[27.0, 41.0, 40.0, 10.0, 30.0, 10.0, 52.0, 5.0, 45.0, 15.0, 25.0]
[12.0, 12.0, 18.0, 18.0, 18.0, 18.0, 12.0, 12.0, 12.0, 12.0, 12.0]
[12.0, 12.0, 18.0, 18.0, 18.0, 18.0, 8.0, 8.0, 8.0, 8.0, 8.0]
T = 1.0	 step = 4
120.01000000000005
18.216772727272726
[29.0, 29.0, 47.0, 45.0, 12.0, 12.0, 23.0, 29.0, 9.0, 29.0, 43.0]
[27.0, 41.0, 40.0, 10.0, 30.0, 10.0, 52.0, 5.0, 45.0, 15.0, 25.0]
[12.0, 12.0, 18.0, 18.0, 18.0, 18.0, 12.0, 12.0, 12.0, 12.0, 12.0]
[12.0, 12.0, 18.0, 18.0, 18.0, 18.0, 8.0, 8.0, 8.0, 8.0, 8.0]
T = 1.0	 step = 5
119.95000000000005
18.516772727272727
[29.0, 29.0, 47.0, 45.0, 12.0, 12.0, 23.0, 29.0, 9.0, 29.0, 43.0]
[27.0, 41.0, 40.0, 10.0, 30.0, 10.0, 52.0, 5.0, 48.0, 15.0, 25.0]
[12.0, 12.0, 18.0, 18.0, 18.0, 18.0, 12.0, 12.0, 12.0, 12.0, 12.0]
[12.0, 12.0, 18.0, 18.0, 18.0, 18.0, 8.0, 8.0, 8.0, 8.0, 8.0]
T = 1.0	 step = 6
119.94
18.534499999999998
[29.0, 29.0, 47.0, 45.0, 12.0, 12.0, 23.0, 29.0, 9.0, 29.0, 43.0]
[27.0, 41.0, 40.0, 10.0, 30.0, 10.0, 52.0, 5.0, 48.0, 15.0, 24.0]
[12.0, 12.0, 18.0, 18.0, 18.0, 18.0, 12.0, 12.0, 12.0, 12.0, 12.0]
[12.0, 12.0, 18.0, 18.0, 18.0, 18.0, 8.0, 8.0, 8.0, 8.0, 8.0]
T = 1.0	 step = 7
119.93
18.6345
[29.0, 29.0, 47.0, 45.0, 12.0, 12.0, 23.0, 28.0, 9.0, 29.0, 43.0]
[27.0, 41.0, 40.0, 10.0, 30.0, 10.0, 52.0, 5.0, 48.0, 15.0, 24.0]
[12.0, 12.0, 18.0, 18.0, 18.0, 18.0, 12.0, 12.0, 12.0, 12.0, 12.0]
[12.0, 12.0, 18.0, 18.0, 18.0, 18.0, 8.0, 8.0, 8.0, 8.0, 8.0]
T = 1.0	 step = 8
119.91000000000003
18.620295454545452
[29.0, 29.0, 47.0, 45.0, 12.0, 12.0, 23.0, 28.0, 8.0, 29.0, 43.0]
[27.0, 41.0, 40.0, 10.0, 30.0, 10.0, 52.0, 5.0, 48.0, 15.0, 24.0]
[12.0, 12.0, 18.0, 18.0, 18.0, 18.0, 12.0, 12.0, 12.0, 12.0, 12.0]
[12.0, 12.0, 18.0, 18.0, 18.0, 18.0, 8.0, 8.0, 8.0, 8.0, 8.0]
T = 1.0	 step = 9
119.77000000000004
18.46290909090909
[29.0, 29.0, 47.0, 45.0, 12.0, 12.0, 23.0, 28.0, 8.0, 29.0, 43.0]
[27.0, 41.0, 40.0, 10.0, 31.0, 10.0, 52.0, 5.0, 48.0, 15.0, 24.0]
[12.0, 12.0, 18.0, 18.0, 18.0, 18.0, 12.0, 12.0, 12.0, 12.0, 12.0]
[12.0, 12.0, 18.0, 18.0, 18.0, 18.0, 8.0, 8.0, 8.0, 8.0, 8.0]
T = 1.0	 step = 10
119.70000000000005
18.56290909090909
[29.0, 29.0, 47.0, 45.0, 12.0, 12.0, 23.0, 28.0, 8.0, 29.0, 44.0]
[27.0, 41.0, 40.0, 10.0, 31.0, 10.0, 52.0, 5.0, 48.0, 15.0, 24.0]
[12.0, 12.0, 18.0, 18.0, 18.0, 18.0, 12.0, 12.0, 12.0, 12.0, 12.0]
[12.0, 12.0, 18.0, 18.0, 18.0, 18.0, 8.0, 8.0, 8.0, 8.0, 8.0]
T = 1.0	 step = 11
119.36000000000001
18.762909090909087
[29.0, 29.0, 47.0, 46.0, 12.0, 12.0, 23.0, 28.0, 8.0, 29.0, 44.0]
[27.0, 41.0, 40.0, 10.0, 31.0, 10.0, 52.0, 5.0, 48.0, 15.0, 24.0]
[12.0, 12.0, 18.0, 18.0, 18.0, 18.0, 12.0, 12.0, 12.0, 12.0, 12.0]
[12.0, 12.0, 18.0, 18.0, 18.0, 18.0, 8.0, 8.0, 8.0, 8.0, 8.0]
T = 1.0	 step = 12
119.38
18.66290909090909
[29.0, 29.0, 47.0, 46.0, 12.0, 12.0, 23.0, 28.0, 8.0, 29.0, 44.0]
[27.0, 41.0, 40.0, 10.0, 31.0, 10.0, 52.0, 5.0, 47.0, 15.0, 24.0]
[12.0, 12.0, 18.0, 18.0, 18.0, 18.0, 12.0, 12.0, 12.0, 12.0, 12.0]
[12.0, 12.0, 18.0, 18.0, 18.0, 18.0, 8.0, 8.0, 8.0, 8.0, 8.0]
T = 1.0	 step = 13
119.92000000000002
18.39131818181818
[29.0, 29.0, 47.0, 46.0, 13.0, 12.0, 23.0, 28.0, 8.0, 29.0, 44.0]
[27.0, 41.0, 40.0, 10.0, 32.0, 10.0, 52.0, 5.0, 47.0, 15.0, 24.0]
[12.0, 12.0, 18.0, 18.0, 18.0, 18.0, 12.0, 12.0, 12.0, 12.0, 12.0]
[12.0, 12.0, 18.0, 18.0, 18.0, 18.0, 8.0, 8.0, 8.0, 8.0, 8.0]
T = 1.0	 step = 14
119.63
18.29131818181818
[29.0, 29.0, 47.0, 46.0, 13.0, 12.0, 23.0, 28.0, 8.0, 29.0, 44.0]
[27.0, 41.0, 41.0, 10.0, 32.0, 10.0, 52.0, 5.0, 47.0, 15.0, 24.0]
[12.0, 12.0, 18.0, 18.0, 18.0, 18.0, 12.0, 12.0, 12.0, 12.0, 12.0]
[12.0, 12.0, 18.0, 18.0, 18.0, 18.0, 8.0, 8.0, 8.0, 8.0, 8.0]
T = 1.0	 step = 15
119.61000000000001
18.277113636363634
[29.0, 29.0, 47.0, 46.0, 13.0, 12.0, 23.0, 28.0, 7.0, 29.0, 44.0]
[27.0, 41.0, 41.0, 10.0, 32.0, 10.0, 52.0, 5.0, 47.0, 15.0, 24.0]
[12.0, 12.0, 18.0, 18.0, 18.0, 18.0, 12.0, 12.0, 12.0, 12.0, 12.0]
[12.0, 12.0, 18.0, 18.0, 18.0, 18.0, 8.0, 8.0, 8.0, 8.0, 8.0]
T = 1.0	 step = 16
119.83000000000004
18.258363636363637
[29.0, 29.0, 47.0, 46.0, 13.0, 12.0, 23.0, 28.0, 7.0, 29.0, 44.0]
[28.0, 41.0, 41.0, 10.0, 32.0, 10.0, 52.0, 5.0, 47.0, 15.0, 24.0]
[12.0, 12.0, 18.0, 18.0, 18.0, 18.0, 12.0, 12.0, 12.0, 12.0, 12.0]
[12.0, 12.0, 18.0, 18.0, 18.0, 18.0, 8.0, 8.0, 8.0, 8.0, 8.0]
T = 1.0	 step = 17
119.79000000000002
18.358363636363634
[29.0, 29.0, 47.0, 46.0, 13.0, 12.0, 23.0, 28.0, 7.0, 29.0, 44.0]
[28.0, 41.0, 41.0, 10.0, 32.0, 10.0, 53.0, 5.0, 47.0, 15.0, 24.0]
[12.0, 12.0, 18.0, 18.0, 18.0, 18.0, 12.0, 12.0, 12.0, 12.0, 12.0]
[12.0, 12.0, 18.0, 18.0, 18.0, 18.0, 8.0, 8.0, 8.0, 8.0, 8.0]
T = 1.0	 step = 18
119.58000000000004
18.37711363636363
[29.0, 29.0, 47.0, 46.0, 13.0, 12.0, 23.0, 28.0, 7.0, 29.0, 44.0]
[27.0, 41.0, 41.0, 10.0, 32.0, 10.0, 53.0, 5.0, 47.0, 15.0, 24.0]
[12.0, 12.0, 18.0, 18.0, 18.0, 18.0, 12.0, 12.0, 12.0, 12.0, 12.0]
[12.0, 12.0, 18.0, 18.0, 18.0, 18.0, 8.0, 8.0, 8.0, 8.0, 8.0]
T = 1.0	 step = 19
119.79000000000002
18.358363636363634
[29.0, 29.0, 47.0, 46.0, 13.0, 12.0, 23.0, 28.0, 7.0, 29.0, 44.0]
[28.0, 41.0, 41.0, 10.0, 32.0, 10.0, 53.0, 5.0, 47.0, 15.0, 24.0]
[12.0, 12.0, 18.0, 18.0, 18.0, 18.0, 12.0, 12.0, 12.0, 12.0, 12.0]
[12.0, 12.0, 18.0, 18.0, 18.0, 18.0, 8.0, 8.0, 8.0, 8.0, 8.0]
T = 1.0	 step = 20
119.17000000000002
18.958363636363632
[29.0, 29.0, 47.0, 49.0, 13.0, 12.0, 23.0, 28.0, 7.0, 29.0, 44.0]
[28.0, 41.0, 41.0, 10.0, 32.0, 10.0, 53.0, 5.0, 47.0, 15.0, 24.0]
[12.0, 12.0, 18.0, 18.0, 18.0, 18.0, 12.0, 12.0, 12.0, 12.0, 12.0]
[12.0, 12.0, 18.0, 18.0, 18.0, 18.0, 8.0, 8.0, 8.0, 8.0, 8.0]
T = 1.0	 step = 21
119.17000000000002
18.858363636363634
[29.0, 29.0, 47.0, 49.0, 13.0, 12.0, 23.0, 29.0, 7.0, 29.0, 44.0]
[28.0, 41.0, 41.0, 10.0, 32.0, 10.0, 53.0, 5.0, 47.0, 15.0, 24.0]
[12.0, 12.0, 18.0, 18.0, 18.0, 18.0, 12.0, 12.0, 12.0, 12.0, 12.0]
[12.0, 12.0, 18.0, 18.0, 18.0, 18.0, 8.0, 8.0, 8.0, 8.0, 8.0]
T = 1.0	 step = 22
118.91000000000003
18.958363636363632
[29.0, 30.0, 47.0, 49.0, 13.0, 12.0, 23.0, 29.0, 7.0, 29.0, 44.0]
[28.0, 41.0, 41.0, 10.0, 32.0, 10.0, 53.0, 5.0, 47.0, 15.0, 24.0]
[12.0, 12.0, 18.0, 18.0, 18.0, 18.0, 12.0, 12.0, 12.0, 12.0, 12.0]
[12.0, 12.0, 18.0, 18.0, 18.0, 18.0, 8.0, 8.0, 8.0, 8.0, 8.0]
T = 1.0	 step = 23
119.11000000000001
18.758363636363633
[29.0, 30.0, 47.0, 48.0, 13.0, 12.0, 23.0, 29.0, 7.0, 29.0, 44.0]
[28.0, 41.0, 41.0, 10.0, 32.0, 10.0, 53.0, 5.0, 47.0, 15.0, 24.0]
[12.0, 12.0, 18.0, 18.0, 18.0, 18.0, 12.0, 12.0, 12.0, 12.0, 12.0]
[12.0, 12.0, 18.0, 18.0, 18.0, 18.0, 8.0, 8.0, 8.0, 8.0, 8.0]
T = 1.0	 step = 24
118.90000000000003
18.777113636363634
[29.0, 30.0, 47.0, 48.0, 13.0, 12.0, 23.0, 29.0, 7.0, 29.0, 44.0]
[27.0, 41.0, 41.0, 10.0, 32.0, 10.0, 53.0, 5.0, 47.0, 15.0, 24.0]
[12.0, 12.0, 18.0, 18.0, 18.0, 18.0, 12.0, 12.0, 12.0, 12.0, 12.0]
[12.0, 12.0, 18.0, 18.0, 18.0, 18.0, 8.0, 8.0, 8.0, 8.0, 8.0]
T = 1.0	 step = 25
119.10000000000002
18.677113636363632
[29.0, 29.0, 47.0, 48.0, 13.0, 12.0, 23.0, 29.0, 7.0, 29.0, 44.0]
[27.0, 41.0, 41.0, 10.0, 32.0, 10.0, 53.0, 5.0, 47.0, 15.0, 24.0]
[12.0, 12.0, 18.0, 18.0, 18.0, 18.0, 12.0, 12.0, 12.0, 12.0, 12.0]
[12.0, 12.0, 18.0, 18.0, 18.0, 18.0, 8.0, 8.0, 8.0, 8.0, 8.0]
T = 1.0	 step = 26
119.05000000000001
18.777113636363634
[29.0, 29.0, 47.0, 48.0, 13.0, 12.0, 23.0, 29.0, 7.0, 29.0, 44.0]
[27.0, 41.0, 41.0, 10.0, 32.0, 10.0, 54.0, 5.0, 47.0, 15.0, 24.0]
[12.0, 12.0, 18.0, 18.0, 18.0, 18.0, 12.0, 12.0, 12.0, 12.0, 12.0]
[12.0, 12.0, 18.0, 18.0, 18.0, 18.0, 8.0, 8.0, 8.0, 8.0, 8.0]
T = 1.0	 step = 27
118.92000000000002
18.716318181818178
[29.0, 29.0, 47.0, 48.0, 13.0, 12.0, 23.0, 29.0, 7.0, 29.0, 44.0]
[27.0, 41.0, 42.0, 10.0, 32.0, 10.0, 54.0, 5.0, 47.0, 15.0, 24.0]
[12.0, 12.0, 18.0, 18.0, 18.0, 18.0, 12.0, 12.0, 12.0, 12.0, 12.0]
[12.0, 12.0, 18.0, 18.0, 18.0, 18.0, 8.0, 8.0, 8.0, 8.0, 8.0]
T = 1.0	 step = 28
118.97000000000003
18.81631818181818
[29.0, 29.0, 47.0, 48.0, 13.0, 12.0, 23.0, 29.0, 7.0, 29.0, 44.0]
[27.0, 41.0, 42.0, 10.0, 32.0, 10.0, 54.0, 5.0, 47.0, 16.0, 24.0]
[12.0, 12.0, 18.0, 18.0, 18.0, 18.0, 12.0, 12.0, 12.0, 12.0, 12.0]
[12.0, 12.0, 18.0, 18.0, 18.0, 18.0, 8.0, 8.0, 8.0, 8.0, 8.0]
T = 1.0	 step = 29
118.99000000000001
18.716318181818178
[29.0, 29.0, 47.0, 48.0, 13.0, 12.0, 23.0, 29.0, 7.0, 28.0, 44.0]
[27.0, 41.0, 42.0, 10.0, 32.0, 10.0, 54.0, 5.0, 47.0, 16.0, 24.0]
[12.0, 12.0, 18.0, 18.0, 18.0, 18.0, 12.0, 12.0, 12.0, 12.0, 12.0]
[12.0, 12.0, 18.0, 18.0, 18.0, 18.0, 8.0, 8.0, 8.0, 8.0, 8.0]
T = 1.0	 step = 30
119.02000000000004
18.73380823863636
[29.0, 29.0, 47.0, 48.0, 13.0, 12.0, 23.0, 29.0, 7.0, 28.0, 44.0]
[27.0, 41.0, 42.0, 10.0, 32.0, 10.0, 54.0, 6.0, 47.0, 16.0, 24.0]
[12.0, 12.0, 18.0, 18.0, 18.0, 18.0, 12.0, 12.0, 12.0, 12.0, 12.0]
[12.0, 12.0, 18.0, 18.0, 18.0, 18.0, 8.0, 8.0, 8.0, 8.0, 8.0]
T = 1.0	 step = 31
119.29000000000002
18.71505823863636
[29.0, 29.0, 47.0, 48.0, 13.0, 12.0, 23.0, 29.0, 7.0, 28.0, 44.0]
[28.0, 41.0, 42.0, 10.0, 32.0, 10.0, 54.0, 6.0, 47.0, 16.0, 24.0]
[12.0, 12.0, 18.0, 18.0, 18.0, 18.0, 12.0, 12.0, 12.0, 12.0, 12.0]
[12.0, 12.0, 18.0, 18.0, 18.0, 18.0, 8.0, 8.0, 8.0, 8.0, 8.0]
T = 1.0	 step = 32
118.88
18.71505823863636
[30.0, 29.0, 47.0, 48.0, 13.0, 12.0, 23.0, 29.0, 7.0, 28.0, 44.0]
[28.0, 41.0, 42.0, 10.0, 32.0, 10.0, 54.0, 6.0, 47.0, 16.0, 24.0]
[12.0, 12.0, 18.0, 18.0, 18.0, 18.0, 12.0, 12.0, 12.0, 12.0, 12.0]
[12.0, 12.0, 18.0, 18.0, 18.0, 18.0, 8.0, 8.0, 8.0, 8.0, 8.0]
T = 1.0	 step = 33
118.88
18.61505823863636
[30.0, 29.0, 47.0, 48.0, 13.0, 12.0, 23.0, 30.0, 7.0, 28.0, 44.0]
[28.0, 41.0, 42.0, 10.0, 32.0, 10.0, 54.0, 6.0, 47.0, 16.0, 24.0]
[12.0, 12.0, 18.0, 18.0, 18.0, 18.0, 12.0, 12.0, 12.0, 12.0, 12.0]
[12.0, 12.0, 18.0, 18.0, 18.0, 18.0, 8.0, 8.0, 8.0, 8.0, 8.0]
T = 1.0	 step = 34
118.91000000000003
18.51505823863636
[30.0, 29.0, 47.0, 48.0, 13.0, 12.0, 23.0, 30.0, 7.0, 28.0, 43.0]
[28.0, 41.0, 42.0, 10.0, 32.0, 10.0, 54.0, 6.0, 47.0, 16.0, 24.0]
[12.0, 12.0, 18.0, 18.0, 18.0, 18.0, 12.0, 12.0, 12.0, 12.0, 12.0]
[12.0, 12.0, 18.0, 18.0, 18.0, 18.0, 8.0, 8.0, 8.0, 8.0, 8.0]
T = 1.0	 step = 35
118.95000000000005
18.415058238636362
[30.0, 29.0, 47.0, 48.0, 13.0, 12.0, 23.0, 30.0, 7.0, 28.0, 43.0]
[28.0, 41.0, 42.0, 10.0, 32.0, 10.0, 53.0, 6.0, 47.0, 16.0, 24.0]
[12.0, 12.0, 18.0, 18.0, 18.0, 18.0, 12.0, 12.0, 12.0, 12.0, 12.0]
[12.0, 12.0, 18.0, 18.0, 18.0, 18.0, 8.0, 8.0, 8.0, 8.0, 8.0]
T = 1.0	 step = 36
118.81
18.354262784090906
[30.0, 29.0, 47.0, 48.0, 13.0, 12.0, 23.0, 30.0, 7.0, 28.0, 43.0]
[28.0, 41.0, 43.0, 10.0, 32.0, 10.0, 53.0, 6.0, 47.0, 16.0, 24.0]
[12.0, 12.0, 18.0, 18.0, 18.0, 18.0, 12.0, 12.0, 12.0, 12.0, 12.0]
[12.0, 12.0, 18.0, 18.0, 18.0, 18.0, 8.0, 8.0, 8.0, 8.0, 8.0]
T = 1.0	 step = 37
119.02000000000004
18.154262784090907
[30.0, 29.0, 47.0, 47.0, 13.0, 12.0, 23.0, 30.0, 7.0, 28.0, 43.0]
[28.0, 41.0, 43.0, 10.0, 32.0, 10.0, 53.0, 6.0, 47.0, 16.0, 24.0]
[12.0, 12.0, 18.0, 18.0, 18.0, 18.0, 12.0, 12.0, 12.0, 12.0, 12.0]
[12.0, 12.0, 18.0, 18.0, 18.0, 18.0, 8.0, 8.0, 8.0, 8.0, 8.0]
T = 1.0	 step = 38
119.03000000000003
18.13039914772727
[30.0, 29.0, 47.0, 47.0, 13.0, 12.0, 23.0, 30.0, 7.0, 28.0, 43.0]
[28.0, 41.0, 43.0, 10.0, 32.0, 10.0, 53.0, 6.0, 47.0, 16.0, 25.0]
[12.0, 12.0, 18.0, 18.0, 18.0, 18.0, 12.0, 12.0, 12.0, 12.0, 12.0]
[12.0, 12.0, 18.0, 18.0, 18.0, 18.0, 8.0, 8.0, 8.0, 8.0, 8.0]
T = 1.0	 step = 39
119.25
17.930399147727268
[30.0, 29.0, 47.0, 46.0, 13.0, 12.0, 23.0, 30.0, 7.0, 28.0, 43.0]
[28.0, 41.0, 43.0, 10.0, 32.0, 10.0, 53.0, 6.0, 47.0, 16.0, 25.0]
[12.0, 12.0, 18.0, 18.0, 18.0, 18.0, 12.0, 12.0, 12.0, 12.0, 12.0]
[12.0, 12.0, 18.0, 18.0, 18.0, 18.0, 8.0, 8.0, 8.0, 8.0, 8.0]
T = 1.0	 step = 40
119.19
17.83039914772727
[30.0, 29.0, 47.0, 46.0, 13.0, 12.0, 23.0, 30.0, 7.0, 28.0, 43.0]
[28.0, 41.0, 43.0, 10.0, 32.0, 10.0, 53.0, 6.0, 47.0, 15.0, 25.0]
[12.0, 12.0, 18.0, 18.0, 18.0, 18.0, 12.0, 12.0, 12.0, 12.0, 12.0]
[12.0, 12.0, 18.0, 18.0, 18.0, 18.0, 8.0, 8.0, 8.0, 8.0, 8.0]
T = 1.0	 step = 41
118.89000000000004
18.091194602272726
[30.0, 29.0, 47.0, 46.0, 13.0, 12.0, 23.0, 30.0, 7.0, 28.0, 43.0]
[28.0, 42.0, 43.0, 10.0, 32.0, 10.0, 53.0, 6.0, 47.0, 15.0, 25.0]
[12.0, 12.0, 18.0, 18.0, 18.0, 18.0, 12.0, 12.0, 12.0, 12.0, 12.0]
[12.0, 12.0, 18.0, 18.0, 18.0, 18.0, 8.0, 8.0, 8.0, 8.0, 8.0]
T = 1.0	 step = 42
119.30000000000001
18.091194602272726
[29.0, 29.0, 47.0, 46.0, 13.0, 12.0, 23.0, 30.0, 7.0, 28.0, 43.0]
[28.0, 42.0, 43.0, 10.0, 32.0, 10.0, 53.0, 6.0, 47.0, 15.0, 25.0]
[12.0, 12.0, 18.0, 18.0, 18.0, 18.0, 12.0, 12.0, 12.0, 12.0, 12.0]
[12.0, 12.0, 18.0, 18.0, 18.0, 18.0, 8.0, 8.0, 8.0, 8.0, 8.0]
T = 1.0	 step = 43
118.89000000000004
17.93380823863636
[29.0, 29.0, 47.0, 46.0, 13.0, 12.0, 23.0, 30.0, 7.0, 28.0, 43.0]
[28.0, 42.0, 43.0, 10.0, 33.0, 10.0, 53.0, 6.0, 47.0, 15.0, 25.0]
[12.0, 12.0, 18.0, 18.0, 18.0, 18.0, 12.0, 12.0, 12.0, 12.0, 12.0]
[12.0, 12.0, 18.0, 18.0, 18.0, 18.0, 8.0, 8.0, 8.0, 8.0, 8.0]
T = 1.0	 step = 44
119.20000000000005
17.673012784090908
[29.0, 29.0, 47.0, 46.0, 13.0, 12.0, 23.0, 30.0, 7.0, 28.0, 43.0]
[28.0, 41.0, 43.0, 10.0, 33.0, 10.0, 53.0, 6.0, 47.0, 15.0, 25.0]
[12.0, 12.0, 18.0, 18.0, 18.0, 18.0, 12.0, 12.0, 12.0, 12.0, 12.0]
[12.0, 12.0, 18.0, 18.0, 18.0, 18.0, 8.0, 8.0, 8.0, 8.0, 8.0]
T = 1.0	 step = 45
119.17000000000002
17.773012784090906
[29.0, 29.0, 47.0, 46.0, 13.0, 12.0, 23.0, 30.0, 7.0, 28.0, 43.0]
[28.0, 41.0, 43.0, 10.0, 33.0, 10.0, 53.0, 6.0, 48.0, 15.0, 25.0]
[12.0, 12.0, 18.0, 18.0, 18.0, 18.0, 12.0, 12.0, 12.0, 12.0, 12.0]
[12.0, 12.0, 18.0, 18.0, 18.0, 18.0, 8.0, 8.0, 8.0, 8.0, 8.0]
T = 1.0	 step = 46
119.14000000000004
17.873012784090907
[29.0, 29.0, 47.0, 46.0, 13.0, 12.0, 23.0, 30.0, 7.0, 28.0, 43.0]
[28.0, 41.0, 43.0, 10.0, 33.0, 10.0, 53.0, 6.0, 49.0, 15.0, 25.0]
[12.0, 12.0, 18.0, 18.0, 18.0, 18.0, 12.0, 12.0, 12.0, 12.0, 12.0]
[12.0, 12.0, 18.0, 18.0, 18.0, 18.0, 8.0, 8.0, 8.0, 8.0, 8.0]
T = 1.0	 step = 47
118.92000000000002
17.973012784090905
[29.0, 30.0, 47.0, 46.0, 13.0, 12.0, 23.0, 30.0, 7.0, 28.0, 43.0]
[28.0, 41.0, 43.0, 10.0, 33.0, 10.0, 53.0, 6.0, 49.0, 15.0, 25.0]
[12.0, 12.0, 18.0, 18.0, 18.0, 18.0, 12.0, 12.0, 12.0, 12.0, 12.0]
[12.0, 12.0, 18.0, 18.0, 18.0, 18.0, 8.0, 8.0, 8.0, 8.0, 8.0]
T = 1.0	 step = 48
118.92000000000002
18.073012784090906
[29.0, 30.0, 47.0, 46.0, 13.0, 12.0, 23.0, 30.0, 7.0, 29.0, 43.0]
[28.0, 41.0, 43.0, 10.0, 33.0, 10.0, 53.0, 6.0, 49.0, 15.0, 25.0]
[12.0, 12.0, 18.0, 18.0, 18.0, 18.0, 12.0, 12.0, 12.0, 12.0, 12.0]
[12.0, 12.0, 18.0, 18.0, 18.0, 18.0, 8.0, 8.0, 8.0, 8.0, 8.0]
T = 1.0	 step = 49
118.62
18.273012784090906
[29.0, 30.0, 47.0, 47.0, 13.0, 12.0, 23.0, 30.0, 7.0, 29.0, 43.0]
[28.0, 41.0, 43.0, 10.0, 33.0, 10.0, 53.0, 6.0, 49.0, 15.0, 25.0]
[12.0, 12.0, 18.0, 18.0, 18.0, 18.0, 12.0, 12.0, 12.0, 12.0, 12.0]
[12.0, 12.0, 18.0, 18.0, 18.0, 18.0, 8.0, 8.0, 8.0, 8.0, 8.0]
T = 1.0	 step = 50
118.67000000000002
18.174866477272726
[29.0, 30.0, 47.0, 47.0, 13.0, 12.0, 23.0, 30.0, 7.0, 29.0, 43.0]
[28.0, 41.0, 43.0, 10.0, 33.0, 10.0, 52.0, 6.0, 49.0, 15.0, 25.0]
[12.0, 12.0, 18.0, 18.0, 18.0, 18.0, 12.0, 12.0, 12.0, 12.0, 12.0]
[12.0, 12.0, 18.0, 18.0, 18.0, 18.0, 8.0, 8.0, 8.0, 8.0, 8.0]
T = 1.0	 step = 51
118.96000000000004
17.974866477272723
[29.0, 30.0, 47.0, 47.0, 13.0, 13.0, 23.0, 30.0, 7.0, 29.0, 43.0]
[28.0, 41.0, 43.0, 10.0, 33.0, 10.0, 52.0, 6.0, 49.0, 15.0, 25.0]
[12.0, 12.0, 18.0, 18.0, 18.0, 18.0, 12.0, 12.0, 12.0, 12.0, 12.0]
[12.0, 12.0, 18.0, 18.0, 18.0, 18.0, 8.0, 8.0, 8.0, 8.0, 8.0]
T = 1.0	 step = 52
118.24000000000001
18.08907102272727
[29.0, 30.0, 47.0, 47.0, 12.0, 13.0, 23.0, 30.0, 7.0, 29.0, 43.0]
[28.0, 41.0, 43.0, 10.0, 33.0, 10.0, 52.0, 6.0, 49.0, 15.0, 25.0]
[12.0, 12.0, 18.0, 18.0, 18.0, 18.0, 12.0, 12.0, 12.0, 12.0, 12.0]
[12.0, 12.0, 18.0, 18.0, 18.0, 18.0, 8.0, 8.0, 8.0, 8.0, 8.0]
T = 1.0	 step = 53
118.19
18.18907102272727
[29.0, 31.0, 47.0, 47.0, 12.0, 13.0, 23.0, 30.0, 7.0, 29.0, 43.0]
[28.0, 41.0, 43.0, 10.0, 33.0, 10.0, 52.0, 6.0, 49.0, 15.0, 25.0]
[12.0, 12.0, 18.0, 18.0, 18.0, 18.0, 12.0, 12.0, 12.0, 12.0, 12.0]
[12.0, 12.0, 18.0, 18.0, 18.0, 18.0, 8.0, 8.0, 8.0, 8.0, 8.0]
T = 1.0	 step = 54
117.89000000000004
18.671343750000002
[29.0, 31.0, 47.0, 47.0, 12.0, 13.0, 23.0, 30.0, 7.0, 29.0, 48.0]
[28.0, 41.0, 43.0, 10.0, 33.0, 10.0, 52.0, 6.0, 49.0, 15.0, 26.0]
[12.0, 12.0, 18.0, 18.0, 18.0, 18.0, 12.0, 12.0, 12.0, 12.0, 12.0]
[12.0, 12.0, 18.0, 18.0, 18.0, 18.0, 8.0, 8.0, 8.0, 8.0, 8.0]
T = 1.0	 step = 55
117.83000000000004
18.77134375
[29.0, 31.0, 47.0, 47.0, 12.0, 13.0, 23.0, 30.0, 7.0, 29.0, 49.0]
[28.0, 41.0, 43.0, 10.0, 33.0, 10.0, 52.0, 6.0, 49.0, 15.0, 26.0]
[12.0, 12.0, 18.0, 18.0, 18.0, 18.0, 12.0, 12.0, 12.0, 12.0, 12.0]
[12.0, 12.0, 18.0, 18.0, 18.0, 18.0, 8.0, 8.0, 8.0, 8.0, 8.0]
T = 1.0	 step = 56
117.82000000000005
18.87134375
[29.0, 31.0, 47.0, 47.0, 12.0, 13.0, 23.0, 30.0, 7.0, 30.0, 49.0]
[28.0, 41.0, 43.0, 10.0, 33.0, 10.0, 52.0, 6.0, 49.0, 15.0, 26.0]
[12.0, 12.0, 18.0, 18.0, 18.0, 18.0, 12.0, 12.0, 12.0, 12.0, 12.0]
[12.0, 12.0, 18.0, 18.0, 18.0, 18.0, 8.0, 8.0, 8.0, 8.0, 8.0]
T = 1.0	 step = 57
118.15000000000003
18.671343750000002
[29.0, 31.0, 47.0, 47.0, 12.0, 14.0, 23.0, 30.0, 7.0, 30.0, 49.0]
[28.0, 41.0, 43.0, 10.0, 33.0, 10.0, 52.0, 6.0, 49.0, 15.0, 26.0]
[12.0, 12.0, 18.0, 18.0, 18.0, 18.0, 12.0, 12.0, 12.0, 12.0, 12.0]
[12.0, 12.0, 18.0, 18.0, 18.0, 18.0, 8.0, 8.0, 8.0, 8.0, 8.0]
T = 1.0	 step = 58
118.17000000000002
18.57134375
[29.0, 31.0, 47.0, 47.0, 12.0, 14.0, 23.0, 30.0, 7.0, 30.0, 49.0]
[28.0, 41.0, 43.0, 10.0, 33.0, 10.0, 52.0, 6.0, 48.0, 15.0, 26.0]
[12.0, 12.0, 18.0, 18.0, 18.0, 18.0, 12.0, 12.0, 12.0, 12.0, 12.0]
[12.0, 12.0, 18.0, 18.0, 18.0, 18.0, 8.0, 8.0, 8.0, 8.0, 8.0]
T = 1.0	 step = 59
117.84000000000003
18.77134375
[29.0, 31.0, 47.0, 47.0, 12.0, 13.0, 23.0, 30.0, 7.0, 30.0, 49.0]
[28.0, 41.0, 43.0, 10.0, 33.0, 10.0, 52.0, 6.0, 48.0, 15.0, 26.0]
[12.0, 12.0, 18.0, 18.0, 18.0, 18.0, 12.0, 12.0, 12.0, 12.0, 12.0]
[12.0, 12.0, 18.0, 18.0, 18.0, 18.0, 8.0, 8.0, 8.0, 8.0, 8.0]
T = 1.0	 step = 60
117.48000000000002
18.971343750000003
[29.0, 31.0, 48.0, 47.0, 12.0, 13.0, 23.0, 30.0, 7.0, 30.0, 49.0]
[28.0, 41.0, 43.0, 10.0, 33.0, 10.0, 52.0, 6.0, 48.0, 15.0, 26.0]
[12.0, 12.0, 18.0, 18.0, 18.0, 18.0, 12.0, 12.0, 12.0, 12.0, 12.0]
[12.0, 12.0, 18.0, 18.0, 18.0, 18.0, 8.0, 8.0, 8.0, 8.0, 8.0]
T = 0.8	 step = 61
117.81
18.77134375
[29.0, 31.0, 48.0, 47.0, 12.0, 14.0, 23.0, 30.0, 7.0, 30.0, 49.0]
[28.0, 41.0, 43.0, 10.0, 33.0, 10.0, 52.0, 6.0, 48.0, 15.0, 26.0]
[12.0, 12.0, 18.0, 18.0, 18.0, 18.0, 12.0, 12.0, 12.0, 12.0, 12.0]
[12.0, 12.0, 18.0, 18.0, 18.0, 18.0, 8.0, 8.0, 8.0, 8.0, 8.0]
T = 0.8	 step = 62
117.21000000000004
18.948877840909088
[29.0, 31.0, 48.0, 47.0, 12.0, 13.0, 23.0, 30.0, 7.0, 30.0, 49.0]
[28.0, 41.0, 44.0, 10.0, 33.0, 10.0, 52.0, 6.0, 48.0, 15.0, 26.0]
[12.0, 12.0, 18.0, 18.0, 18.0, 18.0, 12.0, 12.0, 12.0, 12.0, 12.0]
[12.0, 12.0, 18.0, 18.0, 18.0, 18.0, 8.0, 8.0, 8.0, 8.0, 8.0]
T = 0.8	 step = 63
116.68
18.54887784090909
[32.0, 31.0, 48.0, 47.0, 12.0, 13.0, 23.0, 30.0, 7.0, 30.0, 49.0]
[28.0, 41.0, 44.0, 10.0, 33.0, 10.0, 52.0, 6.0, 48.0, 15.0, 26.0]
[12.0, 12.0, 18.0, 18.0, 18.0, 18.0, 12.0, 12.0, 12.0, 12.0, 12.0]
[12.0, 12.0, 18.0, 18.0, 18.0, 18.0, 8.0, 8.0, 8.0, 8.0, 8.0]
T = 0.8	 step = 64
116.46000000000004
18.57558238636363
[32.0, 31.0, 48.0, 47.0, 12.0, 13.0, 23.0, 30.0, 7.0, 30.0, 49.0]
[27.0, 41.0, 44.0, 10.0, 33.0, 10.0, 52.0, 6.0, 48.0, 15.0, 26.0]
[12.0, 12.0, 18.0, 18.0, 18.0, 18.0, 12.0, 12.0, 12.0, 12.0, 12.0]
[12.0, 12.0, 18.0, 18.0, 18.0, 18.0, 8.0, 8.0, 8.0, 8.0, 8.0]
T = 0.8	 step = 65
116.86000000000001
18.31478693181818
[32.0, 31.0, 48.0, 47.0, 12.0, 13.0, 23.0, 30.0, 7.0, 30.0, 49.0]
[27.0, 40.0, 44.0, 10.0, 33.0, 10.0, 52.0, 6.0, 48.0, 15.0, 26.0]
[12.0, 12.0, 18.0, 18.0, 18.0, 18.0, 12.0, 12.0, 12.0, 12.0, 12.0]
[12.0, 12.0, 18.0, 18.0, 18.0, 18.0, 8.0, 8.0, 8.0, 8.0, 8.0]
T = 0.8	 step = 66
117.16000000000003
18.197296874999996
[32.0, 31.0, 48.0, 47.0, 12.0, 13.0, 23.0, 30.0, 7.0, 30.0, 49.0]
[27.0, 40.0, 44.0, 11.0, 33.0, 10.0, 52.0, 6.0, 48.0, 15.0, 26.0]
[12.0, 12.0, 18.0, 18.0, 18.0, 18.0, 12.0, 12.0, 12.0, 12.0, 12.0]
[12.0, 12.0, 18.0, 18.0, 18.0, 18.0, 8.0, 8.0, 8.0, 8.0, 8.0]
T = 0.8	 step = 67
117.46000000000004
17.997296874999996
[32.0, 31.0, 48.0, 46.0, 12.0, 13.0, 23.0, 30.0, 7.0, 30.0, 49.0]
[27.0, 40.0, 44.0, 11.0, 33.0, 10.0, 52.0, 6.0, 48.0, 15.0, 26.0]
[12.0, 12.0, 18.0, 18.0, 18.0, 18.0, 12.0, 12.0, 12.0, 12.0, 12.0]
[12.0, 12.0, 18.0, 18.0, 18.0, 18.0, 8.0, 8.0, 8.0, 8.0, 8.0]
T = 0.8	 step = 68
117.48000000000002
17.897296875
[32.0, 31.0, 48.0, 46.0, 12.0, 13.0, 23.0, 30.0, 7.0, 30.0, 49.0]
[27.0, 40.0, 44.0, 11.0, 33.0, 10.0, 52.0, 6.0, 47.0, 15.0, 26.0]
[12.0, 12.0, 18.0, 18.0, 18.0, 18.0, 12.0, 12.0, 12.0, 12.0, 12.0]
[12.0, 12.0, 18.0, 18.0, 18.0, 18.0, 8.0, 8.0, 8.0, 8.0, 8.0]
T = 0.8	 step = 69
117.69
17.484796874999997
[32.0, 31.0, 48.0, 46.0, 12.0, 13.0, 23.0, 30.0, 7.0, 30.0, 45.0]
[27.0, 40.0, 44.0, 11.0, 33.0, 10.0, 52.0, 6.0, 47.0, 15.0, 25.0]
[12.0, 12.0, 18.0, 18.0, 18.0, 18.0, 12.0, 12.0, 12.0, 12.0, 12.0]
[12.0, 12.0, 18.0, 18.0, 18.0, 18.0, 8.0, 8.0, 8.0, 8.0, 8.0]
T = 0.8	 step = 70
117.71000000000004
17.470592329545454
[32.0, 31.0, 48.0, 46.0, 12.0, 13.0, 23.0, 30.0, 8.0, 30.0, 45.0]
[27.0, 40.0, 44.0, 11.0, 33.0, 10.0, 52.0, 6.0, 47.0, 15.0, 25.0]
[12.0, 12.0, 18.0, 18.0, 18.0, 18.0, 12.0, 12.0, 12.0, 12.0, 12.0]
[12.0, 12.0, 18.0, 18.0, 18.0, 18.0, 8.0, 8.0, 8.0, 8.0, 8.0]
T = 0.8	 step = 71
117.65000000000003
17.570592329545452
[32.0, 31.0, 48.0, 46.0, 12.0, 13.0, 23.0, 30.0, 8.0, 30.0, 46.0]
[27.0, 40.0, 44.0, 11.0, 33.0, 10.0, 52.0, 6.0, 47.0, 15.0, 25.0]
[12.0, 12.0, 18.0, 18.0, 18.0, 18.0, 12.0, 12.0, 12.0, 12.0, 12.0]
[12.0, 12.0, 18.0, 18.0, 18.0, 18.0, 8.0, 8.0, 8.0, 8.0, 8.0]
T = 0.8	 step = 72
117.60000000000002
17.670592329545453
[32.0, 31.0, 48.0, 46.0, 12.0, 13.0, 23.0, 30.0, 8.0, 30.0, 47.0]
[27.0, 40.0, 44.0, 11.0, 33.0, 10.0, 52.0, 6.0, 47.0, 15.0, 25.0]
[12.0, 12.0, 18.0, 18.0, 18.0, 18.0, 12.0, 12.0, 12.0, 12.0, 12.0]
[12.0, 12.0, 18.0, 18.0, 18.0, 18.0, 8.0, 8.0, 8.0, 8.0, 8.0]
T = 0.8	 step = 73
117.60000000000002
17.570592329545452
[32.0, 31.0, 48.0, 46.0, 12.0, 13.0, 23.0, 30.0, 8.0, 29.0, 47.0]
[27.0, 40.0, 44.0, 11.0, 33.0, 10.0, 52.0, 6.0, 47.0, 15.0, 25.0]
[12.0, 12.0, 18.0, 18.0, 18.0, 18.0, 12.0, 12.0, 12.0, 12.0, 12.0]
[12.0, 12.0, 18.0, 18.0, 18.0, 18.0, 8.0, 8.0, 8.0, 8.0, 8.0]
T = 0.8	 step = 74
117.67000000000002
17.670592329545453
[32.0, 31.0, 48.0, 46.0, 12.0, 13.0, 23.0, 30.0, 8.0, 29.0, 47.0]
[27.0, 40.0, 44.0, 11.0, 33.0, 10.0, 52.0, 6.0, 47.0, 16.0, 25.0]
[12.0, 12.0, 18.0, 18.0, 18.0, 18.0, 12.0, 12.0, 12.0, 12.0, 12.0]
[12.0, 12.0, 18.0, 18.0, 18.0, 18.0, 8.0, 8.0, 8.0, 8.0, 8.0]
T = 0.8	 step = 75
117.60000000000002
17.570592329545452
[32.0, 31.0, 48.0, 46.0, 12.0, 13.0, 23.0, 30.0, 8.0, 29.0, 47.0]
[27.0, 40.0, 44.0, 11.0, 33.0, 10.0, 52.0, 6.0, 47.0, 15.0, 25.0]
[12.0, 12.0, 18.0, 18.0, 18.0, 18.0, 12.0, 12.0, 12.0, 12.0, 12.0]
[12.0, 12.0, 18.0, 18.0, 18.0, 18.0, 8.0, 8.0, 8.0, 8.0, 8.0]
T = 0.8	 step = 76
117.67000000000002
17.670592329545453
[32.0, 31.0, 48.0, 46.0, 12.0, 13.0, 23.0, 30.0, 8.0, 29.0, 47.0]
[27.0, 40.0, 44.0, 11.0, 33.0, 10.0, 52.0, 6.0, 47.0, 16.0, 25.0]
[12.0, 12.0, 18.0, 18.0, 18.0, 18.0, 12.0, 12.0, 12.0, 12.0, 12.0]
[12.0, 12.0, 18.0, 18.0, 18.0, 18.0, 8.0, 8.0, 8.0, 8.0, 8.0]
T = 0.8	 step = 77
117.70000000000005
17.611785511363635
[32.0, 31.0, 48.0, 46.0, 12.0, 13.0, 23.0, 30.0, 8.0, 29.0, 47.0]
[27.0, 40.0, 44.0, 11.0, 33.0, 10.0, 51.0, 6.0, 47.0, 16.0, 25.0]
[12.0, 12.0, 18.0, 18.0, 18.0, 18.0, 12.0, 12.0, 12.0, 12.0, 12.0]
[12.0, 12.0, 18.0, 18.0, 18.0, 18.0, 8.0, 8.0, 8.0, 8.0, 8.0]
T = 0.8	 step = 78
117.69
17.711785511363633
[32.0, 31.0, 48.0, 46.0, 12.0, 13.0, 23.0, 30.0, 8.0, 29.0, 47.0]
[27.0, 40.0, 44.0, 11.0, 33.0, 10.0, 51.0, 6.0, 48.0, 16.0, 25.0]
[12.0, 12.0, 18.0, 18.0, 18.0, 18.0, 12.0, 12.0, 12.0, 12.0, 12.0]
[12.0, 12.0, 18.0, 18.0, 18.0, 18.0, 8.0, 8.0, 8.0, 8.0, 8.0]
T = 0.8	 step = 79
117.70000000000005
17.611785511363635
[32.0, 31.0, 48.0, 46.0, 12.0, 13.0, 24.0, 30.0, 8.0, 29.0, 47.0]
[27.0, 40.0, 44.0, 11.0, 33.0, 10.0, 51.0, 6.0, 48.0, 16.0, 25.0]
[12.0, 12.0, 18.0, 18.0, 18.0, 18.0, 12.0, 12.0, 12.0, 12.0, 12.0]
[12.0, 12.0, 18.0, 18.0, 18.0, 18.0, 8.0, 8.0, 8.0, 8.0, 8.0]
T = 0.8	 step = 80
117.42000000000002
17.811785511363635
[32.0, 31.0, 48.0, 46.0, 12.0, 10.0, 24.0, 30.0, 8.0, 29.0, 47.0]
[27.0, 40.0, 44.0, 11.0, 33.0, 12.0, 51.0, 6.0, 48.0, 16.0, 25.0]
[12.0, 12.0, 18.0, 18.0, 18.0, 18.0, 12.0, 12.0, 12.0, 12.0, 12.0]
[12.0, 12.0, 18.0, 18.0, 18.0, 18.0, 8.0, 8.0, 8.0, 8.0, 8.0]
T = 0.8	 step = 81
117.41000000000003
17.711785511363633
[32.0, 31.0, 48.0, 46.0, 12.0, 10.0, 24.0, 30.0, 8.0, 28.0, 47.0]
[27.0, 40.0, 44.0, 11.0, 33.0, 12.0, 51.0, 6.0, 48.0, 16.0, 25.0]
[12.0, 12.0, 18.0, 18.0, 18.0, 18.0, 12.0, 12.0, 12.0, 12.0, 12.0]
[12.0, 12.0, 18.0, 18.0, 18.0, 18.0, 8.0, 8.0, 8.0, 8.0, 8.0]
T = 0.8	 step = 82
117.39000000000004
17.72599005681818
[32.0, 31.0, 48.0, 46.0, 12.0, 10.0, 24.0, 30.0, 7.0, 28.0, 47.0]
[27.0, 40.0, 44.0, 11.0, 33.0, 12.0, 51.0, 6.0, 48.0, 16.0, 25.0]
[12.0, 12.0, 18.0, 18.0, 18.0, 18.0, 12.0, 12.0, 12.0, 12.0, 12.0]
[12.0, 12.0, 18.0, 18.0, 18.0, 18.0, 8.0, 8.0, 8.0, 8.0, 8.0]
T = 0.8	 step = 83
117.01000000000005
17.92599005681818
[32.0, 31.0, 49.0, 46.0, 12.0, 10.0, 24.0, 30.0, 7.0, 28.0, 47.0]
[27.0, 40.0, 44.0, 11.0, 33.0, 12.0, 51.0, 6.0, 48.0, 16.0, 25.0]
[12.0, 12.0, 18.0, 18.0, 18.0, 18.0, 12.0, 12.0, 12.0, 12.0, 12.0]
[12.0, 12.0, 18.0, 18.0, 18.0, 18.0, 8.0, 8.0, 8.0, 8.0, 8.0]
T = 0.8	 step = 84
116.74000000000001
18.12599005681818
[32.0, 31.0, 49.0, 46.0, 12.0, 10.0, 24.0, 30.0, 7.0, 28.0, 47.0]
[27.0, 40.0, 44.0, 11.0, 33.0, 11.0, 51.0, 6.0, 48.0, 16.0, 25.0]
[12.0, 12.0, 18.0, 18.0, 18.0, 18.0, 12.0, 12.0, 12.0, 12.0, 12.0]
[12.0, 12.0, 18.0, 18.0, 18.0, 18.0, 8.0, 8.0, 8.0, 8.0, 8.0]
T = 0.8	 step = 85
116.41000000000003
18.24348011363636
[32.0, 31.0, 49.0, 46.0, 12.0, 10.0, 24.0, 30.0, 7.0, 28.0, 47.0]
[27.0, 40.0, 44.0, 10.0, 33.0, 11.0, 51.0, 6.0, 48.0, 16.0, 25.0]
[12.0, 12.0, 18.0, 18.0, 18.0, 18.0, 12.0, 12.0, 12.0, 12.0, 12.0]
[12.0, 12.0, 18.0, 18.0, 18.0, 18.0, 8.0, 8.0, 8.0, 8.0, 8.0]
T = 0.8	 step = 86
116.68
18.26308238636363
[32.0, 31.0, 49.0, 46.0, 12.0, 10.0, 24.0, 30.0, 7.0, 28.0, 47.0]
[27.0, 40.0, 43.0, 10.0, 33.0, 11.0, 51.0, 6.0, 48.0, 16.0, 25.0]
[12.0, 12.0, 18.0, 18.0, 18.0, 18.0, 12.0, 12.0, 12.0, 12.0, 12.0]
[12.0, 12.0, 18.0, 18.0, 18.0, 18.0, 8.0, 8.0, 8.0, 8.0, 8.0]
T = 0.8	 step = 87
116.52000000000004
18.07728693181818
[32.0, 31.0, 49.0, 46.0, 12.0, 10.0, 24.0, 30.0, 7.0, 28.0, 47.0]
[27.0, 40.0, 43.0, 10.0, 34.0, 11.0, 51.0, 6.0, 48.0, 16.0, 25.0]
[12.0, 12.0, 18.0, 18.0, 18.0, 18.0, 12.0, 12.0, 12.0, 12.0, 12.0]
[12.0, 12.0, 18.0, 18.0, 18.0, 18.0, 8.0, 8.0, 8.0, 8.0, 8.0]
T = 0.8	 step = 88
116.85000000000002
17.959796874999995
[32.0, 31.0, 49.0, 46.0, 12.0, 10.0, 24.0, 30.0, 7.0, 28.0, 47.0]
[27.0, 40.0, 43.0, 11.0, 34.0, 11.0, 51.0, 6.0, 48.0, 16.0, 25.0]
[12.0, 12.0, 18.0, 18.0, 18.0, 18.0, 12.0, 12.0, 12.0, 12.0, 12.0]
[12.0, 12.0, 18.0, 18.0, 18.0, 18.0, 8.0, 8.0, 8.0, 8.0, 8.0]
T = 0.8	 step = 89
116.81
18.018603693181813
[32.0, 31.0, 49.0, 46.0, 12.0, 10.0, 24.0, 30.0, 7.0, 28.0, 47.0]
[27.0, 40.0, 43.0, 11.0, 34.0, 11.0, 51.0, 5.0, 48.0, 16.0, 25.0]
[12.0, 12.0, 18.0, 18.0, 18.0, 18.0, 12.0, 12.0, 12.0, 12.0, 12.0]
[12.0, 12.0, 18.0, 18.0, 18.0, 18.0, 8.0, 8.0, 8.0, 8.0, 8.0]
T = 0.8	 step = 90
116.80000000000001
18.118603693181818
[32.0, 31.0, 49.0, 46.0, 12.0, 10.0, 23.0, 30.0, 7.0, 28.0, 47.0]
[27.0, 40.0, 43.0, 11.0, 34.0, 11.0, 51.0, 5.0, 48.0, 16.0, 25.0]
[12.0, 12.0, 18.0, 18.0, 18.0, 18.0, 12.0, 12.0, 12.0, 12.0, 12.0]
[12.0, 12.0, 18.0, 18.0, 18.0, 18.0, 8.0, 8.0, 8.0, 8.0, 8.0]
T = 0.8	 step = 91
116.73000000000002
18.018603693181813
[32.0, 31.0, 49.0, 46.0, 12.0, 10.0, 23.0, 30.0, 7.0, 28.0, 47.0]
[27.0, 40.0, 43.0, 11.0, 34.0, 11.0, 51.0, 5.0, 48.0, 15.0, 25.0]
[12.0, 12.0, 18.0, 18.0, 18.0, 18.0, 12.0, 12.0, 12.0, 12.0, 12.0]
[12.0, 12.0, 18.0, 18.0, 18.0, 18.0, 8.0, 8.0, 8.0, 8.0, 8.0]
T = 0.8	 step = 92
116.75
18.00439914772727
[32.0, 31.0, 49.0, 46.0, 12.0, 10.0, 23.0, 30.0, 8.0, 28.0, 47.0]
[27.0, 40.0, 43.0, 11.0, 34.0, 11.0, 51.0, 5.0, 48.0, 15.0, 25.0]
[12.0, 12.0, 18.0, 18.0, 18.0, 18.0, 12.0, 12.0, 12.0, 12.0, 12.0]
[12.0, 12.0, 18.0, 18.0, 18.0, 18.0, 8.0, 8.0, 8.0, 8.0, 8.0]
T = 0.8	 step = 93
116.74000000000001
18.104399147727268
[32.0, 31.0, 49.0, 46.0, 12.0, 10.0, 22.0, 30.0, 8.0, 28.0, 47.0]
[27.0, 40.0, 43.0, 11.0, 34.0, 11.0, 51.0, 5.0, 48.0, 15.0, 25.0]
[12.0, 12.0, 18.0, 18.0, 18.0, 18.0, 12.0, 12.0, 12.0, 12.0, 12.0]
[12.0, 12.0, 18.0, 18.0, 18.0, 18.0, 8.0, 8.0, 8.0, 8.0, 8.0]
T = 0.8	 step = 94
117.14000000000004
17.904399147727272
[32.0, 31.0, 48.0, 46.0, 12.0, 10.0, 22.0, 30.0, 8.0, 28.0, 47.0]
[27.0, 40.0, 43.0, 11.0, 34.0, 11.0, 51.0, 5.0, 48.0, 15.0, 25.0]
[12.0, 12.0, 18.0, 18.0, 18.0, 18.0, 12.0, 12.0, 12.0, 12.0, 12.0]
[12.0, 12.0, 18.0, 18.0, 18.0, 18.0, 8.0, 8.0, 8.0, 8.0, 8.0]
T = 0.8	 step = 95
117.17000000000002
17.845592329545454
[32.0, 31.0, 48.0, 46.0, 12.0, 10.0, 22.0, 30.0, 8.0, 28.0, 47.0]
[27.0, 40.0, 43.0, 11.0, 34.0, 11.0, 51.0, 6.0, 48.0, 15.0, 25.0]
[12.0, 12.0, 18.0, 18.0, 18.0, 18.0, 12.0, 12.0, 12.0, 12.0, 12.0]
[12.0, 12.0, 18.0, 18.0, 18.0, 18.0, 8.0, 8.0, 8.0, 8.0, 8.0]
T = 0.8	 step = 96
116.53000000000003
17.93138778409091
[32.0, 31.0, 48.0, 46.0, 11.0, 10.0, 22.0, 30.0, 8.0, 28.0, 47.0]
[27.0, 40.0, 43.0, 11.0, 34.0, 11.0, 51.0, 6.0, 48.0, 15.0, 25.0]
[12.0, 12.0, 18.0, 18.0, 18.0, 18.0, 12.0, 12.0, 12.0, 12.0, 12.0]
[12.0, 12.0, 18.0, 18.0, 18.0, 18.0, 8.0, 8.0, 8.0, 8.0, 8.0]
T = 0.8	 step = 97
116.51000000000005
18.031387784090906
[32.0, 31.0, 48.0, 46.0, 11.0, 10.0, 22.0, 30.0, 8.0, 28.0, 47.0]
[27.0, 40.0, 43.0, 11.0, 34.0, 11.0, 51.0, 6.0, 49.0, 15.0, 25.0]
[12.0, 12.0, 18.0, 18.0, 18.0, 18.0, 12.0, 12.0, 12.0, 12.0, 12.0]
[12.0, 12.0, 18.0, 18.0, 18.0, 18.0, 8.0, 8.0, 8.0, 8.0, 8.0]
T = 0.8	 step = 98
116.51000000000005
18.131387784090908
[32.0, 31.0, 48.0, 46.0, 11.0, 10.0, 22.0, 29.0, 8.0, 28.0, 47.0]
[27.0, 40.0, 43.0, 11.0, 34.0, 11.0, 51.0, 6.0, 49.0, 15.0, 25.0]
[12.0, 12.0, 18.0, 18.0, 18.0, 18.0, 12.0, 12.0, 12.0, 12.0, 12.0]
[12.0, 12.0, 18.0, 18.0, 18.0, 18.0, 8.0, 8.0, 8.0, 8.0, 8.0]
T = 0.8	 step = 99
116.18
18.24887784090909
[32.0, 31.0, 48.0, 46.0, 11.0, 10.0, 22.0, 29.0, 8.0, 28.0, 47.0]
[27.0, 40.0, 43.0, 10.0, 34.0, 11.0, 51.0, 6.0, 49.0, 15.0, 25.0]
[12.0, 12.0, 18.0, 18.0, 18.0, 18.0, 12.0, 12.0, 12.0, 12.0, 12.0]
[12.0, 12.0, 18.0, 18.0, 18.0, 18.0, 8.0, 8.0, 8.0, 8.0, 8.0]
T = 0.8	 step = 100
116.16000000000003
18.34887784090909
[32.0, 31.0, 48.0, 46.0, 11.0, 10.0, 22.0, 29.0, 8.0, 28.0, 47.0]
[27.0, 40.0, 43.0, 10.0, 34.0, 11.0, 51.0, 6.0, 50.0, 15.0, 25.0]
[12.0, 12.0, 18.0, 18.0, 18.0, 18.0, 12.0, 12.0, 12.0, 12.0, 12.0]
[12.0, 12.0, 18.0, 18.0, 18.0, 18.0, 8.0, 8.0, 8.0, 8.0, 8.0]
T = 0.8	 step = 101
116.57000000000005
18.14887784090909
[32.0, 31.0, 47.0, 46.0, 11.0, 10.0, 22.0, 29.0, 8.0, 28.0, 47.0]
[27.0, 40.0, 43.0, 10.0, 34.0, 11.0, 51.0, 6.0, 50.0, 15.0, 25.0]
[12.0, 12.0, 18.0, 18.0, 18.0, 18.0, 12.0, 12.0, 12.0, 12.0, 12.0]
[12.0, 12.0, 18.0, 18.0, 18.0, 18.0, 8.0, 8.0, 8.0, 8.0, 8.0]
T = 0.8	 step = 102
116.26000000000005
18.129275568181818
[32.0, 31.0, 47.0, 46.0, 11.0, 10.0, 22.0, 29.0, 8.0, 28.0, 47.0]
[27.0, 40.0, 44.0, 10.0, 34.0, 11.0, 51.0, 6.0, 50.0, 15.0, 25.0]
[12.0, 12.0, 18.0, 18.0, 18.0, 18.0, 12.0, 12.0, 12.0, 12.0, 12.0]
[12.0, 12.0, 18.0, 18.0, 18.0, 18.0, 8.0, 8.0, 8.0, 8.0, 8.0]
T = 0.8	 step = 103
115.84000000000003
18.129275568181814
[33.0, 31.0, 47.0, 46.0, 11.0, 10.0, 22.0, 29.0, 8.0, 28.0, 47.0]
[27.0, 40.0, 44.0, 10.0, 34.0, 11.0, 51.0, 6.0, 50.0, 15.0, 25.0]
[12.0, 12.0, 18.0, 18.0, 18.0, 18.0, 12.0, 12.0, 12.0, 12.0, 12.0]
[12.0, 12.0, 18.0, 18.0, 18.0, 18.0, 8.0, 8.0, 8.0, 8.0, 8.0]
T = 0.8	 step = 104
115.85000000000002
18.029275568181816
[33.0, 31.0, 47.0, 46.0, 11.0, 10.0, 23.0, 29.0, 8.0, 28.0, 47.0]
[27.0, 40.0, 44.0, 10.0, 34.0, 11.0, 51.0, 6.0, 50.0, 15.0, 25.0]
[12.0, 12.0, 18.0, 18.0, 18.0, 18.0, 12.0, 12.0, 12.0, 12.0, 12.0]
[12.0, 12.0, 18.0, 18.0, 18.0, 18.0, 8.0, 8.0, 8.0, 8.0, 8.0]
T = 0.8	 step = 105
115.46000000000004
18.229275568181816
[33.0, 31.0, 48.0, 46.0, 11.0, 10.0, 23.0, 29.0, 8.0, 28.0, 47.0]
[27.0, 40.0, 44.0, 10.0, 34.0, 11.0, 51.0, 6.0, 50.0, 15.0, 25.0]
[12.0, 12.0, 18.0, 18.0, 18.0, 18.0, 12.0, 12.0, 12.0, 12.0, 12.0]
[12.0, 12.0, 18.0, 18.0, 18.0, 18.0, 8.0, 8.0, 8.0, 8.0, 8.0]
T = 0.8	 step = 106
115.46000000000004
18.229275568181816
[33.0, 31.0, 48.0, 46.0, 11.0, 10.0, 23.0, 29.0, 8.0, 28.0, 47.0]
[27.0, 40.0, 44.0, 10.0, 34.0, 11.0, 51.0, 6.0, 50.0, 15.0, 25.0]
[12.0, 12.0, 18.0, 18.0, 18.0, 18.0, 12.0, 12.0, 12.0, 12.0, 12.0]
[12.0, 12.0, 18.0, 18.0, 18.0, 18.0, 8.0, 8.0, 8.0, 8.0, 8.0]
T = 0.8	 step = 107
115.13
18.429275568181815
[33.0, 31.0, 49.0, 46.0, 11.0, 10.0, 23.0, 29.0, 8.0, 28.0, 47.0]
[27.0, 40.0, 44.0, 10.0, 34.0, 11.0, 51.0, 6.0, 50.0, 15.0, 25.0]
[12.0, 12.0, 18.0, 18.0, 18.0, 18.0, 12.0, 12.0, 12.0, 12.0, 12.0]
[12.0, 12.0, 18.0, 18.0, 18.0, 18.0, 8.0, 8.0, 8.0, 8.0, 8.0]
T = 0.8	 step = 108
114.82000000000005
18.629275568181814
[33.0, 31.0, 49.0, 47.0, 11.0, 10.0, 23.0, 29.0, 8.0, 28.0, 47.0]
[27.0, 40.0, 44.0, 10.0, 34.0, 11.0, 51.0, 6.0, 50.0, 15.0, 25.0]
[12.0, 12.0, 18.0, 18.0, 18.0, 18.0, 12.0, 12.0, 12.0, 12.0, 12.0]
[12.0, 12.0, 18.0, 18.0, 18.0, 18.0, 8.0, 8.0, 8.0, 8.0, 8.0]
T = 0.8	 step = 109
114.76000000000005
18.729275568181816
[33.0, 31.0, 49.0, 47.0, 11.0, 10.0, 23.0, 29.0, 8.0, 28.0, 48.0]
[27.0, 40.0, 44.0, 10.0, 34.0, 11.0, 51.0, 6.0, 50.0, 15.0, 25.0]
[12.0, 12.0, 18.0, 18.0, 18.0, 18.0, 12.0, 12.0, 12.0, 12.0, 12.0]
[12.0, 12.0, 18.0, 18.0, 18.0, 18.0, 8.0, 8.0, 8.0, 8.0, 8.0]
T = 0.8	 step = 110
115.13
18.61178551136363
[33.0, 31.0, 49.0, 47.0, 11.0, 10.0, 23.0, 29.0, 8.0, 28.0, 48.0]
[27.0, 40.0, 44.0, 11.0, 34.0, 11.0, 51.0, 6.0, 50.0, 15.0, 25.0]
[12.0, 12.0, 18.0, 18.0, 18.0, 18.0, 12.0, 12.0, 12.0, 12.0, 12.0]
[12.0, 12.0, 18.0, 18.0, 18.0, 18.0, 8.0, 8.0, 8.0, 8.0, 8.0]
T = 0.8	 step = 111
115.21000000000004
18.711785511363633
[33.0, 31.0, 49.0, 47.0, 11.0, 10.0, 23.0, 29.0, 8.0, 28.0, 48.0]
[27.0, 40.0, 44.0, 11.0, 34.0, 11.0, 51.0, 6.0, 50.0, 16.0, 25.0]
[12.0, 12.0, 18.0, 18.0, 18.0, 18.0, 12.0, 12.0, 12.0, 12.0, 12.0]
[12.0, 12.0, 18.0, 18.0, 18.0, 18.0, 8.0, 8.0, 8.0, 8.0, 8.0]
T = 0.8	 step = 112
115.23000000000002
18.61178551136363
[33.0, 32.0, 49.0, 47.0, 11.0, 10.0, 23.0, 29.0, 8.0, 28.0, 48.0]
[27.0, 40.0, 44.0, 11.0, 34.0, 11.0, 51.0, 6.0, 50.0, 16.0, 25.0]
[12.0, 12.0, 18.0, 18.0, 18.0, 18.0, 12.0, 12.0, 12.0, 12.0, 12.0]
[12.0, 12.0, 18.0, 18.0, 18.0, 18.0, 8.0, 8.0, 8.0, 8.0, 8.0]
T = 0.8	 step = 113
115.59000000000003
18.631387784090904
[33.0, 32.0, 49.0, 47.0, 11.0, 10.0, 23.0, 29.0, 8.0, 28.0, 48.0]
[27.0, 40.0, 43.0, 11.0, 34.0, 11.0, 51.0, 6.0, 50.0, 16.0, 25.0]
[12.0, 12.0, 18.0, 18.0, 18.0, 18.0, 12.0, 12.0, 12.0, 12.0, 12.0]
[12.0, 12.0, 18.0, 18.0, 18.0, 18.0, 8.0, 8.0, 8.0, 8.0, 8.0]
T = 0.8	 step = 114
115.58000000000004
18.731387784090906
[33.0, 32.0, 49.0, 47.0, 11.0, 10.0, 23.0, 28.0, 8.0, 28.0, 48.0]
[27.0, 40.0, 43.0, 11.0, 34.0, 11.0, 51.0, 6.0, 50.0, 16.0, 25.0]
[12.0, 12.0, 18.0, 18.0, 18.0, 18.0, 12.0, 12.0, 12.0, 12.0, 12.0]
[12.0, 12.0, 18.0, 18.0, 18.0, 18.0, 8.0, 8.0, 8.0, 8.0, 8.0]
T = 0.8	 step = 115
115.72000000000003
18.731387784090906
[32.0, 32.0, 49.0, 47.0, 11.0, 10.0, 23.0, 28.0, 8.0, 28.0, 48.0]
[27.0, 40.0, 43.0, 11.0, 34.0, 11.0, 51.0, 6.0, 50.0, 16.0, 25.0]
[12.0, 12.0, 18.0, 18.0, 18.0, 18.0, 12.0, 12.0, 12.0, 12.0, 12.0]
[12.0, 12.0, 18.0, 18.0, 18.0, 18.0, 8.0, 8.0, 8.0, 8.0, 8.0]
T = 0.8	 step = 116
116.01000000000005
18.753853693181817
[32.0, 32.0, 49.0, 47.0, 11.0, 10.0, 23.0, 28.0, 8.0, 28.0, 48.0]
[27.0, 40.0, 42.0, 11.0, 34.0, 11.0, 51.0, 6.0, 50.0, 16.0, 25.0]
[12.0, 12.0, 18.0, 18.0, 18.0, 18.0, 12.0, 12.0, 12.0, 12.0, 12.0]
[12.0, 12.0, 18.0, 18.0, 18.0, 18.0, 8.0, 8.0, 8.0, 8.0, 8.0]
T = 0.8	 step = 117
116.0
18.85385369318182
[32.0, 32.0, 49.0, 47.0, 11.0, 10.0, 22.0, 28.0, 8.0, 28.0, 48.0]
[27.0, 40.0, 42.0, 11.0, 34.0, 11.0, 51.0, 6.0, 50.0, 16.0, 25.0]
[12.0, 12.0, 18.0, 18.0, 18.0, 18.0, 12.0, 12.0, 12.0, 12.0, 12.0]
[12.0, 12.0, 18.0, 18.0, 18.0, 18.0, 8.0, 8.0, 8.0, 8.0, 8.0]
T = 0.8	 step = 118
116.32000000000005
18.65385369318182
[32.0, 32.0, 49.0, 47.0, 11.0, 11.0, 22.0, 28.0, 8.0, 28.0, 48.0]
[27.0, 40.0, 42.0, 11.0, 34.0, 11.0, 51.0, 6.0, 50.0, 16.0, 25.0]
[12.0, 12.0, 18.0, 18.0, 18.0, 18.0, 12.0, 12.0, 12.0, 12.0, 12.0]
[12.0, 12.0, 18.0, 18.0, 18.0, 18.0, 8.0, 8.0, 8.0, 8.0, 8.0]
T = 0.8	 step = 119
116.35000000000002
18.753853693181817
[32.0, 32.0, 49.0, 47.0, 11.0, 11.0, 22.0, 28.0, 8.0, 29.0, 48.0]
[27.0, 40.0, 42.0, 11.0, 34.0, 11.0, 51.0, 6.0, 50.0, 16.0, 25.0]
[12.0, 12.0, 18.0, 18.0, 18.0, 18.0, 12.0, 12.0, 12.0, 12.0, 12.0]
[12.0, 12.0, 18.0, 18.0, 18.0, 18.0, 8.0, 8.0, 8.0, 8.0, 8.0]
T = 0.6400000000000001	 step = 120
116.35000000000002
18.76921732954545
[32.0, 32.0, 49.0, 47.0, 11.0, 11.0, 22.0, 28.0, 8.0, 29.0, 48.0]
[27.0, 40.0, 42.0, 11.0, 34.0, 11.0, 51.0, 6.0, 50.0, 16.0, 26.0]
[12.0, 12.0, 18.0, 18.0, 18.0, 18.0, 12.0, 12.0, 12.0, 12.0, 12.0]
[12.0, 12.0, 18.0, 18.0, 18.0, 18.0, 8.0, 8.0, 8.0, 8.0, 8.0]
T = 0.6400000000000001	 step = 121
116.29000000000002
18.869217329545453
[32.0, 32.0, 49.0, 47.0, 11.0, 11.0, 22.0, 28.0, 8.0, 29.0, 49.0]
[27.0, 40.0, 42.0, 11.0, 34.0, 11.0, 51.0, 6.0, 50.0, 16.0, 26.0]
[12.0, 12.0, 18.0, 18.0, 18.0, 18.0, 12.0, 12.0, 12.0, 12.0, 12.0]
[12.0, 12.0, 18.0, 18.0, 18.0, 18.0, 8.0, 8.0, 8.0, 8.0, 8.0]
T = 0.6400000000000001	 step = 122
116.05000000000001
19.069217329545452
[32.0, 32.0, 49.0, 47.0, 11.0, 11.0, 22.0, 28.0, 8.0, 29.0, 49.0]
[27.0, 40.0, 42.0, 11.0, 34.0, 10.0, 51.0, 6.0, 50.0, 16.0, 26.0]
[12.0, 12.0, 18.0, 18.0, 18.0, 18.0, 12.0, 12.0, 12.0, 12.0, 12.0]
[12.0, 12.0, 18.0, 18.0, 18.0, 18.0, 8.0, 8.0, 8.0, 8.0, 8.0]
T = 0.6400000000000001	 step = 123
116.04000000000002
19.16921732954545
[32.0, 33.0, 49.0, 47.0, 11.0, 11.0, 22.0, 28.0, 8.0, 29.0, 49.0]
[27.0, 40.0, 42.0, 11.0, 34.0, 10.0, 51.0, 6.0, 50.0, 16.0, 26.0]
[12.0, 12.0, 18.0, 18.0, 18.0, 18.0, 12.0, 12.0, 12.0, 12.0, 12.0]
[12.0, 12.0, 18.0, 18.0, 18.0, 18.0, 8.0, 8.0, 8.0, 8.0, 8.0]
T = 0.6400000000000001	 step = 124
116.08000000000004
19.369217329545453
[31.0, 33.0, 49.0, 47.0, 11.0, 11.0, 22.0, 28.0, 8.0, 29.0, 49.0]
[27.0, 40.0, 42.0, 11.0, 34.0, 10.0, 51.0, 6.0, 50.0, 16.0, 26.0]
[12.0, 12.0, 18.0, 18.0, 18.0, 18.0, 12.0, 12.0, 12.0, 12.0, 12.0]
[12.0, 12.0, 18.0, 18.0, 18.0, 18.0, 8.0, 8.0, 8.0, 8.0, 8.0]
T = 0.6400000000000001	 step = 125
115.80000000000001
19.343887784090906
[31.0, 33.0, 49.0, 47.0, 11.0, 11.0, 22.0, 28.0, 8.0, 29.0, 49.0]
[27.0, 40.0, 43.0, 11.0, 34.0, 10.0, 51.0, 6.0, 50.0, 16.0, 26.0]
[12.0, 12.0, 18.0, 18.0, 18.0, 18.0, 12.0, 12.0, 12.0, 12.0, 12.0]
[12.0, 12.0, 18.0, 18.0, 18.0, 18.0, 8.0, 8.0, 8.0, 8.0, 8.0]
T = 0.6400000000000001	 step = 126
115.75
19.443887784090904
[31.0, 33.0, 49.0, 47.0, 11.0, 11.0, 22.0, 28.0, 8.0, 29.0, 50.0]
[27.0, 40.0, 43.0, 11.0, 34.0, 10.0, 51.0, 6.0, 50.0, 16.0, 26.0]
[12.0, 12.0, 18.0, 18.0, 18.0, 18.0, 12.0, 12.0, 12.0, 12.0, 12.0]
[12.0, 12.0, 18.0, 18.0, 18.0, 18.0, 8.0, 8.0, 8.0, 8.0, 8.0]
T = 0.6400000000000001	 step = 127
115.75
19.543887784090906
[31.0, 33.0, 49.0, 47.0, 11.0, 11.0, 22.0, 27.0, 8.0, 29.0, 50.0]
[27.0, 40.0, 43.0, 11.0, 34.0, 10.0, 51.0, 6.0, 50.0, 16.0, 26.0]
[12.0, 12.0, 18.0, 18.0, 18.0, 18.0, 12.0, 12.0, 12.0, 12.0, 12.0]
[12.0, 12.0, 18.0, 18.0, 18.0, 18.0, 8.0, 8.0, 8.0, 8.0, 8.0]
T = 0.6400000000000001	 step = 128
115.63
19.343887784090906
[32.0, 33.0, 49.0, 47.0, 11.0, 11.0, 22.0, 27.0, 8.0, 29.0, 50.0]
[27.0, 40.0, 43.0, 11.0, 34.0, 10.0, 51.0, 6.0, 50.0, 16.0, 26.0]
[12.0, 12.0, 18.0, 18.0, 18.0, 18.0, 12.0, 12.0, 12.0, 12.0, 12.0]
[12.0, 12.0, 18.0, 18.0, 18.0, 18.0, 8.0, 8.0, 8.0, 8.0, 8.0]
T = 0.6400000000000001	 step = 129
115.56
19.143887784090904
[33.0, 33.0, 49.0, 47.0, 11.0, 11.0, 22.0, 27.0, 8.0, 29.0, 50.0]
[27.0, 40.0, 43.0, 11.0, 34.0, 10.0, 51.0, 6.0, 50.0, 16.0, 26.0]
[12.0, 12.0, 18.0, 18.0, 18.0, 18.0, 12.0, 12.0, 12.0, 12.0, 12.0]
[12.0, 12.0, 18.0, 18.0, 18.0, 18.0, 8.0, 8.0, 8.0, 8.0, 8.0]
T = 0.6400000000000001	 step = 130
115.13
19.261377840909088
[33.0, 33.0, 49.0, 47.0, 11.0, 11.0, 22.0, 27.0, 8.0, 29.0, 50.0]
[27.0, 40.0, 43.0, 10.0, 34.0, 10.0, 51.0, 6.0, 50.0, 16.0, 26.0]
[12.0, 12.0, 18.0, 18.0, 18.0, 18.0, 12.0, 12.0, 12.0, 12.0, 12.0]
[12.0, 12.0, 18.0, 18.0, 18.0, 18.0, 8.0, 8.0, 8.0, 8.0, 8.0]
T = 0.6400000000000001	 step = 131
115.23000000000002
19.461377840909087
[32.0, 33.0, 49.0, 47.0, 11.0, 11.0, 22.0, 27.0, 8.0, 29.0, 50.0]
[27.0, 40.0, 43.0, 10.0, 34.0, 10.0, 51.0, 6.0, 50.0, 16.0, 26.0]
[12.0, 12.0, 18.0, 18.0, 18.0, 18.0, 12.0, 12.0, 12.0, 12.0, 12.0]
[12.0, 12.0, 18.0, 18.0, 18.0, 18.0, 8.0, 8.0, 8.0, 8.0, 8.0]
T = 0.6400000000000001	 step = 132
115.22000000000003
19.56137784090909
[32.0, 33.0, 49.0, 47.0, 11.0, 11.0, 21.0, 27.0, 8.0, 29.0, 50.0]
[27.0, 40.0, 43.0, 10.0, 34.0, 10.0, 51.0, 6.0, 50.0, 16.0, 26.0]
[12.0, 12.0, 18.0, 18.0, 18.0, 18.0, 12.0, 12.0, 12.0, 12.0, 12.0]
[12.0, 12.0, 18.0, 18.0, 18.0, 18.0, 8.0, 8.0, 8.0, 8.0, 8.0]
T = 0.6400000000000001	 step = 133
115.22000000000003
19.475582386363634
[32.0, 33.0, 49.0, 47.0, 11.0, 11.0, 22.0, 27.0, 7.0, 29.0, 50.0]
[27.0, 40.0, 43.0, 10.0, 34.0, 10.0, 51.0, 6.0, 50.0, 16.0, 26.0]
[12.0, 12.0, 18.0, 18.0, 18.0, 18.0, 12.0, 12.0, 12.0, 12.0, 12.0]
[12.0, 12.0, 18.0, 18.0, 18.0, 18.0, 8.0, 8.0, 8.0, 8.0, 8.0]
T = 0.6400000000000001	 step = 134
115.19
19.53438920454545
[32.0, 33.0, 49.0, 47.0, 11.0, 11.0, 22.0, 27.0, 7.0, 29.0, 50.0]
[27.0, 40.0, 43.0, 10.0, 34.0, 10.0, 52.0, 6.0, 50.0, 16.0, 26.0]
[12.0, 12.0, 18.0, 18.0, 18.0, 18.0, 12.0, 12.0, 12.0, 12.0, 12.0]
[12.0, 12.0, 18.0, 18.0, 18.0, 18.0, 8.0, 8.0, 8.0, 8.0, 8.0]
T = 0.6400000000000001	 step = 135
115.10000000000002
19.43438920454545
[32.0, 33.0, 49.0, 47.0, 11.0, 11.0, 22.0, 27.0, 7.0, 29.0, 50.0]
[27.0, 40.0, 43.0, 10.0, 34.0, 10.0, 52.0, 6.0, 50.0, 15.0, 26.0]
[12.0, 12.0, 18.0, 18.0, 18.0, 18.0, 12.0, 12.0, 12.0, 12.0, 12.0]
[12.0, 12.0, 18.0, 18.0, 18.0, 18.0, 8.0, 8.0, 8.0, 8.0, 8.0]
T = 0.6400000000000001	 step = 136
115.72000000000003
19.348593749999996
[32.0, 33.0, 49.0, 47.0, 12.0, 11.0, 22.0, 27.0, 7.0, 29.0, 50.0]
[27.0, 40.0, 43.0, 10.0, 34.0, 10.0, 52.0, 6.0, 50.0, 15.0, 26.0]
[12.0, 12.0, 18.0, 18.0, 18.0, 18.0, 12.0, 12.0, 12.0, 12.0, 12.0]
[12.0, 12.0, 18.0, 18.0, 18.0, 18.0, 8.0, 8.0, 8.0, 8.0, 8.0]
T = 0.6400000000000001	 step = 137
115.49000000000001
19.148593749999996
[33.0, 33.0, 49.0, 47.0, 12.0, 11.0, 22.0, 27.0, 7.0, 29.0, 50.0]
[27.0, 40.0, 43.0, 10.0, 34.0, 10.0, 52.0, 6.0, 50.0, 15.0, 26.0]
[12.0, 12.0, 18.0, 18.0, 18.0, 18.0, 12.0, 12.0, 12.0, 12.0, 12.0]
[12.0, 12.0, 18.0, 18.0, 18.0, 18.0, 8.0, 8.0, 8.0, 8.0, 8.0]
T = 0.6400000000000001	 step = 138
115.39000000000004
19.148593749999996
[34.0, 33.0, 49.0, 47.0, 12.0, 11.0, 22.0, 27.0, 7.0, 29.0, 50.0]
[27.0, 40.0, 43.0, 10.0, 34.0, 10.0, 52.0, 6.0, 50.0, 15.0, 26.0]
[12.0, 12.0, 18.0, 18.0, 18.0, 18.0, 12.0, 12.0, 12.0, 12.0, 12.0]
[12.0, 12.0, 18.0, 18.0, 18.0, 18.0, 8.0, 8.0, 8.0, 8.0, 8.0]
T = 0.6400000000000001	 step = 139
115.41000000000003
19.13438920454545
[34.0, 33.0, 49.0, 47.0, 12.0, 11.0, 22.0, 27.0, 8.0, 29.0, 50.0]
[27.0, 40.0, 43.0, 10.0, 34.0, 10.0, 52.0, 6.0, 50.0, 15.0, 26.0]
[12.0, 12.0, 18.0, 18.0, 18.0, 18.0, 12.0, 12.0, 12.0, 12.0, 12.0]
[12.0, 12.0, 18.0, 18.0, 18.0, 18.0, 8.0, 8.0, 8.0, 8.0, 8.0]
T = 0.6400000000000001	 step = 140
115.86000000000001
19.01689914772727
[34.0, 33.0, 49.0, 47.0, 12.0, 11.0, 22.0, 27.0, 8.0, 29.0, 50.0]
[27.0, 40.0, 43.0, 11.0, 34.0, 10.0, 52.0, 6.0, 50.0, 15.0, 26.0]
[12.0, 12.0, 18.0, 18.0, 18.0, 18.0, 12.0, 12.0, 12.0, 12.0, 12.0]
[12.0, 12.0, 18.0, 18.0, 18.0, 18.0, 8.0, 8.0, 8.0, 8.0, 8.0]
T = 0.6400000000000001	 step = 141
115.86000000000001
19.00439914772727
[34.0, 33.0, 49.0, 47.0, 12.0, 11.0, 22.0, 27.0, 8.0, 29.0, 50.0]
[27.0, 40.0, 43.0, 11.0, 34.0, 10.0, 52.0, 6.0, 50.0, 15.0, 25.0]
[12.0, 12.0, 18.0, 18.0, 18.0, 18.0, 12.0, 12.0, 12.0, 12.0, 12.0]
[12.0, 12.0, 18.0, 18.0, 18.0, 18.0, 8.0, 8.0, 8.0, 8.0, 8.0]
T = 0.6400000000000001	 step = 142
115.88
19.104399147727268
[34.0, 33.0, 49.0, 47.0, 12.0, 11.0, 22.0, 27.0, 8.0, 30.0, 50.0]
[27.0, 40.0, 43.0, 11.0, 34.0, 10.0, 52.0, 6.0, 50.0, 15.0, 25.0]
[12.0, 12.0, 18.0, 18.0, 18.0, 18.0, 12.0, 12.0, 12.0, 12.0, 12.0]
[12.0, 12.0, 18.0, 18.0, 18.0, 18.0, 8.0, 8.0, 8.0, 8.0, 8.0]
T = 0.6400000000000001	 step = 143
115.60000000000002
19.30439914772727
[34.0, 33.0, 49.0, 47.0, 12.0, 10.0, 22.0, 27.0, 8.0, 30.0, 50.0]
[27.0, 40.0, 43.0, 11.0, 34.0, 10.0, 52.0, 6.0, 50.0, 15.0, 25.0]
[12.0, 12.0, 18.0, 18.0, 18.0, 18.0, 12.0, 12.0, 12.0, 12.0, 12.0]
[12.0, 12.0, 18.0, 18.0, 18.0, 18.0, 8.0, 8.0, 8.0, 8.0, 8.0]
T = 0.6400000000000001	 step = 144
115.22000000000003
19.284796874999994
[34.0, 33.0, 49.0, 47.0, 12.0, 10.0, 22.0, 27.0, 8.0, 30.0, 50.0]
[27.0, 40.0, 44.0, 11.0, 34.0, 10.0, 52.0, 6.0, 50.0, 15.0, 25.0]
[12.0, 12.0, 18.0, 18.0, 18.0, 18.0, 12.0, 12.0, 12.0, 12.0, 12.0]
[12.0, 12.0, 18.0, 18.0, 18.0, 18.0, 8.0, 8.0, 8.0, 8.0, 8.0]
T = 0.6400000000000001	 step = 145
114.76000000000005
19.40228693181818
[34.0, 33.0, 49.0, 47.0, 12.0, 10.0, 22.0, 27.0, 8.0, 30.0, 50.0]
[27.0, 40.0, 44.0, 10.0, 34.0, 10.0, 52.0, 6.0, 50.0, 15.0, 25.0]
[12.0, 12.0, 18.0, 18.0, 18.0, 18.0, 12.0, 12.0, 12.0, 12.0, 12.0]
[12.0, 12.0, 18.0, 18.0, 18.0, 18.0, 8.0, 8.0, 8.0, 8.0, 8.0]
T = 0.6400000000000001	 step = 146
114.78000000000003
19.50228693181818
[34.0, 33.0, 49.0, 47.0, 12.0, 10.0, 22.0, 27.0, 8.0, 31.0, 50.0]
[27.0, 40.0, 44.0, 10.0, 34.0, 10.0, 52.0, 6.0, 50.0, 15.0, 25.0]
[12.0, 12.0, 18.0, 18.0, 18.0, 18.0, 12.0, 12.0, 12.0, 12.0, 12.0]
[12.0, 12.0, 18.0, 18.0, 18.0, 18.0, 8.0, 8.0, 8.0, 8.0, 8.0]
T = 0.6400000000000001	 step = 147
114.62
19.316491477272724
[34.0, 33.0, 49.0, 47.0, 12.0, 10.0, 22.0, 27.0, 8.0, 31.0, 50.0]
[27.0, 40.0, 44.0, 10.0, 35.0, 10.0, 52.0, 6.0, 50.0, 15.0, 25.0]
[12.0, 12.0, 18.0, 18.0, 18.0, 18.0, 12.0, 12.0, 12.0, 12.0, 12.0]
[12.0, 12.0, 18.0, 18.0, 18.0, 18.0, 8.0, 8.0, 8.0, 8.0, 8.0]
T = 0.6400000000000001	 step = 148
114.32000000000005
19.57728693181818
[34.0, 33.0, 49.0, 47.0, 12.0, 10.0, 22.0, 27.0, 8.0, 31.0, 50.0]
[27.0, 41.0, 44.0, 10.0, 35.0, 10.0, 52.0, 6.0, 50.0, 15.0, 25.0]
[12.0, 12.0, 18.0, 18.0, 18.0, 18.0, 12.0, 12.0, 12.0, 12.0, 12.0]
[12.0, 12.0, 18.0, 18.0, 18.0, 18.0, 8.0, 8.0, 8.0, 8.0, 8.0]
T = 0.6400000000000001	 step = 149
113.97000000000003
19.77728693181818
[34.0, 33.0, 49.0, 48.0, 12.0, 10.0, 22.0, 27.0, 8.0, 31.0, 50.0]
[27.0, 41.0, 44.0, 10.0, 35.0, 10.0, 52.0, 6.0, 50.0, 15.0, 25.0]
[12.0, 12.0, 18.0, 18.0, 18.0, 18.0, 12.0, 12.0, 12.0, 12.0, 12.0]
[12.0, 12.0, 18.0, 18.0, 18.0, 18.0, 8.0, 8.0, 8.0, 8.0, 8.0]
T = 0.6400000000000001	 step = 150
113.53000000000003
19.863082386363633
[34.0, 33.0, 49.0, 48.0, 11.0, 10.0, 22.0, 27.0, 8.0, 31.0, 50.0]
[27.0, 41.0, 44.0, 10.0, 35.0, 10.0, 52.0, 6.0, 50.0, 15.0, 25.0]
[12.0, 12.0, 18.0, 18.0, 18.0, 18.0, 12.0, 12.0, 12.0, 12.0, 12.0]
[12.0, 12.0, 18.0, 18.0, 18.0, 18.0, 8.0, 8.0, 8.0, 8.0, 8.0]
T = 0.6400000000000001	 step = 151
113.54000000000002
19.963082386363634
[34.0, 33.0, 49.0, 48.0, 11.0, 10.0, 22.0, 27.0, 8.0, 32.0, 50.0]
[27.0, 41.0, 44.0, 10.0, 35.0, 10.0, 52.0, 6.0, 50.0, 15.0, 25.0]
[12.0, 12.0, 18.0, 18.0, 18.0, 18.0, 12.0, 12.0, 12.0, 12.0, 12.0]
[12.0, 12.0, 18.0, 18.0, 18.0, 18.0, 8.0, 8.0, 8.0, 8.0, 8.0]
T = 0.6400000000000001	 step = 152
113.52000000000004
20.021889204545452
[34.0, 33.0, 49.0, 48.0, 11.0, 10.0, 22.0, 27.0, 8.0, 32.0, 50.0]
[27.0, 41.0, 44.0, 10.0, 35.0, 10.0, 53.0, 6.0, 50.0, 15.0, 25.0]
[12.0, 12.0, 18.0, 18.0, 18.0, 18.0, 12.0, 12.0, 12.0, 12.0, 12.0]
[12.0, 12.0, 18.0, 18.0, 18.0, 18.0, 8.0, 8.0, 8.0, 8.0, 8.0]
T = 0.6400000000000001	 step = 153
113.36000000000001
19.836093749999996
[34.0, 33.0, 49.0, 48.0, 11.0, 10.0, 22.0, 27.0, 8.0, 32.0, 50.0]
[27.0, 41.0, 44.0, 10.0, 36.0, 10.0, 53.0, 6.0, 50.0, 15.0, 25.0]
[12.0, 12.0, 18.0, 18.0, 18.0, 18.0, 12.0, 12.0, 12.0, 12.0, 12.0]
[12.0, 12.0, 18.0, 18.0, 18.0, 18.0, 8.0, 8.0, 8.0, 8.0, 8.0]
T = 0.6400000000000001	 step = 154
113.43
19.73609375
[34.0, 33.0, 49.0, 48.0, 11.0, 10.0, 22.0, 27.0, 8.0, 32.0, 49.0]
[27.0, 41.0, 44.0, 10.0, 36.0, 10.0, 53.0, 6.0, 50.0, 15.0, 25.0]
[12.0, 12.0, 18.0, 18.0, 18.0, 18.0, 12.0, 12.0, 12.0, 12.0, 12.0]
[12.0, 12.0, 18.0, 18.0, 18.0, 18.0, 8.0, 8.0, 8.0, 8.0, 8.0]
T = 0.6400000000000001	 step = 155
113.27000000000004
19.84409375
[34.0, 33.0, 49.0, 48.0, 11.0, 10.0, 22.0, 27.0, 8.0, 32.0, 49.0]
[26.0, 41.0, 44.0, 10.0, 36.0, 10.0, 53.0, 6.0, 50.0, 15.0, 25.0]
[12.0, 12.0, 18.0, 18.0, 18.0, 18.0, 12.0, 12.0, 12.0, 12.0, 12.0]
[12.0, 12.0, 18.0, 18.0, 18.0, 18.0, 8.0, 8.0, 8.0, 8.0, 8.0]
T = 0.6400000000000001	 step = 156
113.26000000000005
19.744093749999998
[34.0, 33.0, 49.0, 48.0, 11.0, 10.0, 22.0, 27.0, 8.0, 31.0, 49.0]
[26.0, 41.0, 44.0, 10.0, 36.0, 10.0, 53.0, 6.0, 50.0, 15.0, 25.0]
[12.0, 12.0, 18.0, 18.0, 18.0, 18.0, 12.0, 12.0, 12.0, 12.0, 12.0]
[12.0, 12.0, 18.0, 18.0, 18.0, 18.0, 8.0, 8.0, 8.0, 8.0, 8.0]
T = 0.6400000000000001	 step = 157
113.42000000000002
19.636093749999997
[34.0, 33.0, 49.0, 48.0, 11.0, 10.0, 22.0, 27.0, 8.0, 31.0, 49.0]
[27.0, 41.0, 44.0, 10.0, 36.0, 10.0, 53.0, 6.0, 50.0, 15.0, 25.0]
[12.0, 12.0, 18.0, 18.0, 18.0, 18.0, 12.0, 12.0, 12.0, 12.0, 12.0]
[12.0, 12.0, 18.0, 18.0, 18.0, 18.0, 8.0, 8.0, 8.0, 8.0, 8.0]
T = 0.6400000000000001	 step = 158
113.61000000000001
19.436093749999998
[34.0, 33.0, 49.0, 48.0, 11.0, 10.0, 22.0, 27.0, 8.0, 31.0, 49.0]
[27.0, 41.0, 44.0, 10.0, 36.0, 11.0, 53.0, 6.0, 50.0, 15.0, 25.0]
[12.0, 12.0, 18.0, 18.0, 18.0, 18.0, 12.0, 12.0, 12.0, 12.0, 12.0]
[12.0, 12.0, 18.0, 18.0, 18.0, 18.0, 8.0, 8.0, 8.0, 8.0, 8.0]
T = 0.6400000000000001	 step = 159
113.21000000000004
19.416491477272725
[34.0, 33.0, 49.0, 48.0, 11.0, 10.0, 22.0, 27.0, 8.0, 31.0, 49.0]
[27.0, 41.0, 45.0, 10.0, 36.0, 11.0, 53.0, 6.0, 50.0, 15.0, 25.0]
[12.0, 12.0, 18.0, 18.0, 18.0, 18.0, 12.0, 12.0, 12.0, 12.0, 12.0]
[12.0, 12.0, 18.0, 18.0, 18.0, 18.0, 8.0, 8.0, 8.0, 8.0, 8.0]
T = 0.6400000000000001	 step = 160
113.61000000000001
19.436093749999998
[34.0, 33.0, 49.0, 48.0, 11.0, 10.0, 22.0, 27.0, 8.0, 31.0, 49.0]
[27.0, 41.0, 44.0, 10.0, 36.0, 11.0, 53.0, 6.0, 50.0, 15.0, 25.0]
[12.0, 12.0, 18.0, 18.0, 18.0, 18.0, 12.0, 12.0, 12.0, 12.0, 12.0]
[12.0, 12.0, 18.0, 18.0, 18.0, 18.0, 8.0, 8.0, 8.0, 8.0, 8.0]
T = 0.6400000000000001	 step = 161
113.57000000000005
19.418603693181815
[34.0, 33.0, 49.0, 48.0, 11.0, 10.0, 22.0, 27.0, 8.0, 31.0, 49.0]
[27.0, 41.0, 44.0, 10.0, 36.0, 11.0, 53.0, 5.0, 50.0, 15.0, 25.0]
[12.0, 12.0, 18.0, 18.0, 18.0, 18.0, 12.0, 12.0, 12.0, 12.0, 12.0]
[12.0, 12.0, 18.0, 18.0, 18.0, 18.0, 8.0, 8.0, 8.0, 8.0, 8.0]
T = 0.6400000000000001	 step = 162
113.16000000000003
19.52684232954545
[34.0, 33.0, 49.0, 48.0, 10.0, 10.0, 22.0, 27.0, 8.0, 31.0, 49.0]
[27.0, 41.0, 44.0, 10.0, 36.0, 11.0, 53.0, 5.0, 50.0, 15.0, 25.0]
[12.0, 12.0, 18.0, 18.0, 18.0, 18.0, 12.0, 12.0, 12.0, 12.0, 12.0]
[12.0, 12.0, 18.0, 18.0, 18.0, 18.0, 8.0, 8.0, 8.0, 8.0, 8.0]
T = 0.6400000000000001	 step = 163
113.15000000000003
19.518603693181813
[34.0, 33.0, 49.0, 48.0, 10.0, 10.0, 22.0, 27.0, 7.0, 31.0, 49.0]
[27.0, 41.0, 44.0, 10.0, 36.0, 11.0, 53.0, 5.0, 50.0, 15.0, 25.0]
[12.0, 12.0, 18.0, 18.0, 18.0, 18.0, 12.0, 12.0, 12.0, 12.0, 12.0]
[12.0, 12.0, 18.0, 18.0, 18.0, 18.0, 8.0, 8.0, 8.0, 8.0, 8.0]
T = 0.6400000000000001	 step = 164
113.13
19.618603693181814
[34.0, 33.0, 49.0, 48.0, 10.0, 10.0, 22.0, 27.0, 7.0, 31.0, 49.0]
[27.0, 41.0, 44.0, 10.0, 36.0, 11.0, 53.0, 5.0, 51.0, 15.0, 25.0]
[12.0, 12.0, 18.0, 18.0, 18.0, 18.0, 12.0, 12.0, 12.0, 12.0, 12.0]
[12.0, 12.0, 18.0, 18.0, 18.0, 18.0, 8.0, 8.0, 8.0, 8.0, 8.0]
T = 0.6400000000000001	 step = 165
113.54000000000002
19.53280823863636
[34.0, 33.0, 49.0, 48.0, 11.0, 10.0, 22.0, 27.0, 7.0, 31.0, 49.0]
[27.0, 41.0, 44.0, 10.0, 36.0, 11.0, 53.0, 5.0, 51.0, 15.0, 25.0]
[12.0, 12.0, 18.0, 18.0, 18.0, 18.0, 12.0, 12.0, 12.0, 12.0, 12.0]
[12.0, 12.0, 18.0, 18.0, 18.0, 18.0, 8.0, 8.0, 8.0, 8.0, 8.0]
T = 0.6400000000000001	 step = 166
113.70000000000005
19.718603693181816
[34.0, 33.0, 49.0, 48.0, 11.0, 10.0, 22.0, 27.0, 7.0, 31.0, 49.0]
[27.0, 41.0, 44.0, 10.0, 35.0, 11.0, 53.0, 5.0, 51.0, 15.0, 25.0]
[12.0, 12.0, 18.0, 18.0, 18.0, 18.0, 12.0, 12.0, 12.0, 12.0, 12.0]
[12.0, 12.0, 18.0, 18.0, 18.0, 18.0, 8.0, 8.0, 8.0, 8.0, 8.0]
T = 0.6400000000000001	 step = 167
113.38
19.428947443181816
[34.0, 33.0, 49.0, 48.0, 11.0, 10.0, 22.0, 27.0, 7.0, 31.0, 49.0]
[27.0, 41.0, 44.0, 10.0, 37.0, 11.0, 53.0, 5.0, 51.0, 15.0, 25.0]
[12.0, 12.0, 18.0, 18.0, 18.0, 18.0, 12.0, 12.0, 12.0, 12.0, 12.0]
[12.0, 12.0, 18.0, 18.0, 18.0, 18.0, 8.0, 8.0, 8.0, 8.0, 8.0]
T = 0.6400000000000001	 step = 168
112.98000000000002
19.409345170454543
[34.0, 33.0, 49.0, 48.0, 11.0, 10.0, 22.0, 27.0, 7.0, 31.0, 49.0]
[27.0, 41.0, 45.0, 10.0, 37.0, 11.0, 53.0, 5.0, 51.0, 15.0, 25.0]
[12.0, 12.0, 18.0, 18.0, 18.0, 18.0, 12.0, 12.0, 12.0, 12.0, 12.0]
[12.0, 12.0, 18.0, 18.0, 18.0, 18.0, 8.0, 8.0, 8.0, 8.0, 8.0]
T = 0.6400000000000001	 step = 169
112.79000000000002
19.609345170454542
[34.0, 33.0, 49.0, 48.0, 11.0, 10.0, 22.0, 27.0, 7.0, 31.0, 49.0]
[27.0, 41.0, 45.0, 10.0, 37.0, 10.0, 53.0, 5.0, 51.0, 15.0, 25.0]
[12.0, 12.0, 18.0, 18.0, 18.0, 18.0, 12.0, 12.0, 12.0, 12.0, 12.0]
[12.0, 12.0, 18.0, 18.0, 18.0, 18.0, 8.0, 8.0, 8.0, 8.0, 8.0]
T = 0.6400000000000001	 step = 170
112.45000000000005
19.80934517045454
[34.0, 33.0, 49.0, 49.0, 11.0, 10.0, 22.0, 27.0, 7.0, 31.0, 49.0]
[27.0, 41.0, 45.0, 10.0, 37.0, 10.0, 53.0, 5.0, 51.0, 15.0, 25.0]
[12.0, 12.0, 18.0, 18.0, 18.0, 18.0, 12.0, 12.0, 12.0, 12.0, 12.0]
[12.0, 12.0, 18.0, 18.0, 18.0, 18.0, 8.0, 8.0, 8.0, 8.0, 8.0]
T = 0.6400000000000001	 step = 171
112.64000000000004
19.609345170454542
[34.0, 33.0, 49.0, 49.0, 11.0, 10.0, 22.0, 27.0, 7.0, 31.0, 49.0]
[27.0, 41.0, 45.0, 10.0, 37.0, 11.0, 53.0, 5.0, 51.0, 15.0, 25.0]
[12.0, 12.0, 18.0, 18.0, 18.0, 18.0, 12.0, 12.0, 12.0, 12.0, 12.0]
[12.0, 12.0, 18.0, 18.0, 18.0, 18.0, 8.0, 8.0, 8.0, 8.0, 8.0]
T = 0.6400000000000001	 step = 172
112.62
19.709345170454544
[34.0, 33.0, 49.0, 49.0, 11.0, 10.0, 22.0, 27.0, 7.0, 31.0, 49.0]
[27.0, 41.0, 45.0, 10.0, 37.0, 11.0, 53.0, 5.0, 52.0, 15.0, 25.0]
[12.0, 12.0, 18.0, 18.0, 18.0, 18.0, 12.0, 12.0, 12.0, 12.0, 12.0]
[12.0, 12.0, 18.0, 18.0, 18.0, 18.0, 8.0, 8.0, 8.0, 8.0, 8.0]
T = 0.6400000000000001	 step = 173
112.80000000000001
19.633796874999998
[34.0, 33.0, 49.0, 49.0, 11.0, 10.0, 22.0, 27.0, 7.0, 31.0, 49.0]
[28.0, 41.0, 45.0, 10.0, 37.0, 11.0, 53.0, 5.0, 52.0, 15.0, 25.0]
[12.0, 12.0, 18.0, 18.0, 18.0, 18.0, 12.0, 12.0, 12.0, 12.0, 12.0]
[12.0, 12.0, 18.0, 18.0, 18.0, 18.0, 8.0, 8.0, 8.0, 8.0, 8.0]
T = 0.6400000000000001	 step = 174
112.82000000000005
19.61320596590909
[34.0, 33.0, 49.0, 49.0, 11.0, 10.0, 22.0, 27.0, 7.0, 31.0, 49.0]
[28.0, 41.0, 45.0, 10.0, 37.0, 11.0, 53.0, 5.0, 52.0, 15.0, 26.0]
[12.0, 12.0, 18.0, 18.0, 18.0, 18.0, 12.0, 12.0, 12.0, 12.0, 12.0]
[12.0, 12.0, 18.0, 18.0, 18.0, 18.0, 8.0, 8.0, 8.0, 8.0, 8.0]
T = 0.6400000000000001	 step = 175
112.89000000000004
19.513205965909087
[34.0, 33.0, 49.0, 49.0, 11.0, 10.0, 22.0, 27.0, 7.0, 31.0, 48.0]
[28.0, 41.0, 45.0, 10.0, 37.0, 11.0, 53.0, 5.0, 52.0, 15.0, 26.0]
[12.0, 12.0, 18.0, 18.0, 18.0, 18.0, 12.0, 12.0, 12.0, 12.0, 12.0]
[12.0, 12.0, 18.0, 18.0, 18.0, 18.0, 8.0, 8.0, 8.0, 8.0, 8.0]
T = 0.6400000000000001	 step = 176
112.88
19.61320596590909
[34.0, 33.0, 49.0, 49.0, 11.0, 10.0, 22.0, 26.0, 7.0, 31.0, 48.0]
[28.0, 41.0, 45.0, 10.0, 37.0, 11.0, 53.0, 5.0, 52.0, 15.0, 26.0]
[12.0, 12.0, 18.0, 18.0, 18.0, 18.0, 12.0, 12.0, 12.0, 12.0, 12.0]
[12.0, 12.0, 18.0, 18.0, 18.0, 18.0, 8.0, 8.0, 8.0, 8.0, 8.0]
T = 0.6400000000000001	 step = 177
114.81
20.47116051136363
[34.0, 33.0, 49.0, 49.0, 13.0, 10.0, 22.0, 26.0, 7.0, 31.0, 48.0]
[28.0, 41.0, 45.0, 10.0, 31.0, 11.0, 53.0, 5.0, 52.0, 15.0, 26.0]
[12.0, 12.0, 18.0, 18.0, 18.0, 18.0, 12.0, 12.0, 12.0, 12.0, 12.0]
[12.0, 12.0, 18.0, 18.0, 18.0, 18.0, 8.0, 8.0, 8.0, 8.0, 8.0]
T = 0.6400000000000001	 step = 178
115.04000000000002
20.490762784090904
[34.0, 33.0, 49.0, 49.0, 13.0, 10.0, 22.0, 26.0, 7.0, 31.0, 48.0]
[28.0, 41.0, 44.0, 10.0, 31.0, 11.0, 53.0, 5.0, 52.0, 15.0, 26.0]
[12.0, 12.0, 18.0, 18.0, 18.0, 18.0, 12.0, 12.0, 12.0, 12.0, 12.0]
[12.0, 12.0, 18.0, 18.0, 18.0, 18.0, 8.0, 8.0, 8.0, 8.0, 8.0]
T = 0.5120000000000001	 step = 179
114.81
20.47116051136363
[34.0, 33.0, 49.0, 49.0, 13.0, 10.0, 22.0, 26.0, 7.0, 31.0, 48.0]
[28.0, 41.0, 45.0, 10.0, 31.0, 11.0, 53.0, 5.0, 52.0, 15.0, 26.0]
[12.0, 12.0, 18.0, 18.0, 18.0, 18.0, 12.0, 12.0, 12.0, 12.0, 12.0]
[12.0, 12.0, 18.0, 18.0, 18.0, 18.0, 8.0, 8.0, 8.0, 8.0, 8.0]
T = 0.5120000000000001	 step = 180
115.01000000000005
20.429967329545452
[34.0, 33.0, 49.0, 49.0, 13.0, 10.0, 22.0, 26.0, 7.0, 31.0, 48.0]
[28.0, 41.0, 45.0, 11.0, 31.0, 11.0, 53.0, 5.0, 52.0, 15.0, 26.0]
[12.0, 12.0, 18.0, 18.0, 18.0, 18.0, 12.0, 12.0, 12.0, 12.0, 12.0]
[12.0, 12.0, 18.0, 18.0, 18.0, 18.0, 8.0, 8.0, 8.0, 8.0, 8.0]
T = 0.5120000000000001	 step = 181
114.90000000000003
20.485080965909088
[34.0, 33.0, 49.0, 49.0, 13.0, 10.0, 22.0, 26.0, 7.0, 31.0, 48.0]
[27.0, 41.0, 45.0, 11.0, 31.0, 11.0, 53.0, 5.0, 52.0, 15.0, 26.0]
[12.0, 12.0, 18.0, 18.0, 18.0, 18.0, 12.0, 12.0, 12.0, 12.0, 12.0]
[12.0, 12.0, 18.0, 18.0, 18.0, 18.0, 8.0, 8.0, 8.0, 8.0, 8.0]
T = 0.5120000000000001	 step = 182
114.37
20.599285511363632
[34.0, 33.0, 49.0, 49.0, 12.0, 10.0, 22.0, 26.0, 7.0, 31.0, 48.0]
[27.0, 41.0, 45.0, 11.0, 31.0, 11.0, 53.0, 5.0, 52.0, 15.0, 26.0]
[12.0, 12.0, 18.0, 18.0, 18.0, 18.0, 12.0, 12.0, 12.0, 12.0, 12.0]
[12.0, 12.0, 18.0, 18.0, 18.0, 18.0, 8.0, 8.0, 8.0, 8.0, 8.0]
T = 0.5120000000000001	 step = 183
114.41000000000003
20.540478693181814
[34.0, 33.0, 49.0, 49.0, 12.0, 10.0, 22.0, 26.0, 7.0, 31.0, 48.0]
[27.0, 41.0, 45.0, 11.0, 31.0, 11.0, 53.0, 6.0, 52.0, 15.0, 26.0]
[12.0, 12.0, 18.0, 18.0, 18.0, 18.0, 12.0, 12.0, 12.0, 12.0, 12.0]
[12.0, 12.0, 18.0, 18.0, 18.0, 18.0, 8.0, 8.0, 8.0, 8.0, 8.0]
T = 0.5120000000000001	 step = 184
114.65000000000003
20.340478693181815
[34.0, 33.0, 49.0, 49.0, 12.0, 10.0, 22.0, 26.0, 7.0, 31.0, 48.0]
[27.0, 41.0, 45.0, 11.0, 31.0, 12.0, 53.0, 6.0, 52.0, 15.0, 26.0]
[12.0, 12.0, 18.0, 18.0, 18.0, 18.0, 12.0, 12.0, 12.0, 12.0, 12.0]
[12.0, 12.0, 18.0, 18.0, 18.0, 18.0, 8.0, 8.0, 8.0, 8.0, 8.0]
T = 0.5120000000000001	 step = 185
115.0
20.360080965909088
[34.0, 33.0, 49.0, 49.0, 12.0, 10.0, 22.0, 26.0, 7.0, 31.0, 48.0]
[27.0, 41.0, 44.0, 11.0, 31.0, 12.0, 53.0, 6.0, 52.0, 15.0, 26.0]
[12.0, 12.0, 18.0, 18.0, 18.0, 18.0, 12.0, 12.0, 12.0, 12.0, 12.0]
[12.0, 12.0, 18.0, 18.0, 18.0, 18.0, 8.0, 8.0, 8.0, 8.0, 8.0]
T = 0.5120000000000001	 step = 186
114.81
20.56008096590909
[34.0, 33.0, 49.0, 49.0, 12.0, 10.0, 22.0, 26.0, 7.0, 31.0, 48.0]
[27.0, 41.0, 44.0, 11.0, 31.0, 11.0, 53.0, 6.0, 52.0, 15.0, 26.0]
[12.0, 12.0, 18.0, 18.0, 18.0, 18.0, 12.0, 12.0, 12.0, 12.0, 12.0]
[12.0, 12.0, 18.0, 18.0, 18.0, 18.0, 8.0, 8.0, 8.0, 8.0, 8.0]
T = 0.5120000000000001	 step = 187
114.80000000000001
20.660080965909092
[34.0, 33.0, 49.0, 49.0, 12.0, 10.0, 21.0, 26.0, 7.0, 31.0, 48.0]
[27.0, 41.0, 44.0, 11.0, 31.0, 11.0, 53.0, 6.0, 52.0, 15.0, 26.0]
[12.0, 12.0, 18.0, 18.0, 18.0, 18.0, 12.0, 12.0, 12.0, 12.0, 12.0]
[12.0, 12.0, 18.0, 18.0, 18.0, 18.0, 8.0, 8.0, 8.0, 8.0, 8.0]
T = 0.5120000000000001	 step = 188
114.41000000000003
20.77757102272727
[34.0, 33.0, 49.0, 49.0, 12.0, 10.0, 21.0, 26.0, 7.0, 31.0, 48.0]
[27.0, 41.0, 44.0, 10.0, 31.0, 11.0, 53.0, 6.0, 52.0, 15.0, 26.0]
[12.0, 12.0, 18.0, 18.0, 18.0, 18.0, 12.0, 12.0, 12.0, 12.0, 12.0]
[12.0, 12.0, 18.0, 18.0, 18.0, 18.0, 8.0, 8.0, 8.0, 8.0, 8.0]
T = 0.5120000000000001	 step = 189
114.32000000000005
20.620184659090906
[34.0, 33.0, 49.0, 49.0, 12.0, 10.0, 21.0, 26.0, 7.0, 31.0, 48.0]
[27.0, 41.0, 44.0, 10.0, 32.0, 11.0, 53.0, 6.0, 52.0, 15.0, 26.0]
[12.0, 12.0, 18.0, 18.0, 18.0, 18.0, 12.0, 12.0, 12.0, 12.0, 12.0]
[12.0, 12.0, 18.0, 18.0, 18.0, 18.0, 8.0, 8.0, 8.0, 8.0, 8.0]
T = 0.5120000000000001	 step = 190
114.20000000000005
20.620184659090906
[35.0, 33.0, 49.0, 49.0, 12.0, 10.0, 21.0, 26.0, 7.0, 31.0, 48.0]
[27.0, 41.0, 44.0, 10.0, 32.0, 11.0, 53.0, 6.0, 52.0, 15.0, 26.0]
[12.0, 12.0, 18.0, 18.0, 18.0, 18.0, 12.0, 12.0, 12.0, 12.0, 12.0]
[12.0, 12.0, 18.0, 18.0, 18.0, 18.0, 8.0, 8.0, 8.0, 8.0, 8.0]
T = 0.5120000000000001	 step = 191
114.05000000000001
20.646889204545452
[35.0, 33.0, 49.0, 49.0, 12.0, 10.0, 21.0, 26.0, 7.0, 31.0, 48.0]
[26.0, 41.0, 44.0, 10.0, 32.0, 11.0, 53.0, 6.0, 52.0, 15.0, 26.0]
[12.0, 12.0, 18.0, 18.0, 18.0, 18.0, 12.0, 12.0, 12.0, 12.0, 12.0]
[12.0, 12.0, 18.0, 18.0, 18.0, 18.0, 8.0, 8.0, 8.0, 8.0, 8.0]
T = 0.5120000000000001	 step = 192
113.64000000000004
20.62728693181818
[35.0, 33.0, 49.0, 49.0, 12.0, 10.0, 21.0, 26.0, 7.0, 31.0, 48.0]
[26.0, 41.0, 45.0, 10.0, 32.0, 11.0, 53.0, 6.0, 52.0, 15.0, 26.0]
[12.0, 12.0, 18.0, 18.0, 18.0, 18.0, 12.0, 12.0, 12.0, 12.0, 12.0]
[12.0, 12.0, 18.0, 18.0, 18.0, 18.0, 8.0, 8.0, 8.0, 8.0, 8.0]
T = 0.5120000000000001	 step = 193
113.87
20.427286931818177
[35.0, 33.0, 49.0, 49.0, 12.0, 10.0, 21.0, 26.0, 7.0, 31.0, 48.0]
[26.0, 41.0, 45.0, 10.0, 32.0, 12.0, 53.0, 6.0, 52.0, 15.0, 26.0]
[12.0, 12.0, 18.0, 18.0, 18.0, 18.0, 12.0, 12.0, 12.0, 12.0, 12.0]
[12.0, 12.0, 18.0, 18.0, 18.0, 18.0, 8.0, 8.0, 8.0, 8.0, 8.0]
T = 0.5120000000000001	 step = 194
113.87
20.413082386363634
[35.0, 33.0, 49.0, 49.0, 12.0, 10.0, 21.0, 26.0, 8.0, 31.0, 48.0]
[26.0, 41.0, 45.0, 10.0, 32.0, 12.0, 53.0, 6.0, 52.0, 15.0, 26.0]
[12.0, 12.0, 18.0, 18.0, 18.0, 18.0, 12.0, 12.0, 12.0, 12.0, 12.0]
[12.0, 12.0, 18.0, 18.0, 18.0, 18.0, 8.0, 8.0, 8.0, 8.0, 8.0]
T = 0.5120000000000001	 step = 195
114.04000000000002
20.413082386363634
[34.0, 33.0, 49.0, 49.0, 12.0, 10.0, 21.0, 26.0, 8.0, 31.0, 48.0]
[26.0, 41.0, 45.0, 10.0, 32.0, 12.0, 53.0, 6.0, 52.0, 15.0, 26.0]
[12.0, 12.0, 18.0, 18.0, 18.0, 18.0, 12.0, 12.0, 12.0, 12.0, 12.0]
[12.0, 12.0, 18.0, 18.0, 18.0, 18.0, 8.0, 8.0, 8.0, 8.0, 8.0]
T = 0.5120000000000001	 step = 196
114.06
20.313082386363632
[34.0, 33.0, 49.0, 49.0, 12.0, 10.0, 21.0, 26.0, 8.0, 31.0, 47.0]
[26.0, 41.0, 45.0, 10.0, 32.0, 12.0, 53.0, 6.0, 52.0, 15.0, 26.0]
[12.0, 12.0, 18.0, 18.0, 18.0, 18.0, 12.0, 12.0, 12.0, 12.0, 12.0]
[12.0, 12.0, 18.0, 18.0, 18.0, 18.0, 8.0, 8.0, 8.0, 8.0, 8.0]
T = 0.5120000000000001	 step = 197
114.06
20.413082386363634
[34.0, 33.0, 49.0, 49.0, 12.0, 10.0, 21.0, 26.0, 8.0, 32.0, 47.0]
[26.0, 41.0, 45.0, 10.0, 32.0, 12.0, 53.0, 6.0, 52.0, 15.0, 26.0]
[12.0, 12.0, 18.0, 18.0, 18.0, 18.0, 12.0, 12.0, 12.0, 12.0, 12.0]
[12.0, 12.0, 18.0, 18.0, 18.0, 18.0, 8.0, 8.0, 8.0, 8.0, 8.0]
T = 0.5120000000000001	 step = 198
114.05000000000001
20.51308238636363
[34.0, 33.0, 49.0, 49.0, 12.0, 10.0, 21.0, 26.0, 8.0, 32.0, 47.0]
[26.0, 41.0, 45.0, 10.0, 32.0, 12.0, 53.0, 6.0, 53.0, 15.0, 26.0]
[12.0, 12.0, 18.0, 18.0, 18.0, 18.0, 12.0, 12.0, 12.0, 12.0, 12.0]
[12.0, 12.0, 18.0, 18.0, 18.0, 18.0, 8.0, 8.0, 8.0, 8.0, 8.0]
T = 0.5120000000000001	 step = 199
114.60000000000002
20.313082386363632
[34.0, 33.0, 49.0, 49.0, 12.0, 10.0, 21.0, 26.0, 8.0, 32.0, 47.0]
[26.0, 41.0, 45.0, 10.0, 32.0, 13.0, 53.0, 6.0, 53.0, 15.0, 26.0]
[12.0, 12.0, 18.0, 18.0, 18.0, 18.0, 12.0, 12.0, 12.0, 12.0, 12.0]
[12.0, 12.0, 18.0, 18.0, 18.0, 18.0, 8.0, 8.0, 8.0, 8.0, 8.0]
T = 0.5120000000000001	 step = 200
114.54000000000002
20.29348011363636
[34.0, 33.0, 49.0, 49.0, 12.0, 10.0, 21.0, 26.0, 8.0, 32.0, 47.0]
[26.0, 41.0, 46.0, 10.0, 32.0, 13.0, 53.0, 6.0, 53.0, 15.0, 26.0]
[12.0, 12.0, 18.0, 18.0, 18.0, 18.0, 12.0, 12.0, 12.0, 12.0, 12.0]
[12.0, 12.0, 18.0, 18.0, 18.0, 18.0, 8.0, 8.0, 8.0, 8.0, 8.0]
T = 0.5120000000000001	 step = 201
114.72000000000003
20.09348011363636
[34.0, 33.0, 49.0, 48.0, 12.0, 10.0, 21.0, 26.0, 8.0, 32.0, 47.0]
[26.0, 41.0, 46.0, 10.0, 32.0, 13.0, 53.0, 6.0, 53.0, 15.0, 26.0]
[12.0, 12.0, 18.0, 18.0, 18.0, 18.0, 12.0, 12.0, 12.0, 12.0, 12.0]
[12.0, 12.0, 18.0, 18.0, 18.0, 18.0, 8.0, 8.0, 8.0, 8.0, 8.0]
T = 0.5120000000000001	 step = 202
114.10000000000002
19.907684659090904
[34.0, 33.0, 49.0, 48.0, 12.0, 10.0, 21.0, 26.0, 8.0, 32.0, 47.0]
[26.0, 41.0, 46.0, 10.0, 33.0, 13.0, 53.0, 6.0, 53.0, 15.0, 26.0]
[12.0, 12.0, 18.0, 18.0, 18.0, 18.0, 12.0, 12.0, 12.0, 12.0, 12.0]
[12.0, 12.0, 18.0, 18.0, 18.0, 18.0, 8.0, 8.0, 8.0, 8.0, 8.0]
T = 0.5120000000000001	 step = 203
112.46000000000004
19.42562784090909
[34.0, 33.0, 49.0, 48.0, 10.0, 10.0, 21.0, 26.0, 8.0, 32.0, 47.0]
[26.0, 41.0, 46.0, 10.0, 38.0, 13.0, 53.0, 6.0, 53.0, 15.0, 26.0]
[12.0, 12.0, 18.0, 18.0, 18.0, 18.0, 12.0, 12.0, 12.0, 12.0, 12.0]
[12.0, 12.0, 18.0, 18.0, 18.0, 18.0, 8.0, 8.0, 8.0, 8.0, 8.0]
T = 0.5120000000000001	 step = 204
112.63
19.225627840909087
[34.0, 33.0, 49.0, 48.0, 10.0, 10.0, 21.0, 26.0, 8.0, 32.0, 47.0]
[26.0, 41.0, 46.0, 10.0, 38.0, 14.0, 53.0, 6.0, 53.0, 15.0, 26.0]
[12.0, 12.0, 18.0, 18.0, 18.0, 18.0, 12.0, 12.0, 12.0, 12.0, 12.0]
[12.0, 12.0, 18.0, 18.0, 18.0, 18.0, 8.0, 8.0, 8.0, 8.0, 8.0]
T = 0.5120000000000001	 step = 205
112.93
18.929156250000002
[34.0, 33.0, 49.0, 48.0, 10.0, 10.0, 21.0, 26.0, 8.0, 32.0, 47.0]
[26.0, 40.0, 46.0, 10.0, 38.0, 14.0, 53.0, 6.0, 53.0, 15.0, 26.0]
[12.0, 12.0, 18.0, 18.0, 18.0, 18.0, 12.0, 12.0, 12.0, 12.0, 12.0]
[12.0, 12.0, 18.0, 18.0, 18.0, 18.0, 8.0, 8.0, 8.0, 8.0, 8.0]
T = 0.5120000000000001	 step = 206
112.56
19.12915625
[34.0, 33.0, 49.0, 49.0, 10.0, 10.0, 21.0, 26.0, 8.0, 32.0, 47.0]
[26.0, 40.0, 46.0, 10.0, 38.0, 14.0, 53.0, 6.0, 53.0, 15.0, 26.0]
[12.0, 12.0, 18.0, 18.0, 18.0, 18.0, 12.0, 12.0, 12.0, 12.0, 12.0]
[12.0, 12.0, 18.0, 18.0, 18.0, 18.0, 8.0, 8.0, 8.0, 8.0, 8.0]
T = 0.5120000000000001	 step = 207
112.58000000000004
19.070349431818183
[34.0, 33.0, 49.0, 49.0, 10.0, 10.0, 21.0, 26.0, 8.0, 32.0, 47.0]
[26.0, 40.0, 46.0, 10.0, 38.0, 14.0, 52.0, 6.0, 53.0, 15.0, 26.0]
[12.0, 12.0, 18.0, 18.0, 18.0, 18.0, 12.0, 12.0, 12.0, 12.0, 12.0]
[12.0, 12.0, 18.0, 18.0, 18.0, 18.0, 8.0, 8.0, 8.0, 8.0, 8.0]
T = 0.5120000000000001	 step = 208
112.58000000000004
19.130576704545454
[34.0, 33.0, 49.0, 49.0, 10.0, 10.0, 21.0, 26.0, 8.0, 32.0, 47.0]
[26.0, 40.0, 46.0, 10.0, 38.0, 14.0, 52.0, 6.0, 53.0, 15.0, 27.0]
[12.0, 12.0, 18.0, 18.0, 18.0, 18.0, 12.0, 12.0, 12.0, 12.0, 12.0]
[12.0, 12.0, 18.0, 18.0, 18.0, 18.0, 8.0, 8.0, 8.0, 8.0, 8.0]
T = 0.5120000000000001	 step = 209
112.23000000000002
19.14984375
[34.0, 33.0, 49.0, 49.0, 10.0, 10.0, 21.0, 26.0, 8.0, 32.0, 47.0]
[26.0, 40.0, 47.0, 10.0, 38.0, 14.0, 52.0, 6.0, 53.0, 15.0, 27.0]
[12.0, 12.0, 18.0, 18.0, 18.0, 18.0, 12.0, 12.0, 12.0, 12.0, 12.0]
[12.0, 12.0, 18.0, 18.0, 18.0, 18.0, 8.0, 8.0, 8.0, 8.0, 8.0]
T = 0.5120000000000001	 step = 210
112.19
19.132353693181816
[34.0, 33.0, 49.0, 49.0, 10.0, 10.0, 21.0, 26.0, 8.0, 32.0, 47.0]
[26.0, 40.0, 47.0, 10.0, 38.0, 14.0, 52.0, 5.0, 53.0, 15.0, 27.0]
[12.0, 12.0, 18.0, 18.0, 18.0, 18.0, 12.0, 12.0, 12.0, 12.0, 12.0]
[12.0, 12.0, 18.0, 18.0, 18.0, 18.0, 8.0, 8.0, 8.0, 8.0, 8.0]
T = 0.5120000000000001	 step = 211
111.86000000000001
19.235639204545453
[34.0, 33.0, 49.0, 49.0, 10.0, 10.0, 21.0, 26.0, 8.0, 32.0, 47.0]
[26.0, 40.0, 48.0, 10.0, 38.0, 14.0, 52.0, 5.0, 53.0, 15.0, 27.0]
[12.0, 12.0, 18.0, 18.0, 18.0, 18.0, 12.0, 12.0, 12.0, 12.0, 12.0]
[12.0, 12.0, 18.0, 18.0, 18.0, 18.0, 8.0, 8.0, 8.0, 8.0, 8.0]
T = 0.5120000000000001	 step = 212
112.23000000000002
19.035639204545454
[34.0, 33.0, 49.0, 48.0, 10.0, 10.0, 21.0, 26.0, 8.0, 32.0, 47.0]
[26.0, 40.0, 48.0, 10.0, 38.0, 14.0, 52.0, 5.0, 53.0, 15.0, 27.0]
[12.0, 12.0, 18.0, 18.0, 18.0, 18.0, 12.0, 12.0, 12.0, 12.0, 12.0]
[12.0, 12.0, 18.0, 18.0, 18.0, 18.0, 8.0, 8.0, 8.0, 8.0, 8.0]
T = 0.5120000000000001	 step = 213
111.84000000000003
19.778167613636363
[34.0, 33.0, 49.0, 48.0, 10.0, 10.0, 21.0, 26.0, 8.0, 32.0, 52.0]
[26.0, 40.0, 48.0, 10.0, 38.0, 14.0, 52.0, 5.0, 53.0, 15.0, 31.0]
[12.0, 12.0, 18.0, 18.0, 18.0, 18.0, 12.0, 12.0, 12.0, 12.0, 12.0]
[12.0, 12.0, 18.0, 18.0, 18.0, 18.0, 8.0, 8.0, 8.0, 8.0, 8.0]
T = 0.5120000000000001	 step = 214
112.02000000000004
19.578167613636364
[34.0, 33.0, 49.0, 48.0, 10.0, 10.0, 21.0, 26.0, 8.0, 32.0, 52.0]
[26.0, 40.0, 48.0, 10.0, 38.0, 15.0, 52.0, 5.0, 53.0, 15.0, 31.0]
[12.0, 12.0, 18.0, 18.0, 18.0, 18.0, 12.0, 12.0, 12.0, 12.0, 12.0]
[12.0, 12.0, 18.0, 18.0, 18.0, 18.0, 8.0, 8.0, 8.0, 8.0, 8.0]
T = 0.5120000000000001	 step = 215
112.03000000000003
19.478167613636362
[34.0, 33.0, 49.0, 48.0, 10.0, 10.0, 21.0, 26.0, 8.0, 32.0, 52.0]
[26.0, 40.0, 48.0, 10.0, 38.0, 15.0, 52.0, 5.0, 52.0, 15.0, 31.0]
[12.0, 12.0, 18.0, 18.0, 18.0, 18.0, 12.0, 12.0, 12.0, 12.0, 12.0]
[12.0, 12.0, 18.0, 18.0, 18.0, 18.0, 8.0, 8.0, 8.0, 8.0, 8.0]
T = 0.5120000000000001	 step = 216
112.34000000000003
19.263963068181816
[34.0, 33.0, 49.0, 48.0, 10.0, 10.0, 21.0, 26.0, 8.0, 32.0, 52.0]
[26.0, 39.0, 48.0, 10.0, 38.0, 15.0, 52.0, 5.0, 52.0, 15.0, 31.0]
[12.0, 12.0, 18.0, 18.0, 18.0, 18.0, 12.0, 12.0, 12.0, 12.0, 12.0]
[12.0, 12.0, 18.0, 18.0, 18.0, 18.0, 8.0, 8.0, 8.0, 8.0, 8.0]
T = 0.5120000000000001	 step = 217
112.25
19.176747159090908
[34.0, 33.0, 49.0, 48.0, 10.0, 10.0, 21.0, 26.0, 8.0, 32.0, 52.0]
[26.0, 39.0, 48.0, 10.0, 38.0, 15.0, 52.0, 5.0, 52.0, 14.0, 31.0]
[12.0, 12.0, 18.0, 18.0, 18.0, 18.0, 12.0, 12.0, 12.0, 12.0, 12.0]
[12.0, 12.0, 18.0, 18.0, 18.0, 18.0, 8.0, 8.0, 8.0, 8.0, 8.0]
T = 0.5120000000000001	 step = 218
112.24000000000001
19.276747159090906
[34.0, 33.0, 49.0, 48.0, 10.0, 10.0, 21.0, 26.0, 8.0, 32.0, 52.0]
[26.0, 39.0, 48.0, 10.0, 38.0, 15.0, 52.0, 5.0, 52.0, 14.0, 32.0]
[12.0, 12.0, 18.0, 18.0, 18.0, 18.0, 12.0, 12.0, 12.0, 12.0, 12.0]
[12.0, 12.0, 18.0, 18.0, 18.0, 18.0, 8.0, 8.0, 8.0, 8.0, 8.0]
T = 0.5120000000000001	 step = 219
112.25
19.176747159090908
[34.0, 33.0, 49.0, 48.0, 10.0, 10.0, 21.0, 27.0, 8.0, 32.0, 52.0]
[26.0, 39.0, 48.0, 10.0, 38.0, 15.0, 52.0, 5.0, 52.0, 14.0, 32.0]
[12.0, 12.0, 18.0, 18.0, 18.0, 18.0, 12.0, 12.0, 12.0, 12.0, 12.0]
[12.0, 12.0, 18.0, 18.0, 18.0, 18.0, 8.0, 8.0, 8.0, 8.0, 8.0]
T = 0.5120000000000001	 step = 220
112.24000000000001
19.276747159090906
[34.0, 33.0, 49.0, 48.0, 10.0, 10.0, 21.0, 27.0, 8.0, 32.0, 52.0]
[26.0, 39.0, 48.0, 10.0, 38.0, 15.0, 52.0, 5.0, 53.0, 14.0, 32.0]
[12.0, 12.0, 18.0, 18.0, 18.0, 18.0, 12.0, 12.0, 12.0, 12.0, 12.0]
[12.0, 12.0, 18.0, 18.0, 18.0, 18.0, 8.0, 8.0, 8.0, 8.0, 8.0]
T = 0.5120000000000001	 step = 221
112.22000000000003
19.176747159090908
[34.0, 33.0, 49.0, 48.0, 10.0, 10.0, 21.0, 27.0, 8.0, 31.0, 52.0]
[26.0, 39.0, 48.0, 10.0, 38.0, 15.0, 52.0, 5.0, 53.0, 14.0, 32.0]
[12.0, 12.0, 18.0, 18.0, 18.0, 18.0, 12.0, 12.0, 12.0, 12.0, 12.0]
[12.0, 12.0, 18.0, 18.0, 18.0, 18.0, 8.0, 8.0, 8.0, 8.0, 8.0]
T = 0.5120000000000001	 step = 222
112.56
19.07346164772727
[34.0, 33.0, 49.0, 48.0, 10.0, 10.0, 21.0, 27.0, 8.0, 31.0, 52.0]
[26.0, 39.0, 47.0, 10.0, 38.0, 15.0, 52.0, 5.0, 53.0, 14.0, 32.0]
[12.0, 12.0, 18.0, 18.0, 18.0, 18.0, 12.0, 12.0, 12.0, 12.0, 12.0]
[12.0, 12.0, 18.0, 18.0, 18.0, 18.0, 8.0, 8.0, 8.0, 8.0, 8.0]
T = 0.5120000000000001	 step = 223
112.60000000000002
18.97674715909091
[34.0, 33.0, 49.0, 47.0, 10.0, 10.0, 21.0, 27.0, 8.0, 31.0, 52.0]
[26.0, 39.0, 48.0, 10.0, 38.0, 15.0, 52.0, 5.0, 53.0, 14.0, 32.0]
[12.0, 12.0, 18.0, 18.0, 18.0, 18.0, 12.0, 12.0, 12.0, 12.0, 12.0]
[12.0, 12.0, 18.0, 18.0, 18.0, 18.0, 8.0, 8.0, 8.0, 8.0, 8.0]
T = 0.5120000000000001	 step = 224
112.61000000000001
18.876747159090908
[34.0, 33.0, 49.0, 47.0, 10.0, 10.0, 22.0, 27.0, 8.0, 31.0, 52.0]
[26.0, 39.0, 48.0, 10.0, 38.0, 15.0, 52.0, 5.0, 53.0, 14.0, 32.0]
[12.0, 12.0, 18.0, 18.0, 18.0, 18.0, 12.0, 12.0, 12.0, 12.0, 12.0]
[12.0, 12.0, 18.0, 18.0, 18.0, 18.0, 8.0, 8.0, 8.0, 8.0, 8.0]
T = 0.5120000000000001	 step = 225
112.59000000000003
18.776747159090906
[34.0, 33.0, 49.0, 47.0, 10.0, 10.0, 22.0, 27.0, 8.0, 30.0, 52.0]
[26.0, 39.0, 48.0, 10.0, 38.0, 15.0, 52.0, 5.0, 53.0, 14.0, 32.0]
[12.0, 12.0, 18.0, 18.0, 18.0, 18.0, 12.0, 12.0, 12.0, 12.0, 12.0]
[12.0, 12.0, 18.0, 18.0, 18.0, 18.0, 8.0, 8.0, 8.0, 8.0, 8.0]
T = 0.5120000000000001	 step = 226
112.58000000000004
18.876747159090908
[34.0, 33.0, 49.0, 47.0, 10.0, 10.0, 22.0, 26.0, 8.0, 30.0, 52.0]
[26.0, 39.0, 48.0, 10.0, 38.0, 15.0, 52.0, 5.0, 53.0, 14.0, 32.0]
[12.0, 12.0, 18.0, 18.0, 18.0, 18.0, 12.0, 12.0, 12.0, 12.0, 12.0]
[12.0, 12.0, 18.0, 18.0, 18.0, 18.0, 8.0, 8.0, 8.0, 8.0, 8.0]
T = 0.5120000000000001	 step = 227
112.40000000000003
19.063963068181817
[34.0, 33.0, 49.0, 47.0, 10.0, 10.0, 22.0, 26.0, 8.0, 30.0, 52.0]
[26.0, 39.0, 48.0, 10.0, 38.0, 14.0, 52.0, 5.0, 53.0, 14.0, 32.0]
[12.0, 12.0, 18.0, 18.0, 18.0, 18.0, 12.0, 12.0, 12.0, 12.0, 12.0]
[12.0, 12.0, 18.0, 18.0, 18.0, 18.0, 8.0, 8.0, 8.0, 8.0, 8.0]
T = 0.5120000000000001	 step = 228
112.37
19.088394886363634
[34.0, 32.0, 49.0, 47.0, 10.0, 10.0, 22.0, 26.0, 8.0, 30.0, 52.0]
[26.0, 39.0, 48.0, 10.0, 38.0, 14.0, 52.0, 5.0, 53.0, 14.0, 32.0]
[12.0, 12.0, 18.0, 18.0, 18.0, 18.0, 12.0, 12.0, 12.0, 12.0, 12.0]
[12.0, 12.0, 18.0, 18.0, 18.0, 18.0, 8.0, 8.0, 8.0, 8.0, 8.0]
T = 0.5120000000000001	 step = 229
112.34000000000003
18.988394886363636
[34.0, 32.0, 49.0, 47.0, 10.0, 10.0, 22.0, 26.0, 8.0, 29.0, 52.0]
[26.0, 39.0, 48.0, 10.0, 38.0, 14.0, 52.0, 5.0, 53.0, 14.0, 32.0]
[12.0, 12.0, 18.0, 18.0, 18.0, 18.0, 12.0, 12.0, 12.0, 12.0, 12.0]
[12.0, 12.0, 18.0, 18.0, 18.0, 18.0, 8.0, 8.0, 8.0, 8.0, 8.0]
T = 0.5120000000000001	 step = 230
112.16000000000003
18.912826704545452
[35.0, 32.0, 49.0, 47.0, 10.0, 10.0, 22.0, 26.0, 8.0, 29.0, 52.0]
[26.0, 39.0, 48.0, 10.0, 38.0, 14.0, 52.0, 5.0, 53.0, 14.0, 32.0]
[12.0, 12.0, 18.0, 18.0, 18.0, 18.0, 12.0, 12.0, 12.0, 12.0, 12.0]
[12.0, 12.0, 18.0, 18.0, 18.0, 18.0, 8.0, 8.0, 8.0, 8.0, 8.0]
T = 0.5120000000000001	 step = 231
113.90000000000003
20.139531249999997
[27.0, 32.0, 49.0, 47.0, 10.0, 10.0, 22.0, 26.0, 8.0, 29.0, 52.0]
[26.0, 39.0, 48.0, 10.0, 38.0, 14.0, 52.0, 5.0, 53.0, 14.0, 32.0]
[12.0, 12.0, 18.0, 18.0, 18.0, 18.0, 12.0, 12.0, 12.0, 12.0, 12.0]
[12.0, 12.0, 18.0, 18.0, 18.0, 18.0, 8.0, 8.0, 8.0, 8.0, 8.0]
T = 0.5120000000000001	 step = 232
113.91000000000003
20.03953125
[27.0, 32.0, 49.0, 47.0, 10.0, 10.0, 23.0, 26.0, 8.0, 29.0, 52.0]
[26.0, 39.0, 48.0, 10.0, 38.0, 14.0, 52.0, 5.0, 53.0, 14.0, 32.0]
[12.0, 12.0, 18.0, 18.0, 18.0, 18.0, 12.0, 12.0, 12.0, 12.0, 12.0]
[12.0, 12.0, 18.0, 18.0, 18.0, 18.0, 8.0, 8.0, 8.0, 8.0, 8.0]
T = 0.5120000000000001	 step = 233
113.58000000000004
20.23953125
[27.0, 32.0, 49.0, 48.0, 10.0, 10.0, 23.0, 26.0, 8.0, 29.0, 52.0]
[26.0, 39.0, 48.0, 10.0, 38.0, 14.0, 52.0, 5.0, 53.0, 14.0, 32.0]
[12.0, 12.0, 18.0, 18.0, 18.0, 18.0, 12.0, 12.0, 12.0, 12.0, 12.0]
[12.0, 12.0, 18.0, 18.0, 18.0, 18.0, 8.0, 8.0, 8.0, 8.0, 8.0]
T = 0.5120000000000001	 step = 234
113.36000000000001
20.03953125
[28.0, 32.0, 49.0, 48.0, 10.0, 10.0, 23.0, 26.0, 8.0, 29.0, 52.0]
[26.0, 39.0, 48.0, 10.0, 38.0, 14.0, 52.0, 5.0, 53.0, 14.0, 32.0]
[12.0, 12.0, 18.0, 18.0, 18.0, 18.0, 12.0, 12.0, 12.0, 12.0, 12.0]
[12.0, 12.0, 18.0, 18.0, 18.0, 18.0, 8.0, 8.0, 8.0, 8.0, 8.0]
T = 0.5120000000000001	 step = 235
113.39000000000004
19.939531249999998
[28.0, 32.0, 49.0, 48.0, 10.0, 10.0, 23.0, 26.0, 8.0, 29.0, 51.0]
[26.0, 39.0, 48.0, 10.0, 38.0, 14.0, 52.0, 5.0, 53.0, 14.0, 32.0]
[12.0, 12.0, 18.0, 18.0, 18.0, 18.0, 12.0, 12.0, 12.0, 12.0, 12.0]
[12.0, 12.0, 18.0, 18.0, 18.0, 18.0, 8.0, 8.0, 8.0, 8.0, 8.0]
T = 0.5120000000000001	 step = 236
113.40000000000003
19.839531249999997
[28.0, 32.0, 49.0, 48.0, 10.0, 10.0, 23.0, 27.0, 8.0, 29.0, 51.0]
[26.0, 39.0, 48.0, 10.0, 38.0, 14.0, 52.0, 5.0, 53.0, 14.0, 32.0]
[12.0, 12.0, 18.0, 18.0, 18.0, 18.0, 12.0, 12.0, 12.0, 12.0, 12.0]
[12.0, 12.0, 18.0, 18.0, 18.0, 18.0, 8.0, 8.0, 8.0, 8.0, 8.0]
T = 0.5120000000000001	 step = 237
113.40000000000003
19.839531249999997
[28.0, 32.0, 49.0, 48.0, 10.0, 10.0, 23.0, 27.0, 8.0, 29.0, 51.0]
[26.0, 39.0, 48.0, 10.0, 38.0, 14.0, 52.0, 5.0, 53.0, 14.0, 32.0]
[12.0, 12.0, 18.0, 18.0, 18.0, 18.0, 12.0, 12.0, 12.0, 12.0, 12.0]
[12.0, 12.0, 18.0, 18.0, 18.0, 18.0, 8.0, 8.0, 8.0, 8.0, 8.0]
T = 0.40960000000000013	 step = 238
113.69
19.939531249999998
[28.0, 32.0, 49.0, 48.0, 10.0, 10.0, 23.0, 27.0, 8.0, 29.0, 51.0]
[26.0, 39.0, 48.0, 10.0, 37.0, 14.0, 52.0, 5.0, 53.0, 14.0, 32.0]
[12.0, 12.0, 18.0, 18.0, 18.0, 18.0, 12.0, 12.0, 12.0, 12.0, 12.0]
[12.0, 12.0, 18.0, 18.0, 18.0, 18.0, 8.0, 8.0, 8.0, 8.0, 8.0]
T = 0.40960000000000013	 step = 239
113.79000000000002
19.839531249999997
[28.0, 31.0, 49.0, 48.0, 10.0, 10.0, 23.0, 27.0, 8.0, 29.0, 51.0]
[26.0, 39.0, 48.0, 10.0, 37.0, 14.0, 52.0, 5.0, 53.0, 14.0, 32.0]
[12.0, 12.0, 18.0, 18.0, 18.0, 18.0, 12.0, 12.0, 12.0, 12.0, 12.0]
[12.0, 12.0, 18.0, 18.0, 18.0, 18.0, 8.0, 8.0, 8.0, 8.0, 8.0]
T = 0.40960000000000013	 step = 240
113.78000000000003
19.939531249999998
[28.0, 31.0, 49.0, 48.0, 10.0, 10.0, 23.0, 27.0, 8.0, 29.0, 51.0]
[26.0, 39.0, 48.0, 10.0, 37.0, 14.0, 52.0, 5.0, 54.0, 14.0, 32.0]
[12.0, 12.0, 18.0, 18.0, 18.0, 18.0, 12.0, 12.0, 12.0, 12.0, 12.0]
[12.0, 12.0, 18.0, 18.0, 18.0, 18.0, 8.0, 8.0, 8.0, 8.0, 8.0]
T = 0.40960000000000013	 step = 241
113.78000000000003
19.939531249999998
[28.0, 31.0, 49.0, 48.0, 10.0, 10.0, 23.0, 27.0, 8.0, 29.0, 51.0]
[26.0, 39.0, 48.0, 10.0, 37.0, 14.0, 52.0, 5.0, 54.0, 14.0, 32.0]
[12.0, 12.0, 18.0, 18.0, 18.0, 18.0, 12.0, 12.0, 12.0, 12.0, 12.0]
[12.0, 12.0, 18.0, 18.0, 18.0, 18.0, 8.0, 8.0, 8.0, 8.0, 8.0]
T = 0.40960000000000013	 step = 242
113.48000000000002
20.153735795454544
[28.0, 31.0, 49.0, 48.0, 10.0, 10.0, 23.0, 27.0, 8.0, 29.0, 51.0]
[26.0, 40.0, 48.0, 10.0, 37.0, 14.0, 52.0, 5.0, 54.0, 14.0, 32.0]
[12.0, 12.0, 18.0, 18.0, 18.0, 18.0, 12.0, 12.0, 12.0, 12.0, 12.0]
[12.0, 12.0, 18.0, 18.0, 18.0, 18.0, 8.0, 8.0, 8.0, 8.0, 8.0]
T = 0.40960000000000013	 step = 243
113.48000000000002
20.053735795454543
[28.0, 31.0, 49.0, 48.0, 10.0, 10.0, 24.0, 27.0, 8.0, 29.0, 51.0]
[26.0, 40.0, 48.0, 10.0, 37.0, 14.0, 52.0, 5.0, 54.0, 14.0, 32.0]
[12.0, 12.0, 18.0, 18.0, 18.0, 18.0, 12.0, 12.0, 12.0, 12.0, 12.0]
[12.0, 12.0, 18.0, 18.0, 18.0, 18.0, 8.0, 8.0, 8.0, 8.0, 8.0]
T = 0.40960000000000013	 step = 244
113.55000000000001
19.653735795454544
[29.0, 31.0, 49.0, 48.0, 10.0, 10.0, 24.0, 27.0, 8.0, 29.0, 51.0]
[27.0, 40.0, 48.0, 10.0, 37.0, 14.0, 52.0, 5.0, 54.0, 14.0, 32.0]
[12.0, 12.0, 18.0, 18.0, 18.0, 18.0, 12.0, 12.0, 12.0, 12.0, 12.0]
[12.0, 12.0, 18.0, 18.0, 18.0, 18.0, 8.0, 8.0, 8.0, 8.0, 8.0]
T = 0.40960000000000013	 step = 245
113.54000000000002
19.753735795454542
[29.0, 31.0, 49.0, 48.0, 10.0, 10.0, 23.0, 27.0, 8.0, 29.0, 51.0]
[27.0, 40.0, 48.0, 10.0, 37.0, 14.0, 52.0, 5.0, 54.0, 14.0, 32.0]
[12.0, 12.0, 18.0, 18.0, 18.0, 18.0, 12.0, 12.0, 12.0, 12.0, 12.0]
[12.0, 12.0, 18.0, 18.0, 18.0, 18.0, 8.0, 8.0, 8.0, 8.0, 8.0]
T = 0.40960000000000013	 step = 246
113.83000000000004
19.566519886363636
[29.0, 31.0, 49.0, 48.0, 10.0, 10.0, 23.0, 27.0, 8.0, 29.0, 51.0]
[27.0, 40.0, 48.0, 10.0, 37.0, 15.0, 52.0, 5.0, 54.0, 14.0, 32.0]
[12.0, 12.0, 18.0, 18.0, 18.0, 18.0, 12.0, 12.0, 12.0, 12.0, 12.0]
[12.0, 12.0, 18.0, 18.0, 18.0, 18.0, 8.0, 8.0, 8.0, 8.0, 8.0]
T = 0.40960000000000013	 step = 247
113.56
19.73953125
[29.0, 31.0, 49.0, 48.0, 10.0, 10.0, 23.0, 27.0, 8.0, 29.0, 51.0]
[27.0, 40.0, 49.0, 10.0, 37.0, 15.0, 52.0, 5.0, 54.0, 14.0, 32.0]
[12.0, 12.0, 18.0, 18.0, 18.0, 18.0, 12.0, 12.0, 12.0, 12.0, 12.0]
[12.0, 12.0, 18.0, 18.0, 18.0, 18.0, 8.0, 8.0, 8.0, 8.0, 8.0]
T = 0.40960000000000013	 step = 248
113.53000000000003
19.439531249999998
[29.0, 31.0, 49.0, 48.0, 10.0, 10.0, 23.0, 27.0, 8.0, 26.0, 51.0]
[27.0, 40.0, 49.0, 10.0, 37.0, 15.0, 52.0, 5.0, 54.0, 14.0, 32.0]
[12.0, 12.0, 18.0, 18.0, 18.0, 18.0, 12.0, 12.0, 12.0, 12.0, 12.0]
[12.0, 12.0, 18.0, 18.0, 18.0, 18.0, 8.0, 8.0, 8.0, 8.0, 8.0]
T = 0.40960000000000013	 step = 249
113.51000000000005
19.431292613636362
[29.0, 31.0, 49.0, 48.0, 10.0, 10.0, 23.0, 27.0, 7.0, 26.0, 51.0]
[27.0, 40.0, 49.0, 10.0, 37.0, 15.0, 52.0, 5.0, 54.0, 14.0, 32.0]
[12.0, 12.0, 18.0, 18.0, 18.0, 18.0, 12.0, 12.0, 12.0, 12.0, 12.0]
[12.0, 12.0, 18.0, 18.0, 18.0, 18.0, 8.0, 8.0, 8.0, 8.0, 8.0]
T = 0.40960000000000013	 step = 250
113.53000000000003
19.439531249999998
[29.0, 31.0, 49.0, 48.0, 10.0, 10.0, 23.0, 27.0, 8.0, 26.0, 51.0]
[27.0, 40.0, 49.0, 10.0, 37.0, 15.0, 52.0, 5.0, 54.0, 14.0, 32.0]
[12.0, 12.0, 18.0, 18.0, 18.0, 18.0, 12.0, 12.0, 12.0, 12.0, 12.0]
[12.0, 12.0, 18.0, 18.0, 18.0, 18.0, 8.0, 8.0, 8.0, 8.0, 8.0]
T = 0.40960000000000013	 step = 251
113.80000000000001
19.23953125
[29.0, 31.0, 49.0, 47.0, 10.0, 10.0, 23.0, 27.0, 8.0, 26.0, 51.0]
[27.0, 40.0, 49.0, 10.0, 37.0, 15.0, 52.0, 5.0, 54.0, 14.0, 32.0]
[12.0, 12.0, 18.0, 18.0, 18.0, 18.0, 12.0, 12.0, 12.0, 12.0, 12.0]
[12.0, 12.0, 18.0, 18.0, 18.0, 18.0, 8.0, 8.0, 8.0, 8.0, 8.0]
T = 0.40960000000000013	 step = 252
113.81
19.139531249999997
[29.0, 31.0, 49.0, 47.0, 10.0, 10.0, 24.0, 27.0, 8.0, 26.0, 51.0]
[27.0, 40.0, 49.0, 10.0, 37.0, 15.0, 52.0, 5.0, 54.0, 14.0, 32.0]
[12.0, 12.0, 18.0, 18.0, 18.0, 18.0, 12.0, 12.0, 12.0, 12.0, 12.0]
[12.0, 12.0, 18.0, 18.0, 18.0, 18.0, 8.0, 8.0, 8.0, 8.0, 8.0]
T = 0.40960000000000013	 step = 253
114.10000000000002
19.339531249999997
[28.0, 31.0, 49.0, 47.0, 10.0, 10.0, 24.0, 27.0, 8.0, 26.0, 51.0]
[27.0, 40.0, 49.0, 10.0, 37.0, 15.0, 52.0, 5.0, 54.0, 14.0, 32.0]
[12.0, 12.0, 18.0, 18.0, 18.0, 18.0, 12.0, 12.0, 12.0, 12.0, 12.0]
[12.0, 12.0, 18.0, 18.0, 18.0, 18.0, 8.0, 8.0, 8.0, 8.0, 8.0]
T = 0.40960000000000013	 step = 254
114.38
19.44403125
[28.0, 31.0, 49.0, 47.0, 10.0, 10.0, 24.0, 27.0, 8.0, 26.0, 51.0]
[27.0, 40.0, 49.0, 10.0, 36.0, 15.0, 52.0, 5.0, 54.0, 14.0, 32.0]
[12.0, 12.0, 18.0, 18.0, 18.0, 18.0, 12.0, 12.0, 12.0, 12.0, 12.0]
[12.0, 12.0, 18.0, 18.0, 18.0, 18.0, 8.0, 8.0, 8.0, 8.0, 8.0]
T = 0.40960000000000013	 step = 255
114.37
19.435792613636362
[28.0, 31.0, 49.0, 47.0, 10.0, 10.0, 24.0, 27.0, 7.0, 26.0, 51.0]
[27.0, 40.0, 49.0, 10.0, 36.0, 15.0, 52.0, 5.0, 54.0, 14.0, 32.0]
[12.0, 12.0, 18.0, 18.0, 18.0, 18.0, 12.0, 12.0, 12.0, 12.0, 12.0]
[12.0, 12.0, 18.0, 18.0, 18.0, 18.0, 8.0, 8.0, 8.0, 8.0, 8.0]
T = 0.40960000000000013	 step = 256
114.09000000000003
19.33129261363636
[28.0, 31.0, 49.0, 47.0, 10.0, 10.0, 24.0, 27.0, 7.0, 26.0, 51.0]
[27.0, 40.0, 49.0, 10.0, 37.0, 15.0, 52.0, 5.0, 54.0, 14.0, 32.0]
[12.0, 12.0, 18.0, 18.0, 18.0, 18.0, 12.0, 12.0, 12.0, 12.0, 12.0]
[12.0, 12.0, 18.0, 18.0, 18.0, 18.0, 8.0, 8.0, 8.0, 8.0, 8.0]
T = 0.40960000000000013	 step = 257
114.08000000000004
19.431292613636362
[28.0, 31.0, 49.0, 47.0, 10.0, 10.0, 23.0, 27.0, 7.0, 26.0, 51.0]
[27.0, 40.0, 49.0, 10.0, 37.0, 15.0, 52.0, 5.0, 54.0, 14.0, 32.0]
[12.0, 12.0, 18.0, 18.0, 18.0, 18.0, 12.0, 12.0, 12.0, 12.0, 12.0]
[12.0, 12.0, 18.0, 18.0, 18.0, 18.0, 8.0, 8.0, 8.0, 8.0, 8.0]
T = 0.40960000000000013	 step = 258
114.30000000000001
19.231292613636363
[28.0, 31.0, 48.0, 47.0, 10.0, 10.0, 23.0, 27.0, 7.0, 26.0, 51.0]
[27.0, 40.0, 49.0, 10.0, 37.0, 15.0, 52.0, 5.0, 54.0, 14.0, 32.0]
[12.0, 12.0, 18.0, 18.0, 18.0, 18.0, 12.0, 12.0, 12.0, 12.0, 12.0]
[12.0, 12.0, 18.0, 18.0, 18.0, 18.0, 8.0, 8.0, 8.0, 8.0, 8.0]
T = 0.40960000000000013	 step = 259
114.62
19.431292613636362
[27.0, 31.0, 48.0, 47.0, 10.0, 10.0, 23.0, 27.0, 7.0, 26.0, 51.0]
[27.0, 40.0, 49.0, 10.0, 37.0, 15.0, 52.0, 5.0, 54.0, 14.0, 32.0]
[12.0, 12.0, 18.0, 18.0, 18.0, 18.0, 12.0, 12.0, 12.0, 12.0, 12.0]
[12.0, 12.0, 18.0, 18.0, 18.0, 18.0, 8.0, 8.0, 8.0, 8.0, 8.0]
T = 0.40960000000000013	 step = 260
114.66000000000003
19.33129261363636
[27.0, 31.0, 48.0, 47.0, 10.0, 10.0, 23.0, 27.0, 7.0, 26.0, 50.0]
[27.0, 40.0, 49.0, 10.0, 37.0, 15.0, 52.0, 5.0, 54.0, 14.0, 32.0]
[12.0, 12.0, 18.0, 18.0, 18.0, 18.0, 12.0, 12.0, 12.0, 12.0, 12.0]
[12.0, 12.0, 18.0, 18.0, 18.0, 18.0, 8.0, 8.0, 8.0, 8.0, 8.0]
T = 0.40960000000000013	 step = 261
114.98000000000002
19.14407670454545
[27.0, 31.0, 48.0, 47.0, 10.0, 10.0, 23.0, 27.0, 7.0, 26.0, 50.0]
[27.0, 40.0, 49.0, 10.0, 37.0, 16.0, 52.0, 5.0, 54.0, 14.0, 32.0]
[12.0, 12.0, 18.0, 18.0, 18.0, 18.0, 12.0, 12.0, 12.0, 12.0, 12.0]
[12.0, 12.0, 18.0, 18.0, 18.0, 18.0, 8.0, 8.0, 8.0, 8.0, 8.0]
T = 0.40960000000000013	 step = 262
115.28000000000003
19.248576704545453
[27.0, 31.0, 48.0, 47.0, 10.0, 10.0, 23.0, 27.0, 7.0, 26.0, 50.0]
[27.0, 40.0, 49.0, 10.0, 36.0, 16.0, 52.0, 5.0, 54.0, 14.0, 32.0]
[12.0, 12.0, 18.0, 18.0, 18.0, 18.0, 12.0, 12.0, 12.0, 12.0, 12.0]
[12.0, 12.0, 18.0, 18.0, 18.0, 18.0, 8.0, 8.0, 8.0, 8.0, 8.0]
T = 0.40960000000000013	 step = 263
115.29000000000002
19.14857670454545
[27.0, 31.0, 48.0, 47.0, 10.0, 10.0, 24.0, 27.0, 7.0, 26.0, 50.0]
[27.0, 40.0, 49.0, 10.0, 36.0, 16.0, 52.0, 5.0, 54.0, 14.0, 32.0]
[12.0, 12.0, 18.0, 18.0, 18.0, 18.0, 12.0, 12.0, 12.0, 12.0, 12.0]
[12.0, 12.0, 18.0, 18.0, 18.0, 18.0, 8.0, 8.0, 8.0, 8.0, 8.0]
T = 0.40960000000000013	 step = 264
114.97000000000003
19.33579261363636
[27.0, 31.0, 48.0, 47.0, 10.0, 10.0, 24.0, 27.0, 7.0, 26.0, 50.0]
[27.0, 40.0, 49.0, 10.0, 36.0, 15.0, 52.0, 5.0, 54.0, 14.0, 32.0]
[12.0, 12.0, 18.0, 18.0, 18.0, 18.0, 12.0, 12.0, 12.0, 12.0, 12.0]
[12.0, 12.0, 18.0, 18.0, 18.0, 18.0, 8.0, 8.0, 8.0, 8.0, 8.0]
T = 0.40960000000000013	 step = 265
114.97000000000003
19.435792613636362
[27.0, 31.0, 48.0, 47.0, 10.0, 10.0, 24.0, 27.0, 7.0, 27.0, 50.0]
[27.0, 40.0, 49.0, 10.0, 36.0, 15.0, 52.0, 5.0, 54.0, 14.0, 32.0]
[12.0, 12.0, 18.0, 18.0, 18.0, 18.0, 12.0, 12.0, 12.0, 12.0, 12.0]
[12.0, 12.0, 18.0, 18.0, 18.0, 18.0, 8.0, 8.0, 8.0, 8.0, 8.0]
T = 0.40960000000000013	 step = 266
115.32000000000005
19.63579261363636
[26.0, 31.0, 48.0, 47.0, 10.0, 10.0, 24.0, 27.0, 7.0, 27.0, 50.0]
[27.0, 40.0, 49.0, 10.0, 36.0, 15.0, 52.0, 5.0, 54.0, 14.0, 32.0]
[12.0, 12.0, 18.0, 18.0, 18.0, 18.0, 12.0, 12.0, 12.0, 12.0, 12.0]
[12.0, 12.0, 18.0, 18.0, 18.0, 18.0, 8.0, 8.0, 8.0, 8.0, 8.0]
T = 0.40960000000000013	 step = 267
114.98000000000002
19.531292613636364
[26.0, 31.0, 48.0, 47.0, 10.0, 10.0, 24.0, 27.0, 7.0, 27.0, 50.0]
[27.0, 40.0, 49.0, 10.0, 37.0, 15.0, 52.0, 5.0, 54.0, 14.0, 32.0]
[12.0, 12.0, 18.0, 18.0, 18.0, 18.0, 12.0, 12.0, 12.0, 12.0, 12.0]
[12.0, 12.0, 18.0, 18.0, 18.0, 18.0, 8.0, 8.0, 8.0, 8.0, 8.0]
T = 0.40960000000000013	 step = 268
114.66000000000003
19.33129261363636
[27.0, 31.0, 48.0, 47.0, 10.0, 10.0, 24.0, 27.0, 7.0, 27.0, 50.0]
[27.0, 40.0, 49.0, 10.0, 37.0, 15.0, 52.0, 5.0, 54.0, 14.0, 32.0]
[12.0, 12.0, 18.0, 18.0, 18.0, 18.0, 12.0, 12.0, 12.0, 12.0, 12.0]
[12.0, 12.0, 18.0, 18.0, 18.0, 18.0, 8.0, 8.0, 8.0, 8.0, 8.0]
T = 0.40960000000000013	 step = 269
117.64000000000004
18.85245028409091
[27.0, 31.0, 48.0, 45.0, 10.0, 10.0, 24.0, 27.0, 7.0, 27.0, 50.0]
[27.0, 40.0, 49.0, 18.0, 37.0, 15.0, 52.0, 5.0, 54.0, 14.0, 32.0]
[12.0, 12.0, 18.0, 18.0, 18.0, 18.0, 12.0, 12.0, 12.0, 12.0, 12.0]
[12.0, 12.0, 18.0, 18.0, 18.0, 18.0, 8.0, 8.0, 8.0, 8.0, 8.0]
T = 0.40960000000000013	 step = 270
117.11000000000001
19.05245028409091
[27.0, 31.0, 48.0, 46.0, 10.0, 10.0, 24.0, 27.0, 7.0, 27.0, 50.0]
[27.0, 40.0, 49.0, 18.0, 37.0, 15.0, 52.0, 5.0, 54.0, 14.0, 32.0]
[12.0, 12.0, 18.0, 18.0, 18.0, 18.0, 12.0, 12.0, 12.0, 12.0, 12.0]
[12.0, 12.0, 18.0, 18.0, 18.0, 18.0, 8.0, 8.0, 8.0, 8.0, 8.0]
T = 0.40960000000000013	 step = 271
116.88
19.038245738636363
[27.0, 31.0, 48.0, 46.0, 10.0, 10.0, 24.0, 27.0, 7.0, 27.0, 50.0]
[27.0, 40.0, 49.0, 17.0, 37.0, 15.0, 52.0, 5.0, 54.0, 14.0, 32.0]
[12.0, 12.0, 18.0, 18.0, 18.0, 18.0, 12.0, 12.0, 12.0, 12.0, 12.0]
[12.0, 12.0, 18.0, 18.0, 18.0, 18.0, 8.0, 8.0, 8.0, 8.0, 8.0]
T = 0.40960000000000013	 step = 272
117.11000000000001
19.05245028409091
[27.0, 31.0, 48.0, 46.0, 10.0, 10.0, 24.0, 27.0, 7.0, 27.0, 50.0]
[27.0, 40.0, 49.0, 18.0, 37.0, 15.0, 52.0, 5.0, 54.0, 14.0, 32.0]
[12.0, 12.0, 18.0, 18.0, 18.0, 18.0, 12.0, 12.0, 12.0, 12.0, 12.0]
[12.0, 12.0, 18.0, 18.0, 18.0, 18.0, 8.0, 8.0, 8.0, 8.0, 8.0]
T = 0.40960000000000013	 step = 273
116.80000000000001
18.952450284090908
[27.0, 31.0, 48.0, 46.0, 10.0, 10.0, 24.0, 27.0, 7.0, 27.0, 50.0]
[27.0, 40.0, 49.0, 18.0, 38.0, 15.0, 52.0, 5.0, 54.0, 14.0, 32.0]
[12.0, 12.0, 18.0, 18.0, 18.0, 18.0, 12.0, 12.0, 12.0, 12.0, 12.0]
[12.0, 12.0, 18.0, 18.0, 18.0, 18.0, 8.0, 8.0, 8.0, 8.0, 8.0]
T = 0.40960000000000013	 step = 274
116.80000000000001
19.05245028409091
[27.0, 31.0, 48.0, 46.0, 10.0, 10.0, 24.0, 26.0, 7.0, 27.0, 50.0]
[27.0, 40.0, 49.0, 18.0, 38.0, 15.0, 52.0, 5.0, 54.0, 14.0, 32.0]
[12.0, 12.0, 18.0, 18.0, 18.0, 18.0, 12.0, 12.0, 12.0, 12.0, 12.0]
[12.0, 12.0, 18.0, 18.0, 18.0, 18.0, 8.0, 8.0, 8.0, 8.0, 8.0]
T = 0.40960000000000013	 step = 275
116.84000000000003
18.952450284090908
[27.0, 31.0, 48.0, 46.0, 10.0, 10.0, 24.0, 26.0, 7.0, 27.0, 49.0]
[27.0, 40.0, 49.0, 18.0, 38.0, 15.0, 52.0, 5.0, 54.0, 14.0, 32.0]
[12.0, 12.0, 18.0, 18.0, 18.0, 18.0, 12.0, 12.0, 12.0, 12.0, 12.0]
[12.0, 12.0, 18.0, 18.0, 18.0, 18.0, 8.0, 8.0, 8.0, 8.0, 8.0]
T = 0.40960000000000013	 step = 276
116.85000000000002
18.960688920454544
[27.0, 31.0, 48.0, 46.0, 10.0, 10.0, 24.0, 26.0, 8.0, 27.0, 49.0]
[27.0, 40.0, 49.0, 18.0, 38.0, 15.0, 52.0, 5.0, 54.0, 14.0, 32.0]
[12.0, 12.0, 18.0, 18.0, 18.0, 18.0, 12.0, 12.0, 12.0, 12.0, 12.0]
[12.0, 12.0, 18.0, 18.0, 18.0, 18.0, 8.0, 8.0, 8.0, 8.0, 8.0]
T = 0.40960000000000013	 step = 277
116.95000000000005
18.860688920454542
[27.0, 30.0, 48.0, 46.0, 10.0, 10.0, 24.0, 26.0, 8.0, 27.0, 49.0]
[27.0, 40.0, 49.0, 18.0, 38.0, 15.0, 52.0, 5.0, 54.0, 14.0, 32.0]
[12.0, 12.0, 18.0, 18.0, 18.0, 18.0, 12.0, 12.0, 12.0, 12.0, 12.0]
[12.0, 12.0, 18.0, 18.0, 18.0, 18.0, 8.0, 8.0, 8.0, 8.0, 8.0]
T = 0.40960000000000013	 step = 278
117.03000000000003
18.947904829545454
[27.0, 30.0, 48.0, 46.0, 10.0, 10.0, 24.0, 26.0, 8.0, 27.0, 49.0]
[27.0, 40.0, 49.0, 18.0, 38.0, 15.0, 52.0, 5.0, 54.0, 15.0, 32.0]
[12.0, 12.0, 18.0, 18.0, 18.0, 18.0, 12.0, 12.0, 12.0, 12.0, 12.0]
[12.0, 12.0, 18.0, 18.0, 18.0, 18.0, 8.0, 8.0, 8.0, 8.0, 8.0]
T = 0.40960000000000013	 step = 279
117.03000000000003
18.847904829545456
[27.0, 30.0, 48.0, 46.0, 10.0, 10.0, 24.0, 26.0, 8.0, 26.0, 49.0]
[27.0, 40.0, 49.0, 18.0, 38.0, 15.0, 52.0, 5.0, 54.0, 15.0, 32.0]
[12.0, 12.0, 18.0, 18.0, 18.0, 18.0, 12.0, 12.0, 12.0, 12.0, 12.0]
[12.0, 12.0, 18.0, 18.0, 18.0, 18.0, 8.0, 8.0, 8.0, 8.0, 8.0]
T = 0.40960000000000013	 step = 280
117.25
18.64790482954545
[27.0, 30.0, 47.0, 46.0, 10.0, 10.0, 24.0, 26.0, 8.0, 26.0, 49.0]
[27.0, 40.0, 49.0, 18.0, 38.0, 15.0, 52.0, 5.0, 54.0, 15.0, 32.0]
[12.0, 12.0, 18.0, 18.0, 18.0, 18.0, 12.0, 12.0, 12.0, 12.0, 12.0]
[12.0, 12.0, 18.0, 18.0, 18.0, 18.0, 8.0, 8.0, 8.0, 8.0, 8.0]
T = 0.40960000000000013	 step = 281
117.78000000000003
18.447904829545454
[27.0, 30.0, 47.0, 45.0, 10.0, 10.0, 24.0, 26.0, 8.0, 26.0, 49.0]
[27.0, 40.0, 49.0, 18.0, 38.0, 15.0, 52.0, 5.0, 54.0, 15.0, 32.0]
[12.0, 12.0, 18.0, 18.0, 18.0, 18.0, 12.0, 12.0, 12.0, 12.0, 12.0]
[12.0, 12.0, 18.0, 18.0, 18.0, 18.0, 8.0, 8.0, 8.0, 8.0, 8.0]
T = 0.40960000000000013	 step = 282
117.42000000000002
18.647904829545453
[27.0, 30.0, 47.0, 45.0, 10.0, 10.0, 24.0, 26.0, 8.0, 26.0, 49.0]
[27.0, 40.0, 49.0, 18.0, 38.0, 14.0, 52.0, 5.0, 54.0, 15.0, 32.0]
[12.0, 12.0, 18.0, 18.0, 18.0, 18.0, 12.0, 12.0, 12.0, 12.0, 12.0]
[12.0, 12.0, 18.0, 18.0, 18.0, 18.0, 8.0, 8.0, 8.0, 8.0, 8.0]
T = 0.40960000000000013	 step = 283
117.19
18.57233664772727
[27.0, 26.0, 47.0, 45.0, 10.0, 10.0, 24.0, 26.0, 8.0, 26.0, 49.0]
[27.0, 41.0, 49.0, 18.0, 38.0, 14.0, 52.0, 5.0, 54.0, 15.0, 32.0]
[12.0, 12.0, 18.0, 18.0, 18.0, 18.0, 12.0, 12.0, 12.0, 12.0, 12.0]
[12.0, 12.0, 18.0, 18.0, 18.0, 18.0, 8.0, 8.0, 8.0, 8.0, 8.0]
T = 0.40960000000000013	 step = 284
117.41000000000003
18.37233664772727
[27.0, 26.0, 46.0, 45.0, 10.0, 10.0, 24.0, 26.0, 8.0, 26.0, 49.0]
[27.0, 41.0, 49.0, 18.0, 38.0, 14.0, 52.0, 5.0, 54.0, 15.0, 32.0]
[12.0, 12.0, 18.0, 18.0, 18.0, 18.0, 12.0, 12.0, 12.0, 12.0, 12.0]
[12.0, 12.0, 18.0, 18.0, 18.0, 18.0, 8.0, 8.0, 8.0, 8.0, 8.0]
T = 0.40960000000000013	 step = 285
117.46000000000004
18.272336647727272
[27.0, 26.0, 46.0, 45.0, 10.0, 10.0, 24.0, 26.0, 8.0, 26.0, 48.0]
[27.0, 41.0, 49.0, 18.0, 38.0, 14.0, 52.0, 5.0, 54.0, 15.0, 32.0]
[12.0, 12.0, 18.0, 18.0, 18.0, 18.0, 12.0, 12.0, 12.0, 12.0, 12.0]
[12.0, 12.0, 18.0, 18.0, 18.0, 18.0, 8.0, 8.0, 8.0, 8.0, 8.0]
T = 0.40960000000000013	 step = 286
117.47000000000003
18.280575284090908
[27.0, 26.0, 46.0, 45.0, 10.0, 10.0, 24.0, 26.0, 9.0, 26.0, 48.0]
[27.0, 41.0, 49.0, 18.0, 38.0, 14.0, 52.0, 5.0, 54.0, 15.0, 32.0]
[12.0, 12.0, 18.0, 18.0, 18.0, 18.0, 12.0, 12.0, 12.0, 12.0, 12.0]
[12.0, 12.0, 18.0, 18.0, 18.0, 18.0, 8.0, 8.0, 8.0, 8.0, 8.0]
T = 0.40960000000000013	 step = 287
117.51000000000005
18.180575284090907
[27.0, 26.0, 46.0, 45.0, 10.0, 10.0, 24.0, 26.0, 9.0, 26.0, 47.0]
[27.0, 41.0, 49.0, 18.0, 38.0, 14.0, 52.0, 5.0, 54.0, 15.0, 32.0]
[12.0, 12.0, 18.0, 18.0, 18.0, 18.0, 12.0, 12.0, 12.0, 12.0, 12.0]
[12.0, 12.0, 18.0, 18.0, 18.0, 18.0, 8.0, 8.0, 8.0, 8.0, 8.0]
T = 0.40960000000000013	 step = 288
117.37
18.09080255681818
[28.0, 26.0, 46.0, 45.0, 10.0, 10.0, 24.0, 26.0, 9.0, 26.0, 47.0]
[27.0, 41.0, 49.0, 18.0, 38.0, 14.0, 52.0, 5.0, 54.0, 15.0, 32.0]
[12.0, 12.0, 18.0, 18.0, 18.0, 18.0, 12.0, 12.0, 12.0, 12.0, 12.0]
[12.0, 12.0, 18.0, 18.0, 18.0, 18.0, 8.0, 8.0, 8.0, 8.0, 8.0]
T = 0.40960000000000013	 step = 289
117.59000000000003
17.893589488636362
[28.0, 26.0, 46.0, 45.0, 10.0, 10.0, 24.0, 26.0, 9.0, 26.0, 47.0]
[28.0, 41.0, 49.0, 18.0, 38.0, 14.0, 52.0, 5.0, 54.0, 15.0, 32.0]
[12.0, 12.0, 18.0, 18.0, 18.0, 18.0, 12.0, 12.0, 12.0, 12.0, 12.0]
[12.0, 12.0, 18.0, 18.0, 18.0, 18.0, 8.0, 8.0, 8.0, 8.0, 8.0]
T = 0.40960000000000013	 step = 290
117.27000000000004
18.09358948863636
[28.0, 26.0, 46.0, 45.0, 10.0, 10.0, 24.0, 26.0, 9.0, 26.0, 47.0]
[28.0, 41.0, 49.0, 18.0, 38.0, 13.0, 52.0, 5.0, 54.0, 15.0, 32.0]
[12.0, 12.0, 18.0, 18.0, 18.0, 18.0, 12.0, 12.0, 12.0, 12.0, 12.0]
[12.0, 12.0, 18.0, 18.0, 18.0, 18.0, 8.0, 8.0, 8.0, 8.0, 8.0]
T = 0.40960000000000013	 step = 291
117.29000000000002
17.99358948863636
[28.0, 26.0, 46.0, 45.0, 10.0, 10.0, 24.0, 26.0, 9.0, 26.0, 47.0]
[28.0, 41.0, 49.0, 18.0, 38.0, 13.0, 52.0, 5.0, 53.0, 15.0, 32.0]
[12.0, 12.0, 18.0, 18.0, 18.0, 18.0, 12.0, 12.0, 12.0, 12.0, 12.0]
[12.0, 12.0, 18.0, 18.0, 18.0, 18.0, 8.0, 8.0, 8.0, 8.0, 8.0]
T = 0.40960000000000013	 step = 292
117.86000000000001
17.793589488636364
[28.0, 26.0, 46.0, 44.0, 10.0, 10.0, 24.0, 26.0, 9.0, 26.0, 47.0]
[28.0, 41.0, 49.0, 18.0, 38.0, 13.0, 52.0, 5.0, 53.0, 15.0, 32.0]
[12.0, 12.0, 18.0, 18.0, 18.0, 18.0, 12.0, 12.0, 12.0, 12.0, 12.0]
[12.0, 12.0, 18.0, 18.0, 18.0, 18.0, 8.0, 8.0, 8.0, 8.0, 8.0]
T = 0.40960000000000013	 step = 293
118.12
17.898089488636362
[28.0, 26.0, 46.0, 44.0, 10.0, 10.0, 24.0, 26.0, 9.0, 26.0, 47.0]
[28.0, 41.0, 49.0, 18.0, 37.0, 13.0, 52.0, 5.0, 53.0, 15.0, 32.0]
[12.0, 12.0, 18.0, 18.0, 18.0, 18.0, 12.0, 12.0, 12.0, 12.0, 12.0]
[12.0, 12.0, 18.0, 18.0, 18.0, 18.0, 8.0, 8.0, 8.0, 8.0, 8.0]
T = 0.40960000000000013	 step = 294
117.95000000000005
18.09080255681818
[28.0, 26.0, 46.0, 44.0, 10.0, 10.0, 24.0, 26.0, 9.0, 26.0, 47.0]
[27.0, 41.0, 49.0, 18.0, 37.0, 13.0, 52.0, 5.0, 53.0, 15.0, 32.0]
[12.0, 12.0, 18.0, 18.0, 18.0, 18.0, 12.0, 12.0, 12.0, 12.0, 12.0]
[12.0, 12.0, 18.0, 18.0, 18.0, 18.0, 8.0, 8.0, 8.0, 8.0, 8.0]
T = 0.40960000000000013	 step = 295
117.35000000000002
18.29080255681818
[28.0, 26.0, 46.0, 45.0, 10.0, 10.0, 24.0, 26.0, 9.0, 26.0, 47.0]
[27.0, 41.0, 49.0, 18.0, 37.0, 13.0, 52.0, 5.0, 53.0, 15.0, 32.0]
[12.0, 12.0, 18.0, 18.0, 18.0, 18.0, 12.0, 12.0, 12.0, 12.0, 12.0]
[12.0, 12.0, 18.0, 18.0, 18.0, 18.0, 8.0, 8.0, 8.0, 8.0, 8.0]
T = 0.40960000000000013	 step = 296
117.95000000000005
18.09080255681818
[28.0, 26.0, 46.0, 44.0, 10.0, 10.0, 24.0, 26.0, 9.0, 26.0, 47.0]
[27.0, 41.0, 49.0, 18.0, 37.0, 13.0, 52.0, 5.0, 53.0, 15.0, 32.0]
[12.0, 12.0, 18.0, 18.0, 18.0, 18.0, 12.0, 12.0, 12.0, 12.0, 12.0]
[12.0, 12.0, 18.0, 18.0, 18.0, 18.0, 8.0, 8.0, 8.0, 8.0, 8.0]
T = 0.32768000000000014	 step = 297
118.12
17.898089488636362
[28.0, 26.0, 46.0, 44.0, 10.0, 10.0, 24.0, 26.0, 9.0, 26.0, 47.0]
[28.0, 41.0, 49.0, 18.0, 37.0, 13.0, 52.0, 5.0, 53.0, 15.0, 32.0]
[12.0, 12.0, 18.0, 18.0, 18.0, 18.0, 12.0, 12.0, 12.0, 12.0, 12.0]
[12.0, 12.0, 18.0, 18.0, 18.0, 18.0, 8.0, 8.0, 8.0, 8.0, 8.0]
T = 0.32768000000000014	 step = 298
117.55000000000001
18.09808948863636
[28.0, 26.0, 46.0, 45.0, 10.0, 10.0, 24.0, 26.0, 9.0, 26.0, 47.0]
[28.0, 41.0, 49.0, 18.0, 37.0, 13.0, 52.0, 5.0, 53.0, 15.0, 32.0]
[12.0, 12.0, 18.0, 18.0, 18.0, 18.0, 12.0, 12.0, 12.0, 12.0, 12.0]
[12.0, 12.0, 18.0, 18.0, 18.0, 18.0, 8.0, 8.0, 8.0, 8.0, 8.0]
T = 0.32768000000000014	 step = 299
117.52000000000004
18.010873579545454
[28.0, 26.0, 46.0, 45.0, 10.0, 10.0, 24.0, 26.0, 9.0, 26.0, 47.0]
[28.0, 41.0, 49.0, 18.0, 37.0, 13.0, 53.0, 5.0, 53.0, 15.0, 32.0]
[12.0, 12.0, 18.0, 18.0, 18.0, 18.0, 12.0, 12.0, 12.0, 12.0, 12.0]
[12.0, 12.0, 18.0, 18.0, 18.0, 18.0, 8.0, 8.0, 8.0, 8.0, 8.0]
T = 0.32768000000000014	 step = 300
117.53000000000003
18.11087357954545
[28.0, 26.0, 46.0, 45.0, 10.0, 10.0, 24.0, 26.0, 9.0, 27.0, 47.0]
[28.0, 41.0, 49.0, 18.0, 37.0, 13.0, 53.0, 5.0, 53.0, 15.0, 32.0]
[12.0, 12.0, 18.0, 18.0, 18.0, 18.0, 12.0, 12.0, 12.0, 12.0, 12.0]
[12.0, 12.0, 18.0, 18.0, 18.0, 18.0, 8.0, 8.0, 8.0, 8.0, 8.0]
T = 0.32768000000000014	 step = 301
117.45000000000005
18.010873579545454
[28.0, 26.0, 46.0, 45.0, 10.0, 10.0, 24.0, 26.0, 9.0, 27.0, 47.0]
[28.0, 41.0, 49.0, 18.0, 37.0, 13.0, 53.0, 5.0, 53.0, 14.0, 32.0]
[12.0, 12.0, 18.0, 18.0, 18.0, 18.0, 12.0, 12.0, 12.0, 12.0, 12.0]
[12.0, 12.0, 18.0, 18.0, 18.0, 18.0, 8.0, 8.0, 8.0, 8.0, 8.0]
T = 0.32768000000000014	 step = 302
117.69
17.810873579545454
[28.0, 26.0, 45.0, 45.0, 10.0, 10.0, 24.0, 26.0, 9.0, 27.0, 47.0]
[28.0, 41.0, 49.0, 18.0, 37.0, 13.0, 53.0, 5.0, 53.0, 14.0, 32.0]
[12.0, 12.0, 18.0, 18.0, 18.0, 18.0, 12.0, 12.0, 12.0, 12.0, 12.0]
[12.0, 12.0, 18.0, 18.0, 18.0, 18.0, 8.0, 8.0, 8.0, 8.0, 8.0]
T = 0.32768000000000014	 step = 303
117.37
18.010873579545454
[28.0, 26.0, 45.0, 45.0, 10.0, 10.0, 24.0, 26.0, 9.0, 27.0, 47.0]
[28.0, 41.0, 49.0, 18.0, 37.0, 12.0, 53.0, 5.0, 53.0, 14.0, 32.0]
[12.0, 12.0, 18.0, 18.0, 18.0, 18.0, 12.0, 12.0, 12.0, 12.0, 12.0]
[12.0, 12.0, 18.0, 18.0, 18.0, 18.0, 8.0, 8.0, 8.0, 8.0, 8.0]
T = 0.32768000000000014	 step = 304
117.15000000000003
18.203586647727274
[28.0, 26.0, 45.0, 45.0, 10.0, 10.0, 24.0, 26.0, 9.0, 27.0, 47.0]
[27.0, 41.0, 49.0, 18.0, 37.0, 12.0, 53.0, 5.0, 53.0, 14.0, 32.0]
[12.0, 12.0, 18.0, 18.0, 18.0, 18.0, 12.0, 12.0, 12.0, 12.0, 12.0]
[12.0, 12.0, 18.0, 18.0, 18.0, 18.0, 8.0, 8.0, 8.0, 8.0, 8.0]
T = 0.32768000000000014	 step = 305
115.60000000000002
18.602947443181815
[28.0, 26.0, 45.0, 47.0, 10.0, 10.0, 24.0, 26.0, 9.0, 27.0, 47.0]
[27.0, 41.0, 49.0, 16.0, 37.0, 12.0, 53.0, 5.0, 53.0, 14.0, 32.0]
[12.0, 12.0, 18.0, 18.0, 18.0, 18.0, 12.0, 12.0, 12.0, 12.0, 12.0]
[12.0, 12.0, 18.0, 18.0, 18.0, 18.0, 8.0, 8.0, 8.0, 8.0, 8.0]
T = 0.32768000000000014	 step = 306
115.61000000000001
18.506373579545453
[28.0, 26.0, 45.0, 47.0, 10.0, 10.0, 24.0, 26.0, 9.0, 27.0, 47.0]
[27.0, 41.0, 49.0, 16.0, 37.0, 12.0, 53.0, 5.0, 53.0, 14.0, 31.0]
[12.0, 12.0, 18.0, 18.0, 18.0, 18.0, 12.0, 12.0, 12.0, 12.0, 12.0]
[12.0, 12.0, 18.0, 18.0, 18.0, 18.0, 8.0, 8.0, 8.0, 8.0, 8.0]
T = 0.32768000000000014	 step = 307
115.62
18.416600852272726
[29.0, 26.0, 45.0, 47.0, 10.0, 10.0, 24.0, 26.0, 9.0, 27.0, 47.0]
[27.0, 41.0, 49.0, 16.0, 37.0, 12.0, 53.0, 5.0, 53.0, 14.0, 31.0]
[12.0, 12.0, 18.0, 18.0, 18.0, 18.0, 12.0, 12.0, 12.0, 12.0, 12.0]
[12.0, 12.0, 18.0, 18.0, 18.0, 18.0, 8.0, 8.0, 8.0, 8.0, 8.0]
T = 0.32768000000000014	 step = 308
115.34000000000003
18.616600852272725
[29.0, 26.0, 45.0, 47.0, 10.0, 10.0, 24.0, 26.0, 9.0, 27.0, 47.0]
[27.0, 41.0, 49.0, 16.0, 37.0, 11.0, 53.0, 5.0, 53.0, 14.0, 31.0]
[12.0, 12.0, 18.0, 18.0, 18.0, 18.0, 12.0, 12.0, 12.0, 12.0, 12.0]
[12.0, 12.0, 18.0, 18.0, 18.0, 18.0, 8.0, 8.0, 8.0, 8.0, 8.0]
T = 0.32768000000000014	 step = 309
115.71000000000004
18.402396306818183
[29.0, 26.0, 45.0, 47.0, 10.0, 10.0, 24.0, 26.0, 9.0, 27.0, 47.0]
[27.0, 40.0, 49.0, 16.0, 37.0, 11.0, 53.0, 5.0, 53.0, 14.0, 31.0]
[12.0, 12.0, 18.0, 18.0, 18.0, 18.0, 12.0, 12.0, 12.0, 12.0, 12.0]
[12.0, 12.0, 18.0, 18.0, 18.0, 18.0, 8.0, 8.0, 8.0, 8.0, 8.0]
T = 0.32768000000000014	 step = 310
115.72000000000003
18.30239630681818
[29.0, 26.0, 45.0, 47.0, 10.0, 10.0, 24.0, 27.0, 9.0, 27.0, 47.0]
[27.0, 40.0, 49.0, 16.0, 37.0, 11.0, 53.0, 5.0, 53.0, 14.0, 31.0]
[12.0, 12.0, 18.0, 18.0, 18.0, 18.0, 12.0, 12.0, 12.0, 12.0, 12.0]
[12.0, 12.0, 18.0, 18.0, 18.0, 18.0, 8.0, 8.0, 8.0, 8.0, 8.0]
T = 0.32768000000000014	 step = 311
115.60000000000002
18.392169034090905
[28.0, 26.0, 45.0, 47.0, 10.0, 10.0, 24.0, 27.0, 9.0, 27.0, 47.0]
[27.0, 40.0, 49.0, 16.0, 37.0, 11.0, 53.0, 5.0, 53.0, 14.0, 31.0]
[12.0, 12.0, 18.0, 18.0, 18.0, 18.0, 12.0, 12.0, 12.0, 12.0, 12.0]
[12.0, 12.0, 18.0, 18.0, 18.0, 18.0, 8.0, 8.0, 8.0, 8.0, 8.0]
T = 0.32768000000000014	 step = 312
115.55000000000001
18.492169034090907
[28.0, 26.0, 45.0, 47.0, 10.0, 10.0, 24.0, 27.0, 9.0, 27.0, 48.0]
[27.0, 40.0, 49.0, 16.0, 37.0, 11.0, 53.0, 5.0, 53.0, 14.0, 31.0]
[12.0, 12.0, 18.0, 18.0, 18.0, 18.0, 12.0, 12.0, 12.0, 12.0, 12.0]
[12.0, 12.0, 18.0, 18.0, 18.0, 18.0, 8.0, 8.0, 8.0, 8.0, 8.0]
T = 0.32768000000000014	 step = 313
115.57000000000005
18.392169034090905
[28.0, 26.0, 45.0, 47.0, 10.0, 10.0, 24.0, 27.0, 9.0, 27.0, 48.0]
[27.0, 40.0, 49.0, 16.0, 37.0, 11.0, 53.0, 5.0, 52.0, 14.0, 31.0]
[12.0, 12.0, 18.0, 18.0, 18.0, 18.0, 12.0, 12.0, 12.0, 12.0, 12.0]
[12.0, 12.0, 18.0, 18.0, 18.0, 18.0, 8.0, 8.0, 8.0, 8.0, 8.0]
T = 0.32768000000000014	 step = 314
115.58000000000004
18.363759943181815
[28.0, 26.0, 45.0, 47.0, 10.0, 10.0, 24.0, 27.0, 10.0, 27.0, 48.0]
[27.0, 40.0, 49.0, 16.0, 37.0, 11.0, 53.0, 5.0, 52.0, 14.0, 31.0]
[12.0, 12.0, 18.0, 18.0, 18.0, 18.0, 12.0, 12.0, 12.0, 12.0, 12.0]
[12.0, 12.0, 18.0, 18.0, 18.0, 18.0, 8.0, 8.0, 8.0, 8.0, 8.0]
T = 0.32768000000000014	 step = 315
115.58000000000004
18.263759943181814
[28.0, 26.0, 45.0, 47.0, 10.0, 10.0, 24.0, 28.0, 10.0, 27.0, 48.0]
[27.0, 40.0, 49.0, 16.0, 37.0, 11.0, 53.0, 5.0, 52.0, 14.0, 31.0]
[12.0, 12.0, 18.0, 18.0, 18.0, 18.0, 12.0, 12.0, 12.0, 12.0, 12.0]
[12.0, 12.0, 18.0, 18.0, 18.0, 18.0, 8.0, 8.0, 8.0, 8.0, 8.0]
T = 0.32768000000000014	 step = 316
115.67000000000002
18.363759943181815
[28.0, 26.0, 45.0, 47.0, 10.0, 10.0, 24.0, 28.0, 10.0, 27.0, 48.0]
[27.0, 40.0, 49.0, 16.0, 37.0, 11.0, 53.0, 5.0, 52.0, 15.0, 31.0]
[12.0, 12.0, 18.0, 18.0, 18.0, 18.0, 12.0, 12.0, 12.0, 12.0, 12.0]
[12.0, 12.0, 18.0, 18.0, 18.0, 18.0, 8.0, 8.0, 8.0, 8.0, 8.0]
T = 0.32768000000000014	 step = 317
116.96000000000004
17.563759943181818
[28.0, 26.0, 45.0, 47.0, 10.0, 10.0, 24.0, 28.0, 10.0, 27.0, 48.0]
[27.0, 40.0, 49.0, 16.0, 37.0, 15.0, 53.0, 5.0, 52.0, 15.0, 31.0]
[12.0, 12.0, 18.0, 18.0, 18.0, 18.0, 12.0, 12.0, 12.0, 12.0, 12.0]
[12.0, 12.0, 18.0, 18.0, 18.0, 18.0, 8.0, 8.0, 8.0, 8.0, 8.0]
T = 0.32768000000000014	 step = 318
117.25
17.46047443181818
[28.0, 26.0, 45.0, 47.0, 10.0, 10.0, 24.0, 28.0, 10.0, 27.0, 48.0]
[27.0, 40.0, 48.0, 16.0, 37.0, 15.0, 53.0, 5.0, 52.0, 15.0, 31.0]
[12.0, 12.0, 18.0, 18.0, 18.0, 18.0, 12.0, 12.0, 12.0, 12.0, 12.0]
[12.0, 12.0, 18.0, 18.0, 18.0, 18.0, 8.0, 8.0, 8.0, 8.0, 8.0]
T = 0.32768000000000014	 step = 319
117.99000000000001
17.260474431818178
[28.0, 26.0, 45.0, 46.0, 10.0, 10.0, 24.0, 28.0, 10.0, 27.0, 48.0]
[27.0, 40.0, 48.0, 17.0, 37.0, 15.0, 53.0, 5.0, 52.0, 15.0, 31.0]
[12.0, 12.0, 18.0, 18.0, 18.0, 18.0, 12.0, 12.0, 12.0, 12.0, 12.0]
[12.0, 12.0, 18.0, 18.0, 18.0, 18.0, 8.0, 8.0, 8.0, 8.0, 8.0]
T = 0.32768000000000014	 step = 320
117.66000000000003
17.46047443181818
[28.0, 26.0, 45.0, 46.0, 10.0, 10.0, 24.0, 28.0, 10.0, 27.0, 48.0]
[27.0, 40.0, 48.0, 17.0, 37.0, 14.0, 53.0, 5.0, 52.0, 15.0, 31.0]
[12.0, 12.0, 18.0, 18.0, 18.0, 18.0, 12.0, 12.0, 12.0, 12.0, 12.0]
[12.0, 12.0, 18.0, 18.0, 18.0, 18.0, 8.0, 8.0, 8.0, 8.0, 8.0]
T = 0.32768000000000014	 step = 321
117.71000000000004
17.36047443181818
[28.0, 26.0, 45.0, 46.0, 10.0, 10.0, 24.0, 28.0, 10.0, 27.0, 47.0]
[27.0, 40.0, 48.0, 17.0, 37.0, 14.0, 53.0, 5.0, 52.0, 15.0, 31.0]
[12.0, 12.0, 18.0, 18.0, 18.0, 18.0, 12.0, 12.0, 12.0, 12.0, 12.0]
[12.0, 12.0, 18.0, 18.0, 18.0, 18.0, 8.0, 8.0, 8.0, 8.0, 8.0]
T = 0.32768000000000014	 step = 322
117.45000000000005
17.36047443181818
[28.0, 26.0, 45.0, 46.0, 10.0, 10.0, 24.0, 28.0, 10.0, 27.0, 47.0]
[27.0, 40.0, 48.0, 16.0, 37.0, 14.0, 53.0, 5.0, 52.0, 15.0, 31.0]
[12.0, 12.0, 18.0, 18.0, 18.0, 18.0, 12.0, 12.0, 12.0, 12.0, 12.0]
[12.0, 12.0, 18.0, 18.0, 18.0, 18.0, 8.0, 8.0, 8.0, 8.0, 8.0]
T = 0.32768000000000014	 step = 323
117.44
17.46047443181818
[28.0, 26.0, 45.0, 46.0, 10.0, 10.0, 24.0, 27.0, 10.0, 27.0, 47.0]
[27.0, 40.0, 48.0, 16.0, 37.0, 14.0, 53.0, 5.0, 52.0, 15.0, 31.0]
[12.0, 12.0, 18.0, 18.0, 18.0, 18.0, 12.0, 12.0, 12.0, 12.0, 12.0]
[12.0, 12.0, 18.0, 18.0, 18.0, 18.0, 8.0, 8.0, 8.0, 8.0, 8.0]
T = 0.32768000000000014	 step = 324
117.47000000000003
17.36047443181818
[28.0, 26.0, 45.0, 46.0, 10.0, 10.0, 24.0, 27.0, 10.0, 27.0, 47.0]
[27.0, 40.0, 48.0, 16.0, 37.0, 14.0, 53.0, 5.0, 51.0, 15.0, 31.0]
[12.0, 12.0, 18.0, 18.0, 18.0, 18.0, 12.0, 12.0, 12.0, 12.0, 12.0]
[12.0, 12.0, 18.0, 18.0, 18.0, 18.0, 8.0, 8.0, 8.0, 8.0, 8.0]
T = 0.32768000000000014	 step = 325
117.75
17.46497443181818
[28.0, 26.0, 45.0, 46.0, 10.0, 10.0, 24.0, 27.0, 10.0, 27.0, 47.0]
[27.0, 40.0, 48.0, 16.0, 36.0, 14.0, 53.0, 5.0, 51.0, 15.0, 31.0]
[12.0, 12.0, 18.0, 18.0, 18.0, 18.0, 12.0, 12.0, 12.0, 12.0, 12.0]
[12.0, 12.0, 18.0, 18.0, 18.0, 18.0, 8.0, 8.0, 8.0, 8.0, 8.0]
T = 0.32768000000000014	 step = 326
117.78000000000003
17.482464488636364
[28.0, 26.0, 45.0, 46.0, 10.0, 10.0, 24.0, 27.0, 10.0, 27.0, 47.0]
[27.0, 40.0, 48.0, 16.0, 36.0, 14.0, 52.0, 5.0, 51.0, 15.0, 31.0]
[12.0, 12.0, 18.0, 18.0, 18.0, 18.0, 12.0, 12.0, 12.0, 12.0, 12.0]
[12.0, 12.0, 18.0, 18.0, 18.0, 18.0, 8.0, 8.0, 8.0, 8.0, 8.0]
T = 0.32768000000000014	 step = 327
117.54000000000002
17.682464488636363
[28.0, 26.0, 46.0, 46.0, 10.0, 10.0, 24.0, 27.0, 10.0, 27.0, 47.0]
[27.0, 40.0, 48.0, 16.0, 36.0, 14.0, 52.0, 5.0, 51.0, 15.0, 31.0]
[12.0, 12.0, 18.0, 18.0, 18.0, 18.0, 12.0, 12.0, 12.0, 12.0, 12.0]
[12.0, 12.0, 18.0, 18.0, 18.0, 18.0, 8.0, 8.0, 8.0, 8.0, 8.0]
T = 0.32768000000000014	 step = 328
117.55000000000001
17.768259943181818
[28.0, 26.0, 46.0, 46.0, 10.0, 10.0, 24.0, 27.0, 11.0, 27.0, 47.0]
[27.0, 40.0, 48.0, 16.0, 36.0, 14.0, 52.0, 5.0, 51.0, 15.0, 31.0]
[12.0, 12.0, 18.0, 18.0, 18.0, 18.0, 12.0, 12.0, 12.0, 12.0, 12.0]
[12.0, 12.0, 18.0, 18.0, 18.0, 18.0, 8.0, 8.0, 8.0, 8.0, 8.0]
T = 0.32768000000000014	 step = 329
117.56
17.668259943181816
[28.0, 26.0, 46.0, 46.0, 10.0, 10.0, 25.0, 27.0, 11.0, 27.0, 47.0]
[27.0, 40.0, 48.0, 16.0, 36.0, 14.0, 52.0, 5.0, 51.0, 15.0, 31.0]
[12.0, 12.0, 18.0, 18.0, 18.0, 18.0, 12.0, 12.0, 12.0, 12.0, 12.0]
[12.0, 12.0, 18.0, 18.0, 18.0, 18.0, 8.0, 8.0, 8.0, 8.0, 8.0]
T = 0.32768000000000014	 step = 330
117.08000000000004
17.868259943181815
[28.0, 26.0, 46.0, 47.0, 10.0, 10.0, 25.0, 27.0, 11.0, 27.0, 47.0]
[27.0, 40.0, 48.0, 16.0, 36.0, 14.0, 52.0, 5.0, 51.0, 15.0, 31.0]
[12.0, 12.0, 18.0, 18.0, 18.0, 18.0, 12.0, 12.0, 12.0, 12.0, 12.0]
[12.0, 12.0, 18.0, 18.0, 18.0, 18.0, 8.0, 8.0, 8.0, 8.0, 8.0]
T = 0.32768000000000014	 step = 331
117.41000000000003
17.668259943181816
[28.0, 26.0, 46.0, 47.0, 10.0, 10.0, 25.0, 27.0, 11.0, 27.0, 47.0]
[27.0, 40.0, 48.0, 16.0, 36.0, 15.0, 52.0, 5.0, 51.0, 15.0, 31.0]
[12.0, 12.0, 18.0, 18.0, 18.0, 18.0, 12.0, 12.0, 12.0, 12.0, 12.0]
[12.0, 12.0, 18.0, 18.0, 18.0, 18.0, 8.0, 8.0, 8.0, 8.0, 8.0]
T = 0.32768000000000014	 step = 332
117.64000000000004
17.668259943181816
[28.0, 26.0, 46.0, 47.0, 10.0, 10.0, 25.0, 27.0, 11.0, 27.0, 47.0]
[27.0, 40.0, 48.0, 17.0, 36.0, 15.0, 52.0, 5.0, 51.0, 15.0, 31.0]
[12.0, 12.0, 18.0, 18.0, 18.0, 18.0, 12.0, 12.0, 12.0, 12.0, 12.0]
[12.0, 12.0, 18.0, 18.0, 18.0, 18.0, 8.0, 8.0, 8.0, 8.0, 8.0]
T = 0.32768000000000014	 step = 333
117.94
17.481044034090907
[28.0, 26.0, 46.0, 47.0, 10.0, 10.0, 25.0, 27.0, 11.0, 27.0, 47.0]
[27.0, 40.0, 48.0, 17.0, 36.0, 16.0, 52.0, 5.0, 51.0, 15.0, 31.0]
[12.0, 12.0, 18.0, 18.0, 18.0, 18.0, 12.0, 12.0, 12.0, 12.0, 12.0]
[12.0, 12.0, 18.0, 18.0, 18.0, 18.0, 8.0, 8.0, 8.0, 8.0, 8.0]
T = 0.32768000000000014	 step = 334
117.85000000000002
17.393828125
[28.0, 26.0, 46.0, 47.0, 10.0, 10.0, 25.0, 27.0, 11.0, 27.0, 47.0]
[27.0, 40.0, 48.0, 17.0, 36.0, 16.0, 52.0, 5.0, 51.0, 14.0, 31.0]
[12.0, 12.0, 18.0, 18.0, 18.0, 18.0, 12.0, 12.0, 12.0, 12.0, 12.0]
[12.0, 12.0, 18.0, 18.0, 18.0, 18.0, 8.0, 8.0, 8.0, 8.0, 8.0]
T = 0.32768000000000014	 step = 335
117.87
17.293828124999997
[28.0, 26.0, 46.0, 47.0, 10.0, 10.0, 25.0, 27.0, 11.0, 27.0, 47.0]
[27.0, 40.0, 48.0, 17.0, 36.0, 16.0, 52.0, 5.0, 50.0, 14.0, 31.0]
[12.0, 12.0, 18.0, 18.0, 18.0, 18.0, 12.0, 12.0, 12.0, 12.0, 12.0]
[12.0, 12.0, 18.0, 18.0, 18.0, 18.0, 8.0, 8.0, 8.0, 8.0, 8.0]
T = 0.32768000000000014	 step = 336
117.57000000000005
17.508032670454543
[28.0, 26.0, 46.0, 47.0, 10.0, 10.0, 25.0, 27.0, 11.0, 27.0, 47.0]
[27.0, 41.0, 48.0, 17.0, 36.0, 16.0, 52.0, 5.0, 50.0, 14.0, 31.0]
[12.0, 12.0, 18.0, 18.0, 18.0, 18.0, 12.0, 12.0, 12.0, 12.0, 12.0]
[12.0, 12.0, 18.0, 18.0, 18.0, 18.0, 8.0, 8.0, 8.0, 8.0, 8.0]
T = 0.32768000000000014	 step = 337
117.57000000000005
17.608032670454545
[28.0, 26.0, 46.0, 47.0, 10.0, 10.0, 24.0, 27.0, 11.0, 27.0, 47.0]
[27.0, 41.0, 48.0, 17.0, 36.0, 16.0, 52.0, 5.0, 50.0, 14.0, 31.0]
[12.0, 12.0, 18.0, 18.0, 18.0, 18.0, 12.0, 12.0, 12.0, 12.0, 12.0]
[12.0, 12.0, 18.0, 18.0, 18.0, 18.0, 8.0, 8.0, 8.0, 8.0, 8.0]
T = 0.32768000000000014	 step = 338
117.56
17.704606534090907
[28.0, 26.0, 46.0, 47.0, 10.0, 10.0, 24.0, 27.0, 11.0, 27.0, 47.0]
[27.0, 41.0, 48.0, 17.0, 36.0, 16.0, 52.0, 5.0, 50.0, 14.0, 32.0]
[12.0, 12.0, 18.0, 18.0, 18.0, 18.0, 12.0, 12.0, 12.0, 12.0, 12.0]
[12.0, 12.0, 18.0, 18.0, 18.0, 18.0, 8.0, 8.0, 8.0, 8.0, 8.0]
T = 0.32768000000000014	 step = 339
117.54000000000002
17.618811079545452
[28.0, 26.0, 46.0, 47.0, 10.0, 10.0, 24.0, 27.0, 10.0, 27.0, 47.0]
[27.0, 41.0, 48.0, 17.0, 36.0, 16.0, 52.0, 5.0, 50.0, 14.0, 32.0]
[12.0, 12.0, 18.0, 18.0, 18.0, 18.0, 12.0, 12.0, 12.0, 12.0, 12.0]
[12.0, 12.0, 18.0, 18.0, 18.0, 18.0, 8.0, 8.0, 8.0, 8.0, 8.0]
T = 0.32768000000000014	 step = 340
117.85000000000002
17.40460653409091
[28.0, 26.0, 46.0, 47.0, 10.0, 10.0, 24.0, 27.0, 10.0, 27.0, 47.0]
[27.0, 40.0, 48.0, 17.0, 36.0, 16.0, 52.0, 5.0, 50.0, 14.0, 32.0]
[12.0, 12.0, 18.0, 18.0, 18.0, 18.0, 12.0, 12.0, 12.0, 12.0, 12.0]
[12.0, 12.0, 18.0, 18.0, 18.0, 18.0, 8.0, 8.0, 8.0, 8.0, 8.0]
T = 0.32768000000000014	 step = 341
118.07000000000005
17.405245738636363
[28.0, 26.0, 46.0, 47.0, 10.0, 10.0, 24.0, 27.0, 10.0, 27.0, 47.0]
[27.0, 40.0, 48.0, 18.0, 36.0, 16.0, 52.0, 5.0, 50.0, 14.0, 32.0]
[12.0, 12.0, 18.0, 18.0, 18.0, 18.0, 12.0, 12.0, 12.0, 12.0, 12.0]
[12.0, 12.0, 18.0, 18.0, 18.0, 18.0, 8.0, 8.0, 8.0, 8.0, 8.0]
T = 0.32768000000000014	 step = 342
118.07000000000005
17.305245738636362
[28.0, 26.0, 46.0, 47.0, 10.0, 10.0, 25.0, 27.0, 10.0, 27.0, 47.0]
[27.0, 40.0, 48.0, 18.0, 36.0, 16.0, 52.0, 5.0, 50.0, 14.0, 32.0]
[12.0, 12.0, 18.0, 18.0, 18.0, 18.0, 12.0, 12.0, 12.0, 12.0, 12.0]
[12.0, 12.0, 18.0, 18.0, 18.0, 18.0, 8.0, 8.0, 8.0, 8.0, 8.0]
T = 0.32768000000000014	 step = 343
118.09000000000003
17.391041193181817
[28.0, 26.0, 46.0, 47.0, 10.0, 10.0, 25.0, 27.0, 11.0, 27.0, 47.0]
[27.0, 40.0, 48.0, 18.0, 36.0, 16.0, 52.0, 5.0, 50.0, 14.0, 32.0]
[12.0, 12.0, 18.0, 18.0, 18.0, 18.0, 12.0, 12.0, 12.0, 12.0, 12.0]
[12.0, 12.0, 18.0, 18.0, 18.0, 18.0, 8.0, 8.0, 8.0, 8.0, 8.0]
T = 0.32768000000000014	 step = 344
118.06
17.333654829545452
[28.0, 26.0, 46.0, 47.0, 10.0, 10.0, 25.0, 27.0, 9.0, 27.0, 47.0]
[27.0, 40.0, 48.0, 18.0, 36.0, 16.0, 52.0, 5.0, 50.0, 14.0, 32.0]
[12.0, 12.0, 18.0, 18.0, 18.0, 18.0, 12.0, 12.0, 12.0, 12.0, 12.0]
[12.0, 12.0, 18.0, 18.0, 18.0, 18.0, 8.0, 8.0, 8.0, 8.0, 8.0]
T = 0.32768000000000014	 step = 345
118.06
17.233654829545454
[28.0, 26.0, 46.0, 47.0, 10.0, 10.0, 26.0, 27.0, 9.0, 27.0, 47.0]
[27.0, 40.0, 48.0, 18.0, 36.0, 16.0, 52.0, 5.0, 50.0, 14.0, 32.0]
[12.0, 12.0, 18.0, 18.0, 18.0, 18.0, 12.0, 12.0, 12.0, 12.0, 12.0]
[12.0, 12.0, 18.0, 18.0, 18.0, 18.0, 8.0, 8.0, 8.0, 8.0, 8.0]
T = 0.32768000000000014	 step = 346
117.79000000000002
17.406666193181817
[28.0, 26.0, 46.0, 47.0, 10.0, 10.0, 26.0, 27.0, 9.0, 27.0, 47.0]
[27.0, 40.0, 49.0, 18.0, 36.0, 16.0, 52.0, 5.0, 50.0, 14.0, 32.0]
[12.0, 12.0, 18.0, 18.0, 18.0, 18.0, 12.0, 12.0, 12.0, 12.0, 12.0]
[12.0, 12.0, 18.0, 18.0, 18.0, 18.0, 8.0, 8.0, 8.0, 8.0, 8.0]
T = 0.32768000000000014	 step = 347
118.04000000000002
17.606666193181816
[28.0, 26.0, 46.0, 47.0, 10.0, 10.0, 26.0, 27.0, 9.0, 27.0, 47.0]
[27.0, 40.0, 49.0, 18.0, 35.0, 16.0, 52.0, 5.0, 50.0, 14.0, 32.0]
[12.0, 12.0, 18.0, 18.0, 18.0, 18.0, 12.0, 12.0, 12.0, 12.0, 12.0]
[12.0, 12.0, 18.0, 18.0, 18.0, 18.0, 8.0, 8.0, 8.0, 8.0, 8.0]
T = 0.32768000000000014	 step = 348
118.04000000000002
17.606666193181816
[28.0, 26.0, 46.0, 47.0, 10.0, 10.0, 26.0, 27.0, 9.0, 27.0, 47.0]
[27.0, 40.0, 49.0, 18.0, 35.0, 16.0, 52.0, 5.0, 50.0, 14.0, 32.0]
[12.0, 12.0, 18.0, 18.0, 18.0, 18.0, 12.0, 12.0, 12.0, 12.0, 12.0]
[12.0, 12.0, 18.0, 18.0, 18.0, 18.0, 8.0, 8.0, 8.0, 8.0, 8.0]
T = 0.32768000000000014	 step = 349
118.09000000000003
17.506666193181818
[28.0, 26.0, 46.0, 47.0, 10.0, 10.0, 26.0, 27.0, 9.0, 27.0, 47.0]
[27.0, 40.0, 49.0, 18.0, 35.0, 16.0, 52.0, 5.0, 49.0, 14.0, 32.0]
[12.0, 12.0, 18.0, 18.0, 18.0, 18.0, 12.0, 12.0, 12.0, 12.0, 12.0]
[12.0, 12.0, 18.0, 18.0, 18.0, 18.0, 8.0, 8.0, 8.0, 8.0, 8.0]
T = 0.32768000000000014	 step = 350
118.10000000000002
17.406666193181817
[28.0, 26.0, 46.0, 47.0, 10.0, 10.0, 26.0, 27.0, 9.0, 26.0, 47.0]
[27.0, 40.0, 49.0, 18.0, 35.0, 16.0, 52.0, 5.0, 49.0, 14.0, 32.0]
[12.0, 12.0, 18.0, 18.0, 18.0, 18.0, 12.0, 12.0, 12.0, 12.0, 12.0]
[12.0, 12.0, 18.0, 18.0, 18.0, 18.0, 8.0, 8.0, 8.0, 8.0, 8.0]
T = 0.32768000000000014	 step = 351
118.59000000000003
17.206666193181817
[28.0, 26.0, 46.0, 46.0, 10.0, 10.0, 26.0, 27.0, 9.0, 26.0, 47.0]
[27.0, 40.0, 49.0, 18.0, 35.0, 16.0, 52.0, 5.0, 49.0, 14.0, 32.0]
[12.0, 12.0, 18.0, 18.0, 18.0, 18.0, 12.0, 12.0, 12.0, 12.0, 12.0]
[12.0, 12.0, 18.0, 18.0, 18.0, 18.0, 8.0, 8.0, 8.0, 8.0, 8.0]
T = 0.32768000000000014	 step = 352
118.59000000000003
17.30666619318182
[28.0, 26.0, 46.0, 46.0, 10.0, 10.0, 26.0, 27.0, 9.0, 27.0, 47.0]
[27.0, 40.0, 49.0, 18.0, 35.0, 16.0, 52.0, 5.0, 49.0, 14.0, 32.0]
[12.0, 12.0, 18.0, 18.0, 18.0, 18.0, 12.0, 12.0, 12.0, 12.0, 12.0]
[12.0, 12.0, 18.0, 18.0, 18.0, 18.0, 8.0, 8.0, 8.0, 8.0, 8.0]
T = 0.32768000000000014	 step = 353
118.87
17.133654829545453
[28.0, 26.0, 46.0, 46.0, 10.0, 10.0, 26.0, 27.0, 9.0, 27.0, 47.0]
[27.0, 40.0, 48.0, 18.0, 35.0, 16.0, 52.0, 5.0, 49.0, 14.0, 32.0]
[12.0, 12.0, 18.0, 18.0, 18.0, 18.0, 12.0, 12.0, 12.0, 12.0, 12.0]
[12.0, 12.0, 18.0, 18.0, 18.0, 18.0, 8.0, 8.0, 8.0, 8.0, 8.0]
T = 0.32768000000000014	 step = 354
118.58000000000004
17.320870738636362
[28.0, 26.0, 46.0, 46.0, 10.0, 10.0, 26.0, 27.0, 9.0, 27.0, 47.0]
[27.0, 40.0, 48.0, 18.0, 35.0, 15.0, 52.0, 5.0, 49.0, 14.0, 32.0]
[12.0, 12.0, 18.0, 18.0, 18.0, 18.0, 12.0, 12.0, 12.0, 12.0, 12.0]
[12.0, 12.0, 18.0, 18.0, 18.0, 18.0, 8.0, 8.0, 8.0, 8.0, 8.0]
T = 0.32768000000000014	 step = 355
118.55000000000001
17.420870738636363
[28.0, 26.0, 46.0, 46.0, 10.0, 10.0, 26.0, 27.0, 9.0, 27.0, 47.0]
[27.0, 40.0, 48.0, 18.0, 35.0, 15.0, 52.0, 5.0, 50.0, 14.0, 32.0]
[12.0, 12.0, 18.0, 18.0, 18.0, 18.0, 12.0, 12.0, 12.0, 12.0, 12.0]
[12.0, 12.0, 18.0, 18.0, 18.0, 18.0, 8.0, 8.0, 8.0, 8.0, 8.0]
T = 0.2621440000000001	 step = 356
118.23000000000002
17.608086647727273
[28.0, 26.0, 46.0, 46.0, 10.0, 10.0, 26.0, 27.0, 9.0, 27.0, 47.0]
[27.0, 40.0, 48.0, 18.0, 35.0, 14.0, 52.0, 5.0, 50.0, 14.0, 32.0]
[12.0, 12.0, 18.0, 18.0, 18.0, 18.0, 12.0, 12.0, 12.0, 12.0, 12.0]
[12.0, 12.0, 18.0, 18.0, 18.0, 18.0, 8.0, 8.0, 8.0, 8.0, 8.0]
T = 0.2621440000000001	 step = 357
118.46000000000004
17.808086647727272
[28.0, 26.0, 46.0, 46.0, 10.0, 10.0, 26.0, 27.0, 9.0, 27.0, 47.0]
[27.0, 40.0, 48.0, 18.0, 34.0, 14.0, 52.0, 5.0, 50.0, 14.0, 32.0]
[12.0, 12.0, 18.0, 18.0, 18.0, 18.0, 12.0, 12.0, 12.0, 12.0, 12.0]
[12.0, 12.0, 18.0, 18.0, 18.0, 18.0, 8.0, 8.0, 8.0, 8.0, 8.0]
T = 0.2621440000000001	 step = 358
118.47000000000003
17.70808664772727
[28.0, 26.0, 46.0, 46.0, 10.0, 10.0, 26.0, 28.0, 9.0, 27.0, 47.0]
[27.0, 40.0, 48.0, 18.0, 34.0, 14.0, 52.0, 5.0, 50.0, 14.0, 32.0]
[12.0, 12.0, 18.0, 18.0, 18.0, 18.0, 12.0, 12.0, 12.0, 12.0, 12.0]
[12.0, 12.0, 18.0, 18.0, 18.0, 18.0, 8.0, 8.0, 8.0, 8.0, 8.0]
T = 0.2621440000000001	 step = 359
118.47000000000003
17.608086647727273
[28.0, 26.0, 46.0, 46.0, 10.0, 10.0, 26.0, 29.0, 9.0, 27.0, 47.0]
[27.0, 40.0, 48.0, 18.0, 34.0, 14.0, 52.0, 5.0, 50.0, 14.0, 32.0]
[12.0, 12.0, 18.0, 18.0, 18.0, 18.0, 12.0, 12.0, 12.0, 12.0, 12.0]
[12.0, 12.0, 18.0, 18.0, 18.0, 18.0, 8.0, 8.0, 8.0, 8.0, 8.0]
T = 0.2621440000000001	 step = 360
118.47000000000003
17.50808664772727
[28.0, 26.0, 46.0, 46.0, 10.0, 10.0, 27.0, 29.0, 9.0, 27.0, 47.0]
[27.0, 40.0, 48.0, 18.0, 34.0, 14.0, 52.0, 5.0, 50.0, 14.0, 32.0]
[12.0, 12.0, 18.0, 18.0, 18.0, 18.0, 12.0, 12.0, 12.0, 12.0, 12.0]
[12.0, 12.0, 18.0, 18.0, 18.0, 18.0, 8.0, 8.0, 8.0, 8.0, 8.0]
T = 0.2621440000000001	 step = 361
118.17000000000002
17.722291193181817
[28.0, 26.0, 46.0, 46.0, 10.0, 10.0, 27.0, 29.0, 9.0, 27.0, 47.0]
[27.0, 41.0, 48.0, 18.0, 34.0, 14.0, 52.0, 5.0, 50.0, 14.0, 32.0]
[12.0, 12.0, 18.0, 18.0, 18.0, 18.0, 12.0, 12.0, 12.0, 12.0, 12.0]
[12.0, 12.0, 18.0, 18.0, 18.0, 18.0, 8.0, 8.0, 8.0, 8.0, 8.0]
T = 0.2621440000000001	 step = 362
118.17000000000002
17.622291193181816
[28.0, 26.0, 46.0, 46.0, 10.0, 10.0, 28.0, 29.0, 9.0, 27.0, 47.0]
[27.0, 41.0, 48.0, 18.0, 34.0, 14.0, 52.0, 5.0, 50.0, 14.0, 32.0]
[12.0, 12.0, 18.0, 18.0, 18.0, 18.0, 12.0, 12.0, 12.0, 12.0, 12.0]
[12.0, 12.0, 18.0, 18.0, 18.0, 18.0, 8.0, 8.0, 8.0, 8.0, 8.0]
T = 0.2621440000000001	 step = 363
118.12
17.722291193181817
[28.0, 26.0, 46.0, 46.0, 10.0, 10.0, 28.0, 29.0, 9.0, 27.0, 48.0]
[27.0, 41.0, 48.0, 18.0, 34.0, 14.0, 52.0, 5.0, 50.0, 14.0, 32.0]
[12.0, 12.0, 18.0, 18.0, 18.0, 18.0, 12.0, 12.0, 12.0, 12.0, 12.0]
[12.0, 12.0, 18.0, 18.0, 18.0, 18.0, 8.0, 8.0, 8.0, 8.0, 8.0]
T = 0.2621440000000001	 step = 364
117.88
17.522291193181818
[28.0, 26.0, 46.0, 46.0, 10.0, 10.0, 28.0, 29.0, 9.0, 27.0, 48.0]
[27.0, 41.0, 48.0, 18.0, 35.0, 14.0, 52.0, 5.0, 50.0, 14.0, 32.0]
[12.0, 12.0, 18.0, 18.0, 18.0, 18.0, 12.0, 12.0, 12.0, 12.0, 12.0]
[12.0, 12.0, 18.0, 18.0, 18.0, 18.0, 8.0, 8.0, 8.0, 8.0, 8.0]
T = 0.2621440000000001	 step = 365
117.90000000000003
17.422291193181817
[28.0, 26.0, 46.0, 46.0, 10.0, 10.0, 28.0, 29.0, 9.0, 27.0, 48.0]
[27.0, 41.0, 48.0, 18.0, 35.0, 14.0, 52.0, 5.0, 49.0, 14.0, 32.0]
[12.0, 12.0, 18.0, 18.0, 18.0, 18.0, 12.0, 12.0, 12.0, 12.0, 12.0]
[12.0, 12.0, 18.0, 18.0, 18.0, 18.0, 8.0, 8.0, 8.0, 8.0, 8.0]
T = 0.2621440000000001	 step = 366
117.89000000000004
17.522291193181818
[28.0, 26.0, 46.0, 46.0, 10.0, 10.0, 28.0, 29.0, 9.0, 27.0, 48.0]
[27.0, 41.0, 48.0, 18.0, 35.0, 14.0, 52.0, 5.0, 49.0, 14.0, 33.0]
[12.0, 12.0, 18.0, 18.0, 18.0, 18.0, 12.0, 12.0, 12.0, 12.0, 12.0]
[12.0, 12.0, 18.0, 18.0, 18.0, 18.0, 8.0, 8.0, 8.0, 8.0, 8.0]
T = 0.2621440000000001	 step = 367
117.89000000000004
17.622291193181816
[28.0, 26.0, 46.0, 46.0, 10.0, 10.0, 28.0, 28.0, 9.0, 27.0, 48.0]
[27.0, 41.0, 48.0, 18.0, 35.0, 14.0, 52.0, 5.0, 49.0, 14.0, 33.0]
[12.0, 12.0, 18.0, 18.0, 18.0, 18.0, 12.0, 12.0, 12.0, 12.0, 12.0]
[12.0, 12.0, 18.0, 18.0, 18.0, 18.0, 8.0, 8.0, 8.0, 8.0, 8.0]
T = 0.2621440000000001	 step = 368
117.91000000000003
17.593882102272726
[28.0, 26.0, 46.0, 46.0, 10.0, 10.0, 28.0, 28.0, 10.0, 27.0, 48.0]
[27.0, 41.0, 48.0, 18.0, 35.0, 14.0, 52.0, 5.0, 49.0, 14.0, 33.0]
[12.0, 12.0, 18.0, 18.0, 18.0, 18.0, 12.0, 12.0, 12.0, 12.0, 12.0]
[12.0, 12.0, 18.0, 18.0, 18.0, 18.0, 8.0, 8.0, 8.0, 8.0, 8.0]
T = 0.2621440000000001	 step = 369
117.91000000000003
17.693882102272728
[28.0, 26.0, 46.0, 46.0, 10.0, 10.0, 28.0, 27.0, 10.0, 27.0, 48.0]
[27.0, 41.0, 48.0, 18.0, 35.0, 14.0, 52.0, 5.0, 49.0, 14.0, 33.0]
[12.0, 12.0, 18.0, 18.0, 18.0, 18.0, 12.0, 12.0, 12.0, 12.0, 12.0]
[12.0, 12.0, 18.0, 18.0, 18.0, 18.0, 8.0, 8.0, 8.0, 8.0, 8.0]
T = 0.2621440000000001	 step = 370
117.90000000000003
17.793882102272725
[28.0, 26.0, 46.0, 46.0, 10.0, 10.0, 28.0, 26.0, 10.0, 27.0, 48.0]
[27.0, 41.0, 48.0, 18.0, 35.0, 14.0, 52.0, 5.0, 49.0, 14.0, 33.0]
[12.0, 12.0, 18.0, 18.0, 18.0, 18.0, 12.0, 12.0, 12.0, 12.0, 12.0]
[12.0, 12.0, 18.0, 18.0, 18.0, 18.0, 8.0, 8.0, 8.0, 8.0, 8.0]
T = 0.2621440000000001	 step = 371
117.90000000000003
17.693882102272724
[28.0, 26.0, 46.0, 46.0, 10.0, 10.0, 28.0, 26.0, 10.0, 26.0, 48.0]
[27.0, 41.0, 48.0, 18.0, 35.0, 14.0, 52.0, 5.0, 49.0, 14.0, 33.0]
[12.0, 12.0, 18.0, 18.0, 18.0, 18.0, 12.0, 12.0, 12.0, 12.0, 12.0]
[12.0, 12.0, 18.0, 18.0, 18.0, 18.0, 8.0, 8.0, 8.0, 8.0, 8.0]
T = 0.2621440000000001	 step = 372
117.66000000000003
17.893882102272723
[28.0, 26.0, 47.0, 46.0, 10.0, 10.0, 28.0, 26.0, 10.0, 26.0, 48.0]
[27.0, 41.0, 48.0, 18.0, 35.0, 14.0, 52.0, 5.0, 49.0, 14.0, 33.0]
[12.0, 12.0, 18.0, 18.0, 18.0, 18.0, 12.0, 12.0, 12.0, 12.0, 12.0]
[12.0, 12.0, 18.0, 18.0, 18.0, 18.0, 8.0, 8.0, 8.0, 8.0, 8.0]
T = 0.2621440000000001	 step = 373
117.66000000000003
17.993882102272725
[28.0, 26.0, 47.0, 46.0, 10.0, 10.0, 28.0, 26.0, 10.0, 27.0, 48.0]
[27.0, 41.0, 48.0, 18.0, 35.0, 14.0, 52.0, 5.0, 49.0, 14.0, 33.0]
[12.0, 12.0, 18.0, 18.0, 18.0, 18.0, 12.0, 12.0, 12.0, 12.0, 12.0]
[12.0, 12.0, 18.0, 18.0, 18.0, 18.0, 8.0, 8.0, 8.0, 8.0, 8.0]
T = 0.2621440000000001	 step = 374
117.70000000000005
17.983654829545454
[28.0, 27.0, 47.0, 46.0, 10.0, 10.0, 28.0, 26.0, 10.0, 27.0, 48.0]
[27.0, 41.0, 48.0, 18.0, 35.0, 14.0, 52.0, 5.0, 49.0, 14.0, 33.0]
[12.0, 12.0, 18.0, 18.0, 18.0, 18.0, 12.0, 12.0, 12.0, 12.0, 12.0]
[12.0, 12.0, 18.0, 18.0, 18.0, 18.0, 8.0, 8.0, 8.0, 8.0, 8.0]
T = 0.2621440000000001	 step = 375
117.67000000000002
17.96616477272727
[28.0, 27.0, 47.0, 46.0, 10.0, 10.0, 28.0, 26.0, 10.0, 27.0, 48.0]
[27.0, 41.0, 48.0, 18.0, 35.0, 14.0, 53.0, 5.0, 49.0, 14.0, 33.0]
[12.0, 12.0, 18.0, 18.0, 18.0, 18.0, 12.0, 12.0, 12.0, 12.0, 12.0]
[12.0, 12.0, 18.0, 18.0, 18.0, 18.0, 8.0, 8.0, 8.0, 8.0, 8.0]
T = 0.2621440000000001	 step = 376
117.95000000000005
17.76552556818182
[28.0, 27.0, 47.0, 45.0, 10.0, 10.0, 28.0, 26.0, 10.0, 27.0, 48.0]
[27.0, 41.0, 48.0, 17.0, 35.0, 14.0, 53.0, 5.0, 49.0, 14.0, 33.0]
[12.0, 12.0, 18.0, 18.0, 18.0, 18.0, 12.0, 12.0, 12.0, 12.0, 12.0]
[12.0, 12.0, 18.0, 18.0, 18.0, 18.0, 8.0, 8.0, 8.0, 8.0, 8.0]
T = 0.2621440000000001	 step = 377
118.52000000000004
17.693934659090907
[28.0, 27.0, 47.0, 45.0, 11.0, 10.0, 28.0, 26.0, 10.0, 27.0, 48.0]
[27.0, 41.0, 48.0, 17.0, 35.0, 14.0, 53.0, 5.0, 49.0, 14.0, 33.0]
[12.0, 12.0, 18.0, 18.0, 18.0, 18.0, 12.0, 12.0, 12.0, 12.0, 12.0]
[12.0, 12.0, 18.0, 18.0, 18.0, 18.0, 8.0, 8.0, 8.0, 8.0, 8.0]
T = 0.2621440000000001	 step = 378
118.30000000000001
17.794573863636362
[28.0, 27.0, 47.0, 45.0, 11.0, 10.0, 28.0, 26.0, 10.0, 27.0, 48.0]
[26.0, 41.0, 48.0, 17.0, 35.0, 14.0, 53.0, 5.0, 49.0, 14.0, 33.0]
[12.0, 12.0, 18.0, 18.0, 18.0, 18.0, 12.0, 12.0, 12.0, 12.0, 12.0]
[12.0, 12.0, 18.0, 18.0, 18.0, 18.0, 8.0, 8.0, 8.0, 8.0, 8.0]
T = 0.2621440000000001	 step = 379
118.26000000000005
17.894573863636364
[28.0, 27.0, 47.0, 45.0, 11.0, 10.0, 28.0, 26.0, 10.0, 27.0, 49.0]
[26.0, 41.0, 48.0, 17.0, 35.0, 14.0, 53.0, 5.0, 49.0, 14.0, 33.0]
[12.0, 12.0, 18.0, 18.0, 18.0, 18.0, 12.0, 12.0, 12.0, 12.0, 12.0]
[12.0, 12.0, 18.0, 18.0, 18.0, 18.0, 8.0, 8.0, 8.0, 8.0, 8.0]
T = 0.2621440000000001	 step = 380
117.95000000000005
18.09457386363636
[28.0, 27.0, 47.0, 45.0, 11.0, 10.0, 28.0, 26.0, 10.0, 27.0, 49.0]
[26.0, 41.0, 48.0, 17.0, 35.0, 13.0, 53.0, 5.0, 49.0, 14.0, 33.0]
[12.0, 12.0, 18.0, 18.0, 18.0, 18.0, 12.0, 12.0, 12.0, 12.0, 12.0]
[12.0, 12.0, 18.0, 18.0, 18.0, 18.0, 8.0, 8.0, 8.0, 8.0, 8.0]
T = 0.2621440000000001	 step = 381
117.95000000000005
17.99457386363636
[28.0, 27.0, 47.0, 45.0, 11.0, 10.0, 29.0, 26.0, 10.0, 27.0, 49.0]
[26.0, 41.0, 48.0, 17.0, 35.0, 13.0, 53.0, 5.0, 49.0, 14.0, 33.0]
[12.0, 12.0, 18.0, 18.0, 18.0, 18.0, 12.0, 12.0, 12.0, 12.0, 12.0]
[12.0, 12.0, 18.0, 18.0, 18.0, 18.0, 8.0, 8.0, 8.0, 8.0, 8.0]
T = 0.2621440000000001	 step = 382
117.63
18.19457386363636
[28.0, 27.0, 47.0, 45.0, 11.0, 10.0, 29.0, 26.0, 10.0, 27.0, 49.0]
[26.0, 41.0, 48.0, 17.0, 35.0, 12.0, 53.0, 5.0, 49.0, 14.0, 33.0]
[12.0, 12.0, 18.0, 18.0, 18.0, 18.0, 12.0, 12.0, 12.0, 12.0, 12.0]
[12.0, 12.0, 18.0, 18.0, 18.0, 18.0, 8.0, 8.0, 8.0, 8.0, 8.0]
T = 0.2621440000000001	 step = 383
117.92000000000002
18.394573863636364
[28.0, 27.0, 47.0, 45.0, 11.0, 10.0, 29.0, 26.0, 10.0, 27.0, 49.0]
[26.0, 41.0, 48.0, 17.0, 34.0, 12.0, 53.0, 5.0, 49.0, 14.0, 33.0]
[12.0, 12.0, 18.0, 18.0, 18.0, 18.0, 12.0, 12.0, 12.0, 12.0, 12.0]
[12.0, 12.0, 18.0, 18.0, 18.0, 18.0, 8.0, 8.0, 8.0, 8.0, 8.0]
T = 0.2621440000000001	 step = 384
117.89000000000004
18.45338068181818
[28.0, 27.0, 47.0, 45.0, 11.0, 10.0, 29.0, 26.0, 10.0, 27.0, 49.0]
[26.0, 41.0, 48.0, 17.0, 34.0, 12.0, 54.0, 5.0, 49.0, 14.0, 33.0]
[12.0, 12.0, 18.0, 18.0, 18.0, 18.0, 12.0, 12.0, 12.0, 12.0, 12.0]
[12.0, 12.0, 18.0, 18.0, 18.0, 18.0, 8.0, 8.0, 8.0, 8.0, 8.0]
T = 0.2621440000000001	 step = 385
117.34000000000003
18.65338068181818
[28.0, 27.0, 47.0, 46.0, 11.0, 10.0, 29.0, 26.0, 10.0, 27.0, 49.0]
[26.0, 41.0, 48.0, 17.0, 34.0, 12.0, 54.0, 5.0, 49.0, 14.0, 33.0]
[12.0, 12.0, 18.0, 18.0, 18.0, 18.0, 12.0, 12.0, 12.0, 12.0, 12.0]
[12.0, 12.0, 18.0, 18.0, 18.0, 18.0, 8.0, 8.0, 8.0, 8.0, 8.0]
T = 0.2621440000000001	 step = 386
117.34000000000003
18.55338068181818
[28.0, 27.0, 47.0, 46.0, 11.0, 10.0, 29.0, 27.0, 10.0, 27.0, 49.0]
[26.0, 41.0, 48.0, 17.0, 34.0, 12.0, 54.0, 5.0, 49.0, 14.0, 33.0]
[12.0, 12.0, 18.0, 18.0, 18.0, 18.0, 12.0, 12.0, 12.0, 12.0, 12.0]
[12.0, 12.0, 18.0, 18.0, 18.0, 18.0, 8.0, 8.0, 8.0, 8.0, 8.0]
T = 0.2621440000000001	 step = 387
117.37
18.49457386363636
[28.0, 27.0, 47.0, 46.0, 11.0, 10.0, 29.0, 27.0, 10.0, 27.0, 49.0]
[26.0, 41.0, 48.0, 17.0, 34.0, 12.0, 53.0, 5.0, 49.0, 14.0, 33.0]
[12.0, 12.0, 18.0, 18.0, 18.0, 18.0, 12.0, 12.0, 12.0, 12.0, 12.0]
[12.0, 12.0, 18.0, 18.0, 18.0, 18.0, 8.0, 8.0, 8.0, 8.0, 8.0]
T = 0.2621440000000001	 step = 388
117.64000000000004
18.475306818181817
[28.0, 27.0, 47.0, 46.0, 11.0, 10.0, 29.0, 27.0, 10.0, 27.0, 49.0]
[26.0, 41.0, 47.0, 17.0, 34.0, 12.0, 53.0, 5.0, 49.0, 14.0, 33.0]
[12.0, 12.0, 18.0, 18.0, 18.0, 18.0, 12.0, 12.0, 12.0, 12.0, 12.0]
[12.0, 12.0, 18.0, 18.0, 18.0, 18.0, 8.0, 8.0, 8.0, 8.0, 8.0]
T = 0.2621440000000001	 step = 389
117.60000000000002
18.575306818181815
[28.0, 27.0, 47.0, 46.0, 11.0, 10.0, 29.0, 27.0, 10.0, 27.0, 50.0]
[26.0, 41.0, 47.0, 17.0, 34.0, 12.0, 53.0, 5.0, 49.0, 14.0, 33.0]
[12.0, 12.0, 18.0, 18.0, 18.0, 18.0, 12.0, 12.0, 12.0, 12.0, 12.0]
[12.0, 12.0, 18.0, 18.0, 18.0, 18.0, 8.0, 8.0, 8.0, 8.0, 8.0]
T = 0.2621440000000001	 step = 390
117.36000000000001
18.775306818181814
[28.0, 27.0, 48.0, 46.0, 11.0, 10.0, 29.0, 27.0, 10.0, 27.0, 50.0]
[26.0, 41.0, 47.0, 17.0, 34.0, 12.0, 53.0, 5.0, 49.0, 14.0, 33.0]
[12.0, 12.0, 18.0, 18.0, 18.0, 18.0, 12.0, 12.0, 12.0, 12.0, 12.0]
[12.0, 12.0, 18.0, 18.0, 18.0, 18.0, 8.0, 8.0, 8.0, 8.0, 8.0]
T = 0.2621440000000001	 step = 391
117.38
18.675306818181813
[28.0, 27.0, 48.0, 46.0, 11.0, 10.0, 29.0, 27.0, 10.0, 27.0, 50.0]
[26.0, 41.0, 47.0, 17.0, 34.0, 12.0, 53.0, 5.0, 48.0, 14.0, 33.0]
[12.0, 12.0, 18.0, 18.0, 18.0, 18.0, 12.0, 12.0, 12.0, 12.0, 12.0]
[12.0, 12.0, 18.0, 18.0, 18.0, 18.0, 8.0, 8.0, 8.0, 8.0, 8.0]
T = 0.2621440000000001	 step = 392
117.69
18.475306818181817
[28.0, 27.0, 48.0, 46.0, 11.0, 10.0, 29.0, 27.0, 10.0, 27.0, 50.0]
[26.0, 41.0, 47.0, 17.0, 34.0, 13.0, 53.0, 5.0, 48.0, 14.0, 33.0]
[12.0, 12.0, 18.0, 18.0, 18.0, 18.0, 12.0, 12.0, 12.0, 12.0, 12.0]
[12.0, 12.0, 18.0, 18.0, 18.0, 18.0, 8.0, 8.0, 8.0, 8.0, 8.0]
T = 0.2621440000000001	 step = 393
117.13
18.69457386363636
[28.0, 27.0, 48.0, 46.0, 11.0, 10.0, 29.0, 27.0, 10.0, 27.0, 50.0]
[26.0, 41.0, 48.0, 17.0, 34.0, 12.0, 53.0, 5.0, 48.0, 14.0, 33.0]
[12.0, 12.0, 18.0, 18.0, 18.0, 18.0, 12.0, 12.0, 12.0, 12.0, 12.0]
[12.0, 12.0, 18.0, 18.0, 18.0, 18.0, 8.0, 8.0, 8.0, 8.0, 8.0]
T = 0.2621440000000001	 step = 394
117.13
18.794573863636362
[28.0, 27.0, 48.0, 46.0, 11.0, 10.0, 28.0, 27.0, 10.0, 27.0, 50.0]
[26.0, 41.0, 48.0, 17.0, 34.0, 12.0, 53.0, 5.0, 48.0, 14.0, 33.0]
[12.0, 12.0, 18.0, 18.0, 18.0, 18.0, 12.0, 12.0, 12.0, 12.0, 12.0]
[12.0, 12.0, 18.0, 18.0, 18.0, 18.0, 8.0, 8.0, 8.0, 8.0, 8.0]
T = 0.2621440000000001	 step = 395
117.15000000000003
18.766164772727272
[28.0, 27.0, 48.0, 46.0, 11.0, 10.0, 28.0, 27.0, 11.0, 27.0, 50.0]
[26.0, 41.0, 48.0, 17.0, 34.0, 12.0, 53.0, 5.0, 48.0, 14.0, 33.0]
[12.0, 12.0, 18.0, 18.0, 18.0, 18.0, 12.0, 12.0, 12.0, 12.0, 12.0]
[12.0, 12.0, 18.0, 18.0, 18.0, 18.0, 8.0, 8.0, 8.0, 8.0, 8.0]
T = 0.2621440000000001	 step = 396
117.16000000000003
18.66616477272727
[28.0, 27.0, 48.0, 46.0, 11.0, 10.0, 28.0, 27.0, 11.0, 27.0, 50.0]
[26.0, 41.0, 48.0, 17.0, 34.0, 12.0, 53.0, 5.0, 48.0, 14.0, 32.0]
[12.0, 12.0, 18.0, 18.0, 18.0, 18.0, 12.0, 12.0, 12.0, 12.0, 12.0]
[12.0, 12.0, 18.0, 18.0, 18.0, 18.0, 8.0, 8.0, 8.0, 8.0, 8.0]
T = 0.2621440000000001	 step = 397
117.16000000000003
18.766164772727272
[28.0, 27.0, 48.0, 46.0, 11.0, 10.0, 27.0, 27.0, 11.0, 27.0, 50.0]
[26.0, 41.0, 48.0, 17.0, 34.0, 12.0, 53.0, 5.0, 48.0, 14.0, 32.0]
[12.0, 12.0, 18.0, 18.0, 18.0, 18.0, 12.0, 12.0, 12.0, 12.0, 12.0]
[12.0, 12.0, 18.0, 18.0, 18.0, 18.0, 8.0, 8.0, 8.0, 8.0, 8.0]
T = 0.2621440000000001	 step = 398
117.47000000000003
18.56616477272727
[28.0, 27.0, 48.0, 46.0, 11.0, 10.0, 27.0, 27.0, 11.0, 27.0, 50.0]
[26.0, 41.0, 48.0, 17.0, 34.0, 13.0, 53.0, 5.0, 48.0, 14.0, 32.0]
[12.0, 12.0, 18.0, 18.0, 18.0, 18.0, 12.0, 12.0, 12.0, 12.0, 12.0]
[12.0, 12.0, 18.0, 18.0, 18.0, 18.0, 8.0, 8.0, 8.0, 8.0, 8.0]
T = 0.2621440000000001	 step = 399
117.47000000000003
18.66616477272727
[28.0, 27.0, 48.0, 46.0, 11.0, 10.0, 26.0, 27.0, 11.0, 27.0, 50.0]
[26.0, 41.0, 48.0, 17.0, 34.0, 13.0, 53.0, 5.0, 48.0, 14.0, 32.0]
[12.0, 12.0, 18.0, 18.0, 18.0, 18.0, 12.0, 12.0, 12.0, 12.0, 12.0]
[12.0, 12.0, 18.0, 18.0, 18.0, 18.0, 8.0, 8.0, 8.0, 8.0, 8.0]
T = 0.2621440000000001	 step = 400
117.5
18.683654829545453
[28.0, 27.0, 48.0, 46.0, 11.0, 10.0, 26.0, 27.0, 11.0, 27.0, 50.0]
[26.0, 41.0, 48.0, 17.0, 34.0, 13.0, 52.0, 5.0, 48.0, 14.0, 32.0]
[12.0, 12.0, 18.0, 18.0, 18.0, 18.0, 12.0, 12.0, 12.0, 12.0, 12.0]
[12.0, 12.0, 18.0, 18.0, 18.0, 18.0, 8.0, 8.0, 8.0, 8.0, 8.0]
T = 0.2621440000000001	 step = 401
117.5
18.783654829545455
[28.0, 27.0, 48.0, 46.0, 11.0, 10.0, 25.0, 27.0, 11.0, 27.0, 50.0]
[26.0, 41.0, 48.0, 17.0, 34.0, 13.0, 52.0, 5.0, 48.0, 14.0, 32.0]
[12.0, 12.0, 18.0, 18.0, 18.0, 18.0, 12.0, 12.0, 12.0, 12.0, 12.0]
[12.0, 12.0, 18.0, 18.0, 18.0, 18.0, 8.0, 8.0, 8.0, 8.0, 8.0]
T = 0.2621440000000001	 step = 402
117.5
18.683654829545453
[28.0, 27.0, 48.0, 46.0, 11.0, 10.0, 25.0, 28.0, 11.0, 27.0, 50.0]
[26.0, 41.0, 48.0, 17.0, 34.0, 13.0, 52.0, 5.0, 48.0, 14.0, 32.0]
[12.0, 12.0, 18.0, 18.0, 18.0, 18.0, 12.0, 12.0, 12.0, 12.0, 12.0]
[12.0, 12.0, 18.0, 18.0, 18.0, 18.0, 8.0, 8.0, 8.0, 8.0, 8.0]
T = 0.2621440000000001	 step = 403
118.05000000000001
18.483654829545454
[28.0, 27.0, 48.0, 45.0, 11.0, 10.0, 25.0, 28.0, 11.0, 27.0, 50.0]
[26.0, 41.0, 48.0, 17.0, 34.0, 13.0, 52.0, 5.0, 48.0, 14.0, 32.0]
[12.0, 12.0, 18.0, 18.0, 18.0, 18.0, 12.0, 12.0, 12.0, 12.0, 12.0]
[12.0, 12.0, 18.0, 18.0, 18.0, 18.0, 8.0, 8.0, 8.0, 8.0, 8.0]
T = 0.2621440000000001	 step = 404
118.07000000000005
18.383654829545453
[28.0, 27.0, 48.0, 45.0, 11.0, 10.0, 25.0, 29.0, 11.0, 27.0, 50.0]
[26.0, 41.0, 48.0, 17.0, 34.0, 13.0, 52.0, 5.0, 48.0, 14.0, 32.0]
[12.0, 12.0, 18.0, 18.0, 18.0, 18.0, 12.0, 12.0, 12.0, 12.0, 12.0]
[12.0, 12.0, 18.0, 18.0, 18.0, 18.0, 8.0, 8.0, 8.0, 8.0, 8.0]
T = 0.2621440000000001	 step = 405
118.05000000000001
18.48365482954545
[28.0, 27.0, 48.0, 45.0, 11.0, 10.0, 25.0, 29.0, 11.0, 27.0, 50.0]
[26.0, 41.0, 48.0, 17.0, 34.0, 13.0, 52.0, 5.0, 49.0, 14.0, 32.0]
[12.0, 12.0, 18.0, 18.0, 18.0, 18.0, 12.0, 12.0, 12.0, 12.0, 12.0]
[12.0, 12.0, 18.0, 18.0, 18.0, 18.0, 8.0, 8.0, 8.0, 8.0, 8.0]
T = 0.2621440000000001	 step = 406
118.49000000000001
18.283654829545455
[28.0, 27.0, 48.0, 45.0, 11.0, 11.0, 25.0, 29.0, 11.0, 27.0, 50.0]
[26.0, 41.0, 48.0, 17.0, 34.0, 13.0, 52.0, 5.0, 49.0, 14.0, 32.0]
[12.0, 12.0, 18.0, 18.0, 18.0, 18.0, 12.0, 12.0, 12.0, 12.0, 12.0]
[12.0, 12.0, 18.0, 18.0, 18.0, 18.0, 8.0, 8.0, 8.0, 8.0, 8.0]
T = 0.2621440000000001	 step = 407
118.80000000000001
18.06945028409091
[28.0, 27.0, 48.0, 45.0, 11.0, 11.0, 25.0, 29.0, 11.0, 27.0, 50.0]
[26.0, 40.0, 48.0, 17.0, 34.0, 13.0, 52.0, 5.0, 49.0, 14.0, 32.0]
[12.0, 12.0, 18.0, 18.0, 18.0, 18.0, 12.0, 12.0, 12.0, 12.0, 12.0]
[12.0, 12.0, 18.0, 18.0, 18.0, 18.0, 8.0, 8.0, 8.0, 8.0, 8.0]
T = 0.2621440000000001	 step = 408
118.52000000000004
18.06881107954545
[28.0, 27.0, 48.0, 45.0, 11.0, 11.0, 25.0, 29.0, 11.0, 27.0, 50.0]
[26.0, 40.0, 48.0, 16.0, 34.0, 13.0, 52.0, 5.0, 49.0, 14.0, 32.0]
[12.0, 12.0, 18.0, 18.0, 18.0, 18.0, 12.0, 12.0, 12.0, 12.0, 12.0]
[12.0, 12.0, 18.0, 18.0, 18.0, 18.0, 8.0, 8.0, 8.0, 8.0, 8.0]
T = 0.2621440000000001	 step = 409
118.46000000000004
17.710127840909088
[28.0, 27.0, 48.0, 45.0, 11.0, 11.0, 29.0, 29.0, 11.0, 27.0, 50.0]
[26.0, 40.0, 48.0, 16.0, 34.0, 13.0, 54.0, 5.0, 49.0, 14.0, 32.0]
[12.0, 12.0, 18.0, 18.0, 18.0, 18.0, 12.0, 12.0, 12.0, 12.0, 12.0]
[12.0, 12.0, 18.0, 18.0, 18.0, 18.0, 8.0, 8.0, 8.0, 8.0, 8.0]
T = 0.2621440000000001	 step = 410
118.44
17.81012784090909
[28.0, 27.0, 48.0, 45.0, 11.0, 11.0, 29.0, 28.0, 11.0, 27.0, 50.0]
[26.0, 40.0, 48.0, 16.0, 34.0, 13.0, 54.0, 5.0, 49.0, 14.0, 32.0]
[12.0, 12.0, 18.0, 18.0, 18.0, 18.0, 12.0, 12.0, 12.0, 12.0, 12.0]
[12.0, 12.0, 18.0, 18.0, 18.0, 18.0, 8.0, 8.0, 8.0, 8.0, 8.0]
T = 0.2621440000000001	 step = 411
118.77000000000004
17.610127840909087
[28.0, 27.0, 48.0, 45.0, 11.0, 11.0, 29.0, 28.0, 11.0, 27.0, 50.0]
[26.0, 40.0, 48.0, 16.0, 34.0, 14.0, 54.0, 5.0, 49.0, 14.0, 32.0]
[12.0, 12.0, 18.0, 18.0, 18.0, 18.0, 12.0, 12.0, 12.0, 12.0, 12.0]
[12.0, 12.0, 18.0, 18.0, 18.0, 18.0, 8.0, 8.0, 8.0, 8.0, 8.0]
T = 0.2621440000000001	 step = 412
118.76000000000005
17.710127840909088
[28.0, 27.0, 48.0, 45.0, 11.0, 11.0, 29.0, 28.0, 11.0, 27.0, 50.0]
[26.0, 40.0, 48.0, 16.0, 34.0, 14.0, 54.0, 5.0, 49.0, 14.0, 33.0]
[12.0, 12.0, 18.0, 18.0, 18.0, 18.0, 12.0, 12.0, 12.0, 12.0, 12.0]
[12.0, 12.0, 18.0, 18.0, 18.0, 18.0, 8.0, 8.0, 8.0, 8.0, 8.0]
T = 0.2621440000000001	 step = 413
117.74000000000001
18.31012784090909
[28.0, 27.0, 48.0, 45.0, 11.0, 11.0, 29.0, 28.0, 11.0, 27.0, 50.0]
[26.0, 40.0, 48.0, 16.0, 34.0, 11.0, 54.0, 5.0, 49.0, 14.0, 33.0]
[12.0, 12.0, 18.0, 18.0, 18.0, 18.0, 12.0, 12.0, 12.0, 12.0, 12.0]
[12.0, 12.0, 18.0, 18.0, 18.0, 18.0, 8.0, 8.0, 8.0, 8.0, 8.0]
T = 0.2621440000000001	 step = 414
117.73000000000002
18.41012784090909
[28.0, 27.0, 48.0, 45.0, 11.0, 11.0, 29.0, 28.0, 11.0, 27.0, 50.0]
[26.0, 40.0, 48.0, 16.0, 34.0, 11.0, 54.0, 5.0, 49.0, 14.0, 34.0]
[12.0, 12.0, 18.0, 18.0, 18.0, 18.0, 12.0, 12.0, 12.0, 12.0, 12.0]
[12.0, 12.0, 18.0, 18.0, 18.0, 18.0, 8.0, 8.0, 8.0, 8.0, 8.0]
T = 0.2097152000000001	 step = 415
114.99000000000001
19.10381392045454
[28.0, 27.0, 48.0, 48.0, 11.0, 11.0, 29.0, 28.0, 11.0, 27.0, 50.0]
[26.0, 40.0, 48.0, 10.0, 34.0, 11.0, 54.0, 5.0, 49.0, 14.0, 34.0]
[12.0, 12.0, 18.0, 18.0, 18.0, 18.0, 12.0, 12.0, 12.0, 12.0, 12.0]
[12.0, 12.0, 18.0, 18.0, 18.0, 18.0, 8.0, 8.0, 8.0, 8.0, 8.0]
T = 0.2097152000000001	 step = 416
114.16000000000003
19.289609374999998
[28.0, 27.0, 48.0, 48.0, 10.0, 11.0, 29.0, 28.0, 11.0, 27.0, 50.0]
[26.0, 40.0, 48.0, 10.0, 34.0, 11.0, 54.0, 5.0, 49.0, 14.0, 34.0]
[12.0, 12.0, 18.0, 18.0, 18.0, 18.0, 12.0, 12.0, 12.0, 12.0, 12.0]
[12.0, 12.0, 18.0, 18.0, 18.0, 18.0, 8.0, 8.0, 8.0, 8.0, 8.0]
T = 0.2097152000000001	 step = 417
113.94
19.489609374999997
[28.0, 27.0, 49.0, 48.0, 10.0, 11.0, 29.0, 28.0, 11.0, 27.0, 50.0]
[26.0, 40.0, 48.0, 10.0, 34.0, 11.0, 54.0, 5.0, 49.0, 14.0, 34.0]
[12.0, 12.0, 18.0, 18.0, 18.0, 18.0, 12.0, 12.0, 12.0, 12.0, 12.0]
[12.0, 12.0, 18.0, 18.0, 18.0, 18.0, 8.0, 8.0, 8.0, 8.0, 8.0]
T = 0.2097152000000001	 step = 418
113.81
19.592166193181814
[28.0, 27.0, 49.0, 48.0, 10.0, 11.0, 29.0, 28.0, 11.0, 27.0, 50.0]
[25.0, 40.0, 48.0, 10.0, 34.0, 11.0, 54.0, 5.0, 49.0, 14.0, 34.0]
[12.0, 12.0, 18.0, 18.0, 18.0, 18.0, 12.0, 12.0, 12.0, 12.0, 12.0]
[12.0, 12.0, 18.0, 18.0, 18.0, 18.0, 8.0, 8.0, 8.0, 8.0, 8.0]
T = 0.2097152000000001	 step = 419
114.02000000000004
19.392166193181815
[28.0, 27.0, 48.0, 48.0, 10.0, 11.0, 29.0, 28.0, 11.0, 27.0, 50.0]
[25.0, 40.0, 48.0, 10.0, 34.0, 11.0, 54.0, 5.0, 49.0, 14.0, 34.0]
[12.0, 12.0, 18.0, 18.0, 18.0, 18.0, 12.0, 12.0, 12.0, 12.0, 12.0]
[12.0, 12.0, 18.0, 18.0, 18.0, 18.0, 8.0, 8.0, 8.0, 8.0, 8.0]
T = 0.2097152000000001	 step = 420
113.74000000000001
19.287666193181817
[28.0, 27.0, 48.0, 48.0, 10.0, 11.0, 29.0, 28.0, 11.0, 27.0, 50.0]
[25.0, 40.0, 48.0, 10.0, 35.0, 11.0, 54.0, 5.0, 49.0, 14.0, 34.0]
[12.0, 12.0, 18.0, 18.0, 18.0, 18.0, 12.0, 12.0, 12.0, 12.0, 12.0]
[12.0, 12.0, 18.0, 18.0, 18.0, 18.0, 8.0, 8.0, 8.0, 8.0, 8.0]
T = 0.2097152000000001	 step = 421
113.77000000000004
19.228859375
[28.0, 27.0, 48.0, 48.0, 10.0, 11.0, 29.0, 28.0, 11.0, 27.0, 50.0]
[25.0, 40.0, 48.0, 10.0, 35.0, 11.0, 53.0, 5.0, 49.0, 14.0, 34.0]
[12.0, 12.0, 18.0, 18.0, 18.0, 18.0, 12.0, 12.0, 12.0, 12.0, 12.0]
[12.0, 12.0, 18.0, 18.0, 18.0, 18.0, 8.0, 8.0, 8.0, 8.0, 8.0]
T = 0.2097152000000001	 step = 422
113.77000000000004
19.328859374999997
[28.0, 27.0, 48.0, 48.0, 10.0, 11.0, 29.0, 28.0, 11.0, 28.0, 50.0]
[25.0, 40.0, 48.0, 10.0, 35.0, 11.0, 53.0, 5.0, 49.0, 14.0, 34.0]
[12.0, 12.0, 18.0, 18.0, 18.0, 18.0, 12.0, 12.0, 12.0, 12.0, 12.0]
[12.0, 12.0, 18.0, 18.0, 18.0, 18.0, 8.0, 8.0, 8.0, 8.0, 8.0]
T = 0.2097152000000001	 step = 423
113.93
19.13080255681818
[28.0, 27.0, 48.0, 48.0, 10.0, 11.0, 29.0, 28.0, 11.0, 28.0, 50.0]
[26.0, 40.0, 48.0, 10.0, 35.0, 11.0, 53.0, 5.0, 49.0, 14.0, 34.0]
[12.0, 12.0, 18.0, 18.0, 18.0, 18.0, 12.0, 12.0, 12.0, 12.0, 12.0]
[12.0, 12.0, 18.0, 18.0, 18.0, 18.0, 8.0, 8.0, 8.0, 8.0, 8.0]
T = 0.2097152000000001	 step = 424
113.91000000000003
19.23080255681818
[28.0, 27.0, 48.0, 48.0, 10.0, 11.0, 29.0, 28.0, 11.0, 28.0, 50.0]
[26.0, 40.0, 48.0, 10.0, 35.0, 11.0, 53.0, 5.0, 50.0, 14.0, 34.0]
[12.0, 12.0, 18.0, 18.0, 18.0, 18.0, 12.0, 12.0, 12.0, 12.0, 12.0]
[12.0, 12.0, 18.0, 18.0, 18.0, 18.0, 8.0, 8.0, 8.0, 8.0, 8.0]
T = 0.2097152000000001	 step = 425
113.93
19.206370738636366
[28.0, 28.0, 48.0, 48.0, 10.0, 11.0, 29.0, 28.0, 11.0, 28.0, 50.0]
[26.0, 40.0, 48.0, 10.0, 35.0, 11.0, 53.0, 5.0, 50.0, 14.0, 34.0]
[12.0, 12.0, 18.0, 18.0, 18.0, 18.0, 12.0, 12.0, 12.0, 12.0, 12.0]
[12.0, 12.0, 18.0, 18.0, 18.0, 18.0, 8.0, 8.0, 8.0, 8.0, 8.0]
T = 0.2097152000000001	 step = 426
113.93
19.106370738636365
[28.0, 28.0, 48.0, 48.0, 10.0, 11.0, 29.0, 29.0, 11.0, 28.0, 50.0]
[26.0, 40.0, 48.0, 10.0, 35.0, 11.0, 53.0, 5.0, 50.0, 14.0, 34.0]
[12.0, 12.0, 18.0, 18.0, 18.0, 18.0, 12.0, 12.0, 12.0, 12.0, 12.0]
[12.0, 12.0, 18.0, 18.0, 18.0, 18.0, 8.0, 8.0, 8.0, 8.0, 8.0]
T = 0.2097152000000001	 step = 427
113.66000000000003
19.001870738636363
[28.0, 28.0, 48.0, 48.0, 10.0, 11.0, 29.0, 29.0, 11.0, 28.0, 50.0]
[26.0, 40.0, 48.0, 10.0, 36.0, 11.0, 53.0, 5.0, 50.0, 14.0, 34.0]
[12.0, 12.0, 18.0, 18.0, 18.0, 18.0, 12.0, 12.0, 12.0, 12.0, 12.0]
[12.0, 12.0, 18.0, 18.0, 18.0, 18.0, 8.0, 8.0, 8.0, 8.0, 8.0]
T = 0.2097152000000001	 step = 428
113.65000000000003
19.10187073863636
[28.0, 28.0, 48.0, 48.0, 10.0, 11.0, 29.0, 28.0, 11.0, 28.0, 50.0]
[26.0, 40.0, 48.0, 10.0, 36.0, 11.0, 53.0, 5.0, 50.0, 14.0, 34.0]
[12.0, 12.0, 18.0, 18.0, 18.0, 18.0, 12.0, 12.0, 12.0, 12.0, 12.0]
[12.0, 12.0, 18.0, 18.0, 18.0, 18.0, 8.0, 8.0, 8.0, 8.0, 8.0]
T = 0.2097152000000001	 step = 429
113.42000000000002
19.205156249999998
[28.0, 28.0, 48.0, 48.0, 10.0, 11.0, 29.0, 28.0, 11.0, 28.0, 50.0]
[26.0, 40.0, 49.0, 10.0, 36.0, 11.0, 53.0, 5.0, 50.0, 14.0, 34.0]
[12.0, 12.0, 18.0, 18.0, 18.0, 18.0, 12.0, 12.0, 12.0, 12.0, 12.0]
[12.0, 12.0, 18.0, 18.0, 18.0, 18.0, 8.0, 8.0, 8.0, 8.0, 8.0]
T = 0.2097152000000001	 step = 430
113.38
19.30515625
[28.0, 28.0, 48.0, 48.0, 10.0, 11.0, 29.0, 28.0, 11.0, 28.0, 51.0]
[26.0, 40.0, 49.0, 10.0, 36.0, 11.0, 53.0, 5.0, 50.0, 14.0, 34.0]
[12.0, 12.0, 18.0, 18.0, 18.0, 18.0, 12.0, 12.0, 12.0, 12.0, 12.0]
[12.0, 12.0, 18.0, 18.0, 18.0, 18.0, 8.0, 8.0, 8.0, 8.0, 8.0]
T = 0.2097152000000001	 step = 431
113.09000000000003
19.229588068181815
[29.0, 28.0, 48.0, 48.0, 10.0, 11.0, 29.0, 28.0, 11.0, 28.0, 51.0]
[26.0, 40.0, 49.0, 10.0, 36.0, 11.0, 53.0, 5.0, 50.0, 14.0, 34.0]
[12.0, 12.0, 18.0, 18.0, 18.0, 18.0, 12.0, 12.0, 12.0, 12.0, 12.0]
[12.0, 12.0, 18.0, 18.0, 18.0, 18.0, 8.0, 8.0, 8.0, 8.0, 8.0]
T = 0.2097152000000001	 step = 432
113.34000000000003
19.126302556818178
[29.0, 28.0, 48.0, 48.0, 10.0, 11.0, 29.0, 28.0, 11.0, 28.0, 51.0]
[26.0, 40.0, 48.0, 10.0, 36.0, 11.0, 53.0, 5.0, 50.0, 14.0, 34.0]
[12.0, 12.0, 18.0, 18.0, 18.0, 18.0, 12.0, 12.0, 12.0, 12.0, 12.0]
[12.0, 12.0, 18.0, 18.0, 18.0, 18.0, 8.0, 8.0, 8.0, 8.0, 8.0]
T = 0.2097152000000001	 step = 433
113.68
18.887666193181815
[29.0, 29.0, 48.0, 48.0, 10.0, 11.0, 29.0, 28.0, 11.0, 28.0, 51.0]
[26.0, 39.0, 48.0, 10.0, 36.0, 11.0, 53.0, 5.0, 50.0, 14.0, 34.0]
[12.0, 12.0, 18.0, 18.0, 18.0, 18.0, 12.0, 12.0, 12.0, 12.0, 12.0]
[12.0, 12.0, 18.0, 18.0, 18.0, 18.0, 8.0, 8.0, 8.0, 8.0, 8.0]
T = 0.2097152000000001	 step = 434
113.92000000000002
18.992166193181816
[29.0, 29.0, 48.0, 48.0, 10.0, 11.0, 29.0, 28.0, 11.0, 28.0, 51.0]
[26.0, 39.0, 48.0, 10.0, 35.0, 11.0, 53.0, 5.0, 50.0, 14.0, 34.0]
[12.0, 12.0, 18.0, 18.0, 18.0, 18.0, 12.0, 12.0, 12.0, 12.0, 12.0]
[12.0, 12.0, 18.0, 18.0, 18.0, 18.0, 8.0, 8.0, 8.0, 8.0, 8.0]
T = 0.2097152000000001	 step = 435
113.90000000000003
19.092166193181814
[29.0, 30.0, 48.0, 48.0, 10.0, 11.0, 29.0, 28.0, 11.0, 28.0, 51.0]
[26.0, 39.0, 48.0, 10.0, 35.0, 11.0, 53.0, 5.0, 50.0, 14.0, 34.0]
[12.0, 12.0, 18.0, 18.0, 18.0, 18.0, 12.0, 12.0, 12.0, 12.0, 12.0]
[12.0, 12.0, 18.0, 18.0, 18.0, 18.0, 8.0, 8.0, 8.0, 8.0, 8.0]
T = 0.2097152000000001	 step = 436
113.90000000000003
18.992166193181816
[29.0, 30.0, 48.0, 48.0, 10.0, 11.0, 29.0, 29.0, 11.0, 28.0, 51.0]
[26.0, 39.0, 48.0, 10.0, 35.0, 11.0, 53.0, 5.0, 50.0, 14.0, 34.0]
[12.0, 12.0, 18.0, 18.0, 18.0, 18.0, 12.0, 12.0, 12.0, 12.0, 12.0]
[12.0, 12.0, 18.0, 18.0, 18.0, 18.0, 8.0, 8.0, 8.0, 8.0, 8.0]
T = 0.2097152000000001	 step = 437
113.87
19.050973011363634
[29.0, 30.0, 48.0, 48.0, 10.0, 11.0, 29.0, 29.0, 11.0, 28.0, 51.0]
[26.0, 39.0, 48.0, 10.0, 35.0, 11.0, 54.0, 5.0, 50.0, 14.0, 34.0]
[12.0, 12.0, 18.0, 18.0, 18.0, 18.0, 12.0, 12.0, 12.0, 12.0, 12.0]
[12.0, 12.0, 18.0, 18.0, 18.0, 18.0, 8.0, 8.0, 8.0, 8.0, 8.0]
T = 0.2097152000000001	 step = 438
113.81
18.85097301136364
[30.0, 30.0, 48.0, 48.0, 10.0, 11.0, 29.0, 29.0, 11.0, 28.0, 51.0]
[26.0, 39.0, 48.0, 10.0, 35.0, 11.0, 54.0, 5.0, 50.0, 14.0, 34.0]
[12.0, 12.0, 18.0, 18.0, 18.0, 18.0, 12.0, 12.0, 12.0, 12.0, 12.0]
[12.0, 12.0, 18.0, 18.0, 18.0, 18.0, 8.0, 8.0, 8.0, 8.0, 8.0]
T = 0.2097152000000001	 step = 439
113.81
18.750973011363637
[30.0, 30.0, 48.0, 48.0, 10.0, 11.0, 30.0, 29.0, 11.0, 28.0, 51.0]
[26.0, 39.0, 48.0, 10.0, 35.0, 11.0, 54.0, 5.0, 50.0, 14.0, 34.0]
[12.0, 12.0, 18.0, 18.0, 18.0, 18.0, 12.0, 12.0, 12.0, 12.0, 12.0]
[12.0, 12.0, 18.0, 18.0, 18.0, 18.0, 8.0, 8.0, 8.0, 8.0, 8.0]
T = 0.2097152000000001	 step = 440
113.81
18.77540482954545
[30.0, 29.0, 48.0, 48.0, 10.0, 11.0, 30.0, 29.0, 11.0, 28.0, 51.0]
[26.0, 39.0, 48.0, 10.0, 35.0, 11.0, 54.0, 5.0, 50.0, 14.0, 34.0]
[12.0, 12.0, 18.0, 18.0, 18.0, 18.0, 12.0, 12.0, 12.0, 12.0, 12.0]
[12.0, 12.0, 18.0, 18.0, 18.0, 18.0, 8.0, 8.0, 8.0, 8.0, 8.0]
T = 0.2097152000000001	 step = 441
113.80000000000001
18.67540482954545
[30.0, 29.0, 48.0, 48.0, 10.0, 11.0, 30.0, 29.0, 11.0, 27.0, 51.0]
[26.0, 39.0, 48.0, 10.0, 35.0, 11.0, 54.0, 5.0, 50.0, 14.0, 34.0]
[12.0, 12.0, 18.0, 18.0, 18.0, 18.0, 12.0, 12.0, 12.0, 12.0, 12.0]
[12.0, 12.0, 18.0, 18.0, 18.0, 18.0, 8.0, 8.0, 8.0, 8.0, 8.0]
T = 0.2097152000000001	 step = 442
113.86000000000001
19.034088068181816
[30.0, 29.0, 48.0, 48.0, 10.0, 11.0, 26.0, 29.0, 11.0, 27.0, 51.0]
[26.0, 39.0, 48.0, 10.0, 35.0, 11.0, 52.0, 5.0, 50.0, 14.0, 34.0]
[12.0, 12.0, 18.0, 18.0, 18.0, 18.0, 12.0, 12.0, 12.0, 12.0, 12.0]
[12.0, 12.0, 18.0, 18.0, 18.0, 18.0, 8.0, 8.0, 8.0, 8.0, 8.0]
T = 0.2097152000000001	 step = 443
113.86000000000001
18.934088068181815
[30.0, 29.0, 48.0, 48.0, 10.0, 11.0, 26.0, 30.0, 11.0, 27.0, 51.0]
[26.0, 39.0, 48.0, 10.0, 35.0, 11.0, 52.0, 5.0, 50.0, 14.0, 34.0]
[12.0, 12.0, 18.0, 18.0, 18.0, 18.0, 12.0, 12.0, 12.0, 12.0, 12.0]
[12.0, 12.0, 18.0, 18.0, 18.0, 18.0, 8.0, 8.0, 8.0, 8.0, 8.0]
T = 0.2097152000000001	 step = 444
113.40000000000003
19.14829261363636
[30.0, 29.0, 48.0, 48.0, 10.0, 11.0, 26.0, 30.0, 11.0, 27.0, 51.0]
[26.0, 40.0, 48.0, 10.0, 35.0, 11.0, 52.0, 5.0, 50.0, 14.0, 34.0]
[12.0, 12.0, 18.0, 18.0, 18.0, 18.0, 12.0, 12.0, 12.0, 12.0, 12.0]
[12.0, 12.0, 18.0, 18.0, 18.0, 18.0, 8.0, 8.0, 8.0, 8.0, 8.0]
T = 0.2097152000000001	 step = 445
113.41000000000003
19.248292613636362
[30.0, 29.0, 48.0, 48.0, 10.0, 11.0, 26.0, 30.0, 11.0, 28.0, 51.0]
[26.0, 40.0, 48.0, 10.0, 35.0, 11.0, 52.0, 5.0, 50.0, 14.0, 34.0]
[12.0, 12.0, 18.0, 18.0, 18.0, 18.0, 12.0, 12.0, 12.0, 12.0, 12.0]
[12.0, 12.0, 18.0, 18.0, 18.0, 18.0, 8.0, 8.0, 8.0, 8.0, 8.0]
T = 0.2097152000000001	 step = 446
112.98000000000002
19.462497159090905
[30.0, 29.0, 48.0, 48.0, 10.0, 11.0, 26.0, 30.0, 11.0, 28.0, 51.0]
[26.0, 41.0, 48.0, 10.0, 35.0, 11.0, 52.0, 5.0, 50.0, 14.0, 34.0]
[12.0, 12.0, 18.0, 18.0, 18.0, 18.0, 12.0, 12.0, 12.0, 12.0, 12.0]
[12.0, 12.0, 18.0, 18.0, 18.0, 18.0, 8.0, 8.0, 8.0, 8.0, 8.0]
T = 0.2097152000000001	 step = 447
113.53000000000003
19.56988352272727
[30.0, 29.0, 48.0, 49.0, 10.0, 11.0, 26.0, 30.0, 11.0, 28.0, 51.0]
[26.0, 41.0, 48.0, 13.0, 35.0, 11.0, 52.0, 5.0, 50.0, 14.0, 34.0]
[12.0, 12.0, 18.0, 18.0, 18.0, 18.0, 12.0, 12.0, 12.0, 12.0, 12.0]
[12.0, 12.0, 18.0, 18.0, 18.0, 18.0, 8.0, 8.0, 8.0, 8.0, 8.0]
T = 0.2097152000000001	 step = 448
113.28000000000003
19.262497159090906
[30.0, 29.0, 48.0, 48.0, 10.0, 12.0, 26.0, 30.0, 11.0, 28.0, 51.0]
[26.0, 41.0, 48.0, 10.0, 35.0, 11.0, 52.0, 5.0, 50.0, 14.0, 34.0]
[12.0, 12.0, 18.0, 18.0, 18.0, 18.0, 12.0, 12.0, 12.0, 12.0, 12.0]
[12.0, 12.0, 18.0, 18.0, 18.0, 18.0, 8.0, 8.0, 8.0, 8.0, 8.0]
T = 0.2097152000000001	 step = 449
113.32000000000005
19.162497159090908
[30.0, 29.0, 48.0, 48.0, 10.0, 12.0, 26.0, 30.0, 11.0, 28.0, 50.0]
[26.0, 41.0, 48.0, 10.0, 35.0, 11.0, 52.0, 5.0, 50.0, 14.0, 34.0]
[12.0, 12.0, 18.0, 18.0, 18.0, 18.0, 12.0, 12.0, 12.0, 12.0, 12.0]
[12.0, 12.0, 18.0, 18.0, 18.0, 18.0, 8.0, 8.0, 8.0, 8.0, 8.0]
T = 0.2097152000000001	 step = 450
113.64000000000004
18.962497159090905
[30.0, 29.0, 48.0, 48.0, 10.0, 12.0, 26.0, 30.0, 11.0, 28.0, 50.0]
[26.0, 41.0, 48.0, 10.0, 35.0, 12.0, 52.0, 5.0, 50.0, 14.0, 34.0]
[12.0, 12.0, 18.0, 18.0, 18.0, 18.0, 12.0, 12.0, 12.0, 12.0, 12.0]
[12.0, 12.0, 18.0, 18.0, 18.0, 18.0, 8.0, 8.0, 8.0, 8.0, 8.0]
T = 0.2097152000000001	 step = 451
113.93
18.762497159090906
[30.0, 29.0, 47.0, 48.0, 10.0, 12.0, 26.0, 30.0, 11.0, 28.0, 50.0]
[26.0, 41.0, 48.0, 10.0, 35.0, 12.0, 52.0, 5.0, 50.0, 14.0, 34.0]
[12.0, 12.0, 18.0, 18.0, 18.0, 18.0, 12.0, 12.0, 12.0, 12.0, 12.0]
[12.0, 12.0, 18.0, 18.0, 18.0, 18.0, 8.0, 8.0, 8.0, 8.0, 8.0]
T = 0.2097152000000001	 step = 452
113.66000000000003
18.962497159090905
[30.0, 29.0, 47.0, 49.0, 10.0, 12.0, 26.0, 30.0, 11.0, 28.0, 50.0]
[26.0, 41.0, 48.0, 10.0, 35.0, 12.0, 52.0, 5.0, 50.0, 14.0, 34.0]
[12.0, 12.0, 18.0, 18.0, 18.0, 18.0, 12.0, 12.0, 12.0, 12.0, 12.0]
[12.0, 12.0, 18.0, 18.0, 18.0, 18.0, 8.0, 8.0, 8.0, 8.0, 8.0]
T = 0.2097152000000001	 step = 453
113.35000000000002
19.162497159090908
[30.0, 29.0, 47.0, 49.0, 10.0, 12.0, 26.0, 30.0, 11.0, 28.0, 50.0]
[26.0, 41.0, 48.0, 10.0, 35.0, 11.0, 52.0, 5.0, 50.0, 14.0, 34.0]
[12.0, 12.0, 18.0, 18.0, 18.0, 18.0, 12.0, 12.0, 12.0, 12.0, 12.0]
[12.0, 12.0, 18.0, 18.0, 18.0, 18.0, 8.0, 8.0, 8.0, 8.0, 8.0]
T = 0.2097152000000001	 step = 454
112.93
19.360553977272726
[30.0, 29.0, 47.0, 49.0, 10.0, 12.0, 26.0, 30.0, 11.0, 28.0, 50.0]
[25.0, 41.0, 48.0, 10.0, 35.0, 11.0, 52.0, 5.0, 50.0, 14.0, 34.0]
[12.0, 12.0, 18.0, 18.0, 18.0, 18.0, 12.0, 12.0, 12.0, 12.0, 12.0]
[12.0, 12.0, 18.0, 18.0, 18.0, 18.0, 8.0, 8.0, 8.0, 8.0, 8.0]
T = 0.2097152000000001	 step = 455
113.31
19.160553977272727
[30.0, 29.0, 47.0, 48.0, 10.0, 12.0, 26.0, 30.0, 11.0, 28.0, 50.0]
[25.0, 41.0, 48.0, 10.0, 35.0, 11.0, 52.0, 5.0, 50.0, 14.0, 34.0]
[12.0, 12.0, 18.0, 18.0, 18.0, 18.0, 12.0, 12.0, 12.0, 12.0, 12.0]
[12.0, 12.0, 18.0, 18.0, 18.0, 18.0, 8.0, 8.0, 8.0, 8.0, 8.0]
T = 0.2097152000000001	 step = 456
113.23000000000002
19.160553977272727
[30.0, 29.0, 47.0, 49.0, 10.0, 12.0, 26.0, 30.0, 11.0, 28.0, 50.0]
[25.0, 41.0, 48.0, 10.0, 35.0, 12.0, 52.0, 5.0, 50.0, 14.0, 34.0]
[12.0, 12.0, 18.0, 18.0, 18.0, 18.0, 12.0, 12.0, 12.0, 12.0, 12.0]
[12.0, 12.0, 18.0, 18.0, 18.0, 18.0, 8.0, 8.0, 8.0, 8.0, 8.0]
T = 0.2097152000000001	 step = 457
112.64000000000004
19.560553977272725
[30.0, 29.0, 47.0, 49.0, 10.0, 12.0, 26.0, 30.0, 11.0, 28.0, 50.0]
[25.0, 41.0, 48.0, 10.0, 35.0, 10.0, 52.0, 5.0, 50.0, 14.0, 34.0]
[12.0, 12.0, 18.0, 18.0, 18.0, 18.0, 12.0, 12.0, 12.0, 12.0, 12.0]
[12.0, 12.0, 18.0, 18.0, 18.0, 18.0, 8.0, 8.0, 8.0, 8.0, 8.0]
T = 0.2097152000000001	 step = 458
114.59000000000003
19.26431107954545
[30.0, 29.0, 47.0, 48.0, 10.0, 12.0, 26.0, 30.0, 11.0, 28.0, 50.0]
[25.0, 41.0, 48.0, 15.0, 35.0, 10.0, 52.0, 5.0, 50.0, 14.0, 34.0]
[12.0, 12.0, 18.0, 18.0, 18.0, 18.0, 12.0, 12.0, 12.0, 12.0, 12.0]
[12.0, 12.0, 18.0, 18.0, 18.0, 18.0, 8.0, 8.0, 8.0, 8.0, 8.0]
T = 0.2097152000000001	 step = 459
112.63
19.660553977272727
[30.0, 29.0, 47.0, 49.0, 10.0, 12.0, 26.0, 29.0, 11.0, 28.0, 50.0]
[25.0, 41.0, 48.0, 10.0, 35.0, 10.0, 52.0, 5.0, 50.0, 14.0, 34.0]
[12.0, 12.0, 18.0, 18.0, 18.0, 18.0, 12.0, 12.0, 12.0, 12.0, 12.0]
[12.0, 12.0, 18.0, 18.0, 18.0, 18.0, 8.0, 8.0, 8.0, 8.0, 8.0]
T = 0.2097152000000001	 step = 460
112.43
19.860553977272726
[30.0, 29.0, 48.0, 49.0, 10.0, 12.0, 26.0, 29.0, 11.0, 28.0, 50.0]
[25.0, 41.0, 48.0, 10.0, 35.0, 10.0, 52.0, 5.0, 50.0, 14.0, 34.0]
[12.0, 12.0, 18.0, 18.0, 18.0, 18.0, 12.0, 12.0, 12.0, 12.0, 12.0]
[12.0, 12.0, 18.0, 18.0, 18.0, 18.0, 8.0, 8.0, 8.0, 8.0, 8.0]
T = 0.2097152000000001	 step = 461
112.39000000000004
19.960553977272724
[30.0, 29.0, 48.0, 49.0, 10.0, 12.0, 26.0, 29.0, 11.0, 28.0, 51.0]
[25.0, 41.0, 48.0, 10.0, 35.0, 10.0, 52.0, 5.0, 50.0, 14.0, 34.0]
[12.0, 12.0, 18.0, 18.0, 18.0, 18.0, 12.0, 12.0, 12.0, 12.0, 12.0]
[12.0, 12.0, 18.0, 18.0, 18.0, 18.0, 8.0, 8.0, 8.0, 8.0, 8.0]
T = 0.2097152000000001	 step = 462
112.68
19.760553977272725
[30.0, 29.0, 48.0, 49.0, 10.0, 12.0, 26.0, 29.0, 11.0, 28.0, 51.0]
[25.0, 41.0, 48.0, 10.0, 35.0, 11.0, 52.0, 5.0, 50.0, 14.0, 34.0]
[12.0, 12.0, 18.0, 18.0, 18.0, 18.0, 12.0, 12.0, 12.0, 12.0, 12.0]
[12.0, 12.0, 18.0, 18.0, 18.0, 18.0, 8.0, 8.0, 8.0, 8.0, 8.0]
T = 0.2097152000000001	 step = 463
112.70000000000005
19.660553977272727
[30.0, 29.0, 48.0, 49.0, 10.0, 12.0, 26.0, 29.0, 11.0, 28.0, 51.0]
[25.0, 41.0, 48.0, 10.0, 35.0, 11.0, 52.0, 5.0, 50.0, 14.0, 33.0]
[12.0, 12.0, 18.0, 18.0, 18.0, 18.0, 12.0, 12.0, 12.0, 12.0, 12.0]
[12.0, 12.0, 18.0, 18.0, 18.0, 18.0, 8.0, 8.0, 8.0, 8.0, 8.0]
T = 0.2097152000000001	 step = 464
112.71000000000004
19.760553977272725
[30.0, 29.0, 48.0, 49.0, 10.0, 12.0, 26.0, 29.0, 11.0, 29.0, 51.0]
[25.0, 41.0, 48.0, 10.0, 35.0, 11.0, 52.0, 5.0, 50.0, 14.0, 33.0]
[12.0, 12.0, 18.0, 18.0, 18.0, 18.0, 12.0, 12.0, 12.0, 12.0, 12.0]
[12.0, 12.0, 18.0, 18.0, 18.0, 18.0, 8.0, 8.0, 8.0, 8.0, 8.0]
T = 0.2097152000000001	 step = 465
112.80000000000001
19.326546875
[30.0, 29.0, 48.0, 49.0, 10.0, 12.0, 26.0, 29.0, 11.0, 29.0, 50.0]
[25.0, 41.0, 48.0, 10.0, 35.0, 11.0, 52.0, 5.0, 50.0, 14.0, 29.0]
[12.0, 12.0, 18.0, 18.0, 18.0, 18.0, 12.0, 12.0, 12.0, 12.0, 8.0]
[12.0, 12.0, 18.0, 18.0, 18.0, 18.0, 8.0, 8.0, 8.0, 8.0, 12.0]
T = 0.2097152000000001	 step = 466
112.60000000000002
19.526546874999994
[30.0, 29.0, 49.0, 49.0, 10.0, 12.0, 26.0, 29.0, 11.0, 29.0, 50.0]
[25.0, 41.0, 48.0, 10.0, 35.0, 11.0, 52.0, 5.0, 50.0, 14.0, 29.0]
[12.0, 12.0, 18.0, 18.0, 18.0, 18.0, 12.0, 12.0, 12.0, 12.0, 8.0]
[12.0, 12.0, 18.0, 18.0, 18.0, 18.0, 8.0, 8.0, 8.0, 8.0, 12.0]
T = 0.2097152000000001	 step = 467
112.65000000000003
19.426546874999993
[30.0, 29.0, 49.0, 49.0, 10.0, 12.0, 26.0, 29.0, 11.0, 29.0, 49.0]
[25.0, 41.0, 48.0, 10.0, 35.0, 11.0, 52.0, 5.0, 50.0, 14.0, 29.0]
[12.0, 12.0, 18.0, 18.0, 18.0, 18.0, 12.0, 12.0, 12.0, 12.0, 8.0]
[12.0, 12.0, 18.0, 18.0, 18.0, 18.0, 8.0, 8.0, 8.0, 8.0, 12.0]
T = 0.2097152000000001	 step = 468
112.64000000000004
19.526546874999994
[30.0, 29.0, 49.0, 49.0, 10.0, 12.0, 26.0, 28.0, 11.0, 29.0, 49.0]
[25.0, 41.0, 48.0, 10.0, 35.0, 11.0, 52.0, 5.0, 50.0, 14.0, 29.0]
[12.0, 12.0, 18.0, 18.0, 18.0, 18.0, 12.0, 12.0, 12.0, 12.0, 8.0]
[12.0, 12.0, 18.0, 18.0, 18.0, 18.0, 8.0, 8.0, 8.0, 8.0, 12.0]
T = 0.2097152000000001	 step = 469
112.65000000000003
19.426546874999993
[30.0, 29.0, 49.0, 49.0, 10.0, 12.0, 26.0, 29.0, 11.0, 29.0, 49.0]
[25.0, 41.0, 48.0, 10.0, 35.0, 11.0, 52.0, 5.0, 50.0, 14.0, 29.0]
[12.0, 12.0, 18.0, 18.0, 18.0, 18.0, 12.0, 12.0, 12.0, 12.0, 8.0]
[12.0, 12.0, 18.0, 18.0, 18.0, 18.0, 8.0, 8.0, 8.0, 8.0, 12.0]
T = 0.2097152000000001	 step = 470
112.63
19.526546874999994
[30.0, 29.0, 49.0, 49.0, 10.0, 12.0, 26.0, 29.0, 11.0, 29.0, 49.0]
[25.0, 41.0, 48.0, 10.0, 35.0, 11.0, 52.0, 5.0, 51.0, 14.0, 29.0]
[12.0, 12.0, 18.0, 18.0, 18.0, 18.0, 12.0, 12.0, 12.0, 12.0, 8.0]
[12.0, 12.0, 18.0, 18.0, 18.0, 18.0, 8.0, 8.0, 8.0, 8.0, 12.0]
T = 0.2097152000000001	 step = 471
114.44
19.81116051136363
[26.0, 29.0, 49.0, 49.0, 10.0, 12.0, 26.0, 29.0, 11.0, 29.0, 49.0]
[28.0, 41.0, 48.0, 10.0, 35.0, 11.0, 52.0, 5.0, 51.0, 14.0, 29.0]
[12.0, 12.0, 18.0, 18.0, 18.0, 18.0, 12.0, 12.0, 12.0, 12.0, 8.0]
[12.0, 12.0, 18.0, 18.0, 18.0, 18.0, 8.0, 8.0, 8.0, 8.0, 12.0]
T = 0.2097152000000001	 step = 472
114.42000000000002
19.911160511363633
[26.0, 29.0, 49.0, 49.0, 10.0, 12.0, 26.0, 29.0, 11.0, 30.0, 49.0]
[28.0, 41.0, 48.0, 10.0, 35.0, 11.0, 52.0, 5.0, 51.0, 14.0, 29.0]
[12.0, 12.0, 18.0, 18.0, 18.0, 18.0, 12.0, 12.0, 12.0, 12.0, 8.0]
[12.0, 12.0, 18.0, 18.0, 18.0, 18.0, 8.0, 8.0, 8.0, 8.0, 12.0]
T = 0.2097152000000001	 step = 473
114.63
19.81206818181818
[26.0, 29.0, 49.0, 49.0, 10.0, 12.0, 26.0, 29.0, 11.0, 30.0, 49.0]
[28.0, 41.0, 47.0, 10.0, 35.0, 11.0, 52.0, 5.0, 51.0, 14.0, 29.0]
[12.0, 12.0, 18.0, 18.0, 18.0, 18.0, 12.0, 12.0, 12.0, 12.0, 8.0]
[12.0, 12.0, 18.0, 18.0, 18.0, 18.0, 8.0, 8.0, 8.0, 8.0, 12.0]
T = 0.1677721600000001	 step = 474
114.34000000000003
19.61206818181818
[27.0, 29.0, 49.0, 49.0, 10.0, 12.0, 26.0, 29.0, 11.0, 30.0, 49.0]
[28.0, 41.0, 47.0, 10.0, 35.0, 11.0, 52.0, 5.0, 51.0, 14.0, 29.0]
[12.0, 12.0, 18.0, 18.0, 18.0, 18.0, 12.0, 12.0, 12.0, 12.0, 8.0]
[12.0, 12.0, 18.0, 18.0, 18.0, 18.0, 8.0, 8.0, 8.0, 8.0, 12.0]
T = 0.1677721600000001	 step = 475
114.06
19.412068181818178
[28.0, 29.0, 49.0, 49.0, 10.0, 12.0, 26.0, 29.0, 11.0, 30.0, 49.0]
[28.0, 41.0, 47.0, 10.0, 35.0, 11.0, 52.0, 5.0, 51.0, 14.0, 29.0]
[12.0, 12.0, 18.0, 18.0, 18.0, 18.0, 12.0, 12.0, 12.0, 12.0, 8.0]
[12.0, 12.0, 18.0, 18.0, 18.0, 18.0, 8.0, 8.0, 8.0, 8.0, 12.0]
T = 0.1677721600000001	 step = 476
114.03000000000003
19.470874999999996
[28.0, 29.0, 49.0, 49.0, 10.0, 12.0, 26.0, 29.0, 11.0, 30.0, 49.0]
[28.0, 41.0, 47.0, 10.0, 35.0, 11.0, 53.0, 5.0, 51.0, 14.0, 29.0]
[12.0, 12.0, 18.0, 18.0, 18.0, 18.0, 12.0, 12.0, 12.0, 12.0, 8.0]
[12.0, 12.0, 18.0, 18.0, 18.0, 18.0, 8.0, 8.0, 8.0, 8.0, 12.0]
T = 0.1677721600000001	 step = 477
113.99000000000001
19.570874999999994
[28.0, 30.0, 49.0, 49.0, 10.0, 12.0, 26.0, 29.0, 11.0, 30.0, 49.0]
[28.0, 41.0, 47.0, 10.0, 35.0, 11.0, 53.0, 5.0, 51.0, 14.0, 29.0]
[12.0, 12.0, 18.0, 18.0, 18.0, 18.0, 12.0, 12.0, 12.0, 12.0, 8.0]
[12.0, 12.0, 18.0, 18.0, 18.0, 18.0, 8.0, 8.0, 8.0, 8.0, 12.0]
T = 0.1677721600000001	 step = 478
113.87
19.656386363636358
[28.0, 30.0, 49.0, 49.0, 10.0, 12.0, 26.0, 29.0, 11.0, 30.0, 49.0]
[27.0, 41.0, 47.0, 10.0, 35.0, 11.0, 53.0, 5.0, 51.0, 14.0, 29.0]
[12.0, 12.0, 18.0, 18.0, 18.0, 18.0, 12.0, 12.0, 12.0, 12.0, 8.0]
[12.0, 12.0, 18.0, 18.0, 18.0, 18.0, 8.0, 8.0, 8.0, 8.0, 12.0]
T = 0.1677721600000001	 step = 479
114.11000000000001
19.856386363636357
[28.0, 30.0, 49.0, 49.0, 10.0, 12.0, 26.0, 29.0, 11.0, 30.0, 49.0]
[27.0, 41.0, 47.0, 10.0, 34.0, 11.0, 53.0, 5.0, 51.0, 14.0, 29.0]
[12.0, 12.0, 18.0, 18.0, 18.0, 18.0, 12.0, 12.0, 12.0, 12.0, 8.0]
[12.0, 12.0, 18.0, 18.0, 18.0, 18.0, 8.0, 8.0, 8.0, 8.0, 12.0]
T = 0.1677721600000001	 step = 480
113.75
20.05638636363636
[28.0, 30.0, 49.0, 49.0, 10.0, 12.0, 26.0, 29.0, 11.0, 30.0, 49.0]
[27.0, 41.0, 47.0, 10.0, 34.0, 10.0, 53.0, 5.0, 51.0, 14.0, 29.0]
[12.0, 12.0, 18.0, 18.0, 18.0, 18.0, 12.0, 12.0, 12.0, 12.0, 8.0]
[12.0, 12.0, 18.0, 18.0, 18.0, 18.0, 8.0, 8.0, 8.0, 8.0, 12.0]
T = 0.1677721600000001	 step = 481
113.83000000000004
20.156386363636358
[28.0, 30.0, 49.0, 49.0, 10.0, 12.0, 26.0, 29.0, 11.0, 30.0, 49.0]
[27.0, 41.0, 47.0, 10.0, 34.0, 10.0, 53.0, 5.0, 51.0, 15.0, 29.0]
[12.0, 12.0, 18.0, 18.0, 18.0, 18.0, 12.0, 12.0, 12.0, 12.0, 8.0]
[12.0, 12.0, 18.0, 18.0, 18.0, 18.0, 8.0, 8.0, 8.0, 8.0, 12.0]
T = 0.1677721600000001	 step = 482
113.84000000000003
20.242181818181813
[28.0, 30.0, 49.0, 49.0, 10.0, 12.0, 26.0, 29.0, 12.0, 30.0, 49.0]
[27.0, 41.0, 47.0, 10.0, 34.0, 10.0, 53.0, 5.0, 51.0, 15.0, 29.0]
[12.0, 12.0, 18.0, 18.0, 18.0, 18.0, 12.0, 12.0, 12.0, 12.0, 8.0]
[12.0, 12.0, 18.0, 18.0, 18.0, 18.0, 8.0, 8.0, 8.0, 8.0, 12.0]
T = 0.1677721600000001	 step = 483
114.09000000000003
20.042181818181813
[28.0, 30.0, 48.0, 49.0, 10.0, 12.0, 26.0, 29.0, 12.0, 30.0, 49.0]
[27.0, 41.0, 47.0, 10.0, 34.0, 10.0, 53.0, 5.0, 51.0, 15.0, 29.0]
[12.0, 12.0, 18.0, 18.0, 18.0, 18.0, 12.0, 12.0, 12.0, 12.0, 8.0]
[12.0, 12.0, 18.0, 18.0, 18.0, 18.0, 8.0, 8.0, 8.0, 8.0, 12.0]
T = 0.1677721600000001	 step = 484
114.02000000000004
20.142181818181815
[28.0, 31.0, 48.0, 49.0, 10.0, 12.0, 26.0, 29.0, 12.0, 30.0, 49.0]
[27.0, 41.0, 47.0, 10.0, 34.0, 10.0, 53.0, 5.0, 51.0, 15.0, 29.0]
[12.0, 12.0, 18.0, 18.0, 18.0, 18.0, 12.0, 12.0, 12.0, 12.0, 8.0]
[12.0, 12.0, 18.0, 18.0, 18.0, 18.0, 8.0, 8.0, 8.0, 8.0, 12.0]
T = 0.1677721600000001	 step = 485
114.28000000000003
19.942181818181812
[28.0, 31.0, 47.0, 49.0, 10.0, 12.0, 26.0, 29.0, 12.0, 30.0, 49.0]
[27.0, 41.0, 47.0, 10.0, 34.0, 10.0, 53.0, 5.0, 51.0, 15.0, 29.0]
[12.0, 12.0, 18.0, 18.0, 18.0, 18.0, 12.0, 12.0, 12.0, 12.0, 8.0]
[12.0, 12.0, 18.0, 18.0, 18.0, 18.0, 8.0, 8.0, 8.0, 8.0, 12.0]
T = 0.1677721600000001	 step = 486
114.25
20.042181818181813
[28.0, 31.0, 47.0, 49.0, 10.0, 12.0, 26.0, 29.0, 12.0, 31.0, 49.0]
[27.0, 41.0, 47.0, 10.0, 34.0, 10.0, 53.0, 5.0, 51.0, 15.0, 29.0]
[12.0, 12.0, 18.0, 18.0, 18.0, 18.0, 12.0, 12.0, 12.0, 12.0, 8.0]
[12.0, 12.0, 18.0, 18.0, 18.0, 18.0, 8.0, 8.0, 8.0, 8.0, 12.0]
T = 0.1677721600000001	 step = 487
114.86000000000001
19.856386363636357
[28.0, 31.0, 47.0, 49.0, 11.0, 12.0, 26.0, 29.0, 12.0, 31.0, 49.0]
[27.0, 41.0, 47.0, 10.0, 34.0, 10.0, 53.0, 5.0, 51.0, 15.0, 29.0]
[12.0, 12.0, 18.0, 18.0, 18.0, 18.0, 12.0, 12.0, 12.0, 12.0, 8.0]
[12.0, 12.0, 18.0, 18.0, 18.0, 18.0, 8.0, 8.0, 8.0, 8.0, 12.0]
T = 0.1677721600000001	 step = 488
114.88
19.942181818181812
[28.0, 31.0, 47.0, 49.0, 11.0, 12.0, 26.0, 29.0, 13.0, 31.0, 49.0]
[27.0, 41.0, 47.0, 10.0, 34.0, 10.0, 53.0, 5.0, 51.0, 15.0, 29.0]
[12.0, 12.0, 18.0, 18.0, 18.0, 18.0, 12.0, 12.0, 12.0, 12.0, 8.0]
[12.0, 12.0, 18.0, 18.0, 18.0, 18.0, 8.0, 8.0, 8.0, 8.0, 12.0]
T = 0.1677721600000001	 step = 489
114.86000000000001
19.856386363636357
[28.0, 31.0, 47.0, 49.0, 11.0, 12.0, 26.0, 29.0, 12.0, 31.0, 49.0]
[27.0, 41.0, 47.0, 10.0, 34.0, 10.0, 53.0, 5.0, 51.0, 15.0, 29.0]
[12.0, 12.0, 18.0, 18.0, 18.0, 18.0, 12.0, 12.0, 12.0, 12.0, 8.0]
[12.0, 12.0, 18.0, 18.0, 18.0, 18.0, 8.0, 8.0, 8.0, 8.0, 12.0]
T = 0.1677721600000001	 step = 490
113.41000000000003
19.267017045454544
[33.0, 31.0, 47.0, 49.0, 11.0, 12.0, 26.0, 29.0, 12.0, 31.0, 49.0]
[26.0, 41.0, 47.0, 10.0, 34.0, 10.0, 53.0, 5.0, 51.0, 15.0, 29.0]
[12.0, 12.0, 18.0, 18.0, 18.0, 18.0, 12.0, 12.0, 12.0, 12.0, 8.0]
[12.0, 12.0, 18.0, 18.0, 18.0, 18.0, 8.0, 8.0, 8.0, 8.0, 12.0]
T = 0.1677721600000001	 step = 491
113.68
19.067017045454545
[33.0, 31.0, 47.0, 49.0, 11.0, 13.0, 26.0, 29.0, 12.0, 31.0, 49.0]
[26.0, 41.0, 47.0, 10.0, 34.0, 10.0, 53.0, 5.0, 51.0, 15.0, 29.0]
[12.0, 12.0, 18.0, 18.0, 18.0, 18.0, 12.0, 12.0, 12.0, 12.0, 8.0]
[12.0, 12.0, 18.0, 18.0, 18.0, 18.0, 8.0, 8.0, 8.0, 8.0, 12.0]
T = 0.1677721600000001	 step = 492
113.68
18.967017045454543
[33.0, 31.0, 47.0, 49.0, 11.0, 13.0, 26.0, 30.0, 12.0, 31.0, 49.0]
[26.0, 41.0, 47.0, 10.0, 34.0, 10.0, 53.0, 5.0, 51.0, 15.0, 29.0]
[12.0, 12.0, 18.0, 18.0, 18.0, 18.0, 12.0, 12.0, 12.0, 12.0, 8.0]
[12.0, 12.0, 18.0, 18.0, 18.0, 18.0, 8.0, 8.0, 8.0, 8.0, 12.0]
T = 0.1677721600000001	 step = 493
113.37
18.98628409090909
[33.0, 31.0, 47.0, 49.0, 11.0, 13.0, 26.0, 30.0, 12.0, 31.0, 49.0]
[26.0, 41.0, 48.0, 10.0, 34.0, 10.0, 53.0, 5.0, 51.0, 15.0, 29.0]
[12.0, 12.0, 18.0, 18.0, 18.0, 18.0, 12.0, 12.0, 12.0, 12.0, 8.0]
[12.0, 12.0, 18.0, 18.0, 18.0, 18.0, 8.0, 8.0, 8.0, 8.0, 12.0]
T = 0.1677721600000001	 step = 494
113.40000000000003
19.00377414772727
[33.0, 31.0, 47.0, 49.0, 11.0, 13.0, 26.0, 30.0, 12.0, 31.0, 49.0]
[26.0, 41.0, 48.0, 10.0, 34.0, 10.0, 52.0, 5.0, 51.0, 15.0, 29.0]
[12.0, 12.0, 18.0, 18.0, 18.0, 18.0, 12.0, 12.0, 12.0, 12.0, 8.0]
[12.0, 12.0, 18.0, 18.0, 18.0, 18.0, 8.0, 8.0, 8.0, 8.0, 12.0]
T = 0.1677721600000001	 step = 495
113.43
18.90377414772727
[33.0, 31.0, 47.0, 49.0, 11.0, 13.0, 26.0, 30.0, 12.0, 31.0, 49.0]
[26.0, 41.0, 48.0, 10.0, 34.0, 10.0, 52.0, 5.0, 50.0, 15.0, 29.0]
[12.0, 12.0, 18.0, 18.0, 18.0, 18.0, 12.0, 12.0, 12.0, 12.0, 8.0]
[12.0, 12.0, 18.0, 18.0, 18.0, 18.0, 8.0, 8.0, 8.0, 8.0, 12.0]
T = 0.1677721600000001	 step = 496
113.15000000000003
19.10377414772727
[33.0, 31.0, 48.0, 49.0, 11.0, 13.0, 26.0, 30.0, 12.0, 31.0, 49.0]
[26.0, 41.0, 48.0, 10.0, 34.0, 10.0, 52.0, 5.0, 50.0, 15.0, 29.0]
[12.0, 12.0, 18.0, 18.0, 18.0, 18.0, 12.0, 12.0, 12.0, 12.0, 8.0]
[12.0, 12.0, 18.0, 18.0, 18.0, 18.0, 8.0, 8.0, 8.0, 8.0, 12.0]
T = 0.1677721600000001	 step = 497
113.46000000000004
18.90377414772727
[33.0, 31.0, 48.0, 49.0, 11.0, 13.0, 26.0, 30.0, 12.0, 31.0, 49.0]
[26.0, 41.0, 48.0, 10.0, 34.0, 11.0, 52.0, 5.0, 50.0, 15.0, 29.0]
[12.0, 12.0, 18.0, 18.0, 18.0, 18.0, 12.0, 12.0, 12.0, 12.0, 8.0]
[12.0, 12.0, 18.0, 18.0, 18.0, 18.0, 8.0, 8.0, 8.0, 8.0, 12.0]
T = 0.1677721600000001	 step = 498
113.19
19.103774147727275
[33.0, 31.0, 49.0, 49.0, 11.0, 13.0, 26.0, 30.0, 12.0, 31.0, 49.0]
[26.0, 41.0, 48.0, 10.0, 34.0, 11.0, 52.0, 5.0, 50.0, 15.0, 29.0]
[12.0, 12.0, 18.0, 18.0, 18.0, 18.0, 12.0, 12.0, 12.0, 12.0, 8.0]
[12.0, 12.0, 18.0, 18.0, 18.0, 18.0, 8.0, 8.0, 8.0, 8.0, 12.0]
T = 0.1677721600000001	 step = 499
113.13
19.203774147727273
[33.0, 31.0, 49.0, 49.0, 11.0, 13.0, 26.0, 30.0, 12.0, 31.0, 50.0]
[26.0, 41.0, 48.0, 10.0, 34.0, 11.0, 52.0, 5.0, 50.0, 15.0, 29.0]
[12.0, 12.0, 18.0, 18.0, 18.0, 18.0, 12.0, 12.0, 12.0, 12.0, 8.0]
[12.0, 12.0, 18.0, 18.0, 18.0, 18.0, 8.0, 8.0, 8.0, 8.0, 12.0]
T = 0.1677721600000001	 step = 500
112.97000000000003
19.003774147727274
[33.0, 31.0, 49.0, 49.0, 11.0, 13.0, 26.0, 30.0, 12.0, 31.0, 50.0]
[26.0, 41.0, 48.0, 10.0, 35.0, 11.0, 52.0, 5.0, 50.0, 15.0, 29.0]
[12.0, 12.0, 18.0, 18.0, 18.0, 18.0, 12.0, 12.0, 12.0, 12.0, 8.0]
[12.0, 12.0, 18.0, 18.0, 18.0, 18.0, 8.0, 8.0, 8.0, 8.0, 12.0]
T = 0.1677721600000001	 step = 501
113.13
19.203774147727273
[33.0, 31.0, 49.0, 49.0, 11.0, 13.0, 26.0, 30.0, 12.0, 31.0, 50.0]
[26.0, 41.0, 48.0, 10.0, 34.0, 11.0, 52.0, 5.0, 50.0, 15.0, 29.0]
[12.0, 12.0, 18.0, 18.0, 18.0, 18.0, 12.0, 12.0, 12.0, 12.0, 8.0]
[12.0, 12.0, 18.0, 18.0, 18.0, 18.0, 8.0, 8.0, 8.0, 8.0, 12.0]
T = 0.1677721600000001	 step = 502
113.08000000000004
19.303774147727275
[33.0, 31.0, 49.0, 49.0, 11.0, 13.0, 26.0, 30.0, 12.0, 31.0, 51.0]
[26.0, 41.0, 48.0, 10.0, 34.0, 11.0, 52.0, 5.0, 50.0, 15.0, 29.0]
[12.0, 12.0, 18.0, 18.0, 18.0, 18.0, 12.0, 12.0, 12.0, 12.0, 8.0]
[12.0, 12.0, 18.0, 18.0, 18.0, 18.0, 8.0, 8.0, 8.0, 8.0, 12.0]
T = 0.1677721600000001	 step = 503
113.02000000000004
19.20377414772727
[33.0, 31.0, 49.0, 49.0, 11.0, 13.0, 26.0, 30.0, 12.0, 31.0, 51.0]
[26.0, 41.0, 48.0, 10.0, 34.0, 11.0, 52.0, 5.0, 50.0, 14.0, 29.0]
[12.0, 12.0, 18.0, 18.0, 18.0, 18.0, 12.0, 12.0, 12.0, 12.0, 8.0]
[12.0, 12.0, 18.0, 18.0, 18.0, 18.0, 8.0, 8.0, 8.0, 8.0, 12.0]
T = 0.1677721600000001	 step = 504
112.73000000000002
19.40377414772727
[33.0, 31.0, 49.0, 49.0, 11.0, 13.0, 26.0, 30.0, 12.0, 31.0, 51.0]
[26.0, 41.0, 48.0, 10.0, 34.0, 10.0, 52.0, 5.0, 50.0, 14.0, 29.0]
[12.0, 12.0, 18.0, 18.0, 18.0, 18.0, 12.0, 12.0, 12.0, 12.0, 8.0]
[12.0, 12.0, 18.0, 18.0, 18.0, 18.0, 8.0, 8.0, 8.0, 8.0, 12.0]
T = 0.1677721600000001	 step = 505
112.72000000000003
19.50377414772727
[33.0, 31.0, 49.0, 49.0, 11.0, 13.0, 25.0, 30.0, 12.0, 31.0, 51.0]
[26.0, 41.0, 48.0, 10.0, 34.0, 10.0, 52.0, 5.0, 50.0, 14.0, 29.0]
[12.0, 12.0, 18.0, 18.0, 18.0, 18.0, 12.0, 12.0, 12.0, 12.0, 8.0]
[12.0, 12.0, 18.0, 18.0, 18.0, 18.0, 8.0, 8.0, 8.0, 8.0, 12.0]
T = 0.1677721600000001	 step = 506
112.77000000000004
19.40377414772727
[33.0, 31.0, 49.0, 49.0, 11.0, 13.0, 25.0, 30.0, 12.0, 31.0, 50.0]
[26.0, 41.0, 48.0, 10.0, 34.0, 10.0, 52.0, 5.0, 50.0, 14.0, 29.0]
[12.0, 12.0, 18.0, 18.0, 18.0, 18.0, 12.0, 12.0, 12.0, 12.0, 8.0]
[12.0, 12.0, 18.0, 18.0, 18.0, 18.0, 8.0, 8.0, 8.0, 8.0, 12.0]
T = 0.1677721600000001	 step = 507
112.57000000000005
19.364569602272727
[34.0, 31.0, 49.0, 49.0, 11.0, 13.0, 25.0, 30.0, 12.0, 31.0, 50.0]
[26.0, 41.0, 48.0, 10.0, 34.0, 10.0, 52.0, 5.0, 50.0, 14.0, 29.0]
[12.0, 12.0, 18.0, 18.0, 18.0, 18.0, 12.0, 12.0, 12.0, 12.0, 8.0]
[12.0, 12.0, 18.0, 18.0, 18.0, 18.0, 8.0, 8.0, 8.0, 8.0, 12.0]
T = 0.1677721600000001	 step = 508
112.15000000000003
19.55036505681818
[34.0, 31.0, 49.0, 49.0, 10.0, 13.0, 25.0, 30.0, 12.0, 31.0, 50.0]
[26.0, 41.0, 48.0, 10.0, 34.0, 10.0, 52.0, 5.0, 50.0, 14.0, 29.0]
[12.0, 12.0, 18.0, 18.0, 18.0, 18.0, 12.0, 12.0, 12.0, 12.0, 8.0]
[12.0, 12.0, 18.0, 18.0, 18.0, 18.0, 8.0, 8.0, 8.0, 8.0, 12.0]
T = 0.1677721600000001	 step = 509
112.51000000000005
19.35036505681818
[34.0, 31.0, 49.0, 48.0, 10.0, 13.0, 25.0, 30.0, 12.0, 31.0, 50.0]
[26.0, 41.0, 48.0, 10.0, 34.0, 10.0, 52.0, 5.0, 50.0, 14.0, 29.0]
[12.0, 12.0, 18.0, 18.0, 18.0, 18.0, 12.0, 12.0, 12.0, 12.0, 8.0]
[12.0, 12.0, 18.0, 18.0, 18.0, 18.0, 8.0, 8.0, 8.0, 8.0, 12.0]
T = 0.1677721600000001	 step = 510
113.84000000000003
19.172414772727272
[34.0, 31.0, 48.0, 48.0, 10.0, 13.0, 25.0, 30.0, 12.0, 31.0, 50.0]
[26.0, 41.0, 45.0, 10.0, 34.0, 10.0, 52.0, 5.0, 50.0, 14.0, 29.0]
[12.0, 12.0, 18.0, 18.0, 18.0, 18.0, 12.0, 12.0, 12.0, 12.0, 8.0]
[12.0, 12.0, 18.0, 18.0, 18.0, 18.0, 8.0, 8.0, 8.0, 8.0, 12.0]
T = 0.1677721600000001	 step = 511
113.85000000000002
19.07241477272727
[34.0, 31.0, 48.0, 48.0, 10.0, 13.0, 26.0, 30.0, 12.0, 31.0, 50.0]
[26.0, 41.0, 45.0, 10.0, 34.0, 10.0, 52.0, 5.0, 50.0, 14.0, 29.0]
[12.0, 12.0, 18.0, 18.0, 18.0, 18.0, 12.0, 12.0, 12.0, 12.0, 8.0]
[12.0, 12.0, 18.0, 18.0, 18.0, 18.0, 8.0, 8.0, 8.0, 8.0, 12.0]
T = 0.1677721600000001	 step = 512
113.58000000000004
19.27241477272727
[34.0, 31.0, 49.0, 48.0, 10.0, 13.0, 26.0, 30.0, 12.0, 31.0, 50.0]
[26.0, 41.0, 45.0, 10.0, 34.0, 10.0, 52.0, 5.0, 50.0, 14.0, 29.0]
[12.0, 12.0, 18.0, 18.0, 18.0, 18.0, 12.0, 12.0, 12.0, 12.0, 8.0]
[12.0, 12.0, 18.0, 18.0, 18.0, 18.0, 8.0, 8.0, 8.0, 8.0, 12.0]
T = 0.1677721600000001	 step = 513
113.87
18.97241477272727
[34.0, 31.0, 49.0, 48.0, 10.0, 13.0, 26.0, 30.0, 12.0, 31.0, 50.0]
[26.0, 40.0, 45.0, 10.0, 34.0, 10.0, 52.0, 5.0, 50.0, 14.0, 29.0]
[12.0, 12.0, 18.0, 18.0, 18.0, 18.0, 12.0, 12.0, 12.0, 12.0, 8.0]
[12.0, 12.0, 18.0, 18.0, 18.0, 18.0, 8.0, 8.0, 8.0, 8.0, 12.0]
T = 0.1677721600000001	 step = 514
113.75
19.12263210227272
[34.0, 31.0, 49.0, 48.0, 10.0, 13.0, 26.0, 30.0, 12.0, 31.0, 52.0]
[26.0, 40.0, 45.0, 10.0, 34.0, 10.0, 52.0, 5.0, 50.0, 14.0, 30.0]
[12.0, 12.0, 18.0, 18.0, 18.0, 18.0, 12.0, 12.0, 12.0, 12.0, 12.0]
[12.0, 12.0, 18.0, 18.0, 18.0, 18.0, 8.0, 8.0, 8.0, 8.0, 8.0]
T = 0.1677721600000001	 step = 515
113.74000000000001
19.219205965909087
[34.0, 31.0, 49.0, 48.0, 10.0, 13.0, 26.0, 30.0, 12.0, 31.0, 52.0]
[26.0, 40.0, 45.0, 10.0, 34.0, 10.0, 52.0, 5.0, 50.0, 14.0, 31.0]
[12.0, 12.0, 18.0, 18.0, 18.0, 18.0, 12.0, 12.0, 12.0, 12.0, 12.0]
[12.0, 12.0, 18.0, 18.0, 18.0, 18.0, 8.0, 8.0, 8.0, 8.0, 8.0]
T = 0.1677721600000001	 step = 516
113.45000000000005
19.51920596590909
[34.0, 31.0, 49.0, 48.0, 10.0, 13.0, 26.0, 30.0, 12.0, 31.0, 52.0]
[26.0, 41.0, 45.0, 10.0, 34.0, 10.0, 52.0, 5.0, 50.0, 14.0, 31.0]
[12.0, 12.0, 18.0, 18.0, 18.0, 18.0, 12.0, 12.0, 12.0, 12.0, 12.0]
[12.0, 12.0, 18.0, 18.0, 18.0, 18.0, 8.0, 8.0, 8.0, 8.0, 8.0]
T = 0.1677721600000001	 step = 517
113.71000000000004
19.022632102272727
[34.0, 31.0, 49.0, 48.0, 10.0, 13.0, 26.0, 30.0, 12.0, 31.0, 48.0]
[26.0, 41.0, 45.0, 10.0, 34.0, 10.0, 52.0, 5.0, 50.0, 14.0, 30.0]
[12.0, 12.0, 18.0, 18.0, 18.0, 18.0, 12.0, 12.0, 12.0, 12.0, 12.0]
[12.0, 12.0, 18.0, 18.0, 18.0, 18.0, 8.0, 8.0, 8.0, 8.0, 8.0]
T = 0.1677721600000001	 step = 518
113.59000000000003
18.947063920454543
[35.0, 31.0, 49.0, 48.0, 10.0, 13.0, 26.0, 30.0, 12.0, 31.0, 48.0]
[26.0, 41.0, 45.0, 10.0, 34.0, 10.0, 52.0, 5.0, 50.0, 14.0, 30.0]
[12.0, 12.0, 18.0, 18.0, 18.0, 18.0, 12.0, 12.0, 12.0, 12.0, 12.0]
[12.0, 12.0, 18.0, 18.0, 18.0, 18.0, 8.0, 8.0, 8.0, 8.0, 8.0]
T = 0.1677721600000001	 step = 519
113.68
18.923200284090907
[35.0, 31.0, 49.0, 48.0, 10.0, 13.0, 26.0, 30.0, 12.0, 31.0, 48.0]
[27.0, 41.0, 45.0, 10.0, 34.0, 10.0, 52.0, 5.0, 50.0, 14.0, 30.0]
[12.0, 12.0, 18.0, 18.0, 18.0, 18.0, 12.0, 12.0, 12.0, 12.0, 12.0]
[12.0, 12.0, 18.0, 18.0, 18.0, 18.0, 8.0, 8.0, 8.0, 8.0, 8.0]
T = 0.1677721600000001	 step = 520
113.66000000000003
18.982007102272725
[35.0, 31.0, 49.0, 48.0, 10.0, 13.0, 26.0, 30.0, 12.0, 31.0, 48.0]
[27.0, 41.0, 45.0, 10.0, 34.0, 10.0, 53.0, 5.0, 50.0, 14.0, 30.0]
[12.0, 12.0, 18.0, 18.0, 18.0, 18.0, 12.0, 12.0, 12.0, 12.0, 12.0]
[12.0, 12.0, 18.0, 18.0, 18.0, 18.0, 8.0, 8.0, 8.0, 8.0, 8.0]
T = 0.1677721600000001	 step = 521
115.33000000000004
20.104115056818177
[26.0, 31.0, 49.0, 48.0, 10.0, 13.0, 26.0, 30.0, 12.0, 31.0, 48.0]
[28.0, 41.0, 45.0, 10.0, 34.0, 10.0, 53.0, 5.0, 50.0, 14.0, 30.0]
[12.0, 12.0, 18.0, 18.0, 18.0, 18.0, 12.0, 12.0, 12.0, 12.0, 12.0]
[12.0, 12.0, 18.0, 18.0, 18.0, 18.0, 8.0, 8.0, 8.0, 8.0, 8.0]
T = 0.1677721600000001	 step = 522
113.65000000000003
19.082007102272726
[35.0, 31.0, 49.0, 48.0, 10.0, 13.0, 26.0, 29.0, 12.0, 31.0, 48.0]
[27.0, 41.0, 45.0, 10.0, 34.0, 10.0, 53.0, 5.0, 50.0, 14.0, 30.0]
[12.0, 12.0, 18.0, 18.0, 18.0, 18.0, 12.0, 12.0, 12.0, 12.0, 12.0]
[12.0, 12.0, 18.0, 18.0, 18.0, 18.0, 8.0, 8.0, 8.0, 8.0, 8.0]
T = 0.1677721600000001	 step = 523
113.56
19.105870738636362
[35.0, 31.0, 49.0, 48.0, 10.0, 13.0, 26.0, 29.0, 12.0, 31.0, 48.0]
[26.0, 41.0, 45.0, 10.0, 34.0, 10.0, 53.0, 5.0, 50.0, 14.0, 30.0]
[12.0, 12.0, 18.0, 18.0, 18.0, 18.0, 12.0, 12.0, 12.0, 12.0, 12.0]
[12.0, 12.0, 18.0, 18.0, 18.0, 18.0, 8.0, 8.0, 8.0, 8.0, 8.0]
T = 0.1677721600000001	 step = 524
113.89000000000004
18.781438920454544
[35.0, 32.0, 49.0, 48.0, 10.0, 13.0, 26.0, 29.0, 12.0, 31.0, 48.0]
[26.0, 40.0, 45.0, 10.0, 34.0, 10.0, 53.0, 5.0, 50.0, 14.0, 30.0]
[12.0, 12.0, 18.0, 18.0, 18.0, 18.0, 12.0, 12.0, 12.0, 12.0, 12.0]
[12.0, 12.0, 18.0, 18.0, 18.0, 18.0, 8.0, 8.0, 8.0, 8.0, 8.0]
T = 0.1677721600000001	 step = 525
114.02000000000004
18.981438920454544
[35.0, 32.0, 49.0, 48.0, 10.0, 13.0, 26.0, 29.0, 12.0, 31.0, 48.0]
[26.0, 40.0, 45.0, 10.0, 33.0, 10.0, 53.0, 5.0, 50.0, 14.0, 30.0]
[12.0, 12.0, 18.0, 18.0, 18.0, 18.0, 12.0, 12.0, 12.0, 12.0, 12.0]
[12.0, 12.0, 18.0, 18.0, 18.0, 18.0, 8.0, 8.0, 8.0, 8.0, 8.0]
T = 0.1677721600000001	 step = 526
114.24000000000001
18.781438920454544
[35.0, 32.0, 49.0, 48.0, 10.0, 13.0, 26.0, 29.0, 12.0, 31.0, 48.0]
[26.0, 40.0, 45.0, 10.0, 33.0, 11.0, 53.0, 5.0, 50.0, 14.0, 30.0]
[12.0, 12.0, 18.0, 18.0, 18.0, 18.0, 12.0, 12.0, 12.0, 12.0, 12.0]
[12.0, 12.0, 18.0, 18.0, 18.0, 18.0, 8.0, 8.0, 8.0, 8.0, 8.0]
T = 0.1677721600000001	 step = 527
114.35000000000002
18.981438920454544
[35.0, 32.0, 49.0, 48.0, 10.0, 13.0, 26.0, 29.0, 12.0, 31.0, 48.0]
[26.0, 40.0, 45.0, 10.0, 32.0, 11.0, 53.0, 5.0, 50.0, 14.0, 30.0]
[12.0, 12.0, 18.0, 18.0, 18.0, 18.0, 12.0, 12.0, 12.0, 12.0, 12.0]
[12.0, 12.0, 18.0, 18.0, 18.0, 18.0, 8.0, 8.0, 8.0, 8.0, 8.0]
T = 0.1677721600000001	 step = 528
114.77000000000004
18.795643465909087
[35.0, 32.0, 49.0, 48.0, 11.0, 13.0, 26.0, 29.0, 12.0, 31.0, 48.0]
[26.0, 40.0, 45.0, 10.0, 32.0, 11.0, 53.0, 5.0, 50.0, 14.0, 30.0]
[12.0, 12.0, 18.0, 18.0, 18.0, 18.0, 12.0, 12.0, 12.0, 12.0, 12.0]
[12.0, 12.0, 18.0, 18.0, 18.0, 18.0, 8.0, 8.0, 8.0, 8.0, 8.0]
T = 0.1677721600000001	 step = 529
114.78000000000003
18.69564346590909
[35.0, 32.0, 49.0, 48.0, 11.0, 13.0, 26.0, 30.0, 12.0, 31.0, 48.0]
[26.0, 40.0, 45.0, 10.0, 32.0, 11.0, 53.0, 5.0, 50.0, 14.0, 30.0]
[12.0, 12.0, 18.0, 18.0, 18.0, 18.0, 12.0, 12.0, 12.0, 12.0, 12.0]
[12.0, 12.0, 18.0, 18.0, 18.0, 18.0, 8.0, 8.0, 8.0, 8.0, 8.0]
T = 0.1677721600000001	 step = 530
114.77000000000004
18.795643465909087
[35.0, 32.0, 49.0, 48.0, 11.0, 13.0, 26.0, 29.0, 12.0, 31.0, 48.0]
[26.0, 40.0, 45.0, 10.0, 32.0, 11.0, 53.0, 5.0, 50.0, 14.0, 30.0]
[12.0, 12.0, 18.0, 18.0, 18.0, 18.0, 12.0, 12.0, 12.0, 12.0, 12.0]
[12.0, 12.0, 18.0, 18.0, 18.0, 18.0, 8.0, 8.0, 8.0, 8.0, 8.0]
T = 0.1677721600000001	 step = 531
114.86000000000001
18.771779829545448
[35.0, 32.0, 49.0, 48.0, 11.0, 13.0, 26.0, 29.0, 12.0, 31.0, 48.0]
[27.0, 40.0, 45.0, 10.0, 32.0, 11.0, 53.0, 5.0, 50.0, 14.0, 30.0]
[12.0, 12.0, 18.0, 18.0, 18.0, 18.0, 12.0, 12.0, 12.0, 12.0, 12.0]
[12.0, 12.0, 18.0, 18.0, 18.0, 18.0, 8.0, 8.0, 8.0, 8.0, 8.0]
T = 0.1677721600000001	 step = 532
114.94
18.971779829545447
[35.0, 32.0, 49.0, 48.0, 11.0, 13.0, 26.0, 29.0, 12.0, 31.0, 48.0]
[27.0, 40.0, 45.0, 10.0, 31.0, 11.0, 53.0, 5.0, 50.0, 14.0, 30.0]
[12.0, 12.0, 18.0, 18.0, 18.0, 18.0, 12.0, 12.0, 12.0, 12.0, 12.0]
[12.0, 12.0, 18.0, 18.0, 18.0, 18.0, 8.0, 8.0, 8.0, 8.0, 8.0]
T = 0.13421772800000006	 step = 533
114.55000000000001
18.91297301136363
[35.0, 32.0, 49.0, 48.0, 11.0, 13.0, 26.0, 29.0, 12.0, 31.0, 48.0]
[27.0, 40.0, 46.0, 10.0, 31.0, 11.0, 53.0, 5.0, 50.0, 14.0, 30.0]
[12.0, 12.0, 18.0, 18.0, 18.0, 18.0, 12.0, 12.0, 12.0, 12.0, 12.0]
[12.0, 12.0, 18.0, 18.0, 18.0, 18.0, 8.0, 8.0, 8.0, 8.0, 8.0]
T = 0.13421772800000006	 step = 534
114.52000000000004
18.971779829545447
[35.0, 32.0, 49.0, 48.0, 11.0, 13.0, 26.0, 29.0, 12.0, 31.0, 48.0]
[27.0, 40.0, 46.0, 10.0, 31.0, 11.0, 54.0, 5.0, 50.0, 14.0, 30.0]
[12.0, 12.0, 18.0, 18.0, 18.0, 18.0, 12.0, 12.0, 12.0, 12.0, 12.0]
[12.0, 12.0, 18.0, 18.0, 18.0, 18.0, 8.0, 8.0, 8.0, 8.0, 8.0]
T = 0.13421772800000006	 step = 535
114.44
18.771779829545448
[35.0, 32.0, 49.0, 48.0, 11.0, 13.0, 26.0, 29.0, 12.0, 31.0, 48.0]
[27.0, 40.0, 46.0, 10.0, 32.0, 11.0, 54.0, 5.0, 50.0, 14.0, 30.0]
[12.0, 12.0, 18.0, 18.0, 18.0, 18.0, 12.0, 12.0, 12.0, 12.0, 12.0]
[12.0, 12.0, 18.0, 18.0, 18.0, 18.0, 8.0, 8.0, 8.0, 8.0, 8.0]
T = 0.13421772800000006	 step = 536
114.51000000000005
18.012973011363634
[35.0, 32.0, 49.0, 48.0, 11.0, 13.0, 33.0, 29.0, 12.0, 31.0, 48.0]
[27.0, 40.0, 46.0, 10.0, 32.0, 11.0, 53.0, 5.0, 50.0, 14.0, 30.0]
[12.0, 12.0, 18.0, 18.0, 18.0, 18.0, 12.0, 12.0, 12.0, 12.0, 12.0]
[12.0, 12.0, 18.0, 18.0, 18.0, 18.0, 8.0, 8.0, 8.0, 8.0, 8.0]
T = 0.13421772800000006	 step = 537
114.48000000000002
18.071779829545452
[35.0, 32.0, 49.0, 48.0, 11.0, 13.0, 33.0, 29.0, 12.0, 31.0, 48.0]
[27.0, 40.0, 46.0, 10.0, 32.0, 11.0, 54.0, 5.0, 50.0, 14.0, 30.0]
[12.0, 12.0, 18.0, 18.0, 18.0, 18.0, 12.0, 12.0, 12.0, 12.0, 12.0]
[12.0, 12.0, 18.0, 18.0, 18.0, 18.0, 8.0, 8.0, 8.0, 8.0, 8.0]
T = 0.13421772800000006	 step = 538
114.66000000000003
18.147348011363636
[34.0, 32.0, 49.0, 48.0, 11.0, 13.0, 33.0, 29.0, 12.0, 31.0, 48.0]
[27.0, 40.0, 46.0, 10.0, 32.0, 11.0, 54.0, 5.0, 50.0, 14.0, 30.0]
[12.0, 12.0, 18.0, 18.0, 18.0, 18.0, 12.0, 12.0, 12.0, 12.0, 12.0]
[12.0, 12.0, 18.0, 18.0, 18.0, 18.0, 8.0, 8.0, 8.0, 8.0, 8.0]
T = 0.13421772800000006	 step = 539
114.36000000000001
18.447348011363633
[34.0, 32.0, 49.0, 48.0, 11.0, 13.0, 33.0, 29.0, 12.0, 31.0, 48.0]
[27.0, 41.0, 46.0, 10.0, 32.0, 11.0, 54.0, 5.0, 50.0, 14.0, 30.0]
[12.0, 12.0, 18.0, 18.0, 18.0, 18.0, 12.0, 12.0, 12.0, 12.0, 12.0]
[12.0, 12.0, 18.0, 18.0, 18.0, 18.0, 8.0, 8.0, 8.0, 8.0, 8.0]
T = 0.13421772800000006	 step = 540
114.37
18.347348011363636
[34.0, 32.0, 49.0, 48.0, 11.0, 13.0, 33.0, 30.0, 12.0, 31.0, 48.0]
[27.0, 41.0, 46.0, 10.0, 32.0, 11.0, 54.0, 5.0, 50.0, 14.0, 30.0]
[12.0, 12.0, 18.0, 18.0, 18.0, 18.0, 12.0, 12.0, 12.0, 12.0, 12.0]
[12.0, 12.0, 18.0, 18.0, 18.0, 18.0, 8.0, 8.0, 8.0, 8.0, 8.0]
T = 0.13421772800000006	 step = 541
114.26000000000005
18.147348011363636
[34.0, 32.0, 49.0, 48.0, 11.0, 13.0, 33.0, 30.0, 12.0, 31.0, 48.0]
[27.0, 41.0, 46.0, 10.0, 33.0, 11.0, 54.0, 5.0, 50.0, 14.0, 30.0]
[12.0, 12.0, 18.0, 18.0, 18.0, 18.0, 12.0, 12.0, 12.0, 12.0, 12.0]
[12.0, 12.0, 18.0, 18.0, 18.0, 18.0, 8.0, 8.0, 8.0, 8.0, 8.0]
T = 0.13421772800000006	 step = 542
114.24000000000001
18.171211647727272
[34.0, 32.0, 49.0, 48.0, 11.0, 13.0, 33.0, 30.0, 12.0, 31.0, 48.0]
[27.0, 41.0, 46.0, 10.0, 33.0, 11.0, 54.0, 5.0, 50.0, 14.0, 31.0]
[12.0, 12.0, 18.0, 18.0, 18.0, 18.0, 12.0, 12.0, 12.0, 12.0, 12.0]
[12.0, 12.0, 18.0, 18.0, 18.0, 18.0, 8.0, 8.0, 8.0, 8.0, 8.0]
T = 0.13421772800000006	 step = 543
114.27000000000004
18.112404829545454
[34.0, 32.0, 49.0, 48.0, 11.0, 13.0, 33.0, 30.0, 12.0, 31.0, 48.0]
[27.0, 41.0, 46.0, 10.0, 33.0, 11.0, 53.0, 5.0, 50.0, 14.0, 31.0]
[12.0, 12.0, 18.0, 18.0, 18.0, 18.0, 12.0, 12.0, 12.0, 12.0, 12.0]
[12.0, 12.0, 18.0, 18.0, 18.0, 18.0, 8.0, 8.0, 8.0, 8.0, 8.0]
T = 0.13421772800000006	 step = 544
114.29000000000002
18.012404829545453
[34.0, 32.0, 49.0, 48.0, 11.0, 13.0, 33.0, 30.0, 12.0, 31.0, 48.0]
[27.0, 41.0, 46.0, 10.0, 33.0, 11.0, 53.0, 5.0, 49.0, 14.0, 31.0]
[12.0, 12.0, 18.0, 18.0, 18.0, 18.0, 12.0, 12.0, 12.0, 12.0, 12.0]
[12.0, 12.0, 18.0, 18.0, 18.0, 18.0, 8.0, 8.0, 8.0, 8.0, 8.0]
T = 0.13421772800000006	 step = 545
114.27000000000004
17.91240482954545
[34.0, 32.0, 49.0, 48.0, 11.0, 13.0, 33.0, 30.0, 12.0, 30.0, 48.0]
[27.0, 41.0, 46.0, 10.0, 33.0, 11.0, 53.0, 5.0, 49.0, 14.0, 31.0]
[12.0, 12.0, 18.0, 18.0, 18.0, 18.0, 12.0, 12.0, 12.0, 12.0, 12.0]
[12.0, 12.0, 18.0, 18.0, 18.0, 18.0, 8.0, 8.0, 8.0, 8.0, 8.0]
T = 0.13421772800000006	 step = 546
114.24000000000001
17.936836647727272
[34.0, 31.0, 49.0, 48.0, 11.0, 13.0, 33.0, 30.0, 12.0, 30.0, 48.0]
[27.0, 41.0, 46.0, 10.0, 33.0, 11.0, 53.0, 5.0, 49.0, 14.0, 31.0]
[12.0, 12.0, 18.0, 18.0, 18.0, 18.0, 12.0, 12.0, 12.0, 12.0, 12.0]
[12.0, 12.0, 18.0, 18.0, 18.0, 18.0, 8.0, 8.0, 8.0, 8.0, 8.0]
T = 0.13421772800000006	 step = 547
114.27000000000004
17.91240482954545
[34.0, 32.0, 49.0, 48.0, 11.0, 13.0, 33.0, 30.0, 12.0, 30.0, 48.0]
[27.0, 41.0, 46.0, 10.0, 33.0, 11.0, 53.0, 5.0, 49.0, 14.0, 31.0]
[12.0, 12.0, 18.0, 18.0, 18.0, 18.0, 12.0, 12.0, 12.0, 12.0, 12.0]
[12.0, 12.0, 18.0, 18.0, 18.0, 18.0, 8.0, 8.0, 8.0, 8.0, 8.0]
T = 0.13421772800000006	 step = 548
113.93
18.112404829545454
[34.0, 32.0, 49.0, 49.0, 11.0, 13.0, 33.0, 30.0, 12.0, 30.0, 48.0]
[27.0, 41.0, 46.0, 10.0, 33.0, 11.0, 53.0, 5.0, 49.0, 14.0, 31.0]
[12.0, 12.0, 18.0, 18.0, 18.0, 18.0, 12.0, 12.0, 12.0, 12.0, 12.0]
[12.0, 12.0, 18.0, 18.0, 18.0, 18.0, 8.0, 8.0, 8.0, 8.0, 8.0]
T = 0.13421772800000006	 step = 549
113.80000000000001
18.208978693181816
[34.0, 32.0, 49.0, 49.0, 11.0, 13.0, 33.0, 30.0, 12.0, 30.0, 48.0]
[26.0, 41.0, 46.0, 10.0, 33.0, 11.0, 53.0, 5.0, 49.0, 14.0, 31.0]
[12.0, 12.0, 18.0, 18.0, 18.0, 18.0, 12.0, 12.0, 12.0, 12.0, 12.0]
[12.0, 12.0, 18.0, 18.0, 18.0, 18.0, 8.0, 8.0, 8.0, 8.0, 8.0]
T = 0.13421772800000006	 step = 550
113.64000000000004
18.008978693181813
[34.0, 32.0, 49.0, 49.0, 11.0, 13.0, 33.0, 30.0, 12.0, 30.0, 48.0]
[26.0, 41.0, 46.0, 10.0, 34.0, 11.0, 53.0, 5.0, 49.0, 14.0, 31.0]
[12.0, 12.0, 18.0, 18.0, 18.0, 18.0, 12.0, 12.0, 12.0, 12.0, 12.0]
[12.0, 12.0, 18.0, 18.0, 18.0, 18.0, 8.0, 8.0, 8.0, 8.0, 8.0]
T = 0.13421772800000006	 step = 551
113.66000000000003
17.908978693181815
[34.0, 32.0, 49.0, 49.0, 11.0, 13.0, 33.0, 30.0, 12.0, 30.0, 48.0]
[26.0, 41.0, 46.0, 10.0, 34.0, 11.0, 53.0, 5.0, 48.0, 14.0, 31.0]
[12.0, 12.0, 18.0, 18.0, 18.0, 18.0, 12.0, 12.0, 12.0, 12.0, 12.0]
[12.0, 12.0, 18.0, 18.0, 18.0, 18.0, 8.0, 8.0, 8.0, 8.0, 8.0]
T = 0.13421772800000006	 step = 552
113.83000000000004
17.98101846590909
[33.0, 32.0, 49.0, 49.0, 11.0, 13.0, 33.0, 30.0, 12.0, 30.0, 48.0]
[26.0, 41.0, 46.0, 10.0, 34.0, 11.0, 53.0, 5.0, 48.0, 14.0, 31.0]
[12.0, 12.0, 18.0, 18.0, 18.0, 18.0, 12.0, 12.0, 12.0, 12.0, 12.0]
[12.0, 12.0, 18.0, 18.0, 18.0, 18.0, 8.0, 8.0, 8.0, 8.0, 8.0]
T = 0.13421772800000006	 step = 553
113.85000000000002
18.08101846590909
[33.0, 32.0, 49.0, 49.0, 11.0, 13.0, 33.0, 30.0, 12.0, 31.0, 48.0]
[26.0, 41.0, 46.0, 10.0, 34.0, 11.0, 53.0, 5.0, 48.0, 14.0, 31.0]
[12.0, 12.0, 18.0, 18.0, 18.0, 18.0, 12.0, 12.0, 12.0, 12.0, 12.0]
[12.0, 12.0, 18.0, 18.0, 18.0, 18.0, 8.0, 8.0, 8.0, 8.0, 8.0]
T = 0.13421772800000006	 step = 554
114.21000000000004
18.042382102272725
[33.0, 32.0, 49.0, 49.0, 11.0, 13.0, 33.0, 30.0, 12.0, 31.0, 48.0]
[26.0, 41.0, 46.0, 11.0, 34.0, 11.0, 53.0, 5.0, 48.0, 14.0, 31.0]
[12.0, 12.0, 18.0, 18.0, 18.0, 18.0, 12.0, 12.0, 12.0, 12.0, 12.0]
[12.0, 12.0, 18.0, 18.0, 18.0, 18.0, 8.0, 8.0, 8.0, 8.0, 8.0]
T = 0.13421772800000006	 step = 555
113.83000000000004
18.108978693181818
[33.0, 31.0, 49.0, 49.0, 11.0, 13.0, 33.0, 30.0, 12.0, 31.0, 48.0]
[26.0, 41.0, 46.0, 10.0, 34.0, 11.0, 53.0, 5.0, 48.0, 14.0, 31.0]
[12.0, 12.0, 18.0, 18.0, 18.0, 18.0, 12.0, 12.0, 12.0, 12.0, 12.0]
[12.0, 12.0, 18.0, 18.0, 18.0, 18.0, 8.0, 8.0, 8.0, 8.0, 8.0]
T = 0.13421772800000006	 step = 556
113.82000000000005
18.008978693181817
[33.0, 31.0, 49.0, 49.0, 11.0, 13.0, 33.0, 30.0, 12.0, 30.0, 48.0]
[26.0, 41.0, 46.0, 10.0, 34.0, 11.0, 53.0, 5.0, 48.0, 14.0, 31.0]
[12.0, 12.0, 18.0, 18.0, 18.0, 18.0, 12.0, 12.0, 12.0, 12.0, 12.0]
[12.0, 12.0, 18.0, 18.0, 18.0, 18.0, 8.0, 8.0, 8.0, 8.0, 8.0]
T = 0.13421772800000006	 step = 557
113.82000000000005
18.108978693181818
[33.0, 31.0, 49.0, 49.0, 11.0, 13.0, 32.0, 30.0, 12.0, 30.0, 48.0]
[26.0, 41.0, 46.0, 10.0, 34.0, 11.0, 53.0, 5.0, 48.0, 14.0, 31.0]
[12.0, 12.0, 18.0, 18.0, 18.0, 18.0, 12.0, 12.0, 12.0, 12.0, 12.0]
[12.0, 12.0, 18.0, 18.0, 18.0, 18.0, 8.0, 8.0, 8.0, 8.0, 8.0]
T = 0.13421772800000006	 step = 558
113.99000000000001
18.308978693181817
[33.0, 31.0, 49.0, 49.0, 11.0, 13.0, 32.0, 30.0, 12.0, 30.0, 48.0]
[26.0, 41.0, 46.0, 10.0, 33.0, 11.0, 53.0, 5.0, 48.0, 14.0, 31.0]
[12.0, 12.0, 18.0, 18.0, 18.0, 18.0, 12.0, 12.0, 12.0, 12.0, 12.0]
[12.0, 12.0, 18.0, 18.0, 18.0, 18.0, 8.0, 8.0, 8.0, 8.0, 8.0]
T = 0.13421772800000006	 step = 559
114.34000000000003
18.364257102272724
[33.0, 31.0, 49.0, 49.0, 11.0, 13.0, 32.0, 30.0, 12.0, 30.0, 48.0]
[26.0, 41.0, 45.0, 10.0, 33.0, 11.0, 53.0, 5.0, 48.0, 14.0, 31.0]
[12.0, 12.0, 18.0, 18.0, 18.0, 18.0, 12.0, 12.0, 12.0, 12.0, 12.0]
[12.0, 12.0, 18.0, 18.0, 18.0, 18.0, 8.0, 8.0, 8.0, 8.0, 8.0]
T = 0.13421772800000006	 step = 560
114.27000000000004
18.464257102272725
[33.0, 31.0, 49.0, 49.0, 11.0, 13.0, 32.0, 30.0, 12.0, 30.0, 49.0]
[26.0, 41.0, 45.0, 10.0, 33.0, 11.0, 53.0, 5.0, 48.0, 14.0, 31.0]
[12.0, 12.0, 18.0, 18.0, 18.0, 18.0, 12.0, 12.0, 12.0, 12.0, 12.0]
[12.0, 12.0, 18.0, 18.0, 18.0, 18.0, 8.0, 8.0, 8.0, 8.0, 8.0]
T = 0.13421772800000006	 step = 561
114.15000000000003
18.644654829545455
[33.0, 31.0, 49.0, 49.0, 11.0, 13.0, 32.0, 30.0, 8.0, 30.0, 49.0]
[26.0, 41.0, 45.0, 10.0, 33.0, 11.0, 53.0, 5.0, 52.0, 14.0, 31.0]
[12.0, 12.0, 18.0, 18.0, 18.0, 18.0, 12.0, 12.0, 8.0, 12.0, 12.0]
[12.0, 12.0, 18.0, 18.0, 18.0, 18.0, 8.0, 8.0, 12.0, 8.0, 8.0]
T = 0.13421772800000006	 step = 562
113.97000000000003
18.57261505681818
[34.0, 31.0, 49.0, 49.0, 11.0, 13.0, 32.0, 30.0, 8.0, 30.0, 49.0]
[26.0, 41.0, 45.0, 10.0, 33.0, 11.0, 53.0, 5.0, 52.0, 14.0, 31.0]
[12.0, 12.0, 18.0, 18.0, 18.0, 18.0, 12.0, 12.0, 8.0, 12.0, 12.0]
[12.0, 12.0, 18.0, 18.0, 18.0, 18.0, 8.0, 8.0, 12.0, 8.0, 8.0]
T = 0.13421772800000006	 step = 563
113.96000000000004
18.672615056818177
[34.0, 31.0, 49.0, 49.0, 11.0, 13.0, 32.0, 29.0, 8.0, 30.0, 49.0]
[26.0, 41.0, 45.0, 10.0, 33.0, 11.0, 53.0, 5.0, 52.0, 14.0, 31.0]
[12.0, 12.0, 18.0, 18.0, 18.0, 18.0, 12.0, 12.0, 8.0, 12.0, 12.0]
[12.0, 12.0, 18.0, 18.0, 18.0, 18.0, 8.0, 8.0, 12.0, 8.0, 8.0]
T = 0.13421772800000006	 step = 564
113.96000000000004
18.57261505681818
[34.0, 31.0, 49.0, 49.0, 11.0, 13.0, 33.0, 29.0, 8.0, 30.0, 49.0]
[26.0, 41.0, 45.0, 10.0, 33.0, 11.0, 53.0, 5.0, 52.0, 14.0, 31.0]
[12.0, 12.0, 18.0, 18.0, 18.0, 18.0, 12.0, 12.0, 8.0, 12.0, 12.0]
[12.0, 12.0, 18.0, 18.0, 18.0, 18.0, 8.0, 8.0, 12.0, 8.0, 8.0]
T = 0.13421772800000006	 step = 565
113.60000000000002
18.51380823863636
[34.0, 31.0, 49.0, 49.0, 11.0, 13.0, 33.0, 29.0, 8.0, 30.0, 49.0]
[26.0, 41.0, 46.0, 10.0, 33.0, 11.0, 53.0, 5.0, 52.0, 14.0, 31.0]
[12.0, 12.0, 18.0, 18.0, 18.0, 18.0, 12.0, 12.0, 8.0, 12.0, 12.0]
[12.0, 12.0, 18.0, 18.0, 18.0, 18.0, 8.0, 8.0, 12.0, 8.0, 8.0]
T = 0.13421772800000006	 step = 566
113.60000000000002
18.51380823863636
[34.0, 31.0, 49.0, 49.0, 11.0, 13.0, 33.0, 29.0, 8.0, 30.0, 49.0]
[26.0, 41.0, 46.0, 10.0, 33.0, 11.0, 53.0, 5.0, 52.0, 14.0, 31.0]
[12.0, 12.0, 18.0, 18.0, 18.0, 18.0, 12.0, 12.0, 8.0, 12.0, 12.0]
[12.0, 12.0, 18.0, 18.0, 18.0, 18.0, 8.0, 8.0, 12.0, 8.0, 8.0]
T = 0.13421772800000006	 step = 567
113.61000000000001
18.61380823863636
[34.0, 31.0, 49.0, 49.0, 11.0, 13.0, 33.0, 29.0, 8.0, 31.0, 49.0]
[26.0, 41.0, 46.0, 10.0, 33.0, 11.0, 53.0, 5.0, 52.0, 14.0, 31.0]
[12.0, 12.0, 18.0, 18.0, 18.0, 18.0, 12.0, 12.0, 8.0, 12.0, 12.0]
[12.0, 12.0, 18.0, 18.0, 18.0, 18.0, 8.0, 8.0, 12.0, 8.0, 8.0]
T = 0.13421772800000006	 step = 568
113.59000000000003
18.713808238636364
[34.0, 31.0, 49.0, 49.0, 11.0, 13.0, 33.0, 29.0, 8.0, 31.0, 49.0]
[26.0, 41.0, 46.0, 10.0, 33.0, 11.0, 53.0, 5.0, 52.0, 14.0, 32.0]
[12.0, 12.0, 18.0, 18.0, 18.0, 18.0, 12.0, 12.0, 8.0, 12.0, 12.0]
[12.0, 12.0, 18.0, 18.0, 18.0, 18.0, 8.0, 8.0, 12.0, 8.0, 8.0]
T = 0.13421772800000006	 step = 569
113.83000000000004
18.51380823863636
[34.0, 31.0, 49.0, 49.0, 11.0, 13.0, 33.0, 29.0, 8.0, 31.0, 49.0]
[26.0, 41.0, 46.0, 10.0, 33.0, 12.0, 53.0, 5.0, 52.0, 14.0, 32.0]
[12.0, 12.0, 18.0, 18.0, 18.0, 18.0, 12.0, 12.0, 8.0, 12.0, 12.0]
[12.0, 12.0, 18.0, 18.0, 18.0, 18.0, 8.0, 8.0, 12.0, 8.0, 8.0]
T = 0.13421772800000006	 step = 570
113.62
18.655001420454543
[34.0, 31.0, 49.0, 49.0, 11.0, 13.0, 33.0, 29.0, 8.0, 31.0, 49.0]
[26.0, 41.0, 46.0, 10.0, 33.0, 11.0, 52.0, 5.0, 52.0, 14.0, 32.0]
[12.0, 12.0, 18.0, 18.0, 18.0, 18.0, 12.0, 12.0, 8.0, 12.0, 12.0]
[12.0, 12.0, 18.0, 18.0, 18.0, 18.0, 8.0, 8.0, 12.0, 8.0, 8.0]
T = 0.13421772800000006	 step = 571
113.62
18.755001420454544
[34.0, 31.0, 49.0, 49.0, 11.0, 13.0, 32.0, 29.0, 8.0, 31.0, 49.0]
[26.0, 41.0, 46.0, 10.0, 33.0, 11.0, 52.0, 5.0, 52.0, 14.0, 32.0]
[12.0, 12.0, 18.0, 18.0, 18.0, 18.0, 12.0, 12.0, 8.0, 12.0, 12.0]
[12.0, 12.0, 18.0, 18.0, 18.0, 18.0, 8.0, 8.0, 12.0, 8.0, 8.0]
T = 0.13421772800000006	 step = 572
113.49000000000001
20.37561647727272
[34.0, 31.0, 49.0, 49.0, 11.0, 13.0, 17.0, 29.0, 8.0, 31.0, 49.0]
[26.0, 41.0, 46.0, 10.0, 33.0, 11.0, 52.0, 5.0, 52.0, 14.0, 32.0]
[12.0, 12.0, 18.0, 18.0, 18.0, 18.0, 8.0, 12.0, 8.0, 12.0, 12.0]
[12.0, 12.0, 18.0, 18.0, 18.0, 18.0, 12.0, 8.0, 12.0, 8.0, 8.0]
T = 0.13421772800000006	 step = 573
113.06
20.53442329545454
[34.0, 31.0, 49.0, 49.0, 10.0, 13.0, 17.0, 29.0, 8.0, 31.0, 49.0]
[26.0, 41.0, 46.0, 10.0, 33.0, 11.0, 52.0, 5.0, 52.0, 14.0, 32.0]
[12.0, 12.0, 18.0, 18.0, 18.0, 18.0, 8.0, 12.0, 8.0, 12.0, 12.0]
[12.0, 12.0, 18.0, 18.0, 18.0, 18.0, 12.0, 8.0, 12.0, 8.0, 8.0]
T = 0.13421772800000006	 step = 574
113.17000000000002
20.720218749999994
[34.0, 31.0, 49.0, 49.0, 10.0, 13.0, 17.0, 29.0, 8.0, 31.0, 49.0]
[26.0, 41.0, 46.0, 10.0, 32.0, 11.0, 52.0, 5.0, 52.0, 14.0, 32.0]
[12.0, 12.0, 18.0, 18.0, 18.0, 18.0, 8.0, 12.0, 8.0, 12.0, 12.0]
[12.0, 12.0, 18.0, 18.0, 18.0, 18.0, 12.0, 8.0, 12.0, 8.0, 8.0]
T = 0.13421772800000006	 step = 575
113.20000000000005
20.734423295454544
[34.0, 31.0, 49.0, 49.0, 10.0, 13.0, 17.0, 29.0, 8.0, 31.0, 49.0]
[26.0, 41.0, 46.0, 10.0, 32.0, 11.0, 51.0, 5.0, 52.0, 14.0, 32.0]
[12.0, 12.0, 18.0, 18.0, 18.0, 18.0, 8.0, 12.0, 8.0, 12.0, 12.0]
[12.0, 12.0, 18.0, 18.0, 18.0, 18.0, 12.0, 8.0, 12.0, 8.0, 8.0]
T = 0.13421772800000006	 step = 576
113.37
20.795786931818178
[33.0, 31.0, 49.0, 49.0, 10.0, 13.0, 17.0, 29.0, 8.0, 31.0, 49.0]
[26.0, 41.0, 46.0, 10.0, 32.0, 11.0, 52.0, 5.0, 52.0, 14.0, 32.0]
[12.0, 12.0, 18.0, 18.0, 18.0, 18.0, 8.0, 12.0, 8.0, 12.0, 12.0]
[12.0, 12.0, 18.0, 18.0, 18.0, 18.0, 12.0, 8.0, 12.0, 8.0, 8.0]
T = 0.13421772800000006	 step = 577
113.25
20.704394886363637
[33.0, 31.0, 49.0, 49.0, 10.0, 13.0, 17.0, 29.0, 8.0, 31.0, 52.0]
[26.0, 41.0, 46.0, 10.0, 32.0, 11.0, 52.0, 5.0, 52.0, 14.0, 24.0]
[12.0, 12.0, 18.0, 18.0, 18.0, 18.0, 8.0, 12.0, 8.0, 12.0, 12.0]
[12.0, 12.0, 18.0, 18.0, 18.0, 18.0, 12.0, 8.0, 12.0, 8.0, 8.0]
T = 0.13421772800000006	 step = 578
113.26000000000005
20.604394886363636
[33.0, 31.0, 49.0, 49.0, 10.0, 13.0, 17.0, 30.0, 8.0, 31.0, 52.0]
[26.0, 41.0, 46.0, 10.0, 32.0, 11.0, 52.0, 5.0, 52.0, 14.0, 24.0]
[12.0, 12.0, 18.0, 18.0, 18.0, 18.0, 8.0, 12.0, 8.0, 12.0, 12.0]
[12.0, 12.0, 18.0, 18.0, 18.0, 18.0, 12.0, 8.0, 12.0, 8.0, 8.0]
T = 0.13421772800000006	 step = 579
113.27000000000004
20.54007102272727
[33.0, 32.0, 49.0, 49.0, 10.0, 13.0, 17.0, 30.0, 8.0, 31.0, 52.0]
[26.0, 41.0, 46.0, 10.0, 32.0, 11.0, 52.0, 5.0, 52.0, 14.0, 24.0]
[12.0, 12.0, 18.0, 18.0, 18.0, 18.0, 8.0, 12.0, 8.0, 12.0, 12.0]
[12.0, 12.0, 18.0, 18.0, 18.0, 18.0, 12.0, 8.0, 12.0, 8.0, 8.0]
T = 0.13421772800000006	 step = 580
113.37
19.419455965909087
[33.0, 32.0, 49.0, 49.0, 10.0, 13.0, 27.0, 30.0, 8.0, 31.0, 52.0]
[26.0, 41.0, 46.0, 10.0, 32.0, 11.0, 52.0, 5.0, 52.0, 14.0, 24.0]
[12.0, 12.0, 18.0, 18.0, 18.0, 18.0, 12.0, 12.0, 8.0, 12.0, 12.0]
[12.0, 12.0, 18.0, 18.0, 18.0, 18.0, 8.0, 8.0, 12.0, 8.0, 8.0]
T = 0.13421772800000006	 step = 581
113.5
19.48500142045454
[33.0, 32.0, 49.0, 49.0, 10.0, 13.0, 27.0, 30.0, 13.0, 31.0, 52.0]
[26.0, 41.0, 46.0, 10.0, 32.0, 11.0, 52.0, 5.0, 49.0, 14.0, 24.0]
[12.0, 12.0, 18.0, 18.0, 18.0, 18.0, 12.0, 12.0, 8.0, 12.0, 12.0]
[12.0, 12.0, 18.0, 18.0, 18.0, 18.0, 8.0, 8.0, 12.0, 8.0, 8.0]
T = 0.13421772800000006	 step = 582
113.51000000000005
19.385001420454543
[33.0, 32.0, 49.0, 49.0, 10.0, 13.0, 27.0, 30.0, 13.0, 31.0, 52.0]
[26.0, 41.0, 46.0, 10.0, 32.0, 11.0, 52.0, 5.0, 48.0, 14.0, 24.0]
[12.0, 12.0, 18.0, 18.0, 18.0, 18.0, 12.0, 12.0, 8.0, 12.0, 12.0]
[12.0, 12.0, 18.0, 18.0, 18.0, 18.0, 8.0, 8.0, 12.0, 8.0, 8.0]
T = 0.13421772800000006	 step = 583
113.51000000000005
19.48500142045454
[33.0, 32.0, 49.0, 49.0, 10.0, 13.0, 27.0, 29.0, 13.0, 31.0, 52.0]
[26.0, 41.0, 46.0, 10.0, 32.0, 11.0, 52.0, 5.0, 48.0, 14.0, 24.0]
[12.0, 12.0, 18.0, 18.0, 18.0, 18.0, 12.0, 12.0, 8.0, 12.0, 12.0]
[12.0, 12.0, 18.0, 18.0, 18.0, 18.0, 8.0, 8.0, 12.0, 8.0, 8.0]
T = 0.13421772800000006	 step = 584
113.51000000000005
19.385001420454543
[33.0, 32.0, 49.0, 49.0, 10.0, 13.0, 27.0, 30.0, 13.0, 31.0, 52.0]
[26.0, 41.0, 46.0, 10.0, 32.0, 11.0, 52.0, 5.0, 48.0, 14.0, 24.0]
[12.0, 12.0, 18.0, 18.0, 18.0, 18.0, 12.0, 12.0, 8.0, 12.0, 12.0]
[12.0, 12.0, 18.0, 18.0, 18.0, 18.0, 8.0, 8.0, 12.0, 8.0, 8.0]
T = 0.13421772800000006	 step = 585
113.51000000000005
19.48500142045454
[33.0, 32.0, 49.0, 49.0, 10.0, 13.0, 27.0, 29.0, 13.0, 31.0, 52.0]
[26.0, 41.0, 46.0, 10.0, 32.0, 11.0, 52.0, 5.0, 48.0, 14.0, 24.0]
[12.0, 12.0, 18.0, 18.0, 18.0, 18.0, 12.0, 12.0, 8.0, 12.0, 12.0]
[12.0, 12.0, 18.0, 18.0, 18.0, 18.0, 8.0, 8.0, 12.0, 8.0, 8.0]
T = 0.13421772800000006	 step = 586
114.51000000000005
19.92945596590909
[30.0, 32.0, 49.0, 49.0, 10.0, 13.0, 27.0, 29.0, 13.0, 31.0, 52.0]
[28.0, 41.0, 46.0, 10.0, 32.0, 11.0, 52.0, 5.0, 48.0, 14.0, 24.0]
[12.0, 12.0, 18.0, 18.0, 18.0, 18.0, 12.0, 12.0, 8.0, 12.0, 12.0]
[12.0, 12.0, 18.0, 18.0, 18.0, 18.0, 8.0, 8.0, 12.0, 8.0, 8.0]
T = 0.13421772800000006	 step = 587
114.54000000000002
20.01070596590909
[30.0, 32.0, 49.0, 49.0, 10.0, 13.0, 27.0, 29.0, 14.0, 31.0, 52.0]
[28.0, 41.0, 46.0, 10.0, 32.0, 11.0, 52.0, 5.0, 48.0, 14.0, 24.0]
[12.0, 12.0, 18.0, 18.0, 18.0, 18.0, 12.0, 12.0, 8.0, 12.0, 12.0]
[12.0, 12.0, 18.0, 18.0, 18.0, 18.0, 8.0, 8.0, 12.0, 8.0, 8.0]
T = 0.13421772800000006	 step = 588
114.59000000000003
20.21070596590909
[30.0, 32.0, 49.0, 49.0, 10.0, 13.0, 27.0, 29.0, 14.0, 31.0, 52.0]
[28.0, 41.0, 46.0, 10.0, 31.0, 11.0, 52.0, 5.0, 48.0, 14.0, 24.0]
[12.0, 12.0, 18.0, 18.0, 18.0, 18.0, 12.0, 12.0, 8.0, 12.0, 12.0]
[12.0, 12.0, 18.0, 18.0, 18.0, 18.0, 8.0, 8.0, 12.0, 8.0, 8.0]
T = 0.13421772800000006	 step = 589
114.60000000000002
20.11070596590909
[30.0, 32.0, 49.0, 49.0, 10.0, 13.0, 27.0, 29.0, 14.0, 30.0, 52.0]
[28.0, 41.0, 46.0, 10.0, 31.0, 11.0, 52.0, 5.0, 48.0, 14.0, 24.0]
[12.0, 12.0, 18.0, 18.0, 18.0, 18.0, 12.0, 12.0, 8.0, 12.0, 12.0]
[12.0, 12.0, 18.0, 18.0, 18.0, 18.0, 8.0, 8.0, 12.0, 8.0, 8.0]
T = 0.13421772800000006	 step = 590
114.59000000000003
20.21070596590909
[30.0, 32.0, 49.0, 49.0, 10.0, 13.0, 26.0, 29.0, 14.0, 30.0, 52.0]
[28.0, 41.0, 46.0, 10.0, 31.0, 11.0, 52.0, 5.0, 48.0, 14.0, 24.0]
[12.0, 12.0, 18.0, 18.0, 18.0, 18.0, 12.0, 12.0, 8.0, 12.0, 12.0]
[12.0, 12.0, 18.0, 18.0, 18.0, 18.0, 8.0, 8.0, 12.0, 8.0, 8.0]
T = 0.13421772800000006	 step = 591
114.60000000000002
20.186842329545453
[30.0, 32.0, 49.0, 49.0, 10.0, 13.0, 26.0, 29.0, 14.0, 30.0, 52.0]
[28.0, 41.0, 46.0, 10.0, 31.0, 11.0, 52.0, 5.0, 48.0, 14.0, 25.0]
[12.0, 12.0, 18.0, 18.0, 18.0, 18.0, 12.0, 12.0, 8.0, 12.0, 12.0]
[12.0, 12.0, 18.0, 18.0, 18.0, 18.0, 8.0, 8.0, 12.0, 8.0, 8.0]
T = 0.10737418240000006	 step = 592
114.90000000000003
20.386842329545455
[29.0, 32.0, 49.0, 49.0, 10.0, 13.0, 26.0, 29.0, 14.0, 30.0, 52.0]
[28.0, 41.0, 46.0, 10.0, 31.0, 11.0, 52.0, 5.0, 48.0, 14.0, 25.0]
[12.0, 12.0, 18.0, 18.0, 18.0, 18.0, 12.0, 12.0, 8.0, 12.0, 12.0]
[12.0, 12.0, 18.0, 18.0, 18.0, 18.0, 8.0, 8.0, 12.0, 8.0, 8.0]
T = 0.10737418240000006	 step = 593
114.70000000000005
20.38684232954545
[30.0, 32.0, 49.0, 49.0, 10.0, 13.0, 26.0, 29.0, 14.0, 30.0, 52.0]
[28.0, 41.0, 46.0, 10.0, 30.0, 11.0, 52.0, 5.0, 48.0, 14.0, 25.0]
[12.0, 12.0, 18.0, 18.0, 18.0, 18.0, 12.0, 12.0, 8.0, 12.0, 12.0]
[12.0, 12.0, 18.0, 18.0, 18.0, 18.0, 8.0, 8.0, 12.0, 8.0, 8.0]
T = 0.10737418240000006	 step = 594
114.89000000000004
20.345649147727272
[30.0, 32.0, 49.0, 49.0, 10.0, 13.0, 26.0, 29.0, 14.0, 30.0, 52.0]
[28.0, 41.0, 46.0, 11.0, 30.0, 11.0, 52.0, 5.0, 48.0, 14.0, 25.0]
[12.0, 12.0, 18.0, 18.0, 18.0, 18.0, 12.0, 12.0, 8.0, 12.0, 12.0]
[12.0, 12.0, 18.0, 18.0, 18.0, 18.0, 8.0, 8.0, 12.0, 8.0, 8.0]
T = 0.10737418240000006	 step = 595
114.64000000000004
20.326046874999996
[30.0, 32.0, 49.0, 49.0, 10.0, 13.0, 26.0, 29.0, 14.0, 30.0, 52.0]
[28.0, 41.0, 47.0, 11.0, 30.0, 11.0, 52.0, 5.0, 48.0, 14.0, 25.0]
[12.0, 12.0, 18.0, 18.0, 18.0, 18.0, 12.0, 12.0, 8.0, 12.0, 12.0]
[12.0, 12.0, 18.0, 18.0, 18.0, 18.0, 8.0, 8.0, 12.0, 8.0, 8.0]
T = 0.10737418240000006	 step = 596
114.92000000000002
20.126046874999997
[30.0, 32.0, 48.0, 49.0, 10.0, 13.0, 26.0, 29.0, 14.0, 30.0, 52.0]
[28.0, 41.0, 47.0, 11.0, 30.0, 11.0, 52.0, 5.0, 48.0, 14.0, 25.0]
[12.0, 12.0, 18.0, 18.0, 18.0, 18.0, 12.0, 12.0, 8.0, 12.0, 12.0]
[12.0, 12.0, 18.0, 18.0, 18.0, 18.0, 8.0, 8.0, 12.0, 8.0, 8.0]
T = 0.10737418240000006	 step = 597
114.90000000000003
19.926046874999994
[30.0, 32.0, 48.0, 49.0, 10.0, 13.0, 26.0, 29.0, 14.0, 30.0, 52.0]
[28.0, 41.0, 47.0, 11.0, 31.0, 11.0, 52.0, 5.0, 48.0, 14.0, 25.0]
[12.0, 12.0, 18.0, 18.0, 18.0, 18.0, 12.0, 12.0, 8.0, 12.0, 12.0]
[12.0, 12.0, 18.0, 18.0, 18.0, 18.0, 8.0, 8.0, 12.0, 8.0, 8.0]
T = 0.10737418240000006	 step = 598
114.60000000000002
20.126046875
[30.0, 32.0, 48.0, 49.0, 10.0, 12.0, 26.0, 29.0, 14.0, 30.0, 52.0]
[28.0, 41.0, 47.0, 11.0, 31.0, 11.0, 52.0, 5.0, 48.0, 14.0, 25.0]
[12.0, 12.0, 18.0, 18.0, 18.0, 18.0, 12.0, 12.0, 8.0, 12.0, 12.0]
[12.0, 12.0, 18.0, 18.0, 18.0, 18.0, 8.0, 8.0, 12.0, 8.0, 8.0]
T = 0.10737418240000006	 step = 599
114.61000000000001
20.026046875
[30.0, 32.0, 48.0, 49.0, 10.0, 12.0, 27.0, 29.0, 14.0, 30.0, 52.0]
[28.0, 41.0, 47.0, 11.0, 31.0, 11.0, 52.0, 5.0, 48.0, 14.0, 25.0]
[12.0, 12.0, 18.0, 18.0, 18.0, 18.0, 12.0, 12.0, 8.0, 12.0, 12.0]
[12.0, 12.0, 18.0, 18.0, 18.0, 18.0, 8.0, 8.0, 12.0, 8.0, 8.0]
T = 0.10737418240000006	 step = 600
114.92000000000002
19.826046875
[30.0, 32.0, 48.0, 49.0, 10.0, 12.0, 27.0, 29.0, 14.0, 30.0, 52.0]
[28.0, 41.0, 47.0, 11.0, 31.0, 12.0, 52.0, 5.0, 48.0, 14.0, 25.0]
[12.0, 12.0, 18.0, 18.0, 18.0, 18.0, 12.0, 12.0, 8.0, 12.0, 12.0]
[12.0, 12.0, 18.0, 18.0, 18.0, 18.0, 8.0, 8.0, 12.0, 8.0, 8.0]
T = 0.10737418240000006	 step = 601
114.92000000000002
19.805455965909086
[30.0, 32.0, 48.0, 49.0, 10.0, 12.0, 27.0, 29.0, 14.0, 30.0, 52.0]
[28.0, 41.0, 47.0, 11.0, 31.0, 12.0, 52.0, 5.0, 48.0, 14.0, 26.0]
[12.0, 12.0, 18.0, 18.0, 18.0, 18.0, 12.0, 12.0, 8.0, 12.0, 12.0]
[12.0, 12.0, 18.0, 18.0, 18.0, 18.0, 8.0, 8.0, 12.0, 8.0, 8.0]
T = 0.10737418240000006	 step = 602
114.93
19.817955965909086
[30.0, 32.0, 48.0, 49.0, 10.0, 12.0, 27.0, 29.0, 14.0, 30.0, 52.0]
[28.0, 41.0, 47.0, 11.0, 31.0, 12.0, 52.0, 5.0, 48.0, 14.0, 27.0]
[12.0, 12.0, 18.0, 18.0, 18.0, 18.0, 12.0, 12.0, 8.0, 12.0, 12.0]
[12.0, 12.0, 18.0, 18.0, 18.0, 18.0, 8.0, 8.0, 12.0, 8.0, 8.0]
T = 0.10737418240000006	 step = 603
115.0
19.917955965909087
[30.0, 32.0, 48.0, 49.0, 10.0, 12.0, 27.0, 29.0, 14.0, 30.0, 52.0]
[28.0, 41.0, 47.0, 11.0, 31.0, 12.0, 52.0, 5.0, 48.0, 15.0, 27.0]
[12.0, 12.0, 18.0, 18.0, 18.0, 18.0, 12.0, 12.0, 8.0, 12.0, 12.0]
[12.0, 12.0, 18.0, 18.0, 18.0, 18.0, 8.0, 8.0, 12.0, 8.0, 8.0]
T = 0.10737418240000006	 step = 604
114.90000000000003
19.930455965909086
[30.0, 32.0, 48.0, 49.0, 10.0, 12.0, 27.0, 29.0, 14.0, 30.0, 52.0]
[27.0, 41.0, 47.0, 11.0, 31.0, 12.0, 52.0, 5.0, 48.0, 15.0, 27.0]
[12.0, 12.0, 18.0, 18.0, 18.0, 18.0, 12.0, 12.0, 8.0, 12.0, 12.0]
[12.0, 12.0, 18.0, 18.0, 18.0, 18.0, 8.0, 8.0, 12.0, 8.0, 8.0]
T = 0.10737418240000006	 step = 605
115.45000000000005
19.730455965909087
[30.0, 32.0, 48.0, 49.0, 10.0, 13.0, 27.0, 29.0, 14.0, 30.0, 52.0]
[27.0, 41.0, 47.0, 11.0, 31.0, 12.0, 52.0, 5.0, 48.0, 15.0, 27.0]
[12.0, 12.0, 18.0, 18.0, 18.0, 18.0, 12.0, 12.0, 8.0, 12.0, 12.0]
[12.0, 12.0, 18.0, 18.0, 18.0, 18.0, 8.0, 8.0, 12.0, 8.0, 8.0]
T = 0.10737418240000006	 step = 606
115.46000000000004
19.83045596590909
[30.0, 32.0, 48.0, 49.0, 10.0, 13.0, 26.0, 29.0, 14.0, 30.0, 52.0]
[27.0, 41.0, 47.0, 11.0, 31.0, 12.0, 52.0, 5.0, 48.0, 15.0, 27.0]
[12.0, 12.0, 18.0, 18.0, 18.0, 18.0, 12.0, 12.0, 8.0, 12.0, 12.0]
[12.0, 12.0, 18.0, 18.0, 18.0, 18.0, 8.0, 8.0, 12.0, 8.0, 8.0]
T = 0.10737418240000006	 step = 607
115.46000000000004
19.930455965909086
[30.0, 32.0, 48.0, 49.0, 10.0, 13.0, 25.0, 29.0, 14.0, 30.0, 52.0]
[27.0, 41.0, 47.0, 11.0, 31.0, 12.0, 52.0, 5.0, 48.0, 15.0, 27.0]
[12.0, 12.0, 18.0, 18.0, 18.0, 18.0, 12.0, 12.0, 8.0, 12.0, 12.0]
[12.0, 12.0, 18.0, 18.0, 18.0, 18.0, 8.0, 8.0, 12.0, 8.0, 8.0]
T = 0.10737418240000006	 step = 608
115.52000000000004
19.83045596590909
[30.0, 32.0, 48.0, 49.0, 10.0, 13.0, 25.0, 29.0, 14.0, 29.0, 52.0]
[27.0, 41.0, 47.0, 11.0, 31.0, 12.0, 52.0, 5.0, 48.0, 15.0, 27.0]
[12.0, 12.0, 18.0, 18.0, 18.0, 18.0, 12.0, 12.0, 8.0, 12.0, 12.0]
[12.0, 12.0, 18.0, 18.0, 18.0, 18.0, 8.0, 8.0, 12.0, 8.0, 8.0]
T = 0.10737418240000006	 step = 609
115.62
19.85005823863636
[30.0, 32.0, 48.0, 49.0, 10.0, 13.0, 25.0, 29.0, 14.0, 29.0, 52.0]
[27.0, 41.0, 46.0, 11.0, 31.0, 12.0, 52.0, 5.0, 48.0, 15.0, 27.0]
[12.0, 12.0, 18.0, 18.0, 18.0, 18.0, 12.0, 12.0, 8.0, 12.0, 12.0]
[12.0, 12.0, 18.0, 18.0, 18.0, 18.0, 8.0, 8.0, 12.0, 8.0, 8.0]
T = 0.10737418240000006	 step = 610
115.65000000000003
19.791251420454543
[30.0, 32.0, 48.0, 49.0, 10.0, 13.0, 25.0, 29.0, 14.0, 29.0, 52.0]
[27.0, 41.0, 46.0, 11.0, 31.0, 12.0, 52.0, 6.0, 48.0, 15.0, 27.0]
[12.0, 12.0, 18.0, 18.0, 18.0, 18.0, 12.0, 12.0, 8.0, 12.0, 12.0]
[12.0, 12.0, 18.0, 18.0, 18.0, 18.0, 8.0, 8.0, 12.0, 8.0, 8.0]
T = 0.10737418240000006	 step = 611
115.87
19.59125142045454
[30.0, 32.0, 48.0, 48.0, 10.0, 13.0, 25.0, 29.0, 14.0, 29.0, 52.0]
[27.0, 41.0, 46.0, 11.0, 31.0, 12.0, 52.0, 6.0, 48.0, 15.0, 27.0]
[12.0, 12.0, 18.0, 18.0, 18.0, 18.0, 12.0, 12.0, 8.0, 12.0, 12.0]
[12.0, 12.0, 18.0, 18.0, 18.0, 18.0, 8.0, 8.0, 12.0, 8.0, 8.0]
T = 0.10737418240000006	 step = 612
115.84000000000003
19.491251420454546
[30.0, 32.0, 48.0, 48.0, 10.0, 13.0, 25.0, 30.0, 14.0, 29.0, 52.0]
[27.0, 41.0, 46.0, 11.0, 31.0, 12.0, 52.0, 6.0, 48.0, 15.0, 27.0]
[12.0, 12.0, 18.0, 18.0, 18.0, 18.0, 12.0, 12.0, 8.0, 12.0, 12.0]
[12.0, 12.0, 18.0, 18.0, 18.0, 18.0, 8.0, 8.0, 12.0, 8.0, 8.0]
T = 0.10737418240000006	 step = 613
115.82000000000005
19.55005823863636
[30.0, 32.0, 48.0, 48.0, 10.0, 13.0, 25.0, 30.0, 14.0, 29.0, 52.0]
[27.0, 41.0, 46.0, 11.0, 31.0, 12.0, 53.0, 6.0, 48.0, 15.0, 27.0]
[12.0, 12.0, 18.0, 18.0, 18.0, 18.0, 12.0, 12.0, 8.0, 12.0, 12.0]
[12.0, 12.0, 18.0, 18.0, 18.0, 18.0, 8.0, 8.0, 12.0, 8.0, 8.0]
T = 0.10737418240000006	 step = 614
116.24000000000001
19.75005823863636
[29.0, 32.0, 48.0, 48.0, 10.0, 13.0, 25.0, 30.0, 14.0, 29.0, 52.0]
[27.0, 41.0, 46.0, 11.0, 31.0, 12.0, 53.0, 6.0, 48.0, 15.0, 27.0]
[12.0, 12.0, 18.0, 18.0, 18.0, 18.0, 12.0, 12.0, 8.0, 12.0, 12.0]
[12.0, 12.0, 18.0, 18.0, 18.0, 18.0, 8.0, 8.0, 12.0, 8.0, 8.0]
T = 0.10737418240000006	 step = 615
116.22000000000003
19.85005823863636
[29.0, 32.0, 48.0, 48.0, 10.0, 13.0, 25.0, 30.0, 14.0, 29.0, 52.0]
[27.0, 41.0, 46.0, 11.0, 31.0, 12.0, 53.0, 6.0, 49.0, 15.0, 27.0]
[12.0, 12.0, 18.0, 18.0, 18.0, 18.0, 12.0, 12.0, 8.0, 12.0, 12.0]
[12.0, 12.0, 18.0, 18.0, 18.0, 18.0, 8.0, 8.0, 12.0, 8.0, 8.0]
T = 0.10737418240000006	 step = 616
116.31
19.95005823863636
[29.0, 32.0, 48.0, 48.0, 10.0, 13.0, 25.0, 30.0, 14.0, 29.0, 52.0]
[27.0, 41.0, 46.0, 11.0, 31.0, 12.0, 53.0, 6.0, 49.0, 16.0, 27.0]
[12.0, 12.0, 18.0, 18.0, 18.0, 18.0, 12.0, 12.0, 8.0, 12.0, 12.0]
[12.0, 12.0, 18.0, 18.0, 18.0, 18.0, 8.0, 8.0, 12.0, 8.0, 8.0]
T = 0.10737418240000006	 step = 617
116.27000000000004
20.008865056818177
[29.0, 32.0, 48.0, 48.0, 10.0, 13.0, 25.0, 30.0, 14.0, 29.0, 52.0]
[27.0, 41.0, 46.0, 11.0, 31.0, 12.0, 54.0, 6.0, 49.0, 16.0, 27.0]
[12.0, 12.0, 18.0, 18.0, 18.0, 18.0, 12.0, 12.0, 8.0, 12.0, 12.0]
[12.0, 12.0, 18.0, 18.0, 18.0, 18.0, 8.0, 8.0, 12.0, 8.0, 8.0]
T = 0.10737418240000006	 step = 618
114.34000000000003
19.14527982954545
[38.0, 32.0, 48.0, 48.0, 10.0, 13.0, 25.0, 30.0, 14.0, 29.0, 52.0]
[27.0, 41.0, 46.0, 11.0, 31.0, 12.0, 54.0, 6.0, 49.0, 16.0, 27.0]
[12.0, 12.0, 18.0, 18.0, 18.0, 18.0, 12.0, 12.0, 8.0, 12.0, 12.0]
[12.0, 12.0, 18.0, 18.0, 18.0, 18.0, 8.0, 8.0, 12.0, 8.0, 8.0]
T = 0.10737418240000006	 step = 619
114.33000000000004
19.045279829545454
[38.0, 32.0, 48.0, 48.0, 10.0, 13.0, 26.0, 30.0, 14.0, 29.0, 52.0]
[27.0, 41.0, 46.0, 11.0, 31.0, 12.0, 54.0, 6.0, 49.0, 16.0, 27.0]
[12.0, 12.0, 18.0, 18.0, 18.0, 18.0, 12.0, 12.0, 8.0, 12.0, 12.0]
[12.0, 12.0, 18.0, 18.0, 18.0, 18.0, 8.0, 8.0, 12.0, 8.0, 8.0]
T = 0.10737418240000006	 step = 620
114.31
19.14527982954545
[38.0, 32.0, 48.0, 48.0, 10.0, 13.0, 26.0, 30.0, 14.0, 29.0, 52.0]
[27.0, 41.0, 46.0, 11.0, 31.0, 12.0, 54.0, 6.0, 50.0, 16.0, 27.0]
[12.0, 12.0, 18.0, 18.0, 18.0, 18.0, 12.0, 12.0, 8.0, 12.0, 12.0]
[12.0, 12.0, 18.0, 18.0, 18.0, 18.0, 8.0, 8.0, 12.0, 8.0, 8.0]
T = 0.10737418240000006	 step = 621
114.32000000000005
19.045279829545454
[38.0, 32.0, 48.0, 48.0, 10.0, 13.0, 26.0, 30.0, 14.0, 29.0, 51.0]
[27.0, 41.0, 46.0, 11.0, 31.0, 12.0, 54.0, 6.0, 50.0, 16.0, 27.0]
[12.0, 12.0, 18.0, 18.0, 18.0, 18.0, 12.0, 12.0, 8.0, 12.0, 12.0]
[12.0, 12.0, 18.0, 18.0, 18.0, 18.0, 8.0, 8.0, 12.0, 8.0, 8.0]
T = 0.10737418240000006	 step = 622
114.43
19.136842329545455
[38.0, 31.0, 48.0, 48.0, 10.0, 13.0, 26.0, 30.0, 14.0, 29.0, 51.0]
[27.0, 41.0, 46.0, 11.0, 31.0, 12.0, 54.0, 6.0, 50.0, 16.0, 27.0]
[12.0, 12.0, 18.0, 18.0, 18.0, 18.0, 12.0, 12.0, 8.0, 12.0, 12.0]
[12.0, 12.0, 18.0, 18.0, 18.0, 18.0, 8.0, 8.0, 12.0, 8.0, 8.0]
T = 0.10737418240000006	 step = 623
115.46000000000004
17.802546874999997
[38.0, 31.0, 48.0, 48.0, 14.0, 13.0, 26.0, 30.0, 14.0, 29.0, 51.0]
[27.0, 41.0, 46.0, 11.0, 34.0, 12.0, 54.0, 6.0, 50.0, 16.0, 27.0]
[12.0, 12.0, 18.0, 18.0, 18.0, 18.0, 12.0, 12.0, 8.0, 12.0, 12.0]
[12.0, 12.0, 18.0, 18.0, 18.0, 18.0, 8.0, 8.0, 12.0, 8.0, 8.0]
T = 0.10737418240000006	 step = 624
115.45000000000005
17.902546874999995
[38.0, 31.0, 48.0, 48.0, 14.0, 13.0, 25.0, 30.0, 14.0, 29.0, 51.0]
[27.0, 41.0, 46.0, 11.0, 34.0, 12.0, 54.0, 6.0, 50.0, 16.0, 27.0]
[12.0, 12.0, 18.0, 18.0, 18.0, 18.0, 12.0, 12.0, 8.0, 12.0, 12.0]
[12.0, 12.0, 18.0, 18.0, 18.0, 18.0, 8.0, 8.0, 12.0, 8.0, 8.0]
T = 0.10737418240000006	 step = 625
115.31
18.08960227272727
[38.0, 31.0, 48.0, 48.0, 14.0, 13.0, 25.0, 30.0, 5.0, 29.0, 51.0]
[27.0, 41.0, 46.0, 11.0, 34.0, 12.0, 54.0, 6.0, 51.0, 16.0, 27.0]
[12.0, 12.0, 18.0, 18.0, 18.0, 18.0, 12.0, 12.0, 8.0, 12.0, 12.0]
[12.0, 12.0, 18.0, 18.0, 18.0, 18.0, 8.0, 8.0, 12.0, 8.0, 8.0]
T = 0.10737418240000006	 step = 626
115.32000000000005
17.98960227272727
[38.0, 31.0, 48.0, 48.0, 14.0, 13.0, 25.0, 30.0, 5.0, 29.0, 51.0]
[27.0, 41.0, 46.0, 11.0, 34.0, 12.0, 54.0, 6.0, 50.0, 16.0, 27.0]
[12.0, 12.0, 18.0, 18.0, 18.0, 18.0, 12.0, 12.0, 8.0, 12.0, 12.0]
[12.0, 12.0, 18.0, 18.0, 18.0, 18.0, 8.0, 8.0, 12.0, 8.0, 8.0]
T = 0.10737418240000006	 step = 627
115.55000000000001
17.99803977272727
[37.0, 31.0, 48.0, 48.0, 14.0, 13.0, 25.0, 30.0, 5.0, 29.0, 51.0]
[27.0, 41.0, 46.0, 11.0, 34.0, 12.0, 54.0, 6.0, 50.0, 16.0, 27.0]
[12.0, 12.0, 18.0, 18.0, 18.0, 18.0, 12.0, 12.0, 8.0, 12.0, 12.0]
[12.0, 12.0, 18.0, 18.0, 18.0, 18.0, 8.0, 8.0, 12.0, 8.0, 8.0]
T = 0.10737418240000006	 step = 628
115.64000000000004
17.97928977272727
[37.0, 31.0, 48.0, 48.0, 14.0, 13.0, 25.0, 30.0, 5.0, 29.0, 51.0]
[28.0, 41.0, 46.0, 11.0, 34.0, 12.0, 54.0, 6.0, 50.0, 16.0, 27.0]
[12.0, 12.0, 18.0, 18.0, 18.0, 18.0, 12.0, 12.0, 8.0, 12.0, 12.0]
[12.0, 12.0, 18.0, 18.0, 18.0, 18.0, 8.0, 8.0, 12.0, 8.0, 8.0]
T = 0.10737418240000006	 step = 629
115.63
18.07928977272727
[37.0, 31.0, 48.0, 48.0, 14.0, 13.0, 24.0, 30.0, 5.0, 29.0, 51.0]
[28.0, 41.0, 46.0, 11.0, 34.0, 12.0, 54.0, 6.0, 50.0, 16.0, 27.0]
[12.0, 12.0, 18.0, 18.0, 18.0, 18.0, 12.0, 12.0, 8.0, 12.0, 12.0]
[12.0, 12.0, 18.0, 18.0, 18.0, 18.0, 8.0, 8.0, 12.0, 8.0, 8.0]
T = 0.10737418240000006	 step = 630
115.65000000000003
18.020482954545454
[37.0, 31.0, 48.0, 48.0, 14.0, 13.0, 24.0, 30.0, 5.0, 29.0, 51.0]
[28.0, 41.0, 46.0, 11.0, 34.0, 12.0, 53.0, 6.0, 50.0, 16.0, 27.0]
[12.0, 12.0, 18.0, 18.0, 18.0, 18.0, 12.0, 12.0, 8.0, 12.0, 12.0]
[12.0, 12.0, 18.0, 18.0, 18.0, 18.0, 8.0, 8.0, 12.0, 8.0, 8.0]
T = 0.10737418240000006	 step = 631
116.17000000000002
17.979289772727267
[37.0, 31.0, 48.0, 48.0, 14.0, 13.0, 24.0, 30.0, 5.0, 29.0, 51.0]
[28.0, 41.0, 46.0, 12.0, 34.0, 12.0, 53.0, 6.0, 50.0, 16.0, 27.0]
[12.0, 12.0, 18.0, 18.0, 18.0, 18.0, 12.0, 12.0, 8.0, 12.0, 12.0]
[12.0, 12.0, 18.0, 18.0, 18.0, 18.0, 8.0, 8.0, 12.0, 8.0, 8.0]
T = 0.10737418240000006	 step = 632
116.21000000000004
18.079289772727268
[37.0, 31.0, 48.0, 48.0, 14.0, 13.0, 24.0, 30.0, 5.0, 30.0, 51.0]
[28.0, 41.0, 46.0, 12.0, 34.0, 12.0, 53.0, 6.0, 50.0, 16.0, 27.0]
[12.0, 12.0, 18.0, 18.0, 18.0, 18.0, 12.0, 12.0, 8.0, 12.0, 12.0]
[12.0, 12.0, 18.0, 18.0, 18.0, 18.0, 8.0, 8.0, 12.0, 8.0, 8.0]
T = 0.10737418240000006	 step = 633
116.25
18.02048295454545
[37.0, 31.0, 48.0, 48.0, 14.0, 13.0, 24.0, 30.0, 5.0, 30.0, 51.0]
[28.0, 41.0, 46.0, 12.0, 34.0, 12.0, 53.0, 7.0, 50.0, 16.0, 27.0]
[12.0, 12.0, 18.0, 18.0, 18.0, 18.0, 12.0, 12.0, 8.0, 12.0, 12.0]
[12.0, 12.0, 18.0, 18.0, 18.0, 18.0, 8.0, 8.0, 12.0, 8.0, 8.0]
T = 0.10737418240000006	 step = 634
116.56
17.82048295454545
[37.0, 31.0, 48.0, 48.0, 14.0, 14.0, 24.0, 30.0, 5.0, 30.0, 51.0]
[28.0, 41.0, 46.0, 12.0, 34.0, 12.0, 53.0, 7.0, 50.0, 16.0, 27.0]
[12.0, 12.0, 18.0, 18.0, 18.0, 18.0, 12.0, 12.0, 8.0, 12.0, 12.0]
[12.0, 12.0, 18.0, 18.0, 18.0, 18.0, 8.0, 8.0, 12.0, 8.0, 8.0]
T = 0.10737418240000006	 step = 635
116.93
17.62048295454545
[37.0, 31.0, 48.0, 47.0, 14.0, 14.0, 24.0, 30.0, 5.0, 30.0, 51.0]
[28.0, 41.0, 46.0, 12.0, 34.0, 12.0, 53.0, 7.0, 50.0, 16.0, 27.0]
[12.0, 12.0, 18.0, 18.0, 18.0, 18.0, 12.0, 12.0, 8.0, 12.0, 12.0]
[12.0, 12.0, 18.0, 18.0, 18.0, 18.0, 8.0, 8.0, 12.0, 8.0, 8.0]
T = 0.10737418240000006	 step = 636
116.94
17.561676136363634
[37.0, 31.0, 48.0, 47.0, 14.0, 14.0, 24.0, 30.0, 6.0, 30.0, 51.0]
[28.0, 41.0, 46.0, 12.0, 34.0, 12.0, 53.0, 7.0, 50.0, 16.0, 27.0]
[12.0, 12.0, 18.0, 18.0, 18.0, 18.0, 12.0, 12.0, 8.0, 12.0, 12.0]
[12.0, 12.0, 18.0, 18.0, 18.0, 18.0, 8.0, 8.0, 12.0, 8.0, 8.0]
T = 0.10737418240000006	 step = 637
116.76000000000005
17.73248153409091
[37.0, 31.0, 48.0, 47.0, 14.0, 14.0, 24.0, 30.0, 6.0, 30.0, 53.0]
[28.0, 41.0, 46.0, 12.0, 34.0, 12.0, 53.0, 7.0, 50.0, 16.0, 28.0]
[12.0, 12.0, 18.0, 18.0, 18.0, 18.0, 12.0, 12.0, 8.0, 12.0, 8.0]
[12.0, 12.0, 18.0, 18.0, 18.0, 18.0, 8.0, 8.0, 12.0, 8.0, 12.0]
T = 0.10737418240000006	 step = 638
116.74000000000001
17.791288352272726
[37.0, 31.0, 48.0, 47.0, 14.0, 14.0, 24.0, 30.0, 6.0, 30.0, 53.0]
[28.0, 41.0, 46.0, 12.0, 34.0, 12.0, 54.0, 7.0, 50.0, 16.0, 28.0]
[12.0, 12.0, 18.0, 18.0, 18.0, 18.0, 12.0, 12.0, 8.0, 12.0, 8.0]
[12.0, 12.0, 18.0, 18.0, 18.0, 18.0, 8.0, 8.0, 12.0, 8.0, 12.0]
T = 0.10737418240000006	 step = 639
116.99000000000001
17.83049289772727
[36.0, 31.0, 48.0, 47.0, 14.0, 14.0, 24.0, 30.0, 6.0, 30.0, 53.0]
[28.0, 41.0, 46.0, 12.0, 34.0, 12.0, 54.0, 7.0, 50.0, 16.0, 28.0]
[12.0, 12.0, 18.0, 18.0, 18.0, 18.0, 12.0, 12.0, 8.0, 12.0, 8.0]
[12.0, 12.0, 18.0, 18.0, 18.0, 18.0, 8.0, 8.0, 12.0, 8.0, 12.0]
T = 0.10737418240000006	 step = 640
116.5
17.87168607954545
[36.0, 31.0, 48.0, 47.0, 13.0, 14.0, 24.0, 30.0, 6.0, 30.0, 53.0]
[28.0, 41.0, 46.0, 12.0, 34.0, 12.0, 54.0, 7.0, 50.0, 16.0, 28.0]
[12.0, 12.0, 18.0, 18.0, 18.0, 18.0, 12.0, 12.0, 8.0, 12.0, 8.0]
[12.0, 12.0, 18.0, 18.0, 18.0, 18.0, 8.0, 8.0, 12.0, 8.0, 12.0]
T = 0.10737418240000006	 step = 641
116.52000000000004
17.812879261363634
[36.0, 31.0, 48.0, 47.0, 13.0, 14.0, 24.0, 30.0, 7.0, 30.0, 53.0]
[28.0, 41.0, 46.0, 12.0, 34.0, 12.0, 54.0, 7.0, 50.0, 16.0, 28.0]
[12.0, 12.0, 18.0, 18.0, 18.0, 18.0, 12.0, 12.0, 8.0, 12.0, 8.0]
[12.0, 12.0, 18.0, 18.0, 18.0, 18.0, 8.0, 8.0, 12.0, 8.0, 12.0]
T = 0.10737418240000006	 step = 642
116.52000000000004
17.901515625
[36.0, 31.0, 48.0, 47.0, 13.0, 14.0, 24.0, 30.0, 7.0, 30.0, 53.0]
[28.0, 41.0, 46.0, 12.0, 34.0, 12.0, 54.0, 7.0, 50.0, 16.0, 29.0]
[12.0, 12.0, 18.0, 18.0, 18.0, 18.0, 12.0, 12.0, 8.0, 12.0, 8.0]
[12.0, 12.0, 18.0, 18.0, 18.0, 18.0, 8.0, 8.0, 12.0, 8.0, 12.0]
T = 0.10737418240000006	 step = 643
116.48000000000002
17.960322443181816
[36.0, 31.0, 48.0, 47.0, 13.0, 14.0, 24.0, 30.0, 7.0, 30.0, 53.0]
[28.0, 41.0, 46.0, 12.0, 34.0, 12.0, 54.0, 6.0, 50.0, 16.0, 29.0]
[12.0, 12.0, 18.0, 18.0, 18.0, 18.0, 12.0, 12.0, 8.0, 12.0, 8.0]
[12.0, 12.0, 18.0, 18.0, 18.0, 18.0, 8.0, 8.0, 12.0, 8.0, 12.0]
T = 0.10737418240000006	 step = 644
116.37
17.986390624999995
[36.0, 30.0, 48.0, 47.0, 13.0, 14.0, 24.0, 30.0, 7.0, 30.0, 53.0]
[28.0, 41.0, 46.0, 12.0, 34.0, 12.0, 54.0, 6.0, 50.0, 16.0, 29.0]
[12.0, 12.0, 18.0, 18.0, 18.0, 18.0, 12.0, 12.0, 8.0, 12.0, 8.0]
[12.0, 12.0, 18.0, 18.0, 18.0, 18.0, 8.0, 8.0, 12.0, 8.0, 12.0]
T = 0.10737418240000006	 step = 645
116.37
18.035538352272727
[36.0, 30.0, 48.0, 47.0, 13.0, 14.0, 24.0, 30.0, 7.0, 30.0, 53.0]
[28.0, 41.0, 46.0, 12.0, 34.0, 12.0, 54.0, 6.0, 50.0, 16.0, 30.0]
[12.0, 12.0, 18.0, 18.0, 18.0, 18.0, 12.0, 12.0, 8.0, 12.0, 8.0]
[12.0, 12.0, 18.0, 18.0, 18.0, 18.0, 8.0, 8.0, 12.0, 8.0, 12.0]
T = 0.10737418240000006	 step = 646
116.59000000000003
17.835538352272724
[36.0, 30.0, 48.0, 47.0, 13.0, 14.0, 24.0, 30.0, 7.0, 30.0, 53.0]
[28.0, 41.0, 46.0, 12.0, 34.0, 13.0, 54.0, 6.0, 50.0, 16.0, 30.0]
[12.0, 12.0, 18.0, 18.0, 18.0, 18.0, 12.0, 12.0, 8.0, 12.0, 8.0]
[12.0, 12.0, 18.0, 18.0, 18.0, 18.0, 8.0, 8.0, 12.0, 8.0, 12.0]
T = 0.10737418240000006	 step = 647
116.39000000000004
17.948322443181816
[36.0, 30.0, 48.0, 47.0, 13.0, 14.0, 24.0, 30.0, 8.0, 30.0, 53.0]
[28.0, 41.0, 46.0, 12.0, 34.0, 12.0, 54.0, 6.0, 50.0, 16.0, 30.0]
[12.0, 12.0, 18.0, 18.0, 18.0, 18.0, 12.0, 12.0, 8.0, 12.0, 8.0]
[12.0, 12.0, 18.0, 18.0, 18.0, 18.0, 8.0, 8.0, 12.0, 8.0, 12.0]
T = 0.10737418240000006	 step = 648
116.14000000000004
17.939884943181816
[37.0, 30.0, 48.0, 47.0, 13.0, 14.0, 24.0, 30.0, 8.0, 30.0, 53.0]
[28.0, 41.0, 46.0, 12.0, 34.0, 12.0, 54.0, 6.0, 50.0, 16.0, 30.0]
[12.0, 12.0, 18.0, 18.0, 18.0, 18.0, 12.0, 12.0, 8.0, 12.0, 8.0]
[12.0, 12.0, 18.0, 18.0, 18.0, 18.0, 8.0, 8.0, 12.0, 8.0, 12.0]
T = 0.10737418240000006	 step = 649
115.71000000000004
17.881078125
[37.0, 30.0, 48.0, 47.0, 13.0, 14.0, 24.0, 30.0, 8.0, 30.0, 53.0]
[28.0, 41.0, 47.0, 12.0, 34.0, 12.0, 54.0, 6.0, 50.0, 16.0, 30.0]
[12.0, 12.0, 18.0, 18.0, 18.0, 18.0, 12.0, 12.0, 8.0, 12.0, 8.0]
[12.0, 12.0, 18.0, 18.0, 18.0, 18.0, 8.0, 8.0, 12.0, 8.0, 12.0]
T = 0.10737418240000006	 step = 650
116.02000000000004
17.681078124999996
[37.0, 30.0, 47.0, 47.0, 13.0, 14.0, 24.0, 30.0, 8.0, 30.0, 53.0]
[28.0, 41.0, 47.0, 12.0, 34.0, 12.0, 54.0, 6.0, 50.0, 16.0, 30.0]
[12.0, 12.0, 18.0, 18.0, 18.0, 18.0, 12.0, 12.0, 8.0, 12.0, 8.0]
[12.0, 12.0, 18.0, 18.0, 18.0, 18.0, 8.0, 8.0, 12.0, 8.0, 12.0]
T = 0.08589934592000005	 step = 651
116.01000000000005
17.581078124999998
[37.0, 30.0, 47.0, 47.0, 13.0, 14.0, 24.0, 31.0, 8.0, 30.0, 53.0]
[28.0, 41.0, 47.0, 12.0, 34.0, 12.0, 54.0, 6.0, 50.0, 16.0, 30.0]
[12.0, 12.0, 18.0, 18.0, 18.0, 18.0, 12.0, 12.0, 8.0, 12.0, 8.0]
[12.0, 12.0, 18.0, 18.0, 18.0, 18.0, 8.0, 8.0, 12.0, 8.0, 12.0]
T = 0.08589934592000005	 step = 652
115.97000000000003
17.481078124999996
[37.0, 30.0, 47.0, 47.0, 13.0, 14.0, 24.0, 31.0, 8.0, 30.0, 53.0]
[28.0, 41.0, 47.0, 12.0, 34.0, 12.0, 54.0, 6.0, 50.0, 15.0, 30.0]
[12.0, 12.0, 18.0, 18.0, 18.0, 18.0, 12.0, 12.0, 8.0, 12.0, 8.0]
[12.0, 12.0, 18.0, 18.0, 18.0, 18.0, 8.0, 8.0, 12.0, 8.0, 12.0]
T = 0.08589934592000005	 step = 653
116.01000000000005
17.581078124999998
[37.0, 30.0, 47.0, 47.0, 13.0, 14.0, 24.0, 31.0, 8.0, 30.0, 53.0]
[28.0, 41.0, 47.0, 12.0, 34.0, 12.0, 54.0, 6.0, 50.0, 16.0, 30.0]
[12.0, 12.0, 18.0, 18.0, 18.0, 18.0, 12.0, 12.0, 8.0, 12.0, 8.0]
[12.0, 12.0, 18.0, 18.0, 18.0, 18.0, 8.0, 8.0, 12.0, 8.0, 12.0]
T = 0.08589934592000005	 step = 654
116.04000000000002
17.52227130681818
[37.0, 30.0, 47.0, 47.0, 13.0, 14.0, 24.0, 31.0, 8.0, 30.0, 53.0]
[28.0, 41.0, 47.0, 12.0, 34.0, 12.0, 54.0, 7.0, 50.0, 16.0, 30.0]
[12.0, 12.0, 18.0, 18.0, 18.0, 18.0, 12.0, 12.0, 8.0, 12.0, 8.0]
[12.0, 12.0, 18.0, 18.0, 18.0, 18.0, 8.0, 8.0, 12.0, 8.0, 12.0]
T = 0.08589934592000005	 step = 655
116.01000000000005
17.581078124999998
[37.0, 30.0, 47.0, 47.0, 13.0, 14.0, 24.0, 31.0, 8.0, 30.0, 53.0]
[28.0, 41.0, 47.0, 12.0, 34.0, 12.0, 54.0, 6.0, 50.0, 16.0, 30.0]
[12.0, 12.0, 18.0, 18.0, 18.0, 18.0, 12.0, 12.0, 8.0, 12.0, 8.0]
[12.0, 12.0, 18.0, 18.0, 18.0, 18.0, 8.0, 8.0, 12.0, 8.0, 12.0]
T = 0.08589934592000005	 step = 656
115.94
17.974704545454543
[37.0, 30.0, 47.0, 47.0, 13.0, 14.0, 24.0, 31.0, 8.0, 30.0, 53.0]
[28.0, 41.0, 47.0, 12.0, 34.0, 12.0, 54.0, 6.0, 52.0, 16.0, 30.0]
[12.0, 12.0, 18.0, 18.0, 18.0, 18.0, 12.0, 12.0, 12.0, 12.0, 8.0]
[12.0, 12.0, 18.0, 18.0, 18.0, 18.0, 8.0, 8.0, 8.0, 8.0, 12.0]
T = 0.08589934592000005	 step = 657
115.79000000000002
17.78890909090909
[37.0, 30.0, 47.0, 47.0, 13.0, 14.0, 24.0, 31.0, 8.0, 30.0, 53.0]
[28.0, 41.0, 47.0, 12.0, 35.0, 12.0, 54.0, 6.0, 52.0, 16.0, 30.0]
[12.0, 12.0, 18.0, 18.0, 18.0, 18.0, 12.0, 12.0, 12.0, 12.0, 8.0]
[12.0, 12.0, 18.0, 18.0, 18.0, 18.0, 8.0, 8.0, 8.0, 8.0, 12.0]
T = 0.08589934592000005	 step = 658
115.83000000000004
17.73010227272727
[37.0, 30.0, 47.0, 47.0, 13.0, 14.0, 24.0, 31.0, 8.0, 30.0, 53.0]
[28.0, 41.0, 47.0, 12.0, 35.0, 12.0, 54.0, 7.0, 52.0, 16.0, 30.0]
[12.0, 12.0, 18.0, 18.0, 18.0, 18.0, 12.0, 12.0, 12.0, 12.0, 8.0]
[12.0, 12.0, 18.0, 18.0, 18.0, 18.0, 8.0, 8.0, 8.0, 8.0, 12.0]
T = 0.08589934592000005	 step = 659
115.77000000000004
17.83010227272727
[37.0, 30.0, 47.0, 47.0, 13.0, 14.0, 24.0, 31.0, 8.0, 30.0, 54.0]
[28.0, 41.0, 47.0, 12.0, 35.0, 12.0, 54.0, 7.0, 52.0, 16.0, 30.0]
[12.0, 12.0, 18.0, 18.0, 18.0, 18.0, 12.0, 12.0, 12.0, 12.0, 8.0]
[12.0, 12.0, 18.0, 18.0, 18.0, 18.0, 8.0, 8.0, 8.0, 8.0, 12.0]
T = 0.08589934592000005	 step = 660
115.89000000000004
17.73853977272727
[37.0, 31.0, 47.0, 47.0, 13.0, 14.0, 24.0, 31.0, 8.0, 30.0, 54.0]
[28.0, 41.0, 47.0, 12.0, 35.0, 12.0, 54.0, 7.0, 52.0, 16.0, 30.0]
[12.0, 12.0, 18.0, 18.0, 18.0, 18.0, 12.0, 12.0, 12.0, 12.0, 8.0]
[12.0, 12.0, 18.0, 18.0, 18.0, 18.0, 8.0, 8.0, 8.0, 8.0, 12.0]
T = 0.08589934592000005	 step = 661
115.90000000000003
17.724335227272725
[37.0, 31.0, 47.0, 47.0, 13.0, 14.0, 24.0, 31.0, 9.0, 30.0, 54.0]
[28.0, 41.0, 47.0, 12.0, 35.0, 12.0, 54.0, 7.0, 52.0, 16.0, 30.0]
[12.0, 12.0, 18.0, 18.0, 18.0, 18.0, 12.0, 12.0, 12.0, 12.0, 8.0]
[12.0, 12.0, 18.0, 18.0, 18.0, 18.0, 8.0, 8.0, 8.0, 8.0, 12.0]
T = 0.08589934592000005	 step = 662
116.12
17.524335227272726
[37.0, 31.0, 47.0, 47.0, 13.0, 14.0, 24.0, 31.0, 9.0, 30.0, 54.0]
[28.0, 41.0, 47.0, 12.0, 35.0, 13.0, 54.0, 7.0, 52.0, 16.0, 30.0]
[12.0, 12.0, 18.0, 18.0, 18.0, 18.0, 12.0, 12.0, 12.0, 12.0, 8.0]
[12.0, 12.0, 18.0, 18.0, 18.0, 18.0, 8.0, 8.0, 8.0, 8.0, 12.0]
T = 0.08589934592000005	 step = 663
116.45000000000005
17.07348295454545
[37.0, 31.0, 47.0, 47.0, 13.0, 14.0, 24.0, 31.0, 9.0, 30.0, 49.0]
[28.0, 41.0, 47.0, 12.0, 35.0, 13.0, 54.0, 7.0, 52.0, 16.0, 31.0]
[12.0, 12.0, 18.0, 18.0, 18.0, 18.0, 12.0, 12.0, 12.0, 12.0, 8.0]
[12.0, 12.0, 18.0, 18.0, 18.0, 18.0, 8.0, 8.0, 8.0, 8.0, 12.0]
T = 0.08589934592000005	 step = 664
116.44
17.173482954545452
[37.0, 31.0, 47.0, 47.0, 13.0, 14.0, 24.0, 31.0, 9.0, 30.0, 49.0]
[28.0, 41.0, 47.0, 12.0, 35.0, 13.0, 54.0, 7.0, 53.0, 16.0, 31.0]
[12.0, 12.0, 18.0, 18.0, 18.0, 18.0, 12.0, 12.0, 12.0, 12.0, 8.0]
[12.0, 12.0, 18.0, 18.0, 18.0, 18.0, 8.0, 8.0, 8.0, 8.0, 12.0]
T = 0.08589934592000005	 step = 665
115.88
17.290973011363633
[37.0, 31.0, 47.0, 47.0, 13.0, 14.0, 24.0, 31.0, 9.0, 30.0, 49.0]
[28.0, 41.0, 47.0, 11.0, 35.0, 13.0, 54.0, 7.0, 53.0, 16.0, 31.0]
[12.0, 12.0, 18.0, 18.0, 18.0, 18.0, 12.0, 12.0, 12.0, 12.0, 8.0]
[12.0, 12.0, 18.0, 18.0, 18.0, 18.0, 8.0, 8.0, 8.0, 8.0, 12.0]
T = 0.08589934592000005	 step = 666
115.87
17.390973011363634
[37.0, 31.0, 47.0, 47.0, 13.0, 14.0, 24.0, 30.0, 9.0, 30.0, 49.0]
[28.0, 41.0, 47.0, 11.0, 35.0, 13.0, 54.0, 7.0, 53.0, 16.0, 31.0]
[12.0, 12.0, 18.0, 18.0, 18.0, 18.0, 12.0, 12.0, 12.0, 12.0, 8.0]
[12.0, 12.0, 18.0, 18.0, 18.0, 18.0, 8.0, 8.0, 8.0, 8.0, 12.0]
T = 0.08589934592000005	 step = 667
116.10000000000002
17.482535511363633
[37.0, 30.0, 47.0, 47.0, 13.0, 14.0, 24.0, 30.0, 9.0, 30.0, 49.0]
[28.0, 41.0, 47.0, 11.0, 35.0, 13.0, 54.0, 7.0, 53.0, 16.0, 31.0]
[12.0, 12.0, 18.0, 18.0, 18.0, 18.0, 12.0, 12.0, 12.0, 12.0, 8.0]
[12.0, 12.0, 18.0, 18.0, 18.0, 18.0, 8.0, 8.0, 8.0, 8.0, 12.0]
T = 0.08589934592000005	 step = 668
115.95000000000005
17.501802556818177
[37.0, 30.0, 47.0, 47.0, 13.0, 14.0, 24.0, 30.0, 9.0, 30.0, 49.0]
[28.0, 41.0, 48.0, 11.0, 35.0, 13.0, 54.0, 7.0, 53.0, 16.0, 31.0]
[12.0, 12.0, 18.0, 18.0, 18.0, 18.0, 12.0, 12.0, 12.0, 12.0, 8.0]
[12.0, 12.0, 18.0, 18.0, 18.0, 18.0, 8.0, 8.0, 8.0, 8.0, 12.0]
T = 0.08589934592000005	 step = 669
116.12
17.384312499999997
[37.0, 30.0, 47.0, 47.0, 13.0, 14.0, 24.0, 30.0, 9.0, 30.0, 49.0]
[28.0, 41.0, 48.0, 12.0, 35.0, 13.0, 54.0, 7.0, 53.0, 16.0, 31.0]
[12.0, 12.0, 18.0, 18.0, 18.0, 18.0, 12.0, 12.0, 12.0, 12.0, 8.0]
[12.0, 12.0, 18.0, 18.0, 18.0, 18.0, 8.0, 8.0, 8.0, 8.0, 12.0]
T = 0.08589934592000005	 step = 670
114.74000000000001
17.914994318181815
[37.0, 30.0, 47.0, 47.0, 10.0, 14.0, 24.0, 30.0, 9.0, 30.0, 49.0]
[28.0, 41.0, 48.0, 12.0, 34.0, 13.0, 54.0, 7.0, 53.0, 16.0, 31.0]
[12.0, 12.0, 18.0, 18.0, 18.0, 18.0, 12.0, 12.0, 12.0, 12.0, 8.0]
[12.0, 12.0, 18.0, 18.0, 18.0, 18.0, 8.0, 8.0, 8.0, 8.0, 12.0]
T = 0.08589934592000005	 step = 671
114.78000000000003
18.014994318181813
[37.0, 30.0, 47.0, 47.0, 10.0, 14.0, 24.0, 30.0, 9.0, 31.0, 49.0]
[28.0, 41.0, 48.0, 12.0, 34.0, 13.0, 54.0, 7.0, 53.0, 16.0, 31.0]
[12.0, 12.0, 18.0, 18.0, 18.0, 18.0, 12.0, 12.0, 12.0, 12.0, 8.0]
[12.0, 12.0, 18.0, 18.0, 18.0, 18.0, 8.0, 8.0, 8.0, 8.0, 12.0]
T = 0.08589934592000005	 step = 672
115.16000000000003
17.892551136363632
[37.0, 30.0, 47.0, 47.0, 11.0, 14.0, 24.0, 30.0, 9.0, 31.0, 49.0]
[28.0, 41.0, 48.0, 12.0, 34.0, 13.0, 54.0, 7.0, 53.0, 16.0, 31.0]
[12.0, 12.0, 18.0, 18.0, 18.0, 18.0, 12.0, 12.0, 12.0, 12.0, 8.0]
[12.0, 12.0, 18.0, 18.0, 18.0, 18.0, 8.0, 8.0, 8.0, 8.0, 12.0]
T = 0.08589934592000005	 step = 673
114.80000000000001
17.9561875
[37.0, 30.0, 47.0, 47.0, 10.0, 14.0, 24.0, 30.0, 9.0, 31.0, 49.0]
[28.0, 41.0, 48.0, 12.0, 34.0, 13.0, 53.0, 7.0, 53.0, 16.0, 31.0]
[12.0, 12.0, 18.0, 18.0, 18.0, 18.0, 12.0, 12.0, 12.0, 12.0, 8.0]
[12.0, 12.0, 18.0, 18.0, 18.0, 18.0, 8.0, 8.0, 8.0, 8.0, 12.0]
T = 0.08589934592000005	 step = 674
114.36000000000001
18.059473011363636
[37.0, 30.0, 47.0, 47.0, 10.0, 14.0, 24.0, 30.0, 9.0, 31.0, 49.0]
[28.0, 41.0, 49.0, 12.0, 34.0, 13.0, 53.0, 7.0, 53.0, 16.0, 31.0]
[12.0, 12.0, 18.0, 18.0, 18.0, 18.0, 12.0, 12.0, 12.0, 12.0, 8.0]
[12.0, 12.0, 18.0, 18.0, 18.0, 18.0, 8.0, 8.0, 8.0, 8.0, 12.0]
T = 0.08589934592000005	 step = 675
114.35000000000002
18.03702982954545
[37.0, 30.0, 47.0, 47.0, 10.0, 14.0, 24.0, 30.0, 8.0, 31.0, 49.0]
[28.0, 41.0, 49.0, 12.0, 34.0, 13.0, 53.0, 7.0, 53.0, 16.0, 31.0]
[12.0, 12.0, 18.0, 18.0, 18.0, 18.0, 12.0, 12.0, 12.0, 12.0, 8.0]
[12.0, 12.0, 18.0, 18.0, 18.0, 18.0, 8.0, 8.0, 8.0, 8.0, 12.0]
T = 0.08589934592000005	 step = 676
114.32000000000005
18.01953977272727
[37.0, 30.0, 47.0, 47.0, 10.0, 14.0, 24.0, 30.0, 8.0, 31.0, 49.0]
[28.0, 41.0, 49.0, 12.0, 34.0, 13.0, 54.0, 7.0, 53.0, 16.0, 31.0]
[12.0, 12.0, 18.0, 18.0, 18.0, 18.0, 12.0, 12.0, 12.0, 12.0, 8.0]
[12.0, 12.0, 18.0, 18.0, 18.0, 18.0, 8.0, 8.0, 8.0, 8.0, 12.0]
T = 0.08589934592000005	 step = 677
114.11000000000001
18.21953977272727
[37.0, 30.0, 47.0, 47.0, 10.0, 14.0, 24.0, 30.0, 8.0, 31.0, 49.0]
[28.0, 41.0, 49.0, 12.0, 34.0, 12.0, 54.0, 7.0, 53.0, 16.0, 31.0]
[12.0, 12.0, 18.0, 18.0, 18.0, 18.0, 12.0, 12.0, 12.0, 12.0, 8.0]
[12.0, 12.0, 18.0, 18.0, 18.0, 18.0, 8.0, 8.0, 8.0, 8.0, 12.0]
T = 0.08589934592000005	 step = 678
113.75
18.41953977272727
[37.0, 30.0, 47.0, 48.0, 10.0, 14.0, 24.0, 30.0, 8.0, 31.0, 49.0]
[28.0, 41.0, 49.0, 12.0, 34.0, 12.0, 54.0, 7.0, 53.0, 16.0, 31.0]
[12.0, 12.0, 18.0, 18.0, 18.0, 18.0, 12.0, 12.0, 12.0, 12.0, 8.0]
[12.0, 12.0, 18.0, 18.0, 18.0, 18.0, 8.0, 8.0, 8.0, 8.0, 12.0]
T = 0.08589934592000005	 step = 679
113.82000000000005
18.519539772727274
[37.0, 30.0, 47.0, 48.0, 10.0, 14.0, 24.0, 30.0, 8.0, 31.0, 49.0]
[28.0, 41.0, 49.0, 12.0, 34.0, 12.0, 54.0, 7.0, 53.0, 17.0, 31.0]
[12.0, 12.0, 18.0, 18.0, 18.0, 18.0, 12.0, 12.0, 12.0, 12.0, 8.0]
[12.0, 12.0, 18.0, 18.0, 18.0, 18.0, 8.0, 8.0, 8.0, 8.0, 12.0]
T = 0.08589934592000005	 step = 680
113.80000000000001
18.482892045454545
[37.0, 30.0, 47.0, 48.0, 10.0, 14.0, 24.0, 30.0, 7.0, 31.0, 49.0]
[28.0, 41.0, 49.0, 12.0, 34.0, 12.0, 54.0, 7.0, 53.0, 17.0, 31.0]
[12.0, 12.0, 18.0, 18.0, 18.0, 18.0, 12.0, 12.0, 12.0, 12.0, 8.0]
[12.0, 12.0, 18.0, 18.0, 18.0, 18.0, 8.0, 8.0, 8.0, 8.0, 12.0]
T = 0.08589934592000005	 step = 681
113.28000000000003
18.600382102272725
[37.0, 30.0, 47.0, 48.0, 10.0, 14.0, 24.0, 30.0, 7.0, 31.0, 49.0]
[28.0, 41.0, 49.0, 11.0, 34.0, 12.0, 54.0, 7.0, 53.0, 17.0, 31.0]
[12.0, 12.0, 18.0, 18.0, 18.0, 18.0, 12.0, 12.0, 12.0, 12.0, 8.0]
[12.0, 12.0, 18.0, 18.0, 18.0, 18.0, 8.0, 8.0, 8.0, 8.0, 12.0]
T = 0.08589934592000005	 step = 682
113.14000000000004
18.700382102272727
[37.0, 29.0, 47.0, 48.0, 10.0, 14.0, 24.0, 30.0, 7.0, 31.0, 49.0]
[28.0, 41.0, 49.0, 11.0, 34.0, 12.0, 54.0, 7.0, 53.0, 17.0, 31.0]
[12.0, 12.0, 18.0, 18.0, 18.0, 18.0, 12.0, 12.0, 12.0, 12.0, 8.0]
[12.0, 12.0, 18.0, 18.0, 18.0, 18.0, 8.0, 8.0, 8.0, 8.0, 12.0]
T = 0.08589934592000005	 step = 683
112.94
18.900382102272726
[37.0, 29.0, 48.0, 48.0, 10.0, 14.0, 24.0, 30.0, 7.0, 31.0, 49.0]
[28.0, 41.0, 49.0, 11.0, 34.0, 12.0, 54.0, 7.0, 53.0, 17.0, 31.0]
[12.0, 12.0, 18.0, 18.0, 18.0, 18.0, 12.0, 12.0, 12.0, 12.0, 8.0]
[12.0, 12.0, 18.0, 18.0, 18.0, 18.0, 8.0, 8.0, 8.0, 8.0, 12.0]
T = 0.08589934592000005	 step = 684
113.48000000000002
18.90881960227272
[35.0, 29.0, 48.0, 48.0, 10.0, 14.0, 24.0, 30.0, 7.0, 31.0, 49.0]
[28.0, 41.0, 49.0, 11.0, 34.0, 12.0, 54.0, 7.0, 53.0, 17.0, 31.0]
[12.0, 12.0, 18.0, 18.0, 18.0, 18.0, 12.0, 12.0, 12.0, 12.0, 8.0]
[12.0, 12.0, 18.0, 18.0, 18.0, 18.0, 8.0, 8.0, 8.0, 8.0, 12.0]
T = 0.08589934592000005	 step = 685
112.5
19.100382102272725
[37.0, 29.0, 48.0, 48.0, 10.0, 12.0, 24.0, 30.0, 7.0, 31.0, 49.0]
[28.0, 41.0, 49.0, 11.0, 34.0, 13.0, 54.0, 7.0, 53.0, 17.0, 31.0]
[12.0, 12.0, 18.0, 18.0, 18.0, 18.0, 12.0, 12.0, 12.0, 12.0, 8.0]
[12.0, 12.0, 18.0, 18.0, 18.0, 18.0, 8.0, 8.0, 8.0, 8.0, 12.0]
T = 0.08589934592000005	 step = 686
112.5
19.077372159090906
[37.0, 29.0, 48.0, 48.0, 10.0, 12.0, 24.0, 30.0, 7.0, 31.0, 50.0]
[28.0, 41.0, 49.0, 11.0, 34.0, 13.0, 54.0, 7.0, 53.0, 17.0, 27.0]
[12.0, 12.0, 18.0, 18.0, 18.0, 18.0, 12.0, 12.0, 12.0, 12.0, 12.0]
[12.0, 12.0, 18.0, 18.0, 18.0, 18.0, 8.0, 8.0, 8.0, 8.0, 8.0]
T = 0.08589934592000005	 step = 687
113.20000000000005
19.263167613636362
[37.0, 29.0, 48.0, 48.0, 10.0, 12.0, 24.0, 30.0, 7.0, 31.0, 50.0]
[28.0, 41.0, 49.0, 11.0, 33.0, 13.0, 54.0, 7.0, 53.0, 17.0, 27.0]
[12.0, 12.0, 18.0, 18.0, 18.0, 18.0, 12.0, 12.0, 12.0, 12.0, 12.0]
[12.0, 12.0, 18.0, 18.0, 18.0, 18.0, 8.0, 8.0, 8.0, 8.0, 8.0]
T = 0.08589934592000005	 step = 688
113.08000000000004
19.46316761363636
[37.0, 29.0, 49.0, 48.0, 10.0, 12.0, 24.0, 30.0, 7.0, 31.0, 50.0]
[28.0, 41.0, 49.0, 11.0, 33.0, 13.0, 54.0, 7.0, 53.0, 17.0, 27.0]
[12.0, 12.0, 18.0, 18.0, 18.0, 18.0, 12.0, 12.0, 12.0, 12.0, 12.0]
[12.0, 12.0, 18.0, 18.0, 18.0, 18.0, 8.0, 8.0, 8.0, 8.0, 8.0]
T = 0.08589934592000005	 step = 689
112.20000000000005
19.66316761363636
[37.0, 29.0, 49.0, 48.0, 10.0, 12.0, 24.0, 30.0, 7.0, 31.0, 50.0]
[28.0, 41.0, 49.0, 11.0, 33.0, 12.0, 54.0, 7.0, 53.0, 17.0, 27.0]
[12.0, 12.0, 18.0, 18.0, 18.0, 18.0, 12.0, 12.0, 12.0, 12.0, 12.0]
[12.0, 12.0, 18.0, 18.0, 18.0, 18.0, 8.0, 8.0, 8.0, 8.0, 8.0]
T = 0.08589934592000005	 step = 690
112.85000000000002
19.577372159090906
[37.0, 29.0, 49.0, 48.0, 11.0, 12.0, 24.0, 30.0, 7.0, 31.0, 50.0]
[28.0, 41.0, 49.0, 11.0, 33.0, 12.0, 54.0, 7.0, 53.0, 17.0, 27.0]
[12.0, 12.0, 18.0, 18.0, 18.0, 18.0, 12.0, 12.0, 12.0, 12.0, 12.0]
[12.0, 12.0, 18.0, 18.0, 18.0, 18.0, 8.0, 8.0, 8.0, 8.0, 8.0]
T = 0.08589934592000005	 step = 691
112.44
19.66316761363636
[36.0, 29.0, 49.0, 48.0, 10.0, 12.0, 24.0, 30.0, 7.0, 31.0, 50.0]
[28.0, 41.0, 49.0, 11.0, 33.0, 12.0, 54.0, 7.0, 53.0, 17.0, 27.0]
[12.0, 12.0, 18.0, 18.0, 18.0, 18.0, 12.0, 12.0, 12.0, 12.0, 12.0]
[12.0, 12.0, 18.0, 18.0, 18.0, 18.0, 8.0, 8.0, 8.0, 8.0, 8.0]
T = 0.08589934592000005	 step = 692
112.45000000000005
19.56316761363636
[36.0, 29.0, 49.0, 48.0, 10.0, 12.0, 24.0, 30.0, 7.0, 31.0, 50.0]
[28.0, 41.0, 49.0, 11.0, 33.0, 12.0, 54.0, 7.0, 52.0, 17.0, 27.0]
[12.0, 12.0, 18.0, 18.0, 18.0, 18.0, 12.0, 12.0, 12.0, 12.0, 12.0]
[12.0, 12.0, 18.0, 18.0, 18.0, 18.0, 8.0, 8.0, 8.0, 8.0, 8.0]
T = 0.08589934592000005	 step = 693
112.76000000000005
19.36316761363636
[36.0, 29.0, 49.0, 48.0, 10.0, 13.0, 24.0, 30.0, 7.0, 31.0, 50.0]
[28.0, 41.0, 49.0, 11.0, 33.0, 12.0, 54.0, 7.0, 52.0, 17.0, 27.0]
[12.0, 12.0, 18.0, 18.0, 18.0, 18.0, 12.0, 12.0, 12.0, 12.0, 12.0]
[12.0, 12.0, 18.0, 18.0, 18.0, 18.0, 8.0, 8.0, 8.0, 8.0, 8.0]
T = 0.08589934592000005	 step = 694
113.25
19.36316761363636
[36.0, 29.0, 49.0, 48.0, 10.0, 12.0, 24.0, 30.0, 7.0, 31.0, 50.0]
[28.0, 41.0, 49.0, 11.0, 33.0, 13.0, 54.0, 7.0, 52.0, 17.0, 27.0]
[12.0, 12.0, 18.0, 18.0, 18.0, 18.0, 12.0, 12.0, 12.0, 12.0, 12.0]
[12.0, 12.0, 18.0, 18.0, 18.0, 18.0, 8.0, 8.0, 8.0, 8.0, 8.0]
T = 0.08589934592000005	 step = 695
113.21000000000004
19.631332386363635
[36.0, 29.0, 49.0, 48.0, 10.0, 12.0, 24.0, 30.0, 7.0, 31.0, 51.0]
[28.0, 41.0, 49.0, 11.0, 33.0, 13.0, 54.0, 7.0, 52.0, 17.0, 33.0]
[12.0, 12.0, 18.0, 18.0, 18.0, 18.0, 12.0, 12.0, 12.0, 12.0, 12.0]
[12.0, 12.0, 18.0, 18.0, 18.0, 18.0, 8.0, 8.0, 8.0, 8.0, 8.0]
T = 0.08589934592000005	 step = 696
113.21000000000004
19.53475852272727
[36.0, 29.0, 49.0, 48.0, 10.0, 12.0, 24.0, 30.0, 7.0, 31.0, 51.0]
[28.0, 41.0, 49.0, 11.0, 33.0, 13.0, 54.0, 7.0, 52.0, 17.0, 32.0]
[12.0, 12.0, 18.0, 18.0, 18.0, 18.0, 12.0, 12.0, 12.0, 12.0, 12.0]
[12.0, 12.0, 18.0, 18.0, 18.0, 18.0, 8.0, 8.0, 8.0, 8.0, 8.0]
T = 0.08589934592000005	 step = 697
113.30000000000001
19.507769886363633
[36.0, 29.0, 49.0, 48.0, 10.0, 12.0, 24.0, 30.0, 7.0, 31.0, 51.0]
[28.0, 41.0, 48.0, 11.0, 33.0, 13.0, 54.0, 7.0, 52.0, 17.0, 32.0]
[12.0, 12.0, 18.0, 18.0, 18.0, 18.0, 12.0, 12.0, 12.0, 12.0, 12.0]
[12.0, 12.0, 18.0, 18.0, 18.0, 18.0, 8.0, 8.0, 8.0, 8.0, 8.0]
T = 0.08589934592000005	 step = 698
113.51000000000005
19.307769886363634
[36.0, 29.0, 49.0, 47.0, 10.0, 12.0, 24.0, 30.0, 7.0, 31.0, 51.0]
[28.0, 41.0, 48.0, 11.0, 33.0, 13.0, 54.0, 7.0, 52.0, 17.0, 32.0]
[12.0, 12.0, 18.0, 18.0, 18.0, 18.0, 12.0, 12.0, 12.0, 12.0, 12.0]
[12.0, 12.0, 18.0, 18.0, 18.0, 18.0, 8.0, 8.0, 8.0, 8.0, 8.0]
T = 0.08589934592000005	 step = 699
113.43
19.33475852272727
[36.0, 29.0, 49.0, 47.0, 10.0, 12.0, 24.0, 30.0, 7.0, 31.0, 51.0]
[28.0, 41.0, 49.0, 11.0, 33.0, 13.0, 54.0, 7.0, 52.0, 17.0, 32.0]
[12.0, 12.0, 18.0, 18.0, 18.0, 18.0, 12.0, 12.0, 12.0, 12.0, 12.0]
[12.0, 12.0, 18.0, 18.0, 18.0, 18.0, 8.0, 8.0, 8.0, 8.0, 8.0]
T = 0.08589934592000005	 step = 700
113.41000000000003
19.63133238636363
[36.0, 29.0, 49.0, 47.0, 10.0, 12.0, 24.0, 30.0, 7.0, 31.0, 51.0]
[28.0, 41.0, 49.0, 11.0, 33.0, 13.0, 54.0, 7.0, 52.0, 17.0, 35.0]
[12.0, 12.0, 18.0, 18.0, 18.0, 18.0, 12.0, 12.0, 12.0, 12.0, 12.0]
[12.0, 12.0, 18.0, 18.0, 18.0, 18.0, 8.0, 8.0, 8.0, 8.0, 8.0]
T = 0.08589934592000005	 step = 701
113.44
19.648822443181817
[36.0, 29.0, 49.0, 47.0, 10.0, 12.0, 24.0, 30.0, 7.0, 31.0, 51.0]
[28.0, 41.0, 49.0, 11.0, 33.0, 13.0, 53.0, 7.0, 52.0, 17.0, 35.0]
[12.0, 12.0, 18.0, 18.0, 18.0, 18.0, 12.0, 12.0, 12.0, 12.0, 12.0]
[12.0, 12.0, 18.0, 18.0, 18.0, 18.0, 8.0, 8.0, 8.0, 8.0, 8.0]
T = 0.08589934592000005	 step = 702
113.56
19.448822443181815
[36.0, 29.0, 48.0, 47.0, 10.0, 12.0, 24.0, 30.0, 7.0, 31.0, 51.0]
[28.0, 41.0, 49.0, 11.0, 33.0, 13.0, 53.0, 7.0, 52.0, 17.0, 35.0]
[12.0, 12.0, 18.0, 18.0, 18.0, 18.0, 12.0, 12.0, 12.0, 12.0, 12.0]
[12.0, 12.0, 18.0, 18.0, 18.0, 18.0, 8.0, 8.0, 8.0, 8.0, 8.0]
T = 0.08589934592000005	 step = 703
113.59000000000003
19.548822443181816
[36.0, 29.0, 48.0, 47.0, 10.0, 12.0, 24.0, 29.0, 7.0, 31.0, 51.0]
[28.0, 41.0, 49.0, 11.0, 33.0, 13.0, 53.0, 7.0, 52.0, 17.0, 35.0]
[12.0, 12.0, 18.0, 18.0, 18.0, 18.0, 12.0, 12.0, 12.0, 12.0, 12.0]
[12.0, 12.0, 18.0, 18.0, 18.0, 18.0, 8.0, 8.0, 8.0, 8.0, 8.0]
T = 0.08589934592000005	 step = 704
113.64000000000004
19.431332386363632
[36.0, 29.0, 48.0, 47.0, 10.0, 12.0, 24.0, 29.0, 7.0, 31.0, 51.0]
[28.0, 41.0, 49.0, 12.0, 33.0, 13.0, 53.0, 7.0, 52.0, 17.0, 35.0]
[12.0, 12.0, 18.0, 18.0, 18.0, 18.0, 12.0, 12.0, 12.0, 12.0, 12.0]
[12.0, 12.0, 18.0, 18.0, 18.0, 18.0, 8.0, 8.0, 8.0, 8.0, 8.0]
T = 0.08589934592000005	 step = 705
113.66000000000003
19.51854829545454
[36.0, 29.0, 48.0, 47.0, 10.0, 12.0, 24.0, 29.0, 7.0, 31.0, 51.0]
[28.0, 41.0, 49.0, 12.0, 33.0, 13.0, 52.0, 7.0, 52.0, 17.0, 35.0]
[12.0, 12.0, 18.0, 18.0, 18.0, 18.0, 12.0, 12.0, 12.0, 12.0, 12.0]
[12.0, 12.0, 18.0, 18.0, 18.0, 18.0, 8.0, 8.0, 8.0, 8.0, 8.0]
T = 0.08589934592000005	 step = 706
113.52000000000004
19.63133238636363
[36.0, 29.0, 49.0, 47.0, 10.0, 12.0, 24.0, 29.0, 7.0, 31.0, 51.0]
[28.0, 41.0, 49.0, 12.0, 33.0, 13.0, 53.0, 7.0, 52.0, 17.0, 35.0]
[12.0, 12.0, 18.0, 18.0, 18.0, 18.0, 12.0, 12.0, 12.0, 12.0, 12.0]
[12.0, 12.0, 18.0, 18.0, 18.0, 18.0, 8.0, 8.0, 8.0, 8.0, 8.0]
T = 0.08589934592000005	 step = 707
113.64000000000004
19.431332386363632
[36.0, 29.0, 48.0, 47.0, 10.0, 12.0, 24.0, 29.0, 7.0, 31.0, 51.0]
[28.0, 41.0, 49.0, 12.0, 33.0, 13.0, 53.0, 7.0, 52.0, 17.0, 35.0]
[12.0, 12.0, 18.0, 18.0, 18.0, 18.0, 12.0, 12.0, 12.0, 12.0, 12.0]
[12.0, 12.0, 18.0, 18.0, 18.0, 18.0, 8.0, 8.0, 8.0, 8.0, 8.0]
T = 0.08589934592000005	 step = 708
113.44
19.24553693181818
[36.0, 29.0, 48.0, 47.0, 10.0, 12.0, 24.0, 29.0, 7.0, 31.0, 51.0]
[28.0, 41.0, 49.0, 12.0, 34.0, 13.0, 53.0, 7.0, 52.0, 17.0, 35.0]
[12.0, 12.0, 18.0, 18.0, 18.0, 18.0, 12.0, 12.0, 12.0, 12.0, 12.0]
[12.0, 12.0, 18.0, 18.0, 18.0, 18.0, 8.0, 8.0, 8.0, 8.0, 8.0]
T = 0.08589934592000005	 step = 709
113.43
19.34553693181818
[36.0, 29.0, 48.0, 47.0, 10.0, 12.0, 24.0, 28.0, 7.0, 31.0, 51.0]
[28.0, 41.0, 49.0, 12.0, 34.0, 13.0, 53.0, 7.0, 52.0, 17.0, 35.0]
[12.0, 12.0, 18.0, 18.0, 18.0, 18.0, 12.0, 12.0, 12.0, 12.0, 12.0]
[12.0, 12.0, 18.0, 18.0, 18.0, 18.0, 8.0, 8.0, 8.0, 8.0, 8.0]
T = 0.06871947673600004	 step = 710
113.11000000000001
19.54553693181818
[36.0, 29.0, 48.0, 47.0, 10.0, 11.0, 24.0, 28.0, 7.0, 31.0, 51.0]
[28.0, 41.0, 49.0, 12.0, 34.0, 13.0, 53.0, 7.0, 52.0, 17.0, 35.0]
[12.0, 12.0, 18.0, 18.0, 18.0, 18.0, 12.0, 12.0, 12.0, 12.0, 12.0]
[12.0, 12.0, 18.0, 18.0, 18.0, 18.0, 8.0, 8.0, 8.0, 8.0, 8.0]
T = 0.06871947673600004	 step = 711
113.09000000000003
19.528046874999998
[36.0, 29.0, 48.0, 47.0, 10.0, 11.0, 24.0, 28.0, 7.0, 31.0, 51.0]
[28.0, 41.0, 49.0, 12.0, 34.0, 13.0, 54.0, 7.0, 52.0, 17.0, 35.0]
[12.0, 12.0, 18.0, 18.0, 18.0, 18.0, 12.0, 12.0, 12.0, 12.0, 12.0]
[12.0, 12.0, 18.0, 18.0, 18.0, 18.0, 8.0, 8.0, 8.0, 8.0, 8.0]
T = 0.06871947673600004	 step = 712
113.30000000000001
19.328046875
[36.0, 29.0, 47.0, 47.0, 10.0, 11.0, 24.0, 28.0, 7.0, 31.0, 51.0]
[28.0, 41.0, 49.0, 12.0, 34.0, 13.0, 54.0, 7.0, 52.0, 17.0, 35.0]
[12.0, 12.0, 18.0, 18.0, 18.0, 18.0, 12.0, 12.0, 12.0, 12.0, 12.0]
[12.0, 12.0, 18.0, 18.0, 18.0, 18.0, 8.0, 8.0, 8.0, 8.0, 8.0]
T = 0.06871947673600004	 step = 713
113.53000000000003
19.51384232954545
[36.0, 29.0, 47.0, 47.0, 10.0, 11.0, 24.0, 28.0, 7.0, 31.0, 51.0]
[28.0, 41.0, 49.0, 12.0, 33.0, 13.0, 54.0, 7.0, 52.0, 17.0, 35.0]
[12.0, 12.0, 18.0, 18.0, 18.0, 18.0, 12.0, 12.0, 12.0, 12.0, 12.0]
[12.0, 12.0, 18.0, 18.0, 18.0, 18.0, 8.0, 8.0, 8.0, 8.0, 8.0]
T = 0.06871947673600004	 step = 714
113.40000000000003
19.51384232954545
[37.0, 29.0, 47.0, 47.0, 10.0, 11.0, 24.0, 28.0, 7.0, 31.0, 51.0]
[28.0, 41.0, 49.0, 12.0, 33.0, 13.0, 54.0, 7.0, 52.0, 17.0, 35.0]
[12.0, 12.0, 18.0, 18.0, 18.0, 18.0, 12.0, 12.0, 12.0, 12.0, 12.0]
[12.0, 12.0, 18.0, 18.0, 18.0, 18.0, 8.0, 8.0, 8.0, 8.0, 8.0]
T = 0.06871947673600004	 step = 715
113.38
19.413842329545457
[37.0, 29.0, 47.0, 47.0, 10.0, 11.0, 24.0, 28.0, 7.0, 31.0, 51.0]
[28.0, 41.0, 49.0, 12.0, 33.0, 13.0, 54.0, 7.0, 52.0, 16.0, 35.0]
[12.0, 12.0, 18.0, 18.0, 18.0, 18.0, 12.0, 12.0, 12.0, 12.0, 12.0]
[12.0, 12.0, 18.0, 18.0, 18.0, 18.0, 8.0, 8.0, 8.0, 8.0, 8.0]
T = 0.06871947673600004	 step = 716
113.33000000000004
19.513842329545458
[37.0, 29.0, 47.0, 47.0, 10.0, 11.0, 24.0, 28.0, 7.0, 31.0, 51.0]
[28.0, 41.0, 49.0, 12.0, 33.0, 13.0, 54.0, 7.0, 53.0, 16.0, 35.0]
[12.0, 12.0, 18.0, 18.0, 18.0, 18.0, 12.0, 12.0, 12.0, 12.0, 12.0]
[12.0, 12.0, 18.0, 18.0, 18.0, 18.0, 8.0, 8.0, 8.0, 8.0, 8.0]
T = 0.06871947673600004	 step = 717
113.51000000000005
19.31384232954545
[37.0, 29.0, 46.0, 47.0, 10.0, 11.0, 24.0, 28.0, 7.0, 31.0, 51.0]
[28.0, 41.0, 49.0, 12.0, 33.0, 13.0, 54.0, 7.0, 53.0, 16.0, 35.0]
[12.0, 12.0, 18.0, 18.0, 18.0, 18.0, 12.0, 12.0, 12.0, 12.0, 12.0]
[12.0, 12.0, 18.0, 18.0, 18.0, 18.0, 8.0, 8.0, 8.0, 8.0, 8.0]
T = 0.06871947673600004	 step = 718
113.65000000000003
19.31384232954545
[36.0, 29.0, 46.0, 47.0, 10.0, 11.0, 24.0, 28.0, 7.0, 31.0, 51.0]
[28.0, 41.0, 49.0, 12.0, 33.0, 13.0, 54.0, 7.0, 53.0, 16.0, 35.0]
[12.0, 12.0, 18.0, 18.0, 18.0, 18.0, 12.0, 12.0, 12.0, 12.0, 12.0]
[12.0, 12.0, 18.0, 18.0, 18.0, 18.0, 8.0, 8.0, 8.0, 8.0, 8.0]
T = 0.06871947673600004	 step = 719
113.67000000000002
19.413842329545457
[36.0, 29.0, 46.0, 47.0, 10.0, 11.0, 24.0, 28.0, 7.0, 31.0, 51.0]
[28.0, 41.0, 49.0, 12.0, 33.0, 13.0, 54.0, 7.0, 53.0, 17.0, 35.0]
[12.0, 12.0, 18.0, 18.0, 18.0, 18.0, 12.0, 12.0, 12.0, 12.0, 12.0]
[12.0, 12.0, 18.0, 18.0, 18.0, 18.0, 8.0, 8.0, 8.0, 8.0, 8.0]
T = 0.06871947673600004	 step = 720
113.87
19.422279829545452
[35.0, 29.0, 46.0, 47.0, 10.0, 11.0, 24.0, 28.0, 7.0, 31.0, 51.0]
[28.0, 41.0, 49.0, 12.0, 33.0, 13.0, 54.0, 7.0, 53.0, 17.0, 35.0]
[12.0, 12.0, 18.0, 18.0, 18.0, 18.0, 12.0, 12.0, 12.0, 12.0, 12.0]
[12.0, 12.0, 18.0, 18.0, 18.0, 18.0, 8.0, 8.0, 8.0, 8.0, 8.0]
T = 0.06871947673600004	 step = 721
113.73000000000002
19.636484375
[35.0, 29.0, 46.0, 47.0, 10.0, 11.0, 24.0, 28.0, 7.0, 31.0, 51.0]
[28.0, 42.0, 49.0, 12.0, 33.0, 13.0, 54.0, 7.0, 53.0, 17.0, 35.0]
[12.0, 12.0, 18.0, 18.0, 18.0, 18.0, 12.0, 12.0, 12.0, 12.0, 12.0]
[12.0, 12.0, 18.0, 18.0, 18.0, 18.0, 8.0, 8.0, 8.0, 8.0, 8.0]
T = 0.06871947673600004	 step = 722
113.58000000000004
19.836484374999998
[35.0, 29.0, 46.0, 48.0, 10.0, 11.0, 24.0, 28.0, 7.0, 31.0, 51.0]
[28.0, 42.0, 49.0, 12.0, 33.0, 13.0, 54.0, 7.0, 53.0, 17.0, 35.0]
[12.0, 12.0, 18.0, 18.0, 18.0, 18.0, 12.0, 12.0, 12.0, 12.0, 12.0]
[12.0, 12.0, 18.0, 18.0, 18.0, 18.0, 8.0, 8.0, 8.0, 8.0, 8.0]
T = 0.06871947673600004	 step = 723
113.56
19.936484374999996
[35.0, 29.0, 46.0, 48.0, 10.0, 11.0, 24.0, 28.0, 7.0, 31.0, 52.0]
[28.0, 42.0, 49.0, 12.0, 33.0, 13.0, 54.0, 7.0, 53.0, 17.0, 35.0]
[12.0, 12.0, 18.0, 18.0, 18.0, 18.0, 12.0, 12.0, 12.0, 12.0, 12.0]
[12.0, 12.0, 18.0, 18.0, 18.0, 18.0, 8.0, 8.0, 8.0, 8.0, 8.0]
T = 0.06871947673600004	 step = 724
113.57000000000005
20.036484374999997
[35.0, 29.0, 46.0, 48.0, 10.0, 11.0, 24.0, 27.0, 7.0, 31.0, 52.0]
[28.0, 42.0, 49.0, 12.0, 33.0, 13.0, 54.0, 7.0, 53.0, 17.0, 35.0]
[12.0, 12.0, 18.0, 18.0, 18.0, 18.0, 12.0, 12.0, 12.0, 12.0, 12.0]
[12.0, 12.0, 18.0, 18.0, 18.0, 18.0, 8.0, 8.0, 8.0, 8.0, 8.0]
T = 0.06871947673600004	 step = 725
113.43
20.028046874999998
[36.0, 29.0, 46.0, 48.0, 10.0, 11.0, 24.0, 27.0, 7.0, 31.0, 52.0]
[28.0, 42.0, 49.0, 12.0, 33.0, 13.0, 54.0, 7.0, 53.0, 17.0, 35.0]
[12.0, 12.0, 18.0, 18.0, 18.0, 18.0, 12.0, 12.0, 12.0, 12.0, 12.0]
[12.0, 12.0, 18.0, 18.0, 18.0, 18.0, 8.0, 8.0, 8.0, 8.0, 8.0]
T = 0.06871947673600004	 step = 726
114.12
19.942251420454543
[36.0, 29.0, 46.0, 48.0, 11.0, 11.0, 24.0, 27.0, 7.0, 31.0, 52.0]
[28.0, 42.0, 49.0, 12.0, 33.0, 13.0, 54.0, 7.0, 53.0, 17.0, 35.0]
[12.0, 12.0, 18.0, 18.0, 18.0, 18.0, 12.0, 12.0, 12.0, 12.0, 12.0]
[12.0, 12.0, 18.0, 18.0, 18.0, 18.0, 8.0, 8.0, 8.0, 8.0, 8.0]
T = 0.06871947673600004	 step = 727
114.32000000000005
19.74225142045454
[36.0, 29.0, 45.0, 48.0, 11.0, 11.0, 24.0, 27.0, 7.0, 31.0, 52.0]
[28.0, 42.0, 49.0, 12.0, 33.0, 13.0, 54.0, 7.0, 53.0, 17.0, 35.0]
[12.0, 12.0, 18.0, 18.0, 18.0, 18.0, 12.0, 12.0, 12.0, 12.0, 12.0]
[12.0, 12.0, 18.0, 18.0, 18.0, 18.0, 8.0, 8.0, 8.0, 8.0, 8.0]
T = 0.06871947673600004	 step = 728
114.31
19.64225142045454
[36.0, 29.0, 45.0, 48.0, 11.0, 11.0, 24.0, 28.0, 7.0, 31.0, 52.0]
[28.0, 42.0, 49.0, 12.0, 33.0, 13.0, 54.0, 7.0, 53.0, 17.0, 35.0]
[12.0, 12.0, 18.0, 18.0, 18.0, 18.0, 12.0, 12.0, 12.0, 12.0, 12.0]
[12.0, 12.0, 18.0, 18.0, 18.0, 18.0, 8.0, 8.0, 8.0, 8.0, 8.0]
T = 0.06871947673600004	 step = 729
115.0
19.828046875
[36.0, 29.0, 45.0, 48.0, 11.0, 11.0, 24.0, 28.0, 7.0, 31.0, 52.0]
[28.0, 42.0, 49.0, 12.0, 32.0, 13.0, 54.0, 7.0, 53.0, 17.0, 35.0]
[12.0, 12.0, 18.0, 18.0, 18.0, 18.0, 12.0, 12.0, 12.0, 12.0, 12.0]
[12.0, 12.0, 18.0, 18.0, 18.0, 18.0, 8.0, 8.0, 8.0, 8.0, 8.0]
T = 0.06871947673600004	 step = 730
115.01000000000005
19.928046874999996
[36.0, 29.0, 45.0, 48.0, 11.0, 11.0, 23.0, 28.0, 7.0, 31.0, 52.0]
[28.0, 42.0, 49.0, 12.0, 32.0, 13.0, 54.0, 7.0, 53.0, 17.0, 35.0]
[12.0, 12.0, 18.0, 18.0, 18.0, 18.0, 12.0, 12.0, 12.0, 12.0, 12.0]
[12.0, 12.0, 18.0, 18.0, 18.0, 18.0, 8.0, 8.0, 8.0, 8.0, 8.0]
T = 0.06871947673600004	 step = 731
115.0
20.128046875
[36.0, 29.0, 45.0, 48.0, 11.0, 10.0, 23.0, 28.0, 7.0, 31.0, 52.0]
[28.0, 42.0, 49.0, 12.0, 32.0, 13.0, 54.0, 7.0, 53.0, 17.0, 35.0]
[12.0, 12.0, 18.0, 18.0, 18.0, 18.0, 12.0, 12.0, 12.0, 12.0, 12.0]
[12.0, 12.0, 18.0, 18.0, 18.0, 18.0, 8.0, 8.0, 8.0, 8.0, 8.0]
T = 0.06871947673600004	 step = 732
115.01000000000005
19.928046874999996
[36.0, 29.0, 45.0, 48.0, 11.0, 11.0, 23.0, 28.0, 7.0, 31.0, 52.0]
[28.0, 42.0, 49.0, 12.0, 32.0, 13.0, 54.0, 7.0, 53.0, 17.0, 35.0]
[12.0, 12.0, 18.0, 18.0, 18.0, 18.0, 12.0, 12.0, 12.0, 12.0, 12.0]
[12.0, 12.0, 18.0, 18.0, 18.0, 18.0, 8.0, 8.0, 8.0, 8.0, 8.0]
T = 0.06871947673600004	 step = 733
114.98000000000002
20.028046874999998
[36.0, 29.0, 45.0, 48.0, 11.0, 11.0, 23.0, 28.0, 7.0, 32.0, 52.0]
[28.0, 42.0, 49.0, 12.0, 32.0, 13.0, 54.0, 7.0, 53.0, 17.0, 35.0]
[12.0, 12.0, 18.0, 18.0, 18.0, 18.0, 12.0, 12.0, 12.0, 12.0, 12.0]
[12.0, 12.0, 18.0, 18.0, 18.0, 18.0, 8.0, 8.0, 8.0, 8.0, 8.0]
T = 0.06871947673600004	 step = 734
115.0
19.928046874999996
[36.0, 29.0, 45.0, 48.0, 11.0, 11.0, 23.0, 28.0, 7.0, 32.0, 51.0]
[28.0, 42.0, 49.0, 12.0, 32.0, 13.0, 54.0, 7.0, 53.0, 17.0, 35.0]
[12.0, 12.0, 18.0, 18.0, 18.0, 18.0, 12.0, 12.0, 12.0, 12.0, 12.0]
[12.0, 12.0, 18.0, 18.0, 18.0, 18.0, 8.0, 8.0, 8.0, 8.0, 8.0]
T = 0.06871947673600004	 step = 735
115.02000000000004
19.828046875
[36.0, 29.0, 45.0, 48.0, 11.0, 11.0, 23.0, 28.0, 7.0, 32.0, 50.0]
[28.0, 42.0, 49.0, 12.0, 32.0, 13.0, 54.0, 7.0, 53.0, 17.0, 35.0]
[12.0, 12.0, 18.0, 18.0, 18.0, 18.0, 12.0, 12.0, 12.0, 12.0, 12.0]
[12.0, 12.0, 18.0, 18.0, 18.0, 18.0, 8.0, 8.0, 8.0, 8.0, 8.0]
T = 0.06871947673600004	 step = 736
114.83000000000004
20.028046874999998
[36.0, 29.0, 46.0, 48.0, 11.0, 11.0, 23.0, 28.0, 7.0, 32.0, 50.0]
[28.0, 42.0, 49.0, 12.0, 32.0, 13.0, 54.0, 7.0, 53.0, 17.0, 35.0]
[12.0, 12.0, 18.0, 18.0, 18.0, 18.0, 12.0, 12.0, 12.0, 12.0, 12.0]
[12.0, 12.0, 18.0, 18.0, 18.0, 18.0, 8.0, 8.0, 8.0, 8.0, 8.0]
T = 0.06871947673600004	 step = 737
114.83000000000004
19.928046874999996
[36.0, 29.0, 46.0, 48.0, 11.0, 11.0, 23.0, 28.0, 7.0, 32.0, 50.0]
[28.0, 42.0, 49.0, 12.0, 32.0, 13.0, 54.0, 7.0, 53.0, 17.0, 34.0]
[12.0, 12.0, 18.0, 18.0, 18.0, 18.0, 12.0, 12.0, 12.0, 12.0, 12.0]
[12.0, 12.0, 18.0, 18.0, 18.0, 18.0, 8.0, 8.0, 8.0, 8.0, 8.0]
T = 0.06871947673600004	 step = 738
114.84000000000003
20.028046874999998
[36.0, 29.0, 46.0, 48.0, 11.0, 11.0, 23.0, 27.0, 7.0, 32.0, 50.0]
[28.0, 42.0, 49.0, 12.0, 32.0, 13.0, 54.0, 7.0, 53.0, 17.0, 34.0]
[12.0, 12.0, 18.0, 18.0, 18.0, 18.0, 12.0, 12.0, 12.0, 12.0, 12.0]
[12.0, 12.0, 18.0, 18.0, 18.0, 18.0, 8.0, 8.0, 8.0, 8.0, 8.0]
T = 0.06871947673600004	 step = 739
114.69
20.228046874999997
[36.0, 29.0, 46.0, 49.0, 11.0, 11.0, 23.0, 27.0, 7.0, 32.0, 50.0]
[28.0, 42.0, 49.0, 12.0, 32.0, 13.0, 54.0, 7.0, 53.0, 17.0, 34.0]
[12.0, 12.0, 18.0, 18.0, 18.0, 18.0, 12.0, 12.0, 12.0, 12.0, 12.0]
[12.0, 12.0, 18.0, 18.0, 18.0, 18.0, 8.0, 8.0, 8.0, 8.0, 8.0]
T = 0.06871947673600004	 step = 740
114.52000000000004
20.136484375
[36.0, 30.0, 46.0, 49.0, 11.0, 11.0, 23.0, 27.0, 7.0, 32.0, 50.0]
[28.0, 42.0, 49.0, 12.0, 32.0, 13.0, 54.0, 7.0, 53.0, 17.0, 34.0]
[12.0, 12.0, 18.0, 18.0, 18.0, 18.0, 12.0, 12.0, 12.0, 12.0, 12.0]
[12.0, 12.0, 18.0, 18.0, 18.0, 18.0, 8.0, 8.0, 8.0, 8.0, 8.0]
T = 0.06871947673600004	 step = 741
114.60000000000002
20.11721732954545
[36.0, 30.0, 46.0, 49.0, 11.0, 11.0, 23.0, 27.0, 7.0, 32.0, 50.0]
[28.0, 42.0, 48.0, 12.0, 32.0, 13.0, 54.0, 7.0, 53.0, 17.0, 34.0]
[12.0, 12.0, 18.0, 18.0, 18.0, 18.0, 12.0, 12.0, 12.0, 12.0, 12.0]
[12.0, 12.0, 18.0, 18.0, 18.0, 18.0, 8.0, 8.0, 8.0, 8.0, 8.0]
T = 0.06871947673600004	 step = 742
114.0
20.203012784090905
[36.0, 30.0, 46.0, 49.0, 10.0, 11.0, 23.0, 27.0, 7.0, 32.0, 50.0]
[28.0, 42.0, 48.0, 12.0, 32.0, 13.0, 54.0, 7.0, 53.0, 17.0, 34.0]
[12.0, 12.0, 18.0, 18.0, 18.0, 18.0, 12.0, 12.0, 12.0, 12.0, 12.0]
[12.0, 12.0, 18.0, 18.0, 18.0, 18.0, 8.0, 8.0, 8.0, 8.0, 8.0]
T = 0.06871947673600004	 step = 743
114.0
20.103012784090907
[36.0, 30.0, 46.0, 49.0, 10.0, 11.0, 24.0, 27.0, 7.0, 32.0, 50.0]
[28.0, 42.0, 48.0, 12.0, 32.0, 13.0, 54.0, 7.0, 53.0, 17.0, 34.0]
[12.0, 12.0, 18.0, 18.0, 18.0, 18.0, 12.0, 12.0, 12.0, 12.0, 12.0]
[12.0, 12.0, 18.0, 18.0, 18.0, 18.0, 8.0, 8.0, 8.0, 8.0, 8.0]
T = 0.06871947673600004	 step = 744
113.91000000000003
20.303012784090907
[36.0, 30.0, 46.0, 49.0, 10.0, 10.0, 24.0, 27.0, 7.0, 32.0, 50.0]
[28.0, 42.0, 48.0, 12.0, 32.0, 13.0, 54.0, 7.0, 53.0, 17.0, 34.0]
[12.0, 12.0, 18.0, 18.0, 18.0, 18.0, 12.0, 12.0, 12.0, 12.0, 12.0]
[12.0, 12.0, 18.0, 18.0, 18.0, 18.0, 8.0, 8.0, 8.0, 8.0, 8.0]
T = 0.06871947673600004	 step = 745
113.82000000000005
20.603012784090907
[36.0, 30.0, 46.0, 49.0, 10.0, 10.0, 24.0, 27.0, 7.0, 32.0, 50.0]
[28.0, 43.0, 48.0, 12.0, 32.0, 13.0, 54.0, 7.0, 53.0, 17.0, 34.0]
[12.0, 12.0, 18.0, 18.0, 18.0, 18.0, 12.0, 12.0, 12.0, 12.0, 12.0]
[12.0, 12.0, 18.0, 18.0, 18.0, 18.0, 8.0, 8.0, 8.0, 8.0, 8.0]
T = 0.06871947673600004	 step = 746
113.74000000000001
20.54420596590909
[36.0, 30.0, 46.0, 49.0, 10.0, 10.0, 24.0, 27.0, 7.0, 32.0, 50.0]
[28.0, 43.0, 49.0, 12.0, 32.0, 13.0, 54.0, 7.0, 53.0, 17.0, 34.0]
[12.0, 12.0, 18.0, 18.0, 18.0, 18.0, 12.0, 12.0, 12.0, 12.0, 12.0]
[12.0, 12.0, 18.0, 18.0, 18.0, 18.0, 8.0, 8.0, 8.0, 8.0, 8.0]
T = 0.06871947673600004	 step = 747
113.11000000000001
20.74420596590909
[36.0, 30.0, 46.0, 49.0, 10.0, 10.0, 24.0, 27.0, 7.0, 32.0, 50.0]
[28.0, 43.0, 49.0, 12.0, 32.0, 12.0, 54.0, 7.0, 53.0, 17.0, 34.0]
[12.0, 12.0, 18.0, 18.0, 18.0, 18.0, 12.0, 12.0, 12.0, 12.0, 12.0]
[12.0, 12.0, 18.0, 18.0, 18.0, 18.0, 8.0, 8.0, 8.0, 8.0, 8.0]
T = 0.06871947673600004	 step = 748
113.09000000000003
20.803012784090907
[36.0, 30.0, 46.0, 49.0, 10.0, 10.0, 24.0, 27.0, 7.0, 32.0, 50.0]
[28.0, 43.0, 49.0, 12.0, 32.0, 12.0, 54.0, 6.0, 53.0, 17.0, 34.0]
[12.0, 12.0, 18.0, 18.0, 18.0, 18.0, 12.0, 12.0, 12.0, 12.0, 12.0]
[12.0, 12.0, 18.0, 18.0, 18.0, 18.0, 8.0, 8.0, 8.0, 8.0, 8.0]
T = 0.06871947673600004	 step = 749
113.37
20.638444602272727
[36.0, 30.0, 46.0, 49.0, 10.0, 10.0, 24.0, 27.0, 13.0, 32.0, 50.0]
[28.0, 43.0, 49.0, 12.0, 32.0, 12.0, 54.0, 6.0, 48.0, 17.0, 34.0]
[12.0, 12.0, 18.0, 18.0, 18.0, 18.0, 12.0, 12.0, 8.0, 12.0, 12.0]
[12.0, 12.0, 18.0, 18.0, 18.0, 18.0, 8.0, 8.0, 12.0, 8.0, 8.0]
T = 0.06871947673600004	 step = 750
113.31
20.462103693181817
[36.0, 30.0, 46.0, 49.0, 10.0, 10.0, 24.0, 27.0, 10.0, 32.0, 50.0]
[28.0, 43.0, 49.0, 12.0, 32.0, 12.0, 54.0, 6.0, 49.0, 17.0, 34.0]
[12.0, 12.0, 18.0, 18.0, 18.0, 18.0, 12.0, 12.0, 12.0, 12.0, 12.0]
[12.0, 12.0, 18.0, 18.0, 18.0, 18.0, 8.0, 8.0, 8.0, 8.0, 8.0]
T = 0.06871947673600004	 step = 751
113.28000000000003
20.562103693181815
[36.0, 30.0, 46.0, 49.0, 10.0, 10.0, 24.0, 27.0, 10.0, 33.0, 50.0]
[28.0, 43.0, 49.0, 12.0, 32.0, 12.0, 54.0, 6.0, 49.0, 17.0, 34.0]
[12.0, 12.0, 18.0, 18.0, 18.0, 18.0, 12.0, 12.0, 12.0, 12.0, 12.0]
[12.0, 12.0, 18.0, 18.0, 18.0, 18.0, 8.0, 8.0, 8.0, 8.0, 8.0]
T = 0.06871947673600004	 step = 752
113.43
20.653666193181817
[36.0, 29.0, 46.0, 49.0, 10.0, 10.0, 24.0, 27.0, 10.0, 33.0, 50.0]
[28.0, 43.0, 49.0, 12.0, 32.0, 12.0, 54.0, 6.0, 49.0, 17.0, 34.0]
[12.0, 12.0, 18.0, 18.0, 18.0, 18.0, 12.0, 12.0, 12.0, 12.0, 12.0]
[12.0, 12.0, 18.0, 18.0, 18.0, 18.0, 8.0, 8.0, 8.0, 8.0, 8.0]
T = 0.06871947673600004	 step = 753
113.28000000000003
20.647899147727266
[36.0, 30.0, 46.0, 49.0, 10.0, 10.0, 24.0, 27.0, 11.0, 33.0, 50.0]
[28.0, 43.0, 49.0, 12.0, 32.0, 12.0, 54.0, 6.0, 49.0, 17.0, 34.0]
[12.0, 12.0, 18.0, 18.0, 18.0, 18.0, 12.0, 12.0, 12.0, 12.0, 12.0]
[12.0, 12.0, 18.0, 18.0, 18.0, 18.0, 8.0, 8.0, 8.0, 8.0, 8.0]
T = 0.06871947673600004	 step = 754
112.69
20.847899147727272
[36.0, 30.0, 46.0, 49.0, 10.0, 10.0, 24.0, 27.0, 11.0, 33.0, 50.0]
[28.0, 43.0, 49.0, 12.0, 32.0, 11.0, 54.0, 6.0, 49.0, 17.0, 34.0]
[12.0, 12.0, 18.0, 18.0, 18.0, 18.0, 12.0, 12.0, 12.0, 12.0, 12.0]
[12.0, 12.0, 18.0, 18.0, 18.0, 18.0, 8.0, 8.0, 8.0, 8.0, 8.0]
T = 0.06871947673600004	 step = 755
112.52000000000004
21.04789914772727
[36.0, 30.0, 47.0, 49.0, 10.0, 10.0, 24.0, 27.0, 11.0, 33.0, 50.0]
[28.0, 43.0, 49.0, 12.0, 32.0, 11.0, 54.0, 6.0, 49.0, 17.0, 34.0]
[12.0, 12.0, 18.0, 18.0, 18.0, 18.0, 12.0, 12.0, 12.0, 12.0, 12.0]
[12.0, 12.0, 18.0, 18.0, 18.0, 18.0, 8.0, 8.0, 8.0, 8.0, 8.0]
T = 0.06871947673600004	 step = 756
112.5
20.94789914772727
[36.0, 30.0, 47.0, 49.0, 10.0, 10.0, 25.0, 27.0, 11.0, 33.0, 50.0]
[28.0, 43.0, 49.0, 12.0, 32.0, 11.0, 54.0, 6.0, 49.0, 17.0, 34.0]
[12.0, 12.0, 18.0, 18.0, 18.0, 18.0, 12.0, 12.0, 12.0, 12.0, 12.0]
[12.0, 12.0, 18.0, 18.0, 18.0, 18.0, 8.0, 8.0, 8.0, 8.0, 8.0]
T = 0.06871947673600004	 step = 757
112.56
20.847899147727272
[36.0, 30.0, 47.0, 49.0, 10.0, 10.0, 25.0, 27.0, 11.0, 33.0, 50.0]
[28.0, 43.0, 49.0, 12.0, 32.0, 11.0, 54.0, 6.0, 48.0, 17.0, 34.0]
[12.0, 12.0, 18.0, 18.0, 18.0, 18.0, 12.0, 12.0, 12.0, 12.0, 12.0]
[12.0, 12.0, 18.0, 18.0, 18.0, 18.0, 8.0, 8.0, 8.0, 8.0, 8.0]
T = 0.06871947673600004	 step = 758
112.01000000000005
21.04789914772727
[36.0, 30.0, 47.0, 49.0, 10.0, 10.0, 25.0, 27.0, 11.0, 33.0, 50.0]
[28.0, 43.0, 49.0, 12.0, 32.0, 10.0, 54.0, 6.0, 48.0, 17.0, 34.0]
[12.0, 12.0, 18.0, 18.0, 18.0, 18.0, 12.0, 12.0, 12.0, 12.0, 12.0]
[12.0, 12.0, 18.0, 18.0, 18.0, 18.0, 8.0, 8.0, 8.0, 8.0, 8.0]
T = 0.06871947673600004	 step = 759
112.03000000000003
20.94789914772727
[36.0, 30.0, 47.0, 49.0, 10.0, 10.0, 25.0, 27.0, 11.0, 33.0, 49.0]
[28.0, 43.0, 49.0, 12.0, 32.0, 10.0, 54.0, 6.0, 48.0, 17.0, 34.0]
[12.0, 12.0, 18.0, 18.0, 18.0, 18.0, 12.0, 12.0, 12.0, 12.0, 12.0]
[12.0, 12.0, 18.0, 18.0, 18.0, 18.0, 8.0, 8.0, 8.0, 8.0, 8.0]
T = 0.06871947673600004	 step = 760
112.03000000000003
21.04789914772727
[36.0, 30.0, 47.0, 49.0, 10.0, 10.0, 25.0, 27.0, 11.0, 33.0, 49.0]
[28.0, 43.0, 49.0, 12.0, 32.0, 10.0, 54.0, 6.0, 48.0, 17.0, 35.0]
[12.0, 12.0, 18.0, 18.0, 18.0, 18.0, 12.0, 12.0, 12.0, 12.0, 12.0]
[12.0, 12.0, 18.0, 18.0, 18.0, 18.0, 8.0, 8.0, 8.0, 8.0, 8.0]
T = 0.06871947673600004	 step = 761
111.96000000000004
21.089092329545455
[36.0, 30.0, 47.0, 49.0, 10.0, 10.0, 25.0, 27.0, 11.0, 33.0, 49.0]
[28.0, 43.0, 49.0, 11.0, 32.0, 10.0, 54.0, 6.0, 48.0, 17.0, 35.0]
[12.0, 12.0, 18.0, 18.0, 18.0, 18.0, 12.0, 12.0, 12.0, 12.0, 12.0]
[12.0, 12.0, 18.0, 18.0, 18.0, 18.0, 8.0, 8.0, 8.0, 8.0, 8.0]
T = 0.06871947673600004	 step = 762
111.97000000000003
21.189092329545453
[36.0, 30.0, 47.0, 49.0, 10.0, 10.0, 24.0, 27.0, 11.0, 33.0, 49.0]
[28.0, 43.0, 49.0, 11.0, 32.0, 10.0, 54.0, 6.0, 48.0, 17.0, 35.0]
[12.0, 12.0, 18.0, 18.0, 18.0, 18.0, 12.0, 12.0, 12.0, 12.0, 12.0]
[12.0, 12.0, 18.0, 18.0, 18.0, 18.0, 8.0, 8.0, 8.0, 8.0, 8.0]
T = 0.06871947673600004	 step = 763
112.15000000000003
20.989092329545453
[36.0, 30.0, 46.0, 49.0, 10.0, 10.0, 24.0, 27.0, 11.0, 33.0, 49.0]
[28.0, 43.0, 49.0, 11.0, 32.0, 10.0, 54.0, 6.0, 48.0, 17.0, 35.0]
[12.0, 12.0, 18.0, 18.0, 18.0, 18.0, 12.0, 12.0, 12.0, 12.0, 12.0]
[12.0, 12.0, 18.0, 18.0, 18.0, 18.0, 8.0, 8.0, 8.0, 8.0, 8.0]
T = 0.06871947673600004	 step = 764
112.08000000000004
21.10658238636363
[36.0, 30.0, 46.0, 49.0, 10.0, 10.0, 24.0, 27.0, 11.0, 33.0, 49.0]
[28.0, 43.0, 49.0, 10.0, 32.0, 10.0, 54.0, 6.0, 48.0, 17.0, 35.0]
[12.0, 12.0, 18.0, 18.0, 18.0, 18.0, 12.0, 12.0, 12.0, 12.0, 12.0]
[12.0, 12.0, 18.0, 18.0, 18.0, 18.0, 8.0, 8.0, 8.0, 8.0, 8.0]
T = 0.06871947673600004	 step = 765
112.07000000000005
20.90658238636363
[36.0, 30.0, 46.0, 49.0, 10.0, 11.0, 24.0, 27.0, 11.0, 33.0, 49.0]
[28.0, 43.0, 49.0, 10.0, 32.0, 10.0, 54.0, 6.0, 48.0, 17.0, 35.0]
[12.0, 12.0, 18.0, 18.0, 18.0, 18.0, 12.0, 12.0, 12.0, 12.0, 12.0]
[12.0, 12.0, 18.0, 18.0, 18.0, 18.0, 8.0, 8.0, 8.0, 8.0, 8.0]
T = 0.06871947673600004	 step = 766
112.05000000000001
21.006582386363633
[36.0, 30.0, 46.0, 49.0, 10.0, 11.0, 24.0, 27.0, 11.0, 33.0, 50.0]
[28.0, 43.0, 49.0, 10.0, 32.0, 10.0, 54.0, 6.0, 48.0, 17.0, 35.0]
[12.0, 12.0, 18.0, 18.0, 18.0, 18.0, 12.0, 12.0, 12.0, 12.0, 12.0]
[12.0, 12.0, 18.0, 18.0, 18.0, 18.0, 8.0, 8.0, 8.0, 8.0, 8.0]
T = 0.06871947673600004	 step = 767
112.08000000000004
20.90658238636363
[36.0, 30.0, 46.0, 49.0, 10.0, 11.0, 24.0, 27.0, 11.0, 32.0, 50.0]
[28.0, 43.0, 49.0, 10.0, 32.0, 10.0, 54.0, 6.0, 48.0, 17.0, 35.0]
[12.0, 12.0, 18.0, 18.0, 18.0, 18.0, 12.0, 12.0, 12.0, 12.0, 12.0]
[12.0, 12.0, 18.0, 18.0, 18.0, 18.0, 8.0, 8.0, 8.0, 8.0, 8.0]
T = 0.06871947673600004	 step = 768
112.15000000000003
20.789092329545454
[36.0, 30.0, 46.0, 49.0, 10.0, 11.0, 24.0, 27.0, 11.0, 32.0, 50.0]
[28.0, 43.0, 49.0, 11.0, 32.0, 10.0, 54.0, 6.0, 48.0, 17.0, 35.0]
[12.0, 12.0, 18.0, 18.0, 18.0, 18.0, 12.0, 12.0, 12.0, 12.0, 12.0]
[12.0, 12.0, 18.0, 18.0, 18.0, 18.0, 8.0, 8.0, 8.0, 8.0, 8.0]
T = 0.054975581388800036	 step = 769
112.18
20.689092329545453
[36.0, 30.0, 46.0, 49.0, 10.0, 11.0, 24.0, 27.0, 11.0, 31.0, 50.0]
[28.0, 43.0, 49.0, 11.0, 32.0, 10.0, 54.0, 6.0, 48.0, 17.0, 35.0]
[12.0, 12.0, 18.0, 18.0, 18.0, 18.0, 12.0, 12.0, 12.0, 12.0, 12.0]
[12.0, 12.0, 18.0, 18.0, 18.0, 18.0, 8.0, 8.0, 8.0, 8.0, 8.0]
T = 0.054975581388800036	 step = 770
112.33000000000004
20.780654829545455
[36.0, 29.0, 46.0, 49.0, 10.0, 11.0, 24.0, 27.0, 11.0, 31.0, 50.0]
[28.0, 43.0, 49.0, 11.0, 32.0, 10.0, 54.0, 6.0, 48.0, 17.0, 35.0]
[12.0, 12.0, 18.0, 18.0, 18.0, 18.0, 12.0, 12.0, 12.0, 12.0, 12.0]
[12.0, 12.0, 18.0, 18.0, 18.0, 18.0, 8.0, 8.0, 8.0, 8.0, 8.0]
T = 0.054975581388800036	 step = 771
112.48000000000002
20.58065482954545
[36.0, 29.0, 46.0, 48.0, 10.0, 11.0, 24.0, 27.0, 11.0, 31.0, 50.0]
[28.0, 43.0, 49.0, 11.0, 32.0, 10.0, 54.0, 6.0, 48.0, 17.0, 35.0]
[12.0, 12.0, 18.0, 18.0, 18.0, 18.0, 12.0, 12.0, 12.0, 12.0, 12.0]
[12.0, 12.0, 18.0, 18.0, 18.0, 18.0, 8.0, 8.0, 8.0, 8.0, 8.0]
T = 0.054975581388800036	 step = 772
112.66000000000003
20.380654829545453
[36.0, 29.0, 45.0, 48.0, 10.0, 11.0, 24.0, 27.0, 11.0, 31.0, 50.0]
[28.0, 43.0, 49.0, 11.0, 32.0, 10.0, 54.0, 6.0, 48.0, 17.0, 35.0]
[12.0, 12.0, 18.0, 18.0, 18.0, 18.0, 12.0, 12.0, 12.0, 12.0, 12.0]
[12.0, 12.0, 18.0, 18.0, 18.0, 18.0, 8.0, 8.0, 8.0, 8.0, 8.0]
T = 0.054975581388800036	 step = 773
112.76000000000005
20.15872869318182
[36.0, 29.0, 45.0, 48.0, 10.0, 11.0, 24.0, 27.0, 11.0, 31.0, 50.0]
[28.0, 42.0, 49.0, 11.0, 32.0, 10.0, 54.0, 6.0, 48.0, 17.0, 35.0]
[12.0, 12.0, 18.0, 18.0, 18.0, 18.0, 12.0, 12.0, 12.0, 12.0, 12.0]
[12.0, 12.0, 18.0, 18.0, 18.0, 18.0, 8.0, 8.0, 8.0, 8.0, 8.0]
T = 0.054975581388800036	 step = 774
113.31
19.958728693181815
[36.0, 29.0, 45.0, 48.0, 10.0, 11.0, 24.0, 27.0, 11.0, 31.0, 50.0]
[28.0, 42.0, 49.0, 11.0, 32.0, 11.0, 54.0, 6.0, 48.0, 17.0, 35.0]
[12.0, 12.0, 18.0, 18.0, 18.0, 18.0, 12.0, 12.0, 12.0, 12.0, 12.0]
[12.0, 12.0, 18.0, 18.0, 18.0, 18.0, 8.0, 8.0, 8.0, 8.0, 8.0]
T = 0.054975581388800036	 step = 775
114.01000000000005
19.772933238636362
[36.0, 29.0, 45.0, 48.0, 11.0, 11.0, 24.0, 27.0, 11.0, 31.0, 50.0]
[28.0, 42.0, 49.0, 11.0, 32.0, 11.0, 54.0, 6.0, 48.0, 17.0, 35.0]
[12.0, 12.0, 18.0, 18.0, 18.0, 18.0, 12.0, 12.0, 12.0, 12.0, 12.0]
[12.0, 12.0, 18.0, 18.0, 18.0, 18.0, 8.0, 8.0, 8.0, 8.0, 8.0]
T = 0.054975581388800036	 step = 776
113.30000000000001
19.858728693181817
[36.0, 29.0, 45.0, 48.0, 10.0, 11.0, 24.0, 27.0, 11.0, 31.0, 50.0]
[28.0, 42.0, 49.0, 11.0, 32.0, 11.0, 54.0, 6.0, 48.0, 16.0, 35.0]
[12.0, 12.0, 18.0, 18.0, 18.0, 18.0, 12.0, 12.0, 12.0, 12.0, 12.0]
[12.0, 12.0, 18.0, 18.0, 18.0, 18.0, 8.0, 8.0, 8.0, 8.0, 8.0]
T = 0.054975581388800036	 step = 777
113.99000000000001
19.67293323863636
[36.0, 29.0, 45.0, 48.0, 11.0, 11.0, 24.0, 27.0, 11.0, 31.0, 50.0]
[28.0, 42.0, 49.0, 11.0, 32.0, 11.0, 54.0, 6.0, 48.0, 16.0, 35.0]
[12.0, 12.0, 18.0, 18.0, 18.0, 18.0, 12.0, 12.0, 12.0, 12.0, 12.0]
[12.0, 12.0, 18.0, 18.0, 18.0, 18.0, 8.0, 8.0, 8.0, 8.0, 8.0]
T = 0.054975581388800036	 step = 778
114.58000000000004
19.472933238636358
[36.0, 29.0, 45.0, 48.0, 11.0, 11.0, 24.0, 27.0, 11.0, 31.0, 50.0]
[28.0, 42.0, 49.0, 11.0, 32.0, 12.0, 54.0, 6.0, 48.0, 16.0, 35.0]
[12.0, 12.0, 18.0, 18.0, 18.0, 18.0, 12.0, 12.0, 12.0, 12.0, 12.0]
[12.0, 12.0, 18.0, 18.0, 18.0, 18.0, 8.0, 8.0, 8.0, 8.0, 8.0]
T = 0.054975581388800036	 step = 779
113.98000000000002
19.87293323863636
[36.0, 29.0, 45.0, 48.0, 11.0, 10.0, 24.0, 27.0, 11.0, 31.0, 50.0]
[28.0, 42.0, 49.0, 11.0, 32.0, 11.0, 54.0, 6.0, 48.0, 16.0, 35.0]
[12.0, 12.0, 18.0, 18.0, 18.0, 18.0, 12.0, 12.0, 12.0, 12.0, 12.0]
[12.0, 12.0, 18.0, 18.0, 18.0, 18.0, 8.0, 8.0, 8.0, 8.0, 8.0]
T = 0.054975581388800036	 step = 780
113.78000000000003
19.979022727272724
[36.0, 29.0, 45.0, 48.0, 11.0, 10.0, 24.0, 27.0, 5.0, 31.0, 50.0]
[28.0, 42.0, 49.0, 11.0, 32.0, 11.0, 54.0, 6.0, 51.0, 16.0, 35.0]
[12.0, 12.0, 18.0, 18.0, 18.0, 18.0, 12.0, 12.0, 8.0, 12.0, 12.0]
[12.0, 12.0, 18.0, 18.0, 18.0, 18.0, 8.0, 8.0, 12.0, 8.0, 8.0]
T = 0.054975581388800036	 step = 781
113.80000000000001
20.079022727272726
[36.0, 29.0, 45.0, 48.0, 11.0, 10.0, 24.0, 27.0, 5.0, 31.0, 50.0]
[28.0, 42.0, 49.0, 11.0, 32.0, 11.0, 54.0, 6.0, 51.0, 17.0, 35.0]
[12.0, 12.0, 18.0, 18.0, 18.0, 18.0, 12.0, 12.0, 8.0, 12.0, 12.0]
[12.0, 12.0, 18.0, 18.0, 18.0, 18.0, 8.0, 8.0, 12.0, 8.0, 8.0]
T = 0.054975581388800036	 step = 782
113.61000000000001
20.279022727272725
[36.0, 29.0, 46.0, 48.0, 11.0, 10.0, 24.0, 27.0, 5.0, 31.0, 50.0]
[28.0, 42.0, 49.0, 11.0, 32.0, 11.0, 54.0, 6.0, 51.0, 17.0, 35.0]
[12.0, 12.0, 18.0, 18.0, 18.0, 18.0, 12.0, 12.0, 8.0, 12.0, 12.0]
[12.0, 12.0, 18.0, 18.0, 18.0, 18.0, 8.0, 8.0, 12.0, 8.0, 8.0]
T = 0.054975581388800036	 step = 783
113.58000000000004
20.379022727272723
[36.0, 29.0, 46.0, 48.0, 11.0, 10.0, 24.0, 27.0, 5.0, 32.0, 50.0]
[28.0, 42.0, 49.0, 11.0, 32.0, 11.0, 54.0, 6.0, 51.0, 17.0, 35.0]
[12.0, 12.0, 18.0, 18.0, 18.0, 18.0, 12.0, 12.0, 8.0, 12.0, 12.0]
[12.0, 12.0, 18.0, 18.0, 18.0, 18.0, 8.0, 8.0, 12.0, 8.0, 8.0]
T = 0.054975581388800036	 step = 784
113.60000000000002
20.279022727272725
[36.0, 29.0, 46.0, 48.0, 11.0, 10.0, 24.0, 27.0, 5.0, 32.0, 49.0]
[28.0, 42.0, 49.0, 11.0, 32.0, 11.0, 54.0, 6.0, 51.0, 17.0, 35.0]
[12.0, 12.0, 18.0, 18.0, 18.0, 18.0, 12.0, 12.0, 8.0, 12.0, 12.0]
[12.0, 12.0, 18.0, 18.0, 18.0, 18.0, 8.0, 8.0, 12.0, 8.0, 8.0]
T = 0.054975581388800036	 step = 785
113.65000000000003
20.179022727272724
[36.0, 29.0, 46.0, 48.0, 11.0, 10.0, 24.0, 27.0, 5.0, 32.0, 49.0]
[28.0, 42.0, 49.0, 11.0, 32.0, 11.0, 54.0, 6.0, 50.0, 17.0, 35.0]
[12.0, 12.0, 18.0, 18.0, 18.0, 18.0, 12.0, 12.0, 8.0, 12.0, 12.0]
[12.0, 12.0, 18.0, 18.0, 18.0, 18.0, 8.0, 8.0, 12.0, 8.0, 8.0]
T = 0.054975581388800036	 step = 786
113.65000000000003
20.07902272727273
[36.0, 29.0, 46.0, 48.0, 11.0, 10.0, 24.0, 27.0, 5.0, 32.0, 49.0]
[28.0, 42.0, 49.0, 11.0, 32.0, 11.0, 54.0, 6.0, 50.0, 17.0, 34.0]
[12.0, 12.0, 18.0, 18.0, 18.0, 18.0, 12.0, 12.0, 8.0, 12.0, 12.0]
[12.0, 12.0, 18.0, 18.0, 18.0, 18.0, 8.0, 8.0, 12.0, 8.0, 8.0]
T = 0.054975581388800036	 step = 787
113.5
20.279022727272725
[36.0, 29.0, 46.0, 49.0, 11.0, 10.0, 24.0, 27.0, 5.0, 32.0, 49.0]
[28.0, 42.0, 49.0, 11.0, 32.0, 11.0, 54.0, 6.0, 50.0, 17.0, 34.0]
[12.0, 12.0, 18.0, 18.0, 18.0, 18.0, 12.0, 12.0, 8.0, 12.0, 12.0]
[12.0, 12.0, 18.0, 18.0, 18.0, 18.0, 8.0, 8.0, 12.0, 8.0, 8.0]
T = 0.054975581388800036	 step = 788
113.65000000000003
20.07902272727273
[36.0, 29.0, 46.0, 48.0, 11.0, 10.0, 24.0, 27.0, 5.0, 32.0, 49.0]
[28.0, 42.0, 49.0, 11.0, 32.0, 11.0, 54.0, 6.0, 50.0, 17.0, 34.0]
[12.0, 12.0, 18.0, 18.0, 18.0, 18.0, 12.0, 12.0, 8.0, 12.0, 12.0]
[12.0, 12.0, 18.0, 18.0, 18.0, 18.0, 8.0, 8.0, 12.0, 8.0, 8.0]
T = 0.054975581388800036	 step = 789
113.62
20.137829545454547
[36.0, 29.0, 46.0, 48.0, 11.0, 10.0, 24.0, 27.0, 5.0, 32.0, 49.0]
[28.0, 42.0, 49.0, 11.0, 32.0, 11.0, 54.0, 5.0, 50.0, 17.0, 34.0]
[12.0, 12.0, 18.0, 18.0, 18.0, 18.0, 12.0, 12.0, 8.0, 12.0, 12.0]
[12.0, 12.0, 18.0, 18.0, 18.0, 18.0, 8.0, 8.0, 12.0, 8.0, 8.0]
T = 0.054975581388800036	 step = 790
113.45000000000005
20.04626704545454
[36.0, 30.0, 46.0, 48.0, 11.0, 10.0, 24.0, 27.0, 5.0, 32.0, 49.0]
[28.0, 42.0, 49.0, 11.0, 32.0, 11.0, 54.0, 5.0, 50.0, 17.0, 34.0]
[12.0, 12.0, 18.0, 18.0, 18.0, 18.0, 12.0, 12.0, 8.0, 12.0, 12.0]
[12.0, 12.0, 18.0, 18.0, 18.0, 18.0, 8.0, 8.0, 12.0, 8.0, 8.0]
T = 0.054975581388800036	 step = 791
113.44
19.94626704545454
[36.0, 30.0, 46.0, 48.0, 11.0, 10.0, 24.0, 28.0, 5.0, 32.0, 49.0]
[28.0, 42.0, 49.0, 11.0, 32.0, 11.0, 54.0, 5.0, 50.0, 17.0, 34.0]
[12.0, 12.0, 18.0, 18.0, 18.0, 18.0, 12.0, 12.0, 8.0, 12.0, 12.0]
[12.0, 12.0, 18.0, 18.0, 18.0, 18.0, 8.0, 8.0, 12.0, 8.0, 8.0]
T = 0.054975581388800036	 step = 792
113.60000000000002
20.021835227272724
[35.0, 30.0, 46.0, 48.0, 11.0, 10.0, 24.0, 28.0, 5.0, 32.0, 49.0]
[28.0, 42.0, 49.0, 11.0, 32.0, 11.0, 54.0, 5.0, 50.0, 17.0, 34.0]
[12.0, 12.0, 18.0, 18.0, 18.0, 18.0, 12.0, 12.0, 8.0, 12.0, 12.0]
[12.0, 12.0, 18.0, 18.0, 18.0, 18.0, 8.0, 8.0, 12.0, 8.0, 8.0]
T = 0.054975581388800036	 step = 793
113.45000000000005
20.221835227272724
[35.0, 30.0, 46.0, 49.0, 11.0, 10.0, 24.0, 28.0, 5.0, 32.0, 49.0]
[28.0, 42.0, 49.0, 11.0, 32.0, 11.0, 54.0, 5.0, 50.0, 17.0, 34.0]
[12.0, 12.0, 18.0, 18.0, 18.0, 18.0, 12.0, 12.0, 8.0, 12.0, 12.0]
[12.0, 12.0, 18.0, 18.0, 18.0, 18.0, 8.0, 8.0, 12.0, 8.0, 8.0]
T = 0.054975581388800036	 step = 794
114.03000000000003
20.021835227272724
[35.0, 30.0, 46.0, 49.0, 11.0, 10.0, 24.0, 28.0, 5.0, 32.0, 49.0]
[28.0, 42.0, 49.0, 11.0, 32.0, 12.0, 54.0, 5.0, 50.0, 17.0, 34.0]
[12.0, 12.0, 18.0, 18.0, 18.0, 18.0, 12.0, 12.0, 8.0, 12.0, 12.0]
[12.0, 12.0, 18.0, 18.0, 18.0, 18.0, 8.0, 8.0, 12.0, 8.0, 8.0]
T = 0.054975581388800036	 step = 795
113.5
20.121835227272722
[35.0, 30.0, 46.0, 49.0, 11.0, 10.0, 24.0, 28.0, 5.0, 32.0, 49.0]
[28.0, 42.0, 49.0, 11.0, 32.0, 11.0, 54.0, 5.0, 49.0, 17.0, 34.0]
[12.0, 12.0, 18.0, 18.0, 18.0, 18.0, 12.0, 12.0, 8.0, 12.0, 12.0]
[12.0, 12.0, 18.0, 18.0, 18.0, 18.0, 8.0, 8.0, 12.0, 8.0, 8.0]
T = 0.054975581388800036	 step = 796
113.52000000000004
20.063028409090904
[35.0, 30.0, 46.0, 49.0, 11.0, 10.0, 24.0, 28.0, 5.0, 32.0, 49.0]
[28.0, 42.0, 49.0, 11.0, 32.0, 11.0, 54.0, 6.0, 49.0, 17.0, 34.0]
[12.0, 12.0, 18.0, 18.0, 18.0, 18.0, 12.0, 12.0, 8.0, 12.0, 12.0]
[12.0, 12.0, 18.0, 18.0, 18.0, 18.0, 8.0, 8.0, 12.0, 8.0, 8.0]
T = 0.054975581388800036	 step = 797
113.92000000000002
20.22041477272727
[35.0, 30.0, 46.0, 49.0, 11.0, 10.0, 24.0, 28.0, 5.0, 32.0, 49.0]
[28.0, 42.0, 49.0, 11.0, 31.0, 11.0, 54.0, 6.0, 49.0, 17.0, 34.0]
[12.0, 12.0, 18.0, 18.0, 18.0, 18.0, 12.0, 12.0, 8.0, 12.0, 12.0]
[12.0, 12.0, 18.0, 18.0, 18.0, 18.0, 8.0, 8.0, 12.0, 8.0, 8.0]
T = 0.054975581388800036	 step = 798
113.54000000000002
19.92041477272727
[35.0, 30.0, 46.0, 49.0, 11.0, 10.0, 24.0, 28.0, 5.0, 32.0, 49.0]
[29.0, 42.0, 49.0, 11.0, 32.0, 11.0, 54.0, 6.0, 49.0, 17.0, 34.0]
[12.0, 12.0, 18.0, 18.0, 18.0, 18.0, 12.0, 12.0, 8.0, 12.0, 12.0]
[12.0, 12.0, 18.0, 18.0, 18.0, 18.0, 8.0, 8.0, 12.0, 8.0, 8.0]
T = 0.054975581388800036	 step = 799
113.56
19.820414772727272
[35.0, 30.0, 46.0, 49.0, 11.0, 10.0, 24.0, 28.0, 5.0, 32.0, 48.0]
[29.0, 42.0, 49.0, 11.0, 32.0, 11.0, 54.0, 6.0, 49.0, 17.0, 34.0]
[12.0, 12.0, 18.0, 18.0, 18.0, 18.0, 12.0, 12.0, 8.0, 12.0, 12.0]
[12.0, 12.0, 18.0, 18.0, 18.0, 18.0, 8.0, 8.0, 12.0, 8.0, 8.0]
T = 0.054975581388800036	 step = 800
113.72000000000003
19.89598295454545
[34.0, 30.0, 46.0, 49.0, 11.0, 10.0, 24.0, 28.0, 5.0, 32.0, 48.0]
[29.0, 42.0, 49.0, 11.0, 32.0, 11.0, 54.0, 6.0, 49.0, 17.0, 34.0]
[12.0, 12.0, 18.0, 18.0, 18.0, 18.0, 12.0, 12.0, 8.0, 12.0, 12.0]
[12.0, 12.0, 18.0, 18.0, 18.0, 18.0, 8.0, 8.0, 12.0, 8.0, 8.0]
T = 0.054975581388800036	 step = 801
113.70000000000005
20.038596590909087
[34.0, 30.0, 46.0, 49.0, 11.0, 10.0, 24.0, 28.0, 5.0, 32.0, 48.0]
[28.0, 42.0, 49.0, 11.0, 32.0, 11.0, 54.0, 6.0, 49.0, 17.0, 34.0]
[12.0, 12.0, 18.0, 18.0, 18.0, 18.0, 12.0, 12.0, 8.0, 12.0, 12.0]
[12.0, 12.0, 18.0, 18.0, 18.0, 18.0, 8.0, 8.0, 12.0, 8.0, 8.0]
T = 0.054975581388800036	 step = 802
113.85000000000002
19.838596590909088
[34.0, 30.0, 46.0, 48.0, 11.0, 10.0, 24.0, 28.0, 5.0, 32.0, 48.0]
[28.0, 42.0, 49.0, 11.0, 32.0, 11.0, 54.0, 6.0, 49.0, 17.0, 34.0]
[12.0, 12.0, 18.0, 18.0, 18.0, 18.0, 12.0, 12.0, 8.0, 12.0, 12.0]
[12.0, 12.0, 18.0, 18.0, 18.0, 18.0, 8.0, 8.0, 12.0, 8.0, 8.0]
T = 0.054975581388800036	 step = 803
113.87
19.738596590909086
[34.0, 30.0, 46.0, 48.0, 11.0, 10.0, 24.0, 28.0, 5.0, 32.0, 47.0]
[28.0, 42.0, 49.0, 11.0, 32.0, 11.0, 54.0, 6.0, 49.0, 17.0, 34.0]
[12.0, 12.0, 18.0, 18.0, 18.0, 18.0, 12.0, 12.0, 8.0, 12.0, 12.0]
[12.0, 12.0, 18.0, 18.0, 18.0, 18.0, 8.0, 8.0, 12.0, 8.0, 8.0]
T = 0.054975581388800036	 step = 804
113.96000000000004
19.52439204545454
[34.0, 30.0, 46.0, 48.0, 11.0, 10.0, 24.0, 28.0, 5.0, 32.0, 47.0]
[28.0, 41.0, 49.0, 11.0, 32.0, 11.0, 54.0, 6.0, 49.0, 17.0, 34.0]
[12.0, 12.0, 18.0, 18.0, 18.0, 18.0, 12.0, 12.0, 8.0, 12.0, 12.0]
[12.0, 12.0, 18.0, 18.0, 18.0, 18.0, 8.0, 8.0, 12.0, 8.0, 8.0]
T = 0.054975581388800036	 step = 805
113.97000000000003
19.62439204545454
[34.0, 30.0, 46.0, 48.0, 11.0, 10.0, 24.0, 27.0, 5.0, 32.0, 47.0]
[28.0, 41.0, 49.0, 11.0, 32.0, 11.0, 54.0, 6.0, 49.0, 17.0, 34.0]
[12.0, 12.0, 18.0, 18.0, 18.0, 18.0, 12.0, 12.0, 8.0, 12.0, 12.0]
[12.0, 12.0, 18.0, 18.0, 18.0, 18.0, 8.0, 8.0, 12.0, 8.0, 8.0]
T = 0.054975581388800036	 step = 806
113.95000000000005
19.52439204545454
[34.0, 30.0, 46.0, 48.0, 11.0, 10.0, 24.0, 27.0, 5.0, 32.0, 47.0]
[28.0, 41.0, 49.0, 11.0, 32.0, 11.0, 54.0, 6.0, 49.0, 16.0, 34.0]
[12.0, 12.0, 18.0, 18.0, 18.0, 18.0, 12.0, 12.0, 8.0, 12.0, 12.0]
[12.0, 12.0, 18.0, 18.0, 18.0, 18.0, 8.0, 8.0, 12.0, 8.0, 8.0]
T = 0.054975581388800036	 step = 807
113.93
19.424392045454546
[34.0, 30.0, 46.0, 48.0, 11.0, 10.0, 24.0, 27.0, 5.0, 32.0, 47.0]
[28.0, 41.0, 49.0, 11.0, 32.0, 11.0, 54.0, 6.0, 49.0, 15.0, 34.0]
[12.0, 12.0, 18.0, 18.0, 18.0, 18.0, 12.0, 12.0, 8.0, 12.0, 12.0]
[12.0, 12.0, 18.0, 18.0, 18.0, 18.0, 8.0, 8.0, 12.0, 8.0, 8.0]
T = 0.054975581388800036	 step = 808
113.95000000000005
19.52439204545454
[34.0, 30.0, 46.0, 48.0, 11.0, 10.0, 24.0, 27.0, 5.0, 32.0, 47.0]
[28.0, 41.0, 49.0, 11.0, 32.0, 11.0, 54.0, 6.0, 49.0, 16.0, 34.0]
[12.0, 12.0, 18.0, 18.0, 18.0, 18.0, 12.0, 12.0, 8.0, 12.0, 12.0]
[12.0, 12.0, 18.0, 18.0, 18.0, 18.0, 8.0, 8.0, 12.0, 8.0, 8.0]
T = 0.054975581388800036	 step = 809
113.80000000000001
19.724392045454543
[34.0, 30.0, 46.0, 49.0, 11.0, 10.0, 24.0, 27.0, 5.0, 32.0, 47.0]
[28.0, 41.0, 49.0, 11.0, 32.0, 11.0, 54.0, 6.0, 49.0, 16.0, 34.0]
[12.0, 12.0, 18.0, 18.0, 18.0, 18.0, 12.0, 12.0, 8.0, 12.0, 12.0]
[12.0, 12.0, 18.0, 18.0, 18.0, 18.0, 8.0, 8.0, 12.0, 8.0, 8.0]
T = 0.054975581388800036	 step = 810
113.21000000000004
19.567005681818177
[34.0, 30.0, 46.0, 49.0, 11.0, 10.0, 24.0, 27.0, 5.0, 32.0, 47.0]
[28.0, 41.0, 49.0, 11.0, 33.0, 11.0, 54.0, 6.0, 49.0, 16.0, 34.0]
[12.0, 12.0, 18.0, 18.0, 18.0, 18.0, 12.0, 12.0, 8.0, 12.0, 12.0]
[12.0, 12.0, 18.0, 18.0, 18.0, 18.0, 8.0, 8.0, 12.0, 8.0, 8.0]
T = 0.054975581388800036	 step = 811
112.83000000000004
19.96700568181818
[34.0, 30.0, 48.0, 49.0, 11.0, 10.0, 24.0, 27.0, 5.0, 32.0, 47.0]
[28.0, 41.0, 49.0, 11.0, 33.0, 11.0, 54.0, 6.0, 49.0, 16.0, 34.0]
[12.0, 12.0, 18.0, 18.0, 18.0, 18.0, 12.0, 12.0, 8.0, 12.0, 12.0]
[12.0, 12.0, 18.0, 18.0, 18.0, 18.0, 8.0, 8.0, 12.0, 8.0, 8.0]
T = 0.054975581388800036	 step = 812
113.03000000000003
19.991437499999996
[34.0, 29.0, 48.0, 49.0, 11.0, 10.0, 24.0, 27.0, 5.0, 32.0, 47.0]
[28.0, 41.0, 49.0, 11.0, 33.0, 11.0, 54.0, 6.0, 49.0, 16.0, 34.0]
[12.0, 12.0, 18.0, 18.0, 18.0, 18.0, 12.0, 12.0, 8.0, 12.0, 12.0]
[12.0, 12.0, 18.0, 18.0, 18.0, 18.0, 8.0, 8.0, 12.0, 8.0, 8.0]
T = 0.054975581388800036	 step = 813
112.78000000000003
20.067005681818177
[34.0, 30.0, 48.0, 49.0, 11.0, 10.0, 24.0, 27.0, 5.0, 32.0, 47.0]
[28.0, 41.0, 49.0, 11.0, 33.0, 11.0, 54.0, 6.0, 50.0, 16.0, 34.0]
[12.0, 12.0, 18.0, 18.0, 18.0, 18.0, 12.0, 12.0, 8.0, 12.0, 12.0]
[12.0, 12.0, 18.0, 18.0, 18.0, 18.0, 8.0, 8.0, 12.0, 8.0, 8.0]
T = 0.054975581388800036	 step = 814
112.76000000000005
19.96700568181818
[34.0, 30.0, 48.0, 49.0, 11.0, 10.0, 24.0, 27.0, 5.0, 32.0, 47.0]
[28.0, 41.0, 49.0, 11.0, 33.0, 11.0, 54.0, 6.0, 50.0, 15.0, 34.0]
[12.0, 12.0, 18.0, 18.0, 18.0, 18.0, 12.0, 12.0, 8.0, 12.0, 12.0]
[12.0, 12.0, 18.0, 18.0, 18.0, 18.0, 8.0, 8.0, 12.0, 8.0, 8.0]
T = 0.054975581388800036	 step = 815
112.73000000000002
20.109619318181814
[34.0, 30.0, 48.0, 49.0, 11.0, 10.0, 24.0, 27.0, 5.0, 32.0, 47.0]
[27.0, 41.0, 49.0, 11.0, 33.0, 11.0, 54.0, 6.0, 50.0, 15.0, 34.0]
[12.0, 12.0, 18.0, 18.0, 18.0, 18.0, 12.0, 12.0, 8.0, 12.0, 12.0]
[12.0, 12.0, 18.0, 18.0, 18.0, 18.0, 8.0, 8.0, 12.0, 8.0, 8.0]
T = 0.054975581388800036	 step = 816
113.20000000000005
19.944278409090906
[34.0, 28.0, 48.0, 49.0, 11.0, 10.0, 24.0, 27.0, 5.0, 32.0, 47.0]
[27.0, 40.0, 49.0, 11.0, 33.0, 11.0, 54.0, 6.0, 50.0, 15.0, 34.0]
[12.0, 12.0, 18.0, 18.0, 18.0, 18.0, 12.0, 12.0, 8.0, 12.0, 12.0]
[12.0, 12.0, 18.0, 18.0, 18.0, 18.0, 8.0, 8.0, 12.0, 8.0, 8.0]
T = 0.054975581388800036	 step = 817
113.23000000000002
19.96176846590909
[34.0, 28.0, 48.0, 49.0, 11.0, 10.0, 24.0, 27.0, 5.0, 32.0, 47.0]
[27.0, 40.0, 49.0, 11.0, 33.0, 11.0, 53.0, 6.0, 50.0, 15.0, 34.0]
[12.0, 12.0, 18.0, 18.0, 18.0, 18.0, 12.0, 12.0, 8.0, 12.0, 12.0]
[12.0, 12.0, 18.0, 18.0, 18.0, 18.0, 8.0, 8.0, 12.0, 8.0, 8.0]
T = 0.054975581388800036	 step = 818
113.37
19.76176846590909
[34.0, 28.0, 48.0, 48.0, 11.0, 10.0, 24.0, 27.0, 5.0, 32.0, 47.0]
[27.0, 40.0, 49.0, 11.0, 33.0, 11.0, 53.0, 6.0, 50.0, 15.0, 34.0]
[12.0, 12.0, 18.0, 18.0, 18.0, 18.0, 12.0, 12.0, 8.0, 12.0, 12.0]
[12.0, 12.0, 18.0, 18.0, 18.0, 18.0, 8.0, 8.0, 12.0, 8.0, 8.0]
T = 0.054975581388800036	 step = 819
114.64000000000004
19.720575284090906
[34.0, 28.0, 48.0, 48.0, 12.0, 10.0, 24.0, 27.0, 5.0, 32.0, 47.0]
[27.0, 40.0, 49.0, 11.0, 33.0, 11.0, 53.0, 6.0, 50.0, 15.0, 34.0]
[12.0, 12.0, 18.0, 18.0, 18.0, 18.0, 12.0, 12.0, 8.0, 12.0, 12.0]
[12.0, 12.0, 18.0, 18.0, 18.0, 18.0, 8.0, 8.0, 12.0, 8.0, 8.0]
T = 0.054975581388800036	 step = 820
113.40000000000003
19.661768465909088
[34.0, 28.0, 48.0, 48.0, 11.0, 10.0, 24.0, 27.0, 5.0, 31.0, 47.0]
[27.0, 40.0, 49.0, 11.0, 33.0, 11.0, 53.0, 6.0, 50.0, 15.0, 34.0]
[12.0, 12.0, 18.0, 18.0, 18.0, 18.0, 12.0, 12.0, 8.0, 12.0, 12.0]
[12.0, 12.0, 18.0, 18.0, 18.0, 18.0, 8.0, 8.0, 12.0, 8.0, 8.0]
T = 0.054975581388800036	 step = 821
113.59000000000003
19.46176846590909
[34.0, 28.0, 47.0, 48.0, 11.0, 10.0, 24.0, 27.0, 5.0, 31.0, 47.0]
[27.0, 40.0, 49.0, 11.0, 33.0, 11.0, 53.0, 6.0, 50.0, 15.0, 34.0]
[12.0, 12.0, 18.0, 18.0, 18.0, 18.0, 12.0, 12.0, 8.0, 12.0, 12.0]
[12.0, 12.0, 18.0, 18.0, 18.0, 18.0, 8.0, 8.0, 12.0, 8.0, 8.0]
T = 0.054975581388800036	 step = 822
113.56
19.561768465909086
[34.0, 28.0, 47.0, 48.0, 11.0, 10.0, 24.0, 27.0, 5.0, 32.0, 47.0]
[27.0, 40.0, 49.0, 11.0, 33.0, 11.0, 53.0, 6.0, 50.0, 15.0, 34.0]
[12.0, 12.0, 18.0, 18.0, 18.0, 18.0, 12.0, 12.0, 8.0, 12.0, 12.0]
[12.0, 12.0, 18.0, 18.0, 18.0, 18.0, 8.0, 8.0, 12.0, 8.0, 8.0]
T = 0.054975581388800036	 step = 823
113.61000000000001
19.648984374999998
[34.0, 28.0, 47.0, 48.0, 11.0, 10.0, 24.0, 27.0, 5.0, 32.0, 47.0]
[27.0, 40.0, 49.0, 11.0, 33.0, 11.0, 52.0, 6.0, 50.0, 15.0, 34.0]
[12.0, 12.0, 18.0, 18.0, 18.0, 18.0, 12.0, 12.0, 8.0, 12.0, 12.0]
[12.0, 12.0, 18.0, 18.0, 18.0, 18.0, 8.0, 8.0, 12.0, 8.0, 8.0]
T = 0.054975581388800036	 step = 824
113.60000000000002
19.548984374999996
[34.0, 28.0, 47.0, 48.0, 11.0, 10.0, 25.0, 27.0, 5.0, 32.0, 47.0]
[27.0, 40.0, 49.0, 11.0, 33.0, 11.0, 52.0, 6.0, 50.0, 15.0, 34.0]
[12.0, 12.0, 18.0, 18.0, 18.0, 18.0, 12.0, 12.0, 8.0, 12.0, 12.0]
[12.0, 12.0, 18.0, 18.0, 18.0, 18.0, 8.0, 8.0, 12.0, 8.0, 8.0]
T = 0.054975581388800036	 step = 825
113.63
19.46176846590909
[34.0, 28.0, 47.0, 48.0, 11.0, 10.0, 25.0, 27.0, 6.0, 32.0, 47.0]
[27.0, 40.0, 49.0, 11.0, 33.0, 11.0, 52.0, 6.0, 50.0, 15.0, 34.0]
[12.0, 12.0, 18.0, 18.0, 18.0, 18.0, 12.0, 12.0, 8.0, 12.0, 12.0]
[12.0, 12.0, 18.0, 18.0, 18.0, 18.0, 8.0, 8.0, 12.0, 8.0, 8.0]
T = 0.054975581388800036	 step = 826
113.58000000000004
19.374552556818177
[34.0, 28.0, 47.0, 48.0, 11.0, 10.0, 25.0, 27.0, 6.0, 32.0, 47.0]
[27.0, 40.0, 49.0, 11.0, 33.0, 11.0, 53.0, 6.0, 50.0, 15.0, 34.0]
[12.0, 12.0, 18.0, 18.0, 18.0, 18.0, 12.0, 12.0, 8.0, 12.0, 12.0]
[12.0, 12.0, 18.0, 18.0, 18.0, 18.0, 8.0, 8.0, 12.0, 8.0, 8.0]
T = 0.054975581388800036	 step = 827
114.01000000000005
19.45012073863636
[33.0, 28.0, 47.0, 48.0, 11.0, 10.0, 25.0, 27.0, 6.0, 32.0, 47.0]
[27.0, 40.0, 49.0, 11.0, 33.0, 11.0, 53.0, 6.0, 50.0, 15.0, 34.0]
[12.0, 12.0, 18.0, 18.0, 18.0, 18.0, 12.0, 12.0, 8.0, 12.0, 12.0]
[12.0, 12.0, 18.0, 18.0, 18.0, 18.0, 8.0, 8.0, 12.0, 8.0, 8.0]
T = 0.043980465111040035	 step = 828
113.41000000000003
19.57455255681818
[34.0, 28.0, 47.0, 49.0, 11.0, 10.0, 25.0, 27.0, 6.0, 32.0, 47.0]
[27.0, 40.0, 49.0, 11.0, 33.0, 11.0, 53.0, 6.0, 50.0, 15.0, 34.0]
[12.0, 12.0, 18.0, 18.0, 18.0, 18.0, 12.0, 12.0, 8.0, 12.0, 12.0]
[12.0, 12.0, 18.0, 18.0, 18.0, 18.0, 8.0, 8.0, 12.0, 8.0, 8.0]
T = 0.043980465111040035	 step = 829
113.21000000000004
19.55012073863636
[34.0, 29.0, 47.0, 49.0, 11.0, 10.0, 25.0, 27.0, 6.0, 32.0, 47.0]
[27.0, 40.0, 49.0, 11.0, 33.0, 11.0, 53.0, 6.0, 50.0, 15.0, 34.0]
[12.0, 12.0, 18.0, 18.0, 18.0, 18.0, 12.0, 12.0, 8.0, 12.0, 12.0]
[12.0, 12.0, 18.0, 18.0, 18.0, 18.0, 8.0, 8.0, 12.0, 8.0, 8.0]
T = 0.043980465111040035	 step = 830
113.22000000000003
19.65012073863636
[34.0, 29.0, 47.0, 49.0, 11.0, 10.0, 25.0, 27.0, 6.0, 32.0, 47.0]
[27.0, 40.0, 49.0, 11.0, 33.0, 11.0, 53.0, 6.0, 50.0, 16.0, 34.0]
[12.0, 12.0, 18.0, 18.0, 18.0, 18.0, 12.0, 12.0, 8.0, 12.0, 12.0]
[12.0, 12.0, 18.0, 18.0, 18.0, 18.0, 8.0, 8.0, 12.0, 8.0, 8.0]
T = 0.043980465111040035	 step = 831
113.43
19.674552556818178
[34.0, 28.0, 47.0, 49.0, 11.0, 10.0, 25.0, 27.0, 6.0, 32.0, 47.0]
[27.0, 40.0, 49.0, 11.0, 33.0, 11.0, 53.0, 6.0, 50.0, 16.0, 34.0]
[12.0, 12.0, 18.0, 18.0, 18.0, 18.0, 12.0, 12.0, 8.0, 12.0, 12.0]
[12.0, 12.0, 18.0, 18.0, 18.0, 18.0, 8.0, 8.0, 12.0, 8.0, 8.0]
T = 0.043980465111040035	 step = 832
113.69
19.47455255681818
[34.0, 28.0, 46.0, 49.0, 11.0, 10.0, 25.0, 27.0, 6.0, 32.0, 47.0]
[27.0, 40.0, 49.0, 11.0, 33.0, 11.0, 53.0, 6.0, 50.0, 16.0, 34.0]
[12.0, 12.0, 18.0, 18.0, 18.0, 18.0, 12.0, 12.0, 8.0, 12.0, 12.0]
[12.0, 12.0, 18.0, 18.0, 18.0, 18.0, 8.0, 8.0, 12.0, 8.0, 8.0]
T = 0.043980465111040035	 step = 833
113.57000000000005
19.57126704545454
[34.0, 28.0, 47.0, 49.0, 11.0, 10.0, 25.0, 27.0, 6.0, 32.0, 47.0]
[27.0, 40.0, 48.0, 11.0, 33.0, 11.0, 53.0, 6.0, 50.0, 16.0, 34.0]
[12.0, 12.0, 18.0, 18.0, 18.0, 18.0, 12.0, 12.0, 8.0, 12.0, 12.0]
[12.0, 12.0, 18.0, 18.0, 18.0, 18.0, 8.0, 8.0, 12.0, 8.0, 8.0]
T = 0.043980465111040035	 step = 834
113.57000000000005
19.471267045454542
[34.0, 28.0, 47.0, 49.0, 11.0, 10.0, 25.0, 27.0, 6.0, 32.0, 47.0]
[27.0, 40.0, 48.0, 11.0, 33.0, 11.0, 53.0, 6.0, 50.0, 16.0, 33.0]
[12.0, 12.0, 18.0, 18.0, 18.0, 18.0, 12.0, 12.0, 8.0, 12.0, 12.0]
[12.0, 12.0, 18.0, 18.0, 18.0, 18.0, 8.0, 8.0, 12.0, 8.0, 8.0]
T = 0.043980465111040035	 step = 835
112.81
19.560348011363633
[34.0, 28.0, 47.0, 49.0, 10.0, 10.0, 25.0, 27.0, 6.0, 32.0, 47.0]
[27.0, 40.0, 48.0, 11.0, 33.0, 11.0, 53.0, 6.0, 50.0, 16.0, 33.0]
[12.0, 12.0, 18.0, 18.0, 18.0, 18.0, 12.0, 12.0, 8.0, 12.0, 12.0]
[12.0, 12.0, 18.0, 18.0, 18.0, 18.0, 8.0, 8.0, 12.0, 8.0, 8.0]
T = 0.043980465111040035	 step = 836
112.55000000000001
19.760348011363632
[34.0, 28.0, 47.0, 49.0, 10.0, 10.0, 25.0, 27.0, 6.0, 32.0, 47.0]
[27.0, 40.0, 48.0, 11.0, 33.0, 10.0, 53.0, 6.0, 50.0, 16.0, 33.0]
[12.0, 12.0, 18.0, 18.0, 18.0, 18.0, 12.0, 12.0, 8.0, 12.0, 12.0]
[12.0, 12.0, 18.0, 18.0, 18.0, 18.0, 8.0, 8.0, 12.0, 8.0, 8.0]
T = 0.043980465111040035	 step = 837
112.55000000000001
19.760348011363632
[34.0, 28.0, 47.0, 49.0, 10.0, 10.0, 25.0, 27.0, 6.0, 32.0, 47.0]
[27.0, 40.0, 48.0, 11.0, 33.0, 10.0, 53.0, 6.0, 50.0, 16.0, 33.0]
[12.0, 12.0, 18.0, 18.0, 18.0, 18.0, 12.0, 12.0, 8.0, 12.0, 12.0]
[12.0, 12.0, 18.0, 18.0, 18.0, 18.0, 8.0, 8.0, 12.0, 8.0, 8.0]
T = 0.043980465111040035	 step = 838
112.54000000000002
19.860348011363634
[34.0, 28.0, 47.0, 49.0, 10.0, 10.0, 25.0, 26.0, 6.0, 32.0, 47.0]
[27.0, 40.0, 48.0, 11.0, 33.0, 10.0, 53.0, 6.0, 50.0, 16.0, 33.0]
[12.0, 12.0, 18.0, 18.0, 18.0, 18.0, 12.0, 12.0, 8.0, 12.0, 12.0]
[12.0, 12.0, 18.0, 18.0, 18.0, 18.0, 8.0, 8.0, 12.0, 8.0, 8.0]
T = 0.043980465111040035	 step = 839
112.52000000000004
19.95191051136364
[34.0, 27.0, 47.0, 49.0, 10.0, 10.0, 25.0, 26.0, 6.0, 32.0, 47.0]
[27.0, 40.0, 48.0, 11.0, 33.0, 10.0, 53.0, 6.0, 50.0, 16.0, 33.0]
[12.0, 12.0, 18.0, 18.0, 18.0, 18.0, 12.0, 12.0, 8.0, 12.0, 12.0]
[12.0, 12.0, 18.0, 18.0, 18.0, 18.0, 8.0, 8.0, 12.0, 8.0, 8.0]
T = 0.043980465111040035	 step = 840
113.02000000000004
19.751910511363636
[34.0, 27.0, 47.0, 49.0, 10.0, 10.0, 25.0, 26.0, 6.0, 32.0, 47.0]
[27.0, 40.0, 48.0, 11.0, 33.0, 11.0, 53.0, 6.0, 50.0, 16.0, 33.0]
[12.0, 12.0, 18.0, 18.0, 18.0, 18.0, 12.0, 12.0, 8.0, 12.0, 12.0]
[12.0, 12.0, 18.0, 18.0, 18.0, 18.0, 8.0, 8.0, 12.0, 8.0, 8.0]
T = 0.043980465111040035	 step = 841
113.47000000000003
19.862829545454545
[34.0, 27.0, 47.0, 49.0, 11.0, 10.0, 25.0, 26.0, 6.0, 32.0, 47.0]
[27.0, 40.0, 48.0, 11.0, 33.0, 10.0, 53.0, 6.0, 50.0, 16.0, 33.0]
[12.0, 12.0, 18.0, 18.0, 18.0, 18.0, 12.0, 12.0, 8.0, 12.0, 12.0]
[12.0, 12.0, 18.0, 18.0, 18.0, 18.0, 8.0, 8.0, 12.0, 8.0, 8.0]
T = 0.043980465111040035	 step = 842
112.55000000000001
19.969400568181815
[34.0, 27.0, 47.0, 49.0, 10.0, 10.0, 25.0, 26.0, 6.0, 32.0, 47.0]
[27.0, 40.0, 48.0, 11.0, 33.0, 10.0, 53.0, 7.0, 50.0, 16.0, 33.0]
[12.0, 12.0, 18.0, 18.0, 18.0, 18.0, 12.0, 12.0, 8.0, 12.0, 12.0]
[12.0, 12.0, 18.0, 18.0, 18.0, 18.0, 8.0, 8.0, 12.0, 8.0, 8.0]
T = 0.043980465111040035	 step = 843
113.17000000000002
19.977838068181814
[33.0, 27.0, 47.0, 49.0, 10.0, 10.0, 25.0, 26.0, 6.0, 32.0, 47.0]
[27.0, 40.0, 48.0, 11.0, 33.0, 10.0, 53.0, 7.0, 50.0, 16.0, 33.0]
[12.0, 12.0, 18.0, 18.0, 18.0, 18.0, 12.0, 12.0, 8.0, 12.0, 12.0]
[12.0, 12.0, 18.0, 18.0, 18.0, 18.0, 8.0, 8.0, 12.0, 8.0, 8.0]
T = 0.043980465111040035	 step = 844
112.55000000000001
20.018747159090907
[34.0, 31.0, 47.0, 49.0, 10.0, 10.0, 25.0, 26.0, 6.0, 32.0, 47.0]
[27.0, 41.0, 48.0, 11.0, 33.0, 10.0, 53.0, 7.0, 50.0, 16.0, 33.0]
[12.0, 12.0, 18.0, 18.0, 18.0, 18.0, 12.0, 12.0, 8.0, 12.0, 12.0]
[12.0, 12.0, 18.0, 18.0, 18.0, 18.0, 8.0, 8.0, 12.0, 8.0, 8.0]
T = 0.043980465111040035	 step = 845
112.51000000000005
20.001257102272724
[34.0, 31.0, 47.0, 49.0, 10.0, 10.0, 25.0, 26.0, 6.0, 32.0, 47.0]
[27.0, 41.0, 48.0, 11.0, 33.0, 10.0, 53.0, 6.0, 50.0, 16.0, 33.0]
[12.0, 12.0, 18.0, 18.0, 18.0, 18.0, 12.0, 12.0, 8.0, 12.0, 12.0]
[12.0, 12.0, 18.0, 18.0, 18.0, 18.0, 8.0, 8.0, 12.0, 8.0, 8.0]
T = 0.043980465111040035	 step = 846
112.51000000000005
20.101257102272722
[34.0, 31.0, 47.0, 49.0, 10.0, 10.0, 25.0, 26.0, 6.0, 33.0, 47.0]
[27.0, 41.0, 48.0, 11.0, 33.0, 10.0, 53.0, 6.0, 50.0, 16.0, 33.0]
[12.0, 12.0, 18.0, 18.0, 18.0, 18.0, 12.0, 12.0, 8.0, 12.0, 12.0]
[12.0, 12.0, 18.0, 18.0, 18.0, 18.0, 8.0, 8.0, 12.0, 8.0, 8.0]
T = 0.043980465111040035	 step = 847
112.56
20.118747159090905
[34.0, 31.0, 47.0, 49.0, 10.0, 10.0, 25.0, 26.0, 6.0, 33.0, 47.0]
[27.0, 41.0, 48.0, 11.0, 33.0, 10.0, 53.0, 7.0, 50.0, 16.0, 33.0]
[12.0, 12.0, 18.0, 18.0, 18.0, 18.0, 12.0, 12.0, 8.0, 12.0, 12.0]
[12.0, 12.0, 18.0, 18.0, 18.0, 18.0, 8.0, 8.0, 12.0, 8.0, 8.0]
T = 0.043980465111040035	 step = 848
112.56
20.118747159090905
[34.0, 31.0, 47.0, 49.0, 10.0, 10.0, 25.0, 26.0, 6.0, 33.0, 47.0]
[27.0, 41.0, 48.0, 11.0, 33.0, 10.0, 53.0, 7.0, 50.0, 16.0, 33.0]
[12.0, 12.0, 18.0, 18.0, 18.0, 18.0, 12.0, 12.0, 8.0, 12.0, 12.0]
[12.0, 12.0, 18.0, 18.0, 18.0, 18.0, 8.0, 8.0, 12.0, 8.0, 8.0]
T = 0.043980465111040035	 step = 849
112.17000000000002
20.305963068181814
[34.0, 31.0, 47.0, 49.0, 10.0, 10.0, 25.0, 26.0, 6.0, 33.0, 47.0]
[27.0, 41.0, 48.0, 10.0, 33.0, 10.0, 53.0, 7.0, 50.0, 16.0, 33.0]
[12.0, 12.0, 18.0, 18.0, 18.0, 18.0, 12.0, 12.0, 8.0, 12.0, 12.0]
[12.0, 12.0, 18.0, 18.0, 18.0, 18.0, 8.0, 8.0, 12.0, 8.0, 8.0]
T = 0.043980465111040035	 step = 850
112.36000000000001
20.47082102272727
[34.0, 27.0, 47.0, 49.0, 10.0, 10.0, 25.0, 26.0, 6.0, 33.0, 47.0]
[27.0, 41.0, 48.0, 10.0, 33.0, 10.0, 53.0, 7.0, 50.0, 16.0, 33.0]
[12.0, 12.0, 18.0, 18.0, 18.0, 18.0, 12.0, 12.0, 8.0, 12.0, 12.0]
[12.0, 12.0, 18.0, 18.0, 18.0, 18.0, 8.0, 8.0, 12.0, 8.0, 8.0]
T = 0.043980465111040035	 step = 851
112.39000000000004
20.48831107954545
[34.0, 27.0, 47.0, 49.0, 10.0, 10.0, 25.0, 26.0, 6.0, 33.0, 47.0]
[27.0, 41.0, 48.0, 10.0, 33.0, 10.0, 52.0, 7.0, 50.0, 16.0, 33.0]
[12.0, 12.0, 18.0, 18.0, 18.0, 18.0, 12.0, 12.0, 8.0, 12.0, 12.0]
[12.0, 12.0, 18.0, 18.0, 18.0, 18.0, 8.0, 8.0, 12.0, 8.0, 8.0]
T = 0.043980465111040035	 step = 852
112.46000000000004
20.30109517045454
[34.0, 27.0, 47.0, 49.0, 10.0, 10.0, 25.0, 26.0, 6.0, 33.0, 47.0]
[27.0, 41.0, 48.0, 11.0, 33.0, 10.0, 52.0, 7.0, 50.0, 16.0, 33.0]
[12.0, 12.0, 18.0, 18.0, 18.0, 18.0, 12.0, 12.0, 8.0, 12.0, 12.0]
[12.0, 12.0, 18.0, 18.0, 18.0, 18.0, 8.0, 8.0, 12.0, 8.0, 8.0]
T = 0.043980465111040035	 step = 853
112.49000000000001
20.201095170454543
[34.0, 27.0, 47.0, 49.0, 10.0, 10.0, 25.0, 26.0, 6.0, 32.0, 47.0]
[27.0, 41.0, 48.0, 11.0, 33.0, 10.0, 52.0, 7.0, 50.0, 16.0, 33.0]
[12.0, 12.0, 18.0, 18.0, 18.0, 18.0, 12.0, 12.0, 8.0, 12.0, 12.0]
[12.0, 12.0, 18.0, 18.0, 18.0, 18.0, 8.0, 8.0, 12.0, 8.0, 8.0]
T = 0.043980465111040035	 step = 854
112.51000000000005
20.30109517045454
[34.0, 27.0, 47.0, 49.0, 10.0, 10.0, 24.0, 26.0, 6.0, 32.0, 47.0]
[27.0, 41.0, 48.0, 11.0, 33.0, 10.0, 52.0, 7.0, 50.0, 16.0, 33.0]
[12.0, 12.0, 18.0, 18.0, 18.0, 18.0, 12.0, 12.0, 8.0, 12.0, 12.0]
[12.0, 12.0, 18.0, 18.0, 18.0, 18.0, 8.0, 8.0, 12.0, 8.0, 8.0]
T = 0.043980465111040035	 step = 855
112.54000000000002
20.20109517045454
[34.0, 27.0, 47.0, 49.0, 10.0, 10.0, 24.0, 26.0, 6.0, 31.0, 47.0]
[27.0, 41.0, 48.0, 11.0, 33.0, 10.0, 52.0, 7.0, 50.0, 16.0, 33.0]
[12.0, 12.0, 18.0, 18.0, 18.0, 18.0, 12.0, 12.0, 8.0, 12.0, 12.0]
[12.0, 12.0, 18.0, 18.0, 18.0, 18.0, 8.0, 8.0, 12.0, 8.0, 8.0]
T = 0.043980465111040035	 step = 856
112.52000000000004
20.101095170454546
[34.0, 27.0, 47.0, 49.0, 10.0, 10.0, 25.0, 26.0, 6.0, 31.0, 47.0]
[27.0, 41.0, 48.0, 11.0, 33.0, 10.0, 52.0, 7.0, 50.0, 16.0, 33.0]
[12.0, 12.0, 18.0, 18.0, 18.0, 18.0, 12.0, 12.0, 8.0, 12.0, 12.0]
[12.0, 12.0, 18.0, 18.0, 18.0, 18.0, 8.0, 8.0, 12.0, 8.0, 8.0]
T = 0.043980465111040035	 step = 857
113.06
20.286890624999998
[34.0, 27.0, 47.0, 49.0, 10.0, 10.0, 25.0, 26.0, 6.0, 31.0, 47.0]
[27.0, 41.0, 48.0, 11.0, 32.0, 10.0, 52.0, 7.0, 50.0, 16.0, 33.0]
[12.0, 12.0, 18.0, 18.0, 18.0, 18.0, 12.0, 12.0, 8.0, 12.0, 12.0]
[12.0, 12.0, 18.0, 18.0, 18.0, 18.0, 8.0, 8.0, 12.0, 8.0, 8.0]
T = 0.043980465111040035	 step = 858
113.03000000000003
20.269400568181812
[34.0, 27.0, 47.0, 49.0, 10.0, 10.0, 25.0, 26.0, 6.0, 31.0, 47.0]
[27.0, 41.0, 48.0, 11.0, 32.0, 10.0, 53.0, 7.0, 50.0, 16.0, 33.0]
[12.0, 12.0, 18.0, 18.0, 18.0, 18.0, 12.0, 12.0, 8.0, 12.0, 12.0]
[12.0, 12.0, 18.0, 18.0, 18.0, 18.0, 8.0, 8.0, 12.0, 8.0, 8.0]
T = 0.043980465111040035	 step = 859
113.58000000000004
20.069400568181816
[34.0, 27.0, 47.0, 49.0, 10.0, 10.0, 25.0, 26.0, 6.0, 31.0, 47.0]
[27.0, 41.0, 48.0, 11.0, 32.0, 11.0, 53.0, 7.0, 50.0, 16.0, 33.0]
[12.0, 12.0, 18.0, 18.0, 18.0, 18.0, 12.0, 12.0, 8.0, 12.0, 12.0]
[12.0, 12.0, 18.0, 18.0, 18.0, 18.0, 8.0, 8.0, 12.0, 8.0, 8.0]
T = 0.043980465111040035	 step = 860
113.46000000000004
20.29132670454545
[34.0, 27.0, 47.0, 49.0, 10.0, 10.0, 25.0, 26.0, 6.0, 31.0, 47.0]
[27.0, 42.0, 48.0, 11.0, 32.0, 11.0, 53.0, 7.0, 50.0, 16.0, 33.0]
[12.0, 12.0, 18.0, 18.0, 18.0, 18.0, 12.0, 12.0, 8.0, 12.0, 12.0]
[12.0, 12.0, 18.0, 18.0, 18.0, 18.0, 8.0, 8.0, 12.0, 8.0, 8.0]
T = 0.043980465111040035	 step = 861
114.70000000000005
20.424213068181817
[28.0, 27.0, 47.0, 49.0, 10.0, 10.0, 25.0, 26.0, 6.0, 31.0, 47.0]
[29.0, 42.0, 48.0, 11.0, 32.0, 11.0, 53.0, 7.0, 50.0, 16.0, 33.0]
[12.0, 12.0, 18.0, 18.0, 18.0, 18.0, 12.0, 12.0, 8.0, 12.0, 12.0]
[12.0, 12.0, 18.0, 18.0, 18.0, 18.0, 8.0, 8.0, 12.0, 8.0, 8.0]
T = 0.043980465111040035	 step = 862
113.44
20.19132670454545
[34.0, 27.0, 47.0, 49.0, 10.0, 10.0, 26.0, 26.0, 6.0, 31.0, 47.0]
[27.0, 42.0, 48.0, 11.0, 32.0, 11.0, 53.0, 7.0, 50.0, 16.0, 33.0]
[12.0, 12.0, 18.0, 18.0, 18.0, 18.0, 12.0, 12.0, 8.0, 12.0, 12.0]
[12.0, 12.0, 18.0, 18.0, 18.0, 18.0, 8.0, 8.0, 12.0, 8.0, 8.0]
T = 0.043980465111040035	 step = 863
113.43
20.09132670454545
[34.0, 27.0, 47.0, 49.0, 10.0, 10.0, 26.0, 27.0, 6.0, 31.0, 47.0]
[27.0, 42.0, 48.0, 11.0, 32.0, 11.0, 53.0, 7.0, 50.0, 16.0, 33.0]
[12.0, 12.0, 18.0, 18.0, 18.0, 18.0, 12.0, 12.0, 8.0, 12.0, 12.0]
[12.0, 12.0, 18.0, 18.0, 18.0, 18.0, 8.0, 8.0, 12.0, 8.0, 8.0]
T = 0.043980465111040035	 step = 864
113.40000000000003
20.073836647727273
[34.0, 27.0, 47.0, 49.0, 10.0, 10.0, 26.0, 27.0, 6.0, 31.0, 47.0]
[27.0, 42.0, 48.0, 11.0, 32.0, 11.0, 53.0, 6.0, 50.0, 16.0, 33.0]
[12.0, 12.0, 18.0, 18.0, 18.0, 18.0, 12.0, 12.0, 8.0, 12.0, 12.0]
[12.0, 12.0, 18.0, 18.0, 18.0, 18.0, 8.0, 8.0, 12.0, 8.0, 8.0]
T = 0.043980465111040035	 step = 865
113.37
20.29145028409091
[34.0, 27.0, 47.0, 49.0, 10.0, 10.0, 26.0, 27.0, 8.0, 31.0, 47.0]
[27.0, 42.0, 48.0, 11.0, 32.0, 11.0, 53.0, 6.0, 51.0, 16.0, 33.0]
[12.0, 12.0, 18.0, 18.0, 18.0, 18.0, 12.0, 12.0, 8.0, 12.0, 12.0]
[12.0, 12.0, 18.0, 18.0, 18.0, 18.0, 8.0, 8.0, 12.0, 8.0, 8.0]
T = 0.043980465111040035	 step = 866
113.36000000000001
20.091450284090907
[34.0, 27.0, 47.0, 49.0, 10.0, 11.0, 26.0, 27.0, 8.0, 31.0, 47.0]
[27.0, 42.0, 48.0, 11.0, 32.0, 11.0, 53.0, 6.0, 51.0, 16.0, 33.0]
[12.0, 12.0, 18.0, 18.0, 18.0, 18.0, 12.0, 12.0, 8.0, 12.0, 12.0]
[12.0, 12.0, 18.0, 18.0, 18.0, 18.0, 8.0, 8.0, 12.0, 8.0, 8.0]
T = 0.043980465111040035	 step = 867
113.41000000000003
19.99145028409091
[34.0, 27.0, 47.0, 49.0, 10.0, 11.0, 26.0, 27.0, 8.0, 31.0, 47.0]
[27.0, 42.0, 48.0, 11.0, 32.0, 11.0, 53.0, 6.0, 50.0, 16.0, 33.0]
[12.0, 12.0, 18.0, 18.0, 18.0, 18.0, 12.0, 12.0, 8.0, 12.0, 12.0]
[12.0, 12.0, 18.0, 18.0, 18.0, 18.0, 8.0, 8.0, 12.0, 8.0, 8.0]
T = 0.043980465111040035	 step = 868
114.12
19.83264346590909
[34.0, 27.0, 47.0, 49.0, 11.0, 11.0, 26.0, 27.0, 8.0, 31.0, 47.0]
[27.0, 42.0, 48.0, 11.0, 32.0, 11.0, 53.0, 6.0, 50.0, 16.0, 33.0]
[12.0, 12.0, 18.0, 18.0, 18.0, 18.0, 12.0, 12.0, 8.0, 12.0, 12.0]
[12.0, 12.0, 18.0, 18.0, 18.0, 18.0, 8.0, 8.0, 12.0, 8.0, 8.0]
T = 0.043980465111040035	 step = 869
113.76000000000005
20.07545596590909
[32.0, 27.0, 47.0, 49.0, 10.0, 11.0, 26.0, 27.0, 8.0, 31.0, 47.0]
[27.0, 42.0, 48.0, 11.0, 32.0, 11.0, 53.0, 6.0, 50.0, 16.0, 33.0]
[12.0, 12.0, 18.0, 18.0, 18.0, 18.0, 12.0, 12.0, 8.0, 12.0, 12.0]
[12.0, 12.0, 18.0, 18.0, 18.0, 18.0, 8.0, 8.0, 12.0, 8.0, 8.0]
T = 0.043980465111040035	 step = 870
114.12
19.83264346590909
[34.0, 27.0, 47.0, 49.0, 11.0, 11.0, 26.0, 27.0, 8.0, 31.0, 47.0]
[27.0, 42.0, 48.0, 11.0, 32.0, 11.0, 53.0, 6.0, 50.0, 16.0, 33.0]
[12.0, 12.0, 18.0, 18.0, 18.0, 18.0, 12.0, 12.0, 8.0, 12.0, 12.0]
[12.0, 12.0, 18.0, 18.0, 18.0, 18.0, 8.0, 8.0, 12.0, 8.0, 8.0]
T = 0.043980465111040035	 step = 871
114.11000000000001
19.732643465909092
[34.0, 27.0, 47.0, 49.0, 11.0, 11.0, 26.0, 28.0, 8.0, 31.0, 47.0]
[27.0, 42.0, 48.0, 11.0, 32.0, 11.0, 53.0, 6.0, 50.0, 16.0, 33.0]
[12.0, 12.0, 18.0, 18.0, 18.0, 18.0, 12.0, 12.0, 8.0, 12.0, 12.0]
[12.0, 12.0, 18.0, 18.0, 18.0, 18.0, 8.0, 8.0, 12.0, 8.0, 8.0]
T = 0.043980465111040035	 step = 872
113.56
19.93264346590909
[34.0, 27.0, 47.0, 49.0, 11.0, 11.0, 26.0, 28.0, 8.0, 31.0, 47.0]
[27.0, 42.0, 48.0, 11.0, 32.0, 10.0, 53.0, 6.0, 50.0, 16.0, 33.0]
[12.0, 12.0, 18.0, 18.0, 18.0, 18.0, 12.0, 12.0, 8.0, 12.0, 12.0]
[12.0, 12.0, 18.0, 18.0, 18.0, 18.0, 8.0, 8.0, 12.0, 8.0, 8.0]
T = 0.043980465111040035	 step = 873
113.55000000000001
19.732643465909092
[34.0, 27.0, 47.0, 49.0, 11.0, 12.0, 26.0, 28.0, 8.0, 31.0, 47.0]
[27.0, 42.0, 48.0, 11.0, 32.0, 10.0, 53.0, 6.0, 50.0, 16.0, 33.0]
[12.0, 12.0, 18.0, 18.0, 18.0, 18.0, 12.0, 12.0, 8.0, 12.0, 12.0]
[12.0, 12.0, 18.0, 18.0, 18.0, 18.0, 8.0, 8.0, 12.0, 8.0, 8.0]
T = 0.043980465111040035	 step = 874
113.56
19.79145028409091
[34.0, 27.0, 47.0, 49.0, 11.0, 12.0, 26.0, 28.0, 9.0, 31.0, 47.0]
[27.0, 42.0, 48.0, 11.0, 32.0, 10.0, 53.0, 6.0, 50.0, 16.0, 33.0]
[12.0, 12.0, 18.0, 18.0, 18.0, 18.0, 12.0, 12.0, 8.0, 12.0, 12.0]
[12.0, 12.0, 18.0, 18.0, 18.0, 18.0, 8.0, 8.0, 12.0, 8.0, 8.0]
T = 0.043980465111040035	 step = 875
113.48000000000002
19.90894034090909
[34.0, 27.0, 47.0, 49.0, 11.0, 12.0, 26.0, 28.0, 9.0, 31.0, 47.0]
[27.0, 42.0, 48.0, 10.0, 32.0, 10.0, 53.0, 6.0, 50.0, 16.0, 33.0]
[12.0, 12.0, 18.0, 18.0, 18.0, 18.0, 12.0, 12.0, 8.0, 12.0, 12.0]
[12.0, 12.0, 18.0, 18.0, 18.0, 18.0, 8.0, 8.0, 12.0, 8.0, 8.0]
T = 0.043980465111040035	 step = 876
113.61000000000001
19.687014204545452
[34.0, 27.0, 47.0, 49.0, 11.0, 12.0, 26.0, 28.0, 9.0, 31.0, 47.0]
[27.0, 41.0, 48.0, 10.0, 32.0, 10.0, 53.0, 6.0, 50.0, 16.0, 33.0]
[12.0, 12.0, 18.0, 18.0, 18.0, 18.0, 12.0, 12.0, 8.0, 12.0, 12.0]
[12.0, 12.0, 18.0, 18.0, 18.0, 18.0, 8.0, 8.0, 12.0, 8.0, 8.0]
T = 0.043980465111040035	 step = 877
113.84000000000003
20.094735795454543
[34.0, 27.0, 47.0, 49.0, 11.0, 12.0, 26.0, 28.0, 9.0, 31.0, 47.0]
[27.0, 42.0, 48.0, 10.0, 31.0, 10.0, 53.0, 6.0, 50.0, 16.0, 33.0]
[12.0, 12.0, 18.0, 18.0, 18.0, 18.0, 12.0, 12.0, 8.0, 12.0, 12.0]
[12.0, 12.0, 18.0, 18.0, 18.0, 18.0, 8.0, 8.0, 12.0, 8.0, 8.0]
T = 0.043980465111040035	 step = 878
113.83000000000004
19.99473579545454
[34.0, 27.0, 47.0, 49.0, 11.0, 12.0, 26.0, 29.0, 9.0, 31.0, 47.0]
[27.0, 42.0, 48.0, 10.0, 31.0, 10.0, 53.0, 6.0, 50.0, 16.0, 33.0]
[12.0, 12.0, 18.0, 18.0, 18.0, 18.0, 12.0, 12.0, 8.0, 12.0, 12.0]
[12.0, 12.0, 18.0, 18.0, 18.0, 18.0, 8.0, 8.0, 12.0, 8.0, 8.0]
T = 0.043980465111040035	 step = 879
113.86000000000001
19.88053125
[34.0, 27.0, 47.0, 49.0, 11.0, 12.0, 26.0, 29.0, 9.0, 31.0, 47.0]
[28.0, 42.0, 48.0, 10.0, 31.0, 10.0, 53.0, 6.0, 50.0, 16.0, 33.0]
[12.0, 12.0, 18.0, 18.0, 18.0, 18.0, 12.0, 12.0, 8.0, 12.0, 12.0]
[12.0, 12.0, 18.0, 18.0, 18.0, 18.0, 8.0, 8.0, 12.0, 8.0, 8.0]
T = 0.043980465111040035	 step = 880
113.87
20.080531249999996
[34.0, 27.0, 47.0, 49.0, 11.0, 11.0, 26.0, 29.0, 9.0, 31.0, 47.0]
[28.0, 42.0, 48.0, 10.0, 31.0, 10.0, 53.0, 6.0, 50.0, 16.0, 33.0]
[12.0, 12.0, 18.0, 18.0, 18.0, 18.0, 12.0, 12.0, 8.0, 12.0, 12.0]
[12.0, 12.0, 18.0, 18.0, 18.0, 18.0, 8.0, 8.0, 12.0, 8.0, 8.0]
T = 0.043980465111040035	 step = 881
113.85000000000002
20.063041193181817
[34.0, 27.0, 47.0, 49.0, 11.0, 11.0, 26.0, 29.0, 9.0, 31.0, 47.0]
[28.0, 42.0, 48.0, 10.0, 31.0, 10.0, 53.0, 5.0, 50.0, 16.0, 33.0]
[12.0, 12.0, 18.0, 18.0, 18.0, 18.0, 12.0, 12.0, 8.0, 12.0, 12.0]
[12.0, 12.0, 18.0, 18.0, 18.0, 18.0, 8.0, 8.0, 12.0, 8.0, 8.0]
T = 0.043980465111040035	 step = 882
113.85000000000002
19.966467329545452
[34.0, 27.0, 47.0, 49.0, 11.0, 11.0, 26.0, 29.0, 9.0, 31.0, 47.0]
[28.0, 42.0, 48.0, 10.0, 31.0, 10.0, 53.0, 5.0, 50.0, 16.0, 32.0]
[12.0, 12.0, 18.0, 18.0, 18.0, 18.0, 12.0, 12.0, 8.0, 12.0, 12.0]
[12.0, 12.0, 18.0, 18.0, 18.0, 18.0, 8.0, 8.0, 12.0, 8.0, 8.0]
T = 0.043980465111040035	 step = 883
113.83000000000004
19.866467329545454
[34.0, 27.0, 47.0, 49.0, 11.0, 11.0, 26.0, 29.0, 9.0, 31.0, 47.0]
[28.0, 42.0, 48.0, 10.0, 31.0, 10.0, 53.0, 5.0, 50.0, 15.0, 32.0]
[12.0, 12.0, 18.0, 18.0, 18.0, 18.0, 12.0, 12.0, 8.0, 12.0, 12.0]
[12.0, 12.0, 18.0, 18.0, 18.0, 18.0, 8.0, 8.0, 12.0, 8.0, 8.0]
T = 0.043980465111040035	 step = 884
113.81
19.766467329545453
[34.0, 27.0, 47.0, 49.0, 11.0, 11.0, 27.0, 29.0, 9.0, 31.0, 47.0]
[28.0, 42.0, 48.0, 10.0, 31.0, 10.0, 53.0, 5.0, 50.0, 15.0, 32.0]
[12.0, 12.0, 18.0, 18.0, 18.0, 18.0, 12.0, 12.0, 8.0, 12.0, 12.0]
[12.0, 12.0, 18.0, 18.0, 18.0, 18.0, 8.0, 8.0, 12.0, 8.0, 8.0]
T = 0.043980465111040035	 step = 885
113.82000000000005
19.82527414772727
[34.0, 27.0, 47.0, 49.0, 11.0, 11.0, 27.0, 29.0, 10.0, 31.0, 47.0]
[28.0, 42.0, 48.0, 10.0, 31.0, 10.0, 53.0, 5.0, 50.0, 15.0, 32.0]
[12.0, 12.0, 18.0, 18.0, 18.0, 18.0, 12.0, 12.0, 8.0, 12.0, 12.0]
[12.0, 12.0, 18.0, 18.0, 18.0, 18.0, 8.0, 8.0, 12.0, 8.0, 8.0]
T = 0.043980465111040035	 step = 886
113.85000000000002
19.725274147727273
[34.0, 27.0, 47.0, 49.0, 11.0, 11.0, 27.0, 29.0, 10.0, 30.0, 47.0]
[28.0, 42.0, 48.0, 10.0, 31.0, 10.0, 53.0, 5.0, 50.0, 15.0, 32.0]
[12.0, 12.0, 18.0, 18.0, 18.0, 18.0, 12.0, 12.0, 8.0, 12.0, 12.0]
[12.0, 12.0, 18.0, 18.0, 18.0, 18.0, 8.0, 8.0, 12.0, 8.0, 8.0]
T = 0.03518437208883203	 step = 887
113.87
19.62527414772727
[34.0, 27.0, 47.0, 49.0, 11.0, 11.0, 27.0, 29.0, 10.0, 29.0, 47.0]
[28.0, 42.0, 48.0, 10.0, 31.0, 10.0, 53.0, 5.0, 50.0, 15.0, 32.0]
[12.0, 12.0, 18.0, 18.0, 18.0, 18.0, 12.0, 12.0, 8.0, 12.0, 12.0]
[12.0, 12.0, 18.0, 18.0, 18.0, 18.0, 8.0, 8.0, 12.0, 8.0, 8.0]
T = 0.03518437208883203	 step = 888
114.06
19.425274147727272
[34.0, 27.0, 46.0, 49.0, 11.0, 11.0, 27.0, 29.0, 10.0, 29.0, 47.0]
[28.0, 42.0, 48.0, 10.0, 31.0, 10.0, 53.0, 5.0, 50.0, 15.0, 32.0]
[12.0, 12.0, 18.0, 18.0, 18.0, 18.0, 12.0, 12.0, 8.0, 12.0, 12.0]
[12.0, 12.0, 18.0, 18.0, 18.0, 18.0, 8.0, 8.0, 12.0, 8.0, 8.0]
T = 0.03518437208883203	 step = 889
114.05000000000001
19.161761363636362
[34.0, 27.0, 46.0, 49.0, 11.0, 11.0, 27.0, 29.0, 5.0, 29.0, 47.0]
[28.0, 42.0, 48.0, 10.0, 31.0, 10.0, 53.0, 5.0, 49.0, 15.0, 32.0]
[12.0, 12.0, 18.0, 18.0, 18.0, 18.0, 12.0, 12.0, 8.0, 12.0, 12.0]
[12.0, 12.0, 18.0, 18.0, 18.0, 18.0, 8.0, 8.0, 12.0, 8.0, 8.0]
T = 0.03518437208883203	 step = 890
114.14000000000004
19.22056818181818
[34.0, 27.0, 46.0, 49.0, 11.0, 11.0, 27.0, 29.0, 5.0, 29.0, 47.0]
[28.0, 42.0, 47.0, 10.0, 31.0, 10.0, 53.0, 5.0, 49.0, 15.0, 32.0]
[12.0, 12.0, 18.0, 18.0, 18.0, 18.0, 12.0, 12.0, 8.0, 12.0, 12.0]
[12.0, 12.0, 18.0, 18.0, 18.0, 18.0, 8.0, 8.0, 12.0, 8.0, 8.0]
T = 0.03518437208883203	 step = 891
114.02000000000004
19.300948863636364
[34.0, 27.0, 46.0, 49.0, 11.0, 11.0, 27.0, 29.0, 5.0, 29.0, 47.0]
[27.0, 42.0, 48.0, 10.0, 31.0, 10.0, 53.0, 5.0, 49.0, 15.0, 32.0]
[12.0, 12.0, 18.0, 18.0, 18.0, 18.0, 12.0, 12.0, 8.0, 12.0, 12.0]
[12.0, 12.0, 18.0, 18.0, 18.0, 18.0, 8.0, 8.0, 12.0, 8.0, 8.0]
T = 0.03518437208883203	 step = 892
115.04000000000002
19.396903409090907
[30.0, 27.0, 46.0, 49.0, 11.0, 11.0, 27.0, 29.0, 5.0, 29.0, 47.0]
[28.0, 42.0, 48.0, 10.0, 31.0, 10.0, 53.0, 5.0, 49.0, 15.0, 32.0]
[12.0, 12.0, 18.0, 18.0, 18.0, 18.0, 12.0, 12.0, 8.0, 12.0, 12.0]
[12.0, 12.0, 18.0, 18.0, 18.0, 18.0, 8.0, 8.0, 12.0, 8.0, 8.0]
T = 0.03518437208883203	 step = 893
114.23000000000002
19.17019886363636
[33.0, 27.0, 46.0, 49.0, 11.0, 11.0, 27.0, 29.0, 5.0, 29.0, 47.0]
[28.0, 42.0, 48.0, 10.0, 31.0, 10.0, 53.0, 5.0, 49.0, 15.0, 32.0]
[12.0, 12.0, 18.0, 18.0, 18.0, 18.0, 12.0, 12.0, 8.0, 12.0, 12.0]
[12.0, 12.0, 18.0, 18.0, 18.0, 18.0, 8.0, 8.0, 12.0, 8.0, 8.0]
T = 0.03518437208883203	 step = 894
114.22000000000003
19.370198863636364
[33.0, 27.0, 46.0, 49.0, 11.0, 10.0, 27.0, 29.0, 5.0, 29.0, 47.0]
[28.0, 42.0, 48.0, 10.0, 31.0, 10.0, 53.0, 5.0, 49.0, 15.0, 32.0]
[12.0, 12.0, 18.0, 18.0, 18.0, 18.0, 12.0, 12.0, 8.0, 12.0, 12.0]
[12.0, 12.0, 18.0, 18.0, 18.0, 18.0, 8.0, 8.0, 12.0, 8.0, 8.0]
T = 0.03518437208883203	 step = 895
114.23000000000002
19.17019886363636
[33.0, 27.0, 46.0, 49.0, 11.0, 11.0, 27.0, 29.0, 5.0, 29.0, 47.0]
[28.0, 42.0, 48.0, 10.0, 31.0, 10.0, 53.0, 5.0, 49.0, 15.0, 32.0]
[12.0, 12.0, 18.0, 18.0, 18.0, 18.0, 12.0, 12.0, 8.0, 12.0, 12.0]
[12.0, 12.0, 18.0, 18.0, 18.0, 18.0, 8.0, 8.0, 12.0, 8.0, 8.0]
T = 0.03518437208883203	 step = 896
114.05000000000001
19.37019886363636
[33.0, 27.0, 47.0, 49.0, 11.0, 11.0, 27.0, 29.0, 5.0, 29.0, 47.0]
[28.0, 42.0, 48.0, 10.0, 31.0, 10.0, 53.0, 5.0, 49.0, 15.0, 32.0]
[12.0, 12.0, 18.0, 18.0, 18.0, 18.0, 12.0, 12.0, 8.0, 12.0, 12.0]
[12.0, 12.0, 18.0, 18.0, 18.0, 18.0, 8.0, 8.0, 12.0, 8.0, 8.0]
T = 0.03518437208883203	 step = 897
114.17000000000002
19.148272727272722
[33.0, 27.0, 47.0, 49.0, 11.0, 11.0, 27.0, 29.0, 5.0, 29.0, 47.0]
[28.0, 41.0, 48.0, 10.0, 31.0, 10.0, 53.0, 5.0, 49.0, 15.0, 32.0]
[12.0, 12.0, 18.0, 18.0, 18.0, 18.0, 12.0, 12.0, 8.0, 12.0, 12.0]
[12.0, 12.0, 18.0, 18.0, 18.0, 18.0, 8.0, 8.0, 12.0, 8.0, 8.0]
T = 0.03518437208883203	 step = 898
114.16000000000003
18.948272727272723
[33.0, 27.0, 47.0, 49.0, 11.0, 12.0, 27.0, 29.0, 5.0, 29.0, 47.0]
[28.0, 41.0, 48.0, 10.0, 31.0, 10.0, 53.0, 5.0, 49.0, 15.0, 32.0]
[12.0, 12.0, 18.0, 18.0, 18.0, 18.0, 12.0, 12.0, 8.0, 12.0, 12.0]
[12.0, 12.0, 18.0, 18.0, 18.0, 18.0, 8.0, 8.0, 12.0, 8.0, 8.0]
T = 0.03518437208883203	 step = 899
114.11000000000001
19.04827272727272
[33.0, 27.0, 47.0, 49.0, 11.0, 12.0, 27.0, 29.0, 5.0, 29.0, 47.0]
[28.0, 41.0, 48.0, 10.0, 31.0, 10.0, 53.0, 5.0, 50.0, 15.0, 32.0]
[12.0, 12.0, 18.0, 18.0, 18.0, 18.0, 12.0, 12.0, 8.0, 12.0, 12.0]
[12.0, 12.0, 18.0, 18.0, 18.0, 18.0, 8.0, 8.0, 12.0, 8.0, 8.0]
T = 0.03518437208883203	 step = 900
114.09000000000003
19.187460227272727
[33.0, 27.0, 47.0, 49.0, 11.0, 12.0, 27.0, 29.0, 5.0, 29.0, 47.0]
[27.0, 41.0, 48.0, 10.0, 31.0, 10.0, 53.0, 5.0, 50.0, 15.0, 32.0]
[12.0, 12.0, 18.0, 18.0, 18.0, 18.0, 12.0, 12.0, 8.0, 12.0, 12.0]
[12.0, 12.0, 18.0, 18.0, 18.0, 18.0, 8.0, 8.0, 12.0, 8.0, 8.0]
T = 0.03518437208883203	 step = 901
114.42000000000002
19.123840909090905
[32.0, 27.0, 47.0, 49.0, 11.0, 12.0, 27.0, 29.0, 5.0, 29.0, 47.0]
[28.0, 41.0, 48.0, 10.0, 31.0, 10.0, 53.0, 5.0, 50.0, 15.0, 32.0]
[12.0, 12.0, 18.0, 18.0, 18.0, 18.0, 12.0, 12.0, 8.0, 12.0, 12.0]
[12.0, 12.0, 18.0, 18.0, 18.0, 18.0, 8.0, 8.0, 12.0, 8.0, 8.0]
T = 0.03518437208883203	 step = 902
114.10000000000002
18.948272727272723
[33.0, 27.0, 47.0, 49.0, 11.0, 12.0, 27.0, 30.0, 5.0, 29.0, 47.0]
[28.0, 41.0, 48.0, 10.0, 31.0, 10.0, 53.0, 5.0, 50.0, 15.0, 32.0]
[12.0, 12.0, 18.0, 18.0, 18.0, 18.0, 12.0, 12.0, 8.0, 12.0, 12.0]
[12.0, 12.0, 18.0, 18.0, 18.0, 18.0, 8.0, 8.0, 12.0, 8.0, 8.0]
T = 0.03518437208883203	 step = 903
114.20000000000005
18.90707954545454
[33.0, 27.0, 47.0, 49.0, 11.0, 12.0, 27.0, 30.0, 5.0, 29.0, 47.0]
[28.0, 41.0, 48.0, 11.0, 31.0, 10.0, 53.0, 5.0, 50.0, 15.0, 32.0]
[12.0, 12.0, 18.0, 18.0, 18.0, 18.0, 12.0, 12.0, 8.0, 12.0, 12.0]
[12.0, 12.0, 18.0, 18.0, 18.0, 18.0, 8.0, 8.0, 12.0, 8.0, 8.0]
T = 0.03518437208883203	 step = 904
114.18
19.107079545454543
[33.0, 27.0, 47.0, 49.0, 11.0, 11.0, 27.0, 30.0, 5.0, 29.0, 47.0]
[28.0, 41.0, 48.0, 11.0, 31.0, 10.0, 53.0, 5.0, 50.0, 15.0, 32.0]
[12.0, 12.0, 18.0, 18.0, 18.0, 18.0, 12.0, 12.0, 8.0, 12.0, 12.0]
[12.0, 12.0, 18.0, 18.0, 18.0, 18.0, 8.0, 8.0, 12.0, 8.0, 8.0]
T = 0.03518437208883203	 step = 905
114.57000000000005
19.26446590909091
[33.0, 27.0, 47.0, 49.0, 11.0, 11.0, 27.0, 30.0, 5.0, 29.0, 47.0]
[28.0, 41.0, 48.0, 11.0, 30.0, 10.0, 53.0, 5.0, 50.0, 15.0, 32.0]
[12.0, 12.0, 18.0, 18.0, 18.0, 18.0, 12.0, 12.0, 8.0, 12.0, 12.0]
[12.0, 12.0, 18.0, 18.0, 18.0, 18.0, 8.0, 8.0, 12.0, 8.0, 8.0]
T = 0.03518437208883203	 step = 906
114.57000000000005
19.26446590909091
[33.0, 27.0, 47.0, 49.0, 11.0, 11.0, 27.0, 30.0, 5.0, 29.0, 47.0]
[28.0, 41.0, 48.0, 11.0, 30.0, 10.0, 53.0, 5.0, 50.0, 15.0, 32.0]
[12.0, 12.0, 18.0, 18.0, 18.0, 18.0, 12.0, 12.0, 8.0, 12.0, 12.0]
[12.0, 12.0, 18.0, 18.0, 18.0, 18.0, 8.0, 8.0, 12.0, 8.0, 8.0]
T = 0.03518437208883203	 step = 907
114.26000000000005
19.087812499999995
[33.0, 27.0, 47.0, 49.0, 11.0, 11.0, 27.0, 30.0, 5.0, 29.0, 47.0]
[28.0, 41.0, 47.0, 11.0, 31.0, 10.0, 53.0, 5.0, 50.0, 15.0, 32.0]
[12.0, 12.0, 18.0, 18.0, 18.0, 18.0, 12.0, 12.0, 8.0, 12.0, 12.0]
[12.0, 12.0, 18.0, 18.0, 18.0, 18.0, 8.0, 8.0, 12.0, 8.0, 8.0]
T = 0.03518437208883203	 step = 908
114.23000000000002
19.00707954545454
[33.0, 27.0, 47.0, 49.0, 11.0, 11.0, 27.0, 30.0, 5.0, 29.0, 47.0]
[28.0, 41.0, 48.0, 11.0, 31.0, 10.0, 53.0, 5.0, 49.0, 15.0, 32.0]
[12.0, 12.0, 18.0, 18.0, 18.0, 18.0, 12.0, 12.0, 8.0, 12.0, 12.0]
[12.0, 12.0, 18.0, 18.0, 18.0, 18.0, 8.0, 8.0, 12.0, 8.0, 8.0]
T = 0.03518437208883203	 step = 909
114.21000000000004
19.06588636363636
[33.0, 27.0, 47.0, 49.0, 11.0, 11.0, 27.0, 30.0, 5.0, 29.0, 47.0]
[28.0, 41.0, 48.0, 11.0, 31.0, 10.0, 54.0, 5.0, 49.0, 15.0, 32.0]
[12.0, 12.0, 18.0, 18.0, 18.0, 18.0, 12.0, 12.0, 8.0, 12.0, 12.0]
[12.0, 12.0, 18.0, 18.0, 18.0, 18.0, 8.0, 8.0, 12.0, 8.0, 8.0]
T = 0.03518437208883203	 step = 910
114.22000000000003
19.00707954545454
[33.0, 27.0, 47.0, 49.0, 11.0, 11.0, 27.0, 30.0, 6.0, 29.0, 47.0]
[28.0, 41.0, 48.0, 11.0, 31.0, 10.0, 54.0, 5.0, 49.0, 15.0, 32.0]
[12.0, 12.0, 18.0, 18.0, 18.0, 18.0, 12.0, 12.0, 8.0, 12.0, 12.0]
[12.0, 12.0, 18.0, 18.0, 18.0, 18.0, 8.0, 8.0, 12.0, 8.0, 8.0]
T = 0.03518437208883203	 step = 911
114.25
19.107079545454546
[33.0, 27.0, 47.0, 49.0, 11.0, 11.0, 27.0, 30.0, 6.0, 29.0, 47.0]
[28.0, 41.0, 48.0, 11.0, 31.0, 10.0, 54.0, 5.0, 49.0, 16.0, 32.0]
[12.0, 12.0, 18.0, 18.0, 18.0, 18.0, 12.0, 12.0, 8.0, 12.0, 12.0]
[12.0, 12.0, 18.0, 18.0, 18.0, 18.0, 8.0, 8.0, 12.0, 8.0, 8.0]
T = 0.03518437208883203	 step = 912
114.07000000000005
20.059796874999996
[33.0, 27.0, 47.0, 49.0, 11.0, 11.0, 27.0, 30.0, 14.0, 29.0, 47.0]
[28.0, 41.0, 48.0, 11.0, 31.0, 10.0, 54.0, 5.0, 53.0, 16.0, 32.0]
[12.0, 12.0, 18.0, 18.0, 18.0, 18.0, 12.0, 12.0, 12.0, 12.0, 12.0]
[12.0, 12.0, 18.0, 18.0, 18.0, 18.0, 8.0, 8.0, 8.0, 8.0, 8.0]
T = 0.03518437208883203	 step = 913
114.22000000000003
19.86000142045454
[33.0, 27.0, 47.0, 49.0, 11.0, 11.0, 27.0, 30.0, 15.0, 29.0, 47.0]
[28.0, 41.0, 48.0, 11.0, 31.0, 10.0, 54.0, 5.0, 50.0, 16.0, 32.0]
[12.0, 12.0, 18.0, 18.0, 18.0, 18.0, 12.0, 12.0, 8.0, 12.0, 12.0]
[12.0, 12.0, 18.0, 18.0, 18.0, 18.0, 8.0, 8.0, 12.0, 8.0, 8.0]
T = 0.03518437208883203	 step = 914
114.07000000000005
19.098642045454543
[34.0, 27.0, 47.0, 49.0, 11.0, 11.0, 27.0, 30.0, 6.0, 29.0, 47.0]
[28.0, 41.0, 48.0, 11.0, 31.0, 10.0, 54.0, 5.0, 49.0, 16.0, 32.0]
[12.0, 12.0, 18.0, 18.0, 18.0, 18.0, 12.0, 12.0, 8.0, 12.0, 12.0]
[12.0, 12.0, 18.0, 18.0, 18.0, 18.0, 8.0, 8.0, 12.0, 8.0, 8.0]
T = 0.03518437208883203	 step = 915
114.23000000000002
18.89864204545454
[34.0, 27.0, 47.0, 48.0, 11.0, 11.0, 27.0, 30.0, 6.0, 29.0, 47.0]
[28.0, 41.0, 48.0, 11.0, 31.0, 10.0, 54.0, 5.0, 49.0, 16.0, 32.0]
[12.0, 12.0, 18.0, 18.0, 18.0, 18.0, 12.0, 12.0, 8.0, 12.0, 12.0]
[12.0, 12.0, 18.0, 18.0, 18.0, 18.0, 8.0, 8.0, 12.0, 8.0, 8.0]
T = 0.03518437208883203	 step = 916
114.15000000000003
18.92563068181818
[34.0, 27.0, 47.0, 48.0, 11.0, 11.0, 27.0, 30.0, 6.0, 29.0, 47.0]
[28.0, 41.0, 49.0, 11.0, 31.0, 10.0, 54.0, 5.0, 49.0, 16.0, 32.0]
[12.0, 12.0, 18.0, 18.0, 18.0, 18.0, 12.0, 12.0, 8.0, 12.0, 12.0]
[12.0, 12.0, 18.0, 18.0, 18.0, 18.0, 8.0, 8.0, 12.0, 8.0, 8.0]
T = 0.03518437208883203	 step = 917
114.12
19.06481818181818
[34.0, 27.0, 47.0, 48.0, 11.0, 11.0, 27.0, 30.0, 6.0, 29.0, 47.0]
[27.0, 41.0, 49.0, 11.0, 31.0, 10.0, 54.0, 5.0, 49.0, 16.0, 32.0]
[12.0, 12.0, 18.0, 18.0, 18.0, 18.0, 12.0, 12.0, 8.0, 12.0, 12.0]
[12.0, 12.0, 18.0, 18.0, 18.0, 18.0, 8.0, 8.0, 12.0, 8.0, 8.0]
T = 0.03518437208883203	 step = 918
114.11000000000001
18.964818181818178
[34.0, 27.0, 47.0, 48.0, 11.0, 11.0, 28.0, 30.0, 6.0, 29.0, 47.0]
[27.0, 41.0, 49.0, 11.0, 31.0, 10.0, 54.0, 5.0, 49.0, 16.0, 32.0]
[12.0, 12.0, 18.0, 18.0, 18.0, 18.0, 12.0, 12.0, 8.0, 12.0, 12.0]
[12.0, 12.0, 18.0, 18.0, 18.0, 18.0, 8.0, 8.0, 12.0, 8.0, 8.0]
T = 0.03518437208883203	 step = 919
114.12
19.06481818181818
[34.0, 27.0, 47.0, 48.0, 11.0, 11.0, 27.0, 30.0, 6.0, 29.0, 47.0]
[27.0, 41.0, 49.0, 11.0, 31.0, 10.0, 54.0, 5.0, 49.0, 16.0, 32.0]
[12.0, 12.0, 18.0, 18.0, 18.0, 18.0, 12.0, 12.0, 8.0, 12.0, 12.0]
[12.0, 12.0, 18.0, 18.0, 18.0, 18.0, 8.0, 8.0, 12.0, 8.0, 8.0]
T = 0.03518437208883203	 step = 920
114.14000000000004
19.00601136363636
[34.0, 27.0, 47.0, 48.0, 11.0, 11.0, 27.0, 30.0, 6.0, 29.0, 47.0]
[27.0, 41.0, 49.0, 11.0, 31.0, 10.0, 54.0, 6.0, 49.0, 16.0, 32.0]
[12.0, 12.0, 18.0, 18.0, 18.0, 18.0, 12.0, 12.0, 8.0, 12.0, 12.0]
[12.0, 12.0, 18.0, 18.0, 18.0, 18.0, 8.0, 8.0, 12.0, 8.0, 8.0]
T = 0.03518437208883203	 step = 921
114.32000000000005
19.01444886363636
[33.0, 27.0, 47.0, 48.0, 11.0, 11.0, 27.0, 30.0, 6.0, 29.0, 47.0]
[27.0, 41.0, 49.0, 11.0, 31.0, 10.0, 54.0, 6.0, 49.0, 16.0, 32.0]
[12.0, 12.0, 18.0, 18.0, 18.0, 18.0, 12.0, 12.0, 8.0, 12.0, 12.0]
[12.0, 12.0, 18.0, 18.0, 18.0, 18.0, 8.0, 8.0, 12.0, 8.0, 8.0]
T = 0.03518437208883203	 step = 922
114.40000000000003
18.987460227272724
[33.0, 27.0, 47.0, 48.0, 11.0, 11.0, 27.0, 30.0, 6.0, 29.0, 47.0]
[27.0, 41.0, 48.0, 11.0, 31.0, 10.0, 54.0, 6.0, 49.0, 16.0, 32.0]
[12.0, 12.0, 18.0, 18.0, 18.0, 18.0, 12.0, 12.0, 8.0, 12.0, 12.0]
[12.0, 12.0, 18.0, 18.0, 18.0, 18.0, 8.0, 8.0, 12.0, 8.0, 8.0]
T = 0.03518437208883203	 step = 923
114.38
18.887460227272722
[33.0, 27.0, 47.0, 48.0, 11.0, 11.0, 28.0, 30.0, 6.0, 29.0, 47.0]
[27.0, 41.0, 48.0, 11.0, 31.0, 10.0, 54.0, 6.0, 49.0, 16.0, 32.0]
[12.0, 12.0, 18.0, 18.0, 18.0, 18.0, 12.0, 12.0, 8.0, 12.0, 12.0]
[12.0, 12.0, 18.0, 18.0, 18.0, 18.0, 8.0, 8.0, 12.0, 8.0, 8.0]
T = 0.03518437208883203	 step = 924
114.37
19.08746022727272
[33.0, 27.0, 47.0, 48.0, 11.0, 10.0, 28.0, 30.0, 6.0, 29.0, 47.0]
[27.0, 41.0, 48.0, 11.0, 31.0, 10.0, 54.0, 6.0, 49.0, 16.0, 32.0]
[12.0, 12.0, 18.0, 18.0, 18.0, 18.0, 12.0, 12.0, 8.0, 12.0, 12.0]
[12.0, 12.0, 18.0, 18.0, 18.0, 18.0, 8.0, 8.0, 12.0, 8.0, 8.0]
T = 0.03518437208883203	 step = 925
114.31
19.167022727272723
[33.0, 27.0, 47.0, 48.0, 11.0, 11.0, 28.0, 30.0, 6.0, 29.0, 51.0]
[27.0, 41.0, 48.0, 11.0, 31.0, 10.0, 54.0, 6.0, 49.0, 16.0, 30.0]
[12.0, 12.0, 18.0, 18.0, 18.0, 18.0, 12.0, 12.0, 8.0, 12.0, 12.0]
[12.0, 12.0, 18.0, 18.0, 18.0, 18.0, 8.0, 8.0, 12.0, 8.0, 8.0]
T = 0.03518437208883203	 step = 926
113.59000000000003
19.284512784090904
[33.0, 27.0, 47.0, 48.0, 10.0, 11.0, 28.0, 30.0, 6.0, 29.0, 51.0]
[27.0, 41.0, 48.0, 11.0, 31.0, 10.0, 54.0, 6.0, 49.0, 16.0, 30.0]
[12.0, 12.0, 18.0, 18.0, 18.0, 18.0, 12.0, 12.0, 8.0, 12.0, 12.0]
[12.0, 12.0, 18.0, 18.0, 18.0, 18.0, 8.0, 8.0, 12.0, 8.0, 8.0]
T = 0.03518437208883203	 step = 927
114.17000000000002
19.084512784090904
[33.0, 27.0, 47.0, 48.0, 10.0, 11.0, 28.0, 30.0, 6.0, 29.0, 51.0]
[27.0, 41.0, 48.0, 11.0, 31.0, 11.0, 54.0, 6.0, 49.0, 16.0, 30.0]
[12.0, 12.0, 18.0, 18.0, 18.0, 18.0, 12.0, 12.0, 8.0, 12.0, 12.0]
[12.0, 12.0, 18.0, 18.0, 18.0, 18.0, 8.0, 8.0, 12.0, 8.0, 8.0]
T = 0.03518437208883203	 step = 928
113.51000000000005
19.31150142045454
[33.0, 27.0, 47.0, 48.0, 10.0, 11.0, 28.0, 30.0, 6.0, 29.0, 51.0]
[27.0, 41.0, 49.0, 11.0, 31.0, 10.0, 54.0, 6.0, 49.0, 16.0, 30.0]
[12.0, 12.0, 18.0, 18.0, 18.0, 18.0, 12.0, 12.0, 8.0, 12.0, 12.0]
[12.0, 12.0, 18.0, 18.0, 18.0, 18.0, 8.0, 8.0, 12.0, 8.0, 8.0]
T = 0.03518437208883203	 step = 929
113.53000000000003
19.41150142045454
[33.0, 27.0, 47.0, 48.0, 10.0, 11.0, 28.0, 29.0, 6.0, 29.0, 51.0]
[27.0, 41.0, 49.0, 11.0, 31.0, 10.0, 54.0, 6.0, 49.0, 16.0, 30.0]
[12.0, 12.0, 18.0, 18.0, 18.0, 18.0, 12.0, 12.0, 8.0, 12.0, 12.0]
[12.0, 12.0, 18.0, 18.0, 18.0, 18.0, 8.0, 8.0, 12.0, 8.0, 8.0]
T = 0.03518437208883203	 step = 930
113.41000000000003
19.625705965909088
[33.0, 27.0, 47.0, 48.0, 10.0, 11.0, 28.0, 29.0, 6.0, 29.0, 51.0]
[27.0, 42.0, 49.0, 11.0, 31.0, 10.0, 54.0, 6.0, 49.0, 16.0, 30.0]
[12.0, 12.0, 18.0, 18.0, 18.0, 18.0, 12.0, 12.0, 8.0, 12.0, 12.0]
[12.0, 12.0, 18.0, 18.0, 18.0, 18.0, 8.0, 8.0, 12.0, 8.0, 8.0]
T = 0.03518437208883203	 step = 931
113.40000000000003
19.525705965909086
[33.0, 27.0, 47.0, 48.0, 10.0, 11.0, 28.0, 30.0, 6.0, 29.0, 51.0]
[27.0, 42.0, 49.0, 11.0, 31.0, 10.0, 54.0, 6.0, 49.0, 16.0, 30.0]
[12.0, 12.0, 18.0, 18.0, 18.0, 18.0, 12.0, 12.0, 8.0, 12.0, 12.0]
[12.0, 12.0, 18.0, 18.0, 18.0, 18.0, 8.0, 8.0, 12.0, 8.0, 8.0]
T = 0.03518437208883203	 step = 932
113.38
19.42570596590909
[33.0, 27.0, 47.0, 48.0, 10.0, 11.0, 29.0, 30.0, 6.0, 29.0, 51.0]
[27.0, 42.0, 49.0, 11.0, 31.0, 10.0, 54.0, 6.0, 49.0, 16.0, 30.0]
[12.0, 12.0, 18.0, 18.0, 18.0, 18.0, 12.0, 12.0, 8.0, 12.0, 12.0]
[12.0, 12.0, 18.0, 18.0, 18.0, 18.0, 8.0, 8.0, 12.0, 8.0, 8.0]
T = 0.03518437208883203	 step = 933
113.55000000000001
19.225705965909086
[33.0, 27.0, 46.0, 48.0, 10.0, 11.0, 29.0, 30.0, 6.0, 29.0, 51.0]
[27.0, 42.0, 49.0, 11.0, 31.0, 10.0, 54.0, 6.0, 49.0, 16.0, 30.0]
[12.0, 12.0, 18.0, 18.0, 18.0, 18.0, 12.0, 12.0, 8.0, 12.0, 12.0]
[12.0, 12.0, 18.0, 18.0, 18.0, 18.0, 8.0, 8.0, 12.0, 8.0, 8.0]
T = 0.03518437208883203	 step = 934
113.56
19.42570596590909
[33.0, 27.0, 46.0, 48.0, 10.0, 10.0, 29.0, 30.0, 6.0, 29.0, 51.0]
[27.0, 42.0, 49.0, 11.0, 31.0, 10.0, 54.0, 6.0, 49.0, 16.0, 30.0]
[12.0, 12.0, 18.0, 18.0, 18.0, 18.0, 12.0, 12.0, 8.0, 12.0, 12.0]
[12.0, 12.0, 18.0, 18.0, 18.0, 18.0, 8.0, 8.0, 12.0, 8.0, 8.0]
T = 0.03518437208883203	 step = 935
113.48000000000002
19.586430397727273
[33.0, 27.0, 46.0, 49.0, 10.0, 10.0, 29.0, 30.0, 6.0, 29.0, 51.0]
[27.0, 42.0, 49.0, 12.0, 31.0, 10.0, 54.0, 6.0, 49.0, 16.0, 30.0]
[12.0, 12.0, 18.0, 18.0, 18.0, 18.0, 12.0, 12.0, 8.0, 12.0, 12.0]
[12.0, 12.0, 18.0, 18.0, 18.0, 18.0, 8.0, 8.0, 12.0, 8.0, 8.0]
T = 0.03518437208883203	 step = 936
113.47000000000003
19.686430397727268
[33.0, 27.0, 46.0, 49.0, 10.0, 10.0, 29.0, 30.0, 6.0, 29.0, 52.0]
[27.0, 42.0, 49.0, 12.0, 31.0, 10.0, 54.0, 6.0, 49.0, 16.0, 30.0]
[12.0, 12.0, 18.0, 18.0, 18.0, 18.0, 12.0, 12.0, 8.0, 12.0, 12.0]
[12.0, 12.0, 18.0, 18.0, 18.0, 18.0, 8.0, 8.0, 12.0, 8.0, 8.0]
T = 0.03518437208883203	 step = 937
113.11000000000001
19.500634943181815
[33.0, 27.0, 46.0, 49.0, 10.0, 10.0, 29.0, 30.0, 6.0, 29.0, 52.0]
[27.0, 42.0, 49.0, 12.0, 32.0, 10.0, 54.0, 6.0, 49.0, 16.0, 30.0]
[12.0, 12.0, 18.0, 18.0, 18.0, 18.0, 12.0, 12.0, 8.0, 12.0, 12.0]
[12.0, 12.0, 18.0, 18.0, 18.0, 18.0, 8.0, 8.0, 12.0, 8.0, 8.0]
T = 0.03518437208883203	 step = 938
113.14000000000004
19.46064914772727
[33.0, 27.0, 46.0, 49.0, 10.0, 10.0, 29.0, 30.0, 6.0, 29.0, 52.0]
[28.0, 42.0, 49.0, 12.0, 32.0, 10.0, 54.0, 6.0, 49.0, 16.0, 30.0]
[12.0, 12.0, 18.0, 18.0, 18.0, 18.0, 12.0, 12.0, 8.0, 12.0, 12.0]
[12.0, 12.0, 18.0, 18.0, 18.0, 18.0, 8.0, 8.0, 12.0, 8.0, 8.0]
T = 0.03518437208883203	 step = 939
112.63
19.274853693181814
[33.0, 27.0, 46.0, 49.0, 10.0, 10.0, 29.0, 30.0, 6.0, 29.0, 52.0]
[28.0, 42.0, 49.0, 12.0, 33.0, 10.0, 54.0, 6.0, 49.0, 16.0, 30.0]
[12.0, 12.0, 18.0, 18.0, 18.0, 18.0, 12.0, 12.0, 8.0, 12.0, 12.0]
[12.0, 12.0, 18.0, 18.0, 18.0, 18.0, 8.0, 8.0, 12.0, 8.0, 8.0]
T = 0.03518437208883203	 step = 940
112.64000000000004
19.174853693181813
[33.0, 27.0, 46.0, 49.0, 10.0, 10.0, 30.0, 30.0, 6.0, 29.0, 52.0]
[28.0, 42.0, 49.0, 12.0, 33.0, 10.0, 54.0, 6.0, 49.0, 16.0, 30.0]
[12.0, 12.0, 18.0, 18.0, 18.0, 18.0, 12.0, 12.0, 8.0, 12.0, 12.0]
[12.0, 12.0, 18.0, 18.0, 18.0, 18.0, 8.0, 8.0, 12.0, 8.0, 8.0]
T = 0.03518437208883203	 step = 941
112.62
19.274853693181814
[33.0, 27.0, 46.0, 49.0, 10.0, 10.0, 30.0, 30.0, 6.0, 29.0, 52.0]
[28.0, 42.0, 49.0, 12.0, 33.0, 10.0, 54.0, 6.0, 50.0, 16.0, 30.0]
[12.0, 12.0, 18.0, 18.0, 18.0, 18.0, 12.0, 12.0, 8.0, 12.0, 12.0]
[12.0, 12.0, 18.0, 18.0, 18.0, 18.0, 8.0, 8.0, 12.0, 8.0, 8.0]
T = 0.03518437208883203	 step = 942
112.94
21.274853693181818
[33.0, 27.0, 46.0, 49.0, 10.0, 10.0, 30.0, 30.0, 6.0, 16.0, 52.0]
[28.0, 42.0, 49.0, 12.0, 33.0, 10.0, 54.0, 6.0, 49.0, 50.0, 30.0]
[12.0, 12.0, 18.0, 18.0, 18.0, 18.0, 12.0, 12.0, 8.0, 8.0, 12.0]
[12.0, 12.0, 18.0, 18.0, 18.0, 18.0, 8.0, 8.0, 12.0, 12.0, 8.0]
T = 0.03518437208883203	 step = 943
112.68
19.074853693181815
[33.0, 27.0, 46.0, 49.0, 10.0, 10.0, 30.0, 30.0, 6.0, 29.0, 51.0]
[28.0, 42.0, 49.0, 12.0, 33.0, 10.0, 54.0, 6.0, 49.0, 16.0, 30.0]
[12.0, 12.0, 18.0, 18.0, 18.0, 18.0, 12.0, 12.0, 8.0, 12.0, 12.0]
[12.0, 12.0, 18.0, 18.0, 18.0, 18.0, 8.0, 8.0, 12.0, 8.0, 8.0]
T = 0.03518437208883203	 step = 944
112.44
19.274853693181814
[33.0, 27.0, 47.0, 49.0, 10.0, 10.0, 30.0, 30.0, 6.0, 29.0, 51.0]
[28.0, 42.0, 49.0, 12.0, 33.0, 10.0, 54.0, 6.0, 49.0, 16.0, 30.0]
[12.0, 12.0, 18.0, 18.0, 18.0, 18.0, 12.0, 12.0, 8.0, 12.0, 12.0]
[12.0, 12.0, 18.0, 18.0, 18.0, 18.0, 8.0, 8.0, 12.0, 8.0, 8.0]
T = 0.03518437208883203	 step = 945
112.77000000000004
19.06064914772727
[33.0, 27.0, 47.0, 49.0, 10.0, 10.0, 30.0, 30.0, 6.0, 29.0, 51.0]
[28.0, 41.0, 49.0, 12.0, 33.0, 10.0, 54.0, 6.0, 49.0, 16.0, 30.0]
[12.0, 12.0, 18.0, 18.0, 18.0, 18.0, 12.0, 12.0, 8.0, 12.0, 12.0]
[12.0, 12.0, 18.0, 18.0, 18.0, 18.0, 8.0, 8.0, 12.0, 8.0, 8.0]
T = 0.028147497671065627	 step = 946
113.13
19.185772727272724
[33.0, 27.0, 47.0, 49.0, 11.0, 10.0, 30.0, 30.0, 6.0, 29.0, 51.0]
[28.0, 42.0, 49.0, 12.0, 33.0, 10.0, 54.0, 6.0, 49.0, 16.0, 30.0]
[12.0, 12.0, 18.0, 18.0, 18.0, 18.0, 12.0, 12.0, 8.0, 12.0, 12.0]
[12.0, 12.0, 18.0, 18.0, 18.0, 18.0, 8.0, 8.0, 12.0, 8.0, 8.0]
T = 0.028147497671065627	 step = 947
112.46000000000004
19.216046874999996
[33.0, 27.0, 47.0, 49.0, 10.0, 10.0, 30.0, 30.0, 6.0, 29.0, 51.0]
[28.0, 42.0, 49.0, 12.0, 33.0, 10.0, 54.0, 7.0, 49.0, 16.0, 30.0]
[12.0, 12.0, 18.0, 18.0, 18.0, 18.0, 12.0, 12.0, 8.0, 12.0, 12.0]
[12.0, 12.0, 18.0, 18.0, 18.0, 18.0, 8.0, 8.0, 12.0, 8.0, 8.0]
T = 0.028147497671065627	 step = 948
112.48000000000002
19.116046874999995
[33.0, 27.0, 47.0, 49.0, 10.0, 10.0, 30.0, 30.0, 6.0, 28.0, 51.0]
[28.0, 42.0, 49.0, 12.0, 33.0, 10.0, 54.0, 7.0, 49.0, 16.0, 30.0]
[12.0, 12.0, 18.0, 18.0, 18.0, 18.0, 12.0, 12.0, 8.0, 12.0, 12.0]
[12.0, 12.0, 18.0, 18.0, 18.0, 18.0, 8.0, 8.0, 12.0, 8.0, 8.0]
T = 0.028147497671065627	 step = 949
113.38
19.21439346590909
[33.0, 27.0, 47.0, 49.0, 10.0, 10.0, 30.0, 30.0, 6.0, 28.0, 51.0]
[28.0, 42.0, 46.0, 12.0, 33.0, 10.0, 54.0, 7.0, 49.0, 16.0, 30.0]
[12.0, 12.0, 18.0, 18.0, 18.0, 18.0, 12.0, 12.0, 8.0, 12.0, 12.0]
[12.0, 12.0, 18.0, 18.0, 18.0, 18.0, 8.0, 8.0, 12.0, 8.0, 8.0]
T = 0.028147497671065627	 step = 950
112.49000000000001
19.216046874999996
[33.0, 27.0, 47.0, 49.0, 10.0, 10.0, 30.0, 29.0, 6.0, 28.0, 51.0]
[28.0, 42.0, 49.0, 12.0, 33.0, 10.0, 54.0, 7.0, 49.0, 16.0, 30.0]
[12.0, 12.0, 18.0, 18.0, 18.0, 18.0, 12.0, 12.0, 8.0, 12.0, 12.0]
[12.0, 12.0, 18.0, 18.0, 18.0, 18.0, 8.0, 8.0, 12.0, 8.0, 8.0]
T = 0.028147497671065627	 step = 951
112.5
19.216046874999996
[33.0, 27.0, 47.0, 49.0, 10.0, 10.0, 29.0, 30.0, 6.0, 28.0, 51.0]
[28.0, 42.0, 49.0, 12.0, 33.0, 10.0, 54.0, 7.0, 49.0, 16.0, 30.0]
[12.0, 12.0, 18.0, 18.0, 18.0, 18.0, 12.0, 12.0, 8.0, 12.0, 12.0]
[12.0, 12.0, 18.0, 18.0, 18.0, 18.0, 8.0, 8.0, 12.0, 8.0, 8.0]
T = 0.028147497671065627	 step = 952
112.5
19.239910511363632
[33.0, 27.0, 47.0, 49.0, 10.0, 10.0, 29.0, 30.0, 6.0, 28.0, 51.0]
[28.0, 42.0, 49.0, 12.0, 33.0, 10.0, 54.0, 7.0, 49.0, 16.0, 31.0]
[12.0, 12.0, 18.0, 18.0, 18.0, 18.0, 12.0, 12.0, 8.0, 12.0, 12.0]
[12.0, 12.0, 18.0, 18.0, 18.0, 18.0, 8.0, 8.0, 12.0, 8.0, 8.0]
T = 0.028147497671065627	 step = 953
112.70000000000005
19.331473011363634
[33.0, 26.0, 47.0, 49.0, 10.0, 10.0, 29.0, 30.0, 6.0, 28.0, 51.0]
[28.0, 42.0, 49.0, 12.0, 33.0, 10.0, 54.0, 7.0, 49.0, 16.0, 31.0]
[12.0, 12.0, 18.0, 18.0, 18.0, 18.0, 12.0, 12.0, 8.0, 12.0, 12.0]
[12.0, 12.0, 18.0, 18.0, 18.0, 18.0, 8.0, 8.0, 12.0, 8.0, 8.0]
T = 0.028147497671065627	 step = 954
112.48000000000002
19.339910511363634
[33.0, 27.0, 47.0, 49.0, 10.0, 10.0, 29.0, 30.0, 6.0, 29.0, 51.0]
[28.0, 42.0, 49.0, 12.0, 33.0, 10.0, 54.0, 7.0, 49.0, 16.0, 31.0]
[12.0, 12.0, 18.0, 18.0, 18.0, 18.0, 12.0, 12.0, 8.0, 12.0, 12.0]
[12.0, 12.0, 18.0, 18.0, 18.0, 18.0, 8.0, 8.0, 12.0, 8.0, 8.0]
T = 0.028147497671065627	 step = 955
112.62
19.918319602272724
[33.0, 27.0, 47.0, 49.0, 10.0, 10.0, 29.0, 30.0, 14.0, 29.0, 51.0]
[28.0, 42.0, 49.0, 12.0, 33.0, 10.0, 54.0, 7.0, 49.0, 16.0, 31.0]
[12.0, 12.0, 18.0, 18.0, 18.0, 18.0, 12.0, 12.0, 12.0, 12.0, 12.0]
[12.0, 12.0, 18.0, 18.0, 18.0, 18.0, 8.0, 8.0, 8.0, 8.0, 8.0]
T = 0.028147497671065627	 step = 956
112.71000000000004
19.13991051136363
[33.0, 27.0, 47.0, 49.0, 10.0, 11.0, 29.0, 30.0, 6.0, 29.0, 51.0]
[28.0, 42.0, 49.0, 12.0, 33.0, 10.0, 54.0, 7.0, 49.0, 16.0, 31.0]
[12.0, 12.0, 18.0, 18.0, 18.0, 18.0, 12.0, 12.0, 8.0, 12.0, 12.0]
[12.0, 12.0, 18.0, 18.0, 18.0, 18.0, 8.0, 8.0, 12.0, 8.0, 8.0]
T = 0.028147497671065627	 step = 957
113.14000000000004
19.215478693181815
[32.0, 27.0, 47.0, 49.0, 10.0, 11.0, 29.0, 30.0, 6.0, 29.0, 51.0]
[28.0, 42.0, 49.0, 12.0, 33.0, 10.0, 54.0, 7.0, 49.0, 16.0, 31.0]
[12.0, 12.0, 18.0, 18.0, 18.0, 18.0, 12.0, 12.0, 8.0, 12.0, 12.0]
[12.0, 12.0, 18.0, 18.0, 18.0, 18.0, 8.0, 8.0, 12.0, 8.0, 8.0]
T = 0.028147497671065627	 step = 958
112.44
19.339910511363634
[33.0, 27.0, 48.0, 49.0, 10.0, 11.0, 29.0, 30.0, 6.0, 29.0, 51.0]
[28.0, 42.0, 49.0, 12.0, 33.0, 10.0, 54.0, 7.0, 49.0, 16.0, 31.0]
[12.0, 12.0, 18.0, 18.0, 18.0, 18.0, 12.0, 12.0, 8.0, 12.0, 12.0]
[12.0, 12.0, 18.0, 18.0, 18.0, 18.0, 8.0, 8.0, 12.0, 8.0, 8.0]
T = 0.028147497671065627	 step = 959
112.54000000000002
19.30184232954545
[33.0, 27.0, 48.0, 49.0, 10.0, 11.0, 29.0, 30.0, 6.0, 29.0, 51.0]
[29.0, 42.0, 49.0, 12.0, 33.0, 10.0, 54.0, 7.0, 49.0, 16.0, 31.0]
[12.0, 12.0, 18.0, 18.0, 18.0, 18.0, 12.0, 12.0, 8.0, 12.0, 12.0]
[12.0, 12.0, 18.0, 18.0, 18.0, 18.0, 8.0, 8.0, 12.0, 8.0, 8.0]
T = 0.028147497671065627	 step = 960
112.51000000000005
19.393404829545453
[33.0, 26.0, 48.0, 49.0, 10.0, 11.0, 29.0, 30.0, 6.0, 29.0, 51.0]
[29.0, 42.0, 49.0, 12.0, 33.0, 10.0, 54.0, 7.0, 49.0, 16.0, 31.0]
[12.0, 12.0, 18.0, 18.0, 18.0, 18.0, 12.0, 12.0, 8.0, 12.0, 12.0]
[12.0, 12.0, 18.0, 18.0, 18.0, 18.0, 8.0, 8.0, 12.0, 8.0, 8.0]
T = 0.028147497671065627	 step = 961
112.53000000000003
19.452211647727275
[33.0, 26.0, 48.0, 49.0, 10.0, 11.0, 29.0, 30.0, 7.0, 29.0, 51.0]
[29.0, 42.0, 49.0, 12.0, 33.0, 10.0, 54.0, 7.0, 49.0, 16.0, 31.0]
[12.0, 12.0, 18.0, 18.0, 18.0, 18.0, 12.0, 12.0, 8.0, 12.0, 12.0]
[12.0, 12.0, 18.0, 18.0, 18.0, 18.0, 8.0, 8.0, 12.0, 8.0, 8.0]
T = 0.028147497671065627	 step = 962
112.78000000000003
19.25221164772727
[33.0, 26.0, 48.0, 48.0, 10.0, 11.0, 29.0, 30.0, 7.0, 29.0, 51.0]
[29.0, 42.0, 49.0, 12.0, 33.0, 10.0, 54.0, 7.0, 49.0, 16.0, 31.0]
[12.0, 12.0, 18.0, 18.0, 18.0, 18.0, 12.0, 12.0, 8.0, 12.0, 12.0]
[12.0, 12.0, 18.0, 18.0, 18.0, 18.0, 8.0, 8.0, 12.0, 8.0, 8.0]
T = 0.028147497671065627	 step = 963
112.5
19.490279829545454
[33.0, 26.0, 48.0, 49.0, 10.0, 11.0, 29.0, 30.0, 7.0, 29.0, 51.0]
[28.0, 42.0, 49.0, 12.0, 33.0, 10.0, 54.0, 7.0, 49.0, 16.0, 31.0]
[12.0, 12.0, 18.0, 18.0, 18.0, 18.0, 12.0, 12.0, 8.0, 12.0, 12.0]
[12.0, 12.0, 18.0, 18.0, 18.0, 18.0, 8.0, 8.0, 12.0, 8.0, 8.0]
T = 0.028147497671065627	 step = 964
113.0
19.29027982954545
[33.0, 26.0, 48.0, 49.0, 10.0, 11.0, 29.0, 30.0, 7.0, 29.0, 51.0]
[28.0, 42.0, 49.0, 12.0, 33.0, 11.0, 54.0, 7.0, 49.0, 16.0, 31.0]
[12.0, 12.0, 18.0, 18.0, 18.0, 18.0, 12.0, 12.0, 8.0, 12.0, 12.0]
[12.0, 12.0, 18.0, 18.0, 18.0, 18.0, 8.0, 8.0, 12.0, 8.0, 8.0]
T = 0.028147497671065627	 step = 965
112.52000000000004
19.507769886363633
[33.0, 26.0, 48.0, 49.0, 10.0, 11.0, 29.0, 30.0, 7.0, 29.0, 51.0]
[28.0, 42.0, 49.0, 12.0, 33.0, 10.0, 53.0, 7.0, 49.0, 16.0, 31.0]
[12.0, 12.0, 18.0, 18.0, 18.0, 18.0, 12.0, 12.0, 8.0, 12.0, 12.0]
[12.0, 12.0, 18.0, 18.0, 18.0, 18.0, 8.0, 8.0, 12.0, 8.0, 8.0]
T = 0.028147497671065627	 step = 966
112.54000000000002
19.56657670454545
[33.0, 26.0, 48.0, 49.0, 10.0, 11.0, 29.0, 30.0, 8.0, 29.0, 51.0]
[28.0, 42.0, 49.0, 12.0, 33.0, 10.0, 53.0, 7.0, 49.0, 16.0, 31.0]
[12.0, 12.0, 18.0, 18.0, 18.0, 18.0, 12.0, 12.0, 8.0, 12.0, 12.0]
[12.0, 12.0, 18.0, 18.0, 18.0, 18.0, 8.0, 8.0, 12.0, 8.0, 8.0]
T = 0.028147497671065627	 step = 967
112.47000000000003
20.527372159090906
[33.0, 26.0, 48.0, 49.0, 10.0, 11.0, 29.0, 30.0, 15.0, 29.0, 51.0]
[28.0, 42.0, 49.0, 12.0, 33.0, 10.0, 53.0, 7.0, 53.0, 16.0, 31.0]
[12.0, 12.0, 18.0, 18.0, 18.0, 18.0, 12.0, 12.0, 12.0, 12.0, 12.0]
[12.0, 12.0, 18.0, 18.0, 18.0, 18.0, 8.0, 8.0, 8.0, 8.0, 8.0]
T = 0.028147497671065627	 step = 968
112.54000000000002
19.607769886363634
[33.0, 26.0, 48.0, 49.0, 10.0, 11.0, 29.0, 30.0, 7.0, 29.0, 51.0]
[28.0, 42.0, 49.0, 12.0, 33.0, 10.0, 53.0, 7.0, 49.0, 17.0, 31.0]
[12.0, 12.0, 18.0, 18.0, 18.0, 18.0, 12.0, 12.0, 8.0, 12.0, 12.0]
[12.0, 12.0, 18.0, 18.0, 18.0, 18.0, 8.0, 8.0, 12.0, 8.0, 8.0]
T = 0.028147497671065627	 step = 969
112.52000000000004
19.507769886363633
[33.0, 26.0, 48.0, 49.0, 10.0, 11.0, 30.0, 30.0, 7.0, 29.0, 51.0]
[28.0, 42.0, 49.0, 12.0, 33.0, 10.0, 53.0, 7.0, 49.0, 17.0, 31.0]
[12.0, 12.0, 18.0, 18.0, 18.0, 18.0, 12.0, 12.0, 8.0, 12.0, 12.0]
[12.0, 12.0, 18.0, 18.0, 18.0, 18.0, 8.0, 8.0, 12.0, 8.0, 8.0]
T = 0.028147497671065627	 step = 970
112.64000000000004
19.46174715909091
[33.0, 26.0, 48.0, 49.0, 10.0, 11.0, 30.0, 30.0, 8.0, 29.0, 51.0]
[28.0, 42.0, 49.0, 12.0, 33.0, 10.0, 53.0, 7.0, 47.0, 17.0, 31.0]
[12.0, 12.0, 18.0, 18.0, 18.0, 18.0, 12.0, 12.0, 12.0, 12.0, 12.0]
[12.0, 12.0, 18.0, 18.0, 18.0, 18.0, 8.0, 8.0, 8.0, 8.0, 8.0]
T = 0.028147497671065627	 step = 971
112.82000000000005
19.366183238636363
[33.0, 26.0, 48.0, 49.0, 10.0, 11.0, 30.0, 30.0, 8.0, 29.0, 51.0]
[28.0, 42.0, 48.0, 12.0, 33.0, 10.0, 53.0, 7.0, 47.0, 17.0, 31.0]
[12.0, 12.0, 18.0, 18.0, 18.0, 18.0, 12.0, 12.0, 12.0, 12.0, 12.0]
[12.0, 12.0, 18.0, 18.0, 18.0, 18.0, 8.0, 8.0, 8.0, 8.0, 8.0]
T = 0.028147497671065627	 step = 972
113.15000000000003
19.647542613636364
[33.0, 26.0, 48.0, 49.0, 10.0, 11.0, 30.0, 30.0, 8.0, 29.0, 51.0]
[28.0, 42.0, 49.0, 12.0, 32.0, 10.0, 53.0, 7.0, 47.0, 17.0, 31.0]
[12.0, 12.0, 18.0, 18.0, 18.0, 18.0, 12.0, 12.0, 12.0, 12.0, 12.0]
[12.0, 12.0, 18.0, 18.0, 18.0, 18.0, 8.0, 8.0, 8.0, 8.0, 8.0]
T = 0.028147497671065627	 step = 973
112.66000000000003
19.361747159090907
[33.0, 26.0, 48.0, 49.0, 10.0, 11.0, 30.0, 30.0, 8.0, 29.0, 50.0]
[28.0, 42.0, 49.0, 12.0, 33.0, 10.0, 53.0, 7.0, 47.0, 17.0, 31.0]
[12.0, 12.0, 18.0, 18.0, 18.0, 18.0, 12.0, 12.0, 12.0, 12.0, 12.0]
[12.0, 12.0, 18.0, 18.0, 18.0, 18.0, 8.0, 8.0, 8.0, 8.0, 8.0]
T = 0.028147497671065627	 step = 974
113.16000000000003
19.16174715909091
[33.0, 26.0, 48.0, 49.0, 10.0, 11.0, 30.0, 30.0, 8.0, 29.0, 50.0]
[28.0, 42.0, 49.0, 12.0, 33.0, 11.0, 53.0, 7.0, 47.0, 17.0, 31.0]
[12.0, 12.0, 18.0, 18.0, 18.0, 18.0, 12.0, 12.0, 12.0, 12.0, 12.0]
[12.0, 12.0, 18.0, 18.0, 18.0, 18.0, 8.0, 8.0, 8.0, 8.0, 8.0]
T = 0.028147497671065627	 step = 975
112.65000000000003
19.32509943181818
[33.0, 26.0, 48.0, 49.0, 10.0, 11.0, 30.0, 30.0, 7.0, 29.0, 50.0]
[28.0, 42.0, 49.0, 12.0, 33.0, 10.0, 53.0, 7.0, 47.0, 17.0, 31.0]
[12.0, 12.0, 18.0, 18.0, 18.0, 18.0, 12.0, 12.0, 12.0, 12.0, 12.0]
[12.0, 12.0, 18.0, 18.0, 18.0, 18.0, 8.0, 8.0, 8.0, 8.0, 8.0]
T = 0.028147497671065627	 step = 976
112.65000000000003
19.23353693181818
[33.0, 27.0, 48.0, 49.0, 10.0, 11.0, 30.0, 30.0, 7.0, 29.0, 50.0]
[28.0, 42.0, 49.0, 12.0, 33.0, 10.0, 53.0, 7.0, 47.0, 17.0, 31.0]
[12.0, 12.0, 18.0, 18.0, 18.0, 18.0, 12.0, 12.0, 12.0, 12.0, 12.0]
[12.0, 12.0, 18.0, 18.0, 18.0, 18.0, 8.0, 8.0, 8.0, 8.0, 8.0]
T = 0.028147497671065627	 step = 977
112.65000000000003
19.333536931818177
[33.0, 27.0, 48.0, 49.0, 10.0, 11.0, 30.0, 30.0, 7.0, 30.0, 50.0]
[28.0, 42.0, 49.0, 12.0, 33.0, 10.0, 53.0, 7.0, 47.0, 17.0, 31.0]
[12.0, 12.0, 18.0, 18.0, 18.0, 18.0, 12.0, 12.0, 12.0, 12.0, 12.0]
[12.0, 12.0, 18.0, 18.0, 18.0, 18.0, 8.0, 8.0, 8.0, 8.0, 8.0]
T = 0.028147497671065627	 step = 978
112.62
19.670184659090907
[33.0, 27.0, 48.0, 49.0, 10.0, 11.0, 30.0, 30.0, 8.0, 30.0, 50.0]
[28.0, 42.0, 49.0, 12.0, 33.0, 10.0, 53.0, 7.0, 50.0, 17.0, 31.0]
[12.0, 12.0, 18.0, 18.0, 18.0, 18.0, 12.0, 12.0, 12.0, 12.0, 12.0]
[12.0, 12.0, 18.0, 18.0, 18.0, 18.0, 8.0, 8.0, 8.0, 8.0, 8.0]
T = 0.028147497671065627	 step = 979
112.62
19.694048295454543
[33.0, 27.0, 48.0, 49.0, 10.0, 11.0, 30.0, 30.0, 8.0, 30.0, 50.0]
[28.0, 42.0, 49.0, 12.0, 33.0, 10.0, 53.0, 7.0, 50.0, 17.0, 32.0]
[12.0, 12.0, 18.0, 18.0, 18.0, 18.0, 12.0, 12.0, 12.0, 12.0, 12.0]
[12.0, 12.0, 18.0, 18.0, 18.0, 18.0, 8.0, 8.0, 8.0, 8.0, 8.0]
T = 0.028147497671065627	 step = 980
112.77000000000004
19.322457386363634
[33.0, 27.0, 48.0, 49.0, 10.0, 11.0, 30.0, 30.0, 8.0, 30.0, 47.0]
[28.0, 42.0, 49.0, 12.0, 33.0, 10.0, 53.0, 7.0, 50.0, 17.0, 27.0]
[12.0, 12.0, 18.0, 18.0, 18.0, 18.0, 12.0, 12.0, 12.0, 12.0, 12.0]
[12.0, 12.0, 18.0, 18.0, 18.0, 18.0, 8.0, 8.0, 8.0, 8.0, 8.0]
T = 0.028147497671065627	 step = 981
112.77000000000004
19.222457386363633
[33.0, 27.0, 48.0, 49.0, 10.0, 11.0, 31.0, 30.0, 8.0, 30.0, 47.0]
[28.0, 42.0, 49.0, 12.0, 33.0, 10.0, 53.0, 7.0, 50.0, 17.0, 27.0]
[12.0, 12.0, 18.0, 18.0, 18.0, 18.0, 12.0, 12.0, 12.0, 12.0, 12.0]
[12.0, 12.0, 18.0, 18.0, 18.0, 18.0, 8.0, 8.0, 8.0, 8.0, 8.0]
T = 0.028147497671065627	 step = 982
112.71000000000004
18.98126420454545
[33.0, 27.0, 48.0, 49.0, 10.0, 11.0, 31.0, 33.0, 8.0, 30.0, 47.0]
[28.0, 42.0, 49.0, 12.0, 33.0, 10.0, 53.0, 6.0, 50.0, 17.0, 27.0]
[12.0, 12.0, 18.0, 18.0, 18.0, 18.0, 12.0, 12.0, 12.0, 12.0, 12.0]
[12.0, 12.0, 18.0, 18.0, 18.0, 18.0, 8.0, 8.0, 8.0, 8.0, 8.0]
T = 0.028147497671065627	 step = 983
112.73000000000002
19.01791193181818
[33.0, 27.0, 48.0, 49.0, 10.0, 11.0, 31.0, 33.0, 9.0, 30.0, 47.0]
[28.0, 42.0, 49.0, 12.0, 33.0, 10.0, 53.0, 6.0, 50.0, 17.0, 27.0]
[12.0, 12.0, 18.0, 18.0, 18.0, 18.0, 12.0, 12.0, 12.0, 12.0, 12.0]
[12.0, 12.0, 18.0, 18.0, 18.0, 18.0, 8.0, 8.0, 8.0, 8.0, 8.0]
T = 0.028147497671065627	 step = 984
113.16000000000003
19.09184375
[32.0, 27.0, 48.0, 49.0, 10.0, 11.0, 31.0, 33.0, 9.0, 30.0, 47.0]
[28.0, 42.0, 49.0, 12.0, 33.0, 10.0, 53.0, 6.0, 50.0, 17.0, 27.0]
[12.0, 12.0, 18.0, 18.0, 18.0, 18.0, 12.0, 12.0, 12.0, 12.0, 12.0]
[12.0, 12.0, 18.0, 18.0, 18.0, 18.0, 8.0, 8.0, 8.0, 8.0, 8.0]
T = 0.028147497671065627	 step = 985
112.46000000000004
19.05910511363636
[33.0, 27.0, 48.0, 49.0, 10.0, 11.0, 31.0, 33.0, 9.0, 30.0, 47.0]
[28.0, 42.0, 49.0, 11.0, 33.0, 10.0, 53.0, 6.0, 50.0, 17.0, 27.0]
[12.0, 12.0, 18.0, 18.0, 18.0, 18.0, 12.0, 12.0, 12.0, 12.0, 12.0]
[12.0, 12.0, 18.0, 18.0, 18.0, 18.0, 8.0, 8.0, 8.0, 8.0, 8.0]
T = 0.028147497671065627	 step = 986
112.19
19.25910511363636
[33.0, 27.0, 49.0, 49.0, 10.0, 11.0, 31.0, 33.0, 9.0, 30.0, 47.0]
[28.0, 42.0, 49.0, 11.0, 33.0, 10.0, 53.0, 6.0, 50.0, 17.0, 27.0]
[12.0, 12.0, 18.0, 18.0, 18.0, 18.0, 12.0, 12.0, 12.0, 12.0, 12.0]
[12.0, 12.0, 18.0, 18.0, 18.0, 18.0, 8.0, 8.0, 8.0, 8.0, 8.0]
T = 0.028147497671065627	 step = 987
112.56
19.044900568181816
[33.0, 27.0, 49.0, 49.0, 10.0, 11.0, 31.0, 33.0, 9.0, 30.0, 47.0]
[28.0, 41.0, 49.0, 11.0, 33.0, 10.0, 53.0, 6.0, 50.0, 17.0, 27.0]
[12.0, 12.0, 18.0, 18.0, 18.0, 18.0, 12.0, 12.0, 12.0, 12.0, 12.0]
[12.0, 12.0, 18.0, 18.0, 18.0, 18.0, 8.0, 8.0, 8.0, 8.0, 8.0]
T = 0.028147497671065627	 step = 988
112.16000000000003
19.241615056818176
[33.0, 27.0, 49.0, 49.0, 10.0, 11.0, 31.0, 33.0, 9.0, 30.0, 47.0]
[28.0, 42.0, 49.0, 11.0, 33.0, 10.0, 54.0, 6.0, 50.0, 17.0, 27.0]
[12.0, 12.0, 18.0, 18.0, 18.0, 18.0, 12.0, 12.0, 12.0, 12.0, 12.0]
[12.0, 12.0, 18.0, 18.0, 18.0, 18.0, 8.0, 8.0, 8.0, 8.0, 8.0]
T = 0.028147497671065627	 step = 989
112.10000000000002
19.341615056818178
[33.0, 27.0, 49.0, 49.0, 10.0, 11.0, 31.0, 33.0, 9.0, 30.0, 48.0]
[28.0, 42.0, 49.0, 11.0, 33.0, 10.0, 54.0, 6.0, 50.0, 17.0, 27.0]
[12.0, 12.0, 18.0, 18.0, 18.0, 18.0, 12.0, 12.0, 12.0, 12.0, 12.0]
[12.0, 12.0, 18.0, 18.0, 18.0, 18.0, 8.0, 8.0, 8.0, 8.0, 8.0]
T = 0.028147497671065627	 step = 990
112.37
19.14161505681818
[33.0, 27.0, 49.0, 49.0, 10.0, 12.0, 31.0, 33.0, 9.0, 30.0, 48.0]
[28.0, 42.0, 49.0, 11.0, 33.0, 10.0, 54.0, 6.0, 50.0, 17.0, 27.0]
[12.0, 12.0, 18.0, 18.0, 18.0, 18.0, 12.0, 12.0, 12.0, 12.0, 12.0]
[12.0, 12.0, 18.0, 18.0, 18.0, 18.0, 8.0, 8.0, 8.0, 8.0, 8.0]
T = 0.028147497671065627	 step = 991
113.31
18.541615056818177
[33.0, 27.0, 49.0, 49.0, 10.0, 13.0, 31.0, 33.0, 9.0, 30.0, 48.0]
[28.0, 42.0, 49.0, 11.0, 33.0, 12.0, 54.0, 6.0, 50.0, 17.0, 27.0]
[12.0, 12.0, 18.0, 18.0, 18.0, 18.0, 12.0, 12.0, 12.0, 12.0, 12.0]
[12.0, 12.0, 18.0, 18.0, 18.0, 18.0, 8.0, 8.0, 8.0, 8.0, 8.0]
T = 0.028147497671065627	 step = 992
112.38
18.768319602272722
[33.0, 27.0, 49.0, 49.0, 10.0, 12.0, 31.0, 33.0, 7.0, 30.0, 48.0]
[28.0, 42.0, 49.0, 11.0, 33.0, 10.0, 54.0, 6.0, 47.0, 17.0, 27.0]
[12.0, 12.0, 18.0, 18.0, 18.0, 18.0, 12.0, 12.0, 12.0, 12.0, 12.0]
[12.0, 12.0, 18.0, 18.0, 18.0, 18.0, 8.0, 8.0, 8.0, 8.0, 8.0]
T = 0.028147497671065627	 step = 993
112.75
18.55411505681818
[33.0, 27.0, 49.0, 49.0, 10.0, 12.0, 31.0, 33.0, 7.0, 30.0, 48.0]
[28.0, 41.0, 49.0, 11.0, 33.0, 10.0, 54.0, 6.0, 47.0, 17.0, 27.0]
[12.0, 12.0, 18.0, 18.0, 18.0, 18.0, 12.0, 12.0, 12.0, 12.0, 12.0]
[12.0, 12.0, 18.0, 18.0, 18.0, 18.0, 8.0, 8.0, 8.0, 8.0, 8.0]
T = 0.028147497671065627	 step = 994
113.18
18.628046875000003
[32.0, 27.0, 49.0, 49.0, 10.0, 12.0, 31.0, 33.0, 7.0, 30.0, 48.0]
[28.0, 41.0, 49.0, 11.0, 33.0, 10.0, 54.0, 6.0, 47.0, 17.0, 27.0]
[12.0, 12.0, 18.0, 18.0, 18.0, 18.0, 12.0, 12.0, 12.0, 12.0, 12.0]
[12.0, 12.0, 18.0, 18.0, 18.0, 18.0, 8.0, 8.0, 8.0, 8.0, 8.0]
T = 0.028147497671065627	 step = 995
113.01000000000005
18.35411505681818
[33.0, 27.0, 48.0, 49.0, 10.0, 12.0, 31.0, 33.0, 7.0, 30.0, 48.0]
[28.0, 41.0, 49.0, 11.0, 33.0, 10.0, 54.0, 6.0, 47.0, 17.0, 27.0]
[12.0, 12.0, 18.0, 18.0, 18.0, 18.0, 12.0, 12.0, 12.0, 12.0, 12.0]
[12.0, 12.0, 18.0, 18.0, 18.0, 18.0, 8.0, 8.0, 8.0, 8.0, 8.0]
T = 0.028147497671065627	 step = 996
113.44
18.428046875
[32.0, 27.0, 48.0, 49.0, 10.0, 12.0, 31.0, 33.0, 7.0, 30.0, 48.0]
[28.0, 41.0, 49.0, 11.0, 33.0, 10.0, 54.0, 6.0, 47.0, 17.0, 27.0]
[12.0, 12.0, 18.0, 18.0, 18.0, 18.0, 12.0, 12.0, 12.0, 12.0, 12.0]
[12.0, 12.0, 18.0, 18.0, 18.0, 18.0, 8.0, 8.0, 8.0, 8.0, 8.0]
T = 0.028147497671065627	 step = 997
113.02000000000004
18.330251420454545
[33.0, 27.0, 48.0, 49.0, 10.0, 12.0, 31.0, 33.0, 7.0, 30.0, 48.0]
[28.0, 41.0, 49.0, 11.0, 33.0, 10.0, 54.0, 6.0, 47.0, 17.0, 28.0]
[12.0, 12.0, 18.0, 18.0, 18.0, 18.0, 12.0, 12.0, 12.0, 12.0, 12.0]
[12.0, 12.0, 18.0, 18.0, 18.0, 18.0, 8.0, 8.0, 8.0, 8.0, 8.0]
T = 0.028147497671065627	 step = 998
112.92000000000002
18.421813920454543
[33.0, 26.0, 48.0, 49.0, 10.0, 12.0, 31.0, 33.0, 7.0, 30.0, 48.0]
[28.0, 41.0, 49.0, 11.0, 33.0, 10.0, 54.0, 6.0, 47.0, 17.0, 28.0]
[12.0, 12.0, 18.0, 18.0, 18.0, 18.0, 12.0, 12.0, 12.0, 12.0, 12.0]
[12.0, 12.0, 18.0, 18.0, 18.0, 18.0, 8.0, 8.0, 8.0, 8.0, 8.0]
T = 0.028147497671065627	 step = 999
113.10000000000002
18.158160511363633
[33.0, 31.0, 48.0, 49.0, 10.0, 12.0, 31.0, 33.0, 7.0, 30.0, 48.0]
[28.0, 41.0, 49.0, 11.0, 33.0, 10.0, 54.0, 6.0, 47.0, 17.0, 28.0]
[12.0, 12.0, 18.0, 18.0, 18.0, 18.0, 12.0, 12.0, 12.0, 12.0, 12.0]
[12.0, 12.0, 18.0, 18.0, 18.0, 18.0, 8.0, 8.0, 8.0, 8.0, 8.0]
T = 0.028147497671065627	 step = 1000
112.78000000000003
18.118955965909088
[34.0, 31.0, 48.0, 49.0, 10.0, 12.0, 31.0, 33.0, 7.0, 30.0, 48.0]
[28.0, 41.0, 49.0, 11.0, 33.0, 10.0, 54.0, 6.0, 47.0, 17.0, 28.0]
[12.0, 12.0, 18.0, 18.0, 18.0, 18.0, 12.0, 12.0, 12.0, 12.0, 12.0]
[12.0, 12.0, 18.0, 18.0, 18.0, 18.0, 8.0, 8.0, 8.0, 8.0, 8.0]
T = 0.028147497671065627	 step = 1001
112.74000000000001
18.177762784090906
[34.0, 31.0, 48.0, 49.0, 10.0, 12.0, 31.0, 33.0, 7.0, 30.0, 48.0]
[28.0, 41.0, 49.0, 11.0, 33.0, 10.0, 54.0, 5.0, 47.0, 17.0, 28.0]
[12.0, 12.0, 18.0, 18.0, 18.0, 18.0, 12.0, 12.0, 12.0, 12.0, 12.0]
[12.0, 12.0, 18.0, 18.0, 18.0, 18.0, 8.0, 8.0, 8.0, 8.0, 8.0]
T = 0.028147497671065627	 step = 1002
112.78000000000003
18.118955965909088
[34.0, 31.0, 48.0, 49.0, 10.0, 12.0, 31.0, 33.0, 7.0, 30.0, 48.0]
[28.0, 41.0, 49.0, 11.0, 33.0, 10.0, 54.0, 6.0, 47.0, 17.0, 28.0]
[12.0, 12.0, 18.0, 18.0, 18.0, 18.0, 12.0, 12.0, 12.0, 12.0, 12.0]
[12.0, 12.0, 18.0, 18.0, 18.0, 18.0, 8.0, 8.0, 8.0, 8.0, 8.0]
T = 0.028147497671065627	 step = 1003
112.70000000000005
18.01895596590909
[34.0, 31.0, 48.0, 49.0, 10.0, 12.0, 31.0, 33.0, 7.0, 30.0, 48.0]
[28.0, 41.0, 49.0, 11.0, 33.0, 10.0, 54.0, 6.0, 47.0, 16.0, 28.0]
[12.0, 12.0, 18.0, 18.0, 18.0, 18.0, 12.0, 12.0, 12.0, 12.0, 12.0]
[12.0, 12.0, 18.0, 18.0, 18.0, 18.0, 8.0, 8.0, 8.0, 8.0, 8.0]
T = 0.028147497671065627	 step = 1004
112.32000000000005
18.13644602272727
[34.0, 31.0, 48.0, 49.0, 10.0, 12.0, 31.0, 33.0, 7.0, 30.0, 48.0]
[28.0, 41.0, 49.0, 10.0, 33.0, 10.0, 54.0, 6.0, 47.0, 16.0, 28.0]
[12.0, 12.0, 18.0, 18.0, 18.0, 18.0, 12.0, 12.0, 12.0, 12.0, 12.0]
[12.0, 12.0, 18.0, 18.0, 18.0, 18.0, 8.0, 8.0, 8.0, 8.0, 8.0]
T = 0.022517998136852502	 step = 1005
112.32000000000005
18.036446022727272
[34.0, 31.0, 48.0, 49.0, 10.0, 12.0, 32.0, 33.0, 7.0, 30.0, 48.0]
[28.0, 41.0, 49.0, 10.0, 33.0, 10.0, 54.0, 6.0, 47.0, 16.0, 28.0]
[12.0, 12.0, 18.0, 18.0, 18.0, 18.0, 12.0, 12.0, 12.0, 12.0, 12.0]
[12.0, 12.0, 18.0, 18.0, 18.0, 18.0, 8.0, 8.0, 8.0, 8.0, 8.0]
T = 0.022517998136852502	 step = 1006
112.34000000000003
18.13644602272727
[34.0, 31.0, 48.0, 49.0, 10.0, 12.0, 32.0, 33.0, 7.0, 31.0, 48.0]
[28.0, 41.0, 49.0, 10.0, 33.0, 10.0, 54.0, 6.0, 47.0, 16.0, 28.0]
[12.0, 12.0, 18.0, 18.0, 18.0, 18.0, 12.0, 12.0, 12.0, 12.0, 12.0]
[12.0, 12.0, 18.0, 18.0, 18.0, 18.0, 8.0, 8.0, 8.0, 8.0, 8.0]
T = 0.022517998136852502	 step = 1007
112.33000000000004
18.23644602272727
[34.0, 31.0, 48.0, 49.0, 10.0, 12.0, 32.0, 33.0, 7.0, 31.0, 48.0]
[28.0, 41.0, 49.0, 10.0, 33.0, 10.0, 54.0, 6.0, 48.0, 16.0, 28.0]
[12.0, 12.0, 18.0, 18.0, 18.0, 18.0, 12.0, 12.0, 12.0, 12.0, 12.0]
[12.0, 12.0, 18.0, 18.0, 18.0, 18.0, 8.0, 8.0, 8.0, 8.0, 8.0]
T = 0.022517998136852502	 step = 1008
112.41000000000003
18.13644602272727
[34.0, 31.0, 48.0, 49.0, 10.0, 12.0, 32.0, 33.0, 7.0, 31.0, 47.0]
[28.0, 41.0, 49.0, 10.0, 33.0, 10.0, 54.0, 6.0, 48.0, 16.0, 28.0]
[12.0, 12.0, 18.0, 18.0, 18.0, 18.0, 12.0, 12.0, 12.0, 12.0, 12.0]
[12.0, 12.0, 18.0, 18.0, 18.0, 18.0, 8.0, 8.0, 8.0, 8.0, 8.0]
T = 0.022517998136852502	 step = 1009
112.40000000000003
18.23644602272727
[34.0, 31.0, 48.0, 49.0, 10.0, 12.0, 31.0, 33.0, 7.0, 31.0, 47.0]
[28.0, 41.0, 49.0, 10.0, 33.0, 10.0, 54.0, 6.0, 48.0, 16.0, 28.0]
[12.0, 12.0, 18.0, 18.0, 18.0, 18.0, 12.0, 12.0, 12.0, 12.0, 12.0]
[12.0, 12.0, 18.0, 18.0, 18.0, 18.0, 8.0, 8.0, 8.0, 8.0, 8.0]
T = 0.022517998136852502	 step = 1010
112.12
18.43644602272727
[34.0, 31.0, 48.0, 49.0, 10.0, 11.0, 31.0, 33.0, 7.0, 31.0, 47.0]
[28.0, 41.0, 49.0, 10.0, 33.0, 10.0, 54.0, 6.0, 48.0, 16.0, 28.0]
[12.0, 12.0, 18.0, 18.0, 18.0, 18.0, 12.0, 12.0, 12.0, 12.0, 12.0]
[12.0, 12.0, 18.0, 18.0, 18.0, 18.0, 8.0, 8.0, 8.0, 8.0, 8.0]
T = 0.022517998136852502	 step = 1011
112.51000000000005
18.318955965909087
[34.0, 31.0, 48.0, 49.0, 10.0, 11.0, 31.0, 33.0, 7.0, 31.0, 47.0]
[28.0, 41.0, 49.0, 11.0, 33.0, 10.0, 54.0, 6.0, 48.0, 16.0, 28.0]
[12.0, 12.0, 18.0, 18.0, 18.0, 18.0, 12.0, 12.0, 12.0, 12.0, 12.0]
[12.0, 12.0, 18.0, 18.0, 18.0, 18.0, 8.0, 8.0, 8.0, 8.0, 8.0]
T = 0.022517998136852502	 step = 1012
112.51000000000005
18.318955965909087
[34.0, 31.0, 48.0, 49.0, 10.0, 11.0, 31.0, 33.0, 7.0, 31.0, 47.0]
[28.0, 41.0, 49.0, 11.0, 33.0, 10.0, 54.0, 6.0, 48.0, 16.0, 28.0]
[12.0, 12.0, 18.0, 18.0, 18.0, 18.0, 12.0, 12.0, 12.0, 12.0, 12.0]
[12.0, 12.0, 18.0, 18.0, 18.0, 18.0, 8.0, 8.0, 8.0, 8.0, 8.0]
T = 0.022517998136852502	 step = 1013
112.04000000000002
18.33644602272727
[34.0, 31.0, 48.0, 49.0, 10.0, 11.0, 31.0, 33.0, 7.0, 31.0, 47.0]
[28.0, 41.0, 49.0, 10.0, 33.0, 10.0, 54.0, 6.0, 48.0, 15.0, 28.0]
[12.0, 12.0, 18.0, 18.0, 18.0, 18.0, 12.0, 12.0, 12.0, 12.0, 12.0]
[12.0, 12.0, 18.0, 18.0, 18.0, 18.0, 8.0, 8.0, 8.0, 8.0, 8.0]
T = 0.022517998136852502	 step = 1014
112.12
18.43644602272727
[34.0, 31.0, 48.0, 49.0, 10.0, 11.0, 31.0, 33.0, 7.0, 31.0, 47.0]
[28.0, 41.0, 49.0, 10.0, 33.0, 10.0, 54.0, 6.0, 48.0, 16.0, 28.0]
[12.0, 12.0, 18.0, 18.0, 18.0, 18.0, 12.0, 12.0, 12.0, 12.0, 12.0]
[12.0, 12.0, 18.0, 18.0, 18.0, 18.0, 8.0, 8.0, 8.0, 8.0, 8.0]
T = 0.022517998136852502	 step = 1015
112.42000000000002
18.21895596590909
[34.0, 31.0, 48.0, 49.0, 10.0, 11.0, 31.0, 33.0, 7.0, 31.0, 47.0]
[28.0, 41.0, 49.0, 11.0, 33.0, 10.0, 54.0, 6.0, 48.0, 15.0, 28.0]
[12.0, 12.0, 18.0, 18.0, 18.0, 18.0, 12.0, 12.0, 12.0, 12.0, 12.0]
[12.0, 12.0, 18.0, 18.0, 18.0, 18.0, 8.0, 8.0, 8.0, 8.0, 8.0]
T = 0.022517998136852502	 step = 1016
111.95000000000005
18.410877840909087
[34.0, 31.0, 48.0, 49.0, 10.0, 11.0, 31.0, 33.0, 7.0, 31.0, 47.0]
[27.0, 41.0, 49.0, 10.0, 33.0, 10.0, 54.0, 6.0, 48.0, 15.0, 28.0]
[12.0, 12.0, 18.0, 18.0, 18.0, 18.0, 12.0, 12.0, 12.0, 12.0, 12.0]
[12.0, 12.0, 18.0, 18.0, 18.0, 18.0, 8.0, 8.0, 8.0, 8.0, 8.0]
T = 0.022517998136852502	 step = 1017
111.94
18.51087784090909
[34.0, 31.0, 48.0, 49.0, 10.0, 11.0, 31.0, 33.0, 7.0, 31.0, 47.0]
[27.0, 41.0, 49.0, 10.0, 33.0, 10.0, 54.0, 6.0, 49.0, 15.0, 28.0]
[12.0, 12.0, 18.0, 18.0, 18.0, 18.0, 12.0, 12.0, 12.0, 12.0, 12.0]
[12.0, 12.0, 18.0, 18.0, 18.0, 18.0, 8.0, 8.0, 8.0, 8.0, 8.0]
T = 0.022517998136852502	 step = 1018
112.15000000000003
18.31087784090909
[34.0, 31.0, 47.0, 49.0, 10.0, 11.0, 31.0, 33.0, 7.0, 31.0, 47.0]
[27.0, 41.0, 49.0, 10.0, 33.0, 10.0, 54.0, 6.0, 49.0, 15.0, 28.0]
[12.0, 12.0, 18.0, 18.0, 18.0, 18.0, 12.0, 12.0, 12.0, 12.0, 12.0]
[12.0, 12.0, 18.0, 18.0, 18.0, 18.0, 8.0, 8.0, 8.0, 8.0, 8.0]
T = 0.022517998136852502	 step = 1019
112.16000000000003
18.250650568181815
[34.0, 31.0, 47.0, 49.0, 10.0, 11.0, 31.0, 33.0, 7.0, 31.0, 47.0]
[27.0, 41.0, 49.0, 10.0, 33.0, 10.0, 54.0, 6.0, 49.0, 15.0, 27.0]
[12.0, 12.0, 18.0, 18.0, 18.0, 18.0, 12.0, 12.0, 12.0, 12.0, 12.0]
[12.0, 12.0, 18.0, 18.0, 18.0, 18.0, 8.0, 8.0, 8.0, 8.0, 8.0]
T = 0.022517998136852502	 step = 1020
111.87
18.450650568181818
[34.0, 31.0, 47.0, 49.0, 10.0, 10.0, 31.0, 33.0, 7.0, 31.0, 47.0]
[27.0, 41.0, 49.0, 10.0, 33.0, 10.0, 54.0, 6.0, 49.0, 15.0, 27.0]
[12.0, 12.0, 18.0, 18.0, 18.0, 18.0, 12.0, 12.0, 12.0, 12.0, 12.0]
[12.0, 12.0, 18.0, 18.0, 18.0, 18.0, 8.0, 8.0, 8.0, 8.0, 8.0]
T = 0.022517998136852502	 step = 1021
111.87
18.550650568181815
[34.0, 31.0, 47.0, 49.0, 10.0, 10.0, 31.0, 32.0, 7.0, 31.0, 47.0]
[27.0, 41.0, 49.0, 10.0, 33.0, 10.0, 54.0, 6.0, 49.0, 15.0, 27.0]
[12.0, 12.0, 18.0, 18.0, 18.0, 18.0, 12.0, 12.0, 12.0, 12.0, 12.0]
[12.0, 12.0, 18.0, 18.0, 18.0, 18.0, 8.0, 8.0, 8.0, 8.0, 8.0]
T = 0.022517998136852502	 step = 1022
111.66000000000003
18.75065056818181
[34.0, 31.0, 48.0, 49.0, 10.0, 10.0, 31.0, 32.0, 7.0, 31.0, 47.0]
[27.0, 41.0, 49.0, 10.0, 33.0, 10.0, 54.0, 6.0, 49.0, 15.0, 27.0]
[12.0, 12.0, 18.0, 18.0, 18.0, 18.0, 12.0, 12.0, 12.0, 12.0, 12.0]
[12.0, 12.0, 18.0, 18.0, 18.0, 18.0, 8.0, 8.0, 8.0, 8.0, 8.0]
T = 0.022517998136852502	 step = 1023
112.01000000000005
18.72366193181818
[34.0, 31.0, 48.0, 49.0, 10.0, 10.0, 31.0, 32.0, 7.0, 31.0, 47.0]
[27.0, 41.0, 48.0, 10.0, 33.0, 10.0, 54.0, 6.0, 49.0, 15.0, 27.0]
[12.0, 12.0, 18.0, 18.0, 18.0, 18.0, 12.0, 12.0, 12.0, 12.0, 12.0]
[12.0, 12.0, 18.0, 18.0, 18.0, 18.0, 8.0, 8.0, 8.0, 8.0, 8.0]
T = 0.022517998136852502	 step = 1024
111.67000000000002
18.78729829545454
[34.0, 31.0, 48.0, 49.0, 10.0, 10.0, 31.0, 32.0, 8.0, 31.0, 47.0]
[27.0, 41.0, 49.0, 10.0, 33.0, 10.0, 54.0, 6.0, 49.0, 15.0, 27.0]
[12.0, 12.0, 18.0, 18.0, 18.0, 18.0, 12.0, 12.0, 12.0, 12.0, 12.0]
[12.0, 12.0, 18.0, 18.0, 18.0, 18.0, 8.0, 8.0, 8.0, 8.0, 8.0]
T = 0.022517998136852502	 step = 1025
111.67000000000002
18.774798295454538
[34.0, 31.0, 48.0, 49.0, 10.0, 10.0, 31.0, 32.0, 8.0, 31.0, 47.0]
[27.0, 41.0, 49.0, 10.0, 33.0, 10.0, 54.0, 6.0, 49.0, 15.0, 26.0]
[12.0, 12.0, 18.0, 18.0, 18.0, 18.0, 12.0, 12.0, 12.0, 12.0, 12.0]
[12.0, 12.0, 18.0, 18.0, 18.0, 18.0, 8.0, 8.0, 8.0, 8.0, 8.0]
T = 0.022517998136852502	 step = 1026
111.37
18.989002840909087
[34.0, 31.0, 48.0, 49.0, 10.0, 10.0, 31.0, 32.0, 8.0, 31.0, 47.0]
[27.0, 42.0, 49.0, 10.0, 33.0, 10.0, 54.0, 6.0, 49.0, 15.0, 26.0]
[12.0, 12.0, 18.0, 18.0, 18.0, 18.0, 12.0, 12.0, 12.0, 12.0, 12.0]
[12.0, 12.0, 18.0, 18.0, 18.0, 18.0, 8.0, 8.0, 8.0, 8.0, 8.0]
T = 0.022517998136852502	 step = 1027
111.37
19.08900284090909
[34.0, 31.0, 48.0, 49.0, 10.0, 10.0, 30.0, 32.0, 8.0, 31.0, 47.0]
[27.0, 42.0, 49.0, 10.0, 33.0, 10.0, 54.0, 6.0, 49.0, 15.0, 26.0]
[12.0, 12.0, 18.0, 18.0, 18.0, 18.0, 12.0, 12.0, 12.0, 12.0, 12.0]
[12.0, 12.0, 18.0, 18.0, 18.0, 18.0, 8.0, 8.0, 8.0, 8.0, 8.0]
T = 0.022517998136852502	 step = 1028
111.46000000000004
18.962298295454545
[34.0, 31.0, 48.0, 49.0, 10.0, 10.0, 31.0, 32.0, 8.0, 31.0, 47.0]
[28.0, 42.0, 49.0, 10.0, 33.0, 10.0, 54.0, 6.0, 49.0, 15.0, 26.0]
[12.0, 12.0, 18.0, 18.0, 18.0, 18.0, 12.0, 12.0, 12.0, 12.0, 12.0]
[12.0, 12.0, 18.0, 18.0, 18.0, 18.0, 8.0, 8.0, 8.0, 8.0, 8.0]
T = 0.022517998136852502	 step = 1029
111.54000000000002
19.06229829545454
[34.0, 31.0, 48.0, 49.0, 10.0, 10.0, 31.0, 32.0, 8.0, 31.0, 47.0]
[28.0, 42.0, 49.0, 10.0, 33.0, 10.0, 54.0, 6.0, 49.0, 16.0, 26.0]
[12.0, 12.0, 18.0, 18.0, 18.0, 18.0, 12.0, 12.0, 12.0, 12.0, 12.0]
[12.0, 12.0, 18.0, 18.0, 18.0, 18.0, 8.0, 8.0, 8.0, 8.0, 8.0]
T = 0.022517998136852502	 step = 1030
111.46000000000004
19.062298295454543
[34.0, 31.0, 48.0, 49.0, 10.0, 10.0, 31.0, 31.0, 8.0, 31.0, 47.0]
[28.0, 42.0, 49.0, 10.0, 33.0, 10.0, 54.0, 6.0, 49.0, 15.0, 26.0]
[12.0, 12.0, 18.0, 18.0, 18.0, 18.0, 12.0, 12.0, 12.0, 12.0, 12.0]
[12.0, 12.0, 18.0, 18.0, 18.0, 18.0, 8.0, 8.0, 8.0, 8.0, 8.0]
T = 0.022517998136852502	 step = 1031
111.37
19.08900284090909
[34.0, 31.0, 48.0, 49.0, 10.0, 10.0, 31.0, 31.0, 8.0, 31.0, 47.0]
[27.0, 42.0, 49.0, 10.0, 33.0, 10.0, 54.0, 6.0, 49.0, 15.0, 26.0]
[12.0, 12.0, 18.0, 18.0, 18.0, 18.0, 12.0, 12.0, 12.0, 12.0, 12.0]
[12.0, 12.0, 18.0, 18.0, 18.0, 18.0, 8.0, 8.0, 8.0, 8.0, 8.0]
T = 0.022517998136852502	 step = 1032
114.94
19.43871875
[34.0, 31.0, 48.0, 49.0, 13.0, 10.0, 31.0, 31.0, 8.0, 31.0, 47.0]
[27.0, 42.0, 49.0, 10.0, 29.0, 10.0, 54.0, 6.0, 49.0, 15.0, 26.0]
[12.0, 12.0, 18.0, 18.0, 18.0, 18.0, 12.0, 12.0, 12.0, 12.0, 12.0]
[12.0, 12.0, 18.0, 18.0, 18.0, 18.0, 8.0, 8.0, 8.0, 8.0, 8.0]
T = 0.022517998136852502	 step = 1033
111.37
19.18900284090909
[34.0, 31.0, 48.0, 49.0, 10.0, 10.0, 30.0, 31.0, 8.0, 31.0, 47.0]
[27.0, 42.0, 49.0, 10.0, 33.0, 10.0, 54.0, 6.0, 49.0, 15.0, 26.0]
[12.0, 12.0, 18.0, 18.0, 18.0, 18.0, 12.0, 12.0, 12.0, 12.0, 12.0]
[12.0, 12.0, 18.0, 18.0, 18.0, 18.0, 8.0, 8.0, 8.0, 8.0, 8.0]
T = 0.022517998136852502	 step = 1034
111.65000000000003
18.989002840909084
[34.0, 31.0, 48.0, 49.0, 10.0, 11.0, 30.0, 31.0, 8.0, 31.0, 47.0]
[27.0, 42.0, 49.0, 10.0, 33.0, 10.0, 54.0, 6.0, 49.0, 15.0, 26.0]
[12.0, 12.0, 18.0, 18.0, 18.0, 18.0, 12.0, 12.0, 12.0, 12.0, 12.0]
[12.0, 12.0, 18.0, 18.0, 18.0, 18.0, 8.0, 8.0, 8.0, 8.0, 8.0]
T = 0.022517998136852502	 step = 1035
111.64000000000004
18.952355113636358
[34.0, 31.0, 48.0, 49.0, 10.0, 11.0, 30.0, 31.0, 7.0, 31.0, 47.0]
[27.0, 42.0, 49.0, 10.0, 33.0, 10.0, 54.0, 6.0, 49.0, 15.0, 26.0]
[12.0, 12.0, 18.0, 18.0, 18.0, 18.0, 12.0, 12.0, 12.0, 12.0, 12.0]
[12.0, 12.0, 18.0, 18.0, 18.0, 18.0, 8.0, 8.0, 8.0, 8.0, 8.0]
T = 0.022517998136852502	 step = 1036
111.65000000000003
19.05235511363636
[34.0, 31.0, 48.0, 49.0, 10.0, 11.0, 30.0, 31.0, 7.0, 32.0, 47.0]
[27.0, 42.0, 49.0, 10.0, 33.0, 10.0, 54.0, 6.0, 49.0, 15.0, 26.0]
[12.0, 12.0, 18.0, 18.0, 18.0, 18.0, 12.0, 12.0, 12.0, 12.0, 12.0]
[12.0, 12.0, 18.0, 18.0, 18.0, 18.0, 8.0, 8.0, 8.0, 8.0, 8.0]
T = 0.022517998136852502	 step = 1037
111.36000000000001
19.252355113636362
[34.0, 31.0, 48.0, 49.0, 10.0, 10.0, 30.0, 31.0, 7.0, 32.0, 47.0]
[27.0, 42.0, 49.0, 10.0, 33.0, 10.0, 54.0, 6.0, 49.0, 15.0, 26.0]
[12.0, 12.0, 18.0, 18.0, 18.0, 18.0, 12.0, 12.0, 12.0, 12.0, 12.0]
[12.0, 12.0, 18.0, 18.0, 18.0, 18.0, 8.0, 8.0, 8.0, 8.0, 8.0]
T = 0.022517998136852502	 step = 1038
111.65000000000003
19.052355113636363
[34.0, 31.0, 48.0, 49.0, 10.0, 10.0, 30.0, 31.0, 7.0, 32.0, 47.0]
[27.0, 42.0, 49.0, 10.0, 33.0, 11.0, 54.0, 6.0, 49.0, 15.0, 26.0]
[12.0, 12.0, 18.0, 18.0, 18.0, 18.0, 12.0, 12.0, 12.0, 12.0, 12.0]
[12.0, 12.0, 18.0, 18.0, 18.0, 18.0, 8.0, 8.0, 8.0, 8.0, 8.0]
T = 0.022517998136852502	 step = 1039
111.45000000000005
19.225650568181816
[34.0, 31.0, 48.0, 49.0, 10.0, 10.0, 30.0, 31.0, 7.0, 32.0, 47.0]
[28.0, 42.0, 49.0, 10.0, 33.0, 10.0, 54.0, 6.0, 49.0, 15.0, 26.0]
[12.0, 12.0, 18.0, 18.0, 18.0, 18.0, 12.0, 12.0, 12.0, 12.0, 12.0]
[12.0, 12.0, 18.0, 18.0, 18.0, 18.0, 8.0, 8.0, 8.0, 8.0, 8.0]
T = 0.022517998136852502	 step = 1040
111.69
19.025650568181817
[34.0, 31.0, 48.0, 49.0, 10.0, 10.0, 30.0, 31.0, 7.0, 32.0, 47.0]
[28.0, 42.0, 49.0, 10.0, 33.0, 11.0, 54.0, 6.0, 49.0, 15.0, 26.0]
[12.0, 12.0, 18.0, 18.0, 18.0, 18.0, 12.0, 12.0, 12.0, 12.0, 12.0]
[12.0, 12.0, 18.0, 18.0, 18.0, 18.0, 8.0, 8.0, 8.0, 8.0, 8.0]
T = 0.022517998136852502	 step = 1041
111.68
19.025650568181817
[34.0, 31.0, 47.0, 49.0, 10.0, 10.0, 30.0, 31.0, 7.0, 32.0, 47.0]
[28.0, 42.0, 49.0, 10.0, 33.0, 10.0, 54.0, 6.0, 49.0, 15.0, 26.0]
[12.0, 12.0, 18.0, 18.0, 18.0, 18.0, 12.0, 12.0, 12.0, 12.0, 12.0]
[12.0, 12.0, 18.0, 18.0, 18.0, 18.0, 8.0, 8.0, 8.0, 8.0, 8.0]
T = 0.022517998136852502	 step = 1042
111.69
18.925650568181815
[34.0, 31.0, 47.0, 49.0, 10.0, 10.0, 30.0, 31.0, 7.0, 32.0, 47.0]
[28.0, 42.0, 49.0, 10.0, 33.0, 10.0, 54.0, 6.0, 48.0, 15.0, 26.0]
[12.0, 12.0, 18.0, 18.0, 18.0, 18.0, 12.0, 12.0, 12.0, 12.0, 12.0]
[12.0, 12.0, 18.0, 18.0, 18.0, 18.0, 8.0, 8.0, 8.0, 8.0, 8.0]
T = 0.022517998136852502	 step = 1043
111.70000000000005
19.27053693181818
[34.0, 31.0, 47.0, 49.0, 10.0, 10.0, 30.0, 31.0, 10.0, 32.0, 47.0]
[28.0, 42.0, 49.0, 10.0, 33.0, 10.0, 54.0, 6.0, 51.0, 15.0, 26.0]
[12.0, 12.0, 18.0, 18.0, 18.0, 18.0, 12.0, 12.0, 12.0, 12.0, 12.0]
[12.0, 12.0, 18.0, 18.0, 18.0, 18.0, 8.0, 8.0, 8.0, 8.0, 8.0]
T = 0.022517998136852502	 step = 1044
112.0
19.056332386363636
[34.0, 31.0, 47.0, 49.0, 10.0, 10.0, 30.0, 31.0, 10.0, 32.0, 47.0]
[28.0, 41.0, 49.0, 10.0, 33.0, 10.0, 54.0, 6.0, 51.0, 15.0, 26.0]
[12.0, 12.0, 18.0, 18.0, 18.0, 18.0, 12.0, 12.0, 12.0, 12.0, 12.0]
[12.0, 12.0, 18.0, 18.0, 18.0, 18.0, 8.0, 8.0, 8.0, 8.0, 8.0]
T = 0.022517998136852502	 step = 1045
111.71000000000004
19.17053693181818
[34.0, 31.0, 47.0, 49.0, 10.0, 10.0, 30.0, 31.0, 10.0, 32.0, 47.0]
[28.0, 42.0, 49.0, 10.0, 33.0, 10.0, 54.0, 6.0, 50.0, 15.0, 26.0]
[12.0, 12.0, 18.0, 18.0, 18.0, 18.0, 12.0, 12.0, 12.0, 12.0, 12.0]
[12.0, 12.0, 18.0, 18.0, 18.0, 18.0, 8.0, 8.0, 8.0, 8.0, 8.0]
T = 0.022517998136852502	 step = 1046
111.90000000000003
18.97053693181818
[34.0, 31.0, 47.0, 49.0, 10.0, 10.0, 30.0, 31.0, 10.0, 32.0, 47.0]
[28.0, 42.0, 49.0, 10.0, 33.0, 11.0, 54.0, 6.0, 50.0, 15.0, 26.0]
[12.0, 12.0, 18.0, 18.0, 18.0, 18.0, 12.0, 12.0, 12.0, 12.0, 12.0]
[12.0, 12.0, 18.0, 18.0, 18.0, 18.0, 8.0, 8.0, 8.0, 8.0, 8.0]
T = 0.022517998136852502	 step = 1047
112.48000000000002
18.898946022727266
[34.0, 31.0, 47.0, 49.0, 11.0, 10.0, 30.0, 31.0, 10.0, 32.0, 47.0]
[28.0, 42.0, 49.0, 10.0, 33.0, 11.0, 54.0, 6.0, 50.0, 15.0, 26.0]
[12.0, 12.0, 18.0, 18.0, 18.0, 18.0, 12.0, 12.0, 12.0, 12.0, 12.0]
[12.0, 12.0, 18.0, 18.0, 18.0, 18.0, 8.0, 8.0, 8.0, 8.0, 8.0]
T = 0.022517998136852502	 step = 1048
112.5
18.998946022727267
[34.0, 31.0, 47.0, 49.0, 11.0, 10.0, 29.0, 31.0, 10.0, 32.0, 47.0]
[28.0, 42.0, 49.0, 10.0, 33.0, 11.0, 54.0, 6.0, 50.0, 15.0, 26.0]
[12.0, 12.0, 18.0, 18.0, 18.0, 18.0, 12.0, 12.0, 12.0, 12.0, 12.0]
[12.0, 12.0, 18.0, 18.0, 18.0, 18.0, 8.0, 8.0, 8.0, 8.0, 8.0]
T = 0.022517998136852502	 step = 1049
112.5
19.01953693181818
[34.0, 31.0, 47.0, 49.0, 11.0, 10.0, 29.0, 31.0, 10.0, 32.0, 47.0]
[28.0, 42.0, 49.0, 10.0, 33.0, 11.0, 54.0, 6.0, 50.0, 15.0, 25.0]
[12.0, 12.0, 18.0, 18.0, 18.0, 18.0, 12.0, 12.0, 12.0, 12.0, 12.0]
[12.0, 12.0, 18.0, 18.0, 18.0, 18.0, 8.0, 8.0, 8.0, 8.0, 8.0]
T = 0.022517998136852502	 step = 1050
112.15000000000003
19.21953693181818
[34.0, 31.0, 47.0, 49.0, 11.0, 10.0, 29.0, 31.0, 10.0, 32.0, 47.0]
[28.0, 42.0, 49.0, 10.0, 33.0, 10.0, 54.0, 6.0, 50.0, 15.0, 25.0]
[12.0, 12.0, 18.0, 18.0, 18.0, 18.0, 12.0, 12.0, 12.0, 12.0, 12.0]
[12.0, 12.0, 18.0, 18.0, 18.0, 18.0, 8.0, 8.0, 8.0, 8.0, 8.0]
T = 0.022517998136852502	 step = 1051
112.53000000000003
19.200269886363632
[34.0, 31.0, 47.0, 49.0, 11.0, 10.0, 29.0, 31.0, 10.0, 32.0, 47.0]
[28.0, 42.0, 48.0, 10.0, 33.0, 10.0, 54.0, 6.0, 50.0, 15.0, 25.0]
[12.0, 12.0, 18.0, 18.0, 18.0, 18.0, 12.0, 12.0, 12.0, 12.0, 12.0]
[12.0, 12.0, 18.0, 18.0, 18.0, 18.0, 8.0, 8.0, 8.0, 8.0, 8.0]
T = 0.022517998136852502	 step = 1052
113.53000000000003
18.369588068181816
[34.0, 31.0, 47.0, 49.0, 13.0, 10.0, 29.0, 31.0, 10.0, 32.0, 47.0]
[28.0, 42.0, 48.0, 10.0, 36.0, 10.0, 54.0, 6.0, 50.0, 15.0, 25.0]
[12.0, 12.0, 18.0, 18.0, 18.0, 18.0, 12.0, 12.0, 12.0, 12.0, 12.0]
[12.0, 12.0, 18.0, 18.0, 18.0, 18.0, 8.0, 8.0, 8.0, 8.0, 8.0]
T = 0.022517998136852502	 step = 1053
112.53000000000003
19.200269886363632
[34.0, 31.0, 47.0, 49.0, 11.0, 10.0, 29.0, 31.0, 10.0, 32.0, 47.0]
[28.0, 42.0, 48.0, 10.0, 33.0, 10.0, 54.0, 6.0, 50.0, 15.0, 25.0]
[12.0, 12.0, 18.0, 18.0, 18.0, 18.0, 12.0, 12.0, 12.0, 12.0, 12.0]
[12.0, 12.0, 18.0, 18.0, 18.0, 18.0, 8.0, 8.0, 8.0, 8.0, 8.0]
T = 0.022517998136852502	 step = 1054
112.85000000000002
19.000269886363633
[34.0, 31.0, 47.0, 48.0, 11.0, 10.0, 29.0, 31.0, 10.0, 32.0, 47.0]
[28.0, 42.0, 48.0, 10.0, 33.0, 10.0, 54.0, 6.0, 50.0, 15.0, 25.0]
[12.0, 12.0, 18.0, 18.0, 18.0, 18.0, 12.0, 12.0, 12.0, 12.0, 12.0]
[12.0, 12.0, 18.0, 18.0, 18.0, 18.0, 8.0, 8.0, 8.0, 8.0, 8.0]
T = 0.022517998136852502	 step = 1055
113.26000000000005
18.882779829545452
[34.0, 31.0, 47.0, 48.0, 11.0, 10.0, 29.0, 31.0, 10.0, 32.0, 47.0]
[28.0, 42.0, 48.0, 11.0, 33.0, 10.0, 54.0, 6.0, 50.0, 15.0, 25.0]
[12.0, 12.0, 18.0, 18.0, 18.0, 18.0, 12.0, 12.0, 12.0, 12.0, 12.0]
[12.0, 12.0, 18.0, 18.0, 18.0, 18.0, 8.0, 8.0, 8.0, 8.0, 8.0]
T = 0.022517998136852502	 step = 1056
112.54000000000002
19.30026988636363
[34.0, 31.0, 47.0, 48.0, 11.0, 10.0, 29.0, 31.0, 10.0, 32.0, 47.0]
[28.0, 43.0, 48.0, 10.0, 33.0, 10.0, 54.0, 6.0, 50.0, 15.0, 25.0]
[12.0, 12.0, 18.0, 18.0, 18.0, 18.0, 12.0, 12.0, 12.0, 12.0, 12.0]
[12.0, 12.0, 18.0, 18.0, 18.0, 18.0, 8.0, 8.0, 8.0, 8.0, 8.0]
T = 0.022517998136852502	 step = 1057
112.85000000000002
19.000269886363633
[34.0, 31.0, 47.0, 48.0, 11.0, 10.0, 29.0, 31.0, 10.0, 32.0, 47.0]
[28.0, 42.0, 48.0, 10.0, 33.0, 10.0, 54.0, 6.0, 50.0, 15.0, 25.0]
[12.0, 12.0, 18.0, 18.0, 18.0, 18.0, 12.0, 12.0, 12.0, 12.0, 12.0]
[12.0, 12.0, 18.0, 18.0, 18.0, 18.0, 8.0, 8.0, 8.0, 8.0, 8.0]
T = 0.022517998136852502	 step = 1058
112.79000000000002
19.061065340909085
[34.0, 30.0, 47.0, 48.0, 11.0, 10.0, 29.0, 31.0, 10.0, 32.0, 47.0]
[28.0, 42.0, 48.0, 10.0, 33.0, 10.0, 54.0, 6.0, 50.0, 15.0, 25.0]
[12.0, 12.0, 18.0, 18.0, 18.0, 18.0, 12.0, 12.0, 12.0, 12.0, 12.0]
[12.0, 12.0, 18.0, 18.0, 18.0, 18.0, 8.0, 8.0, 8.0, 8.0, 8.0]
T = 0.022517998136852502	 step = 1059
112.78000000000003
19.161065340909087
[34.0, 30.0, 47.0, 48.0, 11.0, 10.0, 29.0, 30.0, 10.0, 32.0, 47.0]
[28.0, 42.0, 48.0, 10.0, 33.0, 10.0, 54.0, 6.0, 50.0, 15.0, 25.0]
[12.0, 12.0, 18.0, 18.0, 18.0, 18.0, 12.0, 12.0, 12.0, 12.0, 12.0]
[12.0, 12.0, 18.0, 18.0, 18.0, 18.0, 8.0, 8.0, 8.0, 8.0, 8.0]
T = 0.022517998136852502	 step = 1060
112.33000000000004
19.232656249999994
[34.0, 30.0, 47.0, 48.0, 10.0, 10.0, 29.0, 30.0, 10.0, 32.0, 47.0]
[28.0, 42.0, 48.0, 10.0, 33.0, 10.0, 54.0, 6.0, 50.0, 15.0, 25.0]
[12.0, 12.0, 18.0, 18.0, 18.0, 18.0, 12.0, 12.0, 12.0, 12.0, 12.0]
[12.0, 12.0, 18.0, 18.0, 18.0, 18.0, 8.0, 8.0, 8.0, 8.0, 8.0]
T = 0.022517998136852502	 step = 1061
112.78000000000003
19.161065340909087
[34.0, 30.0, 47.0, 48.0, 11.0, 10.0, 29.0, 30.0, 10.0, 32.0, 47.0]
[28.0, 42.0, 48.0, 10.0, 33.0, 10.0, 54.0, 6.0, 50.0, 15.0, 25.0]
[12.0, 12.0, 18.0, 18.0, 18.0, 18.0, 12.0, 12.0, 12.0, 12.0, 12.0]
[12.0, 12.0, 18.0, 18.0, 18.0, 18.0, 8.0, 8.0, 8.0, 8.0, 8.0]
T = 0.022517998136852502	 step = 1062
112.32000000000005
19.332656249999996
[34.0, 30.0, 47.0, 48.0, 10.0, 10.0, 28.0, 30.0, 10.0, 32.0, 47.0]
[28.0, 42.0, 48.0, 10.0, 33.0, 10.0, 54.0, 6.0, 50.0, 15.0, 25.0]
[12.0, 12.0, 18.0, 18.0, 18.0, 18.0, 12.0, 12.0, 12.0, 12.0, 12.0]
[12.0, 12.0, 18.0, 18.0, 18.0, 18.0, 8.0, 8.0, 8.0, 8.0, 8.0]
T = 0.022517998136852502	 step = 1063
112.20000000000005
19.132656249999997
[34.0, 30.0, 47.0, 48.0, 10.0, 10.0, 28.0, 30.0, 10.0, 32.0, 47.0]
[28.0, 42.0, 48.0, 10.0, 34.0, 10.0, 54.0, 6.0, 50.0, 15.0, 25.0]
[12.0, 12.0, 18.0, 18.0, 18.0, 18.0, 12.0, 12.0, 12.0, 12.0, 12.0]
[12.0, 12.0, 18.0, 18.0, 18.0, 18.0, 8.0, 8.0, 8.0, 8.0, 8.0]
T = 0.018014398509482003	 step = 1064
112.19
19.032656249999995
[34.0, 30.0, 47.0, 48.0, 10.0, 10.0, 28.0, 30.0, 10.0, 31.0, 47.0]
[28.0, 42.0, 48.0, 10.0, 34.0, 10.0, 54.0, 6.0, 50.0, 15.0, 25.0]
[12.0, 12.0, 18.0, 18.0, 18.0, 18.0, 12.0, 12.0, 12.0, 12.0, 12.0]
[12.0, 12.0, 18.0, 18.0, 18.0, 18.0, 8.0, 8.0, 8.0, 8.0, 8.0]
T = 0.018014398509482003	 step = 1065
112.60000000000002
19.091463068181817
[34.0, 30.0, 47.0, 48.0, 10.0, 10.0, 28.0, 30.0, 10.0, 31.0, 47.0]
[28.0, 42.0, 47.0, 10.0, 34.0, 10.0, 54.0, 6.0, 50.0, 15.0, 25.0]
[12.0, 12.0, 18.0, 18.0, 18.0, 18.0, 12.0, 12.0, 12.0, 12.0, 12.0]
[12.0, 12.0, 18.0, 18.0, 18.0, 18.0, 8.0, 8.0, 8.0, 8.0, 8.0]
T = 0.018014398509482003	 step = 1066
112.46000000000004
18.83265625
[34.0, 30.0, 47.0, 48.0, 10.0, 11.0, 28.0, 30.0, 10.0, 31.0, 47.0]
[28.0, 42.0, 48.0, 10.0, 34.0, 10.0, 54.0, 6.0, 50.0, 15.0, 25.0]
[12.0, 12.0, 18.0, 18.0, 18.0, 18.0, 12.0, 12.0, 12.0, 12.0, 12.0]
[12.0, 12.0, 18.0, 18.0, 18.0, 18.0, 8.0, 8.0, 8.0, 8.0, 8.0]
T = 0.018014398509482003	 step = 1067
112.07000000000005
18.851923295454544
[34.0, 30.0, 47.0, 48.0, 10.0, 11.0, 28.0, 30.0, 10.0, 31.0, 47.0]
[28.0, 42.0, 49.0, 10.0, 34.0, 10.0, 54.0, 6.0, 50.0, 15.0, 25.0]
[12.0, 12.0, 18.0, 18.0, 18.0, 18.0, 12.0, 12.0, 12.0, 12.0, 12.0]
[12.0, 12.0, 18.0, 18.0, 18.0, 18.0, 8.0, 8.0, 8.0, 8.0, 8.0]
T = 0.018014398509482003	 step = 1068
112.49000000000001
18.73443323863636
[34.0, 30.0, 47.0, 48.0, 10.0, 11.0, 28.0, 30.0, 10.0, 31.0, 47.0]
[28.0, 42.0, 49.0, 11.0, 34.0, 10.0, 54.0, 6.0, 50.0, 15.0, 25.0]
[12.0, 12.0, 18.0, 18.0, 18.0, 18.0, 12.0, 12.0, 12.0, 12.0, 12.0]
[12.0, 12.0, 18.0, 18.0, 18.0, 18.0, 8.0, 8.0, 8.0, 8.0, 8.0]
T = 0.018014398509482003	 step = 1069
112.03000000000003
18.83443323863636
[34.0, 30.0, 47.0, 48.0, 10.0, 11.0, 28.0, 30.0, 10.0, 31.0, 47.0]
[28.0, 42.0, 49.0, 10.0, 34.0, 10.0, 54.0, 5.0, 50.0, 15.0, 25.0]
[12.0, 12.0, 18.0, 18.0, 18.0, 18.0, 12.0, 12.0, 12.0, 12.0, 12.0]
[12.0, 12.0, 18.0, 18.0, 18.0, 18.0, 8.0, 8.0, 8.0, 8.0, 8.0]
T = 0.018014398509482003	 step = 1070
112.26000000000005
18.63443323863636
[34.0, 30.0, 46.0, 48.0, 10.0, 11.0, 28.0, 30.0, 10.0, 31.0, 47.0]
[28.0, 42.0, 49.0, 10.0, 34.0, 10.0, 54.0, 5.0, 50.0, 15.0, 25.0]
[12.0, 12.0, 18.0, 18.0, 18.0, 18.0, 12.0, 12.0, 12.0, 12.0, 12.0]
[12.0, 12.0, 18.0, 18.0, 18.0, 18.0, 8.0, 8.0, 8.0, 8.0, 8.0]
T = 0.018014398509482003	 step = 1071
111.76000000000005
19.03443323863636
[34.0, 30.0, 47.0, 48.0, 10.0, 10.0, 28.0, 30.0, 10.0, 31.0, 47.0]
[28.0, 42.0, 49.0, 10.0, 34.0, 10.0, 54.0, 5.0, 50.0, 15.0, 25.0]
[12.0, 12.0, 18.0, 18.0, 18.0, 18.0, 12.0, 12.0, 12.0, 12.0, 12.0]
[12.0, 12.0, 18.0, 18.0, 18.0, 18.0, 8.0, 8.0, 8.0, 8.0, 8.0]
T = 0.018014398509482003	 step = 1072
111.78000000000003
19.13443323863636
[34.0, 30.0, 47.0, 48.0, 10.0, 10.0, 28.0, 30.0, 10.0, 32.0, 47.0]
[28.0, 42.0, 49.0, 10.0, 34.0, 10.0, 54.0, 5.0, 50.0, 15.0, 25.0]
[12.0, 12.0, 18.0, 18.0, 18.0, 18.0, 12.0, 12.0, 12.0, 12.0, 12.0]
[12.0, 12.0, 18.0, 18.0, 18.0, 18.0, 8.0, 8.0, 8.0, 8.0, 8.0]
T = 0.018014398509482003	 step = 1073
111.76000000000005
19.03443323863636
[34.0, 30.0, 47.0, 48.0, 10.0, 10.0, 28.0, 30.0, 10.0, 31.0, 47.0]
[28.0, 42.0, 49.0, 10.0, 34.0, 10.0, 54.0, 5.0, 50.0, 15.0, 25.0]
[12.0, 12.0, 18.0, 18.0, 18.0, 18.0, 12.0, 12.0, 12.0, 12.0, 12.0]
[12.0, 12.0, 18.0, 18.0, 18.0, 18.0, 8.0, 8.0, 8.0, 8.0, 8.0]
T = 0.018014398509482003	 step = 1074
111.74000000000001
19.058296874999996
[34.0, 30.0, 47.0, 48.0, 10.0, 10.0, 28.0, 30.0, 10.0, 31.0, 47.0]
[28.0, 42.0, 49.0, 10.0, 34.0, 10.0, 54.0, 5.0, 50.0, 15.0, 24.0]
[12.0, 12.0, 18.0, 18.0, 18.0, 18.0, 12.0, 12.0, 12.0, 12.0, 12.0]
[12.0, 12.0, 18.0, 18.0, 18.0, 18.0, 8.0, 8.0, 8.0, 8.0, 8.0]
T = 0.018014398509482003	 step = 1075
111.75
18.958296874999995
[34.0, 30.0, 47.0, 48.0, 10.0, 10.0, 29.0, 30.0, 10.0, 31.0, 47.0]
[28.0, 42.0, 49.0, 10.0, 34.0, 10.0, 54.0, 5.0, 50.0, 15.0, 24.0]
[12.0, 12.0, 18.0, 18.0, 18.0, 18.0, 12.0, 12.0, 12.0, 12.0, 12.0]
[12.0, 12.0, 18.0, 18.0, 18.0, 18.0, 8.0, 8.0, 8.0, 8.0, 8.0]
T = 0.018014398509482003	 step = 1076
111.45000000000005
19.180223011363633
[34.0, 30.0, 47.0, 48.0, 10.0, 10.0, 29.0, 30.0, 10.0, 31.0, 47.0]
[28.0, 43.0, 49.0, 10.0, 34.0, 10.0, 54.0, 5.0, 50.0, 15.0, 24.0]
[12.0, 12.0, 18.0, 18.0, 18.0, 18.0, 12.0, 12.0, 12.0, 12.0, 12.0]
[12.0, 12.0, 18.0, 18.0, 18.0, 18.0, 8.0, 8.0, 8.0, 8.0, 8.0]
T = 0.018014398509482003	 step = 1077
113.36000000000001
20.137609375
[34.0, 30.0, 47.0, 48.0, 10.0, 10.0, 29.0, 30.0, 10.0, 31.0, 47.0]
[28.0, 43.0, 49.0, 10.0, 29.0, 10.0, 54.0, 5.0, 50.0, 15.0, 24.0]
[12.0, 12.0, 18.0, 18.0, 18.0, 18.0, 12.0, 12.0, 12.0, 12.0, 12.0]
[12.0, 12.0, 18.0, 18.0, 18.0, 18.0, 8.0, 8.0, 8.0, 8.0, 8.0]
T = 0.018014398509482003	 step = 1078
111.72000000000003
18.980223011363634
[34.0, 30.0, 47.0, 48.0, 10.0, 11.0, 29.0, 30.0, 10.0, 31.0, 47.0]
[28.0, 43.0, 49.0, 10.0, 34.0, 10.0, 54.0, 5.0, 50.0, 15.0, 24.0]
[12.0, 12.0, 18.0, 18.0, 18.0, 18.0, 12.0, 12.0, 12.0, 12.0, 12.0]
[12.0, 12.0, 18.0, 18.0, 18.0, 18.0, 8.0, 8.0, 8.0, 8.0, 8.0]
T = 0.018014398509482003	 step = 1079
111.14000000000004
19.38022301136364
[34.0, 30.0, 47.0, 49.0, 10.0, 10.0, 29.0, 30.0, 10.0, 31.0, 47.0]
[28.0, 43.0, 49.0, 10.0, 34.0, 10.0, 54.0, 5.0, 50.0, 15.0, 24.0]
[12.0, 12.0, 18.0, 18.0, 18.0, 18.0, 12.0, 12.0, 12.0, 12.0, 12.0]
[12.0, 12.0, 18.0, 18.0, 18.0, 18.0, 8.0, 8.0, 8.0, 8.0, 8.0]
T = 0.018014398509482003	 step = 1080
111.14000000000004
19.28022301136364
[34.0, 30.0, 47.0, 49.0, 10.0, 10.0, 30.0, 30.0, 10.0, 31.0, 47.0]
[28.0, 43.0, 49.0, 10.0, 34.0, 10.0, 54.0, 5.0, 50.0, 15.0, 24.0]
[12.0, 12.0, 18.0, 18.0, 18.0, 18.0, 12.0, 12.0, 12.0, 12.0, 12.0]
[12.0, 12.0, 18.0, 18.0, 18.0, 18.0, 8.0, 8.0, 8.0, 8.0, 8.0]
T = 0.018014398509482003	 step = 1081
111.13
19.38022301136364
[34.0, 30.0, 47.0, 49.0, 10.0, 10.0, 30.0, 30.0, 10.0, 31.0, 47.0]
[28.0, 43.0, 49.0, 10.0, 34.0, 10.0, 54.0, 5.0, 51.0, 15.0, 24.0]
[12.0, 12.0, 18.0, 18.0, 18.0, 18.0, 12.0, 12.0, 12.0, 12.0, 12.0]
[12.0, 12.0, 18.0, 18.0, 18.0, 18.0, 8.0, 8.0, 8.0, 8.0, 8.0]
T = 0.018014398509482003	 step = 1082
111.14000000000004
19.38022301136364
[34.0, 30.0, 47.0, 49.0, 10.0, 10.0, 29.0, 30.0, 10.0, 31.0, 47.0]
[28.0, 43.0, 49.0, 10.0, 34.0, 10.0, 54.0, 5.0, 50.0, 15.0, 24.0]
[12.0, 12.0, 18.0, 18.0, 18.0, 18.0, 12.0, 12.0, 12.0, 12.0, 12.0]
[12.0, 12.0, 18.0, 18.0, 18.0, 18.0, 8.0, 8.0, 8.0, 8.0, 8.0]
T = 0.018014398509482003	 step = 1083
111.22000000000003
19.823404829545453
[34.0, 30.0, 47.0, 49.0, 10.0, 10.0, 29.0, 30.0, 15.0, 31.0, 47.0]
[28.0, 43.0, 49.0, 10.0, 34.0, 10.0, 54.0, 5.0, 50.0, 15.0, 24.0]
[12.0, 12.0, 18.0, 18.0, 18.0, 18.0, 12.0, 12.0, 8.0, 12.0, 12.0]
[12.0, 12.0, 18.0, 18.0, 18.0, 18.0, 8.0, 8.0, 12.0, 8.0, 8.0]
T = 0.018014398509482003	 step = 1084
110.99000000000001
19.784346590909088
[34.0, 30.0, 47.0, 49.0, 10.0, 10.0, 29.0, 30.0, 10.0, 31.0, 52.0]
[28.0, 43.0, 49.0, 10.0, 34.0, 10.0, 54.0, 5.0, 50.0, 15.0, 28.0]
[12.0, 12.0, 18.0, 18.0, 18.0, 18.0, 12.0, 12.0, 12.0, 12.0, 8.0]
[12.0, 12.0, 18.0, 18.0, 18.0, 18.0, 8.0, 8.0, 8.0, 8.0, 12.0]
T = 0.018014398509482003	 step = 1085
111.19
19.743153409090908
[34.0, 30.0, 47.0, 49.0, 10.0, 10.0, 29.0, 30.0, 10.0, 31.0, 52.0]
[28.0, 43.0, 49.0, 11.0, 34.0, 10.0, 54.0, 5.0, 50.0, 15.0, 28.0]
[12.0, 12.0, 18.0, 18.0, 18.0, 18.0, 12.0, 12.0, 12.0, 12.0, 8.0]
[12.0, 12.0, 18.0, 18.0, 18.0, 18.0, 8.0, 8.0, 8.0, 8.0, 12.0]
T = 0.018014398509482003	 step = 1086
110.84000000000003
19.745142045454543
[35.0, 30.0, 47.0, 49.0, 10.0, 10.0, 29.0, 30.0, 10.0, 31.0, 52.0]
[28.0, 43.0, 49.0, 10.0, 34.0, 10.0, 54.0, 5.0, 50.0, 15.0, 28.0]
[12.0, 12.0, 18.0, 18.0, 18.0, 18.0, 12.0, 12.0, 12.0, 12.0, 8.0]
[12.0, 12.0, 18.0, 18.0, 18.0, 18.0, 8.0, 8.0, 8.0, 8.0, 12.0]
T = 0.018014398509482003	 step = 1087
110.83000000000004
19.845142045454544
[35.0, 30.0, 47.0, 49.0, 10.0, 10.0, 29.0, 30.0, 10.0, 31.0, 53.0]
[28.0, 43.0, 49.0, 10.0, 34.0, 10.0, 54.0, 5.0, 50.0, 15.0, 28.0]
[12.0, 12.0, 18.0, 18.0, 18.0, 18.0, 12.0, 12.0, 12.0, 12.0, 8.0]
[12.0, 12.0, 18.0, 18.0, 18.0, 18.0, 8.0, 8.0, 8.0, 8.0, 12.0]
T = 0.018014398509482003	 step = 1088
110.86000000000001
19.545142045454543
[35.0, 30.0, 47.0, 49.0, 10.0, 11.0, 29.0, 30.0, 10.0, 31.0, 52.0]
[28.0, 43.0, 49.0, 10.0, 34.0, 10.0, 54.0, 5.0, 50.0, 15.0, 28.0]
[12.0, 12.0, 18.0, 18.0, 18.0, 18.0, 12.0, 12.0, 12.0, 12.0, 8.0]
[12.0, 12.0, 18.0, 18.0, 18.0, 18.0, 8.0, 8.0, 8.0, 8.0, 12.0]
T = 0.018014398509482003	 step = 1089
110.76000000000005
19.345142045454544
[35.0, 30.0, 47.0, 49.0, 10.0, 11.0, 29.0, 30.0, 10.0, 31.0, 52.0]
[28.0, 43.0, 49.0, 10.0, 35.0, 10.0, 54.0, 5.0, 50.0, 15.0, 28.0]
[12.0, 12.0, 18.0, 18.0, 18.0, 18.0, 12.0, 12.0, 12.0, 12.0, 8.0]
[12.0, 12.0, 18.0, 18.0, 18.0, 18.0, 8.0, 8.0, 8.0, 8.0, 12.0]
T = 0.018014398509482003	 step = 1090
111.17000000000002
19.273551136363636
[35.0, 30.0, 47.0, 49.0, 11.0, 11.0, 29.0, 30.0, 10.0, 31.0, 52.0]
[28.0, 43.0, 49.0, 10.0, 35.0, 10.0, 54.0, 5.0, 50.0, 15.0, 28.0]
[12.0, 12.0, 18.0, 18.0, 18.0, 18.0, 12.0, 12.0, 12.0, 12.0, 8.0]
[12.0, 12.0, 18.0, 18.0, 18.0, 18.0, 8.0, 8.0, 8.0, 8.0, 12.0]
T = 0.018014398509482003	 step = 1091
111.02000000000004
19.23434659090909
[36.0, 30.0, 47.0, 49.0, 11.0, 11.0, 29.0, 30.0, 10.0, 31.0, 52.0]
[28.0, 43.0, 49.0, 10.0, 35.0, 10.0, 54.0, 5.0, 50.0, 15.0, 28.0]
[12.0, 12.0, 18.0, 18.0, 18.0, 18.0, 12.0, 12.0, 12.0, 12.0, 8.0]
[12.0, 12.0, 18.0, 18.0, 18.0, 18.0, 8.0, 8.0, 8.0, 8.0, 12.0]
T = 0.018014398509482003	 step = 1092
113.43
19.089460227272724
[36.0, 30.0, 47.0, 49.0, 14.0, 11.0, 29.0, 30.0, 10.0, 31.0, 52.0]
[28.0, 43.0, 49.0, 10.0, 34.0, 10.0, 54.0, 5.0, 50.0, 15.0, 28.0]
[12.0, 12.0, 18.0, 18.0, 18.0, 18.0, 12.0, 12.0, 12.0, 12.0, 8.0]
[12.0, 12.0, 18.0, 18.0, 18.0, 18.0, 8.0, 8.0, 8.0, 8.0, 12.0]
T = 0.018014398509482003	 step = 1093
111.21000000000004
19.32754545454545
[36.0, 29.0, 47.0, 49.0, 11.0, 11.0, 29.0, 30.0, 10.0, 31.0, 52.0]
[28.0, 43.0, 49.0, 10.0, 35.0, 10.0, 54.0, 5.0, 50.0, 15.0, 28.0]
[12.0, 12.0, 18.0, 18.0, 18.0, 18.0, 12.0, 12.0, 12.0, 12.0, 8.0]
[12.0, 12.0, 18.0, 18.0, 18.0, 18.0, 8.0, 8.0, 8.0, 8.0, 12.0]
T = 0.018014398509482003	 step = 1094
111.04000000000002
19.13434659090909
[36.0, 30.0, 47.0, 49.0, 11.0, 11.0, 29.0, 30.0, 10.0, 30.0, 52.0]
[28.0, 43.0, 49.0, 10.0, 35.0, 10.0, 54.0, 5.0, 50.0, 15.0, 28.0]
[12.0, 12.0, 18.0, 18.0, 18.0, 18.0, 12.0, 12.0, 12.0, 12.0, 8.0]
[12.0, 12.0, 18.0, 18.0, 18.0, 18.0, 8.0, 8.0, 8.0, 8.0, 12.0]
T = 0.018014398509482003	 step = 1095
111.06
19.151836647727272
[36.0, 30.0, 47.0, 49.0, 11.0, 11.0, 29.0, 30.0, 10.0, 30.0, 52.0]
[28.0, 43.0, 49.0, 10.0, 35.0, 10.0, 54.0, 6.0, 50.0, 15.0, 28.0]
[12.0, 12.0, 18.0, 18.0, 18.0, 18.0, 12.0, 12.0, 12.0, 12.0, 8.0]
[12.0, 12.0, 18.0, 18.0, 18.0, 18.0, 8.0, 8.0, 8.0, 8.0, 12.0]
T = 0.018014398509482003	 step = 1096
111.04000000000002
19.091041193181816
[36.0, 31.0, 47.0, 49.0, 11.0, 11.0, 29.0, 30.0, 10.0, 30.0, 52.0]
[28.0, 43.0, 49.0, 10.0, 35.0, 10.0, 54.0, 6.0, 50.0, 15.0, 28.0]
[12.0, 12.0, 18.0, 18.0, 18.0, 18.0, 12.0, 12.0, 12.0, 12.0, 8.0]
[12.0, 12.0, 18.0, 18.0, 18.0, 18.0, 8.0, 8.0, 8.0, 8.0, 12.0]
T = 0.018014398509482003	 step = 1097
111.47000000000003
19.149848011363634
[36.0, 31.0, 47.0, 49.0, 11.0, 11.0, 29.0, 30.0, 10.0, 30.0, 52.0]
[28.0, 43.0, 48.0, 10.0, 35.0, 10.0, 54.0, 6.0, 50.0, 15.0, 28.0]
[12.0, 12.0, 18.0, 18.0, 18.0, 18.0, 12.0, 12.0, 12.0, 12.0, 8.0]
[12.0, 12.0, 18.0, 18.0, 18.0, 18.0, 8.0, 8.0, 8.0, 8.0, 12.0]
T = 0.018014398509482003	 step = 1098
111.25
19.13024573863636
[35.0, 31.0, 47.0, 49.0, 11.0, 11.0, 29.0, 30.0, 10.0, 30.0, 52.0]
[28.0, 43.0, 49.0, 10.0, 35.0, 10.0, 54.0, 6.0, 50.0, 15.0, 28.0]
[12.0, 12.0, 18.0, 18.0, 18.0, 18.0, 12.0, 12.0, 12.0, 12.0, 8.0]
[12.0, 12.0, 18.0, 18.0, 18.0, 18.0, 8.0, 8.0, 8.0, 8.0, 12.0]
T = 0.018014398509482003	 step = 1099
111.40000000000003
19.215609375000003
[35.0, 31.0, 47.0, 49.0, 11.0, 11.0, 29.0, 30.0, 10.0, 30.0, 52.0]
[29.0, 43.0, 49.0, 10.0, 35.0, 10.0, 54.0, 6.0, 50.0, 15.0, 28.0]
[12.0, 12.0, 18.0, 18.0, 18.0, 18.0, 12.0, 12.0, 12.0, 12.0, 8.0]
[12.0, 12.0, 18.0, 18.0, 18.0, 18.0, 8.0, 8.0, 8.0, 8.0, 12.0]
T = 0.018014398509482003	 step = 1100
111.66000000000003
19.18905255681818
[35.0, 31.0, 47.0, 49.0, 11.0, 11.0, 29.0, 30.0, 10.0, 30.0, 52.0]
[28.0, 43.0, 48.0, 10.0, 35.0, 10.0, 54.0, 6.0, 50.0, 15.0, 28.0]
[12.0, 12.0, 18.0, 18.0, 18.0, 18.0, 12.0, 12.0, 12.0, 12.0, 8.0]
[12.0, 12.0, 18.0, 18.0, 18.0, 18.0, 8.0, 8.0, 8.0, 8.0, 12.0]
T = 0.018014398509482003	 step = 1101
111.66000000000003
19.01275568181818
[35.0, 31.0, 47.0, 49.0, 11.0, 11.0, 29.0, 30.0, 10.0, 30.0, 52.0]
[28.0, 43.0, 49.0, 11.0, 35.0, 10.0, 54.0, 6.0, 50.0, 15.0, 28.0]
[12.0, 12.0, 18.0, 18.0, 18.0, 18.0, 12.0, 12.0, 12.0, 12.0, 8.0]
[12.0, 12.0, 18.0, 18.0, 18.0, 18.0, 8.0, 8.0, 8.0, 8.0, 12.0]
T = 0.018014398509482003	 step = 1102
111.27000000000004
19.230245738636363
[35.0, 31.0, 47.0, 49.0, 11.0, 11.0, 29.0, 30.0, 10.0, 31.0, 52.0]
[28.0, 43.0, 49.0, 10.0, 35.0, 10.0, 54.0, 6.0, 50.0, 15.0, 28.0]
[12.0, 12.0, 18.0, 18.0, 18.0, 18.0, 12.0, 12.0, 12.0, 12.0, 8.0]
[12.0, 12.0, 18.0, 18.0, 18.0, 18.0, 8.0, 8.0, 8.0, 8.0, 12.0]
T = 0.018014398509482003	 step = 1103
111.47000000000003
19.169450284090907
[34.0, 31.0, 47.0, 49.0, 11.0, 11.0, 29.0, 30.0, 10.0, 30.0, 52.0]
[28.0, 43.0, 49.0, 10.0, 35.0, 10.0, 54.0, 6.0, 50.0, 15.0, 28.0]
[12.0, 12.0, 18.0, 18.0, 18.0, 18.0, 12.0, 12.0, 12.0, 12.0, 8.0]
[12.0, 12.0, 18.0, 18.0, 18.0, 18.0, 8.0, 8.0, 8.0, 8.0, 12.0]
T = 0.018014398509482003	 step = 1104
111.66000000000003
19.01275568181818
[35.0, 31.0, 47.0, 49.0, 11.0, 11.0, 29.0, 30.0, 10.0, 30.0, 52.0]
[28.0, 43.0, 49.0, 11.0, 35.0, 10.0, 54.0, 6.0, 50.0, 15.0, 28.0]
[12.0, 12.0, 18.0, 18.0, 18.0, 18.0, 12.0, 12.0, 12.0, 12.0, 8.0]
[12.0, 12.0, 18.0, 18.0, 18.0, 18.0, 8.0, 8.0, 8.0, 8.0, 12.0]
T = 0.018014398509482003	 step = 1105
111.26000000000005
19.030245738636363
[35.0, 31.0, 47.0, 49.0, 11.0, 11.0, 30.0, 30.0, 10.0, 30.0, 52.0]
[28.0, 43.0, 49.0, 10.0, 35.0, 10.0, 54.0, 6.0, 50.0, 15.0, 28.0]
[12.0, 12.0, 18.0, 18.0, 18.0, 18.0, 12.0, 12.0, 12.0, 12.0, 8.0]
[12.0, 12.0, 18.0, 18.0, 18.0, 18.0, 8.0, 8.0, 8.0, 8.0, 12.0]
T = 0.018014398509482003	 step = 1106
111.67000000000002
18.91275568181818
[35.0, 31.0, 47.0, 49.0, 11.0, 11.0, 30.0, 30.0, 10.0, 30.0, 52.0]
[28.0, 43.0, 49.0, 11.0, 35.0, 10.0, 54.0, 6.0, 50.0, 15.0, 28.0]
[12.0, 12.0, 18.0, 18.0, 18.0, 18.0, 12.0, 12.0, 12.0, 12.0, 8.0]
[12.0, 12.0, 18.0, 18.0, 18.0, 18.0, 8.0, 8.0, 8.0, 8.0, 12.0]
T = 0.018014398509482003	 step = 1107
111.56
18.808319602272725
[35.0, 31.0, 47.0, 49.0, 11.0, 11.0, 30.0, 30.0, 10.0, 30.0, 52.0]
[28.0, 42.0, 49.0, 10.0, 35.0, 10.0, 54.0, 6.0, 50.0, 15.0, 28.0]
[12.0, 12.0, 18.0, 18.0, 18.0, 18.0, 12.0, 12.0, 12.0, 12.0, 8.0]
[12.0, 12.0, 18.0, 18.0, 18.0, 18.0, 8.0, 8.0, 8.0, 8.0, 12.0]
T = 0.018014398509482003	 step = 1108
111.45000000000005
18.830245738636364
[35.0, 31.0, 47.0, 49.0, 11.0, 11.0, 30.0, 30.0, 10.0, 30.0, 52.0]
[28.0, 43.0, 49.0, 10.0, 35.0, 11.0, 54.0, 6.0, 50.0, 15.0, 28.0]
[12.0, 12.0, 18.0, 18.0, 18.0, 18.0, 12.0, 12.0, 12.0, 12.0, 8.0]
[12.0, 12.0, 18.0, 18.0, 18.0, 18.0, 8.0, 8.0, 8.0, 8.0, 12.0]
T = 0.018014398509482003	 step = 1109
111.76000000000005
18.922007102272726
[35.0, 31.0, 47.0, 49.0, 12.0, 11.0, 30.0, 30.0, 10.0, 30.0, 52.0]
[28.0, 43.0, 49.0, 10.0, 35.0, 10.0, 54.0, 6.0, 50.0, 15.0, 28.0]
[12.0, 12.0, 18.0, 18.0, 18.0, 18.0, 12.0, 12.0, 12.0, 12.0, 8.0]
[12.0, 12.0, 18.0, 18.0, 18.0, 18.0, 8.0, 8.0, 8.0, 8.0, 12.0]
T = 0.018014398509482003	 step = 1110
111.25
19.13024573863636
[35.0, 31.0, 47.0, 49.0, 11.0, 11.0, 30.0, 29.0, 10.0, 30.0, 52.0]
[28.0, 43.0, 49.0, 10.0, 35.0, 10.0, 54.0, 6.0, 50.0, 15.0, 28.0]
[12.0, 12.0, 18.0, 18.0, 18.0, 18.0, 12.0, 12.0, 12.0, 12.0, 8.0]
[12.0, 12.0, 18.0, 18.0, 18.0, 18.0, 8.0, 8.0, 8.0, 8.0, 12.0]
T = 0.018014398509482003	 step = 1111
111.25
19.13024573863636
[35.0, 31.0, 47.0, 49.0, 11.0, 11.0, 29.0, 30.0, 10.0, 30.0, 52.0]
[28.0, 43.0, 49.0, 10.0, 35.0, 10.0, 54.0, 6.0, 50.0, 15.0, 28.0]
[12.0, 12.0, 18.0, 18.0, 18.0, 18.0, 12.0, 12.0, 12.0, 12.0, 8.0]
[12.0, 12.0, 18.0, 18.0, 18.0, 18.0, 8.0, 8.0, 8.0, 8.0, 12.0]
T = 0.018014398509482003	 step = 1112
111.66000000000003
19.01275568181818
[35.0, 31.0, 47.0, 49.0, 11.0, 11.0, 29.0, 30.0, 10.0, 30.0, 52.0]
[28.0, 43.0, 49.0, 11.0, 35.0, 10.0, 54.0, 6.0, 50.0, 15.0, 28.0]
[12.0, 12.0, 18.0, 18.0, 18.0, 18.0, 12.0, 12.0, 12.0, 12.0, 8.0]
[12.0, 12.0, 18.0, 18.0, 18.0, 18.0, 8.0, 8.0, 8.0, 8.0, 12.0]
T = 0.018014398509482003	 step = 1113
111.67000000000002
18.91275568181818
[35.0, 31.0, 47.0, 49.0, 11.0, 11.0, 30.0, 30.0, 10.0, 30.0, 52.0]
[28.0, 43.0, 49.0, 11.0, 35.0, 10.0, 54.0, 6.0, 50.0, 15.0, 28.0]
[12.0, 12.0, 18.0, 18.0, 18.0, 18.0, 12.0, 12.0, 12.0, 12.0, 8.0]
[12.0, 12.0, 18.0, 18.0, 18.0, 18.0, 8.0, 8.0, 8.0, 8.0, 12.0]
T = 0.018014398509482003	 step = 1114
111.67000000000002
19.001392045454544
[35.0, 31.0, 47.0, 49.0, 11.0, 11.0, 30.0, 30.0, 10.0, 30.0, 52.0]
[28.0, 43.0, 49.0, 11.0, 35.0, 10.0, 54.0, 6.0, 50.0, 15.0, 29.0]
[12.0, 12.0, 18.0, 18.0, 18.0, 18.0, 12.0, 12.0, 12.0, 12.0, 8.0]
[12.0, 12.0, 18.0, 18.0, 18.0, 18.0, 8.0, 8.0, 8.0, 8.0, 12.0]
T = 0.018014398509482003	 step = 1115
111.66000000000003
19.01275568181818
[35.0, 31.0, 47.0, 49.0, 11.0, 11.0, 29.0, 30.0, 10.0, 30.0, 52.0]
[28.0, 43.0, 49.0, 11.0, 35.0, 10.0, 54.0, 6.0, 50.0, 15.0, 28.0]
[12.0, 12.0, 18.0, 18.0, 18.0, 18.0, 12.0, 12.0, 12.0, 12.0, 8.0]
[12.0, 12.0, 18.0, 18.0, 18.0, 18.0, 8.0, 8.0, 8.0, 8.0, 12.0]
T = 0.018014398509482003	 step = 1116
111.40000000000003
19.11275568181818
[35.0, 31.0, 47.0, 49.0, 11.0, 10.0, 30.0, 30.0, 10.0, 30.0, 52.0]
[28.0, 43.0, 49.0, 11.0, 35.0, 10.0, 54.0, 6.0, 50.0, 15.0, 28.0]
[12.0, 12.0, 18.0, 18.0, 18.0, 18.0, 12.0, 12.0, 12.0, 12.0, 8.0]
[12.0, 12.0, 18.0, 18.0, 18.0, 18.0, 8.0, 8.0, 8.0, 8.0, 12.0]
T = 0.018014398509482003	 step = 1117
111.18
19.31275568181818
[35.0, 31.0, 48.0, 49.0, 11.0, 10.0, 30.0, 30.0, 10.0, 30.0, 52.0]
[28.0, 43.0, 49.0, 11.0, 35.0, 10.0, 54.0, 6.0, 50.0, 15.0, 28.0]
[12.0, 12.0, 18.0, 18.0, 18.0, 18.0, 12.0, 12.0, 12.0, 12.0, 8.0]
[12.0, 12.0, 18.0, 18.0, 18.0, 18.0, 8.0, 8.0, 8.0, 8.0, 12.0]
T = 0.018014398509482003	 step = 1118
111.23000000000002
19.251960227272725
[35.0, 32.0, 48.0, 49.0, 11.0, 10.0, 30.0, 30.0, 10.0, 30.0, 52.0]
[28.0, 43.0, 49.0, 11.0, 35.0, 10.0, 54.0, 6.0, 50.0, 15.0, 28.0]
[12.0, 12.0, 18.0, 18.0, 18.0, 18.0, 12.0, 12.0, 12.0, 12.0, 8.0]
[12.0, 12.0, 18.0, 18.0, 18.0, 18.0, 8.0, 8.0, 8.0, 8.0, 12.0]
T = 0.018014398509482003	 step = 1119
111.19
19.21275568181818
[35.0, 31.0, 48.0, 49.0, 11.0, 10.0, 30.0, 31.0, 10.0, 30.0, 52.0]
[28.0, 43.0, 49.0, 11.0, 35.0, 10.0, 54.0, 6.0, 50.0, 15.0, 28.0]
[12.0, 12.0, 18.0, 18.0, 18.0, 18.0, 12.0, 12.0, 12.0, 12.0, 8.0]
[12.0, 12.0, 18.0, 18.0, 18.0, 18.0, 8.0, 8.0, 8.0, 8.0, 12.0]
T = 0.018014398509482003	 step = 1120
111.27000000000004
19.31275568181818
[35.0, 31.0, 48.0, 49.0, 11.0, 10.0, 30.0, 31.0, 10.0, 30.0, 52.0]
[28.0, 43.0, 49.0, 11.0, 35.0, 10.0, 54.0, 6.0, 50.0, 16.0, 28.0]
[12.0, 12.0, 18.0, 18.0, 18.0, 18.0, 12.0, 12.0, 12.0, 12.0, 8.0]
[12.0, 12.0, 18.0, 18.0, 18.0, 18.0, 8.0, 8.0, 8.0, 8.0, 12.0]
T = 0.018014398509482003	 step = 1121
111.09000000000003
19.273551136363636
[36.0, 31.0, 48.0, 49.0, 11.0, 10.0, 30.0, 31.0, 10.0, 30.0, 52.0]
[28.0, 43.0, 49.0, 11.0, 35.0, 10.0, 54.0, 6.0, 50.0, 16.0, 28.0]
[12.0, 12.0, 18.0, 18.0, 18.0, 18.0, 12.0, 12.0, 12.0, 12.0, 8.0]
[12.0, 12.0, 18.0, 18.0, 18.0, 18.0, 8.0, 8.0, 8.0, 8.0, 12.0]
T = 0.018014398509482003	 step = 1122
111.11000000000001
19.245142045454543
[36.0, 31.0, 48.0, 49.0, 11.0, 10.0, 30.0, 31.0, 11.0, 30.0, 52.0]
[28.0, 43.0, 49.0, 11.0, 35.0, 10.0, 54.0, 6.0, 50.0, 16.0, 28.0]
[12.0, 12.0, 18.0, 18.0, 18.0, 18.0, 12.0, 12.0, 12.0, 12.0, 8.0]
[12.0, 12.0, 18.0, 18.0, 18.0, 18.0, 8.0, 8.0, 8.0, 8.0, 12.0]
T = 0.014411518807585602	 step = 1123
111.15000000000003
19.262632102272725
[36.0, 31.0, 48.0, 49.0, 11.0, 10.0, 30.0, 31.0, 11.0, 30.0, 52.0]
[28.0, 43.0, 49.0, 11.0, 35.0, 10.0, 54.0, 7.0, 50.0, 16.0, 28.0]
[12.0, 12.0, 18.0, 18.0, 18.0, 18.0, 12.0, 12.0, 12.0, 12.0, 8.0]
[12.0, 12.0, 18.0, 18.0, 18.0, 18.0, 8.0, 8.0, 8.0, 8.0, 12.0]
T = 0.014411518807585602	 step = 1124
111.14000000000004
19.362632102272727
[36.0, 31.0, 48.0, 49.0, 11.0, 10.0, 30.0, 30.0, 11.0, 30.0, 52.0]
[28.0, 43.0, 49.0, 11.0, 35.0, 10.0, 54.0, 7.0, 50.0, 16.0, 28.0]
[12.0, 12.0, 18.0, 18.0, 18.0, 18.0, 12.0, 12.0, 12.0, 12.0, 8.0]
[12.0, 12.0, 18.0, 18.0, 18.0, 18.0, 8.0, 8.0, 8.0, 8.0, 12.0]
T = 0.014411518807585602	 step = 1125
112.37
19.519450284090908
[32.0, 31.0, 48.0, 49.0, 11.0, 10.0, 30.0, 30.0, 11.0, 30.0, 52.0]
[28.0, 43.0, 49.0, 11.0, 35.0, 10.0, 54.0, 7.0, 50.0, 16.0, 28.0]
[12.0, 12.0, 18.0, 18.0, 18.0, 18.0, 12.0, 12.0, 12.0, 12.0, 8.0]
[12.0, 12.0, 18.0, 18.0, 18.0, 18.0, 8.0, 8.0, 8.0, 8.0, 12.0]
T = 0.014411518807585602	 step = 1126
111.31
19.162632102272728
[36.0, 31.0, 48.0, 49.0, 11.0, 10.0, 30.0, 30.0, 11.0, 30.0, 52.0]
[28.0, 43.0, 49.0, 11.0, 35.0, 11.0, 54.0, 7.0, 50.0, 16.0, 28.0]
[12.0, 12.0, 18.0, 18.0, 18.0, 18.0, 12.0, 12.0, 12.0, 12.0, 8.0]
[12.0, 12.0, 18.0, 18.0, 18.0, 18.0, 8.0, 8.0, 8.0, 8.0, 12.0]
T = 0.014411518807585602	 step = 1127
111.25
19.562632102272726
[36.0, 31.0, 48.0, 49.0, 11.0, 10.0, 30.0, 30.0, 11.0, 30.0, 52.0]
[28.0, 43.0, 49.0, 11.0, 34.0, 10.0, 54.0, 7.0, 50.0, 16.0, 28.0]
[12.0, 12.0, 18.0, 18.0, 18.0, 18.0, 12.0, 12.0, 12.0, 12.0, 8.0]
[12.0, 12.0, 18.0, 18.0, 18.0, 18.0, 8.0, 8.0, 8.0, 8.0, 12.0]
T = 0.014411518807585602	 step = 1128
111.04000000000002
19.762632102272725
[36.0, 31.0, 49.0, 49.0, 11.0, 10.0, 30.0, 30.0, 11.0, 30.0, 52.0]
[28.0, 43.0, 49.0, 11.0, 34.0, 10.0, 54.0, 7.0, 50.0, 16.0, 28.0]
[12.0, 12.0, 18.0, 18.0, 18.0, 18.0, 12.0, 12.0, 12.0, 12.0, 8.0]
[12.0, 12.0, 18.0, 18.0, 18.0, 18.0, 8.0, 8.0, 8.0, 8.0, 12.0]
T = 0.014411518807585602	 step = 1129
110.87
19.949848011363635
[36.0, 31.0, 49.0, 49.0, 11.0, 10.0, 30.0, 30.0, 11.0, 30.0, 52.0]
[28.0, 43.0, 49.0, 10.0, 34.0, 10.0, 54.0, 7.0, 50.0, 16.0, 28.0]
[12.0, 12.0, 18.0, 18.0, 18.0, 18.0, 12.0, 12.0, 12.0, 12.0, 8.0]
[12.0, 12.0, 18.0, 18.0, 18.0, 18.0, 8.0, 8.0, 8.0, 8.0, 12.0]
T = 0.014411518807585602	 step = 1130
110.87
20.03521164772727
[36.0, 31.0, 49.0, 49.0, 11.0, 10.0, 30.0, 30.0, 11.0, 30.0, 52.0]
[28.0, 43.0, 49.0, 10.0, 34.0, 10.0, 54.0, 7.0, 50.0, 16.0, 27.0]
[12.0, 12.0, 18.0, 18.0, 18.0, 18.0, 12.0, 12.0, 12.0, 12.0, 8.0]
[12.0, 12.0, 18.0, 18.0, 18.0, 18.0, 8.0, 8.0, 8.0, 8.0, 12.0]
T = 0.014411518807585602	 step = 1131
110.84000000000003
19.93521164772727
[36.0, 31.0, 49.0, 49.0, 11.0, 10.0, 31.0, 30.0, 11.0, 30.0, 52.0]
[28.0, 43.0, 49.0, 10.0, 34.0, 10.0, 54.0, 7.0, 50.0, 16.0, 27.0]
[12.0, 12.0, 18.0, 18.0, 18.0, 18.0, 12.0, 12.0, 12.0, 12.0, 8.0]
[12.0, 12.0, 18.0, 18.0, 18.0, 18.0, 8.0, 8.0, 8.0, 8.0, 12.0]
T = 0.014411518807585602	 step = 1132
110.93
19.713285511363633
[36.0, 31.0, 49.0, 49.0, 11.0, 10.0, 31.0, 30.0, 11.0, 30.0, 52.0]
[28.0, 42.0, 49.0, 10.0, 34.0, 10.0, 54.0, 7.0, 50.0, 16.0, 27.0]
[12.0, 12.0, 18.0, 18.0, 18.0, 18.0, 12.0, 12.0, 12.0, 12.0, 8.0]
[12.0, 12.0, 18.0, 18.0, 18.0, 18.0, 8.0, 8.0, 8.0, 8.0, 12.0]
T = 0.014411518807585602	 step = 1133
111.20000000000005
19.51328551136363
[36.0, 31.0, 49.0, 48.0, 11.0, 10.0, 31.0, 30.0, 11.0, 30.0, 52.0]
[28.0, 42.0, 49.0, 10.0, 34.0, 10.0, 54.0, 7.0, 50.0, 16.0, 27.0]
[12.0, 12.0, 18.0, 18.0, 18.0, 18.0, 12.0, 12.0, 12.0, 12.0, 8.0]
[12.0, 12.0, 18.0, 18.0, 18.0, 18.0, 8.0, 8.0, 8.0, 8.0, 12.0]
T = 0.014411518807585602	 step = 1134
110.95000000000005
19.81328551136363
[36.0, 31.0, 49.0, 49.0, 11.0, 10.0, 30.0, 30.0, 11.0, 30.0, 52.0]
[28.0, 42.0, 49.0, 10.0, 34.0, 10.0, 54.0, 7.0, 50.0, 16.0, 27.0]
[12.0, 12.0, 18.0, 18.0, 18.0, 18.0, 12.0, 12.0, 12.0, 12.0, 8.0]
[12.0, 12.0, 18.0, 18.0, 18.0, 18.0, 8.0, 8.0, 8.0, 8.0, 12.0]
T = 0.014411518807585602	 step = 1135
110.95000000000005
19.730775568181816
[36.0, 31.0, 49.0, 49.0, 11.0, 10.0, 31.0, 30.0, 11.0, 30.0, 52.0]
[28.0, 42.0, 49.0, 10.0, 34.0, 10.0, 53.0, 7.0, 50.0, 16.0, 27.0]
[12.0, 12.0, 18.0, 18.0, 18.0, 18.0, 12.0, 12.0, 12.0, 12.0, 8.0]
[12.0, 12.0, 18.0, 18.0, 18.0, 18.0, 8.0, 8.0, 8.0, 8.0, 12.0]
T = 0.014411518807585602	 step = 1136
111.14000000000004
19.530775568181813
[36.0, 31.0, 48.0, 49.0, 11.0, 10.0, 31.0, 30.0, 11.0, 30.0, 52.0]
[28.0, 42.0, 49.0, 10.0, 34.0, 10.0, 53.0, 7.0, 50.0, 16.0, 27.0]
[12.0, 12.0, 18.0, 18.0, 18.0, 18.0, 12.0, 12.0, 12.0, 12.0, 8.0]
[12.0, 12.0, 18.0, 18.0, 18.0, 18.0, 8.0, 8.0, 8.0, 8.0, 12.0]
T = 0.014411518807585602	 step = 1137
111.15000000000003
19.630775568181814
[36.0, 31.0, 48.0, 49.0, 11.0, 10.0, 30.0, 30.0, 11.0, 30.0, 52.0]
[28.0, 42.0, 49.0, 10.0, 34.0, 10.0, 53.0, 7.0, 50.0, 16.0, 27.0]
[12.0, 12.0, 18.0, 18.0, 18.0, 18.0, 12.0, 12.0, 12.0, 12.0, 8.0]
[12.0, 12.0, 18.0, 18.0, 18.0, 18.0, 8.0, 8.0, 8.0, 8.0, 12.0]
T = 0.014411518807585602	 step = 1138
111.16000000000003
19.730775568181816
[36.0, 31.0, 48.0, 49.0, 11.0, 10.0, 30.0, 30.0, 11.0, 31.0, 52.0]
[28.0, 42.0, 49.0, 10.0, 34.0, 10.0, 53.0, 7.0, 50.0, 16.0, 27.0]
[12.0, 12.0, 18.0, 18.0, 18.0, 18.0, 12.0, 12.0, 12.0, 12.0, 8.0]
[12.0, 12.0, 18.0, 18.0, 18.0, 18.0, 8.0, 8.0, 8.0, 8.0, 12.0]
T = 0.014411518807585602	 step = 1139
111.5
19.930775568181815
[36.0, 31.0, 48.0, 49.0, 11.0, 10.0, 30.0, 30.0, 11.0, 31.0, 52.0]
[28.0, 42.0, 49.0, 10.0, 33.0, 10.0, 53.0, 7.0, 50.0, 16.0, 27.0]
[12.0, 12.0, 18.0, 18.0, 18.0, 18.0, 12.0, 12.0, 12.0, 12.0, 8.0]
[12.0, 12.0, 18.0, 18.0, 18.0, 18.0, 8.0, 8.0, 8.0, 8.0, 12.0]
T = 0.014411518807585602	 step = 1140
111.23000000000002
19.66998011363636
[36.0, 32.0, 48.0, 49.0, 11.0, 10.0, 30.0, 30.0, 11.0, 31.0, 52.0]
[28.0, 42.0, 49.0, 10.0, 34.0, 10.0, 53.0, 7.0, 50.0, 16.0, 27.0]
[12.0, 12.0, 18.0, 18.0, 18.0, 18.0, 12.0, 12.0, 12.0, 12.0, 8.0]
[12.0, 12.0, 18.0, 18.0, 18.0, 18.0, 8.0, 8.0, 8.0, 8.0, 12.0]
T = 0.014411518807585602	 step = 1141
111.34000000000003
19.86998011363636
[36.0, 32.0, 48.0, 49.0, 11.0, 10.0, 30.0, 30.0, 11.0, 31.0, 52.0]
[28.0, 42.0, 49.0, 10.0, 33.0, 10.0, 53.0, 7.0, 50.0, 16.0, 27.0]
[12.0, 12.0, 18.0, 18.0, 18.0, 18.0, 12.0, 12.0, 12.0, 12.0, 8.0]
[12.0, 12.0, 18.0, 18.0, 18.0, 18.0, 8.0, 8.0, 8.0, 8.0, 12.0]
T = 0.014411518807585602	 step = 1142
111.67000000000002
19.48276420454545
[36.0, 32.0, 48.0, 49.0, 11.0, 10.0, 30.0, 30.0, 11.0, 31.0, 52.0]
[28.0, 42.0, 49.0, 11.0, 34.0, 10.0, 53.0, 7.0, 50.0, 16.0, 27.0]
[12.0, 12.0, 18.0, 18.0, 18.0, 18.0, 12.0, 12.0, 12.0, 12.0, 8.0]
[12.0, 12.0, 18.0, 18.0, 18.0, 18.0, 8.0, 8.0, 8.0, 8.0, 12.0]
T = 0.014411518807585602	 step = 1143
111.20000000000005
19.652490056818177
[36.0, 32.0, 48.0, 49.0, 11.0, 10.0, 30.0, 30.0, 11.0, 31.0, 52.0]
[28.0, 42.0, 49.0, 10.0, 34.0, 10.0, 54.0, 7.0, 50.0, 16.0, 27.0]
[12.0, 12.0, 18.0, 18.0, 18.0, 18.0, 12.0, 12.0, 12.0, 12.0, 8.0]
[12.0, 12.0, 18.0, 18.0, 18.0, 18.0, 8.0, 8.0, 8.0, 8.0, 12.0]
T = 0.014411518807585602	 step = 1144
111.13
19.736012784090907
[36.0, 32.0, 48.0, 49.0, 11.0, 10.0, 30.0, 30.0, 7.0, 31.0, 52.0]
[28.0, 42.0, 49.0, 10.0, 34.0, 10.0, 54.0, 7.0, 51.0, 16.0, 27.0]
[12.0, 12.0, 18.0, 18.0, 18.0, 18.0, 12.0, 12.0, 12.0, 12.0, 8.0]
[12.0, 12.0, 18.0, 18.0, 18.0, 18.0, 8.0, 8.0, 8.0, 8.0, 12.0]
T = 0.014411518807585602	 step = 1145
111.14000000000004
19.636012784090905
[36.0, 32.0, 48.0, 49.0, 11.0, 10.0, 30.0, 30.0, 7.0, 31.0, 52.0]
[28.0, 42.0, 49.0, 10.0, 34.0, 10.0, 54.0, 7.0, 50.0, 16.0, 27.0]
[12.0, 12.0, 18.0, 18.0, 18.0, 18.0, 12.0, 12.0, 12.0, 12.0, 8.0]
[12.0, 12.0, 18.0, 18.0, 18.0, 18.0, 8.0, 8.0, 8.0, 8.0, 12.0]
T = 0.014411518807585602	 step = 1146
111.45000000000005
19.436012784090906
[36.0, 32.0, 48.0, 48.0, 11.0, 10.0, 30.0, 30.0, 7.0, 31.0, 52.0]
[28.0, 42.0, 49.0, 10.0, 34.0, 10.0, 54.0, 7.0, 50.0, 16.0, 27.0]
[12.0, 12.0, 18.0, 18.0, 18.0, 18.0, 12.0, 12.0, 12.0, 12.0, 8.0]
[12.0, 12.0, 18.0, 18.0, 18.0, 18.0, 8.0, 8.0, 8.0, 8.0, 12.0]
T = 0.014411518807585602	 step = 1147
112.37
19.05559943181818
[36.0, 32.0, 48.0, 49.0, 14.0, 10.0, 30.0, 30.0, 7.0, 31.0, 52.0]
[28.0, 42.0, 49.0, 10.0, 36.0, 10.0, 54.0, 7.0, 50.0, 16.0, 27.0]
[12.0, 12.0, 18.0, 18.0, 18.0, 18.0, 12.0, 12.0, 12.0, 12.0, 8.0]
[12.0, 12.0, 18.0, 18.0, 18.0, 18.0, 8.0, 8.0, 8.0, 8.0, 12.0]
T = 0.014411518807585602	 step = 1148
110.92000000000002
19.836012784090904
[36.0, 32.0, 49.0, 49.0, 11.0, 10.0, 30.0, 30.0, 7.0, 31.0, 52.0]
[28.0, 42.0, 49.0, 10.0, 34.0, 10.0, 54.0, 7.0, 50.0, 16.0, 27.0]
[12.0, 12.0, 18.0, 18.0, 18.0, 18.0, 12.0, 12.0, 12.0, 12.0, 8.0]
[12.0, 12.0, 18.0, 18.0, 18.0, 18.0, 8.0, 8.0, 8.0, 8.0, 12.0]
T = 0.014411518807585602	 step = 1149
111.36000000000001
19.648796874999995
[36.0, 32.0, 49.0, 49.0, 11.0, 10.0, 30.0, 30.0, 7.0, 31.0, 52.0]
[28.0, 42.0, 49.0, 11.0, 34.0, 10.0, 54.0, 7.0, 50.0, 16.0, 27.0]
[12.0, 12.0, 18.0, 18.0, 18.0, 18.0, 12.0, 12.0, 12.0, 12.0, 8.0]
[12.0, 12.0, 18.0, 18.0, 18.0, 18.0, 8.0, 8.0, 8.0, 8.0, 12.0]
T = 0.014411518807585602	 step = 1150
111.02000000000004
19.870955965909086
[36.0, 32.0, 49.0, 49.0, 11.0, 10.0, 30.0, 30.0, 7.0, 31.0, 52.0]
[29.0, 42.0, 49.0, 10.0, 34.0, 10.0, 54.0, 7.0, 50.0, 16.0, 27.0]
[12.0, 12.0, 18.0, 18.0, 18.0, 18.0, 12.0, 12.0, 12.0, 12.0, 8.0]
[12.0, 12.0, 18.0, 18.0, 18.0, 18.0, 8.0, 8.0, 8.0, 8.0, 12.0]
T = 0.014411518807585602	 step = 1151
112.77000000000004
19.036012784090904
[36.0, 32.0, 49.0, 49.0, 11.0, 10.0, 30.0, 30.0, 7.0, 31.0, 52.0]
[28.0, 42.0, 49.0, 10.0, 34.0, 14.0, 54.0, 7.0, 50.0, 16.0, 27.0]
[12.0, 12.0, 18.0, 18.0, 18.0, 18.0, 12.0, 12.0, 12.0, 12.0, 8.0]
[12.0, 12.0, 18.0, 18.0, 18.0, 18.0, 8.0, 8.0, 8.0, 8.0, 12.0]
T = 0.014411518807585602	 step = 1152
110.93
19.75064914772727
[36.0, 32.0, 49.0, 49.0, 11.0, 10.0, 30.0, 30.0, 7.0, 31.0, 52.0]
[28.0, 42.0, 49.0, 10.0, 34.0, 10.0, 54.0, 7.0, 50.0, 16.0, 28.0]
[12.0, 12.0, 18.0, 18.0, 18.0, 18.0, 12.0, 12.0, 12.0, 12.0, 8.0]
[12.0, 12.0, 18.0, 18.0, 18.0, 18.0, 8.0, 8.0, 8.0, 8.0, 12.0]
T = 0.014411518807585602	 step = 1153
110.92000000000002
19.85064914772727
[36.0, 32.0, 49.0, 49.0, 11.0, 10.0, 29.0, 30.0, 7.0, 31.0, 52.0]
[28.0, 42.0, 49.0, 10.0, 34.0, 10.0, 54.0, 7.0, 50.0, 16.0, 28.0]
[12.0, 12.0, 18.0, 18.0, 18.0, 18.0, 12.0, 12.0, 12.0, 12.0, 8.0]
[12.0, 12.0, 18.0, 18.0, 18.0, 18.0, 8.0, 8.0, 8.0, 8.0, 12.0]
T = 0.014411518807585602	 step = 1154
111.36000000000001
19.76485369318182
[36.0, 32.0, 49.0, 49.0, 12.0, 10.0, 29.0, 30.0, 7.0, 31.0, 52.0]
[28.0, 42.0, 49.0, 10.0, 34.0, 10.0, 54.0, 7.0, 50.0, 16.0, 28.0]
[12.0, 12.0, 18.0, 18.0, 18.0, 18.0, 12.0, 12.0, 12.0, 12.0, 8.0]
[12.0, 12.0, 18.0, 18.0, 18.0, 18.0, 8.0, 8.0, 8.0, 8.0, 12.0]
T = 0.014411518807585602	 step = 1155
114.04000000000002
19.280762784090907
[36.0, 32.0, 49.0, 49.0, 16.0, 10.0, 29.0, 30.0, 7.0, 31.0, 52.0]
[28.0, 42.0, 49.0, 10.0, 35.0, 10.0, 54.0, 7.0, 50.0, 16.0, 28.0]
[12.0, 12.0, 18.0, 18.0, 18.0, 18.0, 12.0, 12.0, 12.0, 12.0, 8.0]
[12.0, 12.0, 18.0, 18.0, 18.0, 18.0, 8.0, 8.0, 8.0, 8.0, 12.0]
T = 0.014411518807585602	 step = 1156
110.52000000000004
19.936444602272726
[36.0, 32.0, 49.0, 49.0, 10.0, 10.0, 29.0, 30.0, 7.0, 31.0, 52.0]
[28.0, 42.0, 49.0, 10.0, 34.0, 10.0, 54.0, 7.0, 50.0, 16.0, 28.0]
[12.0, 12.0, 18.0, 18.0, 18.0, 18.0, 12.0, 12.0, 12.0, 12.0, 8.0]
[12.0, 12.0, 18.0, 18.0, 18.0, 18.0, 8.0, 8.0, 8.0, 8.0, 12.0]
T = 0.014411518807585602	 step = 1157
110.51000000000005
20.036444602272724
[36.0, 32.0, 49.0, 49.0, 10.0, 10.0, 29.0, 30.0, 7.0, 31.0, 52.0]
[28.0, 42.0, 49.0, 10.0, 34.0, 10.0, 54.0, 7.0, 51.0, 16.0, 28.0]
[12.0, 12.0, 18.0, 18.0, 18.0, 18.0, 12.0, 12.0, 12.0, 12.0, 8.0]
[12.0, 12.0, 18.0, 18.0, 18.0, 18.0, 8.0, 8.0, 8.0, 8.0, 12.0]
T = 0.014411518807585602	 step = 1158
113.85000000000002
18.536444602272727
[36.0, 32.0, 49.0, 49.0, 10.0, 12.0, 29.0, 30.0, 7.0, 31.0, 52.0]
[28.0, 42.0, 49.0, 10.0, 34.0, 15.0, 54.0, 7.0, 50.0, 16.0, 28.0]
[12.0, 12.0, 18.0, 18.0, 18.0, 18.0, 12.0, 12.0, 12.0, 12.0, 8.0]
[12.0, 12.0, 18.0, 18.0, 18.0, 18.0, 8.0, 8.0, 8.0, 8.0, 12.0]
T = 0.014411518807585602	 step = 1159
110.95000000000005
19.749228693181816
[36.0, 32.0, 49.0, 49.0, 10.0, 10.0, 29.0, 30.0, 7.0, 31.0, 52.0]
[28.0, 42.0, 49.0, 11.0, 34.0, 10.0, 54.0, 7.0, 50.0, 16.0, 28.0]
[12.0, 12.0, 18.0, 18.0, 18.0, 18.0, 12.0, 12.0, 12.0, 12.0, 8.0]
[12.0, 12.0, 18.0, 18.0, 18.0, 18.0, 8.0, 8.0, 8.0, 8.0, 12.0]
T = 0.014411518807585602	 step = 1160
110.51000000000005
20.036444602272724
[36.0, 32.0, 49.0, 49.0, 10.0, 10.0, 29.0, 30.0, 7.0, 31.0, 52.0]
[28.0, 42.0, 49.0, 10.0, 34.0, 10.0, 54.0, 7.0, 51.0, 16.0, 28.0]
[12.0, 12.0, 18.0, 18.0, 18.0, 18.0, 12.0, 12.0, 12.0, 12.0, 8.0]
[12.0, 12.0, 18.0, 18.0, 18.0, 18.0, 8.0, 8.0, 8.0, 8.0, 12.0]
T = 0.014411518807585602	 step = 1161
110.52000000000004
20.073092329545453
[36.0, 32.0, 49.0, 49.0, 10.0, 10.0, 29.0, 30.0, 8.0, 31.0, 52.0]
[28.0, 42.0, 49.0, 10.0, 34.0, 10.0, 54.0, 7.0, 51.0, 16.0, 28.0]
[12.0, 12.0, 18.0, 18.0, 18.0, 18.0, 12.0, 12.0, 12.0, 12.0, 8.0]
[12.0, 12.0, 18.0, 18.0, 18.0, 18.0, 8.0, 8.0, 8.0, 8.0, 12.0]
T = 0.014411518807585602	 step = 1162
110.55000000000001
20.17309232954545
[36.0, 32.0, 49.0, 49.0, 10.0, 10.0, 29.0, 30.0, 8.0, 32.0, 52.0]
[28.0, 42.0, 49.0, 10.0, 34.0, 10.0, 54.0, 7.0, 51.0, 16.0, 28.0]
[12.0, 12.0, 18.0, 18.0, 18.0, 18.0, 12.0, 12.0, 12.0, 12.0, 8.0]
[12.0, 12.0, 18.0, 18.0, 18.0, 18.0, 8.0, 8.0, 8.0, 8.0, 12.0]
T = 0.014411518807585602	 step = 1163
110.52000000000004
20.073092329545453
[36.0, 32.0, 49.0, 49.0, 10.0, 10.0, 29.0, 30.0, 8.0, 31.0, 52.0]
[28.0, 42.0, 49.0, 10.0, 34.0, 10.0, 54.0, 7.0, 51.0, 16.0, 28.0]
[12.0, 12.0, 18.0, 18.0, 18.0, 18.0, 12.0, 12.0, 12.0, 12.0, 8.0]
[12.0, 12.0, 18.0, 18.0, 18.0, 18.0, 8.0, 8.0, 8.0, 8.0, 12.0]
T = 0.014411518807585602	 step = 1164
112.07000000000005
18.873092329545454
[36.0, 32.0, 49.0, 49.0, 10.0, 14.0, 29.0, 30.0, 8.0, 31.0, 52.0]
[28.0, 42.0, 49.0, 10.0, 34.0, 12.0, 54.0, 7.0, 51.0, 16.0, 28.0]
[12.0, 12.0, 18.0, 18.0, 18.0, 18.0, 12.0, 12.0, 12.0, 12.0, 8.0]
[12.0, 12.0, 18.0, 18.0, 18.0, 18.0, 8.0, 8.0, 8.0, 8.0, 12.0]
T = 0.014411518807585602	 step = 1165
110.83000000000004
19.87309232954545
[36.0, 32.0, 49.0, 48.0, 10.0, 10.0, 29.0, 30.0, 8.0, 31.0, 52.0]
[28.0, 42.0, 49.0, 10.0, 34.0, 10.0, 54.0, 7.0, 51.0, 16.0, 28.0]
[12.0, 12.0, 18.0, 18.0, 18.0, 18.0, 12.0, 12.0, 12.0, 12.0, 8.0]
[12.0, 12.0, 18.0, 18.0, 18.0, 18.0, 8.0, 8.0, 8.0, 8.0, 12.0]
T = 0.014411518807585602	 step = 1166
110.55000000000001
20.17309232954545
[36.0, 32.0, 49.0, 49.0, 10.0, 10.0, 29.0, 30.0, 8.0, 32.0, 52.0]
[28.0, 42.0, 49.0, 10.0, 34.0, 10.0, 54.0, 7.0, 51.0, 16.0, 28.0]
[12.0, 12.0, 18.0, 18.0, 18.0, 18.0, 12.0, 12.0, 12.0, 12.0, 8.0]
[12.0, 12.0, 18.0, 18.0, 18.0, 18.0, 8.0, 8.0, 8.0, 8.0, 12.0]
T = 0.014411518807585602	 step = 1167
110.83000000000004
19.87309232954545
[36.0, 32.0, 49.0, 48.0, 10.0, 10.0, 29.0, 30.0, 8.0, 31.0, 52.0]
[28.0, 42.0, 49.0, 10.0, 34.0, 10.0, 54.0, 7.0, 51.0, 16.0, 28.0]
[12.0, 12.0, 18.0, 18.0, 18.0, 18.0, 12.0, 12.0, 12.0, 12.0, 8.0]
[12.0, 12.0, 18.0, 18.0, 18.0, 18.0, 8.0, 8.0, 8.0, 8.0, 12.0]
T = 0.014411518807585602	 step = 1168
111.30000000000001
19.685876420454548
[36.0, 32.0, 49.0, 48.0, 10.0, 10.0, 29.0, 30.0, 8.0, 31.0, 52.0]
[28.0, 42.0, 49.0, 11.0, 34.0, 10.0, 54.0, 7.0, 51.0, 16.0, 28.0]
[12.0, 12.0, 18.0, 18.0, 18.0, 18.0, 12.0, 12.0, 12.0, 12.0, 8.0]
[12.0, 12.0, 18.0, 18.0, 18.0, 18.0, 8.0, 8.0, 8.0, 8.0, 12.0]
T = 0.014411518807585602	 step = 1169
110.82000000000005
19.97309232954545
[36.0, 32.0, 49.0, 48.0, 10.0, 10.0, 29.0, 29.0, 8.0, 31.0, 52.0]
[28.0, 42.0, 49.0, 10.0, 34.0, 10.0, 54.0, 7.0, 51.0, 16.0, 28.0]
[12.0, 12.0, 18.0, 18.0, 18.0, 18.0, 12.0, 12.0, 12.0, 12.0, 8.0]
[12.0, 12.0, 18.0, 18.0, 18.0, 18.0, 8.0, 8.0, 8.0, 8.0, 12.0]
T = 0.014411518807585602	 step = 1170
111.21000000000004
19.85382528409091
[36.0, 32.0, 49.0, 48.0, 10.0, 10.0, 29.0, 30.0, 8.0, 31.0, 52.0]
[28.0, 42.0, 48.0, 10.0, 34.0, 10.0, 54.0, 7.0, 51.0, 16.0, 28.0]
[12.0, 12.0, 18.0, 18.0, 18.0, 18.0, 12.0, 12.0, 12.0, 12.0, 8.0]
[12.0, 12.0, 18.0, 18.0, 18.0, 18.0, 8.0, 8.0, 8.0, 8.0, 12.0]
T = 0.014411518807585602	 step = 1171
110.82000000000005
19.97309232954545
[36.0, 32.0, 49.0, 48.0, 10.0, 10.0, 29.0, 29.0, 8.0, 31.0, 52.0]
[28.0, 42.0, 49.0, 10.0, 34.0, 10.0, 54.0, 7.0, 51.0, 16.0, 28.0]
[12.0, 12.0, 18.0, 18.0, 18.0, 18.0, 12.0, 12.0, 12.0, 12.0, 8.0]
[12.0, 12.0, 18.0, 18.0, 18.0, 18.0, 8.0, 8.0, 8.0, 8.0, 12.0]
T = 0.014411518807585602	 step = 1172
111.20000000000005
19.953825284090907
[36.0, 32.0, 49.0, 48.0, 10.0, 10.0, 29.0, 29.0, 8.0, 31.0, 52.0]
[28.0, 42.0, 48.0, 10.0, 34.0, 10.0, 54.0, 7.0, 51.0, 16.0, 28.0]
[12.0, 12.0, 18.0, 18.0, 18.0, 18.0, 12.0, 12.0, 12.0, 12.0, 8.0]
[12.0, 12.0, 18.0, 18.0, 18.0, 18.0, 8.0, 8.0, 8.0, 8.0, 12.0]
T = 0.014411518807585602	 step = 1173
110.78000000000003
19.885876420454544
[36.0, 32.0, 49.0, 48.0, 10.0, 10.0, 29.0, 29.0, 8.0, 31.0, 52.0]
[28.0, 42.0, 49.0, 10.0, 34.0, 10.0, 54.0, 6.0, 51.0, 16.0, 28.0]
[12.0, 12.0, 18.0, 18.0, 18.0, 18.0, 12.0, 12.0, 12.0, 12.0, 8.0]
[12.0, 12.0, 18.0, 18.0, 18.0, 18.0, 8.0, 8.0, 8.0, 8.0, 12.0]
T = 0.014411518807585602	 step = 1174
110.72000000000003
19.988717329545455
[36.0, 32.0, 49.0, 48.0, 10.0, 10.0, 29.0, 29.0, 8.0, 31.0, 52.0]
[27.0, 42.0, 49.0, 10.0, 34.0, 10.0, 54.0, 6.0, 51.0, 16.0, 28.0]
[12.0, 12.0, 18.0, 18.0, 18.0, 18.0, 12.0, 12.0, 12.0, 12.0, 8.0]
[12.0, 12.0, 18.0, 18.0, 18.0, 18.0, 8.0, 8.0, 8.0, 8.0, 12.0]
T = 0.014411518807585602	 step = 1175
110.71000000000004
20.088717329545457
[36.0, 32.0, 49.0, 48.0, 10.0, 10.0, 28.0, 29.0, 8.0, 31.0, 52.0]
[27.0, 42.0, 49.0, 10.0, 34.0, 10.0, 54.0, 6.0, 51.0, 16.0, 28.0]
[12.0, 12.0, 18.0, 18.0, 18.0, 18.0, 12.0, 12.0, 12.0, 12.0, 8.0]
[12.0, 12.0, 18.0, 18.0, 18.0, 18.0, 8.0, 8.0, 8.0, 8.0, 12.0]
T = 0.014411518807585602	 step = 1176
110.79000000000002
19.988717329545455
[36.0, 32.0, 49.0, 48.0, 10.0, 10.0, 28.0, 29.0, 8.0, 31.0, 51.0]
[27.0, 42.0, 49.0, 10.0, 34.0, 10.0, 54.0, 6.0, 51.0, 16.0, 28.0]
[12.0, 12.0, 18.0, 18.0, 18.0, 18.0, 12.0, 12.0, 12.0, 12.0, 8.0]
[12.0, 12.0, 18.0, 18.0, 18.0, 18.0, 8.0, 8.0, 8.0, 8.0, 12.0]
T = 0.014411518807585602	 step = 1177
110.80000000000001
19.99695596590909
[36.0, 32.0, 49.0, 48.0, 10.0, 10.0, 28.0, 29.0, 9.0, 31.0, 51.0]
[27.0, 42.0, 49.0, 10.0, 34.0, 10.0, 54.0, 6.0, 51.0, 16.0, 28.0]
[12.0, 12.0, 18.0, 18.0, 18.0, 18.0, 12.0, 12.0, 12.0, 12.0, 8.0]
[12.0, 12.0, 18.0, 18.0, 18.0, 18.0, 8.0, 8.0, 8.0, 8.0, 12.0]
T = 0.014411518807585602	 step = 1178
110.77000000000004
19.896955965909093
[36.0, 32.0, 49.0, 48.0, 10.0, 10.0, 28.0, 29.0, 9.0, 30.0, 51.0]
[27.0, 42.0, 49.0, 10.0, 34.0, 10.0, 54.0, 6.0, 51.0, 16.0, 28.0]
[12.0, 12.0, 18.0, 18.0, 18.0, 18.0, 12.0, 12.0, 12.0, 12.0, 8.0]
[12.0, 12.0, 18.0, 18.0, 18.0, 18.0, 8.0, 8.0, 8.0, 8.0, 12.0]
T = 0.014411518807585602	 step = 1179
110.97000000000003
19.69695596590909
[36.0, 32.0, 48.0, 48.0, 10.0, 10.0, 28.0, 29.0, 9.0, 30.0, 51.0]
[27.0, 42.0, 49.0, 10.0, 34.0, 10.0, 54.0, 6.0, 51.0, 16.0, 28.0]
[12.0, 12.0, 18.0, 18.0, 18.0, 18.0, 12.0, 12.0, 12.0, 12.0, 8.0]
[12.0, 12.0, 18.0, 18.0, 18.0, 18.0, 8.0, 8.0, 8.0, 8.0, 12.0]
T = 0.014411518807585602	 step = 1180
111.13
19.49695596590909
[36.0, 32.0, 48.0, 48.0, 10.0, 10.0, 28.0, 29.0, 9.0, 30.0, 51.0]
[27.0, 42.0, 49.0, 10.0, 34.0, 11.0, 54.0, 6.0, 51.0, 16.0, 28.0]
[12.0, 12.0, 18.0, 18.0, 18.0, 18.0, 12.0, 12.0, 12.0, 12.0, 8.0]
[12.0, 12.0, 18.0, 18.0, 18.0, 18.0, 8.0, 8.0, 8.0, 8.0, 12.0]
T = 0.014411518807585602	 step = 1181
111.13
19.40831960227273
[36.0, 32.0, 48.0, 48.0, 10.0, 10.0, 28.0, 29.0, 9.0, 30.0, 51.0]
[27.0, 42.0, 49.0, 10.0, 34.0, 11.0, 54.0, 6.0, 51.0, 16.0, 27.0]
[12.0, 12.0, 18.0, 18.0, 18.0, 18.0, 12.0, 12.0, 12.0, 12.0, 8.0]
[12.0, 12.0, 18.0, 18.0, 18.0, 18.0, 8.0, 8.0, 8.0, 8.0, 12.0]
T = 0.011529215046068483	 step = 1182
111.12
19.508319602272728
[36.0, 32.0, 48.0, 48.0, 10.0, 10.0, 28.0, 29.0, 9.0, 30.0, 51.0]
[27.0, 42.0, 49.0, 10.0, 34.0, 11.0, 54.0, 6.0, 52.0, 16.0, 27.0]
[12.0, 12.0, 18.0, 18.0, 18.0, 18.0, 12.0, 12.0, 12.0, 12.0, 8.0]
[12.0, 12.0, 18.0, 18.0, 18.0, 18.0, 8.0, 8.0, 8.0, 8.0, 12.0]
T = 0.011529215046068483	 step = 1183
111.30000000000001
19.308319602272725
[36.0, 32.0, 48.0, 48.0, 10.0, 10.0, 28.0, 29.0, 9.0, 30.0, 51.0]
[27.0, 42.0, 49.0, 10.0, 34.0, 12.0, 54.0, 6.0, 52.0, 16.0, 27.0]
[12.0, 12.0, 18.0, 18.0, 18.0, 18.0, 12.0, 12.0, 12.0, 12.0, 8.0]
[12.0, 12.0, 18.0, 18.0, 18.0, 18.0, 8.0, 8.0, 8.0, 8.0, 12.0]
T = 0.011529215046068483	 step = 1184
111.31
19.27991051136363
[36.0, 32.0, 48.0, 48.0, 10.0, 10.0, 28.0, 29.0, 10.0, 30.0, 51.0]
[27.0, 42.0, 49.0, 10.0, 34.0, 12.0, 54.0, 6.0, 52.0, 16.0, 27.0]
[12.0, 12.0, 18.0, 18.0, 18.0, 18.0, 12.0, 12.0, 12.0, 12.0, 8.0]
[12.0, 12.0, 18.0, 18.0, 18.0, 18.0, 8.0, 8.0, 8.0, 8.0, 12.0]
T = 0.011529215046068483	 step = 1185
111.58000000000004
19.06570596590909
[36.0, 32.0, 48.0, 48.0, 10.0, 10.0, 28.0, 29.0, 10.0, 30.0, 51.0]
[27.0, 41.0, 49.0, 10.0, 34.0, 12.0, 54.0, 6.0, 52.0, 16.0, 27.0]
[12.0, 12.0, 18.0, 18.0, 18.0, 18.0, 12.0, 12.0, 12.0, 12.0, 8.0]
[12.0, 12.0, 18.0, 18.0, 18.0, 18.0, 8.0, 8.0, 8.0, 8.0, 12.0]
T = 0.011529215046068483	 step = 1186
111.30000000000001
19.179910511363634
[36.0, 32.0, 48.0, 48.0, 10.0, 10.0, 29.0, 29.0, 10.0, 30.0, 51.0]
[27.0, 42.0, 49.0, 10.0, 34.0, 12.0, 54.0, 6.0, 52.0, 16.0, 27.0]
[12.0, 12.0, 18.0, 18.0, 18.0, 18.0, 12.0, 12.0, 12.0, 12.0, 8.0]
[12.0, 12.0, 18.0, 18.0, 18.0, 18.0, 8.0, 8.0, 8.0, 8.0, 12.0]
T = 0.011529215046068483	 step = 1187
111.27000000000004
19.16242045454545
[36.0, 32.0, 48.0, 48.0, 10.0, 10.0, 29.0, 29.0, 10.0, 30.0, 51.0]
[27.0, 42.0, 49.0, 10.0, 34.0, 12.0, 54.0, 5.0, 52.0, 16.0, 27.0]
[12.0, 12.0, 18.0, 18.0, 18.0, 18.0, 12.0, 12.0, 12.0, 12.0, 8.0]
[12.0, 12.0, 18.0, 18.0, 18.0, 18.0, 8.0, 8.0, 8.0, 8.0, 12.0]
T = 0.011529215046068483	 step = 1188
111.27000000000004
19.06242045454545
[36.0, 32.0, 48.0, 48.0, 10.0, 10.0, 30.0, 29.0, 10.0, 30.0, 51.0]
[27.0, 42.0, 49.0, 10.0, 34.0, 12.0, 54.0, 5.0, 52.0, 16.0, 27.0]
[12.0, 12.0, 18.0, 18.0, 18.0, 18.0, 12.0, 12.0, 12.0, 12.0, 8.0]
[12.0, 12.0, 18.0, 18.0, 18.0, 18.0, 8.0, 8.0, 8.0, 8.0, 12.0]
T = 0.011529215046068483	 step = 1189
110.78000000000003
18.45792045454545
[36.0, 32.0, 48.0, 48.0, 10.0, 10.0, 30.0, 29.0, 10.0, 30.0, 51.0]
[27.0, 42.0, 49.0, 10.0, 38.0, 12.0, 54.0, 5.0, 52.0, 16.0, 27.0]
[12.0, 12.0, 18.0, 18.0, 18.0, 18.0, 12.0, 12.0, 12.0, 12.0, 8.0]
[12.0, 12.0, 18.0, 18.0, 18.0, 18.0, 8.0, 8.0, 8.0, 8.0, 12.0]
T = 0.011529215046068483	 step = 1190
110.62
18.418715909090906
[37.0, 32.0, 48.0, 48.0, 10.0, 10.0, 30.0, 29.0, 10.0, 30.0, 51.0]
[27.0, 42.0, 49.0, 10.0, 38.0, 12.0, 54.0, 5.0, 52.0, 16.0, 27.0]
[12.0, 12.0, 18.0, 18.0, 18.0, 18.0, 12.0, 12.0, 12.0, 12.0, 8.0]
[12.0, 12.0, 18.0, 18.0, 18.0, 18.0, 8.0, 8.0, 8.0, 8.0, 12.0]
T = 0.011529215046068483	 step = 1191
110.58000000000004
18.318715909090905
[37.0, 32.0, 48.0, 48.0, 10.0, 10.0, 30.0, 29.0, 10.0, 29.0, 51.0]
[27.0, 42.0, 49.0, 10.0, 38.0, 12.0, 54.0, 5.0, 52.0, 16.0, 27.0]
[12.0, 12.0, 18.0, 18.0, 18.0, 18.0, 12.0, 12.0, 12.0, 12.0, 8.0]
[12.0, 12.0, 18.0, 18.0, 18.0, 18.0, 8.0, 8.0, 8.0, 8.0, 12.0]
T = 0.011529215046068483	 step = 1192
110.58000000000004
18.218715909090907
[37.0, 32.0, 48.0, 48.0, 10.0, 10.0, 31.0, 29.0, 10.0, 29.0, 51.0]
[27.0, 42.0, 49.0, 10.0, 38.0, 12.0, 54.0, 5.0, 52.0, 16.0, 27.0]
[12.0, 12.0, 18.0, 18.0, 18.0, 18.0, 12.0, 12.0, 12.0, 12.0, 8.0]
[12.0, 12.0, 18.0, 18.0, 18.0, 18.0, 8.0, 8.0, 8.0, 8.0, 12.0]
T = 0.011529215046068483	 step = 1193
110.73000000000002
18.018715909090908
[37.0, 32.0, 48.0, 48.0, 10.0, 10.0, 31.0, 29.0, 10.0, 29.0, 51.0]
[27.0, 42.0, 49.0, 10.0, 38.0, 13.0, 54.0, 5.0, 52.0, 16.0, 27.0]
[12.0, 12.0, 18.0, 18.0, 18.0, 18.0, 12.0, 12.0, 12.0, 12.0, 8.0]
[12.0, 12.0, 18.0, 18.0, 18.0, 18.0, 8.0, 8.0, 8.0, 8.0, 12.0]
T = 0.011529215046068483	 step = 1194
110.87
17.818715909090905
[37.0, 32.0, 48.0, 48.0, 10.0, 10.0, 31.0, 29.0, 10.0, 29.0, 51.0]
[27.0, 42.0, 49.0, 10.0, 38.0, 14.0, 54.0, 5.0, 52.0, 16.0, 27.0]
[12.0, 12.0, 18.0, 18.0, 18.0, 18.0, 12.0, 12.0, 12.0, 12.0, 8.0]
[12.0, 12.0, 18.0, 18.0, 18.0, 18.0, 8.0, 8.0, 8.0, 8.0, 12.0]
T = 0.011529215046068483	 step = 1195
111.16000000000003
17.604511363636362
[37.0, 32.0, 48.0, 48.0, 10.0, 10.0, 31.0, 29.0, 10.0, 29.0, 51.0]
[27.0, 41.0, 49.0, 10.0, 38.0, 14.0, 54.0, 5.0, 52.0, 16.0, 27.0]
[12.0, 12.0, 18.0, 18.0, 18.0, 18.0, 12.0, 12.0, 12.0, 12.0, 8.0]
[12.0, 12.0, 18.0, 18.0, 18.0, 18.0, 8.0, 8.0, 8.0, 8.0, 12.0]
T = 0.011529215046068483	 step = 1196
110.99000000000001
17.91871590909091
[37.0, 32.0, 48.0, 48.0, 10.0, 10.0, 31.0, 29.0, 10.0, 29.0, 51.0]
[27.0, 42.0, 49.0, 10.0, 37.0, 14.0, 54.0, 5.0, 52.0, 16.0, 27.0]
[12.0, 12.0, 18.0, 18.0, 18.0, 18.0, 12.0, 12.0, 12.0, 12.0, 8.0]
[12.0, 12.0, 18.0, 18.0, 18.0, 18.0, 8.0, 8.0, 8.0, 8.0, 12.0]
T = 0.011529215046068483	 step = 1197
110.89000000000004
17.90451136363636
[37.0, 32.0, 48.0, 48.0, 10.0, 10.0, 31.0, 29.0, 11.0, 29.0, 51.0]
[27.0, 42.0, 49.0, 10.0, 38.0, 14.0, 54.0, 5.0, 52.0, 16.0, 27.0]
[12.0, 12.0, 18.0, 18.0, 18.0, 18.0, 12.0, 12.0, 12.0, 12.0, 8.0]
[12.0, 12.0, 18.0, 18.0, 18.0, 18.0, 8.0, 8.0, 8.0, 8.0, 12.0]
T = 0.011529215046068483	 step = 1198
110.70000000000005
17.865306818181814
[38.0, 32.0, 48.0, 48.0, 10.0, 10.0, 31.0, 29.0, 11.0, 29.0, 51.0]
[27.0, 42.0, 49.0, 10.0, 38.0, 14.0, 54.0, 5.0, 52.0, 16.0, 27.0]
[12.0, 12.0, 18.0, 18.0, 18.0, 18.0, 12.0, 12.0, 12.0, 12.0, 8.0]
[12.0, 12.0, 18.0, 18.0, 18.0, 18.0, 8.0, 8.0, 8.0, 8.0, 12.0]
T = 0.011529215046068483	 step = 1199
110.70000000000005
17.765306818181816
[38.0, 32.0, 48.0, 48.0, 10.0, 10.0, 32.0, 29.0, 11.0, 29.0, 51.0]
[27.0, 42.0, 49.0, 10.0, 38.0, 14.0, 54.0, 5.0, 52.0, 16.0, 27.0]
[12.0, 12.0, 18.0, 18.0, 18.0, 18.0, 12.0, 12.0, 12.0, 12.0, 8.0]
[12.0, 12.0, 18.0, 18.0, 18.0, 18.0, 8.0, 8.0, 8.0, 8.0, 12.0]
T = 0.011529215046068483	 step = 1200
110.72000000000003
17.665306818181815
[38.0, 32.0, 48.0, 48.0, 10.0, 10.0, 32.0, 30.0, 11.0, 29.0, 51.0]
[27.0, 42.0, 49.0, 10.0, 38.0, 14.0, 54.0, 5.0, 52.0, 16.0, 27.0]
[12.0, 12.0, 18.0, 18.0, 18.0, 18.0, 12.0, 12.0, 12.0, 12.0, 8.0]
[12.0, 12.0, 18.0, 18.0, 18.0, 18.0, 8.0, 8.0, 8.0, 8.0, 12.0]
T = 0.011529215046068483	 step = 1201
110.82000000000005
17.765306818181816
[38.0, 32.0, 48.0, 48.0, 10.0, 10.0, 32.0, 30.0, 11.0, 29.0, 51.0]
[27.0, 42.0, 49.0, 10.0, 37.0, 14.0, 54.0, 5.0, 52.0, 16.0, 27.0]
[12.0, 12.0, 18.0, 18.0, 18.0, 18.0, 12.0, 12.0, 12.0, 12.0, 8.0]
[12.0, 12.0, 18.0, 18.0, 18.0, 18.0, 8.0, 8.0, 8.0, 8.0, 12.0]
T = 0.011529215046068483	 step = 1202
110.64000000000004
17.75850568181818
[39.0, 32.0, 48.0, 48.0, 10.0, 10.0, 32.0, 30.0, 11.0, 29.0, 51.0]
[27.0, 42.0, 49.0, 10.0, 37.0, 14.0, 54.0, 5.0, 52.0, 16.0, 27.0]
[12.0, 12.0, 18.0, 18.0, 18.0, 18.0, 12.0, 12.0, 12.0, 12.0, 8.0]
[12.0, 12.0, 18.0, 18.0, 18.0, 18.0, 8.0, 8.0, 8.0, 8.0, 12.0]
T = 0.011529215046068483	 step = 1203
111.13
17.794375
[37.0, 32.0, 48.0, 48.0, 10.0, 10.0, 32.0, 30.0, 11.0, 29.0, 51.0]
[28.0, 42.0, 49.0, 10.0, 37.0, 14.0, 54.0, 5.0, 52.0, 16.0, 27.0]
[12.0, 12.0, 18.0, 18.0, 18.0, 18.0, 12.0, 12.0, 12.0, 12.0, 8.0]
[12.0, 12.0, 18.0, 18.0, 18.0, 18.0, 8.0, 8.0, 8.0, 8.0, 12.0]
T = 0.011529215046068483	 step = 1204
110.67000000000002
17.77599573863636
[39.0, 32.0, 48.0, 48.0, 10.0, 10.0, 32.0, 30.0, 11.0, 29.0, 51.0]
[27.0, 42.0, 49.0, 10.0, 37.0, 14.0, 53.0, 5.0, 52.0, 16.0, 27.0]
[12.0, 12.0, 18.0, 18.0, 18.0, 18.0, 12.0, 12.0, 12.0, 12.0, 8.0]
[12.0, 12.0, 18.0, 18.0, 18.0, 18.0, 8.0, 8.0, 8.0, 8.0, 12.0]
T = 0.011529215046068483	 step = 1205
111.25
17.734802556818178
[39.0, 32.0, 48.0, 48.0, 10.0, 10.0, 32.0, 30.0, 11.0, 29.0, 51.0]
[27.0, 42.0, 49.0, 11.0, 37.0, 14.0, 53.0, 5.0, 52.0, 16.0, 27.0]
[12.0, 12.0, 18.0, 18.0, 18.0, 18.0, 12.0, 12.0, 12.0, 12.0, 8.0]
[12.0, 12.0, 18.0, 18.0, 18.0, 18.0, 8.0, 8.0, 8.0, 8.0, 12.0]
T = 0.011529215046068483	 step = 1206
110.68
17.861791193181816
[39.0, 32.0, 48.0, 48.0, 10.0, 10.0, 32.0, 30.0, 12.0, 29.0, 51.0]
[27.0, 42.0, 49.0, 10.0, 37.0, 14.0, 53.0, 5.0, 52.0, 16.0, 27.0]
[12.0, 12.0, 18.0, 18.0, 18.0, 18.0, 12.0, 12.0, 12.0, 12.0, 8.0]
[12.0, 12.0, 18.0, 18.0, 18.0, 18.0, 8.0, 8.0, 8.0, 8.0, 12.0]
T = 0.011529215046068483	 step = 1207
110.71000000000004
17.875995738636362
[39.0, 32.0, 48.0, 48.0, 10.0, 10.0, 32.0, 30.0, 11.0, 30.0, 51.0]
[27.0, 42.0, 49.0, 10.0, 37.0, 14.0, 53.0, 5.0, 52.0, 16.0, 27.0]
[12.0, 12.0, 18.0, 18.0, 18.0, 18.0, 12.0, 12.0, 12.0, 12.0, 8.0]
[12.0, 12.0, 18.0, 18.0, 18.0, 18.0, 8.0, 8.0, 8.0, 8.0, 12.0]
T = 0.011529215046068483	 step = 1208
110.97000000000003
17.661791193181816
[39.0, 32.0, 48.0, 48.0, 10.0, 10.0, 32.0, 30.0, 11.0, 30.0, 51.0]
[27.0, 41.0, 49.0, 10.0, 37.0, 14.0, 53.0, 5.0, 52.0, 16.0, 27.0]
[12.0, 12.0, 18.0, 18.0, 18.0, 18.0, 12.0, 12.0, 12.0, 12.0, 8.0]
[12.0, 12.0, 18.0, 18.0, 18.0, 18.0, 8.0, 8.0, 8.0, 8.0, 12.0]
T = 0.011529215046068483	 step = 1209
110.63
17.97599573863636
[39.0, 32.0, 48.0, 48.0, 10.0, 10.0, 32.0, 30.0, 11.0, 30.0, 52.0]
[27.0, 42.0, 49.0, 10.0, 37.0, 14.0, 53.0, 5.0, 52.0, 16.0, 27.0]
[12.0, 12.0, 18.0, 18.0, 18.0, 18.0, 12.0, 12.0, 12.0, 12.0, 8.0]
[12.0, 12.0, 18.0, 18.0, 18.0, 18.0, 8.0, 8.0, 8.0, 8.0, 12.0]
T = 0.011529215046068483	 step = 1210
110.67000000000002
17.993485795454543
[39.0, 32.0, 48.0, 48.0, 10.0, 10.0, 32.0, 30.0, 11.0, 30.0, 52.0]
[27.0, 42.0, 49.0, 10.0, 37.0, 14.0, 53.0, 6.0, 52.0, 16.0, 27.0]
[12.0, 12.0, 18.0, 18.0, 18.0, 18.0, 12.0, 12.0, 12.0, 12.0, 8.0]
[12.0, 12.0, 18.0, 18.0, 18.0, 18.0, 8.0, 8.0, 8.0, 8.0, 12.0]
T = 0.011529215046068483	 step = 1211
110.64000000000004
17.97599573863636
[39.0, 32.0, 48.0, 48.0, 10.0, 10.0, 32.0, 30.0, 11.0, 30.0, 52.0]
[27.0, 42.0, 49.0, 10.0, 37.0, 14.0, 54.0, 6.0, 52.0, 16.0, 27.0]
[12.0, 12.0, 18.0, 18.0, 18.0, 18.0, 12.0, 12.0, 12.0, 12.0, 8.0]
[12.0, 12.0, 18.0, 18.0, 18.0, 18.0, 8.0, 8.0, 8.0, 8.0, 12.0]
T = 0.011529215046068483	 step = 1212
110.54000000000002
17.87599573863636
[39.0, 32.0, 48.0, 48.0, 10.0, 10.0, 32.0, 30.0, 11.0, 30.0, 52.0]
[27.0, 42.0, 49.0, 10.0, 38.0, 14.0, 54.0, 6.0, 52.0, 16.0, 27.0]
[12.0, 12.0, 18.0, 18.0, 18.0, 18.0, 12.0, 12.0, 12.0, 12.0, 8.0]
[12.0, 12.0, 18.0, 18.0, 18.0, 18.0, 8.0, 8.0, 8.0, 8.0, 12.0]
T = 0.011529215046068483	 step = 1213
110.29000000000002
18.097921874999994
[39.0, 32.0, 48.0, 48.0, 10.0, 10.0, 32.0, 30.0, 11.0, 30.0, 52.0]
[27.0, 43.0, 49.0, 10.0, 38.0, 14.0, 54.0, 6.0, 52.0, 16.0, 27.0]
[12.0, 12.0, 18.0, 18.0, 18.0, 18.0, 12.0, 12.0, 12.0, 12.0, 8.0]
[12.0, 12.0, 18.0, 18.0, 18.0, 18.0, 8.0, 8.0, 8.0, 8.0, 12.0]
T = 0.011529215046068483	 step = 1214
110.73000000000002
18.15672869318181
[39.0, 32.0, 48.0, 48.0, 10.0, 10.0, 32.0, 30.0, 11.0, 30.0, 52.0]
[27.0, 43.0, 48.0, 10.0, 38.0, 14.0, 54.0, 6.0, 52.0, 16.0, 27.0]
[12.0, 12.0, 18.0, 18.0, 18.0, 18.0, 12.0, 12.0, 12.0, 12.0, 8.0]
[12.0, 12.0, 18.0, 18.0, 18.0, 18.0, 8.0, 8.0, 8.0, 8.0, 12.0]
T = 0.011529215046068483	 step = 1215
110.29000000000002
18.150194602272723
[39.0, 32.0, 48.0, 48.0, 10.0, 10.0, 32.0, 30.0, 11.0, 30.0, 52.0]
[27.0, 43.0, 49.0, 10.0, 38.0, 14.0, 54.0, 6.0, 52.0, 16.0, 28.0]
[12.0, 12.0, 18.0, 18.0, 18.0, 18.0, 12.0, 12.0, 12.0, 12.0, 8.0]
[12.0, 12.0, 18.0, 18.0, 18.0, 18.0, 8.0, 8.0, 8.0, 8.0, 12.0]
T = 0.011529215046068483	 step = 1216
110.28000000000003
18.197921874999995
[39.0, 32.0, 48.0, 48.0, 10.0, 10.0, 31.0, 30.0, 11.0, 30.0, 52.0]
[27.0, 43.0, 49.0, 10.0, 38.0, 14.0, 54.0, 6.0, 52.0, 16.0, 27.0]
[12.0, 12.0, 18.0, 18.0, 18.0, 18.0, 12.0, 12.0, 12.0, 12.0, 8.0]
[12.0, 12.0, 18.0, 18.0, 18.0, 18.0, 8.0, 8.0, 8.0, 8.0, 12.0]
T = 0.011529215046068483	 step = 1217
110.98000000000002
18.415535511363636
[39.0, 32.0, 49.0, 48.0, 10.0, 10.0, 32.0, 30.0, 11.0, 30.0, 52.0]
[27.0, 43.0, 47.0, 10.0, 38.0, 14.0, 54.0, 6.0, 52.0, 16.0, 27.0]
[12.0, 12.0, 18.0, 18.0, 18.0, 18.0, 12.0, 12.0, 12.0, 12.0, 8.0]
[12.0, 12.0, 18.0, 18.0, 18.0, 18.0, 8.0, 8.0, 8.0, 8.0, 12.0]
T = 0.011529215046068483	 step = 1218
110.28000000000003
18.150194602272723
[39.0, 32.0, 48.0, 48.0, 10.0, 10.0, 32.0, 30.0, 11.0, 30.0, 52.0]
[27.0, 43.0, 49.0, 10.0, 38.0, 14.0, 54.0, 6.0, 52.0, 16.0, 26.0]
[12.0, 12.0, 18.0, 18.0, 18.0, 18.0, 12.0, 12.0, 12.0, 12.0, 8.0]
[12.0, 12.0, 18.0, 18.0, 18.0, 18.0, 8.0, 8.0, 8.0, 8.0, 12.0]
T = 0.011529215046068483	 step = 1219
110.30000000000001
18.050194602272725
[39.0, 32.0, 48.0, 48.0, 10.0, 10.0, 32.0, 31.0, 11.0, 30.0, 52.0]
[27.0, 43.0, 49.0, 10.0, 38.0, 14.0, 54.0, 6.0, 52.0, 16.0, 26.0]
[12.0, 12.0, 18.0, 18.0, 18.0, 18.0, 12.0, 12.0, 12.0, 12.0, 8.0]
[12.0, 12.0, 18.0, 18.0, 18.0, 18.0, 8.0, 8.0, 8.0, 8.0, 12.0]
T = 0.011529215046068483	 step = 1220
110.29000000000002
18.150194602272723
[39.0, 32.0, 48.0, 48.0, 10.0, 10.0, 31.0, 31.0, 11.0, 30.0, 52.0]
[27.0, 43.0, 49.0, 10.0, 38.0, 14.0, 54.0, 6.0, 52.0, 16.0, 26.0]
[12.0, 12.0, 18.0, 18.0, 18.0, 18.0, 12.0, 12.0, 12.0, 12.0, 8.0]
[12.0, 12.0, 18.0, 18.0, 18.0, 18.0, 8.0, 8.0, 8.0, 8.0, 12.0]
T = 0.011529215046068483	 step = 1221
110.73000000000002
18.20900142045454
[39.0, 32.0, 48.0, 48.0, 10.0, 10.0, 31.0, 31.0, 11.0, 30.0, 52.0]
[27.0, 43.0, 48.0, 10.0, 38.0, 14.0, 54.0, 6.0, 52.0, 16.0, 26.0]
[12.0, 12.0, 18.0, 18.0, 18.0, 18.0, 12.0, 12.0, 12.0, 12.0, 8.0]
[12.0, 12.0, 18.0, 18.0, 18.0, 18.0, 8.0, 8.0, 8.0, 8.0, 12.0]
T = 0.011529215046068483	 step = 1222
110.46000000000004
18.158632102272726
[38.0, 32.0, 48.0, 48.0, 10.0, 10.0, 31.0, 31.0, 11.0, 30.0, 52.0]
[27.0, 43.0, 49.0, 10.0, 38.0, 14.0, 54.0, 6.0, 52.0, 16.0, 26.0]
[12.0, 12.0, 18.0, 18.0, 18.0, 18.0, 12.0, 12.0, 12.0, 12.0, 8.0]
[12.0, 12.0, 18.0, 18.0, 18.0, 18.0, 8.0, 8.0, 8.0, 8.0, 12.0]
T = 0.011529215046068483	 step = 1223
110.39000000000004
18.258632102272724
[38.0, 32.0, 48.0, 48.0, 10.0, 10.0, 31.0, 31.0, 11.0, 30.0, 53.0]
[27.0, 43.0, 49.0, 10.0, 38.0, 14.0, 54.0, 6.0, 52.0, 16.0, 26.0]
[12.0, 12.0, 18.0, 18.0, 18.0, 18.0, 12.0, 12.0, 12.0, 12.0, 8.0]
[12.0, 12.0, 18.0, 18.0, 18.0, 18.0, 8.0, 8.0, 8.0, 8.0, 12.0]
T = 0.011529215046068483	 step = 1224
110.39000000000004
18.158632102272726
[38.0, 32.0, 48.0, 48.0, 10.0, 10.0, 32.0, 31.0, 11.0, 30.0, 53.0]
[27.0, 43.0, 49.0, 10.0, 38.0, 14.0, 54.0, 6.0, 52.0, 16.0, 26.0]
[12.0, 12.0, 18.0, 18.0, 18.0, 18.0, 12.0, 12.0, 12.0, 12.0, 8.0]
[12.0, 12.0, 18.0, 18.0, 18.0, 18.0, 8.0, 8.0, 8.0, 8.0, 12.0]
T = 0.011529215046068483	 step = 1225
110.72000000000003
17.958632102272727
[38.0, 32.0, 48.0, 48.0, 10.0, 10.0, 32.0, 31.0, 11.0, 30.0, 53.0]
[27.0, 43.0, 49.0, 10.0, 38.0, 15.0, 54.0, 6.0, 52.0, 16.0, 26.0]
[12.0, 12.0, 18.0, 18.0, 18.0, 18.0, 12.0, 12.0, 12.0, 12.0, 8.0]
[12.0, 12.0, 18.0, 18.0, 18.0, 18.0, 8.0, 8.0, 8.0, 8.0, 12.0]
T = 0.011529215046068483	 step = 1226
110.83000000000004
17.97283664772727
[38.0, 32.0, 48.0, 48.0, 11.0, 10.0, 32.0, 31.0, 11.0, 30.0, 53.0]
[27.0, 43.0, 49.0, 10.0, 38.0, 14.0, 54.0, 6.0, 52.0, 16.0, 26.0]
[12.0, 12.0, 18.0, 18.0, 18.0, 18.0, 12.0, 12.0, 12.0, 12.0, 8.0]
[12.0, 12.0, 18.0, 18.0, 18.0, 18.0, 8.0, 8.0, 8.0, 8.0, 12.0]
T = 0.011529215046068483	 step = 1227
110.72000000000003
17.958632102272727
[38.0, 32.0, 48.0, 48.0, 10.0, 10.0, 32.0, 31.0, 11.0, 30.0, 53.0]
[27.0, 43.0, 49.0, 10.0, 38.0, 15.0, 54.0, 6.0, 52.0, 16.0, 26.0]
[12.0, 12.0, 18.0, 18.0, 18.0, 18.0, 12.0, 12.0, 12.0, 12.0, 8.0]
[12.0, 12.0, 18.0, 18.0, 18.0, 18.0, 8.0, 8.0, 8.0, 8.0, 12.0]
T = 0.011529215046068483	 step = 1228
110.82000000000005
18.217438920454544
[38.0, 32.0, 48.0, 48.0, 10.0, 10.0, 32.0, 31.0, 11.0, 30.0, 53.0]
[27.0, 43.0, 48.0, 10.0, 38.0, 14.0, 54.0, 6.0, 52.0, 16.0, 26.0]
[12.0, 12.0, 18.0, 18.0, 18.0, 18.0, 12.0, 12.0, 12.0, 12.0, 8.0]
[12.0, 12.0, 18.0, 18.0, 18.0, 18.0, 8.0, 8.0, 8.0, 8.0, 12.0]
T = 0.011529215046068483	 step = 1229
110.21000000000004
18.358632102272725
[38.0, 32.0, 49.0, 48.0, 10.0, 10.0, 32.0, 31.0, 11.0, 30.0, 53.0]
[27.0, 43.0, 49.0, 10.0, 38.0, 14.0, 54.0, 6.0, 52.0, 16.0, 26.0]
[12.0, 12.0, 18.0, 18.0, 18.0, 18.0, 12.0, 12.0, 12.0, 12.0, 8.0]
[12.0, 12.0, 18.0, 18.0, 18.0, 18.0, 8.0, 8.0, 8.0, 8.0, 12.0]
T = 0.011529215046068483	 step = 1230
110.64000000000004
18.172836647727273
[38.0, 32.0, 49.0, 48.0, 11.0, 10.0, 32.0, 31.0, 11.0, 30.0, 53.0]
[27.0, 43.0, 49.0, 10.0, 38.0, 14.0, 54.0, 6.0, 52.0, 16.0, 26.0]
[12.0, 12.0, 18.0, 18.0, 18.0, 18.0, 12.0, 12.0, 12.0, 12.0, 8.0]
[12.0, 12.0, 18.0, 18.0, 18.0, 18.0, 8.0, 8.0, 8.0, 8.0, 12.0]
T = 0.011529215046068483	 step = 1231
110.14000000000004
18.258632102272724
[38.0, 32.0, 49.0, 48.0, 10.0, 10.0, 32.0, 31.0, 11.0, 30.0, 53.0]
[27.0, 43.0, 49.0, 10.0, 38.0, 14.0, 54.0, 6.0, 52.0, 15.0, 26.0]
[12.0, 12.0, 18.0, 18.0, 18.0, 18.0, 12.0, 12.0, 12.0, 12.0, 8.0]
[12.0, 12.0, 18.0, 18.0, 18.0, 18.0, 8.0, 8.0, 8.0, 8.0, 12.0]
T = 0.011529215046068483	 step = 1232
110.15000000000003
18.158632102272726
[38.0, 32.0, 49.0, 48.0, 10.0, 10.0, 33.0, 31.0, 11.0, 30.0, 53.0]
[27.0, 43.0, 49.0, 10.0, 38.0, 14.0, 54.0, 6.0, 52.0, 15.0, 26.0]
[12.0, 12.0, 18.0, 18.0, 18.0, 18.0, 12.0, 12.0, 12.0, 12.0, 8.0]
[12.0, 12.0, 18.0, 18.0, 18.0, 18.0, 8.0, 8.0, 8.0, 8.0, 12.0]
T = 0.011529215046068483	 step = 1233
110.11000000000001
18.204723011363633
[38.0, 32.0, 49.0, 48.0, 10.0, 10.0, 33.0, 31.0, 11.0, 30.0, 53.0]
[26.0, 43.0, 49.0, 10.0, 38.0, 14.0, 54.0, 6.0, 52.0, 15.0, 26.0]
[12.0, 12.0, 18.0, 18.0, 18.0, 18.0, 12.0, 12.0, 12.0, 12.0, 8.0]
[12.0, 12.0, 18.0, 18.0, 18.0, 18.0, 8.0, 8.0, 8.0, 8.0, 12.0]
T = 0.011529215046068483	 step = 1234
110.46000000000004
18.00600142045454
[38.0, 32.0, 49.0, 47.0, 10.0, 10.0, 33.0, 31.0, 11.0, 30.0, 53.0]
[26.0, 43.0, 49.0, 10.0, 38.0, 14.0, 54.0, 6.0, 52.0, 15.0, 26.0]
[12.0, 12.0, 18.0, 18.0, 18.0, 18.0, 12.0, 12.0, 12.0, 12.0, 8.0]
[12.0, 12.0, 18.0, 18.0, 18.0, 18.0, 8.0, 8.0, 8.0, 8.0, 12.0]
T = 0.011529215046068483	 step = 1235
110.44
18.106001420454543
[38.0, 32.0, 49.0, 47.0, 10.0, 10.0, 33.0, 30.0, 11.0, 30.0, 53.0]
[26.0, 43.0, 49.0, 10.0, 38.0, 14.0, 54.0, 6.0, 52.0, 15.0, 26.0]
[12.0, 12.0, 18.0, 18.0, 18.0, 18.0, 12.0, 12.0, 12.0, 12.0, 8.0]
[12.0, 12.0, 18.0, 18.0, 18.0, 18.0, 8.0, 8.0, 8.0, 8.0, 12.0]
T = 0.011529215046068483	 step = 1236
111.43
21.036153409090907
[38.0, 32.0, 49.0, 47.0, 10.0, 10.0, 27.0, 31.0, 11.0, 30.0, 53.0]
[26.0, 43.0, 49.0, 10.0, 38.0, 14.0, 27.0, 6.0, 52.0, 15.0, 26.0]
[12.0, 12.0, 18.0, 18.0, 18.0, 18.0, 8.0, 12.0, 12.0, 12.0, 8.0]
[12.0, 12.0, 18.0, 18.0, 18.0, 18.0, 12.0, 8.0, 8.0, 8.0, 12.0]
T = 0.011529215046068483	 step = 1237
110.77000000000004
17.820205965909086
[38.0, 32.0, 49.0, 47.0, 11.0, 10.0, 33.0, 31.0, 11.0, 30.0, 53.0]
[26.0, 43.0, 49.0, 10.0, 38.0, 14.0, 54.0, 6.0, 52.0, 15.0, 26.0]
[12.0, 12.0, 18.0, 18.0, 18.0, 18.0, 12.0, 12.0, 12.0, 12.0, 8.0]
[12.0, 12.0, 18.0, 18.0, 18.0, 18.0, 8.0, 8.0, 8.0, 8.0, 12.0]
T = 0.011529215046068483	 step = 1238
111.16000000000003
17.879012784090907
[38.0, 32.0, 49.0, 47.0, 11.0, 10.0, 33.0, 31.0, 11.0, 30.0, 53.0]
[26.0, 43.0, 48.0, 10.0, 38.0, 14.0, 54.0, 6.0, 52.0, 15.0, 26.0]
[12.0, 12.0, 18.0, 18.0, 18.0, 18.0, 12.0, 12.0, 12.0, 12.0, 8.0]
[12.0, 12.0, 18.0, 18.0, 18.0, 18.0, 8.0, 8.0, 8.0, 8.0, 12.0]
T = 0.011529215046068483	 step = 1239
110.86000000000001
17.91212642045454
[38.0, 31.0, 49.0, 47.0, 11.0, 10.0, 33.0, 31.0, 11.0, 30.0, 53.0]
[26.0, 43.0, 49.0, 10.0, 38.0, 14.0, 54.0, 6.0, 52.0, 15.0, 26.0]
[12.0, 12.0, 18.0, 18.0, 18.0, 18.0, 12.0, 12.0, 12.0, 12.0, 8.0]
[12.0, 12.0, 18.0, 18.0, 18.0, 18.0, 8.0, 8.0, 8.0, 8.0, 12.0]
T = 0.011529215046068483	 step = 1240
110.75
17.920205965909087
[38.0, 32.0, 49.0, 47.0, 11.0, 10.0, 33.0, 30.0, 11.0, 30.0, 53.0]
[26.0, 43.0, 49.0, 10.0, 38.0, 14.0, 54.0, 6.0, 52.0, 15.0, 26.0]
[12.0, 12.0, 18.0, 18.0, 18.0, 18.0, 12.0, 12.0, 12.0, 12.0, 8.0]
[12.0, 12.0, 18.0, 18.0, 18.0, 18.0, 8.0, 8.0, 8.0, 8.0, 12.0]
