case,method,label,seed,total_wirelength_mm,bbox_area_mm2,max_temp_C,src
Case7,ATPlace2.5D,Case7_wl00,1,60038.875096,753.489022,74.730000,AT/50set.csv
Case7,ATPlace2.5D,Case7_wl01,1,60211.444324,753.487512,75.100000,AT/50set.csv
Case7,ATPlace2.5D,Case7_wl02,1,60057.925890,753.490532,74.720000,AT/50set.csv
Case7,ATPlace2.5D,Case7_wl03,1,52892.571044,753.487512,75.540000,AT/50set.csv
Case7,ATPlace2.5D,Case7_wl04,1,53093.885734,753.490532,75.590000,AT/50set.csv
Case7,ATPlace2.5D,Case7_wl05,1,52499.429560,753.490532,75.610000,AT/50set.csv
Case7,ATPlace2.5D,Case7_wl06,1,58439.155996,753.484493,75.570000,AT/50set.csv
Case7,ATPlace2.5D,Case7_wl07,1,58217.672952,753.484493,75.570000,AT/50set.csv
Case7,ATPlace2.5D,Case7_wl08,1,57264.860822,753.484493,76.370000,AT/50set.csv
Case7,ATPlace2.5D,Case7_wl09,1,56559.712148,753.484493,75.610000,AT/50set.csv
Case7,ATPlace2.5D,Case7_wl10,1,56863.240112,753.484493,75.570000,AT/50set.csv
Case7,ATPlace2.5D,Case7_wl11,1,53081.699642,753.489022,76.560000,AT/50set.csv
Case7,ATPlace2.5D,Case7_wl12,1,54378.988812,753.487512,75.740000,AT/50set.csv
Case7,ATPlace2.5D,Case7_wl13,1,59528.893736,753.489022,76.270000,AT/50set.csv
Case7,ATPlace2.5D,Case7_wl14,1,42907.389022,753.484493,76.980000,AT/50set.csv
Case7,ATPlace2.5D,Case7_wl15,1,52390.046366,753.489022,75.730000,AT/50set.csv
Case7,ATPlace2.5D,Case7_wl16,1,50913.056174,753.490532,76.980000,AT/50set.csv
Case7,ATPlace2.5D,Case7_wl17,1,57684.565464,753.487512,76.030000,AT/50set.csv
Case7,ATPlace2.5D,Case7_wl18,1,49312.974396,753.489022,76.180000,AT/50set.csv
Case7,ATPlace2.5D,Case7_wl19,1,47902.799314,753.484493,76.740000,AT/50set.csv
Case7,ATPlace2.5D,Case7_wl20,1,53544.813096,753.487512,76.560000,AT/50set.csv
Case7,ATPlace2.5D,Case7_wl21,1,48426.317588,753.484493,76.530000,AT/50set.csv
Case7,ATPlace2.5D,Case7_wl22,1,45009.158456,753.490532,76.250000,AT/50set.csv
Case7,ATPlace2.5D,Case7_wl23,1,39352.536970,753.484493,77.190000,AT/50set.csv
Case7,ATPlace2.5D,Case7_wl24,1,41870.796770,753.489022,76.820000,AT/50set.csv
Case7,ATPlace2.5D,Case7_wl25,1,43574.884398,753.490532,76.220000,AT/50set.csv
Case7,ATPlace2.5D,Case7_wl26,1,40592.356060,753.489022,77.670000,AT/50set.csv
Case7,ATPlace2.5D,Case7_wl27,1,39234.916770,753.484493,76.960000,AT/50set.csv
Case7,ATPlace2.5D,Case7_wl28,1,37463.995464,753.484493,77.500000,AT/50set.csv
Case7,ATPlace2.5D,Case7_wl29,1,37422.401648,753.490532,77.750000,AT/50set.csv
Case7,ATPlace2.5D,Case7_wl30,1,39101.212910,753.484493,76.960000,AT/50set.csv
Case7,ATPlace2.5D,Case7_wl31,1,35380.218732,753.484493,77.950000,AT/50set.csv
Case7,ATPlace2.5D,Case7_wl32,1,37037.223442,753.484493,77.300000,AT/50set.csv
Case7,ATPlace2.5D,Case7_wl33,1,36663.864532,753.484493,77.860000,AT/50set.csv
Case7,ATPlace2.5D,Case7_wl34,1,37156.059246,753.484493,77.420000,AT/50set.csv
Case7,ATPlace2.5D,Case7_wl35,1,36726.392010,753.492042,77.460000,AT/50set.csv
Case7,ATPlace2.5D,Case7_wl36,1,35815.570898,753.487512,77.950000,AT/50set.csv
Case7,ATPlace2.5D,Case7_wl37,1,37403.208968,753.484493,78.320000,AT/50set.csv
Case7,ATPlace2.5D,Case7_wl38,1,35373.254128,753.492042,78.000000,AT/50set.csv
Case7,ATPlace2.5D,Case7_wl39,1,33794.459282,753.492042,78.730000,AT/50set.csv
Case7,ATPlace2.5D,Case7_wl40,1,36251.836294,753.484493,77.810000,AT/50set.csv
Case7,ATPlace2.5D,Case7_wl41,1,35266.465606,753.484493,77.920000,AT/50set.csv
Case7,ATPlace2.5D,Case7_wl42,1,33463.657298,753.484493,78.480000,AT/50set.csv
Case7,ATPlace2.5D,Case7_wl43,1,33573.251596,753.489022,79.360000,AT/50set.csv
Case7,ATPlace2.5D,Case7_wl44,1,31123.280178,753.490532,80.080000,AT/50set.csv
Case7,ATPlace2.5D,Case7_wl45,1,33189.977168,753.484493,78.510000,AT/50set.csv
Case7,ATPlace2.5D,Case7_wl46,1,33104.203738,753.484493,78.510000,AT/50set.csv
Case7,ATPlace2.5D,Case7_wl47,1,30904.023832,753.484493,79.890000,AT/50set.csv
Case7,ATPlace2.5D,Case7_wl48,1,30381.679188,748.713299,79.640000,AT/50set.csv
Case7,ATPlace2.5D,Case7_wl49,1,31298.941006,742.462972,79.170000,AT/50set.csv
Case7,RLPlanner,Case7,1,61041.709298,751.795037,78.690000,RL/result.csv
Case7,RLPlanner,Case7,2,59137.162486,745.044486,78.960000,RL/result.csv
Case7,RLPlanner,Case7,3,68540.567900,751.482504,76.900000,RL/result.csv
Case7,RLPlanner,Case7,4,65210.115148,725.485101,77.560000,RL/result.csv
Case7,RLPlanner,Case7,5,61859.580230,747.014921,79.160000,RL/result.csv
Case7,MILP,Case7,1,20618.615000,691.015375,81.350000,ILP/result.csv
Case7,TW-FM,Case7_thermal0_wirelength0,121,59058.833762,558.272682,80.380000,result_seed121_7case.csv
Case7,TW-FM,Case7_thermal0_wirelength0p02,121,59499.953488,526.861187,80.780000,result_seed121_7case.csv
Case7,TW-FM,Case7_thermal0_wirelength0p2,121,55121.614108,487.667012,82.730000,result_seed121_7case.csv
Case7,TW-FM,Case7_thermal0p01_wirelength0,121,57898.121652,555.668923,80.080000,result_seed121_7case.csv
Case7,TW-FM,Case7_thermal0p01_wirelength0p02,121,60004.193218,532.366290,80.660000,result_seed121_7case.csv
Case7,TW-FM,Case7_thermal0p01_wirelength0p2,121,55617.567038,499.597113,82.500000,result_seed121_7case.csv
Case7,TW-FM,Case7_thermal0p03_wirelength0,121,62634.013274,561.119169,79.980000,result_seed121_7case.csv
Case7,TW-FM,Case7_thermal0p03_wirelength0p02,121,59067.518058,526.444196,80.910000,result_seed121_7case.csv
Case7,TW-FM,Case7_thermal0p03_wirelength0p2,121,54275.695406,482.396591,82.810000,result_seed121_7case.csv
Case7,TW-FM,Case7_thermal0p03_wirelength2,121,56954.625570,579.833974,78.640000,result_seed121_7case.csv
Case7,TW-FM,Case7_thermal0p1_wirelength0,121,60070.194436,565.969217,80.150000,result_seed121_7case.csv
Case7,TW-FM,Case7_thermal0p1_wirelength0p02,121,58883.697762,527.077537,81.240000,result_seed121_7case.csv
Case7,TW-FM,Case7_thermal0p1_wirelength0p2,121,55282.333826,487.650680,82.740000,result_seed121_7case.csv
Case7,TW-FM,Case7_thermal0p3_wirelength0,121,58240.628668,562.715669,79.780000,result_seed121_7case.csv
Case7,TW-FM,Case7_thermal0p3_wirelength0p02,121,61012.911346,531.760735,80.500000,result_seed121_7case.csv
Case7,TW-FM,Case7_thermal0p3_wirelength0p2,121,54580.721176,487.647130,82.770000,result_seed121_7case.csv
Case7,TW-FM,Case7_thermal100_wirelength0,121,62017.016032,640.250193,77.110000,result_seed121_7case.csv
Case7,TW-FM,Case7_thermal100_wirelength0p02,121,64134.146216,692.261710,77.150000,result_seed121_7case.csv
Case7,TW-FM,Case7_thermal100_wirelength0p2,121,50886.702614,565.539256,81.510000,result_seed121_7case.csv
Case7,TW-FM,Case7_thermal10_wirelength0,121,69905.298072,650.453263,77.120000,result_seed121_7case.csv
Case7,TW-FM,Case7_thermal10_wirelength0p02,121,71126.616464,670.205184,77.230000,result_seed121_7case.csv
Case7,TW-FM,Case7_thermal10_wirelength0p2,121,59243.224364,564.525683,81.130000,result_seed121_7case.csv
Case7,TW-FM,Case7_thermal1_wirelength0,121,63038.014808,569.817602,80.340000,result_seed121_7case.csv
Case7,TW-FM,Case7_thermal1_wirelength0p02,121,59791.669676,537.473050,80.580000,result_seed121_7case.csv
Case7,TW-FM,Case7_thermal1_wirelength0p2,121,52510.538954,516.379228,82.690000,result_seed121_7case.csv
Case7,TW-FM,Case7_thermal30_wirelength0,121,68935.804524,698.667411,77.110000,result_seed121_7case.csv
Case7,TW-FM,Case7_thermal30_wirelength0p02,121,64633.858450,661.392926,77.650000,result_seed121_7case.csv
Case7,TW-FM,Case7_thermal30_wirelength0p2,121,57465.454296,560.774807,81.120000,result_seed121_7case.csv
Case7,TW-FM,Case7_thermal30_wirelength2,121,44711.924914,530.146749,80.400000,result_seed121_7case.csv
Case7,TW-FM,Case7_thermal3_wirelength0,121,60642.898734,599.382596,78.290000,result_seed121_7case.csv
Case7,TW-FM,Case7_thermal3_wirelength0p02,121,60304.229024,603.061976,79.480000,result_seed121_7case.csv
Case7,TW-FM,Case7_thermal3_wirelength0p2,121,49835.051374,549.152890,82.480000,result_seed121_7case.csv
Case7,TW-FM,Case7_thermal3_wirelength2,121,50890.032558,556.344860,78.600000,result_seed121_7case.csv
Case7,TW-FM,Case7_thermal3_wirelength50,121,57067.695834,638.441719,77.870000,result_seed121_7case.csv
acend910,ATPlace2.5D,acend910_wl00,1,43198.520920,2009.131450,73.730000,AT/50set.csv
acend910,ATPlace2.5D,acend910_wl01,1,43254.043536,2009.131450,73.730000,AT/50set.csv
acend910,ATPlace2.5D,acend910_wl02,1,44024.166816,2009.135574,73.760000,AT/50set.csv
acend910,ATPlace2.5D,acend910_wl03,1,43246.535274,2009.131450,73.720000,AT/50set.csv
acend910,ATPlace2.5D,acend910_wl04,1,44024.166816,2009.135574,73.760000,AT/50set.csv
acend910,ATPlace2.5D,acend910_wl05,1,42807.565552,2009.131450,73.820000,AT/50set.csv
acend910,ATPlace2.5D,acend910_wl06,1,43331.995000,2009.131450,73.730000,AT/50set.csv
acend910,ATPlace2.5D,acend910_wl07,1,43209.573176,2009.131450,73.740000,AT/50set.csv
acend910,ATPlace2.5D,acend910_wl08,1,43186.709264,2009.131450,73.740000,AT/50set.csv
acend910,ATPlace2.5D,acend910_wl09,1,41900.835254,2009.131450,73.840000,AT/50set.csv
acend910,ATPlace2.5D,acend910_wl10,1,42693.784468,2009.131450,73.720000,AT/50set.csv
acend910,ATPlace2.5D,acend910_wl11,1,42285.266460,2009.131450,73.750000,AT/50set.csv
acend910,ATPlace2.5D,acend910_wl12,1,42536.040900,2009.131450,73.780000,AT/50set.csv
acend910,ATPlace2.5D,acend910_wl13,1,41842.309176,2009.131450,73.770000,AT/50set.csv
acend910,ATPlace2.5D,acend910_wl14,1,44024.166816,2009.135574,73.760000,AT/50set.csv
acend910,ATPlace2.5D,acend910_wl15,1,42451.952910,2009.131450,73.790000,AT/50set.csv
acend910,ATPlace2.5D,acend910_wl16,1,42283.183828,2009.131450,73.750000,AT/50set.csv
acend910,ATPlace2.5D,acend910_wl17,1,42920.461632,2009.131450,73.820000,AT/50set.csv
acend910,ATPlace2.5D,acend910_wl18,1,42354.311998,2009.131450,73.820000,AT/50set.csv
acend910,ATPlace2.5D,acend910_wl19,1,41873.970740,2009.131450,73.810000,AT/50set.csv
acend910,ATPlace2.5D,acend910_wl20,1,36751.857846,1652.094932,74.250000,AT/50set.csv
acend910,ATPlace2.5D,acend910_wl21,1,34383.968702,1876.854289,74.250000,AT/50set.csv
acend910,ATPlace2.5D,acend910_wl22,1,32060.328004,2009.131450,74.420000,AT/50set.csv
acend910,ATPlace2.5D,acend910_wl23,1,30947.428854,1749.026069,74.600000,AT/50set.csv
acend910,ATPlace2.5D,acend910_wl24,1,29687.453604,1721.741073,74.720000,AT/50set.csv
acend910,ATPlace2.5D,acend910_wl25,1,29113.503032,1698.865260,74.700000,AT/50set.csv
acend910,ATPlace2.5D,acend910_wl26,1,29698.587602,1679.648554,74.690000,AT/50set.csv
acend910,ATPlace2.5D,acend910_wl27,1,33161.022656,1573.635000,74.500000,AT/50set.csv
acend910,ATPlace2.5D,acend910_wl28,1,30979.097888,1493.175946,74.700000,AT/50set.csv
acend910,ATPlace2.5D,acend910_wl29,1,28930.883486,1739.153460,74.660000,AT/50set.csv
acend910,ATPlace2.5D,acend910_wl30,1,28454.818640,1617.262404,74.800000,AT/50set.csv
acend910,ATPlace2.5D,acend910_wl31,1,28587.891820,1624.099353,74.790000,AT/50set.csv
acend910,ATPlace2.5D,acend910_wl32,1,30792.296834,1599.841098,74.630000,AT/50set.csv
acend910,ATPlace2.5D,acend910_wl33,1,28079.564508,1894.752382,74.660000,AT/50set.csv
acend910,ATPlace2.5D,acend910_wl34,1,26612.066916,1671.034630,74.950000,AT/50set.csv
acend910,ATPlace2.5D,acend910_wl35,1,27673.215912,1526.452791,74.880000,AT/50set.csv
acend910,ATPlace2.5D,acend910_wl36,1,27177.675906,1476.019994,74.980000,AT/50set.csv
acend910,ATPlace2.5D,acend910_wl37,1,25439.457340,1684.753260,75.010000,AT/50set.csv
acend910,ATPlace2.5D,acend910_wl38,1,25542.138700,1630.159154,75.040000,AT/50set.csv
acend910,ATPlace2.5D,acend910_wl39,1,24315.600028,1666.599898,75.090000,AT/50set.csv
acend910,ATPlace2.5D,acend910_wl40,1,25731.856264,1606.203143,75.040000,AT/50set.csv
acend910,ATPlace2.5D,acend910_wl41,1,28333.063586,1513.291673,74.900000,AT/50set.csv
acend910,ATPlace2.5D,acend910_wl42,1,27117.007164,1433.091385,75.000000,AT/50set.csv
acend910,ATPlace2.5D,acend910_wl43,1,27674.174208,1516.203801,74.950000,AT/50set.csv
acend910,ATPlace2.5D,acend910_wl44,1,22629.685086,1958.975482,74.790000,AT/50set.csv
acend910,ATPlace2.5D,acend910_wl45,1,28094.686604,1477.124575,74.940000,AT/50set.csv
acend910,ATPlace2.5D,acend910_wl46,1,26869.151456,1415.520951,75.010000,AT/50set.csv
acend910,ATPlace2.5D,acend910_wl47,1,24503.321532,1875.074355,74.740000,AT/50set.csv
acend910,ATPlace2.5D,acend910_wl48,1,25823.654682,1570.290417,75.040000,AT/50set.csv
acend910,ATPlace2.5D,acend910_wl49,1,27748.268890,1453.827736,74.910000,AT/50set.csv
acend910,RLPlanner,acend910,1,19577.542562,1781.594701,75.180000,RL/result.csv
acend910,RLPlanner,acend910,2,18625.392544,1660.188924,75.130000,RL/result.csv
acend910,RLPlanner,acend910,3,17692.861952,1541.300026,75.290000,RL/result.csv
acend910,RLPlanner,acend910,4,18808.036380,1577.417837,75.220000,RL/result.csv
acend910,RLPlanner,acend910,5,17972.290984,1677.917845,75.220000,RL/result.csv
acend910,MILP,acend910,1,13789.240000,1627.762000,75.430000,ILP/result.csv
acend910,TW-FM,acend910_thermal0_wirelength0,121,26218.210160,1564.183467,74.960000,result_seed121_7case.csv
acend910,TW-FM,acend910_thermal0_wirelength0p02,121,24273.771478,1495.871438,74.970000,result_seed121_7case.csv
acend910,TW-FM,acend910_thermal0p01_wirelength0,121,27821.880640,1571.634847,74.670000,result_seed121_7case.csv
acend910,TW-FM,acend910_thermal0p01_wirelength0p02,121,24279.812644,1494.303413,74.960000,result_seed121_7case.csv
acend910,TW-FM,acend910_thermal0p01_wirelength2,121,21455.441746,1436.100486,75.030000,result_seed121_7case.csv
acend910,TW-FM,acend910_thermal0p01_wirelength50,121,34783.758958,1992.205992,74.430000,result_seed121_7case.csv
acend910,TW-FM,acend910_thermal0p03_wirelength0,121,25919.768926,1563.280166,74.990000,result_seed121_7case.csv
acend910,TW-FM,acend910_thermal0p03_wirelength0p02,121,24213.762694,1494.345479,74.960000,result_seed121_7case.csv
acend910,TW-FM,acend910_thermal0p03_wirelength2,121,18636.936624,1442.259867,75.170000,result_seed121_7case.csv
acend910,TW-FM,acend910_thermal0p03_wirelength50,121,59232.863576,1744.244300,73.150000,result_seed121_7case.csv
acend910,TW-FM,acend910_thermal0p1_wirelength0,121,26250.206654,1567.328220,74.960000,result_seed121_7case.csv
acend910,TW-FM,acend910_thermal0p1_wirelength0p02,121,24403.147906,1511.744712,74.970000,result_seed121_7case.csv
acend910,TW-FM,acend910_thermal0p1_wirelength2,121,19985.514624,1629.384307,75.100000,result_seed121_7case.csv
acend910,TW-FM,acend910_thermal0p3_wirelength0,121,26040.428154,1574.475345,74.980000,result_seed121_7case.csv
acend910,TW-FM,acend910_thermal0p3_wirelength0p02,121,24377.778048,1505.580502,74.980000,result_seed121_7case.csv
acend910,TW-FM,acend910_thermal100_wirelength0,121,20757.031022,1541.940718,75.430000,result_seed121_7case.csv
acend910,TW-FM,acend910_thermal100_wirelength0p02,121,18898.145160,1236.949924,75.430000,result_seed121_7case.csv
acend910,TW-FM,acend910_thermal100_wirelength2,121,22301.700406,1701.033734,75.090000,result_seed121_7case.csv
acend910,TW-FM,acend910_thermal10_wirelength0,121,29062.944048,1626.759144,74.610000,result_seed121_7case.csv
acend910,TW-FM,acend910_thermal10_wirelength0p02,121,24492.445962,1616.084195,75.130000,result_seed121_7case.csv
acend910,TW-FM,acend910_thermal10_wirelength2,121,18997.677480,1284.049533,75.540000,result_seed121_7case.csv
acend910,TW-FM,acend910_thermal10_wirelength50,121,32021.654688,1532.890116,74.840000,result_seed121_7case.csv
acend910,TW-FM,acend910_thermal1_wirelength0,121,26463.314834,1572.134731,74.950000,result_seed121_7case.csv
acend910,TW-FM,acend910_thermal1_wirelength0p02,121,24451.651712,1514.214932,74.970000,result_seed121_7case.csv
acend910,TW-FM,acend910_thermal1_wirelength2,121,18642.481256,1467.153327,75.120000,result_seed121_7case.csv
acend910,TW-FM,acend910_thermal1_wirelength50,121,55566.874168,1520.540488,73.530000,result_seed121_7case.csv
acend910,TW-FM,acend910_thermal30_wirelength0,121,25696.543582,1572.857925,74.990000,result_seed121_7case.csv
acend910,TW-FM,acend910_thermal30_wirelength0p02,121,21167.321632,1652.453844,75.070000,result_seed121_7case.csv
acend910,TW-FM,acend910_thermal30_wirelength0p2,121,18669.768016,1234.003029,75.460000,result_seed121_7case.csv
acend910,TW-FM,acend910_thermal30_wirelength2,121,19289.801200,1431.327468,75.230000,result_seed121_7case.csv
acend910,TW-FM,acend910_thermal3_wirelength0,121,27574.321794,1592.947369,74.780000,result_seed121_7case.csv
acend910,TW-FM,acend910_thermal3_wirelength0p02,121,22621.973308,1556.360649,75.040000,result_seed121_7case.csv
acend910,TW-FM,acend910_thermal3_wirelength2,121,16281.751820,1435.666930,75.400000,result_seed121_7case.csv
acend910,TW-FM,acend910_thermal3_wirelength50,121,60040.339336,1733.482711,73.230000,result_seed121_7case.csv
acend910,TW-FM,acend910_t0p01-w2,1486441653,31990.543966,1589.907599,74.600000,result_seed121_7case.csv
acend910,TW-FM,acend910_t0p03-w0,946615675,20934.031192,1430.442963,75.160000,result_seed121_7case.csv
acend910,TW-FM,acend910_t0p03-w0,1486441653,25727.917600,1648.169025,74.720000,result_seed121_7case.csv
acend910,TW-FM,acend910_t0p1-w2,946615675,43221.086150,1484.136712,74.180000,result_seed121_7case.csv
acend910,TW-FM,acend910_t0p1-w2,1056634028,19853.230164,1345.441753,75.300000,result_seed121_7case.csv
acend910,TW-FM,acend910_t0p1-w2,1486441653,20341.777624,1204.975476,75.640000,result_seed121_7case.csv
acend910,TW-FM,acend910_t0p3-w0,1056634028,26567.904320,1467.821958,74.880000,result_seed121_7case.csv
acend910,TW-FM,acend910_t0p3-w0p2,946615675,19082.152452,1209.136598,75.530000,result_seed121_7case.csv
acend910,TW-FM,acend910_t10-w0p02,1056634028,24053.878306,1770.883557,74.730000,result_seed121_7case.csv
acend910,TW-FM,acend910_t10-w2,1056634028,28474.913190,1235.531733,75.270000,result_seed121_7case.csv
acend910,TW-FM,acend910_t10-w2,1486441653,41438.636258,1322.303906,74.320000,result_seed121_7case.csv
acend910,TW-FM,acend910_t100-w0,1056634028,26301.126798,1845.262563,74.660000,result_seed121_7case.csv
acend910,TW-FM,acend910_t100-w0,1486441653,27778.259360,1529.574136,74.790000,result_seed121_7case.csv
acend910,TW-FM,acend910_t100-w0p2,1056634028,17554.370144,1432.790868,75.320000,result_seed121_7case.csv
acend910,TW-FM,acend910_t100-w2,1056634028,19164.626840,1505.648416,75.080000,result_seed121_7case.csv
acend910,TW-FM,acend910_t100-w2,1486441653,24434.845492,1421.288154,75.180000,result_seed121_7case.csv
cpu-dram,ATPlace2.5D,cpu-dram_wl00,1,174027.089504,1288.416207,97.730000,AT/50set.csv
cpu-dram,ATPlace2.5D,cpu-dram_wl01,1,176453.054042,1288.413623,100.550000,AT/50set.csv
cpu-dram,ATPlace2.5D,cpu-dram_wl02,1,179340.665552,1288.418791,100.390000,AT/50set.csv
cpu-dram,ATPlace2.5D,cpu-dram_wl03,1,148844.231152,1288.413623,100.970000,AT/50set.csv
cpu-dram,ATPlace2.5D,cpu-dram_wl04,1,139997.175264,1274.055067,101.700000,AT/50set.csv
cpu-dram,ATPlace2.5D,cpu-dram_wl05,1,143409.082888,1276.416707,100.660000,AT/50set.csv
cpu-dram,ATPlace2.5D,cpu-dram_wl06,1,139272.804184,1288.421412,101.470000,AT/50set.csv
cpu-dram,ATPlace2.5D,cpu-dram_wl07,1,120622.387284,1150.678615,103.970000,AT/50set.csv
cpu-dram,ATPlace2.5D,cpu-dram_wl08,1,120322.955238,1199.061191,102.920000,AT/50set.csv
cpu-dram,ATPlace2.5D,cpu-dram_wl09,1,135678.553642,1276.414146,102.360000,AT/50set.csv
cpu-dram,ATPlace2.5D,cpu-dram_wl10,1,111492.815868,1054.548938,106.190000,AT/50set.csv
cpu-dram,ATPlace2.5D,cpu-dram_wl11,1,118598.915876,1138.269594,108.720000,AT/50set.csv
cpu-dram,ATPlace2.5D,cpu-dram_wl12,1,92826.402872,1024.477736,113.020000,AT/50set.csv
cpu-dram,ATPlace2.5D,cpu-dram_wl13,1,109204.167256,1032.412506,107.190000,AT/50set.csv
cpu-dram,ATPlace2.5D,cpu-dram_wl14,1,80163.363832,898.698446,119.850000,AT/50set.csv
cpu-dram,ATPlace2.5D,cpu-dram_wl15,1,100294.422556,993.005784,111.820000,AT/50set.csv
cpu-dram,ATPlace2.5D,cpu-dram_wl16,1,79250.022686,826.542853,119.490000,AT/50set.csv
cpu-dram,ATPlace2.5D,cpu-dram_wl17,1,100549.022054,1092.567731,113.000000,AT/50set.csv
cpu-dram,ATPlace2.5D,cpu-dram_wl18,1,98845.239770,1034.599020,115.210000,AT/50set.csv
cpu-dram,ATPlace2.5D,cpu-dram_wl19,1,86106.092482,988.181167,117.010000,AT/50set.csv
cpu-dram,ATPlace2.5D,cpu-dram_wl20,1,96077.901712,1036.876027,116.600000,AT/50set.csv
cpu-dram,ATPlace2.5D,cpu-dram_wl21,1,94942.099864,1008.768574,115.710000,AT/50set.csv
cpu-dram,ATPlace2.5D,cpu-dram_wl22,1,94185.070252,986.042069,116.750000,AT/50set.csv
cpu-dram,ATPlace2.5D,cpu-dram_wl23,1,96955.658274,1080.313319,113.280000,AT/50set.csv
cpu-dram,ATPlace2.5D,cpu-dram_wl24,1,90096.147174,1039.210676,115.870000,AT/50set.csv
cpu-dram,ATPlace2.5D,cpu-dram_wl25,1,93700.191540,954.796920,116.850000,AT/50set.csv
cpu-dram,ATPlace2.5D,cpu-dram_wl26,1,85969.391408,1081.317203,116.900000,AT/50set.csv
cpu-dram,ATPlace2.5D,cpu-dram_wl27,1,89494.908128,992.844798,116.510000,AT/50set.csv
cpu-dram,ATPlace2.5D,cpu-dram_wl28,1,87001.037032,1026.831748,116.110000,AT/50set.csv
cpu-dram,ATPlace2.5D,cpu-dram_wl29,1,96829.506902,960.485553,118.210000,AT/50set.csv
cpu-dram,ATPlace2.5D,cpu-dram_wl30,1,95109.971700,995.396837,116.850000,AT/50set.csv
cpu-dram,ATPlace2.5D,cpu-dram_wl31,1,94261.819118,963.774830,116.710000,AT/50set.csv
cpu-dram,ATPlace2.5D,cpu-dram_wl32,1,89730.686558,1000.264301,117.010000,AT/50set.csv
cpu-dram,ATPlace2.5D,cpu-dram_wl33,1,75716.264030,980.402000,120.510000,AT/50set.csv
cpu-dram,ATPlace2.5D,cpu-dram_wl34,1,91185.894012,973.830044,116.060000,AT/50set.csv
cpu-dram,ATPlace2.5D,cpu-dram_wl35,1,76571.482910,769.150395,120.230000,AT/50set.csv
cpu-dram,ATPlace2.5D,cpu-dram_wl36,1,87133.829324,1001.726931,117.170000,AT/50set.csv
cpu-dram,ATPlace2.5D,cpu-dram_wl37,1,89043.803090,988.181167,116.850000,AT/50set.csv
cpu-dram,ATPlace2.5D,cpu-dram_wl38,1,90245.004340,1034.777661,116.620000,AT/50set.csv
cpu-dram,ATPlace2.5D,cpu-dram_wl39,1,86739.269998,1001.534608,116.730000,AT/50set.csv
cpu-dram,ATPlace2.5D,cpu-dram_wl40,1,93434.055724,954.796920,117.870000,AT/50set.csv
cpu-dram,ATPlace2.5D,cpu-dram_wl41,1,80053.423198,848.652639,120.600000,AT/50set.csv
cpu-dram,ATPlace2.5D,cpu-dram_wl42,1,92821.413144,1035.291497,116.210000,AT/50set.csv
cpu-dram,ATPlace2.5D,cpu-dram_wl43,1,88292.881820,1050.969683,117.070000,AT/50set.csv
cpu-dram,ATPlace2.5D,cpu-dram_wl44,1,87254.766128,1082.341956,117.010000,AT/50set.csv
cpu-dram,ATPlace2.5D,cpu-dram_wl45,1,99767.258760,959.938938,118.420000,AT/50set.csv
cpu-dram,ATPlace2.5D,cpu-dram_wl46,1,94988.792026,1070.733907,117.230000,AT/50set.csv
cpu-dram,ATPlace2.5D,cpu-dram_wl47,1,76889.937982,793.982710,120.630000,AT/50set.csv
cpu-dram,ATPlace2.5D,cpu-dram_wl48,1,93670.164658,954.796920,118.060000,AT/50set.csv
cpu-dram,ATPlace2.5D,cpu-dram_wl49,1,96093.575914,954.786027,118.340000,AT/50set.csv
cpu-dram,RLPlanner,cpu-dram,1,132058.271792,1124.233766,100.930000,RL/result.csv
cpu-dram,RLPlanner,cpu-dram,2,159351.635852,1130.501631,101.460000,RL/result.csv
cpu-dram,RLPlanner,cpu-dram,3,136566.912018,1235.006922,99.930000,RL/result.csv
cpu-dram,RLPlanner,cpu-dram,4,127487.870228,1137.000044,102.540000,RL/result.csv
cpu-dram,RLPlanner,cpu-dram,5,170343.848856,1216.741250,100.520000,RL/result.csv
cpu-dram,MILP,cpu-dram,1,64984.760000,951.667400,121.280000,ILP/result.csv
cpu-dram,TW-FM,cpu-dram_thermal0_wirelength0,121,131403.384032,1117.226012,103.320000,result_seed121_7case.csv
cpu-dram,TW-FM,cpu-dram_thermal0_wirelength0p02,121,131093.313490,1119.547868,109.840000,result_seed121_7case.csv
cpu-dram,TW-FM,cpu-dram_thermal0_wirelength0p2,121,214474.257090,905.254056,111.290000,result_seed121_7case.csv
cpu-dram,TW-FM,cpu-dram_thermal0_wirelength2,121,87719.082960,872.221876,118.210000,result_seed121_7case.csv
cpu-dram,TW-FM,cpu-dram_thermal0p01_wirelength0,121,131560.979076,1116.267412,103.390000,result_seed121_7case.csv
cpu-dram,TW-FM,cpu-dram_thermal0p01_wirelength0p02,121,130225.499744,1080.523955,110.220000,result_seed121_7case.csv
cpu-dram,TW-FM,cpu-dram_thermal0p01_wirelength0p2,121,130241.637022,813.966173,113.050000,result_seed121_7case.csv
cpu-dram,TW-FM,cpu-dram_thermal0p01_wirelength2,121,91919.796204,904.263433,115.470000,result_seed121_7case.csv
cpu-dram,TW-FM,cpu-dram_thermal0p03_wirelength0,121,131483.671740,1118.712072,103.300000,result_seed121_7case.csv
cpu-dram,TW-FM,cpu-dram_thermal0p03_wirelength0p02,121,130669.851230,1078.081276,110.200000,result_seed121_7case.csv
cpu-dram,TW-FM,cpu-dram_thermal0p03_wirelength0p2,121,130715.370608,809.604531,113.020000,result_seed121_7case.csv
cpu-dram,TW-FM,cpu-dram_thermal0p03_wirelength2,121,88655.289778,853.088615,119.880000,result_seed121_7case.csv
cpu-dram,TW-FM,cpu-dram_thermal0p03_wirelength50,121,220998.622648,841.836037,120.470000,result_seed121_7case.csv
cpu-dram,TW-FM,cpu-dram_thermal0p1_wirelength0,121,131410.137862,1125.599021,102.940000,result_seed121_7case.csv
cpu-dram,TW-FM,cpu-dram_thermal0p1_wirelength0p02,121,131020.751374,1092.884707,109.880000,result_seed121_7case.csv
cpu-dram,TW-FM,cpu-dram_thermal0p1_wirelength0p2,121,130811.440230,810.692062,113.000000,result_seed121_7case.csv
cpu-dram,TW-FM,cpu-dram_thermal0p1_wirelength2,121,92738.149010,730.658560,117.190000,result_seed121_7case.csv
cpu-dram,TW-FM,cpu-dram_thermal0p3_wirelength0,121,136050.542520,1065.583224,101.670000,result_seed121_7case.csv
cpu-dram,TW-FM,cpu-dram_thermal0p3_wirelength0p02,121,124201.680478,1015.767536,110.900000,result_seed121_7case.csv
cpu-dram,TW-FM,cpu-dram_thermal0p3_wirelength0p2,121,130352.095796,812.170920,112.930000,result_seed121_7case.csv
cpu-dram,TW-FM,cpu-dram_thermal0p3_wirelength2,121,79390.326060,908.669037,118.160000,result_seed121_7case.csv
cpu-dram,TW-FM,cpu-dram_thermal100_wirelength0,121,188186.716154,1149.237577,99.850000,result_seed121_7case.csv
cpu-dram,TW-FM,cpu-dram_thermal100_wirelength0p02,121,131335.639700,1019.129777,101.240000,result_seed121_7case.csv
cpu-dram,TW-FM,cpu-dram_thermal100_wirelength0p2,121,123269.699980,973.409205,105.080000,result_seed121_7case.csv
cpu-dram,TW-FM,cpu-dram_thermal100_wirelength2,121,101412.422972,873.292456,117.010000,result_seed121_7case.csv
cpu-dram,TW-FM,cpu-dram_thermal10_wirelength0,121,157646.112136,1152.283178,100.350000,result_seed121_7case.csv
cpu-dram,TW-FM,cpu-dram_thermal10_wirelength0p02,121,137611.264656,1231.083087,99.800000,result_seed121_7case.csv
cpu-dram,TW-FM,cpu-dram_thermal10_wirelength0p2,121,117957.594396,1026.655581,106.790000,result_seed121_7case.csv
cpu-dram,TW-FM,cpu-dram_thermal10_wirelength2,121,84086.631656,834.398201,120.220000,result_seed121_7case.csv
cpu-dram,TW-FM,cpu-dram_thermal1_wirelength0,121,140918.340804,1140.953381,101.390000,result_seed121_7case.csv
cpu-dram,TW-FM,cpu-dram_thermal1_wirelength0p02,121,140483.008982,1046.474917,104.660000,result_seed121_7case.csv
cpu-dram,TW-FM,cpu-dram_thermal1_wirelength0p2,121,123321.218368,852.942127,111.050000,result_seed121_7case.csv
cpu-dram,TW-FM,cpu-dram_thermal1_wirelength2,121,84450.810924,745.507644,122.820000,result_seed121_7case.csv
cpu-dram,TW-FM,cpu-dram_thermal1_wirelength50,121,209415.203392,879.294408,120.750000,result_seed121_7case.csv
cpu-dram,TW-FM,cpu-dram_thermal30_wirelength0,121,160079.339646,1125.736444,101.040000,result_seed121_7case.csv
cpu-dram,TW-FM,cpu-dram_thermal30_wirelength0p02,121,134120.435370,1088.576966,101.200000,result_seed121_7case.csv
cpu-dram,TW-FM,cpu-dram_thermal30_wirelength0p2,121,119150.762064,1070.815538,106.070000,result_seed121_7case.csv
cpu-dram,TW-FM,cpu-dram_thermal30_wirelength2,121,82243.628008,966.138994,116.840000,result_seed121_7case.csv
cpu-dram,TW-FM,cpu-dram_thermal3_wirelength0,121,127921.390728,1140.815481,101.020000,result_seed121_7case.csv
cpu-dram,TW-FM,cpu-dram_thermal3_wirelength0p02,121,140837.305246,1154.949317,101.130000,result_seed121_7case.csv
cpu-dram,TW-FM,cpu-dram_thermal3_wirelength0p2,121,130474.163534,818.304838,112.570000,result_seed121_7case.csv
cpu-dram,TW-FM,cpu-dram_thermal3_wirelength2,121,101346.195216,865.175436,116.380000,result_seed121_7case.csv
cpu-dram,TW-FM,cpu-dram_t0p01-w2,1056634028,83413.350746,828.544955,118.350000,result_seed121_7case.csv
cpu-dram,TW-FM,cpu-dram_t0p03-w50,1056634028,153971.069650,707.278520,121.580000,result_seed121_7case.csv
cpu-dram,TW-FM,cpu-dram_t0p3-w50,946615675,183729.114600,916.116762,110.290000,result_seed121_7case.csv
cpu-dram,TW-FM,cpu-dram_t1-w2,946615675,76657.440836,968.862921,120.120000,result_seed121_7case.csv
cpu-dram,TW-FM,cpu-dram_t100-w0p2,1486441653,130092.152208,951.571260,109.530000,result_seed121_7case.csv
cpu-dram,TW-FM,cpu-dram_t3-w2,946615675,93015.550008,763.486412,115.140000,result_seed121_7case.csv
cpu-dram,TW-FM,cpu-dram_t3-w2,1486441653,93000.861396,877.351891,111.100000,result_seed121_7case.csv
cpu-dram,TW-FM,cpu-dram_t30-w2,946615675,83702.177338,771.659282,118.660000,result_seed121_7case.csv
hp11_m,ATPlace2.5D,hp11_m_wl00,1,120197.315164,1697.937166,100.290000,AT/50set.csv
hp11_m,ATPlace2.5D,hp11_m_wl01,1,114282.502526,1676.970385,100.160000,AT/50set.csv
hp11_m,ATPlace2.5D,hp11_m_wl02,1,141316.925640,1536.338541,98.020000,AT/50set.csv
hp11_m,ATPlace2.5D,hp11_m_wl03,1,271501.124556,1880.134131,87.540000,AT/50set.csv
hp11_m,ATPlace2.5D,hp11_m_wl04,1,234555.463988,1880.137903,88.990000,AT/50set.csv
hp11_m,ATPlace2.5D,hp11_m_wl05,1,151079.732240,1635.166439,94.050000,AT/50set.csv
hp11_m,ATPlace2.5D,hp11_m_wl06,1,140461.514702,1536.239445,98.500000,AT/50set.csv
hp11_m,ATPlace2.5D,hp11_m_wl07,1,213840.453758,1880.130359,92.170000,AT/50set.csv
hp11_m,ATPlace2.5D,hp11_m_wl08,1,137472.211090,1521.211874,98.710000,AT/50set.csv
hp11_m,ATPlace2.5D,hp11_m_wl09,1,143500.020814,1508.429913,96.590000,AT/50set.csv
hp11_m,ATPlace2.5D,hp11_m_wl10,1,153205.869618,1880.126586,99.660000,AT/50set.csv
hp11_m,ATPlace2.5D,hp11_m_wl11,1,150250.534242,1880.130359,92.940000,AT/50set.csv
hp11_m,ATPlace2.5D,hp11_m_wl12,1,132659.921910,1840.663189,97.190000,AT/50set.csv
hp11_m,ATPlace2.5D,hp11_m_wl13,1,153847.284530,1880.130315,99.160000,AT/50set.csv
hp11_m,ATPlace2.5D,hp11_m_wl14,1,150765.226296,1880.122814,97.710000,AT/50set.csv
hp11_m,ATPlace2.5D,hp11_m_wl15,1,119267.675392,1740.702599,99.590000,AT/50set.csv
hp11_m,ATPlace2.5D,hp11_m_wl16,1,110992.945752,1641.688965,100.130000,AT/50set.csv
hp11_m,ATPlace2.5D,hp11_m_wl17,1,114062.471292,1710.693225,100.190000,AT/50set.csv
hp11_m,ATPlace2.5D,hp11_m_wl18,1,119489.958422,1670.197017,98.630000,AT/50set.csv
hp11_m,ATPlace2.5D,hp11_m_wl19,1,108657.052370,1676.658364,100.460000,AT/50set.csv
hp11_m,ATPlace2.5D,hp11_m_wl20,1,111380.497974,1684.874505,99.480000,AT/50set.csv
hp11_m,ATPlace2.5D,hp11_m_wl21,1,120445.142986,1656.800005,100.770000,AT/50set.csv
hp11_m,ATPlace2.5D,hp11_m_wl22,1,133647.347552,1808.944781,102.670000,AT/50set.csv
hp11_m,ATPlace2.5D,hp11_m_wl23,1,122216.587990,1695.401407,97.810000,AT/50set.csv
hp11_m,ATPlace2.5D,hp11_m_wl24,1,115972.683682,1736.587084,99.820000,AT/50set.csv
hp11_m,ATPlace2.5D,hp11_m_wl25,1,143305.022016,1851.648552,96.640000,AT/50set.csv
hp11_m,ATPlace2.5D,hp11_m_wl26,1,120587.010858,1515.539578,99.540000,AT/50set.csv
hp11_m,ATPlace2.5D,hp11_m_wl27,1,122492.659152,1517.559459,99.880000,AT/50set.csv
hp11_m,ATPlace2.5D,hp11_m_wl28,1,127021.732516,1531.278586,98.720000,AT/50set.csv
hp11_m,ATPlace2.5D,hp11_m_wl29,1,142623.632096,1828.722073,97.410000,AT/50set.csv
hp11_m,ATPlace2.5D,hp11_m_wl30,1,108900.242552,1708.301620,100.410000,AT/50set.csv
hp11_m,ATPlace2.5D,hp11_m_wl31,1,107389.311068,1672.149579,99.440000,AT/50set.csv
hp11_m,ATPlace2.5D,hp11_m_wl32,1,110335.901020,1664.640949,99.100000,AT/50set.csv
hp11_m,ATPlace2.5D,hp11_m_wl33,1,116480.400120,1651.056660,99.740000,AT/50set.csv
hp11_m,ATPlace2.5D,hp11_m_wl34,1,128438.264184,1528.137621,98.610000,AT/50set.csv
hp11_m,ATPlace2.5D,hp11_m_wl35,1,136029.177284,1880.126586,99.410000,AT/50set.csv
hp11_m,ATPlace2.5D,hp11_m_wl36,1,107285.759254,1725.504835,98.950000,AT/50set.csv
hp11_m,ATPlace2.5D,hp11_m_wl37,1,112686.791324,1742.031590,99.490000,AT/50set.csv
hp11_m,ATPlace2.5D,hp11_m_wl38,1,122606.834662,1813.951574,102.410000,AT/50set.csv
hp11_m,ATPlace2.5D,hp11_m_wl39,1,125931.164206,1656.321921,98.770000,AT/50set.csv
hp11_m,ATPlace2.5D,hp11_m_wl40,1,123166.044194,1512.430200,99.250000,AT/50set.csv
hp11_m,ATPlace2.5D,hp11_m_wl41,1,121272.380068,1695.094535,98.740000,AT/50set.csv
hp11_m,ATPlace2.5D,hp11_m_wl42,1,103020.237212,1652.128098,100.730000,AT/50set.csv
hp11_m,ATPlace2.5D,hp11_m_wl43,1,130471.982938,1558.805856,100.830000,AT/50set.csv
hp11_m,ATPlace2.5D,hp11_m_wl44,1,103489.266468,1778.312183,98.920000,AT/50set.csv
hp11_m,ATPlace2.5D,hp11_m_wl45,1,114476.512346,1656.800005,100.580000,AT/50set.csv
hp11_m,ATPlace2.5D,hp11_m_wl46,1,129429.094818,1804.658750,102.560000,AT/50set.csv
hp11_m,ATPlace2.5D,hp11_m_wl47,1,119333.431990,1672.048289,99.030000,AT/50set.csv
hp11_m,ATPlace2.5D,hp11_m_wl48,1,113499.998506,1840.655251,99.840000,AT/50set.csv
hp11_m,ATPlace2.5D,hp11_m_wl49,1,141533.714442,1713.617052,97.660000,AT/50set.csv
hp11_m,RLPlanner,hp11_m,1,198632.861232,1843.441617,86.720000,RL/result.csv
hp11_m,RLPlanner,hp11_m,2,199698.101548,1852.984409,88.340000,RL/result.csv
hp11_m,RLPlanner,hp11_m,3,197961.740124,1876.521900,87.300000,RL/result.csv
hp11_m,RLPlanner,hp11_m,4,202949.067358,1877.739616,87.890000,RL/result.csv
hp11_m,RLPlanner,hp11_m,5,223745.516706,1888.804804,86.430000,RL/result.csv
hp11_m,MILP,hp11_m,1,78518.753248,1477.218384,102.340000,ILP/result.csv
hp11_m,TW-FM,hp11_m_thermal0_wirelength0,121,216793.541896,1822.484251,91.840000,result_seed121_7case.csv
hp11_m,TW-FM,hp11_m_thermal0_wirelength0p02,121,209965.085060,1726.334324,93.400000,result_seed121_7case.csv
hp11_m,TW-FM,hp11_m_thermal0_wirelength0p2,121,198208.321646,1551.113261,97.920000,result_seed121_7case.csv
hp11_m,TW-FM,hp11_m_thermal0_wirelength2,121,156175.584888,1495.092231,101.350000,result_seed121_7case.csv
hp11_m,TW-FM,hp11_m_thermal0p01_wirelength0p02,121,222399.215456,1704.067124,94.480000,result_seed121_7case.csv
hp11_m,TW-FM,hp11_m_thermal0p01_wirelength0p2,121,252135.861312,1800.398072,97.280000,result_seed121_7case.csv
hp11_m,TW-FM,hp11_m_thermal0p01_wirelength50,121,233390.552810,1489.865846,92.080000,result_seed121_7case.csv
hp11_m,TW-FM,hp11_m_thermal0p03_wirelength0,121,286956.391294,1712.783865,91.460000,result_seed121_7case.csv
hp11_m,TW-FM,hp11_m_thermal0p03_wirelength0p02,121,191074.184126,1552.893332,95.150000,result_seed121_7case.csv
hp11_m,TW-FM,hp11_m_thermal0p03_wirelength0p2,121,252714.306716,1726.427464,97.260000,result_seed121_7case.csv
hp11_m,TW-FM,hp11_m_thermal0p03_wirelength2,121,171942.704226,1676.106709,95.510000,result_seed121_7case.csv
hp11_m,TW-FM,hp11_m_thermal0p1_wirelength0,121,209073.884786,1703.814556,93.450000,result_seed121_7case.csv
hp11_m,TW-FM,hp11_m_thermal0p1_wirelength0p2,121,253491.310848,1723.023467,97.240000,result_seed121_7case.csv
hp11_m,TW-FM,hp11_m_thermal0p1_wirelength2,121,203765.284142,1436.848490,97.830000,result_seed121_7case.csv
hp11_m,TW-FM,hp11_m_thermal0p3_wirelength0p02,121,233927.002830,1732.606154,92.530000,result_seed121_7case.csv
hp11_m,TW-FM,hp11_m_thermal0p3_wirelength0p2,121,242559.355628,1645.557843,97.070000,result_seed121_7case.csv
hp11_m,TW-FM,hp11_m_thermal0p3_wirelength2,121,204698.629540,1625.283520,98.300000,result_seed121_7case.csv
hp11_m,TW-FM,hp11_m_thermal100_wirelength0,121,308333.518560,1747.371103,94.960000,result_seed121_7case.csv
hp11_m,TW-FM,hp11_m_thermal100_wirelength0p02,121,293831.039804,1753.354702,94.750000,result_seed121_7case.csv
hp11_m,TW-FM,hp11_m_thermal100_wirelength0p2,121,206248.045610,1486.818963,94.650000,result_seed121_7case.csv
hp11_m,TW-FM,hp11_m_thermal10_wirelength0,121,270321.648472,1695.191429,95.710000,result_seed121_7case.csv
hp11_m,TW-FM,hp11_m_thermal10_wirelength0p02,121,214923.329204,1548.727125,95.960000,result_seed121_7case.csv
hp11_m,TW-FM,hp11_m_thermal10_wirelength0p2,121,234679.029648,1673.128572,94.960000,result_seed121_7case.csv
hp11_m,TW-FM,hp11_m_thermal1_wirelength0p02,121,269989.935466,1772.254620,91.660000,result_seed121_7case.csv
hp11_m,TW-FM,hp11_m_thermal1_wirelength0p2,121,235801.154870,1574.545476,97.030000,result_seed121_7case.csv
hp11_m,TW-FM,hp11_m_thermal1_wirelength2,121,142071.993666,1343.160565,102.480000,result_seed121_7case.csv
hp11_m,TW-FM,hp11_m_thermal30_wirelength0,121,228572.800082,1671.057367,96.380000,result_seed121_7case.csv
hp11_m,TW-FM,hp11_m_thermal30_wirelength0p02,121,277409.541856,1759.791581,94.760000,result_seed121_7case.csv
hp11_m,TW-FM,hp11_m_thermal30_wirelength0p2,121,228719.600824,1667.075222,96.470000,result_seed121_7case.csv
hp11_m,TW-FM,hp11_m_thermal30_wirelength2,121,162241.305468,1650.549406,99.670000,result_seed121_7case.csv
hp11_m,TW-FM,hp11_m_thermal30_wirelength50,121,269501.718276,1851.105492,98.850000,result_seed121_7case.csv
hp11_m,TW-FM,hp11_m_thermal3_wirelength0p02,121,252404.862674,1789.940877,91.670000,result_seed121_7case.csv
hp11_m,TW-FM,hp11_m_thermal3_wirelength0p2,121,215485.593444,1485.160010,96.370000,result_seed121_7case.csv
hp11_m,TW-FM,hp11_m_thermal3_wirelength2,121,189246.450996,1607.364537,97.180000,result_seed121_7case.csv
hp11_m,TW-FM,hp11_m_thermal3_wirelength50,121,236722.178798,1745.248353,98.300000,result_seed121_7case.csv
hp11_m,TW-FM,hp11_m_t0p01-w50,1056634028,203845.434858,1839.770303,93.450000,result_seed121_7case.csv
hp11_m,TW-FM,hp11_m_t0p03-w0p02,946615675,182079.372192,1527.567606,95.850000,result_seed121_7case.csv
hp11_m,TW-FM,hp11_m_t0p03-w2,946615675,191441.597780,1492.246309,96.990000,result_seed121_7case.csv
hp11_m,TW-FM,hp11_m_t0p03-w2,1056634028,129471.371294,1380.918710,104.960000,result_seed121_7case.csv
hp11_m,TW-FM,hp11_m_t0p03-w2,1486441653,127065.383128,1454.864521,104.170000,result_seed121_7case.csv
hp11_m,TW-FM,hp11_m_t0p3-w0p2,946615675,169705.012386,1427.600446,98.790000,result_seed121_7case.csv
hp11_m,TW-FM,hp11_m_t0p3-w0p2,1056634028,174449.109774,1422.456664,98.050000,result_seed121_7case.csv
hp11_m,TW-FM,hp11_m_t1-w2,1056634028,109402.008084,1478.104254,102.330000,result_seed121_7case.csv
hp11_m,TW-FM,hp11_m_t10-w50,1056634028,229306.614392,1418.511575,94.610000,result_seed121_7case.csv
hp11_m,TW-FM,hp11_m_t100-w0p2,1056634028,176171.619624,1448.225270,97.820000,result_seed121_7case.csv
hp11_m,TW-FM,hp11_m_t3-w2,946615675,166009.750628,1509.690266,97.800000,result_seed121_7case.csv
hp11_m,TW-FM,hp11_m_t3-w2,1056634028,130490.737752,1285.055372,100.740000,result_seed121_7case.csv
hp11_m,TW-FM,hp11_m_t30-w2,1056634028,158531.826088,1494.090992,100.340000,result_seed121_7case.csv
hp11_m,TW-FM,hp11_m_t30-w2,1486441653,176544.439286,1483.366954,97.420000,result_seed121_7case.csv
hp11_m,TW-FM,hp11_m_t30-w50,1486441653,219165.148406,1311.181863,97.420000,result_seed121_7case.csv
hp6_m,ATPlace2.5D,hp6_m_wl00,1,25152.933166,1004.892717,84.930000,AT/50set.csv
hp6_m,ATPlace2.5D,hp6_m_wl01,1,49314.458656,1100.969271,82.570000,AT/50set.csv
hp6_m,ATPlace2.5D,hp6_m_wl02,1,44932.191952,1100.285845,81.960000,AT/50set.csv
hp6_m,ATPlace2.5D,hp6_m_wl03,1,32418.799316,1100.969271,82.730000,AT/50set.csv
hp6_m,ATPlace2.5D,hp6_m_wl04,1,53423.740352,1100.969271,81.440000,AT/50set.csv
hp6_m,ATPlace2.5D,hp6_m_wl05,1,78699.185280,1100.968840,81.540000,AT/50set.csv
hp6_m,ATPlace2.5D,hp6_m_wl06,1,30588.585524,1100.969271,83.110000,AT/50set.csv
hp6_m,ATPlace2.5D,hp6_m_wl07,1,22267.804396,1017.262613,85.040000,AT/50set.csv
hp6_m,ATPlace2.5D,hp6_m_wl08,1,32724.631424,1100.969271,82.190000,AT/50set.csv
hp6_m,ATPlace2.5D,hp6_m_wl09,1,27026.795384,1100.969271,83.910000,AT/50set.csv
hp6_m,ATPlace2.5D,hp6_m_wl10,1,23992.302344,1023.840144,84.730000,AT/50set.csv
hp6_m,ATPlace2.5D,hp6_m_wl11,1,25449.073072,1100.969271,84.410000,AT/50set.csv
hp6_m,ATPlace2.5D,hp6_m_wl12,1,24274.912282,1100.969271,84.290000,AT/50set.csv
hp6_m,ATPlace2.5D,hp6_m_wl13,1,24526.026360,1100.969271,84.660000,AT/50set.csv
hp6_m,ATPlace2.5D,hp6_m_wl14,1,23781.147582,1100.969271,85.040000,AT/50set.csv
hp6_m,ATPlace2.5D,hp6_m_wl15,1,14603.151268,935.970890,88.150000,AT/50set.csv
hp6_m,ATPlace2.5D,hp6_m_wl16,1,23648.491744,1090.508907,85.210000,AT/50set.csv
hp6_m,ATPlace2.5D,hp6_m_wl17,1,21725.255348,1100.969271,85.520000,AT/50set.csv
hp6_m,ATPlace2.5D,hp6_m_wl18,1,21574.105456,1100.969271,86.480000,AT/50set.csv
hp6_m,ATPlace2.5D,hp6_m_wl19,1,24311.379832,1100.969271,84.800000,AT/50set.csv
hp6_m,ATPlace2.5D,hp6_m_wl20,1,19200.114484,1100.969271,87.770000,AT/50set.csv
hp6_m,ATPlace2.5D,hp6_m_wl21,1,20432.394206,1100.969271,87.250000,AT/50set.csv
hp6_m,ATPlace2.5D,hp6_m_wl22,1,19942.896242,1100.969271,87.700000,AT/50set.csv
hp6_m,ATPlace2.5D,hp6_m_wl23,1,19388.860330,1100.969271,87.390000,AT/50set.csv
hp6_m,ATPlace2.5D,hp6_m_wl24,1,19217.680100,1059.516559,87.440000,AT/50set.csv
hp6_m,ATPlace2.5D,hp6_m_wl25,1,19601.838180,1100.654252,88.100000,AT/50set.csv
hp6_m,ATPlace2.5D,hp6_m_wl26,1,18908.437034,1100.973684,86.850000,AT/50set.csv
hp6_m,ATPlace2.5D,hp6_m_wl27,1,17307.925164,1011.467149,87.790000,AT/50set.csv
hp6_m,ATPlace2.5D,hp6_m_wl28,1,18434.112384,1028.506859,88.490000,AT/50set.csv
hp6_m,ATPlace2.5D,hp6_m_wl29,1,15254.440160,935.662463,88.630000,AT/50set.csv
hp6_m,ATPlace2.5D,hp6_m_wl30,1,18110.163208,1099.286199,87.040000,AT/50set.csv
hp6_m,ATPlace2.5D,hp6_m_wl31,1,22088.453340,1100.969271,85.850000,AT/50set.csv
hp6_m,ATPlace2.5D,hp6_m_wl32,1,16441.425590,1045.544413,88.340000,AT/50set.csv
hp6_m,ATPlace2.5D,hp6_m_wl33,1,18696.099094,1099.286199,86.960000,AT/50set.csv
hp6_m,ATPlace2.5D,hp6_m_wl34,1,18791.553902,1099.286199,86.980000,AT/50set.csv
hp6_m,ATPlace2.5D,hp6_m_wl35,1,14577.378006,939.517238,89.270000,AT/50set.csv
hp6_m,ATPlace2.5D,hp6_m_wl36,1,19916.137362,1099.281792,86.390000,AT/50set.csv
hp6_m,ATPlace2.5D,hp6_m_wl37,1,16151.070562,1035.076535,88.140000,AT/50set.csv
hp6_m,ATPlace2.5D,hp6_m_wl38,1,12800.654110,872.135191,89.930000,AT/50set.csv
hp6_m,ATPlace2.5D,hp6_m_wl39,1,19150.366758,781.640231,87.040000,AT/50set.csv
hp6_m,ATPlace2.5D,hp6_m_wl40,1,15339.363490,871.628032,88.790000,AT/50set.csv
hp6_m,ATPlace2.5D,hp6_m_wl41,1,13754.801042,941.534523,89.320000,AT/50set.csv
hp6_m,ATPlace2.5D,hp6_m_wl42,1,12675.947408,751.622105,89.070000,AT/50set.csv
hp6_m,ATPlace2.5D,hp6_m_wl43,1,16195.857532,943.078878,87.860000,AT/50set.csv
hp6_m,ATPlace2.5D,hp6_m_wl44,1,17678.922364,896.453472,87.230000,AT/50set.csv
hp6_m,ATPlace2.5D,hp6_m_wl45,1,18707.358620,917.974468,86.240000,AT/50set.csv
hp6_m,ATPlace2.5D,hp6_m_wl46,1,12577.086726,728.306871,89.710000,AT/50set.csv
hp6_m,ATPlace2.5D,hp6_m_wl47,1,16175.029400,955.014391,87.290000,AT/50set.csv
hp6_m,ATPlace2.5D,hp6_m_wl48,1,19043.858164,786.666914,87.140000,AT/50set.csv
hp6_m,ATPlace2.5D,hp6_m_wl49,1,13076.629540,1100.973717,88.300000,AT/50set.csv
hp6_m,RLPlanner,hp6_m,2,30131.825000,867.226000,81.930000,RL/result.csv
hp6_m,MILP,hp6_m,1,2641.985000,700.699500,91.770000,ILP/result.csv
hp6_m,TW-FM,hp6_m_t0-w0,946615675,24798.441686,1030.776108,85.440000,result_seed3_4case.csv
hp6_m,TW-FM,hp6_m_t0-w0,1056634028,29562.113020,1053.754013,82.940000,result_seed3_4case.csv
hp6_m,TW-FM,hp6_m_t0-w0p02,946615675,23556.199582,794.688946,87.750000,result_seed3_4case.csv
hp6_m,TW-FM,hp6_m_t0-w0p2,946615675,23272.907222,573.432593,89.570000,result_seed3_4case.csv
hp6_m,TW-FM,hp6_m_t0-w2,946615675,13793.070448,798.965498,92.710000,result_seed3_4case.csv
hp6_m,TW-FM,hp6_m_t0p01-w0,946615675,25009.844916,1031.626092,85.180000,result_seed3_4case.csv
hp6_m,TW-FM,hp6_m_t0p01-w0p02,946615675,23651.305730,795.999767,88.010000,result_seed3_4case.csv
hp6_m,TW-FM,hp6_m_t0p01-w0p2,946615675,23543.852876,579.125254,89.310000,result_seed3_4case.csv
hp6_m,TW-FM,hp6_m_t0p01-w2,946615675,24663.524288,852.209053,87.760000,result_seed3_4case.csv
hp6_m,TW-FM,hp6_m_t0p01-w50,1056634028,26369.906414,867.623324,85.270000,result_seed3_4case.csv
hp6_m,TW-FM,hp6_m_t0p03-w0,946615675,25317.248094,1033.077153,85.000000,result_seed3_4case.csv
hp6_m,TW-FM,hp6_m_t0p03-w0p02,946615675,23642.603306,798.605077,88.000000,result_seed3_4case.csv
hp6_m,TW-FM,hp6_m_t0p03-w0p02,1486441653,28727.938476,917.587198,84.790000,result_seed3_4case.csv
hp6_m,TW-FM,hp6_m_t0p03-w0p2,946615675,23354.120542,576.571760,89.530000,result_seed3_4case.csv
hp6_m,TW-FM,hp6_m_t0p03-w2,946615675,16140.128552,787.023724,87.440000,result_seed3_4case.csv
hp6_m,TW-FM,hp6_m_t0p03-w2,1056634028,19457.131098,883.055667,86.460000,result_seed3_4case.csv
hp6_m,TW-FM,hp6_m_t0p03-w2,1486441653,11255.944804,798.700757,88.830000,result_seed3_4case.csv
hp6_m,TW-FM,hp6_m_t0p03-w50,946615675,47002.796378,999.143848,85.450000,result_seed3_4case.csv
hp6_m,TW-FM,hp6_m_t0p1-w0,946615675,25107.813110,1038.245698,84.620000,result_seed3_4case.csv
hp6_m,TW-FM,hp6_m_t0p1-w0p02,946615675,23579.568450,799.761447,87.950000,result_seed3_4case.csv
hp6_m,TW-FM,hp6_m_t0p1-w0p2,946615675,19839.721824,557.909134,93.840000,result_seed3_4case.csv
hp6_m,TW-FM,hp6_m_t0p1-w2,946615675,19982.534196,720.063587,87.560000,result_seed3_4case.csv
hp6_m,TW-FM,hp6_m_t0p3-w0,946615675,23285.833644,981.851878,85.230000,result_seed3_4case.csv
hp6_m,TW-FM,hp6_m_t0p3-w0p02,946615675,23921.838864,806.331722,87.710000,result_seed3_4case.csv
hp6_m,TW-FM,hp6_m_t0p3-w0p2,946615675,23392.308788,576.592433,89.520000,result_seed3_4case.csv
hp6_m,TW-FM,hp6_m_t0p3-w2,946615675,17053.331234,754.309870,90.550000,result_seed3_4case.csv
hp6_m,TW-FM,hp6_m_t0p3-w50,946615675,37608.723970,642.644277,85.740000,result_seed3_4case.csv
hp6_m,TW-FM,hp6_m_t1-w0,946615675,24387.511044,1033.127577,84.600000,result_seed3_4case.csv
hp6_m,TW-FM,hp6_m_t1-w0p02,946615675,20873.132536,782.941545,88.120000,result_seed3_4case.csv
hp6_m,TW-FM,hp6_m_t1-w0p02,1056634028,20721.157244,952.839341,86.100000,result_seed3_4case.csv
hp6_m,TW-FM,hp6_m_t1-w0p2,946615675,23678.743012,583.833889,89.280000,result_seed3_4case.csv
hp6_m,TW-FM,hp6_m_t1-w0p2,1056634028,30196.118092,770.331661,86.080000,result_seed3_4case.csv
hp6_m,TW-FM,hp6_m_t1-w2,946615675,7559.468768,797.379897,90.750000,result_seed3_4case.csv
hp6_m,TW-FM,hp6_m_t1-w50,946615675,26502.345798,576.611103,87.380000,result_seed3_4case.csv
hp6_m,TW-FM,hp6_m_t10-w0p2,946615675,23354.978788,627.488395,93.290000,result_seed3_4case.csv
hp6_m,TW-FM,hp6_m_t10-w2,946615675,12704.017156,877.518451,87.740000,result_seed3_4case.csv
hp6_m,TW-FM,hp6_m_t10-w50,946615675,32089.799854,565.233516,83.720000,result_seed3_4case.csv
hp6_m,TW-FM,hp6_m_t10-w50,1056634028,20880.791878,485.736853,91.420000,result_seed3_4case.csv
hp6_m,TW-FM,hp6_m_t100-w0p02,946615675,33810.697810,1075.162440,84.850000,result_seed3_4case.csv
hp6_m,TW-FM,hp6_m_t100-w0p2,946615675,19052.861172,650.071427,91.920000,result_seed3_4case.csv
hp6_m,TW-FM,hp6_m_t100-w2,946615675,14037.323776,700.126826,87.150000,result_seed3_4case.csv
hp6_m,TW-FM,hp6_m_t100-w2,1056634028,17622.555974,611.136090,88.170000,result_seed3_4case.csv
hp6_m,TW-FM,hp6_m_t3-w0p02,946615675,29601.513432,1103.214787,84.090000,result_seed3_4case.csv
hp6_m,TW-FM,hp6_m_t3-w0p2,946615675,22840.520470,627.533618,93.240000,result_seed3_4case.csv
hp6_m,TW-FM,hp6_m_t3-w2,946615675,10449.771696,520.762221,91.970000,result_seed3_4case.csv
hp6_m,TW-FM,hp6_m_t3-w2,1056634028,24722.540872,752.798578,86.360000,result_seed3_4case.csv
hp6_m,TW-FM,hp6_m_t30-w0p02,946615675,36266.203558,1090.797838,82.430000,result_seed3_4case.csv
hp6_m,TW-FM,hp6_m_t30-w0p2,946615675,19858.360456,564.081186,92.740000,result_seed3_4case.csv
hp6_m,TW-FM,hp6_m_t30-w2,946615675,13782.979866,747.647162,89.670000,result_seed3_4case.csv
hp6_m,TW-FM,hp6_m_t30-w2,1486441653,9704.739514,880.994749,88.690000,result_seed3_4case.csv
multigpu,ATPlace2.5D,multigpu_wl00,1,105715.400424,2227.131679,90.240000,AT/50set.csv
multigpu,ATPlace2.5D,multigpu_wl01,1,105787.182688,2227.131679,90.240000,AT/50set.csv
multigpu,ATPlace2.5D,multigpu_wl02,1,108005.295788,2227.131679,90.190000,AT/50set.csv
multigpu,ATPlace2.5D,multigpu_wl03,1,105884.750988,2227.131679,90.240000,AT/50set.csv
multigpu,ATPlace2.5D,multigpu_wl04,1,101850.810820,2227.131679,90.590000,AT/50set.csv
multigpu,ATPlace2.5D,multigpu_wl05,1,95103.396960,2227.131679,91.020000,AT/50set.csv
multigpu,ATPlace2.5D,multigpu_wl06,1,95248.093136,2227.131679,91.270000,AT/50set.csv
multigpu,ATPlace2.5D,multigpu_wl07,1,95220.136928,2227.131679,91.260000,AT/50set.csv
multigpu,ATPlace2.5D,multigpu_wl08,1,95077.707916,2227.131679,90.940000,AT/50set.csv
multigpu,ATPlace2.5D,multigpu_wl09,1,95092.699692,2227.131679,91.020000,AT/50set.csv
multigpu,ATPlace2.5D,multigpu_wl10,1,95240.328364,2227.131679,91.260000,AT/50set.csv
multigpu,ATPlace2.5D,multigpu_wl11,1,95089.594924,2227.131679,91.020000,AT/50set.csv
multigpu,ATPlace2.5D,multigpu_wl12,1,95095.290776,2227.131679,91.020000,AT/50set.csv
multigpu,ATPlace2.5D,multigpu_wl13,1,95076.988044,2227.131679,91.030000,AT/50set.csv
multigpu,ATPlace2.5D,multigpu_wl14,1,94364.501752,2210.712041,91.290000,AT/50set.csv
multigpu,ATPlace2.5D,multigpu_wl15,1,95087.456196,2227.131679,91.030000,AT/50set.csv
multigpu,ATPlace2.5D,multigpu_wl16,1,95216.898732,2227.131679,91.260000,AT/50set.csv
multigpu,ATPlace2.5D,multigpu_wl17,1,89790.106464,2193.149306,95.790000,AT/50set.csv
multigpu,ATPlace2.5D,multigpu_wl18,1,90036.501426,2227.131679,95.130000,AT/50set.csv
multigpu,ATPlace2.5D,multigpu_wl19,1,90810.498204,2226.588587,95.100000,AT/50set.csv
multigpu,ATPlace2.5D,multigpu_wl20,1,87878.522176,2184.055359,95.500000,AT/50set.csv
multigpu,ATPlace2.5D,multigpu_wl21,1,91072.988864,2227.131679,94.570000,AT/50set.csv
multigpu,ATPlace2.5D,multigpu_wl22,1,89609.942234,2227.131679,94.960000,AT/50set.csv
multigpu,ATPlace2.5D,multigpu_wl23,1,87383.032046,2164.513765,96.360000,AT/50set.csv
multigpu,ATPlace2.5D,multigpu_wl24,1,86971.502074,2181.656659,95.800000,AT/50set.csv
multigpu,ATPlace2.5D,multigpu_wl25,1,87127.858072,2227.131679,96.550000,AT/50set.csv
multigpu,ATPlace2.5D,multigpu_wl26,1,87685.645368,2200.387873,96.280000,AT/50set.csv
multigpu,ATPlace2.5D,multigpu_wl27,1,85820.300904,2186.445707,94.110000,AT/50set.csv
multigpu,ATPlace2.5D,multigpu_wl28,1,87380.351572,2201.945280,94.850000,AT/50set.csv
multigpu,ATPlace2.5D,multigpu_wl29,1,74376.301732,2124.233868,100.120000,AT/50set.csv
multigpu,ATPlace2.5D,multigpu_wl30,1,71809.824748,2122.727389,101.260000,AT/50set.csv
multigpu,ATPlace2.5D,multigpu_wl31,1,73810.717008,2122.727389,100.290000,AT/50set.csv
multigpu,ATPlace2.5D,multigpu_wl32,1,82013.870002,2177.883383,101.240000,AT/50set.csv
multigpu,ATPlace2.5D,multigpu_wl33,1,75719.703416,2166.208715,100.860000,AT/50set.csv
multigpu,ATPlace2.5D,multigpu_wl34,1,72633.948428,2122.727389,101.270000,AT/50set.csv
multigpu,ATPlace2.5D,multigpu_wl35,1,75954.322938,2127.308837,100.740000,AT/50set.csv
multigpu,ATPlace2.5D,multigpu_wl36,1,86064.190856,2208.940964,96.320000,AT/50set.csv
multigpu,ATPlace2.5D,multigpu_wl37,1,73656.255148,2075.989714,100.080000,AT/50set.csv
multigpu,ATPlace2.5D,multigpu_wl38,1,69977.839632,2122.727389,98.910000,AT/50set.csv
multigpu,ATPlace2.5D,multigpu_wl39,1,75157.399180,2102.947018,100.120000,AT/50set.csv
multigpu,ATPlace2.5D,multigpu_wl40,1,78113.164388,2148.717245,101.190000,AT/50set.csv
multigpu,ATPlace2.5D,multigpu_wl41,1,77625.776096,2135.568377,101.270000,AT/50set.csv
multigpu,ATPlace2.5D,multigpu_wl42,1,74679.174136,2110.453377,99.780000,AT/50set.csv
multigpu,ATPlace2.5D,multigpu_wl43,1,72609.104410,2113.631855,101.510000,AT/50set.csv
multigpu,ATPlace2.5D,multigpu_wl44,1,74839.893068,2129.754269,101.150000,AT/50set.csv
multigpu,ATPlace2.5D,multigpu_wl45,1,72425.591974,2122.727389,99.900000,AT/50set.csv
multigpu,ATPlace2.5D,multigpu_wl46,1,80469.695980,2180.644840,101.390000,AT/50set.csv
multigpu,ATPlace2.5D,multigpu_wl47,1,72035.209116,2122.727389,99.840000,AT/50set.csv
multigpu,ATPlace2.5D,multigpu_wl48,1,68640.478194,2122.727389,102.300000,AT/50set.csv
multigpu,ATPlace2.5D,multigpu_wl49,1,73174.212248,2135.155911,100.310000,AT/50set.csv
multigpu,RLPlanner,multigpu,1,106934.467524,2163.934312,90.110000,RL/result.csv
multigpu,RLPlanner,multigpu,2,104759.507650,2056.870849,90.620000,RL/result.csv
multigpu,RLPlanner,multigpu,3,107542.640688,2189.058492,89.900000,RL/result.csv
multigpu,RLPlanner,multigpu,4,102115.544594,2183.479895,90.580000,RL/result.csv
multigpu,RLPlanner,multigpu,5,104424.528258,2100.066325,90.890000,RL/result.csv
multigpu,MILP,multigpu,1,65371.865000,1731.642600,102.770000,ILP/result.csv
multigpu,TW-FM,multigpu_thermal0_wirelength0,121,83797.805556,1845.304864,96.370000,result_seed121_7case.csv
multigpu,TW-FM,multigpu_thermal0_wirelength0p02,121,77952.197682,1952.537432,96.410000,result_seed121_7case.csv
multigpu,TW-FM,multigpu_thermal0_wirelength0p2,121,76525.501058,1720.730116,99.470000,result_seed121_7case.csv
multigpu,TW-FM,multigpu_thermal0_wirelength2,121,97880.766008,1644.236590,103.450000,result_seed121_7case.csv
multigpu,TW-FM,multigpu_thermal0p01_wirelength0,121,83615.109128,1884.185316,96.060000,result_seed121_7case.csv
multigpu,TW-FM,multigpu_thermal0p01_wirelength0p02,121,77960.363292,1951.628154,96.440000,result_seed121_7case.csv
multigpu,TW-FM,multigpu_thermal0p01_wirelength0p2,121,76615.202482,1729.573001,99.370000,result_seed121_7case.csv
multigpu,TW-FM,multigpu_thermal0p01_wirelength2,121,85322.442954,1718.003106,99.930000,result_seed121_7case.csv
multigpu,TW-FM,multigpu_thermal0p03_wirelength0,121,83814.991160,1848.393173,96.340000,result_seed121_7case.csv
multigpu,TW-FM,multigpu_thermal0p03_wirelength0p02,121,77988.397274,1949.475601,96.470000,result_seed121_7case.csv
multigpu,TW-FM,multigpu_thermal0p03_wirelength0p2,121,78879.457614,1723.869929,99.500000,result_seed121_7case.csv
multigpu,TW-FM,multigpu_thermal0p03_wirelength2,121,96795.966396,1793.329959,100.200000,result_seed121_7case.csv
multigpu,TW-FM,multigpu_thermal0p1_wirelength0,121,83250.772800,1892.847620,95.860000,result_seed121_7case.csv
multigpu,TW-FM,multigpu_thermal0p1_wirelength0p02,121,77988.632428,1957.725347,96.370000,result_seed121_7case.csv
multigpu,TW-FM,multigpu_thermal0p1_wirelength0p2,121,76714.855184,1724.351176,99.460000,result_seed121_7case.csv
multigpu,TW-FM,multigpu_thermal0p1_wirelength2,121,73376.352610,1487.457791,100.150000,result_seed121_7case.csv
multigpu,TW-FM,multigpu_thermal0p3_wirelength0,121,85392.596880,1947.991280,95.280000,result_seed121_7case.csv
multigpu,TW-FM,multigpu_thermal0p3_wirelength0p02,121,78306.446810,1999.816797,95.760000,result_seed121_7case.csv
multigpu,TW-FM,multigpu_thermal0p3_wirelength0p2,121,112629.540248,1715.728369,97.870000,result_seed121_7case.csv
multigpu,TW-FM,multigpu_thermal0p3_wirelength2,121,77642.727086,1593.688514,102.610000,result_seed121_7case.csv
multigpu,TW-FM,multigpu_thermal0p3_wirelength50,121,95876.974128,1659.503136,102.040000,result_seed121_7case.csv
multigpu,TW-FM,multigpu_thermal100_wirelength0,121,126481.747332,1856.929931,98.730000,result_seed121_7case.csv
multigpu,TW-FM,multigpu_thermal100_wirelength0p02,121,133020.560900,1895.089563,101.130000,result_seed121_7case.csv
multigpu,TW-FM,multigpu_thermal100_wirelength0p2,121,92803.982268,1619.750553,101.050000,result_seed121_7case.csv
multigpu,TW-FM,multigpu_thermal100_wirelength2,121,120687.384832,1377.522779,101.630000,result_seed121_7case.csv
multigpu,TW-FM,multigpu_thermal10_wirelength0,121,80319.313898,2170.413860,93.850000,result_seed121_7case.csv
multigpu,TW-FM,multigpu_thermal10_wirelength0p02,121,94764.385388,1784.379597,96.060000,result_seed121_7case.csv
multigpu,TW-FM,multigpu_thermal10_wirelength0p2,121,127293.743150,1804.859539,94.640000,result_seed121_7case.csv
multigpu,TW-FM,multigpu_thermal10_wirelength2,121,87414.700788,1918.231002,98.130000,result_seed121_7case.csv
multigpu,TW-FM,multigpu_thermal1_wirelength0,121,84934.947744,2026.809267,94.640000,result_seed121_7case.csv
multigpu,TW-FM,multigpu_thermal1_wirelength0p02,121,80054.947942,2182.806844,93.950000,result_seed121_7case.csv
multigpu,TW-FM,multigpu_thermal1_wirelength0p2,121,108954.524670,1752.990169,98.140000,result_seed121_7case.csv
multigpu,TW-FM,multigpu_thermal1_wirelength2,121,76487.614364,1749.838562,100.330000,result_seed121_7case.csv
multigpu,TW-FM,multigpu_thermal1_wirelength50,121,121476.922152,1716.618867,100.410000,result_seed121_7case.csv
multigpu,TW-FM,multigpu_thermal30_wirelength0,121,80760.858592,2147.284636,94.060000,result_seed121_7case.csv
multigpu,TW-FM,multigpu_thermal30_wirelength0p02,121,79364.808544,2193.443541,93.560000,result_seed121_7case.csv
multigpu,TW-FM,multigpu_thermal30_wirelength0p2,121,114482.295886,1957.213021,94.240000,result_seed121_7case.csv
multigpu,TW-FM,multigpu_thermal30_wirelength2,121,77874.947770,1786.903488,100.270000,result_seed121_7case.csv
multigpu,TW-FM,multigpu_thermal30_wirelength50,121,100067.853504,1354.973058,102.770000,result_seed121_7case.csv
multigpu,TW-FM,multigpu_thermal3_wirelength0,121,84708.349052,2149.414709,94.370000,result_seed121_7case.csv
multigpu,TW-FM,multigpu_thermal3_wirelength0p02,121,97909.454216,2122.550485,94.800000,result_seed121_7case.csv
multigpu,TW-FM,multigpu_thermal3_wirelength0p2,121,139515.424680,1707.380326,98.030000,result_seed121_7case.csv
multigpu,TW-FM,multigpu_thermal3_wirelength2,121,97284.136158,1623.689618,101.620000,result_seed121_7case.csv
multigpu,TW-FM,multigpu_t0-w0p02,946615675,189880.194888,1641.285642,98.380000,result_seed121_7case.csv
multigpu,TW-FM,multigpu_t0p01-w0p02,1056634028,103916.544192,1466.986502,101.360000,result_seed121_7case.csv
multigpu,TW-FM,multigpu_t0p03-w0p02,946615675,143962.553826,1618.499721,99.030000,result_seed121_7case.csv
multigpu,TW-FM,multigpu_t0p3-w0,1486441653,79145.159440,1931.288184,94.190000,result_seed121_7case.csv
multigpu,TW-FM,multigpu_t0p3-w0p02,946615675,89531.006210,1788.450105,97.040000,result_seed121_7case.csv
multigpu,TW-FM,multigpu_t100-w0p2,946615675,96143.544340,2124.011024,91.410000,result_seed121_7case.csv
multigpu,TW-FM,multigpu_t3-w2,1056634028,74105.101892,1724.334868,97.410000,result_seed121_7case.csv
syn1,ATPlace2.5D,syn1_wl00,1,153341.441542,1671.894456,84.700000,AT/50set.csv
syn1,ATPlace2.5D,syn1_wl01,1,136699.315980,1671.894456,87.350000,AT/50set.csv
syn1,ATPlace2.5D,syn1_wl02,1,71370.202722,1653.485520,92.370000,AT/50set.csv
syn1,ATPlace2.5D,syn1_wl03,1,71734.296932,1658.702773,92.290000,AT/50set.csv
syn1,ATPlace2.5D,syn1_wl04,1,127471.272058,1671.891185,83.320000,AT/50set.csv
syn1,ATPlace2.5D,syn1_wl05,1,109342.711996,1671.894538,84.760000,AT/50set.csv
syn1,ATPlace2.5D,syn1_wl06,1,71297.177316,1653.259527,92.360000,AT/50set.csv
syn1,ATPlace2.5D,syn1_wl07,1,110201.490780,1671.891185,86.570000,AT/50set.csv
syn1,ATPlace2.5D,syn1_wl08,1,89632.288932,1671.894538,90.360000,AT/50set.csv
syn1,ATPlace2.5D,syn1_wl09,1,68347.713630,1609.403171,92.740000,AT/50set.csv
syn1,ATPlace2.5D,syn1_wl10,1,97804.964172,1671.894456,90.890000,AT/50set.csv
syn1,ATPlace2.5D,syn1_wl11,1,94123.787888,1671.894456,91.100000,AT/50set.csv
syn1,ATPlace2.5D,syn1_wl12,1,83670.241200,1671.894456,91.870000,AT/50set.csv
syn1,ATPlace2.5D,syn1_wl13,1,69589.239468,1558.280931,92.710000,AT/50set.csv
syn1,ATPlace2.5D,syn1_wl14,1,71271.571360,1671.897809,92.730000,AT/50set.csv
syn1,ATPlace2.5D,syn1_wl15,1,66543.849684,1606.939094,93.070000,AT/50set.csv
syn1,ATPlace2.5D,syn1_wl16,1,65560.207732,1607.224041,93.090000,AT/50set.csv
syn1,ATPlace2.5D,syn1_wl17,1,64810.247284,1602.736424,93.390000,AT/50set.csv
syn1,ATPlace2.5D,syn1_wl18,1,74512.248028,1671.897809,93.130000,AT/50set.csv
syn1,ATPlace2.5D,syn1_wl19,1,64596.786200,1607.833892,93.390000,AT/50set.csv
syn1,ATPlace2.5D,syn1_wl20,1,63387.795228,1573.436734,93.360000,AT/50set.csv
syn1,ATPlace2.5D,syn1_wl21,1,63409.936010,1671.894456,94.560000,AT/50set.csv
syn1,ATPlace2.5D,syn1_wl22,1,66943.953396,1581.901717,94.810000,AT/50set.csv
syn1,ATPlace2.5D,syn1_wl23,1,72195.771880,1569.324045,93.820000,AT/50set.csv
syn1,ATPlace2.5D,syn1_wl24,1,71574.613996,1596.308914,94.570000,AT/50set.csv
syn1,ATPlace2.5D,syn1_wl25,1,61710.201206,1581.851056,95.620000,AT/50set.csv
syn1,ATPlace2.5D,syn1_wl26,1,66043.775640,1660.851832,93.030000,AT/50set.csv
syn1,ATPlace2.5D,syn1_wl27,1,62715.510120,1570.431193,93.550000,AT/50set.csv
syn1,ATPlace2.5D,syn1_wl28,1,60631.440548,1431.937516,93.600000,AT/50set.csv
syn1,ATPlace2.5D,syn1_wl29,1,57843.439166,1671.894456,95.350000,AT/50set.csv
syn1,ATPlace2.5D,syn1_wl30,1,59906.277676,1571.469159,94.300000,AT/50set.csv
syn1,ATPlace2.5D,syn1_wl31,1,69706.638484,1608.373186,94.560000,AT/50set.csv
syn1,ATPlace2.5D,syn1_wl32,1,60325.460774,1456.242951,93.680000,AT/50set.csv
syn1,ATPlace2.5D,syn1_wl33,1,58456.546996,1671.901162,95.600000,AT/50set.csv
syn1,ATPlace2.5D,syn1_wl34,1,61725.912540,1565.135401,95.750000,AT/50set.csv
syn1,ATPlace2.5D,syn1_wl35,1,64307.577630,1581.891331,94.920000,AT/50set.csv
syn1,ATPlace2.5D,syn1_wl36,1,62855.298798,1494.537315,96.150000,AT/50set.csv
syn1,ATPlace2.5D,syn1_wl37,1,62096.031046,1650.092522,95.610000,AT/50set.csv
syn1,ATPlace2.5D,syn1_wl38,1,63885.375992,1555.773386,95.300000,AT/50set.csv
syn1,ATPlace2.5D,syn1_wl39,1,57511.277488,1671.897809,95.450000,AT/50set.csv
syn1,ATPlace2.5D,syn1_wl40,1,62678.060430,1506.110377,93.520000,AT/50set.csv
syn1,ATPlace2.5D,syn1_wl41,1,58547.247508,1595.479649,95.820000,AT/50set.csv
syn1,ATPlace2.5D,syn1_wl42,1,66743.227792,1569.327115,94.540000,AT/50set.csv
syn1,ATPlace2.5D,syn1_wl43,1,58826.230882,1617.955713,95.540000,AT/50set.csv
syn1,ATPlace2.5D,syn1_wl44,1,60325.341880,1431.937516,93.980000,AT/50set.csv
syn1,ATPlace2.5D,syn1_wl45,1,56855.744834,1595.479649,96.170000,AT/50set.csv
syn1,ATPlace2.5D,syn1_wl46,1,67680.032842,1540.783880,95.490000,AT/50set.csv
syn1,ATPlace2.5D,syn1_wl47,1,60511.290676,1630.737175,95.420000,AT/50set.csv
syn1,ATPlace2.5D,syn1_wl48,1,64845.864816,1569.320898,95.060000,AT/50set.csv
syn1,ATPlace2.5D,syn1_wl49,1,56813.498616,1595.492908,96.020000,AT/50set.csv
syn1,RLPlanner,syn1,1,131792.101932,1489.057636,85.110000,RL/result.csv
syn1,RLPlanner,syn1,2,137603.559738,1644.274212,83.430000,RL/result.csv
syn1,RLPlanner,syn1,3,108579.180112,1617.863323,84.890000,RL/result.csv
syn1,RLPlanner,syn1,4,121719.508472,1670.110184,84.120000,RL/result.csv
syn1,RLPlanner,syn1,5,116609.619906,1650.981987,84.930000,RL/result.csv
syn1,MILP,syn1,1,40906.375000,1182.860000,101.700000,ILP/result.csv
syn1,TW-FM,syn1_thermal0_wirelength0,121,93725.515464,1358.654460,94.770000,result_seed121_7case.csv
syn1,TW-FM,syn1_thermal0_wirelength0p02,121,91526.679382,1309.769079,95.380000,result_seed121_7case.csv
syn1,TW-FM,syn1_thermal0_wirelength0p2,121,75268.067194,1214.797262,99.640000,result_seed121_7case.csv
syn1,TW-FM,syn1_thermal0_wirelength2,121,102209.735212,1297.370458,89.440000,result_seed121_7case.csv
syn1,TW-FM,syn1_thermal0p01_wirelength0,121,93017.772728,1353.762958,94.820000,result_seed121_7case.csv
syn1,TW-FM,syn1_thermal0p01_wirelength0p02,121,89196.377538,1296.794988,95.650000,result_seed121_7case.csv
syn1,TW-FM,syn1_thermal0p01_wirelength0p2,121,84880.634106,1256.435073,97.550000,result_seed121_7case.csv
syn1,TW-FM,syn1_thermal0p01_wirelength2,121,107699.487866,1261.684735,88.650000,result_seed121_7case.csv
syn1,TW-FM,syn1_thermal0p01_wirelength50,121,102995.464338,1299.903258,98.750000,result_seed121_7case.csv
syn1,TW-FM,syn1_thermal0p03_wirelength0,121,91643.910544,1336.083107,94.880000,result_seed121_7case.csv
syn1,TW-FM,syn1_thermal0p03_wirelength0p02,121,91522.119128,1309.963440,95.380000,result_seed121_7case.csv
syn1,TW-FM,syn1_thermal0p03_wirelength0p2,121,102001.508250,1194.736946,98.000000,result_seed121_7case.csv
syn1,TW-FM,syn1_thermal0p03_wirelength2,121,113816.376454,1267.843982,97.360000,result_seed121_7case.csv
syn1,TW-FM,syn1_thermal0p03_wirelength50,121,140940.904052,1216.303027,95.050000,result_seed121_7case.csv
syn1,TW-FM,syn1_thermal0p1_wirelength0,121,92397.419354,1335.014605,94.790000,result_seed121_7case.csv
syn1,TW-FM,syn1_thermal0p1_wirelength0p02,121,91581.853514,1311.240238,95.360000,result_seed121_7case.csv
syn1,TW-FM,syn1_thermal0p1_wirelength0p2,121,86123.435688,1247.726981,97.360000,result_seed121_7case.csv
syn1,TW-FM,syn1_thermal0p1_wirelength2,121,87151.714220,1207.080539,95.470000,result_seed121_7case.csv
syn1,TW-FM,syn1_thermal0p3_wirelength0,121,91460.742952,1329.961674,95.000000,result_seed121_7case.csv
syn1,TW-FM,syn1_thermal0p3_wirelength0p02,121,89128.888030,1295.159344,95.480000,result_seed121_7case.csv
syn1,TW-FM,syn1_thermal0p3_wirelength0p2,121,85675.222326,1253.184458,97.440000,result_seed121_7case.csv
syn1,TW-FM,syn1_thermal0p3_wirelength50,121,131296.629856,1311.067547,97.510000,result_seed121_7case.csv
syn1,TW-FM,syn1_thermal100_wirelength0,121,124993.403144,1511.383084,91.580000,result_seed121_7case.csv
syn1,TW-FM,syn1_thermal100_wirelength0p02,121,113880.493176,1541.430599,91.790000,result_seed121_7case.csv
syn1,TW-FM,syn1_thermal100_wirelength0p2,121,73975.991878,1244.113231,96.310000,result_seed121_7case.csv
syn1,TW-FM,syn1_thermal100_wirelength2,121,115801.439444,1220.593476,97.320000,result_seed121_7case.csv
syn1,TW-FM,syn1_thermal10_wirelength0,121,120321.702744,1629.461062,91.810000,result_seed121_7case.csv
syn1,TW-FM,syn1_thermal10_wirelength0p02,121,105093.391848,1518.021564,92.550000,result_seed121_7case.csv
syn1,TW-FM,syn1_thermal10_wirelength0p2,121,76249.613644,1302.164161,98.530000,result_seed121_7case.csv
syn1,TW-FM,syn1_thermal10_wirelength2,121,91456.846802,1352.817158,97.350000,result_seed121_7case.csv
syn1,TW-FM,syn1_thermal10_wirelength50,121,166046.927846,1628.194544,91.270000,result_seed121_7case.csv
syn1,TW-FM,syn1_thermal1_wirelength0,121,93279.735594,1328.748449,95.150000,result_seed121_7case.csv
syn1,TW-FM,syn1_thermal1_wirelength0p02,121,89890.100784,1296.782753,95.270000,result_seed121_7case.csv
syn1,TW-FM,syn1_thermal1_wirelength0p2,121,72195.405350,1214.583890,100.030000,result_seed121_7case.csv
syn1,TW-FM,syn1_thermal1_wirelength2,121,66790.041284,1120.025615,98.850000,result_seed121_7case.csv
syn1,TW-FM,syn1_thermal30_wirelength0,121,125521.283480,1535.703960,91.920000,result_seed121_7case.csv
syn1,TW-FM,syn1_thermal30_wirelength0p02,121,114886.094768,1538.294857,91.930000,result_seed121_7case.csv
syn1,TW-FM,syn1_thermal30_wirelength0p2,121,75270.794312,1222.131462,94.190000,result_seed121_7case.csv
syn1,TW-FM,syn1_thermal30_wirelength2,121,83005.522538,1278.880359,95.650000,result_seed121_7case.csv
syn1,TW-FM,syn1_thermal3_wirelength0,121,102386.505818,1533.140769,94.050000,result_seed121_7case.csv
syn1,TW-FM,syn1_thermal3_wirelength0p02,121,91648.649250,1329.673549,95.140000,result_seed121_7case.csv
syn1,TW-FM,syn1_thermal3_wirelength0p2,121,72438.091132,1276.229265,97.670000,result_seed121_7case.csv
syn1,TW-FM,syn1_thermal3_wirelength2,121,100561.983700,1062.799883,97.470000,result_seed121_7case.csv
syn1,TW-FM,syn1_t0p01-w2,946615675,134422.224294,1157.076282,89.840000,result_seed121_7case.csv
syn1,TW-FM,syn1_t0p3-w0p2,946615675,117146.443138,1433.160746,87.430000,result_seed121_7case.csv
syn1,TW-FM,syn1_t1-w0p2,1486441653,132865.691622,1033.616650,94.180000,result_seed121_7case.csv
syn1,TW-FM,syn1_t10-w2,1056634028,146125.254774,1101.982127,93.200000,result_seed121_7case.csv
syn1,TW-FM,syn1_t100-w0p2,1056634028,111497.493488,1210.690543,93.620000,result_seed121_7case.csv
syn1,TW-FM,syn1_t100-w0p2,1486441653,114929.597582,1125.187130,95.710000,result_seed121_7case.csv
syn1,TW-FM,syn1_t3-w2,1056634028,123267.402528,1154.129214,94.530000,result_seed121_7case.csv
syn4,ATPlace2.5D,syn4_wl00,1,158587.259640,1392.751723,87.660000,AT/50set.csv
syn4,ATPlace2.5D,syn4_wl01,1,145771.497516,1392.751723,90.770000,AT/50set.csv
syn4,ATPlace2.5D,syn4_wl02,1,146302.568132,1392.754522,90.780000,AT/50set.csv
syn4,ATPlace2.5D,syn4_wl03,1,152507.052900,1392.751723,90.310000,AT/50set.csv
syn4,ATPlace2.5D,syn4_wl04,1,153361.318092,1392.751723,88.030000,AT/50set.csv
syn4,ATPlace2.5D,syn4_wl05,1,142377.887772,1392.751723,90.570000,AT/50set.csv
syn4,ATPlace2.5D,syn4_wl06,1,140853.583348,1337.969105,90.560000,AT/50set.csv
syn4,ATPlace2.5D,syn4_wl07,1,131772.278160,1299.304634,91.750000,AT/50set.csv
syn4,ATPlace2.5D,syn4_wl08,1,136378.352736,1262.794360,91.160000,AT/50set.csv
syn4,ATPlace2.5D,syn4_wl09,1,131463.819316,1277.041224,91.890000,AT/50set.csv
syn4,ATPlace2.5D,syn4_wl10,1,129587.783856,1254.583209,91.540000,AT/50set.csv
syn4,ATPlace2.5D,syn4_wl11,1,130880.247180,1251.719123,91.980000,AT/50set.csv
syn4,ATPlace2.5D,syn4_wl12,1,131669.438740,1262.315358,92.100000,AT/50set.csv
syn4,ATPlace2.5D,syn4_wl13,1,125435.418336,1208.018508,92.470000,AT/50set.csv
syn4,ATPlace2.5D,syn4_wl14,1,103218.274932,1111.060373,94.580000,AT/50set.csv
syn4,ATPlace2.5D,syn4_wl15,1,117126.384200,1387.727377,92.680000,AT/50set.csv
syn4,ATPlace2.5D,syn4_wl16,1,117815.476480,1376.666425,92.610000,AT/50set.csv
syn4,ATPlace2.5D,syn4_wl17,1,116016.922116,1220.088760,93.550000,AT/50set.csv
syn4,ATPlace2.5D,syn4_wl18,1,106814.523840,1266.035815,94.750000,AT/50set.csv
syn4,ATPlace2.5D,syn4_wl19,1,121894.305856,1211.650939,93.590000,AT/50set.csv
syn4,ATPlace2.5D,syn4_wl20,1,112164.708344,1208.781050,94.630000,AT/50set.csv
syn4,ATPlace2.5D,syn4_wl21,1,115311.671208,1209.681632,94.610000,AT/50set.csv
syn4,ATPlace2.5D,syn4_wl22,1,95813.268084,1292.330324,96.190000,AT/50set.csv
syn4,ATPlace2.5D,syn4_wl23,1,113663.884442,1176.624991,94.410000,AT/50set.csv
syn4,ATPlace2.5D,syn4_wl24,1,107548.610870,1162.618181,95.230000,AT/50set.csv
syn4,ATPlace2.5D,syn4_wl25,1,112394.487096,1209.851297,94.370000,AT/50set.csv
syn4,ATPlace2.5D,syn4_wl26,1,96747.714372,991.425843,96.050000,AT/50set.csv
syn4,ATPlace2.5D,syn4_wl27,1,111437.627102,1301.196235,93.170000,AT/50set.csv
syn4,ATPlace2.5D,syn4_wl28,1,113029.399112,1282.948200,93.350000,AT/50set.csv
syn4,ATPlace2.5D,syn4_wl29,1,119084.280994,1310.307160,93.070000,AT/50set.csv
syn4,ATPlace2.5D,syn4_wl30,1,110012.755272,1321.601638,92.630000,AT/50set.csv
syn4,ATPlace2.5D,syn4_wl31,1,117833.751554,1225.217820,96.480000,AT/50set.csv
syn4,ATPlace2.5D,syn4_wl32,1,93735.812098,1049.395252,96.780000,AT/50set.csv
syn4,ATPlace2.5D,syn4_wl33,1,105108.008356,1113.266050,96.450000,AT/50set.csv
syn4,ATPlace2.5D,syn4_wl34,1,102643.176312,1064.718348,96.750000,AT/50set.csv
syn4,ATPlace2.5D,syn4_wl35,1,103241.111164,1249.084029,94.070000,AT/50set.csv
syn4,ATPlace2.5D,syn4_wl36,1,113480.911536,1271.924803,95.070000,AT/50set.csv
syn4,ATPlace2.5D,syn4_wl37,1,96986.876924,1215.123273,95.670000,AT/50set.csv
syn4,ATPlace2.5D,syn4_wl38,1,122017.256768,1278.642538,94.550000,AT/50set.csv
syn4,ATPlace2.5D,syn4_wl39,1,99896.500774,1101.566217,95.470000,AT/50set.csv
syn4,ATPlace2.5D,syn4_wl40,1,98986.628486,1044.874020,94.640000,AT/50set.csv
syn4,ATPlace2.5D,syn4_wl41,1,114080.066624,1122.785934,94.200000,AT/50set.csv
syn4,ATPlace2.5D,syn4_wl42,1,123506.605166,1141.344179,95.910000,AT/50set.csv
syn4,ATPlace2.5D,syn4_wl43,1,106738.131852,1199.528425,96.180000,AT/50set.csv
syn4,ATPlace2.5D,syn4_wl44,1,107200.339282,1208.068918,97.080000,AT/50set.csv
syn4,ATPlace2.5D,syn4_wl45,1,112939.515498,1210.309413,94.730000,AT/50set.csv
syn4,ATPlace2.5D,syn4_wl46,1,92946.957958,1134.293799,96.160000,AT/50set.csv
syn4,ATPlace2.5D,syn4_wl47,1,92737.312374,1024.025200,96.330000,AT/50set.csv
syn4,ATPlace2.5D,syn4_wl48,1,108761.372014,1244.343065,94.950000,AT/50set.csv
syn4,ATPlace2.5D,syn4_wl49,1,114982.292892,1245.361244,93.280000,AT/50set.csv
syn4,RLPlanner,syn4,1,236056.085744,1374.121831,83.360000,RL/result.csv
syn4,RLPlanner,syn4,2,230002.334584,1396.321102,83.260000,RL/result.csv
syn4,RLPlanner,syn4,3,232496.014410,1359.383476,82.320000,RL/result.csv
syn4,RLPlanner,syn4,4,207675.516588,1384.261054,83.110000,RL/result.csv
syn4,RLPlanner,syn4,5,192173.196582,1368.703250,84.810000,RL/result.csv
syn4,MILP,syn4,1,86610.985000,994.068000,96.870000,ILP/result.csv
syn4,TW-FM,syn4_thermal0_wirelength0,121,196121.647152,1019.258346,88.330000,result_seed121_7case.csv
syn4,TW-FM,syn4_thermal0_wirelength0p02,121,192122.851984,989.693272,89.050000,result_seed121_7case.csv
syn4,TW-FM,syn4_thermal0_wirelength0p2,121,173254.151776,880.612926,91.550000,result_seed121_7case.csv
syn4,TW-FM,syn4_thermal0p01_wirelength0,121,194443.419358,1019.613614,88.330000,result_seed121_7case.csv
syn4,TW-FM,syn4_thermal0p01_wirelength0p02,121,192874.845624,985.203029,89.030000,result_seed121_7case.csv
syn4,TW-FM,syn4_thermal0p01_wirelength0p2,121,181073.526548,892.098505,91.340000,result_seed121_7case.csv
syn4,TW-FM,syn4_thermal0p01_wirelength50,121,233271.602648,1092.911974,94.570000,result_seed121_7case.csv
syn4,TW-FM,syn4_thermal0p03_wirelength0,121,194300.600056,1025.651232,88.350000,result_seed121_7case.csv
syn4,TW-FM,syn4_thermal0p03_wirelength0p02,121,193104.480560,998.348606,88.940000,result_seed121_7case.csv
syn4,TW-FM,syn4_thermal0p03_wirelength0p2,121,176682.400752,888.387949,91.320000,result_seed121_7case.csv
syn4,TW-FM,syn4_thermal0p1_wirelength0,121,193976.690840,995.867494,88.460000,result_seed121_7case.csv
syn4,TW-FM,syn4_thermal0p1_wirelength0p02,121,193645.500832,997.039772,88.920000,result_seed121_7case.csv
syn4,TW-FM,syn4_thermal0p1_wirelength0p2,121,178614.534328,907.886735,91.930000,result_seed121_7case.csv
syn4,TW-FM,syn4_thermal0p3_wirelength0,121,193530.904088,996.363894,88.560000,result_seed121_7case.csv
syn4,TW-FM,syn4_thermal0p3_wirelength0p02,121,190676.527064,985.426872,89.000000,result_seed121_7case.csv
syn4,TW-FM,syn4_thermal0p3_wirelength0p2,121,178561.059944,901.336929,91.950000,result_seed121_7case.csv
syn4,TW-FM,syn4_thermal100_wirelength0,121,233331.079484,1198.477557,86.070000,result_seed121_7case.csv
syn4,TW-FM,syn4_thermal100_wirelength0p02,121,222024.926312,1113.208417,87.700000,result_seed121_7case.csv
syn4,TW-FM,syn4_thermal100_wirelength0p2,121,150279.785460,1082.172361,90.850000,result_seed121_7case.csv
syn4,TW-FM,syn4_thermal10_wirelength0,121,252708.488200,1202.225580,84.180000,result_seed121_7case.csv
syn4,TW-FM,syn4_thermal10_wirelength0p02,121,227374.884460,1237.838278,85.720000,result_seed121_7case.csv
syn4,TW-FM,syn4_thermal10_wirelength0p2,121,161850.173376,954.963247,89.490000,result_seed121_7case.csv
syn4,TW-FM,syn4_thermal10_wirelength50,121,228404.443072,928.937014,90.460000,result_seed121_7case.csv
syn4,TW-FM,syn4_thermal1_wirelength0,121,194257.461176,1008.866679,88.580000,result_seed121_7case.csv
syn4,TW-FM,syn4_thermal1_wirelength0p02,121,190676.405412,964.796114,89.320000,result_seed121_7case.csv
syn4,TW-FM,syn4_thermal1_wirelength0p2,121,168799.864984,890.891114,91.080000,result_seed121_7case.csv
syn4,TW-FM,syn4_thermal1_wirelength50,121,249492.091080,972.988239,89.790000,result_seed121_7case.csv
syn4,TW-FM,syn4_thermal30_wirelength0,121,227245.853876,1191.522005,85.920000,result_seed121_7case.csv
syn4,TW-FM,syn4_thermal30_wirelength0p02,121,232107.113400,1133.496315,87.690000,result_seed121_7case.csv
syn4,TW-FM,syn4_thermal30_wirelength0p2,121,156296.535588,1157.740376,89.880000,result_seed121_7case.csv
syn4,TW-FM,syn4_thermal3_wirelength0,121,199793.775376,1033.125178,88.360000,result_seed121_7case.csv
syn4,TW-FM,syn4_thermal3_wirelength0p02,121,197340.946984,1044.267575,88.980000,result_seed121_7case.csv
syn4,TW-FM,syn4_thermal3_wirelength0p2,121,168803.875012,900.680649,90.890000,result_seed121_7case.csv
syn4,TW-FM,syn4_t0p01-w2,946615675,156136.857436,858.563381,94.730000,result_seed121_7case.csv
syn4,TW-FM,syn4_t0p01-w2,1486441653,178564.863192,827.386409,92.530000,result_seed121_7case.csv
syn4,TW-FM,syn4_t0p01-w50,1486441653,210774.905760,920.796282,88.920000,result_seed121_7case.csv
syn4,TW-FM,syn4_t0p1-w0,946615675,157285.858924,1091.780132,88.010000,result_seed121_7case.csv
syn4,TW-FM,syn4_t0p3-w0p2,946615675,158986.105804,887.378484,91.800000,result_seed121_7case.csv
syn4,TW-FM,syn4_t1-w50,946615675,219400.669246,979.451562,87.980000,result_seed121_7case.csv
syn4,TW-FM,syn4_t1-w50,1486441653,205959.474788,875.533199,91.740000,result_seed121_7case.csv
syn4,TW-FM,syn4_t10-w0,946615675,194803.494552,1270.477104,84.540000,result_seed121_7case.csv
syn4,TW-FM,syn4_t100-w0p02,946615675,181542.599196,1235.893764,85.610000,result_seed121_7case.csv
syn4,TW-FM,syn4_t100-w50,946615675,176622.700016,938.851121,89.990000,result_seed121_7case.csv
syn4,TW-FM,syn4_t100-w50,1056634028,203093.505500,832.437245,94.250000,result_seed121_7case.csv
syn4,TW-FM,syn4_t3-w2,946615675,153638.071368,917.798119,90.440000,result_seed121_7case.csv
syn4,TW-FM,syn4_t3-w2,1056634028,155606.792452,980.592769,93.250000,result_seed121_7case.csv
syn4,TW-FM,syn4_t3-w2,1486441653,181630.995544,893.708851,90.150000,result_seed121_7case.csv
syn4,TW-FM,syn4_t30-w0p02,946615675,202737.130608,1248.934139,85.460000,result_seed121_7case.csv
syn4,TW-FM,syn4_t30-w50,1056634028,159847.800352,900.502179,90.500000,result_seed121_7case.csv
syn4,TW-FM,syn4_t30-w50,1486441653,213124.286924,970.782084,90.550000,result_seed121_7case.csv
xerox6_m,ATPlace2.5D,xerox6_m_wl00,1,83508.722136,1548.599895,75.830000,AT/50set.csv
xerox6_m,ATPlace2.5D,xerox6_m_wl01,1,84212.316472,1548.599895,75.650000,AT/50set.csv
xerox6_m,ATPlace2.5D,xerox6_m_wl02,1,83933.425336,1548.599895,75.390000,AT/50set.csv
xerox6_m,ATPlace2.5D,xerox6_m_wl03,1,85036.845824,1548.599895,75.520000,AT/50set.csv
xerox6_m,ATPlace2.5D,xerox6_m_wl04,1,81772.308936,1548.599895,75.380000,AT/50set.csv
xerox6_m,ATPlace2.5D,xerox6_m_wl05,1,79432.412488,1548.599895,75.890000,AT/50set.csv
xerox6_m,ATPlace2.5D,xerox6_m_wl06,1,80839.809784,1548.599895,75.720000,AT/50set.csv
xerox6_m,ATPlace2.5D,xerox6_m_wl07,1,78815.797690,1548.599895,75.840000,AT/50set.csv
xerox6_m,ATPlace2.5D,xerox6_m_wl08,1,72130.472664,1548.599895,75.830000,AT/50set.csv
xerox6_m,ATPlace2.5D,xerox6_m_wl09,1,76401.197804,1548.209639,74.980000,AT/50set.csv
xerox6_m,ATPlace2.5D,xerox6_m_wl10,1,63736.646788,1548.599895,74.770000,AT/50set.csv
xerox6_m,ATPlace2.5D,xerox6_m_wl11,1,53751.230906,1462.701323,75.330000,AT/50set.csv
xerox6_m,ATPlace2.5D,xerox6_m_wl12,1,48961.698138,1428.903094,75.370000,AT/50set.csv
xerox6_m,ATPlace2.5D,xerox6_m_wl13,1,56860.507670,1412.512833,75.730000,AT/50set.csv
xerox6_m,ATPlace2.5D,xerox6_m_wl14,1,57484.311246,1423.788916,76.480000,AT/50set.csv
xerox6_m,ATPlace2.5D,xerox6_m_wl15,1,55840.739886,1548.051992,75.210000,AT/50set.csv
xerox6_m,ATPlace2.5D,xerox6_m_wl16,1,50489.580750,1436.014135,77.030000,AT/50set.csv
xerox6_m,ATPlace2.5D,xerox6_m_wl17,1,47748.803668,1539.479617,74.960000,AT/50set.csv
xerox6_m,ATPlace2.5D,xerox6_m_wl18,1,46873.075068,1548.602846,76.650000,AT/50set.csv
xerox6_m,ATPlace2.5D,xerox6_m_wl19,1,50733.225622,1471.519225,75.600000,AT/50set.csv
xerox6_m,ATPlace2.5D,xerox6_m_wl20,1,44128.572172,1259.480906,78.620000,AT/50set.csv
xerox6_m,ATPlace2.5D,xerox6_m_wl21,1,50179.096636,1352.498916,78.310000,AT/50set.csv
xerox6_m,ATPlace2.5D,xerox6_m_wl22,1,45557.243316,1321.652785,77.220000,AT/50set.csv
xerox6_m,ATPlace2.5D,xerox6_m_wl23,1,43639.223936,1244.791301,78.910000,AT/50set.csv
xerox6_m,ATPlace2.5D,xerox6_m_wl24,1,42996.838956,1187.768123,78.400000,AT/50set.csv
xerox6_m,ATPlace2.5D,xerox6_m_wl25,1,44170.408468,1277.026757,79.060000,AT/50set.csv
xerox6_m,ATPlace2.5D,xerox6_m_wl26,1,42656.566576,1058.635926,79.830000,AT/50set.csv
xerox6_m,ATPlace2.5D,xerox6_m_wl27,1,45397.373448,1267.229404,78.840000,AT/50set.csv
xerox6_m,ATPlace2.5D,xerox6_m_wl28,1,40286.719036,1212.421085,79.110000,AT/50set.csv
xerox6_m,ATPlace2.5D,xerox6_m_wl29,1,43947.875616,1077.395537,79.480000,AT/50set.csv
xerox6_m,ATPlace2.5D,xerox6_m_wl30,1,45573.420474,1160.130161,78.860000,AT/50set.csv
xerox6_m,ATPlace2.5D,xerox6_m_wl31,1,43047.297756,1138.532125,79.110000,AT/50set.csv
xerox6_m,ATPlace2.5D,xerox6_m_wl32,1,43323.252866,1239.476285,79.050000,AT/50set.csv
xerox6_m,ATPlace2.5D,xerox6_m_wl33,1,39925.308546,1109.619834,79.930000,AT/50set.csv
xerox6_m,ATPlace2.5D,xerox6_m_wl34,1,46867.427130,1339.196123,79.430000,AT/50set.csv
xerox6_m,ATPlace2.5D,xerox6_m_wl35,1,42088.109966,1075.455142,78.740000,AT/50set.csv
xerox6_m,ATPlace2.5D,xerox6_m_wl36,1,39730.858090,1070.041309,80.590000,AT/50set.csv
xerox6_m,ATPlace2.5D,xerox6_m_wl37,1,40000.861198,1066.100033,79.560000,AT/50set.csv
xerox6_m,ATPlace2.5D,xerox6_m_wl38,1,42010.084514,1079.044631,80.630000,AT/50set.csv
xerox6_m,ATPlace2.5D,xerox6_m_wl39,1,46696.080324,1197.783630,80.000000,AT/50set.csv
xerox6_m,ATPlace2.5D,xerox6_m_wl40,1,42069.669422,1121.825084,79.880000,AT/50set.csv
xerox6_m,ATPlace2.5D,xerox6_m_wl41,1,38770.640848,1057.945765,80.510000,AT/50set.csv
xerox6_m,ATPlace2.5D,xerox6_m_wl42,1,41137.220726,1088.045392,80.180000,AT/50set.csv
xerox6_m,ATPlace2.5D,xerox6_m_wl43,1,44759.004290,1109.722077,79.500000,AT/50set.csv
xerox6_m,ATPlace2.5D,xerox6_m_wl44,1,46492.194084,1148.152295,79.060000,AT/50set.csv
xerox6_m,ATPlace2.5D,xerox6_m_wl45,1,44080.563316,1159.305870,78.900000,AT/50set.csv
xerox6_m,ATPlace2.5D,xerox6_m_wl46,1,54606.797862,1345.326595,78.920000,AT/50set.csv
xerox6_m,ATPlace2.5D,xerox6_m_wl47,1,44946.375026,1296.131081,79.290000,AT/50set.csv
xerox6_m,ATPlace2.5D,xerox6_m_wl48,1,45748.823836,1377.506125,80.370000,AT/50set.csv
xerox6_m,ATPlace2.5D,xerox6_m_wl49,1,41451.720118,1116.702652,79.190000,AT/50set.csv
xerox6_m,RLPlanner,xerox6_m,0,51925.345000,1346.814000,79.490000,RL/result.csv
xerox6_m,RLPlanner,xerox6_m,1,52358.410000,1517.227775,77.410000,RL/result.csv
xerox6_m,RLPlanner,xerox6_m,2,44251.700000,1084.694325,79.840000,RL/result.csv
xerox6_m,RLPlanner,xerox6_m,3,44332.035000,1084.679325,80.900000,RL/result.csv
xerox6_m,RLPlanner,xerox6_m,4,48150.615000,1397.925675,78.460000,RL/result.csv
xerox6_m,MILP,xerox6_m,1,34539.875000,1221.759000,79.200000,ILP/result.csv
xerox6_m,TW-FM,xerox6_m_t0-w0,946615675,80283.392048,1168.794536,79.200000,result_seed3_4case.csv
xerox6_m,TW-FM,xerox6_m_t0-w0p02,946615675,81144.649052,1091.720320,79.960000,result_seed3_4case.csv
xerox6_m,TW-FM,xerox6_m_t0-w0p2,946615675,58572.598948,1030.557572,81.080000,result_seed3_4case.csv
xerox6_m,TW-FM,xerox6_m_t0-w2,946615675,48920.131926,1126.540240,80.620000,result_seed3_4case.csv
xerox6_m,TW-FM,xerox6_m_t0-w50,946615675,62093.339370,1071.399701,78.460000,result_seed3_4case.csv
xerox6_m,TW-FM,xerox6_m_t0p01-w0,946615675,80099.756038,1176.139431,79.150000,result_seed3_4case.csv
xerox6_m,TW-FM,xerox6_m_t0p01-w0p02,946615675,80855.273726,1091.347337,79.930000,result_seed3_4case.csv
xerox6_m,TW-FM,xerox6_m_t0p01-w0p2,946615675,58970.240072,1043.941325,80.490000,result_seed3_4case.csv
xerox6_m,TW-FM,xerox6_m_t0p01-w2,946615675,44519.463372,1128.089243,79.820000,result_seed3_4case.csv
xerox6_m,TW-FM,xerox6_m_t0p01-w2,1486441653,40604.140214,993.597993,81.540000,result_seed3_4case.csv
xerox6_m,TW-FM,xerox6_m_t0p03-w0,946615675,80505.661528,1172.416055,79.130000,result_seed3_4case.csv
xerox6_m,TW-FM,xerox6_m_t0p03-w0p02,946615675,80391.026736,1092.469519,80.050000,result_seed3_4case.csv
xerox6_m,TW-FM,xerox6_m_t0p03-w0p2,946615675,58947.369780,1032.508781,81.050000,result_seed3_4case.csv
xerox6_m,TW-FM,xerox6_m_t0p03-w2,946615675,72461.994378,903.100139,80.680000,result_seed3_4case.csv
xerox6_m,TW-FM,xerox6_m_t0p1-w0,946615675,80757.868308,1182.130050,79.120000,result_seed3_4case.csv
xerox6_m,TW-FM,xerox6_m_t0p1-w0p02,946615675,81925.723922,1095.566714,79.830000,result_seed3_4case.csv
xerox6_m,TW-FM,xerox6_m_t0p1-w0p2,946615675,58576.588704,1034.765553,81.090000,result_seed3_4case.csv
xerox6_m,TW-FM,xerox6_m_t0p1-w2,946615675,41679.470022,1111.850992,79.660000,result_seed3_4case.csv
xerox6_m,TW-FM,xerox6_m_t0p3-w0,946615675,80950.701728,1210.453220,78.740000,result_seed3_4case.csv
xerox6_m,TW-FM,xerox6_m_t0p3-w0p02,946615675,82220.298542,1116.916844,79.540000,result_seed3_4case.csv
xerox6_m,TW-FM,xerox6_m_t0p3-w0p2,946615675,59103.925882,1049.320829,80.350000,result_seed3_4case.csv
xerox6_m,TW-FM,xerox6_m_t0p3-w2,946615675,53930.096214,981.140403,81.230000,result_seed3_4case.csv
xerox6_m,TW-FM,xerox6_m_t1-w0,946615675,75923.408764,1312.142270,77.950000,result_seed3_4case.csv
xerox6_m,TW-FM,xerox6_m_t1-w0p02,946615675,60989.393718,1290.245846,77.760000,result_seed3_4case.csv
xerox6_m,TW-FM,xerox6_m_t1-w0p2,946615675,59073.873942,1052.695014,80.400000,result_seed3_4case.csv
xerox6_m,TW-FM,xerox6_m_t1-w2,946615675,52312.068696,1064.286809,79.520000,result_seed3_4case.csv
xerox6_m,TW-FM,xerox6_m_t1-w50,946615675,84990.811994,1103.411454,81.830000,result_seed3_4case.csv
xerox6_m,TW-FM,xerox6_m_t10-w0,946615675,69166.062808,1435.196495,75.120000,result_seed3_4case.csv
xerox6_m,TW-FM,xerox6_m_t10-w0p02,946615675,66978.005346,1347.244937,75.640000,result_seed3_4case.csv
xerox6_m,TW-FM,xerox6_m_t10-w0p02,1056634028,86843.619410,1169.934426,77.230000,result_seed3_4case.csv
xerox6_m,TW-FM,xerox6_m_t10-w0p2,946615675,69408.053110,917.245718,81.170000,result_seed3_4case.csv
xerox6_m,TW-FM,xerox6_m_t10-w0p2,1486441653,56069.114420,995.683649,79.550000,result_seed3_4case.csv
xerox6_m,TW-FM,xerox6_m_t10-w2,946615675,62277.734032,948.610860,80.580000,result_seed3_4case.csv
xerox6_m,TW-FM,xerox6_m_t100-w0,946615675,65322.738572,1332.705886,76.450000,result_seed3_4case.csv
xerox6_m,TW-FM,xerox6_m_t100-w0,1056634028,85430.997840,1234.629128,76.940000,result_seed3_4case.csv
xerox6_m,TW-FM,xerox6_m_t100-w0p02,946615675,67995.419926,1343.201426,75.600000,result_seed3_4case.csv
xerox6_m,TW-FM,xerox6_m_t100-w0p2,946615675,57757.472954,1111.308717,78.590000,result_seed3_4case.csv
xerox6_m,TW-FM,xerox6_m_t100-w2,946615675,58570.187492,875.303706,81.500000,result_seed3_4case.csv
xerox6_m,TW-FM,xerox6_m_t100-w50,946615675,57658.885836,939.485525,81.590000,result_seed3_4case.csv
xerox6_m,TW-FM,xerox6_m_t3-w0,946615675,65479.332422,1378.344734,76.450000,result_seed3_4case.csv
xerox6_m,TW-FM,xerox6_m_t3-w0p02,946615675,62568.224118,1368.973913,76.490000,result_seed3_4case.csv
xerox6_m,TW-FM,xerox6_m_t3-w0p2,946615675,59303.365812,1099.954113,81.250000,result_seed3_4case.csv
xerox6_m,TW-FM,xerox6_m_t3-w0p2,1486441653,78078.739460,1019.270772,78.580000,result_seed3_4case.csv
xerox6_m,TW-FM,xerox6_m_t3-w2,946615675,54794.957540,875.308881,80.720000,result_seed3_4case.csv
xerox6_m,TW-FM,xerox6_m_t3-w50,946615675,119070.830810,1433.077554,75.630000,result_seed3_4case.csv
xerox6_m,TW-FM,xerox6_m_t3-w50,1056634028,41288.647344,994.567864,80.410000,result_seed3_4case.csv
xerox6_m,TW-FM,xerox6_m_t30-w0,946615675,65043.632634,1299.436335,76.410000,result_seed3_4case.csv
xerox6_m,TW-FM,xerox6_m_t30-w0p02,946615675,64408.713250,1335.491587,75.700000,result_seed3_4case.csv
xerox6_m,TW-FM,xerox6_m_t30-w0p2,946615675,71167.823986,958.694322,80.150000,result_seed3_4case.csv
xerox6_m,TW-FM,xerox6_m_t30-w2,946615675,51661.731194,1012.621452,81.270000,result_seed3_4case.csv
xerox7_m,ATPlace2.5D,xerox7_m_wl00,1,167259.004742,2115.933853,76.220000,AT/50set.csv
xerox7_m,ATPlace2.5D,xerox7_m_wl01,1,166201.848064,2113.627950,75.900000,AT/50set.csv
xerox7_m,ATPlace2.5D,xerox7_m_wl02,1,150516.563692,2115.933853,76.210000,AT/50set.csv
xerox7_m,ATPlace2.5D,xerox7_m_wl03,1,153666.610244,2115.938084,75.930000,AT/50set.csv
xerox7_m,ATPlace2.5D,xerox7_m_wl04,1,150131.746252,2115.933853,76.110000,AT/50set.csv
xerox7_m,ATPlace2.5D,xerox7_m_wl05,1,119775.528056,2115.937992,76.220000,AT/50set.csv
xerox7_m,ATPlace2.5D,xerox7_m_wl06,1,64237.355482,1850.840771,78.910000,AT/50set.csv
xerox7_m,ATPlace2.5D,xerox7_m_wl07,1,123093.878748,2077.583578,76.350000,AT/50set.csv
xerox7_m,ATPlace2.5D,xerox7_m_wl08,1,109128.131574,1974.224783,76.800000,AT/50set.csv
xerox7_m,ATPlace2.5D,xerox7_m_wl09,1,102814.038144,1972.540700,76.550000,AT/50set.csv
xerox7_m,ATPlace2.5D,xerox7_m_wl10,1,75991.717056,2092.514284,77.760000,AT/50set.csv
xerox7_m,ATPlace2.5D,xerox7_m_wl11,1,107818.466472,1975.035476,76.290000,AT/50set.csv
xerox7_m,ATPlace2.5D,xerox7_m_wl12,1,101923.077304,1998.321462,76.230000,AT/50set.csv
xerox7_m,ATPlace2.5D,xerox7_m_wl13,1,109243.310632,2034.295271,76.180000,AT/50set.csv
xerox7_m,ATPlace2.5D,xerox7_m_wl14,1,70885.243214,1990.718637,77.500000,AT/50set.csv
xerox7_m,ATPlace2.5D,xerox7_m_wl15,1,78544.577694,2005.355597,77.400000,AT/50set.csv
xerox7_m,ATPlace2.5D,xerox7_m_wl16,1,97705.704094,2023.602947,76.270000,AT/50set.csv
xerox7_m,ATPlace2.5D,xerox7_m_wl17,1,92719.654264,1916.005586,76.410000,AT/50set.csv
xerox7_m,ATPlace2.5D,xerox7_m_wl18,1,104552.023254,1964.658294,76.560000,AT/50set.csv
xerox7_m,ATPlace2.5D,xerox7_m_wl19,1,98659.819966,1950.386069,76.660000,AT/50set.csv
xerox7_m,ATPlace2.5D,xerox7_m_wl20,1,91073.865376,1984.765447,79.090000,AT/50set.csv
xerox7_m,ATPlace2.5D,xerox7_m_wl21,1,70257.807456,1958.761670,79.690000,AT/50set.csv
xerox7_m,ATPlace2.5D,xerox7_m_wl22,1,65310.379948,1909.089300,78.760000,AT/50set.csv
xerox7_m,ATPlace2.5D,xerox7_m_wl23,1,65954.413342,1902.525376,78.670000,AT/50set.csv
xerox7_m,ATPlace2.5D,xerox7_m_wl24,1,68728.629330,1903.057051,79.900000,AT/50set.csv
xerox7_m,ATPlace2.5D,xerox7_m_wl25,1,62260.544464,1713.799668,79.590000,AT/50set.csv
xerox7_m,ATPlace2.5D,xerox7_m_wl26,1,63491.963348,1875.950729,79.630000,AT/50set.csv
xerox7_m,ATPlace2.5D,xerox7_m_wl27,1,77857.705322,1866.711470,79.310000,AT/50set.csv
xerox7_m,ATPlace2.5D,xerox7_m_wl28,1,73097.713026,1978.678390,80.630000,AT/50set.csv
xerox7_m,ATPlace2.5D,xerox7_m_wl29,1,80841.772392,1822.145631,79.980000,AT/50set.csv
xerox7_m,ATPlace2.5D,xerox7_m_wl30,1,73570.166890,2026.266498,80.590000,AT/50set.csv
xerox7_m,ATPlace2.5D,xerox7_m_wl31,1,71315.392644,2057.560761,79.390000,AT/50set.csv
xerox7_m,ATPlace2.5D,xerox7_m_wl32,1,88272.936260,1948.552442,79.170000,AT/50set.csv
xerox7_m,ATPlace2.5D,xerox7_m_wl33,1,69133.861634,1898.097096,80.160000,AT/50set.csv
xerox7_m,ATPlace2.5D,xerox7_m_wl34,1,72403.347828,1934.746240,79.520000,AT/50set.csv
xerox7_m,ATPlace2.5D,xerox7_m_wl35,1,69352.070652,1819.591955,79.460000,AT/50set.csv
xerox7_m,ATPlace2.5D,xerox7_m_wl36,1,67412.786716,1913.560424,79.770000,AT/50set.csv
xerox7_m,ATPlace2.5D,xerox7_m_wl37,1,75321.268024,1810.759412,81.560000,AT/50set.csv
xerox7_m,ATPlace2.5D,xerox7_m_wl38,1,71623.042994,2049.864902,80.010000,AT/50set.csv
xerox7_m,ATPlace2.5D,xerox7_m_wl39,1,84505.787832,1957.391578,79.040000,AT/50set.csv
xerox7_m,ATPlace2.5D,xerox7_m_wl40,1,72810.588764,2006.473381,80.450000,AT/50set.csv
xerox7_m,ATPlace2.5D,xerox7_m_wl41,1,64616.114516,1857.663336,79.490000,AT/50set.csv
xerox7_m,ATPlace2.5D,xerox7_m_wl42,1,69328.158200,1902.733787,80.180000,AT/50set.csv
xerox7_m,ATPlace2.5D,xerox7_m_wl43,1,64019.718882,1820.338365,80.280000,AT/50set.csv
xerox7_m,ATPlace2.5D,xerox7_m_wl44,1,71881.675192,1980.900784,80.320000,AT/50set.csv
xerox7_m,ATPlace2.5D,xerox7_m_wl45,1,71822.554094,2025.873478,80.080000,AT/50set.csv
xerox7_m,ATPlace2.5D,xerox7_m_wl46,1,65971.952314,1841.052708,79.790000,AT/50set.csv
xerox7_m,ATPlace2.5D,xerox7_m_wl47,1,65447.325082,1921.192724,78.760000,AT/50set.csv
xerox7_m,ATPlace2.5D,xerox7_m_wl48,1,80490.778928,1832.023606,79.870000,AT/50set.csv
xerox7_m,ATPlace2.5D,xerox7_m_wl49,1,68304.134520,1942.505720,79.810000,AT/50set.csv
xerox7_m,RLPlanner,xerox7_m,0,82169.960000,1823.704200,80.010000,RL/result.csv
xerox7_m,RLPlanner,xerox7_m,1,90534.985000,1931.787900,78.650000,RL/result.csv
xerox7_m,RLPlanner,xerox7_m,2,74142.255000,1492.856675,81.140000,RL/result.csv
xerox7_m,RLPlanner,xerox7_m,3,70620.165000,1680.543375,79.020000,RL/result.csv
xerox7_m,RLPlanner,xerox7_m,4,70205.720000,1593.117225,80.800000,RL/result.csv
xerox7_m,MILP,xerox7_m,1,49029.635000,1426.956650,82.260000,ILP/result.csv
xerox7_m,TW-FM,xerox7_m_t0-w0,946615675,137484.934178,1794.972878,77.820000,result_seed3_4case.csv
xerox7_m,TW-FM,xerox7_m_t0-w0p02,946615675,123155.140684,1563.255988,80.330000,result_seed3_4case.csv
xerox7_m,TW-FM,xerox7_m_t0-w0p2,946615675,90006.661890,1481.997647,82.530000,result_seed3_4case.csv
xerox7_m,TW-FM,xerox7_m_t0-w2,946615675,90328.340820,1233.921440,81.000000,result_seed3_4case.csv
xerox7_m,TW-FM,xerox7_m_t0-w50,946615675,115515.154274,1512.997909,79.520000,result_seed3_4case.csv
xerox7_m,TW-FM,xerox7_m_t0p01-w0,946615675,142328.980472,1788.586308,78.010000,result_seed3_4case.csv
xerox7_m,TW-FM,xerox7_m_t0p01-w0p02,946615675,122925.465488,1584.533545,80.260000,result_seed3_4case.csv
xerox7_m,TW-FM,xerox7_m_t0p01-w0p2,946615675,98252.729938,1397.724442,79.850000,result_seed3_4case.csv
xerox7_m,TW-FM,xerox7_m_t0p01-w0p2,1486441653,132262.066822,1377.932837,78.600000,result_seed3_4case.csv
xerox7_m,TW-FM,xerox7_m_t0p01-w2,946615675,86462.406592,1276.963006,82.940000,result_seed3_4case.csv
xerox7_m,TW-FM,xerox7_m_t0p03-w0,946615675,134151.426804,1733.232601,78.110000,result_seed3_4case.csv
xerox7_m,TW-FM,xerox7_m_t0p03-w0p02,946615675,123376.404362,1576.358712,80.270000,result_seed3_4case.csv
xerox7_m,TW-FM,xerox7_m_t0p03-w0p2,946615675,148137.944152,1277.693708,82.390000,result_seed3_4case.csv
xerox7_m,TW-FM,xerox7_m_t0p03-w2,946615675,85370.468008,1302.121899,81.170000,result_seed3_4case.csv
xerox7_m,TW-FM,xerox7_m_t0p1-w0,946615675,141098.818028,1823.731919,77.880000,result_seed3_4case.csv
xerox7_m,TW-FM,xerox7_m_t0p1-w0p02,946615675,123314.246378,1590.707682,80.180000,result_seed3_4case.csv
xerox7_m,TW-FM,xerox7_m_t0p1-w0p2,946615675,121466.902820,1466.681381,79.670000,result_seed3_4case.csv
xerox7_m,TW-FM,xerox7_m_t0p1-w2,946615675,129154.169886,1334.758044,81.990000,result_seed3_4case.csv
xerox7_m,TW-FM,xerox7_m_t0p3-w0,946615675,154490.336810,1804.988583,77.960000,result_seed3_4case.csv
xerox7_m,TW-FM,xerox7_m_t0p3-w0p02,946615675,121128.023314,1615.487003,80.050000,result_seed3_4case.csv
xerox7_m,TW-FM,xerox7_m_t0p3-w0p2,946615675,134370.015542,1569.569143,81.610000,result_seed3_4case.csv
xerox7_m,TW-FM,xerox7_m_t0p3-w2,946615675,81362.873864,1340.310750,82.890000,result_seed3_4case.csv
xerox7_m,TW-FM,xerox7_m_t0p3-w50,946615675,165715.508226,1694.932973,81.110000,result_seed3_4case.csv
xerox7_m,TW-FM,xerox7_m_t0p3-w50,1056634028,114130.862874,1178.777936,81.640000,result_seed3_4case.csv
xerox7_m,TW-FM,xerox7_m_t1-w0,946615675,136056.457858,1875.157017,77.160000,result_seed3_4case.csv
xerox7_m,TW-FM,xerox7_m_t1-w0p02,946615675,120375.462184,1692.227807,79.050000,result_seed3_4case.csv
xerox7_m,TW-FM,xerox7_m_t1-w0p2,946615675,154704.475298,1473.718816,80.980000,result_seed3_4case.csv
xerox7_m,TW-FM,xerox7_m_t1-w2,946615675,118063.849988,1278.347355,79.960000,result_seed3_4case.csv
xerox7_m,TW-FM,xerox7_m_t10-w0,946615675,209253.403588,2086.981818,78.690000,result_seed3_4case.csv
xerox7_m,TW-FM,xerox7_m_t10-w0p02,946615675,173167.039662,1808.686713,79.390000,result_seed3_4case.csv
xerox7_m,TW-FM,xerox7_m_t10-w0p2,946615675,118635.659170,1531.197639,82.080000,result_seed3_4case.csv
xerox7_m,TW-FM,xerox7_m_t10-w2,946615675,122697.047222,1386.153952,81.420000,result_seed3_4case.csv
xerox7_m,TW-FM,xerox7_m_t10-w50,946615675,172865.971710,1411.681160,83.720000,result_seed3_4case.csv
xerox7_m,TW-FM,xerox7_m_t100-w0,946615675,161118.796472,1920.075775,78.410000,result_seed3_4case.csv
xerox7_m,TW-FM,xerox7_m_t100-w0p02,946615675,165680.336768,1922.617290,79.120000,result_seed3_4case.csv
xerox7_m,TW-FM,xerox7_m_t100-w0p2,946615675,106252.194056,1468.630381,81.060000,result_seed3_4case.csv
xerox7_m,TW-FM,xerox7_m_t100-w0p2,1486441653,127487.257148,1571.757636,77.620000,result_seed3_4case.csv
xerox7_m,TW-FM,xerox7_m_t100-w2,946615675,98346.430852,1311.866443,80.970000,result_seed3_4case.csv
xerox7_m,TW-FM,xerox7_m_t100-w50,946615675,88367.760860,1540.496746,79.130000,result_seed3_4case.csv
xerox7_m,TW-FM,xerox7_m_t3-w0,946615675,116717.979882,1748.468235,77.020000,result_seed3_4case.csv
xerox7_m,TW-FM,xerox7_m_t3-w0p02,946615675,117799.738276,1653.190131,78.200000,result_seed3_4case.csv
xerox7_m,TW-FM,xerox7_m_t3-w0p2,946615675,102747.183022,1406.801574,82.750000,result_seed3_4case.csv
xerox7_m,TW-FM,xerox7_m_t3-w2,946615675,95760.721256,1310.125138,83.710000,result_seed3_4case.csv
xerox7_m,TW-FM,xerox7_m_t3-w50,946615675,103306.241390,1228.798053,83.870000,result_seed3_4case.csv
xerox7_m,TW-FM,xerox7_m_t3-w50,1486441653,82039.528428,1460.117515,80.200000,result_seed3_4case.csv
xerox7_m,TW-FM,xerox7_m_t30-w0,946615675,165642.931512,2055.346325,77.670000,result_seed3_4case.csv
xerox7_m,TW-FM,xerox7_m_t30-w0p02,946615675,160908.497450,2035.615516,77.760000,result_seed3_4case.csv
xerox7_m,TW-FM,xerox7_m_t30-w0p2,946615675,132047.460188,1657.562071,80.930000,result_seed3_4case.csv
xerox7_m,TW-FM,xerox7_m_t30-w0p2,1056634028,111799.296034,1480.844704,78.170000,result_seed3_4case.csv
xerox7_m,TW-FM,xerox7_m_t30-w2,946615675,121196.033702,1243.199225,83.870000,result_seed3_4case.csv
xerox8_m,ATPlace2.5D,xerox8_m_wl00,1,209957.444904,2642.309737,75.860000,AT/50set.csv
xerox8_m,ATPlace2.5D,xerox8_m_wl01,1,211520.172230,2642.309737,75.430000,AT/50set.csv
xerox8_m,ATPlace2.5D,xerox8_m_wl02,1,209856.452116,2642.309737,75.400000,AT/50set.csv
xerox8_m,ATPlace2.5D,xerox8_m_wl03,1,209243.478390,2642.309737,75.960000,AT/50set.csv
xerox8_m,ATPlace2.5D,xerox8_m_wl04,1,205504.023538,2642.309737,76.010000,AT/50set.csv
xerox8_m,ATPlace2.5D,xerox8_m_wl05,1,193386.826558,2642.309737,76.060000,AT/50set.csv
xerox8_m,ATPlace2.5D,xerox8_m_wl06,1,171788.997210,2620.205143,75.970000,AT/50set.csv
xerox8_m,ATPlace2.5D,xerox8_m_wl07,1,165551.945490,2642.309737,76.180000,AT/50set.csv
xerox8_m,ATPlace2.5D,xerox8_m_wl08,1,149793.085170,2384.504867,76.470000,AT/50set.csv
xerox8_m,ATPlace2.5D,xerox8_m_wl09,1,158337.926926,2532.889371,75.480000,AT/50set.csv
xerox8_m,ATPlace2.5D,xerox8_m_wl10,1,132812.723148,2328.404969,76.340000,AT/50set.csv
xerox8_m,ATPlace2.5D,xerox8_m_wl11,1,129467.687716,2288.944915,76.540000,AT/50set.csv
xerox8_m,ATPlace2.5D,xerox8_m_wl12,1,123288.392504,2354.587770,76.660000,AT/50set.csv
xerox8_m,ATPlace2.5D,xerox8_m_wl13,1,121904.451660,2415.412402,76.740000,AT/50set.csv
xerox8_m,ATPlace2.5D,xerox8_m_wl14,1,127330.417202,2345.696773,77.110000,AT/50set.csv
xerox8_m,ATPlace2.5D,xerox8_m_wl15,1,121100.033608,2071.931306,77.680000,AT/50set.csv
xerox8_m,ATPlace2.5D,xerox8_m_wl16,1,117839.154734,2186.222749,78.310000,AT/50set.csv
xerox8_m,ATPlace2.5D,xerox8_m_wl17,1,112545.230520,2097.353053,78.980000,AT/50set.csv
xerox8_m,ATPlace2.5D,xerox8_m_wl18,1,107016.339446,2075.279720,79.410000,AT/50set.csv
xerox8_m,ATPlace2.5D,xerox8_m_wl19,1,108491.251332,2293.587440,80.380000,AT/50set.csv
xerox8_m,ATPlace2.5D,xerox8_m_wl20,1,109068.812608,1913.131581,79.540000,AT/50set.csv
xerox8_m,ATPlace2.5D,xerox8_m_wl21,1,105401.087392,1925.273503,81.090000,AT/50set.csv
xerox8_m,ATPlace2.5D,xerox8_m_wl22,1,103861.680030,1839.551907,80.920000,AT/50set.csv
xerox8_m,ATPlace2.5D,xerox8_m_wl23,1,106076.634176,1720.445282,81.460000,AT/50set.csv
xerox8_m,ATPlace2.5D,xerox8_m_wl24,1,104119.932022,1720.333831,81.490000,AT/50set.csv
xerox8_m,ATPlace2.5D,xerox8_m_wl25,1,100984.392496,1870.140683,80.720000,AT/50set.csv
xerox8_m,ATPlace2.5D,xerox8_m_wl26,1,101188.335462,1975.734880,81.130000,AT/50set.csv
xerox8_m,ATPlace2.5D,xerox8_m_wl27,1,99904.847860,1820.557023,81.060000,AT/50set.csv
xerox8_m,ATPlace2.5D,xerox8_m_wl28,1,100199.211914,2147.861138,81.550000,AT/50set.csv
xerox8_m,ATPlace2.5D,xerox8_m_wl29,1,99439.562142,1964.173928,81.610000,AT/50set.csv
xerox8_m,ATPlace2.5D,xerox8_m_wl30,1,99437.865440,1781.186757,81.330000,AT/50set.csv
xerox8_m,ATPlace2.5D,xerox8_m_wl31,1,117710.579718,2141.779653,79.490000,AT/50set.csv
xerox8_m,ATPlace2.5D,xerox8_m_wl32,1,102440.286290,1970.765526,81.100000,AT/50set.csv
xerox8_m,ATPlace2.5D,xerox8_m_wl33,1,103253.817392,1960.773064,83.220000,AT/50set.csv
xerox8_m,ATPlace2.5D,xerox8_m_wl34,1,100419.267388,1925.291818,82.320000,AT/50set.csv
xerox8_m,ATPlace2.5D,xerox8_m_wl35,1,99252.916876,1961.791353,82.260000,AT/50set.csv
xerox8_m,ATPlace2.5D,xerox8_m_wl36,1,108437.812948,1857.420122,81.620000,AT/50set.csv
xerox8_m,ATPlace2.5D,xerox8_m_wl37,1,108324.722960,1925.273697,80.790000,AT/50set.csv
xerox8_m,ATPlace2.5D,xerox8_m_wl38,1,97761.330024,1820.811075,81.620000,AT/50set.csv
xerox8_m,ATPlace2.5D,xerox8_m_wl39,1,106255.259548,2029.495600,81.780000,AT/50set.csv
xerox8_m,ATPlace2.5D,xerox8_m_wl40,1,106455.114726,1925.273503,81.600000,AT/50set.csv
xerox8_m,ATPlace2.5D,xerox8_m_wl41,1,107118.878812,1727.814531,82.370000,AT/50set.csv
xerox8_m,ATPlace2.5D,xerox8_m_wl42,1,98061.420384,2019.420969,82.560000,AT/50set.csv
xerox8_m,ATPlace2.5D,xerox8_m_wl43,1,105009.803888,1687.057558,82.810000,AT/50set.csv
xerox8_m,ATPlace2.5D,xerox8_m_wl44,1,97640.013848,1696.996534,82.400000,AT/50set.csv
xerox8_m,ATPlace2.5D,xerox8_m_wl45,1,108352.850158,1925.273600,81.620000,AT/50set.csv
xerox8_m,ATPlace2.5D,xerox8_m_wl46,1,104332.758460,1677.050514,82.890000,AT/50set.csv
xerox8_m,ATPlace2.5D,xerox8_m_wl47,1,104773.801764,1925.291769,83.060000,AT/50set.csv
xerox8_m,ATPlace2.5D,xerox8_m_wl48,1,97230.202208,1925.273600,82.710000,AT/50set.csv
xerox8_m,ATPlace2.5D,xerox8_m_wl49,1,115804.878296,1925.273737,80.260000,AT/50set.csv
xerox8_m,RLPlanner,xerox8_m,1,132309.201278,2374.788976,80.670000,RL/result.csv
xerox8_m,RLPlanner,xerox8_m,2,133598.687278,2115.100194,78.270000,RL/result.csv
xerox8_m,RLPlanner,xerox8_m,3,129662.198740,2372.627490,79.960000,RL/result.csv
xerox8_m,RLPlanner,xerox8_m,4,137843.566422,2134.243581,79.900000,RL/result.csv
xerox8_m,RLPlanner,xerox8_m,5,135141.645368,2054.699857,79.040000,RL/result.csv
xerox8_m,MILP,xerox8_m,1,96061.585000,1741.753800,85.660000,ILP/result.csv
xerox8_m,TW-FM,xerox8_m_thermal0_wirelength0,121,190336.193438,2223.571218,80.660000,result_seed121_7case.csv
xerox8_m,TW-FM,xerox8_m_thermal0_wirelength0p02,121,188112.679394,2085.632822,80.790000,result_seed121_7case.csv
xerox8_m,TW-FM,xerox8_m_thermal0_wirelength0p2,121,167980.209386,1788.991207,84.910000,result_seed121_7case.csv
xerox8_m,TW-FM,xerox8_m_thermal0p01_wirelength0,121,188775.294478,2185.651887,80.550000,result_seed121_7case.csv
xerox8_m,TW-FM,xerox8_m_thermal0p01_wirelength0p02,121,188308.480498,2090.042951,80.790000,result_seed121_7case.csv
xerox8_m,TW-FM,xerox8_m_thermal0p01_wirelength0p2,121,155282.088722,1911.826015,84.790000,result_seed121_7case.csv
xerox8_m,TW-FM,xerox8_m_thermal0p01_wirelength50,121,140703.983624,2434.002495,83.620000,result_seed121_7case.csv
xerox8_m,TW-FM,xerox8_m_thermal0p03_wirelength0,121,190240.132030,2222.373264,80.630000,result_seed121_7case.csv
xerox8_m,TW-FM,xerox8_m_thermal0p03_wirelength0p02,121,188027.868250,2088.113607,80.780000,result_seed121_7case.csv
xerox8_m,TW-FM,xerox8_m_thermal0p03_wirelength0p2,121,171545.475918,1836.665716,84.870000,result_seed121_7case.csv
xerox8_m,TW-FM,xerox8_m_thermal0p1_wirelength0,121,190601.784988,2213.580266,80.620000,result_seed121_7case.csv
xerox8_m,TW-FM,xerox8_m_thermal0p1_wirelength0p02,121,188395.271944,2093.064437,80.780000,result_seed121_7case.csv
xerox8_m,TW-FM,xerox8_m_thermal0p1_wirelength0p2,121,154502.928290,1913.071666,84.800000,result_seed121_7case.csv
xerox8_m,TW-FM,xerox8_m_thermal0p3_wirelength0,121,190909.863560,2231.003299,80.580000,result_seed121_7case.csv
xerox8_m,TW-FM,xerox8_m_thermal0p3_wirelength0p02,121,189062.232986,2104.482881,80.720000,result_seed121_7case.csv
xerox8_m,TW-FM,xerox8_m_thermal0p3_wirelength0p2,121,146835.400284,1910.668322,84.930000,result_seed121_7case.csv
xerox8_m,TW-FM,xerox8_m_thermal0p3_wirelength50,121,304563.091012,2529.128646,82.010000,result_seed121_7case.csv
xerox8_m,TW-FM,xerox8_m_thermal100_wirelength0,121,179400.511338,2540.060295,79.170000,result_seed121_7case.csv
xerox8_m,TW-FM,xerox8_m_thermal100_wirelength0p02,121,182907.123302,2569.793367,75.740000,result_seed121_7case.csv
xerox8_m,TW-FM,xerox8_m_thermal100_wirelength0p2,121,172716.958044,1958.200512,81.170000,result_seed121_7case.csv
xerox8_m,TW-FM,xerox8_m_thermal100_wirelength50,121,212539.283940,2357.807507,85.650000,result_seed121_7case.csv
xerox8_m,TW-FM,xerox8_m_thermal10_wirelength0,121,179944.752686,2450.381475,79.360000,result_seed121_7case.csv
xerox8_m,TW-FM,xerox8_m_thermal10_wirelength0p02,121,176177.413834,2403.259657,79.150000,result_seed121_7case.csv
xerox8_m,TW-FM,xerox8_m_thermal10_wirelength0p2,121,201725.975488,1773.518878,85.080000,result_seed121_7case.csv
xerox8_m,TW-FM,xerox8_m_thermal1_wirelength0,121,191929.754204,2181.707598,80.510000,result_seed121_7case.csv
xerox8_m,TW-FM,xerox8_m_thermal1_wirelength0p02,121,189008.485370,2086.099551,80.400000,result_seed121_7case.csv
xerox8_m,TW-FM,xerox8_m_thermal1_wirelength0p2,121,152455.383146,1706.112031,85.420000,result_seed121_7case.csv
xerox8_m,TW-FM,xerox8_m_thermal30_wirelength0,121,181581.097432,2579.181293,79.340000,result_seed121_7case.csv
xerox8_m,TW-FM,xerox8_m_thermal30_wirelength0p02,121,180739.605150,2586.448704,78.920000,result_seed121_7case.csv
xerox8_m,TW-FM,xerox8_m_thermal30_wirelength0p2,121,191648.378204,1875.225719,81.820000,result_seed121_7case.csv
xerox8_m,TW-FM,xerox8_m_thermal3_wirelength0,121,169493.328616,2279.845905,80.490000,result_seed121_7case.csv
xerox8_m,TW-FM,xerox8_m_thermal3_wirelength0p02,121,162966.165878,2208.874037,80.380000,result_seed121_7case.csv
xerox8_m,TW-FM,xerox8_m_thermal3_wirelength0p2,121,200576.362794,1977.840783,84.430000,result_seed121_7case.csv
xerox8_m,TW-FM,xerox8_m_t0p01-w2,946615675,151646.911404,1801.530561,81.860000,result_seed121_7case.csv
xerox8_m,TW-FM,xerox8_m_t0p01-w2,1056634028,155023.617066,1731.298066,81.310000,result_seed121_7case.csv
xerox8_m,TW-FM,xerox8_m_t0p01-w50,946615675,203422.390402,1752.845408,81.760000,result_seed121_7case.csv
xerox8_m,TW-FM,xerox8_m_t0p1-w50,946615675,179300.209288,1694.351535,78.960000,result_seed121_7case.csv
xerox8_m,TW-FM,xerox8_m_t0p1-w50,1486441653,192681.662240,1770.143450,79.680000,result_seed121_7case.csv
xerox8_m,TW-FM,xerox8_m_t0p3-w0p2,1056634028,206186.645026,1881.747912,79.060000,result_seed121_7case.csv
xerox8_m,TW-FM,xerox8_m_t0p3-w0p2,1486441653,171586.208672,1871.930429,80.790000,result_seed121_7case.csv
xerox8_m,TW-FM,xerox8_m_t10-w0p02,946615675,249482.008368,2607.850939,77.870000,result_seed121_7case.csv
xerox8_m,TW-FM,xerox8_m_t10-w0p02,1486441653,229088.403464,2143.088088,78.390000,result_seed121_7case.csv
xerox8_m,TW-FM,xerox8_m_t100-w0,1056634028,188398.992220,2146.743738,78.570000,result_seed121_7case.csv
xerox8_m,TW-FM,xerox8_m_t100-w0p02,946615675,217921.976476,2502.673199,77.950000,result_seed121_7case.csv
xerox8_m,TW-FM,xerox8_m_t100-w0p2,946615675,183572.392676,1964.876092,79.220000,result_seed121_7case.csv
xerox8_m,TW-FM,xerox8_m_t100-w50,946615675,153516.848746,2314.753313,79.590000,result_seed121_7case.csv
xerox8_m,TW-FM,xerox8_m_t3-w2,946615675,201033.365882,1906.738818,77.810000,result_seed121_7case.csv
xerox8_m,TW-FM,xerox8_m_t3-w2,1056634028,152902.556468,1718.642415,82.120000,result_seed121_7case.csv
xerox8_m,TW-FM,xerox8_m_t30-w0p02,1056634028,220818.744648,2299.310455,77.910000,result_seed121_7case.csv
xerox8_m,TW-FM,xerox8_m_t30-w50,1056634028,179866.721438,1766.116597,81.130000,result_seed121_7case.csv
