T = 1.0	 step = 1
74.20000000000005
10.084178799715907
[15.0, 15.0, 19.0, 11.0, 7.0, 9.0, 9.0, 3.0, 24.0, 14.0, 34.0, 12.0, 19.0, 17.0, 23.0, 3.0, 3.0, 3.0, 9.0, 3.0, 20.0, 13.0, 23.0, 13.0, 3.0, 2.0, 7.0, 2.0]
[11.0, 17.0, 7.0, 11.0, 21.0, 25.0, 3.0, 7.0, 4.0, 24.0, 6.0, 34.0, 19.0, 3.0, 11.0, 3.0, 13.0, 33.0, 17.0, 17.0, 23.0, 6.0, 14.0, 2.0, 20.0, 29.0, 8.0, 25.0]
[2.5, 2.5, 2.5, 2.5, 3.5, 2.5, 2.5, 2.5, 5.0, 5.0, 9.0, 9.0, 3.0, 3.0, 3.0, 3.0, 3.0, 3.0, 3.0, 3.0, 1.2, 1.9999999999999998, 1.9999999999999998, 1.9999999999999998, 1.9999999999999998, 1.2, 1.9999999999999998, 1.2]
[3.5, 3.5, 3.5, 3.5, 2.5, 3.5, 3.5, 3.5, 5.0, 5.0, 9.0, 9.0, 1.9999999999999998, 1.9999999999999998, 1.9999999999999998, 1.9999999999999998, 1.9999999999999998, 1.9999999999999998, 1.9999999999999998, 1.9999999999999998, 1.9999999999999998, 1.2, 1.2, 1.2, 1.2, 1.9999999999999998, 1.2, 1.9999999999999998]
T = 1.0	 step = 2
74.19
10.07236594460227
[15.0, 15.0, 19.0, 11.0, 7.0, 9.0, 9.0, 3.0, 24.0, 14.0, 34.0, 12.0, 19.0, 17.0, 23.0, 3.0, 3.0, 3.0, 8.0, 3.0, 20.0, 13.0, 23.0, 13.0, 3.0, 2.0, 7.0, 2.0]
[11.0, 17.0, 7.0, 11.0, 21.0, 25.0, 3.0, 7.0, 4.0, 24.0, 6.0, 34.0, 19.0, 3.0, 11.0, 3.0, 13.0, 33.0, 17.0, 17.0, 23.0, 6.0, 14.0, 2.0, 20.0, 29.0, 8.0, 25.0]
[2.5, 2.5, 2.5, 2.5, 3.5, 2.5, 2.5, 2.5, 5.0, 5.0, 9.0, 9.0, 3.0, 3.0, 3.0, 3.0, 3.0, 3.0, 3.0, 3.0, 1.2, 1.9999999999999998, 1.9999999999999998, 1.9999999999999998, 1.9999999999999998, 1.2, 1.9999999999999998, 1.2]
[3.5, 3.5, 3.5, 3.5, 2.5, 3.5, 3.5, 3.5, 5.0, 5.0, 9.0, 9.0, 1.9999999999999998, 1.9999999999999998, 1.9999999999999998, 1.9999999999999998, 1.9999999999999998, 1.9999999999999998, 1.9999999999999998, 1.9999999999999998, 1.9999999999999998, 1.2, 1.2, 1.2, 1.2, 1.9999999999999998, 1.2, 1.9999999999999998]
T = 1.0	 step = 3
74.23000000000002
10.05674094460227
[15.0, 15.0, 19.0, 11.0, 7.0, 9.0, 9.0, 3.0, 24.0, 14.0, 34.0, 12.0, 19.0, 17.0, 23.0, 3.0, 3.0, 3.0, 8.0, 3.0, 20.0, 13.0, 23.0, 13.0, 3.0, 2.0, 7.0, 2.0]
[11.0, 17.0, 7.0, 12.0, 21.0, 25.0, 3.0, 7.0, 4.0, 24.0, 6.0, 34.0, 19.0, 3.0, 11.0, 3.0, 13.0, 33.0, 17.0, 17.0, 23.0, 6.0, 14.0, 2.0, 20.0, 29.0, 8.0, 25.0]
[2.5, 2.5, 2.5, 2.5, 3.5, 2.5, 2.5, 2.5, 5.0, 5.0, 9.0, 9.0, 3.0, 3.0, 3.0, 3.0, 3.0, 3.0, 3.0, 3.0, 1.2, 1.9999999999999998, 1.9999999999999998, 1.9999999999999998, 1.9999999999999998, 1.2, 1.9999999999999998, 1.2]
[3.5, 3.5, 3.5, 3.5, 2.5, 3.5, 3.5, 3.5, 5.0, 5.0, 9.0, 9.0, 1.9999999999999998, 1.9999999999999998, 1.9999999999999998, 1.9999999999999998, 1.9999999999999998, 1.9999999999999998, 1.9999999999999998, 1.9999999999999998, 1.9999999999999998, 1.2, 1.2, 1.2, 1.2, 1.9999999999999998, 1.2, 1.9999999999999998]
T = 1.0	 step = 4
74.23000000000002
10.08799094460227
[15.0, 15.0, 19.0, 11.0, 7.0, 9.0, 9.0, 3.0, 24.0, 14.0, 34.0, 12.0, 19.0, 17.0, 23.0, 3.0, 3.0, 3.0, 8.0, 3.0, 20.0, 13.0, 23.0, 13.0, 3.0, 2.0, 7.0, 2.0]
[11.0, 17.0, 7.0, 12.0, 21.0, 25.0, 3.0, 7.0, 4.0, 24.0, 6.0, 34.0, 19.0, 3.0, 11.0, 3.0, 13.0, 34.0, 17.0, 17.0, 23.0, 6.0, 14.0, 2.0, 20.0, 29.0, 8.0, 25.0]
[2.5, 2.5, 2.5, 2.5, 3.5, 2.5, 2.5, 2.5, 5.0, 5.0, 9.0, 9.0, 3.0, 3.0, 3.0, 3.0, 3.0, 3.0, 3.0, 3.0, 1.2, 1.9999999999999998, 1.9999999999999998, 1.9999999999999998, 1.9999999999999998, 1.2, 1.9999999999999998, 1.2]
[3.5, 3.5, 3.5, 3.5, 2.5, 3.5, 3.5, 3.5, 5.0, 5.0, 9.0, 9.0, 1.9999999999999998, 1.9999999999999998, 1.9999999999999998, 1.9999999999999998, 1.9999999999999998, 1.9999999999999998, 1.9999999999999998, 1.9999999999999998, 1.9999999999999998, 1.2, 1.2, 1.2, 1.2, 1.9999999999999998, 1.2, 1.9999999999999998]
T = 1.0	 step = 5
74.24000000000001
10.063403764204544
[15.0, 15.0, 19.0, 11.0, 7.0, 9.0, 9.0, 3.0, 24.0, 14.0, 34.0, 12.0, 19.0, 17.0, 23.0, 3.0, 3.0, 3.0, 8.0, 3.0, 20.0, 13.0, 22.0, 13.0, 3.0, 2.0, 7.0, 2.0]
[11.0, 17.0, 7.0, 12.0, 21.0, 25.0, 3.0, 7.0, 4.0, 24.0, 6.0, 34.0, 19.0, 3.0, 11.0, 3.0, 13.0, 33.0, 17.0, 17.0, 23.0, 6.0, 14.0, 2.0, 20.0, 29.0, 8.0, 25.0]
[2.5, 2.5, 2.5, 2.5, 3.5, 2.5, 2.5, 2.5, 5.0, 5.0, 9.0, 9.0, 3.0, 3.0, 3.0, 3.0, 3.0, 3.0, 3.0, 3.0, 1.2, 1.9999999999999998, 1.9999999999999998, 1.9999999999999998, 1.9999999999999998, 1.2, 1.9999999999999998, 1.2]
[3.5, 3.5, 3.5, 3.5, 2.5, 3.5, 3.5, 3.5, 5.0, 5.0, 9.0, 9.0, 1.9999999999999998, 1.9999999999999998, 1.9999999999999998, 1.9999999999999998, 1.9999999999999998, 1.9999999999999998, 1.9999999999999998, 1.9999999999999998, 1.9999999999999998, 1.2, 1.2, 1.2, 1.2, 1.9999999999999998, 1.2, 1.9999999999999998]
T = 1.0	 step = 6
74.22000000000003
10.141060901988636
[15.0, 15.0, 19.0, 11.0, 7.0, 9.0, 9.0, 3.0, 24.0, 14.0, 34.0, 12.0, 19.0, 17.0, 23.0, 3.0, 3.0, 3.0, 8.0, 3.0, 20.0, 13.0, 22.0, 13.0, 3.0, 2.0, 7.0, 2.0]
[11.0, 17.0, 7.0, 12.0, 21.0, 26.0, 3.0, 7.0, 4.0, 24.0, 6.0, 34.0, 19.0, 3.0, 11.0, 3.0, 13.0, 33.0, 17.0, 17.0, 23.0, 6.0, 14.0, 2.0, 20.0, 29.0, 8.0, 25.0]
[2.5, 2.5, 2.5, 2.5, 3.5, 2.5, 2.5, 2.5, 5.0, 5.0, 9.0, 9.0, 3.0, 3.0, 3.0, 3.0, 3.0, 3.0, 3.0, 3.0, 1.2, 1.9999999999999998, 1.9999999999999998, 1.9999999999999998, 1.9999999999999998, 1.2, 1.9999999999999998, 1.2]
[3.5, 3.5, 3.5, 3.5, 2.5, 3.5, 3.5, 3.5, 5.0, 5.0, 9.0, 9.0, 1.9999999999999998, 1.9999999999999998, 1.9999999999999998, 1.9999999999999998, 1.9999999999999998, 1.9999999999999998, 1.9999999999999998, 1.9999999999999998, 1.9999999999999998, 1.2, 1.2, 1.2, 1.2, 1.9999999999999998, 1.2, 1.9999999999999998]
T = 1.0	 step = 7
74.21000000000004
10.172310901988636
[15.0, 15.0, 19.0, 11.0, 7.0, 9.0, 9.0, 3.0, 24.0, 14.0, 34.0, 12.0, 19.0, 17.0, 23.0, 3.0, 3.0, 3.0, 8.0, 3.0, 20.0, 13.0, 22.0, 13.0, 3.0, 2.0, 7.0, 2.0]
[11.0, 17.0, 7.0, 12.0, 21.0, 26.0, 3.0, 7.0, 4.0, 24.0, 6.0, 34.0, 19.0, 2.0, 11.0, 3.0, 13.0, 33.0, 17.0, 17.0, 23.0, 6.0, 14.0, 2.0, 20.0, 29.0, 8.0, 25.0]
[2.5, 2.5, 2.5, 2.5, 3.5, 2.5, 2.5, 2.5, 5.0, 5.0, 9.0, 9.0, 3.0, 3.0, 3.0, 3.0, 3.0, 3.0, 3.0, 3.0, 1.2, 1.9999999999999998, 1.9999999999999998, 1.9999999999999998, 1.9999999999999998, 1.2, 1.9999999999999998, 1.2]
[3.5, 3.5, 3.5, 3.5, 2.5, 3.5, 3.5, 3.5, 5.0, 5.0, 9.0, 9.0, 1.9999999999999998, 1.9999999999999998, 1.9999999999999998, 1.9999999999999998, 1.9999999999999998, 1.9999999999999998, 1.9999999999999998, 1.9999999999999998, 1.9999999999999998, 1.2, 1.2, 1.2, 1.2, 1.9999999999999998, 1.2, 1.9999999999999998]
T = 1.0	 step = 8
74.22000000000003
10.141060901988634
[15.0, 15.0, 19.0, 11.0, 7.0, 9.0, 9.0, 3.0, 24.0, 14.0, 34.0, 12.0, 19.0, 17.0, 23.0, 3.0, 3.0, 3.0, 8.0, 3.0, 20.0, 13.0, 22.0, 13.0, 3.0, 2.0, 7.0, 2.0]
[11.0, 17.0, 7.0, 12.0, 21.0, 26.0, 3.0, 7.0, 4.0, 24.0, 6.0, 34.0, 19.0, 2.0, 11.0, 3.0, 14.0, 33.0, 17.0, 17.0, 23.0, 6.0, 14.0, 2.0, 20.0, 29.0, 8.0, 25.0]
[2.5, 2.5, 2.5, 2.5, 3.5, 2.5, 2.5, 2.5, 5.0, 5.0, 9.0, 9.0, 3.0, 3.0, 3.0, 3.0, 3.0, 3.0, 3.0, 3.0, 1.2, 1.9999999999999998, 1.9999999999999998, 1.9999999999999998, 1.9999999999999998, 1.2, 1.9999999999999998, 1.2]
[3.5, 3.5, 3.5, 3.5, 2.5, 3.5, 3.5, 3.5, 5.0, 5.0, 9.0, 9.0, 1.9999999999999998, 1.9999999999999998, 1.9999999999999998, 1.9999999999999998, 1.9999999999999998, 1.9999999999999998, 1.9999999999999998, 1.9999999999999998, 1.9999999999999998, 1.2, 1.2, 1.2, 1.2, 1.9999999999999998, 1.2, 1.9999999999999998]
T = 1.0	 step = 9
74.20000000000005
10.156792436079543
[15.0, 15.0, 19.0, 11.0, 7.0, 9.0, 9.0, 3.0, 24.0, 14.0, 34.0, 12.0, 20.0, 17.0, 23.0, 3.0, 3.0, 3.0, 8.0, 3.0, 20.0, 13.0, 22.0, 13.0, 3.0, 2.0, 7.0, 2.0]
[11.0, 17.0, 7.0, 12.0, 21.0, 26.0, 3.0, 7.0, 4.0, 24.0, 6.0, 34.0, 19.0, 2.0, 11.0, 3.0, 14.0, 33.0, 17.0, 17.0, 23.0, 6.0, 14.0, 2.0, 20.0, 29.0, 8.0, 25.0]
[2.5, 2.5, 2.5, 2.5, 3.5, 2.5, 2.5, 2.5, 5.0, 5.0, 9.0, 9.0, 3.0, 3.0, 3.0, 3.0, 3.0, 3.0, 3.0, 3.0, 1.2, 1.9999999999999998, 1.9999999999999998, 1.9999999999999998, 1.9999999999999998, 1.2, 1.9999999999999998, 1.2]
[3.5, 3.5, 3.5, 3.5, 2.5, 3.5, 3.5, 3.5, 5.0, 5.0, 9.0, 9.0, 1.9999999999999998, 1.9999999999999998, 1.9999999999999998, 1.9999999999999998, 1.9999999999999998, 1.9999999999999998, 1.9999999999999998, 1.9999999999999998, 1.9999999999999998, 1.2, 1.2, 1.2, 1.2, 1.9999999999999998, 1.2, 1.9999999999999998]
T = 1.0	 step = 10
74.21000000000004
10.156685901988634
[15.0, 15.0, 19.0, 11.0, 7.0, 9.0, 9.0, 3.0, 24.0, 14.0, 34.0, 12.0, 19.0, 17.0, 23.0, 3.0, 3.0, 3.0, 8.0, 3.0, 20.0, 13.0, 22.0, 13.0, 3.0, 2.0, 7.0, 2.0]
[11.0, 17.0, 7.0, 12.0, 21.0, 26.0, 3.0, 7.0, 4.0, 24.0, 6.0, 34.0, 19.0, 2.0, 11.0, 3.0, 14.0, 33.0, 17.0, 17.0, 23.0, 6.0, 14.0, 2.0, 20.0, 29.0, 7.0, 25.0]
[2.5, 2.5, 2.5, 2.5, 3.5, 2.5, 2.5, 2.5, 5.0, 5.0, 9.0, 9.0, 3.0, 3.0, 3.0, 3.0, 3.0, 3.0, 3.0, 3.0, 1.2, 1.9999999999999998, 1.9999999999999998, 1.9999999999999998, 1.9999999999999998, 1.2, 1.9999999999999998, 1.2]
[3.5, 3.5, 3.5, 3.5, 2.5, 3.5, 3.5, 3.5, 5.0, 5.0, 9.0, 9.0, 1.9999999999999998, 1.9999999999999998, 1.9999999999999998, 1.9999999999999998, 1.9999999999999998, 1.9999999999999998, 1.9999999999999998, 1.9999999999999998, 1.9999999999999998, 1.2, 1.2, 1.2, 1.2, 1.9999999999999998, 1.2, 1.9999999999999998]
T = 1.0	 step = 11
74.25
10.203560901988634
[15.0, 15.0, 19.0, 11.0, 7.0, 9.0, 9.0, 3.0, 24.0, 14.0, 34.0, 12.0, 19.0, 17.0, 23.0, 3.0, 3.0, 3.0, 8.0, 3.0, 20.0, 13.0, 22.0, 13.0, 3.0, 2.0, 7.0, 2.0]
[11.0, 17.0, 7.0, 12.0, 22.0, 26.0, 3.0, 7.0, 4.0, 24.0, 6.0, 34.0, 19.0, 2.0, 11.0, 3.0, 14.0, 33.0, 17.0, 17.0, 23.0, 6.0, 14.0, 2.0, 20.0, 29.0, 7.0, 25.0]
[2.5, 2.5, 2.5, 2.5, 3.5, 2.5, 2.5, 2.5, 5.0, 5.0, 9.0, 9.0, 3.0, 3.0, 3.0, 3.0, 3.0, 3.0, 3.0, 3.0, 1.2, 1.9999999999999998, 1.9999999999999998, 1.9999999999999998, 1.9999999999999998, 1.2, 1.9999999999999998, 1.2]
[3.5, 3.5, 3.5, 3.5, 2.5, 3.5, 3.5, 3.5, 5.0, 5.0, 9.0, 9.0, 1.9999999999999998, 1.9999999999999998, 1.9999999999999998, 1.9999999999999998, 1.9999999999999998, 1.9999999999999998, 1.9999999999999998, 1.9999999999999998, 1.9999999999999998, 1.2, 1.2, 1.2, 1.2, 1.9999999999999998, 1.2, 1.9999999999999998]
T = 1.0	 step = 12
74.15000000000003
10.329976917613635
[15.0, 15.0, 19.0, 11.0, 7.0, 9.0, 9.0, 3.0, 24.0, 15.0, 34.0, 12.0, 19.0, 17.0, 23.0, 3.0, 3.0, 3.0, 8.0, 3.0, 20.0, 13.0, 22.0, 13.0, 3.0, 2.0, 7.0, 2.0]
[11.0, 17.0, 7.0, 12.0, 22.0, 26.0, 3.0, 7.0, 4.0, 24.0, 6.0, 34.0, 19.0, 2.0, 11.0, 3.0, 14.0, 33.0, 17.0, 17.0, 23.0, 6.0, 14.0, 2.0, 20.0, 29.0, 7.0, 25.0]
[2.5, 2.5, 2.5, 2.5, 3.5, 2.5, 2.5, 2.5, 5.0, 5.0, 9.0, 9.0, 3.0, 3.0, 3.0, 3.0, 3.0, 3.0, 3.0, 3.0, 1.2, 1.9999999999999998, 1.9999999999999998, 1.9999999999999998, 1.9999999999999998, 1.2, 1.9999999999999998, 1.2]
[3.5, 3.5, 3.5, 3.5, 2.5, 3.5, 3.5, 3.5, 5.0, 5.0, 9.0, 9.0, 1.9999999999999998, 1.9999999999999998, 1.9999999999999998, 1.9999999999999998, 1.9999999999999998, 1.9999999999999998, 1.9999999999999998, 1.9999999999999998, 1.9999999999999998, 1.2, 1.2, 1.2, 1.2, 1.9999999999999998, 1.2, 1.9999999999999998]
T = 1.0	 step = 13
74.12
10.376851917613635
[15.0, 15.0, 19.0, 11.0, 7.0, 9.0, 9.0, 3.0, 24.0, 15.0, 34.0, 12.0, 19.0, 17.0, 23.0, 3.0, 3.0, 3.0, 8.0, 3.0, 20.0, 13.0, 22.0, 13.0, 3.0, 2.0, 7.0, 2.0]
[11.0, 17.0, 6.0, 12.0, 22.0, 26.0, 3.0, 7.0, 4.0, 24.0, 6.0, 34.0, 19.0, 2.0, 11.0, 3.0, 14.0, 33.0, 17.0, 17.0, 23.0, 6.0, 14.0, 2.0, 20.0, 29.0, 7.0, 25.0]
[2.5, 2.5, 2.5, 2.5, 3.5, 2.5, 2.5, 2.5, 5.0, 5.0, 9.0, 9.0, 3.0, 3.0, 3.0, 3.0, 3.0, 3.0, 3.0, 3.0, 1.2, 1.9999999999999998, 1.9999999999999998, 1.9999999999999998, 1.9999999999999998, 1.2, 1.9999999999999998, 1.2]
[3.5, 3.5, 3.5, 3.5, 2.5, 3.5, 3.5, 3.5, 5.0, 5.0, 9.0, 9.0, 1.9999999999999998, 1.9999999999999998, 1.9999999999999998, 1.9999999999999998, 1.9999999999999998, 1.9999999999999998, 1.9999999999999998, 1.9999999999999998, 1.9999999999999998, 1.2, 1.2, 1.2, 1.2, 1.9999999999999998, 1.2, 1.9999999999999998]
T = 1.0	 step = 14
74.15000000000003
10.354694602272726
[15.0, 15.0, 19.0, 11.0, 7.0, 9.0, 8.0, 3.0, 24.0, 15.0, 34.0, 12.0, 19.0, 17.0, 23.0, 3.0, 3.0, 3.0, 8.0, 3.0, 20.0, 13.0, 22.0, 13.0, 3.0, 2.0, 7.0, 2.0]
[11.0, 17.0, 7.0, 12.0, 22.0, 26.0, 3.0, 7.0, 4.0, 24.0, 6.0, 34.0, 19.0, 2.0, 11.0, 3.0, 14.0, 33.0, 17.0, 17.0, 23.0, 6.0, 14.0, 2.0, 20.0, 29.0, 7.0, 25.0]
[2.5, 2.5, 2.5, 2.5, 3.5, 2.5, 2.5, 2.5, 5.0, 5.0, 9.0, 9.0, 3.0, 3.0, 3.0, 3.0, 3.0, 3.0, 3.0, 3.0, 1.2, 1.9999999999999998, 1.9999999999999998, 1.9999999999999998, 1.9999999999999998, 1.2, 1.9999999999999998, 1.2]
[3.5, 3.5, 3.5, 3.5, 2.5, 3.5, 3.5, 3.5, 5.0, 5.0, 9.0, 9.0, 1.9999999999999998, 1.9999999999999998, 1.9999999999999998, 1.9999999999999998, 1.9999999999999998, 1.9999999999999998, 1.9999999999999998, 1.9999999999999998, 1.9999999999999998, 1.2, 1.2, 1.2, 1.2, 1.9999999999999998, 1.2, 1.9999999999999998]
T = 1.0	 step = 15
74.15000000000003
10.354694602272724
[15.0, 15.0, 19.0, 11.0, 7.0, 9.0, 8.0, 3.0, 25.0, 15.0, 34.0, 12.0, 19.0, 17.0, 23.0, 3.0, 3.0, 3.0, 8.0, 3.0, 20.0, 13.0, 22.0, 13.0, 3.0, 2.0, 7.0, 2.0]
[11.0, 17.0, 7.0, 12.0, 22.0, 26.0, 3.0, 7.0, 4.0, 24.0, 6.0, 34.0, 19.0, 2.0, 11.0, 3.0, 14.0, 33.0, 17.0, 17.0, 23.0, 6.0, 14.0, 2.0, 20.0, 29.0, 7.0, 25.0]
[2.5, 2.5, 2.5, 2.5, 3.5, 2.5, 2.5, 2.5, 5.0, 5.0, 9.0, 9.0, 3.0, 3.0, 3.0, 3.0, 3.0, 3.0, 3.0, 3.0, 1.2, 1.9999999999999998, 1.9999999999999998, 1.9999999999999998, 1.9999999999999998, 1.2, 1.9999999999999998, 1.2]
[3.5, 3.5, 3.5, 3.5, 2.5, 3.5, 3.5, 3.5, 5.0, 5.0, 9.0, 9.0, 1.9999999999999998, 1.9999999999999998, 1.9999999999999998, 1.9999999999999998, 1.9999999999999998, 1.9999999999999998, 1.9999999999999998, 1.9999999999999998, 1.9999999999999998, 1.2, 1.2, 1.2, 1.2, 1.9999999999999998, 1.2, 1.9999999999999998]
T = 1.0	 step = 16
74.11000000000001
11.088327414772724
[15.0, 15.0, 19.0, 11.0, 7.0, 9.0, 8.0, 3.0, 25.0, 15.0, 34.0, 12.0, 19.0, 17.0, 23.0, 3.0, 3.0, 30.0, 8.0, 3.0, 20.0, 13.0, 22.0, 13.0, 3.0, 2.0, 7.0, 2.0]
[11.0, 17.0, 7.0, 12.0, 22.0, 26.0, 3.0, 7.0, 4.0, 24.0, 6.0, 34.0, 19.0, 2.0, 11.0, 3.0, 14.0, 35.0, 17.0, 17.0, 23.0, 6.0, 14.0, 2.0, 20.0, 29.0, 7.0, 25.0]
[2.5, 2.5, 2.5, 2.5, 3.5, 2.5, 2.5, 2.5, 5.0, 5.0, 9.0, 9.0, 3.0, 3.0, 3.0, 3.0, 3.0, 1.9999999999999998, 3.0, 3.0, 1.2, 1.9999999999999998, 1.9999999999999998, 1.9999999999999998, 1.9999999999999998, 1.2, 1.9999999999999998, 1.2]
[3.5, 3.5, 3.5, 3.5, 2.5, 3.5, 3.5, 3.5, 5.0, 5.0, 9.0, 9.0, 1.9999999999999998, 1.9999999999999998, 1.9999999999999998, 1.9999999999999998, 1.9999999999999998, 3.0, 1.9999999999999998, 1.9999999999999998, 1.9999999999999998, 1.2, 1.2, 1.2, 1.2, 1.9999999999999998, 1.2, 1.9999999999999998]
T = 1.0	 step = 17
74.15000000000003
10.269042080965908
[15.0, 15.0, 19.0, 11.0, 7.0, 9.0, 8.0, 4.0, 25.0, 15.0, 34.0, 12.0, 19.0, 17.0, 23.0, 3.0, 3.0, 3.0, 8.0, 3.0, 20.0, 13.0, 22.0, 13.0, 3.0, 2.0, 7.0, 2.0]
[11.0, 17.0, 7.0, 12.0, 22.0, 26.0, 3.0, 7.0, 4.0, 24.0, 6.0, 34.0, 19.0, 2.0, 11.0, 3.0, 14.0, 33.0, 17.0, 17.0, 23.0, 6.0, 14.0, 2.0, 20.0, 29.0, 7.0, 25.0]
[2.5, 2.5, 2.5, 2.5, 3.5, 2.5, 2.5, 2.5, 5.0, 5.0, 9.0, 9.0, 3.0, 3.0, 3.0, 3.0, 3.0, 3.0, 3.0, 3.0, 1.2, 1.9999999999999998, 1.9999999999999998, 1.9999999999999998, 1.9999999999999998, 1.2, 1.9999999999999998, 1.2]
[3.5, 3.5, 3.5, 3.5, 2.5, 3.5, 3.5, 3.5, 5.0, 5.0, 9.0, 9.0, 1.9999999999999998, 1.9999999999999998, 1.9999999999999998, 1.9999999999999998, 1.9999999999999998, 1.9999999999999998, 1.9999999999999998, 1.9999999999999998, 1.9999999999999998, 1.2, 1.2, 1.2, 1.2, 1.9999999999999998, 1.2, 1.9999999999999998]
T = 1.0	 step = 18
74.18
10.222167080965908
[15.0, 15.0, 19.0, 11.0, 7.0, 9.0, 8.0, 4.0, 25.0, 15.0, 34.0, 12.0, 19.0, 17.0, 23.0, 3.0, 3.0, 3.0, 8.0, 3.0, 20.0, 13.0, 22.0, 13.0, 3.0, 2.0, 7.0, 2.0]
[11.0, 17.0, 7.0, 12.0, 22.0, 26.0, 3.0, 8.0, 4.0, 24.0, 6.0, 34.0, 19.0, 2.0, 11.0, 3.0, 14.0, 33.0, 17.0, 17.0, 23.0, 6.0, 14.0, 2.0, 20.0, 29.0, 7.0, 25.0]
[2.5, 2.5, 2.5, 2.5, 3.5, 2.5, 2.5, 2.5, 5.0, 5.0, 9.0, 9.0, 3.0, 3.0, 3.0, 3.0, 3.0, 3.0, 3.0, 3.0, 1.2, 1.9999999999999998, 1.9999999999999998, 1.9999999999999998, 1.9999999999999998, 1.2, 1.9999999999999998, 1.2]
[3.5, 3.5, 3.5, 3.5, 2.5, 3.5, 3.5, 3.5, 5.0, 5.0, 9.0, 9.0, 1.9999999999999998, 1.9999999999999998, 1.9999999999999998, 1.9999999999999998, 1.9999999999999998, 1.9999999999999998, 1.9999999999999998, 1.9999999999999998, 1.9999999999999998, 1.2, 1.2, 1.2, 1.2, 1.9999999999999998, 1.2, 1.9999999999999998]
T = 1.0	 step = 19
74.27000000000004
10.095751065340908
[15.0, 15.0, 19.0, 11.0, 7.0, 9.0, 8.0, 4.0, 25.0, 14.0, 34.0, 12.0, 19.0, 17.0, 23.0, 3.0, 3.0, 3.0, 8.0, 3.0, 20.0, 13.0, 22.0, 13.0, 3.0, 2.0, 7.0, 2.0]
[11.0, 17.0, 7.0, 12.0, 22.0, 26.0, 3.0, 8.0, 4.0, 24.0, 6.0, 34.0, 19.0, 2.0, 11.0, 3.0, 14.0, 33.0, 17.0, 17.0, 23.0, 6.0, 14.0, 2.0, 20.0, 29.0, 7.0, 25.0]
[2.5, 2.5, 2.5, 2.5, 3.5, 2.5, 2.5, 2.5, 5.0, 5.0, 9.0, 9.0, 3.0, 3.0, 3.0, 3.0, 3.0, 3.0, 3.0, 3.0, 1.2, 1.9999999999999998, 1.9999999999999998, 1.9999999999999998, 1.9999999999999998, 1.2, 1.9999999999999998, 1.2]
[3.5, 3.5, 3.5, 3.5, 2.5, 3.5, 3.5, 3.5, 5.0, 5.0, 9.0, 9.0, 1.9999999999999998, 1.9999999999999998, 1.9999999999999998, 1.9999999999999998, 1.9999999999999998, 1.9999999999999998, 1.9999999999999998, 1.9999999999999998, 1.9999999999999998, 1.2, 1.2, 1.2, 1.2, 1.9999999999999998, 1.2, 1.9999999999999998]
T = 1.0	 step = 20
74.31
10.75475674715909
[15.0, 15.0, 19.0, 11.0, 7.0, 9.0, 8.0, 4.0, 25.0, 14.0, 34.0, 12.0, 19.0, 17.0, 23.0, 3.0, 3.0, 3.0, 8.0, 3.0, 20.0, 13.0, 22.0, 31.0, 3.0, 2.0, 7.0, 2.0]
[11.0, 17.0, 7.0, 12.0, 22.0, 26.0, 3.0, 8.0, 4.0, 24.0, 6.0, 34.0, 19.0, 2.0, 11.0, 3.0, 14.0, 33.0, 17.0, 17.0, 23.0, 6.0, 14.0, 27.0, 20.0, 29.0, 7.0, 25.0]
[2.5, 2.5, 2.5, 2.5, 3.5, 2.5, 2.5, 2.5, 5.0, 5.0, 9.0, 9.0, 3.0, 3.0, 3.0, 3.0, 3.0, 3.0, 3.0, 3.0, 1.2, 1.9999999999999998, 1.9999999999999998, 1.2, 1.9999999999999998, 1.2, 1.9999999999999998, 1.2]
[3.5, 3.5, 3.5, 3.5, 2.5, 3.5, 3.5, 3.5, 5.0, 5.0, 9.0, 9.0, 1.9999999999999998, 1.9999999999999998, 1.9999999999999998, 1.9999999999999998, 1.9999999999999998, 1.9999999999999998, 1.9999999999999998, 1.9999999999999998, 1.9999999999999998, 1.2, 1.2, 1.9999999999999998, 1.2, 1.9999999999999998, 1.2, 1.9999999999999998]
T = 1.0	 step = 21
74.31
10.77038174715909
[15.0, 15.0, 19.0, 11.0, 7.0, 9.0, 8.0, 4.0, 25.0, 14.0, 34.0, 12.0, 19.0, 17.0, 23.0, 3.0, 3.0, 3.0, 8.0, 3.0, 20.0, 13.0, 22.0, 31.0, 3.0, 2.0, 7.0, 2.0]
[11.0, 17.0, 7.0, 12.0, 22.0, 26.0, 3.0, 8.0, 4.0, 24.0, 6.0, 34.0, 19.0, 2.0, 11.0, 3.0, 14.0, 33.0, 17.0, 17.0, 23.0, 6.0, 14.0, 27.0, 20.0, 28.0, 7.0, 25.0]
[2.5, 2.5, 2.5, 2.5, 3.5, 2.5, 2.5, 2.5, 5.0, 5.0, 9.0, 9.0, 3.0, 3.0, 3.0, 3.0, 3.0, 3.0, 3.0, 3.0, 1.2, 1.9999999999999998, 1.9999999999999998, 1.2, 1.9999999999999998, 1.2, 1.9999999999999998, 1.2]
[3.5, 3.5, 3.5, 3.5, 2.5, 3.5, 3.5, 3.5, 5.0, 5.0, 9.0, 9.0, 1.9999999999999998, 1.9999999999999998, 1.9999999999999998, 1.9999999999999998, 1.9999999999999998, 1.9999999999999998, 1.9999999999999998, 1.9999999999999998, 1.9999999999999998, 1.2, 1.2, 1.9999999999999998, 1.2, 1.9999999999999998, 1.2, 1.9999999999999998]
T = 1.0	 step = 22
74.22000000000003
10.747955433238634
[15.0, 15.0, 19.0, 11.0, 7.0, 8.0, 8.0, 4.0, 25.0, 14.0, 34.0, 12.0, 19.0, 17.0, 23.0, 3.0, 3.0, 3.0, 8.0, 3.0, 20.0, 13.0, 22.0, 31.0, 3.0, 2.0, 7.0, 2.0]
[11.0, 17.0, 7.0, 12.0, 22.0, 26.0, 3.0, 8.0, 4.0, 24.0, 6.0, 34.0, 19.0, 2.0, 11.0, 3.0, 14.0, 33.0, 17.0, 17.0, 23.0, 6.0, 14.0, 27.0, 20.0, 28.0, 7.0, 25.0]
[2.5, 2.5, 2.5, 2.5, 3.5, 2.5, 2.5, 2.5, 5.0, 5.0, 9.0, 9.0, 3.0, 3.0, 3.0, 3.0, 3.0, 3.0, 3.0, 3.0, 1.2, 1.9999999999999998, 1.9999999999999998, 1.2, 1.9999999999999998, 1.2, 1.9999999999999998, 1.2]
[3.5, 3.5, 3.5, 3.5, 2.5, 3.5, 3.5, 3.5, 5.0, 5.0, 9.0, 9.0, 1.9999999999999998, 1.9999999999999998, 1.9999999999999998, 1.9999999999999998, 1.9999999999999998, 1.9999999999999998, 1.9999999999999998, 1.9999999999999998, 1.9999999999999998, 1.2, 1.2, 1.9999999999999998, 1.2, 1.9999999999999998, 1.2, 1.9999999999999998]
T = 1.0	 step = 23
74.13
10.701080433238635
[15.0, 15.0, 19.0, 11.0, 7.0, 8.0, 8.0, 4.0, 25.0, 14.0, 34.0, 12.0, 19.0, 17.0, 23.0, 3.0, 3.0, 3.0, 8.0, 3.0, 20.0, 13.0, 22.0, 31.0, 3.0, 2.0, 7.0, 2.0]
[11.0, 16.0, 7.0, 12.0, 22.0, 26.0, 3.0, 8.0, 4.0, 24.0, 6.0, 34.0, 19.0, 2.0, 11.0, 3.0, 14.0, 33.0, 17.0, 17.0, 23.0, 6.0, 14.0, 27.0, 20.0, 28.0, 7.0, 25.0]
[2.5, 2.5, 2.5, 2.5, 3.5, 2.5, 2.5, 2.5, 5.0, 5.0, 9.0, 9.0, 3.0, 3.0, 3.0, 3.0, 3.0, 3.0, 3.0, 3.0, 1.2, 1.9999999999999998, 1.9999999999999998, 1.2, 1.9999999999999998, 1.2, 1.9999999999999998, 1.2]
[3.5, 3.5, 3.5, 3.5, 2.5, 3.5, 3.5, 3.5, 5.0, 5.0, 9.0, 9.0, 1.9999999999999998, 1.9999999999999998, 1.9999999999999998, 1.9999999999999998, 1.9999999999999998, 1.9999999999999998, 1.9999999999999998, 1.9999999999999998, 1.9999999999999998, 1.2, 1.2, 1.9999999999999998, 1.2, 1.9999999999999998, 1.2, 1.9999999999999998]
T = 1.0	 step = 24
74.10000000000002
10.748665660511362
[15.0, 14.0, 19.0, 11.0, 7.0, 8.0, 8.0, 4.0, 25.0, 14.0, 34.0, 12.0, 19.0, 17.0, 23.0, 3.0, 3.0, 3.0, 8.0, 3.0, 20.0, 13.0, 22.0, 31.0, 3.0, 2.0, 7.0, 2.0]
[11.0, 16.0, 7.0, 12.0, 22.0, 26.0, 3.0, 8.0, 4.0, 24.0, 6.0, 34.0, 19.0, 2.0, 11.0, 3.0, 14.0, 33.0, 17.0, 17.0, 23.0, 6.0, 14.0, 27.0, 20.0, 28.0, 7.0, 25.0]
[2.5, 2.5, 2.5, 2.5, 3.5, 2.5, 2.5, 2.5, 5.0, 5.0, 9.0, 9.0, 3.0, 3.0, 3.0, 3.0, 3.0, 3.0, 3.0, 3.0, 1.2, 1.9999999999999998, 1.9999999999999998, 1.2, 1.9999999999999998, 1.2, 1.9999999999999998, 1.2]
[3.5, 3.5, 3.5, 3.5, 2.5, 3.5, 3.5, 3.5, 5.0, 5.0, 9.0, 9.0, 1.9999999999999998, 1.9999999999999998, 1.9999999999999998, 1.9999999999999998, 1.9999999999999998, 1.9999999999999998, 1.9999999999999998, 1.9999999999999998, 1.9999999999999998, 1.2, 1.2, 1.9999999999999998, 1.2, 1.9999999999999998, 1.2, 1.9999999999999998]
T = 1.0	 step = 25
73.96000000000004
11.179090909090906
[15.0, 14.0, 19.0, 11.0, 7.0, 8.0, 8.0, 4.0, 25.0, 14.0, 34.0, 12.0, 28.0, 17.0, 23.0, 3.0, 3.0, 3.0, 8.0, 3.0, 20.0, 13.0, 22.0, 31.0, 3.0, 2.0, 7.0, 2.0]
[11.0, 16.0, 7.0, 12.0, 22.0, 26.0, 3.0, 8.0, 4.0, 24.0, 6.0, 34.0, 28.0, 2.0, 11.0, 3.0, 14.0, 33.0, 17.0, 17.0, 23.0, 6.0, 14.0, 27.0, 20.0, 28.0, 7.0, 25.0]
[2.5, 2.5, 2.5, 2.5, 3.5, 2.5, 2.5, 2.5, 5.0, 5.0, 9.0, 9.0, 1.9999999999999998, 3.0, 3.0, 3.0, 3.0, 3.0, 3.0, 3.0, 1.2, 1.9999999999999998, 1.9999999999999998, 1.2, 1.9999999999999998, 1.2, 1.9999999999999998, 1.2]
[3.5, 3.5, 3.5, 3.5, 2.5, 3.5, 3.5, 3.5, 5.0, 5.0, 9.0, 9.0, 3.0, 1.9999999999999998, 1.9999999999999998, 1.9999999999999998, 1.9999999999999998, 1.9999999999999998, 1.9999999999999998, 1.9999999999999998, 1.9999999999999998, 1.2, 1.2, 1.9999999999999998, 1.2, 1.9999999999999998, 1.2, 1.9999999999999998]
T = 1.0	 step = 26
74.12
10.751918501420452
[15.0, 14.0, 19.0, 11.0, 7.0, 8.0, 8.0, 4.0, 25.0, 14.0, 34.0, 12.0, 19.0, 17.0, 23.0, 3.0, 3.0, 3.0, 8.0, 3.0, 20.0, 13.0, 22.0, 31.0, 3.0, 3.0, 7.0, 2.0]
[11.0, 16.0, 7.0, 12.0, 22.0, 26.0, 3.0, 8.0, 4.0, 24.0, 6.0, 34.0, 19.0, 2.0, 11.0, 3.0, 14.0, 33.0, 17.0, 17.0, 23.0, 6.0, 14.0, 27.0, 20.0, 28.0, 7.0, 25.0]
[2.5, 2.5, 2.5, 2.5, 3.5, 2.5, 2.5, 2.5, 5.0, 5.0, 9.0, 9.0, 3.0, 3.0, 3.0, 3.0, 3.0, 3.0, 3.0, 3.0, 1.2, 1.9999999999999998, 1.9999999999999998, 1.2, 1.9999999999999998, 1.2, 1.9999999999999998, 1.2]
[3.5, 3.5, 3.5, 3.5, 2.5, 3.5, 3.5, 3.5, 5.0, 5.0, 9.0, 9.0, 1.9999999999999998, 1.9999999999999998, 1.9999999999999998, 1.9999999999999998, 1.9999999999999998, 1.9999999999999998, 1.9999999999999998, 1.9999999999999998, 1.9999999999999998, 1.2, 1.2, 1.9999999999999998, 1.2, 1.9999999999999998, 1.2, 1.9999999999999998]
T = 1.0	 step = 27
74.09000000000003
10.764588068181816
[15.0, 14.0, 19.0, 11.0, 7.0, 8.0, 8.0, 4.0, 25.0, 14.0, 34.0, 12.0, 19.0, 17.0, 23.0, 3.0, 3.0, 3.0, 8.0, 3.0, 21.0, 13.0, 22.0, 31.0, 3.0, 3.0, 7.0, 2.0]
[11.0, 16.0, 7.0, 12.0, 22.0, 26.0, 3.0, 8.0, 4.0, 24.0, 6.0, 34.0, 19.0, 2.0, 11.0, 3.0, 14.0, 33.0, 17.0, 17.0, 23.0, 6.0, 14.0, 27.0, 20.0, 28.0, 7.0, 25.0]
[2.5, 2.5, 2.5, 2.5, 3.5, 2.5, 2.5, 2.5, 5.0, 5.0, 9.0, 9.0, 3.0, 3.0, 3.0, 3.0, 3.0, 3.0, 3.0, 3.0, 1.2, 1.9999999999999998, 1.9999999999999998, 1.2, 1.9999999999999998, 1.2, 1.9999999999999998, 1.2]
[3.5, 3.5, 3.5, 3.5, 2.5, 3.5, 3.5, 3.5, 5.0, 5.0, 9.0, 9.0, 1.9999999999999998, 1.9999999999999998, 1.9999999999999998, 1.9999999999999998, 1.9999999999999998, 1.9999999999999998, 1.9999999999999998, 1.9999999999999998, 1.9999999999999998, 1.2, 1.2, 1.9999999999999998, 1.2, 1.9999999999999998, 1.2, 1.9999999999999998]
T = 1.0	 step = 28
74.09000000000003
10.748963068181816
[15.0, 14.0, 19.0, 11.0, 7.0, 8.0, 8.0, 4.0, 25.0, 14.0, 34.0, 12.0, 19.0, 17.0, 23.0, 3.0, 3.0, 3.0, 8.0, 3.0, 21.0, 13.0, 22.0, 31.0, 3.0, 3.0, 7.0, 2.0]
[11.0, 16.0, 7.0, 12.0, 22.0, 26.0, 3.0, 8.0, 4.0, 24.0, 6.0, 34.0, 19.0, 2.0, 11.0, 3.0, 14.0, 33.0, 17.0, 17.0, 23.0, 6.0, 14.0, 27.0, 20.0, 29.0, 7.0, 25.0]
[2.5, 2.5, 2.5, 2.5, 3.5, 2.5, 2.5, 2.5, 5.0, 5.0, 9.0, 9.0, 3.0, 3.0, 3.0, 3.0, 3.0, 3.0, 3.0, 3.0, 1.2, 1.9999999999999998, 1.9999999999999998, 1.2, 1.9999999999999998, 1.2, 1.9999999999999998, 1.2]
[3.5, 3.5, 3.5, 3.5, 2.5, 3.5, 3.5, 3.5, 5.0, 5.0, 9.0, 9.0, 1.9999999999999998, 1.9999999999999998, 1.9999999999999998, 1.9999999999999998, 1.9999999999999998, 1.9999999999999998, 1.9999999999999998, 1.9999999999999998, 1.9999999999999998, 1.2, 1.2, 1.9999999999999998, 1.2, 1.9999999999999998, 1.2, 1.9999999999999998]
T = 1.0	 step = 29
74.11000000000001
10.81216885653409
[15.0, 14.0, 19.0, 11.0, 7.0, 8.0, 8.0, 4.0, 25.0, 14.0, 34.0, 12.0, 19.0, 17.0, 23.0, 3.0, 3.0, 3.0, 8.0, 3.0, 21.0, 13.0, 22.0, 31.0, 3.0, 3.0, 7.0, 2.0]
[11.0, 16.0, 7.0, 12.0, 22.0, 26.0, 3.0, 8.0, 4.0, 24.0, 7.0, 34.0, 19.0, 2.0, 11.0, 3.0, 14.0, 33.0, 17.0, 17.0, 23.0, 6.0, 14.0, 27.0, 20.0, 29.0, 7.0, 25.0]
[2.5, 2.5, 2.5, 2.5, 3.5, 2.5, 2.5, 2.5, 5.0, 5.0, 9.0, 9.0, 3.0, 3.0, 3.0, 3.0, 3.0, 3.0, 3.0, 3.0, 1.2, 1.9999999999999998, 1.9999999999999998, 1.2, 1.9999999999999998, 1.2, 1.9999999999999998, 1.2]
[3.5, 3.5, 3.5, 3.5, 2.5, 3.5, 3.5, 3.5, 5.0, 5.0, 9.0, 9.0, 1.9999999999999998, 1.9999999999999998, 1.9999999999999998, 1.9999999999999998, 1.9999999999999998, 1.9999999999999998, 1.9999999999999998, 1.9999999999999998, 1.9999999999999998, 1.2, 1.2, 1.9999999999999998, 1.2, 1.9999999999999998, 1.2, 1.9999999999999998]
T = 1.0	 step = 30
74.11000000000001
10.81216885653409
[15.0, 14.0, 19.0, 11.0, 7.0, 8.0, 8.0, 4.0, 25.0, 14.0, 34.0, 12.0, 19.0, 17.0, 23.0, 3.0, 3.0, 3.0, 8.0, 3.0, 21.0, 13.0, 22.0, 31.0, 3.0, 3.0, 7.0, 2.0]
[11.0, 16.0, 7.0, 12.0, 22.0, 26.0, 3.0, 8.0, 4.0, 24.0, 7.0, 34.0, 19.0, 2.0, 11.0, 3.0, 14.0, 33.0, 17.0, 17.0, 23.0, 6.0, 14.0, 27.0, 20.0, 29.0, 7.0, 25.0]
[2.5, 2.5, 2.5, 2.5, 3.5, 2.5, 2.5, 2.5, 5.0, 5.0, 9.0, 9.0, 3.0, 3.0, 3.0, 3.0, 3.0, 3.0, 3.0, 3.0, 1.2, 1.9999999999999998, 1.9999999999999998, 1.2, 1.9999999999999998, 1.2, 1.9999999999999998, 1.2]
[3.5, 3.5, 3.5, 3.5, 2.5, 3.5, 3.5, 3.5, 5.0, 5.0, 9.0, 9.0, 1.9999999999999998, 1.9999999999999998, 1.9999999999999998, 1.9999999999999998, 1.9999999999999998, 1.9999999999999998, 1.9999999999999998, 1.9999999999999998, 1.9999999999999998, 1.2, 1.2, 1.9999999999999998, 1.2, 1.9999999999999998, 1.2, 1.9999999999999998]
T = 1.0	 step = 31
74.12
10.800165127840907
[15.0, 14.0, 19.0, 11.0, 7.0, 8.0, 8.0, 4.0, 25.0, 14.0, 34.0, 12.0, 19.0, 17.0, 23.0, 3.0, 4.0, 3.0, 8.0, 3.0, 21.0, 13.0, 22.0, 31.0, 3.0, 3.0, 7.0, 2.0]
[11.0, 16.0, 7.0, 12.0, 22.0, 26.0, 3.0, 8.0, 4.0, 24.0, 7.0, 34.0, 19.0, 2.0, 11.0, 3.0, 14.0, 33.0, 17.0, 17.0, 23.0, 6.0, 14.0, 27.0, 20.0, 29.0, 7.0, 25.0]
[2.5, 2.5, 2.5, 2.5, 3.5, 2.5, 2.5, 2.5, 5.0, 5.0, 9.0, 9.0, 3.0, 3.0, 3.0, 3.0, 3.0, 3.0, 3.0, 3.0, 1.2, 1.9999999999999998, 1.9999999999999998, 1.2, 1.9999999999999998, 1.2, 1.9999999999999998, 1.2]
[3.5, 3.5, 3.5, 3.5, 2.5, 3.5, 3.5, 3.5, 5.0, 5.0, 9.0, 9.0, 1.9999999999999998, 1.9999999999999998, 1.9999999999999998, 1.9999999999999998, 1.9999999999999998, 1.9999999999999998, 1.9999999999999998, 1.9999999999999998, 1.9999999999999998, 1.2, 1.2, 1.9999999999999998, 1.2, 1.9999999999999998, 1.2, 1.9999999999999998]
T = 1.0	 step = 32
74.40000000000003
10.682302024147726
[15.0, 14.0, 19.0, 11.0, 7.0, 8.0, 8.0, 4.0, 25.0, 13.0, 34.0, 12.0, 19.0, 17.0, 23.0, 3.0, 4.0, 3.0, 8.0, 3.0, 21.0, 13.0, 22.0, 31.0, 3.0, 3.0, 7.0, 2.0]
[11.0, 16.0, 7.0, 12.0, 22.0, 26.0, 3.0, 8.0, 4.0, 24.0, 7.0, 34.0, 19.0, 2.0, 11.0, 3.0, 14.0, 33.0, 17.0, 17.0, 23.0, 6.0, 14.0, 27.0, 20.0, 29.0, 7.0, 25.0]
[2.5, 2.5, 2.5, 2.5, 3.5, 2.5, 2.5, 2.5, 5.0, 5.0, 9.0, 9.0, 3.0, 3.0, 3.0, 3.0, 3.0, 3.0, 3.0, 3.0, 1.2, 1.9999999999999998, 1.9999999999999998, 1.2, 1.9999999999999998, 1.2, 1.9999999999999998, 1.2]
[3.5, 3.5, 3.5, 3.5, 2.5, 3.5, 3.5, 3.5, 5.0, 5.0, 9.0, 9.0, 1.9999999999999998, 1.9999999999999998, 1.9999999999999998, 1.9999999999999998, 1.9999999999999998, 1.9999999999999998, 1.9999999999999998, 1.9999999999999998, 1.9999999999999998, 1.2, 1.2, 1.9999999999999998, 1.2, 1.9999999999999998, 1.2, 1.9999999999999998]
T = 1.0	 step = 33
74.29000000000002
10.720743075284089
[15.0, 14.0, 19.0, 11.0, 7.0, 7.0, 8.0, 4.0, 25.0, 13.0, 34.0, 12.0, 19.0, 17.0, 23.0, 3.0, 4.0, 3.0, 8.0, 3.0, 21.0, 13.0, 22.0, 31.0, 3.0, 3.0, 7.0, 2.0]
[11.0, 16.0, 7.0, 12.0, 22.0, 26.0, 3.0, 8.0, 4.0, 24.0, 7.0, 34.0, 19.0, 2.0, 11.0, 3.0, 14.0, 33.0, 17.0, 17.0, 23.0, 6.0, 14.0, 27.0, 20.0, 29.0, 7.0, 25.0]
[2.5, 2.5, 2.5, 2.5, 3.5, 2.5, 2.5, 2.5, 5.0, 5.0, 9.0, 9.0, 3.0, 3.0, 3.0, 3.0, 3.0, 3.0, 3.0, 3.0, 1.2, 1.9999999999999998, 1.9999999999999998, 1.2, 1.9999999999999998, 1.2, 1.9999999999999998, 1.2]
[3.5, 3.5, 3.5, 3.5, 2.5, 3.5, 3.5, 3.5, 5.0, 5.0, 9.0, 9.0, 1.9999999999999998, 1.9999999999999998, 1.9999999999999998, 1.9999999999999998, 1.9999999999999998, 1.9999999999999998, 1.9999999999999998, 1.9999999999999998, 1.9999999999999998, 1.2, 1.2, 1.9999999999999998, 1.2, 1.9999999999999998, 1.2, 1.9999999999999998]
T = 1.0	 step = 34
74.36000000000001
10.595037286931818
[15.0, 14.0, 19.0, 11.0, 7.0, 7.0, 8.0, 4.0, 25.0, 13.0, 34.0, 12.0, 19.0, 17.0, 23.0, 3.0, 4.0, 3.0, 8.0, 3.0, 21.0, 13.0, 22.0, 31.0, 3.0, 3.0, 7.0, 2.0]
[11.0, 16.0, 7.0, 12.0, 22.0, 26.0, 3.0, 8.0, 5.0, 24.0, 7.0, 34.0, 19.0, 2.0, 11.0, 3.0, 14.0, 33.0, 17.0, 17.0, 23.0, 6.0, 14.0, 27.0, 20.0, 29.0, 7.0, 25.0]
[2.5, 2.5, 2.5, 2.5, 3.5, 2.5, 2.5, 2.5, 5.0, 5.0, 9.0, 9.0, 3.0, 3.0, 3.0, 3.0, 3.0, 3.0, 3.0, 3.0, 1.2, 1.9999999999999998, 1.9999999999999998, 1.2, 1.9999999999999998, 1.2, 1.9999999999999998, 1.2]
[3.5, 3.5, 3.5, 3.5, 2.5, 3.5, 3.5, 3.5, 5.0, 5.0, 9.0, 9.0, 1.9999999999999998, 1.9999999999999998, 1.9999999999999998, 1.9999999999999998, 1.9999999999999998, 1.9999999999999998, 1.9999999999999998, 1.9999999999999998, 1.9999999999999998, 1.2, 1.2, 1.9999999999999998, 1.2, 1.9999999999999998, 1.2, 1.9999999999999998]
T = 1.0	 step = 35
74.34000000000003
10.597992720170453
[15.0, 14.0, 19.0, 11.0, 7.0, 7.0, 8.0, 4.0, 25.0, 13.0, 34.0, 12.0, 20.0, 17.0, 23.0, 3.0, 4.0, 3.0, 8.0, 3.0, 21.0, 13.0, 22.0, 31.0, 3.0, 3.0, 7.0, 2.0]
[11.0, 16.0, 7.0, 12.0, 22.0, 26.0, 3.0, 8.0, 5.0, 24.0, 7.0, 34.0, 19.0, 2.0, 11.0, 3.0, 14.0, 33.0, 17.0, 17.0, 23.0, 6.0, 14.0, 27.0, 20.0, 29.0, 7.0, 25.0]
[2.5, 2.5, 2.5, 2.5, 3.5, 2.5, 2.5, 2.5, 5.0, 5.0, 9.0, 9.0, 3.0, 3.0, 3.0, 3.0, 3.0, 3.0, 3.0, 3.0, 1.2, 1.9999999999999998, 1.9999999999999998, 1.2, 1.9999999999999998, 1.2, 1.9999999999999998, 1.2]
[3.5, 3.5, 3.5, 3.5, 2.5, 3.5, 3.5, 3.5, 5.0, 5.0, 9.0, 9.0, 1.9999999999999998, 1.9999999999999998, 1.9999999999999998, 1.9999999999999998, 1.9999999999999998, 1.9999999999999998, 1.9999999999999998, 1.9999999999999998, 1.9999999999999998, 1.2, 1.2, 1.9999999999999998, 1.2, 1.9999999999999998, 1.2, 1.9999999999999998]
T = 1.0	 step = 36
74.36000000000001
10.629242720170453
[15.0, 14.0, 19.0, 11.0, 7.0, 7.0, 8.0, 4.0, 25.0, 13.0, 34.0, 12.0, 20.0, 17.0, 23.0, 3.0, 4.0, 3.0, 8.0, 3.0, 21.0, 13.0, 22.0, 31.0, 3.0, 3.0, 7.0, 2.0]
[11.0, 16.0, 7.0, 12.0, 22.0, 26.0, 3.0, 8.0, 5.0, 24.0, 7.0, 34.0, 19.0, 2.0, 11.0, 3.0, 14.0, 33.0, 18.0, 17.0, 23.0, 6.0, 14.0, 27.0, 20.0, 29.0, 7.0, 25.0]
[2.5, 2.5, 2.5, 2.5, 3.5, 2.5, 2.5, 2.5, 5.0, 5.0, 9.0, 9.0, 3.0, 3.0, 3.0, 3.0, 3.0, 3.0, 3.0, 3.0, 1.2, 1.9999999999999998, 1.9999999999999998, 1.2, 1.9999999999999998, 1.2, 1.9999999999999998, 1.2]
[3.5, 3.5, 3.5, 3.5, 2.5, 3.5, 3.5, 3.5, 5.0, 5.0, 9.0, 9.0, 1.9999999999999998, 1.9999999999999998, 1.9999999999999998, 1.9999999999999998, 1.9999999999999998, 1.9999999999999998, 1.9999999999999998, 1.9999999999999998, 1.9999999999999998, 1.2, 1.2, 1.9999999999999998, 1.2, 1.9999999999999998, 1.2, 1.9999999999999998]
T = 1.0	 step = 37
74.37
10.629349254261362
[15.0, 14.0, 19.0, 11.0, 7.0, 7.0, 8.0, 4.0, 25.0, 13.0, 34.0, 12.0, 20.0, 17.0, 23.0, 3.0, 4.0, 3.0, 8.0, 3.0, 21.0, 13.0, 22.0, 31.0, 3.0, 3.0, 7.0, 3.0]
[11.0, 16.0, 7.0, 12.0, 22.0, 26.0, 3.0, 8.0, 5.0, 24.0, 7.0, 34.0, 19.0, 2.0, 11.0, 3.0, 14.0, 33.0, 18.0, 17.0, 23.0, 6.0, 14.0, 27.0, 20.0, 29.0, 7.0, 25.0]
[2.5, 2.5, 2.5, 2.5, 3.5, 2.5, 2.5, 2.5, 5.0, 5.0, 9.0, 9.0, 3.0, 3.0, 3.0, 3.0, 3.0, 3.0, 3.0, 3.0, 1.2, 1.9999999999999998, 1.9999999999999998, 1.2, 1.9999999999999998, 1.2, 1.9999999999999998, 1.2]
[3.5, 3.5, 3.5, 3.5, 2.5, 3.5, 3.5, 3.5, 5.0, 5.0, 9.0, 9.0, 1.9999999999999998, 1.9999999999999998, 1.9999999999999998, 1.9999999999999998, 1.9999999999999998, 1.9999999999999998, 1.9999999999999998, 1.9999999999999998, 1.9999999999999998, 1.2, 1.2, 1.9999999999999998, 1.2, 1.9999999999999998, 1.2, 1.9999999999999998]
T = 1.0	 step = 38
74.38
10.629349254261362
[15.0, 14.0, 19.0, 11.0, 7.0, 7.0, 8.0, 4.0, 25.0, 13.0, 34.0, 12.0, 20.0, 17.0, 23.0, 3.0, 4.0, 3.0, 8.0, 3.0, 21.0, 13.0, 22.0, 31.0, 3.0, 3.0, 7.0, 3.0]
[11.0, 16.0, 7.0, 12.0, 22.0, 26.0, 3.0, 8.0, 5.0, 24.0, 7.0, 34.0, 20.0, 2.0, 11.0, 3.0, 14.0, 33.0, 18.0, 17.0, 23.0, 6.0, 14.0, 27.0, 20.0, 29.0, 7.0, 25.0]
[2.5, 2.5, 2.5, 2.5, 3.5, 2.5, 2.5, 2.5, 5.0, 5.0, 9.0, 9.0, 3.0, 3.0, 3.0, 3.0, 3.0, 3.0, 3.0, 3.0, 1.2, 1.9999999999999998, 1.9999999999999998, 1.2, 1.9999999999999998, 1.2, 1.9999999999999998, 1.2]
[3.5, 3.5, 3.5, 3.5, 2.5, 3.5, 3.5, 3.5, 5.0, 5.0, 9.0, 9.0, 1.9999999999999998, 1.9999999999999998, 1.9999999999999998, 1.9999999999999998, 1.9999999999999998, 1.9999999999999998, 1.9999999999999998, 1.9999999999999998, 1.9999999999999998, 1.2, 1.2, 1.9999999999999998, 1.2, 1.9999999999999998, 1.2, 1.9999999999999998]
T = 1.0	 step = 39
74.16000000000003
12.895554865056816
[15.0, 14.0, 19.0, 30.0, 7.0, 7.0, 8.0, 4.0, 25.0, 13.0, 34.0, 12.0, 20.0, 17.0, 23.0, 3.0, 4.0, 3.0, 8.0, 3.0, 21.0, 13.0, 22.0, 31.0, 3.0, 3.0, 7.0, 3.0]
[11.0, 16.0, 7.0, 31.0, 22.0, 26.0, 3.0, 8.0, 5.0, 24.0, 7.0, 34.0, 20.0, 2.0, 11.0, 3.0, 14.0, 33.0, 18.0, 17.0, 23.0, 6.0, 14.0, 27.0, 20.0, 29.0, 7.0, 25.0]
[2.5, 2.5, 2.5, 3.5, 3.5, 2.5, 2.5, 2.5, 5.0, 5.0, 9.0, 9.0, 3.0, 3.0, 3.0, 3.0, 3.0, 3.0, 3.0, 3.0, 1.2, 1.9999999999999998, 1.9999999999999998, 1.2, 1.9999999999999998, 1.2, 1.9999999999999998, 1.2]
[3.5, 3.5, 3.5, 2.5, 2.5, 3.5, 3.5, 3.5, 5.0, 5.0, 9.0, 9.0, 1.9999999999999998, 1.9999999999999998, 1.9999999999999998, 1.9999999999999998, 1.9999999999999998, 1.9999999999999998, 1.9999999999999998, 1.9999999999999998, 1.9999999999999998, 1.2, 1.2, 1.9999999999999998, 1.2, 1.9999999999999998, 1.2, 1.9999999999999998]
T = 1.0	 step = 40
74.39000000000004
10.58224875710227
[15.0, 15.0, 19.0, 11.0, 7.0, 7.0, 8.0, 4.0, 25.0, 13.0, 34.0, 12.0, 20.0, 17.0, 23.0, 3.0, 4.0, 3.0, 8.0, 3.0, 21.0, 13.0, 22.0, 31.0, 3.0, 3.0, 7.0, 3.0]
[11.0, 16.0, 7.0, 12.0, 22.0, 26.0, 3.0, 8.0, 5.0, 24.0, 7.0, 34.0, 20.0, 2.0, 11.0, 3.0, 14.0, 33.0, 18.0, 17.0, 23.0, 6.0, 14.0, 27.0, 20.0, 29.0, 7.0, 25.0]
[2.5, 2.5, 2.5, 2.5, 3.5, 2.5, 2.5, 2.5, 5.0, 5.0, 9.0, 9.0, 3.0, 3.0, 3.0, 3.0, 3.0, 3.0, 3.0, 3.0, 1.2, 1.9999999999999998, 1.9999999999999998, 1.2, 1.9999999999999998, 1.2, 1.9999999999999998, 1.2]
[3.5, 3.5, 3.5, 3.5, 2.5, 3.5, 3.5, 3.5, 5.0, 5.0, 9.0, 9.0, 1.9999999999999998, 1.9999999999999998, 1.9999999999999998, 1.9999999999999998, 1.9999999999999998, 1.9999999999999998, 1.9999999999999998, 1.9999999999999998, 1.9999999999999998, 1.2, 1.2, 1.9999999999999998, 1.2, 1.9999999999999998, 1.2, 1.9999999999999998]
T = 1.0	 step = 41
74.40000000000003
10.59787375710227
[15.0, 15.0, 19.0, 11.0, 7.0, 7.0, 8.0, 4.0, 25.0, 13.0, 34.0, 12.0, 20.0, 17.0, 23.0, 3.0, 4.0, 3.0, 8.0, 3.0, 21.0, 13.0, 22.0, 31.0, 3.0, 3.0, 7.0, 3.0]
[11.0, 16.0, 7.0, 12.0, 22.0, 26.0, 3.0, 8.0, 5.0, 24.0, 7.0, 34.0, 20.0, 2.0, 11.0, 3.0, 14.0, 33.0, 18.0, 17.0, 24.0, 6.0, 14.0, 27.0, 20.0, 29.0, 7.0, 25.0]
[2.5, 2.5, 2.5, 2.5, 3.5, 2.5, 2.5, 2.5, 5.0, 5.0, 9.0, 9.0, 3.0, 3.0, 3.0, 3.0, 3.0, 3.0, 3.0, 3.0, 1.2, 1.9999999999999998, 1.9999999999999998, 1.2, 1.9999999999999998, 1.2, 1.9999999999999998, 1.2]
[3.5, 3.5, 3.5, 3.5, 2.5, 3.5, 3.5, 3.5, 5.0, 5.0, 9.0, 9.0, 1.9999999999999998, 1.9999999999999998, 1.9999999999999998, 1.9999999999999998, 1.9999999999999998, 1.9999999999999998, 1.9999999999999998, 1.9999999999999998, 1.9999999999999998, 1.2, 1.2, 1.9999999999999998, 1.2, 1.9999999999999998, 1.2, 1.9999999999999998]
T = 0.8	 step = 42
74.41000000000003
10.56662375710227
[15.0, 15.0, 19.0, 11.0, 7.0, 7.0, 8.0, 4.0, 25.0, 13.0, 34.0, 12.0, 20.0, 17.0, 23.0, 3.0, 4.0, 3.0, 8.0, 3.0, 21.0, 13.0, 22.0, 31.0, 3.0, 3.0, 7.0, 3.0]
[11.0, 16.0, 7.0, 12.0, 22.0, 26.0, 3.0, 8.0, 5.0, 24.0, 7.0, 34.0, 20.0, 3.0, 11.0, 3.0, 14.0, 33.0, 18.0, 17.0, 24.0, 6.0, 14.0, 27.0, 20.0, 29.0, 7.0, 25.0]
[2.5, 2.5, 2.5, 2.5, 3.5, 2.5, 2.5, 2.5, 5.0, 5.0, 9.0, 9.0, 3.0, 3.0, 3.0, 3.0, 3.0, 3.0, 3.0, 3.0, 1.2, 1.9999999999999998, 1.9999999999999998, 1.2, 1.9999999999999998, 1.2, 1.9999999999999998, 1.2]
[3.5, 3.5, 3.5, 3.5, 2.5, 3.5, 3.5, 3.5, 5.0, 5.0, 9.0, 9.0, 1.9999999999999998, 1.9999999999999998, 1.9999999999999998, 1.9999999999999998, 1.9999999999999998, 1.9999999999999998, 1.9999999999999998, 1.9999999999999998, 1.9999999999999998, 1.2, 1.2, 1.9999999999999998, 1.2, 1.9999999999999998, 1.2, 1.9999999999999998]
T = 0.8	 step = 43
74.39000000000004
10.56337091619318
[15.0, 15.0, 19.0, 11.0, 7.0, 7.0, 8.0, 4.0, 25.0, 13.0, 34.0, 12.0, 20.0, 17.0, 23.0, 3.0, 4.0, 3.0, 8.0, 3.0, 21.0, 13.0, 22.0, 31.0, 3.0, 2.0, 7.0, 3.0]
[11.0, 16.0, 7.0, 12.0, 22.0, 26.0, 3.0, 8.0, 5.0, 24.0, 7.0, 34.0, 20.0, 3.0, 11.0, 3.0, 14.0, 33.0, 18.0, 17.0, 24.0, 6.0, 14.0, 27.0, 20.0, 29.0, 7.0, 25.0]
[2.5, 2.5, 2.5, 2.5, 3.5, 2.5, 2.5, 2.5, 5.0, 5.0, 9.0, 9.0, 3.0, 3.0, 3.0, 3.0, 3.0, 3.0, 3.0, 3.0, 1.2, 1.9999999999999998, 1.9999999999999998, 1.2, 1.9999999999999998, 1.2, 1.9999999999999998, 1.2]
[3.5, 3.5, 3.5, 3.5, 2.5, 3.5, 3.5, 3.5, 5.0, 5.0, 9.0, 9.0, 1.9999999999999998, 1.9999999999999998, 1.9999999999999998, 1.9999999999999998, 1.9999999999999998, 1.9999999999999998, 1.9999999999999998, 1.9999999999999998, 1.9999999999999998, 1.2, 1.2, 1.9999999999999998, 1.2, 1.9999999999999998, 1.2, 1.9999999999999998]
T = 0.8	 step = 44
74.19
10.50087091619318
[15.0, 15.0, 19.0, 11.0, 7.0, 7.0, 8.0, 4.0, 25.0, 13.0, 34.0, 12.0, 20.0, 17.0, 23.0, 3.0, 4.0, 3.0, 8.0, 3.0, 21.0, 13.0, 22.0, 31.0, 3.0, 2.0, 7.0, 3.0]
[11.0, 16.0, 7.0, 12.0, 22.0, 26.0, 3.0, 8.0, 5.0, 25.0, 7.0, 34.0, 20.0, 3.0, 11.0, 3.0, 14.0, 33.0, 18.0, 17.0, 24.0, 6.0, 14.0, 27.0, 20.0, 29.0, 7.0, 25.0]
[2.5, 2.5, 2.5, 2.5, 3.5, 2.5, 2.5, 2.5, 5.0, 5.0, 9.0, 9.0, 3.0, 3.0, 3.0, 3.0, 3.0, 3.0, 3.0, 3.0, 1.2, 1.9999999999999998, 1.9999999999999998, 1.2, 1.9999999999999998, 1.2, 1.9999999999999998, 1.2]
[3.5, 3.5, 3.5, 3.5, 2.5, 3.5, 3.5, 3.5, 5.0, 5.0, 9.0, 9.0, 1.9999999999999998, 1.9999999999999998, 1.9999999999999998, 1.9999999999999998, 1.9999999999999998, 1.9999999999999998, 1.9999999999999998, 1.9999999999999998, 1.9999999999999998, 1.2, 1.2, 1.9999999999999998, 1.2, 1.9999999999999998, 1.2, 1.9999999999999998]
T = 0.8	 step = 45
74.21000000000004
10.497915482954545
[15.0, 15.0, 19.0, 11.0, 7.0, 7.0, 8.0, 4.0, 25.0, 13.0, 34.0, 12.0, 19.0, 17.0, 23.0, 3.0, 4.0, 3.0, 8.0, 3.0, 21.0, 13.0, 22.0, 31.0, 3.0, 2.0, 7.0, 3.0]
[11.0, 16.0, 7.0, 12.0, 22.0, 26.0, 3.0, 8.0, 5.0, 25.0, 7.0, 34.0, 20.0, 3.0, 11.0, 3.0, 14.0, 33.0, 18.0, 17.0, 24.0, 6.0, 14.0, 27.0, 20.0, 29.0, 7.0, 25.0]
[2.5, 2.5, 2.5, 2.5, 3.5, 2.5, 2.5, 2.5, 5.0, 5.0, 9.0, 9.0, 3.0, 3.0, 3.0, 3.0, 3.0, 3.0, 3.0, 3.0, 1.2, 1.9999999999999998, 1.9999999999999998, 1.2, 1.9999999999999998, 1.2, 1.9999999999999998, 1.2]
[3.5, 3.5, 3.5, 3.5, 2.5, 3.5, 3.5, 3.5, 5.0, 5.0, 9.0, 9.0, 1.9999999999999998, 1.9999999999999998, 1.9999999999999998, 1.9999999999999998, 1.9999999999999998, 1.9999999999999998, 1.9999999999999998, 1.9999999999999998, 1.9999999999999998, 1.2, 1.2, 1.9999999999999998, 1.2, 1.9999999999999998, 1.2, 1.9999999999999998]
T = 0.8	 step = 46
74.19
10.513540482954545
[16.0, 15.0, 19.0, 11.0, 7.0, 7.0, 8.0, 4.0, 25.0, 13.0, 34.0, 12.0, 19.0, 17.0, 23.0, 3.0, 4.0, 3.0, 8.0, 3.0, 21.0, 13.0, 22.0, 31.0, 3.0, 2.0, 7.0, 3.0]
[11.0, 16.0, 7.0, 12.0, 22.0, 26.0, 3.0, 8.0, 5.0, 25.0, 7.0, 34.0, 20.0, 3.0, 11.0, 3.0, 14.0, 33.0, 18.0, 17.0, 24.0, 6.0, 14.0, 27.0, 20.0, 29.0, 7.0, 25.0]
[2.5, 2.5, 2.5, 2.5, 3.5, 2.5, 2.5, 2.5, 5.0, 5.0, 9.0, 9.0, 3.0, 3.0, 3.0, 3.0, 3.0, 3.0, 3.0, 3.0, 1.2, 1.9999999999999998, 1.9999999999999998, 1.2, 1.9999999999999998, 1.2, 1.9999999999999998, 1.2]
[3.5, 3.5, 3.5, 3.5, 2.5, 3.5, 3.5, 3.5, 5.0, 5.0, 9.0, 9.0, 1.9999999999999998, 1.9999999999999998, 1.9999999999999998, 1.9999999999999998, 1.9999999999999998, 1.9999999999999998, 1.9999999999999998, 1.9999999999999998, 1.9999999999999998, 1.2, 1.2, 1.9999999999999998, 1.2, 1.9999999999999998, 1.2, 1.9999999999999998]
T = 0.8	 step = 47
74.18
10.522432528409091
[16.0, 15.0, 19.0, 11.0, 7.0, 7.0, 8.0, 4.0, 25.0, 13.0, 34.0, 12.0, 19.0, 17.0, 23.0, 3.0, 4.0, 3.0, 8.0, 3.0, 21.0, 13.0, 22.0, 31.0, 2.0, 2.0, 7.0, 3.0]
[11.0, 16.0, 7.0, 12.0, 22.0, 26.0, 3.0, 8.0, 5.0, 25.0, 7.0, 34.0, 20.0, 3.0, 11.0, 3.0, 14.0, 33.0, 18.0, 17.0, 24.0, 6.0, 14.0, 27.0, 20.0, 29.0, 7.0, 25.0]
[2.5, 2.5, 2.5, 2.5, 3.5, 2.5, 2.5, 2.5, 5.0, 5.0, 9.0, 9.0, 3.0, 3.0, 3.0, 3.0, 3.0, 3.0, 3.0, 3.0, 1.2, 1.9999999999999998, 1.9999999999999998, 1.2, 1.9999999999999998, 1.2, 1.9999999999999998, 1.2]
[3.5, 3.5, 3.5, 3.5, 2.5, 3.5, 3.5, 3.5, 5.0, 5.0, 9.0, 9.0, 1.9999999999999998, 1.9999999999999998, 1.9999999999999998, 1.9999999999999998, 1.9999999999999998, 1.9999999999999998, 1.9999999999999998, 1.9999999999999998, 1.9999999999999998, 1.2, 1.2, 1.9999999999999998, 1.2, 1.9999999999999998, 1.2, 1.9999999999999998]
T = 0.8	 step = 48
74.16000000000003
10.49118252840909
[16.0, 15.0, 19.0, 11.0, 7.0, 7.0, 8.0, 4.0, 25.0, 13.0, 34.0, 12.0, 19.0, 17.0, 23.0, 3.0, 4.0, 3.0, 8.0, 3.0, 21.0, 13.0, 22.0, 31.0, 2.0, 2.0, 7.0, 3.0]
[11.0, 16.0, 7.0, 12.0, 22.0, 26.0, 3.0, 8.0, 5.0, 25.0, 7.0, 34.0, 20.0, 3.0, 11.0, 3.0, 14.0, 33.0, 17.0, 17.0, 24.0, 6.0, 14.0, 27.0, 20.0, 29.0, 7.0, 25.0]
[2.5, 2.5, 2.5, 2.5, 3.5, 2.5, 2.5, 2.5, 5.0, 5.0, 9.0, 9.0, 3.0, 3.0, 3.0, 3.0, 3.0, 3.0, 3.0, 3.0, 1.2, 1.9999999999999998, 1.9999999999999998, 1.2, 1.9999999999999998, 1.2, 1.9999999999999998, 1.2]
[3.5, 3.5, 3.5, 3.5, 2.5, 3.5, 3.5, 3.5, 5.0, 5.0, 9.0, 9.0, 1.9999999999999998, 1.9999999999999998, 1.9999999999999998, 1.9999999999999998, 1.9999999999999998, 1.9999999999999998, 1.9999999999999998, 1.9999999999999998, 1.9999999999999998, 1.2, 1.2, 1.9999999999999998, 1.2, 1.9999999999999998, 1.2, 1.9999999999999998]
T = 0.8	 step = 49
74.11000000000001
10.506920276988636
[16.0, 15.0, 19.0, 11.0, 7.0, 7.0, 8.0, 4.0, 25.0, 13.0, 34.0, 12.0, 19.0, 17.0, 23.0, 3.0, 4.0, 3.0, 8.0, 3.0, 21.0, 13.0, 22.0, 31.0, 2.0, 2.0, 7.0, 3.0]
[11.0, 16.0, 7.0, 11.0, 22.0, 26.0, 3.0, 8.0, 5.0, 25.0, 7.0, 34.0, 20.0, 3.0, 11.0, 3.0, 14.0, 33.0, 17.0, 17.0, 24.0, 6.0, 14.0, 27.0, 20.0, 29.0, 7.0, 25.0]
[2.5, 2.5, 2.5, 2.5, 3.5, 2.5, 2.5, 2.5, 5.0, 5.0, 9.0, 9.0, 3.0, 3.0, 3.0, 3.0, 3.0, 3.0, 3.0, 3.0, 1.2, 1.9999999999999998, 1.9999999999999998, 1.2, 1.9999999999999998, 1.2, 1.9999999999999998, 1.2]
[3.5, 3.5, 3.5, 3.5, 2.5, 3.5, 3.5, 3.5, 5.0, 5.0, 9.0, 9.0, 1.9999999999999998, 1.9999999999999998, 1.9999999999999998, 1.9999999999999998, 1.9999999999999998, 1.9999999999999998, 1.9999999999999998, 1.9999999999999998, 1.9999999999999998, 1.2, 1.2, 1.9999999999999998, 1.2, 1.9999999999999998, 1.2, 1.9999999999999998]
T = 0.8	 step = 50
74.13
10.508568892045453
[16.0, 15.0, 19.0, 11.0, 7.0, 7.0, 8.0, 4.0, 25.0, 13.0, 34.0, 12.0, 18.0, 17.0, 23.0, 3.0, 4.0, 3.0, 8.0, 3.0, 21.0, 13.0, 22.0, 31.0, 2.0, 2.0, 7.0, 3.0]
[11.0, 16.0, 7.0, 11.0, 22.0, 26.0, 3.0, 8.0, 5.0, 25.0, 7.0, 34.0, 20.0, 3.0, 11.0, 3.0, 14.0, 33.0, 17.0, 17.0, 24.0, 6.0, 14.0, 27.0, 20.0, 29.0, 7.0, 25.0]
[2.5, 2.5, 2.5, 2.5, 3.5, 2.5, 2.5, 2.5, 5.0, 5.0, 9.0, 9.0, 3.0, 3.0, 3.0, 3.0, 3.0, 3.0, 3.0, 3.0, 1.2, 1.9999999999999998, 1.9999999999999998, 1.2, 1.9999999999999998, 1.2, 1.9999999999999998, 1.2]
[3.5, 3.5, 3.5, 3.5, 2.5, 3.5, 3.5, 3.5, 5.0, 5.0, 9.0, 9.0, 1.9999999999999998, 1.9999999999999998, 1.9999999999999998, 1.9999999999999998, 1.9999999999999998, 1.9999999999999998, 1.9999999999999998, 1.9999999999999998, 1.9999999999999998, 1.2, 1.2, 1.9999999999999998, 1.2, 1.9999999999999998, 1.2, 1.9999999999999998]
T = 0.8	 step = 51
74.02000000000004
10.56935724431818
[16.0, 15.0, 19.0, 11.0, 7.0, 6.0, 8.0, 4.0, 25.0, 13.0, 34.0, 12.0, 18.0, 17.0, 23.0, 3.0, 4.0, 3.0, 8.0, 3.0, 21.0, 13.0, 22.0, 31.0, 2.0, 2.0, 7.0, 3.0]
[11.0, 16.0, 7.0, 11.0, 22.0, 26.0, 3.0, 8.0, 5.0, 25.0, 7.0, 34.0, 20.0, 3.0, 11.0, 3.0, 14.0, 33.0, 17.0, 17.0, 24.0, 6.0, 14.0, 27.0, 20.0, 29.0, 7.0, 25.0]
[2.5, 2.5, 2.5, 2.5, 3.5, 2.5, 2.5, 2.5, 5.0, 5.0, 9.0, 9.0, 3.0, 3.0, 3.0, 3.0, 3.0, 3.0, 3.0, 3.0, 1.2, 1.9999999999999998, 1.9999999999999998, 1.2, 1.9999999999999998, 1.2, 1.9999999999999998, 1.2]
[3.5, 3.5, 3.5, 3.5, 2.5, 3.5, 3.5, 3.5, 5.0, 5.0, 9.0, 9.0, 1.9999999999999998, 1.9999999999999998, 1.9999999999999998, 1.9999999999999998, 1.9999999999999998, 1.9999999999999998, 1.9999999999999998, 1.9999999999999998, 1.9999999999999998, 1.2, 1.2, 1.9999999999999998, 1.2, 1.9999999999999998, 1.2, 1.9999999999999998]
T = 0.8	 step = 52
74.05000000000001
10.553835227272726
[16.0, 15.0, 19.0, 11.0, 7.0, 6.0, 8.0, 4.0, 25.0, 13.0, 34.0, 12.0, 18.0, 17.0, 23.0, 3.0, 4.0, 3.0, 8.0, 3.0, 20.0, 13.0, 22.0, 31.0, 2.0, 2.0, 7.0, 3.0]
[11.0, 16.0, 7.0, 11.0, 22.0, 26.0, 3.0, 8.0, 5.0, 25.0, 7.0, 34.0, 20.0, 3.0, 11.0, 3.0, 14.0, 33.0, 17.0, 17.0, 24.0, 6.0, 14.0, 27.0, 20.0, 29.0, 7.0, 25.0]
[2.5, 2.5, 2.5, 2.5, 3.5, 2.5, 2.5, 2.5, 5.0, 5.0, 9.0, 9.0, 3.0, 3.0, 3.0, 3.0, 3.0, 3.0, 3.0, 3.0, 1.2, 1.9999999999999998, 1.9999999999999998, 1.2, 1.9999999999999998, 1.2, 1.9999999999999998, 1.2]
[3.5, 3.5, 3.5, 3.5, 2.5, 3.5, 3.5, 3.5, 5.0, 5.0, 9.0, 9.0, 1.9999999999999998, 1.9999999999999998, 1.9999999999999998, 1.9999999999999998, 1.9999999999999998, 1.9999999999999998, 1.9999999999999998, 1.9999999999999998, 1.9999999999999998, 1.2, 1.2, 1.9999999999999998, 1.2, 1.9999999999999998, 1.2, 1.9999999999999998]
T = 0.8	 step = 53
74.06
10.57835227272727
[16.0, 15.0, 19.0, 11.0, 7.0, 6.0, 8.0, 4.0, 25.0, 13.0, 34.0, 12.0, 18.0, 17.0, 23.0, 3.0, 4.0, 3.0, 9.0, 3.0, 20.0, 13.0, 22.0, 31.0, 2.0, 2.0, 7.0, 3.0]
[11.0, 16.0, 7.0, 11.0, 22.0, 26.0, 3.0, 8.0, 5.0, 25.0, 7.0, 34.0, 20.0, 3.0, 11.0, 3.0, 14.0, 33.0, 17.0, 17.0, 24.0, 6.0, 14.0, 27.0, 20.0, 29.0, 7.0, 25.0]
[2.5, 2.5, 2.5, 2.5, 3.5, 2.5, 2.5, 2.5, 5.0, 5.0, 9.0, 9.0, 3.0, 3.0, 3.0, 3.0, 3.0, 3.0, 3.0, 3.0, 1.2, 1.9999999999999998, 1.9999999999999998, 1.2, 1.9999999999999998, 1.2, 1.9999999999999998, 1.2]
[3.5, 3.5, 3.5, 3.5, 2.5, 3.5, 3.5, 3.5, 5.0, 5.0, 9.0, 9.0, 1.9999999999999998, 1.9999999999999998, 1.9999999999999998, 1.9999999999999998, 1.9999999999999998, 1.9999999999999998, 1.9999999999999998, 1.9999999999999998, 1.9999999999999998, 1.2, 1.2, 1.9999999999999998, 1.2, 1.9999999999999998, 1.2, 1.9999999999999998]
T = 0.8	 step = 54
74.02000000000004
10.56272727272727
[16.0, 15.0, 19.0, 11.0, 7.0, 6.0, 8.0, 4.0, 25.0, 13.0, 34.0, 12.0, 18.0, 17.0, 23.0, 3.0, 4.0, 3.0, 9.0, 3.0, 20.0, 13.0, 22.0, 31.0, 2.0, 2.0, 7.0, 3.0]
[10.0, 16.0, 7.0, 11.0, 22.0, 26.0, 3.0, 8.0, 5.0, 25.0, 7.0, 34.0, 20.0, 3.0, 11.0, 3.0, 14.0, 33.0, 17.0, 17.0, 24.0, 6.0, 14.0, 27.0, 20.0, 29.0, 7.0, 25.0]
[2.5, 2.5, 2.5, 2.5, 3.5, 2.5, 2.5, 2.5, 5.0, 5.0, 9.0, 9.0, 3.0, 3.0, 3.0, 3.0, 3.0, 3.0, 3.0, 3.0, 1.2, 1.9999999999999998, 1.9999999999999998, 1.2, 1.9999999999999998, 1.2, 1.9999999999999998, 1.2]
[3.5, 3.5, 3.5, 3.5, 2.5, 3.5, 3.5, 3.5, 5.0, 5.0, 9.0, 9.0, 1.9999999999999998, 1.9999999999999998, 1.9999999999999998, 1.9999999999999998, 1.9999999999999998, 1.9999999999999998, 1.9999999999999998, 1.9999999999999998, 1.9999999999999998, 1.2, 1.2, 1.9999999999999998, 1.2, 1.9999999999999998, 1.2, 1.9999999999999998]
T = 0.8	 step = 55
74.03000000000003
10.540439453124998
[16.0, 15.0, 19.0, 11.0, 7.0, 6.0, 8.0, 4.0, 25.0, 13.0, 34.0, 12.0, 18.0, 17.0, 22.0, 3.0, 4.0, 3.0, 9.0, 3.0, 20.0, 13.0, 22.0, 31.0, 2.0, 2.0, 7.0, 3.0]
[10.0, 16.0, 7.0, 11.0, 22.0, 26.0, 3.0, 8.0, 5.0, 25.0, 7.0, 34.0, 20.0, 3.0, 11.0, 3.0, 14.0, 33.0, 17.0, 17.0, 24.0, 6.0, 14.0, 27.0, 20.0, 29.0, 7.0, 25.0]
[2.5, 2.5, 2.5, 2.5, 3.5, 2.5, 2.5, 2.5, 5.0, 5.0, 9.0, 9.0, 3.0, 3.0, 3.0, 3.0, 3.0, 3.0, 3.0, 3.0, 1.2, 1.9999999999999998, 1.9999999999999998, 1.2, 1.9999999999999998, 1.2, 1.9999999999999998, 1.2]
[3.5, 3.5, 3.5, 3.5, 2.5, 3.5, 3.5, 3.5, 5.0, 5.0, 9.0, 9.0, 1.9999999999999998, 1.9999999999999998, 1.9999999999999998, 1.9999999999999998, 1.9999999999999998, 1.9999999999999998, 1.9999999999999998, 1.9999999999999998, 1.9999999999999998, 1.2, 1.2, 1.9999999999999998, 1.2, 1.9999999999999998, 1.2, 1.9999999999999998]
T = 0.8	 step = 56
74.03000000000003
10.524814453124998
[16.0, 15.0, 19.0, 11.0, 7.0, 6.0, 8.0, 4.0, 25.0, 13.0, 34.0, 12.0, 18.0, 17.0, 22.0, 3.0, 4.0, 3.0, 9.0, 3.0, 20.0, 13.0, 22.0, 31.0, 2.0, 2.0, 7.0, 3.0]
[10.0, 16.0, 7.0, 11.0, 22.0, 26.0, 3.0, 8.0, 5.0, 25.0, 7.0, 34.0, 20.0, 3.0, 11.0, 3.0, 14.0, 33.0, 17.0, 17.0, 24.0, 6.0, 14.0, 27.0, 20.0, 29.0, 8.0, 25.0]
[2.5, 2.5, 2.5, 2.5, 3.5, 2.5, 2.5, 2.5, 5.0, 5.0, 9.0, 9.0, 3.0, 3.0, 3.0, 3.0, 3.0, 3.0, 3.0, 3.0, 1.2, 1.9999999999999998, 1.9999999999999998, 1.2, 1.9999999999999998, 1.2, 1.9999999999999998, 1.2]
[3.5, 3.5, 3.5, 3.5, 2.5, 3.5, 3.5, 3.5, 5.0, 5.0, 9.0, 9.0, 1.9999999999999998, 1.9999999999999998, 1.9999999999999998, 1.9999999999999998, 1.9999999999999998, 1.9999999999999998, 1.9999999999999998, 1.9999999999999998, 1.9999999999999998, 1.2, 1.2, 1.9999999999999998, 1.2, 1.9999999999999998, 1.2, 1.9999999999999998]
T = 0.8	 step = 57
74.04000000000002
10.53147727272727
[16.0, 15.0, 19.0, 11.0, 7.0, 6.0, 8.0, 4.0, 25.0, 13.0, 34.0, 12.0, 18.0, 17.0, 22.0, 3.0, 4.0, 3.0, 9.0, 3.0, 20.0, 13.0, 21.0, 31.0, 2.0, 2.0, 7.0, 3.0]
[10.0, 16.0, 7.0, 11.0, 22.0, 26.0, 3.0, 8.0, 5.0, 25.0, 7.0, 34.0, 20.0, 3.0, 11.0, 3.0, 14.0, 33.0, 17.0, 17.0, 24.0, 6.0, 14.0, 27.0, 20.0, 29.0, 8.0, 25.0]
[2.5, 2.5, 2.5, 2.5, 3.5, 2.5, 2.5, 2.5, 5.0, 5.0, 9.0, 9.0, 3.0, 3.0, 3.0, 3.0, 3.0, 3.0, 3.0, 3.0, 1.2, 1.9999999999999998, 1.9999999999999998, 1.2, 1.9999999999999998, 1.2, 1.9999999999999998, 1.2]
[3.5, 3.5, 3.5, 3.5, 2.5, 3.5, 3.5, 3.5, 5.0, 5.0, 9.0, 9.0, 1.9999999999999998, 1.9999999999999998, 1.9999999999999998, 1.9999999999999998, 1.9999999999999998, 1.9999999999999998, 1.9999999999999998, 1.9999999999999998, 1.9999999999999998, 1.2, 1.2, 1.9999999999999998, 1.2, 1.9999999999999998, 1.2, 1.9999999999999998]
T = 0.8	 step = 58
74.04000000000002
10.54710227272727
[16.0, 15.0, 19.0, 11.0, 7.0, 6.0, 8.0, 4.0, 25.0, 13.0, 34.0, 12.0, 18.0, 17.0, 22.0, 3.0, 4.0, 3.0, 9.0, 3.0, 20.0, 13.0, 21.0, 31.0, 2.0, 2.0, 7.0, 3.0]
[10.0, 16.0, 7.0, 11.0, 22.0, 26.0, 3.0, 8.0, 5.0, 25.0, 7.0, 34.0, 20.0, 3.0, 11.0, 3.0, 14.0, 33.0, 17.0, 17.0, 24.0, 6.0, 14.0, 28.0, 20.0, 29.0, 8.0, 25.0]
[2.5, 2.5, 2.5, 2.5, 3.5, 2.5, 2.5, 2.5, 5.0, 5.0, 9.0, 9.0, 3.0, 3.0, 3.0, 3.0, 3.0, 3.0, 3.0, 3.0, 1.2, 1.9999999999999998, 1.9999999999999998, 1.2, 1.9999999999999998, 1.2, 1.9999999999999998, 1.2]
[3.5, 3.5, 3.5, 3.5, 2.5, 3.5, 3.5, 3.5, 5.0, 5.0, 9.0, 9.0, 1.9999999999999998, 1.9999999999999998, 1.9999999999999998, 1.9999999999999998, 1.9999999999999998, 1.9999999999999998, 1.9999999999999998, 1.9999999999999998, 1.9999999999999998, 1.2, 1.2, 1.9999999999999998, 1.2, 1.9999999999999998, 1.2, 1.9999999999999998]
T = 0.8	 step = 59
74.06
10.538898259943181
[16.0, 15.0, 19.0, 11.0, 7.0, 6.0, 8.0, 4.0, 25.0, 13.0, 34.0, 12.0, 18.0, 17.0, 22.0, 3.0, 4.0, 3.0, 9.0, 4.0, 20.0, 13.0, 21.0, 31.0, 2.0, 2.0, 7.0, 3.0]
[10.0, 16.0, 7.0, 11.0, 22.0, 26.0, 3.0, 8.0, 5.0, 25.0, 7.0, 34.0, 20.0, 3.0, 11.0, 3.0, 14.0, 33.0, 17.0, 17.0, 24.0, 6.0, 14.0, 28.0, 20.0, 29.0, 8.0, 25.0]
[2.5, 2.5, 2.5, 2.5, 3.5, 2.5, 2.5, 2.5, 5.0, 5.0, 9.0, 9.0, 3.0, 3.0, 3.0, 3.0, 3.0, 3.0, 3.0, 3.0, 1.2, 1.9999999999999998, 1.9999999999999998, 1.2, 1.9999999999999998, 1.2, 1.9999999999999998, 1.2]
[3.5, 3.5, 3.5, 3.5, 2.5, 3.5, 3.5, 3.5, 5.0, 5.0, 9.0, 9.0, 1.9999999999999998, 1.9999999999999998, 1.9999999999999998, 1.9999999999999998, 1.9999999999999998, 1.9999999999999998, 1.9999999999999998, 1.9999999999999998, 1.9999999999999998, 1.2, 1.2, 1.9999999999999998, 1.2, 1.9999999999999998, 1.2, 1.9999999999999998]
T = 0.8	 step = 60
74.04000000000002
10.54710227272727
[16.0, 15.0, 19.0, 11.0, 7.0, 6.0, 8.0, 4.0, 25.0, 13.0, 34.0, 12.0, 18.0, 17.0, 22.0, 3.0, 4.0, 3.0, 9.0, 3.0, 20.0, 13.0, 21.0, 31.0, 2.0, 2.0, 7.0, 3.0]
[10.0, 16.0, 7.0, 11.0, 22.0, 26.0, 3.0, 8.0, 5.0, 25.0, 7.0, 34.0, 20.0, 3.0, 11.0, 3.0, 14.0, 33.0, 17.0, 17.0, 24.0, 6.0, 14.0, 28.0, 20.0, 29.0, 8.0, 25.0]
[2.5, 2.5, 2.5, 2.5, 3.5, 2.5, 2.5, 2.5, 5.0, 5.0, 9.0, 9.0, 3.0, 3.0, 3.0, 3.0, 3.0, 3.0, 3.0, 3.0, 1.2, 1.9999999999999998, 1.9999999999999998, 1.2, 1.9999999999999998, 1.2, 1.9999999999999998, 1.2]
[3.5, 3.5, 3.5, 3.5, 2.5, 3.5, 3.5, 3.5, 5.0, 5.0, 9.0, 9.0, 1.9999999999999998, 1.9999999999999998, 1.9999999999999998, 1.9999999999999998, 1.9999999999999998, 1.9999999999999998, 1.9999999999999998, 1.9999999999999998, 1.9999999999999998, 1.2, 1.2, 1.9999999999999998, 1.2, 1.9999999999999998, 1.2, 1.9999999999999998]
T = 0.8	 step = 61
74.06
10.558378018465907
[16.0, 15.0, 19.0, 11.0, 7.0, 6.0, 8.0, 4.0, 25.0, 13.0, 34.0, 12.0, 17.0, 17.0, 22.0, 3.0, 4.0, 3.0, 9.0, 3.0, 20.0, 13.0, 21.0, 31.0, 2.0, 2.0, 7.0, 3.0]
[10.0, 16.0, 7.0, 11.0, 22.0, 26.0, 3.0, 8.0, 5.0, 25.0, 7.0, 34.0, 20.0, 3.0, 11.0, 3.0, 14.0, 33.0, 17.0, 17.0, 24.0, 6.0, 14.0, 28.0, 20.0, 29.0, 8.0, 25.0]
[2.5, 2.5, 2.5, 2.5, 3.5, 2.5, 2.5, 2.5, 5.0, 5.0, 9.0, 9.0, 3.0, 3.0, 3.0, 3.0, 3.0, 3.0, 3.0, 3.0, 1.2, 1.9999999999999998, 1.9999999999999998, 1.2, 1.9999999999999998, 1.2, 1.9999999999999998, 1.2]
[3.5, 3.5, 3.5, 3.5, 2.5, 3.5, 3.5, 3.5, 5.0, 5.0, 9.0, 9.0, 1.9999999999999998, 1.9999999999999998, 1.9999999999999998, 1.9999999999999998, 1.9999999999999998, 1.9999999999999998, 1.9999999999999998, 1.9999999999999998, 1.9999999999999998, 1.2, 1.2, 1.9999999999999998, 1.2, 1.9999999999999998, 1.2, 1.9999999999999998]
T = 0.8	 step = 62
74.10000000000002
10.574003018465909
[16.0, 15.0, 19.0, 11.0, 7.0, 6.0, 8.0, 4.0, 25.0, 13.0, 34.0, 12.0, 17.0, 17.0, 22.0, 3.0, 4.0, 3.0, 9.0, 3.0, 20.0, 13.0, 21.0, 31.0, 2.0, 2.0, 7.0, 3.0]
[11.0, 16.0, 7.0, 11.0, 22.0, 26.0, 3.0, 8.0, 5.0, 25.0, 7.0, 34.0, 20.0, 3.0, 11.0, 3.0, 14.0, 33.0, 17.0, 17.0, 24.0, 6.0, 14.0, 28.0, 20.0, 29.0, 8.0, 25.0]
[2.5, 2.5, 2.5, 2.5, 3.5, 2.5, 2.5, 2.5, 5.0, 5.0, 9.0, 9.0, 3.0, 3.0, 3.0, 3.0, 3.0, 3.0, 3.0, 3.0, 1.2, 1.9999999999999998, 1.9999999999999998, 1.2, 1.9999999999999998, 1.2, 1.9999999999999998, 1.2]
[3.5, 3.5, 3.5, 3.5, 2.5, 3.5, 3.5, 3.5, 5.0, 5.0, 9.0, 9.0, 1.9999999999999998, 1.9999999999999998, 1.9999999999999998, 1.9999999999999998, 1.9999999999999998, 1.9999999999999998, 1.9999999999999998, 1.9999999999999998, 1.9999999999999998, 1.2, 1.2, 1.9999999999999998, 1.2, 1.9999999999999998, 1.2, 1.9999999999999998]
T = 0.8	 step = 63
73.5
12.82460316051136
[16.0, 15.0, 19.0, 11.0, 30.0, 6.0, 8.0, 4.0, 25.0, 13.0, 34.0, 12.0, 17.0, 17.0, 22.0, 3.0, 4.0, 3.0, 9.0, 3.0, 20.0, 13.0, 21.0, 31.0, 2.0, 2.0, 7.0, 3.0]
[11.0, 16.0, 7.0, 11.0, 34.0, 26.0, 3.0, 8.0, 5.0, 25.0, 7.0, 34.0, 20.0, 3.0, 11.0, 3.0, 14.0, 33.0, 17.0, 17.0, 24.0, 6.0, 14.0, 28.0, 20.0, 29.0, 8.0, 25.0]
[2.5, 2.5, 2.5, 2.5, 2.5, 2.5, 2.5, 2.5, 5.0, 5.0, 9.0, 9.0, 3.0, 3.0, 3.0, 3.0, 3.0, 3.0, 3.0, 3.0, 1.2, 1.9999999999999998, 1.9999999999999998, 1.2, 1.9999999999999998, 1.2, 1.9999999999999998, 1.2]
[3.5, 3.5, 3.5, 3.5, 3.5, 3.5, 3.5, 3.5, 5.0, 5.0, 9.0, 9.0, 1.9999999999999998, 1.9999999999999998, 1.9999999999999998, 1.9999999999999998, 1.9999999999999998, 1.9999999999999998, 1.9999999999999998, 1.9999999999999998, 1.9999999999999998, 1.2, 1.2, 1.9999999999999998, 1.2, 1.9999999999999998, 1.2, 1.9999999999999998]
T = 0.8	 step = 64
74.03000000000003
10.699708806818181
[16.0, 15.0, 19.0, 11.0, 7.0, 6.0, 8.0, 4.0, 25.0, 13.0, 34.0, 12.0, 17.0, 17.0, 22.0, 3.0, 4.0, 3.0, 9.0, 3.0, 20.0, 13.0, 21.0, 31.0, 2.0, 2.0, 7.0, 3.0]
[11.0, 16.0, 7.0, 11.0, 22.0, 26.0, 3.0, 8.0, 4.0, 25.0, 7.0, 34.0, 20.0, 3.0, 11.0, 3.0, 14.0, 33.0, 17.0, 17.0, 24.0, 6.0, 14.0, 28.0, 20.0, 29.0, 8.0, 25.0]
[2.5, 2.5, 2.5, 2.5, 3.5, 2.5, 2.5, 2.5, 5.0, 5.0, 9.0, 9.0, 3.0, 3.0, 3.0, 3.0, 3.0, 3.0, 3.0, 3.0, 1.2, 1.9999999999999998, 1.9999999999999998, 1.2, 1.9999999999999998, 1.2, 1.9999999999999998, 1.2]
[3.5, 3.5, 3.5, 3.5, 2.5, 3.5, 3.5, 3.5, 5.0, 5.0, 9.0, 9.0, 1.9999999999999998, 1.9999999999999998, 1.9999999999999998, 1.9999999999999998, 1.9999999999999998, 1.9999999999999998, 1.9999999999999998, 1.9999999999999998, 1.9999999999999998, 1.2, 1.2, 1.9999999999999998, 1.2, 1.9999999999999998, 1.2, 1.9999999999999998]
T = 0.8	 step = 65
74.04000000000002
10.668458806818181
[16.0, 15.0, 19.0, 11.0, 7.0, 6.0, 8.0, 4.0, 25.0, 13.0, 34.0, 12.0, 17.0, 17.0, 22.0, 3.0, 4.0, 3.0, 9.0, 3.0, 20.0, 13.0, 21.0, 31.0, 2.0, 2.0, 7.0, 3.0]
[11.0, 16.0, 7.0, 11.0, 22.0, 26.0, 3.0, 8.0, 4.0, 25.0, 7.0, 34.0, 20.0, 3.0, 11.0, 3.0, 14.0, 32.0, 17.0, 17.0, 24.0, 6.0, 14.0, 28.0, 20.0, 29.0, 8.0, 25.0]
[2.5, 2.5, 2.5, 2.5, 3.5, 2.5, 2.5, 2.5, 5.0, 5.0, 9.0, 9.0, 3.0, 3.0, 3.0, 3.0, 3.0, 3.0, 3.0, 3.0, 1.2, 1.9999999999999998, 1.9999999999999998, 1.2, 1.9999999999999998, 1.2, 1.9999999999999998, 1.2]
[3.5, 3.5, 3.5, 3.5, 2.5, 3.5, 3.5, 3.5, 5.0, 5.0, 9.0, 9.0, 1.9999999999999998, 1.9999999999999998, 1.9999999999999998, 1.9999999999999998, 1.9999999999999998, 1.9999999999999998, 1.9999999999999998, 1.9999999999999998, 1.9999999999999998, 1.2, 1.2, 1.9999999999999998, 1.2, 1.9999999999999998, 1.2, 1.9999999999999998]
T = 0.8	 step = 66
74.06
10.72705255681818
[16.0, 15.0, 19.0, 11.0, 7.0, 6.0, 8.0, 4.0, 25.0, 13.0, 34.0, 12.0, 17.0, 17.0, 22.0, 3.0, 4.0, 3.0, 9.0, 3.0, 20.0, 13.0, 21.0, 31.0, 2.0, 2.0, 7.0, 3.0]
[11.0, 16.0, 7.0, 11.0, 22.0, 26.0, 3.0, 8.0, 4.0, 25.0, 8.0, 34.0, 20.0, 3.0, 11.0, 3.0, 14.0, 32.0, 17.0, 17.0, 24.0, 6.0, 14.0, 28.0, 20.0, 29.0, 8.0, 25.0]
[2.5, 2.5, 2.5, 2.5, 3.5, 2.5, 2.5, 2.5, 5.0, 5.0, 9.0, 9.0, 3.0, 3.0, 3.0, 3.0, 3.0, 3.0, 3.0, 3.0, 1.2, 1.9999999999999998, 1.9999999999999998, 1.2, 1.9999999999999998, 1.2, 1.9999999999999998, 1.2]
[3.5, 3.5, 3.5, 3.5, 2.5, 3.5, 3.5, 3.5, 5.0, 5.0, 9.0, 9.0, 1.9999999999999998, 1.9999999999999998, 1.9999999999999998, 1.9999999999999998, 1.9999999999999998, 1.9999999999999998, 1.9999999999999998, 1.9999999999999998, 1.9999999999999998, 1.2, 1.2, 1.9999999999999998, 1.2, 1.9999999999999998, 1.2, 1.9999999999999998]
T = 0.8	 step = 67
74.06
10.742677556818181
[16.0, 15.0, 20.0, 11.0, 7.0, 6.0, 8.0, 4.0, 25.0, 13.0, 34.0, 12.0, 17.0, 17.0, 22.0, 3.0, 4.0, 3.0, 9.0, 3.0, 20.0, 13.0, 21.0, 31.0, 2.0, 2.0, 7.0, 3.0]
[11.0, 16.0, 7.0, 11.0, 22.0, 26.0, 3.0, 8.0, 4.0, 25.0, 8.0, 34.0, 20.0, 3.0, 11.0, 3.0, 14.0, 32.0, 17.0, 17.0, 24.0, 6.0, 14.0, 28.0, 20.0, 29.0, 8.0, 25.0]
[2.5, 2.5, 2.5, 2.5, 3.5, 2.5, 2.5, 2.5, 5.0, 5.0, 9.0, 9.0, 3.0, 3.0, 3.0, 3.0, 3.0, 3.0, 3.0, 3.0, 1.2, 1.9999999999999998, 1.9999999999999998, 1.2, 1.9999999999999998, 1.2, 1.9999999999999998, 1.2]
[3.5, 3.5, 3.5, 3.5, 2.5, 3.5, 3.5, 3.5, 5.0, 5.0, 9.0, 9.0, 1.9999999999999998, 1.9999999999999998, 1.9999999999999998, 1.9999999999999998, 1.9999999999999998, 1.9999999999999998, 1.9999999999999998, 1.9999999999999998, 1.9999999999999998, 1.2, 1.2, 1.9999999999999998, 1.2, 1.9999999999999998, 1.2, 1.9999999999999998]
T = 0.8	 step = 68
74.07000000000005
10.72727805397727
[16.0, 15.0, 20.0, 12.0, 7.0, 6.0, 8.0, 4.0, 25.0, 13.0, 34.0, 12.0, 17.0, 17.0, 22.0, 3.0, 4.0, 3.0, 9.0, 3.0, 20.0, 13.0, 21.0, 31.0, 2.0, 2.0, 7.0, 3.0]
[11.0, 16.0, 7.0, 11.0, 22.0, 26.0, 3.0, 8.0, 4.0, 25.0, 8.0, 34.0, 20.0, 3.0, 11.0, 3.0, 14.0, 32.0, 17.0, 17.0, 24.0, 6.0, 14.0, 28.0, 20.0, 29.0, 8.0, 25.0]
[2.5, 2.5, 2.5, 2.5, 3.5, 2.5, 2.5, 2.5, 5.0, 5.0, 9.0, 9.0, 3.0, 3.0, 3.0, 3.0, 3.0, 3.0, 3.0, 3.0, 1.2, 1.9999999999999998, 1.9999999999999998, 1.2, 1.9999999999999998, 1.2, 1.9999999999999998, 1.2]
[3.5, 3.5, 3.5, 3.5, 2.5, 3.5, 3.5, 3.5, 5.0, 5.0, 9.0, 9.0, 1.9999999999999998, 1.9999999999999998, 1.9999999999999998, 1.9999999999999998, 1.9999999999999998, 1.9999999999999998, 1.9999999999999998, 1.9999999999999998, 1.9999999999999998, 1.2, 1.2, 1.9999999999999998, 1.2, 1.9999999999999998, 1.2, 1.9999999999999998]
T = 0.8	 step = 69
74.26000000000005
12.491091086647726
[22.0, 15.0, 20.0, 12.0, 7.0, 6.0, 8.0, 4.0, 25.0, 13.0, 34.0, 12.0, 17.0, 17.0, 22.0, 3.0, 4.0, 3.0, 9.0, 3.0, 20.0, 13.0, 21.0, 31.0, 2.0, 2.0, 7.0, 3.0]
[30.0, 16.0, 7.0, 11.0, 22.0, 26.0, 3.0, 8.0, 4.0, 25.0, 8.0, 34.0, 20.0, 3.0, 11.0, 3.0, 14.0, 32.0, 17.0, 17.0, 24.0, 6.0, 14.0, 28.0, 20.0, 29.0, 8.0, 25.0]
[2.5, 2.5, 2.5, 2.5, 3.5, 2.5, 2.5, 2.5, 5.0, 5.0, 9.0, 9.0, 3.0, 3.0, 3.0, 3.0, 3.0, 3.0, 3.0, 3.0, 1.2, 1.9999999999999998, 1.9999999999999998, 1.2, 1.9999999999999998, 1.2, 1.9999999999999998, 1.2]
[3.5, 3.5, 3.5, 3.5, 2.5, 3.5, 3.5, 3.5, 5.0, 5.0, 9.0, 9.0, 1.9999999999999998, 1.9999999999999998, 1.9999999999999998, 1.9999999999999998, 1.9999999999999998, 1.9999999999999998, 1.9999999999999998, 1.9999999999999998, 1.9999999999999998, 1.2, 1.2, 1.9999999999999998, 1.2, 1.9999999999999998, 1.2, 1.9999999999999998]
T = 0.8	 step = 70
74.09000000000003
10.758713600852271
[16.0, 15.0, 20.0, 12.0, 7.0, 6.0, 8.0, 4.0, 25.0, 13.0, 34.0, 12.0, 17.0, 17.0, 22.0, 3.0, 4.0, 3.0, 9.0, 3.0, 20.0, 13.0, 21.0, 31.0, 2.0, 2.0, 7.0, 3.0]
[11.0, 16.0, 7.0, 11.0, 22.0, 26.0, 3.0, 8.0, 4.0, 25.0, 8.0, 34.0, 20.0, 3.0, 11.0, 3.0, 14.0, 32.0, 18.0, 17.0, 24.0, 6.0, 14.0, 28.0, 20.0, 29.0, 8.0, 25.0]
[2.5, 2.5, 2.5, 2.5, 3.5, 2.5, 2.5, 2.5, 5.0, 5.0, 9.0, 9.0, 3.0, 3.0, 3.0, 3.0, 3.0, 3.0, 3.0, 3.0, 1.2, 1.9999999999999998, 1.9999999999999998, 1.2, 1.9999999999999998, 1.2, 1.9999999999999998, 1.2]
[3.5, 3.5, 3.5, 3.5, 2.5, 3.5, 3.5, 3.5, 5.0, 5.0, 9.0, 9.0, 1.9999999999999998, 1.9999999999999998, 1.9999999999999998, 1.9999999999999998, 1.9999999999999998, 1.9999999999999998, 1.9999999999999998, 1.9999999999999998, 1.9999999999999998, 1.2, 1.2, 1.9999999999999998, 1.2, 1.9999999999999998, 1.2, 1.9999999999999998]
T = 0.8	 step = 71
74.08000000000004
10.77411310369318
[16.0, 15.0, 20.0, 11.0, 7.0, 6.0, 8.0, 4.0, 25.0, 13.0, 34.0, 12.0, 17.0, 17.0, 22.0, 3.0, 4.0, 3.0, 9.0, 3.0, 20.0, 13.0, 21.0, 31.0, 2.0, 2.0, 7.0, 3.0]
[11.0, 16.0, 7.0, 11.0, 22.0, 26.0, 3.0, 8.0, 4.0, 25.0, 8.0, 34.0, 20.0, 3.0, 11.0, 3.0, 14.0, 32.0, 18.0, 17.0, 24.0, 6.0, 14.0, 28.0, 20.0, 29.0, 8.0, 25.0]
[2.5, 2.5, 2.5, 2.5, 3.5, 2.5, 2.5, 2.5, 5.0, 5.0, 9.0, 9.0, 3.0, 3.0, 3.0, 3.0, 3.0, 3.0, 3.0, 3.0, 1.2, 1.9999999999999998, 1.9999999999999998, 1.2, 1.9999999999999998, 1.2, 1.9999999999999998, 1.2]
[3.5, 3.5, 3.5, 3.5, 2.5, 3.5, 3.5, 3.5, 5.0, 5.0, 9.0, 9.0, 1.9999999999999998, 1.9999999999999998, 1.9999999999999998, 1.9999999999999998, 1.9999999999999998, 1.9999999999999998, 1.9999999999999998, 1.9999999999999998, 1.9999999999999998, 1.2, 1.2, 1.9999999999999998, 1.2, 1.9999999999999998, 1.2, 1.9999999999999998]
T = 0.8	 step = 72
74.06
10.742677556818181
[16.0, 15.0, 20.0, 11.0, 7.0, 6.0, 8.0, 4.0, 25.0, 13.0, 34.0, 12.0, 17.0, 17.0, 22.0, 3.0, 4.0, 3.0, 9.0, 3.0, 20.0, 13.0, 21.0, 31.0, 2.0, 2.0, 7.0, 3.0]
[11.0, 16.0, 7.0, 11.0, 22.0, 26.0, 3.0, 8.0, 4.0, 25.0, 8.0, 34.0, 20.0, 3.0, 11.0, 3.0, 14.0, 32.0, 17.0, 17.0, 24.0, 6.0, 14.0, 28.0, 20.0, 29.0, 8.0, 25.0]
[2.5, 2.5, 2.5, 2.5, 3.5, 2.5, 2.5, 2.5, 5.0, 5.0, 9.0, 9.0, 3.0, 3.0, 3.0, 3.0, 3.0, 3.0, 3.0, 3.0, 1.2, 1.9999999999999998, 1.9999999999999998, 1.2, 1.9999999999999998, 1.2, 1.9999999999999998, 1.2]
[3.5, 3.5, 3.5, 3.5, 2.5, 3.5, 3.5, 3.5, 5.0, 5.0, 9.0, 9.0, 1.9999999999999998, 1.9999999999999998, 1.9999999999999998, 1.9999999999999998, 1.9999999999999998, 1.9999999999999998, 1.9999999999999998, 1.9999999999999998, 1.9999999999999998, 1.2, 1.2, 1.9999999999999998, 1.2, 1.9999999999999998, 1.2, 1.9999999999999998]
T = 0.8	 step = 73
74.03000000000003
10.72705255681818
[16.0, 15.0, 20.0, 11.0, 7.0, 6.0, 8.0, 4.0, 25.0, 13.0, 34.0, 12.0, 17.0, 17.0, 22.0, 3.0, 4.0, 3.0, 9.0, 3.0, 20.0, 13.0, 21.0, 31.0, 2.0, 2.0, 7.0, 3.0]
[10.0, 16.0, 7.0, 11.0, 22.0, 26.0, 3.0, 8.0, 4.0, 25.0, 8.0, 34.0, 20.0, 3.0, 11.0, 3.0, 14.0, 32.0, 17.0, 17.0, 24.0, 6.0, 14.0, 28.0, 20.0, 29.0, 8.0, 25.0]
[2.5, 2.5, 2.5, 2.5, 3.5, 2.5, 2.5, 2.5, 5.0, 5.0, 9.0, 9.0, 3.0, 3.0, 3.0, 3.0, 3.0, 3.0, 3.0, 3.0, 1.2, 1.9999999999999998, 1.9999999999999998, 1.2, 1.9999999999999998, 1.2, 1.9999999999999998, 1.2]
[3.5, 3.5, 3.5, 3.5, 2.5, 3.5, 3.5, 3.5, 5.0, 5.0, 9.0, 9.0, 1.9999999999999998, 1.9999999999999998, 1.9999999999999998, 1.9999999999999998, 1.9999999999999998, 1.9999999999999998, 1.9999999999999998, 1.9999999999999998, 1.9999999999999998, 1.2, 1.2, 1.9999999999999998, 1.2, 1.9999999999999998, 1.2, 1.9999999999999998]
T = 0.8	 step = 74
74.05000000000001
10.680177556818181
[16.0, 15.0, 20.0, 11.0, 7.0, 6.0, 8.0, 4.0, 25.0, 13.0, 34.0, 12.0, 17.0, 17.0, 22.0, 3.0, 4.0, 3.0, 9.0, 3.0, 20.0, 13.0, 21.0, 31.0, 2.0, 2.0, 7.0, 3.0]
[10.0, 16.0, 7.0, 11.0, 22.0, 26.0, 3.0, 9.0, 4.0, 25.0, 8.0, 34.0, 20.0, 3.0, 11.0, 3.0, 14.0, 32.0, 17.0, 17.0, 24.0, 6.0, 14.0, 28.0, 20.0, 29.0, 8.0, 25.0]
[2.5, 2.5, 2.5, 2.5, 3.5, 2.5, 2.5, 2.5, 5.0, 5.0, 9.0, 9.0, 3.0, 3.0, 3.0, 3.0, 3.0, 3.0, 3.0, 3.0, 1.2, 1.9999999999999998, 1.9999999999999998, 1.2, 1.9999999999999998, 1.2, 1.9999999999999998, 1.2]
[3.5, 3.5, 3.5, 3.5, 2.5, 3.5, 3.5, 3.5, 5.0, 5.0, 9.0, 9.0, 1.9999999999999998, 1.9999999999999998, 1.9999999999999998, 1.9999999999999998, 1.9999999999999998, 1.9999999999999998, 1.9999999999999998, 1.9999999999999998, 1.9999999999999998, 1.2, 1.2, 1.9999999999999998, 1.2, 1.9999999999999998, 1.2, 1.9999999999999998]
T = 0.8	 step = 75
74.06
10.664655539772726
[16.0, 15.0, 20.0, 11.0, 7.0, 6.0, 8.0, 4.0, 25.0, 13.0, 34.0, 12.0, 17.0, 17.0, 22.0, 3.0, 4.0, 3.0, 9.0, 3.0, 19.0, 13.0, 21.0, 31.0, 2.0, 2.0, 7.0, 3.0]
[10.0, 16.0, 7.0, 11.0, 22.0, 26.0, 3.0, 9.0, 4.0, 25.0, 8.0, 34.0, 20.0, 3.0, 11.0, 3.0, 14.0, 32.0, 17.0, 17.0, 24.0, 6.0, 14.0, 28.0, 20.0, 29.0, 8.0, 25.0]
[2.5, 2.5, 2.5, 2.5, 3.5, 2.5, 2.5, 2.5, 5.0, 5.0, 9.0, 9.0, 3.0, 3.0, 3.0, 3.0, 3.0, 3.0, 3.0, 3.0, 1.2, 1.9999999999999998, 1.9999999999999998, 1.2, 1.9999999999999998, 1.2, 1.9999999999999998, 1.2]
[3.5, 3.5, 3.5, 3.5, 2.5, 3.5, 3.5, 3.5, 5.0, 5.0, 9.0, 9.0, 1.9999999999999998, 1.9999999999999998, 1.9999999999999998, 1.9999999999999998, 1.9999999999999998, 1.9999999999999998, 1.9999999999999998, 1.9999999999999998, 1.9999999999999998, 1.2, 1.2, 1.9999999999999998, 1.2, 1.9999999999999998, 1.2, 1.9999999999999998]
T = 0.8	 step = 76
74.08000000000004
10.617780539772726
[16.0, 15.0, 20.0, 11.0, 7.0, 6.0, 8.0, 4.0, 25.0, 13.0, 34.0, 12.0, 17.0, 17.0, 22.0, 3.0, 4.0, 3.0, 9.0, 3.0, 19.0, 13.0, 21.0, 31.0, 2.0, 2.0, 7.0, 3.0]
[10.0, 16.0, 7.0, 11.0, 22.0, 26.0, 3.0, 10.0, 4.0, 25.0, 8.0, 34.0, 20.0, 3.0, 11.0, 3.0, 14.0, 32.0, 17.0, 17.0, 24.0, 6.0, 14.0, 28.0, 20.0, 29.0, 8.0, 25.0]
[2.5, 2.5, 2.5, 2.5, 3.5, 2.5, 2.5, 2.5, 5.0, 5.0, 9.0, 9.0, 3.0, 3.0, 3.0, 3.0, 3.0, 3.0, 3.0, 3.0, 1.2, 1.9999999999999998, 1.9999999999999998, 1.2, 1.9999999999999998, 1.2, 1.9999999999999998, 1.2]
[3.5, 3.5, 3.5, 3.5, 2.5, 3.5, 3.5, 3.5, 5.0, 5.0, 9.0, 9.0, 1.9999999999999998, 1.9999999999999998, 1.9999999999999998, 1.9999999999999998, 1.9999999999999998, 1.9999999999999998, 1.9999999999999998, 1.9999999999999998, 1.9999999999999998, 1.2, 1.2, 1.9999999999999998, 1.2, 1.9999999999999998, 1.2, 1.9999999999999998]
T = 0.8	 step = 77
74.08000000000004
10.633405539772726
[16.0, 15.0, 20.0, 11.0, 7.0, 6.0, 8.0, 4.0, 25.0, 13.0, 34.0, 12.0, 17.0, 17.0, 22.0, 3.0, 4.0, 3.0, 9.0, 3.0, 19.0, 13.0, 21.0, 31.0, 2.0, 2.0, 7.0, 3.0]
[10.0, 16.0, 7.0, 11.0, 22.0, 26.0, 3.0, 10.0, 4.0, 25.0, 8.0, 34.0, 20.0, 3.0, 11.0, 3.0, 14.0, 32.0, 17.0, 17.0, 24.0, 6.0, 14.0, 28.0, 20.0, 28.0, 8.0, 25.0]
[2.5, 2.5, 2.5, 2.5, 3.5, 2.5, 2.5, 2.5, 5.0, 5.0, 9.0, 9.0, 3.0, 3.0, 3.0, 3.0, 3.0, 3.0, 3.0, 3.0, 1.2, 1.9999999999999998, 1.9999999999999998, 1.2, 1.9999999999999998, 1.2, 1.9999999999999998, 1.2]
[3.5, 3.5, 3.5, 3.5, 2.5, 3.5, 3.5, 3.5, 5.0, 5.0, 9.0, 9.0, 1.9999999999999998, 1.9999999999999998, 1.9999999999999998, 1.9999999999999998, 1.9999999999999998, 1.9999999999999998, 1.9999999999999998, 1.9999999999999998, 1.9999999999999998, 1.2, 1.2, 1.9999999999999998, 1.2, 1.9999999999999998, 1.2, 1.9999999999999998]
T = 0.8	 step = 78
74.16000000000003
10.64428799715909
[16.0, 15.0, 20.0, 11.0, 7.0, 6.0, 8.0, 4.0, 25.0, 13.0, 34.0, 12.0, 17.0, 17.0, 22.0, 3.0, 4.0, 3.0, 9.0, 3.0, 19.0, 13.0, 21.0, 31.0, 2.0, 2.0, 21.0, 3.0]
[10.0, 16.0, 7.0, 11.0, 22.0, 26.0, 3.0, 10.0, 4.0, 25.0, 8.0, 34.0, 20.0, 3.0, 11.0, 3.0, 14.0, 32.0, 17.0, 17.0, 24.0, 6.0, 14.0, 28.0, 20.0, 28.0, 18.0, 25.0]
[2.5, 2.5, 2.5, 2.5, 3.5, 2.5, 2.5, 2.5, 5.0, 5.0, 9.0, 9.0, 3.0, 3.0, 3.0, 3.0, 3.0, 3.0, 3.0, 3.0, 1.2, 1.9999999999999998, 1.9999999999999998, 1.2, 1.9999999999999998, 1.2, 1.9999999999999998, 1.2]
[3.5, 3.5, 3.5, 3.5, 2.5, 3.5, 3.5, 3.5, 5.0, 5.0, 9.0, 9.0, 1.9999999999999998, 1.9999999999999998, 1.9999999999999998, 1.9999999999999998, 1.9999999999999998, 1.9999999999999998, 1.9999999999999998, 1.9999999999999998, 1.9999999999999998, 1.2, 1.2, 1.9999999999999998, 1.2, 1.9999999999999998, 1.2, 1.9999999999999998]
T = 0.8	 step = 79
74.18
10.652914595170454
[16.0, 15.0, 20.0, 11.0, 7.0, 6.0, 8.0, 4.0, 25.0, 13.0, 34.0, 12.0, 16.0, 17.0, 22.0, 3.0, 4.0, 3.0, 9.0, 3.0, 19.0, 13.0, 21.0, 31.0, 2.0, 2.0, 21.0, 3.0]
[10.0, 16.0, 7.0, 11.0, 22.0, 26.0, 3.0, 10.0, 4.0, 25.0, 8.0, 34.0, 20.0, 3.0, 11.0, 3.0, 14.0, 32.0, 17.0, 17.0, 24.0, 6.0, 14.0, 28.0, 20.0, 28.0, 18.0, 25.0]
[2.5, 2.5, 2.5, 2.5, 3.5, 2.5, 2.5, 2.5, 5.0, 5.0, 9.0, 9.0, 3.0, 3.0, 3.0, 3.0, 3.0, 3.0, 3.0, 3.0, 1.2, 1.9999999999999998, 1.9999999999999998, 1.2, 1.9999999999999998, 1.2, 1.9999999999999998, 1.2]
[3.5, 3.5, 3.5, 3.5, 2.5, 3.5, 3.5, 3.5, 5.0, 5.0, 9.0, 9.0, 1.9999999999999998, 1.9999999999999998, 1.9999999999999998, 1.9999999999999998, 1.9999999999999998, 1.9999999999999998, 1.9999999999999998, 1.9999999999999998, 1.9999999999999998, 1.2, 1.2, 1.9999999999999998, 1.2, 1.9999999999999998, 1.2, 1.9999999999999998]
T = 0.8	 step = 80
74.17000000000002
10.64625177556818
[16.0, 15.0, 20.0, 11.0, 7.0, 6.0, 8.0, 4.0, 25.0, 13.0, 34.0, 12.0, 16.0, 17.0, 22.0, 3.0, 4.0, 3.0, 9.0, 3.0, 19.0, 13.0, 22.0, 31.0, 2.0, 2.0, 21.0, 3.0]
[10.0, 16.0, 7.0, 11.0, 22.0, 26.0, 3.0, 10.0, 4.0, 25.0, 8.0, 34.0, 20.0, 3.0, 11.0, 3.0, 14.0, 32.0, 17.0, 17.0, 24.0, 6.0, 14.0, 28.0, 20.0, 28.0, 18.0, 25.0]
[2.5, 2.5, 2.5, 2.5, 3.5, 2.5, 2.5, 2.5, 5.0, 5.0, 9.0, 9.0, 3.0, 3.0, 3.0, 3.0, 3.0, 3.0, 3.0, 3.0, 1.2, 1.9999999999999998, 1.9999999999999998, 1.2, 1.9999999999999998, 1.2, 1.9999999999999998, 1.2]
[3.5, 3.5, 3.5, 3.5, 2.5, 3.5, 3.5, 3.5, 5.0, 5.0, 9.0, 9.0, 1.9999999999999998, 1.9999999999999998, 1.9999999999999998, 1.9999999999999998, 1.9999999999999998, 1.9999999999999998, 1.9999999999999998, 1.9999999999999998, 1.9999999999999998, 1.2, 1.2, 1.9999999999999998, 1.2, 1.9999999999999998, 1.2, 1.9999999999999998]
T = 0.8	 step = 81
74.17000000000002
10.63062677556818
[16.0, 15.0, 19.0, 11.0, 7.0, 6.0, 8.0, 4.0, 25.0, 13.0, 34.0, 12.0, 16.0, 17.0, 22.0, 3.0, 4.0, 3.0, 9.0, 3.0, 19.0, 13.0, 22.0, 31.0, 2.0, 2.0, 21.0, 3.0]
[10.0, 16.0, 7.0, 11.0, 22.0, 26.0, 3.0, 10.0, 4.0, 25.0, 8.0, 34.0, 20.0, 3.0, 11.0, 3.0, 14.0, 32.0, 17.0, 17.0, 24.0, 6.0, 14.0, 28.0, 20.0, 28.0, 18.0, 25.0]
[2.5, 2.5, 2.5, 2.5, 3.5, 2.5, 2.5, 2.5, 5.0, 5.0, 9.0, 9.0, 3.0, 3.0, 3.0, 3.0, 3.0, 3.0, 3.0, 3.0, 1.2, 1.9999999999999998, 1.9999999999999998, 1.2, 1.9999999999999998, 1.2, 1.9999999999999998, 1.2]
[3.5, 3.5, 3.5, 3.5, 2.5, 3.5, 3.5, 3.5, 5.0, 5.0, 9.0, 9.0, 1.9999999999999998, 1.9999999999999998, 1.9999999999999998, 1.9999999999999998, 1.9999999999999998, 1.9999999999999998, 1.9999999999999998, 1.9999999999999998, 1.9999999999999998, 1.2, 1.2, 1.9999999999999998, 1.2, 1.9999999999999998, 1.2, 1.9999999999999998]
T = 0.6400000000000001	 step = 82
74.17000000000002
10.630626775568182
[16.0, 15.0, 19.0, 11.0, 7.0, 6.0, 8.0, 4.0, 24.0, 13.0, 34.0, 12.0, 16.0, 17.0, 22.0, 3.0, 4.0, 3.0, 9.0, 3.0, 19.0, 13.0, 22.0, 31.0, 2.0, 2.0, 21.0, 3.0]
[10.0, 16.0, 7.0, 11.0, 22.0, 26.0, 3.0, 10.0, 4.0, 25.0, 8.0, 34.0, 20.0, 3.0, 11.0, 3.0, 14.0, 32.0, 17.0, 17.0, 24.0, 6.0, 14.0, 28.0, 20.0, 28.0, 18.0, 25.0]
[2.5, 2.5, 2.5, 2.5, 3.5, 2.5, 2.5, 2.5, 5.0, 5.0, 9.0, 9.0, 3.0, 3.0, 3.0, 3.0, 3.0, 3.0, 3.0, 3.0, 1.2, 1.9999999999999998, 1.9999999999999998, 1.2, 1.9999999999999998, 1.2, 1.9999999999999998, 1.2]
[3.5, 3.5, 3.5, 3.5, 2.5, 3.5, 3.5, 3.5, 5.0, 5.0, 9.0, 9.0, 1.9999999999999998, 1.9999999999999998, 1.9999999999999998, 1.9999999999999998, 1.9999999999999998, 1.9999999999999998, 1.9999999999999998, 1.9999999999999998, 1.9999999999999998, 1.2, 1.2, 1.9999999999999998, 1.2, 1.9999999999999998, 1.2, 1.9999999999999998]
T = 0.6400000000000001	 step = 83
74.19
10.62242276278409
[16.0, 15.0, 19.0, 11.0, 7.0, 6.0, 8.0, 4.0, 24.0, 13.0, 34.0, 12.0, 16.0, 17.0, 22.0, 3.0, 4.0, 3.0, 9.0, 4.0, 19.0, 13.0, 22.0, 31.0, 2.0, 2.0, 21.0, 3.0]
[10.0, 16.0, 7.0, 11.0, 22.0, 26.0, 3.0, 10.0, 4.0, 25.0, 8.0, 34.0, 20.0, 3.0, 11.0, 3.0, 14.0, 32.0, 17.0, 17.0, 24.0, 6.0, 14.0, 28.0, 20.0, 28.0, 18.0, 25.0]
[2.5, 2.5, 2.5, 2.5, 3.5, 2.5, 2.5, 2.5, 5.0, 5.0, 9.0, 9.0, 3.0, 3.0, 3.0, 3.0, 3.0, 3.0, 3.0, 3.0, 1.2, 1.9999999999999998, 1.9999999999999998, 1.2, 1.9999999999999998, 1.2, 1.9999999999999998, 1.2]
[3.5, 3.5, 3.5, 3.5, 2.5, 3.5, 3.5, 3.5, 5.0, 5.0, 9.0, 9.0, 1.9999999999999998, 1.9999999999999998, 1.9999999999999998, 1.9999999999999998, 1.9999999999999998, 1.9999999999999998, 1.9999999999999998, 1.9999999999999998, 1.9999999999999998, 1.2, 1.2, 1.9999999999999998, 1.2, 1.9999999999999998, 1.2, 1.9999999999999998]
T = 0.6400000000000001	 step = 84
74.19
10.60679776278409
[16.0, 15.0, 19.0, 11.0, 7.0, 6.0, 8.0, 4.0, 24.0, 13.0, 34.0, 12.0, 16.0, 17.0, 22.0, 3.0, 4.0, 3.0, 9.0, 4.0, 19.0, 13.0, 22.0, 31.0, 2.0, 2.0, 21.0, 3.0]
[10.0, 16.0, 7.0, 11.0, 22.0, 26.0, 3.0, 10.0, 4.0, 25.0, 8.0, 34.0, 20.0, 3.0, 11.0, 3.0, 14.0, 32.0, 17.0, 17.0, 24.0, 6.0, 14.0, 27.0, 20.0, 28.0, 18.0, 25.0]
[2.5, 2.5, 2.5, 2.5, 3.5, 2.5, 2.5, 2.5, 5.0, 5.0, 9.0, 9.0, 3.0, 3.0, 3.0, 3.0, 3.0, 3.0, 3.0, 3.0, 1.2, 1.9999999999999998, 1.9999999999999998, 1.2, 1.9999999999999998, 1.2, 1.9999999999999998, 1.2]
[3.5, 3.5, 3.5, 3.5, 2.5, 3.5, 3.5, 3.5, 5.0, 5.0, 9.0, 9.0, 1.9999999999999998, 1.9999999999999998, 1.9999999999999998, 1.9999999999999998, 1.9999999999999998, 1.9999999999999998, 1.9999999999999998, 1.9999999999999998, 1.9999999999999998, 1.2, 1.2, 1.9999999999999998, 1.2, 1.9999999999999998, 1.2, 1.9999999999999998]
T = 0.6400000000000001	 step = 85
74.19
10.59117276278409
[16.0, 15.0, 19.0, 11.0, 7.0, 6.0, 8.0, 4.0, 24.0, 13.0, 34.0, 12.0, 16.0, 17.0, 22.0, 3.0, 4.0, 3.0, 9.0, 4.0, 19.0, 13.0, 22.0, 31.0, 2.0, 2.0, 21.0, 3.0]
[10.0, 16.0, 7.0, 11.0, 22.0, 26.0, 3.0, 10.0, 4.0, 25.0, 8.0, 34.0, 20.0, 3.0, 11.0, 3.0, 14.0, 32.0, 17.0, 17.0, 24.0, 6.0, 14.0, 27.0, 20.0, 28.0, 18.0, 24.0]
[2.5, 2.5, 2.5, 2.5, 3.5, 2.5, 2.5, 2.5, 5.0, 5.0, 9.0, 9.0, 3.0, 3.0, 3.0, 3.0, 3.0, 3.0, 3.0, 3.0, 1.2, 1.9999999999999998, 1.9999999999999998, 1.2, 1.9999999999999998, 1.2, 1.9999999999999998, 1.2]
[3.5, 3.5, 3.5, 3.5, 2.5, 3.5, 3.5, 3.5, 5.0, 5.0, 9.0, 9.0, 1.9999999999999998, 1.9999999999999998, 1.9999999999999998, 1.9999999999999998, 1.9999999999999998, 1.9999999999999998, 1.9999999999999998, 1.9999999999999998, 1.9999999999999998, 1.2, 1.2, 1.9999999999999998, 1.2, 1.9999999999999998, 1.2, 1.9999999999999998]
T = 0.6400000000000001	 step = 86
74.20000000000005
10.55992276278409
[16.0, 15.0, 19.0, 11.0, 7.0, 6.0, 8.0, 4.0, 24.0, 13.0, 34.0, 12.0, 16.0, 17.0, 22.0, 3.0, 4.0, 3.0, 9.0, 4.0, 19.0, 13.0, 22.0, 31.0, 2.0, 2.0, 21.0, 3.0]
[10.0, 16.0, 7.0, 11.0, 22.0, 26.0, 3.0, 10.0, 4.0, 25.0, 8.0, 34.0, 20.0, 3.0, 11.0, 4.0, 14.0, 32.0, 17.0, 17.0, 24.0, 6.0, 14.0, 27.0, 20.0, 28.0, 18.0, 24.0]
[2.5, 2.5, 2.5, 2.5, 3.5, 2.5, 2.5, 2.5, 5.0, 5.0, 9.0, 9.0, 3.0, 3.0, 3.0, 3.0, 3.0, 3.0, 3.0, 3.0, 1.2, 1.9999999999999998, 1.9999999999999998, 1.2, 1.9999999999999998, 1.2, 1.9999999999999998, 1.2]
[3.5, 3.5, 3.5, 3.5, 2.5, 3.5, 3.5, 3.5, 5.0, 5.0, 9.0, 9.0, 1.9999999999999998, 1.9999999999999998, 1.9999999999999998, 1.9999999999999998, 1.9999999999999998, 1.9999999999999998, 1.9999999999999998, 1.9999999999999998, 1.9999999999999998, 1.2, 1.2, 1.9999999999999998, 1.2, 1.9999999999999998, 1.2, 1.9999999999999998]
T = 0.6400000000000001	 step = 87
74.19
10.54429776278409
[16.0, 15.0, 19.0, 11.0, 7.0, 6.0, 8.0, 4.0, 24.0, 13.0, 34.0, 12.0, 16.0, 17.0, 22.0, 3.0, 4.0, 3.0, 9.0, 4.0, 19.0, 13.0, 22.0, 31.0, 2.0, 2.0, 21.0, 3.0]
[10.0, 16.0, 7.0, 11.0, 22.0, 26.0, 3.0, 10.0, 4.0, 25.0, 8.0, 34.0, 20.0, 3.0, 11.0, 4.0, 14.0, 32.0, 17.0, 17.0, 23.0, 6.0, 14.0, 27.0, 20.0, 28.0, 18.0, 24.0]
[2.5, 2.5, 2.5, 2.5, 3.5, 2.5, 2.5, 2.5, 5.0, 5.0, 9.0, 9.0, 3.0, 3.0, 3.0, 3.0, 3.0, 3.0, 3.0, 3.0, 1.2, 1.9999999999999998, 1.9999999999999998, 1.2, 1.9999999999999998, 1.2, 1.9999999999999998, 1.2]
[3.5, 3.5, 3.5, 3.5, 2.5, 3.5, 3.5, 3.5, 5.0, 5.0, 9.0, 9.0, 1.9999999999999998, 1.9999999999999998, 1.9999999999999998, 1.9999999999999998, 1.9999999999999998, 1.9999999999999998, 1.9999999999999998, 1.9999999999999998, 1.9999999999999998, 1.2, 1.2, 1.9999999999999998, 1.2, 1.9999999999999998, 1.2, 1.9999999999999998]
T = 0.6400000000000001	 step = 88
74.20000000000005
10.54429776278409
[16.0, 15.0, 19.0, 11.0, 7.0, 6.0, 8.0, 4.0, 24.0, 13.0, 34.0, 12.0, 16.0, 17.0, 22.0, 3.0, 5.0, 3.0, 9.0, 4.0, 19.0, 13.0, 22.0, 31.0, 2.0, 2.0, 21.0, 3.0]
[10.0, 16.0, 7.0, 11.0, 22.0, 26.0, 3.0, 10.0, 4.0, 25.0, 8.0, 34.0, 20.0, 3.0, 11.0, 4.0, 14.0, 32.0, 17.0, 17.0, 23.0, 6.0, 14.0, 27.0, 20.0, 28.0, 18.0, 24.0]
[2.5, 2.5, 2.5, 2.5, 3.5, 2.5, 2.5, 2.5, 5.0, 5.0, 9.0, 9.0, 3.0, 3.0, 3.0, 3.0, 3.0, 3.0, 3.0, 3.0, 1.2, 1.9999999999999998, 1.9999999999999998, 1.2, 1.9999999999999998, 1.2, 1.9999999999999998, 1.2]
[3.5, 3.5, 3.5, 3.5, 2.5, 3.5, 3.5, 3.5, 5.0, 5.0, 9.0, 9.0, 1.9999999999999998, 1.9999999999999998, 1.9999999999999998, 1.9999999999999998, 1.9999999999999998, 1.9999999999999998, 1.9999999999999998, 1.9999999999999998, 1.9999999999999998, 1.2, 1.2, 1.9999999999999998, 1.2, 1.9999999999999998, 1.2, 1.9999999999999998]
T = 0.6400000000000001	 step = 89
74.22000000000003
10.52867276278409
[16.0, 15.0, 19.0, 11.0, 7.0, 6.0, 8.0, 4.0, 24.0, 13.0, 34.0, 12.0, 16.0, 17.0, 22.0, 3.0, 5.0, 3.0, 9.0, 4.0, 18.0, 13.0, 22.0, 31.0, 2.0, 2.0, 21.0, 3.0]
[10.0, 16.0, 7.0, 11.0, 22.0, 26.0, 3.0, 10.0, 4.0, 25.0, 8.0, 34.0, 20.0, 3.0, 11.0, 4.0, 14.0, 32.0, 17.0, 17.0, 23.0, 6.0, 14.0, 27.0, 20.0, 28.0, 18.0, 24.0]
[2.5, 2.5, 2.5, 2.5, 3.5, 2.5, 2.5, 2.5, 5.0, 5.0, 9.0, 9.0, 3.0, 3.0, 3.0, 3.0, 3.0, 3.0, 3.0, 3.0, 1.2, 1.9999999999999998, 1.9999999999999998, 1.2, 1.9999999999999998, 1.2, 1.9999999999999998, 1.2]
[3.5, 3.5, 3.5, 3.5, 2.5, 3.5, 3.5, 3.5, 5.0, 5.0, 9.0, 9.0, 1.9999999999999998, 1.9999999999999998, 1.9999999999999998, 1.9999999999999998, 1.9999999999999998, 1.9999999999999998, 1.9999999999999998, 1.9999999999999998, 1.9999999999999998, 1.2, 1.2, 1.9999999999999998, 1.2, 1.9999999999999998, 1.2, 1.9999999999999998]
T = 0.6400000000000001	 step = 90
74.20000000000005
10.54429776278409
[16.0, 15.0, 19.0, 11.0, 7.0, 6.0, 8.0, 4.0, 24.0, 13.0, 34.0, 12.0, 16.0, 17.0, 22.0, 3.0, 5.0, 3.0, 9.0, 4.0, 19.0, 13.0, 22.0, 31.0, 2.0, 2.0, 21.0, 3.0]
[10.0, 16.0, 7.0, 11.0, 22.0, 26.0, 3.0, 10.0, 4.0, 25.0, 8.0, 34.0, 20.0, 3.0, 11.0, 4.0, 14.0, 32.0, 17.0, 17.0, 23.0, 6.0, 14.0, 27.0, 20.0, 28.0, 18.0, 24.0]
[2.5, 2.5, 2.5, 2.5, 3.5, 2.5, 2.5, 2.5, 5.0, 5.0, 9.0, 9.0, 3.0, 3.0, 3.0, 3.0, 3.0, 3.0, 3.0, 3.0, 1.2, 1.9999999999999998, 1.9999999999999998, 1.2, 1.9999999999999998, 1.2, 1.9999999999999998, 1.2]
[3.5, 3.5, 3.5, 3.5, 2.5, 3.5, 3.5, 3.5, 5.0, 5.0, 9.0, 9.0, 1.9999999999999998, 1.9999999999999998, 1.9999999999999998, 1.9999999999999998, 1.9999999999999998, 1.9999999999999998, 1.9999999999999998, 1.9999999999999998, 1.9999999999999998, 1.2, 1.2, 1.9999999999999998, 1.2, 1.9999999999999998, 1.2, 1.9999999999999998]
T = 0.6400000000000001	 step = 91
74.09000000000003
10.994300426136363
[16.0, 15.0, 19.0, 11.0, 7.0, 6.0, 8.0, 4.0, 24.0, 13.0, 34.0, 12.0, 16.0, 17.0, 22.0, 3.0, 5.0, 3.0, 9.0, 4.0, 19.0, 13.0, 22.0, 31.0, 2.0, 2.0, 21.0, 34.0]
[10.0, 16.0, 7.0, 11.0, 22.0, 26.0, 3.0, 10.0, 4.0, 25.0, 8.0, 34.0, 20.0, 3.0, 11.0, 4.0, 14.0, 32.0, 17.0, 17.0, 23.0, 6.0, 14.0, 27.0, 20.0, 28.0, 18.0, 24.0]
[2.5, 2.5, 2.5, 2.5, 3.5, 2.5, 2.5, 2.5, 5.0, 5.0, 9.0, 9.0, 3.0, 3.0, 3.0, 3.0, 3.0, 3.0, 3.0, 3.0, 1.2, 1.9999999999999998, 1.9999999999999998, 1.2, 1.9999999999999998, 1.2, 1.9999999999999998, 1.2]
[3.5, 3.5, 3.5, 3.5, 2.5, 3.5, 3.5, 3.5, 5.0, 5.0, 9.0, 9.0, 1.9999999999999998, 1.9999999999999998, 1.9999999999999998, 1.9999999999999998, 1.9999999999999998, 1.9999999999999998, 1.9999999999999998, 1.9999999999999998, 1.9999999999999998, 1.2, 1.2, 1.9999999999999998, 1.2, 1.9999999999999998, 1.2, 1.9999999999999998]
T = 0.6400000000000001	 step = 92
74.04000000000002
11.070916193181818
[16.0, 15.0, 19.0, 11.0, 7.0, 5.0, 8.0, 4.0, 24.0, 13.0, 34.0, 12.0, 16.0, 17.0, 22.0, 3.0, 5.0, 3.0, 9.0, 4.0, 19.0, 13.0, 22.0, 31.0, 2.0, 2.0, 21.0, 34.0]
[10.0, 16.0, 7.0, 11.0, 22.0, 26.0, 3.0, 10.0, 4.0, 25.0, 8.0, 34.0, 20.0, 3.0, 11.0, 4.0, 14.0, 32.0, 17.0, 17.0, 23.0, 6.0, 14.0, 27.0, 20.0, 28.0, 18.0, 24.0]
[2.5, 2.5, 2.5, 2.5, 3.5, 2.5, 2.5, 2.5, 5.0, 5.0, 9.0, 9.0, 3.0, 3.0, 3.0, 3.0, 3.0, 3.0, 3.0, 3.0, 1.2, 1.9999999999999998, 1.9999999999999998, 1.2, 1.9999999999999998, 1.2, 1.9999999999999998, 1.2]
[3.5, 3.5, 3.5, 3.5, 2.5, 3.5, 3.5, 3.5, 5.0, 5.0, 9.0, 9.0, 1.9999999999999998, 1.9999999999999998, 1.9999999999999998, 1.9999999999999998, 1.9999999999999998, 1.9999999999999998, 1.9999999999999998, 1.9999999999999998, 1.9999999999999998, 1.2, 1.2, 1.9999999999999998, 1.2, 1.9999999999999998, 1.2, 1.9999999999999998]
T = 0.6400000000000001	 step = 93
74.18
11.46793323863636
[16.0, 15.0, 19.0, 11.0, 7.0, 5.0, 8.0, 4.0, 24.0, 13.0, 34.0, 12.0, 16.0, 24.0, 22.0, 3.0, 5.0, 3.0, 9.0, 4.0, 19.0, 13.0, 22.0, 31.0, 2.0, 2.0, 21.0, 34.0]
[10.0, 16.0, 7.0, 11.0, 22.0, 26.0, 3.0, 10.0, 4.0, 25.0, 8.0, 34.0, 20.0, 25.0, 11.0, 4.0, 14.0, 32.0, 17.0, 17.0, 23.0, 6.0, 14.0, 27.0, 20.0, 28.0, 18.0, 24.0]
[2.5, 2.5, 2.5, 2.5, 3.5, 2.5, 2.5, 2.5, 5.0, 5.0, 9.0, 9.0, 3.0, 1.9999999999999998, 3.0, 3.0, 3.0, 3.0, 3.0, 3.0, 1.2, 1.9999999999999998, 1.9999999999999998, 1.2, 1.9999999999999998, 1.2, 1.9999999999999998, 1.2]
[3.5, 3.5, 3.5, 3.5, 2.5, 3.5, 3.5, 3.5, 5.0, 5.0, 9.0, 9.0, 1.9999999999999998, 3.0, 1.9999999999999998, 1.9999999999999998, 1.9999999999999998, 1.9999999999999998, 1.9999999999999998, 1.9999999999999998, 1.9999999999999998, 1.2, 1.2, 1.9999999999999998, 1.2, 1.9999999999999998, 1.2, 1.9999999999999998]
T = 0.6400000000000001	 step = 94
74.09000000000003
11.50247425426136
[16.0, 15.0, 19.0, 11.0, 6.0, 5.0, 8.0, 4.0, 24.0, 13.0, 34.0, 12.0, 16.0, 24.0, 22.0, 3.0, 5.0, 3.0, 9.0, 4.0, 19.0, 13.0, 22.0, 31.0, 2.0, 2.0, 21.0, 34.0]
[10.0, 16.0, 7.0, 11.0, 22.0, 26.0, 3.0, 10.0, 4.0, 25.0, 8.0, 34.0, 20.0, 25.0, 11.0, 4.0, 14.0, 32.0, 17.0, 17.0, 23.0, 6.0, 14.0, 27.0, 20.0, 28.0, 18.0, 24.0]
[2.5, 2.5, 2.5, 2.5, 3.5, 2.5, 2.5, 2.5, 5.0, 5.0, 9.0, 9.0, 3.0, 1.9999999999999998, 3.0, 3.0, 3.0, 3.0, 3.0, 3.0, 1.2, 1.9999999999999998, 1.9999999999999998, 1.2, 1.9999999999999998, 1.2, 1.9999999999999998, 1.2]
[3.5, 3.5, 3.5, 3.5, 2.5, 3.5, 3.5, 3.5, 5.0, 5.0, 9.0, 9.0, 1.9999999999999998, 3.0, 1.9999999999999998, 1.9999999999999998, 1.9999999999999998, 1.9999999999999998, 1.9999999999999998, 1.9999999999999998, 1.9999999999999998, 1.2, 1.2, 1.9999999999999998, 1.2, 1.9999999999999998, 1.2, 1.9999999999999998]
T = 0.6400000000000001	 step = 95
74.09000000000003
11.518099254261362
[16.0, 15.0, 19.0, 11.0, 6.0, 5.0, 8.0, 4.0, 24.0, 13.0, 34.0, 12.0, 16.0, 24.0, 22.0, 3.0, 5.0, 3.0, 9.0, 4.0, 19.0, 13.0, 22.0, 31.0, 2.0, 2.0, 21.0, 34.0]
[10.0, 16.0, 7.0, 11.0, 22.0, 26.0, 3.0, 10.0, 4.0, 25.0, 8.0, 34.0, 20.0, 25.0, 11.0, 4.0, 14.0, 32.0, 17.0, 17.0, 23.0, 5.0, 14.0, 27.0, 20.0, 28.0, 18.0, 24.0]
[2.5, 2.5, 2.5, 2.5, 3.5, 2.5, 2.5, 2.5, 5.0, 5.0, 9.0, 9.0, 3.0, 1.9999999999999998, 3.0, 3.0, 3.0, 3.0, 3.0, 3.0, 1.2, 1.9999999999999998, 1.9999999999999998, 1.2, 1.9999999999999998, 1.2, 1.9999999999999998, 1.2]
[3.5, 3.5, 3.5, 3.5, 2.5, 3.5, 3.5, 3.5, 5.0, 5.0, 9.0, 9.0, 1.9999999999999998, 3.0, 1.9999999999999998, 1.9999999999999998, 1.9999999999999998, 1.9999999999999998, 1.9999999999999998, 1.9999999999999998, 1.9999999999999998, 1.2, 1.2, 1.9999999999999998, 1.2, 1.9999999999999998, 1.2, 1.9999999999999998]
T = 0.6400000000000001	 step = 96
74.07000000000005
11.50969815340909
[16.0, 15.0, 19.0, 11.0, 6.0, 5.0, 8.0, 4.0, 24.0, 13.0, 34.0, 12.0, 17.0, 24.0, 22.0, 3.0, 5.0, 3.0, 9.0, 4.0, 19.0, 13.0, 22.0, 31.0, 2.0, 2.0, 21.0, 34.0]
[10.0, 16.0, 7.0, 11.0, 22.0, 26.0, 3.0, 10.0, 4.0, 25.0, 8.0, 34.0, 20.0, 25.0, 11.0, 4.0, 14.0, 32.0, 17.0, 17.0, 23.0, 5.0, 14.0, 27.0, 20.0, 28.0, 18.0, 24.0]
[2.5, 2.5, 2.5, 2.5, 3.5, 2.5, 2.5, 2.5, 5.0, 5.0, 9.0, 9.0, 3.0, 1.9999999999999998, 3.0, 3.0, 3.0, 3.0, 3.0, 3.0, 1.2, 1.9999999999999998, 1.9999999999999998, 1.2, 1.9999999999999998, 1.2, 1.9999999999999998, 1.2]
[3.5, 3.5, 3.5, 3.5, 2.5, 3.5, 3.5, 3.5, 5.0, 5.0, 9.0, 9.0, 1.9999999999999998, 3.0, 1.9999999999999998, 1.9999999999999998, 1.9999999999999998, 1.9999999999999998, 1.9999999999999998, 1.9999999999999998, 1.9999999999999998, 1.2, 1.2, 1.9999999999999998, 1.2, 1.9999999999999998, 1.2, 1.9999999999999998]
T = 0.6400000000000001	 step = 97
74.09000000000003
11.405294744318178
[16.0, 15.0, 19.0, 11.0, 6.0, 5.0, 8.0, 4.0, 24.0, 13.0, 34.0, 12.0, 17.0, 24.0, 22.0, 3.0, 5.0, 3.0, 9.0, 4.0, 19.0, 13.0, 22.0, 31.0, 2.0, 2.0, 21.0, 34.0]
[10.0, 16.0, 7.0, 11.0, 22.0, 26.0, 4.0, 10.0, 4.0, 25.0, 8.0, 34.0, 20.0, 25.0, 11.0, 4.0, 14.0, 32.0, 17.0, 17.0, 23.0, 5.0, 14.0, 27.0, 20.0, 28.0, 18.0, 24.0]
[2.5, 2.5, 2.5, 2.5, 3.5, 2.5, 2.5, 2.5, 5.0, 5.0, 9.0, 9.0, 3.0, 1.9999999999999998, 3.0, 3.0, 3.0, 3.0, 3.0, 3.0, 1.2, 1.9999999999999998, 1.9999999999999998, 1.2, 1.9999999999999998, 1.2, 1.9999999999999998, 1.2]
[3.5, 3.5, 3.5, 3.5, 2.5, 3.5, 3.5, 3.5, 5.0, 5.0, 9.0, 9.0, 1.9999999999999998, 3.0, 1.9999999999999998, 1.9999999999999998, 1.9999999999999998, 1.9999999999999998, 1.9999999999999998, 1.9999999999999998, 1.9999999999999998, 1.2, 1.2, 1.9999999999999998, 1.2, 1.9999999999999998, 1.2, 1.9999999999999998]
T = 0.6400000000000001	 step = 98
74.08000000000004
11.427582563920453
[16.0, 15.0, 19.0, 11.0, 6.0, 5.0, 8.0, 4.0, 24.0, 13.0, 34.0, 12.0, 17.0, 24.0, 23.0, 3.0, 5.0, 3.0, 9.0, 4.0, 19.0, 13.0, 22.0, 31.0, 2.0, 2.0, 21.0, 34.0]
[10.0, 16.0, 7.0, 11.0, 22.0, 26.0, 4.0, 10.0, 4.0, 25.0, 8.0, 34.0, 20.0, 25.0, 11.0, 4.0, 14.0, 32.0, 17.0, 17.0, 23.0, 5.0, 14.0, 27.0, 20.0, 28.0, 18.0, 24.0]
[2.5, 2.5, 2.5, 2.5, 3.5, 2.5, 2.5, 2.5, 5.0, 5.0, 9.0, 9.0, 3.0, 1.9999999999999998, 3.0, 3.0, 3.0, 3.0, 3.0, 3.0, 1.2, 1.9999999999999998, 1.9999999999999998, 1.2, 1.9999999999999998, 1.2, 1.9999999999999998, 1.2]
[3.5, 3.5, 3.5, 3.5, 2.5, 3.5, 3.5, 3.5, 5.0, 5.0, 9.0, 9.0, 1.9999999999999998, 3.0, 1.9999999999999998, 1.9999999999999998, 1.9999999999999998, 1.9999999999999998, 1.9999999999999998, 1.9999999999999998, 1.9999999999999998, 1.2, 1.2, 1.9999999999999998, 1.2, 1.9999999999999998, 1.2, 1.9999999999999998]
T = 0.6400000000000001	 step = 99
74.10000000000002
11.430583274147724
[16.0, 15.0, 19.0, 11.0, 6.0, 5.0, 8.0, 4.0, 24.0, 13.0, 34.0, 12.0, 17.0, 24.0, 23.0, 3.0, 5.0, 4.0, 9.0, 4.0, 19.0, 13.0, 22.0, 31.0, 2.0, 2.0, 21.0, 34.0]
[10.0, 16.0, 7.0, 11.0, 22.0, 26.0, 4.0, 10.0, 4.0, 25.0, 8.0, 34.0, 20.0, 25.0, 11.0, 4.0, 14.0, 32.0, 17.0, 17.0, 23.0, 5.0, 14.0, 27.0, 20.0, 28.0, 18.0, 24.0]
[2.5, 2.5, 2.5, 2.5, 3.5, 2.5, 2.5, 2.5, 5.0, 5.0, 9.0, 9.0, 3.0, 1.9999999999999998, 3.0, 3.0, 3.0, 3.0, 3.0, 3.0, 1.2, 1.9999999999999998, 1.9999999999999998, 1.2, 1.9999999999999998, 1.2, 1.9999999999999998, 1.2]
[3.5, 3.5, 3.5, 3.5, 2.5, 3.5, 3.5, 3.5, 5.0, 5.0, 9.0, 9.0, 1.9999999999999998, 3.0, 1.9999999999999998, 1.9999999999999998, 1.9999999999999998, 1.9999999999999998, 1.9999999999999998, 1.9999999999999998, 1.9999999999999998, 1.2, 1.2, 1.9999999999999998, 1.2, 1.9999999999999998, 1.2, 1.9999999999999998]
T = 0.6400000000000001	 step = 100
74.08000000000004
11.456234019886363
[16.0, 15.0, 19.0, 11.0, 6.0, 5.0, 8.0, 4.0, 24.0, 13.0, 34.0, 12.0, 17.0, 24.0, 23.0, 3.0, 5.0, 4.0, 9.0, 3.0, 19.0, 13.0, 22.0, 31.0, 2.0, 2.0, 21.0, 34.0]
[10.0, 16.0, 7.0, 11.0, 22.0, 26.0, 4.0, 10.0, 4.0, 25.0, 8.0, 34.0, 20.0, 25.0, 11.0, 4.0, 14.0, 32.0, 17.0, 17.0, 23.0, 5.0, 14.0, 27.0, 20.0, 28.0, 18.0, 24.0]
[2.5, 2.5, 2.5, 2.5, 3.5, 2.5, 2.5, 2.5, 5.0, 5.0, 9.0, 9.0, 3.0, 1.9999999999999998, 3.0, 3.0, 3.0, 3.0, 3.0, 3.0, 1.2, 1.9999999999999998, 1.9999999999999998, 1.2, 1.9999999999999998, 1.2, 1.9999999999999998, 1.2]
[3.5, 3.5, 3.5, 3.5, 2.5, 3.5, 3.5, 3.5, 5.0, 5.0, 9.0, 9.0, 1.9999999999999998, 3.0, 1.9999999999999998, 1.9999999999999998, 1.9999999999999998, 1.9999999999999998, 1.9999999999999998, 1.9999999999999998, 1.9999999999999998, 1.2, 1.2, 1.9999999999999998, 1.2, 1.9999999999999998, 1.2, 1.9999999999999998]
T = 0.6400000000000001	 step = 101
74.10000000000002
11.464635120738636
[16.0, 15.0, 19.0, 11.0, 6.0, 5.0, 8.0, 4.0, 24.0, 13.0, 34.0, 12.0, 16.0, 24.0, 23.0, 3.0, 5.0, 4.0, 9.0, 3.0, 19.0, 13.0, 22.0, 31.0, 2.0, 2.0, 21.0, 34.0]
[10.0, 16.0, 7.0, 11.0, 22.0, 26.0, 4.0, 10.0, 4.0, 25.0, 8.0, 34.0, 20.0, 25.0, 11.0, 4.0, 14.0, 32.0, 17.0, 17.0, 23.0, 5.0, 14.0, 27.0, 20.0, 28.0, 18.0, 24.0]
[2.5, 2.5, 2.5, 2.5, 3.5, 2.5, 2.5, 2.5, 5.0, 5.0, 9.0, 9.0, 3.0, 1.9999999999999998, 3.0, 3.0, 3.0, 3.0, 3.0, 3.0, 1.2, 1.9999999999999998, 1.9999999999999998, 1.2, 1.9999999999999998, 1.2, 1.9999999999999998, 1.2]
[3.5, 3.5, 3.5, 3.5, 2.5, 3.5, 3.5, 3.5, 5.0, 5.0, 9.0, 9.0, 1.9999999999999998, 3.0, 1.9999999999999998, 1.9999999999999998, 1.9999999999999998, 1.9999999999999998, 1.9999999999999998, 1.9999999999999998, 1.9999999999999998, 1.2, 1.2, 1.9999999999999998, 1.2, 1.9999999999999998, 1.2, 1.9999999999999998]
T = 0.6400000000000001	 step = 102
74.10000000000002
11.433385120738635
[16.0, 15.0, 19.0, 11.0, 6.0, 5.0, 8.0, 4.0, 24.0, 13.0, 34.0, 12.0, 16.0, 24.0, 23.0, 4.0, 5.0, 4.0, 9.0, 3.0, 19.0, 13.0, 22.0, 31.0, 2.0, 2.0, 21.0, 34.0]
[10.0, 16.0, 7.0, 11.0, 22.0, 26.0, 4.0, 10.0, 4.0, 25.0, 8.0, 34.0, 20.0, 25.0, 11.0, 4.0, 14.0, 32.0, 17.0, 17.0, 23.0, 5.0, 14.0, 27.0, 20.0, 28.0, 18.0, 24.0]
[2.5, 2.5, 2.5, 2.5, 3.5, 2.5, 2.5, 2.5, 5.0, 5.0, 9.0, 9.0, 3.0, 1.9999999999999998, 3.0, 3.0, 3.0, 3.0, 3.0, 3.0, 1.2, 1.9999999999999998, 1.9999999999999998, 1.2, 1.9999999999999998, 1.2, 1.9999999999999998, 1.2]
[3.5, 3.5, 3.5, 3.5, 2.5, 3.5, 3.5, 3.5, 5.0, 5.0, 9.0, 9.0, 1.9999999999999998, 3.0, 1.9999999999999998, 1.9999999999999998, 1.9999999999999998, 1.9999999999999998, 1.9999999999999998, 1.9999999999999998, 1.9999999999999998, 1.2, 1.2, 1.9999999999999998, 1.2, 1.9999999999999998, 1.2, 1.9999999999999998]
T = 0.6400000000000001	 step = 103
74.11000000000001
11.449010120738635
[16.0, 15.0, 19.0, 11.0, 6.0, 5.0, 8.0, 4.0, 24.0, 13.0, 34.0, 12.0, 16.0, 24.0, 23.0, 4.0, 5.0, 4.0, 9.0, 3.0, 19.0, 13.0, 22.0, 31.0, 2.0, 2.0, 21.0, 34.0]
[10.0, 16.0, 7.0, 11.0, 22.0, 26.0, 4.0, 10.0, 4.0, 25.0, 8.0, 34.0, 20.0, 25.0, 11.0, 4.0, 14.0, 32.0, 17.0, 17.0, 23.0, 5.0, 14.0, 27.0, 20.0, 27.0, 18.0, 24.0]
[2.5, 2.5, 2.5, 2.5, 3.5, 2.5, 2.5, 2.5, 5.0, 5.0, 9.0, 9.0, 3.0, 1.9999999999999998, 3.0, 3.0, 3.0, 3.0, 3.0, 3.0, 1.2, 1.9999999999999998, 1.9999999999999998, 1.2, 1.9999999999999998, 1.2, 1.9999999999999998, 1.2]
[3.5, 3.5, 3.5, 3.5, 2.5, 3.5, 3.5, 3.5, 5.0, 5.0, 9.0, 9.0, 1.9999999999999998, 3.0, 1.9999999999999998, 1.9999999999999998, 1.9999999999999998, 1.9999999999999998, 1.9999999999999998, 1.9999999999999998, 1.9999999999999998, 1.2, 1.2, 1.9999999999999998, 1.2, 1.9999999999999998, 1.2, 1.9999999999999998]
T = 0.6400000000000001	 step = 104
74.16000000000003
11.333113458806816
[16.0, 15.0, 19.0, 11.0, 6.0, 5.0, 8.0, 4.0, 24.0, 12.0, 34.0, 12.0, 16.0, 24.0, 23.0, 4.0, 5.0, 4.0, 9.0, 3.0, 19.0, 13.0, 22.0, 31.0, 2.0, 2.0, 21.0, 34.0]
[10.0, 16.0, 7.0, 11.0, 22.0, 26.0, 4.0, 10.0, 4.0, 25.0, 8.0, 34.0, 20.0, 25.0, 11.0, 4.0, 14.0, 32.0, 17.0, 17.0, 23.0, 5.0, 14.0, 27.0, 20.0, 27.0, 18.0, 24.0]
[2.5, 2.5, 2.5, 2.5, 3.5, 2.5, 2.5, 2.5, 5.0, 5.0, 9.0, 9.0, 3.0, 1.9999999999999998, 3.0, 3.0, 3.0, 3.0, 3.0, 3.0, 1.2, 1.9999999999999998, 1.9999999999999998, 1.2, 1.9999999999999998, 1.2, 1.9999999999999998, 1.2]
[3.5, 3.5, 3.5, 3.5, 2.5, 3.5, 3.5, 3.5, 5.0, 5.0, 9.0, 9.0, 1.9999999999999998, 3.0, 1.9999999999999998, 1.9999999999999998, 1.9999999999999998, 1.9999999999999998, 1.9999999999999998, 1.9999999999999998, 1.9999999999999998, 1.2, 1.2, 1.9999999999999998, 1.2, 1.9999999999999998, 1.2, 1.9999999999999998]
T = 0.6400000000000001	 step = 105
74.15000000000003
11.41683771306818
[16.0, 15.0, 19.0, 11.0, 6.0, 5.0, 8.0, 3.0, 24.0, 12.0, 34.0, 12.0, 16.0, 24.0, 23.0, 4.0, 5.0, 4.0, 9.0, 3.0, 19.0, 13.0, 22.0, 31.0, 2.0, 2.0, 21.0, 34.0]
[10.0, 16.0, 7.0, 11.0, 22.0, 26.0, 4.0, 10.0, 4.0, 25.0, 8.0, 34.0, 20.0, 25.0, 11.0, 4.0, 14.0, 32.0, 17.0, 17.0, 23.0, 5.0, 14.0, 27.0, 20.0, 27.0, 18.0, 24.0]
[2.5, 2.5, 2.5, 2.5, 3.5, 2.5, 2.5, 2.5, 5.0, 5.0, 9.0, 9.0, 3.0, 1.9999999999999998, 3.0, 3.0, 3.0, 3.0, 3.0, 3.0, 1.2, 1.9999999999999998, 1.9999999999999998, 1.2, 1.9999999999999998, 1.2, 1.9999999999999998, 1.2]
[3.5, 3.5, 3.5, 3.5, 2.5, 3.5, 3.5, 3.5, 5.0, 5.0, 9.0, 9.0, 1.9999999999999998, 3.0, 1.9999999999999998, 1.9999999999999998, 1.9999999999999998, 1.9999999999999998, 1.9999999999999998, 1.9999999999999998, 1.9999999999999998, 1.2, 1.2, 1.9999999999999998, 1.2, 1.9999999999999998, 1.2, 1.9999999999999998]
T = 0.6400000000000001	 step = 106
74.15000000000003
11.40121271306818
[16.0, 15.0, 19.0, 11.0, 6.0, 5.0, 8.0, 3.0, 24.0, 12.0, 34.0, 12.0, 16.0, 24.0, 23.0, 4.0, 5.0, 4.0, 9.0, 3.0, 19.0, 13.0, 22.0, 31.0, 2.0, 2.0, 21.0, 33.0]
[10.0, 16.0, 7.0, 11.0, 22.0, 26.0, 4.0, 10.0, 4.0, 25.0, 8.0, 34.0, 20.0, 25.0, 11.0, 4.0, 14.0, 32.0, 17.0, 17.0, 23.0, 5.0, 14.0, 27.0, 20.0, 27.0, 18.0, 24.0]
[2.5, 2.5, 2.5, 2.5, 3.5, 2.5, 2.5, 2.5, 5.0, 5.0, 9.0, 9.0, 3.0, 1.9999999999999998, 3.0, 3.0, 3.0, 3.0, 3.0, 3.0, 1.2, 1.9999999999999998, 1.9999999999999998, 1.2, 1.9999999999999998, 1.2, 1.9999999999999998, 1.2]
[3.5, 3.5, 3.5, 3.5, 2.5, 3.5, 3.5, 3.5, 5.0, 5.0, 9.0, 9.0, 1.9999999999999998, 3.0, 1.9999999999999998, 1.9999999999999998, 1.9999999999999998, 1.9999999999999998, 1.9999999999999998, 1.9999999999999998, 1.9999999999999998, 1.2, 1.2, 1.9999999999999998, 1.2, 1.9999999999999998, 1.2, 1.9999999999999998]
T = 0.6400000000000001	 step = 107
74.16000000000003
11.386297940340908
[16.0, 15.0, 19.0, 12.0, 6.0, 5.0, 8.0, 3.0, 24.0, 12.0, 34.0, 12.0, 16.0, 24.0, 23.0, 4.0, 5.0, 4.0, 9.0, 3.0, 19.0, 13.0, 22.0, 31.0, 2.0, 2.0, 21.0, 33.0]
[10.0, 16.0, 7.0, 11.0, 22.0, 26.0, 4.0, 10.0, 4.0, 25.0, 8.0, 34.0, 20.0, 25.0, 11.0, 4.0, 14.0, 32.0, 17.0, 17.0, 23.0, 5.0, 14.0, 27.0, 20.0, 27.0, 18.0, 24.0]
[2.5, 2.5, 2.5, 2.5, 3.5, 2.5, 2.5, 2.5, 5.0, 5.0, 9.0, 9.0, 3.0, 1.9999999999999998, 3.0, 3.0, 3.0, 3.0, 3.0, 3.0, 1.2, 1.9999999999999998, 1.9999999999999998, 1.2, 1.9999999999999998, 1.2, 1.9999999999999998, 1.2]
[3.5, 3.5, 3.5, 3.5, 2.5, 3.5, 3.5, 3.5, 5.0, 5.0, 9.0, 9.0, 1.9999999999999998, 3.0, 1.9999999999999998, 1.9999999999999998, 1.9999999999999998, 1.9999999999999998, 1.9999999999999998, 1.9999999999999998, 1.9999999999999998, 1.2, 1.2, 1.9999999999999998, 1.2, 1.9999999999999998, 1.2, 1.9999999999999998]
T = 0.6400000000000001	 step = 108
74.11000000000001
11.50170987215909
[16.0, 15.0, 19.0, 12.0, 6.0, 5.0, 8.0, 3.0, 24.0, 13.0, 34.0, 12.0, 16.0, 24.0, 23.0, 4.0, 5.0, 4.0, 9.0, 3.0, 19.0, 13.0, 22.0, 31.0, 2.0, 2.0, 21.0, 33.0]
[10.0, 16.0, 7.0, 11.0, 22.0, 26.0, 4.0, 10.0, 4.0, 25.0, 8.0, 34.0, 20.0, 25.0, 11.0, 4.0, 14.0, 32.0, 17.0, 17.0, 23.0, 5.0, 14.0, 27.0, 20.0, 27.0, 18.0, 24.0]
[2.5, 2.5, 2.5, 2.5, 3.5, 2.5, 2.5, 2.5, 5.0, 5.0, 9.0, 9.0, 3.0, 1.9999999999999998, 3.0, 3.0, 3.0, 3.0, 3.0, 3.0, 1.2, 1.9999999999999998, 1.9999999999999998, 1.2, 1.9999999999999998, 1.2, 1.9999999999999998, 1.2]
[3.5, 3.5, 3.5, 3.5, 2.5, 3.5, 3.5, 3.5, 5.0, 5.0, 9.0, 9.0, 1.9999999999999998, 3.0, 1.9999999999999998, 1.9999999999999998, 1.9999999999999998, 1.9999999999999998, 1.9999999999999998, 1.9999999999999998, 1.9999999999999998, 1.2, 1.2, 1.9999999999999998, 1.2, 1.9999999999999998, 1.2, 1.9999999999999998]
T = 0.6400000000000001	 step = 109
73.97000000000003
11.621794211647726
[16.0, 15.0, 19.0, 12.0, 6.0, 5.0, 8.0, 3.0, 24.0, 14.0, 34.0, 12.0, 16.0, 24.0, 23.0, 4.0, 5.0, 4.0, 9.0, 3.0, 19.0, 13.0, 22.0, 31.0, 2.0, 2.0, 21.0, 33.0]
[10.0, 16.0, 7.0, 11.0, 22.0, 26.0, 4.0, 10.0, 4.0, 25.0, 8.0, 34.0, 20.0, 25.0, 11.0, 4.0, 14.0, 32.0, 17.0, 17.0, 23.0, 5.0, 14.0, 27.0, 20.0, 27.0, 18.0, 24.0]
[2.5, 2.5, 2.5, 2.5, 3.5, 2.5, 2.5, 2.5, 5.0, 5.0, 9.0, 9.0, 3.0, 1.9999999999999998, 3.0, 3.0, 3.0, 3.0, 3.0, 3.0, 1.2, 1.9999999999999998, 1.9999999999999998, 1.2, 1.9999999999999998, 1.2, 1.9999999999999998, 1.2]
[3.5, 3.5, 3.5, 3.5, 2.5, 3.5, 3.5, 3.5, 5.0, 5.0, 9.0, 9.0, 1.9999999999999998, 3.0, 1.9999999999999998, 1.9999999999999998, 1.9999999999999998, 1.9999999999999998, 1.9999999999999998, 1.9999999999999998, 1.9999999999999998, 1.2, 1.2, 1.9999999999999998, 1.2, 1.9999999999999998, 1.2, 1.9999999999999998]
T = 0.6400000000000001	 step = 110
73.97000000000003
11.606169211647726
[16.0, 15.0, 19.0, 12.0, 6.0, 5.0, 8.0, 3.0, 24.0, 14.0, 34.0, 12.0, 16.0, 24.0, 23.0, 4.0, 5.0, 4.0, 9.0, 3.0, 19.0, 13.0, 22.0, 31.0, 2.0, 2.0, 21.0, 33.0]
[10.0, 16.0, 7.0, 11.0, 22.0, 26.0, 4.0, 10.0, 4.0, 25.0, 8.0, 34.0, 20.0, 25.0, 11.0, 4.0, 14.0, 32.0, 17.0, 17.0, 23.0, 6.0, 14.0, 27.0, 20.0, 27.0, 18.0, 24.0]
[2.5, 2.5, 2.5, 2.5, 3.5, 2.5, 2.5, 2.5, 5.0, 5.0, 9.0, 9.0, 3.0, 1.9999999999999998, 3.0, 3.0, 3.0, 3.0, 3.0, 3.0, 1.2, 1.9999999999999998, 1.9999999999999998, 1.2, 1.9999999999999998, 1.2, 1.9999999999999998, 1.2]
[3.5, 3.5, 3.5, 3.5, 2.5, 3.5, 3.5, 3.5, 5.0, 5.0, 9.0, 9.0, 1.9999999999999998, 3.0, 1.9999999999999998, 1.9999999999999998, 1.9999999999999998, 1.9999999999999998, 1.9999999999999998, 1.9999999999999998, 1.9999999999999998, 1.2, 1.2, 1.9999999999999998, 1.2, 1.9999999999999998, 1.2, 1.9999999999999998]
T = 0.6400000000000001	 step = 111
74.05000000000001
11.480458984374998
[16.0, 15.0, 19.0, 12.0, 6.0, 5.0, 8.0, 3.0, 24.0, 14.0, 34.0, 12.0, 16.0, 24.0, 23.0, 4.0, 5.0, 4.0, 9.0, 3.0, 19.0, 13.0, 22.0, 31.0, 2.0, 2.0, 21.0, 33.0]
[10.0, 16.0, 7.0, 11.0, 22.0, 26.0, 4.0, 10.0, 5.0, 25.0, 8.0, 34.0, 20.0, 25.0, 11.0, 4.0, 14.0, 32.0, 17.0, 17.0, 23.0, 6.0, 14.0, 27.0, 20.0, 27.0, 18.0, 24.0]
[2.5, 2.5, 2.5, 2.5, 3.5, 2.5, 2.5, 2.5, 5.0, 5.0, 9.0, 9.0, 3.0, 1.9999999999999998, 3.0, 3.0, 3.0, 3.0, 3.0, 3.0, 1.2, 1.9999999999999998, 1.9999999999999998, 1.2, 1.9999999999999998, 1.2, 1.9999999999999998, 1.2]
[3.5, 3.5, 3.5, 3.5, 2.5, 3.5, 3.5, 3.5, 5.0, 5.0, 9.0, 9.0, 1.9999999999999998, 3.0, 1.9999999999999998, 1.9999999999999998, 1.9999999999999998, 1.9999999999999998, 1.9999999999999998, 1.9999999999999998, 1.9999999999999998, 1.2, 1.2, 1.9999999999999998, 1.2, 1.9999999999999998, 1.2, 1.9999999999999998]
T = 0.6400000000000001	 step = 112
74.08000000000004
11.375704900568179
[16.0, 15.0, 19.0, 12.0, 6.0, 5.0, 8.0, 3.0, 24.0, 14.0, 34.0, 12.0, 16.0, 24.0, 23.0, 4.0, 5.0, 4.0, 9.0, 3.0, 19.0, 13.0, 22.0, 31.0, 2.0, 2.0, 21.0, 33.0]
[10.0, 16.0, 7.0, 11.0, 22.0, 26.0, 4.0, 10.0, 6.0, 25.0, 8.0, 34.0, 20.0, 25.0, 11.0, 4.0, 14.0, 32.0, 17.0, 17.0, 23.0, 6.0, 14.0, 27.0, 20.0, 27.0, 18.0, 24.0]
[2.5, 2.5, 2.5, 2.5, 3.5, 2.5, 2.5, 2.5, 5.0, 5.0, 9.0, 9.0, 3.0, 1.9999999999999998, 3.0, 3.0, 3.0, 3.0, 3.0, 3.0, 1.2, 1.9999999999999998, 1.9999999999999998, 1.2, 1.9999999999999998, 1.2, 1.9999999999999998, 1.2]
[3.5, 3.5, 3.5, 3.5, 2.5, 3.5, 3.5, 3.5, 5.0, 5.0, 9.0, 9.0, 1.9999999999999998, 3.0, 1.9999999999999998, 1.9999999999999998, 1.9999999999999998, 1.9999999999999998, 1.9999999999999998, 1.9999999999999998, 1.9999999999999998, 1.2, 1.2, 1.9999999999999998, 1.2, 1.9999999999999998, 1.2, 1.9999999999999998]
T = 0.6400000000000001	 step = 113
74.07000000000005
11.391329900568179
[16.0, 15.0, 19.0, 12.0, 6.0, 5.0, 8.0, 3.0, 24.0, 14.0, 34.0, 12.0, 16.0, 24.0, 23.0, 4.0, 5.0, 4.0, 9.0, 3.0, 19.0, 13.0, 22.0, 32.0, 2.0, 2.0, 21.0, 33.0]
[10.0, 16.0, 7.0, 11.0, 22.0, 26.0, 4.0, 10.0, 6.0, 25.0, 8.0, 34.0, 20.0, 25.0, 11.0, 4.0, 14.0, 32.0, 17.0, 17.0, 23.0, 6.0, 14.0, 27.0, 20.0, 27.0, 18.0, 24.0]
[2.5, 2.5, 2.5, 2.5, 3.5, 2.5, 2.5, 2.5, 5.0, 5.0, 9.0, 9.0, 3.0, 1.9999999999999998, 3.0, 3.0, 3.0, 3.0, 3.0, 3.0, 1.2, 1.9999999999999998, 1.9999999999999998, 1.2, 1.9999999999999998, 1.2, 1.9999999999999998, 1.2]
[3.5, 3.5, 3.5, 3.5, 2.5, 3.5, 3.5, 3.5, 5.0, 5.0, 9.0, 9.0, 1.9999999999999998, 3.0, 1.9999999999999998, 1.9999999999999998, 1.9999999999999998, 1.9999999999999998, 1.9999999999999998, 1.9999999999999998, 1.9999999999999998, 1.2, 1.2, 1.9999999999999998, 1.2, 1.9999999999999998, 1.2, 1.9999999999999998]
T = 0.6400000000000001	 step = 114
74.09000000000003
11.447302024147724
[16.0, 15.0, 19.0, 12.0, 6.0, 5.0, 8.0, 3.0, 24.0, 14.0, 34.0, 12.0, 16.0, 24.0, 23.0, 4.0, 5.0, 4.0, 9.0, 3.0, 19.0, 13.0, 22.0, 32.0, 2.0, 2.0, 21.0, 33.0]
[10.0, 16.0, 7.0, 11.0, 22.0, 26.0, 4.0, 10.0, 6.0, 25.0, 9.0, 34.0, 20.0, 25.0, 11.0, 4.0, 14.0, 32.0, 17.0, 17.0, 23.0, 6.0, 14.0, 27.0, 20.0, 27.0, 18.0, 24.0]
[2.5, 2.5, 2.5, 2.5, 3.5, 2.5, 2.5, 2.5, 5.0, 5.0, 9.0, 9.0, 3.0, 1.9999999999999998, 3.0, 3.0, 3.0, 3.0, 3.0, 3.0, 1.2, 1.9999999999999998, 1.9999999999999998, 1.2, 1.9999999999999998, 1.2, 1.9999999999999998, 1.2]
[3.5, 3.5, 3.5, 3.5, 2.5, 3.5, 3.5, 3.5, 5.0, 5.0, 9.0, 9.0, 1.9999999999999998, 3.0, 1.9999999999999998, 1.9999999999999998, 1.9999999999999998, 1.9999999999999998, 1.9999999999999998, 1.9999999999999998, 1.9999999999999998, 1.2, 1.2, 1.9999999999999998, 1.2, 1.9999999999999998, 1.2, 1.9999999999999998]
T = 0.6400000000000001	 step = 115
73.91000000000003
11.662050781249997
[16.0, 15.0, 19.0, 12.0, 6.0, 5.0, 8.0, 3.0, 24.0, 14.0, 34.0, 12.0, 16.0, 24.0, 23.0, 4.0, 5.0, 4.0, 9.0, 3.0, 9.0, 13.0, 22.0, 32.0, 2.0, 2.0, 21.0, 33.0]
[10.0, 16.0, 7.0, 11.0, 22.0, 26.0, 4.0, 10.0, 6.0, 25.0, 9.0, 34.0, 20.0, 25.0, 11.0, 4.0, 14.0, 32.0, 17.0, 17.0, 8.0, 6.0, 14.0, 27.0, 20.0, 27.0, 18.0, 24.0]
[2.5, 2.5, 2.5, 2.5, 3.5, 2.5, 2.5, 2.5, 5.0, 5.0, 9.0, 9.0, 3.0, 1.9999999999999998, 3.0, 3.0, 3.0, 3.0, 3.0, 3.0, 1.2, 1.9999999999999998, 1.9999999999999998, 1.2, 1.9999999999999998, 1.2, 1.9999999999999998, 1.2]
[3.5, 3.5, 3.5, 3.5, 2.5, 3.5, 3.5, 3.5, 5.0, 5.0, 9.0, 9.0, 1.9999999999999998, 3.0, 1.9999999999999998, 1.9999999999999998, 1.9999999999999998, 1.9999999999999998, 1.9999999999999998, 1.9999999999999998, 1.9999999999999998, 1.2, 1.2, 1.9999999999999998, 1.2, 1.9999999999999998, 1.2, 1.9999999999999998]
T = 0.6400000000000001	 step = 116
74.07000000000005
11.460673828124998
[16.0, 15.0, 19.0, 12.0, 6.0, 5.0, 8.0, 3.0, 24.0, 14.0, 34.0, 12.0, 16.0, 24.0, 23.0, 4.0, 5.0, 4.0, 8.0, 3.0, 19.0, 13.0, 22.0, 32.0, 2.0, 2.0, 21.0, 33.0]
[10.0, 16.0, 7.0, 11.0, 22.0, 26.0, 4.0, 10.0, 6.0, 25.0, 9.0, 34.0, 20.0, 25.0, 11.0, 4.0, 14.0, 32.0, 17.0, 17.0, 23.0, 6.0, 14.0, 27.0, 20.0, 27.0, 18.0, 24.0]
[2.5, 2.5, 2.5, 2.5, 3.5, 2.5, 2.5, 2.5, 5.0, 5.0, 9.0, 9.0, 3.0, 1.9999999999999998, 3.0, 3.0, 3.0, 3.0, 3.0, 3.0, 1.2, 1.9999999999999998, 1.9999999999999998, 1.2, 1.9999999999999998, 1.2, 1.9999999999999998, 1.2]
[3.5, 3.5, 3.5, 3.5, 2.5, 3.5, 3.5, 3.5, 5.0, 5.0, 9.0, 9.0, 1.9999999999999998, 3.0, 1.9999999999999998, 1.9999999999999998, 1.9999999999999998, 1.9999999999999998, 1.9999999999999998, 1.9999999999999998, 1.9999999999999998, 1.2, 1.2, 1.9999999999999998, 1.2, 1.9999999999999998, 1.2, 1.9999999999999998]
T = 0.6400000000000001	 step = 117
74.09000000000003
11.440364879261363
[15.0, 15.0, 19.0, 12.0, 6.0, 5.0, 8.0, 3.0, 24.0, 14.0, 34.0, 12.0, 16.0, 24.0, 23.0, 4.0, 5.0, 4.0, 8.0, 3.0, 19.0, 13.0, 22.0, 32.0, 2.0, 2.0, 21.0, 33.0]
[10.0, 16.0, 7.0, 11.0, 22.0, 26.0, 4.0, 10.0, 6.0, 25.0, 9.0, 34.0, 20.0, 25.0, 11.0, 4.0, 14.0, 32.0, 17.0, 17.0, 23.0, 6.0, 14.0, 27.0, 20.0, 27.0, 18.0, 24.0]
[2.5, 2.5, 2.5, 2.5, 3.5, 2.5, 2.5, 2.5, 5.0, 5.0, 9.0, 9.0, 3.0, 1.9999999999999998, 3.0, 3.0, 3.0, 3.0, 3.0, 3.0, 1.2, 1.9999999999999998, 1.9999999999999998, 1.2, 1.9999999999999998, 1.2, 1.9999999999999998, 1.2]
[3.5, 3.5, 3.5, 3.5, 2.5, 3.5, 3.5, 3.5, 5.0, 5.0, 9.0, 9.0, 1.9999999999999998, 3.0, 1.9999999999999998, 1.9999999999999998, 1.9999999999999998, 1.9999999999999998, 1.9999999999999998, 1.9999999999999998, 1.9999999999999998, 1.2, 1.2, 1.9999999999999998, 1.2, 1.9999999999999998, 1.2, 1.9999999999999998]
T = 0.6400000000000001	 step = 118
74.16000000000003
11.405823863636362
[15.0, 15.0, 19.0, 12.0, 7.0, 5.0, 8.0, 3.0, 24.0, 14.0, 34.0, 12.0, 16.0, 24.0, 23.0, 4.0, 5.0, 4.0, 8.0, 3.0, 19.0, 13.0, 22.0, 32.0, 2.0, 2.0, 21.0, 33.0]
[10.0, 16.0, 7.0, 11.0, 22.0, 26.0, 4.0, 10.0, 6.0, 25.0, 9.0, 34.0, 20.0, 25.0, 11.0, 4.0, 14.0, 32.0, 17.0, 17.0, 23.0, 6.0, 14.0, 27.0, 20.0, 27.0, 18.0, 24.0]
[2.5, 2.5, 2.5, 2.5, 3.5, 2.5, 2.5, 2.5, 5.0, 5.0, 9.0, 9.0, 3.0, 1.9999999999999998, 3.0, 3.0, 3.0, 3.0, 3.0, 3.0, 1.2, 1.9999999999999998, 1.9999999999999998, 1.2, 1.9999999999999998, 1.2, 1.9999999999999998, 1.2]
[3.5, 3.5, 3.5, 3.5, 2.5, 3.5, 3.5, 3.5, 5.0, 5.0, 9.0, 9.0, 1.9999999999999998, 3.0, 1.9999999999999998, 1.9999999999999998, 1.9999999999999998, 1.9999999999999998, 1.9999999999999998, 1.9999999999999998, 1.9999999999999998, 1.2, 1.2, 1.9999999999999998, 1.2, 1.9999999999999998, 1.2, 1.9999999999999998]
T = 0.6400000000000001	 step = 119
74.31
11.285965021306815
[15.0, 15.0, 19.0, 12.0, 7.0, 5.0, 8.0, 3.0, 24.0, 13.0, 34.0, 12.0, 16.0, 24.0, 23.0, 4.0, 5.0, 4.0, 8.0, 3.0, 19.0, 13.0, 22.0, 32.0, 2.0, 2.0, 21.0, 33.0]
[10.0, 16.0, 7.0, 11.0, 22.0, 26.0, 4.0, 10.0, 6.0, 25.0, 9.0, 34.0, 20.0, 25.0, 11.0, 4.0, 14.0, 32.0, 17.0, 17.0, 23.0, 6.0, 14.0, 27.0, 20.0, 27.0, 18.0, 24.0]
[2.5, 2.5, 2.5, 2.5, 3.5, 2.5, 2.5, 2.5, 5.0, 5.0, 9.0, 9.0, 3.0, 1.9999999999999998, 3.0, 3.0, 3.0, 3.0, 3.0, 3.0, 1.2, 1.9999999999999998, 1.9999999999999998, 1.2, 1.9999999999999998, 1.2, 1.9999999999999998, 1.2]
[3.5, 3.5, 3.5, 3.5, 2.5, 3.5, 3.5, 3.5, 5.0, 5.0, 9.0, 9.0, 1.9999999999999998, 3.0, 1.9999999999999998, 1.9999999999999998, 1.9999999999999998, 1.9999999999999998, 1.9999999999999998, 1.9999999999999998, 1.9999999999999998, 1.2, 1.2, 1.9999999999999998, 1.2, 1.9999999999999998, 1.2, 1.9999999999999998]
T = 0.6400000000000001	 step = 120
74.25
11.239090021306815
[15.0, 15.0, 19.0, 12.0, 7.0, 5.0, 8.0, 3.0, 24.0, 13.0, 34.0, 12.0, 16.0, 24.0, 23.0, 4.0, 5.0, 4.0, 8.0, 3.0, 19.0, 13.0, 22.0, 32.0, 2.0, 2.0, 21.0, 33.0]
[10.0, 16.0, 7.0, 11.0, 21.0, 26.0, 4.0, 10.0, 6.0, 25.0, 9.0, 34.0, 20.0, 25.0, 11.0, 4.0, 14.0, 32.0, 17.0, 17.0, 23.0, 6.0, 14.0, 27.0, 20.0, 27.0, 18.0, 24.0]
[2.5, 2.5, 2.5, 2.5, 3.5, 2.5, 2.5, 2.5, 5.0, 5.0, 9.0, 9.0, 3.0, 1.9999999999999998, 3.0, 3.0, 3.0, 3.0, 3.0, 3.0, 1.2, 1.9999999999999998, 1.9999999999999998, 1.2, 1.9999999999999998, 1.2, 1.9999999999999998, 1.2]
[3.5, 3.5, 3.5, 3.5, 2.5, 3.5, 3.5, 3.5, 5.0, 5.0, 9.0, 9.0, 1.9999999999999998, 3.0, 1.9999999999999998, 1.9999999999999998, 1.9999999999999998, 1.9999999999999998, 1.9999999999999998, 1.9999999999999998, 1.9999999999999998, 1.2, 1.2, 1.9999999999999998, 1.2, 1.9999999999999998, 1.2, 1.9999999999999998]
T = 0.6400000000000001	 step = 121
74.23000000000002
11.192215021306817
[15.0, 15.0, 19.0, 12.0, 7.0, 5.0, 8.0, 3.0, 24.0, 13.0, 34.0, 12.0, 16.0, 24.0, 23.0, 4.0, 5.0, 4.0, 8.0, 3.0, 19.0, 13.0, 22.0, 32.0, 2.0, 2.0, 21.0, 33.0]
[10.0, 16.0, 7.0, 11.0, 20.0, 26.0, 4.0, 10.0, 6.0, 25.0, 9.0, 34.0, 20.0, 25.0, 11.0, 4.0, 14.0, 32.0, 17.0, 17.0, 23.0, 6.0, 14.0, 27.0, 20.0, 27.0, 18.0, 24.0]
[2.5, 2.5, 2.5, 2.5, 3.5, 2.5, 2.5, 2.5, 5.0, 5.0, 9.0, 9.0, 3.0, 1.9999999999999998, 3.0, 3.0, 3.0, 3.0, 3.0, 3.0, 1.2, 1.9999999999999998, 1.9999999999999998, 1.2, 1.9999999999999998, 1.2, 1.9999999999999998, 1.2]
[3.5, 3.5, 3.5, 3.5, 2.5, 3.5, 3.5, 3.5, 5.0, 5.0, 9.0, 9.0, 1.9999999999999998, 3.0, 1.9999999999999998, 1.9999999999999998, 1.9999999999999998, 1.9999999999999998, 1.9999999999999998, 1.9999999999999998, 1.9999999999999998, 1.2, 1.2, 1.9999999999999998, 1.2, 1.9999999999999998, 1.2, 1.9999999999999998]
T = 0.5120000000000001	 step = 122
74.25
11.178843217329543
[15.0, 15.0, 19.0, 12.0, 7.0, 5.0, 8.0, 3.0, 24.0, 13.0, 34.0, 12.0, 16.0, 24.0, 23.0, 4.0, 5.0, 4.0, 9.0, 3.0, 19.0, 13.0, 22.0, 32.0, 2.0, 2.0, 21.0, 33.0]
[10.0, 16.0, 7.0, 11.0, 20.0, 26.0, 4.0, 10.0, 6.0, 25.0, 9.0, 34.0, 20.0, 25.0, 11.0, 4.0, 14.0, 32.0, 17.0, 17.0, 23.0, 6.0, 14.0, 27.0, 20.0, 27.0, 18.0, 24.0]
[2.5, 2.5, 2.5, 2.5, 3.5, 2.5, 2.5, 2.5, 5.0, 5.0, 9.0, 9.0, 3.0, 1.9999999999999998, 3.0, 3.0, 3.0, 3.0, 3.0, 3.0, 1.2, 1.9999999999999998, 1.9999999999999998, 1.2, 1.9999999999999998, 1.2, 1.9999999999999998, 1.2]
[3.5, 3.5, 3.5, 3.5, 2.5, 3.5, 3.5, 3.5, 5.0, 5.0, 9.0, 9.0, 1.9999999999999998, 3.0, 1.9999999999999998, 1.9999999999999998, 1.9999999999999998, 1.9999999999999998, 1.9999999999999998, 1.9999999999999998, 1.9999999999999998, 1.2, 1.2, 1.9999999999999998, 1.2, 1.9999999999999998, 1.2, 1.9999999999999998]
T = 0.5120000000000001	 step = 123
74.23000000000002
11.224829545454543
[15.0, 14.0, 19.0, 12.0, 7.0, 5.0, 8.0, 3.0, 24.0, 13.0, 34.0, 12.0, 16.0, 24.0, 23.0, 4.0, 5.0, 4.0, 9.0, 3.0, 19.0, 13.0, 22.0, 32.0, 2.0, 2.0, 21.0, 33.0]
[10.0, 16.0, 7.0, 11.0, 20.0, 26.0, 4.0, 10.0, 6.0, 25.0, 9.0, 34.0, 20.0, 25.0, 11.0, 4.0, 14.0, 32.0, 17.0, 17.0, 23.0, 6.0, 14.0, 27.0, 20.0, 27.0, 18.0, 24.0]
[2.5, 2.5, 2.5, 2.5, 3.5, 2.5, 2.5, 2.5, 5.0, 5.0, 9.0, 9.0, 3.0, 1.9999999999999998, 3.0, 3.0, 3.0, 3.0, 3.0, 3.0, 1.2, 1.9999999999999998, 1.9999999999999998, 1.2, 1.9999999999999998, 1.2, 1.9999999999999998, 1.2]
[3.5, 3.5, 3.5, 3.5, 2.5, 3.5, 3.5, 3.5, 5.0, 5.0, 9.0, 9.0, 1.9999999999999998, 3.0, 1.9999999999999998, 1.9999999999999998, 1.9999999999999998, 1.9999999999999998, 1.9999999999999998, 1.9999999999999998, 1.9999999999999998, 1.2, 1.2, 1.9999999999999998, 1.2, 1.9999999999999998, 1.2, 1.9999999999999998]
T = 0.5120000000000001	 step = 124
74.02000000000004
11.954864169034089
[15.0, 14.0, 19.0, 12.0, 7.0, 5.0, 8.0, 3.0, 24.0, 13.0, 34.0, 12.0, 29.0, 24.0, 23.0, 4.0, 5.0, 4.0, 9.0, 3.0, 19.0, 13.0, 22.0, 32.0, 2.0, 2.0, 21.0, 33.0]
[10.0, 16.0, 7.0, 11.0, 20.0, 26.0, 4.0, 10.0, 6.0, 25.0, 9.0, 34.0, 36.0, 25.0, 11.0, 4.0, 14.0, 32.0, 17.0, 17.0, 23.0, 6.0, 14.0, 27.0, 20.0, 27.0, 18.0, 24.0]
[2.5, 2.5, 2.5, 2.5, 3.5, 2.5, 2.5, 2.5, 5.0, 5.0, 9.0, 9.0, 1.9999999999999998, 1.9999999999999998, 3.0, 3.0, 3.0, 3.0, 3.0, 3.0, 1.2, 1.9999999999999998, 1.9999999999999998, 1.2, 1.9999999999999998, 1.2, 1.9999999999999998, 1.2]
[3.5, 3.5, 3.5, 3.5, 2.5, 3.5, 3.5, 3.5, 5.0, 5.0, 9.0, 9.0, 3.0, 3.0, 1.9999999999999998, 1.9999999999999998, 1.9999999999999998, 1.9999999999999998, 1.9999999999999998, 1.9999999999999998, 1.9999999999999998, 1.2, 1.2, 1.9999999999999998, 1.2, 1.9999999999999998, 1.2, 1.9999999999999998]
T = 0.5120000000000001	 step = 125
74.01000000000005
11.970489169034089
[15.0, 14.0, 19.0, 12.0, 7.0, 5.0, 8.0, 3.0, 24.0, 13.0, 34.0, 12.0, 29.0, 24.0, 23.0, 4.0, 5.0, 4.0, 9.0, 3.0, 19.0, 13.0, 22.0, 32.0, 2.0, 2.0, 21.0, 33.0]
[10.0, 16.0, 7.0, 11.0, 20.0, 26.0, 4.0, 10.0, 6.0, 25.0, 9.0, 34.0, 36.0, 25.0, 11.0, 4.0, 14.0, 32.0, 17.0, 17.0, 23.0, 5.0, 14.0, 27.0, 20.0, 27.0, 18.0, 24.0]
[2.5, 2.5, 2.5, 2.5, 3.5, 2.5, 2.5, 2.5, 5.0, 5.0, 9.0, 9.0, 1.9999999999999998, 1.9999999999999998, 3.0, 3.0, 3.0, 3.0, 3.0, 3.0, 1.2, 1.9999999999999998, 1.9999999999999998, 1.2, 1.9999999999999998, 1.2, 1.9999999999999998, 1.2]
[3.5, 3.5, 3.5, 3.5, 2.5, 3.5, 3.5, 3.5, 5.0, 5.0, 9.0, 9.0, 3.0, 3.0, 1.9999999999999998, 1.9999999999999998, 1.9999999999999998, 1.9999999999999998, 1.9999999999999998, 1.9999999999999998, 1.9999999999999998, 1.2, 1.2, 1.9999999999999998, 1.2, 1.9999999999999998, 1.2, 1.9999999999999998]
T = 0.5120000000000001	 step = 126
74.0
11.98386097301136
[15.0, 14.0, 19.0, 12.0, 7.0, 5.0, 8.0, 3.0, 24.0, 13.0, 34.0, 12.0, 29.0, 24.0, 23.0, 4.0, 5.0, 4.0, 8.0, 3.0, 19.0, 13.0, 22.0, 32.0, 2.0, 2.0, 21.0, 33.0]
[10.0, 16.0, 7.0, 11.0, 20.0, 26.0, 4.0, 10.0, 6.0, 25.0, 9.0, 34.0, 36.0, 25.0, 11.0, 4.0, 14.0, 32.0, 17.0, 17.0, 23.0, 5.0, 14.0, 27.0, 20.0, 27.0, 18.0, 24.0]
[2.5, 2.5, 2.5, 2.5, 3.5, 2.5, 2.5, 2.5, 5.0, 5.0, 9.0, 9.0, 1.9999999999999998, 1.9999999999999998, 3.0, 3.0, 3.0, 3.0, 3.0, 3.0, 1.2, 1.9999999999999998, 1.9999999999999998, 1.2, 1.9999999999999998, 1.2, 1.9999999999999998, 1.2]
[3.5, 3.5, 3.5, 3.5, 2.5, 3.5, 3.5, 3.5, 5.0, 5.0, 9.0, 9.0, 3.0, 3.0, 1.9999999999999998, 1.9999999999999998, 1.9999999999999998, 1.9999999999999998, 1.9999999999999998, 1.9999999999999998, 1.9999999999999998, 1.2, 1.2, 1.9999999999999998, 1.2, 1.9999999999999998, 1.2, 1.9999999999999998]
T = 0.5120000000000001	 step = 127
73.99000000000001
11.98086026278409
[15.0, 14.0, 19.0, 12.0, 7.0, 5.0, 8.0, 3.0, 24.0, 13.0, 34.0, 12.0, 29.0, 24.0, 23.0, 4.0, 5.0, 3.0, 8.0, 3.0, 19.0, 13.0, 22.0, 32.0, 2.0, 2.0, 21.0, 33.0]
[10.0, 16.0, 7.0, 11.0, 20.0, 26.0, 4.0, 10.0, 6.0, 25.0, 9.0, 34.0, 36.0, 25.0, 11.0, 4.0, 14.0, 32.0, 17.0, 17.0, 23.0, 5.0, 14.0, 27.0, 20.0, 27.0, 18.0, 24.0]
[2.5, 2.5, 2.5, 2.5, 3.5, 2.5, 2.5, 2.5, 5.0, 5.0, 9.0, 9.0, 1.9999999999999998, 1.9999999999999998, 3.0, 3.0, 3.0, 3.0, 3.0, 3.0, 1.2, 1.9999999999999998, 1.9999999999999998, 1.2, 1.9999999999999998, 1.2, 1.9999999999999998, 1.2]
[3.5, 3.5, 3.5, 3.5, 2.5, 3.5, 3.5, 3.5, 5.0, 5.0, 9.0, 9.0, 3.0, 3.0, 1.9999999999999998, 1.9999999999999998, 1.9999999999999998, 1.9999999999999998, 1.9999999999999998, 1.9999999999999998, 1.9999999999999998, 1.2, 1.2, 1.9999999999999998, 1.2, 1.9999999999999998, 1.2, 1.9999999999999998]
T = 0.5120000000000001	 step = 128
73.96000000000004
12.035513139204545
[15.0, 14.0, 19.0, 12.0, 7.0, 5.0, 8.0, 3.0, 24.0, 13.0, 34.0, 11.0, 29.0, 24.0, 23.0, 4.0, 5.0, 3.0, 8.0, 3.0, 19.0, 13.0, 22.0, 32.0, 2.0, 2.0, 21.0, 33.0]
[10.0, 16.0, 7.0, 11.0, 20.0, 26.0, 4.0, 10.0, 6.0, 25.0, 9.0, 34.0, 36.0, 25.0, 11.0, 4.0, 14.0, 32.0, 17.0, 17.0, 23.0, 5.0, 14.0, 27.0, 20.0, 27.0, 18.0, 24.0]
[2.5, 2.5, 2.5, 2.5, 3.5, 2.5, 2.5, 2.5, 5.0, 5.0, 9.0, 9.0, 1.9999999999999998, 1.9999999999999998, 3.0, 3.0, 3.0, 3.0, 3.0, 3.0, 1.2, 1.9999999999999998, 1.9999999999999998, 1.2, 1.9999999999999998, 1.2, 1.9999999999999998, 1.2]
[3.5, 3.5, 3.5, 3.5, 2.5, 3.5, 3.5, 3.5, 5.0, 5.0, 9.0, 9.0, 3.0, 3.0, 1.9999999999999998, 1.9999999999999998, 1.9999999999999998, 1.9999999999999998, 1.9999999999999998, 1.9999999999999998, 1.9999999999999998, 1.2, 1.2, 1.9999999999999998, 1.2, 1.9999999999999998, 1.2, 1.9999999999999998]
T = 0.5120000000000001	 step = 129
73.97000000000003
12.01322531960227
[15.0, 14.0, 19.0, 12.0, 7.0, 5.0, 8.0, 3.0, 24.0, 13.0, 34.0, 11.0, 29.0, 24.0, 22.0, 4.0, 5.0, 3.0, 8.0, 3.0, 19.0, 13.0, 22.0, 32.0, 2.0, 2.0, 21.0, 33.0]
[10.0, 16.0, 7.0, 11.0, 20.0, 26.0, 4.0, 10.0, 6.0, 25.0, 9.0, 34.0, 36.0, 25.0, 11.0, 4.0, 14.0, 32.0, 17.0, 17.0, 23.0, 5.0, 14.0, 27.0, 20.0, 27.0, 18.0, 24.0]
[2.5, 2.5, 2.5, 2.5, 3.5, 2.5, 2.5, 2.5, 5.0, 5.0, 9.0, 9.0, 1.9999999999999998, 1.9999999999999998, 3.0, 3.0, 3.0, 3.0, 3.0, 3.0, 1.2, 1.9999999999999998, 1.9999999999999998, 1.2, 1.9999999999999998, 1.2, 1.9999999999999998, 1.2]
[3.5, 3.5, 3.5, 3.5, 2.5, 3.5, 3.5, 3.5, 5.0, 5.0, 9.0, 9.0, 3.0, 3.0, 1.9999999999999998, 1.9999999999999998, 1.9999999999999998, 1.9999999999999998, 1.9999999999999998, 1.9999999999999998, 1.9999999999999998, 1.2, 1.2, 1.9999999999999998, 1.2, 1.9999999999999998, 1.2, 1.9999999999999998]
T = 0.5120000000000001	 step = 130
73.98000000000002
12.02862482244318
[15.0, 14.0, 19.0, 11.0, 7.0, 5.0, 8.0, 3.0, 24.0, 13.0, 34.0, 11.0, 29.0, 24.0, 22.0, 4.0, 5.0, 3.0, 8.0, 3.0, 19.0, 13.0, 22.0, 32.0, 2.0, 2.0, 21.0, 33.0]
[10.0, 16.0, 7.0, 11.0, 20.0, 26.0, 4.0, 10.0, 6.0, 25.0, 9.0, 34.0, 36.0, 25.0, 11.0, 4.0, 14.0, 32.0, 17.0, 17.0, 23.0, 5.0, 14.0, 27.0, 20.0, 27.0, 18.0, 24.0]
[2.5, 2.5, 2.5, 2.5, 3.5, 2.5, 2.5, 2.5, 5.0, 5.0, 9.0, 9.0, 1.9999999999999998, 1.9999999999999998, 3.0, 3.0, 3.0, 3.0, 3.0, 3.0, 1.2, 1.9999999999999998, 1.9999999999999998, 1.2, 1.9999999999999998, 1.2, 1.9999999999999998, 1.2]
[3.5, 3.5, 3.5, 3.5, 2.5, 3.5, 3.5, 3.5, 5.0, 5.0, 9.0, 9.0, 3.0, 3.0, 1.9999999999999998, 1.9999999999999998, 1.9999999999999998, 1.9999999999999998, 1.9999999999999998, 1.9999999999999998, 1.9999999999999998, 1.2, 1.2, 1.9999999999999998, 1.2, 1.9999999999999998, 1.2, 1.9999999999999998]
T = 0.5120000000000001	 step = 131
73.97000000000003
12.04424982244318
[15.0, 14.0, 19.0, 11.0, 7.0, 5.0, 8.0, 3.0, 24.0, 13.0, 34.0, 11.0, 29.0, 24.0, 22.0, 4.0, 5.0, 3.0, 8.0, 3.0, 19.0, 13.0, 22.0, 32.0, 2.0, 2.0, 21.0, 33.0]
[10.0, 16.0, 7.0, 11.0, 20.0, 26.0, 4.0, 10.0, 6.0, 25.0, 9.0, 34.0, 36.0, 25.0, 11.0, 4.0, 14.0, 32.0, 17.0, 17.0, 22.0, 5.0, 14.0, 27.0, 20.0, 27.0, 18.0, 24.0]
[2.5, 2.5, 2.5, 2.5, 3.5, 2.5, 2.5, 2.5, 5.0, 5.0, 9.0, 9.0, 1.9999999999999998, 1.9999999999999998, 3.0, 3.0, 3.0, 3.0, 3.0, 3.0, 1.2, 1.9999999999999998, 1.9999999999999998, 1.2, 1.9999999999999998, 1.2, 1.9999999999999998, 1.2]
[3.5, 3.5, 3.5, 3.5, 2.5, 3.5, 3.5, 3.5, 5.0, 5.0, 9.0, 9.0, 3.0, 3.0, 1.9999999999999998, 1.9999999999999998, 1.9999999999999998, 1.9999999999999998, 1.9999999999999998, 1.9999999999999998, 1.9999999999999998, 1.2, 1.2, 1.9999999999999998, 1.2, 1.9999999999999998, 1.2, 1.9999999999999998]
T = 0.5120000000000001	 step = 132
73.98000000000002
12.05987482244318
[15.0, 14.0, 19.0, 11.0, 7.0, 5.0, 8.0, 3.0, 24.0, 13.0, 34.0, 11.0, 29.0, 24.0, 22.0, 4.0, 5.0, 3.0, 8.0, 3.0, 19.0, 13.0, 22.0, 32.0, 2.0, 2.0, 21.0, 33.0]
[10.0, 16.0, 7.0, 11.0, 20.0, 26.0, 4.0, 10.0, 6.0, 25.0, 9.0, 34.0, 36.0, 25.0, 11.0, 4.0, 14.0, 32.0, 17.0, 17.0, 22.0, 5.0, 15.0, 27.0, 20.0, 27.0, 18.0, 24.0]
[2.5, 2.5, 2.5, 2.5, 3.5, 2.5, 2.5, 2.5, 5.0, 5.0, 9.0, 9.0, 1.9999999999999998, 1.9999999999999998, 3.0, 3.0, 3.0, 3.0, 3.0, 3.0, 1.2, 1.9999999999999998, 1.9999999999999998, 1.2, 1.9999999999999998, 1.2, 1.9999999999999998, 1.2]
[3.5, 3.5, 3.5, 3.5, 2.5, 3.5, 3.5, 3.5, 5.0, 5.0, 9.0, 9.0, 3.0, 3.0, 1.9999999999999998, 1.9999999999999998, 1.9999999999999998, 1.9999999999999998, 1.9999999999999998, 1.9999999999999998, 1.9999999999999998, 1.2, 1.2, 1.9999999999999998, 1.2, 1.9999999999999998, 1.2, 1.9999999999999998]
T = 0.5120000000000001	 step = 133
74.11000000000001
12.127084517045454
[15.0, 14.0, 19.0, 11.0, 7.0, 5.0, 8.0, 3.0, 24.0, 13.0, 34.0, 11.0, 29.0, 24.0, 22.0, 4.0, 5.0, 3.0, 8.0, 3.0, 19.0, 13.0, 22.0, 32.0, 8.0, 2.0, 21.0, 33.0]
[10.0, 16.0, 7.0, 11.0, 20.0, 26.0, 4.0, 10.0, 6.0, 25.0, 9.0, 34.0, 36.0, 25.0, 11.0, 4.0, 14.0, 32.0, 17.0, 17.0, 22.0, 5.0, 15.0, 27.0, 23.0, 27.0, 18.0, 24.0]
[2.5, 2.5, 2.5, 2.5, 3.5, 2.5, 2.5, 2.5, 5.0, 5.0, 9.0, 9.0, 1.9999999999999998, 1.9999999999999998, 3.0, 3.0, 3.0, 3.0, 3.0, 3.0, 1.2, 1.9999999999999998, 1.9999999999999998, 1.2, 1.9999999999999998, 1.2, 1.9999999999999998, 1.2]
[3.5, 3.5, 3.5, 3.5, 2.5, 3.5, 3.5, 3.5, 5.0, 5.0, 9.0, 9.0, 3.0, 3.0, 1.9999999999999998, 1.9999999999999998, 1.9999999999999998, 1.9999999999999998, 1.9999999999999998, 1.9999999999999998, 1.9999999999999998, 1.2, 1.2, 1.9999999999999998, 1.2, 1.9999999999999998, 1.2, 1.9999999999999998]
T = 0.5120000000000001	 step = 134
74.12
12.095834517045454
[15.0, 14.0, 19.0, 11.0, 7.0, 5.0, 8.0, 3.0, 24.0, 13.0, 34.0, 11.0, 29.0, 24.0, 22.0, 4.0, 5.0, 3.0, 8.0, 3.0, 19.0, 13.0, 22.0, 32.0, 8.0, 2.0, 21.0, 33.0]
[10.0, 16.0, 7.0, 11.0, 20.0, 26.0, 4.0, 10.0, 6.0, 25.0, 9.0, 34.0, 36.0, 25.0, 11.0, 4.0, 14.0, 31.0, 17.0, 17.0, 22.0, 5.0, 15.0, 27.0, 23.0, 27.0, 18.0, 24.0]
[2.5, 2.5, 2.5, 2.5, 3.5, 2.5, 2.5, 2.5, 5.0, 5.0, 9.0, 9.0, 1.9999999999999998, 1.9999999999999998, 3.0, 3.0, 3.0, 3.0, 3.0, 3.0, 1.2, 1.9999999999999998, 1.9999999999999998, 1.2, 1.9999999999999998, 1.2, 1.9999999999999998, 1.2]
[3.5, 3.5, 3.5, 3.5, 2.5, 3.5, 3.5, 3.5, 5.0, 5.0, 9.0, 9.0, 3.0, 3.0, 1.9999999999999998, 1.9999999999999998, 1.9999999999999998, 1.9999999999999998, 1.9999999999999998, 1.9999999999999998, 1.9999999999999998, 1.2, 1.2, 1.9999999999999998, 1.2, 1.9999999999999998, 1.2, 1.9999999999999998]
T = 0.5120000000000001	 step = 135
74.10000000000002
12.195969460227273
[15.0, 14.0, 19.0, 11.0, 7.0, 5.0, 8.0, 3.0, 24.0, 13.0, 34.0, 11.0, 29.0, 24.0, 22.0, 4.0, 5.0, 3.0, 8.0, 3.0, 19.0, 13.0, 22.0, 32.0, 8.0, 2.0, 21.0, 33.0]
[10.0, 16.0, 7.0, 11.0, 20.0, 26.0, 3.0, 10.0, 6.0, 25.0, 9.0, 34.0, 36.0, 25.0, 11.0, 4.0, 14.0, 31.0, 17.0, 17.0, 22.0, 5.0, 15.0, 27.0, 23.0, 27.0, 18.0, 24.0]
[2.5, 2.5, 2.5, 2.5, 3.5, 2.5, 2.5, 2.5, 5.0, 5.0, 9.0, 9.0, 1.9999999999999998, 1.9999999999999998, 3.0, 3.0, 3.0, 3.0, 3.0, 3.0, 1.2, 1.9999999999999998, 1.9999999999999998, 1.2, 1.9999999999999998, 1.2, 1.9999999999999998, 1.2]
[3.5, 3.5, 3.5, 3.5, 2.5, 3.5, 3.5, 3.5, 5.0, 5.0, 9.0, 9.0, 3.0, 3.0, 1.9999999999999998, 1.9999999999999998, 1.9999999999999998, 1.9999999999999998, 1.9999999999999998, 1.9999999999999998, 1.9999999999999998, 1.2, 1.2, 1.9999999999999998, 1.2, 1.9999999999999998, 1.2, 1.9999999999999998]
T = 0.5120000000000001	 step = 136
74.12
12.141316583806816
[15.0, 14.0, 19.0, 11.0, 7.0, 5.0, 8.0, 3.0, 24.0, 13.0, 34.0, 12.0, 29.0, 24.0, 22.0, 4.0, 5.0, 3.0, 8.0, 3.0, 19.0, 13.0, 22.0, 32.0, 8.0, 2.0, 21.0, 33.0]
[10.0, 16.0, 7.0, 11.0, 20.0, 26.0, 3.0, 10.0, 6.0, 25.0, 9.0, 34.0, 36.0, 25.0, 11.0, 4.0, 14.0, 31.0, 17.0, 17.0, 22.0, 5.0, 15.0, 27.0, 23.0, 27.0, 18.0, 24.0]
[2.5, 2.5, 2.5, 2.5, 3.5, 2.5, 2.5, 2.5, 5.0, 5.0, 9.0, 9.0, 1.9999999999999998, 1.9999999999999998, 3.0, 3.0, 3.0, 3.0, 3.0, 3.0, 1.2, 1.9999999999999998, 1.9999999999999998, 1.2, 1.9999999999999998, 1.2, 1.9999999999999998, 1.2]
[3.5, 3.5, 3.5, 3.5, 2.5, 3.5, 3.5, 3.5, 5.0, 5.0, 9.0, 9.0, 3.0, 3.0, 1.9999999999999998, 1.9999999999999998, 1.9999999999999998, 1.9999999999999998, 1.9999999999999998, 1.9999999999999998, 1.9999999999999998, 1.2, 1.2, 1.9999999999999998, 1.2, 1.9999999999999998, 1.2, 1.9999999999999998]
T = 0.5120000000000001	 step = 137
74.13
12.127944779829544
[15.0, 14.0, 19.0, 11.0, 7.0, 5.0, 8.0, 3.0, 24.0, 13.0, 34.0, 12.0, 29.0, 24.0, 22.0, 4.0, 5.0, 3.0, 9.0, 3.0, 19.0, 13.0, 22.0, 32.0, 8.0, 2.0, 21.0, 33.0]
[10.0, 16.0, 7.0, 11.0, 20.0, 26.0, 3.0, 10.0, 6.0, 25.0, 9.0, 34.0, 36.0, 25.0, 11.0, 4.0, 14.0, 31.0, 17.0, 17.0, 22.0, 5.0, 15.0, 27.0, 23.0, 27.0, 18.0, 24.0]
[2.5, 2.5, 2.5, 2.5, 3.5, 2.5, 2.5, 2.5, 5.0, 5.0, 9.0, 9.0, 1.9999999999999998, 1.9999999999999998, 3.0, 3.0, 3.0, 3.0, 3.0, 3.0, 1.2, 1.9999999999999998, 1.9999999999999998, 1.2, 1.9999999999999998, 1.2, 1.9999999999999998, 1.2]
[3.5, 3.5, 3.5, 3.5, 2.5, 3.5, 3.5, 3.5, 5.0, 5.0, 9.0, 9.0, 3.0, 3.0, 1.9999999999999998, 1.9999999999999998, 1.9999999999999998, 1.9999999999999998, 1.9999999999999998, 1.9999999999999998, 1.9999999999999998, 1.2, 1.2, 1.9999999999999998, 1.2, 1.9999999999999998, 1.2, 1.9999999999999998]
T = 0.5120000000000001	 step = 138
74.13
12.143569779829544
[15.0, 14.0, 19.0, 11.0, 7.0, 5.0, 8.0, 3.0, 24.0, 13.0, 34.0, 12.0, 29.0, 24.0, 22.0, 4.0, 5.0, 3.0, 9.0, 3.0, 19.0, 13.0, 22.0, 32.0, 8.0, 2.0, 21.0, 33.0]
[10.0, 16.0, 7.0, 11.0, 20.0, 26.0, 3.0, 10.0, 6.0, 25.0, 9.0, 34.0, 36.0, 25.0, 11.0, 4.0, 14.0, 31.0, 17.0, 17.0, 22.0, 5.0, 15.0, 28.0, 23.0, 27.0, 18.0, 24.0]
[2.5, 2.5, 2.5, 2.5, 3.5, 2.5, 2.5, 2.5, 5.0, 5.0, 9.0, 9.0, 1.9999999999999998, 1.9999999999999998, 3.0, 3.0, 3.0, 3.0, 3.0, 3.0, 1.2, 1.9999999999999998, 1.9999999999999998, 1.2, 1.9999999999999998, 1.2, 1.9999999999999998, 1.2]
[3.5, 3.5, 3.5, 3.5, 2.5, 3.5, 3.5, 3.5, 5.0, 5.0, 9.0, 9.0, 3.0, 3.0, 1.9999999999999998, 1.9999999999999998, 1.9999999999999998, 1.9999999999999998, 1.9999999999999998, 1.9999999999999998, 1.9999999999999998, 1.2, 1.2, 1.9999999999999998, 1.2, 1.9999999999999998, 1.2, 1.9999999999999998]
T = 0.5120000000000001	 step = 139
74.13
12.165857599431815
[15.0, 14.0, 19.0, 11.0, 7.0, 5.0, 8.0, 3.0, 24.0, 13.0, 34.0, 12.0, 29.0, 24.0, 23.0, 4.0, 5.0, 3.0, 9.0, 3.0, 19.0, 13.0, 22.0, 32.0, 8.0, 2.0, 21.0, 33.0]
[10.0, 16.0, 7.0, 11.0, 20.0, 26.0, 3.0, 10.0, 6.0, 25.0, 9.0, 34.0, 36.0, 25.0, 11.0, 4.0, 14.0, 31.0, 17.0, 17.0, 22.0, 5.0, 15.0, 28.0, 23.0, 27.0, 18.0, 24.0]
[2.5, 2.5, 2.5, 2.5, 3.5, 2.5, 2.5, 2.5, 5.0, 5.0, 9.0, 9.0, 1.9999999999999998, 1.9999999999999998, 3.0, 3.0, 3.0, 3.0, 3.0, 3.0, 1.2, 1.9999999999999998, 1.9999999999999998, 1.2, 1.9999999999999998, 1.2, 1.9999999999999998, 1.2]
[3.5, 3.5, 3.5, 3.5, 2.5, 3.5, 3.5, 3.5, 5.0, 5.0, 9.0, 9.0, 3.0, 3.0, 1.9999999999999998, 1.9999999999999998, 1.9999999999999998, 1.9999999999999998, 1.9999999999999998, 1.9999999999999998, 1.9999999999999998, 1.2, 1.2, 1.9999999999999998, 1.2, 1.9999999999999998, 1.2, 1.9999999999999998]
T = 0.5120000000000001	 step = 140
74.14000000000004
12.181266867897726
[15.0, 14.0, 19.0, 11.0, 7.0, 5.0, 8.0, 3.0, 24.0, 13.0, 34.0, 12.0, 29.0, 24.0, 23.0, 4.0, 5.0, 3.0, 9.0, 3.0, 19.0, 13.0, 22.0, 32.0, 8.0, 2.0, 21.0, 33.0]
[10.0, 16.0, 7.0, 11.0, 20.0, 26.0, 3.0, 10.0, 6.0, 25.0, 9.0, 34.0, 36.0, 25.0, 11.0, 4.0, 14.0, 31.0, 17.0, 17.0, 22.0, 5.0, 15.0, 28.0, 23.0, 27.0, 19.0, 24.0]
[2.5, 2.5, 2.5, 2.5, 3.5, 2.5, 2.5, 2.5, 5.0, 5.0, 9.0, 9.0, 1.9999999999999998, 1.9999999999999998, 3.0, 3.0, 3.0, 3.0, 3.0, 3.0, 1.2, 1.9999999999999998, 1.9999999999999998, 1.2, 1.9999999999999998, 1.2, 1.9999999999999998, 1.2]
[3.5, 3.5, 3.5, 3.5, 2.5, 3.5, 3.5, 3.5, 5.0, 5.0, 9.0, 9.0, 3.0, 3.0, 1.9999999999999998, 1.9999999999999998, 1.9999999999999998, 1.9999999999999998, 1.9999999999999998, 1.9999999999999998, 1.9999999999999998, 1.2, 1.2, 1.9999999999999998, 1.2, 1.9999999999999998, 1.2, 1.9999999999999998]
T = 0.5120000000000001	 step = 141
74.07000000000005
12.165641867897726
[15.0, 14.0, 19.0, 11.0, 7.0, 5.0, 8.0, 3.0, 24.0, 13.0, 34.0, 12.0, 29.0, 24.0, 23.0, 4.0, 5.0, 3.0, 9.0, 3.0, 19.0, 13.0, 22.0, 32.0, 8.0, 2.0, 21.0, 33.0]
[10.0, 15.0, 7.0, 11.0, 20.0, 26.0, 3.0, 10.0, 6.0, 25.0, 9.0, 34.0, 36.0, 25.0, 11.0, 4.0, 14.0, 31.0, 17.0, 17.0, 22.0, 5.0, 15.0, 28.0, 23.0, 27.0, 19.0, 24.0]
[2.5, 2.5, 2.5, 2.5, 3.5, 2.5, 2.5, 2.5, 5.0, 5.0, 9.0, 9.0, 1.9999999999999998, 1.9999999999999998, 3.0, 3.0, 3.0, 3.0, 3.0, 3.0, 1.2, 1.9999999999999998, 1.9999999999999998, 1.2, 1.9999999999999998, 1.2, 1.9999999999999998, 1.2]
[3.5, 3.5, 3.5, 3.5, 2.5, 3.5, 3.5, 3.5, 5.0, 5.0, 9.0, 9.0, 3.0, 3.0, 1.9999999999999998, 1.9999999999999998, 1.9999999999999998, 1.9999999999999998, 1.9999999999999998, 1.9999999999999998, 1.9999999999999998, 1.2, 1.2, 1.9999999999999998, 1.2, 1.9999999999999998, 1.2, 1.9999999999999998]
T = 0.5120000000000001	 step = 142
74.02000000000004
12.165641867897726
[15.0, 14.0, 19.0, 11.0, 7.0, 5.0, 8.0, 3.0, 24.0, 13.0, 34.0, 12.0, 37.0, 24.0, 23.0, 4.0, 5.0, 3.0, 9.0, 3.0, 19.0, 13.0, 22.0, 32.0, 8.0, 2.0, 21.0, 33.0]
[10.0, 15.0, 7.0, 11.0, 20.0, 26.0, 3.0, 10.0, 6.0, 25.0, 9.0, 34.0, 28.0, 25.0, 11.0, 4.0, 14.0, 31.0, 17.0, 17.0, 22.0, 5.0, 15.0, 28.0, 23.0, 27.0, 19.0, 24.0]
[2.5, 2.5, 2.5, 2.5, 3.5, 2.5, 2.5, 2.5, 5.0, 5.0, 9.0, 9.0, 1.9999999999999998, 1.9999999999999998, 3.0, 3.0, 3.0, 3.0, 3.0, 3.0, 1.2, 1.9999999999999998, 1.9999999999999998, 1.2, 1.9999999999999998, 1.2, 1.9999999999999998, 1.2]
[3.5, 3.5, 3.5, 3.5, 2.5, 3.5, 3.5, 3.5, 5.0, 5.0, 9.0, 9.0, 3.0, 3.0, 1.9999999999999998, 1.9999999999999998, 1.9999999999999998, 1.9999999999999998, 1.9999999999999998, 1.9999999999999998, 1.9999999999999998, 1.2, 1.2, 1.9999999999999998, 1.2, 1.9999999999999998, 1.2, 1.9999999999999998]
T = 0.5120000000000001	 step = 143
73.84000000000003
11.911187855113633
[15.0, 14.0, 19.0, 11.0, 7.0, 5.0, 8.0, 3.0, 24.0, 13.0, 34.0, 12.0, 37.0, 24.0, 23.0, 4.0, 5.0, 3.0, 9.0, 3.0, 36.0, 13.0, 22.0, 32.0, 8.0, 2.0, 21.0, 33.0]
[10.0, 15.0, 7.0, 11.0, 20.0, 26.0, 3.0, 10.0, 6.0, 25.0, 9.0, 34.0, 28.0, 25.0, 11.0, 4.0, 14.0, 31.0, 17.0, 17.0, 36.0, 5.0, 15.0, 28.0, 23.0, 27.0, 19.0, 24.0]
[2.5, 2.5, 2.5, 2.5, 3.5, 2.5, 2.5, 2.5, 5.0, 5.0, 9.0, 9.0, 1.9999999999999998, 1.9999999999999998, 3.0, 3.0, 3.0, 3.0, 3.0, 3.0, 1.9999999999999998, 1.9999999999999998, 1.9999999999999998, 1.2, 1.9999999999999998, 1.2, 1.9999999999999998, 1.2]
[3.5, 3.5, 3.5, 3.5, 2.5, 3.5, 3.5, 3.5, 5.0, 5.0, 9.0, 9.0, 3.0, 3.0, 1.9999999999999998, 1.9999999999999998, 1.9999999999999998, 1.9999999999999998, 1.9999999999999998, 1.9999999999999998, 1.2, 1.2, 1.2, 1.9999999999999998, 1.2, 1.9999999999999998, 1.2, 1.9999999999999998]
T = 0.5120000000000001	 step = 144
73.86000000000001
11.723687855113633
[15.0, 14.0, 19.0, 11.0, 7.0, 5.0, 8.0, 3.0, 24.0, 13.0, 34.0, 12.0, 37.0, 24.0, 23.0, 4.0, 5.0, 3.0, 9.0, 3.0, 36.0, 13.0, 22.0, 29.0, 8.0, 2.0, 21.0, 33.0]
[10.0, 15.0, 7.0, 11.0, 20.0, 26.0, 3.0, 10.0, 6.0, 25.0, 9.0, 34.0, 28.0, 25.0, 11.0, 4.0, 14.0, 31.0, 17.0, 17.0, 36.0, 5.0, 15.0, 19.0, 23.0, 27.0, 19.0, 24.0]
[2.5, 2.5, 2.5, 2.5, 3.5, 2.5, 2.5, 2.5, 5.0, 5.0, 9.0, 9.0, 1.9999999999999998, 1.9999999999999998, 3.0, 3.0, 3.0, 3.0, 3.0, 3.0, 1.9999999999999998, 1.9999999999999998, 1.9999999999999998, 1.9999999999999998, 1.9999999999999998, 1.2, 1.9999999999999998, 1.2]
[3.5, 3.5, 3.5, 3.5, 2.5, 3.5, 3.5, 3.5, 5.0, 5.0, 9.0, 9.0, 3.0, 3.0, 1.9999999999999998, 1.9999999999999998, 1.9999999999999998, 1.9999999999999998, 1.9999999999999998, 1.9999999999999998, 1.2, 1.2, 1.2, 1.2, 1.2, 1.9999999999999998, 1.2, 1.9999999999999998]
T = 0.5120000000000001	 step = 145
73.67000000000002
11.85033291903409
[15.0, 14.0, 19.0, 11.0, 7.0, 5.0, 8.0, 3.0, 24.0, 14.0, 34.0, 12.0, 37.0, 24.0, 23.0, 4.0, 5.0, 3.0, 9.0, 3.0, 36.0, 13.0, 22.0, 29.0, 8.0, 2.0, 21.0, 33.0]
[10.0, 15.0, 7.0, 11.0, 20.0, 26.0, 3.0, 10.0, 6.0, 25.0, 9.0, 34.0, 28.0, 25.0, 11.0, 4.0, 14.0, 31.0, 17.0, 17.0, 36.0, 5.0, 15.0, 19.0, 23.0, 27.0, 19.0, 24.0]
[2.5, 2.5, 2.5, 2.5, 3.5, 2.5, 2.5, 2.5, 5.0, 5.0, 9.0, 9.0, 1.9999999999999998, 1.9999999999999998, 3.0, 3.0, 3.0, 3.0, 3.0, 3.0, 1.9999999999999998, 1.9999999999999998, 1.9999999999999998, 1.9999999999999998, 1.9999999999999998, 1.2, 1.9999999999999998, 1.2]
[3.5, 3.5, 3.5, 3.5, 2.5, 3.5, 3.5, 3.5, 5.0, 5.0, 9.0, 9.0, 3.0, 3.0, 1.9999999999999998, 1.9999999999999998, 1.9999999999999998, 1.9999999999999998, 1.9999999999999998, 1.9999999999999998, 1.2, 1.2, 1.2, 1.2, 1.2, 1.9999999999999998, 1.2, 1.9999999999999998]
T = 0.5120000000000001	 step = 146
73.73000000000002
11.83470791903409
[15.0, 14.0, 19.0, 11.0, 8.0, 5.0, 8.0, 3.0, 24.0, 14.0, 34.0, 12.0, 37.0, 24.0, 23.0, 4.0, 5.0, 3.0, 9.0, 3.0, 36.0, 13.0, 22.0, 29.0, 8.0, 2.0, 21.0, 33.0]
[10.0, 15.0, 7.0, 11.0, 20.0, 26.0, 3.0, 10.0, 6.0, 25.0, 9.0, 34.0, 28.0, 25.0, 11.0, 4.0, 14.0, 31.0, 17.0, 17.0, 36.0, 5.0, 15.0, 19.0, 23.0, 27.0, 19.0, 24.0]
[2.5, 2.5, 2.5, 2.5, 3.5, 2.5, 2.5, 2.5, 5.0, 5.0, 9.0, 9.0, 1.9999999999999998, 1.9999999999999998, 3.0, 3.0, 3.0, 3.0, 3.0, 3.0, 1.9999999999999998, 1.9999999999999998, 1.9999999999999998, 1.9999999999999998, 1.9999999999999998, 1.2, 1.9999999999999998, 1.2]
[3.5, 3.5, 3.5, 3.5, 2.5, 3.5, 3.5, 3.5, 5.0, 5.0, 9.0, 9.0, 3.0, 3.0, 1.9999999999999998, 1.9999999999999998, 1.9999999999999998, 1.9999999999999998, 1.9999999999999998, 1.9999999999999998, 1.2, 1.2, 1.2, 1.2, 1.2, 1.9999999999999998, 1.2, 1.9999999999999998]
T = 0.5120000000000001	 step = 147
73.75
11.734572975852272
[15.0, 14.0, 19.0, 11.0, 8.0, 5.0, 8.0, 3.0, 24.0, 14.0, 34.0, 12.0, 37.0, 24.0, 23.0, 4.0, 5.0, 3.0, 9.0, 3.0, 36.0, 13.0, 22.0, 29.0, 8.0, 2.0, 21.0, 33.0]
[10.0, 15.0, 7.0, 11.0, 20.0, 26.0, 4.0, 10.0, 6.0, 25.0, 9.0, 34.0, 28.0, 25.0, 11.0, 4.0, 14.0, 31.0, 17.0, 17.0, 36.0, 5.0, 15.0, 19.0, 23.0, 27.0, 19.0, 24.0]
[2.5, 2.5, 2.5, 2.5, 3.5, 2.5, 2.5, 2.5, 5.0, 5.0, 9.0, 9.0, 1.9999999999999998, 1.9999999999999998, 3.0, 3.0, 3.0, 3.0, 3.0, 3.0, 1.9999999999999998, 1.9999999999999998, 1.9999999999999998, 1.9999999999999998, 1.9999999999999998, 1.2, 1.9999999999999998, 1.2]
[3.5, 3.5, 3.5, 3.5, 2.5, 3.5, 3.5, 3.5, 5.0, 5.0, 9.0, 9.0, 3.0, 3.0, 1.9999999999999998, 1.9999999999999998, 1.9999999999999998, 1.9999999999999998, 1.9999999999999998, 1.9999999999999998, 1.2, 1.2, 1.2, 1.2, 1.2, 1.9999999999999998, 1.2, 1.9999999999999998]
T = 0.5120000000000001	 step = 148
73.77000000000004
11.632431640624999
[15.0, 14.0, 19.0, 11.0, 8.0, 5.0, 8.0, 3.0, 24.0, 14.0, 34.0, 12.0, 37.0, 24.0, 23.0, 4.0, 5.0, 3.0, 9.0, 3.0, 36.0, 13.0, 22.0, 29.0, 8.0, 2.0, 21.0, 33.0]
[10.0, 15.0, 7.0, 11.0, 20.0, 26.0, 5.0, 10.0, 6.0, 25.0, 9.0, 34.0, 28.0, 25.0, 11.0, 4.0, 14.0, 31.0, 17.0, 17.0, 36.0, 5.0, 15.0, 19.0, 23.0, 27.0, 19.0, 24.0]
[2.5, 2.5, 2.5, 2.5, 3.5, 2.5, 2.5, 2.5, 5.0, 5.0, 9.0, 9.0, 1.9999999999999998, 1.9999999999999998, 3.0, 3.0, 3.0, 3.0, 3.0, 3.0, 1.9999999999999998, 1.9999999999999998, 1.9999999999999998, 1.9999999999999998, 1.9999999999999998, 1.2, 1.9999999999999998, 1.2]
[3.5, 3.5, 3.5, 3.5, 2.5, 3.5, 3.5, 3.5, 5.0, 5.0, 9.0, 9.0, 3.0, 3.0, 1.9999999999999998, 1.9999999999999998, 1.9999999999999998, 1.9999999999999998, 1.9999999999999998, 1.9999999999999998, 1.2, 1.2, 1.2, 1.2, 1.2, 1.9999999999999998, 1.2, 1.9999999999999998]
T = 0.5120000000000001	 step = 149
73.61000000000001
11.991806640624997
[15.0, 14.0, 19.0, 11.0, 8.0, 5.0, 8.0, 3.0, 24.0, 14.0, 34.0, 12.0, 37.0, 24.0, 23.0, 4.0, 5.0, 3.0, 9.0, 3.0, 36.0, 13.0, 22.0, 29.0, 34.0, 2.0, 21.0, 33.0]
[10.0, 15.0, 7.0, 11.0, 20.0, 26.0, 5.0, 10.0, 6.0, 25.0, 9.0, 34.0, 28.0, 25.0, 11.0, 4.0, 14.0, 31.0, 17.0, 17.0, 36.0, 5.0, 15.0, 19.0, 20.0, 27.0, 19.0, 24.0]
[2.5, 2.5, 2.5, 2.5, 3.5, 2.5, 2.5, 2.5, 5.0, 5.0, 9.0, 9.0, 1.9999999999999998, 1.9999999999999998, 3.0, 3.0, 3.0, 3.0, 3.0, 3.0, 1.9999999999999998, 1.9999999999999998, 1.9999999999999998, 1.9999999999999998, 1.2, 1.2, 1.9999999999999998, 1.2]
[3.5, 3.5, 3.5, 3.5, 2.5, 3.5, 3.5, 3.5, 5.0, 5.0, 9.0, 9.0, 3.0, 3.0, 1.9999999999999998, 1.9999999999999998, 1.9999999999999998, 1.9999999999999998, 1.9999999999999998, 1.9999999999999998, 1.2, 1.2, 1.2, 1.2, 1.9999999999999998, 1.9999999999999998, 1.2, 1.9999999999999998]
T = 0.5120000000000001	 step = 150
73.62
11.960556640624997
[15.0, 14.0, 19.0, 11.0, 8.0, 5.0, 8.0, 3.0, 24.0, 14.0, 34.0, 12.0, 37.0, 23.0, 23.0, 4.0, 5.0, 3.0, 9.0, 3.0, 36.0, 13.0, 22.0, 29.0, 34.0, 2.0, 21.0, 33.0]
[10.0, 15.0, 7.0, 11.0, 20.0, 26.0, 5.0, 10.0, 6.0, 25.0, 9.0, 34.0, 28.0, 25.0, 11.0, 4.0, 14.0, 31.0, 17.0, 17.0, 36.0, 5.0, 15.0, 19.0, 20.0, 27.0, 19.0, 24.0]
[2.5, 2.5, 2.5, 2.5, 3.5, 2.5, 2.5, 2.5, 5.0, 5.0, 9.0, 9.0, 1.9999999999999998, 1.9999999999999998, 3.0, 3.0, 3.0, 3.0, 3.0, 3.0, 1.9999999999999998, 1.9999999999999998, 1.9999999999999998, 1.9999999999999998, 1.2, 1.2, 1.9999999999999998, 1.2]
[3.5, 3.5, 3.5, 3.5, 2.5, 3.5, 3.5, 3.5, 5.0, 5.0, 9.0, 9.0, 3.0, 3.0, 1.9999999999999998, 1.9999999999999998, 1.9999999999999998, 1.9999999999999998, 1.9999999999999998, 1.9999999999999998, 1.2, 1.2, 1.2, 1.2, 1.9999999999999998, 1.9999999999999998, 1.2, 1.9999999999999998]
T = 0.5120000000000001	 step = 151
73.62
11.976181640624997
[15.0, 14.0, 19.0, 11.0, 8.0, 5.0, 8.0, 3.0, 24.0, 14.0, 34.0, 12.0, 37.0, 23.0, 23.0, 4.0, 5.0, 3.0, 9.0, 3.0, 36.0, 13.0, 22.0, 29.0, 34.0, 2.0, 21.0, 33.0]
[10.0, 15.0, 7.0, 11.0, 20.0, 26.0, 5.0, 10.0, 6.0, 25.0, 9.0, 34.0, 28.0, 25.0, 11.0, 4.0, 14.0, 31.0, 17.0, 17.0, 37.0, 5.0, 15.0, 19.0, 20.0, 27.0, 19.0, 24.0]
[2.5, 2.5, 2.5, 2.5, 3.5, 2.5, 2.5, 2.5, 5.0, 5.0, 9.0, 9.0, 1.9999999999999998, 1.9999999999999998, 3.0, 3.0, 3.0, 3.0, 3.0, 3.0, 1.9999999999999998, 1.9999999999999998, 1.9999999999999998, 1.9999999999999998, 1.2, 1.2, 1.9999999999999998, 1.2]
[3.5, 3.5, 3.5, 3.5, 2.5, 3.5, 3.5, 3.5, 5.0, 5.0, 9.0, 9.0, 3.0, 3.0, 1.9999999999999998, 1.9999999999999998, 1.9999999999999998, 1.9999999999999998, 1.9999999999999998, 1.9999999999999998, 1.2, 1.2, 1.2, 1.2, 1.9999999999999998, 1.9999999999999998, 1.2, 1.9999999999999998]
T = 0.5120000000000001	 step = 152
73.61000000000001
11.96077237215909
[15.0, 14.0, 19.0, 11.0, 8.0, 5.0, 8.0, 3.0, 24.0, 14.0, 34.0, 12.0, 37.0, 23.0, 23.0, 4.0, 5.0, 3.0, 9.0, 3.0, 36.0, 13.0, 22.0, 29.0, 34.0, 2.0, 21.0, 33.0]
[10.0, 15.0, 7.0, 11.0, 20.0, 26.0, 5.0, 10.0, 6.0, 25.0, 9.0, 34.0, 28.0, 25.0, 11.0, 4.0, 14.0, 31.0, 17.0, 17.0, 37.0, 5.0, 15.0, 19.0, 20.0, 27.0, 18.0, 24.0]
[2.5, 2.5, 2.5, 2.5, 3.5, 2.5, 2.5, 2.5, 5.0, 5.0, 9.0, 9.0, 1.9999999999999998, 1.9999999999999998, 3.0, 3.0, 3.0, 3.0, 3.0, 3.0, 1.9999999999999998, 1.9999999999999998, 1.9999999999999998, 1.9999999999999998, 1.2, 1.2, 1.9999999999999998, 1.2]
[3.5, 3.5, 3.5, 3.5, 2.5, 3.5, 3.5, 3.5, 5.0, 5.0, 9.0, 9.0, 3.0, 3.0, 1.9999999999999998, 1.9999999999999998, 1.9999999999999998, 1.9999999999999998, 1.9999999999999998, 1.9999999999999998, 1.2, 1.2, 1.2, 1.2, 1.9999999999999998, 1.9999999999999998, 1.2, 1.9999999999999998]
T = 0.5120000000000001	 step = 153
73.63
11.906119495738634
[15.0, 14.0, 19.0, 11.0, 8.0, 5.0, 8.0, 3.0, 24.0, 14.0, 34.0, 13.0, 37.0, 23.0, 23.0, 4.0, 5.0, 3.0, 9.0, 3.0, 36.0, 13.0, 22.0, 29.0, 34.0, 2.0, 21.0, 33.0]
[10.0, 15.0, 7.0, 11.0, 20.0, 26.0, 5.0, 10.0, 6.0, 25.0, 9.0, 34.0, 28.0, 25.0, 11.0, 4.0, 14.0, 31.0, 17.0, 17.0, 37.0, 5.0, 15.0, 19.0, 20.0, 27.0, 18.0, 24.0]
[2.5, 2.5, 2.5, 2.5, 3.5, 2.5, 2.5, 2.5, 5.0, 5.0, 9.0, 9.0, 1.9999999999999998, 1.9999999999999998, 3.0, 3.0, 3.0, 3.0, 3.0, 3.0, 1.9999999999999998, 1.9999999999999998, 1.9999999999999998, 1.9999999999999998, 1.2, 1.2, 1.9999999999999998, 1.2]
[3.5, 3.5, 3.5, 3.5, 2.5, 3.5, 3.5, 3.5, 5.0, 5.0, 9.0, 9.0, 3.0, 3.0, 1.9999999999999998, 1.9999999999999998, 1.9999999999999998, 1.9999999999999998, 1.9999999999999998, 1.9999999999999998, 1.2, 1.2, 1.2, 1.2, 1.9999999999999998, 1.9999999999999998, 1.2, 1.9999999999999998]
T = 0.5120000000000001	 step = 154
73.63
11.906119495738634
[15.0, 14.0, 19.0, 11.0, 8.0, 5.0, 8.0, 3.0, 24.0, 14.0, 34.0, 13.0, 37.0, 23.0, 23.0, 4.0, 5.0, 3.0, 9.0, 3.0, 36.0, 13.0, 22.0, 29.0, 34.0, 2.0, 21.0, 33.0]
[10.0, 15.0, 7.0, 11.0, 20.0, 26.0, 5.0, 10.0, 6.0, 25.0, 9.0, 34.0, 27.0, 25.0, 11.0, 4.0, 14.0, 31.0, 17.0, 17.0, 37.0, 5.0, 15.0, 19.0, 20.0, 27.0, 18.0, 24.0]
[2.5, 2.5, 2.5, 2.5, 3.5, 2.5, 2.5, 2.5, 5.0, 5.0, 9.0, 9.0, 1.9999999999999998, 1.9999999999999998, 3.0, 3.0, 3.0, 3.0, 3.0, 3.0, 1.9999999999999998, 1.9999999999999998, 1.9999999999999998, 1.9999999999999998, 1.2, 1.2, 1.9999999999999998, 1.2]
[3.5, 3.5, 3.5, 3.5, 2.5, 3.5, 3.5, 3.5, 5.0, 5.0, 9.0, 9.0, 3.0, 3.0, 1.9999999999999998, 1.9999999999999998, 1.9999999999999998, 1.9999999999999998, 1.9999999999999998, 1.9999999999999998, 1.2, 1.2, 1.2, 1.2, 1.9999999999999998, 1.9999999999999998, 1.2, 1.9999999999999998]
T = 0.5120000000000001	 step = 155
73.63
11.890494495738634
[15.0, 14.0, 19.0, 11.0, 8.0, 5.0, 8.0, 3.0, 24.0, 14.0, 34.0, 13.0, 37.0, 23.0, 23.0, 4.0, 5.0, 3.0, 9.0, 3.0, 36.0, 13.0, 22.0, 29.0, 34.0, 2.0, 21.0, 33.0]
[10.0, 15.0, 7.0, 11.0, 20.0, 26.0, 5.0, 10.0, 6.0, 25.0, 9.0, 34.0, 27.0, 25.0, 11.0, 4.0, 14.0, 31.0, 17.0, 17.0, 37.0, 6.0, 15.0, 19.0, 20.0, 27.0, 18.0, 24.0]
[2.5, 2.5, 2.5, 2.5, 3.5, 2.5, 2.5, 2.5, 5.0, 5.0, 9.0, 9.0, 1.9999999999999998, 1.9999999999999998, 3.0, 3.0, 3.0, 3.0, 3.0, 3.0, 1.9999999999999998, 1.9999999999999998, 1.9999999999999998, 1.9999999999999998, 1.2, 1.2, 1.9999999999999998, 1.2]
[3.5, 3.5, 3.5, 3.5, 2.5, 3.5, 3.5, 3.5, 5.0, 5.0, 9.0, 9.0, 3.0, 3.0, 1.9999999999999998, 1.9999999999999998, 1.9999999999999998, 1.9999999999999998, 1.9999999999999998, 1.9999999999999998, 1.2, 1.2, 1.2, 1.2, 1.9999999999999998, 1.9999999999999998, 1.2, 1.9999999999999998]
T = 0.5120000000000001	 step = 156
73.62
11.906119495738634
[15.0, 14.0, 19.0, 11.0, 8.0, 5.0, 8.0, 3.0, 24.0, 14.0, 34.0, 13.0, 37.0, 23.0, 23.0, 4.0, 5.0, 3.0, 9.0, 3.0, 36.0, 13.0, 22.0, 29.0, 34.0, 2.0, 21.0, 34.0]
[10.0, 15.0, 7.0, 11.0, 20.0, 26.0, 5.0, 10.0, 6.0, 25.0, 9.0, 34.0, 27.0, 25.0, 11.0, 4.0, 14.0, 31.0, 17.0, 17.0, 37.0, 6.0, 15.0, 19.0, 20.0, 27.0, 18.0, 24.0]
[2.5, 2.5, 2.5, 2.5, 3.5, 2.5, 2.5, 2.5, 5.0, 5.0, 9.0, 9.0, 1.9999999999999998, 1.9999999999999998, 3.0, 3.0, 3.0, 3.0, 3.0, 3.0, 1.9999999999999998, 1.9999999999999998, 1.9999999999999998, 1.9999999999999998, 1.2, 1.2, 1.9999999999999998, 1.2]
[3.5, 3.5, 3.5, 3.5, 2.5, 3.5, 3.5, 3.5, 5.0, 5.0, 9.0, 9.0, 3.0, 3.0, 1.9999999999999998, 1.9999999999999998, 1.9999999999999998, 1.9999999999999998, 1.9999999999999998, 1.9999999999999998, 1.2, 1.2, 1.2, 1.2, 1.9999999999999998, 1.9999999999999998, 1.2, 1.9999999999999998]
T = 0.5120000000000001	 step = 157
73.62
11.937369495738634
[15.0, 14.0, 19.0, 11.0, 8.0, 5.0, 8.0, 3.0, 24.0, 14.0, 34.0, 13.0, 37.0, 23.0, 23.0, 4.0, 5.0, 3.0, 9.0, 3.0, 36.0, 13.0, 22.0, 29.0, 34.0, 2.0, 21.0, 34.0]
[10.0, 15.0, 7.0, 11.0, 20.0, 26.0, 5.0, 10.0, 6.0, 25.0, 9.0, 34.0, 27.0, 26.0, 11.0, 4.0, 14.0, 31.0, 17.0, 17.0, 37.0, 6.0, 15.0, 19.0, 20.0, 27.0, 18.0, 24.0]
[2.5, 2.5, 2.5, 2.5, 3.5, 2.5, 2.5, 2.5, 5.0, 5.0, 9.0, 9.0, 1.9999999999999998, 1.9999999999999998, 3.0, 3.0, 3.0, 3.0, 3.0, 3.0, 1.9999999999999998, 1.9999999999999998, 1.9999999999999998, 1.9999999999999998, 1.2, 1.2, 1.9999999999999998, 1.2]
[3.5, 3.5, 3.5, 3.5, 2.5, 3.5, 3.5, 3.5, 5.0, 5.0, 9.0, 9.0, 3.0, 3.0, 1.9999999999999998, 1.9999999999999998, 1.9999999999999998, 1.9999999999999998, 1.9999999999999998, 1.9999999999999998, 1.2, 1.2, 1.2, 1.2, 1.9999999999999998, 1.9999999999999998, 1.2, 1.9999999999999998]
T = 0.5120000000000001	 step = 158
73.61000000000001
11.921744495738634
[15.0, 14.0, 19.0, 11.0, 8.0, 5.0, 8.0, 3.0, 24.0, 14.0, 34.0, 13.0, 37.0, 23.0, 23.0, 4.0, 5.0, 3.0, 9.0, 3.0, 36.0, 13.0, 22.0, 29.0, 34.0, 2.0, 21.0, 34.0]
[10.0, 15.0, 7.0, 11.0, 20.0, 26.0, 5.0, 10.0, 6.0, 25.0, 9.0, 34.0, 27.0, 26.0, 11.0, 4.0, 14.0, 31.0, 17.0, 17.0, 37.0, 6.0, 14.0, 19.0, 20.0, 27.0, 18.0, 24.0]
[2.5, 2.5, 2.5, 2.5, 3.5, 2.5, 2.5, 2.5, 5.0, 5.0, 9.0, 9.0, 1.9999999999999998, 1.9999999999999998, 3.0, 3.0, 3.0, 3.0, 3.0, 3.0, 1.9999999999999998, 1.9999999999999998, 1.9999999999999998, 1.9999999999999998, 1.2, 1.2, 1.9999999999999998, 1.2]
[3.5, 3.5, 3.5, 3.5, 2.5, 3.5, 3.5, 3.5, 5.0, 5.0, 9.0, 9.0, 3.0, 3.0, 1.9999999999999998, 1.9999999999999998, 1.9999999999999998, 1.9999999999999998, 1.9999999999999998, 1.9999999999999998, 1.2, 1.2, 1.2, 1.2, 1.9999999999999998, 1.9999999999999998, 1.2, 1.9999999999999998]
T = 0.5120000000000001	 step = 159
73.61000000000001
11.915081676136362
[15.0, 14.0, 19.0, 11.0, 8.0, 5.0, 8.0, 3.0, 24.0, 14.0, 34.0, 13.0, 37.0, 23.0, 23.0, 4.0, 5.0, 3.0, 9.0, 3.0, 36.0, 13.0, 23.0, 29.0, 34.0, 2.0, 21.0, 34.0]
[10.0, 15.0, 7.0, 11.0, 20.0, 26.0, 5.0, 10.0, 6.0, 25.0, 9.0, 34.0, 27.0, 26.0, 11.0, 4.0, 14.0, 31.0, 17.0, 17.0, 37.0, 6.0, 14.0, 19.0, 20.0, 27.0, 18.0, 24.0]
[2.5, 2.5, 2.5, 2.5, 3.5, 2.5, 2.5, 2.5, 5.0, 5.0, 9.0, 9.0, 1.9999999999999998, 1.9999999999999998, 3.0, 3.0, 3.0, 3.0, 3.0, 3.0, 1.9999999999999998, 1.9999999999999998, 1.9999999999999998, 1.9999999999999998, 1.2, 1.2, 1.9999999999999998, 1.2]
[3.5, 3.5, 3.5, 3.5, 2.5, 3.5, 3.5, 3.5, 5.0, 5.0, 9.0, 9.0, 3.0, 3.0, 1.9999999999999998, 1.9999999999999998, 1.9999999999999998, 1.9999999999999998, 1.9999999999999998, 1.9999999999999998, 1.2, 1.2, 1.2, 1.2, 1.9999999999999998, 1.9999999999999998, 1.2, 1.9999999999999998]
T = 0.5120000000000001	 step = 160
73.61000000000001
11.899456676136362
[15.0, 14.0, 19.0, 11.0, 8.0, 5.0, 8.0, 3.0, 24.0, 14.0, 34.0, 13.0, 37.0, 23.0, 23.0, 4.0, 5.0, 3.0, 9.0, 3.0, 36.0, 13.0, 23.0, 29.0, 34.0, 2.0, 21.0, 34.0]
[10.0, 15.0, 7.0, 11.0, 20.0, 26.0, 5.0, 10.0, 6.0, 25.0, 9.0, 34.0, 27.0, 26.0, 11.0, 4.0, 14.0, 31.0, 17.0, 17.0, 37.0, 6.0, 14.0, 19.0, 19.0, 27.0, 18.0, 24.0]
[2.5, 2.5, 2.5, 2.5, 3.5, 2.5, 2.5, 2.5, 5.0, 5.0, 9.0, 9.0, 1.9999999999999998, 1.9999999999999998, 3.0, 3.0, 3.0, 3.0, 3.0, 3.0, 1.9999999999999998, 1.9999999999999998, 1.9999999999999998, 1.9999999999999998, 1.2, 1.2, 1.9999999999999998, 1.2]
[3.5, 3.5, 3.5, 3.5, 2.5, 3.5, 3.5, 3.5, 5.0, 5.0, 9.0, 9.0, 3.0, 3.0, 1.9999999999999998, 1.9999999999999998, 1.9999999999999998, 1.9999999999999998, 1.9999999999999998, 1.9999999999999998, 1.2, 1.2, 1.2, 1.2, 1.9999999999999998, 1.9999999999999998, 1.2, 1.9999999999999998]
T = 0.5120000000000001	 step = 161
73.42000000000002
14.655546874999997
[35.0, 14.0, 19.0, 11.0, 8.0, 5.0, 8.0, 3.0, 24.0, 14.0, 34.0, 13.0, 37.0, 23.0, 23.0, 4.0, 5.0, 3.0, 9.0, 3.0, 36.0, 13.0, 23.0, 29.0, 34.0, 2.0, 21.0, 34.0]
[33.0, 15.0, 7.0, 11.0, 20.0, 26.0, 5.0, 10.0, 6.0, 25.0, 9.0, 34.0, 27.0, 26.0, 11.0, 4.0, 14.0, 31.0, 17.0, 17.0, 37.0, 6.0, 14.0, 19.0, 19.0, 27.0, 18.0, 24.0]
[2.5, 2.5, 2.5, 2.5, 3.5, 2.5, 2.5, 2.5, 5.0, 5.0, 9.0, 9.0, 1.9999999999999998, 1.9999999999999998, 3.0, 3.0, 3.0, 3.0, 3.0, 3.0, 1.9999999999999998, 1.9999999999999998, 1.9999999999999998, 1.9999999999999998, 1.2, 1.2, 1.9999999999999998, 1.2]
[3.5, 3.5, 3.5, 3.5, 2.5, 3.5, 3.5, 3.5, 5.0, 5.0, 9.0, 9.0, 3.0, 3.0, 1.9999999999999998, 1.9999999999999998, 1.9999999999999998, 1.9999999999999998, 1.9999999999999998, 1.9999999999999998, 1.2, 1.2, 1.2, 1.2, 1.9999999999999998, 1.9999999999999998, 1.2, 1.9999999999999998]
T = 0.40960000000000013	 step = 162
73.65000000000003
11.883831676136362
[15.0, 14.0, 19.0, 11.0, 8.0, 5.0, 8.0, 3.0, 24.0, 14.0, 34.0, 13.0, 37.0, 23.0, 23.0, 4.0, 5.0, 3.0, 9.0, 3.0, 36.0, 13.0, 23.0, 29.0, 34.0, 2.0, 21.0, 34.0]
[10.0, 15.0, 7.0, 12.0, 20.0, 26.0, 5.0, 10.0, 6.0, 25.0, 9.0, 34.0, 27.0, 26.0, 11.0, 4.0, 14.0, 31.0, 17.0, 17.0, 37.0, 6.0, 14.0, 19.0, 19.0, 27.0, 18.0, 24.0]
[2.5, 2.5, 2.5, 2.5, 3.5, 2.5, 2.5, 2.5, 5.0, 5.0, 9.0, 9.0, 1.9999999999999998, 1.9999999999999998, 3.0, 3.0, 3.0, 3.0, 3.0, 3.0, 1.9999999999999998, 1.9999999999999998, 1.9999999999999998, 1.9999999999999998, 1.2, 1.2, 1.9999999999999998, 1.2]
[3.5, 3.5, 3.5, 3.5, 2.5, 3.5, 3.5, 3.5, 5.0, 5.0, 9.0, 9.0, 3.0, 3.0, 1.9999999999999998, 1.9999999999999998, 1.9999999999999998, 1.9999999999999998, 1.9999999999999998, 1.9999999999999998, 1.2, 1.2, 1.2, 1.2, 1.9999999999999998, 1.9999999999999998, 1.2, 1.9999999999999998]
T = 0.40960000000000013	 step = 163
73.76000000000005
13.408216441761363
[15.0, 14.0, 19.0, 11.0, 8.0, 5.0, 2.0, 3.0, 24.0, 14.0, 34.0, 13.0, 37.0, 23.0, 23.0, 4.0, 5.0, 3.0, 9.0, 3.0, 36.0, 13.0, 23.0, 29.0, 34.0, 2.0, 21.0, 34.0]
[10.0, 15.0, 7.0, 12.0, 20.0, 26.0, 36.0, 10.0, 6.0, 25.0, 9.0, 34.0, 27.0, 26.0, 11.0, 4.0, 14.0, 31.0, 17.0, 17.0, 37.0, 6.0, 14.0, 19.0, 19.0, 27.0, 18.0, 24.0]
[2.5, 2.5, 2.5, 2.5, 3.5, 2.5, 2.5, 2.5, 5.0, 5.0, 9.0, 9.0, 1.9999999999999998, 1.9999999999999998, 3.0, 3.0, 3.0, 3.0, 3.0, 3.0, 1.9999999999999998, 1.9999999999999998, 1.9999999999999998, 1.9999999999999998, 1.2, 1.2, 1.9999999999999998, 1.2]
[3.5, 3.5, 3.5, 3.5, 2.5, 3.5, 3.5, 3.5, 5.0, 5.0, 9.0, 9.0, 3.0, 3.0, 1.9999999999999998, 1.9999999999999998, 1.9999999999999998, 1.9999999999999998, 1.9999999999999998, 1.9999999999999998, 1.2, 1.2, 1.2, 1.2, 1.9999999999999998, 1.9999999999999998, 1.2, 1.9999999999999998]
T = 0.40960000000000013	 step = 164
73.76000000000005
13.376966441761363
[15.0, 14.0, 19.0, 11.0, 8.0, 5.0, 2.0, 3.0, 24.0, 14.0, 34.0, 13.0, 37.0, 23.0, 23.0, 4.0, 5.0, 3.0, 9.0, 3.0, 36.0, 13.0, 23.0, 29.0, 34.0, 2.0, 21.0, 34.0]
[10.0, 15.0, 7.0, 12.0, 20.0, 26.0, 36.0, 10.0, 6.0, 25.0, 9.0, 34.0, 27.0, 26.0, 11.0, 4.0, 14.0, 30.0, 17.0, 17.0, 37.0, 6.0, 14.0, 19.0, 19.0, 27.0, 18.0, 24.0]
[2.5, 2.5, 2.5, 2.5, 3.5, 2.5, 2.5, 2.5, 5.0, 5.0, 9.0, 9.0, 1.9999999999999998, 1.9999999999999998, 3.0, 3.0, 3.0, 3.0, 3.0, 3.0, 1.9999999999999998, 1.9999999999999998, 1.9999999999999998, 1.9999999999999998, 1.2, 1.2, 1.9999999999999998, 1.2]
[3.5, 3.5, 3.5, 3.5, 2.5, 3.5, 3.5, 3.5, 5.0, 5.0, 9.0, 9.0, 3.0, 3.0, 1.9999999999999998, 1.9999999999999998, 1.9999999999999998, 1.9999999999999998, 1.9999999999999998, 1.9999999999999998, 1.2, 1.2, 1.2, 1.2, 1.9999999999999998, 1.9999999999999998, 1.2, 1.9999999999999998]
T = 0.40960000000000013	 step = 165
73.74000000000001
13.431619318181816
[15.0, 14.0, 19.0, 11.0, 8.0, 5.0, 2.0, 3.0, 24.0, 14.0, 34.0, 12.0, 37.0, 23.0, 23.0, 4.0, 5.0, 3.0, 9.0, 3.0, 36.0, 13.0, 23.0, 29.0, 34.0, 2.0, 21.0, 34.0]
[10.0, 15.0, 7.0, 12.0, 20.0, 26.0, 36.0, 10.0, 6.0, 25.0, 9.0, 34.0, 27.0, 26.0, 11.0, 4.0, 14.0, 30.0, 17.0, 17.0, 37.0, 6.0, 14.0, 19.0, 19.0, 27.0, 18.0, 24.0]
[2.5, 2.5, 2.5, 2.5, 3.5, 2.5, 2.5, 2.5, 5.0, 5.0, 9.0, 9.0, 1.9999999999999998, 1.9999999999999998, 3.0, 3.0, 3.0, 3.0, 3.0, 3.0, 1.9999999999999998, 1.9999999999999998, 1.9999999999999998, 1.9999999999999998, 1.2, 1.2, 1.9999999999999998, 1.2]
[3.5, 3.5, 3.5, 3.5, 2.5, 3.5, 3.5, 3.5, 5.0, 5.0, 9.0, 9.0, 3.0, 3.0, 1.9999999999999998, 1.9999999999999998, 1.9999999999999998, 1.9999999999999998, 1.9999999999999998, 1.9999999999999998, 1.2, 1.2, 1.2, 1.2, 1.9999999999999998, 1.9999999999999998, 1.2, 1.9999999999999998]
T = 0.40960000000000013	 step = 166
73.59000000000003
13.931619318181816
[15.0, 14.0, 19.0, 11.0, 8.0, 5.0, 2.0, 3.0, 24.0, 14.0, 34.0, 12.0, 37.0, 33.0, 23.0, 4.0, 5.0, 3.0, 9.0, 3.0, 36.0, 13.0, 23.0, 29.0, 34.0, 2.0, 21.0, 34.0]
[10.0, 15.0, 7.0, 12.0, 20.0, 26.0, 36.0, 10.0, 6.0, 25.0, 9.0, 34.0, 27.0, 32.0, 11.0, 4.0, 14.0, 30.0, 17.0, 17.0, 37.0, 6.0, 14.0, 19.0, 19.0, 27.0, 18.0, 24.0]
[2.5, 2.5, 2.5, 2.5, 3.5, 2.5, 2.5, 2.5, 5.0, 5.0, 9.0, 9.0, 1.9999999999999998, 1.9999999999999998, 3.0, 3.0, 3.0, 3.0, 3.0, 3.0, 1.9999999999999998, 1.9999999999999998, 1.9999999999999998, 1.9999999999999998, 1.2, 1.2, 1.9999999999999998, 1.2]
[3.5, 3.5, 3.5, 3.5, 2.5, 3.5, 3.5, 3.5, 5.0, 5.0, 9.0, 9.0, 3.0, 3.0, 1.9999999999999998, 1.9999999999999998, 1.9999999999999998, 1.9999999999999998, 1.9999999999999998, 1.9999999999999998, 1.2, 1.2, 1.2, 1.2, 1.9999999999999998, 1.9999999999999998, 1.2, 1.9999999999999998]
T = 0.40960000000000013	 step = 167
73.60000000000002
13.911073330965907
[15.0, 14.0, 19.0, 11.0, 8.0, 5.0, 2.0, 4.0, 24.0, 14.0, 34.0, 12.0, 37.0, 33.0, 23.0, 4.0, 5.0, 3.0, 9.0, 3.0, 36.0, 13.0, 23.0, 29.0, 34.0, 2.0, 21.0, 34.0]
[10.0, 15.0, 7.0, 12.0, 20.0, 26.0, 36.0, 10.0, 6.0, 25.0, 9.0, 34.0, 27.0, 32.0, 11.0, 4.0, 14.0, 30.0, 17.0, 17.0, 37.0, 6.0, 14.0, 19.0, 19.0, 27.0, 18.0, 24.0]
[2.5, 2.5, 2.5, 2.5, 3.5, 2.5, 2.5, 2.5, 5.0, 5.0, 9.0, 9.0, 1.9999999999999998, 1.9999999999999998, 3.0, 3.0, 3.0, 3.0, 3.0, 3.0, 1.9999999999999998, 1.9999999999999998, 1.9999999999999998, 1.9999999999999998, 1.2, 1.2, 1.9999999999999998, 1.2]
[3.5, 3.5, 3.5, 3.5, 2.5, 3.5, 3.5, 3.5, 5.0, 5.0, 9.0, 9.0, 3.0, 3.0, 1.9999999999999998, 1.9999999999999998, 1.9999999999999998, 1.9999999999999998, 1.9999999999999998, 1.9999999999999998, 1.2, 1.2, 1.2, 1.2, 1.9999999999999998, 1.9999999999999998, 1.2, 1.9999999999999998]
T = 0.40960000000000013	 step = 168
73.60000000000002
13.895448330965907
[15.0, 14.0, 19.0, 11.0, 8.0, 5.0, 2.0, 4.0, 24.0, 14.0, 34.0, 12.0, 37.0, 33.0, 23.0, 4.0, 5.0, 3.0, 9.0, 3.0, 36.0, 13.0, 23.0, 29.0, 34.0, 2.0, 21.0, 34.0]
[10.0, 15.0, 7.0, 12.0, 20.0, 26.0, 36.0, 10.0, 6.0, 25.0, 9.0, 34.0, 27.0, 32.0, 11.0, 4.0, 14.0, 30.0, 17.0, 17.0, 37.0, 6.0, 14.0, 19.0, 19.0, 27.0, 18.0, 23.0]
[2.5, 2.5, 2.5, 2.5, 3.5, 2.5, 2.5, 2.5, 5.0, 5.0, 9.0, 9.0, 1.9999999999999998, 1.9999999999999998, 3.0, 3.0, 3.0, 3.0, 3.0, 3.0, 1.9999999999999998, 1.9999999999999998, 1.9999999999999998, 1.9999999999999998, 1.2, 1.2, 1.9999999999999998, 1.2]
[3.5, 3.5, 3.5, 3.5, 2.5, 3.5, 3.5, 3.5, 5.0, 5.0, 9.0, 9.0, 3.0, 3.0, 1.9999999999999998, 1.9999999999999998, 1.9999999999999998, 1.9999999999999998, 1.9999999999999998, 1.9999999999999998, 1.2, 1.2, 1.2, 1.2, 1.9999999999999998, 1.9999999999999998, 1.2, 1.9999999999999998]
T = 0.40960000000000013	 step = 169
73.60000000000002
13.879823330965907
[15.0, 14.0, 19.0, 11.0, 8.0, 5.0, 2.0, 4.0, 24.0, 14.0, 34.0, 12.0, 37.0, 33.0, 23.0, 4.0, 5.0, 3.0, 9.0, 3.0, 36.0, 13.0, 23.0, 29.0, 34.0, 2.0, 21.0, 34.0]
[10.0, 15.0, 7.0, 12.0, 20.0, 25.0, 36.0, 10.0, 6.0, 25.0, 9.0, 34.0, 27.0, 32.0, 11.0, 4.0, 14.0, 30.0, 17.0, 17.0, 37.0, 6.0, 14.0, 19.0, 19.0, 27.0, 18.0, 23.0]
[2.5, 2.5, 2.5, 2.5, 3.5, 2.5, 2.5, 2.5, 5.0, 5.0, 9.0, 9.0, 1.9999999999999998, 1.9999999999999998, 3.0, 3.0, 3.0, 3.0, 3.0, 3.0, 1.9999999999999998, 1.9999999999999998, 1.9999999999999998, 1.9999999999999998, 1.2, 1.2, 1.9999999999999998, 1.2]
[3.5, 3.5, 3.5, 3.5, 2.5, 3.5, 3.5, 3.5, 5.0, 5.0, 9.0, 9.0, 3.0, 3.0, 1.9999999999999998, 1.9999999999999998, 1.9999999999999998, 1.9999999999999998, 1.9999999999999998, 1.9999999999999998, 1.2, 1.2, 1.2, 1.2, 1.9999999999999998, 1.9999999999999998, 1.2, 1.9999999999999998]
T = 0.40960000000000013	 step = 170
73.59000000000003
13.879823330965905
[15.0, 14.0, 19.0, 11.0, 8.0, 5.0, 2.0, 4.0, 24.0, 14.0, 34.0, 12.0, 37.0, 33.0, 23.0, 4.0, 5.0, 3.0, 9.0, 3.0, 36.0, 13.0, 23.0, 29.0, 36.0, 2.0, 21.0, 34.0]
[10.0, 15.0, 7.0, 12.0, 20.0, 25.0, 36.0, 10.0, 6.0, 25.0, 9.0, 34.0, 27.0, 32.0, 11.0, 4.0, 14.0, 30.0, 17.0, 17.0, 37.0, 6.0, 14.0, 19.0, 17.0, 27.0, 18.0, 23.0]
[2.5, 2.5, 2.5, 2.5, 3.5, 2.5, 2.5, 2.5, 5.0, 5.0, 9.0, 9.0, 1.9999999999999998, 1.9999999999999998, 3.0, 3.0, 3.0, 3.0, 3.0, 3.0, 1.9999999999999998, 1.9999999999999998, 1.9999999999999998, 1.9999999999999998, 1.9999999999999998, 1.2, 1.9999999999999998, 1.2]
[3.5, 3.5, 3.5, 3.5, 2.5, 3.5, 3.5, 3.5, 5.0, 5.0, 9.0, 9.0, 3.0, 3.0, 1.9999999999999998, 1.9999999999999998, 1.9999999999999998, 1.9999999999999998, 1.9999999999999998, 1.9999999999999998, 1.2, 1.2, 1.2, 1.2, 1.2, 1.9999999999999998, 1.2, 1.9999999999999998]
T = 0.40960000000000013	 step = 171
73.61000000000001
13.943388671874997
[15.0, 14.0, 19.0, 11.0, 8.0, 5.0, 2.0, 4.0, 24.0, 14.0, 34.0, 12.0, 37.0, 33.0, 23.0, 4.0, 5.0, 3.0, 9.0, 3.0, 36.0, 13.0, 23.0, 29.0, 36.0, 2.0, 21.0, 34.0]
[10.0, 15.0, 7.0, 12.0, 20.0, 25.0, 36.0, 10.0, 6.0, 25.0, 10.0, 34.0, 27.0, 32.0, 11.0, 4.0, 14.0, 30.0, 17.0, 17.0, 37.0, 6.0, 14.0, 19.0, 17.0, 27.0, 18.0, 23.0]
[2.5, 2.5, 2.5, 2.5, 3.5, 2.5, 2.5, 2.5, 5.0, 5.0, 9.0, 9.0, 1.9999999999999998, 1.9999999999999998, 3.0, 3.0, 3.0, 3.0, 3.0, 3.0, 1.9999999999999998, 1.9999999999999998, 1.9999999999999998, 1.9999999999999998, 1.9999999999999998, 1.2, 1.9999999999999998, 1.2]
[3.5, 3.5, 3.5, 3.5, 2.5, 3.5, 3.5, 3.5, 5.0, 5.0, 9.0, 9.0, 3.0, 3.0, 1.9999999999999998, 1.9999999999999998, 1.9999999999999998, 1.9999999999999998, 1.9999999999999998, 1.9999999999999998, 1.2, 1.2, 1.2, 1.2, 1.2, 1.9999999999999998, 1.2, 1.9999999999999998]
T = 0.40960000000000013	 step = 172
73.60000000000002
13.943388671874997
[15.0, 14.0, 19.0, 11.0, 8.0, 5.0, 2.0, 4.0, 25.0, 14.0, 34.0, 12.0, 37.0, 33.0, 23.0, 4.0, 5.0, 3.0, 9.0, 3.0, 36.0, 13.0, 23.0, 29.0, 36.0, 2.0, 21.0, 34.0]
[10.0, 15.0, 7.0, 12.0, 20.0, 25.0, 36.0, 10.0, 6.0, 25.0, 10.0, 34.0, 27.0, 32.0, 11.0, 4.0, 14.0, 30.0, 17.0, 17.0, 37.0, 6.0, 14.0, 19.0, 17.0, 27.0, 18.0, 23.0]
[2.5, 2.5, 2.5, 2.5, 3.5, 2.5, 2.5, 2.5, 5.0, 5.0, 9.0, 9.0, 1.9999999999999998, 1.9999999999999998, 3.0, 3.0, 3.0, 3.0, 3.0, 3.0, 1.9999999999999998, 1.9999999999999998, 1.9999999999999998, 1.9999999999999998, 1.9999999999999998, 1.2, 1.9999999999999998, 1.2]
[3.5, 3.5, 3.5, 3.5, 2.5, 3.5, 3.5, 3.5, 5.0, 5.0, 9.0, 9.0, 3.0, 3.0, 1.9999999999999998, 1.9999999999999998, 1.9999999999999998, 1.9999999999999998, 1.9999999999999998, 1.9999999999999998, 1.2, 1.2, 1.2, 1.2, 1.2, 1.9999999999999998, 1.2, 1.9999999999999998]
T = 0.40960000000000013	 step = 173
73.60000000000002
13.912138671874997
[15.0, 14.0, 19.0, 11.0, 8.0, 5.0, 2.0, 4.0, 25.0, 14.0, 34.0, 12.0, 37.0, 33.0, 23.0, 5.0, 5.0, 3.0, 9.0, 3.0, 36.0, 13.0, 23.0, 29.0, 36.0, 2.0, 21.0, 34.0]
[10.0, 15.0, 7.0, 12.0, 20.0, 25.0, 36.0, 10.0, 6.0, 25.0, 10.0, 34.0, 27.0, 32.0, 11.0, 4.0, 14.0, 30.0, 17.0, 17.0, 37.0, 6.0, 14.0, 19.0, 17.0, 27.0, 18.0, 23.0]
[2.5, 2.5, 2.5, 2.5, 3.5, 2.5, 2.5, 2.5, 5.0, 5.0, 9.0, 9.0, 1.9999999999999998, 1.9999999999999998, 3.0, 3.0, 3.0, 3.0, 3.0, 3.0, 1.9999999999999998, 1.9999999999999998, 1.9999999999999998, 1.9999999999999998, 1.9999999999999998, 1.2, 1.9999999999999998, 1.2]
[3.5, 3.5, 3.5, 3.5, 2.5, 3.5, 3.5, 3.5, 5.0, 5.0, 9.0, 9.0, 3.0, 3.0, 1.9999999999999998, 1.9999999999999998, 1.9999999999999998, 1.9999999999999998, 1.9999999999999998, 1.9999999999999998, 1.2, 1.2, 1.2, 1.2, 1.2, 1.9999999999999998, 1.2, 1.9999999999999998]
T = 0.40960000000000013	 step = 174
73.60000000000002
13.927763671874997
[15.0, 14.0, 19.0, 11.0, 8.0, 5.0, 2.0, 4.0, 25.0, 14.0, 34.0, 12.0, 37.0, 33.0, 23.0, 5.0, 5.0, 3.0, 9.0, 3.0, 36.0, 12.0, 23.0, 29.0, 36.0, 2.0, 21.0, 34.0]
[10.0, 15.0, 7.0, 12.0, 20.0, 25.0, 36.0, 10.0, 6.0, 25.0, 10.0, 34.0, 27.0, 32.0, 11.0, 4.0, 14.0, 30.0, 17.0, 17.0, 37.0, 6.0, 14.0, 19.0, 17.0, 27.0, 18.0, 23.0]
[2.5, 2.5, 2.5, 2.5, 3.5, 2.5, 2.5, 2.5, 5.0, 5.0, 9.0, 9.0, 1.9999999999999998, 1.9999999999999998, 3.0, 3.0, 3.0, 3.0, 3.0, 3.0, 1.9999999999999998, 1.9999999999999998, 1.9999999999999998, 1.9999999999999998, 1.9999999999999998, 1.2, 1.9999999999999998, 1.2]
[3.5, 3.5, 3.5, 3.5, 2.5, 3.5, 3.5, 3.5, 5.0, 5.0, 9.0, 9.0, 3.0, 3.0, 1.9999999999999998, 1.9999999999999998, 1.9999999999999998, 1.9999999999999998, 1.9999999999999998, 1.9999999999999998, 1.2, 1.2, 1.2, 1.2, 1.2, 1.9999999999999998, 1.2, 1.9999999999999998]
T = 0.40960000000000013	 step = 175
73.57000000000005
14.130216619318178
[15.0, 14.0, 19.0, 11.0, 8.0, 5.0, 2.0, 4.0, 25.0, 14.0, 34.0, 12.0, 37.0, 33.0, 23.0, 5.0, 5.0, 3.0, 9.0, 3.0, 36.0, 12.0, 23.0, 29.0, 36.0, 2.0, 21.0, 34.0]
[10.0, 15.0, 7.0, 12.0, 20.0, 25.0, 36.0, 10.0, 5.0, 25.0, 10.0, 34.0, 27.0, 32.0, 11.0, 4.0, 14.0, 30.0, 17.0, 17.0, 37.0, 6.0, 14.0, 19.0, 17.0, 27.0, 18.0, 23.0]
[2.5, 2.5, 2.5, 2.5, 3.5, 2.5, 2.5, 2.5, 5.0, 5.0, 9.0, 9.0, 1.9999999999999998, 1.9999999999999998, 3.0, 3.0, 3.0, 3.0, 3.0, 3.0, 1.9999999999999998, 1.9999999999999998, 1.9999999999999998, 1.9999999999999998, 1.9999999999999998, 1.2, 1.9999999999999998, 1.2]
[3.5, 3.5, 3.5, 3.5, 2.5, 3.5, 3.5, 3.5, 5.0, 5.0, 9.0, 9.0, 3.0, 3.0, 1.9999999999999998, 1.9999999999999998, 1.9999999999999998, 1.9999999999999998, 1.9999999999999998, 1.9999999999999998, 1.2, 1.2, 1.2, 1.2, 1.2, 1.9999999999999998, 1.2, 1.9999999999999998]
T = 0.40960000000000013	 step = 176
73.57000000000005
14.11459161931818
[15.0, 14.0, 19.0, 11.0, 8.0, 5.0, 2.0, 4.0, 25.0, 14.0, 34.0, 12.0, 37.0, 33.0, 23.0, 5.0, 5.0, 3.0, 9.0, 3.0, 36.0, 12.0, 23.0, 29.0, 35.0, 2.0, 21.0, 34.0]
[10.0, 15.0, 7.0, 12.0, 20.0, 25.0, 36.0, 10.0, 5.0, 25.0, 10.0, 34.0, 27.0, 32.0, 11.0, 4.0, 14.0, 30.0, 17.0, 17.0, 37.0, 6.0, 14.0, 19.0, 17.0, 27.0, 18.0, 23.0]
[2.5, 2.5, 2.5, 2.5, 3.5, 2.5, 2.5, 2.5, 5.0, 5.0, 9.0, 9.0, 1.9999999999999998, 1.9999999999999998, 3.0, 3.0, 3.0, 3.0, 3.0, 3.0, 1.9999999999999998, 1.9999999999999998, 1.9999999999999998, 1.9999999999999998, 1.9999999999999998, 1.2, 1.9999999999999998, 1.2]
[3.5, 3.5, 3.5, 3.5, 2.5, 3.5, 3.5, 3.5, 5.0, 5.0, 9.0, 9.0, 3.0, 3.0, 1.9999999999999998, 1.9999999999999998, 1.9999999999999998, 1.9999999999999998, 1.9999999999999998, 1.9999999999999998, 1.2, 1.2, 1.2, 1.2, 1.2, 1.9999999999999998, 1.2, 1.9999999999999998]
T = 0.40960000000000013	 step = 177
73.58000000000004
14.103765092329542
[15.0, 14.0, 19.0, 11.0, 8.0, 5.0, 2.0, 4.0, 25.0, 14.0, 34.0, 12.0, 37.0, 33.0, 22.0, 5.0, 5.0, 3.0, 9.0, 3.0, 36.0, 12.0, 23.0, 29.0, 35.0, 2.0, 21.0, 34.0]
[10.0, 15.0, 7.0, 12.0, 20.0, 25.0, 36.0, 10.0, 5.0, 25.0, 10.0, 34.0, 27.0, 32.0, 11.0, 4.0, 14.0, 30.0, 17.0, 17.0, 37.0, 6.0, 14.0, 19.0, 17.0, 27.0, 18.0, 23.0]
[2.5, 2.5, 2.5, 2.5, 3.5, 2.5, 2.5, 2.5, 5.0, 5.0, 9.0, 9.0, 1.9999999999999998, 1.9999999999999998, 3.0, 3.0, 3.0, 3.0, 3.0, 3.0, 1.9999999999999998, 1.9999999999999998, 1.9999999999999998, 1.9999999999999998, 1.9999999999999998, 1.2, 1.9999999999999998, 1.2]
[3.5, 3.5, 3.5, 3.5, 2.5, 3.5, 3.5, 3.5, 5.0, 5.0, 9.0, 9.0, 3.0, 3.0, 1.9999999999999998, 1.9999999999999998, 1.9999999999999998, 1.9999999999999998, 1.9999999999999998, 1.9999999999999998, 1.2, 1.2, 1.2, 1.2, 1.2, 1.9999999999999998, 1.2, 1.9999999999999998]
T = 0.40960000000000013	 step = 178
73.65000000000003
14.119390092329542
[15.0, 14.0, 19.0, 11.0, 8.0, 5.0, 2.0, 4.0, 25.0, 14.0, 34.0, 12.0, 37.0, 33.0, 22.0, 5.0, 5.0, 3.0, 9.0, 3.0, 36.0, 12.0, 23.0, 29.0, 35.0, 2.0, 21.0, 34.0]
[10.0, 16.0, 7.0, 12.0, 20.0, 25.0, 36.0, 10.0, 5.0, 25.0, 10.0, 34.0, 27.0, 32.0, 11.0, 4.0, 14.0, 30.0, 17.0, 17.0, 37.0, 6.0, 14.0, 19.0, 17.0, 27.0, 18.0, 23.0]
[2.5, 2.5, 2.5, 2.5, 3.5, 2.5, 2.5, 2.5, 5.0, 5.0, 9.0, 9.0, 1.9999999999999998, 1.9999999999999998, 3.0, 3.0, 3.0, 3.0, 3.0, 3.0, 1.9999999999999998, 1.9999999999999998, 1.9999999999999998, 1.9999999999999998, 1.9999999999999998, 1.2, 1.9999999999999998, 1.2]
[3.5, 3.5, 3.5, 3.5, 2.5, 3.5, 3.5, 3.5, 5.0, 5.0, 9.0, 9.0, 3.0, 3.0, 1.9999999999999998, 1.9999999999999998, 1.9999999999999998, 1.9999999999999998, 1.9999999999999998, 1.9999999999999998, 1.2, 1.2, 1.2, 1.2, 1.2, 1.9999999999999998, 1.2, 1.9999999999999998]
T = 0.40960000000000013	 step = 179
73.66000000000003
14.166265092329542
[15.0, 14.0, 19.0, 11.0, 8.0, 5.0, 2.0, 4.0, 25.0, 14.0, 34.0, 12.0, 37.0, 33.0, 22.0, 5.0, 5.0, 3.0, 9.0, 3.0, 36.0, 12.0, 23.0, 29.0, 35.0, 2.0, 21.0, 34.0]
[10.0, 16.0, 7.0, 12.0, 21.0, 25.0, 36.0, 10.0, 5.0, 25.0, 10.0, 34.0, 27.0, 32.0, 11.0, 4.0, 14.0, 30.0, 17.0, 17.0, 37.0, 6.0, 14.0, 19.0, 17.0, 27.0, 18.0, 23.0]
[2.5, 2.5, 2.5, 2.5, 3.5, 2.5, 2.5, 2.5, 5.0, 5.0, 9.0, 9.0, 1.9999999999999998, 1.9999999999999998, 3.0, 3.0, 3.0, 3.0, 3.0, 3.0, 1.9999999999999998, 1.9999999999999998, 1.9999999999999998, 1.9999999999999998, 1.9999999999999998, 1.2, 1.9999999999999998, 1.2]
[3.5, 3.5, 3.5, 3.5, 2.5, 3.5, 3.5, 3.5, 5.0, 5.0, 9.0, 9.0, 3.0, 3.0, 1.9999999999999998, 1.9999999999999998, 1.9999999999999998, 1.9999999999999998, 1.9999999999999998, 1.9999999999999998, 1.2, 1.2, 1.2, 1.2, 1.2, 1.9999999999999998, 1.2, 1.9999999999999998]
T = 0.40960000000000013	 step = 180
73.65000000000003
14.119390092329542
[15.0, 14.0, 19.0, 11.0, 8.0, 5.0, 2.0, 4.0, 25.0, 14.0, 34.0, 12.0, 37.0, 33.0, 22.0, 5.0, 5.0, 3.0, 9.0, 3.0, 36.0, 12.0, 23.0, 29.0, 35.0, 2.0, 21.0, 34.0]
[10.0, 16.0, 7.0, 12.0, 20.0, 25.0, 36.0, 10.0, 5.0, 25.0, 10.0, 34.0, 27.0, 32.0, 11.0, 4.0, 14.0, 30.0, 17.0, 17.0, 37.0, 6.0, 14.0, 19.0, 17.0, 27.0, 18.0, 23.0]
[2.5, 2.5, 2.5, 2.5, 3.5, 2.5, 2.5, 2.5, 5.0, 5.0, 9.0, 9.0, 1.9999999999999998, 1.9999999999999998, 3.0, 3.0, 3.0, 3.0, 3.0, 3.0, 1.9999999999999998, 1.9999999999999998, 1.9999999999999998, 1.9999999999999998, 1.9999999999999998, 1.2, 1.9999999999999998, 1.2]
[3.5, 3.5, 3.5, 3.5, 2.5, 3.5, 3.5, 3.5, 5.0, 5.0, 9.0, 9.0, 3.0, 3.0, 1.9999999999999998, 1.9999999999999998, 1.9999999999999998, 1.9999999999999998, 1.9999999999999998, 1.9999999999999998, 1.2, 1.2, 1.2, 1.2, 1.2, 1.9999999999999998, 1.2, 1.9999999999999998]
T = 0.40960000000000013	 step = 181
73.62
14.103765092329546
[14.0, 14.0, 19.0, 11.0, 8.0, 5.0, 2.0, 4.0, 25.0, 14.0, 34.0, 12.0, 37.0, 33.0, 22.0, 5.0, 5.0, 3.0, 9.0, 3.0, 36.0, 12.0, 23.0, 29.0, 35.0, 2.0, 21.0, 34.0]
[10.0, 16.0, 7.0, 12.0, 20.0, 25.0, 36.0, 10.0, 5.0, 25.0, 10.0, 34.0, 27.0, 32.0, 11.0, 4.0, 14.0, 30.0, 17.0, 17.0, 37.0, 6.0, 14.0, 19.0, 17.0, 27.0, 18.0, 23.0]
[2.5, 2.5, 2.5, 2.5, 3.5, 2.5, 2.5, 2.5, 5.0, 5.0, 9.0, 9.0, 1.9999999999999998, 1.9999999999999998, 3.0, 3.0, 3.0, 3.0, 3.0, 3.0, 1.9999999999999998, 1.9999999999999998, 1.9999999999999998, 1.9999999999999998, 1.9999999999999998, 1.2, 1.9999999999999998, 1.2]
[3.5, 3.5, 3.5, 3.5, 2.5, 3.5, 3.5, 3.5, 5.0, 5.0, 9.0, 9.0, 3.0, 3.0, 1.9999999999999998, 1.9999999999999998, 1.9999999999999998, 1.9999999999999998, 1.9999999999999998, 1.9999999999999998, 1.2, 1.2, 1.2, 1.2, 1.2, 1.9999999999999998, 1.2, 1.9999999999999998]
T = 0.40960000000000013	 step = 182
73.62
14.11459161931818
[14.0, 14.0, 19.0, 11.0, 8.0, 5.0, 2.0, 4.0, 25.0, 14.0, 34.0, 12.0, 37.0, 33.0, 23.0, 5.0, 5.0, 3.0, 9.0, 3.0, 36.0, 12.0, 23.0, 29.0, 35.0, 2.0, 21.0, 34.0]
[10.0, 16.0, 7.0, 12.0, 20.0, 25.0, 36.0, 10.0, 5.0, 25.0, 10.0, 34.0, 27.0, 32.0, 11.0, 4.0, 14.0, 30.0, 17.0, 17.0, 37.0, 6.0, 14.0, 19.0, 17.0, 27.0, 18.0, 23.0]
[2.5, 2.5, 2.5, 2.5, 3.5, 2.5, 2.5, 2.5, 5.0, 5.0, 9.0, 9.0, 1.9999999999999998, 1.9999999999999998, 3.0, 3.0, 3.0, 3.0, 3.0, 3.0, 1.9999999999999998, 1.9999999999999998, 1.9999999999999998, 1.9999999999999998, 1.9999999999999998, 1.2, 1.9999999999999998, 1.2]
[3.5, 3.5, 3.5, 3.5, 2.5, 3.5, 3.5, 3.5, 5.0, 5.0, 9.0, 9.0, 3.0, 3.0, 1.9999999999999998, 1.9999999999999998, 1.9999999999999998, 1.9999999999999998, 1.9999999999999998, 1.9999999999999998, 1.2, 1.2, 1.2, 1.2, 1.2, 1.9999999999999998, 1.2, 1.9999999999999998]
T = 0.40960000000000013	 step = 183
73.62
14.114591619318178
[14.0, 14.0, 19.0, 11.0, 8.0, 5.0, 2.0, 4.0, 25.0, 14.0, 34.0, 12.0, 37.0, 33.0, 23.0, 5.0, 5.0, 3.0, 9.0, 3.0, 36.0, 12.0, 23.0, 29.0, 35.0, 2.0, 21.0, 34.0]
[10.0, 16.0, 7.0, 12.0, 20.0, 25.0, 36.0, 10.0, 5.0, 25.0, 10.0, 34.0, 26.0, 32.0, 11.0, 4.0, 14.0, 30.0, 17.0, 17.0, 37.0, 6.0, 14.0, 19.0, 17.0, 27.0, 18.0, 23.0]
[2.5, 2.5, 2.5, 2.5, 3.5, 2.5, 2.5, 2.5, 5.0, 5.0, 9.0, 9.0, 1.9999999999999998, 1.9999999999999998, 3.0, 3.0, 3.0, 3.0, 3.0, 3.0, 1.9999999999999998, 1.9999999999999998, 1.9999999999999998, 1.9999999999999998, 1.9999999999999998, 1.2, 1.9999999999999998, 1.2]
[3.5, 3.5, 3.5, 3.5, 2.5, 3.5, 3.5, 3.5, 5.0, 5.0, 9.0, 9.0, 3.0, 3.0, 1.9999999999999998, 1.9999999999999998, 1.9999999999999998, 1.9999999999999998, 1.9999999999999998, 1.9999999999999998, 1.2, 1.2, 1.2, 1.2, 1.2, 1.9999999999999998, 1.2, 1.9999999999999998]
T = 0.40960000000000013	 step = 184
73.66000000000003
13.880216619318178
[14.0, 14.0, 19.0, 11.0, 8.0, 5.0, 2.0, 4.0, 25.0, 14.0, 34.0, 12.0, 37.0, 33.0, 23.0, 5.0, 5.0, 3.0, 9.0, 3.0, 36.0, 12.0, 23.0, 19.0, 35.0, 2.0, 21.0, 34.0]
[10.0, 16.0, 7.0, 12.0, 20.0, 25.0, 36.0, 10.0, 5.0, 25.0, 10.0, 34.0, 26.0, 32.0, 11.0, 4.0, 14.0, 30.0, 17.0, 17.0, 37.0, 6.0, 14.0, 14.0, 17.0, 27.0, 18.0, 23.0]
[2.5, 2.5, 2.5, 2.5, 3.5, 2.5, 2.5, 2.5, 5.0, 5.0, 9.0, 9.0, 1.9999999999999998, 1.9999999999999998, 3.0, 3.0, 3.0, 3.0, 3.0, 3.0, 1.9999999999999998, 1.9999999999999998, 1.9999999999999998, 1.2, 1.9999999999999998, 1.2, 1.9999999999999998, 1.2]
[3.5, 3.5, 3.5, 3.5, 2.5, 3.5, 3.5, 3.5, 5.0, 5.0, 9.0, 9.0, 3.0, 3.0, 1.9999999999999998, 1.9999999999999998, 1.9999999999999998, 1.9999999999999998, 1.9999999999999998, 1.9999999999999998, 1.2, 1.2, 1.2, 1.9999999999999998, 1.2, 1.9999999999999998, 1.2, 1.9999999999999998]
T = 0.40960000000000013	 step = 185
73.85000000000002
13.942716619318178
[14.0, 14.0, 19.0, 11.0, 8.0, 5.0, 2.0, 4.0, 25.0, 14.0, 34.0, 12.0, 37.0, 33.0, 23.0, 5.0, 5.0, 3.0, 9.0, 3.0, 36.0, 12.0, 23.0, 19.0, 35.0, 2.0, 21.0, 34.0]
[10.0, 16.0, 7.0, 12.0, 20.0, 25.0, 36.0, 10.0, 5.0, 24.0, 10.0, 34.0, 26.0, 32.0, 11.0, 4.0, 14.0, 30.0, 17.0, 17.0, 37.0, 6.0, 14.0, 14.0, 17.0, 27.0, 18.0, 23.0]
[2.5, 2.5, 2.5, 2.5, 3.5, 2.5, 2.5, 2.5, 5.0, 5.0, 9.0, 9.0, 1.9999999999999998, 1.9999999999999998, 3.0, 3.0, 3.0, 3.0, 3.0, 3.0, 1.9999999999999998, 1.9999999999999998, 1.9999999999999998, 1.2, 1.9999999999999998, 1.2, 1.9999999999999998, 1.2]
[3.5, 3.5, 3.5, 3.5, 2.5, 3.5, 3.5, 3.5, 5.0, 5.0, 9.0, 9.0, 3.0, 3.0, 1.9999999999999998, 1.9999999999999998, 1.9999999999999998, 1.9999999999999998, 1.9999999999999998, 1.9999999999999998, 1.2, 1.2, 1.2, 1.9999999999999998, 1.2, 1.9999999999999998, 1.2, 1.9999999999999998]
T = 0.40960000000000013	 step = 186
73.88
13.920263671874999
[14.0, 14.0, 19.0, 11.0, 8.0, 5.0, 2.0, 5.0, 25.0, 14.0, 34.0, 12.0, 37.0, 33.0, 23.0, 5.0, 5.0, 3.0, 9.0, 3.0, 36.0, 12.0, 23.0, 19.0, 35.0, 2.0, 21.0, 34.0]
[10.0, 16.0, 7.0, 12.0, 20.0, 25.0, 36.0, 10.0, 5.0, 24.0, 10.0, 34.0, 26.0, 32.0, 11.0, 4.0, 14.0, 30.0, 17.0, 17.0, 37.0, 6.0, 14.0, 14.0, 17.0, 27.0, 18.0, 23.0]
[2.5, 2.5, 2.5, 2.5, 3.5, 2.5, 2.5, 2.5, 5.0, 5.0, 9.0, 9.0, 1.9999999999999998, 1.9999999999999998, 3.0, 3.0, 3.0, 3.0, 3.0, 3.0, 1.9999999999999998, 1.9999999999999998, 1.9999999999999998, 1.2, 1.9999999999999998, 1.2, 1.9999999999999998, 1.2]
[3.5, 3.5, 3.5, 3.5, 2.5, 3.5, 3.5, 3.5, 5.0, 5.0, 9.0, 9.0, 3.0, 3.0, 1.9999999999999998, 1.9999999999999998, 1.9999999999999998, 1.9999999999999998, 1.9999999999999998, 1.9999999999999998, 1.2, 1.2, 1.2, 1.9999999999999998, 1.2, 1.9999999999999998, 1.2, 1.9999999999999998]
T = 0.40960000000000013	 step = 187
73.82000000000005
14.10846946022727
[14.0, 14.0, 19.0, 11.0, 8.0, 5.0, 2.0, 5.0, 25.0, 15.0, 34.0, 12.0, 37.0, 33.0, 23.0, 5.0, 5.0, 3.0, 9.0, 3.0, 36.0, 12.0, 23.0, 19.0, 35.0, 2.0, 21.0, 34.0]
[10.0, 16.0, 7.0, 12.0, 20.0, 25.0, 36.0, 10.0, 5.0, 24.0, 10.0, 34.0, 26.0, 32.0, 11.0, 4.0, 14.0, 30.0, 17.0, 17.0, 37.0, 6.0, 14.0, 14.0, 17.0, 27.0, 18.0, 23.0]
[2.5, 2.5, 2.5, 2.5, 3.5, 2.5, 2.5, 2.5, 5.0, 5.0, 9.0, 9.0, 1.9999999999999998, 1.9999999999999998, 3.0, 3.0, 3.0, 3.0, 3.0, 3.0, 1.9999999999999998, 1.9999999999999998, 1.9999999999999998, 1.2, 1.9999999999999998, 1.2, 1.9999999999999998, 1.2]
[3.5, 3.5, 3.5, 3.5, 2.5, 3.5, 3.5, 3.5, 5.0, 5.0, 9.0, 9.0, 3.0, 3.0, 1.9999999999999998, 1.9999999999999998, 1.9999999999999998, 1.9999999999999998, 1.9999999999999998, 1.9999999999999998, 1.2, 1.2, 1.2, 1.9999999999999998, 1.2, 1.9999999999999998, 1.2, 1.9999999999999998]
T = 0.40960000000000013	 step = 188
73.82000000000005
14.13971946022727
[14.0, 14.0, 19.0, 11.0, 8.0, 5.0, 2.0, 5.0, 25.0, 15.0, 34.0, 12.0, 37.0, 33.0, 23.0, 4.0, 5.0, 3.0, 9.0, 3.0, 36.0, 12.0, 23.0, 19.0, 35.0, 2.0, 21.0, 34.0]
[10.0, 16.0, 7.0, 12.0, 20.0, 25.0, 36.0, 10.0, 5.0, 24.0, 10.0, 34.0, 26.0, 32.0, 11.0, 4.0, 14.0, 30.0, 17.0, 17.0, 37.0, 6.0, 14.0, 14.0, 17.0, 27.0, 18.0, 23.0]
[2.5, 2.5, 2.5, 2.5, 3.5, 2.5, 2.5, 2.5, 5.0, 5.0, 9.0, 9.0, 1.9999999999999998, 1.9999999999999998, 3.0, 3.0, 3.0, 3.0, 3.0, 3.0, 1.9999999999999998, 1.9999999999999998, 1.9999999999999998, 1.2, 1.9999999999999998, 1.2, 1.9999999999999998, 1.2]
[3.5, 3.5, 3.5, 3.5, 2.5, 3.5, 3.5, 3.5, 5.0, 5.0, 9.0, 9.0, 3.0, 3.0, 1.9999999999999998, 1.9999999999999998, 1.9999999999999998, 1.9999999999999998, 1.9999999999999998, 1.9999999999999998, 1.2, 1.2, 1.2, 1.9999999999999998, 1.2, 1.9999999999999998, 1.2, 1.9999999999999998]
T = 0.40960000000000013	 step = 189
73.83000000000004
14.12409446022727
[14.0, 14.0, 19.0, 11.0, 8.0, 5.0, 2.0, 5.0, 25.0, 15.0, 34.0, 12.0, 37.0, 33.0, 23.0, 4.0, 5.0, 3.0, 9.0, 3.0, 36.0, 12.0, 23.0, 19.0, 35.0, 2.0, 21.0, 33.0]
[10.0, 16.0, 7.0, 12.0, 20.0, 25.0, 36.0, 10.0, 5.0, 24.0, 10.0, 34.0, 26.0, 32.0, 11.0, 4.0, 14.0, 30.0, 17.0, 17.0, 37.0, 6.0, 14.0, 14.0, 17.0, 27.0, 18.0, 23.0]
[2.5, 2.5, 2.5, 2.5, 3.5, 2.5, 2.5, 2.5, 5.0, 5.0, 9.0, 9.0, 1.9999999999999998, 1.9999999999999998, 3.0, 3.0, 3.0, 3.0, 3.0, 3.0, 1.9999999999999998, 1.9999999999999998, 1.9999999999999998, 1.2, 1.9999999999999998, 1.2, 1.9999999999999998, 1.2]
[3.5, 3.5, 3.5, 3.5, 2.5, 3.5, 3.5, 3.5, 5.0, 5.0, 9.0, 9.0, 3.0, 3.0, 1.9999999999999998, 1.9999999999999998, 1.9999999999999998, 1.9999999999999998, 1.9999999999999998, 1.9999999999999998, 1.2, 1.2, 1.2, 1.9999999999999998, 1.2, 1.9999999999999998, 1.2, 1.9999999999999998]
T = 0.40960000000000013	 step = 190
73.86000000000001
14.068212002840907
[14.0, 15.0, 19.0, 11.0, 8.0, 5.0, 2.0, 5.0, 25.0, 15.0, 34.0, 12.0, 37.0, 33.0, 23.0, 4.0, 5.0, 3.0, 9.0, 3.0, 36.0, 12.0, 23.0, 19.0, 35.0, 2.0, 21.0, 33.0]
[10.0, 16.0, 7.0, 12.0, 20.0, 25.0, 36.0, 10.0, 5.0, 24.0, 10.0, 34.0, 26.0, 32.0, 11.0, 4.0, 14.0, 30.0, 17.0, 17.0, 37.0, 6.0, 14.0, 14.0, 17.0, 27.0, 18.0, 23.0]
[2.5, 2.5, 2.5, 2.5, 3.5, 2.5, 2.5, 2.5, 5.0, 5.0, 9.0, 9.0, 1.9999999999999998, 1.9999999999999998, 3.0, 3.0, 3.0, 3.0, 3.0, 3.0, 1.9999999999999998, 1.9999999999999998, 1.9999999999999998, 1.2, 1.9999999999999998, 1.2, 1.9999999999999998, 1.2]
[3.5, 3.5, 3.5, 3.5, 2.5, 3.5, 3.5, 3.5, 5.0, 5.0, 9.0, 9.0, 3.0, 3.0, 1.9999999999999998, 1.9999999999999998, 1.9999999999999998, 1.9999999999999998, 1.9999999999999998, 1.9999999999999998, 1.2, 1.2, 1.2, 1.9999999999999998, 1.2, 1.9999999999999998, 1.2, 1.9999999999999998]
T = 0.40960000000000013	 step = 191
73.88
14.043789950284088
[14.0, 15.0, 19.0, 11.0, 8.0, 5.0, 2.0, 5.0, 25.0, 15.0, 34.0, 12.0, 37.0, 33.0, 23.0, 4.0, 5.0, 3.0, 9.0, 4.0, 36.0, 12.0, 23.0, 19.0, 35.0, 2.0, 21.0, 33.0]
[10.0, 16.0, 7.0, 12.0, 20.0, 25.0, 36.0, 10.0, 5.0, 24.0, 10.0, 34.0, 26.0, 32.0, 11.0, 4.0, 14.0, 30.0, 17.0, 17.0, 37.0, 6.0, 14.0, 14.0, 17.0, 27.0, 18.0, 23.0]
[2.5, 2.5, 2.5, 2.5, 3.5, 2.5, 2.5, 2.5, 5.0, 5.0, 9.0, 9.0, 1.9999999999999998, 1.9999999999999998, 3.0, 3.0, 3.0, 3.0, 3.0, 3.0, 1.9999999999999998, 1.9999999999999998, 1.9999999999999998, 1.2, 1.9999999999999998, 1.2, 1.9999999999999998, 1.2]
[3.5, 3.5, 3.5, 3.5, 2.5, 3.5, 3.5, 3.5, 5.0, 5.0, 9.0, 9.0, 3.0, 3.0, 1.9999999999999998, 1.9999999999999998, 1.9999999999999998, 1.9999999999999998, 1.9999999999999998, 1.9999999999999998, 1.2, 1.2, 1.2, 1.9999999999999998, 1.2, 1.9999999999999998, 1.2, 1.9999999999999998]
T = 0.40960000000000013	 step = 192
73.88
14.028164950284088
[14.0, 15.0, 19.0, 11.0, 8.0, 5.0, 2.0, 5.0, 25.0, 15.0, 34.0, 12.0, 37.0, 33.0, 23.0, 4.0, 5.0, 3.0, 9.0, 4.0, 36.0, 12.0, 23.0, 19.0, 35.0, 2.0, 20.0, 33.0]
[10.0, 16.0, 7.0, 12.0, 20.0, 25.0, 36.0, 10.0, 5.0, 24.0, 10.0, 34.0, 26.0, 32.0, 11.0, 4.0, 14.0, 30.0, 17.0, 17.0, 37.0, 6.0, 14.0, 14.0, 17.0, 27.0, 18.0, 23.0]
[2.5, 2.5, 2.5, 2.5, 3.5, 2.5, 2.5, 2.5, 5.0, 5.0, 9.0, 9.0, 1.9999999999999998, 1.9999999999999998, 3.0, 3.0, 3.0, 3.0, 3.0, 3.0, 1.9999999999999998, 1.9999999999999998, 1.9999999999999998, 1.2, 1.9999999999999998, 1.2, 1.9999999999999998, 1.2]
[3.5, 3.5, 3.5, 3.5, 2.5, 3.5, 3.5, 3.5, 5.0, 5.0, 9.0, 9.0, 3.0, 3.0, 1.9999999999999998, 1.9999999999999998, 1.9999999999999998, 1.9999999999999998, 1.9999999999999998, 1.9999999999999998, 1.2, 1.2, 1.2, 1.9999999999999998, 1.2, 1.9999999999999998, 1.2, 1.9999999999999998]
T = 0.40960000000000013	 step = 193
73.88
14.012539950284086
[14.0, 15.0, 19.0, 11.0, 8.0, 5.0, 2.0, 5.0, 25.0, 15.0, 34.0, 12.0, 37.0, 33.0, 23.0, 4.0, 5.0, 3.0, 9.0, 4.0, 36.0, 12.0, 23.0, 19.0, 35.0, 2.0, 20.0, 33.0]
[10.0, 16.0, 7.0, 12.0, 20.0, 25.0, 36.0, 10.0, 5.0, 24.0, 10.0, 34.0, 26.0, 32.0, 11.0, 4.0, 14.0, 30.0, 17.0, 17.0, 36.0, 6.0, 14.0, 14.0, 17.0, 27.0, 18.0, 23.0]
[2.5, 2.5, 2.5, 2.5, 3.5, 2.5, 2.5, 2.5, 5.0, 5.0, 9.0, 9.0, 1.9999999999999998, 1.9999999999999998, 3.0, 3.0, 3.0, 3.0, 3.0, 3.0, 1.9999999999999998, 1.9999999999999998, 1.9999999999999998, 1.2, 1.9999999999999998, 1.2, 1.9999999999999998, 1.2]
[3.5, 3.5, 3.5, 3.5, 2.5, 3.5, 3.5, 3.5, 5.0, 5.0, 9.0, 9.0, 3.0, 3.0, 1.9999999999999998, 1.9999999999999998, 1.9999999999999998, 1.9999999999999998, 1.9999999999999998, 1.9999999999999998, 1.2, 1.2, 1.2, 1.9999999999999998, 1.2, 1.9999999999999998, 1.2, 1.9999999999999998]
T = 0.40960000000000013	 step = 194
73.89000000000004
13.985075461647726
[14.0, 15.0, 19.0, 11.0, 8.0, 5.0, 2.0, 5.0, 25.0, 15.0, 34.0, 12.0, 36.0, 33.0, 23.0, 4.0, 5.0, 3.0, 9.0, 4.0, 36.0, 12.0, 23.0, 19.0, 35.0, 2.0, 20.0, 33.0]
[10.0, 16.0, 7.0, 12.0, 20.0, 25.0, 36.0, 10.0, 5.0, 24.0, 10.0, 34.0, 26.0, 32.0, 11.0, 4.0, 14.0, 30.0, 17.0, 17.0, 36.0, 6.0, 14.0, 14.0, 17.0, 27.0, 18.0, 23.0]
[2.5, 2.5, 2.5, 2.5, 3.5, 2.5, 2.5, 2.5, 5.0, 5.0, 9.0, 9.0, 1.9999999999999998, 1.9999999999999998, 3.0, 3.0, 3.0, 3.0, 3.0, 3.0, 1.9999999999999998, 1.9999999999999998, 1.9999999999999998, 1.2, 1.9999999999999998, 1.2, 1.9999999999999998, 1.2]
[3.5, 3.5, 3.5, 3.5, 2.5, 3.5, 3.5, 3.5, 5.0, 5.0, 9.0, 9.0, 3.0, 3.0, 1.9999999999999998, 1.9999999999999998, 1.9999999999999998, 1.9999999999999998, 1.9999999999999998, 1.9999999999999998, 1.2, 1.2, 1.2, 1.9999999999999998, 1.2, 1.9999999999999998, 1.2, 1.9999999999999998]
T = 0.40960000000000013	 step = 195
73.86000000000001
14.005621448863632
[14.0, 15.0, 19.0, 11.0, 8.0, 5.0, 2.0, 4.0, 25.0, 15.0, 34.0, 12.0, 36.0, 33.0, 23.0, 4.0, 5.0, 3.0, 9.0, 4.0, 36.0, 12.0, 23.0, 19.0, 35.0, 2.0, 20.0, 33.0]
[10.0, 16.0, 7.0, 12.0, 20.0, 25.0, 36.0, 10.0, 5.0, 24.0, 10.0, 34.0, 26.0, 32.0, 11.0, 4.0, 14.0, 30.0, 17.0, 17.0, 36.0, 6.0, 14.0, 14.0, 17.0, 27.0, 18.0, 23.0]
[2.5, 2.5, 2.5, 2.5, 3.5, 2.5, 2.5, 2.5, 5.0, 5.0, 9.0, 9.0, 1.9999999999999998, 1.9999999999999998, 3.0, 3.0, 3.0, 3.0, 3.0, 3.0, 1.9999999999999998, 1.9999999999999998, 1.9999999999999998, 1.2, 1.9999999999999998, 1.2, 1.9999999999999998, 1.2]
[3.5, 3.5, 3.5, 3.5, 2.5, 3.5, 3.5, 3.5, 5.0, 5.0, 9.0, 9.0, 3.0, 3.0, 1.9999999999999998, 1.9999999999999998, 1.9999999999999998, 1.9999999999999998, 1.9999999999999998, 1.9999999999999998, 1.2, 1.2, 1.2, 1.9999999999999998, 1.2, 1.9999999999999998, 1.2, 1.9999999999999998]
T = 0.40960000000000013	 step = 196
73.85000000000002
14.010865589488633
[14.0, 15.0, 19.0, 11.0, 8.0, 5.0, 2.0, 4.0, 25.0, 15.0, 34.0, 12.0, 36.0, 33.0, 23.0, 4.0, 5.0, 3.0, 9.0, 4.0, 37.0, 12.0, 23.0, 19.0, 35.0, 2.0, 20.0, 33.0]
[10.0, 16.0, 7.0, 12.0, 20.0, 25.0, 36.0, 10.0, 5.0, 24.0, 10.0, 34.0, 26.0, 32.0, 11.0, 4.0, 14.0, 30.0, 17.0, 17.0, 36.0, 6.0, 14.0, 14.0, 17.0, 27.0, 18.0, 23.0]
[2.5, 2.5, 2.5, 2.5, 3.5, 2.5, 2.5, 2.5, 5.0, 5.0, 9.0, 9.0, 1.9999999999999998, 1.9999999999999998, 3.0, 3.0, 3.0, 3.0, 3.0, 3.0, 1.9999999999999998, 1.9999999999999998, 1.9999999999999998, 1.2, 1.9999999999999998, 1.2, 1.9999999999999998, 1.2]
[3.5, 3.5, 3.5, 3.5, 2.5, 3.5, 3.5, 3.5, 5.0, 5.0, 9.0, 9.0, 3.0, 3.0, 1.9999999999999998, 1.9999999999999998, 1.9999999999999998, 1.9999999999999998, 1.9999999999999998, 1.9999999999999998, 1.2, 1.2, 1.2, 1.9999999999999998, 1.2, 1.9999999999999998, 1.2, 1.9999999999999998]
T = 0.40960000000000013	 step = 197
73.89000000000004
13.995240589488633
[14.0, 15.0, 19.0, 11.0, 8.0, 6.0, 2.0, 4.0, 25.0, 15.0, 34.0, 12.0, 36.0, 33.0, 23.0, 4.0, 5.0, 3.0, 9.0, 4.0, 37.0, 12.0, 23.0, 19.0, 35.0, 2.0, 20.0, 33.0]
[10.0, 16.0, 7.0, 12.0, 20.0, 25.0, 36.0, 10.0, 5.0, 24.0, 10.0, 34.0, 26.0, 32.0, 11.0, 4.0, 14.0, 30.0, 17.0, 17.0, 36.0, 6.0, 14.0, 14.0, 17.0, 27.0, 18.0, 23.0]
[2.5, 2.5, 2.5, 2.5, 3.5, 2.5, 2.5, 2.5, 5.0, 5.0, 9.0, 9.0, 1.9999999999999998, 1.9999999999999998, 3.0, 3.0, 3.0, 3.0, 3.0, 3.0, 1.9999999999999998, 1.9999999999999998, 1.9999999999999998, 1.2, 1.9999999999999998, 1.2, 1.9999999999999998, 1.2]
[3.5, 3.5, 3.5, 3.5, 2.5, 3.5, 3.5, 3.5, 5.0, 5.0, 9.0, 9.0, 3.0, 3.0, 1.9999999999999998, 1.9999999999999998, 1.9999999999999998, 1.9999999999999998, 1.9999999999999998, 1.9999999999999998, 1.2, 1.2, 1.2, 1.9999999999999998, 1.2, 1.9999999999999998, 1.2, 1.9999999999999998]
T = 0.40960000000000013	 step = 198
73.89000000000004
13.995240589488633
[14.0, 15.0, 19.0, 11.0, 8.0, 6.0, 2.0, 4.0, 25.0, 15.0, 34.0, 12.0, 36.0, 33.0, 23.0, 4.0, 5.0, 3.0, 9.0, 4.0, 37.0, 12.0, 23.0, 19.0, 35.0, 2.0, 20.0, 33.0]
[10.0, 16.0, 7.0, 12.0, 20.0, 25.0, 36.0, 10.0, 5.0, 24.0, 10.0, 34.0, 25.0, 32.0, 11.0, 4.0, 14.0, 30.0, 17.0, 17.0, 36.0, 6.0, 14.0, 14.0, 17.0, 27.0, 18.0, 23.0]
[2.5, 2.5, 2.5, 2.5, 3.5, 2.5, 2.5, 2.5, 5.0, 5.0, 9.0, 9.0, 1.9999999999999998, 1.9999999999999998, 3.0, 3.0, 3.0, 3.0, 3.0, 3.0, 1.9999999999999998, 1.9999999999999998, 1.9999999999999998, 1.2, 1.9999999999999998, 1.2, 1.9999999999999998, 1.2]
[3.5, 3.5, 3.5, 3.5, 2.5, 3.5, 3.5, 3.5, 5.0, 5.0, 9.0, 9.0, 3.0, 3.0, 1.9999999999999998, 1.9999999999999998, 1.9999999999999998, 1.9999999999999998, 1.9999999999999998, 1.9999999999999998, 1.2, 1.2, 1.2, 1.9999999999999998, 1.2, 1.9999999999999998, 1.2, 1.9999999999999998]
T = 0.40960000000000013	 step = 199
73.91000000000003
13.885865589488635
[14.0, 15.0, 19.0, 11.0, 8.0, 6.0, 2.0, 4.0, 25.0, 15.0, 34.0, 12.0, 36.0, 33.0, 23.0, 4.0, 5.0, 3.0, 9.0, 4.0, 37.0, 12.0, 23.0, 19.0, 35.0, 2.0, 20.0, 33.0]
[10.0, 16.0, 7.0, 12.0, 20.0, 25.0, 35.0, 10.0, 5.0, 24.0, 10.0, 34.0, 25.0, 32.0, 11.0, 4.0, 14.0, 30.0, 17.0, 17.0, 36.0, 6.0, 14.0, 14.0, 17.0, 27.0, 18.0, 23.0]
[2.5, 2.5, 2.5, 2.5, 3.5, 2.5, 2.5, 2.5, 5.0, 5.0, 9.0, 9.0, 1.9999999999999998, 1.9999999999999998, 3.0, 3.0, 3.0, 3.0, 3.0, 3.0, 1.9999999999999998, 1.9999999999999998, 1.9999999999999998, 1.2, 1.9999999999999998, 1.2, 1.9999999999999998, 1.2]
[3.5, 3.5, 3.5, 3.5, 2.5, 3.5, 3.5, 3.5, 5.0, 5.0, 9.0, 9.0, 3.0, 3.0, 1.9999999999999998, 1.9999999999999998, 1.9999999999999998, 1.9999999999999998, 1.9999999999999998, 1.9999999999999998, 1.2, 1.2, 1.2, 1.9999999999999998, 1.2, 1.9999999999999998, 1.2, 1.9999999999999998]
T = 0.40960000000000013	 step = 200
73.89000000000004
13.885865589488635
[14.0, 15.0, 19.0, 11.0, 8.0, 6.0, 2.0, 4.0, 25.0, 15.0, 34.0, 12.0, 36.0, 33.0, 23.0, 4.0, 5.0, 3.0, 9.0, 4.0, 37.0, 12.0, 23.0, 19.0, 35.0, 2.0, 20.0, 33.0]
[10.0, 16.0, 7.0, 12.0, 20.0, 25.0, 35.0, 10.0, 5.0, 24.0, 10.0, 34.0, 25.0, 32.0, 10.0, 4.0, 14.0, 30.0, 17.0, 17.0, 36.0, 6.0, 14.0, 14.0, 17.0, 27.0, 18.0, 23.0]
[2.5, 2.5, 2.5, 2.5, 3.5, 2.5, 2.5, 2.5, 5.0, 5.0, 9.0, 9.0, 1.9999999999999998, 1.9999999999999998, 3.0, 3.0, 3.0, 3.0, 3.0, 3.0, 1.9999999999999998, 1.9999999999999998, 1.9999999999999998, 1.2, 1.9999999999999998, 1.2, 1.9999999999999998, 1.2]
[3.5, 3.5, 3.5, 3.5, 2.5, 3.5, 3.5, 3.5, 5.0, 5.0, 9.0, 9.0, 3.0, 3.0, 1.9999999999999998, 1.9999999999999998, 1.9999999999999998, 1.9999999999999998, 1.9999999999999998, 1.9999999999999998, 1.2, 1.2, 1.2, 1.9999999999999998, 1.2, 1.9999999999999998, 1.2, 1.9999999999999998]
T = 0.40960000000000013	 step = 201
73.90000000000003
13.870240589488635
[14.0, 15.0, 19.0, 11.0, 8.0, 6.0, 2.0, 4.0, 25.0, 15.0, 34.0, 12.0, 36.0, 33.0, 23.0, 4.0, 5.0, 3.0, 9.0, 4.0, 37.0, 12.0, 23.0, 19.0, 35.0, 2.0, 20.0, 32.0]
[10.0, 16.0, 7.0, 12.0, 20.0, 25.0, 35.0, 10.0, 5.0, 24.0, 10.0, 34.0, 25.0, 32.0, 10.0, 4.0, 14.0, 30.0, 17.0, 17.0, 36.0, 6.0, 14.0, 14.0, 17.0, 27.0, 18.0, 23.0]
[2.5, 2.5, 2.5, 2.5, 3.5, 2.5, 2.5, 2.5, 5.0, 5.0, 9.0, 9.0, 1.9999999999999998, 1.9999999999999998, 3.0, 3.0, 3.0, 3.0, 3.0, 3.0, 1.9999999999999998, 1.9999999999999998, 1.9999999999999998, 1.2, 1.9999999999999998, 1.2, 1.9999999999999998, 1.2]
[3.5, 3.5, 3.5, 3.5, 2.5, 3.5, 3.5, 3.5, 5.0, 5.0, 9.0, 9.0, 3.0, 3.0, 1.9999999999999998, 1.9999999999999998, 1.9999999999999998, 1.9999999999999998, 1.9999999999999998, 1.9999999999999998, 1.2, 1.2, 1.2, 1.9999999999999998, 1.2, 1.9999999999999998, 1.2, 1.9999999999999998]
T = 0.32768000000000014	 step = 202
73.89000000000004
13.88530628551136
[14.0, 15.0, 19.0, 11.0, 8.0, 6.0, 2.0, 4.0, 25.0, 15.0, 34.0, 12.0, 36.0, 33.0, 23.0, 4.0, 5.0, 3.0, 9.0, 4.0, 38.0, 12.0, 23.0, 19.0, 35.0, 2.0, 20.0, 32.0]
[10.0, 16.0, 7.0, 12.0, 20.0, 25.0, 35.0, 10.0, 5.0, 24.0, 10.0, 34.0, 25.0, 32.0, 10.0, 4.0, 14.0, 30.0, 17.0, 17.0, 36.0, 6.0, 14.0, 14.0, 17.0, 27.0, 18.0, 23.0]
[2.5, 2.5, 2.5, 2.5, 3.5, 2.5, 2.5, 2.5, 5.0, 5.0, 9.0, 9.0, 1.9999999999999998, 1.9999999999999998, 3.0, 3.0, 3.0, 3.0, 3.0, 3.0, 1.9999999999999998, 1.9999999999999998, 1.9999999999999998, 1.2, 1.9999999999999998, 1.2, 1.9999999999999998, 1.2]
[3.5, 3.5, 3.5, 3.5, 2.5, 3.5, 3.5, 3.5, 5.0, 5.0, 9.0, 9.0, 3.0, 3.0, 1.9999999999999998, 1.9999999999999998, 1.9999999999999998, 1.9999999999999998, 1.9999999999999998, 1.9999999999999998, 1.2, 1.2, 1.2, 1.9999999999999998, 1.2, 1.9999999999999998, 1.2, 1.9999999999999998]
T = 0.32768000000000014	 step = 203
73.92000000000002
13.82210049715909
[14.0, 15.0, 19.0, 11.0, 8.0, 6.0, 2.0, 4.0, 25.0, 15.0, 34.0, 13.0, 36.0, 33.0, 23.0, 4.0, 5.0, 3.0, 9.0, 4.0, 38.0, 12.0, 23.0, 19.0, 35.0, 2.0, 20.0, 32.0]
[10.0, 16.0, 7.0, 12.0, 20.0, 25.0, 35.0, 10.0, 5.0, 24.0, 10.0, 34.0, 25.0, 32.0, 10.0, 4.0, 14.0, 30.0, 17.0, 17.0, 36.0, 6.0, 14.0, 14.0, 17.0, 27.0, 18.0, 23.0]
[2.5, 2.5, 2.5, 2.5, 3.5, 2.5, 2.5, 2.5, 5.0, 5.0, 9.0, 9.0, 1.9999999999999998, 1.9999999999999998, 3.0, 3.0, 3.0, 3.0, 3.0, 3.0, 1.9999999999999998, 1.9999999999999998, 1.9999999999999998, 1.2, 1.9999999999999998, 1.2, 1.9999999999999998, 1.2]
[3.5, 3.5, 3.5, 3.5, 2.5, 3.5, 3.5, 3.5, 5.0, 5.0, 9.0, 9.0, 3.0, 3.0, 1.9999999999999998, 1.9999999999999998, 1.9999999999999998, 1.9999999999999998, 1.9999999999999998, 1.9999999999999998, 1.2, 1.2, 1.2, 1.9999999999999998, 1.2, 1.9999999999999998, 1.2, 1.9999999999999998]
T = 0.32768000000000014	 step = 204
73.91000000000003
13.853350497159086
[14.0, 15.0, 19.0, 11.0, 8.0, 6.0, 2.0, 4.0, 25.0, 15.0, 34.0, 13.0, 36.0, 33.0, 23.0, 4.0, 4.0, 3.0, 9.0, 4.0, 38.0, 12.0, 23.0, 19.0, 35.0, 2.0, 20.0, 32.0]
[10.0, 16.0, 7.0, 12.0, 20.0, 25.0, 35.0, 10.0, 5.0, 24.0, 10.0, 34.0, 25.0, 32.0, 10.0, 4.0, 14.0, 30.0, 17.0, 17.0, 36.0, 6.0, 14.0, 14.0, 17.0, 27.0, 18.0, 23.0]
[2.5, 2.5, 2.5, 2.5, 3.5, 2.5, 2.5, 2.5, 5.0, 5.0, 9.0, 9.0, 1.9999999999999998, 1.9999999999999998, 3.0, 3.0, 3.0, 3.0, 3.0, 3.0, 1.9999999999999998, 1.9999999999999998, 1.9999999999999998, 1.2, 1.9999999999999998, 1.2, 1.9999999999999998, 1.2]
[3.5, 3.5, 3.5, 3.5, 2.5, 3.5, 3.5, 3.5, 5.0, 5.0, 9.0, 9.0, 3.0, 3.0, 1.9999999999999998, 1.9999999999999998, 1.9999999999999998, 1.9999999999999998, 1.9999999999999998, 1.9999999999999998, 1.2, 1.2, 1.2, 1.9999999999999998, 1.2, 1.9999999999999998, 1.2, 1.9999999999999998]
T = 0.32768000000000014	 step = 205
73.89000000000004
13.91655628551136
[14.0, 15.0, 19.0, 11.0, 8.0, 6.0, 2.0, 4.0, 25.0, 15.0, 34.0, 12.0, 36.0, 33.0, 23.0, 4.0, 4.0, 3.0, 9.0, 4.0, 38.0, 12.0, 23.0, 19.0, 35.0, 2.0, 20.0, 32.0]
[10.0, 16.0, 7.0, 12.0, 20.0, 25.0, 35.0, 10.0, 5.0, 24.0, 10.0, 34.0, 25.0, 32.0, 10.0, 4.0, 14.0, 30.0, 17.0, 17.0, 36.0, 6.0, 14.0, 14.0, 17.0, 27.0, 18.0, 23.0]
[2.5, 2.5, 2.5, 2.5, 3.5, 2.5, 2.5, 2.5, 5.0, 5.0, 9.0, 9.0, 1.9999999999999998, 1.9999999999999998, 3.0, 3.0, 3.0, 3.0, 3.0, 3.0, 1.9999999999999998, 1.9999999999999998, 1.9999999999999998, 1.2, 1.9999999999999998, 1.2, 1.9999999999999998, 1.2]
[3.5, 3.5, 3.5, 3.5, 2.5, 3.5, 3.5, 3.5, 5.0, 5.0, 9.0, 9.0, 3.0, 3.0, 1.9999999999999998, 1.9999999999999998, 1.9999999999999998, 1.9999999999999998, 1.9999999999999998, 1.9999999999999998, 1.2, 1.2, 1.2, 1.9999999999999998, 1.2, 1.9999999999999998, 1.2, 1.9999999999999998]
T = 0.32768000000000014	 step = 206
73.92000000000002
13.896010298295453
[14.0, 15.0, 19.0, 11.0, 8.0, 6.0, 2.0, 5.0, 25.0, 15.0, 34.0, 12.0, 36.0, 33.0, 23.0, 4.0, 4.0, 3.0, 9.0, 4.0, 38.0, 12.0, 23.0, 19.0, 35.0, 2.0, 20.0, 32.0]
[10.0, 16.0, 7.0, 12.0, 20.0, 25.0, 35.0, 10.0, 5.0, 24.0, 10.0, 34.0, 25.0, 32.0, 10.0, 4.0, 14.0, 30.0, 17.0, 17.0, 36.0, 6.0, 14.0, 14.0, 17.0, 27.0, 18.0, 23.0]
[2.5, 2.5, 2.5, 2.5, 3.5, 2.5, 2.5, 2.5, 5.0, 5.0, 9.0, 9.0, 1.9999999999999998, 1.9999999999999998, 3.0, 3.0, 3.0, 3.0, 3.0, 3.0, 1.9999999999999998, 1.9999999999999998, 1.9999999999999998, 1.2, 1.9999999999999998, 1.2, 1.9999999999999998, 1.2]
[3.5, 3.5, 3.5, 3.5, 2.5, 3.5, 3.5, 3.5, 5.0, 5.0, 9.0, 9.0, 3.0, 3.0, 1.9999999999999998, 1.9999999999999998, 1.9999999999999998, 1.9999999999999998, 1.9999999999999998, 1.9999999999999998, 1.2, 1.2, 1.2, 1.9999999999999998, 1.2, 1.9999999999999998, 1.2, 1.9999999999999998]
T = 0.32768000000000014	 step = 207
73.91000000000003
13.927196377840907
[14.0, 15.0, 19.0, 11.0, 8.0, 6.0, 2.0, 5.0, 25.0, 15.0, 34.0, 12.0, 36.0, 33.0, 23.0, 4.0, 4.0, 3.0, 9.0, 4.0, 38.0, 12.0, 23.0, 19.0, 35.0, 2.0, 20.0, 32.0]
[10.0, 16.0, 7.0, 12.0, 20.0, 25.0, 35.0, 10.0, 5.0, 24.0, 10.0, 34.0, 25.0, 32.0, 10.0, 4.0, 14.0, 30.0, 16.0, 17.0, 36.0, 6.0, 14.0, 14.0, 17.0, 27.0, 18.0, 23.0]
[2.5, 2.5, 2.5, 2.5, 3.5, 2.5, 2.5, 2.5, 5.0, 5.0, 9.0, 9.0, 1.9999999999999998, 1.9999999999999998, 3.0, 3.0, 3.0, 3.0, 3.0, 3.0, 1.9999999999999998, 1.9999999999999998, 1.9999999999999998, 1.2, 1.9999999999999998, 1.2, 1.9999999999999998, 1.2]
[3.5, 3.5, 3.5, 3.5, 2.5, 3.5, 3.5, 3.5, 5.0, 5.0, 9.0, 9.0, 3.0, 3.0, 1.9999999999999998, 1.9999999999999998, 1.9999999999999998, 1.9999999999999998, 1.9999999999999998, 1.9999999999999998, 1.2, 1.2, 1.2, 1.9999999999999998, 1.2, 1.9999999999999998, 1.2, 1.9999999999999998]
T = 0.32768000000000014	 step = 208
73.72000000000003
13.864696377840907
[14.0, 15.0, 19.0, 11.0, 8.0, 6.0, 2.0, 5.0, 25.0, 15.0, 34.0, 12.0, 36.0, 33.0, 23.0, 4.0, 4.0, 3.0, 9.0, 4.0, 38.0, 12.0, 23.0, 19.0, 35.0, 2.0, 20.0, 32.0]
[10.0, 16.0, 7.0, 12.0, 20.0, 25.0, 35.0, 10.0, 5.0, 25.0, 10.0, 34.0, 25.0, 32.0, 10.0, 4.0, 14.0, 30.0, 16.0, 17.0, 36.0, 6.0, 14.0, 14.0, 17.0, 27.0, 18.0, 23.0]
[2.5, 2.5, 2.5, 2.5, 3.5, 2.5, 2.5, 2.5, 5.0, 5.0, 9.0, 9.0, 1.9999999999999998, 1.9999999999999998, 3.0, 3.0, 3.0, 3.0, 3.0, 3.0, 1.9999999999999998, 1.9999999999999998, 1.9999999999999998, 1.2, 1.9999999999999998, 1.2, 1.9999999999999998, 1.2]
[3.5, 3.5, 3.5, 3.5, 2.5, 3.5, 3.5, 3.5, 5.0, 5.0, 9.0, 9.0, 3.0, 3.0, 1.9999999999999998, 1.9999999999999998, 1.9999999999999998, 1.9999999999999998, 1.9999999999999998, 1.9999999999999998, 1.2, 1.2, 1.2, 1.9999999999999998, 1.2, 1.9999999999999998, 1.2, 1.9999999999999998]
T = 0.32768000000000014	 step = 209
73.73000000000002
13.880321377840907
[14.0, 15.0, 19.0, 10.0, 8.0, 6.0, 2.0, 5.0, 25.0, 15.0, 34.0, 12.0, 36.0, 33.0, 23.0, 4.0, 4.0, 3.0, 9.0, 4.0, 38.0, 12.0, 23.0, 19.0, 35.0, 2.0, 20.0, 32.0]
[10.0, 16.0, 7.0, 12.0, 20.0, 25.0, 35.0, 10.0, 5.0, 25.0, 10.0, 34.0, 25.0, 32.0, 10.0, 4.0, 14.0, 30.0, 16.0, 17.0, 36.0, 6.0, 14.0, 14.0, 17.0, 27.0, 18.0, 23.0]
[2.5, 2.5, 2.5, 2.5, 3.5, 2.5, 2.5, 2.5, 5.0, 5.0, 9.0, 9.0, 1.9999999999999998, 1.9999999999999998, 3.0, 3.0, 3.0, 3.0, 3.0, 3.0, 1.9999999999999998, 1.9999999999999998, 1.9999999999999998, 1.2, 1.9999999999999998, 1.2, 1.9999999999999998, 1.2]
[3.5, 3.5, 3.5, 3.5, 2.5, 3.5, 3.5, 3.5, 5.0, 5.0, 9.0, 9.0, 3.0, 3.0, 1.9999999999999998, 1.9999999999999998, 1.9999999999999998, 1.9999999999999998, 1.9999999999999998, 1.9999999999999998, 1.2, 1.2, 1.2, 1.9999999999999998, 1.2, 1.9999999999999998, 1.2, 1.9999999999999998]
T = 0.32768000000000014	 step = 210
73.74000000000001
13.880321377840907
[14.0, 15.0, 19.0, 10.0, 8.0, 6.0, 2.0, 5.0, 25.0, 15.0, 34.0, 12.0, 35.0, 33.0, 23.0, 4.0, 4.0, 3.0, 9.0, 4.0, 38.0, 12.0, 23.0, 19.0, 35.0, 2.0, 20.0, 32.0]
[10.0, 16.0, 7.0, 12.0, 20.0, 25.0, 35.0, 10.0, 5.0, 25.0, 10.0, 34.0, 25.0, 32.0, 10.0, 4.0, 14.0, 30.0, 16.0, 17.0, 36.0, 6.0, 14.0, 14.0, 17.0, 27.0, 18.0, 23.0]
[2.5, 2.5, 2.5, 2.5, 3.5, 2.5, 2.5, 2.5, 5.0, 5.0, 9.0, 9.0, 1.9999999999999998, 1.9999999999999998, 3.0, 3.0, 3.0, 3.0, 3.0, 3.0, 1.9999999999999998, 1.9999999999999998, 1.9999999999999998, 1.2, 1.9999999999999998, 1.2, 1.9999999999999998, 1.2]
[3.5, 3.5, 3.5, 3.5, 2.5, 3.5, 3.5, 3.5, 5.0, 5.0, 9.0, 9.0, 3.0, 3.0, 1.9999999999999998, 1.9999999999999998, 1.9999999999999998, 1.9999999999999998, 1.9999999999999998, 1.9999999999999998, 1.2, 1.2, 1.2, 1.9999999999999998, 1.2, 1.9999999999999998, 1.2, 1.9999999999999998]
T = 0.32768000000000014	 step = 211
73.87
14.370658735795452
[14.0, 15.0, 19.0, 10.0, 8.0, 6.0, 2.0, 5.0, 25.0, 15.0, 34.0, 12.0, 35.0, 33.0, 22.0, 4.0, 4.0, 3.0, 9.0, 4.0, 38.0, 12.0, 23.0, 19.0, 35.0, 2.0, 20.0, 32.0]
[10.0, 16.0, 7.0, 12.0, 20.0, 25.0, 35.0, 10.0, 5.0, 25.0, 10.0, 34.0, 25.0, 32.0, 30.0, 4.0, 14.0, 30.0, 16.0, 17.0, 36.0, 6.0, 14.0, 14.0, 17.0, 27.0, 18.0, 23.0]
[2.5, 2.5, 2.5, 2.5, 3.5, 2.5, 2.5, 2.5, 5.0, 5.0, 9.0, 9.0, 1.9999999999999998, 1.9999999999999998, 1.9999999999999998, 3.0, 3.0, 3.0, 3.0, 3.0, 1.9999999999999998, 1.9999999999999998, 1.9999999999999998, 1.2, 1.9999999999999998, 1.2, 1.9999999999999998, 1.2]
[3.5, 3.5, 3.5, 3.5, 2.5, 3.5, 3.5, 3.5, 5.0, 5.0, 9.0, 9.0, 3.0, 3.0, 3.0, 1.9999999999999998, 1.9999999999999998, 1.9999999999999998, 1.9999999999999998, 1.9999999999999998, 1.2, 1.2, 1.2, 1.9999999999999998, 1.2, 1.9999999999999998, 1.2, 1.9999999999999998]
T = 0.32768000000000014	 step = 212
73.87
14.401908735795452
[14.0, 15.0, 19.0, 10.0, 8.0, 6.0, 2.0, 5.0, 25.0, 15.0, 34.0, 12.0, 35.0, 33.0, 22.0, 4.0, 4.0, 3.0, 9.0, 4.0, 38.0, 12.0, 23.0, 19.0, 35.0, 2.0, 20.0, 32.0]
[10.0, 16.0, 7.0, 12.0, 20.0, 25.0, 35.0, 10.0, 5.0, 25.0, 10.0, 34.0, 25.0, 33.0, 30.0, 4.0, 14.0, 30.0, 16.0, 17.0, 36.0, 6.0, 14.0, 14.0, 17.0, 27.0, 18.0, 23.0]
[2.5, 2.5, 2.5, 2.5, 3.5, 2.5, 2.5, 2.5, 5.0, 5.0, 9.0, 9.0, 1.9999999999999998, 1.9999999999999998, 1.9999999999999998, 3.0, 3.0, 3.0, 3.0, 3.0, 1.9999999999999998, 1.9999999999999998, 1.9999999999999998, 1.2, 1.9999999999999998, 1.2, 1.9999999999999998, 1.2]
[3.5, 3.5, 3.5, 3.5, 2.5, 3.5, 3.5, 3.5, 5.0, 5.0, 9.0, 9.0, 3.0, 3.0, 3.0, 1.9999999999999998, 1.9999999999999998, 1.9999999999999998, 1.9999999999999998, 1.9999999999999998, 1.2, 1.2, 1.2, 1.9999999999999998, 1.2, 1.9999999999999998, 1.2, 1.9999999999999998]
T = 0.32768000000000014	 step = 213
73.81
14.425394176136363
[14.0, 15.0, 19.0, 10.0, 7.0, 6.0, 2.0, 5.0, 25.0, 15.0, 34.0, 12.0, 35.0, 33.0, 22.0, 4.0, 4.0, 3.0, 9.0, 4.0, 38.0, 12.0, 23.0, 19.0, 35.0, 2.0, 20.0, 32.0]
[10.0, 16.0, 7.0, 12.0, 20.0, 25.0, 35.0, 10.0, 5.0, 25.0, 10.0, 34.0, 25.0, 33.0, 30.0, 4.0, 14.0, 30.0, 16.0, 17.0, 36.0, 6.0, 14.0, 14.0, 17.0, 27.0, 18.0, 23.0]
[2.5, 2.5, 2.5, 2.5, 3.5, 2.5, 2.5, 2.5, 5.0, 5.0, 9.0, 9.0, 1.9999999999999998, 1.9999999999999998, 1.9999999999999998, 3.0, 3.0, 3.0, 3.0, 3.0, 1.9999999999999998, 1.9999999999999998, 1.9999999999999998, 1.2, 1.9999999999999998, 1.2, 1.9999999999999998, 1.2]
[3.5, 3.5, 3.5, 3.5, 2.5, 3.5, 3.5, 3.5, 5.0, 5.0, 9.0, 9.0, 3.0, 3.0, 3.0, 1.9999999999999998, 1.9999999999999998, 1.9999999999999998, 1.9999999999999998, 1.9999999999999998, 1.2, 1.2, 1.2, 1.9999999999999998, 1.2, 1.9999999999999998, 1.2, 1.9999999999999998]
T = 0.32768000000000014	 step = 214
73.83000000000004
14.316019176136363
[14.0, 15.0, 19.0, 10.0, 7.0, 6.0, 2.0, 5.0, 25.0, 15.0, 34.0, 12.0, 35.0, 33.0, 22.0, 4.0, 4.0, 3.0, 9.0, 4.0, 38.0, 12.0, 23.0, 19.0, 35.0, 2.0, 20.0, 32.0]
[10.0, 16.0, 7.0, 12.0, 20.0, 25.0, 34.0, 10.0, 5.0, 25.0, 10.0, 34.0, 25.0, 33.0, 30.0, 4.0, 14.0, 30.0, 16.0, 17.0, 36.0, 6.0, 14.0, 14.0, 17.0, 27.0, 18.0, 23.0]
[2.5, 2.5, 2.5, 2.5, 3.5, 2.5, 2.5, 2.5, 5.0, 5.0, 9.0, 9.0, 1.9999999999999998, 1.9999999999999998, 1.9999999999999998, 3.0, 3.0, 3.0, 3.0, 3.0, 1.9999999999999998, 1.9999999999999998, 1.9999999999999998, 1.2, 1.9999999999999998, 1.2, 1.9999999999999998, 1.2]
[3.5, 3.5, 3.5, 3.5, 2.5, 3.5, 3.5, 3.5, 5.0, 5.0, 9.0, 9.0, 3.0, 3.0, 3.0, 1.9999999999999998, 1.9999999999999998, 1.9999999999999998, 1.9999999999999998, 1.9999999999999998, 1.2, 1.2, 1.2, 1.9999999999999998, 1.2, 1.9999999999999998, 1.2, 1.9999999999999998]
T = 0.32768000000000014	 step = 215
73.85000000000002
14.310670276988633
[14.0, 15.0, 19.0, 10.0, 7.0, 6.0, 2.0, 5.0, 25.0, 15.0, 34.0, 12.0, 35.0, 33.0, 22.0, 4.0, 4.0, 4.0, 9.0, 4.0, 38.0, 12.0, 23.0, 19.0, 35.0, 2.0, 20.0, 32.0]
[10.0, 16.0, 7.0, 12.0, 20.0, 25.0, 34.0, 10.0, 5.0, 25.0, 10.0, 34.0, 25.0, 33.0, 30.0, 4.0, 14.0, 30.0, 16.0, 17.0, 36.0, 6.0, 14.0, 14.0, 17.0, 27.0, 18.0, 23.0]
[2.5, 2.5, 2.5, 2.5, 3.5, 2.5, 2.5, 2.5, 5.0, 5.0, 9.0, 9.0, 1.9999999999999998, 1.9999999999999998, 1.9999999999999998, 3.0, 3.0, 3.0, 3.0, 3.0, 1.9999999999999998, 1.9999999999999998, 1.9999999999999998, 1.2, 1.9999999999999998, 1.2, 1.9999999999999998, 1.2]
[3.5, 3.5, 3.5, 3.5, 2.5, 3.5, 3.5, 3.5, 5.0, 5.0, 9.0, 9.0, 3.0, 3.0, 3.0, 1.9999999999999998, 1.9999999999999998, 1.9999999999999998, 1.9999999999999998, 1.9999999999999998, 1.2, 1.2, 1.2, 1.9999999999999998, 1.2, 1.9999999999999998, 1.2, 1.9999999999999998]
T = 0.32768000000000014	 step = 216
73.85000000000002
14.279420276988635
[14.0, 15.0, 19.0, 10.0, 7.0, 6.0, 2.0, 5.0, 25.0, 15.0, 34.0, 12.0, 35.0, 33.0, 22.0, 4.0, 4.0, 4.0, 9.0, 4.0, 38.0, 12.0, 23.0, 19.0, 35.0, 2.0, 20.0, 32.0]
[10.0, 16.0, 7.0, 12.0, 20.0, 25.0, 34.0, 10.0, 5.0, 25.0, 10.0, 34.0, 25.0, 33.0, 30.0, 5.0, 14.0, 30.0, 16.0, 17.0, 36.0, 6.0, 14.0, 14.0, 17.0, 27.0, 18.0, 23.0]
[2.5, 2.5, 2.5, 2.5, 3.5, 2.5, 2.5, 2.5, 5.0, 5.0, 9.0, 9.0, 1.9999999999999998, 1.9999999999999998, 1.9999999999999998, 3.0, 3.0, 3.0, 3.0, 3.0, 1.9999999999999998, 1.9999999999999998, 1.9999999999999998, 1.2, 1.9999999999999998, 1.2, 1.9999999999999998, 1.2]
[3.5, 3.5, 3.5, 3.5, 2.5, 3.5, 3.5, 3.5, 5.0, 5.0, 9.0, 9.0, 3.0, 3.0, 3.0, 1.9999999999999998, 1.9999999999999998, 1.9999999999999998, 1.9999999999999998, 1.9999999999999998, 1.2, 1.2, 1.2, 1.9999999999999998, 1.2, 1.9999999999999998, 1.2, 1.9999999999999998]
T = 0.32768000000000014	 step = 217
73.84000000000003
14.310670276988635
[14.0, 15.0, 19.0, 10.0, 7.0, 6.0, 2.0, 5.0, 25.0, 15.0, 34.0, 12.0, 35.0, 33.0, 22.0, 4.0, 3.0, 4.0, 9.0, 4.0, 38.0, 12.0, 23.0, 19.0, 35.0, 2.0, 20.0, 32.0]
[10.0, 16.0, 7.0, 12.0, 20.0, 25.0, 34.0, 10.0, 5.0, 25.0, 10.0, 34.0, 25.0, 33.0, 30.0, 5.0, 14.0, 30.0, 16.0, 17.0, 36.0, 6.0, 14.0, 14.0, 17.0, 27.0, 18.0, 23.0]
[2.5, 2.5, 2.5, 2.5, 3.5, 2.5, 2.5, 2.5, 5.0, 5.0, 9.0, 9.0, 1.9999999999999998, 1.9999999999999998, 1.9999999999999998, 3.0, 3.0, 3.0, 3.0, 3.0, 1.9999999999999998, 1.9999999999999998, 1.9999999999999998, 1.2, 1.9999999999999998, 1.2, 1.9999999999999998, 1.2]
[3.5, 3.5, 3.5, 3.5, 2.5, 3.5, 3.5, 3.5, 5.0, 5.0, 9.0, 9.0, 3.0, 3.0, 3.0, 1.9999999999999998, 1.9999999999999998, 1.9999999999999998, 1.9999999999999998, 1.9999999999999998, 1.2, 1.2, 1.2, 1.9999999999999998, 1.2, 1.9999999999999998, 1.2, 1.9999999999999998]
T = 0.32768000000000014	 step = 218
73.82000000000005
14.420045276988633
[14.0, 15.0, 19.0, 10.0, 7.0, 6.0, 2.0, 5.0, 25.0, 15.0, 34.0, 12.0, 35.0, 33.0, 22.0, 4.0, 3.0, 4.0, 9.0, 4.0, 38.0, 12.0, 23.0, 19.0, 35.0, 2.0, 20.0, 32.0]
[10.0, 16.0, 7.0, 12.0, 20.0, 25.0, 35.0, 10.0, 5.0, 25.0, 10.0, 34.0, 25.0, 33.0, 30.0, 5.0, 14.0, 30.0, 16.0, 17.0, 36.0, 6.0, 14.0, 14.0, 17.0, 27.0, 18.0, 23.0]
[2.5, 2.5, 2.5, 2.5, 3.5, 2.5, 2.5, 2.5, 5.0, 5.0, 9.0, 9.0, 1.9999999999999998, 1.9999999999999998, 1.9999999999999998, 3.0, 3.0, 3.0, 3.0, 3.0, 1.9999999999999998, 1.9999999999999998, 1.9999999999999998, 1.2, 1.9999999999999998, 1.2, 1.9999999999999998, 1.2]
[3.5, 3.5, 3.5, 3.5, 2.5, 3.5, 3.5, 3.5, 5.0, 5.0, 9.0, 9.0, 3.0, 3.0, 3.0, 1.9999999999999998, 1.9999999999999998, 1.9999999999999998, 1.9999999999999998, 1.9999999999999998, 1.2, 1.2, 1.2, 1.9999999999999998, 1.2, 1.9999999999999998, 1.2, 1.9999999999999998]
T = 0.32768000000000014	 step = 219
73.81
14.745163352272726
[14.0, 15.0, 19.0, 10.0, 7.0, 6.0, 2.0, 5.0, 25.0, 15.0, 34.0, 12.0, 35.0, 33.0, 22.0, 4.0, 3.0, 4.0, 9.0, 4.0, 38.0, 12.0, 23.0, 19.0, 35.0, 23.0, 20.0, 32.0]
[10.0, 16.0, 7.0, 12.0, 20.0, 25.0, 35.0, 10.0, 5.0, 25.0, 10.0, 34.0, 25.0, 33.0, 30.0, 5.0, 14.0, 30.0, 16.0, 17.0, 36.0, 6.0, 14.0, 14.0, 17.0, 37.0, 18.0, 23.0]
[2.5, 2.5, 2.5, 2.5, 3.5, 2.5, 2.5, 2.5, 5.0, 5.0, 9.0, 9.0, 1.9999999999999998, 1.9999999999999998, 1.9999999999999998, 3.0, 3.0, 3.0, 3.0, 3.0, 1.9999999999999998, 1.9999999999999998, 1.9999999999999998, 1.2, 1.9999999999999998, 1.2, 1.9999999999999998, 1.2]
[3.5, 3.5, 3.5, 3.5, 2.5, 3.5, 3.5, 3.5, 5.0, 5.0, 9.0, 9.0, 3.0, 3.0, 3.0, 1.9999999999999998, 1.9999999999999998, 1.9999999999999998, 1.9999999999999998, 1.9999999999999998, 1.2, 1.2, 1.2, 1.9999999999999998, 1.2, 1.9999999999999998, 1.2, 1.9999999999999998]
T = 0.32768000000000014	 step = 220
73.82000000000005
14.435670276988633
[14.0, 15.0, 19.0, 10.0, 7.0, 6.0, 2.0, 5.0, 25.0, 15.0, 34.0, 12.0, 35.0, 33.0, 22.0, 4.0, 3.0, 4.0, 9.0, 4.0, 38.0, 12.0, 23.0, 19.0, 35.0, 2.0, 20.0, 32.0]
[10.0, 16.0, 7.0, 12.0, 20.0, 25.0, 35.0, 10.0, 5.0, 25.0, 10.0, 34.0, 25.0, 33.0, 30.0, 5.0, 14.0, 30.0, 16.0, 17.0, 36.0, 6.0, 14.0, 14.0, 18.0, 27.0, 18.0, 23.0]
[2.5, 2.5, 2.5, 2.5, 3.5, 2.5, 2.5, 2.5, 5.0, 5.0, 9.0, 9.0, 1.9999999999999998, 1.9999999999999998, 1.9999999999999998, 3.0, 3.0, 3.0, 3.0, 3.0, 1.9999999999999998, 1.9999999999999998, 1.9999999999999998, 1.2, 1.9999999999999998, 1.2, 1.9999999999999998, 1.2]
[3.5, 3.5, 3.5, 3.5, 2.5, 3.5, 3.5, 3.5, 5.0, 5.0, 9.0, 9.0, 3.0, 3.0, 3.0, 1.9999999999999998, 1.9999999999999998, 1.9999999999999998, 1.9999999999999998, 1.9999999999999998, 1.2, 1.2, 1.2, 1.9999999999999998, 1.2, 1.9999999999999998, 1.2, 1.9999999999999998]
T = 0.32768000000000014	 step = 221
73.82000000000005
14.466920276988635
[14.0, 15.0, 19.0, 10.0, 7.0, 6.0, 2.0, 5.0, 25.0, 15.0, 34.0, 12.0, 35.0, 33.0, 22.0, 4.0, 3.0, 4.0, 9.0, 4.0, 38.0, 12.0, 23.0, 19.0, 35.0, 2.0, 20.0, 32.0]
[10.0, 16.0, 7.0, 12.0, 20.0, 25.0, 35.0, 10.0, 5.0, 25.0, 10.0, 34.0, 25.0, 33.0, 30.0, 4.0, 14.0, 30.0, 16.0, 17.0, 36.0, 6.0, 14.0, 14.0, 18.0, 27.0, 18.0, 23.0]
[2.5, 2.5, 2.5, 2.5, 3.5, 2.5, 2.5, 2.5, 5.0, 5.0, 9.0, 9.0, 1.9999999999999998, 1.9999999999999998, 1.9999999999999998, 3.0, 3.0, 3.0, 3.0, 3.0, 1.9999999999999998, 1.9999999999999998, 1.9999999999999998, 1.2, 1.9999999999999998, 1.2, 1.9999999999999998, 1.2]
[3.5, 3.5, 3.5, 3.5, 2.5, 3.5, 3.5, 3.5, 5.0, 5.0, 9.0, 9.0, 3.0, 3.0, 3.0, 1.9999999999999998, 1.9999999999999998, 1.9999999999999998, 1.9999999999999998, 1.9999999999999998, 1.2, 1.2, 1.2, 1.9999999999999998, 1.2, 1.9999999999999998, 1.2, 1.9999999999999998]
T = 0.32768000000000014	 step = 222
73.81
14.491342329545454
[14.0, 15.0, 19.0, 10.0, 7.0, 6.0, 2.0, 5.0, 25.0, 15.0, 34.0, 12.0, 35.0, 33.0, 22.0, 4.0, 3.0, 4.0, 9.0, 3.0, 38.0, 12.0, 23.0, 19.0, 35.0, 2.0, 20.0, 32.0]
[10.0, 16.0, 7.0, 12.0, 20.0, 25.0, 35.0, 10.0, 5.0, 25.0, 10.0, 34.0, 25.0, 33.0, 30.0, 4.0, 14.0, 30.0, 16.0, 17.0, 36.0, 6.0, 14.0, 14.0, 18.0, 27.0, 18.0, 23.0]
[2.5, 2.5, 2.5, 2.5, 3.5, 2.5, 2.5, 2.5, 5.0, 5.0, 9.0, 9.0, 1.9999999999999998, 1.9999999999999998, 1.9999999999999998, 3.0, 3.0, 3.0, 3.0, 3.0, 1.9999999999999998, 1.9999999999999998, 1.9999999999999998, 1.2, 1.9999999999999998, 1.2, 1.9999999999999998, 1.2]
[3.5, 3.5, 3.5, 3.5, 2.5, 3.5, 3.5, 3.5, 5.0, 5.0, 9.0, 9.0, 3.0, 3.0, 3.0, 1.9999999999999998, 1.9999999999999998, 1.9999999999999998, 1.9999999999999998, 1.9999999999999998, 1.2, 1.2, 1.2, 1.9999999999999998, 1.2, 1.9999999999999998, 1.2, 1.9999999999999998]
T = 0.32768000000000014	 step = 223
73.79000000000002
14.600717329545454
[14.0, 15.0, 19.0, 10.0, 7.0, 6.0, 2.0, 5.0, 25.0, 15.0, 34.0, 12.0, 35.0, 33.0, 22.0, 4.0, 3.0, 4.0, 9.0, 3.0, 38.0, 12.0, 23.0, 19.0, 35.0, 2.0, 20.0, 32.0]
[10.0, 16.0, 7.0, 12.0, 20.0, 25.0, 36.0, 10.0, 5.0, 25.0, 10.0, 34.0, 25.0, 33.0, 30.0, 4.0, 14.0, 30.0, 16.0, 17.0, 36.0, 6.0, 14.0, 14.0, 18.0, 27.0, 18.0, 23.0]
[2.5, 2.5, 2.5, 2.5, 3.5, 2.5, 2.5, 2.5, 5.0, 5.0, 9.0, 9.0, 1.9999999999999998, 1.9999999999999998, 1.9999999999999998, 3.0, 3.0, 3.0, 3.0, 3.0, 1.9999999999999998, 1.9999999999999998, 1.9999999999999998, 1.2, 1.9999999999999998, 1.2, 1.9999999999999998, 1.2]
[3.5, 3.5, 3.5, 3.5, 2.5, 3.5, 3.5, 3.5, 5.0, 5.0, 9.0, 9.0, 3.0, 3.0, 3.0, 1.9999999999999998, 1.9999999999999998, 1.9999999999999998, 1.9999999999999998, 1.9999999999999998, 1.2, 1.2, 1.2, 1.9999999999999998, 1.2, 1.9999999999999998, 1.2, 1.9999999999999998]
T = 0.32768000000000014	 step = 224
73.73000000000002
14.61705255681818
[14.0, 15.0, 19.0, 10.0, 6.0, 6.0, 2.0, 5.0, 25.0, 15.0, 34.0, 12.0, 35.0, 33.0, 22.0, 4.0, 3.0, 4.0, 9.0, 3.0, 38.0, 12.0, 23.0, 19.0, 35.0, 2.0, 20.0, 32.0]
[10.0, 16.0, 7.0, 12.0, 20.0, 25.0, 36.0, 10.0, 5.0, 25.0, 10.0, 34.0, 25.0, 33.0, 30.0, 4.0, 14.0, 30.0, 16.0, 17.0, 36.0, 6.0, 14.0, 14.0, 18.0, 27.0, 18.0, 23.0]
[2.5, 2.5, 2.5, 2.5, 3.5, 2.5, 2.5, 2.5, 5.0, 5.0, 9.0, 9.0, 1.9999999999999998, 1.9999999999999998, 1.9999999999999998, 3.0, 3.0, 3.0, 3.0, 3.0, 1.9999999999999998, 1.9999999999999998, 1.9999999999999998, 1.2, 1.9999999999999998, 1.2, 1.9999999999999998, 1.2]
[3.5, 3.5, 3.5, 3.5, 2.5, 3.5, 3.5, 3.5, 5.0, 5.0, 9.0, 9.0, 3.0, 3.0, 3.0, 1.9999999999999998, 1.9999999999999998, 1.9999999999999998, 1.9999999999999998, 1.9999999999999998, 1.2, 1.2, 1.2, 1.9999999999999998, 1.2, 1.9999999999999998, 1.2, 1.9999999999999998]
T = 0.32768000000000014	 step = 225
73.76000000000005
14.553846768465906
[14.0, 15.0, 19.0, 10.0, 6.0, 6.0, 2.0, 5.0, 25.0, 15.0, 34.0, 13.0, 35.0, 33.0, 22.0, 4.0, 3.0, 4.0, 9.0, 3.0, 38.0, 12.0, 23.0, 19.0, 35.0, 2.0, 20.0, 32.0]
[10.0, 16.0, 7.0, 12.0, 20.0, 25.0, 36.0, 10.0, 5.0, 25.0, 10.0, 34.0, 25.0, 33.0, 30.0, 4.0, 14.0, 30.0, 16.0, 17.0, 36.0, 6.0, 14.0, 14.0, 18.0, 27.0, 18.0, 23.0]
[2.5, 2.5, 2.5, 2.5, 3.5, 2.5, 2.5, 2.5, 5.0, 5.0, 9.0, 9.0, 1.9999999999999998, 1.9999999999999998, 1.9999999999999998, 3.0, 3.0, 3.0, 3.0, 3.0, 1.9999999999999998, 1.9999999999999998, 1.9999999999999998, 1.2, 1.9999999999999998, 1.2, 1.9999999999999998, 1.2]
[3.5, 3.5, 3.5, 3.5, 2.5, 3.5, 3.5, 3.5, 5.0, 5.0, 9.0, 9.0, 3.0, 3.0, 3.0, 1.9999999999999998, 1.9999999999999998, 1.9999999999999998, 1.9999999999999998, 1.9999999999999998, 1.2, 1.2, 1.2, 1.9999999999999998, 1.2, 1.9999999999999998, 1.2, 1.9999999999999998]
T = 0.32768000000000014	 step = 226
73.57000000000005
14.741922940340906
[14.0, 15.0, 19.0, 10.0, 6.0, 6.0, 2.0, 5.0, 25.0, 16.0, 34.0, 13.0, 35.0, 33.0, 22.0, 4.0, 3.0, 4.0, 9.0, 3.0, 38.0, 12.0, 23.0, 19.0, 35.0, 2.0, 20.0, 32.0]
[10.0, 16.0, 7.0, 12.0, 20.0, 25.0, 36.0, 10.0, 5.0, 25.0, 10.0, 34.0, 25.0, 33.0, 30.0, 4.0, 14.0, 30.0, 16.0, 17.0, 36.0, 6.0, 14.0, 14.0, 18.0, 27.0, 18.0, 23.0]
[2.5, 2.5, 2.5, 2.5, 3.5, 2.5, 2.5, 2.5, 5.0, 5.0, 9.0, 9.0, 1.9999999999999998, 1.9999999999999998, 1.9999999999999998, 3.0, 3.0, 3.0, 3.0, 3.0, 1.9999999999999998, 1.9999999999999998, 1.9999999999999998, 1.2, 1.9999999999999998, 1.2, 1.9999999999999998, 1.2]
[3.5, 3.5, 3.5, 3.5, 2.5, 3.5, 3.5, 3.5, 5.0, 5.0, 9.0, 9.0, 3.0, 3.0, 3.0, 1.9999999999999998, 1.9999999999999998, 1.9999999999999998, 1.9999999999999998, 1.9999999999999998, 1.2, 1.2, 1.2, 1.9999999999999998, 1.2, 1.9999999999999998, 1.2, 1.9999999999999998]
T = 0.32768000000000014	 step = 227
73.57000000000005
14.757547940340906
[14.0, 15.0, 19.0, 10.0, 6.0, 6.0, 2.0, 5.0, 25.0, 16.0, 34.0, 13.0, 35.0, 33.0, 22.0, 4.0, 3.0, 4.0, 9.0, 3.0, 38.0, 12.0, 23.0, 19.0, 35.0, 2.0, 20.0, 32.0]
[10.0, 16.0, 7.0, 12.0, 20.0, 25.0, 36.0, 10.0, 5.0, 25.0, 10.0, 34.0, 25.0, 33.0, 30.0, 4.0, 14.0, 30.0, 16.0, 17.0, 36.0, 6.0, 14.0, 14.0, 18.0, 27.0, 18.0, 24.0]
[2.5, 2.5, 2.5, 2.5, 3.5, 2.5, 2.5, 2.5, 5.0, 5.0, 9.0, 9.0, 1.9999999999999998, 1.9999999999999998, 1.9999999999999998, 3.0, 3.0, 3.0, 3.0, 3.0, 1.9999999999999998, 1.9999999999999998, 1.9999999999999998, 1.2, 1.9999999999999998, 1.2, 1.9999999999999998, 1.2]
[3.5, 3.5, 3.5, 3.5, 2.5, 3.5, 3.5, 3.5, 5.0, 5.0, 9.0, 9.0, 3.0, 3.0, 3.0, 1.9999999999999998, 1.9999999999999998, 1.9999999999999998, 1.9999999999999998, 1.9999999999999998, 1.2, 1.2, 1.2, 1.9999999999999998, 1.2, 1.9999999999999998, 1.2, 1.9999999999999998]
T = 0.32768000000000014	 step = 228
73.61000000000001
14.554739879261364
[14.0, 15.0, 19.0, 10.0, 6.0, 6.0, 2.0, 5.0, 25.0, 16.0, 34.0, 13.0, 35.0, 33.0, 22.0, 4.0, 3.0, 4.0, 9.0, 3.0, 38.0, 12.0, 23.0, 19.0, 35.0, 2.0, 20.0, 32.0]
[10.0, 16.0, 7.0, 12.0, 20.0, 25.0, 36.0, 10.0, 6.0, 25.0, 10.0, 34.0, 25.0, 33.0, 30.0, 4.0, 14.0, 30.0, 16.0, 17.0, 36.0, 6.0, 14.0, 14.0, 18.0, 27.0, 18.0, 24.0]
[2.5, 2.5, 2.5, 2.5, 3.5, 2.5, 2.5, 2.5, 5.0, 5.0, 9.0, 9.0, 1.9999999999999998, 1.9999999999999998, 1.9999999999999998, 3.0, 3.0, 3.0, 3.0, 3.0, 1.9999999999999998, 1.9999999999999998, 1.9999999999999998, 1.2, 1.9999999999999998, 1.2, 1.9999999999999998, 1.2]
[3.5, 3.5, 3.5, 3.5, 2.5, 3.5, 3.5, 3.5, 5.0, 5.0, 9.0, 9.0, 3.0, 3.0, 3.0, 1.9999999999999998, 1.9999999999999998, 1.9999999999999998, 1.9999999999999998, 1.9999999999999998, 1.2, 1.2, 1.2, 1.9999999999999998, 1.2, 1.9999999999999998, 1.2, 1.9999999999999998]
T = 0.32768000000000014	 step = 229
73.61000000000001
14.570364879261364
[14.0, 15.0, 19.0, 10.0, 6.0, 6.0, 2.0, 5.0, 25.0, 16.0, 34.0, 13.0, 35.0, 33.0, 22.0, 4.0, 3.0, 4.0, 9.0, 3.0, 38.0, 12.0, 23.0, 19.0, 35.0, 2.0, 20.0, 32.0]
[10.0, 16.0, 7.0, 12.0, 20.0, 25.0, 36.0, 10.0, 6.0, 25.0, 10.0, 34.0, 25.0, 33.0, 30.0, 4.0, 14.0, 30.0, 16.0, 17.0, 36.0, 6.0, 14.0, 14.0, 19.0, 27.0, 18.0, 24.0]
[2.5, 2.5, 2.5, 2.5, 3.5, 2.5, 2.5, 2.5, 5.0, 5.0, 9.0, 9.0, 1.9999999999999998, 1.9999999999999998, 1.9999999999999998, 3.0, 3.0, 3.0, 3.0, 3.0, 1.9999999999999998, 1.9999999999999998, 1.9999999999999998, 1.2, 1.9999999999999998, 1.2, 1.9999999999999998, 1.2]
[3.5, 3.5, 3.5, 3.5, 2.5, 3.5, 3.5, 3.5, 5.0, 5.0, 9.0, 9.0, 3.0, 3.0, 3.0, 1.9999999999999998, 1.9999999999999998, 1.9999999999999998, 1.9999999999999998, 1.9999999999999998, 1.2, 1.2, 1.2, 1.9999999999999998, 1.2, 1.9999999999999998, 1.2, 1.9999999999999998]
T = 0.32768000000000014	 step = 230
73.58000000000004
12.630843394886362
[14.0, 15.0, 19.0, 10.0, 6.0, 6.0, 9.0, 5.0, 25.0, 16.0, 34.0, 13.0, 35.0, 33.0, 22.0, 4.0, 3.0, 4.0, 9.0, 3.0, 38.0, 12.0, 23.0, 19.0, 35.0, 2.0, 20.0, 32.0]
[10.0, 16.0, 7.0, 12.0, 20.0, 25.0, 7.0, 10.0, 6.0, 25.0, 10.0, 34.0, 25.0, 33.0, 30.0, 4.0, 14.0, 30.0, 16.0, 17.0, 36.0, 6.0, 14.0, 14.0, 19.0, 27.0, 18.0, 24.0]
[2.5, 2.5, 2.5, 2.5, 3.5, 2.5, 2.5, 2.5, 5.0, 5.0, 9.0, 9.0, 1.9999999999999998, 1.9999999999999998, 1.9999999999999998, 3.0, 3.0, 3.0, 3.0, 3.0, 1.9999999999999998, 1.9999999999999998, 1.9999999999999998, 1.2, 1.9999999999999998, 1.2, 1.9999999999999998, 1.2]
[3.5, 3.5, 3.5, 3.5, 2.5, 3.5, 3.5, 3.5, 5.0, 5.0, 9.0, 9.0, 3.0, 3.0, 3.0, 1.9999999999999998, 1.9999999999999998, 1.9999999999999998, 1.9999999999999998, 1.9999999999999998, 1.2, 1.2, 1.2, 1.9999999999999998, 1.2, 1.9999999999999998, 1.2, 1.9999999999999998]
T = 0.32768000000000014	 step = 231
73.59000000000003
12.606646839488633
[14.0, 15.0, 19.0, 10.0, 6.0, 6.0, 9.0, 5.0, 25.0, 16.0, 34.0, 13.0, 35.0, 33.0, 22.0, 4.0, 3.0, 4.0, 9.0, 4.0, 38.0, 12.0, 23.0, 19.0, 35.0, 2.0, 20.0, 32.0]
[10.0, 16.0, 7.0, 12.0, 20.0, 25.0, 7.0, 10.0, 6.0, 25.0, 10.0, 34.0, 25.0, 33.0, 30.0, 4.0, 14.0, 30.0, 16.0, 17.0, 36.0, 6.0, 14.0, 14.0, 19.0, 27.0, 18.0, 24.0]
[2.5, 2.5, 2.5, 2.5, 3.5, 2.5, 2.5, 2.5, 5.0, 5.0, 9.0, 9.0, 1.9999999999999998, 1.9999999999999998, 1.9999999999999998, 3.0, 3.0, 3.0, 3.0, 3.0, 1.9999999999999998, 1.9999999999999998, 1.9999999999999998, 1.2, 1.9999999999999998, 1.2, 1.9999999999999998, 1.2]
[3.5, 3.5, 3.5, 3.5, 2.5, 3.5, 3.5, 3.5, 5.0, 5.0, 9.0, 9.0, 3.0, 3.0, 3.0, 1.9999999999999998, 1.9999999999999998, 1.9999999999999998, 1.9999999999999998, 1.9999999999999998, 1.2, 1.2, 1.2, 1.9999999999999998, 1.2, 1.9999999999999998, 1.2, 1.9999999999999998]
T = 0.32768000000000014	 step = 232
73.60000000000002
12.597917258522726
[14.0, 15.0, 19.0, 10.0, 6.0, 6.0, 9.0, 5.0, 25.0, 16.0, 34.0, 13.0, 35.0, 33.0, 22.0, 4.0, 3.0, 4.0, 10.0, 4.0, 38.0, 12.0, 23.0, 19.0, 35.0, 2.0, 20.0, 32.0]
[10.0, 16.0, 7.0, 12.0, 20.0, 25.0, 7.0, 10.0, 6.0, 25.0, 10.0, 34.0, 25.0, 33.0, 30.0, 4.0, 14.0, 30.0, 16.0, 17.0, 36.0, 6.0, 14.0, 14.0, 19.0, 27.0, 18.0, 24.0]
[2.5, 2.5, 2.5, 2.5, 3.5, 2.5, 2.5, 2.5, 5.0, 5.0, 9.0, 9.0, 1.9999999999999998, 1.9999999999999998, 1.9999999999999998, 3.0, 3.0, 3.0, 3.0, 3.0, 1.9999999999999998, 1.9999999999999998, 1.9999999999999998, 1.2, 1.9999999999999998, 1.2, 1.9999999999999998, 1.2]
[3.5, 3.5, 3.5, 3.5, 2.5, 3.5, 3.5, 3.5, 5.0, 5.0, 9.0, 9.0, 3.0, 3.0, 3.0, 1.9999999999999998, 1.9999999999999998, 1.9999999999999998, 1.9999999999999998, 1.9999999999999998, 1.2, 1.2, 1.2, 1.9999999999999998, 1.2, 1.9999999999999998, 1.2, 1.9999999999999998]
T = 0.32768000000000014	 step = 233
73.59000000000003
12.613542258522726
[14.0, 15.0, 19.0, 10.0, 6.0, 6.0, 9.0, 5.0, 25.0, 16.0, 34.0, 13.0, 35.0, 33.0, 22.0, 4.0, 3.0, 4.0, 10.0, 4.0, 38.0, 12.0, 23.0, 19.0, 35.0, 2.0, 21.0, 32.0]
[10.0, 16.0, 7.0, 12.0, 20.0, 25.0, 7.0, 10.0, 6.0, 25.0, 10.0, 34.0, 25.0, 33.0, 30.0, 4.0, 14.0, 30.0, 16.0, 17.0, 36.0, 6.0, 14.0, 14.0, 19.0, 27.0, 18.0, 24.0]
[2.5, 2.5, 2.5, 2.5, 3.5, 2.5, 2.5, 2.5, 5.0, 5.0, 9.0, 9.0, 1.9999999999999998, 1.9999999999999998, 1.9999999999999998, 3.0, 3.0, 3.0, 3.0, 3.0, 1.9999999999999998, 1.9999999999999998, 1.9999999999999998, 1.2, 1.9999999999999998, 1.2, 1.9999999999999998, 1.2]
[3.5, 3.5, 3.5, 3.5, 2.5, 3.5, 3.5, 3.5, 5.0, 5.0, 9.0, 9.0, 3.0, 3.0, 3.0, 1.9999999999999998, 1.9999999999999998, 1.9999999999999998, 1.9999999999999998, 1.9999999999999998, 1.2, 1.2, 1.2, 1.9999999999999998, 1.2, 1.9999999999999998, 1.2, 1.9999999999999998]
T = 0.32768000000000014	 step = 234
73.59000000000003
13.16306729403409
[14.0, 15.0, 19.0, 10.0, 6.0, 6.0, 9.0, 5.0, 25.0, 16.0, 34.0, 13.0, 35.0, 33.0, 22.0, 4.0, 3.0, 4.0, 26.0, 4.0, 38.0, 12.0, 23.0, 19.0, 35.0, 2.0, 21.0, 32.0]
[10.0, 16.0, 7.0, 12.0, 20.0, 25.0, 7.0, 10.0, 6.0, 25.0, 10.0, 34.0, 25.0, 33.0, 30.0, 4.0, 14.0, 30.0, 30.0, 17.0, 36.0, 6.0, 14.0, 14.0, 19.0, 27.0, 18.0, 24.0]
[2.5, 2.5, 2.5, 2.5, 3.5, 2.5, 2.5, 2.5, 5.0, 5.0, 9.0, 9.0, 1.9999999999999998, 1.9999999999999998, 1.9999999999999998, 3.0, 3.0, 3.0, 3.0, 3.0, 1.9999999999999998, 1.9999999999999998, 1.9999999999999998, 1.2, 1.9999999999999998, 1.2, 1.9999999999999998, 1.2]
[3.5, 3.5, 3.5, 3.5, 2.5, 3.5, 3.5, 3.5, 5.0, 5.0, 9.0, 9.0, 3.0, 3.0, 3.0, 1.9999999999999998, 1.9999999999999998, 1.9999999999999998, 1.9999999999999998, 1.9999999999999998, 1.2, 1.2, 1.2, 1.9999999999999998, 1.2, 1.9999999999999998, 1.2, 1.9999999999999998]
T = 0.32768000000000014	 step = 235
73.68
13.022797407670453
[14.0, 15.0, 19.0, 10.0, 6.0, 6.0, 9.0, 5.0, 25.0, 16.0, 34.0, 13.0, 35.0, 33.0, 22.0, 4.0, 3.0, 4.0, 26.0, 4.0, 38.0, 12.0, 23.0, 19.0, 25.0, 2.0, 21.0, 32.0]
[10.0, 16.0, 7.0, 12.0, 20.0, 25.0, 7.0, 10.0, 6.0, 25.0, 10.0, 34.0, 25.0, 33.0, 30.0, 4.0, 14.0, 30.0, 30.0, 17.0, 36.0, 6.0, 14.0, 14.0, 20.0, 27.0, 18.0, 24.0]
[2.5, 2.5, 2.5, 2.5, 3.5, 2.5, 2.5, 2.5, 5.0, 5.0, 9.0, 9.0, 1.9999999999999998, 1.9999999999999998, 1.9999999999999998, 3.0, 3.0, 3.0, 3.0, 3.0, 1.9999999999999998, 1.9999999999999998, 1.9999999999999998, 1.2, 1.9999999999999998, 1.2, 1.9999999999999998, 1.2]
[3.5, 3.5, 3.5, 3.5, 2.5, 3.5, 3.5, 3.5, 5.0, 5.0, 9.0, 9.0, 3.0, 3.0, 3.0, 1.9999999999999998, 1.9999999999999998, 1.9999999999999998, 1.9999999999999998, 1.9999999999999998, 1.2, 1.2, 1.2, 1.9999999999999998, 1.2, 1.9999999999999998, 1.2, 1.9999999999999998]
T = 0.32768000000000014	 step = 236
73.68
13.007172407670453
[14.0, 15.0, 19.0, 10.0, 6.0, 6.0, 9.0, 5.0, 25.0, 16.0, 34.0, 13.0, 35.0, 33.0, 22.0, 4.0, 3.0, 4.0, 26.0, 4.0, 38.0, 13.0, 23.0, 19.0, 25.0, 2.0, 21.0, 32.0]
[10.0, 16.0, 7.0, 12.0, 20.0, 25.0, 7.0, 10.0, 6.0, 25.0, 10.0, 34.0, 25.0, 33.0, 30.0, 4.0, 14.0, 30.0, 30.0, 17.0, 36.0, 6.0, 14.0, 14.0, 20.0, 27.0, 18.0, 24.0]
[2.5, 2.5, 2.5, 2.5, 3.5, 2.5, 2.5, 2.5, 5.0, 5.0, 9.0, 9.0, 1.9999999999999998, 1.9999999999999998, 1.9999999999999998, 3.0, 3.0, 3.0, 3.0, 3.0, 1.9999999999999998, 1.9999999999999998, 1.9999999999999998, 1.2, 1.9999999999999998, 1.2, 1.9999999999999998, 1.2]
[3.5, 3.5, 3.5, 3.5, 2.5, 3.5, 3.5, 3.5, 5.0, 5.0, 9.0, 9.0, 3.0, 3.0, 3.0, 1.9999999999999998, 1.9999999999999998, 1.9999999999999998, 1.9999999999999998, 1.9999999999999998, 1.2, 1.2, 1.2, 1.9999999999999998, 1.2, 1.9999999999999998, 1.2, 1.9999999999999998]
T = 0.32768000000000014	 step = 237
73.83000000000004
12.97761896306818
[14.0, 15.0, 19.0, 10.0, 6.0, 6.0, 9.0, 5.0, 25.0, 16.0, 34.0, 13.0, 35.0, 33.0, 22.0, 4.0, 3.0, 4.0, 26.0, 11.0, 38.0, 13.0, 23.0, 19.0, 25.0, 2.0, 21.0, 32.0]
[10.0, 16.0, 7.0, 12.0, 20.0, 25.0, 7.0, 10.0, 6.0, 25.0, 10.0, 34.0, 25.0, 33.0, 30.0, 4.0, 14.0, 30.0, 30.0, 20.0, 36.0, 6.0, 14.0, 14.0, 20.0, 27.0, 18.0, 24.0]
[2.5, 2.5, 2.5, 2.5, 3.5, 2.5, 2.5, 2.5, 5.0, 5.0, 9.0, 9.0, 1.9999999999999998, 1.9999999999999998, 1.9999999999999998, 3.0, 3.0, 3.0, 3.0, 1.9999999999999998, 1.9999999999999998, 1.9999999999999998, 1.9999999999999998, 1.2, 1.9999999999999998, 1.2, 1.9999999999999998, 1.2]
[3.5, 3.5, 3.5, 3.5, 2.5, 3.5, 3.5, 3.5, 5.0, 5.0, 9.0, 9.0, 3.0, 3.0, 3.0, 1.9999999999999998, 1.9999999999999998, 1.9999999999999998, 1.9999999999999998, 3.0, 1.2, 1.2, 1.2, 1.9999999999999998, 1.2, 1.9999999999999998, 1.2, 1.9999999999999998]
T = 0.32768000000000014	 step = 238
73.85000000000002
13.235431463068181
[14.0, 15.0, 19.0, 10.0, 6.0, 6.0, 9.0, 5.0, 25.0, 16.0, 34.0, 13.0, 35.0, 33.0, 22.0, 4.0, 28.0, 4.0, 26.0, 11.0, 38.0, 13.0, 23.0, 19.0, 25.0, 2.0, 21.0, 32.0]
[10.0, 16.0, 7.0, 12.0, 20.0, 25.0, 7.0, 10.0, 6.0, 25.0, 10.0, 34.0, 25.0, 33.0, 30.0, 4.0, 34.0, 30.0, 30.0, 20.0, 36.0, 6.0, 14.0, 14.0, 20.0, 27.0, 18.0, 24.0]
[2.5, 2.5, 2.5, 2.5, 3.5, 2.5, 2.5, 2.5, 5.0, 5.0, 9.0, 9.0, 1.9999999999999998, 1.9999999999999998, 1.9999999999999998, 3.0, 1.9999999999999998, 3.0, 3.0, 1.9999999999999998, 1.9999999999999998, 1.9999999999999998, 1.9999999999999998, 1.2, 1.9999999999999998, 1.2, 1.9999999999999998, 1.2]
[3.5, 3.5, 3.5, 3.5, 2.5, 3.5, 3.5, 3.5, 5.0, 5.0, 9.0, 9.0, 3.0, 3.0, 3.0, 1.9999999999999998, 3.0, 1.9999999999999998, 1.9999999999999998, 3.0, 1.2, 1.2, 1.2, 1.9999999999999998, 1.2, 1.9999999999999998, 1.2, 1.9999999999999998]
T = 0.32768000000000014	 step = 239
73.85000000000002
13.235431463068181
[14.0, 15.0, 19.0, 10.0, 6.0, 6.0, 9.0, 5.0, 25.0, 16.0, 34.0, 13.0, 35.0, 33.0, 22.0, 4.0, 28.0, 4.0, 26.0, 11.0, 38.0, 13.0, 23.0, 19.0, 25.0, 2.0, 21.0, 32.0]
[10.0, 16.0, 7.0, 12.0, 20.0, 25.0, 7.0, 10.0, 6.0, 25.0, 10.0, 34.0, 24.0, 33.0, 30.0, 4.0, 34.0, 30.0, 30.0, 20.0, 36.0, 6.0, 14.0, 14.0, 20.0, 27.0, 18.0, 24.0]
[2.5, 2.5, 2.5, 2.5, 3.5, 2.5, 2.5, 2.5, 5.0, 5.0, 9.0, 9.0, 1.9999999999999998, 1.9999999999999998, 1.9999999999999998, 3.0, 1.9999999999999998, 3.0, 3.0, 1.9999999999999998, 1.9999999999999998, 1.9999999999999998, 1.9999999999999998, 1.2, 1.9999999999999998, 1.2, 1.9999999999999998, 1.2]
[3.5, 3.5, 3.5, 3.5, 2.5, 3.5, 3.5, 3.5, 5.0, 5.0, 9.0, 9.0, 3.0, 3.0, 3.0, 1.9999999999999998, 3.0, 1.9999999999999998, 1.9999999999999998, 3.0, 1.2, 1.2, 1.2, 1.9999999999999998, 1.2, 1.9999999999999998, 1.2, 1.9999999999999998]
T = 0.32768000000000014	 step = 240
73.79000000000002
13.219806463068181
[14.0, 15.0, 19.0, 10.0, 6.0, 6.0, 9.0, 5.0, 25.0, 16.0, 34.0, 13.0, 35.0, 33.0, 22.0, 4.0, 28.0, 4.0, 26.0, 11.0, 38.0, 13.0, 23.0, 19.0, 25.0, 2.0, 21.0, 32.0]
[10.0, 15.0, 7.0, 12.0, 20.0, 25.0, 7.0, 10.0, 6.0, 25.0, 10.0, 34.0, 24.0, 33.0, 30.0, 4.0, 34.0, 30.0, 30.0, 20.0, 36.0, 6.0, 14.0, 14.0, 20.0, 27.0, 18.0, 24.0]
[2.5, 2.5, 2.5, 2.5, 3.5, 2.5, 2.5, 2.5, 5.0, 5.0, 9.0, 9.0, 1.9999999999999998, 1.9999999999999998, 1.9999999999999998, 3.0, 1.9999999999999998, 3.0, 3.0, 1.9999999999999998, 1.9999999999999998, 1.9999999999999998, 1.9999999999999998, 1.2, 1.9999999999999998, 1.2, 1.9999999999999998, 1.2]
[3.5, 3.5, 3.5, 3.5, 2.5, 3.5, 3.5, 3.5, 5.0, 5.0, 9.0, 9.0, 3.0, 3.0, 3.0, 1.9999999999999998, 3.0, 1.9999999999999998, 1.9999999999999998, 3.0, 1.2, 1.2, 1.2, 1.9999999999999998, 1.2, 1.9999999999999998, 1.2, 1.9999999999999998]
T = 0.32768000000000014	 step = 241
73.80000000000001
13.18855646306818
[14.0, 15.0, 19.0, 10.0, 6.0, 6.0, 9.0, 5.0, 25.0, 16.0, 34.0, 13.0, 35.0, 33.0, 22.0, 4.0, 28.0, 4.0, 26.0, 11.0, 38.0, 13.0, 23.0, 19.0, 25.0, 2.0, 21.0, 32.0]
[10.0, 15.0, 7.0, 12.0, 20.0, 25.0, 7.0, 10.0, 6.0, 25.0, 10.0, 34.0, 24.0, 33.0, 30.0, 4.0, 34.0, 30.0, 29.0, 20.0, 36.0, 6.0, 14.0, 14.0, 20.0, 27.0, 18.0, 24.0]
[2.5, 2.5, 2.5, 2.5, 3.5, 2.5, 2.5, 2.5, 5.0, 5.0, 9.0, 9.0, 1.9999999999999998, 1.9999999999999998, 1.9999999999999998, 3.0, 1.9999999999999998, 3.0, 3.0, 1.9999999999999998, 1.9999999999999998, 1.9999999999999998, 1.9999999999999998, 1.2, 1.9999999999999998, 1.2, 1.9999999999999998, 1.2]
[3.5, 3.5, 3.5, 3.5, 2.5, 3.5, 3.5, 3.5, 5.0, 5.0, 9.0, 9.0, 3.0, 3.0, 3.0, 1.9999999999999998, 3.0, 1.9999999999999998, 1.9999999999999998, 3.0, 1.2, 1.2, 1.2, 1.9999999999999998, 1.2, 1.9999999999999998, 1.2, 1.9999999999999998]
T = 0.2621440000000001	 step = 242
73.81
13.194590731534088
[14.0, 15.0, 19.0, 10.0, 6.0, 6.0, 9.0, 5.0, 25.0, 16.0, 34.0, 13.0, 35.0, 33.0, 22.0, 4.0, 28.0, 4.0, 26.0, 11.0, 38.0, 13.0, 22.0, 19.0, 25.0, 2.0, 21.0, 32.0]
[10.0, 15.0, 7.0, 12.0, 20.0, 25.0, 7.0, 10.0, 6.0, 25.0, 10.0, 34.0, 24.0, 33.0, 30.0, 4.0, 34.0, 30.0, 29.0, 20.0, 36.0, 6.0, 14.0, 14.0, 20.0, 27.0, 18.0, 24.0]
[2.5, 2.5, 2.5, 2.5, 3.5, 2.5, 2.5, 2.5, 5.0, 5.0, 9.0, 9.0, 1.9999999999999998, 1.9999999999999998, 1.9999999999999998, 3.0, 1.9999999999999998, 3.0, 3.0, 1.9999999999999998, 1.9999999999999998, 1.9999999999999998, 1.9999999999999998, 1.2, 1.9999999999999998, 1.2, 1.9999999999999998, 1.2]
[3.5, 3.5, 3.5, 3.5, 2.5, 3.5, 3.5, 3.5, 5.0, 5.0, 9.0, 9.0, 3.0, 3.0, 3.0, 1.9999999999999998, 3.0, 1.9999999999999998, 1.9999999999999998, 3.0, 1.2, 1.2, 1.2, 1.9999999999999998, 1.2, 1.9999999999999998, 1.2, 1.9999999999999998]
T = 0.2621440000000001	 step = 243
73.76000000000005
13.382930575284087
[14.0, 15.0, 19.0, 10.0, 6.0, 6.0, 9.0, 5.0, 25.0, 17.0, 34.0, 13.0, 35.0, 33.0, 22.0, 4.0, 28.0, 4.0, 26.0, 11.0, 38.0, 13.0, 22.0, 19.0, 25.0, 2.0, 21.0, 32.0]
[10.0, 15.0, 7.0, 12.0, 20.0, 25.0, 7.0, 10.0, 6.0, 25.0, 10.0, 34.0, 24.0, 33.0, 30.0, 4.0, 34.0, 30.0, 29.0, 20.0, 36.0, 6.0, 14.0, 14.0, 20.0, 27.0, 18.0, 24.0]
[2.5, 2.5, 2.5, 2.5, 3.5, 2.5, 2.5, 2.5, 5.0, 5.0, 9.0, 9.0, 1.9999999999999998, 1.9999999999999998, 1.9999999999999998, 3.0, 1.9999999999999998, 3.0, 3.0, 1.9999999999999998, 1.9999999999999998, 1.9999999999999998, 1.9999999999999998, 1.2, 1.9999999999999998, 1.2, 1.9999999999999998, 1.2]
[3.5, 3.5, 3.5, 3.5, 2.5, 3.5, 3.5, 3.5, 5.0, 5.0, 9.0, 9.0, 3.0, 3.0, 3.0, 1.9999999999999998, 3.0, 1.9999999999999998, 1.9999999999999998, 3.0, 1.2, 1.2, 1.2, 1.9999999999999998, 1.2, 1.9999999999999998, 1.2, 1.9999999999999998]
T = 0.2621440000000001	 step = 244
73.76000000000005
13.351751598011361
[14.0, 15.0, 19.0, 10.0, 6.0, 6.0, 9.0, 5.0, 25.0, 17.0, 34.0, 13.0, 35.0, 33.0, 22.0, 5.0, 28.0, 4.0, 26.0, 11.0, 38.0, 13.0, 22.0, 19.0, 25.0, 2.0, 21.0, 32.0]
[10.0, 15.0, 7.0, 12.0, 20.0, 25.0, 7.0, 10.0, 6.0, 25.0, 10.0, 34.0, 24.0, 33.0, 30.0, 4.0, 34.0, 30.0, 29.0, 20.0, 36.0, 6.0, 14.0, 14.0, 20.0, 27.0, 18.0, 24.0]
[2.5, 2.5, 2.5, 2.5, 3.5, 2.5, 2.5, 2.5, 5.0, 5.0, 9.0, 9.0, 1.9999999999999998, 1.9999999999999998, 1.9999999999999998, 3.0, 1.9999999999999998, 3.0, 3.0, 1.9999999999999998, 1.9999999999999998, 1.9999999999999998, 1.9999999999999998, 1.2, 1.9999999999999998, 1.2, 1.9999999999999998, 1.2]
[3.5, 3.5, 3.5, 3.5, 2.5, 3.5, 3.5, 3.5, 5.0, 5.0, 9.0, 9.0, 3.0, 3.0, 3.0, 1.9999999999999998, 3.0, 1.9999999999999998, 1.9999999999999998, 3.0, 1.2, 1.2, 1.2, 1.9999999999999998, 1.2, 1.9999999999999998, 1.2, 1.9999999999999998]
T = 0.2621440000000001	 step = 245
73.76000000000005
13.367376598011361
[14.0, 15.0, 19.0, 10.0, 6.0, 6.0, 9.0, 5.0, 25.0, 17.0, 34.0, 13.0, 35.0, 33.0, 22.0, 5.0, 28.0, 4.0, 26.0, 11.0, 38.0, 13.0, 22.0, 19.0, 25.0, 2.0, 21.0, 32.0]
[10.0, 15.0, 7.0, 12.0, 20.0, 25.0, 7.0, 10.0, 6.0, 25.0, 10.0, 34.0, 24.0, 33.0, 30.0, 4.0, 34.0, 30.0, 29.0, 20.0, 36.0, 6.0, 14.0, 14.0, 20.0, 26.0, 18.0, 24.0]
[2.5, 2.5, 2.5, 2.5, 3.5, 2.5, 2.5, 2.5, 5.0, 5.0, 9.0, 9.0, 1.9999999999999998, 1.9999999999999998, 1.9999999999999998, 3.0, 1.9999999999999998, 3.0, 3.0, 1.9999999999999998, 1.9999999999999998, 1.9999999999999998, 1.9999999999999998, 1.2, 1.9999999999999998, 1.2, 1.9999999999999998, 1.2]
[3.5, 3.5, 3.5, 3.5, 2.5, 3.5, 3.5, 3.5, 5.0, 5.0, 9.0, 9.0, 3.0, 3.0, 3.0, 1.9999999999999998, 3.0, 1.9999999999999998, 1.9999999999999998, 3.0, 1.2, 1.2, 1.2, 1.9999999999999998, 1.2, 1.9999999999999998, 1.2, 1.9999999999999998]
T = 0.2621440000000001	 step = 246
73.75
13.398555575284087
[14.0, 15.0, 19.0, 10.0, 6.0, 6.0, 9.0, 5.0, 25.0, 17.0, 34.0, 13.0, 35.0, 33.0, 22.0, 5.0, 28.0, 4.0, 26.0, 11.0, 38.0, 13.0, 22.0, 19.0, 25.0, 2.0, 21.0, 32.0]
[10.0, 15.0, 7.0, 12.0, 20.0, 25.0, 7.0, 10.0, 6.0, 25.0, 10.0, 34.0, 24.0, 33.0, 30.0, 3.0, 34.0, 30.0, 29.0, 20.0, 36.0, 6.0, 14.0, 14.0, 20.0, 26.0, 18.0, 24.0]
[2.5, 2.5, 2.5, 2.5, 3.5, 2.5, 2.5, 2.5, 5.0, 5.0, 9.0, 9.0, 1.9999999999999998, 1.9999999999999998, 1.9999999999999998, 3.0, 1.9999999999999998, 3.0, 3.0, 1.9999999999999998, 1.9999999999999998, 1.9999999999999998, 1.9999999999999998, 1.2, 1.9999999999999998, 1.2, 1.9999999999999998, 1.2]
[3.5, 3.5, 3.5, 3.5, 2.5, 3.5, 3.5, 3.5, 5.0, 5.0, 9.0, 9.0, 3.0, 3.0, 3.0, 1.9999999999999998, 3.0, 1.9999999999999998, 1.9999999999999998, 3.0, 1.2, 1.2, 1.2, 1.9999999999999998, 1.2, 1.9999999999999998, 1.2, 1.9999999999999998]
T = 0.2621440000000001	 step = 247
73.74000000000001
13.42980557528409
[14.0, 15.0, 19.0, 10.0, 6.0, 6.0, 9.0, 5.0, 25.0, 17.0, 34.0, 13.0, 35.0, 33.0, 22.0, 5.0, 28.0, 4.0, 26.0, 11.0, 38.0, 13.0, 22.0, 19.0, 25.0, 2.0, 21.0, 32.0]
[10.0, 15.0, 7.0, 12.0, 20.0, 25.0, 7.0, 10.0, 6.0, 25.0, 10.0, 34.0, 24.0, 33.0, 31.0, 3.0, 34.0, 30.0, 29.0, 20.0, 36.0, 6.0, 14.0, 14.0, 20.0, 26.0, 18.0, 24.0]
[2.5, 2.5, 2.5, 2.5, 3.5, 2.5, 2.5, 2.5, 5.0, 5.0, 9.0, 9.0, 1.9999999999999998, 1.9999999999999998, 1.9999999999999998, 3.0, 1.9999999999999998, 3.0, 3.0, 1.9999999999999998, 1.9999999999999998, 1.9999999999999998, 1.9999999999999998, 1.2, 1.9999999999999998, 1.2, 1.9999999999999998, 1.2]
[3.5, 3.5, 3.5, 3.5, 2.5, 3.5, 3.5, 3.5, 5.0, 5.0, 9.0, 9.0, 3.0, 3.0, 3.0, 1.9999999999999998, 3.0, 1.9999999999999998, 1.9999999999999998, 3.0, 1.2, 1.2, 1.2, 1.9999999999999998, 1.2, 1.9999999999999998, 1.2, 1.9999999999999998]
T = 0.2621440000000001	 step = 248
73.75
13.438052201704544
[14.0, 15.0, 19.0, 10.0, 6.0, 6.0, 9.0, 5.0, 25.0, 17.0, 34.0, 13.0, 35.0, 33.0, 22.0, 5.0, 28.0, 5.0, 26.0, 11.0, 38.0, 13.0, 22.0, 19.0, 25.0, 2.0, 21.0, 32.0]
[10.0, 15.0, 7.0, 12.0, 20.0, 25.0, 7.0, 10.0, 6.0, 25.0, 10.0, 34.0, 24.0, 33.0, 31.0, 3.0, 34.0, 30.0, 29.0, 20.0, 36.0, 6.0, 14.0, 14.0, 20.0, 26.0, 18.0, 24.0]
[2.5, 2.5, 2.5, 2.5, 3.5, 2.5, 2.5, 2.5, 5.0, 5.0, 9.0, 9.0, 1.9999999999999998, 1.9999999999999998, 1.9999999999999998, 3.0, 1.9999999999999998, 3.0, 3.0, 1.9999999999999998, 1.9999999999999998, 1.9999999999999998, 1.9999999999999998, 1.2, 1.9999999999999998, 1.2, 1.9999999999999998, 1.2]
[3.5, 3.5, 3.5, 3.5, 2.5, 3.5, 3.5, 3.5, 5.0, 5.0, 9.0, 9.0, 3.0, 3.0, 3.0, 1.9999999999999998, 3.0, 1.9999999999999998, 1.9999999999999998, 3.0, 1.2, 1.2, 1.2, 1.9999999999999998, 1.2, 1.9999999999999998, 1.2, 1.9999999999999998]
T = 0.2621440000000001	 step = 249
73.80000000000001
13.249712357954543
[14.0, 15.0, 19.0, 10.0, 6.0, 6.0, 9.0, 5.0, 25.0, 16.0, 34.0, 13.0, 35.0, 33.0, 22.0, 5.0, 28.0, 5.0, 26.0, 11.0, 38.0, 13.0, 22.0, 19.0, 25.0, 2.0, 21.0, 32.0]
[10.0, 15.0, 7.0, 12.0, 20.0, 25.0, 7.0, 10.0, 6.0, 25.0, 10.0, 34.0, 24.0, 33.0, 31.0, 3.0, 34.0, 30.0, 29.0, 20.0, 36.0, 6.0, 14.0, 14.0, 20.0, 26.0, 18.0, 24.0]
[2.5, 2.5, 2.5, 2.5, 3.5, 2.5, 2.5, 2.5, 5.0, 5.0, 9.0, 9.0, 1.9999999999999998, 1.9999999999999998, 1.9999999999999998, 3.0, 1.9999999999999998, 3.0, 3.0, 1.9999999999999998, 1.9999999999999998, 1.9999999999999998, 1.9999999999999998, 1.2, 1.9999999999999998, 1.2, 1.9999999999999998, 1.2]
[3.5, 3.5, 3.5, 3.5, 2.5, 3.5, 3.5, 3.5, 5.0, 5.0, 9.0, 9.0, 3.0, 3.0, 3.0, 1.9999999999999998, 3.0, 1.9999999999999998, 1.9999999999999998, 3.0, 1.2, 1.2, 1.2, 1.9999999999999998, 1.2, 1.9999999999999998, 1.2, 1.9999999999999998]
T = 0.2621440000000001	 step = 250
73.81
13.234087357954543
[14.0, 15.0, 19.0, 10.0, 6.0, 6.0, 9.0, 5.0, 25.0, 16.0, 34.0, 13.0, 35.0, 33.0, 22.0, 5.0, 28.0, 5.0, 26.0, 11.0, 38.0, 14.0, 22.0, 19.0, 25.0, 2.0, 21.0, 32.0]
[10.0, 15.0, 7.0, 12.0, 20.0, 25.0, 7.0, 10.0, 6.0, 25.0, 10.0, 34.0, 24.0, 33.0, 31.0, 3.0, 34.0, 30.0, 29.0, 20.0, 36.0, 6.0, 14.0, 14.0, 20.0, 26.0, 18.0, 24.0]
[2.5, 2.5, 2.5, 2.5, 3.5, 2.5, 2.5, 2.5, 5.0, 5.0, 9.0, 9.0, 1.9999999999999998, 1.9999999999999998, 1.9999999999999998, 3.0, 1.9999999999999998, 3.0, 3.0, 1.9999999999999998, 1.9999999999999998, 1.9999999999999998, 1.9999999999999998, 1.2, 1.9999999999999998, 1.2, 1.9999999999999998, 1.2]
[3.5, 3.5, 3.5, 3.5, 2.5, 3.5, 3.5, 3.5, 5.0, 5.0, 9.0, 9.0, 3.0, 3.0, 3.0, 1.9999999999999998, 3.0, 1.9999999999999998, 1.9999999999999998, 3.0, 1.2, 1.2, 1.2, 1.9999999999999998, 1.2, 1.9999999999999998, 1.2, 1.9999999999999998]
T = 0.2621440000000001	 step = 251
73.79000000000002
13.265337357954541
[14.0, 15.0, 19.0, 10.0, 6.0, 6.0, 9.0, 5.0, 25.0, 16.0, 34.0, 13.0, 35.0, 33.0, 22.0, 5.0, 28.0, 5.0, 26.0, 11.0, 38.0, 14.0, 22.0, 19.0, 25.0, 2.0, 21.0, 32.0]
[10.0, 15.0, 7.0, 12.0, 20.0, 25.0, 7.0, 10.0, 6.0, 25.0, 10.0, 34.0, 24.0, 33.0, 31.0, 3.0, 34.0, 30.0, 30.0, 20.0, 36.0, 6.0, 14.0, 14.0, 20.0, 26.0, 18.0, 24.0]
[2.5, 2.5, 2.5, 2.5, 3.5, 2.5, 2.5, 2.5, 5.0, 5.0, 9.0, 9.0, 1.9999999999999998, 1.9999999999999998, 1.9999999999999998, 3.0, 1.9999999999999998, 3.0, 3.0, 1.9999999999999998, 1.9999999999999998, 1.9999999999999998, 1.9999999999999998, 1.2, 1.9999999999999998, 1.2, 1.9999999999999998, 1.2]
[3.5, 3.5, 3.5, 3.5, 2.5, 3.5, 3.5, 3.5, 5.0, 5.0, 9.0, 9.0, 3.0, 3.0, 3.0, 1.9999999999999998, 3.0, 1.9999999999999998, 1.9999999999999998, 3.0, 1.2, 1.2, 1.2, 1.9999999999999998, 1.2, 1.9999999999999998, 1.2, 1.9999999999999998]
T = 0.2621440000000001	 step = 252
73.80000000000001
13.249712357954541
[14.0, 15.0, 19.0, 10.0, 6.0, 6.0, 9.0, 5.0, 25.0, 16.0, 34.0, 13.0, 35.0, 33.0, 22.0, 5.0, 28.0, 5.0, 26.0, 11.0, 37.0, 14.0, 22.0, 19.0, 25.0, 2.0, 21.0, 32.0]
[10.0, 15.0, 7.0, 12.0, 20.0, 25.0, 7.0, 10.0, 6.0, 25.0, 10.0, 34.0, 24.0, 33.0, 31.0, 3.0, 34.0, 30.0, 30.0, 20.0, 36.0, 6.0, 14.0, 14.0, 20.0, 26.0, 18.0, 24.0]
[2.5, 2.5, 2.5, 2.5, 3.5, 2.5, 2.5, 2.5, 5.0, 5.0, 9.0, 9.0, 1.9999999999999998, 1.9999999999999998, 1.9999999999999998, 3.0, 1.9999999999999998, 3.0, 3.0, 1.9999999999999998, 1.9999999999999998, 1.9999999999999998, 1.9999999999999998, 1.2, 1.9999999999999998, 1.2, 1.9999999999999998, 1.2]
[3.5, 3.5, 3.5, 3.5, 2.5, 3.5, 3.5, 3.5, 5.0, 5.0, 9.0, 9.0, 3.0, 3.0, 3.0, 1.9999999999999998, 3.0, 1.9999999999999998, 1.9999999999999998, 3.0, 1.2, 1.2, 1.2, 1.9999999999999998, 1.2, 1.9999999999999998, 1.2, 1.9999999999999998]
T = 0.2621440000000001	 step = 253
73.81
13.234087357954543
[14.0, 15.0, 18.0, 10.0, 6.0, 6.0, 9.0, 5.0, 25.0, 16.0, 34.0, 13.0, 35.0, 33.0, 22.0, 5.0, 28.0, 5.0, 26.0, 11.0, 37.0, 14.0, 22.0, 19.0, 25.0, 2.0, 21.0, 32.0]
[10.0, 15.0, 7.0, 12.0, 20.0, 25.0, 7.0, 10.0, 6.0, 25.0, 10.0, 34.0, 24.0, 33.0, 31.0, 3.0, 34.0, 30.0, 30.0, 20.0, 36.0, 6.0, 14.0, 14.0, 20.0, 26.0, 18.0, 24.0]
[2.5, 2.5, 2.5, 2.5, 3.5, 2.5, 2.5, 2.5, 5.0, 5.0, 9.0, 9.0, 1.9999999999999998, 1.9999999999999998, 1.9999999999999998, 3.0, 1.9999999999999998, 3.0, 3.0, 1.9999999999999998, 1.9999999999999998, 1.9999999999999998, 1.9999999999999998, 1.2, 1.9999999999999998, 1.2, 1.9999999999999998, 1.2]
[3.5, 3.5, 3.5, 3.5, 2.5, 3.5, 3.5, 3.5, 5.0, 5.0, 9.0, 9.0, 3.0, 3.0, 3.0, 1.9999999999999998, 3.0, 1.9999999999999998, 1.9999999999999998, 3.0, 1.2, 1.2, 1.2, 1.9999999999999998, 1.2, 1.9999999999999998, 1.2, 1.9999999999999998]
T = 0.2621440000000001	 step = 254
73.83000000000004
13.212428089488634
[14.0, 15.0, 18.0, 10.0, 6.0, 6.0, 9.0, 5.0, 25.0, 16.0, 34.0, 13.0, 35.0, 33.0, 21.0, 5.0, 28.0, 5.0, 26.0, 11.0, 37.0, 14.0, 22.0, 19.0, 25.0, 2.0, 21.0, 32.0]
[10.0, 15.0, 7.0, 12.0, 20.0, 25.0, 7.0, 10.0, 6.0, 25.0, 10.0, 34.0, 24.0, 33.0, 31.0, 3.0, 34.0, 30.0, 30.0, 20.0, 36.0, 6.0, 14.0, 14.0, 20.0, 26.0, 18.0, 24.0]
[2.5, 2.5, 2.5, 2.5, 3.5, 2.5, 2.5, 2.5, 5.0, 5.0, 9.0, 9.0, 1.9999999999999998, 1.9999999999999998, 1.9999999999999998, 3.0, 1.9999999999999998, 3.0, 3.0, 1.9999999999999998, 1.9999999999999998, 1.9999999999999998, 1.9999999999999998, 1.2, 1.9999999999999998, 1.2, 1.9999999999999998, 1.2]
[3.5, 3.5, 3.5, 3.5, 2.5, 3.5, 3.5, 3.5, 5.0, 5.0, 9.0, 9.0, 3.0, 3.0, 3.0, 1.9999999999999998, 3.0, 1.9999999999999998, 1.9999999999999998, 3.0, 1.2, 1.2, 1.2, 1.9999999999999998, 1.2, 1.9999999999999998, 1.2, 1.9999999999999998]
T = 0.2621440000000001	 step = 255
73.87
13.196803089488634
[14.0, 15.0, 18.0, 10.0, 6.0, 6.0, 9.0, 5.0, 25.0, 16.0, 34.0, 13.0, 35.0, 33.0, 21.0, 5.0, 28.0, 5.0, 26.0, 11.0, 37.0, 14.0, 22.0, 19.0, 25.0, 2.0, 21.0, 32.0]
[10.0, 15.0, 7.0, 13.0, 20.0, 25.0, 7.0, 10.0, 6.0, 25.0, 10.0, 34.0, 24.0, 33.0, 31.0, 3.0, 34.0, 30.0, 30.0, 20.0, 36.0, 6.0, 14.0, 14.0, 20.0, 26.0, 18.0, 24.0]
[2.5, 2.5, 2.5, 2.5, 3.5, 2.5, 2.5, 2.5, 5.0, 5.0, 9.0, 9.0, 1.9999999999999998, 1.9999999999999998, 1.9999999999999998, 3.0, 1.9999999999999998, 3.0, 3.0, 1.9999999999999998, 1.9999999999999998, 1.9999999999999998, 1.9999999999999998, 1.2, 1.9999999999999998, 1.2, 1.9999999999999998, 1.2]
[3.5, 3.5, 3.5, 3.5, 2.5, 3.5, 3.5, 3.5, 5.0, 5.0, 9.0, 9.0, 3.0, 3.0, 3.0, 1.9999999999999998, 3.0, 1.9999999999999998, 1.9999999999999998, 3.0, 1.2, 1.2, 1.2, 1.9999999999999998, 1.2, 1.9999999999999998, 1.2, 1.9999999999999998]
T = 0.2621440000000001	 step = 256
73.88
13.165553089488634
[14.0, 15.0, 18.0, 10.0, 6.0, 6.0, 9.0, 5.0, 25.0, 16.0, 34.0, 13.0, 35.0, 33.0, 21.0, 5.0, 27.0, 5.0, 26.0, 11.0, 37.0, 14.0, 22.0, 19.0, 25.0, 2.0, 21.0, 32.0]
[10.0, 15.0, 7.0, 13.0, 20.0, 25.0, 7.0, 10.0, 6.0, 25.0, 10.0, 34.0, 24.0, 33.0, 31.0, 3.0, 34.0, 30.0, 30.0, 20.0, 36.0, 6.0, 14.0, 14.0, 20.0, 26.0, 18.0, 24.0]
[2.5, 2.5, 2.5, 2.5, 3.5, 2.5, 2.5, 2.5, 5.0, 5.0, 9.0, 9.0, 1.9999999999999998, 1.9999999999999998, 1.9999999999999998, 3.0, 1.9999999999999998, 3.0, 3.0, 1.9999999999999998, 1.9999999999999998, 1.9999999999999998, 1.9999999999999998, 1.2, 1.9999999999999998, 1.2, 1.9999999999999998, 1.2]
[3.5, 3.5, 3.5, 3.5, 2.5, 3.5, 3.5, 3.5, 5.0, 5.0, 9.0, 9.0, 3.0, 3.0, 3.0, 1.9999999999999998, 3.0, 1.9999999999999998, 1.9999999999999998, 3.0, 1.2, 1.2, 1.2, 1.9999999999999998, 1.2, 1.9999999999999998, 1.2, 1.9999999999999998]
T = 0.2621440000000001	 step = 257
73.89000000000004
13.253481889204544
[14.0, 15.0, 18.0, 10.0, 6.0, 6.0, 9.0, 5.0, 25.0, 16.0, 34.0, 13.0, 35.0, 33.0, 21.0, 5.0, 27.0, 5.0, 26.0, 11.0, 37.0, 14.0, 22.0, 19.0, 25.0, 2.0, 21.0, 32.0]
[10.0, 15.0, 7.0, 13.0, 20.0, 25.0, 7.0, 10.0, 6.0, 25.0, 11.0, 34.0, 24.0, 33.0, 31.0, 3.0, 34.0, 30.0, 30.0, 20.0, 36.0, 6.0, 14.0, 14.0, 20.0, 26.0, 18.0, 24.0]
[2.5, 2.5, 2.5, 2.5, 3.5, 2.5, 2.5, 2.5, 5.0, 5.0, 9.0, 9.0, 1.9999999999999998, 1.9999999999999998, 1.9999999999999998, 3.0, 1.9999999999999998, 3.0, 3.0, 1.9999999999999998, 1.9999999999999998, 1.9999999999999998, 1.9999999999999998, 1.2, 1.9999999999999998, 1.2, 1.9999999999999998, 1.2]
[3.5, 3.5, 3.5, 3.5, 2.5, 3.5, 3.5, 3.5, 5.0, 5.0, 9.0, 9.0, 3.0, 3.0, 3.0, 1.9999999999999998, 3.0, 1.9999999999999998, 1.9999999999999998, 3.0, 1.2, 1.2, 1.2, 1.9999999999999998, 1.2, 1.9999999999999998, 1.2, 1.9999999999999998]
T = 0.2621440000000001	 step = 258
73.88
13.165553089488634
[14.0, 15.0, 18.0, 10.0, 6.0, 6.0, 9.0, 5.0, 25.0, 16.0, 34.0, 13.0, 35.0, 33.0, 21.0, 5.0, 27.0, 5.0, 26.0, 11.0, 37.0, 14.0, 22.0, 19.0, 25.0, 2.0, 21.0, 32.0]
[10.0, 15.0, 7.0, 13.0, 20.0, 25.0, 7.0, 10.0, 6.0, 25.0, 10.0, 34.0, 24.0, 33.0, 31.0, 3.0, 34.0, 30.0, 30.0, 20.0, 36.0, 6.0, 14.0, 14.0, 20.0, 26.0, 18.0, 24.0]
[2.5, 2.5, 2.5, 2.5, 3.5, 2.5, 2.5, 2.5, 5.0, 5.0, 9.0, 9.0, 1.9999999999999998, 1.9999999999999998, 1.9999999999999998, 3.0, 1.9999999999999998, 3.0, 3.0, 1.9999999999999998, 1.9999999999999998, 1.9999999999999998, 1.9999999999999998, 1.2, 1.9999999999999998, 1.2, 1.9999999999999998, 1.2]
[3.5, 3.5, 3.5, 3.5, 2.5, 3.5, 3.5, 3.5, 5.0, 5.0, 9.0, 9.0, 3.0, 3.0, 3.0, 1.9999999999999998, 3.0, 1.9999999999999998, 1.9999999999999998, 3.0, 1.2, 1.2, 1.2, 1.9999999999999998, 1.2, 1.9999999999999998, 1.2, 1.9999999999999998]
T = 0.2621440000000001	 step = 259
73.57000000000005
14.190423473011363
[14.0, 31.0, 18.0, 10.0, 6.0, 6.0, 9.0, 5.0, 25.0, 16.0, 34.0, 13.0, 35.0, 33.0, 21.0, 5.0, 27.0, 5.0, 26.0, 11.0, 37.0, 14.0, 22.0, 19.0, 25.0, 2.0, 21.0, 32.0]
[10.0, 17.0, 7.0, 13.0, 20.0, 25.0, 7.0, 10.0, 6.0, 25.0, 10.0, 34.0, 24.0, 33.0, 31.0, 3.0, 34.0, 30.0, 30.0, 20.0, 36.0, 6.0, 14.0, 14.0, 20.0, 26.0, 18.0, 24.0]
[2.5, 3.5, 2.5, 2.5, 3.5, 2.5, 2.5, 2.5, 5.0, 5.0, 9.0, 9.0, 1.9999999999999998, 1.9999999999999998, 1.9999999999999998, 3.0, 1.9999999999999998, 3.0, 3.0, 1.9999999999999998, 1.9999999999999998, 1.9999999999999998, 1.9999999999999998, 1.2, 1.9999999999999998, 1.2, 1.9999999999999998, 1.2]
[3.5, 2.5, 3.5, 3.5, 2.5, 3.5, 3.5, 3.5, 5.0, 5.0, 9.0, 9.0, 3.0, 3.0, 3.0, 1.9999999999999998, 3.0, 1.9999999999999998, 1.9999999999999998, 3.0, 1.2, 1.2, 1.2, 1.9999999999999998, 1.2, 1.9999999999999998, 1.2, 1.9999999999999998]
T = 0.2621440000000001	 step = 260
73.57000000000005
14.174798473011363
[14.0, 31.0, 18.0, 10.0, 6.0, 6.0, 9.0, 5.0, 25.0, 16.0, 34.0, 13.0, 35.0, 33.0, 21.0, 5.0, 27.0, 5.0, 26.0, 11.0, 37.0, 14.0, 22.0, 19.0, 25.0, 2.0, 21.0, 32.0]
[10.0, 17.0, 7.0, 13.0, 20.0, 25.0, 7.0, 10.0, 6.0, 25.0, 10.0, 34.0, 24.0, 33.0, 31.0, 3.0, 34.0, 30.0, 30.0, 20.0, 35.0, 6.0, 14.0, 14.0, 20.0, 26.0, 18.0, 24.0]
[2.5, 3.5, 2.5, 2.5, 3.5, 2.5, 2.5, 2.5, 5.0, 5.0, 9.0, 9.0, 1.9999999999999998, 1.9999999999999998, 1.9999999999999998, 3.0, 1.9999999999999998, 3.0, 3.0, 1.9999999999999998, 1.9999999999999998, 1.9999999999999998, 1.9999999999999998, 1.2, 1.9999999999999998, 1.2, 1.9999999999999998, 1.2]
[3.5, 2.5, 3.5, 3.5, 2.5, 3.5, 3.5, 3.5, 5.0, 5.0, 9.0, 9.0, 3.0, 3.0, 3.0, 1.9999999999999998, 3.0, 1.9999999999999998, 1.9999999999999998, 3.0, 1.2, 1.2, 1.2, 1.9999999999999998, 1.2, 1.9999999999999998, 1.2, 1.9999999999999998]
T = 0.2621440000000001	 step = 261
73.56
14.190423473011363
[14.0, 31.0, 18.0, 10.0, 6.0, 6.0, 9.0, 5.0, 25.0, 16.0, 34.0, 13.0, 35.0, 33.0, 21.0, 5.0, 27.0, 5.0, 26.0, 11.0, 37.0, 14.0, 22.0, 19.0, 25.0, 2.0, 21.0, 32.0]
[10.0, 17.0, 7.0, 13.0, 20.0, 25.0, 7.0, 10.0, 6.0, 25.0, 10.0, 34.0, 24.0, 33.0, 31.0, 3.0, 34.0, 30.0, 30.0, 20.0, 35.0, 6.0, 14.0, 14.0, 20.0, 26.0, 17.0, 24.0]
[2.5, 3.5, 2.5, 2.5, 3.5, 2.5, 2.5, 2.5, 5.0, 5.0, 9.0, 9.0, 1.9999999999999998, 1.9999999999999998, 1.9999999999999998, 3.0, 1.9999999999999998, 3.0, 3.0, 1.9999999999999998, 1.9999999999999998, 1.9999999999999998, 1.9999999999999998, 1.2, 1.9999999999999998, 1.2, 1.9999999999999998, 1.2]
[3.5, 2.5, 3.5, 3.5, 2.5, 3.5, 3.5, 3.5, 5.0, 5.0, 9.0, 9.0, 3.0, 3.0, 3.0, 1.9999999999999998, 3.0, 1.9999999999999998, 1.9999999999999998, 3.0, 1.2, 1.2, 1.2, 1.9999999999999998, 1.2, 1.9999999999999998, 1.2, 1.9999999999999998]
T = 0.2621440000000001	 step = 262
73.63
13.90970880681818
[14.0, 31.0, 18.0, 10.0, 6.0, 6.0, 9.0, 5.0, 25.0, 16.0, 34.0, 13.0, 35.0, 33.0, 21.0, 4.0, 27.0, 5.0, 26.0, 11.0, 37.0, 14.0, 22.0, 19.0, 25.0, 2.0, 21.0, 32.0]
[10.0, 17.0, 7.0, 13.0, 20.0, 25.0, 7.0, 10.0, 6.0, 25.0, 10.0, 34.0, 24.0, 33.0, 31.0, 14.0, 34.0, 30.0, 30.0, 20.0, 35.0, 6.0, 14.0, 14.0, 20.0, 26.0, 17.0, 24.0]
[2.5, 3.5, 2.5, 2.5, 3.5, 2.5, 2.5, 2.5, 5.0, 5.0, 9.0, 9.0, 1.9999999999999998, 1.9999999999999998, 1.9999999999999998, 3.0, 1.9999999999999998, 3.0, 3.0, 1.9999999999999998, 1.9999999999999998, 1.9999999999999998, 1.9999999999999998, 1.2, 1.9999999999999998, 1.2, 1.9999999999999998, 1.2]
[3.5, 2.5, 3.5, 3.5, 2.5, 3.5, 3.5, 3.5, 5.0, 5.0, 9.0, 9.0, 3.0, 3.0, 3.0, 1.9999999999999998, 3.0, 1.9999999999999998, 1.9999999999999998, 3.0, 1.2, 1.2, 1.2, 1.9999999999999998, 1.2, 1.9999999999999998, 1.2, 1.9999999999999998]
T = 0.2621440000000001	 step = 263
73.64000000000004
13.925333806818179
[14.0, 31.0, 18.0, 10.0, 6.0, 6.0, 9.0, 5.0, 25.0, 16.0, 34.0, 13.0, 35.0, 33.0, 21.0, 4.0, 27.0, 5.0, 26.0, 11.0, 37.0, 14.0, 22.0, 19.0, 25.0, 2.0, 21.0, 32.0]
[10.0, 18.0, 7.0, 13.0, 20.0, 25.0, 7.0, 10.0, 6.0, 25.0, 10.0, 34.0, 24.0, 33.0, 31.0, 14.0, 34.0, 30.0, 30.0, 20.0, 35.0, 6.0, 14.0, 14.0, 20.0, 26.0, 17.0, 24.0]
[2.5, 3.5, 2.5, 2.5, 3.5, 2.5, 2.5, 2.5, 5.0, 5.0, 9.0, 9.0, 1.9999999999999998, 1.9999999999999998, 1.9999999999999998, 3.0, 1.9999999999999998, 3.0, 3.0, 1.9999999999999998, 1.9999999999999998, 1.9999999999999998, 1.9999999999999998, 1.2, 1.9999999999999998, 1.2, 1.9999999999999998, 1.2]
[3.5, 2.5, 3.5, 3.5, 2.5, 3.5, 3.5, 3.5, 5.0, 5.0, 9.0, 9.0, 3.0, 3.0, 3.0, 1.9999999999999998, 3.0, 1.9999999999999998, 1.9999999999999998, 3.0, 1.2, 1.2, 1.2, 1.9999999999999998, 1.2, 1.9999999999999998, 1.2, 1.9999999999999998]
T = 0.2621440000000001	 step = 264
73.62
14.00558948863636
[14.0, 32.0, 18.0, 10.0, 6.0, 6.0, 9.0, 5.0, 25.0, 16.0, 34.0, 13.0, 35.0, 33.0, 21.0, 4.0, 27.0, 5.0, 26.0, 11.0, 37.0, 14.0, 22.0, 19.0, 25.0, 2.0, 21.0, 32.0]
[10.0, 18.0, 7.0, 13.0, 20.0, 25.0, 7.0, 10.0, 6.0, 25.0, 10.0, 34.0, 24.0, 33.0, 31.0, 14.0, 34.0, 30.0, 30.0, 20.0, 35.0, 6.0, 14.0, 14.0, 20.0, 26.0, 17.0, 24.0]
[2.5, 3.5, 2.5, 2.5, 3.5, 2.5, 2.5, 2.5, 5.0, 5.0, 9.0, 9.0, 1.9999999999999998, 1.9999999999999998, 1.9999999999999998, 3.0, 1.9999999999999998, 3.0, 3.0, 1.9999999999999998, 1.9999999999999998, 1.9999999999999998, 1.9999999999999998, 1.2, 1.9999999999999998, 1.2, 1.9999999999999998, 1.2]
[3.5, 2.5, 3.5, 3.5, 2.5, 3.5, 3.5, 3.5, 5.0, 5.0, 9.0, 9.0, 3.0, 3.0, 3.0, 1.9999999999999998, 3.0, 1.9999999999999998, 1.9999999999999998, 3.0, 1.2, 1.2, 1.2, 1.9999999999999998, 1.2, 1.9999999999999998, 1.2, 1.9999999999999998]
T = 0.2621440000000001	 step = 265
73.57000000000005
14.074481534090905
[14.0, 32.0, 18.0, 10.0, 5.0, 6.0, 9.0, 5.0, 25.0, 16.0, 34.0, 13.0, 35.0, 33.0, 21.0, 4.0, 27.0, 5.0, 26.0, 11.0, 37.0, 14.0, 22.0, 19.0, 25.0, 2.0, 21.0, 32.0]
[10.0, 18.0, 7.0, 13.0, 20.0, 25.0, 7.0, 10.0, 6.0, 25.0, 10.0, 34.0, 24.0, 33.0, 31.0, 14.0, 34.0, 30.0, 30.0, 20.0, 35.0, 6.0, 14.0, 14.0, 20.0, 26.0, 17.0, 24.0]
[2.5, 3.5, 2.5, 2.5, 3.5, 2.5, 2.5, 2.5, 5.0, 5.0, 9.0, 9.0, 1.9999999999999998, 1.9999999999999998, 1.9999999999999998, 3.0, 1.9999999999999998, 3.0, 3.0, 1.9999999999999998, 1.9999999999999998, 1.9999999999999998, 1.9999999999999998, 1.2, 1.9999999999999998, 1.2, 1.9999999999999998, 1.2]
[3.5, 2.5, 3.5, 3.5, 2.5, 3.5, 3.5, 3.5, 5.0, 5.0, 9.0, 9.0, 3.0, 3.0, 3.0, 1.9999999999999998, 3.0, 1.9999999999999998, 1.9999999999999998, 3.0, 1.2, 1.2, 1.2, 1.9999999999999998, 1.2, 1.9999999999999998, 1.2, 1.9999999999999998]
T = 0.2621440000000001	 step = 266
73.58000000000004
14.021890092329544
[14.0, 32.0, 18.0, 10.0, 5.0, 6.0, 9.0, 5.0, 25.0, 16.0, 34.0, 14.0, 35.0, 33.0, 21.0, 4.0, 27.0, 5.0, 26.0, 11.0, 37.0, 14.0, 22.0, 19.0, 25.0, 2.0, 21.0, 32.0]
[10.0, 18.0, 7.0, 13.0, 20.0, 25.0, 7.0, 10.0, 6.0, 25.0, 10.0, 34.0, 24.0, 33.0, 31.0, 14.0, 34.0, 30.0, 30.0, 20.0, 35.0, 6.0, 14.0, 14.0, 20.0, 26.0, 17.0, 24.0]
[2.5, 3.5, 2.5, 2.5, 3.5, 2.5, 2.5, 2.5, 5.0, 5.0, 9.0, 9.0, 1.9999999999999998, 1.9999999999999998, 1.9999999999999998, 3.0, 1.9999999999999998, 3.0, 3.0, 1.9999999999999998, 1.9999999999999998, 1.9999999999999998, 1.9999999999999998, 1.2, 1.9999999999999998, 1.2, 1.9999999999999998, 1.2]
[3.5, 2.5, 3.5, 3.5, 2.5, 3.5, 3.5, 3.5, 5.0, 5.0, 9.0, 9.0, 3.0, 3.0, 3.0, 1.9999999999999998, 3.0, 1.9999999999999998, 1.9999999999999998, 3.0, 1.2, 1.2, 1.2, 1.9999999999999998, 1.2, 1.9999999999999998, 1.2, 1.9999999999999998]
T = 0.2621440000000001	 step = 267
73.89000000000004
13.828175603693182
[14.0, 32.0, 18.0, 10.0, 17.0, 6.0, 9.0, 5.0, 25.0, 16.0, 34.0, 14.0, 35.0, 33.0, 21.0, 4.0, 27.0, 5.0, 26.0, 11.0, 37.0, 14.0, 22.0, 19.0, 25.0, 2.0, 21.0, 32.0]
[10.0, 18.0, 7.0, 13.0, 18.0, 25.0, 7.0, 10.0, 6.0, 25.0, 10.0, 34.0, 24.0, 33.0, 31.0, 14.0, 34.0, 30.0, 30.0, 20.0, 35.0, 6.0, 14.0, 14.0, 20.0, 26.0, 17.0, 24.0]
[2.5, 3.5, 2.5, 2.5, 3.5, 2.5, 2.5, 2.5, 5.0, 5.0, 9.0, 9.0, 1.9999999999999998, 1.9999999999999998, 1.9999999999999998, 3.0, 1.9999999999999998, 3.0, 3.0, 1.9999999999999998, 1.9999999999999998, 1.9999999999999998, 1.9999999999999998, 1.2, 1.9999999999999998, 1.2, 1.9999999999999998, 1.2]
[3.5, 2.5, 3.5, 3.5, 2.5, 3.5, 3.5, 3.5, 5.0, 5.0, 9.0, 9.0, 3.0, 3.0, 3.0, 1.9999999999999998, 3.0, 1.9999999999999998, 1.9999999999999998, 3.0, 1.2, 1.2, 1.2, 1.9999999999999998, 1.2, 1.9999999999999998, 1.2, 1.9999999999999998]
T = 0.2621440000000001	 step = 268
73.87
13.87505060369318
[14.0, 32.0, 18.0, 10.0, 17.0, 6.0, 9.0, 5.0, 25.0, 16.0, 34.0, 14.0, 35.0, 33.0, 21.0, 4.0, 27.0, 5.0, 26.0, 11.0, 37.0, 14.0, 22.0, 19.0, 25.0, 2.0, 21.0, 32.0]
[10.0, 18.0, 7.0, 13.0, 18.0, 25.0, 7.0, 9.0, 6.0, 25.0, 10.0, 34.0, 24.0, 33.0, 31.0, 14.0, 34.0, 30.0, 30.0, 20.0, 35.0, 6.0, 14.0, 14.0, 20.0, 26.0, 17.0, 24.0]
[2.5, 3.5, 2.5, 2.5, 3.5, 2.5, 2.5, 2.5, 5.0, 5.0, 9.0, 9.0, 1.9999999999999998, 1.9999999999999998, 1.9999999999999998, 3.0, 1.9999999999999998, 3.0, 3.0, 1.9999999999999998, 1.9999999999999998, 1.9999999999999998, 1.9999999999999998, 1.2, 1.9999999999999998, 1.2, 1.9999999999999998, 1.2]
[3.5, 2.5, 3.5, 3.5, 2.5, 3.5, 3.5, 3.5, 5.0, 5.0, 9.0, 9.0, 3.0, 3.0, 3.0, 1.9999999999999998, 3.0, 1.9999999999999998, 1.9999999999999998, 3.0, 1.2, 1.2, 1.2, 1.9999999999999998, 1.2, 1.9999999999999998, 1.2, 1.9999999999999998]
T = 0.2621440000000001	 step = 269
73.88
13.85942560369318
[14.0, 32.0, 18.0, 10.0, 17.0, 6.0, 9.0, 5.0, 25.0, 16.0, 34.0, 14.0, 35.0, 33.0, 21.0, 4.0, 27.0, 5.0, 26.0, 11.0, 37.0, 14.0, 22.0, 19.0, 25.0, 2.0, 21.0, 31.0]
[10.0, 18.0, 7.0, 13.0, 18.0, 25.0, 7.0, 9.0, 6.0, 25.0, 10.0, 34.0, 24.0, 33.0, 31.0, 14.0, 34.0, 30.0, 30.0, 20.0, 35.0, 6.0, 14.0, 14.0, 20.0, 26.0, 17.0, 24.0]
[2.5, 3.5, 2.5, 2.5, 3.5, 2.5, 2.5, 2.5, 5.0, 5.0, 9.0, 9.0, 1.9999999999999998, 1.9999999999999998, 1.9999999999999998, 3.0, 1.9999999999999998, 3.0, 3.0, 1.9999999999999998, 1.9999999999999998, 1.9999999999999998, 1.9999999999999998, 1.2, 1.9999999999999998, 1.2, 1.9999999999999998, 1.2]
[3.5, 2.5, 3.5, 3.5, 2.5, 3.5, 3.5, 3.5, 5.0, 5.0, 9.0, 9.0, 3.0, 3.0, 3.0, 1.9999999999999998, 3.0, 1.9999999999999998, 1.9999999999999998, 3.0, 1.2, 1.2, 1.2, 1.9999999999999998, 1.2, 1.9999999999999998, 1.2, 1.9999999999999998]
T = 0.2621440000000001	 step = 270
73.88
13.84380060369318
[14.0, 32.0, 18.0, 10.0, 17.0, 6.0, 9.0, 5.0, 25.0, 16.0, 34.0, 14.0, 35.0, 33.0, 21.0, 4.0, 27.0, 5.0, 26.0, 11.0, 37.0, 14.0, 22.0, 19.0, 25.0, 2.0, 21.0, 31.0]
[10.0, 18.0, 7.0, 13.0, 18.0, 25.0, 7.0, 9.0, 6.0, 25.0, 10.0, 34.0, 24.0, 33.0, 31.0, 14.0, 34.0, 30.0, 30.0, 20.0, 35.0, 6.0, 14.0, 14.0, 21.0, 26.0, 17.0, 24.0]
[2.5, 3.5, 2.5, 2.5, 3.5, 2.5, 2.5, 2.5, 5.0, 5.0, 9.0, 9.0, 1.9999999999999998, 1.9999999999999998, 1.9999999999999998, 3.0, 1.9999999999999998, 3.0, 3.0, 1.9999999999999998, 1.9999999999999998, 1.9999999999999998, 1.9999999999999998, 1.2, 1.9999999999999998, 1.2, 1.9999999999999998, 1.2]
[3.5, 2.5, 3.5, 3.5, 2.5, 3.5, 3.5, 3.5, 5.0, 5.0, 9.0, 9.0, 3.0, 3.0, 3.0, 1.9999999999999998, 3.0, 1.9999999999999998, 1.9999999999999998, 3.0, 1.2, 1.2, 1.2, 1.9999999999999998, 1.2, 1.9999999999999998, 1.2, 1.9999999999999998]
T = 0.2621440000000001	 step = 271
73.86000000000001
13.86545987215909
[14.0, 32.0, 18.0, 10.0, 17.0, 6.0, 9.0, 5.0, 25.0, 16.0, 34.0, 14.0, 35.0, 33.0, 22.0, 4.0, 27.0, 5.0, 26.0, 11.0, 37.0, 14.0, 22.0, 19.0, 25.0, 2.0, 21.0, 31.0]
[10.0, 18.0, 7.0, 13.0, 18.0, 25.0, 7.0, 9.0, 6.0, 25.0, 10.0, 34.0, 24.0, 33.0, 31.0, 14.0, 34.0, 30.0, 30.0, 20.0, 35.0, 6.0, 14.0, 14.0, 21.0, 26.0, 17.0, 24.0]
[2.5, 3.5, 2.5, 2.5, 3.5, 2.5, 2.5, 2.5, 5.0, 5.0, 9.0, 9.0, 1.9999999999999998, 1.9999999999999998, 1.9999999999999998, 3.0, 1.9999999999999998, 3.0, 3.0, 1.9999999999999998, 1.9999999999999998, 1.9999999999999998, 1.9999999999999998, 1.2, 1.9999999999999998, 1.2, 1.9999999999999998, 1.2]
[3.5, 2.5, 3.5, 3.5, 2.5, 3.5, 3.5, 3.5, 5.0, 5.0, 9.0, 9.0, 3.0, 3.0, 3.0, 1.9999999999999998, 3.0, 1.9999999999999998, 1.9999999999999998, 3.0, 1.2, 1.2, 1.2, 1.9999999999999998, 1.2, 1.9999999999999998, 1.2, 1.9999999999999998]
T = 0.2621440000000001	 step = 272
73.86000000000001
13.83420987215909
[14.0, 32.0, 18.0, 10.0, 17.0, 6.0, 9.0, 5.0, 25.0, 16.0, 34.0, 14.0, 35.0, 33.0, 22.0, 5.0, 27.0, 5.0, 26.0, 11.0, 37.0, 14.0, 22.0, 19.0, 25.0, 2.0, 21.0, 31.0]
[10.0, 18.0, 7.0, 13.0, 18.0, 25.0, 7.0, 9.0, 6.0, 25.0, 10.0, 34.0, 24.0, 33.0, 31.0, 14.0, 34.0, 30.0, 30.0, 20.0, 35.0, 6.0, 14.0, 14.0, 21.0, 26.0, 17.0, 24.0]
[2.5, 3.5, 2.5, 2.5, 3.5, 2.5, 2.5, 2.5, 5.0, 5.0, 9.0, 9.0, 1.9999999999999998, 1.9999999999999998, 1.9999999999999998, 3.0, 1.9999999999999998, 3.0, 3.0, 1.9999999999999998, 1.9999999999999998, 1.9999999999999998, 1.9999999999999998, 1.2, 1.9999999999999998, 1.2, 1.9999999999999998, 1.2]
[3.5, 2.5, 3.5, 3.5, 2.5, 3.5, 3.5, 3.5, 5.0, 5.0, 9.0, 9.0, 3.0, 3.0, 3.0, 1.9999999999999998, 3.0, 1.9999999999999998, 1.9999999999999998, 3.0, 1.2, 1.2, 1.2, 1.9999999999999998, 1.2, 1.9999999999999998, 1.2, 1.9999999999999998]
T = 0.2621440000000001	 step = 273
73.86000000000001
13.81858487215909
[14.0, 32.0, 18.0, 10.0, 17.0, 6.0, 9.0, 5.0, 25.0, 16.0, 34.0, 14.0, 35.0, 33.0, 22.0, 5.0, 27.0, 5.0, 26.0, 11.0, 37.0, 14.0, 22.0, 19.0, 25.0, 2.0, 21.0, 31.0]
[10.0, 18.0, 7.0, 13.0, 18.0, 25.0, 7.0, 9.0, 6.0, 25.0, 10.0, 34.0, 24.0, 33.0, 31.0, 14.0, 34.0, 30.0, 30.0, 20.0, 35.0, 6.0, 14.0, 14.0, 21.0, 27.0, 17.0, 24.0]
[2.5, 3.5, 2.5, 2.5, 3.5, 2.5, 2.5, 2.5, 5.0, 5.0, 9.0, 9.0, 1.9999999999999998, 1.9999999999999998, 1.9999999999999998, 3.0, 1.9999999999999998, 3.0, 3.0, 1.9999999999999998, 1.9999999999999998, 1.9999999999999998, 1.9999999999999998, 1.2, 1.9999999999999998, 1.2, 1.9999999999999998, 1.2]
[3.5, 2.5, 3.5, 3.5, 2.5, 3.5, 3.5, 3.5, 5.0, 5.0, 9.0, 9.0, 3.0, 3.0, 3.0, 1.9999999999999998, 3.0, 1.9999999999999998, 1.9999999999999998, 3.0, 1.2, 1.2, 1.2, 1.9999999999999998, 1.2, 1.9999999999999998, 1.2, 1.9999999999999998]
T = 0.2621440000000001	 step = 274
73.86000000000001
13.84983487215909
[14.0, 32.0, 18.0, 10.0, 17.0, 6.0, 9.0, 5.0, 25.0, 16.0, 34.0, 14.0, 35.0, 33.0, 22.0, 5.0, 27.0, 5.0, 26.0, 11.0, 37.0, 14.0, 22.0, 19.0, 25.0, 2.0, 21.0, 31.0]
[10.0, 18.0, 7.0, 13.0, 18.0, 25.0, 7.0, 9.0, 6.0, 25.0, 10.0, 34.0, 24.0, 34.0, 31.0, 14.0, 34.0, 30.0, 30.0, 20.0, 35.0, 6.0, 14.0, 14.0, 21.0, 27.0, 17.0, 24.0]
[2.5, 3.5, 2.5, 2.5, 3.5, 2.5, 2.5, 2.5, 5.0, 5.0, 9.0, 9.0, 1.9999999999999998, 1.9999999999999998, 1.9999999999999998, 3.0, 1.9999999999999998, 3.0, 3.0, 1.9999999999999998, 1.9999999999999998, 1.9999999999999998, 1.9999999999999998, 1.2, 1.9999999999999998, 1.2, 1.9999999999999998, 1.2]
[3.5, 2.5, 3.5, 3.5, 2.5, 3.5, 3.5, 3.5, 5.0, 5.0, 9.0, 9.0, 3.0, 3.0, 3.0, 1.9999999999999998, 3.0, 1.9999999999999998, 1.9999999999999998, 3.0, 1.2, 1.2, 1.2, 1.9999999999999998, 1.2, 1.9999999999999998, 1.2, 1.9999999999999998]
T = 0.2621440000000001	 step = 275
73.86000000000001
13.81858487215909
[14.0, 32.0, 18.0, 10.0, 17.0, 6.0, 9.0, 5.0, 25.0, 16.0, 34.0, 14.0, 35.0, 33.0, 22.0, 5.0, 27.0, 5.0, 26.0, 11.0, 37.0, 14.0, 22.0, 19.0, 25.0, 2.0, 21.0, 31.0]
[10.0, 18.0, 7.0, 13.0, 18.0, 25.0, 7.0, 9.0, 6.0, 25.0, 10.0, 34.0, 24.0, 33.0, 31.0, 14.0, 34.0, 30.0, 30.0, 20.0, 35.0, 6.0, 14.0, 14.0, 21.0, 27.0, 17.0, 24.0]
[2.5, 3.5, 2.5, 2.5, 3.5, 2.5, 2.5, 2.5, 5.0, 5.0, 9.0, 9.0, 1.9999999999999998, 1.9999999999999998, 1.9999999999999998, 3.0, 1.9999999999999998, 3.0, 3.0, 1.9999999999999998, 1.9999999999999998, 1.9999999999999998, 1.9999999999999998, 1.2, 1.9999999999999998, 1.2, 1.9999999999999998, 1.2]
[3.5, 2.5, 3.5, 3.5, 2.5, 3.5, 3.5, 3.5, 5.0, 5.0, 9.0, 9.0, 3.0, 3.0, 3.0, 1.9999999999999998, 3.0, 1.9999999999999998, 1.9999999999999998, 3.0, 1.2, 1.2, 1.2, 1.9999999999999998, 1.2, 1.9999999999999998, 1.2, 1.9999999999999998]
T = 0.2621440000000001	 step = 276
73.85000000000002
13.83420987215909
[14.0, 32.0, 18.0, 10.0, 17.0, 6.0, 9.0, 5.0, 25.0, 16.0, 34.0, 14.0, 35.0, 33.0, 22.0, 5.0, 27.0, 5.0, 26.0, 11.0, 37.0, 14.0, 22.0, 19.0, 25.0, 2.0, 21.0, 31.0]
[10.0, 18.0, 7.0, 13.0, 18.0, 25.0, 7.0, 9.0, 6.0, 25.0, 10.0, 34.0, 24.0, 33.0, 31.0, 14.0, 34.0, 30.0, 30.0, 20.0, 35.0, 6.0, 13.0, 14.0, 21.0, 27.0, 17.0, 24.0]
[2.5, 3.5, 2.5, 2.5, 3.5, 2.5, 2.5, 2.5, 5.0, 5.0, 9.0, 9.0, 1.9999999999999998, 1.9999999999999998, 1.9999999999999998, 3.0, 1.9999999999999998, 3.0, 3.0, 1.9999999999999998, 1.9999999999999998, 1.9999999999999998, 1.9999999999999998, 1.2, 1.9999999999999998, 1.2, 1.9999999999999998, 1.2]
[3.5, 2.5, 3.5, 3.5, 2.5, 3.5, 3.5, 3.5, 5.0, 5.0, 9.0, 9.0, 3.0, 3.0, 3.0, 1.9999999999999998, 3.0, 1.9999999999999998, 1.9999999999999998, 3.0, 1.2, 1.2, 1.2, 1.9999999999999998, 1.2, 1.9999999999999998, 1.2, 1.9999999999999998]
T = 0.2621440000000001	 step = 277
73.86000000000001
13.81858487215909
[14.0, 32.0, 18.0, 10.0, 17.0, 6.0, 9.0, 5.0, 25.0, 16.0, 34.0, 14.0, 35.0, 33.0, 22.0, 5.0, 27.0, 5.0, 26.0, 11.0, 37.0, 14.0, 22.0, 19.0, 25.0, 2.0, 21.0, 31.0]
[10.0, 18.0, 7.0, 13.0, 18.0, 25.0, 7.0, 9.0, 6.0, 25.0, 10.0, 34.0, 24.0, 33.0, 31.0, 14.0, 34.0, 30.0, 30.0, 20.0, 35.0, 6.0, 14.0, 14.0, 21.0, 27.0, 17.0, 24.0]
[2.5, 3.5, 2.5, 2.5, 3.5, 2.5, 2.5, 2.5, 5.0, 5.0, 9.0, 9.0, 1.9999999999999998, 1.9999999999999998, 1.9999999999999998, 3.0, 1.9999999999999998, 3.0, 3.0, 1.9999999999999998, 1.9999999999999998, 1.9999999999999998, 1.9999999999999998, 1.2, 1.9999999999999998, 1.2, 1.9999999999999998, 1.2]
[3.5, 2.5, 3.5, 3.5, 2.5, 3.5, 3.5, 3.5, 5.0, 5.0, 9.0, 9.0, 3.0, 3.0, 3.0, 1.9999999999999998, 3.0, 1.9999999999999998, 1.9999999999999998, 3.0, 1.2, 1.2, 1.2, 1.9999999999999998, 1.2, 1.9999999999999998, 1.2, 1.9999999999999998]
T = 0.2621440000000001	 step = 278
73.84000000000003
13.84983487215909
[14.0, 32.0, 18.0, 10.0, 17.0, 6.0, 9.0, 5.0, 25.0, 16.0, 34.0, 14.0, 35.0, 33.0, 22.0, 5.0, 27.0, 5.0, 27.0, 11.0, 37.0, 14.0, 22.0, 19.0, 25.0, 2.0, 21.0, 31.0]
[10.0, 18.0, 7.0, 13.0, 18.0, 25.0, 7.0, 9.0, 6.0, 25.0, 10.0, 34.0, 24.0, 33.0, 31.0, 14.0, 34.0, 30.0, 30.0, 20.0, 35.0, 6.0, 14.0, 14.0, 21.0, 27.0, 17.0, 24.0]
[2.5, 3.5, 2.5, 2.5, 3.5, 2.5, 2.5, 2.5, 5.0, 5.0, 9.0, 9.0, 1.9999999999999998, 1.9999999999999998, 1.9999999999999998, 3.0, 1.9999999999999998, 3.0, 3.0, 1.9999999999999998, 1.9999999999999998, 1.9999999999999998, 1.9999999999999998, 1.2, 1.9999999999999998, 1.2, 1.9999999999999998, 1.2]
[3.5, 2.5, 3.5, 3.5, 2.5, 3.5, 3.5, 3.5, 5.0, 5.0, 9.0, 9.0, 3.0, 3.0, 3.0, 1.9999999999999998, 3.0, 1.9999999999999998, 1.9999999999999998, 3.0, 1.2, 1.2, 1.2, 1.9999999999999998, 1.2, 1.9999999999999998, 1.2, 1.9999999999999998]
T = 0.2621440000000001	 step = 279
73.86000000000001
13.83420987215909
[14.0, 32.0, 18.0, 10.0, 17.0, 6.0, 9.0, 5.0, 25.0, 16.0, 34.0, 14.0, 35.0, 33.0, 22.0, 5.0, 27.0, 5.0, 27.0, 11.0, 37.0, 14.0, 22.0, 19.0, 25.0, 2.0, 21.0, 30.0]
[10.0, 18.0, 7.0, 13.0, 18.0, 25.0, 7.0, 9.0, 6.0, 25.0, 10.0, 34.0, 24.0, 33.0, 31.0, 14.0, 34.0, 30.0, 30.0, 20.0, 35.0, 6.0, 14.0, 14.0, 21.0, 27.0, 17.0, 24.0]
[2.5, 3.5, 2.5, 2.5, 3.5, 2.5, 2.5, 2.5, 5.0, 5.0, 9.0, 9.0, 1.9999999999999998, 1.9999999999999998, 1.9999999999999998, 3.0, 1.9999999999999998, 3.0, 3.0, 1.9999999999999998, 1.9999999999999998, 1.9999999999999998, 1.9999999999999998, 1.2, 1.9999999999999998, 1.2, 1.9999999999999998, 1.2]
[3.5, 2.5, 3.5, 3.5, 2.5, 3.5, 3.5, 3.5, 5.0, 5.0, 9.0, 9.0, 3.0, 3.0, 3.0, 1.9999999999999998, 3.0, 1.9999999999999998, 1.9999999999999998, 3.0, 1.2, 1.2, 1.2, 1.9999999999999998, 1.2, 1.9999999999999998, 1.2, 1.9999999999999998]
T = 0.2621440000000001	 step = 280
73.86000000000001
13.83420987215909
[14.0, 32.0, 18.0, 10.0, 17.0, 6.0, 9.0, 5.0, 24.0, 16.0, 34.0, 14.0, 35.0, 33.0, 22.0, 5.0, 27.0, 5.0, 27.0, 11.0, 37.0, 14.0, 22.0, 19.0, 25.0, 2.0, 21.0, 30.0]
[10.0, 18.0, 7.0, 13.0, 18.0, 25.0, 7.0, 9.0, 6.0, 25.0, 10.0, 34.0, 24.0, 33.0, 31.0, 14.0, 34.0, 30.0, 30.0, 20.0, 35.0, 6.0, 14.0, 14.0, 21.0, 27.0, 17.0, 24.0]
[2.5, 3.5, 2.5, 2.5, 3.5, 2.5, 2.5, 2.5, 5.0, 5.0, 9.0, 9.0, 1.9999999999999998, 1.9999999999999998, 1.9999999999999998, 3.0, 1.9999999999999998, 3.0, 3.0, 1.9999999999999998, 1.9999999999999998, 1.9999999999999998, 1.9999999999999998, 1.2, 1.9999999999999998, 1.2, 1.9999999999999998, 1.2]
[3.5, 2.5, 3.5, 3.5, 2.5, 3.5, 3.5, 3.5, 5.0, 5.0, 9.0, 9.0, 3.0, 3.0, 3.0, 1.9999999999999998, 3.0, 1.9999999999999998, 1.9999999999999998, 3.0, 1.2, 1.2, 1.2, 1.9999999999999998, 1.2, 1.9999999999999998, 1.2, 1.9999999999999998]
T = 0.2621440000000001	 step = 281
73.87
13.88108487215909
[14.0, 32.0, 17.0, 10.0, 17.0, 6.0, 9.0, 5.0, 24.0, 16.0, 34.0, 14.0, 35.0, 33.0, 22.0, 5.0, 27.0, 5.0, 27.0, 11.0, 37.0, 14.0, 22.0, 19.0, 25.0, 2.0, 21.0, 30.0]
[10.0, 18.0, 7.0, 13.0, 18.0, 25.0, 7.0, 9.0, 6.0, 25.0, 10.0, 34.0, 24.0, 33.0, 31.0, 14.0, 34.0, 30.0, 30.0, 20.0, 35.0, 6.0, 14.0, 14.0, 21.0, 27.0, 17.0, 24.0]
[2.5, 3.5, 2.5, 2.5, 3.5, 2.5, 2.5, 2.5, 5.0, 5.0, 9.0, 9.0, 1.9999999999999998, 1.9999999999999998, 1.9999999999999998, 3.0, 1.9999999999999998, 3.0, 3.0, 1.9999999999999998, 1.9999999999999998, 1.9999999999999998, 1.9999999999999998, 1.2, 1.9999999999999998, 1.2, 1.9999999999999998, 1.2]
[3.5, 2.5, 3.5, 3.5, 2.5, 3.5, 3.5, 3.5, 5.0, 5.0, 9.0, 9.0, 3.0, 3.0, 3.0, 1.9999999999999998, 3.0, 1.9999999999999998, 1.9999999999999998, 3.0, 1.2, 1.2, 1.2, 1.9999999999999998, 1.2, 1.9999999999999998, 1.2, 1.9999999999999998]
T = 0.2097152000000001	 step = 282
73.82000000000005
14.062023259943182
[14.0, 32.0, 17.0, 10.0, 17.0, 6.0, 9.0, 5.0, 24.0, 16.0, 34.0, 14.0, 35.0, 33.0, 22.0, 5.0, 27.0, 5.0, 27.0, 11.0, 37.0, 14.0, 22.0, 19.0, 25.0, 2.0, 21.0, 30.0]
[10.0, 18.0, 7.0, 13.0, 18.0, 25.0, 7.0, 9.0, 5.0, 25.0, 10.0, 34.0, 24.0, 33.0, 31.0, 14.0, 34.0, 30.0, 30.0, 20.0, 35.0, 6.0, 14.0, 14.0, 21.0, 27.0, 17.0, 24.0]
[2.5, 3.5, 2.5, 2.5, 3.5, 2.5, 2.5, 2.5, 5.0, 5.0, 9.0, 9.0, 1.9999999999999998, 1.9999999999999998, 1.9999999999999998, 3.0, 1.9999999999999998, 3.0, 3.0, 1.9999999999999998, 1.9999999999999998, 1.9999999999999998, 1.9999999999999998, 1.2, 1.9999999999999998, 1.2, 1.9999999999999998, 1.2]
[3.5, 2.5, 3.5, 3.5, 2.5, 3.5, 3.5, 3.5, 5.0, 5.0, 9.0, 9.0, 3.0, 3.0, 3.0, 1.9999999999999998, 3.0, 1.9999999999999998, 1.9999999999999998, 3.0, 1.2, 1.2, 1.2, 1.9999999999999998, 1.2, 1.9999999999999998, 1.2, 1.9999999999999998]
T = 0.2097152000000001	 step = 283
73.87
13.88108487215909
[14.0, 32.0, 17.0, 10.0, 17.0, 6.0, 9.0, 5.0, 24.0, 16.0, 34.0, 14.0, 35.0, 33.0, 22.0, 5.0, 27.0, 5.0, 27.0, 11.0, 37.0, 14.0, 22.0, 19.0, 25.0, 2.0, 21.0, 30.0]
[10.0, 18.0, 7.0, 13.0, 18.0, 25.0, 7.0, 9.0, 6.0, 25.0, 10.0, 34.0, 24.0, 33.0, 31.0, 14.0, 34.0, 30.0, 30.0, 20.0, 35.0, 6.0, 14.0, 14.0, 21.0, 27.0, 17.0, 24.0]
[2.5, 3.5, 2.5, 2.5, 3.5, 2.5, 2.5, 2.5, 5.0, 5.0, 9.0, 9.0, 1.9999999999999998, 1.9999999999999998, 1.9999999999999998, 3.0, 1.9999999999999998, 3.0, 3.0, 1.9999999999999998, 1.9999999999999998, 1.9999999999999998, 1.9999999999999998, 1.2, 1.9999999999999998, 1.2, 1.9999999999999998, 1.2]
[3.5, 2.5, 3.5, 3.5, 2.5, 3.5, 3.5, 3.5, 5.0, 5.0, 9.0, 9.0, 3.0, 3.0, 3.0, 1.9999999999999998, 3.0, 1.9999999999999998, 1.9999999999999998, 3.0, 1.2, 1.2, 1.2, 1.9999999999999998, 1.2, 1.9999999999999998, 1.2, 1.9999999999999998]
T = 0.2097152000000001	 step = 284
73.85000000000002
13.872838245738633
[14.0, 32.0, 17.0, 10.0, 17.0, 6.0, 9.0, 5.0, 24.0, 16.0, 34.0, 14.0, 35.0, 33.0, 22.0, 5.0, 27.0, 4.0, 27.0, 11.0, 37.0, 14.0, 22.0, 19.0, 25.0, 2.0, 21.0, 30.0]
[10.0, 18.0, 7.0, 13.0, 18.0, 25.0, 7.0, 9.0, 6.0, 25.0, 10.0, 34.0, 24.0, 33.0, 31.0, 14.0, 34.0, 30.0, 30.0, 20.0, 35.0, 6.0, 14.0, 14.0, 21.0, 27.0, 17.0, 24.0]
[2.5, 3.5, 2.5, 2.5, 3.5, 2.5, 2.5, 2.5, 5.0, 5.0, 9.0, 9.0, 1.9999999999999998, 1.9999999999999998, 1.9999999999999998, 3.0, 1.9999999999999998, 3.0, 3.0, 1.9999999999999998, 1.9999999999999998, 1.9999999999999998, 1.9999999999999998, 1.2, 1.9999999999999998, 1.2, 1.9999999999999998, 1.2]
[3.5, 2.5, 3.5, 3.5, 2.5, 3.5, 3.5, 3.5, 5.0, 5.0, 9.0, 9.0, 3.0, 3.0, 3.0, 1.9999999999999998, 3.0, 1.9999999999999998, 1.9999999999999998, 3.0, 1.2, 1.2, 1.2, 1.9999999999999998, 1.2, 1.9999999999999998, 1.2, 1.9999999999999998]
T = 0.2097152000000001	 step = 285
73.87
13.857213245738633
[14.0, 32.0, 17.0, 10.0, 17.0, 6.0, 9.0, 5.0, 24.0, 16.0, 34.0, 14.0, 35.0, 33.0, 22.0, 5.0, 27.0, 4.0, 27.0, 11.0, 37.0, 14.0, 22.0, 19.0, 25.0, 2.0, 21.0, 30.0]
[10.0, 18.0, 7.0, 13.0, 18.0, 25.0, 7.0, 9.0, 6.0, 25.0, 10.0, 34.0, 24.0, 33.0, 31.0, 14.0, 34.0, 30.0, 30.0, 20.0, 35.0, 6.0, 14.0, 14.0, 21.0, 27.0, 18.0, 24.0]
[2.5, 3.5, 2.5, 2.5, 3.5, 2.5, 2.5, 2.5, 5.0, 5.0, 9.0, 9.0, 1.9999999999999998, 1.9999999999999998, 1.9999999999999998, 3.0, 1.9999999999999998, 3.0, 3.0, 1.9999999999999998, 1.9999999999999998, 1.9999999999999998, 1.9999999999999998, 1.2, 1.9999999999999998, 1.2, 1.9999999999999998, 1.2]
[3.5, 2.5, 3.5, 3.5, 2.5, 3.5, 3.5, 3.5, 5.0, 5.0, 9.0, 9.0, 3.0, 3.0, 3.0, 1.9999999999999998, 3.0, 1.9999999999999998, 1.9999999999999998, 3.0, 1.2, 1.2, 1.2, 1.9999999999999998, 1.2, 1.9999999999999998, 1.2, 1.9999999999999998]
T = 0.2097152000000001	 step = 286
73.86000000000001
13.872838245738633
[14.0, 32.0, 17.0, 10.0, 17.0, 6.0, 9.0, 5.0, 24.0, 16.0, 34.0, 14.0, 35.0, 33.0, 22.0, 5.0, 27.0, 4.0, 27.0, 11.0, 37.0, 14.0, 22.0, 19.0, 25.0, 2.0, 21.0, 30.0]
[10.0, 18.0, 7.0, 13.0, 18.0, 25.0, 7.0, 9.0, 6.0, 25.0, 10.0, 34.0, 24.0, 33.0, 31.0, 14.0, 34.0, 30.0, 30.0, 20.0, 35.0, 5.0, 14.0, 14.0, 21.0, 27.0, 18.0, 24.0]
[2.5, 3.5, 2.5, 2.5, 3.5, 2.5, 2.5, 2.5, 5.0, 5.0, 9.0, 9.0, 1.9999999999999998, 1.9999999999999998, 1.9999999999999998, 3.0, 1.9999999999999998, 3.0, 3.0, 1.9999999999999998, 1.9999999999999998, 1.9999999999999998, 1.9999999999999998, 1.2, 1.9999999999999998, 1.2, 1.9999999999999998, 1.2]
[3.5, 2.5, 3.5, 3.5, 2.5, 3.5, 3.5, 3.5, 5.0, 5.0, 9.0, 9.0, 3.0, 3.0, 3.0, 1.9999999999999998, 3.0, 1.9999999999999998, 1.9999999999999998, 3.0, 1.2, 1.2, 1.2, 1.9999999999999998, 1.2, 1.9999999999999998, 1.2, 1.9999999999999998]
T = 0.2097152000000001	 step = 287
73.86000000000001
13.888463245738633
[14.0, 32.0, 17.0, 10.0, 17.0, 6.0, 9.0, 5.0, 24.0, 16.0, 34.0, 14.0, 35.0, 33.0, 22.0, 5.0, 27.0, 4.0, 27.0, 11.0, 37.0, 14.0, 22.0, 19.0, 25.0, 2.0, 21.0, 30.0]
[10.0, 18.0, 7.0, 13.0, 18.0, 25.0, 7.0, 9.0, 6.0, 25.0, 10.0, 34.0, 24.0, 33.0, 31.0, 14.0, 34.0, 30.0, 30.0, 20.0, 35.0, 5.0, 13.0, 14.0, 21.0, 27.0, 18.0, 24.0]
[2.5, 3.5, 2.5, 2.5, 3.5, 2.5, 2.5, 2.5, 5.0, 5.0, 9.0, 9.0, 1.9999999999999998, 1.9999999999999998, 1.9999999999999998, 3.0, 1.9999999999999998, 3.0, 3.0, 1.9999999999999998, 1.9999999999999998, 1.9999999999999998, 1.9999999999999998, 1.2, 1.9999999999999998, 1.2, 1.9999999999999998, 1.2]
[3.5, 2.5, 3.5, 3.5, 2.5, 3.5, 3.5, 3.5, 5.0, 5.0, 9.0, 9.0, 3.0, 3.0, 3.0, 1.9999999999999998, 3.0, 1.9999999999999998, 1.9999999999999998, 3.0, 1.2, 1.2, 1.2, 1.9999999999999998, 1.2, 1.9999999999999998, 1.2, 1.9999999999999998]
T = 0.2097152000000001	 step = 288
73.85000000000002
13.872838245738633
[14.0, 32.0, 17.0, 10.0, 17.0, 6.0, 9.0, 5.0, 24.0, 16.0, 34.0, 14.0, 35.0, 33.0, 22.0, 5.0, 27.0, 4.0, 27.0, 11.0, 37.0, 14.0, 22.0, 19.0, 25.0, 2.0, 21.0, 30.0]
[10.0, 18.0, 7.0, 13.0, 18.0, 25.0, 7.0, 9.0, 6.0, 25.0, 10.0, 34.0, 24.0, 33.0, 31.0, 14.0, 34.0, 30.0, 30.0, 20.0, 35.0, 5.0, 13.0, 14.0, 21.0, 27.0, 18.0, 23.0]
[2.5, 3.5, 2.5, 2.5, 3.5, 2.5, 2.5, 2.5, 5.0, 5.0, 9.0, 9.0, 1.9999999999999998, 1.9999999999999998, 1.9999999999999998, 3.0, 1.9999999999999998, 3.0, 3.0, 1.9999999999999998, 1.9999999999999998, 1.9999999999999998, 1.9999999999999998, 1.2, 1.9999999999999998, 1.2, 1.9999999999999998, 1.2]
[3.5, 2.5, 3.5, 3.5, 2.5, 3.5, 3.5, 3.5, 5.0, 5.0, 9.0, 9.0, 3.0, 3.0, 3.0, 1.9999999999999998, 3.0, 1.9999999999999998, 1.9999999999999998, 3.0, 1.2, 1.2, 1.2, 1.9999999999999998, 1.2, 1.9999999999999998, 1.2, 1.9999999999999998]
T = 0.2097152000000001	 step = 289
73.85000000000002
13.901957563920451
[14.0, 32.0, 17.0, 10.0, 17.0, 6.0, 9.0, 5.0, 24.0, 16.0, 34.0, 14.0, 35.0, 34.0, 22.0, 5.0, 27.0, 4.0, 27.0, 11.0, 37.0, 14.0, 22.0, 19.0, 25.0, 2.0, 21.0, 30.0]
[10.0, 18.0, 7.0, 13.0, 18.0, 25.0, 7.0, 9.0, 6.0, 25.0, 10.0, 34.0, 24.0, 33.0, 31.0, 14.0, 34.0, 30.0, 30.0, 20.0, 35.0, 5.0, 13.0, 14.0, 21.0, 27.0, 18.0, 23.0]
[2.5, 3.5, 2.5, 2.5, 3.5, 2.5, 2.5, 2.5, 5.0, 5.0, 9.0, 9.0, 1.9999999999999998, 1.9999999999999998, 1.9999999999999998, 3.0, 1.9999999999999998, 3.0, 3.0, 1.9999999999999998, 1.9999999999999998, 1.9999999999999998, 1.9999999999999998, 1.2, 1.9999999999999998, 1.2, 1.9999999999999998, 1.2]
[3.5, 2.5, 3.5, 3.5, 2.5, 3.5, 3.5, 3.5, 5.0, 5.0, 9.0, 9.0, 3.0, 3.0, 3.0, 1.9999999999999998, 3.0, 1.9999999999999998, 1.9999999999999998, 3.0, 1.2, 1.2, 1.2, 1.9999999999999998, 1.2, 1.9999999999999998, 1.2, 1.9999999999999998]
T = 0.2097152000000001	 step = 290
73.88
13.901957563920451
[14.0, 32.0, 17.0, 10.0, 17.0, 6.0, 9.0, 5.0, 23.0, 16.0, 34.0, 14.0, 35.0, 34.0, 22.0, 5.0, 27.0, 4.0, 27.0, 11.0, 37.0, 14.0, 22.0, 19.0, 25.0, 2.0, 21.0, 30.0]
[10.0, 18.0, 7.0, 13.0, 18.0, 25.0, 7.0, 9.0, 6.0, 25.0, 10.0, 34.0, 24.0, 33.0, 31.0, 14.0, 34.0, 30.0, 30.0, 20.0, 35.0, 5.0, 13.0, 14.0, 21.0, 27.0, 18.0, 23.0]
[2.5, 3.5, 2.5, 2.5, 3.5, 2.5, 2.5, 2.5, 5.0, 5.0, 9.0, 9.0, 1.9999999999999998, 1.9999999999999998, 1.9999999999999998, 3.0, 1.9999999999999998, 3.0, 3.0, 1.9999999999999998, 1.9999999999999998, 1.9999999999999998, 1.9999999999999998, 1.2, 1.9999999999999998, 1.2, 1.9999999999999998, 1.2]
[3.5, 2.5, 3.5, 3.5, 2.5, 3.5, 3.5, 3.5, 5.0, 5.0, 9.0, 9.0, 3.0, 3.0, 3.0, 1.9999999999999998, 3.0, 1.9999999999999998, 1.9999999999999998, 3.0, 1.2, 1.2, 1.2, 1.9999999999999998, 1.2, 1.9999999999999998, 1.2, 1.9999999999999998]
T = 0.2097152000000001	 step = 291
73.88
13.932672230113637
[14.0, 32.0, 17.0, 10.0, 17.0, 6.0, 9.0, 5.0, 23.0, 16.0, 34.0, 14.0, 35.0, 34.0, 22.0, 5.0, 27.0, 4.0, 27.0, 11.0, 37.0, 14.0, 22.0, 19.0, 25.0, 2.0, 21.0, 30.0]
[10.0, 18.0, 7.0, 13.0, 18.0, 25.0, 7.0, 9.0, 6.0, 25.0, 10.0, 34.0, 24.0, 33.0, 31.0, 15.0, 34.0, 30.0, 30.0, 20.0, 35.0, 5.0, 13.0, 14.0, 21.0, 27.0, 18.0, 23.0]
[2.5, 3.5, 2.5, 2.5, 3.5, 2.5, 2.5, 2.5, 5.0, 5.0, 9.0, 9.0, 1.9999999999999998, 1.9999999999999998, 1.9999999999999998, 3.0, 1.9999999999999998, 3.0, 3.0, 1.9999999999999998, 1.9999999999999998, 1.9999999999999998, 1.9999999999999998, 1.2, 1.9999999999999998, 1.2, 1.9999999999999998, 1.2]
[3.5, 2.5, 3.5, 3.5, 2.5, 3.5, 3.5, 3.5, 5.0, 5.0, 9.0, 9.0, 3.0, 3.0, 3.0, 1.9999999999999998, 3.0, 1.9999999999999998, 1.9999999999999998, 3.0, 1.2, 1.2, 1.2, 1.9999999999999998, 1.2, 1.9999999999999998, 1.2, 1.9999999999999998]
T = 0.2097152000000001	 step = 292
73.89000000000004
13.917047230113637
[14.0, 32.0, 17.0, 10.0, 17.0, 6.0, 9.0, 5.0, 23.0, 16.0, 34.0, 14.0, 35.0, 34.0, 22.0, 5.0, 27.0, 4.0, 27.0, 11.0, 37.0, 14.0, 22.0, 19.0, 25.0, 2.0, 21.0, 29.0]
[10.0, 18.0, 7.0, 13.0, 18.0, 25.0, 7.0, 9.0, 6.0, 25.0, 10.0, 34.0, 24.0, 33.0, 31.0, 15.0, 34.0, 30.0, 30.0, 20.0, 35.0, 5.0, 13.0, 14.0, 21.0, 27.0, 18.0, 23.0]
[2.5, 3.5, 2.5, 2.5, 3.5, 2.5, 2.5, 2.5, 5.0, 5.0, 9.0, 9.0, 1.9999999999999998, 1.9999999999999998, 1.9999999999999998, 3.0, 1.9999999999999998, 3.0, 3.0, 1.9999999999999998, 1.9999999999999998, 1.9999999999999998, 1.9999999999999998, 1.2, 1.9999999999999998, 1.2, 1.9999999999999998, 1.2]
[3.5, 2.5, 3.5, 3.5, 2.5, 3.5, 3.5, 3.5, 5.0, 5.0, 9.0, 9.0, 3.0, 3.0, 3.0, 1.9999999999999998, 3.0, 1.9999999999999998, 1.9999999999999998, 3.0, 1.2, 1.2, 1.2, 1.9999999999999998, 1.2, 1.9999999999999998, 1.2, 1.9999999999999998]
T = 0.2097152000000001	 step = 293
73.92000000000002
13.854517045454543
[14.0, 32.0, 17.0, 10.0, 17.0, 6.0, 9.0, 5.0, 23.0, 16.0, 34.0, 14.0, 35.0, 34.0, 22.0, 5.0, 27.0, 4.0, 27.0, 11.0, 37.0, 14.0, 22.0, 19.0, 25.0, 2.0, 21.0, 29.0]
[10.0, 18.0, 8.0, 13.0, 18.0, 25.0, 7.0, 9.0, 6.0, 25.0, 10.0, 34.0, 24.0, 33.0, 31.0, 15.0, 34.0, 30.0, 30.0, 20.0, 35.0, 5.0, 13.0, 14.0, 21.0, 27.0, 18.0, 23.0]
[2.5, 3.5, 2.5, 2.5, 3.5, 2.5, 2.5, 2.5, 5.0, 5.0, 9.0, 9.0, 1.9999999999999998, 1.9999999999999998, 1.9999999999999998, 3.0, 1.9999999999999998, 3.0, 3.0, 1.9999999999999998, 1.9999999999999998, 1.9999999999999998, 1.9999999999999998, 1.2, 1.9999999999999998, 1.2, 1.9999999999999998, 1.2]
[3.5, 2.5, 3.5, 3.5, 2.5, 3.5, 3.5, 3.5, 5.0, 5.0, 9.0, 9.0, 3.0, 3.0, 3.0, 1.9999999999999998, 3.0, 1.9999999999999998, 1.9999999999999998, 3.0, 1.2, 1.2, 1.2, 1.9999999999999998, 1.2, 1.9999999999999998, 1.2, 1.9999999999999998]
T = 0.2097152000000001	 step = 294
73.94
13.842707741477271
[14.0, 32.0, 17.0, 10.0, 17.0, 6.0, 9.0, 5.0, 23.0, 16.0, 34.0, 14.0, 35.0, 34.0, 22.0, 5.0, 27.0, 4.0, 27.0, 11.0, 37.0, 14.0, 22.0, 19.0, 25.0, 2.0, 21.0, 29.0]
[10.0, 18.0, 8.0, 13.0, 18.0, 25.0, 8.0, 9.0, 6.0, 25.0, 10.0, 34.0, 24.0, 33.0, 31.0, 15.0, 34.0, 30.0, 30.0, 20.0, 35.0, 5.0, 13.0, 14.0, 21.0, 27.0, 18.0, 23.0]
[2.5, 3.5, 2.5, 2.5, 3.5, 2.5, 2.5, 2.5, 5.0, 5.0, 9.0, 9.0, 1.9999999999999998, 1.9999999999999998, 1.9999999999999998, 3.0, 1.9999999999999998, 3.0, 3.0, 1.9999999999999998, 1.9999999999999998, 1.9999999999999998, 1.9999999999999998, 1.2, 1.9999999999999998, 1.2, 1.9999999999999998, 1.2]
[3.5, 2.5, 3.5, 3.5, 2.5, 3.5, 3.5, 3.5, 5.0, 5.0, 9.0, 9.0, 3.0, 3.0, 3.0, 1.9999999999999998, 3.0, 1.9999999999999998, 1.9999999999999998, 3.0, 1.2, 1.2, 1.2, 1.9999999999999998, 1.2, 1.9999999999999998, 1.2, 1.9999999999999998]
T = 0.2097152000000001	 step = 295
73.93
13.895299183238636
[14.0, 32.0, 17.0, 10.0, 17.0, 6.0, 9.0, 5.0, 23.0, 16.0, 34.0, 13.0, 35.0, 34.0, 22.0, 5.0, 27.0, 4.0, 27.0, 11.0, 37.0, 14.0, 22.0, 19.0, 25.0, 2.0, 21.0, 29.0]
[10.0, 18.0, 8.0, 13.0, 18.0, 25.0, 8.0, 9.0, 6.0, 25.0, 10.0, 34.0, 24.0, 33.0, 31.0, 15.0, 34.0, 30.0, 30.0, 20.0, 35.0, 5.0, 13.0, 14.0, 21.0, 27.0, 18.0, 23.0]
[2.5, 3.5, 2.5, 2.5, 3.5, 2.5, 2.5, 2.5, 5.0, 5.0, 9.0, 9.0, 1.9999999999999998, 1.9999999999999998, 1.9999999999999998, 3.0, 1.9999999999999998, 3.0, 3.0, 1.9999999999999998, 1.9999999999999998, 1.9999999999999998, 1.9999999999999998, 1.2, 1.9999999999999998, 1.2, 1.9999999999999998, 1.2]
[3.5, 2.5, 3.5, 3.5, 2.5, 3.5, 3.5, 3.5, 5.0, 5.0, 9.0, 9.0, 3.0, 3.0, 3.0, 1.9999999999999998, 3.0, 1.9999999999999998, 1.9999999999999998, 3.0, 1.2, 1.2, 1.2, 1.9999999999999998, 1.2, 1.9999999999999998, 1.2, 1.9999999999999998]
T = 0.2097152000000001	 step = 296
73.95000000000005
13.817174183238633
[14.0, 31.0, 17.0, 10.0, 17.0, 6.0, 9.0, 5.0, 23.0, 16.0, 34.0, 13.0, 35.0, 34.0, 22.0, 5.0, 27.0, 4.0, 27.0, 11.0, 37.0, 14.0, 22.0, 19.0, 25.0, 2.0, 21.0, 29.0]
[10.0, 18.0, 8.0, 13.0, 18.0, 25.0, 8.0, 9.0, 6.0, 25.0, 10.0, 34.0, 24.0, 33.0, 31.0, 15.0, 34.0, 30.0, 30.0, 20.0, 35.0, 5.0, 13.0, 14.0, 21.0, 27.0, 18.0, 23.0]
[2.5, 3.5, 2.5, 2.5, 3.5, 2.5, 2.5, 2.5, 5.0, 5.0, 9.0, 9.0, 1.9999999999999998, 1.9999999999999998, 1.9999999999999998, 3.0, 1.9999999999999998, 3.0, 3.0, 1.9999999999999998, 1.9999999999999998, 1.9999999999999998, 1.9999999999999998, 1.2, 1.9999999999999998, 1.2, 1.9999999999999998, 1.2]
[3.5, 2.5, 3.5, 3.5, 2.5, 3.5, 3.5, 3.5, 5.0, 5.0, 9.0, 9.0, 3.0, 3.0, 3.0, 1.9999999999999998, 3.0, 1.9999999999999998, 1.9999999999999998, 3.0, 1.2, 1.2, 1.2, 1.9999999999999998, 1.2, 1.9999999999999998, 1.2, 1.9999999999999998]
T = 0.2097152000000001	 step = 297
73.92000000000002
13.879704367897723
[14.0, 31.0, 17.0, 10.0, 17.0, 6.0, 9.0, 5.0, 23.0, 16.0, 34.0, 13.0, 35.0, 34.0, 22.0, 5.0, 27.0, 4.0, 27.0, 11.0, 37.0, 14.0, 22.0, 19.0, 25.0, 2.0, 21.0, 29.0]
[10.0, 18.0, 7.0, 13.0, 18.0, 25.0, 8.0, 9.0, 6.0, 25.0, 10.0, 34.0, 24.0, 33.0, 31.0, 15.0, 34.0, 30.0, 30.0, 20.0, 35.0, 5.0, 13.0, 14.0, 21.0, 27.0, 18.0, 23.0]
[2.5, 3.5, 2.5, 2.5, 3.5, 2.5, 2.5, 2.5, 5.0, 5.0, 9.0, 9.0, 1.9999999999999998, 1.9999999999999998, 1.9999999999999998, 3.0, 1.9999999999999998, 3.0, 3.0, 1.9999999999999998, 1.9999999999999998, 1.9999999999999998, 1.9999999999999998, 1.2, 1.9999999999999998, 1.2, 1.9999999999999998, 1.2]
[3.5, 2.5, 3.5, 3.5, 2.5, 3.5, 3.5, 3.5, 5.0, 5.0, 9.0, 9.0, 3.0, 3.0, 3.0, 1.9999999999999998, 3.0, 1.9999999999999998, 1.9999999999999998, 3.0, 1.2, 1.2, 1.2, 1.9999999999999998, 1.2, 1.9999999999999998, 1.2, 1.9999999999999998]
T = 0.2097152000000001	 step = 298
73.92000000000002
13.895329367897723
[14.0, 31.0, 17.0, 10.0, 17.0, 6.0, 9.0, 5.0, 23.0, 16.0, 34.0, 13.0, 35.0, 34.0, 22.0, 5.0, 27.0, 4.0, 27.0, 11.0, 37.0, 13.0, 22.0, 19.0, 25.0, 2.0, 21.0, 29.0]
[10.0, 18.0, 7.0, 13.0, 18.0, 25.0, 8.0, 9.0, 6.0, 25.0, 10.0, 34.0, 24.0, 33.0, 31.0, 15.0, 34.0, 30.0, 30.0, 20.0, 35.0, 5.0, 13.0, 14.0, 21.0, 27.0, 18.0, 23.0]
[2.5, 3.5, 2.5, 2.5, 3.5, 2.5, 2.5, 2.5, 5.0, 5.0, 9.0, 9.0, 1.9999999999999998, 1.9999999999999998, 1.9999999999999998, 3.0, 1.9999999999999998, 3.0, 3.0, 1.9999999999999998, 1.9999999999999998, 1.9999999999999998, 1.9999999999999998, 1.2, 1.9999999999999998, 1.2, 1.9999999999999998, 1.2]
[3.5, 2.5, 3.5, 3.5, 2.5, 3.5, 3.5, 3.5, 5.0, 5.0, 9.0, 9.0, 3.0, 3.0, 3.0, 1.9999999999999998, 3.0, 1.9999999999999998, 1.9999999999999998, 3.0, 1.2, 1.2, 1.2, 1.9999999999999998, 1.2, 1.9999999999999998, 1.2, 1.9999999999999998]
T = 0.2097152000000001	 step = 299
73.89000000000004
13.895329367897723
[14.0, 31.0, 17.0, 10.0, 17.0, 6.0, 9.0, 5.0, 23.0, 16.0, 34.0, 13.0, 35.0, 34.0, 22.0, 5.0, 27.0, 4.0, 27.0, 10.0, 37.0, 13.0, 22.0, 19.0, 25.0, 2.0, 21.0, 29.0]
[10.0, 18.0, 7.0, 13.0, 18.0, 25.0, 8.0, 9.0, 6.0, 25.0, 10.0, 34.0, 24.0, 33.0, 31.0, 15.0, 34.0, 30.0, 30.0, 20.0, 35.0, 5.0, 13.0, 14.0, 21.0, 27.0, 18.0, 23.0]
[2.5, 3.5, 2.5, 2.5, 3.5, 2.5, 2.5, 2.5, 5.0, 5.0, 9.0, 9.0, 1.9999999999999998, 1.9999999999999998, 1.9999999999999998, 3.0, 1.9999999999999998, 3.0, 3.0, 1.9999999999999998, 1.9999999999999998, 1.9999999999999998, 1.9999999999999998, 1.2, 1.9999999999999998, 1.2, 1.9999999999999998, 1.2]
[3.5, 2.5, 3.5, 3.5, 2.5, 3.5, 3.5, 3.5, 5.0, 5.0, 9.0, 9.0, 3.0, 3.0, 3.0, 1.9999999999999998, 3.0, 1.9999999999999998, 1.9999999999999998, 3.0, 1.2, 1.2, 1.2, 1.9999999999999998, 1.2, 1.9999999999999998, 1.2, 1.9999999999999998]
T = 0.2097152000000001	 step = 300
73.96000000000004
13.817204367897727
[14.0, 31.0, 17.0, 10.0, 17.0, 7.0, 9.0, 5.0, 23.0, 16.0, 34.0, 13.0, 35.0, 34.0, 22.0, 5.0, 27.0, 4.0, 27.0, 10.0, 37.0, 13.0, 22.0, 19.0, 25.0, 2.0, 21.0, 29.0]
[10.0, 18.0, 7.0, 13.0, 18.0, 25.0, 8.0, 9.0, 6.0, 25.0, 10.0, 34.0, 24.0, 33.0, 31.0, 15.0, 34.0, 30.0, 30.0, 20.0, 35.0, 5.0, 13.0, 14.0, 21.0, 27.0, 18.0, 23.0]
[2.5, 3.5, 2.5, 2.5, 3.5, 2.5, 2.5, 2.5, 5.0, 5.0, 9.0, 9.0, 1.9999999999999998, 1.9999999999999998, 1.9999999999999998, 3.0, 1.9999999999999998, 3.0, 3.0, 1.9999999999999998, 1.9999999999999998, 1.9999999999999998, 1.9999999999999998, 1.2, 1.9999999999999998, 1.2, 1.9999999999999998, 1.2]
[3.5, 2.5, 3.5, 3.5, 2.5, 3.5, 3.5, 3.5, 5.0, 5.0, 9.0, 9.0, 3.0, 3.0, 3.0, 1.9999999999999998, 3.0, 1.9999999999999998, 1.9999999999999998, 3.0, 1.2, 1.2, 1.2, 1.9999999999999998, 1.2, 1.9999999999999998, 1.2, 1.9999999999999998]
T = 0.2097152000000001	 step = 301
73.96000000000004
13.739079367897723
[14.0, 31.0, 17.0, 11.0, 17.0, 7.0, 9.0, 5.0, 23.0, 16.0, 34.0, 13.0, 35.0, 34.0, 22.0, 5.0, 27.0, 4.0, 27.0, 10.0, 37.0, 13.0, 22.0, 19.0, 25.0, 2.0, 21.0, 29.0]
[10.0, 18.0, 7.0, 13.0, 18.0, 25.0, 8.0, 9.0, 6.0, 25.0, 10.0, 34.0, 24.0, 33.0, 31.0, 15.0, 34.0, 30.0, 30.0, 20.0, 35.0, 5.0, 13.0, 14.0, 21.0, 27.0, 18.0, 23.0]
[2.5, 3.5, 2.5, 2.5, 3.5, 2.5, 2.5, 2.5, 5.0, 5.0, 9.0, 9.0, 1.9999999999999998, 1.9999999999999998, 1.9999999999999998, 3.0, 1.9999999999999998, 3.0, 3.0, 1.9999999999999998, 1.9999999999999998, 1.9999999999999998, 1.9999999999999998, 1.2, 1.9999999999999998, 1.2, 1.9999999999999998, 1.2]
[3.5, 2.5, 3.5, 3.5, 2.5, 3.5, 3.5, 3.5, 5.0, 5.0, 9.0, 9.0, 3.0, 3.0, 3.0, 1.9999999999999998, 3.0, 1.9999999999999998, 1.9999999999999998, 3.0, 1.2, 1.2, 1.2, 1.9999999999999998, 1.2, 1.9999999999999998, 1.2, 1.9999999999999998]
T = 0.2097152000000001	 step = 302
73.97000000000003
13.707829367897727
[14.0, 31.0, 17.0, 11.0, 17.0, 7.0, 9.0, 5.0, 23.0, 16.0, 34.0, 13.0, 35.0, 34.0, 22.0, 5.0, 26.0, 4.0, 27.0, 10.0, 37.0, 13.0, 22.0, 19.0, 25.0, 2.0, 21.0, 29.0]
[10.0, 18.0, 7.0, 13.0, 18.0, 25.0, 8.0, 9.0, 6.0, 25.0, 10.0, 34.0, 24.0, 33.0, 31.0, 15.0, 34.0, 30.0, 30.0, 20.0, 35.0, 5.0, 13.0, 14.0, 21.0, 27.0, 18.0, 23.0]
[2.5, 3.5, 2.5, 2.5, 3.5, 2.5, 2.5, 2.5, 5.0, 5.0, 9.0, 9.0, 1.9999999999999998, 1.9999999999999998, 1.9999999999999998, 3.0, 1.9999999999999998, 3.0, 3.0, 1.9999999999999998, 1.9999999999999998, 1.9999999999999998, 1.9999999999999998, 1.2, 1.9999999999999998, 1.2, 1.9999999999999998, 1.2]
[3.5, 2.5, 3.5, 3.5, 2.5, 3.5, 3.5, 3.5, 5.0, 5.0, 9.0, 9.0, 3.0, 3.0, 3.0, 1.9999999999999998, 3.0, 1.9999999999999998, 1.9999999999999998, 3.0, 1.2, 1.2, 1.2, 1.9999999999999998, 1.2, 1.9999999999999998, 1.2, 1.9999999999999998]
T = 0.2097152000000001	 step = 303
73.98000000000002
13.785954367897723
[14.0, 31.0, 17.0, 10.0, 17.0, 7.0, 9.0, 5.0, 23.0, 16.0, 34.0, 13.0, 35.0, 34.0, 22.0, 5.0, 26.0, 4.0, 27.0, 10.0, 37.0, 13.0, 22.0, 19.0, 25.0, 2.0, 21.0, 29.0]
[10.0, 18.0, 7.0, 13.0, 18.0, 25.0, 8.0, 9.0, 6.0, 25.0, 10.0, 34.0, 24.0, 33.0, 31.0, 15.0, 34.0, 30.0, 30.0, 20.0, 35.0, 5.0, 13.0, 14.0, 21.0, 27.0, 18.0, 23.0]
[2.5, 3.5, 2.5, 2.5, 3.5, 2.5, 2.5, 2.5, 5.0, 5.0, 9.0, 9.0, 1.9999999999999998, 1.9999999999999998, 1.9999999999999998, 3.0, 1.9999999999999998, 3.0, 3.0, 1.9999999999999998, 1.9999999999999998, 1.9999999999999998, 1.9999999999999998, 1.2, 1.9999999999999998, 1.2, 1.9999999999999998, 1.2]
[3.5, 2.5, 3.5, 3.5, 2.5, 3.5, 3.5, 3.5, 5.0, 5.0, 9.0, 9.0, 3.0, 3.0, 3.0, 1.9999999999999998, 3.0, 1.9999999999999998, 1.9999999999999998, 3.0, 1.2, 1.2, 1.2, 1.9999999999999998, 1.2, 1.9999999999999998, 1.2, 1.9999999999999998]
T = 0.2097152000000001	 step = 304
74.0
13.785954367897723
[14.0, 31.0, 17.0, 10.0, 17.0, 7.0, 9.0, 5.0, 23.0, 16.0, 34.0, 13.0, 35.0, 34.0, 22.0, 5.0, 26.0, 4.0, 27.0, 11.0, 37.0, 13.0, 22.0, 19.0, 25.0, 2.0, 21.0, 29.0]
[10.0, 18.0, 7.0, 13.0, 18.0, 25.0, 8.0, 9.0, 6.0, 25.0, 10.0, 34.0, 24.0, 33.0, 31.0, 15.0, 34.0, 30.0, 30.0, 20.0, 35.0, 5.0, 13.0, 14.0, 21.0, 27.0, 18.0, 23.0]
[2.5, 3.5, 2.5, 2.5, 3.5, 2.5, 2.5, 2.5, 5.0, 5.0, 9.0, 9.0, 1.9999999999999998, 1.9999999999999998, 1.9999999999999998, 3.0, 1.9999999999999998, 3.0, 3.0, 1.9999999999999998, 1.9999999999999998, 1.9999999999999998, 1.9999999999999998, 1.2, 1.9999999999999998, 1.2, 1.9999999999999998, 1.2]
[3.5, 2.5, 3.5, 3.5, 2.5, 3.5, 3.5, 3.5, 5.0, 5.0, 9.0, 9.0, 3.0, 3.0, 3.0, 1.9999999999999998, 3.0, 1.9999999999999998, 1.9999999999999998, 3.0, 1.2, 1.2, 1.2, 1.9999999999999998, 1.2, 1.9999999999999998, 1.2, 1.9999999999999998]
T = 0.2097152000000001	 step = 305
74.01000000000005
13.770329367897723
[14.0, 31.0, 17.0, 10.0, 17.0, 7.0, 9.0, 5.0, 23.0, 16.0, 34.0, 13.0, 35.0, 34.0, 22.0, 5.0, 26.0, 4.0, 27.0, 11.0, 37.0, 14.0, 22.0, 19.0, 25.0, 2.0, 21.0, 29.0]
[10.0, 18.0, 7.0, 13.0, 18.0, 25.0, 8.0, 9.0, 6.0, 25.0, 10.0, 34.0, 24.0, 33.0, 31.0, 15.0, 34.0, 30.0, 30.0, 20.0, 35.0, 5.0, 13.0, 14.0, 21.0, 27.0, 18.0, 23.0]
[2.5, 3.5, 2.5, 2.5, 3.5, 2.5, 2.5, 2.5, 5.0, 5.0, 9.0, 9.0, 1.9999999999999998, 1.9999999999999998, 1.9999999999999998, 3.0, 1.9999999999999998, 3.0, 3.0, 1.9999999999999998, 1.9999999999999998, 1.9999999999999998, 1.9999999999999998, 1.2, 1.9999999999999998, 1.2, 1.9999999999999998, 1.2]
[3.5, 2.5, 3.5, 3.5, 2.5, 3.5, 3.5, 3.5, 5.0, 5.0, 9.0, 9.0, 3.0, 3.0, 3.0, 1.9999999999999998, 3.0, 1.9999999999999998, 1.9999999999999998, 3.0, 1.2, 1.2, 1.2, 1.9999999999999998, 1.2, 1.9999999999999998, 1.2, 1.9999999999999998]
T = 0.2097152000000001	 step = 306
74.0
13.785954367897723
[14.0, 31.0, 17.0, 10.0, 17.0, 7.0, 9.0, 5.0, 23.0, 16.0, 34.0, 13.0, 35.0, 34.0, 22.0, 5.0, 26.0, 4.0, 27.0, 11.0, 37.0, 14.0, 22.0, 19.0, 25.0, 2.0, 21.0, 29.0]
[10.0, 18.0, 7.0, 13.0, 18.0, 25.0, 8.0, 9.0, 6.0, 25.0, 10.0, 34.0, 24.0, 33.0, 31.0, 15.0, 34.0, 30.0, 30.0, 20.0, 35.0, 5.0, 12.0, 14.0, 21.0, 27.0, 18.0, 23.0]
[2.5, 3.5, 2.5, 2.5, 3.5, 2.5, 2.5, 2.5, 5.0, 5.0, 9.0, 9.0, 1.9999999999999998, 1.9999999999999998, 1.9999999999999998, 3.0, 1.9999999999999998, 3.0, 3.0, 1.9999999999999998, 1.9999999999999998, 1.9999999999999998, 1.9999999999999998, 1.2, 1.9999999999999998, 1.2, 1.9999999999999998, 1.2]
[3.5, 2.5, 3.5, 3.5, 2.5, 3.5, 3.5, 3.5, 5.0, 5.0, 9.0, 9.0, 3.0, 3.0, 3.0, 1.9999999999999998, 3.0, 1.9999999999999998, 1.9999999999999998, 3.0, 1.2, 1.2, 1.2, 1.9999999999999998, 1.2, 1.9999999999999998, 1.2, 1.9999999999999998]
T = 0.2097152000000001	 step = 307
73.99000000000001
13.707829367897727
[14.0, 31.0, 17.0, 11.0, 17.0, 7.0, 9.0, 5.0, 23.0, 16.0, 34.0, 13.0, 35.0, 34.0, 22.0, 5.0, 26.0, 4.0, 27.0, 11.0, 37.0, 14.0, 22.0, 19.0, 25.0, 2.0, 21.0, 29.0]
[10.0, 18.0, 7.0, 13.0, 18.0, 25.0, 8.0, 9.0, 6.0, 25.0, 10.0, 34.0, 24.0, 33.0, 31.0, 15.0, 34.0, 30.0, 30.0, 20.0, 35.0, 5.0, 12.0, 14.0, 21.0, 27.0, 18.0, 23.0]
[2.5, 3.5, 2.5, 2.5, 3.5, 2.5, 2.5, 2.5, 5.0, 5.0, 9.0, 9.0, 1.9999999999999998, 1.9999999999999998, 1.9999999999999998, 3.0, 1.9999999999999998, 3.0, 3.0, 1.9999999999999998, 1.9999999999999998, 1.9999999999999998, 1.9999999999999998, 1.2, 1.9999999999999998, 1.2, 1.9999999999999998, 1.2]
[3.5, 2.5, 3.5, 3.5, 2.5, 3.5, 3.5, 3.5, 5.0, 5.0, 9.0, 9.0, 3.0, 3.0, 3.0, 1.9999999999999998, 3.0, 1.9999999999999998, 1.9999999999999998, 3.0, 1.2, 1.2, 1.2, 1.9999999999999998, 1.2, 1.9999999999999998, 1.2, 1.9999999999999998]
T = 0.2097152000000001	 step = 308
73.98000000000002
13.739079367897723
[14.0, 31.0, 17.0, 11.0, 17.0, 7.0, 9.0, 5.0, 23.0, 16.0, 34.0, 13.0, 35.0, 34.0, 22.0, 5.0, 26.0, 4.0, 27.0, 11.0, 37.0, 14.0, 22.0, 19.0, 25.0, 2.0, 21.0, 29.0]
[10.0, 18.0, 7.0, 13.0, 18.0, 25.0, 8.0, 9.0, 6.0, 25.0, 10.0, 34.0, 24.0, 33.0, 31.0, 15.0, 35.0, 30.0, 30.0, 20.0, 35.0, 5.0, 12.0, 14.0, 21.0, 27.0, 18.0, 23.0]
[2.5, 3.5, 2.5, 2.5, 3.5, 2.5, 2.5, 2.5, 5.0, 5.0, 9.0, 9.0, 1.9999999999999998, 1.9999999999999998, 1.9999999999999998, 3.0, 1.9999999999999998, 3.0, 3.0, 1.9999999999999998, 1.9999999999999998, 1.9999999999999998, 1.9999999999999998, 1.2, 1.9999999999999998, 1.2, 1.9999999999999998, 1.2]
[3.5, 2.5, 3.5, 3.5, 2.5, 3.5, 3.5, 3.5, 5.0, 5.0, 9.0, 9.0, 3.0, 3.0, 3.0, 1.9999999999999998, 3.0, 1.9999999999999998, 1.9999999999999998, 3.0, 1.2, 1.2, 1.2, 1.9999999999999998, 1.2, 1.9999999999999998, 1.2, 1.9999999999999998]
T = 0.2097152000000001	 step = 309
73.98000000000002
13.770329367897727
[14.0, 31.0, 17.0, 11.0, 17.0, 7.0, 9.0, 5.0, 23.0, 16.0, 34.0, 13.0, 35.0, 34.0, 22.0, 5.0, 26.0, 4.0, 27.0, 11.0, 37.0, 14.0, 22.0, 19.0, 25.0, 2.0, 21.0, 29.0]
[10.0, 18.0, 7.0, 13.0, 18.0, 25.0, 8.0, 9.0, 6.0, 25.0, 10.0, 34.0, 24.0, 33.0, 31.0, 15.0, 35.0, 31.0, 30.0, 20.0, 35.0, 5.0, 12.0, 14.0, 21.0, 27.0, 18.0, 23.0]
[2.5, 3.5, 2.5, 2.5, 3.5, 2.5, 2.5, 2.5, 5.0, 5.0, 9.0, 9.0, 1.9999999999999998, 1.9999999999999998, 1.9999999999999998, 3.0, 1.9999999999999998, 3.0, 3.0, 1.9999999999999998, 1.9999999999999998, 1.9999999999999998, 1.9999999999999998, 1.2, 1.9999999999999998, 1.2, 1.9999999999999998, 1.2]
[3.5, 2.5, 3.5, 3.5, 2.5, 3.5, 3.5, 3.5, 5.0, 5.0, 9.0, 9.0, 3.0, 3.0, 3.0, 1.9999999999999998, 3.0, 1.9999999999999998, 1.9999999999999998, 3.0, 1.2, 1.2, 1.2, 1.9999999999999998, 1.2, 1.9999999999999998, 1.2, 1.9999999999999998]
T = 0.2097152000000001	 step = 310
74.18
13.832829367897723
[14.0, 31.0, 17.0, 11.0, 17.0, 7.0, 9.0, 5.0, 23.0, 16.0, 34.0, 13.0, 35.0, 34.0, 22.0, 5.0, 26.0, 4.0, 27.0, 11.0, 37.0, 14.0, 22.0, 19.0, 25.0, 2.0, 21.0, 29.0]
[10.0, 18.0, 7.0, 13.0, 18.0, 25.0, 8.0, 9.0, 6.0, 24.0, 10.0, 34.0, 24.0, 33.0, 31.0, 15.0, 35.0, 31.0, 30.0, 20.0, 35.0, 5.0, 12.0, 14.0, 21.0, 27.0, 18.0, 23.0]
[2.5, 3.5, 2.5, 2.5, 3.5, 2.5, 2.5, 2.5, 5.0, 5.0, 9.0, 9.0, 1.9999999999999998, 1.9999999999999998, 1.9999999999999998, 3.0, 1.9999999999999998, 3.0, 3.0, 1.9999999999999998, 1.9999999999999998, 1.9999999999999998, 1.9999999999999998, 1.2, 1.9999999999999998, 1.2, 1.9999999999999998, 1.2]
[3.5, 2.5, 3.5, 3.5, 2.5, 3.5, 3.5, 3.5, 5.0, 5.0, 9.0, 9.0, 3.0, 3.0, 3.0, 1.9999999999999998, 3.0, 1.9999999999999998, 1.9999999999999998, 3.0, 1.2, 1.2, 1.2, 1.9999999999999998, 1.2, 1.9999999999999998, 1.2, 1.9999999999999998]
T = 0.2097152000000001	 step = 311
74.18
13.801579367897727
[14.0, 31.0, 17.0, 11.0, 17.0, 7.0, 9.0, 5.0, 23.0, 16.0, 34.0, 13.0, 35.0, 33.0, 22.0, 5.0, 26.0, 4.0, 27.0, 11.0, 37.0, 14.0, 22.0, 19.0, 25.0, 2.0, 21.0, 29.0]
[10.0, 18.0, 7.0, 13.0, 18.0, 25.0, 8.0, 9.0, 6.0, 24.0, 10.0, 34.0, 24.0, 33.0, 31.0, 15.0, 35.0, 31.0, 30.0, 20.0, 35.0, 5.0, 12.0, 14.0, 21.0, 27.0, 18.0, 23.0]
[2.5, 3.5, 2.5, 2.5, 3.5, 2.5, 2.5, 2.5, 5.0, 5.0, 9.0, 9.0, 1.9999999999999998, 1.9999999999999998, 1.9999999999999998, 3.0, 1.9999999999999998, 3.0, 3.0, 1.9999999999999998, 1.9999999999999998, 1.9999999999999998, 1.9999999999999998, 1.2, 1.9999999999999998, 1.2, 1.9999999999999998, 1.2]
[3.5, 2.5, 3.5, 3.5, 2.5, 3.5, 3.5, 3.5, 5.0, 5.0, 9.0, 9.0, 3.0, 3.0, 3.0, 1.9999999999999998, 3.0, 1.9999999999999998, 1.9999999999999998, 3.0, 1.2, 1.2, 1.2, 1.9999999999999998, 1.2, 1.9999999999999998, 1.2, 1.9999999999999998]
T = 0.2097152000000001	 step = 312
74.18
13.770329367897727
[14.0, 31.0, 17.0, 11.0, 17.0, 7.0, 9.0, 5.0, 23.0, 16.0, 34.0, 13.0, 35.0, 33.0, 22.0, 5.0, 26.0, 4.0, 27.0, 11.0, 37.0, 14.0, 22.0, 19.0, 25.0, 2.0, 21.0, 29.0]
[10.0, 18.0, 7.0, 13.0, 18.0, 25.0, 8.0, 9.0, 6.0, 24.0, 10.0, 34.0, 24.0, 32.0, 31.0, 15.0, 35.0, 31.0, 30.0, 20.0, 35.0, 5.0, 12.0, 14.0, 21.0, 27.0, 18.0, 23.0]
[2.5, 3.5, 2.5, 2.5, 3.5, 2.5, 2.5, 2.5, 5.0, 5.0, 9.0, 9.0, 1.9999999999999998, 1.9999999999999998, 1.9999999999999998, 3.0, 1.9999999999999998, 3.0, 3.0, 1.9999999999999998, 1.9999999999999998, 1.9999999999999998, 1.9999999999999998, 1.2, 1.9999999999999998, 1.2, 1.9999999999999998, 1.2]
[3.5, 2.5, 3.5, 3.5, 2.5, 3.5, 3.5, 3.5, 5.0, 5.0, 9.0, 9.0, 3.0, 3.0, 3.0, 1.9999999999999998, 3.0, 1.9999999999999998, 1.9999999999999998, 3.0, 1.2, 1.2, 1.2, 1.9999999999999998, 1.2, 1.9999999999999998, 1.2, 1.9999999999999998]
T = 0.2097152000000001	 step = 313
74.19
13.848454367897727
[14.0, 31.0, 17.0, 10.0, 17.0, 7.0, 9.0, 5.0, 23.0, 16.0, 34.0, 13.0, 35.0, 33.0, 22.0, 5.0, 26.0, 4.0, 27.0, 11.0, 37.0, 14.0, 22.0, 19.0, 25.0, 2.0, 21.0, 29.0]
[10.0, 18.0, 7.0, 13.0, 18.0, 25.0, 8.0, 9.0, 6.0, 24.0, 10.0, 34.0, 24.0, 32.0, 31.0, 15.0, 35.0, 31.0, 30.0, 20.0, 35.0, 5.0, 12.0, 14.0, 21.0, 27.0, 18.0, 23.0]
[2.5, 3.5, 2.5, 2.5, 3.5, 2.5, 2.5, 2.5, 5.0, 5.0, 9.0, 9.0, 1.9999999999999998, 1.9999999999999998, 1.9999999999999998, 3.0, 1.9999999999999998, 3.0, 3.0, 1.9999999999999998, 1.9999999999999998, 1.9999999999999998, 1.9999999999999998, 1.2, 1.9999999999999998, 1.2, 1.9999999999999998, 1.2]
[3.5, 2.5, 3.5, 3.5, 2.5, 3.5, 3.5, 3.5, 5.0, 5.0, 9.0, 9.0, 3.0, 3.0, 3.0, 1.9999999999999998, 3.0, 1.9999999999999998, 1.9999999999999998, 3.0, 1.2, 1.2, 1.2, 1.9999999999999998, 1.2, 1.9999999999999998, 1.2, 1.9999999999999998]
T = 0.2097152000000001	 step = 314
74.16000000000003
13.902076526988635
[14.0, 31.0, 17.0, 10.0, 17.0, 7.0, 9.0, 5.0, 23.0, 16.0, 34.0, 12.0, 35.0, 33.0, 22.0, 5.0, 26.0, 4.0, 27.0, 11.0, 37.0, 14.0, 22.0, 19.0, 25.0, 2.0, 21.0, 29.0]
[10.0, 18.0, 7.0, 13.0, 18.0, 25.0, 8.0, 9.0, 6.0, 24.0, 10.0, 34.0, 24.0, 32.0, 31.0, 15.0, 35.0, 31.0, 30.0, 20.0, 35.0, 5.0, 12.0, 14.0, 21.0, 27.0, 18.0, 23.0]
[2.5, 3.5, 2.5, 2.5, 3.5, 2.5, 2.5, 2.5, 5.0, 5.0, 9.0, 9.0, 1.9999999999999998, 1.9999999999999998, 1.9999999999999998, 3.0, 1.9999999999999998, 3.0, 3.0, 1.9999999999999998, 1.9999999999999998, 1.9999999999999998, 1.9999999999999998, 1.2, 1.9999999999999998, 1.2, 1.9999999999999998, 1.2]
[3.5, 2.5, 3.5, 3.5, 2.5, 3.5, 3.5, 3.5, 5.0, 5.0, 9.0, 9.0, 3.0, 3.0, 3.0, 1.9999999999999998, 3.0, 1.9999999999999998, 1.9999999999999998, 3.0, 1.2, 1.2, 1.2, 1.9999999999999998, 1.2, 1.9999999999999998, 1.2, 1.9999999999999998]
T = 0.2097152000000001	 step = 315
74.25
13.777076526988635
[14.0, 31.0, 17.0, 10.0, 17.0, 7.0, 9.0, 5.0, 23.0, 16.0, 34.0, 12.0, 35.0, 33.0, 22.0, 5.0, 26.0, 4.0, 27.0, 11.0, 37.0, 14.0, 22.0, 19.0, 25.0, 2.0, 21.0, 29.0]
[10.0, 18.0, 7.0, 13.0, 18.0, 25.0, 8.0, 9.0, 6.0, 24.0, 10.0, 33.0, 24.0, 32.0, 31.0, 15.0, 35.0, 31.0, 30.0, 20.0, 35.0, 5.0, 12.0, 14.0, 21.0, 27.0, 18.0, 23.0]
[2.5, 3.5, 2.5, 2.5, 3.5, 2.5, 2.5, 2.5, 5.0, 5.0, 9.0, 9.0, 1.9999999999999998, 1.9999999999999998, 1.9999999999999998, 3.0, 1.9999999999999998, 3.0, 3.0, 1.9999999999999998, 1.9999999999999998, 1.9999999999999998, 1.9999999999999998, 1.2, 1.9999999999999998, 1.2, 1.9999999999999998, 1.2]
[3.5, 2.5, 3.5, 3.5, 2.5, 3.5, 3.5, 3.5, 5.0, 5.0, 9.0, 9.0, 3.0, 3.0, 3.0, 1.9999999999999998, 3.0, 1.9999999999999998, 1.9999999999999998, 3.0, 1.2, 1.2, 1.2, 1.9999999999999998, 1.2, 1.9999999999999998, 1.2, 1.9999999999999998]
T = 0.2097152000000001	 step = 316
74.23000000000002
13.792701526988633
[14.0, 31.0, 17.0, 10.0, 17.0, 7.0, 9.0, 5.0, 23.0, 16.0, 34.0, 12.0, 35.0, 33.0, 22.0, 5.0, 26.0, 4.0, 27.0, 11.0, 37.0, 14.0, 22.0, 19.0, 25.0, 2.0, 21.0, 29.0]
[10.0, 18.0, 7.0, 13.0, 18.0, 25.0, 8.0, 9.0, 6.0, 24.0, 10.0, 33.0, 24.0, 32.0, 31.0, 15.0, 35.0, 31.0, 30.0, 20.0, 35.0, 5.0, 12.0, 14.0, 21.0, 27.0, 17.0, 23.0]
[2.5, 3.5, 2.5, 2.5, 3.5, 2.5, 2.5, 2.5, 5.0, 5.0, 9.0, 9.0, 1.9999999999999998, 1.9999999999999998, 1.9999999999999998, 3.0, 1.9999999999999998, 3.0, 3.0, 1.9999999999999998, 1.9999999999999998, 1.9999999999999998, 1.9999999999999998, 1.2, 1.9999999999999998, 1.2, 1.9999999999999998, 1.2]
[3.5, 2.5, 3.5, 3.5, 2.5, 3.5, 3.5, 3.5, 5.0, 5.0, 9.0, 9.0, 3.0, 3.0, 3.0, 1.9999999999999998, 3.0, 1.9999999999999998, 1.9999999999999998, 3.0, 1.2, 1.2, 1.2, 1.9999999999999998, 1.2, 1.9999999999999998, 1.2, 1.9999999999999998]
T = 0.2097152000000001	 step = 317
74.22000000000003
13.823951526988633
[14.0, 31.0, 17.0, 10.0, 17.0, 7.0, 9.0, 5.0, 23.0, 16.0, 34.0, 12.0, 35.0, 33.0, 22.0, 4.0, 26.0, 4.0, 27.0, 11.0, 37.0, 14.0, 22.0, 19.0, 25.0, 2.0, 21.0, 29.0]
[10.0, 18.0, 7.0, 13.0, 18.0, 25.0, 8.0, 9.0, 6.0, 24.0, 10.0, 33.0, 24.0, 32.0, 31.0, 15.0, 35.0, 31.0, 30.0, 20.0, 35.0, 5.0, 12.0, 14.0, 21.0, 27.0, 17.0, 23.0]
[2.5, 3.5, 2.5, 2.5, 3.5, 2.5, 2.5, 2.5, 5.0, 5.0, 9.0, 9.0, 1.9999999999999998, 1.9999999999999998, 1.9999999999999998, 3.0, 1.9999999999999998, 3.0, 3.0, 1.9999999999999998, 1.9999999999999998, 1.9999999999999998, 1.9999999999999998, 1.2, 1.9999999999999998, 1.2, 1.9999999999999998, 1.2]
[3.5, 2.5, 3.5, 3.5, 2.5, 3.5, 3.5, 3.5, 5.0, 5.0, 9.0, 9.0, 3.0, 3.0, 3.0, 1.9999999999999998, 3.0, 1.9999999999999998, 1.9999999999999998, 3.0, 1.2, 1.2, 1.2, 1.9999999999999998, 1.2, 1.9999999999999998, 1.2, 1.9999999999999998]
T = 0.2097152000000001	 step = 318
74.22000000000003
13.817917258522725
[14.0, 31.0, 17.0, 10.0, 17.0, 7.0, 9.0, 5.0, 23.0, 16.0, 34.0, 12.0, 35.0, 33.0, 22.0, 4.0, 26.0, 4.0, 27.0, 11.0, 37.0, 14.0, 23.0, 19.0, 25.0, 2.0, 21.0, 29.0]
[10.0, 18.0, 7.0, 13.0, 18.0, 25.0, 8.0, 9.0, 6.0, 24.0, 10.0, 33.0, 24.0, 32.0, 31.0, 15.0, 35.0, 31.0, 30.0, 20.0, 35.0, 5.0, 12.0, 14.0, 21.0, 27.0, 17.0, 23.0]
[2.5, 3.5, 2.5, 2.5, 3.5, 2.5, 2.5, 2.5, 5.0, 5.0, 9.0, 9.0, 1.9999999999999998, 1.9999999999999998, 1.9999999999999998, 3.0, 1.9999999999999998, 3.0, 3.0, 1.9999999999999998, 1.9999999999999998, 1.9999999999999998, 1.9999999999999998, 1.2, 1.9999999999999998, 1.2, 1.9999999999999998, 1.2]
[3.5, 2.5, 3.5, 3.5, 2.5, 3.5, 3.5, 3.5, 5.0, 5.0, 9.0, 9.0, 3.0, 3.0, 3.0, 1.9999999999999998, 3.0, 1.9999999999999998, 1.9999999999999998, 3.0, 1.2, 1.2, 1.2, 1.9999999999999998, 1.2, 1.9999999999999998, 1.2, 1.9999999999999998]
T = 0.2097152000000001	 step = 319
74.20000000000005
13.802292258522725
[14.0, 31.0, 17.0, 10.0, 17.0, 7.0, 8.0, 5.0, 23.0, 16.0, 34.0, 12.0, 35.0, 33.0, 22.0, 4.0, 26.0, 4.0, 27.0, 11.0, 37.0, 14.0, 23.0, 19.0, 25.0, 2.0, 21.0, 29.0]
[10.0, 18.0, 7.0, 13.0, 18.0, 25.0, 8.0, 9.0, 6.0, 24.0, 10.0, 33.0, 24.0, 32.0, 31.0, 15.0, 35.0, 31.0, 30.0, 20.0, 35.0, 5.0, 12.0, 14.0, 21.0, 27.0, 17.0, 23.0]
[2.5, 3.5, 2.5, 2.5, 3.5, 2.5, 2.5, 2.5, 5.0, 5.0, 9.0, 9.0, 1.9999999999999998, 1.9999999999999998, 1.9999999999999998, 3.0, 1.9999999999999998, 3.0, 3.0, 1.9999999999999998, 1.9999999999999998, 1.9999999999999998, 1.9999999999999998, 1.2, 1.9999999999999998, 1.2, 1.9999999999999998, 1.2]
[3.5, 2.5, 3.5, 3.5, 2.5, 3.5, 3.5, 3.5, 5.0, 5.0, 9.0, 9.0, 3.0, 3.0, 3.0, 1.9999999999999998, 3.0, 1.9999999999999998, 1.9999999999999998, 3.0, 1.2, 1.2, 1.2, 1.9999999999999998, 1.2, 1.9999999999999998, 1.2, 1.9999999999999998]
T = 0.2097152000000001	 step = 320
74.20000000000005
13.833542258522725
[14.0, 31.0, 17.0, 10.0, 17.0, 7.0, 8.0, 5.0, 23.0, 16.0, 34.0, 12.0, 35.0, 34.0, 22.0, 4.0, 26.0, 4.0, 27.0, 11.0, 37.0, 14.0, 23.0, 19.0, 25.0, 2.0, 21.0, 29.0]
[10.0, 18.0, 7.0, 13.0, 18.0, 25.0, 8.0, 9.0, 6.0, 24.0, 10.0, 33.0, 24.0, 32.0, 31.0, 15.0, 35.0, 31.0, 30.0, 20.0, 35.0, 5.0, 12.0, 14.0, 21.0, 27.0, 17.0, 23.0]
[2.5, 3.5, 2.5, 2.5, 3.5, 2.5, 2.5, 2.5, 5.0, 5.0, 9.0, 9.0, 1.9999999999999998, 1.9999999999999998, 1.9999999999999998, 3.0, 1.9999999999999998, 3.0, 3.0, 1.9999999999999998, 1.9999999999999998, 1.9999999999999998, 1.9999999999999998, 1.2, 1.9999999999999998, 1.2, 1.9999999999999998, 1.2]
[3.5, 2.5, 3.5, 3.5, 2.5, 3.5, 3.5, 3.5, 5.0, 5.0, 9.0, 9.0, 3.0, 3.0, 3.0, 1.9999999999999998, 3.0, 1.9999999999999998, 1.9999999999999998, 3.0, 1.2, 1.2, 1.2, 1.9999999999999998, 1.2, 1.9999999999999998, 1.2, 1.9999999999999998]
T = 0.2097152000000001	 step = 321
74.18
13.838891157670451
[14.0, 31.0, 17.0, 10.0, 17.0, 7.0, 8.0, 5.0, 23.0, 16.0, 34.0, 12.0, 35.0, 34.0, 22.0, 4.0, 26.0, 3.0, 27.0, 11.0, 37.0, 14.0, 23.0, 19.0, 25.0, 2.0, 21.0, 29.0]
[10.0, 18.0, 7.0, 13.0, 18.0, 25.0, 8.0, 9.0, 6.0, 24.0, 10.0, 33.0, 24.0, 32.0, 31.0, 15.0, 35.0, 31.0, 30.0, 20.0, 35.0, 5.0, 12.0, 14.0, 21.0, 27.0, 17.0, 23.0]
[2.5, 3.5, 2.5, 2.5, 3.5, 2.5, 2.5, 2.5, 5.0, 5.0, 9.0, 9.0, 1.9999999999999998, 1.9999999999999998, 1.9999999999999998, 3.0, 1.9999999999999998, 3.0, 3.0, 1.9999999999999998, 1.9999999999999998, 1.9999999999999998, 1.9999999999999998, 1.2, 1.9999999999999998, 1.2, 1.9999999999999998, 1.2]
[3.5, 2.5, 3.5, 3.5, 2.5, 3.5, 3.5, 3.5, 5.0, 5.0, 9.0, 9.0, 3.0, 3.0, 3.0, 1.9999999999999998, 3.0, 1.9999999999999998, 1.9999999999999998, 3.0, 1.2, 1.2, 1.2, 1.9999999999999998, 1.2, 1.9999999999999998, 1.2, 1.9999999999999998]
T = 0.1677721600000001	 step = 322
74.19
13.823266157670453
[14.0, 31.0, 17.0, 10.0, 17.0, 7.0, 8.0, 5.0, 23.0, 16.0, 34.0, 12.0, 35.0, 34.0, 22.0, 4.0, 26.0, 3.0, 27.0, 11.0, 37.0, 14.0, 23.0, 19.0, 25.0, 2.0, 21.0, 29.0]
[10.0, 18.0, 7.0, 13.0, 18.0, 25.0, 8.0, 9.0, 6.0, 24.0, 10.0, 33.0, 24.0, 32.0, 31.0, 15.0, 35.0, 31.0, 30.0, 20.0, 35.0, 6.0, 12.0, 14.0, 21.0, 27.0, 17.0, 23.0]
[2.5, 3.5, 2.5, 2.5, 3.5, 2.5, 2.5, 2.5, 5.0, 5.0, 9.0, 9.0, 1.9999999999999998, 1.9999999999999998, 1.9999999999999998, 3.0, 1.9999999999999998, 3.0, 3.0, 1.9999999999999998, 1.9999999999999998, 1.9999999999999998, 1.9999999999999998, 1.2, 1.9999999999999998, 1.2, 1.9999999999999998, 1.2]
[3.5, 2.5, 3.5, 3.5, 2.5, 3.5, 3.5, 3.5, 5.0, 5.0, 9.0, 9.0, 3.0, 3.0, 3.0, 1.9999999999999998, 3.0, 1.9999999999999998, 1.9999999999999998, 3.0, 1.2, 1.2, 1.2, 1.9999999999999998, 1.2, 1.9999999999999998, 1.2, 1.9999999999999998]
T = 0.1677721600000001	 step = 323
74.22000000000003
13.760735973011363
[14.0, 31.0, 17.0, 10.0, 17.0, 7.0, 8.0, 5.0, 23.0, 16.0, 34.0, 12.0, 35.0, 34.0, 22.0, 4.0, 26.0, 3.0, 27.0, 11.0, 37.0, 14.0, 23.0, 19.0, 25.0, 2.0, 21.0, 29.0]
[10.0, 18.0, 8.0, 13.0, 18.0, 25.0, 8.0, 9.0, 6.0, 24.0, 10.0, 33.0, 24.0, 32.0, 31.0, 15.0, 35.0, 31.0, 30.0, 20.0, 35.0, 6.0, 12.0, 14.0, 21.0, 27.0, 17.0, 23.0]
[2.5, 3.5, 2.5, 2.5, 3.5, 2.5, 2.5, 2.5, 5.0, 5.0, 9.0, 9.0, 1.9999999999999998, 1.9999999999999998, 1.9999999999999998, 3.0, 1.9999999999999998, 3.0, 3.0, 1.9999999999999998, 1.9999999999999998, 1.9999999999999998, 1.9999999999999998, 1.2, 1.9999999999999998, 1.2, 1.9999999999999998, 1.2]
[3.5, 2.5, 3.5, 3.5, 2.5, 3.5, 3.5, 3.5, 5.0, 5.0, 9.0, 9.0, 3.0, 3.0, 3.0, 1.9999999999999998, 3.0, 1.9999999999999998, 1.9999999999999998, 3.0, 1.2, 1.2, 1.2, 1.9999999999999998, 1.2, 1.9999999999999998, 1.2, 1.9999999999999998]
T = 0.1677721600000001	 step = 324
74.23000000000002
13.729485973011363
[14.0, 31.0, 17.0, 10.0, 17.0, 7.0, 8.0, 5.0, 23.0, 16.0, 34.0, 12.0, 35.0, 34.0, 22.0, 4.0, 26.0, 3.0, 26.0, 11.0, 37.0, 14.0, 23.0, 19.0, 25.0, 2.0, 21.0, 29.0]
[10.0, 18.0, 8.0, 13.0, 18.0, 25.0, 8.0, 9.0, 6.0, 24.0, 10.0, 33.0, 24.0, 32.0, 31.0, 15.0, 35.0, 31.0, 30.0, 20.0, 35.0, 6.0, 12.0, 14.0, 21.0, 27.0, 17.0, 23.0]
[2.5, 3.5, 2.5, 2.5, 3.5, 2.5, 2.5, 2.5, 5.0, 5.0, 9.0, 9.0, 1.9999999999999998, 1.9999999999999998, 1.9999999999999998, 3.0, 1.9999999999999998, 3.0, 3.0, 1.9999999999999998, 1.9999999999999998, 1.9999999999999998, 1.9999999999999998, 1.2, 1.9999999999999998, 1.2, 1.9999999999999998, 1.2]
[3.5, 2.5, 3.5, 3.5, 2.5, 3.5, 3.5, 3.5, 5.0, 5.0, 9.0, 9.0, 3.0, 3.0, 3.0, 1.9999999999999998, 3.0, 1.9999999999999998, 1.9999999999999998, 3.0, 1.2, 1.2, 1.2, 1.9999999999999998, 1.2, 1.9999999999999998, 1.2, 1.9999999999999998]
T = 0.1677721600000001	 step = 325
74.28000000000003
13.739251598011363
[14.0, 31.0, 17.0, 10.0, 17.0, 7.0, 8.0, 5.0, 23.0, 16.0, 34.0, 12.0, 35.0, 34.0, 22.0, 4.0, 26.0, 3.0, 26.0, 11.0, 37.0, 14.0, 23.0, 19.0, 25.0, 2.0, 21.0, 29.0]
[11.0, 18.0, 8.0, 13.0, 18.0, 25.0, 8.0, 9.0, 6.0, 24.0, 10.0, 33.0, 24.0, 32.0, 31.0, 15.0, 35.0, 31.0, 30.0, 20.0, 35.0, 6.0, 12.0, 14.0, 21.0, 27.0, 17.0, 23.0]
[2.5, 3.5, 2.5, 2.5, 3.5, 2.5, 2.5, 2.5, 5.0, 5.0, 9.0, 9.0, 1.9999999999999998, 1.9999999999999998, 1.9999999999999998, 3.0, 1.9999999999999998, 3.0, 3.0, 1.9999999999999998, 1.9999999999999998, 1.9999999999999998, 1.9999999999999998, 1.2, 1.9999999999999998, 1.2, 1.9999999999999998, 1.2]
[3.5, 2.5, 3.5, 3.5, 2.5, 3.5, 3.5, 3.5, 5.0, 5.0, 9.0, 9.0, 3.0, 3.0, 3.0, 1.9999999999999998, 3.0, 1.9999999999999998, 1.9999999999999998, 3.0, 1.2, 1.2, 1.2, 1.9999999999999998, 1.2, 1.9999999999999998, 1.2, 1.9999999999999998]
T = 0.1677721600000001	 step = 326
74.30000000000001
13.737720170454544
[14.0, 31.0, 17.0, 10.0, 17.0, 7.0, 8.0, 5.0, 23.0, 16.0, 34.0, 12.0, 35.0, 34.0, 21.0, 4.0, 26.0, 3.0, 26.0, 11.0, 37.0, 14.0, 23.0, 19.0, 25.0, 2.0, 21.0, 29.0]
[11.0, 18.0, 8.0, 13.0, 18.0, 25.0, 8.0, 9.0, 6.0, 24.0, 10.0, 33.0, 24.0, 32.0, 31.0, 15.0, 35.0, 31.0, 30.0, 20.0, 35.0, 6.0, 12.0, 14.0, 21.0, 27.0, 17.0, 23.0]
[2.5, 3.5, 2.5, 2.5, 3.5, 2.5, 2.5, 2.5, 5.0, 5.0, 9.0, 9.0, 1.9999999999999998, 1.9999999999999998, 1.9999999999999998, 3.0, 1.9999999999999998, 3.0, 3.0, 1.9999999999999998, 1.9999999999999998, 1.9999999999999998, 1.9999999999999998, 1.2, 1.9999999999999998, 1.2, 1.9999999999999998, 1.2]
[3.5, 2.5, 3.5, 3.5, 2.5, 3.5, 3.5, 3.5, 5.0, 5.0, 9.0, 9.0, 3.0, 3.0, 3.0, 1.9999999999999998, 3.0, 1.9999999999999998, 1.9999999999999998, 3.0, 1.2, 1.2, 1.2, 1.9999999999999998, 1.2, 1.9999999999999998, 1.2, 1.9999999999999998]
T = 0.1677721600000001	 step = 327
74.29000000000002
13.722095170454542
[14.0, 31.0, 17.0, 10.0, 17.0, 7.0, 8.0, 5.0, 23.0, 16.0, 34.0, 12.0, 35.0, 34.0, 21.0, 4.0, 26.0, 3.0, 26.0, 11.0, 37.0, 14.0, 23.0, 19.0, 25.0, 2.0, 22.0, 29.0]
[11.0, 18.0, 8.0, 13.0, 18.0, 25.0, 8.0, 9.0, 6.0, 24.0, 10.0, 33.0, 24.0, 32.0, 31.0, 15.0, 35.0, 31.0, 30.0, 20.0, 35.0, 6.0, 12.0, 14.0, 21.0, 27.0, 17.0, 23.0]
[2.5, 3.5, 2.5, 2.5, 3.5, 2.5, 2.5, 2.5, 5.0, 5.0, 9.0, 9.0, 1.9999999999999998, 1.9999999999999998, 1.9999999999999998, 3.0, 1.9999999999999998, 3.0, 3.0, 1.9999999999999998, 1.9999999999999998, 1.9999999999999998, 1.9999999999999998, 1.2, 1.9999999999999998, 1.2, 1.9999999999999998, 1.2]
[3.5, 2.5, 3.5, 3.5, 2.5, 3.5, 3.5, 3.5, 5.0, 5.0, 9.0, 9.0, 3.0, 3.0, 3.0, 1.9999999999999998, 3.0, 1.9999999999999998, 1.9999999999999998, 3.0, 1.2, 1.2, 1.2, 1.9999999999999998, 1.2, 1.9999999999999998, 1.2, 1.9999999999999998]
T = 0.1677721600000001	 step = 328
74.37
13.569664417613636
[14.0, 31.0, 17.0, 10.0, 17.0, 7.0, 8.0, 5.0, 23.0, 16.0, 34.0, 12.0, 35.0, 34.0, 21.0, 4.0, 26.0, 3.0, 26.0, 11.0, 37.0, 14.0, 23.0, 19.0, 25.0, 2.0, 22.0, 29.0]
[11.0, 18.0, 8.0, 13.0, 18.0, 25.0, 8.0, 9.0, 7.0, 24.0, 10.0, 33.0, 24.0, 32.0, 31.0, 15.0, 35.0, 31.0, 30.0, 20.0, 35.0, 6.0, 12.0, 14.0, 21.0, 27.0, 17.0, 23.0]
[2.5, 3.5, 2.5, 2.5, 3.5, 2.5, 2.5, 2.5, 5.0, 5.0, 9.0, 9.0, 1.9999999999999998, 1.9999999999999998, 1.9999999999999998, 3.0, 1.9999999999999998, 3.0, 3.0, 1.9999999999999998, 1.9999999999999998, 1.9999999999999998, 1.9999999999999998, 1.2, 1.9999999999999998, 1.2, 1.9999999999999998, 1.2]
[3.5, 2.5, 3.5, 3.5, 2.5, 3.5, 3.5, 3.5, 5.0, 5.0, 9.0, 9.0, 3.0, 3.0, 3.0, 1.9999999999999998, 3.0, 1.9999999999999998, 1.9999999999999998, 3.0, 1.2, 1.2, 1.2, 1.9999999999999998, 1.2, 1.9999999999999998, 1.2, 1.9999999999999998]
T = 0.1677721600000001	 step = 329
74.37
13.585289417613636
[14.0, 31.0, 17.0, 10.0, 17.0, 7.0, 8.0, 5.0, 23.0, 16.0, 34.0, 12.0, 35.0, 34.0, 21.0, 4.0, 26.0, 3.0, 26.0, 11.0, 37.0, 14.0, 23.0, 19.0, 25.0, 2.0, 22.0, 29.0]
[11.0, 19.0, 8.0, 13.0, 18.0, 25.0, 8.0, 9.0, 7.0, 24.0, 10.0, 33.0, 24.0, 32.0, 31.0, 15.0, 35.0, 31.0, 30.0, 20.0, 35.0, 6.0, 12.0, 14.0, 21.0, 27.0, 17.0, 23.0]
[2.5, 3.5, 2.5, 2.5, 3.5, 2.5, 2.5, 2.5, 5.0, 5.0, 9.0, 9.0, 1.9999999999999998, 1.9999999999999998, 1.9999999999999998, 3.0, 1.9999999999999998, 3.0, 3.0, 1.9999999999999998, 1.9999999999999998, 1.9999999999999998, 1.9999999999999998, 1.2, 1.9999999999999998, 1.2, 1.9999999999999998, 1.2]
[3.5, 2.5, 3.5, 3.5, 2.5, 3.5, 3.5, 3.5, 5.0, 5.0, 9.0, 9.0, 3.0, 3.0, 3.0, 1.9999999999999998, 3.0, 1.9999999999999998, 1.9999999999999998, 3.0, 1.2, 1.2, 1.2, 1.9999999999999998, 1.2, 1.9999999999999998, 1.2, 1.9999999999999998]
T = 0.1677721600000001	 step = 330
74.39000000000004
13.588542258522724
[14.0, 31.0, 17.0, 10.0, 17.0, 7.0, 8.0, 5.0, 23.0, 16.0, 34.0, 12.0, 35.0, 34.0, 21.0, 4.0, 26.0, 3.0, 26.0, 11.0, 37.0, 14.0, 23.0, 19.0, 25.0, 3.0, 22.0, 29.0]
[11.0, 19.0, 8.0, 13.0, 18.0, 25.0, 8.0, 9.0, 7.0, 24.0, 10.0, 33.0, 24.0, 32.0, 31.0, 15.0, 35.0, 31.0, 30.0, 20.0, 35.0, 6.0, 12.0, 14.0, 21.0, 27.0, 17.0, 23.0]
[2.5, 3.5, 2.5, 2.5, 3.5, 2.5, 2.5, 2.5, 5.0, 5.0, 9.0, 9.0, 1.9999999999999998, 1.9999999999999998, 1.9999999999999998, 3.0, 1.9999999999999998, 3.0, 3.0, 1.9999999999999998, 1.9999999999999998, 1.9999999999999998, 1.9999999999999998, 1.2, 1.9999999999999998, 1.2, 1.9999999999999998, 1.2]
[3.5, 2.5, 3.5, 3.5, 2.5, 3.5, 3.5, 3.5, 5.0, 5.0, 9.0, 9.0, 3.0, 3.0, 3.0, 1.9999999999999998, 3.0, 1.9999999999999998, 1.9999999999999998, 3.0, 1.2, 1.2, 1.2, 1.9999999999999998, 1.2, 1.9999999999999998, 1.2, 1.9999999999999998]
T = 0.1677721600000001	 step = 331
74.37
13.58490411931818
[14.0, 31.0, 17.0, 10.0, 17.0, 7.0, 8.0, 5.0, 23.0, 16.0, 34.0, 12.0, 35.0, 34.0, 21.0, 4.0, 26.0, 3.0, 26.0, 11.0, 37.0, 14.0, 23.0, 19.0, 25.0, 3.0, 22.0, 29.0]
[11.0, 19.0, 8.0, 13.0, 18.0, 25.0, 7.0, 9.0, 7.0, 24.0, 10.0, 33.0, 24.0, 32.0, 31.0, 15.0, 35.0, 31.0, 30.0, 20.0, 35.0, 6.0, 12.0, 14.0, 21.0, 27.0, 17.0, 23.0]
[2.5, 3.5, 2.5, 2.5, 3.5, 2.5, 2.5, 2.5, 5.0, 5.0, 9.0, 9.0, 1.9999999999999998, 1.9999999999999998, 1.9999999999999998, 3.0, 1.9999999999999998, 3.0, 3.0, 1.9999999999999998, 1.9999999999999998, 1.9999999999999998, 1.9999999999999998, 1.2, 1.9999999999999998, 1.2, 1.9999999999999998, 1.2]
[3.5, 2.5, 3.5, 3.5, 2.5, 3.5, 3.5, 3.5, 5.0, 5.0, 9.0, 9.0, 3.0, 3.0, 3.0, 1.9999999999999998, 3.0, 1.9999999999999998, 1.9999999999999998, 3.0, 1.2, 1.2, 1.2, 1.9999999999999998, 1.2, 1.9999999999999998, 1.2, 1.9999999999999998]
T = 0.1677721600000001	 step = 332
74.40000000000003
13.517341974431815
[14.0, 31.0, 17.0, 10.0, 17.0, 7.0, 8.0, 5.0, 23.0, 16.0, 34.0, 12.0, 35.0, 34.0, 21.0, 4.0, 26.0, 3.0, 26.0, 11.0, 37.0, 14.0, 23.0, 19.0, 25.0, 3.0, 22.0, 29.0]
[11.0, 19.0, 9.0, 13.0, 18.0, 25.0, 7.0, 9.0, 7.0, 24.0, 10.0, 33.0, 24.0, 32.0, 31.0, 15.0, 35.0, 31.0, 30.0, 20.0, 35.0, 6.0, 12.0, 14.0, 21.0, 27.0, 17.0, 23.0]
[2.5, 3.5, 2.5, 2.5, 3.5, 2.5, 2.5, 2.5, 5.0, 5.0, 9.0, 9.0, 1.9999999999999998, 1.9999999999999998, 1.9999999999999998, 3.0, 1.9999999999999998, 3.0, 3.0, 1.9999999999999998, 1.9999999999999998, 1.9999999999999998, 1.9999999999999998, 1.2, 1.9999999999999998, 1.2, 1.9999999999999998, 1.2]
[3.5, 2.5, 3.5, 3.5, 2.5, 3.5, 3.5, 3.5, 5.0, 5.0, 9.0, 9.0, 3.0, 3.0, 3.0, 1.9999999999999998, 3.0, 1.9999999999999998, 1.9999999999999998, 3.0, 1.2, 1.2, 1.2, 1.9999999999999998, 1.2, 1.9999999999999998, 1.2, 1.9999999999999998]
T = 0.1677721600000001	 step = 333
74.42000000000002
13.520980113636359
[14.0, 31.0, 17.0, 10.0, 17.0, 7.0, 8.0, 5.0, 23.0, 16.0, 34.0, 12.0, 35.0, 34.0, 21.0, 4.0, 26.0, 3.0, 26.0, 11.0, 37.0, 14.0, 23.0, 19.0, 25.0, 3.0, 22.0, 29.0]
[11.0, 19.0, 9.0, 13.0, 18.0, 25.0, 8.0, 9.0, 7.0, 24.0, 10.0, 33.0, 24.0, 32.0, 31.0, 15.0, 35.0, 31.0, 30.0, 20.0, 35.0, 6.0, 12.0, 14.0, 21.0, 27.0, 17.0, 23.0]
[2.5, 3.5, 2.5, 2.5, 3.5, 2.5, 2.5, 2.5, 5.0, 5.0, 9.0, 9.0, 1.9999999999999998, 1.9999999999999998, 1.9999999999999998, 3.0, 1.9999999999999998, 3.0, 3.0, 1.9999999999999998, 1.9999999999999998, 1.9999999999999998, 1.9999999999999998, 1.2, 1.9999999999999998, 1.2, 1.9999999999999998, 1.2]
[3.5, 2.5, 3.5, 3.5, 2.5, 3.5, 3.5, 3.5, 5.0, 5.0, 9.0, 9.0, 3.0, 3.0, 3.0, 1.9999999999999998, 3.0, 1.9999999999999998, 1.9999999999999998, 3.0, 1.2, 1.2, 1.2, 1.9999999999999998, 1.2, 1.9999999999999998, 1.2, 1.9999999999999998]
T = 0.1677721600000001	 step = 334
74.42000000000002
13.442855113636362
[14.0, 31.0, 17.0, 10.0, 17.0, 7.0, 8.0, 5.0, 23.0, 16.0, 34.0, 12.0, 35.0, 34.0, 21.0, 4.0, 26.0, 3.0, 26.0, 11.0, 37.0, 14.0, 23.0, 19.0, 25.0, 3.0, 22.0, 29.0]
[11.0, 19.0, 9.0, 13.0, 18.0, 24.0, 8.0, 9.0, 7.0, 24.0, 10.0, 33.0, 24.0, 32.0, 31.0, 15.0, 35.0, 31.0, 30.0, 20.0, 35.0, 6.0, 12.0, 14.0, 21.0, 27.0, 17.0, 23.0]
[2.5, 3.5, 2.5, 2.5, 3.5, 2.5, 2.5, 2.5, 5.0, 5.0, 9.0, 9.0, 1.9999999999999998, 1.9999999999999998, 1.9999999999999998, 3.0, 1.9999999999999998, 3.0, 3.0, 1.9999999999999998, 1.9999999999999998, 1.9999999999999998, 1.9999999999999998, 1.2, 1.9999999999999998, 1.2, 1.9999999999999998, 1.2]
[3.5, 2.5, 3.5, 3.5, 2.5, 3.5, 3.5, 3.5, 5.0, 5.0, 9.0, 9.0, 3.0, 3.0, 3.0, 1.9999999999999998, 3.0, 1.9999999999999998, 1.9999999999999998, 3.0, 1.2, 1.2, 1.2, 1.9999999999999998, 1.2, 1.9999999999999998, 1.2, 1.9999999999999998]
T = 0.1677721600000001	 step = 335
74.44
13.442855113636362
[14.0, 31.0, 17.0, 10.0, 17.0, 7.0, 8.0, 5.0, 23.0, 16.0, 34.0, 12.0, 34.0, 34.0, 21.0, 4.0, 26.0, 3.0, 26.0, 11.0, 37.0, 14.0, 23.0, 19.0, 25.0, 3.0, 22.0, 29.0]
[11.0, 19.0, 9.0, 13.0, 18.0, 24.0, 8.0, 9.0, 7.0, 24.0, 10.0, 33.0, 24.0, 32.0, 31.0, 15.0, 35.0, 31.0, 30.0, 20.0, 35.0, 6.0, 12.0, 14.0, 21.0, 27.0, 17.0, 23.0]
[2.5, 3.5, 2.5, 2.5, 3.5, 2.5, 2.5, 2.5, 5.0, 5.0, 9.0, 9.0, 1.9999999999999998, 1.9999999999999998, 1.9999999999999998, 3.0, 1.9999999999999998, 3.0, 3.0, 1.9999999999999998, 1.9999999999999998, 1.9999999999999998, 1.9999999999999998, 1.2, 1.9999999999999998, 1.2, 1.9999999999999998, 1.2]
[3.5, 2.5, 3.5, 3.5, 2.5, 3.5, 3.5, 3.5, 5.0, 5.0, 9.0, 9.0, 3.0, 3.0, 3.0, 1.9999999999999998, 3.0, 1.9999999999999998, 1.9999999999999998, 3.0, 1.2, 1.2, 1.2, 1.9999999999999998, 1.2, 1.9999999999999998, 1.2, 1.9999999999999998]
T = 0.1677721600000001	 step = 336
74.41000000000003
13.458480113636362
[14.0, 31.0, 17.0, 10.0, 18.0, 7.0, 8.0, 5.0, 23.0, 16.0, 34.0, 12.0, 34.0, 34.0, 21.0, 4.0, 26.0, 3.0, 26.0, 11.0, 37.0, 14.0, 23.0, 19.0, 25.0, 3.0, 22.0, 29.0]
[11.0, 19.0, 9.0, 13.0, 18.0, 24.0, 8.0, 9.0, 7.0, 24.0, 10.0, 33.0, 24.0, 32.0, 31.0, 15.0, 35.0, 31.0, 30.0, 20.0, 35.0, 6.0, 12.0, 14.0, 21.0, 27.0, 17.0, 23.0]
[2.5, 3.5, 2.5, 2.5, 3.5, 2.5, 2.5, 2.5, 5.0, 5.0, 9.0, 9.0, 1.9999999999999998, 1.9999999999999998, 1.9999999999999998, 3.0, 1.9999999999999998, 3.0, 3.0, 1.9999999999999998, 1.9999999999999998, 1.9999999999999998, 1.9999999999999998, 1.2, 1.9999999999999998, 1.2, 1.9999999999999998, 1.2]
[3.5, 2.5, 3.5, 3.5, 2.5, 3.5, 3.5, 3.5, 5.0, 5.0, 9.0, 9.0, 3.0, 3.0, 3.0, 1.9999999999999998, 3.0, 1.9999999999999998, 1.9999999999999998, 3.0, 1.2, 1.2, 1.2, 1.9999999999999998, 1.2, 1.9999999999999998, 1.2, 1.9999999999999998]
T = 0.1677721600000001	 step = 337
74.45000000000005
13.41214044744318
[14.0, 31.0, 17.0, 10.0, 18.0, 7.0, 8.0, 5.0, 23.0, 16.0, 34.0, 12.0, 34.0, 34.0, 21.0, 4.0, 26.0, 3.0, 26.0, 11.0, 37.0, 14.0, 23.0, 19.0, 25.0, 3.0, 22.0, 29.0]
[11.0, 19.0, 9.0, 14.0, 18.0, 24.0, 8.0, 9.0, 7.0, 24.0, 10.0, 33.0, 24.0, 32.0, 31.0, 15.0, 35.0, 31.0, 30.0, 20.0, 35.0, 6.0, 12.0, 14.0, 21.0, 27.0, 17.0, 23.0]
[2.5, 3.5, 2.5, 2.5, 3.5, 2.5, 2.5, 2.5, 5.0, 5.0, 9.0, 9.0, 1.9999999999999998, 1.9999999999999998, 1.9999999999999998, 3.0, 1.9999999999999998, 3.0, 3.0, 1.9999999999999998, 1.9999999999999998, 1.9999999999999998, 1.9999999999999998, 1.2, 1.9999999999999998, 1.2, 1.9999999999999998, 1.2]
[3.5, 2.5, 3.5, 3.5, 2.5, 3.5, 3.5, 3.5, 5.0, 5.0, 9.0, 9.0, 3.0, 3.0, 3.0, 1.9999999999999998, 3.0, 1.9999999999999998, 1.9999999999999998, 3.0, 1.2, 1.2, 1.2, 1.9999999999999998, 1.2, 1.9999999999999998, 1.2, 1.9999999999999998]
T = 0.1677721600000001	 step = 338
74.41000000000003
13.49984552556818
[14.0, 31.0, 17.0, 10.0, 18.0, 7.0, 8.0, 5.0, 23.0, 16.0, 34.0, 11.0, 34.0, 34.0, 21.0, 4.0, 26.0, 3.0, 26.0, 11.0, 37.0, 14.0, 23.0, 19.0, 25.0, 3.0, 22.0, 29.0]
[11.0, 19.0, 9.0, 14.0, 18.0, 24.0, 8.0, 9.0, 7.0, 24.0, 10.0, 33.0, 24.0, 32.0, 31.0, 15.0, 35.0, 31.0, 30.0, 20.0, 35.0, 6.0, 12.0, 14.0, 21.0, 27.0, 17.0, 23.0]
[2.5, 3.5, 2.5, 2.5, 3.5, 2.5, 2.5, 2.5, 5.0, 5.0, 9.0, 9.0, 1.9999999999999998, 1.9999999999999998, 1.9999999999999998, 3.0, 1.9999999999999998, 3.0, 3.0, 1.9999999999999998, 1.9999999999999998, 1.9999999999999998, 1.9999999999999998, 1.2, 1.9999999999999998, 1.2, 1.9999999999999998, 1.2]
[3.5, 2.5, 3.5, 3.5, 2.5, 3.5, 3.5, 3.5, 5.0, 5.0, 9.0, 9.0, 3.0, 3.0, 3.0, 1.9999999999999998, 3.0, 1.9999999999999998, 1.9999999999999998, 3.0, 1.2, 1.2, 1.2, 1.9999999999999998, 1.2, 1.9999999999999998, 1.2, 1.9999999999999998]
T = 0.1677721600000001	 step = 339
74.40000000000003
13.54672052556818
[13.0, 31.0, 17.0, 10.0, 18.0, 7.0, 8.0, 5.0, 23.0, 16.0, 34.0, 11.0, 34.0, 34.0, 21.0, 4.0, 26.0, 3.0, 26.0, 11.0, 37.0, 14.0, 23.0, 19.0, 25.0, 3.0, 22.0, 29.0]
[11.0, 19.0, 9.0, 14.0, 18.0, 24.0, 8.0, 9.0, 7.0, 24.0, 10.0, 33.0, 24.0, 32.0, 31.0, 15.0, 35.0, 31.0, 30.0, 20.0, 35.0, 6.0, 12.0, 14.0, 21.0, 27.0, 17.0, 23.0]
[2.5, 3.5, 2.5, 2.5, 3.5, 2.5, 2.5, 2.5, 5.0, 5.0, 9.0, 9.0, 1.9999999999999998, 1.9999999999999998, 1.9999999999999998, 3.0, 1.9999999999999998, 3.0, 3.0, 1.9999999999999998, 1.9999999999999998, 1.9999999999999998, 1.9999999999999998, 1.2, 1.9999999999999998, 1.2, 1.9999999999999998, 1.2]
[3.5, 2.5, 3.5, 3.5, 2.5, 3.5, 3.5, 3.5, 5.0, 5.0, 9.0, 9.0, 3.0, 3.0, 3.0, 1.9999999999999998, 3.0, 1.9999999999999998, 1.9999999999999998, 3.0, 1.2, 1.2, 1.2, 1.9999999999999998, 1.2, 1.9999999999999998, 1.2, 1.9999999999999998]
T = 0.1677721600000001	 step = 340
74.41000000000003
13.53109552556818
[13.0, 31.0, 17.0, 10.0, 18.0, 7.0, 8.0, 5.0, 23.0, 16.0, 34.0, 11.0, 34.0, 34.0, 21.0, 4.0, 26.0, 3.0, 26.0, 11.0, 37.0, 14.0, 23.0, 19.0, 25.0, 3.0, 22.0, 29.0]
[11.0, 19.0, 9.0, 14.0, 18.0, 24.0, 8.0, 9.0, 7.0, 24.0, 10.0, 33.0, 24.0, 32.0, 31.0, 15.0, 35.0, 31.0, 30.0, 20.0, 35.0, 6.0, 12.0, 15.0, 21.0, 27.0, 17.0, 23.0]
[2.5, 3.5, 2.5, 2.5, 3.5, 2.5, 2.5, 2.5, 5.0, 5.0, 9.0, 9.0, 1.9999999999999998, 1.9999999999999998, 1.9999999999999998, 3.0, 1.9999999999999998, 3.0, 3.0, 1.9999999999999998, 1.9999999999999998, 1.9999999999999998, 1.9999999999999998, 1.2, 1.9999999999999998, 1.2, 1.9999999999999998, 1.2]
[3.5, 2.5, 3.5, 3.5, 2.5, 3.5, 3.5, 3.5, 5.0, 5.0, 9.0, 9.0, 3.0, 3.0, 3.0, 1.9999999999999998, 3.0, 1.9999999999999998, 1.9999999999999998, 3.0, 1.2, 1.2, 1.2, 1.9999999999999998, 1.2, 1.9999999999999998, 1.2, 1.9999999999999998]
T = 0.1677721600000001	 step = 341
74.43
13.515115411931816
[13.0, 31.0, 17.0, 10.0, 18.0, 7.0, 8.0, 5.0, 23.0, 16.0, 34.0, 11.0, 34.0, 34.0, 21.0, 4.0, 26.0, 3.0, 26.0, 11.0, 37.0, 14.0, 23.0, 19.0, 25.0, 3.0, 22.0, 29.0]
[11.0, 19.0, 9.0, 14.0, 18.0, 24.0, 9.0, 9.0, 7.0, 24.0, 10.0, 33.0, 24.0, 32.0, 31.0, 15.0, 35.0, 31.0, 30.0, 20.0, 35.0, 6.0, 12.0, 15.0, 21.0, 27.0, 17.0, 23.0]
[2.5, 3.5, 2.5, 2.5, 3.5, 2.5, 2.5, 2.5, 5.0, 5.0, 9.0, 9.0, 1.9999999999999998, 1.9999999999999998, 1.9999999999999998, 3.0, 1.9999999999999998, 3.0, 3.0, 1.9999999999999998, 1.9999999999999998, 1.9999999999999998, 1.9999999999999998, 1.2, 1.9999999999999998, 1.2, 1.9999999999999998, 1.2]
[3.5, 2.5, 3.5, 3.5, 2.5, 3.5, 3.5, 3.5, 5.0, 5.0, 9.0, 9.0, 3.0, 3.0, 3.0, 1.9999999999999998, 3.0, 1.9999999999999998, 1.9999999999999998, 3.0, 1.2, 1.2, 1.2, 1.9999999999999998, 1.2, 1.9999999999999998, 1.2, 1.9999999999999998]
T = 0.1677721600000001	 step = 342
74.45000000000005
13.530740411931816
[13.0, 31.0, 17.0, 10.0, 18.0, 7.0, 8.0, 5.0, 23.0, 16.0, 34.0, 11.0, 34.0, 34.0, 21.0, 4.0, 26.0, 3.0, 26.0, 11.0, 37.0, 14.0, 23.0, 19.0, 24.0, 3.0, 22.0, 29.0]
[11.0, 19.0, 9.0, 14.0, 18.0, 24.0, 9.0, 9.0, 7.0, 24.0, 10.0, 33.0, 24.0, 32.0, 31.0, 15.0, 35.0, 31.0, 30.0, 20.0, 35.0, 6.0, 12.0, 15.0, 21.0, 27.0, 17.0, 23.0]
[2.5, 3.5, 2.5, 2.5, 3.5, 2.5, 2.5, 2.5, 5.0, 5.0, 9.0, 9.0, 1.9999999999999998, 1.9999999999999998, 1.9999999999999998, 3.0, 1.9999999999999998, 3.0, 3.0, 1.9999999999999998, 1.9999999999999998, 1.9999999999999998, 1.9999999999999998, 1.2, 1.9999999999999998, 1.2, 1.9999999999999998, 1.2]
[3.5, 2.5, 3.5, 3.5, 2.5, 3.5, 3.5, 3.5, 5.0, 5.0, 9.0, 9.0, 3.0, 3.0, 3.0, 1.9999999999999998, 3.0, 1.9999999999999998, 1.9999999999999998, 3.0, 1.2, 1.2, 1.2, 1.9999999999999998, 1.2, 1.9999999999999998, 1.2, 1.9999999999999998]
T = 0.1677721600000001	 step = 343
74.44
13.546365411931816
[13.0, 31.0, 17.0, 10.0, 18.0, 7.0, 8.0, 5.0, 23.0, 16.0, 34.0, 11.0, 34.0, 34.0, 21.0, 4.0, 26.0, 3.0, 26.0, 11.0, 37.0, 13.0, 23.0, 19.0, 24.0, 3.0, 22.0, 29.0]
[11.0, 19.0, 9.0, 14.0, 18.0, 24.0, 9.0, 9.0, 7.0, 24.0, 10.0, 33.0, 24.0, 32.0, 31.0, 15.0, 35.0, 31.0, 30.0, 20.0, 35.0, 6.0, 12.0, 15.0, 21.0, 27.0, 17.0, 23.0]
[2.5, 3.5, 2.5, 2.5, 3.5, 2.5, 2.5, 2.5, 5.0, 5.0, 9.0, 9.0, 1.9999999999999998, 1.9999999999999998, 1.9999999999999998, 3.0, 1.9999999999999998, 3.0, 3.0, 1.9999999999999998, 1.9999999999999998, 1.9999999999999998, 1.9999999999999998, 1.2, 1.9999999999999998, 1.2, 1.9999999999999998, 1.2]
[3.5, 2.5, 3.5, 3.5, 2.5, 3.5, 3.5, 3.5, 5.0, 5.0, 9.0, 9.0, 3.0, 3.0, 3.0, 1.9999999999999998, 3.0, 1.9999999999999998, 1.9999999999999998, 3.0, 1.2, 1.2, 1.2, 1.9999999999999998, 1.2, 1.9999999999999998, 1.2, 1.9999999999999998]
T = 0.1677721600000001	 step = 344
74.44
13.499490411931815
[13.0, 31.0, 18.0, 10.0, 18.0, 7.0, 8.0, 5.0, 23.0, 16.0, 34.0, 11.0, 34.0, 34.0, 21.0, 4.0, 26.0, 3.0, 26.0, 11.0, 37.0, 13.0, 23.0, 19.0, 24.0, 3.0, 22.0, 29.0]
[11.0, 19.0, 9.0, 14.0, 18.0, 24.0, 9.0, 9.0, 7.0, 24.0, 10.0, 33.0, 24.0, 32.0, 31.0, 15.0, 35.0, 31.0, 30.0, 20.0, 35.0, 6.0, 12.0, 15.0, 21.0, 27.0, 17.0, 23.0]
[2.5, 3.5, 2.5, 2.5, 3.5, 2.5, 2.5, 2.5, 5.0, 5.0, 9.0, 9.0, 1.9999999999999998, 1.9999999999999998, 1.9999999999999998, 3.0, 1.9999999999999998, 3.0, 3.0, 1.9999999999999998, 1.9999999999999998, 1.9999999999999998, 1.9999999999999998, 1.2, 1.9999999999999998, 1.2, 1.9999999999999998, 1.2]
[3.5, 2.5, 3.5, 3.5, 2.5, 3.5, 3.5, 3.5, 5.0, 5.0, 9.0, 9.0, 3.0, 3.0, 3.0, 1.9999999999999998, 3.0, 1.9999999999999998, 1.9999999999999998, 3.0, 1.2, 1.2, 1.2, 1.9999999999999998, 1.2, 1.9999999999999998, 1.2, 1.9999999999999998]
T = 0.1677721600000001	 step = 345
74.44
13.515115411931815
[13.0, 31.0, 18.0, 10.0, 18.0, 7.0, 8.0, 5.0, 23.0, 16.0, 34.0, 11.0, 34.0, 34.0, 21.0, 4.0, 26.0, 3.0, 26.0, 11.0, 37.0, 12.0, 23.0, 19.0, 24.0, 3.0, 22.0, 29.0]
[11.0, 19.0, 9.0, 14.0, 18.0, 24.0, 9.0, 9.0, 7.0, 24.0, 10.0, 33.0, 24.0, 32.0, 31.0, 15.0, 35.0, 31.0, 30.0, 20.0, 35.0, 6.0, 12.0, 15.0, 21.0, 27.0, 17.0, 23.0]
[2.5, 3.5, 2.5, 2.5, 3.5, 2.5, 2.5, 2.5, 5.0, 5.0, 9.0, 9.0, 1.9999999999999998, 1.9999999999999998, 1.9999999999999998, 3.0, 1.9999999999999998, 3.0, 3.0, 1.9999999999999998, 1.9999999999999998, 1.9999999999999998, 1.9999999999999998, 1.2, 1.9999999999999998, 1.2, 1.9999999999999998, 1.2]
[3.5, 2.5, 3.5, 3.5, 2.5, 3.5, 3.5, 3.5, 5.0, 5.0, 9.0, 9.0, 3.0, 3.0, 3.0, 1.9999999999999998, 3.0, 1.9999999999999998, 1.9999999999999998, 3.0, 1.2, 1.2, 1.2, 1.9999999999999998, 1.2, 1.9999999999999998, 1.2, 1.9999999999999998]
T = 0.1677721600000001	 step = 346
74.46000000000004
13.427757457386365
[13.0, 31.0, 18.0, 10.0, 18.0, 7.0, 8.0, 5.0, 23.0, 16.0, 34.0, 11.0, 34.0, 34.0, 21.0, 4.0, 26.0, 3.0, 26.0, 11.0, 37.0, 12.0, 23.0, 19.0, 24.0, 3.0, 22.0, 29.0]
[11.0, 19.0, 9.0, 14.0, 18.0, 24.0, 9.0, 10.0, 7.0, 24.0, 10.0, 33.0, 24.0, 32.0, 31.0, 15.0, 35.0, 31.0, 30.0, 20.0, 35.0, 6.0, 12.0, 15.0, 21.0, 27.0, 17.0, 23.0]
[2.5, 3.5, 2.5, 2.5, 3.5, 2.5, 2.5, 2.5, 5.0, 5.0, 9.0, 9.0, 1.9999999999999998, 1.9999999999999998, 1.9999999999999998, 3.0, 1.9999999999999998, 3.0, 3.0, 1.9999999999999998, 1.9999999999999998, 1.9999999999999998, 1.9999999999999998, 1.2, 1.9999999999999998, 1.2, 1.9999999999999998, 1.2]
[3.5, 2.5, 3.5, 3.5, 2.5, 3.5, 3.5, 3.5, 5.0, 5.0, 9.0, 9.0, 3.0, 3.0, 3.0, 1.9999999999999998, 3.0, 1.9999999999999998, 1.9999999999999998, 3.0, 1.2, 1.2, 1.2, 1.9999999999999998, 1.2, 1.9999999999999998, 1.2, 1.9999999999999998]
T = 0.1677721600000001	 step = 347
74.55000000000001
13.443382457386361
[13.0, 31.0, 18.0, 10.0, 18.0, 7.0, 8.0, 5.0, 23.0, 16.0, 34.0, 11.0, 34.0, 34.0, 21.0, 4.0, 26.0, 3.0, 26.0, 11.0, 37.0, 12.0, 23.0, 19.0, 24.0, 3.0, 22.0, 29.0]
[11.0, 19.0, 9.0, 14.0, 19.0, 24.0, 9.0, 10.0, 7.0, 24.0, 10.0, 33.0, 24.0, 32.0, 31.0, 15.0, 35.0, 31.0, 30.0, 20.0, 35.0, 6.0, 12.0, 15.0, 21.0, 27.0, 17.0, 23.0]
[2.5, 3.5, 2.5, 2.5, 3.5, 2.5, 2.5, 2.5, 5.0, 5.0, 9.0, 9.0, 1.9999999999999998, 1.9999999999999998, 1.9999999999999998, 3.0, 1.9999999999999998, 3.0, 3.0, 1.9999999999999998, 1.9999999999999998, 1.9999999999999998, 1.9999999999999998, 1.2, 1.9999999999999998, 1.2, 1.9999999999999998, 1.2]
[3.5, 2.5, 3.5, 3.5, 2.5, 3.5, 3.5, 3.5, 5.0, 5.0, 9.0, 9.0, 3.0, 3.0, 3.0, 1.9999999999999998, 3.0, 1.9999999999999998, 1.9999999999999998, 3.0, 1.2, 1.2, 1.2, 1.9999999999999998, 1.2, 1.9999999999999998, 1.2, 1.9999999999999998]
T = 0.1677721600000001	 step = 348
74.51000000000005
13.52150745738636
[13.0, 31.0, 18.0, 9.0, 18.0, 7.0, 8.0, 5.0, 23.0, 16.0, 34.0, 11.0, 34.0, 34.0, 21.0, 4.0, 26.0, 3.0, 26.0, 11.0, 37.0, 12.0, 23.0, 19.0, 24.0, 3.0, 22.0, 29.0]
[11.0, 19.0, 9.0, 14.0, 19.0, 24.0, 9.0, 10.0, 7.0, 24.0, 10.0, 33.0, 24.0, 32.0, 31.0, 15.0, 35.0, 31.0, 30.0, 20.0, 35.0, 6.0, 12.0, 15.0, 21.0, 27.0, 17.0, 23.0]
[2.5, 3.5, 2.5, 2.5, 3.5, 2.5, 2.5, 2.5, 5.0, 5.0, 9.0, 9.0, 1.9999999999999998, 1.9999999999999998, 1.9999999999999998, 3.0, 1.9999999999999998, 3.0, 3.0, 1.9999999999999998, 1.9999999999999998, 1.9999999999999998, 1.9999999999999998, 1.2, 1.9999999999999998, 1.2, 1.9999999999999998, 1.2]
[3.5, 2.5, 3.5, 3.5, 2.5, 3.5, 3.5, 3.5, 5.0, 5.0, 9.0, 9.0, 3.0, 3.0, 3.0, 1.9999999999999998, 3.0, 1.9999999999999998, 1.9999999999999998, 3.0, 1.2, 1.2, 1.2, 1.9999999999999998, 1.2, 1.9999999999999998, 1.2, 1.9999999999999998]
T = 0.1677721600000001	 step = 349
74.49000000000001
13.521507457386361
[13.0, 31.0, 18.0, 9.0, 18.0, 7.0, 8.0, 5.0, 23.0, 16.0, 34.0, 11.0, 34.0, 34.0, 21.0, 4.0, 26.0, 3.0, 26.0, 11.0, 37.0, 12.0, 23.0, 19.0, 24.0, 3.0, 22.0, 29.0]
[11.0, 19.0, 9.0, 14.0, 19.0, 24.0, 9.0, 10.0, 7.0, 24.0, 10.0, 33.0, 24.0, 32.0, 31.0, 15.0, 35.0, 31.0, 30.0, 19.0, 35.0, 6.0, 12.0, 15.0, 21.0, 27.0, 17.0, 23.0]
[2.5, 3.5, 2.5, 2.5, 3.5, 2.5, 2.5, 2.5, 5.0, 5.0, 9.0, 9.0, 1.9999999999999998, 1.9999999999999998, 1.9999999999999998, 3.0, 1.9999999999999998, 3.0, 3.0, 1.9999999999999998, 1.9999999999999998, 1.9999999999999998, 1.9999999999999998, 1.2, 1.9999999999999998, 1.2, 1.9999999999999998, 1.2]
[3.5, 2.5, 3.5, 3.5, 2.5, 3.5, 3.5, 3.5, 5.0, 5.0, 9.0, 9.0, 3.0, 3.0, 3.0, 1.9999999999999998, 3.0, 1.9999999999999998, 1.9999999999999998, 3.0, 1.2, 1.2, 1.2, 1.9999999999999998, 1.2, 1.9999999999999998, 1.2, 1.9999999999999998]
T = 0.1677721600000001	 step = 350
74.46000000000004
13.521507457386361
[13.0, 31.0, 18.0, 9.0, 18.0, 7.0, 8.0, 5.0, 23.0, 16.0, 34.0, 11.0, 34.0, 34.0, 21.0, 4.0, 26.0, 3.0, 26.0, 10.0, 37.0, 12.0, 23.0, 19.0, 24.0, 3.0, 22.0, 29.0]
[11.0, 19.0, 9.0, 14.0, 19.0, 24.0, 9.0, 10.0, 7.0, 24.0, 10.0, 33.0, 24.0, 32.0, 31.0, 15.0, 35.0, 31.0, 30.0, 19.0, 35.0, 6.0, 12.0, 15.0, 21.0, 27.0, 17.0, 23.0]
[2.5, 3.5, 2.5, 2.5, 3.5, 2.5, 2.5, 2.5, 5.0, 5.0, 9.0, 9.0, 1.9999999999999998, 1.9999999999999998, 1.9999999999999998, 3.0, 1.9999999999999998, 3.0, 3.0, 1.9999999999999998, 1.9999999999999998, 1.9999999999999998, 1.9999999999999998, 1.2, 1.9999999999999998, 1.2, 1.9999999999999998, 1.2]
[3.5, 2.5, 3.5, 3.5, 2.5, 3.5, 3.5, 3.5, 5.0, 5.0, 9.0, 9.0, 3.0, 3.0, 3.0, 1.9999999999999998, 3.0, 1.9999999999999998, 1.9999999999999998, 3.0, 1.2, 1.2, 1.2, 1.9999999999999998, 1.2, 1.9999999999999998, 1.2, 1.9999999999999998]
T = 0.1677721600000001	 step = 351
74.47000000000003
13.568382457386361
[13.0, 31.0, 17.0, 9.0, 18.0, 7.0, 8.0, 5.0, 23.0, 16.0, 34.0, 11.0, 34.0, 34.0, 21.0, 4.0, 26.0, 3.0, 26.0, 10.0, 37.0, 12.0, 23.0, 19.0, 24.0, 3.0, 22.0, 29.0]
[11.0, 19.0, 9.0, 14.0, 19.0, 24.0, 9.0, 10.0, 7.0, 24.0, 10.0, 33.0, 24.0, 32.0, 31.0, 15.0, 35.0, 31.0, 30.0, 19.0, 35.0, 6.0, 12.0, 15.0, 21.0, 27.0, 17.0, 23.0]
[2.5, 3.5, 2.5, 2.5, 3.5, 2.5, 2.5, 2.5, 5.0, 5.0, 9.0, 9.0, 1.9999999999999998, 1.9999999999999998, 1.9999999999999998, 3.0, 1.9999999999999998, 3.0, 3.0, 1.9999999999999998, 1.9999999999999998, 1.9999999999999998, 1.9999999999999998, 1.2, 1.9999999999999998, 1.2, 1.9999999999999998, 1.2]
[3.5, 2.5, 3.5, 3.5, 2.5, 3.5, 3.5, 3.5, 5.0, 5.0, 9.0, 9.0, 3.0, 3.0, 3.0, 1.9999999999999998, 3.0, 1.9999999999999998, 1.9999999999999998, 3.0, 1.2, 1.2, 1.2, 1.9999999999999998, 1.2, 1.9999999999999998, 1.2, 1.9999999999999998]
T = 0.1677721600000001	 step = 352
74.47000000000003
13.552757457386361
[13.0, 31.0, 17.0, 9.0, 18.0, 7.0, 8.0, 5.0, 23.0, 16.0, 34.0, 11.0, 34.0, 34.0, 21.0, 4.0, 26.0, 3.0, 26.0, 10.0, 37.0, 13.0, 23.0, 19.0, 24.0, 3.0, 22.0, 29.0]
[11.0, 19.0, 9.0, 14.0, 19.0, 24.0, 9.0, 10.0, 7.0, 24.0, 10.0, 33.0, 24.0, 32.0, 31.0, 15.0, 35.0, 31.0, 30.0, 19.0, 35.0, 6.0, 12.0, 15.0, 21.0, 27.0, 17.0, 23.0]
[2.5, 3.5, 2.5, 2.5, 3.5, 2.5, 2.5, 2.5, 5.0, 5.0, 9.0, 9.0, 1.9999999999999998, 1.9999999999999998, 1.9999999999999998, 3.0, 1.9999999999999998, 3.0, 3.0, 1.9999999999999998, 1.9999999999999998, 1.9999999999999998, 1.9999999999999998, 1.2, 1.9999999999999998, 1.2, 1.9999999999999998, 1.2]
[3.5, 2.5, 3.5, 3.5, 2.5, 3.5, 3.5, 3.5, 5.0, 5.0, 9.0, 9.0, 3.0, 3.0, 3.0, 1.9999999999999998, 3.0, 1.9999999999999998, 1.9999999999999998, 3.0, 1.2, 1.2, 1.2, 1.9999999999999998, 1.2, 1.9999999999999998, 1.2, 1.9999999999999998]
T = 0.1677721600000001	 step = 353
74.48000000000002
13.568382457386361
[13.0, 31.0, 17.0, 9.0, 18.0, 7.0, 8.0, 5.0, 23.0, 16.0, 34.0, 11.0, 34.0, 34.0, 21.0, 4.0, 26.0, 3.0, 26.0, 10.0, 37.0, 13.0, 23.0, 19.0, 23.0, 3.0, 22.0, 29.0]
[11.0, 19.0, 9.0, 14.0, 19.0, 24.0, 9.0, 10.0, 7.0, 24.0, 10.0, 33.0, 24.0, 32.0, 31.0, 15.0, 35.0, 31.0, 30.0, 19.0, 35.0, 6.0, 12.0, 15.0, 21.0, 27.0, 17.0, 23.0]
[2.5, 3.5, 2.5, 2.5, 3.5, 2.5, 2.5, 2.5, 5.0, 5.0, 9.0, 9.0, 1.9999999999999998, 1.9999999999999998, 1.9999999999999998, 3.0, 1.9999999999999998, 3.0, 3.0, 1.9999999999999998, 1.9999999999999998, 1.9999999999999998, 1.9999999999999998, 1.2, 1.9999999999999998, 1.2, 1.9999999999999998, 1.2]
[3.5, 2.5, 3.5, 3.5, 2.5, 3.5, 3.5, 3.5, 5.0, 5.0, 9.0, 9.0, 3.0, 3.0, 3.0, 1.9999999999999998, 3.0, 1.9999999999999998, 1.9999999999999998, 3.0, 1.2, 1.2, 1.2, 1.9999999999999998, 1.2, 1.9999999999999998, 1.2, 1.9999999999999998]
T = 0.1677721600000001	 step = 354
74.51000000000005
13.443382457386361
[13.0, 31.0, 17.0, 9.0, 18.0, 7.0, 8.0, 5.0, 23.0, 16.0, 33.0, 11.0, 34.0, 34.0, 21.0, 4.0, 26.0, 3.0, 26.0, 10.0, 37.0, 13.0, 23.0, 19.0, 23.0, 3.0, 22.0, 29.0]
[11.0, 19.0, 9.0, 14.0, 19.0, 24.0, 9.0, 10.0, 7.0, 24.0, 10.0, 33.0, 24.0, 32.0, 31.0, 15.0, 35.0, 31.0, 30.0, 19.0, 35.0, 6.0, 12.0, 15.0, 21.0, 27.0, 17.0, 23.0]
[2.5, 3.5, 2.5, 2.5, 3.5, 2.5, 2.5, 2.5, 5.0, 5.0, 9.0, 9.0, 1.9999999999999998, 1.9999999999999998, 1.9999999999999998, 3.0, 1.9999999999999998, 3.0, 3.0, 1.9999999999999998, 1.9999999999999998, 1.9999999999999998, 1.9999999999999998, 1.2, 1.9999999999999998, 1.2, 1.9999999999999998, 1.2]
[3.5, 2.5, 3.5, 3.5, 2.5, 3.5, 3.5, 3.5, 5.0, 5.0, 9.0, 9.0, 3.0, 3.0, 3.0, 1.9999999999999998, 3.0, 1.9999999999999998, 1.9999999999999998, 3.0, 1.2, 1.2, 1.2, 1.9999999999999998, 1.2, 1.9999999999999998, 1.2, 1.9999999999999998]
T = 0.1677721600000001	 step = 355
74.52000000000004
13.443382457386361
[13.0, 31.0, 17.0, 9.0, 18.0, 7.0, 8.0, 5.0, 23.0, 16.0, 33.0, 11.0, 34.0, 34.0, 21.0, 4.0, 26.0, 3.0, 26.0, 10.0, 37.0, 13.0, 23.0, 19.0, 23.0, 3.0, 22.0, 29.0]
[11.0, 19.0, 9.0, 14.0, 19.0, 24.0, 9.0, 10.0, 7.0, 24.0, 10.0, 33.0, 24.0, 32.0, 31.0, 15.0, 35.0, 31.0, 30.0, 20.0, 35.0, 6.0, 12.0, 15.0, 21.0, 27.0, 17.0, 23.0]
[2.5, 3.5, 2.5, 2.5, 3.5, 2.5, 2.5, 2.5, 5.0, 5.0, 9.0, 9.0, 1.9999999999999998, 1.9999999999999998, 1.9999999999999998, 3.0, 1.9999999999999998, 3.0, 3.0, 1.9999999999999998, 1.9999999999999998, 1.9999999999999998, 1.9999999999999998, 1.2, 1.9999999999999998, 1.2, 1.9999999999999998, 1.2]
[3.5, 2.5, 3.5, 3.5, 2.5, 3.5, 3.5, 3.5, 5.0, 5.0, 9.0, 9.0, 3.0, 3.0, 3.0, 1.9999999999999998, 3.0, 1.9999999999999998, 1.9999999999999998, 3.0, 1.2, 1.2, 1.2, 1.9999999999999998, 1.2, 1.9999999999999998, 1.2, 1.9999999999999998]
T = 0.1677721600000001	 step = 356
74.54000000000002
13.437348188920453
[13.0, 31.0, 17.0, 9.0, 18.0, 7.0, 8.0, 5.0, 23.0, 16.0, 33.0, 11.0, 34.0, 34.0, 21.0, 4.0, 26.0, 3.0, 26.0, 10.0, 37.0, 13.0, 23.0, 19.0, 23.0, 3.0, 22.0, 29.0]
[11.0, 19.0, 9.0, 14.0, 19.0, 24.0, 9.0, 10.0, 7.0, 24.0, 10.0, 33.0, 24.0, 32.0, 31.0, 15.0, 35.0, 31.0, 30.0, 20.0, 35.0, 6.0, 12.0, 16.0, 21.0, 27.0, 17.0, 23.0]
[2.5, 3.5, 2.5, 2.5, 3.5, 2.5, 2.5, 2.5, 5.0, 5.0, 9.0, 9.0, 1.9999999999999998, 1.9999999999999998, 1.9999999999999998, 3.0, 1.9999999999999998, 3.0, 3.0, 1.9999999999999998, 1.9999999999999998, 1.9999999999999998, 1.9999999999999998, 1.2, 1.9999999999999998, 1.2, 1.9999999999999998, 1.2]
[3.5, 2.5, 3.5, 3.5, 2.5, 3.5, 3.5, 3.5, 5.0, 5.0, 9.0, 9.0, 3.0, 3.0, 3.0, 1.9999999999999998, 3.0, 1.9999999999999998, 1.9999999999999998, 3.0, 1.2, 1.2, 1.2, 1.9999999999999998, 1.2, 1.9999999999999998, 1.2, 1.9999999999999998]
T = 0.1677721600000001	 step = 357
74.57000000000005
13.437348188920453
[13.0, 31.0, 17.0, 9.0, 18.0, 7.0, 8.0, 5.0, 23.0, 16.0, 33.0, 11.0, 34.0, 34.0, 21.0, 4.0, 26.0, 3.0, 26.0, 11.0, 37.0, 13.0, 23.0, 19.0, 23.0, 3.0, 22.0, 29.0]
[11.0, 19.0, 9.0, 14.0, 19.0, 24.0, 9.0, 10.0, 7.0, 24.0, 10.0, 33.0, 24.0, 32.0, 31.0, 15.0, 35.0, 31.0, 30.0, 20.0, 35.0, 6.0, 12.0, 16.0, 21.0, 27.0, 17.0, 23.0]
[2.5, 3.5, 2.5, 2.5, 3.5, 2.5, 2.5, 2.5, 5.0, 5.0, 9.0, 9.0, 1.9999999999999998, 1.9999999999999998, 1.9999999999999998, 3.0, 1.9999999999999998, 3.0, 3.0, 1.9999999999999998, 1.9999999999999998, 1.9999999999999998, 1.9999999999999998, 1.2, 1.9999999999999998, 1.2, 1.9999999999999998, 1.2]
[3.5, 2.5, 3.5, 3.5, 2.5, 3.5, 3.5, 3.5, 5.0, 5.0, 9.0, 9.0, 3.0, 3.0, 3.0, 1.9999999999999998, 3.0, 1.9999999999999998, 1.9999999999999998, 3.0, 1.2, 1.2, 1.2, 1.9999999999999998, 1.2, 1.9999999999999998, 1.2, 1.9999999999999998]
T = 0.1677721600000001	 step = 358
74.58000000000004
13.390473188920453
[14.0, 31.0, 17.0, 9.0, 18.0, 7.0, 8.0, 5.0, 23.0, 16.0, 33.0, 11.0, 34.0, 34.0, 21.0, 4.0, 26.0, 3.0, 26.0, 11.0, 37.0, 13.0, 23.0, 19.0, 23.0, 3.0, 22.0, 29.0]
[11.0, 19.0, 9.0, 14.0, 19.0, 24.0, 9.0, 10.0, 7.0, 24.0, 10.0, 33.0, 24.0, 32.0, 31.0, 15.0, 35.0, 31.0, 30.0, 20.0, 35.0, 6.0, 12.0, 16.0, 21.0, 27.0, 17.0, 23.0]
[2.5, 3.5, 2.5, 2.5, 3.5, 2.5, 2.5, 2.5, 5.0, 5.0, 9.0, 9.0, 1.9999999999999998, 1.9999999999999998, 1.9999999999999998, 3.0, 1.9999999999999998, 3.0, 3.0, 1.9999999999999998, 1.9999999999999998, 1.9999999999999998, 1.9999999999999998, 1.2, 1.9999999999999998, 1.2, 1.9999999999999998, 1.2]
[3.5, 2.5, 3.5, 3.5, 2.5, 3.5, 3.5, 3.5, 5.0, 5.0, 9.0, 9.0, 3.0, 3.0, 3.0, 1.9999999999999998, 3.0, 1.9999999999999998, 1.9999999999999998, 3.0, 1.2, 1.2, 1.2, 1.9999999999999998, 1.2, 1.9999999999999998, 1.2, 1.9999999999999998]
T = 0.1677721600000001	 step = 359
74.58000000000004
13.374848188920453
[14.0, 31.0, 17.0, 9.0, 18.0, 7.0, 8.0, 5.0, 23.0, 16.0, 33.0, 11.0, 34.0, 34.0, 21.0, 4.0, 26.0, 3.0, 26.0, 11.0, 37.0, 13.0, 23.0, 19.0, 23.0, 3.0, 22.0, 29.0]
[11.0, 19.0, 9.0, 14.0, 19.0, 24.0, 9.0, 10.0, 7.0, 24.0, 10.0, 33.0, 24.0, 32.0, 31.0, 15.0, 35.0, 31.0, 30.0, 20.0, 34.0, 6.0, 12.0, 16.0, 21.0, 27.0, 17.0, 23.0]
[2.5, 3.5, 2.5, 2.5, 3.5, 2.5, 2.5, 2.5, 5.0, 5.0, 9.0, 9.0, 1.9999999999999998, 1.9999999999999998, 1.9999999999999998, 3.0, 1.9999999999999998, 3.0, 3.0, 1.9999999999999998, 1.9999999999999998, 1.9999999999999998, 1.9999999999999998, 1.2, 1.9999999999999998, 1.2, 1.9999999999999998, 1.2]
[3.5, 2.5, 3.5, 3.5, 2.5, 3.5, 3.5, 3.5, 5.0, 5.0, 9.0, 9.0, 3.0, 3.0, 3.0, 1.9999999999999998, 3.0, 1.9999999999999998, 1.9999999999999998, 3.0, 1.2, 1.2, 1.2, 1.9999999999999998, 1.2, 1.9999999999999998, 1.2, 1.9999999999999998]
T = 0.1677721600000001	 step = 360
74.59000000000003
13.438413529829544
[14.0, 31.0, 17.0, 9.0, 18.0, 7.0, 8.0, 5.0, 23.0, 16.0, 33.0, 11.0, 34.0, 34.0, 21.0, 4.0, 26.0, 3.0, 26.0, 11.0, 37.0, 13.0, 23.0, 19.0, 23.0, 3.0, 22.0, 29.0]
[11.0, 19.0, 9.0, 14.0, 19.0, 24.0, 9.0, 10.0, 7.0, 24.0, 11.0, 33.0, 24.0, 32.0, 31.0, 15.0, 35.0, 31.0, 30.0, 20.0, 34.0, 6.0, 12.0, 16.0, 21.0, 27.0, 17.0, 23.0]
[2.5, 3.5, 2.5, 2.5, 3.5, 2.5, 2.5, 2.5, 5.0, 5.0, 9.0, 9.0, 1.9999999999999998, 1.9999999999999998, 1.9999999999999998, 3.0, 1.9999999999999998, 3.0, 3.0, 1.9999999999999998, 1.9999999999999998, 1.9999999999999998, 1.9999999999999998, 1.2, 1.9999999999999998, 1.2, 1.9999999999999998, 1.2]
[3.5, 2.5, 3.5, 3.5, 2.5, 3.5, 3.5, 3.5, 5.0, 5.0, 9.0, 9.0, 3.0, 3.0, 3.0, 1.9999999999999998, 3.0, 1.9999999999999998, 1.9999999999999998, 3.0, 1.2, 1.2, 1.2, 1.9999999999999998, 1.2, 1.9999999999999998, 1.2, 1.9999999999999998]
T = 0.1677721600000001	 step = 361
74.60000000000002
13.407163529829544
[14.0, 31.0, 17.0, 9.0, 18.0, 7.0, 8.0, 5.0, 23.0, 16.0, 33.0, 11.0, 34.0, 34.0, 21.0, 4.0, 26.0, 3.0, 25.0, 11.0, 37.0, 13.0, 23.0, 19.0, 23.0, 3.0, 22.0, 29.0]
[11.0, 19.0, 9.0, 14.0, 19.0, 24.0, 9.0, 10.0, 7.0, 24.0, 11.0, 33.0, 24.0, 32.0, 31.0, 15.0, 35.0, 31.0, 30.0, 20.0, 34.0, 6.0, 12.0, 16.0, 21.0, 27.0, 17.0, 23.0]
[2.5, 3.5, 2.5, 2.5, 3.5, 2.5, 2.5, 2.5, 5.0, 5.0, 9.0, 9.0, 1.9999999999999998, 1.9999999999999998, 1.9999999999999998, 3.0, 1.9999999999999998, 3.0, 3.0, 1.9999999999999998, 1.9999999999999998, 1.9999999999999998, 1.9999999999999998, 1.2, 1.9999999999999998, 1.2, 1.9999999999999998, 1.2]
[3.5, 2.5, 3.5, 3.5, 2.5, 3.5, 3.5, 3.5, 5.0, 5.0, 9.0, 9.0, 3.0, 3.0, 3.0, 1.9999999999999998, 3.0, 1.9999999999999998, 1.9999999999999998, 3.0, 1.2, 1.2, 1.2, 1.9999999999999998, 1.2, 1.9999999999999998, 1.2, 1.9999999999999998]
T = 0.13421772800000006	 step = 362
74.61000000000001
13.375913529829544
[14.0, 31.0, 17.0, 9.0, 18.0, 7.0, 8.0, 5.0, 23.0, 16.0, 33.0, 11.0, 34.0, 34.0, 21.0, 4.0, 26.0, 3.0, 25.0, 11.0, 37.0, 13.0, 23.0, 19.0, 23.0, 3.0, 22.0, 29.0]
[11.0, 19.0, 9.0, 14.0, 19.0, 24.0, 9.0, 10.0, 7.0, 24.0, 11.0, 33.0, 24.0, 32.0, 31.0, 15.0, 34.0, 31.0, 30.0, 20.0, 34.0, 6.0, 12.0, 16.0, 21.0, 27.0, 17.0, 23.0]
[2.5, 3.5, 2.5, 2.5, 3.5, 2.5, 2.5, 2.5, 5.0, 5.0, 9.0, 9.0, 1.9999999999999998, 1.9999999999999998, 1.9999999999999998, 3.0, 1.9999999999999998, 3.0, 3.0, 1.9999999999999998, 1.9999999999999998, 1.9999999999999998, 1.9999999999999998, 1.2, 1.9999999999999998, 1.2, 1.9999999999999998, 1.2]
[3.5, 2.5, 3.5, 3.5, 2.5, 3.5, 3.5, 3.5, 5.0, 5.0, 9.0, 9.0, 3.0, 3.0, 3.0, 1.9999999999999998, 3.0, 1.9999999999999998, 1.9999999999999998, 3.0, 1.2, 1.2, 1.2, 1.9999999999999998, 1.2, 1.9999999999999998, 1.2, 1.9999999999999998]
T = 0.13421772800000006	 step = 363
74.63
13.344663529829544
[14.0, 31.0, 17.0, 9.0, 18.0, 7.0, 8.0, 5.0, 23.0, 16.0, 33.0, 11.0, 34.0, 34.0, 21.0, 4.0, 26.0, 3.0, 25.0, 11.0, 37.0, 13.0, 23.0, 19.0, 23.0, 3.0, 22.0, 29.0]
[11.0, 19.0, 9.0, 14.0, 19.0, 24.0, 9.0, 10.0, 7.0, 24.0, 11.0, 33.0, 24.0, 32.0, 30.0, 15.0, 34.0, 31.0, 30.0, 20.0, 34.0, 6.0, 12.0, 16.0, 21.0, 27.0, 17.0, 23.0]
[2.5, 3.5, 2.5, 2.5, 3.5, 2.5, 2.5, 2.5, 5.0, 5.0, 9.0, 9.0, 1.9999999999999998, 1.9999999999999998, 1.9999999999999998, 3.0, 1.9999999999999998, 3.0, 3.0, 1.9999999999999998, 1.9999999999999998, 1.9999999999999998, 1.9999999999999998, 1.2, 1.9999999999999998, 1.2, 1.9999999999999998, 1.2]
[3.5, 2.5, 3.5, 3.5, 2.5, 3.5, 3.5, 3.5, 5.0, 5.0, 9.0, 9.0, 3.0, 3.0, 3.0, 1.9999999999999998, 3.0, 1.9999999999999998, 1.9999999999999998, 3.0, 1.2, 1.2, 1.2, 1.9999999999999998, 1.2, 1.9999999999999998, 1.2, 1.9999999999999998]
T = 0.13421772800000006	 step = 364
74.68
13.532163529829544
[14.0, 31.0, 17.0, 9.0, 18.0, 7.0, 8.0, 5.0, 23.0, 17.0, 33.0, 11.0, 34.0, 34.0, 21.0, 4.0, 26.0, 3.0, 25.0, 11.0, 37.0, 13.0, 23.0, 19.0, 23.0, 3.0, 22.0, 29.0]
[11.0, 19.0, 9.0, 14.0, 19.0, 24.0, 9.0, 10.0, 7.0, 24.0, 11.0, 33.0, 24.0, 32.0, 30.0, 15.0, 34.0, 31.0, 30.0, 20.0, 34.0, 6.0, 12.0, 16.0, 21.0, 27.0, 17.0, 23.0]
[2.5, 3.5, 2.5, 2.5, 3.5, 2.5, 2.5, 2.5, 5.0, 5.0, 9.0, 9.0, 1.9999999999999998, 1.9999999999999998, 1.9999999999999998, 3.0, 1.9999999999999998, 3.0, 3.0, 1.9999999999999998, 1.9999999999999998, 1.9999999999999998, 1.9999999999999998, 1.2, 1.9999999999999998, 1.2, 1.9999999999999998, 1.2]
[3.5, 2.5, 3.5, 3.5, 2.5, 3.5, 3.5, 3.5, 5.0, 5.0, 9.0, 9.0, 3.0, 3.0, 3.0, 1.9999999999999998, 3.0, 1.9999999999999998, 1.9999999999999998, 3.0, 1.2, 1.2, 1.2, 1.9999999999999998, 1.2, 1.9999999999999998, 1.2, 1.9999999999999998]
T = 0.13421772800000006	 step = 365
74.67000000000002
13.563413529829544
[14.0, 31.0, 17.0, 9.0, 18.0, 7.0, 8.0, 5.0, 23.0, 17.0, 33.0, 11.0, 34.0, 34.0, 21.0, 4.0, 26.0, 3.0, 25.0, 11.0, 37.0, 13.0, 23.0, 19.0, 23.0, 3.0, 22.0, 29.0]
[11.0, 19.0, 9.0, 14.0, 19.0, 24.0, 9.0, 10.0, 7.0, 24.0, 11.0, 33.0, 24.0, 32.0, 30.0, 15.0, 34.0, 32.0, 30.0, 20.0, 34.0, 6.0, 12.0, 16.0, 21.0, 27.0, 17.0, 23.0]
[2.5, 3.5, 2.5, 2.5, 3.5, 2.5, 2.5, 2.5, 5.0, 5.0, 9.0, 9.0, 1.9999999999999998, 1.9999999999999998, 1.9999999999999998, 3.0, 1.9999999999999998, 3.0, 3.0, 1.9999999999999998, 1.9999999999999998, 1.9999999999999998, 1.9999999999999998, 1.2, 1.9999999999999998, 1.2, 1.9999999999999998, 1.2]
[3.5, 2.5, 3.5, 3.5, 2.5, 3.5, 3.5, 3.5, 5.0, 5.0, 9.0, 9.0, 3.0, 3.0, 3.0, 1.9999999999999998, 3.0, 1.9999999999999998, 1.9999999999999998, 3.0, 1.2, 1.2, 1.2, 1.9999999999999998, 1.2, 1.9999999999999998, 1.2, 1.9999999999999998]
T = 0.13421772800000006	 step = 366
74.65000000000003
13.641538529829544
[14.0, 31.0, 17.0, 8.0, 18.0, 7.0, 8.0, 5.0, 23.0, 17.0, 33.0, 11.0, 34.0, 34.0, 21.0, 4.0, 26.0, 3.0, 25.0, 11.0, 37.0, 13.0, 23.0, 19.0, 23.0, 3.0, 22.0, 29.0]
[11.0, 19.0, 9.0, 14.0, 19.0, 24.0, 9.0, 10.0, 7.0, 24.0, 11.0, 33.0, 24.0, 32.0, 30.0, 15.0, 34.0, 32.0, 30.0, 20.0, 34.0, 6.0, 12.0, 16.0, 21.0, 27.0, 17.0, 23.0]
[2.5, 3.5, 2.5, 2.5, 3.5, 2.5, 2.5, 2.5, 5.0, 5.0, 9.0, 9.0, 1.9999999999999998, 1.9999999999999998, 1.9999999999999998, 3.0, 1.9999999999999998, 3.0, 3.0, 1.9999999999999998, 1.9999999999999998, 1.9999999999999998, 1.9999999999999998, 1.2, 1.9999999999999998, 1.2, 1.9999999999999998, 1.2]
[3.5, 2.5, 3.5, 3.5, 2.5, 3.5, 3.5, 3.5, 5.0, 5.0, 9.0, 9.0, 3.0, 3.0, 3.0, 1.9999999999999998, 3.0, 1.9999999999999998, 1.9999999999999998, 3.0, 1.2, 1.2, 1.2, 1.9999999999999998, 1.2, 1.9999999999999998, 1.2, 1.9999999999999998]
T = 0.13421772800000006	 step = 367
74.65000000000003
13.657163529829544
[14.0, 31.0, 17.0, 8.0, 18.0, 7.0, 8.0, 5.0, 23.0, 17.0, 33.0, 11.0, 34.0, 34.0, 21.0, 4.0, 26.0, 3.0, 25.0, 11.0, 38.0, 13.0, 23.0, 19.0, 23.0, 3.0, 22.0, 29.0]
[11.0, 19.0, 9.0, 14.0, 19.0, 24.0, 9.0, 10.0, 7.0, 24.0, 11.0, 33.0, 24.0, 32.0, 30.0, 15.0, 34.0, 32.0, 30.0, 20.0, 34.0, 6.0, 12.0, 16.0, 21.0, 27.0, 17.0, 23.0]
[2.5, 3.5, 2.5, 2.5, 3.5, 2.5, 2.5, 2.5, 5.0, 5.0, 9.0, 9.0, 1.9999999999999998, 1.9999999999999998, 1.9999999999999998, 3.0, 1.9999999999999998, 3.0, 3.0, 1.9999999999999998, 1.9999999999999998, 1.9999999999999998, 1.9999999999999998, 1.2, 1.9999999999999998, 1.2, 1.9999999999999998, 1.2]
[3.5, 2.5, 3.5, 3.5, 2.5, 3.5, 3.5, 3.5, 5.0, 5.0, 9.0, 9.0, 3.0, 3.0, 3.0, 1.9999999999999998, 3.0, 1.9999999999999998, 1.9999999999999998, 3.0, 1.2, 1.2, 1.2, 1.9999999999999998, 1.2, 1.9999999999999998, 1.2, 1.9999999999999998]
T = 0.13421772800000006	 step = 368
74.65000000000003
13.657115589488637
[14.0, 31.0, 17.0, 8.0, 18.0, 7.0, 8.0, 5.0, 23.0, 17.0, 33.0, 11.0, 34.0, 34.0, 20.0, 4.0, 26.0, 3.0, 25.0, 11.0, 38.0, 13.0, 23.0, 19.0, 23.0, 3.0, 22.0, 29.0]
[11.0, 19.0, 9.0, 14.0, 19.0, 24.0, 9.0, 10.0, 7.0, 24.0, 11.0, 33.0, 24.0, 32.0, 30.0, 15.0, 34.0, 32.0, 30.0, 20.0, 34.0, 6.0, 12.0, 16.0, 21.0, 27.0, 17.0, 23.0]
[2.5, 3.5, 2.5, 2.5, 3.5, 2.5, 2.5, 2.5, 5.0, 5.0, 9.0, 9.0, 1.9999999999999998, 1.9999999999999998, 1.9999999999999998, 3.0, 1.9999999999999998, 3.0, 3.0, 1.9999999999999998, 1.9999999999999998, 1.9999999999999998, 1.9999999999999998, 1.2, 1.9999999999999998, 1.2, 1.9999999999999998, 1.2]
[3.5, 2.5, 3.5, 3.5, 2.5, 3.5, 3.5, 3.5, 5.0, 5.0, 9.0, 9.0, 3.0, 3.0, 3.0, 1.9999999999999998, 3.0, 1.9999999999999998, 1.9999999999999998, 3.0, 1.2, 1.2, 1.2, 1.9999999999999998, 1.2, 1.9999999999999998, 1.2, 1.9999999999999998]
T = 0.13421772800000006	 step = 369
74.60000000000002
13.469615589488633
[14.0, 31.0, 17.0, 8.0, 18.0, 7.0, 8.0, 5.0, 23.0, 16.0, 33.0, 11.0, 34.0, 34.0, 20.0, 4.0, 26.0, 3.0, 25.0, 11.0, 38.0, 13.0, 23.0, 19.0, 23.0, 3.0, 22.0, 29.0]
[11.0, 19.0, 9.0, 14.0, 19.0, 24.0, 9.0, 10.0, 7.0, 24.0, 11.0, 33.0, 24.0, 32.0, 30.0, 15.0, 34.0, 32.0, 30.0, 20.0, 34.0, 6.0, 12.0, 16.0, 21.0, 27.0, 17.0, 23.0]
[2.5, 3.5, 2.5, 2.5, 3.5, 2.5, 2.5, 2.5, 5.0, 5.0, 9.0, 9.0, 1.9999999999999998, 1.9999999999999998, 1.9999999999999998, 3.0, 1.9999999999999998, 3.0, 3.0, 1.9999999999999998, 1.9999999999999998, 1.9999999999999998, 1.9999999999999998, 1.2, 1.9999999999999998, 1.2, 1.9999999999999998, 1.2]
[3.5, 2.5, 3.5, 3.5, 2.5, 3.5, 3.5, 3.5, 5.0, 5.0, 9.0, 9.0, 3.0, 3.0, 3.0, 1.9999999999999998, 3.0, 1.9999999999999998, 1.9999999999999998, 3.0, 1.2, 1.2, 1.2, 1.9999999999999998, 1.2, 1.9999999999999998, 1.2, 1.9999999999999998]
T = 0.13421772800000006	 step = 370
74.53000000000003
14.496870561079543
[14.0, 31.0, 17.0, 8.0, 18.0, 7.0, 8.0, 5.0, 23.0, 16.0, 33.0, 11.0, 34.0, 34.0, 20.0, 4.0, 26.0, 35.0, 25.0, 11.0, 38.0, 13.0, 23.0, 19.0, 23.0, 3.0, 22.0, 29.0]
[11.0, 19.0, 9.0, 14.0, 19.0, 24.0, 9.0, 10.0, 7.0, 24.0, 11.0, 33.0, 24.0, 32.0, 30.0, 15.0, 34.0, 37.0, 30.0, 20.0, 34.0, 6.0, 12.0, 16.0, 21.0, 27.0, 17.0, 23.0]
[2.5, 3.5, 2.5, 2.5, 3.5, 2.5, 2.5, 2.5, 5.0, 5.0, 9.0, 9.0, 1.9999999999999998, 1.9999999999999998, 1.9999999999999998, 3.0, 1.9999999999999998, 1.9999999999999998, 3.0, 1.9999999999999998, 1.9999999999999998, 1.9999999999999998, 1.9999999999999998, 1.2, 1.9999999999999998, 1.2, 1.9999999999999998, 1.2]
[3.5, 2.5, 3.5, 3.5, 2.5, 3.5, 3.5, 3.5, 5.0, 5.0, 9.0, 9.0, 3.0, 3.0, 3.0, 1.9999999999999998, 3.0, 3.0, 1.9999999999999998, 3.0, 1.2, 1.2, 1.2, 1.9999999999999998, 1.2, 1.9999999999999998, 1.2, 1.9999999999999998]
T = 0.13421772800000006	 step = 371
74.61000000000001
13.453990589488633
[14.0, 31.0, 17.0, 8.0, 18.0, 7.0, 8.0, 5.0, 23.0, 16.0, 33.0, 11.0, 34.0, 34.0, 20.0, 4.0, 26.0, 3.0, 25.0, 11.0, 38.0, 13.0, 23.0, 19.0, 23.0, 3.0, 22.0, 29.0]
[11.0, 19.0, 9.0, 14.0, 19.0, 24.0, 9.0, 10.0, 7.0, 24.0, 11.0, 33.0, 24.0, 32.0, 30.0, 15.0, 34.0, 32.0, 30.0, 20.0, 34.0, 6.0, 13.0, 16.0, 21.0, 27.0, 17.0, 23.0]
[2.5, 3.5, 2.5, 2.5, 3.5, 2.5, 2.5, 2.5, 5.0, 5.0, 9.0, 9.0, 1.9999999999999998, 1.9999999999999998, 1.9999999999999998, 3.0, 1.9999999999999998, 3.0, 3.0, 1.9999999999999998, 1.9999999999999998, 1.9999999999999998, 1.9999999999999998, 1.2, 1.9999999999999998, 1.2, 1.9999999999999998, 1.2]
[3.5, 2.5, 3.5, 3.5, 2.5, 3.5, 3.5, 3.5, 5.0, 5.0, 9.0, 9.0, 3.0, 3.0, 3.0, 1.9999999999999998, 3.0, 1.9999999999999998, 1.9999999999999998, 3.0, 1.2, 1.2, 1.2, 1.9999999999999998, 1.2, 1.9999999999999998, 1.2, 1.9999999999999998]
T = 0.13421772800000006	 step = 372
74.63
13.469615589488637
[14.0, 31.0, 17.0, 8.0, 18.0, 7.0, 9.0, 5.0, 23.0, 16.0, 33.0, 11.0, 34.0, 34.0, 20.0, 4.0, 26.0, 3.0, 25.0, 11.0, 38.0, 13.0, 23.0, 19.0, 23.0, 3.0, 22.0, 29.0]
[11.0, 19.0, 9.0, 14.0, 19.0, 24.0, 9.0, 10.0, 7.0, 24.0, 11.0, 33.0, 24.0, 32.0, 30.0, 15.0, 34.0, 32.0, 30.0, 20.0, 34.0, 6.0, 13.0, 16.0, 21.0, 27.0, 17.0, 23.0]
[2.5, 3.5, 2.5, 2.5, 3.5, 2.5, 2.5, 2.5, 5.0, 5.0, 9.0, 9.0, 1.9999999999999998, 1.9999999999999998, 1.9999999999999998, 3.0, 1.9999999999999998, 3.0, 3.0, 1.9999999999999998, 1.9999999999999998, 1.9999999999999998, 1.9999999999999998, 1.2, 1.9999999999999998, 1.2, 1.9999999999999998, 1.2]
[3.5, 2.5, 3.5, 3.5, 2.5, 3.5, 3.5, 3.5, 5.0, 5.0, 9.0, 9.0, 3.0, 3.0, 3.0, 1.9999999999999998, 3.0, 1.9999999999999998, 1.9999999999999998, 3.0, 1.2, 1.2, 1.2, 1.9999999999999998, 1.2, 1.9999999999999998, 1.2, 1.9999999999999998]
T = 0.13421772800000006	 step = 373
74.62
13.466362748579543
[14.0, 31.0, 17.0, 8.0, 18.0, 7.0, 9.0, 5.0, 23.0, 16.0, 33.0, 11.0, 34.0, 34.0, 20.0, 4.0, 26.0, 3.0, 25.0, 11.0, 38.0, 13.0, 23.0, 19.0, 23.0, 2.0, 22.0, 29.0]
[11.0, 19.0, 9.0, 14.0, 19.0, 24.0, 9.0, 10.0, 7.0, 24.0, 11.0, 33.0, 24.0, 32.0, 30.0, 15.0, 34.0, 32.0, 30.0, 20.0, 34.0, 6.0, 13.0, 16.0, 21.0, 27.0, 17.0, 23.0]
[2.5, 3.5, 2.5, 2.5, 3.5, 2.5, 2.5, 2.5, 5.0, 5.0, 9.0, 9.0, 1.9999999999999998, 1.9999999999999998, 1.9999999999999998, 3.0, 1.9999999999999998, 3.0, 3.0, 1.9999999999999998, 1.9999999999999998, 1.9999999999999998, 1.9999999999999998, 1.2, 1.9999999999999998, 1.2, 1.9999999999999998, 1.2]
[3.5, 2.5, 3.5, 3.5, 2.5, 3.5, 3.5, 3.5, 5.0, 5.0, 9.0, 9.0, 3.0, 3.0, 3.0, 1.9999999999999998, 3.0, 1.9999999999999998, 1.9999999999999998, 3.0, 1.2, 1.2, 1.2, 1.9999999999999998, 1.2, 1.9999999999999998, 1.2, 1.9999999999999998]
T = 0.13421772800000006	 step = 374
74.60000000000002
13.466362748579543
[14.0, 31.0, 17.0, 8.0, 18.0, 7.0, 9.0, 5.0, 23.0, 16.0, 33.0, 11.0, 34.0, 34.0, 20.0, 4.0, 26.0, 3.0, 25.0, 11.0, 38.0, 13.0, 23.0, 19.0, 23.0, 2.0, 22.0, 29.0]
[11.0, 19.0, 9.0, 14.0, 19.0, 24.0, 9.0, 10.0, 7.0, 24.0, 11.0, 33.0, 24.0, 32.0, 30.0, 15.0, 34.0, 32.0, 30.0, 19.0, 34.0, 6.0, 13.0, 16.0, 21.0, 27.0, 17.0, 23.0]
[2.5, 3.5, 2.5, 2.5, 3.5, 2.5, 2.5, 2.5, 5.0, 5.0, 9.0, 9.0, 1.9999999999999998, 1.9999999999999998, 1.9999999999999998, 3.0, 1.9999999999999998, 3.0, 3.0, 1.9999999999999998, 1.9999999999999998, 1.9999999999999998, 1.9999999999999998, 1.2, 1.9999999999999998, 1.2, 1.9999999999999998, 1.2]
[3.5, 2.5, 3.5, 3.5, 2.5, 3.5, 3.5, 3.5, 5.0, 5.0, 9.0, 9.0, 3.0, 3.0, 3.0, 1.9999999999999998, 3.0, 1.9999999999999998, 1.9999999999999998, 3.0, 1.2, 1.2, 1.2, 1.9999999999999998, 1.2, 1.9999999999999998, 1.2, 1.9999999999999998]
T = 0.13421772800000006	 step = 375
74.62
13.368974609374998
[14.0, 31.0, 17.0, 8.0, 18.0, 7.0, 9.0, 5.0, 23.0, 16.0, 33.0, 11.0, 34.0, 34.0, 20.0, 4.0, 26.0, 3.0, 25.0, 11.0, 38.0, 13.0, 23.0, 19.0, 23.0, 2.0, 22.0, 29.0]
[11.0, 19.0, 9.0, 14.0, 19.0, 24.0, 9.0, 11.0, 7.0, 24.0, 11.0, 33.0, 24.0, 32.0, 30.0, 15.0, 34.0, 32.0, 30.0, 19.0, 34.0, 6.0, 13.0, 16.0, 21.0, 27.0, 17.0, 23.0]
[2.5, 3.5, 2.5, 2.5, 3.5, 2.5, 2.5, 2.5, 5.0, 5.0, 9.0, 9.0, 1.9999999999999998, 1.9999999999999998, 1.9999999999999998, 3.0, 1.9999999999999998, 3.0, 3.0, 1.9999999999999998, 1.9999999999999998, 1.9999999999999998, 1.9999999999999998, 1.2, 1.9999999999999998, 1.2, 1.9999999999999998, 1.2]
[3.5, 2.5, 3.5, 3.5, 2.5, 3.5, 3.5, 3.5, 5.0, 5.0, 9.0, 9.0, 3.0, 3.0, 3.0, 1.9999999999999998, 3.0, 1.9999999999999998, 1.9999999999999998, 3.0, 1.2, 1.2, 1.2, 1.9999999999999998, 1.2, 1.9999999999999998, 1.2, 1.9999999999999998]
T = 0.13421772800000006	 step = 376
74.61000000000001
13.400224609374998
[14.0, 31.0, 17.0, 8.0, 18.0, 7.0, 9.0, 5.0, 23.0, 16.0, 33.0, 11.0, 34.0, 34.0, 20.0, 4.0, 27.0, 3.0, 25.0, 11.0, 38.0, 13.0, 23.0, 19.0, 23.0, 2.0, 22.0, 29.0]
[11.0, 19.0, 9.0, 14.0, 19.0, 24.0, 9.0, 11.0, 7.0, 24.0, 11.0, 33.0, 24.0, 32.0, 30.0, 15.0, 34.0, 32.0, 30.0, 19.0, 34.0, 6.0, 13.0, 16.0, 21.0, 27.0, 17.0, 23.0]
[2.5, 3.5, 2.5, 2.5, 3.5, 2.5, 2.5, 2.5, 5.0, 5.0, 9.0, 9.0, 1.9999999999999998, 1.9999999999999998, 1.9999999999999998, 3.0, 1.9999999999999998, 3.0, 3.0, 1.9999999999999998, 1.9999999999999998, 1.9999999999999998, 1.9999999999999998, 1.2, 1.9999999999999998, 1.2, 1.9999999999999998, 1.2]
[3.5, 2.5, 3.5, 3.5, 2.5, 3.5, 3.5, 3.5, 5.0, 5.0, 9.0, 9.0, 3.0, 3.0, 3.0, 1.9999999999999998, 3.0, 1.9999999999999998, 1.9999999999999998, 3.0, 1.2, 1.2, 1.2, 1.9999999999999998, 1.2, 1.9999999999999998, 1.2, 1.9999999999999998]
T = 0.13421772800000006	 step = 377
74.60000000000002
13.415849609374998
[14.0, 31.0, 17.0, 8.0, 18.0, 7.0, 9.0, 5.0, 23.0, 16.0, 33.0, 11.0, 34.0, 34.0, 20.0, 4.0, 27.0, 3.0, 25.0, 11.0, 38.0, 13.0, 23.0, 19.0, 23.0, 2.0, 22.0, 29.0]
[11.0, 19.0, 9.0, 14.0, 19.0, 24.0, 9.0, 11.0, 7.0, 24.0, 11.0, 33.0, 24.0, 32.0, 30.0, 15.0, 34.0, 32.0, 30.0, 19.0, 34.0, 5.0, 13.0, 16.0, 21.0, 27.0, 17.0, 23.0]
[2.5, 3.5, 2.5, 2.5, 3.5, 2.5, 2.5, 2.5, 5.0, 5.0, 9.0, 9.0, 1.9999999999999998, 1.9999999999999998, 1.9999999999999998, 3.0, 1.9999999999999998, 3.0, 3.0, 1.9999999999999998, 1.9999999999999998, 1.9999999999999998, 1.9999999999999998, 1.2, 1.9999999999999998, 1.2, 1.9999999999999998, 1.2]
[3.5, 2.5, 3.5, 3.5, 2.5, 3.5, 3.5, 3.5, 5.0, 5.0, 9.0, 9.0, 3.0, 3.0, 3.0, 1.9999999999999998, 3.0, 1.9999999999999998, 1.9999999999999998, 3.0, 1.2, 1.2, 1.2, 1.9999999999999998, 1.2, 1.9999999999999998, 1.2, 1.9999999999999998]
T = 0.13421772800000006	 step = 378
74.61000000000001
13.400224609374998
[14.0, 31.0, 17.0, 8.0, 18.0, 7.0, 9.0, 5.0, 23.0, 16.0, 33.0, 11.0, 34.0, 34.0, 20.0, 4.0, 27.0, 3.0, 25.0, 11.0, 38.0, 14.0, 23.0, 19.0, 23.0, 2.0, 22.0, 29.0]
[11.0, 19.0, 9.0, 14.0, 19.0, 24.0, 9.0, 11.0, 7.0, 24.0, 11.0, 33.0, 24.0, 32.0, 30.0, 15.0, 34.0, 32.0, 30.0, 19.0, 34.0, 5.0, 13.0, 16.0, 21.0, 27.0, 17.0, 23.0]
[2.5, 3.5, 2.5, 2.5, 3.5, 2.5, 2.5, 2.5, 5.0, 5.0, 9.0, 9.0, 1.9999999999999998, 1.9999999999999998, 1.9999999999999998, 3.0, 1.9999999999999998, 3.0, 3.0, 1.9999999999999998, 1.9999999999999998, 1.9999999999999998, 1.9999999999999998, 1.2, 1.9999999999999998, 1.2, 1.9999999999999998, 1.2]
[3.5, 2.5, 3.5, 3.5, 2.5, 3.5, 3.5, 3.5, 5.0, 5.0, 9.0, 9.0, 3.0, 3.0, 3.0, 1.9999999999999998, 3.0, 1.9999999999999998, 1.9999999999999998, 3.0, 1.2, 1.2, 1.2, 1.9999999999999998, 1.2, 1.9999999999999998, 1.2, 1.9999999999999998]
T = 0.13421772800000006	 step = 379
74.60000000000002
13.384599609374998
[14.0, 31.0, 17.0, 8.0, 18.0, 7.0, 9.0, 5.0, 23.0, 16.0, 33.0, 11.0, 34.0, 34.0, 20.0, 4.0, 27.0, 3.0, 25.0, 11.0, 38.0, 15.0, 23.0, 19.0, 23.0, 2.0, 22.0, 29.0]
[11.0, 19.0, 9.0, 14.0, 19.0, 24.0, 9.0, 11.0, 7.0, 24.0, 11.0, 33.0, 24.0, 32.0, 30.0, 15.0, 34.0, 32.0, 30.0, 19.0, 34.0, 5.0, 13.0, 16.0, 21.0, 27.0, 17.0, 23.0]
[2.5, 3.5, 2.5, 2.5, 3.5, 2.5, 2.5, 2.5, 5.0, 5.0, 9.0, 9.0, 1.9999999999999998, 1.9999999999999998, 1.9999999999999998, 3.0, 1.9999999999999998, 3.0, 3.0, 1.9999999999999998, 1.9999999999999998, 1.9999999999999998, 1.9999999999999998, 1.2, 1.9999999999999998, 1.2, 1.9999999999999998, 1.2]
[3.5, 2.5, 3.5, 3.5, 2.5, 3.5, 3.5, 3.5, 5.0, 5.0, 9.0, 9.0, 3.0, 3.0, 3.0, 1.9999999999999998, 3.0, 1.9999999999999998, 1.9999999999999998, 3.0, 1.2, 1.2, 1.2, 1.9999999999999998, 1.2, 1.9999999999999998, 1.2, 1.9999999999999998]
T = 0.13421772800000006	 step = 380
74.58000000000004
13.390633877840907
[14.0, 31.0, 17.0, 8.0, 18.0, 7.0, 9.0, 5.0, 23.0, 16.0, 33.0, 11.0, 34.0, 34.0, 20.0, 4.0, 27.0, 3.0, 25.0, 11.0, 38.0, 15.0, 23.0, 19.0, 23.0, 2.0, 22.0, 29.0]
[11.0, 19.0, 9.0, 14.0, 19.0, 24.0, 9.0, 11.0, 7.0, 24.0, 11.0, 33.0, 24.0, 32.0, 30.0, 15.0, 34.0, 32.0, 30.0, 19.0, 34.0, 5.0, 13.0, 15.0, 21.0, 27.0, 17.0, 23.0]
[2.5, 3.5, 2.5, 2.5, 3.5, 2.5, 2.5, 2.5, 5.0, 5.0, 9.0, 9.0, 1.9999999999999998, 1.9999999999999998, 1.9999999999999998, 3.0, 1.9999999999999998, 3.0, 3.0, 1.9999999999999998, 1.9999999999999998, 1.9999999999999998, 1.9999999999999998, 1.2, 1.9999999999999998, 1.2, 1.9999999999999998, 1.2]
[3.5, 2.5, 3.5, 3.5, 2.5, 3.5, 3.5, 3.5, 5.0, 5.0, 9.0, 9.0, 3.0, 3.0, 3.0, 1.9999999999999998, 3.0, 1.9999999999999998, 1.9999999999999998, 3.0, 1.2, 1.2, 1.2, 1.9999999999999998, 1.2, 1.9999999999999998, 1.2, 1.9999999999999998]
T = 0.13421772800000006	 step = 381
74.62
13.343581321022725
[14.0, 31.0, 17.0, 8.0, 18.0, 7.0, 9.0, 5.0, 23.0, 16.0, 33.0, 11.0, 34.0, 34.0, 20.0, 4.0, 27.0, 3.0, 25.0, 11.0, 38.0, 15.0, 23.0, 19.0, 23.0, 2.0, 22.0, 29.0]
[11.0, 19.0, 10.0, 14.0, 19.0, 24.0, 9.0, 11.0, 7.0, 24.0, 11.0, 33.0, 24.0, 32.0, 30.0, 15.0, 34.0, 32.0, 30.0, 19.0, 34.0, 5.0, 13.0, 15.0, 21.0, 27.0, 17.0, 23.0]
[2.5, 3.5, 2.5, 2.5, 3.5, 2.5, 2.5, 2.5, 5.0, 5.0, 9.0, 9.0, 1.9999999999999998, 1.9999999999999998, 1.9999999999999998, 3.0, 1.9999999999999998, 3.0, 3.0, 1.9999999999999998, 1.9999999999999998, 1.9999999999999998, 1.9999999999999998, 1.2, 1.9999999999999998, 1.2, 1.9999999999999998, 1.2]
[3.5, 2.5, 3.5, 3.5, 2.5, 3.5, 3.5, 3.5, 5.0, 5.0, 9.0, 9.0, 3.0, 3.0, 3.0, 1.9999999999999998, 3.0, 1.9999999999999998, 1.9999999999999998, 3.0, 1.2, 1.2, 1.2, 1.9999999999999998, 1.2, 1.9999999999999998, 1.2, 1.9999999999999998]
T = 0.13421772800000006	 step = 382
74.61000000000001
13.374831321022725
[14.0, 31.0, 17.0, 8.0, 18.0, 7.0, 9.0, 5.0, 23.0, 16.0, 33.0, 11.0, 34.0, 34.0, 20.0, 3.0, 27.0, 3.0, 25.0, 11.0, 38.0, 15.0, 23.0, 19.0, 23.0, 2.0, 22.0, 29.0]
[11.0, 19.0, 10.0, 14.0, 19.0, 24.0, 9.0, 11.0, 7.0, 24.0, 11.0, 33.0, 24.0, 32.0, 30.0, 15.0, 34.0, 32.0, 30.0, 19.0, 34.0, 5.0, 13.0, 15.0, 21.0, 27.0, 17.0, 23.0]
[2.5, 3.5, 2.5, 2.5, 3.5, 2.5, 2.5, 2.5, 5.0, 5.0, 9.0, 9.0, 1.9999999999999998, 1.9999999999999998, 1.9999999999999998, 3.0, 1.9999999999999998, 3.0, 3.0, 1.9999999999999998, 1.9999999999999998, 1.9999999999999998, 1.9999999999999998, 1.2, 1.9999999999999998, 1.2, 1.9999999999999998, 1.2]
[3.5, 2.5, 3.5, 3.5, 2.5, 3.5, 3.5, 3.5, 5.0, 5.0, 9.0, 9.0, 3.0, 3.0, 3.0, 1.9999999999999998, 3.0, 1.9999999999999998, 1.9999999999999998, 3.0, 1.2, 1.2, 1.2, 1.9999999999999998, 1.2, 1.9999999999999998, 1.2, 1.9999999999999998]
T = 0.13421772800000006	 step = 383
74.52000000000004
13.359206321022725
[14.0, 31.0, 17.0, 8.0, 18.0, 7.0, 9.0, 5.0, 23.0, 16.0, 33.0, 11.0, 34.0, 34.0, 20.0, 3.0, 27.0, 3.0, 25.0, 11.0, 38.0, 15.0, 23.0, 19.0, 23.0, 2.0, 22.0, 29.0]
[11.0, 19.0, 10.0, 14.0, 18.0, 24.0, 9.0, 11.0, 7.0, 24.0, 11.0, 33.0, 24.0, 32.0, 30.0, 15.0, 34.0, 32.0, 30.0, 19.0, 34.0, 5.0, 13.0, 15.0, 21.0, 27.0, 17.0, 23.0]
[2.5, 3.5, 2.5, 2.5, 3.5, 2.5, 2.5, 2.5, 5.0, 5.0, 9.0, 9.0, 1.9999999999999998, 1.9999999999999998, 1.9999999999999998, 3.0, 1.9999999999999998, 3.0, 3.0, 1.9999999999999998, 1.9999999999999998, 1.9999999999999998, 1.9999999999999998, 1.2, 1.9999999999999998, 1.2, 1.9999999999999998, 1.2]
[3.5, 2.5, 3.5, 3.5, 2.5, 3.5, 3.5, 3.5, 5.0, 5.0, 9.0, 9.0, 3.0, 3.0, 3.0, 1.9999999999999998, 3.0, 1.9999999999999998, 1.9999999999999998, 3.0, 1.2, 1.2, 1.2, 1.9999999999999998, 1.2, 1.9999999999999998, 1.2, 1.9999999999999998]
T = 0.13421772800000006	 step = 384
74.43
13.484206321022725
[14.0, 31.0, 17.0, 8.0, 18.0, 7.0, 9.0, 5.0, 23.0, 16.0, 33.0, 11.0, 34.0, 34.0, 20.0, 3.0, 27.0, 3.0, 25.0, 11.0, 38.0, 15.0, 23.0, 19.0, 23.0, 2.0, 22.0, 29.0]
[11.0, 19.0, 10.0, 14.0, 18.0, 24.0, 9.0, 11.0, 7.0, 24.0, 11.0, 34.0, 24.0, 32.0, 30.0, 15.0, 34.0, 32.0, 30.0, 19.0, 34.0, 5.0, 13.0, 15.0, 21.0, 27.0, 17.0, 23.0]
[2.5, 3.5, 2.5, 2.5, 3.5, 2.5, 2.5, 2.5, 5.0, 5.0, 9.0, 9.0, 1.9999999999999998, 1.9999999999999998, 1.9999999999999998, 3.0, 1.9999999999999998, 3.0, 3.0, 1.9999999999999998, 1.9999999999999998, 1.9999999999999998, 1.9999999999999998, 1.2, 1.9999999999999998, 1.2, 1.9999999999999998, 1.2]
[3.5, 2.5, 3.5, 3.5, 2.5, 3.5, 3.5, 3.5, 5.0, 5.0, 9.0, 9.0, 3.0, 3.0, 3.0, 1.9999999999999998, 3.0, 1.9999999999999998, 1.9999999999999998, 3.0, 1.2, 1.2, 1.2, 1.9999999999999998, 1.2, 1.9999999999999998, 1.2, 1.9999999999999998]
T = 0.13421772800000006	 step = 385
74.46000000000004
13.499831321022725
[14.0, 31.0, 17.0, 8.0, 18.0, 7.0, 10.0, 5.0, 23.0, 16.0, 33.0, 11.0, 34.0, 34.0, 20.0, 3.0, 27.0, 3.0, 25.0, 11.0, 38.0, 15.0, 23.0, 19.0, 23.0, 2.0, 22.0, 29.0]
[11.0, 19.0, 10.0, 14.0, 18.0, 24.0, 9.0, 11.0, 7.0, 24.0, 11.0, 34.0, 24.0, 32.0, 30.0, 15.0, 34.0, 32.0, 30.0, 19.0, 34.0, 5.0, 13.0, 15.0, 21.0, 27.0, 17.0, 23.0]
[2.5, 3.5, 2.5, 2.5, 3.5, 2.5, 2.5, 2.5, 5.0, 5.0, 9.0, 9.0, 1.9999999999999998, 1.9999999999999998, 1.9999999999999998, 3.0, 1.9999999999999998, 3.0, 3.0, 1.9999999999999998, 1.9999999999999998, 1.9999999999999998, 1.9999999999999998, 1.2, 1.9999999999999998, 1.2, 1.9999999999999998, 1.2]
[3.5, 2.5, 3.5, 3.5, 2.5, 3.5, 3.5, 3.5, 5.0, 5.0, 9.0, 9.0, 3.0, 3.0, 3.0, 1.9999999999999998, 3.0, 1.9999999999999998, 1.9999999999999998, 3.0, 1.2, 1.2, 1.2, 1.9999999999999998, 1.2, 1.9999999999999998, 1.2, 1.9999999999999998]
T = 0.13421772800000006	 step = 386
74.47000000000003
13.484206321022725
[14.0, 31.0, 17.0, 8.0, 18.0, 7.0, 10.0, 5.0, 23.0, 16.0, 33.0, 11.0, 34.0, 34.0, 20.0, 3.0, 27.0, 3.0, 25.0, 11.0, 38.0, 15.0, 23.0, 18.0, 23.0, 2.0, 22.0, 29.0]
[11.0, 19.0, 10.0, 14.0, 18.0, 24.0, 9.0, 11.0, 7.0, 24.0, 11.0, 34.0, 24.0, 32.0, 30.0, 15.0, 34.0, 32.0, 30.0, 19.0, 34.0, 5.0, 13.0, 15.0, 21.0, 27.0, 17.0, 23.0]
[2.5, 3.5, 2.5, 2.5, 3.5, 2.5, 2.5, 2.5, 5.0, 5.0, 9.0, 9.0, 1.9999999999999998, 1.9999999999999998, 1.9999999999999998, 3.0, 1.9999999999999998, 3.0, 3.0, 1.9999999999999998, 1.9999999999999998, 1.9999999999999998, 1.9999999999999998, 1.2, 1.9999999999999998, 1.2, 1.9999999999999998, 1.2]
[3.5, 2.5, 3.5, 3.5, 2.5, 3.5, 3.5, 3.5, 5.0, 5.0, 9.0, 9.0, 3.0, 3.0, 3.0, 1.9999999999999998, 3.0, 1.9999999999999998, 1.9999999999999998, 3.0, 1.2, 1.2, 1.2, 1.9999999999999998, 1.2, 1.9999999999999998, 1.2, 1.9999999999999998]
T = 0.13421772800000006	 step = 387
74.47000000000003
13.437331321022725
[14.0, 31.0, 18.0, 8.0, 18.0, 7.0, 10.0, 5.0, 23.0, 16.0, 33.0, 11.0, 34.0, 34.0, 20.0, 3.0, 27.0, 3.0, 25.0, 11.0, 38.0, 15.0, 23.0, 18.0, 23.0, 2.0, 22.0, 29.0]
[11.0, 19.0, 10.0, 14.0, 18.0, 24.0, 9.0, 11.0, 7.0, 24.0, 11.0, 34.0, 24.0, 32.0, 30.0, 15.0, 34.0, 32.0, 30.0, 19.0, 34.0, 5.0, 13.0, 15.0, 21.0, 27.0, 17.0, 23.0]
[2.5, 3.5, 2.5, 2.5, 3.5, 2.5, 2.5, 2.5, 5.0, 5.0, 9.0, 9.0, 1.9999999999999998, 1.9999999999999998, 1.9999999999999998, 3.0, 1.9999999999999998, 3.0, 3.0, 1.9999999999999998, 1.9999999999999998, 1.9999999999999998, 1.9999999999999998, 1.2, 1.9999999999999998, 1.2, 1.9999999999999998, 1.2]
[3.5, 2.5, 3.5, 3.5, 2.5, 3.5, 3.5, 3.5, 5.0, 5.0, 9.0, 9.0, 3.0, 3.0, 3.0, 1.9999999999999998, 3.0, 1.9999999999999998, 1.9999999999999998, 3.0, 1.2, 1.2, 1.2, 1.9999999999999998, 1.2, 1.9999999999999998, 1.2, 1.9999999999999998]
T = 0.13421772800000006	 step = 388
74.46000000000004
13.515456321022725
[14.0, 31.0, 18.0, 8.0, 18.0, 7.0, 10.0, 5.0, 23.0, 16.0, 33.0, 11.0, 34.0, 34.0, 20.0, 3.0, 27.0, 3.0, 25.0, 11.0, 38.0, 15.0, 23.0, 18.0, 23.0, 2.0, 22.0, 29.0]
[11.0, 19.0, 10.0, 14.0, 18.0, 25.0, 9.0, 11.0, 7.0, 24.0, 11.0, 34.0, 24.0, 32.0, 30.0, 15.0, 34.0, 32.0, 30.0, 19.0, 34.0, 5.0, 13.0, 15.0, 21.0, 27.0, 17.0, 23.0]
[2.5, 3.5, 2.5, 2.5, 3.5, 2.5, 2.5, 2.5, 5.0, 5.0, 9.0, 9.0, 1.9999999999999998, 1.9999999999999998, 1.9999999999999998, 3.0, 1.9999999999999998, 3.0, 3.0, 1.9999999999999998, 1.9999999999999998, 1.9999999999999998, 1.9999999999999998, 1.2, 1.9999999999999998, 1.2, 1.9999999999999998, 1.2]
[3.5, 2.5, 3.5, 3.5, 2.5, 3.5, 3.5, 3.5, 5.0, 5.0, 9.0, 9.0, 3.0, 3.0, 3.0, 1.9999999999999998, 3.0, 1.9999999999999998, 1.9999999999999998, 3.0, 1.2, 1.2, 1.2, 1.9999999999999998, 1.2, 1.9999999999999998, 1.2, 1.9999999999999998]
T = 0.13421772800000006	 step = 389
74.49000000000001
13.437331321022725
[14.0, 31.0, 18.0, 9.0, 18.0, 7.0, 10.0, 5.0, 23.0, 16.0, 33.0, 11.0, 34.0, 34.0, 20.0, 3.0, 27.0, 3.0, 25.0, 11.0, 38.0, 15.0, 23.0, 18.0, 23.0, 2.0, 22.0, 29.0]
[11.0, 19.0, 10.0, 14.0, 18.0, 25.0, 9.0, 11.0, 7.0, 24.0, 11.0, 34.0, 24.0, 32.0, 30.0, 15.0, 34.0, 32.0, 30.0, 19.0, 34.0, 5.0, 13.0, 15.0, 21.0, 27.0, 17.0, 23.0]
[2.5, 3.5, 2.5, 2.5, 3.5, 2.5, 2.5, 2.5, 5.0, 5.0, 9.0, 9.0, 1.9999999999999998, 1.9999999999999998, 1.9999999999999998, 3.0, 1.9999999999999998, 3.0, 3.0, 1.9999999999999998, 1.9999999999999998, 1.9999999999999998, 1.9999999999999998, 1.2, 1.9999999999999998, 1.2, 1.9999999999999998, 1.2]
[3.5, 2.5, 3.5, 3.5, 2.5, 3.5, 3.5, 3.5, 5.0, 5.0, 9.0, 9.0, 3.0, 3.0, 3.0, 1.9999999999999998, 3.0, 1.9999999999999998, 1.9999999999999998, 3.0, 1.2, 1.2, 1.2, 1.9999999999999998, 1.2, 1.9999999999999998, 1.2, 1.9999999999999998]
T = 0.13421772800000006	 step = 390
74.48000000000002
13.468581321022725
[14.0, 31.0, 18.0, 9.0, 18.0, 7.0, 10.0, 5.0, 23.0, 16.0, 33.0, 11.0, 34.0, 34.0, 20.0, 3.0, 28.0, 3.0, 25.0, 11.0, 38.0, 15.0, 23.0, 18.0, 23.0, 2.0, 22.0, 29.0]
[11.0, 19.0, 10.0, 14.0, 18.0, 25.0, 9.0, 11.0, 7.0, 24.0, 11.0, 34.0, 24.0, 32.0, 30.0, 15.0, 34.0, 32.0, 30.0, 19.0, 34.0, 5.0, 13.0, 15.0, 21.0, 27.0, 17.0, 23.0]
[2.5, 3.5, 2.5, 2.5, 3.5, 2.5, 2.5, 2.5, 5.0, 5.0, 9.0, 9.0, 1.9999999999999998, 1.9999999999999998, 1.9999999999999998, 3.0, 1.9999999999999998, 3.0, 3.0, 1.9999999999999998, 1.9999999999999998, 1.9999999999999998, 1.9999999999999998, 1.2, 1.9999999999999998, 1.2, 1.9999999999999998, 1.2]
[3.5, 2.5, 3.5, 3.5, 2.5, 3.5, 3.5, 3.5, 5.0, 5.0, 9.0, 9.0, 3.0, 3.0, 3.0, 1.9999999999999998, 3.0, 1.9999999999999998, 1.9999999999999998, 3.0, 1.2, 1.2, 1.2, 1.9999999999999998, 1.2, 1.9999999999999998, 1.2, 1.9999999999999998]
T = 0.13421772800000006	 step = 391
74.47000000000003
13.484206321022725
[14.0, 31.0, 18.0, 9.0, 18.0, 7.0, 10.0, 5.0, 23.0, 16.0, 33.0, 11.0, 34.0, 34.0, 20.0, 3.0, 28.0, 3.0, 25.0, 11.0, 38.0, 15.0, 24.0, 18.0, 23.0, 2.0, 22.0, 29.0]
[11.0, 19.0, 10.0, 14.0, 18.0, 25.0, 9.0, 11.0, 7.0, 24.0, 11.0, 34.0, 24.0, 32.0, 30.0, 15.0, 34.0, 32.0, 30.0, 19.0, 34.0, 5.0, 13.0, 15.0, 21.0, 27.0, 17.0, 23.0]
[2.5, 3.5, 2.5, 2.5, 3.5, 2.5, 2.5, 2.5, 5.0, 5.0, 9.0, 9.0, 1.9999999999999998, 1.9999999999999998, 1.9999999999999998, 3.0, 1.9999999999999998, 3.0, 3.0, 1.9999999999999998, 1.9999999999999998, 1.9999999999999998, 1.9999999999999998, 1.2, 1.9999999999999998, 1.2, 1.9999999999999998, 1.2]
[3.5, 2.5, 3.5, 3.5, 2.5, 3.5, 3.5, 3.5, 5.0, 5.0, 9.0, 9.0, 3.0, 3.0, 3.0, 1.9999999999999998, 3.0, 1.9999999999999998, 1.9999999999999998, 3.0, 1.2, 1.2, 1.2, 1.9999999999999998, 1.2, 1.9999999999999998, 1.2, 1.9999999999999998]
T = 0.13421772800000006	 step = 392
74.45000000000005
13.562331321022725
[14.0, 32.0, 18.0, 9.0, 18.0, 7.0, 10.0, 5.0, 23.0, 16.0, 33.0, 11.0, 34.0, 34.0, 20.0, 3.0, 28.0, 3.0, 25.0, 11.0, 38.0, 15.0, 24.0, 18.0, 23.0, 2.0, 22.0, 29.0]
[11.0, 19.0, 10.0, 14.0, 18.0, 25.0, 9.0, 11.0, 7.0, 24.0, 11.0, 34.0, 24.0, 32.0, 30.0, 15.0, 34.0, 32.0, 30.0, 19.0, 34.0, 5.0, 13.0, 15.0, 21.0, 27.0, 17.0, 23.0]
[2.5, 3.5, 2.5, 2.5, 3.5, 2.5, 2.5, 2.5, 5.0, 5.0, 9.0, 9.0, 1.9999999999999998, 1.9999999999999998, 1.9999999999999998, 3.0, 1.9999999999999998, 3.0, 3.0, 1.9999999999999998, 1.9999999999999998, 1.9999999999999998, 1.9999999999999998, 1.2, 1.9999999999999998, 1.2, 1.9999999999999998, 1.2]
[3.5, 2.5, 3.5, 3.5, 2.5, 3.5, 3.5, 3.5, 5.0, 5.0, 9.0, 9.0, 3.0, 3.0, 3.0, 1.9999999999999998, 3.0, 1.9999999999999998, 1.9999999999999998, 3.0, 1.2, 1.2, 1.2, 1.9999999999999998, 1.2, 1.9999999999999998, 1.2, 1.9999999999999998]
T = 0.13421772800000006	 step = 393
74.45000000000005
13.562331321022725
[14.0, 32.0, 18.0, 9.0, 18.0, 7.0, 10.0, 5.0, 23.0, 16.0, 33.0, 11.0, 33.0, 34.0, 20.0, 3.0, 28.0, 3.0, 25.0, 11.0, 38.0, 15.0, 24.0, 18.0, 23.0, 2.0, 22.0, 29.0]
[11.0, 19.0, 10.0, 14.0, 18.0, 25.0, 9.0, 11.0, 7.0, 24.0, 11.0, 34.0, 24.0, 32.0, 30.0, 15.0, 34.0, 32.0, 30.0, 19.0, 34.0, 5.0, 13.0, 15.0, 21.0, 27.0, 17.0, 23.0]
[2.5, 3.5, 2.5, 2.5, 3.5, 2.5, 2.5, 2.5, 5.0, 5.0, 9.0, 9.0, 1.9999999999999998, 1.9999999999999998, 1.9999999999999998, 3.0, 1.9999999999999998, 3.0, 3.0, 1.9999999999999998, 1.9999999999999998, 1.9999999999999998, 1.9999999999999998, 1.2, 1.9999999999999998, 1.2, 1.9999999999999998, 1.2]
[3.5, 2.5, 3.5, 3.5, 2.5, 3.5, 3.5, 3.5, 5.0, 5.0, 9.0, 9.0, 3.0, 3.0, 3.0, 1.9999999999999998, 3.0, 1.9999999999999998, 1.9999999999999998, 3.0, 1.2, 1.2, 1.2, 1.9999999999999998, 1.2, 1.9999999999999998, 1.2, 1.9999999999999998]
T = 0.13421772800000006	 step = 394
74.45000000000005
13.609206321022725
[14.0, 32.0, 17.0, 9.0, 18.0, 7.0, 10.0, 5.0, 23.0, 16.0, 33.0, 11.0, 33.0, 34.0, 20.0, 3.0, 28.0, 3.0, 25.0, 11.0, 38.0, 15.0, 24.0, 18.0, 23.0, 2.0, 22.0, 29.0]
[11.0, 19.0, 10.0, 14.0, 18.0, 25.0, 9.0, 11.0, 7.0, 24.0, 11.0, 34.0, 24.0, 32.0, 30.0, 15.0, 34.0, 32.0, 30.0, 19.0, 34.0, 5.0, 13.0, 15.0, 21.0, 27.0, 17.0, 23.0]
[2.5, 3.5, 2.5, 2.5, 3.5, 2.5, 2.5, 2.5, 5.0, 5.0, 9.0, 9.0, 1.9999999999999998, 1.9999999999999998, 1.9999999999999998, 3.0, 1.9999999999999998, 3.0, 3.0, 1.9999999999999998, 1.9999999999999998, 1.9999999999999998, 1.9999999999999998, 1.2, 1.9999999999999998, 1.2, 1.9999999999999998, 1.2]
[3.5, 2.5, 3.5, 3.5, 2.5, 3.5, 3.5, 3.5, 5.0, 5.0, 9.0, 9.0, 3.0, 3.0, 3.0, 1.9999999999999998, 3.0, 1.9999999999999998, 1.9999999999999998, 3.0, 1.2, 1.2, 1.2, 1.9999999999999998, 1.2, 1.9999999999999998, 1.2, 1.9999999999999998]
T = 0.13421772800000006	 step = 395
74.09000000000003
15.476044921874996
[14.0, 32.0, 17.0, 31.0, 18.0, 7.0, 10.0, 5.0, 23.0, 16.0, 33.0, 11.0, 33.0, 34.0, 20.0, 3.0, 28.0, 3.0, 25.0, 11.0, 38.0, 15.0, 24.0, 18.0, 23.0, 2.0, 22.0, 29.0]
[11.0, 19.0, 10.0, 4.0, 18.0, 25.0, 9.0, 11.0, 7.0, 24.0, 11.0, 34.0, 24.0, 32.0, 30.0, 15.0, 34.0, 32.0, 30.0, 19.0, 34.0, 5.0, 13.0, 15.0, 21.0, 27.0, 17.0, 23.0]
[2.5, 3.5, 2.5, 3.5, 3.5, 2.5, 2.5, 2.5, 5.0, 5.0, 9.0, 9.0, 1.9999999999999998, 1.9999999999999998, 1.9999999999999998, 3.0, 1.9999999999999998, 3.0, 3.0, 1.9999999999999998, 1.9999999999999998, 1.9999999999999998, 1.9999999999999998, 1.2, 1.9999999999999998, 1.2, 1.9999999999999998, 1.2]
[3.5, 2.5, 3.5, 2.5, 2.5, 3.5, 3.5, 3.5, 5.0, 5.0, 9.0, 9.0, 3.0, 3.0, 3.0, 1.9999999999999998, 3.0, 1.9999999999999998, 1.9999999999999998, 3.0, 1.2, 1.2, 1.2, 1.9999999999999998, 1.2, 1.9999999999999998, 1.2, 1.9999999999999998]
T = 0.13421772800000006	 step = 396
74.45000000000005
13.640456321022725
[14.0, 32.0, 17.0, 9.0, 18.0, 7.0, 10.0, 5.0, 23.0, 16.0, 33.0, 11.0, 33.0, 34.0, 20.0, 3.0, 28.0, 3.0, 25.0, 11.0, 38.0, 15.0, 24.0, 18.0, 23.0, 2.0, 22.0, 29.0]
[11.0, 19.0, 10.0, 14.0, 18.0, 25.0, 9.0, 11.0, 7.0, 24.0, 11.0, 34.0, 24.0, 33.0, 30.0, 15.0, 34.0, 32.0, 30.0, 19.0, 34.0, 5.0, 13.0, 15.0, 21.0, 27.0, 17.0, 23.0]
[2.5, 3.5, 2.5, 2.5, 3.5, 2.5, 2.5, 2.5, 5.0, 5.0, 9.0, 9.0, 1.9999999999999998, 1.9999999999999998, 1.9999999999999998, 3.0, 1.9999999999999998, 3.0, 3.0, 1.9999999999999998, 1.9999999999999998, 1.9999999999999998, 1.9999999999999998, 1.2, 1.9999999999999998, 1.2, 1.9999999999999998, 1.2]
[3.5, 2.5, 3.5, 3.5, 2.5, 3.5, 3.5, 3.5, 5.0, 5.0, 9.0, 9.0, 3.0, 3.0, 3.0, 1.9999999999999998, 3.0, 1.9999999999999998, 1.9999999999999998, 3.0, 1.2, 1.2, 1.2, 1.9999999999999998, 1.2, 1.9999999999999998, 1.2, 1.9999999999999998]
T = 0.13421772800000006	 step = 397
74.44
13.640456321022725
[14.0, 32.0, 17.0, 9.0, 18.0, 7.0, 10.0, 5.0, 23.0, 16.0, 33.0, 11.0, 33.0, 35.0, 20.0, 3.0, 28.0, 3.0, 25.0, 11.0, 38.0, 15.0, 24.0, 18.0, 23.0, 2.0, 22.0, 29.0]
[11.0, 19.0, 10.0, 14.0, 18.0, 25.0, 9.0, 11.0, 7.0, 24.0, 11.0, 34.0, 24.0, 32.0, 30.0, 15.0, 34.0, 32.0, 30.0, 19.0, 34.0, 5.0, 13.0, 15.0, 21.0, 27.0, 17.0, 23.0]
[2.5, 3.5, 2.5, 2.5, 3.5, 2.5, 2.5, 2.5, 5.0, 5.0, 9.0, 9.0, 1.9999999999999998, 1.9999999999999998, 1.9999999999999998, 3.0, 1.9999999999999998, 3.0, 3.0, 1.9999999999999998, 1.9999999999999998, 1.9999999999999998, 1.9999999999999998, 1.2, 1.9999999999999998, 1.2, 1.9999999999999998, 1.2]
[3.5, 2.5, 3.5, 3.5, 2.5, 3.5, 3.5, 3.5, 5.0, 5.0, 9.0, 9.0, 3.0, 3.0, 3.0, 1.9999999999999998, 3.0, 1.9999999999999998, 1.9999999999999998, 3.0, 1.2, 1.2, 1.2, 1.9999999999999998, 1.2, 1.9999999999999998, 1.2, 1.9999999999999998]
T = 0.13421772800000006	 step = 398
74.45000000000005
13.640456321022725
[14.0, 32.0, 17.0, 9.0, 18.0, 7.0, 10.0, 5.0, 23.0, 16.0, 33.0, 11.0, 32.0, 35.0, 20.0, 3.0, 28.0, 3.0, 25.0, 11.0, 38.0, 15.0, 24.0, 18.0, 23.0, 2.0, 22.0, 29.0]
[11.0, 19.0, 10.0, 14.0, 18.0, 25.0, 9.0, 11.0, 7.0, 24.0, 11.0, 34.0, 24.0, 32.0, 30.0, 15.0, 34.0, 32.0, 30.0, 19.0, 34.0, 5.0, 13.0, 15.0, 21.0, 27.0, 17.0, 23.0]
[2.5, 3.5, 2.5, 2.5, 3.5, 2.5, 2.5, 2.5, 5.0, 5.0, 9.0, 9.0, 1.9999999999999998, 1.9999999999999998, 1.9999999999999998, 3.0, 1.9999999999999998, 3.0, 3.0, 1.9999999999999998, 1.9999999999999998, 1.9999999999999998, 1.9999999999999998, 1.2, 1.9999999999999998, 1.2, 1.9999999999999998, 1.2]
[3.5, 2.5, 3.5, 3.5, 2.5, 3.5, 3.5, 3.5, 5.0, 5.0, 9.0, 9.0, 3.0, 3.0, 3.0, 1.9999999999999998, 3.0, 1.9999999999999998, 1.9999999999999998, 3.0, 1.2, 1.2, 1.2, 1.9999999999999998, 1.2, 1.9999999999999998, 1.2, 1.9999999999999998]
T = 0.13421772800000006	 step = 399
74.52000000000004
13.562331321022725
[14.0, 32.0, 17.0, 9.0, 18.0, 8.0, 10.0, 5.0, 23.0, 16.0, 33.0, 11.0, 32.0, 35.0, 20.0, 3.0, 28.0, 3.0, 25.0, 11.0, 38.0, 15.0, 24.0, 18.0, 23.0, 2.0, 22.0, 29.0]
[11.0, 19.0, 10.0, 14.0, 18.0, 25.0, 9.0, 11.0, 7.0, 24.0, 11.0, 34.0, 24.0, 32.0, 30.0, 15.0, 34.0, 32.0, 30.0, 19.0, 34.0, 5.0, 13.0, 15.0, 21.0, 27.0, 17.0, 23.0]
[2.5, 3.5, 2.5, 2.5, 3.5, 2.5, 2.5, 2.5, 5.0, 5.0, 9.0, 9.0, 1.9999999999999998, 1.9999999999999998, 1.9999999999999998, 3.0, 1.9999999999999998, 3.0, 3.0, 1.9999999999999998, 1.9999999999999998, 1.9999999999999998, 1.9999999999999998, 1.2, 1.9999999999999998, 1.2, 1.9999999999999998, 1.2]
[3.5, 2.5, 3.5, 3.5, 2.5, 3.5, 3.5, 3.5, 5.0, 5.0, 9.0, 9.0, 3.0, 3.0, 3.0, 1.9999999999999998, 3.0, 1.9999999999999998, 1.9999999999999998, 3.0, 1.2, 1.2, 1.2, 1.9999999999999998, 1.2, 1.9999999999999998, 1.2, 1.9999999999999998]
T = 0.13421772800000006	 step = 400
74.52000000000004
13.593581321022725
[14.0, 32.0, 17.0, 9.0, 18.0, 8.0, 10.0, 5.0, 23.0, 16.0, 33.0, 11.0, 32.0, 35.0, 20.0, 3.0, 29.0, 3.0, 25.0, 11.0, 38.0, 15.0, 24.0, 18.0, 23.0, 2.0, 22.0, 29.0]
[11.0, 19.0, 10.0, 14.0, 18.0, 25.0, 9.0, 11.0, 7.0, 24.0, 11.0, 34.0, 24.0, 32.0, 30.0, 15.0, 34.0, 32.0, 30.0, 19.0, 34.0, 5.0, 13.0, 15.0, 21.0, 27.0, 17.0, 23.0]
[2.5, 3.5, 2.5, 2.5, 3.5, 2.5, 2.5, 2.5, 5.0, 5.0, 9.0, 9.0, 1.9999999999999998, 1.9999999999999998, 1.9999999999999998, 3.0, 1.9999999999999998, 3.0, 3.0, 1.9999999999999998, 1.9999999999999998, 1.9999999999999998, 1.9999999999999998, 1.2, 1.9999999999999998, 1.2, 1.9999999999999998, 1.2]
[3.5, 2.5, 3.5, 3.5, 2.5, 3.5, 3.5, 3.5, 5.0, 5.0, 9.0, 9.0, 3.0, 3.0, 3.0, 1.9999999999999998, 3.0, 1.9999999999999998, 1.9999999999999998, 3.0, 1.2, 1.2, 1.2, 1.9999999999999998, 1.2, 1.9999999999999998, 1.2, 1.9999999999999998]
T = 0.13421772800000006	 step = 401
74.52000000000004
13.546706321022725
[14.0, 32.0, 18.0, 9.0, 18.0, 8.0, 10.0, 5.0, 23.0, 16.0, 33.0, 11.0, 32.0, 35.0, 20.0, 3.0, 29.0, 3.0, 25.0, 11.0, 38.0, 15.0, 24.0, 18.0, 23.0, 2.0, 22.0, 29.0]
[11.0, 19.0, 10.0, 14.0, 18.0, 25.0, 9.0, 11.0, 7.0, 24.0, 11.0, 34.0, 24.0, 32.0, 30.0, 15.0, 34.0, 32.0, 30.0, 19.0, 34.0, 5.0, 13.0, 15.0, 21.0, 27.0, 17.0, 23.0]
[2.5, 3.5, 2.5, 2.5, 3.5, 2.5, 2.5, 2.5, 5.0, 5.0, 9.0, 9.0, 1.9999999999999998, 1.9999999999999998, 1.9999999999999998, 3.0, 1.9999999999999998, 3.0, 3.0, 1.9999999999999998, 1.9999999999999998, 1.9999999999999998, 1.9999999999999998, 1.2, 1.9999999999999998, 1.2, 1.9999999999999998, 1.2]
[3.5, 2.5, 3.5, 3.5, 2.5, 3.5, 3.5, 3.5, 5.0, 5.0, 9.0, 9.0, 3.0, 3.0, 3.0, 1.9999999999999998, 3.0, 1.9999999999999998, 1.9999999999999998, 3.0, 1.2, 1.2, 1.2, 1.9999999999999998, 1.2, 1.9999999999999998, 1.2, 1.9999999999999998]
T = 0.10737418240000006	 step = 402
74.35000000000002
14.008924893465906
[14.0, 32.0, 18.0, 9.0, 18.0, 8.0, 10.0, 5.0, 24.0, 16.0, 33.0, 11.0, 32.0, 35.0, 20.0, 3.0, 29.0, 3.0, 25.0, 11.0, 38.0, 15.0, 24.0, 18.0, 23.0, 2.0, 22.0, 29.0]
[11.0, 19.0, 10.0, 14.0, 18.0, 25.0, 9.0, 11.0, 5.0, 24.0, 11.0, 34.0, 24.0, 32.0, 30.0, 15.0, 34.0, 32.0, 30.0, 19.0, 34.0, 5.0, 13.0, 15.0, 21.0, 27.0, 17.0, 23.0]
[2.5, 3.5, 2.5, 2.5, 3.5, 2.5, 2.5, 2.5, 5.0, 5.0, 9.0, 9.0, 1.9999999999999998, 1.9999999999999998, 1.9999999999999998, 3.0, 1.9999999999999998, 3.0, 3.0, 1.9999999999999998, 1.9999999999999998, 1.9999999999999998, 1.9999999999999998, 1.2, 1.9999999999999998, 1.2, 1.9999999999999998, 1.2]
[3.5, 2.5, 3.5, 3.5, 2.5, 3.5, 3.5, 3.5, 5.0, 5.0, 9.0, 9.0, 3.0, 3.0, 3.0, 1.9999999999999998, 3.0, 1.9999999999999998, 1.9999999999999998, 3.0, 1.2, 1.2, 1.2, 1.9999999999999998, 1.2, 1.9999999999999998, 1.2, 1.9999999999999998]
T = 0.10737418240000006	 step = 403
74.43
13.758924893465906
[14.0, 32.0, 18.0, 9.0, 18.0, 8.0, 10.0, 5.0, 23.0, 16.0, 33.0, 11.0, 32.0, 35.0, 20.0, 3.0, 29.0, 3.0, 25.0, 11.0, 38.0, 15.0, 24.0, 18.0, 23.0, 2.0, 22.0, 29.0]
[11.0, 19.0, 10.0, 14.0, 18.0, 25.0, 9.0, 11.0, 6.0, 24.0, 11.0, 34.0, 24.0, 32.0, 30.0, 15.0, 34.0, 32.0, 30.0, 19.0, 34.0, 5.0, 13.0, 15.0, 21.0, 27.0, 17.0, 23.0]
[2.5, 3.5, 2.5, 2.5, 3.5, 2.5, 2.5, 2.5, 5.0, 5.0, 9.0, 9.0, 1.9999999999999998, 1.9999999999999998, 1.9999999999999998, 3.0, 1.9999999999999998, 3.0, 3.0, 1.9999999999999998, 1.9999999999999998, 1.9999999999999998, 1.9999999999999998, 1.2, 1.9999999999999998, 1.2, 1.9999999999999998, 1.2]
[3.5, 2.5, 3.5, 3.5, 2.5, 3.5, 3.5, 3.5, 5.0, 5.0, 9.0, 9.0, 3.0, 3.0, 3.0, 1.9999999999999998, 3.0, 1.9999999999999998, 1.9999999999999998, 3.0, 1.2, 1.2, 1.2, 1.9999999999999998, 1.2, 1.9999999999999998, 1.2, 1.9999999999999998]
T = 0.10737418240000006	 step = 404
74.42000000000002
13.774549893465906
[14.0, 32.0, 18.0, 9.0, 18.0, 8.0, 10.0, 5.0, 23.0, 16.0, 33.0, 11.0, 32.0, 35.0, 20.0, 3.0, 29.0, 3.0, 25.0, 11.0, 38.0, 15.0, 24.0, 18.0, 23.0, 2.0, 22.0, 29.0]
[11.0, 19.0, 10.0, 14.0, 18.0, 25.0, 9.0, 11.0, 6.0, 24.0, 11.0, 34.0, 24.0, 32.0, 30.0, 15.0, 34.0, 32.0, 30.0, 19.0, 34.0, 5.0, 12.0, 15.0, 21.0, 27.0, 17.0, 23.0]
[2.5, 3.5, 2.5, 2.5, 3.5, 2.5, 2.5, 2.5, 5.0, 5.0, 9.0, 9.0, 1.9999999999999998, 1.9999999999999998, 1.9999999999999998, 3.0, 1.9999999999999998, 3.0, 3.0, 1.9999999999999998, 1.9999999999999998, 1.9999999999999998, 1.9999999999999998, 1.2, 1.9999999999999998, 1.2, 1.9999999999999998, 1.2]
[3.5, 2.5, 3.5, 3.5, 2.5, 3.5, 3.5, 3.5, 5.0, 5.0, 9.0, 9.0, 3.0, 3.0, 3.0, 1.9999999999999998, 3.0, 1.9999999999999998, 1.9999999999999998, 3.0, 1.2, 1.2, 1.2, 1.9999999999999998, 1.2, 1.9999999999999998, 1.2, 1.9999999999999998]
T = 0.10737418240000006	 step = 405
74.43
13.743299893465906
[14.0, 32.0, 18.0, 9.0, 18.0, 8.0, 10.0, 5.0, 23.0, 16.0, 33.0, 11.0, 32.0, 35.0, 20.0, 3.0, 29.0, 3.0, 25.0, 11.0, 38.0, 15.0, 24.0, 18.0, 23.0, 2.0, 22.0, 29.0]
[11.0, 19.0, 10.0, 14.0, 18.0, 25.0, 9.0, 11.0, 6.0, 24.0, 11.0, 34.0, 24.0, 32.0, 30.0, 15.0, 34.0, 31.0, 30.0, 19.0, 34.0, 5.0, 12.0, 15.0, 21.0, 27.0, 17.0, 23.0]
[2.5, 3.5, 2.5, 2.5, 3.5, 2.5, 2.5, 2.5, 5.0, 5.0, 9.0, 9.0, 1.9999999999999998, 1.9999999999999998, 1.9999999999999998, 3.0, 1.9999999999999998, 3.0, 3.0, 1.9999999999999998, 1.9999999999999998, 1.9999999999999998, 1.9999999999999998, 1.2, 1.9999999999999998, 1.2, 1.9999999999999998, 1.2]
[3.5, 2.5, 3.5, 3.5, 2.5, 3.5, 3.5, 3.5, 5.0, 5.0, 9.0, 9.0, 3.0, 3.0, 3.0, 1.9999999999999998, 3.0, 1.9999999999999998, 1.9999999999999998, 3.0, 1.2, 1.2, 1.2, 1.9999999999999998, 1.2, 1.9999999999999998, 1.2, 1.9999999999999998]
T = 0.10737418240000006	 step = 406
74.43
13.758924893465906
[14.0, 32.0, 18.0, 9.0, 18.0, 8.0, 10.0, 5.0, 23.0, 16.0, 33.0, 11.0, 32.0, 35.0, 20.0, 3.0, 29.0, 3.0, 25.0, 11.0, 38.0, 15.0, 24.0, 18.0, 23.0, 2.0, 22.0, 29.0]
[11.0, 19.0, 10.0, 14.0, 18.0, 25.0, 9.0, 11.0, 6.0, 24.0, 11.0, 34.0, 24.0, 32.0, 30.0, 15.0, 34.0, 31.0, 30.0, 19.0, 34.0, 5.0, 12.0, 15.0, 20.0, 27.0, 17.0, 23.0]
[2.5, 3.5, 2.5, 2.5, 3.5, 2.5, 2.5, 2.5, 5.0, 5.0, 9.0, 9.0, 1.9999999999999998, 1.9999999999999998, 1.9999999999999998, 3.0, 1.9999999999999998, 3.0, 3.0, 1.9999999999999998, 1.9999999999999998, 1.9999999999999998, 1.9999999999999998, 1.2, 1.9999999999999998, 1.2, 1.9999999999999998, 1.2]
[3.5, 2.5, 3.5, 3.5, 2.5, 3.5, 3.5, 3.5, 5.0, 5.0, 9.0, 9.0, 3.0, 3.0, 3.0, 1.9999999999999998, 3.0, 1.9999999999999998, 1.9999999999999998, 3.0, 1.2, 1.2, 1.2, 1.9999999999999998, 1.2, 1.9999999999999998, 1.2, 1.9999999999999998]
T = 0.10737418240000006	 step = 407
74.41000000000003
13.856313032670453
[14.0, 32.0, 18.0, 9.0, 18.0, 8.0, 10.0, 5.0, 23.0, 16.0, 33.0, 11.0, 32.0, 35.0, 20.0, 3.0, 29.0, 3.0, 25.0, 11.0, 38.0, 15.0, 24.0, 18.0, 23.0, 2.0, 22.0, 29.0]
[11.0, 19.0, 10.0, 14.0, 18.0, 25.0, 9.0, 10.0, 6.0, 24.0, 11.0, 34.0, 24.0, 32.0, 30.0, 15.0, 34.0, 31.0, 30.0, 19.0, 34.0, 5.0, 12.0, 15.0, 20.0, 27.0, 17.0, 23.0]
[2.5, 3.5, 2.5, 2.5, 3.5, 2.5, 2.5, 2.5, 5.0, 5.0, 9.0, 9.0, 1.9999999999999998, 1.9999999999999998, 1.9999999999999998, 3.0, 1.9999999999999998, 3.0, 3.0, 1.9999999999999998, 1.9999999999999998, 1.9999999999999998, 1.9999999999999998, 1.2, 1.9999999999999998, 1.2, 1.9999999999999998, 1.2]
[3.5, 2.5, 3.5, 3.5, 2.5, 3.5, 3.5, 3.5, 5.0, 5.0, 9.0, 9.0, 3.0, 3.0, 3.0, 1.9999999999999998, 3.0, 1.9999999999999998, 1.9999999999999998, 3.0, 1.2, 1.2, 1.2, 1.9999999999999998, 1.2, 1.9999999999999998, 1.2, 1.9999999999999998]
T = 0.10737418240000006	 step = 408
74.45000000000005
14.043813032670453
[14.0, 32.0, 18.0, 9.0, 18.0, 8.0, 10.0, 5.0, 23.0, 17.0, 33.0, 11.0, 32.0, 35.0, 20.0, 3.0, 29.0, 3.0, 25.0, 11.0, 38.0, 15.0, 24.0, 18.0, 23.0, 2.0, 22.0, 29.0]
[11.0, 19.0, 10.0, 14.0, 18.0, 25.0, 9.0, 10.0, 6.0, 24.0, 11.0, 34.0, 24.0, 32.0, 30.0, 15.0, 34.0, 31.0, 30.0, 19.0, 34.0, 5.0, 12.0, 15.0, 20.0, 27.0, 17.0, 23.0]
[2.5, 3.5, 2.5, 2.5, 3.5, 2.5, 2.5, 2.5, 5.0, 5.0, 9.0, 9.0, 1.9999999999999998, 1.9999999999999998, 1.9999999999999998, 3.0, 1.9999999999999998, 3.0, 3.0, 1.9999999999999998, 1.9999999999999998, 1.9999999999999998, 1.9999999999999998, 1.2, 1.9999999999999998, 1.2, 1.9999999999999998, 1.2]
[3.5, 2.5, 3.5, 3.5, 2.5, 3.5, 3.5, 3.5, 5.0, 5.0, 9.0, 9.0, 3.0, 3.0, 3.0, 1.9999999999999998, 3.0, 1.9999999999999998, 1.9999999999999998, 3.0, 1.2, 1.2, 1.2, 1.9999999999999998, 1.2, 1.9999999999999998, 1.2, 1.9999999999999998]
T = 0.10737418240000006	 step = 409
74.40000000000003
13.887563032670453
[14.0, 32.0, 18.0, 9.0, 18.0, 8.0, 10.0, 5.0, 23.0, 16.0, 33.0, 11.0, 32.0, 35.0, 20.0, 3.0, 29.0, 3.0, 25.0, 11.0, 38.0, 15.0, 24.0, 18.0, 23.0, 2.0, 22.0, 29.0]
[11.0, 19.0, 10.0, 14.0, 18.0, 25.0, 9.0, 10.0, 6.0, 24.0, 11.0, 34.0, 24.0, 32.0, 30.0, 15.0, 34.0, 32.0, 30.0, 19.0, 34.0, 5.0, 12.0, 15.0, 20.0, 27.0, 17.0, 23.0]
[2.5, 3.5, 2.5, 2.5, 3.5, 2.5, 2.5, 2.5, 5.0, 5.0, 9.0, 9.0, 1.9999999999999998, 1.9999999999999998, 1.9999999999999998, 3.0, 1.9999999999999998, 3.0, 3.0, 1.9999999999999998, 1.9999999999999998, 1.9999999999999998, 1.9999999999999998, 1.2, 1.9999999999999998, 1.2, 1.9999999999999998, 1.2]
[3.5, 2.5, 3.5, 3.5, 2.5, 3.5, 3.5, 3.5, 5.0, 5.0, 9.0, 9.0, 3.0, 3.0, 3.0, 1.9999999999999998, 3.0, 1.9999999999999998, 1.9999999999999998, 3.0, 1.2, 1.2, 1.2, 1.9999999999999998, 1.2, 1.9999999999999998, 1.2, 1.9999999999999998]
T = 0.10737418240000006	 step = 410
74.39000000000004
13.87193803267045
[14.0, 32.0, 18.0, 9.0, 18.0, 8.0, 10.0, 5.0, 23.0, 16.0, 33.0, 11.0, 32.0, 35.0, 20.0, 3.0, 29.0, 3.0, 25.0, 11.0, 38.0, 15.0, 24.0, 18.0, 23.0, 2.0, 23.0, 29.0]
[11.0, 19.0, 10.0, 14.0, 18.0, 25.0, 9.0, 10.0, 6.0, 24.0, 11.0, 34.0, 24.0, 32.0, 30.0, 15.0, 34.0, 32.0, 30.0, 19.0, 34.0, 5.0, 12.0, 15.0, 20.0, 27.0, 17.0, 23.0]
[2.5, 3.5, 2.5, 2.5, 3.5, 2.5, 2.5, 2.5, 5.0, 5.0, 9.0, 9.0, 1.9999999999999998, 1.9999999999999998, 1.9999999999999998, 3.0, 1.9999999999999998, 3.0, 3.0, 1.9999999999999998, 1.9999999999999998, 1.9999999999999998, 1.9999999999999998, 1.2, 1.9999999999999998, 1.2, 1.9999999999999998, 1.2]
[3.5, 2.5, 3.5, 3.5, 2.5, 3.5, 3.5, 3.5, 5.0, 5.0, 9.0, 9.0, 3.0, 3.0, 3.0, 1.9999999999999998, 3.0, 1.9999999999999998, 1.9999999999999998, 3.0, 1.2, 1.2, 1.2, 1.9999999999999998, 1.2, 1.9999999999999998, 1.2, 1.9999999999999998]
T = 0.10737418240000006	 step = 411
74.31
13.815012428977269
[14.0, 32.0, 18.0, 9.0, 18.0, 8.0, 10.0, 5.0, 23.0, 16.0, 33.0, 11.0, 32.0, 35.0, 20.0, 3.0, 29.0, 3.0, 25.0, 11.0, 38.0, 15.0, 24.0, 18.0, 23.0, 2.0, 23.0, 12.0]
[11.0, 19.0, 10.0, 14.0, 18.0, 25.0, 9.0, 10.0, 6.0, 24.0, 11.0, 34.0, 24.0, 32.0, 30.0, 15.0, 34.0, 32.0, 30.0, 19.0, 34.0, 5.0, 12.0, 15.0, 20.0, 27.0, 17.0, 2.0]
[2.5, 3.5, 2.5, 2.5, 3.5, 2.5, 2.5, 2.5, 5.0, 5.0, 9.0, 9.0, 1.9999999999999998, 1.9999999999999998, 1.9999999999999998, 3.0, 1.9999999999999998, 3.0, 3.0, 1.9999999999999998, 1.9999999999999998, 1.9999999999999998, 1.9999999999999998, 1.2, 1.9999999999999998, 1.2, 1.9999999999999998, 1.9999999999999998]
[3.5, 2.5, 3.5, 3.5, 2.5, 3.5, 3.5, 3.5, 5.0, 5.0, 9.0, 9.0, 3.0, 3.0, 3.0, 1.9999999999999998, 3.0, 1.9999999999999998, 1.9999999999999998, 3.0, 1.2, 1.2, 1.2, 1.9999999999999998, 1.2, 1.9999999999999998, 1.2, 1.2]
T = 0.10737418240000006	 step = 412
74.27000000000004
13.802405894886363
[14.0, 32.0, 18.0, 9.0, 18.0, 8.0, 10.0, 5.0, 23.0, 16.0, 33.0, 11.0, 32.0, 35.0, 20.0, 3.0, 29.0, 3.0, 25.0, 11.0, 38.0, 15.0, 24.0, 18.0, 23.0, 2.0, 23.0, 12.0]
[10.0, 19.0, 10.0, 14.0, 18.0, 25.0, 9.0, 10.0, 6.0, 24.0, 11.0, 34.0, 24.0, 32.0, 30.0, 15.0, 34.0, 32.0, 30.0, 19.0, 34.0, 5.0, 12.0, 15.0, 20.0, 27.0, 17.0, 2.0]
[2.5, 3.5, 2.5, 2.5, 3.5, 2.5, 2.5, 2.5, 5.0, 5.0, 9.0, 9.0, 1.9999999999999998, 1.9999999999999998, 1.9999999999999998, 3.0, 1.9999999999999998, 3.0, 3.0, 1.9999999999999998, 1.9999999999999998, 1.9999999999999998, 1.9999999999999998, 1.2, 1.9999999999999998, 1.2, 1.9999999999999998, 1.9999999999999998]
[3.5, 2.5, 3.5, 3.5, 2.5, 3.5, 3.5, 3.5, 5.0, 5.0, 9.0, 9.0, 3.0, 3.0, 3.0, 1.9999999999999998, 3.0, 1.9999999999999998, 1.9999999999999998, 3.0, 1.2, 1.2, 1.2, 1.9999999999999998, 1.2, 1.9999999999999998, 1.2, 1.2]
T = 0.10737418240000006	 step = 413
74.29000000000002
13.802405894886363
[14.0, 32.0, 18.0, 9.0, 18.0, 8.0, 10.0, 5.0, 23.0, 16.0, 33.0, 11.0, 31.0, 35.0, 20.0, 3.0, 29.0, 3.0, 25.0, 11.0, 38.0, 15.0, 24.0, 18.0, 23.0, 2.0, 23.0, 12.0]
[10.0, 19.0, 10.0, 14.0, 18.0, 25.0, 9.0, 10.0, 6.0, 24.0, 11.0, 34.0, 24.0, 32.0, 30.0, 15.0, 34.0, 32.0, 30.0, 19.0, 34.0, 5.0, 12.0, 15.0, 20.0, 27.0, 17.0, 2.0]
[2.5, 3.5, 2.5, 2.5, 3.5, 2.5, 2.5, 2.5, 5.0, 5.0, 9.0, 9.0, 1.9999999999999998, 1.9999999999999998, 1.9999999999999998, 3.0, 1.9999999999999998, 3.0, 3.0, 1.9999999999999998, 1.9999999999999998, 1.9999999999999998, 1.9999999999999998, 1.2, 1.9999999999999998, 1.2, 1.9999999999999998, 1.9999999999999998]
[3.5, 2.5, 3.5, 3.5, 2.5, 3.5, 3.5, 3.5, 5.0, 5.0, 9.0, 9.0, 3.0, 3.0, 3.0, 1.9999999999999998, 3.0, 1.9999999999999998, 1.9999999999999998, 3.0, 1.2, 1.2, 1.2, 1.9999999999999998, 1.2, 1.9999999999999998, 1.2, 1.2]
T = 0.10737418240000006	 step = 414
74.29000000000002
13.802405894886363
[14.0, 32.0, 18.0, 9.0, 18.0, 8.0, 10.0, 5.0, 23.0, 16.0, 33.0, 11.0, 31.0, 35.0, 20.0, 3.0, 29.0, 3.0, 25.0, 11.0, 38.0, 15.0, 24.0, 18.0, 23.0, 2.0, 23.0, 12.0]
[10.0, 19.0, 10.0, 14.0, 18.0, 25.0, 9.0, 10.0, 6.0, 24.0, 11.0, 34.0, 25.0, 32.0, 30.0, 15.0, 34.0, 32.0, 30.0, 19.0, 34.0, 5.0, 12.0, 15.0, 20.0, 27.0, 17.0, 2.0]
[2.5, 3.5, 2.5, 2.5, 3.5, 2.5, 2.5, 2.5, 5.0, 5.0, 9.0, 9.0, 1.9999999999999998, 1.9999999999999998, 1.9999999999999998, 3.0, 1.9999999999999998, 3.0, 3.0, 1.9999999999999998, 1.9999999999999998, 1.9999999999999998, 1.9999999999999998, 1.2, 1.9999999999999998, 1.2, 1.9999999999999998, 1.9999999999999998]
[3.5, 2.5, 3.5, 3.5, 2.5, 3.5, 3.5, 3.5, 5.0, 5.0, 9.0, 9.0, 3.0, 3.0, 3.0, 1.9999999999999998, 3.0, 1.9999999999999998, 1.9999999999999998, 3.0, 1.2, 1.2, 1.2, 1.9999999999999998, 1.2, 1.9999999999999998, 1.2, 1.2]
T = 0.10737418240000006	 step = 415
74.10000000000002
13.95064453125
[14.0, 32.0, 18.0, 9.0, 18.0, 8.0, 10.0, 5.0, 23.0, 16.0, 33.0, 11.0, 31.0, 35.0, 35.0, 3.0, 29.0, 3.0, 25.0, 11.0, 38.0, 15.0, 24.0, 18.0, 23.0, 2.0, 23.0, 12.0]
[10.0, 19.0, 10.0, 14.0, 18.0, 25.0, 9.0, 10.0, 6.0, 24.0, 11.0, 34.0, 25.0, 32.0, 23.0, 15.0, 34.0, 32.0, 30.0, 19.0, 34.0, 5.0, 12.0, 15.0, 20.0, 27.0, 17.0, 2.0]
[2.5, 3.5, 2.5, 2.5, 3.5, 2.5, 2.5, 2.5, 5.0, 5.0, 9.0, 9.0, 1.9999999999999998, 1.9999999999999998, 1.9999999999999998, 3.0, 1.9999999999999998, 3.0, 3.0, 1.9999999999999998, 1.9999999999999998, 1.9999999999999998, 1.9999999999999998, 1.2, 1.9999999999999998, 1.2, 1.9999999999999998, 1.9999999999999998]
[3.5, 2.5, 3.5, 3.5, 2.5, 3.5, 3.5, 3.5, 5.0, 5.0, 9.0, 9.0, 3.0, 3.0, 3.0, 1.9999999999999998, 3.0, 1.9999999999999998, 1.9999999999999998, 3.0, 1.2, 1.2, 1.2, 1.9999999999999998, 1.2, 1.9999999999999998, 1.2, 1.2]
T = 0.10737418240000006	 step = 416
74.07000000000005
13.94911310369318
[14.0, 32.0, 18.0, 9.0, 18.0, 8.0, 10.0, 5.0, 23.0, 16.0, 33.0, 11.0, 31.0, 35.0, 35.0, 3.0, 29.0, 3.0, 25.0, 10.0, 38.0, 15.0, 24.0, 18.0, 23.0, 2.0, 23.0, 12.0]
[10.0, 19.0, 10.0, 14.0, 18.0, 25.0, 9.0, 10.0, 6.0, 24.0, 11.0, 34.0, 25.0, 32.0, 23.0, 15.0, 34.0, 32.0, 30.0, 19.0, 34.0, 5.0, 12.0, 15.0, 20.0, 27.0, 17.0, 2.0]
[2.5, 3.5, 2.5, 2.5, 3.5, 2.5, 2.5, 2.5, 5.0, 5.0, 9.0, 9.0, 1.9999999999999998, 1.9999999999999998, 1.9999999999999998, 3.0, 1.9999999999999998, 3.0, 3.0, 1.9999999999999998, 1.9999999999999998, 1.9999999999999998, 1.9999999999999998, 1.2, 1.9999999999999998, 1.2, 1.9999999999999998, 1.9999999999999998]
[3.5, 2.5, 3.5, 3.5, 2.5, 3.5, 3.5, 3.5, 5.0, 5.0, 9.0, 9.0, 3.0, 3.0, 3.0, 1.9999999999999998, 3.0, 1.9999999999999998, 1.9999999999999998, 3.0, 1.2, 1.2, 1.2, 1.9999999999999998, 1.2, 1.9999999999999998, 1.2, 1.2]
T = 0.10737418240000006	 step = 417
74.15000000000003
13.798908025568181
[14.0, 32.0, 18.0, 9.0, 18.0, 8.0, 10.0, 5.0, 23.0, 15.0, 33.0, 11.0, 31.0, 35.0, 35.0, 3.0, 29.0, 3.0, 25.0, 10.0, 38.0, 15.0, 24.0, 18.0, 23.0, 2.0, 23.0, 12.0]
[10.0, 19.0, 10.0, 14.0, 18.0, 25.0, 9.0, 10.0, 6.0, 24.0, 11.0, 34.0, 25.0, 32.0, 23.0, 15.0, 34.0, 32.0, 30.0, 19.0, 34.0, 5.0, 12.0, 15.0, 20.0, 27.0, 17.0, 2.0]
[2.5, 3.5, 2.5, 2.5, 3.5, 2.5, 2.5, 2.5, 5.0, 5.0, 9.0, 9.0, 1.9999999999999998, 1.9999999999999998, 1.9999999999999998, 3.0, 1.9999999999999998, 3.0, 3.0, 1.9999999999999998, 1.9999999999999998, 1.9999999999999998, 1.9999999999999998, 1.2, 1.9999999999999998, 1.2, 1.9999999999999998, 1.9999999999999998]
[3.5, 2.5, 3.5, 3.5, 2.5, 3.5, 3.5, 3.5, 5.0, 5.0, 9.0, 9.0, 3.0, 3.0, 3.0, 1.9999999999999998, 3.0, 1.9999999999999998, 1.9999999999999998, 3.0, 1.2, 1.2, 1.2, 1.9999999999999998, 1.2, 1.9999999999999998, 1.2, 1.2]
T = 0.10737418240000006	 step = 418
74.16000000000003
13.767658025568181
[14.0, 32.0, 18.0, 9.0, 18.0, 8.0, 10.0, 5.0, 23.0, 15.0, 33.0, 11.0, 31.0, 35.0, 35.0, 3.0, 29.0, 3.0, 25.0, 10.0, 38.0, 15.0, 24.0, 18.0, 23.0, 2.0, 23.0, 12.0]
[10.0, 19.0, 10.0, 14.0, 18.0, 25.0, 9.0, 10.0, 6.0, 24.0, 11.0, 34.0, 25.0, 32.0, 23.0, 15.0, 34.0, 31.0, 30.0, 19.0, 34.0, 5.0, 12.0, 15.0, 20.0, 27.0, 17.0, 2.0]
[2.5, 3.5, 2.5, 2.5, 3.5, 2.5, 2.5, 2.5, 5.0, 5.0, 9.0, 9.0, 1.9999999999999998, 1.9999999999999998, 1.9999999999999998, 3.0, 1.9999999999999998, 3.0, 3.0, 1.9999999999999998, 1.9999999999999998, 1.9999999999999998, 1.9999999999999998, 1.2, 1.9999999999999998, 1.2, 1.9999999999999998, 1.9999999999999998]
[3.5, 2.5, 3.5, 3.5, 2.5, 3.5, 3.5, 3.5, 5.0, 5.0, 9.0, 9.0, 3.0, 3.0, 3.0, 1.9999999999999998, 3.0, 1.9999999999999998, 1.9999999999999998, 3.0, 1.2, 1.2, 1.2, 1.9999999999999998, 1.2, 1.9999999999999998, 1.2, 1.2]
T = 0.10737418240000006	 step = 419
74.08000000000004
13.91786310369318
[14.0, 32.0, 18.0, 9.0, 18.0, 8.0, 10.0, 5.0, 23.0, 16.0, 33.0, 11.0, 31.0, 35.0, 35.0, 3.0, 29.0, 3.0, 25.0, 10.0, 38.0, 15.0, 24.0, 18.0, 23.0, 2.0, 23.0, 12.0]
[10.0, 19.0, 10.0, 14.0, 18.0, 25.0, 9.0, 10.0, 6.0, 24.0, 11.0, 34.0, 25.0, 32.0, 23.0, 15.0, 34.0, 31.0, 30.0, 19.0, 34.0, 5.0, 12.0, 15.0, 20.0, 27.0, 17.0, 2.0]
[2.5, 3.5, 2.5, 2.5, 3.5, 2.5, 2.5, 2.5, 5.0, 5.0, 9.0, 9.0, 1.9999999999999998, 1.9999999999999998, 1.9999999999999998, 3.0, 1.9999999999999998, 3.0, 3.0, 1.9999999999999998, 1.9999999999999998, 1.9999999999999998, 1.9999999999999998, 1.2, 1.9999999999999998, 1.2, 1.9999999999999998, 1.9999999999999998]
[3.5, 2.5, 3.5, 3.5, 2.5, 3.5, 3.5, 3.5, 5.0, 5.0, 9.0, 9.0, 3.0, 3.0, 3.0, 1.9999999999999998, 3.0, 1.9999999999999998, 1.9999999999999998, 3.0, 1.2, 1.2, 1.2, 1.9999999999999998, 1.2, 1.9999999999999998, 1.2, 1.2]
T = 0.10737418240000006	 step = 420
74.01000000000005
13.99598810369318
[14.0, 32.0, 18.0, 9.0, 18.0, 7.0, 10.0, 5.0, 23.0, 16.0, 33.0, 11.0, 31.0, 35.0, 35.0, 3.0, 29.0, 3.0, 25.0, 10.0, 38.0, 15.0, 24.0, 18.0, 23.0, 2.0, 23.0, 12.0]
[10.0, 19.0, 10.0, 14.0, 18.0, 25.0, 9.0, 10.0, 6.0, 24.0, 11.0, 34.0, 25.0, 32.0, 23.0, 15.0, 34.0, 31.0, 30.0, 19.0, 34.0, 5.0, 12.0, 15.0, 20.0, 27.0, 17.0, 2.0]
[2.5, 3.5, 2.5, 2.5, 3.5, 2.5, 2.5, 2.5, 5.0, 5.0, 9.0, 9.0, 1.9999999999999998, 1.9999999999999998, 1.9999999999999998, 3.0, 1.9999999999999998, 3.0, 3.0, 1.9999999999999998, 1.9999999999999998, 1.9999999999999998, 1.9999999999999998, 1.2, 1.9999999999999998, 1.2, 1.9999999999999998, 1.9999999999999998]
[3.5, 2.5, 3.5, 3.5, 2.5, 3.5, 3.5, 3.5, 5.0, 5.0, 9.0, 9.0, 3.0, 3.0, 3.0, 1.9999999999999998, 3.0, 1.9999999999999998, 1.9999999999999998, 3.0, 1.2, 1.2, 1.2, 1.9999999999999998, 1.2, 1.9999999999999998, 1.2, 1.2]
T = 0.10737418240000006	 step = 421
73.96000000000004
14.214202769886361
[14.0, 32.0, 18.0, 9.0, 18.0, 7.0, 10.0, 5.0, 23.0, 16.0, 33.0, 11.0, 31.0, 35.0, 35.0, 6.0, 29.0, 3.0, 25.0, 10.0, 38.0, 15.0, 24.0, 18.0, 23.0, 2.0, 23.0, 12.0]
[10.0, 19.0, 10.0, 14.0, 18.0, 25.0, 9.0, 10.0, 6.0, 24.0, 11.0, 34.0, 25.0, 32.0, 23.0, 4.0, 34.0, 31.0, 30.0, 19.0, 34.0, 5.0, 12.0, 15.0, 20.0, 27.0, 17.0, 2.0]
[2.5, 3.5, 2.5, 2.5, 3.5, 2.5, 2.5, 2.5, 5.0, 5.0, 9.0, 9.0, 1.9999999999999998, 1.9999999999999998, 1.9999999999999998, 3.0, 1.9999999999999998, 3.0, 3.0, 1.9999999999999998, 1.9999999999999998, 1.9999999999999998, 1.9999999999999998, 1.2, 1.9999999999999998, 1.2, 1.9999999999999998, 1.9999999999999998]
[3.5, 2.5, 3.5, 3.5, 2.5, 3.5, 3.5, 3.5, 5.0, 5.0, 9.0, 9.0, 3.0, 3.0, 3.0, 1.9999999999999998, 3.0, 1.9999999999999998, 1.9999999999999998, 3.0, 1.2, 1.2, 1.2, 1.9999999999999998, 1.2, 1.9999999999999998, 1.2, 1.2]
T = 0.10737418240000006	 step = 422
73.96000000000004
14.198577769886363
[14.0, 32.0, 18.0, 9.0, 18.0, 7.0, 10.0, 5.0, 23.0, 16.0, 33.0, 11.0, 31.0, 35.0, 35.0, 6.0, 29.0, 3.0, 25.0, 10.0, 38.0, 15.0, 24.0, 18.0, 23.0, 2.0, 23.0, 12.0]
[10.0, 19.0, 10.0, 14.0, 18.0, 25.0, 9.0, 10.0, 6.0, 24.0, 11.0, 34.0, 25.0, 32.0, 23.0, 4.0, 34.0, 31.0, 30.0, 19.0, 34.0, 5.0, 12.0, 15.0, 20.0, 28.0, 17.0, 2.0]
[2.5, 3.5, 2.5, 2.5, 3.5, 2.5, 2.5, 2.5, 5.0, 5.0, 9.0, 9.0, 1.9999999999999998, 1.9999999999999998, 1.9999999999999998, 3.0, 1.9999999999999998, 3.0, 3.0, 1.9999999999999998, 1.9999999999999998, 1.9999999999999998, 1.9999999999999998, 1.2, 1.9999999999999998, 1.2, 1.9999999999999998, 1.9999999999999998]
[3.5, 2.5, 3.5, 3.5, 2.5, 3.5, 3.5, 3.5, 5.0, 5.0, 9.0, 9.0, 3.0, 3.0, 3.0, 1.9999999999999998, 3.0, 1.9999999999999998, 1.9999999999999998, 3.0, 1.2, 1.2, 1.2, 1.9999999999999998, 1.2, 1.9999999999999998, 1.2, 1.2]
T = 0.10737418240000006	 step = 423
74.03000000000003
14.120452769886361
[14.0, 32.0, 18.0, 9.0, 18.0, 8.0, 10.0, 5.0, 23.0, 16.0, 33.0, 11.0, 31.0, 35.0, 35.0, 6.0, 29.0, 3.0, 25.0, 10.0, 38.0, 15.0, 24.0, 18.0, 23.0, 2.0, 23.0, 12.0]
[10.0, 19.0, 10.0, 14.0, 18.0, 25.0, 9.0, 10.0, 6.0, 24.0, 11.0, 34.0, 25.0, 32.0, 23.0, 4.0, 34.0, 31.0, 30.0, 19.0, 34.0, 5.0, 12.0, 15.0, 20.0, 28.0, 17.0, 2.0]
[2.5, 3.5, 2.5, 2.5, 3.5, 2.5, 2.5, 2.5, 5.0, 5.0, 9.0, 9.0, 1.9999999999999998, 1.9999999999999998, 1.9999999999999998, 3.0, 1.9999999999999998, 3.0, 3.0, 1.9999999999999998, 1.9999999999999998, 1.9999999999999998, 1.9999999999999998, 1.2, 1.9999999999999998, 1.2, 1.9999999999999998, 1.9999999999999998]
[3.5, 2.5, 3.5, 3.5, 2.5, 3.5, 3.5, 3.5, 5.0, 5.0, 9.0, 9.0, 3.0, 3.0, 3.0, 1.9999999999999998, 3.0, 1.9999999999999998, 1.9999999999999998, 3.0, 1.2, 1.2, 1.2, 1.9999999999999998, 1.2, 1.9999999999999998, 1.2, 1.2]
T = 0.10737418240000006	 step = 424
74.11000000000001
13.995452769886361
[14.0, 32.0, 18.0, 9.0, 18.0, 8.0, 10.0, 5.0, 23.0, 16.0, 33.0, 11.0, 31.0, 35.0, 35.0, 6.0, 29.0, 3.0, 25.0, 10.0, 38.0, 15.0, 24.0, 18.0, 23.0, 2.0, 23.0, 12.0]
[10.0, 19.0, 10.0, 14.0, 18.0, 25.0, 9.0, 10.0, 6.0, 24.0, 11.0, 33.0, 25.0, 32.0, 23.0, 4.0, 34.0, 31.0, 30.0, 19.0, 34.0, 5.0, 12.0, 15.0, 20.0, 28.0, 17.0, 2.0]
[2.5, 3.5, 2.5, 2.5, 3.5, 2.5, 2.5, 2.5, 5.0, 5.0, 9.0, 9.0, 1.9999999999999998, 1.9999999999999998, 1.9999999999999998, 3.0, 1.9999999999999998, 3.0, 3.0, 1.9999999999999998, 1.9999999999999998, 1.9999999999999998, 1.9999999999999998, 1.2, 1.9999999999999998, 1.2, 1.9999999999999998, 1.9999999999999998]
[3.5, 2.5, 3.5, 3.5, 2.5, 3.5, 3.5, 3.5, 5.0, 5.0, 9.0, 9.0, 3.0, 3.0, 3.0, 1.9999999999999998, 3.0, 1.9999999999999998, 1.9999999999999998, 3.0, 1.2, 1.2, 1.2, 1.9999999999999998, 1.2, 1.9999999999999998, 1.2, 1.2]
T = 0.10737418240000006	 step = 425
74.10000000000002
14.042327769886361
[13.0, 32.0, 18.0, 9.0, 18.0, 8.0, 10.0, 5.0, 23.0, 16.0, 33.0, 11.0, 31.0, 35.0, 35.0, 6.0, 29.0, 3.0, 25.0, 10.0, 38.0, 15.0, 24.0, 18.0, 23.0, 2.0, 23.0, 12.0]
[10.0, 19.0, 10.0, 14.0, 18.0, 25.0, 9.0, 10.0, 6.0, 24.0, 11.0, 33.0, 25.0, 32.0, 23.0, 4.0, 34.0, 31.0, 30.0, 19.0, 34.0, 5.0, 12.0, 15.0, 20.0, 28.0, 17.0, 2.0]
[2.5, 3.5, 2.5, 2.5, 3.5, 2.5, 2.5, 2.5, 5.0, 5.0, 9.0, 9.0, 1.9999999999999998, 1.9999999999999998, 1.9999999999999998, 3.0, 1.9999999999999998, 3.0, 3.0, 1.9999999999999998, 1.9999999999999998, 1.9999999999999998, 1.9999999999999998, 1.2, 1.9999999999999998, 1.2, 1.9999999999999998, 1.9999999999999998]
[3.5, 2.5, 3.5, 3.5, 2.5, 3.5, 3.5, 3.5, 5.0, 5.0, 9.0, 9.0, 3.0, 3.0, 3.0, 1.9999999999999998, 3.0, 1.9999999999999998, 1.9999999999999998, 3.0, 1.2, 1.2, 1.2, 1.9999999999999998, 1.2, 1.9999999999999998, 1.2, 1.2]
T = 0.10737418240000006	 step = 426
74.09000000000003
13.9919921875
[14.0, 32.0, 18.0, 9.0, 18.0, 8.0, 10.0, 5.0, 23.0, 16.0, 33.0, 11.0, 31.0, 35.0, 35.0, 6.0, 29.0, 3.0, 25.0, 10.0, 38.0, 15.0, 24.0, 18.0, 23.0, 2.0, 23.0, 12.0]
[10.0, 19.0, 10.0, 14.0, 18.0, 25.0, 8.0, 10.0, 6.0, 24.0, 11.0, 33.0, 25.0, 32.0, 23.0, 4.0, 34.0, 31.0, 30.0, 19.0, 34.0, 5.0, 12.0, 15.0, 20.0, 28.0, 17.0, 2.0]
[2.5, 3.5, 2.5, 2.5, 3.5, 2.5, 2.5, 2.5, 5.0, 5.0, 9.0, 9.0, 1.9999999999999998, 1.9999999999999998, 1.9999999999999998, 3.0, 1.9999999999999998, 3.0, 3.0, 1.9999999999999998, 1.9999999999999998, 1.9999999999999998, 1.9999999999999998, 1.2, 1.9999999999999998, 1.2, 1.9999999999999998, 1.9999999999999998]
[3.5, 2.5, 3.5, 3.5, 2.5, 3.5, 3.5, 3.5, 5.0, 5.0, 9.0, 9.0, 3.0, 3.0, 3.0, 1.9999999999999998, 3.0, 1.9999999999999998, 1.9999999999999998, 3.0, 1.2, 1.2, 1.2, 1.9999999999999998, 1.2, 1.9999999999999998, 1.2, 1.2]
T = 0.10737418240000006	 step = 427
74.04000000000002
14.238796164772726
[14.0, 32.0, 18.0, 9.0, 18.0, 8.0, 10.0, 5.0, 23.0, 16.0, 33.0, 11.0, 31.0, 35.0, 35.0, 6.0, 29.0, 3.0, 25.0, 10.0, 38.0, 15.0, 24.0, 18.0, 23.0, 2.0, 23.0, 12.0]
[10.0, 19.0, 10.0, 14.0, 18.0, 25.0, 8.0, 10.0, 5.0, 24.0, 11.0, 33.0, 25.0, 32.0, 23.0, 4.0, 34.0, 31.0, 30.0, 19.0, 34.0, 5.0, 12.0, 15.0, 20.0, 28.0, 17.0, 2.0]
[2.5, 3.5, 2.5, 2.5, 3.5, 2.5, 2.5, 2.5, 5.0, 5.0, 9.0, 9.0, 1.9999999999999998, 1.9999999999999998, 1.9999999999999998, 3.0, 1.9999999999999998, 3.0, 3.0, 1.9999999999999998, 1.9999999999999998, 1.9999999999999998, 1.9999999999999998, 1.2, 1.9999999999999998, 1.2, 1.9999999999999998, 1.9999999999999998]
[3.5, 2.5, 3.5, 3.5, 2.5, 3.5, 3.5, 3.5, 5.0, 5.0, 9.0, 9.0, 3.0, 3.0, 3.0, 1.9999999999999998, 3.0, 1.9999999999999998, 1.9999999999999998, 3.0, 1.2, 1.2, 1.2, 1.9999999999999998, 1.2, 1.9999999999999998, 1.2, 1.2]
T = 0.10737418240000006	 step = 428
74.08000000000004
13.9763671875
[14.0, 32.0, 18.0, 9.0, 18.0, 8.0, 10.0, 5.0, 23.0, 16.0, 33.0, 11.0, 31.0, 35.0, 35.0, 6.0, 29.0, 3.0, 25.0, 10.0, 38.0, 15.0, 24.0, 18.0, 23.0, 2.0, 23.0, 12.0]
[10.0, 19.0, 10.0, 14.0, 18.0, 25.0, 8.0, 10.0, 6.0, 24.0, 11.0, 33.0, 25.0, 32.0, 23.0, 4.0, 34.0, 31.0, 30.0, 19.0, 34.0, 5.0, 12.0, 14.0, 20.0, 28.0, 17.0, 2.0]
[2.5, 3.5, 2.5, 2.5, 3.5, 2.5, 2.5, 2.5, 5.0, 5.0, 9.0, 9.0, 1.9999999999999998, 1.9999999999999998, 1.9999999999999998, 3.0, 1.9999999999999998, 3.0, 3.0, 1.9999999999999998, 1.9999999999999998, 1.9999999999999998, 1.9999999999999998, 1.2, 1.9999999999999998, 1.2, 1.9999999999999998, 1.9999999999999998]
[3.5, 2.5, 3.5, 3.5, 2.5, 3.5, 3.5, 3.5, 5.0, 5.0, 9.0, 9.0, 3.0, 3.0, 3.0, 1.9999999999999998, 3.0, 1.9999999999999998, 1.9999999999999998, 3.0, 1.2, 1.2, 1.2, 1.9999999999999998, 1.2, 1.9999999999999998, 1.2, 1.2]
T = 0.10737418240000006	 step = 429
74.09000000000003
13.9451171875
[14.0, 32.0, 18.0, 9.0, 18.0, 8.0, 10.0, 5.0, 23.0, 16.0, 33.0, 11.0, 31.0, 35.0, 35.0, 6.0, 29.0, 3.0, 25.0, 10.0, 38.0, 15.0, 24.0, 18.0, 23.0, 2.0, 23.0, 12.0]
[10.0, 19.0, 10.0, 14.0, 18.0, 25.0, 8.0, 10.0, 6.0, 24.0, 11.0, 33.0, 25.0, 32.0, 23.0, 4.0, 34.0, 31.0, 29.0, 19.0, 34.0, 5.0, 12.0, 14.0, 20.0, 28.0, 17.0, 2.0]
[2.5, 3.5, 2.5, 2.5, 3.5, 2.5, 2.5, 2.5, 5.0, 5.0, 9.0, 9.0, 1.9999999999999998, 1.9999999999999998, 1.9999999999999998, 3.0, 1.9999999999999998, 3.0, 3.0, 1.9999999999999998, 1.9999999999999998, 1.9999999999999998, 1.9999999999999998, 1.2, 1.9999999999999998, 1.2, 1.9999999999999998, 1.9999999999999998]
[3.5, 2.5, 3.5, 3.5, 2.5, 3.5, 3.5, 3.5, 5.0, 5.0, 9.0, 9.0, 3.0, 3.0, 3.0, 1.9999999999999998, 3.0, 1.9999999999999998, 1.9999999999999998, 3.0, 1.2, 1.2, 1.2, 1.9999999999999998, 1.2, 1.9999999999999998, 1.2, 1.2]
T = 0.10737418240000006	 step = 430
74.08000000000004
13.9607421875
[14.0, 32.0, 18.0, 9.0, 18.0, 8.0, 10.0, 5.0, 23.0, 16.0, 33.0, 11.0, 31.0, 35.0, 35.0, 6.0, 29.0, 3.0, 25.0, 10.0, 38.0, 15.0, 24.0, 18.0, 23.0, 2.0, 23.0, 12.0]
[10.0, 19.0, 10.0, 14.0, 18.0, 25.0, 8.0, 10.0, 6.0, 24.0, 11.0, 33.0, 25.0, 32.0, 23.0, 4.0, 34.0, 31.0, 29.0, 19.0, 34.0, 5.0, 12.0, 14.0, 20.0, 28.0, 16.0, 2.0]
[2.5, 3.5, 2.5, 2.5, 3.5, 2.5, 2.5, 2.5, 5.0, 5.0, 9.0, 9.0, 1.9999999999999998, 1.9999999999999998, 1.9999999999999998, 3.0, 1.9999999999999998, 3.0, 3.0, 1.9999999999999998, 1.9999999999999998, 1.9999999999999998, 1.9999999999999998, 1.2, 1.9999999999999998, 1.2, 1.9999999999999998, 1.9999999999999998]
[3.5, 2.5, 3.5, 3.5, 2.5, 3.5, 3.5, 3.5, 5.0, 5.0, 9.0, 9.0, 3.0, 3.0, 3.0, 1.9999999999999998, 3.0, 1.9999999999999998, 1.9999999999999998, 3.0, 1.2, 1.2, 1.2, 1.9999999999999998, 1.2, 1.9999999999999998, 1.2, 1.2]
T = 0.10737418240000006	 step = 431
74.54000000000002
14.0232421875
[14.0, 32.0, 18.0, 9.0, 18.0, 8.0, 10.0, 5.0, 23.0, 16.0, 33.0, 11.0, 31.0, 35.0, 35.0, 6.0, 29.0, 3.0, 25.0, 10.0, 38.0, 15.0, 24.0, 18.0, 23.0, 2.0, 23.0, 12.0]
[10.0, 19.0, 10.0, 14.0, 18.0, 25.0, 8.0, 10.0, 6.0, 23.0, 11.0, 33.0, 25.0, 32.0, 23.0, 4.0, 34.0, 31.0, 29.0, 19.0, 34.0, 5.0, 12.0, 14.0, 20.0, 28.0, 16.0, 2.0]
[2.5, 3.5, 2.5, 2.5, 3.5, 2.5, 2.5, 2.5, 5.0, 5.0, 9.0, 9.0, 1.9999999999999998, 1.9999999999999998, 1.9999999999999998, 3.0, 1.9999999999999998, 3.0, 3.0, 1.9999999999999998, 1.9999999999999998, 1.9999999999999998, 1.9999999999999998, 1.2, 1.9999999999999998, 1.2, 1.9999999999999998, 1.9999999999999998]
[3.5, 2.5, 3.5, 3.5, 2.5, 3.5, 3.5, 3.5, 5.0, 5.0, 9.0, 9.0, 3.0, 3.0, 3.0, 1.9999999999999998, 3.0, 1.9999999999999998, 1.9999999999999998, 3.0, 1.2, 1.2, 1.2, 1.9999999999999998, 1.2, 1.9999999999999998, 1.2, 1.2]
T = 0.10737418240000006	 step = 432
74.49000000000001
15.240266335227272
[25.0, 32.0, 18.0, 9.0, 18.0, 8.0, 10.0, 5.0, 23.0, 16.0, 33.0, 11.0, 31.0, 35.0, 35.0, 6.0, 29.0, 3.0, 25.0, 10.0, 38.0, 15.0, 24.0, 18.0, 23.0, 2.0, 23.0, 12.0]
[34.0, 19.0, 10.0, 14.0, 18.0, 25.0, 8.0, 10.0, 6.0, 23.0, 11.0, 33.0, 25.0, 32.0, 23.0, 4.0, 34.0, 31.0, 29.0, 19.0, 34.0, 5.0, 12.0, 14.0, 20.0, 28.0, 16.0, 2.0]
[3.5, 3.5, 2.5, 2.5, 3.5, 2.5, 2.5, 2.5, 5.0, 5.0, 9.0, 9.0, 1.9999999999999998, 1.9999999999999998, 1.9999999999999998, 3.0, 1.9999999999999998, 3.0, 3.0, 1.9999999999999998, 1.9999999999999998, 1.9999999999999998, 1.9999999999999998, 1.2, 1.9999999999999998, 1.2, 1.9999999999999998, 1.9999999999999998]
[2.5, 2.5, 3.5, 3.5, 2.5, 3.5, 3.5, 3.5, 5.0, 5.0, 9.0, 9.0, 3.0, 3.0, 3.0, 1.9999999999999998, 3.0, 1.9999999999999998, 1.9999999999999998, 3.0, 1.2, 1.2, 1.2, 1.9999999999999998, 1.2, 1.9999999999999998, 1.2, 1.2]
T = 0.10737418240000006	 step = 433
74.53000000000003
14.0076171875
[14.0, 32.0, 18.0, 9.0, 18.0, 8.0, 10.0, 5.0, 23.0, 16.0, 33.0, 11.0, 31.0, 35.0, 35.0, 6.0, 29.0, 3.0, 25.0, 10.0, 38.0, 15.0, 24.0, 18.0, 23.0, 2.0, 23.0, 12.0]
[10.0, 18.0, 10.0, 14.0, 18.0, 25.0, 8.0, 10.0, 6.0, 23.0, 11.0, 33.0, 25.0, 32.0, 23.0, 4.0, 34.0, 31.0, 29.0, 19.0, 34.0, 5.0, 12.0, 14.0, 20.0, 28.0, 16.0, 2.0]
[2.5, 3.5, 2.5, 2.5, 3.5, 2.5, 2.5, 2.5, 5.0, 5.0, 9.0, 9.0, 1.9999999999999998, 1.9999999999999998, 1.9999999999999998, 3.0, 1.9999999999999998, 3.0, 3.0, 1.9999999999999998, 1.9999999999999998, 1.9999999999999998, 1.9999999999999998, 1.2, 1.9999999999999998, 1.2, 1.9999999999999998, 1.9999999999999998]
[3.5, 2.5, 3.5, 3.5, 2.5, 3.5, 3.5, 3.5, 5.0, 5.0, 9.0, 9.0, 3.0, 3.0, 3.0, 1.9999999999999998, 3.0, 1.9999999999999998, 1.9999999999999998, 3.0, 1.2, 1.2, 1.2, 1.9999999999999998, 1.2, 1.9999999999999998, 1.2, 1.2]
T = 0.10737418240000006	 step = 434
74.55000000000001
13.976582919034088
[14.0, 32.0, 18.0, 9.0, 18.0, 8.0, 10.0, 5.0, 23.0, 16.0, 33.0, 11.0, 31.0, 35.0, 35.0, 6.0, 29.0, 3.0, 24.0, 10.0, 38.0, 15.0, 24.0, 18.0, 23.0, 2.0, 23.0, 12.0]
[10.0, 18.0, 10.0, 14.0, 18.0, 25.0, 8.0, 10.0, 6.0, 23.0, 11.0, 33.0, 25.0, 32.0, 23.0, 4.0, 34.0, 31.0, 29.0, 19.0, 34.0, 5.0, 12.0, 14.0, 20.0, 28.0, 16.0, 2.0]
[2.5, 3.5, 2.5, 2.5, 3.5, 2.5, 2.5, 2.5, 5.0, 5.0, 9.0, 9.0, 1.9999999999999998, 1.9999999999999998, 1.9999999999999998, 3.0, 1.9999999999999998, 3.0, 3.0, 1.9999999999999998, 1.9999999999999998, 1.9999999999999998, 1.9999999999999998, 1.2, 1.9999999999999998, 1.2, 1.9999999999999998, 1.9999999999999998]
[3.5, 2.5, 3.5, 3.5, 2.5, 3.5, 3.5, 3.5, 5.0, 5.0, 9.0, 9.0, 3.0, 3.0, 3.0, 1.9999999999999998, 3.0, 1.9999999999999998, 1.9999999999999998, 3.0, 1.2, 1.2, 1.2, 1.9999999999999998, 1.2, 1.9999999999999998, 1.2, 1.2]
T = 0.10737418240000006	 step = 435
74.62
13.898457919034088
[14.0, 32.0, 18.0, 9.0, 18.0, 9.0, 10.0, 5.0, 23.0, 16.0, 33.0, 11.0, 31.0, 35.0, 35.0, 6.0, 29.0, 3.0, 24.0, 10.0, 38.0, 15.0, 24.0, 18.0, 23.0, 2.0, 23.0, 12.0]
[10.0, 18.0, 10.0, 14.0, 18.0, 25.0, 8.0, 10.0, 6.0, 23.0, 11.0, 33.0, 25.0, 32.0, 23.0, 4.0, 34.0, 31.0, 29.0, 19.0, 34.0, 5.0, 12.0, 14.0, 20.0, 28.0, 16.0, 2.0]
[2.5, 3.5, 2.5, 2.5, 3.5, 2.5, 2.5, 2.5, 5.0, 5.0, 9.0, 9.0, 1.9999999999999998, 1.9999999999999998, 1.9999999999999998, 3.0, 1.9999999999999998, 3.0, 3.0, 1.9999999999999998, 1.9999999999999998, 1.9999999999999998, 1.9999999999999998, 1.2, 1.9999999999999998, 1.2, 1.9999999999999998, 1.9999999999999998]
[3.5, 2.5, 3.5, 3.5, 2.5, 3.5, 3.5, 3.5, 5.0, 5.0, 9.0, 9.0, 3.0, 3.0, 3.0, 1.9999999999999998, 3.0, 1.9999999999999998, 1.9999999999999998, 3.0, 1.2, 1.2, 1.2, 1.9999999999999998, 1.2, 1.9999999999999998, 1.2, 1.2]
T = 0.10737418240000006	 step = 436
74.71000000000004
13.698490767045454
[14.0, 32.0, 18.0, 9.0, 18.0, 9.0, 10.0, 5.0, 23.0, 16.0, 33.0, 11.0, 31.0, 35.0, 35.0, 6.0, 29.0, 3.0, 24.0, 10.0, 38.0, 15.0, 24.0, 18.0, 23.0, 2.0, 23.0, 12.0]
[10.0, 18.0, 10.0, 14.0, 18.0, 25.0, 8.0, 10.0, 7.0, 23.0, 11.0, 33.0, 25.0, 32.0, 23.0, 4.0, 34.0, 31.0, 29.0, 19.0, 34.0, 5.0, 12.0, 14.0, 20.0, 28.0, 16.0, 2.0]
[2.5, 3.5, 2.5, 2.5, 3.5, 2.5, 2.5, 2.5, 5.0, 5.0, 9.0, 9.0, 1.9999999999999998, 1.9999999999999998, 1.9999999999999998, 3.0, 1.9999999999999998, 3.0, 3.0, 1.9999999999999998, 1.9999999999999998, 1.9999999999999998, 1.9999999999999998, 1.2, 1.9999999999999998, 1.2, 1.9999999999999998, 1.9999999999999998]
[3.5, 2.5, 3.5, 3.5, 2.5, 3.5, 3.5, 3.5, 5.0, 5.0, 9.0, 9.0, 3.0, 3.0, 3.0, 1.9999999999999998, 3.0, 1.9999999999999998, 1.9999999999999998, 3.0, 1.2, 1.2, 1.2, 1.9999999999999998, 1.2, 1.9999999999999998, 1.2, 1.2]
T = 0.10737418240000006	 step = 437
74.71000000000004
13.729740767045454
[14.0, 32.0, 18.0, 9.0, 18.0, 9.0, 10.0, 5.0, 23.0, 16.0, 33.0, 11.0, 31.0, 35.0, 35.0, 6.0, 29.0, 3.0, 24.0, 10.0, 38.0, 15.0, 24.0, 18.0, 23.0, 2.0, 23.0, 12.0]
[10.0, 18.0, 10.0, 14.0, 18.0, 25.0, 8.0, 10.0, 7.0, 23.0, 11.0, 33.0, 25.0, 32.0, 24.0, 4.0, 34.0, 31.0, 29.0, 19.0, 34.0, 5.0, 12.0, 14.0, 20.0, 28.0, 16.0, 2.0]
[2.5, 3.5, 2.5, 2.5, 3.5, 2.5, 2.5, 2.5, 5.0, 5.0, 9.0, 9.0, 1.9999999999999998, 1.9999999999999998, 1.9999999999999998, 3.0, 1.9999999999999998, 3.0, 3.0, 1.9999999999999998, 1.9999999999999998, 1.9999999999999998, 1.9999999999999998, 1.2, 1.9999999999999998, 1.2, 1.9999999999999998, 1.9999999999999998]
[3.5, 2.5, 3.5, 3.5, 2.5, 3.5, 3.5, 3.5, 5.0, 5.0, 9.0, 9.0, 3.0, 3.0, 3.0, 1.9999999999999998, 3.0, 1.9999999999999998, 1.9999999999999998, 3.0, 1.2, 1.2, 1.2, 1.9999999999999998, 1.2, 1.9999999999999998, 1.2, 1.2]
T = 0.10737418240000006	 step = 438
74.63
13.854740767045454
[14.0, 32.0, 18.0, 9.0, 18.0, 9.0, 10.0, 5.0, 23.0, 16.0, 33.0, 11.0, 31.0, 35.0, 35.0, 6.0, 29.0, 3.0, 24.0, 10.0, 38.0, 15.0, 24.0, 18.0, 23.0, 2.0, 23.0, 12.0]
[10.0, 18.0, 10.0, 14.0, 18.0, 25.0, 8.0, 10.0, 7.0, 23.0, 11.0, 34.0, 25.0, 32.0, 24.0, 4.0, 34.0, 31.0, 29.0, 19.0, 34.0, 5.0, 12.0, 14.0, 20.0, 28.0, 16.0, 2.0]
[2.5, 3.5, 2.5, 2.5, 3.5, 2.5, 2.5, 2.5, 5.0, 5.0, 9.0, 9.0, 1.9999999999999998, 1.9999999999999998, 1.9999999999999998, 3.0, 1.9999999999999998, 3.0, 3.0, 1.9999999999999998, 1.9999999999999998, 1.9999999999999998, 1.9999999999999998, 1.2, 1.9999999999999998, 1.2, 1.9999999999999998, 1.9999999999999998]
[3.5, 2.5, 3.5, 3.5, 2.5, 3.5, 3.5, 3.5, 5.0, 5.0, 9.0, 9.0, 3.0, 3.0, 3.0, 1.9999999999999998, 3.0, 1.9999999999999998, 1.9999999999999998, 3.0, 1.2, 1.2, 1.2, 1.9999999999999998, 1.2, 1.9999999999999998, 1.2, 1.2]
T = 0.10737418240000006	 step = 439
74.60000000000002
13.932865767045454
[14.0, 32.0, 18.0, 9.0, 18.0, 9.0, 10.0, 5.0, 23.0, 16.0, 33.0, 11.0, 31.0, 35.0, 35.0, 6.0, 29.0, 3.0, 24.0, 10.0, 38.0, 15.0, 24.0, 18.0, 23.0, 2.0, 23.0, 12.0]
[10.0, 18.0, 10.0, 14.0, 18.0, 26.0, 8.0, 10.0, 7.0, 23.0, 11.0, 34.0, 25.0, 32.0, 24.0, 4.0, 34.0, 31.0, 29.0, 19.0, 34.0, 5.0, 12.0, 14.0, 20.0, 28.0, 16.0, 2.0]
[2.5, 3.5, 2.5, 2.5, 3.5, 2.5, 2.5, 2.5, 5.0, 5.0, 9.0, 9.0, 1.9999999999999998, 1.9999999999999998, 1.9999999999999998, 3.0, 1.9999999999999998, 3.0, 3.0, 1.9999999999999998, 1.9999999999999998, 1.9999999999999998, 1.9999999999999998, 1.2, 1.9999999999999998, 1.2, 1.9999999999999998, 1.9999999999999998]
[3.5, 2.5, 3.5, 3.5, 2.5, 3.5, 3.5, 3.5, 5.0, 5.0, 9.0, 9.0, 3.0, 3.0, 3.0, 1.9999999999999998, 3.0, 1.9999999999999998, 1.9999999999999998, 3.0, 1.2, 1.2, 1.2, 1.9999999999999998, 1.2, 1.9999999999999998, 1.2, 1.2]
T = 0.10737418240000006	 step = 440
74.63
13.901615767045454
[14.0, 32.0, 18.0, 9.0, 18.0, 9.0, 10.0, 5.0, 23.0, 16.0, 33.0, 11.0, 31.0, 35.0, 35.0, 6.0, 29.0, 3.0, 24.0, 10.0, 38.0, 2.0, 24.0, 18.0, 23.0, 2.0, 23.0, 12.0]
[10.0, 18.0, 10.0, 14.0, 18.0, 26.0, 8.0, 10.0, 7.0, 23.0, 11.0, 34.0, 25.0, 32.0, 24.0, 4.0, 34.0, 31.0, 29.0, 19.0, 34.0, 20.0, 12.0, 14.0, 20.0, 28.0, 16.0, 2.0]
[2.5, 3.5, 2.5, 2.5, 3.5, 2.5, 2.5, 2.5, 5.0, 5.0, 9.0, 9.0, 1.9999999999999998, 1.9999999999999998, 1.9999999999999998, 3.0, 1.9999999999999998, 3.0, 3.0, 1.9999999999999998, 1.9999999999999998, 1.9999999999999998, 1.9999999999999998, 1.2, 1.9999999999999998, 1.2, 1.9999999999999998, 1.9999999999999998]
[3.5, 2.5, 3.5, 3.5, 2.5, 3.5, 3.5, 3.5, 5.0, 5.0, 9.0, 9.0, 3.0, 3.0, 3.0, 1.9999999999999998, 3.0, 1.9999999999999998, 1.9999999999999998, 3.0, 1.2, 1.2, 1.2, 1.9999999999999998, 1.2, 1.9999999999999998, 1.2, 1.2]
T = 0.10737418240000006	 step = 441
74.64000000000004
13.917240767045454
[14.0, 32.0, 18.0, 9.0, 18.0, 9.0, 10.0, 5.0, 23.0, 16.0, 33.0, 11.0, 31.0, 35.0, 35.0, 6.0, 29.0, 3.0, 24.0, 10.0, 38.0, 2.0, 24.0, 18.0, 23.0, 2.0, 23.0, 12.0]
[10.0, 18.0, 10.0, 14.0, 18.0, 26.0, 8.0, 10.0, 7.0, 23.0, 11.0, 34.0, 25.0, 32.0, 24.0, 4.0, 34.0, 31.0, 29.0, 19.0, 34.0, 20.0, 12.0, 15.0, 20.0, 28.0, 16.0, 2.0]
[2.5, 3.5, 2.5, 2.5, 3.5, 2.5, 2.5, 2.5, 5.0, 5.0, 9.0, 9.0, 1.9999999999999998, 1.9999999999999998, 1.9999999999999998, 3.0, 1.9999999999999998, 3.0, 3.0, 1.9999999999999998, 1.9999999999999998, 1.9999999999999998, 1.9999999999999998, 1.2, 1.9999999999999998, 1.2, 1.9999999999999998, 1.9999999999999998]
[3.5, 2.5, 3.5, 3.5, 2.5, 3.5, 3.5, 3.5, 5.0, 5.0, 9.0, 9.0, 3.0, 3.0, 3.0, 1.9999999999999998, 3.0, 1.9999999999999998, 1.9999999999999998, 3.0, 1.2, 1.2, 1.2, 1.9999999999999998, 1.2, 1.9999999999999998, 1.2, 1.2]
T = 0.08589934592000005	 step = 442
74.63
13.948490767045454
[14.0, 32.0, 18.0, 9.0, 18.0, 9.0, 10.0, 5.0, 23.0, 16.0, 33.0, 11.0, 31.0, 35.0, 35.0, 6.0, 29.0, 3.0, 24.0, 10.0, 38.0, 2.0, 24.0, 18.0, 23.0, 2.0, 23.0, 12.0]
[10.0, 18.0, 10.0, 14.0, 18.0, 26.0, 8.0, 10.0, 7.0, 23.0, 11.0, 34.0, 25.0, 32.0, 24.0, 3.0, 34.0, 31.0, 29.0, 19.0, 34.0, 20.0, 12.0, 15.0, 20.0, 28.0, 16.0, 2.0]
[2.5, 3.5, 2.5, 2.5, 3.5, 2.5, 2.5, 2.5, 5.0, 5.0, 9.0, 9.0, 1.9999999999999998, 1.9999999999999998, 1.9999999999999998, 3.0, 1.9999999999999998, 3.0, 3.0, 1.9999999999999998, 1.9999999999999998, 1.9999999999999998, 1.9999999999999998, 1.2, 1.9999999999999998, 1.2, 1.9999999999999998, 1.9999999999999998]
[3.5, 2.5, 3.5, 3.5, 2.5, 3.5, 3.5, 3.5, 5.0, 5.0, 9.0, 9.0, 3.0, 3.0, 3.0, 1.9999999999999998, 3.0, 1.9999999999999998, 1.9999999999999998, 3.0, 1.2, 1.2, 1.2, 1.9999999999999998, 1.2, 1.9999999999999998, 1.2, 1.2]
T = 0.08589934592000005	 step = 443
74.63
13.964115767045454
[14.0, 32.0, 18.0, 9.0, 18.0, 9.0, 10.0, 5.0, 23.0, 16.0, 33.0, 11.0, 31.0, 35.0, 35.0, 6.0, 29.0, 3.0, 24.0, 10.0, 38.0, 2.0, 23.0, 18.0, 23.0, 2.0, 23.0, 12.0]
[10.0, 18.0, 10.0, 14.0, 18.0, 26.0, 8.0, 10.0, 7.0, 23.0, 11.0, 34.0, 25.0, 32.0, 24.0, 3.0, 34.0, 31.0, 29.0, 19.0, 34.0, 20.0, 12.0, 15.0, 20.0, 28.0, 16.0, 2.0]
[2.5, 3.5, 2.5, 2.5, 3.5, 2.5, 2.5, 2.5, 5.0, 5.0, 9.0, 9.0, 1.9999999999999998, 1.9999999999999998, 1.9999999999999998, 3.0, 1.9999999999999998, 3.0, 3.0, 1.9999999999999998, 1.9999999999999998, 1.9999999999999998, 1.9999999999999998, 1.2, 1.9999999999999998, 1.2, 1.9999999999999998, 1.9999999999999998]
[3.5, 2.5, 3.5, 3.5, 2.5, 3.5, 3.5, 3.5, 5.0, 5.0, 9.0, 9.0, 3.0, 3.0, 3.0, 1.9999999999999998, 3.0, 1.9999999999999998, 1.9999999999999998, 3.0, 1.2, 1.2, 1.2, 1.9999999999999998, 1.2, 1.9999999999999998, 1.2, 1.2]
T = 0.08589934592000005	 step = 444
74.64000000000004
13.995365767045454
[14.0, 32.0, 18.0, 9.0, 18.0, 9.0, 10.0, 5.0, 23.0, 16.0, 33.0, 11.0, 31.0, 35.0, 35.0, 6.0, 29.0, 3.0, 24.0, 10.0, 38.0, 2.0, 23.0, 18.0, 23.0, 2.0, 23.0, 12.0]
[10.0, 18.0, 10.0, 14.0, 18.0, 26.0, 8.0, 10.0, 7.0, 23.0, 11.0, 34.0, 25.0, 32.0, 24.0, 3.0, 34.0, 31.0, 29.0, 20.0, 34.0, 20.0, 12.0, 15.0, 20.0, 28.0, 16.0, 2.0]
[2.5, 3.5, 2.5, 2.5, 3.5, 2.5, 2.5, 2.5, 5.0, 5.0, 9.0, 9.0, 1.9999999999999998, 1.9999999999999998, 1.9999999999999998, 3.0, 1.9999999999999998, 3.0, 3.0, 1.9999999999999998, 1.9999999999999998, 1.9999999999999998, 1.9999999999999998, 1.2, 1.9999999999999998, 1.2, 1.9999999999999998, 1.9999999999999998]
[3.5, 2.5, 3.5, 3.5, 2.5, 3.5, 3.5, 3.5, 5.0, 5.0, 9.0, 9.0, 3.0, 3.0, 3.0, 1.9999999999999998, 3.0, 1.9999999999999998, 1.9999999999999998, 3.0, 1.2, 1.2, 1.2, 1.9999999999999998, 1.2, 1.9999999999999998, 1.2, 1.2]
T = 0.08589934592000005	 step = 445
74.63
14.026400035511363
[14.0, 32.0, 18.0, 9.0, 18.0, 9.0, 10.0, 5.0, 23.0, 16.0, 33.0, 11.0, 31.0, 35.0, 35.0, 6.0, 29.0, 3.0, 25.0, 10.0, 38.0, 2.0, 23.0, 18.0, 23.0, 2.0, 23.0, 12.0]
[10.0, 18.0, 10.0, 14.0, 18.0, 26.0, 8.0, 10.0, 7.0, 23.0, 11.0, 34.0, 25.0, 32.0, 24.0, 3.0, 34.0, 31.0, 29.0, 20.0, 34.0, 20.0, 12.0, 15.0, 20.0, 28.0, 16.0, 2.0]
[2.5, 3.5, 2.5, 2.5, 3.5, 2.5, 2.5, 2.5, 5.0, 5.0, 9.0, 9.0, 1.9999999999999998, 1.9999999999999998, 1.9999999999999998, 3.0, 1.9999999999999998, 3.0, 3.0, 1.9999999999999998, 1.9999999999999998, 1.9999999999999998, 1.9999999999999998, 1.2, 1.9999999999999998, 1.2, 1.9999999999999998, 1.9999999999999998]
[3.5, 2.5, 3.5, 3.5, 2.5, 3.5, 3.5, 3.5, 5.0, 5.0, 9.0, 9.0, 3.0, 3.0, 3.0, 1.9999999999999998, 3.0, 1.9999999999999998, 1.9999999999999998, 3.0, 1.2, 1.2, 1.2, 1.9999999999999998, 1.2, 1.9999999999999998, 1.2, 1.2]
T = 0.08589934592000005	 step = 446
74.62
14.042025035511363
[14.0, 32.0, 18.0, 9.0, 18.0, 9.0, 10.0, 5.0, 23.0, 16.0, 33.0, 11.0, 31.0, 35.0, 35.0, 6.0, 29.0, 3.0, 25.0, 10.0, 38.0, 2.0, 23.0, 19.0, 23.0, 2.0, 23.0, 12.0]
[10.0, 18.0, 10.0, 14.0, 18.0, 26.0, 8.0, 10.0, 7.0, 23.0, 11.0, 34.0, 25.0, 32.0, 24.0, 3.0, 34.0, 31.0, 29.0, 20.0, 34.0, 20.0, 12.0, 15.0, 20.0, 28.0, 16.0, 2.0]
[2.5, 3.5, 2.5, 2.5, 3.5, 2.5, 2.5, 2.5, 5.0, 5.0, 9.0, 9.0, 1.9999999999999998, 1.9999999999999998, 1.9999999999999998, 3.0, 1.9999999999999998, 3.0, 3.0, 1.9999999999999998, 1.9999999999999998, 1.9999999999999998, 1.9999999999999998, 1.2, 1.9999999999999998, 1.2, 1.9999999999999998, 1.9999999999999998]
[3.5, 2.5, 3.5, 3.5, 2.5, 3.5, 3.5, 3.5, 5.0, 5.0, 9.0, 9.0, 3.0, 3.0, 3.0, 1.9999999999999998, 3.0, 1.9999999999999998, 1.9999999999999998, 3.0, 1.2, 1.2, 1.2, 1.9999999999999998, 1.2, 1.9999999999999998, 1.2, 1.2]
T = 0.08589934592000005	 step = 447
74.56
14.120150035511363
[14.0, 32.0, 18.0, 9.0, 18.0, 8.0, 10.0, 5.0, 23.0, 16.0, 33.0, 11.0, 31.0, 35.0, 35.0, 6.0, 29.0, 3.0, 25.0, 10.0, 38.0, 2.0, 23.0, 19.0, 23.0, 2.0, 23.0, 12.0]
[10.0, 18.0, 10.0, 14.0, 18.0, 26.0, 8.0, 10.0, 7.0, 23.0, 11.0, 34.0, 25.0, 32.0, 24.0, 3.0, 34.0, 31.0, 29.0, 20.0, 34.0, 20.0, 12.0, 15.0, 20.0, 28.0, 16.0, 2.0]
[2.5, 3.5, 2.5, 2.5, 3.5, 2.5, 2.5, 2.5, 5.0, 5.0, 9.0, 9.0, 1.9999999999999998, 1.9999999999999998, 1.9999999999999998, 3.0, 1.9999999999999998, 3.0, 3.0, 1.9999999999999998, 1.9999999999999998, 1.9999999999999998, 1.9999999999999998, 1.2, 1.9999999999999998, 1.2, 1.9999999999999998, 1.9999999999999998]
[3.5, 2.5, 3.5, 3.5, 2.5, 3.5, 3.5, 3.5, 5.0, 5.0, 9.0, 9.0, 3.0, 3.0, 3.0, 1.9999999999999998, 3.0, 1.9999999999999998, 1.9999999999999998, 3.0, 1.2, 1.2, 1.2, 1.9999999999999998, 1.2, 1.9999999999999998, 1.2, 1.2]
T = 0.08589934592000005	 step = 448
74.55000000000001
14.104525035511363
[14.0, 32.0, 18.0, 9.0, 18.0, 8.0, 10.0, 5.0, 23.0, 16.0, 33.0, 11.0, 31.0, 35.0, 35.0, 6.0, 29.0, 3.0, 25.0, 10.0, 38.0, 2.0, 23.0, 19.0, 23.0, 2.0, 23.0, 12.0]
[10.0, 18.0, 10.0, 14.0, 18.0, 26.0, 8.0, 10.0, 7.0, 23.0, 11.0, 34.0, 25.0, 32.0, 24.0, 3.0, 34.0, 31.0, 29.0, 20.0, 34.0, 20.0, 12.0, 14.0, 20.0, 28.0, 16.0, 2.0]
[2.5, 3.5, 2.5, 2.5, 3.5, 2.5, 2.5, 2.5, 5.0, 5.0, 9.0, 9.0, 1.9999999999999998, 1.9999999999999998, 1.9999999999999998, 3.0, 1.9999999999999998, 3.0, 3.0, 1.9999999999999998, 1.9999999999999998, 1.9999999999999998, 1.9999999999999998, 1.2, 1.9999999999999998, 1.2, 1.9999999999999998, 1.9999999999999998]
[3.5, 2.5, 3.5, 3.5, 2.5, 3.5, 3.5, 3.5, 5.0, 5.0, 9.0, 9.0, 3.0, 3.0, 3.0, 1.9999999999999998, 3.0, 1.9999999999999998, 1.9999999999999998, 3.0, 1.2, 1.2, 1.2, 1.9999999999999998, 1.2, 1.9999999999999998, 1.2, 1.2]
T = 0.08589934592000005	 step = 449
74.67000000000002
14.104525035511363
[14.0, 32.0, 18.0, 9.0, 18.0, 8.0, 10.0, 5.0, 23.0, 16.0, 33.0, 11.0, 19.0, 35.0, 35.0, 6.0, 29.0, 3.0, 25.0, 10.0, 38.0, 2.0, 23.0, 19.0, 23.0, 2.0, 23.0, 12.0]
[10.0, 18.0, 10.0, 14.0, 18.0, 26.0, 8.0, 10.0, 7.0, 23.0, 11.0, 34.0, 30.0, 32.0, 24.0, 3.0, 34.0, 31.0, 29.0, 20.0, 34.0, 20.0, 12.0, 14.0, 20.0, 28.0, 16.0, 2.0]
[2.5, 3.5, 2.5, 2.5, 3.5, 2.5, 2.5, 2.5, 5.0, 5.0, 9.0, 9.0, 3.0, 1.9999999999999998, 1.9999999999999998, 3.0, 1.9999999999999998, 3.0, 3.0, 1.9999999999999998, 1.9999999999999998, 1.9999999999999998, 1.9999999999999998, 1.2, 1.9999999999999998, 1.2, 1.9999999999999998, 1.9999999999999998]
[3.5, 2.5, 3.5, 3.5, 2.5, 3.5, 3.5, 3.5, 5.0, 5.0, 9.0, 9.0, 1.9999999999999998, 3.0, 3.0, 1.9999999999999998, 3.0, 1.9999999999999998, 1.9999999999999998, 3.0, 1.2, 1.2, 1.2, 1.9999999999999998, 1.2, 1.9999999999999998, 1.2, 1.2]
T = 0.08589934592000005	 step = 450
74.67000000000002
14.120150035511363
[14.0, 32.0, 18.0, 9.0, 18.0, 8.0, 10.0, 5.0, 23.0, 16.0, 33.0, 11.0, 19.0, 35.0, 35.0, 6.0, 29.0, 3.0, 25.0, 10.0, 38.0, 2.0, 23.0, 19.0, 23.0, 2.0, 23.0, 12.0]
[10.0, 18.0, 10.0, 14.0, 18.0, 26.0, 8.0, 10.0, 7.0, 23.0, 11.0, 34.0, 30.0, 32.0, 24.0, 3.0, 34.0, 31.0, 29.0, 20.0, 34.0, 20.0, 12.0, 14.0, 20.0, 27.0, 16.0, 2.0]
[2.5, 3.5, 2.5, 2.5, 3.5, 2.5, 2.5, 2.5, 5.0, 5.0, 9.0, 9.0, 3.0, 1.9999999999999998, 1.9999999999999998, 3.0, 1.9999999999999998, 3.0, 3.0, 1.9999999999999998, 1.9999999999999998, 1.9999999999999998, 1.9999999999999998, 1.2, 1.9999999999999998, 1.2, 1.9999999999999998, 1.9999999999999998]
[3.5, 2.5, 3.5, 3.5, 2.5, 3.5, 3.5, 3.5, 5.0, 5.0, 9.0, 9.0, 1.9999999999999998, 3.0, 3.0, 1.9999999999999998, 3.0, 1.9999999999999998, 1.9999999999999998, 3.0, 1.2, 1.2, 1.2, 1.9999999999999998, 1.2, 1.9999999999999998, 1.2, 1.2]
T = 0.08589934592000005	 step = 451
74.69
14.151400035511363
[14.0, 32.0, 18.0, 9.0, 18.0, 8.0, 10.0, 5.0, 23.0, 16.0, 33.0, 11.0, 19.0, 35.0, 35.0, 6.0, 29.0, 3.0, 25.0, 10.0, 38.0, 2.0, 23.0, 19.0, 23.0, 2.0, 23.0, 12.0]
[10.0, 18.0, 10.0, 14.0, 18.0, 26.0, 8.0, 10.0, 7.0, 23.0, 11.0, 34.0, 30.0, 32.0, 24.0, 3.0, 34.0, 31.0, 29.0, 21.0, 34.0, 20.0, 12.0, 14.0, 20.0, 27.0, 16.0, 2.0]
[2.5, 3.5, 2.5, 2.5, 3.5, 2.5, 2.5, 2.5, 5.0, 5.0, 9.0, 9.0, 3.0, 1.9999999999999998, 1.9999999999999998, 3.0, 1.9999999999999998, 3.0, 3.0, 1.9999999999999998, 1.9999999999999998, 1.9999999999999998, 1.9999999999999998, 1.2, 1.9999999999999998, 1.2, 1.9999999999999998, 1.9999999999999998]
[3.5, 2.5, 3.5, 3.5, 2.5, 3.5, 3.5, 3.5, 5.0, 5.0, 9.0, 9.0, 1.9999999999999998, 3.0, 3.0, 1.9999999999999998, 3.0, 1.9999999999999998, 1.9999999999999998, 3.0, 1.2, 1.2, 1.2, 1.9999999999999998, 1.2, 1.9999999999999998, 1.2, 1.2]
T = 0.08589934592000005	 step = 452
74.68
14.167025035511363
[14.0, 32.0, 18.0, 9.0, 18.0, 8.0, 10.0, 5.0, 23.0, 16.0, 33.0, 11.0, 19.0, 35.0, 35.0, 6.0, 29.0, 3.0, 25.0, 10.0, 38.0, 2.0, 23.0, 19.0, 23.0, 2.0, 23.0, 12.0]
[10.0, 18.0, 10.0, 14.0, 18.0, 26.0, 8.0, 10.0, 7.0, 23.0, 11.0, 34.0, 30.0, 32.0, 24.0, 3.0, 34.0, 31.0, 29.0, 21.0, 34.0, 20.0, 12.0, 14.0, 20.0, 27.0, 15.0, 2.0]
[2.5, 3.5, 2.5, 2.5, 3.5, 2.5, 2.5, 2.5, 5.0, 5.0, 9.0, 9.0, 3.0, 1.9999999999999998, 1.9999999999999998, 3.0, 1.9999999999999998, 3.0, 3.0, 1.9999999999999998, 1.9999999999999998, 1.9999999999999998, 1.9999999999999998, 1.2, 1.9999999999999998, 1.2, 1.9999999999999998, 1.9999999999999998]
[3.5, 2.5, 3.5, 3.5, 2.5, 3.5, 3.5, 3.5, 5.0, 5.0, 9.0, 9.0, 1.9999999999999998, 3.0, 3.0, 1.9999999999999998, 3.0, 1.9999999999999998, 1.9999999999999998, 3.0, 1.2, 1.2, 1.2, 1.9999999999999998, 1.2, 1.9999999999999998, 1.2, 1.2]
T = 0.08589934592000005	 step = 453
74.68
14.198275035511363
[14.0, 32.0, 18.0, 9.0, 18.0, 8.0, 10.0, 5.0, 23.0, 16.0, 33.0, 11.0, 19.0, 35.0, 35.0, 5.0, 29.0, 3.0, 25.0, 10.0, 38.0, 2.0, 23.0, 19.0, 23.0, 2.0, 23.0, 12.0]
[10.0, 18.0, 10.0, 14.0, 18.0, 26.0, 8.0, 10.0, 7.0, 23.0, 11.0, 34.0, 30.0, 32.0, 24.0, 3.0, 34.0, 31.0, 29.0, 21.0, 34.0, 20.0, 12.0, 14.0, 20.0, 27.0, 15.0, 2.0]
[2.5, 3.5, 2.5, 2.5, 3.5, 2.5, 2.5, 2.5, 5.0, 5.0, 9.0, 9.0, 3.0, 1.9999999999999998, 1.9999999999999998, 3.0, 1.9999999999999998, 3.0, 3.0, 1.9999999999999998, 1.9999999999999998, 1.9999999999999998, 1.9999999999999998, 1.2, 1.9999999999999998, 1.2, 1.9999999999999998, 1.9999999999999998]
[3.5, 2.5, 3.5, 3.5, 2.5, 3.5, 3.5, 3.5, 5.0, 5.0, 9.0, 9.0, 1.9999999999999998, 3.0, 3.0, 1.9999999999999998, 3.0, 1.9999999999999998, 1.9999999999999998, 3.0, 1.2, 1.2, 1.2, 1.9999999999999998, 1.2, 1.9999999999999998, 1.2, 1.2]
T = 0.08589934592000005	 step = 454
74.68
14.167025035511363
[14.0, 32.0, 18.0, 9.0, 18.0, 8.0, 10.0, 5.0, 23.0, 16.0, 33.0, 11.0, 19.0, 35.0, 35.0, 5.0, 29.0, 3.0, 25.0, 10.0, 38.0, 2.0, 23.0, 19.0, 23.0, 2.0, 23.0, 12.0]
[10.0, 18.0, 10.0, 14.0, 18.0, 26.0, 8.0, 10.0, 7.0, 23.0, 11.0, 34.0, 30.0, 32.0, 23.0, 3.0, 34.0, 31.0, 29.0, 21.0, 34.0, 20.0, 12.0, 14.0, 20.0, 27.0, 15.0, 2.0]
[2.5, 3.5, 2.5, 2.5, 3.5, 2.5, 2.5, 2.5, 5.0, 5.0, 9.0, 9.0, 3.0, 1.9999999999999998, 1.9999999999999998, 3.0, 1.9999999999999998, 3.0, 3.0, 1.9999999999999998, 1.9999999999999998, 1.9999999999999998, 1.9999999999999998, 1.2, 1.9999999999999998, 1.2, 1.9999999999999998, 1.9999999999999998]
[3.5, 2.5, 3.5, 3.5, 2.5, 3.5, 3.5, 3.5, 5.0, 5.0, 9.0, 9.0, 1.9999999999999998, 3.0, 3.0, 1.9999999999999998, 3.0, 1.9999999999999998, 1.9999999999999998, 3.0, 1.2, 1.2, 1.2, 1.9999999999999998, 1.2, 1.9999999999999998, 1.2, 1.2]
T = 0.08589934592000005	 step = 455
74.66000000000003
14.167025035511363
[14.0, 32.0, 18.0, 9.0, 18.0, 8.0, 10.0, 5.0, 23.0, 16.0, 33.0, 11.0, 20.0, 35.0, 35.0, 5.0, 29.0, 3.0, 25.0, 10.0, 38.0, 2.0, 23.0, 19.0, 23.0, 2.0, 23.0, 12.0]
[10.0, 18.0, 10.0, 14.0, 18.0, 26.0, 8.0, 10.0, 7.0, 23.0, 11.0, 34.0, 30.0, 32.0, 23.0, 3.0, 34.0, 31.0, 29.0, 21.0, 34.0, 20.0, 12.0, 14.0, 20.0, 27.0, 15.0, 2.0]
[2.5, 3.5, 2.5, 2.5, 3.5, 2.5, 2.5, 2.5, 5.0, 5.0, 9.0, 9.0, 3.0, 1.9999999999999998, 1.9999999999999998, 3.0, 1.9999999999999998, 3.0, 3.0, 1.9999999999999998, 1.9999999999999998, 1.9999999999999998, 1.9999999999999998, 1.2, 1.9999999999999998, 1.2, 1.9999999999999998, 1.9999999999999998]
[3.5, 2.5, 3.5, 3.5, 2.5, 3.5, 3.5, 3.5, 5.0, 5.0, 9.0, 9.0, 1.9999999999999998, 3.0, 3.0, 1.9999999999999998, 3.0, 1.9999999999999998, 1.9999999999999998, 3.0, 1.2, 1.2, 1.2, 1.9999999999999998, 1.2, 1.9999999999999998, 1.2, 1.2]
T = 0.08589934592000005	 step = 456
74.80000000000001
13.792025035511363
[14.0, 32.0, 18.0, 9.0, 18.0, 8.0, 10.0, 5.0, 23.0, 16.0, 33.0, 11.0, 20.0, 35.0, 35.0, 5.0, 29.0, 3.0, 25.0, 10.0, 38.0, 22.0, 23.0, 19.0, 23.0, 2.0, 23.0, 12.0]
[10.0, 18.0, 10.0, 14.0, 18.0, 26.0, 8.0, 10.0, 7.0, 23.0, 11.0, 34.0, 30.0, 32.0, 23.0, 3.0, 34.0, 31.0, 29.0, 21.0, 34.0, 24.0, 12.0, 14.0, 20.0, 27.0, 15.0, 2.0]
[2.5, 3.5, 2.5, 2.5, 3.5, 2.5, 2.5, 2.5, 5.0, 5.0, 9.0, 9.0, 3.0, 1.9999999999999998, 1.9999999999999998, 3.0, 1.9999999999999998, 3.0, 3.0, 1.9999999999999998, 1.9999999999999998, 1.2, 1.9999999999999998, 1.2, 1.9999999999999998, 1.2, 1.9999999999999998, 1.9999999999999998]
[3.5, 2.5, 3.5, 3.5, 2.5, 3.5, 3.5, 3.5, 5.0, 5.0, 9.0, 9.0, 1.9999999999999998, 3.0, 3.0, 1.9999999999999998, 3.0, 1.9999999999999998, 1.9999999999999998, 3.0, 1.2, 1.9999999999999998, 1.2, 1.9999999999999998, 1.2, 1.9999999999999998, 1.2, 1.2]
T = 0.08589934592000005	 step = 457
74.90000000000003
13.979525035511363
[14.0, 32.0, 18.0, 9.0, 18.0, 8.0, 10.0, 5.0, 23.0, 17.0, 33.0, 11.0, 20.0, 35.0, 35.0, 5.0, 29.0, 3.0, 25.0, 10.0, 38.0, 22.0, 23.0, 19.0, 23.0, 2.0, 23.0, 12.0]
[10.0, 18.0, 10.0, 14.0, 18.0, 26.0, 8.0, 10.0, 7.0, 23.0, 11.0, 34.0, 30.0, 32.0, 23.0, 3.0, 34.0, 31.0, 29.0, 21.0, 34.0, 24.0, 12.0, 14.0, 20.0, 27.0, 15.0, 2.0]
[2.5, 3.5, 2.5, 2.5, 3.5, 2.5, 2.5, 2.5, 5.0, 5.0, 9.0, 9.0, 3.0, 1.9999999999999998, 1.9999999999999998, 3.0, 1.9999999999999998, 3.0, 3.0, 1.9999999999999998, 1.9999999999999998, 1.2, 1.9999999999999998, 1.2, 1.9999999999999998, 1.2, 1.9999999999999998, 1.9999999999999998]
[3.5, 2.5, 3.5, 3.5, 2.5, 3.5, 3.5, 3.5, 5.0, 5.0, 9.0, 9.0, 1.9999999999999998, 3.0, 3.0, 1.9999999999999998, 3.0, 1.9999999999999998, 1.9999999999999998, 3.0, 1.2, 1.9999999999999998, 1.2, 1.9999999999999998, 1.2, 1.9999999999999998, 1.2, 1.2]
T = 0.08589934592000005	 step = 458
74.90000000000003
13.995150035511363
[14.0, 32.0, 18.0, 9.0, 18.0, 8.0, 10.0, 5.0, 23.0, 17.0, 33.0, 11.0, 20.0, 35.0, 35.0, 5.0, 29.0, 3.0, 25.0, 10.0, 38.0, 22.0, 23.0, 19.0, 23.0, 2.0, 23.0, 12.0]
[10.0, 18.0, 10.0, 14.0, 18.0, 26.0, 8.0, 10.0, 7.0, 23.0, 11.0, 34.0, 30.0, 32.0, 23.0, 3.0, 34.0, 31.0, 29.0, 21.0, 34.0, 24.0, 12.0, 14.0, 20.0, 26.0, 15.0, 2.0]
[2.5, 3.5, 2.5, 2.5, 3.5, 2.5, 2.5, 2.5, 5.0, 5.0, 9.0, 9.0, 3.0, 1.9999999999999998, 1.9999999999999998, 3.0, 1.9999999999999998, 3.0, 3.0, 1.9999999999999998, 1.9999999999999998, 1.2, 1.9999999999999998, 1.2, 1.9999999999999998, 1.2, 1.9999999999999998, 1.9999999999999998]
[3.5, 2.5, 3.5, 3.5, 2.5, 3.5, 3.5, 3.5, 5.0, 5.0, 9.0, 9.0, 1.9999999999999998, 3.0, 3.0, 1.9999999999999998, 3.0, 1.9999999999999998, 1.9999999999999998, 3.0, 1.2, 1.9999999999999998, 1.2, 1.9999999999999998, 1.2, 1.9999999999999998, 1.2, 1.2]
T = 0.08589934592000005	 step = 459
74.89000000000004
13.995150035511363
[14.0, 32.0, 18.0, 9.0, 18.0, 8.0, 10.0, 5.0, 23.0, 17.0, 33.0, 11.0, 20.0, 35.0, 35.0, 5.0, 29.0, 3.0, 25.0, 10.0, 38.0, 22.0, 23.0, 20.0, 23.0, 2.0, 23.0, 12.0]
[10.0, 18.0, 10.0, 14.0, 18.0, 26.0, 8.0, 10.0, 7.0, 23.0, 11.0, 34.0, 30.0, 32.0, 23.0, 3.0, 34.0, 31.0, 29.0, 21.0, 34.0, 24.0, 12.0, 14.0, 20.0, 27.0, 15.0, 2.0]
[2.5, 3.5, 2.5, 2.5, 3.5, 2.5, 2.5, 2.5, 5.0, 5.0, 9.0, 9.0, 3.0, 1.9999999999999998, 1.9999999999999998, 3.0, 1.9999999999999998, 3.0, 3.0, 1.9999999999999998, 1.9999999999999998, 1.2, 1.9999999999999998, 1.2, 1.9999999999999998, 1.2, 1.9999999999999998, 1.9999999999999998]
[3.5, 2.5, 3.5, 3.5, 2.5, 3.5, 3.5, 3.5, 5.0, 5.0, 9.0, 9.0, 1.9999999999999998, 3.0, 3.0, 1.9999999999999998, 3.0, 1.9999999999999998, 1.9999999999999998, 3.0, 1.2, 1.9999999999999998, 1.2, 1.9999999999999998, 1.2, 1.9999999999999998, 1.2, 1.2]
T = 0.08589934592000005	 step = 460
74.88
14.026400035511363
[14.0, 32.0, 18.0, 9.0, 18.0, 8.0, 10.0, 5.0, 23.0, 17.0, 33.0, 11.0, 20.0, 35.0, 35.0, 5.0, 30.0, 3.0, 25.0, 10.0, 38.0, 22.0, 23.0, 20.0, 23.0, 2.0, 23.0, 12.0]
[10.0, 18.0, 10.0, 14.0, 18.0, 26.0, 8.0, 10.0, 7.0, 23.0, 11.0, 34.0, 30.0, 32.0, 23.0, 3.0, 34.0, 31.0, 29.0, 21.0, 34.0, 24.0, 12.0, 14.0, 20.0, 27.0, 15.0, 2.0]
[2.5, 3.5, 2.5, 2.5, 3.5, 2.5, 2.5, 2.5, 5.0, 5.0, 9.0, 9.0, 3.0, 1.9999999999999998, 1.9999999999999998, 3.0, 1.9999999999999998, 3.0, 3.0, 1.9999999999999998, 1.9999999999999998, 1.2, 1.9999999999999998, 1.2, 1.9999999999999998, 1.2, 1.9999999999999998, 1.9999999999999998]
[3.5, 2.5, 3.5, 3.5, 2.5, 3.5, 3.5, 3.5, 5.0, 5.0, 9.0, 9.0, 1.9999999999999998, 3.0, 3.0, 1.9999999999999998, 3.0, 1.9999999999999998, 1.9999999999999998, 3.0, 1.2, 1.9999999999999998, 1.2, 1.9999999999999998, 1.2, 1.9999999999999998, 1.2, 1.2]
T = 0.08589934592000005	 step = 461
74.89000000000004
14.026400035511363
[14.0, 32.0, 18.0, 9.0, 18.0, 8.0, 10.0, 5.0, 23.0, 17.0, 33.0, 11.0, 19.0, 35.0, 35.0, 5.0, 30.0, 3.0, 25.0, 10.0, 38.0, 22.0, 23.0, 20.0, 23.0, 2.0, 23.0, 12.0]
[10.0, 18.0, 10.0, 14.0, 18.0, 26.0, 8.0, 10.0, 7.0, 23.0, 11.0, 34.0, 30.0, 32.0, 23.0, 3.0, 34.0, 31.0, 29.0, 21.0, 34.0, 24.0, 12.0, 14.0, 20.0, 27.0, 15.0, 2.0]
[2.5, 3.5, 2.5, 2.5, 3.5, 2.5, 2.5, 2.5, 5.0, 5.0, 9.0, 9.0, 3.0, 1.9999999999999998, 1.9999999999999998, 3.0, 1.9999999999999998, 3.0, 3.0, 1.9999999999999998, 1.9999999999999998, 1.2, 1.9999999999999998, 1.2, 1.9999999999999998, 1.2, 1.9999999999999998, 1.9999999999999998]
[3.5, 2.5, 3.5, 3.5, 2.5, 3.5, 3.5, 3.5, 5.0, 5.0, 9.0, 9.0, 1.9999999999999998, 3.0, 3.0, 1.9999999999999998, 3.0, 1.9999999999999998, 1.9999999999999998, 3.0, 1.2, 1.9999999999999998, 1.2, 1.9999999999999998, 1.2, 1.9999999999999998, 1.2, 1.2]
T = 0.08589934592000005	 step = 462
74.91000000000003
13.995150035511363
[14.0, 32.0, 18.0, 9.0, 18.0, 8.0, 10.0, 5.0, 23.0, 17.0, 33.0, 11.0, 19.0, 35.0, 34.0, 5.0, 30.0, 3.0, 25.0, 10.0, 38.0, 22.0, 23.0, 20.0, 23.0, 2.0, 23.0, 12.0]
[10.0, 18.0, 10.0, 14.0, 18.0, 26.0, 8.0, 10.0, 7.0, 23.0, 11.0, 34.0, 30.0, 32.0, 23.0, 3.0, 34.0, 31.0, 29.0, 21.0, 34.0, 24.0, 12.0, 14.0, 20.0, 27.0, 15.0, 2.0]
[2.5, 3.5, 2.5, 2.5, 3.5, 2.5, 2.5, 2.5, 5.0, 5.0, 9.0, 9.0, 3.0, 1.9999999999999998, 1.9999999999999998, 3.0, 1.9999999999999998, 3.0, 3.0, 1.9999999999999998, 1.9999999999999998, 1.2, 1.9999999999999998, 1.2, 1.9999999999999998, 1.2, 1.9999999999999998, 1.9999999999999998]
[3.5, 2.5, 3.5, 3.5, 2.5, 3.5, 3.5, 3.5, 5.0, 5.0, 9.0, 9.0, 1.9999999999999998, 3.0, 3.0, 1.9999999999999998, 3.0, 1.9999999999999998, 1.9999999999999998, 3.0, 1.2, 1.9999999999999998, 1.2, 1.9999999999999998, 1.2, 1.9999999999999998, 1.2, 1.2]
T = 0.08589934592000005	 step = 463
74.91000000000003
13.979525035511363
[14.0, 32.0, 18.0, 9.0, 18.0, 8.0, 10.0, 5.0, 23.0, 17.0, 33.0, 11.0, 19.0, 35.0, 34.0, 5.0, 30.0, 3.0, 25.0, 10.0, 38.0, 22.0, 24.0, 20.0, 23.0, 2.0, 23.0, 12.0]
[10.0, 18.0, 10.0, 14.0, 18.0, 26.0, 8.0, 10.0, 7.0, 23.0, 11.0, 34.0, 30.0, 32.0, 23.0, 3.0, 34.0, 31.0, 29.0, 21.0, 34.0, 24.0, 12.0, 14.0, 20.0, 27.0, 15.0, 2.0]
[2.5, 3.5, 2.5, 2.5, 3.5, 2.5, 2.5, 2.5, 5.0, 5.0, 9.0, 9.0, 3.0, 1.9999999999999998, 1.9999999999999998, 3.0, 1.9999999999999998, 3.0, 3.0, 1.9999999999999998, 1.9999999999999998, 1.2, 1.9999999999999998, 1.2, 1.9999999999999998, 1.2, 1.9999999999999998, 1.9999999999999998]
[3.5, 2.5, 3.5, 3.5, 2.5, 3.5, 3.5, 3.5, 5.0, 5.0, 9.0, 9.0, 1.9999999999999998, 3.0, 3.0, 1.9999999999999998, 3.0, 1.9999999999999998, 1.9999999999999998, 3.0, 1.2, 1.9999999999999998, 1.2, 1.9999999999999998, 1.2, 1.9999999999999998, 1.2, 1.2]
T = 0.08589934592000005	 step = 464
74.86000000000001
13.995150035511363
[14.0, 32.0, 18.0, 9.0, 19.0, 8.0, 10.0, 5.0, 23.0, 17.0, 33.0, 11.0, 19.0, 35.0, 34.0, 5.0, 30.0, 3.0, 25.0, 10.0, 38.0, 22.0, 24.0, 20.0, 23.0, 2.0, 23.0, 12.0]
[10.0, 18.0, 10.0, 14.0, 18.0, 26.0, 8.0, 10.0, 7.0, 23.0, 11.0, 34.0, 30.0, 32.0, 23.0, 3.0, 34.0, 31.0, 29.0, 21.0, 34.0, 24.0, 12.0, 14.0, 20.0, 27.0, 15.0, 2.0]
[2.5, 3.5, 2.5, 2.5, 3.5, 2.5, 2.5, 2.5, 5.0, 5.0, 9.0, 9.0, 3.0, 1.9999999999999998, 1.9999999999999998, 3.0, 1.9999999999999998, 3.0, 3.0, 1.9999999999999998, 1.9999999999999998, 1.2, 1.9999999999999998, 1.2, 1.9999999999999998, 1.2, 1.9999999999999998, 1.9999999999999998]
[3.5, 2.5, 3.5, 3.5, 2.5, 3.5, 3.5, 3.5, 5.0, 5.0, 9.0, 9.0, 1.9999999999999998, 3.0, 3.0, 1.9999999999999998, 3.0, 1.9999999999999998, 1.9999999999999998, 3.0, 1.2, 1.9999999999999998, 1.2, 1.9999999999999998, 1.2, 1.9999999999999998, 1.2, 1.2]
T = 0.08589934592000005	 step = 465
74.82000000000005
13.99515003551136
[14.0, 32.0, 18.0, 9.0, 19.0, 8.0, 10.0, 5.0, 24.0, 17.0, 33.0, 11.0, 19.0, 35.0, 34.0, 5.0, 30.0, 3.0, 25.0, 10.0, 38.0, 22.0, 24.0, 20.0, 23.0, 2.0, 23.0, 12.0]
[10.0, 18.0, 10.0, 14.0, 18.0, 26.0, 8.0, 10.0, 7.0, 23.0, 11.0, 34.0, 30.0, 32.0, 23.0, 3.0, 34.0, 31.0, 29.0, 21.0, 34.0, 24.0, 12.0, 14.0, 20.0, 27.0, 15.0, 2.0]
[2.5, 3.5, 2.5, 2.5, 3.5, 2.5, 2.5, 2.5, 5.0, 5.0, 9.0, 9.0, 3.0, 1.9999999999999998, 1.9999999999999998, 3.0, 1.9999999999999998, 3.0, 3.0, 1.9999999999999998, 1.9999999999999998, 1.2, 1.9999999999999998, 1.2, 1.9999999999999998, 1.2, 1.9999999999999998, 1.9999999999999998]
[3.5, 2.5, 3.5, 3.5, 2.5, 3.5, 3.5, 3.5, 5.0, 5.0, 9.0, 9.0, 1.9999999999999998, 3.0, 3.0, 1.9999999999999998, 3.0, 1.9999999999999998, 1.9999999999999998, 3.0, 1.2, 1.9999999999999998, 1.2, 1.9999999999999998, 1.2, 1.9999999999999998, 1.2, 1.2]
T = 0.08589934592000005	 step = 466
74.74000000000001
13.877331321022725
[14.0, 32.0, 18.0, 9.0, 19.0, 8.0, 10.0, 5.0, 24.0, 17.0, 33.0, 11.0, 19.0, 35.0, 34.0, 5.0, 30.0, 3.0, 25.0, 10.0, 38.0, 22.0, 24.0, 20.0, 23.0, 2.0, 25.0, 12.0]
[10.0, 18.0, 10.0, 14.0, 18.0, 26.0, 8.0, 10.0, 7.0, 23.0, 11.0, 34.0, 30.0, 32.0, 23.0, 3.0, 34.0, 31.0, 29.0, 21.0, 34.0, 24.0, 12.0, 14.0, 20.0, 27.0, 38.0, 2.0]
[2.5, 3.5, 2.5, 2.5, 3.5, 2.5, 2.5, 2.5, 5.0, 5.0, 9.0, 9.0, 3.0, 1.9999999999999998, 1.9999999999999998, 3.0, 1.9999999999999998, 3.0, 3.0, 1.9999999999999998, 1.9999999999999998, 1.2, 1.9999999999999998, 1.2, 1.9999999999999998, 1.2, 1.2, 1.9999999999999998]
[3.5, 2.5, 3.5, 3.5, 2.5, 3.5, 3.5, 3.5, 5.0, 5.0, 9.0, 9.0, 1.9999999999999998, 3.0, 3.0, 1.9999999999999998, 3.0, 1.9999999999999998, 1.9999999999999998, 3.0, 1.2, 1.9999999999999998, 1.2, 1.9999999999999998, 1.2, 1.9999999999999998, 1.9999999999999998, 1.2]
T = 0.08589934592000005	 step = 467
74.73000000000002
13.908581321022725
[14.0, 32.0, 18.0, 9.0, 19.0, 8.0, 10.0, 5.0, 24.0, 17.0, 33.0, 11.0, 19.0, 35.0, 35.0, 5.0, 30.0, 3.0, 25.0, 10.0, 38.0, 22.0, 24.0, 20.0, 23.0, 2.0, 25.0, 12.0]
[10.0, 18.0, 10.0, 14.0, 18.0, 26.0, 8.0, 10.0, 7.0, 23.0, 11.0, 34.0, 30.0, 32.0, 23.0, 3.0, 34.0, 31.0, 29.0, 21.0, 34.0, 24.0, 12.0, 14.0, 20.0, 27.0, 38.0, 2.0]
[2.5, 3.5, 2.5, 2.5, 3.5, 2.5, 2.5, 2.5, 5.0, 5.0, 9.0, 9.0, 3.0, 1.9999999999999998, 1.9999999999999998, 3.0, 1.9999999999999998, 3.0, 3.0, 1.9999999999999998, 1.9999999999999998, 1.2, 1.9999999999999998, 1.2, 1.9999999999999998, 1.2, 1.2, 1.9999999999999998]
[3.5, 2.5, 3.5, 3.5, 2.5, 3.5, 3.5, 3.5, 5.0, 5.0, 9.0, 9.0, 1.9999999999999998, 3.0, 3.0, 1.9999999999999998, 3.0, 1.9999999999999998, 1.9999999999999998, 3.0, 1.2, 1.9999999999999998, 1.2, 1.9999999999999998, 1.2, 1.9999999999999998, 1.9999999999999998, 1.2]
T = 0.08589934592000005	 step = 468
74.72000000000003
13.939831321022725
[14.0, 32.0, 18.0, 9.0, 19.0, 8.0, 10.0, 5.0, 24.0, 17.0, 33.0, 11.0, 19.0, 35.0, 35.0, 5.0, 30.0, 3.0, 25.0, 10.0, 38.0, 22.0, 24.0, 20.0, 23.0, 2.0, 25.0, 12.0]
[10.0, 18.0, 10.0, 14.0, 18.0, 26.0, 8.0, 10.0, 7.0, 23.0, 11.0, 34.0, 30.0, 32.0, 23.0, 3.0, 35.0, 31.0, 29.0, 21.0, 34.0, 24.0, 12.0, 14.0, 20.0, 27.0, 38.0, 2.0]
[2.5, 3.5, 2.5, 2.5, 3.5, 2.5, 2.5, 2.5, 5.0, 5.0, 9.0, 9.0, 3.0, 1.9999999999999998, 1.9999999999999998, 3.0, 1.9999999999999998, 3.0, 3.0, 1.9999999999999998, 1.9999999999999998, 1.2, 1.9999999999999998, 1.2, 1.9999999999999998, 1.2, 1.2, 1.9999999999999998]
[3.5, 2.5, 3.5, 3.5, 2.5, 3.5, 3.5, 3.5, 5.0, 5.0, 9.0, 9.0, 1.9999999999999998, 3.0, 3.0, 1.9999999999999998, 3.0, 1.9999999999999998, 1.9999999999999998, 3.0, 1.2, 1.9999999999999998, 1.2, 1.9999999999999998, 1.2, 1.9999999999999998, 1.9999999999999998, 1.2]
T = 0.08589934592000005	 step = 469
74.71000000000004
13.924206321022723
[14.0, 32.0, 18.0, 9.0, 19.0, 8.0, 10.0, 5.0, 24.0, 17.0, 33.0, 11.0, 19.0, 35.0, 35.0, 5.0, 30.0, 3.0, 25.0, 10.0, 38.0, 22.0, 24.0, 20.0, 23.0, 2.0, 25.0, 12.0]
[10.0, 18.0, 10.0, 14.0, 18.0, 26.0, 8.0, 10.0, 7.0, 23.0, 11.0, 34.0, 30.0, 32.0, 23.0, 3.0, 35.0, 31.0, 29.0, 21.0, 34.0, 24.0, 12.0, 14.0, 20.0, 28.0, 38.0, 2.0]
[2.5, 3.5, 2.5, 2.5, 3.5, 2.5, 2.5, 2.5, 5.0, 5.0, 9.0, 9.0, 3.0, 1.9999999999999998, 1.9999999999999998, 3.0, 1.9999999999999998, 3.0, 3.0, 1.9999999999999998, 1.9999999999999998, 1.2, 1.9999999999999998, 1.2, 1.9999999999999998, 1.2, 1.2, 1.9999999999999998]
[3.5, 2.5, 3.5, 3.5, 2.5, 3.5, 3.5, 3.5, 5.0, 5.0, 9.0, 9.0, 1.9999999999999998, 3.0, 3.0, 1.9999999999999998, 3.0, 1.9999999999999998, 1.9999999999999998, 3.0, 1.2, 1.9999999999999998, 1.2, 1.9999999999999998, 1.2, 1.9999999999999998, 1.9999999999999998, 1.2]
T = 0.08589934592000005	 step = 470
74.68
13.908581321022725
[14.0, 32.0, 18.0, 9.0, 19.0, 8.0, 9.0, 5.0, 24.0, 17.0, 33.0, 11.0, 19.0, 35.0, 35.0, 5.0, 30.0, 3.0, 25.0, 10.0, 38.0, 22.0, 24.0, 20.0, 23.0, 2.0, 25.0, 12.0]
[10.0, 18.0, 10.0, 14.0, 18.0, 26.0, 8.0, 10.0, 7.0, 23.0, 11.0, 34.0, 30.0, 32.0, 23.0, 3.0, 35.0, 31.0, 29.0, 21.0, 34.0, 24.0, 12.0, 14.0, 20.0, 28.0, 38.0, 2.0]
[2.5, 3.5, 2.5, 2.5, 3.5, 2.5, 2.5, 2.5, 5.0, 5.0, 9.0, 9.0, 3.0, 1.9999999999999998, 1.9999999999999998, 3.0, 1.9999999999999998, 3.0, 3.0, 1.9999999999999998, 1.9999999999999998, 1.2, 1.9999999999999998, 1.2, 1.9999999999999998, 1.2, 1.2, 1.9999999999999998]
[3.5, 2.5, 3.5, 3.5, 2.5, 3.5, 3.5, 3.5, 5.0, 5.0, 9.0, 9.0, 1.9999999999999998, 3.0, 3.0, 1.9999999999999998, 3.0, 1.9999999999999998, 1.9999999999999998, 3.0, 1.2, 1.9999999999999998, 1.2, 1.9999999999999998, 1.2, 1.9999999999999998, 1.9999999999999998, 1.2]
T = 0.08589934592000005	 step = 471
74.67000000000002
13.908581321022725
[14.0, 32.0, 18.0, 9.0, 19.0, 8.0, 9.0, 5.0, 24.0, 17.0, 33.0, 11.0, 19.0, 35.0, 35.0, 5.0, 30.0, 3.0, 25.0, 10.0, 38.0, 22.0, 24.0, 20.0, 23.0, 2.0, 25.0, 12.0]
[10.0, 18.0, 10.0, 14.0, 18.0, 26.0, 8.0, 10.0, 7.0, 23.0, 11.0, 34.0, 31.0, 32.0, 23.0, 3.0, 35.0, 31.0, 29.0, 21.0, 34.0, 24.0, 12.0, 14.0, 20.0, 28.0, 38.0, 2.0]
[2.5, 3.5, 2.5, 2.5, 3.5, 2.5, 2.5, 2.5, 5.0, 5.0, 9.0, 9.0, 3.0, 1.9999999999999998, 1.9999999999999998, 3.0, 1.9999999999999998, 3.0, 3.0, 1.9999999999999998, 1.9999999999999998, 1.2, 1.9999999999999998, 1.2, 1.9999999999999998, 1.2, 1.2, 1.9999999999999998]
[3.5, 2.5, 3.5, 3.5, 2.5, 3.5, 3.5, 3.5, 5.0, 5.0, 9.0, 9.0, 1.9999999999999998, 3.0, 3.0, 1.9999999999999998, 3.0, 1.9999999999999998, 1.9999999999999998, 3.0, 1.2, 1.9999999999999998, 1.2, 1.9999999999999998, 1.2, 1.9999999999999998, 1.9999999999999998, 1.2]
T = 0.08589934592000005	 step = 472
74.66000000000003
13.955456321022723
[14.0, 32.0, 17.0, 9.0, 19.0, 8.0, 9.0, 5.0, 24.0, 17.0, 33.0, 11.0, 19.0, 35.0, 35.0, 5.0, 30.0, 3.0, 25.0, 10.0, 38.0, 22.0, 24.0, 20.0, 23.0, 2.0, 25.0, 12.0]
[10.0, 18.0, 10.0, 14.0, 18.0, 26.0, 8.0, 10.0, 7.0, 23.0, 11.0, 34.0, 31.0, 32.0, 23.0, 3.0, 35.0, 31.0, 29.0, 21.0, 34.0, 24.0, 12.0, 14.0, 20.0, 28.0, 38.0, 2.0]
[2.5, 3.5, 2.5, 2.5, 3.5, 2.5, 2.5, 2.5, 5.0, 5.0, 9.0, 9.0, 3.0, 1.9999999999999998, 1.9999999999999998, 3.0, 1.9999999999999998, 3.0, 3.0, 1.9999999999999998, 1.9999999999999998, 1.2, 1.9999999999999998, 1.2, 1.9999999999999998, 1.2, 1.2, 1.9999999999999998]
[3.5, 2.5, 3.5, 3.5, 2.5, 3.5, 3.5, 3.5, 5.0, 5.0, 9.0, 9.0, 1.9999999999999998, 3.0, 3.0, 1.9999999999999998, 3.0, 1.9999999999999998, 1.9999999999999998, 3.0, 1.2, 1.9999999999999998, 1.2, 1.9999999999999998, 1.2, 1.9999999999999998, 1.9999999999999998, 1.2]
T = 0.08589934592000005	 step = 473
74.63
14.064831321022723
[14.0, 32.0, 17.0, 9.0, 19.0, 8.0, 9.0, 4.0, 24.0, 17.0, 33.0, 11.0, 19.0, 35.0, 35.0, 5.0, 30.0, 3.0, 25.0, 10.0, 38.0, 22.0, 24.0, 20.0, 23.0, 2.0, 25.0, 12.0]
[10.0, 18.0, 10.0, 14.0, 18.0, 26.0, 8.0, 10.0, 7.0, 23.0, 11.0, 34.0, 31.0, 32.0, 23.0, 3.0, 35.0, 31.0, 29.0, 21.0, 34.0, 24.0, 12.0, 14.0, 20.0, 28.0, 38.0, 2.0]
[2.5, 3.5, 2.5, 2.5, 3.5, 2.5, 2.5, 2.5, 5.0, 5.0, 9.0, 9.0, 3.0, 1.9999999999999998, 1.9999999999999998, 3.0, 1.9999999999999998, 3.0, 3.0, 1.9999999999999998, 1.9999999999999998, 1.2, 1.9999999999999998, 1.2, 1.9999999999999998, 1.2, 1.2, 1.9999999999999998]
[3.5, 2.5, 3.5, 3.5, 2.5, 3.5, 3.5, 3.5, 5.0, 5.0, 9.0, 9.0, 1.9999999999999998, 3.0, 3.0, 1.9999999999999998, 3.0, 1.9999999999999998, 1.9999999999999998, 3.0, 1.2, 1.9999999999999998, 1.2, 1.9999999999999998, 1.2, 1.9999999999999998, 1.9999999999999998, 1.2]
T = 0.08589934592000005	 step = 474
74.63
14.080456321022725
[14.0, 32.0, 17.0, 9.0, 19.0, 8.0, 9.0, 4.0, 24.0, 17.0, 33.0, 11.0, 19.0, 35.0, 35.0, 5.0, 30.0, 3.0, 25.0, 10.0, 38.0, 22.0, 24.0, 20.0, 23.0, 2.0, 25.0, 12.0]
[10.0, 18.0, 10.0, 14.0, 18.0, 26.0, 8.0, 10.0, 7.0, 23.0, 11.0, 34.0, 31.0, 32.0, 23.0, 3.0, 35.0, 31.0, 29.0, 21.0, 34.0, 24.0, 12.0, 14.0, 20.0, 27.0, 38.0, 2.0]
[2.5, 3.5, 2.5, 2.5, 3.5, 2.5, 2.5, 2.5, 5.0, 5.0, 9.0, 9.0, 3.0, 1.9999999999999998, 1.9999999999999998, 3.0, 1.9999999999999998, 3.0, 3.0, 1.9999999999999998, 1.9999999999999998, 1.2, 1.9999999999999998, 1.2, 1.9999999999999998, 1.2, 1.2, 1.9999999999999998]
[3.5, 2.5, 3.5, 3.5, 2.5, 3.5, 3.5, 3.5, 5.0, 5.0, 9.0, 9.0, 1.9999999999999998, 3.0, 3.0, 1.9999999999999998, 3.0, 1.9999999999999998, 1.9999999999999998, 3.0, 1.2, 1.9999999999999998, 1.2, 1.9999999999999998, 1.2, 1.9999999999999998, 1.9999999999999998, 1.2]
T = 0.08589934592000005	 step = 475
74.63
14.111706321022725
[14.0, 32.0, 17.0, 9.0, 19.0, 8.0, 9.0, 4.0, 24.0, 17.0, 33.0, 11.0, 19.0, 35.0, 35.0, 5.0, 31.0, 3.0, 25.0, 10.0, 38.0, 22.0, 24.0, 20.0, 23.0, 2.0, 25.0, 12.0]
[10.0, 18.0, 10.0, 14.0, 18.0, 26.0, 8.0, 10.0, 7.0, 23.0, 11.0, 34.0, 31.0, 32.0, 23.0, 3.0, 35.0, 31.0, 29.0, 21.0, 34.0, 24.0, 12.0, 14.0, 20.0, 27.0, 38.0, 2.0]
[2.5, 3.5, 2.5, 2.5, 3.5, 2.5, 2.5, 2.5, 5.0, 5.0, 9.0, 9.0, 3.0, 1.9999999999999998, 1.9999999999999998, 3.0, 1.9999999999999998, 3.0, 3.0, 1.9999999999999998, 1.9999999999999998, 1.2, 1.9999999999999998, 1.2, 1.9999999999999998, 1.2, 1.2, 1.9999999999999998]
[3.5, 2.5, 3.5, 3.5, 2.5, 3.5, 3.5, 3.5, 5.0, 5.0, 9.0, 9.0, 1.9999999999999998, 3.0, 3.0, 1.9999999999999998, 3.0, 1.9999999999999998, 1.9999999999999998, 3.0, 1.2, 1.9999999999999998, 1.2, 1.9999999999999998, 1.2, 1.9999999999999998, 1.9999999999999998, 1.2]
T = 0.08589934592000005	 step = 476
74.64000000000004
14.080456321022725
[14.0, 32.0, 17.0, 9.0, 19.0, 8.0, 9.0, 4.0, 24.0, 17.0, 33.0, 11.0, 19.0, 34.0, 35.0, 5.0, 31.0, 3.0, 25.0, 10.0, 38.0, 22.0, 24.0, 20.0, 23.0, 2.0, 25.0, 12.0]
[10.0, 18.0, 10.0, 14.0, 18.0, 26.0, 8.0, 10.0, 7.0, 23.0, 11.0, 34.0, 31.0, 32.0, 23.0, 3.0, 35.0, 31.0, 29.0, 21.0, 34.0, 24.0, 12.0, 14.0, 20.0, 27.0, 38.0, 2.0]
[2.5, 3.5, 2.5, 2.5, 3.5, 2.5, 2.5, 2.5, 5.0, 5.0, 9.0, 9.0, 3.0, 1.9999999999999998, 1.9999999999999998, 3.0, 1.9999999999999998, 3.0, 3.0, 1.9999999999999998, 1.9999999999999998, 1.2, 1.9999999999999998, 1.2, 1.9999999999999998, 1.2, 1.2, 1.9999999999999998]
[3.5, 2.5, 3.5, 3.5, 2.5, 3.5, 3.5, 3.5, 5.0, 5.0, 9.0, 9.0, 1.9999999999999998, 3.0, 3.0, 1.9999999999999998, 3.0, 1.9999999999999998, 1.9999999999999998, 3.0, 1.2, 1.9999999999999998, 1.2, 1.9999999999999998, 1.2, 1.9999999999999998, 1.9999999999999998, 1.2]
T = 0.08589934592000005	 step = 477
74.65000000000003
14.049206321022725
[14.0, 32.0, 17.0, 9.0, 19.0, 8.0, 9.0, 4.0, 24.0, 17.0, 33.0, 11.0, 19.0, 34.0, 35.0, 5.0, 31.0, 3.0, 25.0, 10.0, 38.0, 22.0, 24.0, 20.0, 23.0, 2.0, 25.0, 12.0]
[10.0, 18.0, 10.0, 14.0, 18.0, 26.0, 8.0, 10.0, 7.0, 23.0, 11.0, 34.0, 31.0, 32.0, 23.0, 4.0, 35.0, 31.0, 29.0, 21.0, 34.0, 24.0, 12.0, 14.0, 20.0, 27.0, 38.0, 2.0]
[2.5, 3.5, 2.5, 2.5, 3.5, 2.5, 2.5, 2.5, 5.0, 5.0, 9.0, 9.0, 3.0, 1.9999999999999998, 1.9999999999999998, 3.0, 1.9999999999999998, 3.0, 3.0, 1.9999999999999998, 1.9999999999999998, 1.2, 1.9999999999999998, 1.2, 1.9999999999999998, 1.2, 1.2, 1.9999999999999998]
[3.5, 2.5, 3.5, 3.5, 2.5, 3.5, 3.5, 3.5, 5.0, 5.0, 9.0, 9.0, 1.9999999999999998, 3.0, 3.0, 1.9999999999999998, 3.0, 1.9999999999999998, 1.9999999999999998, 3.0, 1.2, 1.9999999999999998, 1.2, 1.9999999999999998, 1.2, 1.9999999999999998, 1.9999999999999998, 1.2]
T = 0.08589934592000005	 step = 478
74.68
13.971081321022723
[14.0, 31.0, 17.0, 9.0, 19.0, 8.0, 9.0, 4.0, 24.0, 17.0, 33.0, 11.0, 19.0, 34.0, 35.0, 5.0, 31.0, 3.0, 25.0, 10.0, 38.0, 22.0, 24.0, 20.0, 23.0, 2.0, 25.0, 12.0]
[10.0, 18.0, 10.0, 14.0, 18.0, 26.0, 8.0, 10.0, 7.0, 23.0, 11.0, 34.0, 31.0, 32.0, 23.0, 4.0, 35.0, 31.0, 29.0, 21.0, 34.0, 24.0, 12.0, 14.0, 20.0, 27.0, 38.0, 2.0]
[2.5, 3.5, 2.5, 2.5, 3.5, 2.5, 2.5, 2.5, 5.0, 5.0, 9.0, 9.0, 3.0, 1.9999999999999998, 1.9999999999999998, 3.0, 1.9999999999999998, 3.0, 3.0, 1.9999999999999998, 1.9999999999999998, 1.2, 1.9999999999999998, 1.2, 1.9999999999999998, 1.2, 1.2, 1.9999999999999998]
[3.5, 2.5, 3.5, 3.5, 2.5, 3.5, 3.5, 3.5, 5.0, 5.0, 9.0, 9.0, 1.9999999999999998, 3.0, 3.0, 1.9999999999999998, 3.0, 1.9999999999999998, 1.9999999999999998, 3.0, 1.2, 1.9999999999999998, 1.2, 1.9999999999999998, 1.2, 1.9999999999999998, 1.9999999999999998, 1.2]
T = 0.08589934592000005	 step = 479
74.63
14.049206321022725
[14.0, 31.0, 17.0, 9.0, 19.0, 7.0, 9.0, 4.0, 24.0, 17.0, 33.0, 11.0, 19.0, 34.0, 35.0, 5.0, 31.0, 3.0, 25.0, 10.0, 38.0, 22.0, 24.0, 20.0, 23.0, 2.0, 25.0, 12.0]
[10.0, 18.0, 10.0, 14.0, 18.0, 26.0, 8.0, 10.0, 7.0, 23.0, 11.0, 34.0, 31.0, 32.0, 23.0, 4.0, 35.0, 31.0, 29.0, 21.0, 34.0, 24.0, 12.0, 14.0, 20.0, 27.0, 38.0, 2.0]
[2.5, 3.5, 2.5, 2.5, 3.5, 2.5, 2.5, 2.5, 5.0, 5.0, 9.0, 9.0, 3.0, 1.9999999999999998, 1.9999999999999998, 3.0, 1.9999999999999998, 3.0, 3.0, 1.9999999999999998, 1.9999999999999998, 1.2, 1.9999999999999998, 1.2, 1.9999999999999998, 1.2, 1.2, 1.9999999999999998]
[3.5, 2.5, 3.5, 3.5, 2.5, 3.5, 3.5, 3.5, 5.0, 5.0, 9.0, 9.0, 1.9999999999999998, 3.0, 3.0, 1.9999999999999998, 3.0, 1.9999999999999998, 1.9999999999999998, 3.0, 1.2, 1.9999999999999998, 1.2, 1.9999999999999998, 1.2, 1.9999999999999998, 1.9999999999999998, 1.2]
T = 0.08589934592000005	 step = 480
74.63
14.017956321022725
[14.0, 31.0, 17.0, 9.0, 19.0, 7.0, 9.0, 4.0, 24.0, 17.0, 33.0, 11.0, 19.0, 34.0, 35.0, 5.0, 31.0, 3.0, 25.0, 10.0, 38.0, 22.0, 24.0, 20.0, 23.0, 2.0, 25.0, 12.0]
[10.0, 18.0, 10.0, 14.0, 18.0, 26.0, 8.0, 10.0, 7.0, 23.0, 11.0, 34.0, 31.0, 32.0, 22.0, 4.0, 35.0, 31.0, 29.0, 21.0, 34.0, 24.0, 12.0, 14.0, 20.0, 27.0, 38.0, 2.0]
[2.5, 3.5, 2.5, 2.5, 3.5, 2.5, 2.5, 2.5, 5.0, 5.0, 9.0, 9.0, 3.0, 1.9999999999999998, 1.9999999999999998, 3.0, 1.9999999999999998, 3.0, 3.0, 1.9999999999999998, 1.9999999999999998, 1.2, 1.9999999999999998, 1.2, 1.9999999999999998, 1.2, 1.2, 1.9999999999999998]
[3.5, 2.5, 3.5, 3.5, 2.5, 3.5, 3.5, 3.5, 5.0, 5.0, 9.0, 9.0, 1.9999999999999998, 3.0, 3.0, 1.9999999999999998, 3.0, 1.9999999999999998, 1.9999999999999998, 3.0, 1.2, 1.9999999999999998, 1.2, 1.9999999999999998, 1.2, 1.9999999999999998, 1.9999999999999998, 1.2]
T = 0.08589934592000005	 step = 481
74.59000000000003
14.142956321022725
[14.0, 31.0, 17.0, 9.0, 19.0, 7.0, 9.0, 4.0, 24.0, 17.0, 34.0, 11.0, 19.0, 34.0, 35.0, 5.0, 31.0, 3.0, 25.0, 10.0, 38.0, 22.0, 24.0, 20.0, 23.0, 2.0, 25.0, 12.0]
[10.0, 18.0, 10.0, 14.0, 18.0, 26.0, 8.0, 10.0, 7.0, 23.0, 11.0, 34.0, 31.0, 32.0, 22.0, 4.0, 35.0, 31.0, 29.0, 21.0, 34.0, 24.0, 12.0, 14.0, 20.0, 27.0, 38.0, 2.0]
[2.5, 3.5, 2.5, 2.5, 3.5, 2.5, 2.5, 2.5, 5.0, 5.0, 9.0, 9.0, 3.0, 1.9999999999999998, 1.9999999999999998, 3.0, 1.9999999999999998, 3.0, 3.0, 1.9999999999999998, 1.9999999999999998, 1.2, 1.9999999999999998, 1.2, 1.9999999999999998, 1.2, 1.2, 1.9999999999999998]
[3.5, 2.5, 3.5, 3.5, 2.5, 3.5, 3.5, 3.5, 5.0, 5.0, 9.0, 9.0, 1.9999999999999998, 3.0, 3.0, 1.9999999999999998, 3.0, 1.9999999999999998, 1.9999999999999998, 3.0, 1.2, 1.9999999999999998, 1.2, 1.9999999999999998, 1.2, 1.9999999999999998, 1.9999999999999998, 1.2]
T = 0.06871947673600004	 step = 482
74.58000000000004
14.127331321022725
[14.0, 31.0, 17.0, 9.0, 19.0, 7.0, 9.0, 4.0, 24.0, 17.0, 34.0, 11.0, 19.0, 34.0, 35.0, 5.0, 31.0, 3.0, 25.0, 10.0, 38.0, 22.0, 24.0, 20.0, 23.0, 2.0, 25.0, 12.0]
[10.0, 18.0, 10.0, 14.0, 18.0, 26.0, 8.0, 10.0, 7.0, 23.0, 11.0, 34.0, 31.0, 32.0, 22.0, 4.0, 35.0, 31.0, 29.0, 21.0, 34.0, 25.0, 12.0, 14.0, 20.0, 27.0, 38.0, 2.0]
[2.5, 3.5, 2.5, 2.5, 3.5, 2.5, 2.5, 2.5, 5.0, 5.0, 9.0, 9.0, 3.0, 1.9999999999999998, 1.9999999999999998, 3.0, 1.9999999999999998, 3.0, 3.0, 1.9999999999999998, 1.9999999999999998, 1.2, 1.9999999999999998, 1.2, 1.9999999999999998, 1.2, 1.2, 1.9999999999999998]
[3.5, 2.5, 3.5, 3.5, 2.5, 3.5, 3.5, 3.5, 5.0, 5.0, 9.0, 9.0, 1.9999999999999998, 3.0, 3.0, 1.9999999999999998, 3.0, 1.9999999999999998, 1.9999999999999998, 3.0, 1.2, 1.9999999999999998, 1.2, 1.9999999999999998, 1.2, 1.9999999999999998, 1.9999999999999998, 1.2]
T = 0.06871947673600004	 step = 483
74.62
14.142956321022725
[14.0, 31.0, 17.0, 9.0, 19.0, 7.0, 9.0, 4.0, 24.0, 17.0, 34.0, 11.0, 19.0, 34.0, 35.0, 5.0, 31.0, 3.0, 25.0, 10.0, 38.0, 22.0, 24.0, 20.0, 23.0, 2.0, 25.0, 12.0]
[11.0, 18.0, 10.0, 14.0, 18.0, 26.0, 8.0, 10.0, 7.0, 23.0, 11.0, 34.0, 31.0, 32.0, 22.0, 4.0, 35.0, 31.0, 29.0, 21.0, 34.0, 25.0, 12.0, 14.0, 20.0, 27.0, 38.0, 2.0]
[2.5, 3.5, 2.5, 2.5, 3.5, 2.5, 2.5, 2.5, 5.0, 5.0, 9.0, 9.0, 3.0, 1.9999999999999998, 1.9999999999999998, 3.0, 1.9999999999999998, 3.0, 3.0, 1.9999999999999998, 1.9999999999999998, 1.2, 1.9999999999999998, 1.2, 1.9999999999999998, 1.2, 1.2, 1.9999999999999998]
[3.5, 2.5, 3.5, 3.5, 2.5, 3.5, 3.5, 3.5, 5.0, 5.0, 9.0, 9.0, 1.9999999999999998, 3.0, 3.0, 1.9999999999999998, 3.0, 1.9999999999999998, 1.9999999999999998, 3.0, 1.2, 1.9999999999999998, 1.2, 1.9999999999999998, 1.2, 1.9999999999999998, 1.9999999999999998, 1.2]
T = 0.06871947673600004	 step = 484
74.61000000000001
14.142956321022725
[14.0, 31.0, 17.0, 9.0, 19.0, 7.0, 9.0, 4.0, 24.0, 17.0, 34.0, 11.0, 20.0, 34.0, 35.0, 5.0, 31.0, 3.0, 25.0, 10.0, 38.0, 22.0, 24.0, 20.0, 23.0, 2.0, 25.0, 12.0]
[11.0, 18.0, 10.0, 14.0, 18.0, 26.0, 8.0, 10.0, 7.0, 23.0, 11.0, 34.0, 31.0, 32.0, 22.0, 4.0, 35.0, 31.0, 29.0, 21.0, 34.0, 25.0, 12.0, 14.0, 20.0, 27.0, 38.0, 2.0]
[2.5, 3.5, 2.5, 2.5, 3.5, 2.5, 2.5, 2.5, 5.0, 5.0, 9.0, 9.0, 3.0, 1.9999999999999998, 1.9999999999999998, 3.0, 1.9999999999999998, 3.0, 3.0, 1.9999999999999998, 1.9999999999999998, 1.2, 1.9999999999999998, 1.2, 1.9999999999999998, 1.2, 1.2, 1.9999999999999998]
[3.5, 2.5, 3.5, 3.5, 2.5, 3.5, 3.5, 3.5, 5.0, 5.0, 9.0, 9.0, 1.9999999999999998, 3.0, 3.0, 1.9999999999999998, 3.0, 1.9999999999999998, 1.9999999999999998, 3.0, 1.2, 1.9999999999999998, 1.2, 1.9999999999999998, 1.2, 1.9999999999999998, 1.9999999999999998, 1.2]
T = 0.06871947673600004	 step = 485
74.61000000000001
14.158581321022725
[14.0, 31.0, 17.0, 9.0, 19.0, 7.0, 9.0, 4.0, 24.0, 17.0, 34.0, 11.0, 20.0, 34.0, 35.0, 5.0, 31.0, 3.0, 25.0, 10.0, 38.0, 22.0, 23.0, 20.0, 23.0, 2.0, 25.0, 12.0]
[11.0, 18.0, 10.0, 14.0, 18.0, 26.0, 8.0, 10.0, 7.0, 23.0, 11.0, 34.0, 31.0, 32.0, 22.0, 4.0, 35.0, 31.0, 29.0, 21.0, 34.0, 25.0, 12.0, 14.0, 20.0, 27.0, 38.0, 2.0]
[2.5, 3.5, 2.5, 2.5, 3.5, 2.5, 2.5, 2.5, 5.0, 5.0, 9.0, 9.0, 3.0, 1.9999999999999998, 1.9999999999999998, 3.0, 1.9999999999999998, 3.0, 3.0, 1.9999999999999998, 1.9999999999999998, 1.2, 1.9999999999999998, 1.2, 1.9999999999999998, 1.2, 1.2, 1.9999999999999998]
[3.5, 2.5, 3.5, 3.5, 2.5, 3.5, 3.5, 3.5, 5.0, 5.0, 9.0, 9.0, 1.9999999999999998, 3.0, 3.0, 1.9999999999999998, 3.0, 1.9999999999999998, 1.9999999999999998, 3.0, 1.2, 1.9999999999999998, 1.2, 1.9999999999999998, 1.2, 1.9999999999999998, 1.9999999999999998, 1.2]
T = 0.06871947673600004	 step = 486
74.60000000000002
14.142956321022725
[14.0, 31.0, 17.0, 9.0, 19.0, 7.0, 9.0, 4.0, 25.0, 17.0, 34.0, 11.0, 20.0, 34.0, 35.0, 5.0, 31.0, 3.0, 25.0, 10.0, 38.0, 22.0, 24.0, 20.0, 23.0, 2.0, 25.0, 12.0]
[11.0, 18.0, 10.0, 14.0, 18.0, 26.0, 8.0, 10.0, 7.0, 23.0, 11.0, 34.0, 31.0, 32.0, 22.0, 4.0, 35.0, 31.0, 29.0, 21.0, 34.0, 25.0, 12.0, 14.0, 20.0, 27.0, 38.0, 2.0]
[2.5, 3.5, 2.5, 2.5, 3.5, 2.5, 2.5, 2.5, 5.0, 5.0, 9.0, 9.0, 3.0, 1.9999999999999998, 1.9999999999999998, 3.0, 1.9999999999999998, 3.0, 3.0, 1.9999999999999998, 1.9999999999999998, 1.2, 1.9999999999999998, 1.2, 1.9999999999999998, 1.2, 1.2, 1.9999999999999998]
[3.5, 2.5, 3.5, 3.5, 2.5, 3.5, 3.5, 3.5, 5.0, 5.0, 9.0, 9.0, 1.9999999999999998, 3.0, 3.0, 1.9999999999999998, 3.0, 1.9999999999999998, 1.9999999999999998, 3.0, 1.2, 1.9999999999999998, 1.2, 1.9999999999999998, 1.2, 1.9999999999999998, 1.9999999999999998, 1.2]
T = 0.06871947673600004	 step = 487
74.21000000000004
14.080456321022723
[14.0, 31.0, 17.0, 9.0, 19.0, 7.0, 9.0, 4.0, 25.0, 17.0, 34.0, 11.0, 20.0, 34.0, 35.0, 5.0, 31.0, 3.0, 25.0, 10.0, 38.0, 22.0, 24.0, 20.0, 23.0, 2.0, 25.0, 12.0]
[11.0, 18.0, 10.0, 14.0, 18.0, 26.0, 8.0, 10.0, 7.0, 24.0, 11.0, 34.0, 31.0, 32.0, 22.0, 4.0, 35.0, 31.0, 29.0, 21.0, 34.0, 25.0, 12.0, 14.0, 20.0, 27.0, 38.0, 2.0]
[2.5, 3.5, 2.5, 2.5, 3.5, 2.5, 2.5, 2.5, 5.0, 5.0, 9.0, 9.0, 3.0, 1.9999999999999998, 1.9999999999999998, 3.0, 1.9999999999999998, 3.0, 3.0, 1.9999999999999998, 1.9999999999999998, 1.2, 1.9999999999999998, 1.2, 1.9999999999999998, 1.2, 1.2, 1.9999999999999998]
[3.5, 2.5, 3.5, 3.5, 2.5, 3.5, 3.5, 3.5, 5.0, 5.0, 9.0, 9.0, 1.9999999999999998, 3.0, 3.0, 1.9999999999999998, 3.0, 1.9999999999999998, 1.9999999999999998, 3.0, 1.2, 1.9999999999999998, 1.2, 1.9999999999999998, 1.2, 1.9999999999999998, 1.9999999999999998, 1.2]
T = 0.06871947673600004	 step = 488
74.20000000000005
14.111706321022723
[14.0, 31.0, 17.0, 9.0, 19.0, 7.0, 9.0, 4.0, 25.0, 17.0, 34.0, 11.0, 20.0, 34.0, 35.0, 5.0, 31.0, 3.0, 25.0, 10.0, 38.0, 22.0, 24.0, 20.0, 23.0, 2.0, 25.0, 12.0]
[11.0, 18.0, 10.0, 14.0, 18.0, 26.0, 8.0, 10.0, 7.0, 24.0, 11.0, 34.0, 31.0, 32.0, 22.0, 3.0, 35.0, 31.0, 29.0, 21.0, 34.0, 25.0, 12.0, 14.0, 20.0, 27.0, 38.0, 2.0]
[2.5, 3.5, 2.5, 2.5, 3.5, 2.5, 2.5, 2.5, 5.0, 5.0, 9.0, 9.0, 3.0, 1.9999999999999998, 1.9999999999999998, 3.0, 1.9999999999999998, 3.0, 3.0, 1.9999999999999998, 1.9999999999999998, 1.2, 1.9999999999999998, 1.2, 1.9999999999999998, 1.2, 1.2, 1.9999999999999998]
[3.5, 2.5, 3.5, 3.5, 2.5, 3.5, 3.5, 3.5, 5.0, 5.0, 9.0, 9.0, 1.9999999999999998, 3.0, 3.0, 1.9999999999999998, 3.0, 1.9999999999999998, 1.9999999999999998, 3.0, 1.2, 1.9999999999999998, 1.2, 1.9999999999999998, 1.2, 1.9999999999999998, 1.9999999999999998, 1.2]
T = 0.06871947673600004	 step = 489
74.19
14.111635298295452
[14.0, 31.0, 17.0, 9.0, 19.0, 7.0, 9.0, 4.0, 25.0, 17.0, 34.0, 11.0, 20.0, 34.0, 35.0, 5.0, 31.0, 3.0, 25.0, 10.0, 38.0, 22.0, 24.0, 20.0, 23.0, 2.0, 26.0, 12.0]
[11.0, 18.0, 10.0, 14.0, 18.0, 26.0, 8.0, 10.0, 7.0, 24.0, 11.0, 34.0, 31.0, 32.0, 22.0, 3.0, 35.0, 31.0, 29.0, 21.0, 34.0, 25.0, 12.0, 14.0, 20.0, 27.0, 38.0, 2.0]
[2.5, 3.5, 2.5, 2.5, 3.5, 2.5, 2.5, 2.5, 5.0, 5.0, 9.0, 9.0, 3.0, 1.9999999999999998, 1.9999999999999998, 3.0, 1.9999999999999998, 3.0, 3.0, 1.9999999999999998, 1.9999999999999998, 1.2, 1.9999999999999998, 1.2, 1.9999999999999998, 1.2, 1.2, 1.9999999999999998]
[3.5, 2.5, 3.5, 3.5, 2.5, 3.5, 3.5, 3.5, 5.0, 5.0, 9.0, 9.0, 1.9999999999999998, 3.0, 3.0, 1.9999999999999998, 3.0, 1.9999999999999998, 1.9999999999999998, 3.0, 1.2, 1.9999999999999998, 1.2, 1.9999999999999998, 1.2, 1.9999999999999998, 1.9999999999999998, 1.2]
T = 0.06871947673600004	 step = 490
74.18
14.142885298295452
[14.0, 31.0, 17.0, 9.0, 19.0, 7.0, 9.0, 4.0, 25.0, 17.0, 34.0, 11.0, 20.0, 34.0, 35.0, 5.0, 31.0, 3.0, 25.0, 10.0, 38.0, 22.0, 24.0, 20.0, 23.0, 2.0, 26.0, 12.0]
[11.0, 18.0, 10.0, 14.0, 18.0, 26.0, 8.0, 10.0, 7.0, 24.0, 11.0, 34.0, 31.0, 32.0, 22.0, 3.0, 35.0, 32.0, 29.0, 21.0, 34.0, 25.0, 12.0, 14.0, 20.0, 27.0, 38.0, 2.0]
[2.5, 3.5, 2.5, 2.5, 3.5, 2.5, 2.5, 2.5, 5.0, 5.0, 9.0, 9.0, 3.0, 1.9999999999999998, 1.9999999999999998, 3.0, 1.9999999999999998, 3.0, 3.0, 1.9999999999999998, 1.9999999999999998, 1.2, 1.9999999999999998, 1.2, 1.9999999999999998, 1.2, 1.2, 1.9999999999999998]
[3.5, 2.5, 3.5, 3.5, 2.5, 3.5, 3.5, 3.5, 5.0, 5.0, 9.0, 9.0, 1.9999999999999998, 3.0, 3.0, 1.9999999999999998, 3.0, 1.9999999999999998, 1.9999999999999998, 3.0, 1.2, 1.9999999999999998, 1.2, 1.9999999999999998, 1.2, 1.9999999999999998, 1.9999999999999998, 1.2]
T = 0.06871947673600004	 step = 491
73.96000000000004
14.025896661931814
[14.0, 31.0, 17.0, 9.0, 19.0, 7.0, 9.0, 4.0, 25.0, 17.0, 34.0, 11.0, 20.0, 34.0, 35.0, 5.0, 31.0, 3.0, 25.0, 10.0, 38.0, 38.0, 24.0, 20.0, 23.0, 2.0, 26.0, 12.0]
[11.0, 18.0, 10.0, 14.0, 18.0, 26.0, 8.0, 10.0, 7.0, 24.0, 11.0, 34.0, 31.0, 32.0, 22.0, 3.0, 35.0, 32.0, 29.0, 21.0, 34.0, 23.0, 12.0, 14.0, 20.0, 27.0, 38.0, 2.0]
[2.5, 3.5, 2.5, 2.5, 3.5, 2.5, 2.5, 2.5, 5.0, 5.0, 9.0, 9.0, 3.0, 1.9999999999999998, 1.9999999999999998, 3.0, 1.9999999999999998, 3.0, 3.0, 1.9999999999999998, 1.9999999999999998, 1.9999999999999998, 1.9999999999999998, 1.2, 1.9999999999999998, 1.2, 1.2, 1.9999999999999998]
[3.5, 2.5, 3.5, 3.5, 2.5, 3.5, 3.5, 3.5, 5.0, 5.0, 9.0, 9.0, 1.9999999999999998, 3.0, 3.0, 1.9999999999999998, 3.0, 1.9999999999999998, 1.9999999999999998, 3.0, 1.2, 1.2, 1.2, 1.9999999999999998, 1.2, 1.9999999999999998, 1.9999999999999998, 1.2]
T = 0.06871947673600004	 step = 492
73.96000000000004
13.979021661931814
[14.0, 31.0, 18.0, 9.0, 19.0, 7.0, 9.0, 4.0, 25.0, 17.0, 34.0, 11.0, 20.0, 34.0, 35.0, 5.0, 31.0, 3.0, 25.0, 10.0, 38.0, 38.0, 24.0, 20.0, 23.0, 2.0, 26.0, 12.0]
[11.0, 18.0, 10.0, 14.0, 18.0, 26.0, 8.0, 10.0, 7.0, 24.0, 11.0, 34.0, 31.0, 32.0, 22.0, 3.0, 35.0, 32.0, 29.0, 21.0, 34.0, 23.0, 12.0, 14.0, 20.0, 27.0, 38.0, 2.0]
[2.5, 3.5, 2.5, 2.5, 3.5, 2.5, 2.5, 2.5, 5.0, 5.0, 9.0, 9.0, 3.0, 1.9999999999999998, 1.9999999999999998, 3.0, 1.9999999999999998, 3.0, 3.0, 1.9999999999999998, 1.9999999999999998, 1.9999999999999998, 1.9999999999999998, 1.2, 1.9999999999999998, 1.2, 1.2, 1.9999999999999998]
[3.5, 2.5, 3.5, 3.5, 2.5, 3.5, 3.5, 3.5, 5.0, 5.0, 9.0, 9.0, 1.9999999999999998, 3.0, 3.0, 1.9999999999999998, 3.0, 1.9999999999999998, 1.9999999999999998, 3.0, 1.2, 1.2, 1.2, 1.9999999999999998, 1.2, 1.9999999999999998, 1.9999999999999998, 1.2]
T = 0.06871947673600004	 step = 493
73.81
15.02434659090909
[14.0, 37.0, 18.0, 9.0, 19.0, 7.0, 9.0, 4.0, 25.0, 17.0, 34.0, 11.0, 20.0, 34.0, 35.0, 5.0, 31.0, 3.0, 25.0, 10.0, 38.0, 38.0, 24.0, 20.0, 23.0, 2.0, 26.0, 12.0]
[11.0, 28.0, 10.0, 14.0, 18.0, 26.0, 8.0, 10.0, 7.0, 24.0, 11.0, 34.0, 31.0, 32.0, 22.0, 3.0, 35.0, 32.0, 29.0, 21.0, 34.0, 23.0, 12.0, 14.0, 20.0, 27.0, 38.0, 2.0]
[2.5, 2.5, 2.5, 2.5, 3.5, 2.5, 2.5, 2.5, 5.0, 5.0, 9.0, 9.0, 3.0, 1.9999999999999998, 1.9999999999999998, 3.0, 1.9999999999999998, 3.0, 3.0, 1.9999999999999998, 1.9999999999999998, 1.9999999999999998, 1.9999999999999998, 1.2, 1.9999999999999998, 1.2, 1.2, 1.9999999999999998]
[3.5, 3.5, 3.5, 3.5, 2.5, 3.5, 3.5, 3.5, 5.0, 5.0, 9.0, 9.0, 1.9999999999999998, 3.0, 3.0, 1.9999999999999998, 3.0, 1.9999999999999998, 1.9999999999999998, 3.0, 1.2, 1.2, 1.2, 1.9999999999999998, 1.2, 1.9999999999999998, 1.9999999999999998, 1.2]
T = 0.06871947673600004	 step = 494
73.96000000000004
14.025896661931814
[14.0, 31.0, 17.0, 9.0, 19.0, 7.0, 9.0, 4.0, 25.0, 17.0, 34.0, 11.0, 20.0, 34.0, 35.0, 5.0, 31.0, 3.0, 25.0, 10.0, 38.0, 38.0, 24.0, 20.0, 23.0, 2.0, 26.0, 12.0]
[11.0, 18.0, 10.0, 14.0, 18.0, 26.0, 8.0, 10.0, 7.0, 24.0, 11.0, 34.0, 31.0, 32.0, 22.0, 3.0, 35.0, 32.0, 29.0, 21.0, 34.0, 23.0, 12.0, 14.0, 20.0, 27.0, 38.0, 2.0]
[2.5, 3.5, 2.5, 2.5, 3.5, 2.5, 2.5, 2.5, 5.0, 5.0, 9.0, 9.0, 3.0, 1.9999999999999998, 1.9999999999999998, 3.0, 1.9999999999999998, 3.0, 3.0, 1.9999999999999998, 1.9999999999999998, 1.9999999999999998, 1.9999999999999998, 1.2, 1.9999999999999998, 1.2, 1.2, 1.9999999999999998]
[3.5, 2.5, 3.5, 3.5, 2.5, 3.5, 3.5, 3.5, 5.0, 5.0, 9.0, 9.0, 1.9999999999999998, 3.0, 3.0, 1.9999999999999998, 3.0, 1.9999999999999998, 1.9999999999999998, 3.0, 1.2, 1.2, 1.2, 1.9999999999999998, 1.2, 1.9999999999999998, 1.9999999999999998, 1.2]
T = 0.06871947673600004	 step = 495
73.95000000000005
14.041521661931817
[14.0, 31.0, 17.0, 9.0, 19.0, 7.0, 9.0, 4.0, 25.0, 17.0, 34.0, 11.0, 20.0, 34.0, 35.0, 5.0, 31.0, 3.0, 25.0, 10.0, 38.0, 38.0, 24.0, 21.0, 23.0, 2.0, 26.0, 12.0]
[11.0, 18.0, 10.0, 14.0, 18.0, 26.0, 8.0, 10.0, 7.0, 24.0, 11.0, 34.0, 31.0, 32.0, 22.0, 3.0, 35.0, 32.0, 29.0, 21.0, 34.0, 23.0, 12.0, 14.0, 20.0, 27.0, 38.0, 2.0]
[2.5, 3.5, 2.5, 2.5, 3.5, 2.5, 2.5, 2.5, 5.0, 5.0, 9.0, 9.0, 3.0, 1.9999999999999998, 1.9999999999999998, 3.0, 1.9999999999999998, 3.0, 3.0, 1.9999999999999998, 1.9999999999999998, 1.9999999999999998, 1.9999999999999998, 1.2, 1.9999999999999998, 1.2, 1.2, 1.9999999999999998]
[3.5, 2.5, 3.5, 3.5, 2.5, 3.5, 3.5, 3.5, 5.0, 5.0, 9.0, 9.0, 1.9999999999999998, 3.0, 3.0, 1.9999999999999998, 3.0, 1.9999999999999998, 1.9999999999999998, 3.0, 1.2, 1.2, 1.2, 1.9999999999999998, 1.2, 1.9999999999999998, 1.9999999999999998, 1.2]
T = 0.06871947673600004	 step = 496
74.07000000000005
14.268786399147727
[14.0, 31.0, 17.0, 9.0, 19.0, 7.0, 9.0, 4.0, 25.0, 17.0, 34.0, 11.0, 20.0, 34.0, 35.0, 5.0, 31.0, 3.0, 25.0, 10.0, 38.0, 38.0, 24.0, 21.0, 23.0, 2.0, 14.0, 12.0]
[11.0, 18.0, 10.0, 14.0, 18.0, 26.0, 8.0, 10.0, 7.0, 24.0, 11.0, 34.0, 31.0, 32.0, 22.0, 3.0, 35.0, 32.0, 29.0, 21.0, 34.0, 23.0, 12.0, 14.0, 20.0, 27.0, 17.0, 2.0]
[2.5, 3.5, 2.5, 2.5, 3.5, 2.5, 2.5, 2.5, 5.0, 5.0, 9.0, 9.0, 3.0, 1.9999999999999998, 1.9999999999999998, 3.0, 1.9999999999999998, 3.0, 3.0, 1.9999999999999998, 1.9999999999999998, 1.9999999999999998, 1.9999999999999998, 1.2, 1.9999999999999998, 1.2, 1.9999999999999998, 1.9999999999999998]
[3.5, 2.5, 3.5, 3.5, 2.5, 3.5, 3.5, 3.5, 5.0, 5.0, 9.0, 9.0, 1.9999999999999998, 3.0, 3.0, 1.9999999999999998, 3.0, 1.9999999999999998, 1.9999999999999998, 3.0, 1.2, 1.2, 1.2, 1.9999999999999998, 1.2, 1.9999999999999998, 1.2, 1.2]
T = 0.06871947673600004	 step = 497
74.08000000000004
14.237536399147727
[14.0, 31.0, 17.0, 9.0, 19.0, 7.0, 9.0, 4.0, 25.0, 17.0, 34.0, 11.0, 20.0, 34.0, 35.0, 6.0, 31.0, 3.0, 25.0, 10.0, 38.0, 38.0, 24.0, 21.0, 23.0, 2.0, 14.0, 12.0]
[11.0, 18.0, 10.0, 14.0, 18.0, 26.0, 8.0, 10.0, 7.0, 24.0, 11.0, 34.0, 31.0, 32.0, 22.0, 3.0, 35.0, 32.0, 29.0, 21.0, 34.0, 23.0, 12.0, 14.0, 20.0, 27.0, 17.0, 2.0]
[2.5, 3.5, 2.5, 2.5, 3.5, 2.5, 2.5, 2.5, 5.0, 5.0, 9.0, 9.0, 3.0, 1.9999999999999998, 1.9999999999999998, 3.0, 1.9999999999999998, 3.0, 3.0, 1.9999999999999998, 1.9999999999999998, 1.9999999999999998, 1.9999999999999998, 1.2, 1.9999999999999998, 1.2, 1.9999999999999998, 1.9999999999999998]
[3.5, 2.5, 3.5, 3.5, 2.5, 3.5, 3.5, 3.5, 5.0, 5.0, 9.0, 9.0, 1.9999999999999998, 3.0, 3.0, 1.9999999999999998, 3.0, 1.9999999999999998, 1.9999999999999998, 3.0, 1.2, 1.2, 1.2, 1.9999999999999998, 1.2, 1.9999999999999998, 1.2, 1.2]
T = 0.06871947673600004	 step = 498
74.06
14.268786399147727
[14.0, 31.0, 17.0, 9.0, 19.0, 7.0, 9.0, 4.0, 25.0, 17.0, 34.0, 11.0, 20.0, 34.0, 35.0, 6.0, 31.0, 3.0, 25.0, 10.0, 38.0, 38.0, 24.0, 21.0, 23.0, 2.0, 14.0, 12.0]
[11.0, 18.0, 10.0, 14.0, 18.0, 26.0, 8.0, 10.0, 7.0, 24.0, 11.0, 34.0, 31.0, 32.0, 22.0, 3.0, 35.0, 32.0, 30.0, 21.0, 34.0, 23.0, 12.0, 14.0, 20.0, 27.0, 17.0, 2.0]
[2.5, 3.5, 2.5, 2.5, 3.5, 2.5, 2.5, 2.5, 5.0, 5.0, 9.0, 9.0, 3.0, 1.9999999999999998, 1.9999999999999998, 3.0, 1.9999999999999998, 3.0, 3.0, 1.9999999999999998, 1.9999999999999998, 1.9999999999999998, 1.9999999999999998, 1.2, 1.9999999999999998, 1.2, 1.9999999999999998, 1.9999999999999998]
[3.5, 2.5, 3.5, 3.5, 2.5, 3.5, 3.5, 3.5, 5.0, 5.0, 9.0, 9.0, 1.9999999999999998, 3.0, 3.0, 1.9999999999999998, 3.0, 1.9999999999999998, 1.9999999999999998, 3.0, 1.2, 1.2, 1.2, 1.9999999999999998, 1.2, 1.9999999999999998, 1.2, 1.2]
T = 0.06871947673600004	 step = 499
74.04000000000002
14.300036399147727
[14.0, 31.0, 17.0, 9.0, 19.0, 7.0, 9.0, 4.0, 25.0, 17.0, 34.0, 11.0, 20.0, 34.0, 35.0, 6.0, 31.0, 3.0, 26.0, 10.0, 38.0, 38.0, 24.0, 21.0, 23.0, 2.0, 14.0, 12.0]
[11.0, 18.0, 10.0, 14.0, 18.0, 26.0, 8.0, 10.0, 7.0, 24.0, 11.0, 34.0, 31.0, 32.0, 22.0, 3.0, 35.0, 32.0, 30.0, 21.0, 34.0, 23.0, 12.0, 14.0, 20.0, 27.0, 17.0, 2.0]
[2.5, 3.5, 2.5, 2.5, 3.5, 2.5, 2.5, 2.5, 5.0, 5.0, 9.0, 9.0, 3.0, 1.9999999999999998, 1.9999999999999998, 3.0, 1.9999999999999998, 3.0, 3.0, 1.9999999999999998, 1.9999999999999998, 1.9999999999999998, 1.9999999999999998, 1.2, 1.9999999999999998, 1.2, 1.9999999999999998, 1.9999999999999998]
[3.5, 2.5, 3.5, 3.5, 2.5, 3.5, 3.5, 3.5, 5.0, 5.0, 9.0, 9.0, 1.9999999999999998, 3.0, 3.0, 1.9999999999999998, 3.0, 1.9999999999999998, 1.9999999999999998, 3.0, 1.2, 1.2, 1.2, 1.9999999999999998, 1.2, 1.9999999999999998, 1.2, 1.2]
T = 0.06871947673600004	 step = 500
74.04000000000002
14.331286399147727
[14.0, 31.0, 17.0, 9.0, 19.0, 7.0, 9.0, 4.0, 25.0, 17.0, 34.0, 11.0, 20.0, 34.0, 35.0, 6.0, 31.0, 3.0, 26.0, 10.0, 38.0, 38.0, 24.0, 21.0, 23.0, 2.0, 14.0, 12.0]
[11.0, 18.0, 10.0, 14.0, 18.0, 26.0, 8.0, 10.0, 7.0, 24.0, 11.0, 34.0, 31.0, 32.0, 23.0, 3.0, 35.0, 32.0, 30.0, 21.0, 34.0, 23.0, 12.0, 14.0, 20.0, 27.0, 17.0, 2.0]
[2.5, 3.5, 2.5, 2.5, 3.5, 2.5, 2.5, 2.5, 5.0, 5.0, 9.0, 9.0, 3.0, 1.9999999999999998, 1.9999999999999998, 3.0, 1.9999999999999998, 3.0, 3.0, 1.9999999999999998, 1.9999999999999998, 1.9999999999999998, 1.9999999999999998, 1.2, 1.9999999999999998, 1.2, 1.9999999999999998, 1.9999999999999998]
[3.5, 2.5, 3.5, 3.5, 2.5, 3.5, 3.5, 3.5, 5.0, 5.0, 9.0, 9.0, 1.9999999999999998, 3.0, 3.0, 1.9999999999999998, 3.0, 1.9999999999999998, 1.9999999999999998, 3.0, 1.2, 1.2, 1.2, 1.9999999999999998, 1.2, 1.9999999999999998, 1.2, 1.2]
T = 0.06871947673600004	 step = 501
74.16000000000003
14.143786399147727
[14.0, 31.0, 17.0, 9.0, 19.0, 7.0, 9.0, 4.0, 25.0, 17.0, 34.0, 11.0, 20.0, 34.0, 27.0, 6.0, 31.0, 3.0, 26.0, 10.0, 38.0, 38.0, 24.0, 21.0, 23.0, 2.0, 14.0, 12.0]
[11.0, 18.0, 10.0, 14.0, 18.0, 26.0, 8.0, 10.0, 7.0, 24.0, 11.0, 34.0, 31.0, 32.0, 25.0, 3.0, 35.0, 32.0, 30.0, 21.0, 34.0, 23.0, 12.0, 14.0, 20.0, 27.0, 17.0, 2.0]
[2.5, 3.5, 2.5, 2.5, 3.5, 2.5, 2.5, 2.5, 5.0, 5.0, 9.0, 9.0, 3.0, 1.9999999999999998, 1.9999999999999998, 3.0, 1.9999999999999998, 3.0, 3.0, 1.9999999999999998, 1.9999999999999998, 1.9999999999999998, 1.9999999999999998, 1.2, 1.9999999999999998, 1.2, 1.9999999999999998, 1.9999999999999998]
[3.5, 2.5, 3.5, 3.5, 2.5, 3.5, 3.5, 3.5, 5.0, 5.0, 9.0, 9.0, 1.9999999999999998, 3.0, 3.0, 1.9999999999999998, 3.0, 1.9999999999999998, 1.9999999999999998, 3.0, 1.2, 1.2, 1.2, 1.9999999999999998, 1.2, 1.9999999999999998, 1.2, 1.2]
T = 0.06871947673600004	 step = 502
74.19
14.065661399147727
[14.0, 30.0, 17.0, 9.0, 19.0, 7.0, 9.0, 4.0, 25.0, 17.0, 34.0, 11.0, 20.0, 34.0, 27.0, 6.0, 31.0, 3.0, 26.0, 10.0, 38.0, 38.0, 24.0, 21.0, 23.0, 2.0, 14.0, 12.0]
[11.0, 18.0, 10.0, 14.0, 18.0, 26.0, 8.0, 10.0, 7.0, 24.0, 11.0, 34.0, 31.0, 32.0, 25.0, 3.0, 35.0, 32.0, 30.0, 21.0, 34.0, 23.0, 12.0, 14.0, 20.0, 27.0, 17.0, 2.0]
[2.5, 3.5, 2.5, 2.5, 3.5, 2.5, 2.5, 2.5, 5.0, 5.0, 9.0, 9.0, 3.0, 1.9999999999999998, 1.9999999999999998, 3.0, 1.9999999999999998, 3.0, 3.0, 1.9999999999999998, 1.9999999999999998, 1.9999999999999998, 1.9999999999999998, 1.2, 1.9999999999999998, 1.2, 1.9999999999999998, 1.9999999999999998]
[3.5, 2.5, 3.5, 3.5, 2.5, 3.5, 3.5, 3.5, 5.0, 5.0, 9.0, 9.0, 1.9999999999999998, 3.0, 3.0, 1.9999999999999998, 3.0, 1.9999999999999998, 1.9999999999999998, 3.0, 1.2, 1.2, 1.2, 1.9999999999999998, 1.2, 1.9999999999999998, 1.2, 1.2]
T = 0.06871947673600004	 step = 503
74.19
14.081238458806816
[14.0, 30.0, 17.0, 9.0, 19.0, 7.0, 9.0, 4.0, 25.0, 17.0, 34.0, 11.0, 20.0, 34.0, 27.0, 6.0, 31.0, 3.0, 26.0, 10.0, 38.0, 38.0, 24.0, 21.0, 23.0, 2.0, 14.0, 13.0]
[11.0, 18.0, 10.0, 14.0, 18.0, 26.0, 8.0, 10.0, 7.0, 24.0, 11.0, 34.0, 31.0, 32.0, 25.0, 3.0, 35.0, 32.0, 30.0, 21.0, 34.0, 23.0, 12.0, 14.0, 20.0, 27.0, 17.0, 2.0]
[2.5, 3.5, 2.5, 2.5, 3.5, 2.5, 2.5, 2.5, 5.0, 5.0, 9.0, 9.0, 3.0, 1.9999999999999998, 1.9999999999999998, 3.0, 1.9999999999999998, 3.0, 3.0, 1.9999999999999998, 1.9999999999999998, 1.9999999999999998, 1.9999999999999998, 1.2, 1.9999999999999998, 1.2, 1.9999999999999998, 1.9999999999999998]
[3.5, 2.5, 3.5, 3.5, 2.5, 3.5, 3.5, 3.5, 5.0, 5.0, 9.0, 9.0, 1.9999999999999998, 3.0, 3.0, 1.9999999999999998, 3.0, 1.9999999999999998, 1.9999999999999998, 3.0, 1.2, 1.2, 1.2, 1.9999999999999998, 1.2, 1.9999999999999998, 1.2, 1.2]
T = 0.06871947673600004	 step = 504
74.20000000000005
14.096863458806816
[14.0, 30.0, 17.0, 9.0, 19.0, 7.0, 9.0, 4.0, 25.0, 17.0, 34.0, 11.0, 20.0, 34.0, 27.0, 6.0, 31.0, 3.0, 26.0, 10.0, 38.0, 38.0, 24.0, 21.0, 23.0, 2.0, 14.0, 14.0]
[11.0, 18.0, 10.0, 14.0, 18.0, 26.0, 8.0, 10.0, 7.0, 24.0, 11.0, 34.0, 31.0, 32.0, 25.0, 3.0, 35.0, 32.0, 30.0, 21.0, 34.0, 23.0, 12.0, 14.0, 20.0, 27.0, 17.0, 2.0]
[2.5, 3.5, 2.5, 2.5, 3.5, 2.5, 2.5, 2.5, 5.0, 5.0, 9.0, 9.0, 3.0, 1.9999999999999998, 1.9999999999999998, 3.0, 1.9999999999999998, 3.0, 3.0, 1.9999999999999998, 1.9999999999999998, 1.9999999999999998, 1.9999999999999998, 1.2, 1.9999999999999998, 1.2, 1.9999999999999998, 1.9999999999999998]
[3.5, 2.5, 3.5, 3.5, 2.5, 3.5, 3.5, 3.5, 5.0, 5.0, 9.0, 9.0, 1.9999999999999998, 3.0, 3.0, 1.9999999999999998, 3.0, 1.9999999999999998, 1.9999999999999998, 3.0, 1.2, 1.2, 1.2, 1.9999999999999998, 1.2, 1.9999999999999998, 1.2, 1.2]
T = 0.06871947673600004	 step = 505
74.20000000000005
14.112488458806816
[14.0, 30.0, 17.0, 9.0, 19.0, 7.0, 9.0, 4.0, 25.0, 17.0, 34.0, 11.0, 20.0, 34.0, 27.0, 6.0, 31.0, 3.0, 26.0, 10.0, 38.0, 38.0, 24.0, 21.0, 23.0, 2.0, 14.0, 14.0]
[11.0, 18.0, 10.0, 14.0, 18.0, 26.0, 8.0, 10.0, 7.0, 24.0, 11.0, 34.0, 31.0, 32.0, 25.0, 3.0, 35.0, 32.0, 30.0, 21.0, 34.0, 23.0, 12.0, 15.0, 20.0, 27.0, 17.0, 2.0]
[2.5, 3.5, 2.5, 2.5, 3.5, 2.5, 2.5, 2.5, 5.0, 5.0, 9.0, 9.0, 3.0, 1.9999999999999998, 1.9999999999999998, 3.0, 1.9999999999999998, 3.0, 3.0, 1.9999999999999998, 1.9999999999999998, 1.9999999999999998, 1.9999999999999998, 1.2, 1.9999999999999998, 1.2, 1.9999999999999998, 1.9999999999999998]
[3.5, 2.5, 3.5, 3.5, 2.5, 3.5, 3.5, 3.5, 5.0, 5.0, 9.0, 9.0, 1.9999999999999998, 3.0, 3.0, 1.9999999999999998, 3.0, 1.9999999999999998, 1.9999999999999998, 3.0, 1.2, 1.2, 1.2, 1.9999999999999998, 1.2, 1.9999999999999998, 1.2, 1.2]
T = 0.06871947673600004	 step = 506
74.17000000000002
14.112488458806816
[14.0, 30.0, 17.0, 9.0, 19.0, 7.0, 9.0, 4.0, 25.0, 17.0, 34.0, 11.0, 20.0, 34.0, 27.0, 6.0, 31.0, 3.0, 26.0, 10.0, 38.0, 38.0, 24.0, 21.0, 23.0, 2.0, 14.0, 14.0]
[11.0, 18.0, 10.0, 14.0, 18.0, 26.0, 8.0, 10.0, 7.0, 24.0, 11.0, 34.0, 32.0, 32.0, 25.0, 3.0, 35.0, 32.0, 30.0, 21.0, 34.0, 23.0, 12.0, 15.0, 20.0, 27.0, 17.0, 2.0]
[2.5, 3.5, 2.5, 2.5, 3.5, 2.5, 2.5, 2.5, 5.0, 5.0, 9.0, 9.0, 3.0, 1.9999999999999998, 1.9999999999999998, 3.0, 1.9999999999999998, 3.0, 3.0, 1.9999999999999998, 1.9999999999999998, 1.9999999999999998, 1.9999999999999998, 1.2, 1.9999999999999998, 1.2, 1.9999999999999998, 1.9999999999999998]
[3.5, 2.5, 3.5, 3.5, 2.5, 3.5, 3.5, 3.5, 5.0, 5.0, 9.0, 9.0, 1.9999999999999998, 3.0, 3.0, 1.9999999999999998, 3.0, 1.9999999999999998, 1.9999999999999998, 3.0, 1.2, 1.2, 1.2, 1.9999999999999998, 1.2, 1.9999999999999998, 1.2, 1.2]
T = 0.06871947673600004	 step = 507
74.16000000000003
14.112488458806816
[14.0, 30.0, 17.0, 9.0, 19.0, 7.0, 9.0, 4.0, 25.0, 17.0, 34.0, 11.0, 20.0, 35.0, 27.0, 6.0, 31.0, 3.0, 26.0, 10.0, 38.0, 38.0, 24.0, 21.0, 23.0, 2.0, 14.0, 14.0]
[11.0, 18.0, 10.0, 14.0, 18.0, 26.0, 8.0, 10.0, 7.0, 24.0, 11.0, 34.0, 32.0, 32.0, 25.0, 3.0, 35.0, 32.0, 30.0, 21.0, 34.0, 23.0, 12.0, 15.0, 20.0, 27.0, 17.0, 2.0]
[2.5, 3.5, 2.5, 2.5, 3.5, 2.5, 2.5, 2.5, 5.0, 5.0, 9.0, 9.0, 3.0, 1.9999999999999998, 1.9999999999999998, 3.0, 1.9999999999999998, 3.0, 3.0, 1.9999999999999998, 1.9999999999999998, 1.9999999999999998, 1.9999999999999998, 1.2, 1.9999999999999998, 1.2, 1.9999999999999998, 1.9999999999999998]
[3.5, 2.5, 3.5, 3.5, 2.5, 3.5, 3.5, 3.5, 5.0, 5.0, 9.0, 9.0, 1.9999999999999998, 3.0, 3.0, 1.9999999999999998, 3.0, 1.9999999999999998, 1.9999999999999998, 3.0, 1.2, 1.2, 1.2, 1.9999999999999998, 1.2, 1.9999999999999998, 1.2, 1.2]
T = 0.06871947673600004	 step = 508
74.06
14.339249822443179
[14.0, 30.0, 17.0, 9.0, 19.0, 7.0, 9.0, 4.0, 25.0, 17.0, 34.0, 11.0, 20.0, 35.0, 27.0, 6.0, 31.0, 3.0, 26.0, 10.0, 38.0, 38.0, 36.0, 21.0, 23.0, 2.0, 14.0, 14.0]
[11.0, 18.0, 10.0, 14.0, 18.0, 26.0, 8.0, 10.0, 7.0, 24.0, 11.0, 34.0, 32.0, 32.0, 25.0, 3.0, 35.0, 32.0, 30.0, 21.0, 34.0, 23.0, 2.0, 15.0, 20.0, 27.0, 17.0, 2.0]
[2.5, 3.5, 2.5, 2.5, 3.5, 2.5, 2.5, 2.5, 5.0, 5.0, 9.0, 9.0, 3.0, 1.9999999999999998, 1.9999999999999998, 3.0, 1.9999999999999998, 3.0, 3.0, 1.9999999999999998, 1.9999999999999998, 1.9999999999999998, 1.2, 1.2, 1.9999999999999998, 1.2, 1.9999999999999998, 1.9999999999999998]
[3.5, 2.5, 3.5, 3.5, 2.5, 3.5, 3.5, 3.5, 5.0, 5.0, 9.0, 9.0, 1.9999999999999998, 3.0, 3.0, 1.9999999999999998, 3.0, 1.9999999999999998, 1.9999999999999998, 3.0, 1.2, 1.2, 1.9999999999999998, 1.9999999999999998, 1.2, 1.9999999999999998, 1.2, 1.2]
T = 0.06871947673600004	 step = 509
74.16000000000003
14.128113458806816
[14.0, 30.0, 17.0, 9.0, 19.0, 7.0, 9.0, 4.0, 25.0, 17.0, 34.0, 11.0, 20.0, 35.0, 27.0, 6.0, 31.0, 3.0, 26.0, 10.0, 38.0, 38.0, 24.0, 21.0, 23.0, 2.0, 14.0, 14.0]
[11.0, 18.0, 10.0, 14.0, 18.0, 26.0, 8.0, 10.0, 7.0, 24.0, 11.0, 34.0, 32.0, 32.0, 25.0, 3.0, 35.0, 32.0, 30.0, 21.0, 35.0, 23.0, 12.0, 15.0, 20.0, 27.0, 17.0, 2.0]
[2.5, 3.5, 2.5, 2.5, 3.5, 2.5, 2.5, 2.5, 5.0, 5.0, 9.0, 9.0, 3.0, 1.9999999999999998, 1.9999999999999998, 3.0, 1.9999999999999998, 3.0, 3.0, 1.9999999999999998, 1.9999999999999998, 1.9999999999999998, 1.9999999999999998, 1.2, 1.9999999999999998, 1.2, 1.9999999999999998, 1.9999999999999998]
[3.5, 2.5, 3.5, 3.5, 2.5, 3.5, 3.5, 3.5, 5.0, 5.0, 9.0, 9.0, 1.9999999999999998, 3.0, 3.0, 1.9999999999999998, 3.0, 1.9999999999999998, 1.9999999999999998, 3.0, 1.2, 1.2, 1.2, 1.9999999999999998, 1.2, 1.9999999999999998, 1.2, 1.2]
T = 0.06871947673600004	 step = 510
74.16000000000003
14.174988458806814
[13.0, 30.0, 17.0, 9.0, 19.0, 7.0, 9.0, 4.0, 25.0, 17.0, 34.0, 11.0, 20.0, 35.0, 27.0, 6.0, 31.0, 3.0, 26.0, 10.0, 38.0, 38.0, 24.0, 21.0, 23.0, 2.0, 14.0, 14.0]
[11.0, 18.0, 10.0, 14.0, 18.0, 26.0, 8.0, 10.0, 7.0, 24.0, 11.0, 34.0, 32.0, 32.0, 25.0, 3.0, 35.0, 32.0, 30.0, 21.0, 35.0, 23.0, 12.0, 15.0, 20.0, 27.0, 17.0, 2.0]
[2.5, 3.5, 2.5, 2.5, 3.5, 2.5, 2.5, 2.5, 5.0, 5.0, 9.0, 9.0, 3.0, 1.9999999999999998, 1.9999999999999998, 3.0, 1.9999999999999998, 3.0, 3.0, 1.9999999999999998, 1.9999999999999998, 1.9999999999999998, 1.9999999999999998, 1.2, 1.9999999999999998, 1.2, 1.9999999999999998, 1.9999999999999998]
[3.5, 2.5, 3.5, 3.5, 2.5, 3.5, 3.5, 3.5, 5.0, 5.0, 9.0, 9.0, 1.9999999999999998, 3.0, 3.0, 1.9999999999999998, 3.0, 1.9999999999999998, 1.9999999999999998, 3.0, 1.2, 1.2, 1.2, 1.9999999999999998, 1.2, 1.9999999999999998, 1.2, 1.2]
T = 0.06871947673600004	 step = 511
74.10000000000002
14.253113458806816
[13.0, 30.0, 17.0, 9.0, 19.0, 6.0, 9.0, 4.0, 25.0, 17.0, 34.0, 11.0, 20.0, 35.0, 27.0, 6.0, 31.0, 3.0, 26.0, 10.0, 38.0, 38.0, 24.0, 21.0, 23.0, 2.0, 14.0, 14.0]
[11.0, 18.0, 10.0, 14.0, 18.0, 26.0, 8.0, 10.0, 7.0, 24.0, 11.0, 34.0, 32.0, 32.0, 25.0, 3.0, 35.0, 32.0, 30.0, 21.0, 35.0, 23.0, 12.0, 15.0, 20.0, 27.0, 17.0, 2.0]
[2.5, 3.5, 2.5, 2.5, 3.5, 2.5, 2.5, 2.5, 5.0, 5.0, 9.0, 9.0, 3.0, 1.9999999999999998, 1.9999999999999998, 3.0, 1.9999999999999998, 3.0, 3.0, 1.9999999999999998, 1.9999999999999998, 1.9999999999999998, 1.9999999999999998, 1.2, 1.9999999999999998, 1.2, 1.9999999999999998, 1.9999999999999998]
[3.5, 2.5, 3.5, 3.5, 2.5, 3.5, 3.5, 3.5, 5.0, 5.0, 9.0, 9.0, 1.9999999999999998, 3.0, 3.0, 1.9999999999999998, 3.0, 1.9999999999999998, 1.9999999999999998, 3.0, 1.2, 1.2, 1.2, 1.9999999999999998, 1.2, 1.9999999999999998, 1.2, 1.2]
T = 0.06871947673600004	 step = 512
74.11000000000001
14.237488458806816
[13.0, 30.0, 17.0, 9.0, 19.0, 6.0, 9.0, 4.0, 25.0, 17.0, 34.0, 11.0, 20.0, 35.0, 27.0, 6.0, 31.0, 3.0, 26.0, 10.0, 38.0, 38.0, 24.0, 21.0, 23.0, 2.0, 14.0, 14.0]
[11.0, 18.0, 10.0, 14.0, 18.0, 26.0, 8.0, 10.0, 7.0, 24.0, 11.0, 34.0, 32.0, 32.0, 25.0, 3.0, 35.0, 32.0, 30.0, 21.0, 35.0, 23.0, 12.0, 15.0, 21.0, 27.0, 17.0, 2.0]
[2.5, 3.5, 2.5, 2.5, 3.5, 2.5, 2.5, 2.5, 5.0, 5.0, 9.0, 9.0, 3.0, 1.9999999999999998, 1.9999999999999998, 3.0, 1.9999999999999998, 3.0, 3.0, 1.9999999999999998, 1.9999999999999998, 1.9999999999999998, 1.9999999999999998, 1.2, 1.9999999999999998, 1.2, 1.9999999999999998, 1.9999999999999998]
[3.5, 2.5, 3.5, 3.5, 2.5, 3.5, 3.5, 3.5, 5.0, 5.0, 9.0, 9.0, 1.9999999999999998, 3.0, 3.0, 1.9999999999999998, 3.0, 1.9999999999999998, 1.9999999999999998, 3.0, 1.2, 1.2, 1.2, 1.9999999999999998, 1.2, 1.9999999999999998, 1.2, 1.2]
T = 0.06871947673600004	 step = 513
74.09000000000003
14.173923117897726
[13.0, 30.0, 17.0, 9.0, 19.0, 6.0, 9.0, 4.0, 25.0, 17.0, 34.0, 11.0, 20.0, 35.0, 27.0, 6.0, 31.0, 3.0, 26.0, 10.0, 38.0, 38.0, 24.0, 21.0, 23.0, 2.0, 14.0, 14.0]
[11.0, 18.0, 10.0, 14.0, 18.0, 26.0, 8.0, 10.0, 7.0, 24.0, 10.0, 34.0, 32.0, 32.0, 25.0, 3.0, 35.0, 32.0, 30.0, 21.0, 35.0, 23.0, 12.0, 15.0, 21.0, 27.0, 17.0, 2.0]
[2.5, 3.5, 2.5, 2.5, 3.5, 2.5, 2.5, 2.5, 5.0, 5.0, 9.0, 9.0, 3.0, 1.9999999999999998, 1.9999999999999998, 3.0, 1.9999999999999998, 3.0, 3.0, 1.9999999999999998, 1.9999999999999998, 1.9999999999999998, 1.9999999999999998, 1.2, 1.9999999999999998, 1.2, 1.9999999999999998, 1.9999999999999998]
[3.5, 2.5, 3.5, 3.5, 2.5, 3.5, 3.5, 3.5, 5.0, 5.0, 9.0, 9.0, 1.9999999999999998, 3.0, 3.0, 1.9999999999999998, 3.0, 1.9999999999999998, 1.9999999999999998, 3.0, 1.2, 1.2, 1.2, 1.9999999999999998, 1.2, 1.9999999999999998, 1.2, 1.2]
T = 0.06871947673600004	 step = 514
74.09000000000003
14.205173117897726
[13.0, 30.0, 17.0, 9.0, 19.0, 6.0, 9.0, 4.0, 25.0, 17.0, 34.0, 11.0, 20.0, 35.0, 27.0, 6.0, 31.0, 3.0, 26.0, 10.0, 38.0, 38.0, 24.0, 21.0, 23.0, 2.0, 14.0, 14.0]
[11.0, 18.0, 10.0, 14.0, 18.0, 26.0, 8.0, 10.0, 7.0, 24.0, 10.0, 34.0, 32.0, 32.0, 25.0, 2.0, 35.0, 32.0, 30.0, 21.0, 35.0, 23.0, 12.0, 15.0, 21.0, 27.0, 17.0, 2.0]
[2.5, 3.5, 2.5, 2.5, 3.5, 2.5, 2.5, 2.5, 5.0, 5.0, 9.0, 9.0, 3.0, 1.9999999999999998, 1.9999999999999998, 3.0, 1.9999999999999998, 3.0, 3.0, 1.9999999999999998, 1.9999999999999998, 1.9999999999999998, 1.9999999999999998, 1.2, 1.9999999999999998, 1.2, 1.9999999999999998, 1.9999999999999998]
[3.5, 2.5, 3.5, 3.5, 2.5, 3.5, 3.5, 3.5, 5.0, 5.0, 9.0, 9.0, 1.9999999999999998, 3.0, 3.0, 1.9999999999999998, 3.0, 1.9999999999999998, 1.9999999999999998, 3.0, 1.2, 1.2, 1.2, 1.9999999999999998, 1.2, 1.9999999999999998, 1.2, 1.2]
T = 0.06871947673600004	 step = 515
74.08000000000004
14.236423117897722
[13.0, 30.0, 17.0, 9.0, 19.0, 6.0, 9.0, 4.0, 25.0, 17.0, 34.0, 11.0, 20.0, 35.0, 27.0, 6.0, 31.0, 3.0, 26.0, 10.0, 38.0, 38.0, 24.0, 21.0, 23.0, 2.0, 14.0, 14.0]
[11.0, 18.0, 10.0, 14.0, 18.0, 26.0, 8.0, 10.0, 7.0, 24.0, 10.0, 34.0, 32.0, 32.0, 25.0, 2.0, 35.0, 32.0, 31.0, 21.0, 35.0, 23.0, 12.0, 15.0, 21.0, 27.0, 17.0, 2.0]
[2.5, 3.5, 2.5, 2.5, 3.5, 2.5, 2.5, 2.5, 5.0, 5.0, 9.0, 9.0, 3.0, 1.9999999999999998, 1.9999999999999998, 3.0, 1.9999999999999998, 3.0, 3.0, 1.9999999999999998, 1.9999999999999998, 1.9999999999999998, 1.9999999999999998, 1.2, 1.9999999999999998, 1.2, 1.9999999999999998, 1.9999999999999998]
[3.5, 2.5, 3.5, 3.5, 2.5, 3.5, 3.5, 3.5, 5.0, 5.0, 9.0, 9.0, 1.9999999999999998, 3.0, 3.0, 1.9999999999999998, 3.0, 1.9999999999999998, 1.9999999999999998, 3.0, 1.2, 1.2, 1.2, 1.9999999999999998, 1.2, 1.9999999999999998, 1.2, 1.2]
T = 0.06871947673600004	 step = 516
74.09000000000003
14.252048117897722
[13.0, 30.0, 17.0, 9.0, 19.0, 6.0, 9.0, 4.0, 25.0, 17.0, 34.0, 11.0, 20.0, 35.0, 27.0, 6.0, 31.0, 3.0, 26.0, 10.0, 38.0, 38.0, 24.0, 21.0, 23.0, 2.0, 14.0, 14.0]
[11.0, 18.0, 10.0, 14.0, 18.0, 26.0, 8.0, 10.0, 7.0, 24.0, 10.0, 34.0, 32.0, 32.0, 25.0, 2.0, 35.0, 32.0, 31.0, 21.0, 35.0, 23.0, 12.0, 15.0, 21.0, 26.0, 17.0, 2.0]
[2.5, 3.5, 2.5, 2.5, 3.5, 2.5, 2.5, 2.5, 5.0, 5.0, 9.0, 9.0, 3.0, 1.9999999999999998, 1.9999999999999998, 3.0, 1.9999999999999998, 3.0, 3.0, 1.9999999999999998, 1.9999999999999998, 1.9999999999999998, 1.9999999999999998, 1.2, 1.9999999999999998, 1.2, 1.9999999999999998, 1.9999999999999998]
[3.5, 2.5, 3.5, 3.5, 2.5, 3.5, 3.5, 3.5, 5.0, 5.0, 9.0, 9.0, 1.9999999999999998, 3.0, 3.0, 1.9999999999999998, 3.0, 1.9999999999999998, 1.9999999999999998, 3.0, 1.2, 1.2, 1.2, 1.9999999999999998, 1.2, 1.9999999999999998, 1.2, 1.2]
T = 0.06871947673600004	 step = 517
74.06
14.188842329545452
[13.0, 30.0, 17.0, 9.0, 19.0, 6.0, 9.0, 4.0, 25.0, 17.0, 34.0, 11.0, 20.0, 35.0, 27.0, 6.0, 31.0, 3.0, 26.0, 10.0, 38.0, 38.0, 24.0, 21.0, 23.0, 2.0, 14.0, 14.0]
[11.0, 18.0, 10.0, 14.0, 18.0, 26.0, 8.0, 10.0, 7.0, 24.0, 9.0, 34.0, 32.0, 32.0, 25.0, 2.0, 35.0, 32.0, 31.0, 21.0, 35.0, 23.0, 12.0, 15.0, 21.0, 26.0, 17.0, 2.0]
[2.5, 3.5, 2.5, 2.5, 3.5, 2.5, 2.5, 2.5, 5.0, 5.0, 9.0, 9.0, 3.0, 1.9999999999999998, 1.9999999999999998, 3.0, 1.9999999999999998, 3.0, 3.0, 1.9999999999999998, 1.9999999999999998, 1.9999999999999998, 1.9999999999999998, 1.2, 1.9999999999999998, 1.2, 1.9999999999999998, 1.9999999999999998]
[3.5, 2.5, 3.5, 3.5, 2.5, 3.5, 3.5, 3.5, 5.0, 5.0, 9.0, 9.0, 1.9999999999999998, 3.0, 3.0, 1.9999999999999998, 3.0, 1.9999999999999998, 1.9999999999999998, 3.0, 1.2, 1.2, 1.2, 1.9999999999999998, 1.2, 1.9999999999999998, 1.2, 1.2]
T = 0.06871947673600004	 step = 518
73.98000000000002
14.355918856534087
[13.0, 30.0, 17.0, 9.0, 19.0, 6.0, 9.0, 4.0, 25.0, 17.0, 34.0, 11.0, 20.0, 35.0, 27.0, 6.0, 31.0, 3.0, 26.0, 10.0, 38.0, 38.0, 24.0, 21.0, 23.0, 2.0, 14.0, 14.0]
[11.0, 18.0, 10.0, 14.0, 18.0, 26.0, 8.0, 10.0, 6.0, 24.0, 9.0, 34.0, 32.0, 32.0, 25.0, 2.0, 35.0, 32.0, 31.0, 21.0, 35.0, 23.0, 12.0, 15.0, 21.0, 26.0, 17.0, 2.0]
[2.5, 3.5, 2.5, 2.5, 3.5, 2.5, 2.5, 2.5, 5.0, 5.0, 9.0, 9.0, 3.0, 1.9999999999999998, 1.9999999999999998, 3.0, 1.9999999999999998, 3.0, 3.0, 1.9999999999999998, 1.9999999999999998, 1.9999999999999998, 1.9999999999999998, 1.2, 1.9999999999999998, 1.2, 1.9999999999999998, 1.9999999999999998]
[3.5, 2.5, 3.5, 3.5, 2.5, 3.5, 3.5, 3.5, 5.0, 5.0, 9.0, 9.0, 1.9999999999999998, 3.0, 3.0, 1.9999999999999998, 3.0, 1.9999999999999998, 1.9999999999999998, 3.0, 1.2, 1.2, 1.2, 1.9999999999999998, 1.2, 1.9999999999999998, 1.2, 1.2]
T = 0.06871947673600004	 step = 519
74.01000000000005
14.419484197443177
[13.0, 30.0, 17.0, 9.0, 19.0, 6.0, 9.0, 4.0, 25.0, 17.0, 34.0, 11.0, 20.0, 35.0, 27.0, 6.0, 31.0, 3.0, 26.0, 10.0, 38.0, 38.0, 24.0, 21.0, 23.0, 2.0, 14.0, 14.0]
[11.0, 18.0, 10.0, 14.0, 18.0, 26.0, 8.0, 10.0, 6.0, 24.0, 10.0, 34.0, 32.0, 32.0, 25.0, 2.0, 35.0, 32.0, 31.0, 21.0, 35.0, 23.0, 12.0, 15.0, 21.0, 26.0, 17.0, 2.0]
[2.5, 3.5, 2.5, 2.5, 3.5, 2.5, 2.5, 2.5, 5.0, 5.0, 9.0, 9.0, 3.0, 1.9999999999999998, 1.9999999999999998, 3.0, 1.9999999999999998, 3.0, 3.0, 1.9999999999999998, 1.9999999999999998, 1.9999999999999998, 1.9999999999999998, 1.2, 1.9999999999999998, 1.2, 1.9999999999999998, 1.9999999999999998]
[3.5, 2.5, 3.5, 3.5, 2.5, 3.5, 3.5, 3.5, 5.0, 5.0, 9.0, 9.0, 1.9999999999999998, 3.0, 3.0, 1.9999999999999998, 3.0, 1.9999999999999998, 1.9999999999999998, 3.0, 1.2, 1.2, 1.2, 1.9999999999999998, 1.2, 1.9999999999999998, 1.2, 1.2]
T = 0.06871947673600004	 step = 520
74.03000000000003
14.309043856534087
[13.0, 30.0, 17.0, 9.0, 19.0, 6.0, 9.0, 4.0, 25.0, 17.0, 34.0, 11.0, 20.0, 35.0, 27.0, 6.0, 31.0, 3.0, 26.0, 10.0, 38.0, 38.0, 24.0, 21.0, 23.0, 2.0, 14.0, 14.0]
[11.0, 18.0, 11.0, 14.0, 18.0, 26.0, 8.0, 10.0, 6.0, 24.0, 9.0, 34.0, 32.0, 32.0, 25.0, 2.0, 35.0, 32.0, 31.0, 21.0, 35.0, 23.0, 12.0, 15.0, 21.0, 26.0, 17.0, 2.0]
[2.5, 3.5, 2.5, 2.5, 3.5, 2.5, 2.5, 2.5, 5.0, 5.0, 9.0, 9.0, 3.0, 1.9999999999999998, 1.9999999999999998, 3.0, 1.9999999999999998, 3.0, 3.0, 1.9999999999999998, 1.9999999999999998, 1.9999999999999998, 1.9999999999999998, 1.2, 1.9999999999999998, 1.2, 1.9999999999999998, 1.9999999999999998]
[3.5, 2.5, 3.5, 3.5, 2.5, 3.5, 3.5, 3.5, 5.0, 5.0, 9.0, 9.0, 1.9999999999999998, 3.0, 3.0, 1.9999999999999998, 3.0, 1.9999999999999998, 1.9999999999999998, 3.0, 1.2, 1.2, 1.2, 1.9999999999999998, 1.2, 1.9999999999999998, 1.2, 1.2]
T = 0.06871947673600004	 step = 521
74.02000000000004
14.340293856534089
[13.0, 30.0, 17.0, 9.0, 19.0, 6.0, 9.0, 4.0, 25.0, 17.0, 34.0, 11.0, 20.0, 35.0, 27.0, 6.0, 31.0, 3.0, 26.0, 10.0, 38.0, 38.0, 24.0, 21.0, 23.0, 2.0, 14.0, 14.0]
[11.0, 18.0, 11.0, 14.0, 18.0, 26.0, 8.0, 10.0, 6.0, 24.0, 9.0, 34.0, 32.0, 32.0, 25.0, 2.0, 35.0, 33.0, 31.0, 21.0, 35.0, 23.0, 12.0, 15.0, 21.0, 26.0, 17.0, 2.0]
[2.5, 3.5, 2.5, 2.5, 3.5, 2.5, 2.5, 2.5, 5.0, 5.0, 9.0, 9.0, 3.0, 1.9999999999999998, 1.9999999999999998, 3.0, 1.9999999999999998, 3.0, 3.0, 1.9999999999999998, 1.9999999999999998, 1.9999999999999998, 1.9999999999999998, 1.2, 1.9999999999999998, 1.2, 1.9999999999999998, 1.9999999999999998]
[3.5, 2.5, 3.5, 3.5, 2.5, 3.5, 3.5, 3.5, 5.0, 5.0, 9.0, 9.0, 1.9999999999999998, 3.0, 3.0, 1.9999999999999998, 3.0, 1.9999999999999998, 1.9999999999999998, 3.0, 1.2, 1.2, 1.2, 1.9999999999999998, 1.2, 1.9999999999999998, 1.2, 1.2]
T = 0.054975581388800036	 step = 522
74.03000000000003
14.324668856534089
[13.0, 30.0, 17.0, 9.0, 19.0, 6.0, 9.0, 4.0, 25.0, 17.0, 34.0, 11.0, 20.0, 35.0, 27.0, 6.0, 31.0, 3.0, 26.0, 10.0, 38.0, 38.0, 24.0, 21.0, 23.0, 2.0, 14.0, 14.0]
[11.0, 18.0, 11.0, 14.0, 18.0, 26.0, 8.0, 10.0, 6.0, 24.0, 9.0, 34.0, 32.0, 32.0, 25.0, 2.0, 35.0, 32.0, 31.0, 21.0, 35.0, 22.0, 12.0, 15.0, 21.0, 26.0, 17.0, 2.0]
[2.5, 3.5, 2.5, 2.5, 3.5, 2.5, 2.5, 2.5, 5.0, 5.0, 9.0, 9.0, 3.0, 1.9999999999999998, 1.9999999999999998, 3.0, 1.9999999999999998, 3.0, 3.0, 1.9999999999999998, 1.9999999999999998, 1.9999999999999998, 1.9999999999999998, 1.2, 1.9999999999999998, 1.2, 1.9999999999999998, 1.9999999999999998]
[3.5, 2.5, 3.5, 3.5, 2.5, 3.5, 3.5, 3.5, 5.0, 5.0, 9.0, 9.0, 1.9999999999999998, 3.0, 3.0, 1.9999999999999998, 3.0, 1.9999999999999998, 1.9999999999999998, 3.0, 1.2, 1.2, 1.2, 1.9999999999999998, 1.2, 1.9999999999999998, 1.2, 1.2]
T = 0.054975581388800036	 step = 523
74.01000000000005
14.355918856534089
[13.0, 30.0, 17.0, 9.0, 19.0, 6.0, 9.0, 4.0, 25.0, 17.0, 34.0, 11.0, 20.0, 35.0, 27.0, 6.0, 31.0, 3.0, 26.0, 10.0, 38.0, 38.0, 24.0, 21.0, 23.0, 2.0, 14.0, 14.0]
[11.0, 18.0, 11.0, 14.0, 18.0, 26.0, 8.0, 10.0, 6.0, 24.0, 9.0, 34.0, 32.0, 32.0, 25.0, 2.0, 35.0, 32.0, 32.0, 21.0, 35.0, 22.0, 12.0, 15.0, 21.0, 26.0, 17.0, 2.0]
[2.5, 3.5, 2.5, 2.5, 3.5, 2.5, 2.5, 2.5, 5.0, 5.0, 9.0, 9.0, 3.0, 1.9999999999999998, 1.9999999999999998, 3.0, 1.9999999999999998, 3.0, 3.0, 1.9999999999999998, 1.9999999999999998, 1.9999999999999998, 1.9999999999999998, 1.2, 1.9999999999999998, 1.2, 1.9999999999999998, 1.9999999999999998]
[3.5, 2.5, 3.5, 3.5, 2.5, 3.5, 3.5, 3.5, 5.0, 5.0, 9.0, 9.0, 1.9999999999999998, 3.0, 3.0, 1.9999999999999998, 3.0, 1.9999999999999998, 1.9999999999999998, 3.0, 1.2, 1.2, 1.2, 1.9999999999999998, 1.2, 1.9999999999999998, 1.2, 1.2]
T = 0.054975581388800036	 step = 524
74.06
14.230918856534089
[13.0, 30.0, 17.0, 9.0, 19.0, 6.0, 9.0, 4.0, 25.0, 17.0, 34.0, 12.0, 20.0, 35.0, 27.0, 6.0, 31.0, 3.0, 26.0, 10.0, 38.0, 38.0, 24.0, 21.0, 23.0, 2.0, 14.0, 14.0]
[11.0, 18.0, 11.0, 14.0, 18.0, 26.0, 8.0, 10.0, 6.0, 24.0, 9.0, 34.0, 32.0, 32.0, 25.0, 2.0, 35.0, 32.0, 32.0, 21.0, 35.0, 22.0, 12.0, 15.0, 21.0, 26.0, 17.0, 2.0]
[2.5, 3.5, 2.5, 2.5, 3.5, 2.5, 2.5, 2.5, 5.0, 5.0, 9.0, 9.0, 3.0, 1.9999999999999998, 1.9999999999999998, 3.0, 1.9999999999999998, 3.0, 3.0, 1.9999999999999998, 1.9999999999999998, 1.9999999999999998, 1.9999999999999998, 1.2, 1.9999999999999998, 1.2, 1.9999999999999998, 1.9999999999999998]
[3.5, 2.5, 3.5, 3.5, 2.5, 3.5, 3.5, 3.5, 5.0, 5.0, 9.0, 9.0, 1.9999999999999998, 3.0, 3.0, 1.9999999999999998, 3.0, 1.9999999999999998, 1.9999999999999998, 3.0, 1.2, 1.2, 1.2, 1.9999999999999998, 1.2, 1.9999999999999998, 1.2, 1.2]
T = 0.054975581388800036	 step = 525
74.17000000000002
14.176478160511362
[13.0, 30.0, 17.0, 9.0, 19.0, 6.0, 9.0, 4.0, 25.0, 17.0, 34.0, 12.0, 20.0, 35.0, 22.0, 6.0, 31.0, 3.0, 26.0, 10.0, 38.0, 38.0, 24.0, 21.0, 23.0, 2.0, 14.0, 14.0]
[11.0, 18.0, 11.0, 14.0, 18.0, 26.0, 8.0, 10.0, 6.0, 24.0, 9.0, 34.0, 32.0, 32.0, 27.0, 2.0, 35.0, 32.0, 32.0, 21.0, 35.0, 22.0, 12.0, 15.0, 21.0, 26.0, 17.0, 2.0]
[2.5, 3.5, 2.5, 2.5, 3.5, 2.5, 2.5, 2.5, 5.0, 5.0, 9.0, 9.0, 3.0, 1.9999999999999998, 1.9999999999999998, 3.0, 1.9999999999999998, 3.0, 3.0, 1.9999999999999998, 1.9999999999999998, 1.9999999999999998, 1.9999999999999998, 1.2, 1.9999999999999998, 1.2, 1.9999999999999998, 1.9999999999999998]
[3.5, 2.5, 3.5, 3.5, 2.5, 3.5, 3.5, 3.5, 5.0, 5.0, 9.0, 9.0, 1.9999999999999998, 3.0, 3.0, 1.9999999999999998, 3.0, 1.9999999999999998, 1.9999999999999998, 3.0, 1.2, 1.2, 1.2, 1.9999999999999998, 1.2, 1.9999999999999998, 1.2, 1.2]
T = 0.054975581388800036	 step = 526
74.20000000000005
14.067103160511362
[13.0, 30.0, 17.0, 9.0, 19.0, 6.0, 9.0, 5.0, 25.0, 17.0, 34.0, 12.0, 20.0, 35.0, 22.0, 6.0, 31.0, 3.0, 26.0, 10.0, 38.0, 38.0, 24.0, 21.0, 23.0, 2.0, 14.0, 14.0]
[11.0, 18.0, 11.0, 14.0, 18.0, 26.0, 8.0, 10.0, 6.0, 24.0, 9.0, 34.0, 32.0, 32.0, 27.0, 2.0, 35.0, 32.0, 32.0, 21.0, 35.0, 22.0, 12.0, 15.0, 21.0, 26.0, 17.0, 2.0]
[2.5, 3.5, 2.5, 2.5, 3.5, 2.5, 2.5, 2.5, 5.0, 5.0, 9.0, 9.0, 3.0, 1.9999999999999998, 1.9999999999999998, 3.0, 1.9999999999999998, 3.0, 3.0, 1.9999999999999998, 1.9999999999999998, 1.9999999999999998, 1.9999999999999998, 1.2, 1.9999999999999998, 1.2, 1.9999999999999998, 1.9999999999999998]
[3.5, 2.5, 3.5, 3.5, 2.5, 3.5, 3.5, 3.5, 5.0, 5.0, 9.0, 9.0, 1.9999999999999998, 3.0, 3.0, 1.9999999999999998, 3.0, 1.9999999999999998, 1.9999999999999998, 3.0, 1.2, 1.2, 1.2, 1.9999999999999998, 1.2, 1.9999999999999998, 1.2, 1.2]
T = 0.054975581388800036	 step = 527
74.19
14.051478160511362
[13.0, 30.0, 17.0, 9.0, 19.0, 6.0, 9.0, 5.0, 25.0, 17.0, 34.0, 12.0, 20.0, 35.0, 22.0, 6.0, 31.0, 3.0, 26.0, 10.0, 38.0, 38.0, 24.0, 21.0, 23.0, 2.0, 15.0, 14.0]
[11.0, 18.0, 11.0, 14.0, 18.0, 26.0, 8.0, 10.0, 6.0, 24.0, 9.0, 34.0, 32.0, 32.0, 27.0, 2.0, 35.0, 32.0, 32.0, 21.0, 35.0, 22.0, 12.0, 15.0, 21.0, 26.0, 17.0, 2.0]
[2.5, 3.5, 2.5, 2.5, 3.5, 2.5, 2.5, 2.5, 5.0, 5.0, 9.0, 9.0, 3.0, 1.9999999999999998, 1.9999999999999998, 3.0, 1.9999999999999998, 3.0, 3.0, 1.9999999999999998, 1.9999999999999998, 1.9999999999999998, 1.9999999999999998, 1.2, 1.9999999999999998, 1.2, 1.9999999999999998, 1.9999999999999998]
[3.5, 2.5, 3.5, 3.5, 2.5, 3.5, 3.5, 3.5, 5.0, 5.0, 9.0, 9.0, 1.9999999999999998, 3.0, 3.0, 1.9999999999999998, 3.0, 1.9999999999999998, 1.9999999999999998, 3.0, 1.2, 1.2, 1.2, 1.9999999999999998, 1.2, 1.9999999999999998, 1.2, 1.2]
T = 0.054975581388800036	 step = 528
74.22000000000003
14.055116299715907
[13.0, 30.0, 17.0, 9.0, 19.0, 6.0, 9.0, 5.0, 25.0, 17.0, 34.0, 12.0, 20.0, 35.0, 22.0, 6.0, 31.0, 3.0, 26.0, 10.0, 38.0, 38.0, 24.0, 21.0, 23.0, 2.0, 15.0, 14.0]
[11.0, 18.0, 11.0, 14.0, 18.0, 26.0, 9.0, 10.0, 6.0, 24.0, 9.0, 34.0, 32.0, 32.0, 27.0, 2.0, 35.0, 32.0, 32.0, 21.0, 35.0, 22.0, 12.0, 15.0, 21.0, 26.0, 17.0, 2.0]
[2.5, 3.5, 2.5, 2.5, 3.5, 2.5, 2.5, 2.5, 5.0, 5.0, 9.0, 9.0, 3.0, 1.9999999999999998, 1.9999999999999998, 3.0, 1.9999999999999998, 3.0, 3.0, 1.9999999999999998, 1.9999999999999998, 1.9999999999999998, 1.9999999999999998, 1.2, 1.9999999999999998, 1.2, 1.9999999999999998, 1.9999999999999998]
[3.5, 2.5, 3.5, 3.5, 2.5, 3.5, 3.5, 3.5, 5.0, 5.0, 9.0, 9.0, 1.9999999999999998, 3.0, 3.0, 1.9999999999999998, 3.0, 1.9999999999999998, 1.9999999999999998, 3.0, 1.2, 1.2, 1.2, 1.9999999999999998, 1.2, 1.9999999999999998, 1.2, 1.2]
T = 0.054975581388800036	 step = 529
74.21000000000004
14.070693359374998
[13.0, 30.0, 17.0, 9.0, 19.0, 6.0, 9.0, 5.0, 25.0, 17.0, 34.0, 12.0, 20.0, 35.0, 22.0, 6.0, 31.0, 3.0, 26.0, 10.0, 38.0, 38.0, 25.0, 21.0, 23.0, 2.0, 15.0, 14.0]
[11.0, 18.0, 11.0, 14.0, 18.0, 26.0, 9.0, 10.0, 6.0, 24.0, 9.0, 34.0, 32.0, 32.0, 27.0, 2.0, 35.0, 32.0, 32.0, 21.0, 35.0, 22.0, 12.0, 15.0, 21.0, 26.0, 17.0, 2.0]
[2.5, 3.5, 2.5, 2.5, 3.5, 2.5, 2.5, 2.5, 5.0, 5.0, 9.0, 9.0, 3.0, 1.9999999999999998, 1.9999999999999998, 3.0, 1.9999999999999998, 3.0, 3.0, 1.9999999999999998, 1.9999999999999998, 1.9999999999999998, 1.9999999999999998, 1.2, 1.9999999999999998, 1.2, 1.9999999999999998, 1.9999999999999998]
[3.5, 2.5, 3.5, 3.5, 2.5, 3.5, 3.5, 3.5, 5.0, 5.0, 9.0, 9.0, 1.9999999999999998, 3.0, 3.0, 1.9999999999999998, 3.0, 1.9999999999999998, 1.9999999999999998, 3.0, 1.2, 1.2, 1.2, 1.9999999999999998, 1.2, 1.9999999999999998, 1.2, 1.2]
T = 0.054975581388800036	 step = 530
74.19
14.007487571022724
[13.0, 30.0, 17.0, 9.0, 19.0, 6.0, 9.0, 5.0, 25.0, 17.0, 34.0, 12.0, 20.0, 35.0, 22.0, 6.0, 31.0, 3.0, 26.0, 10.0, 38.0, 38.0, 25.0, 21.0, 23.0, 2.0, 15.0, 14.0]
[11.0, 18.0, 11.0, 14.0, 18.0, 26.0, 9.0, 10.0, 6.0, 24.0, 8.0, 34.0, 32.0, 32.0, 27.0, 2.0, 35.0, 32.0, 32.0, 21.0, 35.0, 22.0, 12.0, 15.0, 21.0, 26.0, 17.0, 2.0]
[2.5, 3.5, 2.5, 2.5, 3.5, 2.5, 2.5, 2.5, 5.0, 5.0, 9.0, 9.0, 3.0, 1.9999999999999998, 1.9999999999999998, 3.0, 1.9999999999999998, 3.0, 3.0, 1.9999999999999998, 1.9999999999999998, 1.9999999999999998, 1.9999999999999998, 1.2, 1.9999999999999998, 1.2, 1.9999999999999998, 1.9999999999999998]
[3.5, 2.5, 3.5, 3.5, 2.5, 3.5, 3.5, 3.5, 5.0, 5.0, 9.0, 9.0, 1.9999999999999998, 3.0, 3.0, 1.9999999999999998, 3.0, 1.9999999999999998, 1.9999999999999998, 3.0, 1.2, 1.2, 1.2, 1.9999999999999998, 1.2, 1.9999999999999998, 1.2, 1.2]
T = 0.054975581388800036	 step = 531
74.20000000000005
13.976237571022724
[13.0, 30.0, 17.0, 9.0, 19.0, 6.0, 9.0, 5.0, 25.0, 17.0, 34.0, 12.0, 20.0, 35.0, 22.0, 6.0, 31.0, 3.0, 26.0, 10.0, 38.0, 38.0, 25.0, 21.0, 23.0, 2.0, 15.0, 14.0]
[11.0, 18.0, 11.0, 14.0, 18.0, 26.0, 9.0, 10.0, 6.0, 24.0, 8.0, 34.0, 32.0, 32.0, 27.0, 2.0, 34.0, 32.0, 32.0, 21.0, 35.0, 22.0, 12.0, 15.0, 21.0, 26.0, 17.0, 2.0]
[2.5, 3.5, 2.5, 2.5, 3.5, 2.5, 2.5, 2.5, 5.0, 5.0, 9.0, 9.0, 3.0, 1.9999999999999998, 1.9999999999999998, 3.0, 1.9999999999999998, 3.0, 3.0, 1.9999999999999998, 1.9999999999999998, 1.9999999999999998, 1.9999999999999998, 1.2, 1.9999999999999998, 1.2, 1.9999999999999998, 1.9999999999999998]
[3.5, 2.5, 3.5, 3.5, 2.5, 3.5, 3.5, 3.5, 5.0, 5.0, 9.0, 9.0, 1.9999999999999998, 3.0, 3.0, 1.9999999999999998, 3.0, 1.9999999999999998, 1.9999999999999998, 3.0, 1.2, 1.2, 1.2, 1.9999999999999998, 1.2, 1.9999999999999998, 1.2, 1.2]
T = 0.054975581388800036	 step = 532
74.24000000000001
13.929362571022724
[13.0, 30.0, 17.0, 9.0, 19.0, 6.0, 9.0, 5.0, 25.0, 17.0, 34.0, 12.0, 20.0, 35.0, 22.0, 6.0, 31.0, 3.0, 26.0, 10.0, 38.0, 38.0, 25.0, 21.0, 23.0, 2.0, 15.0, 14.0]
[11.0, 18.0, 12.0, 14.0, 18.0, 26.0, 9.0, 10.0, 6.0, 24.0, 8.0, 34.0, 32.0, 32.0, 27.0, 2.0, 34.0, 32.0, 32.0, 21.0, 35.0, 22.0, 12.0, 15.0, 21.0, 26.0, 17.0, 2.0]
[2.5, 3.5, 2.5, 2.5, 3.5, 2.5, 2.5, 2.5, 5.0, 5.0, 9.0, 9.0, 3.0, 1.9999999999999998, 1.9999999999999998, 3.0, 1.9999999999999998, 3.0, 3.0, 1.9999999999999998, 1.9999999999999998, 1.9999999999999998, 1.9999999999999998, 1.2, 1.9999999999999998, 1.2, 1.9999999999999998, 1.9999999999999998]
[3.5, 2.5, 3.5, 3.5, 2.5, 3.5, 3.5, 3.5, 5.0, 5.0, 9.0, 9.0, 1.9999999999999998, 3.0, 3.0, 1.9999999999999998, 3.0, 1.9999999999999998, 1.9999999999999998, 3.0, 1.2, 1.2, 1.2, 1.9999999999999998, 1.2, 1.9999999999999998, 1.2, 1.2]
T = 0.054975581388800036	 step = 533
74.22000000000003
13.874709694602272
[13.0, 30.0, 17.0, 9.0, 19.0, 6.0, 9.0, 5.0, 25.0, 17.0, 34.0, 12.0, 20.0, 35.0, 22.0, 6.0, 31.0, 3.0, 26.0, 10.0, 38.0, 38.0, 25.0, 21.0, 23.0, 2.0, 15.0, 14.0]
[11.0, 18.0, 12.0, 14.0, 18.0, 26.0, 9.0, 10.0, 6.0, 24.0, 7.0, 34.0, 32.0, 32.0, 27.0, 2.0, 34.0, 32.0, 32.0, 21.0, 35.0, 22.0, 12.0, 15.0, 21.0, 26.0, 17.0, 2.0]
[2.5, 3.5, 2.5, 2.5, 3.5, 2.5, 2.5, 2.5, 5.0, 5.0, 9.0, 9.0, 3.0, 1.9999999999999998, 1.9999999999999998, 3.0, 1.9999999999999998, 3.0, 3.0, 1.9999999999999998, 1.9999999999999998, 1.9999999999999998, 1.9999999999999998, 1.2, 1.9999999999999998, 1.2, 1.9999999999999998, 1.9999999999999998]
[3.5, 2.5, 3.5, 3.5, 2.5, 3.5, 3.5, 3.5, 5.0, 5.0, 9.0, 9.0, 1.9999999999999998, 3.0, 3.0, 1.9999999999999998, 3.0, 1.9999999999999998, 1.9999999999999998, 3.0, 1.2, 1.2, 1.2, 1.9999999999999998, 1.2, 1.9999999999999998, 1.2, 1.2]
T = 0.054975581388800036	 step = 534
74.24000000000001
14.233342507102272
[13.0, 30.0, 17.0, 9.0, 19.0, 6.0, 9.0, 5.0, 25.0, 17.0, 34.0, 12.0, 20.0, 35.0, 22.0, 6.0, 31.0, 3.0, 26.0, 10.0, 38.0, 38.0, 25.0, 21.0, 23.0, 30.0, 15.0, 14.0]
[11.0, 18.0, 12.0, 14.0, 18.0, 26.0, 9.0, 10.0, 6.0, 24.0, 7.0, 34.0, 32.0, 32.0, 27.0, 2.0, 34.0, 32.0, 32.0, 21.0, 35.0, 22.0, 12.0, 15.0, 21.0, 30.0, 17.0, 2.0]
[2.5, 3.5, 2.5, 2.5, 3.5, 2.5, 2.5, 2.5, 5.0, 5.0, 9.0, 9.0, 3.0, 1.9999999999999998, 1.9999999999999998, 3.0, 1.9999999999999998, 3.0, 3.0, 1.9999999999999998, 1.9999999999999998, 1.9999999999999998, 1.9999999999999998, 1.2, 1.9999999999999998, 1.9999999999999998, 1.9999999999999998, 1.9999999999999998]
[3.5, 2.5, 3.5, 3.5, 2.5, 3.5, 3.5, 3.5, 5.0, 5.0, 9.0, 9.0, 1.9999999999999998, 3.0, 3.0, 1.9999999999999998, 3.0, 1.9999999999999998, 1.9999999999999998, 3.0, 1.2, 1.2, 1.2, 1.9999999999999998, 1.2, 1.2, 1.2, 1.2]
T = 0.054975581388800036	 step = 535
74.21000000000004
13.843459694602272
[13.0, 30.0, 17.0, 9.0, 19.0, 6.0, 9.0, 5.0, 25.0, 17.0, 34.0, 12.0, 20.0, 35.0, 22.0, 6.0, 31.0, 3.0, 26.0, 10.0, 38.0, 38.0, 25.0, 21.0, 23.0, 2.0, 15.0, 14.0]
[11.0, 18.0, 12.0, 14.0, 18.0, 26.0, 9.0, 10.0, 6.0, 24.0, 7.0, 34.0, 32.0, 32.0, 27.0, 2.0, 34.0, 32.0, 32.0, 20.0, 35.0, 22.0, 12.0, 15.0, 21.0, 26.0, 17.0, 2.0]
[2.5, 3.5, 2.5, 2.5, 3.5, 2.5, 2.5, 2.5, 5.0, 5.0, 9.0, 9.0, 3.0, 1.9999999999999998, 1.9999999999999998, 3.0, 1.9999999999999998, 3.0, 3.0, 1.9999999999999998, 1.9999999999999998, 1.9999999999999998, 1.9999999999999998, 1.2, 1.9999999999999998, 1.2, 1.9999999999999998, 1.9999999999999998]
[3.5, 2.5, 3.5, 3.5, 2.5, 3.5, 3.5, 3.5, 5.0, 5.0, 9.0, 9.0, 1.9999999999999998, 3.0, 3.0, 1.9999999999999998, 3.0, 1.9999999999999998, 1.9999999999999998, 3.0, 1.2, 1.2, 1.2, 1.9999999999999998, 1.2, 1.9999999999999998, 1.2, 1.2]
T = 0.054975581388800036	 step = 536
74.16000000000003
14.023112571022724
[13.0, 30.0, 17.0, 9.0, 19.0, 6.0, 9.0, 5.0, 25.0, 17.0, 34.0, 12.0, 20.0, 35.0, 22.0, 6.0, 31.0, 3.0, 26.0, 10.0, 38.0, 38.0, 25.0, 21.0, 23.0, 2.0, 15.0, 14.0]
[11.0, 18.0, 12.0, 14.0, 18.0, 26.0, 9.0, 10.0, 5.0, 24.0, 7.0, 34.0, 32.0, 32.0, 27.0, 2.0, 34.0, 32.0, 32.0, 20.0, 35.0, 22.0, 12.0, 15.0, 21.0, 26.0, 17.0, 2.0]
[2.5, 3.5, 2.5, 2.5, 3.5, 2.5, 2.5, 2.5, 5.0, 5.0, 9.0, 9.0, 3.0, 1.9999999999999998, 1.9999999999999998, 3.0, 1.9999999999999998, 3.0, 3.0, 1.9999999999999998, 1.9999999999999998, 1.9999999999999998, 1.9999999999999998, 1.2, 1.9999999999999998, 1.2, 1.9999999999999998, 1.9999999999999998]
[3.5, 2.5, 3.5, 3.5, 2.5, 3.5, 3.5, 3.5, 5.0, 5.0, 9.0, 9.0, 1.9999999999999998, 3.0, 3.0, 1.9999999999999998, 3.0, 1.9999999999999998, 1.9999999999999998, 3.0, 1.2, 1.2, 1.2, 1.9999999999999998, 1.2, 1.9999999999999998, 1.2, 1.2]
T = 0.054975581388800036	 step = 537
74.21000000000004
13.812209694602272
[13.0, 30.0, 17.0, 9.0, 19.0, 6.0, 9.0, 5.0, 25.0, 17.0, 34.0, 12.0, 20.0, 35.0, 22.0, 6.0, 30.0, 3.0, 26.0, 10.0, 38.0, 38.0, 25.0, 21.0, 23.0, 2.0, 15.0, 14.0]
[11.0, 18.0, 12.0, 14.0, 18.0, 26.0, 9.0, 10.0, 6.0, 24.0, 7.0, 34.0, 32.0, 32.0, 27.0, 2.0, 34.0, 32.0, 32.0, 20.0, 35.0, 22.0, 12.0, 15.0, 21.0, 26.0, 17.0, 2.0]
[2.5, 3.5, 2.5, 2.5, 3.5, 2.5, 2.5, 2.5, 5.0, 5.0, 9.0, 9.0, 3.0, 1.9999999999999998, 1.9999999999999998, 3.0, 1.9999999999999998, 3.0, 3.0, 1.9999999999999998, 1.9999999999999998, 1.9999999999999998, 1.9999999999999998, 1.2, 1.9999999999999998, 1.2, 1.9999999999999998, 1.9999999999999998]
[3.5, 2.5, 3.5, 3.5, 2.5, 3.5, 3.5, 3.5, 5.0, 5.0, 9.0, 9.0, 1.9999999999999998, 3.0, 3.0, 1.9999999999999998, 3.0, 1.9999999999999998, 1.9999999999999998, 3.0, 1.2, 1.2, 1.2, 1.9999999999999998, 1.2, 1.9999999999999998, 1.2, 1.2]
T = 0.054975581388800036	 step = 538
74.21000000000004
13.796584694602272
[13.0, 30.0, 17.0, 9.0, 19.0, 6.0, 9.0, 5.0, 25.0, 17.0, 34.0, 12.0, 20.0, 35.0, 22.0, 6.0, 30.0, 3.0, 26.0, 10.0, 38.0, 38.0, 25.0, 21.0, 23.0, 2.0, 15.0, 14.0]
[11.0, 18.0, 12.0, 14.0, 18.0, 26.0, 9.0, 10.0, 6.0, 24.0, 7.0, 34.0, 32.0, 32.0, 27.0, 2.0, 34.0, 32.0, 32.0, 20.0, 35.0, 23.0, 12.0, 15.0, 21.0, 26.0, 17.0, 2.0]
[2.5, 3.5, 2.5, 2.5, 3.5, 2.5, 2.5, 2.5, 5.0, 5.0, 9.0, 9.0, 3.0, 1.9999999999999998, 1.9999999999999998, 3.0, 1.9999999999999998, 3.0, 3.0, 1.9999999999999998, 1.9999999999999998, 1.9999999999999998, 1.9999999999999998, 1.2, 1.9999999999999998, 1.2, 1.9999999999999998, 1.9999999999999998]
[3.5, 2.5, 3.5, 3.5, 2.5, 3.5, 3.5, 3.5, 5.0, 5.0, 9.0, 9.0, 1.9999999999999998, 3.0, 3.0, 1.9999999999999998, 3.0, 1.9999999999999998, 1.9999999999999998, 3.0, 1.2, 1.2, 1.2, 1.9999999999999998, 1.2, 1.9999999999999998, 1.2, 1.2]
T = 0.054975581388800036	 step = 539
74.18
13.796632634943178
[13.0, 30.0, 17.0, 9.0, 19.0, 6.0, 9.0, 5.0, 25.0, 17.0, 34.0, 12.0, 20.0, 35.0, 23.0, 6.0, 30.0, 3.0, 26.0, 10.0, 38.0, 38.0, 25.0, 21.0, 23.0, 2.0, 15.0, 14.0]
[11.0, 18.0, 12.0, 14.0, 18.0, 26.0, 9.0, 10.0, 6.0, 24.0, 7.0, 34.0, 32.0, 32.0, 27.0, 2.0, 34.0, 32.0, 32.0, 20.0, 35.0, 23.0, 12.0, 15.0, 21.0, 26.0, 17.0, 2.0]
[2.5, 3.5, 2.5, 2.5, 3.5, 2.5, 2.5, 2.5, 5.0, 5.0, 9.0, 9.0, 3.0, 1.9999999999999998, 1.9999999999999998, 3.0, 1.9999999999999998, 3.0, 3.0, 1.9999999999999998, 1.9999999999999998, 1.9999999999999998, 1.9999999999999998, 1.2, 1.9999999999999998, 1.2, 1.9999999999999998, 1.9999999999999998]
[3.5, 2.5, 3.5, 3.5, 2.5, 3.5, 3.5, 3.5, 5.0, 5.0, 9.0, 9.0, 1.9999999999999998, 3.0, 3.0, 1.9999999999999998, 3.0, 1.9999999999999998, 1.9999999999999998, 3.0, 1.2, 1.2, 1.2, 1.9999999999999998, 1.2, 1.9999999999999998, 1.2, 1.2]
T = 0.054975581388800036	 step = 540
74.23000000000002
13.515382634943178
[13.0, 30.0, 17.0, 9.0, 19.0, 6.0, 9.0, 5.0, 25.0, 17.0, 34.0, 12.0, 20.0, 35.0, 23.0, 6.0, 30.0, 3.0, 26.0, 10.0, 38.0, 38.0, 25.0, 21.0, 23.0, 2.0, 15.0, 14.0]
[11.0, 18.0, 12.0, 14.0, 18.0, 26.0, 9.0, 10.0, 6.0, 24.0, 7.0, 34.0, 32.0, 32.0, 27.0, 2.0, 25.0, 32.0, 32.0, 20.0, 35.0, 23.0, 12.0, 15.0, 21.0, 26.0, 17.0, 2.0]
[2.5, 3.5, 2.5, 2.5, 3.5, 2.5, 2.5, 2.5, 5.0, 5.0, 9.0, 9.0, 3.0, 1.9999999999999998, 1.9999999999999998, 3.0, 1.9999999999999998, 3.0, 3.0, 1.9999999999999998, 1.9999999999999998, 1.9999999999999998, 1.9999999999999998, 1.2, 1.9999999999999998, 1.2, 1.9999999999999998, 1.9999999999999998]
[3.5, 2.5, 3.5, 3.5, 2.5, 3.5, 3.5, 3.5, 5.0, 5.0, 9.0, 9.0, 1.9999999999999998, 3.0, 3.0, 1.9999999999999998, 3.0, 1.9999999999999998, 1.9999999999999998, 3.0, 1.2, 1.2, 1.2, 1.9999999999999998, 1.2, 1.9999999999999998, 1.2, 1.2]
T = 0.054975581388800036	 step = 541
74.03000000000003
13.452882634943181
[13.0, 30.0, 17.0, 9.0, 19.0, 6.0, 9.0, 5.0, 25.0, 17.0, 34.0, 12.0, 20.0, 35.0, 23.0, 6.0, 30.0, 3.0, 26.0, 10.0, 38.0, 38.0, 25.0, 21.0, 23.0, 2.0, 15.0, 14.0]
[11.0, 18.0, 12.0, 14.0, 18.0, 26.0, 9.0, 10.0, 6.0, 25.0, 7.0, 34.0, 32.0, 32.0, 27.0, 2.0, 25.0, 32.0, 32.0, 20.0, 35.0, 23.0, 12.0, 15.0, 21.0, 26.0, 17.0, 2.0]
[2.5, 3.5, 2.5, 2.5, 3.5, 2.5, 2.5, 2.5, 5.0, 5.0, 9.0, 9.0, 3.0, 1.9999999999999998, 1.9999999999999998, 3.0, 1.9999999999999998, 3.0, 3.0, 1.9999999999999998, 1.9999999999999998, 1.9999999999999998, 1.9999999999999998, 1.2, 1.9999999999999998, 1.2, 1.9999999999999998, 1.9999999999999998]
[3.5, 2.5, 3.5, 3.5, 2.5, 3.5, 3.5, 3.5, 5.0, 5.0, 9.0, 9.0, 1.9999999999999998, 3.0, 3.0, 1.9999999999999998, 3.0, 1.9999999999999998, 1.9999999999999998, 3.0, 1.2, 1.2, 1.2, 1.9999999999999998, 1.2, 1.9999999999999998, 1.2, 1.2]
T = 0.054975581388800036	 step = 542
74.04000000000002
13.456135475852271
[13.0, 30.0, 17.0, 9.0, 19.0, 6.0, 9.0, 5.0, 25.0, 17.0, 34.0, 12.0, 20.0, 35.0, 23.0, 6.0, 30.0, 3.0, 26.0, 10.0, 38.0, 38.0, 25.0, 21.0, 23.0, 3.0, 15.0, 14.0]
[11.0, 18.0, 12.0, 14.0, 18.0, 26.0, 9.0, 10.0, 6.0, 25.0, 7.0, 34.0, 32.0, 32.0, 27.0, 2.0, 25.0, 32.0, 32.0, 20.0, 35.0, 23.0, 12.0, 15.0, 21.0, 26.0, 17.0, 2.0]
[2.5, 3.5, 2.5, 2.5, 3.5, 2.5, 2.5, 2.5, 5.0, 5.0, 9.0, 9.0, 3.0, 1.9999999999999998, 1.9999999999999998, 3.0, 1.9999999999999998, 3.0, 3.0, 1.9999999999999998, 1.9999999999999998, 1.9999999999999998, 1.9999999999999998, 1.2, 1.9999999999999998, 1.2, 1.9999999999999998, 1.9999999999999998]
[3.5, 2.5, 3.5, 3.5, 2.5, 3.5, 3.5, 3.5, 5.0, 5.0, 9.0, 9.0, 1.9999999999999998, 3.0, 3.0, 1.9999999999999998, 3.0, 1.9999999999999998, 1.9999999999999998, 3.0, 1.2, 1.2, 1.2, 1.9999999999999998, 1.2, 1.9999999999999998, 1.2, 1.2]
T = 0.054975581388800036	 step = 543
74.05000000000001
13.440510475852271
[13.0, 30.0, 17.0, 9.0, 19.0, 6.0, 9.0, 5.0, 25.0, 17.0, 34.0, 12.0, 20.0, 35.0, 23.0, 6.0, 30.0, 3.0, 26.0, 10.0, 38.0, 38.0, 25.0, 21.0, 23.0, 3.0, 15.0, 14.0]
[11.0, 18.0, 12.0, 14.0, 18.0, 26.0, 9.0, 10.0, 6.0, 25.0, 7.0, 34.0, 32.0, 32.0, 27.0, 2.0, 25.0, 32.0, 32.0, 20.0, 35.0, 23.0, 13.0, 15.0, 21.0, 26.0, 17.0, 2.0]
[2.5, 3.5, 2.5, 2.5, 3.5, 2.5, 2.5, 2.5, 5.0, 5.0, 9.0, 9.0, 3.0, 1.9999999999999998, 1.9999999999999998, 3.0, 1.9999999999999998, 3.0, 3.0, 1.9999999999999998, 1.9999999999999998, 1.9999999999999998, 1.9999999999999998, 1.2, 1.9999999999999998, 1.2, 1.9999999999999998, 1.9999999999999998]
[3.5, 2.5, 3.5, 3.5, 2.5, 3.5, 3.5, 3.5, 5.0, 5.0, 9.0, 9.0, 1.9999999999999998, 3.0, 3.0, 1.9999999999999998, 3.0, 1.9999999999999998, 1.9999999999999998, 3.0, 1.2, 1.2, 1.2, 1.9999999999999998, 1.2, 1.9999999999999998, 1.2, 1.2]
T = 0.054975581388800036	 step = 544
74.05000000000001
13.471760475852271
[13.0, 30.0, 17.0, 9.0, 19.0, 6.0, 9.0, 5.0, 25.0, 17.0, 34.0, 12.0, 20.0, 35.0, 23.0, 5.0, 30.0, 3.0, 26.0, 10.0, 38.0, 38.0, 25.0, 21.0, 23.0, 3.0, 15.0, 14.0]
[11.0, 18.0, 12.0, 14.0, 18.0, 26.0, 9.0, 10.0, 6.0, 25.0, 7.0, 34.0, 32.0, 32.0, 27.0, 2.0, 25.0, 32.0, 32.0, 20.0, 35.0, 23.0, 13.0, 15.0, 21.0, 26.0, 17.0, 2.0]
[2.5, 3.5, 2.5, 2.5, 3.5, 2.5, 2.5, 2.5, 5.0, 5.0, 9.0, 9.0, 3.0, 1.9999999999999998, 1.9999999999999998, 3.0, 1.9999999999999998, 3.0, 3.0, 1.9999999999999998, 1.9999999999999998, 1.9999999999999998, 1.9999999999999998, 1.2, 1.9999999999999998, 1.2, 1.9999999999999998, 1.9999999999999998]
[3.5, 2.5, 3.5, 3.5, 2.5, 3.5, 3.5, 3.5, 5.0, 5.0, 9.0, 9.0, 1.9999999999999998, 3.0, 3.0, 1.9999999999999998, 3.0, 1.9999999999999998, 1.9999999999999998, 3.0, 1.2, 1.2, 1.2, 1.9999999999999998, 1.2, 1.9999999999999998, 1.2, 1.2]
T = 0.054975581388800036	 step = 545
74.02000000000004
13.549885475852271
[13.0, 31.0, 17.0, 9.0, 19.0, 6.0, 9.0, 5.0, 25.0, 17.0, 34.0, 12.0, 20.0, 35.0, 23.0, 5.0, 30.0, 3.0, 26.0, 10.0, 38.0, 38.0, 25.0, 21.0, 23.0, 3.0, 15.0, 14.0]
[11.0, 18.0, 12.0, 14.0, 18.0, 26.0, 9.0, 10.0, 6.0, 25.0, 7.0, 34.0, 32.0, 32.0, 27.0, 2.0, 25.0, 32.0, 32.0, 20.0, 35.0, 23.0, 13.0, 15.0, 21.0, 26.0, 17.0, 2.0]
[2.5, 3.5, 2.5, 2.5, 3.5, 2.5, 2.5, 2.5, 5.0, 5.0, 9.0, 9.0, 3.0, 1.9999999999999998, 1.9999999999999998, 3.0, 1.9999999999999998, 3.0, 3.0, 1.9999999999999998, 1.9999999999999998, 1.9999999999999998, 1.9999999999999998, 1.2, 1.9999999999999998, 1.2, 1.9999999999999998, 1.9999999999999998]
[3.5, 2.5, 3.5, 3.5, 2.5, 3.5, 3.5, 3.5, 5.0, 5.0, 9.0, 9.0, 1.9999999999999998, 3.0, 3.0, 1.9999999999999998, 3.0, 1.9999999999999998, 1.9999999999999998, 3.0, 1.2, 1.2, 1.2, 1.9999999999999998, 1.2, 1.9999999999999998, 1.2, 1.2]
T = 0.054975581388800036	 step = 546
73.99000000000001
13.496263316761361
[13.0, 31.0, 17.0, 9.0, 19.0, 6.0, 9.0, 5.0, 25.0, 17.0, 34.0, 12.0, 20.0, 35.0, 23.0, 5.0, 30.0, 3.0, 26.0, 10.0, 38.0, 38.0, 25.0, 21.0, 23.0, 3.0, 15.0, 14.0]
[11.0, 18.0, 12.0, 14.0, 18.0, 26.0, 9.0, 10.0, 6.0, 25.0, 6.0, 34.0, 32.0, 32.0, 27.0, 2.0, 25.0, 32.0, 32.0, 20.0, 35.0, 23.0, 13.0, 15.0, 21.0, 26.0, 17.0, 2.0]
[2.5, 3.5, 2.5, 2.5, 3.5, 2.5, 2.5, 2.5, 5.0, 5.0, 9.0, 9.0, 3.0, 1.9999999999999998, 1.9999999999999998, 3.0, 1.9999999999999998, 3.0, 3.0, 1.9999999999999998, 1.9999999999999998, 1.9999999999999998, 1.9999999999999998, 1.2, 1.9999999999999998, 1.2, 1.9999999999999998, 1.9999999999999998]
[3.5, 2.5, 3.5, 3.5, 2.5, 3.5, 3.5, 3.5, 5.0, 5.0, 9.0, 9.0, 1.9999999999999998, 3.0, 3.0, 1.9999999999999998, 3.0, 1.9999999999999998, 1.9999999999999998, 3.0, 1.2, 1.2, 1.2, 1.9999999999999998, 1.2, 1.9999999999999998, 1.2, 1.2]
T = 0.054975581388800036	 step = 547
74.0
13.418138316761361
[13.0, 31.0, 17.0, 9.0, 19.0, 6.0, 9.0, 5.0, 25.0, 17.0, 34.0, 12.0, 20.0, 35.0, 23.0, 5.0, 30.0, 3.0, 26.0, 10.0, 38.0, 38.0, 25.0, 21.0, 23.0, 3.0, 15.0, 14.0]
[11.0, 18.0, 12.0, 14.0, 18.0, 25.0, 9.0, 10.0, 6.0, 25.0, 6.0, 34.0, 32.0, 32.0, 27.0, 2.0, 25.0, 32.0, 32.0, 20.0, 35.0, 23.0, 13.0, 15.0, 21.0, 26.0, 17.0, 2.0]
[2.5, 3.5, 2.5, 2.5, 3.5, 2.5, 2.5, 2.5, 5.0, 5.0, 9.0, 9.0, 3.0, 1.9999999999999998, 1.9999999999999998, 3.0, 1.9999999999999998, 3.0, 3.0, 1.9999999999999998, 1.9999999999999998, 1.9999999999999998, 1.9999999999999998, 1.2, 1.9999999999999998, 1.2, 1.9999999999999998, 1.9999999999999998]
[3.5, 2.5, 3.5, 3.5, 2.5, 3.5, 3.5, 3.5, 5.0, 5.0, 9.0, 9.0, 1.9999999999999998, 3.0, 3.0, 1.9999999999999998, 3.0, 1.9999999999999998, 1.9999999999999998, 3.0, 1.2, 1.2, 1.2, 1.9999999999999998, 1.2, 1.9999999999999998, 1.2, 1.2]
T = 0.054975581388800036	 step = 548
74.0
13.418138316761361
[13.0, 31.0, 17.0, 9.0, 19.0, 6.0, 9.0, 5.0, 24.0, 17.0, 34.0, 12.0, 20.0, 35.0, 23.0, 5.0, 30.0, 3.0, 26.0, 10.0, 38.0, 38.0, 25.0, 21.0, 23.0, 3.0, 15.0, 14.0]
[11.0, 18.0, 12.0, 14.0, 18.0, 25.0, 9.0, 10.0, 6.0, 25.0, 6.0, 34.0, 32.0, 32.0, 27.0, 2.0, 25.0, 32.0, 32.0, 20.0, 35.0, 23.0, 13.0, 15.0, 21.0, 26.0, 17.0, 2.0]
[2.5, 3.5, 2.5, 2.5, 3.5, 2.5, 2.5, 2.5, 5.0, 5.0, 9.0, 9.0, 3.0, 1.9999999999999998, 1.9999999999999998, 3.0, 1.9999999999999998, 3.0, 3.0, 1.9999999999999998, 1.9999999999999998, 1.9999999999999998, 1.9999999999999998, 1.2, 1.9999999999999998, 1.2, 1.9999999999999998, 1.9999999999999998]
[3.5, 2.5, 3.5, 3.5, 2.5, 3.5, 3.5, 3.5, 5.0, 5.0, 9.0, 9.0, 1.9999999999999998, 3.0, 3.0, 1.9999999999999998, 3.0, 1.9999999999999998, 1.9999999999999998, 3.0, 1.2, 1.2, 1.2, 1.9999999999999998, 1.2, 1.9999999999999998, 1.2, 1.2]
T = 0.054975581388800036	 step = 549
74.0
13.371263316761361
[14.0, 31.0, 17.0, 9.0, 19.0, 6.0, 9.0, 5.0, 24.0, 17.0, 34.0, 12.0, 20.0, 35.0, 23.0, 5.0, 30.0, 3.0, 26.0, 10.0, 38.0, 38.0, 25.0, 21.0, 23.0, 3.0, 15.0, 14.0]
[11.0, 18.0, 12.0, 14.0, 18.0, 25.0, 9.0, 10.0, 6.0, 25.0, 6.0, 34.0, 32.0, 32.0, 27.0, 2.0, 25.0, 32.0, 32.0, 20.0, 35.0, 23.0, 13.0, 15.0, 21.0, 26.0, 17.0, 2.0]
[2.5, 3.5, 2.5, 2.5, 3.5, 2.5, 2.5, 2.5, 5.0, 5.0, 9.0, 9.0, 3.0, 1.9999999999999998, 1.9999999999999998, 3.0, 1.9999999999999998, 3.0, 3.0, 1.9999999999999998, 1.9999999999999998, 1.9999999999999998, 1.9999999999999998, 1.2, 1.9999999999999998, 1.2, 1.9999999999999998, 1.9999999999999998]
[3.5, 2.5, 3.5, 3.5, 2.5, 3.5, 3.5, 3.5, 5.0, 5.0, 9.0, 9.0, 1.9999999999999998, 3.0, 3.0, 1.9999999999999998, 3.0, 1.9999999999999998, 1.9999999999999998, 3.0, 1.2, 1.2, 1.2, 1.9999999999999998, 1.2, 1.9999999999999998, 1.2, 1.2]
T = 0.054975581388800036	 step = 550
74.02000000000004
13.273875177556816
[14.0, 31.0, 17.0, 9.0, 19.0, 6.0, 9.0, 5.0, 24.0, 17.0, 34.0, 12.0, 20.0, 35.0, 23.0, 5.0, 30.0, 3.0, 26.0, 10.0, 38.0, 38.0, 25.0, 21.0, 23.0, 3.0, 15.0, 14.0]
[11.0, 18.0, 12.0, 14.0, 18.0, 25.0, 9.0, 11.0, 6.0, 25.0, 6.0, 34.0, 32.0, 32.0, 27.0, 2.0, 25.0, 32.0, 32.0, 20.0, 35.0, 23.0, 13.0, 15.0, 21.0, 26.0, 17.0, 2.0]
[2.5, 3.5, 2.5, 2.5, 3.5, 2.5, 2.5, 2.5, 5.0, 5.0, 9.0, 9.0, 3.0, 1.9999999999999998, 1.9999999999999998, 3.0, 1.9999999999999998, 3.0, 3.0, 1.9999999999999998, 1.9999999999999998, 1.9999999999999998, 1.9999999999999998, 1.2, 1.9999999999999998, 1.2, 1.9999999999999998, 1.9999999999999998]
[3.5, 2.5, 3.5, 3.5, 2.5, 3.5, 3.5, 3.5, 5.0, 5.0, 9.0, 9.0, 1.9999999999999998, 3.0, 3.0, 1.9999999999999998, 3.0, 1.9999999999999998, 1.9999999999999998, 3.0, 1.2, 1.2, 1.2, 1.9999999999999998, 1.2, 1.9999999999999998, 1.2, 1.2]
T = 0.054975581388800036	 step = 551
73.88
14.130123401988635
[14.0, 31.0, 34.0, 9.0, 19.0, 6.0, 9.0, 5.0, 24.0, 17.0, 34.0, 12.0, 20.0, 35.0, 23.0, 5.0, 30.0, 3.0, 26.0, 10.0, 38.0, 38.0, 25.0, 21.0, 23.0, 3.0, 15.0, 14.0]
[11.0, 18.0, 23.0, 14.0, 18.0, 25.0, 9.0, 11.0, 6.0, 25.0, 6.0, 34.0, 32.0, 32.0, 27.0, 2.0, 25.0, 32.0, 32.0, 20.0, 35.0, 23.0, 13.0, 15.0, 21.0, 26.0, 17.0, 2.0]
[2.5, 3.5, 2.5, 2.5, 3.5, 2.5, 2.5, 2.5, 5.0, 5.0, 9.0, 9.0, 3.0, 1.9999999999999998, 1.9999999999999998, 3.0, 1.9999999999999998, 3.0, 3.0, 1.9999999999999998, 1.9999999999999998, 1.9999999999999998, 1.9999999999999998, 1.2, 1.9999999999999998, 1.2, 1.9999999999999998, 1.9999999999999998]
[3.5, 2.5, 3.5, 3.5, 2.5, 3.5, 3.5, 3.5, 5.0, 5.0, 9.0, 9.0, 1.9999999999999998, 3.0, 3.0, 1.9999999999999998, 3.0, 1.9999999999999998, 1.9999999999999998, 3.0, 1.2, 1.2, 1.2, 1.9999999999999998, 1.2, 1.9999999999999998, 1.2, 1.2]
T = 0.054975581388800036	 step = 552
74.03000000000003
13.289500177556816
[14.0, 31.0, 17.0, 9.0, 19.0, 6.0, 9.0, 5.0, 24.0, 17.0, 34.0, 12.0, 20.0, 35.0, 23.0, 5.0, 30.0, 3.0, 26.0, 10.0, 38.0, 38.0, 25.0, 21.0, 23.0, 3.0, 15.0, 14.0]
[11.0, 19.0, 12.0, 14.0, 18.0, 25.0, 9.0, 11.0, 6.0, 25.0, 6.0, 34.0, 32.0, 32.0, 27.0, 2.0, 25.0, 32.0, 32.0, 20.0, 35.0, 23.0, 13.0, 15.0, 21.0, 26.0, 17.0, 2.0]
[2.5, 3.5, 2.5, 2.5, 3.5, 2.5, 2.5, 2.5, 5.0, 5.0, 9.0, 9.0, 3.0, 1.9999999999999998, 1.9999999999999998, 3.0, 1.9999999999999998, 3.0, 3.0, 1.9999999999999998, 1.9999999999999998, 1.9999999999999998, 1.9999999999999998, 1.2, 1.9999999999999998, 1.2, 1.9999999999999998, 1.9999999999999998]
[3.5, 2.5, 3.5, 3.5, 2.5, 3.5, 3.5, 3.5, 5.0, 5.0, 9.0, 9.0, 1.9999999999999998, 3.0, 3.0, 1.9999999999999998, 3.0, 1.9999999999999998, 1.9999999999999998, 3.0, 1.2, 1.2, 1.2, 1.9999999999999998, 1.2, 1.9999999999999998, 1.2, 1.2]
T = 0.054975581388800036	 step = 553
74.04000000000002
13.258250177556816
[14.0, 31.0, 17.0, 9.0, 19.0, 6.0, 9.0, 5.0, 24.0, 17.0, 34.0, 12.0, 20.0, 35.0, 23.0, 5.0, 30.0, 3.0, 26.0, 10.0, 38.0, 38.0, 25.0, 21.0, 23.0, 3.0, 15.0, 14.0]
[11.0, 19.0, 12.0, 14.0, 18.0, 25.0, 9.0, 11.0, 6.0, 25.0, 6.0, 34.0, 32.0, 31.0, 27.0, 2.0, 25.0, 32.0, 32.0, 20.0, 35.0, 23.0, 13.0, 15.0, 21.0, 26.0, 17.0, 2.0]
[2.5, 3.5, 2.5, 2.5, 3.5, 2.5, 2.5, 2.5, 5.0, 5.0, 9.0, 9.0, 3.0, 1.9999999999999998, 1.9999999999999998, 3.0, 1.9999999999999998, 3.0, 3.0, 1.9999999999999998, 1.9999999999999998, 1.9999999999999998, 1.9999999999999998, 1.2, 1.9999999999999998, 1.2, 1.9999999999999998, 1.9999999999999998]
[3.5, 2.5, 3.5, 3.5, 2.5, 3.5, 3.5, 3.5, 5.0, 5.0, 9.0, 9.0, 1.9999999999999998, 3.0, 3.0, 1.9999999999999998, 3.0, 1.9999999999999998, 1.9999999999999998, 3.0, 1.2, 1.2, 1.2, 1.9999999999999998, 1.2, 1.9999999999999998, 1.2, 1.2]
T = 0.054975581388800036	 step = 554
74.07000000000005
13.180125177556818
[14.0, 30.0, 17.0, 9.0, 19.0, 6.0, 9.0, 5.0, 24.0, 17.0, 34.0, 12.0, 20.0, 35.0, 23.0, 5.0, 30.0, 3.0, 26.0, 10.0, 38.0, 38.0, 25.0, 21.0, 23.0, 3.0, 15.0, 14.0]
[11.0, 19.0, 12.0, 14.0, 18.0, 25.0, 9.0, 11.0, 6.0, 25.0, 6.0, 34.0, 32.0, 31.0, 27.0, 2.0, 25.0, 32.0, 32.0, 20.0, 35.0, 23.0, 13.0, 15.0, 21.0, 26.0, 17.0, 2.0]
[2.5, 3.5, 2.5, 2.5, 3.5, 2.5, 2.5, 2.5, 5.0, 5.0, 9.0, 9.0, 3.0, 1.9999999999999998, 1.9999999999999998, 3.0, 1.9999999999999998, 3.0, 3.0, 1.9999999999999998, 1.9999999999999998, 1.9999999999999998, 1.9999999999999998, 1.2, 1.9999999999999998, 1.2, 1.9999999999999998, 1.9999999999999998]
[3.5, 2.5, 3.5, 3.5, 2.5, 3.5, 3.5, 3.5, 5.0, 5.0, 9.0, 9.0, 1.9999999999999998, 3.0, 3.0, 1.9999999999999998, 3.0, 1.9999999999999998, 1.9999999999999998, 3.0, 1.2, 1.2, 1.2, 1.9999999999999998, 1.2, 1.9999999999999998, 1.2, 1.2]
T = 0.054975581388800036	 step = 555
74.06
13.148875177556818
[14.0, 30.0, 17.0, 9.0, 19.0, 6.0, 9.0, 5.0, 24.0, 17.0, 34.0, 12.0, 20.0, 35.0, 23.0, 5.0, 30.0, 3.0, 26.0, 10.0, 38.0, 38.0, 25.0, 21.0, 23.0, 3.0, 15.0, 14.0]
[11.0, 19.0, 12.0, 14.0, 18.0, 25.0, 9.0, 11.0, 6.0, 25.0, 6.0, 34.0, 32.0, 31.0, 27.0, 2.0, 25.0, 32.0, 32.0, 19.0, 35.0, 23.0, 13.0, 15.0, 21.0, 26.0, 17.0, 2.0]
[2.5, 3.5, 2.5, 2.5, 3.5, 2.5, 2.5, 2.5, 5.0, 5.0, 9.0, 9.0, 3.0, 1.9999999999999998, 1.9999999999999998, 3.0, 1.9999999999999998, 3.0, 3.0, 1.9999999999999998, 1.9999999999999998, 1.9999999999999998, 1.9999999999999998, 1.2, 1.9999999999999998, 1.2, 1.9999999999999998, 1.9999999999999998]
[3.5, 2.5, 3.5, 3.5, 2.5, 3.5, 3.5, 3.5, 5.0, 5.0, 9.0, 9.0, 1.9999999999999998, 3.0, 3.0, 1.9999999999999998, 3.0, 1.9999999999999998, 1.9999999999999998, 3.0, 1.2, 1.2, 1.2, 1.9999999999999998, 1.2, 1.9999999999999998, 1.2, 1.2]
T = 0.054975581388800036	 step = 556
74.05000000000001
13.148875177556818
[14.0, 30.0, 17.0, 9.0, 19.0, 6.0, 9.0, 5.0, 24.0, 17.0, 34.0, 12.0, 20.0, 35.0, 23.0, 5.0, 30.0, 3.0, 26.0, 9.0, 38.0, 38.0, 25.0, 21.0, 23.0, 3.0, 15.0, 14.0]
[11.0, 19.0, 12.0, 14.0, 18.0, 25.0, 9.0, 11.0, 6.0, 25.0, 6.0, 34.0, 32.0, 31.0, 27.0, 2.0, 25.0, 32.0, 32.0, 19.0, 35.0, 23.0, 13.0, 15.0, 21.0, 26.0, 17.0, 2.0]
[2.5, 3.5, 2.5, 2.5, 3.5, 2.5, 2.5, 2.5, 5.0, 5.0, 9.0, 9.0, 3.0, 1.9999999999999998, 1.9999999999999998, 3.0, 1.9999999999999998, 3.0, 3.0, 1.9999999999999998, 1.9999999999999998, 1.9999999999999998, 1.9999999999999998, 1.2, 1.9999999999999998, 1.2, 1.9999999999999998, 1.9999999999999998]
[3.5, 2.5, 3.5, 3.5, 2.5, 3.5, 3.5, 3.5, 5.0, 5.0, 9.0, 9.0, 1.9999999999999998, 3.0, 3.0, 1.9999999999999998, 3.0, 1.9999999999999998, 1.9999999999999998, 3.0, 1.2, 1.2, 1.2, 1.9999999999999998, 1.2, 1.9999999999999998, 1.2, 1.2]
T = 0.054975581388800036	 step = 557
74.05000000000001
13.164500177556816
[14.0, 30.0, 17.0, 9.0, 19.0, 6.0, 9.0, 5.0, 24.0, 17.0, 34.0, 12.0, 20.0, 35.0, 23.0, 5.0, 30.0, 3.0, 26.0, 9.0, 38.0, 38.0, 25.0, 21.0, 23.0, 3.0, 15.0, 14.0]
[11.0, 19.0, 12.0, 14.0, 18.0, 25.0, 9.0, 11.0, 6.0, 25.0, 6.0, 34.0, 32.0, 31.0, 27.0, 2.0, 25.0, 32.0, 32.0, 19.0, 35.0, 22.0, 13.0, 15.0, 21.0, 26.0, 17.0, 2.0]
[2.5, 3.5, 2.5, 2.5, 3.5, 2.5, 2.5, 2.5, 5.0, 5.0, 9.0, 9.0, 3.0, 1.9999999999999998, 1.9999999999999998, 3.0, 1.9999999999999998, 3.0, 3.0, 1.9999999999999998, 1.9999999999999998, 1.9999999999999998, 1.9999999999999998, 1.2, 1.9999999999999998, 1.2, 1.9999999999999998, 1.9999999999999998]
[3.5, 2.5, 3.5, 3.5, 2.5, 3.5, 3.5, 3.5, 5.0, 5.0, 9.0, 9.0, 1.9999999999999998, 3.0, 3.0, 1.9999999999999998, 3.0, 1.9999999999999998, 1.9999999999999998, 3.0, 1.2, 1.2, 1.2, 1.9999999999999998, 1.2, 1.9999999999999998, 1.2, 1.2]
T = 0.054975581388800036	 step = 558
74.06
13.148875177556816
[14.0, 30.0, 17.0, 9.0, 19.0, 6.0, 9.0, 5.0, 24.0, 17.0, 34.0, 12.0, 20.0, 35.0, 23.0, 5.0, 30.0, 3.0, 26.0, 9.0, 37.0, 38.0, 25.0, 21.0, 23.0, 3.0, 15.0, 14.0]
[11.0, 19.0, 12.0, 14.0, 18.0, 25.0, 9.0, 11.0, 6.0, 25.0, 6.0, 34.0, 32.0, 31.0, 27.0, 2.0, 25.0, 32.0, 32.0, 19.0, 35.0, 22.0, 13.0, 15.0, 21.0, 26.0, 17.0, 2.0]
[2.5, 3.5, 2.5, 2.5, 3.5, 2.5, 2.5, 2.5, 5.0, 5.0, 9.0, 9.0, 3.0, 1.9999999999999998, 1.9999999999999998, 3.0, 1.9999999999999998, 3.0, 3.0, 1.9999999999999998, 1.9999999999999998, 1.9999999999999998, 1.9999999999999998, 1.2, 1.9999999999999998, 1.2, 1.9999999999999998, 1.9999999999999998]
[3.5, 2.5, 3.5, 3.5, 2.5, 3.5, 3.5, 3.5, 5.0, 5.0, 9.0, 9.0, 1.9999999999999998, 3.0, 3.0, 1.9999999999999998, 3.0, 1.9999999999999998, 1.9999999999999998, 3.0, 1.2, 1.2, 1.2, 1.9999999999999998, 1.2, 1.9999999999999998, 1.2, 1.2]
T = 0.054975581388800036	 step = 559
73.97000000000003
13.336375177556816
[13.0, 30.0, 17.0, 9.0, 19.0, 6.0, 9.0, 5.0, 24.0, 17.0, 34.0, 12.0, 20.0, 35.0, 23.0, 5.0, 30.0, 3.0, 26.0, 9.0, 37.0, 38.0, 25.0, 21.0, 23.0, 3.0, 15.0, 14.0]
[8.0, 19.0, 12.0, 14.0, 18.0, 25.0, 9.0, 11.0, 6.0, 25.0, 6.0, 34.0, 32.0, 31.0, 27.0, 2.0, 25.0, 32.0, 32.0, 19.0, 35.0, 22.0, 13.0, 15.0, 21.0, 26.0, 17.0, 2.0]
[3.5, 3.5, 2.5, 2.5, 3.5, 2.5, 2.5, 2.5, 5.0, 5.0, 9.0, 9.0, 3.0, 1.9999999999999998, 1.9999999999999998, 3.0, 1.9999999999999998, 3.0, 3.0, 1.9999999999999998, 1.9999999999999998, 1.9999999999999998, 1.9999999999999998, 1.2, 1.9999999999999998, 1.2, 1.9999999999999998, 1.9999999999999998]
[2.5, 2.5, 3.5, 3.5, 2.5, 3.5, 3.5, 3.5, 5.0, 5.0, 9.0, 9.0, 1.9999999999999998, 3.0, 3.0, 1.9999999999999998, 3.0, 1.9999999999999998, 1.9999999999999998, 3.0, 1.2, 1.2, 1.2, 1.9999999999999998, 1.2, 1.9999999999999998, 1.2, 1.2]
T = 0.054975581388800036	 step = 560
73.97000000000003
13.352000177556816
[13.0, 30.0, 17.0, 9.0, 19.0, 6.0, 9.0, 5.0, 24.0, 17.0, 34.0, 12.0, 20.0, 35.0, 23.0, 5.0, 30.0, 3.0, 26.0, 9.0, 37.0, 38.0, 25.0, 21.0, 23.0, 3.0, 14.0, 14.0]
[8.0, 19.0, 12.0, 14.0, 18.0, 25.0, 9.0, 11.0, 6.0, 25.0, 6.0, 34.0, 32.0, 31.0, 27.0, 2.0, 25.0, 32.0, 32.0, 19.0, 35.0, 22.0, 13.0, 15.0, 21.0, 26.0, 17.0, 2.0]
[3.5, 3.5, 2.5, 2.5, 3.5, 2.5, 2.5, 2.5, 5.0, 5.0, 9.0, 9.0, 3.0, 1.9999999999999998, 1.9999999999999998, 3.0, 1.9999999999999998, 3.0, 3.0, 1.9999999999999998, 1.9999999999999998, 1.9999999999999998, 1.9999999999999998, 1.2, 1.9999999999999998, 1.2, 1.9999999999999998, 1.9999999999999998]
[2.5, 2.5, 3.5, 3.5, 2.5, 3.5, 3.5, 3.5, 5.0, 5.0, 9.0, 9.0, 1.9999999999999998, 3.0, 3.0, 1.9999999999999998, 3.0, 1.9999999999999998, 1.9999999999999998, 3.0, 1.2, 1.2, 1.2, 1.9999999999999998, 1.2, 1.9999999999999998, 1.2, 1.2]
T = 0.054975581388800036	 step = 561
73.96000000000004
13.383250177556818
[13.0, 30.0, 17.0, 9.0, 19.0, 6.0, 9.0, 5.0, 24.0, 17.0, 34.0, 12.0, 20.0, 35.0, 23.0, 5.0, 30.0, 3.0, 26.0, 9.0, 37.0, 38.0, 25.0, 21.0, 23.0, 3.0, 14.0, 14.0]
[8.0, 19.0, 12.0, 14.0, 18.0, 25.0, 9.0, 11.0, 6.0, 25.0, 6.0, 34.0, 32.0, 31.0, 27.0, 2.0, 25.0, 33.0, 32.0, 19.0, 35.0, 22.0, 13.0, 15.0, 21.0, 26.0, 17.0, 2.0]
[3.5, 3.5, 2.5, 2.5, 3.5, 2.5, 2.5, 2.5, 5.0, 5.0, 9.0, 9.0, 3.0, 1.9999999999999998, 1.9999999999999998, 3.0, 1.9999999999999998, 3.0, 3.0, 1.9999999999999998, 1.9999999999999998, 1.9999999999999998, 1.9999999999999998, 1.2, 1.9999999999999998, 1.2, 1.9999999999999998, 1.9999999999999998]
[2.5, 2.5, 3.5, 3.5, 2.5, 3.5, 3.5, 3.5, 5.0, 5.0, 9.0, 9.0, 1.9999999999999998, 3.0, 3.0, 1.9999999999999998, 3.0, 1.9999999999999998, 1.9999999999999998, 3.0, 1.2, 1.2, 1.2, 1.9999999999999998, 1.2, 1.9999999999999998, 1.2, 1.2]
T = 0.043980465111040035	 step = 562
74.0
13.383202237215905
[13.0, 30.0, 17.0, 9.0, 19.0, 6.0, 9.0, 5.0, 24.0, 17.0, 34.0, 12.0, 20.0, 35.0, 22.0, 5.0, 30.0, 3.0, 26.0, 9.0, 37.0, 38.0, 25.0, 21.0, 23.0, 3.0, 14.0, 14.0]
[8.0, 19.0, 12.0, 14.0, 18.0, 25.0, 9.0, 11.0, 6.0, 25.0, 6.0, 34.0, 32.0, 31.0, 27.0, 2.0, 25.0, 33.0, 32.0, 19.0, 35.0, 22.0, 13.0, 15.0, 21.0, 26.0, 17.0, 2.0]
[3.5, 3.5, 2.5, 2.5, 3.5, 2.5, 2.5, 2.5, 5.0, 5.0, 9.0, 9.0, 3.0, 1.9999999999999998, 1.9999999999999998, 3.0, 1.9999999999999998, 3.0, 3.0, 1.9999999999999998, 1.9999999999999998, 1.9999999999999998, 1.9999999999999998, 1.2, 1.9999999999999998, 1.2, 1.9999999999999998, 1.9999999999999998]
[2.5, 2.5, 3.5, 3.5, 2.5, 3.5, 3.5, 3.5, 5.0, 5.0, 9.0, 9.0, 1.9999999999999998, 3.0, 3.0, 1.9999999999999998, 3.0, 1.9999999999999998, 1.9999999999999998, 3.0, 1.2, 1.2, 1.2, 1.9999999999999998, 1.2, 1.9999999999999998, 1.2, 1.2]
T = 0.043980465111040035	 step = 563
73.75
13.966531427556816
[13.0, 4.0, 17.0, 9.0, 19.0, 6.0, 9.0, 5.0, 24.0, 17.0, 34.0, 12.0, 20.0, 35.0, 22.0, 5.0, 30.0, 3.0, 26.0, 9.0, 37.0, 38.0, 25.0, 21.0, 23.0, 3.0, 14.0, 14.0]
[8.0, 6.0, 12.0, 14.0, 18.0, 25.0, 9.0, 11.0, 6.0, 25.0, 6.0, 34.0, 32.0, 31.0, 27.0, 2.0, 25.0, 33.0, 32.0, 19.0, 35.0, 22.0, 13.0, 15.0, 21.0, 26.0, 17.0, 2.0]
[3.5, 2.5, 2.5, 2.5, 3.5, 2.5, 2.5, 2.5, 5.0, 5.0, 9.0, 9.0, 3.0, 1.9999999999999998, 1.9999999999999998, 3.0, 1.9999999999999998, 3.0, 3.0, 1.9999999999999998, 1.9999999999999998, 1.9999999999999998, 1.9999999999999998, 1.2, 1.9999999999999998, 1.2, 1.9999999999999998, 1.9999999999999998]
[2.5, 3.5, 3.5, 3.5, 2.5, 3.5, 3.5, 3.5, 5.0, 5.0, 9.0, 9.0, 1.9999999999999998, 3.0, 3.0, 1.9999999999999998, 3.0, 1.9999999999999998, 1.9999999999999998, 3.0, 1.2, 1.2, 1.2, 1.9999999999999998, 1.2, 1.9999999999999998, 1.2, 1.2]
T = 0.043980465111040035	 step = 564
73.99000000000001
13.398827237215905
[13.0, 30.0, 17.0, 9.0, 19.0, 6.0, 9.0, 5.0, 24.0, 17.0, 34.0, 12.0, 20.0, 35.0, 22.0, 5.0, 30.0, 3.0, 26.0, 9.0, 37.0, 38.0, 25.0, 22.0, 23.0, 3.0, 14.0, 14.0]
[8.0, 19.0, 12.0, 14.0, 18.0, 25.0, 9.0, 11.0, 6.0, 25.0, 6.0, 34.0, 32.0, 31.0, 27.0, 2.0, 25.0, 33.0, 32.0, 19.0, 35.0, 22.0, 13.0, 15.0, 21.0, 26.0, 17.0, 2.0]
[3.5, 3.5, 2.5, 2.5, 3.5, 2.5, 2.5, 2.5, 5.0, 5.0, 9.0, 9.0, 3.0, 1.9999999999999998, 1.9999999999999998, 3.0, 1.9999999999999998, 3.0, 3.0, 1.9999999999999998, 1.9999999999999998, 1.9999999999999998, 1.9999999999999998, 1.2, 1.9999999999999998, 1.2, 1.9999999999999998, 1.9999999999999998]
[2.5, 2.5, 3.5, 3.5, 2.5, 3.5, 3.5, 3.5, 5.0, 5.0, 9.0, 9.0, 1.9999999999999998, 3.0, 3.0, 1.9999999999999998, 3.0, 1.9999999999999998, 1.9999999999999998, 3.0, 1.2, 1.2, 1.2, 1.9999999999999998, 1.2, 1.9999999999999998, 1.2, 1.2]
T = 0.043980465111040035	 step = 565
73.93
13.695702237215905
[13.0, 30.0, 17.0, 9.0, 19.0, 6.0, 9.0, 5.0, 24.0, 17.0, 34.0, 12.0, 20.0, 35.0, 22.0, 5.0, 30.0, 3.0, 26.0, 9.0, 37.0, 38.0, 25.0, 22.0, 23.0, 3.0, 14.0, 14.0]
[8.0, 19.0, 12.0, 14.0, 18.0, 25.0, 9.0, 11.0, 6.0, 25.0, 6.0, 34.0, 32.0, 31.0, 27.0, 2.0, 25.0, 33.0, 32.0, 19.0, 35.0, 22.0, 13.0, 15.0, 21.0, 7.0, 17.0, 2.0]
[3.5, 3.5, 2.5, 2.5, 3.5, 2.5, 2.5, 2.5, 5.0, 5.0, 9.0, 9.0, 3.0, 1.9999999999999998, 1.9999999999999998, 3.0, 1.9999999999999998, 3.0, 3.0, 1.9999999999999998, 1.9999999999999998, 1.9999999999999998, 1.9999999999999998, 1.2, 1.9999999999999998, 1.2, 1.9999999999999998, 1.9999999999999998]
[2.5, 2.5, 3.5, 3.5, 2.5, 3.5, 3.5, 3.5, 5.0, 5.0, 9.0, 9.0, 1.9999999999999998, 3.0, 3.0, 1.9999999999999998, 3.0, 1.9999999999999998, 1.9999999999999998, 3.0, 1.2, 1.2, 1.2, 1.9999999999999998, 1.2, 1.9999999999999998, 1.2, 1.2]
T = 0.043980465111040035	 step = 566
73.86000000000001
13.684072265624996
[13.0, 30.0, 17.0, 9.0, 19.0, 6.0, 9.0, 5.0, 24.0, 17.0, 34.0, 12.0, 4.0, 35.0, 22.0, 5.0, 30.0, 3.0, 26.0, 9.0, 37.0, 38.0, 25.0, 22.0, 23.0, 3.0, 14.0, 14.0]
[8.0, 19.0, 12.0, 14.0, 18.0, 25.0, 9.0, 11.0, 6.0, 25.0, 6.0, 34.0, 18.0, 31.0, 27.0, 2.0, 25.0, 33.0, 32.0, 19.0, 35.0, 22.0, 13.0, 15.0, 21.0, 26.0, 17.0, 2.0]
[3.5, 3.5, 2.5, 2.5, 3.5, 2.5, 2.5, 2.5, 5.0, 5.0, 9.0, 9.0, 3.0, 1.9999999999999998, 1.9999999999999998, 3.0, 1.9999999999999998, 3.0, 3.0, 1.9999999999999998, 1.9999999999999998, 1.9999999999999998, 1.9999999999999998, 1.2, 1.9999999999999998, 1.2, 1.9999999999999998, 1.9999999999999998]
[2.5, 2.5, 3.5, 3.5, 2.5, 3.5, 3.5, 3.5, 5.0, 5.0, 9.0, 9.0, 1.9999999999999998, 3.0, 3.0, 1.9999999999999998, 3.0, 1.9999999999999998, 1.9999999999999998, 3.0, 1.2, 1.2, 1.2, 1.9999999999999998, 1.2, 1.9999999999999998, 1.2, 1.2]
T = 0.043980465111040035	 step = 567
73.99000000000001
13.414452237215905
[13.0, 30.0, 17.0, 9.0, 19.0, 6.0, 9.0, 5.0, 24.0, 17.0, 34.0, 12.0, 20.0, 35.0, 22.0, 5.0, 30.0, 3.0, 26.0, 9.0, 37.0, 38.0, 25.0, 22.0, 23.0, 3.0, 14.0, 14.0]
[8.0, 19.0, 12.0, 14.0, 18.0, 25.0, 9.0, 11.0, 6.0, 25.0, 6.0, 34.0, 32.0, 31.0, 27.0, 2.0, 25.0, 33.0, 32.0, 19.0, 35.0, 22.0, 13.0, 15.0, 20.0, 26.0, 17.0, 2.0]
[3.5, 3.5, 2.5, 2.5, 3.5, 2.5, 2.5, 2.5, 5.0, 5.0, 9.0, 9.0, 3.0, 1.9999999999999998, 1.9999999999999998, 3.0, 1.9999999999999998, 3.0, 3.0, 1.9999999999999998, 1.9999999999999998, 1.9999999999999998, 1.9999999999999998, 1.2, 1.9999999999999998, 1.2, 1.9999999999999998, 1.9999999999999998]
[2.5, 2.5, 3.5, 3.5, 2.5, 3.5, 3.5, 3.5, 5.0, 5.0, 9.0, 9.0, 1.9999999999999998, 3.0, 3.0, 1.9999999999999998, 3.0, 1.9999999999999998, 1.9999999999999998, 3.0, 1.2, 1.2, 1.2, 1.9999999999999998, 1.2, 1.9999999999999998, 1.2, 1.2]
T = 0.043980465111040035	 step = 568
73.94
13.593074396306815
[13.0, 30.0, 17.0, 9.0, 19.0, 6.0, 9.0, 5.0, 24.0, 17.0, 34.0, 12.0, 20.0, 35.0, 22.0, 5.0, 30.0, 3.0, 26.0, 9.0, 37.0, 38.0, 25.0, 22.0, 23.0, 3.0, 14.0, 14.0]
[8.0, 19.0, 12.0, 14.0, 18.0, 25.0, 9.0, 11.0, 5.0, 25.0, 6.0, 34.0, 32.0, 31.0, 27.0, 2.0, 25.0, 33.0, 32.0, 19.0, 35.0, 22.0, 13.0, 15.0, 20.0, 26.0, 17.0, 2.0]
[3.5, 3.5, 2.5, 2.5, 3.5, 2.5, 2.5, 2.5, 5.0, 5.0, 9.0, 9.0, 3.0, 1.9999999999999998, 1.9999999999999998, 3.0, 1.9999999999999998, 3.0, 3.0, 1.9999999999999998, 1.9999999999999998, 1.9999999999999998, 1.9999999999999998, 1.2, 1.9999999999999998, 1.2, 1.9999999999999998, 1.9999999999999998]
[2.5, 2.5, 3.5, 3.5, 2.5, 3.5, 3.5, 3.5, 5.0, 5.0, 9.0, 9.0, 1.9999999999999998, 3.0, 3.0, 1.9999999999999998, 3.0, 1.9999999999999998, 1.9999999999999998, 3.0, 1.2, 1.2, 1.2, 1.9999999999999998, 1.2, 1.9999999999999998, 1.2, 1.2]
T = 0.043980465111040035	 step = 569
73.96000000000004
13.561824396306815
[13.0, 30.0, 17.0, 9.0, 19.0, 6.0, 9.0, 5.0, 24.0, 17.0, 34.0, 12.0, 20.0, 35.0, 22.0, 5.0, 30.0, 3.0, 26.0, 9.0, 37.0, 38.0, 25.0, 22.0, 23.0, 3.0, 14.0, 14.0]
[8.0, 19.0, 12.0, 14.0, 18.0, 25.0, 9.0, 11.0, 5.0, 25.0, 6.0, 34.0, 32.0, 31.0, 27.0, 2.0, 25.0, 33.0, 31.0, 19.0, 35.0, 22.0, 13.0, 15.0, 20.0, 26.0, 17.0, 2.0]
[3.5, 3.5, 2.5, 2.5, 3.5, 2.5, 2.5, 2.5, 5.0, 5.0, 9.0, 9.0, 3.0, 1.9999999999999998, 1.9999999999999998, 3.0, 1.9999999999999998, 3.0, 3.0, 1.9999999999999998, 1.9999999999999998, 1.9999999999999998, 1.9999999999999998, 1.2, 1.9999999999999998, 1.2, 1.9999999999999998, 1.9999999999999998]
[2.5, 2.5, 3.5, 3.5, 2.5, 3.5, 3.5, 3.5, 5.0, 5.0, 9.0, 9.0, 1.9999999999999998, 3.0, 3.0, 1.9999999999999998, 3.0, 1.9999999999999998, 1.9999999999999998, 3.0, 1.2, 1.2, 1.2, 1.9999999999999998, 1.2, 1.9999999999999998, 1.2, 1.2]
T = 0.043980465111040035	 step = 570
73.96000000000004
13.577449396306815
[13.0, 30.0, 17.0, 9.0, 19.0, 6.0, 9.0, 5.0, 24.0, 17.0, 34.0, 12.0, 20.0, 35.0, 22.0, 5.0, 30.0, 3.0, 26.0, 9.0, 37.0, 38.0, 26.0, 22.0, 23.0, 3.0, 14.0, 14.0]
[8.0, 19.0, 12.0, 14.0, 18.0, 25.0, 9.0, 11.0, 5.0, 25.0, 6.0, 34.0, 32.0, 31.0, 27.0, 2.0, 25.0, 33.0, 31.0, 19.0, 35.0, 22.0, 13.0, 15.0, 20.0, 26.0, 17.0, 2.0]
[3.5, 3.5, 2.5, 2.5, 3.5, 2.5, 2.5, 2.5, 5.0, 5.0, 9.0, 9.0, 3.0, 1.9999999999999998, 1.9999999999999998, 3.0, 1.9999999999999998, 3.0, 3.0, 1.9999999999999998, 1.9999999999999998, 1.9999999999999998, 1.9999999999999998, 1.2, 1.9999999999999998, 1.2, 1.9999999999999998, 1.9999999999999998]
[2.5, 2.5, 3.5, 3.5, 2.5, 3.5, 3.5, 3.5, 5.0, 5.0, 9.0, 9.0, 1.9999999999999998, 3.0, 3.0, 1.9999999999999998, 3.0, 1.9999999999999998, 1.9999999999999998, 3.0, 1.2, 1.2, 1.2, 1.9999999999999998, 1.2, 1.9999999999999998, 1.2, 1.2]
T = 0.043980465111040035	 step = 571
73.92000000000002
13.686824396306815
[13.0, 30.0, 17.0, 9.0, 19.0, 6.0, 9.0, 4.0, 24.0, 17.0, 34.0, 12.0, 20.0, 35.0, 22.0, 5.0, 30.0, 3.0, 26.0, 9.0, 37.0, 38.0, 26.0, 22.0, 23.0, 3.0, 14.0, 14.0]
[8.0, 19.0, 12.0, 14.0, 18.0, 25.0, 9.0, 11.0, 5.0, 25.0, 6.0, 34.0, 32.0, 31.0, 27.0, 2.0, 25.0, 33.0, 31.0, 19.0, 35.0, 22.0, 13.0, 15.0, 20.0, 26.0, 17.0, 2.0]
[3.5, 3.5, 2.5, 2.5, 3.5, 2.5, 2.5, 2.5, 5.0, 5.0, 9.0, 9.0, 3.0, 1.9999999999999998, 1.9999999999999998, 3.0, 1.9999999999999998, 3.0, 3.0, 1.9999999999999998, 1.9999999999999998, 1.9999999999999998, 1.9999999999999998, 1.2, 1.9999999999999998, 1.2, 1.9999999999999998, 1.9999999999999998]
[2.5, 2.5, 3.5, 3.5, 2.5, 3.5, 3.5, 3.5, 5.0, 5.0, 9.0, 9.0, 1.9999999999999998, 3.0, 3.0, 1.9999999999999998, 3.0, 1.9999999999999998, 1.9999999999999998, 3.0, 1.2, 1.2, 1.2, 1.9999999999999998, 1.2, 1.9999999999999998, 1.2, 1.2]
T = 0.043980465111040035	 step = 572
73.90000000000003
13.686824396306815
[13.0, 30.0, 17.0, 9.0, 19.0, 6.0, 9.0, 4.0, 24.0, 17.0, 34.0, 12.0, 20.0, 35.0, 22.0, 5.0, 30.0, 3.0, 26.0, 9.0, 37.0, 38.0, 26.0, 22.0, 23.0, 3.0, 14.0, 14.0]
[8.0, 19.0, 12.0, 14.0, 18.0, 25.0, 9.0, 11.0, 5.0, 25.0, 6.0, 34.0, 33.0, 31.0, 27.0, 2.0, 25.0, 33.0, 31.0, 19.0, 35.0, 22.0, 13.0, 15.0, 20.0, 26.0, 17.0, 2.0]
[3.5, 3.5, 2.5, 2.5, 3.5, 2.5, 2.5, 2.5, 5.0, 5.0, 9.0, 9.0, 3.0, 1.9999999999999998, 1.9999999999999998, 3.0, 1.9999999999999998, 3.0, 3.0, 1.9999999999999998, 1.9999999999999998, 1.9999999999999998, 1.9999999999999998, 1.2, 1.9999999999999998, 1.2, 1.9999999999999998, 1.9999999999999998]
[2.5, 2.5, 3.5, 3.5, 2.5, 3.5, 3.5, 3.5, 5.0, 5.0, 9.0, 9.0, 1.9999999999999998, 3.0, 3.0, 1.9999999999999998, 3.0, 1.9999999999999998, 1.9999999999999998, 3.0, 1.2, 1.2, 1.2, 1.9999999999999998, 1.2, 1.9999999999999998, 1.2, 1.2]
T = 0.043980465111040035	 step = 573
73.90000000000003
13.702449396306815
[13.0, 30.0, 17.0, 9.0, 19.0, 6.0, 9.0, 4.0, 24.0, 17.0, 34.0, 12.0, 20.0, 35.0, 22.0, 5.0, 30.0, 3.0, 26.0, 9.0, 37.0, 38.0, 26.0, 22.0, 23.0, 3.0, 14.0, 14.0]
[8.0, 19.0, 12.0, 14.0, 18.0, 25.0, 9.0, 11.0, 5.0, 25.0, 6.0, 34.0, 33.0, 31.0, 27.0, 2.0, 25.0, 33.0, 31.0, 19.0, 36.0, 22.0, 13.0, 15.0, 20.0, 26.0, 17.0, 2.0]
[3.5, 3.5, 2.5, 2.5, 3.5, 2.5, 2.5, 2.5, 5.0, 5.0, 9.0, 9.0, 3.0, 1.9999999999999998, 1.9999999999999998, 3.0, 1.9999999999999998, 3.0, 3.0, 1.9999999999999998, 1.9999999999999998, 1.9999999999999998, 1.9999999999999998, 1.2, 1.9999999999999998, 1.2, 1.9999999999999998, 1.9999999999999998]
[2.5, 2.5, 3.5, 3.5, 2.5, 3.5, 3.5, 3.5, 5.0, 5.0, 9.0, 9.0, 1.9999999999999998, 3.0, 3.0, 1.9999999999999998, 3.0, 1.9999999999999998, 1.9999999999999998, 3.0, 1.2, 1.2, 1.2, 1.9999999999999998, 1.2, 1.9999999999999998, 1.2, 1.2]
T = 0.043980465111040035	 step = 574
73.64000000000004
14.254187677556816
[13.0, 37.0, 17.0, 9.0, 19.0, 6.0, 9.0, 4.0, 24.0, 17.0, 34.0, 12.0, 20.0, 35.0, 22.0, 5.0, 30.0, 3.0, 26.0, 9.0, 37.0, 38.0, 26.0, 22.0, 23.0, 3.0, 14.0, 14.0]
[8.0, 13.0, 12.0, 14.0, 18.0, 25.0, 9.0, 11.0, 5.0, 25.0, 6.0, 34.0, 33.0, 31.0, 27.0, 2.0, 25.0, 33.0, 31.0, 19.0, 36.0, 22.0, 13.0, 15.0, 20.0, 26.0, 17.0, 2.0]
[3.5, 3.5, 2.5, 2.5, 3.5, 2.5, 2.5, 2.5, 5.0, 5.0, 9.0, 9.0, 3.0, 1.9999999999999998, 1.9999999999999998, 3.0, 1.9999999999999998, 3.0, 3.0, 1.9999999999999998, 1.9999999999999998, 1.9999999999999998, 1.9999999999999998, 1.2, 1.9999999999999998, 1.2, 1.9999999999999998, 1.9999999999999998]
[2.5, 2.5, 3.5, 3.5, 2.5, 3.5, 3.5, 3.5, 5.0, 5.0, 9.0, 9.0, 1.9999999999999998, 3.0, 3.0, 1.9999999999999998, 3.0, 1.9999999999999998, 1.9999999999999998, 3.0, 1.2, 1.2, 1.2, 1.9999999999999998, 1.2, 1.9999999999999998, 1.2, 1.2]
T = 0.043980465111040035	 step = 575
73.64000000000004
14.269812677556816
[13.0, 37.0, 17.0, 9.0, 19.0, 6.0, 9.0, 4.0, 24.0, 17.0, 34.0, 12.0, 20.0, 35.0, 22.0, 5.0, 30.0, 3.0, 26.0, 9.0, 38.0, 38.0, 26.0, 22.0, 23.0, 3.0, 14.0, 14.0]
[8.0, 13.0, 12.0, 14.0, 18.0, 25.0, 9.0, 11.0, 5.0, 25.0, 6.0, 34.0, 33.0, 31.0, 27.0, 2.0, 25.0, 33.0, 31.0, 19.0, 36.0, 22.0, 13.0, 15.0, 20.0, 26.0, 17.0, 2.0]
[3.5, 3.5, 2.5, 2.5, 3.5, 2.5, 2.5, 2.5, 5.0, 5.0, 9.0, 9.0, 3.0, 1.9999999999999998, 1.9999999999999998, 3.0, 1.9999999999999998, 3.0, 3.0, 1.9999999999999998, 1.9999999999999998, 1.9999999999999998, 1.9999999999999998, 1.2, 1.9999999999999998, 1.2, 1.9999999999999998, 1.9999999999999998]
[2.5, 2.5, 3.5, 3.5, 2.5, 3.5, 3.5, 3.5, 5.0, 5.0, 9.0, 9.0, 1.9999999999999998, 3.0, 3.0, 1.9999999999999998, 3.0, 1.9999999999999998, 1.9999999999999998, 3.0, 1.2, 1.2, 1.2, 1.9999999999999998, 1.2, 1.9999999999999998, 1.2, 1.2]
T = 0.043980465111040035	 step = 576
73.60000000000002
14.269812677556816
[13.0, 37.0, 17.0, 9.0, 19.0, 6.0, 9.0, 4.0, 24.0, 17.0, 34.0, 12.0, 20.0, 35.0, 23.0, 5.0, 30.0, 3.0, 26.0, 9.0, 38.0, 38.0, 26.0, 22.0, 23.0, 3.0, 14.0, 14.0]
[8.0, 13.0, 12.0, 14.0, 18.0, 25.0, 9.0, 11.0, 5.0, 25.0, 6.0, 34.0, 33.0, 31.0, 27.0, 2.0, 25.0, 33.0, 31.0, 19.0, 36.0, 22.0, 13.0, 15.0, 20.0, 26.0, 17.0, 2.0]
[3.5, 3.5, 2.5, 2.5, 3.5, 2.5, 2.5, 2.5, 5.0, 5.0, 9.0, 9.0, 3.0, 1.9999999999999998, 1.9999999999999998, 3.0, 1.9999999999999998, 3.0, 3.0, 1.9999999999999998, 1.9999999999999998, 1.9999999999999998, 1.9999999999999998, 1.2, 1.9999999999999998, 1.2, 1.9999999999999998, 1.9999999999999998]
[2.5, 2.5, 3.5, 3.5, 2.5, 3.5, 3.5, 3.5, 5.0, 5.0, 9.0, 9.0, 1.9999999999999998, 3.0, 3.0, 1.9999999999999998, 3.0, 1.9999999999999998, 1.9999999999999998, 3.0, 1.2, 1.2, 1.2, 1.9999999999999998, 1.2, 1.9999999999999998, 1.2, 1.2]
T = 0.043980465111040035	 step = 577
73.62
14.254187677556816
[13.0, 37.0, 17.0, 9.0, 19.0, 6.0, 9.0, 4.0, 24.0, 17.0, 34.0, 12.0, 20.0, 35.0, 23.0, 5.0, 30.0, 3.0, 26.0, 9.0, 38.0, 38.0, 26.0, 22.0, 23.0, 3.0, 14.0, 14.0]
[8.0, 13.0, 12.0, 14.0, 18.0, 25.0, 9.0, 11.0, 5.0, 25.0, 6.0, 34.0, 33.0, 31.0, 27.0, 2.0, 25.0, 33.0, 31.0, 19.0, 36.0, 22.0, 13.0, 15.0, 20.0, 26.0, 18.0, 2.0]
[3.5, 3.5, 2.5, 2.5, 3.5, 2.5, 2.5, 2.5, 5.0, 5.0, 9.0, 9.0, 3.0, 1.9999999999999998, 1.9999999999999998, 3.0, 1.9999999999999998, 3.0, 3.0, 1.9999999999999998, 1.9999999999999998, 1.9999999999999998, 1.9999999999999998, 1.2, 1.9999999999999998, 1.2, 1.9999999999999998, 1.9999999999999998]
[2.5, 2.5, 3.5, 3.5, 2.5, 3.5, 3.5, 3.5, 5.0, 5.0, 9.0, 9.0, 1.9999999999999998, 3.0, 3.0, 1.9999999999999998, 3.0, 1.9999999999999998, 1.9999999999999998, 3.0, 1.2, 1.2, 1.2, 1.9999999999999998, 1.2, 1.9999999999999998, 1.2, 1.2]
T = 0.043980465111040035	 step = 578
73.57000000000005
14.379187677556816
[13.0, 37.0, 17.0, 9.0, 19.0, 6.0, 9.0, 4.0, 24.0, 17.0, 34.0, 11.0, 20.0, 35.0, 23.0, 5.0, 30.0, 3.0, 26.0, 9.0, 38.0, 38.0, 26.0, 22.0, 23.0, 3.0, 14.0, 14.0]
[8.0, 13.0, 12.0, 14.0, 18.0, 25.0, 9.0, 11.0, 5.0, 25.0, 6.0, 34.0, 33.0, 31.0, 27.0, 2.0, 25.0, 33.0, 31.0, 19.0, 36.0, 22.0, 13.0, 15.0, 20.0, 26.0, 18.0, 2.0]
[3.5, 3.5, 2.5, 2.5, 3.5, 2.5, 2.5, 2.5, 5.0, 5.0, 9.0, 9.0, 3.0, 1.9999999999999998, 1.9999999999999998, 3.0, 1.9999999999999998, 3.0, 3.0, 1.9999999999999998, 1.9999999999999998, 1.9999999999999998, 1.9999999999999998, 1.2, 1.9999999999999998, 1.2, 1.9999999999999998, 1.9999999999999998]
[2.5, 2.5, 3.5, 3.5, 2.5, 3.5, 3.5, 3.5, 5.0, 5.0, 9.0, 9.0, 1.9999999999999998, 3.0, 3.0, 1.9999999999999998, 3.0, 1.9999999999999998, 1.9999999999999998, 3.0, 1.2, 1.2, 1.2, 1.9999999999999998, 1.2, 1.9999999999999998, 1.2, 1.2]
T = 0.043980465111040035	 step = 579
73.58000000000004
14.410437677556816
[13.0, 37.0, 17.0, 9.0, 19.0, 6.0, 9.0, 4.0, 24.0, 17.0, 34.0, 11.0, 20.0, 34.0, 23.0, 5.0, 30.0, 3.0, 26.0, 9.0, 38.0, 38.0, 26.0, 22.0, 23.0, 3.0, 14.0, 14.0]
[8.0, 13.0, 12.0, 14.0, 18.0, 25.0, 9.0, 11.0, 5.0, 25.0, 6.0, 34.0, 33.0, 31.0, 27.0, 2.0, 25.0, 33.0, 31.0, 19.0, 36.0, 22.0, 13.0, 15.0, 20.0, 26.0, 18.0, 2.0]
[3.5, 3.5, 2.5, 2.5, 3.5, 2.5, 2.5, 2.5, 5.0, 5.0, 9.0, 9.0, 3.0, 1.9999999999999998, 1.9999999999999998, 3.0, 1.9999999999999998, 3.0, 3.0, 1.9999999999999998, 1.9999999999999998, 1.9999999999999998, 1.9999999999999998, 1.2, 1.9999999999999998, 1.2, 1.9999999999999998, 1.9999999999999998]
[2.5, 2.5, 3.5, 3.5, 2.5, 3.5, 3.5, 3.5, 5.0, 5.0, 9.0, 9.0, 1.9999999999999998, 3.0, 3.0, 1.9999999999999998, 3.0, 1.9999999999999998, 1.9999999999999998, 3.0, 1.2, 1.2, 1.2, 1.9999999999999998, 1.2, 1.9999999999999998, 1.2, 1.2]
T = 0.043980465111040035	 step = 580
73.58000000000004
14.363562677556816
[13.0, 37.0, 17.0, 9.0, 19.0, 6.0, 9.0, 4.0, 24.0, 17.0, 34.0, 11.0, 20.0, 34.0, 23.0, 5.0, 30.0, 3.0, 26.0, 9.0, 38.0, 38.0, 26.0, 20.0, 23.0, 3.0, 14.0, 14.0]
[8.0, 13.0, 12.0, 14.0, 18.0, 25.0, 9.0, 11.0, 5.0, 25.0, 6.0, 34.0, 33.0, 31.0, 27.0, 2.0, 25.0, 33.0, 31.0, 19.0, 36.0, 22.0, 13.0, 14.0, 20.0, 26.0, 18.0, 2.0]
[3.5, 3.5, 2.5, 2.5, 3.5, 2.5, 2.5, 2.5, 5.0, 5.0, 9.0, 9.0, 3.0, 1.9999999999999998, 1.9999999999999998, 3.0, 1.9999999999999998, 3.0, 3.0, 1.9999999999999998, 1.9999999999999998, 1.9999999999999998, 1.9999999999999998, 1.2, 1.9999999999999998, 1.2, 1.9999999999999998, 1.9999999999999998]
[2.5, 2.5, 3.5, 3.5, 2.5, 3.5, 3.5, 3.5, 5.0, 5.0, 9.0, 9.0, 1.9999999999999998, 3.0, 3.0, 1.9999999999999998, 3.0, 1.9999999999999998, 1.9999999999999998, 3.0, 1.2, 1.2, 1.2, 1.9999999999999998, 1.2, 1.9999999999999998, 1.2, 1.2]
T = 0.043980465111040035	 step = 581
73.60000000000002
14.347937677556816
[13.0, 37.0, 17.0, 9.0, 18.0, 6.0, 9.0, 4.0, 24.0, 17.0, 34.0, 11.0, 20.0, 34.0, 23.0, 5.0, 30.0, 3.0, 26.0, 9.0, 38.0, 38.0, 26.0, 20.0, 23.0, 3.0, 14.0, 14.0]
[8.0, 13.0, 12.0, 14.0, 18.0, 25.0, 9.0, 11.0, 5.0, 25.0, 6.0, 34.0, 33.0, 31.0, 27.0, 2.0, 25.0, 33.0, 31.0, 19.0, 36.0, 22.0, 13.0, 14.0, 20.0, 26.0, 18.0, 2.0]
[3.5, 3.5, 2.5, 2.5, 3.5, 2.5, 2.5, 2.5, 5.0, 5.0, 9.0, 9.0, 3.0, 1.9999999999999998, 1.9999999999999998, 3.0, 1.9999999999999998, 3.0, 3.0, 1.9999999999999998, 1.9999999999999998, 1.9999999999999998, 1.9999999999999998, 1.2, 1.9999999999999998, 1.2, 1.9999999999999998, 1.9999999999999998]
[2.5, 2.5, 3.5, 3.5, 2.5, 3.5, 3.5, 3.5, 5.0, 5.0, 9.0, 9.0, 1.9999999999999998, 3.0, 3.0, 1.9999999999999998, 3.0, 1.9999999999999998, 1.9999999999999998, 3.0, 1.2, 1.2, 1.2, 1.9999999999999998, 1.2, 1.9999999999999998, 1.2, 1.2]
T = 0.043980465111040035	 step = 582
73.80000000000001
14.410437677556816
[13.0, 37.0, 17.0, 9.0, 18.0, 6.0, 9.0, 4.0, 24.0, 17.0, 34.0, 11.0, 20.0, 34.0, 23.0, 5.0, 30.0, 3.0, 26.0, 9.0, 38.0, 38.0, 26.0, 20.0, 23.0, 3.0, 14.0, 14.0]
[8.0, 13.0, 12.0, 14.0, 18.0, 25.0, 9.0, 11.0, 5.0, 24.0, 6.0, 34.0, 33.0, 31.0, 27.0, 2.0, 25.0, 33.0, 31.0, 19.0, 36.0, 22.0, 13.0, 14.0, 20.0, 26.0, 18.0, 2.0]
[3.5, 3.5, 2.5, 2.5, 3.5, 2.5, 2.5, 2.5, 5.0, 5.0, 9.0, 9.0, 3.0, 1.9999999999999998, 1.9999999999999998, 3.0, 1.9999999999999998, 3.0, 3.0, 1.9999999999999998, 1.9999999999999998, 1.9999999999999998, 1.9999999999999998, 1.2, 1.9999999999999998, 1.2, 1.9999999999999998, 1.9999999999999998]
[2.5, 2.5, 3.5, 3.5, 2.5, 3.5, 3.5, 3.5, 5.0, 5.0, 9.0, 9.0, 1.9999999999999998, 3.0, 3.0, 1.9999999999999998, 3.0, 1.9999999999999998, 1.9999999999999998, 3.0, 1.2, 1.2, 1.2, 1.9999999999999998, 1.2, 1.9999999999999998, 1.2, 1.2]
T = 0.043980465111040035	 step = 583
73.78000000000003
14.426062677556816
[13.0, 37.0, 17.0, 9.0, 18.0, 6.0, 9.0, 4.0, 24.0, 17.0, 34.0, 11.0, 20.0, 34.0, 23.0, 5.0, 30.0, 3.0, 26.0, 9.0, 38.0, 38.0, 26.0, 20.0, 23.0, 3.0, 14.0, 14.0]
[8.0, 13.0, 12.0, 14.0, 18.0, 25.0, 9.0, 11.0, 5.0, 24.0, 6.0, 34.0, 33.0, 31.0, 27.0, 2.0, 25.0, 33.0, 31.0, 19.0, 36.0, 22.0, 13.0, 14.0, 20.0, 26.0, 17.0, 2.0]
[3.5, 3.5, 2.5, 2.5, 3.5, 2.5, 2.5, 2.5, 5.0, 5.0, 9.0, 9.0, 3.0, 1.9999999999999998, 1.9999999999999998, 3.0, 1.9999999999999998, 3.0, 3.0, 1.9999999999999998, 1.9999999999999998, 1.9999999999999998, 1.9999999999999998, 1.2, 1.9999999999999998, 1.2, 1.9999999999999998, 1.9999999999999998]
[2.5, 2.5, 3.5, 3.5, 2.5, 3.5, 3.5, 3.5, 5.0, 5.0, 9.0, 9.0, 1.9999999999999998, 3.0, 3.0, 1.9999999999999998, 3.0, 1.9999999999999998, 1.9999999999999998, 3.0, 1.2, 1.2, 1.2, 1.9999999999999998, 1.2, 1.9999999999999998, 1.2, 1.2]
T = 0.043980465111040035	 step = 584
73.79000000000002
14.410437677556816
[13.0, 37.0, 17.0, 9.0, 18.0, 6.0, 9.0, 4.0, 24.0, 17.0, 34.0, 11.0, 20.0, 34.0, 23.0, 5.0, 30.0, 3.0, 26.0, 9.0, 38.0, 38.0, 26.0, 20.0, 23.0, 3.0, 14.0, 14.0]
[8.0, 13.0, 12.0, 14.0, 18.0, 25.0, 9.0, 11.0, 5.0, 24.0, 6.0, 34.0, 33.0, 31.0, 27.0, 2.0, 25.0, 33.0, 31.0, 19.0, 36.0, 22.0, 14.0, 14.0, 20.0, 26.0, 17.0, 2.0]
[3.5, 3.5, 2.5, 2.5, 3.5, 2.5, 2.5, 2.5, 5.0, 5.0, 9.0, 9.0, 3.0, 1.9999999999999998, 1.9999999999999998, 3.0, 1.9999999999999998, 3.0, 3.0, 1.9999999999999998, 1.9999999999999998, 1.9999999999999998, 1.9999999999999998, 1.2, 1.9999999999999998, 1.2, 1.9999999999999998, 1.9999999999999998]
[2.5, 2.5, 3.5, 3.5, 2.5, 3.5, 3.5, 3.5, 5.0, 5.0, 9.0, 9.0, 1.9999999999999998, 3.0, 3.0, 1.9999999999999998, 3.0, 1.9999999999999998, 1.9999999999999998, 3.0, 1.2, 1.2, 1.2, 1.9999999999999998, 1.2, 1.9999999999999998, 1.2, 1.2]
T = 0.043980465111040035	 step = 585
73.77000000000004
14.410485617897727
[13.0, 37.0, 17.0, 9.0, 18.0, 6.0, 9.0, 4.0, 24.0, 17.0, 34.0, 11.0, 20.0, 34.0, 24.0, 5.0, 30.0, 3.0, 26.0, 9.0, 38.0, 38.0, 26.0, 20.0, 23.0, 3.0, 14.0, 14.0]
[8.0, 13.0, 12.0, 14.0, 18.0, 25.0, 9.0, 11.0, 5.0, 24.0, 6.0, 34.0, 33.0, 31.0, 27.0, 2.0, 25.0, 33.0, 31.0, 19.0, 36.0, 22.0, 14.0, 14.0, 20.0, 26.0, 17.0, 2.0]
[3.5, 3.5, 2.5, 2.5, 3.5, 2.5, 2.5, 2.5, 5.0, 5.0, 9.0, 9.0, 3.0, 1.9999999999999998, 1.9999999999999998, 3.0, 1.9999999999999998, 3.0, 3.0, 1.9999999999999998, 1.9999999999999998, 1.9999999999999998, 1.9999999999999998, 1.2, 1.9999999999999998, 1.2, 1.9999999999999998, 1.9999999999999998]
[2.5, 2.5, 3.5, 3.5, 2.5, 3.5, 3.5, 3.5, 5.0, 5.0, 9.0, 9.0, 1.9999999999999998, 3.0, 3.0, 1.9999999999999998, 3.0, 1.9999999999999998, 1.9999999999999998, 3.0, 1.2, 1.2, 1.2, 1.9999999999999998, 1.2, 1.9999999999999998, 1.2, 1.2]
T = 0.043980465111040035	 step = 586
73.79000000000002
14.394860617897727
[13.0, 37.0, 17.0, 9.0, 18.0, 6.0, 9.0, 4.0, 24.0, 17.0, 34.0, 11.0, 20.0, 34.0, 24.0, 5.0, 30.0, 3.0, 26.0, 9.0, 38.0, 38.0, 26.0, 20.0, 23.0, 3.0, 14.0, 14.0]
[8.0, 13.0, 12.0, 14.0, 18.0, 25.0, 9.0, 11.0, 5.0, 24.0, 6.0, 34.0, 33.0, 31.0, 27.0, 2.0, 25.0, 33.0, 31.0, 19.0, 36.0, 22.0, 14.0, 14.0, 20.0, 26.0, 18.0, 2.0]
[3.5, 3.5, 2.5, 2.5, 3.5, 2.5, 2.5, 2.5, 5.0, 5.0, 9.0, 9.0, 3.0, 1.9999999999999998, 1.9999999999999998, 3.0, 1.9999999999999998, 3.0, 3.0, 1.9999999999999998, 1.9999999999999998, 1.9999999999999998, 1.9999999999999998, 1.2, 1.9999999999999998, 1.2, 1.9999999999999998, 1.9999999999999998]
[2.5, 2.5, 3.5, 3.5, 2.5, 3.5, 3.5, 3.5, 5.0, 5.0, 9.0, 9.0, 1.9999999999999998, 3.0, 3.0, 1.9999999999999998, 3.0, 1.9999999999999998, 1.9999999999999998, 3.0, 1.2, 1.2, 1.2, 1.9999999999999998, 1.2, 1.9999999999999998, 1.2, 1.2]
T = 0.043980465111040035	 step = 587
73.81
14.363610617897724
[13.0, 37.0, 17.0, 9.0, 18.0, 6.0, 9.0, 4.0, 24.0, 17.0, 34.0, 11.0, 20.0, 34.0, 24.0, 5.0, 29.0, 3.0, 26.0, 9.0, 38.0, 38.0, 26.0, 20.0, 23.0, 3.0, 14.0, 14.0]
[8.0, 13.0, 12.0, 14.0, 18.0, 25.0, 9.0, 11.0, 5.0, 24.0, 6.0, 34.0, 33.0, 31.0, 27.0, 2.0, 25.0, 33.0, 31.0, 19.0, 36.0, 22.0, 14.0, 14.0, 20.0, 26.0, 18.0, 2.0]
[3.5, 3.5, 2.5, 2.5, 3.5, 2.5, 2.5, 2.5, 5.0, 5.0, 9.0, 9.0, 3.0, 1.9999999999999998, 1.9999999999999998, 3.0, 1.9999999999999998, 3.0, 3.0, 1.9999999999999998, 1.9999999999999998, 1.9999999999999998, 1.9999999999999998, 1.2, 1.9999999999999998, 1.2, 1.9999999999999998, 1.9999999999999998]
[2.5, 2.5, 3.5, 3.5, 2.5, 3.5, 3.5, 3.5, 5.0, 5.0, 9.0, 9.0, 1.9999999999999998, 3.0, 3.0, 1.9999999999999998, 3.0, 1.9999999999999998, 1.9999999999999998, 3.0, 1.2, 1.2, 1.2, 1.9999999999999998, 1.2, 1.9999999999999998, 1.2, 1.2]
T = 0.043980465111040035	 step = 588
73.83000000000004
14.254235617897724
[13.0, 36.0, 17.0, 9.0, 18.0, 6.0, 9.0, 4.0, 24.0, 17.0, 34.0, 11.0, 20.0, 34.0, 24.0, 5.0, 29.0, 3.0, 26.0, 9.0, 38.0, 38.0, 26.0, 20.0, 23.0, 3.0, 14.0, 14.0]
[8.0, 13.0, 12.0, 14.0, 18.0, 25.0, 9.0, 11.0, 5.0, 24.0, 6.0, 34.0, 33.0, 31.0, 27.0, 2.0, 25.0, 33.0, 31.0, 19.0, 36.0, 22.0, 14.0, 14.0, 20.0, 26.0, 18.0, 2.0]
[3.5, 3.5, 2.5, 2.5, 3.5, 2.5, 2.5, 2.5, 5.0, 5.0, 9.0, 9.0, 3.0, 1.9999999999999998, 1.9999999999999998, 3.0, 1.9999999999999998, 3.0, 3.0, 1.9999999999999998, 1.9999999999999998, 1.9999999999999998, 1.9999999999999998, 1.2, 1.9999999999999998, 1.2, 1.9999999999999998, 1.9999999999999998]
[2.5, 2.5, 3.5, 3.5, 2.5, 3.5, 3.5, 3.5, 5.0, 5.0, 9.0, 9.0, 1.9999999999999998, 3.0, 3.0, 1.9999999999999998, 3.0, 1.9999999999999998, 1.9999999999999998, 3.0, 1.2, 1.2, 1.2, 1.9999999999999998, 1.2, 1.9999999999999998, 1.2, 1.2]
T = 0.043980465111040035	 step = 589
73.83000000000004
14.238610617897724
[13.0, 36.0, 17.0, 9.0, 18.0, 6.0, 9.0, 4.0, 24.0, 17.0, 34.0, 11.0, 20.0, 34.0, 24.0, 5.0, 29.0, 3.0, 26.0, 9.0, 38.0, 38.0, 26.0, 20.0, 23.0, 3.0, 14.0, 14.0]
[8.0, 13.0, 12.0, 14.0, 18.0, 25.0, 9.0, 11.0, 5.0, 24.0, 6.0, 34.0, 33.0, 31.0, 27.0, 2.0, 25.0, 33.0, 31.0, 19.0, 35.0, 22.0, 14.0, 14.0, 20.0, 26.0, 18.0, 2.0]
[3.5, 3.5, 2.5, 2.5, 3.5, 2.5, 2.5, 2.5, 5.0, 5.0, 9.0, 9.0, 3.0, 1.9999999999999998, 1.9999999999999998, 3.0, 1.9999999999999998, 3.0, 3.0, 1.9999999999999998, 1.9999999999999998, 1.9999999999999998, 1.9999999999999998, 1.2, 1.9999999999999998, 1.2, 1.9999999999999998, 1.9999999999999998]
[2.5, 2.5, 3.5, 3.5, 2.5, 3.5, 3.5, 3.5, 5.0, 5.0, 9.0, 9.0, 1.9999999999999998, 3.0, 3.0, 1.9999999999999998, 3.0, 1.9999999999999998, 1.9999999999999998, 3.0, 1.2, 1.2, 1.2, 1.9999999999999998, 1.2, 1.9999999999999998, 1.2, 1.2]
T = 0.043980465111040035	 step = 590
73.84000000000003
14.191735617897724
[14.0, 36.0, 17.0, 9.0, 18.0, 6.0, 9.0, 4.0, 24.0, 17.0, 34.0, 11.0, 20.0, 34.0, 24.0, 5.0, 29.0, 3.0, 26.0, 9.0, 38.0, 38.0, 26.0, 20.0, 23.0, 3.0, 14.0, 14.0]
[8.0, 13.0, 12.0, 14.0, 18.0, 25.0, 9.0, 11.0, 5.0, 24.0, 6.0, 34.0, 33.0, 31.0, 27.0, 2.0, 25.0, 33.0, 31.0, 19.0, 35.0, 22.0, 14.0, 14.0, 20.0, 26.0, 18.0, 2.0]
[3.5, 3.5, 2.5, 2.5, 3.5, 2.5, 2.5, 2.5, 5.0, 5.0, 9.0, 9.0, 3.0, 1.9999999999999998, 1.9999999999999998, 3.0, 1.9999999999999998, 3.0, 3.0, 1.9999999999999998, 1.9999999999999998, 1.9999999999999998, 1.9999999999999998, 1.2, 1.9999999999999998, 1.2, 1.9999999999999998, 1.9999999999999998]
[2.5, 2.5, 3.5, 3.5, 2.5, 3.5, 3.5, 3.5, 5.0, 5.0, 9.0, 9.0, 1.9999999999999998, 3.0, 3.0, 1.9999999999999998, 3.0, 1.9999999999999998, 1.9999999999999998, 3.0, 1.2, 1.2, 1.2, 1.9999999999999998, 1.2, 1.9999999999999998, 1.2, 1.2]
T = 0.043980465111040035	 step = 591
73.84000000000003
14.160485617897724
[14.0, 36.0, 17.0, 9.0, 18.0, 6.0, 9.0, 4.0, 24.0, 17.0, 34.0, 11.0, 20.0, 34.0, 24.0, 5.0, 29.0, 3.0, 26.0, 9.0, 38.0, 38.0, 26.0, 20.0, 23.0, 3.0, 14.0, 14.0]
[8.0, 13.0, 12.0, 14.0, 18.0, 25.0, 9.0, 11.0, 5.0, 24.0, 6.0, 34.0, 33.0, 31.0, 27.0, 2.0, 25.0, 32.0, 31.0, 19.0, 35.0, 22.0, 14.0, 14.0, 20.0, 26.0, 18.0, 2.0]
[3.5, 3.5, 2.5, 2.5, 3.5, 2.5, 2.5, 2.5, 5.0, 5.0, 9.0, 9.0, 3.0, 1.9999999999999998, 1.9999999999999998, 3.0, 1.9999999999999998, 3.0, 3.0, 1.9999999999999998, 1.9999999999999998, 1.9999999999999998, 1.9999999999999998, 1.2, 1.9999999999999998, 1.2, 1.9999999999999998, 1.9999999999999998]
[2.5, 2.5, 3.5, 3.5, 2.5, 3.5, 3.5, 3.5, 5.0, 5.0, 9.0, 9.0, 1.9999999999999998, 3.0, 3.0, 1.9999999999999998, 3.0, 1.9999999999999998, 1.9999999999999998, 3.0, 1.2, 1.2, 1.2, 1.9999999999999998, 1.2, 1.9999999999999998, 1.2, 1.2]
T = 0.043980465111040035	 step = 592
73.89000000000004
14.035485617897724
[14.0, 36.0, 17.0, 9.0, 18.0, 6.0, 9.0, 4.0, 24.0, 17.0, 34.0, 12.0, 20.0, 34.0, 24.0, 5.0, 29.0, 3.0, 26.0, 9.0, 38.0, 38.0, 26.0, 20.0, 23.0, 3.0, 14.0, 14.0]
[8.0, 13.0, 12.0, 14.0, 18.0, 25.0, 9.0, 11.0, 5.0, 24.0, 6.0, 34.0, 33.0, 31.0, 27.0, 2.0, 25.0, 32.0, 31.0, 19.0, 35.0, 22.0, 14.0, 14.0, 20.0, 26.0, 18.0, 2.0]
[3.5, 3.5, 2.5, 2.5, 3.5, 2.5, 2.5, 2.5, 5.0, 5.0, 9.0, 9.0, 3.0, 1.9999999999999998, 1.9999999999999998, 3.0, 1.9999999999999998, 3.0, 3.0, 1.9999999999999998, 1.9999999999999998, 1.9999999999999998, 1.9999999999999998, 1.2, 1.9999999999999998, 1.2, 1.9999999999999998, 1.9999999999999998]
[2.5, 2.5, 3.5, 3.5, 2.5, 3.5, 3.5, 3.5, 5.0, 5.0, 9.0, 9.0, 1.9999999999999998, 3.0, 3.0, 1.9999999999999998, 3.0, 1.9999999999999998, 1.9999999999999998, 3.0, 1.2, 1.2, 1.2, 1.9999999999999998, 1.2, 1.9999999999999998, 1.2, 1.2]
T = 0.043980465111040035	 step = 593
73.91000000000003
13.910485617897724
[14.0, 36.0, 17.0, 9.0, 18.0, 6.0, 9.0, 4.0, 24.0, 17.0, 33.0, 12.0, 20.0, 34.0, 24.0, 5.0, 29.0, 3.0, 26.0, 9.0, 38.0, 38.0, 26.0, 20.0, 23.0, 3.0, 14.0, 14.0]
[8.0, 13.0, 12.0, 14.0, 18.0, 25.0, 9.0, 11.0, 5.0, 24.0, 6.0, 34.0, 33.0, 31.0, 27.0, 2.0, 25.0, 32.0, 31.0, 19.0, 35.0, 22.0, 14.0, 14.0, 20.0, 26.0, 18.0, 2.0]
[3.5, 3.5, 2.5, 2.5, 3.5, 2.5, 2.5, 2.5, 5.0, 5.0, 9.0, 9.0, 3.0, 1.9999999999999998, 1.9999999999999998, 3.0, 1.9999999999999998, 3.0, 3.0, 1.9999999999999998, 1.9999999999999998, 1.9999999999999998, 1.9999999999999998, 1.2, 1.9999999999999998, 1.2, 1.9999999999999998, 1.9999999999999998]
[2.5, 2.5, 3.5, 3.5, 2.5, 3.5, 3.5, 3.5, 5.0, 5.0, 9.0, 9.0, 1.9999999999999998, 3.0, 3.0, 1.9999999999999998, 3.0, 1.9999999999999998, 1.9999999999999998, 3.0, 1.2, 1.2, 1.2, 1.9999999999999998, 1.2, 1.9999999999999998, 1.2, 1.2]
T = 0.043980465111040035	 step = 594
73.91000000000003
13.894860617897724
[14.0, 36.0, 17.0, 9.0, 18.0, 6.0, 9.0, 4.0, 24.0, 17.0, 33.0, 12.0, 20.0, 34.0, 24.0, 5.0, 29.0, 3.0, 26.0, 9.0, 38.0, 38.0, 26.0, 20.0, 23.0, 3.0, 14.0, 14.0]
[8.0, 13.0, 12.0, 14.0, 18.0, 25.0, 9.0, 11.0, 5.0, 24.0, 6.0, 34.0, 33.0, 31.0, 27.0, 2.0, 25.0, 32.0, 31.0, 19.0, 35.0, 23.0, 14.0, 14.0, 20.0, 26.0, 18.0, 2.0]
[3.5, 3.5, 2.5, 2.5, 3.5, 2.5, 2.5, 2.5, 5.0, 5.0, 9.0, 9.0, 3.0, 1.9999999999999998, 1.9999999999999998, 3.0, 1.9999999999999998, 3.0, 3.0, 1.9999999999999998, 1.9999999999999998, 1.9999999999999998, 1.9999999999999998, 1.2, 1.9999999999999998, 1.2, 1.9999999999999998, 1.9999999999999998]
[2.5, 2.5, 3.5, 3.5, 2.5, 3.5, 3.5, 3.5, 5.0, 5.0, 9.0, 9.0, 1.9999999999999998, 3.0, 3.0, 1.9999999999999998, 3.0, 1.9999999999999998, 1.9999999999999998, 3.0, 1.2, 1.2, 1.2, 1.9999999999999998, 1.2, 1.9999999999999998, 1.2, 1.2]
T = 0.043980465111040035	 step = 595
73.99000000000001
13.769860617897727
[14.0, 36.0, 17.0, 9.0, 18.0, 6.0, 9.0, 4.0, 24.0, 17.0, 33.0, 12.0, 20.0, 34.0, 24.0, 5.0, 29.0, 3.0, 26.0, 9.0, 38.0, 38.0, 26.0, 20.0, 23.0, 3.0, 14.0, 14.0]
[8.0, 13.0, 12.0, 14.0, 18.0, 25.0, 9.0, 11.0, 5.0, 24.0, 6.0, 33.0, 33.0, 31.0, 27.0, 2.0, 25.0, 32.0, 31.0, 19.0, 35.0, 23.0, 14.0, 14.0, 20.0, 26.0, 18.0, 2.0]
[3.5, 3.5, 2.5, 2.5, 3.5, 2.5, 2.5, 2.5, 5.0, 5.0, 9.0, 9.0, 3.0, 1.9999999999999998, 1.9999999999999998, 3.0, 1.9999999999999998, 3.0, 3.0, 1.9999999999999998, 1.9999999999999998, 1.9999999999999998, 1.9999999999999998, 1.2, 1.9999999999999998, 1.2, 1.9999999999999998, 1.9999999999999998]
[2.5, 2.5, 3.5, 3.5, 2.5, 3.5, 3.5, 3.5, 5.0, 5.0, 9.0, 9.0, 1.9999999999999998, 3.0, 3.0, 1.9999999999999998, 3.0, 1.9999999999999998, 1.9999999999999998, 3.0, 1.2, 1.2, 1.2, 1.9999999999999998, 1.2, 1.9999999999999998, 1.2, 1.2]
T = 0.043980465111040035	 step = 596
74.01000000000005
13.769860617897727
[14.0, 36.0, 17.0, 9.0, 18.0, 6.0, 9.0, 4.0, 24.0, 17.0, 33.0, 12.0, 20.0, 34.0, 24.0, 5.0, 29.0, 3.0, 26.0, 9.0, 38.0, 38.0, 26.0, 20.0, 23.0, 3.0, 14.0, 14.0]
[8.0, 13.0, 12.0, 14.0, 18.0, 25.0, 9.0, 11.0, 5.0, 24.0, 6.0, 33.0, 32.0, 31.0, 27.0, 2.0, 25.0, 32.0, 31.0, 19.0, 35.0, 23.0, 14.0, 14.0, 20.0, 26.0, 18.0, 2.0]
[3.5, 3.5, 2.5, 2.5, 3.5, 2.5, 2.5, 2.5, 5.0, 5.0, 9.0, 9.0, 3.0, 1.9999999999999998, 1.9999999999999998, 3.0, 1.9999999999999998, 3.0, 3.0, 1.9999999999999998, 1.9999999999999998, 1.9999999999999998, 1.9999999999999998, 1.2, 1.9999999999999998, 1.2, 1.9999999999999998, 1.9999999999999998]
[2.5, 2.5, 3.5, 3.5, 2.5, 3.5, 3.5, 3.5, 5.0, 5.0, 9.0, 9.0, 1.9999999999999998, 3.0, 3.0, 1.9999999999999998, 3.0, 1.9999999999999998, 1.9999999999999998, 3.0, 1.2, 1.2, 1.2, 1.9999999999999998, 1.2, 1.9999999999999998, 1.2, 1.2]
T = 0.043980465111040035	 step = 597
74.01000000000005
13.755767045454542
[14.0, 36.0, 17.0, 9.0, 18.0, 6.0, 9.0, 4.0, 24.0, 17.0, 33.0, 12.0, 20.0, 34.0, 24.0, 5.0, 29.0, 3.0, 26.0, 9.0, 38.0, 38.0, 25.0, 20.0, 23.0, 3.0, 14.0, 14.0]
[8.0, 13.0, 12.0, 14.0, 18.0, 25.0, 9.0, 11.0, 5.0, 24.0, 6.0, 33.0, 32.0, 31.0, 27.0, 2.0, 25.0, 32.0, 31.0, 19.0, 35.0, 23.0, 14.0, 14.0, 20.0, 26.0, 18.0, 2.0]
[3.5, 3.5, 2.5, 2.5, 3.5, 2.5, 2.5, 2.5, 5.0, 5.0, 9.0, 9.0, 3.0, 1.9999999999999998, 1.9999999999999998, 3.0, 1.9999999999999998, 3.0, 3.0, 1.9999999999999998, 1.9999999999999998, 1.9999999999999998, 1.9999999999999998, 1.2, 1.9999999999999998, 1.2, 1.9999999999999998, 1.9999999999999998]
[2.5, 2.5, 3.5, 3.5, 2.5, 3.5, 3.5, 3.5, 5.0, 5.0, 9.0, 9.0, 1.9999999999999998, 3.0, 3.0, 1.9999999999999998, 3.0, 1.9999999999999998, 1.9999999999999998, 3.0, 1.2, 1.2, 1.2, 1.9999999999999998, 1.2, 1.9999999999999998, 1.2, 1.2]
T = 0.043980465111040035	 step = 598
73.67000000000002
14.448700284090906
[14.0, 36.0, 17.0, 9.0, 18.0, 6.0, 9.0, 4.0, 24.0, 17.0, 33.0, 12.0, 20.0, 34.0, 24.0, 5.0, 29.0, 3.0, 26.0, 9.0, 38.0, 38.0, 25.0, 20.0, 23.0, 3.0, 14.0, 14.0]
[8.0, 13.0, 12.0, 14.0, 18.0, 5.0, 9.0, 11.0, 5.0, 24.0, 6.0, 33.0, 32.0, 31.0, 27.0, 2.0, 25.0, 32.0, 31.0, 19.0, 35.0, 23.0, 14.0, 14.0, 20.0, 26.0, 18.0, 2.0]
[3.5, 3.5, 2.5, 2.5, 3.5, 3.5, 2.5, 2.5, 5.0, 5.0, 9.0, 9.0, 3.0, 1.9999999999999998, 1.9999999999999998, 3.0, 1.9999999999999998, 3.0, 3.0, 1.9999999999999998, 1.9999999999999998, 1.9999999999999998, 1.9999999999999998, 1.2, 1.9999999999999998, 1.2, 1.9999999999999998, 1.9999999999999998]
[2.5, 2.5, 3.5, 3.5, 2.5, 2.5, 3.5, 3.5, 5.0, 5.0, 9.0, 9.0, 1.9999999999999998, 3.0, 3.0, 1.9999999999999998, 3.0, 1.9999999999999998, 1.9999999999999998, 3.0, 1.2, 1.2, 1.2, 1.9999999999999998, 1.2, 1.9999999999999998, 1.2, 1.2]
T = 0.043980465111040035	 step = 599
74.46000000000004
13.818267045454542
[14.0, 36.0, 17.0, 9.0, 18.0, 6.0, 9.0, 4.0, 24.0, 17.0, 33.0, 12.0, 20.0, 34.0, 24.0, 5.0, 29.0, 3.0, 26.0, 9.0, 38.0, 38.0, 25.0, 20.0, 23.0, 3.0, 14.0, 14.0]
[8.0, 13.0, 12.0, 14.0, 18.0, 25.0, 9.0, 11.0, 5.0, 23.0, 6.0, 33.0, 32.0, 31.0, 27.0, 2.0, 25.0, 32.0, 31.0, 19.0, 35.0, 23.0, 14.0, 14.0, 20.0, 26.0, 18.0, 2.0]
[3.5, 3.5, 2.5, 2.5, 3.5, 2.5, 2.5, 2.5, 5.0, 5.0, 9.0, 9.0, 3.0, 1.9999999999999998, 1.9999999999999998, 3.0, 1.9999999999999998, 3.0, 3.0, 1.9999999999999998, 1.9999999999999998, 1.9999999999999998, 1.9999999999999998, 1.2, 1.9999999999999998, 1.2, 1.9999999999999998, 1.9999999999999998]
[2.5, 2.5, 3.5, 3.5, 2.5, 3.5, 3.5, 3.5, 5.0, 5.0, 9.0, 9.0, 1.9999999999999998, 3.0, 3.0, 1.9999999999999998, 3.0, 1.9999999999999998, 1.9999999999999998, 3.0, 1.2, 1.2, 1.2, 1.9999999999999998, 1.2, 1.9999999999999998, 1.2, 1.2]
T = 0.043980465111040035	 step = 600
74.51000000000005
13.819224076704545
[14.0, 36.0, 17.0, 9.0, 18.0, 6.0, 9.0, 4.0, 24.0, 17.0, 33.0, 12.0, 20.0, 34.0, 24.0, 5.0, 29.0, 3.0, 26.0, 9.0, 38.0, 38.0, 25.0, 20.0, 23.0, 3.0, 14.0, 14.0]
[8.0, 13.0, 13.0, 14.0, 18.0, 25.0, 9.0, 11.0, 5.0, 23.0, 6.0, 33.0, 32.0, 31.0, 27.0, 2.0, 25.0, 32.0, 31.0, 19.0, 35.0, 23.0, 14.0, 14.0, 20.0, 26.0, 18.0, 2.0]
[3.5, 3.5, 2.5, 2.5, 3.5, 2.5, 2.5, 2.5, 5.0, 5.0, 9.0, 9.0, 3.0, 1.9999999999999998, 1.9999999999999998, 3.0, 1.9999999999999998, 3.0, 3.0, 1.9999999999999998, 1.9999999999999998, 1.9999999999999998, 1.9999999999999998, 1.2, 1.9999999999999998, 1.2, 1.9999999999999998, 1.9999999999999998]
[2.5, 2.5, 3.5, 3.5, 2.5, 3.5, 3.5, 3.5, 5.0, 5.0, 9.0, 9.0, 1.9999999999999998, 3.0, 3.0, 1.9999999999999998, 3.0, 1.9999999999999998, 1.9999999999999998, 3.0, 1.2, 1.2, 1.2, 1.9999999999999998, 1.2, 1.9999999999999998, 1.2, 1.2]
T = 0.043980465111040035	 step = 601
74.51000000000005
13.787974076704545
[14.0, 36.0, 17.0, 9.0, 18.0, 6.0, 9.0, 4.0, 24.0, 17.0, 33.0, 12.0, 20.0, 34.0, 24.0, 6.0, 29.0, 3.0, 26.0, 9.0, 38.0, 38.0, 25.0, 20.0, 23.0, 3.0, 14.0, 14.0]
[8.0, 13.0, 13.0, 14.0, 18.0, 25.0, 9.0, 11.0, 5.0, 23.0, 6.0, 33.0, 32.0, 31.0, 27.0, 2.0, 25.0, 32.0, 31.0, 19.0, 35.0, 23.0, 14.0, 14.0, 20.0, 26.0, 18.0, 2.0]
[3.5, 3.5, 2.5, 2.5, 3.5, 2.5, 2.5, 2.5, 5.0, 5.0, 9.0, 9.0, 3.0, 1.9999999999999998, 1.9999999999999998, 3.0, 1.9999999999999998, 3.0, 3.0, 1.9999999999999998, 1.9999999999999998, 1.9999999999999998, 1.9999999999999998, 1.2, 1.9999999999999998, 1.2, 1.9999999999999998, 1.9999999999999998]
[2.5, 2.5, 3.5, 3.5, 2.5, 3.5, 3.5, 3.5, 5.0, 5.0, 9.0, 9.0, 1.9999999999999998, 3.0, 3.0, 1.9999999999999998, 3.0, 1.9999999999999998, 1.9999999999999998, 3.0, 1.2, 1.2, 1.2, 1.9999999999999998, 1.2, 1.9999999999999998, 1.2, 1.2]
T = 0.03518437208883203	 step = 602
74.48000000000002
13.809633345170454
[14.0, 36.0, 17.0, 9.0, 18.0, 6.0, 9.0, 4.0, 24.0, 17.0, 33.0, 12.0, 20.0, 34.0, 25.0, 6.0, 29.0, 3.0, 26.0, 9.0, 38.0, 38.0, 25.0, 20.0, 23.0, 3.0, 14.0, 14.0]
[8.0, 13.0, 13.0, 14.0, 18.0, 25.0, 9.0, 11.0, 5.0, 23.0, 6.0, 33.0, 32.0, 31.0, 27.0, 2.0, 25.0, 32.0, 31.0, 19.0, 35.0, 23.0, 14.0, 14.0, 20.0, 26.0, 18.0, 2.0]
[3.5, 3.5, 2.5, 2.5, 3.5, 2.5, 2.5, 2.5, 5.0, 5.0, 9.0, 9.0, 3.0, 1.9999999999999998, 1.9999999999999998, 3.0, 1.9999999999999998, 3.0, 3.0, 1.9999999999999998, 1.9999999999999998, 1.9999999999999998, 1.9999999999999998, 1.2, 1.9999999999999998, 1.2, 1.9999999999999998, 1.9999999999999998]
[2.5, 2.5, 3.5, 3.5, 2.5, 3.5, 3.5, 3.5, 5.0, 5.0, 9.0, 9.0, 1.9999999999999998, 3.0, 3.0, 1.9999999999999998, 3.0, 1.9999999999999998, 1.9999999999999998, 3.0, 1.2, 1.2, 1.2, 1.9999999999999998, 1.2, 1.9999999999999998, 1.2, 1.2]
T = 0.03518437208883203	 step = 603
74.47000000000003
13.806380504261364
[14.0, 36.0, 17.0, 9.0, 18.0, 6.0, 9.0, 4.0, 24.0, 17.0, 33.0, 12.0, 20.0, 34.0, 25.0, 6.0, 29.0, 3.0, 26.0, 9.0, 38.0, 38.0, 25.0, 20.0, 23.0, 2.0, 14.0, 14.0]
[8.0, 13.0, 13.0, 14.0, 18.0, 25.0, 9.0, 11.0, 5.0, 23.0, 6.0, 33.0, 32.0, 31.0, 27.0, 2.0, 25.0, 32.0, 31.0, 19.0, 35.0, 23.0, 14.0, 14.0, 20.0, 26.0, 18.0, 2.0]
[3.5, 3.5, 2.5, 2.5, 3.5, 2.5, 2.5, 2.5, 5.0, 5.0, 9.0, 9.0, 3.0, 1.9999999999999998, 1.9999999999999998, 3.0, 1.9999999999999998, 3.0, 3.0, 1.9999999999999998, 1.9999999999999998, 1.9999999999999998, 1.9999999999999998, 1.2, 1.9999999999999998, 1.2, 1.9999999999999998, 1.9999999999999998]
[2.5, 2.5, 3.5, 3.5, 2.5, 3.5, 3.5, 3.5, 5.0, 5.0, 9.0, 9.0, 1.9999999999999998, 3.0, 3.0, 1.9999999999999998, 3.0, 1.9999999999999998, 1.9999999999999998, 3.0, 1.2, 1.2, 1.2, 1.9999999999999998, 1.2, 1.9999999999999998, 1.2, 1.2]
T = 0.03518437208883203	 step = 604
74.45000000000005
13.837701526988637
[14.0, 36.0, 17.0, 9.0, 18.0, 6.0, 9.0, 4.0, 24.0, 17.0, 33.0, 12.0, 20.0, 34.0, 25.0, 6.0, 30.0, 3.0, 26.0, 9.0, 38.0, 38.0, 25.0, 20.0, 23.0, 2.0, 14.0, 14.0]
[8.0, 13.0, 13.0, 14.0, 18.0, 25.0, 9.0, 11.0, 5.0, 23.0, 6.0, 33.0, 32.0, 31.0, 27.0, 2.0, 25.0, 32.0, 31.0, 19.0, 35.0, 23.0, 14.0, 14.0, 20.0, 26.0, 18.0, 2.0]
[3.5, 3.5, 2.5, 2.5, 3.5, 2.5, 2.5, 2.5, 5.0, 5.0, 9.0, 9.0, 3.0, 1.9999999999999998, 1.9999999999999998, 3.0, 1.9999999999999998, 3.0, 3.0, 1.9999999999999998, 1.9999999999999998, 1.9999999999999998, 1.9999999999999998, 1.2, 1.9999999999999998, 1.2, 1.9999999999999998, 1.9999999999999998]
[2.5, 2.5, 3.5, 3.5, 2.5, 3.5, 3.5, 3.5, 5.0, 5.0, 9.0, 9.0, 1.9999999999999998, 3.0, 3.0, 1.9999999999999998, 3.0, 1.9999999999999998, 1.9999999999999998, 3.0, 1.2, 1.2, 1.2, 1.9999999999999998, 1.2, 1.9999999999999998, 1.2, 1.2]
T = 0.03518437208883203	 step = 605
74.47000000000003
13.806451526988637
[14.0, 36.0, 17.0, 9.0, 18.0, 6.0, 9.0, 4.0, 24.0, 17.0, 33.0, 12.0, 20.0, 34.0, 25.0, 6.0, 30.0, 3.0, 26.0, 9.0, 38.0, 38.0, 25.0, 20.0, 23.0, 2.0, 14.0, 14.0]
[8.0, 13.0, 13.0, 14.0, 18.0, 25.0, 9.0, 11.0, 5.0, 23.0, 6.0, 33.0, 32.0, 31.0, 26.0, 2.0, 25.0, 32.0, 31.0, 19.0, 35.0, 23.0, 14.0, 14.0, 20.0, 26.0, 18.0, 2.0]
[3.5, 3.5, 2.5, 2.5, 3.5, 2.5, 2.5, 2.5, 5.0, 5.0, 9.0, 9.0, 3.0, 1.9999999999999998, 1.9999999999999998, 3.0, 1.9999999999999998, 3.0, 3.0, 1.9999999999999998, 1.9999999999999998, 1.9999999999999998, 1.9999999999999998, 1.2, 1.9999999999999998, 1.2, 1.9999999999999998, 1.9999999999999998]
[2.5, 2.5, 3.5, 3.5, 2.5, 3.5, 3.5, 3.5, 5.0, 5.0, 9.0, 9.0, 1.9999999999999998, 3.0, 3.0, 1.9999999999999998, 3.0, 1.9999999999999998, 1.9999999999999998, 3.0, 1.2, 1.2, 1.2, 1.9999999999999998, 1.2, 1.9999999999999998, 1.2, 1.2]
T = 0.03518437208883203	 step = 606
74.42000000000002
13.931380504261364
[14.0, 36.0, 17.0, 9.0, 18.0, 6.0, 9.0, 4.0, 24.0, 17.0, 33.0, 11.0, 20.0, 34.0, 25.0, 6.0, 30.0, 3.0, 26.0, 9.0, 38.0, 38.0, 25.0, 20.0, 23.0, 2.0, 14.0, 14.0]
[8.0, 13.0, 13.0, 14.0, 18.0, 25.0, 9.0, 11.0, 5.0, 23.0, 6.0, 33.0, 32.0, 31.0, 26.0, 2.0, 25.0, 32.0, 31.0, 19.0, 35.0, 23.0, 14.0, 14.0, 20.0, 26.0, 18.0, 2.0]
[3.5, 3.5, 2.5, 2.5, 3.5, 2.5, 2.5, 2.5, 5.0, 5.0, 9.0, 9.0, 3.0, 1.9999999999999998, 1.9999999999999998, 3.0, 1.9999999999999998, 3.0, 3.0, 1.9999999999999998, 1.9999999999999998, 1.9999999999999998, 1.9999999999999998, 1.2, 1.9999999999999998, 1.2, 1.9999999999999998, 1.9999999999999998]
[2.5, 2.5, 3.5, 3.5, 2.5, 3.5, 3.5, 3.5, 5.0, 5.0, 9.0, 9.0, 1.9999999999999998, 3.0, 3.0, 1.9999999999999998, 3.0, 1.9999999999999998, 1.9999999999999998, 3.0, 1.2, 1.2, 1.2, 1.9999999999999998, 1.2, 1.9999999999999998, 1.2, 1.2]
T = 0.03518437208883203	 step = 607
74.42000000000002
13.962701526988637
[14.0, 36.0, 17.0, 9.0, 18.0, 6.0, 9.0, 4.0, 24.0, 17.0, 33.0, 11.0, 20.0, 34.0, 25.0, 6.0, 30.0, 3.0, 26.0, 9.0, 38.0, 38.0, 25.0, 20.0, 23.0, 2.0, 14.0, 14.0]
[8.0, 13.0, 13.0, 14.0, 18.0, 25.0, 9.0, 11.0, 5.0, 23.0, 6.0, 33.0, 32.0, 31.0, 26.0, 2.0, 26.0, 32.0, 31.0, 19.0, 35.0, 23.0, 14.0, 14.0, 20.0, 26.0, 18.0, 2.0]
[3.5, 3.5, 2.5, 2.5, 3.5, 2.5, 2.5, 2.5, 5.0, 5.0, 9.0, 9.0, 3.0, 1.9999999999999998, 1.9999999999999998, 3.0, 1.9999999999999998, 3.0, 3.0, 1.9999999999999998, 1.9999999999999998, 1.9999999999999998, 1.9999999999999998, 1.2, 1.9999999999999998, 1.2, 1.9999999999999998, 1.9999999999999998]
[2.5, 2.5, 3.5, 3.5, 2.5, 3.5, 3.5, 3.5, 5.0, 5.0, 9.0, 9.0, 1.9999999999999998, 3.0, 3.0, 1.9999999999999998, 3.0, 1.9999999999999998, 1.9999999999999998, 3.0, 1.2, 1.2, 1.2, 1.9999999999999998, 1.2, 1.9999999999999998, 1.2, 1.2]
T = 0.03518437208883203	 step = 608
74.42000000000002
13.931380504261364
[14.0, 36.0, 17.0, 9.0, 18.0, 6.0, 9.0, 4.0, 24.0, 17.0, 33.0, 11.0, 20.0, 34.0, 25.0, 7.0, 30.0, 3.0, 26.0, 9.0, 38.0, 38.0, 25.0, 20.0, 23.0, 2.0, 14.0, 14.0]
[8.0, 13.0, 13.0, 14.0, 18.0, 25.0, 9.0, 11.0, 5.0, 23.0, 6.0, 33.0, 32.0, 31.0, 26.0, 2.0, 26.0, 32.0, 31.0, 19.0, 35.0, 23.0, 14.0, 14.0, 20.0, 26.0, 18.0, 2.0]
[3.5, 3.5, 2.5, 2.5, 3.5, 2.5, 2.5, 2.5, 5.0, 5.0, 9.0, 9.0, 3.0, 1.9999999999999998, 1.9999999999999998, 3.0, 1.9999999999999998, 3.0, 3.0, 1.9999999999999998, 1.9999999999999998, 1.9999999999999998, 1.9999999999999998, 1.2, 1.9999999999999998, 1.2, 1.9999999999999998, 1.9999999999999998]
[2.5, 2.5, 3.5, 3.5, 2.5, 3.5, 3.5, 3.5, 5.0, 5.0, 9.0, 9.0, 1.9999999999999998, 3.0, 3.0, 1.9999999999999998, 3.0, 1.9999999999999998, 1.9999999999999998, 3.0, 1.2, 1.2, 1.2, 1.9999999999999998, 1.2, 1.9999999999999998, 1.2, 1.2]
T = 0.03518437208883203	 step = 609
74.21000000000004
15.133580433238633
[14.0, 36.0, 17.0, 9.0, 18.0, 34.0, 9.0, 4.0, 24.0, 17.0, 33.0, 11.0, 20.0, 34.0, 25.0, 7.0, 30.0, 3.0, 26.0, 9.0, 38.0, 38.0, 25.0, 20.0, 23.0, 2.0, 14.0, 14.0]
[8.0, 13.0, 13.0, 14.0, 18.0, 21.0, 9.0, 11.0, 5.0, 23.0, 6.0, 33.0, 32.0, 31.0, 26.0, 2.0, 26.0, 32.0, 31.0, 19.0, 35.0, 23.0, 14.0, 14.0, 20.0, 26.0, 18.0, 2.0]
[3.5, 3.5, 2.5, 2.5, 3.5, 2.5, 2.5, 2.5, 5.0, 5.0, 9.0, 9.0, 3.0, 1.9999999999999998, 1.9999999999999998, 3.0, 1.9999999999999998, 3.0, 3.0, 1.9999999999999998, 1.9999999999999998, 1.9999999999999998, 1.9999999999999998, 1.2, 1.9999999999999998, 1.2, 1.9999999999999998, 1.9999999999999998]
[2.5, 2.5, 3.5, 3.5, 2.5, 3.5, 3.5, 3.5, 5.0, 5.0, 9.0, 9.0, 1.9999999999999998, 3.0, 3.0, 1.9999999999999998, 3.0, 1.9999999999999998, 1.9999999999999998, 3.0, 1.2, 1.2, 1.2, 1.9999999999999998, 1.2, 1.9999999999999998, 1.2, 1.2]
T = 0.03518437208883203	 step = 610
74.44
13.947005504261364
[14.0, 36.0, 17.0, 9.0, 18.0, 6.0, 9.0, 4.0, 24.0, 17.0, 33.0, 11.0, 20.0, 34.0, 25.0, 7.0, 30.0, 3.0, 26.0, 9.0, 38.0, 38.0, 25.0, 20.0, 22.0, 2.0, 14.0, 14.0]
[8.0, 13.0, 13.0, 14.0, 18.0, 25.0, 9.0, 11.0, 5.0, 23.0, 6.0, 33.0, 32.0, 31.0, 26.0, 2.0, 26.0, 32.0, 31.0, 19.0, 35.0, 23.0, 14.0, 14.0, 20.0, 26.0, 18.0, 2.0]
[3.5, 3.5, 2.5, 2.5, 3.5, 2.5, 2.5, 2.5, 5.0, 5.0, 9.0, 9.0, 3.0, 1.9999999999999998, 1.9999999999999998, 3.0, 1.9999999999999998, 3.0, 3.0, 1.9999999999999998, 1.9999999999999998, 1.9999999999999998, 1.9999999999999998, 1.2, 1.9999999999999998, 1.2, 1.9999999999999998, 1.9999999999999998]
[2.5, 2.5, 3.5, 3.5, 2.5, 3.5, 3.5, 3.5, 5.0, 5.0, 9.0, 9.0, 1.9999999999999998, 3.0, 3.0, 1.9999999999999998, 3.0, 1.9999999999999998, 1.9999999999999998, 3.0, 1.2, 1.2, 1.2, 1.9999999999999998, 1.2, 1.9999999999999998, 1.2, 1.2]
T = 0.03518437208883203	 step = 611
74.42000000000002
13.962630504261364
[14.0, 36.0, 17.0, 9.0, 18.0, 6.0, 9.0, 4.0, 24.0, 17.0, 33.0, 11.0, 20.0, 34.0, 25.0, 7.0, 30.0, 3.0, 26.0, 9.0, 38.0, 38.0, 25.0, 20.0, 22.0, 2.0, 14.0, 14.0]
[8.0, 13.0, 13.0, 14.0, 18.0, 25.0, 9.0, 11.0, 5.0, 23.0, 6.0, 33.0, 32.0, 31.0, 26.0, 2.0, 26.0, 32.0, 31.0, 19.0, 35.0, 23.0, 14.0, 14.0, 19.0, 26.0, 18.0, 2.0]
[3.5, 3.5, 2.5, 2.5, 3.5, 2.5, 2.5, 2.5, 5.0, 5.0, 9.0, 9.0, 3.0, 1.9999999999999998, 1.9999999999999998, 3.0, 1.9999999999999998, 3.0, 3.0, 1.9999999999999998, 1.9999999999999998, 1.9999999999999998, 1.9999999999999998, 1.2, 1.9999999999999998, 1.2, 1.9999999999999998, 1.9999999999999998]
[2.5, 2.5, 3.5, 3.5, 2.5, 3.5, 3.5, 3.5, 5.0, 5.0, 9.0, 9.0, 1.9999999999999998, 3.0, 3.0, 1.9999999999999998, 3.0, 1.9999999999999998, 1.9999999999999998, 3.0, 1.2, 1.2, 1.2, 1.9999999999999998, 1.2, 1.9999999999999998, 1.2, 1.2]
T = 0.03518437208883203	 step = 612
74.41000000000003
13.993951526988637
[14.0, 36.0, 17.0, 9.0, 18.0, 6.0, 9.0, 4.0, 24.0, 17.0, 33.0, 11.0, 20.0, 34.0, 25.0, 7.0, 30.0, 3.0, 26.0, 9.0, 38.0, 38.0, 25.0, 20.0, 22.0, 2.0, 14.0, 14.0]
[8.0, 13.0, 13.0, 14.0, 18.0, 25.0, 9.0, 11.0, 5.0, 23.0, 6.0, 33.0, 32.0, 31.0, 26.0, 2.0, 27.0, 32.0, 31.0, 19.0, 35.0, 23.0, 14.0, 14.0, 19.0, 26.0, 18.0, 2.0]
[3.5, 3.5, 2.5, 2.5, 3.5, 2.5, 2.5, 2.5, 5.0, 5.0, 9.0, 9.0, 3.0, 1.9999999999999998, 1.9999999999999998, 3.0, 1.9999999999999998, 3.0, 3.0, 1.9999999999999998, 1.9999999999999998, 1.9999999999999998, 1.9999999999999998, 1.2, 1.9999999999999998, 1.2, 1.9999999999999998, 1.9999999999999998]
[2.5, 2.5, 3.5, 3.5, 2.5, 3.5, 3.5, 3.5, 5.0, 5.0, 9.0, 9.0, 1.9999999999999998, 3.0, 3.0, 1.9999999999999998, 3.0, 1.9999999999999998, 1.9999999999999998, 3.0, 1.2, 1.2, 1.2, 1.9999999999999998, 1.2, 1.9999999999999998, 1.2, 1.2]
T = 0.03518437208883203	 step = 613
74.42000000000002
13.915755504261362
[14.0, 36.0, 17.0, 9.0, 18.0, 6.0, 9.0, 4.0, 24.0, 17.0, 33.0, 11.0, 20.0, 34.0, 25.0, 7.0, 30.0, 3.0, 26.0, 9.0, 38.0, 38.0, 25.0, 20.0, 22.0, 2.0, 14.0, 14.0]
[8.0, 13.0, 13.0, 14.0, 18.0, 24.0, 9.0, 11.0, 5.0, 23.0, 6.0, 33.0, 32.0, 31.0, 26.0, 2.0, 27.0, 32.0, 31.0, 19.0, 35.0, 23.0, 14.0, 14.0, 19.0, 26.0, 18.0, 2.0]
[3.5, 3.5, 2.5, 2.5, 3.5, 2.5, 2.5, 2.5, 5.0, 5.0, 9.0, 9.0, 3.0, 1.9999999999999998, 1.9999999999999998, 3.0, 1.9999999999999998, 3.0, 3.0, 1.9999999999999998, 1.9999999999999998, 1.9999999999999998, 1.9999999999999998, 1.2, 1.9999999999999998, 1.2, 1.9999999999999998, 1.9999999999999998]
[2.5, 2.5, 3.5, 3.5, 2.5, 3.5, 3.5, 3.5, 5.0, 5.0, 9.0, 9.0, 1.9999999999999998, 3.0, 3.0, 1.9999999999999998, 3.0, 1.9999999999999998, 1.9999999999999998, 3.0, 1.2, 1.2, 1.2, 1.9999999999999998, 1.2, 1.9999999999999998, 1.2, 1.2]
T = 0.03518437208883203	 step = 614
74.37
13.914869495738634
[14.0, 36.0, 17.0, 9.0, 18.0, 6.0, 9.0, 4.0, 24.0, 17.0, 33.0, 11.0, 20.0, 34.0, 25.0, 7.0, 30.0, 3.0, 26.0, 9.0, 38.0, 38.0, 25.0, 20.0, 22.0, 2.0, 14.0, 14.0]
[8.0, 13.0, 12.0, 14.0, 18.0, 24.0, 9.0, 11.0, 5.0, 23.0, 6.0, 33.0, 32.0, 31.0, 26.0, 2.0, 27.0, 32.0, 31.0, 19.0, 35.0, 23.0, 14.0, 14.0, 19.0, 26.0, 18.0, 2.0]
[3.5, 3.5, 2.5, 2.5, 3.5, 2.5, 2.5, 2.5, 5.0, 5.0, 9.0, 9.0, 3.0, 1.9999999999999998, 1.9999999999999998, 3.0, 1.9999999999999998, 3.0, 3.0, 1.9999999999999998, 1.9999999999999998, 1.9999999999999998, 1.9999999999999998, 1.2, 1.9999999999999998, 1.2, 1.9999999999999998, 1.9999999999999998]
[2.5, 2.5, 3.5, 3.5, 2.5, 3.5, 3.5, 3.5, 5.0, 5.0, 9.0, 9.0, 1.9999999999999998, 3.0, 3.0, 1.9999999999999998, 3.0, 1.9999999999999998, 1.9999999999999998, 3.0, 1.2, 1.2, 1.2, 1.9999999999999998, 1.2, 1.9999999999999998, 1.2, 1.2]
T = 0.03518437208883203	 step = 615
74.36000000000001
13.946119495738634
[14.0, 36.0, 17.0, 9.0, 18.0, 6.0, 9.0, 4.0, 24.0, 17.0, 33.0, 11.0, 20.0, 34.0, 25.0, 7.0, 30.0, 3.0, 26.0, 9.0, 38.0, 38.0, 25.0, 20.0, 22.0, 2.0, 14.0, 14.0]
[8.0, 13.0, 12.0, 14.0, 18.0, 24.0, 9.0, 11.0, 5.0, 23.0, 6.0, 33.0, 32.0, 32.0, 26.0, 2.0, 27.0, 32.0, 31.0, 19.0, 35.0, 23.0, 14.0, 14.0, 19.0, 26.0, 18.0, 2.0]
[3.5, 3.5, 2.5, 2.5, 3.5, 2.5, 2.5, 2.5, 5.0, 5.0, 9.0, 9.0, 3.0, 1.9999999999999998, 1.9999999999999998, 3.0, 1.9999999999999998, 3.0, 3.0, 1.9999999999999998, 1.9999999999999998, 1.9999999999999998, 1.9999999999999998, 1.2, 1.9999999999999998, 1.2, 1.9999999999999998, 1.9999999999999998]
[2.5, 2.5, 3.5, 3.5, 2.5, 3.5, 3.5, 3.5, 5.0, 5.0, 9.0, 9.0, 1.9999999999999998, 3.0, 3.0, 1.9999999999999998, 3.0, 1.9999999999999998, 1.9999999999999998, 3.0, 1.2, 1.2, 1.2, 1.9999999999999998, 1.2, 1.9999999999999998, 1.2, 1.2]
T = 0.03518437208883203	 step = 616
74.36000000000001
13.961673473011361
[14.0, 36.0, 17.0, 9.0, 18.0, 6.0, 9.0, 4.0, 24.0, 17.0, 33.0, 11.0, 20.0, 34.0, 25.0, 7.0, 30.0, 3.0, 26.0, 9.0, 38.0, 38.0, 25.0, 21.0, 22.0, 2.0, 14.0, 14.0]
[8.0, 13.0, 12.0, 14.0, 18.0, 24.0, 9.0, 11.0, 5.0, 23.0, 6.0, 33.0, 32.0, 32.0, 26.0, 2.0, 27.0, 32.0, 31.0, 19.0, 35.0, 23.0, 14.0, 14.0, 19.0, 26.0, 18.0, 2.0]
[3.5, 3.5, 2.5, 2.5, 3.5, 2.5, 2.5, 2.5, 5.0, 5.0, 9.0, 9.0, 3.0, 1.9999999999999998, 1.9999999999999998, 3.0, 1.9999999999999998, 3.0, 3.0, 1.9999999999999998, 1.9999999999999998, 1.9999999999999998, 1.9999999999999998, 1.2, 1.9999999999999998, 1.2, 1.9999999999999998, 1.9999999999999998]
[2.5, 2.5, 3.5, 3.5, 2.5, 3.5, 3.5, 3.5, 5.0, 5.0, 9.0, 9.0, 1.9999999999999998, 3.0, 3.0, 1.9999999999999998, 3.0, 1.9999999999999998, 1.9999999999999998, 3.0, 1.2, 1.2, 1.2, 1.9999999999999998, 1.2, 1.9999999999999998, 1.2, 1.2]
T = 0.03518437208883203	 step = 617
74.36000000000001
13.992923473011361
[14.0, 36.0, 17.0, 9.0, 18.0, 6.0, 9.0, 4.0, 24.0, 17.0, 33.0, 11.0, 20.0, 34.0, 25.0, 7.0, 30.0, 3.0, 26.0, 9.0, 38.0, 38.0, 25.0, 21.0, 22.0, 2.0, 14.0, 14.0]
[8.0, 13.0, 12.0, 14.0, 18.0, 24.0, 9.0, 11.0, 5.0, 23.0, 6.0, 33.0, 32.0, 32.0, 26.0, 2.0, 27.0, 32.0, 31.0, 20.0, 35.0, 23.0, 14.0, 14.0, 19.0, 26.0, 18.0, 2.0]
[3.5, 3.5, 2.5, 2.5, 3.5, 2.5, 2.5, 2.5, 5.0, 5.0, 9.0, 9.0, 3.0, 1.9999999999999998, 1.9999999999999998, 3.0, 1.9999999999999998, 3.0, 3.0, 1.9999999999999998, 1.9999999999999998, 1.9999999999999998, 1.9999999999999998, 1.2, 1.9999999999999998, 1.2, 1.9999999999999998, 1.9999999999999998]
[2.5, 2.5, 3.5, 3.5, 2.5, 3.5, 3.5, 3.5, 5.0, 5.0, 9.0, 9.0, 1.9999999999999998, 3.0, 3.0, 1.9999999999999998, 3.0, 1.9999999999999998, 1.9999999999999998, 3.0, 1.2, 1.2, 1.2, 1.9999999999999998, 1.2, 1.9999999999999998, 1.2, 1.2]
T = 0.03518437208883203	 step = 618
74.42000000000002
15.390530007102273
[24.0, 36.0, 17.0, 9.0, 18.0, 6.0, 9.0, 4.0, 24.0, 17.0, 33.0, 11.0, 20.0, 34.0, 25.0, 7.0, 30.0, 3.0, 26.0, 9.0, 38.0, 38.0, 25.0, 21.0, 22.0, 2.0, 14.0, 14.0]
[35.0, 13.0, 12.0, 14.0, 18.0, 24.0, 9.0, 11.0, 5.0, 23.0, 6.0, 33.0, 32.0, 32.0, 26.0, 2.0, 27.0, 32.0, 31.0, 19.0, 35.0, 23.0, 14.0, 14.0, 19.0, 26.0, 18.0, 2.0]
[3.5, 3.5, 2.5, 2.5, 3.5, 2.5, 2.5, 2.5, 5.0, 5.0, 9.0, 9.0, 3.0, 1.9999999999999998, 1.9999999999999998, 3.0, 1.9999999999999998, 3.0, 3.0, 1.9999999999999998, 1.9999999999999998, 1.9999999999999998, 1.9999999999999998, 1.2, 1.9999999999999998, 1.2, 1.9999999999999998, 1.9999999999999998]
[2.5, 2.5, 3.5, 3.5, 2.5, 3.5, 3.5, 3.5, 5.0, 5.0, 9.0, 9.0, 1.9999999999999998, 3.0, 3.0, 1.9999999999999998, 3.0, 1.9999999999999998, 1.9999999999999998, 3.0, 1.2, 1.2, 1.2, 1.9999999999999998, 1.2, 1.9999999999999998, 1.2, 1.2]
T = 0.03518437208883203	 step = 619
74.33000000000004
14.086673473011361
[14.0, 36.0, 17.0, 9.0, 18.0, 6.0, 9.0, 4.0, 24.0, 17.0, 34.0, 11.0, 20.0, 34.0, 25.0, 7.0, 30.0, 3.0, 26.0, 9.0, 38.0, 38.0, 25.0, 21.0, 22.0, 2.0, 14.0, 14.0]
[8.0, 13.0, 12.0, 14.0, 18.0, 24.0, 9.0, 11.0, 5.0, 23.0, 6.0, 33.0, 32.0, 32.0, 26.0, 2.0, 27.0, 32.0, 31.0, 19.0, 35.0, 23.0, 14.0, 14.0, 19.0, 26.0, 18.0, 2.0]
[3.5, 3.5, 2.5, 2.5, 3.5, 2.5, 2.5, 2.5, 5.0, 5.0, 9.0, 9.0, 3.0, 1.9999999999999998, 1.9999999999999998, 3.0, 1.9999999999999998, 3.0, 3.0, 1.9999999999999998, 1.9999999999999998, 1.9999999999999998, 1.9999999999999998, 1.2, 1.9999999999999998, 1.2, 1.9999999999999998, 1.9999999999999998]
[2.5, 2.5, 3.5, 3.5, 2.5, 3.5, 3.5, 3.5, 5.0, 5.0, 9.0, 9.0, 1.9999999999999998, 3.0, 3.0, 1.9999999999999998, 3.0, 1.9999999999999998, 1.9999999999999998, 3.0, 1.2, 1.2, 1.2, 1.9999999999999998, 1.2, 1.9999999999999998, 1.2, 1.2]
T = 0.03518437208883203	 step = 620
74.39000000000004
13.940014204545452
[14.0, 36.0, 17.0, 9.0, 18.0, 6.0, 9.0, 4.0, 24.0, 17.0, 33.0, 11.0, 20.0, 34.0, 24.0, 7.0, 30.0, 3.0, 26.0, 9.0, 38.0, 38.0, 25.0, 21.0, 22.0, 2.0, 14.0, 14.0]
[8.0, 13.0, 12.0, 14.0, 18.0, 24.0, 9.0, 11.0, 5.0, 23.0, 6.0, 33.0, 32.0, 32.0, 26.0, 2.0, 27.0, 32.0, 31.0, 19.0, 35.0, 23.0, 14.0, 14.0, 19.0, 26.0, 18.0, 2.0]
[3.5, 3.5, 2.5, 2.5, 3.5, 2.5, 2.5, 2.5, 5.0, 5.0, 9.0, 9.0, 3.0, 1.9999999999999998, 1.9999999999999998, 3.0, 1.9999999999999998, 3.0, 3.0, 1.9999999999999998, 1.9999999999999998, 1.9999999999999998, 1.9999999999999998, 1.2, 1.9999999999999998, 1.2, 1.9999999999999998, 1.9999999999999998]
[2.5, 2.5, 3.5, 3.5, 2.5, 3.5, 3.5, 3.5, 5.0, 5.0, 9.0, 9.0, 1.9999999999999998, 3.0, 3.0, 1.9999999999999998, 3.0, 1.9999999999999998, 1.9999999999999998, 3.0, 1.2, 1.2, 1.2, 1.9999999999999998, 1.2, 1.9999999999999998, 1.2, 1.2]
T = 0.03518437208883203	 step = 621
74.38
13.971264204545452
[14.0, 36.0, 17.0, 9.0, 18.0, 6.0, 9.0, 4.0, 24.0, 17.0, 33.0, 11.0, 20.0, 34.0, 24.0, 7.0, 30.0, 3.0, 26.0, 9.0, 38.0, 38.0, 25.0, 21.0, 22.0, 2.0, 14.0, 14.0]
[8.0, 13.0, 12.0, 14.0, 18.0, 24.0, 9.0, 11.0, 5.0, 23.0, 6.0, 33.0, 32.0, 33.0, 26.0, 2.0, 27.0, 32.0, 31.0, 19.0, 35.0, 23.0, 14.0, 14.0, 19.0, 26.0, 18.0, 2.0]
[3.5, 3.5, 2.5, 2.5, 3.5, 2.5, 2.5, 2.5, 5.0, 5.0, 9.0, 9.0, 3.0, 1.9999999999999998, 1.9999999999999998, 3.0, 1.9999999999999998, 3.0, 3.0, 1.9999999999999998, 1.9999999999999998, 1.9999999999999998, 1.9999999999999998, 1.2, 1.9999999999999998, 1.2, 1.9999999999999998, 1.9999999999999998]
[2.5, 2.5, 3.5, 3.5, 2.5, 3.5, 3.5, 3.5, 5.0, 5.0, 9.0, 9.0, 1.9999999999999998, 3.0, 3.0, 1.9999999999999998, 3.0, 1.9999999999999998, 1.9999999999999998, 3.0, 1.2, 1.2, 1.2, 1.9999999999999998, 1.2, 1.9999999999999998, 1.2, 1.2]
T = 0.03518437208883203	 step = 622
74.39000000000004
13.940014204545452
[14.0, 36.0, 17.0, 9.0, 18.0, 6.0, 9.0, 4.0, 24.0, 17.0, 33.0, 11.0, 20.0, 34.0, 24.0, 7.0, 30.0, 3.0, 26.0, 9.0, 38.0, 38.0, 25.0, 21.0, 22.0, 2.0, 14.0, 14.0]
[8.0, 13.0, 12.0, 14.0, 18.0, 24.0, 9.0, 11.0, 5.0, 23.0, 6.0, 33.0, 32.0, 33.0, 26.0, 2.0, 27.0, 32.0, 30.0, 19.0, 35.0, 23.0, 14.0, 14.0, 19.0, 26.0, 18.0, 2.0]
[3.5, 3.5, 2.5, 2.5, 3.5, 2.5, 2.5, 2.5, 5.0, 5.0, 9.0, 9.0, 3.0, 1.9999999999999998, 1.9999999999999998, 3.0, 1.9999999999999998, 3.0, 3.0, 1.9999999999999998, 1.9999999999999998, 1.9999999999999998, 1.9999999999999998, 1.2, 1.9999999999999998, 1.2, 1.9999999999999998, 1.9999999999999998]
[2.5, 2.5, 3.5, 3.5, 2.5, 3.5, 3.5, 3.5, 5.0, 5.0, 9.0, 9.0, 1.9999999999999998, 3.0, 3.0, 1.9999999999999998, 3.0, 1.9999999999999998, 1.9999999999999998, 3.0, 1.2, 1.2, 1.2, 1.9999999999999998, 1.2, 1.9999999999999998, 1.2, 1.2]
T = 0.03518437208883203	 step = 623
73.92000000000002
13.877514204545456
[14.0, 36.0, 17.0, 9.0, 18.0, 6.0, 9.0, 4.0, 24.0, 17.0, 33.0, 11.0, 20.0, 34.0, 24.0, 7.0, 30.0, 3.0, 26.0, 9.0, 38.0, 38.0, 25.0, 21.0, 22.0, 2.0, 14.0, 14.0]
[8.0, 13.0, 12.0, 14.0, 18.0, 24.0, 9.0, 11.0, 5.0, 24.0, 6.0, 33.0, 32.0, 33.0, 26.0, 2.0, 27.0, 32.0, 30.0, 19.0, 35.0, 23.0, 14.0, 14.0, 19.0, 26.0, 18.0, 2.0]
[3.5, 3.5, 2.5, 2.5, 3.5, 2.5, 2.5, 2.5, 5.0, 5.0, 9.0, 9.0, 3.0, 1.9999999999999998, 1.9999999999999998, 3.0, 1.9999999999999998, 3.0, 3.0, 1.9999999999999998, 1.9999999999999998, 1.9999999999999998, 1.9999999999999998, 1.2, 1.9999999999999998, 1.2, 1.9999999999999998, 1.9999999999999998]
[2.5, 2.5, 3.5, 3.5, 2.5, 3.5, 3.5, 3.5, 5.0, 5.0, 9.0, 9.0, 1.9999999999999998, 3.0, 3.0, 1.9999999999999998, 3.0, 1.9999999999999998, 1.9999999999999998, 3.0, 1.2, 1.2, 1.2, 1.9999999999999998, 1.2, 1.9999999999999998, 1.2, 1.2]
T = 0.03518437208883203	 step = 624
73.91000000000003
13.846264204545452
[14.0, 36.0, 17.0, 9.0, 18.0, 6.0, 9.0, 4.0, 24.0, 17.0, 33.0, 11.0, 20.0, 35.0, 24.0, 7.0, 30.0, 3.0, 26.0, 9.0, 38.0, 38.0, 25.0, 21.0, 22.0, 2.0, 14.0, 14.0]
[8.0, 13.0, 12.0, 14.0, 18.0, 24.0, 9.0, 11.0, 5.0, 24.0, 6.0, 33.0, 32.0, 33.0, 26.0, 2.0, 27.0, 32.0, 30.0, 19.0, 35.0, 23.0, 14.0, 14.0, 19.0, 26.0, 18.0, 2.0]
[3.5, 3.5, 2.5, 2.5, 3.5, 2.5, 2.5, 2.5, 5.0, 5.0, 9.0, 9.0, 3.0, 1.9999999999999998, 1.9999999999999998, 3.0, 1.9999999999999998, 3.0, 3.0, 1.9999999999999998, 1.9999999999999998, 1.9999999999999998, 1.9999999999999998, 1.2, 1.9999999999999998, 1.2, 1.9999999999999998, 1.9999999999999998]
[2.5, 2.5, 3.5, 3.5, 2.5, 3.5, 3.5, 3.5, 5.0, 5.0, 9.0, 9.0, 1.9999999999999998, 3.0, 3.0, 1.9999999999999998, 3.0, 1.9999999999999998, 1.9999999999999998, 3.0, 1.2, 1.2, 1.2, 1.9999999999999998, 1.2, 1.9999999999999998, 1.2, 1.2]
T = 0.03518437208883203	 step = 625
73.94
13.846264204545452
[14.0, 36.0, 17.0, 9.0, 18.0, 6.0, 9.0, 4.0, 23.0, 17.0, 33.0, 11.0, 20.0, 35.0, 24.0, 7.0, 30.0, 3.0, 26.0, 9.0, 38.0, 38.0, 25.0, 21.0, 22.0, 2.0, 14.0, 14.0]
[8.0, 13.0, 12.0, 14.0, 18.0, 24.0, 9.0, 11.0, 5.0, 24.0, 6.0, 33.0, 32.0, 33.0, 26.0, 2.0, 27.0, 32.0, 30.0, 19.0, 35.0, 23.0, 14.0, 14.0, 19.0, 26.0, 18.0, 2.0]
[3.5, 3.5, 2.5, 2.5, 3.5, 2.5, 2.5, 2.5, 5.0, 5.0, 9.0, 9.0, 3.0, 1.9999999999999998, 1.9999999999999998, 3.0, 1.9999999999999998, 3.0, 3.0, 1.9999999999999998, 1.9999999999999998, 1.9999999999999998, 1.9999999999999998, 1.2, 1.9999999999999998, 1.2, 1.9999999999999998, 1.9999999999999998]
[2.5, 2.5, 3.5, 3.5, 2.5, 3.5, 3.5, 3.5, 5.0, 5.0, 9.0, 9.0, 1.9999999999999998, 3.0, 3.0, 1.9999999999999998, 3.0, 1.9999999999999998, 1.9999999999999998, 3.0, 1.2, 1.2, 1.2, 1.9999999999999998, 1.2, 1.9999999999999998, 1.2, 1.2]
T = 0.03518437208883203	 step = 626
73.99000000000001
13.72126420454545
[14.0, 36.0, 17.0, 9.0, 18.0, 6.0, 9.0, 4.0, 23.0, 17.0, 33.0, 12.0, 20.0, 35.0, 24.0, 7.0, 30.0, 3.0, 26.0, 9.0, 38.0, 38.0, 25.0, 21.0, 22.0, 2.0, 14.0, 14.0]
[8.0, 13.0, 12.0, 14.0, 18.0, 24.0, 9.0, 11.0, 5.0, 24.0, 6.0, 33.0, 32.0, 33.0, 26.0, 2.0, 27.0, 32.0, 30.0, 19.0, 35.0, 23.0, 14.0, 14.0, 19.0, 26.0, 18.0, 2.0]
[3.5, 3.5, 2.5, 2.5, 3.5, 2.5, 2.5, 2.5, 5.0, 5.0, 9.0, 9.0, 3.0, 1.9999999999999998, 1.9999999999999998, 3.0, 1.9999999999999998, 3.0, 3.0, 1.9999999999999998, 1.9999999999999998, 1.9999999999999998, 1.9999999999999998, 1.2, 1.9999999999999998, 1.2, 1.9999999999999998, 1.9999999999999998]
[2.5, 2.5, 3.5, 3.5, 2.5, 3.5, 3.5, 3.5, 5.0, 5.0, 9.0, 9.0, 1.9999999999999998, 3.0, 3.0, 1.9999999999999998, 3.0, 1.9999999999999998, 1.9999999999999998, 3.0, 1.2, 1.2, 1.2, 1.9999999999999998, 1.2, 1.9999999999999998, 1.2, 1.2]
T = 0.03518437208883203	 step = 627
74.01000000000005
13.611889204545452
[14.0, 35.0, 17.0, 9.0, 18.0, 6.0, 9.0, 4.0, 23.0, 17.0, 33.0, 12.0, 20.0, 35.0, 24.0, 7.0, 30.0, 3.0, 26.0, 9.0, 38.0, 38.0, 25.0, 21.0, 22.0, 2.0, 14.0, 14.0]
[8.0, 13.0, 12.0, 14.0, 18.0, 24.0, 9.0, 11.0, 5.0, 24.0, 6.0, 33.0, 32.0, 33.0, 26.0, 2.0, 27.0, 32.0, 30.0, 19.0, 35.0, 23.0, 14.0, 14.0, 19.0, 26.0, 18.0, 2.0]
[3.5, 3.5, 2.5, 2.5, 3.5, 2.5, 2.5, 2.5, 5.0, 5.0, 9.0, 9.0, 3.0, 1.9999999999999998, 1.9999999999999998, 3.0, 1.9999999999999998, 3.0, 3.0, 1.9999999999999998, 1.9999999999999998, 1.9999999999999998, 1.9999999999999998, 1.2, 1.9999999999999998, 1.2, 1.9999999999999998, 1.9999999999999998]
[2.5, 2.5, 3.5, 3.5, 2.5, 3.5, 3.5, 3.5, 5.0, 5.0, 9.0, 9.0, 1.9999999999999998, 3.0, 3.0, 1.9999999999999998, 3.0, 1.9999999999999998, 1.9999999999999998, 3.0, 1.2, 1.2, 1.2, 1.9999999999999998, 1.2, 1.9999999999999998, 1.2, 1.2]
T = 0.03518437208883203	 step = 628
74.01000000000005
13.643139204545452
[14.0, 35.0, 17.0, 9.0, 18.0, 6.0, 9.0, 4.0, 23.0, 17.0, 33.0, 12.0, 20.0, 35.0, 24.0, 7.0, 30.0, 3.0, 26.0, 9.0, 38.0, 38.0, 25.0, 21.0, 22.0, 2.0, 14.0, 14.0]
[8.0, 13.0, 12.0, 14.0, 18.0, 24.0, 9.0, 11.0, 5.0, 24.0, 6.0, 33.0, 32.0, 33.0, 26.0, 2.0, 27.0, 32.0, 31.0, 19.0, 35.0, 23.0, 14.0, 14.0, 19.0, 26.0, 18.0, 2.0]
[3.5, 3.5, 2.5, 2.5, 3.5, 2.5, 2.5, 2.5, 5.0, 5.0, 9.0, 9.0, 3.0, 1.9999999999999998, 1.9999999999999998, 3.0, 1.9999999999999998, 3.0, 3.0, 1.9999999999999998, 1.9999999999999998, 1.9999999999999998, 1.9999999999999998, 1.2, 1.9999999999999998, 1.2, 1.9999999999999998, 1.9999999999999998]
[2.5, 2.5, 3.5, 3.5, 2.5, 3.5, 3.5, 3.5, 5.0, 5.0, 9.0, 9.0, 1.9999999999999998, 3.0, 3.0, 1.9999999999999998, 3.0, 1.9999999999999998, 1.9999999999999998, 3.0, 1.2, 1.2, 1.2, 1.9999999999999998, 1.2, 1.9999999999999998, 1.2, 1.2]
T = 0.03518437208883203	 step = 629
73.99000000000001
13.611889204545452
[14.0, 35.0, 17.0, 9.0, 18.0, 6.0, 9.0, 4.0, 23.0, 17.0, 33.0, 12.0, 20.0, 35.0, 24.0, 7.0, 30.0, 3.0, 26.0, 8.0, 38.0, 38.0, 25.0, 21.0, 22.0, 2.0, 14.0, 14.0]
[8.0, 13.0, 12.0, 14.0, 18.0, 24.0, 9.0, 11.0, 5.0, 24.0, 6.0, 33.0, 32.0, 33.0, 26.0, 2.0, 27.0, 32.0, 30.0, 19.0, 35.0, 23.0, 14.0, 14.0, 19.0, 26.0, 18.0, 2.0]
[3.5, 3.5, 2.5, 2.5, 3.5, 2.5, 2.5, 2.5, 5.0, 5.0, 9.0, 9.0, 3.0, 1.9999999999999998, 1.9999999999999998, 3.0, 1.9999999999999998, 3.0, 3.0, 1.9999999999999998, 1.9999999999999998, 1.9999999999999998, 1.9999999999999998, 1.2, 1.9999999999999998, 1.2, 1.9999999999999998, 1.9999999999999998]
[2.5, 2.5, 3.5, 3.5, 2.5, 3.5, 3.5, 3.5, 5.0, 5.0, 9.0, 9.0, 1.9999999999999998, 3.0, 3.0, 1.9999999999999998, 3.0, 1.9999999999999998, 1.9999999999999998, 3.0, 1.2, 1.2, 1.2, 1.9999999999999998, 1.2, 1.9999999999999998, 1.2, 1.2]
T = 0.03518437208883203	 step = 630
73.98000000000002
13.596264204545452
[14.0, 35.0, 17.0, 9.0, 18.0, 6.0, 9.0, 4.0, 23.0, 17.0, 33.0, 12.0, 20.0, 35.0, 24.0, 7.0, 30.0, 3.0, 26.0, 8.0, 38.0, 38.0, 25.0, 21.0, 23.0, 2.0, 14.0, 14.0]
[8.0, 13.0, 12.0, 14.0, 18.0, 24.0, 9.0, 11.0, 5.0, 24.0, 6.0, 33.0, 32.0, 33.0, 26.0, 2.0, 27.0, 32.0, 30.0, 19.0, 35.0, 23.0, 14.0, 14.0, 19.0, 26.0, 18.0, 2.0]
[3.5, 3.5, 2.5, 2.5, 3.5, 2.5, 2.5, 2.5, 5.0, 5.0, 9.0, 9.0, 3.0, 1.9999999999999998, 1.9999999999999998, 3.0, 1.9999999999999998, 3.0, 3.0, 1.9999999999999998, 1.9999999999999998, 1.9999999999999998, 1.9999999999999998, 1.2, 1.9999999999999998, 1.2, 1.9999999999999998, 1.9999999999999998]
[2.5, 2.5, 3.5, 3.5, 2.5, 3.5, 3.5, 3.5, 5.0, 5.0, 9.0, 9.0, 1.9999999999999998, 3.0, 3.0, 1.9999999999999998, 3.0, 1.9999999999999998, 1.9999999999999998, 3.0, 1.2, 1.2, 1.2, 1.9999999999999998, 1.2, 1.9999999999999998, 1.2, 1.2]
T = 0.03518437208883203	 step = 631
73.96000000000004
13.580639204545452
[14.0, 35.0, 17.0, 9.0, 18.0, 6.0, 9.0, 4.0, 23.0, 17.0, 33.0, 12.0, 20.0, 35.0, 24.0, 7.0, 30.0, 3.0, 26.0, 8.0, 38.0, 38.0, 25.0, 21.0, 23.0, 2.0, 14.0, 14.0]
[8.0, 13.0, 12.0, 14.0, 18.0, 24.0, 9.0, 11.0, 5.0, 24.0, 6.0, 33.0, 32.0, 33.0, 26.0, 2.0, 27.0, 32.0, 30.0, 19.0, 35.0, 23.0, 14.0, 13.0, 19.0, 26.0, 18.0, 2.0]
[3.5, 3.5, 2.5, 2.5, 3.5, 2.5, 2.5, 2.5, 5.0, 5.0, 9.0, 9.0, 3.0, 1.9999999999999998, 1.9999999999999998, 3.0, 1.9999999999999998, 3.0, 3.0, 1.9999999999999998, 1.9999999999999998, 1.9999999999999998, 1.9999999999999998, 1.2, 1.9999999999999998, 1.2, 1.9999999999999998, 1.9999999999999998]
[2.5, 2.5, 3.5, 3.5, 2.5, 3.5, 3.5, 3.5, 5.0, 5.0, 9.0, 9.0, 1.9999999999999998, 3.0, 3.0, 1.9999999999999998, 3.0, 1.9999999999999998, 1.9999999999999998, 3.0, 1.2, 1.2, 1.2, 1.9999999999999998, 1.2, 1.9999999999999998, 1.2, 1.2]
T = 0.03518437208883203	 step = 632
73.95000000000005
13.580639204545456
[14.0, 35.0, 17.0, 9.0, 18.0, 6.0, 9.0, 4.0, 23.0, 17.0, 33.0, 12.0, 20.0, 35.0, 24.0, 7.0, 30.0, 3.0, 26.0, 7.0, 38.0, 38.0, 25.0, 21.0, 23.0, 2.0, 14.0, 14.0]
[8.0, 13.0, 12.0, 14.0, 18.0, 24.0, 9.0, 11.0, 5.0, 24.0, 6.0, 33.0, 32.0, 33.0, 26.0, 2.0, 27.0, 32.0, 30.0, 19.0, 35.0, 23.0, 14.0, 13.0, 19.0, 26.0, 18.0, 2.0]
[3.5, 3.5, 2.5, 2.5, 3.5, 2.5, 2.5, 2.5, 5.0, 5.0, 9.0, 9.0, 3.0, 1.9999999999999998, 1.9999999999999998, 3.0, 1.9999999999999998, 3.0, 3.0, 1.9999999999999998, 1.9999999999999998, 1.9999999999999998, 1.9999999999999998, 1.2, 1.9999999999999998, 1.2, 1.9999999999999998, 1.9999999999999998]
[2.5, 2.5, 3.5, 3.5, 2.5, 3.5, 3.5, 3.5, 5.0, 5.0, 9.0, 9.0, 1.9999999999999998, 3.0, 3.0, 1.9999999999999998, 3.0, 1.9999999999999998, 1.9999999999999998, 3.0, 1.2, 1.2, 1.2, 1.9999999999999998, 1.2, 1.9999999999999998, 1.2, 1.2]
T = 0.03518437208883203	 step = 633
73.94
13.611889204545456
[14.0, 35.0, 17.0, 9.0, 18.0, 6.0, 9.0, 4.0, 23.0, 17.0, 33.0, 12.0, 20.0, 35.0, 24.0, 7.0, 30.0, 3.0, 26.0, 7.0, 38.0, 38.0, 25.0, 21.0, 23.0, 2.0, 14.0, 14.0]
[8.0, 13.0, 12.0, 14.0, 18.0, 24.0, 9.0, 11.0, 5.0, 24.0, 6.0, 33.0, 32.0, 33.0, 26.0, 2.0, 27.0, 32.0, 31.0, 19.0, 35.0, 23.0, 14.0, 13.0, 19.0, 26.0, 18.0, 2.0]
[3.5, 3.5, 2.5, 2.5, 3.5, 2.5, 2.5, 2.5, 5.0, 5.0, 9.0, 9.0, 3.0, 1.9999999999999998, 1.9999999999999998, 3.0, 1.9999999999999998, 3.0, 3.0, 1.9999999999999998, 1.9999999999999998, 1.9999999999999998, 1.9999999999999998, 1.2, 1.9999999999999998, 1.2, 1.9999999999999998, 1.9999999999999998]
[2.5, 2.5, 3.5, 3.5, 2.5, 3.5, 3.5, 3.5, 5.0, 5.0, 9.0, 9.0, 1.9999999999999998, 3.0, 3.0, 1.9999999999999998, 3.0, 1.9999999999999998, 1.9999999999999998, 3.0, 1.2, 1.2, 1.2, 1.9999999999999998, 1.2, 1.9999999999999998, 1.2, 1.2]
T = 0.03518437208883203	 step = 634
73.97000000000003
13.596264204545456
[14.0, 35.0, 17.0, 9.0, 18.0, 6.0, 9.0, 4.0, 23.0, 17.0, 33.0, 12.0, 20.0, 35.0, 24.0, 7.0, 30.0, 3.0, 26.0, 7.0, 38.0, 38.0, 25.0, 21.0, 23.0, 2.0, 14.0, 14.0]
[8.0, 13.0, 12.0, 14.0, 18.0, 24.0, 9.0, 12.0, 5.0, 24.0, 6.0, 33.0, 32.0, 33.0, 26.0, 2.0, 27.0, 32.0, 30.0, 19.0, 35.0, 23.0, 14.0, 13.0, 19.0, 26.0, 18.0, 2.0]
[3.5, 3.5, 2.5, 2.5, 3.5, 2.5, 2.5, 2.5, 5.0, 5.0, 9.0, 9.0, 3.0, 1.9999999999999998, 1.9999999999999998, 3.0, 1.9999999999999998, 3.0, 3.0, 1.9999999999999998, 1.9999999999999998, 1.9999999999999998, 1.9999999999999998, 1.2, 1.9999999999999998, 1.2, 1.9999999999999998, 1.9999999999999998]
[2.5, 2.5, 3.5, 3.5, 2.5, 3.5, 3.5, 3.5, 5.0, 5.0, 9.0, 9.0, 1.9999999999999998, 3.0, 3.0, 1.9999999999999998, 3.0, 1.9999999999999998, 1.9999999999999998, 3.0, 1.2, 1.2, 1.2, 1.9999999999999998, 1.2, 1.9999999999999998, 1.2, 1.2]
T = 0.03518437208883203	 step = 635
73.98000000000002
13.61188920454545
[14.0, 35.0, 17.0, 9.0, 18.0, 6.0, 9.0, 4.0, 23.0, 17.0, 33.0, 12.0, 20.0, 35.0, 24.0, 7.0, 30.0, 3.0, 26.0, 7.0, 38.0, 38.0, 25.0, 21.0, 22.0, 2.0, 14.0, 14.0]
[8.0, 13.0, 12.0, 14.0, 18.0, 24.0, 9.0, 12.0, 5.0, 24.0, 6.0, 33.0, 32.0, 33.0, 26.0, 2.0, 27.0, 32.0, 30.0, 19.0, 35.0, 23.0, 14.0, 13.0, 19.0, 26.0, 18.0, 2.0]
[3.5, 3.5, 2.5, 2.5, 3.5, 2.5, 2.5, 2.5, 5.0, 5.0, 9.0, 9.0, 3.0, 1.9999999999999998, 1.9999999999999998, 3.0, 1.9999999999999998, 3.0, 3.0, 1.9999999999999998, 1.9999999999999998, 1.9999999999999998, 1.9999999999999998, 1.2, 1.9999999999999998, 1.2, 1.9999999999999998, 1.9999999999999998]
[2.5, 2.5, 3.5, 3.5, 2.5, 3.5, 3.5, 3.5, 5.0, 5.0, 9.0, 9.0, 1.9999999999999998, 3.0, 3.0, 1.9999999999999998, 3.0, 1.9999999999999998, 1.9999999999999998, 3.0, 1.2, 1.2, 1.2, 1.9999999999999998, 1.2, 1.9999999999999998, 1.2, 1.2]
T = 0.03518437208883203	 step = 636
73.98000000000002
13.59626420454545
[14.0, 35.0, 17.0, 9.0, 18.0, 6.0, 9.0, 4.0, 23.0, 17.0, 33.0, 12.0, 20.0, 35.0, 24.0, 7.0, 30.0, 3.0, 26.0, 7.0, 38.0, 38.0, 25.0, 21.0, 22.0, 2.0, 14.0, 14.0]
[8.0, 13.0, 12.0, 14.0, 18.0, 24.0, 9.0, 12.0, 5.0, 24.0, 6.0, 33.0, 32.0, 33.0, 26.0, 2.0, 27.0, 32.0, 30.0, 19.0, 35.0, 23.0, 14.0, 13.0, 19.0, 27.0, 18.0, 2.0]
[3.5, 3.5, 2.5, 2.5, 3.5, 2.5, 2.5, 2.5, 5.0, 5.0, 9.0, 9.0, 3.0, 1.9999999999999998, 1.9999999999999998, 3.0, 1.9999999999999998, 3.0, 3.0, 1.9999999999999998, 1.9999999999999998, 1.9999999999999998, 1.9999999999999998, 1.2, 1.9999999999999998, 1.2, 1.9999999999999998, 1.9999999999999998]
[2.5, 2.5, 3.5, 3.5, 2.5, 3.5, 3.5, 3.5, 5.0, 5.0, 9.0, 9.0, 1.9999999999999998, 3.0, 3.0, 1.9999999999999998, 3.0, 1.9999999999999998, 1.9999999999999998, 3.0, 1.2, 1.2, 1.2, 1.9999999999999998, 1.2, 1.9999999999999998, 1.2, 1.2]
T = 0.03518437208883203	 step = 637
73.97000000000003
13.61188920454545
[14.0, 35.0, 17.0, 9.0, 18.0, 6.0, 9.0, 4.0, 23.0, 17.0, 33.0, 12.0, 20.0, 35.0, 24.0, 7.0, 30.0, 3.0, 26.0, 7.0, 38.0, 38.0, 25.0, 21.0, 22.0, 2.0, 14.0, 15.0]
[8.0, 13.0, 12.0, 14.0, 18.0, 24.0, 9.0, 12.0, 5.0, 24.0, 6.0, 33.0, 32.0, 33.0, 26.0, 2.0, 27.0, 32.0, 30.0, 19.0, 35.0, 23.0, 14.0, 13.0, 19.0, 27.0, 18.0, 2.0]
[3.5, 3.5, 2.5, 2.5, 3.5, 2.5, 2.5, 2.5, 5.0, 5.0, 9.0, 9.0, 3.0, 1.9999999999999998, 1.9999999999999998, 3.0, 1.9999999999999998, 3.0, 3.0, 1.9999999999999998, 1.9999999999999998, 1.9999999999999998, 1.9999999999999998, 1.2, 1.9999999999999998, 1.2, 1.9999999999999998, 1.9999999999999998]
[2.5, 2.5, 3.5, 3.5, 2.5, 3.5, 3.5, 3.5, 5.0, 5.0, 9.0, 9.0, 1.9999999999999998, 3.0, 3.0, 1.9999999999999998, 3.0, 1.9999999999999998, 1.9999999999999998, 3.0, 1.2, 1.2, 1.2, 1.9999999999999998, 1.2, 1.9999999999999998, 1.2, 1.2]
T = 0.03518437208883203	 step = 638
73.97000000000003
13.65876420454545
[13.0, 35.0, 17.0, 9.0, 18.0, 6.0, 9.0, 4.0, 23.0, 17.0, 33.0, 12.0, 20.0, 35.0, 24.0, 7.0, 30.0, 3.0, 26.0, 7.0, 38.0, 38.0, 25.0, 21.0, 22.0, 2.0, 14.0, 15.0]
[8.0, 13.0, 12.0, 14.0, 18.0, 24.0, 9.0, 12.0, 5.0, 24.0, 6.0, 33.0, 32.0, 33.0, 26.0, 2.0, 27.0, 32.0, 30.0, 19.0, 35.0, 23.0, 14.0, 13.0, 19.0, 27.0, 18.0, 2.0]
[3.5, 3.5, 2.5, 2.5, 3.5, 2.5, 2.5, 2.5, 5.0, 5.0, 9.0, 9.0, 3.0, 1.9999999999999998, 1.9999999999999998, 3.0, 1.9999999999999998, 3.0, 3.0, 1.9999999999999998, 1.9999999999999998, 1.9999999999999998, 1.9999999999999998, 1.2, 1.9999999999999998, 1.2, 1.9999999999999998, 1.9999999999999998]
[2.5, 2.5, 3.5, 3.5, 2.5, 3.5, 3.5, 3.5, 5.0, 5.0, 9.0, 9.0, 1.9999999999999998, 3.0, 3.0, 1.9999999999999998, 3.0, 1.9999999999999998, 1.9999999999999998, 3.0, 1.2, 1.2, 1.2, 1.9999999999999998, 1.2, 1.9999999999999998, 1.2, 1.2]
T = 0.03518437208883203	 step = 639
74.0
13.611889204545452
[13.0, 35.0, 17.0, 9.0, 18.0, 6.0, 9.0, 4.0, 23.0, 17.0, 33.0, 12.0, 20.0, 35.0, 24.0, 7.0, 30.0, 3.0, 26.0, 7.0, 38.0, 38.0, 25.0, 21.0, 22.0, 2.0, 14.0, 15.0]
[9.0, 13.0, 12.0, 14.0, 18.0, 24.0, 9.0, 12.0, 5.0, 24.0, 6.0, 33.0, 32.0, 33.0, 26.0, 2.0, 27.0, 32.0, 30.0, 19.0, 35.0, 23.0, 14.0, 13.0, 19.0, 27.0, 18.0, 2.0]
[3.5, 3.5, 2.5, 2.5, 3.5, 2.5, 2.5, 2.5, 5.0, 5.0, 9.0, 9.0, 3.0, 1.9999999999999998, 1.9999999999999998, 3.0, 1.9999999999999998, 3.0, 3.0, 1.9999999999999998, 1.9999999999999998, 1.9999999999999998, 1.9999999999999998, 1.2, 1.9999999999999998, 1.2, 1.9999999999999998, 1.9999999999999998]
[2.5, 2.5, 3.5, 3.5, 2.5, 3.5, 3.5, 3.5, 5.0, 5.0, 9.0, 9.0, 1.9999999999999998, 3.0, 3.0, 1.9999999999999998, 3.0, 1.9999999999999998, 1.9999999999999998, 3.0, 1.2, 1.2, 1.2, 1.9999999999999998, 1.2, 1.9999999999999998, 1.2, 1.2]
T = 0.03518437208883203	 step = 640
73.97000000000003
13.690014204545452
[13.0, 35.0, 17.0, 9.0, 18.0, 5.0, 9.0, 4.0, 23.0, 17.0, 33.0, 12.0, 20.0, 35.0, 24.0, 7.0, 30.0, 3.0, 26.0, 7.0, 38.0, 38.0, 25.0, 21.0, 22.0, 2.0, 14.0, 15.0]
[9.0, 13.0, 12.0, 14.0, 18.0, 24.0, 9.0, 12.0, 5.0, 24.0, 6.0, 33.0, 32.0, 33.0, 26.0, 2.0, 27.0, 32.0, 30.0, 19.0, 35.0, 23.0, 14.0, 13.0, 19.0, 27.0, 18.0, 2.0]
[3.5, 3.5, 2.5, 2.5, 3.5, 2.5, 2.5, 2.5, 5.0, 5.0, 9.0, 9.0, 3.0, 1.9999999999999998, 1.9999999999999998, 3.0, 1.9999999999999998, 3.0, 3.0, 1.9999999999999998, 1.9999999999999998, 1.9999999999999998, 1.9999999999999998, 1.2, 1.9999999999999998, 1.2, 1.9999999999999998, 1.9999999999999998]
[2.5, 2.5, 3.5, 3.5, 2.5, 3.5, 3.5, 3.5, 5.0, 5.0, 9.0, 9.0, 1.9999999999999998, 3.0, 3.0, 1.9999999999999998, 3.0, 1.9999999999999998, 1.9999999999999998, 3.0, 1.2, 1.2, 1.2, 1.9999999999999998, 1.2, 1.9999999999999998, 1.2, 1.2]
T = 0.03518437208883203	 step = 641
73.97000000000003
13.674389204545456
[13.0, 35.0, 17.0, 9.0, 18.0, 5.0, 9.0, 4.0, 23.0, 17.0, 33.0, 12.0, 20.0, 35.0, 24.0, 7.0, 30.0, 3.0, 26.0, 7.0, 38.0, 38.0, 25.0, 21.0, 22.0, 2.0, 14.0, 15.0]
[9.0, 13.0, 12.0, 14.0, 18.0, 24.0, 9.0, 12.0, 5.0, 24.0, 6.0, 33.0, 32.0, 33.0, 26.0, 2.0, 27.0, 32.0, 30.0, 19.0, 35.0, 23.0, 14.0, 13.0, 19.0, 28.0, 18.0, 2.0]
[3.5, 3.5, 2.5, 2.5, 3.5, 2.5, 2.5, 2.5, 5.0, 5.0, 9.0, 9.0, 3.0, 1.9999999999999998, 1.9999999999999998, 3.0, 1.9999999999999998, 3.0, 3.0, 1.9999999999999998, 1.9999999999999998, 1.9999999999999998, 1.9999999999999998, 1.2, 1.9999999999999998, 1.2, 1.9999999999999998, 1.9999999999999998]
[2.5, 2.5, 3.5, 3.5, 2.5, 3.5, 3.5, 3.5, 5.0, 5.0, 9.0, 9.0, 1.9999999999999998, 3.0, 3.0, 1.9999999999999998, 3.0, 1.9999999999999998, 1.9999999999999998, 3.0, 1.2, 1.2, 1.2, 1.9999999999999998, 1.2, 1.9999999999999998, 1.2, 1.2]
T = 0.028147497671065627	 step = 642
73.97000000000003
13.658764204545452
[13.0, 35.0, 17.0, 9.0, 18.0, 5.0, 9.0, 4.0, 23.0, 17.0, 33.0, 12.0, 20.0, 35.0, 24.0, 7.0, 30.0, 3.0, 26.0, 7.0, 38.0, 38.0, 25.0, 21.0, 22.0, 2.0, 14.0, 15.0]
[9.0, 13.0, 12.0, 14.0, 18.0, 24.0, 9.0, 12.0, 5.0, 24.0, 6.0, 33.0, 32.0, 33.0, 26.0, 2.0, 27.0, 32.0, 30.0, 19.0, 35.0, 23.0, 14.0, 13.0, 19.0, 29.0, 18.0, 2.0]
[3.5, 3.5, 2.5, 2.5, 3.5, 2.5, 2.5, 2.5, 5.0, 5.0, 9.0, 9.0, 3.0, 1.9999999999999998, 1.9999999999999998, 3.0, 1.9999999999999998, 3.0, 3.0, 1.9999999999999998, 1.9999999999999998, 1.9999999999999998, 1.9999999999999998, 1.2, 1.9999999999999998, 1.2, 1.9999999999999998, 1.9999999999999998]
[2.5, 2.5, 3.5, 3.5, 2.5, 3.5, 3.5, 3.5, 5.0, 5.0, 9.0, 9.0, 1.9999999999999998, 3.0, 3.0, 1.9999999999999998, 3.0, 1.9999999999999998, 1.9999999999999998, 3.0, 1.2, 1.2, 1.2, 1.9999999999999998, 1.2, 1.9999999999999998, 1.2, 1.2]
T = 0.028147497671065627	 step = 643
73.97000000000003
13.674389204545456
[13.0, 35.0, 17.0, 9.0, 18.0, 5.0, 9.0, 4.0, 23.0, 17.0, 33.0, 12.0, 20.0, 35.0, 24.0, 7.0, 30.0, 3.0, 26.0, 7.0, 38.0, 38.0, 25.0, 21.0, 22.0, 2.0, 14.0, 15.0]
[9.0, 13.0, 12.0, 14.0, 18.0, 24.0, 9.0, 12.0, 5.0, 24.0, 6.0, 33.0, 32.0, 33.0, 26.0, 2.0, 27.0, 32.0, 30.0, 19.0, 35.0, 23.0, 14.0, 13.0, 19.0, 28.0, 18.0, 2.0]
[3.5, 3.5, 2.5, 2.5, 3.5, 2.5, 2.5, 2.5, 5.0, 5.0, 9.0, 9.0, 3.0, 1.9999999999999998, 1.9999999999999998, 3.0, 1.9999999999999998, 3.0, 3.0, 1.9999999999999998, 1.9999999999999998, 1.9999999999999998, 1.9999999999999998, 1.2, 1.9999999999999998, 1.2, 1.9999999999999998, 1.9999999999999998]
[2.5, 2.5, 3.5, 3.5, 2.5, 3.5, 3.5, 3.5, 5.0, 5.0, 9.0, 9.0, 1.9999999999999998, 3.0, 3.0, 1.9999999999999998, 3.0, 1.9999999999999998, 1.9999999999999998, 3.0, 1.2, 1.2, 1.2, 1.9999999999999998, 1.2, 1.9999999999999998, 1.2, 1.2]
T = 0.028147497671065627	 step = 644
73.97000000000003
13.690014204545452
[13.0, 35.0, 17.0, 9.0, 18.0, 5.0, 9.0, 4.0, 23.0, 17.0, 33.0, 12.0, 20.0, 35.0, 24.0, 7.0, 30.0, 3.0, 26.0, 7.0, 38.0, 38.0, 25.0, 21.0, 22.0, 2.0, 14.0, 15.0]
[9.0, 13.0, 12.0, 14.0, 18.0, 24.0, 9.0, 12.0, 5.0, 24.0, 6.0, 33.0, 32.0, 33.0, 26.0, 2.0, 27.0, 32.0, 30.0, 19.0, 35.0, 23.0, 14.0, 13.0, 19.0, 27.0, 18.0, 2.0]
[3.5, 3.5, 2.5, 2.5, 3.5, 2.5, 2.5, 2.5, 5.0, 5.0, 9.0, 9.0, 3.0, 1.9999999999999998, 1.9999999999999998, 3.0, 1.9999999999999998, 3.0, 3.0, 1.9999999999999998, 1.9999999999999998, 1.9999999999999998, 1.9999999999999998, 1.2, 1.9999999999999998, 1.2, 1.9999999999999998, 1.9999999999999998]
[2.5, 2.5, 3.5, 3.5, 2.5, 3.5, 3.5, 3.5, 5.0, 5.0, 9.0, 9.0, 1.9999999999999998, 3.0, 3.0, 1.9999999999999998, 3.0, 1.9999999999999998, 1.9999999999999998, 3.0, 1.2, 1.2, 1.2, 1.9999999999999998, 1.2, 1.9999999999999998, 1.2, 1.2]
T = 0.028147497671065627	 step = 645
73.96000000000004
13.721264204545452
[13.0, 35.0, 17.0, 9.0, 18.0, 5.0, 9.0, 4.0, 23.0, 17.0, 33.0, 12.0, 20.0, 35.0, 24.0, 6.0, 30.0, 3.0, 26.0, 7.0, 38.0, 38.0, 25.0, 21.0, 22.0, 2.0, 14.0, 15.0]
[9.0, 13.0, 12.0, 14.0, 18.0, 24.0, 9.0, 12.0, 5.0, 24.0, 6.0, 33.0, 32.0, 33.0, 26.0, 2.0, 27.0, 32.0, 30.0, 19.0, 35.0, 23.0, 14.0, 13.0, 19.0, 27.0, 18.0, 2.0]
[3.5, 3.5, 2.5, 2.5, 3.5, 2.5, 2.5, 2.5, 5.0, 5.0, 9.0, 9.0, 3.0, 1.9999999999999998, 1.9999999999999998, 3.0, 1.9999999999999998, 3.0, 3.0, 1.9999999999999998, 1.9999999999999998, 1.9999999999999998, 1.9999999999999998, 1.2, 1.9999999999999998, 1.2, 1.9999999999999998, 1.9999999999999998]
[2.5, 2.5, 3.5, 3.5, 2.5, 3.5, 3.5, 3.5, 5.0, 5.0, 9.0, 9.0, 1.9999999999999998, 3.0, 3.0, 1.9999999999999998, 3.0, 1.9999999999999998, 1.9999999999999998, 3.0, 1.2, 1.2, 1.2, 1.9999999999999998, 1.2, 1.9999999999999998, 1.2, 1.2]
T = 0.028147497671065627	 step = 646
74.01000000000005
13.643139204545452
[13.0, 35.0, 17.0, 10.0, 18.0, 5.0, 9.0, 4.0, 23.0, 17.0, 33.0, 12.0, 20.0, 35.0, 24.0, 6.0, 30.0, 3.0, 26.0, 7.0, 38.0, 38.0, 25.0, 21.0, 22.0, 2.0, 14.0, 15.0]
[9.0, 13.0, 12.0, 14.0, 18.0, 24.0, 9.0, 12.0, 5.0, 24.0, 6.0, 33.0, 32.0, 33.0, 26.0, 2.0, 27.0, 32.0, 30.0, 19.0, 35.0, 23.0, 14.0, 13.0, 19.0, 27.0, 18.0, 2.0]
[3.5, 3.5, 2.5, 2.5, 3.5, 2.5, 2.5, 2.5, 5.0, 5.0, 9.0, 9.0, 3.0, 1.9999999999999998, 1.9999999999999998, 3.0, 1.9999999999999998, 3.0, 3.0, 1.9999999999999998, 1.9999999999999998, 1.9999999999999998, 1.9999999999999998, 1.2, 1.9999999999999998, 1.2, 1.9999999999999998, 1.9999999999999998]
[2.5, 2.5, 3.5, 3.5, 2.5, 3.5, 3.5, 3.5, 5.0, 5.0, 9.0, 9.0, 1.9999999999999998, 3.0, 3.0, 1.9999999999999998, 3.0, 1.9999999999999998, 1.9999999999999998, 3.0, 1.2, 1.2, 1.2, 1.9999999999999998, 1.2, 1.9999999999999998, 1.2, 1.2]
T = 0.028147497671065627	 step = 647
74.01000000000005
13.596264204545452
[13.0, 35.0, 18.0, 10.0, 18.0, 5.0, 9.0, 4.0, 23.0, 17.0, 33.0, 12.0, 20.0, 35.0, 24.0, 6.0, 30.0, 3.0, 26.0, 7.0, 38.0, 38.0, 25.0, 21.0, 22.0, 2.0, 14.0, 15.0]
[9.0, 13.0, 12.0, 14.0, 18.0, 24.0, 9.0, 12.0, 5.0, 24.0, 6.0, 33.0, 32.0, 33.0, 26.0, 2.0, 27.0, 32.0, 30.0, 19.0, 35.0, 23.0, 14.0, 13.0, 19.0, 27.0, 18.0, 2.0]
[3.5, 3.5, 2.5, 2.5, 3.5, 2.5, 2.5, 2.5, 5.0, 5.0, 9.0, 9.0, 3.0, 1.9999999999999998, 1.9999999999999998, 3.0, 1.9999999999999998, 3.0, 3.0, 1.9999999999999998, 1.9999999999999998, 1.9999999999999998, 1.9999999999999998, 1.2, 1.9999999999999998, 1.2, 1.9999999999999998, 1.9999999999999998]
[2.5, 2.5, 3.5, 3.5, 2.5, 3.5, 3.5, 3.5, 5.0, 5.0, 9.0, 9.0, 1.9999999999999998, 3.0, 3.0, 1.9999999999999998, 3.0, 1.9999999999999998, 1.9999999999999998, 3.0, 1.2, 1.2, 1.2, 1.9999999999999998, 1.2, 1.9999999999999998, 1.2, 1.2]
T = 0.028147497671065627	 step = 648
73.96000000000004
13.721264204545452
[13.0, 35.0, 18.0, 10.0, 18.0, 5.0, 9.0, 4.0, 23.0, 17.0, 33.0, 11.0, 20.0, 35.0, 24.0, 6.0, 30.0, 3.0, 26.0, 7.0, 38.0, 38.0, 25.0, 21.0, 22.0, 2.0, 14.0, 15.0]
[9.0, 13.0, 12.0, 14.0, 18.0, 24.0, 9.0, 12.0, 5.0, 24.0, 6.0, 33.0, 32.0, 33.0, 26.0, 2.0, 27.0, 32.0, 30.0, 19.0, 35.0, 23.0, 14.0, 13.0, 19.0, 27.0, 18.0, 2.0]
[3.5, 3.5, 2.5, 2.5, 3.5, 2.5, 2.5, 2.5, 5.0, 5.0, 9.0, 9.0, 3.0, 1.9999999999999998, 1.9999999999999998, 3.0, 1.9999999999999998, 3.0, 3.0, 1.9999999999999998, 1.9999999999999998, 1.9999999999999998, 1.9999999999999998, 1.2, 1.9999999999999998, 1.2, 1.9999999999999998, 1.9999999999999998]
[2.5, 2.5, 3.5, 3.5, 2.5, 3.5, 3.5, 3.5, 5.0, 5.0, 9.0, 9.0, 1.9999999999999998, 3.0, 3.0, 1.9999999999999998, 3.0, 1.9999999999999998, 1.9999999999999998, 3.0, 1.2, 1.2, 1.2, 1.9999999999999998, 1.2, 1.9999999999999998, 1.2, 1.2]
T = 0.028147497671065627	 step = 649
73.96000000000004
13.690014204545452
[13.0, 35.0, 18.0, 10.0, 18.0, 5.0, 9.0, 4.0, 23.0, 17.0, 33.0, 11.0, 20.0, 35.0, 24.0, 7.0, 30.0, 3.0, 26.0, 7.0, 38.0, 38.0, 25.0, 21.0, 22.0, 2.0, 14.0, 15.0]
[9.0, 13.0, 12.0, 14.0, 18.0, 24.0, 9.0, 12.0, 5.0, 24.0, 6.0, 33.0, 32.0, 33.0, 26.0, 2.0, 27.0, 32.0, 30.0, 19.0, 35.0, 23.0, 14.0, 13.0, 19.0, 27.0, 18.0, 2.0]
[3.5, 3.5, 2.5, 2.5, 3.5, 2.5, 2.5, 2.5, 5.0, 5.0, 9.0, 9.0, 3.0, 1.9999999999999998, 1.9999999999999998, 3.0, 1.9999999999999998, 3.0, 3.0, 1.9999999999999998, 1.9999999999999998, 1.9999999999999998, 1.9999999999999998, 1.2, 1.9999999999999998, 1.2, 1.9999999999999998, 1.9999999999999998]
[2.5, 2.5, 3.5, 3.5, 2.5, 3.5, 3.5, 3.5, 5.0, 5.0, 9.0, 9.0, 1.9999999999999998, 3.0, 3.0, 1.9999999999999998, 3.0, 1.9999999999999998, 1.9999999999999998, 3.0, 1.2, 1.2, 1.2, 1.9999999999999998, 1.2, 1.9999999999999998, 1.2, 1.2]
T = 0.028147497671065627	 step = 650
73.94
13.736889204545456
[13.0, 35.0, 18.0, 10.0, 18.0, 5.0, 9.0, 4.0, 23.0, 17.0, 33.0, 11.0, 20.0, 35.0, 24.0, 7.0, 30.0, 3.0, 26.0, 7.0, 38.0, 38.0, 25.0, 21.0, 22.0, 2.0, 14.0, 15.0]
[8.0, 13.0, 12.0, 14.0, 18.0, 24.0, 9.0, 12.0, 5.0, 24.0, 6.0, 33.0, 32.0, 33.0, 26.0, 2.0, 27.0, 32.0, 30.0, 19.0, 35.0, 23.0, 14.0, 13.0, 19.0, 27.0, 18.0, 2.0]
[3.5, 3.5, 2.5, 2.5, 3.5, 2.5, 2.5, 2.5, 5.0, 5.0, 9.0, 9.0, 3.0, 1.9999999999999998, 1.9999999999999998, 3.0, 1.9999999999999998, 3.0, 3.0, 1.9999999999999998, 1.9999999999999998, 1.9999999999999998, 1.9999999999999998, 1.2, 1.9999999999999998, 1.2, 1.9999999999999998, 1.9999999999999998]
[2.5, 2.5, 3.5, 3.5, 2.5, 3.5, 3.5, 3.5, 5.0, 5.0, 9.0, 9.0, 1.9999999999999998, 3.0, 3.0, 1.9999999999999998, 3.0, 1.9999999999999998, 1.9999999999999998, 3.0, 1.2, 1.2, 1.2, 1.9999999999999998, 1.2, 1.9999999999999998, 1.2, 1.2]
T = 0.028147497671065627	 step = 651
73.93
13.752514204545456
[13.0, 35.0, 18.0, 10.0, 18.0, 5.0, 9.0, 4.0, 23.0, 17.0, 33.0, 11.0, 20.0, 35.0, 24.0, 7.0, 30.0, 3.0, 26.0, 7.0, 38.0, 38.0, 25.0, 21.0, 22.0, 2.0, 14.0, 15.0]
[8.0, 13.0, 12.0, 14.0, 18.0, 24.0, 9.0, 12.0, 5.0, 24.0, 6.0, 33.0, 32.0, 33.0, 26.0, 2.0, 27.0, 32.0, 30.0, 19.0, 35.0, 23.0, 13.0, 13.0, 19.0, 27.0, 18.0, 2.0]
[3.5, 3.5, 2.5, 2.5, 3.5, 2.5, 2.5, 2.5, 5.0, 5.0, 9.0, 9.0, 3.0, 1.9999999999999998, 1.9999999999999998, 3.0, 1.9999999999999998, 3.0, 3.0, 1.9999999999999998, 1.9999999999999998, 1.9999999999999998, 1.9999999999999998, 1.2, 1.9999999999999998, 1.2, 1.9999999999999998, 1.9999999999999998]
[2.5, 2.5, 3.5, 3.5, 2.5, 3.5, 3.5, 3.5, 5.0, 5.0, 9.0, 9.0, 1.9999999999999998, 3.0, 3.0, 1.9999999999999998, 3.0, 1.9999999999999998, 1.9999999999999998, 3.0, 1.2, 1.2, 1.2, 1.9999999999999998, 1.2, 1.9999999999999998, 1.2, 1.2]
T = 0.028147497671065627	 step = 652
73.93
13.768139204545456
[13.0, 35.0, 18.0, 10.0, 18.0, 5.0, 9.0, 4.0, 23.0, 17.0, 33.0, 11.0, 20.0, 35.0, 24.0, 7.0, 30.0, 3.0, 26.0, 7.0, 38.0, 38.0, 25.0, 21.0, 22.0, 2.0, 14.0, 15.0]
[8.0, 13.0, 12.0, 14.0, 18.0, 24.0, 9.0, 12.0, 5.0, 24.0, 6.0, 33.0, 32.0, 33.0, 26.0, 2.0, 27.0, 32.0, 30.0, 19.0, 36.0, 23.0, 13.0, 13.0, 19.0, 27.0, 18.0, 2.0]
[3.5, 3.5, 2.5, 2.5, 3.5, 2.5, 2.5, 2.5, 5.0, 5.0, 9.0, 9.0, 3.0, 1.9999999999999998, 1.9999999999999998, 3.0, 1.9999999999999998, 3.0, 3.0, 1.9999999999999998, 1.9999999999999998, 1.9999999999999998, 1.9999999999999998, 1.2, 1.9999999999999998, 1.2, 1.9999999999999998, 1.9999999999999998]
[2.5, 2.5, 3.5, 3.5, 2.5, 3.5, 3.5, 3.5, 5.0, 5.0, 9.0, 9.0, 1.9999999999999998, 3.0, 3.0, 1.9999999999999998, 3.0, 1.9999999999999998, 1.9999999999999998, 3.0, 1.2, 1.2, 1.2, 1.9999999999999998, 1.2, 1.9999999999999998, 1.2, 1.2]
T = 0.028147497671065627	 step = 653
73.91000000000003
13.877514204545456
[13.0, 35.0, 18.0, 10.0, 18.0, 5.0, 9.0, 3.0, 23.0, 17.0, 33.0, 11.0, 20.0, 35.0, 24.0, 7.0, 30.0, 3.0, 26.0, 7.0, 38.0, 38.0, 25.0, 21.0, 22.0, 2.0, 14.0, 15.0]
[8.0, 13.0, 12.0, 14.0, 18.0, 24.0, 9.0, 12.0, 5.0, 24.0, 6.0, 33.0, 32.0, 33.0, 26.0, 2.0, 27.0, 32.0, 30.0, 19.0, 36.0, 23.0, 13.0, 13.0, 19.0, 27.0, 18.0, 2.0]
[3.5, 3.5, 2.5, 2.5, 3.5, 2.5, 2.5, 2.5, 5.0, 5.0, 9.0, 9.0, 3.0, 1.9999999999999998, 1.9999999999999998, 3.0, 1.9999999999999998, 3.0, 3.0, 1.9999999999999998, 1.9999999999999998, 1.9999999999999998, 1.9999999999999998, 1.2, 1.9999999999999998, 1.2, 1.9999999999999998, 1.9999999999999998]
[2.5, 2.5, 3.5, 3.5, 2.5, 3.5, 3.5, 3.5, 5.0, 5.0, 9.0, 9.0, 1.9999999999999998, 3.0, 3.0, 1.9999999999999998, 3.0, 1.9999999999999998, 1.9999999999999998, 3.0, 1.2, 1.2, 1.2, 1.9999999999999998, 1.2, 1.9999999999999998, 1.2, 1.2]
T = 0.028147497671065627	 step = 654
73.92000000000002
13.752514204545456
[13.0, 35.0, 18.0, 10.0, 18.0, 5.0, 9.0, 4.0, 23.0, 17.0, 33.0, 11.0, 20.0, 35.0, 24.0, 7.0, 30.0, 3.0, 26.0, 7.0, 38.0, 38.0, 25.0, 21.0, 22.0, 2.0, 14.0, 15.0]
[8.0, 13.0, 12.0, 14.0, 18.0, 24.0, 9.0, 12.0, 5.0, 24.0, 6.0, 33.0, 32.0, 33.0, 26.0, 2.0, 27.0, 32.0, 30.0, 19.0, 36.0, 23.0, 13.0, 13.0, 19.0, 28.0, 18.0, 2.0]
[3.5, 3.5, 2.5, 2.5, 3.5, 2.5, 2.5, 2.5, 5.0, 5.0, 9.0, 9.0, 3.0, 1.9999999999999998, 1.9999999999999998, 3.0, 1.9999999999999998, 3.0, 3.0, 1.9999999999999998, 1.9999999999999998, 1.9999999999999998, 1.9999999999999998, 1.2, 1.9999999999999998, 1.2, 1.9999999999999998, 1.9999999999999998]
[2.5, 2.5, 3.5, 3.5, 2.5, 3.5, 3.5, 3.5, 5.0, 5.0, 9.0, 9.0, 1.9999999999999998, 3.0, 3.0, 1.9999999999999998, 3.0, 1.9999999999999998, 1.9999999999999998, 3.0, 1.2, 1.2, 1.2, 1.9999999999999998, 1.2, 1.9999999999999998, 1.2, 1.2]
T = 0.028147497671065627	 step = 655
73.91000000000003
13.768139204545456
[13.0, 35.0, 18.0, 10.0, 18.0, 5.0, 9.0, 4.0, 23.0, 17.0, 33.0, 11.0, 20.0, 35.0, 24.0, 7.0, 30.0, 3.0, 26.0, 7.0, 38.0, 38.0, 25.0, 21.0, 22.0, 2.0, 13.0, 15.0]
[8.0, 13.0, 12.0, 14.0, 18.0, 24.0, 9.0, 12.0, 5.0, 24.0, 6.0, 33.0, 32.0, 33.0, 26.0, 2.0, 27.0, 32.0, 30.0, 19.0, 36.0, 23.0, 13.0, 13.0, 19.0, 28.0, 18.0, 2.0]
[3.5, 3.5, 2.5, 2.5, 3.5, 2.5, 2.5, 2.5, 5.0, 5.0, 9.0, 9.0, 3.0, 1.9999999999999998, 1.9999999999999998, 3.0, 1.9999999999999998, 3.0, 3.0, 1.9999999999999998, 1.9999999999999998, 1.9999999999999998, 1.9999999999999998, 1.2, 1.9999999999999998, 1.2, 1.9999999999999998, 1.9999999999999998]
[2.5, 2.5, 3.5, 3.5, 2.5, 3.5, 3.5, 3.5, 5.0, 5.0, 9.0, 9.0, 1.9999999999999998, 3.0, 3.0, 1.9999999999999998, 3.0, 1.9999999999999998, 1.9999999999999998, 3.0, 1.2, 1.2, 1.2, 1.9999999999999998, 1.2, 1.9999999999999998, 1.2, 1.2]
T = 0.028147497671065627	 step = 656
73.91000000000003
13.783764204545456
[13.0, 35.0, 18.0, 10.0, 18.0, 5.0, 9.0, 4.0, 23.0, 17.0, 33.0, 11.0, 20.0, 35.0, 24.0, 7.0, 30.0, 3.0, 26.0, 7.0, 38.0, 38.0, 25.0, 21.0, 22.0, 2.0, 13.0, 15.0]
[8.0, 13.0, 12.0, 14.0, 18.0, 24.0, 9.0, 12.0, 5.0, 24.0, 6.0, 33.0, 32.0, 33.0, 26.0, 2.0, 27.0, 32.0, 30.0, 19.0, 37.0, 23.0, 13.0, 13.0, 19.0, 28.0, 18.0, 2.0]
[3.5, 3.5, 2.5, 2.5, 3.5, 2.5, 2.5, 2.5, 5.0, 5.0, 9.0, 9.0, 3.0, 1.9999999999999998, 1.9999999999999998, 3.0, 1.9999999999999998, 3.0, 3.0, 1.9999999999999998, 1.9999999999999998, 1.9999999999999998, 1.9999999999999998, 1.2, 1.9999999999999998, 1.2, 1.9999999999999998, 1.9999999999999998]
[2.5, 2.5, 3.5, 3.5, 2.5, 3.5, 3.5, 3.5, 5.0, 5.0, 9.0, 9.0, 1.9999999999999998, 3.0, 3.0, 1.9999999999999998, 3.0, 1.9999999999999998, 1.9999999999999998, 3.0, 1.2, 1.2, 1.2, 1.9999999999999998, 1.2, 1.9999999999999998, 1.2, 1.2]
T = 0.028147497671065627	 step = 657
73.91000000000003
13.752514204545456
[13.0, 35.0, 18.0, 10.0, 18.0, 5.0, 9.0, 4.0, 23.0, 17.0, 33.0, 11.0, 20.0, 35.0, 24.0, 8.0, 30.0, 3.0, 26.0, 7.0, 38.0, 38.0, 25.0, 21.0, 22.0, 2.0, 13.0, 15.0]
[8.0, 13.0, 12.0, 14.0, 18.0, 24.0, 9.0, 12.0, 5.0, 24.0, 6.0, 33.0, 32.0, 33.0, 26.0, 2.0, 27.0, 32.0, 30.0, 19.0, 37.0, 23.0, 13.0, 13.0, 19.0, 28.0, 18.0, 2.0]
[3.5, 3.5, 2.5, 2.5, 3.5, 2.5, 2.5, 2.5, 5.0, 5.0, 9.0, 9.0, 3.0, 1.9999999999999998, 1.9999999999999998, 3.0, 1.9999999999999998, 3.0, 3.0, 1.9999999999999998, 1.9999999999999998, 1.9999999999999998, 1.9999999999999998, 1.2, 1.9999999999999998, 1.2, 1.9999999999999998, 1.9999999999999998]
[2.5, 2.5, 3.5, 3.5, 2.5, 3.5, 3.5, 3.5, 5.0, 5.0, 9.0, 9.0, 1.9999999999999998, 3.0, 3.0, 1.9999999999999998, 3.0, 1.9999999999999998, 1.9999999999999998, 3.0, 1.2, 1.2, 1.2, 1.9999999999999998, 1.2, 1.9999999999999998, 1.2, 1.2]
T = 0.028147497671065627	 step = 658
73.92000000000002
13.721264204545456
[13.0, 35.0, 18.0, 10.0, 18.0, 5.0, 9.0, 4.0, 23.0, 17.0, 33.0, 11.0, 20.0, 35.0, 24.0, 8.0, 30.0, 3.0, 25.0, 7.0, 38.0, 38.0, 25.0, 21.0, 22.0, 2.0, 13.0, 15.0]
[8.0, 13.0, 12.0, 14.0, 18.0, 24.0, 9.0, 12.0, 5.0, 24.0, 6.0, 33.0, 32.0, 33.0, 26.0, 2.0, 27.0, 32.0, 30.0, 19.0, 37.0, 23.0, 13.0, 13.0, 19.0, 28.0, 18.0, 2.0]
[3.5, 3.5, 2.5, 2.5, 3.5, 2.5, 2.5, 2.5, 5.0, 5.0, 9.0, 9.0, 3.0, 1.9999999999999998, 1.9999999999999998, 3.0, 1.9999999999999998, 3.0, 3.0, 1.9999999999999998, 1.9999999999999998, 1.9999999999999998, 1.9999999999999998, 1.2, 1.9999999999999998, 1.2, 1.9999999999999998, 1.9999999999999998]
[2.5, 2.5, 3.5, 3.5, 2.5, 3.5, 3.5, 3.5, 5.0, 5.0, 9.0, 9.0, 1.9999999999999998, 3.0, 3.0, 1.9999999999999998, 3.0, 1.9999999999999998, 1.9999999999999998, 3.0, 1.2, 1.2, 1.2, 1.9999999999999998, 1.2, 1.9999999999999998, 1.2, 1.2]
T = 0.028147497671065627	 step = 659
73.92000000000002
13.735357776988634
[13.0, 35.0, 18.0, 10.0, 18.0, 5.0, 9.0, 4.0, 23.0, 17.0, 33.0, 11.0, 20.0, 35.0, 24.0, 8.0, 30.0, 3.0, 25.0, 7.0, 38.0, 38.0, 26.0, 21.0, 22.0, 2.0, 13.0, 15.0]
[8.0, 13.0, 12.0, 14.0, 18.0, 24.0, 9.0, 12.0, 5.0, 24.0, 6.0, 33.0, 32.0, 33.0, 26.0, 2.0, 27.0, 32.0, 30.0, 19.0, 37.0, 23.0, 13.0, 13.0, 19.0, 28.0, 18.0, 2.0]
[3.5, 3.5, 2.5, 2.5, 3.5, 2.5, 2.5, 2.5, 5.0, 5.0, 9.0, 9.0, 3.0, 1.9999999999999998, 1.9999999999999998, 3.0, 1.9999999999999998, 3.0, 3.0, 1.9999999999999998, 1.9999999999999998, 1.9999999999999998, 1.9999999999999998, 1.2, 1.9999999999999998, 1.2, 1.9999999999999998, 1.9999999999999998]
[2.5, 2.5, 3.5, 3.5, 2.5, 3.5, 3.5, 3.5, 5.0, 5.0, 9.0, 9.0, 1.9999999999999998, 3.0, 3.0, 1.9999999999999998, 3.0, 1.9999999999999998, 1.9999999999999998, 3.0, 1.2, 1.2, 1.2, 1.9999999999999998, 1.2, 1.9999999999999998, 1.2, 1.2]
T = 0.028147497671065627	 step = 660
73.91000000000003
13.719732776988634
[13.0, 35.0, 18.0, 10.0, 18.0, 5.0, 9.0, 4.0, 23.0, 17.0, 33.0, 11.0, 20.0, 35.0, 24.0, 8.0, 30.0, 3.0, 25.0, 7.0, 38.0, 38.0, 26.0, 21.0, 23.0, 2.0, 13.0, 15.0]
[8.0, 13.0, 12.0, 14.0, 18.0, 24.0, 9.0, 12.0, 5.0, 24.0, 6.0, 33.0, 32.0, 33.0, 26.0, 2.0, 27.0, 32.0, 30.0, 19.0, 37.0, 23.0, 13.0, 13.0, 19.0, 28.0, 18.0, 2.0]
[3.5, 3.5, 2.5, 2.5, 3.5, 2.5, 2.5, 2.5, 5.0, 5.0, 9.0, 9.0, 3.0, 1.9999999999999998, 1.9999999999999998, 3.0, 1.9999999999999998, 3.0, 3.0, 1.9999999999999998, 1.9999999999999998, 1.9999999999999998, 1.9999999999999998, 1.2, 1.9999999999999998, 1.2, 1.9999999999999998, 1.9999999999999998]
[2.5, 2.5, 3.5, 3.5, 2.5, 3.5, 3.5, 3.5, 5.0, 5.0, 9.0, 9.0, 1.9999999999999998, 3.0, 3.0, 1.9999999999999998, 3.0, 1.9999999999999998, 1.9999999999999998, 3.0, 1.2, 1.2, 1.2, 1.9999999999999998, 1.2, 1.9999999999999998, 1.2, 1.2]
T = 0.028147497671065627	 step = 661
74.01000000000005
13.735357776988637
[13.0, 35.0, 18.0, 10.0, 18.0, 5.0, 9.0, 4.0, 23.0, 17.0, 33.0, 11.0, 20.0, 35.0, 24.0, 8.0, 30.0, 3.0, 25.0, 7.0, 38.0, 38.0, 26.0, 21.0, 23.0, 2.0, 13.0, 15.0]
[8.0, 13.0, 12.0, 14.0, 19.0, 24.0, 9.0, 12.0, 5.0, 24.0, 6.0, 33.0, 32.0, 33.0, 26.0, 2.0, 27.0, 32.0, 30.0, 19.0, 37.0, 23.0, 13.0, 13.0, 19.0, 28.0, 18.0, 2.0]
[3.5, 3.5, 2.5, 2.5, 3.5, 2.5, 2.5, 2.5, 5.0, 5.0, 9.0, 9.0, 3.0, 1.9999999999999998, 1.9999999999999998, 3.0, 1.9999999999999998, 3.0, 3.0, 1.9999999999999998, 1.9999999999999998, 1.9999999999999998, 1.9999999999999998, 1.2, 1.9999999999999998, 1.2, 1.9999999999999998, 1.9999999999999998]
[2.5, 2.5, 3.5, 3.5, 2.5, 3.5, 3.5, 3.5, 5.0, 5.0, 9.0, 9.0, 1.9999999999999998, 3.0, 3.0, 1.9999999999999998, 3.0, 1.9999999999999998, 1.9999999999999998, 3.0, 1.2, 1.2, 1.2, 1.9999999999999998, 1.2, 1.9999999999999998, 1.2, 1.2]
T = 0.028147497671065627	 step = 662
74.02000000000004
13.719732776988634
[13.0, 35.0, 18.0, 10.0, 17.0, 5.0, 9.0, 4.0, 23.0, 17.0, 33.0, 11.0, 20.0, 35.0, 24.0, 8.0, 30.0, 3.0, 25.0, 7.0, 38.0, 38.0, 26.0, 21.0, 23.0, 2.0, 13.0, 15.0]
[8.0, 13.0, 12.0, 14.0, 19.0, 24.0, 9.0, 12.0, 5.0, 24.0, 6.0, 33.0, 32.0, 33.0, 26.0, 2.0, 27.0, 32.0, 30.0, 19.0, 37.0, 23.0, 13.0, 13.0, 19.0, 28.0, 18.0, 2.0]
[3.5, 3.5, 2.5, 2.5, 3.5, 2.5, 2.5, 2.5, 5.0, 5.0, 9.0, 9.0, 3.0, 1.9999999999999998, 1.9999999999999998, 3.0, 1.9999999999999998, 3.0, 3.0, 1.9999999999999998, 1.9999999999999998, 1.9999999999999998, 1.9999999999999998, 1.2, 1.9999999999999998, 1.2, 1.9999999999999998, 1.9999999999999998]
[2.5, 2.5, 3.5, 3.5, 2.5, 3.5, 3.5, 3.5, 5.0, 5.0, 9.0, 9.0, 1.9999999999999998, 3.0, 3.0, 1.9999999999999998, 3.0, 1.9999999999999998, 1.9999999999999998, 3.0, 1.2, 1.2, 1.2, 1.9999999999999998, 1.2, 1.9999999999999998, 1.2, 1.2]
T = 0.028147497671065627	 step = 663
74.11000000000001
15.397733487215907
[13.0, 35.0, 18.0, 10.0, 17.0, 5.0, 28.0, 4.0, 23.0, 17.0, 33.0, 11.0, 20.0, 35.0, 24.0, 8.0, 30.0, 3.0, 25.0, 7.0, 38.0, 38.0, 26.0, 21.0, 23.0, 2.0, 13.0, 15.0]
[8.0, 13.0, 12.0, 14.0, 19.0, 24.0, 34.0, 12.0, 5.0, 24.0, 6.0, 33.0, 32.0, 33.0, 26.0, 2.0, 27.0, 32.0, 30.0, 19.0, 37.0, 23.0, 13.0, 13.0, 19.0, 28.0, 18.0, 2.0]
[3.5, 3.5, 2.5, 2.5, 3.5, 2.5, 3.5, 2.5, 5.0, 5.0, 9.0, 9.0, 3.0, 1.9999999999999998, 1.9999999999999998, 3.0, 1.9999999999999998, 3.0, 3.0, 1.9999999999999998, 1.9999999999999998, 1.9999999999999998, 1.9999999999999998, 1.2, 1.9999999999999998, 1.2, 1.9999999999999998, 1.9999999999999998]
[2.5, 2.5, 3.5, 3.5, 2.5, 3.5, 2.5, 3.5, 5.0, 5.0, 9.0, 9.0, 1.9999999999999998, 3.0, 3.0, 1.9999999999999998, 3.0, 1.9999999999999998, 1.9999999999999998, 3.0, 1.2, 1.2, 1.2, 1.9999999999999998, 1.2, 1.9999999999999998, 1.2, 1.2]
T = 0.028147497671065627	 step = 664
74.07000000000005
13.594732776988637
[13.0, 35.0, 18.0, 10.0, 17.0, 5.0, 9.0, 4.0, 23.0, 17.0, 33.0, 12.0, 20.0, 35.0, 24.0, 8.0, 30.0, 3.0, 25.0, 7.0, 38.0, 38.0, 26.0, 21.0, 23.0, 2.0, 13.0, 15.0]
[8.0, 13.0, 12.0, 14.0, 19.0, 24.0, 9.0, 12.0, 5.0, 24.0, 6.0, 33.0, 32.0, 33.0, 26.0, 2.0, 27.0, 32.0, 30.0, 19.0, 37.0, 23.0, 13.0, 13.0, 19.0, 28.0, 18.0, 2.0]
[3.5, 3.5, 2.5, 2.5, 3.5, 2.5, 2.5, 2.5, 5.0, 5.0, 9.0, 9.0, 3.0, 1.9999999999999998, 1.9999999999999998, 3.0, 1.9999999999999998, 3.0, 3.0, 1.9999999999999998, 1.9999999999999998, 1.9999999999999998, 1.9999999999999998, 1.2, 1.9999999999999998, 1.2, 1.9999999999999998, 1.9999999999999998]
[2.5, 2.5, 3.5, 3.5, 2.5, 3.5, 3.5, 3.5, 5.0, 5.0, 9.0, 9.0, 1.9999999999999998, 3.0, 3.0, 1.9999999999999998, 3.0, 1.9999999999999998, 1.9999999999999998, 3.0, 1.2, 1.2, 1.2, 1.9999999999999998, 1.2, 1.9999999999999998, 1.2, 1.2]
T = 0.028147497671065627	 step = 665
74.09000000000003
13.493880504261364
[13.0, 34.0, 18.0, 10.0, 17.0, 5.0, 9.0, 4.0, 23.0, 17.0, 33.0, 12.0, 20.0, 35.0, 24.0, 8.0, 30.0, 3.0, 25.0, 7.0, 38.0, 38.0, 26.0, 21.0, 23.0, 2.0, 13.0, 15.0]
[8.0, 13.0, 12.0, 14.0, 19.0, 24.0, 9.0, 12.0, 5.0, 24.0, 6.0, 33.0, 32.0, 33.0, 26.0, 2.0, 27.0, 32.0, 30.0, 19.0, 37.0, 23.0, 13.0, 13.0, 19.0, 28.0, 18.0, 2.0]
[3.5, 3.5, 2.5, 2.5, 3.5, 2.5, 2.5, 2.5, 5.0, 5.0, 9.0, 9.0, 3.0, 1.9999999999999998, 1.9999999999999998, 3.0, 1.9999999999999998, 3.0, 3.0, 1.9999999999999998, 1.9999999999999998, 1.9999999999999998, 1.9999999999999998, 1.2, 1.9999999999999998, 1.2, 1.9999999999999998, 1.9999999999999998]
[2.5, 2.5, 3.5, 3.5, 2.5, 3.5, 3.5, 3.5, 5.0, 5.0, 9.0, 9.0, 1.9999999999999998, 3.0, 3.0, 1.9999999999999998, 3.0, 1.9999999999999998, 1.9999999999999998, 3.0, 1.2, 1.2, 1.2, 1.9999999999999998, 1.2, 1.9999999999999998, 1.2, 1.2]
T = 0.028147497671065627	 step = 666
74.08000000000004
13.509457563920455
[13.0, 34.0, 18.0, 10.0, 17.0, 5.0, 9.0, 4.0, 23.0, 17.0, 33.0, 12.0, 20.0, 35.0, 24.0, 8.0, 30.0, 3.0, 25.0, 7.0, 38.0, 38.0, 27.0, 21.0, 23.0, 2.0, 13.0, 15.0]
[8.0, 13.0, 12.0, 14.0, 19.0, 24.0, 9.0, 12.0, 5.0, 24.0, 6.0, 33.0, 32.0, 33.0, 26.0, 2.0, 27.0, 32.0, 30.0, 19.0, 37.0, 23.0, 13.0, 13.0, 19.0, 28.0, 18.0, 2.0]
[3.5, 3.5, 2.5, 2.5, 3.5, 2.5, 2.5, 2.5, 5.0, 5.0, 9.0, 9.0, 3.0, 1.9999999999999998, 1.9999999999999998, 3.0, 1.9999999999999998, 3.0, 3.0, 1.9999999999999998, 1.9999999999999998, 1.9999999999999998, 1.9999999999999998, 1.2, 1.9999999999999998, 1.2, 1.9999999999999998, 1.9999999999999998]
[2.5, 2.5, 3.5, 3.5, 2.5, 3.5, 3.5, 3.5, 5.0, 5.0, 9.0, 9.0, 1.9999999999999998, 3.0, 3.0, 1.9999999999999998, 3.0, 1.9999999999999998, 1.9999999999999998, 3.0, 1.2, 1.2, 1.2, 1.9999999999999998, 1.2, 1.9999999999999998, 1.2, 1.2]
T = 0.028147497671065627	 step = 667
74.08000000000004
13.540707563920455
[13.0, 34.0, 18.0, 10.0, 17.0, 5.0, 9.0, 4.0, 23.0, 17.0, 33.0, 12.0, 20.0, 35.0, 24.0, 8.0, 30.0, 3.0, 25.0, 7.0, 38.0, 38.0, 27.0, 21.0, 23.0, 2.0, 13.0, 15.0]
[8.0, 13.0, 12.0, 14.0, 19.0, 24.0, 9.0, 12.0, 5.0, 24.0, 6.0, 33.0, 32.0, 33.0, 26.0, 2.0, 27.0, 33.0, 30.0, 19.0, 37.0, 23.0, 13.0, 13.0, 19.0, 28.0, 18.0, 2.0]
[3.5, 3.5, 2.5, 2.5, 3.5, 2.5, 2.5, 2.5, 5.0, 5.0, 9.0, 9.0, 3.0, 1.9999999999999998, 1.9999999999999998, 3.0, 1.9999999999999998, 3.0, 3.0, 1.9999999999999998, 1.9999999999999998, 1.9999999999999998, 1.9999999999999998, 1.2, 1.9999999999999998, 1.2, 1.9999999999999998, 1.9999999999999998]
[2.5, 2.5, 3.5, 3.5, 2.5, 3.5, 3.5, 3.5, 5.0, 5.0, 9.0, 9.0, 1.9999999999999998, 3.0, 3.0, 1.9999999999999998, 3.0, 1.9999999999999998, 1.9999999999999998, 3.0, 1.2, 1.2, 1.2, 1.9999999999999998, 1.2, 1.9999999999999998, 1.2, 1.2]
T = 0.028147497671065627	 step = 668
74.08000000000004
13.525082563920455
[13.0, 34.0, 18.0, 10.0, 17.0, 5.0, 9.0, 4.0, 23.0, 17.0, 33.0, 12.0, 20.0, 35.0, 24.0, 8.0, 30.0, 3.0, 25.0, 7.0, 38.0, 38.0, 28.0, 21.0, 23.0, 2.0, 13.0, 15.0]
[8.0, 13.0, 12.0, 14.0, 19.0, 24.0, 9.0, 12.0, 5.0, 24.0, 6.0, 33.0, 32.0, 33.0, 26.0, 2.0, 27.0, 32.0, 30.0, 19.0, 37.0, 23.0, 13.0, 13.0, 19.0, 28.0, 18.0, 2.0]
[3.5, 3.5, 2.5, 2.5, 3.5, 2.5, 2.5, 2.5, 5.0, 5.0, 9.0, 9.0, 3.0, 1.9999999999999998, 1.9999999999999998, 3.0, 1.9999999999999998, 3.0, 3.0, 1.9999999999999998, 1.9999999999999998, 1.9999999999999998, 1.9999999999999998, 1.2, 1.9999999999999998, 1.2, 1.9999999999999998, 1.9999999999999998]
[2.5, 2.5, 3.5, 3.5, 2.5, 3.5, 3.5, 3.5, 5.0, 5.0, 9.0, 9.0, 1.9999999999999998, 3.0, 3.0, 1.9999999999999998, 3.0, 1.9999999999999998, 1.9999999999999998, 3.0, 1.2, 1.2, 1.2, 1.9999999999999998, 1.2, 1.9999999999999998, 1.2, 1.2]
T = 0.028147497671065627	 step = 669
74.07000000000005
13.603207563920451
[13.0, 34.0, 18.0, 10.0, 17.0, 5.0, 9.0, 4.0, 23.0, 17.0, 33.0, 12.0, 20.0, 35.0, 24.0, 8.0, 30.0, 3.0, 25.0, 7.0, 38.0, 38.0, 28.0, 21.0, 23.0, 2.0, 13.0, 15.0]
[8.0, 13.0, 12.0, 14.0, 19.0, 25.0, 9.0, 12.0, 5.0, 24.0, 6.0, 33.0, 32.0, 33.0, 26.0, 2.0, 27.0, 32.0, 30.0, 19.0, 37.0, 23.0, 13.0, 13.0, 19.0, 28.0, 18.0, 2.0]
[3.5, 3.5, 2.5, 2.5, 3.5, 2.5, 2.5, 2.5, 5.0, 5.0, 9.0, 9.0, 3.0, 1.9999999999999998, 1.9999999999999998, 3.0, 1.9999999999999998, 3.0, 3.0, 1.9999999999999998, 1.9999999999999998, 1.9999999999999998, 1.9999999999999998, 1.2, 1.9999999999999998, 1.2, 1.9999999999999998, 1.9999999999999998]
[2.5, 2.5, 3.5, 3.5, 2.5, 3.5, 3.5, 3.5, 5.0, 5.0, 9.0, 9.0, 1.9999999999999998, 3.0, 3.0, 1.9999999999999998, 3.0, 1.9999999999999998, 1.9999999999999998, 3.0, 1.2, 1.2, 1.2, 1.9999999999999998, 1.2, 1.9999999999999998, 1.2, 1.2]
T = 0.028147497671065627	 step = 670
73.90000000000003
13.896066228693183
[13.0, 34.0, 18.0, 10.0, 17.0, 5.0, 9.0, 4.0, 23.0, 17.0, 33.0, 12.0, 3.0, 35.0, 24.0, 8.0, 30.0, 3.0, 25.0, 7.0, 38.0, 38.0, 28.0, 21.0, 23.0, 2.0, 13.0, 15.0]
[8.0, 13.0, 12.0, 14.0, 19.0, 24.0, 9.0, 12.0, 5.0, 24.0, 6.0, 33.0, 7.0, 33.0, 26.0, 2.0, 27.0, 32.0, 30.0, 19.0, 37.0, 23.0, 13.0, 13.0, 19.0, 28.0, 18.0, 2.0]
[3.5, 3.5, 2.5, 2.5, 3.5, 2.5, 2.5, 2.5, 5.0, 5.0, 9.0, 9.0, 1.9999999999999998, 1.9999999999999998, 1.9999999999999998, 3.0, 1.9999999999999998, 3.0, 3.0, 1.9999999999999998, 1.9999999999999998, 1.9999999999999998, 1.9999999999999998, 1.2, 1.9999999999999998, 1.2, 1.9999999999999998, 1.9999999999999998]
[2.5, 2.5, 3.5, 3.5, 2.5, 3.5, 3.5, 3.5, 5.0, 5.0, 9.0, 9.0, 3.0, 3.0, 3.0, 1.9999999999999998, 3.0, 1.9999999999999998, 1.9999999999999998, 3.0, 1.2, 1.2, 1.2, 1.9999999999999998, 1.2, 1.9999999999999998, 1.2, 1.2]
T = 0.028147497671065627	 step = 671
74.07000000000005
13.556332563920455
[13.0, 34.0, 18.0, 10.0, 17.0, 5.0, 9.0, 4.0, 23.0, 17.0, 33.0, 12.0, 20.0, 35.0, 24.0, 8.0, 31.0, 3.0, 25.0, 7.0, 38.0, 38.0, 28.0, 21.0, 23.0, 2.0, 13.0, 15.0]
[8.0, 13.0, 12.0, 14.0, 19.0, 24.0, 9.0, 12.0, 5.0, 24.0, 6.0, 33.0, 32.0, 33.0, 26.0, 2.0, 27.0, 32.0, 30.0, 19.0, 37.0, 23.0, 13.0, 13.0, 19.0, 28.0, 18.0, 2.0]
[3.5, 3.5, 2.5, 2.5, 3.5, 2.5, 2.5, 2.5, 5.0, 5.0, 9.0, 9.0, 3.0, 1.9999999999999998, 1.9999999999999998, 3.0, 1.9999999999999998, 3.0, 3.0, 1.9999999999999998, 1.9999999999999998, 1.9999999999999998, 1.9999999999999998, 1.2, 1.9999999999999998, 1.2, 1.9999999999999998, 1.9999999999999998]
[2.5, 2.5, 3.5, 3.5, 2.5, 3.5, 3.5, 3.5, 5.0, 5.0, 9.0, 9.0, 1.9999999999999998, 3.0, 3.0, 1.9999999999999998, 3.0, 1.9999999999999998, 1.9999999999999998, 3.0, 1.2, 1.2, 1.2, 1.9999999999999998, 1.2, 1.9999999999999998, 1.2, 1.2]
T = 0.028147497671065627	 step = 672
74.08000000000004
13.556332563920451
[13.0, 34.0, 18.0, 10.0, 17.0, 5.0, 9.0, 4.0, 23.0, 17.0, 33.0, 12.0, 20.0, 35.0, 24.0, 8.0, 31.0, 3.0, 25.0, 8.0, 38.0, 38.0, 28.0, 21.0, 23.0, 2.0, 13.0, 15.0]
[8.0, 13.0, 12.0, 14.0, 19.0, 24.0, 9.0, 12.0, 5.0, 24.0, 6.0, 33.0, 32.0, 33.0, 26.0, 2.0, 27.0, 32.0, 30.0, 19.0, 37.0, 23.0, 13.0, 13.0, 19.0, 28.0, 18.0, 2.0]
[3.5, 3.5, 2.5, 2.5, 3.5, 2.5, 2.5, 2.5, 5.0, 5.0, 9.0, 9.0, 3.0, 1.9999999999999998, 1.9999999999999998, 3.0, 1.9999999999999998, 3.0, 3.0, 1.9999999999999998, 1.9999999999999998, 1.9999999999999998, 1.9999999999999998, 1.2, 1.9999999999999998, 1.2, 1.9999999999999998, 1.9999999999999998]
[2.5, 2.5, 3.5, 3.5, 2.5, 3.5, 3.5, 3.5, 5.0, 5.0, 9.0, 9.0, 1.9999999999999998, 3.0, 3.0, 1.9999999999999998, 3.0, 1.9999999999999998, 1.9999999999999998, 3.0, 1.2, 1.2, 1.2, 1.9999999999999998, 1.2, 1.9999999999999998, 1.2, 1.2]
T = 0.028147497671065627	 step = 673
74.06
13.556332563920451
[13.0, 34.0, 18.0, 10.0, 17.0, 5.0, 9.0, 4.0, 23.0, 17.0, 33.0, 12.0, 20.0, 35.0, 24.0, 8.0, 31.0, 3.0, 25.0, 8.0, 38.0, 38.0, 28.0, 21.0, 23.0, 2.0, 13.0, 15.0]
[8.0, 13.0, 12.0, 14.0, 19.0, 24.0, 9.0, 12.0, 5.0, 24.0, 6.0, 33.0, 33.0, 33.0, 26.0, 2.0, 27.0, 32.0, 30.0, 19.0, 37.0, 23.0, 13.0, 13.0, 19.0, 28.0, 18.0, 2.0]
[3.5, 3.5, 2.5, 2.5, 3.5, 2.5, 2.5, 2.5, 5.0, 5.0, 9.0, 9.0, 3.0, 1.9999999999999998, 1.9999999999999998, 3.0, 1.9999999999999998, 3.0, 3.0, 1.9999999999999998, 1.9999999999999998, 1.9999999999999998, 1.9999999999999998, 1.2, 1.9999999999999998, 1.2, 1.9999999999999998, 1.9999999999999998]
[2.5, 2.5, 3.5, 3.5, 2.5, 3.5, 3.5, 3.5, 5.0, 5.0, 9.0, 9.0, 1.9999999999999998, 3.0, 3.0, 1.9999999999999998, 3.0, 1.9999999999999998, 1.9999999999999998, 3.0, 1.2, 1.2, 1.2, 1.9999999999999998, 1.2, 1.9999999999999998, 1.2, 1.2]
T = 0.028147497671065627	 step = 674
74.10000000000002
13.446957563920451
[13.0, 34.0, 18.0, 10.0, 17.0, 5.0, 9.0, 5.0, 23.0, 17.0, 33.0, 12.0, 20.0, 35.0, 24.0, 8.0, 31.0, 3.0, 25.0, 8.0, 38.0, 38.0, 28.0, 21.0, 23.0, 2.0, 13.0, 15.0]
[8.0, 13.0, 12.0, 14.0, 19.0, 24.0, 9.0, 12.0, 5.0, 24.0, 6.0, 33.0, 33.0, 33.0, 26.0, 2.0, 27.0, 32.0, 30.0, 19.0, 37.0, 23.0, 13.0, 13.0, 19.0, 28.0, 18.0, 2.0]
[3.5, 3.5, 2.5, 2.5, 3.5, 2.5, 2.5, 2.5, 5.0, 5.0, 9.0, 9.0, 3.0, 1.9999999999999998, 1.9999999999999998, 3.0, 1.9999999999999998, 3.0, 3.0, 1.9999999999999998, 1.9999999999999998, 1.9999999999999998, 1.9999999999999998, 1.2, 1.9999999999999998, 1.2, 1.9999999999999998, 1.9999999999999998]
[2.5, 2.5, 3.5, 3.5, 2.5, 3.5, 3.5, 3.5, 5.0, 5.0, 9.0, 9.0, 1.9999999999999998, 3.0, 3.0, 1.9999999999999998, 3.0, 1.9999999999999998, 1.9999999999999998, 3.0, 1.2, 1.2, 1.2, 1.9999999999999998, 1.2, 1.9999999999999998, 1.2, 1.2]
T = 0.028147497671065627	 step = 675
74.10000000000002
13.441705433238637
[13.0, 34.0, 18.0, 10.0, 17.0, 5.0, 9.0, 5.0, 23.0, 17.0, 33.0, 12.0, 20.0, 36.0, 24.0, 8.0, 31.0, 3.0, 25.0, 8.0, 38.0, 38.0, 28.0, 21.0, 23.0, 2.0, 13.0, 15.0]
[8.0, 13.0, 12.0, 14.0, 19.0, 24.0, 9.0, 12.0, 5.0, 24.0, 6.0, 33.0, 33.0, 33.0, 26.0, 2.0, 27.0, 32.0, 30.0, 19.0, 37.0, 23.0, 13.0, 13.0, 19.0, 28.0, 18.0, 2.0]
[3.5, 3.5, 2.5, 2.5, 3.5, 2.5, 2.5, 2.5, 5.0, 5.0, 9.0, 9.0, 3.0, 1.9999999999999998, 1.9999999999999998, 3.0, 1.9999999999999998, 3.0, 3.0, 1.9999999999999998, 1.9999999999999998, 1.9999999999999998, 1.9999999999999998, 1.2, 1.9999999999999998, 1.2, 1.9999999999999998, 1.9999999999999998]
[2.5, 2.5, 3.5, 3.5, 2.5, 3.5, 3.5, 3.5, 5.0, 5.0, 9.0, 9.0, 1.9999999999999998, 3.0, 3.0, 1.9999999999999998, 3.0, 1.9999999999999998, 1.9999999999999998, 3.0, 1.2, 1.2, 1.2, 1.9999999999999998, 1.2, 1.9999999999999998, 1.2, 1.2]
T = 0.028147497671065627	 step = 676
74.11000000000001
13.45497425426136
[13.0, 34.0, 18.0, 10.0, 17.0, 5.0, 9.0, 5.0, 23.0, 17.0, 33.0, 12.0, 20.0, 36.0, 24.0, 8.0, 31.0, 3.0, 25.0, 8.0, 38.0, 38.0, 28.0, 21.0, 23.0, 2.0, 13.0, 15.0]
[8.0, 14.0, 12.0, 14.0, 19.0, 24.0, 9.0, 12.0, 5.0, 24.0, 6.0, 33.0, 33.0, 33.0, 26.0, 2.0, 27.0, 32.0, 30.0, 19.0, 37.0, 23.0, 13.0, 13.0, 19.0, 28.0, 18.0, 2.0]
[3.5, 3.5, 2.5, 2.5, 3.5, 2.5, 2.5, 2.5, 5.0, 5.0, 9.0, 9.0, 3.0, 1.9999999999999998, 1.9999999999999998, 3.0, 1.9999999999999998, 3.0, 3.0, 1.9999999999999998, 1.9999999999999998, 1.9999999999999998, 1.9999999999999998, 1.2, 1.9999999999999998, 1.2, 1.9999999999999998, 1.9999999999999998]
[2.5, 2.5, 3.5, 3.5, 2.5, 3.5, 3.5, 3.5, 5.0, 5.0, 9.0, 9.0, 1.9999999999999998, 3.0, 3.0, 1.9999999999999998, 3.0, 1.9999999999999998, 1.9999999999999998, 3.0, 1.2, 1.2, 1.2, 1.9999999999999998, 1.2, 1.9999999999999998, 1.2, 1.2]
T = 0.028147497671065627	 step = 677
74.14000000000004
13.470599254261362
[13.0, 34.0, 18.0, 10.0, 17.0, 5.0, 9.0, 5.0, 23.0, 17.0, 33.0, 12.0, 20.0, 36.0, 24.0, 8.0, 31.0, 3.0, 25.0, 8.0, 38.0, 38.0, 28.0, 21.0, 23.0, 2.0, 13.0, 15.0]
[8.0, 15.0, 12.0, 14.0, 19.0, 24.0, 9.0, 12.0, 5.0, 24.0, 6.0, 33.0, 33.0, 33.0, 26.0, 2.0, 27.0, 32.0, 30.0, 19.0, 37.0, 23.0, 13.0, 13.0, 19.0, 28.0, 18.0, 2.0]
[3.5, 3.5, 2.5, 2.5, 3.5, 2.5, 2.5, 2.5, 5.0, 5.0, 9.0, 9.0, 3.0, 1.9999999999999998, 1.9999999999999998, 3.0, 1.9999999999999998, 3.0, 3.0, 1.9999999999999998, 1.9999999999999998, 1.9999999999999998, 1.9999999999999998, 1.2, 1.9999999999999998, 1.2, 1.9999999999999998, 1.9999999999999998]
[2.5, 2.5, 3.5, 3.5, 2.5, 3.5, 3.5, 3.5, 5.0, 5.0, 9.0, 9.0, 1.9999999999999998, 3.0, 3.0, 1.9999999999999998, 3.0, 1.9999999999999998, 1.9999999999999998, 3.0, 1.2, 1.2, 1.2, 1.9999999999999998, 1.2, 1.9999999999999998, 1.2, 1.2]
T = 0.028147497671065627	 step = 678
74.09000000000003
13.595599254261366
[13.0, 34.0, 18.0, 10.0, 17.0, 5.0, 9.0, 5.0, 23.0, 17.0, 33.0, 11.0, 20.0, 36.0, 24.0, 8.0, 31.0, 3.0, 25.0, 8.0, 38.0, 38.0, 28.0, 21.0, 23.0, 2.0, 13.0, 15.0]
[8.0, 15.0, 12.0, 14.0, 19.0, 24.0, 9.0, 12.0, 5.0, 24.0, 6.0, 33.0, 33.0, 33.0, 26.0, 2.0, 27.0, 32.0, 30.0, 19.0, 37.0, 23.0, 13.0, 13.0, 19.0, 28.0, 18.0, 2.0]
[3.5, 3.5, 2.5, 2.5, 3.5, 2.5, 2.5, 2.5, 5.0, 5.0, 9.0, 9.0, 3.0, 1.9999999999999998, 1.9999999999999998, 3.0, 1.9999999999999998, 3.0, 3.0, 1.9999999999999998, 1.9999999999999998, 1.9999999999999998, 1.9999999999999998, 1.2, 1.9999999999999998, 1.2, 1.9999999999999998, 1.9999999999999998]
[2.5, 2.5, 3.5, 3.5, 2.5, 3.5, 3.5, 3.5, 5.0, 5.0, 9.0, 9.0, 1.9999999999999998, 3.0, 3.0, 1.9999999999999998, 3.0, 1.9999999999999998, 1.9999999999999998, 3.0, 1.2, 1.2, 1.2, 1.9999999999999998, 1.2, 1.9999999999999998, 1.2, 1.2]
T = 0.028147497671065627	 step = 679
74.03000000000003
13.454974254261362
[13.0, 34.0, 18.0, 10.0, 17.0, 5.0, 9.0, 5.0, 23.0, 17.0, 33.0, 12.0, 20.0, 36.0, 24.0, 8.0, 31.0, 3.0, 25.0, 8.0, 38.0, 38.0, 28.0, 21.0, 23.0, 2.0, 13.0, 15.0]
[8.0, 15.0, 12.0, 14.0, 18.0, 24.0, 9.0, 12.0, 5.0, 24.0, 6.0, 33.0, 33.0, 33.0, 26.0, 2.0, 27.0, 32.0, 30.0, 19.0, 37.0, 23.0, 13.0, 13.0, 19.0, 28.0, 18.0, 2.0]
[3.5, 3.5, 2.5, 2.5, 3.5, 2.5, 2.5, 2.5, 5.0, 5.0, 9.0, 9.0, 3.0, 1.9999999999999998, 1.9999999999999998, 3.0, 1.9999999999999998, 3.0, 3.0, 1.9999999999999998, 1.9999999999999998, 1.9999999999999998, 1.9999999999999998, 1.2, 1.9999999999999998, 1.2, 1.9999999999999998, 1.9999999999999998]
[2.5, 2.5, 3.5, 3.5, 2.5, 3.5, 3.5, 3.5, 5.0, 5.0, 9.0, 9.0, 1.9999999999999998, 3.0, 3.0, 1.9999999999999998, 3.0, 1.9999999999999998, 1.9999999999999998, 3.0, 1.2, 1.2, 1.2, 1.9999999999999998, 1.2, 1.9999999999999998, 1.2, 1.2]
T = 0.028147497671065627	 step = 680
74.49000000000001
13.517474254261362
[13.0, 34.0, 18.0, 10.0, 17.0, 5.0, 9.0, 5.0, 23.0, 17.0, 33.0, 12.0, 20.0, 36.0, 24.0, 8.0, 31.0, 3.0, 25.0, 8.0, 38.0, 38.0, 28.0, 21.0, 23.0, 2.0, 13.0, 15.0]
[8.0, 15.0, 12.0, 14.0, 18.0, 24.0, 9.0, 12.0, 5.0, 23.0, 6.0, 33.0, 33.0, 33.0, 26.0, 2.0, 27.0, 32.0, 30.0, 19.0, 37.0, 23.0, 13.0, 13.0, 19.0, 28.0, 18.0, 2.0]
[3.5, 3.5, 2.5, 2.5, 3.5, 2.5, 2.5, 2.5, 5.0, 5.0, 9.0, 9.0, 3.0, 1.9999999999999998, 1.9999999999999998, 3.0, 1.9999999999999998, 3.0, 3.0, 1.9999999999999998, 1.9999999999999998, 1.9999999999999998, 1.9999999999999998, 1.2, 1.9999999999999998, 1.2, 1.9999999999999998, 1.9999999999999998]
[2.5, 2.5, 3.5, 3.5, 2.5, 3.5, 3.5, 3.5, 5.0, 5.0, 9.0, 9.0, 1.9999999999999998, 3.0, 3.0, 1.9999999999999998, 3.0, 1.9999999999999998, 1.9999999999999998, 3.0, 1.2, 1.2, 1.2, 1.9999999999999998, 1.2, 1.9999999999999998, 1.2, 1.2]
T = 0.028147497671065627	 step = 681
74.49000000000001
13.564349254261362
[13.0, 34.0, 17.0, 10.0, 17.0, 5.0, 9.0, 5.0, 23.0, 17.0, 33.0, 12.0, 20.0, 36.0, 24.0, 8.0, 31.0, 3.0, 25.0, 8.0, 38.0, 38.0, 28.0, 21.0, 23.0, 2.0, 13.0, 15.0]
[8.0, 15.0, 12.0, 14.0, 18.0, 24.0, 9.0, 12.0, 5.0, 23.0, 6.0, 33.0, 33.0, 33.0, 26.0, 2.0, 27.0, 32.0, 30.0, 19.0, 37.0, 23.0, 13.0, 13.0, 19.0, 28.0, 18.0, 2.0]
[3.5, 3.5, 2.5, 2.5, 3.5, 2.5, 2.5, 2.5, 5.0, 5.0, 9.0, 9.0, 3.0, 1.9999999999999998, 1.9999999999999998, 3.0, 1.9999999999999998, 3.0, 3.0, 1.9999999999999998, 1.9999999999999998, 1.9999999999999998, 1.9999999999999998, 1.2, 1.9999999999999998, 1.2, 1.9999999999999998, 1.9999999999999998]
[2.5, 2.5, 3.5, 3.5, 2.5, 3.5, 3.5, 3.5, 5.0, 5.0, 9.0, 9.0, 1.9999999999999998, 3.0, 3.0, 1.9999999999999998, 3.0, 1.9999999999999998, 1.9999999999999998, 3.0, 1.2, 1.2, 1.2, 1.9999999999999998, 1.2, 1.9999999999999998, 1.2, 1.2]
T = 0.022517998136852502	 step = 682
74.5
13.45497425426136
[13.0, 34.0, 17.0, 10.0, 17.0, 5.0, 9.0, 6.0, 23.0, 17.0, 33.0, 12.0, 20.0, 36.0, 24.0, 8.0, 31.0, 3.0, 25.0, 8.0, 38.0, 38.0, 28.0, 21.0, 23.0, 2.0, 13.0, 15.0]
[8.0, 15.0, 12.0, 14.0, 18.0, 24.0, 9.0, 12.0, 5.0, 23.0, 6.0, 33.0, 33.0, 33.0, 26.0, 2.0, 27.0, 32.0, 30.0, 19.0, 37.0, 23.0, 13.0, 13.0, 19.0, 28.0, 18.0, 2.0]
[3.5, 3.5, 2.5, 2.5, 3.5, 2.5, 2.5, 2.5, 5.0, 5.0, 9.0, 9.0, 3.0, 1.9999999999999998, 1.9999999999999998, 3.0, 1.9999999999999998, 3.0, 3.0, 1.9999999999999998, 1.9999999999999998, 1.9999999999999998, 1.9999999999999998, 1.2, 1.9999999999999998, 1.2, 1.9999999999999998, 1.9999999999999998]
[2.5, 2.5, 3.5, 3.5, 2.5, 3.5, 3.5, 3.5, 5.0, 5.0, 9.0, 9.0, 1.9999999999999998, 3.0, 3.0, 1.9999999999999998, 3.0, 1.9999999999999998, 1.9999999999999998, 3.0, 1.2, 1.2, 1.2, 1.9999999999999998, 1.2, 1.9999999999999998, 1.2, 1.2]
T = 0.022517998136852502	 step = 683
74.49000000000001
13.470599254261362
[13.0, 34.0, 17.0, 10.0, 18.0, 5.0, 9.0, 6.0, 23.0, 17.0, 33.0, 12.0, 20.0, 36.0, 24.0, 8.0, 31.0, 3.0, 25.0, 8.0, 38.0, 38.0, 28.0, 21.0, 23.0, 2.0, 13.0, 15.0]
[8.0, 15.0, 12.0, 14.0, 18.0, 24.0, 9.0, 12.0, 5.0, 23.0, 6.0, 33.0, 33.0, 33.0, 26.0, 2.0, 27.0, 32.0, 30.0, 19.0, 37.0, 23.0, 13.0, 13.0, 19.0, 28.0, 18.0, 2.0]
[3.5, 3.5, 2.5, 2.5, 3.5, 2.5, 2.5, 2.5, 5.0, 5.0, 9.0, 9.0, 3.0, 1.9999999999999998, 1.9999999999999998, 3.0, 1.9999999999999998, 3.0, 3.0, 1.9999999999999998, 1.9999999999999998, 1.9999999999999998, 1.9999999999999998, 1.2, 1.9999999999999998, 1.2, 1.9999999999999998, 1.9999999999999998]
[2.5, 2.5, 3.5, 3.5, 2.5, 3.5, 3.5, 3.5, 5.0, 5.0, 9.0, 9.0, 1.9999999999999998, 3.0, 3.0, 1.9999999999999998, 3.0, 1.9999999999999998, 1.9999999999999998, 3.0, 1.2, 1.2, 1.2, 1.9999999999999998, 1.2, 1.9999999999999998, 1.2, 1.2]
T = 0.022517998136852502	 step = 684
74.47000000000003
13.470886896306816
[13.0, 34.0, 17.0, 10.0, 18.0, 5.0, 9.0, 6.0, 23.0, 17.0, 33.0, 12.0, 20.0, 36.0, 24.0, 8.0, 31.0, 3.0, 25.0, 7.0, 38.0, 38.0, 28.0, 21.0, 23.0, 2.0, 13.0, 15.0]
[8.0, 15.0, 12.0, 14.0, 18.0, 24.0, 9.0, 12.0, 5.0, 23.0, 6.0, 33.0, 33.0, 33.0, 26.0, 2.0, 27.0, 32.0, 30.0, 19.0, 37.0, 23.0, 13.0, 13.0, 19.0, 28.0, 18.0, 2.0]
[3.5, 3.5, 2.5, 2.5, 3.5, 2.5, 2.5, 2.5, 5.0, 5.0, 9.0, 9.0, 3.0, 1.9999999999999998, 1.9999999999999998, 3.0, 1.9999999999999998, 3.0, 3.0, 1.9999999999999998, 1.9999999999999998, 1.9999999999999998, 1.9999999999999998, 1.2, 1.9999999999999998, 1.2, 1.9999999999999998, 1.9999999999999998]
[2.5, 2.5, 3.5, 3.5, 2.5, 3.5, 3.5, 3.5, 5.0, 5.0, 9.0, 9.0, 1.9999999999999998, 3.0, 3.0, 1.9999999999999998, 3.0, 1.9999999999999998, 1.9999999999999998, 3.0, 1.2, 1.2, 1.2, 1.9999999999999998, 1.2, 1.9999999999999998, 1.2, 1.2]
T = 0.022517998136852502	 step = 685
74.45000000000005
13.551629971590906
[13.0, 35.0, 17.0, 10.0, 18.0, 5.0, 9.0, 6.0, 23.0, 17.0, 33.0, 12.0, 20.0, 36.0, 24.0, 8.0, 31.0, 3.0, 25.0, 7.0, 38.0, 38.0, 28.0, 21.0, 23.0, 2.0, 13.0, 15.0]
[8.0, 15.0, 12.0, 14.0, 18.0, 24.0, 9.0, 12.0, 5.0, 23.0, 6.0, 33.0, 33.0, 33.0, 26.0, 2.0, 27.0, 32.0, 30.0, 19.0, 37.0, 23.0, 13.0, 13.0, 19.0, 28.0, 18.0, 2.0]
[3.5, 3.5, 2.5, 2.5, 3.5, 2.5, 2.5, 2.5, 5.0, 5.0, 9.0, 9.0, 3.0, 1.9999999999999998, 1.9999999999999998, 3.0, 1.9999999999999998, 3.0, 3.0, 1.9999999999999998, 1.9999999999999998, 1.9999999999999998, 1.9999999999999998, 1.2, 1.9999999999999998, 1.2, 1.9999999999999998, 1.9999999999999998]
[2.5, 2.5, 3.5, 3.5, 2.5, 3.5, 3.5, 3.5, 5.0, 5.0, 9.0, 9.0, 1.9999999999999998, 3.0, 3.0, 1.9999999999999998, 3.0, 1.9999999999999998, 1.9999999999999998, 3.0, 1.2, 1.2, 1.2, 1.9999999999999998, 1.2, 1.9999999999999998, 1.2, 1.2]
T = 0.022517998136852502	 step = 686
74.47000000000003
13.55162997159091
[13.0, 35.0, 17.0, 10.0, 18.0, 5.0, 9.0, 6.0, 22.0, 17.0, 33.0, 12.0, 20.0, 36.0, 24.0, 8.0, 31.0, 3.0, 25.0, 7.0, 38.0, 38.0, 28.0, 21.0, 23.0, 2.0, 13.0, 15.0]
[8.0, 15.0, 12.0, 14.0, 18.0, 24.0, 9.0, 12.0, 5.0, 23.0, 6.0, 33.0, 33.0, 33.0, 26.0, 2.0, 27.0, 32.0, 30.0, 19.0, 37.0, 23.0, 13.0, 13.0, 19.0, 28.0, 18.0, 2.0]
[3.5, 3.5, 2.5, 2.5, 3.5, 2.5, 2.5, 2.5, 5.0, 5.0, 9.0, 9.0, 3.0, 1.9999999999999998, 1.9999999999999998, 3.0, 1.9999999999999998, 3.0, 3.0, 1.9999999999999998, 1.9999999999999998, 1.9999999999999998, 1.9999999999999998, 1.2, 1.9999999999999998, 1.2, 1.9999999999999998, 1.9999999999999998]
[2.5, 2.5, 3.5, 3.5, 2.5, 3.5, 3.5, 3.5, 5.0, 5.0, 9.0, 9.0, 1.9999999999999998, 3.0, 3.0, 1.9999999999999998, 3.0, 1.9999999999999998, 1.9999999999999998, 3.0, 1.2, 1.2, 1.2, 1.9999999999999998, 1.2, 1.9999999999999998, 1.2, 1.2]
T = 0.022517998136852502	 step = 687
74.51000000000005
13.536004971590904
[13.0, 35.0, 17.0, 10.0, 18.0, 5.0, 9.0, 6.0, 22.0, 17.0, 33.0, 12.0, 20.0, 36.0, 24.0, 8.0, 31.0, 3.0, 25.0, 7.0, 38.0, 38.0, 28.0, 21.0, 23.0, 2.0, 13.0, 15.0]
[8.0, 15.0, 12.0, 15.0, 18.0, 24.0, 9.0, 12.0, 5.0, 23.0, 6.0, 33.0, 33.0, 33.0, 26.0, 2.0, 27.0, 32.0, 30.0, 19.0, 37.0, 23.0, 13.0, 13.0, 19.0, 28.0, 18.0, 2.0]
[3.5, 3.5, 2.5, 2.5, 3.5, 2.5, 2.5, 2.5, 5.0, 5.0, 9.0, 9.0, 3.0, 1.9999999999999998, 1.9999999999999998, 3.0, 1.9999999999999998, 3.0, 3.0, 1.9999999999999998, 1.9999999999999998, 1.9999999999999998, 1.9999999999999998, 1.2, 1.9999999999999998, 1.2, 1.9999999999999998, 1.9999999999999998]
[2.5, 2.5, 3.5, 3.5, 2.5, 3.5, 3.5, 3.5, 5.0, 5.0, 9.0, 9.0, 1.9999999999999998, 3.0, 3.0, 1.9999999999999998, 3.0, 1.9999999999999998, 1.9999999999999998, 3.0, 1.2, 1.2, 1.2, 1.9999999999999998, 1.2, 1.9999999999999998, 1.2, 1.2]
T = 0.022517998136852502	 step = 688
74.0
14.251736505681816
[13.0, 35.0, 17.0, 10.0, 28.0, 5.0, 9.0, 6.0, 22.0, 17.0, 33.0, 12.0, 20.0, 36.0, 24.0, 8.0, 31.0, 3.0, 25.0, 7.0, 38.0, 38.0, 28.0, 21.0, 23.0, 2.0, 13.0, 15.0]
[8.0, 15.0, 12.0, 15.0, 25.0, 24.0, 9.0, 12.0, 5.0, 23.0, 6.0, 33.0, 33.0, 33.0, 26.0, 2.0, 27.0, 32.0, 30.0, 19.0, 37.0, 23.0, 13.0, 13.0, 19.0, 28.0, 18.0, 2.0]
[3.5, 3.5, 2.5, 2.5, 2.5, 2.5, 2.5, 2.5, 5.0, 5.0, 9.0, 9.0, 3.0, 1.9999999999999998, 1.9999999999999998, 3.0, 1.9999999999999998, 3.0, 3.0, 1.9999999999999998, 1.9999999999999998, 1.9999999999999998, 1.9999999999999998, 1.2, 1.9999999999999998, 1.2, 1.9999999999999998, 1.9999999999999998]
[2.5, 2.5, 3.5, 3.5, 3.5, 3.5, 3.5, 3.5, 5.0, 5.0, 9.0, 9.0, 1.9999999999999998, 3.0, 3.0, 1.9999999999999998, 3.0, 1.9999999999999998, 1.9999999999999998, 3.0, 1.2, 1.2, 1.2, 1.9999999999999998, 1.2, 1.9999999999999998, 1.2, 1.2]
T = 0.022517998136852502	 step = 689
74.49000000000001
13.535136718749998
[13.0, 35.0, 17.0, 10.0, 18.0, 5.0, 9.0, 6.0, 22.0, 17.0, 33.0, 12.0, 20.0, 37.0, 24.0, 8.0, 31.0, 3.0, 25.0, 7.0, 38.0, 38.0, 28.0, 21.0, 23.0, 2.0, 13.0, 15.0]
[8.0, 15.0, 12.0, 15.0, 18.0, 24.0, 9.0, 12.0, 5.0, 23.0, 6.0, 33.0, 33.0, 33.0, 26.0, 2.0, 27.0, 32.0, 30.0, 19.0, 37.0, 23.0, 13.0, 13.0, 19.0, 28.0, 18.0, 2.0]
[3.5, 3.5, 2.5, 2.5, 3.5, 2.5, 2.5, 2.5, 5.0, 5.0, 9.0, 9.0, 3.0, 1.9999999999999998, 1.9999999999999998, 3.0, 1.9999999999999998, 3.0, 3.0, 1.9999999999999998, 1.9999999999999998, 1.9999999999999998, 1.9999999999999998, 1.2, 1.9999999999999998, 1.2, 1.9999999999999998, 1.9999999999999998]
[2.5, 2.5, 3.5, 3.5, 2.5, 3.5, 3.5, 3.5, 5.0, 5.0, 9.0, 9.0, 1.9999999999999998, 3.0, 3.0, 1.9999999999999998, 3.0, 1.9999999999999998, 1.9999999999999998, 3.0, 1.2, 1.2, 1.2, 1.9999999999999998, 1.2, 1.9999999999999998, 1.2, 1.2]
T = 0.022517998136852502	 step = 690
74.39000000000004
13.850632102272725
[13.0, 35.0, 17.0, 10.0, 18.0, 5.0, 9.0, 5.0, 22.0, 17.0, 33.0, 12.0, 20.0, 37.0, 24.0, 8.0, 31.0, 3.0, 25.0, 7.0, 38.0, 38.0, 28.0, 21.0, 23.0, 2.0, 13.0, 15.0]
[8.0, 15.0, 12.0, 15.0, 18.0, 24.0, 9.0, 7.0, 5.0, 23.0, 6.0, 33.0, 33.0, 33.0, 26.0, 2.0, 27.0, 32.0, 30.0, 19.0, 37.0, 23.0, 13.0, 13.0, 19.0, 28.0, 18.0, 2.0]
[3.5, 3.5, 2.5, 2.5, 3.5, 2.5, 2.5, 2.5, 5.0, 5.0, 9.0, 9.0, 3.0, 1.9999999999999998, 1.9999999999999998, 3.0, 1.9999999999999998, 3.0, 3.0, 1.9999999999999998, 1.9999999999999998, 1.9999999999999998, 1.9999999999999998, 1.2, 1.9999999999999998, 1.2, 1.9999999999999998, 1.9999999999999998]
[2.5, 2.5, 3.5, 3.5, 2.5, 3.5, 3.5, 3.5, 5.0, 5.0, 9.0, 9.0, 1.9999999999999998, 3.0, 3.0, 1.9999999999999998, 3.0, 1.9999999999999998, 1.9999999999999998, 3.0, 1.2, 1.2, 1.2, 1.9999999999999998, 1.2, 1.9999999999999998, 1.2, 1.2]
T = 0.022517998136852502	 step = 691
74.5
13.519511718749998
[13.0, 35.0, 17.0, 10.0, 17.0, 5.0, 9.0, 6.0, 22.0, 17.0, 33.0, 12.0, 20.0, 37.0, 24.0, 8.0, 31.0, 3.0, 25.0, 7.0, 38.0, 38.0, 28.0, 21.0, 23.0, 2.0, 13.0, 15.0]
[8.0, 15.0, 12.0, 15.0, 18.0, 24.0, 9.0, 12.0, 5.0, 23.0, 6.0, 33.0, 33.0, 33.0, 26.0, 2.0, 27.0, 32.0, 30.0, 19.0, 37.0, 23.0, 13.0, 13.0, 19.0, 28.0, 18.0, 2.0]
[3.5, 3.5, 2.5, 2.5, 3.5, 2.5, 2.5, 2.5, 5.0, 5.0, 9.0, 9.0, 3.0, 1.9999999999999998, 1.9999999999999998, 3.0, 1.9999999999999998, 3.0, 3.0, 1.9999999999999998, 1.9999999999999998, 1.9999999999999998, 1.9999999999999998, 1.2, 1.9999999999999998, 1.2, 1.9999999999999998, 1.9999999999999998]
[2.5, 2.5, 3.5, 3.5, 2.5, 3.5, 3.5, 3.5, 5.0, 5.0, 9.0, 9.0, 1.9999999999999998, 3.0, 3.0, 1.9999999999999998, 3.0, 1.9999999999999998, 1.9999999999999998, 3.0, 1.2, 1.2, 1.2, 1.9999999999999998, 1.2, 1.9999999999999998, 1.2, 1.2]
T = 0.022517998136852502	 step = 692
74.51000000000005
13.369306640624997
[13.0, 35.0, 17.0, 10.0, 17.0, 5.0, 9.0, 6.0, 22.0, 16.0, 33.0, 12.0, 20.0, 37.0, 24.0, 8.0, 31.0, 3.0, 25.0, 7.0, 38.0, 38.0, 28.0, 21.0, 23.0, 2.0, 13.0, 15.0]
[8.0, 15.0, 12.0, 15.0, 18.0, 24.0, 9.0, 12.0, 5.0, 23.0, 6.0, 33.0, 33.0, 33.0, 26.0, 2.0, 27.0, 32.0, 30.0, 19.0, 37.0, 23.0, 13.0, 13.0, 19.0, 28.0, 18.0, 2.0]
[3.5, 3.5, 2.5, 2.5, 3.5, 2.5, 2.5, 2.5, 5.0, 5.0, 9.0, 9.0, 3.0, 1.9999999999999998, 1.9999999999999998, 3.0, 1.9999999999999998, 3.0, 3.0, 1.9999999999999998, 1.9999999999999998, 1.9999999999999998, 1.9999999999999998, 1.2, 1.9999999999999998, 1.2, 1.9999999999999998, 1.9999999999999998]
[2.5, 2.5, 3.5, 3.5, 2.5, 3.5, 3.5, 3.5, 5.0, 5.0, 9.0, 9.0, 1.9999999999999998, 3.0, 3.0, 1.9999999999999998, 3.0, 1.9999999999999998, 1.9999999999999998, 3.0, 1.2, 1.2, 1.2, 1.9999999999999998, 1.2, 1.9999999999999998, 1.2, 1.2]
T = 0.022517998136852502	 step = 693
74.51000000000005
13.400556640625
[13.0, 35.0, 17.0, 10.0, 17.0, 5.0, 9.0, 6.0, 22.0, 16.0, 33.0, 12.0, 20.0, 37.0, 24.0, 7.0, 31.0, 3.0, 25.0, 7.0, 38.0, 38.0, 28.0, 21.0, 23.0, 2.0, 13.0, 15.0]
[8.0, 15.0, 12.0, 15.0, 18.0, 24.0, 9.0, 12.0, 5.0, 23.0, 6.0, 33.0, 33.0, 33.0, 26.0, 2.0, 27.0, 32.0, 30.0, 19.0, 37.0, 23.0, 13.0, 13.0, 19.0, 28.0, 18.0, 2.0]
[3.5, 3.5, 2.5, 2.5, 3.5, 2.5, 2.5, 2.5, 5.0, 5.0, 9.0, 9.0, 3.0, 1.9999999999999998, 1.9999999999999998, 3.0, 1.9999999999999998, 3.0, 3.0, 1.9999999999999998, 1.9999999999999998, 1.9999999999999998, 1.9999999999999998, 1.2, 1.9999999999999998, 1.2, 1.9999999999999998, 1.9999999999999998]
[2.5, 2.5, 3.5, 3.5, 2.5, 3.5, 3.5, 3.5, 5.0, 5.0, 9.0, 9.0, 1.9999999999999998, 3.0, 3.0, 1.9999999999999998, 3.0, 1.9999999999999998, 1.9999999999999998, 3.0, 1.2, 1.2, 1.2, 1.9999999999999998, 1.2, 1.9999999999999998, 1.2, 1.2]
T = 0.022517998136852502	 step = 694
74.47000000000003
13.384931640624997
[13.0, 35.0, 17.0, 10.0, 18.0, 5.0, 9.0, 6.0, 22.0, 16.0, 33.0, 12.0, 20.0, 37.0, 24.0, 8.0, 31.0, 3.0, 25.0, 7.0, 38.0, 38.0, 28.0, 21.0, 23.0, 2.0, 13.0, 15.0]
[8.0, 15.0, 12.0, 15.0, 18.0, 24.0, 9.0, 12.0, 5.0, 23.0, 6.0, 33.0, 33.0, 33.0, 26.0, 2.0, 27.0, 32.0, 30.0, 19.0, 37.0, 23.0, 13.0, 13.0, 19.0, 28.0, 18.0, 2.0]
[3.5, 3.5, 2.5, 2.5, 3.5, 2.5, 2.5, 2.5, 5.0, 5.0, 9.0, 9.0, 3.0, 1.9999999999999998, 1.9999999999999998, 3.0, 1.9999999999999998, 3.0, 3.0, 1.9999999999999998, 1.9999999999999998, 1.9999999999999998, 1.9999999999999998, 1.2, 1.9999999999999998, 1.2, 1.9999999999999998, 1.9999999999999998]
[2.5, 2.5, 3.5, 3.5, 2.5, 3.5, 3.5, 3.5, 5.0, 5.0, 9.0, 9.0, 1.9999999999999998, 3.0, 3.0, 1.9999999999999998, 3.0, 1.9999999999999998, 1.9999999999999998, 3.0, 1.2, 1.2, 1.2, 1.9999999999999998, 1.2, 1.9999999999999998, 1.2, 1.2]
T = 0.022517998136852502	 step = 695
74.46000000000004
13.400642755681815
[13.0, 35.0, 17.0, 10.0, 18.0, 5.0, 9.0, 6.0, 22.0, 16.0, 33.0, 12.0, 20.0, 38.0, 24.0, 8.0, 31.0, 3.0, 25.0, 7.0, 38.0, 38.0, 28.0, 21.0, 23.0, 2.0, 13.0, 15.0]
[8.0, 15.0, 12.0, 15.0, 18.0, 24.0, 9.0, 12.0, 5.0, 23.0, 6.0, 33.0, 33.0, 33.0, 26.0, 2.0, 27.0, 32.0, 30.0, 19.0, 37.0, 23.0, 13.0, 13.0, 19.0, 28.0, 18.0, 2.0]
[3.5, 3.5, 2.5, 2.5, 3.5, 2.5, 2.5, 2.5, 5.0, 5.0, 9.0, 9.0, 3.0, 1.9999999999999998, 1.9999999999999998, 3.0, 1.9999999999999998, 3.0, 3.0, 1.9999999999999998, 1.9999999999999998, 1.9999999999999998, 1.9999999999999998, 1.2, 1.9999999999999998, 1.2, 1.9999999999999998, 1.9999999999999998]
[2.5, 2.5, 3.5, 3.5, 2.5, 3.5, 3.5, 3.5, 5.0, 5.0, 9.0, 9.0, 1.9999999999999998, 3.0, 3.0, 1.9999999999999998, 3.0, 1.9999999999999998, 1.9999999999999998, 3.0, 1.2, 1.2, 1.2, 1.9999999999999998, 1.2, 1.9999999999999998, 1.2, 1.2]
T = 0.022517998136852502	 step = 696
74.43
13.385017755681815
[13.0, 35.0, 17.0, 10.0, 18.0, 5.0, 9.0, 6.0, 22.0, 16.0, 33.0, 12.0, 20.0, 38.0, 24.0, 8.0, 31.0, 3.0, 25.0, 7.0, 38.0, 38.0, 28.0, 21.0, 23.0, 2.0, 13.0, 15.0]
[8.0, 15.0, 12.0, 15.0, 18.0, 24.0, 9.0, 11.0, 5.0, 23.0, 6.0, 33.0, 33.0, 33.0, 26.0, 2.0, 27.0, 32.0, 30.0, 19.0, 37.0, 23.0, 13.0, 13.0, 19.0, 28.0, 18.0, 2.0]
[3.5, 3.5, 2.5, 2.5, 3.5, 2.5, 2.5, 2.5, 5.0, 5.0, 9.0, 9.0, 3.0, 1.9999999999999998, 1.9999999999999998, 3.0, 1.9999999999999998, 3.0, 3.0, 1.9999999999999998, 1.9999999999999998, 1.9999999999999998, 1.9999999999999998, 1.2, 1.9999999999999998, 1.2, 1.9999999999999998, 1.9999999999999998]
[2.5, 2.5, 3.5, 3.5, 2.5, 3.5, 3.5, 3.5, 5.0, 5.0, 9.0, 9.0, 1.9999999999999998, 3.0, 3.0, 1.9999999999999998, 3.0, 1.9999999999999998, 1.9999999999999998, 3.0, 1.2, 1.2, 1.2, 1.9999999999999998, 1.2, 1.9999999999999998, 1.2, 1.2]
T = 0.022517998136852502	 step = 697
74.40000000000003
13.431892755681817
[13.0, 35.0, 17.0, 10.0, 18.0, 5.0, 9.0, 6.0, 22.0, 16.0, 33.0, 12.0, 20.0, 38.0, 24.0, 8.0, 31.0, 3.0, 25.0, 7.0, 38.0, 38.0, 28.0, 21.0, 23.0, 2.0, 13.0, 15.0]
[7.0, 15.0, 12.0, 15.0, 18.0, 24.0, 9.0, 11.0, 5.0, 23.0, 6.0, 33.0, 33.0, 33.0, 26.0, 2.0, 27.0, 32.0, 30.0, 19.0, 37.0, 23.0, 13.0, 13.0, 19.0, 28.0, 18.0, 2.0]
[3.5, 3.5, 2.5, 2.5, 3.5, 2.5, 2.5, 2.5, 5.0, 5.0, 9.0, 9.0, 3.0, 1.9999999999999998, 1.9999999999999998, 3.0, 1.9999999999999998, 3.0, 3.0, 1.9999999999999998, 1.9999999999999998, 1.9999999999999998, 1.9999999999999998, 1.2, 1.9999999999999998, 1.2, 1.9999999999999998, 1.9999999999999998]
[2.5, 2.5, 3.5, 3.5, 2.5, 3.5, 3.5, 3.5, 5.0, 5.0, 9.0, 9.0, 1.9999999999999998, 3.0, 3.0, 1.9999999999999998, 3.0, 1.9999999999999998, 1.9999999999999998, 3.0, 1.2, 1.2, 1.2, 1.9999999999999998, 1.2, 1.9999999999999998, 1.2, 1.2]
T = 0.022517998136852502	 step = 698
74.41000000000003
13.400642755681815
[13.0, 35.0, 17.0, 10.0, 18.0, 5.0, 9.0, 6.0, 22.0, 16.0, 33.0, 12.0, 20.0, 38.0, 24.0, 8.0, 31.0, 3.0, 25.0, 7.0, 38.0, 38.0, 28.0, 21.0, 23.0, 2.0, 13.0, 15.0]
[7.0, 15.0, 12.0, 15.0, 18.0, 24.0, 9.0, 11.0, 5.0, 23.0, 6.0, 33.0, 33.0, 33.0, 26.0, 2.0, 27.0, 31.0, 30.0, 19.0, 37.0, 23.0, 13.0, 13.0, 19.0, 28.0, 18.0, 2.0]
[3.5, 3.5, 2.5, 2.5, 3.5, 2.5, 2.5, 2.5, 5.0, 5.0, 9.0, 9.0, 3.0, 1.9999999999999998, 1.9999999999999998, 3.0, 1.9999999999999998, 3.0, 3.0, 1.9999999999999998, 1.9999999999999998, 1.9999999999999998, 1.9999999999999998, 1.2, 1.9999999999999998, 1.2, 1.9999999999999998, 1.9999999999999998]
[2.5, 2.5, 3.5, 3.5, 2.5, 3.5, 3.5, 3.5, 5.0, 5.0, 9.0, 9.0, 1.9999999999999998, 3.0, 3.0, 1.9999999999999998, 3.0, 1.9999999999999998, 1.9999999999999998, 3.0, 1.2, 1.2, 1.2, 1.9999999999999998, 1.2, 1.9999999999999998, 1.2, 1.2]
T = 0.022517998136852502	 step = 699
74.39000000000004
13.101012073863636
[13.0, 35.0, 17.0, 10.0, 18.0, 5.0, 9.0, 6.0, 22.0, 16.0, 33.0, 12.0, 20.0, 38.0, 24.0, 8.0, 31.0, 3.0, 28.0, 7.0, 38.0, 38.0, 28.0, 21.0, 23.0, 2.0, 13.0, 15.0]
[7.0, 15.0, 12.0, 15.0, 18.0, 24.0, 9.0, 11.0, 5.0, 23.0, 6.0, 33.0, 33.0, 33.0, 26.0, 2.0, 27.0, 31.0, 17.0, 19.0, 37.0, 23.0, 13.0, 13.0, 19.0, 28.0, 18.0, 2.0]
[3.5, 3.5, 2.5, 2.5, 3.5, 2.5, 2.5, 2.5, 5.0, 5.0, 9.0, 9.0, 3.0, 1.9999999999999998, 1.9999999999999998, 3.0, 1.9999999999999998, 3.0, 3.0, 1.9999999999999998, 1.9999999999999998, 1.9999999999999998, 1.9999999999999998, 1.2, 1.9999999999999998, 1.2, 1.9999999999999998, 1.9999999999999998]
[2.5, 2.5, 3.5, 3.5, 2.5, 3.5, 3.5, 3.5, 5.0, 5.0, 9.0, 9.0, 1.9999999999999998, 3.0, 3.0, 1.9999999999999998, 3.0, 1.9999999999999998, 1.9999999999999998, 3.0, 1.2, 1.2, 1.2, 1.9999999999999998, 1.2, 1.9999999999999998, 1.2, 1.2]
T = 0.022517998136852502	 step = 700
74.35000000000002
13.151044034090908
[13.0, 35.0, 17.0, 10.0, 18.0, 5.0, 9.0, 6.0, 22.0, 16.0, 33.0, 12.0, 20.0, 38.0, 24.0, 8.0, 31.0, 3.0, 28.0, 7.0, 38.0, 38.0, 28.0, 21.0, 23.0, 2.0, 13.0, 15.0]
[6.0, 15.0, 12.0, 15.0, 18.0, 24.0, 9.0, 11.0, 5.0, 23.0, 6.0, 33.0, 33.0, 33.0, 26.0, 2.0, 27.0, 31.0, 17.0, 19.0, 37.0, 23.0, 13.0, 13.0, 19.0, 28.0, 18.0, 2.0]
[3.5, 3.5, 2.5, 2.5, 3.5, 2.5, 2.5, 2.5, 5.0, 5.0, 9.0, 9.0, 3.0, 1.9999999999999998, 1.9999999999999998, 3.0, 1.9999999999999998, 3.0, 3.0, 1.9999999999999998, 1.9999999999999998, 1.9999999999999998, 1.9999999999999998, 1.2, 1.9999999999999998, 1.2, 1.9999999999999998, 1.9999999999999998]
[2.5, 2.5, 3.5, 3.5, 2.5, 3.5, 3.5, 3.5, 5.0, 5.0, 9.0, 9.0, 1.9999999999999998, 3.0, 3.0, 1.9999999999999998, 3.0, 1.9999999999999998, 1.9999999999999998, 3.0, 1.2, 1.2, 1.2, 1.9999999999999998, 1.2, 1.9999999999999998, 1.2, 1.2]
T = 0.022517998136852502	 step = 701
74.36000000000001
13.154296874999998
[13.0, 35.0, 17.0, 10.0, 18.0, 5.0, 9.0, 6.0, 22.0, 16.0, 33.0, 12.0, 20.0, 38.0, 24.0, 8.0, 31.0, 3.0, 28.0, 7.0, 38.0, 38.0, 28.0, 21.0, 23.0, 3.0, 13.0, 15.0]
[6.0, 15.0, 12.0, 15.0, 18.0, 24.0, 9.0, 11.0, 5.0, 23.0, 6.0, 33.0, 33.0, 33.0, 26.0, 2.0, 27.0, 31.0, 17.0, 19.0, 37.0, 23.0, 13.0, 13.0, 19.0, 28.0, 18.0, 2.0]
[3.5, 3.5, 2.5, 2.5, 3.5, 2.5, 2.5, 2.5, 5.0, 5.0, 9.0, 9.0, 3.0, 1.9999999999999998, 1.9999999999999998, 3.0, 1.9999999999999998, 3.0, 3.0, 1.9999999999999998, 1.9999999999999998, 1.9999999999999998, 1.9999999999999998, 1.2, 1.9999999999999998, 1.2, 1.9999999999999998, 1.9999999999999998]
[2.5, 2.5, 3.5, 3.5, 2.5, 3.5, 3.5, 3.5, 5.0, 5.0, 9.0, 9.0, 1.9999999999999998, 3.0, 3.0, 1.9999999999999998, 3.0, 1.9999999999999998, 1.9999999999999998, 3.0, 1.2, 1.2, 1.2, 1.9999999999999998, 1.2, 1.9999999999999998, 1.2, 1.2]
T = 0.022517998136852502	 step = 702
74.34000000000003
13.15705255681818
[13.0, 35.0, 17.0, 10.0, 18.0, 5.0, 9.0, 6.0, 22.0, 16.0, 33.0, 12.0, 20.0, 38.0, 24.0, 8.0, 31.0, 3.0, 28.0, 7.0, 38.0, 38.0, 28.0, 21.0, 23.0, 3.0, 13.0, 15.0]
[6.0, 15.0, 12.0, 15.0, 18.0, 24.0, 9.0, 11.0, 5.0, 23.0, 6.0, 33.0, 33.0, 33.0, 26.0, 2.0, 27.0, 31.0, 17.0, 19.0, 37.0, 23.0, 13.0, 13.0, 19.0, 28.0, 17.0, 2.0]
[3.5, 3.5, 2.5, 2.5, 3.5, 2.5, 2.5, 2.5, 5.0, 5.0, 9.0, 9.0, 3.0, 1.9999999999999998, 1.9999999999999998, 3.0, 1.9999999999999998, 3.0, 3.0, 1.9999999999999998, 1.9999999999999998, 1.9999999999999998, 1.9999999999999998, 1.2, 1.9999999999999998, 1.2, 1.9999999999999998, 1.9999999999999998]
[2.5, 2.5, 3.5, 3.5, 2.5, 3.5, 3.5, 3.5, 5.0, 5.0, 9.0, 9.0, 1.9999999999999998, 3.0, 3.0, 1.9999999999999998, 3.0, 1.9999999999999998, 1.9999999999999998, 3.0, 1.2, 1.2, 1.2, 1.9999999999999998, 1.2, 1.9999999999999998, 1.2, 1.2]
T = 0.022517998136852502	 step = 703
74.23000000000002
13.14142755681818
[13.0, 35.0, 17.0, 10.0, 18.0, 5.0, 9.0, 6.0, 22.0, 16.0, 33.0, 12.0, 20.0, 38.0, 24.0, 8.0, 31.0, 3.0, 28.0, 7.0, 38.0, 38.0, 28.0, 21.0, 23.0, 3.0, 13.0, 15.0]
[6.0, 15.0, 12.0, 15.0, 17.0, 24.0, 9.0, 11.0, 5.0, 23.0, 6.0, 33.0, 33.0, 33.0, 26.0, 2.0, 27.0, 31.0, 17.0, 19.0, 37.0, 23.0, 13.0, 13.0, 19.0, 28.0, 17.0, 2.0]
[3.5, 3.5, 2.5, 2.5, 3.5, 2.5, 2.5, 2.5, 5.0, 5.0, 9.0, 9.0, 3.0, 1.9999999999999998, 1.9999999999999998, 3.0, 1.9999999999999998, 3.0, 3.0, 1.9999999999999998, 1.9999999999999998, 1.9999999999999998, 1.9999999999999998, 1.2, 1.9999999999999998, 1.2, 1.9999999999999998, 1.9999999999999998]
[2.5, 2.5, 3.5, 3.5, 2.5, 3.5, 3.5, 3.5, 5.0, 5.0, 9.0, 9.0, 1.9999999999999998, 3.0, 3.0, 1.9999999999999998, 3.0, 1.9999999999999998, 1.9999999999999998, 3.0, 1.2, 1.2, 1.2, 1.9999999999999998, 1.2, 1.9999999999999998, 1.2, 1.2]
T = 0.022517998136852502	 step = 704
74.23000000000002
13.15705255681818
[13.0, 35.0, 17.0, 10.0, 18.0, 5.0, 9.0, 6.0, 22.0, 16.0, 33.0, 12.0, 20.0, 38.0, 24.0, 8.0, 31.0, 3.0, 28.0, 7.0, 38.0, 38.0, 28.0, 21.0, 23.0, 3.0, 13.0, 15.0]
[6.0, 15.0, 12.0, 15.0, 17.0, 24.0, 9.0, 11.0, 5.0, 23.0, 6.0, 33.0, 33.0, 33.0, 26.0, 2.0, 27.0, 31.0, 17.0, 19.0, 37.0, 23.0, 13.0, 13.0, 18.0, 28.0, 17.0, 2.0]
[3.5, 3.5, 2.5, 2.5, 3.5, 2.5, 2.5, 2.5, 5.0, 5.0, 9.0, 9.0, 3.0, 1.9999999999999998, 1.9999999999999998, 3.0, 1.9999999999999998, 3.0, 3.0, 1.9999999999999998, 1.9999999999999998, 1.9999999999999998, 1.9999999999999998, 1.2, 1.9999999999999998, 1.2, 1.9999999999999998, 1.9999999999999998]
[2.5, 2.5, 3.5, 3.5, 2.5, 3.5, 3.5, 3.5, 5.0, 5.0, 9.0, 9.0, 1.9999999999999998, 3.0, 3.0, 1.9999999999999998, 3.0, 1.9999999999999998, 1.9999999999999998, 3.0, 1.2, 1.2, 1.2, 1.9999999999999998, 1.2, 1.9999999999999998, 1.2, 1.2]
T = 0.022517998136852502	 step = 705
74.24000000000001
13.15705255681818
[13.0, 35.0, 17.0, 10.0, 18.0, 5.0, 9.0, 6.0, 21.0, 16.0, 33.0, 12.0, 20.0, 38.0, 24.0, 8.0, 31.0, 3.0, 28.0, 7.0, 38.0, 38.0, 28.0, 21.0, 23.0, 3.0, 13.0, 15.0]
[6.0, 15.0, 12.0, 15.0, 17.0, 24.0, 9.0, 11.0, 5.0, 23.0, 6.0, 33.0, 33.0, 33.0, 26.0, 2.0, 27.0, 31.0, 17.0, 19.0, 37.0, 23.0, 13.0, 13.0, 18.0, 28.0, 17.0, 2.0]
[3.5, 3.5, 2.5, 2.5, 3.5, 2.5, 2.5, 2.5, 5.0, 5.0, 9.0, 9.0, 3.0, 1.9999999999999998, 1.9999999999999998, 3.0, 1.9999999999999998, 3.0, 3.0, 1.9999999999999998, 1.9999999999999998, 1.9999999999999998, 1.9999999999999998, 1.2, 1.9999999999999998, 1.2, 1.9999999999999998, 1.9999999999999998]
[2.5, 2.5, 3.5, 3.5, 2.5, 3.5, 3.5, 3.5, 5.0, 5.0, 9.0, 9.0, 1.9999999999999998, 3.0, 3.0, 1.9999999999999998, 3.0, 1.9999999999999998, 1.9999999999999998, 3.0, 1.2, 1.2, 1.2, 1.9999999999999998, 1.2, 1.9999999999999998, 1.2, 1.2]
T = 0.022517998136852502	 step = 706
74.26000000000005
13.17267755681818
[13.0, 35.0, 17.0, 10.0, 18.0, 5.0, 9.0, 6.0, 21.0, 16.0, 33.0, 12.0, 20.0, 38.0, 24.0, 8.0, 31.0, 3.0, 28.0, 7.0, 38.0, 38.0, 28.0, 21.0, 23.0, 3.0, 13.0, 15.0]
[6.0, 15.0, 12.0, 15.0, 17.0, 24.0, 9.0, 12.0, 5.0, 23.0, 6.0, 33.0, 33.0, 33.0, 26.0, 2.0, 27.0, 31.0, 17.0, 19.0, 37.0, 23.0, 13.0, 13.0, 18.0, 28.0, 17.0, 2.0]
[3.5, 3.5, 2.5, 2.5, 3.5, 2.5, 2.5, 2.5, 5.0, 5.0, 9.0, 9.0, 3.0, 1.9999999999999998, 1.9999999999999998, 3.0, 1.9999999999999998, 3.0, 3.0, 1.9999999999999998, 1.9999999999999998, 1.9999999999999998, 1.9999999999999998, 1.2, 1.9999999999999998, 1.2, 1.9999999999999998, 1.9999999999999998]
[2.5, 2.5, 3.5, 3.5, 2.5, 3.5, 3.5, 3.5, 5.0, 5.0, 9.0, 9.0, 1.9999999999999998, 3.0, 3.0, 1.9999999999999998, 3.0, 1.9999999999999998, 1.9999999999999998, 3.0, 1.2, 1.2, 1.2, 1.9999999999999998, 1.2, 1.9999999999999998, 1.2, 1.2]
T = 0.022517998136852502	 step = 707
74.29000000000002
13.15705255681818
[13.0, 35.0, 17.0, 10.0, 17.0, 5.0, 9.0, 6.0, 21.0, 16.0, 33.0, 12.0, 20.0, 38.0, 24.0, 8.0, 31.0, 3.0, 28.0, 7.0, 38.0, 38.0, 28.0, 21.0, 23.0, 3.0, 13.0, 15.0]
[6.0, 15.0, 12.0, 15.0, 17.0, 24.0, 9.0, 12.0, 5.0, 23.0, 6.0, 33.0, 33.0, 33.0, 26.0, 2.0, 27.0, 31.0, 17.0, 19.0, 37.0, 23.0, 13.0, 13.0, 18.0, 28.0, 17.0, 2.0]
[3.5, 3.5, 2.5, 2.5, 3.5, 2.5, 2.5, 2.5, 5.0, 5.0, 9.0, 9.0, 3.0, 1.9999999999999998, 1.9999999999999998, 3.0, 1.9999999999999998, 3.0, 3.0, 1.9999999999999998, 1.9999999999999998, 1.9999999999999998, 1.9999999999999998, 1.2, 1.9999999999999998, 1.2, 1.9999999999999998, 1.9999999999999998]
[2.5, 2.5, 3.5, 3.5, 2.5, 3.5, 3.5, 3.5, 5.0, 5.0, 9.0, 9.0, 1.9999999999999998, 3.0, 3.0, 1.9999999999999998, 3.0, 1.9999999999999998, 1.9999999999999998, 3.0, 1.2, 1.2, 1.2, 1.9999999999999998, 1.2, 1.9999999999999998, 1.2, 1.2]
T = 0.022517998136852502	 step = 708
74.28000000000003
13.14142755681818
[13.0, 35.0, 17.0, 10.0, 17.0, 5.0, 9.0, 6.0, 21.0, 16.0, 33.0, 12.0, 20.0, 38.0, 24.0, 8.0, 31.0, 3.0, 28.0, 7.0, 38.0, 38.0, 28.0, 21.0, 24.0, 3.0, 13.0, 15.0]
[6.0, 15.0, 12.0, 15.0, 17.0, 24.0, 9.0, 12.0, 5.0, 23.0, 6.0, 33.0, 33.0, 33.0, 26.0, 2.0, 27.0, 31.0, 17.0, 19.0, 37.0, 23.0, 13.0, 13.0, 18.0, 28.0, 17.0, 2.0]
[3.5, 3.5, 2.5, 2.5, 3.5, 2.5, 2.5, 2.5, 5.0, 5.0, 9.0, 9.0, 3.0, 1.9999999999999998, 1.9999999999999998, 3.0, 1.9999999999999998, 3.0, 3.0, 1.9999999999999998, 1.9999999999999998, 1.9999999999999998, 1.9999999999999998, 1.2, 1.9999999999999998, 1.2, 1.9999999999999998, 1.9999999999999998]
[2.5, 2.5, 3.5, 3.5, 2.5, 3.5, 3.5, 3.5, 5.0, 5.0, 9.0, 9.0, 1.9999999999999998, 3.0, 3.0, 1.9999999999999998, 3.0, 1.9999999999999998, 1.9999999999999998, 3.0, 1.2, 1.2, 1.2, 1.9999999999999998, 1.2, 1.9999999999999998, 1.2, 1.2]
T = 0.022517998136852502	 step = 709
74.28000000000003
13.11017755681818
[13.0, 35.0, 17.0, 10.0, 17.0, 5.0, 9.0, 6.0, 21.0, 16.0, 33.0, 12.0, 20.0, 38.0, 24.0, 8.0, 31.0, 3.0, 28.0, 7.0, 38.0, 38.0, 28.0, 21.0, 24.0, 3.0, 13.0, 15.0]
[6.0, 15.0, 12.0, 15.0, 17.0, 24.0, 9.0, 12.0, 5.0, 23.0, 6.0, 33.0, 33.0, 32.0, 26.0, 2.0, 27.0, 31.0, 17.0, 19.0, 37.0, 23.0, 13.0, 13.0, 18.0, 28.0, 17.0, 2.0]
[3.5, 3.5, 2.5, 2.5, 3.5, 2.5, 2.5, 2.5, 5.0, 5.0, 9.0, 9.0, 3.0, 1.9999999999999998, 1.9999999999999998, 3.0, 1.9999999999999998, 3.0, 3.0, 1.9999999999999998, 1.9999999999999998, 1.9999999999999998, 1.9999999999999998, 1.2, 1.9999999999999998, 1.2, 1.9999999999999998, 1.9999999999999998]
[2.5, 2.5, 3.5, 3.5, 2.5, 3.5, 3.5, 3.5, 5.0, 5.0, 9.0, 9.0, 1.9999999999999998, 3.0, 3.0, 1.9999999999999998, 3.0, 1.9999999999999998, 1.9999999999999998, 3.0, 1.2, 1.2, 1.2, 1.9999999999999998, 1.2, 1.9999999999999998, 1.2, 1.2]
T = 0.022517998136852502	 step = 710
74.28000000000003
13.081413352272726
[13.0, 35.0, 17.0, 10.0, 17.0, 5.0, 9.0, 6.0, 21.0, 16.0, 33.0, 12.0, 20.0, 38.0, 24.0, 9.0, 31.0, 3.0, 28.0, 7.0, 38.0, 38.0, 28.0, 21.0, 24.0, 3.0, 13.0, 15.0]
[6.0, 15.0, 12.0, 15.0, 17.0, 24.0, 9.0, 12.0, 5.0, 23.0, 6.0, 33.0, 33.0, 32.0, 26.0, 2.0, 27.0, 31.0, 17.0, 19.0, 37.0, 23.0, 13.0, 13.0, 18.0, 28.0, 17.0, 2.0]
[3.5, 3.5, 2.5, 2.5, 3.5, 2.5, 2.5, 2.5, 5.0, 5.0, 9.0, 9.0, 3.0, 1.9999999999999998, 1.9999999999999998, 3.0, 1.9999999999999998, 3.0, 3.0, 1.9999999999999998, 1.9999999999999998, 1.9999999999999998, 1.9999999999999998, 1.2, 1.9999999999999998, 1.2, 1.9999999999999998, 1.9999999999999998]
[2.5, 2.5, 3.5, 3.5, 2.5, 3.5, 3.5, 3.5, 5.0, 5.0, 9.0, 9.0, 1.9999999999999998, 3.0, 3.0, 1.9999999999999998, 3.0, 1.9999999999999998, 1.9999999999999998, 3.0, 1.2, 1.2, 1.2, 1.9999999999999998, 1.2, 1.9999999999999998, 1.2, 1.2]
T = 0.022517998136852502	 step = 711
74.24000000000001
13.097038352272726
[13.0, 35.0, 17.0, 10.0, 17.0, 5.0, 9.0, 6.0, 21.0, 16.0, 33.0, 12.0, 20.0, 38.0, 24.0, 9.0, 31.0, 3.0, 28.0, 7.0, 38.0, 38.0, 28.0, 21.0, 24.0, 3.0, 13.0, 15.0]
[6.0, 15.0, 12.0, 14.0, 17.0, 24.0, 9.0, 12.0, 5.0, 23.0, 6.0, 33.0, 33.0, 32.0, 26.0, 2.0, 27.0, 31.0, 17.0, 19.0, 37.0, 23.0, 13.0, 13.0, 18.0, 28.0, 17.0, 2.0]
[3.5, 3.5, 2.5, 2.5, 3.5, 2.5, 2.5, 2.5, 5.0, 5.0, 9.0, 9.0, 3.0, 1.9999999999999998, 1.9999999999999998, 3.0, 1.9999999999999998, 3.0, 3.0, 1.9999999999999998, 1.9999999999999998, 1.9999999999999998, 1.9999999999999998, 1.2, 1.9999999999999998, 1.2, 1.9999999999999998, 1.9999999999999998]
[2.5, 2.5, 3.5, 3.5, 2.5, 3.5, 3.5, 3.5, 5.0, 5.0, 9.0, 9.0, 1.9999999999999998, 3.0, 3.0, 1.9999999999999998, 3.0, 1.9999999999999998, 1.9999999999999998, 3.0, 1.2, 1.2, 1.2, 1.9999999999999998, 1.2, 1.9999999999999998, 1.2, 1.2]
T = 0.022517998136852502	 step = 712
74.30000000000001
13.050163352272726
[13.0, 35.0, 17.0, 10.0, 17.0, 5.0, 9.0, 6.0, 21.0, 16.0, 33.0, 12.0, 20.0, 38.0, 24.0, 9.0, 31.0, 3.0, 28.0, 7.0, 38.0, 38.0, 28.0, 21.0, 24.0, 3.0, 13.0, 15.0]
[6.0, 15.0, 12.0, 15.0, 17.0, 24.0, 9.0, 12.0, 5.0, 23.0, 6.0, 33.0, 33.0, 32.0, 26.0, 3.0, 27.0, 31.0, 17.0, 19.0, 37.0, 23.0, 13.0, 13.0, 18.0, 28.0, 17.0, 2.0]
[3.5, 3.5, 2.5, 2.5, 3.5, 2.5, 2.5, 2.5, 5.0, 5.0, 9.0, 9.0, 3.0, 1.9999999999999998, 1.9999999999999998, 3.0, 1.9999999999999998, 3.0, 3.0, 1.9999999999999998, 1.9999999999999998, 1.9999999999999998, 1.9999999999999998, 1.2, 1.9999999999999998, 1.2, 1.9999999999999998, 1.9999999999999998]
[2.5, 2.5, 3.5, 3.5, 2.5, 3.5, 3.5, 3.5, 5.0, 5.0, 9.0, 9.0, 1.9999999999999998, 3.0, 3.0, 1.9999999999999998, 3.0, 1.9999999999999998, 1.9999999999999998, 3.0, 1.2, 1.2, 1.2, 1.9999999999999998, 1.2, 1.9999999999999998, 1.2, 1.2]
T = 0.022517998136852502	 step = 713
74.27000000000004
13.097038352272726
[13.0, 35.0, 17.0, 10.0, 17.0, 5.0, 9.0, 6.0, 21.0, 16.0, 33.0, 12.0, 20.0, 38.0, 24.0, 9.0, 31.0, 3.0, 28.0, 7.0, 38.0, 38.0, 28.0, 21.0, 24.0, 3.0, 13.0, 15.0]
[6.0, 15.0, 12.0, 15.0, 17.0, 24.0, 8.0, 12.0, 5.0, 23.0, 6.0, 33.0, 33.0, 32.0, 26.0, 3.0, 27.0, 31.0, 17.0, 19.0, 37.0, 23.0, 13.0, 13.0, 18.0, 28.0, 17.0, 2.0]
[3.5, 3.5, 2.5, 2.5, 3.5, 2.5, 2.5, 2.5, 5.0, 5.0, 9.0, 9.0, 3.0, 1.9999999999999998, 1.9999999999999998, 3.0, 1.9999999999999998, 3.0, 3.0, 1.9999999999999998, 1.9999999999999998, 1.9999999999999998, 1.9999999999999998, 1.2, 1.9999999999999998, 1.2, 1.9999999999999998, 1.9999999999999998]
[2.5, 2.5, 3.5, 3.5, 2.5, 3.5, 3.5, 3.5, 5.0, 5.0, 9.0, 9.0, 1.9999999999999998, 3.0, 3.0, 1.9999999999999998, 3.0, 1.9999999999999998, 1.9999999999999998, 3.0, 1.2, 1.2, 1.2, 1.9999999999999998, 1.2, 1.9999999999999998, 1.2, 1.2]
T = 0.022517998136852502	 step = 714
74.27000000000004
13.12580255681818
[13.0, 35.0, 17.0, 10.0, 17.0, 5.0, 9.0, 6.0, 21.0, 16.0, 33.0, 12.0, 20.0, 38.0, 24.0, 8.0, 31.0, 3.0, 28.0, 7.0, 38.0, 38.0, 28.0, 21.0, 24.0, 3.0, 13.0, 15.0]
[6.0, 15.0, 12.0, 15.0, 17.0, 24.0, 8.0, 12.0, 5.0, 23.0, 6.0, 33.0, 33.0, 32.0, 26.0, 3.0, 27.0, 31.0, 17.0, 19.0, 37.0, 23.0, 13.0, 13.0, 18.0, 28.0, 17.0, 2.0]
[3.5, 3.5, 2.5, 2.5, 3.5, 2.5, 2.5, 2.5, 5.0, 5.0, 9.0, 9.0, 3.0, 1.9999999999999998, 1.9999999999999998, 3.0, 1.9999999999999998, 3.0, 3.0, 1.9999999999999998, 1.9999999999999998, 1.9999999999999998, 1.9999999999999998, 1.2, 1.9999999999999998, 1.2, 1.9999999999999998, 1.9999999999999998]
[2.5, 2.5, 3.5, 3.5, 2.5, 3.5, 3.5, 3.5, 5.0, 5.0, 9.0, 9.0, 1.9999999999999998, 3.0, 3.0, 1.9999999999999998, 3.0, 1.9999999999999998, 1.9999999999999998, 3.0, 1.2, 1.2, 1.2, 1.9999999999999998, 1.2, 1.9999999999999998, 1.2, 1.2]
T = 0.022517998136852502	 step = 715
74.26000000000005
13.15705255681818
[13.0, 35.0, 17.0, 10.0, 17.0, 5.0, 9.0, 6.0, 21.0, 16.0, 33.0, 12.0, 20.0, 38.0, 24.0, 7.0, 31.0, 3.0, 28.0, 7.0, 38.0, 38.0, 28.0, 21.0, 24.0, 3.0, 13.0, 15.0]
[6.0, 15.0, 12.0, 15.0, 17.0, 24.0, 8.0, 12.0, 5.0, 23.0, 6.0, 33.0, 33.0, 32.0, 26.0, 3.0, 27.0, 31.0, 17.0, 19.0, 37.0, 23.0, 13.0, 13.0, 18.0, 28.0, 17.0, 2.0]
[3.5, 3.5, 2.5, 2.5, 3.5, 2.5, 2.5, 2.5, 5.0, 5.0, 9.0, 9.0, 3.0, 1.9999999999999998, 1.9999999999999998, 3.0, 1.9999999999999998, 3.0, 3.0, 1.9999999999999998, 1.9999999999999998, 1.9999999999999998, 1.9999999999999998, 1.2, 1.9999999999999998, 1.2, 1.9999999999999998, 1.9999999999999998]
[2.5, 2.5, 3.5, 3.5, 2.5, 3.5, 3.5, 3.5, 5.0, 5.0, 9.0, 9.0, 1.9999999999999998, 3.0, 3.0, 1.9999999999999998, 3.0, 1.9999999999999998, 1.9999999999999998, 3.0, 1.2, 1.2, 1.2, 1.9999999999999998, 1.2, 1.9999999999999998, 1.2, 1.2]
T = 0.022517998136852502	 step = 716
74.27000000000004
13.141341441761359
[13.0, 35.0, 17.0, 10.0, 17.0, 5.0, 9.0, 6.0, 21.0, 16.0, 33.0, 12.0, 20.0, 37.0, 24.0, 7.0, 31.0, 3.0, 28.0, 7.0, 38.0, 38.0, 28.0, 21.0, 24.0, 3.0, 13.0, 15.0]
[6.0, 15.0, 12.0, 15.0, 17.0, 24.0, 8.0, 12.0, 5.0, 23.0, 6.0, 33.0, 33.0, 32.0, 26.0, 3.0, 27.0, 31.0, 17.0, 19.0, 37.0, 23.0, 13.0, 13.0, 18.0, 28.0, 17.0, 2.0]
[3.5, 3.5, 2.5, 2.5, 3.5, 2.5, 2.5, 2.5, 5.0, 5.0, 9.0, 9.0, 3.0, 1.9999999999999998, 1.9999999999999998, 3.0, 1.9999999999999998, 3.0, 3.0, 1.9999999999999998, 1.9999999999999998, 1.9999999999999998, 1.9999999999999998, 1.2, 1.9999999999999998, 1.2, 1.9999999999999998, 1.9999999999999998]
[2.5, 2.5, 3.5, 3.5, 2.5, 3.5, 3.5, 3.5, 5.0, 5.0, 9.0, 9.0, 1.9999999999999998, 3.0, 3.0, 1.9999999999999998, 3.0, 1.9999999999999998, 1.9999999999999998, 3.0, 1.2, 1.2, 1.2, 1.9999999999999998, 1.2, 1.9999999999999998, 1.2, 1.2]
T = 0.022517998136852502	 step = 717
74.26000000000005
13.094466441761362
[13.0, 35.0, 18.0, 10.0, 17.0, 5.0, 9.0, 6.0, 21.0, 16.0, 33.0, 12.0, 20.0, 37.0, 24.0, 7.0, 31.0, 3.0, 28.0, 7.0, 38.0, 38.0, 28.0, 21.0, 24.0, 3.0, 13.0, 15.0]
[6.0, 15.0, 12.0, 15.0, 17.0, 24.0, 8.0, 12.0, 5.0, 23.0, 6.0, 33.0, 33.0, 32.0, 26.0, 3.0, 27.0, 31.0, 17.0, 19.0, 37.0, 23.0, 13.0, 13.0, 18.0, 28.0, 17.0, 2.0]
[3.5, 3.5, 2.5, 2.5, 3.5, 2.5, 2.5, 2.5, 5.0, 5.0, 9.0, 9.0, 3.0, 1.9999999999999998, 1.9999999999999998, 3.0, 1.9999999999999998, 3.0, 3.0, 1.9999999999999998, 1.9999999999999998, 1.9999999999999998, 1.9999999999999998, 1.2, 1.9999999999999998, 1.2, 1.9999999999999998, 1.9999999999999998]
[2.5, 2.5, 3.5, 3.5, 2.5, 3.5, 3.5, 3.5, 5.0, 5.0, 9.0, 9.0, 1.9999999999999998, 3.0, 3.0, 1.9999999999999998, 3.0, 1.9999999999999998, 1.9999999999999998, 3.0, 1.2, 1.2, 1.2, 1.9999999999999998, 1.2, 1.9999999999999998, 1.2, 1.2]
T = 0.022517998136852502	 step = 718
74.28000000000003
12.969466441761362
[13.0, 35.0, 18.0, 10.0, 17.0, 5.0, 9.0, 6.0, 21.0, 16.0, 32.0, 12.0, 20.0, 37.0, 24.0, 7.0, 31.0, 3.0, 28.0, 7.0, 38.0, 38.0, 28.0, 21.0, 24.0, 3.0, 13.0, 15.0]
[6.0, 15.0, 12.0, 15.0, 17.0, 24.0, 8.0, 12.0, 5.0, 23.0, 6.0, 33.0, 33.0, 32.0, 26.0, 3.0, 27.0, 31.0, 17.0, 19.0, 37.0, 23.0, 13.0, 13.0, 18.0, 28.0, 17.0, 2.0]
[3.5, 3.5, 2.5, 2.5, 3.5, 2.5, 2.5, 2.5, 5.0, 5.0, 9.0, 9.0, 3.0, 1.9999999999999998, 1.9999999999999998, 3.0, 1.9999999999999998, 3.0, 3.0, 1.9999999999999998, 1.9999999999999998, 1.9999999999999998, 1.9999999999999998, 1.2, 1.9999999999999998, 1.2, 1.9999999999999998, 1.9999999999999998]
[2.5, 2.5, 3.5, 3.5, 2.5, 3.5, 3.5, 3.5, 5.0, 5.0, 9.0, 9.0, 1.9999999999999998, 3.0, 3.0, 1.9999999999999998, 3.0, 1.9999999999999998, 1.9999999999999998, 3.0, 1.2, 1.2, 1.2, 1.9999999999999998, 1.2, 1.9999999999999998, 1.2, 1.2]
T = 0.022517998136852502	 step = 719
74.10000000000002
13.344466441761362
[13.0, 35.0, 18.0, 10.0, 17.0, 5.0, 9.0, 6.0, 21.0, 16.0, 32.0, 12.0, 20.0, 37.0, 24.0, 7.0, 31.0, 3.0, 28.0, 7.0, 38.0, 38.0, 28.0, 21.0, 24.0, 3.0, 3.0, 15.0]
[6.0, 15.0, 12.0, 15.0, 17.0, 24.0, 8.0, 12.0, 5.0, 23.0, 6.0, 33.0, 33.0, 32.0, 26.0, 3.0, 27.0, 31.0, 17.0, 19.0, 37.0, 23.0, 13.0, 13.0, 18.0, 28.0, 3.0, 2.0]
[3.5, 3.5, 2.5, 2.5, 3.5, 2.5, 2.5, 2.5, 5.0, 5.0, 9.0, 9.0, 3.0, 1.9999999999999998, 1.9999999999999998, 3.0, 1.9999999999999998, 3.0, 3.0, 1.9999999999999998, 1.9999999999999998, 1.9999999999999998, 1.9999999999999998, 1.2, 1.9999999999999998, 1.2, 1.2, 1.9999999999999998]
[2.5, 2.5, 3.5, 3.5, 2.5, 3.5, 3.5, 3.5, 5.0, 5.0, 9.0, 9.0, 1.9999999999999998, 3.0, 3.0, 1.9999999999999998, 3.0, 1.9999999999999998, 1.9999999999999998, 3.0, 1.2, 1.2, 1.2, 1.9999999999999998, 1.2, 1.9999999999999998, 1.9999999999999998, 1.2]
T = 0.022517998136852502	 step = 720
74.26000000000005
13.049937855113637
[13.0, 36.0, 18.0, 10.0, 17.0, 5.0, 9.0, 6.0, 21.0, 16.0, 32.0, 12.0, 20.0, 37.0, 24.0, 7.0, 31.0, 3.0, 28.0, 7.0, 38.0, 38.0, 28.0, 21.0, 24.0, 3.0, 13.0, 15.0]
[6.0, 15.0, 12.0, 15.0, 17.0, 24.0, 8.0, 12.0, 5.0, 23.0, 6.0, 33.0, 33.0, 32.0, 26.0, 3.0, 27.0, 31.0, 17.0, 19.0, 37.0, 23.0, 13.0, 13.0, 18.0, 28.0, 17.0, 2.0]
[3.5, 3.5, 2.5, 2.5, 3.5, 2.5, 2.5, 2.5, 5.0, 5.0, 9.0, 9.0, 3.0, 1.9999999999999998, 1.9999999999999998, 3.0, 1.9999999999999998, 3.0, 3.0, 1.9999999999999998, 1.9999999999999998, 1.9999999999999998, 1.9999999999999998, 1.2, 1.9999999999999998, 1.2, 1.9999999999999998, 1.9999999999999998]
[2.5, 2.5, 3.5, 3.5, 2.5, 3.5, 3.5, 3.5, 5.0, 5.0, 9.0, 9.0, 1.9999999999999998, 3.0, 3.0, 1.9999999999999998, 3.0, 1.9999999999999998, 1.9999999999999998, 3.0, 1.2, 1.2, 1.2, 1.9999999999999998, 1.2, 1.9999999999999998, 1.2, 1.2]
T = 0.022517998136852502	 step = 721
74.28000000000003
12.985091441761362
[13.0, 35.0, 18.0, 10.0, 17.0, 5.0, 9.0, 6.0, 21.0, 16.0, 32.0, 12.0, 20.0, 37.0, 24.0, 7.0, 31.0, 3.0, 28.0, 7.0, 38.0, 38.0, 28.0, 21.0, 24.0, 3.0, 13.0, 15.0]
[6.0, 16.0, 12.0, 15.0, 17.0, 24.0, 8.0, 12.0, 5.0, 23.0, 6.0, 33.0, 33.0, 32.0, 26.0, 3.0, 27.0, 31.0, 17.0, 19.0, 37.0, 23.0, 13.0, 13.0, 18.0, 28.0, 17.0, 2.0]
[3.5, 3.5, 2.5, 2.5, 3.5, 2.5, 2.5, 2.5, 5.0, 5.0, 9.0, 9.0, 3.0, 1.9999999999999998, 1.9999999999999998, 3.0, 1.9999999999999998, 3.0, 3.0, 1.9999999999999998, 1.9999999999999998, 1.9999999999999998, 1.9999999999999998, 1.2, 1.9999999999999998, 1.2, 1.9999999999999998, 1.9999999999999998]
[2.5, 2.5, 3.5, 3.5, 2.5, 3.5, 3.5, 3.5, 5.0, 5.0, 9.0, 9.0, 1.9999999999999998, 3.0, 3.0, 1.9999999999999998, 3.0, 1.9999999999999998, 1.9999999999999998, 3.0, 1.2, 1.2, 1.2, 1.9999999999999998, 1.2, 1.9999999999999998, 1.2, 1.2]
T = 0.018014398509482003	 step = 722
74.27000000000004
13.135296519886362
[13.0, 35.0, 18.0, 10.0, 17.0, 5.0, 9.0, 6.0, 21.0, 17.0, 32.0, 12.0, 20.0, 37.0, 24.0, 7.0, 31.0, 3.0, 28.0, 7.0, 38.0, 38.0, 28.0, 21.0, 24.0, 3.0, 13.0, 15.0]
[6.0, 16.0, 12.0, 15.0, 17.0, 24.0, 8.0, 12.0, 5.0, 23.0, 6.0, 33.0, 33.0, 32.0, 26.0, 3.0, 27.0, 31.0, 17.0, 19.0, 37.0, 23.0, 13.0, 13.0, 18.0, 28.0, 17.0, 2.0]
[3.5, 3.5, 2.5, 2.5, 3.5, 2.5, 2.5, 2.5, 5.0, 5.0, 9.0, 9.0, 3.0, 1.9999999999999998, 1.9999999999999998, 3.0, 1.9999999999999998, 3.0, 3.0, 1.9999999999999998, 1.9999999999999998, 1.9999999999999998, 1.9999999999999998, 1.2, 1.9999999999999998, 1.2, 1.9999999999999998, 1.9999999999999998]
[2.5, 2.5, 3.5, 3.5, 2.5, 3.5, 3.5, 3.5, 5.0, 5.0, 9.0, 9.0, 1.9999999999999998, 3.0, 3.0, 1.9999999999999998, 3.0, 1.9999999999999998, 1.9999999999999998, 3.0, 1.2, 1.2, 1.2, 1.9999999999999998, 1.2, 1.9999999999999998, 1.2, 1.2]
T = 0.018014398509482003	 step = 723
74.26000000000005
13.016341441761362
[13.0, 35.0, 18.0, 10.0, 17.0, 5.0, 9.0, 6.0, 21.0, 16.0, 32.0, 12.0, 20.0, 37.0, 24.0, 7.0, 32.0, 3.0, 28.0, 7.0, 38.0, 38.0, 28.0, 21.0, 24.0, 3.0, 13.0, 15.0]
[6.0, 16.0, 12.0, 15.0, 17.0, 24.0, 8.0, 12.0, 5.0, 23.0, 6.0, 33.0, 33.0, 32.0, 26.0, 3.0, 27.0, 31.0, 17.0, 19.0, 37.0, 23.0, 13.0, 13.0, 18.0, 28.0, 17.0, 2.0]
[3.5, 3.5, 2.5, 2.5, 3.5, 2.5, 2.5, 2.5, 5.0, 5.0, 9.0, 9.0, 3.0, 1.9999999999999998, 1.9999999999999998, 3.0, 1.9999999999999998, 3.0, 3.0, 1.9999999999999998, 1.9999999999999998, 1.9999999999999998, 1.9999999999999998, 1.2, 1.9999999999999998, 1.2, 1.9999999999999998, 1.9999999999999998]
[2.5, 2.5, 3.5, 3.5, 2.5, 3.5, 3.5, 3.5, 5.0, 5.0, 9.0, 9.0, 1.9999999999999998, 3.0, 3.0, 1.9999999999999998, 3.0, 1.9999999999999998, 1.9999999999999998, 3.0, 1.2, 1.2, 1.2, 1.9999999999999998, 1.2, 1.9999999999999998, 1.2, 1.2]
T = 0.018014398509482003	 step = 724
74.30000000000001
12.96630948153409
[13.0, 35.0, 18.0, 10.0, 17.0, 5.0, 9.0, 6.0, 21.0, 16.0, 32.0, 12.0, 20.0, 37.0, 24.0, 7.0, 32.0, 3.0, 28.0, 7.0, 38.0, 38.0, 28.0, 21.0, 24.0, 3.0, 13.0, 15.0]
[7.0, 16.0, 12.0, 15.0, 17.0, 24.0, 8.0, 12.0, 5.0, 23.0, 6.0, 33.0, 33.0, 32.0, 26.0, 3.0, 27.0, 31.0, 17.0, 19.0, 37.0, 23.0, 13.0, 13.0, 18.0, 28.0, 17.0, 2.0]
[3.5, 3.5, 2.5, 2.5, 3.5, 2.5, 2.5, 2.5, 5.0, 5.0, 9.0, 9.0, 3.0, 1.9999999999999998, 1.9999999999999998, 3.0, 1.9999999999999998, 3.0, 3.0, 1.9999999999999998, 1.9999999999999998, 1.9999999999999998, 1.9999999999999998, 1.2, 1.9999999999999998, 1.2, 1.9999999999999998, 1.9999999999999998]
[2.5, 2.5, 3.5, 3.5, 2.5, 3.5, 3.5, 3.5, 5.0, 5.0, 9.0, 9.0, 1.9999999999999998, 3.0, 3.0, 1.9999999999999998, 3.0, 1.9999999999999998, 1.9999999999999998, 3.0, 1.2, 1.2, 1.2, 1.9999999999999998, 1.2, 1.9999999999999998, 1.2, 1.2]
T = 0.018014398509482003	 step = 725
74.32000000000005
12.919576526988635
[13.0, 35.0, 18.0, 10.0, 17.0, 5.0, 9.0, 6.0, 21.0, 16.0, 32.0, 12.0, 20.0, 37.0, 24.0, 7.0, 32.0, 3.0, 28.0, 7.0, 38.0, 38.0, 28.0, 21.0, 24.0, 3.0, 13.0, 15.0]
[7.0, 16.0, 12.0, 15.0, 17.0, 24.0, 9.0, 12.0, 5.0, 23.0, 6.0, 33.0, 33.0, 32.0, 26.0, 3.0, 27.0, 31.0, 17.0, 19.0, 37.0, 23.0, 13.0, 13.0, 18.0, 28.0, 17.0, 2.0]
[3.5, 3.5, 2.5, 2.5, 3.5, 2.5, 2.5, 2.5, 5.0, 5.0, 9.0, 9.0, 3.0, 1.9999999999999998, 1.9999999999999998, 3.0, 1.9999999999999998, 3.0, 3.0, 1.9999999999999998, 1.9999999999999998, 1.9999999999999998, 1.9999999999999998, 1.2, 1.9999999999999998, 1.2, 1.9999999999999998, 1.9999999999999998]
[2.5, 2.5, 3.5, 3.5, 2.5, 3.5, 3.5, 3.5, 5.0, 5.0, 9.0, 9.0, 1.9999999999999998, 3.0, 3.0, 1.9999999999999998, 3.0, 1.9999999999999998, 1.9999999999999998, 3.0, 1.2, 1.2, 1.2, 1.9999999999999998, 1.2, 1.9999999999999998, 1.2, 1.2]
T = 0.018014398509482003	 step = 726
74.35000000000002
12.825826526988635
[13.0, 35.0, 18.0, 10.0, 17.0, 5.0, 9.0, 6.0, 21.0, 16.0, 32.0, 12.0, 20.0, 37.0, 24.0, 7.0, 32.0, 3.0, 28.0, 7.0, 34.0, 38.0, 28.0, 21.0, 24.0, 3.0, 13.0, 15.0]
[7.0, 16.0, 12.0, 15.0, 17.0, 24.0, 9.0, 12.0, 5.0, 23.0, 6.0, 33.0, 33.0, 32.0, 26.0, 3.0, 27.0, 31.0, 17.0, 19.0, 35.0, 23.0, 13.0, 13.0, 18.0, 28.0, 17.0, 2.0]
[3.5, 3.5, 2.5, 2.5, 3.5, 2.5, 2.5, 2.5, 5.0, 5.0, 9.0, 9.0, 3.0, 1.9999999999999998, 1.9999999999999998, 3.0, 1.9999999999999998, 3.0, 3.0, 1.9999999999999998, 1.9999999999999998, 1.9999999999999998, 1.9999999999999998, 1.2, 1.9999999999999998, 1.2, 1.9999999999999998, 1.9999999999999998]
[2.5, 2.5, 3.5, 3.5, 2.5, 3.5, 3.5, 3.5, 5.0, 5.0, 9.0, 9.0, 1.9999999999999998, 3.0, 3.0, 1.9999999999999998, 3.0, 1.9999999999999998, 1.9999999999999998, 3.0, 1.2, 1.2, 1.2, 1.9999999999999998, 1.2, 1.9999999999999998, 1.2, 1.2]
T = 0.018014398509482003	 step = 727
74.35000000000002
12.825826526988635
[13.0, 35.0, 18.0, 10.0, 17.0, 5.0, 9.0, 6.0, 21.0, 16.0, 32.0, 12.0, 21.0, 37.0, 24.0, 7.0, 32.0, 3.0, 28.0, 7.0, 34.0, 38.0, 28.0, 21.0, 24.0, 3.0, 13.0, 15.0]
[7.0, 16.0, 12.0, 15.0, 17.0, 24.0, 9.0, 12.0, 5.0, 23.0, 6.0, 33.0, 33.0, 32.0, 26.0, 3.0, 27.0, 31.0, 17.0, 19.0, 35.0, 23.0, 13.0, 13.0, 18.0, 28.0, 17.0, 2.0]
[3.5, 3.5, 2.5, 2.5, 3.5, 2.5, 2.5, 2.5, 5.0, 5.0, 9.0, 9.0, 3.0, 1.9999999999999998, 1.9999999999999998, 3.0, 1.9999999999999998, 3.0, 3.0, 1.9999999999999998, 1.9999999999999998, 1.9999999999999998, 1.9999999999999998, 1.2, 1.9999999999999998, 1.2, 1.9999999999999998, 1.9999999999999998]
[2.5, 2.5, 3.5, 3.5, 2.5, 3.5, 3.5, 3.5, 5.0, 5.0, 9.0, 9.0, 1.9999999999999998, 3.0, 3.0, 1.9999999999999998, 3.0, 1.9999999999999998, 1.9999999999999998, 3.0, 1.2, 1.2, 1.2, 1.9999999999999998, 1.2, 1.9999999999999998, 1.2, 1.2]
T = 0.018014398509482003	 step = 728
74.35000000000002
12.841451526988635
[13.0, 35.0, 18.0, 10.0, 17.0, 5.0, 9.0, 6.0, 21.0, 16.0, 32.0, 12.0, 21.0, 37.0, 24.0, 7.0, 32.0, 3.0, 28.0, 7.0, 34.0, 38.0, 28.0, 21.0, 24.0, 3.0, 13.0, 16.0]
[7.0, 16.0, 12.0, 15.0, 17.0, 24.0, 9.0, 12.0, 5.0, 23.0, 6.0, 33.0, 33.0, 32.0, 26.0, 3.0, 27.0, 31.0, 17.0, 19.0, 35.0, 23.0, 13.0, 13.0, 18.0, 28.0, 17.0, 2.0]
[3.5, 3.5, 2.5, 2.5, 3.5, 2.5, 2.5, 2.5, 5.0, 5.0, 9.0, 9.0, 3.0, 1.9999999999999998, 1.9999999999999998, 3.0, 1.9999999999999998, 3.0, 3.0, 1.9999999999999998, 1.9999999999999998, 1.9999999999999998, 1.9999999999999998, 1.2, 1.9999999999999998, 1.2, 1.9999999999999998, 1.9999999999999998]
[2.5, 2.5, 3.5, 3.5, 2.5, 3.5, 3.5, 3.5, 5.0, 5.0, 9.0, 9.0, 1.9999999999999998, 3.0, 3.0, 1.9999999999999998, 3.0, 1.9999999999999998, 1.9999999999999998, 3.0, 1.2, 1.2, 1.2, 1.9999999999999998, 1.2, 1.9999999999999998, 1.2, 1.2]
T = 0.018014398509482003	 step = 729
74.28000000000003
12.92778409090909
[13.0, 35.0, 18.0, 10.0, 17.0, 4.0, 9.0, 6.0, 21.0, 16.0, 32.0, 12.0, 21.0, 37.0, 24.0, 7.0, 32.0, 3.0, 28.0, 7.0, 34.0, 38.0, 28.0, 21.0, 24.0, 3.0, 13.0, 16.0]
[7.0, 16.0, 12.0, 15.0, 17.0, 24.0, 9.0, 12.0, 5.0, 23.0, 6.0, 33.0, 33.0, 32.0, 26.0, 3.0, 27.0, 31.0, 17.0, 19.0, 35.0, 23.0, 13.0, 13.0, 18.0, 28.0, 17.0, 2.0]
[3.5, 3.5, 2.5, 2.5, 3.5, 2.5, 2.5, 2.5, 5.0, 5.0, 9.0, 9.0, 3.0, 1.9999999999999998, 1.9999999999999998, 3.0, 1.9999999999999998, 3.0, 3.0, 1.9999999999999998, 1.9999999999999998, 1.9999999999999998, 1.9999999999999998, 1.2, 1.9999999999999998, 1.2, 1.9999999999999998, 1.9999999999999998]
[2.5, 2.5, 3.5, 3.5, 2.5, 3.5, 3.5, 3.5, 5.0, 5.0, 9.0, 9.0, 1.9999999999999998, 3.0, 3.0, 1.9999999999999998, 3.0, 1.9999999999999998, 1.9999999999999998, 3.0, 1.2, 1.2, 1.2, 1.9999999999999998, 1.2, 1.9999999999999998, 1.2, 1.2]
T = 0.018014398509482003	 step = 730
74.35000000000002
12.857076526988635
[13.0, 35.0, 18.0, 10.0, 17.0, 5.0, 9.0, 6.0, 21.0, 16.0, 32.0, 12.0, 21.0, 37.0, 24.0, 7.0, 32.0, 3.0, 28.0, 7.0, 34.0, 38.0, 28.0, 22.0, 24.0, 3.0, 13.0, 16.0]
[7.0, 16.0, 12.0, 15.0, 17.0, 24.0, 9.0, 12.0, 5.0, 23.0, 6.0, 33.0, 33.0, 32.0, 26.0, 3.0, 27.0, 31.0, 17.0, 19.0, 35.0, 23.0, 13.0, 13.0, 18.0, 28.0, 17.0, 2.0]
[3.5, 3.5, 2.5, 2.5, 3.5, 2.5, 2.5, 2.5, 5.0, 5.0, 9.0, 9.0, 3.0, 1.9999999999999998, 1.9999999999999998, 3.0, 1.9999999999999998, 3.0, 3.0, 1.9999999999999998, 1.9999999999999998, 1.9999999999999998, 1.9999999999999998, 1.2, 1.9999999999999998, 1.2, 1.9999999999999998, 1.9999999999999998]
[2.5, 2.5, 3.5, 3.5, 2.5, 3.5, 3.5, 3.5, 5.0, 5.0, 9.0, 9.0, 1.9999999999999998, 3.0, 3.0, 1.9999999999999998, 3.0, 1.9999999999999998, 1.9999999999999998, 3.0, 1.2, 1.2, 1.2, 1.9999999999999998, 1.2, 1.9999999999999998, 1.2, 1.2]
T = 0.018014398509482003	 step = 731
74.31
12.944781605113635
[13.0, 35.0, 18.0, 10.0, 17.0, 5.0, 9.0, 6.0, 21.0, 16.0, 32.0, 11.0, 21.0, 37.0, 24.0, 7.0, 32.0, 3.0, 28.0, 7.0, 34.0, 38.0, 28.0, 22.0, 24.0, 3.0, 13.0, 16.0]
[7.0, 16.0, 12.0, 15.0, 17.0, 24.0, 9.0, 12.0, 5.0, 23.0, 6.0, 33.0, 33.0, 32.0, 26.0, 3.0, 27.0, 31.0, 17.0, 19.0, 35.0, 23.0, 13.0, 13.0, 18.0, 28.0, 17.0, 2.0]
[3.5, 3.5, 2.5, 2.5, 3.5, 2.5, 2.5, 2.5, 5.0, 5.0, 9.0, 9.0, 3.0, 1.9999999999999998, 1.9999999999999998, 3.0, 1.9999999999999998, 3.0, 3.0, 1.9999999999999998, 1.9999999999999998, 1.9999999999999998, 1.9999999999999998, 1.2, 1.9999999999999998, 1.2, 1.9999999999999998, 1.9999999999999998]
[2.5, 2.5, 3.5, 3.5, 2.5, 3.5, 3.5, 3.5, 5.0, 5.0, 9.0, 9.0, 1.9999999999999998, 3.0, 3.0, 1.9999999999999998, 3.0, 1.9999999999999998, 1.9999999999999998, 3.0, 1.2, 1.2, 1.2, 1.9999999999999998, 1.2, 1.9999999999999998, 1.2, 1.2]
T = 0.018014398509482003	 step = 732
74.30000000000001
12.976031605113635
[13.0, 35.0, 18.0, 10.0, 17.0, 5.0, 9.0, 6.0, 21.0, 16.0, 32.0, 11.0, 21.0, 37.0, 24.0, 7.0, 32.0, 3.0, 28.0, 7.0, 34.0, 38.0, 28.0, 22.0, 24.0, 3.0, 13.0, 16.0]
[7.0, 16.0, 12.0, 15.0, 17.0, 24.0, 9.0, 12.0, 5.0, 23.0, 6.0, 33.0, 33.0, 32.0, 26.0, 3.0, 27.0, 32.0, 17.0, 19.0, 35.0, 23.0, 13.0, 13.0, 18.0, 28.0, 17.0, 2.0]
[3.5, 3.5, 2.5, 2.5, 3.5, 2.5, 2.5, 2.5, 5.0, 5.0, 9.0, 9.0, 3.0, 1.9999999999999998, 1.9999999999999998, 3.0, 1.9999999999999998, 3.0, 3.0, 1.9999999999999998, 1.9999999999999998, 1.9999999999999998, 1.9999999999999998, 1.2, 1.9999999999999998, 1.2, 1.9999999999999998, 1.9999999999999998]
[2.5, 2.5, 3.5, 3.5, 2.5, 3.5, 3.5, 3.5, 5.0, 5.0, 9.0, 9.0, 1.9999999999999998, 3.0, 3.0, 1.9999999999999998, 3.0, 1.9999999999999998, 1.9999999999999998, 3.0, 1.2, 1.2, 1.2, 1.9999999999999998, 1.2, 1.9999999999999998, 1.2, 1.2]
T = 0.018014398509482003	 step = 733
74.18
12.952792968749998
[13.0, 35.0, 18.0, 10.0, 17.0, 5.0, 9.0, 6.0, 21.0, 16.0, 32.0, 11.0, 21.0, 37.0, 24.0, 7.0, 32.0, 3.0, 28.0, 7.0, 34.0, 38.0, 28.0, 22.0, 35.0, 3.0, 13.0, 16.0]
[7.0, 16.0, 12.0, 15.0, 17.0, 24.0, 9.0, 12.0, 5.0, 23.0, 6.0, 33.0, 33.0, 32.0, 26.0, 3.0, 27.0, 32.0, 17.0, 19.0, 35.0, 23.0, 13.0, 13.0, 13.0, 28.0, 17.0, 2.0]
[3.5, 3.5, 2.5, 2.5, 3.5, 2.5, 2.5, 2.5, 5.0, 5.0, 9.0, 9.0, 3.0, 1.9999999999999998, 1.9999999999999998, 3.0, 1.9999999999999998, 3.0, 3.0, 1.9999999999999998, 1.9999999999999998, 1.9999999999999998, 1.9999999999999998, 1.2, 1.2, 1.2, 1.9999999999999998, 1.9999999999999998]
[2.5, 2.5, 3.5, 3.5, 2.5, 3.5, 3.5, 3.5, 5.0, 5.0, 9.0, 9.0, 1.9999999999999998, 3.0, 3.0, 1.9999999999999998, 3.0, 1.9999999999999998, 1.9999999999999998, 3.0, 1.2, 1.2, 1.2, 1.9999999999999998, 1.9999999999999998, 1.9999999999999998, 1.2, 1.2]
T = 0.018014398509482003	 step = 734
74.18
12.984042968749998
[13.0, 35.0, 18.0, 10.0, 17.0, 5.0, 9.0, 6.0, 21.0, 16.0, 32.0, 11.0, 21.0, 37.0, 24.0, 6.0, 32.0, 3.0, 28.0, 7.0, 34.0, 38.0, 28.0, 22.0, 35.0, 3.0, 13.0, 16.0]
[7.0, 16.0, 12.0, 15.0, 17.0, 24.0, 9.0, 12.0, 5.0, 23.0, 6.0, 33.0, 33.0, 32.0, 26.0, 3.0, 27.0, 32.0, 17.0, 19.0, 35.0, 23.0, 13.0, 13.0, 13.0, 28.0, 17.0, 2.0]
[3.5, 3.5, 2.5, 2.5, 3.5, 2.5, 2.5, 2.5, 5.0, 5.0, 9.0, 9.0, 3.0, 1.9999999999999998, 1.9999999999999998, 3.0, 1.9999999999999998, 3.0, 3.0, 1.9999999999999998, 1.9999999999999998, 1.9999999999999998, 1.9999999999999998, 1.2, 1.2, 1.2, 1.9999999999999998, 1.9999999999999998]
[2.5, 2.5, 3.5, 3.5, 2.5, 3.5, 3.5, 3.5, 5.0, 5.0, 9.0, 9.0, 1.9999999999999998, 3.0, 3.0, 1.9999999999999998, 3.0, 1.9999999999999998, 1.9999999999999998, 3.0, 1.2, 1.2, 1.2, 1.9999999999999998, 1.9999999999999998, 1.9999999999999998, 1.2, 1.2]
T = 0.018014398509482003	 step = 735
74.13
12.968275923295453
[13.0, 35.0, 18.0, 10.0, 17.0, 5.0, 9.0, 6.0, 21.0, 16.0, 32.0, 11.0, 21.0, 37.0, 24.0, 7.0, 32.0, 3.0, 28.0, 7.0, 34.0, 38.0, 28.0, 22.0, 35.0, 3.0, 13.0, 16.0]
[7.0, 16.0, 12.0, 14.0, 17.0, 24.0, 9.0, 12.0, 5.0, 23.0, 6.0, 33.0, 33.0, 32.0, 26.0, 3.0, 27.0, 32.0, 17.0, 19.0, 35.0, 23.0, 13.0, 13.0, 13.0, 28.0, 17.0, 2.0]
[3.5, 3.5, 2.5, 2.5, 3.5, 2.5, 2.5, 2.5, 5.0, 5.0, 9.0, 9.0, 3.0, 1.9999999999999998, 1.9999999999999998, 3.0, 1.9999999999999998, 3.0, 3.0, 1.9999999999999998, 1.9999999999999998, 1.9999999999999998, 1.9999999999999998, 1.2, 1.2, 1.2, 1.9999999999999998, 1.9999999999999998]
[2.5, 2.5, 3.5, 3.5, 2.5, 3.5, 3.5, 3.5, 5.0, 5.0, 9.0, 9.0, 1.9999999999999998, 3.0, 3.0, 1.9999999999999998, 3.0, 1.9999999999999998, 1.9999999999999998, 3.0, 1.2, 1.2, 1.2, 1.9999999999999998, 1.9999999999999998, 1.9999999999999998, 1.2, 1.2]
T = 0.018014398509482003	 step = 736
74.12
12.968275923295453
[13.0, 35.0, 18.0, 10.0, 17.0, 5.0, 9.0, 6.0, 21.0, 16.0, 32.0, 11.0, 21.0, 37.0, 24.0, 7.0, 33.0, 3.0, 28.0, 7.0, 34.0, 38.0, 28.0, 22.0, 35.0, 3.0, 13.0, 16.0]
[7.0, 16.0, 12.0, 14.0, 17.0, 24.0, 9.0, 12.0, 5.0, 23.0, 6.0, 33.0, 33.0, 32.0, 26.0, 3.0, 27.0, 32.0, 17.0, 19.0, 35.0, 23.0, 13.0, 13.0, 13.0, 28.0, 17.0, 2.0]
[3.5, 3.5, 2.5, 2.5, 3.5, 2.5, 2.5, 2.5, 5.0, 5.0, 9.0, 9.0, 3.0, 1.9999999999999998, 1.9999999999999998, 3.0, 1.9999999999999998, 3.0, 3.0, 1.9999999999999998, 1.9999999999999998, 1.9999999999999998, 1.9999999999999998, 1.2, 1.2, 1.2, 1.9999999999999998, 1.9999999999999998]
[2.5, 2.5, 3.5, 3.5, 2.5, 3.5, 3.5, 3.5, 5.0, 5.0, 9.0, 9.0, 1.9999999999999998, 3.0, 3.0, 1.9999999999999998, 3.0, 1.9999999999999998, 1.9999999999999998, 3.0, 1.2, 1.2, 1.2, 1.9999999999999998, 1.9999999999999998, 1.9999999999999998, 1.2, 1.2]
T = 0.018014398509482003	 step = 737
74.14000000000004
12.983900923295453
[13.0, 35.0, 18.0, 10.0, 17.0, 5.0, 9.0, 6.0, 21.0, 16.0, 32.0, 11.0, 21.0, 37.0, 24.0, 7.0, 33.0, 3.0, 28.0, 7.0, 34.0, 38.0, 28.0, 22.0, 35.0, 3.0, 13.0, 16.0]
[7.0, 16.0, 12.0, 14.0, 17.0, 24.0, 9.0, 12.0, 5.0, 23.0, 6.0, 33.0, 33.0, 32.0, 26.0, 3.0, 27.0, 32.0, 17.0, 19.0, 35.0, 23.0, 13.0, 14.0, 13.0, 28.0, 17.0, 2.0]
[3.5, 3.5, 2.5, 2.5, 3.5, 2.5, 2.5, 2.5, 5.0, 5.0, 9.0, 9.0, 3.0, 1.9999999999999998, 1.9999999999999998, 3.0, 1.9999999999999998, 3.0, 3.0, 1.9999999999999998, 1.9999999999999998, 1.9999999999999998, 1.9999999999999998, 1.2, 1.2, 1.2, 1.9999999999999998, 1.9999999999999998]
[2.5, 2.5, 3.5, 3.5, 2.5, 3.5, 3.5, 3.5, 5.0, 5.0, 9.0, 9.0, 1.9999999999999998, 3.0, 3.0, 1.9999999999999998, 3.0, 1.9999999999999998, 1.9999999999999998, 3.0, 1.2, 1.2, 1.2, 1.9999999999999998, 1.9999999999999998, 1.9999999999999998, 1.2, 1.2]
T = 0.018014398509482003	 step = 738
74.13
13.370509588068181
[13.0, 35.0, 18.0, 10.0, 17.0, 5.0, 9.0, 6.0, 21.0, 16.0, 32.0, 11.0, 21.0, 37.0, 24.0, 7.0, 33.0, 3.0, 28.0, 7.0, 11.0, 38.0, 28.0, 22.0, 35.0, 3.0, 13.0, 16.0]
[7.0, 16.0, 12.0, 14.0, 17.0, 24.0, 9.0, 12.0, 5.0, 23.0, 6.0, 33.0, 33.0, 32.0, 26.0, 3.0, 27.0, 32.0, 17.0, 19.0, 4.0, 23.0, 13.0, 13.0, 13.0, 28.0, 17.0, 2.0]
[3.5, 3.5, 2.5, 2.5, 3.5, 2.5, 2.5, 2.5, 5.0, 5.0, 9.0, 9.0, 3.0, 1.9999999999999998, 1.9999999999999998, 3.0, 1.9999999999999998, 3.0, 3.0, 1.9999999999999998, 1.9999999999999998, 1.9999999999999998, 1.9999999999999998, 1.2, 1.2, 1.2, 1.9999999999999998, 1.9999999999999998]
[2.5, 2.5, 3.5, 3.5, 2.5, 3.5, 3.5, 3.5, 5.0, 5.0, 9.0, 9.0, 1.9999999999999998, 3.0, 3.0, 1.9999999999999998, 3.0, 1.9999999999999998, 1.9999999999999998, 3.0, 1.2, 1.2, 1.2, 1.9999999999999998, 1.9999999999999998, 1.9999999999999998, 1.2, 1.2]
T = 0.018014398509482003	 step = 739
74.12
12.983900923295453
[13.0, 35.0, 18.0, 10.0, 17.0, 5.0, 9.0, 6.0, 21.0, 16.0, 32.0, 11.0, 21.0, 37.0, 24.0, 7.0, 33.0, 3.0, 28.0, 7.0, 34.0, 38.0, 28.0, 22.0, 36.0, 3.0, 13.0, 16.0]
[7.0, 16.0, 12.0, 14.0, 17.0, 24.0, 9.0, 12.0, 5.0, 23.0, 6.0, 33.0, 33.0, 32.0, 26.0, 3.0, 27.0, 32.0, 17.0, 19.0, 35.0, 23.0, 13.0, 13.0, 13.0, 28.0, 17.0, 2.0]
[3.5, 3.5, 2.5, 2.5, 3.5, 2.5, 2.5, 2.5, 5.0, 5.0, 9.0, 9.0, 3.0, 1.9999999999999998, 1.9999999999999998, 3.0, 1.9999999999999998, 3.0, 3.0, 1.9999999999999998, 1.9999999999999998, 1.9999999999999998, 1.9999999999999998, 1.2, 1.2, 1.2, 1.9999999999999998, 1.9999999999999998]
[2.5, 2.5, 3.5, 3.5, 2.5, 3.5, 3.5, 3.5, 5.0, 5.0, 9.0, 9.0, 1.9999999999999998, 3.0, 3.0, 1.9999999999999998, 3.0, 1.9999999999999998, 1.9999999999999998, 3.0, 1.2, 1.2, 1.2, 1.9999999999999998, 1.9999999999999998, 1.9999999999999998, 1.2, 1.2]
T = 0.018014398509482003	 step = 740
74.12
12.968275923295453
[13.0, 35.0, 18.0, 10.0, 17.0, 5.0, 9.0, 6.0, 21.0, 16.0, 32.0, 11.0, 21.0, 37.0, 24.0, 7.0, 33.0, 3.0, 28.0, 7.0, 34.0, 38.0, 27.0, 22.0, 36.0, 3.0, 13.0, 16.0]
[7.0, 16.0, 12.0, 14.0, 17.0, 24.0, 9.0, 12.0, 5.0, 23.0, 6.0, 33.0, 33.0, 32.0, 26.0, 3.0, 27.0, 32.0, 17.0, 19.0, 35.0, 23.0, 13.0, 13.0, 13.0, 28.0, 17.0, 2.0]
[3.5, 3.5, 2.5, 2.5, 3.5, 2.5, 2.5, 2.5, 5.0, 5.0, 9.0, 9.0, 3.0, 1.9999999999999998, 1.9999999999999998, 3.0, 1.9999999999999998, 3.0, 3.0, 1.9999999999999998, 1.9999999999999998, 1.9999999999999998, 1.9999999999999998, 1.2, 1.2, 1.2, 1.9999999999999998, 1.9999999999999998]
[2.5, 2.5, 3.5, 3.5, 2.5, 3.5, 3.5, 3.5, 5.0, 5.0, 9.0, 9.0, 1.9999999999999998, 3.0, 3.0, 1.9999999999999998, 3.0, 1.9999999999999998, 1.9999999999999998, 3.0, 1.2, 1.2, 1.2, 1.9999999999999998, 1.9999999999999998, 1.9999999999999998, 1.2, 1.2]
T = 0.018014398509482003	 step = 741
74.12
12.999525923295453
[13.0, 35.0, 18.0, 10.0, 17.0, 5.0, 9.0, 6.0, 21.0, 16.0, 32.0, 11.0, 21.0, 37.0, 24.0, 7.0, 33.0, 3.0, 28.0, 7.0, 34.0, 38.0, 27.0, 22.0, 36.0, 3.0, 13.0, 16.0]
[7.0, 16.0, 12.0, 14.0, 17.0, 24.0, 9.0, 12.0, 5.0, 23.0, 6.0, 33.0, 33.0, 32.0, 26.0, 3.0, 28.0, 32.0, 17.0, 19.0, 35.0, 23.0, 13.0, 13.0, 13.0, 28.0, 17.0, 2.0]
[3.5, 3.5, 2.5, 2.5, 3.5, 2.5, 2.5, 2.5, 5.0, 5.0, 9.0, 9.0, 3.0, 1.9999999999999998, 1.9999999999999998, 3.0, 1.9999999999999998, 3.0, 3.0, 1.9999999999999998, 1.9999999999999998, 1.9999999999999998, 1.9999999999999998, 1.2, 1.2, 1.2, 1.9999999999999998, 1.9999999999999998]
[2.5, 2.5, 3.5, 3.5, 2.5, 3.5, 3.5, 3.5, 5.0, 5.0, 9.0, 9.0, 1.9999999999999998, 3.0, 3.0, 1.9999999999999998, 3.0, 1.9999999999999998, 1.9999999999999998, 3.0, 1.2, 1.2, 1.2, 1.9999999999999998, 1.9999999999999998, 1.9999999999999998, 1.2, 1.2]
T = 0.018014398509482003	 step = 742
74.26000000000005
13.00713955965909
[13.0, 35.0, 18.0, 10.0, 17.0, 5.0, 9.0, 6.0, 21.0, 16.0, 32.0, 11.0, 21.0, 37.0, 24.0, 7.0, 33.0, 3.0, 28.0, 7.0, 34.0, 38.0, 10.0, 22.0, 36.0, 3.0, 13.0, 16.0]
[7.0, 16.0, 12.0, 14.0, 17.0, 24.0, 9.0, 12.0, 5.0, 23.0, 6.0, 33.0, 33.0, 32.0, 26.0, 3.0, 27.0, 32.0, 17.0, 19.0, 35.0, 23.0, 23.0, 13.0, 13.0, 28.0, 17.0, 2.0]
[3.5, 3.5, 2.5, 2.5, 3.5, 2.5, 2.5, 2.5, 5.0, 5.0, 9.0, 9.0, 3.0, 1.9999999999999998, 1.9999999999999998, 3.0, 1.9999999999999998, 3.0, 3.0, 1.9999999999999998, 1.9999999999999998, 1.9999999999999998, 1.9999999999999998, 1.2, 1.2, 1.2, 1.9999999999999998, 1.9999999999999998]
[2.5, 2.5, 3.5, 3.5, 2.5, 3.5, 3.5, 3.5, 5.0, 5.0, 9.0, 9.0, 1.9999999999999998, 3.0, 3.0, 1.9999999999999998, 3.0, 1.9999999999999998, 1.9999999999999998, 3.0, 1.2, 1.2, 1.2, 1.9999999999999998, 1.9999999999999998, 1.9999999999999998, 1.2, 1.2]
T = 0.018014398509482003	 step = 743
74.26000000000005
12.99151455965909
[13.0, 35.0, 18.0, 10.0, 17.0, 5.0, 9.0, 6.0, 21.0, 16.0, 32.0, 11.0, 21.0, 37.0, 24.0, 7.0, 33.0, 3.0, 28.0, 7.0, 34.0, 38.0, 10.0, 22.0, 36.0, 3.0, 13.0, 16.0]
[7.0, 16.0, 12.0, 14.0, 17.0, 24.0, 9.0, 12.0, 5.0, 23.0, 6.0, 33.0, 33.0, 32.0, 26.0, 3.0, 27.0, 32.0, 17.0, 19.0, 35.0, 23.0, 23.0, 13.0, 13.0, 29.0, 17.0, 2.0]
[3.5, 3.5, 2.5, 2.5, 3.5, 2.5, 2.5, 2.5, 5.0, 5.0, 9.0, 9.0, 3.0, 1.9999999999999998, 1.9999999999999998, 3.0, 1.9999999999999998, 3.0, 3.0, 1.9999999999999998, 1.9999999999999998, 1.9999999999999998, 1.9999999999999998, 1.2, 1.2, 1.2, 1.9999999999999998, 1.9999999999999998]
[2.5, 2.5, 3.5, 3.5, 2.5, 3.5, 3.5, 3.5, 5.0, 5.0, 9.0, 9.0, 1.9999999999999998, 3.0, 3.0, 1.9999999999999998, 3.0, 1.9999999999999998, 1.9999999999999998, 3.0, 1.2, 1.2, 1.2, 1.9999999999999998, 1.9999999999999998, 1.9999999999999998, 1.2, 1.2]
T = 0.018014398509482003	 step = 744
74.23000000000002
12.97588955965909
[13.0, 35.0, 18.0, 10.0, 17.0, 5.0, 9.0, 6.0, 21.0, 16.0, 32.0, 11.0, 21.0, 37.0, 24.0, 7.0, 33.0, 3.0, 28.0, 7.0, 34.0, 38.0, 10.0, 22.0, 36.0, 3.0, 13.0, 16.0]
[7.0, 16.0, 12.0, 14.0, 17.0, 24.0, 9.0, 11.0, 5.0, 23.0, 6.0, 33.0, 33.0, 32.0, 26.0, 3.0, 27.0, 32.0, 17.0, 19.0, 35.0, 23.0, 23.0, 13.0, 13.0, 29.0, 17.0, 2.0]
[3.5, 3.5, 2.5, 2.5, 3.5, 2.5, 2.5, 2.5, 5.0, 5.0, 9.0, 9.0, 3.0, 1.9999999999999998, 1.9999999999999998, 3.0, 1.9999999999999998, 3.0, 3.0, 1.9999999999999998, 1.9999999999999998, 1.9999999999999998, 1.9999999999999998, 1.2, 1.2, 1.2, 1.9999999999999998, 1.9999999999999998]
[2.5, 2.5, 3.5, 3.5, 2.5, 3.5, 3.5, 3.5, 5.0, 5.0, 9.0, 9.0, 1.9999999999999998, 3.0, 3.0, 1.9999999999999998, 3.0, 1.9999999999999998, 1.9999999999999998, 3.0, 1.2, 1.2, 1.2, 1.9999999999999998, 1.9999999999999998, 1.9999999999999998, 1.2, 1.2]
T = 0.018014398509482003	 step = 745
74.22000000000003
12.97588955965909
[13.0, 35.0, 18.0, 10.0, 17.0, 5.0, 9.0, 6.0, 21.0, 16.0, 32.0, 11.0, 22.0, 37.0, 24.0, 7.0, 33.0, 3.0, 28.0, 7.0, 34.0, 38.0, 10.0, 22.0, 36.0, 3.0, 13.0, 16.0]
[7.0, 16.0, 12.0, 14.0, 17.0, 24.0, 9.0, 11.0, 5.0, 23.0, 6.0, 33.0, 33.0, 32.0, 26.0, 3.0, 27.0, 32.0, 17.0, 19.0, 35.0, 23.0, 23.0, 13.0, 13.0, 29.0, 17.0, 2.0]
[3.5, 3.5, 2.5, 2.5, 3.5, 2.5, 2.5, 2.5, 5.0, 5.0, 9.0, 9.0, 3.0, 1.9999999999999998, 1.9999999999999998, 3.0, 1.9999999999999998, 3.0, 3.0, 1.9999999999999998, 1.9999999999999998, 1.9999999999999998, 1.9999999999999998, 1.2, 1.2, 1.2, 1.9999999999999998, 1.9999999999999998]
[2.5, 2.5, 3.5, 3.5, 2.5, 3.5, 3.5, 3.5, 5.0, 5.0, 9.0, 9.0, 1.9999999999999998, 3.0, 3.0, 1.9999999999999998, 3.0, 1.9999999999999998, 1.9999999999999998, 3.0, 1.2, 1.2, 1.2, 1.9999999999999998, 1.9999999999999998, 1.9999999999999998, 1.2, 1.2]
T = 0.018014398509482003	 step = 746
74.35000000000002
12.82568448153409
[13.0, 35.0, 18.0, 10.0, 17.0, 5.0, 9.0, 6.0, 21.0, 15.0, 32.0, 11.0, 22.0, 37.0, 24.0, 7.0, 33.0, 3.0, 28.0, 7.0, 34.0, 38.0, 10.0, 22.0, 36.0, 3.0, 13.0, 16.0]
[7.0, 16.0, 12.0, 14.0, 17.0, 24.0, 9.0, 11.0, 5.0, 23.0, 6.0, 33.0, 33.0, 32.0, 26.0, 3.0, 27.0, 32.0, 17.0, 19.0, 35.0, 23.0, 23.0, 13.0, 13.0, 29.0, 17.0, 2.0]
[3.5, 3.5, 2.5, 2.5, 3.5, 2.5, 2.5, 2.5, 5.0, 5.0, 9.0, 9.0, 3.0, 1.9999999999999998, 1.9999999999999998, 3.0, 1.9999999999999998, 3.0, 3.0, 1.9999999999999998, 1.9999999999999998, 1.9999999999999998, 1.9999999999999998, 1.2, 1.2, 1.2, 1.9999999999999998, 1.9999999999999998]
[2.5, 2.5, 3.5, 3.5, 2.5, 3.5, 3.5, 3.5, 5.0, 5.0, 9.0, 9.0, 1.9999999999999998, 3.0, 3.0, 1.9999999999999998, 3.0, 1.9999999999999998, 1.9999999999999998, 3.0, 1.2, 1.2, 1.2, 1.9999999999999998, 1.9999999999999998, 1.9999999999999998, 1.2, 1.2]
T = 0.018014398509482003	 step = 747
74.33000000000004
13.134021661931818
[13.0, 35.0, 18.0, 10.0, 17.0, 5.0, 9.0, 6.0, 21.0, 15.0, 32.0, 11.0, 22.0, 37.0, 24.0, 7.0, 33.0, 3.0, 28.0, 7.0, 34.0, 38.0, 10.0, 22.0, 36.0, 3.0, 13.0, 34.0]
[7.0, 16.0, 12.0, 14.0, 17.0, 24.0, 9.0, 11.0, 5.0, 23.0, 6.0, 33.0, 33.0, 32.0, 26.0, 3.0, 27.0, 32.0, 17.0, 19.0, 35.0, 23.0, 23.0, 13.0, 13.0, 29.0, 17.0, 38.0]
[3.5, 3.5, 2.5, 2.5, 3.5, 2.5, 2.5, 2.5, 5.0, 5.0, 9.0, 9.0, 3.0, 1.9999999999999998, 1.9999999999999998, 3.0, 1.9999999999999998, 3.0, 3.0, 1.9999999999999998, 1.9999999999999998, 1.9999999999999998, 1.9999999999999998, 1.2, 1.2, 1.2, 1.9999999999999998, 1.9999999999999998]
[2.5, 2.5, 3.5, 3.5, 2.5, 3.5, 3.5, 3.5, 5.0, 5.0, 9.0, 9.0, 1.9999999999999998, 3.0, 3.0, 1.9999999999999998, 3.0, 1.9999999999999998, 1.9999999999999998, 3.0, 1.2, 1.2, 1.2, 1.9999999999999998, 1.9999999999999998, 1.9999999999999998, 1.2, 1.2]
T = 0.018014398509482003	 step = 748
74.35000000000002
12.81005948153409
[13.0, 35.0, 18.0, 10.0, 17.0, 5.0, 9.0, 6.0, 21.0, 15.0, 32.0, 11.0, 22.0, 37.0, 24.0, 7.0, 33.0, 3.0, 28.0, 7.0, 34.0, 38.0, 10.0, 22.0, 36.0, 3.0, 13.0, 16.0]
[7.0, 16.0, 12.0, 14.0, 17.0, 24.0, 9.0, 11.0, 5.0, 23.0, 6.0, 33.0, 33.0, 32.0, 26.0, 3.0, 27.0, 32.0, 17.0, 19.0, 35.0, 23.0, 23.0, 13.0, 13.0, 29.0, 17.0, 3.0]
[3.5, 3.5, 2.5, 2.5, 3.5, 2.5, 2.5, 2.5, 5.0, 5.0, 9.0, 9.0, 3.0, 1.9999999999999998, 1.9999999999999998, 3.0, 1.9999999999999998, 3.0, 3.0, 1.9999999999999998, 1.9999999999999998, 1.9999999999999998, 1.9999999999999998, 1.2, 1.2, 1.2, 1.9999999999999998, 1.9999999999999998]
[2.5, 2.5, 3.5, 3.5, 2.5, 3.5, 3.5, 3.5, 5.0, 5.0, 9.0, 9.0, 1.9999999999999998, 3.0, 3.0, 1.9999999999999998, 3.0, 1.9999999999999998, 1.9999999999999998, 3.0, 1.2, 1.2, 1.2, 1.9999999999999998, 1.9999999999999998, 1.9999999999999998, 1.2, 1.2]
T = 0.018014398509482003	 step = 749
74.35000000000002
12.794650213068183
[13.0, 35.0, 18.0, 10.0, 17.0, 5.0, 9.0, 6.0, 21.0, 15.0, 32.0, 11.0, 22.0, 37.0, 24.0, 7.0, 33.0, 3.0, 28.0, 7.0, 34.0, 38.0, 10.0, 22.0, 36.0, 3.0, 13.0, 16.0]
[7.0, 16.0, 12.0, 14.0, 17.0, 24.0, 9.0, 11.0, 5.0, 23.0, 6.0, 33.0, 33.0, 32.0, 26.0, 3.0, 27.0, 32.0, 17.0, 19.0, 34.0, 23.0, 23.0, 13.0, 13.0, 29.0, 17.0, 3.0]
[3.5, 3.5, 2.5, 2.5, 3.5, 2.5, 2.5, 2.5, 5.0, 5.0, 9.0, 9.0, 3.0, 1.9999999999999998, 1.9999999999999998, 3.0, 1.9999999999999998, 3.0, 3.0, 1.9999999999999998, 1.9999999999999998, 1.9999999999999998, 1.9999999999999998, 1.2, 1.2, 1.2, 1.9999999999999998, 1.9999999999999998]
[2.5, 2.5, 3.5, 3.5, 2.5, 3.5, 3.5, 3.5, 5.0, 5.0, 9.0, 9.0, 1.9999999999999998, 3.0, 3.0, 1.9999999999999998, 3.0, 1.9999999999999998, 1.9999999999999998, 3.0, 1.2, 1.2, 1.2, 1.9999999999999998, 1.9999999999999998, 1.9999999999999998, 1.2, 1.2]
T = 0.018014398509482003	 step = 750
74.34000000000003
12.825900213068183
[13.0, 35.0, 18.0, 10.0, 17.0, 5.0, 9.0, 6.0, 21.0, 15.0, 32.0, 11.0, 22.0, 37.0, 24.0, 7.0, 33.0, 3.0, 29.0, 7.0, 34.0, 38.0, 10.0, 22.0, 36.0, 3.0, 13.0, 16.0]
[7.0, 16.0, 12.0, 14.0, 17.0, 24.0, 9.0, 11.0, 5.0, 23.0, 6.0, 33.0, 33.0, 32.0, 26.0, 3.0, 27.0, 32.0, 17.0, 19.0, 34.0, 23.0, 23.0, 13.0, 13.0, 29.0, 17.0, 3.0]
[3.5, 3.5, 2.5, 2.5, 3.5, 2.5, 2.5, 2.5, 5.0, 5.0, 9.0, 9.0, 3.0, 1.9999999999999998, 1.9999999999999998, 3.0, 1.9999999999999998, 3.0, 3.0, 1.9999999999999998, 1.9999999999999998, 1.9999999999999998, 1.9999999999999998, 1.2, 1.2, 1.2, 1.9999999999999998, 1.9999999999999998]
[2.5, 2.5, 3.5, 3.5, 2.5, 3.5, 3.5, 3.5, 5.0, 5.0, 9.0, 9.0, 1.9999999999999998, 3.0, 3.0, 1.9999999999999998, 3.0, 1.9999999999999998, 1.9999999999999998, 3.0, 1.2, 1.2, 1.2, 1.9999999999999998, 1.9999999999999998, 1.9999999999999998, 1.2, 1.2]
T = 0.018014398509482003	 step = 751
74.34000000000003
12.794650213068183
[13.0, 35.0, 18.0, 10.0, 17.0, 5.0, 9.0, 6.0, 21.0, 15.0, 32.0, 11.0, 23.0, 37.0, 24.0, 7.0, 33.0, 3.0, 28.0, 7.0, 34.0, 38.0, 10.0, 22.0, 36.0, 3.0, 13.0, 16.0]
[7.0, 16.0, 12.0, 14.0, 17.0, 24.0, 9.0, 11.0, 5.0, 23.0, 6.0, 33.0, 33.0, 32.0, 26.0, 3.0, 27.0, 32.0, 17.0, 19.0, 34.0, 23.0, 23.0, 13.0, 13.0, 29.0, 17.0, 3.0]
[3.5, 3.5, 2.5, 2.5, 3.5, 2.5, 2.5, 2.5, 5.0, 5.0, 9.0, 9.0, 3.0, 1.9999999999999998, 1.9999999999999998, 3.0, 1.9999999999999998, 3.0, 3.0, 1.9999999999999998, 1.9999999999999998, 1.9999999999999998, 1.9999999999999998, 1.2, 1.2, 1.2, 1.9999999999999998, 1.9999999999999998]
[2.5, 2.5, 3.5, 3.5, 2.5, 3.5, 3.5, 3.5, 5.0, 5.0, 9.0, 9.0, 1.9999999999999998, 3.0, 3.0, 1.9999999999999998, 3.0, 1.9999999999999998, 1.9999999999999998, 3.0, 1.2, 1.2, 1.2, 1.9999999999999998, 1.9999999999999998, 1.9999999999999998, 1.2, 1.2]
T = 0.018014398509482003	 step = 752
74.35000000000002
12.763400213068183
[13.0, 35.0, 18.0, 10.0, 17.0, 5.0, 9.0, 6.0, 21.0, 15.0, 32.0, 11.0, 23.0, 37.0, 24.0, 7.0, 33.0, 3.0, 28.0, 7.0, 34.0, 38.0, 10.0, 22.0, 36.0, 3.0, 13.0, 16.0]
[7.0, 16.0, 12.0, 14.0, 17.0, 24.0, 9.0, 11.0, 5.0, 23.0, 6.0, 33.0, 33.0, 32.0, 26.0, 3.0, 26.0, 32.0, 17.0, 19.0, 34.0, 23.0, 23.0, 13.0, 13.0, 29.0, 17.0, 3.0]
[3.5, 3.5, 2.5, 2.5, 3.5, 2.5, 2.5, 2.5, 5.0, 5.0, 9.0, 9.0, 3.0, 1.9999999999999998, 1.9999999999999998, 3.0, 1.9999999999999998, 3.0, 3.0, 1.9999999999999998, 1.9999999999999998, 1.9999999999999998, 1.9999999999999998, 1.2, 1.2, 1.2, 1.9999999999999998, 1.9999999999999998]
[2.5, 2.5, 3.5, 3.5, 2.5, 3.5, 3.5, 3.5, 5.0, 5.0, 9.0, 9.0, 1.9999999999999998, 3.0, 3.0, 1.9999999999999998, 3.0, 1.9999999999999998, 1.9999999999999998, 3.0, 1.2, 1.2, 1.2, 1.9999999999999998, 1.9999999999999998, 1.9999999999999998, 1.2, 1.2]
T = 0.018014398509482003	 step = 753
74.35000000000002
12.716525213068183
[14.0, 35.0, 18.0, 10.0, 17.0, 5.0, 9.0, 6.0, 21.0, 15.0, 32.0, 11.0, 23.0, 37.0, 24.0, 7.0, 33.0, 3.0, 28.0, 7.0, 34.0, 38.0, 10.0, 22.0, 36.0, 3.0, 13.0, 16.0]
[7.0, 16.0, 12.0, 14.0, 17.0, 24.0, 9.0, 11.0, 5.0, 23.0, 6.0, 33.0, 33.0, 32.0, 26.0, 3.0, 26.0, 32.0, 17.0, 19.0, 34.0, 23.0, 23.0, 13.0, 13.0, 29.0, 17.0, 3.0]
[3.5, 3.5, 2.5, 2.5, 3.5, 2.5, 2.5, 2.5, 5.0, 5.0, 9.0, 9.0, 3.0, 1.9999999999999998, 1.9999999999999998, 3.0, 1.9999999999999998, 3.0, 3.0, 1.9999999999999998, 1.9999999999999998, 1.9999999999999998, 1.9999999999999998, 1.2, 1.2, 1.2, 1.9999999999999998, 1.9999999999999998]
[2.5, 2.5, 3.5, 3.5, 2.5, 3.5, 3.5, 3.5, 5.0, 5.0, 9.0, 9.0, 1.9999999999999998, 3.0, 3.0, 1.9999999999999998, 3.0, 1.9999999999999998, 1.9999999999999998, 3.0, 1.2, 1.2, 1.2, 1.9999999999999998, 1.9999999999999998, 1.9999999999999998, 1.2, 1.2]
T = 0.018014398509482003	 step = 754
74.34000000000003
12.73236505681818
[14.0, 35.0, 18.0, 10.0, 17.0, 5.0, 9.0, 6.0, 21.0, 15.0, 32.0, 11.0, 23.0, 37.0, 24.0, 7.0, 33.0, 3.0, 28.0, 7.0, 34.0, 38.0, 10.0, 22.0, 36.0, 3.0, 13.0, 16.0]
[7.0, 16.0, 12.0, 14.0, 17.0, 24.0, 9.0, 11.0, 5.0, 23.0, 6.0, 33.0, 34.0, 32.0, 26.0, 3.0, 26.0, 32.0, 17.0, 19.0, 34.0, 23.0, 23.0, 13.0, 13.0, 29.0, 17.0, 3.0]
[3.5, 3.5, 2.5, 2.5, 3.5, 2.5, 2.5, 2.5, 5.0, 5.0, 9.0, 9.0, 3.0, 1.9999999999999998, 1.9999999999999998, 3.0, 1.9999999999999998, 3.0, 3.0, 1.9999999999999998, 1.9999999999999998, 1.9999999999999998, 1.9999999999999998, 1.2, 1.2, 1.2, 1.9999999999999998, 1.9999999999999998]
[2.5, 2.5, 3.5, 3.5, 2.5, 3.5, 3.5, 3.5, 5.0, 5.0, 9.0, 9.0, 1.9999999999999998, 3.0, 3.0, 1.9999999999999998, 3.0, 1.9999999999999998, 1.9999999999999998, 3.0, 1.2, 1.2, 1.2, 1.9999999999999998, 1.9999999999999998, 1.9999999999999998, 1.2, 1.2]
T = 0.018014398509482003	 step = 755
74.33000000000004
12.81049005681818
[14.0, 35.0, 18.0, 10.0, 17.0, 5.0, 9.0, 6.0, 21.0, 15.0, 32.0, 11.0, 23.0, 37.0, 24.0, 7.0, 33.0, 3.0, 28.0, 7.0, 34.0, 38.0, 10.0, 22.0, 36.0, 3.0, 13.0, 16.0]
[7.0, 16.0, 12.0, 14.0, 17.0, 25.0, 9.0, 11.0, 5.0, 23.0, 6.0, 33.0, 34.0, 32.0, 26.0, 3.0, 26.0, 32.0, 17.0, 19.0, 34.0, 23.0, 23.0, 13.0, 13.0, 29.0, 17.0, 3.0]
[3.5, 3.5, 2.5, 2.5, 3.5, 2.5, 2.5, 2.5, 5.0, 5.0, 9.0, 9.0, 3.0, 1.9999999999999998, 1.9999999999999998, 3.0, 1.9999999999999998, 3.0, 3.0, 1.9999999999999998, 1.9999999999999998, 1.9999999999999998, 1.9999999999999998, 1.2, 1.2, 1.2, 1.9999999999999998, 1.9999999999999998]
[2.5, 2.5, 3.5, 3.5, 2.5, 3.5, 3.5, 3.5, 5.0, 5.0, 9.0, 9.0, 1.9999999999999998, 3.0, 3.0, 1.9999999999999998, 3.0, 1.9999999999999998, 1.9999999999999998, 3.0, 1.2, 1.2, 1.2, 1.9999999999999998, 1.9999999999999998, 1.9999999999999998, 1.2, 1.2]
T = 0.018014398509482003	 step = 756
74.31
12.93549005681818
[14.0, 35.0, 18.0, 10.0, 17.0, 5.0, 9.0, 6.0, 21.0, 15.0, 33.0, 11.0, 23.0, 37.0, 24.0, 7.0, 33.0, 3.0, 28.0, 7.0, 34.0, 38.0, 10.0, 22.0, 36.0, 3.0, 13.0, 16.0]
[7.0, 16.0, 12.0, 14.0, 17.0, 25.0, 9.0, 11.0, 5.0, 23.0, 6.0, 33.0, 34.0, 32.0, 26.0, 3.0, 26.0, 32.0, 17.0, 19.0, 34.0, 23.0, 23.0, 13.0, 13.0, 29.0, 17.0, 3.0]
[3.5, 3.5, 2.5, 2.5, 3.5, 2.5, 2.5, 2.5, 5.0, 5.0, 9.0, 9.0, 3.0, 1.9999999999999998, 1.9999999999999998, 3.0, 1.9999999999999998, 3.0, 3.0, 1.9999999999999998, 1.9999999999999998, 1.9999999999999998, 1.9999999999999998, 1.2, 1.2, 1.2, 1.9999999999999998, 1.9999999999999998]
[2.5, 2.5, 3.5, 3.5, 2.5, 3.5, 3.5, 3.5, 5.0, 5.0, 9.0, 9.0, 1.9999999999999998, 3.0, 3.0, 1.9999999999999998, 3.0, 1.9999999999999998, 1.9999999999999998, 3.0, 1.2, 1.2, 1.2, 1.9999999999999998, 1.9999999999999998, 1.9999999999999998, 1.2, 1.2]
T = 0.018014398509482003	 step = 757
74.30000000000001
12.82611505681818
[14.0, 35.0, 18.0, 10.0, 17.0, 5.0, 9.0, 6.0, 21.0, 15.0, 32.0, 11.0, 23.0, 37.0, 24.0, 7.0, 33.0, 3.0, 28.0, 7.0, 34.0, 38.0, 10.0, 22.0, 36.0, 3.0, 13.0, 16.0]
[7.0, 16.0, 12.0, 14.0, 17.0, 25.0, 9.0, 11.0, 5.0, 23.0, 6.0, 33.0, 34.0, 32.0, 26.0, 3.0, 26.0, 32.0, 17.0, 19.0, 34.0, 23.0, 23.0, 13.0, 13.0, 29.0, 16.0, 3.0]
[3.5, 3.5, 2.5, 2.5, 3.5, 2.5, 2.5, 2.5, 5.0, 5.0, 9.0, 9.0, 3.0, 1.9999999999999998, 1.9999999999999998, 3.0, 1.9999999999999998, 3.0, 3.0, 1.9999999999999998, 1.9999999999999998, 1.9999999999999998, 1.9999999999999998, 1.2, 1.2, 1.2, 1.9999999999999998, 1.9999999999999998]
[2.5, 2.5, 3.5, 3.5, 2.5, 3.5, 3.5, 3.5, 5.0, 5.0, 9.0, 9.0, 1.9999999999999998, 3.0, 3.0, 1.9999999999999998, 3.0, 1.9999999999999998, 1.9999999999999998, 3.0, 1.2, 1.2, 1.2, 1.9999999999999998, 1.9999999999999998, 1.9999999999999998, 1.2, 1.2]
T = 0.018014398509482003	 step = 758
74.31
12.810275213068179
[14.0, 35.0, 18.0, 10.0, 17.0, 5.0, 9.0, 6.0, 21.0, 15.0, 32.0, 11.0, 23.0, 37.0, 24.0, 7.0, 33.0, 3.0, 28.0, 7.0, 34.0, 38.0, 10.0, 22.0, 36.0, 3.0, 13.0, 16.0]
[7.0, 16.0, 12.0, 14.0, 17.0, 25.0, 9.0, 11.0, 5.0, 23.0, 6.0, 33.0, 33.0, 32.0, 26.0, 3.0, 26.0, 32.0, 17.0, 19.0, 34.0, 23.0, 23.0, 13.0, 13.0, 29.0, 16.0, 3.0]
[3.5, 3.5, 2.5, 2.5, 3.5, 2.5, 2.5, 2.5, 5.0, 5.0, 9.0, 9.0, 3.0, 1.9999999999999998, 1.9999999999999998, 3.0, 1.9999999999999998, 3.0, 3.0, 1.9999999999999998, 1.9999999999999998, 1.9999999999999998, 1.9999999999999998, 1.2, 1.2, 1.2, 1.9999999999999998, 1.9999999999999998]
[2.5, 2.5, 3.5, 3.5, 2.5, 3.5, 3.5, 3.5, 5.0, 5.0, 9.0, 9.0, 1.9999999999999998, 3.0, 3.0, 1.9999999999999998, 3.0, 1.9999999999999998, 1.9999999999999998, 3.0, 1.2, 1.2, 1.2, 1.9999999999999998, 1.9999999999999998, 1.9999999999999998, 1.2, 1.2]
T = 0.018014398509482003	 step = 759
74.31
12.794650213068179
[14.0, 35.0, 18.0, 10.0, 17.0, 5.0, 9.0, 6.0, 21.0, 15.0, 32.0, 11.0, 23.0, 37.0, 24.0, 7.0, 33.0, 3.0, 28.0, 7.0, 34.0, 38.0, 10.0, 22.0, 36.0, 3.0, 13.0, 16.0]
[7.0, 16.0, 12.0, 14.0, 17.0, 25.0, 9.0, 11.0, 5.0, 23.0, 6.0, 33.0, 33.0, 32.0, 26.0, 3.0, 26.0, 32.0, 17.0, 19.0, 34.0, 24.0, 23.0, 13.0, 13.0, 29.0, 16.0, 3.0]
[3.5, 3.5, 2.5, 2.5, 3.5, 2.5, 2.5, 2.5, 5.0, 5.0, 9.0, 9.0, 3.0, 1.9999999999999998, 1.9999999999999998, 3.0, 1.9999999999999998, 3.0, 3.0, 1.9999999999999998, 1.9999999999999998, 1.9999999999999998, 1.9999999999999998, 1.2, 1.2, 1.2, 1.9999999999999998, 1.9999999999999998]
[2.5, 2.5, 3.5, 3.5, 2.5, 3.5, 3.5, 3.5, 5.0, 5.0, 9.0, 9.0, 1.9999999999999998, 3.0, 3.0, 1.9999999999999998, 3.0, 1.9999999999999998, 1.9999999999999998, 3.0, 1.2, 1.2, 1.2, 1.9999999999999998, 1.9999999999999998, 1.9999999999999998, 1.2, 1.2]
T = 0.018014398509482003	 step = 760
74.30000000000001
12.794650213068179
[14.0, 35.0, 18.0, 10.0, 17.0, 5.0, 9.0, 6.0, 21.0, 15.0, 32.0, 11.0, 24.0, 37.0, 24.0, 7.0, 33.0, 3.0, 28.0, 7.0, 34.0, 38.0, 10.0, 22.0, 36.0, 3.0, 13.0, 16.0]
[7.0, 16.0, 12.0, 14.0, 17.0, 25.0, 9.0, 11.0, 5.0, 23.0, 6.0, 33.0, 33.0, 32.0, 26.0, 3.0, 26.0, 32.0, 17.0, 19.0, 34.0, 24.0, 23.0, 13.0, 13.0, 29.0, 16.0, 3.0]
[3.5, 3.5, 2.5, 2.5, 3.5, 2.5, 2.5, 2.5, 5.0, 5.0, 9.0, 9.0, 3.0, 1.9999999999999998, 1.9999999999999998, 3.0, 1.9999999999999998, 3.0, 3.0, 1.9999999999999998, 1.9999999999999998, 1.9999999999999998, 1.9999999999999998, 1.2, 1.2, 1.2, 1.9999999999999998, 1.9999999999999998]
[2.5, 2.5, 3.5, 3.5, 2.5, 3.5, 3.5, 3.5, 5.0, 5.0, 9.0, 9.0, 1.9999999999999998, 3.0, 3.0, 1.9999999999999998, 3.0, 1.9999999999999998, 1.9999999999999998, 3.0, 1.2, 1.2, 1.2, 1.9999999999999998, 1.9999999999999998, 1.9999999999999998, 1.2, 1.2]
T = 0.018014398509482003	 step = 761
74.29000000000002
12.79139737215909
[14.0, 35.0, 18.0, 10.0, 17.0, 5.0, 9.0, 6.0, 21.0, 15.0, 32.0, 11.0, 24.0, 37.0, 24.0, 7.0, 33.0, 3.0, 28.0, 7.0, 34.0, 38.0, 10.0, 22.0, 36.0, 2.0, 13.0, 16.0]
[7.0, 16.0, 12.0, 14.0, 17.0, 25.0, 9.0, 11.0, 5.0, 23.0, 6.0, 33.0, 33.0, 32.0, 26.0, 3.0, 26.0, 32.0, 17.0, 19.0, 34.0, 24.0, 23.0, 13.0, 13.0, 29.0, 16.0, 3.0]
[3.5, 3.5, 2.5, 2.5, 3.5, 2.5, 2.5, 2.5, 5.0, 5.0, 9.0, 9.0, 3.0, 1.9999999999999998, 1.9999999999999998, 3.0, 1.9999999999999998, 3.0, 3.0, 1.9999999999999998, 1.9999999999999998, 1.9999999999999998, 1.9999999999999998, 1.2, 1.2, 1.2, 1.9999999999999998, 1.9999999999999998]
[2.5, 2.5, 3.5, 3.5, 2.5, 3.5, 3.5, 3.5, 5.0, 5.0, 9.0, 9.0, 1.9999999999999998, 3.0, 3.0, 1.9999999999999998, 3.0, 1.9999999999999998, 1.9999999999999998, 3.0, 1.2, 1.2, 1.2, 1.9999999999999998, 1.9999999999999998, 1.9999999999999998, 1.2, 1.2]
T = 0.014411518807585602	 step = 762
74.28000000000003
12.77577237215909
[14.0, 35.0, 18.0, 10.0, 17.0, 5.0, 9.0, 6.0, 21.0, 15.0, 32.0, 11.0, 24.0, 37.0, 24.0, 7.0, 33.0, 3.0, 28.0, 7.0, 34.0, 38.0, 10.0, 22.0, 36.0, 2.0, 13.0, 16.0]
[7.0, 16.0, 12.0, 14.0, 17.0, 25.0, 9.0, 11.0, 5.0, 23.0, 6.0, 33.0, 33.0, 32.0, 26.0, 3.0, 26.0, 32.0, 17.0, 19.0, 34.0, 24.0, 23.0, 12.0, 13.0, 29.0, 16.0, 3.0]
[3.5, 3.5, 2.5, 2.5, 3.5, 2.5, 2.5, 2.5, 5.0, 5.0, 9.0, 9.0, 3.0, 1.9999999999999998, 1.9999999999999998, 3.0, 1.9999999999999998, 3.0, 3.0, 1.9999999999999998, 1.9999999999999998, 1.9999999999999998, 1.9999999999999998, 1.2, 1.2, 1.2, 1.9999999999999998, 1.9999999999999998]
[2.5, 2.5, 3.5, 3.5, 2.5, 3.5, 3.5, 3.5, 5.0, 5.0, 9.0, 9.0, 1.9999999999999998, 3.0, 3.0, 1.9999999999999998, 3.0, 1.9999999999999998, 1.9999999999999998, 3.0, 1.2, 1.2, 1.2, 1.9999999999999998, 1.9999999999999998, 1.9999999999999998, 1.2, 1.2]
T = 0.014411518807585602	 step = 763
74.28000000000003
12.744522372159087
[14.0, 35.0, 18.0, 10.0, 17.0, 5.0, 9.0, 6.0, 21.0, 15.0, 32.0, 11.0, 24.0, 37.0, 24.0, 8.0, 33.0, 3.0, 28.0, 7.0, 34.0, 38.0, 10.0, 22.0, 36.0, 2.0, 13.0, 16.0]
[7.0, 16.0, 12.0, 14.0, 17.0, 25.0, 9.0, 11.0, 5.0, 23.0, 6.0, 33.0, 33.0, 32.0, 26.0, 3.0, 26.0, 32.0, 17.0, 19.0, 34.0, 24.0, 23.0, 12.0, 13.0, 29.0, 16.0, 3.0]
[3.5, 3.5, 2.5, 2.5, 3.5, 2.5, 2.5, 2.5, 5.0, 5.0, 9.0, 9.0, 3.0, 1.9999999999999998, 1.9999999999999998, 3.0, 1.9999999999999998, 3.0, 3.0, 1.9999999999999998, 1.9999999999999998, 1.9999999999999998, 1.9999999999999998, 1.2, 1.2, 1.2, 1.9999999999999998, 1.9999999999999998]
[2.5, 2.5, 3.5, 3.5, 2.5, 3.5, 3.5, 3.5, 5.0, 5.0, 9.0, 9.0, 1.9999999999999998, 3.0, 3.0, 1.9999999999999998, 3.0, 1.9999999999999998, 1.9999999999999998, 3.0, 1.2, 1.2, 1.2, 1.9999999999999998, 1.9999999999999998, 1.9999999999999998, 1.2, 1.2]
T = 0.014411518807585602	 step = 764
74.20000000000005
12.86952237215909
[14.0, 35.0, 18.0, 10.0, 17.0, 5.0, 9.0, 6.0, 21.0, 15.0, 32.0, 11.0, 24.0, 37.0, 24.0, 8.0, 33.0, 3.0, 28.0, 7.0, 34.0, 38.0, 10.0, 22.0, 36.0, 2.0, 13.0, 16.0]
[7.0, 16.0, 12.0, 14.0, 17.0, 25.0, 9.0, 11.0, 5.0, 23.0, 6.0, 34.0, 33.0, 32.0, 26.0, 3.0, 26.0, 32.0, 17.0, 19.0, 34.0, 24.0, 23.0, 12.0, 13.0, 29.0, 16.0, 3.0]
[3.5, 3.5, 2.5, 2.5, 3.5, 2.5, 2.5, 2.5, 5.0, 5.0, 9.0, 9.0, 3.0, 1.9999999999999998, 1.9999999999999998, 3.0, 1.9999999999999998, 3.0, 3.0, 1.9999999999999998, 1.9999999999999998, 1.9999999999999998, 1.9999999999999998, 1.2, 1.2, 1.2, 1.9999999999999998, 1.9999999999999998]
[2.5, 2.5, 3.5, 3.5, 2.5, 3.5, 3.5, 3.5, 5.0, 5.0, 9.0, 9.0, 1.9999999999999998, 3.0, 3.0, 1.9999999999999998, 3.0, 1.9999999999999998, 1.9999999999999998, 3.0, 1.2, 1.2, 1.2, 1.9999999999999998, 1.9999999999999998, 1.9999999999999998, 1.2, 1.2]
T = 0.014411518807585602	 step = 765
74.32000000000005
12.76014737215909
[14.0, 35.0, 18.0, 10.0, 17.0, 5.0, 10.0, 6.0, 21.0, 15.0, 32.0, 11.0, 24.0, 37.0, 24.0, 8.0, 33.0, 3.0, 28.0, 7.0, 34.0, 38.0, 10.0, 22.0, 36.0, 2.0, 13.0, 16.0]
[7.0, 16.0, 12.0, 14.0, 17.0, 25.0, 9.0, 11.0, 5.0, 23.0, 6.0, 33.0, 33.0, 32.0, 26.0, 3.0, 26.0, 32.0, 17.0, 19.0, 34.0, 24.0, 23.0, 12.0, 13.0, 29.0, 16.0, 3.0]
[3.5, 3.5, 2.5, 2.5, 3.5, 2.5, 2.5, 2.5, 5.0, 5.0, 9.0, 9.0, 3.0, 1.9999999999999998, 1.9999999999999998, 3.0, 1.9999999999999998, 3.0, 3.0, 1.9999999999999998, 1.9999999999999998, 1.9999999999999998, 1.9999999999999998, 1.2, 1.2, 1.2, 1.9999999999999998, 1.9999999999999998]
[2.5, 2.5, 3.5, 3.5, 2.5, 3.5, 3.5, 3.5, 5.0, 5.0, 9.0, 9.0, 1.9999999999999998, 3.0, 3.0, 1.9999999999999998, 3.0, 1.9999999999999998, 1.9999999999999998, 3.0, 1.2, 1.2, 1.2, 1.9999999999999998, 1.9999999999999998, 1.9999999999999998, 1.2, 1.2]
T = 0.014411518807585602	 step = 766
74.23000000000002
12.79139737215909
[14.0, 35.0, 18.0, 10.0, 17.0, 5.0, 9.0, 6.0, 21.0, 15.0, 32.0, 11.0, 24.0, 37.0, 24.0, 8.0, 33.0, 3.0, 28.0, 7.0, 34.0, 38.0, 10.0, 22.0, 36.0, 2.0, 13.0, 16.0]
[7.0, 16.0, 11.0, 14.0, 17.0, 25.0, 9.0, 11.0, 5.0, 23.0, 6.0, 33.0, 33.0, 32.0, 26.0, 3.0, 26.0, 32.0, 17.0, 19.0, 34.0, 24.0, 23.0, 12.0, 13.0, 29.0, 16.0, 3.0]
[3.5, 3.5, 2.5, 2.5, 3.5, 2.5, 2.5, 2.5, 5.0, 5.0, 9.0, 9.0, 3.0, 1.9999999999999998, 1.9999999999999998, 3.0, 1.9999999999999998, 3.0, 3.0, 1.9999999999999998, 1.9999999999999998, 1.9999999999999998, 1.9999999999999998, 1.2, 1.2, 1.2, 1.9999999999999998, 1.9999999999999998]
[2.5, 2.5, 3.5, 3.5, 2.5, 3.5, 3.5, 3.5, 5.0, 5.0, 9.0, 9.0, 1.9999999999999998, 3.0, 3.0, 1.9999999999999998, 3.0, 1.9999999999999998, 1.9999999999999998, 3.0, 1.2, 1.2, 1.2, 1.9999999999999998, 1.9999999999999998, 1.9999999999999998, 1.2, 1.2]
T = 0.014411518807585602	 step = 767
74.28000000000003
12.759931640624997
[14.0, 35.0, 18.0, 10.0, 17.0, 5.0, 9.0, 6.0, 21.0, 15.0, 32.0, 11.0, 24.0, 37.0, 24.0, 8.0, 33.0, 3.0, 28.0, 7.0, 34.0, 38.0, 10.0, 22.0, 36.0, 2.0, 13.0, 16.0]
[7.0, 16.0, 12.0, 14.0, 17.0, 25.0, 9.0, 11.0, 5.0, 23.0, 6.0, 33.0, 33.0, 32.0, 26.0, 3.0, 26.0, 32.0, 17.0, 19.0, 35.0, 24.0, 23.0, 12.0, 13.0, 29.0, 16.0, 3.0]
[3.5, 3.5, 2.5, 2.5, 3.5, 2.5, 2.5, 2.5, 5.0, 5.0, 9.0, 9.0, 3.0, 1.9999999999999998, 1.9999999999999998, 3.0, 1.9999999999999998, 3.0, 3.0, 1.9999999999999998, 1.9999999999999998, 1.9999999999999998, 1.9999999999999998, 1.2, 1.2, 1.2, 1.9999999999999998, 1.9999999999999998]
[2.5, 2.5, 3.5, 3.5, 2.5, 3.5, 3.5, 3.5, 5.0, 5.0, 9.0, 9.0, 1.9999999999999998, 3.0, 3.0, 1.9999999999999998, 3.0, 1.9999999999999998, 1.9999999999999998, 3.0, 1.2, 1.2, 1.2, 1.9999999999999998, 1.9999999999999998, 1.9999999999999998, 1.2, 1.2]
T = 0.014411518807585602	 step = 768
74.32000000000005
12.713056640625
[14.0, 35.0, 18.0, 10.0, 17.0, 5.0, 9.0, 6.0, 21.0, 15.0, 32.0, 11.0, 24.0, 37.0, 24.0, 8.0, 33.0, 3.0, 28.0, 7.0, 34.0, 38.0, 10.0, 22.0, 36.0, 2.0, 13.0, 16.0]
[8.0, 16.0, 12.0, 14.0, 17.0, 25.0, 9.0, 11.0, 5.0, 23.0, 6.0, 33.0, 33.0, 32.0, 26.0, 3.0, 26.0, 32.0, 17.0, 19.0, 35.0, 24.0, 23.0, 12.0, 13.0, 29.0, 16.0, 3.0]
[3.5, 3.5, 2.5, 2.5, 3.5, 2.5, 2.5, 2.5, 5.0, 5.0, 9.0, 9.0, 3.0, 1.9999999999999998, 1.9999999999999998, 3.0, 1.9999999999999998, 3.0, 3.0, 1.9999999999999998, 1.9999999999999998, 1.9999999999999998, 1.9999999999999998, 1.2, 1.2, 1.2, 1.9999999999999998, 1.9999999999999998]
[2.5, 2.5, 3.5, 3.5, 2.5, 3.5, 3.5, 3.5, 5.0, 5.0, 9.0, 9.0, 1.9999999999999998, 3.0, 3.0, 1.9999999999999998, 3.0, 1.9999999999999998, 1.9999999999999998, 3.0, 1.2, 1.2, 1.2, 1.9999999999999998, 1.9999999999999998, 1.9999999999999998, 1.2, 1.2]
T = 0.014411518807585602	 step = 769
74.31
12.697431640625
[14.0, 35.0, 18.0, 10.0, 17.0, 5.0, 9.0, 6.0, 21.0, 15.0, 32.0, 11.0, 24.0, 37.0, 24.0, 8.0, 33.0, 3.0, 28.0, 7.0, 34.0, 38.0, 10.0, 22.0, 36.0, 2.0, 13.0, 15.0]
[8.0, 16.0, 12.0, 14.0, 17.0, 25.0, 9.0, 11.0, 5.0, 23.0, 6.0, 33.0, 33.0, 32.0, 26.0, 3.0, 26.0, 32.0, 17.0, 19.0, 35.0, 24.0, 23.0, 12.0, 13.0, 29.0, 16.0, 3.0]
[3.5, 3.5, 2.5, 2.5, 3.5, 2.5, 2.5, 2.5, 5.0, 5.0, 9.0, 9.0, 3.0, 1.9999999999999998, 1.9999999999999998, 3.0, 1.9999999999999998, 3.0, 3.0, 1.9999999999999998, 1.9999999999999998, 1.9999999999999998, 1.9999999999999998, 1.2, 1.2, 1.2, 1.9999999999999998, 1.9999999999999998]
[2.5, 2.5, 3.5, 3.5, 2.5, 3.5, 3.5, 3.5, 5.0, 5.0, 9.0, 9.0, 1.9999999999999998, 3.0, 3.0, 1.9999999999999998, 3.0, 1.9999999999999998, 1.9999999999999998, 3.0, 1.2, 1.2, 1.2, 1.9999999999999998, 1.9999999999999998, 1.9999999999999998, 1.2, 1.2]
T = 0.014411518807585602	 step = 770
74.32000000000005
12.681806640625
[14.0, 35.0, 18.0, 10.0, 17.0, 5.0, 9.0, 6.0, 21.0, 15.0, 32.0, 11.0, 24.0, 37.0, 24.0, 8.0, 33.0, 3.0, 28.0, 7.0, 34.0, 38.0, 10.0, 22.0, 36.0, 2.0, 13.0, 15.0]
[8.0, 16.0, 12.0, 14.0, 17.0, 25.0, 9.0, 11.0, 5.0, 23.0, 6.0, 33.0, 33.0, 32.0, 26.0, 3.0, 26.0, 32.0, 17.0, 19.0, 35.0, 25.0, 23.0, 12.0, 13.0, 29.0, 16.0, 3.0]
[3.5, 3.5, 2.5, 2.5, 3.5, 2.5, 2.5, 2.5, 5.0, 5.0, 9.0, 9.0, 3.0, 1.9999999999999998, 1.9999999999999998, 3.0, 1.9999999999999998, 3.0, 3.0, 1.9999999999999998, 1.9999999999999998, 1.9999999999999998, 1.9999999999999998, 1.2, 1.2, 1.2, 1.9999999999999998, 1.9999999999999998]
[2.5, 2.5, 3.5, 3.5, 2.5, 3.5, 3.5, 3.5, 5.0, 5.0, 9.0, 9.0, 1.9999999999999998, 3.0, 3.0, 1.9999999999999998, 3.0, 1.9999999999999998, 1.9999999999999998, 3.0, 1.2, 1.2, 1.2, 1.9999999999999998, 1.9999999999999998, 1.9999999999999998, 1.2, 1.2]
T = 0.014411518807585602	 step = 771
74.31
12.713056640624997
[14.0, 35.0, 18.0, 10.0, 17.0, 5.0, 9.0, 6.0, 21.0, 15.0, 32.0, 11.0, 24.0, 37.0, 24.0, 8.0, 33.0, 3.0, 28.0, 7.0, 34.0, 38.0, 10.0, 22.0, 36.0, 2.0, 13.0, 15.0]
[8.0, 16.0, 12.0, 14.0, 17.0, 25.0, 9.0, 11.0, 5.0, 23.0, 6.0, 33.0, 33.0, 32.0, 26.0, 2.0, 26.0, 32.0, 17.0, 19.0, 35.0, 25.0, 23.0, 12.0, 13.0, 29.0, 16.0, 3.0]
[3.5, 3.5, 2.5, 2.5, 3.5, 2.5, 2.5, 2.5, 5.0, 5.0, 9.0, 9.0, 3.0, 1.9999999999999998, 1.9999999999999998, 3.0, 1.9999999999999998, 3.0, 3.0, 1.9999999999999998, 1.9999999999999998, 1.9999999999999998, 1.9999999999999998, 1.2, 1.2, 1.2, 1.9999999999999998, 1.9999999999999998]
[2.5, 2.5, 3.5, 3.5, 2.5, 3.5, 3.5, 3.5, 5.0, 5.0, 9.0, 9.0, 1.9999999999999998, 3.0, 3.0, 1.9999999999999998, 3.0, 1.9999999999999998, 1.9999999999999998, 3.0, 1.2, 1.2, 1.2, 1.9999999999999998, 1.9999999999999998, 1.9999999999999998, 1.2, 1.2]
T = 0.014411518807585602	 step = 772
74.34000000000003
12.728681640624997
[14.0, 35.0, 18.0, 10.0, 17.0, 5.0, 9.0, 6.0, 21.0, 15.0, 32.0, 11.0, 24.0, 37.0, 24.0, 8.0, 33.0, 3.0, 28.0, 7.0, 34.0, 38.0, 10.0, 22.0, 36.0, 2.0, 13.0, 15.0]
[8.0, 16.0, 12.0, 14.0, 17.0, 25.0, 9.0, 12.0, 5.0, 23.0, 6.0, 33.0, 33.0, 32.0, 26.0, 2.0, 26.0, 32.0, 17.0, 19.0, 35.0, 25.0, 23.0, 12.0, 13.0, 29.0, 16.0, 3.0]
[3.5, 3.5, 2.5, 2.5, 3.5, 2.5, 2.5, 2.5, 5.0, 5.0, 9.0, 9.0, 3.0, 1.9999999999999998, 1.9999999999999998, 3.0, 1.9999999999999998, 3.0, 3.0, 1.9999999999999998, 1.9999999999999998, 1.9999999999999998, 1.9999999999999998, 1.2, 1.2, 1.2, 1.9999999999999998, 1.9999999999999998]
[2.5, 2.5, 3.5, 3.5, 2.5, 3.5, 3.5, 3.5, 5.0, 5.0, 9.0, 9.0, 1.9999999999999998, 3.0, 3.0, 1.9999999999999998, 3.0, 1.9999999999999998, 1.9999999999999998, 3.0, 1.2, 1.2, 1.2, 1.9999999999999998, 1.9999999999999998, 1.9999999999999998, 1.2, 1.2]
T = 0.014411518807585602	 step = 773
74.34000000000003
12.713056640625
[14.0, 35.0, 18.0, 10.0, 17.0, 5.0, 9.0, 6.0, 21.0, 15.0, 32.0, 11.0, 24.0, 37.0, 24.0, 8.0, 33.0, 3.0, 28.0, 7.0, 34.0, 38.0, 10.0, 21.0, 36.0, 2.0, 13.0, 15.0]
[8.0, 16.0, 12.0, 14.0, 17.0, 25.0, 9.0, 12.0, 5.0, 23.0, 6.0, 33.0, 33.0, 32.0, 26.0, 2.0, 26.0, 32.0, 17.0, 19.0, 35.0, 25.0, 23.0, 12.0, 13.0, 29.0, 16.0, 3.0]
[3.5, 3.5, 2.5, 2.5, 3.5, 2.5, 2.5, 2.5, 5.0, 5.0, 9.0, 9.0, 3.0, 1.9999999999999998, 1.9999999999999998, 3.0, 1.9999999999999998, 3.0, 3.0, 1.9999999999999998, 1.9999999999999998, 1.9999999999999998, 1.9999999999999998, 1.2, 1.2, 1.2, 1.9999999999999998, 1.9999999999999998]
[2.5, 2.5, 3.5, 3.5, 2.5, 3.5, 3.5, 3.5, 5.0, 5.0, 9.0, 9.0, 1.9999999999999998, 3.0, 3.0, 1.9999999999999998, 3.0, 1.9999999999999998, 1.9999999999999998, 3.0, 1.2, 1.2, 1.2, 1.9999999999999998, 1.9999999999999998, 1.9999999999999998, 1.2, 1.2]
T = 0.014411518807585602	 step = 774
74.34000000000003
12.744306640625
[14.0, 35.0, 18.0, 10.0, 17.0, 5.0, 9.0, 6.0, 21.0, 15.0, 32.0, 11.0, 24.0, 37.0, 24.0, 8.0, 33.0, 3.0, 28.0, 7.0, 34.0, 38.0, 10.0, 21.0, 36.0, 2.0, 13.0, 15.0]
[8.0, 16.0, 12.0, 14.0, 17.0, 25.0, 9.0, 12.0, 5.0, 23.0, 6.0, 33.0, 33.0, 32.0, 26.0, 2.0, 26.0, 33.0, 17.0, 19.0, 35.0, 25.0, 23.0, 12.0, 13.0, 29.0, 16.0, 3.0]
[3.5, 3.5, 2.5, 2.5, 3.5, 2.5, 2.5, 2.5, 5.0, 5.0, 9.0, 9.0, 3.0, 1.9999999999999998, 1.9999999999999998, 3.0, 1.9999999999999998, 3.0, 3.0, 1.9999999999999998, 1.9999999999999998, 1.9999999999999998, 1.9999999999999998, 1.2, 1.2, 1.2, 1.9999999999999998, 1.9999999999999998]
[2.5, 2.5, 3.5, 3.5, 2.5, 3.5, 3.5, 3.5, 5.0, 5.0, 9.0, 9.0, 1.9999999999999998, 3.0, 3.0, 1.9999999999999998, 3.0, 1.9999999999999998, 1.9999999999999998, 3.0, 1.2, 1.2, 1.2, 1.9999999999999998, 1.9999999999999998, 1.9999999999999998, 1.2, 1.2]
T = 0.014411518807585602	 step = 775
74.28000000000003
12.793667436079543
[14.0, 35.0, 18.0, 9.0, 17.0, 5.0, 9.0, 6.0, 21.0, 15.0, 32.0, 11.0, 24.0, 37.0, 24.0, 8.0, 33.0, 3.0, 28.0, 7.0, 34.0, 38.0, 10.0, 21.0, 36.0, 2.0, 13.0, 15.0]
[8.0, 16.0, 12.0, 14.0, 17.0, 25.0, 9.0, 12.0, 5.0, 23.0, 6.0, 33.0, 33.0, 32.0, 26.0, 2.0, 26.0, 32.0, 17.0, 19.0, 35.0, 25.0, 23.0, 12.0, 13.0, 29.0, 16.0, 3.0]
[3.5, 3.5, 2.5, 2.5, 3.5, 2.5, 2.5, 2.5, 5.0, 5.0, 9.0, 9.0, 3.0, 1.9999999999999998, 1.9999999999999998, 3.0, 1.9999999999999998, 3.0, 3.0, 1.9999999999999998, 1.9999999999999998, 1.9999999999999998, 1.9999999999999998, 1.2, 1.2, 1.2, 1.9999999999999998, 1.9999999999999998]
[2.5, 2.5, 3.5, 3.5, 2.5, 3.5, 3.5, 3.5, 5.0, 5.0, 9.0, 9.0, 1.9999999999999998, 3.0, 3.0, 1.9999999999999998, 3.0, 1.9999999999999998, 1.9999999999999998, 3.0, 1.2, 1.2, 1.2, 1.9999999999999998, 1.9999999999999998, 1.9999999999999998, 1.2, 1.2]
T = 0.014411518807585602	 step = 776
74.32000000000005
12.762417436079545
[14.0, 35.0, 18.0, 9.0, 17.0, 5.0, 9.0, 6.0, 21.0, 15.0, 32.0, 11.0, 24.0, 37.0, 24.0, 8.0, 30.0, 3.0, 28.0, 7.0, 34.0, 38.0, 10.0, 21.0, 36.0, 2.0, 13.0, 15.0]
[8.0, 16.0, 12.0, 14.0, 17.0, 25.0, 9.0, 12.0, 5.0, 23.0, 6.0, 33.0, 33.0, 32.0, 26.0, 2.0, 25.0, 32.0, 17.0, 19.0, 35.0, 25.0, 23.0, 12.0, 13.0, 29.0, 16.0, 3.0]
[3.5, 3.5, 2.5, 2.5, 3.5, 2.5, 2.5, 2.5, 5.0, 5.0, 9.0, 9.0, 3.0, 1.9999999999999998, 1.9999999999999998, 3.0, 1.9999999999999998, 3.0, 3.0, 1.9999999999999998, 1.9999999999999998, 1.9999999999999998, 1.9999999999999998, 1.2, 1.2, 1.2, 1.9999999999999998, 1.9999999999999998]
[2.5, 2.5, 3.5, 3.5, 2.5, 3.5, 3.5, 3.5, 5.0, 5.0, 9.0, 9.0, 1.9999999999999998, 3.0, 3.0, 1.9999999999999998, 3.0, 1.9999999999999998, 1.9999999999999998, 3.0, 1.2, 1.2, 1.2, 1.9999999999999998, 1.9999999999999998, 1.9999999999999998, 1.2, 1.2]
T = 0.014411518807585602	 step = 777
74.15000000000003
12.981167436079545
[14.0, 35.0, 18.0, 9.0, 17.0, 5.0, 9.0, 6.0, 21.0, 15.0, 32.0, 11.0, 24.0, 37.0, 24.0, 8.0, 30.0, 3.0, 28.0, 7.0, 34.0, 38.0, 2.0, 21.0, 36.0, 2.0, 13.0, 15.0]
[8.0, 16.0, 12.0, 14.0, 17.0, 25.0, 9.0, 12.0, 5.0, 23.0, 6.0, 33.0, 33.0, 32.0, 26.0, 2.0, 25.0, 32.0, 17.0, 19.0, 35.0, 25.0, 17.0, 12.0, 13.0, 29.0, 16.0, 3.0]
[3.5, 3.5, 2.5, 2.5, 3.5, 2.5, 2.5, 2.5, 5.0, 5.0, 9.0, 9.0, 3.0, 1.9999999999999998, 1.9999999999999998, 3.0, 1.9999999999999998, 3.0, 3.0, 1.9999999999999998, 1.9999999999999998, 1.9999999999999998, 1.9999999999999998, 1.2, 1.2, 1.2, 1.9999999999999998, 1.9999999999999998]
[2.5, 2.5, 3.5, 3.5, 2.5, 3.5, 3.5, 3.5, 5.0, 5.0, 9.0, 9.0, 1.9999999999999998, 3.0, 3.0, 1.9999999999999998, 3.0, 1.9999999999999998, 1.9999999999999998, 3.0, 1.2, 1.2, 1.2, 1.9999999999999998, 1.9999999999999998, 1.9999999999999998, 1.2, 1.2]
T = 0.014411518807585602	 step = 778
74.31
12.778042436079545
[14.0, 35.0, 18.0, 9.0, 17.0, 5.0, 9.0, 6.0, 21.0, 15.0, 32.0, 11.0, 24.0, 37.0, 24.0, 8.0, 30.0, 3.0, 28.0, 7.0, 34.0, 38.0, 10.0, 21.0, 36.0, 2.0, 12.0, 15.0]
[8.0, 16.0, 12.0, 14.0, 17.0, 25.0, 9.0, 12.0, 5.0, 23.0, 6.0, 33.0, 33.0, 32.0, 26.0, 2.0, 25.0, 32.0, 17.0, 19.0, 35.0, 25.0, 23.0, 12.0, 13.0, 29.0, 16.0, 3.0]
[3.5, 3.5, 2.5, 2.5, 3.5, 2.5, 2.5, 2.5, 5.0, 5.0, 9.0, 9.0, 3.0, 1.9999999999999998, 1.9999999999999998, 3.0, 1.9999999999999998, 3.0, 3.0, 1.9999999999999998, 1.9999999999999998, 1.9999999999999998, 1.9999999999999998, 1.2, 1.2, 1.2, 1.9999999999999998, 1.9999999999999998]
[2.5, 2.5, 3.5, 3.5, 2.5, 3.5, 3.5, 3.5, 5.0, 5.0, 9.0, 9.0, 1.9999999999999998, 3.0, 3.0, 1.9999999999999998, 3.0, 1.9999999999999998, 1.9999999999999998, 3.0, 1.2, 1.2, 1.2, 1.9999999999999998, 1.9999999999999998, 1.9999999999999998, 1.2, 1.2]
T = 0.014411518807585602	 step = 779
74.40000000000003
12.684292436079545
[14.0, 35.0, 18.0, 9.0, 17.0, 5.0, 9.0, 6.0, 21.0, 15.0, 32.0, 11.0, 24.0, 37.0, 24.0, 8.0, 30.0, 3.0, 28.0, 7.0, 34.0, 38.0, 10.0, 10.0, 36.0, 2.0, 13.0, 15.0]
[8.0, 16.0, 12.0, 14.0, 17.0, 25.0, 9.0, 12.0, 5.0, 23.0, 6.0, 33.0, 33.0, 32.0, 26.0, 2.0, 25.0, 32.0, 17.0, 19.0, 35.0, 25.0, 23.0, 18.0, 13.0, 29.0, 16.0, 3.0]
[3.5, 3.5, 2.5, 2.5, 3.5, 2.5, 2.5, 2.5, 5.0, 5.0, 9.0, 9.0, 3.0, 1.9999999999999998, 1.9999999999999998, 3.0, 1.9999999999999998, 3.0, 3.0, 1.9999999999999998, 1.9999999999999998, 1.9999999999999998, 1.9999999999999998, 1.9999999999999998, 1.2, 1.2, 1.9999999999999998, 1.9999999999999998]
[2.5, 2.5, 3.5, 3.5, 2.5, 3.5, 3.5, 3.5, 5.0, 5.0, 9.0, 9.0, 1.9999999999999998, 3.0, 3.0, 1.9999999999999998, 3.0, 1.9999999999999998, 1.9999999999999998, 3.0, 1.2, 1.2, 1.2, 1.2, 1.9999999999999998, 1.9999999999999998, 1.2, 1.2]
T = 0.014411518807585602	 step = 780
74.40000000000003
12.668667436079545
[14.0, 35.0, 18.0, 9.0, 17.0, 5.0, 9.0, 6.0, 21.0, 15.0, 32.0, 11.0, 24.0, 37.0, 24.0, 8.0, 30.0, 3.0, 28.0, 7.0, 33.0, 38.0, 10.0, 10.0, 36.0, 2.0, 13.0, 15.0]
[8.0, 16.0, 12.0, 14.0, 17.0, 25.0, 9.0, 12.0, 5.0, 23.0, 6.0, 33.0, 33.0, 32.0, 26.0, 2.0, 25.0, 32.0, 17.0, 19.0, 35.0, 25.0, 23.0, 18.0, 13.0, 29.0, 16.0, 3.0]
[3.5, 3.5, 2.5, 2.5, 3.5, 2.5, 2.5, 2.5, 5.0, 5.0, 9.0, 9.0, 3.0, 1.9999999999999998, 1.9999999999999998, 3.0, 1.9999999999999998, 3.0, 3.0, 1.9999999999999998, 1.9999999999999998, 1.9999999999999998, 1.9999999999999998, 1.9999999999999998, 1.2, 1.2, 1.9999999999999998, 1.9999999999999998]
[2.5, 2.5, 3.5, 3.5, 2.5, 3.5, 3.5, 3.5, 5.0, 5.0, 9.0, 9.0, 1.9999999999999998, 3.0, 3.0, 1.9999999999999998, 3.0, 1.9999999999999998, 1.9999999999999998, 3.0, 1.2, 1.2, 1.2, 1.2, 1.9999999999999998, 1.9999999999999998, 1.2, 1.2]
T = 0.014411518807585602	 step = 781
74.33000000000004
12.755142045454544
[14.0, 35.0, 18.0, 9.0, 17.0, 4.0, 9.0, 6.0, 21.0, 15.0, 32.0, 11.0, 24.0, 37.0, 24.0, 8.0, 30.0, 3.0, 28.0, 7.0, 33.0, 38.0, 10.0, 10.0, 36.0, 2.0, 13.0, 15.0]
[8.0, 16.0, 12.0, 14.0, 17.0, 25.0, 9.0, 12.0, 5.0, 23.0, 6.0, 33.0, 33.0, 32.0, 26.0, 2.0, 25.0, 32.0, 17.0, 19.0, 35.0, 25.0, 23.0, 18.0, 13.0, 29.0, 16.0, 3.0]
[3.5, 3.5, 2.5, 2.5, 3.5, 2.5, 2.5, 2.5, 5.0, 5.0, 9.0, 9.0, 3.0, 1.9999999999999998, 1.9999999999999998, 3.0, 1.9999999999999998, 3.0, 3.0, 1.9999999999999998, 1.9999999999999998, 1.9999999999999998, 1.9999999999999998, 1.9999999999999998, 1.2, 1.2, 1.9999999999999998, 1.9999999999999998]
[2.5, 2.5, 3.5, 3.5, 2.5, 3.5, 3.5, 3.5, 5.0, 5.0, 9.0, 9.0, 1.9999999999999998, 3.0, 3.0, 1.9999999999999998, 3.0, 1.9999999999999998, 1.9999999999999998, 3.0, 1.2, 1.2, 1.2, 1.2, 1.9999999999999998, 1.9999999999999998, 1.2, 1.2]
T = 0.014411518807585602	 step = 782
74.32000000000005
12.751147017045453
[14.0, 35.0, 18.0, 9.0, 17.0, 4.0, 9.0, 6.0, 21.0, 15.0, 32.0, 11.0, 24.0, 37.0, 24.0, 8.0, 30.0, 3.0, 28.0, 7.0, 33.0, 38.0, 10.0, 10.0, 37.0, 2.0, 13.0, 15.0]
[8.0, 16.0, 12.0, 14.0, 17.0, 25.0, 9.0, 12.0, 5.0, 23.0, 6.0, 33.0, 33.0, 32.0, 26.0, 2.0, 25.0, 32.0, 17.0, 19.0, 35.0, 25.0, 23.0, 18.0, 36.0, 29.0, 16.0, 3.0]
[3.5, 3.5, 2.5, 2.5, 3.5, 2.5, 2.5, 2.5, 5.0, 5.0, 9.0, 9.0, 3.0, 1.9999999999999998, 1.9999999999999998, 3.0, 1.9999999999999998, 3.0, 3.0, 1.9999999999999998, 1.9999999999999998, 1.9999999999999998, 1.9999999999999998, 1.9999999999999998, 1.2, 1.2, 1.9999999999999998, 1.9999999999999998]
[2.5, 2.5, 3.5, 3.5, 2.5, 3.5, 3.5, 3.5, 5.0, 5.0, 9.0, 9.0, 1.9999999999999998, 3.0, 3.0, 1.9999999999999998, 3.0, 1.9999999999999998, 1.9999999999999998, 3.0, 1.2, 1.2, 1.2, 1.2, 1.9999999999999998, 1.9999999999999998, 1.2, 1.2]
T = 0.014411518807585602	 step = 783
74.33000000000004
12.719897017045453
[14.0, 35.0, 18.0, 9.0, 17.0, 4.0, 9.0, 6.0, 21.0, 15.0, 32.0, 11.0, 24.0, 37.0, 24.0, 8.0, 30.0, 3.0, 28.0, 7.0, 33.0, 38.0, 10.0, 10.0, 37.0, 2.0, 13.0, 15.0]
[8.0, 16.0, 12.0, 14.0, 17.0, 25.0, 9.0, 12.0, 5.0, 23.0, 6.0, 33.0, 33.0, 31.0, 26.0, 2.0, 25.0, 32.0, 17.0, 19.0, 35.0, 25.0, 23.0, 18.0, 36.0, 29.0, 16.0, 3.0]
[3.5, 3.5, 2.5, 2.5, 3.5, 2.5, 2.5, 2.5, 5.0, 5.0, 9.0, 9.0, 3.0, 1.9999999999999998, 1.9999999999999998, 3.0, 1.9999999999999998, 3.0, 3.0, 1.9999999999999998, 1.9999999999999998, 1.9999999999999998, 1.9999999999999998, 1.9999999999999998, 1.2, 1.2, 1.9999999999999998, 1.9999999999999998]
[2.5, 2.5, 3.5, 3.5, 2.5, 3.5, 3.5, 3.5, 5.0, 5.0, 9.0, 9.0, 1.9999999999999998, 3.0, 3.0, 1.9999999999999998, 3.0, 1.9999999999999998, 1.9999999999999998, 3.0, 1.2, 1.2, 1.2, 1.2, 1.9999999999999998, 1.9999999999999998, 1.2, 1.2]
T = 0.014411518807585602	 step = 784
74.32000000000005
12.735522017045453
[14.0, 35.0, 18.0, 9.0, 17.0, 4.0, 9.0, 6.0, 21.0, 15.0, 32.0, 11.0, 24.0, 37.0, 24.0, 8.0, 30.0, 3.0, 28.0, 7.0, 33.0, 38.0, 10.0, 10.0, 37.0, 2.0, 13.0, 15.0]
[8.0, 16.0, 12.0, 14.0, 17.0, 25.0, 9.0, 12.0, 5.0, 23.0, 6.0, 33.0, 33.0, 31.0, 26.0, 2.0, 25.0, 32.0, 17.0, 19.0, 36.0, 25.0, 23.0, 18.0, 36.0, 29.0, 16.0, 3.0]
[3.5, 3.5, 2.5, 2.5, 3.5, 2.5, 2.5, 2.5, 5.0, 5.0, 9.0, 9.0, 3.0, 1.9999999999999998, 1.9999999999999998, 3.0, 1.9999999999999998, 3.0, 3.0, 1.9999999999999998, 1.9999999999999998, 1.9999999999999998, 1.9999999999999998, 1.9999999999999998, 1.2, 1.2, 1.9999999999999998, 1.9999999999999998]
[2.5, 2.5, 3.5, 3.5, 2.5, 3.5, 3.5, 3.5, 5.0, 5.0, 9.0, 9.0, 1.9999999999999998, 3.0, 3.0, 1.9999999999999998, 3.0, 1.9999999999999998, 1.9999999999999998, 3.0, 1.2, 1.2, 1.2, 1.2, 1.9999999999999998, 1.9999999999999998, 1.2, 1.2]
T = 0.014411518807585602	 step = 785
74.33000000000004
12.735522017045453
[14.0, 35.0, 18.0, 9.0, 17.0, 4.0, 9.0, 6.0, 21.0, 15.0, 32.0, 11.0, 24.0, 37.0, 24.0, 8.0, 30.0, 3.0, 28.0, 7.0, 33.0, 38.0, 10.0, 10.0, 37.0, 2.0, 13.0, 15.0]
[8.0, 16.0, 12.0, 14.0, 17.0, 25.0, 9.0, 12.0, 5.0, 23.0, 6.0, 33.0, 32.0, 31.0, 26.0, 2.0, 25.0, 32.0, 17.0, 19.0, 36.0, 25.0, 23.0, 18.0, 36.0, 29.0, 16.0, 3.0]
[3.5, 3.5, 2.5, 2.5, 3.5, 2.5, 2.5, 2.5, 5.0, 5.0, 9.0, 9.0, 3.0, 1.9999999999999998, 1.9999999999999998, 3.0, 1.9999999999999998, 3.0, 3.0, 1.9999999999999998, 1.9999999999999998, 1.9999999999999998, 1.9999999999999998, 1.9999999999999998, 1.2, 1.2, 1.9999999999999998, 1.9999999999999998]
[2.5, 2.5, 3.5, 3.5, 2.5, 3.5, 3.5, 3.5, 5.0, 5.0, 9.0, 9.0, 1.9999999999999998, 3.0, 3.0, 1.9999999999999998, 3.0, 1.9999999999999998, 1.9999999999999998, 3.0, 1.2, 1.2, 1.2, 1.2, 1.9999999999999998, 1.9999999999999998, 1.2, 1.2]
T = 0.014411518807585602	 step = 786
74.34000000000003
12.704272017045453
[14.0, 35.0, 18.0, 9.0, 17.0, 4.0, 9.0, 6.0, 21.0, 15.0, 32.0, 11.0, 24.0, 37.0, 23.0, 8.0, 30.0, 3.0, 28.0, 7.0, 33.0, 38.0, 10.0, 10.0, 37.0, 2.0, 13.0, 15.0]
[8.0, 16.0, 12.0, 14.0, 17.0, 25.0, 9.0, 12.0, 5.0, 23.0, 6.0, 33.0, 32.0, 31.0, 26.0, 2.0, 25.0, 32.0, 17.0, 19.0, 36.0, 25.0, 23.0, 18.0, 36.0, 29.0, 16.0, 3.0]
[3.5, 3.5, 2.5, 2.5, 3.5, 2.5, 2.5, 2.5, 5.0, 5.0, 9.0, 9.0, 3.0, 1.9999999999999998, 1.9999999999999998, 3.0, 1.9999999999999998, 3.0, 3.0, 1.9999999999999998, 1.9999999999999998, 1.9999999999999998, 1.9999999999999998, 1.9999999999999998, 1.2, 1.2, 1.9999999999999998, 1.9999999999999998]
[2.5, 2.5, 3.5, 3.5, 2.5, 3.5, 3.5, 3.5, 5.0, 5.0, 9.0, 9.0, 1.9999999999999998, 3.0, 3.0, 1.9999999999999998, 3.0, 1.9999999999999998, 1.9999999999999998, 3.0, 1.2, 1.2, 1.2, 1.2, 1.9999999999999998, 1.9999999999999998, 1.2, 1.2]
T = 0.014411518807585602	 step = 787
74.34000000000003
12.813359375
[14.0, 35.0, 18.0, 9.0, 17.0, 4.0, 9.0, 5.0, 21.0, 15.0, 32.0, 11.0, 24.0, 37.0, 23.0, 8.0, 30.0, 3.0, 28.0, 7.0, 33.0, 38.0, 10.0, 10.0, 37.0, 2.0, 13.0, 15.0]
[8.0, 16.0, 12.0, 14.0, 17.0, 25.0, 9.0, 12.0, 5.0, 23.0, 6.0, 33.0, 32.0, 31.0, 26.0, 2.0, 25.0, 32.0, 17.0, 19.0, 36.0, 25.0, 23.0, 18.0, 36.0, 29.0, 16.0, 3.0]
[3.5, 3.5, 2.5, 2.5, 3.5, 2.5, 2.5, 2.5, 5.0, 5.0, 9.0, 9.0, 3.0, 1.9999999999999998, 1.9999999999999998, 3.0, 1.9999999999999998, 3.0, 3.0, 1.9999999999999998, 1.9999999999999998, 1.9999999999999998, 1.9999999999999998, 1.9999999999999998, 1.2, 1.2, 1.9999999999999998, 1.9999999999999998]
[2.5, 2.5, 3.5, 3.5, 2.5, 3.5, 3.5, 3.5, 5.0, 5.0, 9.0, 9.0, 1.9999999999999998, 3.0, 3.0, 1.9999999999999998, 3.0, 1.9999999999999998, 1.9999999999999998, 3.0, 1.2, 1.2, 1.2, 1.2, 1.9999999999999998, 1.9999999999999998, 1.2, 1.2]
T = 0.014411518807585602	 step = 788
74.28000000000003
13.173022017045453
[14.0, 35.0, 18.0, 9.0, 17.0, 4.0, 9.0, 6.0, 21.0, 15.0, 32.0, 11.0, 24.0, 37.0, 23.0, 8.0, 30.0, 3.0, 35.0, 7.0, 33.0, 38.0, 10.0, 10.0, 37.0, 2.0, 13.0, 15.0]
[8.0, 16.0, 12.0, 14.0, 17.0, 25.0, 9.0, 12.0, 5.0, 23.0, 6.0, 33.0, 32.0, 31.0, 26.0, 2.0, 25.0, 32.0, 25.0, 19.0, 36.0, 25.0, 23.0, 18.0, 36.0, 29.0, 16.0, 3.0]
[3.5, 3.5, 2.5, 2.5, 3.5, 2.5, 2.5, 2.5, 5.0, 5.0, 9.0, 9.0, 3.0, 1.9999999999999998, 1.9999999999999998, 3.0, 1.9999999999999998, 3.0, 1.9999999999999998, 1.9999999999999998, 1.9999999999999998, 1.9999999999999998, 1.9999999999999998, 1.9999999999999998, 1.2, 1.2, 1.9999999999999998, 1.9999999999999998]
[2.5, 2.5, 3.5, 3.5, 2.5, 3.5, 3.5, 3.5, 5.0, 5.0, 9.0, 9.0, 1.9999999999999998, 3.0, 3.0, 1.9999999999999998, 3.0, 1.9999999999999998, 3.0, 3.0, 1.2, 1.2, 1.2, 1.2, 1.9999999999999998, 1.9999999999999998, 1.2, 1.2]
T = 0.014411518807585602	 step = 789
74.33000000000004
12.719897017045453
[14.0, 35.0, 18.0, 9.0, 17.0, 4.0, 9.0, 6.0, 21.0, 15.0, 32.0, 11.0, 24.0, 37.0, 23.0, 8.0, 30.0, 3.0, 28.0, 7.0, 33.0, 38.0, 10.0, 10.0, 37.0, 2.0, 13.0, 15.0]
[8.0, 16.0, 12.0, 14.0, 17.0, 25.0, 9.0, 12.0, 5.0, 23.0, 6.0, 33.0, 32.0, 31.0, 26.0, 2.0, 25.0, 32.0, 17.0, 19.0, 36.0, 25.0, 23.0, 18.0, 36.0, 29.0, 15.0, 3.0]
[3.5, 3.5, 2.5, 2.5, 3.5, 2.5, 2.5, 2.5, 5.0, 5.0, 9.0, 9.0, 3.0, 1.9999999999999998, 1.9999999999999998, 3.0, 1.9999999999999998, 3.0, 3.0, 1.9999999999999998, 1.9999999999999998, 1.9999999999999998, 1.9999999999999998, 1.9999999999999998, 1.2, 1.2, 1.9999999999999998, 1.9999999999999998]
[2.5, 2.5, 3.5, 3.5, 2.5, 3.5, 3.5, 3.5, 5.0, 5.0, 9.0, 9.0, 1.9999999999999998, 3.0, 3.0, 1.9999999999999998, 3.0, 1.9999999999999998, 1.9999999999999998, 3.0, 1.2, 1.2, 1.2, 1.2, 1.9999999999999998, 1.9999999999999998, 1.2, 1.2]
T = 0.014411518807585602	 step = 790
74.37
12.620198863636363
[14.0, 34.0, 18.0, 9.0, 17.0, 4.0, 9.0, 6.0, 21.0, 15.0, 32.0, 11.0, 24.0, 37.0, 23.0, 8.0, 30.0, 3.0, 28.0, 7.0, 33.0, 38.0, 10.0, 10.0, 37.0, 2.0, 13.0, 15.0]
[8.0, 16.0, 12.0, 14.0, 17.0, 25.0, 9.0, 12.0, 5.0, 23.0, 6.0, 33.0, 32.0, 31.0, 26.0, 2.0, 25.0, 32.0, 17.0, 19.0, 36.0, 25.0, 23.0, 18.0, 36.0, 29.0, 16.0, 3.0]
[3.5, 3.5, 2.5, 2.5, 3.5, 2.5, 2.5, 2.5, 5.0, 5.0, 9.0, 9.0, 3.0, 1.9999999999999998, 1.9999999999999998, 3.0, 1.9999999999999998, 3.0, 3.0, 1.9999999999999998, 1.9999999999999998, 1.9999999999999998, 1.9999999999999998, 1.9999999999999998, 1.2, 1.2, 1.9999999999999998, 1.9999999999999998]
[2.5, 2.5, 3.5, 3.5, 2.5, 3.5, 3.5, 3.5, 5.0, 5.0, 9.0, 9.0, 1.9999999999999998, 3.0, 3.0, 1.9999999999999998, 3.0, 1.9999999999999998, 1.9999999999999998, 3.0, 1.2, 1.2, 1.2, 1.2, 1.9999999999999998, 1.9999999999999998, 1.2, 1.2]
T = 0.014411518807585602	 step = 791
73.94
12.557698863636363
[14.0, 34.0, 18.0, 9.0, 17.0, 4.0, 9.0, 6.0, 21.0, 15.0, 32.0, 11.0, 24.0, 37.0, 23.0, 8.0, 30.0, 3.0, 28.0, 7.0, 33.0, 38.0, 10.0, 10.0, 37.0, 2.0, 13.0, 15.0]
[8.0, 16.0, 12.0, 14.0, 17.0, 25.0, 9.0, 12.0, 5.0, 24.0, 6.0, 33.0, 32.0, 31.0, 26.0, 2.0, 25.0, 32.0, 17.0, 19.0, 36.0, 25.0, 23.0, 18.0, 36.0, 29.0, 16.0, 3.0]
[3.5, 3.5, 2.5, 2.5, 3.5, 2.5, 2.5, 2.5, 5.0, 5.0, 9.0, 9.0, 3.0, 1.9999999999999998, 1.9999999999999998, 3.0, 1.9999999999999998, 3.0, 3.0, 1.9999999999999998, 1.9999999999999998, 1.9999999999999998, 1.9999999999999998, 1.9999999999999998, 1.2, 1.2, 1.9999999999999998, 1.9999999999999998]
[2.5, 2.5, 3.5, 3.5, 2.5, 3.5, 3.5, 3.5, 5.0, 5.0, 9.0, 9.0, 1.9999999999999998, 3.0, 3.0, 1.9999999999999998, 3.0, 1.9999999999999998, 1.9999999999999998, 3.0, 1.2, 1.2, 1.2, 1.2, 1.9999999999999998, 1.9999999999999998, 1.2, 1.2]
T = 0.014411518807585602	 step = 792
73.93
12.573323863636363
[14.0, 34.0, 18.0, 9.0, 17.0, 4.0, 9.0, 6.0, 21.0, 15.0, 32.0, 11.0, 24.0, 37.0, 23.0, 8.0, 30.0, 3.0, 28.0, 7.0, 33.0, 38.0, 10.0, 10.0, 37.0, 2.0, 13.0, 15.0]
[8.0, 16.0, 12.0, 14.0, 17.0, 25.0, 9.0, 12.0, 5.0, 24.0, 6.0, 33.0, 32.0, 31.0, 26.0, 2.0, 25.0, 32.0, 17.0, 19.0, 36.0, 25.0, 23.0, 18.0, 37.0, 29.0, 16.0, 3.0]
[3.5, 3.5, 2.5, 2.5, 3.5, 2.5, 2.5, 2.5, 5.0, 5.0, 9.0, 9.0, 3.0, 1.9999999999999998, 1.9999999999999998, 3.0, 1.9999999999999998, 3.0, 3.0, 1.9999999999999998, 1.9999999999999998, 1.9999999999999998, 1.9999999999999998, 1.9999999999999998, 1.2, 1.2, 1.9999999999999998, 1.9999999999999998]
[2.5, 2.5, 3.5, 3.5, 2.5, 3.5, 3.5, 3.5, 5.0, 5.0, 9.0, 9.0, 1.9999999999999998, 3.0, 3.0, 1.9999999999999998, 3.0, 1.9999999999999998, 1.9999999999999998, 3.0, 1.2, 1.2, 1.2, 1.2, 1.9999999999999998, 1.9999999999999998, 1.2, 1.2]
T = 0.014411518807585602	 step = 793
73.94
12.588948863636363
[14.0, 34.0, 18.0, 9.0, 17.0, 4.0, 9.0, 6.0, 21.0, 15.0, 32.0, 11.0, 24.0, 37.0, 23.0, 8.0, 30.0, 3.0, 28.0, 7.0, 33.0, 38.0, 10.0, 10.0, 37.0, 2.0, 13.0, 15.0]
[8.0, 16.0, 12.0, 14.0, 17.0, 25.0, 9.0, 12.0, 5.0, 24.0, 6.0, 33.0, 32.0, 31.0, 26.0, 2.0, 25.0, 32.0, 17.0, 19.0, 36.0, 25.0, 23.0, 19.0, 37.0, 29.0, 16.0, 3.0]
[3.5, 3.5, 2.5, 2.5, 3.5, 2.5, 2.5, 2.5, 5.0, 5.0, 9.0, 9.0, 3.0, 1.9999999999999998, 1.9999999999999998, 3.0, 1.9999999999999998, 3.0, 3.0, 1.9999999999999998, 1.9999999999999998, 1.9999999999999998, 1.9999999999999998, 1.9999999999999998, 1.2, 1.2, 1.9999999999999998, 1.9999999999999998]
[2.5, 2.5, 3.5, 3.5, 2.5, 3.5, 3.5, 3.5, 5.0, 5.0, 9.0, 9.0, 1.9999999999999998, 3.0, 3.0, 1.9999999999999998, 3.0, 1.9999999999999998, 1.9999999999999998, 3.0, 1.2, 1.2, 1.2, 1.2, 1.9999999999999998, 1.9999999999999998, 1.2, 1.2]
T = 0.014411518807585602	 step = 794
73.93
12.542073863636363
[14.0, 34.0, 18.0, 9.0, 17.0, 4.0, 9.0, 6.0, 21.0, 15.0, 32.0, 11.0, 24.0, 37.0, 23.0, 8.0, 30.0, 3.0, 28.0, 7.0, 33.0, 38.0, 10.0, 10.0, 37.0, 2.0, 13.0, 15.0]
[8.0, 16.0, 12.0, 14.0, 17.0, 25.0, 9.0, 12.0, 5.0, 24.0, 6.0, 33.0, 32.0, 30.0, 26.0, 2.0, 25.0, 32.0, 17.0, 19.0, 36.0, 25.0, 23.0, 18.0, 37.0, 29.0, 16.0, 3.0]
[3.5, 3.5, 2.5, 2.5, 3.5, 2.5, 2.5, 2.5, 5.0, 5.0, 9.0, 9.0, 3.0, 1.9999999999999998, 1.9999999999999998, 3.0, 1.9999999999999998, 3.0, 3.0, 1.9999999999999998, 1.9999999999999998, 1.9999999999999998, 1.9999999999999998, 1.9999999999999998, 1.2, 1.2, 1.9999999999999998, 1.9999999999999998]
[2.5, 2.5, 3.5, 3.5, 2.5, 3.5, 3.5, 3.5, 5.0, 5.0, 9.0, 9.0, 1.9999999999999998, 3.0, 3.0, 1.9999999999999998, 3.0, 1.9999999999999998, 1.9999999999999998, 3.0, 1.2, 1.2, 1.2, 1.2, 1.9999999999999998, 1.9999999999999998, 1.2, 1.2]
T = 0.014411518807585602	 step = 795
73.84000000000003
12.675085227272724
[14.0, 34.0, 18.0, 9.0, 17.0, 4.0, 9.0, 6.0, 21.0, 15.0, 32.0, 11.0, 24.0, 37.0, 23.0, 8.0, 30.0, 3.0, 28.0, 7.0, 33.0, 38.0, 10.0, 10.0, 37.0, 2.0, 23.0, 15.0]
[8.0, 16.0, 12.0, 14.0, 17.0, 25.0, 9.0, 12.0, 5.0, 24.0, 6.0, 33.0, 32.0, 30.0, 26.0, 2.0, 25.0, 32.0, 17.0, 19.0, 36.0, 25.0, 23.0, 18.0, 37.0, 29.0, 38.0, 3.0]
[3.5, 3.5, 2.5, 2.5, 3.5, 2.5, 2.5, 2.5, 5.0, 5.0, 9.0, 9.0, 3.0, 1.9999999999999998, 1.9999999999999998, 3.0, 1.9999999999999998, 3.0, 3.0, 1.9999999999999998, 1.9999999999999998, 1.9999999999999998, 1.9999999999999998, 1.9999999999999998, 1.2, 1.2, 1.9999999999999998, 1.9999999999999998]
[2.5, 2.5, 3.5, 3.5, 2.5, 3.5, 3.5, 3.5, 5.0, 5.0, 9.0, 9.0, 1.9999999999999998, 3.0, 3.0, 1.9999999999999998, 3.0, 1.9999999999999998, 1.9999999999999998, 3.0, 1.2, 1.2, 1.2, 1.2, 1.9999999999999998, 1.9999999999999998, 1.2, 1.2]
T = 0.014411518807585602	 step = 796
73.81
12.643835227272724
[14.0, 34.0, 18.0, 9.0, 17.0, 4.0, 9.0, 6.0, 21.0, 15.0, 32.0, 11.0, 24.0, 37.0, 30.0, 8.0, 30.0, 3.0, 28.0, 7.0, 33.0, 38.0, 10.0, 10.0, 37.0, 2.0, 13.0, 15.0]
[8.0, 16.0, 12.0, 14.0, 17.0, 25.0, 9.0, 12.0, 5.0, 24.0, 6.0, 33.0, 32.0, 30.0, 21.0, 2.0, 25.0, 32.0, 17.0, 19.0, 36.0, 25.0, 23.0, 18.0, 37.0, 29.0, 16.0, 3.0]
[3.5, 3.5, 2.5, 2.5, 3.5, 2.5, 2.5, 2.5, 5.0, 5.0, 9.0, 9.0, 3.0, 1.9999999999999998, 3.0, 3.0, 1.9999999999999998, 3.0, 3.0, 1.9999999999999998, 1.9999999999999998, 1.9999999999999998, 1.9999999999999998, 1.9999999999999998, 1.2, 1.2, 1.9999999999999998, 1.9999999999999998]
[2.5, 2.5, 3.5, 3.5, 2.5, 3.5, 3.5, 3.5, 5.0, 5.0, 9.0, 9.0, 1.9999999999999998, 3.0, 1.9999999999999998, 1.9999999999999998, 3.0, 1.9999999999999998, 1.9999999999999998, 3.0, 1.2, 1.2, 1.2, 1.2, 1.9999999999999998, 1.9999999999999998, 1.2, 1.2]
T = 0.014411518807585602	 step = 797
73.81
12.659460227272724
[14.0, 34.0, 18.0, 9.0, 17.0, 4.0, 9.0, 6.0, 21.0, 15.0, 32.0, 11.0, 24.0, 37.0, 30.0, 8.0, 30.0, 3.0, 28.0, 7.0, 33.0, 38.0, 10.0, 10.0, 37.0, 2.0, 13.0, 15.0]
[8.0, 16.0, 12.0, 14.0, 17.0, 25.0, 9.0, 12.0, 5.0, 24.0, 6.0, 33.0, 32.0, 30.0, 21.0, 2.0, 25.0, 32.0, 17.0, 19.0, 36.0, 24.0, 23.0, 18.0, 37.0, 29.0, 16.0, 3.0]
[3.5, 3.5, 2.5, 2.5, 3.5, 2.5, 2.5, 2.5, 5.0, 5.0, 9.0, 9.0, 3.0, 1.9999999999999998, 3.0, 3.0, 1.9999999999999998, 3.0, 3.0, 1.9999999999999998, 1.9999999999999998, 1.9999999999999998, 1.9999999999999998, 1.9999999999999998, 1.2, 1.2, 1.9999999999999998, 1.9999999999999998]
[2.5, 2.5, 3.5, 3.5, 2.5, 3.5, 3.5, 3.5, 5.0, 5.0, 9.0, 9.0, 1.9999999999999998, 3.0, 1.9999999999999998, 1.9999999999999998, 3.0, 1.9999999999999998, 1.9999999999999998, 3.0, 1.2, 1.2, 1.2, 1.2, 1.9999999999999998, 1.9999999999999998, 1.2, 1.2]
T = 0.014411518807585602	 step = 798
73.56
13.588235973011363
[14.0, 34.0, 18.0, 3.0, 17.0, 4.0, 9.0, 6.0, 21.0, 15.0, 32.0, 11.0, 24.0, 37.0, 30.0, 8.0, 30.0, 3.0, 28.0, 7.0, 33.0, 38.0, 10.0, 10.0, 37.0, 2.0, 13.0, 15.0]
[8.0, 16.0, 12.0, 9.0, 17.0, 25.0, 9.0, 12.0, 5.0, 24.0, 6.0, 33.0, 32.0, 30.0, 21.0, 2.0, 25.0, 32.0, 17.0, 19.0, 36.0, 24.0, 23.0, 18.0, 37.0, 29.0, 16.0, 3.0]
[3.5, 3.5, 2.5, 2.5, 3.5, 2.5, 2.5, 2.5, 5.0, 5.0, 9.0, 9.0, 3.0, 1.9999999999999998, 3.0, 3.0, 1.9999999999999998, 3.0, 3.0, 1.9999999999999998, 1.9999999999999998, 1.9999999999999998, 1.9999999999999998, 1.9999999999999998, 1.2, 1.2, 1.9999999999999998, 1.9999999999999998]
[2.5, 2.5, 3.5, 3.5, 2.5, 3.5, 3.5, 3.5, 5.0, 5.0, 9.0, 9.0, 1.9999999999999998, 3.0, 1.9999999999999998, 1.9999999999999998, 3.0, 1.9999999999999998, 1.9999999999999998, 3.0, 1.2, 1.2, 1.2, 1.2, 1.9999999999999998, 1.9999999999999998, 1.2, 1.2]
T = 0.014411518807585602	 step = 799
73.89000000000004
12.572985617897727
[14.0, 34.0, 18.0, 9.0, 17.0, 5.0, 9.0, 6.0, 21.0, 15.0, 32.0, 11.0, 24.0, 37.0, 30.0, 8.0, 30.0, 3.0, 28.0, 7.0, 33.0, 38.0, 10.0, 10.0, 37.0, 2.0, 13.0, 15.0]
[8.0, 16.0, 12.0, 14.0, 17.0, 25.0, 9.0, 12.0, 5.0, 24.0, 6.0, 33.0, 32.0, 30.0, 21.0, 2.0, 25.0, 32.0, 17.0, 19.0, 36.0, 24.0, 23.0, 18.0, 37.0, 29.0, 16.0, 3.0]
[3.5, 3.5, 2.5, 2.5, 3.5, 2.5, 2.5, 2.5, 5.0, 5.0, 9.0, 9.0, 3.0, 1.9999999999999998, 3.0, 3.0, 1.9999999999999998, 3.0, 3.0, 1.9999999999999998, 1.9999999999999998, 1.9999999999999998, 1.9999999999999998, 1.9999999999999998, 1.2, 1.2, 1.9999999999999998, 1.9999999999999998]
[2.5, 2.5, 3.5, 3.5, 2.5, 3.5, 3.5, 3.5, 5.0, 5.0, 9.0, 9.0, 1.9999999999999998, 3.0, 1.9999999999999998, 1.9999999999999998, 3.0, 1.9999999999999998, 1.9999999999999998, 3.0, 1.2, 1.2, 1.2, 1.2, 1.9999999999999998, 1.9999999999999998, 1.2, 1.2]
T = 0.014411518807585602	 step = 800
73.92000000000002
12.494860617897727
[14.0, 34.0, 18.0, 9.0, 17.0, 6.0, 9.0, 6.0, 21.0, 15.0, 32.0, 11.0, 24.0, 37.0, 30.0, 8.0, 30.0, 3.0, 28.0, 7.0, 33.0, 38.0, 10.0, 10.0, 37.0, 2.0, 13.0, 15.0]
[8.0, 16.0, 12.0, 14.0, 17.0, 25.0, 9.0, 12.0, 5.0, 24.0, 6.0, 33.0, 32.0, 30.0, 21.0, 2.0, 25.0, 32.0, 17.0, 19.0, 36.0, 24.0, 23.0, 18.0, 37.0, 29.0, 16.0, 3.0]
[3.5, 3.5, 2.5, 2.5, 3.5, 2.5, 2.5, 2.5, 5.0, 5.0, 9.0, 9.0, 3.0, 1.9999999999999998, 3.0, 3.0, 1.9999999999999998, 3.0, 3.0, 1.9999999999999998, 1.9999999999999998, 1.9999999999999998, 1.9999999999999998, 1.9999999999999998, 1.2, 1.2, 1.9999999999999998, 1.9999999999999998]
[2.5, 2.5, 3.5, 3.5, 2.5, 3.5, 3.5, 3.5, 5.0, 5.0, 9.0, 9.0, 1.9999999999999998, 3.0, 1.9999999999999998, 1.9999999999999998, 3.0, 1.9999999999999998, 1.9999999999999998, 3.0, 1.2, 1.2, 1.2, 1.2, 1.9999999999999998, 1.9999999999999998, 1.2, 1.2]
T = 0.014411518807585602	 step = 801
73.93
12.494860617897727
[14.0, 34.0, 18.0, 9.0, 17.0, 6.0, 9.0, 6.0, 21.0, 15.0, 32.0, 11.0, 23.0, 37.0, 30.0, 8.0, 30.0, 3.0, 28.0, 7.0, 33.0, 38.0, 10.0, 10.0, 37.0, 2.0, 13.0, 15.0]
[8.0, 16.0, 12.0, 14.0, 17.0, 25.0, 9.0, 12.0, 5.0, 24.0, 6.0, 33.0, 32.0, 30.0, 21.0, 2.0, 25.0, 32.0, 17.0, 19.0, 36.0, 24.0, 23.0, 18.0, 37.0, 29.0, 16.0, 3.0]
[3.5, 3.5, 2.5, 2.5, 3.5, 2.5, 2.5, 2.5, 5.0, 5.0, 9.0, 9.0, 3.0, 1.9999999999999998, 3.0, 3.0, 1.9999999999999998, 3.0, 3.0, 1.9999999999999998, 1.9999999999999998, 1.9999999999999998, 1.9999999999999998, 1.9999999999999998, 1.2, 1.2, 1.9999999999999998, 1.9999999999999998]
[2.5, 2.5, 3.5, 3.5, 2.5, 3.5, 3.5, 3.5, 5.0, 5.0, 9.0, 9.0, 1.9999999999999998, 3.0, 1.9999999999999998, 1.9999999999999998, 3.0, 1.9999999999999998, 1.9999999999999998, 3.0, 1.2, 1.2, 1.2, 1.2, 1.9999999999999998, 1.9999999999999998, 1.2, 1.2]
T = 0.011529215046068483	 step = 802
73.98000000000002
12.41424982244318
[14.0, 34.0, 18.0, 10.0, 17.0, 6.0, 9.0, 6.0, 21.0, 15.0, 32.0, 11.0, 23.0, 37.0, 30.0, 8.0, 30.0, 3.0, 28.0, 7.0, 33.0, 38.0, 10.0, 10.0, 37.0, 2.0, 13.0, 15.0]
[8.0, 16.0, 12.0, 14.0, 17.0, 25.0, 9.0, 12.0, 5.0, 24.0, 6.0, 33.0, 32.0, 30.0, 21.0, 2.0, 25.0, 32.0, 17.0, 19.0, 36.0, 24.0, 23.0, 18.0, 37.0, 29.0, 16.0, 3.0]
[3.5, 3.5, 2.5, 2.5, 3.5, 2.5, 2.5, 2.5, 5.0, 5.0, 9.0, 9.0, 3.0, 1.9999999999999998, 3.0, 3.0, 1.9999999999999998, 3.0, 3.0, 1.9999999999999998, 1.9999999999999998, 1.9999999999999998, 1.9999999999999998, 1.9999999999999998, 1.2, 1.2, 1.9999999999999998, 1.9999999999999998]
[2.5, 2.5, 3.5, 3.5, 2.5, 3.5, 3.5, 3.5, 5.0, 5.0, 9.0, 9.0, 1.9999999999999998, 3.0, 1.9999999999999998, 1.9999999999999998, 3.0, 1.9999999999999998, 1.9999999999999998, 3.0, 1.2, 1.2, 1.2, 1.2, 1.9999999999999998, 1.9999999999999998, 1.2, 1.2]
T = 0.011529215046068483	 step = 803
73.80000000000001
12.23837979403409
[14.0, 34.0, 18.0, 10.0, 17.0, 6.0, 9.0, 6.0, 21.0, 15.0, 32.0, 11.0, 23.0, 37.0, 30.0, 8.0, 30.0, 3.0, 28.0, 7.0, 33.0, 38.0, 33.0, 10.0, 37.0, 2.0, 13.0, 15.0]
[8.0, 16.0, 12.0, 14.0, 17.0, 25.0, 9.0, 12.0, 5.0, 24.0, 6.0, 33.0, 32.0, 30.0, 21.0, 2.0, 25.0, 32.0, 17.0, 19.0, 36.0, 24.0, 29.0, 18.0, 37.0, 29.0, 16.0, 3.0]
[3.5, 3.5, 2.5, 2.5, 3.5, 2.5, 2.5, 2.5, 5.0, 5.0, 9.0, 9.0, 3.0, 1.9999999999999998, 3.0, 3.0, 1.9999999999999998, 3.0, 3.0, 1.9999999999999998, 1.9999999999999998, 1.9999999999999998, 1.2, 1.9999999999999998, 1.2, 1.2, 1.9999999999999998, 1.9999999999999998]
[2.5, 2.5, 3.5, 3.5, 2.5, 3.5, 3.5, 3.5, 5.0, 5.0, 9.0, 9.0, 1.9999999999999998, 3.0, 1.9999999999999998, 1.9999999999999998, 3.0, 1.9999999999999998, 1.9999999999999998, 3.0, 1.2, 1.2, 1.9999999999999998, 1.2, 1.9999999999999998, 1.9999999999999998, 1.2, 1.2]
T = 0.011529215046068483	 step = 804
73.79000000000002
12.76133078835227
[14.0, 34.0, 18.0, 10.0, 17.0, 6.0, 9.0, 6.0, 21.0, 15.0, 32.0, 11.0, 23.0, 37.0, 30.0, 8.0, 30.0, 3.0, 28.0, 25.0, 33.0, 38.0, 33.0, 10.0, 37.0, 2.0, 13.0, 15.0]
[8.0, 16.0, 12.0, 14.0, 17.0, 25.0, 9.0, 12.0, 5.0, 24.0, 6.0, 33.0, 32.0, 30.0, 21.0, 2.0, 25.0, 32.0, 17.0, 25.0, 36.0, 24.0, 29.0, 18.0, 37.0, 29.0, 16.0, 3.0]
[3.5, 3.5, 2.5, 2.5, 3.5, 2.5, 2.5, 2.5, 5.0, 5.0, 9.0, 9.0, 3.0, 1.9999999999999998, 3.0, 3.0, 1.9999999999999998, 3.0, 3.0, 3.0, 1.9999999999999998, 1.9999999999999998, 1.2, 1.9999999999999998, 1.2, 1.2, 1.9999999999999998, 1.9999999999999998]
[2.5, 2.5, 3.5, 3.5, 2.5, 3.5, 3.5, 3.5, 5.0, 5.0, 9.0, 9.0, 1.9999999999999998, 3.0, 1.9999999999999998, 1.9999999999999998, 3.0, 1.9999999999999998, 1.9999999999999998, 1.9999999999999998, 1.2, 1.2, 1.9999999999999998, 1.2, 1.9999999999999998, 1.9999999999999998, 1.2, 1.2]
T = 0.011529215046068483	 step = 805
73.81
12.25400479403409
[14.0, 34.0, 18.0, 10.0, 17.0, 6.0, 9.0, 6.0, 21.0, 15.0, 32.0, 11.0, 23.0, 37.0, 30.0, 8.0, 30.0, 3.0, 28.0, 7.0, 33.0, 38.0, 33.0, 10.0, 37.0, 2.0, 13.0, 15.0]
[8.0, 16.0, 12.0, 14.0, 17.0, 25.0, 9.0, 12.0, 5.0, 24.0, 6.0, 33.0, 32.0, 30.0, 21.0, 2.0, 25.0, 32.0, 17.0, 19.0, 36.0, 24.0, 29.0, 19.0, 37.0, 29.0, 16.0, 3.0]
[3.5, 3.5, 2.5, 2.5, 3.5, 2.5, 2.5, 2.5, 5.0, 5.0, 9.0, 9.0, 3.0, 1.9999999999999998, 3.0, 3.0, 1.9999999999999998, 3.0, 3.0, 1.9999999999999998, 1.9999999999999998, 1.9999999999999998, 1.2, 1.9999999999999998, 1.2, 1.2, 1.9999999999999998, 1.9999999999999998]
[2.5, 2.5, 3.5, 3.5, 2.5, 3.5, 3.5, 3.5, 5.0, 5.0, 9.0, 9.0, 1.9999999999999998, 3.0, 1.9999999999999998, 1.9999999999999998, 3.0, 1.9999999999999998, 1.9999999999999998, 3.0, 1.2, 1.2, 1.9999999999999998, 1.2, 1.9999999999999998, 1.9999999999999998, 1.2, 1.2]
T = 0.011529215046068483	 step = 806
73.81
12.26962979403409
[14.0, 34.0, 18.0, 10.0, 17.0, 6.0, 9.0, 6.0, 21.0, 15.0, 32.0, 11.0, 23.0, 37.0, 30.0, 8.0, 30.0, 3.0, 28.0, 7.0, 33.0, 38.0, 33.0, 10.0, 38.0, 2.0, 13.0, 15.0]
[8.0, 16.0, 12.0, 14.0, 17.0, 25.0, 9.0, 12.0, 5.0, 24.0, 6.0, 33.0, 32.0, 30.0, 21.0, 2.0, 25.0, 32.0, 17.0, 19.0, 36.0, 24.0, 29.0, 19.0, 37.0, 29.0, 16.0, 3.0]
[3.5, 3.5, 2.5, 2.5, 3.5, 2.5, 2.5, 2.5, 5.0, 5.0, 9.0, 9.0, 3.0, 1.9999999999999998, 3.0, 3.0, 1.9999999999999998, 3.0, 3.0, 1.9999999999999998, 1.9999999999999998, 1.9999999999999998, 1.2, 1.9999999999999998, 1.2, 1.2, 1.9999999999999998, 1.9999999999999998]
[2.5, 2.5, 3.5, 3.5, 2.5, 3.5, 3.5, 3.5, 5.0, 5.0, 9.0, 9.0, 1.9999999999999998, 3.0, 1.9999999999999998, 1.9999999999999998, 3.0, 1.9999999999999998, 1.9999999999999998, 3.0, 1.2, 1.2, 1.9999999999999998, 1.2, 1.9999999999999998, 1.9999999999999998, 1.2, 1.2]
T = 0.011529215046068483	 step = 807
73.80000000000001
12.25400479403409
[14.0, 34.0, 18.0, 10.0, 17.0, 6.0, 9.0, 6.0, 21.0, 15.0, 32.0, 11.0, 24.0, 37.0, 30.0, 8.0, 30.0, 3.0, 28.0, 7.0, 33.0, 38.0, 33.0, 10.0, 37.0, 2.0, 13.0, 15.0]
[8.0, 16.0, 12.0, 14.0, 17.0, 25.0, 9.0, 12.0, 5.0, 24.0, 6.0, 33.0, 32.0, 30.0, 21.0, 2.0, 25.0, 32.0, 17.0, 19.0, 36.0, 24.0, 29.0, 19.0, 37.0, 29.0, 16.0, 3.0]
[3.5, 3.5, 2.5, 2.5, 3.5, 2.5, 2.5, 2.5, 5.0, 5.0, 9.0, 9.0, 3.0, 1.9999999999999998, 3.0, 3.0, 1.9999999999999998, 3.0, 3.0, 1.9999999999999998, 1.9999999999999998, 1.9999999999999998, 1.2, 1.9999999999999998, 1.2, 1.2, 1.9999999999999998, 1.9999999999999998]
[2.5, 2.5, 3.5, 3.5, 2.5, 3.5, 3.5, 3.5, 5.0, 5.0, 9.0, 9.0, 1.9999999999999998, 3.0, 1.9999999999999998, 1.9999999999999998, 3.0, 1.9999999999999998, 1.9999999999999998, 3.0, 1.2, 1.2, 1.9999999999999998, 1.2, 1.9999999999999998, 1.9999999999999998, 1.2, 1.2]
T = 0.011529215046068483	 step = 808
74.24000000000001
12.31650479403409
[14.0, 34.0, 18.0, 10.0, 17.0, 6.0, 9.0, 6.0, 21.0, 15.0, 32.0, 11.0, 24.0, 37.0, 30.0, 8.0, 30.0, 3.0, 28.0, 7.0, 33.0, 38.0, 33.0, 10.0, 37.0, 2.0, 13.0, 15.0]
[8.0, 16.0, 12.0, 14.0, 17.0, 25.0, 9.0, 12.0, 5.0, 23.0, 6.0, 33.0, 32.0, 30.0, 21.0, 2.0, 25.0, 32.0, 17.0, 19.0, 36.0, 24.0, 29.0, 19.0, 37.0, 29.0, 16.0, 3.0]
[3.5, 3.5, 2.5, 2.5, 3.5, 2.5, 2.5, 2.5, 5.0, 5.0, 9.0, 9.0, 3.0, 1.9999999999999998, 3.0, 3.0, 1.9999999999999998, 3.0, 3.0, 1.9999999999999998, 1.9999999999999998, 1.9999999999999998, 1.2, 1.9999999999999998, 1.2, 1.2, 1.9999999999999998, 1.9999999999999998]
[2.5, 2.5, 3.5, 3.5, 2.5, 3.5, 3.5, 3.5, 5.0, 5.0, 9.0, 9.0, 1.9999999999999998, 3.0, 1.9999999999999998, 1.9999999999999998, 3.0, 1.9999999999999998, 1.9999999999999998, 3.0, 1.2, 1.2, 1.9999999999999998, 1.2, 1.9999999999999998, 1.9999999999999998, 1.2, 1.2]
T = 0.011529215046068483	 step = 809
74.25
12.23837979403409
[14.0, 34.0, 18.0, 10.0, 17.0, 6.0, 9.0, 6.0, 21.0, 15.0, 32.0, 11.0, 24.0, 37.0, 30.0, 8.0, 30.0, 3.0, 28.0, 7.0, 33.0, 38.0, 33.0, 10.0, 37.0, 2.0, 13.0, 15.0]
[8.0, 16.0, 12.0, 14.0, 17.0, 24.0, 9.0, 12.0, 5.0, 23.0, 6.0, 33.0, 32.0, 30.0, 21.0, 2.0, 25.0, 32.0, 17.0, 19.0, 36.0, 24.0, 29.0, 19.0, 37.0, 29.0, 16.0, 3.0]
[3.5, 3.5, 2.5, 2.5, 3.5, 2.5, 2.5, 2.5, 5.0, 5.0, 9.0, 9.0, 3.0, 1.9999999999999998, 3.0, 3.0, 1.9999999999999998, 3.0, 3.0, 1.9999999999999998, 1.9999999999999998, 1.9999999999999998, 1.2, 1.9999999999999998, 1.2, 1.2, 1.9999999999999998, 1.9999999999999998]
[2.5, 2.5, 3.5, 3.5, 2.5, 3.5, 3.5, 3.5, 5.0, 5.0, 9.0, 9.0, 1.9999999999999998, 3.0, 1.9999999999999998, 1.9999999999999998, 3.0, 1.9999999999999998, 1.9999999999999998, 3.0, 1.2, 1.2, 1.9999999999999998, 1.2, 1.9999999999999998, 1.9999999999999998, 1.2, 1.2]
T = 0.011529215046068483	 step = 810
74.25
12.19150479403409
[15.0, 34.0, 18.0, 10.0, 17.0, 6.0, 9.0, 6.0, 21.0, 15.0, 32.0, 11.0, 24.0, 37.0, 30.0, 8.0, 30.0, 3.0, 28.0, 7.0, 33.0, 38.0, 33.0, 10.0, 37.0, 2.0, 13.0, 15.0]
[8.0, 16.0, 12.0, 14.0, 17.0, 24.0, 9.0, 12.0, 5.0, 23.0, 6.0, 33.0, 32.0, 30.0, 21.0, 2.0, 25.0, 32.0, 17.0, 19.0, 36.0, 24.0, 29.0, 19.0, 37.0, 29.0, 16.0, 3.0]
[3.5, 3.5, 2.5, 2.5, 3.5, 2.5, 2.5, 2.5, 5.0, 5.0, 9.0, 9.0, 3.0, 1.9999999999999998, 3.0, 3.0, 1.9999999999999998, 3.0, 3.0, 1.9999999999999998, 1.9999999999999998, 1.9999999999999998, 1.2, 1.9999999999999998, 1.2, 1.2, 1.9999999999999998, 1.9999999999999998]
[2.5, 2.5, 3.5, 3.5, 2.5, 3.5, 3.5, 3.5, 5.0, 5.0, 9.0, 9.0, 1.9999999999999998, 3.0, 1.9999999999999998, 1.9999999999999998, 3.0, 1.9999999999999998, 1.9999999999999998, 3.0, 1.2, 1.2, 1.9999999999999998, 1.2, 1.9999999999999998, 1.9999999999999998, 1.2, 1.2]
T = 0.011529215046068483	 step = 811
74.28000000000003
12.11337979403409
[15.0, 33.0, 18.0, 10.0, 17.0, 6.0, 9.0, 6.0, 21.0, 15.0, 32.0, 11.0, 24.0, 37.0, 30.0, 8.0, 30.0, 3.0, 28.0, 7.0, 33.0, 38.0, 33.0, 10.0, 37.0, 2.0, 13.0, 15.0]
[8.0, 16.0, 12.0, 14.0, 17.0, 24.0, 9.0, 12.0, 5.0, 23.0, 6.0, 33.0, 32.0, 30.0, 21.0, 2.0, 25.0, 32.0, 17.0, 19.0, 36.0, 24.0, 29.0, 19.0, 37.0, 29.0, 16.0, 3.0]
[3.5, 3.5, 2.5, 2.5, 3.5, 2.5, 2.5, 2.5, 5.0, 5.0, 9.0, 9.0, 3.0, 1.9999999999999998, 3.0, 3.0, 1.9999999999999998, 3.0, 3.0, 1.9999999999999998, 1.9999999999999998, 1.9999999999999998, 1.2, 1.9999999999999998, 1.2, 1.2, 1.9999999999999998, 1.9999999999999998]
[2.5, 2.5, 3.5, 3.5, 2.5, 3.5, 3.5, 3.5, 5.0, 5.0, 9.0, 9.0, 1.9999999999999998, 3.0, 1.9999999999999998, 1.9999999999999998, 3.0, 1.9999999999999998, 1.9999999999999998, 3.0, 1.2, 1.2, 1.9999999999999998, 1.2, 1.9999999999999998, 1.9999999999999998, 1.2, 1.2]
T = 0.011529215046068483	 step = 812
74.39000000000004
12.129004794034087
[15.0, 33.0, 18.0, 10.0, 17.0, 6.0, 9.0, 6.0, 21.0, 15.0, 32.0, 11.0, 24.0, 37.0, 30.0, 8.0, 30.0, 3.0, 28.0, 7.0, 33.0, 38.0, 33.0, 10.0, 37.0, 2.0, 13.0, 15.0]
[8.0, 16.0, 12.0, 14.0, 18.0, 24.0, 9.0, 12.0, 5.0, 23.0, 6.0, 33.0, 32.0, 30.0, 21.0, 2.0, 25.0, 32.0, 17.0, 19.0, 36.0, 24.0, 29.0, 19.0, 37.0, 29.0, 16.0, 3.0]
[3.5, 3.5, 2.5, 2.5, 3.5, 2.5, 2.5, 2.5, 5.0, 5.0, 9.0, 9.0, 3.0, 1.9999999999999998, 3.0, 3.0, 1.9999999999999998, 3.0, 3.0, 1.9999999999999998, 1.9999999999999998, 1.9999999999999998, 1.2, 1.9999999999999998, 1.2, 1.2, 1.9999999999999998, 1.9999999999999998]
[2.5, 2.5, 3.5, 3.5, 2.5, 3.5, 3.5, 3.5, 5.0, 5.0, 9.0, 9.0, 1.9999999999999998, 3.0, 1.9999999999999998, 1.9999999999999998, 3.0, 1.9999999999999998, 1.9999999999999998, 3.0, 1.2, 1.2, 1.9999999999999998, 1.2, 1.9999999999999998, 1.9999999999999998, 1.2, 1.2]
T = 0.011529215046068483	 step = 813
74.30000000000001
12.168032670454544
[15.0, 33.0, 18.0, 10.0, 17.0, 6.0, 9.0, 6.0, 21.0, 15.0, 32.0, 11.0, 24.0, 37.0, 30.0, 8.0, 30.0, 3.0, 28.0, 7.0, 33.0, 38.0, 33.0, 10.0, 37.0, 2.0, 13.0, 15.0]
[8.0, 16.0, 12.0, 14.0, 17.0, 24.0, 9.0, 12.0, 5.0, 23.0, 7.0, 33.0, 32.0, 30.0, 21.0, 2.0, 25.0, 32.0, 17.0, 19.0, 36.0, 24.0, 29.0, 19.0, 37.0, 29.0, 16.0, 3.0]
[3.5, 3.5, 2.5, 2.5, 3.5, 2.5, 2.5, 2.5, 5.0, 5.0, 9.0, 9.0, 3.0, 1.9999999999999998, 3.0, 3.0, 1.9999999999999998, 3.0, 3.0, 1.9999999999999998, 1.9999999999999998, 1.9999999999999998, 1.2, 1.9999999999999998, 1.2, 1.2, 1.9999999999999998, 1.9999999999999998]
[2.5, 2.5, 3.5, 3.5, 2.5, 3.5, 3.5, 3.5, 5.0, 5.0, 9.0, 9.0, 1.9999999999999998, 3.0, 1.9999999999999998, 1.9999999999999998, 3.0, 1.9999999999999998, 1.9999999999999998, 3.0, 1.2, 1.2, 1.9999999999999998, 1.2, 1.9999999999999998, 1.9999999999999998, 1.2, 1.2]
T = 0.011529215046068483	 step = 814
74.29000000000002
12.08212979403409
[15.0, 33.0, 18.0, 10.0, 17.0, 6.0, 9.0, 6.0, 21.0, 15.0, 32.0, 11.0, 24.0, 37.0, 30.0, 8.0, 30.0, 3.0, 27.0, 7.0, 33.0, 38.0, 33.0, 10.0, 37.0, 2.0, 13.0, 15.0]
[8.0, 16.0, 12.0, 14.0, 17.0, 24.0, 9.0, 12.0, 5.0, 23.0, 6.0, 33.0, 32.0, 30.0, 21.0, 2.0, 25.0, 32.0, 17.0, 19.0, 36.0, 24.0, 29.0, 19.0, 37.0, 29.0, 16.0, 3.0]
[3.5, 3.5, 2.5, 2.5, 3.5, 2.5, 2.5, 2.5, 5.0, 5.0, 9.0, 9.0, 3.0, 1.9999999999999998, 3.0, 3.0, 1.9999999999999998, 3.0, 3.0, 1.9999999999999998, 1.9999999999999998, 1.9999999999999998, 1.2, 1.9999999999999998, 1.2, 1.2, 1.9999999999999998, 1.9999999999999998]
[2.5, 2.5, 3.5, 3.5, 2.5, 3.5, 3.5, 3.5, 5.0, 5.0, 9.0, 9.0, 1.9999999999999998, 3.0, 1.9999999999999998, 1.9999999999999998, 3.0, 1.9999999999999998, 1.9999999999999998, 3.0, 1.2, 1.2, 1.9999999999999998, 1.2, 1.9999999999999998, 1.9999999999999998, 1.2, 1.2]
T = 0.011529215046068483	 step = 815
74.19
12.06650479403409
[15.0, 33.0, 18.0, 10.0, 17.0, 6.0, 9.0, 6.0, 21.0, 15.0, 32.0, 11.0, 24.0, 37.0, 30.0, 8.0, 30.0, 3.0, 27.0, 7.0, 33.0, 38.0, 33.0, 10.0, 37.0, 2.0, 13.0, 15.0]
[8.0, 16.0, 12.0, 14.0, 16.0, 24.0, 9.0, 12.0, 5.0, 23.0, 6.0, 33.0, 32.0, 30.0, 21.0, 2.0, 25.0, 32.0, 17.0, 19.0, 36.0, 24.0, 29.0, 19.0, 37.0, 29.0, 16.0, 3.0]
[3.5, 3.5, 2.5, 2.5, 3.5, 2.5, 2.5, 2.5, 5.0, 5.0, 9.0, 9.0, 3.0, 1.9999999999999998, 3.0, 3.0, 1.9999999999999998, 3.0, 3.0, 1.9999999999999998, 1.9999999999999998, 1.9999999999999998, 1.2, 1.9999999999999998, 1.2, 1.2, 1.9999999999999998, 1.9999999999999998]
[2.5, 2.5, 3.5, 3.5, 2.5, 3.5, 3.5, 3.5, 5.0, 5.0, 9.0, 9.0, 1.9999999999999998, 3.0, 1.9999999999999998, 1.9999999999999998, 3.0, 1.9999999999999998, 1.9999999999999998, 3.0, 1.2, 1.2, 1.9999999999999998, 1.2, 1.9999999999999998, 1.9999999999999998, 1.2, 1.2]
T = 0.011529215046068483	 step = 816
74.27000000000004
11.94150479403409
[15.0, 33.0, 18.0, 10.0, 17.0, 6.0, 9.0, 6.0, 21.0, 15.0, 32.0, 11.0, 24.0, 37.0, 30.0, 8.0, 30.0, 3.0, 27.0, 7.0, 33.0, 38.0, 33.0, 10.0, 37.0, 2.0, 13.0, 15.0]
[8.0, 16.0, 12.0, 14.0, 16.0, 24.0, 9.0, 12.0, 5.0, 23.0, 6.0, 32.0, 32.0, 30.0, 21.0, 2.0, 25.0, 32.0, 17.0, 19.0, 36.0, 24.0, 29.0, 19.0, 37.0, 29.0, 16.0, 3.0]
[3.5, 3.5, 2.5, 2.5, 3.5, 2.5, 2.5, 2.5, 5.0, 5.0, 9.0, 9.0, 3.0, 1.9999999999999998, 3.0, 3.0, 1.9999999999999998, 3.0, 3.0, 1.9999999999999998, 1.9999999999999998, 1.9999999999999998, 1.2, 1.9999999999999998, 1.2, 1.2, 1.9999999999999998, 1.9999999999999998]
[2.5, 2.5, 3.5, 3.5, 2.5, 3.5, 3.5, 3.5, 5.0, 5.0, 9.0, 9.0, 1.9999999999999998, 3.0, 1.9999999999999998, 1.9999999999999998, 3.0, 1.9999999999999998, 1.9999999999999998, 3.0, 1.2, 1.2, 1.9999999999999998, 1.2, 1.9999999999999998, 1.9999999999999998, 1.2, 1.2]
T = 0.011529215046068483	 step = 817
74.26000000000005
11.95712979403409
[15.0, 33.0, 18.0, 10.0, 17.0, 6.0, 9.0, 6.0, 21.0, 15.0, 32.0, 11.0, 24.0, 37.0, 30.0, 8.0, 30.0, 3.0, 27.0, 7.0, 33.0, 38.0, 34.0, 10.0, 37.0, 2.0, 13.0, 15.0]
[8.0, 16.0, 12.0, 14.0, 16.0, 24.0, 9.0, 12.0, 5.0, 23.0, 6.0, 32.0, 32.0, 30.0, 21.0, 2.0, 25.0, 32.0, 17.0, 19.0, 36.0, 24.0, 29.0, 19.0, 37.0, 29.0, 16.0, 3.0]
[3.5, 3.5, 2.5, 2.5, 3.5, 2.5, 2.5, 2.5, 5.0, 5.0, 9.0, 9.0, 3.0, 1.9999999999999998, 3.0, 3.0, 1.9999999999999998, 3.0, 3.0, 1.9999999999999998, 1.9999999999999998, 1.9999999999999998, 1.2, 1.9999999999999998, 1.2, 1.2, 1.9999999999999998, 1.9999999999999998]
[2.5, 2.5, 3.5, 3.5, 2.5, 3.5, 3.5, 3.5, 5.0, 5.0, 9.0, 9.0, 1.9999999999999998, 3.0, 1.9999999999999998, 1.9999999999999998, 3.0, 1.9999999999999998, 1.9999999999999998, 3.0, 1.2, 1.2, 1.9999999999999998, 1.2, 1.9999999999999998, 1.9999999999999998, 1.2, 1.2]
T = 0.011529215046068483	 step = 818
74.28000000000003
11.97275479403409
[15.0, 33.0, 18.0, 10.0, 17.0, 6.0, 9.0, 6.0, 21.0, 15.0, 32.0, 11.0, 24.0, 37.0, 30.0, 8.0, 30.0, 3.0, 27.0, 7.0, 33.0, 38.0, 34.0, 10.0, 37.0, 2.0, 13.0, 15.0]
[8.0, 16.0, 12.0, 14.0, 16.0, 24.0, 9.0, 12.0, 5.0, 23.0, 6.0, 32.0, 32.0, 30.0, 21.0, 2.0, 25.0, 32.0, 17.0, 19.0, 36.0, 24.0, 29.0, 20.0, 37.0, 29.0, 16.0, 3.0]
[3.5, 3.5, 2.5, 2.5, 3.5, 2.5, 2.5, 2.5, 5.0, 5.0, 9.0, 9.0, 3.0, 1.9999999999999998, 3.0, 3.0, 1.9999999999999998, 3.0, 3.0, 1.9999999999999998, 1.9999999999999998, 1.9999999999999998, 1.2, 1.9999999999999998, 1.2, 1.2, 1.9999999999999998, 1.9999999999999998]
[2.5, 2.5, 3.5, 3.5, 2.5, 3.5, 3.5, 3.5, 5.0, 5.0, 9.0, 9.0, 1.9999999999999998, 3.0, 1.9999999999999998, 1.9999999999999998, 3.0, 1.9999999999999998, 1.9999999999999998, 3.0, 1.2, 1.2, 1.9999999999999998, 1.2, 1.9999999999999998, 1.9999999999999998, 1.2, 1.2]
T = 0.011529215046068483	 step = 819
74.25
12.01962979403409
[15.0, 33.0, 18.0, 10.0, 17.0, 6.0, 9.0, 6.0, 21.0, 15.0, 32.0, 11.0, 24.0, 37.0, 30.0, 8.0, 30.0, 3.0, 27.0, 7.0, 33.0, 38.0, 34.0, 10.0, 37.0, 2.0, 13.0, 15.0]
[7.0, 16.0, 12.0, 14.0, 16.0, 24.0, 9.0, 12.0, 5.0, 23.0, 6.0, 32.0, 32.0, 30.0, 21.0, 2.0, 25.0, 32.0, 17.0, 19.0, 36.0, 24.0, 29.0, 20.0, 37.0, 29.0, 16.0, 3.0]
[3.5, 3.5, 2.5, 2.5, 3.5, 2.5, 2.5, 2.5, 5.0, 5.0, 9.0, 9.0, 3.0, 1.9999999999999998, 3.0, 3.0, 1.9999999999999998, 3.0, 3.0, 1.9999999999999998, 1.9999999999999998, 1.9999999999999998, 1.2, 1.9999999999999998, 1.2, 1.2, 1.9999999999999998, 1.9999999999999998]
[2.5, 2.5, 3.5, 3.5, 2.5, 3.5, 3.5, 3.5, 5.0, 5.0, 9.0, 9.0, 1.9999999999999998, 3.0, 1.9999999999999998, 1.9999999999999998, 3.0, 1.9999999999999998, 1.9999999999999998, 3.0, 1.2, 1.2, 1.9999999999999998, 1.2, 1.9999999999999998, 1.9999999999999998, 1.2, 1.2]
T = 0.011529215046068483	 step = 820
74.25
12.00400479403409
[15.0, 33.0, 18.0, 10.0, 17.0, 6.0, 9.0, 6.0, 21.0, 15.0, 32.0, 11.0, 24.0, 37.0, 30.0, 8.0, 30.0, 3.0, 27.0, 7.0, 32.0, 38.0, 34.0, 10.0, 37.0, 2.0, 13.0, 15.0]
[7.0, 16.0, 12.0, 14.0, 16.0, 24.0, 9.0, 12.0, 5.0, 23.0, 6.0, 32.0, 32.0, 30.0, 21.0, 2.0, 25.0, 32.0, 17.0, 19.0, 36.0, 24.0, 29.0, 20.0, 37.0, 29.0, 16.0, 3.0]
[3.5, 3.5, 2.5, 2.5, 3.5, 2.5, 2.5, 2.5, 5.0, 5.0, 9.0, 9.0, 3.0, 1.9999999999999998, 3.0, 3.0, 1.9999999999999998, 3.0, 3.0, 1.9999999999999998, 1.9999999999999998, 1.9999999999999998, 1.2, 1.9999999999999998, 1.2, 1.2, 1.9999999999999998, 1.9999999999999998]
[2.5, 2.5, 3.5, 3.5, 2.5, 3.5, 3.5, 3.5, 5.0, 5.0, 9.0, 9.0, 1.9999999999999998, 3.0, 1.9999999999999998, 1.9999999999999998, 3.0, 1.9999999999999998, 1.9999999999999998, 3.0, 1.2, 1.2, 1.9999999999999998, 1.2, 1.9999999999999998, 1.9999999999999998, 1.2, 1.2]
T = 0.011529215046068483	 step = 821
74.26000000000005
11.97275479403409
[15.0, 33.0, 18.0, 10.0, 17.0, 6.0, 9.0, 6.0, 21.0, 15.0, 32.0, 11.0, 24.0, 37.0, 30.0, 8.0, 30.0, 3.0, 27.0, 7.0, 32.0, 38.0, 34.0, 10.0, 37.0, 2.0, 13.0, 15.0]
[7.0, 16.0, 12.0, 14.0, 16.0, 24.0, 9.0, 12.0, 5.0, 23.0, 6.0, 32.0, 32.0, 30.0, 21.0, 3.0, 25.0, 32.0, 17.0, 19.0, 36.0, 24.0, 29.0, 20.0, 37.0, 29.0, 16.0, 3.0]
[3.5, 3.5, 2.5, 2.5, 3.5, 2.5, 2.5, 2.5, 5.0, 5.0, 9.0, 9.0, 3.0, 1.9999999999999998, 3.0, 3.0, 1.9999999999999998, 3.0, 3.0, 1.9999999999999998, 1.9999999999999998, 1.9999999999999998, 1.2, 1.9999999999999998, 1.2, 1.2, 1.9999999999999998, 1.9999999999999998]
[2.5, 2.5, 3.5, 3.5, 2.5, 3.5, 3.5, 3.5, 5.0, 5.0, 9.0, 9.0, 1.9999999999999998, 3.0, 1.9999999999999998, 1.9999999999999998, 3.0, 1.9999999999999998, 1.9999999999999998, 3.0, 1.2, 1.2, 1.9999999999999998, 1.2, 1.9999999999999998, 1.9999999999999998, 1.2, 1.2]
T = 0.011529215046068483	 step = 822
74.29000000000002
11.957271839488634
[15.0, 33.0, 18.0, 10.0, 17.0, 6.0, 9.0, 6.0, 21.0, 15.0, 32.0, 11.0, 24.0, 37.0, 30.0, 8.0, 30.0, 3.0, 27.0, 7.0, 32.0, 38.0, 34.0, 10.0, 37.0, 2.0, 13.0, 15.0]
[7.0, 16.0, 12.0, 14.0, 16.0, 24.0, 9.0, 12.0, 5.0, 23.0, 6.0, 32.0, 32.0, 30.0, 21.0, 3.0, 25.0, 32.0, 17.0, 19.0, 36.0, 24.0, 29.0, 20.0, 37.0, 29.0, 17.0, 3.0]
[3.5, 3.5, 2.5, 2.5, 3.5, 2.5, 2.5, 2.5, 5.0, 5.0, 9.0, 9.0, 3.0, 1.9999999999999998, 3.0, 3.0, 1.9999999999999998, 3.0, 3.0, 1.9999999999999998, 1.9999999999999998, 1.9999999999999998, 1.2, 1.9999999999999998, 1.2, 1.2, 1.9999999999999998, 1.9999999999999998]
[2.5, 2.5, 3.5, 3.5, 2.5, 3.5, 3.5, 3.5, 5.0, 5.0, 9.0, 9.0, 1.9999999999999998, 3.0, 1.9999999999999998, 1.9999999999999998, 3.0, 1.9999999999999998, 1.9999999999999998, 3.0, 1.2, 1.2, 1.9999999999999998, 1.2, 1.9999999999999998, 1.9999999999999998, 1.2, 1.2]
T = 0.011529215046068483	 step = 823
74.29000000000002
11.941646839488634
[15.0, 33.0, 18.0, 10.0, 17.0, 6.0, 9.0, 6.0, 21.0, 15.0, 32.0, 11.0, 24.0, 37.0, 30.0, 8.0, 30.0, 3.0, 27.0, 7.0, 32.0, 38.0, 34.0, 10.0, 37.0, 2.0, 13.0, 15.0]
[7.0, 16.0, 12.0, 14.0, 16.0, 24.0, 9.0, 12.0, 5.0, 23.0, 6.0, 32.0, 32.0, 30.0, 21.0, 3.0, 25.0, 32.0, 17.0, 19.0, 36.0, 25.0, 29.0, 20.0, 37.0, 29.0, 17.0, 3.0]
[3.5, 3.5, 2.5, 2.5, 3.5, 2.5, 2.5, 2.5, 5.0, 5.0, 9.0, 9.0, 3.0, 1.9999999999999998, 3.0, 3.0, 1.9999999999999998, 3.0, 3.0, 1.9999999999999998, 1.9999999999999998, 1.9999999999999998, 1.2, 1.9999999999999998, 1.2, 1.2, 1.9999999999999998, 1.9999999999999998]
[2.5, 2.5, 3.5, 3.5, 2.5, 3.5, 3.5, 3.5, 5.0, 5.0, 9.0, 9.0, 1.9999999999999998, 3.0, 1.9999999999999998, 1.9999999999999998, 3.0, 1.9999999999999998, 1.9999999999999998, 3.0, 1.2, 1.2, 1.9999999999999998, 1.2, 1.9999999999999998, 1.9999999999999998, 1.2, 1.2]
T = 0.011529215046068483	 step = 824
74.25
12.558205788352268
[15.0, 33.0, 18.0, 10.0, 17.0, 6.0, 9.0, 6.0, 21.0, 15.0, 32.0, 11.0, 24.0, 37.0, 30.0, 8.0, 30.0, 3.0, 27.0, 26.0, 32.0, 38.0, 34.0, 10.0, 37.0, 2.0, 13.0, 15.0]
[7.0, 16.0, 12.0, 14.0, 16.0, 24.0, 9.0, 12.0, 5.0, 23.0, 6.0, 32.0, 32.0, 30.0, 21.0, 3.0, 25.0, 32.0, 17.0, 27.0, 36.0, 25.0, 29.0, 20.0, 37.0, 29.0, 17.0, 3.0]
[3.5, 3.5, 2.5, 2.5, 3.5, 2.5, 2.5, 2.5, 5.0, 5.0, 9.0, 9.0, 3.0, 1.9999999999999998, 3.0, 3.0, 1.9999999999999998, 3.0, 3.0, 1.9999999999999998, 1.9999999999999998, 1.9999999999999998, 1.2, 1.9999999999999998, 1.2, 1.2, 1.9999999999999998, 1.9999999999999998]
[2.5, 2.5, 3.5, 3.5, 2.5, 3.5, 3.5, 3.5, 5.0, 5.0, 9.0, 9.0, 1.9999999999999998, 3.0, 1.9999999999999998, 1.9999999999999998, 3.0, 1.9999999999999998, 1.9999999999999998, 3.0, 1.2, 1.2, 1.9999999999999998, 1.2, 1.9999999999999998, 1.9999999999999998, 1.2, 1.2]
T = 0.011529215046068483	 step = 825
74.30000000000001
11.944899680397725
[15.0, 33.0, 18.0, 10.0, 17.0, 6.0, 9.0, 6.0, 21.0, 15.0, 32.0, 11.0, 24.0, 37.0, 30.0, 8.0, 30.0, 3.0, 27.0, 7.0, 32.0, 38.0, 34.0, 10.0, 37.0, 3.0, 13.0, 15.0]
[7.0, 16.0, 12.0, 14.0, 16.0, 24.0, 9.0, 12.0, 5.0, 23.0, 6.0, 32.0, 32.0, 30.0, 21.0, 3.0, 25.0, 32.0, 17.0, 19.0, 36.0, 25.0, 29.0, 20.0, 37.0, 29.0, 17.0, 3.0]
[3.5, 3.5, 2.5, 2.5, 3.5, 2.5, 2.5, 2.5, 5.0, 5.0, 9.0, 9.0, 3.0, 1.9999999999999998, 3.0, 3.0, 1.9999999999999998, 3.0, 3.0, 1.9999999999999998, 1.9999999999999998, 1.9999999999999998, 1.2, 1.9999999999999998, 1.2, 1.2, 1.9999999999999998, 1.9999999999999998]
[2.5, 2.5, 3.5, 3.5, 2.5, 3.5, 3.5, 3.5, 5.0, 5.0, 9.0, 9.0, 1.9999999999999998, 3.0, 1.9999999999999998, 1.9999999999999998, 3.0, 1.9999999999999998, 1.9999999999999998, 3.0, 1.2, 1.2, 1.9999999999999998, 1.2, 1.9999999999999998, 1.9999999999999998, 1.2, 1.2]
T = 0.011529215046068483	 step = 826
74.22000000000003
14.163749112215907
[15.0, 33.0, 18.0, 10.0, 17.0, 6.0, 24.0, 6.0, 21.0, 15.0, 32.0, 11.0, 24.0, 37.0, 30.0, 8.0, 30.0, 3.0, 27.0, 7.0, 32.0, 38.0, 34.0, 10.0, 37.0, 3.0, 13.0, 15.0]
[7.0, 16.0, 12.0, 14.0, 16.0, 24.0, 38.0, 12.0, 5.0, 23.0, 6.0, 32.0, 32.0, 30.0, 21.0, 3.0, 25.0, 32.0, 17.0, 19.0, 36.0, 25.0, 29.0, 20.0, 37.0, 29.0, 17.0, 3.0]
[3.5, 3.5, 2.5, 2.5, 3.5, 2.5, 3.5, 2.5, 5.0, 5.0, 9.0, 9.0, 3.0, 1.9999999999999998, 3.0, 3.0, 1.9999999999999998, 3.0, 3.0, 1.9999999999999998, 1.9999999999999998, 1.9999999999999998, 1.2, 1.9999999999999998, 1.2, 1.2, 1.9999999999999998, 1.9999999999999998]
[2.5, 2.5, 3.5, 3.5, 2.5, 3.5, 2.5, 3.5, 5.0, 5.0, 9.0, 9.0, 1.9999999999999998, 3.0, 1.9999999999999998, 1.9999999999999998, 3.0, 1.9999999999999998, 1.9999999999999998, 3.0, 1.2, 1.2, 1.9999999999999998, 1.2, 1.9999999999999998, 1.9999999999999998, 1.2, 1.2]
T = 0.011529215046068483	 step = 827
74.29000000000002
11.97600763494318
[15.0, 33.0, 18.0, 10.0, 17.0, 6.0, 9.0, 6.0, 21.0, 15.0, 32.0, 11.0, 24.0, 37.0, 30.0, 8.0, 30.0, 3.0, 27.0, 7.0, 32.0, 38.0, 34.0, 10.0, 37.0, 3.0, 13.0, 15.0]
[7.0, 16.0, 12.0, 14.0, 16.0, 24.0, 9.0, 12.0, 5.0, 23.0, 6.0, 32.0, 32.0, 30.0, 21.0, 3.0, 25.0, 33.0, 17.0, 19.0, 36.0, 25.0, 29.0, 20.0, 37.0, 29.0, 17.0, 3.0]
[3.5, 3.5, 2.5, 2.5, 3.5, 2.5, 2.5, 2.5, 5.0, 5.0, 9.0, 9.0, 3.0, 1.9999999999999998, 3.0, 3.0, 1.9999999999999998, 3.0, 3.0, 1.9999999999999998, 1.9999999999999998, 1.9999999999999998, 1.2, 1.9999999999999998, 1.2, 1.2, 1.9999999999999998, 1.9999999999999998]
[2.5, 2.5, 3.5, 3.5, 2.5, 3.5, 3.5, 3.5, 5.0, 5.0, 9.0, 9.0, 1.9999999999999998, 3.0, 1.9999999999999998, 1.9999999999999998, 3.0, 1.9999999999999998, 1.9999999999999998, 3.0, 1.2, 1.2, 1.9999999999999998, 1.2, 1.9999999999999998, 1.9999999999999998, 1.2, 1.2]
T = 0.011529215046068483	 step = 828
74.37
11.866632634943182
[15.0, 33.0, 18.0, 10.0, 17.0, 7.0, 9.0, 6.0, 21.0, 15.0, 32.0, 11.0, 24.0, 37.0, 30.0, 8.0, 30.0, 3.0, 27.0, 7.0, 32.0, 38.0, 34.0, 10.0, 37.0, 3.0, 13.0, 15.0]
[7.0, 16.0, 12.0, 14.0, 16.0, 24.0, 9.0, 12.0, 5.0, 23.0, 6.0, 32.0, 32.0, 30.0, 21.0, 3.0, 25.0, 32.0, 17.0, 19.0, 36.0, 25.0, 29.0, 20.0, 37.0, 29.0, 17.0, 3.0]
[3.5, 3.5, 2.5, 2.5, 3.5, 2.5, 2.5, 2.5, 5.0, 5.0, 9.0, 9.0, 3.0, 1.9999999999999998, 3.0, 3.0, 1.9999999999999998, 3.0, 3.0, 1.9999999999999998, 1.9999999999999998, 1.9999999999999998, 1.2, 1.9999999999999998, 1.2, 1.2, 1.9999999999999998, 1.9999999999999998]
[2.5, 2.5, 3.5, 3.5, 2.5, 3.5, 3.5, 3.5, 5.0, 5.0, 9.0, 9.0, 1.9999999999999998, 3.0, 1.9999999999999998, 1.9999999999999998, 3.0, 1.9999999999999998, 1.9999999999999998, 3.0, 1.2, 1.2, 1.9999999999999998, 1.2, 1.9999999999999998, 1.9999999999999998, 1.2, 1.2]
T = 0.011529215046068483	 step = 829
74.42000000000002
11.851233132102271
[15.0, 33.0, 18.0, 10.0, 17.0, 7.0, 9.0, 6.0, 21.0, 15.0, 32.0, 11.0, 24.0, 37.0, 30.0, 8.0, 30.0, 3.0, 27.0, 7.0, 32.0, 38.0, 34.0, 10.0, 37.0, 3.0, 13.0, 15.0]
[7.0, 16.0, 12.0, 15.0, 16.0, 24.0, 9.0, 12.0, 5.0, 23.0, 6.0, 32.0, 32.0, 30.0, 21.0, 3.0, 25.0, 32.0, 17.0, 19.0, 36.0, 25.0, 29.0, 20.0, 37.0, 29.0, 17.0, 3.0]
[3.5, 3.5, 2.5, 2.5, 3.5, 2.5, 2.5, 2.5, 5.0, 5.0, 9.0, 9.0, 3.0, 1.9999999999999998, 3.0, 3.0, 1.9999999999999998, 3.0, 3.0, 1.9999999999999998, 1.9999999999999998, 1.9999999999999998, 1.2, 1.9999999999999998, 1.2, 1.2, 1.9999999999999998, 1.9999999999999998]
[2.5, 2.5, 3.5, 3.5, 2.5, 3.5, 3.5, 3.5, 5.0, 5.0, 9.0, 9.0, 1.9999999999999998, 3.0, 1.9999999999999998, 1.9999999999999998, 3.0, 1.9999999999999998, 1.9999999999999998, 3.0, 1.2, 1.2, 1.9999999999999998, 1.2, 1.9999999999999998, 1.9999999999999998, 1.2, 1.2]
T = 0.011529215046068483	 step = 830
74.48000000000002
11.836318359374998
[15.0, 33.0, 18.0, 10.0, 17.0, 7.0, 9.0, 6.0, 21.0, 15.0, 32.0, 11.0, 24.0, 37.0, 30.0, 8.0, 30.0, 3.0, 27.0, 7.0, 32.0, 38.0, 34.0, 10.0, 37.0, 3.0, 13.0, 15.0]
[7.0, 16.0, 12.0, 16.0, 16.0, 24.0, 9.0, 12.0, 5.0, 23.0, 6.0, 32.0, 32.0, 30.0, 21.0, 3.0, 25.0, 32.0, 17.0, 19.0, 36.0, 25.0, 29.0, 20.0, 37.0, 29.0, 17.0, 3.0]
[3.5, 3.5, 2.5, 2.5, 3.5, 2.5, 2.5, 2.5, 5.0, 5.0, 9.0, 9.0, 3.0, 1.9999999999999998, 3.0, 3.0, 1.9999999999999998, 3.0, 3.0, 1.9999999999999998, 1.9999999999999998, 1.9999999999999998, 1.2, 1.9999999999999998, 1.2, 1.2, 1.9999999999999998, 1.9999999999999998]
[2.5, 2.5, 3.5, 3.5, 2.5, 3.5, 3.5, 3.5, 5.0, 5.0, 9.0, 9.0, 1.9999999999999998, 3.0, 1.9999999999999998, 1.9999999999999998, 3.0, 1.9999999999999998, 1.9999999999999998, 3.0, 1.2, 1.2, 1.9999999999999998, 1.2, 1.9999999999999998, 1.9999999999999998, 1.2, 1.2]
T = 0.011529215046068483	 step = 831
74.47000000000003
11.836318359374998
[15.0, 33.0, 18.0, 10.0, 17.0, 7.0, 9.0, 6.0, 22.0, 15.0, 32.0, 11.0, 24.0, 37.0, 30.0, 8.0, 30.0, 3.0, 27.0, 7.0, 32.0, 38.0, 34.0, 10.0, 37.0, 3.0, 13.0, 15.0]
[7.0, 16.0, 12.0, 16.0, 16.0, 24.0, 9.0, 12.0, 5.0, 23.0, 6.0, 32.0, 32.0, 30.0, 21.0, 3.0, 25.0, 32.0, 17.0, 19.0, 36.0, 25.0, 29.0, 20.0, 37.0, 29.0, 17.0, 3.0]
[3.5, 3.5, 2.5, 2.5, 3.5, 2.5, 2.5, 2.5, 5.0, 5.0, 9.0, 9.0, 3.0, 1.9999999999999998, 3.0, 3.0, 1.9999999999999998, 3.0, 3.0, 1.9999999999999998, 1.9999999999999998, 1.9999999999999998, 1.2, 1.9999999999999998, 1.2, 1.2, 1.9999999999999998, 1.9999999999999998]
[2.5, 2.5, 3.5, 3.5, 2.5, 3.5, 3.5, 3.5, 5.0, 5.0, 9.0, 9.0, 1.9999999999999998, 3.0, 1.9999999999999998, 1.9999999999999998, 3.0, 1.9999999999999998, 1.9999999999999998, 3.0, 1.2, 1.2, 1.9999999999999998, 1.2, 1.9999999999999998, 1.9999999999999998, 1.2, 1.2]
T = 0.011529215046068483	 step = 832
74.47000000000003
11.847948330965908
[15.0, 33.0, 18.0, 10.0, 17.0, 7.0, 9.0, 6.0, 22.0, 15.0, 32.0, 11.0, 24.0, 37.0, 30.0, 8.0, 30.0, 3.0, 27.0, 7.0, 32.0, 38.0, 34.0, 10.0, 37.0, 4.0, 13.0, 15.0]
[7.0, 16.0, 12.0, 16.0, 16.0, 24.0, 9.0, 12.0, 5.0, 23.0, 6.0, 32.0, 32.0, 30.0, 21.0, 3.0, 25.0, 32.0, 17.0, 19.0, 36.0, 25.0, 29.0, 20.0, 37.0, 29.0, 17.0, 3.0]
[3.5, 3.5, 2.5, 2.5, 3.5, 2.5, 2.5, 2.5, 5.0, 5.0, 9.0, 9.0, 3.0, 1.9999999999999998, 3.0, 3.0, 1.9999999999999998, 3.0, 3.0, 1.9999999999999998, 1.9999999999999998, 1.9999999999999998, 1.2, 1.9999999999999998, 1.2, 1.2, 1.9999999999999998, 1.9999999999999998]
[2.5, 2.5, 3.5, 3.5, 2.5, 3.5, 3.5, 3.5, 5.0, 5.0, 9.0, 9.0, 1.9999999999999998, 3.0, 1.9999999999999998, 1.9999999999999998, 3.0, 1.9999999999999998, 1.9999999999999998, 3.0, 1.2, 1.2, 1.9999999999999998, 1.2, 1.9999999999999998, 1.9999999999999998, 1.2, 1.2]
T = 0.011529215046068483	 step = 833
74.48000000000002
11.863573330965908
[15.0, 33.0, 18.0, 10.0, 17.0, 7.0, 9.0, 6.0, 22.0, 15.0, 32.0, 11.0, 24.0, 37.0, 30.0, 8.0, 30.0, 3.0, 27.0, 7.0, 32.0, 38.0, 34.0, 10.0, 37.0, 4.0, 13.0, 15.0]
[7.0, 16.0, 12.0, 16.0, 16.0, 24.0, 9.0, 12.0, 5.0, 23.0, 6.0, 32.0, 32.0, 30.0, 21.0, 3.0, 25.0, 32.0, 17.0, 19.0, 36.0, 25.0, 29.0, 21.0, 37.0, 29.0, 17.0, 3.0]
[3.5, 3.5, 2.5, 2.5, 3.5, 2.5, 2.5, 2.5, 5.0, 5.0, 9.0, 9.0, 3.0, 1.9999999999999998, 3.0, 3.0, 1.9999999999999998, 3.0, 3.0, 1.9999999999999998, 1.9999999999999998, 1.9999999999999998, 1.2, 1.9999999999999998, 1.2, 1.2, 1.9999999999999998, 1.9999999999999998]
[2.5, 2.5, 3.5, 3.5, 2.5, 3.5, 3.5, 3.5, 5.0, 5.0, 9.0, 9.0, 1.9999999999999998, 3.0, 1.9999999999999998, 1.9999999999999998, 3.0, 1.9999999999999998, 1.9999999999999998, 3.0, 1.2, 1.2, 1.9999999999999998, 1.2, 1.9999999999999998, 1.9999999999999998, 1.2, 1.2]
T = 0.011529215046068483	 step = 834
74.49000000000001
11.879198330965908
[15.0, 33.0, 18.0, 10.0, 17.0, 7.0, 9.0, 6.0, 22.0, 15.0, 32.0, 11.0, 24.0, 37.0, 30.0, 8.0, 30.0, 3.0, 27.0, 7.0, 32.0, 38.0, 34.0, 10.0, 37.0, 4.0, 13.0, 15.0]
[7.0, 16.0, 12.0, 16.0, 16.0, 24.0, 9.0, 12.0, 5.0, 23.0, 6.0, 32.0, 32.0, 30.0, 21.0, 3.0, 25.0, 32.0, 17.0, 19.0, 36.0, 25.0, 29.0, 21.0, 37.0, 28.0, 17.0, 3.0]
[3.5, 3.5, 2.5, 2.5, 3.5, 2.5, 2.5, 2.5, 5.0, 5.0, 9.0, 9.0, 3.0, 1.9999999999999998, 3.0, 3.0, 1.9999999999999998, 3.0, 3.0, 1.9999999999999998, 1.9999999999999998, 1.9999999999999998, 1.2, 1.9999999999999998, 1.2, 1.2, 1.9999999999999998, 1.9999999999999998]
[2.5, 2.5, 3.5, 3.5, 2.5, 3.5, 3.5, 3.5, 5.0, 5.0, 9.0, 9.0, 1.9999999999999998, 3.0, 1.9999999999999998, 1.9999999999999998, 3.0, 1.9999999999999998, 1.9999999999999998, 3.0, 1.2, 1.2, 1.9999999999999998, 1.2, 1.9999999999999998, 1.9999999999999998, 1.2, 1.2]
T = 0.011529215046068483	 step = 835
74.49000000000001
11.863573330965908
[15.0, 33.0, 18.0, 10.0, 17.0, 7.0, 9.0, 6.0, 22.0, 15.0, 32.0, 11.0, 24.0, 37.0, 30.0, 8.0, 30.0, 3.0, 27.0, 7.0, 31.0, 38.0, 34.0, 10.0, 37.0, 4.0, 13.0, 15.0]
[7.0, 16.0, 12.0, 16.0, 16.0, 24.0, 9.0, 12.0, 5.0, 23.0, 6.0, 32.0, 32.0, 30.0, 21.0, 3.0, 25.0, 32.0, 17.0, 19.0, 36.0, 25.0, 29.0, 21.0, 37.0, 28.0, 17.0, 3.0]
[3.5, 3.5, 2.5, 2.5, 3.5, 2.5, 2.5, 2.5, 5.0, 5.0, 9.0, 9.0, 3.0, 1.9999999999999998, 3.0, 3.0, 1.9999999999999998, 3.0, 3.0, 1.9999999999999998, 1.9999999999999998, 1.9999999999999998, 1.2, 1.9999999999999998, 1.2, 1.2, 1.9999999999999998, 1.9999999999999998]
[2.5, 2.5, 3.5, 3.5, 2.5, 3.5, 3.5, 3.5, 5.0, 5.0, 9.0, 9.0, 1.9999999999999998, 3.0, 1.9999999999999998, 1.9999999999999998, 3.0, 1.9999999999999998, 1.9999999999999998, 3.0, 1.2, 1.2, 1.9999999999999998, 1.2, 1.9999999999999998, 1.9999999999999998, 1.2, 1.2]
T = 0.011529215046068483	 step = 836
74.5
11.879198330965908
[15.0, 33.0, 18.0, 10.0, 17.0, 7.0, 9.0, 6.0, 22.0, 15.0, 32.0, 11.0, 24.0, 37.0, 30.0, 8.0, 30.0, 3.0, 27.0, 7.0, 31.0, 38.0, 34.0, 10.0, 37.0, 4.0, 13.0, 15.0]
[7.0, 16.0, 12.0, 16.0, 16.0, 24.0, 9.0, 12.0, 5.0, 23.0, 6.0, 32.0, 32.0, 30.0, 21.0, 3.0, 25.0, 32.0, 17.0, 19.0, 36.0, 25.0, 29.0, 21.0, 37.0, 27.0, 17.0, 3.0]
[3.5, 3.5, 2.5, 2.5, 3.5, 2.5, 2.5, 2.5, 5.0, 5.0, 9.0, 9.0, 3.0, 1.9999999999999998, 3.0, 3.0, 1.9999999999999998, 3.0, 3.0, 1.9999999999999998, 1.9999999999999998, 1.9999999999999998, 1.2, 1.9999999999999998, 1.2, 1.2, 1.9999999999999998, 1.9999999999999998]
[2.5, 2.5, 3.5, 3.5, 2.5, 3.5, 3.5, 3.5, 5.0, 5.0, 9.0, 9.0, 1.9999999999999998, 3.0, 1.9999999999999998, 1.9999999999999998, 3.0, 1.9999999999999998, 1.9999999999999998, 3.0, 1.2, 1.2, 1.9999999999999998, 1.2, 1.9999999999999998, 1.9999999999999998, 1.2, 1.2]
T = 0.011529215046068483	 step = 837
74.46000000000004
11.92923029119318
[15.0, 33.0, 18.0, 10.0, 17.0, 7.0, 9.0, 6.0, 22.0, 15.0, 32.0, 11.0, 24.0, 37.0, 30.0, 8.0, 30.0, 3.0, 27.0, 7.0, 31.0, 38.0, 34.0, 10.0, 37.0, 4.0, 13.0, 15.0]
[6.0, 16.0, 12.0, 16.0, 16.0, 24.0, 9.0, 12.0, 5.0, 23.0, 6.0, 32.0, 32.0, 30.0, 21.0, 3.0, 25.0, 32.0, 17.0, 19.0, 36.0, 25.0, 29.0, 21.0, 37.0, 27.0, 17.0, 3.0]
[3.5, 3.5, 2.5, 2.5, 3.5, 2.5, 2.5, 2.5, 5.0, 5.0, 9.0, 9.0, 3.0, 1.9999999999999998, 3.0, 3.0, 1.9999999999999998, 3.0, 3.0, 1.9999999999999998, 1.9999999999999998, 1.9999999999999998, 1.2, 1.9999999999999998, 1.2, 1.2, 1.9999999999999998, 1.9999999999999998]
[2.5, 2.5, 3.5, 3.5, 2.5, 3.5, 3.5, 3.5, 5.0, 5.0, 9.0, 9.0, 1.9999999999999998, 3.0, 1.9999999999999998, 1.9999999999999998, 3.0, 1.9999999999999998, 1.9999999999999998, 3.0, 1.2, 1.2, 1.9999999999999998, 1.2, 1.9999999999999998, 1.9999999999999998, 1.2, 1.2]
T = 0.011529215046068483	 step = 838
74.51000000000005
11.879198330965908
[15.0, 33.0, 18.0, 10.0, 17.0, 7.0, 9.0, 6.0, 22.0, 15.0, 32.0, 11.0, 23.0, 37.0, 30.0, 8.0, 30.0, 3.0, 27.0, 7.0, 31.0, 38.0, 34.0, 10.0, 37.0, 4.0, 13.0, 15.0]
[7.0, 16.0, 12.0, 16.0, 16.0, 24.0, 9.0, 12.0, 5.0, 23.0, 6.0, 32.0, 32.0, 30.0, 21.0, 3.0, 25.0, 32.0, 17.0, 19.0, 36.0, 25.0, 29.0, 21.0, 37.0, 27.0, 17.0, 3.0]
[3.5, 3.5, 2.5, 2.5, 3.5, 2.5, 2.5, 2.5, 5.0, 5.0, 9.0, 9.0, 3.0, 1.9999999999999998, 3.0, 3.0, 1.9999999999999998, 3.0, 3.0, 1.9999999999999998, 1.9999999999999998, 1.9999999999999998, 1.2, 1.9999999999999998, 1.2, 1.2, 1.9999999999999998, 1.9999999999999998]
[2.5, 2.5, 3.5, 3.5, 2.5, 3.5, 3.5, 3.5, 5.0, 5.0, 9.0, 9.0, 1.9999999999999998, 3.0, 1.9999999999999998, 1.9999999999999998, 3.0, 1.9999999999999998, 1.9999999999999998, 3.0, 1.2, 1.2, 1.9999999999999998, 1.2, 1.9999999999999998, 1.9999999999999998, 1.2, 1.2]
T = 0.011529215046068483	 step = 839
74.53000000000003
11.933851207386361
[15.0, 33.0, 18.0, 10.0, 17.0, 7.0, 9.0, 6.0, 22.0, 15.0, 32.0, 11.0, 23.0, 37.0, 30.0, 8.0, 30.0, 3.0, 27.0, 7.0, 31.0, 38.0, 34.0, 10.0, 37.0, 4.0, 13.0, 15.0]
[7.0, 16.0, 12.0, 16.0, 16.0, 24.0, 9.0, 12.0, 5.0, 23.0, 7.0, 32.0, 32.0, 30.0, 21.0, 3.0, 25.0, 32.0, 17.0, 19.0, 36.0, 25.0, 29.0, 21.0, 37.0, 27.0, 17.0, 3.0]
[3.5, 3.5, 2.5, 2.5, 3.5, 2.5, 2.5, 2.5, 5.0, 5.0, 9.0, 9.0, 3.0, 1.9999999999999998, 3.0, 3.0, 1.9999999999999998, 3.0, 3.0, 1.9999999999999998, 1.9999999999999998, 1.9999999999999998, 1.2, 1.9999999999999998, 1.2, 1.2, 1.9999999999999998, 1.9999999999999998]
[2.5, 2.5, 3.5, 3.5, 2.5, 3.5, 3.5, 3.5, 5.0, 5.0, 9.0, 9.0, 1.9999999999999998, 3.0, 1.9999999999999998, 1.9999999999999998, 3.0, 1.9999999999999998, 1.9999999999999998, 3.0, 1.2, 1.2, 1.9999999999999998, 1.2, 1.9999999999999998, 1.9999999999999998, 1.2, 1.2]
T = 0.011529215046068483	 step = 840
74.5
11.894823330965908
[15.0, 33.0, 18.0, 10.0, 17.0, 7.0, 9.0, 6.0, 22.0, 15.0, 32.0, 11.0, 23.0, 37.0, 30.0, 8.0, 30.0, 3.0, 27.0, 7.0, 31.0, 38.0, 34.0, 10.0, 37.0, 4.0, 13.0, 15.0]
[7.0, 16.0, 12.0, 16.0, 16.0, 24.0, 9.0, 12.0, 5.0, 23.0, 6.0, 32.0, 32.0, 30.0, 21.0, 3.0, 25.0, 32.0, 17.0, 19.0, 36.0, 25.0, 29.0, 21.0, 38.0, 27.0, 17.0, 3.0]
[3.5, 3.5, 2.5, 2.5, 3.5, 2.5, 2.5, 2.5, 5.0, 5.0, 9.0, 9.0, 3.0, 1.9999999999999998, 3.0, 3.0, 1.9999999999999998, 3.0, 3.0, 1.9999999999999998, 1.9999999999999998, 1.9999999999999998, 1.2, 1.9999999999999998, 1.2, 1.2, 1.9999999999999998, 1.9999999999999998]
[2.5, 2.5, 3.5, 3.5, 2.5, 3.5, 3.5, 3.5, 5.0, 5.0, 9.0, 9.0, 1.9999999999999998, 3.0, 1.9999999999999998, 1.9999999999999998, 3.0, 1.9999999999999998, 1.9999999999999998, 3.0, 1.2, 1.2, 1.9999999999999998, 1.2, 1.9999999999999998, 1.9999999999999998, 1.2, 1.2]
T = 0.011529215046068483	 step = 841
74.51000000000005
11.863573330965908
[15.0, 33.0, 18.0, 10.0, 17.0, 7.0, 9.0, 6.0, 22.0, 15.0, 32.0, 11.0, 23.0, 37.0, 30.0, 8.0, 30.0, 3.0, 27.0, 7.0, 31.0, 38.0, 34.0, 10.0, 37.0, 4.0, 13.0, 14.0]
[7.0, 16.0, 12.0, 16.0, 16.0, 24.0, 9.0, 12.0, 5.0, 23.0, 6.0, 32.0, 32.0, 30.0, 21.0, 3.0, 25.0, 32.0, 17.0, 19.0, 36.0, 25.0, 29.0, 21.0, 37.0, 27.0, 17.0, 3.0]
[3.5, 3.5, 2.5, 2.5, 3.5, 2.5, 2.5, 2.5, 5.0, 5.0, 9.0, 9.0, 3.0, 1.9999999999999998, 3.0, 3.0, 1.9999999999999998, 3.0, 3.0, 1.9999999999999998, 1.9999999999999998, 1.9999999999999998, 1.2, 1.9999999999999998, 1.2, 1.2, 1.9999999999999998, 1.9999999999999998]
[2.5, 2.5, 3.5, 3.5, 2.5, 3.5, 3.5, 3.5, 5.0, 5.0, 9.0, 9.0, 1.9999999999999998, 3.0, 1.9999999999999998, 1.9999999999999998, 3.0, 1.9999999999999998, 1.9999999999999998, 3.0, 1.2, 1.2, 1.9999999999999998, 1.2, 1.9999999999999998, 1.9999999999999998, 1.2, 1.2]
